state,NomeEntidade,NumFistel,NumServico,NumAto,NumEstacao,EnderecoEstacao,EndComplemento,SiglaUf,CodMunicipio,DesignacaoEmissao,Tecnologia,tipoTecnologia,meioAcesso,FreqTxMHz,FreqRxMHz,Azimute,CodTipoClasseEstacao,ClassInfraFisica,CompartilhamentoInfraFisica,CodTipoAntena,CodEquipamentoAntena,GanhoAntena,FrenteCostaAntena,AnguloMeiaPotenciaAntena,AnguloElevacao,Polarizacao,AlturaAntena,CodEquipamentoTransmissor,PotenciaTransmissorWatts,Latitude,Longitude,CodDebitoTFI,DataLicenciamento,DataPrimeiroLicenciamento,NumRede,_id,DataValidade,NumFistelAssociado,NomeEntidadeAssociado,Municipio.NomeMunicipio
LIC-LIC-01,CLARO S.A.,50409889580,010,105752021,684705303,R MARQUÊS DO HERVAL,,RS,4314902,100MG7W,NR,SA-NSA,,3350,3350,245,FB,,,760,,23,25,13.5,-2,X,46,072212102519,200,-30.0219,-51.2013,G,2023-11-17,2004-09-24,,f578f5f8667076f7,2032-12-22,,,Porto Alegre
LIC-LIC-01,CLARO S.A.,50409889580,010,105752021,684705303,R MARQUÊS DO HERVAL,,RS,4314902,100MG7W,NR,SA-NSA,,3350,3350,330,FB,,,760,,23,25,13.5,-2,X,47.5,072212102519,200,-30.0219,-51.2013,G,2023-11-17,2004-09-24,,f578f5f8667076f8,2032-12-22,,,Porto Alegre
LIC-LIC-01,CLARO S.A.,50409889580,010,105752021,684705303,R MARQUÊS DO HERVAL,,RS,4314902,100MG7W,NR,SA-NSA,,3350,3350,90,FB,,,760,,23,25,13.5,-2,X,47.5,072212102519,200,-30.0219,-51.2013,G,2023-11-17,2004-09-24,,f578f5f8667076f9,2032-12-22,,,Porto Alegre
LIC-LIC-01,CLARO S.A.,50409889580,010,105752021,405604653,R VINTE QUATRO DE OUTUBRO,,RS,4314902,100MG7W,NR,SA-NSA,,3350,3350,140,FB,,,760,,23,25,13.5,-3,X,43,072212102519,200,-30.0274,-51.2038,G,2024-08-28,2004-01-06,,f578f5f866707735,2041-12-08,,,Porto Alegre
LIC-LIC-01,CLARO S.A.,50409889580,010,105752021,405604653,R VINTE QUATRO DE OUTUBRO,,RS,4314902,100MG7W,NR,SA-NSA,,3350,3350,255,FB,,,760,,23,25,13.5,-3,X,43.5,072212102519,200,-30.0274,-51.2038,G,2024-08-28,2004-01-06,,f578f5f866707736,2041-12-08,,,Porto Alegre
LIC-LIC-01,CLARO S.A.,50409889580,010,105752021,405604653,R VINTE QUATRO DE OUTUBRO,,RS,4314902,100MG7W,NR,SA-NSA,,3350,3350,30,FB,,,760,,23,25,13.5,-5,X,43,072212102519,200,-30.0274,-51.2038,G,2024-08-28,2004-01-06,,f578f5f866707737,2041-12-08,,,Porto Alegre
LIC-LIC-01,CLARO S.A.,50409889580,010,105752021,699838274,R LUCIANA DE ABREU,,RS,4314902,100MG7W,NR,SA-NSA,,3350,3350,0,FB,,,760,,23,25,13.5,-3,X,26.5,072212102519,200,-30.02318,-51.20545,G,2023-11-17,2021-11-17,,f578f5f866707765,2032-12-22,,,Porto Alegre
LIC-LIC-01,CLARO S.A.,50409889580,010,105752021,699838274,R LUCIANA DE ABREU,,RS,4314902,100MG7W,NR,SA-NSA,,3350,3350,130,FB,,,760,,23,25,13.5,-3,X,28.5,072212102519,200,-30.02318,-51.20545,G,2023-11-17,2021-11-17,,f578f5f866707766,2032-12-22,,,Porto Alegre
LIC-LIC-01,CLARO S.A.,50409889580,010,105752021,699838274,R LUCIANA DE ABREU,,RS,4314902,100MG7W,NR,SA-NSA,,3350,3350,230,FB,,,760,,23,25,13.5,-3,X,26.5,072212102519,200,-30.02318,-51.20545,G,2023-11-17,2021-11-17,,f578f5f866707767,2032-12-22,,,Porto Alegre
LIC-LIC-01,CLARO S.A.,50409889580,010,105752021,405605897,RUA DOUTOR FREIRE ALEMÃO,,RS,4314902,100MG7W,NR,SA-NSA,,3350,3350,20,FB,,,760,,23,25,13.5,0,X,39.1,072212102519,200,-30.0238,-51.1923,G,2023-11-10,2021-11-17,,f578f5f86670779b,2041-12-08,,,Porto Alegre
LIC-LIC-01,CLARO S.A.,50409889580,010,105752021,405605897,RUA DOUTOR FREIRE ALEMÃO,,RS,4314902,100MG7W,NR,SA-NSA,,3350,3350,130,FB,,,760,,23,25,13.5,0,X,39.1,072212102519,200,-30.0238,-51.1923,G,2023-11-10,2021-11-17,,f578f5f86670779c,2041-12-08,,,Porto Alegre
LIC-LIC-01,CLARO S.A.,50409889580,010,105752021,405605897,RUA DOUTOR FREIRE ALEMÃO,,RS,4314902,100MG7W,NR,SA-NSA,,3350,3350,230,FB,,,760,,23,25,13.5,0,X,39.1,072212102519,200,-30.0238,-51.1923,G,2023-11-10,2021-11-17,,f578f5f86670779d,2041-12-08,,,Porto Alegre
LIC-LIC-01,CLARO S.A.,50409889580,010,105752021,684923319,PRAÇA ALBERTO RAMOS,,RS,4314902,100MG7W,NR,SA-NSA,,3350,3350,20,FB,,,760,,23,25,13.5,-7,X,35,072212102519,200,-30.0209,-51.1833,G,2023-11-10,2004-12-28,,f578f5f8667077ce,2041-12-08,,,Porto Alegre
LIC-LIC-01,CLARO S.A.,50409889580,010,105752021,684923319,PRAÇA ALBERTO RAMOS,,RS,4314902,100MG7W,NR,SA-NSA,,3350,3350,105,FB,,,760,,23,25,13.5,-7,X,35,072212102519,200,-30.0209,-51.1833,G,2023-11-10,2004-12-28,,f578f5f8667077cf,2041-12-08,,,Porto Alegre
LIC-LIC-01,CLARO S.A.,50409889580,010,105752021,684923319,PRAÇA ALBERTO RAMOS,,RS,4314902,100MG7W,NR,SA-NSA,,3350,3350,230,FB,,,760,,23,25,13.5,-6,X,35,072212102519,200,-30.0209,-51.1833,G,2023-11-10,2004-12-28,,f578f5f8667077d0,2041-12-08,,,Porto Alegre
LIC-LIC-01,CLARO S.A.,50409889580,010,105752021,684715015,RUA CABRAL,,RS,4314902,100MG7W,NR,SA-NSA,,3350,3350,0,FB,,,760,,23,25,13.5,0,X,27,072212102519,200,-30.0343,-51.2,G,2023-11-10,2021-11-10,,f578f5f866707807,2041-12-08,,,Porto Alegre
LIC-LIC-01,CLARO S.A.,50409889580,010,105752021,684715015,RUA CABRAL,,RS,4314902,100MG7W,NR,SA-NSA,,3350,3350,130,FB,,,760,,23,25,13.5,0,X,31.5,072212102519,200,-30.0343,-51.2,G,2023-11-10,2021-11-10,,f578f5f866707808,2041-12-08,,,Porto Alegre
LIC-LIC-01,CLARO S.A.,50409889580,010,105752021,684715015,RUA CABRAL,,RS,4314902,100MG7W,NR,SA-NSA,,3350,3350,310,FB,,,760,,23,25,13.5,0,X,27,072212102519,200,-30.0343,-51.2,G,2023-11-10,2021-11-10,,f578f5f866707809,2041-12-08,,,Porto Alegre
LIC-LIC-01,CLARO S.A.,50409889580,010,105752021,684745372,AVENIDA MARILAND,,RS,4314902,100MG7W,NR,SA-NSA,,3350,3350,30,FB,,,760,,23,25,13.5,0,X,28.5,072212102519,200,-30.0299,-51.1932,G,2023-11-10,2004-09-24,,f578f5f866707837,2041-12-08,,,Porto Alegre
LIC-LIC-01,CLARO S.A.,50409889580,010,105752021,684745372,AVENIDA MARILAND,,RS,4314902,100MG7W,NR,SA-NSA,,3350,3350,160,FB,,,760,,24.9,25,13.5,0,X,28.5,102792102519,204,-30.0299,-51.1932,G,2023-11-10,2004-09-24,,f578f5f866707838,2041-12-08,,,Porto Alegre
LIC-LIC-01,CLARO S.A.,50409889580,010,105752021,684745372,AVENIDA MARILAND,,RS,4314902,100MG7W,NR,SA-NSA,,3350,3350,300,FB,,,760,,23,25,13.5,0,X,28.5,072212102519,200,-30.0299,-51.1932,G,2023-11-10,2004-09-24,,f578f5f866707839,2041-12-08,,,Porto Alegre
LIC-LIC-01,CLARO S.A.,50409889580,010,105752021,684175096,AV CARLOS GOMES,,RS,4314902,100MG7W,NR,SA-NSA,,3350,3350,60,FB,,,760,,23,25,13.5,-4,X,33,072212102519,200,-30.0304,-51.1811,G,2024-03-15,2004-02-13,,f578f5f866707864,2041-12-08,,,Porto Alegre
LIC-LIC-01,CLARO S.A.,50409889580,010,105752021,684175096,AV CARLOS GOMES,,RS,4314902,100MG7W,NR,SA-NSA,,3350,3350,130,FB,,,760,,23,25,13.5,-2,X,37,072212102519,200,-30.0304,-51.1811,G,2024-03-15,2004-02-13,,f578f5f866707865,2041-12-08,,,Porto Alegre
LIC-LIC-01,CLARO S.A.,50409889580,010,105752021,684175096,AV CARLOS GOMES,,RS,4314902,100MG7W,NR,SA-NSA,,3350,3350,230,FB,,,760,,24.9,25,13.5,0,X,37,102792102519,204,-30.0304,-51.1811,G,2024-03-15,2004-02-13,,f578f5f866707866,2041-12-08,,,Porto Alegre
LIC-LIC-01,CLARO S.A.,50409889580,010,105752021,684714868,RUA CASEMIRO DE ABREU,,RS,4314902,100MG7W,NR,SA-NSA,,3350,3350,40,FB,,,760,,24.9,25,13.5,-2,X,34,102792102519,204,-30.0339,-51.1897,G,2023-11-10,2021-11-10,,f578f5f8667078bf,2041-12-08,,,Porto Alegre
LIC-LIC-01,CLARO S.A.,50409889580,010,105752021,684714868,RUA CASEMIRO DE ABREU,,RS,4314902,100MG7W,NR,SA-NSA,,3350,3350,120,FB,,,760,,24.9,25,13.5,-2,X,34,102792102519,204,-30.0339,-51.1897,G,2023-11-10,2021-11-10,,f578f5f8667078c0,2041-12-08,,,Porto Alegre
LIC-LIC-01,CLARO S.A.,50409889580,010,105752021,684714868,RUA CASEMIRO DE ABREU,,RS,4314902,100MG7W,NR,SA-NSA,,3350,3350,210,FB,,,760,,24.9,25,13.5,-2,X,34,102792102519,204,-30.0339,-51.1897,G,2023-11-10,2021-11-10,,f578f5f8667078c1,2041-12-08,,,Porto Alegre
LIC-LIC-01,CLARO S.A.,50409889580,010,105752021,405605943,RUA PASSO DA PÁTRIA,DE FRENTE AO Nº 540,RS,4314902,100MG7W,NR,SA-NSA,,3350,3350,40,FB,,,760,,23,25,13.5,-2,X,38,072212102519,200,-30.03786,-51.18997,G,2023-11-10,1999-05-25,,f578f5f8667078e9,2041-12-08,,,Porto Alegre
LIC-LIC-01,CLARO S.A.,50409889580,010,105752021,405605943,RUA PASSO DA PÁTRIA,DE FRENTE AO Nº 540,RS,4314902,100MG7W,NR,SA-NSA,,3350,3350,120,FB,,,760,,23,25,13.5,-2,X,42,072212102519,200,-30.03786,-51.18997,G,2023-11-10,1999-05-25,,f578f5f8667078ea,2041-12-08,,,Porto Alegre
LIC-LIC-01,CLARO S.A.,50409889580,010,105752021,405605943,RUA PASSO DA PÁTRIA,DE FRENTE AO Nº 540,RS,4314902,100MG7W,NR,SA-NSA,,3350,3350,260,FB,,,760,,23,25,13.5,-2,X,42,072212102519,200,-30.03786,-51.18997,G,2023-11-10,1999-05-25,,f578f5f8667078eb,2041-12-08,,,Porto Alegre
LIC-LIC-01,CLARO S.A.,50409889580,010,105752021,405605951,AVENIDA CARLOS GOMES,,RS,4314902,100MG7W,NR,SA-NSA,,3350,3350,20,FB,,,760,,23,25,13.5,-5,X,38,072212102519,200,-30.03584,-51.17711,G,2023-11-10,2021-11-10,,f578f5f86670791f,2041-12-08,,,Porto Alegre
LIC-LIC-01,CLARO S.A.,50409889580,010,105752021,405605951,AVENIDA CARLOS GOMES,,RS,4314902,100MG7W,NR,SA-NSA,,3350,3350,160,FB,,,760,,23,25,13.5,-6,X,38,072212102519,200,-30.03584,-51.17711,G,2023-11-10,2021-11-10,,f578f5f866707920,2041-12-08,,,Porto Alegre
LIC-LIC-01,CLARO S.A.,50409889580,010,105752021,405605951,AVENIDA CARLOS GOMES,,RS,4314902,100MG7W,NR,SA-NSA,,3350,3350,300,FB,,,760,,23,25,13.5,-5,X,38,072212102519,200,-30.03584,-51.17711,G,2023-11-10,2021-11-10,,f578f5f866707921,2041-12-08,,,Porto Alegre
LIC-LIC-01,CLARO S.A.,50409889580,010,105752021,684924200,AV PROTÁSIO ALVES,,RS,4314902,100MG7W,NR,SA-NSA,,3350,3350,110,FB,,,760,,23,25,13.5,-2,X,36.5,072212102519,200,-30.0411,-51.1684,G,2023-11-10,2004-12-28,,f578f5f866707946,2032-12-22,,,Porto Alegre
LIC-LIC-01,CLARO S.A.,50409889580,010,105752021,684924200,AV PROTÁSIO ALVES,,RS,4314902,100MG7W,NR,SA-NSA,,3350,3350,290,FB,,,760,,23,25,13.5,0,X,36.5,072212102519,200,-30.0411,-51.1684,G,2023-11-10,2004-12-28,,f578f5f866707947,2032-12-22,,,Porto Alegre
LIC-LIC-01,CLARO S.A.,50409889580,010,105752021,684924200,AV PROTÁSIO ALVES,,RS,4314902,100MG7W,NR,SA-NSA,,3350,3350,30,FB,,,760,,23,25,13.5,0,X,36.5,072212102519,200,-30.0411,-51.1684,G,2023-11-10,2004-12-28,,f578f5f866707948,2032-12-22,,,Porto Alegre
LIC-LIC-01,CLARO S.A.,50409889580,010,105752021,684756021,AV PROTASIO ALVES,,RS,4314902,100MG7W,NR,SA-NSA,,3350,3350,40,FB,,,760,,23,25,13.5,-3,X,32,072212102519,200,-30.0427,-51.17951,G,2024-06-05,2021-11-10,,f578f5f86670796e,2041-12-08,,,Porto Alegre
LIC-LIC-01,CLARO S.A.,50409889580,010,105752021,684756021,AV PROTASIO ALVES,,RS,4314902,100MG7W,NR,SA-NSA,,3350,3350,145,FB,,,760,,23,25,13.5,-3,X,32,072212102519,200,-30.0427,-51.17951,G,2024-06-05,2021-11-10,,f578f5f86670796f,2041-12-08,,,Porto Alegre
LIC-LIC-01,CLARO S.A.,50409889580,010,105752021,684756021,AV PROTASIO ALVES,,RS,4314902,100MG7W,NR,SA-NSA,,3350,3350,280,FB,,,760,,23,25,13.5,-3,X,32,072212102519,200,-30.0427,-51.17951,G,2024-06-05,2021-11-10,,f578f5f866707970,2041-12-08,,,Porto Alegre
LIC-LIC-01,CLARO S.A.,50409889580,010,105752021,690969627,RUA FELICÍSSIMO DE AZEVEDO,,RS,4314902,100MG7W,NR,SA-NSA,,3350,3350,15,FB,,,760,,23,25,13.5,-1,X,35,072212102519,200,-30.0199,-51.1882,G,2023-11-10,2008-12-05,,f578f5f8667079a8,2041-12-08,,,Porto Alegre
LIC-LIC-01,CLARO S.A.,50409889580,010,105752021,690969627,RUA FELICÍSSIMO DE AZEVEDO,,RS,4314902,100MG7W,NR,SA-NSA,,3350,3350,145,FB,,,760,,23,25,13.5,0,X,35,072212102519,200,-30.0199,-51.1882,G,2023-11-10,2008-12-05,,f578f5f8667079a9,2041-12-08,,,Porto Alegre
LIC-LIC-01,CLARO S.A.,50409889580,010,105752021,690969627,RUA FELICÍSSIMO DE AZEVEDO,,RS,4314902,100MG7W,NR,SA-NSA,,3350,3350,260,FB,,,760,,23,25,13.5,0,X,35,072212102519,200,-30.0199,-51.1882,G,2023-11-10,2008-12-05,,f578f5f8667079aa,2041-12-08,,,Porto Alegre
LIC-LIC-01,CLARO S.A.,50409889580,010,105752021,690761376,AVENIDA ENCANTADO,,RS,4314902,100MG7W,NR,SA-NSA,,3350,3350,70,FB,,,760,,23,25,13.5,-1,X,34,072212102519,200,-30.03811,-51.1818,G,2023-11-10,2008-11-04,,f578f5f8667079e4,2041-12-08,,,Porto Alegre
LIC-LIC-01,CLARO S.A.,50409889580,010,105752021,690761376,AVENIDA ENCANTADO,,RS,4314902,100MG7W,NR,SA-NSA,,3350,3350,190,FB,,,760,,23,25,13.5,-2,X,34,072212102519,200,-30.03811,-51.1818,G,2023-11-10,2008-11-04,,f578f5f8667079e5,2041-12-08,,,Porto Alegre
LIC-LIC-01,CLARO S.A.,50409889580,010,105752021,690761376,AVENIDA ENCANTADO,,RS,4314902,100MG7W,NR,SA-NSA,,3350,3350,310,FB,,,760,,23,25,13.5,-2,X,34,072212102519,200,-30.03811,-51.1818,G,2023-11-10,2008-11-04,,f578f5f8667079e6,2041-12-08,,,Porto Alegre
LIC-LIC-01,CLARO S.A.,50409889580,010,105752021,690851294,RUA QUINTINO BOCAÍUVA,,RS,4314902,100MG7W,NR,SA-NSA,,3350,3350,0,FB,,,760,,23,25,13.5,-2,X,33,072212102519,200,-30.0257,-51.1976,G,2023-11-10,2008-11-26,,f578f5f866707a17,2041-12-08,,,Porto Alegre
LIC-LIC-01,CLARO S.A.,50409889580,010,105752021,690851294,RUA QUINTINO BOCAÍUVA,,RS,4314902,100MG7W,NR,SA-NSA,,3350,3350,125,FB,,,760,,23,25,13.5,0,X,40,072212102519,200,-30.0257,-51.1976,G,2023-11-10,2008-11-26,,f578f5f866707a18,2041-12-08,,,Porto Alegre
LIC-LIC-01,CLARO S.A.,50409889580,010,105752021,689809182,R COMENDADOR RHEINGANTZ,,RS,4314902,100MG7W,NR,SA-NSA,,3350,3350,340,FB,,,760,,23,25,13.5,0,X,29.8,072212102519,200,-30.0267,-51.18651,G,2024-06-18,2007-11-14,,f578f5f866707a3f,2041-12-08,,,Porto Alegre
LIC-LIC-01,CLARO S.A.,50409889580,010,105752021,689809182,R COMENDADOR RHEINGANTZ,,RS,4314902,100MG7W,NR,SA-NSA,,3350,3350,100,FB,,,760,,24.9,25,13.5,0,X,29.8,102792102519,204,-30.0267,-51.18651,G,2024-06-18,2007-11-14,,f578f5f866707a40,2041-12-08,,,Porto Alegre
LIC-LIC-01,CLARO S.A.,50409889580,010,105752021,689809182,R COMENDADOR RHEINGANTZ,,RS,4314902,100MG7W,NR,SA-NSA,,3350,3350,220,FB,,,760,,23,25,13.5,0,X,29.8,072212102519,200,-30.0267,-51.18651,G,2024-06-18,2007-11-14,,f578f5f866707a41,2041-12-08,,,Porto Alegre
LIC-LIC-01,CLARO S.A.,50409889580,010,105752021,690761449,AVENIDA CARLOS GOMES,,RS,4314902,100MG7W,NR,SA-NSA,,3350,3350,0,FB,,,760,,24.9,25,13.5,-5,X,38.5,102792102519,204,-30.0271,-51.1825,G,2023-11-10,2021-11-17,,f578f5f866707a81,2041-12-08,,,Porto Alegre
LIC-LIC-01,CLARO S.A.,50409889580,010,105752021,690761449,AVENIDA CARLOS GOMES,,RS,4314902,100MG7W,NR,SA-NSA,,3350,3350,80,FB,,,760,,23,25,13.5,-5,X,35.5,072212102519,200,-30.0271,-51.1825,G,2023-11-10,2021-11-17,,f578f5f866707a82,2041-12-08,,,Porto Alegre
LIC-LIC-01,CLARO S.A.,50409889580,010,105752021,690761449,AVENIDA CARLOS GOMES,,RS,4314902,100MG7W,NR,SA-NSA,,3350,3350,200,FB,,,760,,23,25,13.5,-4,X,35.5,072212102519,200,-30.0271,-51.1825,G,2023-11-10,2021-11-17,,f578f5f866707a83,2041-12-08,,,Porto Alegre
LIC-LIC-01,CLARO S.A.,50409889580,010,105752021,405605900,RUA ANITA GARIBALDI,COND. VIVENDAS DOS SALGUEIROS,RS,4314902,100MG7W,NR,SA-NSA,,3350,3350,30,FB,,,760,,23,25,13.5,-2,X,36,072212102519,200,-30.0219,-51.1722,G,2023-11-10,2021-11-17,,f578f5f866707ab1,2041-12-08,,,Porto Alegre
LIC-LIC-01,CLARO S.A.,50409889580,010,105752021,405605900,RUA ANITA GARIBALDI,COND. VIVENDAS DOS SALGUEIROS,RS,4314902,100MG7W,NR,SA-NSA,,3350,3350,200,FB,,,760,,23,25,13.5,-3,X,36,072212102519,200,-30.0219,-51.1722,G,2023-11-10,2021-11-17,,f578f5f866707ab2,2041-12-08,,,Porto Alegre
LIC-LIC-01,CLARO S.A.,50409889580,010,105752021,405605900,RUA ANITA GARIBALDI,COND. VIVENDAS DOS SALGUEIROS,RS,4314902,100MG7W,NR,SA-NSA,,3350,3350,280,FB,,,760,,23,25,13.5,-2,X,36,072212102519,200,-30.0219,-51.1722,G,2023-11-10,2021-11-17,,f578f5f866707ab3,2041-12-08,,,Porto Alegre
LIC-LIC-01,CLARO S.A.,50409889580,010,105752021,1005528656,R ALMIRANTE ABREU,,RS,4314902,100MG7W,NR,SA-NSA,,3350,3350,30,FB,,,760,,23,25,13.5,-3,X,38,072212102519,200,-30.03124,-51.19816,G,2024-04-17,2017-12-29,,f578f5f866707ada,2041-12-08,,,Porto Alegre
LIC-LIC-01,CLARO S.A.,50409889580,010,105752021,1005215453,R CORONEL LUCAS DE OLIVEIRA,,RS,4314902,100MG7W,NR,SA-NSA,,3350,3350,10,FB,,,760,,23,25,13.5,-2,X,45,072212102519,200,-30.03718,-51.19411,G,2023-11-10,2017-10-02,,f578f5f866707b05,2032-12-22,,,Porto Alegre
LIC-LIC-01,CLARO S.A.,50409889580,010,105752021,1005215453,R CORONEL LUCAS DE OLIVEIRA,,RS,4314902,100MG7W,NR,SA-NSA,,3350,3350,180,FB,,,760,,23,25,13.5,-2,X,45,072212102519,200,-30.03718,-51.19411,G,2023-11-10,2017-10-02,,f578f5f866707b06,2032-12-22,,,Porto Alegre
LIC-LIC-01,CLARO S.A.,50409889580,010,105752021,1005215453,R CORONEL LUCAS DE OLIVEIRA,,RS,4314902,100MG7W,NR,SA-NSA,,3350,3350,270,FB,,,760,,23,25,13.5,-2,X,45,072212102519,200,-30.03718,-51.19411,G,2023-11-10,2017-10-02,,f578f5f866707b07,2032-12-22,,,Porto Alegre
LIC-LIC-01,CLARO S.A.,50409889580,010,105752021,405605803,AV PARANÁ,,RS,4314902,100MG7W,NR,SA-NSA,,3350,3350,160,FB,,,760,,23,25,13.5,-2,X,36,072212102519,200,-30.01646,-51.19836,G,2023-11-17,2004-01-06,,f578f5f866707b35,2032-12-22,,,Porto Alegre
LIC-LIC-01,CLARO S.A.,50409889580,010,105752021,405605803,AV PARANÁ,,RS,4314902,100MG7W,NR,SA-NSA,,3350,3350,250,FB,,,760,,23,25,13.5,-2,X,36,072212102519,200,-30.01646,-51.19836,G,2023-11-17,2004-01-06,,f578f5f866707b36,2032-12-22,,,Porto Alegre
LIC-LIC-01,CLARO S.A.,50409889580,010,105752021,405605803,AV PARANÁ,,RS,4314902,100MG7W,NR,SA-NSA,,3350,3350,30,FB,,,760,,23,25,13.5,-2,X,36,072212102519,200,-30.01646,-51.19836,G,2023-11-17,2004-01-06,,f578f5f866707b37,2032-12-22,,,Porto Alegre
LIC-LIC-01,CLARO S.A.,50409889580,010,105752021,405605870,R DOM PEDRO II,,RS,4314902,100MG7W,NR,SA-NSA,,3350,3350,15,FB,,,760,,23,25,13.5,-3,X,35.5,072212102519,200,-30.01491,-51.18728,G,2024-04-04,2004-02-13,,f578f5f866707b68,2041-12-08,,,Porto Alegre
LIC-LIC-01,CLARO S.A.,50409889580,010,105752021,405605870,R DOM PEDRO II,,RS,4314902,100MG7W,NR,SA-NSA,,3350,3350,150,FB,,,760,,23,25,13.5,-2,X,35.5,072212102519,200,-30.01491,-51.18728,G,2024-04-04,2004-02-13,,f578f5f866707b69,2041-12-08,,,Porto Alegre
LIC-LIC-01,CLARO S.A.,50409889580,010,105752021,405605870,R DOM PEDRO II,,RS,4314902,100MG7W,NR,SA-NSA,,3350,3350,280,FB,,,760,,23,25,13.5,-3,X,35.5,072212102519,200,-30.01491,-51.18728,G,2024-04-04,2004-02-13,,f578f5f866707b6a,2041-12-08,,,Porto Alegre
LIC-LIC-01,CLARO S.A.,50409889580,010,105752021,1005528672,RUA LUIZ VOELCKER,,RS,4314902,100MG7W,NR,SA-NSA,,3350,3350,165,FB,,,760,,23,25,13.5,-1,X,28.5,072212102519,200,-30.03465,-51.16549,G,2023-11-17,2017-12-29,,f578f5f866707b8d,2041-12-08,,,Porto Alegre
LIC-LIC-01,CLARO S.A.,50409889580,010,105752021,1005528672,RUA LUIZ VOELCKER,,RS,4314902,100MG7W,NR,SA-NSA,,3350,3350,280,FB,,,760,,23,25,13.5,-2,X,28.5,072212102519,200,-30.03465,-51.16549,G,2023-11-17,2017-12-29,,f578f5f866707b8e,2041-12-08,,,Porto Alegre
LIC-LIC-01,CLARO S.A.,50409889580,010,105752021,1009470784,AVENIDA DOUTOR NILO PECANHA,,RS,4314902,100MG7W,NR,SA-NSA,,3350,3350,30,FB,,,760,,23,25,13.5,0,X,58,072212102519,200,-30.02836,-51.16279,G,2023-11-17,2021-11-17,,f578f5f866707bb9,2041-12-08,,,Porto Alegre
LIC-LIC-01,CLARO S.A.,50409889580,010,105752021,1009470784,AVENIDA DOUTOR NILO PECANHA,,RS,4314902,100MG7W,NR,SA-NSA,,3350,3350,110,FB,,,760,,23,25,13.5,-2,X,58,072212102519,200,-30.02836,-51.16279,G,2023-11-17,2021-11-17,,f578f5f866707bba,2041-12-08,,,Porto Alegre
LIC-LIC-01,CLARO S.A.,50409889580,010,105752021,1009470784,AVENIDA DOUTOR NILO PECANHA,,RS,4314902,100MG7W,NR,SA-NSA,,3350,3350,180,FB,,,760,,23,25,13.5,0,X,58,072212102519,200,-30.02836,-51.16279,G,2023-11-17,2021-11-17,,f578f5f866707bbb,2041-12-08,,,Porto Alegre
LIC-LIC-01,CLARO S.A.,50409889580,010,105752021,1005589884,R RUA LUZITANA,,RS,4314902,100MG7W,NR,SA-NSA,,3350,3350,180,FB,,,760,,23,25,13.5,0,X,24,072212102519,200,-30.01372,-51.18386,G,2023-11-17,2021-11-10,,f578f5f866707be4,2032-12-22,,,Porto Alegre
LIC-LIC-01,CLARO S.A.,50409889580,010,105752021,1005589884,R RUA LUZITANA,,RS,4314902,100MG7W,NR,SA-NSA,,3350,3350,300,FB,,,760,,23,25,13.5,0,X,24,072212102519,200,-30.01372,-51.18386,G,2023-11-17,2021-11-10,,f578f5f866707be5,2032-12-22,,,Porto Alegre
LIC-LIC-01,CLARO S.A.,50409889580,010,105752021,1007726870,R GUTEMBERG,EV CELLPOSTE,RS,4314902,100MG7W,NR,SA-NSA,,3350,3350,210,FB,,,760,,23,25,13.5,0,X,18,072212102519,200,-30.04,-51.17317,G,2023-11-17,2018-12-04,,f578f5f866707c0a,2032-12-22,,,Porto Alegre
LIC-LIC-01,CLARO S.A.,50409889580,010,105752021,1007726870,R GUTEMBERG,EV CELLPOSTE,RS,4314902,100MG7W,NR,SA-NSA,,3350,3350,340,FB,,,760,,23,25,13.5,0,X,18,072212102519,200,-30.04,-51.17317,G,2023-11-17,2018-12-04,,f578f5f866707c0b,2032-12-22,,,Porto Alegre
LIC-LIC-01,CLARO S.A.,50409889580,010,105752021,1007726870,R GUTEMBERG,EV CELLPOSTE,RS,4314902,100MG7W,NR,SA-NSA,,3350,3350,90,FB,,,760,,23,25,13.5,0,X,18,072212102519,200,-30.04,-51.17317,G,2023-11-17,2018-12-04,,f578f5f866707c0c,2032-12-22,,,Porto Alegre
LIC-LIC-01,CLARO S.A.,50409889580,010,105752021,1005528680,RUA CIPÓ,,RS,4314902,100MG7W,NR,SA-NSA,,3350,3350,120,FB,,,760,,23,25,13.5,-1,X,30,072212102519,200,-30.02025,-51.16206,G,2023-11-17,2017-12-29,,f578f5f866707c34,2041-12-08,,,Porto Alegre
LIC-LIC-01,CLARO S.A.,50409889580,010,105752021,1005528680,RUA CIPÓ,,RS,4314902,100MG7W,NR,SA-NSA,,3350,3350,180,FB,,,760,,23,25,13.5,0,X,30,072212102519,200,-30.02025,-51.16206,G,2023-11-17,2017-12-29,,f578f5f866707c35,2041-12-08,,,Porto Alegre
LIC-LIC-01,CLARO S.A.,50409889580,010,105752021,688207448,AV WENCESLAU ESCOBAR,,RS,4314902,100MG7W,NR,SA-NSA,,3350,3350,160,FB,,,760,,23,25,13.5,0,X,16.8,072212102519,200,-30.1061,-51.2546,G,2024-04-18,2006-03-23,,f578f5f866707c5e,2041-12-08,,,Porto Alegre
LIC-LIC-01,CLARO S.A.,50409889580,010,105752021,688207448,AV WENCESLAU ESCOBAR,,RS,4314902,100MG7W,NR,SA-NSA,,3350,3350,330,FB,,,760,,23,25,13.5,0,X,16.8,072212102519,200,-30.1061,-51.2546,G,2024-04-18,2006-03-23,,f578f5f866707c5f,2041-12-08,,,Porto Alegre
LIC-LIC-01,CLARO S.A.,50409889580,010,105752021,688207448,AV WENCESLAU ESCOBAR,,RS,4314902,100MG7W,NR,SA-NSA,,3350,3350,40,FB,,,760,,23,25,13.5,0,X,16.8,072212102519,200,-30.1061,-51.2546,G,2024-04-18,2006-03-23,,f578f5f866707c60,2041-12-08,,,Porto Alegre
LIC-LIC-01,CLARO S.A.,50409889580,010,105752021,684924625,R PADRE JOÃO  BATISTA REUS,ESQUINA AV. WENCENLAU ESCOBAR,RS,4314902,100MG7W,NR,SA-NSA,,3350,3350,0,FB,,,760,,23,25,13.5,-1,X,16.5,072212102519,200,-30.1169,-51.2537,G,2024-04-04,2021-11-10,,f578f5f866707cb0,2041-12-08,,,Porto Alegre
LIC-LIC-01,CLARO S.A.,50409889580,010,105752021,684924625,R PADRE JOÃO  BATISTA REUS,ESQUINA AV. WENCENLAU ESCOBAR,RS,4314902,100MG7W,NR,SA-NSA,,3350,3350,150,FB,,,760,,23,25,13.5,-1,X,16.5,072212102519,200,-30.1169,-51.2537,G,2024-04-04,2021-11-10,,f578f5f866707cb1,2041-12-08,,,Porto Alegre
LIC-LIC-01,CLARO S.A.,50409889580,010,105752021,684924625,R PADRE JOÃO  BATISTA REUS,ESQUINA AV. WENCENLAU ESCOBAR,RS,4314902,100MG7W,NR,SA-NSA,,3350,3350,250,FB,,,760,,23,25,13.5,-1,X,16,072212102519,200,-30.1169,-51.2537,G,2024-04-04,2021-11-10,,f578f5f866707cb2,2041-12-08,,,Porto Alegre
LIC-LIC-01,CLARO S.A.,50409889580,010,105752021,688205933,R DOUTOR PEREIRA NETO,,RS,4314902,100MG7W,NR,SA-NSA,,3350,3350,110,FB,,,760,,23,25,13.5,0,X,23.5,072212102519,200,-30.1091,-51.2436,G,2023-11-10,2006-03-23,,f578f5f866707cd7,2032-12-22,,,Porto Alegre
LIC-LIC-01,CLARO S.A.,50409889580,010,105752021,688205933,R DOUTOR PEREIRA NETO,,RS,4314902,100MG7W,NR,SA-NSA,,3350,3350,240,FB,,,760,,23,25,13.5,0,X,23.5,072212102519,200,-30.1091,-51.2436,G,2023-11-10,2006-03-23,,f578f5f866707cd8,2032-12-22,,,Porto Alegre
LIC-LIC-01,CLARO S.A.,50409889580,010,105752021,688205933,R DOUTOR PEREIRA NETO,,RS,4314902,100MG7W,NR,SA-NSA,,3350,3350,30,FB,,,760,,23,25,13.5,0,X,23.5,072212102519,200,-30.1091,-51.2436,G,2023-11-10,2006-03-23,,f578f5f866707cd9,2032-12-22,,,Porto Alegre
LIC-LIC-01,CLARO S.A.,50409889580,010,105752021,1005878134,AV WENCESLAU ESCOBAR,,RS,4314902,100MG7W,NR,SA-NSA,,3350,3350,190,FB,,,760,,23,25,13.5,0,X,19.5,072212102519,200,-30.11196,-51.2556,G,2023-11-17,2021-11-10,,f578f5f866707cfe,2032-12-22,,,Porto Alegre
LIC-LIC-01,CLARO S.A.,50409889580,010,105752021,1005878134,AV WENCESLAU ESCOBAR,,RS,4314902,100MG7W,NR,SA-NSA,,3350,3350,350,FB,,,760,,23,25,13.5,0,X,19.5,072212102519,200,-30.11196,-51.2556,G,2023-11-17,2021-11-10,,f578f5f866707cff,2032-12-22,,,Porto Alegre
LIC-LIC-01,CLARO S.A.,50409889580,010,105752021,1005878134,AV WENCESLAU ESCOBAR,,RS,4314902,100MG7W,NR,SA-NSA,,3350,3350,60,FB,,,760,,23,25,13.5,0,X,19.5,072212102519,200,-30.11196,-51.2556,G,2023-11-17,2021-11-10,,f578f5f866707d00,2032-12-22,,,Porto Alegre
LIC-LIC-01,CLARO S.A.,50409889580,010,105752021,1006107158,PC ARAE,,RS,4314902,100MG7W,NR,SA-NSA,,3350,3350,145,FB,,,760,,23,25,13.5,-4,X,25.5,072212102519,200,-30.0995,-51.25396,G,2023-11-17,2021-11-10,,f578f5f866707d25,2032-12-22,,,Porto Alegre
LIC-LIC-01,CLARO S.A.,50409889580,010,105752021,1006107158,PC ARAE,,RS,4314902,100MG7W,NR,SA-NSA,,3350,3350,270,FB,,,760,,23,25,13.5,-4,X,25.5,072212102519,200,-30.0995,-51.25396,G,2023-11-17,2021-11-10,,f578f5f866707d26,2032-12-22,,,Porto Alegre
LIC-LIC-01,CLARO S.A.,50409889580,010,105752021,1006107158,PC ARAE,,RS,4314902,100MG7W,NR,SA-NSA,,3350,3350,40,FB,,,760,,23,25,13.5,-4,X,25.5,072212102519,200,-30.0995,-51.25396,G,2023-11-17,2021-11-10,,f578f5f866707d27,2032-12-22,,,Porto Alegre
LIC-LIC-01,CLARO S.A.,50409889580,010,105752021,442016409,R GILBERTO LASTE,BIT,RS,4314902,10M0G7W,NR,,,2325,2325,245,FB,,,760,102722102519,25,25,65,0,X,16,102722102519,100,-30.0698,-51.2252,G,2023-10-20,1999-09-17,,f578f5f866813c7b,2041-12-08,,,Porto Alegre
LIC-LIC-01,CLARO S.A.,50409889580,010,105752021,690997108,AV DIÁRIO DE NOTÍCIAS,BARRA SHOPPING SUL,RS,4314902,50M0G7W,NR,SA-NSA,,2325,2325,0,FB,,,168,,4,10,360,0,V,3,132072102519,50,-30.0855,-51.2463,G,2023-10-20,2009-02-26,,8d95d5f8a3268510,2041-12-08,,,Porto Alegre
LIC-LIC-01,CLARO S.A.,50409889580,010,105752021,405604815,R JOÃO ALFREDO,,RS,4314902,100MG7W,NR,SA-NSA,,3350,3350,130,FB,,,760,,24.9,25,13.5,-2,X,29.5,102792102519,204,-30.0409,-51.22507,G,2023-11-10,2003-04-23,,8d95d5f8a334ce2a,2032-12-22,,,Porto Alegre
LIC-LIC-01,CLARO S.A.,50409889580,010,105752021,405604815,R JOÃO ALFREDO,,RS,4314902,100MG7W,NR,SA-NSA,,3350,3350,250,FB,,,760,,24.9,25,13.5,-2,X,29.5,102792102519,204,-30.0409,-51.22507,G,2023-11-10,2003-04-23,,8d95d5f8a334ce2b,2032-12-22,,,Porto Alegre
LIC-LIC-01,CLARO S.A.,50409889580,010,105752021,405604815,R JOÃO ALFREDO,,RS,4314902,50M0G7W,NR,SA-NSA,,2325,2325,0,FB,,,760,003692202519,24,25,70,-2,X,28.5,003692202519,50,-30.0409,-51.22507,G,2023-11-10,2003-04-23,,8d95d5f8a334ce2c,2032-12-22,,,Porto Alegre
LIC-LIC-01,CLARO S.A.,50409889580,010,105752021,405604815,R JOÃO ALFREDO,,RS,4314902,50M0G7W,NR,SA-NSA,,2325,2325,130,FB,,,760,003692202519,24,25,70,-2,X,28.5,003692202519,50,-30.0409,-51.22507,G,2023-11-10,2003-04-23,,8d95d5f8a334ce2d,2032-12-22,,,Porto Alegre
LIC-LIC-01,CLARO S.A.,50409889580,010,105752021,405604815,R JOÃO ALFREDO,,RS,4314902,50M0G7W,NR,SA-NSA,,2325,2325,250,FB,,,760,003692202519,24,25,70,-2,X,28.5,003692202519,50,-30.0409,-51.22507,G,2023-11-10,2003-04-23,,8d95d5f8a334ce2e,2032-12-22,,,Porto Alegre
LIC-LIC-01,CLARO S.A.,50409889580,010,105752021,684744813,AV BORGES DE MEDEIROS,COND. ED. PREMIUM FLAT e OFFICE,RS,4314902,100MG7W,NR,SA-NSA,,3350,3350,210,FB,,,760,,24.9,25,13.5,-3,X,67,102792102519,204,-30.04552,-51.22966,G,2023-11-16,2004-09-24,,8d95d5f8a334ce4a,2032-12-22,,,Porto Alegre
LIC-LIC-01,CLARO S.A.,50409889580,010,105752021,684744813,AV BORGES DE MEDEIROS,COND. ED. PREMIUM FLAT e OFFICE,RS,4314902,100MG7W,NR,SA-NSA,,3350,3350,310,FB,,,760,,24.9,25,13.5,-3,X,67,102792102519,204,-30.04552,-51.22966,G,2023-11-16,2004-09-24,,8d95d5f8a334ce4b,2032-12-22,,,Porto Alegre
LIC-LIC-01,CLARO S.A.,50409889580,010,105752021,684744813,AV BORGES DE MEDEIROS,COND. ED. PREMIUM FLAT e OFFICE,RS,4314902,100MG7W,NR,SA-NSA,,3350,3350,50,FB,,,760,,24.9,25,13.5,-3,X,67,102792102519,204,-30.04552,-51.22966,G,2023-11-16,2004-09-24,,8d95d5f8a334ce4c,2032-12-22,,,Porto Alegre
LIC-LIC-01,CLARO S.A.,50409889580,010,105752021,405604513,RUA GASPAR MARTINS,,RS,4314902,100MG7W,NR,SA-NSA,,3350,3350,30,FB,,,760,,24.9,25,13.5,-3,X,31,102792102519,204,-30.01981,-51.21306,G,2024-04-04,2004-02-13,,378dd5f8bd934610,2041-12-08,,,Porto Alegre
LIC-LIC-01,CLARO S.A.,50409889580,010,105752021,405604513,RUA GASPAR MARTINS,,RS,4314902,100MG7W,NR,SA-NSA,,3350,3350,130,FB,,,760,,24.9,25,13.5,-2,X,31,102792102519,204,-30.01981,-51.21306,G,2024-04-04,2004-02-13,,378dd5f8bd934612,2041-12-08,,,Porto Alegre
LIC-LIC-01,CLARO S.A.,50409889580,010,105752021,688199240,AV BENJAMIM CONSTANT,,RS,4314902,100MG7W,NR,SA-NSA,,3350,3350,0,FB,,,760,,24.9,25,13.5,-1,X,31,102792102519,204,-30.00684,-51.18976,G,2024-09-20,2006-03-23,,5f1ad5f8dbf77eb1,2041-12-08,,,Porto Alegre
LIC-LIC-01,CLARO S.A.,50409889580,010,105752021,688199240,AV BENJAMIM CONSTANT,,RS,4314902,100MG7W,NR,SA-NSA,,3350,3350,110,FB,,,760,,24.9,25,13.5,-1,X,31,102792102519,204,-30.00684,-51.18976,G,2024-09-20,2006-03-23,,5f1ad5f8dbf77eb2,2041-12-08,,,Porto Alegre
LIC-LIC-01,CLARO S.A.,50409889580,010,105752021,688199240,AV BENJAMIM CONSTANT,,RS,4314902,100MG7W,NR,SA-NSA,,3350,3350,240,FB,,,760,,24.9,25,13.5,-1,X,31,102792102519,204,-30.00684,-51.18976,G,2024-09-20,2006-03-23,,5f1ad5f8dbf77eb3,2041-12-08,,,Porto Alegre
LIC-LIC-01,CLARO S.A.,50409889580,010,105752021,1014430612,AV MAUÁ,EMPREENDIMENTO EMBARCADERO,RS,4314902,100MG7W,NR,SA-NSA,,3350,3350,50,FB,,,760,212712202519,24.4,25,65,0,X,23.45,212712202519,229,-30.03187,-51.24003,G,2024-10-22,2022-10-26,,f49c15f81574b9b8,2041-12-08,,,Porto Alegre
LIC-LIC-01,CLARO S.A.,50409889580,010,105752021,1014430612,AV MAUÁ,EMPREENDIMENTO EMBARCADERO,RS,4314902,100MG7W,NR,SA-NSA,,3350,3350,120,FB,,,760,212712202519,24.4,25,65,0,X,23.45,212712202519,229,-30.03187,-51.24003,G,2024-10-22,2022-10-26,,f49c15f81574b9b9,2041-12-08,,,Porto Alegre
LIC-LIC-01,CLARO S.A.,50409889580,010,105752021,1014430612,AV MAUÁ,EMPREENDIMENTO EMBARCADERO,RS,4314902,100MG7W,NR,SA-NSA,,3350,3350,200,FB,,,760,212712202519,24.4,25,65,0,X,23.45,212712202519,229,-30.03187,-51.24003,G,2024-10-22,2022-10-26,,f49c15f81574b9ba,2041-12-08,,,Porto Alegre
LIC-LIC-01,CLARO S.A.,50409889580,010,105752021,698580800,AV PRINCESA ISABEL,,RS,4314902,100MG7W,NR,SA-NSA,,3350,3350,30,FB,,,760,,24.9,25,13.5,0,X,51,102792102519,204,-30.05092,-51.21235,G,2023-11-17,2013-02-15,,6015d5f805d7e8e2,2032-12-22,,,Porto Alegre
LIC-LIC-01,CLARO S.A.,50409889580,010,105752021,698580800,AV PRINCESA ISABEL,,RS,4314902,100MG7W,NR,SA-NSA,,3350,3350,150,FB,,,760,,24.9,25,13.5,0,X,51,102792102519,204,-30.05092,-51.21235,G,2023-11-17,2013-02-15,,6015d5f805d7e8e3,2032-12-22,,,Porto Alegre
LIC-LIC-01,CLARO S.A.,50409889580,010,105752021,698580800,AV PRINCESA ISABEL,,RS,4314902,100MG7W,NR,SA-NSA,,3350,3350,250,FB,,,760,,24.9,25,13.5,0,X,51,102792102519,204,-30.05092,-51.21235,G,2023-11-17,2013-02-15,,6015d5f805d7e8e4,2032-12-22,,,Porto Alegre
LIC-LIC-01,CLARO S.A.,50409889580,010,105752021,405604696,R MARCÍLIO DIAS,,RS,4314902,100MG7W,NR,SA-NSA,,3350,3350,10,FB,,,760,,24.9,25,13.5,-4,X,38,102792102519,204,-30.04913,-51.22648,G,2023-11-16,1999-01-01,,6015d5f805d7e921,2032-12-22,,,Porto Alegre
LIC-LIC-01,CLARO S.A.,50409889580,010,105752021,405604696,R MARCÍLIO DIAS,,RS,4314902,100MG7W,NR,SA-NSA,,3350,3350,200,FB,,,760,,24.9,25,13.5,-3,X,38,102792102519,204,-30.04913,-51.22648,G,2023-11-16,1999-01-01,,6015d5f805d7e923,2032-12-22,,,Porto Alegre
LIC-LIC-01,CLARO S.A.,50409889580,010,105752021,405604696,R MARCÍLIO DIAS,,RS,4314902,50M0G7W,NR,SA-NSA,,2325,2325,120,FB,,,760,003692202519,24,25,70,-6,X,37.5,003692202519,50,-30.04913,-51.22648,G,2023-11-16,1999-01-01,,6015d5f805d7e925,2032-12-22,,,Porto Alegre
LIC-LIC-01,CLARO S.A.,50409889580,010,105752021,405604696,R MARCÍLIO DIAS,,RS,4314902,50M0G7W,NR,SA-NSA,,2325,2325,200,FB,,,760,003692202519,24,25,70,-4,X,37.5,003692202519,50,-30.04913,-51.22648,G,2023-11-16,1999-01-01,,6015d5f805d7e926,2032-12-22,,,Porto Alegre
LIC-LIC-01,CLARO S.A.,50409889580,010,105752021,684874113,R BENTO FIGUEIREDO,,RS,4314902,100MG7W,NR,SA-NSA,,3350,3350,50,FB,,,760,,24.9,25,13.5,-4,X,44,102792102519,204,-30.0349,-51.2086,G,2024-06-05,2004-10-18,,6015d5f805d7e95a,2041-12-08,,,Porto Alegre
LIC-LIC-01,CLARO S.A.,50409889580,010,105752021,684874113,R BENTO FIGUEIREDO,,RS,4314902,100MG7W,NR,SA-NSA,,3350,3350,150,FB,,,760,,24.9,25,13.5,-1,X,44,102792102519,204,-30.0349,-51.2086,G,2024-06-05,2004-10-18,,6015d5f805d7e95b,2041-12-08,,,Porto Alegre
LIC-LIC-01,CLARO S.A.,50409889580,010,105752021,684874113,R BENTO FIGUEIREDO,,RS,4314902,100MG7W,NR,SA-NSA,,3350,3350,260,FB,,,760,,24.9,25,13.5,0,X,44,102792102519,204,-30.0349,-51.2086,G,2024-06-05,2004-10-18,,6015d5f805d7e95c,2041-12-08,,,Porto Alegre
LIC-LIC-01,CLARO S.A.,50409889580,010,105752021,684874113,R BENTO FIGUEIREDO,,RS,4314902,50M0G7W,NR,SA-NSA,,2325,2325,50,FB,,,760,003692202519,24,25,70,0,X,42,003692202519,50,-30.0349,-51.2086,G,2024-06-05,2004-10-18,,6015d5f805d7e95d,2041-12-08,,,Porto Alegre
LIC-LIC-01,CLARO S.A.,50409889580,010,105752021,684874113,R BENTO FIGUEIREDO,,RS,4314902,50M0G7W,NR,SA-NSA,,2325,2325,150,FB,,,760,003692202519,24,25,70,-5,X,42,003692202519,50,-30.0349,-51.2086,G,2024-06-05,2004-10-18,,6015d5f805d7e95e,2041-12-08,,,Porto Alegre
LIC-LIC-01,CLARO S.A.,50409889580,010,105752021,684874113,R BENTO FIGUEIREDO,,RS,4314902,50M0G7W,NR,SA-NSA,,2325,2325,260,FB,,,760,003692202519,24,25,70,-2,X,42,003692202519,50,-30.0349,-51.2086,G,2024-06-05,2004-10-18,,6015d5f805d7e95f,2041-12-08,,,Porto Alegre
LIC-LIC-01,CLARO S.A.,50409889580,010,105752021,684714965,RUA GONÇALVES DIAS,,RS,4314902,100MG7W,NR,SA-NSA,,3350,3350,0,FB,,,760,,24.9,25,13.5,0,X,30.5,102792102519,204,-30.0569,-51.2208,G,2023-11-17,2004-09-24,,6015d5f805d7e982,2041-12-08,,,Porto Alegre
LIC-LIC-01,CLARO S.A.,50409889580,010,105752021,684714965,RUA GONÇALVES DIAS,,RS,4314902,100MG7W,NR,SA-NSA,,3350,3350,140,FB,,,760,,24.9,25,13.5,0,X,30.5,102792102519,204,-30.0569,-51.2208,G,2023-11-17,2004-09-24,,6015d5f805d7e983,2041-12-08,,,Porto Alegre
LIC-LIC-01,CLARO S.A.,50409889580,010,105752021,684714965,RUA GONÇALVES DIAS,,RS,4314902,100MG7W,NR,SA-NSA,,3350,3350,260,FB,,,760,,24.9,25,13.5,0,X,30.5,102792102519,204,-30.0569,-51.2208,G,2023-11-17,2004-09-24,,6015d5f805d7e984,2041-12-08,,,Porto Alegre
LIC-LIC-01,CLARO S.A.,50409889580,010,105752021,405604637,R CASTRO ALVES,,RS,4314902,100MG7W,NR,SA-NSA,,3350,3350,0,FB,,,760,,24.9,25,13.5,-3,X,30,102792102519,204,-30.0304,-51.2107,G,2023-11-17,2004-02-13,,6015d5f805d7e985,2032-12-22,,,Porto Alegre
LIC-LIC-01,CLARO S.A.,50409889580,010,105752021,405604637,R CASTRO ALVES,,RS,4314902,100MG7W,NR,SA-NSA,,3350,3350,120,FB,,,760,,24.9,25,13.5,-4,X,28,102792102519,204,-30.0304,-51.2107,G,2023-11-17,2004-02-13,,6015d5f805d7e986,2032-12-22,,,Porto Alegre
LIC-LIC-01,CLARO S.A.,50409889580,010,105752021,405604637,R CASTRO ALVES,,RS,4314902,100MG7W,NR,SA-NSA,,3350,3350,230,FB,,,760,,24.9,25,13.5,-4,X,26,102792102519,204,-30.0304,-51.2107,G,2023-11-17,2004-02-13,,6015d5f805d7e987,2032-12-22,,,Porto Alegre
LIC-LIC-01,CLARO S.A.,50409889580,010,105752021,405604637,R CASTRO ALVES,,RS,4314902,50M0G7W,NR,SA-NSA,,2325,2325,0,FB,,,760,003692202519,24,25,70,-3,X,29,003692202519,50,-30.0304,-51.2107,G,2023-11-17,2004-02-13,,6015d5f805d7e988,2032-12-22,,,Porto Alegre
LIC-LIC-01,CLARO S.A.,50409889580,010,105752021,405604637,R CASTRO ALVES,,RS,4314902,50M0G7W,NR,SA-NSA,,2325,2325,120,FB,,,760,003692202519,24,25,70,-4,X,27,003692202519,50,-30.0304,-51.2107,G,2023-11-17,2004-02-13,,6015d5f805d7e989,2032-12-22,,,Porto Alegre
LIC-LIC-01,CLARO S.A.,50409889580,010,105752021,405604637,R CASTRO ALVES,,RS,4314902,50M0G7W,NR,SA-NSA,,2325,2325,230,FB,,,760,003692202519,24,25,70,-4,X,25,003692202519,50,-30.0304,-51.2107,G,2023-11-17,2004-02-13,,6015d5f805d7e98a,2032-12-22,,,Porto Alegre
LIC-LIC-01,CLARO S.A.,50409889580,010,105752021,405605358,R BARÃO DO CERRO LARGO,,RS,4314902,100MG7W,NR,SA-NSA,,3350,3350,15,FB,,,760,,24.9,25,13.5,-2,X,39,102792102519,204,-30.06261,-51.2287,G,2024-05-14,2004-01-06,,6015d5f805d7e9eb,2041-12-08,,,Porto Alegre
LIC-LIC-01,CLARO S.A.,50409889580,010,105752021,405605358,R BARÃO DO CERRO LARGO,,RS,4314902,100MG7W,NR,SA-NSA,,3350,3350,120,FB,,,760,,24.9,25,13.5,-2,X,39,102792102519,204,-30.06261,-51.2287,G,2024-05-14,2004-01-06,,6015d5f805d7e9ec,2041-12-08,,,Porto Alegre
LIC-LIC-01,CLARO S.A.,50409889580,010,105752021,687538157,R DEZESSETE DE JUNHO,0,RS,4314902,100MG7W,NR,SA-NSA,,3350,3350,20,FB,,,760,,24.9,25,13.5,-3,X,33,102792102519,204,-30.0474,-51.2197,G,2023-11-22,2005-11-18,,6015d5f805d7ea15,2032-12-22,,,Porto Alegre
LIC-LIC-01,CLARO S.A.,50409889580,010,105752021,687538157,R DEZESSETE DE JUNHO,0,RS,4314902,100MG7W,NR,SA-NSA,,3350,3350,120,FB,,,760,,24.9,25,13.5,-2,X,32,102792102519,204,-30.0474,-51.2197,G,2023-11-22,2005-11-18,,6015d5f805d7ea16,2032-12-22,,,Porto Alegre
LIC-LIC-01,CLARO S.A.,50409889580,010,105752021,687538157,R DEZESSETE DE JUNHO,0,RS,4314902,100MG7W,NR,SA-NSA,,3350,3350,240,FB,,,760,,24.9,25,13.5,-2,X,33,102792102519,204,-30.0474,-51.2197,G,2023-11-22,2005-11-18,,6015d5f805d7ea17,2032-12-22,,,Porto Alegre
LIC-LIC-01,CLARO S.A.,50409889580,010,105752021,688205763,RUA EÇA DE QUEIROS,,RS,4314902,100MG7W,NR,SA-NSA,,3350,3350,20,FB,,,760,,24.9,25,13.5,0,X,27,102792102519,204,-30.042,-51.192,G,2023-11-10,2006-03-23,,6015d5f805d7ea5d,2041-12-08,,,Porto Alegre
LIC-LIC-01,CLARO S.A.,50409889580,010,105752021,688205763,RUA EÇA DE QUEIROS,,RS,4314902,100MG7W,NR,SA-NSA,,3350,3350,150,FB,,,760,,24.9,25,13.5,0,X,27,102792102519,204,-30.042,-51.192,G,2023-11-10,2006-03-23,,6015d5f805d7ea5e,2041-12-08,,,Porto Alegre
LIC-LIC-01,CLARO S.A.,50409889580,010,105752021,688205763,RUA EÇA DE QUEIROS,,RS,4314902,100MG7W,NR,SA-NSA,,3350,3350,255,FB,,,760,,24.9,25,13.5,0,X,27,102792102519,204,-30.042,-51.192,G,2023-11-10,2006-03-23,,6015d5f805d7ea5f,2041-12-08,,,Porto Alegre
LIC-LIC-01,CLARO S.A.,50409889580,010,105752021,688205763,RUA EÇA DE QUEIROS,,RS,4314902,50M0G7W,NR,SA-NSA,,2325,2325,20,FB,,,760,003692202519,24,25,70,0,X,25.5,003692202519,50,-30.042,-51.192,G,2023-11-10,2006-03-23,,6015d5f805d7ea60,2041-12-08,,,Porto Alegre
LIC-LIC-01,CLARO S.A.,50409889580,010,105752021,688205763,RUA EÇA DE QUEIROS,,RS,4314902,50M0G7W,NR,SA-NSA,,2325,2325,150,FB,,,760,003692202519,24,25,70,0,X,25.5,003692202519,50,-30.042,-51.192,G,2023-11-10,2006-03-23,,6015d5f805d7ea61,2041-12-08,,,Porto Alegre
LIC-LIC-01,CLARO S.A.,50409889580,010,105752021,688205763,RUA EÇA DE QUEIROS,,RS,4314902,50M0G7W,NR,SA-NSA,,2325,2325,255,FB,,,760,003692202519,24,25,70,0,X,25.5,003692202519,50,-30.042,-51.192,G,2023-11-10,2006-03-23,,6015d5f805d7ea62,2041-12-08,,,Porto Alegre
LIC-LIC-01,CLARO S.A.,50409889580,010,105752021,405604300,R DOS ANDRADAS,,RS,4314902,100MG7W,NR,SA-NSA,,3350,3350,30,FB,,,760,,24.9,25,13.5,0,X,55.5,102792102519,204,-30.0296,-51.2271,G,2024-10-15,2004-01-06,,6a8c15f80eeaa712,2041-12-08,,,Porto Alegre
LIC-LIC-01,CLARO S.A.,50409889580,010,105752021,405604300,R DOS ANDRADAS,,RS,4314902,100MG7W,NR,SA-NSA,,3350,3350,140,FB,,,760,,24.9,25,13.5,0,X,56,102792102519,204,-30.0296,-51.2271,G,2024-10-15,2004-01-06,,6a8c15f80eeaa713,2041-12-08,,,Porto Alegre
LIC-LIC-01,CLARO S.A.,50409889580,010,105752021,405604300,R DOS ANDRADAS,,RS,4314902,100MG7W,NR,SA-NSA,,3350,3350,210,FB,,,760,,24.9,25,13.5,0,X,56,102792102519,204,-30.0296,-51.2271,G,2024-10-15,2004-01-06,,6a8c15f80eeaa714,2041-12-08,,,Porto Alegre
LIC-LIC-01,CLARO S.A.,50409889580,010,105752021,688205879,AV ASSIS BRASIL,CENTRO PROFISSIONAL LUXOR,RS,4314902,100MG7W,NR,SA-NSA,,3350,3350,20,FB,,,760,,23,25,13.5,0,X,26.5,072212102519,200,-30.00817,-51.18171,G,2023-11-10,2006-03-23,,6a8c15f80eeaa751,2032-12-22,,,Porto Alegre
LIC-LIC-01,CLARO S.A.,50409889580,010,105752021,688205879,AV ASSIS BRASIL,CENTRO PROFISSIONAL LUXOR,RS,4314902,100MG7W,NR,SA-NSA,,3350,3350,140,FB,,,760,,23,25,13.5,0,X,24.4,072212102519,200,-30.00817,-51.18171,G,2023-11-10,2006-03-23,,6a8c15f80eeaa752,2032-12-22,,,Porto Alegre
LIC-LIC-01,CLARO S.A.,50409889580,010,105752021,688205879,AV ASSIS BRASIL,CENTRO PROFISSIONAL LUXOR,RS,4314902,100MG7W,NR,SA-NSA,,3350,3350,240,FB,,,760,,23,25,13.5,0,X,24.4,072212102519,200,-30.00817,-51.18171,G,2023-11-10,2006-03-23,,6a8c15f80eeaa753,2032-12-22,,,Porto Alegre
LIC-LIC-01,CLARO S.A.,50409889580,010,105752021,684705257,AV SIQUEIRA CAMPOS,,RS,4314902,100MG7W,NR,SA-NSA,,3350,3350,55,FB,,,760,,24.9,25,13.5,0,X,58,102792102519,204,-30.02841,-51.22986,G,2023-11-16,2004-09-24,,6a8c15f80eeaa754,2032-12-22,,,Porto Alegre
LIC-LIC-01,CLARO S.A.,50409889580,010,105752021,684705257,AV SIQUEIRA CAMPOS,,RS,4314902,100MG7W,NR,SA-NSA,,3350,3350,140,FB,,,760,,24.9,25,13.5,0,X,58,102792102519,204,-30.02841,-51.22986,G,2023-11-16,2004-09-24,,6a8c15f80eeaa755,2032-12-22,,,Porto Alegre
LIC-LIC-01,CLARO S.A.,50409889580,010,105752021,684705257,AV SIQUEIRA CAMPOS,,RS,4314902,100MG7W,NR,SA-NSA,,3350,3350,250,FB,,,760,,24.9,25,13.5,0,X,58,102792102519,204,-30.02841,-51.22986,G,2023-11-16,2004-09-24,,6a8c15f80eeaa756,2032-12-22,,,Porto Alegre
LIC-LIC-01,CLARO S.A.,50409889580,010,105752021,699958865,R DEMÉTRIO RIBEIRO,,RS,4314902,100MG7W,NR,SA-NSA,,3350,3350,60,FB,,,760,,24.9,25,13.5,-4,X,54,102792102519,204,-30.03577,-51.22773,G,2023-11-16,2014-05-12,,6a8c15f80eeaa7a5,2032-12-22,,,Porto Alegre
LIC-LIC-01,CLARO S.A.,50409889580,010,105752021,699958865,R DEMÉTRIO RIBEIRO,,RS,4314902,100MG7W,NR,SA-NSA,,3350,3350,200,FB,,,760,,24.9,25,13.5,-3,X,51,102792102519,204,-30.03577,-51.22773,G,2023-11-16,2014-05-12,,6a8c15f80eeaa7a6,2032-12-22,,,Porto Alegre
LIC-LIC-01,CLARO S.A.,50409889580,010,105752021,699958865,R DEMÉTRIO RIBEIRO,,RS,4314902,100MG7W,NR,SA-NSA,,3350,3350,330,FB,,,760,,24.9,25,13.5,-3,X,54,102792102519,204,-30.03577,-51.22773,G,2023-11-16,2014-05-12,,6a8c15f80eeaa7a7,2032-12-22,,,Porto Alegre
LIC-LIC-01,CLARO S.A.,50409889580,010,105752021,699958865,R DEMÉTRIO RIBEIRO,,RS,4314902,50M0G7W,NR,SA-NSA,,2325,2325,60,FB,,,760,003692202519,24,25,70,-4,X,53,003692202519,50,-30.03577,-51.22773,G,2023-11-16,2014-05-12,,6a8c15f80eeaa7a8,2032-12-22,,,Porto Alegre
LIC-LIC-01,CLARO S.A.,50409889580,010,105752021,699958865,R DEMÉTRIO RIBEIRO,,RS,4314902,50M0G7W,NR,SA-NSA,,2325,2325,200,FB,,,760,003692202519,24,25,70,-3,X,50,003692202519,50,-30.03577,-51.22773,G,2023-11-16,2014-05-12,,6a8c15f80eeaa7a9,2032-12-22,,,Porto Alegre
LIC-LIC-01,CLARO S.A.,50409889580,010,105752021,699958865,R DEMÉTRIO RIBEIRO,,RS,4314902,50M0G7W,NR,SA-NSA,,2325,2325,300,FB,,,760,003692202519,24,25,70,-3,X,53,003692202519,50,-30.03577,-51.22773,G,2023-11-16,2014-05-12,,6a8c15f80eeaa7aa,2032-12-22,,,Porto Alegre
LIC-LIC-01,CLARO S.A.,50409889580,010,105752021,1005878118,TV TRAVESSA UNIVERSINA ARAÚJO NUNES,,RS,4314902,100MG7W,NR,SA-NSA,,3350,3350,80,FB,,,760,,24.9,25,13.5,-4,X,21,102792102519,204,-30.04489,-51.17136,G,2023-11-10,2018-03-07,,6a8c15f80eeaa7de,2032-12-22,,,Porto Alegre
LIC-LIC-01,CLARO S.A.,50409889580,010,105752021,1005878118,TV TRAVESSA UNIVERSINA ARAÚJO NUNES,,RS,4314902,100MG7W,NR,SA-NSA,,3350,3350,175,FB,,,760,,24.9,25,13.5,-4,X,21,102792102519,204,-30.04489,-51.17136,G,2023-11-10,2018-03-07,,6a8c15f80eeaa7df,2032-12-22,,,Porto Alegre
LIC-LIC-01,CLARO S.A.,50409889580,010,105752021,1005878118,TV TRAVESSA UNIVERSINA ARAÚJO NUNES,,RS,4314902,100MG7W,NR,SA-NSA,,3350,3350,300,FB,,,760,,24.9,25,13.5,-2,X,21,102792102519,204,-30.04489,-51.17136,G,2023-11-10,2018-03-07,,6a8c15f80eeaa7e0,2032-12-22,,,Porto Alegre
LIC-LIC-01,CLARO S.A.,50409889580,010,105752021,1005878118,TV TRAVESSA UNIVERSINA ARAÚJO NUNES,,RS,4314902,50M0G7W,NR,SA-NSA,,2325,2325,80,FB,,,760,003692202519,24,25,70,-4,X,20,003692202519,50,-30.04489,-51.17136,G,2023-11-10,2018-03-07,,6a8c15f80eeaa7e1,2032-12-22,,,Porto Alegre
LIC-LIC-01,CLARO S.A.,50409889580,010,105752021,1005878118,TV TRAVESSA UNIVERSINA ARAÚJO NUNES,,RS,4314902,50M0G7W,NR,SA-NSA,,2325,2325,175,FB,,,760,003692202519,24,25,70,-4,X,20,003692202519,50,-30.04489,-51.17136,G,2023-11-10,2018-03-07,,6a8c15f80eeaa7e2,2032-12-22,,,Porto Alegre
LIC-LIC-01,CLARO S.A.,50409889580,010,105752021,1005878118,TV TRAVESSA UNIVERSINA ARAÚJO NUNES,,RS,4314902,50M0G7W,NR,SA-NSA,,2325,2325,300,FB,,,760,003692202519,24,25,70,-2,X,20,003692202519,50,-30.04489,-51.17136,G,2023-11-10,2018-03-07,,6a8c15f80eeaa7e3,2032-12-22,,,Porto Alegre
LIC-LIC-01,CLARO S.A.,50409889580,010,105752021,1007372840,RUA VISCONDE DO HERVAL,,RS,4314902,100MG7W,NR,SA-NSA,,3350,3350,0,FB,,,760,,24.9,25,13.5,-3,X,30,102792102519,204,-30.0535,-51.21653,G,2024-06-10,2018-10-24,,6a8c15f80eeaa82d,2041-12-08,,,Porto Alegre
LIC-LIC-01,CLARO S.A.,50409889580,010,105752021,1007372840,RUA VISCONDE DO HERVAL,,RS,4314902,100MG7W,NR,SA-NSA,,3350,3350,140,FB,,,760,,24.9,25,13.5,-3,X,30,102792102519,204,-30.0535,-51.21653,G,2024-06-10,2018-10-24,,6a8c15f80eeaa82e,2041-12-08,,,Porto Alegre
LIC-LIC-01,CLARO S.A.,50409889580,010,105752021,1007372840,RUA VISCONDE DO HERVAL,,RS,4314902,50M0G7W,NR,SA-NSA,,2325,2325,0,FB,,,760,003692202519,24,25,70,-4,X,30,003692202519,50,-30.0535,-51.21653,G,2024-06-10,2018-10-24,,6a8c15f80eeaa82f,2041-12-08,,,Porto Alegre
LIC-LIC-01,CLARO S.A.,50409889580,010,105752021,1007372840,RUA VISCONDE DO HERVAL,,RS,4314902,50M0G7W,NR,SA-NSA,,2325,2325,140,FB,,,760,003692202519,24,25,70,-4,X,30,003692202519,50,-30.0535,-51.21653,G,2024-06-10,2018-10-24,,6a8c15f80eeaa830,2041-12-08,,,Porto Alegre
LIC-LIC-01,CLARO S.A.,50409889580,010,105752021,1007372840,RUA VISCONDE DO HERVAL,,RS,4314902,50M0G7W,NR,SA-NSA,,2325,2325,260,FB,,,760,003692202519,24,25,70,-4,X,30,003692202519,50,-30.0535,-51.21653,G,2024-06-10,2018-10-24,,6a8c15f80eeaa831,2041-12-08,,,Porto Alegre
LIC-LIC-01,CLARO S.A.,50409889580,010,105752021,405604572,R AVAÍ,,RS,4314902,100MG7W,NR,SA-NSA,,3350,3350,245,FB,,,760,,24.9,25,13.5,-2,X,49,102792102519,204,-30.0337,-51.2227,G,2023-11-16,2004-01-06,,f26415f83d5860ea,2032-12-22,,,Porto Alegre
LIC-LIC-01,CLARO S.A.,50409889580,010,105752021,689892454,R LUIZ AFONSO,,RS,4314902,100MG7W,NR,SA-NSA,,3350,3350,340,FB,,,760,,24.9,25,13.5,0,X,33,102792102519,204,-30.03885,-51.22052,G,2023-11-17,2008-03-04,,f26415f83d586100,2032-12-22,,,Porto Alegre
LIC-LIC-01,CLARO S.A.,50409889580,010,105752021,689892454,R LUIZ AFONSO,,RS,4314902,100MG7W,NR,SA-NSA,,3350,3350,70,FB,,,760,,24.9,25,13.5,0,X,33,102792102519,204,-30.03885,-51.22052,G,2023-11-17,2008-03-04,,f26415f83d586101,2032-12-22,,,Porto Alegre
LIC-LIC-01,CLARO S.A.,50409889580,010,105752021,689892454,R LUIZ AFONSO,,RS,4314902,100MG7W,NR,SA-NSA,,3350,3350,230,FB,,,760,,24.9,25,13.5,0,X,33,102792102519,204,-30.03885,-51.22052,G,2023-11-17,2008-03-04,,f26415f83d586102,2032-12-22,,,Porto Alegre
LIC-LIC-01,CLARO S.A.,50409889580,010,105752021,689892454,R LUIZ AFONSO,,RS,4314902,50M0G7W,NR,SA-NSA,,2325,2325,340,FB,,,760,003692202519,24,25,70,0,X,32,003692202519,50,-30.03885,-51.22052,G,2023-11-17,2008-03-04,,f26415f83d586103,2032-12-22,,,Porto Alegre
LIC-LIC-01,CLARO S.A.,50409889580,010,105752021,689892454,R LUIZ AFONSO,,RS,4314902,50M0G7W,NR,SA-NSA,,2325,2325,70,FB,,,760,003692202519,24,25,70,0,X,32,003692202519,50,-30.03885,-51.22052,G,2023-11-17,2008-03-04,,f26415f83d586104,2032-12-22,,,Porto Alegre
LIC-LIC-01,CLARO S.A.,50409889580,010,105752021,689892454,R LUIZ AFONSO,,RS,4314902,50M0G7W,NR,SA-NSA,,2325,2325,230,FB,,,760,003692202519,24,25,70,0,X,32,003692202519,50,-30.03885,-51.22052,G,2023-11-17,2008-03-04,,f26415f83d586105,2032-12-22,,,Porto Alegre
LIC-LIC-01,CLARO S.A.,50409889580,010,105752021,506241475,AVENIDA BALTAZAR DE OLIVEIRA GARCIA,,RS,4314902,100MG7W,NR,SA-NSA,,3350,3350,30,FB,,,760,,23,25,13.5,0,X,28,072212102519,200,-30.01082,-51.13273,G,2023-11-10,2007-03-26,,f26415f857420598,2032-12-22,,,Porto Alegre
LIC-LIC-01,CLARO S.A.,50409889580,010,105752021,506241475,AVENIDA BALTAZAR DE OLIVEIRA GARCIA,,RS,4314902,100MG7W,NR,SA-NSA,,3350,3350,120,FB,,,760,,23,25,13.5,0,X,28,072212102519,200,-30.01082,-51.13273,G,2023-11-10,2007-03-26,,f26415f857420599,2032-12-22,,,Porto Alegre
LIC-LIC-01,CLARO S.A.,50409889580,010,105752021,506241475,AVENIDA BALTAZAR DE OLIVEIRA GARCIA,,RS,4314902,100MG7W,NR,SA-NSA,,3350,3350,280,FB,,,760,,23,25,13.5,0,X,28,072212102519,200,-30.01082,-51.13273,G,2023-11-10,2007-03-26,,f26415f85742059a,2032-12-22,,,Porto Alegre
LIC-LIC-01,CLARO S.A.,50409889580,010,105752021,405605919,R ARTUR FABIÃO CARNEIRO,,RS,4314902,100MG7W,NR,SA-NSA,,3350,3350,120,FB,,,760,,24.9,25,13.5,-4,X,35.5,102792102519,204,-30.0192,-51.166,G,2024-04-04,2004-01-06,,f26415f8574205a7,2041-12-08,,,Porto Alegre
LIC-LIC-01,CLARO S.A.,50409889580,010,105752021,405605919,R ARTUR FABIÃO CARNEIRO,,RS,4314902,100MG7W,NR,SA-NSA,,3350,3350,270,FB,,,760,,24.9,25,13.5,-3,X,35.5,102792102519,204,-30.0192,-51.166,G,2024-04-04,2004-01-06,,f26415f8574205a8,2041-12-08,,,Porto Alegre
LIC-LIC-01,CLARO S.A.,50409889580,010,105752021,405605919,R ARTUR FABIÃO CARNEIRO,,RS,4314902,100MG7W,NR,SA-NSA,,3350,3350,30,FB,,,760,,24.9,25,13.5,-2,X,35.5,102792102519,204,-30.0192,-51.166,G,2024-04-04,2004-01-06,,f26415f8574205a9,2041-12-08,,,Porto Alegre
LIC-LIC-01,CLARO S.A.,50409889580,010,105752021,405605919,R ARTUR FABIÃO CARNEIRO,,RS,4314902,50M0G7W,NR,SA-NSA,,2325,2325,120,FB,,,760,003692202519,24,25,70,-5,X,33.5,003692202519,50,-30.0192,-51.166,G,2024-04-04,2004-01-06,,f26415f8574205aa,2041-12-08,,,Porto Alegre
LIC-LIC-01,CLARO S.A.,50409889580,010,105752021,405605919,R ARTUR FABIÃO CARNEIRO,,RS,4314902,50M0G7W,NR,SA-NSA,,2325,2325,270,FB,,,760,003692202519,24,25,70,-5,X,33.5,003692202519,50,-30.0192,-51.166,G,2024-04-04,2004-01-06,,f26415f8574205ab,2041-12-08,,,Porto Alegre
LIC-LIC-01,CLARO S.A.,50409889580,010,105752021,405605919,R ARTUR FABIÃO CARNEIRO,,RS,4314902,50M0G7W,NR,SA-NSA,,2325,2325,30,FB,,,760,003692202519,24,25,70,-3,X,33.5,003692202519,50,-30.0192,-51.166,G,2024-04-04,2004-01-06,,f26415f8574205ac,2041-12-08,,,Porto Alegre
LIC-LIC-01,CLARO S.A.,50409889580,010,105752021,686178483,AV ASSIS BRASIL,COND. ED. CENTRO PROFISSIONAL MANHATTAN,RS,4314902,100MG7W,NR,SA-NSA,,3350,3350,0,FB,,,760,,23,25,13.5,-3,X,29.5,072212102519,200,-29.9964,-51.1304,G,2024-10-22,2005-03-04,,f26415f8574205e0,2041-12-08,,,Porto Alegre
LIC-LIC-01,CLARO S.A.,50409889580,010,105752021,686178483,AV ASSIS BRASIL,COND. ED. CENTRO PROFISSIONAL MANHATTAN,RS,4314902,100MG7W,NR,SA-NSA,,3350,3350,140,FB,,,760,,23,25,13.5,-2,X,29.5,072212102519,200,-29.9964,-51.1304,G,2024-10-22,2005-03-04,,f26415f8574205e1,2041-12-08,,,Porto Alegre
LIC-LIC-01,CLARO S.A.,50409889580,010,105752021,686178483,AV ASSIS BRASIL,COND. ED. CENTRO PROFISSIONAL MANHATTAN,RS,4314902,100MG7W,NR,SA-NSA,,3350,3350,260,FB,,,760,,23,25,13.5,-2,X,29.5,072212102519,200,-29.9964,-51.1304,G,2024-10-22,2005-03-04,,f26415f8574205e2,2041-12-08,,,Porto Alegre
LIC-LIC-01,CLARO S.A.,50409889580,010,105752021,405606001,AVENIDA JOSÉ GERTUM,,RS,4314902,100MG7W,NR,SA-NSA,,3350,3350,20,FB,,,760,,24.9,25,13.5,-2,X,29,102792102519,204,-30.0373,-51.16063,G,2023-11-17,2003-04-23,,f26415f8574205f5,2041-12-08,,,Porto Alegre
LIC-LIC-01,CLARO S.A.,50409889580,010,105752021,405606001,AVENIDA JOSÉ GERTUM,,RS,4314902,100MG7W,NR,SA-NSA,,3350,3350,140,FB,,,760,,24.9,25,13.5,-1,X,29,102792102519,204,-30.0373,-51.16063,G,2023-11-17,2003-04-23,,f26415f8574205f6,2041-12-08,,,Porto Alegre
LIC-LIC-01,CLARO S.A.,50409889580,010,105752021,405606001,AVENIDA JOSÉ GERTUM,,RS,4314902,100MG7W,NR,SA-NSA,,3350,3350,270,FB,,,760,,24.9,25,13.5,-2,X,29,102792102519,204,-30.0373,-51.16063,G,2023-11-17,2003-04-23,,f26415f8574205f7,2041-12-08,,,Porto Alegre
LIC-LIC-01,CLARO S.A.,50409889580,010,105752021,405606001,AVENIDA JOSÉ GERTUM,,RS,4314902,50M0G7W,NR,SA-NSA,,2325,2325,20,FB,,,760,003692202519,24,25,70,-3,X,27,003692202519,50,-30.0373,-51.16063,G,2023-11-17,2003-04-23,,f26415f8574205f8,2041-12-08,,,Porto Alegre
LIC-LIC-01,CLARO S.A.,50409889580,010,105752021,405606001,AVENIDA JOSÉ GERTUM,,RS,4314902,50M0G7W,NR,SA-NSA,,2325,2325,140,FB,,,760,003692202519,24,25,70,-2,X,27,003692202519,50,-30.0373,-51.16063,G,2023-11-17,2003-04-23,,f26415f8574205f9,2041-12-08,,,Porto Alegre
LIC-LIC-01,CLARO S.A.,50409889580,010,105752021,405606001,AVENIDA JOSÉ GERTUM,,RS,4314902,50M0G7W,NR,SA-NSA,,2325,2325,270,FB,,,760,003692202519,24,25,70,-3,X,27,003692202519,50,-30.0373,-51.16063,G,2023-11-17,2003-04-23,,f26415f8574205fa,2041-12-08,,,Porto Alegre
LIC-LIC-01,CLARO S.A.,50409889580,010,105752021,405605722,R BUTUI,,RS,4314902,100MG7W,NR,SA-NSA,,3350,3350,80,FB,,,760,,23,25,13.5,0,X,33,072212102519,200,-30.08636,-51.24052,G,2023-11-10,2004-01-06,,f26415f857420625,2032-12-22,,,Porto Alegre
LIC-LIC-01,CLARO S.A.,50409889580,010,105752021,405605722,R BUTUI,,RS,4314902,100MG7W,NR,SA-NSA,,3350,3350,190,FB,,,760,,23,25,13.5,0,X,33,072212102519,200,-30.08636,-51.24052,G,2023-11-10,2004-01-06,,f26415f857420626,2032-12-22,,,Porto Alegre
LIC-LIC-01,CLARO S.A.,50409889580,010,105752021,405605722,R BUTUI,,RS,4314902,100MG7W,NR,SA-NSA,,3350,3350,285,FB,,,760,,23,25,13.5,0,X,33,072212102519,200,-30.08636,-51.24052,G,2023-11-10,2004-01-06,,f26415f857420627,2032-12-22,,,Porto Alegre
LIC-LIC-01,CLARO S.A.,50409889580,010,105752021,405605986,R LIVRAMENTO,,RS,4314902,100MG7W,NR,SA-NSA,,3350,3350,20,FB,,,760,,24.9,25,13.5,0,X,36,102792102519,204,-30.0467,-51.1991,G,2023-11-17,2004-01-06,,963c65f88afd09ed,2032-12-22,,,Porto Alegre
LIC-LIC-01,CLARO S.A.,50409889580,010,105752021,405605986,R LIVRAMENTO,,RS,4314902,100MG7W,NR,SA-NSA,,3350,3350,150,FB,,,760,,24.9,25,13.5,0,X,36,102792102519,204,-30.0467,-51.1991,G,2023-11-17,2004-01-06,,963c65f88afd09ee,2032-12-22,,,Porto Alegre
LIC-LIC-01,CLARO S.A.,50409889580,010,105752021,405605986,R LIVRAMENTO,,RS,4314902,50M0G7W,NR,SA-NSA,,2325,2325,20,FB,,,760,003692202519,24,25,70,0,X,34,003692202519,50,-30.0467,-51.1991,G,2023-11-17,2004-01-06,,963c65f88afd09f0,2032-12-22,,,Porto Alegre
LIC-LIC-01,CLARO S.A.,50409889580,010,105752021,405605986,R LIVRAMENTO,,RS,4314902,50M0G7W,NR,SA-NSA,,2325,2325,150,FB,,,760,003692202519,24,25,70,0,X,34,003692202519,50,-30.0467,-51.1991,G,2023-11-17,2004-01-06,,963c65f88afd09f1,2032-12-22,,,Porto Alegre
LIC-LIC-01,CLARO S.A.,50409889580,010,105752021,690207409,AV PROTÁSIO ALVES,,RS,4314902,100MG7W,NR,SA-NSA,,3350,3350,0,FB,,,760,,24.9,25,13.5,0,X,36,102792102519,204,-30.04036,-51.19718,G,2023-11-17,2008-04-07,,963c65f88afd0a08,2032-12-22,,,Porto Alegre
LIC-LIC-01,CLARO S.A.,50409889580,010,105752021,690207409,AV PROTÁSIO ALVES,,RS,4314902,100MG7W,NR,SA-NSA,,3350,3350,140,FB,,,760,,24.9,25,13.5,0,X,36,102792102519,204,-30.04036,-51.19718,G,2023-11-17,2008-04-07,,963c65f88afd0a09,2032-12-22,,,Porto Alegre
LIC-LIC-01,CLARO S.A.,50409889580,010,105752021,690207409,AV PROTÁSIO ALVES,,RS,4314902,100MG7W,NR,SA-NSA,,3350,3350,260,FB,,,760,,24.9,25,13.5,0,X,36,102792102519,204,-30.04036,-51.19718,G,2023-11-17,2008-04-07,,963c65f88afd0a0a,2032-12-22,,,Porto Alegre
LIC-LIC-01,CLARO S.A.,50409889580,010,105752021,690207409,AV PROTÁSIO ALVES,,RS,4314902,50M0G7W,NR,SA-NSA,,2325,2325,0,FB,,,760,003692202519,24,25,70,0,X,34,003692202519,50,-30.04036,-51.19718,G,2023-11-17,2008-04-07,,963c65f88afd0a0b,2032-12-22,,,Porto Alegre
LIC-LIC-01,CLARO S.A.,50409889580,010,105752021,690207409,AV PROTÁSIO ALVES,,RS,4314902,50M0G7W,NR,SA-NSA,,2325,2325,140,FB,,,760,003692202519,24,25,70,0,X,34,003692202519,50,-30.04036,-51.19718,G,2023-11-17,2008-04-07,,963c65f88afd0a0c,2032-12-22,,,Porto Alegre
LIC-LIC-01,CLARO S.A.,50409889580,010,105752021,690207409,AV PROTÁSIO ALVES,,RS,4314902,50M0G7W,NR,SA-NSA,,2325,2325,260,FB,,,760,003692202519,24,25,70,0,X,34,003692202519,50,-30.04036,-51.19718,G,2023-11-17,2008-04-07,,963c65f88afd0a0d,2032-12-22,,,Porto Alegre
LIC-LIC-01,CLARO S.A.,50409889580,010,105752021,405604947,R SÃO MANOEL,,RS,4314902,100MG7W,NR,SA-NSA,,3350,3350,40,FB,,,760,,24.9,25,13.5,0,X,33,102792102519,204,-30.03886,-51.20479,G,2023-11-10,2004-01-06,,963c65f88afd0a2f,2032-12-22,,,Porto Alegre
LIC-LIC-01,CLARO S.A.,50409889580,010,105752021,405604947,R SÃO MANOEL,,RS,4314902,100MG7W,NR,SA-NSA,,3350,3350,150,FB,,,760,,24.9,25,13.5,0,X,33,102792102519,204,-30.03886,-51.20479,G,2023-11-10,2004-01-06,,963c65f88afd0a30,2032-12-22,,,Porto Alegre
LIC-LIC-01,CLARO S.A.,50409889580,010,105752021,405604947,R SÃO MANOEL,,RS,4314902,100MG7W,NR,SA-NSA,,3350,3350,290,FB,,,760,,24.9,25,13.5,0,X,33,102792102519,204,-30.03886,-51.20479,G,2023-11-10,2004-01-06,,963c65f88afd0a31,2032-12-22,,,Porto Alegre
LIC-LIC-01,CLARO S.A.,50409889580,010,105752021,405604947,R SÃO MANOEL,,RS,4314902,50M0G7W,NR,SA-NSA,,2325,2325,40,FB,,,760,003692202519,24,25,70,0,X,32,003692202519,50,-30.03886,-51.20479,G,2023-11-10,2004-01-06,,963c65f88afd0a32,2032-12-22,,,Porto Alegre
LIC-LIC-01,CLARO S.A.,50409889580,010,105752021,405604947,R SÃO MANOEL,,RS,4314902,50M0G7W,NR,SA-NSA,,2325,2325,150,FB,,,760,003692202519,24,25,70,0,X,32,003692202519,50,-30.03886,-51.20479,G,2023-11-10,2004-01-06,,963c65f88afd0a33,2032-12-22,,,Porto Alegre
LIC-LIC-01,CLARO S.A.,50409889580,010,105752021,405604947,R SÃO MANOEL,,RS,4314902,50M0G7W,NR,SA-NSA,,2325,2325,290,FB,,,760,003692202519,24,25,70,0,X,32,003692202519,50,-30.03886,-51.20479,G,2023-11-10,2004-01-06,,963c65f88afd0a34,2032-12-22,,,Porto Alegre
LIC-LIC-01,CLARO S.A.,50409889580,010,105752021,405605994,R ALVARES MACHADO,,RS,4314902,100MG7W,NR,SA-NSA,,3350,3350,0,FB,,,760,,24.9,25,13.5,-5,X,39,102792102519,204,-30.0457,-51.1868,G,2024-07-04,1999-01-01,,963c65f88afd0a41,2041-12-08,,,Porto Alegre
LIC-LIC-01,CLARO S.A.,50409889580,010,105752021,405605994,R ALVARES MACHADO,,RS,4314902,100MG7W,NR,SA-NSA,,3350,3350,120,FB,,,760,,24.9,25,13.5,-5,X,39,102792102519,204,-30.0457,-51.1868,G,2024-07-04,1999-01-01,,963c65f88afd0a43,2041-12-08,,,Porto Alegre
LIC-LIC-01,CLARO S.A.,50409889580,010,105752021,405605994,R ALVARES MACHADO,,RS,4314902,50M0G7W,NR,SA-NSA,,2325,2325,0,FB,,,760,003692202519,24,25,70,-5,X,38,003692202519,50,-30.0457,-51.1868,G,2024-07-04,1999-01-01,,963c65f88afd0a44,2041-12-08,,,Porto Alegre
LIC-LIC-01,CLARO S.A.,50409889580,010,105752021,405605994,R ALVARES MACHADO,,RS,4314902,50M0G7W,NR,SA-NSA,,2325,2325,120,FB,,,760,003692202519,24,25,70,-5,X,38,003692202519,50,-30.0457,-51.1868,G,2024-07-04,1999-01-01,,963c65f88afd0a46,2041-12-08,,,Porto Alegre
LIC-LIC-01,CLARO S.A.,50409889580,010,105752021,1005313170,AV GETÚLIO VARGAS,,RS,4314902,100MG7W,NR,SA-NSA,,3350,3350,215,FB,,,760,,23,25,13.5,-2,X,40,072212102519,200,-30.05986,-51.22346,G,2023-11-17,2017-10-09,,963c65f88afd0a81,2032-12-22,,,Porto Alegre
LIC-LIC-01,CLARO S.A.,50409889580,010,105752021,689714076,R DEMÉTRIO RIBEIRO,,RS,4314902,100MG7W,NR,SA-NSA,,3350,3350,70,FB,,,760,,24.9,25,13.5,0,X,30.5,102792102519,204,-30.0355,-51.2384,G,2023-11-16,2007-11-14,,963c65f88afd0ab2,2032-12-22,,,Porto Alegre
LIC-LIC-01,CLARO S.A.,50409889580,010,105752021,689714076,R DEMÉTRIO RIBEIRO,,RS,4314902,100MG7W,NR,SA-NSA,,3350,3350,190,FB,,,760,,24.9,25,13.5,0,X,30.5,102792102519,204,-30.0355,-51.2384,G,2023-11-16,2007-11-14,,963c65f88afd0ab3,2032-12-22,,,Porto Alegre
LIC-LIC-01,CLARO S.A.,50409889580,010,105752021,689714076,R DEMÉTRIO RIBEIRO,,RS,4314902,100MG7W,NR,SA-NSA,,3350,3350,290,FB,,,760,,24.9,25,13.5,0,X,30.5,102792102519,204,-30.0355,-51.2384,G,2023-11-16,2007-11-14,,963c65f88afd0ab4,2032-12-22,,,Porto Alegre
LIC-LIC-01,CLARO S.A.,50409889580,010,105752021,687281369,R CARLOS SILVEIRA MARTINS PACHECO,,RS,4314902,100MG7W,NR,SA-NSA,,3350,3350,30,FB,,,760,,24.9,25,13.5,0,X,41,102792102519,204,-30.01119,-51.15962,G,2023-11-10,2005-07-21,,963c65f88afd0b1b,2032-12-22,,,Porto Alegre
LIC-LIC-01,CLARO S.A.,50409889580,010,105752021,687281369,R CARLOS SILVEIRA MARTINS PACHECO,,RS,4314902,100MG7W,NR,SA-NSA,,3350,3350,120,FB,,,760,,24.9,25,13.5,0,X,41,102792102519,204,-30.01119,-51.15962,G,2023-11-10,2005-07-21,,963c65f88afd0b1c,2032-12-22,,,Porto Alegre
LIC-LIC-01,CLARO S.A.,50409889580,010,105752021,687281369,R CARLOS SILVEIRA MARTINS PACHECO,,RS,4314902,100MG7W,NR,SA-NSA,,3350,3350,180,FB,,,760,,24.9,25,13.5,0,X,41,102792102519,204,-30.01119,-51.15962,G,2023-11-10,2005-07-21,,963c65f88afd0b1d,2032-12-22,,,Porto Alegre
LIC-LIC-01,CLARO S.A.,50409889580,010,105752021,405604408,R ERNESTO ALVES,,RS,4314902,100MG7W,NR,SA-NSA,,3350,3350,45,FB,,,760,,24.9,25,13.5,-3,X,33,102792102519,204,-30.0255,-51.2145,G,2023-11-16,2004-02-13,,963c65f88afd0b30,2032-12-22,,,Porto Alegre
LIC-LIC-01,CLARO S.A.,50409889580,010,105752021,405604408,R ERNESTO ALVES,,RS,4314902,100MG7W,NR,SA-NSA,,3350,3350,150,FB,,,760,,24.9,25,13.5,-3,X,33,102792102519,204,-30.0255,-51.2145,G,2023-11-16,2004-02-13,,963c65f88afd0b31,2032-12-22,,,Porto Alegre
LIC-LIC-01,CLARO S.A.,50409889580,010,105752021,405604408,R ERNESTO ALVES,,RS,4314902,100MG7W,NR,SA-NSA,,3350,3350,240,FB,,,760,,24.9,25,13.5,-3,X,33,102792102519,204,-30.0255,-51.2145,G,2023-11-16,2004-02-13,,963c65f88afd0b32,2032-12-22,,,Porto Alegre
LIC-LIC-01,CLARO S.A.,50409889580,010,105752021,405604408,R ERNESTO ALVES,,RS,4314902,50M0G7W,NR,SA-NSA,,2325,2325,45,FB,,,760,003692202519,24,25,70,-3,X,32,003692202519,50,-30.0255,-51.2145,G,2023-11-16,2004-02-13,,963c65f88afd0b33,2032-12-22,,,Porto Alegre
LIC-LIC-01,CLARO S.A.,50409889580,010,105752021,405604408,R ERNESTO ALVES,,RS,4314902,50M0G7W,NR,SA-NSA,,2325,2325,150,FB,,,760,003692202519,24,25,70,-3,X,32,003692202519,50,-30.0255,-51.2145,G,2023-11-16,2004-02-13,,963c65f88afd0b34,2032-12-22,,,Porto Alegre
LIC-LIC-01,CLARO S.A.,50409889580,010,105752021,405604530,R DEMÉTRIO RIBEIRO,,RS,4314902,100MG7W,NR,SA-NSA,,3350,3350,35,FB,,,760,,24.9,25,13.5,0,X,39,102792102519,204,-30.036,-51.2333,G,2024-07-04,2004-01-06,,963c65f88afd0b57,2041-12-08,,,Porto Alegre
LIC-LIC-01,CLARO S.A.,50409889580,010,105752021,405604530,R DEMÉTRIO RIBEIRO,,RS,4314902,100MG7W,NR,SA-NSA,,3350,3350,170,FB,,,760,,24.9,25,13.5,-2,X,39,102792102519,204,-30.036,-51.2333,G,2024-07-04,2004-01-06,,963c65f88afd0b58,2041-12-08,,,Porto Alegre
LIC-LIC-01,CLARO S.A.,50409889580,010,105752021,405604530,R DEMÉTRIO RIBEIRO,,RS,4314902,100MG7W,NR,SA-NSA,,3350,3350,240,FB,,,760,,24.9,25,13.5,-1,X,39,102792102519,204,-30.036,-51.2333,G,2024-07-04,2004-01-06,,963c65f88afd0b59,2041-12-08,,,Porto Alegre
LIC-LIC-01,CLARO S.A.,50409889580,010,105752021,405604874,R OLAVO BILAC,,RS,4314902,100MG7W,NR,SA-NSA,,3350,3350,330,FB,,,760,,24.9,25,13.5,-3,X,32.4,102792102519,204,-30.04356,-51.21839,G,2024-05-14,2004-01-06,,963c65f8a4d102df,2041-12-08,,,Porto Alegre
LIC-LIC-01,CLARO S.A.,50409889580,010,105752021,405604874,R OLAVO BILAC,,RS,4314902,100MG7W,NR,SA-NSA,,3350,3350,100,FB,,,760,,24.9,25,13.5,-3,X,32.4,102792102519,204,-30.04356,-51.21839,G,2024-05-14,2004-01-06,,963c65f8a4d102e0,2041-12-08,,,Porto Alegre
LIC-LIC-01,CLARO S.A.,50409889580,010,105752021,405604874,R OLAVO BILAC,,RS,4314902,100MG7W,NR,SA-NSA,,3350,3350,240,FB,,,760,,24.9,25,13.5,-3,X,32.4,102792102519,204,-30.04356,-51.21839,G,2024-05-14,2004-01-06,,963c65f8a4d102e1,2041-12-08,,,Porto Alegre
LIC-LIC-01,CLARO S.A.,50409889580,010,105752021,405604874,R OLAVO BILAC,,RS,4314902,50M0G7W,NR,SA-NSA,,2325,2325,330,FB,,,760,003692202519,24,25,70,-3,X,31.5,003692202519,50,-30.04356,-51.21839,G,2024-05-14,2004-01-06,,963c65f8a4d102e2,2041-12-08,,,Porto Alegre
LIC-LIC-01,CLARO S.A.,50409889580,010,105752021,405604874,R OLAVO BILAC,,RS,4314902,50M0G7W,NR,SA-NSA,,2325,2325,100,FB,,,760,003692202519,24,25,70,-3,X,31.5,003692202519,50,-30.04356,-51.21839,G,2024-05-14,2004-01-06,,963c65f8a4d102e3,2041-12-08,,,Porto Alegre
LIC-LIC-01,CLARO S.A.,50409889580,010,105752021,405604874,R OLAVO BILAC,,RS,4314902,50M0G7W,NR,SA-NSA,,2325,2325,240,FB,,,760,003692202519,24,25,70,-3,X,31.5,003692202519,50,-30.04356,-51.21839,G,2024-05-14,2004-01-06,,963c65f8a4d102e4,2041-12-08,,,Porto Alegre
LIC-LIC-01,CLARO S.A.,50409889580,010,105752021,690761520,R DARIO PEDERNEIRAS,,RS,4314902,100MG7W,NR,SA-NSA,,3350,3350,15,FB,,,760,,24.9,25,13.5,-2,X,49,102792102519,204,-30.04893,-51.19413,G,2023-11-17,2008-11-04,,963c65f8a4d10300,2032-12-22,,,Porto Alegre
LIC-LIC-01,CLARO S.A.,50409889580,010,105752021,690761520,R DARIO PEDERNEIRAS,,RS,4314902,100MG7W,NR,SA-NSA,,3350,3350,130,FB,,,760,,24.9,25,13.5,-4,X,49,102792102519,204,-30.04893,-51.19413,G,2023-11-17,2008-11-04,,963c65f8a4d10301,2032-12-22,,,Porto Alegre
LIC-LIC-01,CLARO S.A.,50409889580,010,105752021,690761520,R DARIO PEDERNEIRAS,,RS,4314902,100MG7W,NR,SA-NSA,,3350,3350,240,FB,,,760,,24.9,25,13.5,-2,X,49,102792102519,204,-30.04893,-51.19413,G,2023-11-17,2008-11-04,,963c65f8a4d10302,2032-12-22,,,Porto Alegre
LIC-LIC-01,CLARO S.A.,50409889580,010,105752021,690761520,R DARIO PEDERNEIRAS,,RS,4314902,50M0G7W,NR,SA-NSA,,2325,2325,15,FB,,,760,003692202519,24,25,70,-2,X,48,003692202519,50,-30.04893,-51.19413,G,2023-11-17,2008-11-04,,963c65f8a4d10303,2032-12-22,,,Porto Alegre
LIC-LIC-01,CLARO S.A.,50409889580,010,105752021,690761520,R DARIO PEDERNEIRAS,,RS,4314902,50M0G7W,NR,SA-NSA,,2325,2325,130,FB,,,760,003692202519,24,25,70,-4,X,48,003692202519,50,-30.04893,-51.19413,G,2023-11-17,2008-11-04,,963c65f8a4d10304,2032-12-22,,,Porto Alegre
LIC-LIC-01,CLARO S.A.,50409889580,010,105752021,690761520,R DARIO PEDERNEIRAS,,RS,4314902,50M0G7W,NR,SA-NSA,,2325,2325,240,FB,,,760,003692202519,24,25,70,-2,X,48,003692202519,50,-30.04893,-51.19413,G,2023-11-17,2008-11-04,,963c65f8a4d10305,2032-12-22,,,Porto Alegre
LIC-LIC-01,CLARO S.A.,50409889580,010,105752021,696493594,R VIGÁRIO JOSÉ INÁCIO,,RS,4314902,100MG7W,NR,SA-NSA,,3350,3350,50,FB,,,760,,24.9,25,13.5,-5,X,60,102792102519,204,-30.03066,-51.22599,G,2023-11-16,2012-01-27,,963c65f8a4d1031b,2032-12-22,,,Porto Alegre
LIC-LIC-01,CLARO S.A.,50409889580,010,105752021,696493594,R VIGÁRIO JOSÉ INÁCIO,,RS,4314902,100MG7W,NR,SA-NSA,,3350,3350,140,FB,,,760,,24.9,25,13.5,-4,X,60,102792102519,204,-30.03066,-51.22599,G,2023-11-16,2012-01-27,,963c65f8a4d1031c,2032-12-22,,,Porto Alegre
LIC-LIC-01,CLARO S.A.,50409889580,010,105752021,696493594,R VIGÁRIO JOSÉ INÁCIO,,RS,4314902,100MG7W,NR,SA-NSA,,3350,3350,275,FB,,,760,,24.9,25,13.5,-4,X,60,102792102519,204,-30.03066,-51.22599,G,2023-11-16,2012-01-27,,963c65f8a4d1031d,2032-12-22,,,Porto Alegre
LIC-LIC-01,CLARO S.A.,50409889580,010,105752021,1005878100,RUA DR. NAPOLEÃO LAUREANO,,RS,4314902,100MG7W,NR,SA-NSA,,3350,3350,190,FB,,,760,,23,25,13.5,-1,X,26,072212102519,200,-30.01567,-51.17553,G,2023-11-10,2018-03-07,,963c65f8a4d1036d,2041-12-08,,,Porto Alegre
LIC-LIC-01,CLARO S.A.,50409889580,010,105752021,1005878100,RUA DR. NAPOLEÃO LAUREANO,,RS,4314902,100MG7W,NR,SA-NSA,,3350,3350,300,FB,,,760,,23,25,13.5,-3,X,26,072212102519,200,-30.01567,-51.17553,G,2023-11-10,2018-03-07,,963c65f8a4d1036e,2041-12-08,,,Porto Alegre
LIC-LIC-01,CLARO S.A.,50409889580,010,105752021,405606117,R VIEIRA DE CASTRO,AO LADO IMÓVEL 158,RS,4314902,100MG7W,NR,SA-NSA,,3350,3350,10,FB,,,760,,24.9,25,13.5,-4,X,40.5,102792102519,204,-30.03916,-51.21172,G,2023-10-26,1999-01-01,,963c65f8a4d10372,2028-04-15,,,Porto Alegre
LIC-LIC-01,CLARO S.A.,50409889580,010,105752021,405606117,R VIEIRA DE CASTRO,AO LADO IMÓVEL 158,RS,4314902,100MG7W,NR,SA-NSA,,3350,3350,150,FB,,,760,,24.9,25,13.5,-3,X,40.5,102792102519,204,-30.03916,-51.21172,G,2023-10-26,1999-01-01,,963c65f8a4d10373,2028-04-15,,,Porto Alegre
LIC-LIC-01,CLARO S.A.,50409889580,010,105752021,405606117,R VIEIRA DE CASTRO,AO LADO IMÓVEL 158,RS,4314902,100MG7W,NR,SA-NSA,,3350,3350,250,FB,,,760,,24.9,25,13.5,-3,X,40.5,102792102519,204,-30.03916,-51.21172,G,2023-10-26,1999-01-01,,963c65f8a4d10374,2028-04-15,,,Porto Alegre
LIC-LIC-01,CLARO S.A.,50409889580,010,105752021,405604351,R CORONEL VICENTE,COND. ED. COLÚMBIA,RS,4314902,100MG7W,NR,SA-NSA,,3350,3350,20,FB,,,760,,24.9,25,13.5,-3,X,39.5,102792102519,204,-30.02838,-51.22107,G,2024-06-05,2004-01-06,,8e8d95f8c8df3bdc,2041-12-08,,,Porto Alegre
LIC-LIC-01,CLARO S.A.,50409889580,010,105752021,405604351,R CORONEL VICENTE,COND. ED. COLÚMBIA,RS,4314902,100MG7W,NR,SA-NSA,,3350,3350,120,FB,,,760,,24.9,25,13.5,-2,X,39.5,102792102519,204,-30.02838,-51.22107,G,2024-06-05,2004-01-06,,8e8d95f8c8df3bdd,2041-12-08,,,Porto Alegre
LIC-LIC-01,CLARO S.A.,50409889580,010,105752021,405604351,R CORONEL VICENTE,COND. ED. COLÚMBIA,RS,4314902,100MG7W,NR,SA-NSA,,3350,3350,245,FB,,,760,,24.9,25,13.5,-3,X,39.5,102792102519,204,-30.02838,-51.22107,G,2024-06-05,2004-01-06,,8e8d95f8c8df3bde,2041-12-08,,,Porto Alegre
LIC-LIC-01,CLARO S.A.,50409889580,010,105752021,405604351,R CORONEL VICENTE,COND. ED. COLÚMBIA,RS,4314902,50M0G7W,NR,SA-NSA,,2325,2325,20,FB,,,760,003692202519,24,25,70,-4,X,38.5,003692202519,50,-30.02838,-51.22107,G,2024-06-05,2004-01-06,,8e8d95f8c8df3bdf,2041-12-08,,,Porto Alegre
LIC-LIC-01,CLARO S.A.,50409889580,010,105752021,405604351,R CORONEL VICENTE,COND. ED. COLÚMBIA,RS,4314902,50M0G7W,NR,SA-NSA,,2325,2325,120,FB,,,760,003692202519,24,25,70,-3,X,38.5,003692202519,50,-30.02838,-51.22107,G,2024-06-05,2004-01-06,,8e8d95f8c8df3be0,2041-12-08,,,Porto Alegre
LIC-LIC-01,CLARO S.A.,50409889580,010,105752021,405604351,R CORONEL VICENTE,COND. ED. COLÚMBIA,RS,4314902,50M0G7W,NR,SA-NSA,,2325,2325,245,FB,,,760,003692202519,24,25,70,-3,X,38.5,003692202519,50,-30.02838,-51.22107,G,2024-06-05,2004-01-06,,8e8d95f8c8df3be1,2041-12-08,,,Porto Alegre
LIC-LIC-01,CLARO S.A.,50409889580,010,105752021,405604629,R GARIBALDI,,RS,4314902,100MG7W,NR,SA-NSA,,3350,3350,10,FB,,,760,,24.9,25,13.5,-2,X,35,102792102519,204,-30.03113,-51.21545,G,2023-11-17,2008-11-04,,8e8d95f8c8df3c09,2032-12-22,,,Porto Alegre
LIC-LIC-01,CLARO S.A.,50409889580,010,105752021,405604629,R GARIBALDI,,RS,4314902,100MG7W,NR,SA-NSA,,3350,3350,120,FB,,,760,,24.9,25,13.5,-2,X,35,102792102519,204,-30.03113,-51.21545,G,2023-11-17,2008-11-04,,8e8d95f8c8df3c0a,2032-12-22,,,Porto Alegre
LIC-LIC-01,CLARO S.A.,50409889580,010,105752021,405604629,R GARIBALDI,,RS,4314902,100MG7W,NR,SA-NSA,,3350,3350,230,FB,,,760,,24.9,25,13.5,-2,X,35,102792102519,204,-30.03113,-51.21545,G,2023-11-17,2008-11-04,,8e8d95f8c8df3c0b,2032-12-22,,,Porto Alegre
LIC-LIC-01,CLARO S.A.,50409889580,010,105752021,405604629,R GARIBALDI,,RS,4314902,50M0G7W,NR,SA-NSA,,2325,2325,10,FB,,,760,003692202519,24,25,70,-2,X,34,003692202519,50,-30.03113,-51.21545,G,2023-11-17,2008-11-04,,8e8d95f8c8df3c0c,2032-12-22,,,Porto Alegre
LIC-LIC-01,CLARO S.A.,50409889580,010,105752021,405604629,R GARIBALDI,,RS,4314902,50M0G7W,NR,SA-NSA,,2325,2325,120,FB,,,760,003692202519,24,25,70,-2,X,34,003692202519,50,-30.03113,-51.21545,G,2023-11-17,2008-11-04,,8e8d95f8c8df3c0d,2032-12-22,,,Porto Alegre
LIC-LIC-01,CLARO S.A.,50409889580,010,105752021,405604629,R GARIBALDI,,RS,4314902,50M0G7W,NR,SA-NSA,,2325,2325,230,FB,,,760,003692202519,24,25,70,-2,X,34,003692202519,50,-30.03113,-51.21545,G,2023-11-17,2008-11-04,,8e8d95f8c8df3c0e,2032-12-22,,,Porto Alegre
LIC-LIC-01,CLARO S.A.,50409889580,010,105752021,696729121,PC RUI BARBOSA,,RS,4314902,100MG7W,NR,SA-NSA,,3350,3350,40,FB,,,760,,24.9,25,13.5,0,X,41.5,102792102519,204,-30.02669,-51.22397,G,2023-11-16,2012-04-11,,afac15f82ad67b1d,2032-12-22,,,Porto Alegre
LIC-LIC-01,CLARO S.A.,50409889580,010,105752021,696729121,PC RUI BARBOSA,,RS,4314902,100MG7W,NR,SA-NSA,,3350,3350,140,FB,,,760,,24.9,25,13.5,0,X,41.5,102792102519,204,-30.02669,-51.22397,G,2023-11-16,2012-04-11,,afac15f82ad67b1e,2032-12-22,,,Porto Alegre
LIC-LIC-01,CLARO S.A.,50409889580,010,105752021,696729121,PC RUI BARBOSA,,RS,4314902,100MG7W,NR,SA-NSA,,3350,3350,240,FB,,,760,,24.9,25,13.5,0,X,41.5,102792102519,204,-30.02669,-51.22397,G,2023-11-16,2012-04-11,,afac15f82ad67b1f,2032-12-22,,,Porto Alegre
LIC-LIC-01,CLARO S.A.,50409889580,010,105752021,696729121,PC RUI BARBOSA,,RS,4314902,50M0G7W,NR,SA-NSA,,2325,2325,40,FB,,,760,003692202519,24,25,70,0,X,40.5,003692202519,50,-30.02669,-51.22397,G,2023-11-16,2012-04-11,,afac15f82ad67b20,2032-12-22,,,Porto Alegre
LIC-LIC-01,CLARO S.A.,50409889580,010,105752021,696729121,PC RUI BARBOSA,,RS,4314902,50M0G7W,NR,SA-NSA,,2325,2325,140,FB,,,760,003692202519,24,25,70,0,X,40.5,003692202519,50,-30.02669,-51.22397,G,2023-11-16,2012-04-11,,afac15f82ad67b21,2032-12-22,,,Porto Alegre
LIC-LIC-01,CLARO S.A.,50409889580,010,105752021,696729121,PC RUI BARBOSA,,RS,4314902,50M0G7W,NR,SA-NSA,,2325,2325,240,FB,,,760,003692202519,24,25,70,0,X,40.5,003692202519,50,-30.02669,-51.22397,G,2023-11-16,2012-04-11,,afac15f82ad67b22,2032-12-22,,,Porto Alegre
LIC-LIC-01,CLARO S.A.,50409889580,010,105752021,686178408,R ANTÔNIO RIBEIRO,COND ED QUARTA AVENIDA,RS,4314902,100MG7W,NR,SA-NSA,,3350,3350,180,FB,,,760,,23,25,13.5,0,X,20,072212102519,200,-30.0577,-51.1966,G,2023-11-10,2005-03-04,,cd9e05f814791ea4,2032-12-22,,,Porto Alegre
LIC-LIC-01,CLARO S.A.,50409889580,010,105752021,686178408,R ANTÔNIO RIBEIRO,COND ED QUARTA AVENIDA,RS,4314902,100MG7W,NR,SA-NSA,,3350,3350,330,FB,,,760,,23,25,13.5,0,X,20,072212102519,200,-30.0577,-51.1966,G,2023-11-10,2005-03-04,,cd9e05f814791ea5,2032-12-22,,,Porto Alegre
LIC-LIC-01,CLARO S.A.,50409889580,010,105752021,686178408,R ANTÔNIO RIBEIRO,COND ED QUARTA AVENIDA,RS,4314902,100MG7W,NR,SA-NSA,,3350,3350,75,FB,,,760,,23,25,13.5,0,X,20,072212102519,200,-30.0577,-51.1966,G,2023-11-10,2005-03-04,,cd9e05f814791ea6,2032-12-22,,,Porto Alegre
LIC-LIC-01,CLARO S.A.,50409889580,010,105752021,1008386674,R ALFREDO SCHUETT,TRÊS FIGUIERAS TÊNIS CLUBE,RS,4314902,100MG7W,NR,SA-NSA,,3350,3350,30,FB,,,760,,24.9,25,13.5,0,X,17.5,102792102519,204,-30.03389,-51.16884,G,2024-08-21,2021-11-17,,cd9e05f814791ec8,2041-12-08,,,Porto Alegre
LIC-LIC-01,CLARO S.A.,50409889580,010,105752021,1008386674,R ALFREDO SCHUETT,TRÊS FIGUIERAS TÊNIS CLUBE,RS,4314902,100MG7W,NR,SA-NSA,,3350,3350,170,FB,,,760,,24.9,25,13.5,0,X,17.5,102792102519,204,-30.03389,-51.16884,G,2024-08-21,2021-11-17,,cd9e05f814791ec9,2041-12-08,,,Porto Alegre
LIC-LIC-01,CLARO S.A.,50409889580,010,105752021,1008386674,R ALFREDO SCHUETT,TRÊS FIGUIERAS TÊNIS CLUBE,RS,4314902,100MG7W,NR,SA-NSA,,3350,3350,275,FB,,,760,,24.9,25,13.5,0,X,17.5,102792102519,204,-30.03389,-51.16884,G,2024-08-21,2021-11-17,,cd9e05f814791eca,2041-12-08,,,Porto Alegre
LIC-LIC-01,CLARO S.A.,50409889580,010,105752021,405605811,AV PARÁ,,RS,4314902,100MG7W,NR,SA-NSA,,3350,3350,20,FB,,,760,,23,25,13.5,0,X,33,072212102519,200,-30.00769,-51.1979,G,2023-11-17,2004-01-06,,cd9e05f814791edd,2032-12-22,,,Porto Alegre
LIC-LIC-01,CLARO S.A.,50409889580,010,105752021,405605811,AV PARÁ,,RS,4314902,100MG7W,NR,SA-NSA,,3350,3350,135,FB,,,760,,23,25,13.5,0,X,33,072212102519,200,-30.00769,-51.1979,G,2023-11-17,2004-01-06,,cd9e05f814791ede,2032-12-22,,,Porto Alegre
LIC-LIC-01,CLARO S.A.,50409889580,010,105752021,405605811,AV PARÁ,,RS,4314902,100MG7W,NR,SA-NSA,,3350,3350,240,FB,,,760,,23,25,13.5,0,X,33,072212102519,200,-30.00769,-51.1979,G,2023-11-17,2004-01-06,,cd9e05f814791edf,2032-12-22,,,Porto Alegre
LIC-LIC-01,CLARO S.A.,50409889580,010,105752021,405605978,AVENIDA ENGENHEIRO ARY DE ABREU LIMA,,RS,4314902,100MG7W,NR,SA-NSA,,3350,3350,10,FB,,,760,,23,25,13.5,-3,X,36,072212102519,200,-30.026,-51.15365,G,2024-05-27,2004-01-06,,cd9e05f814791f25,2041-12-08,,,Porto Alegre
LIC-LIC-01,CLARO S.A.,50409889580,010,105752021,405605978,AVENIDA ENGENHEIRO ARY DE ABREU LIMA,,RS,4314902,100MG7W,NR,SA-NSA,,3350,3350,120,FB,,,760,,23,25,13.5,-3,X,36,072212102519,200,-30.026,-51.15365,G,2024-05-27,2004-01-06,,cd9e05f814791f26,2041-12-08,,,Porto Alegre
LIC-LIC-01,CLARO S.A.,50409889580,010,105752021,405605978,AVENIDA ENGENHEIRO ARY DE ABREU LIMA,,RS,4314902,100MG7W,NR,SA-NSA,,3350,3350,240,FB,,,760,,23,25,13.5,-2,X,36,072212102519,200,-30.026,-51.15365,G,2024-05-27,2004-01-06,,cd9e05f814791f27,2041-12-08,,,Porto Alegre
LIC-LIC-01,CLARO S.A.,50409889580,010,105752021,1012569869,AV MAUA,CASA_SHOW/EVENTOS : EMBARCADERO,RS,4314902,100MG7W,NR,SA-NSA,,3350,3350,0,FB,,,168,,1,20,1,0,V,2.5,127432102519,0.25,-30.03167,-51.24036,E,2023-11-17,2021-11-03,,762525f83312b1c3,2041-12-08,,,Porto Alegre
LIC-LIC-01,CLARO S.A.,50409889580,010,105752021,535724489,R DOUTOR FLORES,,RS,4314902,100MG7W,NR,SA-NSA,,3350,3350,190,FB,,,760,,24.9,25,13.5,-4,X,38,102792102519,204,-30.02877,-51.22446,G,2024-04-04,2000-10-02,,6ae915f881d929ae,2041-12-08,,,Porto Alegre
LIC-LIC-01,CLARO S.A.,50409889580,010,105752021,535724489,R DOUTOR FLORES,,RS,4314902,100MG7W,NR,SA-NSA,,3350,3350,270,FB,,,760,,24.9,25,13.5,-3,X,38,102792102519,204,-30.02877,-51.22446,G,2024-04-04,2000-10-02,,6ae915f881d929af,2041-12-08,,,Porto Alegre
LIC-LIC-01,CLARO S.A.,50409889580,010,105752021,535724489,R DOUTOR FLORES,,RS,4314902,100MG7W,NR,SA-NSA,,3350,3350,40,FB,,,760,,24.9,25,13.5,-3,X,38,102792102519,204,-30.02877,-51.22446,G,2024-04-04,2000-10-02,,6ae915f881d929b0,2041-12-08,,,Porto Alegre
LIC-LIC-01,CLARO S.A.,50409889580,010,105752021,535724489,R DOUTOR FLORES,,RS,4314902,50M0G7W,NR,SA-NSA,,2325,2325,190,FB,,,760,003692202519,24,25,70,-5,X,37,003692202519,50,-30.02877,-51.22446,G,2024-04-04,2000-10-02,,6ae915f881d929b1,2041-12-08,,,Porto Alegre
LIC-LIC-01,CLARO S.A.,50409889580,010,105752021,535724489,R DOUTOR FLORES,,RS,4314902,50M0G7W,NR,SA-NSA,,2325,2325,270,FB,,,760,003692202519,24,25,70,-6,X,37,003692202519,50,-30.02877,-51.22446,G,2024-04-04,2000-10-02,,6ae915f881d929b2,2041-12-08,,,Porto Alegre
LIC-LIC-01,CLARO S.A.,50409889580,010,105752021,535724489,R DOUTOR FLORES,,RS,4314902,50M0G7W,NR,SA-NSA,,2325,2325,40,FB,,,760,003692202519,24,25,70,-6,X,37,003692202519,50,-30.02877,-51.22446,G,2024-04-04,2000-10-02,,6ae915f881d929b3,2041-12-08,,,Porto Alegre
LIC-LIC-01,CLARO S.A.,50409889580,010,105752021,690823916,AV GUILHERME SCHELL,,RS,4314902,100MG7W,NR,SA-NSA,,3350,3350,20,FB,,,760,,23,25,13.5,0,X,35.6,072212102519,200,-30.05492,-51.20709,G,2023-11-10,2008-11-10,,6ae915f881d929ff,2032-12-22,,,Porto Alegre
LIC-LIC-01,CLARO S.A.,50409889580,010,105752021,690823916,AV GUILHERME SCHELL,,RS,4314902,100MG7W,NR,SA-NSA,,3350,3350,150,FB,,,760,,23,25,13.5,0,X,35.6,072212102519,200,-30.05492,-51.20709,G,2023-11-10,2008-11-10,,6ae915f881d92a00,2032-12-22,,,Porto Alegre
LIC-LIC-01,CLARO S.A.,50409889580,010,105752021,690823916,AV GUILHERME SCHELL,,RS,4314902,100MG7W,NR,SA-NSA,,3350,3350,260,FB,,,760,,23,25,13.5,0,X,35.6,072212102519,200,-30.05492,-51.20709,G,2023-11-10,2008-11-10,,6ae915f881d92a01,2032-12-22,,,Porto Alegre
LIC-LIC-01,CLARO S.A.,50409889580,010,105752021,535745060,R PROFESSOR ABÍLIO AZAMBUJA,,RS,4314902,100MG7W,NR,SA-NSA,,3350,3350,0,FB,,,760,,24.9,25,13.5,0,X,30,102792102519,204,-30.0478,-51.1657,G,2023-11-10,2000-10-02,,ab6725f828b75c8a,2032-12-22,,,Porto Alegre
LIC-LIC-01,CLARO S.A.,50409889580,010,105752021,535745060,R PROFESSOR ABÍLIO AZAMBUJA,,RS,4314902,100MG7W,NR,SA-NSA,,3350,3350,130,FB,,,760,,24.9,25,13.5,0,X,30,102792102519,204,-30.0478,-51.1657,G,2023-11-10,2000-10-02,,ab6725f828b75c8b,2032-12-22,,,Porto Alegre
LIC-LIC-01,CLARO S.A.,50409889580,010,105752021,535745060,R PROFESSOR ABÍLIO AZAMBUJA,,RS,4314902,100MG7W,NR,SA-NSA,,3350,3350,240,FB,,,760,,24.9,25,13.5,0,X,30,102792102519,204,-30.0478,-51.1657,G,2023-11-10,2000-10-02,,ab6725f828b75c8c,2032-12-22,,,Porto Alegre
LIC-LIC-01,CLARO S.A.,50409889580,010,105752021,535745060,R PROFESSOR ABÍLIO AZAMBUJA,,RS,4314902,50M0G7W,NR,SA-NSA,,2325,2325,0,FB,,,760,003692202519,24,25,70,0,X,29,003692202519,50,-30.0478,-51.1657,G,2023-11-10,2000-10-02,,ab6725f828b75c8d,2032-12-22,,,Porto Alegre
LIC-LIC-01,CLARO S.A.,50409889580,010,105752021,535745060,R PROFESSOR ABÍLIO AZAMBUJA,,RS,4314902,50M0G7W,NR,SA-NSA,,2325,2325,130,FB,,,760,003692202519,24,25,70,0,X,29,003692202519,50,-30.0478,-51.1657,G,2023-11-10,2000-10-02,,ab6725f828b75c8e,2032-12-22,,,Porto Alegre
LIC-LIC-01,CLARO S.A.,50409889580,010,105752021,535745060,R PROFESSOR ABÍLIO AZAMBUJA,,RS,4314902,50M0G7W,NR,SA-NSA,,2325,2325,240,FB,,,760,003692202519,24,25,70,0,X,29,003692202519,50,-30.0478,-51.1657,G,2023-11-10,2000-10-02,,ab6725f828b75c8f,2032-12-22,,,Porto Alegre
LIC-LIC-01,CLARO S.A.,50409889580,010,105752021,1005494158,R FELIZARDO,,RS,4314902,100MG7W,NR,SA-NSA,,3350,3350,30,FB,,,760,,24.9,25,13.5,-2,X,26.6,102792102519,204,-30.0516,-51.18294,G,2023-11-10,2017-12-19,,305645f898dcbab1,2032-12-22,,,Porto Alegre
LIC-LIC-01,CLARO S.A.,50409889580,010,105752021,1005494158,R FELIZARDO,,RS,4314902,100MG7W,NR,SA-NSA,,3350,3350,200,FB,,,760,,24.9,25,13.5,-3,X,26.6,102792102519,204,-30.0516,-51.18294,G,2023-11-10,2017-12-19,,305645f898dcbab2,2032-12-22,,,Porto Alegre
LIC-LIC-01,CLARO S.A.,50409889580,010,105752021,1005494158,R FELIZARDO,,RS,4314902,100MG7W,NR,SA-NSA,,3350,3350,280,FB,,,760,,24.9,25,13.5,-3,X,26.6,102792102519,204,-30.0516,-51.18294,G,2023-11-10,2017-12-19,,305645f898dcbab3,2032-12-22,,,Porto Alegre
LIC-LIC-01,CLARO S.A.,50409889580,010,105752021,1005494158,R FELIZARDO,,RS,4314902,50M0G7W,NR,SA-NSA,,2325,2325,30,FB,,,760,003692202519,24,25,70,-2,X,25.6,003692202519,50,-30.0516,-51.18294,G,2023-11-10,2017-12-19,,305645f898dcbab4,2032-12-22,,,Porto Alegre
LIC-LIC-01,CLARO S.A.,50409889580,010,105752021,1005494158,R FELIZARDO,,RS,4314902,50M0G7W,NR,SA-NSA,,2325,2325,200,FB,,,760,003692202519,24,25,70,-3,X,25.6,003692202519,50,-30.0516,-51.18294,G,2023-11-10,2017-12-19,,305645f898dcbab5,2032-12-22,,,Porto Alegre
LIC-LIC-01,CLARO S.A.,50409889580,010,105752021,1005494158,R FELIZARDO,,RS,4314902,50M0G7W,NR,SA-NSA,,2325,2325,280,FB,,,760,003692202519,24,25,70,-3,X,25.6,003692202519,50,-30.0516,-51.18294,G,2023-11-10,2017-12-19,,305645f898dcbab6,2032-12-22,,,Porto Alegre
LIC-LIC-01,CLARO S.A.,50409889580,010,105752021,405605471,AV DOUTOR CARLOS BARBOSA,,RS,4314902,100MG7W,NR,SA-NSA,,3350,3350,30,FB,,,760,,23,25,13.5,-2,X,39,072212102519,200,-30.0587,-51.2124,G,2023-11-10,2004-02-13,,305645f898dcbad8,2032-12-22,,,Porto Alegre
LIC-LIC-01,CLARO S.A.,50409889580,010,105752021,405605471,AV DOUTOR CARLOS BARBOSA,,RS,4314902,100MG7W,NR,SA-NSA,,3350,3350,120,FB,,,760,,23,25,13.5,-2,X,39,072212102519,200,-30.0587,-51.2124,G,2023-11-10,2004-02-13,,305645f898dcbad9,2032-12-22,,,Porto Alegre
LIC-LIC-01,CLARO S.A.,50409889580,010,105752021,405605471,AV DOUTOR CARLOS BARBOSA,,RS,4314902,100MG7W,NR,SA-NSA,,3350,3350,260,FB,,,760,,23,25,13.5,-2,X,39,072212102519,200,-30.0587,-51.2124,G,2023-11-10,2004-02-13,,305645f898dcbada,2032-12-22,,,Porto Alegre
LIC-LIC-01,CLARO S.A.,50409889580,010,105752021,405606079,AV BENTO GONÇALVES,ACESSO PELA PELA RUA CAPITÃO PEDRO WERLANG  1067,RS,4314902,100MG7W,NR,SA-NSA,,3350,3350,20,FB,,,760,,23,25,13.5,-4,X,38.5,072212102519,200,-30.0649,-51.1522,G,2023-11-10,2003-04-23,,305645f898dcbaff,2032-12-22,,,Porto Alegre
LIC-LIC-01,CLARO S.A.,50409889580,010,105752021,405606079,AV BENTO GONÇALVES,ACESSO PELA PELA RUA CAPITÃO PEDRO WERLANG  1067,RS,4314902,100MG7W,NR,SA-NSA,,3350,3350,150,FB,,,760,,23,25,13.5,-1,X,38.5,072212102519,200,-30.0649,-51.1522,G,2023-11-10,2003-04-23,,305645f898dcbb00,2032-12-22,,,Porto Alegre
LIC-LIC-01,CLARO S.A.,50409889580,010,105752021,405606079,AV BENTO GONÇALVES,ACESSO PELA PELA RUA CAPITÃO PEDRO WERLANG  1067,RS,4314902,100MG7W,NR,SA-NSA,,3350,3350,280,FB,,,760,,23,25,13.5,-1,X,38.5,072212102519,200,-30.0649,-51.1522,G,2023-11-10,2003-04-23,,305645f898dcbb01,2032-12-22,,,Porto Alegre
LIC-LIC-01,CLARO S.A.,50409889580,010,105752021,1005173564,R UM,(ESQUINA RUA NOVE),RS,4314902,100MG7W,NR,SA-NSA,,3350,3350,50,FB,,,760,,23,25,13.5,-1,X,30,072212102519,200,-30.05147,-51.15125,G,2023-11-10,2005-03-04,,305645f898dcbb09,2032-12-22,,,Porto Alegre
LIC-LIC-01,CLARO S.A.,50409889580,010,105752021,1005173564,R UM,(ESQUINA RUA NOVE),RS,4314902,100MG7W,NR,SA-NSA,,3350,3350,180,FB,,,760,,23,25,13.5,-3,X,30,072212102519,200,-30.05147,-51.15125,G,2023-11-10,2005-03-04,,305645f898dcbb0a,2032-12-22,,,Porto Alegre
LIC-LIC-01,CLARO S.A.,50409889580,010,105752021,1005173564,R UM,(ESQUINA RUA NOVE),RS,4314902,100MG7W,NR,SA-NSA,,3350,3350,310,FB,,,760,,23,25,13.5,-3,X,30,072212102519,200,-30.05147,-51.15125,G,2023-11-10,2005-03-04,,305645f898dcbb0b,2032-12-22,,,Porto Alegre
LIC-LIC-01,CLARO S.A.,50409889580,010,105752021,1012044570,AV DELEGADO ELY CORRÊA PRADO,,RS,4314902,100MG7W,NR,SA-NSA,,3350,3350,30,FB,,,760,,23,25,13.5,-3,X,50,072212102519,200,-30.03761,-51.1041,G,2023-06-27,2021-06-18,,305645f898dcbb2d,2032-12-22,,,Porto Alegre
LIC-LIC-01,CLARO S.A.,50409889580,010,105752021,1012044570,AV DELEGADO ELY CORRÊA PRADO,,RS,4314902,100MG7W,NR,SA-NSA,,3350,3350,220,FB,,,760,,23,25,13.5,-3,X,50,072212102519,200,-30.03761,-51.1041,G,2023-06-27,2021-06-18,,305645f898dcbb2f,2032-12-22,,,Porto Alegre
LIC-LIC-01,CLARO S.A.,50409889580,010,105752021,405606052,RUA VIDAL DE NEGREIROS,,RS,4314902,100MG7W,NR,SA-NSA,,3350,3350,100,FB,,,760,,23,25,13.5,-1,X,41,072212102519,200,-30.0628,-51.1687,G,2024-05-27,2004-01-06,,305645f898dcbb36,2041-12-08,,,Porto Alegre
LIC-LIC-01,CLARO S.A.,50409889580,010,105752021,405606052,RUA VIDAL DE NEGREIROS,,RS,4314902,100MG7W,NR,SA-NSA,,3350,3350,210,FB,,,760,,23,25,13.5,-1,X,41,072212102519,200,-30.0628,-51.1687,G,2024-05-27,2004-01-06,,305645f898dcbb37,2041-12-08,,,Porto Alegre
LIC-LIC-01,CLARO S.A.,50409889580,010,105752021,405606052,RUA VIDAL DE NEGREIROS,,RS,4314902,100MG7W,NR,SA-NSA,,3350,3350,330,FB,,,760,,23,25,13.5,-1,X,41,072212102519,200,-30.0628,-51.1687,G,2024-05-27,2004-01-06,,305645f898dcbb38,2041-12-08,,,Porto Alegre
LIC-LIC-01,CLARO S.A.,50409889580,010,105752021,1007372858,R RIACHUELO,,RS,4314902,100MG7W,NR,SA-NSA,,3350,3350,60,FB,,,760,,24.9,25,13.5,-2,X,32,102792102519,204,-30.03348,-51.23773,G,2023-11-16,2018-10-24,,305645f898dcbb5d,2032-12-22,,,Porto Alegre
LIC-LIC-01,CLARO S.A.,50409889580,010,105752021,1007372858,R RIACHUELO,,RS,4314902,100MG7W,NR,SA-NSA,,3350,3350,120,FB,,,760,,24.9,25,13.5,-3,X,32,102792102519,204,-30.03348,-51.23773,G,2023-11-16,2018-10-24,,305645f898dcbb5e,2032-12-22,,,Porto Alegre
LIC-LIC-01,CLARO S.A.,50409889580,010,105752021,1007372858,R RIACHUELO,,RS,4314902,100MG7W,NR,SA-NSA,,3350,3350,275,FB,,,760,,24.9,25,13.5,-2,X,32,102792102519,204,-30.03348,-51.23773,G,2023-11-16,2018-10-24,,305645f898dcbb5f,2032-12-22,,,Porto Alegre
LIC-LIC-01,CLARO S.A.,50409889580,010,105752021,696493780,R ALBION,,RS,4314902,100MG7W,NR,SA-NSA,,3350,3350,270,FB,,,760,,23,25,13.5,-1,X,25,072212102519,200,-30.05648,-51.16534,G,2023-11-10,2012-01-27,,305645f898dcbb81,2032-12-22,,,Porto Alegre
LIC-LIC-01,CLARO S.A.,50409889580,010,105752021,696493780,R ALBION,,RS,4314902,100MG7W,NR,SA-NSA,,3350,3350,160,FB,,,760,,23,25,13.5,-5,X,25,072212102519,200,-30.05648,-51.16534,G,2023-11-10,2012-01-27,,305645f898dcbb82,2032-12-22,,,Porto Alegre
LIC-LIC-01,CLARO S.A.,50409889580,010,105752021,687272963,AV SATURNINO DE BRITO,,RS,4314902,100MG7W,NR,SA-NSA,,3350,3350,20,FB,,,760,,23,25,13.5,-5,X,22,072212102519,200,-30.041,-51.1543,G,2023-11-17,2005-07-21,,305645f898fce1b3,2032-12-22,,,Porto Alegre
LIC-LIC-01,CLARO S.A.,50409889580,010,105752021,687272963,AV SATURNINO DE BRITO,,RS,4314902,100MG7W,NR,SA-NSA,,3350,3350,150,FB,,,760,,23,25,13.5,-6,X,19,072212102519,200,-30.041,-51.1543,G,2023-11-17,2005-07-21,,305645f898fce1b4,2032-12-22,,,Porto Alegre
LIC-LIC-01,CLARO S.A.,50409889580,010,105752021,687272963,AV SATURNINO DE BRITO,,RS,4314902,100MG7W,NR,SA-NSA,,3350,3350,290,FB,,,760,,23,25,13.5,-6,X,16,072212102519,200,-30.041,-51.1543,G,2023-11-17,2005-07-21,,305645f898fce1b5,2032-12-22,,,Porto Alegre
LIC-LIC-01,CLARO S.A.,50409889580,010,105752021,1005313145,R RUA NOVE DE JUNHO,AO LADO IMÓVEL Nº 730,RS,4314902,100MG7W,NR,SA-NSA,,3350,3350,250,FB,,,760,,23,25,13.5,-4,X,23,072212102519,200,-30.06869,-51.16153,G,2023-11-10,2017-10-10,,305645f898fce1b7,2032-12-22,,,Porto Alegre
LIC-LIC-01,CLARO S.A.,50409889580,010,105752021,1005313145,R RUA NOVE DE JUNHO,AO LADO IMÓVEL Nº 730,RS,4314902,100MG7W,NR,SA-NSA,,3350,3350,340,FB,,,760,,23,25,13.5,-5,X,23,072212102519,200,-30.06869,-51.16153,G,2023-11-10,2017-10-10,,305645f898fce1b8,2032-12-22,,,Porto Alegre
LIC-LIC-01,CLARO S.A.,50409889580,010,105752021,689809212,AV BORGES DE MEDEIROS,,RS,4314902,100MG7W,NR,SA-NSA,,3350,3350,340,FB,,,760,,24.9,25,13.5,0,X,75,102792102519,204,-30.0551,-51.2299,G,2023-11-17,2008-03-04,,f1c145f8c20e6b26,2032-12-22,,,Porto Alegre
LIC-LIC-01,CLARO S.A.,50409889580,010,105752021,689809212,AV BORGES DE MEDEIROS,,RS,4314902,100MG7W,NR,SA-NSA,,3350,3350,100,FB,,,760,,24.9,25,13.5,-2,X,75,102792102519,204,-30.0551,-51.2299,G,2023-11-17,2008-03-04,,f1c145f8c20e6b27,2032-12-22,,,Porto Alegre
LIC-LIC-01,CLARO S.A.,50409889580,010,105752021,689809212,AV BORGES DE MEDEIROS,,RS,4314902,100MG7W,NR,SA-NSA,,3350,3350,205,FB,,,760,,24.9,25,13.5,-2,X,77.5,102792102519,204,-30.0551,-51.2299,G,2023-11-17,2008-03-04,,f1c145f8c20e6b28,2032-12-22,,,Porto Alegre
LIC-LIC-01,CLARO S.A.,50409889580,010,105752021,405606036,R BARÃO DO AMAZONAS,,RS,4314902,100MG7W,NR,SA-NSA,,3350,3350,30,FB,,,760,,24.9,25,13.5,-3,X,32,102792102519,204,-30.05414,-51.18911,G,2024-04-04,2004-01-06,,f1c145f8c20e6b3b,2041-12-08,,,Porto Alegre
LIC-LIC-01,CLARO S.A.,50409889580,010,105752021,405606036,R BARÃO DO AMAZONAS,,RS,4314902,100MG7W,NR,SA-NSA,,3350,3350,150,FB,,,760,,24.9,25,13.5,-5,X,32,102792102519,204,-30.05414,-51.18911,G,2024-04-04,2004-01-06,,f1c145f8c20e6b3c,2041-12-08,,,Porto Alegre
LIC-LIC-01,CLARO S.A.,50409889580,010,105752021,405606036,R BARÃO DO AMAZONAS,,RS,4314902,100MG7W,NR,SA-NSA,,3350,3350,280,FB,,,760,,24.9,25,13.5,-5,X,32,102792102519,204,-30.05414,-51.18911,G,2024-04-04,2004-01-06,,f1c145f8c20e6b3d,2041-12-08,,,Porto Alegre
LIC-LIC-01,CLARO S.A.,50409889580,010,105752021,405606036,R BARÃO DO AMAZONAS,,RS,4314902,50M0G7W,NR,SA-NSA,,2325,2325,30,FB,,,760,003692202519,24,25,70,-3,X,31,003692202519,50,-30.05414,-51.18911,G,2024-04-04,2004-01-06,,f1c145f8c20e6b3e,2041-12-08,,,Porto Alegre
LIC-LIC-01,CLARO S.A.,50409889580,010,105752021,405606036,R BARÃO DO AMAZONAS,,RS,4314902,50M0G7W,NR,SA-NSA,,2325,2325,150,FB,,,760,003692202519,24,25,70,-5,X,31,003692202519,50,-30.05414,-51.18911,G,2024-04-04,2004-01-06,,f1c145f8c20e6b3f,2041-12-08,,,Porto Alegre
LIC-LIC-01,CLARO S.A.,50409889580,010,105752021,405606036,R BARÃO DO AMAZONAS,,RS,4314902,50M0G7W,NR,SA-NSA,,2325,2325,280,FB,,,760,003692202519,24,25,70,-5,X,31,003692202519,50,-30.05414,-51.18911,G,2024-04-04,2004-01-06,,f1c145f8c20e6b40,2041-12-08,,,Porto Alegre
LIC-LIC-01,CLARO S.A.,50409889580,010,105752021,1005160233,R DO BOSQUE,AO LADO N° 65,RS,4314902,100MG7W,NR,SA-NSA,,3350,3350,85,FB,,,760,,23,25,13.5,-2,X,29.5,072212102519,200,-29.98761,-51.09535,G,2023-11-17,2017-09-15,,a6ad45f81ef269c7,2032-12-22,,,Porto Alegre
LIC-LIC-01,CLARO S.A.,50409889580,010,105752021,1005160233,R DO BOSQUE,AO LADO N° 65,RS,4314902,100MG7W,NR,SA-NSA,,3350,3350,180,FB,,,760,,23,25,13.5,-5,X,29.5,072212102519,200,-29.98761,-51.09535,G,2023-11-17,2017-09-15,,a6ad45f81ef269c8,2032-12-22,,,Porto Alegre
LIC-LIC-01,CLARO S.A.,50409889580,010,105752021,1005160233,R DO BOSQUE,AO LADO N° 65,RS,4314902,100MG7W,NR,SA-NSA,,3350,3350,245,FB,,,760,,23,25,13.5,-3,X,29.5,072212102519,200,-29.98761,-51.09535,G,2023-11-17,2017-09-15,,a6ad45f81ef269c9,2032-12-22,,,Porto Alegre
LIC-LIC-01,CLARO S.A.,50409889580,010,105752021,1005313153,R ANTONIO DE CARVALHO,,RS,4314902,100MG7W,NR,SA-NSA,,3350,3350,15,FB,,,760,,23,25,13.5,-1,X,18.3,072212102519,200,-30.05502,-51.14714,G,2023-11-10,2017-10-09,,a6ad45f81ef269e8,2032-12-22,,,Porto Alegre
LIC-LIC-01,CLARO S.A.,50409889580,010,105752021,1005313153,R ANTONIO DE CARVALHO,,RS,4314902,100MG7W,NR,SA-NSA,,3350,3350,120,FB,,,760,,23,25,13.5,0,X,18.3,072212102519,200,-30.05502,-51.14714,G,2023-11-10,2017-10-09,,a6ad45f81ef269e9,2032-12-22,,,Porto Alegre
LIC-LIC-01,CLARO S.A.,50409889580,010,105752021,1005313153,R ANTONIO DE CARVALHO,,RS,4314902,100MG7W,NR,SA-NSA,,3350,3350,215,FB,,,760,,23,25,13.5,0,X,18.3,072212102519,200,-30.05502,-51.14714,G,2023-11-10,2017-10-09,,a6ad45f81ef269ea,2032-12-22,,,Porto Alegre
LIC-LIC-01,CLARO S.A.,50409889580,010,105752021,1005528702,AV FARIA LOBATO,,RS,4314902,100MG7W,NR,SA-NSA,,3350,3350,90,FB,,,760,,23,25,13.5,-1,X,14.5,072212102519,200,-29.98503,-51.1352,G,2023-11-17,2017-12-29,,a6ad45f81ef26a0f,2032-12-22,,,Porto Alegre
LIC-LIC-01,CLARO S.A.,50409889580,010,105752021,1005528702,AV FARIA LOBATO,,RS,4314902,100MG7W,NR,SA-NSA,,3350,3350,180,FB,,,760,,23,25,13.5,-1,X,14.5,072212102519,200,-29.98503,-51.1352,G,2023-11-17,2017-12-29,,a6ad45f81ef26a10,2032-12-22,,,Porto Alegre
LIC-LIC-01,CLARO S.A.,50409889580,010,105752021,1005528702,AV FARIA LOBATO,,RS,4314902,100MG7W,NR,SA-NSA,,3350,3350,340,FB,,,760,,23,25,13.5,-1,X,14.5,072212102519,200,-29.98503,-51.1352,G,2023-11-17,2017-12-29,,a6ad45f81ef26a11,2032-12-22,,,Porto Alegre
LIC-LIC-01,CLARO S.A.,50409889580,010,105752021,1006617270,AV BELÉM VELHO,ACESSO PELA RUA KANAZAWA,RS,4314902,100MG7W,NR,SA-NSA,,3350,3350,60,FB,,,760,,23,25,13.5,-3,X,19,072212102519,200,-30.11806,-51.19077,G,2023-11-10,2018-05-14,,a6ad45f81ef26a36,2032-12-22,,,Porto Alegre
LIC-LIC-01,CLARO S.A.,50409889580,010,105752021,1006617270,AV BELÉM VELHO,ACESSO PELA RUA KANAZAWA,RS,4314902,100MG7W,NR,SA-NSA,,3350,3350,345,FB,,,760,,23,25,13.5,-5,X,19,072212102519,200,-30.11806,-51.19077,G,2023-11-10,2018-05-14,,a6ad45f81ef26a38,2032-12-22,,,Porto Alegre
LIC-LIC-01,CLARO S.A.,50409889580,010,105752021,1007078623,R CORONEL FREDERICO CARLOS GOMES,,RS,4314902,100MG7W,NR,SA-NSA,,3350,3350,25,FB,,,760,,23,25,13.5,-2,X,50,072212102519,200,-30.11985,-51.2047,G,2023-11-10,2018-09-03,,a6ad45f81ef26a57,2032-12-22,,,Porto Alegre
LIC-LIC-01,CLARO S.A.,50409889580,010,105752021,1007078623,R CORONEL FREDERICO CARLOS GOMES,,RS,4314902,100MG7W,NR,SA-NSA,,3350,3350,110,FB,,,760,,23,25,13.5,-3,X,50,072212102519,200,-30.11985,-51.2047,G,2023-11-10,2018-09-03,,a6ad45f81ef26a58,2032-12-22,,,Porto Alegre
LIC-LIC-01,CLARO S.A.,50409889580,010,105752021,1007078623,R CORONEL FREDERICO CARLOS GOMES,,RS,4314902,100MG7W,NR,SA-NSA,,3350,3350,270,FB,,,760,,23,25,13.5,-3,X,50,072212102519,200,-30.11985,-51.2047,G,2023-11-10,2018-09-03,,a6ad45f81ef26a59,2032-12-22,,,Porto Alegre
LIC-LIC-01,CLARO S.A.,50409889580,010,105752021,684924234,AV CAIRÚ,ESQUINA COM A RUA SANTOS DUMOND - N°S 2085 E 2095,RS,4314902,100MG7W,NR,SA-NSA,,3350,3350,40,FB,,,760,,23,25,13.5,-2,X,25.5,072212102519,200,-30.0033,-51.2035,G,2024-04-01,2004-12-28,,a6ad45f81ef26a7e,2041-12-08,,,Porto Alegre
LIC-LIC-01,CLARO S.A.,50409889580,010,105752021,684924234,AV CAIRÚ,ESQUINA COM A RUA SANTOS DUMOND - N°S 2085 E 2095,RS,4314902,100MG7W,NR,SA-NSA,,3350,3350,140,FB,,,760,,23,25,13.5,-5,X,25.5,072212102519,200,-30.0033,-51.2035,G,2024-04-01,2004-12-28,,a6ad45f81ef26a7f,2041-12-08,,,Porto Alegre
LIC-LIC-01,CLARO S.A.,50409889580,010,105752021,684924234,AV CAIRÚ,ESQUINA COM A RUA SANTOS DUMOND - N°S 2085 E 2095,RS,4314902,100MG7W,NR,SA-NSA,,3350,3350,270,FB,,,760,,23,25,13.5,-1,X,25.5,072212102519,200,-30.0033,-51.2035,G,2024-04-01,2004-12-28,,a6ad45f81ef26a80,2041-12-08,,,Porto Alegre
LIC-LIC-01,CLARO S.A.,50409889580,010,105752021,686178505,AV DAS INDUSTRIAS,,RS,4314902,100MG7W,NR,SA-NSA,,3350,3350,30,FB,,,760,,23,25,13.5,0,X,23,072212102519,200,-29.98492,-51.15948,G,2023-11-10,2005-03-04,,a6ad45f81ef26aa2,2032-12-22,,,Porto Alegre
LIC-LIC-01,CLARO S.A.,50409889580,010,105752021,686178505,AV DAS INDUSTRIAS,,RS,4314902,100MG7W,NR,SA-NSA,,3350,3350,150,FB,,,760,,23,25,13.5,0,X,23,072212102519,200,-29.98492,-51.15948,G,2023-11-10,2005-03-04,,a6ad45f81ef26aa3,2032-12-22,,,Porto Alegre
LIC-LIC-01,CLARO S.A.,50409889580,010,105752021,686178505,AV DAS INDUSTRIAS,,RS,4314902,100MG7W,NR,SA-NSA,,3350,3350,260,FB,,,760,,23,25,13.5,0,X,23,072212102519,200,-29.98492,-51.15948,G,2023-11-10,2005-03-04,,a6ad45f81ef26aa4,2032-12-22,,,Porto Alegre
LIC-LIC-01,CLARO S.A.,50409889580,010,105752021,690760477,AVENIDA JOÃO VINTE E TRÊS,,RS,4314902,100MG7W,NR,SA-NSA,,3350,3350,40,FB,,,760,,23,25,13.5,-4,X,25.5,072212102519,200,-30.00686,-51.14514,G,2023-11-17,2008-11-04,,a6ad45f81ef26ac6,2041-12-08,,,Porto Alegre
LIC-LIC-01,CLARO S.A.,50409889580,010,105752021,690760477,AVENIDA JOÃO VINTE E TRÊS,,RS,4314902,100MG7W,NR,SA-NSA,,3350,3350,130,FB,,,760,,23,25,13.5,-4,X,25.5,072212102519,200,-30.00686,-51.14514,G,2023-11-17,2008-11-04,,a6ad45f81ef26ac7,2041-12-08,,,Porto Alegre
LIC-LIC-01,CLARO S.A.,50409889580,010,105752021,690760477,AVENIDA JOÃO VINTE E TRÊS,,RS,4314902,100MG7W,NR,SA-NSA,,3350,3350,270,FB,,,760,,23,25,13.5,-4,X,25.5,072212102519,200,-30.00686,-51.14514,G,2023-11-17,2008-11-04,,a6ad45f81ef26ac8,2041-12-08,,,Porto Alegre
LIC-LIC-01,CLARO S.A.,50409889580,010,105752021,1014739818,RUA DOS PESCADORES,,RS,4314902,100MG7W,NR,SA-NSA,,3350,3350,70,FB,,,760,,23,25,13.5,0,X,26,072212102519,200,-29.9909,-51.26604,G,2025-04-16,2023-03-02,,a6ad45f81ef26ae1,2041-12-08,,,Porto Alegre
LIC-LIC-01,CLARO S.A.,50409889580,010,105752021,1014739818,RUA DOS PESCADORES,,RS,4314902,100MG7W,NR,SA-NSA,,3350,3350,180,FB,,,760,,23,25,13.5,0,X,26,072212102519,200,-29.9909,-51.26604,G,2025-04-16,2023-03-02,,a6ad45f81ef26ae2,2041-12-08,,,Porto Alegre
LIC-LIC-01,CLARO S.A.,50409889580,010,105752021,1014739818,RUA DOS PESCADORES,,RS,4314902,100MG7W,NR,SA-NSA,,3350,3350,280,FB,,,760,,23,25,13.5,0,X,26,072212102519,200,-29.9909,-51.26604,G,2025-04-16,2023-03-02,,a6ad45f81ef26ae3,2041-12-08,,,Porto Alegre
LIC-LIC-01,CLARO S.A.,50409889580,010,105752021,684705311,PC MARECHAL DEODORO,,RS,4314902,100MG7W,NR,SA-NSA,,3350,3350,35,FB,,,760,,24.9,25,13.5,-4,X,47,102792102519,204,-30.0327,-51.22924,G,2023-11-16,2004-09-24,,305645f89e911247,2032-12-22,,,Porto Alegre
LIC-LIC-01,CLARO S.A.,50409889580,010,105752021,684705311,PC MARECHAL DEODORO,,RS,4314902,100MG7W,NR,SA-NSA,,3350,3350,140,FB,,,760,,24.9,25,13.5,-4,X,47,102792102519,204,-30.0327,-51.22924,G,2023-11-16,2004-09-24,,305645f89e911248,2032-12-22,,,Porto Alegre
LIC-LIC-01,CLARO S.A.,50409889580,010,105752021,684705311,PC MARECHAL DEODORO,,RS,4314902,100MG7W,NR,SA-NSA,,3350,3350,270,FB,,,760,,24.9,25,13.5,-4,X,47,102792102519,204,-30.0327,-51.22924,G,2023-11-16,2004-09-24,,305645f89e911249,2032-12-22,,,Porto Alegre
LIC-LIC-01,CLARO S.A.,50409889580,010,105752021,684705311,PC MARECHAL DEODORO,,RS,4314902,50M0G7W,NR,SA-NSA,,2325,2325,35,FB,,,760,003692202519,24,25,70,-4,X,46,003692202519,50,-30.0327,-51.22924,G,2023-11-16,2004-09-24,,305645f89e91124a,2032-12-22,,,Porto Alegre
LIC-LIC-01,CLARO S.A.,50409889580,010,105752021,684705311,PC MARECHAL DEODORO,,RS,4314902,50M0G7W,NR,SA-NSA,,2325,2325,140,FB,,,760,003692202519,24,25,70,-4,X,46,003692202519,50,-30.0327,-51.22924,G,2023-11-16,2004-09-24,,305645f89e91124b,2032-12-22,,,Porto Alegre
LIC-LIC-01,CLARO S.A.,50409889580,010,105752021,684705311,PC MARECHAL DEODORO,,RS,4314902,50M0G7W,NR,SA-NSA,,2325,2325,270,FB,,,760,003692202519,24,25,70,-4,X,46,003692202519,50,-30.0327,-51.22924,G,2023-11-16,2004-09-24,,305645f89e91124c,2032-12-22,,,Porto Alegre
LIC-LIC-01,CLARO S.A.,50409889580,010,105752021,1006637793,AV ALBERTO BINS,,RS,4314902,100MG7W,NR,SA-NSA,,3350,3350,30,FB,,,760,,24.9,25,13.5,-1,X,37,102792102519,204,-30.02777,-51.21986,G,2023-11-16,2018-05-14,,305645f89e911266,2032-12-22,,,Porto Alegre
LIC-LIC-01,CLARO S.A.,50409889580,010,105752021,1006637793,AV ALBERTO BINS,,RS,4314902,100MG7W,NR,SA-NSA,,3350,3350,120,FB,,,760,,24.9,25,13.5,0,X,37,102792102519,204,-30.02777,-51.21986,G,2023-11-16,2018-05-14,,305645f89e911267,2032-12-22,,,Porto Alegre
LIC-LIC-01,CLARO S.A.,50409889580,010,105752021,1006637793,AV ALBERTO BINS,,RS,4314902,100MG7W,NR,SA-NSA,,3350,3350,170,FB,,,760,,24.9,25,13.5,-1,X,37,102792102519,204,-30.02777,-51.21986,G,2023-11-16,2018-05-14,,305645f89e911268,2032-12-22,,,Porto Alegre
LIC-LIC-01,CLARO S.A.,50409889580,010,105752021,1006637793,AV ALBERTO BINS,,RS,4314902,50M0G7W,NR,SA-NSA,,2325,2325,30,FB,,,760,003692202519,24,25,70,-5,X,36.5,003692202519,50,-30.02777,-51.21986,G,2023-11-16,2018-05-14,,305645f89e911269,2032-12-22,,,Porto Alegre
LIC-LIC-01,CLARO S.A.,50409889580,010,105752021,1006637793,AV ALBERTO BINS,,RS,4314902,50M0G7W,NR,SA-NSA,,2325,2325,120,FB,,,760,003692202519,24,25,70,-1,X,36.5,003692202519,50,-30.02777,-51.21986,G,2023-11-16,2018-05-14,,305645f89e91126a,2032-12-22,,,Porto Alegre
LIC-LIC-01,CLARO S.A.,50409889580,010,105752021,1006637793,AV ALBERTO BINS,,RS,4314902,50M0G7W,NR,SA-NSA,,2325,2325,170,FB,,,760,003692202519,24,25,70,0,X,36.5,003692202519,50,-30.02777,-51.21986,G,2023-11-16,2018-05-14,,305645f89e91126b,2032-12-22,,,Porto Alegre
LIC-LIC-01,CLARO S.A.,50409889580,010,105752021,405606044,R PEDRO VELHO,,RS,4314902,100MG7W,NR,SA-NSA,,3350,3350,40,FB,,,760,,23,25,13.5,-5,X,34.5,072212102519,200,-30.0656,-51.1927,G,2023-11-10,2004-02-13,,305645f89e911272,2032-12-22,,,Porto Alegre
LIC-LIC-01,CLARO S.A.,50409889580,010,105752021,405606044,R PEDRO VELHO,,RS,4314902,100MG7W,NR,SA-NSA,,3350,3350,130,FB,,,760,,23,25,13.5,-5,X,34.5,072212102519,200,-30.0656,-51.1927,G,2023-11-10,2004-02-13,,305645f89e911273,2032-12-22,,,Porto Alegre
LIC-LIC-01,CLARO S.A.,50409889580,010,105752021,405606044,R PEDRO VELHO,,RS,4314902,100MG7W,NR,SA-NSA,,3350,3350,240,FB,,,760,,23,25,13.5,-5,X,36.5,072212102519,200,-30.0656,-51.1927,G,2023-11-10,2004-02-13,,305645f89e911274,2032-12-22,,,Porto Alegre
LIC-LIC-01,CLARO S.A.,50409889580,010,105752021,690761350,R SARMENTO LEITE,,RS,4314902,100MG7W,NR,SA-NSA,,3350,3350,25,FB,,,760,,24.9,25,13.5,-4,X,47,102792102519,204,-30.03194,-51.22007,G,2023-11-16,2008-11-04,,305645f89e91129a,2032-12-22,,,Porto Alegre
LIC-LIC-01,CLARO S.A.,50409889580,010,105752021,690761350,R SARMENTO LEITE,,RS,4314902,100MG7W,NR,SA-NSA,,3350,3350,300,FB,,,760,,24.9,25,13.5,-3,X,47,102792102519,204,-30.03194,-51.22007,G,2023-11-16,2008-11-04,,305645f89e91129b,2032-12-22,,,Porto Alegre
LIC-LIC-01,CLARO S.A.,50409889580,010,105752021,695828681,AV JÚLIO DE CASTILHOS,,RS,4314902,100MG7W,NR,SA-NSA,,3350,3350,60,FB,,,760,,24.9,25,13.5,-5,X,53,102792102519,204,-30.02616,-51.22633,G,2023-11-16,2011-08-16,,305645f89e9112b2,2032-12-22,,,Porto Alegre
LIC-LIC-01,CLARO S.A.,50409889580,010,105752021,695828681,AV JÚLIO DE CASTILHOS,,RS,4314902,100MG7W,NR,SA-NSA,,3350,3350,125,FB,,,760,,24.9,25,13.5,-5,X,53,102792102519,204,-30.02616,-51.22633,G,2023-11-16,2011-08-16,,305645f89e9112b3,2032-12-22,,,Porto Alegre
LIC-LIC-01,CLARO S.A.,50409889580,010,105752021,695828681,AV JÚLIO DE CASTILHOS,,RS,4314902,100MG7W,NR,SA-NSA,,3350,3350,220,FB,,,760,,24.9,25,13.5,-4,X,53,102792102519,204,-30.02616,-51.22633,G,2023-11-16,2011-08-16,,305645f89e9112b4,2032-12-22,,,Porto Alegre
LIC-LIC-01,CLARO S.A.,50409889580,010,105752021,695828681,AV JÚLIO DE CASTILHOS,,RS,4314902,50M0G7W,NR,SA-NSA,,2325,2325,60,FB,,,760,003692202519,24,25,70,-7,X,52.5,003692202519,50,-30.02616,-51.22633,G,2023-11-16,2011-08-16,,305645f89e9112b5,2032-12-22,,,Porto Alegre
LIC-LIC-01,CLARO S.A.,50409889580,010,105752021,695828681,AV JÚLIO DE CASTILHOS,,RS,4314902,50M0G7W,NR,SA-NSA,,2325,2325,125,FB,,,760,003692202519,24,25,70,-6,X,52.5,003692202519,50,-30.02616,-51.22633,G,2023-11-16,2011-08-16,,305645f89e9112b6,2032-12-22,,,Porto Alegre
LIC-LIC-01,CLARO S.A.,50409889580,010,105752021,695828681,AV JÚLIO DE CASTILHOS,,RS,4314902,50M0G7W,NR,SA-NSA,,2325,2325,220,FB,,,760,003692202519,24,25,70,-5,X,52.5,003692202519,50,-30.02616,-51.22633,G,2023-11-16,2011-08-16,,305645f89e9112b7,2032-12-22,,,Porto Alegre
LIC-LIC-01,CLARO S.A.,50409889580,010,105752021,1003508399,R MARTIN FELIX BERTA,,RS,4314902,100MG7W,NR,SA-NSA,,3350,3350,120,FB,,,760,,23,25,13.5,0,X,36,072212102519,200,-30.03403,-51.11354,G,2023-06-27,2017-02-06,,52c445f8c31d8cf6,2032-12-22,,,Porto Alegre
LIC-LIC-01,CLARO S.A.,50409889580,010,105752021,1003508399,R MARTIN FELIX BERTA,,RS,4314902,100MG7W,NR,SA-NSA,,3350,3350,240,FB,,,760,,23,25,13.5,-3,X,36,072212102519,200,-30.03403,-51.11354,G,2023-06-27,2017-02-06,,52c445f8c31d8cf7,2032-12-22,,,Porto Alegre
LIC-LIC-01,CLARO S.A.,50409889580,010,105752021,1003508399,R MARTIN FELIX BERTA,,RS,4314902,100MG7W,NR,SA-NSA,,3350,3350,320,FB,,,760,,23,25,13.5,-5,X,36,072212102519,200,-30.03403,-51.11354,G,2023-06-27,2017-02-06,,52c445f8c31d8cf8,2032-12-22,,,Porto Alegre
LIC-LIC-01,CLARO S.A.,50409889580,010,105752021,697686329,AV DOS ESTADOS,HOTEL DEVILLE,RS,4314902,100MG7W,NR,SA-NSA,,3350,3350,130,FB,,,760,,23,25,13.5,-1,X,33,072212102519,200,-29.98074,-51.17793,G,2023-11-10,2012-09-14,,52c445f8c31d8d17,2032-12-22,,,Porto Alegre
LIC-LIC-01,CLARO S.A.,50409889580,010,105752021,697686329,AV DOS ESTADOS,HOTEL DEVILLE,RS,4314902,100MG7W,NR,SA-NSA,,3350,3350,200,FB,,,760,,23,25,13.5,-1,X,33,072212102519,200,-29.98074,-51.17793,G,2023-11-10,2012-09-14,,52c445f8c31d8d18,2032-12-22,,,Porto Alegre
LIC-LIC-01,CLARO S.A.,50409889580,010,105752021,697686329,AV DOS ESTADOS,HOTEL DEVILLE,RS,4314902,100MG7W,NR,SA-NSA,,3350,3350,0,FB,,,760,,23,25,13.5,-6,X,33,072212102519,200,-29.98074,-51.17793,G,2023-11-10,2012-09-14,,52c445f8c31d8d19,2032-12-22,,,Porto Alegre
LIC-LIC-01,CLARO S.A.,50409889580,010,105752021,692862587,RUA OLIVEIRA LOPES,,RS,4314902,100MG7W,NR,SA-NSA,,3350,3350,70,FB,,,760,,23,25,13.5,0,X,16,072212102519,200,-29.98029,-51.12941,G,2023-11-10,2010-10-19,,52c445f8c31d8d4a,2032-12-22,,,Porto Alegre
LIC-LIC-01,CLARO S.A.,50409889580,010,105752021,692862587,RUA OLIVEIRA LOPES,,RS,4314902,100MG7W,NR,SA-NSA,,3350,3350,130,FB,,,760,,23,25,13.5,0,X,16,072212102519,200,-29.98029,-51.12941,G,2023-11-10,2010-10-19,,52c445f8c31d8d4b,2032-12-22,,,Porto Alegre
LIC-LIC-01,CLARO S.A.,50409889580,010,105752021,692862587,RUA OLIVEIRA LOPES,,RS,4314902,100MG7W,NR,SA-NSA,,3350,3350,270,FB,,,760,,23,25,13.5,0,X,16,072212102519,200,-29.98029,-51.12941,G,2023-11-10,2010-10-19,,52c445f8c31d8d4c,2032-12-22,,,Porto Alegre
LIC-LIC-01,CLARO S.A.,50409889580,010,105752021,687276608,RUA LINDOMAR DOS REIS,,RS,4314902,100MG7W,NR,SA-NSA,,3350,3350,0,FB,,,760,,23,25,13.5,-3,X,35,072212102519,200,-30.02078,-51.13302,G,2023-11-10,2005-07-21,,52c445f8c31d8d65,2032-12-22,,,Porto Alegre
LIC-LIC-01,CLARO S.A.,50409889580,010,105752021,687276608,RUA LINDOMAR DOS REIS,,RS,4314902,100MG7W,NR,SA-NSA,,3350,3350,130,FB,,,760,,23,25,13.5,-3,X,35,072212102519,200,-30.02078,-51.13302,G,2023-11-10,2005-07-21,,52c445f8c31d8d66,2032-12-22,,,Porto Alegre
LIC-LIC-01,CLARO S.A.,50409889580,010,105752021,687276608,RUA LINDOMAR DOS REIS,,RS,4314902,100MG7W,NR,SA-NSA,,3350,3350,240,FB,,,760,,23,25,13.5,-2,X,35,072212102519,200,-30.02078,-51.13302,G,2023-11-10,2005-07-21,,52c445f8c31d8d67,2032-12-22,,,Porto Alegre
LIC-LIC-01,CLARO S.A.,50409889580,010,105752021,1005528591,AV SILVA PAES,ESQUINA PROF CLEMANTE PINTO,RS,4314902,100MG7W,NR,SA-NSA,,3350,3350,60,FB,,,760,,23,25,13.5,0,X,26,072212102519,200,-30.06959,-51.21303,G,2023-11-17,2017-12-29,,52c445f8c31d8d9b,2032-12-22,,,Porto Alegre
LIC-LIC-01,CLARO S.A.,50409889580,010,105752021,1005528591,AV SILVA PAES,ESQUINA PROF CLEMANTE PINTO,RS,4314902,100MG7W,NR,SA-NSA,,3350,3350,175,FB,,,760,,23,25,13.5,0,X,26,072212102519,200,-30.06959,-51.21303,G,2023-11-17,2017-12-29,,52c445f8c31d8d9c,2032-12-22,,,Porto Alegre
LIC-LIC-01,CLARO S.A.,50409889580,010,105752021,1005528591,AV SILVA PAES,ESQUINA PROF CLEMANTE PINTO,RS,4314902,100MG7W,NR,SA-NSA,,3350,3350,335,FB,,,760,,23,25,13.5,0,X,26,072212102519,200,-30.06959,-51.21303,G,2023-11-17,2017-12-29,,52c445f8c31d8d9d,2032-12-22,,,Porto Alegre
LIC-LIC-01,CLARO S.A.,50409889580,010,105752021,422348031,AV AMIR DOMINGUES,,RS,4314902,100MG7W,NR,SA-NSA,,3350,3350,90,FB,,,760,,23,25,13.5,-11,X,51,072212102519,200,-30.07978,-51.18381,G,2023-11-10,2002-10-29,,52c445f8c31d8daa,2032-12-22,,,Porto Alegre
LIC-LIC-01,CLARO S.A.,50409889580,010,105752021,422348031,AV AMIR DOMINGUES,,RS,4314902,100MG7W,NR,SA-NSA,,3350,3350,175,FB,,,760,,23,25,13.5,-12,X,51,072212102519,200,-30.07978,-51.18381,G,2023-11-10,2002-10-29,,52c445f8c31d8dab,2032-12-22,,,Porto Alegre
LIC-LIC-01,CLARO S.A.,50409889580,010,105752021,684760070,AV MAUÁ,,RS,4314902,100MG7W,NR,SA-NSA,,3350,3350,60,FB,,,760,,24.9,25,13.5,0,X,41,102792102519,204,-30.024,-51.2213,G,2023-11-16,2004-09-24,,52c445f8c31d8dbe,2032-12-22,,,Porto Alegre
LIC-LIC-01,CLARO S.A.,50409889580,010,105752021,684760070,AV MAUÁ,,RS,4314902,100MG7W,NR,SA-NSA,,3350,3350,130,FB,,,760,,24.9,25,13.5,0,X,41,102792102519,204,-30.024,-51.2213,G,2023-11-16,2004-09-24,,52c445f8c31d8dbf,2032-12-22,,,Porto Alegre
LIC-LIC-01,CLARO S.A.,50409889580,010,105752021,684760070,AV MAUÁ,,RS,4314902,100MG7W,NR,SA-NSA,,3350,3350,230,FB,,,760,,24.9,25,13.5,0,X,40,102792102519,204,-30.024,-51.2213,G,2023-11-16,2004-09-24,,52c445f8c31d8dc0,2032-12-22,,,Porto Alegre
LIC-LIC-01,CLARO S.A.,50409889580,010,105752021,684760070,AV MAUÁ,,RS,4314902,50M0G7W,NR,SA-NSA,,2325,2325,60,FB,,,760,003692202519,24,25,70,0,X,40,003692202519,50,-30.024,-51.2213,G,2023-11-16,2004-09-24,,52c445f8c31d8dc1,2032-12-22,,,Porto Alegre
LIC-LIC-01,CLARO S.A.,50409889580,010,105752021,684760070,AV MAUÁ,,RS,4314902,50M0G7W,NR,SA-NSA,,2325,2325,130,FB,,,760,003692202519,24,25,70,0,X,40,003692202519,50,-30.024,-51.2213,G,2023-11-16,2004-09-24,,52c445f8c31d8dc2,2032-12-22,,,Porto Alegre
LIC-LIC-01,CLARO S.A.,50409889580,010,105752021,684760070,AV MAUÁ,,RS,4314902,50M0G7W,NR,SA-NSA,,2325,2325,230,FB,,,760,003692202519,24,25,70,0,X,40,003692202519,50,-30.024,-51.2213,G,2023-11-16,2004-09-24,,52c445f8c31d8dc3,2032-12-22,,,Porto Alegre
LIC-LIC-01,CLARO S.A.,50409889580,010,105752021,1006710652,RUA BERNARDINO SILVEIRA AMORIM,,RS,4314902,100MG7W,NR,SA-NSA,,3350,3350,80,FB,,,760,,23,25,13.5,0,X,50,072212102519,200,-29.99469,-51.10685,G,2023-11-10,2018-05-28,,52c445f8c8ac977b,2032-12-22,,,Porto Alegre
LIC-LIC-01,CLARO S.A.,50409889580,010,105752021,1006710652,RUA BERNARDINO SILVEIRA AMORIM,,RS,4314902,100MG7W,NR,SA-NSA,,3350,3350,200,FB,,,760,,23,25,13.5,0,X,50,072212102519,200,-29.99469,-51.10685,G,2023-11-10,2018-05-28,,52c445f8c8ac977c,2032-12-22,,,Porto Alegre
LIC-LIC-01,CLARO S.A.,50409889580,010,105752021,1006710652,RUA BERNARDINO SILVEIRA AMORIM,,RS,4314902,100MG7W,NR,SA-NSA,,3350,3350,330,FB,,,760,,23,25,13.5,0,X,50,072212102519,200,-29.99469,-51.10685,G,2023-11-10,2018-05-28,,52c445f8c8ac977d,2032-12-22,,,Porto Alegre
LIC-LIC-01,CLARO S.A.,50409889580,010,105752021,1005589868,R FREDERICO MENTZ,,RS,4314902,100MG7W,NR,SA-NSA,,3350,3350,15,FB,,,760,,23,25,13.5,0,X,15,072212102519,200,-29.98909,-51.19999,G,2024-10-22,2018-01-09,,52c445f8c8ac97be,2041-12-08,,,Porto Alegre
LIC-LIC-01,CLARO S.A.,50409889580,010,105752021,1005589868,R FREDERICO MENTZ,,RS,4314902,100MG7W,NR,SA-NSA,,3350,3350,115,FB,,,760,,23,25,13.5,-2,X,15,072212102519,200,-29.98909,-51.19999,G,2024-10-22,2018-01-09,,52c445f8c8ac97bf,2041-12-08,,,Porto Alegre
LIC-LIC-01,CLARO S.A.,50409889580,010,105752021,1005589868,R FREDERICO MENTZ,,RS,4314902,100MG7W,NR,SA-NSA,,3350,3350,195,FB,,,760,,23,25,13.5,0,X,15,072212102519,200,-29.98909,-51.19999,G,2024-10-22,2018-01-09,,52c445f8c8ac97c0,2041-12-08,,,Porto Alegre
LIC-LIC-01,CLARO S.A.,50409889580,010,105752021,688728766,R ALBERTO RANGEL,,RS,4314902,100MG7W,NR,SA-NSA,,3350,3350,330,FB,,,760,,23,25,13.5,0,X,40,072212102519,200,-30.01027,-51.09784,G,2023-11-10,2006-11-03,,52c445f8c8ac97c1,2032-12-22,,,Porto Alegre
LIC-LIC-01,CLARO S.A.,50409889580,010,105752021,688728766,R ALBERTO RANGEL,,RS,4314902,100MG7W,NR,SA-NSA,,3350,3350,90,FB,,,760,,23,25,13.5,-1,X,40,072212102519,200,-30.01027,-51.09784,G,2023-11-10,2006-11-03,,52c445f8c8ac97c2,2032-12-22,,,Porto Alegre
LIC-LIC-01,CLARO S.A.,50409889580,010,105752021,688728766,R ALBERTO RANGEL,,RS,4314902,100MG7W,NR,SA-NSA,,3350,3350,190,FB,,,760,,23,25,13.5,-1,X,40,072212102519,200,-30.01027,-51.09784,G,2023-11-10,2006-11-03,,52c445f8c8ac97c3,2032-12-22,,,Porto Alegre
LIC-LIC-01,CLARO S.A.,50409889580,010,105752021,688172512,R QUINTINO BANDEIRA,,RS,4314902,100MG7W,NR,SA-NSA,,3350,3350,55,FB,,,760,,23,25,13.5,-2,X,40,072212102519,200,-30.01243,-51.20444,G,2023-11-17,2006-03-23,,52c445f8c8ac97f7,2032-12-22,,,Porto Alegre
LIC-LIC-01,CLARO S.A.,50409889580,010,105752021,688172512,R QUINTINO BANDEIRA,,RS,4314902,100MG7W,NR,SA-NSA,,3350,3350,135,FB,,,760,,23,25,13.5,-2,X,40,072212102519,200,-30.01243,-51.20444,G,2023-11-17,2006-03-23,,52c445f8c8ac97f8,2032-12-22,,,Porto Alegre
LIC-LIC-01,CLARO S.A.,50409889580,010,105752021,688172512,R QUINTINO BANDEIRA,,RS,4314902,100MG7W,NR,SA-NSA,,3350,3350,230,FB,,,760,,23,25,13.5,-2,X,40,072212102519,200,-30.01243,-51.20444,G,2023-11-17,2006-03-23,,52c445f8c8ac97f9,2032-12-22,,,Porto Alegre
LIC-LIC-01,CLARO S.A.,50409889580,010,105752021,1005528664,AV ENGENHEIRO ALEXANDRE MARTINS DA ROSA,,RS,4314902,100MG7W,NR,SA-NSA,,3350,3350,50,FB,,,760,,23,25,13.5,-2,X,18.5,072212102519,200,-29.97767,-51.18431,G,2023-11-10,2017-12-29,,52c445f8c8ac980c,2032-12-22,,,Porto Alegre
LIC-LIC-01,CLARO S.A.,50409889580,010,105752021,1005528664,AV ENGENHEIRO ALEXANDRE MARTINS DA ROSA,,RS,4314902,100MG7W,NR,SA-NSA,,3350,3350,180,FB,,,760,,23,25,13.5,0,X,18.5,072212102519,200,-29.97767,-51.18431,G,2023-11-10,2017-12-29,,52c445f8c8ac980d,2032-12-22,,,Porto Alegre
LIC-LIC-01,CLARO S.A.,50409889580,010,105752021,1005528664,AV ENGENHEIRO ALEXANDRE MARTINS DA ROSA,,RS,4314902,100MG7W,NR,SA-NSA,,3350,3350,280,FB,,,760,,23,25,13.5,0,X,18.5,072212102519,200,-29.97767,-51.18431,G,2023-11-10,2017-12-29,,52c445f8c8ac980e,2032-12-22,,,Porto Alegre
LIC-LIC-01,CLARO S.A.,50409889580,010,105752021,1005215488,RUA SATURNINO DE BRITTO,,RS,4314902,100MG7W,NR,SA-NSA,,3350,3350,30,FB,,,760,,23,25,13.5,-6,X,21,072212102519,200,-30.03666,-51.15314,G,2023-11-17,2017-10-05,,52c445f8c8ac984e,2041-12-08,,,Porto Alegre
LIC-LIC-01,CLARO S.A.,50409889580,010,105752021,1005215488,RUA SATURNINO DE BRITTO,,RS,4314902,100MG7W,NR,SA-NSA,,3350,3350,170,FB,,,760,,23,25,13.5,-4,X,21,072212102519,200,-30.03666,-51.15314,G,2023-11-17,2017-10-05,,52c445f8c8ac9850,2041-12-08,,,Porto Alegre
LIC-LIC-01,CLARO S.A.,50409889580,010,105752021,684715562,AV PADRE CACIQUE,GIGANTINHO,RS,4314902,100MG7W,NR,SA-NSA,,3350,3350,20,FB,,,760,,23,25,13.5,0,X,47,072212102519,200,-30.06465,-51.23403,G,2023-11-17,2004-09-24,,52c445f8c8ac9863,2032-12-22,,,Porto Alegre
LIC-LIC-01,CLARO S.A.,50409889580,010,105752021,684715562,AV PADRE CACIQUE,GIGANTINHO,RS,4314902,100MG7W,NR,SA-NSA,,3350,3350,180,FB,,,760,,23,25,13.5,-3,X,47,072212102519,200,-30.06465,-51.23403,G,2023-11-17,2004-09-24,,52c445f8c8ac9864,2032-12-22,,,Porto Alegre
LIC-LIC-01,CLARO S.A.,50409889580,010,105752021,684715562,AV PADRE CACIQUE,GIGANTINHO,RS,4314902,100MG7W,NR,SA-NSA,,3350,3350,310,FB,,,760,,23,25,13.5,-3,X,47,072212102519,200,-30.06465,-51.23403,G,2023-11-17,2004-09-24,,52c445f8c8ac9865,2032-12-22,,,Porto Alegre
LIC-LIC-01,CLARO S.A.,50409889580,010,105752021,686873734,ESTRADA MARTIM FÉLIX BERTA,,RS,4314902,100MG7W,NR,SA-NSA,,3350,3350,45,FB,,,760,,23,25,13.5,0,X,22.5,072212102519,200,-30.0287,-51.1072,G,2023-11-10,2005-07-21,,52c445f8c8ac9878,2032-12-22,,,Porto Alegre
LIC-LIC-01,CLARO S.A.,50409889580,010,105752021,686873734,ESTRADA MARTIM FÉLIX BERTA,,RS,4314902,100MG7W,NR,SA-NSA,,3350,3350,170,FB,,,760,,23,25,13.5,0,X,22.5,072212102519,200,-30.0287,-51.1072,G,2023-11-10,2005-07-21,,52c445f8c8ac9879,2032-12-22,,,Porto Alegre
LIC-LIC-01,CLARO S.A.,50409889580,010,105752021,686873734,ESTRADA MARTIM FÉLIX BERTA,,RS,4314902,100MG7W,NR,SA-NSA,,3350,3350,250,FB,,,760,,23,25,13.5,0,X,22.5,072212102519,200,-30.0287,-51.1072,G,2023-11-10,2005-07-21,,52c445f8c8ac987a,2032-12-22,,,Porto Alegre
LIC-LIC-01,CLARO S.A.,50409889580,010,105752021,405605862,R PIRAJÚ,,RS,4314902,100MG7W,NR,SA-NSA,,3350,3350,40,FB,,,760,,23,25,13.5,-3,X,41,072212102519,200,-30.00372,-51.17374,G,2024-10-22,2019-07-01,,0f1845f819ad004a,2041-12-08,,,Porto Alegre
LIC-LIC-01,CLARO S.A.,50409889580,010,105752021,405605862,R PIRAJÚ,,RS,4314902,100MG7W,NR,SA-NSA,,3350,3350,130,FB,,,760,,23,25,13.5,-3,X,41,072212102519,200,-30.00372,-51.17374,G,2024-10-22,2019-07-01,,0f1845f819ad004b,2041-12-08,,,Porto Alegre
LIC-LIC-01,CLARO S.A.,50409889580,010,105752021,405605862,R PIRAJÚ,,RS,4314902,100MG7W,NR,SA-NSA,,3350,3350,220,FB,,,760,,23,25,13.5,-3,X,41,072212102519,200,-30.00372,-51.17374,G,2024-10-22,2019-07-01,,0f1845f819ad004c,2041-12-08,,,Porto Alegre
LIC-LIC-01,CLARO S.A.,50409889580,010,105752021,688184359,AV PROFESSOR OSCAR PEREIRA,,RS,4314902,100MG7W,NR,SA-NSA,,3350,3350,10,FB,,,760,,23,25,13.5,0,X,21,072212102519,200,-30.0629,-51.2058,G,2023-11-10,2005-03-04,,0f1845f819ad0077,2032-12-22,,,Porto Alegre
LIC-LIC-01,CLARO S.A.,50409889580,010,105752021,688184359,AV PROFESSOR OSCAR PEREIRA,,RS,4314902,100MG7W,NR,SA-NSA,,3350,3350,135,FB,,,760,,23,25,13.5,0,X,21,072212102519,200,-30.0629,-51.2058,G,2023-11-10,2005-03-04,,0f1845f819ad0078,2032-12-22,,,Porto Alegre
LIC-LIC-01,CLARO S.A.,50409889580,010,105752021,1005313161,R SÃO LUÍS,DE FRENTE 473,RS,4314902,100MG7W,NR,SA-NSA,,3350,3350,0,FB,,,760,,24.9,25,13.5,0,X,41,102792102519,204,-30.04713,-51.20441,G,2023-11-10,2017-10-09,,0f1845f819ad0080,2032-12-22,,,Porto Alegre
LIC-LIC-01,CLARO S.A.,50409889580,010,105752021,1005313161,R SÃO LUÍS,DE FRENTE 473,RS,4314902,100MG7W,NR,SA-NSA,,3350,3350,170,FB,,,760,,24.9,25,13.5,0,X,41,102792102519,204,-30.04713,-51.20441,G,2023-11-10,2017-10-09,,0f1845f819ad0081,2032-12-22,,,Porto Alegre
LIC-LIC-01,CLARO S.A.,50409889580,010,105752021,1005313161,R SÃO LUÍS,DE FRENTE 473,RS,4314902,100MG7W,NR,SA-NSA,,3350,3350,280,FB,,,760,,24.9,25,13.5,0,X,41,102792102519,204,-30.04713,-51.20441,G,2023-11-10,2017-10-09,,0f1845f819ad0082,2032-12-22,,,Porto Alegre
LIC-LIC-01,CLARO S.A.,50409889580,010,105752021,1008802490,AV VEIGA,,RS,4314902,100MG7W,NR,SA-NSA,,3350,3350,135,FB,,,760,,23,25,13.5,-4,X,41,072212102519,200,-30.06671,-51.18359,G,2023-11-10,2019-07-09,,0f1845f819ad00a9,2032-12-22,,,Porto Alegre
LIC-LIC-01,CLARO S.A.,50409889580,010,105752021,1008802490,AV VEIGA,,RS,4314902,100MG7W,NR,SA-NSA,,3350,3350,20,FB,,,760,,23,25,13.5,-4,X,41,072212102519,200,-30.06671,-51.18359,G,2023-11-10,2019-07-09,,0f1845f819ad00aa,2032-12-22,,,Porto Alegre
LIC-LIC-01,CLARO S.A.,50409889580,010,105752021,1011758331,R CIPÓ,,RS,4314902,100MG7W,NR,SA-NSA,,3350,3350,50,FB,,,760,,23,25,13.5,-2,X,37,072212102519,200,-30.0206,-51.15535,G,2024-04-01,2021-02-23,,0f1845f819ad00cf,2041-12-08,,,Porto Alegre
LIC-LIC-01,CLARO S.A.,50409889580,010,105752021,1011758331,R CIPÓ,,RS,4314902,100MG7W,NR,SA-NSA,,3350,3350,220,FB,,,760,,23,25,13.5,-2,X,37,072212102519,200,-30.0206,-51.15535,G,2024-04-01,2021-02-23,,0f1845f819ad00d0,2041-12-08,,,Porto Alegre
LIC-LIC-01,CLARO S.A.,50409889580,010,105752021,1011758331,R CIPÓ,,RS,4314902,100MG7W,NR,SA-NSA,,3350,3350,340,FB,,,760,,23,25,13.5,-1,X,37,072212102519,200,-30.0206,-51.15535,G,2024-04-01,2021-02-23,,0f1845f819ad00d1,2041-12-08,,,Porto Alegre
LIC-LIC-01,CLARO S.A.,50409889580,010,105752021,506241378,AVENIDA EDU LAS-CASAS,,RS,4314902,100MG7W,NR,SA-NSA,,3350,3350,20,FB,,,760,,23,25,13.5,-5,X,27,072212102519,200,-30.00831,-51.10921,G,2023-11-10,2000-03-10,,0f1845f819ad00e4,2032-12-22,,,Porto Alegre
LIC-LIC-01,CLARO S.A.,50409889580,010,105752021,506241378,AVENIDA EDU LAS-CASAS,,RS,4314902,100MG7W,NR,SA-NSA,,3350,3350,140,FB,,,760,,23,25,13.5,-5,X,27,072212102519,200,-30.00831,-51.10921,G,2023-11-10,2000-03-10,,0f1845f819ad00e5,2032-12-22,,,Porto Alegre
LIC-LIC-01,CLARO S.A.,50409889580,010,105752021,506241378,AVENIDA EDU LAS-CASAS,,RS,4314902,100MG7W,NR,SA-NSA,,3350,3350,250,FB,,,760,,23,25,13.5,-3,X,35,072212102519,200,-30.00831,-51.10921,G,2023-11-10,2000-03-10,,0f1845f819ad00e6,2032-12-22,,,Porto Alegre
LIC-LIC-01,CLARO S.A.,50409889580,010,105752021,683917552,AVENIDA MÃE APOLINÁRIA MATIAS BATISTA,,RS,4314902,100MG7W,NR,SA-NSA,,3350,3350,10,FB,,,760,,23,25,13.5,-2,X,48,072212102519,200,-30.0447,-51.1356,G,2023-11-17,2004-01-06,,0f1845f819ad00ff,2041-12-08,,,Porto Alegre
LIC-LIC-01,CLARO S.A.,50409889580,010,105752021,683917552,AVENIDA MÃE APOLINÁRIA MATIAS BATISTA,,RS,4314902,100MG7W,NR,SA-NSA,,3350,3350,130,FB,,,760,,23,25,13.5,-1,X,48,072212102519,200,-30.0447,-51.1356,G,2023-11-17,2004-01-06,,0f1845f819ad0100,2041-12-08,,,Porto Alegre
LIC-LIC-01,CLARO S.A.,50409889580,010,105752021,683917552,AVENIDA MÃE APOLINÁRIA MATIAS BATISTA,,RS,4314902,100MG7W,NR,SA-NSA,,3350,3350,230,FB,,,760,,23,25,13.5,-8,X,48,072212102519,200,-30.0447,-51.1356,G,2023-11-17,2004-01-06,,0f1845f819ad0101,2041-12-08,,,Porto Alegre
LIC-LIC-01,CLARO S.A.,50409889580,010,105752021,1008690551,AV ASSIS BRASIL,,RS,4314902,100MG7W,NR,SA-NSA,,3350,3350,340,FB,,,760,212712202519,24.4,25,65,-3,X,34,212712202519,229,-30.01139,-51.1694,G,2023-11-10,2019-07-01,,0f1845f819ad0126,2032-12-22,,,Porto Alegre
LIC-LIC-01,CLARO S.A.,50409889580,010,105752021,1008690551,AV ASSIS BRASIL,,RS,4314902,100MG7W,NR,SA-NSA,,3350,3350,160,FB,,,760,212712202519,24.4,25,65,-5,X,34,212712202519,229,-30.01139,-51.1694,G,2023-11-10,2019-07-01,,0f1845f819ad0127,2032-12-22,,,Porto Alegre
LIC-LIC-01,CLARO S.A.,50409889580,010,105752021,1008690551,AV ASSIS BRASIL,,RS,4314902,100MG7W,NR,SA-NSA,,3350,3350,270,FB,,,760,212712202519,24.4,25,65,-6,X,34,212712202519,229,-30.01139,-51.1694,G,2023-11-10,2019-07-01,,0f1845f819ad0128,2032-12-22,,,Porto Alegre
LIC-LIC-01,CLARO S.A.,50409889580,010,105752021,405605935,AV PASTOR ERNESTO SCHLIEPER,,RS,4314902,100MG7W,NR,SA-NSA,,3350,3350,30,FB,,,760,,23,25,13.5,-4,X,30,072212102519,200,-29.9993,-51.1467,G,2024-10-22,2004-01-06,,a6ad45f83370609d,2041-12-08,,,Porto Alegre
LIC-LIC-01,CLARO S.A.,50409889580,010,105752021,405605935,AV PASTOR ERNESTO SCHLIEPER,,RS,4314902,100MG7W,NR,SA-NSA,,3350,3350,260,FB,,,760,,23,25,13.5,-4,X,30,072212102519,200,-29.9993,-51.1467,G,2024-10-22,2004-01-06,,a6ad45f83370609f,2041-12-08,,,Porto Alegre
LIC-LIC-01,CLARO S.A.,50409889580,010,105752021,405606028,R PADRE ANTÔNIO VIEIRA,,RS,4314902,100MG7W,NR,SA-NSA,,3350,3350,20,FB,,,760,,23,25,13.5,0,X,30,072212102519,200,-30.0598,-51.2021,G,2023-11-10,1999-04-01,,52c445f8c30bacc0,2032-12-22,,,Porto Alegre
LIC-LIC-01,CLARO S.A.,50409889580,010,105752021,405606028,R PADRE ANTÔNIO VIEIRA,,RS,4314902,100MG7W,NR,SA-NSA,,3350,3350,140,FB,,,760,,23,25,13.5,0,X,30,072212102519,200,-30.0598,-51.2021,G,2023-11-10,1999-04-01,,52c445f8c30bacc1,2032-12-22,,,Porto Alegre
LIC-LIC-01,CLARO S.A.,50409889580,010,105752021,405606028,R PADRE ANTÔNIO VIEIRA,,RS,4314902,100MG7W,NR,SA-NSA,,3350,3350,280,FB,,,760,,23,25,13.5,0,X,30,072212102519,200,-30.0598,-51.2021,G,2023-11-10,1999-04-01,,52c445f8c30bacc2,2032-12-22,,,Porto Alegre
LIC-LIC-01,CLARO S.A.,50409889580,010,105752021,1006822400,RUA LUIZ CAETANO ANTINOLFI,,RS,4314902,100MG7W,NR,SA-NSA,,3350,3350,40,FB,,,760,,23,25,13.5,-2,X,51,072212102519,200,-30.01985,-51.12427,G,2023-11-10,2018-06-07,,a6ad45f83884ef72,2032-12-22,,,Porto Alegre
LIC-LIC-01,CLARO S.A.,50409889580,010,105752021,1006822400,RUA LUIZ CAETANO ANTINOLFI,,RS,4314902,100MG7W,NR,SA-NSA,,3350,3350,180,FB,,,760,,23,25,13.5,-2,X,51,072212102519,200,-30.01985,-51.12427,G,2023-11-10,2018-06-07,,a6ad45f83884ef73,2032-12-22,,,Porto Alegre
LIC-LIC-01,CLARO S.A.,50409889580,010,105752021,1006822400,RUA LUIZ CAETANO ANTINOLFI,,RS,4314902,100MG7W,NR,SA-NSA,,3350,3350,310,FB,,,760,,23,25,13.5,0,X,51,072212102519,200,-30.01985,-51.12427,G,2023-11-10,2018-06-07,,a6ad45f83884ef74,2032-12-22,,,Porto Alegre
LIC-LIC-01,CLARO S.A.,50409889580,010,105752021,1001063942,R SIMÃO KAPPEL,ROOS COMÉRCIO E EXPORTAÇÃO LTDA,RS,4314902,100MG7W,NR,SA-NSA,,3350,3350,250,FB,,,760,,23,25,13.5,-1,X,19,072212102519,200,-29.99606,-51.19939,G,2024-10-22,2015-02-26,,a6ad45f83884ef99,2041-12-08,,,Porto Alegre
LIC-LIC-01,CLARO S.A.,50409889580,010,105752021,1001063942,R SIMÃO KAPPEL,ROOS COMÉRCIO E EXPORTAÇÃO LTDA,RS,4314902,100MG7W,NR,SA-NSA,,3350,3350,130,FB,,,760,,23,25,13.5,-2,X,19,072212102519,200,-29.99606,-51.19939,G,2024-10-22,2015-02-26,,a6ad45f83884ef9a,2041-12-08,,,Porto Alegre
LIC-LIC-01,CLARO S.A.,50409889580,010,105752021,1001063942,R SIMÃO KAPPEL,ROOS COMÉRCIO E EXPORTAÇÃO LTDA,RS,4314902,100MG7W,NR,SA-NSA,,3350,3350,30,FB,,,760,,23,25,13.5,-2,X,19,072212102519,200,-29.99606,-51.19939,G,2024-10-22,2015-02-26,,a6ad45f83884ef9b,2041-12-08,,,Porto Alegre
LIC-LIC-01,CLARO S.A.,50409889580,010,105752021,692860223,AVENIDA BALTAZAR DE OLIVEIRA GARCIA,,RS,4314902,100MG7W,NR,SA-NSA,,3350,3350,60,FB,,,760,,23,25,13.5,-5,X,28,072212102519,200,-30.01679,-51.10532,G,2023-11-10,2010-10-19,,805e45f85b8798b5,2032-12-22,,,Porto Alegre
LIC-LIC-01,CLARO S.A.,50409889580,010,105752021,692860223,AVENIDA BALTAZAR DE OLIVEIRA GARCIA,,RS,4314902,100MG7W,NR,SA-NSA,,3350,3350,180,FB,,,760,,23,25,13.5,-5,X,28,072212102519,200,-30.01679,-51.10532,G,2023-11-10,2010-10-19,,805e45f85b8798b6,2032-12-22,,,Porto Alegre
LIC-LIC-01,CLARO S.A.,50409889580,010,105752021,692860223,AVENIDA BALTAZAR DE OLIVEIRA GARCIA,,RS,4314902,100MG7W,NR,SA-NSA,,3350,3350,315,FB,,,760,,23,25,13.5,-4,X,28,072212102519,200,-30.01679,-51.10532,G,2023-11-10,2010-10-19,,805e45f85b8798b7,2032-12-22,,,Porto Alegre
LIC-LIC-01,CLARO S.A.,50409889580,010,105752021,405605587,R PROFESSOR MANOEL LOBATO,AO LADO DA IGREJA DE JESUS CRISTO DOS SANTOS DOS ÚLTIMOS DIAS,RS,4314902,100MG7W,NR,SA-NSA,,3350,3350,20,FB,,,760,,23,25,13.5,-2,X,40,072212102519,200,-30.0721,-51.2184,G,2023-11-17,2009-02-26,,805e45f85b8798e8,2032-12-22,,,Porto Alegre
LIC-LIC-01,CLARO S.A.,50409889580,010,105752021,405605587,R PROFESSOR MANOEL LOBATO,AO LADO DA IGREJA DE JESUS CRISTO DOS SANTOS DOS ÚLTIMOS DIAS,RS,4314902,100MG7W,NR,SA-NSA,,3350,3350,140,FB,,,760,,23,25,13.5,-2,X,40,072212102519,200,-30.0721,-51.2184,G,2023-11-17,2009-02-26,,805e45f85b8798e9,2032-12-22,,,Porto Alegre
LIC-LIC-01,CLARO S.A.,50409889580,010,105752021,405605587,R PROFESSOR MANOEL LOBATO,AO LADO DA IGREJA DE JESUS CRISTO DOS SANTOS DOS ÚLTIMOS DIAS,RS,4314902,100MG7W,NR,SA-NSA,,3350,3350,260,FB,,,760,,23,25,13.5,-2,X,40,072212102519,200,-30.0721,-51.2184,G,2023-11-17,2009-02-26,,805e45f85b8798ea,2032-12-22,,,Porto Alegre
LIC-LIC-01,CLARO S.A.,50409889580,010,105752021,1004738380,R COMANDAÍ,LOTES 1 E 2 - QUADRA 32,RS,4314902,100MG7W,NR,SA-NSA,,3350,3350,50,FB,,,760,,23,25,13.5,-3,X,26,072212102519,200,-30.08989,-51.23466,G,2023-11-17,2017-07-31,,805e45f85b87990c,2032-12-22,,,Porto Alegre
LIC-LIC-01,CLARO S.A.,50409889580,010,105752021,1004738380,R COMANDAÍ,LOTES 1 E 2 - QUADRA 32,RS,4314902,100MG7W,NR,SA-NSA,,3350,3350,150,FB,,,760,,23,25,13.5,-3,X,26,072212102519,200,-30.08989,-51.23466,G,2023-11-17,2017-07-31,,805e45f85b87990d,2032-12-22,,,Porto Alegre
LIC-LIC-01,CLARO S.A.,50409889580,010,105752021,1004738380,R COMANDAÍ,LOTES 1 E 2 - QUADRA 32,RS,4314902,100MG7W,NR,SA-NSA,,3350,3350,250,FB,,,760,,23,25,13.5,-4,X,26,072212102519,200,-30.08989,-51.23466,G,2023-11-17,2017-07-31,,805e45f85b87990e,2032-12-22,,,Porto Alegre
LIC-LIC-01,CLARO S.A.,50409889580,010,105752021,686879953,R DONA INOCÊNCIA,,RS,4314902,100MG7W,NR,SA-NSA,,3350,3350,70,FB,,,760,,23,25,13.5,-3,X,20,072212102519,200,-30.0563,-51.1788,G,2024-04-17,2005-07-21,,805e45f85b879921,2041-12-08,,,Porto Alegre
LIC-LIC-01,CLARO S.A.,50409889580,010,105752021,686879953,R DONA INOCÊNCIA,,RS,4314902,100MG7W,NR,SA-NSA,,3350,3350,220,FB,,,760,,23,25,13.5,-5,X,20,072212102519,200,-30.0563,-51.1788,G,2024-04-17,2005-07-21,,805e45f85b879922,2041-12-08,,,Porto Alegre
LIC-LIC-01,CLARO S.A.,50409889580,010,105752021,686879953,R DONA INOCÊNCIA,,RS,4314902,100MG7W,NR,SA-NSA,,3350,3350,320,FB,,,760,,23,25,13.5,-5,X,20,072212102519,200,-30.0563,-51.1788,G,2024-04-17,2005-07-21,,805e45f85b879923,2041-12-08,,,Porto Alegre
LIC-LIC-01,CLARO S.A.,50409889580,010,105752021,692414843,AV LUIZ MOSCHETTI,,RS,4314902,100MG7W,NR,SA-NSA,,3350,3350,0,FB,,,760,,23,25,13.5,0,X,21,072212102519,200,-30.07244,-51.17594,G,2023-11-10,2010-06-24,,805e45f85b879957,2032-12-22,,,Porto Alegre
LIC-LIC-01,CLARO S.A.,50409889580,010,105752021,692414843,AV LUIZ MOSCHETTI,,RS,4314902,100MG7W,NR,SA-NSA,,3350,3350,120,FB,,,760,,23,25,13.5,0,X,21,072212102519,200,-30.07244,-51.17594,G,2023-11-10,2010-06-24,,805e45f85b879958,2032-12-22,,,Porto Alegre
LIC-LIC-01,CLARO S.A.,50409889580,010,105752021,692414843,AV LUIZ MOSCHETTI,,RS,4314902,100MG7W,NR,SA-NSA,,3350,3350,250,FB,,,760,,23,25,13.5,0,X,21,072212102519,200,-30.07244,-51.17594,G,2023-11-10,2010-06-24,,805e45f85b879959,2032-12-22,,,Porto Alegre
LIC-LIC-01,CLARO S.A.,50409889580,010,105752021,1005160225,AV PLÍNIO KROEFF,,RS,4314902,100MG7W,NR,SA-NSA,,3350,3350,350,FB,,,760,,23,25,13.5,0,X,16.5,072212102519,200,-29.99824,-51.11492,G,2023-06-27,2017-09-15,,805e45f85b87996f,2032-12-22,,,Porto Alegre
LIC-LIC-01,CLARO S.A.,50409889580,010,105752021,1005160225,AV PLÍNIO KROEFF,,RS,4314902,100MG7W,NR,SA-NSA,,3350,3350,60,FB,,,760,,23,25,13.5,0,X,16.5,072212102519,200,-29.99824,-51.11492,G,2023-06-27,2017-09-15,,805e45f85b879970,2032-12-22,,,Porto Alegre
LIC-LIC-01,CLARO S.A.,50409889580,010,105752021,1005160225,AV PLÍNIO KROEFF,,RS,4314902,100MG7W,NR,SA-NSA,,3350,3350,235,FB,,,760,,23,25,13.5,0,X,16.5,072212102519,200,-29.99824,-51.11492,G,2023-06-27,2017-09-15,,805e45f85b879971,2032-12-22,,,Porto Alegre
LIC-LIC-01,CLARO S.A.,50409889580,010,105752021,1005528699,R FERNANDO ABOTT,,RS,4314902,100MG7W,NR,SA-NSA,,3350,3350,10,FB,,,760,,23,25,13.5,-4,X,33,072212102519,200,-30.00612,-51.16378,G,2023-11-10,2017-12-29,,805e45f85b879994,2032-12-22,,,Porto Alegre
LIC-LIC-01,CLARO S.A.,50409889580,010,105752021,1005528699,R FERNANDO ABOTT,,RS,4314902,100MG7W,NR,SA-NSA,,3350,3350,125,FB,,,760,,23,25,13.5,-5,X,33,072212102519,200,-30.00612,-51.16378,G,2023-11-10,2017-12-29,,805e45f85b879995,2032-12-22,,,Porto Alegre
LIC-LIC-01,CLARO S.A.,50409889580,010,105752021,1005528699,R FERNANDO ABOTT,,RS,4314902,100MG7W,NR,SA-NSA,,3350,3350,280,FB,,,760,,23,25,13.5,-4,X,33,072212102519,200,-30.00612,-51.16378,G,2023-11-10,2017-12-29,,805e45f85b879996,2032-12-22,,,Porto Alegre
LIC-LIC-01,CLARO S.A.,50409889580,010,105752021,617715599,AVENIDA JOÃO WALLIG,SHOPPING IGUATEMI,RS,4314902,100MG7W,NR,SA-NSA,,3350,3350,0,FB,,,168,,1,20,1,0,V,5,127432102519,0.25,-30.0254,-51.1624,E,2023-11-17,2001-07-27,,805e45f85b8799b8,2041-12-08,,,Porto Alegre
LIC-LIC-01,CLARO S.A.,50409889580,010,105752021,405606010,R CORONEL JOÃO PACHECO DE FREITAS,,RS,4314902,100MG7W,NR,SA-NSA,,3350,3350,340,FB,,,760,,23,25,13.5,-2,X,41,072212102519,200,-30.03077,-51.13586,G,2023-11-17,1999-10-06,,805e45f85b8799da,2032-12-22,,,Porto Alegre
LIC-LIC-01,CLARO S.A.,50409889580,010,105752021,405606010,R CORONEL JOÃO PACHECO DE FREITAS,,RS,4314902,100MG7W,NR,SA-NSA,,3350,3350,120,FB,,,760,,23,25,13.5,-5,X,41,072212102519,200,-30.03077,-51.13586,G,2023-11-17,1999-10-06,,805e45f85b8799db,2032-12-22,,,Porto Alegre
LIC-LIC-01,CLARO S.A.,50409889580,010,105752021,405606010,R CORONEL JOÃO PACHECO DE FREITAS,,RS,4314902,100MG7W,NR,SA-NSA,,3350,3350,240,FB,,,760,,23,25,13.5,-2,X,41,072212102519,200,-30.03077,-51.13586,G,2023-11-17,1999-10-06,,805e45f85b8799dc,2032-12-22,,,Porto Alegre
LIC-LIC-01,CLARO S.A.,50409889580,010,105752021,405605889,R ITARARÉ,,RS,4314902,100MG7W,NR,SA-NSA,,3350,3350,30,FB,,,760,,23,25,13.5,-5,X,37,072212102519,200,-30.00964,-51.16502,G,2023-11-17,1999-10-06,,99a745f87af40b23,2032-12-22,,,Porto Alegre
LIC-LIC-01,CLARO S.A.,50409889580,010,105752021,405605889,R ITARARÉ,,RS,4314902,100MG7W,NR,SA-NSA,,3350,3350,140,FB,,,760,,23,25,13.5,-3,X,37,072212102519,200,-30.00964,-51.16502,G,2023-11-17,1999-10-06,,99a745f87af40b24,2032-12-22,,,Porto Alegre
LIC-LIC-01,CLARO S.A.,50409889580,010,105752021,405606060,AV ENGENHEIRO LUDOLFO BOHEL,,RS,4314902,100MG7W,NR,SA-NSA,,3350,3350,0,FB,,,760,,23,25,13.5,-1,X,31,072212102519,200,-30.08428,-51.19805,G,2023-11-10,2004-01-06,,99a745f87af40b2c,2032-12-22,,,Porto Alegre
LIC-LIC-01,CLARO S.A.,50409889580,010,105752021,405606060,AV ENGENHEIRO LUDOLFO BOHEL,,RS,4314902,100MG7W,NR,SA-NSA,,3350,3350,110,FB,,,760,,23,25,13.5,-2,X,31,072212102519,200,-30.08428,-51.19805,G,2023-11-10,2004-01-06,,99a745f87af40b2d,2032-12-22,,,Porto Alegre
LIC-LIC-01,CLARO S.A.,50409889580,010,105752021,405606060,AV ENGENHEIRO LUDOLFO BOHEL,,RS,4314902,100MG7W,NR,SA-NSA,,3350,3350,290,FB,,,760,,23,25,13.5,-1,X,31,072212102519,200,-30.08428,-51.19805,G,2023-11-10,2004-01-06,,99a745f87af40b2e,2032-12-22,,,Porto Alegre
LIC-LIC-01,CLARO S.A.,50409889580,010,105752021,696500841,AV RICARDO LEONIDAS RIBAS,,RS,4314902,100MG7W,NR,SA-NSA,,3350,3350,80,FB,,,760,,23,25,13.5,-2,X,19.5,072212102519,200,-30.14732,-51.13405,G,2023-11-17,2012-01-27,,99a745f87af40b73,2032-12-22,,,Porto Alegre
LIC-LIC-01,CLARO S.A.,50409889580,010,105752021,696500841,AV RICARDO LEONIDAS RIBAS,,RS,4314902,100MG7W,NR,SA-NSA,,3350,3350,200,FB,,,760,,23,25,13.5,-2,X,19.5,072212102519,200,-30.14732,-51.13405,G,2023-11-17,2012-01-27,,99a745f87af40b74,2032-12-22,,,Porto Alegre
LIC-LIC-01,CLARO S.A.,50409889580,010,105752021,696500841,AV RICARDO LEONIDAS RIBAS,,RS,4314902,100MG7W,NR,SA-NSA,,3350,3350,270,FB,,,760,,23,25,13.5,-2,X,19.5,072212102519,200,-30.14732,-51.13405,G,2023-11-17,2012-01-27,,99a745f87af40b75,2032-12-22,,,Porto Alegre
LIC-LIC-01,CLARO S.A.,50409889580,010,105752021,1005313218,R CALDRE E FIÃO,,RS,4314902,100MG7W,NR,SA-NSA,,3350,3350,60,FB,,,760,,23,25,13.5,-1,X,15,072212102519,200,-30.06526,-51.19875,G,2023-11-10,2017-10-09,,99a745f87af40bac,2032-12-22,,,Porto Alegre
LIC-LIC-01,CLARO S.A.,50409889580,010,105752021,1005313218,R CALDRE E FIÃO,,RS,4314902,100MG7W,NR,SA-NSA,,3350,3350,180,FB,,,760,,23,25,13.5,-2,X,15,072212102519,200,-30.06526,-51.19875,G,2023-11-10,2017-10-09,,99a745f87af40bad,2032-12-22,,,Porto Alegre
LIC-LIC-01,CLARO S.A.,50409889580,010,105752021,1005313218,R CALDRE E FIÃO,,RS,4314902,100MG7W,NR,SA-NSA,,3350,3350,280,FB,,,760,,23,25,13.5,-1,X,15,072212102519,200,-30.06526,-51.19875,G,2023-11-10,2017-10-09,,99a745f87af40bae,2032-12-22,,,Porto Alegre
LIC-LIC-01,CLARO S.A.,50409889580,010,105752021,683705261,R PROFESSOR JOÃO SOUZA RIBEIRO,ESQUINA RUA PAULO HECKER-PRÓXIMO AO MAXXI ATACADO-PARALELA AV. A.J.RENNER,RS,4314902,100MG7W,NR,SA-NSA,,3350,3350,330,FB,,,760,,23,25,13.5,0,X,28,072212102519,200,-29.98364,-51.1916,G,2023-11-17,2004-02-13,,5ae855f89a5a5723,2032-12-22,,,Porto Alegre
LIC-LIC-01,CLARO S.A.,50409889580,010,105752021,683705261,R PROFESSOR JOÃO SOUZA RIBEIRO,ESQUINA RUA PAULO HECKER-PRÓXIMO AO MAXXI ATACADO-PARALELA AV. A.J.RENNER,RS,4314902,100MG7W,NR,SA-NSA,,3350,3350,130,FB,,,760,,23,25,13.5,-7,X,28,072212102519,200,-29.98364,-51.1916,G,2023-11-17,2004-02-13,,5ae855f89a5a5724,2032-12-22,,,Porto Alegre
LIC-LIC-01,CLARO S.A.,50409889580,010,105752021,683705261,R PROFESSOR JOÃO SOUZA RIBEIRO,ESQUINA RUA PAULO HECKER-PRÓXIMO AO MAXXI ATACADO-PARALELA AV. A.J.RENNER,RS,4314902,100MG7W,NR,SA-NSA,,3350,3350,220,FB,,,760,,23,25,13.5,-6,X,28,072212102519,200,-29.98364,-51.1916,G,2023-11-17,2004-02-13,,5ae855f89a5a5725,2032-12-22,,,Porto Alegre
LIC-LIC-01,CLARO S.A.,50409889580,010,105752021,535725086,RUA JOÃO SILVEIRA DIAS,,RS,4314902,100MG7W,NR,SA-NSA,,3350,3350,70,FB,,,760,,23,25,13.5,-3,X,21,072212102519,200,-30.02136,-51.11696,G,2023-11-10,2000-10-02,,5ae855f89a5a5750,2032-12-22,,,Porto Alegre
LIC-LIC-01,CLARO S.A.,50409889580,010,105752021,535725086,RUA JOÃO SILVEIRA DIAS,,RS,4314902,100MG7W,NR,SA-NSA,,3350,3350,180,FB,,,760,,23,25,13.5,-3,X,21,072212102519,200,-30.02136,-51.11696,G,2023-11-10,2000-10-02,,5ae855f89a5a5751,2032-12-22,,,Porto Alegre
LIC-LIC-01,CLARO S.A.,50409889580,010,105752021,535725086,RUA JOÃO SILVEIRA DIAS,,RS,4314902,100MG7W,NR,SA-NSA,,3350,3350,290,FB,,,760,,23,25,13.5,-3,X,21,072212102519,200,-30.02136,-51.11696,G,2023-11-10,2000-10-02,,5ae855f89a5a5752,2032-12-22,,,Porto Alegre
LIC-LIC-01,CLARO S.A.,50409889580,010,105752021,1011745418,AV CRUZEIRO DO SUL,,RS,4314902,100MG7W,NR,SA-NSA,,3350,3350,30,FB,,,760,,23,25,13.5,-2,X,49,072212102519,200,-30.08192,-51.22941,G,2023-11-10,2021-02-19,,5ae855f89a5a5765,2032-12-22,,,Porto Alegre
LIC-LIC-01,CLARO S.A.,50409889580,010,105752021,1011745418,AV CRUZEIRO DO SUL,,RS,4314902,100MG7W,NR,SA-NSA,,3350,3350,120,FB,,,760,,23,25,13.5,-4,X,49,072212102519,200,-30.08192,-51.22941,G,2023-11-10,2021-02-19,,5ae855f89a5a5766,2032-12-22,,,Porto Alegre
LIC-LIC-01,CLARO S.A.,50409889580,010,105752021,1011745418,AV CRUZEIRO DO SUL,,RS,4314902,100MG7W,NR,SA-NSA,,3350,3350,250,FB,,,760,,23,25,13.5,-1,X,49,072212102519,200,-30.08192,-51.22941,G,2023-11-10,2021-02-19,,5ae855f89a5a5767,2032-12-22,,,Porto Alegre
LIC-LIC-01,CLARO S.A.,50409889580,010,105752021,695765558,R JERÔNIMO COELHO,,RS,4314902,100MG7W,NR,SA-NSA,,3350,3350,40,FB,,,760,,24.9,25,13.5,-1,X,24,102792102519,204,-30.03247,-51.22588,G,2023-11-16,2011-08-11,,5ae855f89a5a578e,2032-12-22,,,Porto Alegre
LIC-LIC-01,CLARO S.A.,50409889580,010,105752021,695765558,R JERÔNIMO COELHO,,RS,4314902,100MG7W,NR,SA-NSA,,3350,3350,130,FB,,,760,,24.9,25,13.5,-3,X,31,102792102519,204,-30.03247,-51.22588,G,2023-11-16,2011-08-11,,5ae855f89a5a578f,2032-12-22,,,Porto Alegre
LIC-LIC-01,CLARO S.A.,50409889580,010,105752021,695765558,R JERÔNIMO COELHO,,RS,4314902,100MG7W,NR,SA-NSA,,3350,3350,280,FB,,,760,,24.9,25,13.5,-1,X,24,102792102519,204,-30.03247,-51.22588,G,2023-11-16,2011-08-11,,5ae855f89a5a5790,2032-12-22,,,Porto Alegre
LIC-LIC-01,CLARO S.A.,50409889580,010,105752021,695765558,R JERÔNIMO COELHO,,RS,4314902,50M0G7W,NR,SA-NSA,,2325,2325,40,FB,,,760,003692202519,24,25,70,-1,X,23,003692202519,50,-30.03247,-51.22588,G,2023-11-16,2011-08-11,,5ae855f89a5a5791,2032-12-22,,,Porto Alegre
LIC-LIC-01,CLARO S.A.,50409889580,010,105752021,695765558,R JERÔNIMO COELHO,,RS,4314902,50M0G7W,NR,SA-NSA,,2325,2325,130,FB,,,760,003692202519,24,25,70,-3,X,30,003692202519,50,-30.03247,-51.22588,G,2023-11-16,2011-08-11,,5ae855f89a5a5792,2032-12-22,,,Porto Alegre
LIC-LIC-01,CLARO S.A.,50409889580,010,105752021,695765558,R JERÔNIMO COELHO,,RS,4314902,50M0G7W,NR,SA-NSA,,2325,2325,280,FB,,,760,003692202519,24,25,70,-1,X,23,003692202519,50,-30.03247,-51.22588,G,2023-11-16,2011-08-11,,5ae855f89a5a5793,2032-12-22,,,Porto Alegre
LIC-LIC-01,CLARO S.A.,50409889580,010,105752021,1007224344,AV IPIRANGA,,RS,4314902,100MG7W,NR,SA-NSA,,3350,3350,340,FB,,,760,,23,25,13.5,-1,X,27,072212102519,200,-30.05661,-51.15822,G,2023-11-10,2005-03-29,,5ae855f89a5a57c1,2032-12-22,,,Porto Alegre
LIC-LIC-01,CLARO S.A.,50409889580,010,105752021,1007224344,AV IPIRANGA,,RS,4314902,100MG7W,NR,SA-NSA,,3350,3350,90,FB,,,760,,23,25,13.5,-1,X,27,072212102519,200,-30.05661,-51.15822,G,2023-11-10,2005-03-29,,5ae855f89a5a57c2,2032-12-22,,,Porto Alegre
LIC-LIC-01,CLARO S.A.,50409889580,010,105752021,1007224344,AV IPIRANGA,,RS,4314902,100MG7W,NR,SA-NSA,,3350,3350,0,FB,,,760,,23,25,13.5,0,X,26,072212102519,200,-30.05661,-51.15822,G,2023-11-10,2005-03-29,,5ae855f89a5a57c3,2032-12-22,,,Porto Alegre
LIC-LIC-01,CLARO S.A.,50409889580,010,105752021,679413383,RUA JARBAS SIQUEIRA PEREIRA,,RS,4314902,100MG7W,NR,SA-NSA,,3350,3350,30,FB,,,760,,23,25,13.5,-2,X,33,072212102519,200,-30.0427,-51.1465,G,2023-11-17,2002-08-13,,5ae855f89a5a57ca,2041-12-08,,,Porto Alegre
LIC-LIC-01,CLARO S.A.,50409889580,010,105752021,679413383,RUA JARBAS SIQUEIRA PEREIRA,,RS,4314902,100MG7W,NR,SA-NSA,,3350,3350,120,FB,,,760,,23,25,13.5,-1,X,33,072212102519,200,-30.0427,-51.1465,G,2023-11-17,2002-08-13,,5ae855f89a5a57cb,2041-12-08,,,Porto Alegre
LIC-LIC-01,CLARO S.A.,50409889580,010,105752021,679413383,RUA JARBAS SIQUEIRA PEREIRA,,RS,4314902,100MG7W,NR,SA-NSA,,3350,3350,210,FB,,,760,,23,25,13.5,-2,X,33,072212102519,200,-30.0427,-51.1465,G,2023-11-17,2002-08-13,,5ae855f89a5a57cc,2041-12-08,,,Porto Alegre
LIC-LIC-01,CLARO S.A.,50409889580,010,105752021,686215117,R NICOLAU FAILLACE,,RS,4314902,100MG7W,NR,SA-NSA,,3350,3350,30,FB,,,760,,23,25,13.5,-1,X,20,072212102519,50,-30.01678,-51.14258,G,2025-12-16,2005-03-29,,5ae855f89a5a57f1,2041-12-08,,,Porto Alegre
LIC-LIC-01,CLARO S.A.,50409889580,010,105752021,686215117,R NICOLAU FAILLACE,,RS,4314902,100MG7W,NR,SA-NSA,,3350,3350,150,FB,,,760,,23,25,13.5,-1,X,20,072212102519,50,-30.01678,-51.14258,G,2025-12-16,2005-03-29,,5ae855f89a5a57f2,2041-12-08,,,Porto Alegre
LIC-LIC-01,CLARO S.A.,50409889580,010,105752021,686215117,R NICOLAU FAILLACE,,RS,4314902,100MG7W,NR,SA-NSA,,3350,3350,300,FB,,,760,,23,25,13.5,0,X,20,072212102519,50,-30.01678,-51.14258,G,2025-12-16,2005-03-29,,5ae855f89a5a57f3,2041-12-08,,,Porto Alegre
LIC-LIC-01,CLARO S.A.,50409889580,010,105752021,1004738398,RUA ADAIL LOPES DA CUNHA,LOTE 12  AO LADO DO Nº 74,RS,4314902,100MG7W,NR,SA-NSA,,3350,3350,20,FB,,,760,,23,25,13.5,-1,X,21,072212102519,200,-30.0023,-51.10041,G,2023-11-10,2017-07-31,,346655f8add3ae46,2032-12-22,,,Porto Alegre
LIC-LIC-01,CLARO S.A.,50409889580,010,105752021,1004738398,RUA ADAIL LOPES DA CUNHA,LOTE 12  AO LADO DO Nº 74,RS,4314902,100MG7W,NR,SA-NSA,,3350,3350,150,FB,,,760,,23,25,13.5,-1,X,21,072212102519,200,-30.0023,-51.10041,G,2023-11-10,2017-07-31,,346655f8add3ae47,2032-12-22,,,Porto Alegre
LIC-LIC-01,CLARO S.A.,50409889580,010,105752021,1004738398,RUA ADAIL LOPES DA CUNHA,LOTE 12  AO LADO DO Nº 74,RS,4314902,100MG7W,NR,SA-NSA,,3350,3350,300,FB,,,760,,23,25,13.5,-1,X,21,072212102519,200,-30.0023,-51.10041,G,2023-11-10,2017-07-31,,346655f8add3ae48,2032-12-22,,,Porto Alegre
LIC-LIC-01,CLARO S.A.,50409889580,010,105752021,1006710660,EST DOS BARCELOS,,RS,4314902,100MG7W,NR,SA-NSA,,3350,3350,130,FB,,,760,,23,25,13.5,-4,X,26,072212102519,200,-30.08602,-51.18483,G,2023-11-10,2018-05-28,,346655f8add3ae6d,2032-12-22,,,Porto Alegre
LIC-LIC-01,CLARO S.A.,50409889580,010,105752021,1006710660,EST DOS BARCELOS,,RS,4314902,100MG7W,NR,SA-NSA,,3350,3350,230,FB,,,760,,23,25,13.5,-3,X,26,072212102519,200,-30.08602,-51.18483,G,2023-11-10,2018-05-28,,346655f8add3ae6e,2032-12-22,,,Porto Alegre
LIC-LIC-01,CLARO S.A.,50409889580,010,105752021,1006710660,EST DOS BARCELOS,,RS,4314902,100MG7W,NR,SA-NSA,,3350,3350,300,FB,,,760,,23,25,13.5,-7,X,26,072212102519,200,-30.08602,-51.18483,G,2023-11-10,2018-05-28,,346655f8add3ae6f,2032-12-22,,,Porto Alegre
LIC-LIC-01,CLARO S.A.,50409889580,010,105752021,1004738371,R ORFANOTRÓFIO,,RS,4314902,100MG7W,NR,SA-NSA,,3350,3350,140,FB,,,760,,23,25,13.5,-3,X,21,072212102519,200,-30.08236,-51.22298,G,2023-11-17,2017-07-31,,813275f8eca48aa8,2032-12-22,,,Porto Alegre
LIC-LIC-01,CLARO S.A.,50409889580,010,105752021,1004738371,R ORFANOTRÓFIO,,RS,4314902,100MG7W,NR,SA-NSA,,3350,3350,230,FB,,,760,,23,25,13.5,-4,X,21,072212102519,200,-30.08236,-51.22298,G,2023-11-17,2017-07-31,,813275f8eca48aa9,2032-12-22,,,Porto Alegre
LIC-LIC-01,CLARO S.A.,50409889580,010,105752021,1004738371,R ORFANOTRÓFIO,,RS,4314902,100MG7W,NR,SA-NSA,,3350,3350,30,FB,,,760,,23,25,13.5,0,X,21,072212102519,200,-30.08236,-51.22298,G,2023-11-17,2017-07-31,,813275f8eca48aaa,2032-12-22,,,Porto Alegre
LIC-LIC-01,CLARO S.A.,50409889580,010,105752021,405605749,R MÁRCIO DIAS,,RS,4314902,100MG7W,NR,SA-NSA,,3350,3350,130,FB,,,760,,23,25,13.5,-2,X,38,072212102519,200,-30.0926,-51.2251,G,2023-11-10,2004-01-06,,0e1375f809ad6b1c,2032-12-22,,,Porto Alegre
LIC-LIC-01,CLARO S.A.,50409889580,010,105752021,405605749,R MÁRCIO DIAS,,RS,4314902,100MG7W,NR,SA-NSA,,3350,3350,15,FB,,,760,,23,25,13.5,-2,X,38,072212102519,200,-30.0926,-51.2251,G,2023-11-10,2004-01-06,,0e1375f809ad6b1d,2032-12-22,,,Porto Alegre
LIC-LIC-01,CLARO S.A.,50409889580,010,105752021,405605749,R MÁRCIO DIAS,,RS,4314902,100MG7W,NR,SA-NSA,,3350,3350,240,FB,,,760,,23,25,13.5,-2,X,38,072212102519,200,-30.0926,-51.2251,G,2023-11-10,2004-01-06,,0e1375f809ad6b1e,2032-12-22,,,Porto Alegre
LIC-LIC-01,CLARO S.A.,50409889580,010,105752021,1007173570,AV DA SERRARIA,,RS,4314902,100MG7W,NR,SA-NSA,,3350,3350,155,FB,,,760,,23,25,13.5,-2,X,50,072212102519,200,-30.15635,-51.2199,G,2023-11-10,2018-09-03,,0e1375f809ad6b3a,2032-12-22,,,Porto Alegre
LIC-LIC-01,CLARO S.A.,50409889580,010,105752021,1007173570,AV DA SERRARIA,,RS,4314902,100MG7W,NR,SA-NSA,,3350,3350,225,FB,,,760,,23,25,13.5,-3,X,50,072212102519,200,-30.15635,-51.2199,G,2023-11-10,2018-09-03,,0e1375f809ad6b3b,2032-12-22,,,Porto Alegre
LIC-LIC-01,CLARO S.A.,50409889580,010,105752021,1007173570,AV DA SERRARIA,,RS,4314902,100MG7W,NR,SA-NSA,,3350,3350,70,FB,,,760,,23,25,13.5,-2,X,50,072212102519,200,-30.15635,-51.2199,G,2023-11-10,2018-09-03,,0e1375f809ad6b3c,2032-12-22,,,Porto Alegre
LIC-LIC-01,CLARO S.A.,50409889580,010,105752021,692655492,RUA PATAGONIA,AO LADO Nº 45,RS,4314902,100MG7W,NR,SA-NSA,,3350,3350,15,FB,,,760,,24.9,25,13.5,-2,X,18.5,102792102519,32,-30.04425,-51.15848,G,2025-10-24,2010-09-01,,9d9775f823b60787,2041-12-08,,,Porto Alegre
LIC-LIC-01,CLARO S.A.,50409889580,010,105752021,692655492,RUA PATAGONIA,AO LADO Nº 45,RS,4314902,100MG7W,NR,SA-NSA,,3350,3350,140,FB,,,760,,24.9,25,13.5,-1,X,18.5,102792102519,32,-30.04425,-51.15848,G,2025-10-24,2010-09-01,,9d9775f823b60788,2041-12-08,,,Porto Alegre
LIC-LIC-01,CLARO S.A.,50409889580,010,105752021,692655492,RUA PATAGONIA,AO LADO Nº 45,RS,4314902,100MG7W,NR,SA-NSA,,3350,3350,275,FB,,,760,,24.9,25,13.5,-3,X,18.5,102792102519,32,-30.04425,-51.15848,G,2025-10-24,2010-09-01,,9d9775f823b60789,2041-12-08,,,Porto Alegre
LIC-LIC-01,CLARO S.A.,50409889580,010,105752021,692655492,RUA PATAGONIA,AO LADO Nº 45,RS,4314902,50M0G7W,NR,SA-NSA,,2325,2325,15,FB,,,760,003692202519,24,25,70,-2,X,17.5,003692202519,63,-30.04425,-51.15848,G,2025-10-24,2010-09-01,,9d9775f823b6078a,2041-12-08,,,Porto Alegre
LIC-LIC-01,CLARO S.A.,50409889580,010,105752021,692655492,RUA PATAGONIA,AO LADO Nº 45,RS,4314902,50M0G7W,NR,SA-NSA,,2325,2325,140,FB,,,760,003692202519,24,25,70,-2,X,17.5,003692202519,63,-30.04425,-51.15848,G,2025-10-24,2010-09-01,,9d9775f823b6078b,2041-12-08,,,Porto Alegre
LIC-LIC-01,CLARO S.A.,50409889580,010,105752021,692655492,RUA PATAGONIA,AO LADO Nº 45,RS,4314902,50M0G7W,NR,SA-NSA,,2325,2325,275,FB,,,760,003692202519,24,25,70,-3,X,17.5,003692202519,63,-30.04425,-51.15848,G,2025-10-24,2010-09-01,,9d9775f823b6078c,2041-12-08,,,Porto Alegre
LIC-LIC-01,CLARO S.A.,50409889580,010,105752021,405606087,AV ASSIS BRASIL,,RS,4314902,100MG7W,NR,SA-NSA,,3350,3350,90,FB,,,760,,23,25,13.5,-2,X,41,072212102519,200,-29.98773,-51.12426,G,2023-11-10,2004-01-06,,9d9775f823b607b4,2032-12-22,,,Porto Alegre
LIC-LIC-01,CLARO S.A.,50409889580,010,105752021,405606087,AV ASSIS BRASIL,,RS,4314902,100MG7W,NR,SA-NSA,,3350,3350,150,FB,,,760,,23,25,13.5,-3,X,41,072212102519,200,-29.98773,-51.12426,G,2023-11-10,2004-01-06,,9d9775f823b607b5,2032-12-22,,,Porto Alegre
LIC-LIC-01,CLARO S.A.,50409889580,010,105752021,405606087,AV ASSIS BRASIL,,RS,4314902,100MG7W,NR,SA-NSA,,3350,3350,300,FB,,,760,,23,25,13.5,-3,X,41,072212102519,200,-29.98773,-51.12426,G,2023-11-10,2004-01-06,,9d9775f823b607b6,2032-12-22,,,Porto Alegre
LIC-LIC-01,CLARO S.A.,50409889580,010,105752021,689809166,AVENIDA ENGENHEIRO LUDOLFO BOEHL,,RS,4314902,100MG7W,NR,SA-NSA,,3350,3350,30,FB,,,760,,23,25,13.5,-6,X,31,072212102519,50,-30.08123,-51.21012,G,2025-12-16,2007-11-14,,630d55f8d336a4c2,2041-12-08,,,Porto Alegre
LIC-LIC-01,CLARO S.A.,50409889580,010,105752021,689809166,AVENIDA ENGENHEIRO LUDOLFO BOEHL,,RS,4314902,100MG7W,NR,SA-NSA,,3350,3350,150,FB,,,760,,23,25,13.5,-1,X,31,072212102519,50,-30.08123,-51.21012,G,2025-12-16,2007-11-14,,630d55f8d336a4c3,2041-12-08,,,Porto Alegre
LIC-LIC-01,CLARO S.A.,50409889580,010,105752021,689809166,AVENIDA ENGENHEIRO LUDOLFO BOEHL,,RS,4314902,100MG7W,NR,SA-NSA,,3350,3350,295,FB,,,760,,23,25,13.5,-3,X,31,072212102519,50,-30.08123,-51.21012,G,2025-12-16,2007-11-14,,630d55f8d336a4c4,2041-12-08,,,Porto Alegre
LIC-LIC-01,CLARO S.A.,50409889580,010,105752021,405603517,R DOS ANDRADAS,,RS,4314902,100MG7W,NR,SA-NSA,,3350,3350,140,FB,,,760,,24.9,25,13.5,-8,X,83,102792102519,204,-30.031,-51.2323,G,2024-07-16,2004-01-06,,1ded75f8066df362,2041-12-08,,,Porto Alegre
LIC-LIC-01,CLARO S.A.,50409889580,010,105752021,405603517,R DOS ANDRADAS,,RS,4314902,100MG7W,NR,SA-NSA,,3350,3350,230,FB,,,760,,24.9,25,13.5,-8,X,82,102792102519,204,-30.031,-51.2323,G,2024-07-16,2004-01-06,,1ded75f8066df363,2041-12-08,,,Porto Alegre
LIC-LIC-01,CLARO S.A.,50409889580,010,105752021,405603517,R DOS ANDRADAS,,RS,4314902,100MG7W,NR,SA-NSA,,3350,3350,45,FB,,,760,,24.9,25,13.5,-5,X,86,102792102519,204,-30.031,-51.2323,G,2024-07-16,2004-01-06,,1ded75f8066df364,2041-12-08,,,Porto Alegre
LIC-LIC-01,CLARO S.A.,50409889580,010,105752021,536395322,EST DO VAREJÃO,,RS,4314902,100MG7W,NR,SA-NSA,,3350,3350,0,FB,,,760,,23,25,13.5,-1,X,51,072212102519,200,-30.2206,-51.0981,G,2023-11-10,2007-01-22,,1ded75f8066df3a7,2032-12-22,,,Porto Alegre
LIC-LIC-01,CLARO S.A.,50409889580,010,105752021,536395322,EST DO VAREJÃO,,RS,4314902,100MG7W,NR,SA-NSA,,3350,3350,160,FB,,,760,,23,25,13.5,-2,X,51,072212102519,200,-30.2206,-51.0981,G,2023-11-10,2007-01-22,,1ded75f8066df3a8,2032-12-22,,,Porto Alegre
LIC-LIC-01,CLARO S.A.,50409889580,010,105752021,536395322,EST DO VAREJÃO,,RS,4314902,100MG7W,NR,SA-NSA,,3350,3350,270,FB,,,760,,23,25,13.5,-1,X,51,072212102519,200,-30.2206,-51.0981,G,2023-11-10,2007-01-22,,1ded75f8066df3a9,2032-12-22,,,Porto Alegre
LIC-LIC-01,CLARO S.A.,50409889580,010,105752021,1006617261,R SÃO FRANCISCO,,RS,4314902,100MG7W,NR,SA-NSA,,3350,3350,135,FB,,,760,,23,25,13.5,-5,X,45,072212102519,200,-30.09665,-51.13904,G,2023-11-10,2018-05-14,,1ded75f8066df3cb,2032-12-22,,,Porto Alegre
LIC-LIC-01,CLARO S.A.,50409889580,010,105752021,1006617261,R SÃO FRANCISCO,,RS,4314902,100MG7W,NR,SA-NSA,,3350,3350,225,FB,,,760,,23,25,13.5,-2,X,45,072212102519,200,-30.09665,-51.13904,G,2023-11-10,2018-05-14,,1ded75f8066df3cc,2032-12-22,,,Porto Alegre
LIC-LIC-01,CLARO S.A.,50409889580,010,105752021,1006617261,R SÃO FRANCISCO,,RS,4314902,100MG7W,NR,SA-NSA,,3350,3350,290,FB,,,760,,23,25,13.5,-1,X,45,072212102519,200,-30.09665,-51.13904,G,2023-11-10,2018-05-14,,1ded75f8066df3cd,2032-12-22,,,Porto Alegre
LIC-LIC-01,CLARO S.A.,50409889580,010,105752021,1006688843,AV NESTOR VALDMAN,AO LADO IMÓVEL Nº 89,RS,4314902,100MG7W,NR,SA-NSA,,3350,3350,60,FB,,,760,,23,25,13.5,-2,X,25.5,072212102519,50,-30.02705,-51.13835,G,2025-12-16,2018-05-28,,e88775f82890c03d,2041-12-08,,,Porto Alegre
LIC-LIC-01,CLARO S.A.,50409889580,010,105752021,1006688843,AV NESTOR VALDMAN,AO LADO IMÓVEL Nº 89,RS,4314902,100MG7W,NR,SA-NSA,,3350,3350,220,FB,,,760,,23,25,13.5,-2,X,25.5,072212102519,50,-30.02705,-51.13835,G,2025-12-16,2018-05-28,,e88775f82890c03e,2041-12-08,,,Porto Alegre
LIC-LIC-01,CLARO S.A.,50409889580,010,105752021,1006688843,AV NESTOR VALDMAN,AO LADO IMÓVEL Nº 89,RS,4314902,100MG7W,NR,SA-NSA,,3350,3350,300,FB,,,760,,23,25,13.5,-2,X,25.5,072212102519,50,-30.02705,-51.13835,G,2025-12-16,2018-05-28,,e88775f82890c03f,2041-12-08,,,Porto Alegre
LIC-LIC-01,CLARO S.A.,50409889580,010,105752021,1005313137,AVENIDA BENNO MENTZ,,RS,4314902,100MG7W,NR,SA-NSA,,3350,3350,80,FB,,,760,,23,25,13.5,0,X,31,072212102519,200,-30.022,-51.14686,G,2023-11-17,2017-11-27,,e88775f82890c058,2041-12-08,,,Porto Alegre
LIC-LIC-01,CLARO S.A.,50409889580,010,105752021,1005313137,AVENIDA BENNO MENTZ,,RS,4314902,100MG7W,NR,SA-NSA,,3350,3350,230,FB,,,760,,23,25,13.5,0,X,31,072212102519,200,-30.022,-51.14686,G,2023-11-17,2017-11-27,,e88775f82890c059,2041-12-08,,,Porto Alegre
LIC-LIC-01,CLARO S.A.,50409889580,010,105752021,1005313137,AVENIDA BENNO MENTZ,,RS,4314902,100MG7W,NR,SA-NSA,,3350,3350,320,FB,,,760,,23,25,13.5,-2,X,33,072212102519,200,-30.022,-51.14686,G,2023-11-17,2017-11-27,,e88775f82890c05a,2041-12-08,,,Porto Alegre
LIC-LIC-01,CLARO S.A.,50409889580,010,105752021,1001089739,R SANTUÁRIO,LOCAL CHAMADO SANTUÁRIO MÃE DE DEUS,RS,4314902,100MG7W,NR,SA-NSA,,3350,3350,110,FB,,,760,,23,25,13.5,-5,X,26,072212102519,200,-30.09989,-51.182,G,2023-11-10,2015-03-03,,e88775f82890c070,2032-12-22,,,Porto Alegre
LIC-LIC-01,CLARO S.A.,50409889580,010,105752021,1001089739,R SANTUÁRIO,LOCAL CHAMADO SANTUÁRIO MÃE DE DEUS,RS,4314902,100MG7W,NR,SA-NSA,,3350,3350,260,FB,,,760,,23,25,13.5,-4,X,19,072212102519,200,-30.09989,-51.182,G,2023-11-10,2015-03-03,,e88775f82890c071,2032-12-22,,,Porto Alegre
LIC-LIC-01,CLARO S.A.,50409889580,010,105752021,1001089739,R SANTUÁRIO,LOCAL CHAMADO SANTUÁRIO MÃE DE DEUS,RS,4314902,100MG7W,NR,SA-NSA,,3350,3350,350,FB,,,760,,23,25,13.5,-3,X,21,072212102519,200,-30.09989,-51.182,G,2023-11-10,2015-03-03,,e88775f82890c072,2032-12-22,,,Porto Alegre
LIC-LIC-01,CLARO S.A.,50409889580,010,105752021,688205810,AV ASSIS BRASIL,,RS,4314902,100MG7W,NR,SA-NSA,,3350,3350,320,FB,,,760,,23,25,13.5,-1,X,22,072212102519,50,-29.9786,-51.1116,G,2025-11-27,2006-03-23,,3b1b75f851b9911f,2041-12-08,,,Porto Alegre
LIC-LIC-01,CLARO S.A.,50409889580,010,105752021,688205810,AV ASSIS BRASIL,,RS,4314902,100MG7W,NR,SA-NSA,,3350,3350,180,FB,,,760,,23,25,13.5,-2,X,22,072212102519,50,-29.9786,-51.1116,G,2025-11-27,2006-03-23,,3b1b75f851b99120,2041-12-08,,,Porto Alegre
LIC-LIC-01,CLARO S.A.,50409889580,010,105752021,688205810,AV ASSIS BRASIL,,RS,4314902,100MG7W,NR,SA-NSA,,3350,3350,250,FB,,,760,,23,25,13.5,-5,X,22,072212102519,50,-29.9786,-51.1116,G,2025-11-27,2006-03-23,,3b1b75f851b99121,2041-12-08,,,Porto Alegre
LIC-LIC-01,CLARO S.A.,50409889580,010,105752021,689809239,AV FERNANDO FERRARI,,RS,4314902,100MG7W,NR,SA-NSA,,3350,3350,60,FB,,,760,,23,25,13.5,-1,X,35,072212102519,200,-29.97826,-51.16796,G,2023-11-10,2007-11-13,,3b1b75f851b9913d,2032-12-22,,,Porto Alegre
LIC-LIC-01,CLARO S.A.,50409889580,010,105752021,689809239,AV FERNANDO FERRARI,,RS,4314902,100MG7W,NR,SA-NSA,,3350,3350,180,FB,,,760,,23,25,13.5,-2,X,35,072212102519,200,-29.97826,-51.16796,G,2023-11-10,2007-11-13,,3b1b75f851b9913e,2032-12-22,,,Porto Alegre
LIC-LIC-01,CLARO S.A.,50409889580,010,105752021,689809239,AV FERNANDO FERRARI,,RS,4314902,100MG7W,NR,SA-NSA,,3350,3350,310,FB,,,760,,23,25,13.5,-2,X,35,072212102519,200,-29.97826,-51.16796,G,2023-11-10,2007-11-13,,3b1b75f851b9913f,2032-12-22,,,Porto Alegre
LIC-LIC-01,CLARO S.A.,50409889580,010,105752021,1000396360,R 18 DE NOVEMBRO,AO LADO DO N° 650,RS,4314902,100MG7W,NR,SA-NSA,,3350,3350,20,FB,,,760,,23,25,13.5,0,X,22,072212102519,200,-29.99905,-51.18977,G,2024-10-22,2014-08-12,,3b1b75f8574938fc,2041-12-08,,,Porto Alegre
LIC-LIC-01,CLARO S.A.,50409889580,010,105752021,1000396360,R 18 DE NOVEMBRO,AO LADO DO N° 650,RS,4314902,100MG7W,NR,SA-NSA,,3350,3350,140,FB,,,760,,23,25,13.5,0,X,22,072212102519,200,-29.99905,-51.18977,G,2024-10-22,2014-08-12,,3b1b75f8574938fd,2041-12-08,,,Porto Alegre
LIC-LIC-01,CLARO S.A.,50409889580,010,105752021,1000396360,R 18 DE NOVEMBRO,AO LADO DO N° 650,RS,4314902,100MG7W,NR,SA-NSA,,3350,3350,240,FB,,,760,,23,25,13.5,0,X,22,072212102519,200,-29.99905,-51.18977,G,2024-10-22,2014-08-12,,3b1b75f8574938fe,2041-12-08,,,Porto Alegre
LIC-LIC-01,CLARO S.A.,50409889580,010,105752021,1005313226,AV JUCA BATISTA,,RS,4314902,100MG7W,NR,SA-NSA,,3350,3350,90,FB,,,760,,23,25,13.5,0,X,17,072212102519,200,-30.14705,-51.20825,G,2023-11-10,2017-10-09,,3b1b75f8575372ed,2032-12-22,,,Porto Alegre
LIC-LIC-01,CLARO S.A.,50409889580,010,105752021,1005313226,AV JUCA BATISTA,,RS,4314902,100MG7W,NR,SA-NSA,,3350,3350,225,FB,,,760,,23,25,13.5,0,X,17,072212102519,200,-30.14705,-51.20825,G,2023-11-10,2017-10-09,,3b1b75f8575372ee,2032-12-22,,,Porto Alegre
LIC-LIC-01,CLARO S.A.,50409889580,010,105752021,1005313226,AV JUCA BATISTA,,RS,4314902,100MG7W,NR,SA-NSA,,3350,3350,315,FB,,,760,,23,25,13.5,0,X,17,072212102519,200,-30.14705,-51.20825,G,2023-11-10,2017-10-09,,3b1b75f8575372ef,2032-12-22,,,Porto Alegre
LIC-LIC-01,CLARO S.A.,50409889580,010,105752021,1005494131,TRAVESSA COLÔNIA,,RS,4314902,100MG7W,NR,SA-NSA,,3350,3350,25,FB,,,760,,23,25,13.5,-2,X,33,072212102519,200,-30.00507,-51.14944,G,2023-11-17,2017-12-19,,b50175f80f4beec7,2041-12-08,,,Porto Alegre
LIC-LIC-01,CLARO S.A.,50409889580,010,105752021,1005494131,TRAVESSA COLÔNIA,,RS,4314902,100MG7W,NR,SA-NSA,,3350,3350,190,FB,,,760,,23,25,13.5,-4,X,33,072212102519,200,-30.00507,-51.14944,G,2023-11-17,2017-12-19,,b50175f80f4beec8,2041-12-08,,,Porto Alegre
LIC-LIC-01,CLARO S.A.,50409889580,010,105752021,1005494131,TRAVESSA COLÔNIA,,RS,4314902,100MG7W,NR,SA-NSA,,3350,3350,280,FB,,,760,,23,25,13.5,-1,X,33,072212102519,200,-30.00507,-51.14944,G,2023-11-17,2017-12-19,,b50175f80f4beec9,2041-12-08,,,Porto Alegre
LIC-LIC-01,CLARO S.A.,50409889580,010,105752021,688207430,R SÃO JOAQUIM,,RS,4314902,100MG7W,NR,SA-NSA,,3350,3350,50,FB,,,760,,23,25,13.5,0,X,20,072212102519,200,-30.0728,-51.2064,G,2023-11-10,2009-02-26,,b50175f80f4beeeb,2032-12-22,,,Porto Alegre
LIC-LIC-01,CLARO S.A.,50409889580,010,105752021,688207430,R SÃO JOAQUIM,,RS,4314902,100MG7W,NR,SA-NSA,,3350,3350,160,FB,,,760,,23,25,13.5,0,X,20,072212102519,200,-30.0728,-51.2064,G,2023-11-10,2009-02-26,,b50175f80f4beeec,2032-12-22,,,Porto Alegre
LIC-LIC-01,CLARO S.A.,50409889580,010,105752021,688207430,R SÃO JOAQUIM,,RS,4314902,100MG7W,NR,SA-NSA,,3350,3350,290,FB,,,760,,23,25,13.5,0,X,20,072212102519,200,-30.0728,-51.2064,G,2023-11-10,2009-02-26,,b50175f80f4beeed,2032-12-22,,,Porto Alegre
LIC-LIC-01,CLARO S.A.,50409889580,010,105752021,1006617253,EST JORGE PEREIRA NUNES,ACESSO RUA LATERAL,RS,4314902,100MG7W,NR,SA-NSA,,3350,3350,40,FB,,,760,,23,25,13.5,-4,X,51,072212102519,200,-30.1317,-51.19053,G,2023-11-10,2018-05-14,,b50175f80f4beeee,2032-12-22,,,Porto Alegre
LIC-LIC-01,CLARO S.A.,50409889580,010,105752021,1006617253,EST JORGE PEREIRA NUNES,ACESSO RUA LATERAL,RS,4314902,100MG7W,NR,SA-NSA,,3350,3350,245,FB,,,760,,23,25,13.5,-5,X,51,072212102519,200,-30.1317,-51.19053,G,2023-11-10,2018-05-14,,b50175f80f4beeef,2032-12-22,,,Porto Alegre
LIC-LIC-01,CLARO S.A.,50409889580,010,105752021,1006617253,EST JORGE PEREIRA NUNES,ACESSO RUA LATERAL,RS,4314902,100MG7W,NR,SA-NSA,,3350,3350,320,FB,,,760,,23,25,13.5,-3,X,51,072212102519,200,-30.1317,-51.19053,G,2023-11-10,2018-05-14,,b50175f80f4beef0,2032-12-22,,,Porto Alegre
LIC-LIC-01,CLARO S.A.,50409889580,010,105752021,1005313102,AV CAÍ,,RS,4314902,100MG7W,NR,SA-NSA,,3350,3350,260,FB,,,760,,23,25,13.5,-3,X,26,072212102519,200,-30.07948,-51.23992,G,2023-11-10,2021-11-10,,b50175f80f4bef12,2032-12-22,,,Porto Alegre
LIC-LIC-01,CLARO S.A.,50409889580,010,105752021,1005313102,AV CAÍ,,RS,4314902,100MG7W,NR,SA-NSA,,3350,3350,0,FB,,,760,,23,25,13.5,-5,X,26,072212102519,200,-30.07948,-51.23992,G,2023-11-10,2021-11-10,,b50175f80f4bef13,2032-12-22,,,Porto Alegre
LIC-LIC-01,CLARO S.A.,50409889580,010,105752021,1005313102,AV CAÍ,,RS,4314902,100MG7W,NR,SA-NSA,,3350,3350,130,FB,,,760,,23,25,13.5,-3,X,26,072212102519,200,-30.07948,-51.23992,G,2023-11-10,2021-11-10,,b50175f80f4bef14,2032-12-22,,,Porto Alegre
LIC-LIC-01,CLARO S.A.,50409889580,010,105752021,1012044588,EST FRANCISCA DE OLIVEIRA VIEIRA,,RS,4314902,100MG7W,NR,SA-NSA,,3350,3350,30,FB,,,760,,23,25,13.5,-3,X,35,072212102519,200,-30.18798,-51.15913,G,2023-10-10,2021-06-18,,b50175f80f4bef36,2032-12-22,,,Porto Alegre
LIC-LIC-01,CLARO S.A.,50409889580,010,105752021,1012044588,EST FRANCISCA DE OLIVEIRA VIEIRA,,RS,4314902,100MG7W,NR,SA-NSA,,3350,3350,150,FB,,,760,,23,25,13.5,-2,X,35,072212102519,200,-30.18798,-51.15913,G,2023-10-10,2021-06-18,,b50175f80f4bef37,2032-12-22,,,Porto Alegre
LIC-LIC-01,CLARO S.A.,50409889580,010,105752021,1012044588,EST FRANCISCA DE OLIVEIRA VIEIRA,,RS,4314902,100MG7W,NR,SA-NSA,,3350,3350,240,FB,,,760,,23,25,13.5,-2,X,35,072212102519,200,-30.18798,-51.15913,G,2023-10-10,2021-06-18,,b50175f80f4bef38,2032-12-22,,,Porto Alegre
LIC-LIC-01,CLARO S.A.,50409889580,010,105752021,1005494115,R CORONEL MASSOT,CONDOMÍNIO COM DUAS ENTRADAS,RS,4314902,100MG7W,NR,SA-NSA,,3350,3350,350,FB,,,760,,23,25,13.5,-1,X,19,072212102519,200,-30.09735,-51.23369,G,2023-11-10,2017-12-19,,3fa785f810a4922d,2032-12-22,,,Porto Alegre
LIC-LIC-01,CLARO S.A.,50409889580,010,105752021,1005494115,R CORONEL MASSOT,CONDOMÍNIO COM DUAS ENTRADAS,RS,4314902,100MG7W,NR,SA-NSA,,3350,3350,110,FB,,,760,,23,25,13.5,-1,X,19,072212102519,200,-30.09735,-51.23369,G,2023-11-10,2017-12-19,,3fa785f810a4922e,2032-12-22,,,Porto Alegre
LIC-LIC-01,CLARO S.A.,50409889580,010,105752021,1005494115,R CORONEL MASSOT,CONDOMÍNIO COM DUAS ENTRADAS,RS,4314902,100MG7W,NR,SA-NSA,,3350,3350,250,FB,,,760,,23,25,13.5,-1,X,19,072212102519,200,-30.09735,-51.23369,G,2023-11-10,2017-12-19,,3fa785f810a4922f,2032-12-22,,,Porto Alegre
LIC-LIC-01,CLARO S.A.,50409889580,010,105752021,688184359,AV PROFESSOR OSCAR PEREIRA,,RS,4314902,100MG7W,NR,SA-NSA,,3350,3350,240,FB,,,760,,23,25,13.5,0,X,21,072212102519,200,-30.0629,-51.2058,G,2023-11-10,2005-03-04,,317d95f84cfb81dd,2032-12-22,,,Porto Alegre
LIC-LIC-01,CLARO S.A.,50409889580,010,105752021,1005215488,RUA SATURNINO DE BRITTO,,RS,4314902,100MG7W,NR,SA-NSA,,3350,3350,300,FB,,,760,,23,25,13.5,-4,X,21,072212102519,200,-30.03666,-51.15314,G,2023-11-17,2017-10-05,,7bbb95f805aca7b9,2041-12-08,,,Porto Alegre
LIC-LIC-01,CLARO S.A.,50409889580,010,105752021,1005313145,R RUA NOVE DE JUNHO,AO LADO IMÓVEL Nº 730,RS,4314902,100MG7W,NR,SA-NSA,,3350,3350,150,FB,,,760,,23,25,13.5,-1,X,23,072212102519,200,-30.06869,-51.16153,G,2023-11-10,2017-10-10,,7bbb95f805aca7d4,2032-12-22,,,Porto Alegre
LIC-LIC-01,CLARO S.A.,50409889580,010,105752021,1005313170,AV GETÚLIO VARGAS,,RS,4314902,100MG7W,NR,SA-NSA,,3350,3350,100,FB,,,760,,23,25,13.5,-2,X,40,072212102519,200,-30.05986,-51.22346,G,2023-11-17,2017-10-09,,7bbb95f805aca807,2032-12-22,,,Porto Alegre
LIC-LIC-01,CLARO S.A.,50409889580,010,105752021,1005313170,AV GETÚLIO VARGAS,,RS,4314902,100MG7W,NR,SA-NSA,,3350,3350,330,FB,,,760,,23,25,13.5,-2,X,40,072212102519,200,-30.05986,-51.22346,G,2023-11-17,2017-10-09,,7bbb95f805aca809,2032-12-22,,,Porto Alegre
LIC-LIC-01,CLARO S.A.,50409889580,010,105752021,1005528656,R ALMIRANTE ABREU,,RS,4314902,100MG7W,NR,SA-NSA,,3350,3350,140,FB,,,760,,23,25,13.5,-2,X,38,072212102519,200,-30.03124,-51.19816,G,2024-04-17,2017-12-29,,7bbb95f805aca89a,2041-12-08,,,Porto Alegre
LIC-LIC-01,CLARO S.A.,50409889580,010,105752021,1005528656,R ALMIRANTE ABREU,,RS,4314902,100MG7W,NR,SA-NSA,,3350,3350,300,FB,,,760,,23,25,13.5,-3,X,38,072212102519,200,-30.03124,-51.19816,G,2024-04-17,2017-12-29,,7bbb95f805aca89b,2041-12-08,,,Porto Alegre
LIC-LIC-01,CLARO S.A.,50409889580,010,105752021,1006617270,AV BELÉM VELHO,ACESSO PELA RUA KANAZAWA,RS,4314902,100MG7W,NR,SA-NSA,,3350,3350,260,FB,,,760,,23,25,13.5,-5,X,19,072212102519,200,-30.11806,-51.19077,G,2023-11-10,2018-05-14,,7bbb95f805aca9fb,2032-12-22,,,Porto Alegre
LIC-LIC-01,CLARO S.A.,50409889580,010,105752021,1007372840,RUA VISCONDE DO HERVAL,,RS,4314902,100MG7W,NR,SA-NSA,,3350,3350,260,FB,,,760,,24.9,25,13.5,-3,X,30,102792102519,204,-30.0535,-51.21653,G,2024-06-10,2018-10-24,,7bbb95f805acab3e,2041-12-08,,,Porto Alegre
LIC-LIC-01,CLARO S.A.,50409889580,010,105752021,1012044570,AV DELEGADO ELY CORRÊA PRADO,,RS,4314902,100MG7W,NR,SA-NSA,,3350,3350,110,FB,,,760,,23,25,13.5,-4,X,50,072212102519,200,-30.03761,-51.1041,G,2023-06-27,2021-06-18,,7bbb95f805acac85,2032-12-22,,,Porto Alegre
LIC-LIC-01,CLARO S.A.,50409889580,010,105752021,405604408,R ERNESTO ALVES,,RS,4314902,50M0G7W,NR,SA-NSA,,2325,2325,240,FB,,,760,003692202519,24,25,70,-3,X,32,003692202519,50,-30.0255,-51.2145,G,2023-11-16,2004-02-13,,7bbb95f805acad6e,2032-12-22,,,Porto Alegre
LIC-LIC-01,CLARO S.A.,50409889580,010,105752021,405604572,R AVAÍ,,RS,4314902,100MG7W,NR,SA-NSA,,3350,3350,120,FB,,,760,,24.9,25,13.5,-2,X,49,102792102519,204,-30.0337,-51.2227,G,2023-11-16,2004-01-06,,7bbb95f805acadac,2032-12-22,,,Porto Alegre
LIC-LIC-01,CLARO S.A.,50409889580,010,105752021,405604572,R AVAÍ,,RS,4314902,100MG7W,NR,SA-NSA,,3350,3350,15,FB,,,760,,24.9,25,13.5,-3,X,49,102792102519,204,-30.0337,-51.2227,G,2023-11-16,2004-01-06,,7bbb95f805acadad,2032-12-22,,,Porto Alegre
LIC-LIC-01,CLARO S.A.,50409889580,010,105752021,405604696,R MARCÍLIO DIAS,,RS,4314902,50M0G7W,NR,SA-NSA,,2325,2325,10,FB,,,760,003692202519,24,25,70,-4,X,37.5,003692202519,50,-30.04913,-51.22648,G,2023-11-16,1999-01-01,,7bbb95f805acadeb,2032-12-22,,,Porto Alegre
LIC-LIC-01,CLARO S.A.,50409889580,010,105752021,405604696,R MARCÍLIO DIAS,,RS,4314902,100MG7W,NR,SA-NSA,,3350,3350,120,FB,,,760,,24.9,25,13.5,-5,X,38,102792102519,204,-30.04913,-51.22648,G,2023-11-16,1999-01-01,,7bbb95f805acadef,2032-12-22,,,Porto Alegre
LIC-LIC-01,CLARO S.A.,50409889580,010,105752021,405604815,R JOÃO ALFREDO,,RS,4314902,100MG7W,NR,SA-NSA,,3350,3350,0,FB,,,760,,24.9,25,13.5,-2,X,29.5,102792102519,204,-30.0409,-51.22507,G,2023-11-10,2003-04-23,,7bbb95f805acae1b,2032-12-22,,,Porto Alegre
LIC-LIC-01,CLARO S.A.,50409889580,010,105752021,405605358,R BARÃO DO CERRO LARGO,,RS,4314902,100MG7W,NR,SA-NSA,,3350,3350,235,FB,,,760,,24.9,25,13.5,-2,X,39,102792102519,204,-30.06261,-51.2287,G,2024-05-14,2004-01-06,,7bbb95f805acae7a,2041-12-08,,,Porto Alegre
LIC-LIC-01,CLARO S.A.,50409889580,010,105752021,405605889,R ITARARÉ,,RS,4314902,100MG7W,NR,SA-NSA,,3350,3350,240,FB,,,760,,23,25,13.5,-3,X,37,072212102519,200,-30.00964,-51.16502,G,2023-11-17,1999-10-06,,7bbb95f805acaf21,2032-12-22,,,Porto Alegre
LIC-LIC-01,CLARO S.A.,50409889580,010,105752021,405605935,AV PASTOR ERNESTO SCHLIEPER,,RS,4314902,100MG7W,NR,SA-NSA,,3350,3350,140,FB,,,760,,23,25,13.5,-2,X,30,072212102519,200,-29.9993,-51.1467,G,2024-10-22,2004-01-06,,7bbb95f805acafb0,2041-12-08,,,Porto Alegre
LIC-LIC-01,CLARO S.A.,50409889580,010,105752021,405605986,R LIVRAMENTO,,RS,4314902,50M0G7W,NR,SA-NSA,,2325,2325,260,FB,,,760,003692202519,24,25,70,0,X,34,003692202519,50,-30.0467,-51.1991,G,2023-11-17,2004-01-06,,7bbb95f805acb02d,2032-12-22,,,Porto Alegre
LIC-LIC-01,CLARO S.A.,50409889580,010,105752021,405605986,R LIVRAMENTO,,RS,4314902,100MG7W,NR,SA-NSA,,3350,3350,260,FB,,,760,,24.9,25,13.5,0,X,36,102792102519,204,-30.0467,-51.1991,G,2023-11-17,2004-01-06,,7bbb95f805acb030,2032-12-22,,,Porto Alegre
LIC-LIC-01,CLARO S.A.,50409889580,010,105752021,405605994,R ALVARES MACHADO,,RS,4314902,50M0G7W,NR,SA-NSA,,2325,2325,240,FB,,,760,003692202519,24,25,70,-5,X,38,003692202519,50,-30.0457,-51.1868,G,2024-07-04,1999-01-01,,7bbb95f805acb04d,2041-12-08,,,Porto Alegre
LIC-LIC-01,CLARO S.A.,50409889580,010,105752021,405605994,R ALVARES MACHADO,,RS,4314902,100MG7W,NR,SA-NSA,,3350,3350,240,FB,,,760,,24.9,25,13.5,-5,X,39,102792102519,204,-30.0457,-51.1868,G,2024-07-04,1999-01-01,,7bbb95f805acb050,2041-12-08,,,Porto Alegre
LIC-LIC-01,CLARO S.A.,50409889580,010,105752021,690851294,RUA QUINTINO BOCAÍUVA,,RS,4314902,100MG7W,NR,SA-NSA,,3350,3350,255,FB,,,760,,23,25,13.5,-2,X,40,072212102519,200,-30.0257,-51.1976,G,2023-11-10,2008-11-26,,5de895f800365b1c,2041-12-08,,,Porto Alegre
LIC-LIC-01,CLARO S.A.,50409889580,010,105752021,696493780,R ALBION,,RS,4314902,100MG7W,NR,SA-NSA,,3350,3350,40,FB,,,760,,23,25,13.5,-4,X,24.5,072212102519,200,-30.05648,-51.16534,G,2023-11-10,2012-01-27,,5de895f800365fa6,2032-12-22,,,Porto Alegre
LIC-LIC-01,CLARO S.A.,50409889580,010,105752021,405605781,R DA GÁVEA,,RS,4314902,100MG7W,NR,SA-NSA,,3350,3350,50,FB,,,760,212712202519,24.4,25,65,-1,X,43.5,212712202519,229,-30.13295,-51.22773,G,2023-11-10,2004-01-06,,b1ee85f825b13145,2032-12-22,,,Porto Alegre
LIC-LIC-01,CLARO S.A.,50409889580,010,105752021,405605781,R DA GÁVEA,,RS,4314902,100MG7W,NR,SA-NSA,,3350,3350,170,FB,,,760,212712202519,24.4,25,65,-1,X,43.5,212712202519,229,-30.13295,-51.22773,G,2023-11-10,2004-01-06,,b1ee85f825b13146,2032-12-22,,,Porto Alegre
LIC-LIC-01,CLARO S.A.,50409889580,010,105752021,405605781,R DA GÁVEA,,RS,4314902,100MG7W,NR,SA-NSA,,3350,3350,285,FB,,,760,212712202519,24.4,25,65,-1,X,43.5,212712202519,229,-30.13295,-51.22773,G,2023-11-10,2004-01-06,,b1ee85f825b13147,2032-12-22,,,Porto Alegre
LIC-LIC-01,CLARO S.A.,50409889580,010,105752021,686131193,R MATA COELHO,PRÉDIO ESQUINA AV. NONOAI,RS,4314902,100MG7W,NR,SA-NSA,,3350,3350,0,FB,,,760,,23,25,13.5,-4,X,23.5,072212102519,200,-30.0857,-51.2155,G,2023-11-10,2005-03-04,,b1ee85f825bad92b,2032-12-22,,,Porto Alegre
LIC-LIC-01,CLARO S.A.,50409889580,010,105752021,686131193,R MATA COELHO,PRÉDIO ESQUINA AV. NONOAI,RS,4314902,100MG7W,NR,SA-NSA,,3350,3350,150,FB,,,760,,23,25,13.5,-1,X,23.5,072212102519,200,-30.0857,-51.2155,G,2023-11-10,2005-03-04,,b1ee85f825bad92c,2032-12-22,,,Porto Alegre
LIC-LIC-01,CLARO S.A.,50409889580,010,105752021,686131193,R MATA COELHO,PRÉDIO ESQUINA AV. NONOAI,RS,4314902,100MG7W,NR,SA-NSA,,3350,3350,240,FB,,,760,,23,25,13.5,-1,X,23.5,072212102519,200,-30.0857,-51.2155,G,2023-11-10,2005-03-04,,b1ee85f825bad92d,2032-12-22,,,Porto Alegre
LIC-LIC-01,CLARO S.A.,50409889580,010,105752021,405605773,EST JOÃO SALAMONI,,RS,4314902,100MG7W,NR,SA-NSA,,3350,3350,330,FB,,,760,,23,25,13.5,-4,X,41,072212102519,200,-30.113,-51.2226,G,2023-11-10,2004-01-06,,b1ee85f825bad949,2032-12-22,,,Porto Alegre
LIC-LIC-01,CLARO S.A.,50409889580,010,105752021,405605773,EST JOÃO SALAMONI,,RS,4314902,100MG7W,NR,SA-NSA,,3350,3350,140,FB,,,760,,23,25,13.5,-1,X,41,072212102519,200,-30.113,-51.2226,G,2023-11-10,2004-01-06,,b1ee85f825bad94a,2032-12-22,,,Porto Alegre
LIC-LIC-01,CLARO S.A.,50409889580,010,105752021,405605773,EST JOÃO SALAMONI,,RS,4314902,100MG7W,NR,SA-NSA,,3350,3350,250,FB,,,760,,23,25,13.5,-1,X,41,072212102519,200,-30.113,-51.2226,G,2023-11-10,2004-01-06,,b1ee85f825bad94b,2032-12-22,,,Porto Alegre
LIC-LIC-01,CLARO S.A.,50409889580,010,105752021,700027742,R DEROCY GIÁCOMO DA SILVA,,RS,4314902,100MG7W,NR,SA-NSA,,3350,3350,120,FB,,,760,,23,25,13.5,-2,X,20,072212102519,200,-30.12614,-51.21115,G,2023-11-10,2006-11-03,,b1ee85f825bad972,2032-12-22,,,Porto Alegre
LIC-LIC-01,CLARO S.A.,50409889580,010,105752021,700027742,R DEROCY GIÁCOMO DA SILVA,,RS,4314902,100MG7W,NR,SA-NSA,,3350,3350,240,FB,,,760,,23,25,13.5,-2,X,20,072212102519,200,-30.12614,-51.21115,G,2023-11-10,2006-11-03,,b1ee85f825bad973,2032-12-22,,,Porto Alegre
LIC-LIC-01,CLARO S.A.,50409889580,010,105752021,700027742,R DEROCY GIÁCOMO DA SILVA,,RS,4314902,100MG7W,NR,SA-NSA,,3350,3350,340,FB,,,760,,23,25,13.5,-1,X,20,072212102519,200,-30.12614,-51.21115,G,2023-11-10,2006-11-03,,b1ee85f825bad974,2032-12-22,,,Porto Alegre
LIC-LIC-01,CLARO S.A.,50409889580,010,105752021,688172580,AV GUAÍBA,,RS,4314902,100MG7W,NR,SA-NSA,,3350,3350,90,FB,,,760,212712202519,24.4,25,65,-1,X,14,212712202519,229,-30.10109,-51.26567,G,2023-11-10,2006-03-23,,b1ee85f825bad989,2032-12-22,,,Porto Alegre
LIC-LIC-01,CLARO S.A.,50409889580,010,105752021,688172580,AV GUAÍBA,,RS,4314902,50M0G7W,NR,SA-NSA,,2325,2325,90,FB,,,760,003692202519,24,25,70,-1,X,13,003692202519,50,-30.10109,-51.26567,G,2023-11-10,2006-03-23,,b1ee85f825bad98a,2032-12-22,,,Porto Alegre
LIC-LIC-01,CLARO S.A.,50409889580,010,105752021,688205615,R VOLUNTÁRIOS DA PÁTRIA,,RS,4314902,100MG7W,NR,SA-NSA,,3350,3350,85,FB,,,760,212712202519,24.4,25,65,-2,X,10,212712202519,229,-30.02681,-51.22473,G,2023-11-16,2006-03-23,,b1ee85f825bad99f,2032-12-22,,,Porto Alegre
LIC-LIC-01,CLARO S.A.,50409889580,010,105752021,688205615,R VOLUNTÁRIOS DA PÁTRIA,,RS,4314902,100MG7W,NR,SA-NSA,,3350,3350,240,FB,,,760,212712202519,24.4,25,65,-2,X,10,212712202519,229,-30.02681,-51.22473,G,2023-11-16,2006-03-23,,b1ee85f825bad9a0,2032-12-22,,,Porto Alegre
LIC-LIC-01,CLARO S.A.,50409889580,010,105752021,688205615,R VOLUNTÁRIOS DA PÁTRIA,,RS,4314902,50M0G7W,NR,SA-NSA,,2325,2325,85,FB,,,760,003692202519,24,25,70,-2,X,9,003692202519,50,-30.02681,-51.22473,G,2023-11-16,2006-03-23,,b1ee85f825bad9a1,2032-12-22,,,Porto Alegre
LIC-LIC-01,CLARO S.A.,50409889580,010,105752021,688205615,R VOLUNTÁRIOS DA PÁTRIA,,RS,4314902,50M0G7W,NR,SA-NSA,,2325,2325,240,FB,,,760,003692202519,24,25,70,-2,X,9,003692202519,50,-30.02681,-51.22473,G,2023-11-16,2006-03-23,,b1ee85f825bad9a2,2032-12-22,,,Porto Alegre
LIC-LIC-01,CLARO S.A.,50409889580,010,105752021,637090390,AV TÚLIO DE ROSE,BOURBON COUNTRY,RS,4314902,50M0G7W,NR,SA-NSA,,2325,2325,0,FB,,,168,,4,0,360,0,V,3,132072102519,50,-30.0221,-51.1621,G,2025-01-16,2002-05-20,,6f0295f803750759,2041-12-08,,,Porto Alegre
LIC-LIC-01,CLARO S.A.,50409889580,010,105752021,1012131197,AV FARRAPOS,,RS,4314902,100MG7W,NR,SA-NSA,,3350,3350,100,FB,,,760,,23,25,13.5,-2,X,30,072212102519,200,-30.00042,-51.19918,G,2024-10-22,2021-07-19,,c32785f82e4ebbe9,2041-12-08,,,Porto Alegre
LIC-LIC-01,CLARO S.A.,50409889580,010,105752021,1012131197,AV FARRAPOS,,RS,4314902,100MG7W,NR,SA-NSA,,3350,3350,190,FB,,,760,,23,25,13.5,-2,X,30,072212102519,200,-30.00042,-51.19918,G,2024-10-22,2021-07-19,,c32785f82e4ebbea,2041-12-08,,,Porto Alegre
LIC-LIC-01,CLARO S.A.,50409889580,010,105752021,1012131197,AV FARRAPOS,,RS,4314902,100MG7W,NR,SA-NSA,,3350,3350,320,FB,,,760,,23,25,13.5,-2,X,30,072212102519,200,-30.00042,-51.19918,G,2024-10-22,2021-07-19,,c32785f82e4ebbeb,2041-12-08,,,Porto Alegre
LIC-LIC-01,CLARO S.A.,50409889580,010,105752021,688206018,AV CEL. MARCOS,,RS,4314902,100MG7W,NR,SA-NSA,,3350,3350,70,FB,,,760,212712202519,24.4,25,65,-3,X,16,212712202519,229,-30.12302,-51.25446,G,2023-11-17,2006-03-23,,466185f8347924a6,2032-12-22,,,Porto Alegre
LIC-LIC-01,CLARO S.A.,50409889580,010,105752021,688206018,AV CEL. MARCOS,,RS,4314902,100MG7W,NR,SA-NSA,,3350,3350,325,FB,,,760,212712202519,24.4,25,65,-2,X,16,212712202519,229,-30.12302,-51.25446,G,2023-11-17,2006-03-23,,466185f8347924a7,2032-12-22,,,Porto Alegre
LIC-LIC-01,CLARO S.A.,50409889580,010,105752021,688206018,AV CEL. MARCOS,,RS,4314902,50M0G7W,NR,SA-NSA,,2325,2325,70,FB,,,760,003692202519,24,25,70,-2,X,15,003692202519,50,-30.12302,-51.25446,G,2023-11-17,2006-03-23,,466185f8347924a8,2032-12-22,,,Porto Alegre
LIC-LIC-01,CLARO S.A.,50409889580,010,105752021,688206018,AV CEL. MARCOS,,RS,4314902,50M0G7W,NR,SA-NSA,,2325,2325,325,FB,,,760,003692202519,24,25,70,-2,X,15,003692202519,50,-30.12302,-51.25446,G,2023-11-17,2006-03-23,,466185f8347924a9,2032-12-22,,,Porto Alegre
LIC-LIC-01,CLARO S.A.,50409889580,010,105752021,696850001,R BENTO SILVA NUNES,ACESSO PELA ESTRADA COSTA DA GAMA,RS,4314902,100MG7W,NR,SA-NSA,,3350,3350,110,FB,,,760,,23,25,13.5,-2,X,42,072212102519,200,-30.15188,-51.15835,G,2023-11-17,2012-04-19,,466185f8347924bf,2032-12-22,,,Porto Alegre
LIC-LIC-01,CLARO S.A.,50409889580,010,105752021,696850001,R BENTO SILVA NUNES,ACESSO PELA ESTRADA COSTA DA GAMA,RS,4314902,100MG7W,NR,SA-NSA,,3350,3350,210,FB,,,760,,23,25,13.5,-2,X,42,072212102519,200,-30.15188,-51.15835,G,2023-11-17,2012-04-19,,466185f8347924c0,2032-12-22,,,Porto Alegre
LIC-LIC-01,CLARO S.A.,50409889580,010,105752021,696850001,R BENTO SILVA NUNES,ACESSO PELA ESTRADA COSTA DA GAMA,RS,4314902,100MG7W,NR,SA-NSA,,3350,3350,330,FB,,,760,,23,25,13.5,-2,X,42,072212102519,200,-30.15188,-51.15835,G,2023-11-17,2012-04-19,,466185f8347924c1,2032-12-22,,,Porto Alegre
LIC-LIC-01,CLARO S.A.,50409889580,010,105752021,1006617237,R PADRE JOÃO BATISTA RÉUS,,RS,4314902,100MG7W,NR,SA-NSA,,3350,3350,5,FB,,,760,212712202519,24.4,25,65,-4,X,49.5,212712202519,229,-30.11123,-51.23784,G,2023-11-17,2018-05-14,,466185f8347924ce,2032-12-22,,,Porto Alegre
LIC-LIC-01,CLARO S.A.,50409889580,010,105752021,1006617237,R PADRE JOÃO BATISTA RÉUS,,RS,4314902,100MG7W,NR,SA-NSA,,3350,3350,90,FB,,,760,212712202519,24.4,25,65,-3,X,49.5,212712202519,229,-30.11123,-51.23784,G,2023-11-17,2018-05-14,,466185f8347924cf,2032-12-22,,,Porto Alegre
LIC-LIC-01,CLARO S.A.,50409889580,010,105752021,1006617237,R PADRE JOÃO BATISTA RÉUS,,RS,4314902,100MG7W,NR,SA-NSA,,3350,3350,245,FB,,,760,212712202519,24.4,25,65,-4,X,49.5,212712202519,229,-30.11123,-51.23784,G,2023-11-17,2018-05-14,,466185f8347924d0,2032-12-22,,,Porto Alegre
LIC-LIC-01,CLARO S.A.,50409889580,010,105752021,1006617237,R PADRE JOÃO BATISTA RÉUS,,RS,4314902,50M0G7W,NR,SA-NSA,,2325,2325,5,FB,,,760,003692202519,24,25,70,-4,X,48,003692202519,50,-30.11123,-51.23784,G,2023-11-17,2018-05-14,,466185f8347924d1,2032-12-22,,,Porto Alegre
LIC-LIC-01,CLARO S.A.,50409889580,010,105752021,1006617237,R PADRE JOÃO BATISTA RÉUS,,RS,4314902,50M0G7W,NR,SA-NSA,,2325,2325,90,FB,,,760,003692202519,24,25,70,-3,X,48,003692202519,50,-30.11123,-51.23784,G,2023-11-17,2018-05-14,,466185f8347924d2,2032-12-22,,,Porto Alegre
LIC-LIC-01,CLARO S.A.,50409889580,010,105752021,1006617237,R PADRE JOÃO BATISTA RÉUS,,RS,4314902,50M0G7W,NR,SA-NSA,,2325,2325,245,FB,,,760,003692202519,24,25,70,-4,X,48,003692202519,50,-30.11123,-51.23784,G,2023-11-17,2018-05-14,,466185f8347924d3,2032-12-22,,,Porto Alegre
LIC-LIC-01,CLARO S.A.,50409889580,010,105752021,536395080,R GILBERTO LASTE,,RS,4314902,50M0G7W,NR,SA-NSA,,2325,2325,0,FB,,,168,,4,10,360,0,V,3,132072102519,50,-30.0698,-51.2252,G,2023-11-17,2000-12-11,,466185f83a256090,2032-12-22,,,Porto Alegre
LIC-LIC-01,CLARO S.A.,50409889580,010,105752021,536395080,R GILBERTO LASTE,,RS,4314902,100MG7W,NR,SA-NSA,,3350,3350,240,FB,,,760,,23,25,13.5,-4,X,22,072212102519,200,-30.0698,-51.2252,G,2023-11-17,2000-12-11,,466185f83a256091,2032-12-22,,,Porto Alegre
LIC-LIC-01,CLARO S.A.,50409889580,010,105752021,536395080,R GILBERTO LASTE,,RS,4314902,100MG7W,NR,SA-NSA,,3350,3350,30,FB,,,760,,23,25,13.5,-7,X,15,072212102519,200,-30.0698,-51.2252,G,2023-11-17,2000-12-11,,466185f83a256092,2032-12-22,,,Porto Alegre
LIC-LIC-01,CLARO S.A.,50409889580,010,105752021,1006403334,EST CHAPEU DO SOL,,RS,4314902,100MG7W,NR,SA-NSA,,3350,3350,110,FB,,,760,,23,25,13.5,-1,X,39,072212102519,200,-30.17879,-51.17295,G,2023-11-17,2018-04-24,,466185f83a2560b1,2032-12-22,,,Porto Alegre
LIC-LIC-01,CLARO S.A.,50409889580,010,105752021,1006403334,EST CHAPEU DO SOL,,RS,4314902,100MG7W,NR,SA-NSA,,3350,3350,180,FB,,,760,,23,25,13.5,-1,X,39,072212102519,200,-30.17879,-51.17295,G,2023-11-17,2018-04-24,,466185f83a2560b2,2032-12-22,,,Porto Alegre
LIC-LIC-01,CLARO S.A.,50409889580,010,105752021,1006403334,EST CHAPEU DO SOL,,RS,4314902,100MG7W,NR,SA-NSA,,3350,3350,300,FB,,,760,,23,25,13.5,-1,X,39,072212102519,200,-30.17879,-51.17295,G,2023-11-17,2018-04-24,,466185f83a2560b3,2032-12-22,,,Porto Alegre
LIC-LIC-01,CLARO S.A.,50409889580,010,105752021,1005313129,AV EDGAR PIRES DE CASTRO,,RS,4314902,100MG7W,NR,SA-NSA,,3350,3350,125,FB,,,760,,23,25,13.5,-4,X,35.5,072212102519,200,-30.18563,-51.13835,G,2023-11-17,2017-10-10,,466185f83a2560d8,2032-12-22,,,Porto Alegre
LIC-LIC-01,CLARO S.A.,50409889580,010,105752021,1005313129,AV EDGAR PIRES DE CASTRO,,RS,4314902,100MG7W,NR,SA-NSA,,3350,3350,210,FB,,,760,,23,25,13.5,-3,X,35.5,072212102519,200,-30.18563,-51.13835,G,2023-11-17,2017-10-10,,466185f83a2560d9,2032-12-22,,,Porto Alegre
LIC-LIC-01,CLARO S.A.,50409889580,010,105752021,1005313129,AV EDGAR PIRES DE CASTRO,,RS,4314902,100MG7W,NR,SA-NSA,,3350,3350,340,FB,,,760,,23,25,13.5,-4,X,35.5,072212102519,200,-30.18563,-51.13835,G,2023-11-17,2017-10-10,,466185f83a2560da,2032-12-22,,,Porto Alegre
LIC-LIC-01,CLARO S.A.,50409889580,010,105752021,1007173561,EST RETIRO DA PONTA GROSSA,,RS,4314902,100MG7W,NR,SA-NSA,,3350,3350,115,FB,,,760,,23,25,13.5,-4,X,40,072212102519,200,-30.18447,-51.21043,G,2023-11-17,2018-09-03,,466185f83a2560ff,2032-12-22,,,Porto Alegre
LIC-LIC-01,CLARO S.A.,50409889580,010,105752021,1007173561,EST RETIRO DA PONTA GROSSA,,RS,4314902,100MG7W,NR,SA-NSA,,3350,3350,265,FB,,,760,,23,25,13.5,-4,X,40,072212102519,200,-30.18447,-51.21043,G,2023-11-17,2018-09-03,,466185f83a256100,2032-12-22,,,Porto Alegre
LIC-LIC-01,CLARO S.A.,50409889580,010,105752021,1007173561,EST RETIRO DA PONTA GROSSA,,RS,4314902,100MG7W,NR,SA-NSA,,3350,3350,345,FB,,,760,,23,25,13.5,-4,X,40,072212102519,200,-30.18447,-51.21043,G,2023-11-17,2018-09-03,,466185f83a256101,2032-12-22,,,Porto Alegre
LIC-LIC-01,CLARO S.A.,50409889580,010,105752021,1005332735,AV EDGAR PIRES DE CASTRO,BAIRRO ABERTA DOS MORROS,RS,4314902,100MG7W,NR,SA-NSA,,3350,3350,200,FB,,,760,,23,25,13.5,-3,X,47,072212102519,200,-30.1564,-51.17188,G,2023-11-10,2017-10-02,,466185f83a25611a,2032-12-22,,,Porto Alegre
LIC-LIC-01,CLARO S.A.,50409889580,010,105752021,1005332735,AV EDGAR PIRES DE CASTRO,BAIRRO ABERTA DOS MORROS,RS,4314902,100MG7W,NR,SA-NSA,,3350,3350,340,FB,,,760,,23,25,13.5,-3,X,47,072212102519,200,-30.1564,-51.17188,G,2023-11-10,2017-10-02,,466185f83a25611b,2032-12-22,,,Porto Alegre
LIC-LIC-01,CLARO S.A.,50409889580,010,105752021,1005332735,AV EDGAR PIRES DE CASTRO,BAIRRO ABERTA DOS MORROS,RS,4314902,100MG7W,NR,SA-NSA,,3350,3350,70,FB,,,760,,23,25,13.5,-4,X,47,072212102519,200,-30.1564,-51.17188,G,2023-11-10,2017-10-02,,466185f83a25611c,2032-12-22,,,Porto Alegre
LIC-LIC-01,CLARO S.A.,50409889580,010,105752021,1007413821,EST JOÃO DE OLIVEIRA REMIÃO,EM FRENTE AO Nº 2001,RS,4314902,100MG7W,NR,SA-NSA,,3350,3350,145,FB,,,760,,23,25,13.5,-3,X,34,072212102519,200,-30.09297,-51.12928,G,2023-11-10,2018-11-01,,466185f83a25613b,2032-12-22,,,Porto Alegre
LIC-LIC-01,CLARO S.A.,50409889580,010,105752021,1007413821,EST JOÃO DE OLIVEIRA REMIÃO,EM FRENTE AO Nº 2001,RS,4314902,100MG7W,NR,SA-NSA,,3350,3350,260,FB,,,760,,23,25,13.5,-3,X,34,072212102519,200,-30.09297,-51.12928,G,2023-11-10,2018-11-01,,466185f83a25613c,2032-12-22,,,Porto Alegre
LIC-LIC-01,CLARO S.A.,50409889580,010,105752021,1007413821,EST JOÃO DE OLIVEIRA REMIÃO,EM FRENTE AO Nº 2001,RS,4314902,100MG7W,NR,SA-NSA,,3350,3350,55,FB,,,760,,23,25,13.5,-2,X,34,072212102519,200,-30.09297,-51.12928,G,2023-11-10,2018-11-01,,466185f83a25613d,2032-12-22,,,Porto Alegre
LIC-LIC-01,CLARO S.A.,50409889580,010,105752021,1006617288,EST ESTRADA JOÃO DE OLIVEIRA REMIÃO,AO LADO DO Nº 748,RS,4314902,100MG7W,NR,SA-NSA,,3350,3350,185,FB,,,760,,23,25,13.5,-3,X,60.5,072212102519,200,-30.08335,-51.13163,G,2023-11-10,2018-05-14,,466185f83a256162,2032-12-22,,,Porto Alegre
LIC-LIC-01,CLARO S.A.,50409889580,010,105752021,1006617288,EST ESTRADA JOÃO DE OLIVEIRA REMIÃO,AO LADO DO Nº 748,RS,4314902,100MG7W,NR,SA-NSA,,3350,3350,330,FB,,,760,,23,25,13.5,-2,X,60.5,072212102519,200,-30.08335,-51.13163,G,2023-11-10,2018-05-14,,466185f83a256163,2032-12-22,,,Porto Alegre
LIC-LIC-01,CLARO S.A.,50409889580,010,105752021,1006617288,EST ESTRADA JOÃO DE OLIVEIRA REMIÃO,AO LADO DO Nº 748,RS,4314902,100MG7W,NR,SA-NSA,,3350,3350,90,FB,,,760,,23,25,13.5,-1,X,60.5,072212102519,200,-30.08335,-51.13163,G,2023-11-10,2018-05-14,,466185f83a256164,2032-12-22,,,Porto Alegre
LIC-LIC-01,CLARO S.A.,50409889580,010,105752021,1006617296,R CORONEL DASTRO DUTRA,,RS,4314902,100MG7W,NR,SA-NSA,,3350,3350,240,FB,,,760,,23,25,13.5,-6,X,54,072212102519,200,-30.1432,-51.13832,G,2023-11-10,2018-05-14,,466185f83a256183,2032-12-22,,,Porto Alegre
LIC-LIC-01,CLARO S.A.,50409889580,010,105752021,1006617296,R CORONEL DASTRO DUTRA,,RS,4314902,100MG7W,NR,SA-NSA,,3350,3350,350,FB,,,760,,23,25,13.5,-4,X,54,072212102519,200,-30.1432,-51.13832,G,2023-11-10,2018-05-14,,466185f83a256184,2032-12-22,,,Porto Alegre
LIC-LIC-01,CLARO S.A.,50409889580,010,105752021,1006617296,R CORONEL DASTRO DUTRA,,RS,4314902,100MG7W,NR,SA-NSA,,3350,3350,70,FB,,,760,,23,25,13.5,-6,X,54,072212102519,200,-30.1432,-51.13832,G,2023-11-10,2018-05-14,,466185f83a256185,2032-12-22,,,Porto Alegre
LIC-LIC-01,CLARO S.A.,50409889580,010,105752021,698154690,AV MANOEL ELIAS,,RS,4314902,100MG7W,NR,SA-NSA,,3350,3350,350,FB,,,760,,23,25,13.5,-3,X,30,072212102519,200,-30.03686,-51.12188,G,2023-11-17,2012-12-20,,abeb95f84ed1bdab,2032-12-22,,,Porto Alegre
LIC-LIC-01,CLARO S.A.,50409889580,010,105752021,698154690,AV MANOEL ELIAS,,RS,4314902,100MG7W,NR,SA-NSA,,3350,3350,90,FB,,,760,,23,25,13.5,-1,X,30,072212102519,200,-30.03686,-51.12188,G,2023-11-17,2012-12-20,,abeb95f84ed1bdac,2032-12-22,,,Porto Alegre
LIC-LIC-01,CLARO S.A.,50409889580,010,105752021,698154690,AV MANOEL ELIAS,,RS,4314902,100MG7W,NR,SA-NSA,,3350,3350,215,FB,,,760,,23,25,13.5,-1,X,30,072212102519,200,-30.03686,-51.12188,G,2023-11-17,2012-12-20,,abeb95f84ed1bdad,2032-12-22,,,Porto Alegre
LIC-LIC-01,CLARO S.A.,50409889580,010,105752021,1009411630,ESTRADA ANTONIO SEVERINO,CELLPOSTE - ESCOLA MARISTA,RS,4314902,100MG7W,NR,SA-NSA,,3350,3350,350,FB,,,760,,23,25,13.5,-3,X,17,072212102519,200,-30.02384,-51.09517,G,2023-11-10,2019-10-29,,abeb95f84ed1bdb4,2032-12-22,,,Porto Alegre
LIC-LIC-01,CLARO S.A.,50409889580,010,105752021,1009411630,ESTRADA ANTONIO SEVERINO,CELLPOSTE - ESCOLA MARISTA,RS,4314902,100MG7W,NR,SA-NSA,,3350,3350,110,FB,,,760,,23,25,13.5,-3,X,17,072212102519,200,-30.02384,-51.09517,G,2023-11-10,2019-10-29,,abeb95f84ed1bdb5,2032-12-22,,,Porto Alegre
LIC-LIC-01,CLARO S.A.,50409889580,010,105752021,1009411630,ESTRADA ANTONIO SEVERINO,CELLPOSTE - ESCOLA MARISTA,RS,4314902,100MG7W,NR,SA-NSA,,3350,3350,250,FB,,,760,,23,25,13.5,-3,X,17,072212102519,200,-30.02384,-51.09517,G,2023-11-10,2019-10-29,,abeb95f84ed1bdb6,2032-12-22,,,Porto Alegre
LIC-LIC-01,CLARO S.A.,50409889580,010,105752021,688172660,AV DA CAVALHADA,,RS,4314902,100MG7W,NR,SA-NSA,,3350,3350,20,FB,,,760,,23,25,13.5,-5,X,20,072212102519,200,-30.12032,-51.22499,G,2023-11-17,2006-03-23,,abeb95f84ed1bde1,2032-12-22,,,Porto Alegre
LIC-LIC-01,CLARO S.A.,50409889580,010,105752021,688172660,AV DA CAVALHADA,,RS,4314902,100MG7W,NR,SA-NSA,,3350,3350,125,FB,,,760,,23,25,13.5,-5,X,20,072212102519,200,-30.12032,-51.22499,G,2023-11-17,2006-03-23,,abeb95f84ed1bde2,2032-12-22,,,Porto Alegre
LIC-LIC-01,CLARO S.A.,50409889580,010,105752021,688172660,AV DA CAVALHADA,,RS,4314902,100MG7W,NR,SA-NSA,,3350,3350,215,FB,,,760,,23,25,13.5,-3,X,20,072212102519,200,-30.12032,-51.22499,G,2023-11-17,2006-03-23,,abeb95f84ed1bde3,2032-12-22,,,Porto Alegre
LIC-LIC-01,CLARO S.A.,50409889580,010,105752021,696720108,R CORONEL APARICIO BORGES,FUNDOS DA IGREJA,RS,4314902,100MG7W,NR,SA-NSA,,3350,3350,20,FB,,,760,,23,25,13.5,-4,X,26.5,072212102519,200,-30.07367,-51.19526,G,2023-11-10,2012-04-11,,fef895f853ba51f8,2032-12-22,,,Porto Alegre
LIC-LIC-01,CLARO S.A.,50409889580,010,105752021,696720108,R CORONEL APARICIO BORGES,FUNDOS DA IGREJA,RS,4314902,100MG7W,NR,SA-NSA,,3350,3350,160,FB,,,760,,23,25,13.5,0,X,26.5,072212102519,200,-30.07367,-51.19526,G,2023-11-10,2012-04-11,,fef895f853ba51f9,2032-12-22,,,Porto Alegre
LIC-LIC-01,CLARO S.A.,50409889580,010,105752021,696720108,R CORONEL APARICIO BORGES,FUNDOS DA IGREJA,RS,4314902,100MG7W,NR,SA-NSA,,3350,3350,250,FB,,,760,,23,25,13.5,-2,X,26.5,072212102519,200,-30.07367,-51.19526,G,2023-11-10,2012-04-11,,fef895f853ba51fa,2032-12-22,,,Porto Alegre
LIC-LIC-01,CLARO S.A.,50409889580,010,105752021,688170188,AV OTTO NIEMEYER,,RS,4314902,100MG7W,NR,SA-NSA,,3350,3350,70,FB,,,760,,23,25,13.5,0,X,18.5,072212102519,200,-30.1022,-51.2322,G,2023-11-10,2006-03-23,,e97195f8061ba1f0,2032-12-22,,,Porto Alegre
LIC-LIC-01,CLARO S.A.,50409889580,010,105752021,688170188,AV OTTO NIEMEYER,,RS,4314902,100MG7W,NR,SA-NSA,,3350,3350,190,FB,,,760,,23,25,13.5,0,X,18.5,072212102519,200,-30.1022,-51.2322,G,2023-11-10,2006-03-23,,e97195f8061ba1f1,2032-12-22,,,Porto Alegre
LIC-LIC-01,CLARO S.A.,50409889580,010,105752021,688170188,AV OTTO NIEMEYER,,RS,4314902,100MG7W,NR,SA-NSA,,3350,3350,290,FB,,,760,,23,25,13.5,0,X,18.5,072212102519,200,-30.1022,-51.2322,G,2023-11-10,2006-03-23,,e97195f8061ba1f2,2032-12-22,,,Porto Alegre
LIC-LIC-01,CLARO S.A.,50409889580,010,105752021,687287928,R CORRÊA LIMA,,RS,4314902,100MG7W,NR,SA-NSA,,3350,3350,45,FB,,,760,,23,25,13.5,-5,X,31.7,072212102519,200,-30.072,-51.2317,G,2023-11-17,2005-07-21,,e97195f8061ba208,2032-12-22,,,Porto Alegre
LIC-LIC-01,CLARO S.A.,50409889580,010,105752021,687287928,R CORRÊA LIMA,,RS,4314902,100MG7W,NR,SA-NSA,,3350,3350,170,FB,,,760,,23,25,13.5,-4,X,31.7,072212102519,200,-30.072,-51.2317,G,2023-11-17,2005-07-21,,e97195f8061ba209,2032-12-22,,,Porto Alegre
LIC-LIC-01,CLARO S.A.,50409889580,010,105752021,687287928,R CORRÊA LIMA,,RS,4314902,100MG7W,NR,SA-NSA,,3350,3350,310,FB,,,760,,23,25,13.5,-6,X,31.7,072212102519,200,-30.072,-51.2317,G,2023-11-17,2005-07-21,,e97195f8061ba20a,2032-12-22,,,Porto Alegre
LIC-LIC-01,CLARO S.A.,50409889580,010,105752021,523074670,R ZEPPELIN,AO LADO Nº 185,RS,4314902,100MG7W,NR,SA-NSA,,3350,3350,170,FB,,,760,,23,25,13.5,-5,X,42,072212102519,200,-30.1261,-51.1007,G,2023-11-10,2000-06-01,,e97195f80b571bae,2032-12-22,,,Porto Alegre
LIC-LIC-01,CLARO S.A.,50409889580,010,105752021,523074670,R ZEPPELIN,AO LADO Nº 185,RS,4314902,100MG7W,NR,SA-NSA,,3350,3350,20,FB,,,760,,23,25,13.5,-5,X,42,072212102519,200,-30.1261,-51.1007,G,2023-11-10,2000-06-01,,e97195f80b571baf,2032-12-22,,,Porto Alegre
LIC-LIC-01,CLARO S.A.,50409889580,010,105752021,523074670,R ZEPPELIN,AO LADO Nº 185,RS,4314902,100MG7W,NR,SA-NSA,,3350,3350,250,FB,,,760,,23,25,13.5,-3,X,42,072212102519,200,-30.1261,-51.1007,G,2023-11-10,2000-06-01,,e97195f80b571bb0,2032-12-22,,,Porto Alegre
LIC-LIC-01,CLARO S.A.,50409889580,010,105752021,684715600,R AMAPÁ,ENTRADA PELA RUA ALBERTO BALESTRIN,RS,4314902,100MG7W,NR,SA-NSA,,3350,3350,160,FB,,,760,,23,25,13.5,-6,X,34,072212102519,200,-30.107,-51.22028,G,2023-11-10,2004-09-24,,e97195f80b571bcf,2032-12-22,,,Porto Alegre
LIC-LIC-01,CLARO S.A.,50409889580,010,105752021,684715600,R AMAPÁ,ENTRADA PELA RUA ALBERTO BALESTRIN,RS,4314902,100MG7W,NR,SA-NSA,,3350,3350,290,FB,,,760,,23,25,13.5,-2,X,34,072212102519,200,-30.107,-51.22028,G,2023-11-10,2004-09-24,,e97195f80b571bd0,2032-12-22,,,Porto Alegre
LIC-LIC-01,CLARO S.A.,50409889580,010,105752021,684715600,R AMAPÁ,ENTRADA PELA RUA ALBERTO BALESTRIN,RS,4314902,100MG7W,NR,SA-NSA,,3350,3350,50,FB,,,760,,23,25,13.5,-1,X,34,072212102519,200,-30.107,-51.22028,G,2023-11-10,2004-09-24,,e97195f80b571bd1,2032-12-22,,,Porto Alegre
LIC-LIC-01,CLARO S.A.,50409889580,010,105752021,1005494123,AV CORONEL MARCOS,,RS,4314902,50M0G7W,NR,SA-NSA,,2325,2325,145,FB,,,760,003692202519,24,25,70,-4,X,25,003692202519,50,-30.12325,-51.2455,G,2023-11-10,2017-12-19,,e97195f80b571be4,2032-12-22,,,Porto Alegre
LIC-LIC-01,CLARO S.A.,50409889580,010,105752021,1005494123,AV CORONEL MARCOS,,RS,4314902,50M0G7W,NR,SA-NSA,,2325,2325,265,FB,,,760,003692202519,24,25,70,-4,X,25,003692202519,50,-30.12325,-51.2455,G,2023-11-10,2017-12-19,,e97195f80b571be5,2032-12-22,,,Porto Alegre
LIC-LIC-01,CLARO S.A.,50409889580,010,105752021,1005494123,AV CORONEL MARCOS,,RS,4314902,100MG7W,NR,SA-NSA,,3350,3350,145,FB,,,760,212712202519,24.4,25,65,-4,X,26,212712202519,229,-30.12325,-51.2455,G,2023-11-10,2017-12-19,,e97195f80b571be6,2032-12-22,,,Porto Alegre
LIC-LIC-01,CLARO S.A.,50409889580,010,105752021,1005494123,AV CORONEL MARCOS,,RS,4314902,100MG7W,NR,SA-NSA,,3350,3350,265,FB,,,760,212712202519,24.4,25,65,-4,X,26,212712202519,229,-30.12325,-51.2455,G,2023-11-10,2017-12-19,,e97195f80b571be7,2032-12-22,,,Porto Alegre
LIC-LIC-01,CLARO S.A.,50409889580,010,105752021,568686039,AV JOSÉ LUTZEMBERGER,,RS,4314902,100MG7W,NR,SA-NSA,,3350,3350,65,FB,,,760,,23,25,13.5,-4,X,29,072212102519,200,-29.9762,-51.1746,G,2023-11-17,2001-01-10,,e4e495f82f35950e,2032-12-22,,,Porto Alegre
LIC-LIC-01,CLARO S.A.,50409889580,010,105752021,568686039,AV JOSÉ LUTZEMBERGER,,RS,4314902,100MG7W,NR,SA-NSA,,3350,3350,170,FB,,,760,,23,25,13.5,-4,X,29,072212102519,200,-29.9762,-51.1746,G,2023-11-17,2001-01-10,,e4e495f82f35950f,2032-12-22,,,Porto Alegre
LIC-LIC-01,CLARO S.A.,50409889580,010,105752021,568686039,AV JOSÉ LUTZEMBERGER,,RS,4314902,100MG7W,NR,SA-NSA,,3350,3350,310,FB,,,760,,23,25,13.5,-2,X,29,072212102519,200,-29.9762,-51.1746,G,2023-11-17,2001-01-10,,e4e495f82f359510,2032-12-22,,,Porto Alegre
LIC-LIC-01,CLARO S.A.,50409889580,010,105752021,689145292,R MERIDIONAL,,RS,4314902,100MG7W,NR,SA-NSA,,3350,3350,60,FB,,,760,,23,25,13.5,-5,X,48,072212102519,200,-30.15716,-51.13791,G,2023-11-10,2007-04-30,,e4e495f82f359550,2032-12-22,,,Porto Alegre
LIC-LIC-01,CLARO S.A.,50409889580,010,105752021,689145292,R MERIDIONAL,,RS,4314902,100MG7W,NR,SA-NSA,,3350,3350,200,FB,,,760,,23,25,13.5,-5,X,48,072212102519,200,-30.15716,-51.13791,G,2023-11-10,2007-04-30,,e4e495f82f359551,2032-12-22,,,Porto Alegre
LIC-LIC-01,CLARO S.A.,50409889580,010,105752021,689145292,R MERIDIONAL,,RS,4314902,100MG7W,NR,SA-NSA,,3350,3350,330,FB,,,760,,23,25,13.5,-5,X,48,072212102519,200,-30.15716,-51.13791,G,2023-11-10,2007-04-30,,e4e495f82f359552,2032-12-22,,,Porto Alegre
LIC-LIC-01,CLARO S.A.,50409889580,010,105752021,687276462,R FILIPINAS,,RS,4314902,100MG7W,NR,SA-NSA,,3350,3350,20,FB,,,760,,23,25,13.5,-1,X,33,072212102519,200,-29.9995,-51.1535,G,2024-10-22,2005-07-21,,e4e495f82f359559,2041-12-08,,,Porto Alegre
LIC-LIC-01,CLARO S.A.,50409889580,010,105752021,687276462,R FILIPINAS,,RS,4314902,100MG7W,NR,SA-NSA,,3350,3350,150,FB,,,760,,23,25,13.5,-2,X,33,072212102519,200,-29.9995,-51.1535,G,2024-10-22,2005-07-21,,e4e495f82f35955a,2041-12-08,,,Porto Alegre
LIC-LIC-01,CLARO S.A.,50409889580,010,105752021,687276462,R FILIPINAS,,RS,4314902,100MG7W,NR,SA-NSA,,3350,3350,250,FB,,,760,,23,25,13.5,-1,X,33,072212102519,200,-29.9995,-51.1535,G,2024-10-22,2005-07-21,,e4e495f82f35955b,2041-12-08,,,Porto Alegre
LIC-LIC-01,CLARO S.A.,50409889580,010,105752021,679413650,RUA DOS CARIJÓS,,RS,4314902,100MG7W,NR,SA-NSA,,3350,3350,15,FB,,,760,,23,25,13.5,-1,X,32,072212102519,50,-30.1489,-51.2219,G,2026-01-14,2002-08-13,,e4e495f82f3595b5,2041-12-08,,,Porto Alegre
LIC-LIC-01,CLARO S.A.,50409889580,010,105752021,679413650,RUA DOS CARIJÓS,,RS,4314902,100MG7W,NR,SA-NSA,,3350,3350,95,FB,,,760,,23,25,13.5,-2,X,32,072212102519,50,-30.1489,-51.2219,G,2026-01-14,2002-08-13,,e4e495f82f3595b6,2041-12-08,,,Porto Alegre
LIC-LIC-01,CLARO S.A.,50409889580,010,105752021,679413650,RUA DOS CARIJÓS,,RS,4314902,100MG7W,NR,SA-NSA,,3350,3350,185,FB,,,760,,23,25,13.5,-6,X,32,072212102519,50,-30.1489,-51.2219,G,2026-01-14,2002-08-13,,e4e495f82f3595b7,2041-12-08,,,Porto Alegre
LIC-LIC-01,CLARO S.A.,50409889580,010,105752021,695379771,EST JOÃO DE OLIVEIRA REMIÃO,,RS,4314902,100MG7W,NR,SA-NSA,,3350,3350,0,FB,,,760,,23,25,13.5,-6,X,29.5,072212102519,200,-30.12055,-51.10884,G,2023-11-10,2011-04-20,,e4e495f82f3595e2,2032-12-22,,,Porto Alegre
LIC-LIC-01,CLARO S.A.,50409889580,010,105752021,695379771,EST JOÃO DE OLIVEIRA REMIÃO,,RS,4314902,100MG7W,NR,SA-NSA,,3350,3350,130,FB,,,760,,23,25,13.5,-6,X,29.5,072212102519,200,-30.12055,-51.10884,G,2023-11-10,2011-04-20,,e4e495f82f3595e3,2032-12-22,,,Porto Alegre
LIC-LIC-01,CLARO S.A.,50409889580,010,105752021,695379771,EST JOÃO DE OLIVEIRA REMIÃO,,RS,4314902,100MG7W,NR,SA-NSA,,3350,3350,270,FB,,,760,,23,25,13.5,-6,X,29.5,072212102519,200,-30.12055,-51.10884,G,2023-11-10,2011-04-20,,e4e495f82f3595e4,2032-12-22,,,Porto Alegre
LIC-LIC-01,CLARO S.A.,50409889580,010,105752021,405604653,R VINTE QUATRO DE OUTUBRO,,RS,4314902,50M0G7W,NR,SA-NSA,,2325,2325,0,FB,,,760,,4,10,360,0,V,3,132072102519,50,-30.0274,-51.2038,G,2024-08-28,2004-01-06,,5de895f80119d9e8,2041-12-08,,,Porto Alegre
LIC-LIC-01,CLARO S.A.,50409889580,010,105752021,695313894,AV BENTO GONÇALVES,,RS,4314902,100MG7W,NR,SA-NSA,,3350,3350,150,FB,,,760,,23,25,13.5,-2,X,20,072212102519,200,-30.06256,-51.1758,G,2023-11-10,2011-03-31,,7bbb95f8066a952e,2032-12-22,,,Porto Alegre
LIC-LIC-01,CLARO S.A.,50409889580,010,105752021,695313894,AV BENTO GONÇALVES,,RS,4314902,100MG7W,NR,SA-NSA,,3350,3350,250,FB,,,760,,23,25,13.5,-3,X,20,072212102519,200,-30.06256,-51.1758,G,2023-11-10,2011-03-31,,7bbb95f8066a952f,2032-12-22,,,Porto Alegre
LIC-LIC-01,CLARO S.A.,50409889580,010,105752021,695313894,AV BENTO GONÇALVES,,RS,4314902,100MG7W,NR,SA-NSA,,3350,3350,30,FB,,,760,,23,25,13.5,-3,X,20,072212102519,200,-30.06256,-51.1758,G,2023-11-10,2011-03-31,,7bbb95f8066a9530,2032-12-22,,,Porto Alegre
LIC-LIC-01,CLARO S.A.,50409889580,010,105752021,687484650,R PORTO CALVO,DE FRENTE AO 212,RS,4314902,50M0G7W,NR,SA-NSA,,2325,2325,160,FB,,,760,003692202519,24,25,70,-3,X,34,003692202519,50,-30.13,-51.2345,G,2023-11-10,2005-09-29,,7bbb95f8066a9551,2032-12-22,,,Porto Alegre
LIC-LIC-01,CLARO S.A.,50409889580,010,105752021,687484650,R PORTO CALVO,DE FRENTE AO 212,RS,4314902,50M0G7W,NR,SA-NSA,,2325,2325,280,FB,,,760,003692202519,24,25,70,-3,X,34,003692202519,50,-30.13,-51.2345,G,2023-11-10,2005-09-29,,7bbb95f8066a9552,2032-12-22,,,Porto Alegre
LIC-LIC-01,CLARO S.A.,50409889580,010,105752021,687484650,R PORTO CALVO,DE FRENTE AO 212,RS,4314902,50M0G7W,NR,SA-NSA,,2325,2325,30,FB,,,760,003692202519,24,25,70,-3,X,34,003692202519,50,-30.13,-51.2345,G,2023-11-10,2005-09-29,,7bbb95f8066a9553,2032-12-22,,,Porto Alegre
LIC-LIC-01,CLARO S.A.,50409889580,010,105752021,687484650,R PORTO CALVO,DE FRENTE AO 212,RS,4314902,100MG7W,NR,SA-NSA,,3350,3350,160,FB,,,760,212712202519,24.4,25,65,-4,X,35,212712202519,229,-30.13,-51.2345,G,2023-11-10,2005-09-29,,7bbb95f8066a9554,2032-12-22,,,Porto Alegre
LIC-LIC-01,CLARO S.A.,50409889580,010,105752021,687484650,R PORTO CALVO,DE FRENTE AO 212,RS,4314902,100MG7W,NR,SA-NSA,,3350,3350,280,FB,,,760,212712202519,24.4,25,65,-4,X,35,212712202519,229,-30.13,-51.2345,G,2023-11-10,2005-09-29,,7bbb95f8066a9555,2032-12-22,,,Porto Alegre
LIC-LIC-01,CLARO S.A.,50409889580,010,105752021,687484650,R PORTO CALVO,DE FRENTE AO 212,RS,4314902,100MG7W,NR,SA-NSA,,3350,3350,30,FB,,,760,212712202519,24.4,25,65,-3,X,35,212712202519,229,-30.13,-51.2345,G,2023-11-10,2005-09-29,,7bbb95f8066a9556,2032-12-22,,,Porto Alegre
LIC-LIC-01,CLARO S.A.,50409889580,010,105752021,689809190,R DORIVAL CASTILHOS MACHADO,,RS,4314902,100MG7W,NR,SA-NSA,,3350,3350,140,FB,,,760,,23,25,13.5,-3,X,35,072212102519,200,-30.16158,-51.19305,G,2023-11-10,2007-11-13,,7bbb95f8066a9575,2032-12-22,,,Porto Alegre
LIC-LIC-01,CLARO S.A.,50409889580,010,105752021,689809190,R DORIVAL CASTILHOS MACHADO,,RS,4314902,100MG7W,NR,SA-NSA,,3350,3350,310,FB,,,760,,23,25,13.5,-3,X,35,072212102519,200,-30.16158,-51.19305,G,2023-11-10,2007-11-13,,7bbb95f8066a9576,2032-12-22,,,Porto Alegre
LIC-LIC-01,CLARO S.A.,50409889580,010,105752021,689809190,R DORIVAL CASTILHOS MACHADO,,RS,4314902,100MG7W,NR,SA-NSA,,3350,3350,60,FB,,,760,,23,25,13.5,-3,X,35,072212102519,200,-30.16158,-51.19305,G,2023-11-10,2007-11-13,,7bbb95f8066a9577,2032-12-22,,,Porto Alegre
LIC-LIC-01,CLARO S.A.,50409889580,010,105752021,1000202698,R GILBERTO LASTE,BIT,RS,4314902,100MG7W,NR,SA-NSA,,3350,3350,20,FB,,,760,,23,25,13.5,0,X,18,072212102519,200,-30.0698,-51.2252,G,2023-07-25,2014-06-05,,5b5695f802da0929,2041-12-08,,,Porto Alegre
LIC-LIC-01,CLARO S.A.,50409889580,010,105752021,1000202698,R GILBERTO LASTE,BIT,RS,4314902,100MG7W,NR,SA-NSA,,3350,3350,200,FB,,,760,,23,25,13.5,0,X,18,072212102519,200,-30.0698,-51.2252,G,2023-07-25,2014-06-05,,5b5695f802da092a,2041-12-08,,,Porto Alegre
LIC-LIC-01,CLARO S.A.,50409889580,010,105752021,1000202698,R GILBERTO LASTE,BIT,RS,4314902,100MG7W,NR,SA-NSA,,3350,3350,290,FB,,,760,,23,25,13.5,0,X,18,072212102519,200,-30.0698,-51.2252,G,2023-07-25,2014-06-05,,5b5695f802da092b,2041-12-08,,,Porto Alegre
LIC-LIC-01,CLARO S.A.,50409889580,010,105752021,1000202698,R GILBERTO LASTE,BIT,RS,4314902,50M0G7W,NR,SA-NSA,,2325,2325,20,FB,,,760,102722102519,25,25,65,0,X,18,102722102519,50,-30.0698,-51.2252,G,2023-07-25,2014-06-05,,5b5695f802da092c,2041-12-08,,,Porto Alegre
LIC-LIC-01,CLARO S.A.,50409889580,010,105752021,1000202698,R GILBERTO LASTE,BIT,RS,4314902,50M0G7W,NR,SA-NSA,,2325,2325,200,FB,,,760,102722102519,25,25,65,0,X,18,102722102519,50,-30.0698,-51.2252,G,2023-07-25,2014-06-05,,5b5695f802da092d,2041-12-08,,,Porto Alegre
LIC-LIC-01,CLARO S.A.,50409889580,010,105752021,1000202698,R GILBERTO LASTE,BIT,RS,4314902,50M0G7W,NR,SA-NSA,,2325,2325,290,FB,,,760,102722102519,25,25,65,0,X,18,102722102519,50,-30.0698,-51.2252,G,2023-07-25,2014-06-05,,5b5695f802da092e,2041-12-08,,,Porto Alegre
LIC-LIC-01,CLARO S.A.,50409889580,010,105752021,1006617229,R CARVALHO DE FREITAS,,RS,4314902,100MG7W,NR,SA-NSA,,3350,3350,340,FB,,,760,,23,25,13.5,-1,X,40,072212102519,200,-30.07941,-51.20311,G,2023-11-17,2018-05-14,,ea1a95f803733011,2032-12-22,,,Porto Alegre
LIC-LIC-01,CLARO S.A.,50409889580,010,105752021,1006617229,R CARVALHO DE FREITAS,,RS,4314902,100MG7W,NR,SA-NSA,,3350,3350,80,FB,,,760,,23,25,13.5,-3,X,40,072212102519,200,-30.07941,-51.20311,G,2023-11-17,2018-05-14,,ea1a95f803733012,2032-12-22,,,Porto Alegre
LIC-LIC-01,CLARO S.A.,50409889580,010,105752021,1006617229,R CARVALHO DE FREITAS,,RS,4314902,100MG7W,NR,SA-NSA,,3350,3350,230,FB,,,760,,23,25,13.5,-3,X,40,072212102519,200,-30.07941,-51.20311,G,2023-11-17,2018-05-14,,ea1a95f803733013,2032-12-22,,,Porto Alegre
LIC-LIC-01,CLARO S.A.,50409889580,010,105752021,1006617245,R PROFESSOR CARLOS DE PAULA COUTO,,RS,4314902,100MG7W,NR,SA-NSA,,3350,3350,70,FB,,,760,212712202519,24.4,25,65,0,X,16.5,212712202519,229,-30.12508,-51.23011,G,2023-11-10,2018-05-14,,ea1a95f80373302c,2032-12-22,,,Porto Alegre
LIC-LIC-01,CLARO S.A.,50409889580,010,105752021,1006617245,R PROFESSOR CARLOS DE PAULA COUTO,,RS,4314902,100MG7W,NR,SA-NSA,,3350,3350,170,FB,,,760,212712202519,24.4,25,65,-1,X,16.5,212712202519,229,-30.12508,-51.23011,G,2023-11-10,2018-05-14,,ea1a95f80373302d,2032-12-22,,,Porto Alegre
LIC-LIC-01,CLARO S.A.,50409889580,010,105752021,1006617245,R PROFESSOR CARLOS DE PAULA COUTO,,RS,4314902,100MG7W,NR,SA-NSA,,3350,3350,325,FB,,,760,212712202519,24.4,25,65,0,X,16.5,212712202519,229,-30.12508,-51.23011,G,2023-11-10,2018-05-14,,ea1a95f80373302e,2032-12-22,,,Porto Alegre
LIC-LIC-01,CLARO S.A.,50409889580,010,105752021,1006617245,R PROFESSOR CARLOS DE PAULA COUTO,,RS,4314902,50M0G7W,NR,SA-NSA,,2325,2325,70,FB,,,760,003692202519,24,25,70,0,X,15.5,003692202519,50,-30.12508,-51.23011,G,2023-11-10,2018-05-14,,ea1a95f80373302f,2032-12-22,,,Porto Alegre
LIC-LIC-01,CLARO S.A.,50409889580,010,105752021,1006617245,R PROFESSOR CARLOS DE PAULA COUTO,,RS,4314902,50M0G7W,NR,SA-NSA,,2325,2325,170,FB,,,760,003692202519,24,25,70,-1,X,15.5,003692202519,50,-30.12508,-51.23011,G,2023-11-10,2018-05-14,,ea1a95f803733030,2032-12-22,,,Porto Alegre
LIC-LIC-01,CLARO S.A.,50409889580,010,105752021,1006617245,R PROFESSOR CARLOS DE PAULA COUTO,,RS,4314902,50M0G7W,NR,SA-NSA,,2325,2325,325,FB,,,760,003692202519,24,25,70,0,X,15.5,003692202519,50,-30.12508,-51.23011,G,2023-11-10,2018-05-14,,ea1a95f803733031,2032-12-22,,,Porto Alegre
LIC-LIC-01,CLARO S.A.,50409889580,010,105752021,1008554933,EST ARMANDO INÁCIO DA SILVEIRA,S NR,RS,4314902,100MG7W,NR,SA-NSA,,3350,3350,45,FB,,,760,,23,25,13.5,-1,X,33,072212102519,200,-30.22836,-51.05603,G,2023-11-17,2019-05-23,,63c595f82a7946f5,2032-12-22,,,Porto Alegre
LIC-LIC-01,CLARO S.A.,50409889580,010,105752021,1008554933,EST ARMANDO INÁCIO DA SILVEIRA,S NR,RS,4314902,100MG7W,NR,SA-NSA,,3350,3350,145,FB,,,760,,23,25,13.5,-1,X,31,072212102519,200,-30.22836,-51.05603,G,2023-11-17,2019-05-23,,63c595f82a7946f6,2032-12-22,,,Porto Alegre
LIC-LIC-01,CLARO S.A.,50409889580,010,105752021,1008554933,EST ARMANDO INÁCIO DA SILVEIRA,S NR,RS,4314902,100MG7W,NR,SA-NSA,,3350,3350,280,FB,,,760,,23,25,13.5,-2,X,31,072212102519,200,-30.22836,-51.05603,G,2023-11-17,2019-05-23,,63c595f82a7946f7,2032-12-22,,,Porto Alegre
LIC-LIC-01,CLARO S.A.,50409889580,010,105752021,686826019,R IRENE CAPPONI SANTIAGO,,RS,4314902,100MG7W,NR,SA-NSA,,3350,3350,80,FB,,,760,,23,25,13.5,-4,X,21,072212102519,50,-30.0051,-51.15906,G,2025-12-16,2005-05-12,,16cd95f8348e851d,2041-12-08,,,Porto Alegre
LIC-LIC-01,CLARO S.A.,50409889580,010,105752021,686826019,R IRENE CAPPONI SANTIAGO,,RS,4314902,100MG7W,NR,SA-NSA,,3350,3350,160,FB,,,760,,23,25,13.5,0,X,21,072212102519,50,-30.0051,-51.15906,G,2025-12-16,2005-05-12,,16cd95f8348e851e,2041-12-08,,,Porto Alegre
LIC-LIC-01,CLARO S.A.,50409889580,010,105752021,686826019,R IRENE CAPPONI SANTIAGO,,RS,4314902,100MG7W,NR,SA-NSA,,3350,3350,295,FB,,,760,,23,25,13.5,0,X,21,072212102519,50,-30.0051,-51.15906,G,2025-12-16,2005-05-12,,16cd95f8348e851f,2041-12-08,,,Porto Alegre
LIC-LIC-01,CLARO S.A.,50409889580,010,105752021,692412417,EST RETIRO DA PONTA GROSSA,IMÓVEL ESQUINA ESTRADA PONTA GROSSA  BEM DE FRONTE DO SITE NO POSTE ENERGIA INFORMA Nº 2155,RS,4314902,100MG7W,NR,SA-NSA,,3350,3350,120,FB,,,760,,23,25,13.5,-4,X,41.5,072212102519,200,-30.1853,-51.19668,G,2023-11-10,2010-05-28,,16cd95f8348e8538,2032-12-22,,,Porto Alegre
LIC-LIC-01,CLARO S.A.,50409889580,010,105752021,692412417,EST RETIRO DA PONTA GROSSA,IMÓVEL ESQUINA ESTRADA PONTA GROSSA  BEM DE FRONTE DO SITE NO POSTE ENERGIA INFORMA Nº 2155,RS,4314902,100MG7W,NR,SA-NSA,,3350,3350,270,FB,,,760,,23,25,13.5,-4,X,41.5,072212102519,200,-30.1853,-51.19668,G,2023-11-10,2010-05-28,,16cd95f8348e8539,2032-12-22,,,Porto Alegre
LIC-LIC-01,CLARO S.A.,50409889580,010,105752021,692412417,EST RETIRO DA PONTA GROSSA,IMÓVEL ESQUINA ESTRADA PONTA GROSSA  BEM DE FRONTE DO SITE NO POSTE ENERGIA INFORMA Nº 2155,RS,4314902,100MG7W,NR,SA-NSA,,3350,3350,55,FB,,,760,,23,25,13.5,-4,X,41.5,072212102519,200,-30.1853,-51.19668,G,2023-11-10,2010-05-28,,16cd95f8348e853a,2032-12-22,,,Porto Alegre
LIC-LIC-01,CLARO S.A.,50409889580,010,105752021,690016646,R ORFANOTRÓFIO,UNIVERSIDADE RITTER DOS REIS (UNIRITTER),RS,4314902,50M0G7W,NR,SA-NSA,,2325,2325,200,FB,,,760,,17.4,25,62,-5,X,23,132072102519,50,-30.0802,-51.2197,G,2023-11-17,2008-03-04,,16cd95f8348e854b,2032-12-22,,,Porto Alegre
LIC-LIC-01,CLARO S.A.,50409889580,010,105752021,690016646,R ORFANOTRÓFIO,UNIVERSIDADE RITTER DOS REIS (UNIRITTER),RS,4314902,100MG7W,NR,SA-NSA,,3350,3350,200,FB,,,760,,23,25,13.5,-5,X,23,072212102519,200,-30.0802,-51.2197,G,2023-11-17,2008-03-04,,16cd95f8348e854c,2032-12-22,,,Porto Alegre
LIC-LIC-01,CLARO S.A.,50409889580,010,105752021,1001035779,AV EDVALDO PEREIRA PAIVA,,RS,4314902,100MG7W,NR,SA-NSA,,3350,3350,65,FB,,,760,,23,25,13.5,-1,X,34,072212102519,200,-30.06678,-51.23835,G,2023-11-17,2015-02-26,,38bac5f803252a1d,2032-12-22,,,Porto Alegre
LIC-LIC-01,CLARO S.A.,50409889580,010,105752021,1001035779,AV EDVALDO PEREIRA PAIVA,,RS,4314902,100MG7W,NR,SA-NSA,,3350,3350,200,FB,,,760,,23,25,13.5,-1,X,34,072212102519,200,-30.06678,-51.23835,G,2023-11-17,2015-02-26,,38bac5f803252a1e,2032-12-22,,,Porto Alegre
LIC-LIC-01,CLARO S.A.,50409889580,010,105752021,1001035779,AV EDVALDO PEREIRA PAIVA,,RS,4314902,100MG7W,NR,SA-NSA,,3350,3350,10,FB,,,760,,23,25,13.5,-1,X,34,072212102519,200,-30.06678,-51.23835,G,2023-11-17,2015-02-26,,38bac5f803252a1f,2032-12-22,,,Porto Alegre
LIC-LIC-01,CLARO S.A.,50409889580,010,105752021,1005313110,R TAVEIRA JÚNIOR,,RS,4314902,100MG7W,NR,SA-NSA,,3350,3350,45,FB,,,760,,23,25,13.5,-5,X,26,072212102519,200,-30.08978,-51.20958,G,2023-11-17,2017-10-10,,6f0295f8037282e2,2032-12-22,,,Porto Alegre
LIC-LIC-01,CLARO S.A.,50409889580,010,105752021,1005313110,R TAVEIRA JÚNIOR,,RS,4314902,100MG7W,NR,SA-NSA,,3350,3350,250,FB,,,760,,23,25,13.5,-5,X,26,072212102519,200,-30.08978,-51.20958,G,2023-11-17,2017-10-10,,6f0295f8037282e3,2032-12-22,,,Porto Alegre
LIC-LIC-01,CLARO S.A.,50409889580,010,105752021,1005313110,R TAVEIRA JÚNIOR,,RS,4314902,100MG7W,NR,SA-NSA,,3350,3350,340,FB,,,760,,23,25,13.5,-6,X,26,072212102519,200,-30.08978,-51.20958,G,2023-11-17,2017-10-10,,6f0295f8037282e4,2032-12-22,,,Porto Alegre
LIC-LIC-01,CLARO S.A.,50409889580,010,105752021,695379984,EST JOÃO ANTÔNIO DA SILVEIRA,,RS,4314902,100MG7W,NR,SA-NSA,,3350,3350,110,FB,,,760,,23,25,13.5,-1,X,25,072212102519,200,-30.15744,-51.14535,G,2023-11-17,2011-04-20,,3a4895f8035fa839,2032-12-22,,,Porto Alegre
LIC-LIC-01,CLARO S.A.,50409889580,010,105752021,695379984,EST JOÃO ANTÔNIO DA SILVEIRA,,RS,4314902,100MG7W,NR,SA-NSA,,3350,3350,230,FB,,,760,,23,25,13.5,-2,X,25,072212102519,200,-30.15744,-51.14535,G,2023-11-17,2011-04-20,,3a4895f8035fa83a,2032-12-22,,,Porto Alegre
LIC-LIC-01,CLARO S.A.,50409889580,010,105752021,695379984,EST JOÃO ANTÔNIO DA SILVEIRA,,RS,4314902,100MG7W,NR,SA-NSA,,3350,3350,340,FB,,,760,,23,25,13.5,-2,X,25,072212102519,200,-30.15744,-51.14535,G,2023-11-17,2011-04-20,,3a4895f8035fa83b,2032-12-22,,,Porto Alegre
LIC-LIC-01,CLARO S.A.,50409889580,010,105752021,1004738401,R RUA MARCONE,,RS,4314902,100MG7W,NR,SA-NSA,,3350,3350,0,FB,,,760,,23,25,13.5,0,X,21.5,072212102519,200,-30.0593,-51.16095,G,2024-10-22,2017-09-18,,66cb95f802971329,2041-12-08,,,Porto Alegre
LIC-LIC-01,CLARO S.A.,50409889580,010,105752021,1004738401,R RUA MARCONE,,RS,4314902,100MG7W,NR,SA-NSA,,3350,3350,130,FB,,,760,,23,25,13.5,0,X,21.5,072212102519,200,-30.0593,-51.16095,G,2024-10-22,2017-09-18,,66cb95f80297132a,2041-12-08,,,Porto Alegre
LIC-LIC-01,CLARO S.A.,50409889580,010,105752021,1004738401,R RUA MARCONE,,RS,4314902,100MG7W,NR,SA-NSA,,3350,3350,205,FB,,,760,,23,25,13.5,0,X,21.5,072212102519,200,-30.0593,-51.16095,G,2024-10-22,2017-09-18,,66cb95f80297132b,2041-12-08,,,Porto Alegre
LIC-LIC-01,CLARO S.A.,50409889580,010,105752021,1005589876,AV PROTÁSIO ALVES,,RS,4314902,100MG7W,NR,SA-NSA,,3350,3350,0,FB,,,760,,23,25,13.5,-1,X,15,072212102519,200,-30.04018,-51.12629,G,2024-10-22,2018-01-09,,66cb95f802971353,2041-12-08,,,Porto Alegre
LIC-LIC-01,CLARO S.A.,50409889580,010,105752021,1005589876,AV PROTÁSIO ALVES,,RS,4314902,100MG7W,NR,SA-NSA,,3350,3350,140,FB,,,760,,23,25,13.5,-1,X,15,072212102519,200,-30.04018,-51.12629,G,2024-10-22,2018-01-09,,66cb95f802971354,2041-12-08,,,Porto Alegre
LIC-LIC-01,CLARO S.A.,50409889580,010,105752021,1005589876,AV PROTÁSIO ALVES,,RS,4314902,100MG7W,NR,SA-NSA,,3350,3350,230,FB,,,760,,23,25,13.5,-1,X,15,072212102519,200,-30.04018,-51.12629,G,2024-10-22,2018-01-09,,66cb95f802971355,2041-12-08,,,Porto Alegre
LIC-LIC-01,CLARO S.A.,50409889580,010,105752021,568694414,R BOA VISTA,,RS,4314902,100MG7W,NR,SA-NSA,,3350,3350,0,FB,,,760,,23,25,13.5,-1,X,35.5,072212102519,200,-30.2057,-51.1712,G,2024-10-22,2001-01-10,,66cb95f802971368,2041-12-08,,,Porto Alegre
LIC-LIC-01,CLARO S.A.,50409889580,010,105752021,568694414,R BOA VISTA,,RS,4314902,100MG7W,NR,SA-NSA,,3350,3350,120,FB,,,760,,23,25,13.5,-1,X,35.5,072212102519,200,-30.2057,-51.1712,G,2024-10-22,2001-01-10,,66cb95f802971369,2041-12-08,,,Porto Alegre
LIC-LIC-01,CLARO S.A.,50409889580,010,105752021,568694414,R BOA VISTA,,RS,4314902,100MG7W,NR,SA-NSA,,3350,3350,240,FB,,,760,,23,25,13.5,-1,X,35.5,072212102519,200,-30.2057,-51.1712,G,2024-10-22,2001-01-10,,66cb95f80297136a,2041-12-08,,,Porto Alegre
LIC-LIC-01,CLARO S.A.,50409889580,010,105752021,1004738363,R CORRÊA LIMA,,RS,4314902,100MG7W,NR,SA-NSA,,3350,3350,30,FB,,,760,,23,25,13.5,-3,X,37,072212102519,200,-30.06529,-51.22391,G,2023-11-10,2017-07-31,,66cb95f802971378,2032-12-22,,,Porto Alegre
LIC-LIC-01,CLARO S.A.,50409889580,010,105752021,1004738363,R CORRÊA LIMA,,RS,4314902,100MG7W,NR,SA-NSA,,3350,3350,100,FB,,,760,,23,25,13.5,-2,X,37,072212102519,200,-30.06529,-51.22391,G,2023-11-10,2017-07-31,,66cb95f802971379,2032-12-22,,,Porto Alegre
LIC-LIC-01,CLARO S.A.,50409889580,010,105752021,1004738363,R CORRÊA LIMA,,RS,4314902,100MG7W,NR,SA-NSA,,3350,3350,225,FB,,,760,,23,25,13.5,-4,X,37,072212102519,200,-30.06529,-51.22391,G,2023-11-10,2017-07-31,,66cb95f80297137a,2032-12-22,,,Porto Alegre
LIC-LIC-01,CLARO S.A.,50409889580,010,105752021,1013190219,AV DOS ESTADOS,,RS,4314902,100MG7W,NR,SA-NSA,,3350,3350,20,FB,,,760,,23,25,13.5,-3,X,17,072212102519,200,-29.9869,-51.1809,G,2024-10-22,2022-06-15,,7f81c5f803b7142b,2041-12-08,,,Porto Alegre
LIC-LIC-01,CLARO S.A.,50409889580,010,105752021,1013190219,AV DOS ESTADOS,,RS,4314902,100MG7W,NR,SA-NSA,,3350,3350,200,FB,,,760,,23,25,13.5,-3,X,17,072212102519,200,-29.9869,-51.1809,G,2024-10-22,2022-06-15,,7f81c5f803b7142c,2041-12-08,,,Porto Alegre
LIC-LIC-01,CLARO S.A.,50409889580,010,105752021,1013190219,AV DOS ESTADOS,,RS,4314902,100MG7W,NR,SA-NSA,,3350,3350,300,FB,,,760,,23,25,13.5,-3,X,17,072212102519,200,-29.9869,-51.1809,G,2024-10-22,2022-06-15,,7f81c5f803b7142d,2041-12-08,,,Porto Alegre
LIC-LIC-01,CLARO S.A.,50409889580,010,105752021,692414967,AV JUCA BATISTA,CRT,RS,4314902,100MG7W,NR,SA-NSA,,3350,3350,110,FB,,,760,,23,25,13.5,-2,X,25,072212102519,200,-30.13691,-51.22094,G,2023-11-17,2010-06-24,,7d29c5f80415b83b,2032-12-22,,,Porto Alegre
LIC-LIC-01,CLARO S.A.,50409889580,010,105752021,692414967,AV JUCA BATISTA,CRT,RS,4314902,100MG7W,NR,SA-NSA,,3350,3350,20,FB,,,760,,23,25,13.5,-2,X,25,072212102519,200,-30.13691,-51.22094,G,2023-11-17,2010-06-24,,7d29c5f80415b83c,2032-12-22,,,Porto Alegre
LIC-LIC-01,CLARO S.A.,50409889580,010,105752021,692414967,AV JUCA BATISTA,CRT,RS,4314902,100MG7W,NR,SA-NSA,,3350,3350,215,FB,,,760,,23,25,13.5,-4,X,25,072212102519,200,-30.13691,-51.22094,G,2023-11-17,2010-06-24,,7d29c5f80415b83d,2032-12-22,,,Porto Alegre
LIC-LIC-01,CLARO S.A.,50409889580,010,105752021,1015188440,R GILBERTO LASTE,BIT,RS,4314902,100MG7W,NR,,,3350,3350,0,FB,,,760,212712202519,24.4,25,65,0,X,16.5,212712202519,229,-30.0698,-51.2252,G,2023-11-17,2023-08-25,,1d82c5f8036c4893,2032-12-22,,,Porto Alegre
LIC-LIC-01,CLARO S.A.,50409889580,010,105752021,1015188440,R GILBERTO LASTE,BIT,RS,4314902,100MG7W,NR,,,3350,3350,120,FB,,,760,212712202519,24.4,25,65,0,X,16.5,212712202519,229,-30.0698,-51.2252,G,2023-11-17,2023-08-25,,1d82c5f8036c4894,2032-12-22,,,Porto Alegre
LIC-LIC-01,CLARO S.A.,50409889580,010,105752021,1015188440,R GILBERTO LASTE,BIT,RS,4314902,100MG7W,NR,,,3350,3350,240,FB,,,760,212712202519,24.4,25,65,0,X,16.5,212712202519,229,-30.0698,-51.2252,G,2023-11-17,2023-08-25,,1d82c5f8036c4895,2032-12-22,,,Porto Alegre
LIC-LIC-01,CLARO S.A.,50409889580,010,105752021,1015188440,R GILBERTO LASTE,BIT,RS,4314902,20M0D7W,NR,,,2325,2325,0,FB,,,760,003692202519,24,25,70,0,X,15.5,003692202519,50,-30.0698,-51.2252,G,2023-11-17,2023-08-25,,1d82c5f8036c4896,2032-12-22,,,Porto Alegre
LIC-LIC-01,CLARO S.A.,50409889580,010,105752021,1015188440,R GILBERTO LASTE,BIT,RS,4314902,20M0D7W,NR,,,2325,2325,120,FB,,,760,003692202519,24,25,70,0,X,15.5,003692202519,50,-30.0698,-51.2252,G,2023-11-17,2023-08-25,,1d82c5f8036c4897,2032-12-22,,,Porto Alegre
LIC-LIC-01,CLARO S.A.,50409889580,010,105752021,1015188440,R GILBERTO LASTE,BIT,RS,4314902,20M0D7W,NR,,,2325,2325,240,FB,,,760,003692202519,24,25,70,0,X,15.5,003692202519,50,-30.0698,-51.2252,G,2023-11-17,2023-08-25,,1d82c5f8036c4898,2032-12-22,,,Porto Alegre
LIC-LIC-01,CLARO S.A.,50409889580,010,105752021,405605960,AV DOUTOR NILO PEÇANHA,,RS,4314902,100MG7W,NR,SA-NSA,,3350,3350,130,FB,,,760,,23,25,13.5,-2,X,39,072212102519,200,-30.028,-51.1684,G,2023-11-10,1999-04-01,,0469f5f803e97bd4,2032-12-22,,,Porto Alegre
LIC-LIC-01,CLARO S.A.,50409889580,010,105752021,405605960,AV DOUTOR NILO PEÇANHA,,RS,4314902,100MG7W,NR,SA-NSA,,3350,3350,260,FB,,,760,,23,25,13.5,-2,X,39,072212102519,200,-30.028,-51.1684,G,2023-11-10,1999-04-01,,0469f5f803e97bd5,2032-12-22,,,Porto Alegre
LIC-LIC-01,CLARO S.A.,50409889580,010,105752021,405605960,AV DOUTOR NILO PEÇANHA,,RS,4314902,100MG7W,NR,SA-NSA,,3350,3350,30,FB,,,760,,23,25,13.5,-4,X,39,072212102519,200,-30.028,-51.1684,G,2023-11-10,1999-04-01,,0469f5f803e97bd6,2032-12-22,,,Porto Alegre
LIC-LIC-01,CLARO S.A.,50409889580,010,105752021,405605757,R DOUTOR DIAS DE CARVALHO,,RS,4314902,100MG7W,NR,SA-NSA,,3350,3350,130,FB,,,760,,23,25,13.5,-3,X,40,072212102519,200,-30.10625,-51.24888,G,2023-11-10,2004-01-06,,0469f5f803e97bfb,2032-12-22,,,Porto Alegre
LIC-LIC-01,CLARO S.A.,50409889580,010,105752021,405605757,R DOUTOR DIAS DE CARVALHO,,RS,4314902,100MG7W,NR,SA-NSA,,3350,3350,20,FB,,,760,,23,25,13.5,0,X,40,072212102519,200,-30.10625,-51.24888,G,2023-11-10,2004-01-06,,0469f5f803e97bfc,2032-12-22,,,Porto Alegre
LIC-LIC-01,CLARO S.A.,50409889580,010,105752021,405605757,R DOUTOR DIAS DE CARVALHO,,RS,4314902,100MG7W,NR,SA-NSA,,3350,3350,260,FB,,,760,,23,25,13.5,-3,X,40,072212102519,200,-30.10625,-51.24888,G,2023-11-10,2004-01-06,,0469f5f803e97bfd,2032-12-22,,,Porto Alegre
LIC-LIC-01,CLARO S.A.,50409889580,010,105752021,405605781,R DA GÁVEA,,RS,4314902,50M0G7W,NR,SA-NSA,,2325,2325,50,FB,,,760,003692202519,24,25,70,-1,X,42.5,003692202519,50,-30.13295,-51.22773,G,2023-11-10,2004-01-06,,19f9f5f8036a0bb6,2032-12-22,,,Porto Alegre
LIC-LIC-01,CLARO S.A.,50409889580,010,105752021,405605781,R DA GÁVEA,,RS,4314902,50M0G7W,NR,SA-NSA,,2325,2325,170,FB,,,760,003692202519,24,25,70,-1,X,42.5,003692202519,50,-30.13295,-51.22773,G,2023-11-10,2004-01-06,,19f9f5f8036a0bb7,2032-12-22,,,Porto Alegre
LIC-LIC-01,CLARO S.A.,50409889580,010,105752021,405605781,R DA GÁVEA,,RS,4314902,50M0G7W,NR,SA-NSA,,2325,2325,285,FB,,,760,003692202519,24,25,70,-1,X,42.5,003692202519,50,-30.13295,-51.22773,G,2023-11-10,2004-01-06,,19f9f5f8036a0bb8,2032-12-22,,,Porto Alegre
LIC-LIC-01,CLARO S.A.,50409889580,010,105752021,1015421676,AV IPIRANGA,PUC,RS,4314902,100MG7W,NR,SA-NSA,,3350,3350,350,FB,,,760,212712202519,24.4,25,65,8,X,58.73,212712202519,229,-30.05863,-51.17346,G,2025-07-10,2023-10-27,,219af5f80359895b,2041-12-08,,,Porto Alegre
LIC-LIC-01,CLARO S.A.,50409889580,010,105752021,1015421676,AV IPIRANGA,PUC,RS,4314902,100MG7W,NR,SA-NSA,,3350,3350,135,FB,,,760,212712202519,24.4,25,65,8,X,58.73,212712202519,229,-30.05863,-51.17346,G,2025-07-10,2023-10-27,,219af5f80359895c,2041-12-08,,,Porto Alegre
LIC-LIC-01,CLARO S.A.,50409889580,010,105752021,1015421676,AV IPIRANGA,PUC,RS,4314902,100MG7W,NR,SA-NSA,,3350,3350,250,FB,,,760,212712202519,24.4,25,65,8,X,58.73,212712202519,229,-30.05863,-51.17346,G,2025-07-10,2023-10-27,,219af5f80359895d,2041-12-08,,,Porto Alegre
LIC-LIC-01,CLARO S.A.,50409889580,010,105752021,1005878100,RUA DR. NAPOLEÃO LAUREANO,,RS,4314902,100MG7W,NR,SA-NSA,,3350,3350,75,FB,,,760,,23,25,13.5,-1,X,26,072212102519,200,-30.01567,-51.17553,G,2023-11-10,2018-03-07,,f9a785f8033b9ec2,2041-12-08,,,Porto Alegre
LIC-LIC-01,CLARO S.A.,50409889580,010,105752021,1008802490,AV VEIGA,,RS,4314902,100MG7W,NR,SA-NSA,,3350,3350,290,FB,,,760,,23,25,13.5,-4,X,41,072212102519,200,-30.06671,-51.18359,G,2023-11-10,2019-07-09,,f9a785f80349531c,2032-12-22,,,Porto Alegre
LIC-LIC-01,CLARO S.A.,50409889580,010,105752021,1005528672,RUA LUIZ VOELCKER,,RS,4314902,100MG7W,NR,SA-NSA,,3350,3350,20,FB,,,760,,23,25,13.5,-3,X,28.5,072212102519,200,-30.03465,-51.16549,G,2023-11-17,2017-12-29,,20b685f8034a6c26,2041-12-08,,,Porto Alegre
LIC-LIC-01,CLARO S.A.,50409889580,010,105752021,1005528680,RUA CIPÓ,,RS,4314902,100MG7W,NR,SA-NSA,,3350,3350,10,FB,,,760,,23,25,13.5,-2,X,30,072212102519,200,-30.02025,-51.16206,G,2023-11-17,2017-12-29,,20b685f8034a6cf8,2041-12-08,,,Porto Alegre
LIC-LIC-01,CLARO S.A.,50409889580,010,105752021,617715599,AVENIDA JOÃO WALLIG,SHOPPING IGUATEMI,RS,4314902,100MG7W,NR,SA-NSA,,3350,3350,0,FB,,,168,,1,20,1,0,V,5,104562102519,40,-30.0254,-51.1624,G,2023-11-17,2001-07-27,,20b685f8034a6d36,2041-12-08,,,Porto Alegre
LIC-LIC-01,CLARO S.A.,50409889580,010,105752021,405604513,RUA GASPAR MARTINS,,RS,4314902,100MG7W,NR,SA-NSA,,3350,3350,220,FB,,,760,,24.9,25,13.5,-3,X,31,102792102519,204,-30.01981,-51.21306,G,2024-04-04,2004-02-13,,20b685f803617168,2041-12-08,,,Porto Alegre
LIC-LIC-01,CLARO S.A.,50409889580,010,105752021,1005589884,R RUA LUZITANA,,RS,4314902,100MG7W,NR,SA-NSA,,3350,3350,80,FB,,,760,,23,25,13.5,-2,X,24,072212102519,200,-30.01372,-51.18386,G,2023-11-17,2021-11-10,,20b685f803617378,2032-12-22,,,Porto Alegre
LIC-LIC-01,CLARO S.A.,50409889580,010,105752021,637131347,AV SEVERO DULLIUS,AEROPORTO SALGADO FILHO,RS,4314902,100MG7W,NR,SA-NSA,,3350,3350,0,FB,,,168,,23,0,360,0,X,3,104562102519,40,-29.99017,-51.17709,G,2024-01-05,2001-11-06,,3e52d5f80d84f45d,2032-12-22,,,Porto Alegre
LIC-LIC-01,CLARO S.A.,50409889580,010,105752021,1000201756,R GILBERTO LASTE,,RS,4314902,100MG7W,NR,SA-NSA,,3350,3350,0,FB,,,760,212712202519,24.4,25,65,0,X,16,212712202519,229,-30.0698,-51.2252,G,2024-02-07,2014-06-05,,a7dee5f80c940967,2041-12-08,,,Porto Alegre
LIC-LIC-01,CLARO S.A.,50409889580,010,105752021,1000201756,R GILBERTO LASTE,,RS,4314902,100MG7W,NR,SA-NSA,,3350,3350,120,FB,,,760,212712202519,24.4,25,65,0,X,16,212712202519,229,-30.0698,-51.2252,G,2024-02-07,2014-06-05,,a7dee5f80c940968,2041-12-08,,,Porto Alegre
LIC-LIC-01,CLARO S.A.,50409889580,010,105752021,1000201756,R GILBERTO LASTE,,RS,4314902,100MG7W,NR,SA-NSA,,3350,3350,240,FB,,,760,212712202519,24.4,25,65,0,X,16,212712202519,229,-30.0698,-51.2252,G,2024-02-07,2014-06-05,,a7dee5f80c940969,2041-12-08,,,Porto Alegre
LIC-LIC-01,CLARO S.A.,50409889580,010,105752021,1015397880,R GENERAL BENTO MARTINS,0,RS,4314902,50M0G7W,NR,SA-NSA,,2325,2325,60,FB,,,760,221942302519,25,25,65,-2,X,10,221942302519,160,-30.03024,-51.23575,G,2024-03-08,2023-10-18,,fac4e5f802085a44,2041-12-08,,,Porto Alegre
LIC-LIC-01,CLARO S.A.,50409889580,010,105752021,1015397880,R GENERAL BENTO MARTINS,0,RS,4314902,50M0G7W,NR,SA-NSA,,2325,2325,270,FB,,,760,221942302519,25,25,65,-2,X,10,221942302519,160,-30.03024,-51.23575,G,2024-03-08,2023-10-18,,fac4e5f802085a45,2041-12-08,,,Porto Alegre
LIC-LIC-01,CLARO S.A.,50409889580,010,105752021,1015397880,R GENERAL BENTO MARTINS,0,RS,4314902,100MG7W,NR,SA-NSA,,3350,3350,60,FB,,,760,221942302519,25,25,65,-2,X,10,221942302519,160,-30.03024,-51.23575,G,2024-03-08,2023-10-18,,fac4e5f802085a46,2041-12-08,,,Porto Alegre
LIC-LIC-01,CLARO S.A.,50409889580,010,105752021,1015397880,R GENERAL BENTO MARTINS,0,RS,4314902,100MG7W,NR,SA-NSA,,3350,3350,270,FB,,,760,221942302519,25,25,65,-2,X,10,221942302519,160,-30.03024,-51.23575,G,2024-03-08,2023-10-18,,fac4e5f802085a47,2041-12-08,,,Porto Alegre
LIC-LIC-01,CLARO S.A.,50409889580,010,105752021,684175096,AV CARLOS GOMES,,RS,4314902,100MG7W,NR,SA-NSA,,3350,3350,230,FB,,,760,081161903518,16,23,70,-2,X,38.8,028652302519,40,-30.0304,-51.1811,G,2024-03-15,2004-02-13,,b470e5f8032dfbcc,2041-12-08,,,Porto Alegre
LIC-LIC-01,CLARO S.A.,50409889580,010,105752021,684175096,AV CARLOS GOMES,,RS,4314902,100MG7W,NR,SA-NSA,,3350,3350,345,FB,,,760,081161903518,16,23,70,-2,X,38.8,028652302519,40,-30.0304,-51.1811,G,2024-03-15,2004-02-13,,b470e5f8032dfbcd,2041-12-08,,,Porto Alegre
LIC-LIC-01,CLARO S.A.,50409889580,010,105752021,684175096,AV CARLOS GOMES,,RS,4314902,100MG7W,NR,SA-NSA,,3350,3350,80,FB,,,760,081161903518,16,23,70,-2,X,38.8,028652302519,40,-30.0304,-51.1811,G,2024-03-15,2004-02-13,,b470e5f8032dfbce,2041-12-08,,,Porto Alegre
LIC-LIC-01,CLARO S.A.,50409889580,010,105752021,679400540,AV PRAIA DE BELAS,SHOPPING PRAIA DE BELAS,RS,4314902,50M0G7W,NR,SA-NSA,,2325,2325,0,FB,,,168,,4,10,360,0,V,3,139102102519,50,-30.0487,-51.2284,G,2024-04-01,2002-08-13,,9bc2e5f80218f5b0,2041-12-08,,,Porto Alegre
LIC-LIC-01,CLARO S.A.,50409889580,010,105752021,679400540,AV PRAIA DE BELAS,SHOPPING PRAIA DE BELAS,RS,4314902,100MG7W,NR,SA-NSA,,3350,3350,0,FB,,,168,,23,0,360,0,X,3,104562102519,40,-30.0487,-51.2284,G,2024-04-01,2002-08-13,,9bc2e5f80218f5b1,2041-12-08,,,Porto Alegre
LIC-LIC-01,CLARO S.A.,50409889580,010,105752021,699789109,AV ASSIS BRASIL,VONPAR,RS,4314902,100MG7W,NR,SA-NSA,,3350,3350,170,FB,,,760,,23,25,13.5,-3,X,25.5,072212102519,200,-29.97055,-51.1193,G,2024-04-17,2014-03-26,,e59de5f81f6258ea,2041-12-08,,,Porto Alegre
LIC-LIC-01,CLARO S.A.,50409889580,010,105752021,699789109,AV ASSIS BRASIL,VONPAR,RS,4314902,100MG7W,NR,SA-NSA,,3350,3350,245,FB,,,760,,23,25,13.5,-3,X,25.5,072212102519,200,-29.97055,-51.1193,G,2024-04-17,2014-03-26,,e59de5f81f6258eb,2041-12-08,,,Porto Alegre
LIC-LIC-01,CLARO S.A.,50409889580,010,105752021,699789109,AV ASSIS BRASIL,VONPAR,RS,4314902,100MG7W,NR,SA-NSA,,3350,3350,75,FB,,,760,,23,25,13.5,-4,X,25.5,072212102519,200,-29.97055,-51.1193,G,2024-04-17,2014-03-26,,e59de5f81f6258ec,2041-12-08,,,Porto Alegre
LIC-LIC-01,CLARO S.A.,50409889580,010,105752021,1016067302,RUA VOLUNTÁRIOS DA PÁTRIA,,RS,4314902,100MG7W,NR,SA-NSA,,3350,3350,20,FB,,,760,212712202519,24.4,25,65,0,X,28,212712202519,229,-30.00826,-51.20966,G,2024-09-04,2024-09-04,,17123ae802423705,2041-12-08,,,Porto Alegre
LIC-LIC-01,CLARO S.A.,50409889580,010,105752021,1016067302,RUA VOLUNTÁRIOS DA PÁTRIA,,RS,4314902,100MG7W,NR,SA-NSA,,3350,3350,105,FB,,,760,212712202519,24.4,25,65,0,X,28,212712202519,229,-30.00826,-51.20966,G,2024-09-04,2024-09-04,,17123ae802423706,2041-12-08,,,Porto Alegre
LIC-LIC-01,CLARO S.A.,50409889580,010,105752021,1016067302,RUA VOLUNTÁRIOS DA PÁTRIA,,RS,4314902,100MG7W,NR,SA-NSA,,3350,3350,200,FB,,,760,212712202519,24.4,25,65,0,X,28,212712202519,229,-30.00826,-51.20966,G,2024-09-04,2024-09-04,,17123ae802423707,2041-12-08,,,Porto Alegre
LIC-LIC-01,CLARO S.A.,50409889580,010,105752021,617723419,AV ASSIS BRASIL,SALA 908,RS,4314902,100MG7W,NR,SA-NSA,,3350,3350,190,FB,,,760,,23.9,25,65,-2,X,37.5,072792302519,257,-30.0101,-51.1517,G,2024-09-16,2007-01-22,,11f76ae802271b7d,2041-12-08,,,Porto Alegre
LIC-LIC-01,CLARO S.A.,50409889580,010,105752021,617723419,AV ASSIS BRASIL,SALA 908,RS,4314902,100MG7W,NR,SA-NSA,,3350,3350,310,FB,,,760,,23.9,25,65,-2,X,37.5,072792302519,257,-30.0101,-51.1517,G,2024-09-16,2007-01-22,,11f76ae802271b7e,2041-12-08,,,Porto Alegre
LIC-LIC-01,CLARO S.A.,50409889580,010,105752021,617723419,AV ASSIS BRASIL,SALA 908,RS,4314902,100MG7W,NR,SA-NSA,,3350,3350,90,FB,,,760,,23.9,25,65,-2,X,37.5,072792302519,257,-30.0101,-51.1517,G,2024-09-16,2007-01-22,,11f76ae802271b7f,2041-12-08,,,Porto Alegre
LIC-LIC-01,CLARO S.A.,50409889580,010,105752021,699847311,R GILBERTO LASTE,,RS,4314902,100MG7W,NR,SA-NSA,,3350,3350,125,FB,,,760,,24.9,25,13.5,0,X,18,102792102519,204,-30.0698,-51.2252,G,2024-11-06,2014-04-08,,47496ae8020b3999,2041-12-08,,,Porto Alegre
LIC-LIC-01,CLARO S.A.,50409889580,010,105752021,699847311,R GILBERTO LASTE,,RS,4314902,100MG7W,NR,SA-NSA,,3350,3350,200,FB,,,760,,24.9,25,13.5,0,X,18,102792102519,204,-30.0698,-51.2252,G,2024-11-06,2014-04-08,,47496ae8020b399a,2041-12-08,,,Porto Alegre
LIC-LIC-01,CLARO S.A.,50409889580,010,105752021,699847311,R GILBERTO LASTE,,RS,4314902,100MG7W,NR,SA-NSA,,3350,3350,300,FB,,,760,,24.9,25,13.5,0,X,18,102792102519,204,-30.0698,-51.2252,G,2024-11-06,2014-04-08,,47496ae8020b399b,2041-12-08,,,Porto Alegre
LIC-LIC-01,CLARO S.A.,50409889580,010,105752021,699847265,R GILBERTO LASTE,BIT,RS,4314902,100MG7W,NR,SA-NSA,,3350,3350,170,FB,,,760,,23.9,25,65,0,X,18,072792302519,257,-30.0698,-51.2252,G,2024-11-13,2014-06-24,,47496ae8020b39c0,2041-12-08,,,Porto Alegre
LIC-LIC-01,CLARO S.A.,50409889580,010,105752021,699847265,R GILBERTO LASTE,BIT,RS,4314902,100MG7W,NR,SA-NSA,,3350,3350,320,FB,,,760,,23.9,25,65,0,X,18,072792302519,257,-30.0698,-51.2252,G,2024-11-13,2014-06-24,,47496ae8020b39c1,2041-12-08,,,Porto Alegre
LIC-LIC-01,CLARO S.A.,50409889580,010,105752021,699847265,R GILBERTO LASTE,BIT,RS,4314902,100MG7W,NR,SA-NSA,,3350,3350,80,FB,,,760,,23.9,25,65,0,X,18,072792302519,257,-30.0698,-51.2252,G,2024-11-13,2014-06-24,,47496ae8020b39c2,2041-12-08,,,Porto Alegre
LIC-LIC-01,CLARO S.A.,50409889580,010,105752021,1000153832,AV PADRE CACIQUE,ESTÁDIO BEIRA RIO,RS,4314902,100MG7W,NR,SA-NSA,,3350,3350,290,FB,,,760,221942302519,25,25,65,-12,X,30,221942302519,160,-30.06558,-51.23607,G,2024-10-16,2014-06-05,,2ed63af8025ab587,2041-12-08,,,Porto Alegre
LIC-LIC-01,CLARO S.A.,50409889580,010,105752021,1000153832,AV PADRE CACIQUE,ESTÁDIO BEIRA RIO,RS,4314902,100MG7W,NR,SA-NSA,,3350,3350,320,FB,,,760,221942302519,25,25,65,-12,X,30,221942302519,160,-30.06558,-51.23607,G,2024-10-16,2014-06-05,,2ed63af8025ab588,2041-12-08,,,Porto Alegre
LIC-LIC-01,CLARO S.A.,50409889580,010,105752021,523012080,R OLAVO BARRETO VIANA,SHOPPING MOINHOS,RS,4314902,50M0G7W,NR,SA-NSA,,2325,2325,0,FB,,,168,,4,0,360,0,V,3,132072102519,50,-30.0238,-51.2013,G,2025-01-16,2000-06-01,,c2933af8034e8a51,2041-12-08,,,Porto Alegre
LIC-LIC-01,CLARO S.A.,50409889580,010,105752021,688207812,AV CRISTÓVÃO COLOMBO,SHOPPING TOTAL,RS,4314902,50M0G7W,NR,SA-NSA,,2325,2325,0,FB,,,168,,4,0,360,0,V,3,132072102519,50,-30.0266,-51.2126,G,2025-01-16,2006-11-03,,c2933af8034e8a5c,2041-12-08,,,Porto Alegre
LIC-LIC-01,CLARO S.A.,50409889580,010,105752021,1000333016,R PROF. JOÃO DE SOUZA RIBEIRO,PRÓXIMO EMPRESA AUTO VIAÇÃO NAVEGANTES LTDA,RS,4314902,50M0G7W,NR,SA-NSA,,2325,2325,280,FB,,,760,102722102519,25,25,65,5,X,37,102722102519,50,-29.97917,-51.19002,G,2025-04-14,2014-07-18,,8d318c080374aec7,2041-12-08,,,Porto Alegre
LIC-LIC-01,CLARO S.A.,50409889580,010,105752021,1000333016,R PROF. JOÃO DE SOUZA RIBEIRO,PRÓXIMO EMPRESA AUTO VIAÇÃO NAVEGANTES LTDA,RS,4314902,50M0G7W,NR,SA-NSA,,2325,2325,330,FB,,,760,102722102519,25,25,65,5,X,37,102722102519,50,-29.97917,-51.19002,G,2025-04-14,2014-07-18,,8d318c080374aec8,2041-12-08,,,Porto Alegre
LIC-LIC-01,CLARO S.A.,50409889580,010,105752021,1000333016,R PROF. JOÃO DE SOUZA RIBEIRO,PRÓXIMO EMPRESA AUTO VIAÇÃO NAVEGANTES LTDA,RS,4314902,50M0G7W,NR,SA-NSA,,2325,2325,90,FB,,,760,102722102519,25,25,65,2,X,37,102722102519,50,-29.97917,-51.19002,G,2025-04-14,2014-07-18,,8d318c080374aec9,2041-12-08,,,Porto Alegre
LIC-LIC-01,CLARO S.A.,50409889580,010,105752021,1016725318,AVENIDA GETÚLIO VARGAS,,RS,4314902,100MG7W,NR,SA-NSA,,3350,3350,80,FB,,,760,212712202519,24.4,25,65,3,X,33,212712202519,229,-30.05162,-51.22228,G,2025-06-09,2025-06-09,,bbf58c08038958a9,2041-12-08,,,Porto Alegre
LIC-LIC-01,CLARO S.A.,50409889580,010,105752021,1016725318,AVENIDA GETÚLIO VARGAS,,RS,4314902,100MG7W,NR,SA-NSA,,3350,3350,160,FB,,,760,212712202519,24.4,25,65,3,X,33,212712202519,229,-30.05162,-51.22228,G,2025-06-09,2025-06-09,,bbf58c08038958aa,2041-12-08,,,Porto Alegre
LIC-LIC-01,CLARO S.A.,50409889580,010,105752021,1016725318,AVENIDA GETÚLIO VARGAS,,RS,4314902,100MG7W,NR,SA-NSA,,3350,3350,250,FB,,,760,212712202519,24.4,25,65,3,X,33,212712202519,229,-30.05162,-51.22228,G,2025-06-09,2025-06-09,,bbf58c08038958ab,2041-12-08,,,Porto Alegre
LIC-LIC-01,CLARO S.A.,50409889580,010,105752021,1016728490,RUA FARNESE,,RS,4314902,100MG7W,NR,SA-NSA,,3350,3350,0,FB,,,760,221942302519,25,25,65,4,X,42,221942302519,160,-30.03126,-51.18871,G,2025-06-10,2025-06-10,,1f388c0803861da2,2041-12-08,,,Porto Alegre
LIC-LIC-01,CLARO S.A.,50409889580,010,105752021,1016728490,RUA FARNESE,,RS,4314902,100MG7W,NR,SA-NSA,,3350,3350,60,FB,,,760,221942302519,25,25,65,4,X,42,221942302519,160,-30.03126,-51.18871,G,2025-06-10,2025-06-10,,1f388c0803861da3,2041-12-08,,,Porto Alegre
LIC-LIC-01,CLARO S.A.,50409889580,010,105752021,1016728490,RUA FARNESE,,RS,4314902,100MG7W,NR,SA-NSA,,3350,3350,240,FB,,,760,221942302519,25,25,65,3,X,42,221942302519,160,-30.03126,-51.18871,G,2025-06-10,2025-06-10,,1f388c0803861da4,2041-12-08,,,Porto Alegre
LIC-LIC-01,CLARO S.A.,50409889580,010,105752021,1016728562,ESTRADA DA TAQUARA,,RS,4314902,100MG7W,NR,SA-NSA,,3350,3350,60,FB,,,760,,23.9,25,65,3,X,59,072792302519,257,-30.20333,-51.11425,G,2025-06-10,2025-06-10,,87c18c08022b16e7,2041-12-08,,,Porto Alegre
LIC-LIC-01,CLARO S.A.,50409889580,010,105752021,1016728562,ESTRADA DA TAQUARA,,RS,4314902,100MG7W,NR,SA-NSA,,3350,3350,130,FB,,,760,,23.9,25,65,3,X,59,072792302519,257,-30.20333,-51.11425,G,2025-06-10,2025-06-10,,87c18c08022b16e8,2041-12-08,,,Porto Alegre
LIC-LIC-01,CLARO S.A.,50409889580,010,105752021,1016728562,ESTRADA DA TAQUARA,,RS,4314902,100MG7W,NR,SA-NSA,,3350,3350,290,FB,,,760,,23.9,25,65,3,X,59,072792302519,257,-30.20333,-51.11425,G,2025-06-10,2025-06-10,,87c18c08022b16e9,2041-12-08,,,Porto Alegre
LIC-LIC-01,CLARO S.A.,50409889580,010,105752021,1016728570,RUA PADRE JOÃO BATISTA RÉUS,,RS,4314902,100MG7W,NR,SA-NSA,,3350,3350,55,FB,,,760,,23.9,25,65,2,X,34,072792302519,257,-30.1141,-51.2441,G,2025-06-10,2025-06-10,,87c18c08022b16f6,2041-12-08,,,Porto Alegre
LIC-LIC-01,CLARO S.A.,50409889580,010,105752021,1016728570,RUA PADRE JOÃO BATISTA RÉUS,,RS,4314902,100MG7W,NR,SA-NSA,,3350,3350,190,FB,,,760,,23.9,25,65,2,X,34,072792302519,257,-30.1141,-51.2441,G,2025-06-10,2025-06-10,,87c18c08022b16f7,2041-12-08,,,Porto Alegre
LIC-LIC-01,CLARO S.A.,50409889580,010,105752021,1016728570,RUA PADRE JOÃO BATISTA RÉUS,,RS,4314902,100MG7W,NR,SA-NSA,,3350,3350,300,FB,,,760,,23.9,25,65,2,X,34,072792302519,257,-30.1141,-51.2441,G,2025-06-10,2025-06-10,,87c18c08022b16f8,2041-12-08,,,Porto Alegre
LIC-LIC-01,CLARO S.A.,50409889580,010,105752021,1016858083,R ENG. ARNALDO GLADOCH,,RS,4314902,100MG7W,NR,SA-NSA,,3350,3350,0,FB,,,760,,23.9,25,65,3,X,46.9,072792302519,257,-30.00571,-51.13676,G,2025-08-19,2025-08-19,,2a09f4c817fe7f67,2041-12-08,,,Porto Alegre
LIC-LIC-01,CLARO S.A.,50409889580,010,105752021,1016858083,R ENG. ARNALDO GLADOCH,,RS,4314902,100MG7W,NR,SA-NSA,,3350,3350,180,FB,,,760,,23.9,25,65,3,X,46.9,072792302519,257,-30.00571,-51.13676,G,2025-08-19,2025-08-19,,2a09f4c817fe7f68,2041-12-08,,,Porto Alegre
LIC-LIC-01,CLARO S.A.,50409889580,010,105752021,1016858083,R ENG. ARNALDO GLADOCH,,RS,4314902,100MG7W,NR,SA-NSA,,3350,3350,235,FB,,,760,,23.9,25,65,3,X,46.9,072792302519,257,-30.00571,-51.13676,G,2025-08-19,2025-08-19,,2a09f4c817fe7f69,2041-12-08,,,Porto Alegre
LIC-LIC-01,CLARO S.A.,50409889580,010,105752021,1016858091,EST JACQUES DA ROSA,COSTA DO CERRO,RS,4314902,100MG7W,NR,SA-NSA,,3350,3350,130,FB,,,760,,23.9,25,65,2,X,39,072792302519,257,-30.20105,-51.13619,G,2025-08-19,2025-08-19,,2a09f4c817fe7f79,2041-12-08,,,Porto Alegre
LIC-LIC-01,CLARO S.A.,50409889580,010,105752021,1016858091,EST JACQUES DA ROSA,COSTA DO CERRO,RS,4314902,100MG7W,NR,SA-NSA,,3350,3350,250,FB,,,760,,23.9,25,65,2,X,39,072792302519,257,-30.20105,-51.13619,G,2025-08-19,2025-08-19,,2a09f4c817fe7f7a,2041-12-08,,,Porto Alegre
LIC-LIC-01,CLARO S.A.,50409889580,010,105752021,1016858091,EST JACQUES DA ROSA,COSTA DO CERRO,RS,4314902,100MG7W,NR,SA-NSA,,3350,3350,45,FB,,,760,,23.9,25,65,2,X,39,072792302519,257,-30.20105,-51.13619,G,2025-08-19,2025-08-19,,2a09f4c817fe7f7b,2041-12-08,,,Porto Alegre
LIC-LIC-01,CLARO S.A.,50409889580,010,105752021,1016067310,RUA CHICO PEDRO,,RS,4314902,100MG7W,NR,SA-NSA,,3350,3350,0,FB,,,760,221942302519,25,25,65,-2,X,39.5,221942302519,160,-30.09926,-51.24472,G,2025-08-28,2024-09-04,,cdfef4c85581603f,2041-12-08,,,Porto Alegre
LIC-LIC-01,CLARO S.A.,50409889580,010,105752021,1016067310,RUA CHICO PEDRO,,RS,4314902,100MG7W,NR,SA-NSA,,3350,3350,90,FB,,,760,221942302519,25,25,65,-2,X,39.5,221942302519,160,-30.09926,-51.24472,G,2025-08-28,2024-09-04,,cdfef4c855816040,2041-12-08,,,Porto Alegre
LIC-LIC-01,CLARO S.A.,50409889580,010,105752021,1016067310,RUA CHICO PEDRO,,RS,4314902,100MG7W,NR,SA-NSA,,3350,3350,230,FB,,,760,221942302519,25,25,65,-2,X,39.5,221942302519,160,-30.09926,-51.24472,G,2025-08-28,2024-09-04,,cdfef4c855816041,2041-12-08,,,Porto Alegre
LIC-LIC-01,CLARO S.A.,50409889580,010,48372023,692655492,RUA PATAGONIA,AO LADO Nº 45,RS,4314902,10M0G7W,NR,SA-NSA,,2130,1940,15,FB,,,760,044181403519,16.34,29,72.61,-1,X,18,027191702519,60,-30.04425,-51.15848,G,2025-10-24,2010-09-01,,7f1c14d851fdedfa,2038-04-30,,,Porto Alegre
LIC-LIC-01,CLARO S.A.,50409889580,010,34672011,692655492,RUA PATAGONIA,AO LADO Nº 45,RS,4314902,10M0G7W,NR,SA-NSA,,2140,1950,15,FB,,,760,044181403519,16.34,29,72.61,-1,X,18,027191702519,60,-30.04425,-51.15848,G,2025-10-24,2010-09-01,,7f1c14d851fdedfb,2026-06-01,,,Porto Alegre
LIC-LIC-01,CLARO S.A.,50409889580,010,48372023,692655492,RUA PATAGONIA,AO LADO Nº 45,RS,4314902,10M0G7W,NR,SA-NSA,,2130,1940,115,FB,,,760,044181403519,16.34,29,72.61,-1,X,18,027191702519,60,-30.04425,-51.15848,G,2025-10-24,2010-09-01,,7f1c14d851fdedfc,2038-04-30,,,Porto Alegre
LIC-LIC-01,CLARO S.A.,50409889580,010,34672011,692655492,RUA PATAGONIA,AO LADO Nº 45,RS,4314902,10M0G7W,NR,SA-NSA,,2140,1950,115,FB,,,760,044181403519,16.34,29,72.61,-1,X,18,027191702519,60,-30.04425,-51.15848,G,2025-10-24,2010-09-01,,7f1c14d851fdedfd,2026-06-01,,,Porto Alegre
LIC-LIC-01,CLARO S.A.,50409889580,010,48372023,692655492,RUA PATAGONIA,AO LADO Nº 45,RS,4314902,10M0G7W,NR,SA-NSA,,2130,1940,290,FB,,,760,044181403519,16.34,29,72.61,-3,X,18,027191702519,60,-30.04425,-51.15848,G,2025-10-24,2010-09-01,,7f1c14d851fdedfe,2038-04-30,,,Porto Alegre
LIC-LIC-01,CLARO S.A.,50409889580,010,34672011,692655492,RUA PATAGONIA,AO LADO Nº 45,RS,4314902,10M0G7W,NR,SA-NSA,,2140,1950,290,FB,,,760,044181403519,16.34,29,72.61,-3,X,18,027191702519,60,-30.04425,-51.15848,G,2025-10-24,2010-09-01,,7f1c14d851fdedff,2026-06-01,,,Porto Alegre
LIC-LIC-01,CLARO S.A.,50409889580,010,105752021,1017037288,R GUANABARA,FRENTE AO N°709,RS,4314902,100MG7W,NR,SA-NSA,,3350,3350,15,FB,,,760,,23.9,25,65,-2,X,39,072792302519,40,-30.09726,-51.17152,G,2025-10-16,2025-10-16,,7f1c14d82f41d828,2041-12-08,,,Porto Alegre
LIC-LIC-01,CLARO S.A.,50409889580,010,105752021,1017037288,R GUANABARA,FRENTE AO N°709,RS,4314902,100MG7W,NR,SA-NSA,,3350,3350,185,FB,,,760,,23.9,25,65,-2,X,39,072792302519,40,-30.09726,-51.17152,G,2025-10-16,2025-10-16,,7f1c14d82f41d829,2041-12-08,,,Porto Alegre
LIC-LIC-01,CLARO S.A.,50409889580,010,105752021,1017037288,R GUANABARA,FRENTE AO N°709,RS,4314902,100MG7W,NR,SA-NSA,,3350,3350,310,FB,,,760,,23.9,25,65,-2,X,39,072792302519,40,-30.09726,-51.17152,G,2025-10-16,2025-10-16,,7f1c14d82f41d82a,2041-12-08,,,Porto Alegre
LIC-LIC-01,CLARO S.A.,50409889580,010,105752021,1017037300,AV DO LAMI,,RS,4314902,100MG7W,NR,SA-NSA,,3350,3350,110,FB,,,760,,23.9,25,65,-2,X,39,072792302519,40,-30.2127,-51.1326,G,2025-10-16,2025-10-16,,7f1c14d82f41d840,2041-12-08,,,Porto Alegre
LIC-LIC-01,CLARO S.A.,50409889580,010,105752021,1017037300,AV DO LAMI,,RS,4314902,100MG7W,NR,SA-NSA,,3350,3350,190,FB,,,760,,23.9,25,65,-2,X,39,072792302519,40,-30.2127,-51.1326,G,2025-10-16,2025-10-16,,7f1c14d82f41d841,2041-12-08,,,Porto Alegre
LIC-LIC-01,CLARO S.A.,50409889580,010,105752021,1017037300,AV DO LAMI,,RS,4314902,100MG7W,NR,SA-NSA,,3350,3350,300,FB,,,760,,23.9,25,65,-2,X,39,072792302519,40,-30.2127,-51.1326,G,2025-10-16,2025-10-16,,7f1c14d82f41d842,2041-12-08,,,Porto Alegre
LIC-LIC-01,CLARO S.A.,50409889580,010,105752021,1017037318,R JESIEL IOMAR BAUMGARTEN,,RS,4314902,100MG7W,NR,SA-NSA,,3350,3350,130,FB,,,760,,23.9,25,65,-2,X,39,072792302519,40,-30.1581,-51.1857,G,2025-10-16,2025-10-16,,7f1c14d83d60a941,2041-12-08,,,Porto Alegre
LIC-LIC-01,CLARO S.A.,50409889580,010,105752021,1017037318,R JESIEL IOMAR BAUMGARTEN,,RS,4314902,100MG7W,NR,SA-NSA,,3350,3350,300,FB,,,760,,23.9,25,65,-2,X,39,072792302519,40,-30.1581,-51.1857,G,2025-10-16,2025-10-16,,7f1c14d83d60a942,2041-12-08,,,Porto Alegre
LIC-LIC-01,CLARO S.A.,50409889580,010,105752021,1017037318,R JESIEL IOMAR BAUMGARTEN,,RS,4314902,100MG7W,NR,SA-NSA,,3350,3350,50,FB,,,760,,23.9,25,65,-2,X,39,072792302519,40,-30.1581,-51.1857,G,2025-10-16,2025-10-16,,7f1c14d83d60a943,2041-12-08,,,Porto Alegre
LIC-LIC-01,CLARO S.A.,50409889580,010,105752021,1017062991,RUA DR. PITREZ,,RS,4314902,100MG7W,NR,SA-NSA,,3350,3350,40,FB,,,760,,23.9,25,65,-2,X,39,072792302519,40,-30.13855,-51.20965,G,2025-10-24,2025-10-24,,7f1c14d8e1b4608c,2041-12-08,,,Porto Alegre
LIC-LIC-01,CLARO S.A.,50409889580,010,105752021,1017062991,RUA DR. PITREZ,,RS,4314902,100MG7W,NR,SA-NSA,,3350,3350,220,FB,,,760,,23.9,25,65,-2,X,39,072792302519,40,-30.13855,-51.20965,G,2025-10-24,2025-10-24,,7f1c14d8e1b4608d,2041-12-08,,,Porto Alegre
LIC-LIC-01,CLARO S.A.,50409889580,010,105752021,1017062991,RUA DR. PITREZ,,RS,4314902,100MG7W,NR,SA-NSA,,3350,3350,310,FB,,,760,,23.9,25,65,-2,X,39,072792302519,40,-30.13855,-51.20965,G,2025-10-24,2025-10-24,,7f1c14d8e1b4608e,2041-12-08,,,Porto Alegre
LIC-LIC-01,CLARO S.A.,50409889580,010,105752021,1017158387,RUA SERAFIM MORAES MARTINS,,RS,4314902,100MG7W,NR,SA-NSA,,3350,3350,100,FB,,,760,,23.9,25,65,-3,X,39,072792302519,40,-30.10973,-51.20881,G,2025-11-03,2025-11-03,,7f1c14d87b068124,2041-12-08,,,Porto Alegre
LIC-LIC-01,CLARO S.A.,50409889580,010,105752021,1017158387,RUA SERAFIM MORAES MARTINS,,RS,4314902,100MG7W,NR,SA-NSA,,3350,3350,190,FB,,,760,,23.9,25,65,-3,X,39,072792302519,40,-30.10973,-51.20881,G,2025-11-03,2025-11-03,,7f1c14d87b068125,2041-12-08,,,Porto Alegre
LIC-LIC-01,CLARO S.A.,50409889580,010,105752021,1017158387,RUA SERAFIM MORAES MARTINS,,RS,4314902,100MG7W,NR,SA-NSA,,3350,3350,285,FB,,,760,,23.9,25,65,-3,X,39,072792302519,40,-30.10973,-51.20881,G,2025-11-03,2025-11-03,,7f1c14d87b068126,2041-12-08,,,Porto Alegre
LIC-LIC-01,CLARO S.A.,50409889580,010,105752021,1017196742,AV ALTOS DO SANTA RITA,,RS,4314902,100MD7W,NR,SA-NSA,,3350,3350,30,FB,,,760,,23.9,25,65,-3,X,39,072792302519,40,-30.15318,-51.20575,G,2025-11-13,2025-11-13,,7f1c14d8c3985f45,2041-12-08,,,Porto Alegre
LIC-LIC-01,CLARO S.A.,50409889580,010,105752021,1017196742,AV ALTOS DO SANTA RITA,,RS,4314902,100MD7W,NR,SA-NSA,,3350,3350,90,FB,,,760,,23.9,25,65,-3,X,39,072792302519,40,-30.15318,-51.20575,G,2025-11-13,2025-11-13,,7f1c14d8c3985f46,2041-12-08,,,Porto Alegre
LIC-LIC-01,CLARO S.A.,50409889580,010,105752021,1017196742,AV ALTOS DO SANTA RITA,,RS,4314902,100MD7W,NR,SA-NSA,,3350,3350,300,FB,,,760,,23.9,25,65,-3,X,39,072792302519,40,-30.15318,-51.20575,G,2025-11-13,2025-11-13,,7f1c14d8c3985f47,2041-12-08,,,Porto Alegre
LIC-LIC-01,CLARO S.A.,50409889580,010,105752021,696507641,RUA LINDOLFO HENKE,,RS,4314902,100MG7W,NR,SA-NSA,,3350,3350,60,FB,,,760,,23.9,25,65,-2,X,43.5,072792302519,40,-30.0048,-51.12828,G,2026-01-07,2012-02-01,,ea04f4d8491a5a93,2041-12-08,,,Porto Alegre
LIC-LIC-01,CLARO S.A.,50409889580,010,105752021,696507641,RUA LINDOLFO HENKE,,RS,4314902,100MG7W,NR,SA-NSA,,3350,3350,140,FB,,,760,,23.9,25,65,-2,X,43.5,072792302519,40,-30.0048,-51.12828,G,2026-01-07,2012-02-01,,ea04f4d8491a5a94,2041-12-08,,,Porto Alegre
LIC-LIC-01,CLARO S.A.,50409889580,010,105752021,696507641,RUA LINDOLFO HENKE,,RS,4314902,100MG7W,NR,SA-NSA,,3350,3350,270,FB,,,760,,23.9,25,65,-3,X,44,072792302519,40,-30.0048,-51.12828,G,2026-01-07,2012-02-01,,ea04f4d8491a5a95,2041-12-08,,,Porto Alegre
LIC-LIC-01,CLARO S.A.,50409889580,010,105752021,1017298766,RUA ALEXANDRE SNEL,,RS,4314902,100MG7W,NR,SA-NSA,,3350,3350,80,FB,,,760,,23.9,25,65,-2,X,39,072792302519,40,-30.0748,-51.1877,G,2025-12-17,2025-12-17,,9cd6f4d8929a0755,2041-12-08,,,Porto Alegre
LIC-LIC-01,CLARO S.A.,50409889580,010,105752021,1017298766,RUA ALEXANDRE SNEL,,RS,4314902,100MG7W,NR,SA-NSA,,3350,3350,160,FB,,,760,,23.9,25,65,-2,X,39,072792302519,40,-30.0748,-51.1877,G,2025-12-17,2025-12-17,,9cd6f4d8929a0756,2041-12-08,,,Porto Alegre
LIC-LIC-01,CLARO S.A.,50409889580,010,105752021,1017298766,RUA ALEXANDRE SNEL,,RS,4314902,100MG7W,NR,SA-NSA,,3350,3350,320,FB,,,760,,23.9,25,65,-2,X,39,072792302519,40,-30.0748,-51.1877,G,2025-12-17,2025-12-17,,9cd6f4d8929a0757,2041-12-08,,,Porto Alegre
LIC-LIC-01,CLARO S.A.,50409889580,010,105752021,1015311820,AV EDVALDO PEREIRA PAIVA,QUIOSQUE 06,RS,4314902,100MG7W,NR,SA-NSA,,3350,3350,125,FB,,,760,,12.5,25,68,0,X,4,028652302519,50,-30.04135,-51.24077,G,2026-01-28,2023-10-03,,1aec631869ffa44a,2041-12-08,,,Porto Alegre
LIC-LIC-01,CLARO S.A.,50409889580,010,105752021,1015311820,AV EDVALDO PEREIRA PAIVA,QUIOSQUE 06,RS,4314902,100MG7W,NR,SA-NSA,,3350,3350,340,FB,,,760,,12.5,25,68,0,X,4,028652302519,50,-30.04135,-51.24077,G,2026-01-28,2023-10-03,,1aec631869ffa44b,2041-12-08,,,Porto Alegre
