state,NomeEntidade,NumFistel,NumServico,NumAto,NumEstacao,EnderecoEstacao,EndComplemento,SiglaUf,CodMunicipio,DesignacaoEmissao,Tecnologia,tipoTecnologia,meioAcesso,FreqTxMHz,FreqRxMHz,Azimute,CodTipoClasseEstacao,ClassInfraFisica,CompartilhamentoInfraFisica,CodTipoAntena,CodEquipamentoAntena,GanhoAntena,FrenteCostaAntena,AnguloMeiaPotenciaAntena,AnguloElevacao,Polarizacao,AlturaAntena,CodEquipamentoTransmissor,PotenciaTransmissorWatts,Latitude,Longitude,CodDebitoTFI,DataLicenciamento,DataPrimeiroLicenciamento,NumRede,_id,DataValidade,NumFistelAssociado,NomeEntidadeAssociado,Municipio.NomeMunicipio
LIC-LIC-01,CLARO S.A.,50409307637,010,105752021,690458665,PC MAGALHÃES,,PA,1501402,100MG7W,NR,SA-NSA,,3350,3350,50,FB,,,760,152312201350,24,25,13,-1.5,X,49,152312201350,251,-1.44639,-48.49444,G,2025-08-28,2008-06-19,,378dd5f8be8b0221,2041-12-08,,,Belém
LIC-LIC-01,CLARO S.A.,50409307637,010,105752021,690458665,PC MAGALHÃES,,PA,1501402,100MG7W,NR,SA-NSA,,3350,3350,150,FB,,,760,152312201350,24,25,13,-4,X,49,152312201350,251,-1.44639,-48.49444,G,2025-08-28,2008-06-19,,378dd5f8be8b0222,2041-12-08,,,Belém
LIC-LIC-01,CLARO S.A.,50409307637,010,105752021,690458665,PC MAGALHÃES,,PA,1501402,100MG7W,NR,SA-NSA,,3350,3350,280,FB,,,760,152312201350,24,25,13,-3,X,49,152312201350,251,-1.44639,-48.49444,G,2025-08-28,2008-06-19,,378dd5f8be8b0223,2041-12-08,,,Belém
LIC-LIC-01,CLARO S.A.,50409307637,010,105752021,690399626,TV QUINTINO BOCAIÚVA,,PA,1501402,90M0G7W,NR,SA-NSA,,3350,3350,0,FB,,,760,,24,28,13,0,X,65,163992101350,200,-1.45019,-48.48836,G,2023-09-06,2008-06-12,,378dd5f8be8b0281,2027-10-18,,,Belém
LIC-LIC-01,CLARO S.A.,50409307637,010,105752021,690399626,TV QUINTINO BOCAIÚVA,,PA,1501402,90M0G7W,NR,SA-NSA,,3350,3350,120,FB,,,760,,24,28,13,-5,X,65,163992101350,200,-1.45019,-48.48836,G,2023-09-06,2008-06-12,,378dd5f8be8b0282,2027-10-18,,,Belém
LIC-LIC-01,CLARO S.A.,50409307637,010,105752021,690399626,TV QUINTINO BOCAIÚVA,,PA,1501402,90M0G7W,NR,SA-NSA,,3350,3350,240,FB,,,760,,24,28,13,-5,X,65,163992101350,200,-1.45019,-48.48836,G,2023-09-06,2008-06-12,,378dd5f8be8b0283,2027-10-18,,,Belém
LIC-LIC-01,CLARO S.A.,50409307637,010,105752021,690463537,TV DOUTOR MORAES,ESQUINA COM A CARIPUNAS,PA,1501402,100MG7W,NR,SA-NSA,,3350,3350,50,FB,,,760,,24,28,13,-1.5,X,28,163992101350,200,-1.46104,-48.48589,G,2023-09-18,2008-07-08,,378dd5f8be8b02c9,2027-08-25,,,Belém
LIC-LIC-01,CLARO S.A.,50409307637,010,105752021,690463537,TV DOUTOR MORAES,ESQUINA COM A CARIPUNAS,PA,1501402,100MG7W,NR,SA-NSA,,3350,3350,180,FB,,,760,,24,28,13,-1.5,X,28,163992101350,200,-1.46104,-48.48589,G,2023-09-18,2008-07-08,,378dd5f8be8b02ca,2027-08-25,,,Belém
LIC-LIC-01,CLARO S.A.,50409307637,010,105752021,690463537,TV DOUTOR MORAES,ESQUINA COM A CARIPUNAS,PA,1501402,100MG7W,NR,SA-NSA,,3350,3350,280,FB,,,760,,24,28,13,-1.5,X,28,163992101350,200,-1.46104,-48.48589,G,2023-09-18,2008-07-08,,378dd5f8be8b02cb,2027-08-25,,,Belém
LIC-LIC-01,CLARO S.A.,50409307637,010,105752021,690463952,AV PRESIDENTE VARGAS,ED. RENASCENÇA,PA,1501402,100MG7W,NR,SA-NSA,,3350,3350,180,FB,,,760,,24,28,13,-4,X,40,163992101350,200,-1.45222,-48.4964,G,2024-04-04,2008-07-08,,378dd5f8be8b0317,2041-12-08,,,Belém
LIC-LIC-01,CLARO S.A.,50409307637,010,105752021,690463952,AV PRESIDENTE VARGAS,ED. RENASCENÇA,PA,1501402,100MG7W,NR,SA-NSA,,3350,3350,300,FB,,,760,,24,28,13,-2,X,40,163992101350,200,-1.45222,-48.4964,G,2024-04-04,2008-07-08,,378dd5f8be8b0318,2041-12-08,,,Belém
LIC-LIC-01,CLARO S.A.,50409307637,010,105752021,690463952,AV PRESIDENTE VARGAS,ED. RENASCENÇA,PA,1501402,100MG7W,NR,SA-NSA,,3350,3350,60,FB,,,760,,24,28,13,-2,X,40,163992101350,200,-1.45222,-48.4964,G,2024-04-04,2008-07-08,,378dd5f8be8b0319,2041-12-08,,,Belém
LIC-LIC-01,CLARO S.A.,50409307637,010,105752021,692257225,R DOS TAMOIOS,,PA,1501402,70M0G7W,NR,SA-NSA,,3350,3350,60,FB,,,760,,24,28,13,-4.5,X,65,163992101350,200,-1.46223,-48.4919,G,2023-09-12,2010-04-06,,378dd5f8be8b0433,2029-12-08,,,Belém
LIC-LIC-01,CLARO S.A.,50409307637,010,105752021,692257225,R DOS TAMOIOS,,PA,1501402,70M0G7W,NR,SA-NSA,,3350,3350,160,FB,,,760,,24,28,13,-5.5,X,65,163992101350,200,-1.46223,-48.4919,G,2023-09-12,2010-04-06,,378dd5f8be8b0434,2029-12-08,,,Belém
LIC-LIC-01,CLARO S.A.,50409307637,010,105752021,692257225,R DOS TAMOIOS,,PA,1501402,70M0G7W,NR,SA-NSA,,3350,3350,280,FB,,,760,,24,28,13,-3.5,X,65,163992101350,200,-1.46223,-48.4919,G,2023-09-12,2010-04-06,,378dd5f8be8b0435,2029-12-08,,,Belém
LIC-LIC-01,CLARO S.A.,50409307637,010,105752021,692374574,AV SERZEDELO CORREA,EDÍFICIO DELTA GARDEN,PA,1501402,100MG7W,NR,SA-NSA,,3350,3350,180,FB,,,760,,24,28,13,-4.5,X,71,163992101350,200,-1.45626,-48.49064,G,2023-09-06,2010-05-21,,378dd5f8be8b0442,2027-10-18,,,Belém
LIC-LIC-01,CLARO S.A.,50409307637,010,105752021,692374574,AV SERZEDELO CORREA,EDÍFICIO DELTA GARDEN,PA,1501402,100MG7W,NR,SA-NSA,,3350,3350,210,FB,,,760,,24,28,13,-6,X,71,163992101350,200,-1.45626,-48.49064,G,2023-09-06,2010-05-21,,378dd5f8be8b0443,2027-10-18,,,Belém
LIC-LIC-01,CLARO S.A.,50409307637,010,105752021,692374574,AV SERZEDELO CORREA,EDÍFICIO DELTA GARDEN,PA,1501402,100MG7W,NR,SA-NSA,,3350,3350,0,FB,,,760,,24,28,13,-6,X,71,163992101350,200,-1.45626,-48.49064,G,2023-09-06,2010-05-21,,378dd5f8be8b0444,2027-10-18,,,Belém
LIC-LIC-01,CLARO S.A.,50409307637,010,105752021,690407297,TV SÃO PEDRO,,PA,1501402,80M0G7W,NR,SA-NSA,,3350,3350,0,FB,,,760,,24,28,13,-4,X,40.8,163992101350,200,-1.45903,-48.4959,G,2025-08-28,2008-06-12,,378dd5f8be8b0490,2041-12-08,,,Belém
LIC-LIC-01,CLARO S.A.,50409307637,010,105752021,690407297,TV SÃO PEDRO,,PA,1501402,80M0G7W,NR,SA-NSA,,3350,3350,120,FB,,,760,,24,28,13,-1.5,X,40.8,163992101350,200,-1.45903,-48.4959,G,2025-08-28,2008-06-12,,378dd5f8be8b0491,2041-12-08,,,Belém
LIC-LIC-01,CLARO S.A.,50409307637,010,105752021,690407297,TV SÃO PEDRO,,PA,1501402,80M0G7W,NR,SA-NSA,,3350,3350,240,FB,,,760,,24,28,13,-1.5,X,40.8,163992101350,200,-1.45903,-48.4959,G,2025-08-28,2008-06-12,,378dd5f8be8b0492,2041-12-08,,,Belém
LIC-LIC-01,CLARO S.A.,50409307637,010,105752021,690458533,AV ENGENHEIRO FERNANDO GUILHON,PASSAGEM DOLORES  6 / SITE GPON,PA,1501402,100MG7W,NR,SA-NSA,,3350,3350,0,FB,,,760,,24,28,13,0,X,50,163992101350,200,-1.46555,-48.48666,G,2023-09-06,2008-06-19,,378dd5f8be8b04e1,2027-10-18,,,Belém
LIC-LIC-01,CLARO S.A.,50409307637,010,105752021,690458533,AV ENGENHEIRO FERNANDO GUILHON,PASSAGEM DOLORES  6 / SITE GPON,PA,1501402,100MG7W,NR,SA-NSA,,3350,3350,120,FB,,,760,,24,28,13,0,X,50,163992101350,200,-1.46555,-48.48666,G,2023-09-06,2008-06-19,,378dd5f8be8b04e2,2027-10-18,,,Belém
LIC-LIC-01,CLARO S.A.,50409307637,010,105752021,690458533,AV ENGENHEIRO FERNANDO GUILHON,PASSAGEM DOLORES  6 / SITE GPON,PA,1501402,100MG7W,NR,SA-NSA,,3350,3350,240,FB,,,760,,24,28,13,0,X,50,163992101350,200,-1.46555,-48.48666,G,2023-09-06,2008-06-19,,378dd5f8be8b04e3,2027-10-18,,,Belém
LIC-LIC-01,CLARO S.A.,50409307637,010,105752021,690507380,TV CAMPOS SALES,,PA,1501402,80M0G7W,NR,SA-NSA,,3350,3350,0,FB,,,760,,24,28,13,-3,X,50,163992101350,200,-1.4525,-48.50031,G,2024-04-04,2008-07-29,,378dd5f8be8b05d1,2041-12-08,,,Belém
LIC-LIC-01,CLARO S.A.,50409307637,010,105752021,690507380,TV CAMPOS SALES,,PA,1501402,80M0G7W,NR,SA-NSA,,3350,3350,130,FB,,,760,,24,28,13,-6,X,50,163992101350,200,-1.4525,-48.50031,G,2024-04-04,2008-07-29,,378dd5f8be8b05d2,2041-12-08,,,Belém
LIC-LIC-01,CLARO S.A.,50409307637,010,105752021,690507380,TV CAMPOS SALES,,PA,1501402,80M0G7W,NR,SA-NSA,,3350,3350,270,FB,,,760,,24,28,13,-3,X,50,163992101350,200,-1.4525,-48.50031,G,2024-04-04,2008-07-29,,378dd5f8be8b05d3,2041-12-08,,,Belém
LIC-LIC-01,CLARO S.A.,50409307637,010,105752021,690407114,AV COMANDANTE BRAS DE AGUIAR,,PA,1501402,80M0G7W,NR,SA-NSA,,3350,3350,30,FB,,,760,,24,28,13,-3.5,X,45,163992101350,200,-1.45433,-48.48589,G,2023-09-06,2008-06-12,,378dd5f8be8b06ca,2027-10-18,,,Belém
LIC-LIC-01,CLARO S.A.,50409307637,010,105752021,690407114,AV COMANDANTE BRAS DE AGUIAR,,PA,1501402,80M0G7W,NR,SA-NSA,,3350,3350,150,FB,,,760,,24,28,13,-2.5,X,40,163992101350,200,-1.45433,-48.48589,G,2023-09-06,2008-06-12,,378dd5f8be8b06cb,2027-10-18,,,Belém
LIC-LIC-01,CLARO S.A.,50409307637,010,105752021,690407114,AV COMANDANTE BRAS DE AGUIAR,,PA,1501402,80M0G7W,NR,SA-NSA,,3350,3350,270,FB,,,760,,24,28,13,-3.5,X,40,163992101350,200,-1.45433,-48.48589,G,2023-09-06,2008-06-12,,378dd5f8be8b06cc,2027-10-18,,,Belém
LIC-LIC-01,CLARO S.A.,50409307637,010,105752021,690458991,AV ALCINDO CACELA,,PA,1501402,100MG7W,NR,SA-NSA,,3350,3350,0,FB,,,760,,24,28,13,-2.5,X,41,163992101350,200,-1.44694,-48.47781,G,2023-09-06,2006-06-19,,378dd5f8be8b0703,2027-10-18,,,Belém
LIC-LIC-01,CLARO S.A.,50409307637,010,105752021,690458991,AV ALCINDO CACELA,,PA,1501402,100MG7W,NR,SA-NSA,,3350,3350,140,FB,,,760,,24,28,13,-2.5,X,41,163992101350,200,-1.44694,-48.47781,G,2023-09-06,2006-06-19,,378dd5f8be8b0704,2027-10-18,,,Belém
LIC-LIC-01,CLARO S.A.,50409307637,010,105752021,690458991,AV ALCINDO CACELA,,PA,1501402,100MG7W,NR,SA-NSA,,3350,3350,250,FB,,,760,,24,28,13,-2.5,X,41,163992101350,200,-1.44694,-48.47781,G,2023-09-06,2006-06-19,,378dd5f8be8b0705,2027-10-18,,,Belém
LIC-LIC-01,CLARO S.A.,50409307637,010,105752021,690462980,AV GENTIL BITTENCOURT,,PA,1501402,40M0G7W,NR,SA-NSA,,3350,3350,100,FB,,,760,,24,28,13,-4,X,63.5,163992101350,200,-1.45444,-48.47305,G,2023-09-05,2008-07-08,,378dd5f8be8b078d,2027-08-25,,,Belém
LIC-LIC-01,CLARO S.A.,50409307637,010,105752021,690462980,AV GENTIL BITTENCOURT,,PA,1501402,40M0G7W,NR,SA-NSA,,3350,3350,220,FB,,,760,,24,28,13,-5,X,63.5,163992101350,200,-1.45444,-48.47305,G,2023-09-05,2008-07-08,,378dd5f8be8b078e,2027-08-25,,,Belém
LIC-LIC-01,CLARO S.A.,50409307637,010,105752021,690462980,AV GENTIL BITTENCOURT,,PA,1501402,40M0G7W,NR,SA-NSA,,3350,3350,340,FB,,,760,,24,28,13,-4,X,63.5,163992101350,200,-1.45444,-48.47305,G,2023-09-05,2008-07-08,,378dd5f8be8b078f,2027-08-25,,,Belém
LIC-LIC-01,CLARO S.A.,50409307637,010,105752021,690463910,R ANTÔNIO BARRETO,,PA,1501402,90M0G7W,NR,SA-NSA,,3350,3350,0,FB,,,760,,24,28,13,-2,X,50,163992101350,200,-1.4425,-48.47305,G,2023-09-05,2008-07-08,,378dd5f8be8b07a2,2027-08-25,,,Belém
LIC-LIC-01,CLARO S.A.,50409307637,010,105752021,690463910,R ANTÔNIO BARRETO,,PA,1501402,90M0G7W,NR,SA-NSA,,3350,3350,120,FB,,,760,,24,28,13,-3,X,50,163992101350,200,-1.4425,-48.47305,G,2023-09-05,2008-07-08,,378dd5f8be8b07a3,2027-08-25,,,Belém
LIC-LIC-01,CLARO S.A.,50409307637,010,105752021,690463910,R ANTÔNIO BARRETO,,PA,1501402,90M0G7W,NR,SA-NSA,,3350,3350,240,FB,,,760,,24,28,13,-2,X,50,163992101350,200,-1.4425,-48.47305,G,2023-09-05,2008-07-08,,378dd5f8be8b07a4,2027-08-25,,,Belém
LIC-LIC-01,CLARO S.A.,50409307637,010,105752021,690463995,R CÔNEGO JERÔNIMO PIMENTEL,,PA,1501402,100MG7W,NR,SA-NSA,,3350,3350,20,FB,,,760,,24,28,13,0,X,40,163992101350,200,-1.4425,-48.48805,G,2023-09-06,2008-07-08,,378dd5f8be8b0802,2027-10-18,,,Belém
LIC-LIC-01,CLARO S.A.,50409307637,010,105752021,690463995,R CÔNEGO JERÔNIMO PIMENTEL,,PA,1501402,100MG7W,NR,SA-NSA,,3350,3350,140,FB,,,760,,24,28,13,0,X,40,163992101350,200,-1.4425,-48.48805,G,2023-09-06,2008-07-08,,378dd5f8be8b0803,2027-10-18,,,Belém
LIC-LIC-01,CLARO S.A.,50409307637,010,105752021,690463995,R CÔNEGO JERÔNIMO PIMENTEL,,PA,1501402,100MG7W,NR,SA-NSA,,3350,3350,280,FB,,,760,,24,28,13,0,X,40,163992101350,200,-1.4425,-48.48805,G,2023-09-06,2008-07-08,,378dd5f8be8b0804,2027-10-18,,,Belém
LIC-LIC-01,CLARO S.A.,50409307637,010,105752021,690409079,PSG COMERCIARIOS,,PA,1501402,100MG7W,NR,SA-NSA,,3350,3350,20,FB,,,760,,24,28,13,-1,X,53,163992101350,200,-1.36696,-48.42791,G,2023-09-06,2021-11-09,,378dd5f8be8b0877,2027-10-18,,,Belém
LIC-LIC-01,CLARO S.A.,50409307637,010,105752021,690409079,PSG COMERCIARIOS,,PA,1501402,100MG7W,NR,SA-NSA,,3350,3350,150,FB,,,760,,24,28,13,-1,X,53,163992101350,200,-1.36696,-48.42791,G,2023-09-06,2021-11-09,,378dd5f8be8b0878,2027-10-18,,,Belém
LIC-LIC-01,CLARO S.A.,50409307637,010,105752021,690409079,PSG COMERCIARIOS,,PA,1501402,100MG7W,NR,SA-NSA,,3350,3350,270,FB,,,760,,24,28,13,-1,X,53,163992101350,200,-1.36696,-48.42791,G,2023-09-06,2021-11-09,,378dd5f8be8b0879,2027-10-18,,,Belém
LIC-LIC-01,CLARO S.A.,50409307637,010,105752021,692374523,TV DOM ROMUALDO,DOM ROMUALDO DE SEIXAS (CONDOMÍNIO CONNEXT OFFICE E LOFT)  SITE GPON PREVISTO,PA,1501402,100MG7W,NR,SA-NSA,,3350,3350,30,FB,,,760,,24,28,13,-8,X,103,163992101350,200,-1.44573,-48.48381,G,2023-09-06,2010-05-21,,378dd5f8be8b0883,2027-10-18,,,Belém
LIC-LIC-01,CLARO S.A.,50409307637,010,105752021,692374523,TV DOM ROMUALDO,DOM ROMUALDO DE SEIXAS (CONDOMÍNIO CONNEXT OFFICE E LOFT)  SITE GPON PREVISTO,PA,1501402,100MG7W,NR,SA-NSA,,3350,3350,120,FB,,,760,,24,28,13,-8,X,103,163992101350,200,-1.44573,-48.48381,G,2023-09-06,2010-05-21,,378dd5f8be8b0884,2027-10-18,,,Belém
LIC-LIC-01,CLARO S.A.,50409307637,010,105752021,692374523,TV DOM ROMUALDO,DOM ROMUALDO DE SEIXAS (CONDOMÍNIO CONNEXT OFFICE E LOFT)  SITE GPON PREVISTO,PA,1501402,100MG7W,NR,SA-NSA,,3350,3350,220,FB,,,760,,24,28,13,-5.5,X,103,163992101350,200,-1.44573,-48.48381,G,2023-09-06,2010-05-21,,378dd5f8be8b0885,2027-10-18,,,Belém
LIC-LIC-01,CLARO S.A.,50409307637,010,105752021,692409572,R DOS MUNDURUCUS,CONDOMÍNIO EDIFICIO METROPOLITAN TOWER,PA,1501402,100MG7W,NR,SA-NSA,,3350,3350,30,FB,,,760,,24,28,13,0,X,101,163992101350,200,-1.4584,-48.4778,G,2023-09-06,2010-06-24,,378dd5f8be8b0a99,2027-10-18,,,Belém
LIC-LIC-01,CLARO S.A.,50409307637,010,105752021,692409572,R DOS MUNDURUCUS,CONDOMÍNIO EDIFICIO METROPOLITAN TOWER,PA,1501402,100MG7W,NR,SA-NSA,,3350,3350,150,FB,,,760,,24,28,13,0,X,101,163992101350,200,-1.4584,-48.4778,G,2023-09-06,2010-06-24,,378dd5f8be8b0a9a,2027-10-18,,,Belém
LIC-LIC-01,CLARO S.A.,50409307637,010,105752021,692409572,R DOS MUNDURUCUS,CONDOMÍNIO EDIFICIO METROPOLITAN TOWER,PA,1501402,100MG7W,NR,SA-NSA,,3350,3350,270,FB,,,760,,24,28,13,0,X,101,163992101350,200,-1.4584,-48.4778,G,2023-09-06,2010-06-24,,378dd5f8be8b0a9b,2027-10-18,,,Belém
LIC-LIC-01,CLARO S.A.,50409307637,010,105752021,690487428,TV MONTE ALEGRE,EDIFICIO PROCÓPIO FERREIRA,PA,1501402,100MG7W,NR,SA-NSA,,3350,3350,0,FB,,,760,,24,28,13,-1,X,45,163992101350,200,-1.46958,-48.4938,G,2025-08-29,2008-07-08,,378dd5f8be8b0ac6,2041-12-08,,,Belém
LIC-LIC-01,CLARO S.A.,50409307637,010,105752021,690487428,TV MONTE ALEGRE,EDIFICIO PROCÓPIO FERREIRA,PA,1501402,100MG7W,NR,SA-NSA,,3350,3350,120,FB,,,760,,24,28,13,0,X,45,163992101350,200,-1.46958,-48.4938,G,2025-08-29,2008-07-08,,378dd5f8be8b0ac7,2041-12-08,,,Belém
LIC-LIC-01,CLARO S.A.,50409307637,010,105752021,690487428,TV MONTE ALEGRE,EDIFICIO PROCÓPIO FERREIRA,PA,1501402,100MG7W,NR,SA-NSA,,3350,3350,240,FB,,,760,,24,28,13,-2.5,X,45,163992101350,200,-1.46958,-48.4938,G,2025-08-29,2008-07-08,,378dd5f8be8b0ac8,2041-12-08,,,Belém
LIC-LIC-01,CLARO S.A.,50409307637,010,105752021,692257349,AV NAZARE,,PA,1501402,80M0G7W,NR,SA-NSA,,3350,3350,80,FB,,,760,,24,28,13,0,X,64,163992101350,200,-1.45187,-48.48085,G,2023-07-07,2010-04-06,,378dd5f8be8b0b8c,2032-12-22,,,Belém
LIC-LIC-01,CLARO S.A.,50409307637,010,105752021,692257349,AV NAZARE,,PA,1501402,80M0G7W,NR,SA-NSA,,3350,3350,200,FB,,,760,,24,28,13,0,X,64,163992101350,200,-1.45187,-48.48085,G,2023-07-07,2010-04-06,,378dd5f8be8b0b8d,2032-12-22,,,Belém
LIC-LIC-01,CLARO S.A.,50409307637,010,105752021,692257349,AV NAZARE,,PA,1501402,80M0G7W,NR,SA-NSA,,3350,3350,300,FB,,,760,,24,28,13,0,X,64,163992101350,200,-1.45187,-48.48085,G,2023-07-07,2010-04-06,,378dd5f8be8b0b8e,2032-12-22,,,Belém
LIC-LIC-01,CLARO S.A.,50409307637,010,105752021,690464010,PSG JOÃO BALBI,,PA,1501402,50M0G7W,NR,SA-NSA,,2325,2325,60,FB,,,760,,23,28,13,-1.5,X,44,049362201350,240,-1.44647,-48.47159,G,2023-09-06,2008-07-08,,6015d5f8011804d9,2027-10-18,,,Belém
LIC-LIC-01,CLARO S.A.,50409307637,010,105752021,690464010,PSG JOÃO BALBI,,PA,1501402,50M0G7W,NR,SA-NSA,,2325,2325,180,FB,,,760,,23,28,13,-1.5,X,44,049362201350,240,-1.44647,-48.47159,G,2023-09-06,2008-07-08,,6015d5f8011804da,2027-10-18,,,Belém
LIC-LIC-01,CLARO S.A.,50409307637,010,105752021,690464010,PSG JOÃO BALBI,,PA,1501402,50M0G7W,NR,SA-NSA,,2325,2325,300,FB,,,760,,23,28,13,-1.5,X,44,049362201350,240,-1.44647,-48.47159,G,2023-09-06,2008-07-08,,6015d5f8011804db,2027-10-18,,,Belém
LIC-LIC-01,CLARO S.A.,50409307637,010,105752021,690398328,AV DA ESPERANÇA,,PA,1501402,100MG7W,NR,SA-NSA,,2325,2325,0,FB,,,760,,23,28,13,-2.5,X,33,049362201350,240,-1.27741,-48.47403,G,2023-09-06,2008-06-12,,849715f82e7fce12,2027-10-18,,,Belém
LIC-LIC-01,CLARO S.A.,50409307637,010,105752021,690398328,AV DA ESPERANÇA,,PA,1501402,100MG7W,NR,SA-NSA,,2325,2325,160,FB,,,760,,23,28,13,-2.5,X,33,049362201350,240,-1.27741,-48.47403,G,2023-09-06,2008-06-12,,849715f82e7fce13,2027-10-18,,,Belém
LIC-LIC-01,CLARO S.A.,50409307637,010,105752021,690398328,AV DA ESPERANÇA,,PA,1501402,100MG7W,NR,SA-NSA,,2325,2325,240,FB,,,760,,23,28,13,-2.5,X,33,049362201350,240,-1.27741,-48.47403,G,2023-09-06,2008-06-12,,849715f82e7fce14,2027-10-18,,,Belém
LIC-LIC-01,CLARO S.A.,50409307637,010,105752021,1005379219,TV SÃO JOSÉ - QD67  Nº120,QD67  Nº120,PA,1501402,50M0G7W,NR,SA-NSA,,2325,2325,30,FB,,,760,,23,28,13,-0.5,X,40,049362201350,50,-1.3711,-48.43559,G,2023-09-06,2017-12-12,,de4415f83a20c679,2027-10-18,,,Belém
LIC-LIC-01,CLARO S.A.,50409307637,010,105752021,1005379219,TV SÃO JOSÉ - QD67  Nº120,QD67  Nº120,PA,1501402,50M0G7W,NR,SA-NSA,,2325,2325,180,FB,,,760,,23,28,13,-0.5,X,40,049362201350,50,-1.3711,-48.43559,G,2023-09-06,2017-12-12,,de4415f83a20c67a,2027-10-18,,,Belém
LIC-LIC-01,CLARO S.A.,50409307637,010,105752021,1005379219,TV SÃO JOSÉ - QD67  Nº120,QD67  Nº120,PA,1501402,50M0G7W,NR,SA-NSA,,2325,2325,270,FB,,,760,,23,28,13,-1.5,X,40,049362201350,50,-1.3711,-48.43559,G,2023-09-06,2017-12-12,,de4415f83a20c67b,2027-10-18,,,Belém
LIC-LIC-01,CLARO S.A.,50409307637,010,105752021,690550804,AV JÚLIO CÉSAR,,PA,1501402,90M0G7W,NR,SA-NSA,,2325,2325,350,FB,,,760,,23,28,13,-2,X,30,049362201350,50,-1.39041,-48.48102,G,2023-09-05,2008-09-30,,de4415f83a2dcc6f,2027-08-25,,,Belém
LIC-LIC-01,CLARO S.A.,50409307637,010,105752021,690550804,AV JÚLIO CÉSAR,,PA,1501402,90M0G7W,NR,SA-NSA,,2325,2325,110,FB,,,760,,23,28,13,-1,X,30,049362201350,50,-1.39041,-48.48102,G,2023-09-05,2008-09-30,,de4415f83a2dcc70,2027-08-25,,,Belém
LIC-LIC-01,CLARO S.A.,50409307637,010,105752021,690550804,AV JÚLIO CÉSAR,,PA,1501402,90M0G7W,NR,SA-NSA,,2325,2325,250,FB,,,760,,23,28,13,-1,X,30,049362201350,50,-1.39041,-48.48102,G,2023-09-05,2008-09-30,,de4415f83a2dcc71,2027-08-25,,,Belém
LIC-LIC-01,CLARO S.A.,50409307637,010,105752021,692904158,AV PERIMETRAL,,PA,1501402,90M0G7W,NR,SA-NSA,,2325,2325,50,FB,,,760,,23,28,13,0,X,40,049362201350,50,-1.44006,-48.44818,G,2023-09-12,2010-10-29,,dce625f8570af255,2029-12-08,,,Belém
LIC-LIC-01,CLARO S.A.,50409307637,010,105752021,692904158,AV PERIMETRAL,,PA,1501402,90M0G7W,NR,SA-NSA,,2325,2325,200,FB,,,760,,23,28,13,0,X,40,049362201350,50,-1.44006,-48.44818,G,2023-09-12,2010-10-29,,dce625f8570af256,2029-12-08,,,Belém
LIC-LIC-01,CLARO S.A.,50409307637,010,105752021,692904158,AV PERIMETRAL,,PA,1501402,90M0G7W,NR,SA-NSA,,2325,2325,310,FB,,,760,,23,28,13,0,X,40,049362201350,50,-1.44006,-48.44818,G,2023-09-12,2010-10-29,,dce625f8570af257,2029-12-08,,,Belém
LIC-LIC-01,CLARO S.A.,50409307637,010,105752021,1005218541,R PRINCIPAL - Nº 39  QD 12  LT 39,,PA,1501402,80M0G7W,NR,SA-NSA,,2325,2325,330,FB,,,760,,23,28,13,0,X,45,049362201350,50,-1.41062,-48.39267,G,2023-09-01,2017-11-13,,dce625f8570af2b5,2032-12-22,,,Belém
LIC-LIC-01,CLARO S.A.,50409307637,010,105752021,1005218541,R PRINCIPAL - Nº 39  QD 12  LT 39,,PA,1501402,80M0G7W,NR,SA-NSA,,2325,2325,90,FB,,,760,,23,28,13,0,X,45,049362201350,50,-1.41062,-48.39267,G,2023-09-01,2017-11-13,,dce625f8570af2b6,2032-12-22,,,Belém
LIC-LIC-01,CLARO S.A.,50409307637,010,105752021,1005218541,R PRINCIPAL - Nº 39  QD 12  LT 39,,PA,1501402,80M0G7W,NR,SA-NSA,,2325,2325,210,FB,,,760,,23,28,13,0,X,45,049362201350,50,-1.41062,-48.39267,G,2023-09-01,2017-11-13,,dce625f8570af2b7,2032-12-22,,,Belém
LIC-LIC-01,CLARO S.A.,50409307637,010,105752021,690487460,PSG JOHN ENGELHARD,SN,PA,1501402,50M0G7W,NR,SA-NSA,,2325,2325,35,FB,,,760,,23,28,13,0,X,30,049362201350,50,-1.36112,-48.46743,G,2023-09-06,2008-07-08,,52c445f8c7b68570,2027-10-18,,,Belém
LIC-LIC-01,CLARO S.A.,50409307637,010,105752021,690487460,PSG JOHN ENGELHARD,SN,PA,1501402,50M0G7W,NR,SA-NSA,,2325,2325,160,FB,,,760,,23,28,13,0,X,30,049362201350,50,-1.36112,-48.46743,G,2023-09-06,2008-07-08,,52c445f8c7b68571,2027-10-18,,,Belém
LIC-LIC-01,CLARO S.A.,50409307637,010,105752021,690487460,PSG JOHN ENGELHARD,SN,PA,1501402,50M0G7W,NR,SA-NSA,,2325,2325,290,FB,,,760,,23,28,13,0,X,30,049362201350,50,-1.36112,-48.46743,G,2023-09-06,2008-07-08,,52c445f8c7b68572,2027-10-18,,,Belém
LIC-LIC-01,CLARO S.A.,50409307637,010,105752021,690462344,TV S 6,ICOARACI,PA,1501402,50M0G7W,NR,SA-NSA,,2325,2325,60,FB,,,760,,23,28,13,0,X,50,049362201350,50,-1.30027,-48.46583,G,2023-09-06,2021-11-09,,52c445f8c7b687b3,2027-10-18,,,Belém
LIC-LIC-01,CLARO S.A.,50409307637,010,105752021,690462344,TV S 6,ICOARACI,PA,1501402,50M0G7W,NR,SA-NSA,,2325,2325,180,FB,,,760,,23,28,13,0,X,50,049362201350,50,-1.30027,-48.46583,G,2023-09-06,2021-11-09,,52c445f8c7b687b4,2027-10-18,,,Belém
LIC-LIC-01,CLARO S.A.,50409307637,010,105752021,690462344,TV S 6,ICOARACI,PA,1501402,50M0G7W,NR,SA-NSA,,2325,2325,300,FB,,,760,,17,32,58,-2,X,50,049362201350,50,-1.30027,-48.46583,G,2023-09-06,2021-11-09,,52c445f8c7b687b5,2027-10-18,,,Belém
LIC-LIC-01,CLARO S.A.,50409307637,010,105752021,690474083,R LAURO MALCHER,,PA,1501402,40M0G7W,NR,SA-NSA,,2325,2325,30,FB,,,760,,23,28,13,0,X,50,049362201350,50,-1.4721,-48.47829,G,2023-09-06,2008-07-08,,a6ad45f833326869,2027-10-18,,,Belém
LIC-LIC-01,CLARO S.A.,50409307637,010,105752021,690474083,R LAURO MALCHER,,PA,1501402,40M0G7W,NR,SA-NSA,,2325,2325,150,FB,,,760,,23,28,13,-1.5,X,50,049362201350,50,-1.4721,-48.47829,G,2023-09-06,2008-07-08,,a6ad45f83332686a,2027-10-18,,,Belém
LIC-LIC-01,CLARO S.A.,50409307637,010,105752021,690474083,R LAURO MALCHER,,PA,1501402,40M0G7W,NR,SA-NSA,,2325,2325,270,FB,,,760,,23,28,13,-1.5,X,50,049362201350,50,-1.4721,-48.47829,G,2023-09-06,2008-07-08,,a6ad45f83332686b,2027-10-18,,,Belém
LIC-LIC-01,CLARO S.A.,50409307637,010,105752021,690461062,PSG BOM SOSSEGO,,PA,1501402,90M0G7W,NR,SA-NSA,,3350,3350,0,FB,,,760,152312201350,24,25,13,-3,X,51,152312201350,200,-1.41916,-48.47733,G,2023-07-10,2008-06-19,,a6ad45f842a99866,2032-12-22,,,Belém
LIC-LIC-01,CLARO S.A.,50409307637,010,105752021,690461062,PSG BOM SOSSEGO,,PA,1501402,90M0G7W,NR,SA-NSA,,3350,3350,120,FB,,,760,152312201350,24,25,13,-3,X,51,152312201350,200,-1.41916,-48.47733,G,2023-07-10,2008-06-19,,a6ad45f842a99867,2032-12-22,,,Belém
LIC-LIC-01,CLARO S.A.,50409307637,010,105752021,690461062,PSG BOM SOSSEGO,,PA,1501402,90M0G7W,NR,SA-NSA,,3350,3350,260,FB,,,760,152312201350,24,25,13,-3,X,51,152312201350,200,-1.41916,-48.47733,G,2023-07-10,2008-06-19,,a6ad45f842a99868,2032-12-22,,,Belém
LIC-LIC-01,CLARO S.A.,50409307637,010,105752021,690459238,TRAVESSA MAURITI,,PA,1501402,40M0G7W,NR,SA-NSA,,3350,3350,20,FB,,,760,152382201350,24.5,25,12.5,-3,X,49,152382201350,223.8,-1.43778,-48.45778,G,2023-06-29,2008-06-19,,805e45f85bdd23bd,2032-12-22,,,Belém
LIC-LIC-01,CLARO S.A.,50409307637,010,105752021,690459238,TRAVESSA MAURITI,,PA,1501402,40M0G7W,NR,SA-NSA,,3350,3350,140,FB,,,760,152382201350,24.5,25,12.5,-3,X,49,152382201350,223.8,-1.43778,-48.45778,G,2023-06-29,2008-06-19,,805e45f85bdd23be,2032-12-22,,,Belém
LIC-LIC-01,CLARO S.A.,50409307637,010,105752021,690459238,TRAVESSA MAURITI,,PA,1501402,40M0G7W,NR,SA-NSA,,3350,3350,260,FB,,,760,152382201350,24.5,25,12.5,-3,X,49,152382201350,223.8,-1.43778,-48.45778,G,2023-06-29,2008-06-19,,805e45f85bdd23bf,2032-12-22,,,Belém
LIC-LIC-01,CLARO S.A.,50409307637,010,105752021,690393385,R PRESIDENTE CASTELO BRANCO,ESTRADA DO TAPANÃ,PA,1501402,100MG7W,NR,SA-NSA,,3350,3350,0,FB,,,760,152312201350,24,25,13,0,X,60,152312201350,251,-1.33022,-48.47576,G,2023-09-06,2021-11-09,,805e45f85bdd2400,2027-10-18,,,Belém
LIC-LIC-01,CLARO S.A.,50409307637,010,105752021,690393385,R PRESIDENTE CASTELO BRANCO,ESTRADA DO TAPANÃ,PA,1501402,100MG7W,NR,SA-NSA,,3350,3350,120,FB,,,760,152312201350,24,25,13,0,X,60,152312201350,251,-1.33022,-48.47576,G,2023-09-06,2021-11-09,,805e45f85bdd2401,2027-10-18,,,Belém
LIC-LIC-01,CLARO S.A.,50409307637,010,105752021,690393385,R PRESIDENTE CASTELO BRANCO,ESTRADA DO TAPANÃ,PA,1501402,100MG7W,NR,SA-NSA,,3350,3350,240,FB,,,760,152312201350,24,25,13,0,X,60,152312201350,251,-1.33022,-48.47576,G,2023-09-06,2021-11-09,,805e45f85bdd2402,2027-10-18,,,Belém
LIC-LIC-01,CLARO S.A.,50409307637,010,105752021,690474768,R RECIFE,,PA,1501402,100MG7W,NR,SA-NSA,,3350,3350,0,FB,,,760,152312201350,24,25,13,0,X,40,152312201350,251,-1.39333,-48.3948,G,2023-09-05,2021-11-09,,805e45f85bdd2451,2027-08-25,,,Belém
LIC-LIC-01,CLARO S.A.,50409307637,010,105752021,690474768,R RECIFE,,PA,1501402,100MG7W,NR,SA-NSA,,3350,3350,120,FB,,,760,152312201350,24,25,13,0,X,40,152312201350,251,-1.39333,-48.3948,G,2023-09-05,2021-11-09,,805e45f85bdd2452,2027-08-25,,,Belém
LIC-LIC-01,CLARO S.A.,50409307637,010,105752021,690474768,R RECIFE,,PA,1501402,100MG7W,NR,SA-NSA,,3350,3350,240,FB,,,760,152312201350,24,25,13,0,X,40,152312201350,251,-1.39333,-48.3948,G,2023-09-05,2021-11-09,,805e45f85bdd2453,2027-08-25,,,Belém
LIC-LIC-01,CLARO S.A.,50409307637,010,105752021,690463014,TV DOM ROMUALDO COELHO,ENTRE DOM ROMAULDO DE SEIXA E RONALDO COELHO,PA,1501402,100MG7W,NR,SA-NSA,,3350,3350,200,FB,,,760,152382201350,24.5,25,12.5,0,X,31.5,152382201350,223.8,-1.438,-48.49188,G,2023-09-05,2008-07-08,,3b1b75f852067ac7,2027-08-25,,,Belém
LIC-LIC-01,CLARO S.A.,50409307637,010,105752021,690463014,TV DOM ROMUALDO COELHO,ENTRE DOM ROMAULDO DE SEIXA E RONALDO COELHO,PA,1501402,100MG7W,NR,SA-NSA,,3350,3350,330,FB,,,760,152382201350,24.5,25,12.5,-1.5,X,31.5,152382201350,223.8,-1.438,-48.49188,G,2023-09-05,2008-07-08,,3b1b75f852067ac8,2027-08-25,,,Belém
LIC-LIC-01,CLARO S.A.,50409307637,010,105752021,690463014,TV DOM ROMUALDO COELHO,ENTRE DOM ROMAULDO DE SEIXA E RONALDO COELHO,PA,1501402,100MG7W,NR,SA-NSA,,3350,3350,80,FB,,,760,152382201350,24.5,25,12.5,-1.5,X,31.5,152382201350,223.8,-1.438,-48.49188,G,2023-09-05,2008-07-08,,3b1b75f852067ac9,2027-08-25,,,Belém
LIC-LIC-01,CLARO S.A.,50409307637,010,105752021,690405014,TV DOM ROMUALDO DE SEIXAS,,PA,1501402,70M0G7W,NR,SA-NSA,,3350,3350,20,FB,,,760,152382201350,24.5,25,12.5,-2.5,X,40,152382201350,223.8,-1.44044,-48.4854,G,2023-07-20,2008-06-12,,feaf75f875dad2e5,2032-12-22,,,Belém
LIC-LIC-01,CLARO S.A.,50409307637,010,105752021,690405014,TV DOM ROMUALDO DE SEIXAS,,PA,1501402,70M0G7W,NR,SA-NSA,,3350,3350,140,FB,,,760,152382201350,24.5,25,12.5,-2.5,X,40,152382201350,223.8,-1.44044,-48.4854,G,2023-07-20,2008-06-12,,feaf75f875dad2e6,2032-12-22,,,Belém
LIC-LIC-01,CLARO S.A.,50409307637,010,105752021,690405014,TV DOM ROMUALDO DE SEIXAS,,PA,1501402,70M0G7W,NR,SA-NSA,,3350,3350,250,FB,,,760,152382201350,24.5,25,12.5,-4.5,X,40,152382201350,223.8,-1.44044,-48.4854,G,2023-07-20,2008-06-12,,feaf75f875dad2e7,2032-12-22,,,Belém
LIC-LIC-01,CLARO S.A.,50409307637,010,105752021,1008498502,R AUGUSTO CORREA,,PA,1501402,50M0G7W,NR,SA-NSA,,3350,3350,260,FB,,,760,152312201350,24,25,13,-1,X,60,152312201350,251,-1.47,-48.45918,G,2025-08-28,2019-05-10,,176585f806599379,2041-12-08,,,Belém
LIC-LIC-01,CLARO S.A.,50409307637,010,105752021,1008498502,R AUGUSTO CORREA,,PA,1501402,50M0G7W,NR,SA-NSA,,3350,3350,0,FB,,,760,152312201350,24,25,13,-1.5,X,60,152312201350,251,-1.47,-48.45918,G,2025-08-28,2019-05-10,,176585f80659937a,2041-12-08,,,Belém
LIC-LIC-01,CLARO S.A.,50409307637,010,105752021,1008498502,R AUGUSTO CORREA,,PA,1501402,50M0G7W,NR,SA-NSA,,3350,3350,120,FB,,,760,152312201350,24,25,13,0,X,60,152312201350,251,-1.47,-48.45918,G,2025-08-28,2019-05-10,,176585f80659937b,2041-12-08,,,Belém
LIC-LIC-01,CLARO S.A.,50409307637,010,105752021,1006658162,PSG DO CAJU,,PA,1501402,100MG7W,NR,SA-NSA,,3350,3350,80,FB,,,760,152312201350,24,25,13,0,X,50,152312201350,251,-1.41125,-48.48514,G,2023-09-06,2021-11-05,,176585f8065993df,2027-10-18,,,Belém
LIC-LIC-01,CLARO S.A.,50409307637,010,105752021,1006658162,PSG DO CAJU,,PA,1501402,100MG7W,NR,SA-NSA,,3350,3350,180,FB,,,760,152312201350,24,25,13,-2,X,50,152312201350,251,-1.41125,-48.48514,G,2023-09-06,2021-11-05,,176585f8065993e0,2027-10-18,,,Belém
LIC-LIC-01,CLARO S.A.,50409307637,010,105752021,1006658162,PSG DO CAJU,,PA,1501402,100MG7W,NR,SA-NSA,,3350,3350,300,FB,,,760,152312201350,24,25,13,0,X,50,152312201350,251,-1.41125,-48.48514,G,2023-09-06,2021-11-05,,176585f8065993e1,2027-10-18,,,Belém
LIC-LIC-01,CLARO S.A.,50409307637,010,105752021,690476507,AV SANTOS DUMONT,,PA,1501402,90M0G7W,NR,SA-NSA,,3350,3350,10,FB,,,760,152312201350,24,25,13,0,X,30,152312201350,251,-1.40499,-48.48263,G,2024-11-08,2008-07-08,,e44585f80ad1ba89,2041-12-08,,,Belém
LIC-LIC-01,CLARO S.A.,50409307637,010,105752021,690476507,AV SANTOS DUMONT,,PA,1501402,90M0G7W,NR,SA-NSA,,3350,3350,130,FB,,,760,152312201350,24,25,13,0,X,30,152312201350,251,-1.40499,-48.48263,G,2024-11-08,2008-07-08,,e44585f80ad1ba8a,2041-12-08,,,Belém
LIC-LIC-01,CLARO S.A.,50409307637,010,105752021,690476507,AV SANTOS DUMONT,,PA,1501402,90M0G7W,NR,SA-NSA,,3350,3350,260,FB,,,760,152312201350,24,25,13,0,X,30,152312201350,251,-1.40499,-48.48263,G,2024-11-08,2008-07-08,,e44585f80ad1ba8b,2041-12-08,,,Belém
LIC-LIC-01,CLARO S.A.,50409307637,010,105752021,692779027,R ESPERANTO,,PA,1501402,100MG7W,NR,SA-NSA,,3350,3350,0,FB,,,760,152312201350,24,25,13,0,X,50,152312201350,251,-1.40488,-48.44744,G,2023-09-06,2010-10-07,,176585f80b76128f,2027-10-18,,,Belém
LIC-LIC-01,CLARO S.A.,50409307637,010,105752021,692779027,R ESPERANTO,,PA,1501402,100MG7W,NR,SA-NSA,,3350,3350,120,FB,,,760,152312201350,24,25,13,0,X,50,152312201350,251,-1.40488,-48.44744,G,2023-09-06,2010-10-07,,176585f80b761290,2027-10-18,,,Belém
LIC-LIC-01,CLARO S.A.,50409307637,010,105752021,692779027,R ESPERANTO,,PA,1501402,100MG7W,NR,SA-NSA,,3350,3350,240,FB,,,760,152312201350,24,25,13,0,X,50,152312201350,251,-1.40488,-48.44744,G,2023-09-06,2010-10-07,,176585f80b761291,2027-10-18,,,Belém
LIC-LIC-01,CLARO S.A.,50409307637,010,105752021,690507615,AV CIPRIANO SANTOS,,PA,1501402,80M0G7W,NR,SA-NSA,,3350,3350,150,FB,,,760,152312201350,24,25,13,0,X,50,152312201350,251,-1.4488,-48.44916,G,2023-09-06,2008-07-29,,176585f80b7612bf,2027-10-18,,,Belém
LIC-LIC-01,CLARO S.A.,50409307637,010,105752021,690507615,AV CIPRIANO SANTOS,,PA,1501402,80M0G7W,NR,SA-NSA,,3350,3350,250,FB,,,760,152312201350,24,25,13,-4,X,50,152312201350,251,-1.4488,-48.44916,G,2023-09-06,2008-07-29,,176585f80b7612c0,2027-10-18,,,Belém
LIC-LIC-01,CLARO S.A.,50409307637,010,105752021,690507615,AV CIPRIANO SANTOS,,PA,1501402,80M0G7W,NR,SA-NSA,,3350,3350,340,FB,,,760,152312201350,24,25,13,-2,X,50,152312201350,251,-1.4488,-48.44916,G,2023-09-06,2008-07-29,,176585f80b7612c1,2027-10-18,,,Belém
LIC-LIC-01,CLARO S.A.,50409307637,010,105752021,690463464,TV TEÓFILO CONDURU,,PA,1501402,100MG7W,NR,SA-NSA,,3350,3350,150,FB,,,760,152312201350,24,25,13,0,X,40,152312201350,251,-1.4483,-48.46168,G,2023-09-06,2008-07-08,,176585f80b76130d,2027-10-18,,,Belém
LIC-LIC-01,CLARO S.A.,50409307637,010,105752021,690463464,TV TEÓFILO CONDURU,,PA,1501402,100MG7W,NR,SA-NSA,,3350,3350,290,FB,,,760,152312201350,24,25,13,0,X,40,152312201350,251,-1.4483,-48.46168,G,2023-09-06,2008-07-08,,176585f80b76130e,2027-10-18,,,Belém
LIC-LIC-01,CLARO S.A.,50409307637,010,105752021,690463464,TV TEÓFILO CONDURU,,PA,1501402,100MG7W,NR,SA-NSA,,3350,3350,50,FB,,,760,152312201350,24,25,13,-3,X,40,152312201350,251,-1.4483,-48.46168,G,2023-09-06,2008-07-08,,176585f80b76130f,2027-10-18,,,Belém
LIC-LIC-01,CLARO S.A.,50409307637,010,105752021,690477090,PSG DAS FLORES,,PA,1501402,100MG7W,NR,SA-NSA,,3350,3350,0,FB,,,760,152312201350,24,25,13,-1,X,40,152312201350,251,-1.42386,-48.48739,G,2023-09-06,2021-11-05,,176585f80b761367,2027-10-18,,,Belém
LIC-LIC-01,CLARO S.A.,50409307637,010,105752021,690477090,PSG DAS FLORES,,PA,1501402,100MG7W,NR,SA-NSA,,3350,3350,120,FB,,,760,152312201350,24,25,13,-1,X,40,152312201350,251,-1.42386,-48.48739,G,2023-09-06,2021-11-05,,176585f80b761368,2027-10-18,,,Belém
LIC-LIC-01,CLARO S.A.,50409307637,010,105752021,690477090,PSG DAS FLORES,,PA,1501402,100MG7W,NR,SA-NSA,,3350,3350,240,FB,,,760,152312201350,24,25,13,-1,X,40,152312201350,251,-1.42386,-48.48739,G,2023-09-06,2021-11-05,,176585f80b761369,2027-10-18,,,Belém
LIC-LIC-01,CLARO S.A.,50409307637,010,105752021,1005347597,R DO UNA,,PA,1501402,100MG7W,NR,SA-NSA,,3350,3350,170,FB,,,760,152312201350,24,25,13,-1,X,42,152312201350,251,-1.43041,-48.48833,G,2023-09-06,2017-12-07,,176585f80b7613a9,2027-10-18,,,Belém
LIC-LIC-01,CLARO S.A.,50409307637,010,105752021,1005347597,R DO UNA,,PA,1501402,100MG7W,NR,SA-NSA,,3350,3350,290,FB,,,760,152312201350,24,25,13,-1,X,42,152312201350,251,-1.43041,-48.48833,G,2023-09-06,2017-12-07,,176585f80b7613aa,2027-10-18,,,Belém
LIC-LIC-01,CLARO S.A.,50409307637,010,105752021,1005347597,R DO UNA,,PA,1501402,100MG7W,NR,SA-NSA,,3350,3350,50,FB,,,760,152312201350,24,25,13,-1,X,42,152312201350,251,-1.43041,-48.48833,G,2023-09-06,2017-12-07,,176585f80b7613ab,2027-10-18,,,Belém
LIC-LIC-01,CLARO S.A.,50409307637,010,105752021,1005952911,TRAVESSA VISEU,,PA,1501402,50M0G7W,NR,SA-NSA,,3350,3350,20,FB,,,760,152312201350,24,25,13,0,X,44,152312201350,251,-1.39947,-48.46154,G,2023-06-22,2018-03-23,,b1ee85f825c2431b,2041-12-08,,,Belém
LIC-LIC-01,CLARO S.A.,50409307637,010,105752021,1005952911,TRAVESSA VISEU,,PA,1501402,50M0G7W,NR,SA-NSA,,3350,3350,140,FB,,,760,152312201350,24,25,13,0,X,44,152312201350,251,-1.39947,-48.46154,G,2023-06-22,2018-03-23,,b1ee85f825c2431c,2041-12-08,,,Belém
LIC-LIC-01,CLARO S.A.,50409307637,010,105752021,1005952911,TRAVESSA VISEU,,PA,1501402,50M0G7W,NR,SA-NSA,,3350,3350,260,FB,,,760,152312201350,24,25,13,0,X,44,152312201350,251,-1.39947,-48.46154,G,2023-06-22,2018-03-23,,b1ee85f825c2431d,2041-12-08,,,Belém
LIC-LIC-01,CLARO S.A.,50409307637,010,105752021,690458657,TV FRANCISCO CALDEIRA CASTELO BRANCO,,PA,1501402,90M0G7W,NR,SA-NSA,,3350,3350,150,FB,,,760,152312201350,24,25,13,-2,X,50,152312201350,251,-1.46143,-48.47064,G,2023-07-13,2008-06-19,,e97195f80a96595d,2032-12-22,,,Belém
LIC-LIC-01,CLARO S.A.,50409307637,010,105752021,690458657,TV FRANCISCO CALDEIRA CASTELO BRANCO,,PA,1501402,90M0G7W,NR,SA-NSA,,3350,3350,270,FB,,,760,152312201350,24,25,13,0,X,50,152312201350,251,-1.46143,-48.47064,G,2023-07-13,2008-06-19,,e97195f80a96595e,2032-12-22,,,Belém
LIC-LIC-01,CLARO S.A.,50409307637,010,105752021,690458657,TV FRANCISCO CALDEIRA CASTELO BRANCO,,PA,1501402,90M0G7W,NR,SA-NSA,,3350,3350,30,FB,,,760,152312201350,24,25,13,0,X,50,152312201350,251,-1.46143,-48.47064,G,2023-07-13,2008-06-19,,e97195f80a96595f,2032-12-22,,,Belém
LIC-LIC-01,CLARO S.A.,50409307637,010,105752021,690408617,PSG SÃO BENEDITO,,PA,1501402,100MG7W,NR,SA-NSA,,3350,3350,30,FB,,,760,152312201350,24,25,13,-1,X,37,152312201350,251,-1.43172,-48.44692,G,2023-11-17,2008-06-12,,e97195f80a96598a,2027-10-18,,,Belém
LIC-LIC-01,CLARO S.A.,50409307637,010,105752021,690408617,PSG SÃO BENEDITO,,PA,1501402,100MG7W,NR,SA-NSA,,3350,3350,140,FB,,,760,152312201350,24,25,13,0,X,37,152312201350,251,-1.43172,-48.44692,G,2023-11-17,2008-06-12,,e97195f80a96598b,2027-10-18,,,Belém
LIC-LIC-01,CLARO S.A.,50409307637,010,105752021,690408617,PSG SÃO BENEDITO,,PA,1501402,100MG7W,NR,SA-NSA,,3350,3350,270,FB,,,760,152312201350,24,25,13,-3,X,37,152312201350,251,-1.43172,-48.44692,G,2023-11-17,2008-06-12,,e97195f80a96598c,2027-10-18,,,Belém
LIC-LIC-01,CLARO S.A.,50409307637,010,105752021,690476671,PSG MONTE SINAI,PASSAGEM MONTE SINAI 51,PA,1501402,90M0G7W,NR,SA-NSA,,3350,3350,0,FB,,,760,152312201350,24,25,13,0,X,41,152312201350,251,-1.35139,-48.43361,G,2023-07-13,2008-07-08,,e97195f80a9659b7,2032-12-22,,,Belém
LIC-LIC-01,CLARO S.A.,50409307637,010,105752021,690476671,PSG MONTE SINAI,PASSAGEM MONTE SINAI 51,PA,1501402,90M0G7W,NR,SA-NSA,,3350,3350,120,FB,,,760,152312201350,24,25,13,0,X,41,152312201350,251,-1.35139,-48.43361,G,2023-07-13,2008-07-08,,e97195f80a9659b8,2032-12-22,,,Belém
LIC-LIC-01,CLARO S.A.,50409307637,010,105752021,690476671,PSG MONTE SINAI,PASSAGEM MONTE SINAI 51,PA,1501402,90M0G7W,NR,SA-NSA,,3350,3350,240,FB,,,760,152312201350,24,25,13,0,X,41,152312201350,251,-1.35139,-48.43361,G,2023-07-13,2008-07-08,,e97195f80a9659b9,2032-12-22,,,Belém
LIC-LIC-01,CLARO S.A.,50409307637,010,105752021,1006009806,R NOSSA MORADA,,PA,1501402,100MG7W,NR,SA-NSA,,3350,3350,190,FB,,,760,152312201350,24,25,13,-1,X,47,152312201350,251,-1.35358,-48.46294,G,2023-07-13,2021-11-09,,e97195f80a9659d2,2032-12-22,,,Belém
LIC-LIC-01,CLARO S.A.,50409307637,010,105752021,1006009806,R NOSSA MORADA,,PA,1501402,100MG7W,NR,SA-NSA,,3350,3350,310,FB,,,760,152312201350,24,25,13,-3,X,47,152312201350,251,-1.35358,-48.46294,G,2023-07-13,2021-11-09,,e97195f80a9659d3,2032-12-22,,,Belém
LIC-LIC-01,CLARO S.A.,50409307637,010,105752021,1006009806,R NOSSA MORADA,,PA,1501402,100MG7W,NR,SA-NSA,,3350,3350,90,FB,,,760,152312201350,24,25,13,-1,X,47,152312201350,251,-1.35358,-48.46294,G,2023-07-13,2021-11-09,,e97195f80a9659d4,2032-12-22,,,Belém
LIC-LIC-01,CLARO S.A.,50409307637,010,105752021,690394012,ROD AUGUSTO MONTENEGRO,,PA,1501402,100MG7W,NR,SA-NSA,,3350,3350,0,FB,,,760,152312201350,24,25,13,0,X,67,152312201350,251,-1.39638,-48.43458,G,2023-07-13,2008-06-12,,e97195f80a965a3a,2032-12-22,,,Belém
LIC-LIC-01,CLARO S.A.,50409307637,010,105752021,690394012,ROD AUGUSTO MONTENEGRO,,PA,1501402,100MG7W,NR,SA-NSA,,3350,3350,120,FB,,,760,152312201350,24,25,13,0,X,67,152312201350,251,-1.39638,-48.43458,G,2023-07-13,2008-06-12,,e97195f80a965a3b,2032-12-22,,,Belém
LIC-LIC-01,CLARO S.A.,50409307637,010,105752021,690394012,ROD AUGUSTO MONTENEGRO,,PA,1501402,100MG7W,NR,SA-NSA,,3350,3350,240,FB,,,760,152312201350,24,25,13,0,X,67,152312201350,251,-1.39638,-48.43458,G,2023-07-13,2008-06-12,,e97195f80a965a3c,2032-12-22,,,Belém
LIC-LIC-01,CLARO S.A.,50409307637,010,105752021,690462042,ALAMEDA DON JORGE,,PA,1501402,100MG7W,NR,SA-NSA,,3350,3350,50,FB,,,760,152312201350,24,25,13,0,X,40,152312201350,251,-1.36204,-48.4462,G,2025-07-24,2008-07-08,,e97195f80a965a67,2041-12-08,,,Belém
LIC-LIC-01,CLARO S.A.,50409307637,010,105752021,690462042,ALAMEDA DON JORGE,,PA,1501402,100MG7W,NR,SA-NSA,,3350,3350,170,FB,,,760,152312201350,24,25,13,0,X,40,152312201350,251,-1.36204,-48.4462,G,2025-07-24,2008-07-08,,e97195f80a965a68,2041-12-08,,,Belém
LIC-LIC-01,CLARO S.A.,50409307637,010,105752021,690462042,ALAMEDA DON JORGE,,PA,1501402,100MG7W,NR,SA-NSA,,3350,3350,290,FB,,,760,152312201350,24,25,13,0,X,40,152312201350,251,-1.36204,-48.4462,G,2025-07-24,2008-07-08,,e97195f80a965a69,2041-12-08,,,Belém
LIC-LIC-01,CLARO S.A.,50409307637,010,105752021,1014447078,TV FRANCISCO CALDEIRA CASTELO BRANCO,,PA,1501402,100MG7W,NR,SA-NSA,,3350,3350,150,FB,,,760,152382201350,24.5,25,12.5,-3,X,60,152382201350,223.8,-1.45253,-48.47107,G,2023-07-13,2022-11-04,,e97195f80a965a88,2032-12-22,,,Belém
LIC-LIC-01,CLARO S.A.,50409307637,010,105752021,1014447078,TV FRANCISCO CALDEIRA CASTELO BRANCO,,PA,1501402,100MG7W,NR,SA-NSA,,3350,3350,290,FB,,,760,152382201350,24.5,25,12.5,-3,X,60,152382201350,223.8,-1.45253,-48.47107,G,2023-07-13,2022-11-04,,e97195f80a965a89,2032-12-22,,,Belém
LIC-LIC-01,CLARO S.A.,50409307637,010,105752021,1014447078,TV FRANCISCO CALDEIRA CASTELO BRANCO,,PA,1501402,100MG7W,NR,SA-NSA,,3350,3350,30,FB,,,760,152382201350,24.5,25,12.5,-3,X,60,152382201350,223.8,-1.45253,-48.47107,G,2023-07-13,2022-11-04,,e97195f80a965a8a,2032-12-22,,,Belém
LIC-LIC-01,CLARO S.A.,50409307637,010,105752021,1005347600,TV MAURITI,,PA,1501402,100MG7W,NR,SA-NSA,,3350,3350,150,FB,,,760,152312201350,24,25,13,-2,X,48,152312201350,251,-1.42239,-48.47931,G,2023-07-20,2021-11-05,,317d95f84ced27b0,2026-06-01,,,Belém
LIC-LIC-01,CLARO S.A.,50409307637,010,105752021,1005347600,TV MAURITI,,PA,1501402,100MG7W,NR,SA-NSA,,3350,3350,270,FB,,,760,152312201350,24,25,13,-2,X,48,152312201350,251,-1.42239,-48.47931,G,2023-07-20,2021-11-05,,317d95f84ced27b1,2026-06-01,,,Belém
LIC-LIC-01,CLARO S.A.,50409307637,010,105752021,1005347600,TV MAURITI,,PA,1501402,100MG7W,NR,SA-NSA,,3350,3350,30,FB,,,760,152312201350,24,25,13,-5.5,X,48,152312201350,251,-1.42239,-48.47931,G,2023-07-20,2021-11-05,,317d95f84ced27b2,2026-06-01,,,Belém
LIC-LIC-01,CLARO S.A.,50409307637,010,105752021,1005953152,PSG GAMA MALCHER,,PA,1501402,70M0G7W,NR,SA-NSA,,3350,3350,140,FB,,,760,152312201350,24,25,13,0,X,29,152312201350,251,-1.41517,-48.44294,G,2024-04-04,2018-03-23,,317d95f84ced27c2,2041-12-08,,,Belém
LIC-LIC-01,CLARO S.A.,50409307637,010,105752021,1005953152,PSG GAMA MALCHER,,PA,1501402,70M0G7W,NR,SA-NSA,,3350,3350,300,FB,,,760,152312201350,24,25,13,0,X,29,152312201350,251,-1.41517,-48.44294,G,2024-04-04,2018-03-23,,317d95f84ced27c3,2041-12-08,,,Belém
LIC-LIC-01,CLARO S.A.,50409307637,010,105752021,1005953152,PSG GAMA MALCHER,,PA,1501402,70M0G7W,NR,SA-NSA,,3350,3350,40,FB,,,760,152312201350,24,25,13,0,X,29,152312201350,251,-1.41517,-48.44294,G,2024-04-04,2018-03-23,,317d95f84ced27c4,2041-12-08,,,Belém
LIC-LIC-01,CLARO S.A.,50409307637,010,105752021,690507534,PSG BOM JESUS I,ENTRE A PASSAGEM BOM JESUS II E PASSAGEM JOANA D'ARC,PA,1501402,100MG7W,NR,SA-NSA,,3350,3350,0,FB,,,760,152312201350,24,25,13,0,X,47,152312201350,251,-1.45839,-48.45718,G,2023-07-20,2021-11-09,,5de895f80180e811,2032-12-22,,,Belém
LIC-LIC-01,CLARO S.A.,50409307637,010,105752021,690507534,PSG BOM JESUS I,ENTRE A PASSAGEM BOM JESUS II E PASSAGEM JOANA D'ARC,PA,1501402,100MG7W,NR,SA-NSA,,3350,3350,120,FB,,,760,152312201350,24,25,13,0,X,47,152312201350,251,-1.45839,-48.45718,G,2023-07-20,2021-11-09,,5de895f80180e812,2032-12-22,,,Belém
LIC-LIC-01,CLARO S.A.,50409307637,010,105752021,690507534,PSG BOM JESUS I,ENTRE A PASSAGEM BOM JESUS II E PASSAGEM JOANA D'ARC,PA,1501402,100MG7W,NR,SA-NSA,,3350,3350,240,FB,,,760,152312201350,24,25,13,-1,X,47,152312201350,251,-1.45839,-48.45718,G,2023-07-20,2021-11-09,,5de895f80180e813,2032-12-22,,,Belém
LIC-LIC-01,CLARO S.A.,50409307637,010,105752021,690459122,R CURUÇA,,PA,1501402,100MG7W,NR,SA-NSA,,3350,3350,0,FB,,,760,152312201350,24,25,13,-1,X,27,152312201350,251,-1.43,-48.48306,G,2023-07-20,2008-06-19,,5de895f80180e832,2032-12-22,,,Belém
LIC-LIC-01,CLARO S.A.,50409307637,010,105752021,690459122,R CURUÇA,,PA,1501402,100MG7W,NR,SA-NSA,,3350,3350,120,FB,,,760,152312201350,24,25,13,-1,X,27,152312201350,251,-1.43,-48.48306,G,2023-07-20,2008-06-19,,5de895f80180e833,2032-12-22,,,Belém
LIC-LIC-01,CLARO S.A.,50409307637,010,105752021,690459122,R CURUÇA,,PA,1501402,100MG7W,NR,SA-NSA,,3350,3350,240,FB,,,760,152312201350,24,25,13,-1,X,27,152312201350,251,-1.43,-48.48306,G,2023-07-20,2008-06-19,,5de895f80180e834,2032-12-22,,,Belém
LIC-LIC-01,CLARO S.A.,50409307637,010,105752021,690462000,PSG QUADRA 14,QUADRA 14\  CONJ PANORAMA XXI,PA,1501402,100MG7W,NR,SA-NSA,,3350,3350,185,FB,,,760,152312201350,24,25,13,0,X,38,152312201350,251,-1.37885,-48.43845,G,2023-07-20,2008-07-08,,5de895f80180e85f,2032-12-22,,,Belém
LIC-LIC-01,CLARO S.A.,50409307637,010,105752021,690462000,PSG QUADRA 14,QUADRA 14\  CONJ PANORAMA XXI,PA,1501402,100MG7W,NR,SA-NSA,,3350,3350,320,FB,,,760,152312201350,24,25,13,0,X,38,152312201350,251,-1.37885,-48.43845,G,2023-07-20,2008-07-08,,5de895f80180e860,2032-12-22,,,Belém
LIC-LIC-01,CLARO S.A.,50409307637,010,105752021,690462000,PSG QUADRA 14,QUADRA 14\  CONJ PANORAMA XXI,PA,1501402,100MG7W,NR,SA-NSA,,3350,3350,85,FB,,,760,152312201350,24,25,13,0,X,38,152312201350,251,-1.37885,-48.43845,G,2023-07-20,2008-07-08,,5de895f80180e861,2032-12-22,,,Belém
LIC-LIC-01,CLARO S.A.,50409307637,010,105752021,690405472,PSG BOA ESPERANÇA,,PA,1501402,90M0G7W,NR,SA-NSA,,3350,3350,200,FB,,,760,152312201350,24,25,13,0,X,40,152312201350,251,-1.40369,-48.432,G,2023-07-28,2008-06-12,,6f0295f803595c7b,2032-12-22,,,Belém
LIC-LIC-01,CLARO S.A.,50409307637,010,105752021,690405472,PSG BOA ESPERANÇA,,PA,1501402,90M0G7W,NR,SA-NSA,,3350,3350,320,FB,,,760,152312201350,24,25,13,0,X,40,152312201350,251,-1.40369,-48.432,G,2023-07-28,2008-06-12,,6f0295f803595c7c,2032-12-22,,,Belém
LIC-LIC-01,CLARO S.A.,50409307637,010,105752021,690405472,PSG BOA ESPERANÇA,,PA,1501402,90M0G7W,NR,SA-NSA,,3350,3350,80,FB,,,760,152312201350,24,25,13,0,X,40,152312201350,251,-1.40369,-48.432,G,2023-07-28,2008-06-12,,6f0295f803595c7d,2032-12-22,,,Belém
LIC-LIC-01,CLARO S.A.,50409307637,010,105752021,690459149,TRAVESSA HUMAITA,,PA,1501402,90M0G7W,NR,SA-NSA,,3350,3350,100,FB,,,760,152382201350,24.5,25,12.5,-4.5,X,63,152382201350,223.8,-1.43944,-48.46556,G,2023-08-04,2008-06-19,,dd2b95f802af9ba7,2041-12-08,,,Belém
LIC-LIC-01,CLARO S.A.,50409307637,010,105752021,690459149,TRAVESSA HUMAITA,,PA,1501402,90M0G7W,NR,SA-NSA,,3350,3350,210,FB,,,760,152382201350,24.5,25,12.5,-4.5,X,63,152382201350,223.8,-1.43944,-48.46556,G,2023-08-04,2008-06-19,,dd2b95f802af9ba8,2041-12-08,,,Belém
LIC-LIC-01,CLARO S.A.,50409307637,010,105752021,690459149,TRAVESSA HUMAITA,,PA,1501402,90M0G7W,NR,SA-NSA,,3350,3350,350,FB,,,760,152382201350,24.5,25,12.5,-7.5,X,63,152382201350,223.8,-1.43944,-48.46556,G,2023-08-04,2008-06-19,,dd2b95f802af9ba9,2041-12-08,,,Belém
LIC-LIC-01,CLARO S.A.,50409307637,010,105752021,690458444,RUA OSVALDO DE CALDAS BRITO,,PA,1501402,100MG7W,NR,SA-NSA,,3350,3350,20,FB,,,760,152382201350,24.5,25,12.5,0,X,31,152382201350,223.8,-1.46661,-48.49725,G,2023-08-04,2008-06-19,,dd2b95f802af9bce,2041-12-08,,,Belém
LIC-LIC-01,CLARO S.A.,50409307637,010,105752021,690458444,RUA OSVALDO DE CALDAS BRITO,,PA,1501402,100MG7W,NR,SA-NSA,,3350,3350,140,FB,,,760,152382201350,24.5,25,12.5,0,X,31,152382201350,223.8,-1.46661,-48.49725,G,2023-08-04,2008-06-19,,dd2b95f802af9bcf,2041-12-08,,,Belém
LIC-LIC-01,CLARO S.A.,50409307637,010,105752021,690458444,RUA OSVALDO DE CALDAS BRITO,,PA,1501402,100MG7W,NR,SA-NSA,,3350,3350,260,FB,,,760,152382201350,24.5,25,12.5,0,X,31,152382201350,223.8,-1.46661,-48.49725,G,2023-08-04,2008-06-19,,dd2b95f802af9bd0,2041-12-08,,,Belém
LIC-LIC-01,CLARO S.A.,50409307637,010,105752021,690394268,AV VINTE E CINCO DE SETEMBRO,,PA,1501402,100MG7W,NR,SA-NSA,,3350,3350,20,FB,,,760,152312201350,24,25,13,-1,X,39,152312201350,251,-1.42683,-48.45574,G,2025-08-28,2008-06-12,,dd2b95f802af9bdd,2041-12-08,,,Belém
LIC-LIC-01,CLARO S.A.,50409307637,010,105752021,690394268,AV VINTE E CINCO DE SETEMBRO,,PA,1501402,100MG7W,NR,SA-NSA,,3350,3350,140,FB,,,760,152312201350,24,25,13,-1,X,39,152312201350,251,-1.42683,-48.45574,G,2025-08-28,2008-06-12,,dd2b95f802af9bde,2041-12-08,,,Belém
LIC-LIC-01,CLARO S.A.,50409307637,010,105752021,690394268,AV VINTE E CINCO DE SETEMBRO,,PA,1501402,100MG7W,NR,SA-NSA,,3350,3350,300,FB,,,760,152312201350,24,25,13,-1,X,39,152312201350,251,-1.42683,-48.45574,G,2025-08-28,2008-06-12,,dd2b95f802af9bdf,2041-12-08,,,Belém
LIC-LIC-01,CLARO S.A.,50409307637,010,105752021,1006658170,PSG DO INOCENTES II,ESTRADO DO OUTEIRO,PA,1501402,90M0G7W,NR,SA-NSA,,3350,3350,0,FB,,,760,152312201350,24,25,13,-2.5,X,58,152312201350,251,-1.29364,-48.46883,G,2023-09-18,2018-05-17,,a6edc5f8032a3029,2032-12-22,,,Belém
LIC-LIC-01,CLARO S.A.,50409307637,010,105752021,1006658170,PSG DO INOCENTES II,ESTRADO DO OUTEIRO,PA,1501402,90M0G7W,NR,SA-NSA,,3350,3350,260,FB,,,760,152312201350,24,25,13,-1.5,X,58,152312201350,251,-1.29364,-48.46883,G,2023-09-18,2018-05-17,,a6edc5f8032a302a,2032-12-22,,,Belém
LIC-LIC-01,CLARO S.A.,50409307637,010,105752021,1006658170,PSG DO INOCENTES II,ESTRADO DO OUTEIRO,PA,1501402,90M0G7W,NR,SA-NSA,,3350,3350,90,FB,,,760,152312201350,24,25,13,-1.5,X,58,152312201350,251,-1.29364,-48.46883,G,2023-09-18,2018-05-17,,a6edc5f8032a302b,2032-12-22,,,Belém
LIC-LIC-01,CLARO S.A.,50409307637,010,105752021,1012758866,RUA DO UTINGA,,PA,1501402,100MG7W,NR,SA-NSA,,3350,3350,10,FB,,,760,152312201350,24,25,13,0,X,21,152312201350,251,-1.42579,-48.45039,G,2025-08-15,2022-01-17,,585f95f80335da4b,2041-12-08,,,Belém
LIC-LIC-01,CLARO S.A.,50409307637,010,105752021,1012758866,RUA DO UTINGA,,PA,1501402,100MG7W,NR,SA-NSA,,3350,3350,110,FB,,,760,152312201350,24,25,13,0,X,21,152312201350,251,-1.42579,-48.45039,G,2025-08-15,2022-01-17,,585f95f80335da4c,2041-12-08,,,Belém
LIC-LIC-01,CLARO S.A.,50409307637,010,105752021,1012758866,RUA DO UTINGA,,PA,1501402,100MG7W,NR,SA-NSA,,3350,3350,220,FB,,,760,152312201350,24,25,13,0,X,12,152312201350,251,-1.42579,-48.45039,G,2025-08-15,2022-01-17,,585f95f80335da4d,2041-12-08,,,Belém
LIC-LIC-01,CLARO S.A.,50409307637,010,105752021,690392508,TV BOM JARDIM,,PA,1501402,50M0G7W,NR,SA-NSA,,3350,3350,130,FB,,,760,152312201350,24,25,13,-2.5,X,40,152312201350,251,-1.4625,-48.50077,G,2023-08-15,2008-06-12,,e381c5f80357bed5,2032-12-22,,,Belém
LIC-LIC-01,CLARO S.A.,50409307637,010,105752021,690392508,TV BOM JARDIM,,PA,1501402,50M0G7W,NR,SA-NSA,,3350,3350,250,FB,,,760,152312201350,24,25,13,0,X,40,152312201350,251,-1.4625,-48.50077,G,2023-08-15,2008-06-12,,e381c5f80357bed6,2032-12-22,,,Belém
LIC-LIC-01,CLARO S.A.,50409307637,010,105752021,690392508,TV BOM JARDIM,,PA,1501402,50M0G7W,NR,SA-NSA,,3350,3350,40,FB,,,760,152312201350,24,25,13,-2.5,X,10,152312201350,251,-1.4625,-48.50077,G,2023-08-15,2008-06-12,,e381c5f80357bed7,2032-12-22,,,Belém
LIC-LIC-01,CLARO S.A.,50409307637,010,105752021,690463030,AV SENADOR LEMOS,,PA,1501402,90M0G7W,NR,SA-NSA,,3350,3350,200,FB,,,760,152382201350,24.5,25,12.5,-2.5,X,44,152382201350,223.8,-1.43696,-48.48798,G,2023-08-15,2008-07-08,,e381c5f80357bf05,2032-12-22,,,Belém
LIC-LIC-01,CLARO S.A.,50409307637,010,105752021,690463030,AV SENADOR LEMOS,,PA,1501402,90M0G7W,NR,SA-NSA,,3350,3350,330,FB,,,760,152382201350,24.5,25,12.5,-2.5,X,44,152382201350,223.8,-1.43696,-48.48798,G,2023-08-15,2008-07-08,,e381c5f80357bf06,2032-12-22,,,Belém
LIC-LIC-01,CLARO S.A.,50409307637,010,105752021,690463030,AV SENADOR LEMOS,,PA,1501402,90M0G7W,NR,SA-NSA,,3350,3350,80,FB,,,760,152382201350,24.5,25,12.5,-2.5,X,44,152382201350,223.8,-1.43696,-48.48798,G,2023-08-15,2008-07-08,,e381c5f80357bf07,2032-12-22,,,Belém
LIC-LIC-01,CLARO S.A.,50409307637,010,105752021,691238022,PSG PINHEIRO,,PA,1501402,70M0G7W,NR,SA-NSA,,3350,3350,0,FB,,,760,152312201350,24,25,13,-4.5,X,60,152312201350,251,-1.47461,-48.46124,G,2025-08-28,2009-03-20,,fb09f5f80345a423,2041-12-08,,,Belém
LIC-LIC-01,CLARO S.A.,50409307637,010,105752021,691238022,PSG PINHEIRO,,PA,1501402,70M0G7W,NR,SA-NSA,,3350,3350,110,FB,,,760,152312201350,24,25,13,-3,X,60,152312201350,251,-1.47461,-48.46124,G,2025-08-28,2009-03-20,,fb09f5f80345a424,2041-12-08,,,Belém
LIC-LIC-01,CLARO S.A.,50409307637,010,105752021,691238022,PSG PINHEIRO,,PA,1501402,70M0G7W,NR,SA-NSA,,3350,3350,280,FB,,,760,152312201350,24,25,13,0,X,60,152312201350,251,-1.47461,-48.46124,G,2025-08-28,2009-03-20,,fb09f5f80345a425,2041-12-08,,,Belém
LIC-LIC-01,CLARO S.A.,50409307637,010,105752021,690393156,AVENIDA ENGENHEIRO FERNANDO GUILHON,,PA,1501402,100MG7W,NR,SA-NSA,,3350,3350,0,FB,,,760,152312201350,24,25,13,0,X,41,152312201350,251,-1.46312,-48.47894,G,2023-11-17,2008-06-12,,fb09f5f80345a444,2027-10-18,,,Belém
LIC-LIC-01,CLARO S.A.,50409307637,010,105752021,690393156,AVENIDA ENGENHEIRO FERNANDO GUILHON,,PA,1501402,100MG7W,NR,SA-NSA,,3350,3350,120,FB,,,760,152312201350,24,25,13,0,X,41,152312201350,251,-1.46312,-48.47894,G,2023-11-17,2008-06-12,,fb09f5f80345a445,2027-10-18,,,Belém
LIC-LIC-01,CLARO S.A.,50409307637,010,105752021,690393156,AVENIDA ENGENHEIRO FERNANDO GUILHON,,PA,1501402,100MG7W,NR,SA-NSA,,3350,3350,240,FB,,,760,152312201350,24,25,13,0,X,41,152312201350,251,-1.46312,-48.47894,G,2023-11-17,2008-06-12,,fb09f5f80345a446,2027-10-18,,,Belém
LIC-LIC-01,CLARO S.A.,50409307637,010,105752021,690474113,R VINTE E SETE DE SETEMBRO,,PA,1501402,100MG7W,NR,SA-NSA,,3350,3350,180,FB,,,760,152312201350,24,25,13,0,X,49,152312201350,251,-1.46467,-48.44896,G,2023-08-31,2008-07-08,,fb09f5f80345a471,2038-04-30,,,Belém
LIC-LIC-01,CLARO S.A.,50409307637,010,105752021,690474113,R VINTE E SETE DE SETEMBRO,,PA,1501402,100MG7W,NR,SA-NSA,,3350,3350,30,FB,,,760,152312201350,24,25,13,0,X,49,152312201350,251,-1.46467,-48.44896,G,2023-08-31,2008-07-08,,fb09f5f80345a472,2038-04-30,,,Belém
LIC-LIC-01,CLARO S.A.,50409307637,010,105752021,690474113,R VINTE E SETE DE SETEMBRO,,PA,1501402,100MG7W,NR,SA-NSA,,3350,3350,300,FB,,,760,152312201350,24,25,13,-1,X,49,152312201350,251,-1.46467,-48.44896,G,2023-08-31,2008-07-08,,fb09f5f80345a473,2038-04-30,,,Belém
LIC-LIC-01,CLARO S.A.,50409307637,010,105752021,690462190,EST DO TAPANÃ,,PA,1501402,100MG7W,NR,SA-NSA,,3350,3350,180,FB,,,760,152312201350,24,25,13,0,X,42,152312201350,251,-1.3475,-48.45778,G,2023-08-31,2008-07-08,,fb09f5f80345a495,2038-04-30,,,Belém
LIC-LIC-01,CLARO S.A.,50409307637,010,105752021,690462190,EST DO TAPANÃ,,PA,1501402,100MG7W,NR,SA-NSA,,3350,3350,270,FB,,,760,152312201350,24,25,13,0,X,42,152312201350,251,-1.3475,-48.45778,G,2023-08-31,2008-07-08,,fb09f5f80345a496,2038-04-30,,,Belém
LIC-LIC-01,CLARO S.A.,50409307637,010,105752021,690462190,EST DO TAPANÃ,,PA,1501402,100MG7W,NR,SA-NSA,,3350,3350,30,FB,,,760,152312201350,24,25,13,0,X,42,152312201350,251,-1.3475,-48.45778,G,2023-08-31,2008-07-08,,fb09f5f80345a497,2038-04-30,,,Belém
LIC-LIC-01,CLARO S.A.,50409307637,010,105752021,690462301,TV ITABORAÍ,,PA,1501402,100MG7W,NR,SA-NSA,,3350,3350,0,FB,,,760,152312201350,24,25,13,-1,X,48,152312201350,251,-1.30181,-48.48661,G,2023-08-31,2008-07-08,,fb09f5f80345a4b8,2038-04-30,,,Belém
LIC-LIC-01,CLARO S.A.,50409307637,010,105752021,690462301,TV ITABORAÍ,,PA,1501402,100MG7W,NR,SA-NSA,,3350,3350,200,FB,,,760,152312201350,24,25,13,-1,X,48,152312201350,251,-1.30181,-48.48661,G,2023-08-31,2008-07-08,,fb09f5f80345a4b9,2038-04-30,,,Belém
LIC-LIC-01,CLARO S.A.,50409307637,010,105752021,690462301,TV ITABORAÍ,,PA,1501402,100MG7W,NR,SA-NSA,,3350,3350,90,FB,,,760,152312201350,24,25,13,-1,X,48,152312201350,251,-1.30181,-48.48661,G,2023-08-31,2008-07-08,,fb09f5f80345a4ba,2038-04-30,,,Belém
LIC-LIC-01,CLARO S.A.,50409307637,010,105752021,692559043,TV TIMBÓ,,PA,1501402,100MG7W,NR,SA-NSA,,3350,3350,190,FB,,,760,152312201350,24,25,13,-2,X,50,152312201350,251,-1.42928,-48.47512,G,2023-08-31,2010-08-09,,fb09f5f80345a4d3,2038-04-30,,,Belém
LIC-LIC-01,CLARO S.A.,50409307637,010,105752021,692559043,TV TIMBÓ,,PA,1501402,100MG7W,NR,SA-NSA,,3350,3350,310,FB,,,760,152312201350,24,25,13,-2,X,50,152312201350,251,-1.42928,-48.47512,G,2023-08-31,2010-08-09,,fb09f5f80345a4d4,2038-04-30,,,Belém
LIC-LIC-01,CLARO S.A.,50409307637,010,105752021,692559043,TV TIMBÓ,,PA,1501402,100MG7W,NR,SA-NSA,,3350,3350,70,FB,,,760,152312201350,24,25,13,-2,X,50,152312201350,251,-1.42928,-48.47512,G,2023-08-31,2010-08-09,,fb09f5f80345a4d5,2038-04-30,,,Belém
LIC-LIC-01,CLARO S.A.,50409307637,010,105752021,690461933,R CUMBICA,,PA,1501402,100MG7W,NR,SA-NSA,,3350,3350,40,FB,,,760,152312201350,24,25,13,0,X,32,152312201350,251,-1.39944,-48.4744,G,2024-11-08,2008-07-08,,16d5f5f803714282,2041-12-08,,,Belém
LIC-LIC-01,CLARO S.A.,50409307637,010,105752021,690461933,R CUMBICA,,PA,1501402,100MG7W,NR,SA-NSA,,3350,3350,160,FB,,,760,152312201350,24,25,13,0,X,32,152312201350,251,-1.39944,-48.4744,G,2024-11-08,2008-07-08,,16d5f5f803714283,2041-12-08,,,Belém
LIC-LIC-01,CLARO S.A.,50409307637,010,105752021,690461933,R CUMBICA,,PA,1501402,100MG7W,NR,SA-NSA,,3350,3350,280,FB,,,760,152312201350,24,25,13,0,X,32,152312201350,251,-1.39944,-48.4744,G,2024-11-08,2008-07-08,,16d5f5f803714284,2041-12-08,,,Belém
LIC-LIC-01,CLARO S.A.,50409307637,010,105752021,1005523492,TV CAPITAO PEDRO ALBUQUERQUE,,PA,1501402,90M0G7W,NR,SA-NSA,,3350,3350,0,FB,,,760,152382201350,24.5,25,12.5,-4,X,41,152382201350,223.8,-1.45844,-48.50194,G,2023-10-18,2018-01-10,,60c9f5f80375fb89,2032-12-22,,,Belém
LIC-LIC-01,CLARO S.A.,50409307637,010,105752021,1005523492,TV CAPITAO PEDRO ALBUQUERQUE,,PA,1501402,90M0G7W,NR,SA-NSA,,3350,3350,110,FB,,,760,152382201350,24.5,25,12.5,-4,X,41,152382201350,223.8,-1.45844,-48.50194,G,2023-10-18,2018-01-10,,60c9f5f80375fb8a,2032-12-22,,,Belém
LIC-LIC-01,CLARO S.A.,50409307637,010,105752021,1005523492,TV CAPITAO PEDRO ALBUQUERQUE,,PA,1501402,90M0G7W,NR,SA-NSA,,3350,3350,240,FB,,,760,152382201350,24.5,25,12.5,-2,X,41,152382201350,223.8,-1.45844,-48.50194,G,2023-10-18,2018-01-10,,60c9f5f80375fb8b,2032-12-22,,,Belém
LIC-LIC-01,CLARO S.A.,50409307637,010,105752021,1014454503,AVENIDA GOVERNADOR JOSE MALCHER,,PA,1501402,100MG7W,NR,SA-NSA,,3350,3350,80,FB,,,760,152382201350,24.5,25,12.5,3,X,45,152382201350,223.8,-1.44885,-48.47727,G,2025-07-14,2022-11-07,100M,4307f5f80350873d,2041-12-08,,,Belém
LIC-LIC-01,CLARO S.A.,50409307637,010,105752021,1014454503,AVENIDA GOVERNADOR JOSE MALCHER,,PA,1501402,100MG7W,NR,SA-NSA,,3350,3350,170,FB,,,760,152382201350,24.5,25,12.5,4,X,45,152382201350,223.8,-1.44885,-48.47727,G,2025-07-14,2022-11-07,100M,4307f5f80350873e,2041-12-08,,,Belém
LIC-LIC-01,CLARO S.A.,50409307637,010,105752021,1014454503,AVENIDA GOVERNADOR JOSE MALCHER,,PA,1501402,100MG7W,NR,SA-NSA,,3350,3350,270,FB,,,760,152382201350,24.5,25,12.5,3,X,45,152382201350,223.8,-1.44885,-48.47727,G,2025-07-14,2022-11-07,100M,4307f5f80350873f,2041-12-08,,,Belém
LIC-LIC-01,CLARO S.A.,50409307637,010,105752021,1015421706,TV HUMAITÁ,,PA,1501402,80M0G7W,NR,SA-NSA,,3350,3350,30,FB,,,760,152382201350,24.5,25,12.5,-2,X,30,152382201350,223.8,-1.44227,-48.46186,G,2024-08-16,2023-10-27,,2ba5f5f80308f8c9,2041-12-08,,,Belém
LIC-LIC-01,CLARO S.A.,50409307637,010,105752021,1015421706,TV HUMAITÁ,,PA,1501402,80M0G7W,NR,SA-NSA,,3350,3350,150,FB,,,760,152382201350,24.5,25,12.5,-2,X,30,152382201350,223.8,-1.44227,-48.46186,G,2024-08-16,2023-10-27,,2ba5f5f80308f8ca,2041-12-08,,,Belém
LIC-LIC-01,CLARO S.A.,50409307637,010,105752021,1015421706,TV HUMAITÁ,,PA,1501402,80M0G7W,NR,SA-NSA,,3350,3350,260,FB,,,760,152382201350,24.5,25,12.5,-2,X,30,152382201350,223.8,-1.44227,-48.46186,G,2024-08-16,2023-10-27,,2ba5f5f80308f8cb,2041-12-08,,,Belém
LIC-LIC-01,CLARO S.A.,50409307637,010,105752021,690462310,EST VELHA DO OUTEIRO,DISTRITO INDUSTRIAL DE ICOARACI,PA,1501402,80M0G7W,NR,SA-NSA,,3350,3350,120,FB,,,760,152312201350,24,25,13,0,X,57,152312201350,251,-1.29165,-48.4529,G,2023-10-27,2008-07-08,,2ba5f5f80308f8ff,2041-12-08,,,Belém
LIC-LIC-01,CLARO S.A.,50409307637,010,105752021,690462310,EST VELHA DO OUTEIRO,DISTRITO INDUSTRIAL DE ICOARACI,PA,1501402,80M0G7W,NR,SA-NSA,,3350,3350,240,FB,,,760,152312201350,24,25,13,0,X,57,152312201350,251,-1.29165,-48.4529,G,2023-10-27,2008-07-08,,2ba5f5f80308f900,2041-12-08,,,Belém
LIC-LIC-01,CLARO S.A.,50409307637,010,105752021,690462310,EST VELHA DO OUTEIRO,DISTRITO INDUSTRIAL DE ICOARACI,PA,1501402,80M0G7W,NR,SA-NSA,,3350,3350,40,FB,,,760,152312201350,24,25,13,0,X,57,152312201350,251,-1.29165,-48.4529,G,2023-10-27,2008-07-08,,2ba5f5f80308f901,2041-12-08,,,Belém
LIC-LIC-01,CLARO S.A.,50409307637,010,105752021,1014454511,PAS EUCLIDES DA CUNHA,,PA,1501402,90M0G7W,NR,SA-NSA,,3350,3350,190,FB,,,760,152382201350,24.5,25,12.5,-8.5,X,48,152382201350,223.8,-1.45885,-48.4853,G,2023-10-27,2022-11-07,,2ba5f5f80308f938,2041-12-08,,,Belém
LIC-LIC-01,CLARO S.A.,50409307637,010,105752021,1014454511,PAS EUCLIDES DA CUNHA,,PA,1501402,90M0G7W,NR,SA-NSA,,3350,3350,300,FB,,,760,152382201350,24.5,25,12.5,-3,X,48,152382201350,223.8,-1.45885,-48.4853,G,2023-10-27,2022-11-07,,2ba5f5f80308f939,2041-12-08,,,Belém
LIC-LIC-01,CLARO S.A.,50409307637,010,105752021,1014454511,PAS EUCLIDES DA CUNHA,,PA,1501402,90M0G7W,NR,SA-NSA,,3350,3350,60,FB,,,760,152382201350,24.5,25,12.5,-2,X,48,152382201350,223.8,-1.45885,-48.4853,G,2023-10-27,2022-11-07,,2ba5f5f80308f93a,2041-12-08,,,Belém
LIC-LIC-01,CLARO S.A.,50409307637,010,105752021,1014424388,AV GENERALISSIMO DEODORO,,PA,1501402,100MG7W,NR,SA-NSA,,3350,3350,150,FB,,,760,152312201350,24,25,13,1,X,28,152312201350,251,-1.44812,-48.48244,G,2025-06-13,2022-10-25,,0c2b85f8033c1600,2041-12-08,,,Belém
LIC-LIC-01,CLARO S.A.,50409307637,010,105752021,1014424388,AV GENERALISSIMO DEODORO,,PA,1501402,100MG7W,NR,SA-NSA,,3350,3350,260,FB,,,760,152312201350,24,25,13,1,X,28,152312201350,251,-1.44812,-48.48244,G,2025-06-13,2022-10-25,,0c2b85f8033c1601,2041-12-08,,,Belém
LIC-LIC-01,CLARO S.A.,50409307637,010,105752021,1014424388,AV GENERALISSIMO DEODORO,,PA,1501402,100MG7W,NR,SA-NSA,,3350,3350,40,FB,,,760,152312201350,24,25,13,1,X,28,152312201350,251,-1.44812,-48.48244,G,2025-06-13,2022-10-25,,0c2b85f8033c1602,2041-12-08,,,Belém
LIC-LIC-01,CLARO S.A.,50409307637,010,105752021,692574816,TV HUMAITÁ,,PA,1501402,100MG7W,NR,SA-NSA,,3350,3350,120,FB,,,760,152312201350,24,25,13,0,X,50,152312201350,251,-1.44582,-48.45593,G,2023-11-13,2010-08-09,,772185f803a4b860,2032-12-22,,,Belém
LIC-LIC-01,CLARO S.A.,50409307637,010,105752021,692574816,TV HUMAITÁ,,PA,1501402,100MG7W,NR,SA-NSA,,3350,3350,250,FB,,,760,152312201350,24,25,13,0,X,50,152312201350,251,-1.44582,-48.45593,G,2023-11-13,2010-08-09,,772185f803a4b861,2032-12-22,,,Belém
LIC-LIC-01,CLARO S.A.,50409307637,010,105752021,692574816,TV HUMAITÁ,,PA,1501402,100MG7W,NR,SA-NSA,,3350,3350,350,FB,,,760,152312201350,24,25,13,0,X,50,152312201350,251,-1.44582,-48.45593,G,2023-11-13,2010-08-09,,772185f803a4b862,2032-12-22,,,Belém
LIC-LIC-01,CLARO S.A.,50409307637,010,105752021,692549935,AV MARQUES DE HERVAL,,PA,1501402,100MG7W,NR,SA-NSA,,3350,3350,190,FB,,,760,152312201350,24,25,13,-3.5,X,60,152312201350,251,-1.42124,-48.46424,G,2025-08-28,2010-08-09,,772185f803a4b878,2041-12-08,,,Belém
LIC-LIC-01,CLARO S.A.,50409307637,010,105752021,692549935,AV MARQUES DE HERVAL,,PA,1501402,100MG7W,NR,SA-NSA,,3350,3350,310,FB,,,760,152312201350,24,25,13,-2.5,X,60,152312201350,251,-1.42124,-48.46424,G,2025-08-28,2010-08-09,,772185f803a4b879,2041-12-08,,,Belém
LIC-LIC-01,CLARO S.A.,50409307637,010,105752021,692549935,AV MARQUES DE HERVAL,,PA,1501402,100MG7W,NR,SA-NSA,,3350,3350,80,FB,,,760,152312201350,24,25,13,-1,X,60,152312201350,251,-1.42124,-48.46424,G,2025-08-28,2010-08-09,,772185f803a4b87a,2041-12-08,,,Belém
LIC-LIC-01,CLARO S.A.,50409307637,010,105752021,690458487,R DOUTOR ASSIS,,PA,1501402,100MG7W,NR,SA-NSA,,3350,3350,0,FB,,,760,152312201350,24,25,13,0,X,19,152312201350,251,-1.45753,-48.50486,G,2023-11-13,2008-06-19,,772185f803a4b89c,2032-12-22,,,Belém
LIC-LIC-01,CLARO S.A.,50409307637,010,105752021,690458487,R DOUTOR ASSIS,,PA,1501402,100MG7W,NR,SA-NSA,,3350,3350,220,FB,,,760,152312201350,24,25,13,0,X,19,152312201350,251,-1.45753,-48.50486,G,2023-11-13,2008-06-19,,772185f803a4b89d,2032-12-22,,,Belém
LIC-LIC-01,CLARO S.A.,50409307637,010,105752021,690458487,R DOUTOR ASSIS,,PA,1501402,100MG7W,NR,SA-NSA,,3350,3350,70,FB,,,760,152312201350,24,25,13,0,X,19,152312201350,251,-1.45753,-48.50486,G,2023-11-13,2008-06-19,,772185f803a4b89e,2032-12-22,,,Belém
LIC-LIC-01,CLARO S.A.,50409307637,010,105752021,690459246,TV DOUTOR ENÉAS PINHEIRO,,PA,1501402,90M0G7W,NR,SA-NSA,,3350,3350,180,FB,,,760,152312201350,24,25,13,-4,X,56,152312201350,251,-1.42802,-48.46162,G,2023-11-13,2008-06-19,,772185f803a4b8c7,2032-12-22,,,Belém
LIC-LIC-01,CLARO S.A.,50409307637,010,105752021,690459246,TV DOUTOR ENÉAS PINHEIRO,,PA,1501402,90M0G7W,NR,SA-NSA,,3350,3350,300,FB,,,760,152312201350,24,25,13,-4,X,54,152312201350,251,-1.42802,-48.46162,G,2023-11-13,2008-06-19,,772185f803a4b8c8,2032-12-22,,,Belém
LIC-LIC-01,CLARO S.A.,50409307637,010,105752021,690459246,TV DOUTOR ENÉAS PINHEIRO,,PA,1501402,90M0G7W,NR,SA-NSA,,3350,3350,60,FB,,,760,152312201350,24,25,13,-2,X,56,152312201350,251,-1.42802,-48.46162,G,2023-11-13,2008-06-19,,772185f803a4b8c9,2032-12-22,,,Belém
LIC-LIC-01,CLARO S.A.,50409307637,010,105752021,692559027,TV 14 DE MARÇO,14 DE MARÇO\  ESQUINA COM BERNAL DO COUTO\\ EDIFÍCIO UMARIZAL,PA,1501402,90M0G7W,NR,SA-NSA,,3350,3350,0,FB,,,760,152382201350,24.5,25,12.5,-1,X,28,152382201350,223.8,-1.43861,-48.48048,G,2023-11-13,2010-08-09,,772185f803a4b8f7,2032-12-22,,,Belém
LIC-LIC-01,CLARO S.A.,50409307637,010,105752021,692559027,TV 14 DE MARÇO,14 DE MARÇO\  ESQUINA COM BERNAL DO COUTO\\ EDIFÍCIO UMARIZAL,PA,1501402,90M0G7W,NR,SA-NSA,,3350,3350,120,FB,,,760,152382201350,24.5,25,12.5,-3.5,X,28,152382201350,223.8,-1.43861,-48.48048,G,2023-11-13,2010-08-09,,772185f803a4b8f8,2032-12-22,,,Belém
LIC-LIC-01,CLARO S.A.,50409307637,010,105752021,692559027,TV 14 DE MARÇO,14 DE MARÇO\  ESQUINA COM BERNAL DO COUTO\\ EDIFÍCIO UMARIZAL,PA,1501402,90M0G7W,NR,SA-NSA,,3350,3350,240,FB,,,760,152382201350,24.5,25,12.5,-2,X,28,152382201350,223.8,-1.43861,-48.48048,G,2023-11-13,2010-08-09,,772185f803a4b8f9,2032-12-22,,,Belém
LIC-LIC-01,CLARO S.A.,50409307637,010,105752021,1014447124,AV DOUTOR MORAES,SEDE DA OI,PA,1501402,80M0G7W,NR,SA-NSA,,3350,3350,150,FB,,,760,152382201350,24.5,25,12.5,-3.5,X,38,152382201350,223.8,-1.455,-48.49,G,2023-11-13,2022-11-04,,772185f803a4b91e,2032-12-22,,,Belém
LIC-LIC-01,CLARO S.A.,50409307637,010,105752021,1014447124,AV DOUTOR MORAES,SEDE DA OI,PA,1501402,80M0G7W,NR,SA-NSA,,3350,3350,290,FB,,,760,152382201350,24.5,25,12.5,-3.5,X,38,152382201350,223.8,-1.455,-48.49,G,2023-11-13,2022-11-04,,772185f803a4b91f,2032-12-22,,,Belém
LIC-LIC-01,CLARO S.A.,50409307637,010,105752021,1014447124,AV DOUTOR MORAES,SEDE DA OI,PA,1501402,80M0G7W,NR,SA-NSA,,3350,3350,30,FB,,,760,152382201350,24.5,25,12.5,-3.5,X,38,152382201350,223.8,-1.455,-48.49,G,2023-11-13,2022-11-04,,772185f803a4b920,2032-12-22,,,Belém
LIC-LIC-01,CLARO S.A.,50409307637,010,105752021,1014454473,R BARÃO DE IGARAPÉ MIRI,,PA,1501402,80M0G7W,NR,SA-NSA,,3350,3350,10,FB,,,760,152312201350,24,25,13,-1,X,50,152312201350,251,-1.46831,-48.45497,G,2024-04-04,2022-11-07,,772185f803a4b998,2041-12-08,,,Belém
LIC-LIC-01,CLARO S.A.,50409307637,010,105752021,1014454473,R BARÃO DE IGARAPÉ MIRI,,PA,1501402,80M0G7W,NR,SA-NSA,,3350,3350,120,FB,,,760,152312201350,24,25,13,0,X,50,152312201350,251,-1.46831,-48.45497,G,2024-04-04,2022-11-07,,772185f803a4b999,2041-12-08,,,Belém
LIC-LIC-01,CLARO S.A.,50409307637,010,105752021,1014454473,R BARÃO DE IGARAPÉ MIRI,,PA,1501402,80M0G7W,NR,SA-NSA,,3350,3350,280,FB,,,760,152312201350,24,25,13,-1,X,50,152312201350,251,-1.46831,-48.45497,G,2024-04-04,2022-11-07,,772185f803a4b99a,2041-12-08,,,Belém
LIC-LIC-01,CLARO S.A.,50409307637,010,105752021,692257306,AV DUQUE DE CAXIAS,Cond. Ed. Ouro Branco (Sindico Antonio Reis),PA,1501402,100MG7W,NR,SA-NSA,,3350,3350,0,FB,,,760,152382201350,24.5,25,12.5,0,X,36,152382201350,223.8,-1.43395,-48.46507,G,2024-04-04,2010-04-06,,c61f85f80289f926,2041-12-08,,,Belém
LIC-LIC-01,CLARO S.A.,50409307637,010,105752021,692257306,AV DUQUE DE CAXIAS,Cond. Ed. Ouro Branco (Sindico Antonio Reis),PA,1501402,100MG7W,NR,SA-NSA,,3350,3350,120,FB,,,760,152382201350,24.5,25,12.5,0,X,36,152382201350,223.8,-1.43395,-48.46507,G,2024-04-04,2010-04-06,,c61f85f80289f927,2041-12-08,,,Belém
LIC-LIC-01,CLARO S.A.,50409307637,010,105752021,692257306,AV DUQUE DE CAXIAS,Cond. Ed. Ouro Branco (Sindico Antonio Reis),PA,1501402,100MG7W,NR,SA-NSA,,3350,3350,240,FB,,,760,152382201350,24.5,25,12.5,0,X,36,152382201350,223.8,-1.43395,-48.46507,G,2024-04-04,2010-04-06,,c61f85f80289f928,2041-12-08,,,Belém
LIC-LIC-01,CLARO S.A.,50409307637,010,105752021,692641890,TRAVESSA PEREBEBUÍ,.,PA,1501402,50M0G7W,NR,SA-NSA,,3350,3350,80,FB,,,760,152312201350,24,25,13,-2,X,50,152312201350,251,-1.41726,-48.47259,G,2023-11-17,2010-08-20,,93a3a5f8039ceaa3,2027-10-18,,,Belém
LIC-LIC-01,CLARO S.A.,50409307637,010,105752021,692641890,TRAVESSA PEREBEBUÍ,.,PA,1501402,50M0G7W,NR,SA-NSA,,3350,3350,200,FB,,,760,152312201350,24,25,13,-2,X,50,152312201350,251,-1.41726,-48.47259,G,2023-11-17,2010-08-20,,93a3a5f8039ceaa4,2027-10-18,,,Belém
LIC-LIC-01,CLARO S.A.,50409307637,010,105752021,692641890,TRAVESSA PEREBEBUÍ,.,PA,1501402,50M0G7W,NR,SA-NSA,,3350,3350,330,FB,,,760,152312201350,24,25,13,-2,X,50,152312201350,251,-1.41726,-48.47259,G,2023-11-17,2010-08-20,,93a3a5f8039ceaa5,2027-10-18,,,Belém
LIC-LIC-01,CLARO S.A.,50409307637,010,105752021,690459980,AVENIDA PEDRO MIRANDA,,PA,1501402,100MG7W,NR,SA-NSA,,3350,3350,10,FB,,,760,152312201350,24,25,13,-4,X,67,152312201350,251,-1.42306,-48.46832,G,2023-11-17,2008-06-19,,93a3a5f8039ceaf4,2027-10-18,,,Belém
LIC-LIC-01,CLARO S.A.,50409307637,010,105752021,690459980,AVENIDA PEDRO MIRANDA,,PA,1501402,100MG7W,NR,SA-NSA,,3350,3350,140,FB,,,760,152312201350,24,25,13,-4,X,67,152312201350,251,-1.42306,-48.46832,G,2023-11-17,2008-06-19,,93a3a5f8039ceaf5,2027-10-18,,,Belém
LIC-LIC-01,CLARO S.A.,50409307637,010,105752021,690459980,AVENIDA PEDRO MIRANDA,,PA,1501402,100MG7W,NR,SA-NSA,,3350,3350,270,FB,,,760,152312201350,24,25,13,-2.5,X,67,152312201350,251,-1.42306,-48.46832,G,2023-11-17,2008-06-19,,93a3a5f8039ceaf6,2027-10-18,,,Belém
LIC-LIC-01,CLARO S.A.,50409307637,010,105752021,690474296,RUA ALTAMIRA,,PA,1501402,90M0G7W,NR,SA-NSA,,3350,3350,60,FB,,,760,152312201350,24,25,13,0,X,40,152312201350,251,-1.40023,-48.45403,G,2023-11-17,2008-07-08,,93a3a5f8039ceb30,2027-10-18,,,Belém
LIC-LIC-01,CLARO S.A.,50409307637,010,105752021,690474296,RUA ALTAMIRA,,PA,1501402,90M0G7W,NR,SA-NSA,,3350,3350,180,FB,,,760,152312201350,24,25,13,0,X,40,152312201350,251,-1.40023,-48.45403,G,2023-11-17,2008-07-08,,93a3a5f8039ceb31,2027-10-18,,,Belém
LIC-LIC-01,CLARO S.A.,50409307637,010,105752021,690474296,RUA ALTAMIRA,,PA,1501402,90M0G7W,NR,SA-NSA,,3350,3350,300,FB,,,760,152312201350,24,25,13,0,X,40,152312201350,251,-1.40023,-48.45403,G,2023-11-17,2008-07-08,,93a3a5f8039ceb32,2027-10-18,,,Belém
LIC-LIC-01,CLARO S.A.,50409307637,010,105752021,690461968,TRAVESSA CAPITÃO TIBÉRIO,,PA,1501402,80M0G7W,NR,SA-NSA,,3350,3350,0,FB,,,760,152312201350,24,25,13,0,X,31.5,152312201350,251,-1.3846,-48.45899,G,2023-11-17,2008-07-08,,93a3a5f8039ceb54,2027-10-18,,,Belém
LIC-LIC-01,CLARO S.A.,50409307637,010,105752021,690461968,TRAVESSA CAPITÃO TIBÉRIO,,PA,1501402,80M0G7W,NR,SA-NSA,,3350,3350,120,FB,,,760,152312201350,24,25,13,0,X,31.5,152312201350,251,-1.3846,-48.45899,G,2023-11-17,2008-07-08,,93a3a5f8039ceb55,2027-10-18,,,Belém
LIC-LIC-01,CLARO S.A.,50409307637,010,105752021,690461968,TRAVESSA CAPITÃO TIBÉRIO,,PA,1501402,80M0G7W,NR,SA-NSA,,3350,3350,240,FB,,,760,152312201350,24,25,13,0,X,31.5,152312201350,251,-1.3846,-48.45899,G,2023-11-17,2008-07-08,,93a3a5f8039ceb56,2027-10-18,,,Belém
LIC-LIC-01,CLARO S.A.,50409307637,010,105752021,690409044,AVENIDA JOSÉ BONIFÁCIO,,PA,1501402,100MG7W,NR,SA-NSA,,3350,3350,70,FB,,,760,152312201350,24,25,13,0,X,40,152312201350,251,-1.46667,-48.4681,G,2023-11-17,2008-06-12,,f14ea5f80386302d,2032-12-22,,,Belém
LIC-LIC-01,CLARO S.A.,50409307637,010,105752021,690409044,AVENIDA JOSÉ BONIFÁCIO,,PA,1501402,100MG7W,NR,SA-NSA,,3350,3350,180,FB,,,760,152312201350,24,25,13,0,X,40,152312201350,251,-1.46667,-48.4681,G,2023-11-17,2008-06-12,,f14ea5f80386302e,2032-12-22,,,Belém
LIC-LIC-01,CLARO S.A.,50409307637,010,105752021,690409044,AVENIDA JOSÉ BONIFÁCIO,,PA,1501402,100MG7W,NR,SA-NSA,,3350,3350,280,FB,,,760,152312201350,24,25,13,0,X,40,152312201350,251,-1.46667,-48.4681,G,2023-11-17,2008-06-12,,f14ea5f80386302f,2032-12-22,,,Belém
LIC-LIC-01,CLARO S.A.,50409307637,010,105752021,1014295472,RODOVIA AUGUSTO MONTENEGRO,,PA,1501402,100MG7W,NR,SA-NSA,,3350,3350,70,FB,,,760,152312201350,24,25,13,1,X,72,152312201350,251,-1.30576,-48.46088,G,2025-07-22,2022-10-03,,f14ea5f80386305a,2041-12-08,,,Belém
LIC-LIC-01,CLARO S.A.,50409307637,010,105752021,1014295472,RODOVIA AUGUSTO MONTENEGRO,,PA,1501402,100MG7W,NR,SA-NSA,,3350,3350,190,FB,,,760,152312201350,24,25,13,1,X,72,152312201350,251,-1.30576,-48.46088,G,2025-07-22,2022-10-03,,f14ea5f80386305b,2041-12-08,,,Belém
LIC-LIC-01,CLARO S.A.,50409307637,010,105752021,1014295472,RODOVIA AUGUSTO MONTENEGRO,,PA,1501402,100MG7W,NR,SA-NSA,,3350,3350,310,FB,,,760,152312201350,24,25,13,3,X,72,152312201350,251,-1.30576,-48.46088,G,2025-07-22,2022-10-03,,f14ea5f80386305c,2041-12-08,,,Belém
LIC-LIC-01,CLARO S.A.,50409307637,010,105752021,1014424370,PSG DEUS E BOM PAI,,PA,1501402,100MG7W,NR,SA-NSA,,3350,3350,0,FB,,,760,152312201350,24,25,13,0,X,44,152312201350,39.8,-1.37762,-48.44401,G,2026-01-23,2022-10-25,,2ce1c5f802cdf0bd,2041-12-08,,,Belém
LIC-LIC-01,CLARO S.A.,50409307637,010,105752021,1014424370,PSG DEUS E BOM PAI,,PA,1501402,100MG7W,NR,SA-NSA,,3350,3350,140,FB,,,760,152312201350,24,25,13,-2,X,44,152312201350,39.8,-1.37762,-48.44401,G,2026-01-23,2022-10-25,,2ce1c5f802cdf0be,2041-12-08,,,Belém
LIC-LIC-01,CLARO S.A.,50409307637,010,105752021,1014424370,PSG DEUS E BOM PAI,,PA,1501402,100MG7W,NR,SA-NSA,,3350,3350,250,FB,,,760,152312201350,24,25,13,0,X,44,152312201350,39.8,-1.37762,-48.44401,G,2026-01-23,2022-10-25,,2ce1c5f802cdf0bf,2041-12-08,,,Belém
LIC-LIC-01,CLARO S.A.,50409307637,010,105752021,690459025,PSG ISMAEL DE CASTRO,,PA,1501402,80M0G7W,NR,SA-NSA,,3350,3350,0,FB,,,760,152312201350,24,25,13,-1,X,38,152312201350,251,-1.45242,-48.46722,G,2023-12-19,2008-06-19,,a823c5f8036eb2b6,2032-12-22,,,Belém
LIC-LIC-01,CLARO S.A.,50409307637,010,105752021,690459025,PSG ISMAEL DE CASTRO,,PA,1501402,80M0G7W,NR,SA-NSA,,3350,3350,140,FB,,,760,152312201350,24,25,13,0,X,38,152312201350,251,-1.45242,-48.46722,G,2023-12-19,2008-06-19,,a823c5f8036eb2b7,2032-12-22,,,Belém
LIC-LIC-01,CLARO S.A.,50409307637,010,105752021,690459025,PSG ISMAEL DE CASTRO,,PA,1501402,80M0G7W,NR,SA-NSA,,3350,3350,260,FB,,,760,152312201350,24,25,13,-2.5,X,38,152312201350,251,-1.45242,-48.46722,G,2023-12-19,2008-06-19,,a823c5f8036eb2b8,2032-12-22,,,Belém
LIC-LIC-01,CLARO S.A.,50409307637,010,105752021,1005952903,R SALDANHA MARINHO,,PA,1501402,100MG7W,NR,SA-NSA,,3350,3350,170,FB,,,760,152382201350,24.5,25,12.5,-8,X,48,152382201350,223.8,-1.45507,-48.50057,G,2024-01-11,2018-03-23,,036ed5f80eab61be,2032-12-22,,,Belém
LIC-LIC-01,CLARO S.A.,50409307637,010,105752021,1005952903,R SALDANHA MARINHO,,PA,1501402,100MG7W,NR,SA-NSA,,3350,3350,280,FB,,,760,152382201350,24.5,25,12.5,-5,X,48,152382201350,223.8,-1.45507,-48.50057,G,2024-01-11,2018-03-23,,036ed5f80eab61bf,2032-12-22,,,Belém
LIC-LIC-01,CLARO S.A.,50409307637,010,105752021,1005952903,R SALDANHA MARINHO,,PA,1501402,100MG7W,NR,SA-NSA,,3350,3350,70,FB,,,760,152382201350,24.5,25,12.5,-8,X,48,152382201350,223.8,-1.45507,-48.50057,G,2024-01-11,2018-03-23,,036ed5f80eab61c0,2032-12-22,,,Belém
LIC-LIC-01,CLARO S.A.,50409307637,010,105752021,1014459696,R DOM ALBERTO GALDENCIO RAMOS,,PA,1501402,100MG7W,NR,SA-NSA,,3350,3350,180,FB,,,760,152382201350,24.5,25,12.5,-2,X,50,152382201350,223.8,-1.45316,-48.48194,G,2024-04-05,2022-11-08,,5b17d5f80417e4e2,2041-12-08,,,Belém
LIC-LIC-01,CLARO S.A.,50409307637,010,105752021,1014459696,R DOM ALBERTO GALDENCIO RAMOS,,PA,1501402,100MG7W,NR,SA-NSA,,3350,3350,290,FB,,,760,152382201350,24.5,25,12.5,-2,X,50,152382201350,223.8,-1.45316,-48.48194,G,2024-04-05,2022-11-08,,5b17d5f80417e4e3,2041-12-08,,,Belém
LIC-LIC-01,CLARO S.A.,50409307637,010,105752021,1014459696,R DOM ALBERTO GALDENCIO RAMOS,,PA,1501402,100MG7W,NR,SA-NSA,,3350,3350,80,FB,,,760,152382201350,24.5,25,12.5,-2,X,50,152382201350,223.8,-1.45316,-48.48194,G,2024-04-05,2022-11-08,,5b17d5f80417e4e4,2041-12-08,,,Belém
LIC-LIC-01,CLARO S.A.,50409307637,010,105752021,1014454457,R 28 DE SETEMBRO,,PA,1501402,100MG7W,NR,SA-NSA,,3350,3350,170,FB,,,760,152382201350,24.5,25,12.5,-4,X,40,152382201350,223.8,-1.44929,-48.49719,G,2024-04-04,2022-11-07,,f3d6d5f803def2d0,2041-12-08,,,Belém
LIC-LIC-01,CLARO S.A.,50409307637,010,105752021,1014454457,R 28 DE SETEMBRO,,PA,1501402,100MG7W,NR,SA-NSA,,3350,3350,290,FB,,,760,152382201350,24.5,25,12.5,-4,X,40,152382201350,223.8,-1.44929,-48.49719,G,2024-04-04,2022-11-07,,f3d6d5f803def2d1,2041-12-08,,,Belém
LIC-LIC-01,CLARO S.A.,50409307637,010,105752021,1014454457,R 28 DE SETEMBRO,,PA,1501402,100MG7W,NR,SA-NSA,,3350,3350,50,FB,,,760,152382201350,24.5,25,12.5,-4,X,40,152382201350,223.8,-1.44929,-48.49719,G,2024-04-04,2022-11-07,,f3d6d5f803def2d2,2041-12-08,,,Belém
LIC-LIC-01,CLARO S.A.,50409307637,010,105752021,1014447060,TRAVESSA JOSE PIO,,PA,1501402,70M0G7W,NR,SA-NSA,,3350,3350,70,FB,,,760,152312201350,24,25,13,-2,X,58,152312201350,251,-1.43412,-48.48368,G,2024-06-10,2022-11-04,,0b8dd5f803d2ee53,2041-12-08,,,Belém
LIC-LIC-01,CLARO S.A.,50409307637,010,105752021,1014447060,TRAVESSA JOSE PIO,,PA,1501402,70M0G7W,NR,SA-NSA,,3350,3350,180,FB,,,760,152312201350,24,25,13,-5,X,58,152312201350,251,-1.43412,-48.48368,G,2024-06-10,2022-11-04,,0b8dd5f803d2ee54,2041-12-08,,,Belém
LIC-LIC-01,CLARO S.A.,50409307637,010,105752021,1014447060,TRAVESSA JOSE PIO,,PA,1501402,70M0G7W,NR,SA-NSA,,3350,3350,280,FB,,,760,152312201350,24,25,13,-5,X,58,152312201350,251,-1.43412,-48.48368,G,2024-06-10,2022-11-04,,0b8dd5f803d2ee55,2041-12-08,,,Belém
LIC-LIC-01,CLARO S.A.,50409307637,010,105752021,1014370156,PASSAGEM JARINA,,PA,1501402,100MG7W,NR,SA-NSA,,3350,3350,0,FB,,,760,152312201350,24,25,13,-2,X,50,152312201350,251,-1.4464,-48.4582,G,2024-06-10,2022-10-20,,292ce5f803e3aebf,2041-12-08,,,Belém
LIC-LIC-01,CLARO S.A.,50409307637,010,105752021,1014370156,PASSAGEM JARINA,,PA,1501402,100MG7W,NR,SA-NSA,,3350,3350,150,FB,,,760,152312201350,24,25,13,0,X,50,152312201350,251,-1.4464,-48.4582,G,2024-06-10,2022-10-20,,292ce5f803e3aec0,2041-12-08,,,Belém
LIC-LIC-01,CLARO S.A.,50409307637,010,105752021,1014370156,PASSAGEM JARINA,,PA,1501402,100MG7W,NR,SA-NSA,,3350,3350,270,FB,,,760,152312201350,24,25,13,-2,X,50,152312201350,251,-1.4464,-48.4582,G,2024-06-10,2022-10-20,,292ce5f803e3aec1,2041-12-08,,,Belém
LIC-LIC-01,CLARO S.A.,50409307637,010,105752021,690550553,EST DA CEASA,KM04 - CURIÓ-UTINGA,PA,1501402,90M0G7W,NR,SA-NSA,,3350,3350,0,FB,,,760,152312201350,24,25,13,0,X,60,152312201350,251,-1.4455,-48.42624,G,2024-09-17,2008-09-30,,292ce5f803e3aee3,2041-12-08,,,Belém
LIC-LIC-01,CLARO S.A.,50409307637,010,105752021,690550553,EST DA CEASA,KM04 - CURIÓ-UTINGA,PA,1501402,90M0G7W,NR,SA-NSA,,3350,3350,150,FB,,,760,152312201350,24,25,13,0,X,60,152312201350,251,-1.4455,-48.42624,G,2024-09-17,2008-09-30,,292ce5f803e3aee4,2041-12-08,,,Belém
LIC-LIC-01,CLARO S.A.,50409307637,010,105752021,690550553,EST DA CEASA,KM04 - CURIÓ-UTINGA,PA,1501402,90M0G7W,NR,SA-NSA,,3350,3350,240,FB,,,760,152312201350,24,25,13,0,X,60,152312201350,251,-1.4455,-48.42624,G,2024-09-17,2008-09-30,,292ce5f803e3aee5,2041-12-08,,,Belém
LIC-LIC-01,CLARO S.A.,50409307637,010,105752021,690461399,PSG PIRES FRANCO,,PA,1501402,100MG7W,NR,SA-NSA,,3350,3350,0,FB,,,760,152312201350,24,25,13,0,X,36,152312201350,251,-1.41799,-48.44876,G,2025-09-09,2008-06-19,,292ce5f803e3af16,2041-12-08,,,Belém
LIC-LIC-01,CLARO S.A.,50409307637,010,105752021,690461399,PSG PIRES FRANCO,,PA,1501402,100MG7W,NR,SA-NSA,,3350,3350,120,FB,,,760,152312201350,24,25,13,0,X,36,152312201350,251,-1.41799,-48.44876,G,2025-09-09,2008-06-19,,292ce5f803e3af17,2041-12-08,,,Belém
LIC-LIC-01,CLARO S.A.,50409307637,010,105752021,690461399,PSG PIRES FRANCO,,PA,1501402,100MG7W,NR,SA-NSA,,3350,3350,240,FB,,,760,152312201350,24,25,13,0,X,36,152312201350,251,-1.41799,-48.44876,G,2025-09-09,2008-06-19,,292ce5f803e3af18,2041-12-08,,,Belém
LIC-LIC-01,CLARO S.A.,50409307637,010,105752021,690461909,PSG OTIL,,PA,1501402,70M0G7W,NR,SA-NSA,,3350,3350,110,FB,,,760,152312201350,24,25,13,0,X,41.4,152312201350,251,-1.40783,-48.42769,G,2024-04-04,2008-07-08,,292ce5f803e3af3a,2041-12-08,,,Belém
LIC-LIC-01,CLARO S.A.,50409307637,010,105752021,690461909,PSG OTIL,,PA,1501402,70M0G7W,NR,SA-NSA,,3350,3350,200,FB,,,760,152312201350,24,25,13,0,X,41.4,152312201350,251,-1.40783,-48.42769,G,2024-04-04,2008-07-08,,292ce5f803e3af3b,2041-12-08,,,Belém
LIC-LIC-01,CLARO S.A.,50409307637,010,105752021,690461909,PSG OTIL,,PA,1501402,70M0G7W,NR,SA-NSA,,3350,3350,340,FB,,,760,152312201350,24,25,13,-2,X,41.4,152312201350,251,-1.40783,-48.42769,G,2024-04-04,2008-07-08,,292ce5f803e3af3c,2041-12-08,,,Belém
LIC-LIC-01,CLARO S.A.,50409307637,010,105752021,1014454465,R ROSO DANIN,,PA,1501402,100MG7W,NR,SA-NSA,,3350,3350,150,FB,,,760,152312201350,24,25,13,0,X,33,152312201350,251,-1.45065,-48.46317,G,2024-02-27,2022-11-07,,f64fe5f8077497a0,2041-12-08,,,Belém
LIC-LIC-01,CLARO S.A.,50409307637,010,105752021,1014454465,R ROSO DANIN,,PA,1501402,100MG7W,NR,SA-NSA,,3350,3350,270,FB,,,760,152312201350,24,25,13,-1,X,33,152312201350,251,-1.45065,-48.46317,G,2024-02-27,2022-11-07,,f64fe5f8077497a1,2041-12-08,,,Belém
LIC-LIC-01,CLARO S.A.,50409307637,010,105752021,1014454465,R ROSO DANIN,,PA,1501402,100MG7W,NR,SA-NSA,,3350,3350,30,FB,,,760,152312201350,24,25,13,-4.5,X,33,152312201350,251,-1.45065,-48.46317,G,2024-02-27,2022-11-07,,f64fe5f8077497a2,2041-12-08,,,Belém
LIC-LIC-01,CLARO S.A.,50409307637,010,105752021,690476566,ROD ARTHUR BERNARDES,,PA,1501402,100MG7W,NR,SA-NSA,,3350,3350,10,FB,,,760,152312201350,24,25,13,0,X,50,152312201350,251,-1.35179,-48.47651,G,2024-02-27,2008-07-08,,140be5f803cdc2c5,2041-12-08,,,Belém
LIC-LIC-01,CLARO S.A.,50409307637,010,105752021,690476566,ROD ARTHUR BERNARDES,,PA,1501402,100MG7W,NR,SA-NSA,,3350,3350,120,FB,,,760,152312201350,24,25,13,0,X,50,152312201350,251,-1.35179,-48.47651,G,2024-02-27,2008-07-08,,140be5f803cdc2c6,2041-12-08,,,Belém
LIC-LIC-01,CLARO S.A.,50409307637,010,105752021,690476566,ROD ARTHUR BERNARDES,,PA,1501402,100MG7W,NR,SA-NSA,,3350,3350,210,FB,,,760,152312201350,24,25,13,0,X,50,152312201350,251,-1.35179,-48.47651,G,2024-02-27,2008-07-08,,140be5f803cdc2c7,2041-12-08,,,Belém
LIC-LIC-01,CLARO S.A.,50409307637,010,105752021,1014447116,ESTRADA DO TAPANA,,PA,1501402,80M0G7W,NR,SA-NSA,,3350,3350,70,FB,,,760,152312201350,24,25,13,0,X,36.5,152312201350,251,-1.34996,-48.45764,G,2024-06-10,2022-11-04,,140be5f803cdc2da,2041-12-08,,,Belém
LIC-LIC-01,CLARO S.A.,50409307637,010,105752021,1014447116,ESTRADA DO TAPANA,,PA,1501402,80M0G7W,NR,SA-NSA,,3350,3350,170,FB,,,760,152312201350,24,25,13,0,X,36.5,152312201350,251,-1.34996,-48.45764,G,2024-06-10,2022-11-04,,140be5f803cdc2db,2041-12-08,,,Belém
LIC-LIC-01,CLARO S.A.,50409307637,010,105752021,1014447116,ESTRADA DO TAPANA,,PA,1501402,80M0G7W,NR,SA-NSA,,3350,3350,270,FB,,,760,152312201350,24,25,13,0,X,36.5,152312201350,251,-1.34996,-48.45764,G,2024-06-10,2022-11-04,,140be5f803cdc2dc,2041-12-08,,,Belém
LIC-LIC-01,CLARO S.A.,50409307637,010,105752021,1014370164,TV WE-10 (CJ SATELITE),,PA,1501402,100MG7W,NR,SA-NSA,,3350,3350,160,FB,,,760,152312201350,24,25,13,0,X,60,152312201350,251,-1.33925,-48.43778,G,2024-02-27,2022-10-20,,140be5f803cdc2fe,2041-12-08,,,Belém
LIC-LIC-01,CLARO S.A.,50409307637,010,105752021,1014370164,TV WE-10 (CJ SATELITE),,PA,1501402,100MG7W,NR,SA-NSA,,3350,3350,20,FB,,,760,152312201350,24,25,13,0,X,60,152312201350,251,-1.33925,-48.43778,G,2024-02-27,2022-10-20,,140be5f803cdc2ff,2041-12-08,,,Belém
LIC-LIC-01,CLARO S.A.,50409307637,010,105752021,1014370164,TV WE-10 (CJ SATELITE),,PA,1501402,100MG7W,NR,SA-NSA,,3350,3350,280,FB,,,760,152312201350,24,25,13,-1,X,60,152312201350,251,-1.33925,-48.43778,G,2024-02-27,2022-10-20,,140be5f803cdc300,2041-12-08,,,Belém
LIC-LIC-01,CLARO S.A.,50409307637,010,105752021,1005952920,R DO RANÁRIO,,PA,1501402,90M0G7W,NR,SA-NSA,,3350,3350,200,FB,,,760,152312201350,24,25,13,-0.5,X,48,152312201350,251,-1.32375,-48.46711,G,2024-02-27,2018-03-23,,140be5f803cdc31c,2041-12-08,,,Belém
LIC-LIC-01,CLARO S.A.,50409307637,010,105752021,1005952920,R DO RANÁRIO,,PA,1501402,90M0G7W,NR,SA-NSA,,3350,3350,330,FB,,,760,152312201350,24,25,13,-0.5,X,48,152312201350,251,-1.32375,-48.46711,G,2024-02-27,2018-03-23,,140be5f803cdc31d,2041-12-08,,,Belém
LIC-LIC-01,CLARO S.A.,50409307637,010,105752021,1005952920,R DO RANÁRIO,,PA,1501402,90M0G7W,NR,SA-NSA,,3350,3350,90,FB,,,760,152312201350,24,25,13,-0.5,X,48,152312201350,251,-1.32375,-48.46711,G,2024-02-27,2018-03-23,,140be5f803cdc31e,2041-12-08,,,Belém
LIC-LIC-01,CLARO S.A.,50409307637,010,105752021,1014510098,VLA MARIA MALCHER,,PA,1501402,100MG7W,NR,SA-NSA,,3350,3350,180,FB,,,760,152312201350,24,25,13,0,X,34.5,152312201350,251,-1.44216,-48.44783,G,2024-03-01,2022-11-28,,0197e5f80d272500,2041-12-08,,,Belém
LIC-LIC-01,CLARO S.A.,50409307637,010,105752021,1014510098,VLA MARIA MALCHER,,PA,1501402,100MG7W,NR,SA-NSA,,3350,3350,270,FB,,,760,152312201350,24,25,13,0,X,34.5,152312201350,251,-1.44216,-48.44783,G,2024-03-01,2022-11-28,,0197e5f80d272501,2041-12-08,,,Belém
LIC-LIC-01,CLARO S.A.,50409307637,010,105752021,1014510098,VLA MARIA MALCHER,,PA,1501402,100MG7W,NR,SA-NSA,,3350,3350,50,FB,,,760,152312201350,24,25,13,0,X,34.5,152312201350,251,-1.44216,-48.44783,G,2024-03-01,2022-11-28,,0197e5f80d272502,2041-12-08,,,Belém
LIC-LIC-01,CLARO S.A.,50409307637,010,105752021,1014454554,PSG ISABEL,,PA,1501402,100MG7W,NR,SA-NSA,,3350,3350,0,FB,,,760,152312201350,24,25,13,-1,X,36,152312201350,251,-1.42517,-48.48297,G,2024-03-01,2022-11-07,,0197e5f80d272547,2041-12-08,,,Belém
LIC-LIC-01,CLARO S.A.,50409307637,010,105752021,1014454554,PSG ISABEL,,PA,1501402,100MG7W,NR,SA-NSA,,3350,3350,120,FB,,,760,152312201350,24,25,13,-1,X,36,152312201350,251,-1.42517,-48.48297,G,2024-03-01,2022-11-07,,0197e5f80d272548,2041-12-08,,,Belém
LIC-LIC-01,CLARO S.A.,50409307637,010,105752021,1014454554,PSG ISABEL,,PA,1501402,100MG7W,NR,SA-NSA,,3350,3350,240,FB,,,760,152312201350,24,25,13,-1,X,36,152312201350,251,-1.42517,-48.48297,G,2024-03-01,2022-11-07,,0197e5f80d272549,2041-12-08,,,Belém
LIC-LIC-01,CLARO S.A.,50409307637,010,105752021,1014454538,R 13 DE MAIO,,PA,1501402,100MG7W,NR,SA-NSA,,3350,3350,0,FB,,,760,152312201350,24,25,13,-6,X,62,152312201350,39.8,-1.45142,-48.49958,G,2026-01-05,2022-11-07,,e5aee5f8054d49ea,2041-12-08,,,Belém
LIC-LIC-01,CLARO S.A.,50409307637,010,105752021,1014454538,R 13 DE MAIO,,PA,1501402,100MG7W,NR,SA-NSA,,3350,3350,100,FB,,,760,152312201350,24,25,13,-8,X,62,152312201350,39.8,-1.45142,-48.49958,G,2026-01-05,2022-11-07,,e5aee5f8054d49eb,2041-12-08,,,Belém
LIC-LIC-01,CLARO S.A.,50409307637,010,105752021,1014454538,R 13 DE MAIO,,PA,1501402,100MG7W,NR,SA-NSA,,3350,3350,260,FB,,,760,152312201350,24,25,13,-8,X,62,152312201350,39.8,-1.45142,-48.49958,G,2026-01-05,2022-11-07,,e5aee5f8054d49ec,2041-12-08,,,Belém
LIC-LIC-01,CLARO S.A.,50409307637,010,105752021,1014779046,PAS MIRANDINHA,,PA,1501402,100MG7W,NR,SA-NSA,,3350,3350,150,FB,,,760,152312201350,24,25,13,-1,X,35,152312201350,251,-1.41551,-48.48732,G,2024-03-06,2023-03-16,,e5aee5f8054d4a1c,2041-12-08,,,Belém
LIC-LIC-01,CLARO S.A.,50409307637,010,105752021,1014779046,PAS MIRANDINHA,,PA,1501402,100MG7W,NR,SA-NSA,,3350,3350,260,FB,,,760,152312201350,24,25,13,-1,X,35,152312201350,251,-1.41551,-48.48732,G,2024-03-06,2023-03-16,,e5aee5f8054d4a1d,2041-12-08,,,Belém
LIC-LIC-01,CLARO S.A.,50409307637,010,105752021,1014779046,PAS MIRANDINHA,,PA,1501402,100MG7W,NR,SA-NSA,,3350,3350,30,FB,,,760,152312201350,24,25,13,-2,X,35,152312201350,251,-1.41551,-48.48732,G,2024-03-06,2023-03-16,,e5aee5f8054d4a1e,2041-12-08,,,Belém
LIC-LIC-01,CLARO S.A.,50409307637,010,105752021,690393326,ROD ARTUR BERNARDES,PASSAGEM OLARIA,PA,1501402,100MG7W,NR,SA-NSA,,3350,3350,0,FB,,,760,152312201350,24,25,13,0,X,26,152312201350,251,-1.37214,-48.47935,G,2024-11-08,2008-06-12,,de33e5f8011c63a2,2041-12-08,,,Belém
LIC-LIC-01,CLARO S.A.,50409307637,010,105752021,690393326,ROD ARTUR BERNARDES,PASSAGEM OLARIA,PA,1501402,100MG7W,NR,SA-NSA,,3350,3350,120,FB,,,760,152312201350,24,25,13,0,X,26,152312201350,251,-1.37214,-48.47935,G,2024-11-08,2008-06-12,,de33e5f8011c63a3,2041-12-08,,,Belém
LIC-LIC-01,CLARO S.A.,50409307637,010,105752021,690393326,ROD ARTUR BERNARDES,PASSAGEM OLARIA,PA,1501402,100MG7W,NR,SA-NSA,,3350,3350,220,FB,,,760,152312201350,24,25,13,0,X,26,152312201350,251,-1.37214,-48.47935,G,2024-11-08,2008-06-12,,de33e5f8011c63a4,2041-12-08,,,Belém
LIC-LIC-01,CLARO S.A.,50409307637,010,105752021,690481624,EST YAMADA,QUADRA C LOTE 06 - PARQUE ORIENTAL,PA,1501402,100MG7W,NR,SA-NSA,,3350,3350,100,FB,,,760,152312201350,24,25,13,0,X,22,152312201350,251,-1.36625,-48.45757,G,2024-11-08,2008-07-08,,de33e5f8011c63c4,2041-12-08,,,Belém
LIC-LIC-01,CLARO S.A.,50409307637,010,105752021,690481624,EST YAMADA,QUADRA C LOTE 06 - PARQUE ORIENTAL,PA,1501402,100MG7W,NR,SA-NSA,,3350,3350,200,FB,,,760,152312201350,24,25,13,0,X,22,152312201350,251,-1.36625,-48.45757,G,2024-11-08,2008-07-08,,de33e5f8011c63c5,2041-12-08,,,Belém
LIC-LIC-01,CLARO S.A.,50409307637,010,105752021,690481624,EST YAMADA,QUADRA C LOTE 06 - PARQUE ORIENTAL,PA,1501402,100MG7W,NR,SA-NSA,,3350,3350,340,FB,,,760,152312201350,24,25,13,0,X,22,152312201350,251,-1.36625,-48.45757,G,2024-11-08,2008-07-08,,de33e5f8011c63c6,2041-12-08,,,Belém
LIC-LIC-01,CLARO S.A.,50409307637,010,105752021,692574832,PSG SÃO JOÃO,LOTE 33  QUADRA 183,PA,1501402,80M0G7W,NR,SA-NSA,,3350,3350,190,FB,,,760,152312201350,24,25,13,0,X,42,152312201350,251,-1.36196,-48.43496,G,2024-03-28,2010-08-09,,16e0e5f803370bad,2041-12-08,,,Belém
LIC-LIC-01,CLARO S.A.,50409307637,010,105752021,692574832,PSG SÃO JOÃO,LOTE 33  QUADRA 183,PA,1501402,80M0G7W,NR,SA-NSA,,3350,3350,310,FB,,,760,152312201350,24,25,13,0,X,42,152312201350,251,-1.36196,-48.43496,G,2024-03-28,2010-08-09,,16e0e5f803370bae,2041-12-08,,,Belém
LIC-LIC-01,CLARO S.A.,50409307637,010,105752021,692574832,PSG SÃO JOÃO,LOTE 33  QUADRA 183,PA,1501402,80M0G7W,NR,SA-NSA,,3350,3350,70,FB,,,760,152312201350,24,25,13,0,X,42,152312201350,251,-1.36196,-48.43496,G,2024-03-28,2010-08-09,,16e0e5f803370baf,2041-12-08,,,Belém
LIC-LIC-01,CLARO S.A.,50409307637,010,105752021,1014424183,AV DALVA,,PA,1501402,100MG7W,NR,SA-NSA,,3350,3350,0,FB,,,760,152312201350,24,25,13,0,X,35,152312201350,251,-1.40442,-48.43972,G,2024-04-02,2022-10-25,,9bc2e5f80268576b,2041-12-08,,,Belém
LIC-LIC-01,CLARO S.A.,50409307637,010,105752021,1014424183,AV DALVA,,PA,1501402,100MG7W,NR,SA-NSA,,3350,3350,120,FB,,,760,152312201350,24,25,13,0,X,35,152312201350,251,-1.40442,-48.43972,G,2024-04-02,2022-10-25,,9bc2e5f80268576c,2041-12-08,,,Belém
LIC-LIC-01,CLARO S.A.,50409307637,010,105752021,1014424183,AV DALVA,,PA,1501402,100MG7W,NR,SA-NSA,,3350,3350,250,FB,,,760,152312201350,24,25,13,-1,X,35,152312201350,251,-1.40442,-48.43972,G,2024-04-02,2022-10-25,,9bc2e5f80268576d,2041-12-08,,,Belém
LIC-LIC-01,CLARO S.A.,50409307637,010,105752021,1014454562,AV PEDRO MIRANDA,,PA,1501402,100MG7W,NR,SA-NSA,,3350,3350,150,FB,,,760,152312201350,24,25,13,0,X,36,152312201350,251,-1.42636,-48.47039,G,2024-04-02,2022-11-07,,9bc2e5f802685792,2041-12-08,,,Belém
LIC-LIC-01,CLARO S.A.,50409307637,010,105752021,1014454562,AV PEDRO MIRANDA,,PA,1501402,100MG7W,NR,SA-NSA,,3350,3350,270,FB,,,760,152312201350,24,25,13,0,X,36,152312201350,251,-1.42636,-48.47039,G,2024-04-02,2022-11-07,,9bc2e5f802685793,2041-12-08,,,Belém
LIC-LIC-01,CLARO S.A.,50409307637,010,105752021,1014454562,AV PEDRO MIRANDA,,PA,1501402,100MG7W,NR,SA-NSA,,3350,3350,30,FB,,,760,152312201350,24,25,13,-3,X,36,152312201350,251,-1.42636,-48.47039,G,2024-04-02,2022-11-07,,9bc2e5f802685794,2041-12-08,,,Belém
LIC-LIC-01,CLARO S.A.,50409307637,010,105752021,1014510071,TV FRANCISCO CALDEIRA CASTELO BRANCO,,PA,1501402,100MG7W,NR,SA-NSA,,3350,3350,120,FB,,,760,152312201350,24,25,13,0,X,40,152312201350,251,-1.44424,-48.47055,G,2024-04-02,2022-11-28,,9bc2e5f8026857b9,2041-12-08,,,Belém
LIC-LIC-01,CLARO S.A.,50409307637,010,105752021,1014510071,TV FRANCISCO CALDEIRA CASTELO BRANCO,,PA,1501402,100MG7W,NR,SA-NSA,,3350,3350,20,FB,,,760,152312201350,24,25,13,-2,X,40,152312201350,251,-1.44424,-48.47055,G,2024-04-02,2022-11-28,,9bc2e5f8026857ba,2041-12-08,,,Belém
LIC-LIC-01,CLARO S.A.,50409307637,010,105752021,1014510071,TV FRANCISCO CALDEIRA CASTELO BRANCO,,PA,1501402,100MG7W,NR,SA-NSA,,3350,3350,260,FB,,,760,152312201350,24,25,13,-4,X,40,152312201350,251,-1.44424,-48.47055,G,2024-04-02,2022-11-28,,9bc2e5f8026857bb,2041-12-08,,,Belém
LIC-LIC-01,CLARO S.A.,50409307637,010,105752021,1013121829,AV BERNARDO SAYÃO,,PA,1501402,100MG7W,NR,SA-NSA,,3350,3350,0,FB,,,760,152312201350,24,25,13,0,X,50,152312201350,251,-1.47756,-48.48548,G,2024-04-02,2022-05-18,,9bc2e5f8026857d7,2041-12-08,,,Belém
LIC-LIC-01,CLARO S.A.,50409307637,010,105752021,1013121829,AV BERNARDO SAYÃO,,PA,1501402,100MG7W,NR,SA-NSA,,3350,3350,180,FB,,,760,152312201350,24,25,13,0,X,50,152312201350,251,-1.47756,-48.48548,G,2024-04-02,2022-05-18,,9bc2e5f8026857d8,2041-12-08,,,Belém
LIC-LIC-01,CLARO S.A.,50409307637,010,105752021,1013121829,AV BERNARDO SAYÃO,,PA,1501402,100MG7W,NR,SA-NSA,,3350,3350,280,FB,,,760,152312201350,24,25,13,0,X,50,152312201350,251,-1.47756,-48.48548,G,2024-04-02,2022-05-18,,9bc2e5f8026857d9,2041-12-08,,,Belém
LIC-LIC-01,CLARO S.A.,50409307637,010,105752021,1006658189,EST VELHA DO OUTEIRO,,PA,1501402,100MG7W,NR,SA-NSA,,3350,3350,130,FB,,,760,152312201350,24,25,13,-1,X,58,152312201350,251,-1.28416,-48.45825,G,2024-04-02,2021-11-05,,9bc2e5f8026857f5,2041-12-08,,,Belém
LIC-LIC-01,CLARO S.A.,50409307637,010,105752021,1006658189,EST VELHA DO OUTEIRO,,PA,1501402,100MG7W,NR,SA-NSA,,3350,3350,230,FB,,,760,152312201350,24,25,13,0,X,58,152312201350,251,-1.28416,-48.45825,G,2024-04-02,2021-11-05,,9bc2e5f8026857f6,2041-12-08,,,Belém
LIC-LIC-01,CLARO S.A.,50409307637,010,105752021,1006658189,EST VELHA DO OUTEIRO,,PA,1501402,100MG7W,NR,SA-NSA,,3350,3350,40,FB,,,760,152312201350,24,25,13,0,X,58,152312201350,251,-1.28416,-48.45825,G,2024-04-02,2021-11-05,,9bc2e5f8026857f7,2041-12-08,,,Belém
LIC-LIC-01,CLARO S.A.,50409307637,010,105752021,1014497458,R 1,COQUEIRO,PA,1501402,100MG7W,NR,SA-NSA,,3350,3350,0,FB,,,760,152312201350,24,25,13,-1.5,X,50,152312201350,251,-1.35044,-48.44928,G,2024-04-05,2022-11-23,,e59de5f8041bd23b,2041-12-08,,,Belém
LIC-LIC-01,CLARO S.A.,50409307637,010,105752021,1014497458,R 1,COQUEIRO,PA,1501402,100MG7W,NR,SA-NSA,,3350,3350,120,FB,,,760,152312201350,24,25,13,-2,X,50,152312201350,251,-1.35044,-48.44928,G,2024-04-05,2022-11-23,,e59de5f8041bd23c,2041-12-08,,,Belém
LIC-LIC-01,CLARO S.A.,50409307637,010,105752021,1014497458,R 1,COQUEIRO,PA,1501402,100MG7W,NR,SA-NSA,,3350,3350,220,FB,,,760,152312201350,24,25,13,0,X,50,152312201350,251,-1.35044,-48.44928,G,2024-04-05,2022-11-23,,e59de5f8041bd23d,2041-12-08,,,Belém
LIC-LIC-01,CLARO S.A.,50409307637,010,105752021,1009639690,R SANTA ISABEL,,PA,1501402,90M0G7W,NR,SA-NSA,,3350,3350,160,FB,,,760,152312201350,24,25,13,-2.5,X,48,152312201350,251,-1.29248,-48.47995,G,2024-04-05,2021-11-09,,e59de5f8041bd28b,2041-12-08,,,Belém
LIC-LIC-01,CLARO S.A.,50409307637,010,105752021,1009639690,R SANTA ISABEL,,PA,1501402,90M0G7W,NR,SA-NSA,,3350,3350,260,FB,,,760,152312201350,24,25,13,0,X,48,152312201350,251,-1.29248,-48.47995,G,2024-04-05,2021-11-09,,e59de5f8041bd28c,2041-12-08,,,Belém
LIC-LIC-01,CLARO S.A.,50409307637,010,105752021,1009639690,R SANTA ISABEL,,PA,1501402,90M0G7W,NR,SA-NSA,,3350,3350,60,FB,,,760,152312201350,24,25,13,0,X,48,152312201350,251,-1.29248,-48.47995,G,2024-04-05,2021-11-09,,e59de5f8041bd28d,2041-12-08,,,Belém
LIC-LIC-01,CLARO S.A.,50409307637,010,105752021,1014424140,TV SARGENTO MUNIZ,,PA,1501402,100MG7W,NR,SA-NSA,,3350,3350,0,FB,,,760,152312201350,24,25,13,0,X,40,152312201350,251,-1.38029,-48.45641,G,2024-04-05,2022-10-25,,e59de5f8041bd2af,2041-12-08,,,Belém
LIC-LIC-01,CLARO S.A.,50409307637,010,105752021,1014424140,TV SARGENTO MUNIZ,,PA,1501402,100MG7W,NR,SA-NSA,,3350,3350,160,FB,,,760,152312201350,24,25,13,0,X,40,152312201350,251,-1.38029,-48.45641,G,2024-04-05,2022-10-25,,e59de5f8041bd2b0,2041-12-08,,,Belém
LIC-LIC-01,CLARO S.A.,50409307637,010,105752021,1014424140,TV SARGENTO MUNIZ,,PA,1501402,100MG7W,NR,SA-NSA,,3350,3350,60,FB,,,760,152312201350,24,25,13,0,X,40,152312201350,251,-1.38029,-48.45641,G,2024-04-05,2022-10-25,,e59de5f8041bd2b1,2041-12-08,,,Belém
LIC-LIC-01,CLARO S.A.,50409307637,010,105752021,1013042279,PSG JAMBU,,PA,1501402,100MG7W,NR,SA-NSA,,3350,3350,0,FB,,,760,152312201350,24,25,13,0,X,40,152312201350,39.8,-1.46165,-48.46395,G,2026-01-21,2022-04-26,,e59de5f8041bd2ca,2041-12-08,,,Belém
LIC-LIC-01,CLARO S.A.,50409307637,010,105752021,1013042279,PSG JAMBU,,PA,1501402,100MG7W,NR,SA-NSA,,3350,3350,120,FB,,,760,152312201350,24,25,13,0,X,40,152312201350,39.8,-1.46165,-48.46395,G,2026-01-21,2022-04-26,,e59de5f8041bd2cb,2041-12-08,,,Belém
LIC-LIC-01,CLARO S.A.,50409307637,010,105752021,1013042279,PSG JAMBU,,PA,1501402,100MG7W,NR,SA-NSA,,3350,3350,240,FB,,,760,152312201350,24,25,13,-2,X,40,152312201350,39.8,-1.46165,-48.46395,G,2026-01-21,2022-04-26,,e59de5f8041bd2cc,2041-12-08,,,Belém
LIC-LIC-01,CLARO S.A.,50409307637,010,105752021,690462212,R ALAMEDA DOIS,CONJUNTO MAGUARI,PA,1501402,100MG7W,NR,SA-NSA,,3350,3350,140,FB,,,760,152312201350,24,25,13,0,X,40,152312201350,251,-1.33389,-48.44833,G,2024-11-08,2008-07-08,,3856e5f86bd7e547,2041-12-08,,,Belém
LIC-LIC-01,CLARO S.A.,50409307637,010,105752021,690462212,R ALAMEDA DOIS,CONJUNTO MAGUARI,PA,1501402,100MG7W,NR,SA-NSA,,3350,3350,20,FB,,,760,152312201350,24,25,13,0,X,40,152312201350,251,-1.33389,-48.44833,G,2024-11-08,2008-07-08,,3856e5f86bd7e548,2041-12-08,,,Belém
LIC-LIC-01,CLARO S.A.,50409307637,010,105752021,690462212,R ALAMEDA DOIS,CONJUNTO MAGUARI,PA,1501402,100MG7W,NR,SA-NSA,,3350,3350,260,FB,,,760,152312201350,24,25,13,0,X,40,152312201350,251,-1.33389,-48.44833,G,2024-11-08,2008-07-08,,3856e5f86bd7e549,2041-12-08,,,Belém
LIC-LIC-01,CLARO S.A.,50409307637,010,105752021,690476779,PSG ALACID NUNES,ESQUINA COM ALAMEDA SÃO PEDRO,PA,1501402,100MG7W,NR,SA-NSA,,3350,3350,180,FB,,,760,152312201350,24,25,13,0,X,38.5,152312201350,251,-1.32599,-48.43853,G,2024-11-08,2008-07-08,,3856e5f86bd7e56d,2041-12-08,,,Belém
LIC-LIC-01,CLARO S.A.,50409307637,010,105752021,690476779,PSG ALACID NUNES,ESQUINA COM ALAMEDA SÃO PEDRO,PA,1501402,100MG7W,NR,SA-NSA,,3350,3350,310,FB,,,760,152312201350,24,25,13,0,X,38.5,152312201350,251,-1.32599,-48.43853,G,2024-11-08,2008-07-08,,3856e5f86bd7e56e,2041-12-08,,,Belém
LIC-LIC-01,CLARO S.A.,50409307637,010,105752021,690476779,PSG ALACID NUNES,ESQUINA COM ALAMEDA SÃO PEDRO,PA,1501402,100MG7W,NR,SA-NSA,,3350,3350,60,FB,,,760,152312201350,24,25,13,0,X,38.5,152312201350,251,-1.32599,-48.43853,G,2024-11-08,2008-07-08,,3856e5f86bd7e56f,2041-12-08,,,Belém
LIC-LIC-01,CLARO S.A.,50409307637,010,105752021,690462271,R ELCIONE BARBALHO,QUADRA 02 - 19A,PA,1501402,100MG7W,NR,SA-NSA,,3350,3350,160,FB,,,760,152312201350,24,25,13,0,X,50,152312201350,251,-1.31251,-48.45086,G,2024-11-08,2008-07-08,,3856e5f86bd7e597,2041-12-08,,,Belém
LIC-LIC-01,CLARO S.A.,50409307637,010,105752021,690462271,R ELCIONE BARBALHO,QUADRA 02 - 19A,PA,1501402,100MG7W,NR,SA-NSA,,3350,3350,270,FB,,,760,152312201350,24,25,13,0,X,50,152312201350,251,-1.31251,-48.45086,G,2024-11-08,2008-07-08,,3856e5f86bd7e598,2041-12-08,,,Belém
LIC-LIC-01,CLARO S.A.,50409307637,010,105752021,690462271,R ELCIONE BARBALHO,QUADRA 02 - 19A,PA,1501402,100MG7W,NR,SA-NSA,,3350,3350,50,FB,,,760,152312201350,24,25,13,0,X,50,152312201350,251,-1.31251,-48.45086,G,2024-11-08,2008-07-08,,3856e5f86bd7e599,2041-12-08,,,Belém
LIC-LIC-01,CLARO S.A.,50409307637,010,105752021,690472803,AL PARQUE VERDE,,PA,1501402,100MG7W,NR,SA-NSA,,3350,3350,0,FB,,,760,152312201350,24,25,13,-2,X,47,152312201350,251,-1.31032,-48.47439,G,2024-05-14,2008-07-08,,3856e5f86bd7e5c4,2041-12-08,,,Belém
LIC-LIC-01,CLARO S.A.,50409307637,010,105752021,690472803,AL PARQUE VERDE,,PA,1501402,100MG7W,NR,SA-NSA,,3350,3350,120,FB,,,760,152312201350,24,25,13,0,X,47,152312201350,251,-1.31032,-48.47439,G,2024-05-14,2008-07-08,,3856e5f86bd7e5c5,2041-12-08,,,Belém
LIC-LIC-01,CLARO S.A.,50409307637,010,105752021,690472803,AL PARQUE VERDE,,PA,1501402,100MG7W,NR,SA-NSA,,3350,3350,240,FB,,,760,152312201350,24,25,13,0,X,47,152312201350,251,-1.31032,-48.47439,G,2024-05-14,2008-07-08,,3856e5f86bd7e5c6,2041-12-08,,,Belém
LIC-LIC-01,CLARO S.A.,50409307637,010,105752021,690462352,AV NOSSA SENHORA DA CONCEIÇÃO,,PA,1501402,90M0G7W,NR,SA-NSA,,3350,3350,0,FB,,,760,152312201350,24,25,13,0,X,48,152312201350,251,-1.25996,-48.4657,G,2024-05-14,2008-07-08,,3856e5f86bd7e5eb,2041-12-08,,,Belém
LIC-LIC-01,CLARO S.A.,50409307637,010,105752021,690462352,AV NOSSA SENHORA DA CONCEIÇÃO,,PA,1501402,90M0G7W,NR,SA-NSA,,3350,3350,240,FB,,,760,152312201350,24,25,13,0,X,48,152312201350,251,-1.25996,-48.4657,G,2024-05-14,2008-07-08,,3856e5f86bd7e5ec,2041-12-08,,,Belém
LIC-LIC-01,CLARO S.A.,50409307637,010,105752021,692550003,TV SOUZA FRANCO,,PA,1501402,70M0G7W,NR,SA-NSA,,3350,3350,180,FB,,,760,152312201350,24,25,13,-2,X,48,152312201350,251,-1.30383,-48.47067,G,2024-05-15,2010-08-09,,3856e5f894c60f67,2041-12-08,,,Belém
LIC-LIC-01,CLARO S.A.,50409307637,010,105752021,692550003,TV SOUZA FRANCO,,PA,1501402,70M0G7W,NR,SA-NSA,,3350,3350,310,FB,,,760,152312201350,24,25,13,-1,X,48,152312201350,251,-1.30383,-48.47067,G,2024-05-15,2010-08-09,,3856e5f894c60f68,2041-12-08,,,Belém
LIC-LIC-01,CLARO S.A.,50409307637,010,105752021,692550003,TV SOUZA FRANCO,,PA,1501402,70M0G7W,NR,SA-NSA,,3350,3350,60,FB,,,760,152312201350,24,25,13,-3,X,48,152312201350,251,-1.30383,-48.47067,G,2024-05-15,2010-08-09,,3856e5f894c60f69,2041-12-08,,,Belém
LIC-LIC-01,CLARO S.A.,50409307637,010,105752021,692549951,R CORONEL JUVENCIO SARMENTO,,PA,1501402,100MG7W,NR,SA-NSA,,3350,3350,170,FB,,,760,152312201350,24,25,13,0,X,50,152312201350,251,-1.3063,-48.48143,G,2024-05-15,2010-08-09,,3856e5f894c60f82,2041-12-08,,,Belém
LIC-LIC-01,CLARO S.A.,50409307637,010,105752021,692549951,R CORONEL JUVENCIO SARMENTO,,PA,1501402,100MG7W,NR,SA-NSA,,3350,3350,310,FB,,,760,152312201350,24,25,13,0,X,50,152312201350,251,-1.3063,-48.48143,G,2024-05-15,2010-08-09,,3856e5f894c60f83,2041-12-08,,,Belém
LIC-LIC-01,CLARO S.A.,50409307637,010,105752021,692549951,R CORONEL JUVENCIO SARMENTO,,PA,1501402,100MG7W,NR,SA-NSA,,3350,3350,50,FB,,,760,152312201350,24,25,13,0,X,50,152312201350,251,-1.3063,-48.48143,G,2024-05-15,2010-08-09,,3856e5f894c60f84,2041-12-08,,,Belém
LIC-LIC-01,CLARO S.A.,50409307637,010,105752021,1013177182,AV ALMIRANTE BARROSO,ESQUINA COM LOMAS VALENTINA,PA,1501402,100MG7W,NR,SA-NSA,,3350,3350,150,FB,,,760,152312201350,24,25,13,6,X,59,152312201350,251,-1.43317,-48.45592,G,2025-08-15,2022-06-10,,3856e5f894c60f9a,2041-12-08,,,Belém
LIC-LIC-01,CLARO S.A.,50409307637,010,105752021,1013177182,AV ALMIRANTE BARROSO,ESQUINA COM LOMAS VALENTINA,PA,1501402,100MG7W,NR,SA-NSA,,3350,3350,270,FB,,,760,152312201350,24,25,13,2,X,59,152312201350,251,-1.43317,-48.45592,G,2025-08-15,2022-06-10,,3856e5f894c60f9b,2041-12-08,,,Belém
LIC-LIC-01,CLARO S.A.,50409307637,010,105752021,1013177182,AV ALMIRANTE BARROSO,ESQUINA COM LOMAS VALENTINA,PA,1501402,100MG7W,NR,SA-NSA,,3350,3350,50,FB,,,760,152312201350,24,25,13,2,X,59,152312201350,251,-1.43317,-48.45592,G,2025-08-15,2022-06-10,,3856e5f894c60f9c,2041-12-08,,,Belém
LIC-LIC-01,CLARO S.A.,50409307637,010,105752021,1006632120,R ATENAS,,PA,1501402,40M0G7W,NR,SA-NSA,,3350,3350,140,FB,,,760,152312201350,24,25,13,0,X,44.2,152312201350,251,-1.33859,-48.45799,G,2024-05-15,2018-05-17,,3856e5f894c60fb8,2041-12-08,,,Belém
LIC-LIC-01,CLARO S.A.,50409307637,010,105752021,1006632120,R ATENAS,,PA,1501402,40M0G7W,NR,SA-NSA,,3350,3350,20,FB,,,760,152312201350,24,25,13,0,X,44.2,152312201350,251,-1.33859,-48.45799,G,2024-05-15,2018-05-17,,3856e5f894c60fb9,2041-12-08,,,Belém
LIC-LIC-01,CLARO S.A.,50409307637,010,105752021,1006632120,R ATENAS,,PA,1501402,40M0G7W,NR,SA-NSA,,3350,3350,260,FB,,,760,152312201350,24,25,13,0,X,44.2,152312201350,251,-1.33859,-48.45799,G,2024-05-15,2018-05-17,,3856e5f894c60fba,2041-12-08,,,Belém
LIC-LIC-01,CLARO S.A.,50409307637,010,105752021,690393148,R QUARENTA E QUATRO,CONJ. PRO MORAR,PA,1501402,100MG7W,NR,SA-NSA,,3350,3350,10,FB,,,760,152312201350,24,25,13,0,X,40,152312201350,251,-1.40034,-48.49065,G,2024-11-08,2008-06-12,,3856e5f8961a0a20,2041-12-08,,,Belém
LIC-LIC-01,CLARO S.A.,50409307637,010,105752021,690393148,R QUARENTA E QUATRO,CONJ. PRO MORAR,PA,1501402,100MG7W,NR,SA-NSA,,3350,3350,100,FB,,,760,152312201350,24,25,13,0,X,40,152312201350,251,-1.40034,-48.49065,G,2024-11-08,2008-06-12,,3856e5f8961a0a21,2041-12-08,,,Belém
LIC-LIC-01,CLARO S.A.,50409307637,010,105752021,690393148,R QUARENTA E QUATRO,CONJ. PRO MORAR,PA,1501402,100MG7W,NR,SA-NSA,,3350,3350,200,FB,,,760,152312201350,24,25,13,0,X,40,152312201350,251,-1.40034,-48.49065,G,2024-11-08,2008-06-12,,3856e5f8961a0a22,2041-12-08,,,Belém
LIC-LIC-01,CLARO S.A.,50409307637,010,105752021,1014454589,TV PADRE EUTIQUIO,,PA,1501402,100MG7W,NR,SA-NSA,,3350,3350,130,FB,,,760,152312201350,24,25,13,-3,X,50,152312201350,251,-1.47034,-48.47827,G,2024-05-14,2022-11-07,,3856e5f8716afc96,2041-12-08,,,Belém
LIC-LIC-01,CLARO S.A.,50409307637,010,105752021,1014454589,TV PADRE EUTIQUIO,,PA,1501402,100MG7W,NR,SA-NSA,,3350,3350,290,FB,,,760,152312201350,24,25,13,-2,X,50,152312201350,251,-1.47034,-48.47827,G,2024-05-14,2022-11-07,,3856e5f8716afc97,2041-12-08,,,Belém
LIC-LIC-01,CLARO S.A.,50409307637,010,105752021,1014454589,TV PADRE EUTIQUIO,,PA,1501402,100MG7W,NR,SA-NSA,,3350,3350,30,FB,,,760,152312201350,24,25,13,-3,X,50,152312201350,251,-1.47034,-48.47827,G,2024-05-14,2022-11-07,,3856e5f8716afc98,2041-12-08,,,Belém
LIC-LIC-01,CLARO S.A.,50409307637,010,105752021,691237999,ROD AUGUSTO MONTENEGRO,,PA,1501402,100MG7W,NR,SA-NSA,,3350,3350,180,FB,,,760,152312201350,24,25,13,0,X,48,152312201350,251,-1.32213,-48.4547,G,2024-05-14,2009-03-20,,3856e5f8716afeea,2041-12-08,,,Belém
LIC-LIC-01,CLARO S.A.,50409307637,010,105752021,691237999,ROD AUGUSTO MONTENEGRO,,PA,1501402,100MG7W,NR,SA-NSA,,3350,3350,320,FB,,,760,152312201350,24,25,13,0,X,48,152312201350,251,-1.32213,-48.4547,G,2024-05-14,2009-03-20,,3856e5f8716afeeb,2041-12-08,,,Belém
LIC-LIC-01,CLARO S.A.,50409307637,010,105752021,691237999,ROD AUGUSTO MONTENEGRO,,PA,1501402,100MG7W,NR,SA-NSA,,3350,3350,80,FB,,,760,152312201350,24,25,13,0,X,48,152312201350,251,-1.32213,-48.4547,G,2024-05-14,2009-03-20,,3856e5f8716afeec,2041-12-08,,,Belém
LIC-LIC-01,CLARO S.A.,50409307637,010,105752021,1005347619,TV WE 2,,PA,1501402,70M0G7W,NR,SA-NSA,,3350,3350,180,FB,,,760,152312201350,24,25,13,0,X,44,152312201350,251,-1.3444,-48.44502,G,2024-05-08,2017-12-07,,3856e5f8669dd111,2041-12-08,,,Belém
LIC-LIC-01,CLARO S.A.,50409307637,010,105752021,1005347619,TV WE 2,,PA,1501402,70M0G7W,NR,SA-NSA,,3350,3350,280,FB,,,760,152312201350,24,25,13,0,X,44,152312201350,251,-1.3444,-48.44502,G,2024-05-08,2017-12-07,,3856e5f8669dd112,2041-12-08,,,Belém
LIC-LIC-01,CLARO S.A.,50409307637,010,105752021,1005347619,TV WE 2,,PA,1501402,70M0G7W,NR,SA-NSA,,3350,3350,30,FB,,,760,152312201350,24,25,13,0,X,44,152312201350,251,-1.3444,-48.44502,G,2024-05-08,2017-12-07,,3856e5f8669dd113,2041-12-08,,,Belém
LIC-LIC-01,CLARO S.A.,50409307637,010,105752021,1015834130,AV PRESIDENTE VARGAS,,PA,1501402,100MG7W,NR,SA-NSA,,2325,2325,100,FB,,,760,,23,28,13,0,X,3,049362201350,50,-1.45271,-48.49538,G,2024-06-05,2024-06-05,,c29a364886e4e0fe,2041-12-08,,,Belém
LIC-LIC-01,CLARO S.A.,50409307637,010,105752021,1015834148,AV PRESIDENTE VARGAS,BANCA DE REVISTA,PA,1501402,70M0G7W,NR,SA-NSA,,2325,2325,300,FB,,,760,,23,28,13,-2,X,3,049362201350,50,-1.45373,-48.49326,G,2024-06-05,2024-06-05,,c29a364886e4e0ff,2041-12-08,,,Belém
LIC-LIC-01,CLARO S.A.,50409307637,010,105752021,1014454490,TRAVESSA TIMBO,,PA,1501402,80M0G7W,NR,SA-NSA,,3350,3350,40,FB,,,760,152312201350,24,25,13,-1,X,38,152312201350,251,-1.43316,-48.4704,G,2024-07-08,2022-11-07,,9f133648f740e08b,2041-12-08,,,Belém
LIC-LIC-01,CLARO S.A.,50409307637,010,105752021,1014454490,TRAVESSA TIMBO,,PA,1501402,80M0G7W,NR,SA-NSA,,3350,3350,160,FB,,,760,152312201350,24,25,13,-1,X,38,152312201350,251,-1.43316,-48.4704,G,2024-07-08,2022-11-07,,9f133648f740e08c,2041-12-08,,,Belém
LIC-LIC-01,CLARO S.A.,50409307637,010,105752021,1014454490,TRAVESSA TIMBO,,PA,1501402,80M0G7W,NR,SA-NSA,,3350,3350,280,FB,,,760,152312201350,24,25,13,-1,X,38,152312201350,251,-1.43316,-48.4704,G,2024-07-08,2022-11-07,,9f133648f740e08d,2041-12-08,,,Belém
LIC-LIC-01,CLARO S.A.,50409307637,010,105752021,1015930171,RUA DEZESSETE,CJ PROMORAR,PA,1501402,80M0G7W,NR,SA-NSA,,3350,3350,50,FB,,,760,152312201350,24,25,13,-1,X,40,152312201350,251,-1.39941,-48.48105,G,2024-07-08,2024-07-08,,9f133648f740e0a6,2041-12-08,,,Belém
LIC-LIC-01,CLARO S.A.,50409307637,010,105752021,1015930171,RUA DEZESSETE,CJ PROMORAR,PA,1501402,80M0G7W,NR,SA-NSA,,3350,3350,160,FB,,,760,152312201350,24,25,13,-1,X,40,152312201350,251,-1.39941,-48.48105,G,2024-07-08,2024-07-08,,9f133648f740e0a7,2041-12-08,,,Belém
LIC-LIC-01,CLARO S.A.,50409307637,010,105752021,1015930171,RUA DEZESSETE,CJ PROMORAR,PA,1501402,80M0G7W,NR,SA-NSA,,3350,3350,280,FB,,,760,152312201350,24,25,13,0,X,40,152312201350,251,-1.39941,-48.48105,G,2024-07-08,2024-07-08,,9f133648f740e0a8,2041-12-08,,,Belém
LIC-LIC-01,CLARO S.A.,50409307637,010,105752021,1014510101,AV JOÃO PAULO II,,PA,1501402,100MG7W,NR,SA-NSA,,3350,3350,160,FB,,,760,152312201350,24,25,13,-1,X,37,152312201350,251,-1.43683,-48.45467,G,2025-02-11,2022-11-28,,9f13364848a0fd21,2041-12-08,,,Belém
LIC-LIC-01,CLARO S.A.,50409307637,010,105752021,1014510101,AV JOÃO PAULO II,,PA,1501402,100MG7W,NR,SA-NSA,,3350,3350,300,FB,,,760,152312201350,24,25,13,-2.5,X,37,152312201350,251,-1.43683,-48.45467,G,2025-02-11,2022-11-28,,9f13364848a0fd22,2041-12-08,,,Belém
LIC-LIC-01,CLARO S.A.,50409307637,010,105752021,1014510101,AV JOÃO PAULO II,,PA,1501402,100MG7W,NR,SA-NSA,,3350,3350,60,FB,,,760,152312201350,24,25,13,-1,X,37,152312201350,251,-1.43683,-48.45467,G,2025-02-11,2022-11-28,,9f13364848a0fd23,2041-12-08,,,Belém
LIC-LIC-01,CLARO S.A.,50409307637,010,105752021,1015930392,AL FLOR DE LIZ,CONJUNTO CAFÉ LIBERAL,PA,1501402,80M0G7W,NR,SA-NSA,,3350,3350,160,FB,,,760,152312201350,24,25,13,0,X,45.3,152312201350,251,-1.31411,-48.463,G,2024-07-08,2024-07-08,,9f13364848a0fd33,2041-12-08,,,Belém
LIC-LIC-01,CLARO S.A.,50409307637,010,105752021,1015930392,AL FLOR DE LIZ,CONJUNTO CAFÉ LIBERAL,PA,1501402,80M0G7W,NR,SA-NSA,,3350,3350,270,FB,,,760,152312201350,24,25,13,0,X,45.3,152312201350,251,-1.31411,-48.463,G,2024-07-08,2024-07-08,,9f13364848a0fd34,2041-12-08,,,Belém
LIC-LIC-01,CLARO S.A.,50409307637,010,105752021,1015930392,AL FLOR DE LIZ,CONJUNTO CAFÉ LIBERAL,PA,1501402,80M0G7W,NR,SA-NSA,,3350,3350,40,FB,,,760,152312201350,24,25,13,-1,X,45.3,152312201350,251,-1.31411,-48.463,G,2024-07-08,2024-07-08,,9f13364848a0fd35,2041-12-08,,,Belém
LIC-LIC-01,CLARO S.A.,50409307637,010,105752021,1015930406,PAS JOHN ENGELHARD,,PA,1501402,70M0G7W,NR,SA-NSA,,3350,3350,0,FB,,,760,152312201350,24,25,13,0,X,22,152312201350,251,-1.36157,-48.47598,G,2024-07-08,2024-07-08,,9f13364848a0fd39,2041-12-08,,,Belém
LIC-LIC-01,CLARO S.A.,50409307637,010,105752021,1015930406,PAS JOHN ENGELHARD,,PA,1501402,70M0G7W,NR,SA-NSA,,3350,3350,110,FB,,,760,152312201350,24,25,13,0,X,22,152312201350,251,-1.36157,-48.47598,G,2024-07-08,2024-07-08,,9f13364848a0fd3a,2041-12-08,,,Belém
LIC-LIC-01,CLARO S.A.,50409307637,010,105752021,1015930406,PAS JOHN ENGELHARD,,PA,1501402,70M0G7W,NR,SA-NSA,,3350,3350,220,FB,,,760,152312201350,24,25,13,0,X,22,152312201350,251,-1.36157,-48.47598,G,2024-07-08,2024-07-08,,9f13364848a0fd3b,2041-12-08,,,Belém
LIC-LIC-01,CLARO S.A.,50409307637,010,105752021,1014295464,R PADRE JÚLIO MARIA,,PA,1501402,40M0G7W,NR,SA-NSA,,3350,3350,190,FB,,,760,152312201350,24,25,13,0,X,27,152312201350,251,-1.30969,-48.48461,G,2024-08-02,2022-10-03,,c29a3648a6d9aa8c,2041-12-08,,,Belém
LIC-LIC-01,CLARO S.A.,50409307637,010,105752021,1014295464,R PADRE JÚLIO MARIA,,PA,1501402,40M0G7W,NR,SA-NSA,,3350,3350,310,FB,,,760,152312201350,24,25,13,0,X,27,152312201350,251,-1.30969,-48.48461,G,2024-08-02,2022-10-03,,c29a3648a6d9aa8d,2041-12-08,,,Belém
LIC-LIC-01,CLARO S.A.,50409307637,010,105752021,1014295464,R PADRE JÚLIO MARIA,,PA,1501402,40M0G7W,NR,SA-NSA,,3350,3350,70,FB,,,760,152312201350,24,25,13,0,X,27,152312201350,251,-1.30969,-48.48461,G,2024-08-02,2022-10-03,,c29a3648a6d9aa8e,2041-12-08,,,Belém
LIC-LIC-01,CLARO S.A.,50409307637,010,105752021,1014459700,TV DOUTOR EVANDRO BONA,,PA,1501402,100MG7W,NR,SA-NSA,,3350,3350,140,FB,,,760,152312201350,24,25,13,0,X,50,152312201350,251,-1.26557,-48.45211,G,2024-08-02,2022-11-08,,c29a3648a6d9aab3,2041-12-08,,,Belém
LIC-LIC-01,CLARO S.A.,50409307637,010,105752021,1014459700,TV DOUTOR EVANDRO BONA,,PA,1501402,100MG7W,NR,SA-NSA,,3350,3350,260,FB,,,760,152312201350,24,25,13,0,X,50,152312201350,251,-1.26557,-48.45211,G,2024-08-02,2022-11-08,,c29a3648a6d9aab4,2041-12-08,,,Belém
LIC-LIC-01,CLARO S.A.,50409307637,010,105752021,1014459700,TV DOUTOR EVANDRO BONA,,PA,1501402,100MG7W,NR,SA-NSA,,3350,3350,40,FB,,,760,152312201350,24,25,13,0,X,50,152312201350,251,-1.26557,-48.45211,G,2024-08-02,2022-11-08,,c29a3648a6d9aab5,2041-12-08,,,Belém
LIC-LIC-01,CLARO S.A.,50409307637,010,105752021,1016039600,AV NOSSA SENHORA DE NAZARÉ,,PA,1501402,100MG7W,NR,SA-NSA,,3350,3350,130,FB,,,760,,12.5,25,68,0,X,3,120552301350,320,-1.45368,-48.49101,G,2024-08-21,2024-08-21,,c29a3648bb00338e,2041-12-08,,,Belém
LIC-LIC-01,CLARO S.A.,50409307637,010,105752021,1016039600,AV NOSSA SENHORA DE NAZARÉ,,PA,1501402,100MG7W,NR,SA-NSA,,3350,3350,260,FB,,,760,,12.5,25,68,0,X,4,120552301350,320,-1.45368,-48.49101,G,2024-08-21,2024-08-21,,c29a3648bb00338f,2041-12-08,,,Belém
LIC-LIC-01,CLARO S.A.,50409307637,010,105752021,1016039600,AV NOSSA SENHORA DE NAZARÉ,,PA,1501402,100MG7W,NR,SA-NSA,,3350,3350,350,FB,,,760,,12.5,25,68,0,X,3,120552301350,320,-1.45368,-48.49101,G,2024-08-21,2024-08-21,,c29a3648bb003390,2041-12-08,,,Belém
LIC-LIC-01,CLARO S.A.,50409307637,010,105752021,1014454481,PAS JOSE DE ALENCAR,,PA,1501402,100MG7W,NR,SA-NSA,,3350,3350,200,FB,,,760,152312201350,24,25,13,0,X,50,152312201350,251,-1.40444,-48.42556,G,2024-08-21,2022-11-07,,c29a3648bb0033b5,2041-12-08,,,Belém
LIC-LIC-01,CLARO S.A.,50409307637,010,105752021,1014454481,PAS JOSE DE ALENCAR,,PA,1501402,100MG7W,NR,SA-NSA,,3350,3350,320,FB,,,760,152312201350,24,25,13,0,X,50,152312201350,251,-1.40444,-48.42556,G,2024-08-21,2022-11-07,,c29a3648bb0033b6,2041-12-08,,,Belém
LIC-LIC-01,CLARO S.A.,50409307637,010,105752021,1014454481,PAS JOSE DE ALENCAR,,PA,1501402,100MG7W,NR,SA-NSA,,3350,3350,80,FB,,,760,152312201350,24,25,13,0,X,50,152312201350,251,-1.40444,-48.42556,G,2024-08-21,2022-11-07,,c29a3648bb0033b7,2041-12-08,,,Belém
LIC-LIC-01,CLARO S.A.,50409307637,010,105752021,1005952938,ROD ARTHUR BERNADES,,PA,1501402,100MG7W,NR,SA-NSA,,3350,3350,200,FB,,,760,152312201350,24,25,13,-2,X,50,152312201350,251,-1.33806,-48.47919,G,2024-08-21,2018-03-23,,c29a3648bb0033df,2041-12-08,,,Belém
LIC-LIC-01,CLARO S.A.,50409307637,010,105752021,1005952938,ROD ARTHUR BERNADES,,PA,1501402,100MG7W,NR,SA-NSA,,3350,3350,330,FB,,,760,152312201350,24,25,13,-2,X,50,152312201350,251,-1.33806,-48.47919,G,2024-08-21,2018-03-23,,c29a3648bb0033e0,2041-12-08,,,Belém
LIC-LIC-01,CLARO S.A.,50409307637,010,105752021,1005952938,ROD ARTHUR BERNADES,,PA,1501402,100MG7W,NR,SA-NSA,,3350,3350,90,FB,,,760,152312201350,24,25,13,-2,X,50,152312201350,251,-1.33806,-48.47919,G,2024-08-21,2018-03-23,,c29a3648bb0033e1,2041-12-08,,,Belém
LIC-LIC-01,CLARO S.A.,50409307637,010,105752021,692338675,ESTRADA TAPANÃ,,PA,1501402,100MG7W,NR,SA-NSA,,3350,3350,20,FB,,,760,152312201350,24,25,13,0,X,39.5,152312201350,251,-1.34185,-48.46813,G,2024-08-28,2010-04-27,,8b970ae803bbf51e,2041-12-08,,,Belém
LIC-LIC-01,CLARO S.A.,50409307637,010,105752021,692338675,ESTRADA TAPANÃ,,PA,1501402,100MG7W,NR,SA-NSA,,3350,3350,120,FB,,,760,152312201350,24,25,13,0,X,39.5,152312201350,251,-1.34185,-48.46813,G,2024-08-28,2010-04-27,,8b970ae803bbf51f,2041-12-08,,,Belém
LIC-LIC-01,CLARO S.A.,50409307637,010,105752021,692338675,ESTRADA TAPANÃ,,PA,1501402,100MG7W,NR,SA-NSA,,3350,3350,240,FB,,,760,152312201350,24,25,13,0,X,39.5,152312201350,251,-1.34185,-48.46813,G,2024-08-28,2010-04-27,,8b970ae803bbf520,2041-12-08,,,Belém
LIC-LIC-01,CLARO S.A.,50409307637,010,105752021,1008139715,AV DOUTOR FREITAS,HANGAR - CENTRO DE CONVENÇÕES E FEIRAS DA AMAZÔNIA ,PA,1501402,80M0G7W,NR,SA-NSA,,3350,3350,0,FB,,,168,,2,0,360,0,X,3,120552301350,320,-1.42182,-48.45672,G,2025-08-06,2019-02-17,,d9803ae80273e61e,2041-12-08,,,Belém
LIC-LIC-01,CLARO S.A.,50409307637,010,105752021,1008239507,TV RUI BARBOSA,,PA,1501402,100MG7W,NR,SA-NSA,,3350,3350,0,FB,,,168,,25,0,360,0,X,3,097592201350,1,-1.45059,-48.48898,E,2024-09-11,2019-03-19,,d9803ae8037dd3e9,2041-12-08,,,Belém
LIC-LIC-01,CLARO S.A.,50409307637,010,105752021,1016081852,AV PRESIDENTE VARGAS,ESQ COM A RUA SENADOR MANOEL BARATA,PA,1501402,40M0G7W,NR,SA-NSA,,3350,3350,140,FB,,,760,,12.8,25,68,0,X,3,120552301350,320,-1.45046,-48.4973,G,2024-09-11,2024-09-11,,d9803ae8037dd3f7,2041-12-08,,,Belém
LIC-LIC-01,CLARO S.A.,50409307637,010,105752021,1016081852,AV PRESIDENTE VARGAS,ESQ COM A RUA SENADOR MANOEL BARATA,PA,1501402,40M0G7W,NR,SA-NSA,,3350,3350,350,FB,,,760,,12.8,25,68,0,X,3,120552301350,320,-1.45046,-48.4973,G,2024-09-11,2024-09-11,,d9803ae8037dd3f8,2041-12-08,,,Belém
LIC-LIC-01,CLARO S.A.,50409307637,010,105752021,1014875932,R GASPAR VIANA,AO LADO DA IGREJA NOSSA SENHORA DAS MERCÊS,PA,1501402,90M0G7W,NR,SA-NSA,,3350,3350,220,FB,,,760,,12.5,25,68,0,X,3,120552301350,320,-1.45108,-48.50106,G,2024-09-18,2023-04-26,,d2d46ae802b7365e,2041-12-08,,,Belém
LIC-LIC-01,CLARO S.A.,50409307637,010,105752021,1014875932,R GASPAR VIANA,AO LADO DA IGREJA NOSSA SENHORA DAS MERCÊS,PA,1501402,90M0G7W,NR,SA-NSA,,3350,3350,40,FB,,,760,,12.5,25,68,0,X,3,120552301350,320,-1.45108,-48.50106,G,2024-09-18,2023-04-26,,d2d46ae802b7365f,2041-12-08,,,Belém
LIC-LIC-01,CLARO S.A.,50409307637,010,105752021,1014875940,R QUINZE DE NOVEMBRO,ESQ COM PADRE EUTÍQUIO,PA,1501402,100MG7W,NR,SA-NSA,,3350,3350,220,FB,,,760,,12.5,25,68,0,X,3,120552301350,320,-1.45211,-48.502,G,2024-09-18,2023-04-26,,d2d46ae802b7366e,2041-12-08,,,Belém
LIC-LIC-01,CLARO S.A.,50409307637,010,105752021,1014875940,R QUINZE DE NOVEMBRO,ESQ COM PADRE EUTÍQUIO,PA,1501402,100MG7W,NR,SA-NSA,,3350,3350,40,FB,,,760,,12.5,25,68,0,X,3,120552301350,320,-1.45211,-48.502,G,2024-09-18,2023-04-26,,d2d46ae802b7366f,2041-12-08,,,Belém
LIC-LIC-01,CLARO S.A.,50409307637,010,105752021,1014875959,R QUINZE DE NOVEMBRO,ESQ COM AV PORTUGAL,PA,1501402,100MG7W,NR,SA-NSA,,3350,3350,220,FB,,,760,,12.5,25,68,0,X,3,120552301350,320,-1.45337,-48.50333,G,2024-09-18,2023-04-26,,d2d46ae802b7367e,2041-12-08,,,Belém
LIC-LIC-01,CLARO S.A.,50409307637,010,105752021,1014875959,R QUINZE DE NOVEMBRO,ESQ COM AV PORTUGAL,PA,1501402,100MG7W,NR,SA-NSA,,3350,3350,40,FB,,,760,,12.5,25,68,0,X,3,120552301350,320,-1.45337,-48.50333,G,2024-09-18,2023-04-26,,d2d46ae802b7367f,2041-12-08,,,Belém
LIC-LIC-01,CLARO S.A.,50409307637,010,105752021,1014875967,R CONSELHEIRO JOAO ALFREDO,ESQ COM R SETE DE SETEMBRO,PA,1501402,90M0G7W,NR,SA-NSA,,3350,3350,230,FB,,,760,,12.5,25,68,0,X,3,120552301350,320,-1.45325,-48.50213,G,2024-09-18,2023-04-26,,d2d46ae802b7368e,2041-12-08,,,Belém
LIC-LIC-01,CLARO S.A.,50409307637,010,105752021,1014875967,R CONSELHEIRO JOAO ALFREDO,ESQ COM R SETE DE SETEMBRO,PA,1501402,90M0G7W,NR,SA-NSA,,3350,3350,50,FB,,,760,,12.5,25,68,0,X,3,120552301350,320,-1.45325,-48.50213,G,2024-09-18,2023-04-26,,d2d46ae802b7368f,2041-12-08,,,Belém
LIC-LIC-01,CLARO S.A.,50409307637,010,105752021,1014875975,R CONSELHEIRO JOAO ALFREDO,ESQ COM TV CAMPOS SALES,PA,1501402,100MG7W,NR,SA-NSA,,3350,3350,215,FB,,,760,,12.5,25,68,0,X,3,120552301350,320,-1.45199,-48.501,G,2024-09-18,2023-04-26,,d2d46ae802b7369e,2041-12-08,,,Belém
LIC-LIC-01,CLARO S.A.,50409307637,010,105752021,1014875975,R CONSELHEIRO JOAO ALFREDO,ESQ COM TV CAMPOS SALES,PA,1501402,100MG7W,NR,SA-NSA,,3350,3350,35,FB,,,760,,12.5,25,68,0,X,3,120552301350,320,-1.45199,-48.501,G,2024-09-18,2023-04-26,,d2d46ae802b7369f,2041-12-08,,,Belém
LIC-LIC-01,CLARO S.A.,50409307637,010,105752021,1014875983,R VINTE E OITO DE SETEMBRO,ESQ COM TV PRIMEIRO DE MARCO,PA,1501402,100MG7W,NR,SA-NSA,,3350,3350,225,FB,,,760,,12.5,25,68,0,X,3,120552301350,320,-1.45008,-48.49878,G,2024-09-18,2023-04-26,,d2d46ae802b736aa,2041-12-08,,,Belém
LIC-LIC-01,CLARO S.A.,50409307637,010,105752021,1014875983,R VINTE E OITO DE SETEMBRO,ESQ COM TV PRIMEIRO DE MARCO,PA,1501402,100MG7W,NR,SA-NSA,,3350,3350,45,FB,,,760,,12.5,25,68,0,X,3,120552301350,320,-1.45008,-48.49878,G,2024-09-18,2023-04-26,,d2d46ae802b736ab,2041-12-08,,,Belém
LIC-LIC-01,CLARO S.A.,50409307637,010,105752021,1014510055,ROD ARTUR BERNARDES,,PA,1501402,100MG7W,NR,SA-NSA,,3350,3350,10,FB,,,760,152312201350,24,25,13,-2,X,35,152312201350,251,-1.34219,-48.47806,G,2024-09-18,2022-11-28,,d2d46ae802b736bf,2041-12-08,,,Belém
LIC-LIC-01,CLARO S.A.,50409307637,010,105752021,1014510055,ROD ARTUR BERNARDES,,PA,1501402,100MG7W,NR,SA-NSA,,3350,3350,100,FB,,,760,152312201350,24,25,13,0,X,35,152312201350,251,-1.34219,-48.47806,G,2024-09-18,2022-11-28,,d2d46ae802b736c0,2041-12-08,,,Belém
LIC-LIC-01,CLARO S.A.,50409307637,010,105752021,1014510055,ROD ARTUR BERNARDES,,PA,1501402,100MG7W,NR,SA-NSA,,3350,3350,190,FB,,,760,152312201350,24,25,13,0,X,35,152312201350,251,-1.34219,-48.47806,G,2024-09-18,2022-11-28,,d2d46ae802b736c1,2041-12-08,,,Belém
LIC-LIC-01,CLARO S.A.,50409307637,010,105752021,698361296,EST TUCUMAEIRA,DISTRITO DO OUTEIRO (ÁGUA BOA).,PA,1501402,100MG7W,NR,SA-NSA,,3350,3350,0,FB,,,760,152312201350,24,25,13,0,X,42,152312201350,251,-1.25908,-48.45261,G,2024-10-07,2013-02-06,,f7536ae80357d18f,2041-12-08,,,Belém
LIC-LIC-01,CLARO S.A.,50409307637,010,105752021,698361296,EST TUCUMAEIRA,DISTRITO DO OUTEIRO (ÁGUA BOA).,PA,1501402,100MG7W,NR,SA-NSA,,3350,3350,120,FB,,,760,152312201350,24,25,13,0,X,42,152312201350,251,-1.25908,-48.45261,G,2024-10-07,2013-02-06,,f7536ae80357d190,2041-12-08,,,Belém
LIC-LIC-01,CLARO S.A.,50409307637,010,105752021,698361296,EST TUCUMAEIRA,DISTRITO DO OUTEIRO (ÁGUA BOA).,PA,1501402,100MG7W,NR,SA-NSA,,3350,3350,240,FB,,,760,152312201350,24,25,13,0,X,42,152312201350,251,-1.25908,-48.45261,G,2024-10-07,2013-02-06,,f7536ae80357d191,2041-12-08,,,Belém
LIC-LIC-01,CLARO S.A.,50409307637,010,105752021,1014454570,PSG BANDEIRANTE,,PA,1501402,100MG7W,NR,SA-NSA,,3350,3350,140,FB,,,760,152312201350,24,25,13,-4,X,51,152312201350,251,-1.41428,-48.47777,G,2024-10-07,2022-11-07,,f7536ae80357d1b6,2041-12-08,,,Belém
LIC-LIC-01,CLARO S.A.,50409307637,010,105752021,1014454570,PSG BANDEIRANTE,,PA,1501402,100MG7W,NR,SA-NSA,,3350,3350,20,FB,,,760,152312201350,24,25,13,0,X,51,152312201350,251,-1.41428,-48.47777,G,2024-10-07,2022-11-07,,f7536ae80357d1b7,2041-12-08,,,Belém
LIC-LIC-01,CLARO S.A.,50409307637,010,105752021,1014454570,PSG BANDEIRANTE,,PA,1501402,100MG7W,NR,SA-NSA,,3350,3350,260,FB,,,760,152312201350,24,25,13,0,X,51,152312201350,251,-1.41428,-48.47777,G,2024-10-07,2022-11-07,,f7536ae80357d1b8,2041-12-08,,,Belém
LIC-LIC-01,CLARO S.A.,50409307637,010,105752021,1013177174,R LARANJEIRAS,,PA,1501402,100MG7W,NR,SA-NSA,,3350,3350,160,FB,,,760,152312201350,24,25,13,0,X,39,152312201350,251,-1.31772,-48.43746,G,2024-10-07,2022-06-10,,f7536ae80357d1d1,2041-12-08,,,Belém
LIC-LIC-01,CLARO S.A.,50409307637,010,105752021,1013177174,R LARANJEIRAS,,PA,1501402,100MG7W,NR,SA-NSA,,3350,3350,280,FB,,,760,152312201350,24,25,13,0,X,39,152312201350,251,-1.31772,-48.43746,G,2024-10-07,2022-06-10,,f7536ae80357d1d2,2041-12-08,,,Belém
LIC-LIC-01,CLARO S.A.,50409307637,010,105752021,1013177174,R LARANJEIRAS,,PA,1501402,100MG7W,NR,SA-NSA,,3350,3350,30,FB,,,760,152312201350,24,25,13,0,X,39,152312201350,251,-1.31772,-48.43746,G,2024-10-07,2022-06-10,,f7536ae80357d1d3,2041-12-08,,,Belém
LIC-LIC-01,CLARO S.A.,50409307637,010,105752021,1013177190,TV SÃO ROQUE,,PA,1501402,70M0G7W,NR,SA-NSA,,3350,3350,200,FB,,,760,152312201350,24,25,13,-2.5,X,50,152312201350,251,-1.29945,-48.48069,G,2024-10-07,2022-06-10,,f7536ae80357d1ec,2041-12-08,,,Belém
LIC-LIC-01,CLARO S.A.,50409307637,010,105752021,1013177190,TV SÃO ROQUE,,PA,1501402,70M0G7W,NR,SA-NSA,,3350,3350,320,FB,,,760,152312201350,24,25,13,-1,X,50,152312201350,251,-1.29945,-48.48069,G,2024-10-07,2022-06-10,,f7536ae80357d1ed,2041-12-08,,,Belém
LIC-LIC-01,CLARO S.A.,50409307637,010,105752021,1013177190,TV SÃO ROQUE,,PA,1501402,70M0G7W,NR,SA-NSA,,3350,3350,80,FB,,,760,152312201350,24,25,13,-1,X,50,152312201350,251,-1.29945,-48.48069,G,2024-10-07,2022-06-10,,f7536ae80357d1ee,2041-12-08,,,Belém
LIC-LIC-01,CLARO S.A.,50409307637,010,105752021,1006009792,ROD JADER BARBALHO,,PA,1501402,100MG7W,NR,SA-NSA,,3350,3350,180,FB,,,760,152312201350,24,25,13,0,X,47,152312201350,251,-1.26516,-48.43966,G,2024-10-07,2018-04-30,,f7536ae80357d216,2041-12-08,,,Belém
LIC-LIC-01,CLARO S.A.,50409307637,010,105752021,1006009792,ROD JADER BARBALHO,,PA,1501402,100MG7W,NR,SA-NSA,,3350,3350,300,FB,,,760,152312201350,24,25,13,0,X,47,152312201350,251,-1.26516,-48.43966,G,2024-10-07,2018-04-30,,f7536ae80357d217,2041-12-08,,,Belém
LIC-LIC-01,CLARO S.A.,50409307637,010,105752021,1006009792,ROD JADER BARBALHO,,PA,1501402,100MG7W,NR,SA-NSA,,3350,3350,80,FB,,,760,152312201350,24,25,13,0,X,47,152312201350,251,-1.26516,-48.43966,G,2024-10-07,2018-04-30,,f7536ae80357d218,2041-12-08,,,Belém
LIC-LIC-01,CLARO S.A.,50409307637,010,105752021,692131680,AV VISCONDE DE SOUSA FRANCO,SHOPPING BOULEVARD.,PA,1501402,100MG7W,NR,SA-NSA,,3350,3350,0,FB,,,168,,2,0,360,0,X,5,120552301350,79.4,-1.44611,-48.48917,G,2024-10-16,2010-02-17,,2ed63af80273927a,2041-12-08,,,Belém
LIC-LIC-01,CLARO S.A.,50409307637,010,105752021,1016178333,AV PRESIDENTE VARGAS,BANCA DO BAIANO - EM FRENTE AOS CORREIOS,PA,1501402,90M0G7W,NR,SA-NSA,,3350,3350,130,FB,,,760,,12.5,25,68,0,X,3,120552301350,320,-1.4516,-48.4966,G,2024-10-15,2024-10-15,,5af13af8023b12f2,2041-12-08,,,Belém
LIC-LIC-01,CLARO S.A.,50409307637,010,105752021,1016178333,AV PRESIDENTE VARGAS,BANCA DO BAIANO - EM FRENTE AOS CORREIOS,PA,1501402,90M0G7W,NR,SA-NSA,,3350,3350,260,FB,,,760,,12.5,25,68,0,X,4,120552301350,320,-1.4516,-48.4966,G,2024-10-15,2024-10-15,,5af13af8023b12f3,2041-12-08,,,Belém
LIC-LIC-01,CLARO S.A.,50409307637,010,105752021,1016178333,AV PRESIDENTE VARGAS,BANCA DO BAIANO - EM FRENTE AOS CORREIOS,PA,1501402,90M0G7W,NR,SA-NSA,,3350,3350,350,FB,,,760,,12.5,25,68,0,X,3,120552301350,320,-1.4516,-48.4966,G,2024-10-15,2024-10-15,,5af13af8023b12f4,2041-12-08,,,Belém
LIC-LIC-01,CLARO S.A.,50409307637,010,105752021,690897677,TV PADRE EUTIQUIO,SHOPPING PÁTIO BELÉM,PA,1501402,90M0G7W,NR,SA-NSA,,3350,3350,0,FB,,,168,,2,0,360,0,X,3,120552301350,79.4,-1.45804,-48.495,G,2024-10-22,2009-01-27,,86173af802ba4754,2041-12-08,,,Belém
LIC-LIC-01,CLARO S.A.,50409307637,010,105752021,1002351640,AV PARÁ  QUADRA 24  LOTE 17,SHOPPING GRÃO PARÁ,PA,1501402,100MG7W,NR,SA-NSA,,3350,3350,0,FB,,,168,,2,0,360,0,X,3,120552301350,79.4,-1.38979,-48.46458,G,2024-10-22,2015-12-08,,86173af802ba476a,2041-12-08,,,Belém
LIC-LIC-01,CLARO S.A.,50409307637,010,105752021,1005964995,RUA NOVA REPÚBLICA,QUADRA L,PA,1501402,90M0G7W,NR,SA-NSA,,3350,3350,330,FB,,,760,152312201350,24,25,13,-3,X,58,152312201350,251,-1.2492,-48.45315,G,2024-10-11,2021-11-05,,b7503af8035687b7,2041-12-08,,,Belém
LIC-LIC-01,CLARO S.A.,50409307637,010,105752021,1005964995,RUA NOVA REPÚBLICA,QUADRA L,PA,1501402,90M0G7W,NR,SA-NSA,,3350,3350,90,FB,,,760,152312201350,24,25,13,0,X,58,152312201350,251,-1.2492,-48.45315,G,2024-10-11,2021-11-05,,b7503af8035687b8,2041-12-08,,,Belém
LIC-LIC-01,CLARO S.A.,50409307637,010,105752021,1005964995,RUA NOVA REPÚBLICA,QUADRA L,PA,1501402,90M0G7W,NR,SA-NSA,,3350,3350,210,FB,,,760,152312201350,24,25,13,-1,X,58,152312201350,251,-1.2492,-48.45315,G,2024-10-11,2021-11-05,,b7503af8035687b9,2041-12-08,,,Belém
LIC-LIC-01,CLARO S.A.,50409307637,010,105752021,1014510063,ALAMEDA MARAJOARA,,PA,1501402,100MG7W,NR,SA-NSA,,3350,3350,0,FB,,,760,152312201350,24,25,13,0,X,36.5,152312201350,251,-1.3279,-48.46499,G,2024-10-17,2022-11-28,,544d3af803bab3e9,2041-12-08,,,Belém
LIC-LIC-01,CLARO S.A.,50409307637,010,105752021,1014510063,ALAMEDA MARAJOARA,,PA,1501402,100MG7W,NR,SA-NSA,,3350,3350,180,FB,,,760,152312201350,24,25,13,-2.5,X,36.5,152312201350,251,-1.3279,-48.46499,G,2024-10-17,2022-11-28,,544d3af803bab3ea,2041-12-08,,,Belém
LIC-LIC-01,CLARO S.A.,50409307637,010,105752021,1014510063,ALAMEDA MARAJOARA,,PA,1501402,100MG7W,NR,SA-NSA,,3350,3350,270,FB,,,760,152312201350,24,25,13,0,X,36.5,152312201350,251,-1.3279,-48.46499,G,2024-10-17,2022-11-28,,544d3af803bab3eb,2041-12-08,,,Belém
LIC-LIC-01,CLARO S.A.,50409307637,010,105752021,1016192921,ESTRADA DA MARACACUERA,RUA SAMAL,PA,1501402,100MG7W,NR,SA-NSA,,3350,3350,40,FB,,,760,152312201350,24,25,13,-2,X,40,152312201350,39.8,-1.2945,-48.437,G,2025-11-19,2024-10-17,,544d3af803bab413,2041-12-08,,,Belém
LIC-LIC-01,CLARO S.A.,50409307637,010,105752021,1016192921,ESTRADA DA MARACACUERA,RUA SAMAL,PA,1501402,100MG7W,NR,SA-NSA,,3350,3350,150,FB,,,760,152312201350,24,25,13,-2,X,40,152312201350,39.8,-1.2945,-48.437,G,2025-11-19,2024-10-17,,544d3af803bab414,2041-12-08,,,Belém
LIC-LIC-01,CLARO S.A.,50409307637,010,105752021,1016192921,ESTRADA DA MARACACUERA,RUA SAMAL,PA,1501402,100MG7W,NR,SA-NSA,,3350,3350,250,FB,,,760,152312201350,24,25,13,-2,X,40,152312201350,39.8,-1.2945,-48.437,G,2025-11-19,2024-10-17,,544d3af803bab415,2041-12-08,,,Belém
LIC-LIC-01,CLARO S.A.,50409307637,010,105752021,1016228284,PSG SANTO ANTONIO,ACESSO PELA RODOVIA ARTHUR BERNARDES,PA,1501402,70M0G7W,NR,SA-NSA,,3350,3350,0,FB,,,760,152312201350,24,25,13,0,X,40,152312201350,251,-1.41611,-48.49256,G,2024-10-29,2024-10-29,,47e93af802cd7a1e,2041-12-08,,,Belém
LIC-LIC-01,CLARO S.A.,50409307637,010,105752021,1016228284,PSG SANTO ANTONIO,ACESSO PELA RODOVIA ARTHUR BERNARDES,PA,1501402,70M0G7W,NR,SA-NSA,,3350,3350,180,FB,,,760,152312201350,24,25,13,0,X,40,152312201350,251,-1.41611,-48.49256,G,2024-10-29,2024-10-29,,47e93af802cd7a1f,2041-12-08,,,Belém
LIC-LIC-01,CLARO S.A.,50409307637,010,105752021,1016228284,PSG SANTO ANTONIO,ACESSO PELA RODOVIA ARTHUR BERNARDES,PA,1501402,70M0G7W,NR,SA-NSA,,3350,3350,90,FB,,,760,152312201350,24,25,13,-1.5,X,40,152312201350,251,-1.41611,-48.49256,G,2024-10-29,2024-10-29,,47e93af802cd7a20,2041-12-08,,,Belém
LIC-LIC-01,CLARO S.A.,50409307637,010,105752021,1016558306,AV PERIMETRAL,ESTRADA PRINCIPAL DA UFRA  AO LADO DO RU.,PA,1501402,100MG7W,NR,SA-NSA,,3350,3350,100,FB,,,760,152312201350,24,25,13,0,X,40,152312201350,251,-1.45706,-48.43342,G,2025-03-19,2025-03-19,,d4dd3c080289d248,2041-12-08,,,Belém
LIC-LIC-01,CLARO S.A.,50409307637,010,105752021,1016558306,AV PERIMETRAL,ESTRADA PRINCIPAL DA UFRA  AO LADO DO RU.,PA,1501402,100MG7W,NR,SA-NSA,,3350,3350,230,FB,,,760,152312201350,24,25,13,0,X,40,152312201350,251,-1.45706,-48.43342,G,2025-03-19,2025-03-19,,d4dd3c080289d249,2041-12-08,,,Belém
LIC-LIC-01,CLARO S.A.,50409307637,010,105752021,1016558306,AV PERIMETRAL,ESTRADA PRINCIPAL DA UFRA  AO LADO DO RU.,PA,1501402,100MG7W,NR,SA-NSA,,3350,3350,320,FB,,,760,152312201350,24,25,13,0,X,40,152312201350,251,-1.45706,-48.43342,G,2025-03-19,2025-03-19,,d4dd3c080289d24a,2041-12-08,,,Belém
LIC-LIC-01,CLARO S.A.,50409307637,010,105752021,1016565604,R BACCARAT,,PA,1501402,100MG7W,NR,SA-NSA,,3350,3350,0,FB,,,760,152312201350,24,25,13,-2,X,40,152312201350,251,-1.39129,-48.46956,G,2025-03-21,2025-03-21,,23cd3c0802d874e0,2041-12-08,,,Belém
LIC-LIC-01,CLARO S.A.,50409307637,010,105752021,1016565604,R BACCARAT,,PA,1501402,100MG7W,NR,SA-NSA,,3350,3350,190,FB,,,760,152312201350,24,25,13,-2,X,40,152312201350,251,-1.39129,-48.46956,G,2025-03-21,2025-03-21,,23cd3c0802d874e1,2041-12-08,,,Belém
LIC-LIC-01,CLARO S.A.,50409307637,010,105752021,1016565604,R BACCARAT,,PA,1501402,100MG7W,NR,SA-NSA,,3350,3350,270,FB,,,760,152312201350,24,25,13,-2,X,40,152312201350,251,-1.39129,-48.46956,G,2025-03-21,2025-03-21,,23cd3c0802d874e2,2041-12-08,,,Belém
LIC-LIC-01,CLARO S.A.,50409307637,010,105752021,699193591,ROD AUGUSTO MONTENEGRO,PARQUE SHOPPING BELÉM.,PA,1501402,100MG7W,NR,SA-NSA,,3350,3350,0,FB,,,168,,2,0,360,0,X,1.5,097592201350,1,-1.37018,-48.44635,E,2025-03-31,2013-09-26,,3a423c0803bd6d72,2041-12-08,,,Belém
LIC-LIC-01,CLARO S.A.,50409307637,010,105752021,1016581561,AV ENGENHEIRO VITOR DA SILVA,,PA,1501402,100MG7W,NR,SA-NSA,,3350,3350,0,FB,,,168,,2,0,360,0,X,3,184282301350,1,-1.40891,-48.44084,E,2025-03-31,2025-03-31,,3a423c0803bd6d79,2041-12-08,,,Belém
LIC-LIC-01,CLARO S.A.,50409307637,010,105752021,690897570,ROD BR 316,SHOPPING CASTANHEIRA,PA,1501402,70M0G7W,NR,SA-NSA,,2325,2325,0,FB,,,168,,4,0,360,0,V,10,087202301350,400,-1.40392,-48.4308,G,2025-04-10,2009-01-27,,a3313c0802d01672,2041-12-08,,,Belém
LIC-LIC-01,CLARO S.A.,50409307637,010,105752021,690897570,ROD BR 316,SHOPPING CASTANHEIRA,PA,1501402,70M0G7W,NR,SA-NSA,,2325,2325,0,FB,,,168,,2,0,360,0,X,10,087202301350,400,-1.40392,-48.4308,G,2025-04-10,2009-01-27,,a3313c0802d01673,2041-12-08,,,Belém
LIC-LIC-01,CLARO S.A.,50409307637,010,105752021,1016648160,R ALMIRANTE BARROSO,,PA,1501402,100MG7W,NR,SA-NSA,,3350,3350,0,FB,,,168,184282301350,0.1,0.1,360,0,V,1,184282301350,1,-1.4319,-48.45509,E,2025-04-30,2025-04-30,,27358c08027947c3,2041-12-08,,,Belém
LIC-LIC-01,CLARO S.A.,50409307637,010,105752021,1016660429,AV SENADOR LEMOS,,PA,1501402,100MG7W,NR,SA-NSA,,3350,3350,0,FB,,,168,184282301350,0.1,0.1,360,0,V,1,184282301350,1,-1.41636,-48.47933,E,2025-05-13,2025-05-13,,09ee8c0802a39f12,2041-12-08,,,Belém
LIC-LIC-01,CLARO S.A.,50409307637,010,105752021,1016660445,AV ALMIRANTE BARROSO,,PA,1501402,100MG7W,NR,SA-NSA,,3350,3350,0,FB,,,168,184282301350,0.1,0.1,360,0,V,1,184282301350,1,-1.40939,-48.43703,E,2025-05-13,2025-05-13,,09ee8c0802a39f1a,2041-12-08,,,Belém
LIC-LIC-01,CLARO S.A.,50409307637,010,105752021,1016689176,TV DOM ROMUALDO DE SEIXAS,,PA,1501402,100MG7W,NR,SA-NSA,,3350,3350,1,FB,,,168,184282301350,0.1,0.1,360,0,V,1,184282301350,1,-1.43663,-48.49232,E,2025-08-05,2025-05-28,,a71e8c0802681122,2041-12-08,,,Belém
LIC-LIC-01,CLARO S.A.,50409307637,010,105752021,1016693858,RUA SANTO ANTONIO,,PA,1501402,80M0G7W,NR,SA-NSA,,3350,3350,1,FB,,,168,184282301350,0.1,0.1,360,1,V,1,184282301350,1,-1.44891,-48.49754,E,2025-05-30,2025-05-30,,6d0c8c0802b0cce5,2041-12-08,,,Belém
LIC-LIC-01,CLARO S.A.,50409307637,010,105752021,1016689125,R BERNARDO SAYÃO,,PA,1501402,100MG7W,NR,SA-NSA,,3350,3350,80,FB,,,760,152312201350,24,25,13,1,X,35,152312201350,251,-1.46712,-48.50337,G,2025-08-06,2025-05-28,,c6208c0803429995,2041-12-08,,,Belém
LIC-LIC-01,CLARO S.A.,50409307637,010,105752021,1016689125,R BERNARDO SAYÃO,,PA,1501402,100MG7W,NR,SA-NSA,,3350,3350,200,FB,,,760,152312201350,24,25,13,0,X,35,152312201350,251,-1.46712,-48.50337,G,2025-08-06,2025-05-28,,c6208c0803429996,2041-12-08,,,Belém
LIC-LIC-01,CLARO S.A.,50409307637,010,105752021,1016689125,R BERNARDO SAYÃO,,PA,1501402,100MG7W,NR,SA-NSA,,3350,3350,320,FB,,,760,152312201350,24,25,13,0,X,35,152312201350,251,-1.46712,-48.50337,G,2025-08-06,2025-05-28,,c6208c0803429997,2041-12-08,,,Belém
LIC-LIC-01,CLARO S.A.,50409307637,010,105752021,1016689133,RUA B,PROX A PASSAGEM DA MARINHA Nº 34-A,PA,1501402,100MG7W,NR,SA-NSA,,3350,3350,90,FB,,,760,152312201350,24,25,13,0,X,35,152312201350,251,-1.39542,-48.44903,G,2025-08-05,2025-05-28,,c6208c080342999b,2041-12-08,,,Belém
LIC-LIC-01,CLARO S.A.,50409307637,010,105752021,1016689133,RUA B,PROX A PASSAGEM DA MARINHA Nº 34-A,PA,1501402,100MG7W,NR,SA-NSA,,3350,3350,180,FB,,,760,152312201350,24,25,13,0,X,35,152312201350,251,-1.39542,-48.44903,G,2025-08-05,2025-05-28,,c6208c080342999c,2041-12-08,,,Belém
LIC-LIC-01,CLARO S.A.,50409307637,010,105752021,1016689133,RUA B,PROX A PASSAGEM DA MARINHA Nº 34-A,PA,1501402,100MG7W,NR,SA-NSA,,3350,3350,280,FB,,,760,152312201350,24,25,13,0,X,35,152312201350,251,-1.39542,-48.44903,G,2025-08-05,2025-05-28,,c6208c080342999d,2041-12-08,,,Belém
LIC-LIC-01,CLARO S.A.,50409307637,010,105752021,1016689141,R PARIQUIS,,PA,1501402,70M0G7W,NR,SA-NSA,,3350,3350,10,FB,,,760,152312201350,24,25,13,1,X,34,152312201350,251,-1.47194,-48.49725,G,2025-08-06,2025-05-28,,c6208c08034299a1,2041-12-08,,,Belém
LIC-LIC-01,CLARO S.A.,50409307637,010,105752021,1016689141,R PARIQUIS,,PA,1501402,70M0G7W,NR,SA-NSA,,3350,3350,140,FB,,,760,152312201350,24,25,13,0,X,34,152312201350,251,-1.47194,-48.49725,G,2025-08-06,2025-05-28,,c6208c08034299a2,2041-12-08,,,Belém
LIC-LIC-01,CLARO S.A.,50409307637,010,105752021,1016689141,R PARIQUIS,,PA,1501402,70M0G7W,NR,SA-NSA,,3350,3350,260,FB,,,760,152312201350,24,25,13,0,X,34,152312201350,251,-1.47194,-48.49725,G,2025-08-06,2025-05-28,,c6208c08034299a3,2041-12-08,,,Belém
LIC-LIC-01,CLARO S.A.,50409307637,010,105752021,1016689150,R TIRADENTES,,PA,1501402,100MG7W,NR,SA-NSA,,3350,3350,0,FB,,,760,152382201350,24.5,25,12.5,-4.5,X,64,152382201350,35,-1.44685,-48.48821,G,2025-12-09,2025-05-28,,c6208c08034299aa,2041-12-08,,,Belém
LIC-LIC-01,CLARO S.A.,50409307637,010,105752021,1016689150,R TIRADENTES,,PA,1501402,100MG7W,NR,SA-NSA,,3350,3350,120,FB,,,760,152382201350,24.5,25,12.5,-5.5,X,64,152382201350,35,-1.44685,-48.48821,G,2025-12-09,2025-05-28,,c6208c08034299ab,2041-12-08,,,Belém
LIC-LIC-01,CLARO S.A.,50409307637,010,105752021,1016689150,R TIRADENTES,,PA,1501402,100MG7W,NR,SA-NSA,,3350,3350,260,FB,,,760,152382201350,24.5,25,12.5,-5.5,X,64,152382201350,35,-1.44685,-48.48821,G,2025-12-09,2025-05-28,,c6208c08034299ac,2041-12-08,,,Belém
LIC-LIC-01,CLARO S.A.,50409307637,010,105752021,1016689168,TRAVESSA DAS MERCES,,PA,1501402,50M0G7W,NR,SA-NSA,,3350,3350,60,FB,,,760,152312201350,24,25,13,1.5,X,46,152312201350,251,-1.44646,-48.46643,G,2025-08-05,2025-05-28,,c6208c08034299b0,2041-12-08,,,Belém
LIC-LIC-01,CLARO S.A.,50409307637,010,105752021,1016689168,TRAVESSA DAS MERCES,,PA,1501402,50M0G7W,NR,SA-NSA,,3350,3350,200,FB,,,760,152312201350,24,25,13,2,X,46,152312201350,251,-1.44646,-48.46643,G,2025-08-05,2025-05-28,,c6208c08034299b1,2041-12-08,,,Belém
LIC-LIC-01,CLARO S.A.,50409307637,010,105752021,1016689168,TRAVESSA DAS MERCES,,PA,1501402,50M0G7W,NR,SA-NSA,,3350,3350,320,FB,,,760,152312201350,24,25,13,1.5,X,46,152312201350,251,-1.44646,-48.46643,G,2025-08-05,2025-05-28,,c6208c08034299b2,2041-12-08,,,Belém
LIC-LIC-01,CLARO S.A.,50409307637,010,105752021,1016785078,PAS SÃO MARCOS,,PA,1501402,100MG7W,NR,SA-NSA,,3350,3350,10,FB,,,760,152312201350,24,25,13,0,X,36,152312201350,251,-1.4055,-48.46844,G,2025-09-09,2025-07-09,,74a18c0803c8bfc7,2041-12-08,,,Belém
LIC-LIC-01,CLARO S.A.,50409307637,010,105752021,1016785078,PAS SÃO MARCOS,,PA,1501402,100MG7W,NR,SA-NSA,,3350,3350,130,FB,,,760,152312201350,24,25,13,0,X,36,152312201350,251,-1.4055,-48.46844,G,2025-09-09,2025-07-09,,74a18c0803c8bfc8,2041-12-08,,,Belém
LIC-LIC-01,CLARO S.A.,50409307637,010,105752021,1016785078,PAS SÃO MARCOS,,PA,1501402,100MG7W,NR,SA-NSA,,3350,3350,250,FB,,,760,152312201350,24,25,13,0,X,36,152312201350,251,-1.4055,-48.46844,G,2025-09-09,2025-07-09,,74a18c0803c8bfc9,2041-12-08,,,Belém
LIC-LIC-01,CLARO S.A.,50409307637,010,105752021,1016785086,AV DOS  PLANETAS,,PA,1501402,80M0G7W,NR,SA-NSA,,3350,3350,170,FB,,,760,152312201350,24,25,13,3,X,35,152312201350,251,-1.38533,-48.44267,G,2025-07-09,2025-07-09,,74a18c0803c8bfd9,2041-12-08,,,Belém
LIC-LIC-01,CLARO S.A.,50409307637,010,105752021,1016785086,AV DOS  PLANETAS,,PA,1501402,80M0G7W,NR,SA-NSA,,3350,3350,300,FB,,,760,152312201350,24,25,13,0,X,35,152312201350,251,-1.38533,-48.44267,G,2025-07-09,2025-07-09,,74a18c0803c8bfda,2041-12-08,,,Belém
LIC-LIC-01,CLARO S.A.,50409307637,010,105752021,1016785086,AV DOS  PLANETAS,,PA,1501402,80M0G7W,NR,SA-NSA,,3350,3350,50,FB,,,760,152312201350,24,25,13,0,X,35,152312201350,251,-1.38533,-48.44267,G,2025-07-09,2025-07-09,,74a18c0803c8bfdb,2041-12-08,,,Belém
LIC-LIC-01,CLARO S.A.,50409307637,010,105752021,1016785892,R SÃO SALVADOR,C/ RUA SALVADOR- CONJUNTO MAREX. PROX. BOSQUE DA ASSOCIAÇAO CULTURAL MAREX.,PA,1501402,100MG7W,NR,SA-NSA,,3350,3350,150,FB,,,760,152312201350,24,25,13,0,X,24,152312201350,251,-1.39551,-48.4709,G,2025-08-06,2025-07-10,,da618c0803e5f158,2041-12-08,,,Belém
LIC-LIC-01,CLARO S.A.,50409307637,010,105752021,1016785892,R SÃO SALVADOR,C/ RUA SALVADOR- CONJUNTO MAREX. PROX. BOSQUE DA ASSOCIAÇAO CULTURAL MAREX.,PA,1501402,100MG7W,NR,SA-NSA,,3350,3350,270,FB,,,760,152312201350,24,25,13,0,X,24,152312201350,251,-1.39551,-48.4709,G,2025-08-06,2025-07-10,,da618c0803e5f159,2041-12-08,,,Belém
LIC-LIC-01,CLARO S.A.,50409307637,010,105752021,1016785892,R SÃO SALVADOR,C/ RUA SALVADOR- CONJUNTO MAREX. PROX. BOSQUE DA ASSOCIAÇAO CULTURAL MAREX.,PA,1501402,100MG7W,NR,SA-NSA,,3350,3350,30,FB,,,760,152312201350,24,25,13,0,X,24,152312201350,251,-1.39551,-48.4709,G,2025-08-06,2025-07-10,,da618c0803e5f15a,2041-12-08,,,Belém
LIC-LIC-01,CLARO S.A.,50409307637,010,105752021,690461070,AV SENADOR LEMOS,,PA,1501402,90M0G7W,NR,SA-NSA,,3350,3350,140,FB,,,760,152312201350,24,25,13,-2.5,X,40,152312201350,251,-1.41306,-48.46806,G,2025-08-28,2008-06-19,,cdfef4c850c88a1a,2041-12-08,,,Belém
LIC-LIC-01,CLARO S.A.,50409307637,010,105752021,690461070,AV SENADOR LEMOS,,PA,1501402,90M0G7W,NR,SA-NSA,,3350,3350,270,FB,,,760,152312201350,24,25,13,0,X,40,152312201350,251,-1.41306,-48.46806,G,2025-08-28,2008-06-19,,cdfef4c850c88a1b,2041-12-08,,,Belém
LIC-LIC-01,CLARO S.A.,50409307637,010,105752021,690461070,AV SENADOR LEMOS,,PA,1501402,90M0G7W,NR,SA-NSA,,3350,3350,30,FB,,,760,152312201350,24,25,13,-1,X,40,152312201350,251,-1.41306,-48.46806,G,2025-08-28,2008-06-19,,cdfef4c850c88a1c,2041-12-08,,,Belém
LIC-LIC-01,CLARO S.A.,50409307637,010,105752021,1016874976,TV ALMIRANTE TAMANDARÉ,,PA,1501402,100MG7W,NR,SA-NSA,,3350,3350,220,FB,,,760,152312201350,24,25,13,-1.5,X,38,152312201350,251,-1.4571,-48.49685,G,2025-08-28,2025-08-28,,cdfef4c850c88a29,2041-12-08,,,Belém
LIC-LIC-01,CLARO S.A.,50409307637,010,105752021,1016874976,TV ALMIRANTE TAMANDARÉ,,PA,1501402,100MG7W,NR,SA-NSA,,3350,3350,340,FB,,,760,152312201350,24,25,13,-2,X,38,152312201350,251,-1.4571,-48.49685,G,2025-08-28,2025-08-28,,cdfef4c850c88a2a,2041-12-08,,,Belém
LIC-LIC-01,CLARO S.A.,50409307637,010,105752021,1016874976,TV ALMIRANTE TAMANDARÉ,,PA,1501402,100MG7W,NR,SA-NSA,,3350,3350,80,FB,,,760,152312201350,24,25,13,-1.5,X,38,152312201350,251,-1.4571,-48.49685,G,2025-08-28,2025-08-28,,cdfef4c850c88a2b,2041-12-08,,,Belém
LIC-LIC-01,CLARO S.A.,50409307637,010,105752021,1016874984,PAS SAMUCA LEVY,,PA,1501402,100MG7W,NR,SA-NSA,,3350,3350,200,FB,,,760,152312201350,24,25,13,0,X,40,152312201350,251,-1.41772,-48.44291,G,2025-08-28,2025-08-28,,cdfef4c850c88a32,2041-12-08,,,Belém
LIC-LIC-01,CLARO S.A.,50409307637,010,105752021,1016874984,PAS SAMUCA LEVY,,PA,1501402,100MG7W,NR,SA-NSA,,3350,3350,300,FB,,,760,152312201350,24,25,13,0,X,40,152312201350,251,-1.41772,-48.44291,G,2025-08-28,2025-08-28,,cdfef4c850c88a33,2041-12-08,,,Belém
LIC-LIC-01,CLARO S.A.,50409307637,010,105752021,1016874984,PAS SAMUCA LEVY,,PA,1501402,100MG7W,NR,SA-NSA,,3350,3350,50,FB,,,760,152312201350,24,25,13,0,X,40,152312201350,251,-1.41772,-48.44291,G,2025-08-28,2025-08-28,,cdfef4c850c88a34,2041-12-08,,,Belém
LIC-LIC-01,CLARO S.A.,50409307637,010,105752021,1016874992,AV MARECHAL HERMES,,PA,1501402,50M0G7W,NR,SA-NSA,,3350,3350,10,FB,,,760,152312201350,24,25,13,0,X,15,152312201350,251,-1.44631,-48.49778,G,2025-08-28,2025-08-28,,cdfef4c850c88a3b,2041-12-08,,,Belém
LIC-LIC-01,CLARO S.A.,50409307637,010,105752021,1016874992,AV MARECHAL HERMES,,PA,1501402,50M0G7W,NR,SA-NSA,,3350,3350,130,FB,,,760,152312201350,24,25,13,-2.5,X,15,152312201350,251,-1.44631,-48.49778,G,2025-08-28,2025-08-28,,cdfef4c850c88a3c,2041-12-08,,,Belém
LIC-LIC-01,CLARO S.A.,50409307637,010,105752021,1016874992,AV MARECHAL HERMES,,PA,1501402,50M0G7W,NR,SA-NSA,,3350,3350,240,FB,,,760,152312201350,24,25,13,-2,X,15,152312201350,251,-1.44631,-48.49778,G,2025-08-28,2025-08-28,,cdfef4c850c88a3d,2041-12-08,,,Belém
LIC-LIC-01,CLARO S.A.,50409307637,010,105752021,1016875000,PAS SÃO MATEUS,(FRENTE DO SITE P/AV. PADRE BRUNO SECHI)  Nº1 - QD -V -CASA A,PA,1501402,100MG7W,NR,SA-NSA,,3350,3350,130,FB,,,760,152312201350,24,25,13,0,X,30,152312201350,251,-1.37461,-48.46037,G,2025-08-28,2025-08-28,,cdfef4c850c88a44,2041-12-08,,,Belém
LIC-LIC-01,CLARO S.A.,50409307637,010,105752021,1016875000,PAS SÃO MATEUS,(FRENTE DO SITE P/AV. PADRE BRUNO SECHI)  Nº1 - QD -V -CASA A,PA,1501402,100MG7W,NR,SA-NSA,,3350,3350,20,FB,,,760,152312201350,24,25,13,0,X,30,152312201350,251,-1.37461,-48.46037,G,2025-08-28,2025-08-28,,cdfef4c850c88a45,2041-12-08,,,Belém
LIC-LIC-01,CLARO S.A.,50409307637,010,105752021,1016875000,PAS SÃO MATEUS,(FRENTE DO SITE P/AV. PADRE BRUNO SECHI)  Nº1 - QD -V -CASA A,PA,1501402,100MG7W,NR,SA-NSA,,3350,3350,250,FB,,,760,152312201350,24,25,13,0,X,30,152312201350,251,-1.37461,-48.46037,G,2025-08-28,2025-08-28,,cdfef4c850c88a46,2041-12-08,,,Belém
LIC-LIC-01,CLARO S.A.,50409307637,010,105752021,692414789,PSG BENFICA,,PA,1501402,100MG7W,NR,SA-NSA,,3350,3350,160,FB,,,760,152312201350,24,25,13,0,X,28,152312201350,251,-1.37502,-48.45228,G,2025-09-09,2010-06-24,,cdfef4c8615ca53c,2041-12-08,,,Belém
LIC-LIC-01,CLARO S.A.,50409307637,010,105752021,692414789,PSG BENFICA,,PA,1501402,100MG7W,NR,SA-NSA,,3350,3350,270,FB,,,760,152312201350,24,25,13,0,X,28,152312201350,251,-1.37502,-48.45228,G,2025-09-09,2010-06-24,,cdfef4c8615ca53d,2041-12-08,,,Belém
LIC-LIC-01,CLARO S.A.,50409307637,010,105752021,692414789,PSG BENFICA,,PA,1501402,100MG7W,NR,SA-NSA,,3350,3350,40,FB,,,760,152312201350,24,25,13,0,X,28,152312201350,251,-1.37502,-48.45228,G,2025-09-09,2010-06-24,,cdfef4c8615ca53e,2041-12-08,,,Belém
LIC-LIC-01,CLARO S.A.,50409307637,010,105752021,1016903828,AV 16 DE NOVEMBRO,,PA,1501402,100MG7W,NR,SA-NSA,,3350,3350,10,FB,,,760,152382201350,24.5,25,12.5,-6,X,53,152382201350,223.8,-1.46261,-48.49634,G,2025-09-09,2025-09-09,,cdfef4c8604eed6c,2041-12-08,,,Belém
LIC-LIC-01,CLARO S.A.,50409307637,010,105752021,1016903828,AV 16 DE NOVEMBRO,,PA,1501402,100MG7W,NR,SA-NSA,,3350,3350,130,FB,,,760,152382201350,24.5,25,12.5,-3.5,X,53,152382201350,223.8,-1.46261,-48.49634,G,2025-09-09,2025-09-09,,cdfef4c8604eed6d,2041-12-08,,,Belém
LIC-LIC-01,CLARO S.A.,50409307637,010,105752021,1016903828,AV 16 DE NOVEMBRO,,PA,1501402,100MG7W,NR,SA-NSA,,3350,3350,250,FB,,,760,152382201350,24.5,25,12.5,-6,X,53,152382201350,223.8,-1.46261,-48.49634,G,2025-09-09,2025-09-09,,cdfef4c8604eed6e,2041-12-08,,,Belém
LIC-LIC-01,CLARO S.A.,50409307637,010,105752021,1016903836,AV MAGALHAES BARATA,,PA,1501402,100MG7W,NR,SA-NSA,,3350,3350,0,FB,,,760,152382201350,24.5,25,12.5,0,X,28,152382201350,223.8,-1.45155,-48.47469,G,2025-09-09,2025-09-09,,cdfef4c8604eed75,2041-12-08,,,Belém
LIC-LIC-01,CLARO S.A.,50409307637,010,105752021,1016903836,AV MAGALHAES BARATA,,PA,1501402,100MG7W,NR,SA-NSA,,3350,3350,120,FB,,,760,152382201350,24.5,25,12.5,0,X,28,152382201350,223.8,-1.45155,-48.47469,G,2025-09-09,2025-09-09,,cdfef4c8604eed76,2041-12-08,,,Belém
LIC-LIC-01,CLARO S.A.,50409307637,010,105752021,1016903836,AV MAGALHAES BARATA,,PA,1501402,100MG7W,NR,SA-NSA,,3350,3350,240,FB,,,760,152382201350,24.5,25,12.5,0,X,28,152382201350,223.8,-1.45155,-48.47469,G,2025-09-09,2025-09-09,,cdfef4c8604eed77,2041-12-08,,,Belém
LIC-LIC-01,CLARO S.A.,50409307637,010,105752021,1016912185,R VISCONDE DE SOUZA FRANCO,PARQUE PORTO FUTURO,PA,1501402,70M0G7W,NR,SA-NSA,,3350,3350,0,FB,,,760,152312201350,24,25,13,0,X,18,152312201350,251,-1.44177,-48.49404,G,2025-09-12,2025-09-12,,cdfef4c87f4daff6,2041-12-08,,,Belém
LIC-LIC-01,CLARO S.A.,50409307637,010,105752021,1016912185,R VISCONDE DE SOUZA FRANCO,PARQUE PORTO FUTURO,PA,1501402,70M0G7W,NR,SA-NSA,,3350,3350,110,FB,,,760,152312201350,24,25,13,0,X,18,152312201350,251,-1.44177,-48.49404,G,2025-09-12,2025-09-12,,cdfef4c87f4daff7,2041-12-08,,,Belém
LIC-LIC-01,CLARO S.A.,50409307637,010,105752021,1016912185,R VISCONDE DE SOUZA FRANCO,PARQUE PORTO FUTURO,PA,1501402,70M0G7W,NR,SA-NSA,,3350,3350,230,FB,,,760,152312201350,24,25,13,0,X,18,152312201350,251,-1.44177,-48.49404,G,2025-09-12,2025-09-12,,cdfef4c87f4daff8,2041-12-08,,,Belém
LIC-LIC-01,CLARO S.A.,50409307637,010,105752021,1016904905,AV JULIO CESAR,,PA,1501402,90M0G7W,NR,SA-NSA,,3350,3350,110,FB,,,760,152312201350,24,25,13,0,X,30,152312201350,251,-1.4139,-48.45998,G,2025-09-09,2025-09-09,,cdfef4c87ab86e29,2041-12-08,,,Belém
LIC-LIC-01,CLARO S.A.,50409307637,010,105752021,1016904905,AV JULIO CESAR,,PA,1501402,90M0G7W,NR,SA-NSA,,3350,3350,220,FB,,,760,152312201350,24,25,13,0,X,30,152312201350,251,-1.4139,-48.45998,G,2025-09-09,2025-09-09,,cdfef4c87ab86e2a,2041-12-08,,,Belém
LIC-LIC-01,CLARO S.A.,50409307637,010,105752021,1016904905,AV JULIO CESAR,,PA,1501402,90M0G7W,NR,SA-NSA,,3350,3350,320,FB,,,760,152312201350,24,25,13,0,X,30,152312201350,251,-1.4139,-48.45998,G,2025-09-09,2025-09-09,,cdfef4c87ab86e2b,2041-12-08,,,Belém
LIC-LIC-01,CLARO S.A.,50409307637,010,105752021,1016904913,TV PIEDADE,ED. PIETA,PA,1501402,100MG7W,NR,SA-NSA,,3350,3350,280,FB,,,760,152382201350,24.5,25,12.5,-5,X,48,152382201350,223.8,-1.44979,-48.49343,G,2025-09-09,2025-09-09,,cdfef4c87ab86e38,2041-12-08,,,Belém
LIC-LIC-01,CLARO S.A.,50409307637,010,105752021,1016904913,TV PIEDADE,ED. PIETA,PA,1501402,100MG7W,NR,SA-NSA,,3350,3350,40,FB,,,760,152382201350,24.5,25,12.5,-1.5,X,48,152382201350,223.8,-1.44979,-48.49343,G,2025-09-09,2025-09-09,,cdfef4c87ab86e39,2041-12-08,,,Belém
LIC-LIC-01,CLARO S.A.,50409307637,010,105752021,1016904913,TV PIEDADE,ED. PIETA,PA,1501402,100MG7W,NR,SA-NSA,,3350,3350,60,FB,,,760,152382201350,24.5,25,12.5,-3,X,48,152382201350,223.8,-1.44979,-48.49343,G,2025-09-09,2025-09-09,,cdfef4c87ab86e3a,2041-12-08,,,Belém
LIC-LIC-01,CLARO S.A.,50409307637,010,105752021,1016904921,AV AVENIDA BRIGADEIRO PROTÁSIO,ESTACIONAMENTO DO HANGAR,PA,1501402,100MG7W,NR,SA-NSA,,3350,3350,10,FB,,,760,152312201350,24,25,13,0,X,40,152312201350,251,-1.41975,-48.45606,G,2025-09-09,2025-09-09,,cdfef4c87ab86e3e,2041-12-08,,,Belém
LIC-LIC-01,CLARO S.A.,50409307637,010,105752021,1016904921,AV AVENIDA BRIGADEIRO PROTÁSIO,ESTACIONAMENTO DO HANGAR,PA,1501402,100MG7W,NR,SA-NSA,,3350,3350,130,FB,,,760,152312201350,24,25,13,0,X,40,152312201350,251,-1.41975,-48.45606,G,2025-09-09,2025-09-09,,cdfef4c87ab86e3f,2041-12-08,,,Belém
LIC-LIC-01,CLARO S.A.,50409307637,010,105752021,1016904921,AV AVENIDA BRIGADEIRO PROTÁSIO,ESTACIONAMENTO DO HANGAR,PA,1501402,100MG7W,NR,SA-NSA,,3350,3350,250,FB,,,760,152312201350,24,25,13,0,X,40,152312201350,251,-1.41975,-48.45606,G,2025-09-09,2025-09-09,,cdfef4c87ab86e40,2041-12-08,,,Belém
LIC-LIC-01,CLARO S.A.,50409307637,010,105752021,1016904930,R BOM JARDIM,,PA,1501402,100MG7W,NR,SA-NSA,,3350,3350,180,FB,,,760,152312201350,24,25,13,-2,X,40,152312201350,251,-1.42236,-48.47416,G,2025-09-09,2025-09-09,,cdfef4c87ab86e47,2041-12-08,,,Belém
LIC-LIC-01,CLARO S.A.,50409307637,010,105752021,1016904930,R BOM JARDIM,,PA,1501402,100MG7W,NR,SA-NSA,,3350,3350,300,FB,,,760,152312201350,24,25,13,-4,X,40,152312201350,251,-1.42236,-48.47416,G,2025-09-09,2025-09-09,,cdfef4c87ab86e48,2041-12-08,,,Belém
LIC-LIC-01,CLARO S.A.,50409307637,010,105752021,1016904930,R BOM JARDIM,,PA,1501402,100MG7W,NR,SA-NSA,,3350,3350,60,FB,,,760,152312201350,24,25,13,-1,X,40,152312201350,251,-1.42236,-48.47416,G,2025-09-09,2025-09-09,,cdfef4c87ab86e49,2041-12-08,,,Belém
LIC-LIC-01,CLARO S.A.,50409307637,010,105752021,1016904948,ROD AUGUSTO MONTENEGRO,,PA,1501402,100MG7W,NR,SA-NSA,,3350,3350,60,FB,,,760,,13.6,22,78,-6,X,17,066822301350,320,-1.38133,-48.44573,G,2025-09-09,2025-09-09,,cdfef4c87ab86e4a,2041-12-08,,,Belém
LIC-LIC-01,CLARO S.A.,50409307637,010,105752021,1016904948,ROD AUGUSTO MONTENEGRO,,PA,1501402,100MG7W,NR,SA-NSA,,3350,3350,130,FB,,,760,,13.6,22,78,-6,X,17,066822301350,320,-1.38133,-48.44573,G,2025-09-09,2025-09-09,,cdfef4c87ab86e4b,2041-12-08,,,Belém
LIC-LIC-01,CLARO S.A.,50409307637,010,105752021,1016925473,R SOL NASCE PARA TODOS,,PA,1501402,100MG7W,NR,SA-NSA,,3350,3350,10,FB,,,760,152312201350,24,25,13,0,X,40,152312201350,39.8,-1.40811,-48.47587,G,2025-09-18,2025-09-18,,384d34d8a44e7609,2041-12-08,,,Belém
LIC-LIC-01,CLARO S.A.,50409307637,010,105752021,1016925473,R SOL NASCE PARA TODOS,,PA,1501402,100MG7W,NR,SA-NSA,,3350,3350,130,FB,,,760,152312201350,24,25,13,0,X,40,152312201350,39.8,-1.40811,-48.47587,G,2025-09-18,2025-09-18,,384d34d8a44e760a,2041-12-08,,,Belém
LIC-LIC-01,CLARO S.A.,50409307637,010,105752021,1016925473,R SOL NASCE PARA TODOS,,PA,1501402,100MG7W,NR,SA-NSA,,3350,3350,250,FB,,,760,152312201350,24,25,13,0,X,40,152312201350,39.8,-1.40811,-48.47587,G,2025-09-18,2025-09-18,,384d34d8a44e760b,2041-12-08,,,Belém
LIC-LIC-01,CLARO S.A.,50409307637,010,105752021,1016925481,AV BERNARDO SAYÃO,,PA,1501402,100MG7W,NR,SA-NSA,,3350,3350,190,FB,,,760,152312201350,24,25,13,-5,X,40,152312201350,39.8,-1.47683,-48.46006,G,2025-09-18,2025-09-18,,384d34d8a44e7618,2041-12-08,,,Belém
LIC-LIC-01,CLARO S.A.,50409307637,010,105752021,1016925481,AV BERNARDO SAYÃO,,PA,1501402,100MG7W,NR,SA-NSA,,3350,3350,290,FB,,,760,152312201350,24,25,13,0,X,40,152312201350,39.8,-1.47683,-48.46006,G,2025-09-18,2025-09-18,,384d34d8a44e7619,2041-12-08,,,Belém
LIC-LIC-01,CLARO S.A.,50409307637,010,105752021,1016925481,AV BERNARDO SAYÃO,,PA,1501402,100MG7W,NR,SA-NSA,,3350,3350,90,FB,,,760,152312201350,24,25,13,0,X,40,152312201350,39.8,-1.47683,-48.46006,G,2025-09-18,2025-09-18,,384d34d8a44e761a,2041-12-08,,,Belém
LIC-LIC-01,CLARO S.A.,50409307637,010,105752021,1016925490,ROD AUGUSTO MONTENEGRO,,PA,1501402,90M0G7W,NR,SA-NSA,,3350,3350,240,FB,,,760,,13.6,22,78,-6,X,20,066822301350,320,-1.38159,-48.44215,G,2025-09-18,2025-09-18,,384d34d8a44e7627,2041-12-08,,,Belém
LIC-LIC-01,CLARO S.A.,50409307637,010,105752021,1016925490,ROD AUGUSTO MONTENEGRO,,PA,1501402,90M0G7W,NR,SA-NSA,,3350,3350,320,FB,,,760,,13.6,22,78,-6,X,20,066822301350,320,-1.38159,-48.44215,G,2025-09-18,2025-09-18,,384d34d8a44e7628,2041-12-08,,,Belém
LIC-LIC-01,CLARO S.A.,50409307637,010,105752021,1016925503,AV DOUTOR FREITAS,,PA,1501402,100MG7W,NR,SA-NSA,,3350,3350,10,FB,,,760,152312201350,24,25,13,-1,X,41,152312201350,39.8,-1.41524,-48.46452,G,2025-11-17,2025-09-18,,384d34d8a44e762c,2041-12-08,,,Belém
LIC-LIC-01,CLARO S.A.,50409307637,010,105752021,1016925503,AV DOUTOR FREITAS,,PA,1501402,100MG7W,NR,SA-NSA,,3350,3350,120,FB,,,760,152312201350,24,25,13,0,X,41,152312201350,39.8,-1.41524,-48.46452,G,2025-11-17,2025-09-18,,384d34d8a44e762d,2041-12-08,,,Belém
LIC-LIC-01,CLARO S.A.,50409307637,010,105752021,1016925503,AV DOUTOR FREITAS,,PA,1501402,100MG7W,NR,SA-NSA,,3350,3350,240,FB,,,760,152312201350,24,25,13,-1,X,41,152312201350,39.8,-1.41524,-48.46452,G,2025-11-17,2025-09-18,,384d34d8a44e762e,2041-12-08,,,Belém
LIC-LIC-01,CLARO S.A.,50409307637,010,105752021,1016961445,TV QUINTINO BOCAIUVA,FUNDOS (FRENTE PARA VILA SANTO ANTONIO S/N).,PA,1501402,90M0G7W,NR,SA-NSA,,3350,3350,10,FB,,,760,152312201350,24,25,13,-1,X,40,152312201350,39.8,-1.47138,-48.48558,G,2025-09-25,2025-09-25,,7f1c14d8cd8565c5,2041-12-08,,,Belém
LIC-LIC-01,CLARO S.A.,50409307637,010,105752021,1016961445,TV QUINTINO BOCAIUVA,FUNDOS (FRENTE PARA VILA SANTO ANTONIO S/N).,PA,1501402,90M0G7W,NR,SA-NSA,,3350,3350,130,FB,,,760,152312201350,24,25,13,0,X,40,152312201350,39.8,-1.47138,-48.48558,G,2025-09-25,2025-09-25,,7f1c14d8cd8565c6,2041-12-08,,,Belém
LIC-LIC-01,CLARO S.A.,50409307637,010,105752021,1016961445,TV QUINTINO BOCAIUVA,FUNDOS (FRENTE PARA VILA SANTO ANTONIO S/N).,PA,1501402,90M0G7W,NR,SA-NSA,,3350,3350,250,FB,,,760,152312201350,24,25,13,0,X,40,152312201350,39.8,-1.47138,-48.48558,G,2025-09-25,2025-09-25,,7f1c14d8cd8565c7,2041-12-08,,,Belém
LIC-LIC-01,CLARO S.A.,50409307637,010,105752021,1016961453,AV PARÁ,ROD. BERNARDO SAYÃO,PA,1501402,100MG7W,NR,SA-NSA,,3350,3350,110,FB,,,760,,13.6,22,78,-4.5,X,12,066822301350,320,-1.39242,-48.4848,G,2025-09-25,2025-09-25,,7f1c14d8cd8565d4,2041-12-08,,,Belém
LIC-LIC-01,CLARO S.A.,50409307637,010,105752021,1016961453,AV PARÁ,ROD. BERNARDO SAYÃO,PA,1501402,100MG7W,NR,SA-NSA,,3350,3350,290,FB,,,760,,13.6,22,78,-4.5,X,12,066822301350,320,-1.39242,-48.4848,G,2025-09-25,2025-09-25,,7f1c14d8cd8565d5,2041-12-08,,,Belém
LIC-LIC-01,CLARO S.A.,50409307637,010,105752021,1016963626,PSG HORTA,CASA A,PA,1501402,100MG7W,NR,SA-NSA,,3350,3350,20,FB,,,760,,13.6,22,78,-6,X,15,066822301350,320,-1.37843,-48.4812,G,2025-09-26,2025-09-26,,7f1c14d8d20b5793,2041-12-08,,,Belém
LIC-LIC-01,CLARO S.A.,50409307637,010,105752021,1016963626,PSG HORTA,CASA A,PA,1501402,100MG7W,NR,SA-NSA,,3350,3350,200,FB,,,760,,13.6,22,78,-6,X,15,066822301350,320,-1.37843,-48.4812,G,2025-09-26,2025-09-26,,7f1c14d8d20b5794,2041-12-08,,,Belém
LIC-LIC-01,CLARO S.A.,50409307637,010,105752021,1016963634,R DO UTINGA,,PA,1501402,40M0G7W,NR,SA-NSA,,3350,3350,100,FB,,,760,,13.6,22,78,-4.5,X,12,066822301350,320,-1.42465,-48.44332,G,2025-09-26,2025-09-26,,7f1c14d8d20b57a1,2041-12-08,,,Belém
LIC-LIC-01,CLARO S.A.,50409307637,010,105752021,1016963634,R DO UTINGA,,PA,1501402,40M0G7W,NR,SA-NSA,,3350,3350,250,FB,,,760,,13.6,22,78,-4.5,X,12,066822301350,320,-1.42465,-48.44332,G,2025-09-26,2025-09-26,,7f1c14d8d20b57a2,2041-12-08,,,Belém
LIC-LIC-01,CLARO S.A.,50409307637,010,105752021,1016963642,PSG HORTA,CASA D -ROD ARTHUR BERNARDES(FUNDOS),PA,1501402,50M0G7W,NR,SA-NSA,,3350,3350,90,FB,,,760,,12.5,25,68,-8,X,12,066822301350,320,-1.37958,-48.48448,G,2025-09-26,2025-09-26,,7f1c14d8d20b57a7,2041-12-08,,,Belém
LIC-LIC-01,CLARO S.A.,50409307637,010,105752021,1016963642,PSG HORTA,CASA D -ROD ARTHUR BERNARDES(FUNDOS),PA,1501402,50M0G7W,NR,SA-NSA,,3350,3350,240,FB,,,760,,12.5,25,68,-8,X,12,066822301350,320,-1.37958,-48.48448,G,2025-09-26,2025-09-26,,7f1c14d8d20b57a8,2041-12-08,,,Belém
LIC-LIC-01,CLARO S.A.,50409307637,010,105752021,1016963650,AV PERIMETRAL,UFPA - PORTÃO 3,PA,1501402,100MG7W,NR,SA-NSA,,3350,3350,0,FB,,,760,152312201350,24,25,13,0,X,28,152312201350,39.8,-1.47282,-48.45128,G,2025-09-26,2025-09-26,,7f1c14d8d20b57a9,2041-12-08,,,Belém
LIC-LIC-01,CLARO S.A.,50409307637,010,105752021,1016963650,AV PERIMETRAL,UFPA - PORTÃO 3,PA,1501402,100MG7W,NR,SA-NSA,,3350,3350,110,FB,,,760,152312201350,24,25,13,0,X,28,152312201350,39.8,-1.47282,-48.45128,G,2025-09-26,2025-09-26,,7f1c14d8d20b57aa,2041-12-08,,,Belém
LIC-LIC-01,CLARO S.A.,50409307637,010,105752021,1016963650,AV PERIMETRAL,UFPA - PORTÃO 3,PA,1501402,100MG7W,NR,SA-NSA,,3350,3350,230,FB,,,760,152312201350,24,25,13,0,X,28,152312201350,39.8,-1.47282,-48.45128,G,2025-09-26,2025-09-26,,7f1c14d8d20b57ab,2041-12-08,,,Belém
LIC-LIC-01,CLARO S.A.,50409307637,010,105752021,1016963669,AV JÚLIO CESAR,ALAMENDA MOÇA BONITA,PA,1501402,100MG7W,NR,SA-NSA,,3350,3350,120,FB,,,760,,13.6,22,78,-4.5,X,12,066822301350,320,-1.42612,-48.4203,G,2025-09-26,2025-09-26,,7f1c14d8d2274023,2041-12-08,,,Belém
LIC-LIC-01,CLARO S.A.,50409307637,010,105752021,1016963669,AV JÚLIO CESAR,ALAMENDA MOÇA BONITA,PA,1501402,100MG7W,NR,SA-NSA,,3350,3350,320,FB,,,760,,13.6,22,78,-4.5,X,12,066822301350,320,-1.42612,-48.4203,G,2025-09-26,2025-09-26,,7f1c14d8d2274024,2041-12-08,,,Belém
LIC-LIC-01,CLARO S.A.,50409307637,010,105752021,1017043385,AV MANGUEIRÃO,,PA,1501402,90M0G7W,NR,SA-NSA,,3350,3350,30,FB,,,760,152382201350,24.5,25,12.5,0,X,40,152382201350,35,-1.38124,-48.44394,G,2025-10-20,2025-10-20,,7f1c14d8e625b23b,2041-12-08,,,Belém
LIC-LIC-01,CLARO S.A.,50409307637,010,105752021,1017043385,AV MANGUEIRÃO,,PA,1501402,90M0G7W,NR,SA-NSA,,3350,3350,200,FB,,,760,152382201350,24.5,25,12.5,0,X,40,152382201350,35,-1.38124,-48.44394,G,2025-10-20,2025-10-20,,7f1c14d8e625b23c,2041-12-08,,,Belém
LIC-LIC-01,CLARO S.A.,50409307637,010,105752021,1017043385,AV MANGUEIRÃO,,PA,1501402,90M0G7W,NR,SA-NSA,,3350,3350,90,FB,,,760,152382201350,24.5,25,12.5,0,X,40,152382201350,35,-1.38124,-48.44394,G,2025-10-20,2025-10-20,,7f1c14d8e625b25f,2041-12-08,,,Belém
LIC-LIC-01,CLARO S.A.,50409307637,010,105752021,1017043393,R PADRE CHAMPAGNAT,,PA,1501402,100MG7W,NR,SA-NSA,,3350,3350,300,FB,,,760,,12.8,25,68,0,X,5,066822301350,320,-1.45559,-48.50453,G,2025-10-20,2025-10-20,,7f1c14d8ebbede82,2041-12-08,,,Belém
LIC-LIC-01,CLARO S.A.,50409307637,010,105752021,1017043407,AV BRIGADEIRO PROTÁSIO,,PA,1501402,100MG7W,NR,SA-NSA,,3350,3350,10,FB,,,760,152312201350,24,25,13,0,X,18,152312201350,39.8,-1.42278,-48.45533,G,2025-10-20,2025-10-20,,7f1c14d8ebbede9b,2041-12-08,,,Belém
LIC-LIC-01,CLARO S.A.,50409307637,010,105752021,1017043407,AV BRIGADEIRO PROTÁSIO,,PA,1501402,100MG7W,NR,SA-NSA,,3350,3350,130,FB,,,760,152312201350,24,25,13,0,X,18,152312201350,39.8,-1.42278,-48.45533,G,2025-10-20,2025-10-20,,7f1c14d8ebbede9c,2041-12-08,,,Belém
LIC-LIC-01,CLARO S.A.,50409307637,010,105752021,1017043407,AV BRIGADEIRO PROTÁSIO,,PA,1501402,100MG7W,NR,SA-NSA,,3350,3350,250,FB,,,760,152312201350,24,25,13,0,X,18,152312201350,39.8,-1.42278,-48.45533,G,2025-10-20,2025-10-20,,7f1c14d8ebbede9d,2041-12-08,,,Belém
LIC-LIC-01,CLARO S.A.,50409307637,010,105752021,1017043423,R PADRE CHAMPAGNAT,,PA,1501402,80M0G7W,NR,SA-NSA,,3350,3350,0,FB,,,760,,12.8,25,68,-6,X,8,066822301350,320,-1.45575,-48.50584,G,2025-10-20,2025-10-20,,7f1c14d80b18057d,2041-12-08,,,Belém
LIC-LIC-01,CLARO S.A.,50409307637,010,105752021,1017043423,R PADRE CHAMPAGNAT,,PA,1501402,80M0G7W,NR,SA-NSA,,3350,3350,90,FB,,,760,,12.8,25,68,-6,X,8,066822301350,320,-1.45575,-48.50584,G,2025-10-20,2025-10-20,,7f1c14d80b18057e,2041-12-08,,,Belém
LIC-LIC-01,CLARO S.A.,50409307637,010,105752021,1017043440,R BETUBEL,,PA,1501402,40M0G7W,NR,SA-NSA,,3350,3350,190,FB,,,760,152312201350,24,25,13,0,X,29,152312201350,39.8,-1.38654,-48.46866,G,2025-10-20,2025-10-20,,7f1c14d8581ad2d4,2041-12-08,,,Belém
LIC-LIC-01,CLARO S.A.,50409307637,010,105752021,1017043440,R BETUBEL,,PA,1501402,40M0G7W,NR,SA-NSA,,3350,3350,330,FB,,,760,152312201350,24,25,13,0,X,29,152312201350,39.8,-1.38654,-48.46866,G,2025-10-20,2025-10-20,,7f1c14d8581ad2d5,2041-12-08,,,Belém
LIC-LIC-01,CLARO S.A.,50409307637,010,105752021,1017043440,R BETUBEL,,PA,1501402,40M0G7W,NR,SA-NSA,,3350,3350,90,FB,,,760,152312201350,24,25,13,0,X,29,152312201350,39.8,-1.38654,-48.46866,G,2025-10-20,2025-10-20,,7f1c14d8581ad2d6,2041-12-08,,,Belém
LIC-LIC-01,CLARO S.A.,50409307637,010,105752021,1017043458,AV JÚLIO CÉSAR,AEROPORTO INTERNACIONAL DE BELÉM,PA,1501402,90M0G7W,NR,SA-NSA,,3350,3350,0,FB,,,168,,2,0,360,0,X,3,066822301350,320,-1.39066,-48.47962,G,2025-10-20,2025-10-20,,7f1c14d8581ad2e3,2041-12-08,,,Belém
LIC-LIC-01,CLARO S.A.,50409307637,010,105752021,1017043342,AV PORTUGAL,,PA,1501402,50M0G7W,NR,SA-NSA,,3350,3350,220,FB,,,760,,12.8,25,68,-6,X,8,066822301350,320,-1.45198,-48.50288,G,2025-10-20,2025-10-20,,7f1c14d8e180e8da,2041-12-08,,,Belém
LIC-LIC-01,CLARO S.A.,50409307637,010,105752021,1017043342,AV PORTUGAL,,PA,1501402,50M0G7W,NR,SA-NSA,,3350,3350,50,FB,,,760,,12.8,25,68,-6,X,8,066822301350,320,-1.45198,-48.50288,G,2025-10-20,2025-10-20,,7f1c14d8e180e8db,2041-12-08,,,Belém
LIC-LIC-01,CLARO S.A.,50409307637,010,105752021,1017043350,AV BOULEVARD CASTILHO FRANÇA,,PA,1501402,100MG7W,NR,SA-NSA,,3350,3350,220,FB,,,760,,12.8,25,68,-6,X,8,066822301350,320,-1.45081,-48.50231,G,2025-10-20,2025-10-20,,7f1c14d8e180e8e2,2041-12-08,,,Belém
LIC-LIC-01,CLARO S.A.,50409307637,010,105752021,1017043350,AV BOULEVARD CASTILHO FRANÇA,,PA,1501402,100MG7W,NR,SA-NSA,,3350,3350,60,FB,,,760,,12.8,25,68,-6,X,8,066822301350,320,-1.45081,-48.50231,G,2025-10-20,2025-10-20,,7f1c14d8e180e8e3,2041-12-08,,,Belém
LIC-LIC-01,CLARO S.A.,50409307637,010,105752021,1017043369,AV MARECHAL HERMES,,PA,1501402,100MG7W,NR,SA-NSA,,3350,3350,260,FB,,,760,,12.8,25,68,-6,X,8,066822301350,320,-1.44914,-48.4997,G,2025-10-20,2025-10-20,,7f1c14d8e180e8f0,2041-12-08,,,Belém
LIC-LIC-01,CLARO S.A.,50409307637,010,105752021,1017043369,AV MARECHAL HERMES,,PA,1501402,100MG7W,NR,SA-NSA,,3350,3350,30,FB,,,760,,12.8,25,68,-6,X,8,066822301350,320,-1.44914,-48.4997,G,2025-10-20,2025-10-20,,7f1c14d8e180e8f1,2041-12-08,,,Belém
LIC-LIC-01,CLARO S.A.,50409307637,010,105752021,1017043377,ROD ARTUR BERNARDES,PX O INICIO DA PISTA DO AEROPORTO,PA,1501402,100MG7W,NR,SA-NSA,,3350,3350,150,FB,,,760,,13.6,22,78,-6,X,12,066822301350,320,-1.3883,-48.48885,G,2025-10-20,2025-10-20,,7f1c14d8e180e8f8,2041-12-08,,,Belém
LIC-LIC-01,CLARO S.A.,50409307637,010,105752021,1017043377,ROD ARTUR BERNARDES,PX O INICIO DA PISTA DO AEROPORTO,PA,1501402,100MG7W,NR,SA-NSA,,3350,3350,350,FB,,,760,,13.6,22,78,-6,X,12,066822301350,320,-1.3883,-48.48885,G,2025-10-20,2025-10-20,,7f1c14d8e180e8f9,2041-12-08,,,Belém
LIC-LIC-01,CLARO S.A.,50409307637,010,105752021,1015822352,AV PRESIDENTE VARGAS,BANCA ENASA  PÇA DOS ESTIVADORES,PA,1501402,100MG7W,NR,SA-NSA,,3350,3350,140,FB,,,760,,12.8,25,68,0,X,3,066822301350,320,-1.44844,-48.49851,G,2025-12-16,2024-05-24,,ea04f4d85da997b1,2041-12-08,,,Belém
LIC-LIC-01,CLARO S.A.,50409307637,010,105752021,1015822352,AV PRESIDENTE VARGAS,BANCA ENASA  PÇA DOS ESTIVADORES,PA,1501402,100MG7W,NR,SA-NSA,,3350,3350,300,FB,,,760,,12.8,25,68,0,X,3,066822301350,320,-1.44844,-48.49851,G,2025-12-16,2024-05-24,,ea04f4d85da997b2,2041-12-08,,,Belém
LIC-LIC-01,CLARO S.A.,50409307637,010,105752021,1015822352,AV PRESIDENTE VARGAS,BANCA ENASA  PÇA DOS ESTIVADORES,PA,1501402,100MG7W,NR,SA-NSA,,3350,3350,70,FB,,,760,,12.8,25,68,0,X,3,066822301350,320,-1.44844,-48.49851,G,2025-12-16,2024-05-24,,ea04f4d85da997b3,2041-12-08,,,Belém
LIC-LIC-01,CLARO S.A.,50409307637,010,105752021,690461526,AV ENGENHEIRO VICTOR DA SILVA,CONJ. COSTA E SILVA,PA,1501402,80M0G7W,NR,SA-NSA,,3350,3350,170,FB,,,760,152312201350,24,25,13,-1,X,48,152312201350,39.8,-1.40885,-48.44131,G,2026-01-21,2008-06-23,,c415f4d813210ea8,2041-12-08,,,Belém
LIC-LIC-01,CLARO S.A.,50409307637,010,105752021,690461526,AV ENGENHEIRO VICTOR DA SILVA,CONJ. COSTA E SILVA,PA,1501402,80M0G7W,NR,SA-NSA,,3350,3350,20,FB,,,760,152312201350,24,25,13,-4,X,48,152312201350,39.8,-1.40885,-48.44131,G,2026-01-21,2008-06-23,,c415f4d813210ea9,2041-12-08,,,Belém
LIC-LIC-01,CLARO S.A.,50409307637,010,105752021,690461526,AV ENGENHEIRO VICTOR DA SILVA,CONJ. COSTA E SILVA,PA,1501402,80M0G7W,NR,SA-NSA,,3350,3350,280,FB,,,760,152312201350,24,25,13,-1,X,48,152312201350,39.8,-1.40885,-48.44131,G,2026-01-21,2008-06-23,,c415f4d813210eaa,2041-12-08,,,Belém
LIC-LIC-01,CLARO S.A.,50409307637,010,105752021,690459076,AV MARQUES DE HERVAL,,PA,1501402,100MG7W,NR,SA-NSA,,3350,3350,0,FB,,,760,152312201350,24,25,13,-3,X,63,152312201350,39.8,-1.43508,-48.47346,G,2026-01-23,2008-06-19,,5351f4d82c1d1035,2041-12-08,,,Belém
LIC-LIC-01,CLARO S.A.,50409307637,010,105752021,690459076,AV MARQUES DE HERVAL,,PA,1501402,100MG7W,NR,SA-NSA,,3350,3350,120,FB,,,760,152312201350,24,25,13,-2,X,63,152312201350,39.8,-1.43508,-48.47346,G,2026-01-23,2008-06-19,,5351f4d82c1d1036,2041-12-08,,,Belém
LIC-LIC-01,CLARO S.A.,50409307637,010,105752021,690459076,AV MARQUES DE HERVAL,,PA,1501402,100MG7W,NR,SA-NSA,,3350,3350,240,FB,,,760,152312201350,24,25,13,-2,X,63,152312201350,39.8,-1.43508,-48.47346,G,2026-01-23,2008-06-19,,5351f4d82c1d1037,2041-12-08,,,Belém
LIC-LIC-01,CLARO S.A.,50409307637,010,105752021,1017366087,TV QUINTINO BOCAIUVA,,PA,1501402,90M0G7W,NR,SA-NSA,,3350,3350,0,FB,,,760,152382201350,24.5,25,12.5,-2,X,14,152382201350,35,-1.42513,-48.45251,G,2026-01-23,2026-01-23,,5351f4d831c8ad4d,2041-12-08,,,Belém
LIC-LIC-01,CLARO S.A.,50409307637,010,105752021,1017366087,TV QUINTINO BOCAIUVA,,PA,1501402,90M0G7W,NR,SA-NSA,,3350,3350,120,FB,,,760,152382201350,24.5,25,12.5,-2,X,14,152382201350,35,-1.42513,-48.45251,G,2026-01-23,2026-01-23,,5351f4d831c8ad4e,2041-12-08,,,Belém
LIC-LIC-01,CLARO S.A.,50409307637,010,105752021,1017366087,TV QUINTINO BOCAIUVA,,PA,1501402,90M0G7W,NR,SA-NSA,,3350,3350,240,FB,,,760,152382201350,24.5,25,12.5,-2,X,14,152382201350,35,-1.42513,-48.45251,G,2026-01-23,2026-01-23,,5351f4d831c8ad4f,2041-12-08,,,Belém
