state,NomeEntidade,NumFistel,NumServico,NumAto,NumEstacao,EnderecoEstacao,EndComplemento,SiglaUf,CodMunicipio,DesignacaoEmissao,Tecnologia,tipoTecnologia,meioAcesso,FreqTxMHz,FreqRxMHz,Azimute,CodTipoClasseEstacao,ClassInfraFisica,CompartilhamentoInfraFisica,CodTipoAntena,CodEquipamentoAntena,GanhoAntena,FrenteCostaAntena,AnguloMeiaPotenciaAntena,AnguloElevacao,Polarizacao,AlturaAntena,CodEquipamentoTransmissor,PotenciaTransmissorWatts,Latitude,Longitude,CodDebitoTFI,DataLicenciamento,DataPrimeiroLicenciamento,NumRede,_id,DataValidade,NumFistelAssociado,NomeEntidadeAssociado,Municipio.NomeMunicipio
LIC-LIC-01,CLARO S.A.,50409889580,10,105752021,695226584,R FRANCISCO BRAGA,QUADRA 03,GO,5208707,50M0G7W,NR,SA-NSA,,2325,2325,30,FB,,,760,72202203257,23.5,25,60,0,X,41,72202203257,50,-16.69106,-49.32013,G,2024-05-08,2011-02-28,,f41362a83857cdbf,2041-12-08,,,Goiânia
LIC-LIC-01,CLARO S.A.,50409889580,10,105752021,695226584,R FRANCISCO BRAGA,QUADRA 03,GO,5208707,50M0G7W,NR,SA-NSA,,2325,2325,130,FB,,,760,72202203257,23.5,25,60,0,X,41,72202203257,50,-16.69106,-49.32013,G,2024-05-08,2011-02-28,,f41362a83857cdc0,2041-12-08,,,Goiânia
LIC-LIC-01,CLARO S.A.,50409889580,10,105752021,695226584,R FRANCISCO BRAGA,QUADRA 03,GO,5208707,50M0G7W,NR,SA-NSA,,2325,2325,240,FB,,,760,72202203257,23.5,25,60,0,X,41,72202203257,50,-16.69106,-49.32013,G,2024-05-08,2011-02-28,,f41362a83857cdc1,2041-12-08,,,Goiânia
LIC-LIC-01,CLARO S.A.,50409889580,10,105752021,689843798,R TRÊS,QUADRA 40  LOTE 100 - ESQUINA COM RUA VINTE E DOIS - EDIFICIO RURAL,GO,5208707,50M0G7W,NR,SA-NSA,,2325,2325,320,FB,,,760,72202203257,23.5,25,60,0,X,65.5,72202203257,50,-16.6751,-49.254,G,2024-01-03,2007-11-29,,4455f5f814bca57b,2032-12-22,,,Goiânia
LIC-LIC-01,CLARO S.A.,50409889580,10,105752021,689843798,R TRÊS,QUADRA 40  LOTE 100 - ESQUINA COM RUA VINTE E DOIS - EDIFICIO RURAL,GO,5208707,50M0G7W,NR,SA-NSA,,2325,2325,105,FB,,,760,72202203257,23.5,25,60,0,X,65.5,72202203257,50,-16.6751,-49.254,G,2024-01-03,2007-11-29,,4455f5f814bca57c,2032-12-22,,,Goiânia
LIC-LIC-01,CLARO S.A.,50409889580,10,105752021,689843798,R TRÊS,QUADRA 40  LOTE 100 - ESQUINA COM RUA VINTE E DOIS - EDIFICIO RURAL,GO,5208707,50M0G7W,NR,SA-NSA,,2325,2325,255,FB,,,760,72202203257,23.5,25,60,0,X,65.5,72202203257,50,-16.6751,-49.254,G,2024-01-03,2007-11-29,,4455f5f814bca57d,2032-12-22,,,Goiânia
LIC-LIC-01,CLARO S.A.,50409889580,10,105752021,1007504240,RUA ROMA,QUADRA 01 LOTE 10  BLOCO 3,GO,5208707,50M0G7W,NR,SA-NSA,,2325,2325,5,FB,,,760,72202203257,23.5,25,60,0,X,60,72202203257,50,-16.62937,-49.21373,G,2023-09-28,2018-10-30,,4455f5f814bca617,2032-12-22,,,Goiânia
LIC-LIC-01,CLARO S.A.,50409889580,10,105752021,1007504240,RUA ROMA,QUADRA 01 LOTE 10  BLOCO 3,GO,5208707,50M0G7W,NR,SA-NSA,,2325,2325,70,FB,,,760,72202203257,23.5,25,60,0,X,60,72202203257,50,-16.62937,-49.21373,G,2023-09-28,2018-10-30,,4455f5f814bca618,2032-12-22,,,Goiânia
LIC-LIC-01,CLARO S.A.,50409889580,10,105752021,1007504240,RUA ROMA,QUADRA 01 LOTE 10  BLOCO 3,GO,5208707,50M0G7W,NR,SA-NSA,,2325,2325,160,FB,,,760,72202203257,23.5,25,60,0,X,60,72202203257,50,-16.62937,-49.21373,G,2023-09-28,2018-10-30,,4455f5f814bca619,2032-12-22,,,Goiânia
LIC-LIC-01,CLARO S.A.,50409889580,10,105752021,684211556,RUA LUIZ DE MATOS,QD 188  LT 14  ESQ C/ RUA C-96,GO,5208707,100MG7W,NR,SA-NSA,,3350,3350,30,FB,,,760,,25,25,60,0,X,50,116652103257,199.5,-16.7063,-49.3072,G,2025-05-13,2004-06-18,,78fdf5f834482bb4,2041-12-08,,,Goiânia
LIC-LIC-01,CLARO S.A.,50409889580,10,105752021,684211556,RUA LUIZ DE MATOS,QD 188  LT 14  ESQ C/ RUA C-96,GO,5208707,100MG7W,NR,SA-NSA,,3350,3350,120,FB,,,760,,25,25,60,0,X,50,116652103257,199.5,-16.7063,-49.3072,G,2025-05-13,2004-06-18,,78fdf5f834482bb5,2041-12-08,,,Goiânia
LIC-LIC-01,CLARO S.A.,50409889580,10,105752021,684211556,RUA LUIZ DE MATOS,QD 188  LT 14  ESQ C/ RUA C-96,GO,5208707,100MG7W,NR,SA-NSA,,3350,3350,210,FB,,,760,,25,25,60,0,X,50,116652103257,199.5,-16.7063,-49.3072,G,2025-05-13,2004-06-18,,78fdf5f834482bb6,2041-12-08,,,Goiânia
LIC-LIC-01,CLARO S.A.,50409889580,10,105752021,698126661,R DUZENTOS E QUARENTA E NOVE,ESQUINA COM A RUA C-254  QUADRA 579  LOTES 14/15 ( EDIFICIO RESIDENCIAL AMAZONAS).,GO,5208707,100MG7W,NR,SA-NSA,,3350,3350,0,FB,,,760,,25,25,60,0,X,50.2,116652103257,199.5,-16.71271,-49.27297,G,2023-10-27,2012-12-20,,78fdf5f834482bea,2032-12-22,,,Goiânia
LIC-LIC-01,CLARO S.A.,50409889580,10,105752021,698126661,R DUZENTOS E QUARENTA E NOVE,ESQUINA COM A RUA C-254  QUADRA 579  LOTES 14/15 ( EDIFICIO RESIDENCIAL AMAZONAS).,GO,5208707,100MG7W,NR,SA-NSA,,3350,3350,110,FB,,,760,,25,25,60,0,X,50.2,116652103257,199.5,-16.71271,-49.27297,G,2023-10-27,2012-12-20,,78fdf5f834482beb,2032-12-22,,,Goiânia
LIC-LIC-01,CLARO S.A.,50409889580,10,105752021,698126661,R DUZENTOS E QUARENTA E NOVE,ESQUINA COM A RUA C-254  QUADRA 579  LOTES 14/15 ( EDIFICIO RESIDENCIAL AMAZONAS).,GO,5208707,100MG7W,NR,SA-NSA,,3350,3350,230,FB,,,760,,25,25,60,0,X,50.2,116652103257,199.5,-16.71271,-49.27297,G,2023-10-27,2012-12-20,,78fdf5f834482bec,2032-12-22,,,Goiânia
LIC-LIC-01,CLARO S.A.,50409889580,10,105752021,689844140,R S-3,QUADRA S-7  LOTES 7 A 10  EDIFICIO RESINDENCIAL FLORIDA I,GO,5208707,100MG7W,NR,SA-NSA,,3350,3350,330,FB,,,760,,25,25,60,-5,X,57,116652103257,199.5,-16.7168,-49.26225,G,2023-10-27,2007-11-29,,78fdf5f834482bfc,2032-12-22,,,Goiânia
LIC-LIC-01,CLARO S.A.,50409889580,10,105752021,689844140,R S-3,QUADRA S-7  LOTES 7 A 10  EDIFICIO RESINDENCIAL FLORIDA I,GO,5208707,100MG7W,NR,SA-NSA,,3350,3350,120,FB,,,760,,25,25,60,-5,X,57,116652103257,199.5,-16.7168,-49.26225,G,2023-10-27,2007-11-29,,78fdf5f834482bfd,2032-12-22,,,Goiânia
LIC-LIC-01,CLARO S.A.,50409889580,10,105752021,689844140,R S-3,QUADRA S-7  LOTES 7 A 10  EDIFICIO RESINDENCIAL FLORIDA I,GO,5208707,100MG7W,NR,SA-NSA,,3350,3350,240,FB,,,760,,25,25,60,-1,X,57,116652103257,199.5,-16.7168,-49.26225,G,2023-10-27,2007-11-29,,78fdf5f834482bfe,2032-12-22,,,Goiânia
LIC-LIC-01,CLARO S.A.,50409889580,10,105752021,695209531,R TREZE,QUADRA 1 - LOTE 08  Nº 02,GO,5208707,100MG7W,NR,SA-NSA,,3350,3350,335,FB,,,760,,25,25,60,0,X,29,116652103257,199.5,-16.65939,-49.25305,G,2023-10-27,2011-02-28,,78fdf5f834482c2f,2032-12-22,,,Goiânia
LIC-LIC-01,CLARO S.A.,50409889580,10,105752021,695209531,R TREZE,QUADRA 1 - LOTE 08  Nº 02,GO,5208707,100MG7W,NR,SA-NSA,,3350,3350,125,FB,,,760,,25,25,60,0,X,29,116652103257,199.5,-16.65939,-49.25305,G,2023-10-27,2011-02-28,,78fdf5f834482c30,2032-12-22,,,Goiânia
LIC-LIC-01,CLARO S.A.,50409889580,10,105752021,695209531,R TREZE,QUADRA 1 - LOTE 08  Nº 02,GO,5208707,100MG7W,NR,SA-NSA,,3350,3350,210,FB,,,760,,25,25,60,0,X,29,116652103257,199.5,-16.65939,-49.25305,G,2023-10-27,2011-02-28,,78fdf5f834482c31,2032-12-22,,,Goiânia
LIC-LIC-01,CLARO S.A.,50409889580,10,105752021,1000722837,AVENIDA 2° RADIAL QD.119 LT.11/12,COND. RES.SIERRA MADRE,GO,5208707,100MG7W,NR,SA-NSA,,3350,3350,30,FB,,,760,,25,25,60,0,X,53.5,116652103257,199.5,-16.71315,-49.2475,G,2023-10-30,2014-12-01,,78fdf5f834482c62,2027-07-02,,,Goiânia
LIC-LIC-01,CLARO S.A.,50409889580,10,105752021,1000722837,AVENIDA 2° RADIAL QD.119 LT.11/12,COND. RES.SIERRA MADRE,GO,5208707,100MG7W,NR,SA-NSA,,3350,3350,200,FB,,,760,,25,25,60,0,X,53.5,116652103257,199.5,-16.71315,-49.2475,G,2023-10-30,2014-12-01,,78fdf5f834482c63,2027-07-02,,,Goiânia
LIC-LIC-01,CLARO S.A.,50409889580,10,105752021,1000722837,AVENIDA 2° RADIAL QD.119 LT.11/12,COND. RES.SIERRA MADRE,GO,5208707,100MG7W,NR,SA-NSA,,3350,3350,320,FB,,,760,,25,25,60,0,X,53.5,116652103257,199.5,-16.71315,-49.2475,G,2023-10-30,2014-12-01,,78fdf5f834482c64,2027-07-02,,,Goiânia
LIC-LIC-01,CLARO S.A.,50409889580,10,105752021,1011245610,R 127,,GO,5208707,100MG7W,NR,SA-NSA,,3350,3350,20,FB,,,760,,25,25,60,-1,X,24,116652103257,199.5,-16.69242,-49.257,G,2023-10-27,2020-10-05,,78fdf5f834482cbc,2032-12-22,,,Goiânia
LIC-LIC-01,CLARO S.A.,50409889580,10,105752021,1011245610,R 127,,GO,5208707,100MG7W,NR,SA-NSA,,3350,3350,120,FB,,,760,,25,25,60,-1,X,24,116652103257,199.5,-16.69242,-49.257,G,2023-10-27,2020-10-05,,78fdf5f834482cbd,2032-12-22,,,Goiânia
LIC-LIC-01,CLARO S.A.,50409889580,10,105752021,1011245610,R 127,,GO,5208707,100MG7W,NR,SA-NSA,,3350,3350,240,FB,,,760,,25,25,60,-1,X,24,116652103257,199.5,-16.69242,-49.257,G,2023-10-27,2020-10-05,,78fdf5f834482cbe,2032-12-22,,,Goiânia
LIC-LIC-01,CLARO S.A.,50409889580,10,105752021,690934394,R RB-04,QUADRA 05  LOTE 25,GO,5208707,100MG7W,NR,SA-NSA,,3350,3350,355,FB,,,760,,25,25,60,0,X,51,116652103257,199.5,-16.71337,-49.18472,G,2023-10-30,2008-12-15,,78fdf5f834482cc8,2027-07-02,,,Goiânia
LIC-LIC-01,CLARO S.A.,50409889580,10,105752021,690934394,R RB-04,QUADRA 05  LOTE 25,GO,5208707,100MG7W,NR,SA-NSA,,3350,3350,175,FB,,,760,,25,25,60,0,X,51,116652103257,199.5,-16.71337,-49.18472,G,2023-10-30,2008-12-15,,78fdf5f834482cc9,2027-07-02,,,Goiânia
LIC-LIC-01,CLARO S.A.,50409889580,10,105752021,690934394,R RB-04,QUADRA 05  LOTE 25,GO,5208707,100MG7W,NR,SA-NSA,,3350,3350,230,FB,,,760,,25,25,60,0,X,51,116652103257,199.5,-16.71337,-49.18472,G,2023-10-30,2008-12-15,,78fdf5f834482cca,2027-07-02,,,Goiânia
LIC-LIC-01,CLARO S.A.,50409889580,10,105752021,2826178,AVENIDA T-5,CONDOMÍNIO ARVOREDO,GO,5208707,100MG7W,NR,SA-NSA,,3350,3350,30,FB,,,760,,25,25,60,0,X,41,116652103257,199.5,-16.7167,-49.2688,G,2023-10-27,2003-03-06,,78fdf5f834482cfe,2032-12-22,,,Goiânia
LIC-LIC-01,CLARO S.A.,50409889580,10,105752021,2826178,AVENIDA T-5,CONDOMÍNIO ARVOREDO,GO,5208707,100MG7W,NR,SA-NSA,,3350,3350,140,FB,,,760,,25,25,60,0,X,41,116652103257,199.5,-16.7167,-49.2688,G,2023-10-27,2003-03-06,,78fdf5f834482cff,2032-12-22,,,Goiânia
LIC-LIC-01,CLARO S.A.,50409889580,10,105752021,2826178,AVENIDA T-5,CONDOMÍNIO ARVOREDO,GO,5208707,100MG7W,NR,SA-NSA,,3350,3350,250,FB,,,760,,25,25,60,0,X,41,116652103257,199.5,-16.7167,-49.2688,G,2023-10-27,2003-03-06,,78fdf5f834482d00,2032-12-22,,,Goiânia
LIC-LIC-01,CLARO S.A.,50409889580,10,105752021,696073790,RUA 27,QUADRA E-8  LOTES 06/08  Nº51,GO,5208707,100MG7W,NR,SA-NSA,,3350,3350,0,FB,,,760,,25,25,60,0,X,78,116652103257,199.5,-16.68836,-49.26489,G,2023-10-27,2011-10-17,,78fdf5f834482d43,2032-12-22,,,Goiânia
LIC-LIC-01,CLARO S.A.,50409889580,10,105752021,696073790,RUA 27,QUADRA E-8  LOTES 06/08  Nº51,GO,5208707,100MG7W,NR,SA-NSA,,3350,3350,140,FB,,,760,,25,25,60,0,X,78,116652103257,199.5,-16.68836,-49.26489,G,2023-10-27,2011-10-17,,78fdf5f834482d44,2032-12-22,,,Goiânia
LIC-LIC-01,CLARO S.A.,50409889580,10,105752021,696073790,RUA 27,QUADRA E-8  LOTES 06/08  Nº51,GO,5208707,100MG7W,NR,SA-NSA,,3350,3350,220,FB,,,760,,25,25,60,0,X,78,116652103257,199.5,-16.68836,-49.26489,G,2023-10-27,2011-10-17,,78fdf5f834482d45,2032-12-22,,,Goiânia
LIC-LIC-01,CLARO S.A.,50409889580,10,105752021,2829649,AVENIDA COUTO MAGALHÃES,QUADRA 72  LOTE 05,GO,5208707,100MG7W,NR,SA-NSA,,3350,3350,0,FB,,,760,,25,25,60,0,X,34,116652103257,199.5,-16.7148,-49.2584,G,2023-10-27,2003-03-06,,78fdf5f834482d9d,2032-12-22,,,Goiânia
LIC-LIC-01,CLARO S.A.,50409889580,10,105752021,2829649,AVENIDA COUTO MAGALHÃES,QUADRA 72  LOTE 05,GO,5208707,100MG7W,NR,SA-NSA,,3350,3350,110,FB,,,760,,25,25,60,0,X,34,116652103257,199.5,-16.7148,-49.2584,G,2023-10-27,2003-03-06,,78fdf5f834482d9e,2032-12-22,,,Goiânia
LIC-LIC-01,CLARO S.A.,50409889580,10,105752021,2829649,AVENIDA COUTO MAGALHÃES,QUADRA 72  LOTE 05,GO,5208707,100MG7W,NR,SA-NSA,,3350,3350,190,FB,,,760,,25,25,60,0,X,34,116652103257,199.5,-16.7148,-49.2584,G,2023-10-27,2003-03-06,,78fdf5f834482d9f,2032-12-22,,,Goiânia
LIC-LIC-01,CLARO S.A.,50409889580,10,105752021,695226614,R 71,QUADRA C-13,GO,5208707,100MG7W,NR,SA-NSA,,3350,3350,40,FB,,,760,,25,25,60,-1,X,45,116652103257,199.5,-16.70493,-49.23488,G,2024-06-11,2011-02-28,,78fdf5f834482ddf,2041-12-08,,,Goiânia
LIC-LIC-01,CLARO S.A.,50409889580,10,105752021,695226614,R 71,QUADRA C-13,GO,5208707,100MG7W,NR,SA-NSA,,3350,3350,160,FB,,,760,,25,25,60,0,X,41,116652103257,199.5,-16.70493,-49.23488,G,2024-06-11,2011-02-28,,78fdf5f834482de0,2041-12-08,,,Goiânia
LIC-LIC-01,CLARO S.A.,50409889580,10,105752021,695226614,R 71,QUADRA C-13,GO,5208707,100MG7W,NR,SA-NSA,,3350,3350,280,FB,,,760,,25,25,60,-2,X,41,116652103257,199.5,-16.70493,-49.23488,G,2024-06-11,2011-02-28,,78fdf5f834482de1,2041-12-08,,,Goiânia
LIC-LIC-01,CLARO S.A.,50409889580,10,105752021,695209566,AVENIDA T62,COM S 5  Nº 157  RESIDENCIAL DANVILLE,GO,5208707,100MG7W,NR,SA-NSA,,3350,3350,15,FB,,,760,,25,25,60,0,X,53.5,116652103257,199.5,-16.71233,-49.26031,G,2023-10-27,2011-02-28,,78fdf5f834482e1e,2032-12-22,,,Goiânia
LIC-LIC-01,CLARO S.A.,50409889580,10,105752021,695209566,AVENIDA T62,COM S 5  Nº 157  RESIDENCIAL DANVILLE,GO,5208707,100MG7W,NR,SA-NSA,,3350,3350,110,FB,,,760,,25,25,60,0,X,53.5,116652103257,199.5,-16.71233,-49.26031,G,2023-10-27,2011-02-28,,78fdf5f834482e1f,2032-12-22,,,Goiânia
LIC-LIC-01,CLARO S.A.,50409889580,10,105752021,695209566,AVENIDA T62,COM S 5  Nº 157  RESIDENCIAL DANVILLE,GO,5208707,100MG7W,NR,SA-NSA,,3350,3350,220,FB,,,760,,25,25,60,0,X,53.5,116652103257,199.5,-16.71233,-49.26031,G,2023-10-27,2011-02-28,,78fdf5f834482e20,2032-12-22,,,Goiânia
LIC-LIC-01,CLARO S.A.,50409889580,10,105752021,2955490,R T-38,QUADRA 121 - LOTE 14,GO,5208707,100MG7W,NR,SA-NSA,,3350,3350,20,FB,,,760,,25,25,60,0,X,27,116652103257,199.5,-16.7087,-49.2681,G,2023-10-27,2003-03-06,,78fdf5f834482e5a,2032-12-22,,,Goiânia
LIC-LIC-01,CLARO S.A.,50409889580,10,105752021,2955490,R T-38,QUADRA 121 - LOTE 14,GO,5208707,100MG7W,NR,SA-NSA,,3350,3350,185,FB,,,760,,25,25,60,0,X,27,116652103257,199.5,-16.7087,-49.2681,G,2023-10-27,2003-03-06,,78fdf5f834482e5b,2032-12-22,,,Goiânia
LIC-LIC-01,CLARO S.A.,50409889580,10,105752021,2955490,R T-38,QUADRA 121 - LOTE 14,GO,5208707,100MG7W,NR,SA-NSA,,3350,3350,250,FB,,,760,,25,25,60,0,X,27,116652103257,199.5,-16.7087,-49.2681,G,2023-10-27,2003-03-06,,78fdf5f834482e5c,2032-12-22,,,Goiânia
LIC-LIC-01,CLARO S.A.,50409889580,10,105752021,2853221,R MIL CENTO E VINTE E OITO,QUADRA 238  LOTE 31,GO,5208707,100MG7W,NR,SA-NSA,,3350,3350,350,FB,,,760,,25,25,60,-2,X,33,116652103257,199.5,-16.6997,-49.2615,G,2024-06-11,2003-03-06,,78fdf5f834482e8a,2041-12-08,,,Goiânia
LIC-LIC-01,CLARO S.A.,50409889580,10,105752021,2853221,R MIL CENTO E VINTE E OITO,QUADRA 238  LOTE 31,GO,5208707,100MG7W,NR,SA-NSA,,3350,3350,135,FB,,,760,,25,25,60,-1,X,33,116652103257,199.5,-16.6997,-49.2615,G,2024-06-11,2003-03-06,,78fdf5f834482e8b,2041-12-08,,,Goiânia
LIC-LIC-01,CLARO S.A.,50409889580,10,105752021,2853221,R MIL CENTO E VINTE E OITO,QUADRA 238  LOTE 31,GO,5208707,100MG7W,NR,SA-NSA,,3350,3350,220,FB,,,760,,25,25,60,-2,X,33,116652103257,199.5,-16.6997,-49.2615,G,2024-06-11,2003-03-06,,78fdf5f834482e8c,2041-12-08,,,Goiânia
LIC-LIC-01,CLARO S.A.,50409889580,10,105752021,685031691,R 115-G,QUADRA F-41  LOTE 01,GO,5208707,100MG7W,NR,SA-NSA,,3350,3350,250,FB,,,760,,25,25,60,0,X,18.5,116652103257,199.5,-16.69679,-49.24685,G,2024-06-10,2005-01-05,,78fdf5f834482ec0,2041-12-08,,,Goiânia
LIC-LIC-01,CLARO S.A.,50409889580,10,105752021,685031691,R 115-G,QUADRA F-41  LOTE 01,GO,5208707,100MG7W,NR,SA-NSA,,3350,3350,130,FB,,,760,,25,25,60,0,X,18.5,116652103257,199.5,-16.69679,-49.24685,G,2024-06-10,2005-01-05,,78fdf5f834482ec1,2041-12-08,,,Goiânia
LIC-LIC-01,CLARO S.A.,50409889580,10,105752021,685031691,R 115-G,QUADRA F-41  LOTE 01,GO,5208707,100MG7W,NR,SA-NSA,,3350,3350,20,FB,,,760,,25,25,60,0,X,18.5,116652103257,199.5,-16.69679,-49.24685,G,2024-06-10,2005-01-05,,78fdf5f834482ec2,2041-12-08,,,Goiânia
LIC-LIC-01,CLARO S.A.,50409889580,10,105752021,685031748,R ORESTES RIBEIRO,T-52  QUADRA 81  LOTE ÁREA 1C-1,GO,5208707,100MG7W,NR,SA-NSA,,3350,3350,30,FB,,,760,,25,25,60,0,X,41,116652103257,199.5,-16.7001,-49.2724,G,2023-10-27,2005-01-05,,78fdf5f834482f0b,2032-12-22,,,Goiânia
LIC-LIC-01,CLARO S.A.,50409889580,10,105752021,685031748,R ORESTES RIBEIRO,T-52  QUADRA 81  LOTE ÁREA 1C-1,GO,5208707,100MG7W,NR,SA-NSA,,3350,3350,190,FB,,,760,,25,25,60,0,X,41,116652103257,199.5,-16.7001,-49.2724,G,2023-10-27,2005-01-05,,78fdf5f834482f0c,2032-12-22,,,Goiânia
LIC-LIC-01,CLARO S.A.,50409889580,10,105752021,685031748,R ORESTES RIBEIRO,T-52  QUADRA 81  LOTE ÁREA 1C-1,GO,5208707,100MG7W,NR,SA-NSA,,3350,3350,290,FB,,,760,,25,25,60,0,X,41,116652103257,199.5,-16.7001,-49.2724,G,2023-10-27,2005-01-05,,78fdf5f834482f0d,2032-12-22,,,Goiânia
LIC-LIC-01,CLARO S.A.,50409889580,10,105752021,1006604305,R 54,Q B-12  L 14/15,GO,5208707,100MG7W,NR,SA-NSA,,3350,3350,10,FB,,,760,,25,25,60,0,X,46,116652103257,199.5,-16.70012,-49.24167,G,2023-10-27,2020-12-29,,78fdf5f834482f59,2032-12-22,,,Goiânia
LIC-LIC-01,CLARO S.A.,50409889580,10,105752021,1006604305,R 54,Q B-12  L 14/15,GO,5208707,100MG7W,NR,SA-NSA,,3350,3350,125,FB,,,760,,25,25,60,0,X,46,116652103257,199.5,-16.70012,-49.24167,G,2023-10-27,2020-12-29,,78fdf5f834482f5a,2032-12-22,,,Goiânia
LIC-LIC-01,CLARO S.A.,50409889580,10,105752021,1006604305,R 54,Q B-12  L 14/15,GO,5208707,100MG7W,NR,SA-NSA,,3350,3350,220,FB,,,760,,25,25,60,0,X,46,116652103257,199.5,-16.70012,-49.24167,G,2023-10-27,2020-12-29,,78fdf5f834482f5b,2032-12-22,,,Goiânia
LIC-LIC-01,CLARO S.A.,50409889580,10,105752021,683798502,R OITENTA E SETE,QUADRA F-25 - LOTE 84 - EDIFÍCIO TANGER,GO,5208707,100MG7W,NR,SA-NSA,,3350,3350,0,FB,,,760,,25,25,60,0,X,28,116652103257,199.5,-16.6908,-49.2604,G,2023-10-30,2003-12-19,,78fdf5f834482f86,2027-07-02,,,Goiânia
LIC-LIC-01,CLARO S.A.,50409889580,10,105752021,683798502,R OITENTA E SETE,QUADRA F-25 - LOTE 84 - EDIFÍCIO TANGER,GO,5208707,100MG7W,NR,SA-NSA,,3350,3350,100,FB,,,760,,25,25,60,0,X,28,116652103257,199.5,-16.6908,-49.2604,G,2023-10-30,2003-12-19,,78fdf5f834482f87,2027-07-02,,,Goiânia
LIC-LIC-01,CLARO S.A.,50409889580,10,105752021,683798502,R OITENTA E SETE,QUADRA F-25 - LOTE 84 - EDIFÍCIO TANGER,GO,5208707,100MG7W,NR,SA-NSA,,3350,3350,250,FB,,,760,,25,25,60,0,X,28,116652103257,199.5,-16.6908,-49.2604,G,2023-10-30,2003-12-19,,78fdf5f834482f88,2027-07-02,,,Goiânia
LIC-LIC-01,CLARO S.A.,50409889580,10,105752021,1006824518,N/A RUA 37,,GO,5208707,100MG7W,NR,SA-NSA,,3350,3350,25,FB,,,760,,25,25,60,0,X,52,116652103257,199.5,-16.69212,-49.23534,G,2023-10-27,2011-02-28,,78fdf5f834482f9b,2032-12-22,,,Goiânia
LIC-LIC-01,CLARO S.A.,50409889580,10,105752021,1006824518,N/A RUA 37,,GO,5208707,100MG7W,NR,SA-NSA,,3350,3350,170,FB,,,760,,25,25,60,-1,X,52,116652103257,199.5,-16.69212,-49.23534,G,2023-10-27,2011-02-28,,78fdf5f834482f9c,2032-12-22,,,Goiânia
LIC-LIC-01,CLARO S.A.,50409889580,10,105752021,1006824518,N/A RUA 37,,GO,5208707,100MG7W,NR,SA-NSA,,3350,3350,260,FB,,,760,,25,25,60,-1,X,52,116652103257,199.5,-16.69212,-49.23534,G,2023-10-27,2011-02-28,,78fdf5f834482f9d,2032-12-22,,,Goiânia
LIC-LIC-01,CLARO S.A.,50409889580,10,105752021,697467252,R SEIS,COM REPÚBLICA DO LÍBANO,GO,5208707,50M0G7W,NR,SA-NSA,,2325,2325,0,FB,,,760,72202203257,23.5,25,60,-2,X,67.3,72202203257,50,-16.68328,-49.26657,G,2024-03-21,2012-08-21,,8a8ca5f8038ef71a,2041-12-08,,,Goiânia
LIC-LIC-01,CLARO S.A.,50409889580,10,105752021,697467252,R SEIS,COM REPÚBLICA DO LÍBANO,GO,5208707,50M0G7W,NR,SA-NSA,,2325,2325,150,FB,,,760,72202203257,23.5,25,60,-2,X,67.3,72202203257,50,-16.68328,-49.26657,G,2024-03-21,2012-08-21,,8a8ca5f8038ef71b,2041-12-08,,,Goiânia
LIC-LIC-01,CLARO S.A.,50409889580,10,105752021,697467252,R SEIS,COM REPÚBLICA DO LÍBANO,GO,5208707,50M0G7W,NR,SA-NSA,,2325,2325,230,FB,,,760,72202203257,23.5,25,60,-1,X,67.3,72202203257,50,-16.68328,-49.26657,G,2024-03-21,2012-08-21,,8a8ca5f8038ef71c,2041-12-08,,,Goiânia
LIC-LIC-01,CLARO S.A.,50409889580,10,105752021,1000049229,R DOUTOR JOSÉ PEREIRA BORGES,QUADRA 19,GO,5208707,50M0G7W,NR,SA-NSA,,2325,2325,0,FB,,,760,72202203257,23.5,25,60,-2,X,62,72202203257,50,-16.68939,-49.38866,G,2023-09-28,2009-12-08,,78fdf5f8348b3a27,2032-12-22,,,Goiânia
LIC-LIC-01,CLARO S.A.,50409889580,10,105752021,1000049229,R DOUTOR JOSÉ PEREIRA BORGES,QUADRA 19,GO,5208707,50M0G7W,NR,SA-NSA,,2325,2325,120,FB,,,760,72202203257,23.5,25,60,-2,X,62,72202203257,50,-16.68939,-49.38866,G,2023-09-28,2009-12-08,,78fdf5f8348b3a28,2032-12-22,,,Goiânia
LIC-LIC-01,CLARO S.A.,50409889580,10,105752021,1000049229,R DOUTOR JOSÉ PEREIRA BORGES,QUADRA 19,GO,5208707,50M0G7W,NR,SA-NSA,,2325,2325,245,FB,,,760,72202203257,23.5,25,60,-2,X,62,72202203257,50,-16.68939,-49.38866,G,2023-09-28,2009-12-08,,78fdf5f8348b3a29,2032-12-22,,,Goiânia
LIC-LIC-01,CLARO S.A.,50409889580,10,105752021,693136707,R EQUADOR,QUADRA 27,GO,5208707,50M0G7W,NR,SA-NSA,,2325,2325,0,FB,,,760,72202203257,23.5,25,60,0,X,51,72202203257,50,-16.6857,-49.22279,G,2023-09-28,2011-01-31,,78fdf5f8348b3a4b,2032-12-22,,,Goiânia
LIC-LIC-01,CLARO S.A.,50409889580,10,105752021,693136707,R EQUADOR,QUADRA 27,GO,5208707,50M0G7W,NR,SA-NSA,,2325,2325,100,FB,,,760,72202203257,23.5,25,60,0,X,51,72202203257,50,-16.6857,-49.22279,G,2023-09-28,2011-01-31,,78fdf5f8348b3a4c,2032-12-22,,,Goiânia
LIC-LIC-01,CLARO S.A.,50409889580,10,105752021,693136707,R EQUADOR,QUADRA 27,GO,5208707,50M0G7W,NR,SA-NSA,,2325,2325,250,FB,,,760,72202203257,23.5,25,60,0,X,51,72202203257,50,-16.6857,-49.22279,G,2023-09-28,2011-01-31,,78fdf5f8348b3a4d,2032-12-22,,,Goiânia
LIC-LIC-01,CLARO S.A.,50409889580,10,105752021,695436953,AV ANHANGUERA,QUADRA 102  LOTE 05.,GO,5208707,50M0G7W,NR,SA-NSA,,2325,2325,0,FB,,,760,72202203257,23.5,25,60,0,X,26.25,72202203257,50,-16.67334,-49.28672,G,2024-01-03,2011-05-16,,78fdf5f8348b3a5a,2032-12-22,,,Goiânia
LIC-LIC-01,CLARO S.A.,50409889580,10,105752021,695436953,AV ANHANGUERA,QUADRA 102  LOTE 05.,GO,5208707,50M0G7W,NR,SA-NSA,,2325,2325,120,FB,,,760,72202203257,23.5,25,60,0,X,26.25,72202203257,50,-16.67334,-49.28672,G,2024-01-03,2011-05-16,,78fdf5f8348b3a5b,2032-12-22,,,Goiânia
LIC-LIC-01,CLARO S.A.,50409889580,10,105752021,695436953,AV ANHANGUERA,QUADRA 102  LOTE 05.,GO,5208707,50M0G7W,NR,SA-NSA,,2325,2325,200,FB,,,760,72202203257,23.5,25,60,-1,X,26.25,72202203257,50,-16.67334,-49.28672,G,2024-01-03,2011-05-16,,78fdf5f8348b3a5c,2032-12-22,,,Goiânia
LIC-LIC-01,CLARO S.A.,50409889580,10,105752021,3001407,AV L,QUADRA 9-A  LOTE 03,GO,5208707,50M0G7W,NR,SA-NSA,,2325,2325,330,FB,,,760,72202203257,23.5,25,60,0,X,25,72202203257,50,-16.6773,-49.2691,G,2024-03-21,2003-03-06,,990ba5f85ca7a06d,2041-12-08,,,Goiânia
LIC-LIC-01,CLARO S.A.,50409889580,10,105752021,3001407,AV L,QUADRA 9-A  LOTE 03,GO,5208707,50M0G7W,NR,SA-NSA,,2325,2325,125,FB,,,760,72202203257,23.5,25,60,0,X,25,72202203257,50,-16.6773,-49.2691,G,2024-03-21,2003-03-06,,990ba5f85ca7a06e,2041-12-08,,,Goiânia
LIC-LIC-01,CLARO S.A.,50409889580,10,105752021,3001407,AV L,QUADRA 9-A  LOTE 03,GO,5208707,50M0G7W,NR,SA-NSA,,2325,2325,250,FB,,,760,72202203257,23.5,25,60,0,X,25,72202203257,50,-16.6773,-49.2691,G,2024-03-21,2003-03-06,,990ba5f85ca7a06f,2041-12-08,,,Goiânia
LIC-LIC-01,CLARO S.A.,50409889580,10,105752021,5208831,AVENIDA JAMEL CECÍLIO,SHOPPING FLAMBOYANT,GO,5208707,50M0G7W,NR,SA-NSA,,2325,2325,0,FB,,,168,,4,0,360,0,V,5,72102203257,50,-16.7106,-49.2361,G,2023-09-28,2003-03-06,,d80bc5f82cbcc063,2032-12-22,,,Goiânia
LIC-LIC-01,CLARO S.A.,50409889580,10,105752021,689882521,R DO CONTORNO,QUADRA 84  LOTE 23,GO,5208707,50M0G7W,NR,SA-NSA,,2325,2325,337,FB,,,760,72202203257,23.5,25,60,0,X,54,72202203257,50,-16.6242,-49.3368,G,2023-09-28,2008-02-25,,9f46d5f89e718a7d,2032-12-22,,,Goiânia
LIC-LIC-01,CLARO S.A.,50409889580,10,105752021,689882521,R DO CONTORNO,QUADRA 84  LOTE 23,GO,5208707,50M0G7W,NR,SA-NSA,,2325,2325,75,FB,,,760,72202203257,23.5,25,60,-1,X,54,72202203257,50,-16.6242,-49.3368,G,2023-09-28,2008-02-25,,9f46d5f89e718a7e,2032-12-22,,,Goiânia
LIC-LIC-01,CLARO S.A.,50409889580,10,105752021,689882521,R DO CONTORNO,QUADRA 84  LOTE 23,GO,5208707,50M0G7W,NR,SA-NSA,,2325,2325,200,FB,,,760,72202203257,23.5,25,60,-2,X,54,72202203257,50,-16.6242,-49.3368,G,2023-09-28,2008-02-25,,9f46d5f89e718a7f,2032-12-22,,,Goiânia
LIC-LIC-01,CLARO S.A.,50409889580,10,105752021,689844328,AV VENEZA,QUADRA 77  LOTE 03,GO,5208707,50M0G7W,NR,SA-NSA,,2325,2325,330,FB,,,760,72202203257,23.5,25,60,-2,X,22,72202203257,50,-16.7127,-49.3151,G,2023-09-28,2007-11-29,,8072c5f85167495a,2032-12-22,,,Goiânia
LIC-LIC-01,CLARO S.A.,50409889580,10,105752021,689844328,AV VENEZA,QUADRA 77  LOTE 03,GO,5208707,50M0G7W,NR,SA-NSA,,2325,2325,130,FB,,,760,72202203257,23.5,25,60,-2,X,22,72202203257,50,-16.7127,-49.3151,G,2023-09-28,2007-11-29,,8072c5f85167495b,2032-12-22,,,Goiânia
LIC-LIC-01,CLARO S.A.,50409889580,10,105752021,689844328,AV VENEZA,QUADRA 77  LOTE 03,GO,5208707,50M0G7W,NR,SA-NSA,,2325,2325,240,FB,,,760,72202203257,23.5,25,60,-2,X,22,72202203257,50,-16.7127,-49.3151,G,2023-09-28,2007-11-29,,8072c5f85167495c,2032-12-22,,,Goiânia
LIC-LIC-01,CLARO S.A.,50409889580,10,105752021,1012354013,AV PARANAÍBA,COM A RUA 68,GO,5208707,50M0G7W,NR,SA-NSA,,2325,2325,40,FB,,,760,72202203257,23.5,25,60,-1,X,25,72202203257,50,-16.67047,-49.2575,G,2023-10-27,2021-09-21,,8072c5f851674963,2032-12-22,,,Goiânia
LIC-LIC-01,CLARO S.A.,50409889580,10,105752021,1012354013,AV PARANAÍBA,COM A RUA 68,GO,5208707,50M0G7W,NR,SA-NSA,,2325,2325,130,FB,,,760,72202203257,23.5,25,60,-1,X,25,72202203257,50,-16.67047,-49.2575,G,2023-10-27,2021-09-21,,8072c5f851674964,2032-12-22,,,Goiânia
LIC-LIC-01,CLARO S.A.,50409889580,10,105752021,1012354013,AV PARANAÍBA,COM A RUA 68,GO,5208707,50M0G7W,NR,SA-NSA,,2325,2325,250,FB,,,760,72202203257,23.5,25,60,-1,X,25,72202203257,50,-16.67047,-49.2575,G,2023-10-27,2021-09-21,,8072c5f851674965,2032-12-22,,,Goiânia
LIC-LIC-01,CLARO S.A.,50409889580,10,105752021,688471625,RUA QUARENTA E QUATRO,ARAGUAIA SHOPPING,GO,5208707,50M0G7W,NR,SA-NSA,,2325,2325,0,FB,,,168,,4,10,360,0,V,5,72102203257,50,-16.659,-49.2595,G,2024-09-03,2006-08-02,,762525f8478867a1,2041-12-08,,,Goiânia
LIC-LIC-01,CLARO S.A.,50409889580,10,105752021,688471625,RUA QUARENTA E QUATRO,ARAGUAIA SHOPPING,GO,5208707,50M0G7W,NR,SA-NSA,,2325,2325,100,FB,,,760,,16,30,65,0,X,17.9,72102203257,50,-16.659,-49.2595,G,2024-09-03,2006-08-02,,762525f8478867a2,2041-12-08,,,Goiânia
LIC-LIC-01,CLARO S.A.,50409889580,10,105752021,687290520,R OITENTA E SEIS,QUADRA 21  LOTE 57,GO,5208707,100MG7W,NR,SA-NSA,,3350,3350,20,FB,,,760,,25,25,60,-1,X,40,116652103257,199.5,-16.6867,-49.2494,G,2023-10-30,2005-08-03,,b50015f8873ebf9c,2027-07-02,,,Goiânia
LIC-LIC-01,CLARO S.A.,50409889580,10,105752021,687290520,R OITENTA E SEIS,QUADRA 21  LOTE 57,GO,5208707,100MG7W,NR,SA-NSA,,3350,3350,125,FB,,,760,,25,25,60,0,X,40,116652103257,199.5,-16.6867,-49.2494,G,2023-10-30,2005-08-03,,b50015f8873ebf9d,2027-07-02,,,Goiânia
LIC-LIC-01,CLARO S.A.,50409889580,10,105752021,687290520,R OITENTA E SEIS,QUADRA 21  LOTE 57,GO,5208707,100MG7W,NR,SA-NSA,,3350,3350,220,FB,,,760,,25,25,60,-1,X,40,116652103257,199.5,-16.6867,-49.2494,G,2023-10-30,2005-08-03,,b50015f8873ebf9e,2027-07-02,,,Goiânia
LIC-LIC-01,CLARO S.A.,50409889580,10,105752021,690990839,R OITENTA E TRÊS,QUADRA 14,GO,5208707,100MG7W,NR,SA-NSA,,3350,3350,10,FB,,,760,,25,25,60,-1,X,36,116652103257,199.5,-16.68263,-49.25189,G,2024-01-03,2009-01-23,,f1c145f8c1faa91f,2032-12-22,,,Goiânia
LIC-LIC-01,CLARO S.A.,50409889580,10,105752021,690990839,R OITENTA E TRÊS,QUADRA 14,GO,5208707,100MG7W,NR,SA-NSA,,3350,3350,125,FB,,,760,,25,25,60,-2,X,36,116652103257,199.5,-16.68263,-49.25189,G,2024-01-03,2009-01-23,,f1c145f8c1faa920,2032-12-22,,,Goiânia
LIC-LIC-01,CLARO S.A.,50409889580,10,105752021,690990839,R OITENTA E TRÊS,QUADRA 14,GO,5208707,100MG7W,NR,SA-NSA,,3350,3350,255,FB,,,760,,25,25,60,-1,X,36,116652103257,199.5,-16.68263,-49.25189,G,2024-01-03,2009-01-23,,f1c145f8c1faa921,2032-12-22,,,Goiânia
LIC-LIC-01,CLARO S.A.,50409889580,10,105752021,1006666700,RUA JOÃO PESSOA QD.10,,GO,5208707,100MG7W,NR,SA-NSA,,3350,3350,345,FB,,,760,,25,25,60,-3,X,53,116652103257,199.5,-16.71496,-49.23949,G,2023-10-27,2018-05-24,,52c445f8c31a539a,2032-12-22,,,Goiânia
LIC-LIC-01,CLARO S.A.,50409889580,10,105752021,1006666700,RUA JOÃO PESSOA QD.10,,GO,5208707,100MG7W,NR,SA-NSA,,3350,3350,125,FB,,,760,,25,25,60,-5,X,53,116652103257,199.5,-16.71496,-49.23949,G,2023-10-27,2018-05-24,,52c445f8c31a539b,2032-12-22,,,Goiânia
LIC-LIC-01,CLARO S.A.,50409889580,10,105752021,1006666700,RUA JOÃO PESSOA QD.10,,GO,5208707,100MG7W,NR,SA-NSA,,3350,3350,195,FB,,,760,,25,25,60,-5,X,53,116652103257,199.5,-16.71496,-49.23949,G,2023-10-27,2018-05-24,,52c445f8c31a539c,2032-12-22,,,Goiânia
LIC-LIC-01,CLARO S.A.,50409889580,10,105752021,1006666700,RUA JOÃO PESSOA QD.10,,GO,5208707,50M0G7W,NR,SA-NSA,,2325,2325,345,FB,,,760,72202203257,23.5,25,60,-3,X,52,72202203257,50,-16.71496,-49.23949,G,2023-10-27,2018-05-24,,52c445f8c31a539d,2032-12-22,,,Goiânia
LIC-LIC-01,CLARO S.A.,50409889580,10,105752021,1006666700,RUA JOÃO PESSOA QD.10,,GO,5208707,50M0G7W,NR,SA-NSA,,2325,2325,125,FB,,,760,72202203257,23.5,25,60,-5,X,52,72202203257,50,-16.71496,-49.23949,G,2023-10-27,2018-05-24,,52c445f8c31a539e,2032-12-22,,,Goiânia
LIC-LIC-01,CLARO S.A.,50409889580,10,105752021,1006666700,RUA JOÃO PESSOA QD.10,,GO,5208707,50M0G7W,NR,SA-NSA,,2325,2325,195,FB,,,760,72202203257,23.5,25,60,-5,X,52,72202203257,50,-16.71496,-49.23949,G,2023-10-27,2018-05-24,,52c445f8c31a539f,2032-12-22,,,Goiânia
LIC-LIC-01,CLARO S.A.,50409889580,10,105752021,695210270,R TAJURA,QUADRA 46  LOTE 24,GO,5208707,100MG7W,NR,SA-NSA,,3350,3350,315,FB,,,760,,25,25,60,-2,X,32.75,116652103257,199.5,-16.73781,-49.27515,G,2023-10-27,2011-02-28,,a6ad45f8429f28bd,2032-12-22,,,Goiânia
LIC-LIC-01,CLARO S.A.,50409889580,10,105752021,695210270,R TAJURA,QUADRA 46  LOTE 24,GO,5208707,100MG7W,NR,SA-NSA,,3350,3350,120,FB,,,760,,25,25,60,-1,X,32.75,116652103257,199.5,-16.73781,-49.27515,G,2023-10-27,2011-02-28,,a6ad45f8429f28be,2032-12-22,,,Goiânia
LIC-LIC-01,CLARO S.A.,50409889580,10,105752021,695210270,R TAJURA,QUADRA 46  LOTE 24,GO,5208707,100MG7W,NR,SA-NSA,,3350,3350,250,FB,,,760,,25,25,60,-1,X,32.75,116652103257,199.5,-16.73781,-49.27515,G,2023-10-27,2011-02-28,,a6ad45f8429f28bf,2032-12-22,,,Goiânia
LIC-LIC-01,CLARO S.A.,50409889580,10,105752021,695210270,R TAJURA,QUADRA 46  LOTE 24,GO,5208707,50M0G7W,NR,SA-NSA,,2325,2325,315,FB,,,760,72202203257,23.5,25,60,-2,X,31.25,72202203257,50,-16.73781,-49.27515,G,2023-10-27,2011-02-28,,a6ad45f8429f28c0,2032-12-22,,,Goiânia
LIC-LIC-01,CLARO S.A.,50409889580,10,105752021,695210270,R TAJURA,QUADRA 46  LOTE 24,GO,5208707,50M0G7W,NR,SA-NSA,,2325,2325,120,FB,,,760,72202203257,23.5,25,60,-1,X,31.25,72202203257,50,-16.73781,-49.27515,G,2023-10-27,2011-02-28,,a6ad45f8429f28c1,2032-12-22,,,Goiânia
LIC-LIC-01,CLARO S.A.,50409889580,10,105752021,695210270,R TAJURA,QUADRA 46  LOTE 24,GO,5208707,50M0G7W,NR,SA-NSA,,2325,2325,250,FB,,,760,72202203257,23.5,25,60,-1,X,31.25,72202203257,50,-16.73781,-49.27515,G,2023-10-27,2011-02-28,,a6ad45f8429f28c2,2032-12-22,,,Goiânia
LIC-LIC-01,CLARO S.A.,50409889580,10,105752021,3001385,R MIL E QUINZE  QUADRA 32 - LOTE 07,,GO,5208707,100MG7W,NR,SA-NSA,,3350,3350,350,FB,,,760,,25,25,60,-1,X,29,116652103257,199.5,-16.7071,-49.248,G,2023-10-27,2016-10-24,,a6ad45f8429f28d5,2032-12-22,,,Goiânia
LIC-LIC-01,CLARO S.A.,50409889580,10,105752021,3001385,R MIL E QUINZE  QUADRA 32 - LOTE 07,,GO,5208707,100MG7W,NR,SA-NSA,,3350,3350,110,FB,,,760,,25,25,60,-1,X,29,116652103257,199.5,-16.7071,-49.248,G,2023-10-27,2016-10-24,,a6ad45f8429f28d6,2032-12-22,,,Goiânia
LIC-LIC-01,CLARO S.A.,50409889580,10,105752021,3001385,R MIL E QUINZE  QUADRA 32 - LOTE 07,,GO,5208707,100MG7W,NR,SA-NSA,,3350,3350,270,FB,,,760,,25,25,60,0,X,29,116652103257,199.5,-16.7071,-49.248,G,2023-10-27,2016-10-24,,a6ad45f8429f28d7,2032-12-22,,,Goiânia
LIC-LIC-01,CLARO S.A.,50409889580,10,105752021,3001385,R MIL E QUINZE  QUADRA 32 - LOTE 07,,GO,5208707,50M0G7W,NR,SA-NSA,,2325,2325,350,FB,,,760,72202203257,23.5,25,60,-1,X,29,72202203257,50,-16.7071,-49.248,G,2023-10-27,2016-10-24,,a6ad45f8429f28d8,2032-12-22,,,Goiânia
LIC-LIC-01,CLARO S.A.,50409889580,10,105752021,3001385,R MIL E QUINZE  QUADRA 32 - LOTE 07,,GO,5208707,50M0G7W,NR,SA-NSA,,2325,2325,110,FB,,,760,72202203257,23.5,25,60,-1,X,29,72202203257,50,-16.7071,-49.248,G,2023-10-27,2016-10-24,,a6ad45f8429f28d9,2032-12-22,,,Goiânia
LIC-LIC-01,CLARO S.A.,50409889580,10,105752021,3001385,R MIL E QUINZE  QUADRA 32 - LOTE 07,,GO,5208707,50M0G7W,NR,SA-NSA,,2325,2325,270,FB,,,760,72202203257,23.5,25,60,0,X,29,72202203257,50,-16.7071,-49.248,G,2023-10-27,2016-10-24,,a6ad45f8429f28da,2032-12-22,,,Goiânia
LIC-LIC-01,CLARO S.A.,50409889580,10,105752021,693180056,AV RIO DE JANEIRO,QUADRA 59,GO,5208707,100MG7W,NR,SA-NSA,,3350,3350,340,FB,,,760,,23.8,25,60,0,X,30.5,94692203257,263,-16.68979,-49.3531,G,2023-10-27,2011-01-31,,a6ad45f8429f292f,2032-12-22,,,Goiânia
LIC-LIC-01,CLARO S.A.,50409889580,10,105752021,693180056,AV RIO DE JANEIRO,QUADRA 59,GO,5208707,100MG7W,NR,SA-NSA,,3350,3350,140,FB,,,760,,23.8,25,60,-1,X,30.5,94692203257,263,-16.68979,-49.3531,G,2023-10-27,2011-01-31,,a6ad45f8429f2930,2032-12-22,,,Goiânia
LIC-LIC-01,CLARO S.A.,50409889580,10,105752021,693180056,AV RIO DE JANEIRO,QUADRA 59,GO,5208707,100MG7W,NR,SA-NSA,,3350,3350,245,FB,,,760,,23.8,25,60,-1,X,31,94692203257,263,-16.68979,-49.3531,G,2023-10-27,2011-01-31,,a6ad45f8429f2931,2032-12-22,,,Goiânia
LIC-LIC-01,CLARO S.A.,50409889580,10,105752021,1005934883,RUA 401,QD A LOTES 20/22,GO,5208707,100MG7W,NR,SA-NSA,,3350,3350,30,FB,,,760,,23.8,25,60,-6,X,72.5,94692203257,41,-16.65838,-49.23966,G,2025-12-16,2018-03-14,,221f55f8a35210e2,2041-12-08,,,Goiânia
LIC-LIC-01,CLARO S.A.,50409889580,10,105752021,1005934883,RUA 401,QD A LOTES 20/22,GO,5208707,100MG7W,NR,SA-NSA,,3350,3350,150,FB,,,760,,23.8,25,60,-7,X,72.5,94692203257,41,-16.65838,-49.23966,G,2025-12-16,2018-03-14,,221f55f8a35210e3,2041-12-08,,,Goiânia
LIC-LIC-01,CLARO S.A.,50409889580,10,105752021,1005934883,RUA 401,QD A LOTES 20/22,GO,5208707,100MG7W,NR,SA-NSA,,3350,3350,260,FB,,,760,,23.8,25,60,-7,X,72.5,94692203257,41,-16.65838,-49.23966,G,2025-12-16,2018-03-14,,221f55f8a35210e4,2041-12-08,,,Goiânia
LIC-LIC-01,CLARO S.A.,50409889580,10,105752021,3001393,AV NERÓPOLIS,ESQUINA COM RUA IRLANDA,GO,5208707,100MG7W,NR,SA-NSA,,3350,3350,320,FB,,,760,,24.5,25,60,-1,X,31,132842203257,223.8,-16.6234,-49.2831,G,2023-10-27,2003-03-06,,221f55f8a3521157,2032-12-22,,,Goiânia
LIC-LIC-01,CLARO S.A.,50409889580,10,105752021,3001393,AV NERÓPOLIS,ESQUINA COM RUA IRLANDA,GO,5208707,100MG7W,NR,SA-NSA,,3350,3350,90,FB,,,760,,24.5,25,60,-1,X,31,132842203257,223.8,-16.6234,-49.2831,G,2023-10-27,2003-03-06,,221f55f8a3521158,2032-12-22,,,Goiânia
LIC-LIC-01,CLARO S.A.,50409889580,10,105752021,3001393,AV NERÓPOLIS,ESQUINA COM RUA IRLANDA,GO,5208707,100MG7W,NR,SA-NSA,,3350,3350,210,FB,,,760,,24.5,25,60,-1,X,31,132842203257,223.8,-16.6234,-49.2831,G,2023-10-27,2003-03-06,,221f55f8a3521159,2032-12-22,,,Goiânia
LIC-LIC-01,CLARO S.A.,50409889580,10,105752021,1000722675,R ARANJUEZ  QUADRA 30 LOTE 03,,GO,5208707,100MG7W,NR,SA-NSA,,3350,3350,340,FB,,,760,,23.8,25,60,-2,X,42,94692203257,263,-16.7367,-49.33794,G,2023-08-02,2014-11-05,,221f55f8a3521178,2032-12-22,,,Goiânia
LIC-LIC-01,CLARO S.A.,50409889580,10,105752021,1000722675,R ARANJUEZ  QUADRA 30 LOTE 03,,GO,5208707,100MG7W,NR,SA-NSA,,3350,3350,100,FB,,,760,,23.8,25,60,0,X,42,94692203257,263,-16.7367,-49.33794,G,2023-08-02,2014-11-05,,221f55f8a3521179,2032-12-22,,,Goiânia
LIC-LIC-01,CLARO S.A.,50409889580,10,105752021,1000722675,R ARANJUEZ  QUADRA 30 LOTE 03,,GO,5208707,100MG7W,NR,SA-NSA,,3350,3350,240,FB,,,760,,23.8,25,60,0,X,42,94692203257,263,-16.7367,-49.33794,G,2023-08-02,2014-11-05,,221f55f8a352117a,2032-12-22,,,Goiânia
LIC-LIC-01,CLARO S.A.,50409889580,10,105752021,3001407,AV L,QUADRA 9-A  LOTE 03,GO,5208707,100MG7W,NR,SA-NSA,,3350,3350,330,FB,,,760,,24.5,25,60,0,X,25,132842203257,223.8,-16.6773,-49.2691,G,2024-03-21,2003-03-06,,221f55f8a5159fcf,2041-12-08,,,Goiânia
LIC-LIC-01,CLARO S.A.,50409889580,10,105752021,3001407,AV L,QUADRA 9-A  LOTE 03,GO,5208707,100MG7W,NR,SA-NSA,,3350,3350,125,FB,,,760,,24.5,25,60,0,X,25,132842203257,223.8,-16.6773,-49.2691,G,2024-03-21,2003-03-06,,221f55f8a5159fd0,2041-12-08,,,Goiânia
LIC-LIC-01,CLARO S.A.,50409889580,10,105752021,3001407,AV L,QUADRA 9-A  LOTE 03,GO,5208707,100MG7W,NR,SA-NSA,,3350,3350,250,FB,,,760,,24.5,25,60,0,X,25,132842203257,223.8,-16.6773,-49.2691,G,2024-03-21,2003-03-06,,221f55f8a5159fd1,2041-12-08,,,Goiânia
LIC-LIC-01,CLARO S.A.,50409889580,10,105752021,692412760,AV PERIMETRAL NORTE,,GO,5208707,100MG7W,NR,SA-NSA,,3350,3350,350,FB,,,760,,23.8,25,60,-2,X,36.5,94692203257,263,-16.64417,-49.3066,G,2025-03-31,2010-06-08,,221f55f8a5159fff,2041-12-08,,,Goiânia
LIC-LIC-01,CLARO S.A.,50409889580,10,105752021,692412760,AV PERIMETRAL NORTE,,GO,5208707,100MG7W,NR,SA-NSA,,3350,3350,100,FB,,,760,,23.8,25,60,0,X,36.5,94692203257,263,-16.64417,-49.3066,G,2025-03-31,2010-06-08,,221f55f8a515a000,2041-12-08,,,Goiânia
LIC-LIC-01,CLARO S.A.,50409889580,10,105752021,692412760,AV PERIMETRAL NORTE,,GO,5208707,100MG7W,NR,SA-NSA,,3350,3350,240,FB,,,760,,23.8,25,60,-3,X,36.5,94692203257,263,-16.64417,-49.3066,G,2025-03-31,2010-06-08,,221f55f8a515a001,2041-12-08,,,Goiânia
LIC-LIC-01,CLARO S.A.,50409889580,10,105752021,697467252,R SEIS,COM REPÚBLICA DO LÍBANO,GO,5208707,100MG7W,NR,SA-NSA,,3350,3350,0,FB,,,760,,25,25,60,0,X,68.3,116652103257,199.5,-16.68328,-49.26657,G,2024-03-21,2012-08-21,,221f55f8a515a014,2041-12-08,,,Goiânia
LIC-LIC-01,CLARO S.A.,50409889580,10,105752021,697467252,R SEIS,COM REPÚBLICA DO LÍBANO,GO,5208707,100MG7W,NR,SA-NSA,,3350,3350,150,FB,,,760,,25,25,60,0,X,68.3,116652103257,199.5,-16.68328,-49.26657,G,2024-03-21,2012-08-21,,221f55f8a515a015,2041-12-08,,,Goiânia
LIC-LIC-01,CLARO S.A.,50409889580,10,105752021,697467252,R SEIS,COM REPÚBLICA DO LÍBANO,GO,5208707,100MG7W,NR,SA-NSA,,3350,3350,230,FB,,,760,,25,25,60,0,X,68.3,116652103257,199.5,-16.68328,-49.26657,G,2024-03-21,2012-08-21,,221f55f8a515a016,2041-12-08,,,Goiânia
LIC-LIC-01,CLARO S.A.,50409889580,10,105752021,1007000705,AL PAMPULHA  CH 10 LOTE 25,,GO,5208707,100MG7W,NR,SA-NSA,,3350,3350,310,FB,,,760,,23.8,25,60,-1,X,40,94692203257,263,-16.65587,-49.22888,G,2023-04-20,2018-09-04,,221f55f8a515a053,2041-12-08,,,Goiânia
LIC-LIC-01,CLARO S.A.,50409889580,10,105752021,1007000705,AL PAMPULHA  CH 10 LOTE 25,,GO,5208707,100MG7W,NR,SA-NSA,,3350,3350,50,FB,,,760,,23.8,25,60,-2,X,40,94692203257,263,-16.65587,-49.22888,G,2023-04-20,2018-09-04,,221f55f8a515a054,2041-12-08,,,Goiânia
LIC-LIC-01,CLARO S.A.,50409889580,10,105752021,1007000705,AL PAMPULHA  CH 10 LOTE 25,,GO,5208707,100MG7W,NR,SA-NSA,,3350,3350,180,FB,,,760,,23.8,25,60,0,X,40,94692203257,263,-16.65587,-49.22888,G,2023-04-20,2018-09-04,,221f55f8a515a055,2041-12-08,,,Goiânia
LIC-LIC-01,CLARO S.A.,50409889580,10,105752021,1007000691,R ALAMEDA MARACANÃ  QUADRA 90,,GO,5208707,100MG7W,NR,SA-NSA,,3350,3350,60,FB,,,760,,23.8,25,60,0,X,40,94692203257,263,-16.6455,-49.22348,G,2023-04-20,2018-09-04,,221f55f8a515a07a,2041-12-08,,,Goiânia
LIC-LIC-01,CLARO S.A.,50409889580,10,105752021,1007000691,R ALAMEDA MARACANÃ  QUADRA 90,,GO,5208707,100MG7W,NR,SA-NSA,,3350,3350,220,FB,,,760,,23.8,25,60,0,X,40,94692203257,263,-16.6455,-49.22348,G,2023-04-20,2018-09-04,,221f55f8a515a07b,2041-12-08,,,Goiânia
LIC-LIC-01,CLARO S.A.,50409889580,10,105752021,1007000691,R ALAMEDA MARACANÃ  QUADRA 90,,GO,5208707,100MG7W,NR,SA-NSA,,3350,3350,300,FB,,,760,,23.8,25,60,0,X,40,94692203257,263,-16.6455,-49.22348,G,2023-04-20,2018-09-04,,221f55f8a515a07c,2041-12-08,,,Goiânia
LIC-LIC-01,CLARO S.A.,50409889580,10,105752021,684211548,R P-16,QUADRA P-63 - LOTE 02,GO,5208707,100MG7W,NR,SA-NSA,,3350,3350,170,FB,,,760,,25,25,60,-1,X,36,116652103257,199.5,-16.6712,-49.2782,G,2024-01-03,2004-06-18,,e79a55f8cdca7cc7,2032-12-22,,,Goiânia
LIC-LIC-01,CLARO S.A.,50409889580,10,105752021,684211548,R P-16,QUADRA P-63 - LOTE 02,GO,5208707,100MG7W,NR,SA-NSA,,3350,3350,290,FB,,,760,,25,25,60,-1,X,36,116652103257,199.5,-16.6712,-49.2782,G,2024-01-03,2004-06-18,,e79a55f8cdca7cc8,2032-12-22,,,Goiânia
LIC-LIC-01,CLARO S.A.,50409889580,10,105752021,684211548,R P-16,QUADRA P-63 - LOTE 02,GO,5208707,100MG7W,NR,SA-NSA,,3350,3350,50,FB,,,760,,25,25,60,-1,X,36,116652103257,199.5,-16.6712,-49.2782,G,2024-01-03,2004-06-18,,e79a55f8cdca7cc9,2032-12-22,,,Goiânia
LIC-LIC-01,CLARO S.A.,50409889580,10,105752021,695226533,AV DAS AROEIRAS,QUADRA 07,GO,5208707,100MG7W,NR,SA-NSA,,3350,3350,10,FB,,,760,,23.8,25,60,0,X,50,94692203257,263,-16.66091,-49.19642,G,2024-10-22,2011-02-28,,5fef75f8e7431631,2041-12-08,,,Goiânia
LIC-LIC-01,CLARO S.A.,50409889580,10,105752021,695226533,AV DAS AROEIRAS,QUADRA 07,GO,5208707,100MG7W,NR,SA-NSA,,3350,3350,160,FB,,,760,,23.8,25,60,0,X,50,94692203257,263,-16.66091,-49.19642,G,2024-10-22,2011-02-28,,5fef75f8e7431632,2041-12-08,,,Goiânia
LIC-LIC-01,CLARO S.A.,50409889580,10,105752021,695226533,AV DAS AROEIRAS,QUADRA 07,GO,5208707,100MG7W,NR,SA-NSA,,3350,3350,230,FB,,,760,,23.8,25,60,0,X,50,94692203257,263,-16.66091,-49.19642,G,2024-10-22,2011-02-28,,5fef75f8e7431633,2041-12-08,,,Goiânia
LIC-LIC-01,CLARO S.A.,50409889580,10,105752021,695209507,RUA CAMUCICA,,GO,5208707,100MG7W,NR,SA-NSA,,3350,3350,350,FB,,,760,,23.8,25,60,-2,X,31,94692203257,263,-16.64025,-49.24501,G,2023-10-27,2011-02-28,,5fef75f8e78d2f03,2032-12-22,,,Goiânia
LIC-LIC-01,CLARO S.A.,50409889580,10,105752021,695209507,RUA CAMUCICA,,GO,5208707,100MG7W,NR,SA-NSA,,3350,3350,125,FB,,,760,,23.8,25,60,-1,X,31,94692203257,263,-16.64025,-49.24501,G,2023-10-27,2011-02-28,,5fef75f8e78d2f04,2032-12-22,,,Goiânia
LIC-LIC-01,CLARO S.A.,50409889580,10,105752021,695209507,RUA CAMUCICA,,GO,5208707,100MG7W,NR,SA-NSA,,3350,3350,240,FB,,,760,,23.8,25,60,-3,X,31,94692203257,263,-16.64025,-49.24501,G,2023-10-27,2011-02-28,,5fef75f8e78d2f05,2032-12-22,,,Goiânia
LIC-LIC-01,CLARO S.A.,50409889580,10,105752021,1007624415,R 1  QD. B  LT.02,QD. B  LT. 02,GO,5208707,100MG7W,NR,SA-NSA,,3350,3350,115,FB,,,760,,23.8,25,60,-2,X,41,94692203257,263,-16.69818,-49.22114,G,2023-08-30,2018-11-22,,5fef75f8e78d2f1b,2032-12-22,,,Goiânia
LIC-LIC-01,CLARO S.A.,50409889580,10,105752021,1007624415,R 1  QD. B  LT.02,QD. B  LT. 02,GO,5208707,100MG7W,NR,SA-NSA,,3350,3350,250,FB,,,760,,23.8,25,60,-1,X,41,94692203257,263,-16.69818,-49.22114,G,2023-08-30,2018-11-22,,5fef75f8e78d2f1c,2032-12-22,,,Goiânia
LIC-LIC-01,CLARO S.A.,50409889580,10,105752021,1007624415,R 1  QD. B  LT.02,QD. B  LT. 02,GO,5208707,100MG7W,NR,SA-NSA,,3350,3350,60,FB,,,760,,23.8,25,60,-2,X,41,94692203257,263,-16.69818,-49.22114,G,2023-08-30,2018-11-22,,5fef75f8e78d2f1d,2032-12-22,,,Goiânia
LIC-LIC-01,CLARO S.A.,50409889580,10,105752021,693119918,AV ANHANGUERA,QUADRA 62  LOTE 150.,GO,5208707,50M0G7W,NR,SA-NSA,,2325,2325,200,FB,,,760,72202203257,23.5,25,60,0,X,63.5,72202203257,50,-16.67338,-49.25143,G,2023-10-27,2011-01-28,,1ded75f806573f90,2032-12-22,,,Goiânia
LIC-LIC-01,CLARO S.A.,50409889580,10,105752021,693119918,AV ANHANGUERA,QUADRA 62  LOTE 150.,GO,5208707,50M0G7W,NR,SA-NSA,,2325,2325,325,FB,,,760,72202203257,23.5,25,60,0,X,63.5,72202203257,50,-16.67338,-49.25143,G,2023-10-27,2011-01-28,,1ded75f806573f91,2032-12-22,,,Goiânia
LIC-LIC-01,CLARO S.A.,50409889580,10,105752021,693119918,AV ANHANGUERA,QUADRA 62  LOTE 150.,GO,5208707,50M0G7W,NR,SA-NSA,,2325,2325,70,FB,,,760,72202203257,23.5,25,60,0,X,63.5,72202203257,50,-16.67338,-49.25143,G,2023-10-27,2011-01-28,,1ded75f806573f92,2032-12-22,,,Goiânia
LIC-LIC-01,CLARO S.A.,50409889580,10,105752021,693119918,AV ANHANGUERA,QUADRA 62  LOTE 150.,GO,5208707,100MG7W,NR,SA-NSA,,3350,3350,200,FB,,,760,,25,25,60,0,X,64.75,116652103257,199.5,-16.67338,-49.25143,G,2023-10-27,2011-01-28,,1ded75f806573f93,2032-12-22,,,Goiânia
LIC-LIC-01,CLARO S.A.,50409889580,10,105752021,693119918,AV ANHANGUERA,QUADRA 62  LOTE 150.,GO,5208707,100MG7W,NR,SA-NSA,,3350,3350,325,FB,,,760,,25,25,60,0,X,64.75,116652103257,199.5,-16.67338,-49.25143,G,2023-10-27,2011-01-28,,1ded75f806573f94,2032-12-22,,,Goiânia
LIC-LIC-01,CLARO S.A.,50409889580,10,105752021,693119918,AV ANHANGUERA,QUADRA 62  LOTE 150.,GO,5208707,100MG7W,NR,SA-NSA,,3350,3350,70,FB,,,760,,25,25,60,0,X,64.75,116652103257,199.5,-16.67338,-49.25143,G,2023-10-27,2011-01-28,,1ded75f806573f95,2032-12-22,,,Goiânia
LIC-LIC-01,CLARO S.A.,50409889580,10,105752021,695436953,AV ANHANGUERA,QUADRA 102  LOTE 05.,GO,5208707,100MG7W,NR,SA-NSA,,3350,3350,0,FB,,,760,,25,25,60,0,X,27.75,116652103257,199.5,-16.67334,-49.28672,G,2024-01-03,2011-05-16,,1ded75f806573fc3,2032-12-22,,,Goiânia
LIC-LIC-01,CLARO S.A.,50409889580,10,105752021,695436953,AV ANHANGUERA,QUADRA 102  LOTE 05.,GO,5208707,100MG7W,NR,SA-NSA,,3350,3350,120,FB,,,760,,25,25,60,0,X,27.75,116652103257,199.5,-16.67334,-49.28672,G,2024-01-03,2011-05-16,,1ded75f806573fc4,2032-12-22,,,Goiânia
LIC-LIC-01,CLARO S.A.,50409889580,10,105752021,695436953,AV ANHANGUERA,QUADRA 102  LOTE 05.,GO,5208707,100MG7W,NR,SA-NSA,,3350,3350,200,FB,,,760,,25,25,60,-1,X,27.75,116652103257,199.5,-16.67334,-49.28672,G,2024-01-03,2011-05-16,,1ded75f806573fc5,2032-12-22,,,Goiânia
LIC-LIC-01,CLARO S.A.,50409889580,10,105752021,2426650,R PÍAÇABA  QUADRA 208  LOTE 16,,GO,5208707,100MG7W,NR,SA-NSA,,3350,3350,0,FB,,,760,,23.8,25,60,-2,X,30,94692203257,263,-16.7298,-49.2812,G,2023-10-27,2001-08-13,,0e1375f809804a4d,2032-12-22,,,Goiânia
LIC-LIC-01,CLARO S.A.,50409889580,10,105752021,2426650,R PÍAÇABA  QUADRA 208  LOTE 16,,GO,5208707,100MG7W,NR,SA-NSA,,3350,3350,130,FB,,,760,,23.8,25,60,-1,X,30,94692203257,263,-16.7298,-49.2812,G,2023-10-27,2001-08-13,,0e1375f809804a4e,2032-12-22,,,Goiânia
LIC-LIC-01,CLARO S.A.,50409889580,10,105752021,2426650,R PÍAÇABA  QUADRA 208  LOTE 16,,GO,5208707,100MG7W,NR,SA-NSA,,3350,3350,260,FB,,,760,,23.8,25,60,0,X,30,94692203257,263,-16.7298,-49.2812,G,2023-10-27,2001-08-13,,0e1375f809804a4f,2032-12-22,,,Goiânia
LIC-LIC-01,CLARO S.A.,50409889580,10,105752021,683736612,AV LIBERDADE,QUADRA 10-A  LOTE 03,GO,5208707,100MG7W,NR,SA-NSA,,3350,3350,220,FB,,,760,,23.8,25,60,0,X,40,94692203257,263,-16.6922,-49.2124,G,2023-10-27,2004-09-22,,0e1375f8097991d5,2032-12-22,,,Goiânia
LIC-LIC-01,CLARO S.A.,50409889580,10,105752021,683736612,AV LIBERDADE,QUADRA 10-A  LOTE 03,GO,5208707,100MG7W,NR,SA-NSA,,3350,3350,340,FB,,,760,,23.8,25,60,0,X,40,94692203257,263,-16.6922,-49.2124,G,2023-10-27,2004-09-22,,0e1375f8097991d6,2032-12-22,,,Goiânia
LIC-LIC-01,CLARO S.A.,50409889580,10,105752021,683736612,AV LIBERDADE,QUADRA 10-A  LOTE 03,GO,5208707,100MG7W,NR,SA-NSA,,3350,3350,90,FB,,,760,,23.8,25,60,0,X,40,94692203257,263,-16.6922,-49.2124,G,2023-10-27,2004-09-22,,0e1375f8097991d7,2032-12-22,,,Goiânia
LIC-LIC-01,CLARO S.A.,50409889580,10,105752021,2853213,RUA DOUTOR ARTUR NAPOLEÃO GOMES DA SILVA,,GO,5208707,100MG7W,NR,SA-NSA,,3350,3350,80,FB,,,760,,23.8,25,60,0,X,31,94692203257,263,-16.6466,-49.2641,G,2023-10-27,2009-11-16,,fade75f847968826,2032-12-22,,,Goiânia
LIC-LIC-01,CLARO S.A.,50409889580,10,105752021,2853213,RUA DOUTOR ARTUR NAPOLEÃO GOMES DA SILVA,,GO,5208707,100MG7W,NR,SA-NSA,,3350,3350,160,FB,,,760,,23.8,25,60,-1,X,31,94692203257,263,-16.6466,-49.2641,G,2023-10-27,2009-11-16,,fade75f847968827,2032-12-22,,,Goiânia
LIC-LIC-01,CLARO S.A.,50409889580,10,105752021,2853213,RUA DOUTOR ARTUR NAPOLEÃO GOMES DA SILVA,,GO,5208707,100MG7W,NR,SA-NSA,,3350,3350,250,FB,,,760,,23.8,25,60,-1,X,31,94692203257,263,-16.6466,-49.2641,G,2023-10-27,2009-11-16,,fade75f847968828,2032-12-22,,,Goiânia
LIC-LIC-01,CLARO S.A.,50409889580,10,105752021,1006604267,R DOMINGOS ALVES CASTRO Q 24  L 10,,GO,5208707,100MG7W,NR,SA-NSA,,3350,3350,40,FB,,,760,,23.8,25,60,0,X,40,94692203257,263,-16.72056,-49.33276,G,2023-06-30,2018-05-14,,fade75f847968847,2032-12-22,,,Goiânia
LIC-LIC-01,CLARO S.A.,50409889580,10,105752021,1006604267,R DOMINGOS ALVES CASTRO Q 24  L 10,,GO,5208707,100MG7W,NR,SA-NSA,,3350,3350,160,FB,,,760,,23.8,25,60,0,X,40,94692203257,263,-16.72056,-49.33276,G,2023-06-30,2018-05-14,,fade75f847968848,2032-12-22,,,Goiânia
LIC-LIC-01,CLARO S.A.,50409889580,10,105752021,1006604267,R DOMINGOS ALVES CASTRO Q 24  L 10,,GO,5208707,100MG7W,NR,SA-NSA,,3350,3350,270,FB,,,760,,23.8,25,60,0,X,40,94692203257,263,-16.72056,-49.33276,G,2023-06-30,2018-05-14,,fade75f847968849,2032-12-22,,,Goiânia
LIC-LIC-01,CLARO S.A.,50409889580,10,105752021,535906218,AV GOIÁS,QUADRA 128 - LOTE 171,GO,5208707,100MG7W,NR,SA-NSA,,3350,3350,0,FB,,,760,,25,25,60,0,X,29.3,116652103257,199.5,-16.666,-49.2611,G,2023-10-27,2000-10-25,,fade75f847968868,2032-12-22,,,Goiânia
LIC-LIC-01,CLARO S.A.,50409889580,10,105752021,535906218,AV GOIÁS,QUADRA 128 - LOTE 171,GO,5208707,100MG7W,NR,SA-NSA,,3350,3350,180,FB,,,760,,25,25,60,-2,X,29.3,116652103257,199.5,-16.666,-49.2611,G,2023-10-27,2000-10-25,,fade75f847968869,2032-12-22,,,Goiânia
LIC-LIC-01,CLARO S.A.,50409889580,10,105752021,535906218,AV GOIÁS,QUADRA 128 - LOTE 171,GO,5208707,100MG7W,NR,SA-NSA,,3350,3350,250,FB,,,760,,25,25,60,-3,X,29.3,116652103257,199.5,-16.666,-49.2611,G,2023-10-27,2000-10-25,,fade75f84796886a,2032-12-22,,,Goiânia
LIC-LIC-01,CLARO S.A.,50409889580,10,105752021,1007504223,RUA EF,RUA EF-10 QD 07 LT 18,GO,5208707,100MG7W,NR,SA-NSA,,3350,3350,20,FB,,,760,,23.8,25,60,-1,X,40,94692203257,263,-16.72789,-49.36248,G,2023-10-30,2018-10-30,,fade75f8479688a4,2027-07-02,,,Goiânia
LIC-LIC-01,CLARO S.A.,50409889580,10,105752021,1007504223,RUA EF,RUA EF-10 QD 07 LT 18,GO,5208707,100MG7W,NR,SA-NSA,,3350,3350,200,FB,,,760,,23.8,25,60,-1,X,40,94692203257,263,-16.72789,-49.36248,G,2023-10-30,2018-10-30,,fade75f8479688a5,2027-07-02,,,Goiânia
LIC-LIC-01,CLARO S.A.,50409889580,10,105752021,1007504223,RUA EF,RUA EF-10 QD 07 LT 18,GO,5208707,100MG7W,NR,SA-NSA,,3350,3350,280,FB,,,760,,23.8,25,60,-1,X,40,94692203257,263,-16.72789,-49.36248,G,2023-10-30,2018-10-30,,fade75f8479688a6,2027-07-02,,,Goiânia
LIC-LIC-01,CLARO S.A.,50409889580,10,105752021,535906129,R PH-10,QUADRA 25  LOTE 21,GO,5208707,100MG7W,NR,SA-NSA,,3350,3350,330,FB,,,760,,23.8,25,60,-1,X,45,94692203257,263,-16.7017,-49.3553,G,2023-10-27,2000-10-25,,3b1b75f856e785c0,2032-12-22,,,Goiânia
LIC-LIC-01,CLARO S.A.,50409889580,10,105752021,535906129,R PH-10,QUADRA 25  LOTE 21,GO,5208707,100MG7W,NR,SA-NSA,,3350,3350,140,FB,,,760,,23.8,25,60,0,X,45,94692203257,263,-16.7017,-49.3553,G,2023-10-27,2000-10-25,,3b1b75f856e785c1,2032-12-22,,,Goiânia
LIC-LIC-01,CLARO S.A.,50409889580,10,105752021,535906129,R PH-10,QUADRA 25  LOTE 21,GO,5208707,100MG7W,NR,SA-NSA,,3350,3350,240,FB,,,760,,23.8,25,60,-1,X,45,94692203257,263,-16.7017,-49.3553,G,2023-10-27,2000-10-25,,3b1b75f856e785c2,2032-12-22,,,Goiânia
LIC-LIC-01,CLARO S.A.,50409889580,10,105752021,698148746,AV PIO CORREIA,ESQUINA COM A RUA CAJAZEIRO  QUADRA 74  LOTE 01,GO,5208707,100MG7W,NR,SA-NSA,,3350,3350,345,FB,,,760,,25,25,60,0,X,41.5,116652103257,199.5,-16.7322,-49.19646,G,2024-06-10,2012-12-20,,3b1b75f856e78689,2041-12-08,,,Goiânia
LIC-LIC-01,CLARO S.A.,50409889580,10,105752021,698148746,AV PIO CORREIA,ESQUINA COM A RUA CAJAZEIRO  QUADRA 74  LOTE 01,GO,5208707,100MG7W,NR,SA-NSA,,3350,3350,110,FB,,,760,,25,25,60,0,X,41.5,116652103257,199.5,-16.7322,-49.19646,G,2024-06-10,2012-12-20,,3b1b75f856e7868a,2041-12-08,,,Goiânia
LIC-LIC-01,CLARO S.A.,50409889580,10,105752021,698148746,AV PIO CORREIA,ESQUINA COM A RUA CAJAZEIRO  QUADRA 74  LOTE 01,GO,5208707,100MG7W,NR,SA-NSA,,3350,3350,235,FB,,,760,,25,25,60,0,X,41.5,116652103257,199.5,-16.7322,-49.19646,G,2024-06-10,2012-12-20,,3b1b75f856e7868b,2041-12-08,,,Goiânia
LIC-LIC-01,CLARO S.A.,50409889580,10,105752021,698148746,AV PIO CORREIA,ESQUINA COM A RUA CAJAZEIRO  QUADRA 74  LOTE 01,GO,5208707,50M0G7W,NR,SA-NSA,,2325,2325,345,FB,,,760,72202203257,23.5,25,60,-4,X,41.5,72202203257,50,-16.7322,-49.19646,G,2024-06-10,2012-12-20,,3b1b75f856e7868c,2041-12-08,,,Goiânia
LIC-LIC-01,CLARO S.A.,50409889580,10,105752021,698148746,AV PIO CORREIA,ESQUINA COM A RUA CAJAZEIRO  QUADRA 74  LOTE 01,GO,5208707,50M0G7W,NR,SA-NSA,,2325,2325,110,FB,,,760,72202203257,23.5,25,60,-2,X,41.5,72202203257,50,-16.7322,-49.19646,G,2024-06-10,2012-12-20,,3b1b75f856e7868d,2041-12-08,,,Goiânia
LIC-LIC-01,CLARO S.A.,50409889580,10,105752021,698148746,AV PIO CORREIA,ESQUINA COM A RUA CAJAZEIRO  QUADRA 74  LOTE 01,GO,5208707,50M0G7W,NR,SA-NSA,,2325,2325,235,FB,,,760,72202203257,23.5,25,60,0,X,41.5,72202203257,50,-16.7322,-49.19646,G,2024-06-10,2012-12-20,,3b1b75f856e7868e,2041-12-08,,,Goiânia
LIC-LIC-01,CLARO S.A.,50409889580,10,105752021,695226681,R MARIA SENHORINHA DE JESUS,QUADRA 16  ESQUINA COM A RUA MELCHIADES JOSÉ DA SILVA,GO,5208707,100MG7W,NR,SA-NSA,,3350,3350,35,FB,,,760,,23.8,25,60,-1,X,44.8,94692203257,263,-16.75124,-49.35359,G,2023-10-27,2011-02-28,,fade75f8479127a8,2032-12-22,,,Goiânia
LIC-LIC-01,CLARO S.A.,50409889580,10,105752021,695226681,R MARIA SENHORINHA DE JESUS,QUADRA 16  ESQUINA COM A RUA MELCHIADES JOSÉ DA SILVA,GO,5208707,100MG7W,NR,SA-NSA,,3350,3350,130,FB,,,760,,23.8,25,60,-1,X,44.8,94692203257,263,-16.75124,-49.35359,G,2023-10-27,2011-02-28,,fade75f8479127a9,2032-12-22,,,Goiânia
LIC-LIC-01,CLARO S.A.,50409889580,10,105752021,695226681,R MARIA SENHORINHA DE JESUS,QUADRA 16  ESQUINA COM A RUA MELCHIADES JOSÉ DA SILVA,GO,5208707,100MG7W,NR,SA-NSA,,3350,3350,255,FB,,,760,,23.8,25,60,-1,X,44.8,94692203257,263,-16.75124,-49.35359,G,2023-10-27,2011-02-28,,fade75f8479127aa,2032-12-22,,,Goiânia
LIC-LIC-01,CLARO S.A.,50409889580,10,105752021,697710122,AV VOLTA REDONDA COM PRAÇA PRESIDENTE KENEDY,QUADRA 243 - A  LOTE 03,GO,5208707,100MG7W,NR,SA-NSA,,3350,3350,0,FB,,,760,,23.8,25,60,0,X,37,94692203257,263,-16.66346,-49.21208,G,2023-10-27,2012-09-11,,fade75f8479127c4,2032-12-22,,,Goiânia
LIC-LIC-01,CLARO S.A.,50409889580,10,105752021,697710122,AV VOLTA REDONDA COM PRAÇA PRESIDENTE KENEDY,QUADRA 243 - A  LOTE 03,GO,5208707,100MG7W,NR,SA-NSA,,3350,3350,105,FB,,,760,,23.8,25,60,0,X,37,94692203257,263,-16.66346,-49.21208,G,2023-10-27,2012-09-11,,fade75f8479127c5,2032-12-22,,,Goiânia
LIC-LIC-01,CLARO S.A.,50409889580,10,105752021,697710122,AV VOLTA REDONDA COM PRAÇA PRESIDENTE KENEDY,QUADRA 243 - A  LOTE 03,GO,5208707,100MG7W,NR,SA-NSA,,3350,3350,270,FB,,,760,,23.8,25,60,0,X,37,94692203257,263,-16.66346,-49.21208,G,2023-10-27,2012-09-11,,fade75f8479127c6,2032-12-22,,,Goiânia
LIC-LIC-01,CLARO S.A.,50409889580,10,105752021,684211521,R C-125,QUADRA 219  LOTE 05,GO,5208707,100MG7W,NR,SA-NSA,,3350,3350,20,FB,,,760,,23.8,25,60,-4,X,51,94692203257,263,-16.7051,-49.2895,G,2023-10-27,2004-06-18,,fade75f847912847,2032-12-22,,,Goiânia
LIC-LIC-01,CLARO S.A.,50409889580,10,105752021,684211521,R C-125,QUADRA 219  LOTE 05,GO,5208707,100MG7W,NR,SA-NSA,,3350,3350,120,FB,,,760,,23.8,25,60,-3,X,51,94692203257,263,-16.7051,-49.2895,G,2023-10-27,2004-06-18,,fade75f847912848,2032-12-22,,,Goiânia
LIC-LIC-01,CLARO S.A.,50409889580,10,105752021,684211521,R C-125,QUADRA 219  LOTE 05,GO,5208707,100MG7W,NR,SA-NSA,,3350,3350,240,FB,,,760,,23.8,25,60,-4,X,51,94692203257,263,-16.7051,-49.2895,G,2023-10-27,2004-06-18,,fade75f847912849,2032-12-22,,,Goiânia
LIC-LIC-01,CLARO S.A.,50409889580,10,105752021,685031772,R ITUMBIARA,QUADRA 149  LOTE 22,GO,5208707,100MG7W,NR,SA-NSA,,3350,3350,25,FB,,,760,,23.8,25,60,-2,X,41,94692203257,263,-16.6891,-49.3005,G,2023-10-27,2005-01-05,,fade75f84791285f,2032-12-22,,,Goiânia
LIC-LIC-01,CLARO S.A.,50409889580,10,105752021,685031772,R ITUMBIARA,QUADRA 149  LOTE 22,GO,5208707,100MG7W,NR,SA-NSA,,3350,3350,145,FB,,,760,,23.8,25,60,-2,X,41,94692203257,263,-16.6891,-49.3005,G,2023-10-27,2005-01-05,,fade75f847912860,2032-12-22,,,Goiânia
LIC-LIC-01,CLARO S.A.,50409889580,10,105752021,685031772,R ITUMBIARA,QUADRA 149  LOTE 22,GO,5208707,100MG7W,NR,SA-NSA,,3350,3350,270,FB,,,760,,23.8,25,60,0,X,41,94692203257,263,-16.6891,-49.3005,G,2023-10-27,2005-01-05,,fade75f847912861,2032-12-22,,,Goiânia
LIC-LIC-01,CLARO S.A.,50409889580,10,105752021,1005078278,R VC 56,ÁREA PÚBLICA MUNICIPAL  7.373  QUADRA 31  LOTE 08,GO,5208707,100MG7W,NR,SA-NSA,,3350,3350,0,FB,,,760,,23.8,25,60,-3,X,35,94692203257,263,-16.67832,-49.38537,G,2023-08-02,2017-08-29,,fade75f8479128b9,2032-12-22,,,Goiânia
LIC-LIC-01,CLARO S.A.,50409889580,10,105752021,1005078278,R VC 56,ÁREA PÚBLICA MUNICIPAL  7.373  QUADRA 31  LOTE 08,GO,5208707,100MG7W,NR,SA-NSA,,3350,3350,100,FB,,,760,,23.8,25,60,-2,X,35,94692203257,263,-16.67832,-49.38537,G,2023-08-02,2017-08-29,,fade75f8479128ba,2032-12-22,,,Goiânia
LIC-LIC-01,CLARO S.A.,50409889580,10,105752021,1005078278,R VC 56,ÁREA PÚBLICA MUNICIPAL  7.373  QUADRA 31  LOTE 08,GO,5208707,100MG7W,NR,SA-NSA,,3350,3350,260,FB,,,760,,23.8,25,60,-2,X,35,94692203257,263,-16.67832,-49.38537,G,2023-08-02,2017-08-29,,fade75f8479128bb,2032-12-22,,,Goiânia
LIC-LIC-01,CLARO S.A.,50409889580,10,105752021,534593968,R ALVORADA,QUADRA 253 - LOTE 11,GO,5208707,100MG7W,NR,SA-NSA,,3350,3350,70,FB,,,760,,23.8,25,60,0,X,45,94692203257,263,-16.6105,-49.3161,G,2023-10-27,2000-08-08,,fade75f8479128fb,2032-12-22,,,Goiânia
LIC-LIC-01,CLARO S.A.,50409889580,10,105752021,534593968,R ALVORADA,QUADRA 253 - LOTE 11,GO,5208707,100MG7W,NR,SA-NSA,,3350,3350,160,FB,,,760,,23.8,25,60,0,X,45,94692203257,263,-16.6105,-49.3161,G,2023-10-27,2000-08-08,,fade75f8479128fc,2032-12-22,,,Goiânia
LIC-LIC-01,CLARO S.A.,50409889580,10,105752021,534593968,R ALVORADA,QUADRA 253 - LOTE 11,GO,5208707,100MG7W,NR,SA-NSA,,3350,3350,300,FB,,,760,,23.8,25,60,0,X,45,94692203257,263,-16.6105,-49.3161,G,2023-10-27,2000-08-08,,fade75f8479128fd,2032-12-22,,,Goiânia
LIC-LIC-01,CLARO S.A.,50409889580,10,105752021,2459400,AV GOIÂNIA,QUADRA 77  LOTE 03,GO,5208707,100MG7W,NR,SA-NSA,,3350,3350,0,FB,,,760,,23.8,25,60,-1,X,50,94692203257,263,-16.6161,-49.2155,G,2023-10-27,2001-08-13,,fade75f84791290d,2032-12-22,,,Goiânia
LIC-LIC-01,CLARO S.A.,50409889580,10,105752021,2459400,AV GOIÂNIA,QUADRA 77  LOTE 03,GO,5208707,100MG7W,NR,SA-NSA,,3350,3350,95,FB,,,760,,23.8,25,60,-1,X,50,94692203257,263,-16.6161,-49.2155,G,2023-10-27,2001-08-13,,fade75f84791290e,2032-12-22,,,Goiânia
LIC-LIC-01,CLARO S.A.,50409889580,10,105752021,2459400,AV GOIÂNIA,QUADRA 77  LOTE 03,GO,5208707,100MG7W,NR,SA-NSA,,3350,3350,220,FB,,,760,,23.8,25,60,-1,X,50,94692203257,263,-16.6161,-49.2155,G,2023-10-27,2001-08-13,,fade75f84791290f,2032-12-22,,,Goiânia
LIC-LIC-01,CLARO S.A.,50409889580,10,105752021,691792852,R DO ORVALHO,QUADRA 10/99,GO,5208707,100MG7W,NR,SA-NSA,,3350,3350,0,FB,,,760,,23.8,25,60,-3,X,61,94692203257,263,-16.6209,-49.32111,G,2023-10-27,2009-11-16,,c80d75f84c993c88,2032-12-22,,,Goiânia
LIC-LIC-01,CLARO S.A.,50409889580,10,105752021,691792852,R DO ORVALHO,QUADRA 10/99,GO,5208707,100MG7W,NR,SA-NSA,,3350,3350,140,FB,,,760,,23.8,25,60,-3,X,61,94692203257,263,-16.6209,-49.32111,G,2023-10-27,2009-11-16,,c80d75f84c993c89,2032-12-22,,,Goiânia
LIC-LIC-01,CLARO S.A.,50409889580,10,105752021,693136693,R ABICÍLIA FRANCISCA CAETANO,QUADRA 07  LOTE 30,GO,5208707,100MG7W,NR,SA-NSA,,3350,3350,320,FB,,,760,,23.8,25,60,-3,X,45,94692203257,263,-16.65793,-49.34779,G,2023-10-27,2011-01-31,,c80d75f84c993cbd,2032-12-22,,,Goiânia
LIC-LIC-01,CLARO S.A.,50409889580,10,105752021,693136693,R ABICÍLIA FRANCISCA CAETANO,QUADRA 07  LOTE 30,GO,5208707,100MG7W,NR,SA-NSA,,3350,3350,90,FB,,,760,,23.8,25,60,0,X,45,94692203257,263,-16.65793,-49.34779,G,2023-10-27,2011-01-31,,c80d75f84c993cbe,2032-12-22,,,Goiânia
LIC-LIC-01,CLARO S.A.,50409889580,10,105752021,693136693,R ABICÍLIA FRANCISCA CAETANO,QUADRA 07  LOTE 30,GO,5208707,100MG7W,NR,SA-NSA,,3350,3350,230,FB,,,760,,23.8,25,60,0,X,45,94692203257,263,-16.65793,-49.34779,G,2023-10-27,2011-01-31,,c80d75f84c993cbf,2032-12-22,,,Goiânia
LIC-LIC-01,CLARO S.A.,50409889580,10,105752021,534789412,AVENIDA ESPERANÇA,CAMPUS PROF COLEMAR NATAL E SILVA (CAMPUS II) UFG  LADO ESTACIONAMENTO E RESTAURANTE UNIVERSITÁRIO CAMPUS SAMAMBAIA,GO,5208707,100MG7W,NR,SA-NSA,,3350,3350,30,FB,,,760,,23.8,25,60,0,X,50,94692203257,263,-16.6013,-49.262,G,2023-10-27,2000-08-08,,176585f80125c0ac,2032-12-22,,,Goiânia
LIC-LIC-01,CLARO S.A.,50409889580,10,105752021,534789412,AVENIDA ESPERANÇA,CAMPUS PROF COLEMAR NATAL E SILVA (CAMPUS II) UFG  LADO ESTACIONAMENTO E RESTAURANTE UNIVERSITÁRIO CAMPUS SAMAMBAIA,GO,5208707,100MG7W,NR,SA-NSA,,3350,3350,100,FB,,,760,,23.8,25,60,0,X,50,94692203257,263,-16.6013,-49.262,G,2023-10-27,2000-08-08,,176585f80125c0ad,2032-12-22,,,Goiânia
LIC-LIC-01,CLARO S.A.,50409889580,10,105752021,534789412,AVENIDA ESPERANÇA,CAMPUS PROF COLEMAR NATAL E SILVA (CAMPUS II) UFG  LADO ESTACIONAMENTO E RESTAURANTE UNIVERSITÁRIO CAMPUS SAMAMBAIA,GO,5208707,100MG7W,NR,SA-NSA,,3350,3350,240,FB,,,760,,23.8,25,60,0,X,50,94692203257,263,-16.6013,-49.262,G,2023-10-27,2000-08-08,,176585f80125c0ae,2032-12-22,,,Goiânia
LIC-LIC-01,CLARO S.A.,50409889580,10,105752021,535906099,R JOSÉ GOMES BAILÃO,QUADRA 64  LOTE 09,GO,5208707,100MG7W,NR,SA-NSA,,3350,3350,20,FB,,,760,,24.5,25,60,-3,X,26,132842203257,223.8,-16.6793,-49.316,G,2024-01-30,2000-10-25,,e44585f8052f46f7,2041-12-08,,,Goiânia
LIC-LIC-01,CLARO S.A.,50409889580,10,105752021,535906099,R JOSÉ GOMES BAILÃO,QUADRA 64  LOTE 09,GO,5208707,100MG7W,NR,SA-NSA,,3350,3350,120,FB,,,760,,24.5,25,60,-1,X,26,132842203257,223.8,-16.6793,-49.316,G,2024-01-30,2000-10-25,,e44585f8052f46f8,2041-12-08,,,Goiânia
LIC-LIC-01,CLARO S.A.,50409889580,10,105752021,535906099,R JOSÉ GOMES BAILÃO,QUADRA 64  LOTE 09,GO,5208707,100MG7W,NR,SA-NSA,,3350,3350,220,FB,,,760,,24.5,25,60,0,X,26,132842203257,223.8,-16.6793,-49.316,G,2024-01-30,2000-10-25,,e44585f8052f46f9,2041-12-08,,,Goiânia
LIC-LIC-01,CLARO S.A.,50409889580,10,105752021,689844255,R 17-A,QUADRA 28-A  LOTE 14  ESQUINA COM RUA 13-A  (COBERTURA) - EDIFÍCIO CENTRO DE MEDICINA AMYN DAHER,GO,5208707,100MG7W,NR,SA-NSA,,3350,3350,320,FB,,,760,,25,25,60,-1,X,43.75,116652103257,199.5,-16.6715,-49.267,G,2024-03-21,2007-11-29,,e44585f80b5d78f3,2041-12-08,,,Goiânia
LIC-LIC-01,CLARO S.A.,50409889580,10,105752021,689844255,R 17-A,QUADRA 28-A  LOTE 14  ESQUINA COM RUA 13-A  (COBERTURA) - EDIFÍCIO CENTRO DE MEDICINA AMYN DAHER,GO,5208707,100MG7W,NR,SA-NSA,,3350,3350,225,FB,,,760,,25,25,60,0,X,43.75,116652103257,199.5,-16.6715,-49.267,G,2024-03-21,2007-11-29,,e44585f80b5d78f4,2041-12-08,,,Goiânia
LIC-LIC-01,CLARO S.A.,50409889580,10,105752021,689844255,R 17-A,QUADRA 28-A  LOTE 14  ESQUINA COM RUA 13-A  (COBERTURA) - EDIFÍCIO CENTRO DE MEDICINA AMYN DAHER,GO,5208707,50M0G7W,NR,SA-NSA,,2325,2325,72,FB,,,760,72202203257,23.5,25,60,0,X,42.25,72202203257,50,-16.6715,-49.267,G,2024-03-21,2007-11-29,,e44585f80b5d78f5,2041-12-08,,,Goiânia
LIC-LIC-01,CLARO S.A.,50409889580,10,105752021,689844255,R 17-A,QUADRA 28-A  LOTE 14  ESQUINA COM RUA 13-A  (COBERTURA) - EDIFÍCIO CENTRO DE MEDICINA AMYN DAHER,GO,5208707,50M0G7W,NR,SA-NSA,,2325,2325,225,FB,,,760,72202203257,23.5,25,60,-1,X,42.25,72202203257,50,-16.6715,-49.267,G,2024-03-21,2007-11-29,,e44585f80b5d78f6,2041-12-08,,,Goiânia
LIC-LIC-01,CLARO S.A.,50409889580,10,105752021,689844255,R 17-A,QUADRA 28-A  LOTE 14  ESQUINA COM RUA 13-A  (COBERTURA) - EDIFÍCIO CENTRO DE MEDICINA AMYN DAHER,GO,5208707,50M0G7W,NR,SA-NSA,,2325,2325,320,FB,,,760,72202203257,23.5,25,60,0,X,42.25,72202203257,50,-16.6715,-49.267,G,2024-03-21,2007-11-29,,e44585f80b5d78f7,2041-12-08,,,Goiânia
LIC-LIC-01,CLARO S.A.,50409889580,10,105752021,695470299,R AFONSO PENA,ESQUINA COM RUA AFONSO PENA  QUADRA 02,GO,5208707,100MG7W,NR,SA-NSA,,3350,3350,0,FB,,,760,,23.8,25,60,-4,X,28,94692203257,263,-16.72765,-49.30086,G,2025-01-23,2011-05-16,,466185f834d884d0,2041-12-08,,,Goiânia
LIC-LIC-01,CLARO S.A.,50409889580,10,105752021,695470299,R AFONSO PENA,ESQUINA COM RUA AFONSO PENA  QUADRA 02,GO,5208707,100MG7W,NR,SA-NSA,,3350,3350,180,FB,,,760,,23.8,25,60,-2,X,28,94692203257,263,-16.72765,-49.30086,G,2025-01-23,2011-05-16,,466185f834d884d1,2041-12-08,,,Goiânia
LIC-LIC-01,CLARO S.A.,50409889580,10,105752021,695470299,R AFONSO PENA,ESQUINA COM RUA AFONSO PENA  QUADRA 02,GO,5208707,100MG7W,NR,SA-NSA,,3350,3350,220,FB,,,760,,23.8,25,60,-3,X,28,94692203257,263,-16.72765,-49.30086,G,2025-01-23,2011-05-16,,466185f834d884d2,2041-12-08,,,Goiânia
LIC-LIC-01,CLARO S.A.,50409889580,10,105752021,2850524,AVENIDA INDUSTRIAL,QUADRA 577  LOTE 10,GO,5208707,100MG7W,NR,SA-NSA,,3350,3350,0,FB,,,760,,23.8,25,60,0,X,33,94692203257,263,-16.6655,-49.3071,G,2023-10-27,2003-03-06,,466185f83a0d552a,2032-12-22,,,Goiânia
LIC-LIC-01,CLARO S.A.,50409889580,10,105752021,2850524,AVENIDA INDUSTRIAL,QUADRA 577  LOTE 10,GO,5208707,100MG7W,NR,SA-NSA,,3350,3350,100,FB,,,760,,23.8,25,60,0,X,33,94692203257,263,-16.6655,-49.3071,G,2023-10-27,2003-03-06,,466185f83a0d552b,2032-12-22,,,Goiânia
LIC-LIC-01,CLARO S.A.,50409889580,10,105752021,2850524,AVENIDA INDUSTRIAL,QUADRA 577  LOTE 10,GO,5208707,100MG7W,NR,SA-NSA,,3350,3350,170,FB,,,760,,23.8,25,60,0,X,33,94692203257,263,-16.6655,-49.3071,G,2023-10-27,2003-03-06,,466185f83a0d552c,2032-12-22,,,Goiânia
LIC-LIC-01,CLARO S.A.,50409889580,10,105752021,684897741,R MIL E CINQUENTA E QUATRO,QUADRA 114  LOTE 03,GO,5208707,50M0G7W,NR,SA-NSA,,2325,2325,100,FB,,,760,72202203257,23.5,25,60,-3,X,40.25,72202203257,50,-16.7234,-49.2571,G,2023-10-27,2004-12-13,,466185f83a0d5560,2032-12-22,,,Goiânia
LIC-LIC-01,CLARO S.A.,50409889580,10,105752021,684897741,R MIL E CINQUENTA E QUATRO,QUADRA 114  LOTE 03,GO,5208707,50M0G7W,NR,SA-NSA,,2325,2325,350,FB,,,760,72202203257,23.5,25,60,-1,X,40.25,72202203257,50,-16.7234,-49.2571,G,2023-10-27,2004-12-13,,466185f83a0d5561,2032-12-22,,,Goiânia
LIC-LIC-01,CLARO S.A.,50409889580,10,105752021,684897741,R MIL E CINQUENTA E QUATRO,QUADRA 114  LOTE 03,GO,5208707,100MG7W,NR,SA-NSA,,3350,3350,100,FB,,,760,,25,25,60,-3,X,41.75,116652103257,199.5,-16.7234,-49.2571,G,2023-10-27,2004-12-13,,466185f83a0d5562,2032-12-22,,,Goiânia
LIC-LIC-01,CLARO S.A.,50409889580,10,105752021,684897741,R MIL E CINQUENTA E QUATRO,QUADRA 114  LOTE 03,GO,5208707,100MG7W,NR,SA-NSA,,3350,3350,270,FB,,,760,,25,25,60,0,X,41.75,116652103257,199.5,-16.7234,-49.2571,G,2023-10-27,2004-12-13,,466185f83a0d5563,2032-12-22,,,Goiânia
LIC-LIC-01,CLARO S.A.,50409889580,10,105752021,684897741,R MIL E CINQUENTA E QUATRO,QUADRA 114  LOTE 03,GO,5208707,100MG7W,NR,SA-NSA,,3350,3350,350,FB,,,760,,25,25,60,-1,X,41.75,116652103257,199.5,-16.7234,-49.2571,G,2023-10-27,2004-12-13,,466185f83a0d5564,2032-12-22,,,Goiânia
LIC-LIC-01,CLARO S.A.,50409889580,10,105752021,692485538,AV MOINHO DOS VENTOS,,GO,5208707,100MG7W,NR,SA-NSA,,3350,3350,0,FB,,,760,,23.8,25,60,-1,X,40,94692203257,41,-16.72852,-49.34825,G,2025-12-16,2010-07-12,,abeb95f84ec0b75f,2041-12-08,,,Goiânia
LIC-LIC-01,CLARO S.A.,50409889580,10,105752021,692485538,AV MOINHO DOS VENTOS,,GO,5208707,100MG7W,NR,SA-NSA,,3350,3350,80,FB,,,760,,23.8,25,60,0,X,40,94692203257,41,-16.72852,-49.34825,G,2025-12-16,2010-07-12,,abeb95f84ec0b760,2041-12-08,,,Goiânia
LIC-LIC-01,CLARO S.A.,50409889580,10,105752021,692485538,AV MOINHO DOS VENTOS,,GO,5208707,100MG7W,NR,SA-NSA,,3350,3350,230,FB,,,760,,23.8,25,60,-1,X,40,94692203257,41,-16.72852,-49.34825,G,2025-12-16,2010-07-12,,abeb95f84ec0b761,2041-12-08,,,Goiânia
LIC-LIC-01,CLARO S.A.,50409889580,10,105752021,568670337,RUA J-81,QUADRA 143  LOTES 4 5 6  ESQUINA COM AVENIDA PROGRESSO,GO,5208707,100MG7W,NR,SA-NSA,,3350,3350,10,FB,,,760,,23.8,25,60,-3,X,43.2,94692203257,41.6,-16.6388,-49.2299,G,2025-12-30,2000-12-20,,abeb95f84ec0b786,2041-12-08,,,Goiânia
LIC-LIC-01,CLARO S.A.,50409889580,10,105752021,568670337,RUA J-81,QUADRA 143  LOTES 4 5 6  ESQUINA COM AVENIDA PROGRESSO,GO,5208707,100MG7W,NR,SA-NSA,,3350,3350,120,FB,,,760,,23.8,25,60,-4,X,43,94692203257,41.6,-16.6388,-49.2299,G,2025-12-30,2000-12-20,,abeb95f84ec0b787,2041-12-08,,,Goiânia
LIC-LIC-01,CLARO S.A.,50409889580,10,105752021,568670337,RUA J-81,QUADRA 143  LOTES 4 5 6  ESQUINA COM AVENIDA PROGRESSO,GO,5208707,100MG7W,NR,SA-NSA,,3350,3350,270,FB,,,760,,23.8,25,60,0,X,39.1,94692203257,41.6,-16.6388,-49.2299,G,2025-12-30,2000-12-20,,abeb95f84ec0b788,2041-12-08,,,Goiânia
LIC-LIC-01,CLARO S.A.,50409889580,10,105752021,684211645,AL DOS FLAMBOYANTS,ESQUINA COM RUA DOS SIBIPIRUNAS  QUADRA QR-13,GO,5208707,100MG7W,NR,SA-NSA,,3350,3350,35,FB,,,760,,23.8,25,60,0,X,44,94692203257,263,-16.6059,-49.2017,G,2023-10-27,2004-12-13,,abeb95f84ec0b7b7,2032-12-22,,,Goiânia
LIC-LIC-01,CLARO S.A.,50409889580,10,105752021,684211645,AL DOS FLAMBOYANTS,ESQUINA COM RUA DOS SIBIPIRUNAS  QUADRA QR-13,GO,5208707,100MG7W,NR,SA-NSA,,3350,3350,115,FB,,,760,,23.8,25,60,-1,X,44,94692203257,263,-16.6059,-49.2017,G,2023-10-27,2004-12-13,,abeb95f84ec0b7b8,2032-12-22,,,Goiânia
LIC-LIC-01,CLARO S.A.,50409889580,10,105752021,684211645,AL DOS FLAMBOYANTS,ESQUINA COM RUA DOS SIBIPIRUNAS  QUADRA QR-13,GO,5208707,100MG7W,NR,SA-NSA,,3350,3350,260,FB,,,760,,23.8,25,60,-1,X,44,94692203257,263,-16.6059,-49.2017,G,2023-10-27,2004-12-13,,abeb95f84ec0b7b9,2032-12-22,,,Goiânia
LIC-LIC-01,CLARO S.A.,50409889580,10,105752021,686161319,V ALPHA 03,QUADRA 50  LOTE 23,GO,5208707,100MG7W,NR,SA-NSA,,3350,3350,5,FB,,,760,,23.8,25,60,0,X,51,94692203257,263,-16.7252,-49.3752,G,2023-10-30,2005-03-04,,abeb95f84ec0b7e8,2027-07-02,,,Goiânia
LIC-LIC-01,CLARO S.A.,50409889580,10,105752021,686161319,V ALPHA 03,QUADRA 50  LOTE 23,GO,5208707,100MG7W,NR,SA-NSA,,3350,3350,165,FB,,,760,,23.8,25,60,-2,X,51,94692203257,263,-16.7252,-49.3752,G,2023-10-30,2005-03-04,,abeb95f84ec0b7e9,2027-07-02,,,Goiânia
LIC-LIC-01,CLARO S.A.,50409889580,10,105752021,686161319,V ALPHA 03,QUADRA 50  LOTE 23,GO,5208707,100MG7W,NR,SA-NSA,,3350,3350,260,FB,,,760,,23.8,25,60,0,X,51,94692203257,263,-16.7252,-49.3752,G,2023-10-30,2005-03-04,,abeb95f84ec0b7ea,2027-07-02,,,Goiânia
LIC-LIC-01,CLARO S.A.,50409889580,10,105752021,687534810,R SNF-2,QUADRA 03  LOTE 17,GO,5208707,100MG7W,NR,SA-NSA,,3350,3350,70,FB,,,760,,23.8,25,60,-1,X,26.75,94692203257,263,-16.6559,-49.2597,G,2023-10-27,2005-11-04,,abeb95f84ec0b824,2032-12-22,,,Goiânia
LIC-LIC-01,CLARO S.A.,50409889580,10,105752021,687534810,R SNF-2,QUADRA 03  LOTE 17,GO,5208707,100MG7W,NR,SA-NSA,,3350,3350,170,FB,,,760,,23.8,25,60,-3,X,26.75,94692203257,263,-16.6559,-49.2597,G,2023-10-27,2005-11-04,,abeb95f84ec0b825,2032-12-22,,,Goiânia
LIC-LIC-01,CLARO S.A.,50409889580,10,105752021,687534810,R SNF-2,QUADRA 03  LOTE 17,GO,5208707,100MG7W,NR,SA-NSA,,3350,3350,270,FB,,,760,,23.8,25,60,-2,X,26.75,94692203257,263,-16.6559,-49.2597,G,2023-10-27,2005-11-04,,abeb95f84ec0b826,2032-12-22,,,Goiânia
LIC-LIC-01,CLARO S.A.,50409889580,10,105752021,689843798,R TRÊS,QUADRA 40  LOTE 100 - ESQUINA COM RUA VINTE E DOIS - EDIFICIO RURAL,GO,5208707,100MG7W,NR,SA-NSA,,3350,3350,0,FB,,,760,,25,25,60,0,X,63.5,116652103257,199.5,-16.6751,-49.254,G,2024-01-03,2007-11-29,,abeb95f84ec0b857,2032-12-22,,,Goiânia
LIC-LIC-01,CLARO S.A.,50409889580,10,105752021,689843798,R TRÊS,QUADRA 40  LOTE 100 - ESQUINA COM RUA VINTE E DOIS - EDIFICIO RURAL,GO,5208707,100MG7W,NR,SA-NSA,,3350,3350,105,FB,,,760,,25,25,60,0,X,63.5,116652103257,199.5,-16.6751,-49.254,G,2024-01-03,2007-11-29,,abeb95f84ec0b858,2032-12-22,,,Goiânia
LIC-LIC-01,CLARO S.A.,50409889580,10,105752021,689843798,R TRÊS,QUADRA 40  LOTE 100 - ESQUINA COM RUA VINTE E DOIS - EDIFICIO RURAL,GO,5208707,100MG7W,NR,SA-NSA,,3350,3350,255,FB,,,760,,25,25,60,0,X,63.5,116652103257,199.5,-16.6751,-49.254,G,2024-01-03,2007-11-29,,abeb95f84ec0b859,2032-12-22,,,Goiânia
LIC-LIC-01,CLARO S.A.,50409889580,10,105752021,689843399,AV FEIRA DE SANTANA,ESQUINA COM RUA PIRATININGA  - EDIFÍCIO RESIDENCIAL STRAUSS  QUADRA 231  LOTE 1 E 27,GO,5208707,100MG7W,NR,SA-NSA,,3350,3350,0,FB,,,760,,23.8,25,60,0,X,53,94692203257,263,-16.7264,-49.272,G,2023-10-30,2007-11-29,,abeb95f84ec0b884,2027-07-02,,,Goiânia
LIC-LIC-01,CLARO S.A.,50409889580,10,105752021,689843399,AV FEIRA DE SANTANA,ESQUINA COM RUA PIRATININGA  - EDIFÍCIO RESIDENCIAL STRAUSS  QUADRA 231  LOTE 1 E 27,GO,5208707,100MG7W,NR,SA-NSA,,3350,3350,90,FB,,,760,,23.8,25,60,-1,X,53,94692203257,263,-16.7264,-49.272,G,2023-10-30,2007-11-29,,abeb95f84ec0b885,2027-07-02,,,Goiânia
LIC-LIC-01,CLARO S.A.,50409889580,10,105752021,689843399,AV FEIRA DE SANTANA,ESQUINA COM RUA PIRATININGA  - EDIFÍCIO RESIDENCIAL STRAUSS  QUADRA 231  LOTE 1 E 27,GO,5208707,100MG7W,NR,SA-NSA,,3350,3350,240,FB,,,760,,23.8,25,60,-3,X,53,94692203257,263,-16.7264,-49.272,G,2023-10-30,2007-11-29,,abeb95f84ec0b886,2027-07-02,,,Goiânia
LIC-LIC-01,CLARO S.A.,50409889580,10,105752021,1003280738,RUA 265-B,QD 114 LT 03 Nº 35,GO,5208707,100MG7W,NR,SA-NSA,,3350,3350,330,FB,,,760,,23.8,25,60,-1,X,32,94692203257,263,-16.67223,-49.2358,G,2023-10-27,2016-09-30,,e97195f806507273,2032-12-22,,,Goiânia
LIC-LIC-01,CLARO S.A.,50409889580,10,105752021,1003280738,RUA 265-B,QD 114 LT 03 Nº 35,GO,5208707,100MG7W,NR,SA-NSA,,3350,3350,70,FB,,,760,,23.8,25,60,-1,X,32,94692203257,263,-16.67223,-49.2358,G,2023-10-27,2016-09-30,,e97195f806507274,2032-12-22,,,Goiânia
LIC-LIC-01,CLARO S.A.,50409889580,10,105752021,1003280738,RUA 265-B,QD 114 LT 03 Nº 35,GO,5208707,100MG7W,NR,SA-NSA,,3350,3350,220,FB,,,760,,23.8,25,60,0,X,32,94692203257,263,-16.67223,-49.2358,G,2023-10-27,2016-09-30,,e97195f806507275,2032-12-22,,,Goiânia
LIC-LIC-01,CLARO S.A.,50409889580,10,105752021,1011245601,R 229,RUA 229  amp; RUA 239 NA FRENTE DE DROGARIA UNIVERSITÁRIA,GO,5208707,50M0G7W,NR,SA-NSA,,2325,2325,0,FB,,,760,72202203257,23.5,25,60,0,X,24,72202203257,50,-16.67548,-49.24768,G,2023-10-27,2020-10-05,,e97195f80650729b,2032-12-22,,,Goiânia
LIC-LIC-01,CLARO S.A.,50409889580,10,105752021,1011245601,R 229,RUA 229  amp; RUA 239 NA FRENTE DE DROGARIA UNIVERSITÁRIA,GO,5208707,50M0G7W,NR,SA-NSA,,2325,2325,180,FB,,,760,72202203257,23.5,25,60,0,X,24,72202203257,50,-16.67548,-49.24768,G,2023-10-27,2020-10-05,,e97195f80650729c,2032-12-22,,,Goiânia
LIC-LIC-01,CLARO S.A.,50409889580,10,105752021,1011245601,R 229,RUA 229  amp; RUA 239 NA FRENTE DE DROGARIA UNIVERSITÁRIA,GO,5208707,50M0G7W,NR,SA-NSA,,2325,2325,240,FB,,,760,72202203257,23.5,25,60,0,X,24,72202203257,50,-16.67548,-49.24768,G,2023-10-27,2020-10-05,,e97195f80650729d,2032-12-22,,,Goiânia
LIC-LIC-01,CLARO S.A.,50409889580,10,105752021,1011245601,R 229,RUA 229  amp; RUA 239 NA FRENTE DE DROGARIA UNIVERSITÁRIA,GO,5208707,100MG7W,NR,SA-NSA,,3350,3350,0,FB,,,760,,24.5,25,60,0,X,24,132842203257,223.8,-16.67548,-49.24768,G,2023-10-27,2020-10-05,,e97195f8065072a1,2032-12-22,,,Goiânia
LIC-LIC-01,CLARO S.A.,50409889580,10,105752021,1011245601,R 229,RUA 229  amp; RUA 239 NA FRENTE DE DROGARIA UNIVERSITÁRIA,GO,5208707,100MG7W,NR,SA-NSA,,3350,3350,180,FB,,,760,,24.5,25,60,0,X,24,132842203257,223.8,-16.67548,-49.24768,G,2023-10-27,2020-10-05,,e97195f8065072a2,2032-12-22,,,Goiânia
LIC-LIC-01,CLARO S.A.,50409889580,10,105752021,1011245601,R 229,RUA 229  amp; RUA 239 NA FRENTE DE DROGARIA UNIVERSITÁRIA,GO,5208707,100MG7W,NR,SA-NSA,,3350,3350,240,FB,,,760,,24.5,25,60,0,X,24,132842203257,223.8,-16.67548,-49.24768,G,2023-10-27,2020-10-05,,e97195f8065072a3,2032-12-22,,,Goiânia
LIC-LIC-01,CLARO S.A.,50409889580,10,105752021,2826097,R DUZENTOS E TRINTA E NOVE,QUADRA 89-A - LOTE 28,GO,5208707,100MG7W,NR,SA-NSA,,3350,3350,350,FB,,,760,,24.5,25,60,0,X,18,132842203257,223.8,-16.676,-49.2477,G,2024-02-26,2003-03-06,,2bb795f81564a881,2041-12-08,,,Goiânia
LIC-LIC-01,CLARO S.A.,50409889580,10,105752021,2826097,R DUZENTOS E TRINTA E NOVE,QUADRA 89-A - LOTE 28,GO,5208707,100MG7W,NR,SA-NSA,,3350,3350,170,FB,,,760,,24.5,25,60,0,X,18,132842203257,223.8,-16.676,-49.2477,G,2024-02-26,2003-03-06,,2bb795f81564a882,2041-12-08,,,Goiânia
LIC-LIC-01,CLARO S.A.,50409889580,10,105752021,2826097,R DUZENTOS E TRINTA E NOVE,QUADRA 89-A - LOTE 28,GO,5208707,100MG7W,NR,SA-NSA,,3350,3350,290,FB,,,760,,24.5,25,60,0,X,18,132842203257,223.8,-16.676,-49.2477,G,2024-02-26,2003-03-06,,2bb795f81564a883,2041-12-08,,,Goiânia
LIC-LIC-01,CLARO S.A.,50409889580,10,105752021,689865813,R GASPAR SILVEIRA MARTINS,QUADRA 76  LOTE 29  ESQUINA COM RUA LINO COUTINHO,GO,5208707,100MG7W,NR,SA-NSA,,3350,3350,100,FB,,,760,,23.8,25,60,-2,X,50,94692203257,263,-16.6541,-49.3184,G,2023-10-30,2007-11-29,,2bb795f81564a8ae,2027-07-02,,,Goiânia
LIC-LIC-01,CLARO S.A.,50409889580,10,105752021,689865813,R GASPAR SILVEIRA MARTINS,QUADRA 76  LOTE 29  ESQUINA COM RUA LINO COUTINHO,GO,5208707,100MG7W,NR,SA-NSA,,3350,3350,230,FB,,,760,,23.8,25,60,-5,X,50,94692203257,263,-16.6541,-49.3184,G,2023-10-30,2007-11-29,,2bb795f81564a8af,2027-07-02,,,Goiânia
LIC-LIC-01,CLARO S.A.,50409889580,10,105752021,689865813,R GASPAR SILVEIRA MARTINS,QUADRA 76  LOTE 29  ESQUINA COM RUA LINO COUTINHO,GO,5208707,100MG7W,NR,SA-NSA,,3350,3350,350,FB,,,760,,23.8,25,60,-1,X,50,94692203257,263,-16.6541,-49.3184,G,2023-10-30,2007-11-29,,2bb795f81564a8b0,2027-07-02,,,Goiânia
LIC-LIC-01,CLARO S.A.,50409889580,10,105752021,684211394,AV ALFREDO NASSER,QUADRA QI-8 - LOTE 19,GO,5208707,100MG7W,NR,SA-NSA,,3350,3350,300,FB,,,760,,23.8,25,60,-1,X,41,94692203257,263,-16.6579,-49.386,G,2023-10-27,2004-06-18,,213495f8399ef1f2,2032-12-22,,,Goiânia
LIC-LIC-01,CLARO S.A.,50409889580,10,105752021,684211394,AV ALFREDO NASSER,QUADRA QI-8 - LOTE 19,GO,5208707,100MG7W,NR,SA-NSA,,3350,3350,75,FB,,,760,,23.8,25,60,-1,X,41,94692203257,263,-16.6579,-49.386,G,2023-10-27,2004-06-18,,213495f8399ef1f3,2032-12-22,,,Goiânia
LIC-LIC-01,CLARO S.A.,50409889580,10,105752021,684211394,AV ALFREDO NASSER,QUADRA QI-8 - LOTE 19,GO,5208707,100MG7W,NR,SA-NSA,,3350,3350,170,FB,,,760,,23.8,25,60,-1,X,41,94692203257,263,-16.6579,-49.386,G,2023-10-27,2004-06-18,,213495f8399ef1f4,2032-12-22,,,Goiânia
LIC-LIC-01,CLARO S.A.,50409889580,10,105752021,698189078,RUA JOSÉ BONIFÁCIO,ESQ C/ AV SANTA MARIA  QD 23  LT 19,GO,5208707,100MG7W,NR,SA-NSA,,3350,3350,0,FB,,,760,,23.8,25,60,0,X,40,94692203257,263,-16.66834,-49.33056,G,2023-10-30,2012-12-20,,213495f8399ef2a5,2027-07-02,,,Goiânia
LIC-LIC-01,CLARO S.A.,50409889580,10,105752021,698189078,RUA JOSÉ BONIFÁCIO,ESQ C/ AV SANTA MARIA  QD 23  LT 19,GO,5208707,100MG7W,NR,SA-NSA,,3350,3350,120,FB,,,760,,23.8,25,60,-1,X,40,94692203257,263,-16.66834,-49.33056,G,2023-10-30,2012-12-20,,213495f8399ef2a6,2027-07-02,,,Goiânia
LIC-LIC-01,CLARO S.A.,50409889580,10,105752021,698189078,RUA JOSÉ BONIFÁCIO,ESQ C/ AV SANTA MARIA  QD 23  LT 19,GO,5208707,100MG7W,NR,SA-NSA,,3350,3350,245,FB,,,760,,23.8,25,60,-2,X,40,94692203257,263,-16.66834,-49.33056,G,2023-10-30,2012-12-20,,213495f8399ef2a7,2027-07-02,,,Goiânia
LIC-LIC-01,CLARO S.A.,50409889580,10,105752021,1006604275,R SETE STEMBRO QD 41  LT 16,,GO,5208707,100MG7W,NR,SA-NSA,,3350,3350,0,FB,,,760,,25,25,60,0,X,40,116652103257,199.5,-16.72927,-49.21116,G,2023-10-27,2018-05-14,,213495f8399ef313,2032-12-22,,,Goiânia
LIC-LIC-01,CLARO S.A.,50409889580,10,105752021,1006604275,R SETE STEMBRO QD 41  LT 16,,GO,5208707,100MG7W,NR,SA-NSA,,3350,3350,95,FB,,,760,,25,25,60,0,X,40,116652103257,199.5,-16.72927,-49.21116,G,2023-10-27,2018-05-14,,213495f8399ef314,2032-12-22,,,Goiânia
LIC-LIC-01,CLARO S.A.,50409889580,10,105752021,1006604275,R SETE STEMBRO QD 41  LT 16,,GO,5208707,100MG7W,NR,SA-NSA,,3350,3350,180,FB,,,760,,25,25,60,0,X,40,116652103257,199.5,-16.72927,-49.21116,G,2023-10-27,2018-05-14,,213495f8399ef315,2032-12-22,,,Goiânia
LIC-LIC-01,CLARO S.A.,50409889580,10,105752021,1006604275,R SETE STEMBRO QD 41  LT 16,,GO,5208707,50M0G7W,NR,SA-NSA,,2325,2325,0,FB,,,760,72202203257,23.5,25,60,0,X,38,72202203257,50,-16.72927,-49.21116,G,2023-10-27,2018-05-14,,213495f8399ef316,2032-12-22,,,Goiânia
LIC-LIC-01,CLARO S.A.,50409889580,10,105752021,1006604275,R SETE STEMBRO QD 41  LT 16,,GO,5208707,50M0G7W,NR,SA-NSA,,2325,2325,95,FB,,,760,72202203257,23.5,25,60,0,X,38,72202203257,50,-16.72927,-49.21116,G,2023-10-27,2018-05-14,,213495f8399ef317,2032-12-22,,,Goiânia
LIC-LIC-01,CLARO S.A.,50409889580,10,105752021,1006604275,R SETE STEMBRO QD 41  LT 16,,GO,5208707,50M0G7W,NR,SA-NSA,,2325,2325,180,FB,,,760,72202203257,23.5,25,60,0,X,38,72202203257,50,-16.72927,-49.21116,G,2023-10-27,2018-05-14,,213495f8399ef318,2032-12-22,,,Goiânia
LIC-LIC-01,CLARO S.A.,50409889580,10,105752021,1007220195,AV ALPHAVILLE FLAMBOYANT  QD. A4LT LT.160,,GO,5208707,100MG7W,NR,SA-NSA,,3350,3350,350,FB,,,760,,25,25,60,0,X,19.5,116652103257,199.5,-16.71426,-49.20132,G,2023-10-27,2018-09-17,,213495f8399ef32b,2032-12-22,,,Goiânia
LIC-LIC-01,CLARO S.A.,50409889580,10,105752021,1007220195,AV ALPHAVILLE FLAMBOYANT  QD. A4LT LT.160,,GO,5208707,100MG7W,NR,SA-NSA,,3350,3350,110,FB,,,760,,25,25,60,-1,X,19.5,116652103257,199.5,-16.71426,-49.20132,G,2023-10-27,2018-09-17,,213495f8399ef32c,2032-12-22,,,Goiânia
LIC-LIC-01,CLARO S.A.,50409889580,10,105752021,1007220195,AV ALPHAVILLE FLAMBOYANT  QD. A4LT LT.160,,GO,5208707,100MG7W,NR,SA-NSA,,3350,3350,230,FB,,,760,,25,25,60,-2,X,19.5,116652103257,199.5,-16.71426,-49.20132,G,2023-10-27,2018-09-17,,213495f8399ef32d,2032-12-22,,,Goiânia
LIC-LIC-01,CLARO S.A.,50409889580,10,105752021,1007220195,AV ALPHAVILLE FLAMBOYANT  QD. A4LT LT.160,,GO,5208707,50M0G7W,NR,SA-NSA,,2325,2325,350,FB,,,760,72202203257,23.5,25,60,0,X,18,72202203257,50,-16.71426,-49.20132,G,2023-10-27,2018-09-17,,213495f8399ef32e,2032-12-22,,,Goiânia
LIC-LIC-01,CLARO S.A.,50409889580,10,105752021,1007220195,AV ALPHAVILLE FLAMBOYANT  QD. A4LT LT.160,,GO,5208707,50M0G7W,NR,SA-NSA,,2325,2325,110,FB,,,760,72202203257,23.5,25,60,-1,X,18,72202203257,50,-16.71426,-49.20132,G,2023-10-27,2018-09-17,,213495f8399ef32f,2032-12-22,,,Goiânia
LIC-LIC-01,CLARO S.A.,50409889580,10,105752021,1007220195,AV ALPHAVILLE FLAMBOYANT  QD. A4LT LT.160,,GO,5208707,50M0G7W,NR,SA-NSA,,2325,2325,230,FB,,,760,72202203257,23.5,25,60,-2,X,18,72202203257,50,-16.71426,-49.20132,G,2023-10-27,2018-09-17,,213495f8399ef330,2032-12-22,,,Goiânia
LIC-LIC-01,CLARO S.A.,50409889580,10,105752021,1007442287,AV ALPHAVILLE FLAMBOYANT,LOTE 5 6 287 QUADRA A 5,GO,5208707,100MG7W,NR,SA-NSA,,3350,3350,60,FB,,,760,,25,25,60,-1,X,22.75,116652103257,199.5,-16.70827,-49.21914,G,2023-10-27,2018-11-01,,213495f8399ef349,2032-12-22,,,Goiânia
LIC-LIC-01,CLARO S.A.,50409889580,10,105752021,1007442287,AV ALPHAVILLE FLAMBOYANT,LOTE 5 6 287 QUADRA A 5,GO,5208707,100MG7W,NR,SA-NSA,,3350,3350,180,FB,,,760,,25,25,60,-2,X,22.75,116652103257,199.5,-16.70827,-49.21914,G,2023-10-27,2018-11-01,,213495f8399ef34a,2032-12-22,,,Goiânia
LIC-LIC-01,CLARO S.A.,50409889580,10,105752021,1007442287,AV ALPHAVILLE FLAMBOYANT,LOTE 5 6 287 QUADRA A 5,GO,5208707,100MG7W,NR,SA-NSA,,3350,3350,270,FB,,,760,,25,25,60,-1,X,22.75,116652103257,199.5,-16.70827,-49.21914,G,2023-10-27,2018-11-01,,213495f8399ef34b,2032-12-22,,,Goiânia
LIC-LIC-01,CLARO S.A.,50409889580,10,105752021,1007442287,AV ALPHAVILLE FLAMBOYANT,LOTE 5 6 287 QUADRA A 5,GO,5208707,50M0G7W,NR,SA-NSA,,2325,2325,60,FB,,,760,72202203257,23.5,25,60,-1,X,21.25,72202203257,50,-16.70827,-49.21914,G,2023-10-27,2018-11-01,,213495f8399ef34c,2032-12-22,,,Goiânia
LIC-LIC-01,CLARO S.A.,50409889580,10,105752021,1007442287,AV ALPHAVILLE FLAMBOYANT,LOTE 5 6 287 QUADRA A 5,GO,5208707,50M0G7W,NR,SA-NSA,,2325,2325,180,FB,,,760,72202203257,23.5,25,60,-2,X,21.25,72202203257,50,-16.70827,-49.21914,G,2023-10-27,2018-11-01,,213495f8399ef34d,2032-12-22,,,Goiânia
LIC-LIC-01,CLARO S.A.,50409889580,10,105752021,1007442287,AV ALPHAVILLE FLAMBOYANT,LOTE 5 6 287 QUADRA A 5,GO,5208707,50M0G7W,NR,SA-NSA,,2325,2325,270,FB,,,760,72202203257,23.5,25,60,-1,X,12.25,72202203257,50,-16.70827,-49.21914,G,2023-10-27,2018-11-01,,213495f8399ef34e,2032-12-22,,,Goiânia
LIC-LIC-01,CLARO S.A.,50409889580,10,105752021,1005961163,N/A RUA T39 C N.90,,GO,5208707,100MG7W,NR,SA-NSA,,3350,3350,35,FB,,,760,,23.8,25,60,0,X,17.5,94692203257,263,-16.68465,-49.2889,G,2023-07-25,2018-03-23,,7bbb95f806308b3f,2024-02-16,,,Goiânia
LIC-LIC-01,CLARO S.A.,50409889580,10,105752021,1005961163,N/A RUA T39 C N.90,,GO,5208707,100MG7W,NR,SA-NSA,,3350,3350,145,FB,,,760,,23.8,25,60,0,X,17.5,94692203257,263,-16.68465,-49.2889,G,2023-07-25,2018-03-23,,7bbb95f806308b40,2024-02-16,,,Goiânia
LIC-LIC-01,CLARO S.A.,50409889580,10,105752021,1005961163,N/A RUA T39 C N.90,,GO,5208707,100MG7W,NR,SA-NSA,,3350,3350,270,FB,,,760,,23.8,25,60,0,X,17.5,94692203257,263,-16.68465,-49.2889,G,2023-07-25,2018-03-23,,7bbb95f806308b41,2024-02-16,,,Goiânia
LIC-LIC-01,CLARO S.A.,50409889580,10,105752021,1005538210,R ANDRÉ MASSON QUADRA 01 LOTE 09,,GO,5208707,100MG7W,NR,SA-NSA,,3350,3350,320,FB,,,760,,23.8,25,60,-2,X,40,94692203257,263,-16.64436,-49.28714,G,2023-07-25,2018-01-11,,7bbb95f806308b5a,2024-02-16,,,Goiânia
LIC-LIC-01,CLARO S.A.,50409889580,10,105752021,1005538210,R ANDRÉ MASSON QUADRA 01 LOTE 09,,GO,5208707,100MG7W,NR,SA-NSA,,3350,3350,120,FB,,,760,,23.8,25,60,-1,X,40,94692203257,263,-16.64436,-49.28714,G,2023-07-25,2018-01-11,,7bbb95f806308b5b,2024-02-16,,,Goiânia
LIC-LIC-01,CLARO S.A.,50409889580,10,105752021,1005538210,R ANDRÉ MASSON QUADRA 01 LOTE 09,,GO,5208707,100MG7W,NR,SA-NSA,,3350,3350,240,FB,,,760,,23.8,25,60,-5,X,40,94692203257,263,-16.64436,-49.28714,G,2023-07-25,2018-01-11,,7bbb95f806308b5c,2024-02-16,,,Goiânia
LIC-LIC-01,CLARO S.A.,50409889580,10,105752021,686160347,AV AFONSO PENA,QUADRA 28  LOTE 22,GO,5208707,100MG7W,NR,SA-NSA,,3350,3350,10,FB,,,760,,16.8,30,65,-1,X,30,229962303257,50,-16.6193,-49.252,G,2024-09-11,2005-03-04,,7bbb95f806308b84,2041-12-08,,,Goiânia
LIC-LIC-01,CLARO S.A.,50409889580,10,105752021,686160347,AV AFONSO PENA,QUADRA 28  LOTE 22,GO,5208707,100MG7W,NR,SA-NSA,,3350,3350,100,FB,,,760,,16.8,30,65,-5,X,29,229962303257,50,-16.6193,-49.252,G,2024-09-11,2005-03-04,,7bbb95f806308b85,2041-12-08,,,Goiânia
LIC-LIC-01,CLARO S.A.,50409889580,10,105752021,686160347,AV AFONSO PENA,QUADRA 28  LOTE 22,GO,5208707,100MG7W,NR,SA-NSA,,3350,3350,275,FB,,,760,,16.8,30,65,-7,X,29,229962303257,50,-16.6193,-49.252,G,2024-09-11,2005-03-04,,7bbb95f806308b86,2041-12-08,,,Goiânia
LIC-LIC-01,CLARO S.A.,50409889580,10,105752021,535905980,R FORMOSA,QUADRA M  LOTE 09  VILA SANTA HELENA,GO,5208707,100MG7W,NR,SA-NSA,,3350,3350,350,FB,,,760,,23.8,25,60,-2,X,41,94692203257,263,-16.6586,-49.2912,G,2023-10-27,2000-10-25,,7bbb95f806308ba5,2032-12-22,,,Goiânia
LIC-LIC-01,CLARO S.A.,50409889580,10,105752021,535905980,R FORMOSA,QUADRA M  LOTE 09  VILA SANTA HELENA,GO,5208707,100MG7W,NR,SA-NSA,,3350,3350,140,FB,,,760,,23.8,25,60,-1,X,41,94692203257,263,-16.6586,-49.2912,G,2023-10-27,2000-10-25,,7bbb95f806308ba6,2032-12-22,,,Goiânia
LIC-LIC-01,CLARO S.A.,50409889580,10,105752021,535905980,R FORMOSA,QUADRA M  LOTE 09  VILA SANTA HELENA,GO,5208707,100MG7W,NR,SA-NSA,,3350,3350,230,FB,,,760,,23.8,25,60,-1,X,41,94692203257,263,-16.6586,-49.2912,G,2023-10-27,2000-10-25,,7bbb95f806308ba7,2032-12-22,,,Goiânia
LIC-LIC-01,CLARO S.A.,50409889580,10,105752021,695207679,R SP 11,QUADRA 06 LOTE 07,GO,5208707,100MG7W,NR,SA-NSA,,3350,3350,20,FB,,,760,,23.8,25,60,0,X,22,94692203257,263,-16.64577,-49.29465,G,2023-10-27,2011-02-28,,5b5695f802904ae0,2032-12-22,,,Goiânia
LIC-LIC-01,CLARO S.A.,50409889580,10,105752021,695207679,R SP 11,QUADRA 06 LOTE 07,GO,5208707,100MG7W,NR,SA-NSA,,3350,3350,160,FB,,,760,,23.8,25,60,0,X,22,94692203257,263,-16.64577,-49.29465,G,2023-10-27,2011-02-28,,5b5695f802904ae1,2032-12-22,,,Goiânia
LIC-LIC-01,CLARO S.A.,50409889580,10,105752021,695207679,R SP 11,QUADRA 06 LOTE 07,GO,5208707,100MG7W,NR,SA-NSA,,3350,3350,260,FB,,,760,,23.8,25,60,0,X,22,94692203257,263,-16.64577,-49.29465,G,2023-10-27,2011-02-28,,5b5695f802904ae2,2032-12-22,,,Goiânia
LIC-LIC-01,CLARO S.A.,50409889580,10,105752021,699721067,RUA MACEIÓ,QUADRA 10  LOTE 30,GO,5208707,100MG7W,NR,SA-NSA,,3350,3350,40,FB,,,760,,23.8,25,60,-2,X,40,94692203257,263,-16.63905,-49.27642,G,2024-01-12,2014-02-24,,5b5695f802904b7e,2032-12-22,,,Goiânia
LIC-LIC-01,CLARO S.A.,50409889580,10,105752021,699721067,RUA MACEIÓ,QUADRA 10  LOTE 30,GO,5208707,100MG7W,NR,SA-NSA,,3350,3350,120,FB,,,760,,23.8,25,60,-2,X,40,94692203257,263,-16.63905,-49.27642,G,2024-01-12,2014-02-24,,5b5695f802904b7f,2032-12-22,,,Goiânia
LIC-LIC-01,CLARO S.A.,50409889580,10,105752021,699721067,RUA MACEIÓ,QUADRA 10  LOTE 30,GO,5208707,100MG7W,NR,SA-NSA,,3350,3350,240,FB,,,760,,23.8,25,60,-2,X,40,94692203257,263,-16.63905,-49.27642,G,2024-01-12,2014-02-24,,5b5695f802904b80,2032-12-22,,,Goiânia
LIC-LIC-01,CLARO S.A.,50409889580,10,105752021,2853132,AV DUZENTOS E VINTE  QUADRA 69  LOTE 23  ESQUINA COM RUA 221,,GO,5208707,100MG7W,NR,SA-NSA,,3350,3350,30,FB,,,760,,25,25,60,0,X,30.75,116652103257,199.5,-16.677,-49.2832,G,2023-10-27,2007-02-13,,5b5695f802904bc0,2032-12-22,,,Goiânia
LIC-LIC-01,CLARO S.A.,50409889580,10,105752021,2853132,AV DUZENTOS E VINTE  QUADRA 69  LOTE 23  ESQUINA COM RUA 221,,GO,5208707,100MG7W,NR,SA-NSA,,3350,3350,140,FB,,,760,,25,25,60,0,X,30.75,116652103257,199.5,-16.677,-49.2832,G,2023-10-27,2007-02-13,,5b5695f802904bc1,2032-12-22,,,Goiânia
LIC-LIC-01,CLARO S.A.,50409889580,10,105752021,2853132,AV DUZENTOS E VINTE  QUADRA 69  LOTE 23  ESQUINA COM RUA 221,,GO,5208707,100MG7W,NR,SA-NSA,,3350,3350,240,FB,,,760,,25,25,60,0,X,30.75,116652103257,199.5,-16.677,-49.2832,G,2023-10-27,2007-02-13,,5b5695f802904bc2,2032-12-22,,,Goiânia
LIC-LIC-01,CLARO S.A.,50409889580,10,105752021,2853132,AV DUZENTOS E VINTE  QUADRA 69  LOTE 23  ESQUINA COM RUA 221,,GO,5208707,50M0G7W,NR,SA-NSA,,2325,2325,30,FB,,,760,72202203257,23.5,25,60,0,X,29.25,72202203257,50,-16.677,-49.2832,G,2023-10-27,2007-02-13,,5b5695f802904bc3,2032-12-22,,,Goiânia
LIC-LIC-01,CLARO S.A.,50409889580,10,105752021,2853132,AV DUZENTOS E VINTE  QUADRA 69  LOTE 23  ESQUINA COM RUA 221,,GO,5208707,50M0G7W,NR,SA-NSA,,2325,2325,140,FB,,,760,72202203257,23.5,25,60,0,X,29.25,72202203257,50,-16.677,-49.2832,G,2023-10-27,2007-02-13,,5b5695f802904bc4,2032-12-22,,,Goiânia
LIC-LIC-01,CLARO S.A.,50409889580,10,105752021,2853132,AV DUZENTOS E VINTE  QUADRA 69  LOTE 23  ESQUINA COM RUA 221,,GO,5208707,50M0G7W,NR,SA-NSA,,2325,2325,240,FB,,,760,72202203257,23.5,25,60,0,X,29.25,72202203257,50,-16.677,-49.2832,G,2023-10-27,2007-02-13,,5b5695f802904bc5,2032-12-22,,,Goiânia
LIC-LIC-01,CLARO S.A.,50409889580,10,105752021,1003340510,R PADRE MONTE  QUADRA 28  LOTE 08,,GO,5208707,100MG7W,NR,SA-NSA,,3350,3350,0,FB,,,760,,24.5,25,60,0,X,40,132842203257,223.8,-16.6866,-49.3311,G,2023-10-27,2016-10-24,,5b5695f802904bd2,2032-12-22,,,Goiânia
LIC-LIC-01,CLARO S.A.,50409889580,10,105752021,1003302359,R ALBERTO MIGUEL,QUADRA 36  LOTE 8,GO,5208707,100MG7W,NR,SA-NSA,,3350,3350,15,FB,,,760,,25,25,60,-1,X,30.75,116652103257,199.5,-16.6688,-49.2935,G,2024-02-26,2016-09-28,,16cd95f83460e944,2041-12-08,,,Goiânia
LIC-LIC-01,CLARO S.A.,50409889580,10,105752021,1003302359,R ALBERTO MIGUEL,QUADRA 36  LOTE 8,GO,5208707,100MG7W,NR,SA-NSA,,3350,3350,120,FB,,,760,,25,25,60,-1,X,30.75,116652103257,199.5,-16.6688,-49.2935,G,2024-02-26,2016-09-28,,16cd95f83460e945,2041-12-08,,,Goiânia
LIC-LIC-01,CLARO S.A.,50409889580,10,105752021,1003302359,R ALBERTO MIGUEL,QUADRA 36  LOTE 8,GO,5208707,100MG7W,NR,SA-NSA,,3350,3350,230,FB,,,760,,25,25,60,-1,X,30.75,116652103257,199.5,-16.6688,-49.2935,G,2024-02-26,2016-09-28,,16cd95f83460e946,2041-12-08,,,Goiânia
LIC-LIC-01,CLARO S.A.,50409889580,10,105752021,1000723027,RUA DEODORO DA FONSECA,QD 11 LT 26,GO,5208707,100MG7W,NR,SA-NSA,,3350,3350,0,FB,,,760,,23.8,25,60,-1,X,45,94692203257,263,-16.66306,-49.32083,G,2023-10-30,2014-11-05,,16cd95f83460e980,2027-07-02,,,Goiânia
LIC-LIC-01,CLARO S.A.,50409889580,10,105752021,1000723027,RUA DEODORO DA FONSECA,QD 11 LT 26,GO,5208707,100MG7W,NR,SA-NSA,,3350,3350,140,FB,,,760,,23.8,25,60,0,X,45,94692203257,263,-16.66306,-49.32083,G,2023-10-30,2014-11-05,,16cd95f83460e981,2027-07-02,,,Goiânia
LIC-LIC-01,CLARO S.A.,50409889580,10,105752021,1000723027,RUA DEODORO DA FONSECA,QD 11 LT 26,GO,5208707,100MG7W,NR,SA-NSA,,3350,3350,250,FB,,,760,,23.8,25,60,-1,X,45,94692203257,263,-16.66306,-49.32083,G,2023-10-30,2014-11-05,,16cd95f83460e982,2027-07-02,,,Goiânia
LIC-LIC-01,CLARO S.A.,50409889580,10,105752021,2824582,AVENIDA ASSIS CHATEAUBRIAND,QUADRA R-21  LOTE 03,GO,5208707,50M0G7W,NR,SA-NSA,,2325,2325,310,FB,,,760,72202203257,23.5,25,60,-1,X,30,72202203257,50,-16.68676,-49.27146,G,2023-10-27,2003-03-06,,b267c5f803d15887,2032-12-22,,,Goiânia
LIC-LIC-01,CLARO S.A.,50409889580,10,105752021,2824582,AVENIDA ASSIS CHATEAUBRIAND,QUADRA R-21  LOTE 03,GO,5208707,50M0G7W,NR,SA-NSA,,2325,2325,80,FB,,,760,72202203257,23.5,25,60,-2,X,30,72202203257,50,-16.68676,-49.27146,G,2023-10-27,2003-03-06,,b267c5f803d15888,2032-12-22,,,Goiânia
LIC-LIC-01,CLARO S.A.,50409889580,10,105752021,2824582,AVENIDA ASSIS CHATEAUBRIAND,QUADRA R-21  LOTE 03,GO,5208707,50M0G7W,NR,SA-NSA,,2325,2325,200,FB,,,760,72202203257,23.5,25,60,-1,X,30,72202203257,50,-16.68676,-49.27146,G,2023-10-27,2003-03-06,,b267c5f803d15889,2032-12-22,,,Goiânia
LIC-LIC-01,CLARO S.A.,50409889580,10,105752021,2824582,AVENIDA ASSIS CHATEAUBRIAND,QUADRA R-21  LOTE 03,GO,5208707,100MG7W,NR,SA-NSA,,3350,3350,310,FB,,,760,,25,25,60,-1,X,30,116652103257,199.5,-16.68676,-49.27146,G,2023-10-27,2003-03-06,,b267c5f803d1588a,2032-12-22,,,Goiânia
LIC-LIC-01,CLARO S.A.,50409889580,10,105752021,2824582,AVENIDA ASSIS CHATEAUBRIAND,QUADRA R-21  LOTE 03,GO,5208707,100MG7W,NR,SA-NSA,,3350,3350,80,FB,,,760,,25,25,60,-2,X,30,116652103257,199.5,-16.68676,-49.27146,G,2023-10-27,2003-03-06,,b267c5f803d1588b,2032-12-22,,,Goiânia
LIC-LIC-01,CLARO S.A.,50409889580,10,105752021,2824582,AVENIDA ASSIS CHATEAUBRIAND,QUADRA R-21  LOTE 03,GO,5208707,100MG7W,NR,SA-NSA,,3350,3350,200,FB,,,760,,25,25,60,-1,X,30,116652103257,199.5,-16.68676,-49.27146,G,2023-10-27,2003-03-06,,b267c5f803d1588c,2032-12-22,,,Goiânia
LIC-LIC-01,CLARO S.A.,50409889580,10,105752021,1012979137,R 101,CONDOMINIO EDIFICIO COLUMBIA CENTER,GO,5208707,100MG7W,NR,SA-NSA,,3350,3350,120,FB,,,760,,24.5,25,60,-1,X,24,132842203257,223.8,-16.68556,-49.25948,G,2024-07-01,2022-03-31,,b267c5f803d158bd,2041-12-08,,,Goiânia
LIC-LIC-01,CLARO S.A.,50409889580,10,105752021,1012979137,R 101,CONDOMINIO EDIFICIO COLUMBIA CENTER,GO,5208707,100MG7W,NR,SA-NSA,,3350,3350,230,FB,,,760,,24.5,25,60,-1,X,24,132842203257,223.8,-16.68556,-49.25948,G,2024-07-01,2022-03-31,,b267c5f803d158be,2041-12-08,,,Goiânia
LIC-LIC-01,CLARO S.A.,50409889580,10,105752021,1012979137,R 101,CONDOMINIO EDIFICIO COLUMBIA CENTER,GO,5208707,100MG7W,NR,SA-NSA,,3350,3350,340,FB,,,760,,24.5,25,60,-1,X,24,132842203257,223.8,-16.68556,-49.25948,G,2024-07-01,2022-03-31,,b267c5f803d158bf,2041-12-08,,,Goiânia
LIC-LIC-01,CLARO S.A.,50409889580,10,105752021,697929140,RUA ESCÓCIA,QD 132 LT 01,GO,5208707,100MG7W,NR,SA-NSA,,3350,3350,340,FB,,,760,,23.8,25,60,-2,X,41,94692203257,263,-16.71767,-49.30771,G,2023-10-30,2012-10-18,,b267c5f803d158e4,2027-07-02,,,Goiânia
LIC-LIC-01,CLARO S.A.,50409889580,10,105752021,697929140,RUA ESCÓCIA,QD 132 LT 01,GO,5208707,100MG7W,NR,SA-NSA,,3350,3350,120,FB,,,760,,23.8,25,60,-3,X,41,94692203257,263,-16.71767,-49.30771,G,2023-10-30,2012-10-18,,b267c5f803d158e5,2027-07-02,,,Goiânia
LIC-LIC-01,CLARO S.A.,50409889580,10,105752021,697929140,RUA ESCÓCIA,QD 132 LT 01,GO,5208707,100MG7W,NR,SA-NSA,,3350,3350,230,FB,,,760,,23.8,25,60,-1,X,41,94692203257,263,-16.71767,-49.30771,G,2023-10-30,2012-10-18,,b267c5f803d158e6,2027-07-02,,,Goiânia
LIC-LIC-01,CLARO S.A.,50409889580,10,105752021,693211776,R BURITI,ESQUINA COM RUA JATOBÁ  QUADRA 21,GO,5208707,100MG7W,NR,SA-NSA,,3350,3350,240,FB,,,760,,23.8,25,60,-2,X,52,94692203257,263,-16.74087,-49.20511,G,2023-10-27,2011-02-28,,6ec1c5f803349e16,2032-12-22,,,Goiânia
LIC-LIC-01,CLARO S.A.,50409889580,10,105752021,693211776,R BURITI,ESQUINA COM RUA JATOBÁ  QUADRA 21,GO,5208707,100MG7W,NR,SA-NSA,,3350,3350,330,FB,,,760,,23.8,25,60,-2,X,52,94692203257,263,-16.74087,-49.20511,G,2023-10-27,2011-02-28,,6ec1c5f803349e17,2032-12-22,,,Goiânia
LIC-LIC-01,CLARO S.A.,50409889580,10,105752021,693211776,R BURITI,ESQUINA COM RUA JATOBÁ  QUADRA 21,GO,5208707,100MG7W,NR,SA-NSA,,3350,3350,70,FB,,,760,,23.8,25,60,-5,X,52,94692203257,263,-16.74087,-49.20511,G,2023-10-27,2011-02-28,,6ec1c5f803349e18,2032-12-22,,,Goiânia
LIC-LIC-01,CLARO S.A.,50409889580,10,105752021,534593941,R GARIBALDI,QUADRA 10 - LOTE 03,GO,5208707,100MG7W,NR,SA-NSA,,3350,3350,10,FB,,,760,,23.8,25,60,0,X,45,94692203257,263,-16.7284,-49.3164,G,2023-10-27,2000-08-08,,6ec1c5f803349e47,2032-12-22,,,Goiânia
LIC-LIC-01,CLARO S.A.,50409889580,10,105752021,534593941,R GARIBALDI,QUADRA 10 - LOTE 03,GO,5208707,100MG7W,NR,SA-NSA,,3350,3350,120,FB,,,760,,23.8,25,60,0,X,45,94692203257,263,-16.7284,-49.3164,G,2023-10-27,2000-08-08,,6ec1c5f803349e48,2032-12-22,,,Goiânia
LIC-LIC-01,CLARO S.A.,50409889580,10,105752021,534593941,R GARIBALDI,QUADRA 10 - LOTE 03,GO,5208707,100MG7W,NR,SA-NSA,,3350,3350,210,FB,,,760,,23.8,25,60,0,X,61,94692203257,263,-16.7284,-49.3164,G,2023-10-27,2000-08-08,,6ec1c5f803349e49,2032-12-22,,,Goiânia
LIC-LIC-01,CLARO S.A.,50409889580,10,105752021,1011304624,R 23,RUA 23 COM A AVENIDA ANHANGUERA.,GO,5208707,50M0G7W,NR,SA-NSA,,2325,2325,250,FB,,,760,72202203257,23.5,25,60,-1,X,27,72202203257,50,-16.67571,-49.26153,G,2023-10-27,2020-10-16,,3c41c5f80395038f,2032-12-22,,,Goiânia
LIC-LIC-01,CLARO S.A.,50409889580,10,105752021,1011304624,R 23,RUA 23 COM A AVENIDA ANHANGUERA.,GO,5208707,50M0G7W,NR,SA-NSA,,2325,2325,350,FB,,,760,72202203257,23.5,25,60,-1,X,27,72202203257,50,-16.67571,-49.26153,G,2023-10-27,2020-10-16,,3c41c5f803950390,2032-12-22,,,Goiânia
LIC-LIC-01,CLARO S.A.,50409889580,10,105752021,1011304624,R 23,RUA 23 COM A AVENIDA ANHANGUERA.,GO,5208707,50M0G7W,NR,SA-NSA,,2325,2325,80,FB,,,760,72202203257,23.5,25,60,-1,X,27,72202203257,50,-16.67571,-49.26153,G,2023-10-27,2020-10-16,,3c41c5f803950391,2032-12-22,,,Goiânia
LIC-LIC-01,CLARO S.A.,50409889580,10,105752021,1011304624,R 23,RUA 23 COM A AVENIDA ANHANGUERA.,GO,5208707,100MG7W,NR,SA-NSA,,3350,3350,250,FB,,,760,,24.5,25,60,-1,X,29,132842203257,223.8,-16.67571,-49.26153,G,2023-10-27,2020-10-16,,3c41c5f803950392,2032-12-22,,,Goiânia
LIC-LIC-01,CLARO S.A.,50409889580,10,105752021,1011304624,R 23,RUA 23 COM A AVENIDA ANHANGUERA.,GO,5208707,100MG7W,NR,SA-NSA,,3350,3350,350,FB,,,760,,24.5,25,60,-1,X,29,132842203257,223.8,-16.67571,-49.26153,G,2023-10-27,2020-10-16,,3c41c5f803950393,2032-12-22,,,Goiânia
LIC-LIC-01,CLARO S.A.,50409889580,10,105752021,1011304624,R 23,RUA 23 COM A AVENIDA ANHANGUERA.,GO,5208707,100MG7W,NR,SA-NSA,,3350,3350,80,FB,,,760,,24.5,25,60,-1,X,29,132842203257,223.8,-16.67571,-49.26153,G,2023-10-27,2020-10-16,,3c41c5f803950394,2032-12-22,,,Goiânia
LIC-LIC-01,CLARO S.A.,50409889580,10,105752021,1012354056,RUA 23 A,QUADRA PRAÇA  LOTE AREA,GO,5208707,100MG7W,NR,SA-NSA,,3350,3350,330,FB,,,760,,24.5,25,60,0,X,30,132842203257,223.8,-16.69436,-49.26471,G,2023-10-30,2021-09-21,,3c41c5f8039503b5,2027-07-02,,,Goiânia
LIC-LIC-01,CLARO S.A.,50409889580,10,105752021,1012354056,RUA 23 A,QUADRA PRAÇA  LOTE AREA,GO,5208707,100MG7W,NR,SA-NSA,,3350,3350,110,FB,,,760,,24.5,25,60,0,X,30,132842203257,223.8,-16.69436,-49.26471,G,2023-10-30,2021-09-21,,3c41c5f8039503b6,2027-07-02,,,Goiânia
LIC-LIC-01,CLARO S.A.,50409889580,10,105752021,1012354056,RUA 23 A,QUADRA PRAÇA  LOTE AREA,GO,5208707,100MG7W,NR,SA-NSA,,3350,3350,200,FB,,,760,,24.5,25,60,0,X,30,132842203257,223.8,-16.69436,-49.26471,G,2023-10-30,2021-09-21,,3c41c5f8039503b7,2027-07-02,,,Goiânia
LIC-LIC-01,CLARO S.A.,50409889580,10,105752021,696519852,R TEREZINA,QUADRA 11  LOTES 10/15 E 18/19,GO,5208707,100MG7W,NR,SA-NSA,,3350,3350,270,FB,,,760,,24.5,25,60,-7,X,67.5,132842203257,223.8,-16.71414,-49.23591,G,2024-03-21,2012-02-13,,3c41c5f8039503ec,2041-12-08,,,Goiânia
LIC-LIC-01,CLARO S.A.,50409889580,10,105752021,696519852,R TEREZINA,QUADRA 11  LOTES 10/15 E 18/19,GO,5208707,100MG7W,NR,SA-NSA,,3350,3350,300,FB,,,760,,24.5,25,60,-5,X,67.5,132842203257,223.8,-16.71414,-49.23591,G,2024-03-21,2012-02-13,,3c41c5f8039503ed,2041-12-08,,,Goiânia
LIC-LIC-01,CLARO S.A.,50409889580,10,105752021,696519852,R TEREZINA,QUADRA 11  LOTES 10/15 E 18/19,GO,5208707,100MG7W,NR,SA-NSA,,3350,3350,60,FB,,,760,,24.5,25,60,-7,X,67.5,132842203257,223.8,-16.71414,-49.23591,G,2024-03-21,2012-02-13,,3c41c5f8039503ee,2041-12-08,,,Goiânia
LIC-LIC-01,CLARO S.A.,50409889580,10,105752021,686210530,AV T-10,GOIÂNIA SHOPPING,GO,5208707,50M0G7W,NR,SA-NSA,,2325,2325,0,FB,,,168,,4,10,360,0,V,5,72102203257,50,-16.7076,-49.2732,G,2024-09-17,2005-03-23,,b267c5f803948ec3,2041-12-08,,,Goiânia
LIC-LIC-01,CLARO S.A.,50409889580,10,105752021,1006850233,PRAÇA CAPITAO FRAZAO,AEROPORTO DE GOIÂNIA SANTA GENOVEVA,GO,5208707,50M0G7W,NR,SA-NSA,,2325,2325,0,FB,,,168,,4,0,360,0,V,5,72102203257,50,-16.62937,-49.21373,G,2023-09-28,2018-06-12,,b267c5f803948ecb,2032-12-22,,,Goiânia
LIC-LIC-01,CLARO S.A.,50409889580,10,105752021,1012373735,R 11,LT 9 QD 29 QD 39,GO,5208707,100MG7W,NR,SA-NSA,,3350,3350,180,FB,,,760,,24.5,25,60,0,X,22.5,132842203257,223.8,-16.65081,-49.33606,G,2023-10-27,2021-09-20,,b536a5f803bbd608,2032-12-22,,,Goiânia
LIC-LIC-01,CLARO S.A.,50409889580,10,105752021,1012373735,R 11,LT 9 QD 29 QD 39,GO,5208707,100MG7W,NR,SA-NSA,,3350,3350,350,FB,,,760,,24.5,25,60,0,X,22.5,132842203257,223.8,-16.65081,-49.33606,G,2023-10-27,2021-09-20,,b536a5f803bbd609,2032-12-22,,,Goiânia
LIC-LIC-01,CLARO S.A.,50409889580,10,105752021,1012373735,R 11,LT 9 QD 29 QD 39,GO,5208707,100MG7W,NR,SA-NSA,,3350,3350,90,FB,,,760,,24.5,25,60,0,X,22.5,132842203257,223.8,-16.65081,-49.33606,G,2023-10-27,2021-09-20,,b536a5f803bbd60a,2032-12-22,,,Goiânia
LIC-LIC-01,CLARO S.A.,50409889580,10,105752021,683798839,AV LA PLACE,QUADRA 21  LOTE 16,GO,5208707,100MG7W,NR,SA-NSA,,3350,3350,170,FB,,,760,,23.8,25,60,-1,X,36,94692203257,263,-16.725,-49.239,G,2023-10-27,2003-12-19,,b536a5f803bbd645,2032-12-22,,,Goiânia
LIC-LIC-01,CLARO S.A.,50409889580,10,105752021,683798839,AV LA PLACE,QUADRA 21  LOTE 16,GO,5208707,100MG7W,NR,SA-NSA,,3350,3350,270,FB,,,760,,23.8,25,60,-1,X,36,94692203257,263,-16.725,-49.239,G,2023-10-27,2003-12-19,,b536a5f803bbd646,2032-12-22,,,Goiânia
LIC-LIC-01,CLARO S.A.,50409889580,10,105752021,683798839,AV LA PLACE,QUADRA 21  LOTE 16,GO,5208707,100MG7W,NR,SA-NSA,,3350,3350,40,FB,,,760,,23.8,25,60,-1,X,36,94692203257,263,-16.725,-49.239,G,2023-10-27,2003-12-19,,b536a5f803bbd647,2032-12-22,,,Goiânia
LIC-LIC-01,CLARO S.A.,50409889580,10,105752021,689716362,R POUSO ALTO,QUADRA 05  LOTE 9-A,GO,5208707,50M0G7W,NR,SA-NSA,,2325,2325,170,FB,,,760,72202203257,23.5,25,60,0,X,25.25,72202203257,50,-16.667,-49.2858,G,2023-10-27,2007-10-30,,b536a5f803bbd678,2032-12-22,,,Goiânia
LIC-LIC-01,CLARO S.A.,50409889580,10,105752021,689716362,R POUSO ALTO,QUADRA 05  LOTE 9-A,GO,5208707,50M0G7W,NR,SA-NSA,,2325,2325,250,FB,,,760,72202203257,23.5,25,60,0,X,25.25,72202203257,50,-16.667,-49.2858,G,2023-10-27,2007-10-30,,b536a5f803bbd679,2032-12-22,,,Goiânia
LIC-LIC-01,CLARO S.A.,50409889580,10,105752021,689716362,R POUSO ALTO,QUADRA 05  LOTE 9-A,GO,5208707,50M0G7W,NR,SA-NSA,,2325,2325,330,FB,,,760,72202203257,23.5,25,60,0,X,25.25,72202203257,50,-16.667,-49.2858,G,2023-10-27,2007-10-30,,b536a5f803bbd67a,2032-12-22,,,Goiânia
LIC-LIC-01,CLARO S.A.,50409889580,10,105752021,689716362,R POUSO ALTO,QUADRA 05  LOTE 9-A,GO,5208707,100MG7W,NR,SA-NSA,,3350,3350,170,FB,,,760,,25,25,60,0,X,26.75,116652103257,199.5,-16.667,-49.2858,G,2023-10-27,2007-10-30,,b536a5f803bbd67b,2032-12-22,,,Goiânia
LIC-LIC-01,CLARO S.A.,50409889580,10,105752021,689716362,R POUSO ALTO,QUADRA 05  LOTE 9-A,GO,5208707,100MG7W,NR,SA-NSA,,3350,3350,250,FB,,,760,,25,25,60,0,X,26.75,116652103257,199.5,-16.667,-49.2858,G,2023-10-27,2007-10-30,,b536a5f803bbd67c,2032-12-22,,,Goiânia
LIC-LIC-01,CLARO S.A.,50409889580,10,105752021,684211580,AV CANAÃ,QUADRA 98  LOTE 34,GO,5208707,100MG7W,NR,SA-NSA,,3350,3350,120,FB,,,760,,23.8,25,60,-2,X,51,94692203257,263,-16.6795,-49.2267,G,2023-10-27,2004-06-18,,b536a5f803bbd6a7,2032-12-22,,,Goiânia
LIC-LIC-01,CLARO S.A.,50409889580,10,105752021,684211580,AV CANAÃ,QUADRA 98  LOTE 34,GO,5208707,100MG7W,NR,SA-NSA,,3350,3350,215,FB,,,760,,23.8,25,60,-2,X,51,94692203257,263,-16.6795,-49.2267,G,2023-10-27,2004-06-18,,b536a5f803bbd6a8,2032-12-22,,,Goiânia
LIC-LIC-01,CLARO S.A.,50409889580,10,105752021,684211580,AV CANAÃ,QUADRA 98  LOTE 34,GO,5208707,100MG7W,NR,SA-NSA,,3350,3350,30,FB,,,760,,23.8,25,60,-2,X,51,94692203257,263,-16.6795,-49.2267,G,2023-10-27,2004-06-18,,b536a5f803bbd6a9,2032-12-22,,,Goiânia
LIC-LIC-01,CLARO S.A.,50409889580,10,105752021,685031810,R DUZENTOS E VINTE E SEIS,QUADRA 21  LOTE 06,GO,5208707,50M0G7W,NR,SA-NSA,,2325,2325,105,FB,,,760,72202203257,23.5,25,60,0,X,31,72202203257,50,-16.6666,-49.2469,G,2024-09-11,2007-11-29,,b536a5f803bbd6c5,2041-12-08,,,Goiânia
LIC-LIC-01,CLARO S.A.,50409889580,10,105752021,685031810,R DUZENTOS E VINTE E SEIS,QUADRA 21  LOTE 06,GO,5208707,50M0G7W,NR,SA-NSA,,2325,2325,250,FB,,,760,72202203257,23.5,25,60,0,X,31,72202203257,50,-16.6666,-49.2469,G,2024-09-11,2007-11-29,,b536a5f803bbd6c6,2041-12-08,,,Goiânia
LIC-LIC-01,CLARO S.A.,50409889580,10,105752021,685031810,R DUZENTOS E VINTE E SEIS,QUADRA 21  LOTE 06,GO,5208707,50M0G7W,NR,SA-NSA,,2325,2325,60,FB,,,760,72202203257,23.5,25,60,0,X,31,72202203257,50,-16.6666,-49.2469,G,2024-09-11,2007-11-29,,b536a5f803bbd6c7,2041-12-08,,,Goiânia
LIC-LIC-01,CLARO S.A.,50409889580,10,105752021,685031810,R DUZENTOS E VINTE E SEIS,QUADRA 21  LOTE 06,GO,5208707,100MG7W,NR,SA-NSA,,3350,3350,105,FB,,,760,,24.5,25,60,0,X,26,132842203257,223.8,-16.6666,-49.2469,G,2024-09-11,2007-11-29,,b536a5f803bbd6c8,2041-12-08,,,Goiânia
LIC-LIC-01,CLARO S.A.,50409889580,10,105752021,685031810,R DUZENTOS E VINTE E SEIS,QUADRA 21  LOTE 06,GO,5208707,100MG7W,NR,SA-NSA,,3350,3350,250,FB,,,760,,24.5,25,60,0,X,26,132842203257,223.8,-16.6666,-49.2469,G,2024-09-11,2007-11-29,,b536a5f803bbd6c9,2041-12-08,,,Goiânia
LIC-LIC-01,CLARO S.A.,50409889580,10,105752021,683798936,R MANOEL BELGRANO,QUADRA 177  LOTE 14,GO,5208707,100MG7W,NR,SA-NSA,,3350,3350,0,FB,,,760,,23.8,25,60,-1,X,45,94692203257,263,-16.67566,-49.21743,G,2023-10-27,2004-12-13,,b536a5f803bbd79e,2032-12-22,,,Goiânia
LIC-LIC-01,CLARO S.A.,50409889580,10,105752021,683798936,R MANOEL BELGRANO,QUADRA 177  LOTE 14,GO,5208707,100MG7W,NR,SA-NSA,,3350,3350,90,FB,,,760,,23.8,25,60,-1,X,45,94692203257,263,-16.67566,-49.21743,G,2023-10-27,2004-12-13,,b536a5f803bbd79f,2032-12-22,,,Goiânia
LIC-LIC-01,CLARO S.A.,50409889580,10,105752021,683798936,R MANOEL BELGRANO,QUADRA 177  LOTE 14,GO,5208707,100MG7W,NR,SA-NSA,,3350,3350,250,FB,,,760,,23.8,25,60,0,X,45,94692203257,263,-16.67566,-49.21743,G,2023-10-27,2004-12-13,,b536a5f803bbd7a0,2032-12-22,,,Goiânia
LIC-LIC-01,CLARO S.A.,50409889580,10,105752021,684211491,AV A,QUADRA 03  LOTE 07  ESQUINA COM RUA E-3,GO,5208707,100MG7W,NR,SA-NSA,,3350,3350,10,FB,,,760,,23.8,25,60,0,X,40.5,94692203257,263,-16.6953,-49.3101,G,2023-10-27,2004-06-18,,b536a5f803bbd7a1,2032-12-22,,,Goiânia
LIC-LIC-01,CLARO S.A.,50409889580,10,105752021,684211491,AV A,QUADRA 03  LOTE 07  ESQUINA COM RUA E-3,GO,5208707,100MG7W,NR,SA-NSA,,3350,3350,160,FB,,,760,,23.8,25,60,-2,X,40.5,94692203257,263,-16.6953,-49.3101,G,2023-10-27,2004-06-18,,b536a5f803bbd7a2,2032-12-22,,,Goiânia
LIC-LIC-01,CLARO S.A.,50409889580,10,105752021,684211491,AV A,QUADRA 03  LOTE 07  ESQUINA COM RUA E-3,GO,5208707,100MG7W,NR,SA-NSA,,3350,3350,280,FB,,,760,,23.8,25,60,-2,X,40.5,94692203257,263,-16.6953,-49.3101,G,2023-10-27,2004-06-18,,b536a5f803bbd7a3,2032-12-22,,,Goiânia
LIC-LIC-01,CLARO S.A.,50409889580,10,105752021,684897768,ROD GO 020,SAÍDA PARA BELA VISTA,GO,5208707,100MG7W,NR,SA-NSA,,3350,3350,10,FB,,,760,,25,25,60,-2,X,43.5,116652103257,199.5,-16.7137,-49.2102,G,2023-10-27,2004-12-13,,b536a5f803bbd7a4,2032-12-22,,,Goiânia
LIC-LIC-01,CLARO S.A.,50409889580,10,105752021,684897768,ROD GO 020,SAÍDA PARA BELA VISTA,GO,5208707,100MG7W,NR,SA-NSA,,3350,3350,300,FB,,,760,,25,25,60,-2,X,43.5,116652103257,199.5,-16.7137,-49.2102,G,2023-10-27,2004-12-13,,b536a5f803bbd7a5,2032-12-22,,,Goiânia
LIC-LIC-01,CLARO S.A.,50409889580,10,105752021,1001296122,R 280,QD. 08  LT. 15,GO,5208707,100MG7W,NR,SA-NSA,,3350,3350,350,FB,,,760,,23.8,25,60,0,X,45,94692203257,263,-16.68578,-49.28173,G,2023-10-27,2015-03-31,,b536a5f803bbd7a7,2032-12-22,,,Goiânia
LIC-LIC-01,CLARO S.A.,50409889580,10,105752021,1001296122,R 280,QD. 08  LT. 15,GO,5208707,100MG7W,NR,SA-NSA,,3350,3350,140,FB,,,760,,23.8,25,60,0,X,45,94692203257,263,-16.68578,-49.28173,G,2023-10-27,2015-03-31,,b536a5f803bbd7a8,2032-12-22,,,Goiânia
LIC-LIC-01,CLARO S.A.,50409889580,10,105752021,1001296122,R 280,QD. 08  LT. 15,GO,5208707,100MG7W,NR,SA-NSA,,3350,3350,270,FB,,,760,,23.8,25,60,-1,X,45,94692203257,263,-16.68578,-49.28173,G,2023-10-27,2015-03-31,,b536a5f803bbd7a9,2032-12-22,,,Goiânia
LIC-LIC-01,CLARO S.A.,50409889580,10,105752021,1005961147,N/A RUA HEITOR FLEURY QD 166 LT 01/13,,GO,5208707,100MG7W,NR,SA-NSA,,3350,3350,15,FB,,,760,,23.8,25,60,0,X,38,94692203257,263,-16.68872,-49.3074,G,2023-08-18,2018-03-23,,b536a5f803bbd7c5,2032-12-22,,,Goiânia
LIC-LIC-01,CLARO S.A.,50409889580,10,105752021,1005961147,N/A RUA HEITOR FLEURY QD 166 LT 01/13,,GO,5208707,100MG7W,NR,SA-NSA,,3350,3350,145,FB,,,760,,23.8,25,60,-2,X,38,94692203257,263,-16.68872,-49.3074,G,2023-08-18,2018-03-23,,b536a5f803bbd7c6,2032-12-22,,,Goiânia
LIC-LIC-01,CLARO S.A.,50409889580,10,105752021,1005961147,N/A RUA HEITOR FLEURY QD 166 LT 01/13,,GO,5208707,100MG7W,NR,SA-NSA,,3350,3350,285,FB,,,760,,23.8,25,60,0,X,38,94692203257,263,-16.68872,-49.3074,G,2023-08-18,2018-03-23,,b536a5f803bbd7c7,2032-12-22,,,Goiânia
LIC-LIC-01,CLARO S.A.,50409889580,10,105752021,1006753831,AV CIRCULAR,,GO,5208707,100MG7W,NR,SA-NSA,,3350,3350,30,FB,,,760,,25,25,60,-4,X,78.25,116652103257,199.5,-16.70514,-49.32729,G,2023-08-18,2018-05-29,,b536a5f803bbd7d4,2032-12-22,,,Goiânia
LIC-LIC-01,CLARO S.A.,50409889580,10,105752021,1006753831,AV CIRCULAR,,GO,5208707,100MG7W,NR,SA-NSA,,3350,3350,135,FB,,,760,,25,25,60,-1,X,78.25,116652103257,199.5,-16.70514,-49.32729,G,2023-08-18,2018-05-29,,b536a5f803bbd7d5,2032-12-22,,,Goiânia
LIC-LIC-01,CLARO S.A.,50409889580,10,105752021,1006753831,AV CIRCULAR,,GO,5208707,100MG7W,NR,SA-NSA,,3350,3350,290,FB,,,760,,25,25,60,-1,X,78.25,116652103257,199.5,-16.70514,-49.32729,G,2023-08-18,2018-05-29,,b536a5f803bbd7d6,2032-12-22,,,Goiânia
LIC-LIC-01,CLARO S.A.,50409889580,10,105752021,2955458,R DA UNIÃO,QUADRA 173  LOTE 14,GO,5208707,100MG7W,NR,SA-NSA,,3350,3350,0,FB,,,760,,23.8,25,60,-1,X,41,94692203257,263,-16.6406,-49.3259,G,2023-10-27,2003-03-06,,b536a5f803bbd807,2032-12-22,,,Goiânia
LIC-LIC-01,CLARO S.A.,50409889580,10,105752021,2955458,R DA UNIÃO,QUADRA 173  LOTE 14,GO,5208707,100MG7W,NR,SA-NSA,,3350,3350,130,FB,,,760,,23.8,25,60,-1,X,41,94692203257,263,-16.6406,-49.3259,G,2023-10-27,2003-03-06,,b536a5f803bbd808,2032-12-22,,,Goiânia
LIC-LIC-01,CLARO S.A.,50409889580,10,105752021,2955458,R DA UNIÃO,QUADRA 173  LOTE 14,GO,5208707,100MG7W,NR,SA-NSA,,3350,3350,250,FB,,,760,,23.8,25,60,-1,X,41,94692203257,263,-16.6406,-49.3259,G,2023-10-27,2003-03-06,,b536a5f803bbd809,2032-12-22,,,Goiânia
LIC-LIC-01,CLARO S.A.,50409889580,10,105752021,1000722608,R RUA DO MARISCO,QD 103  LT 03,GO,5208707,100MG7W,NR,SA-NSA,,3350,3350,320,FB,,,760,,23.8,25,60,0,X,49,94692203257,263,-16.74095,-49.29837,G,2023-08-15,2014-11-05,,f70cc5f80238a485,2032-12-22,,,Goiânia
LIC-LIC-01,CLARO S.A.,50409889580,10,105752021,1000722608,R RUA DO MARISCO,QD 103  LT 03,GO,5208707,100MG7W,NR,SA-NSA,,3350,3350,50,FB,,,760,,23.8,25,60,-1,X,49,94692203257,263,-16.74095,-49.29837,G,2023-08-15,2014-11-05,,f70cc5f80238a486,2032-12-22,,,Goiânia
LIC-LIC-01,CLARO S.A.,50409889580,10,105752021,1000722608,R RUA DO MARISCO,QD 103  LT 03,GO,5208707,100MG7W,NR,SA-NSA,,3350,3350,190,FB,,,760,,23.8,25,60,-1,X,49,94692203257,263,-16.74095,-49.29837,G,2023-08-15,2014-11-05,,f70cc5f80238a487,2032-12-22,,,Goiânia
LIC-LIC-01,CLARO S.A.,50409889580,10,105752021,1001753809,R CM-12  QUADRA 05-A  LOTE 10,CAPACIDADE,GO,5208707,100MG7W,NR,SA-NSA,,3350,3350,30,FB,,,760,,25,25,60,0,X,36,116652103257,199.5,-16.64717,-49.32912,G,2023-11-06,2015-07-17,,f70cc5f80238a4bb,2032-12-22,,,Goiânia
LIC-LIC-01,CLARO S.A.,50409889580,10,105752021,1001753809,R CM-12  QUADRA 05-A  LOTE 10,CAPACIDADE,GO,5208707,100MG7W,NR,SA-NSA,,3350,3350,120,FB,,,760,,25,25,60,0,X,36,116652103257,199.5,-16.64717,-49.32912,G,2023-11-06,2015-07-17,,f70cc5f80238a4bc,2032-12-22,,,Goiânia
LIC-LIC-01,CLARO S.A.,50409889580,10,105752021,1001753809,R CM-12  QUADRA 05-A  LOTE 10,CAPACIDADE,GO,5208707,100MG7W,NR,SA-NSA,,3350,3350,280,FB,,,760,,25,25,60,-2,X,36,116652103257,199.5,-16.64717,-49.32912,G,2023-11-06,2015-07-17,,f70cc5f80238a4bd,2032-12-22,,,Goiânia
LIC-LIC-01,CLARO S.A.,50409889580,10,105752021,1005961139,N/A RUA 2B  QUADRA 53  LOTE 18,,GO,5208707,100MG7W,NR,SA-NSA,,3350,3350,240,FB,,,760,,23.8,25,60,-2,X,45.1,94692203257,263,-16.75711,-49.34761,G,2023-08-15,2018-03-23,,6ec1c5f80383a08d,2038-04-30,,,Goiânia
LIC-LIC-01,CLARO S.A.,50409889580,10,105752021,1005961139,N/A RUA 2B  QUADRA 53  LOTE 18,,GO,5208707,100MG7W,NR,SA-NSA,,3350,3350,350,FB,,,760,,23.8,25,60,0,X,45.1,94692203257,263,-16.75711,-49.34761,G,2023-08-15,2018-03-23,,6ec1c5f80383a08e,2038-04-30,,,Goiânia
LIC-LIC-01,CLARO S.A.,50409889580,10,105752021,1005961139,N/A RUA 2B  QUADRA 53  LOTE 18,,GO,5208707,100MG7W,NR,SA-NSA,,3350,3350,90,FB,,,760,,23.8,25,60,-2,X,45.1,94692203257,263,-16.75711,-49.34761,G,2023-08-15,2018-03-23,,6ec1c5f80383a08f,2038-04-30,,,Goiânia
LIC-LIC-01,CLARO S.A.,50409889580,10,105752021,2861593,R DILERMANO ORSIDA,QUADRA 08  LOTE 205,GO,5208707,100MG7W,NR,SA-NSA,,3350,3350,140,FB,,,760,,23.8,25,60,0,X,40,94692203257,263,-16.678,-49.3003,G,2023-10-30,2003-03-06,,6ec1c5f80383a0db,2027-07-02,,,Goiânia
LIC-LIC-01,CLARO S.A.,50409889580,10,105752021,2861593,R DILERMANO ORSIDA,QUADRA 08  LOTE 205,GO,5208707,100MG7W,NR,SA-NSA,,3350,3350,255,FB,,,760,,23.8,25,60,0,X,37,94692203257,263,-16.678,-49.3003,G,2023-10-30,2003-03-06,,6ec1c5f80383a0dc,2027-07-02,,,Goiânia
LIC-LIC-01,CLARO S.A.,50409889580,10,105752021,2861593,R DILERMANO ORSIDA,QUADRA 08  LOTE 205,GO,5208707,100MG7W,NR,SA-NSA,,3350,3350,325,FB,,,760,,23.8,25,60,0,X,40,94692203257,263,-16.678,-49.3003,G,2023-10-30,2003-03-06,,6ec1c5f80383a0dd,2027-07-02,,,Goiânia
LIC-LIC-01,CLARO S.A.,50409889580,10,105752021,690481209,AV CASTELO BRANCO,QD 128-A LT 01  ESQ C/ R SENADOR JAIME,GO,5208707,50M0G7W,NR,SA-NSA,,2325,2325,335,FB,,,760,72202203257,23.5,25,60,0,X,27.25,72202203257,50,-16.67643,-49.28827,G,2023-10-27,2008-08-14,,8b12c5f80386f84d,2032-12-22,,,Goiânia
LIC-LIC-01,CLARO S.A.,50409889580,10,105752021,690481209,AV CASTELO BRANCO,QD 128-A LT 01  ESQ C/ R SENADOR JAIME,GO,5208707,50M0G7W,NR,SA-NSA,,2325,2325,100,FB,,,760,72202203257,23.5,25,60,0,X,27.25,72202203257,50,-16.67643,-49.28827,G,2023-10-27,2008-08-14,,8b12c5f80386f84e,2032-12-22,,,Goiânia
LIC-LIC-01,CLARO S.A.,50409889580,10,105752021,690481209,AV CASTELO BRANCO,QD 128-A LT 01  ESQ C/ R SENADOR JAIME,GO,5208707,50M0G7W,NR,SA-NSA,,2325,2325,235,FB,,,760,72202203257,23.5,25,60,0,X,27.25,72202203257,50,-16.67643,-49.28827,G,2023-10-27,2008-08-14,,8b12c5f80386f84f,2032-12-22,,,Goiânia
LIC-LIC-01,CLARO S.A.,50409889580,10,105752021,690481209,AV CASTELO BRANCO,QD 128-A LT 01  ESQ C/ R SENADOR JAIME,GO,5208707,100MG7W,NR,SA-NSA,,3350,3350,335,FB,,,760,,25,25,60,0,X,28.75,116652103257,199.5,-16.67643,-49.28827,G,2023-10-27,2008-08-14,,8b12c5f80386f850,2032-12-22,,,Goiânia
LIC-LIC-01,CLARO S.A.,50409889580,10,105752021,690481209,AV CASTELO BRANCO,QD 128-A LT 01  ESQ C/ R SENADOR JAIME,GO,5208707,100MG7W,NR,SA-NSA,,3350,3350,100,FB,,,760,,25,25,60,0,X,28.75,116652103257,199.5,-16.67643,-49.28827,G,2023-10-27,2008-08-14,,8b12c5f80386f851,2032-12-22,,,Goiânia
LIC-LIC-01,CLARO S.A.,50409889580,10,105752021,690481209,AV CASTELO BRANCO,QD 128-A LT 01  ESQ C/ R SENADOR JAIME,GO,5208707,100MG7W,NR,SA-NSA,,3350,3350,235,FB,,,760,,25,25,60,0,X,28.75,116652103257,199.5,-16.67643,-49.28827,G,2023-10-27,2008-08-14,,8b12c5f80386f852,2032-12-22,,,Goiânia
LIC-LIC-01,CLARO S.A.,50409889580,10,105752021,534594069,R ANTÔNIO BORGES TEIXEIRA,QUADRA X-4  LOTE 16  ESQUINA COM RUA DOS EXPEDICIONÁRIOS,GO,5208707,100MG7W,NR,SA-NSA,,3350,3350,0,FB,,,760,,25,25,60,-3,X,34,116652103257,199.5,-16.6615,-49.1864,G,2023-10-27,2000-08-08,,8b12c5f80386f872,2032-12-22,,,Goiânia
LIC-LIC-01,CLARO S.A.,50409889580,10,105752021,534594069,R ANTÔNIO BORGES TEIXEIRA,QUADRA X-4  LOTE 16  ESQUINA COM RUA DOS EXPEDICIONÁRIOS,GO,5208707,100MG7W,NR,SA-NSA,,3350,3350,120,FB,,,760,,25,25,60,-2,X,34,116652103257,199.5,-16.6615,-49.1864,G,2023-10-27,2000-08-08,,8b12c5f80386f873,2032-12-22,,,Goiânia
LIC-LIC-01,CLARO S.A.,50409889580,10,105752021,534594069,R ANTÔNIO BORGES TEIXEIRA,QUADRA X-4  LOTE 16  ESQUINA COM RUA DOS EXPEDICIONÁRIOS,GO,5208707,100MG7W,NR,SA-NSA,,3350,3350,240,FB,,,760,,25,25,60,-3,X,34,116652103257,199.5,-16.6615,-49.1864,G,2023-10-27,2000-08-08,,8b12c5f80386f874,2032-12-22,,,Goiânia
LIC-LIC-01,CLARO S.A.,50409889580,10,105752021,684897768,ROD GO 020,SAÍDA PARA BELA VISTA,GO,5208707,100MG7W,NR,SA-NSA,,3350,3350,120,FB,,,760,,25,25,60,-2,X,43.5,116652103257,199.5,-16.7137,-49.2102,G,2023-10-27,2004-12-13,,e381c5f80341f5fb,2032-12-22,,,Goiânia
LIC-LIC-01,CLARO S.A.,50409889580,10,105752021,684897768,ROD GO 020,SAÍDA PARA BELA VISTA,GO,5208707,50M0G7W,NR,SA-NSA,,2325,2325,10,FB,,,760,72202203257,23.5,25,60,-2,X,42,72202203257,50,-16.7137,-49.2102,G,2023-10-27,2004-12-13,,e381c5f80341f5fe,2032-12-22,,,Goiânia
LIC-LIC-01,CLARO S.A.,50409889580,10,105752021,684897768,ROD GO 020,SAÍDA PARA BELA VISTA,GO,5208707,50M0G7W,NR,SA-NSA,,2325,2325,120,FB,,,760,72202203257,23.5,25,60,-2,X,42,72202203257,50,-16.7137,-49.2102,G,2023-10-27,2004-12-13,,e381c5f80341f5ff,2032-12-22,,,Goiânia
LIC-LIC-01,CLARO S.A.,50409889580,10,105752021,684897768,ROD GO 020,SAÍDA PARA BELA VISTA,GO,5208707,50M0G7W,NR,SA-NSA,,2325,2325,300,FB,,,760,72202203257,23.5,25,60,-2,X,42,72202203257,50,-16.7137,-49.2102,G,2023-10-27,2004-12-13,,e381c5f80341f600,2032-12-22,,,Goiânia
LIC-LIC-01,CLARO S.A.,50409889580,10,105752021,1011982258,AV T 8,ÁREA PÚBLICA,GO,5208707,100MG7W,NR,SA-NSA,,3350,3350,350,FB,,,760,,25,25,60,-1,X,25,116652103257,199.5,-16.69544,-49.27475,G,2023-10-27,2021-05-25,,e381c5f80341f64c,2032-12-22,,,Goiânia
LIC-LIC-01,CLARO S.A.,50409889580,10,105752021,1011982258,AV T 8,ÁREA PÚBLICA,GO,5208707,100MG7W,NR,SA-NSA,,3350,3350,140,FB,,,760,,25,25,60,-1,X,25,116652103257,199.5,-16.69544,-49.27475,G,2023-10-27,2021-05-25,,e381c5f80341f64d,2032-12-22,,,Goiânia
LIC-LIC-01,CLARO S.A.,50409889580,10,105752021,1011982258,AV T 8,ÁREA PÚBLICA,GO,5208707,100MG7W,NR,SA-NSA,,3350,3350,240,FB,,,760,,25,25,60,-1,X,25,116652103257,199.5,-16.69544,-49.27475,G,2023-10-27,2021-05-25,,e381c5f80341f64e,2032-12-22,,,Goiânia
LIC-LIC-01,CLARO S.A.,50409889580,10,105752021,695730592,AV FRANCISCO ARAÚJO,QUADRA 31  LOTE 35,GO,5208707,100MG7W,NR,SA-NSA,,3350,3350,140,FB,,,760,,23.8,25,60,0,X,30,94692203257,263,-16.63312,-49.27357,G,2023-12-28,2011-08-24,,2e3ef5f803453b54,2032-12-22,,,Goiânia
LIC-LIC-01,CLARO S.A.,50409889580,10,105752021,695730592,AV FRANCISCO ARAÚJO,QUADRA 31  LOTE 35,GO,5208707,100MG7W,NR,SA-NSA,,3350,3350,275,FB,,,760,,23.8,25,60,0,X,30,94692203257,263,-16.63312,-49.27357,G,2023-12-28,2011-08-24,,2e3ef5f803453b55,2032-12-22,,,Goiânia
LIC-LIC-01,CLARO S.A.,50409889580,10,105752021,695730592,AV FRANCISCO ARAÚJO,QUADRA 31  LOTE 35,GO,5208707,100MG7W,NR,SA-NSA,,3350,3350,350,FB,,,760,,23.8,25,60,-2,X,30,94692203257,263,-16.63312,-49.27357,G,2023-12-28,2011-08-24,,2e3ef5f803453b56,2032-12-22,,,Goiânia
LIC-LIC-01,CLARO S.A.,50409889580,10,105752021,686160452,R G,CHÁCARA 87,GO,5208707,100MG7W,NR,SA-NSA,,3350,3350,130,FB,,,760,,25,25,60,-1,X,50,116652103257,199.5,-16.60365,-49.32903,G,2023-10-27,2005-03-04,,2e3ef5f803453b7b,2032-12-22,,,Goiânia
LIC-LIC-01,CLARO S.A.,50409889580,10,105752021,686160452,R G,CHÁCARA 87,GO,5208707,100MG7W,NR,SA-NSA,,3350,3350,260,FB,,,760,,25,25,60,-1,X,50,116652103257,199.5,-16.60365,-49.32903,G,2023-10-27,2005-03-04,,2e3ef5f803453b7c,2032-12-22,,,Goiânia
LIC-LIC-01,CLARO S.A.,50409889580,10,105752021,686160452,R G,CHÁCARA 87,GO,5208707,100MG7W,NR,SA-NSA,,3350,3350,335,FB,,,760,,25,25,60,-2,X,50,116652103257,199.5,-16.60365,-49.32903,G,2023-10-27,2005-03-04,,2e3ef5f803453b7d,2032-12-22,,,Goiânia
LIC-LIC-01,CLARO S.A.,50409889580,10,105752021,692599541,AVENIDA GOIAS,ESQ C/ R DOIS  QD 04  LTS 22/28,GO,5208707,100MG7W,NR,SA-NSA,,3350,3350,320,FB,,,760,,25,25,60,-9,X,65.75,116652103257,199.5,-16.6775,-49.25699,G,2023-10-27,2010-08-04,,3f4af5f803d10d30,2032-12-22,,,Goiânia
LIC-LIC-01,CLARO S.A.,50409889580,10,105752021,692599541,AVENIDA GOIAS,ESQ C/ R DOIS  QD 04  LTS 22/28,GO,5208707,100MG7W,NR,SA-NSA,,3350,3350,90,FB,,,760,,25,25,60,-11,X,65.75,116652103257,199.5,-16.6775,-49.25699,G,2023-10-27,2010-08-04,,3f4af5f803d10d31,2032-12-22,,,Goiânia
LIC-LIC-01,CLARO S.A.,50409889580,10,105752021,692599541,AVENIDA GOIAS,ESQ C/ R DOIS  QD 04  LTS 22/28,GO,5208707,100MG7W,NR,SA-NSA,,3350,3350,230,FB,,,760,,25,25,60,-11,X,65.75,116652103257,199.5,-16.6775,-49.25699,G,2023-10-27,2010-08-04,,3f4af5f803d10d32,2032-12-22,,,Goiânia
LIC-LIC-01,CLARO S.A.,50409889580,10,105752021,692599541,AVENIDA GOIAS,ESQ C/ R DOIS  QD 04  LTS 22/28,GO,5208707,50M0G7W,NR,SA-NSA,,2325,2325,320,FB,,,760,72202203257,23.5,25,60,-9,X,64.25,72202203257,50,-16.6775,-49.25699,G,2023-10-27,2010-08-04,,3f4af5f803d10d33,2032-12-22,,,Goiânia
LIC-LIC-01,CLARO S.A.,50409889580,10,105752021,692599541,AVENIDA GOIAS,ESQ C/ R DOIS  QD 04  LTS 22/28,GO,5208707,50M0G7W,NR,SA-NSA,,2325,2325,90,FB,,,760,72202203257,23.5,25,60,-11,X,64.25,72202203257,50,-16.6775,-49.25699,G,2023-10-27,2010-08-04,,3f4af5f803d10d34,2032-12-22,,,Goiânia
LIC-LIC-01,CLARO S.A.,50409889580,10,105752021,692599541,AVENIDA GOIAS,ESQ C/ R DOIS  QD 04  LTS 22/28,GO,5208707,50M0G7W,NR,SA-NSA,,2325,2325,230,FB,,,760,72202203257,23.5,25,60,-11,X,64.25,72202203257,50,-16.6775,-49.25699,G,2023-10-27,2010-08-04,,3f4af5f803d10d35,2032-12-22,,,Goiânia
LIC-LIC-01,CLARO S.A.,50409889580,10,105752021,695525662,R BENJAMIM LUIZ VIEIRA,QUADRA 8,GO,5208707,100MG7W,NR,SA-NSA,,3350,3350,340,FB,,,760,,23.8,25,60,-1,X,35,94692203257,263,-16.65313,-49.26851,G,2023-10-27,2011-06-08,,3f4af5f803d10d7b,2032-12-22,,,Goiânia
LIC-LIC-01,CLARO S.A.,50409889580,10,105752021,695525662,R BENJAMIM LUIZ VIEIRA,QUADRA 8,GO,5208707,100MG7W,NR,SA-NSA,,3350,3350,130,FB,,,760,,23.8,25,60,-1,X,35,94692203257,263,-16.65313,-49.26851,G,2023-10-27,2011-06-08,,3f4af5f803d10d7c,2032-12-22,,,Goiânia
LIC-LIC-01,CLARO S.A.,50409889580,10,105752021,695525662,R BENJAMIM LUIZ VIEIRA,QUADRA 8,GO,5208707,100MG7W,NR,SA-NSA,,3350,3350,270,FB,,,760,,23.8,25,60,-1,X,35,94692203257,263,-16.65313,-49.26851,G,2023-10-27,2011-06-08,,3f4af5f803d10d7d,2032-12-22,,,Goiânia
LIC-LIC-01,CLARO S.A.,50409889580,10,105752021,2829673,R DUZENTOS E DEZESSETE,QUADRA 44  LOTE 08,GO,5208707,100MG7W,NR,SA-NSA,,3350,3350,0,FB,,,760,,23.8,25,60,-3,X,38,94692203257,263,-16.6849,-49.2382,G,2023-10-27,2003-03-06,,3f4af5f803d10d8d,2032-12-22,,,Goiânia
LIC-LIC-01,CLARO S.A.,50409889580,10,105752021,2829673,R DUZENTOS E DEZESSETE,QUADRA 44  LOTE 08,GO,5208707,100MG7W,NR,SA-NSA,,3350,3350,170,FB,,,760,,23.8,25,60,-2,X,38,94692203257,263,-16.6849,-49.2382,G,2023-10-27,2003-03-06,,3f4af5f803d10d8e,2032-12-22,,,Goiânia
LIC-LIC-01,CLARO S.A.,50409889580,10,105752021,2829673,R DUZENTOS E DEZESSETE,QUADRA 44  LOTE 08,GO,5208707,100MG7W,NR,SA-NSA,,3350,3350,270,FB,,,760,,23.8,25,60,-3,X,38,94692203257,263,-16.6849,-49.2382,G,2023-10-27,2003-03-06,,3f4af5f803d10d8f,2032-12-22,,,Goiânia
LIC-LIC-01,CLARO S.A.,50409889580,10,105752021,1000786320,R VERDE C/ AV. NAZARET - QUADRA 36 A LOTE 33,,GO,5208707,100MG7W,NR,SA-NSA,,3350,3350,340,FB,,,760,,23.8,25,60,0,X,46,94692203257,41.6,-16.6218,-49.22417,G,2023-09-12,2014-11-20,,16d5f5f80387f73e,2024-02-16,,,Goiânia
LIC-LIC-01,CLARO S.A.,50409889580,10,105752021,1000786320,R VERDE C/ AV. NAZARET - QUADRA 36 A LOTE 33,,GO,5208707,100MG7W,NR,SA-NSA,,3350,3350,120,FB,,,760,,23.8,25,60,0,X,46,94692203257,41.6,-16.6218,-49.22417,G,2023-09-12,2014-11-20,,16d5f5f80387f73f,2024-02-16,,,Goiânia
LIC-LIC-01,CLARO S.A.,50409889580,10,105752021,1000786320,R VERDE C/ AV. NAZARET - QUADRA 36 A LOTE 33,,GO,5208707,100MG7W,NR,SA-NSA,,3350,3350,240,FB,,,760,,23.8,25,60,0,X,46,94692203257,41.6,-16.6218,-49.22417,G,2023-09-12,2014-11-20,,16d5f5f80387f740,2024-02-16,,,Goiânia
LIC-LIC-01,CLARO S.A.,50409889580,10,105752021,1012357136,AV MUTIRÃO,ESQUINA COM A AVENIDA 85,GO,5208707,50M0G7W,NR,SA-NSA,,2325,2325,160,FB,,,760,,17.8,26,62,0,X,25,72102203257,50,-16.70405,-49.26437,G,2024-10-22,2021-09-21,,4dc7f5f80345b044,2041-12-08,,,Goiânia
LIC-LIC-01,CLARO S.A.,50409889580,10,105752021,1012357136,AV MUTIRÃO,ESQUINA COM A AVENIDA 85,GO,5208707,50M0G7W,NR,SA-NSA,,2325,2325,320,FB,,,760,,17.8,26,62,0,X,25,72102203257,50,-16.70405,-49.26437,G,2024-10-22,2021-09-21,,4dc7f5f80345b045,2041-12-08,,,Goiânia
LIC-LIC-01,CLARO S.A.,50409889580,10,105752021,1012357136,AV MUTIRÃO,ESQUINA COM A AVENIDA 85,GO,5208707,50M0G7W,NR,SA-NSA,,2325,2325,90,FB,,,760,,17.8,26,62,0,X,25,72102203257,50,-16.70405,-49.26437,G,2024-10-22,2021-09-21,,4dc7f5f80345b046,2041-12-08,,,Goiânia
LIC-LIC-01,CLARO S.A.,50409889580,10,105752021,1012357136,AV MUTIRÃO,ESQUINA COM A AVENIDA 85,GO,5208707,100MG7W,NR,SA-NSA,,3350,3350,160,FB,,,760,,23.8,25,60,0,X,25,94692203257,263,-16.70405,-49.26437,G,2024-10-22,2021-09-21,,4dc7f5f80345b047,2041-12-08,,,Goiânia
LIC-LIC-01,CLARO S.A.,50409889580,10,105752021,1012357136,AV MUTIRÃO,ESQUINA COM A AVENIDA 85,GO,5208707,100MG7W,NR,SA-NSA,,3350,3350,320,FB,,,760,,23.8,25,60,0,X,25,94692203257,263,-16.70405,-49.26437,G,2024-10-22,2021-09-21,,4dc7f5f80345b048,2041-12-08,,,Goiânia
LIC-LIC-01,CLARO S.A.,50409889580,10,105752021,1012357136,AV MUTIRÃO,ESQUINA COM A AVENIDA 85,GO,5208707,100MG7W,NR,SA-NSA,,3350,3350,90,FB,,,760,,23.8,25,60,0,X,25,94692203257,263,-16.70405,-49.26437,G,2024-10-22,2021-09-21,,4dc7f5f80345b049,2041-12-08,,,Goiânia
LIC-LIC-01,CLARO S.A.,50409889580,10,105752021,699586690,AV PERIMETRAL NORTE ESQ COM AV GOIAS NORTE,PASSEIO DAS ÁGUAS SHOPPING,GO,5208707,50M0G7W,NR,SA-NSA,,2325,2325,0,FB,,,168,,4,0,360,0,V,5,72102203257,50,-16.63023,-49.27843,G,2025-09-11,2014-01-27,,19f9f5f8033d4c60,2041-12-08,,,Goiânia
LIC-LIC-01,CLARO S.A.,50409889580,10,105752021,699586690,AV PERIMETRAL NORTE ESQ COM AV GOIAS NORTE,PASSEIO DAS ÁGUAS SHOPPING,GO,5208707,100MG7W,NR,SA-NSA,,3350,3350,0,FB,,,168,,4,0,360,0,V,5,19252303257,0.5,-16.63023,-49.27843,E,2025-09-11,2014-01-27,,19f9f5f8033d4c61,2041-12-08,,,Goiânia
LIC-LIC-01,CLARO S.A.,50409889580,10,105752021,698126750,R F - 45 QUADRA 76  LOTE,,GO,5208707,100MG7W,NR,SA-NSA,,3350,3350,0,FB,,,760,,23.8,25,60,-1,X,33.5,94692203257,263,-16.7455,-49.31879,G,2023-11-16,2012-12-20,,4307f5f803328bad,2032-12-22,,,Goiânia
LIC-LIC-01,CLARO S.A.,50409889580,10,105752021,698126750,R F - 45 QUADRA 76  LOTE,,GO,5208707,100MG7W,NR,SA-NSA,,3350,3350,125,FB,,,760,,23.8,25,60,-1,X,33.5,94692203257,263,-16.7455,-49.31879,G,2023-11-16,2012-12-20,,4307f5f803328bae,2032-12-22,,,Goiânia
LIC-LIC-01,CLARO S.A.,50409889580,10,105752021,698126750,R F - 45 QUADRA 76  LOTE,,GO,5208707,100MG7W,NR,SA-NSA,,3350,3350,240,FB,,,760,,23.8,25,60,-1,X,33.5,94692203257,263,-16.7455,-49.31879,G,2023-11-16,2012-12-20,,4307f5f803328baf,2032-12-22,,,Goiânia
LIC-LIC-01,CLARO S.A.,50409889580,10,105752021,698154045,R BELO HORIZONTE,QD. 129  LT. 04,GO,5208707,100MG7W,NR,SA-NSA,,3350,3350,130,FB,,,760,,23.8,25,60,-3,X,30,94692203257,263,-16.62443,-49.20663,G,2023-11-16,2012-12-20,,4307f5f803328bd4,2032-12-22,,,Goiânia
LIC-LIC-01,CLARO S.A.,50409889580,10,105752021,698154045,R BELO HORIZONTE,QD. 129  LT. 04,GO,5208707,100MG7W,NR,SA-NSA,,3350,3350,220,FB,,,760,,23.8,25,60,-2,X,30,94692203257,263,-16.62443,-49.20663,G,2023-11-16,2012-12-20,,4307f5f803328bd5,2032-12-22,,,Goiânia
LIC-LIC-01,CLARO S.A.,50409889580,10,105752021,698154045,R BELO HORIZONTE,QD. 129  LT. 04,GO,5208707,100MG7W,NR,SA-NSA,,3350,3350,30,FB,,,760,,23.8,25,60,-2,X,30,94692203257,263,-16.62443,-49.20663,G,2023-11-16,2012-12-20,,4307f5f803328bd6,2032-12-22,,,Goiânia
LIC-LIC-01,CLARO S.A.,50409889580,10,105752021,1003977690,R B C/ RUA E QD  02 L 17,,GO,5208707,100MG7W,NR,SA-NSA,,3350,3350,60,FB,,,760,,24.5,25,60,0,X,40,132842203257,223.8,-16.60927,-49.22918,G,2023-11-16,2017-04-25,,4307f5f803328c2e,2032-12-22,,,Goiânia
LIC-LIC-01,CLARO S.A.,50409889580,10,105752021,1003977690,R B C/ RUA E QD  02 L 17,,GO,5208707,100MG7W,NR,SA-NSA,,3350,3350,120,FB,,,760,,24.5,25,60,-1,X,40,132842203257,223.8,-16.60927,-49.22918,G,2023-11-16,2017-04-25,,4307f5f803328c2f,2032-12-22,,,Goiânia
LIC-LIC-01,CLARO S.A.,50409889580,10,105752021,1003977690,R B C/ RUA E QD  02 L 17,,GO,5208707,100MG7W,NR,SA-NSA,,3350,3350,290,FB,,,760,,24.5,25,60,-1,X,40,132842203257,223.8,-16.60927,-49.22918,G,2023-11-16,2017-04-25,,4307f5f803328c30,2032-12-22,,,Goiânia
LIC-LIC-01,CLARO S.A.,50409889580,10,105752021,1011245636,RAM C22,,GO,5208707,100MG7W,NR,SA-NSA,,3350,3350,140,FB,,,760,,16.8,30,65,-1,X,24,229962303257,50,-16.69403,-49.29062,G,2024-09-11,2020-10-05,,4307f5f803328c5c,2041-12-08,,,Goiânia
LIC-LIC-01,CLARO S.A.,50409889580,10,105752021,1011245636,RAM C22,,GO,5208707,100MG7W,NR,SA-NSA,,3350,3350,20,FB,,,760,,16.8,30,65,-1,X,24,229962303257,50,-16.69403,-49.29062,G,2024-09-11,2020-10-05,,4307f5f803328c5d,2041-12-08,,,Goiânia
LIC-LIC-01,CLARO S.A.,50409889580,10,105752021,1011245636,RAM C22,,GO,5208707,100MG7W,NR,SA-NSA,,3350,3350,240,FB,,,760,,16.8,30,65,-1,X,24,229962303257,50,-16.69403,-49.29062,G,2024-09-11,2020-10-05,,4307f5f803328c5e,2041-12-08,,,Goiânia
LIC-LIC-01,CLARO S.A.,50409889580,10,105752021,698154355,R DR NAPOLEÃO RODRIGUES LAUREANO,QUADRA 01  LOTE 19,GO,5208707,100MG7W,NR,SA-NSA,,3350,3350,110,FB,,,760,,23.8,25,60,-1,X,39,94692203257,263,-16.61423,-49.25811,G,2023-11-16,2012-12-20,,b0d6f5f8029d4d8f,2032-12-22,,,Goiânia
LIC-LIC-01,CLARO S.A.,50409889580,10,105752021,698154355,R DR NAPOLEÃO RODRIGUES LAUREANO,QUADRA 01  LOTE 19,GO,5208707,100MG7W,NR,SA-NSA,,3350,3350,220,FB,,,760,,23.8,25,60,-1,X,39,94692203257,263,-16.61423,-49.25811,G,2023-11-16,2012-12-20,,b0d6f5f8029d4d90,2032-12-22,,,Goiânia
LIC-LIC-01,CLARO S.A.,50409889580,10,105752021,698154355,R DR NAPOLEÃO RODRIGUES LAUREANO,QUADRA 01  LOTE 19,GO,5208707,100MG7W,NR,SA-NSA,,3350,3350,330,FB,,,760,,23.8,25,60,-1,X,39,94692203257,263,-16.61423,-49.25811,G,2023-11-16,2012-12-20,,b0d6f5f8029d4d91,2032-12-22,,,Goiânia
LIC-LIC-01,CLARO S.A.,50409889580,10,105752021,1000722896,ROD BR-153,CHACARA RETIRO,GO,5208707,100MG7W,NR,SA-NSA,,3350,3350,15,FB,,,760,,23.8,25,60,-2,X,21.1,94692203257,41,-16.64716,-49.21269,G,2025-12-16,2014-11-05,,b0d6f5f8029d4dad,2041-12-08,,,Goiânia
LIC-LIC-01,CLARO S.A.,50409889580,10,105752021,1000722896,ROD BR-153,CHACARA RETIRO,GO,5208707,100MG7W,NR,SA-NSA,,3350,3350,120,FB,,,760,,23.8,25,60,0,X,21.1,94692203257,41,-16.64716,-49.21269,G,2025-12-16,2014-11-05,,b0d6f5f8029d4dae,2041-12-08,,,Goiânia
LIC-LIC-01,CLARO S.A.,50409889580,10,105752021,1000722896,ROD BR-153,CHACARA RETIRO,GO,5208707,100MG7W,NR,SA-NSA,,3350,3350,220,FB,,,760,,23.8,25,60,-4,X,21.1,94692203257,41,-16.64716,-49.21269,G,2025-12-16,2014-11-05,,b0d6f5f8029d4daf,2041-12-08,,,Goiânia
LIC-LIC-01,CLARO S.A.,50409889580,10,105752021,1012354013,AV PARANAÍBA,COM A RUA 68,GO,5208707,100MG7W,NR,SA-NSA,,3350,3350,130,FB,,,760,,24.5,25,60,-1,X,22,132842203257,223.8,-16.67047,-49.2575,G,2023-10-27,2021-09-21,,03cef5f803448448,2032-12-22,,,Goiânia
LIC-LIC-01,CLARO S.A.,50409889580,10,105752021,1012354013,AV PARANAÍBA,COM A RUA 68,GO,5208707,100MG7W,NR,SA-NSA,,3350,3350,250,FB,,,760,,24.5,25,60,-1,X,22,132842203257,223.8,-16.67047,-49.2575,G,2023-10-27,2021-09-21,,03cef5f803448449,2032-12-22,,,Goiânia
LIC-LIC-01,CLARO S.A.,50409889580,10,105752021,1012354013,AV PARANAÍBA,COM A RUA 68,GO,5208707,100MG7W,NR,SA-NSA,,3350,3350,40,FB,,,760,,24.5,25,60,-1,X,22,132842203257,223.8,-16.67047,-49.2575,G,2023-10-27,2021-09-21,,03cef5f80344844a,2032-12-22,,,Goiânia
LIC-LIC-01,CLARO S.A.,50409889580,10,105752021,1012354064,R 25,RUA 25 COM RUA T-50,GO,5208707,50M0G7W,NR,SA-NSA,,2325,2325,140,FB,,,760,72202203257,23.5,25,60,0,X,30,72202203257,50,-16.69466,-49.27048,G,2023-10-27,2021-09-21,,03cef5f80344846f,2032-12-22,,,Goiânia
LIC-LIC-01,CLARO S.A.,50409889580,10,105752021,1012354064,R 25,RUA 25 COM RUA T-50,GO,5208707,50M0G7W,NR,SA-NSA,,2325,2325,20,FB,,,760,72202203257,23.5,25,60,0,X,30,72202203257,50,-16.69466,-49.27048,G,2023-10-27,2021-09-21,,03cef5f803448470,2032-12-22,,,Goiânia
LIC-LIC-01,CLARO S.A.,50409889580,10,105752021,1012354064,R 25,RUA 25 COM RUA T-50,GO,5208707,50M0G7W,NR,SA-NSA,,2325,2325,250,FB,,,760,72202203257,23.5,25,60,0,X,30,72202203257,50,-16.69466,-49.27048,G,2023-10-27,2021-09-21,,03cef5f803448471,2032-12-22,,,Goiânia
LIC-LIC-01,CLARO S.A.,50409889580,10,105752021,1012354064,R 25,RUA 25 COM RUA T-50,GO,5208707,100MG7W,NR,SA-NSA,,3350,3350,140,FB,,,760,,24.5,25,60,-1,X,30,132842203257,223.8,-16.69466,-49.27048,G,2023-10-27,2021-09-21,,03cef5f803448472,2032-12-22,,,Goiânia
LIC-LIC-01,CLARO S.A.,50409889580,10,105752021,1012354064,R 25,RUA 25 COM RUA T-50,GO,5208707,100MG7W,NR,SA-NSA,,3350,3350,20,FB,,,760,,24.5,25,60,-1,X,30,132842203257,223.8,-16.69466,-49.27048,G,2023-10-27,2021-09-21,,03cef5f803448473,2032-12-22,,,Goiânia
LIC-LIC-01,CLARO S.A.,50409889580,10,105752021,1012354064,R 25,RUA 25 COM RUA T-50,GO,5208707,100MG7W,NR,SA-NSA,,3350,3350,250,FB,,,760,,24.5,25,60,-1,X,30,132842203257,223.8,-16.69466,-49.27048,G,2023-10-27,2021-09-21,,03cef5f803448474,2032-12-22,,,Goiânia
LIC-LIC-01,CLARO S.A.,50409889580,10,105752021,1015421471,R T 9,QD 87 LTS.22 / 23,GO,5208707,100MG7W,NR,SA-NSA,,3350,3350,10,FB,,,760,,25,25,60,0,X,23,116652103257,199.5,-16.70031,-49.26949,G,2024-09-11,2023-10-27,,03cef5f803448493,2041-12-08,,,Goiânia
LIC-LIC-01,CLARO S.A.,50409889580,10,105752021,1015421471,R T 9,QD 87 LTS.22 / 23,GO,5208707,100MG7W,NR,SA-NSA,,3350,3350,110,FB,,,760,,25,25,60,0,X,23,116652103257,199.5,-16.70031,-49.26949,G,2024-09-11,2023-10-27,,03cef5f803448494,2041-12-08,,,Goiânia
LIC-LIC-01,CLARO S.A.,50409889580,10,105752021,1015421471,R T 9,QD 87 LTS.22 / 23,GO,5208707,100MG7W,NR,SA-NSA,,3350,3350,210,FB,,,760,,25,25,60,0,X,23,116652103257,199.5,-16.70031,-49.26949,G,2024-09-11,2023-10-27,,03cef5f803448495,2041-12-08,,,Goiânia
LIC-LIC-01,CLARO S.A.,50409889580,10,105752021,1015421480,R NOVENTA,,GO,5208707,50M0G7W,NR,SA-NSA,,2325,2325,10,FB,,,760,72202203257,23.5,25,60,0,X,35.25,72202203257,50,-16.70178,-49.25308,G,2023-10-27,2023-10-27,,03cef5f8034484a5,2032-12-22,,,Goiânia
LIC-LIC-01,CLARO S.A.,50409889580,10,105752021,1015421480,R NOVENTA,,GO,5208707,50M0G7W,NR,SA-NSA,,2325,2325,100,FB,,,760,72202203257,23.5,25,60,-2,X,35.25,72202203257,50,-16.70178,-49.25308,G,2023-10-27,2023-10-27,,03cef5f8034484a6,2032-12-22,,,Goiânia
LIC-LIC-01,CLARO S.A.,50409889580,10,105752021,1015421480,R NOVENTA,,GO,5208707,50M0G7W,NR,SA-NSA,,2325,2325,260,FB,,,760,72202203257,23.5,25,60,0,X,35.25,72202203257,50,-16.70178,-49.25308,G,2023-10-27,2023-10-27,,03cef5f8034484a7,2032-12-22,,,Goiânia
LIC-LIC-01,CLARO S.A.,50409889580,10,105752021,1015421480,R NOVENTA,,GO,5208707,100MG7W,NR,SA-NSA,,3350,3350,10,FB,,,760,,25,25,60,0,X,36.75,116652103257,199.5,-16.70178,-49.25308,G,2023-10-27,2023-10-27,,03cef5f8034484a8,2032-12-22,,,Goiânia
LIC-LIC-01,CLARO S.A.,50409889580,10,105752021,1015421480,R NOVENTA,,GO,5208707,100MG7W,NR,SA-NSA,,3350,3350,100,FB,,,760,,25,25,60,-2,X,36.75,116652103257,199.5,-16.70178,-49.25308,G,2023-10-27,2023-10-27,,03cef5f8034484a9,2032-12-22,,,Goiânia
LIC-LIC-01,CLARO S.A.,50409889580,10,105752021,1015421480,R NOVENTA,,GO,5208707,100MG7W,NR,SA-NSA,,3350,3350,260,FB,,,760,,25,25,60,0,X,36.75,116652103257,199.5,-16.70178,-49.25308,G,2023-10-27,2023-10-27,,03cef5f8034484aa,2032-12-22,,,Goiânia
LIC-LIC-01,CLARO S.A.,50409889580,10,105752021,689844255,R 17-A,QUADRA 28-A  LOTE 14  ESQUINA COM RUA 13-A  (COBERTURA) - EDIFÍCIO CENTRO DE MEDICINA AMYN DAHER,GO,5208707,100MG7W,NR,SA-NSA,,3350,3350,72,FB,,,760,,25,25,60,0,X,43.75,116652103257,199.5,-16.6715,-49.267,G,2024-03-21,2007-11-29,,550085f8033fc4bf,2041-12-08,,,Goiânia
LIC-LIC-01,CLARO S.A.,50409889580,10,105752021,684897695,R ROSA MARIA,QUADRA 81 - LOTE 37,GO,5208707,100MG7W,NR,SA-NSA,,3350,3350,30,FB,,,760,,23.8,25,60,-1,X,47.5,94692203257,263,-16.6219,-49.3002,G,2023-11-03,2004-12-13,,0c2b85f803e36dab,2032-12-22,,,Goiânia
LIC-LIC-01,CLARO S.A.,50409889580,10,105752021,684897695,R ROSA MARIA,QUADRA 81 - LOTE 37,GO,5208707,100MG7W,NR,SA-NSA,,3350,3350,110,FB,,,760,,23.8,25,60,-1,X,47.5,94692203257,263,-16.6219,-49.3002,G,2023-11-03,2004-12-13,,0c2b85f803e36dac,2032-12-22,,,Goiânia
LIC-LIC-01,CLARO S.A.,50409889580,10,105752021,684897695,R ROSA MARIA,QUADRA 81 - LOTE 37,GO,5208707,100MG7W,NR,SA-NSA,,3350,3350,270,FB,,,760,,23.8,25,60,-3,X,47.5,94692203257,263,-16.6219,-49.3002,G,2023-11-03,2004-12-13,,0c2b85f803e36dad,2032-12-22,,,Goiânia
LIC-LIC-01,CLARO S.A.,50409889580,10,105752021,2900661,R TRÊS,QUADRA F - LOTE 09  SETOR MARECHAL RONDON,GO,5208707,100MG7W,NR,SA-NSA,,3350,3350,0,FB,,,760,,24.5,25,60,-1,X,30,132842203257,223.8,-16.6638,-49.2734,G,2023-11-03,2003-03-06,,0c2b85f803e36dff,2032-12-22,,,Goiânia
LIC-LIC-01,CLARO S.A.,50409889580,10,105752021,2900661,R TRÊS,QUADRA F - LOTE 09  SETOR MARECHAL RONDON,GO,5208707,100MG7W,NR,SA-NSA,,3350,3350,110,FB,,,760,,24.5,25,60,-3,X,30,132842203257,223.8,-16.6638,-49.2734,G,2023-11-03,2003-03-06,,0c2b85f803e36e00,2032-12-22,,,Goiânia
LIC-LIC-01,CLARO S.A.,50409889580,10,105752021,2900661,R TRÊS,QUADRA F - LOTE 09  SETOR MARECHAL RONDON,GO,5208707,100MG7W,NR,SA-NSA,,3350,3350,200,FB,,,760,,24.5,25,60,-2,X,30,132842203257,223.8,-16.6638,-49.2734,G,2023-11-03,2003-03-06,,0c2b85f803e36e01,2032-12-22,,,Goiânia
LIC-LIC-01,CLARO S.A.,50409889580,10,105752021,1011205162,AV AFONSO PENA,,GO,5208707,100MG7W,NR,SA-NSA,,3350,3350,30,FB,,,760,,24.5,25,60,-1,X,24,132842203257,223.8,-16.71293,-49.29729,G,2024-09-11,2020-09-23,,0c2b85f803e36e34,2041-12-08,,,Goiânia
LIC-LIC-01,CLARO S.A.,50409889580,10,105752021,1011205162,AV AFONSO PENA,,GO,5208707,100MG7W,NR,SA-NSA,,3350,3350,150,FB,,,760,,24.5,25,60,-1,X,24,132842203257,223.8,-16.71293,-49.29729,G,2024-09-11,2020-09-23,,0c2b85f803e36e35,2041-12-08,,,Goiânia
LIC-LIC-01,CLARO S.A.,50409889580,10,105752021,1011205162,AV AFONSO PENA,,GO,5208707,100MG7W,NR,SA-NSA,,3350,3350,240,FB,,,760,,24.5,25,60,-1,X,24,132842203257,223.8,-16.71293,-49.29729,G,2024-09-11,2020-09-23,,0c2b85f803e36e36,2041-12-08,,,Goiânia
LIC-LIC-01,CLARO S.A.,50409889580,10,105752021,698431561,R COMENDADOR NEGRÃO DE LIMA,CONDOMINIO PORTAL VALE DOS RIOS - EDIFICIO RIO CRISTALINO  LOTE 01 - QUADRA 10,GO,5208707,100MG7W,NR,SA-NSA,,3350,3350,60,FB,,,760,,23.8,25,60,0,X,60,94692203257,263,-16.65365,-49.24457,G,2024-09-16,2013-01-16,,0c2b85f803e36e66,2041-12-08,,,Goiânia
LIC-LIC-01,CLARO S.A.,50409889580,10,105752021,698431561,R COMENDADOR NEGRÃO DE LIMA,CONDOMINIO PORTAL VALE DOS RIOS - EDIFICIO RIO CRISTALINO  LOTE 01 - QUADRA 10,GO,5208707,100MG7W,NR,SA-NSA,,3350,3350,150,FB,,,760,,23.8,25,60,0,X,60,94692203257,263,-16.65365,-49.24457,G,2024-09-16,2013-01-16,,0c2b85f803e36e67,2041-12-08,,,Goiânia
LIC-LIC-01,CLARO S.A.,50409889580,10,105752021,698431561,R COMENDADOR NEGRÃO DE LIMA,CONDOMINIO PORTAL VALE DOS RIOS - EDIFICIO RIO CRISTALINO  LOTE 01 - QUADRA 10,GO,5208707,100MG7W,NR,SA-NSA,,3350,3350,300,FB,,,760,,23.8,25,60,0,X,60,94692203257,263,-16.65365,-49.24457,G,2024-09-16,2013-01-16,,0c2b85f803e36e68,2041-12-08,,,Goiânia
LIC-LIC-01,CLARO S.A.,50409889580,10,105752021,698120949,AV PRIMEIRA AVENIDA,QUADRA 05  LOTE 07 - EDIFÍCIO VANESSA,GO,5208707,50M0G7W,NR,SA-NSA,,2325,2325,350,FB,,,760,72202203257,23.5,25,60,0,X,42.85,72202203257,50,-16.67096,-49.24657,G,2023-11-03,2012-12-20,,0c2b85f803e36e9c,2032-12-22,,,Goiânia
LIC-LIC-01,CLARO S.A.,50409889580,10,105752021,698120949,AV PRIMEIRA AVENIDA,QUADRA 05  LOTE 07 - EDIFÍCIO VANESSA,GO,5208707,50M0G7W,NR,SA-NSA,,2325,2325,110,FB,,,760,72202203257,23.5,25,60,-4,X,42.85,72202203257,50,-16.67096,-49.24657,G,2023-11-03,2012-12-20,,0c2b85f803e36e9d,2032-12-22,,,Goiânia
LIC-LIC-01,CLARO S.A.,50409889580,10,105752021,698120949,AV PRIMEIRA AVENIDA,QUADRA 05  LOTE 07 - EDIFÍCIO VANESSA,GO,5208707,50M0G7W,NR,SA-NSA,,2325,2325,210,FB,,,760,72202203257,23.5,25,60,-1,X,42.85,72202203257,50,-16.67096,-49.24657,G,2023-11-03,2012-12-20,,0c2b85f803e36e9e,2032-12-22,,,Goiânia
LIC-LIC-01,CLARO S.A.,50409889580,10,105752021,698120949,AV PRIMEIRA AVENIDA,QUADRA 05  LOTE 07 - EDIFÍCIO VANESSA,GO,5208707,100MG7W,NR,SA-NSA,,3350,3350,350,FB,,,760,,25,25,60,0,X,44.35,116652103257,199.5,-16.67096,-49.24657,G,2023-11-03,2012-12-20,,0c2b85f803e36e9f,2032-12-22,,,Goiânia
LIC-LIC-01,CLARO S.A.,50409889580,10,105752021,698120949,AV PRIMEIRA AVENIDA,QUADRA 05  LOTE 07 - EDIFÍCIO VANESSA,GO,5208707,100MG7W,NR,SA-NSA,,3350,3350,110,FB,,,760,,25,25,60,-4,X,44.35,116652103257,199.5,-16.67096,-49.24657,G,2023-11-03,2012-12-20,,0c2b85f803e36ea0,2032-12-22,,,Goiânia
LIC-LIC-01,CLARO S.A.,50409889580,10,105752021,698120949,AV PRIMEIRA AVENIDA,QUADRA 05  LOTE 07 - EDIFÍCIO VANESSA,GO,5208707,100MG7W,NR,SA-NSA,,3350,3350,210,FB,,,760,,25,25,60,-1,X,44.35,116652103257,199.5,-16.67096,-49.24657,G,2023-11-03,2012-12-20,,0c2b85f803e36ea1,2032-12-22,,,Goiânia
LIC-LIC-01,CLARO S.A.,50409889580,10,105752021,1015438498,R C 196,QUADRA 495 LT.24,GO,5208707,100MG7W,NR,SA-NSA,,3350,3350,350,FB,,,760,,23.8,25,60,-2,X,24.5,94692203257,263,-16.69947,-49.28241,G,2024-09-20,2023-11-06,,63bd85f80356f060,2041-12-08,,,Goiânia
LIC-LIC-01,CLARO S.A.,50409889580,10,105752021,1015438498,R C 196,QUADRA 495 LT.24,GO,5208707,100MG7W,NR,SA-NSA,,3350,3350,140,FB,,,760,,23.8,25,60,0,X,24.5,94692203257,263,-16.69947,-49.28241,G,2024-09-20,2023-11-06,,63bd85f80356f061,2041-12-08,,,Goiânia
LIC-LIC-01,CLARO S.A.,50409889580,10,105752021,1015438498,R C 196,QUADRA 495 LT.24,GO,5208707,100MG7W,NR,SA-NSA,,3350,3350,230,FB,,,760,,23.8,25,60,0,X,24.5,94692203257,263,-16.69947,-49.28241,G,2024-09-20,2023-11-06,,63bd85f80356f062,2041-12-08,,,Goiânia
LIC-LIC-01,CLARO S.A.,50409889580,10,105752021,1015465150,R 71,CONDOMÍNIO MÁXIMO PARK,GO,5208707,50M0G7W,NR,SA-NSA,,2325,2325,240,FB,,,760,72202203257,23.5,25,60,-4,X,42,72202203257,50,-16.7038,-49.23485,G,2023-11-13,2023-11-13,,1b2485f803760e73,2032-12-22,,,Goiânia
LIC-LIC-01,CLARO S.A.,50409889580,10,105752021,1015465150,R 71,CONDOMÍNIO MÁXIMO PARK,GO,5208707,50M0G7W,NR,SA-NSA,,2325,2325,300,FB,,,760,72202203257,23.5,25,60,-4,X,42,72202203257,50,-16.7038,-49.23485,G,2023-11-13,2023-11-13,,1b2485f803760e74,2032-12-22,,,Goiânia
LIC-LIC-01,CLARO S.A.,50409889580,10,105752021,1015465150,R 71,CONDOMÍNIO MÁXIMO PARK,GO,5208707,50M0G7W,NR,SA-NSA,,2325,2325,60,FB,,,760,72202203257,23.5,25,60,-5,X,42,72202203257,50,-16.7038,-49.23485,G,2023-11-13,2023-11-13,,1b2485f803760e75,2032-12-22,,,Goiânia
LIC-LIC-01,CLARO S.A.,50409889580,10,105752021,1015465150,R 71,CONDOMÍNIO MÁXIMO PARK,GO,5208707,100MG7W,NR,SA-NSA,,3350,3350,240,FB,,,760,,25,25,60,-4,X,43,116652103257,199.5,-16.7038,-49.23485,G,2023-11-13,2023-11-13,,1b2485f803760e76,2032-12-22,,,Goiânia
LIC-LIC-01,CLARO S.A.,50409889580,10,105752021,1015465150,R 71,CONDOMÍNIO MÁXIMO PARK,GO,5208707,100MG7W,NR,SA-NSA,,3350,3350,300,FB,,,760,,25,25,60,-4,X,43,116652103257,199.5,-16.7038,-49.23485,G,2023-11-13,2023-11-13,,1b2485f803760e77,2032-12-22,,,Goiânia
LIC-LIC-01,CLARO S.A.,50409889580,10,105752021,1015465150,R 71,CONDOMÍNIO MÁXIMO PARK,GO,5208707,100MG7W,NR,SA-NSA,,3350,3350,60,FB,,,760,,25,25,60,-5,X,43,116652103257,199.5,-16.7038,-49.23485,G,2023-11-13,2023-11-13,,1b2485f803760e78,2032-12-22,,,Goiânia
LIC-LIC-01,CLARO S.A.,50409889580,10,105752021,1015465169,AV T- 38,,GO,5208707,100MG7W,NR,SA-NSA,,3350,3350,0,FB,,,760,,25,25,60,-1,X,63,116652103257,199.5,-16.7153,-49.26775,G,2024-10-17,2023-11-13,,1b2485f803760e8b,2041-12-08,,,Goiânia
LIC-LIC-01,CLARO S.A.,50409889580,10,105752021,1015465169,AV T- 38,,GO,5208707,100MG7W,NR,SA-NSA,,3350,3350,180,FB,,,760,,25,25,60,0,X,63,116652103257,199.5,-16.7153,-49.26775,G,2024-10-17,2023-11-13,,1b2485f803760e8c,2041-12-08,,,Goiânia
LIC-LIC-01,CLARO S.A.,50409889580,10,105752021,1015465169,AV T- 38,,GO,5208707,100MG7W,NR,SA-NSA,,3350,3350,90,FB,,,760,,25,25,60,0,X,63,116652103257,199.5,-16.7153,-49.26775,G,2024-10-17,2023-11-13,,1b2485f803760e8d,2041-12-08,,,Goiânia
LIC-LIC-01,CLARO S.A.,50409889580,10,105752021,692239758,R ONZE,GOIÂNIA CORPORATE FINANCIAL CENTER - CEF - 14º E 15º A,GO,5208707,50M0G7W,NR,SA-NSA,,2325,2325,0,FB,,,168,,4,10,360,0,V,15.5,72102203257,50,-16.6775,-49.26464,G,2023-12-01,2010-03-12,,493ed5f8032e3eee,2027-07-02,,,Goiânia
LIC-LIC-01,CLARO S.A.,50409889580,10,105752021,1015566658,RUA C,RESIDENCIAL BRISAS DA SERRA,GO,5208707,100MG7W,NR,SA-NSA,,3350,3350,90,FB,,,760,,23.8,25,60,-2,X,40,94692203257,263,-16.71784,-49.27601,G,2024-11-06,2023-12-28,,682ed5f80344e7dc,2041-12-08,,,Goiânia
LIC-LIC-01,CLARO S.A.,50409889580,10,105752021,1015566658,RUA C,RESIDENCIAL BRISAS DA SERRA,GO,5208707,100MG7W,NR,SA-NSA,,3350,3350,160,FB,,,760,,23.8,25,60,0,X,40,94692203257,263,-16.71784,-49.27601,G,2024-11-06,2023-12-28,,682ed5f80344e7dd,2041-12-08,,,Goiânia
LIC-LIC-01,CLARO S.A.,50409889580,10,105752021,1015566658,RUA C,RESIDENCIAL BRISAS DA SERRA,GO,5208707,100MG7W,NR,SA-NSA,,3350,3350,270,FB,,,760,,23.8,25,60,-2,X,40,94692203257,263,-16.71784,-49.27601,G,2024-11-06,2023-12-28,,682ed5f80344e7de,2041-12-08,,,Goiânia
LIC-LIC-01,CLARO S.A.,50409889580,10,105752021,1015566666,R P 4,C/ ALAMEDA P-2  QUADRA -70  LOTE 12,GO,5208707,50M0G7W,NR,SA-NSA,,2325,2325,130,FB,,,760,72202203257,23.5,25,60,-2,X,40,72202203257,50,-16.67544,-49.27672,G,2024-08-28,2023-12-28,,7e28d5f803baa4d4,2041-12-08,,,Goiânia
LIC-LIC-01,CLARO S.A.,50409889580,10,105752021,1015566666,R P 4,C/ ALAMEDA P-2  QUADRA -70  LOTE 12,GO,5208707,50M0G7W,NR,SA-NSA,,2325,2325,250,FB,,,760,72202203257,23.5,25,60,-2,X,40,72202203257,50,-16.67544,-49.27672,G,2024-08-28,2023-12-28,,7e28d5f803baa4d5,2041-12-08,,,Goiânia
LIC-LIC-01,CLARO S.A.,50409889580,10,105752021,1015566666,R P 4,C/ ALAMEDA P-2  QUADRA -70  LOTE 12,GO,5208707,50M0G7W,NR,SA-NSA,,2325,2325,60,FB,,,760,72202203257,23.5,25,60,-2,X,40,72202203257,50,-16.67544,-49.27672,G,2024-08-28,2023-12-28,,7e28d5f803baa4d6,2041-12-08,,,Goiânia
LIC-LIC-01,CLARO S.A.,50409889580,10,105752021,1015566666,R P 4,C/ ALAMEDA P-2  QUADRA -70  LOTE 12,GO,5208707,100MG7W,NR,SA-NSA,,3350,3350,130,FB,,,760,,25,25,60,-2,X,40,116652103257,199.5,-16.67544,-49.27672,G,2024-08-28,2023-12-28,,7e28d5f803baa4d7,2041-12-08,,,Goiânia
LIC-LIC-01,CLARO S.A.,50409889580,10,105752021,1015566666,R P 4,C/ ALAMEDA P-2  QUADRA -70  LOTE 12,GO,5208707,100MG7W,NR,SA-NSA,,3350,3350,250,FB,,,760,,25,25,60,-2,X,40,116652103257,199.5,-16.67544,-49.27672,G,2024-08-28,2023-12-28,,7e28d5f803baa4d8,2041-12-08,,,Goiânia
LIC-LIC-01,CLARO S.A.,50409889580,10,105752021,1015566666,R P 4,C/ ALAMEDA P-2  QUADRA -70  LOTE 12,GO,5208707,100MG7W,NR,SA-NSA,,3350,3350,60,FB,,,760,,25,25,60,-2,X,40,116652103257,199.5,-16.67544,-49.27672,G,2024-08-28,2023-12-28,,7e28d5f803baa4d9,2041-12-08,,,Goiânia
LIC-LIC-01,CLARO S.A.,50409889580,10,105752021,692518606,R RIO DA PRATA,FAZENDA PETRÓPOLIS OU RETIRO,GO,5208707,100MG7W,NR,SA-NSA,,3350,3350,120,FB,,,760,,23.8,25,60,-1,X,30,94692203257,263,-16.63803,-49.182,G,2024-01-30,2010-08-04,,7c08d5f8037904cd,2041-12-08,,,Goiânia
LIC-LIC-01,CLARO S.A.,50409889580,10,105752021,692518606,R RIO DA PRATA,FAZENDA PETRÓPOLIS OU RETIRO,GO,5208707,100MG7W,NR,SA-NSA,,3350,3350,210,FB,,,760,,23.8,25,60,-4,X,30,94692203257,263,-16.63803,-49.182,G,2024-01-30,2010-08-04,,7c08d5f8037904ce,2041-12-08,,,Goiânia
LIC-LIC-01,CLARO S.A.,50409889580,10,105752021,692518606,R RIO DA PRATA,FAZENDA PETRÓPOLIS OU RETIRO,GO,5208707,100MG7W,NR,SA-NSA,,3350,3350,290,FB,,,760,,23.8,25,60,-1,X,30,94692203257,263,-16.63803,-49.182,G,2024-01-30,2010-08-04,,7c08d5f8037904cf,2041-12-08,,,Goiânia
LIC-LIC-01,CLARO S.A.,50409889580,10,105752021,1012640601,R GERCI LUIZ DA SILVA  QD. 06  LT. 03,LT 3 QD 6,GO,5208707,100MG7W,NR,SA-NSA,,3350,3350,320,FB,,,760,,24.5,25,60,0,X,24,132842203257,223.8,-16.59296,-49.20526,G,2024-05-22,2021-12-03,,7c08d5f8037904d9,2041-12-08,,,Goiânia
LIC-LIC-01,CLARO S.A.,50409889580,10,105752021,1012640601,R GERCI LUIZ DA SILVA  QD. 06  LT. 03,LT 3 QD 6,GO,5208707,100MG7W,NR,SA-NSA,,3350,3350,50,FB,,,760,,24.5,25,60,0,X,24,132842203257,223.8,-16.59296,-49.20526,G,2024-05-22,2021-12-03,,7c08d5f8037904da,2041-12-08,,,Goiânia
LIC-LIC-01,CLARO S.A.,50409889580,10,105752021,1012640601,R GERCI LUIZ DA SILVA  QD. 06  LT. 03,LT 3 QD 6,GO,5208707,100MG7W,NR,SA-NSA,,3350,3350,235,FB,,,760,,24.5,25,60,0,X,24,132842203257,223.8,-16.59296,-49.20526,G,2024-05-22,2021-12-03,,7c08d5f8037904db,2041-12-08,,,Goiânia
LIC-LIC-01,CLARO S.A.,50409889580,10,105752021,1003366268,R RP3 QD P.3 LT 02,,GO,5208707,100MG7W,NR,SA-NSA,,3350,3350,190,FB,,,760,,23.8,25,60,0,X,40,94692203257,263,-16.62792,-49.30739,G,2024-03-06,2016-10-26,,0197e5f80d86b493,2041-12-08,,,Goiânia
LIC-LIC-01,CLARO S.A.,50409889580,10,105752021,1003366268,R RP3 QD P.3 LT 02,,GO,5208707,100MG7W,NR,SA-NSA,,3350,3350,270,FB,,,760,,23.8,25,60,-1,X,40,94692203257,263,-16.62792,-49.30739,G,2024-03-06,2016-10-26,,0197e5f80d86b494,2041-12-08,,,Goiânia
LIC-LIC-01,CLARO S.A.,50409889580,10,105752021,1003366268,R RP3 QD P.3 LT 02,,GO,5208707,100MG7W,NR,SA-NSA,,3350,3350,60,FB,,,760,,23.8,25,60,0,X,40,94692203257,263,-16.62792,-49.30739,G,2024-03-06,2016-10-26,,0197e5f80d86b495,2041-12-08,,,Goiânia
LIC-LIC-01,CLARO S.A.,50409889580,10,105752021,1015684812,R T 036,,GO,5208707,100MG7W,NR,SA-NSA,,3350,3350,40,FB,,,760,,24.5,25,60,-2,X,18,132842203257,3.55,-16.71039,-49.26487,E,2026-01-07,2024-03-06,,57b9e5f821846d28,2041-12-08,,,Goiânia
LIC-LIC-01,CLARO S.A.,50409889580,10,105752021,1015684812,R T 036,,GO,5208707,100MG7W,NR,SA-NSA,,3350,3350,190,FB,,,760,,24.5,25,60,-2,X,18,132842203257,3.55,-16.71039,-49.26487,E,2026-01-07,2024-03-06,,57b9e5f821846d29,2041-12-08,,,Goiânia
LIC-LIC-01,CLARO S.A.,50409889580,10,105752021,1015684812,R T 036,,GO,5208707,100MG7W,NR,SA-NSA,,3350,3350,260,FB,,,760,,24.5,25,60,-2,X,18,132842203257,3.55,-16.71039,-49.26487,E,2026-01-07,2024-03-06,,57b9e5f821846d2a,2041-12-08,,,Goiânia
LIC-LIC-01,CLARO S.A.,50409889580,10,105752021,1015734208,AVENIDA T-13,CORA ALTO DO BUENO,GO,5208707,100MG7W,NR,SA-NSA,,3350,3350,330,FB,,,760,,23.8,25,60,5,X,108,94692203257,199.5,-16.71895,-49.26598,G,2025-05-22,2024-04-02,,9bc2e5f801efd522,2041-12-08,,,Goiânia
LIC-LIC-01,CLARO S.A.,50409889580,10,105752021,1015734208,AVENIDA T-13,CORA ALTO DO BUENO,GO,5208707,100MG7W,NR,SA-NSA,,3350,3350,150,FB,,,760,,23.8,25,60,5,X,108,94692203257,199.5,-16.71895,-49.26598,G,2025-05-22,2024-04-02,,9bc2e5f801efd523,2041-12-08,,,Goiânia
LIC-LIC-01,CLARO S.A.,50409889580,10,105752021,1015734208,AVENIDA T-13,CORA ALTO DO BUENO,GO,5208707,100MG7W,NR,SA-NSA,,3350,3350,240,FB,,,760,,23.8,25,60,6,X,108,94692203257,199.5,-16.71895,-49.26598,G,2025-05-22,2024-04-02,,9bc2e5f801efd524,2041-12-08,,,Goiânia
LIC-LIC-01,CLARO S.A.,50409889580,10,105752021,1015734216,AV T 2,QUADRA 7960  QD.107  LT. 3,GO,5208707,100MG7W,NR,SA-NSA,,3350,3350,110,FB,,,760,,24.5,25,60,2,X,35.5,132842203257,223.8,-16.70578,-49.27033,G,2025-08-12,2024-04-02,,9bc2e5f801efd537,2041-12-08,,,Goiânia
LIC-LIC-01,CLARO S.A.,50409889580,10,105752021,1015734216,AV T 2,QUADRA 7960  QD.107  LT. 3,GO,5208707,100MG7W,NR,SA-NSA,,3350,3350,240,FB,,,760,,24.5,25,60,2,X,35.5,132842203257,223.8,-16.70578,-49.27033,G,2025-08-12,2024-04-02,,9bc2e5f801efd538,2041-12-08,,,Goiânia
LIC-LIC-01,CLARO S.A.,50409889580,10,105752021,1015734216,AV T 2,QUADRA 7960  QD.107  LT. 3,GO,5208707,100MG7W,NR,SA-NSA,,3350,3350,30,FB,,,760,,24.5,25,60,2,X,35.5,132842203257,223.8,-16.70578,-49.27033,G,2025-08-12,2024-04-02,,9bc2e5f801efd539,2041-12-08,,,Goiânia
LIC-LIC-01,CLARO S.A.,50409889580,10,105752021,1015784035,RUA BENJAMIM CONSTANT,QD. 04 LT. 6/14,GO,5208707,100MG7W,NR,SA-NSA,,3350,3350,40,FB,,,760,,23.8,25,60,0,X,25,94692203257,199.5,-16.7291,-49.23196,G,2025-08-25,2024-05-02,,3856e5f843ad58b2,2041-12-08,,,Goiânia
LIC-LIC-01,CLARO S.A.,50409889580,10,105752021,1015784035,RUA BENJAMIM CONSTANT,QD. 04 LT. 6/14,GO,5208707,100MG7W,NR,SA-NSA,,3350,3350,120,FB,,,760,,23.8,25,60,1,X,25,94692203257,199.5,-16.7291,-49.23196,G,2025-08-25,2024-05-02,,3856e5f843ad58b3,2041-12-08,,,Goiânia
LIC-LIC-01,CLARO S.A.,50409889580,10,105752021,1015784035,RUA BENJAMIM CONSTANT,QD. 04 LT. 6/14,GO,5208707,100MG7W,NR,SA-NSA,,3350,3350,260,FB,,,760,,23.8,25,60,1,X,25,94692203257,199.5,-16.7291,-49.23196,G,2025-08-25,2024-05-02,,3856e5f843ad58b4,2041-12-08,,,Goiânia
LIC-LIC-01,CLARO S.A.,50409889580,10,105752021,1001504876,R DO OURO,QD. 40  LT. 23,GO,5208707,100MG7W,NR,SA-NSA,,3350,3350,320,FB,,,760,,23.8,25,60,-1,X,40,94692203257,41,-16.62954,-49.2455,G,2025-12-16,2015-04-24,,3856e5f84771184c,2041-12-08,,,Goiânia
LIC-LIC-01,CLARO S.A.,50409889580,10,105752021,1001504876,R DO OURO,QD. 40  LT. 23,GO,5208707,100MG7W,NR,SA-NSA,,3350,3350,110,FB,,,760,,23.8,25,60,-4,X,40,94692203257,41,-16.62954,-49.2455,G,2025-12-16,2015-04-24,,3856e5f84771184d,2041-12-08,,,Goiânia
LIC-LIC-01,CLARO S.A.,50409889580,10,105752021,1001504876,R DO OURO,QD. 40  LT. 23,GO,5208707,100MG7W,NR,SA-NSA,,3350,3350,220,FB,,,760,,23.8,25,60,-7,X,40,94692203257,41,-16.62954,-49.2455,G,2025-12-16,2015-04-24,,3856e5f84771184e,2041-12-08,,,Goiânia
LIC-LIC-01,CLARO S.A.,50409889580,10,105752021,1005961155,AVENIDA MILÃO,,GO,5208707,100MG7W,NR,SA-NSA,,3350,3350,0,FB,,,760,,25,25,60,0,X,63,116652103257,199.5,-16.70951,-49.32698,G,2024-05-08,2018-03-23,,3856e5f866634368,2041-12-08,,,Goiânia
LIC-LIC-01,CLARO S.A.,50409889580,10,105752021,1005961155,AVENIDA MILÃO,,GO,5208707,100MG7W,NR,SA-NSA,,3350,3350,110,FB,,,760,,25,25,60,0,X,63,116652103257,199.5,-16.70951,-49.32698,G,2024-05-08,2018-03-23,,3856e5f866634369,2041-12-08,,,Goiânia
LIC-LIC-01,CLARO S.A.,50409889580,10,105752021,1005961155,AVENIDA MILÃO,,GO,5208707,100MG7W,NR,SA-NSA,,3350,3350,240,FB,,,760,,25,25,60,0,X,63,116652103257,199.5,-16.70951,-49.32698,G,2024-05-08,2018-03-23,,3856e5f86663436a,2041-12-08,,,Goiânia
LIC-LIC-01,CLARO S.A.,50409889580,10,105752021,1012353955,PRAÇA C,COM AV T 9,GO,5208707,100MG7W,NR,SA-NSA,,3350,3350,10,FB,,,760,,24.5,25,60,-1,X,21.5,132842203257,223.8,-16.70841,-49.28235,G,2024-05-27,2021-09-21,,3856e5f88fd98a93,2041-12-08,,,Goiânia
LIC-LIC-01,CLARO S.A.,50409889580,10,105752021,1012353955,PRAÇA C,COM AV T 9,GO,5208707,100MG7W,NR,SA-NSA,,3350,3350,130,FB,,,760,,24.5,25,60,-1,X,21.5,132842203257,223.8,-16.70841,-49.28235,G,2024-05-27,2021-09-21,,3856e5f88fd98a94,2041-12-08,,,Goiânia
LIC-LIC-01,CLARO S.A.,50409889580,10,105752021,1012353955,PRAÇA C,COM AV T 9,GO,5208707,100MG7W,NR,SA-NSA,,3350,3350,230,FB,,,760,,24.5,25,60,-1,X,21.5,132842203257,223.8,-16.70841,-49.28235,G,2024-05-27,2021-09-21,,3856e5f88fd98a95,2041-12-08,,,Goiânia
LIC-LIC-01,CLARO S.A.,50409889580,10,105752021,1012353939,RUA 21,RUA F21,GO,5208707,100MG7W,NR,SA-NSA,,3350,3350,30,FB,,,760,,23.8,25,60,0,X,25,94692203257,263,-16.73469,-49.31074,G,2024-05-27,2021-09-21,,3856e5f88fd98a9d,2041-12-08,,,Goiânia
LIC-LIC-01,CLARO S.A.,50409889580,10,105752021,1012353939,RUA 21,RUA F21,GO,5208707,100MG7W,NR,SA-NSA,,3350,3350,140,FB,,,760,,23.8,25,60,0,X,25,94692203257,263,-16.73469,-49.31074,G,2024-05-27,2021-09-21,,3856e5f88fd98a9e,2041-12-08,,,Goiânia
LIC-LIC-01,CLARO S.A.,50409889580,10,105752021,1012353939,RUA 21,RUA F21,GO,5208707,100MG7W,NR,SA-NSA,,3350,3350,250,FB,,,760,,23.8,25,60,0,X,25,94692203257,263,-16.73469,-49.31074,G,2024-05-27,2021-09-21,,3856e5f88fd98a9f,2041-12-08,,,Goiânia
LIC-LIC-01,CLARO S.A.,50409889580,10,105752021,692373861,AV PIO XII,VINTE  QUADRA E  LOTE 1  COM RUA DOS MISSIONÁRIOS E RUA PAULO VI,GO,5208707,100MG7W,NR,SA-NSA,,3350,3350,60,FB,,,760,,23.8,25,60,-1,X,32.5,94692203257,263,-16.6725,-49.30556,G,2024-06-05,2010-05-18,,9f133648b992b168,2041-12-08,,,Goiânia
LIC-LIC-01,CLARO S.A.,50409889580,10,105752021,692373861,AV PIO XII,VINTE  QUADRA E  LOTE 1  COM RUA DOS MISSIONÁRIOS E RUA PAULO VI,GO,5208707,100MG7W,NR,SA-NSA,,3350,3350,170,FB,,,760,,23.8,25,60,-1,X,32.5,94692203257,263,-16.6725,-49.30556,G,2024-06-05,2010-05-18,,9f133648b992b169,2041-12-08,,,Goiânia
LIC-LIC-01,CLARO S.A.,50409889580,10,105752021,692373861,AV PIO XII,VINTE  QUADRA E  LOTE 1  COM RUA DOS MISSIONÁRIOS E RUA PAULO VI,GO,5208707,100MG7W,NR,SA-NSA,,3350,3350,290,FB,,,760,,23.8,25,60,-1,X,32.5,94692203257,263,-16.6725,-49.30556,G,2024-06-05,2010-05-18,,9f133648b992b16a,2041-12-08,,,Goiânia
LIC-LIC-01,CLARO S.A.,50409889580,10,105752021,1001967167,R SOL POENTE  QUADRA 42  LOTE 21,,GO,5208707,100MG7W,NR,SA-NSA,,3350,3350,340,FB,,,760,,23.8,25,60,-1,X,44,94692203257,263,-16.6283,-49.32546,G,2024-06-05,2015-09-21,,9f133648e17197a5,2041-12-08,,,Goiânia
LIC-LIC-01,CLARO S.A.,50409889580,10,105752021,1001967167,R SOL POENTE  QUADRA 42  LOTE 21,,GO,5208707,100MG7W,NR,SA-NSA,,3350,3350,75,FB,,,760,,23.8,25,60,-4,X,45,94692203257,263,-16.6283,-49.32546,G,2024-06-05,2015-09-21,,9f133648e17197a6,2041-12-08,,,Goiânia
LIC-LIC-01,CLARO S.A.,50409889580,10,105752021,1001967167,R SOL POENTE  QUADRA 42  LOTE 21,,GO,5208707,100MG7W,NR,SA-NSA,,3350,3350,250,FB,,,760,,23.8,25,60,-3,X,51,94692203257,263,-16.6283,-49.32546,G,2024-06-05,2015-09-21,,9f133648e17197a7,2041-12-08,,,Goiânia
LIC-LIC-01,CLARO S.A.,50409889580,10,105752021,686160398,R FRANÇA,QUADRA 10  LOTE 03,GO,5208707,100MG7W,NR,SA-NSA,,3350,3350,130,FB,,,760,,23.8,25,60,0,X,50,94692203257,263,-16.6952,-49.2261,G,2024-06-10,2005-03-04,,9f133648b8567849,2041-12-08,,,Goiânia
LIC-LIC-01,CLARO S.A.,50409889580,10,105752021,686160398,R FRANÇA,QUADRA 10  LOTE 03,GO,5208707,100MG7W,NR,SA-NSA,,3350,3350,230,FB,,,760,,23.8,25,60,0,X,50,94692203257,263,-16.6952,-49.2261,G,2024-06-10,2005-03-04,,9f133648b856784a,2041-12-08,,,Goiânia
LIC-LIC-01,CLARO S.A.,50409889580,10,105752021,686160398,R FRANÇA,QUADRA 10  LOTE 03,GO,5208707,100MG7W,NR,SA-NSA,,3350,3350,355,FB,,,760,,23.8,25,60,0,X,50,94692203257,263,-16.6952,-49.2261,G,2024-06-10,2005-03-04,,9f133648b856784b,2041-12-08,,,Goiânia
LIC-LIC-01,CLARO S.A.,50409889580,10,105752021,689090390,R C-167,QUADRA 379  LOTES 13 E 14  EDIFÍCIO RESIDENCIAL MONT CARRARA,GO,5208707,100MG7W,NR,SA-NSA,,3350,3350,110,FB,,,760,,23.8,25,60,0,X,42,94692203257,263,-16.7188,-49.2842,G,2024-06-10,2007-03-21,,9f133648b8567870,2041-12-08,,,Goiânia
LIC-LIC-01,CLARO S.A.,50409889580,10,105752021,689090390,R C-167,QUADRA 379  LOTES 13 E 14  EDIFÍCIO RESIDENCIAL MONT CARRARA,GO,5208707,100MG7W,NR,SA-NSA,,3350,3350,240,FB,,,760,,23.8,25,60,0,X,42,94692203257,263,-16.7188,-49.2842,G,2024-06-10,2007-03-21,,9f133648b8567871,2041-12-08,,,Goiânia
LIC-LIC-01,CLARO S.A.,50409889580,10,105752021,689090390,R C-167,QUADRA 379  LOTES 13 E 14  EDIFÍCIO RESIDENCIAL MONT CARRARA,GO,5208707,100MG7W,NR,SA-NSA,,3350,3350,350,FB,,,760,,23.8,25,60,0,X,42,94692203257,263,-16.7188,-49.2842,G,2024-06-10,2007-03-21,,9f133648b8567872,2041-12-08,,,Goiânia
LIC-LIC-01,CLARO S.A.,50409889580,10,105752021,1008311968,AV ANHANGUERA,SHOPPING CERRADO,GO,5208707,100MG7W,NR,SA-NSA,,3350,3350,0,FB,,,168,,23,0,360,0,X,1.5,229962303257,50,-16.66636,-49.30855,G,2024-06-10,2019-03-27,,9f133648d22b30c6,2041-12-08,,,Goiânia
LIC-LIC-01,CLARO S.A.,50409889580,10,105752021,1008311968,AV ANHANGUERA,SHOPPING CERRADO,GO,5208707,50M0G7W,NR,SA-NSA,,2325,2325,0,FB,,,168,,4,10,360,0,V,1.5,72102203257,50,-16.66636,-49.30855,G,2024-06-10,2019-03-27,,9f133648d22b30d1,2041-12-08,,,Goiânia
LIC-LIC-01,CLARO S.A.,50409889580,10,105752021,691089116,R NOVE,SHOPPING BOUGANVILLE,GO,5208707,100MG7W,NR,SA-NSA,,3350,3350,0,FB,,,168,,23,0,360,0,X,5,229962303257,50,-16.6954,-49.2655,G,2024-06-10,2009-02-09,,9f133648dcda840f,2041-12-08,,,Goiânia
LIC-LIC-01,CLARO S.A.,50409889580,10,105752021,691089116,R NOVE,SHOPPING BOUGANVILLE,GO,5208707,50M0G7W,NR,SA-NSA,,2325,2325,0,FB,,,168,,4,10,360,0,V,5,72102203257,50,-16.6954,-49.2655,G,2024-06-10,2009-02-09,,9f133648dcda8416,2041-12-08,,,Goiânia
LIC-LIC-01,CLARO S.A.,50409889580,10,105752021,1010230597,AV MUTIRAO,,GO,5208707,100MG7W,NR,SA-NSA,,3350,3350,0,FB,,,168,,23,0,360,0,X,3,229962303257,50,-16.69706,-49.2696,G,2024-06-10,2020-04-13,,9f133648dcda8419,2041-12-08,,,Goiânia
LIC-LIC-01,CLARO S.A.,50409889580,10,105752021,1000722578,R RUA DO INVERNO  QD.21  LT.02,,GO,5208707,100MG7W,NR,SA-NSA,,3350,3350,190,FB,,,760,,23.8,25,60,0,X,41,94692203257,263,-16.69511,-49.33685,G,2024-06-10,2014-11-05,,9f133648202a3d61,2041-12-08,,,Goiânia
LIC-LIC-01,CLARO S.A.,50409889580,10,105752021,1000722578,R RUA DO INVERNO  QD.21  LT.02,,GO,5208707,100MG7W,NR,SA-NSA,,3350,3350,280,FB,,,760,,23.8,25,60,-1,X,41,94692203257,263,-16.69511,-49.33685,G,2024-06-10,2014-11-05,,9f133648202a3d62,2041-12-08,,,Goiânia
LIC-LIC-01,CLARO S.A.,50409889580,10,105752021,1000722578,R RUA DO INVERNO  QD.21  LT.02,,GO,5208707,100MG7W,NR,SA-NSA,,3350,3350,80,FB,,,760,,23.8,25,60,-1,X,41,94692203257,263,-16.69511,-49.33685,G,2024-06-10,2014-11-05,,9f133648202a3d63,2041-12-08,,,Goiânia
LIC-LIC-01,CLARO S.A.,50409889580,10,105752021,1000722772,R RUA MARIA DE LOURDES  QUADRA 44 LOTE 24,,GO,5208707,100MG7W,NR,SA-NSA,,3350,3350,180,FB,,,760,,23.8,25,60,0,X,41,94692203257,263,-16.73714,-49.21764,G,2024-06-10,2014-11-05,,9f133648202a3d8b,2041-12-08,,,Goiânia
LIC-LIC-01,CLARO S.A.,50409889580,10,105752021,1000722772,R RUA MARIA DE LOURDES  QUADRA 44 LOTE 24,,GO,5208707,100MG7W,NR,SA-NSA,,3350,3350,230,FB,,,760,,23.8,25,60,0,X,41,94692203257,263,-16.73714,-49.21764,G,2024-06-10,2014-11-05,,9f133648202a3d8c,2041-12-08,,,Goiânia
LIC-LIC-01,CLARO S.A.,50409889580,10,105752021,1000722772,R RUA MARIA DE LOURDES  QUADRA 44 LOTE 24,,GO,5208707,100MG7W,NR,SA-NSA,,3350,3350,60,FB,,,760,,23.8,25,60,0,X,41,94692203257,263,-16.73714,-49.21764,G,2024-06-10,2014-11-05,,9f133648202a3d8d,2041-12-08,,,Goiânia
LIC-LIC-01,CLARO S.A.,50409889580,10,105752021,1006604291,R CRUZ DE MALTA,QD 05 LOTE 12,GO,5208707,100MG7W,NR,SA-NSA,,3350,3350,180,FB,,,760,,23.8,25,60,0,X,34.5,94692203257,263,-16.65573,-49.34234,G,2024-10-22,2018-05-14,,9f133648202a3daf,2041-12-08,,,Goiânia
LIC-LIC-01,CLARO S.A.,50409889580,10,105752021,1006604291,R CRUZ DE MALTA,QD 05 LOTE 12,GO,5208707,100MG7W,NR,SA-NSA,,3350,3350,340,FB,,,760,,23.8,25,60,0,X,34.5,94692203257,263,-16.65573,-49.34234,G,2024-10-22,2018-05-14,,9f133648202a3db0,2041-12-08,,,Goiânia
LIC-LIC-01,CLARO S.A.,50409889580,10,105752021,1006604291,R CRUZ DE MALTA,QD 05 LOTE 12,GO,5208707,100MG7W,NR,SA-NSA,,3350,3350,90,FB,,,760,,23.8,25,60,0,X,34.5,94692203257,263,-16.65573,-49.34234,G,2024-10-22,2018-05-14,,9f133648202a3db1,2041-12-08,,,Goiânia
LIC-LIC-01,CLARO S.A.,50409889580,10,105752021,686123883,R TEOTÔNIO VILELA,QUADRA R-6  LOTE 26,GO,5208707,100MG7W,NR,SA-NSA,,3350,3350,170,FB,,,760,,23.8,25,60,0,X,51,94692203257,263,-16.6141,-49.355,G,2024-06-10,2005-01-27,,9f133648202a3dde,2041-12-08,,,Goiânia
LIC-LIC-01,CLARO S.A.,50409889580,10,105752021,686123883,R TEOTÔNIO VILELA,QUADRA R-6  LOTE 26,GO,5208707,100MG7W,NR,SA-NSA,,3350,3350,330,FB,,,760,,23.8,25,60,-2,X,51,94692203257,263,-16.6141,-49.355,G,2024-06-10,2005-01-27,,9f133648202a3ddf,2041-12-08,,,Goiânia
LIC-LIC-01,CLARO S.A.,50409889580,10,105752021,686123883,R TEOTÔNIO VILELA,QUADRA R-6  LOTE 26,GO,5208707,100MG7W,NR,SA-NSA,,3350,3350,60,FB,,,760,,23.8,25,60,0,X,51,94692203257,263,-16.6141,-49.355,G,2024-06-10,2005-01-27,,9f133648202a3de0,2041-12-08,,,Goiânia
LIC-LIC-01,CLARO S.A.,50409889580,10,105752021,1011286138,R Y,,GO,5208707,100MG7W,NR,SA-NSA,,3350,3350,0,FB,,,760,,15,26,65,0,X,25,229962303257,50,-16.66702,-49.2289,G,2024-06-10,2020-10-16,,9f133648202a3e05,2041-12-08,,,Goiânia
LIC-LIC-01,CLARO S.A.,50409889580,10,105752021,1011286138,R Y,,GO,5208707,100MG7W,NR,SA-NSA,,3350,3350,120,FB,,,760,,15,26,65,0,X,25,229962303257,50,-16.66702,-49.2289,G,2024-06-10,2020-10-16,,9f133648202a3e06,2041-12-08,,,Goiânia
LIC-LIC-01,CLARO S.A.,50409889580,10,105752021,1011286138,R Y,,GO,5208707,100MG7W,NR,SA-NSA,,3350,3350,240,FB,,,760,,15,26,65,0,X,25,229962303257,50,-16.66702,-49.2289,G,2024-06-10,2020-10-16,,9f133648202a3e07,2041-12-08,,,Goiânia
LIC-LIC-01,CLARO S.A.,50409889580,10,105752021,693136308,AV DONA FLORINDA,QUADRA 03,GO,5208707,100MG7W,NR,SA-NSA,,3350,3350,10,FB,,,760,,23.8,25,60,0,X,50,94692203257,263,-16.70481,-49.37306,G,2024-06-10,2011-01-31,,9f1336482b2c8685,2041-12-08,,,Goiânia
LIC-LIC-01,CLARO S.A.,50409889580,10,105752021,693136308,AV DONA FLORINDA,QUADRA 03,GO,5208707,100MG7W,NR,SA-NSA,,3350,3350,140,FB,,,760,,23.8,25,60,0,X,50,94692203257,263,-16.70481,-49.37306,G,2024-06-10,2011-01-31,,9f1336482b2c8686,2041-12-08,,,Goiânia
LIC-LIC-01,CLARO S.A.,50409889580,10,105752021,693136308,AV DONA FLORINDA,QUADRA 03,GO,5208707,100MG7W,NR,SA-NSA,,3350,3350,230,FB,,,760,,23.8,25,60,0,X,50,94692203257,263,-16.70481,-49.37306,G,2024-06-10,2011-01-31,,9f1336482b2c8687,2041-12-08,,,Goiânia
LIC-LIC-01,CLARO S.A.,50409889580,10,105752021,2900661,R TRÊS,QUADRA F - LOTE 09  SETOR MARECHAL RONDON,GO,5208707,100MG7W,NR,SA-NSA,,3350,3350,0,FB,,,760,,24.5,25,60,-1,X,30,132842203257,223.8,-16.6638,-49.2734,G,2023-11-21,2003-03-06,,2ba5f5f802f6fd27,2041-12-08,,,Goiânia
LIC-LIC-01,CLARO S.A.,50409889580,10,105752021,2900661,R TRÊS,QUADRA F - LOTE 09  SETOR MARECHAL RONDON,GO,5208707,100MG7W,NR,SA-NSA,,3350,3350,110,FB,,,760,,24.5,25,60,-3,X,30,132842203257,223.8,-16.6638,-49.2734,G,2023-11-21,2003-03-06,,2ba5f5f802f6fd28,2041-12-08,,,Goiânia
LIC-LIC-01,CLARO S.A.,50409889580,10,105752021,2900661,R TRÊS,QUADRA F - LOTE 09  SETOR MARECHAL RONDON,GO,5208707,100MG7W,NR,SA-NSA,,3350,3350,200,FB,,,760,,24.5,25,60,-2,X,30,132842203257,223.8,-16.6638,-49.2734,G,2023-11-21,2003-03-06,,2ba5f5f802f6fd29,2041-12-08,,,Goiânia
LIC-LIC-01,CLARO S.A.,50409889580,10,105752021,1003366268,R RP3 QD P.3 LT 02,0,GO,5208707,100MG7W,NR,SA-NSA,,3350,3350,190,FB,,,760,,23.8,25,60,0,X,40,94692203257,263,-16.62792,-49.30739,G,2023-11-21,2016-10-26,,2ba5f5f802f6fdcd,2041-12-08,,,Goiânia
LIC-LIC-01,CLARO S.A.,50409889580,10,105752021,1003366268,R RP3 QD P.3 LT 02,0,GO,5208707,100MG7W,NR,SA-NSA,,3350,3350,270,FB,,,760,,23.8,25,60,-1,X,40,94692203257,263,-16.62792,-49.30739,G,2023-11-21,2016-10-26,,2ba5f5f802f6fdce,2041-12-08,,,Goiânia
LIC-LIC-01,CLARO S.A.,50409889580,10,105752021,1003366268,R RP3 QD P.3 LT 02,0,GO,5208707,100MG7W,NR,SA-NSA,,3350,3350,60,FB,,,760,,23.8,25,60,0,X,40,94692203257,263,-16.62792,-49.30739,G,2023-11-21,2016-10-26,,2ba5f5f802f6fdcf,2041-12-08,,,Goiânia
LIC-LIC-01,CLARO S.A.,50409889580,10,105752021,695228609,RUA SC-9,C/ SC-34  QD 30,GO,5208707,100MG7W,NR,SA-NSA,,3350,3350,340,FB,,,760,,23.8,25,60,-1,X,40,94692203257,263,-16.59583,-49.34738,G,2024-06-18,2011-02-28,,9f13364805925e6b,2041-12-08,,,Goiânia
LIC-LIC-01,CLARO S.A.,50409889580,10,105752021,695228609,RUA SC-9,C/ SC-34  QD 30,GO,5208707,100MG7W,NR,SA-NSA,,3350,3350,140,FB,,,760,,23.8,25,60,-1,X,40,94692203257,263,-16.59583,-49.34738,G,2024-06-18,2011-02-28,,9f13364805925e6c,2041-12-08,,,Goiânia
LIC-LIC-01,CLARO S.A.,50409889580,10,105752021,695228609,RUA SC-9,C/ SC-34  QD 30,GO,5208707,100MG7W,NR,SA-NSA,,3350,3350,240,FB,,,760,,23.8,25,60,-1,X,40,94692203257,263,-16.59583,-49.34738,G,2024-06-18,2011-02-28,,9f13364805925e6d,2041-12-08,,,Goiânia
LIC-LIC-01,CLARO S.A.,50409889580,10,105752021,698333969,R DOM JOAQUIM SILVÉRIO SOUZA,QUADRA 41  LOTE 10,GO,5208707,100MG7W,NR,SA-NSA,,3350,3350,10,FB,,,760,,23.8,25,60,-1,X,30,94692203257,263,-16.65162,-49.18953,G,2024-06-18,2012-12-20,,9f13364805c1242b,2041-12-08,,,Goiânia
LIC-LIC-01,CLARO S.A.,50409889580,10,105752021,698333969,R DOM JOAQUIM SILVÉRIO SOUZA,QUADRA 41  LOTE 10,GO,5208707,100MG7W,NR,SA-NSA,,3350,3350,140,FB,,,760,,23.8,25,60,-1,X,30,94692203257,263,-16.65162,-49.18953,G,2024-06-18,2012-12-20,,9f13364805c1242c,2041-12-08,,,Goiânia
LIC-LIC-01,CLARO S.A.,50409889580,10,105752021,698333969,R DOM JOAQUIM SILVÉRIO SOUZA,QUADRA 41  LOTE 10,GO,5208707,100MG7W,NR,SA-NSA,,3350,3350,260,FB,,,760,,23.8,25,60,-1,X,30,94692203257,263,-16.65162,-49.18953,G,2024-06-18,2012-12-20,,9f13364805c1242d,2041-12-08,,,Goiânia
LIC-LIC-01,CLARO S.A.,50409889580,10,105752021,692485198,R VINTE E UM DE ABRIL,COM AVENIDA 9 DE JULHO  S/N  QUADRA 10  LOTE 13  CHÁCARA 13,GO,5208707,100MG7W,NR,SA-NSA,,3350,3350,10,FB,,,760,,23.8,25,60,0,X,44.5,94692203257,263,-16.59723,-49.31518,G,2024-06-18,2010-07-12,,9f13364805c1244a,2041-12-08,,,Goiânia
LIC-LIC-01,CLARO S.A.,50409889580,10,105752021,692485198,R VINTE E UM DE ABRIL,COM AVENIDA 9 DE JULHO  S/N  QUADRA 10  LOTE 13  CHÁCARA 13,GO,5208707,100MG7W,NR,SA-NSA,,3350,3350,150,FB,,,760,,23.8,25,60,0,X,44.5,94692203257,263,-16.59723,-49.31518,G,2024-06-18,2010-07-12,,9f13364805c1244b,2041-12-08,,,Goiânia
LIC-LIC-01,CLARO S.A.,50409889580,10,105752021,692485198,R VINTE E UM DE ABRIL,COM AVENIDA 9 DE JULHO  S/N  QUADRA 10  LOTE 13  CHÁCARA 13,GO,5208707,100MG7W,NR,SA-NSA,,3350,3350,240,FB,,,760,,23.8,25,60,0,X,44.5,94692203257,263,-16.59723,-49.31518,G,2024-06-18,2010-07-12,,9f13364805c1244c,2041-12-08,,,Goiânia
LIC-LIC-01,CLARO S.A.,50409889580,10,105752021,693182032,R JC 3,CHÁCARA 7B,GO,5208707,100MG7W,NR,SA-NSA,,3350,3350,180,FB,,,760,,23.8,25,60,-1,X,38,94692203257,263,-16.61038,-49.34154,G,2024-06-18,2011-01-31,,9f13364805c12474,2041-12-08,,,Goiânia
LIC-LIC-01,CLARO S.A.,50409889580,10,105752021,693182032,R JC 3,CHÁCARA 7B,GO,5208707,100MG7W,NR,SA-NSA,,3350,3350,330,FB,,,760,,23.8,25,60,0,X,38,94692203257,263,-16.61038,-49.34154,G,2024-06-18,2011-01-31,,9f13364805c12475,2041-12-08,,,Goiânia
LIC-LIC-01,CLARO S.A.,50409889580,10,105752021,693182032,R JC 3,CHÁCARA 7B,GO,5208707,100MG7W,NR,SA-NSA,,3350,3350,60,FB,,,760,,23.8,25,60,-2,X,38,94692203257,263,-16.61038,-49.34154,G,2024-06-18,2011-01-31,,9f13364805c12476,2041-12-08,,,Goiânia
LIC-LIC-01,CLARO S.A.,50409889580,10,105752021,695711040,R DA REPUBLICA,COM A RUA SÃO JOÃO  QUADRA 12  LOTE 13,GO,5208707,100MG7W,NR,SA-NSA,,3350,3350,170,FB,,,760,,23.8,25,60,0,X,40,94692203257,263,-16.71888,-49.2235,G,2024-06-25,2011-08-24,,9f1336481a23040b,2041-12-08,,,Goiânia
LIC-LIC-01,CLARO S.A.,50409889580,10,105752021,695711040,R DA REPUBLICA,COM A RUA SÃO JOÃO  QUADRA 12  LOTE 13,GO,5208707,100MG7W,NR,SA-NSA,,3350,3350,250,FB,,,760,,23.8,25,60,0,X,40,94692203257,263,-16.71888,-49.2235,G,2024-06-25,2011-08-24,,9f1336481a23040c,2041-12-08,,,Goiânia
LIC-LIC-01,CLARO S.A.,50409889580,10,105752021,695711040,R DA REPUBLICA,COM A RUA SÃO JOÃO  QUADRA 12  LOTE 13,GO,5208707,100MG7W,NR,SA-NSA,,3350,3350,30,FB,,,760,,23.8,25,60,-2,X,40,94692203257,263,-16.71888,-49.2235,G,2024-06-25,2011-08-24,,9f1336481a23040d,2041-12-08,,,Goiânia
LIC-LIC-01,CLARO S.A.,50409889580,10,105752021,2853230,R DAS AMÉRICAS,QUADRA 23  LOTE 12,GO,5208707,100MG7W,NR,SA-NSA,,3350,3350,110,FB,,,760,,23.8,25,60,0,X,42,94692203257,263,-16.7257,-49.2182,G,2024-06-25,2003-03-06,,9f1336481a230431,2041-12-08,,,Goiânia
LIC-LIC-01,CLARO S.A.,50409889580,10,105752021,2853230,R DAS AMÉRICAS,QUADRA 23  LOTE 12,GO,5208707,100MG7W,NR,SA-NSA,,3350,3350,20,FB,,,760,,23.8,25,60,0,X,42,94692203257,263,-16.7257,-49.2182,G,2024-06-25,2003-03-06,,9f1336481a230432,2041-12-08,,,Goiânia
LIC-LIC-01,CLARO S.A.,50409889580,10,105752021,2853230,R DAS AMÉRICAS,QUADRA 23  LOTE 12,GO,5208707,100MG7W,NR,SA-NSA,,3350,3350,200,FB,,,760,,23.8,25,60,-1,X,42,94692203257,263,-16.7257,-49.2182,G,2024-06-25,2003-03-06,,9f1336481a230433,2041-12-08,,,Goiânia
LIC-LIC-01,CLARO S.A.,50409889580,10,105752021,689844263,PC LIBERDADE,QUADRA 80  LOTE 26 AO LADO DA MADEIREIRA AMAZONAS,GO,5208707,100MG7W,NR,SA-NSA,,3350,3350,100,FB,,,760,,23.8,25,60,-7,X,40,94692203257,263,-16.7507,-49.3352,G,2024-06-25,2007-11-29,,9f1336481a230455,2041-12-08,,,Goiânia
LIC-LIC-01,CLARO S.A.,50409889580,10,105752021,689844263,PC LIBERDADE,QUADRA 80  LOTE 26 AO LADO DA MADEIREIRA AMAZONAS,GO,5208707,100MG7W,NR,SA-NSA,,3350,3350,220,FB,,,760,,23.8,25,60,-3,X,40,94692203257,263,-16.7507,-49.3352,G,2024-06-25,2007-11-29,,9f1336481a230456,2041-12-08,,,Goiânia
LIC-LIC-01,CLARO S.A.,50409889580,10,105752021,689844263,PC LIBERDADE,QUADRA 80  LOTE 26 AO LADO DA MADEIREIRA AMAZONAS,GO,5208707,100MG7W,NR,SA-NSA,,3350,3350,345,FB,,,760,,23.8,25,60,-3,X,40,94692203257,263,-16.7507,-49.3352,G,2024-06-25,2007-11-29,,9f1336481a230457,2041-12-08,,,Goiânia
LIC-LIC-01,CLARO S.A.,50409889580,10,105752021,689718349,R J,QUADRA 30  LOTE 07 ESQUINA COM RUA 13,GO,5208707,100MG7W,NR,SA-NSA,,3350,3350,0,FB,,,760,,23.8,25,60,0,X,36.5,94692203257,263,-16.6576,-49.2818,G,2024-06-25,2007-10-30,,9f1336481a23047f,2041-12-08,,,Goiânia
LIC-LIC-01,CLARO S.A.,50409889580,10,105752021,689718349,R J,QUADRA 30  LOTE 07 ESQUINA COM RUA 13,GO,5208707,100MG7W,NR,SA-NSA,,3350,3350,260,FB,,,760,,23.8,25,60,0,X,36.5,94692203257,263,-16.6576,-49.2818,G,2024-06-25,2007-10-30,,9f1336481a230480,2041-12-08,,,Goiânia
LIC-LIC-01,CLARO S.A.,50409889580,10,105752021,689718349,R J,QUADRA 30  LOTE 07 ESQUINA COM RUA 13,GO,5208707,100MG7W,NR,SA-NSA,,3350,3350,90,FB,,,760,,23.8,25,60,0,X,36.5,94692203257,263,-16.6576,-49.2818,G,2024-06-25,2007-10-30,,9f1336481a230481,2041-12-08,,,Goiânia
LIC-LIC-01,CLARO S.A.,50409889580,10,105752021,698126971,EST 110,,GO,5208707,100MG7W,NR,SA-NSA,,3350,3350,120,FB,,,760,,23.8,25,60,0,X,41,94692203257,263,-16.63757,-49.35235,G,2024-07-30,2012-12-20,,c29a3648923a4c0d,2041-12-08,,,Goiânia
LIC-LIC-01,CLARO S.A.,50409889580,10,105752021,698126971,EST 110,,GO,5208707,100MG7W,NR,SA-NSA,,3350,3350,210,FB,,,760,,23.8,25,60,0,X,41,94692203257,263,-16.63757,-49.35235,G,2024-07-30,2012-12-20,,c29a3648923a4c0e,2041-12-08,,,Goiânia
LIC-LIC-01,CLARO S.A.,50409889580,10,105752021,698126971,EST 110,,GO,5208707,100MG7W,NR,SA-NSA,,3350,3350,30,FB,,,760,,23.8,25,60,0,X,45,94692203257,263,-16.63757,-49.35235,G,2024-07-30,2012-12-20,,c29a3648923a4c0f,2041-12-08,,,Goiânia
LIC-LIC-01,CLARO S.A.,50409889580,10,105752021,688471625,RUA QUARENTA E QUATRO,ARAGUAIA SHOPPING,GO,5208707,100MG7W,NR,SA-NSA,,3350,3350,0,FB,,,168,,4,0,360,0,V,5,135082303257,0.5012,-16.659,-49.2595,E,2024-09-03,2006-08-02,,162b0ae802460573,2041-12-08,,,Goiânia
LIC-LIC-01,CLARO S.A.,50409889580,10,105752021,1016043322,R QUINZE,,GO,5208707,50M0G7W,NR,SA-NSA,,2325,2325,140,FB,,,760,72202203257,23.5,25,60,-3,X,42,72202203257,50,-16.70309,-49.23947,G,2024-08-22,2024-08-22,,01ef3648fc9fbf9f,2041-12-08,,,Goiânia
LIC-LIC-01,CLARO S.A.,50409889580,10,105752021,1016043322,R QUINZE,,GO,5208707,50M0G7W,NR,SA-NSA,,2325,2325,260,FB,,,760,72202203257,23.5,25,60,-3,X,42,72202203257,50,-16.70309,-49.23947,G,2024-08-22,2024-08-22,,01ef3648fc9fbfa0,2041-12-08,,,Goiânia
LIC-LIC-01,CLARO S.A.,50409889580,10,105752021,1016043322,R QUINZE,,GO,5208707,50M0G7W,NR,SA-NSA,,2325,2325,340,FB,,,760,72202203257,23.5,25,60,-3,X,42,72202203257,50,-16.70309,-49.23947,G,2024-08-22,2024-08-22,,01ef3648fc9fbfa1,2041-12-08,,,Goiânia
LIC-LIC-01,CLARO S.A.,50409889580,10,105752021,1016043322,R QUINZE,,GO,5208707,100MG7W,NR,SA-NSA,,3350,3350,140,FB,,,760,,25,25,60,-3,X,43,116652103257,199.5,-16.70309,-49.23947,G,2024-08-22,2024-08-22,,01ef3648fc9fbfa2,2041-12-08,,,Goiânia
LIC-LIC-01,CLARO S.A.,50409889580,10,105752021,1016043322,R QUINZE,,GO,5208707,100MG7W,NR,SA-NSA,,3350,3350,260,FB,,,760,,25,25,60,-3,X,43,116652103257,199.5,-16.70309,-49.23947,G,2024-08-22,2024-08-22,,01ef3648fc9fbfa3,2041-12-08,,,Goiânia
LIC-LIC-01,CLARO S.A.,50409889580,10,105752021,1016043322,R QUINZE,,GO,5208707,100MG7W,NR,SA-NSA,,3350,3350,340,FB,,,760,,25,25,60,-3,X,43,116652103257,199.5,-16.70309,-49.23947,G,2024-08-22,2024-08-22,,01ef3648fc9fbfa4,2041-12-08,,,Goiânia
LIC-LIC-01,CLARO S.A.,50409889580,10,105752021,686210530,AV T-10,GOIÂNIA SHOPPING,GO,5208707,100MG7W,NR,SA-NSA,,3350,3350,0,FB,,,168,,4,0,360,0,V,5,135082303257,0.5012,-16.7076,-49.2732,E,2024-09-17,2005-03-23,,b91b4ae8037fdfcb,2041-12-08,,,Goiânia
LIC-LIC-01,CLARO S.A.,50409889580,10,105752021,698333985,RUA GUAJÁ,QUADRA 35  LOTE 08,GO,5208707,100MG7W,NR,SA-NSA,,3350,3350,15,FB,,,760,,23.8,25,60,0,X,41.5,94692203257,263,-16.73369,-49.29838,G,2024-09-11,2012-12-20,,4ab44ae80325fac5,2041-12-08,,,Goiânia
LIC-LIC-01,CLARO S.A.,50409889580,10,105752021,698333985,RUA GUAJÁ,QUADRA 35  LOTE 08,GO,5208707,100MG7W,NR,SA-NSA,,3350,3350,115,FB,,,760,,23.8,25,60,-2,X,41.5,94692203257,263,-16.73369,-49.29838,G,2024-09-11,2012-12-20,,4ab44ae80325fac6,2041-12-08,,,Goiânia
LIC-LIC-01,CLARO S.A.,50409889580,10,105752021,698333985,RUA GUAJÁ,QUADRA 35  LOTE 08,GO,5208707,100MG7W,NR,SA-NSA,,3350,3350,235,FB,,,760,,23.8,25,60,-1,X,41.5,94692203257,263,-16.73369,-49.29838,G,2024-09-11,2012-12-20,,4ab44ae80325fac7,2041-12-08,,,Goiânia
LIC-LIC-01,CLARO S.A.,50409889580,10,105752021,685031810,R DUZENTOS E VINTE E SEIS,QUADRA 21  LOTE 06,GO,5208707,100MG7W,NR,SA-NSA,,3350,3350,60,FB,,,760,,24.5,25,60,0,X,26,132842203257,223.8,-16.6666,-49.2469,G,2024-09-11,2007-11-29,,4ab44ae803512a3b,2041-12-08,,,Goiânia
LIC-LIC-01,CLARO S.A.,50409889580,10,105752021,1000722799,R CB-3,QUADRA 03 LOTE 03,GO,5208707,100MG7W,NR,SA-NSA,,3350,3350,100,FB,,,760,,23.8,25,60,-2,X,41,94692203257,263,-16.69623,-49.20388,G,2024-09-16,2014-11-05,,d2f16ae803df0b62,2041-12-08,,,Goiânia
LIC-LIC-01,CLARO S.A.,50409889580,10,105752021,1000722799,R CB-3,QUADRA 03 LOTE 03,GO,5208707,100MG7W,NR,SA-NSA,,3350,3350,210,FB,,,760,,23.8,25,60,-4,X,41,94692203257,263,-16.69623,-49.20388,G,2024-09-16,2014-11-05,,d2f16ae803df0b63,2041-12-08,,,Goiânia
LIC-LIC-01,CLARO S.A.,50409889580,10,105752021,1000722799,R CB-3,QUADRA 03 LOTE 03,GO,5208707,100MG7W,NR,SA-NSA,,3350,3350,350,FB,,,760,,23.8,25,60,-2,X,41,94692203257,263,-16.69623,-49.20388,G,2024-09-16,2014-11-05,,d2f16ae803df0b64,2041-12-08,,,Goiânia
LIC-LIC-01,CLARO S.A.,50409889580,10,105752021,695226606,R RPS-03,QUADRA 02 LOTE 17,GO,5208707,100MG7W,NR,SA-NSA,,3350,3350,60,FB,,,760,,23.8,25,60,-1,X,40,94692203257,263,-16.71062,-49.33382,G,2024-09-18,2011-02-28,,755c6ae802ba6d89,2041-12-08,,,Goiânia
LIC-LIC-01,CLARO S.A.,50409889580,10,105752021,695226606,R RPS-03,QUADRA 02 LOTE 17,GO,5208707,100MG7W,NR,SA-NSA,,3350,3350,190,FB,,,760,,23.8,25,60,-1,X,40,94692203257,263,-16.71062,-49.33382,G,2024-09-18,2011-02-28,,755c6ae802ba6d8a,2041-12-08,,,Goiânia
LIC-LIC-01,CLARO S.A.,50409889580,10,105752021,695226606,R RPS-03,QUADRA 02 LOTE 17,GO,5208707,100MG7W,NR,SA-NSA,,3350,3350,210,FB,,,760,,23.8,25,60,-1,X,40,94692203257,263,-16.71062,-49.33382,G,2024-09-18,2011-02-28,,755c6ae802ba6d8b,2041-12-08,,,Goiânia
LIC-LIC-01,CLARO S.A.,50409889580,10,105752021,1012354021,R 70,QUADRA 126 - LOTE 58/60,GO,5208707,100MG7W,NR,SA-NSA,,3350,3350,110,FB,,,760,,15,26,65,3,X,72,229962303257,50,-16.66584,-49.25976,G,2025-08-12,2021-09-21,,755c6ae802cf428c,2041-12-08,,,Goiânia
LIC-LIC-01,CLARO S.A.,50409889580,10,105752021,1012354021,R 70,QUADRA 126 - LOTE 58/60,GO,5208707,100MG7W,NR,SA-NSA,,3350,3350,220,FB,,,760,,15,26,65,3,X,72,229962303257,50,-16.66584,-49.25976,G,2025-08-12,2021-09-21,,755c6ae802cf428d,2041-12-08,,,Goiânia
LIC-LIC-01,CLARO S.A.,50409889580,10,105752021,1012354021,R 70,QUADRA 126 - LOTE 58/60,GO,5208707,100MG7W,NR,SA-NSA,,3350,3350,340,FB,,,760,,15,26,65,3,X,72,229962303257,50,-16.66584,-49.25976,G,2025-08-12,2021-09-21,,755c6ae802cf428e,2041-12-08,,,Goiânia
LIC-LIC-01,CLARO S.A.,50409889580,10,105752021,692518878,AV RIO VERMELHO,QUADRA 30,GO,5208707,100MG7W,NR,SA-NSA,,3350,3350,260,FB,,,760,,23.8,25,60,0,X,45,94692203257,263,-16.78409,-49.36327,G,2024-10-16,2010-08-04,,07b43af8020c9bae,2041-12-08,,,Goiânia
LIC-LIC-01,CLARO S.A.,50409889580,10,105752021,692518878,AV RIO VERMELHO,QUADRA 30,GO,5208707,100MG7W,NR,SA-NSA,,3350,3350,350,FB,,,760,,23.8,25,60,0,X,45,94692203257,263,-16.78409,-49.36327,G,2024-10-16,2010-08-04,,07b43af8020c9baf,2041-12-08,,,Goiânia
LIC-LIC-01,CLARO S.A.,50409889580,10,105752021,692518878,AV RIO VERMELHO,QUADRA 30,GO,5208707,100MG7W,NR,SA-NSA,,3350,3350,80,FB,,,760,,23.8,25,60,0,X,45,94692203257,263,-16.78409,-49.36327,G,2024-10-16,2010-08-04,,07b43af8020c9bb0,2041-12-08,,,Goiânia
LIC-LIC-01,CLARO S.A.,50409889580,10,105752021,1007736620,R RB 17  QUADRA 46  LOTE 101,,GO,5208707,100MG7W,NR,SA-NSA,,3350,3350,240,FB,,,760,,23.8,25,60,0,X,42,94692203257,263,-16.60505,-49.30322,G,2024-10-16,2018-12-13,,07b43af8020c9c3f,2041-12-08,,,Goiânia
LIC-LIC-01,CLARO S.A.,50409889580,10,105752021,1007736620,R RB 17  QUADRA 46  LOTE 101,,GO,5208707,100MG7W,NR,SA-NSA,,3350,3350,310,FB,,,760,,23.8,25,60,0,X,42,94692203257,263,-16.60505,-49.30322,G,2024-10-16,2018-12-13,,07b43af8020c9c40,2041-12-08,,,Goiânia
LIC-LIC-01,CLARO S.A.,50409889580,10,105752021,1007736620,R RB 17  QUADRA 46  LOTE 101,,GO,5208707,100MG7W,NR,SA-NSA,,3350,3350,95,FB,,,760,,23.8,25,60,0,X,42,94692203257,263,-16.60505,-49.30322,G,2024-10-16,2018-12-13,,07b43af8020c9c41,2041-12-08,,,Goiânia
LIC-LIC-01,CLARO S.A.,50409889580,10,105752021,1016356380,R C152,,GO,5208707,100MG7W,NR,SA-NSA,,3350,3350,60,FB,,,760,,16.8,30,65,-2,X,44,229962303257,50,-16.71269,-49.28144,G,2024-12-13,2024-12-13,,186a3af8027b85ad,2041-12-08,,,Goiânia
LIC-LIC-01,CLARO S.A.,50409889580,10,105752021,1016356380,R C152,,GO,5208707,100MG7W,NR,SA-NSA,,3350,3350,170,FB,,,760,,16.8,30,65,-2,X,44,229962303257,50,-16.71269,-49.28144,G,2024-12-13,2024-12-13,,186a3af8027b85ae,2041-12-08,,,Goiânia
LIC-LIC-01,CLARO S.A.,50409889580,10,105752021,1016356380,R C152,,GO,5208707,100MG7W,NR,SA-NSA,,3350,3350,290,FB,,,760,,16.8,30,65,-2,X,44,229962303257,50,-16.71269,-49.28144,G,2024-12-13,2024-12-13,,186a3af8027b85af,2041-12-08,,,Goiânia
LIC-LIC-01,CLARO S.A.,50409889580,10,105752021,1016374647,AV PORTUGAL,,GO,5208707,100MG7W,NR,SA-NSA,,3350,3350,45,FB,,,760,,16.8,30,65,-2,X,62,229962303257,50,-16.68907,-49.26998,G,2024-12-23,2024-12-23,,42153af803d8d966,2041-12-08,,,Goiânia
LIC-LIC-01,CLARO S.A.,50409889580,10,105752021,1016374647,AV PORTUGAL,,GO,5208707,100MG7W,NR,SA-NSA,,3350,3350,200,FB,,,760,,16.8,30,65,-2,X,62,229962303257,50,-16.68907,-49.26998,G,2024-12-23,2024-12-23,,42153af803d8d967,2041-12-08,,,Goiânia
LIC-LIC-01,CLARO S.A.,50409889580,10,105752021,1016374647,AV PORTUGAL,,GO,5208707,100MG7W,NR,SA-NSA,,3350,3350,290,FB,,,760,,16.8,30,65,-2,X,62,229962303257,50,-16.68907,-49.26998,G,2024-12-23,2024-12-23,,42153af803d8d968,2041-12-08,,,Goiânia
LIC-LIC-01,CLARO S.A.,50409889580,10,105752021,1016392599,R DR. MOACIR CICERO DE SÁ,,GO,5208707,100MG7W,NR,SA-NSA,,3350,3350,110,FB,,,760,,23.8,25,60,-1,X,36.5,94692203257,263,-16.71634,-49.36676,G,2025-01-08,2025-01-08,,6b663af80273746e,2041-12-08,,,Goiânia
LIC-LIC-01,CLARO S.A.,50409889580,10,105752021,1016392599,R DR. MOACIR CICERO DE SÁ,,GO,5208707,100MG7W,NR,SA-NSA,,3350,3350,20,FB,,,760,,23.8,25,60,-2,X,36.5,94692203257,263,-16.71634,-49.36676,G,2025-01-08,2025-01-08,,6b663af80273746f,2041-12-08,,,Goiânia
LIC-LIC-01,CLARO S.A.,50409889580,10,105752021,1016392599,R DR. MOACIR CICERO DE SÁ,,GO,5208707,100MG7W,NR,SA-NSA,,3350,3350,200,FB,,,760,,23.8,25,60,0,X,36.5,94692203257,263,-16.71634,-49.36676,G,2025-01-08,2025-01-08,,6b663af802737470,2041-12-08,,,Goiânia
LIC-LIC-01,CLARO S.A.,50409889580,10,105752021,1016495916,R AV. ANTÔNIO BARBOSA,,GO,5208707,100MG7W,NR,SA-NSA,,3350,3350,20,FB,,,760,,23.8,25,60,-2,X,40,94692203257,263,-16.59193,-49.26868,G,2025-02-21,2025-02-21,54.2,b2903be8023881ef,2041-12-08,,,Goiânia
LIC-LIC-01,CLARO S.A.,50409889580,10,105752021,1016495916,R AV. ANTÔNIO BARBOSA,,GO,5208707,100MG7W,NR,SA-NSA,,3350,3350,200,FB,,,760,,23.8,25,60,-2,X,40,94692203257,263,-16.59193,-49.26868,G,2025-02-21,2025-02-21,54.2,b2903be8023881f0,2041-12-08,,,Goiânia
LIC-LIC-01,CLARO S.A.,50409889580,10,105752021,1016495916,R AV. ANTÔNIO BARBOSA,,GO,5208707,100MG7W,NR,SA-NSA,,3350,3350,290,FB,,,760,,23.8,25,60,-2,X,40,94692203257,263,-16.59193,-49.26868,G,2025-02-21,2025-02-21,54.2,b2903be8023881f1,2041-12-08,,,Goiânia
LIC-LIC-01,CLARO S.A.,50409889580,10,105752021,1016495924,R ENGENHEIRO CORREIA LIMA,LT 1 A QD B,GO,5208707,100MG7W,NR,SA-NSA,,3350,3350,20,FB,,,760,,25,25,60,2,X,30,116652103257,199.5,-16.70222,-49.31799,G,2025-04-10,2025-02-21,,b2903be8023881f5,2041-12-08,,,Goiânia
LIC-LIC-01,CLARO S.A.,50409889580,10,105752021,1016495924,R ENGENHEIRO CORREIA LIMA,LT 1 A QD B,GO,5208707,100MG7W,NR,SA-NSA,,3350,3350,140,FB,,,760,,25,25,60,2,X,30,116652103257,199.5,-16.70222,-49.31799,G,2025-04-10,2025-02-21,,b2903be8023881f6,2041-12-08,,,Goiânia
LIC-LIC-01,CLARO S.A.,50409889580,10,105752021,1016495924,R ENGENHEIRO CORREIA LIMA,LT 1 A QD B,GO,5208707,100MG7W,NR,SA-NSA,,3350,3350,290,FB,,,760,,25,25,60,2,X,30,116652103257,199.5,-16.70222,-49.31799,G,2025-04-10,2025-02-21,,b2903be8023881f7,2041-12-08,,,Goiânia
LIC-LIC-01,CLARO S.A.,50409889580,10,105752021,1016495932,R ESPIRITO SANTO QD 61 LT 22,,GO,5208707,100MG7W,NR,SA-NSA,,3350,3350,250,FB,,,760,,23.8,25,60,-2,X,40,94692203257,263,-16.64134,-49.2678,G,2025-02-21,2025-02-21,54.2,b2903be8023881fb,2041-12-08,,,Goiânia
LIC-LIC-01,CLARO S.A.,50409889580,10,105752021,1016495932,R ESPIRITO SANTO QD 61 LT 22,,GO,5208707,100MG7W,NR,SA-NSA,,3350,3350,340,FB,,,760,,23.8,25,60,-2,X,40,94692203257,263,-16.64134,-49.2678,G,2025-02-21,2025-02-21,54.2,b2903be8023881fc,2041-12-08,,,Goiânia
LIC-LIC-01,CLARO S.A.,50409889580,10,105752021,1016495932,R ESPIRITO SANTO QD 61 LT 22,,GO,5208707,100MG7W,NR,SA-NSA,,3350,3350,70,FB,,,760,,23.8,25,60,-2,X,40,94692203257,263,-16.64134,-49.2678,G,2025-02-21,2025-02-21,54.2,b2903be8023881fd,2041-12-08,,,Goiânia
LIC-LIC-01,CLARO S.A.,50409889580,10,105752021,1016495940,R RIVIERA,ESQUINA COM A RUA LA PAZ  QUADRA 216A  LOTE 30,GO,5208707,100MG7W,NR,SA-NSA,,3350,3350,100,FB,,,760,,23.8,25,60,-2,X,40,94692203257,263,-16.66789,-49.21988,G,2025-02-21,2025-02-21,54.2,b2903be802388201,2041-12-08,,,Goiânia
LIC-LIC-01,CLARO S.A.,50409889580,10,105752021,1016495940,R RIVIERA,ESQUINA COM A RUA LA PAZ  QUADRA 216A  LOTE 30,GO,5208707,100MG7W,NR,SA-NSA,,3350,3350,250,FB,,,760,,23.8,25,60,0,X,40,94692203257,263,-16.66789,-49.21988,G,2025-02-21,2025-02-21,54.2,b2903be802388202,2041-12-08,,,Goiânia
LIC-LIC-01,CLARO S.A.,50409889580,10,105752021,1016495940,R RIVIERA,ESQUINA COM A RUA LA PAZ  QUADRA 216A  LOTE 30,GO,5208707,100MG7W,NR,SA-NSA,,3350,3350,340,FB,,,760,,23.8,25,60,-2,X,40,94692203257,263,-16.66789,-49.21988,G,2025-02-21,2025-02-21,54.2,b2903be802388203,2041-12-08,,,Goiânia
LIC-LIC-01,CLARO S.A.,50409889580,10,105752021,1016495959,R TRINDADE,,GO,5208707,100MG7W,NR,SA-NSA,,3350,3350,150,FB,,,760,,23.8,25,60,0,X,35,94692203257,263,-16.66064,-49.34061,G,2025-02-21,2025-02-21,54.2,b2903be80238820a,2041-12-08,,,Goiânia
LIC-LIC-01,CLARO S.A.,50409889580,10,105752021,1016495959,R TRINDADE,,GO,5208707,100MG7W,NR,SA-NSA,,3350,3350,270,FB,,,760,,23.8,25,60,0,X,35,94692203257,263,-16.66064,-49.34061,G,2025-02-21,2025-02-21,54.2,b2903be80238820b,2041-12-08,,,Goiânia
LIC-LIC-01,CLARO S.A.,50409889580,10,105752021,1016495959,R TRINDADE,,GO,5208707,100MG7W,NR,SA-NSA,,3350,3350,70,FB,,,760,,23.8,25,60,-1,X,35,94692203257,263,-16.66064,-49.34061,G,2025-02-21,2025-02-21,54.2,b2903be80238820c,2041-12-08,,,Goiânia
LIC-LIC-01,CLARO S.A.,50409889580,10,105752021,1016537988,R 84,,GO,5208707,100MG7W,NR,SA-NSA,,3350,3350,0,FB,,,760,,16.8,30,65,-1,X,20,229962303257,50,-16.68699,-49.2545,G,2025-03-10,2025-03-10,,9e693be80379b561,2041-12-08,,,Goiânia
LIC-LIC-01,CLARO S.A.,50409889580,10,105752021,1016537988,R 84,,GO,5208707,100MG7W,NR,SA-NSA,,3350,3350,160,FB,,,760,,16.8,30,65,0,X,20,229962303257,50,-16.68699,-49.2545,G,2025-03-10,2025-03-10,,9e693be80379b562,2041-12-08,,,Goiânia
LIC-LIC-01,CLARO S.A.,50409889580,10,105752021,1016537988,R 84,,GO,5208707,100MG7W,NR,SA-NSA,,3350,3350,260,FB,,,760,,16.8,30,65,0,X,20,229962303257,50,-16.68699,-49.2545,G,2025-03-10,2025-03-10,,9e693be80379b563,2041-12-08,,,Goiânia
LIC-LIC-01,CLARO S.A.,50409889580,10,105752021,1016537996,R C209,,GO,5208707,100MG7W,NR,SA-NSA,,3350,3350,0,FB,,,760,,23.8,25,60,0,X,32,94692203257,263,-16.70407,-49.2846,G,2025-03-10,2025-03-10,,9e693be80379b57c,2041-12-08,,,Goiânia
LIC-LIC-01,CLARO S.A.,50409889580,10,105752021,1016537996,R C209,,GO,5208707,100MG7W,NR,SA-NSA,,3350,3350,120,FB,,,760,,23.8,25,60,0,X,32,94692203257,263,-16.70407,-49.2846,G,2025-03-10,2025-03-10,,9e693be80379b57d,2041-12-08,,,Goiânia
LIC-LIC-01,CLARO S.A.,50409889580,10,105752021,1016537996,R C209,,GO,5208707,100MG7W,NR,SA-NSA,,3350,3350,220,FB,,,760,,23.8,25,60,0,X,32,94692203257,263,-16.70407,-49.2846,G,2025-03-10,2025-03-10,,9e693be80379b57e,2041-12-08,,,Goiânia
LIC-LIC-01,CLARO S.A.,50409889580,10,105752021,1016538003,R C.162,,GO,5208707,100MG7W,NR,SA-NSA,,3350,3350,10,FB,,,760,,23.8,25,60,-2,X,58,94692203257,263,-16.71816,-49.29235,G,2025-03-10,2025-03-10,,9e693be80379b57f,2041-12-08,,,Goiânia
LIC-LIC-01,CLARO S.A.,50409889580,10,105752021,1016538003,R C.162,,GO,5208707,100MG7W,NR,SA-NSA,,3350,3350,180,FB,,,760,,23.8,25,60,-2,X,58,94692203257,263,-16.71816,-49.29235,G,2025-03-10,2025-03-10,,9e693be80379b580,2041-12-08,,,Goiânia
LIC-LIC-01,CLARO S.A.,50409889580,10,105752021,1016538003,R C.162,,GO,5208707,100MG7W,NR,SA-NSA,,3350,3350,250,FB,,,760,,23.8,25,60,-2,X,58,94692203257,263,-16.71816,-49.29235,G,2025-03-10,2025-03-10,,9e693be80379b581,2041-12-08,,,Goiânia
LIC-LIC-01,CLARO S.A.,50409889580,10,105752021,1016569375,AVENIDA FLORESTA,,GO,5208707,100MG7W,NR,SA-NSA,,3350,3350,20,FB,,,760,,23.8,25,60,-1,X,18,94692203257,263,-16.61634,-49.1754,G,2025-03-24,2025-03-24,,ca3a3c08031a5030,2041-12-08,,,Goiânia
LIC-LIC-01,CLARO S.A.,50409889580,10,105752021,1016569375,AVENIDA FLORESTA,,GO,5208707,100MG7W,NR,SA-NSA,,3350,3350,260,FB,,,760,,23.8,25,60,-2,X,18,94692203257,263,-16.61634,-49.1754,G,2025-03-24,2025-03-24,,ca3a3c08031a5031,2041-12-08,,,Goiânia
LIC-LIC-01,CLARO S.A.,50409889580,10,105752021,1016569375,AVENIDA FLORESTA,,GO,5208707,100MG7W,NR,SA-NSA,,3350,3350,310,FB,,,760,,23.8,25,60,-3,X,18,94692203257,263,-16.61634,-49.1754,G,2025-03-24,2025-03-24,,ca3a3c08031a5032,2041-12-08,,,Goiânia
LIC-LIC-01,CLARO S.A.,50409889580,10,105752021,1016569383,R H 10,QD 07  LT 25,GO,5208707,100MG7W,NR,SA-NSA,,3350,3350,350,FB,,,760,,23.8,25,60,0,X,30,94692203257,263,-16.65101,-49.20228,G,2025-03-24,2025-03-24,,ca3a3c08031a5036,2041-12-08,,,Goiânia
LIC-LIC-01,CLARO S.A.,50409889580,10,105752021,1016569383,R H 10,QD 07  LT 25,GO,5208707,100MG7W,NR,SA-NSA,,3350,3350,150,FB,,,760,,23.8,25,60,-2,X,30,94692203257,263,-16.65101,-49.20228,G,2025-03-24,2025-03-24,,ca3a3c08031a5037,2041-12-08,,,Goiânia
LIC-LIC-01,CLARO S.A.,50409889580,10,105752021,1016569383,R H 10,QD 07  LT 25,GO,5208707,100MG7W,NR,SA-NSA,,3350,3350,250,FB,,,760,,23.8,25,60,-2,X,30,94692203257,263,-16.65101,-49.20228,G,2025-03-24,2025-03-24,,ca3a3c08031a5038,2041-12-08,,,Goiânia
LIC-LIC-01,CLARO S.A.,50409889580,10,105752021,1016577874,R B 16,ESQ. AV. ENG. JOSÉ MARTINS FILHO,GO,5208707,100MG7W,NR,SA-NSA,,3350,3350,135,FB,,,760,,23.8,25,60,0,X,23.5,94692203257,263,-16.72015,-49.3183,G,2025-03-27,2025-03-27,,e0963c0802c2ba2a,2041-12-08,,,Goiânia
LIC-LIC-01,CLARO S.A.,50409889580,10,105752021,1016577874,R B 16,ESQ. AV. ENG. JOSÉ MARTINS FILHO,GO,5208707,100MG7W,NR,SA-NSA,,3350,3350,220,FB,,,760,,23.8,25,60,0,X,23.5,94692203257,263,-16.72015,-49.3183,G,2025-03-27,2025-03-27,,e0963c0802c2ba2b,2041-12-08,,,Goiânia
LIC-LIC-01,CLARO S.A.,50409889580,10,105752021,1016577874,R B 16,ESQ. AV. ENG. JOSÉ MARTINS FILHO,GO,5208707,100MG7W,NR,SA-NSA,,3350,3350,30,FB,,,760,,23.8,25,60,0,X,23.5,94692203257,263,-16.72015,-49.3183,G,2025-03-27,2025-03-27,,e0963c0802c2ba2c,2041-12-08,,,Goiânia
LIC-LIC-01,CLARO S.A.,50409889580,10,105752021,1016581766,R SR 16,QD.  18 LOTE 20,GO,5208707,100MG7W,NR,SA-NSA,,3350,3350,210,FB,,,760,,23.8,25,60,-2,X,40,94692203257,263,-16.64096,-49.19069,G,2025-03-31,2025-03-31,,50973c080348a238,2041-12-08,,,Goiânia
LIC-LIC-01,CLARO S.A.,50409889580,10,105752021,1016581766,R SR 16,QD.  18 LOTE 20,GO,5208707,100MG7W,NR,SA-NSA,,3350,3350,310,FB,,,760,,23.8,25,60,-2,X,40,94692203257,263,-16.64096,-49.19069,G,2025-03-31,2025-03-31,,50973c080348a239,2041-12-08,,,Goiânia
LIC-LIC-01,CLARO S.A.,50409889580,10,105752021,1016581766,R SR 16,QD.  18 LOTE 20,GO,5208707,100MG7W,NR,SA-NSA,,3350,3350,50,FB,,,760,,23.8,25,60,-2,X,40,94692203257,263,-16.64096,-49.19069,G,2025-03-31,2025-03-31,,50973c080348a23a,2041-12-08,,,Goiânia
LIC-LIC-01,CLARO S.A.,50409889580,10,105752021,1016581774,R PADRE CAMILO  QD.38  LT.24B,,GO,5208707,100MG7W,NR,SA-NSA,,3350,3350,150,FB,,,760,,23.8,25,60,-2,X,40,94692203257,263,-16.7255,-49.30803,G,2025-03-31,2025-03-31,,50973c080348a23e,2041-12-08,,,Goiânia
LIC-LIC-01,CLARO S.A.,50409889580,10,105752021,1016581774,R PADRE CAMILO  QD.38  LT.24B,,GO,5208707,100MG7W,NR,SA-NSA,,3350,3350,270,FB,,,760,,23.8,25,60,-2,X,40,94692203257,263,-16.7255,-49.30803,G,2025-03-31,2025-03-31,,50973c080348a23f,2041-12-08,,,Goiânia
LIC-LIC-01,CLARO S.A.,50409889580,10,105752021,1016581774,R PADRE CAMILO  QD.38  LT.24B,,GO,5208707,100MG7W,NR,SA-NSA,,3350,3350,50,FB,,,760,,23.8,25,60,-2,X,40,94692203257,263,-16.7255,-49.30803,G,2025-03-31,2025-03-31,,50973c080348a240,2041-12-08,,,Goiânia
LIC-LIC-01,CLARO S.A.,50409889580,10,105752021,1016581782,R PROFESSOR HENRIQUE PECLAT,QD. 009  LT. 08,GO,5208707,100MG7W,NR,SA-NSA,,3350,3350,120,FB,,,760,,23.8,25,60,-2,X,30,94692203257,263,-16.6493,-49.25793,G,2025-03-31,2025-03-31,,50973c080348a244,2041-12-08,,,Goiânia
LIC-LIC-01,CLARO S.A.,50409889580,10,105752021,1016581782,R PROFESSOR HENRIQUE PECLAT,QD. 009  LT. 08,GO,5208707,100MG7W,NR,SA-NSA,,3350,3350,240,FB,,,760,,23.8,25,60,-2,X,30,94692203257,263,-16.6493,-49.25793,G,2025-03-31,2025-03-31,,50973c080348a245,2041-12-08,,,Goiânia
LIC-LIC-01,CLARO S.A.,50409889580,10,105752021,1016581782,R PROFESSOR HENRIQUE PECLAT,QD. 009  LT. 08,GO,5208707,100MG7W,NR,SA-NSA,,3350,3350,50,FB,,,760,,23.8,25,60,-2,X,30,94692203257,263,-16.6493,-49.25793,G,2025-03-31,2025-03-31,,50973c080348a246,2041-12-08,,,Goiânia
LIC-LIC-01,CLARO S.A.,50409889580,10,105752021,1016581790,R CV 16,,GO,5208707,100MG7W,NR,SA-NSA,,3350,3350,160,FB,,,760,,23.8,25,60,0,X,30,94692203257,263,-16.743,-49.34604,G,2025-03-31,2025-03-31,,50973c080348a24a,2041-12-08,,,Goiânia
LIC-LIC-01,CLARO S.A.,50409889580,10,105752021,1016581790,R CV 16,,GO,5208707,100MG7W,NR,SA-NSA,,3350,3350,350,FB,,,760,,23.8,25,60,-1,X,30,94692203257,263,-16.743,-49.34604,G,2025-03-31,2025-03-31,,50973c080348a24b,2041-12-08,,,Goiânia
LIC-LIC-01,CLARO S.A.,50409889580,10,105752021,1016581790,R CV 16,,GO,5208707,100MG7W,NR,SA-NSA,,3350,3350,80,FB,,,760,,23.8,25,60,0,X,30,94692203257,263,-16.743,-49.34604,G,2025-03-31,2025-03-31,,50973c080348a24c,2041-12-08,,,Goiânia
LIC-LIC-01,CLARO S.A.,50409889580,10,105752021,1016590625,R 74,,GO,5208707,100MG7W,NR,SA-NSA,,3350,3350,180,FB,,,790,59122403257,26,25,85,0,X,30,8851101882,158.3,-16.66372,-49.26425,G,2025-04-03,2025-04-03,,4ec93c08036dc909,2041-12-08,,,Goiânia
LIC-LIC-01,CLARO S.A.,50409889580,10,105752021,1016590625,R 74,,GO,5208707,100MG7W,NR,SA-NSA,,3350,3350,300,FB,,,791,59122403257,26,25,85,0,X,30,6091702519,158.3,-16.66372,-49.26425,G,2025-04-03,2025-04-03,,4ec93c08036dc90a,2041-12-08,,,Goiânia
LIC-LIC-01,CLARO S.A.,50409889580,10,105752021,1016590625,R 74,,GO,5208707,100MG7W,NR,SA-NSA,,3350,3350,45,FB,,,792,59122403257,26,25,85,0,X,30,39201301882,158.3,-16.66372,-49.26425,G,2025-04-03,2025-04-03,,4ec93c08036dc90b,2041-12-08,,,Goiânia
LIC-LIC-01,CLARO S.A.,50409889580,10,105752021,1016590633,R TRAJANO DE SÁ GUIMARÃES,QUADRA 03,GO,5208707,100MG7W,NR,SA-NSA,,3350,3350,120,FB,,,799,59122403257,26,25,85,-2,X,40,30851903257,158.3,-16.63696,-49.29733,G,2025-04-03,2025-04-03,,4ec93c08036dc912,2041-12-08,,,Goiânia
LIC-LIC-01,CLARO S.A.,50409889580,10,105752021,1016590633,R TRAJANO DE SÁ GUIMARÃES,QUADRA 03,GO,5208707,100MG7W,NR,SA-NSA,,3350,3350,240,FB,,,800,59122403257,26,25,85,-2,X,40,130401592,158.3,-16.63696,-49.29733,G,2025-04-03,2025-04-03,,4ec93c08036dc913,2041-12-08,,,Goiânia
LIC-LIC-01,CLARO S.A.,50409889580,10,105752021,1016590633,R TRAJANO DE SÁ GUIMARÃES,QUADRA 03,GO,5208707,100MG7W,NR,SA-NSA,,3350,3350,50,FB,,,801,59122403257,26,25,85,-2,X,40,790401592,158.3,-16.63696,-49.29733,G,2025-04-03,2025-04-03,,4ec93c08036dc914,2041-12-08,,,Goiânia
LIC-LIC-01,CLARO S.A.,50409889580,10,105752021,1016590676,R PRES. JUSCELINO KUBITSCHEK  QD.20  LT.05,,GO,5208707,100MG7W,NR,SA-NSA,,3350,3350,160,FB,,,760,59122403257,26,25,85,1,X,40,59122403257,158.3,-16.73939,-49.32786,G,2025-08-19,2025-04-03,,4ec93c08036dc9f9,2041-12-08,,,Goiânia
LIC-LIC-01,CLARO S.A.,50409889580,10,105752021,1016590676,R PRES. JUSCELINO KUBITSCHEK  QD.20  LT.05,,GO,5208707,100MG7W,NR,SA-NSA,,3350,3350,20,FB,,,760,59122403257,26,25,85,4,X,40,59122403257,158.3,-16.73939,-49.32786,G,2025-08-19,2025-04-03,,4ec93c08036dc9fa,2041-12-08,,,Goiânia
LIC-LIC-01,CLARO S.A.,50409889580,10,105752021,1016590676,R PRES. JUSCELINO KUBITSCHEK  QD.20  LT.05,,GO,5208707,100MG7W,NR,SA-NSA,,3350,3350,220,FB,,,760,59122403257,26,25,85,2,X,40,59122403257,158.3,-16.73939,-49.32786,G,2025-08-19,2025-04-03,,4ec93c08036dc9fb,2041-12-08,,,Goiânia
LIC-LIC-01,CLARO S.A.,50409889580,10,105752021,1016601112,AV ALFREDO NASSER,QD 16  LT 01,GO,5208707,100MG7W,NR,SA-NSA,,3350,3350,130,FB,,,760,,23.8,25,60,1,X,30,94692203257,263,-16.66077,-49.36626,G,2025-04-08,2025-04-08,,73733c0802845a80,2041-12-08,,,Goiânia
LIC-LIC-01,CLARO S.A.,50409889580,10,105752021,1016601112,AV ALFREDO NASSER,QD 16  LT 01,GO,5208707,100MG7W,NR,SA-NSA,,3350,3350,230,FB,,,760,,23.8,25,60,3,X,30,94692203257,263,-16.66077,-49.36626,G,2025-04-08,2025-04-08,,73733c0802845a81,2041-12-08,,,Goiânia
LIC-LIC-01,CLARO S.A.,50409889580,10,105752021,1016601112,AV ALFREDO NASSER,QD 16  LT 01,GO,5208707,100MG7W,NR,SA-NSA,,3350,3350,310,FB,,,760,,23.8,25,60,1,X,30,94692203257,263,-16.66077,-49.36626,G,2025-04-08,2025-04-08,,73733c0802845a82,2041-12-08,,,Goiânia
LIC-LIC-01,CLARO S.A.,50409889580,10,105752021,1016611100,R C 82,QD. 169  LT. 6/7  COND RES GRAND VISTA,GO,5208707,100MG7W,NR,SA-NSA,,3350,3350,0,FB,,,760,,23.8,25,60,2,X,44,94692203257,263,-16.69743,-49.30416,G,2025-04-10,2025-04-10,,fd6b3c08034b6278,2041-12-08,,,Goiânia
LIC-LIC-01,CLARO S.A.,50409889580,10,105752021,1016611100,R C 82,QD. 169  LT. 6/7  COND RES GRAND VISTA,GO,5208707,100MG7W,NR,SA-NSA,,3350,3350,120,FB,,,760,,23.8,25,60,2,X,44,94692203257,263,-16.69743,-49.30416,G,2025-04-10,2025-04-10,,fd6b3c08034b6279,2041-12-08,,,Goiânia
LIC-LIC-01,CLARO S.A.,50409889580,10,105752021,1016611100,R C 82,QD. 169  LT. 6/7  COND RES GRAND VISTA,GO,5208707,100MG7W,NR,SA-NSA,,3350,3350,240,FB,,,760,,23.8,25,60,2,X,44,94692203257,263,-16.69743,-49.30416,G,2025-04-10,2025-04-10,,fd6b3c08034b627a,2041-12-08,,,Goiânia
LIC-LIC-01,CLARO S.A.,50409889580,10,105752021,1016620923,R MANAUS,QUADRA 127 - LOTE 01/20,GO,5208707,100MG7W,NR,SA-NSA,,3350,3350,110,FB,,,760,,23.8,25,60,3,X,80,94692203257,263,-16.73561,-49.28649,G,2025-04-14,2025-04-14,,7aa13c0803db6c52,2041-12-08,,,Goiânia
LIC-LIC-01,CLARO S.A.,50409889580,10,105752021,1016620923,R MANAUS,QUADRA 127 - LOTE 01/20,GO,5208707,100MG7W,NR,SA-NSA,,3350,3350,200,FB,,,760,,23.8,25,60,4,X,80,94692203257,263,-16.73561,-49.28649,G,2025-04-14,2025-04-14,,7aa13c0803db6c53,2041-12-08,,,Goiânia
LIC-LIC-01,CLARO S.A.,50409889580,10,105752021,1016620923,R MANAUS,QUADRA 127 - LOTE 01/20,GO,5208707,100MG7W,NR,SA-NSA,,3350,3350,330,FB,,,760,,23.8,25,60,4,X,80,94692203257,263,-16.73561,-49.28649,G,2025-04-14,2025-04-14,,7aa13c0803db6c54,2041-12-08,,,Goiânia
LIC-LIC-01,CLARO S.A.,50409889580,10,105752021,1005190280,R C-12  QD 35  LT 26,,GO,5208707,100MG7W,NR,SA-NSA,,3350,3350,0,FB,,,760,,23.8,25,60,0,X,50,94692203257,199.5,-16.78377,-49.38895,G,2025-05-06,2017-10-03,,b3088c08033e4c42,2041-12-08,,,Goiânia
LIC-LIC-01,CLARO S.A.,50409889580,10,105752021,1005190280,R C-12  QD 35  LT 26,,GO,5208707,100MG7W,NR,SA-NSA,,3350,3350,210,FB,,,760,,23.8,25,60,0,X,50,94692203257,199.5,-16.78377,-49.38895,G,2025-05-06,2017-10-03,,b3088c08033e4c43,2041-12-08,,,Goiânia
LIC-LIC-01,CLARO S.A.,50409889580,10,105752021,1005190280,R C-12  QD 35  LT 26,,GO,5208707,100MG7W,NR,SA-NSA,,3350,3350,90,FB,,,760,,23.8,25,60,0,X,50,94692203257,199.5,-16.78377,-49.38895,G,2025-05-06,2017-10-03,,b3088c08033e4c44,2041-12-08,,,Goiânia
LIC-LIC-01,CLARO S.A.,50409889580,10,105752021,1012640598,RUA RSL 10,QUADRA 02 LOTE 20,GO,5208707,100MG7W,NR,SA-NSA,,3350,3350,330,FB,,,760,59122403257,26,25,85,0,X,27,59122403257,158.3,-16.65335,-49.1776,G,2025-05-27,2021-12-03,,5d308c080333ca7e,2041-12-08,,,Goiânia
LIC-LIC-01,CLARO S.A.,50409889580,10,105752021,1012640598,RUA RSL 10,QUADRA 02 LOTE 20,GO,5208707,100MG7W,NR,SA-NSA,,3350,3350,100,FB,,,760,59122403257,26,25,85,1,X,27,59122403257,158.3,-16.65335,-49.1776,G,2025-05-27,2021-12-03,,5d308c080333ca7f,2041-12-08,,,Goiânia
LIC-LIC-01,CLARO S.A.,50409889580,10,105752021,1012640598,RUA RSL 10,QUADRA 02 LOTE 20,GO,5208707,100MG7W,NR,SA-NSA,,3350,3350,240,FB,,,760,59122403257,26,25,85,1,X,27,59122403257,158.3,-16.65335,-49.1776,G,2025-05-27,2021-12-03,,5d308c080333ca80,2041-12-08,,,Goiânia
LIC-LIC-01,CLARO S.A.,50409889580,10,105752021,1016685154,RUA GERMANO RORIZ,QUADRA 82  LOTE 22,GO,5208707,100MG7W,NR,SA-NSA,,3350,3350,320,FB,,,760,59122403257,26,25,85,2,X,40,59122403257,158.3,-16.67875,-49.30842,G,2025-05-27,2025-05-27,,5d308c080333ca93,2041-12-08,,,Goiânia
LIC-LIC-01,CLARO S.A.,50409889580,10,105752021,1016685154,RUA GERMANO RORIZ,QUADRA 82  LOTE 22,GO,5208707,100MG7W,NR,SA-NSA,,3350,3350,140,FB,,,760,59122403257,26,25,85,2,X,40,59122403257,158.3,-16.67875,-49.30842,G,2025-05-27,2025-05-27,,5d308c080333ca94,2041-12-08,,,Goiânia
LIC-LIC-01,CLARO S.A.,50409889580,10,105752021,1016685154,RUA GERMANO RORIZ,QUADRA 82  LOTE 22,GO,5208707,100MG7W,NR,SA-NSA,,3350,3350,220,FB,,,760,59122403257,26,25,85,1,X,40,59122403257,158.3,-16.67875,-49.30842,G,2025-05-27,2025-05-27,,5d308c080333ca95,2041-12-08,,,Goiânia
LIC-LIC-01,CLARO S.A.,50409889580,10,105752021,1016689370,R C-228,QUADRA 535  LOTE 08/11,GO,5208707,100MG7W,NR,SA-NSA,,3350,3350,0,FB,,,760,59122403257,26,25,85,7,X,109,59122403257,158.3,-16.70471,-49.27859,G,2025-05-28,2025-05-28,,55908c0803831124,2041-12-08,,,Goiânia
LIC-LIC-01,CLARO S.A.,50409889580,10,105752021,1016689370,R C-228,QUADRA 535  LOTE 08/11,GO,5208707,100MG7W,NR,SA-NSA,,3350,3350,240,FB,,,760,59122403257,26,25,85,6,X,109,59122403257,158.3,-16.70471,-49.27859,G,2025-05-28,2025-05-28,,55908c0803831125,2041-12-08,,,Goiânia
LIC-LIC-01,CLARO S.A.,50409889580,10,105752021,1016689370,R C-228,QUADRA 535  LOTE 08/11,GO,5208707,100MG7W,NR,SA-NSA,,3350,3350,90,FB,,,760,59122403257,26,25,85,7,X,109,59122403257,158.3,-16.70471,-49.27859,G,2025-05-28,2025-05-28,,55908c0803831126,2041-12-08,,,Goiânia
LIC-LIC-01,CLARO S.A.,50409889580,10,105752021,1016727612,AV TOPÁZIO,QD. 11 LOTE 01,GO,5208707,100MG7W,NR,SA-NSA,,3350,3350,0,FB,,,760,59122403257,26,25,85,2,X,38,59122403257,158.3,-16.68414,-49.20624,G,2025-06-10,2025-06-10,,87c18c0802d1f071,2041-12-08,,,Goiânia
LIC-LIC-01,CLARO S.A.,50409889580,10,105752021,1016727612,AV TOPÁZIO,QD. 11 LOTE 01,GO,5208707,100MG7W,NR,SA-NSA,,3350,3350,120,FB,,,760,59122403257,26,25,85,2,X,38,59122403257,158.3,-16.68414,-49.20624,G,2025-06-10,2025-06-10,,87c18c0802d1f072,2041-12-08,,,Goiânia
LIC-LIC-01,CLARO S.A.,50409889580,10,105752021,1016727612,AV TOPÁZIO,QD. 11 LOTE 01,GO,5208707,100MG7W,NR,SA-NSA,,3350,3350,240,FB,,,760,59122403257,26,25,85,2,X,38,59122403257,158.3,-16.68414,-49.20624,G,2025-06-10,2025-06-10,,87c18c0802d1f073,2041-12-08,,,Goiânia
LIC-LIC-01,CLARO S.A.,50409889580,10,105752021,1016786325,R AMERICANO DO BRASIL,,GO,5208707,100MG7W,NR,SA-NSA,,3350,3350,170,FB,,,760,59122403257,26,25,85,2,X,47,33301503257,89,-16.66605,-49.18493,G,2025-07-10,2025-07-10,,0a0e8c08038eafc4,2041-12-08,,,Goiânia
LIC-LIC-01,CLARO S.A.,50409889580,10,105752021,1016786325,R AMERICANO DO BRASIL,,GO,5208707,100MG7W,NR,SA-NSA,,3350,3350,270,FB,,,760,59122403257,26,25,85,2,X,47,11631703257,89,-16.66605,-49.18493,G,2025-07-10,2025-07-10,,0a0e8c08038eafc5,2041-12-08,,,Goiânia
LIC-LIC-01,CLARO S.A.,50409889580,10,105752021,1016786325,R AMERICANO DO BRASIL,,GO,5208707,100MG7W,NR,SA-NSA,,3350,3350,50,FB,,,760,59122403257,26,25,85,2,X,47,58231803257,89,-16.66605,-49.18493,G,2025-07-10,2025-07-10,,0a0e8c08038eafc6,2041-12-08,,,Goiânia
LIC-LIC-01,CLARO S.A.,50409889580,10,105752021,1016786333,AV CASTELO BRANCO,QD. 23  LT. 05,GO,5208707,100MG7W,NR,SA-NSA,,3350,3350,165,FB,,,760,59122403257,26,25,85,0,X,20,72792302519,158.3,-16.66973,-49.31193,G,2025-07-10,2025-07-10,,0a0e8c08038eafcd,2041-12-08,,,Goiânia
LIC-LIC-01,CLARO S.A.,50409889580,10,105752021,1016786333,AV CASTELO BRANCO,QD. 23  LT. 05,GO,5208707,100MG7W,NR,SA-NSA,,3350,3350,250,FB,,,760,59122403257,26,25,85,0,X,20,39721705894,158.3,-16.66973,-49.31193,G,2025-07-10,2025-07-10,,0a0e8c08038eafce,2041-12-08,,,Goiânia
LIC-LIC-01,CLARO S.A.,50409889580,10,105752021,1016786333,AV CASTELO BRANCO,QD. 23  LT. 05,GO,5208707,100MG7W,NR,SA-NSA,,3350,3350,340,FB,,,760,59122403257,26,25,85,0,X,20,40952002519,158.3,-16.66973,-49.31193,G,2025-07-10,2025-07-10,,0a0e8c08038eafcf,2041-12-08,,,Goiânia
LIC-LIC-01,CLARO S.A.,50409889580,10,105752021,1011304616,RUA 82,JOSEPHINA LUDOVICO,GO,5208707,100MG7W,NR,SA-NSA,,3350,3350,330,FB,,,760,,25,25,60,-2,X,58,116652103257,0,-16.68263,-49.25543,E,2025-09-11,2020-10-16,,685534d888d43f3e,2041-12-08,,,Goiânia
LIC-LIC-01,CLARO S.A.,50409889580,10,105752021,1011304616,RUA 82,JOSEPHINA LUDOVICO,GO,5208707,100MG7W,NR,SA-NSA,,3350,3350,160,FB,,,760,,25,25,60,-1,X,58,116652103257,0,-16.68263,-49.25543,E,2025-09-11,2020-10-16,,685534d888d43f3f,2041-12-08,,,Goiânia
LIC-LIC-01,CLARO S.A.,50409889580,10,105752021,1011304616,RUA 82,JOSEPHINA LUDOVICO,GO,5208707,100MG7W,NR,SA-NSA,,3350,3350,260,FB,,,760,,25,25,60,-1,X,58,116652103257,0,-16.68263,-49.25543,E,2025-09-11,2020-10-16,,685534d888d43f40,2041-12-08,,,Goiânia
LIC-LIC-01,CLARO S.A.,50409889580,10,105752021,1011304616,RUA 82,JOSEPHINA LUDOVICO,GO,5208707,50M0G7W,NR,SA-NSA,,2325,2325,330,FB,,,760,72202203257,23.5,25,60,-2,X,58,72202203257,50,-16.68263,-49.25543,G,2025-09-11,2020-10-16,,685534d888d43f41,2041-12-08,,,Goiânia
LIC-LIC-01,CLARO S.A.,50409889580,10,105752021,1011304616,RUA 82,JOSEPHINA LUDOVICO,GO,5208707,50M0G7W,NR,SA-NSA,,2325,2325,160,FB,,,760,72202203257,23.5,25,60,-1,X,58,72202203257,50,-16.68263,-49.25543,G,2025-09-11,2020-10-16,,685534d888d43f42,2041-12-08,,,Goiânia
LIC-LIC-01,CLARO S.A.,50409889580,10,105752021,1011304616,RUA 82,JOSEPHINA LUDOVICO,GO,5208707,50M0G7W,NR,SA-NSA,,2325,2325,260,FB,,,760,72202203257,23.5,25,60,-1,X,58,72202203257,50,-16.68263,-49.25543,G,2025-09-11,2020-10-16,,685534d888d43f43,2041-12-08,,,Goiânia
LIC-LIC-01,CLARO S.A.,50409889580,10,105752021,1016926020,RUA VB 30,,GO,5208707,100MG7W,NR,SA-NSA,,3350,3350,0,FB,,,760,,23.8,25,60,-2,X,40,94692203257,41,-16.7197,-49.34613,G,2025-09-18,2025-09-18,,384d34d89e54115f,2041-12-08,,,Goiânia
LIC-LIC-01,CLARO S.A.,50409889580,10,105752021,1016926020,RUA VB 30,,GO,5208707,100MG7W,NR,SA-NSA,,3350,3350,120,FB,,,760,,23.8,25,60,-2,X,40,94692203257,41,-16.7197,-49.34613,G,2025-09-18,2025-09-18,,384d34d89e541160,2041-12-08,,,Goiânia
LIC-LIC-01,CLARO S.A.,50409889580,10,105752021,1016926020,RUA VB 30,,GO,5208707,100MG7W,NR,SA-NSA,,3350,3350,240,FB,,,760,,23.8,25,60,-2,X,40,94692203257,41,-16.7197,-49.34613,G,2025-09-18,2025-09-18,,384d34d89e541161,2041-12-08,,,Goiânia
LIC-LIC-01,CLARO S.A.,50409889580,10,105752021,1017036311,RUA C 139,QD.316,GO,5208707,100MG7W,NR,SA-NSA,,3350,3350,0,FB,,,760,59122403257,26,25,85,-2,X,43,59122403257,158.3,-16.71522,-49.28816,G,2025-10-16,2025-10-16,,7f1c14d8d2a64d2d,2041-12-08,,,Goiânia
LIC-LIC-01,CLARO S.A.,50409889580,10,105752021,1017036311,RUA C 139,QD.316,GO,5208707,100MG7W,NR,SA-NSA,,3350,3350,120,FB,,,760,59122403257,26,25,85,-2,X,43,59122403257,158.3,-16.71522,-49.28816,G,2025-10-16,2025-10-16,,7f1c14d8d2a64d2e,2041-12-08,,,Goiânia
LIC-LIC-01,CLARO S.A.,50409889580,10,105752021,1017036311,RUA C 139,QD.316,GO,5208707,100MG7W,NR,SA-NSA,,3350,3350,240,FB,,,760,59122403257,26,25,85,-2,X,43,59122403257,158.3,-16.71522,-49.28816,G,2025-10-16,2025-10-16,,7f1c14d8d2a64d2f,2041-12-08,,,Goiânia
LIC-LIC-01,CLARO S.A.,50409889580,10,105752021,1017193549,AV NERO MACEDO,,GO,5208707,100MG7W,NR,SA-NSA,,3350,3350,0,FB,,,168,,2,0,360,0,X,2,229962303257,50,-16.68252,-49.31386,G,2025-12-11,2025-11-11,,7f1c14d8a471b350,2041-12-08,,,Goiânia
LIC-LIC-01,CLARO S.A.,50409889580,10,105752021,1017219513,R 25 DE MARÇO  QD.02  LT.43,LT 43 QD 2,GO,5208707,100MG7W,NR,SA-NSA,,3350,3350,0,FB,,,760,59122403257,26,25,85,-2,X,40,59122403257,158.3,-16.60483,-49.3212,G,2025-11-18,2025-11-18,,7f1c14d8c429eb32,2041-12-08,,,Goiânia
LIC-LIC-01,CLARO S.A.,50409889580,10,105752021,1017219513,R 25 DE MARÇO  QD.02  LT.43,LT 43 QD 2,GO,5208707,100MG7W,NR,SA-NSA,,3350,3350,120,FB,,,760,59122403257,26,25,85,-2,X,40,59122403257,158.3,-16.60483,-49.3212,G,2025-11-18,2025-11-18,,7f1c14d8c429eb33,2041-12-08,,,Goiânia
LIC-LIC-01,CLARO S.A.,50409889580,10,105752021,1017219513,R 25 DE MARÇO  QD.02  LT.43,LT 43 QD 2,GO,5208707,100MG7W,NR,SA-NSA,,3350,3350,240,FB,,,760,59122403257,26,25,85,0,X,40,59122403257,158.3,-16.60483,-49.3212,G,2025-11-18,2025-11-18,,7f1c14d8c429eb34,2041-12-08,,,Goiânia
LIC-LIC-01,CLARO S.A.,50409889580,10,105752021,1001307922,R PH 1  QUADRA 06  LOTE 04,,GO,5208707,100MG7W,NR,SA-NSA,,3350,3350,280,FB,,,760,,23.8,25,60,-2,X,40,94692203257,41,-16.70036,-49.34967,G,2025-11-21,2015-03-31,,3e5cf4d8e88b7e86,2041-12-08,,,Goiânia
LIC-LIC-01,CLARO S.A.,50409889580,10,105752021,1001307922,R PH 1  QUADRA 06  LOTE 04,,GO,5208707,100MG7W,NR,SA-NSA,,3350,3350,85,FB,,,760,,23.8,25,60,-2,X,40,94692203257,41,-16.70036,-49.34967,G,2025-11-21,2015-03-31,,3e5cf4d8e88b7e87,2041-12-08,,,Goiânia
LIC-LIC-01,CLARO S.A.,50409889580,10,105752021,1001307922,R PH 1  QUADRA 06  LOTE 04,,GO,5208707,100MG7W,NR,SA-NSA,,3350,3350,200,FB,,,760,,23.8,25,60,-5,X,40,94692203257,41,-16.70036,-49.34967,G,2025-11-21,2015-03-31,,3e5cf4d8e88b7e88,2041-12-08,,,Goiânia
LIC-LIC-01,CLARO S.A.,50409889580,10,105752021,1012640610,R 2032 UNIDADE 203,LOTE 18,GO,5208707,100MG7W,NR,SA-NSA,,3350,3350,310,FB,,,760,,23.8,25,60,0,X,24,94692203257,41,-16.74549,-49.194,G,2025-11-21,2021-12-03,,3e5cf4d8e88b7f42,2041-12-08,,,Goiânia
LIC-LIC-01,CLARO S.A.,50409889580,10,105752021,1012640610,R 2032 UNIDADE 203,LOTE 18,GO,5208707,100MG7W,NR,SA-NSA,,3350,3350,50,FB,,,760,,23.8,25,60,0,X,24,94692203257,41,-16.74549,-49.194,G,2025-11-21,2021-12-03,,3e5cf4d8e88b7f43,2041-12-08,,,Goiânia
LIC-LIC-01,CLARO S.A.,50409889580,10,105752021,1012640610,R 2032 UNIDADE 203,LOTE 18,GO,5208707,100MG7W,NR,SA-NSA,,3350,3350,220,FB,,,760,,23.8,25,60,0,X,24,94692203257,41,-16.74549,-49.194,G,2025-11-21,2021-12-03,,3e5cf4d8e88b7f44,2041-12-08,,,Goiânia
LIC-LIC-01,CLARO S.A.,50409889580,10,105752021,1017225025,AV GENESIO DE LIMA BRITO,QD 46 LT 21,GO,5208707,100MG7W,NR,SA-NSA,,3350,3350,45,FB,,,760,59122403257,26,25,85,-2,X,40,59122403257,158.3,-16.61624,-49.29389,G,2025-11-21,2025-11-21,,ea04f4d80176553b,2041-12-08,,,Goiânia
LIC-LIC-01,CLARO S.A.,50409889580,10,105752021,1017225025,AV GENESIO DE LIMA BRITO,QD 46 LT 21,GO,5208707,100MG7W,NR,SA-NSA,,3350,3350,100,FB,,,760,59122403257,26,25,85,-3,X,40,59122403257,158.3,-16.61624,-49.29389,G,2025-11-21,2025-11-21,,ea04f4d80176553c,2041-12-08,,,Goiânia
LIC-LIC-01,CLARO S.A.,50409889580,10,105752021,1017225025,AV GENESIO DE LIMA BRITO,QD 46 LT 21,GO,5208707,100MG7W,NR,SA-NSA,,3350,3350,180,FB,,,760,59122403257,26,25,85,-3,X,40,59122403257,158.3,-16.61624,-49.29389,G,2025-11-21,2025-11-21,,ea04f4d80176553d,2041-12-08,,,Goiânia
LIC-LIC-01,CLARO S.A.,50409889580,10,105752021,695228641,R JC 68,QUADRA 156 LOTE 12,GO,5208707,100MG7W,NR,SA-NSA,,3350,3350,100,FB,,,760,,23.8,25,60,0,X,45,94692203257,41,-16.59003,-49.33359,G,2025-11-18,2011-02-28,,7f1c14d8aaa9b675,2041-12-08,,,Goiânia
LIC-LIC-01,CLARO S.A.,50409889580,10,105752021,695228641,R JC 68,QUADRA 156 LOTE 12,GO,5208707,100MG7W,NR,SA-NSA,,3350,3350,220,FB,,,760,,23.8,25,60,0,X,45,94692203257,41,-16.59003,-49.33359,G,2025-11-18,2011-02-28,,7f1c14d8aaa9b676,2041-12-08,,,Goiânia
LIC-LIC-01,CLARO S.A.,50409889580,10,105752021,695228641,R JC 68,QUADRA 156 LOTE 12,GO,5208707,100MG7W,NR,SA-NSA,,3350,3350,330,FB,,,760,,23.8,25,60,0,X,45,94692203257,41,-16.59003,-49.33359,G,2025-11-18,2011-02-28,,7f1c14d8aaa9b677,2041-12-08,,,Goiânia
LIC-LIC-01,CLARO S.A.,50409889580,10,105752021,1011286146,AV 1,,GO,5208707,100MG7W,NR,SA-NSA,,3350,3350,120,FB,,,760,,23.8,25,60,0,X,23.5,94692203257,41,-16.65615,-49.25013,G,2025-11-18,2020-10-16,,7f1c14d8aaa9b69a,2041-12-08,,,Goiânia
LIC-LIC-01,CLARO S.A.,50409889580,10,105752021,1011286146,AV 1,,GO,5208707,100MG7W,NR,SA-NSA,,3350,3350,20,FB,,,760,,23.8,25,60,0,X,23.5,94692203257,41,-16.65615,-49.25013,G,2025-11-18,2020-10-16,,7f1c14d8aaa9b69b,2041-12-08,,,Goiânia
LIC-LIC-01,CLARO S.A.,50409889580,10,105752021,1011286146,AV 1,,GO,5208707,100MG7W,NR,SA-NSA,,3350,3350,250,FB,,,760,,23.8,25,60,0,X,23.5,94692203257,41,-16.65615,-49.25013,G,2025-11-18,2020-10-16,,7f1c14d8aaa9b69c,2041-12-08,,,Goiânia
LIC-LIC-01,CLARO S.A.,50409889580,10,105752021,693027908,AV ORIENTE,QUADRA 09,GO,5208707,100MD7W,NR,SA-NSA,,3350,3350,240,FB,,,760,,23.8,25,60,0,X,40,94692203257,41,-16.6137,-49.30723,G,2025-11-21,2010-12-30,,ea04f4d80c280532,2041-12-08,,,Goiânia
LIC-LIC-01,CLARO S.A.,50409889580,10,105752021,693027908,AV ORIENTE,QUADRA 09,GO,5208707,100MD7W,NR,SA-NSA,,3350,3350,330,FB,,,760,,23.8,25,60,0,X,40,94692203257,41,-16.6137,-49.30723,G,2025-11-21,2010-12-30,,ea04f4d80c280533,2041-12-08,,,Goiânia
LIC-LIC-01,CLARO S.A.,50409889580,10,105752021,693027908,AV ORIENTE,QUADRA 09,GO,5208707,100MD7W,NR,SA-NSA,,3350,3350,90,FB,,,760,,23.8,25,60,0,X,40,94692203257,41,-16.6137,-49.30723,G,2025-11-21,2010-12-30,,ea04f4d80c280534,2041-12-08,,,Goiânia
LIC-LIC-01,CLARO S.A.,50409889580,10,105752021,695227343,AV BOM JESUS,QUADRA A,GO,5208707,100MG7W,NR,SA-NSA,,3350,3350,15,FB,,,760,,23.8,25,60,0,X,37,94692203257,41,-16.64768,-49.31809,G,2025-12-16,2011-02-28,,ea04f4d86def744e,2041-12-08,,,Goiânia
LIC-LIC-01,CLARO S.A.,50409889580,10,105752021,695227343,AV BOM JESUS,QUADRA A,GO,5208707,100MG7W,NR,SA-NSA,,3350,3350,120,FB,,,760,,23.8,25,60,-1,X,37,94692203257,41,-16.64768,-49.31809,G,2025-12-16,2011-02-28,,ea04f4d86def744f,2041-12-08,,,Goiânia
LIC-LIC-01,CLARO S.A.,50409889580,10,105752021,695227343,AV BOM JESUS,QUADRA A,GO,5208707,100MG7W,NR,SA-NSA,,3350,3350,260,FB,,,760,,23.8,25,60,-1,X,37,94692203257,41,-16.64768,-49.31809,G,2025-12-16,2011-02-28,,ea04f4d86def7450,2041-12-08,,,Goiânia
LIC-LIC-01,CLARO S.A.,50409889580,10,105752021,1017373806,AL PROFESSOR HÉLIO FRANCA  QUADRA 214  LOTES 1 32,CONDOMÍNIO VERANO TORRE 2 - BRISAS,GO,5208707,100MG7W,NR,SA-NSA,,3350,3350,135,FB,,,760,,23.8,25,60,-2,X,56.6,94692203257,41,-16.74486,-49.30514,G,2026-01-28,2026-01-28,,f8bbf4d84ad0d391,2041-12-08,,,Goiânia
LIC-LIC-01,CLARO S.A.,50409889580,10,105752021,1017373806,AL PROFESSOR HÉLIO FRANCA  QUADRA 214  LOTES 1 32,CONDOMÍNIO VERANO TORRE 2 - BRISAS,GO,5208707,100MG7W,NR,SA-NSA,,3350,3350,220,FB,,,760,,23.8,25,60,-3,X,56.6,94692203257,41,-16.74486,-49.30514,G,2026-01-28,2026-01-28,,f8bbf4d84ad0d392,2041-12-08,,,Goiânia
LIC-LIC-01,CLARO S.A.,50409889580,10,105752021,1017373806,AL PROFESSOR HÉLIO FRANCA  QUADRA 214  LOTES 1 32,CONDOMÍNIO VERANO TORRE 2 - BRISAS,GO,5208707,100MG7W,NR,SA-NSA,,3350,3350,30,FB,,,760,,23.8,25,60,-3,X,56.6,94692203257,41,-16.74486,-49.30514,G,2026-01-28,2026-01-28,,f8bbf4d84ad0d393,2041-12-08,,,Goiânia
LIC-LIC-01,CLARO S.A.,50409889580,10,105752021,689840950,R DOS IPÊS,QUADRA QR-1  LOTE 02,GO,5208707,100MG7W,NR,SA-NSA,,3350,3350,105,FB,,,760,,23.8,25,60,-1,X,21,94692203257,41,-16.61866,-49.20179,G,2026-01-28,2010-12-30,,a6e763185b8dbdc6,2041-12-08,,,Goiânia
LIC-LIC-01,CLARO S.A.,50409889580,10,105752021,689840950,R DOS IPÊS,QUADRA QR-1  LOTE 02,GO,5208707,100MG7W,NR,SA-NSA,,3350,3350,250,FB,,,760,,23.8,25,60,-2,X,21,94692203257,41,-16.61866,-49.20179,G,2026-01-28,2010-12-30,,a6e763185b8dbdc7,2041-12-08,,,Goiânia
LIC-LIC-01,CLARO S.A.,50409889580,10,105752021,689840950,R DOS IPÊS,QUADRA QR-1  LOTE 02,GO,5208707,100MG7W,NR,SA-NSA,,3350,3350,40,FB,,,760,,23.8,25,60,0,X,21,94692203257,41,-16.61866,-49.20179,G,2026-01-28,2010-12-30,,a6e763185b8dbdc8,2041-12-08,,,Goiânia
