state,NomeEntidade,NumFistel,NumServico,NumAto,NumEstacao,EnderecoEstacao,EndComplemento,SiglaUf,CodMunicipio,DesignacaoEmissao,Tecnologia,tipoTecnologia,meioAcesso,FreqTxMHz,FreqRxMHz,Azimute,CodTipoClasseEstacao,ClassInfraFisica,CompartilhamentoInfraFisica,CodTipoAntena,CodEquipamentoAntena,GanhoAntena,FrenteCostaAntena,AnguloMeiaPotenciaAntena,AnguloElevacao,Polarizacao,AlturaAntena,CodEquipamentoTransmissor,PotenciaTransmissorWatts,Latitude,Longitude,CodDebitoTFI,DataLicenciamento,DataPrimeiroLicenciamento,NumRede,_id,DataValidade,NumFistelAssociado,NomeEntidadeAssociado,Municipio.NomeMunicipio
LIC-LIC-01,ALGAR TELECOM S/A,50418418705,010,105732021,1000426901,RUA MARACANÃ,,MG,3170206,20M0G7W,NR,,,2370,2370,80,FB,,,760,029891200762,18,25,61,0,X,40,078362001350,40,-18.93014,-48.24726,G,2023-10-30,2014-08-07,,7ecf8248dd23b474,2029-12-08,,,Uberlândia
LIC-LIC-01,ALGAR TELECOM S/A,50418418705,010,105732021,1000426901,RUA MARACANÃ,,MG,3170206,20M0G7W,NR,,,2370,2370,180,FB,,,760,029891200762,18,25,61,0,X,40,078362001350,40,-18.93014,-48.24726,G,2023-10-30,2014-08-07,,7ecf8248dd23b475,2029-12-08,,,Uberlândia
LIC-LIC-01,ALGAR TELECOM S/A,50418418705,010,105732021,1000426901,RUA MARACANÃ,,MG,3170206,20M0G7W,NR,,,2370,2370,280,FB,,,760,029891200762,18,25,61,0,X,40,078362001350,40,-18.93014,-48.24726,G,2023-10-30,2014-08-07,,7ecf8248dd23b476,2029-12-08,,,Uberlândia
LIC-LIC-01,ALGAR TELECOM S/A,50418418705,010,105732021,379991420,ROD BR 365,KM 645,MG,3170206,40M0G7W,NR,,,2370,2370,110,FB,,,817,116652103257,23.5,25,65,0,X,40,116652103257,60,-18.86314,-48.43315,G,2024-10-04,2004-01-20,,9ba8d24833112966,2041-12-08,,,Uberlândia
LIC-LIC-01,ALGAR TELECOM S/A,50418418705,010,105732021,379991420,ROD BR 365,KM 645,MG,3170206,40M0G7W,NR,,,2370,2370,200,FB,,,817,116652103257,23.5,25,65,0,X,40,116652103257,60,-18.86314,-48.43315,G,2024-10-04,2004-01-20,,9ba8d24833112967,2041-12-08,,,Uberlândia
LIC-LIC-01,ALGAR TELECOM S/A,50418418705,010,105732021,379991420,ROD BR 365,KM 645,MG,3170206,40M0G7W,NR,,,2370,2370,350,FB,,,817,116652103257,23.5,25,65,0,X,40,116652103257,60,-18.86314,-48.43315,G,2024-10-04,2004-01-20,,9ba8d24833112968,2041-12-08,,,Uberlândia
LIC-LIC-01,ALGAR TELECOM S/A,50418418705,010,105732021,1014093985,AV JURACY JUNQUEIRA REZENDE,PARQUE CAMARU,MG,3170206,20M0G7W,NR,,,2370,2370,120,FB,,,760,116652103257,23.5,25,65,-2,X,18,116652103257,60,-18.93609,-48.24578,G,2024-03-05,2022-08-08,,78fdf5f833357258,2041-12-08,,,Uberlândia
LIC-LIC-01,ALGAR TELECOM S/A,50418418705,010,105732021,1014093985,AV JURACY JUNQUEIRA REZENDE,PARQUE CAMARU,MG,3170206,20M0G7W,NR,,,2370,2370,180,FB,,,760,116652103257,23.5,25,65,-2,X,18,116652103257,60,-18.93609,-48.24578,G,2024-03-05,2022-08-08,,78fdf5f833357259,2041-12-08,,,Uberlândia
LIC-LIC-01,ALGAR TELECOM S/A,50418418705,010,105732021,1014093985,AV JURACY JUNQUEIRA REZENDE,PARQUE CAMARU,MG,3170206,20M0G7W,NR,,,2370,2370,240,FB,,,760,116652103257,23.5,25,65,-2,X,18,116652103257,60,-18.93609,-48.24578,G,2024-03-05,2022-08-08,,78fdf5f83335725a,2041-12-08,,,Uberlândia
LIC-LIC-01,ALGAR TELECOM S/A,50418418705,010,105732021,1014093985,AV JURACY JUNQUEIRA REZENDE,PARQUE CAMARU,MG,3170206,80M0D7W,NR,,,3640,3640,120,FB,,,817,116672103257,25,25,60,0,X,20,116672103257,79,-18.93609,-48.24578,G,2023-10-14,2022-08-08,,60c9f5f802ce6970,2029-12-08,,,Uberlândia
LIC-LIC-01,ALGAR TELECOM S/A,50418418705,010,105732021,1014093985,AV JURACY JUNQUEIRA REZENDE,PARQUE CAMARU,MG,3170206,80M0D7W,NR,,,3640,3640,180,FB,,,817,116672103257,25,25,60,0,X,20,116672103257,79,-18.93609,-48.24578,G,2023-10-14,2022-08-08,,60c9f5f802ce6971,2029-12-08,,,Uberlândia
LIC-LIC-01,ALGAR TELECOM S/A,50418418705,010,105732021,1014093985,AV JURACY JUNQUEIRA REZENDE,PARQUE CAMARU,MG,3170206,80M0D7W,NR,,,3640,3640,240,FB,,,817,116672103257,25,25,60,0,X,20,116672103257,79,-18.93609,-48.24578,G,2023-10-14,2022-08-08,,60c9f5f802ce6972,2029-12-08,,,Uberlândia
LIC-LIC-01,ALGAR TELECOM S/A,50418418705,010,105732021,1015244790,AV JOSÉ ANDRAUS GASSANI,,MG,3170206,20M0G7W,NR,,,2370,2370,106,FB,,,760,116652103257,23.5,25,65,2,X,18,116652103257,60,-18.872044,-48.293939,G,2026-02-04,2023-09-15,,26eaf5f80221bef9,2041-12-08,,,Uberlândia
LIC-LIC-01,ALGAR TELECOM S/A,50418418705,010,105732021,1015244790,AV JOSÉ ANDRAUS GASSANI,,MG,3170206,20M0G7W,NR,,,2370,2370,226,FB,,,760,116652103257,23.5,25,65,2,X,18,116652103257,60,-18.872044,-48.293939,G,2026-02-04,2023-09-15,,26eaf5f80221befa,2041-12-08,,,Uberlândia
LIC-LIC-01,ALGAR TELECOM S/A,50418418705,010,105732021,1015244790,AV JOSÉ ANDRAUS GASSANI,,MG,3170206,20M0G7W,NR,,,2370,2370,346,FB,,,760,116652103257,23.5,25,65,2,X,18,116652103257,60,-18.872044,-48.293939,G,2026-02-04,2023-09-15,,26eaf5f80221befb,2041-12-08,,,Uberlândia
LIC-LIC-01,ALGAR TELECOM S/A,50418418705,010,105732021,1015032858,RUA DAS PAINEIRAS ROSAS,LOTE 12 QUADRA 5,MG,3170206,80M0D7W,NR,,,3640,3640,50,FB,,,760,168242103257,23.8,25,60,0,X,50,168242103257,199.5,-18.966111,-48.267222,G,2026-02-04,2023-07-11,,78c485f80367760e,2041-12-08,,,Uberlândia
LIC-LIC-01,ALGAR TELECOM S/A,50418418705,010,105732021,1015032858,RUA DAS PAINEIRAS ROSAS,LOTE 12 QUADRA 5,MG,3170206,80M0D7W,NR,,,3640,3640,115,FB,,,760,168242103257,23.8,25,60,0,X,50,168242103257,199.5,-18.966111,-48.267222,G,2026-02-04,2023-07-11,,78c485f80367760f,2041-12-08,,,Uberlândia
LIC-LIC-01,ALGAR TELECOM S/A,50418418705,010,105732021,1015032858,RUA DAS PAINEIRAS ROSAS,LOTE 12 QUADRA 5,MG,3170206,80M0D7W,NR,,,3640,3640,200,FB,,,760,168242103257,23.8,25,60,0,X,50,168242103257,199.5,-18.966111,-48.267222,G,2026-02-04,2023-07-11,,78c485f803677610,2041-12-08,,,Uberlândia
LIC-LIC-01,ALGAR TELECOM S/A,50418418705,010,105732021,697388980,TV VERISSIMO,,MG,3170206,80M0D7W,NR,,,3640,3640,100,FB,,,760,168242103257,23.8,25,60,2,X,45,168242103257,199.5,-18.91243,-48.26651,G,2026-02-04,2012-05-25,,78c485f80367761a,2041-12-08,,,Uberlândia
LIC-LIC-01,ALGAR TELECOM S/A,50418418705,010,105732021,697388980,TV VERISSIMO,,MG,3170206,80M0D7W,NR,,,3640,3640,210,FB,,,760,168242103257,23.8,25,60,2,X,45,168242103257,199.5,-18.91243,-48.26651,G,2026-02-04,2012-05-25,,78c485f80367761b,2041-12-08,,,Uberlândia
LIC-LIC-01,ALGAR TELECOM S/A,50418418705,010,105732021,697388980,TV VERISSIMO,,MG,3170206,80M0D7W,NR,,,3640,3640,290,FB,,,760,168242103257,23.8,25,60,2,X,45,168242103257,199.5,-18.91243,-48.26651,G,2026-02-04,2012-05-25,,78c485f80367761c,2041-12-08,,,Uberlândia
LIC-LIC-01,ALGAR TELECOM S/A,50418418705,010,105732021,692976523,RUA ANTÔNIO FORTUNATO DA SILVA,,MG,3170206,80M0D7W,NR,,,3640,3640,80,FB,,,760,168242103257,23.8,25,60,0,X,50,168242103257,199.5,-18.91528,-48.25016,G,2026-02-04,2010-11-17,,78c485f803677629,2041-12-08,,,Uberlândia
LIC-LIC-01,ALGAR TELECOM S/A,50418418705,010,105732021,692976523,RUA ANTÔNIO FORTUNATO DA SILVA,,MG,3170206,80M0D7W,NR,,,3640,3640,180,FB,,,760,168242103257,23.8,25,60,0,X,50,168242103257,199.5,-18.91528,-48.25016,G,2026-02-04,2010-11-17,,78c485f80367762a,2041-12-08,,,Uberlândia
LIC-LIC-01,ALGAR TELECOM S/A,50418418705,010,105732021,692976523,RUA ANTÔNIO FORTUNATO DA SILVA,,MG,3170206,80M0D7W,NR,,,3640,3640,340,FB,,,760,168242103257,23.8,25,60,0,X,50,168242103257,199.5,-18.91528,-48.25016,G,2026-02-04,2010-11-17,,78c485f80367762b,2041-12-08,,,Uberlândia
LIC-LIC-01,ALGAR TELECOM S/A,50418418705,010,105732021,692936777,RUA  OROZIMBO RIBEIRO,,MG,3170206,80M0D7W,NR,,,3640,3640,100,FB,,,760,168242103257,23.8,25,60,0,X,50,168242103257,199.5,-18.92171,-48.23964,G,2026-02-04,2010-11-04,,78c485f803677635,2041-12-08,,,Uberlândia
LIC-LIC-01,ALGAR TELECOM S/A,50418418705,010,105732021,692936777,RUA  OROZIMBO RIBEIRO,,MG,3170206,80M0D7W,NR,,,3640,3640,210,FB,,,760,168242103257,23.8,25,60,0,X,50,168242103257,199.5,-18.92171,-48.23964,G,2026-02-04,2010-11-04,,78c485f803677636,2041-12-08,,,Uberlândia
LIC-LIC-01,ALGAR TELECOM S/A,50418418705,010,105732021,692936777,RUA  OROZIMBO RIBEIRO,,MG,3170206,80M0D7W,NR,,,3640,3640,330,FB,,,760,168242103257,23.8,25,60,0,X,50,168242103257,199.5,-18.92171,-48.23964,G,2026-02-04,2010-11-04,,78c485f803677637,2041-12-08,,,Uberlândia
LIC-LIC-01,ALGAR TELECOM S/A,50418418705,010,105732021,698292839,AV NICOMEDES ALVES DOS SANTOS,,MG,3170206,80M0D7W,NR,,,3640,3640,0,FB,,,760,033662312368,25,25,60,0,X,5,072102203257,100,-18.95797,-48.27706,G,2026-02-04,2012-11-26,,78c485f803677641,2041-12-08,,,Uberlândia
LIC-LIC-01,ALGAR TELECOM S/A,50418418705,010,105732021,379991349,RUA RAFAEL RINALDI,,MG,3170206,80M0D7W,NR,,,3640,3640,90,FB,,,760,168242103257,23.8,25,60,0,X,50,168242103257,199.5,-18.91405,-48.28975,G,2023-09-27,2004-01-20,,78c485f803ea0d20,2028-11-29,,,Uberlândia
LIC-LIC-01,ALGAR TELECOM S/A,50418418705,010,105732021,379991349,RUA RAFAEL RINALDI,,MG,3170206,80M0D7W,NR,,,3640,3640,220,FB,,,760,168242103257,23.8,25,60,0,X,50,168242103257,199.5,-18.91405,-48.28975,G,2023-09-27,2004-01-20,,78c485f803ea0d21,2028-11-29,,,Uberlândia
LIC-LIC-01,ALGAR TELECOM S/A,50418418705,010,105732021,379991349,RUA RAFAEL RINALDI,,MG,3170206,80M0D7W,NR,,,3640,3640,320,FB,,,760,168242103257,23.8,25,60,0,X,50,168242103257,199.5,-18.91405,-48.28975,G,2023-09-27,2004-01-20,,78c485f803ea0d22,2028-11-29,,,Uberlândia
LIC-LIC-01,ALGAR TELECOM S/A,50418418705,010,105732021,404248896,RUA  MARIA AUGUSTA MORAIS,,MG,3170206,80M0D7W,NR,,,3640,3640,50,FB,,,760,168242103257,23.8,25,60,0,X,58,168242103257,199.5,-18.92414,-48.19889,G,2026-02-04,1999-07-23,,78c485f803ea0d38,2041-12-08,,,Uberlândia
LIC-LIC-01,ALGAR TELECOM S/A,50418418705,010,105732021,404248896,RUA  MARIA AUGUSTA MORAIS,,MG,3170206,80M0D7W,NR,,,3640,3640,230,FB,,,760,168242103257,23.8,25,60,0,X,58,168242103257,199.5,-18.92414,-48.19889,G,2026-02-04,1999-07-23,,78c485f803ea0d39,2041-12-08,,,Uberlândia
LIC-LIC-01,ALGAR TELECOM S/A,50418418705,010,105732021,404248896,RUA  MARIA AUGUSTA MORAIS,,MG,3170206,80M0D7W,NR,,,3640,3640,330,FB,,,760,168242103257,23.8,25,60,0,X,58,168242103257,199.5,-18.92414,-48.19889,G,2026-02-04,1999-07-23,,78c485f803ea0d3a,2041-12-08,,,Uberlândia
LIC-LIC-01,ALGAR TELECOM S/A,50418418705,010,105732021,698015622,R MARIA MARCELLINA DE JESUS,,MG,3170206,80M0D7W,NR,,,3640,3640,210,FB,,,760,168242103257,23.8,25,60,0,X,45,168242103257,199.5,-18.983944,-48.262861,G,2026-02-04,2012-10-26,,78c485f803ea0d4a,2041-12-08,,,Uberlândia
LIC-LIC-01,ALGAR TELECOM S/A,50418418705,010,105732021,698015622,R MARIA MARCELLINA DE JESUS,,MG,3170206,80M0D7W,NR,,,3640,3640,270,FB,,,760,168242103257,23.8,25,60,0,X,45,168242103257,199.5,-18.983944,-48.262861,G,2026-02-04,2012-10-26,,78c485f803ea0d4b,2041-12-08,,,Uberlândia
LIC-LIC-01,ALGAR TELECOM S/A,50418418705,010,105732021,698015622,R MARIA MARCELLINA DE JESUS,,MG,3170206,80M0D7W,NR,,,3640,3640,330,FB,,,760,168242103257,23.8,25,60,0,X,45,168242103257,199.5,-18.983944,-48.262861,G,2026-02-04,2012-10-26,,78c485f803ea0d4c,2041-12-08,,,Uberlândia
LIC-LIC-01,ALGAR TELECOM S/A,50418418705,010,105732021,699324440,ALAMEDA MULUNGU,,MG,3170206,80M0D7W,NR,,,3640,3640,175,FB,,,760,168242103257,23.8,25,60,0,X,35,168242103257,199.5,-18.868881,-48.233144,G,2026-02-04,2013-09-11,,78c485f803ea0d5d,2041-12-08,,,Uberlândia
LIC-LIC-01,ALGAR TELECOM S/A,50418418705,010,105732021,699324440,ALAMEDA MULUNGU,,MG,3170206,80M0D7W,NR,,,3640,3640,215,FB,,,760,168242103257,23.8,25,60,0,X,35,168242103257,199.5,-18.868881,-48.233144,G,2026-02-04,2013-09-11,,78c485f803ea0d5e,2041-12-08,,,Uberlândia
LIC-LIC-01,ALGAR TELECOM S/A,50418418705,010,105732021,4554221,AV JOÃO PINHEIRO,,MG,3170206,80M0D7W,NR,,,3640,3640,80,FB,,,760,168242103257,23.8,25,60,0,X,41,168242103257,199.5,-18.88997,-48.25843,G,2026-02-04,1999-07-08,,78c485f803ea0d74,2041-12-08,,,Uberlândia
LIC-LIC-01,ALGAR TELECOM S/A,50418418705,010,105732021,4554221,AV JOÃO PINHEIRO,,MG,3170206,80M0D7W,NR,,,3640,3640,175,FB,,,760,168242103257,23.8,25,60,0,X,41,168242103257,199.5,-18.88997,-48.25843,G,2026-02-04,1999-07-08,,78c485f803ea0d75,2041-12-08,,,Uberlândia
LIC-LIC-01,ALGAR TELECOM S/A,50418418705,010,105732021,4554221,AV JOÃO PINHEIRO,,MG,3170206,80M0D7W,NR,,,3640,3640,330,FB,,,760,168242103257,23.8,25,60,0,X,41,168242103257,199.5,-18.88997,-48.25843,G,2026-02-04,1999-07-08,,78c485f803ea0d76,2041-12-08,,,Uberlândia
LIC-LIC-01,ALGAR TELECOM S/A,50418418705,010,105732021,688261744,RUA  ROMANA REZENDE SILVA,,MG,3170206,80M0D7W,NR,,,3640,3640,105,FB,,,760,168242103257,23.8,25,60,0,X,60,168242103257,199.5,-18.96669,-48.28195,G,2026-02-04,2006-03-22,,78c485f803ea0d8c,2041-12-08,,,Uberlândia
LIC-LIC-01,ALGAR TELECOM S/A,50418418705,010,105732021,688261744,RUA  ROMANA REZENDE SILVA,,MG,3170206,80M0D7W,NR,,,3640,3640,185,FB,,,760,168242103257,23.8,25,60,0,X,60,168242103257,199.5,-18.96669,-48.28195,G,2026-02-04,2006-03-22,,78c485f803ea0d8d,2041-12-08,,,Uberlândia
LIC-LIC-01,ALGAR TELECOM S/A,50418418705,010,105732021,688261744,RUA  ROMANA REZENDE SILVA,,MG,3170206,80M0D7W,NR,,,3640,3640,340,FB,,,760,168242103257,23.8,25,60,0,X,60,168242103257,199.5,-18.96669,-48.28195,G,2026-02-04,2006-03-22,,78c485f803ea0d8e,2041-12-08,,,Uberlândia
LIC-LIC-01,ALGAR TELECOM S/A,50418418705,010,105732021,379991799,AV  JOAO NAVES DE AVILA,,MG,3170206,80M0D7W,NR,,,3640,3640,0,FB,,,760,033662312368,25,25,60,0,X,5,072102203257,100,-18.90927,-48.26099,G,2026-02-04,2002-11-21,,78c485f803ea0da0,2041-12-08,,,Uberlândia
LIC-LIC-01,ALGAR TELECOM S/A,50418418705,010,105732021,4554183,AV JOAO PINHEIRO,,MG,3170206,80M0D7W,NR,,,3640,3640,105,FB,,,760,168242103257,23.8,25,60,0,X,60,168242103257,199.5,-18.9175,-48.27889,G,2026-02-04,1999-07-08,,78c485f803ea0db8,2041-12-08,,,Uberlândia
LIC-LIC-01,ALGAR TELECOM S/A,50418418705,010,105732021,4554183,AV JOAO PINHEIRO,,MG,3170206,80M0D7W,NR,,,3640,3640,226,FB,,,760,168242103257,23.8,25,60,0,X,60,168242103257,199.5,-18.9175,-48.27889,G,2026-02-04,1999-07-08,,78c485f803ea0db9,2041-12-08,,,Uberlândia
LIC-LIC-01,ALGAR TELECOM S/A,50418418705,010,105732021,4554183,AV JOAO PINHEIRO,,MG,3170206,80M0D7W,NR,,,3640,3640,346,FB,,,760,168242103257,23.8,25,60,0,X,60,168242103257,199.5,-18.9175,-48.27889,G,2026-02-04,1999-07-08,,78c485f803ea0dba,2041-12-08,,,Uberlândia
LIC-LIC-01,ALGAR TELECOM S/A,50418418705,010,105732021,688746373,RUA ANTILHAS,,MG,3170206,80M0D7W,NR,,,3640,3640,105,FB,,,760,168242103257,23.8,25,60,0,X,42,168242103257,199.5,-18.90922,-48.25901,G,2026-02-04,2006-11-28,,78c485f803ea0dd0,2041-12-08,,,Uberlândia
LIC-LIC-01,ALGAR TELECOM S/A,50418418705,010,105732021,688746373,RUA ANTILHAS,,MG,3170206,80M0D7W,NR,,,3640,3640,226,FB,,,760,168242103257,23.8,25,60,0,X,42,168242103257,199.5,-18.90922,-48.25901,G,2026-02-04,2006-11-28,,78c485f803ea0dd1,2041-12-08,,,Uberlândia
LIC-LIC-01,ALGAR TELECOM S/A,50418418705,010,105732021,688746373,RUA ANTILHAS,,MG,3170206,80M0D7W,NR,,,3640,3640,346,FB,,,760,168242103257,23.8,25,60,0,X,42,168242103257,199.5,-18.90922,-48.25901,G,2026-02-04,2006-11-28,,78c485f803ea0dd2,2041-12-08,,,Uberlândia
LIC-LIC-01,ALGAR TELECOM S/A,50418418705,010,105732021,688290736,PRACA  CICERO MACEDO,,MG,3170206,80M0D7W,NR,,,3640,3640,100,FB,,,760,168242103257,23.8,25,60,0,X,50,168242103257,199.5,-18.92501,-48.28369,G,2026-02-04,2006-03-29,,78c485f803ea0de2,2041-12-08,,,Uberlândia
LIC-LIC-01,ALGAR TELECOM S/A,50418418705,010,105732021,688290736,PRACA  CICERO MACEDO,,MG,3170206,80M0D7W,NR,,,3640,3640,200,FB,,,760,168242103257,23.8,25,60,0,X,50,168242103257,199.5,-18.92501,-48.28369,G,2026-02-04,2006-03-29,,78c485f803ea0de3,2041-12-08,,,Uberlândia
LIC-LIC-01,ALGAR TELECOM S/A,50418418705,010,105732021,688290736,PRACA  CICERO MACEDO,,MG,3170206,80M0D7W,NR,,,3640,3640,340,FB,,,760,168242103257,23.8,25,60,0,X,50,168242103257,199.5,-18.92501,-48.28369,G,2026-02-04,2006-03-29,,78c485f803ea0de4,2041-12-08,,,Uberlândia
LIC-LIC-01,ALGAR TELECOM S/A,50418418705,010,105732021,404249019,RUA DAS FLORES,,MG,3170206,80M0D7W,NR,,,3640,3640,85,FB,,,760,168242103257,23.8,25,60,0,X,50,168242103257,199.5,-18.94173,-48.30267,G,2026-02-04,1999-07-23,,78c485f803ea0df7,2041-12-08,,,Uberlândia
LIC-LIC-01,ALGAR TELECOM S/A,50418418705,010,105732021,404249019,RUA DAS FLORES,,MG,3170206,80M0D7W,NR,,,3640,3640,220,FB,,,760,168242103257,23.8,25,60,0,X,50,168242103257,199.5,-18.94173,-48.30267,G,2026-02-04,1999-07-23,,78c485f803ea0df8,2041-12-08,,,Uberlândia
LIC-LIC-01,ALGAR TELECOM S/A,50418418705,010,105732021,404249019,RUA DAS FLORES,,MG,3170206,80M0D7W,NR,,,3640,3640,330,FB,,,760,168242103257,23.8,25,60,0,X,50,168242103257,199.5,-18.94173,-48.30267,G,2026-02-04,1999-07-23,,78c485f803ea0df9,2041-12-08,,,Uberlândia
LIC-LIC-01,ALGAR TELECOM S/A,50418418705,010,105732021,379991462,TRAVESSA  JOVIANO RODRIGUES,,MG,3170206,80M0D7W,NR,,,3640,3640,130,FB,,,760,168242103257,23.8,25,60,0,X,53,168242103257,199.5,-18.91428,-48.27254,G,2026-02-04,2004-01-20,,78c485f803ea0e0c,2041-12-08,,,Uberlândia
LIC-LIC-01,ALGAR TELECOM S/A,50418418705,010,105732021,379991462,TRAVESSA  JOVIANO RODRIGUES,,MG,3170206,80M0D7W,NR,,,3640,3640,240,FB,,,760,168242103257,23.8,25,60,0,X,53,168242103257,199.5,-18.91428,-48.27254,G,2026-02-04,2004-01-20,,78c485f803ea0e0d,2041-12-08,,,Uberlândia
LIC-LIC-01,ALGAR TELECOM S/A,50418418705,010,105732021,379991462,TRAVESSA  JOVIANO RODRIGUES,,MG,3170206,80M0D7W,NR,,,3640,3640,340,FB,,,760,168242103257,23.8,25,60,0,X,53,168242103257,199.5,-18.91428,-48.27254,G,2026-02-04,2004-01-20,,78c485f803ea0e0e,2041-12-08,,,Uberlândia
LIC-LIC-01,ALGAR TELECOM S/A,50418418705,010,105732021,379991470,RUA IZAU RANGEL DE MENDONCA,,MG,3170206,80M0D7W,NR,,,3640,3640,100,FB,,,760,168242103257,23.8,25,60,0,X,37,168242103257,199.5,-18.92361,-48.25361,G,2026-02-04,2002-11-21,,78c485f803ea0e1b,2041-12-08,,,Uberlândia
LIC-LIC-01,ALGAR TELECOM S/A,50418418705,010,105732021,379991470,RUA IZAU RANGEL DE MENDONCA,,MG,3170206,80M0D7W,NR,,,3640,3640,220,FB,,,760,168242103257,23.8,25,60,0,X,37,168242103257,199.5,-18.92361,-48.25361,G,2026-02-04,2002-11-21,,78c485f803ea0e1c,2041-12-08,,,Uberlândia
LIC-LIC-01,ALGAR TELECOM S/A,50418418705,010,105732021,379991470,RUA IZAU RANGEL DE MENDONCA,,MG,3170206,80M0D7W,NR,,,3640,3640,346,FB,,,760,168242103257,23.8,25,60,0,X,37,168242103257,199.5,-18.92361,-48.25361,G,2026-02-04,2002-11-21,,78c485f803ea0e1d,2041-12-08,,,Uberlândia
LIC-LIC-01,ALGAR TELECOM S/A,50418418705,010,105732021,684985454,AV FLORIANO PEIXOTO,,MG,3170206,80M0D7W,NR,,,3640,3640,120,FB,,,760,168242103257,23.8,25,60,0,X,60,168242103257,199.5,-18.88034,-48.24951,G,2026-02-04,2004-11-26,,78c485f803ea0e33,2041-12-08,,,Uberlândia
LIC-LIC-01,ALGAR TELECOM S/A,50418418705,010,105732021,684985454,AV FLORIANO PEIXOTO,,MG,3170206,80M0D7W,NR,,,3640,3640,270,FB,,,760,168242103257,23.8,25,60,0,X,60,168242103257,199.5,-18.88034,-48.24951,G,2026-02-04,2004-11-26,,78c485f803ea0e34,2041-12-08,,,Uberlândia
LIC-LIC-01,ALGAR TELECOM S/A,50418418705,010,105732021,684985454,AV FLORIANO PEIXOTO,,MG,3170206,80M0D7W,NR,,,3640,3640,30,FB,,,760,168242103257,23.8,25,60,0,X,60,168242103257,199.5,-18.88034,-48.24951,G,2026-02-04,2004-11-26,,78c485f803ea0e35,2041-12-08,,,Uberlândia
LIC-LIC-01,ALGAR TELECOM S/A,50418418705,010,105732021,688261302,AV  JOSE ZACHARIAS JUNQUEIRA,,MG,3170206,80M0D7W,NR,,,3640,3640,90,FB,,,760,168242103257,23.8,25,60,0,X,50,168242103257,199.5,-18.91876,-48.26414,G,2026-02-04,2006-03-22,,78c485f803ea0e45,2041-12-08,,,Uberlândia
LIC-LIC-01,ALGAR TELECOM S/A,50418418705,010,105732021,688261302,AV  JOSE ZACHARIAS JUNQUEIRA,,MG,3170206,80M0D7W,NR,,,3640,3640,226,FB,,,760,168242103257,23.8,25,60,0,X,50,168242103257,199.5,-18.91876,-48.26414,G,2026-02-04,2006-03-22,,78c485f803ea0e46,2041-12-08,,,Uberlândia
LIC-LIC-01,ALGAR TELECOM S/A,50418418705,010,105732021,688261302,AV  JOSE ZACHARIAS JUNQUEIRA,,MG,3170206,80M0D7W,NR,,,3640,3640,350,FB,,,760,168242103257,23.8,25,60,0,X,50,168242103257,199.5,-18.91876,-48.26414,G,2026-02-04,2006-03-22,,78c485f803ea0e47,2041-12-08,,,Uberlândia
LIC-LIC-01,ALGAR TELECOM S/A,50418418705,010,105732021,404249914,RUA  JANAUBA,,MG,3170206,80M0D7W,NR,,,3640,3640,20,FB,,,760,168242103257,23.8,25,60,0,X,50,168242103257,199.5,-18.9208,-48.30892,G,2026-02-04,1999-07-23,,78c485f803ea0e57,2041-12-08,,,Uberlândia
LIC-LIC-01,ALGAR TELECOM S/A,50418418705,010,105732021,404249914,RUA  JANAUBA,,MG,3170206,80M0D7W,NR,,,3640,3640,150,FB,,,760,168242103257,23.8,25,60,0,X,50,168242103257,199.5,-18.9208,-48.30892,G,2026-02-04,1999-07-23,,78c485f803ea0e58,2041-12-08,,,Uberlândia
LIC-LIC-01,ALGAR TELECOM S/A,50418418705,010,105732021,404249914,RUA  JANAUBA,,MG,3170206,80M0D7W,NR,,,3640,3640,260,FB,,,760,168242103257,23.8,25,60,0,X,50,168242103257,199.5,-18.9208,-48.30892,G,2026-02-04,1999-07-23,,78c485f803ea0e59,2041-12-08,,,Uberlândia
LIC-LIC-01,ALGAR TELECOM S/A,50418418705,010,105732021,699297192,AV ALICE OLIVEIRA E SILVA,,MG,3170206,80M0D7W,NR,,,3640,3640,30,FB,,,760,168242103257,23.8,25,60,0,X,48,168242103257,199.5,-18.961106,-48.316186,G,2026-02-04,2013-09-04,,78c485f803ea0e6c,2041-12-08,,,Uberlândia
LIC-LIC-01,ALGAR TELECOM S/A,50418418705,010,105732021,699297192,AV ALICE OLIVEIRA E SILVA,,MG,3170206,80M0D7W,NR,,,3640,3640,180,FB,,,760,168242103257,23.8,25,60,0,X,48,168242103257,199.5,-18.961106,-48.316186,G,2026-02-04,2013-09-04,,78c485f803ea0e6d,2041-12-08,,,Uberlândia
LIC-LIC-01,ALGAR TELECOM S/A,50418418705,010,105732021,699297192,AV ALICE OLIVEIRA E SILVA,,MG,3170206,80M0D7W,NR,,,3640,3640,320,FB,,,760,168242103257,23.8,25,60,0,X,48,168242103257,199.5,-18.961106,-48.316186,G,2026-02-04,2013-09-04,,78c485f803ea0e6e,2041-12-08,,,Uberlândia
LIC-LIC-01,ALGAR TELECOM S/A,50418418705,010,105732021,699297354,RUA AMETISTA,,MG,3170206,80M0D7W,NR,,,3640,3640,190,FB,,,760,168242103257,23.8,25,60,0,X,40,168242103257,199.5,-18.910969,-48.313681,G,2026-02-04,2013-09-04,,78c485f803ea0e7e,2041-12-08,,,Uberlândia
LIC-LIC-01,ALGAR TELECOM S/A,50418418705,010,105732021,699297354,RUA AMETISTA,,MG,3170206,80M0D7W,NR,,,3640,3640,260,FB,,,760,168242103257,23.8,25,60,0,X,40,168242103257,199.5,-18.910969,-48.313681,G,2026-02-04,2013-09-04,,78c485f803ea0e7f,2041-12-08,,,Uberlândia
LIC-LIC-01,ALGAR TELECOM S/A,50418418705,010,105732021,699297354,RUA AMETISTA,,MG,3170206,80M0D7W,NR,,,3640,3640,330,FB,,,760,168242103257,23.8,25,60,0,X,40,168242103257,199.5,-18.910969,-48.313681,G,2026-02-04,2013-09-04,,78c485f803ea0e80,2041-12-08,,,Uberlândia
LIC-LIC-01,ALGAR TELECOM S/A,50418418705,010,105732021,379991527,RUA ANTÔNIO LUIZ BASTOS,,MG,3170206,80M0D7W,NR,,,3640,3640,20,FB,,,760,168242103257,23.8,25,60,0,X,48,168242103257,199.5,-18.94119,-48.27274,G,2026-02-04,2002-11-21,,78c485f803ea0ea3,2041-12-08,,,Uberlândia
LIC-LIC-01,ALGAR TELECOM S/A,50418418705,010,105732021,379991527,RUA ANTÔNIO LUIZ BASTOS,,MG,3170206,80M0D7W,NR,,,3640,3640,130,FB,,,760,168242103257,23.8,25,60,0,X,48,168242103257,199.5,-18.94119,-48.27274,G,2026-02-04,2002-11-21,,78c485f803ea0ea4,2041-12-08,,,Uberlândia
LIC-LIC-01,ALGAR TELECOM S/A,50418418705,010,105732021,379991527,RUA ANTÔNIO LUIZ BASTOS,,MG,3170206,80M0D7W,NR,,,3640,3640,220,FB,,,760,168242103257,23.8,25,60,0,X,48,168242103257,199.5,-18.94119,-48.27274,G,2026-02-04,2002-11-21,,78c485f803ea0ea5,2041-12-08,,,Uberlândia
LIC-LIC-01,ALGAR TELECOM S/A,50418418705,010,105732021,379992205,AV JOSÉ FONSECA E SILVA,,MG,3170206,80M0D7W,NR,,,3640,3640,130,FB,,,760,168242103257,23.8,25,60,0,X,50,168242103257,199.5,-18.91724,-48.3295,G,2026-02-04,2004-01-20,,78c485f803ea0eb5,2041-12-08,,,Uberlândia
LIC-LIC-01,ALGAR TELECOM S/A,50418418705,010,105732021,379992205,AV JOSÉ FONSECA E SILVA,,MG,3170206,80M0D7W,NR,,,3640,3640,220,FB,,,760,168242103257,23.8,25,60,0,X,50,168242103257,199.5,-18.91724,-48.3295,G,2026-02-04,2004-01-20,,78c485f803ea0eb6,2041-12-08,,,Uberlândia
LIC-LIC-01,ALGAR TELECOM S/A,50418418705,010,105732021,379992205,AV JOSÉ FONSECA E SILVA,,MG,3170206,80M0D7W,NR,,,3640,3640,310,FB,,,760,168242103257,23.8,25,60,0,X,50,168242103257,199.5,-18.91724,-48.3295,G,2026-02-04,2004-01-20,,78c485f803ea0eb7,2041-12-08,,,Uberlândia
LIC-LIC-01,ALGAR TELECOM S/A,50418418705,010,105732021,1000425999,AV JOSÉ FONSECA E SILVA,,MG,3170206,80M0D7W,NR,,,3640,3640,60,FB,,,760,168242103257,23.8,25,60,0,X,40,168242103257,199.5,-18.9235,-48.33353,G,2026-02-04,2014-08-07,,78c485f803ea0ec4,2041-12-08,,,Uberlândia
LIC-LIC-01,ALGAR TELECOM S/A,50418418705,010,105732021,1000425999,AV JOSÉ FONSECA E SILVA,,MG,3170206,80M0D7W,NR,,,3640,3640,180,FB,,,760,168242103257,23.8,25,60,0,X,40,168242103257,199.5,-18.9235,-48.33353,G,2026-02-04,2014-08-07,,78c485f803ea0ec5,2041-12-08,,,Uberlândia
LIC-LIC-01,ALGAR TELECOM S/A,50418418705,010,105732021,1000425999,AV JOSÉ FONSECA E SILVA,,MG,3170206,80M0D7W,NR,,,3640,3640,330,FB,,,760,168242103257,23.8,25,60,0,X,40,168242103257,199.5,-18.9235,-48.33353,G,2026-02-04,2014-08-07,,78c485f803ea0ec6,2041-12-08,,,Uberlândia
LIC-LIC-01,ALGAR TELECOM S/A,50418418705,010,105732021,698938674,AV PAULO ROBERTO CUNHA SANTOS,,MG,3170206,80M0D7W,NR,,,3640,3640,95,FB,,,760,168242103257,23.8,25,60,0,X,38,168242103257,199.5,-18.881161,-48.264022,G,2026-02-04,2013-05-07,,78c485f803ea0ed3,2041-12-08,,,Uberlândia
LIC-LIC-01,ALGAR TELECOM S/A,50418418705,010,105732021,698938674,AV PAULO ROBERTO CUNHA SANTOS,,MG,3170206,80M0D7W,NR,,,3640,3640,210,FB,,,760,168242103257,23.8,25,60,0,X,38,168242103257,199.5,-18.881161,-48.264022,G,2026-02-04,2013-05-07,,78c485f803ea0ed4,2041-12-08,,,Uberlândia
LIC-LIC-01,ALGAR TELECOM S/A,50418418705,010,105732021,698938674,AV PAULO ROBERTO CUNHA SANTOS,,MG,3170206,80M0D7W,NR,,,3640,3640,310,FB,,,760,168242103257,23.8,25,60,0,X,38,168242103257,199.5,-18.881161,-48.264022,G,2026-02-04,2013-05-07,,78c485f803ea0ed5,2041-12-08,,,Uberlândia
LIC-LIC-01,ALGAR TELECOM S/A,50418418705,010,105732021,696581922,AV  NICOMEDES ALVES DOS SANTOS,,MG,3170206,80M0D7W,NR,,,3640,3640,40,FB,,,760,168242103257,23.8,25,60,0,X,50,168242103257,199.5,-18.95076,-48.27358,G,2026-02-04,2012-02-08,,78c485f803ea0ee5,2041-12-08,,,Uberlândia
LIC-LIC-01,ALGAR TELECOM S/A,50418418705,010,105732021,696581922,AV  NICOMEDES ALVES DOS SANTOS,,MG,3170206,80M0D7W,NR,,,3640,3640,175,FB,,,760,168242103257,23.8,25,60,0,X,50,168242103257,199.5,-18.95076,-48.27358,G,2026-02-04,2012-02-08,,78c485f803ea0ee6,2041-12-08,,,Uberlândia
LIC-LIC-01,ALGAR TELECOM S/A,50418418705,010,105732021,696581922,AV  NICOMEDES ALVES DOS SANTOS,,MG,3170206,80M0D7W,NR,,,3640,3640,275,FB,,,760,168242103257,23.8,25,60,0,X,50,168242103257,199.5,-18.95076,-48.27358,G,2026-02-04,2012-02-08,,78c485f803ea0ee7,2041-12-08,,,Uberlândia
LIC-LIC-01,ALGAR TELECOM S/A,50418418705,010,105732021,695727010,RUA SIOMARIA ALVES FERREIRA,,MG,3170206,80M0D7W,NR,,,3640,3640,140,FB,,,760,168242103257,23.8,25,60,0,X,45,168242103257,199.5,-18.954544,-48.299964,G,2026-02-04,2011-07-15,,78c485f803ea0ef7,2041-12-08,,,Uberlândia
LIC-LIC-01,ALGAR TELECOM S/A,50418418705,010,105732021,695727010,RUA SIOMARIA ALVES FERREIRA,,MG,3170206,80M0D7W,NR,,,3640,3640,245,FB,,,760,168242103257,23.8,25,60,0,X,45,168242103257,199.5,-18.954544,-48.299964,G,2026-02-04,2011-07-15,,78c485f803ea0ef8,2041-12-08,,,Uberlândia
LIC-LIC-01,ALGAR TELECOM S/A,50418418705,010,105732021,695727010,RUA SIOMARIA ALVES FERREIRA,,MG,3170206,80M0D7W,NR,,,3640,3640,36,FB,,,760,168242103257,23.8,25,60,0,X,45,168242103257,199.5,-18.954544,-48.299964,G,2026-02-04,2011-07-15,,78c485f803ea0ef9,2041-12-08,,,Uberlândia
LIC-LIC-01,ALGAR TELECOM S/A,50418418705,010,105732021,379992221,AV SALOMAO ABRAHAO,,MG,3170206,80M0D7W,NR,,,3640,3640,90,FB,,,760,168242103257,23.8,25,60,0,X,42,168242103257,199.5,-18.91768,-48.23026,G,2026-02-04,2000-02-14,,78c485f803ea0f0c,2041-12-08,,,Uberlândia
LIC-LIC-01,ALGAR TELECOM S/A,50418418705,010,105732021,379992221,AV SALOMAO ABRAHAO,,MG,3170206,80M0D7W,NR,,,3640,3640,180,FB,,,760,168242103257,23.8,25,60,0,X,42,168242103257,199.5,-18.91768,-48.23026,G,2026-02-04,2000-02-14,,78c485f803ea0f0d,2041-12-08,,,Uberlândia
LIC-LIC-01,ALGAR TELECOM S/A,50418418705,010,105732021,379992221,AV SALOMAO ABRAHAO,,MG,3170206,80M0D7W,NR,,,3640,3640,330,FB,,,760,168242103257,23.8,25,60,0,X,42,168242103257,199.5,-18.91768,-48.23026,G,2026-02-04,2000-02-14,,78c485f803ea0f0e,2041-12-08,,,Uberlândia
LIC-LIC-01,ALGAR TELECOM S/A,50418418705,010,105732021,379991500,RUA ALEXANDRE MARQUEZ,,MG,3170206,80M0D7W,NR,,,3640,3640,120,FB,,,760,168242103257,23.8,25,60,0,X,30,168242103257,199.5,-18.91443,-48.28179,G,2026-02-04,2004-01-20,,78c485f803ea0f1e,2041-12-08,,,Uberlândia
LIC-LIC-01,ALGAR TELECOM S/A,50418418705,010,105732021,379991500,RUA ALEXANDRE MARQUEZ,,MG,3170206,80M0D7W,NR,,,3640,3640,240,FB,,,760,168242103257,23.8,25,60,0,X,30,168242103257,199.5,-18.91443,-48.28179,G,2026-02-04,2004-01-20,,78c485f803ea0f1f,2041-12-08,,,Uberlândia
LIC-LIC-01,ALGAR TELECOM S/A,50418418705,010,105732021,379991500,RUA ALEXANDRE MARQUEZ,,MG,3170206,80M0D7W,NR,,,3640,3640,360,FB,,,760,168242103257,23.8,25,60,0,X,30,168242103257,199.5,-18.91443,-48.28179,G,2026-02-04,2004-01-20,,78c485f803ea0f20,2041-12-08,,,Uberlândia
LIC-LIC-01,ALGAR TELECOM S/A,50418418705,010,105732021,684985462,RUA  PEDRO JOSE SAMORA,,MG,3170206,80M0D7W,NR,,,3640,3640,100,FB,,,760,168242103257,23.8,25,60,0,X,50,168242103257,199.5,-18.92293,-48.24758,G,2026-02-04,2004-11-26,,78c485f803ea0f39,2041-12-08,,,Uberlândia
LIC-LIC-01,ALGAR TELECOM S/A,50418418705,010,105732021,684985462,RUA  PEDRO JOSE SAMORA,,MG,3170206,80M0D7W,NR,,,3640,3640,230,FB,,,760,168242103257,23.8,25,60,0,X,50,168242103257,199.5,-18.92293,-48.24758,G,2026-02-04,2004-11-26,,78c485f803ea0f3a,2041-12-08,,,Uberlândia
LIC-LIC-01,ALGAR TELECOM S/A,50418418705,010,105732021,684985462,RUA  PEDRO JOSE SAMORA,,MG,3170206,80M0D7W,NR,,,3640,3640,360,FB,,,760,168242103257,23.8,25,60,0,X,50,168242103257,199.5,-18.92293,-48.24758,G,2026-02-04,2004-11-26,,78c485f803ea0f3b,2041-12-08,,,Uberlândia
LIC-LIC-01,ALGAR TELECOM S/A,50418418705,010,105732021,1003529906,RUA FLORISBELO TERRA DE DEUS,,MG,3170206,80M0D7W,NR,,,3640,3640,90,FB,,,760,168242103257,23.8,25,60,0,X,50,168242103257,199.5,-18.95476,-48.22545,G,2025-06-13,2016-11-22,,78c485f803ea0f45,2041-12-08,,,Uberlândia
LIC-LIC-01,ALGAR TELECOM S/A,50418418705,010,105732021,1003529906,RUA FLORISBELO TERRA DE DEUS,,MG,3170206,80M0D7W,NR,,,3640,3640,150,FB,,,760,168242103257,23.8,25,60,0,X,50,168242103257,199.5,-18.95476,-48.22545,G,2025-06-13,2016-11-22,,78c485f803ea0f46,2041-12-08,,,Uberlândia
LIC-LIC-01,ALGAR TELECOM S/A,50418418705,010,105732021,1003529906,RUA FLORISBELO TERRA DE DEUS,,MG,3170206,80M0D7W,NR,,,3640,3640,260,FB,,,760,168242103257,23.8,25,60,0,X,50,168242103257,199.5,-18.95476,-48.22545,G,2025-06-13,2016-11-22,,78c485f803ea0f47,2041-12-08,,,Uberlândia
LIC-LIC-01,ALGAR TELECOM S/A,50418418705,010,105732021,688026761,RUA  TABOR,,MG,3170206,80M0D7W,NR,,,3640,3640,110,FB,,,760,168242103257,23.8,25,60,0,X,45,168242103257,199.5,-18.96185,-48.332,G,2026-02-04,2006-01-05,,78c485f803ea0f5d,2041-12-08,,,Uberlândia
LIC-LIC-01,ALGAR TELECOM S/A,50418418705,010,105732021,688026761,RUA  TABOR,,MG,3170206,80M0D7W,NR,,,3640,3640,180,FB,,,760,168242103257,23.8,25,60,0,X,45,168242103257,199.5,-18.96185,-48.332,G,2026-02-04,2006-01-05,,78c485f803ea0f5e,2041-12-08,,,Uberlândia
LIC-LIC-01,ALGAR TELECOM S/A,50418418705,010,105732021,688026761,RUA  TABOR,,MG,3170206,80M0D7W,NR,,,3640,3640,320,FB,,,760,168242103257,23.8,25,60,0,X,45,168242103257,199.5,-18.96185,-48.332,G,2026-02-04,2006-01-05,,78c485f803ea0f5f,2041-12-08,,,Uberlândia
LIC-LIC-01,ALGAR TELECOM S/A,50418418705,010,105732021,379991845,PRAÇA PROFESSOR NELSON CUPERTINO,,MG,3170206,80M0D7W,NR,,,3640,3640,106,FB,,,760,168242103257,23.8,25,60,0,X,31,168242103257,199.5,-18.92543,-48.28965,G,2026-02-04,2004-01-20,,78c485f803ea0f6c,2041-12-08,,,Uberlândia
LIC-LIC-01,ALGAR TELECOM S/A,50418418705,010,105732021,379991845,PRAÇA PROFESSOR NELSON CUPERTINO,,MG,3170206,80M0D7W,NR,,,3640,3640,196,FB,,,760,168242103257,23.8,25,60,0,X,31,168242103257,199.5,-18.92543,-48.28965,G,2026-02-04,2004-01-20,,78c485f803ea0f6d,2041-12-08,,,Uberlândia
LIC-LIC-01,ALGAR TELECOM S/A,50418418705,010,105732021,379991845,PRAÇA PROFESSOR NELSON CUPERTINO,,MG,3170206,80M0D7W,NR,,,3640,3640,330,FB,,,760,168242103257,23.8,25,60,0,X,31,168242103257,199.5,-18.92543,-48.28965,G,2026-02-04,2004-01-20,,78c485f803ea0f6e,2041-12-08,,,Uberlândia
LIC-LIC-01,ALGAR TELECOM S/A,50418418705,010,105732021,379991861,AV  PORTUGAL,,MG,3170206,80M0D7W,NR,,,3640,3640,100,FB,,,760,168242103257,23.8,25,60,0,X,50,168242103257,199.5,-18.90052,-48.24901,G,2026-02-04,2004-01-20,,78c485f803ea0f84,2041-12-08,,,Uberlândia
LIC-LIC-01,ALGAR TELECOM S/A,50418418705,010,105732021,379991861,AV  PORTUGAL,,MG,3170206,80M0D7W,NR,,,3640,3640,210,FB,,,760,168242103257,23.8,25,60,0,X,50,168242103257,199.5,-18.90052,-48.24901,G,2026-02-04,2004-01-20,,78c485f803ea0f85,2041-12-08,,,Uberlândia
LIC-LIC-01,ALGAR TELECOM S/A,50418418705,010,105732021,379991861,AV  PORTUGAL,,MG,3170206,80M0D7W,NR,,,3640,3640,350,FB,,,760,168242103257,23.8,25,60,0,X,50,168242103257,199.5,-18.90052,-48.24901,G,2026-02-04,2004-01-20,,78c485f803ea0f86,2041-12-08,,,Uberlândia
LIC-LIC-01,ALGAR TELECOM S/A,50418418705,010,105732021,1003530637,RUA CASTRO ALVES,,MG,3170206,80M0D7W,NR,,,3640,3640,80,FB,,,760,168242103257,23.8,25,60,2,X,50,168242103257,199.5,-18.93616,-48.29799,G,2026-02-04,2016-11-22,,78c485f803ea0f96,2041-12-08,,,Uberlândia
LIC-LIC-01,ALGAR TELECOM S/A,50418418705,010,105732021,1003530637,RUA CASTRO ALVES,,MG,3170206,80M0D7W,NR,,,3640,3640,250,FB,,,760,168242103257,23.8,25,60,2,X,50,168242103257,199.5,-18.93616,-48.29799,G,2026-02-04,2016-11-22,,78c485f803ea0f97,2041-12-08,,,Uberlândia
LIC-LIC-01,ALGAR TELECOM S/A,50418418705,010,105732021,1003530637,RUA CASTRO ALVES,,MG,3170206,80M0D7W,NR,,,3640,3640,350,FB,,,760,168242103257,23.8,25,60,2,X,50,168242103257,199.5,-18.93616,-48.29799,G,2026-02-04,2016-11-22,,78c485f803ea0f98,2041-12-08,,,Uberlândia
LIC-LIC-01,ALGAR TELECOM S/A,50418418705,010,105732021,1005604379,RUA BUENO BRANDÃO,,MG,3170206,80M0D7W,NR,,,3640,3640,10,FB,,,760,168242103257,23.8,25,60,0,X,65,168242103257,199.5,-18.91976,-48.28698,G,2026-02-04,2018-01-22,,78c485f803ea0fa5,2041-12-08,,,Uberlândia
LIC-LIC-01,ALGAR TELECOM S/A,50418418705,010,105732021,1005604379,RUA BUENO BRANDÃO,,MG,3170206,80M0D7W,NR,,,3640,3640,110,FB,,,760,168242103257,23.8,25,60,0,X,65,168242103257,199.5,-18.91976,-48.28698,G,2026-02-04,2018-01-22,,78c485f803ea0fa6,2041-12-08,,,Uberlândia
LIC-LIC-01,ALGAR TELECOM S/A,50418418705,010,105732021,1005604379,RUA BUENO BRANDÃO,,MG,3170206,80M0D7W,NR,,,3640,3640,280,FB,,,760,168242103257,23.8,25,60,0,X,65,168242103257,199.5,-18.91976,-48.28698,G,2026-02-04,2018-01-22,,78c485f803ea0fa7,2041-12-08,,,Uberlândia
LIC-LIC-01,ALGAR TELECOM S/A,50418418705,010,105732021,688295916,RUA JOSÉ SERAFIM DE OLIVEIRA,,MG,3170206,80M0D7W,NR,,,3640,3640,80,FB,,,760,168242103257,23.8,25,60,0,X,48,168242103257,199.5,-18.936806,-48.282194,G,2026-02-04,2006-03-30,,78c485f803ea0fb4,2041-12-08,,,Uberlândia
LIC-LIC-01,ALGAR TELECOM S/A,50418418705,010,105732021,688295916,RUA JOSÉ SERAFIM DE OLIVEIRA,,MG,3170206,80M0D7W,NR,,,3640,3640,220,FB,,,760,168242103257,23.8,25,60,0,X,48,168242103257,199.5,-18.936806,-48.282194,G,2026-02-04,2006-03-30,,78c485f803ea0fb5,2041-12-08,,,Uberlândia
LIC-LIC-01,ALGAR TELECOM S/A,50418418705,010,105732021,688295916,RUA JOSÉ SERAFIM DE OLIVEIRA,,MG,3170206,80M0D7W,NR,,,3640,3640,330,FB,,,760,168242103257,23.8,25,60,0,X,48,168242103257,199.5,-18.936806,-48.282194,G,2026-02-04,2006-03-30,,78c485f803ea0fb6,2041-12-08,,,Uberlândia
LIC-LIC-01,ALGAR TELECOM S/A,50418418705,010,105732021,1001994067,AV DOUTOR VICENTE SALLES GUIMARÃES,,MG,3170206,80M0D7W,NR,,,3640,3640,110,FB,,,760,168242103257,23.8,25,60,0,X,40,168242103257,26.3,-18.88693,-48.2357,G,2026-02-04,2015-09-14,,b67285f8036d988c,2041-12-08,,,Uberlândia
LIC-LIC-01,ALGAR TELECOM S/A,50418418705,010,105732021,1001994067,AV DOUTOR VICENTE SALLES GUIMARÃES,,MG,3170206,80M0D7W,NR,,,3640,3640,220,FB,,,760,168242103257,23.8,25,60,0,X,40,168242103257,26.3,-18.88693,-48.2357,G,2026-02-04,2015-09-14,,b67285f8036d988d,2041-12-08,,,Uberlândia
LIC-LIC-01,ALGAR TELECOM S/A,50418418705,010,105732021,1001994067,AV DOUTOR VICENTE SALLES GUIMARÃES,,MG,3170206,80M0D7W,NR,,,3640,3640,320,FB,,,760,168242103257,23.8,25,60,0,X,40,168242103257,26.3,-18.88693,-48.2357,G,2026-02-04,2015-09-14,,b67285f8036d988e,2041-12-08,,,Uberlândia
LIC-LIC-01,ALGAR TELECOM S/A,50418418705,010,105732021,1000426260,RUA JOSÉ LIMA WANDERLEY,,MG,3170206,80M0D7W,NR,,,3640,3640,80,FB,,,760,168242103257,23.8,25,60,0,X,40,168242103257,199.5,-18.93214,-48.31392,G,2023-10-30,2014-08-07,,b67285f8036d989b,2029-12-08,,,Uberlândia
LIC-LIC-01,ALGAR TELECOM S/A,50418418705,010,105732021,1000426260,RUA JOSÉ LIMA WANDERLEY,,MG,3170206,80M0D7W,NR,,,3640,3640,185,FB,,,760,168242103257,23.8,25,60,0,X,40,168242103257,199.5,-18.93214,-48.31392,G,2023-10-30,2014-08-07,,b67285f8036d989c,2029-12-08,,,Uberlândia
LIC-LIC-01,ALGAR TELECOM S/A,50418418705,010,105732021,1000426260,RUA JOSÉ LIMA WANDERLEY,,MG,3170206,80M0D7W,NR,,,3640,3640,315,FB,,,760,168242103257,23.8,25,60,0,X,40,168242103257,199.5,-18.93214,-48.31392,G,2023-10-30,2014-08-07,,b67285f8036d989d,2029-12-08,,,Uberlândia
LIC-LIC-01,ALGAR TELECOM S/A,50418418705,010,105732021,441630138,AV DOUTOR BEZERRA DE MENEZES,,MG,3170206,80M0D7W,NR,,,3640,3640,110,FB,,,760,168242103257,23.8,25,60,0,X,46,168242103257,199.5,-18.89788,-48.30057,G,2026-02-04,1999-11-09,,b67285f8036d98bc,2041-12-08,,,Uberlândia
LIC-LIC-01,ALGAR TELECOM S/A,50418418705,010,105732021,441630138,AV DOUTOR BEZERRA DE MENEZES,,MG,3170206,80M0D7W,NR,,,3640,3640,250,FB,,,760,168242103257,23.8,25,60,0,X,46,168242103257,199.5,-18.89788,-48.30057,G,2026-02-04,1999-11-09,,b67285f8036d98bd,2041-12-08,,,Uberlândia
LIC-LIC-01,ALGAR TELECOM S/A,50418418705,010,105732021,441630138,AV DOUTOR BEZERRA DE MENEZES,,MG,3170206,80M0D7W,NR,,,3640,3640,350,FB,,,760,168242103257,23.8,25,60,0,X,46,168242103257,199.5,-18.89788,-48.30057,G,2026-02-04,1999-11-09,,b67285f8036d98be,2041-12-08,,,Uberlândia
LIC-LIC-01,ALGAR TELECOM S/A,50418418705,010,105732021,688146724,RUA  PRIMEIRO DE MAIO,,MG,3170206,80M0D7W,NR,,,3640,3640,30,FB,,,760,168242103257,23.8,25,60,0,X,51,168242103257,199.5,-18.88418,-48.28934,G,2023-10-30,2006-02-03,,b67285f8036d98ce,2029-12-08,,,Uberlândia
LIC-LIC-01,ALGAR TELECOM S/A,50418418705,010,105732021,688146724,RUA  PRIMEIRO DE MAIO,,MG,3170206,80M0D7W,NR,,,3640,3640,180,FB,,,760,168242103257,23.8,25,60,0,X,51,168242103257,199.5,-18.88418,-48.28934,G,2023-10-30,2006-02-03,,b67285f8036d98cf,2029-12-08,,,Uberlândia
LIC-LIC-01,ALGAR TELECOM S/A,50418418705,010,105732021,688146724,RUA  PRIMEIRO DE MAIO,,MG,3170206,80M0D7W,NR,,,3640,3640,280,FB,,,760,168242103257,23.8,25,60,0,X,51,168242103257,199.5,-18.88418,-48.28934,G,2023-10-30,2006-02-03,,b67285f8036d98d0,2029-12-08,,,Uberlândia
LIC-LIC-01,ALGAR TELECOM S/A,50418418705,010,105732021,1000426901,RUA MARACANÃ,,MG,3170206,80M0D7W,NR,,,3640,3640,80,FB,,,760,168242103257,23.8,25,60,0,X,40,168242103257,199.5,-18.93014,-48.24726,G,2023-10-30,2014-08-07,,b67285f8036d98e0,2029-12-08,,,Uberlândia
LIC-LIC-01,ALGAR TELECOM S/A,50418418705,010,105732021,1000426901,RUA MARACANÃ,,MG,3170206,80M0D7W,NR,,,3640,3640,180,FB,,,760,168242103257,23.8,25,60,0,X,40,168242103257,199.5,-18.93014,-48.24726,G,2023-10-30,2014-08-07,,b67285f8036d98e1,2029-12-08,,,Uberlândia
LIC-LIC-01,ALGAR TELECOM S/A,50418418705,010,105732021,1000426901,RUA MARACANÃ,,MG,3170206,80M0D7W,NR,,,3640,3640,280,FB,,,760,168242103257,23.8,25,60,0,X,40,168242103257,199.5,-18.93014,-48.24726,G,2023-10-30,2014-08-07,,b67285f8036d98e2,2029-12-08,,,Uberlândia
LIC-LIC-01,ALGAR TELECOM S/A,50418418705,010,105732021,1001994393,RUA DA ESPERANÇA,,MG,3170206,80M0D7W,NR,,,3640,3640,110,FB,,,760,168242103257,23.8,25,60,0,X,40,168242103257,199.5,-18.906,-48.21208,G,2025-06-13,2015-09-14,,b67285f8036d98fe,2041-12-08,,,Uberlândia
LIC-LIC-01,ALGAR TELECOM S/A,50418418705,010,105732021,1001994393,RUA DA ESPERANÇA,,MG,3170206,80M0D7W,NR,,,3640,3640,250,FB,,,760,168242103257,23.8,25,60,0,X,40,168242103257,199.5,-18.906,-48.21208,G,2025-06-13,2015-09-14,,b67285f8036d98ff,2041-12-08,,,Uberlândia
LIC-LIC-01,ALGAR TELECOM S/A,50418418705,010,105732021,1001994393,RUA DA ESPERANÇA,,MG,3170206,80M0D7W,NR,,,3640,3640,340,FB,,,760,168242103257,23.8,25,60,0,X,40,168242103257,199.5,-18.906,-48.21208,G,2025-06-13,2015-09-14,,b67285f8036d9900,2041-12-08,,,Uberlândia
LIC-LIC-01,ALGAR TELECOM S/A,50418418705,010,105732021,692937013,RUA ANTÔNIO THOMAS DE REZENDER,,MG,3170206,80M0D7W,NR,,,3640,3640,105,FB,,,760,168242103257,23.8,25,60,0,X,50,168242103257,199.5,-18.91017,-48.30258,G,2026-02-04,2010-11-04,,b67285f8036d990a,2041-12-08,,,Uberlândia
LIC-LIC-01,ALGAR TELECOM S/A,50418418705,010,105732021,692937013,RUA ANTÔNIO THOMAS DE REZENDER,,MG,3170206,80M0D7W,NR,,,3640,3640,260,FB,,,760,168242103257,23.8,25,60,0,X,50,168242103257,199.5,-18.91017,-48.30258,G,2026-02-04,2010-11-04,,b67285f8036d990b,2041-12-08,,,Uberlândia
LIC-LIC-01,ALGAR TELECOM S/A,50418418705,010,105732021,692937013,RUA ANTÔNIO THOMAS DE REZENDER,,MG,3170206,80M0D7W,NR,,,3640,3640,10,FB,,,760,168242103257,23.8,25,60,0,X,50,168242103257,199.5,-18.91017,-48.30258,G,2026-02-04,2010-11-04,,b67285f8036d990c,2041-12-08,,,Uberlândia
LIC-LIC-01,ALGAR TELECOM S/A,50418418705,010,105732021,379991713,RUA TENENTE VIRMONDES,,MG,3170206,80M0D7W,NR,,,3640,3640,96,FB,,,760,168242103257,23.8,25,60,0,X,22,168242103257,199.5,-18.91922,-48.27531,G,2026-02-04,2004-01-20,,b67285f8036d9916,2041-12-08,,,Uberlândia
LIC-LIC-01,ALGAR TELECOM S/A,50418418705,010,105732021,379991713,RUA TENENTE VIRMONDES,,MG,3170206,80M0D7W,NR,,,3640,3640,226,FB,,,760,168242103257,23.8,25,60,0,X,22,168242103257,199.5,-18.91922,-48.27531,G,2026-02-04,2004-01-20,,b67285f8036d9917,2041-12-08,,,Uberlândia
LIC-LIC-01,ALGAR TELECOM S/A,50418418705,010,105732021,379991713,RUA TENENTE VIRMONDES,,MG,3170206,80M0D7W,NR,,,3640,3640,336,FB,,,760,168242103257,23.8,25,60,0,X,22,168242103257,199.5,-18.91922,-48.27531,G,2026-02-04,2004-01-20,,b67285f8036d9918,2041-12-08,,,Uberlândia
LIC-LIC-01,ALGAR TELECOM S/A,50418418705,010,105732021,379991764,RUA  TAMOIOS,,MG,3170206,20M0G7W,NR,,,2370,2370,160,FB,,,760,218782303257,23.5,25,65,0,X,40,218782303257,60,-18.9264,-48.26925,G,2024-04-04,2002-11-21,,b67285f8036d992b,2041-12-08,,,Uberlândia
LIC-LIC-01,ALGAR TELECOM S/A,50418418705,010,105732021,379991764,RUA  TAMOIOS,,MG,3170206,20M0G7W,NR,,,2370,2370,230,FB,,,760,218782303257,23.5,25,65,0,X,40,218782303257,60,-18.9264,-48.26925,G,2024-04-04,2002-11-21,,b67285f8036d992c,2041-12-08,,,Uberlândia
LIC-LIC-01,ALGAR TELECOM S/A,50418418705,010,105732021,379991764,RUA  TAMOIOS,,MG,3170206,20M0G7W,NR,,,2370,2370,20,FB,,,760,218782303257,23.5,25,65,0,X,40,218782303257,60,-18.9264,-48.26925,G,2024-04-04,2002-11-21,,b67285f8036d992d,2041-12-08,,,Uberlândia
LIC-LIC-01,ALGAR TELECOM S/A,50418418705,010,105732021,379991764,RUA  TAMOIOS,,MG,3170206,80M0D7W,NR,,,3640,3640,160,FB,,,760,168242103257,23.8,25,60,0,X,40,168242103257,199.5,-18.9264,-48.26925,G,2023-10-30,2002-11-21,,b67285f8036d9931,2029-12-08,,,Uberlândia
LIC-LIC-01,ALGAR TELECOM S/A,50418418705,010,105732021,379991764,RUA  TAMOIOS,,MG,3170206,80M0D7W,NR,,,3640,3640,230,FB,,,760,168242103257,23.8,25,60,0,X,40,168242103257,199.5,-18.9264,-48.26925,G,2023-10-30,2002-11-21,,b67285f8036d9932,2029-12-08,,,Uberlândia
LIC-LIC-01,ALGAR TELECOM S/A,50418418705,010,105732021,379991764,RUA  TAMOIOS,,MG,3170206,80M0D7W,NR,,,3640,3640,20,FB,,,760,168242103257,23.8,25,60,0,X,40,168242103257,199.5,-18.9264,-48.26925,G,2023-10-30,2002-11-21,,b67285f8036d9933,2029-12-08,,,Uberlândia
LIC-LIC-01,ALGAR TELECOM S/A,50418418705,010,105732021,688627323,RUA ANTÔNIO ZEFERINO DE PAULA,,MG,3170206,80M0D7W,NR,,,3640,3640,90,FB,,,760,168242103257,23.8,25,60,0,X,50,168242103257,199.5,-18.93306,-48.23222,G,2026-02-04,2006-08-24,,b67285f8036d9946,2041-12-08,,,Uberlândia
LIC-LIC-01,ALGAR TELECOM S/A,50418418705,010,105732021,688627323,RUA ANTÔNIO ZEFERINO DE PAULA,,MG,3170206,80M0D7W,NR,,,3640,3640,210,FB,,,760,168242103257,23.8,25,60,0,X,50,168242103257,199.5,-18.93306,-48.23222,G,2026-02-04,2006-08-24,,b67285f8036d9947,2041-12-08,,,Uberlândia
LIC-LIC-01,ALGAR TELECOM S/A,50418418705,010,105732021,688627323,RUA ANTÔNIO ZEFERINO DE PAULA,,MG,3170206,80M0D7W,NR,,,3640,3640,330,FB,,,760,168242103257,23.8,25,60,0,X,50,168242103257,199.5,-18.93306,-48.23222,G,2026-02-04,2006-08-24,,b67285f8036d9948,2041-12-08,,,Uberlândia
LIC-LIC-01,ALGAR TELECOM S/A,50418418705,010,105732021,1014978391,RUA JOAQUIM CARLOS FONSECA,,MG,3170206,80M0D7W,NR,,,3640,3640,55,FB,,,760,168242103257,23.8,25,60,0,X,38,168242103257,199.5,-18.930056,-48.225444,G,2023-11-14,2023-06-16,,5e7ea5f80409e008,2029-12-08,,,Uberlândia
LIC-LIC-01,ALGAR TELECOM S/A,50418418705,010,105732021,1014978391,RUA JOAQUIM CARLOS FONSECA,,MG,3170206,80M0D7W,NR,,,3640,3640,145,FB,,,760,168242103257,23.8,25,60,0,X,38,168242103257,199.5,-18.930056,-48.225444,G,2023-11-14,2023-06-16,,5e7ea5f80409e009,2029-12-08,,,Uberlândia
LIC-LIC-01,ALGAR TELECOM S/A,50418418705,010,105732021,1014978391,RUA JOAQUIM CARLOS FONSECA,,MG,3170206,80M0D7W,NR,,,3640,3640,340,FB,,,760,168242103257,23.8,25,60,0,X,38,168242103257,199.5,-18.930056,-48.225444,G,2023-11-14,2023-06-16,,5e7ea5f80409e00a,2029-12-08,,,Uberlândia
LIC-LIC-01,ALGAR TELECOM S/A,50418418705,010,105732021,688290728,AV  LEVINDO DE SOUZA,,MG,3170206,80M0D7W,NR,,,3640,3640,80,FB,,,760,168242103257,23.8,25,60,0,X,50,168242103257,199.5,-18.89403,-48.27061,G,2026-02-04,2006-03-29,,5e7ea5f80409e017,2041-12-08,,,Uberlândia
LIC-LIC-01,ALGAR TELECOM S/A,50418418705,010,105732021,688290728,AV  LEVINDO DE SOUZA,,MG,3170206,80M0D7W,NR,,,3640,3640,190,FB,,,760,168242103257,23.8,25,60,0,X,50,168242103257,199.5,-18.89403,-48.27061,G,2026-02-04,2006-03-29,,5e7ea5f80409e018,2041-12-08,,,Uberlândia
LIC-LIC-01,ALGAR TELECOM S/A,50418418705,010,105732021,688290728,AV  LEVINDO DE SOUZA,,MG,3170206,80M0D7W,NR,,,3640,3640,300,FB,,,760,168242103257,23.8,25,60,0,X,50,168242103257,199.5,-18.89403,-48.27061,G,2026-02-04,2006-03-29,,5e7ea5f80409e019,2041-12-08,,,Uberlândia
LIC-LIC-01,ALGAR TELECOM S/A,50418418705,010,105732021,404248985,AV  ANTONIO THOMAZ FERREIRA REZENDE,,MG,3170206,80M0D7W,NR,,,3640,3640,80,FB,,,760,168242103257,23.8,25,60,0,X,50,168242103257,199.5,-18.86912,-48.28934,G,2023-11-14,1999-07-23,,5e7ea5f80409e029,2029-12-08,,,Uberlândia
LIC-LIC-01,ALGAR TELECOM S/A,50418418705,010,105732021,404248985,AV  ANTONIO THOMAZ FERREIRA REZENDE,,MG,3170206,80M0D7W,NR,,,3640,3640,220,FB,,,760,168242103257,23.8,25,60,0,X,50,168242103257,199.5,-18.86912,-48.28934,G,2023-11-14,1999-07-23,,5e7ea5f80409e02a,2029-12-08,,,Uberlândia
LIC-LIC-01,ALGAR TELECOM S/A,50418418705,010,105732021,404248985,AV  ANTONIO THOMAZ FERREIRA REZENDE,,MG,3170206,80M0D7W,NR,,,3640,3640,330,FB,,,760,168242103257,23.8,25,60,0,X,50,168242103257,199.5,-18.86912,-48.28934,G,2023-11-14,1999-07-23,,5e7ea5f80409e02b,2029-12-08,,,Uberlândia
LIC-LIC-01,ALGAR TELECOM S/A,50418418705,010,105732021,692976507,RUA  SALTO OZORIO,,MG,3170206,80M0D7W,NR,,,3640,3640,30,FB,,,760,168242103257,23.8,25,60,0,X,50,168242103257,199.5,-18.94272,-48.24819,G,2026-02-04,2010-11-17,,5e7ea5f80409e03b,2041-12-08,,,Uberlândia
LIC-LIC-01,ALGAR TELECOM S/A,50418418705,010,105732021,692976507,RUA  SALTO OZORIO,,MG,3170206,80M0D7W,NR,,,3640,3640,175,FB,,,760,168242103257,23.8,25,60,0,X,50,168242103257,199.5,-18.94272,-48.24819,G,2026-02-04,2010-11-17,,5e7ea5f80409e03c,2041-12-08,,,Uberlândia
LIC-LIC-01,ALGAR TELECOM S/A,50418418705,010,105732021,692976507,RUA  SALTO OZORIO,,MG,3170206,80M0D7W,NR,,,3640,3640,320,FB,,,760,168242103257,23.8,25,60,0,X,50,168242103257,199.5,-18.94272,-48.24819,G,2026-02-04,2010-11-17,,5e7ea5f80409e03d,2041-12-08,,,Uberlândia
LIC-LIC-01,ALGAR TELECOM S/A,50418418705,010,105732021,699303109,RUA RIO GRANDE DO SUL,,MG,3170206,80M0D7W,NR,,,3640,3640,30,FB,,,760,168242103257,23.8,25,60,0,X,48,168242103257,199.5,-18.898778,-48.262639,G,2026-02-04,2013-09-04,,5e7ea5f80409e04d,2041-12-08,,,Uberlândia
LIC-LIC-01,ALGAR TELECOM S/A,50418418705,010,105732021,699303109,RUA RIO GRANDE DO SUL,,MG,3170206,80M0D7W,NR,,,3640,3640,170,FB,,,760,168242103257,23.8,25,60,0,X,48,168242103257,199.5,-18.898778,-48.262639,G,2026-02-04,2013-09-04,,5e7ea5f80409e04e,2041-12-08,,,Uberlândia
LIC-LIC-01,ALGAR TELECOM S/A,50418418705,010,105732021,699303109,RUA RIO GRANDE DO SUL,,MG,3170206,80M0D7W,NR,,,3640,3640,330,FB,,,760,168242103257,23.8,25,60,0,X,48,168242103257,199.5,-18.898778,-48.262639,G,2026-02-04,2013-09-04,,5e7ea5f80409e04f,2041-12-08,,,Uberlândia
LIC-LIC-01,ALGAR TELECOM S/A,50418418705,010,105732021,1015601194,RUA SU1,,MG,3170206,80M0D7W,NR,,,3640,3640,80,FB,,,760,168242103257,23.8,25,60,0,X,20,168242103257,199.5,-18.960217,-48.278447,G,2026-02-04,2024-01-17,,f698d5f8023cd1f0,2041-12-08,,,Uberlândia
LIC-LIC-01,ALGAR TELECOM S/A,50418418705,010,105732021,1015601194,RUA SU1,,MG,3170206,80M0D7W,NR,,,3640,3640,260,FB,,,760,168242103257,23.8,25,60,0,X,20,168242103257,199.5,-18.960217,-48.278447,G,2026-02-04,2024-01-17,,f698d5f8023cd1f1,2041-12-08,,,Uberlândia
LIC-LIC-01,ALGAR TELECOM S/A,50418418705,010,105732021,1015601208,AV JOAO PINHEIRO,,MG,3170206,20M0G7W,NR,,,2370,2370,90,FB,,,760,072202203257,23.5,25,65,0,X,5,072202203257,60,-18.9175,-48.27889,G,2026-02-04,2024-01-17,,f698d5f8023cd200,2041-12-08,,,Uberlândia
LIC-LIC-01,ALGAR TELECOM S/A,50418418705,010,105732021,1015601208,AV JOAO PINHEIRO,,MG,3170206,20M0G7W,NR,,,2370,2370,180,FB,,,760,072202203257,23.5,25,65,0,X,5,072202203257,60,-18.9175,-48.27889,G,2026-02-04,2024-01-17,,f698d5f8023cd201,2041-12-08,,,Uberlândia
LIC-LIC-01,ALGAR TELECOM S/A,50418418705,010,105732021,1015601208,AV JOAO PINHEIRO,,MG,3170206,80M0D7W,NR,,,3640,3640,90,FB,,,760,168242103257,23.8,25,60,0,X,5,168242103257,199.5,-18.9175,-48.27889,G,2026-02-04,2024-01-17,,f698d5f8023cd202,2041-12-08,,,Uberlândia
LIC-LIC-01,ALGAR TELECOM S/A,50418418705,010,105732021,1015601208,AV JOAO PINHEIRO,,MG,3170206,80M0D7W,NR,,,3640,3640,180,FB,,,760,168242103257,23.8,25,60,0,X,5,168242103257,199.5,-18.9175,-48.27889,G,2026-02-04,2024-01-17,,f698d5f8023cd203,2041-12-08,,,Uberlândia
LIC-LIC-01,ALGAR TELECOM S/A,50418418705,010,105732021,1003503494,RUA GRÉCIA,,MG,3170206,80M0D7W,NR,,,3640,3640,50,FB,,,760,168242103257,23.8,25,60,0,X,50,168242103257,199.5,-18.90084,-48.25602,G,2024-02-26,2016-11-04,,0f82e5f806bd9be8,2041-12-08,,,Uberlândia
LIC-LIC-01,ALGAR TELECOM S/A,50418418705,010,105732021,1003503494,RUA GRÉCIA,,MG,3170206,80M0D7W,NR,,,3640,3640,120,FB,,,760,168242103257,23.8,25,60,0,X,50,168242103257,199.5,-18.90084,-48.25602,G,2024-02-26,2016-11-04,,0f82e5f806bd9be9,2041-12-08,,,Uberlândia
LIC-LIC-01,ALGAR TELECOM S/A,50418418705,010,105732021,1003503494,RUA GRÉCIA,,MG,3170206,80M0D7W,NR,,,3640,3640,270,FB,,,760,168242103257,23.8,25,60,0,X,50,168242103257,199.5,-18.90084,-48.25602,G,2024-02-26,2016-11-04,,0f82e5f806bd9bea,2041-12-08,,,Uberlândia
LIC-LIC-01,ALGAR TELECOM S/A,50418418705,010,105732021,688526276,RUA PROFESSOR PEDRO BERNARDO,,MG,3170206,80M0D7W,NR,,,3640,3640,20,FB,,,760,168242103257,23.8,25,60,0,X,56,168242103257,199.5,-18.92302,-48.27743,G,2024-02-26,2006-07-11,,0f82e5f806bd9c54,2041-12-08,,,Uberlândia
LIC-LIC-01,ALGAR TELECOM S/A,50418418705,010,105732021,688526276,RUA PROFESSOR PEDRO BERNARDO,,MG,3170206,80M0D7W,NR,,,3640,3640,140,FB,,,760,168242103257,23.8,25,60,0,X,56,168242103257,199.5,-18.92302,-48.27743,G,2024-02-26,2006-07-11,,0f82e5f806bd9c55,2041-12-08,,,Uberlândia
LIC-LIC-01,ALGAR TELECOM S/A,50418418705,010,105732021,688526276,RUA PROFESSOR PEDRO BERNARDO,,MG,3170206,80M0D7W,NR,,,3640,3640,240,FB,,,760,168242103257,23.8,25,60,0,X,56,168242103257,199.5,-18.92302,-48.27743,G,2024-02-26,2006-07-11,,0f82e5f806bd9c56,2041-12-08,,,Uberlândia
LIC-LIC-01,ALGAR TELECOM S/A,50418418705,010,105732021,1015244790,AV JOSÉ ANDRAUS GASSANI,,MG,3170206,80M0D7W,NR,,,3640,3640,106,FB,,,760,116672103257,25,25,60,0,X,18,116672103257,79,-18.872044,-48.293939,G,2026-02-04,2023-09-15,,bb27e5f803bbfa12,2041-12-08,,,Uberlândia
LIC-LIC-01,ALGAR TELECOM S/A,50418418705,010,105732021,1015244790,AV JOSÉ ANDRAUS GASSANI,,MG,3170206,80M0D7W,NR,,,3640,3640,226,FB,,,760,116672103257,25,25,60,0,X,18,116672103257,79,-18.872044,-48.293939,G,2026-02-04,2023-09-15,,bb27e5f803bbfa13,2041-12-08,,,Uberlândia
LIC-LIC-01,ALGAR TELECOM S/A,50418418705,010,105732021,1015244790,AV JOSÉ ANDRAUS GASSANI,,MG,3170206,80M0D7W,NR,,,3640,3640,346,FB,,,760,116672103257,25,25,60,0,X,18,116672103257,79,-18.872044,-48.293939,G,2026-02-04,2023-09-15,,bb27e5f803bbfa14,2041-12-08,,,Uberlândia
LIC-LIC-01,ALGAR TELECOM S/A,50418418705,010,105732021,379991349,RUA RAFAEL RINALDI,,MG,3170206,20M0G7W,NR,,,2370,2370,90,FB,,,760,218782303257,23.5,25,65,0,X,50,218782303257,60,-18.91405,-48.28975,G,2024-04-04,2004-01-20,,3856e5f84c3d991a,2041-12-08,,,Uberlândia
LIC-LIC-01,ALGAR TELECOM S/A,50418418705,010,105732021,379991349,RUA RAFAEL RINALDI,,MG,3170206,20M0G7W,NR,,,2370,2370,220,FB,,,760,218782303257,23.5,25,65,0,X,50,218782303257,60,-18.91405,-48.28975,G,2024-04-04,2004-01-20,,3856e5f84c3d991b,2041-12-08,,,Uberlândia
LIC-LIC-01,ALGAR TELECOM S/A,50418418705,010,105732021,379991349,RUA RAFAEL RINALDI,,MG,3170206,20M0G7W,NR,,,2370,2370,320,FB,,,760,218782303257,23.5,25,65,0,X,50,218782303257,60,-18.91405,-48.28975,G,2024-04-04,2004-01-20,,3856e5f84c3d991c,2041-12-08,,,Uberlândia
LIC-LIC-01,ALGAR TELECOM S/A,50418418705,010,105732021,379991403,RUA BURITI ALEGRE,,MG,3170206,20M0G7W,NR,,,2370,2370,130,FB,,,760,218782303257,23.5,25,65,0,X,30,218782303257,60,-18.90705,-48.26888,G,2024-04-04,2000-08-14,,3856e5f84c3d9932,2041-12-08,,,Uberlândia
LIC-LIC-01,ALGAR TELECOM S/A,50418418705,010,105732021,379991403,RUA BURITI ALEGRE,,MG,3170206,20M0G7W,NR,,,2370,2370,270,FB,,,760,218782303257,23.5,25,65,0,X,30,218782303257,60,-18.90705,-48.26888,G,2024-04-04,2000-08-14,,3856e5f84c3d9933,2041-12-08,,,Uberlândia
LIC-LIC-01,ALGAR TELECOM S/A,50418418705,010,105732021,379991403,RUA BURITI ALEGRE,,MG,3170206,20M0G7W,NR,,,2370,2370,360,FB,,,760,218782303257,23.5,25,65,0,X,30,218782303257,60,-18.90705,-48.26888,G,2024-04-04,2000-08-14,,3856e5f84c3d9934,2041-12-08,,,Uberlândia
LIC-LIC-01,ALGAR TELECOM S/A,50418418705,010,105732021,688526276,RUA PROFESSOR PEDRO BERNARDO,,MG,3170206,20M0G7W,NR,,,2370,2370,20,FB,,,760,218782303257,23.5,25,65,0,X,56,218782303257,60,-18.92302,-48.27743,G,2024-04-04,2006-07-11,,3856e5f84c3d9947,2041-12-08,,,Uberlândia
LIC-LIC-01,ALGAR TELECOM S/A,50418418705,010,105732021,688526276,RUA PROFESSOR PEDRO BERNARDO,,MG,3170206,20M0G7W,NR,,,2370,2370,140,FB,,,760,218782303257,23.5,25,65,0,X,56,218782303257,60,-18.92302,-48.27743,G,2024-04-04,2006-07-11,,3856e5f84c3d9948,2041-12-08,,,Uberlândia
LIC-LIC-01,ALGAR TELECOM S/A,50418418705,010,105732021,688526276,RUA PROFESSOR PEDRO BERNARDO,,MG,3170206,20M0G7W,NR,,,2370,2370,240,FB,,,760,218782303257,23.5,25,65,0,X,56,218782303257,60,-18.92302,-48.27743,G,2024-04-04,2006-07-11,,3856e5f84c3d9949,2041-12-08,,,Uberlândia
LIC-LIC-01,ALGAR TELECOM S/A,50418418705,010,105732021,1003503494,RUA GRÉCIA,,MG,3170206,20M0G7W,NR,,,2370,2370,50,FB,,,760,218782303257,23.5,25,65,0,X,50,218782303257,60,-18.90084,-48.25602,G,2024-04-04,2016-11-04,,3856e5f84c3d9983,2041-12-08,,,Uberlândia
LIC-LIC-01,ALGAR TELECOM S/A,50418418705,010,105732021,1003503494,RUA GRÉCIA,,MG,3170206,20M0G7W,NR,,,2370,2370,120,FB,,,760,218782303257,23.5,25,65,0,X,50,218782303257,60,-18.90084,-48.25602,G,2024-04-04,2016-11-04,,3856e5f84c3d9984,2041-12-08,,,Uberlândia
LIC-LIC-01,ALGAR TELECOM S/A,50418418705,010,105732021,1003503494,RUA GRÉCIA,,MG,3170206,20M0G7W,NR,,,2370,2370,270,FB,,,760,218782303257,23.5,25,65,0,X,50,218782303257,60,-18.90084,-48.25602,G,2024-04-04,2016-11-04,,3856e5f84c3d9985,2041-12-08,,,Uberlândia
LIC-LIC-01,ALGAR TELECOM S/A,50418418705,010,105732021,1000426260,RUA JOSÉ LIMA WANDERLEY,,MG,3170206,20M0G7W,NR,,,2370,2370,80,FB,,,760,218782303257,23.5,25,65,0,X,40,218782303257,60,-18.93214,-48.31392,G,2024-04-11,2014-08-07,,3856e5f87153de05,2041-12-08,,,Uberlândia
LIC-LIC-01,ALGAR TELECOM S/A,50418418705,010,105732021,1000426260,RUA JOSÉ LIMA WANDERLEY,,MG,3170206,20M0G7W,NR,,,2370,2370,185,FB,,,760,218782303257,23.5,25,65,0,X,40,218782303257,60,-18.93214,-48.31392,G,2024-04-11,2014-08-07,,3856e5f87153de06,2041-12-08,,,Uberlândia
LIC-LIC-01,ALGAR TELECOM S/A,50418418705,010,105732021,1000426260,RUA JOSÉ LIMA WANDERLEY,,MG,3170206,20M0G7W,NR,,,2370,2370,315,FB,,,760,218782303257,23.5,25,65,0,X,40,218782303257,60,-18.93214,-48.31392,G,2024-04-11,2014-08-07,,3856e5f87153de07,2041-12-08,,,Uberlândia
LIC-LIC-01,ALGAR TELECOM S/A,50418418705,010,105732021,404248985,AV  ANTONIO THOMAZ FERREIRA REZENDE,,MG,3170206,20M0G7W,NR,,,2370,2370,80,FB,,,760,218782303257,23.5,25,65,0,X,50,218782303257,60,-18.86912,-48.28934,G,2024-04-11,1999-07-23,,3856e5f87153de1a,2041-12-08,,,Uberlândia
LIC-LIC-01,ALGAR TELECOM S/A,50418418705,010,105732021,404248985,AV  ANTONIO THOMAZ FERREIRA REZENDE,,MG,3170206,20M0G7W,NR,,,2370,2370,220,FB,,,760,218782303257,23.5,25,65,0,X,50,218782303257,60,-18.86912,-48.28934,G,2024-04-11,1999-07-23,,3856e5f87153de1b,2041-12-08,,,Uberlândia
LIC-LIC-01,ALGAR TELECOM S/A,50418418705,010,105732021,404248985,AV  ANTONIO THOMAZ FERREIRA REZENDE,,MG,3170206,20M0G7W,NR,,,2370,2370,330,FB,,,760,218782303257,23.5,25,65,0,X,50,218782303257,60,-18.86912,-48.28934,G,2024-04-11,1999-07-23,,3856e5f87153de1c,2041-12-08,,,Uberlândia
LIC-LIC-01,ALGAR TELECOM S/A,50418418705,010,105732021,1015789541,PRAÇA JOSE ALVES DOS SANTOS,,MG,3170206,80M0D7W,NR,,,3640,3640,110,FB,,,760,168242103257,23.8,25,60,0,X,5,168242103257,52.4,-18.889631,-48.230819,G,2026-02-04,2024-05-06,,9f133648fbe217d6,2041-12-08,,,Uberlândia
LIC-LIC-01,ALGAR TELECOM S/A,50418418705,010,105732021,1016222774,AV SIDERAL,,MG,3170206,80M0D7W,NR,,,3640,3640,110,FB,,,760,168242103257,23.8,25,60,0,X,16,168242103257,26.3,-18.890972,-48.223417,G,2026-02-04,2024-10-24,,55063af803d3ef1c,2041-12-08,,,Uberlândia
LIC-LIC-01,ALGAR TELECOM S/A,50418418705,010,105732021,1016222774,AV SIDERAL,,MG,3170206,80M0D7W,NR,,,3640,3640,180,FB,,,760,168242103257,23.8,25,60,0,X,16,168242103257,26.3,-18.890972,-48.223417,G,2026-02-04,2024-10-24,,55063af803d3ef1d,2041-12-08,,,Uberlândia
LIC-LIC-01,ALGAR TELECOM S/A,50418418705,010,105732021,1016222774,AV SIDERAL,,MG,3170206,80M0D7W,NR,,,3640,3640,290,FB,,,760,168242103257,23.8,25,60,0,X,16,168242103257,26.3,-18.890972,-48.223417,G,2026-02-04,2024-10-24,,55063af803d3ef1e,2041-12-08,,,Uberlândia
LIC-LIC-01,ALGAR TELECOM S/A,50418418705,010,105732021,404249027,RUA  ANTONIO PAIVA CATALAO,,MG,3170206,80M0D7W,NR,,,3640,3640,40,FB,,,760,168242103257,23.8,25,60,0,X,48,168242103257,199.5,-18.95289,-48.23747,G,2026-02-04,1999-07-23,,ecef8c080361f9f8,2041-12-08,,,Uberlândia
LIC-LIC-01,ALGAR TELECOM S/A,50418418705,010,105732021,404249027,RUA  ANTONIO PAIVA CATALAO,,MG,3170206,80M0D7W,NR,,,3640,3640,200,FB,,,760,168242103257,23.8,25,60,0,X,48,168242103257,199.5,-18.95289,-48.23747,G,2026-02-04,1999-07-23,,ecef8c080361f9f9,2041-12-08,,,Uberlândia
LIC-LIC-01,ALGAR TELECOM S/A,50418418705,010,105732021,404249027,RUA  ANTONIO PAIVA CATALAO,,MG,3170206,80M0D7W,NR,,,3640,3640,340,FB,,,760,168242103257,23.8,25,60,0,X,48,168242103257,199.5,-18.95289,-48.23747,G,2026-02-04,1999-07-23,,ecef8c080361f9fa,2041-12-08,,,Uberlândia
LIC-LIC-01,ALGAR TELECOM S/A,50418418705,010,105732021,692976540,RUA PALERMO,,MG,3170206,80M0D7W,NR,,,3640,3640,100,FB,,,760,168242103257,23.8,25,60,0,X,50,168242103257,199.5,-18.93776,-48.33899,G,2026-02-04,2010-11-17,,ecef8c080361fa22,2041-12-08,,,Uberlândia
LIC-LIC-01,ALGAR TELECOM S/A,50418418705,010,105732021,692976540,RUA PALERMO,,MG,3170206,80M0D7W,NR,,,3640,3640,220,FB,,,760,168242103257,23.8,25,60,0,X,50,168242103257,199.5,-18.93776,-48.33899,G,2026-02-04,2010-11-17,,ecef8c080361fa23,2041-12-08,,,Uberlândia
LIC-LIC-01,ALGAR TELECOM S/A,50418418705,010,105732021,692976540,RUA PALERMO,,MG,3170206,80M0D7W,NR,,,3640,3640,15,FB,,,760,168242103257,23.8,25,60,0,X,50,168242103257,199.5,-18.93776,-48.33899,G,2026-02-04,2010-11-17,,ecef8c080361fa24,2041-12-08,,,Uberlândia
LIC-LIC-01,ALGAR TELECOM S/A,50418418705,010,105732021,379991748,AV  JOAO BERNARDES DE SOUZA,,MG,3170206,80M0D7W,NR,,,3640,3640,60,FB,,,760,168242103257,23.8,25,60,0,X,50,168242103257,199.5,-18.89851,-48.28349,G,2026-02-04,2001-08-29,,ecef8c080361fa34,2041-12-08,,,Uberlândia
LIC-LIC-01,ALGAR TELECOM S/A,50418418705,010,105732021,379991748,AV  JOAO BERNARDES DE SOUZA,,MG,3170206,80M0D7W,NR,,,3640,3640,190,FB,,,760,168242103257,23.8,25,60,0,X,50,168242103257,199.5,-18.89851,-48.28349,G,2026-02-04,2001-08-29,,ecef8c080361fa35,2041-12-08,,,Uberlândia
LIC-LIC-01,ALGAR TELECOM S/A,50418418705,010,105732021,379991748,AV  JOAO BERNARDES DE SOUZA,,MG,3170206,80M0D7W,NR,,,3640,3640,300,FB,,,760,168242103257,23.8,25,60,0,X,50,168242103257,199.5,-18.89851,-48.28349,G,2026-02-04,2001-08-29,,ecef8c080361fa36,2041-12-08,,,Uberlândia
LIC-LIC-01,ALGAR TELECOM S/A,50418418705,010,105732021,1003278083,RUA JUDITH MOREIRA,,MG,3170206,80M0D7W,NR,,,3640,3640,60,FB,,,760,168242103257,23.8,25,60,0,X,45,168242103257,199.5,-18.89654,-48.29056,G,2025-06-13,2016-09-02,,ecef8c080361fa40,2041-12-08,,,Uberlândia
LIC-LIC-01,ALGAR TELECOM S/A,50418418705,010,105732021,1003278083,RUA JUDITH MOREIRA,,MG,3170206,80M0D7W,NR,,,3640,3640,210,FB,,,760,168242103257,23.8,25,60,0,X,45,168242103257,199.5,-18.89654,-48.29056,G,2025-06-13,2016-09-02,,ecef8c080361fa41,2041-12-08,,,Uberlândia
LIC-LIC-01,ALGAR TELECOM S/A,50418418705,010,105732021,1003278083,RUA JUDITH MOREIRA,,MG,3170206,80M0D7W,NR,,,3640,3640,280,FB,,,760,168242103257,23.8,25,60,0,X,45,168242103257,199.5,-18.89654,-48.29056,G,2025-06-13,2016-09-02,,ecef8c080361fa42,2041-12-08,,,Uberlândia
LIC-LIC-01,ALGAR TELECOM S/A,50418418705,010,105732021,699297338,RUA SERRA FORMOSA,,MG,3170206,80M0D7W,NR,,,3640,3640,115,FB,,,760,168242103257,23.8,25,60,0,X,50,168242103257,199.5,-18.962714,-48.228644,G,2026-02-04,2013-09-04,,ecef8c080361fa55,2041-12-08,,,Uberlândia
LIC-LIC-01,ALGAR TELECOM S/A,50418418705,010,105732021,699297338,RUA SERRA FORMOSA,,MG,3170206,80M0D7W,NR,,,3640,3640,210,FB,,,760,168242103257,23.8,25,60,0,X,50,168242103257,199.5,-18.962714,-48.228644,G,2026-02-04,2013-09-04,,ecef8c080361fa56,2041-12-08,,,Uberlândia
LIC-LIC-01,ALGAR TELECOM S/A,50418418705,010,105732021,699297338,RUA SERRA FORMOSA,,MG,3170206,80M0D7W,NR,,,3640,3640,320,FB,,,760,168242103257,23.8,25,60,0,X,50,168242103257,199.5,-18.962714,-48.228644,G,2026-02-04,2013-09-04,,ecef8c080361fa57,2041-12-08,,,Uberlândia
LIC-LIC-01,ALGAR TELECOM S/A,50418418705,010,105732021,404249043,RUA DOUTOR MANOEL THOMAZ TEIXEIRA DE SOUZA,,MG,3170206,80M0D7W,NR,,,3640,3640,55,FB,,,760,168242103257,23.8,25,60,0,X,48,168242103257,199.5,-18.89974,-48.33872,G,2026-02-04,1999-07-23,,ecef8c080361fa6a,2041-12-08,,,Uberlândia
LIC-LIC-01,ALGAR TELECOM S/A,50418418705,010,105732021,404249043,RUA DOUTOR MANOEL THOMAZ TEIXEIRA DE SOUZA,,MG,3170206,80M0D7W,NR,,,3640,3640,140,FB,,,760,168242103257,23.8,25,60,0,X,48,168242103257,199.5,-18.89974,-48.33872,G,2026-02-04,1999-07-23,,ecef8c080361fa6b,2041-12-08,,,Uberlândia
LIC-LIC-01,ALGAR TELECOM S/A,50418418705,010,105732021,404249043,RUA DOUTOR MANOEL THOMAZ TEIXEIRA DE SOUZA,,MG,3170206,80M0D7W,NR,,,3640,3640,310,FB,,,760,168242103257,23.8,25,60,0,X,48,168242103257,199.5,-18.89974,-48.33872,G,2026-02-04,1999-07-23,,ecef8c080361fa6c,2041-12-08,,,Uberlândia
LIC-LIC-01,ALGAR TELECOM S/A,50418418705,010,105732021,688540325,AV DA FÉ,,MG,3170206,80M0D7W,NR,,,3640,3640,5,FB,,,760,072792302519,17.45,0,65,0,X,45,072792302519,199.5,-18.74685,-48.41959,G,2025-11-24,2006-08-03,,ea04f4d800d2ec9e,2041-12-08,,,Uberlândia
LIC-LIC-01,ALGAR TELECOM S/A,50418418705,010,105732021,688540325,AV DA FÉ,,MG,3170206,80M0D7W,NR,,,3640,3640,130,FB,,,760,072792302519,17.45,0,65,0,X,45,072792302519,199.5,-18.74685,-48.41959,G,2025-11-24,2006-08-03,,ea04f4d800d2ec9f,2041-12-08,,,Uberlândia
LIC-LIC-01,ALGAR TELECOM S/A,50418418705,010,105732021,688540325,AV DA FÉ,,MG,3170206,80M0D7W,NR,,,3640,3640,200,FB,,,760,072792302519,17.45,0,65,0,X,45,072792302519,199.5,-18.74685,-48.41959,G,2025-11-24,2006-08-03,,ea04f4d800d2eca0,2041-12-08,,,Uberlândia
LIC-LIC-01,ALGAR TELECOM S/A,50418418705,010,159972025,1015789541,PRAÇA JOSE ALVES DOS SANTOS,,MG,3170206,20M0D7W,NR,,,3690,3690,110,FB,,,760,168242103257,23.8,25,60,0,X,5,168242103257,52.4,-18.889631,-48.230819,G,2026-02-04,2024-05-06,,5bc763186ee1ed34,2028-10-21,,,Uberlândia
LIC-LIC-01,ALGAR TELECOM S/A,50418418705,010,159972025,1016222774,AV SIDERAL,,MG,3170206,20M0D7W,NR,,,3690,3690,110,FB,,,760,168242103257,23.8,25,60,0,X,16,168242103257,52.4,-18.890972,-48.223417,G,2026-02-04,2024-10-24,,5bc763186ee1ed3e,2028-10-21,,,Uberlândia
LIC-LIC-01,ALGAR TELECOM S/A,50418418705,010,159972025,1016222774,AV SIDERAL,,MG,3170206,20M0D7W,NR,,,3690,3690,180,FB,,,760,168242103257,23.8,25,60,0,X,16,168242103257,52.4,-18.890972,-48.223417,G,2026-02-04,2024-10-24,,5bc763186ee1ed3f,2028-10-21,,,Uberlândia
LIC-LIC-01,ALGAR TELECOM S/A,50418418705,010,159972025,1016222774,AV SIDERAL,,MG,3170206,20M0D7W,NR,,,3690,3690,290,FB,,,760,168242103257,23.8,25,60,0,X,16,168242103257,52.4,-18.890972,-48.223417,G,2026-02-04,2024-10-24,,5bc763186ee1ed40,2028-10-21,,,Uberlândia
LIC-LIC-01,ALGAR TELECOM S/A,50418418705,010,159972025,1001994067,AV DOUTOR VICENTE SALLES GUIMARÃES,,MG,3170206,20M0D7W,NR,,,3690,3690,110,FB,,,760,168242103257,23.8,25,60,0,X,40,168242103257,52.4,-18.88693,-48.2357,G,2026-02-04,2015-09-14,,5bc763186ee1ed53,2028-10-21,,,Uberlândia
LIC-LIC-01,ALGAR TELECOM S/A,50418418705,010,159972025,1001994067,AV DOUTOR VICENTE SALLES GUIMARÃES,,MG,3170206,20M0D7W,NR,,,3690,3690,220,FB,,,760,168242103257,23.8,25,60,0,X,40,168242103257,52.4,-18.88693,-48.2357,G,2026-02-04,2015-09-14,,5bc763186ee1ed54,2028-10-21,,,Uberlândia
LIC-LIC-01,ALGAR TELECOM S/A,50418418705,010,159972025,1001994067,AV DOUTOR VICENTE SALLES GUIMARÃES,,MG,3170206,20M0D7W,NR,,,3690,3690,320,FB,,,760,168242103257,23.8,25,60,0,X,40,168242103257,52.4,-18.88693,-48.2357,G,2026-02-04,2015-09-14,,5bc763186ee1ed55,2028-10-21,,,Uberlândia
LIC-LIC-01,ALGAR TELECOM S/A,50418418705,010,159972025,404248896,RUA  MARIA AUGUSTA MORAIS,,MG,3170206,20M0D7W,NR,,,3690,3690,50,FB,,,760,168242103257,23.8,25,60,0,X,58,168242103257,52.4,-18.92414,-48.19889,G,2026-02-04,1999-07-23,,5bc763186ee1ed74,2028-10-21,,,Uberlândia
LIC-LIC-01,ALGAR TELECOM S/A,50418418705,010,159972025,404248896,RUA  MARIA AUGUSTA MORAIS,,MG,3170206,20M0D7W,NR,,,3690,3690,230,FB,,,760,168242103257,23.8,25,60,0,X,58,168242103257,52.4,-18.92414,-48.19889,G,2026-02-04,1999-07-23,,5bc763186ee1ed75,2028-10-21,,,Uberlândia
LIC-LIC-01,ALGAR TELECOM S/A,50418418705,010,159972025,404248896,RUA  MARIA AUGUSTA MORAIS,,MG,3170206,20M0D7W,NR,,,3690,3690,330,FB,,,760,168242103257,23.8,25,60,0,X,58,168242103257,52.4,-18.92414,-48.19889,G,2026-02-04,1999-07-23,,5bc763186ee1ed76,2028-10-21,,,Uberlândia
LIC-LIC-01,ALGAR TELECOM S/A,50418418705,010,159972025,698015622,R MARIA MARCELLINA DE JESUS,,MG,3170206,20M0D7W,NR,,,3690,3690,210,FB,,,760,168242103257,23.8,25,60,0,X,45,168242103257,52.4,-18.983944,-48.262861,G,2026-02-04,2012-10-26,,5bc763186ee1ed8c,2028-10-21,,,Uberlândia
LIC-LIC-01,ALGAR TELECOM S/A,50418418705,010,159972025,698015622,R MARIA MARCELLINA DE JESUS,,MG,3170206,20M0D7W,NR,,,3690,3690,270,FB,,,760,168242103257,23.8,25,60,0,X,45,168242103257,52.4,-18.983944,-48.262861,G,2026-02-04,2012-10-26,,5bc763186ee1ed8d,2028-10-21,,,Uberlândia
LIC-LIC-01,ALGAR TELECOM S/A,50418418705,010,159972025,698015622,R MARIA MARCELLINA DE JESUS,,MG,3170206,20M0D7W,NR,,,3690,3690,330,FB,,,760,168242103257,23.8,25,60,0,X,45,168242103257,52.4,-18.983944,-48.262861,G,2026-02-04,2012-10-26,,5bc763186ee1ed8e,2028-10-21,,,Uberlândia
LIC-LIC-01,ALGAR TELECOM S/A,50418418705,010,159972025,699324440,ALAMEDA MULUNGU,,MG,3170206,20M0D7W,NR,,,3690,3690,175,FB,,,760,168242103257,23.8,25,60,0,X,35,168242103257,52.4,-18.868881,-48.233144,G,2026-02-04,2013-09-11,,5bc763186ee1eda7,2028-10-21,,,Uberlândia
LIC-LIC-01,ALGAR TELECOM S/A,50418418705,010,159972025,699324440,ALAMEDA MULUNGU,,MG,3170206,20M0D7W,NR,,,3690,3690,215,FB,,,760,168242103257,23.8,25,60,0,X,35,168242103257,52.4,-18.868881,-48.233144,G,2026-02-04,2013-09-11,,5bc763186ee1eda8,2028-10-21,,,Uberlândia
LIC-LIC-01,ALGAR TELECOM S/A,50418418705,010,159972025,4554221,AV JOÃO PINHEIRO,,MG,3170206,20M0D7W,NR,,,3690,3690,80,FB,,,760,168242103257,23.8,25,60,0,X,41,168242103257,52.4,-18.88997,-48.25843,G,2026-02-04,1999-07-08,,5bc763186ee1edc7,2028-10-21,,,Uberlândia
LIC-LIC-01,ALGAR TELECOM S/A,50418418705,010,159972025,4554221,AV JOÃO PINHEIRO,,MG,3170206,20M0D7W,NR,,,3690,3690,175,FB,,,760,168242103257,23.8,25,60,0,X,41,168242103257,52.4,-18.88997,-48.25843,G,2026-02-04,1999-07-08,,5bc763186ee1edc8,2028-10-21,,,Uberlândia
LIC-LIC-01,ALGAR TELECOM S/A,50418418705,010,159972025,4554221,AV JOÃO PINHEIRO,,MG,3170206,20M0D7W,NR,,,3690,3690,330,FB,,,760,168242103257,23.8,25,60,0,X,41,168242103257,52.4,-18.88997,-48.25843,G,2026-02-04,1999-07-08,,5bc763186ee1edc9,2028-10-21,,,Uberlândia
LIC-LIC-01,ALGAR TELECOM S/A,50418418705,010,159972025,688290728,AV  LEVINDO DE SOUZA,,MG,3170206,20M0D7W,NR,,,3690,3690,80,FB,,,760,168242103257,23.8,25,60,0,X,50,168242103257,52.4,-18.89403,-48.27061,G,2026-02-04,2006-03-29,,5bc763186ee1eddf,2028-10-21,,,Uberlândia
LIC-LIC-01,ALGAR TELECOM S/A,50418418705,010,159972025,688290728,AV  LEVINDO DE SOUZA,,MG,3170206,20M0D7W,NR,,,3690,3690,190,FB,,,760,168242103257,23.8,25,60,0,X,50,168242103257,52.4,-18.89403,-48.27061,G,2026-02-04,2006-03-29,,5bc763186ee1ede0,2028-10-21,,,Uberlândia
LIC-LIC-01,ALGAR TELECOM S/A,50418418705,010,159972025,688290728,AV  LEVINDO DE SOUZA,,MG,3170206,20M0D7W,NR,,,3690,3690,300,FB,,,760,168242103257,23.8,25,60,0,X,50,168242103257,52.4,-18.89403,-48.27061,G,2026-02-04,2006-03-29,,5bc763186ee1ede1,2028-10-21,,,Uberlândia
LIC-LIC-01,ALGAR TELECOM S/A,50418418705,010,159972025,688261744,RUA  ROMANA REZENDE SILVA,,MG,3170206,20M0D7W,NR,,,3690,3690,105,FB,,,760,168242103257,23.8,25,60,0,X,60,168242103257,52.4,-18.96669,-48.28195,G,2026-02-04,2006-03-22,,5bc763186ee1ee00,2028-10-21,,,Uberlândia
LIC-LIC-01,ALGAR TELECOM S/A,50418418705,010,159972025,688261744,RUA  ROMANA REZENDE SILVA,,MG,3170206,20M0D7W,NR,,,3690,3690,185,FB,,,760,168242103257,23.8,25,60,0,X,60,168242103257,52.4,-18.96669,-48.28195,G,2026-02-04,2006-03-22,,5bc763186ee1ee01,2028-10-21,,,Uberlândia
LIC-LIC-01,ALGAR TELECOM S/A,50418418705,010,159972025,688261744,RUA  ROMANA REZENDE SILVA,,MG,3170206,20M0D7W,NR,,,3690,3690,340,FB,,,760,168242103257,23.8,25,60,0,X,60,168242103257,52.4,-18.96669,-48.28195,G,2026-02-04,2006-03-22,,5bc763186ee1ee02,2028-10-21,,,Uberlândia
LIC-LIC-01,ALGAR TELECOM S/A,50418418705,010,159972025,379991799,AV  JOAO NAVES DE AVILA,,MG,3170206,20M0D7W,NR,,,3690,3690,0,FB,,,760,033662312368,25,25,60,0,X,5,072102203257,39.8,-18.90927,-48.26099,G,2026-02-04,2002-11-21,,5bc763186ee1ee0d,2028-10-21,,,Uberlândia
LIC-LIC-01,ALGAR TELECOM S/A,50418418705,010,159972025,4554183,AV JOAO PINHEIRO,,MG,3170206,20M0D7W,NR,,,3690,3690,105,FB,,,760,168242103257,23.8,25,60,0,X,60,168242103257,52.4,-18.9175,-48.27889,G,2026-02-04,1999-07-08,,5bc763186ee1ee29,2028-10-21,,,Uberlândia
LIC-LIC-01,ALGAR TELECOM S/A,50418418705,010,159972025,4554183,AV JOAO PINHEIRO,,MG,3170206,20M0D7W,NR,,,3690,3690,226,FB,,,760,168242103257,23.8,25,60,0,X,60,168242103257,52.4,-18.9175,-48.27889,G,2026-02-04,1999-07-08,,5bc763186ee1ee2a,2028-10-21,,,Uberlândia
LIC-LIC-01,ALGAR TELECOM S/A,50418418705,010,159972025,4554183,AV JOAO PINHEIRO,,MG,3170206,20M0D7W,NR,,,3690,3690,346,FB,,,760,168242103257,23.8,25,60,0,X,60,168242103257,52.4,-18.9175,-48.27889,G,2026-02-04,1999-07-08,,5bc763186ee1ee2b,2028-10-21,,,Uberlândia
LIC-LIC-01,ALGAR TELECOM S/A,50418418705,010,159972025,688746373,RUA ANTILHAS,,MG,3170206,20M0D7W,NR,,,3690,3690,105,FB,,,760,168242103257,23.8,25,60,0,X,42,168242103257,52.4,-18.90922,-48.25901,G,2026-02-04,2006-11-28,,5bc763186ee1ee4a,2028-10-21,,,Uberlândia
LIC-LIC-01,ALGAR TELECOM S/A,50418418705,010,159972025,688746373,RUA ANTILHAS,,MG,3170206,20M0D7W,NR,,,3690,3690,226,FB,,,760,168242103257,23.8,25,60,0,X,42,168242103257,52.4,-18.90922,-48.25901,G,2026-02-04,2006-11-28,,5bc763186ee1ee4b,2028-10-21,,,Uberlândia
LIC-LIC-01,ALGAR TELECOM S/A,50418418705,010,159972025,688746373,RUA ANTILHAS,,MG,3170206,20M0D7W,NR,,,3690,3690,346,FB,,,760,168242103257,23.8,25,60,0,X,42,168242103257,52.4,-18.90922,-48.25901,G,2026-02-04,2006-11-28,,5bc763186ee1ee4c,2028-10-21,,,Uberlândia
LIC-LIC-01,ALGAR TELECOM S/A,50418418705,010,159972025,688290736,PRACA  CICERO MACEDO,,MG,3170206,20M0D7W,NR,,,3690,3690,100,FB,,,760,168242103257,23.8,25,60,0,X,50,168242103257,52.4,-18.92501,-48.28369,G,2026-02-04,2006-03-29,,5bc763186ee1ee65,2028-10-21,,,Uberlândia
LIC-LIC-01,ALGAR TELECOM S/A,50418418705,010,159972025,688290736,PRACA  CICERO MACEDO,,MG,3170206,20M0D7W,NR,,,3690,3690,200,FB,,,760,168242103257,23.8,25,60,0,X,50,168242103257,52.4,-18.92501,-48.28369,G,2026-02-04,2006-03-29,,5bc763186ee1ee66,2028-10-21,,,Uberlândia
LIC-LIC-01,ALGAR TELECOM S/A,50418418705,010,159972025,688290736,PRACA  CICERO MACEDO,,MG,3170206,20M0D7W,NR,,,3690,3690,340,FB,,,760,168242103257,23.8,25,60,0,X,50,168242103257,52.4,-18.92501,-48.28369,G,2026-02-04,2006-03-29,,5bc763186ee1ee67,2028-10-21,,,Uberlândia
LIC-LIC-01,ALGAR TELECOM S/A,50418418705,010,159972025,404249019,RUA DAS FLORES,,MG,3170206,20M0D7W,NR,,,3690,3690,85,FB,,,760,168242103257,23.8,25,60,0,X,50,168242103257,52.4,-18.94173,-48.30267,G,2026-02-04,1999-07-23,,5bc763186ee1ee7d,2028-10-21,,,Uberlândia
LIC-LIC-01,ALGAR TELECOM S/A,50418418705,010,159972025,404249019,RUA DAS FLORES,,MG,3170206,20M0D7W,NR,,,3690,3690,220,FB,,,760,168242103257,23.8,25,60,0,X,50,168242103257,52.4,-18.94173,-48.30267,G,2026-02-04,1999-07-23,,5bc763186ee1ee7e,2028-10-21,,,Uberlândia
LIC-LIC-01,ALGAR TELECOM S/A,50418418705,010,159972025,404249019,RUA DAS FLORES,,MG,3170206,20M0D7W,NR,,,3690,3690,330,FB,,,760,168242103257,23.8,25,60,0,X,50,168242103257,52.4,-18.94173,-48.30267,G,2026-02-04,1999-07-23,,5bc763186ee1ee7f,2028-10-21,,,Uberlândia
LIC-LIC-01,ALGAR TELECOM S/A,50418418705,010,159972025,1015032858,RUA DAS PAINEIRAS ROSAS,LOTE 12 QUADRA 5,MG,3170206,20M0D7W,NR,,,3690,3690,50,FB,,,760,168242103257,23.8,25,60,0,X,50,168242103257,52.4,-18.966111,-48.267222,G,2026-02-04,2023-07-11,,5bc763186ee1ee91,2028-10-21,,,Uberlândia
LIC-LIC-01,ALGAR TELECOM S/A,50418418705,010,159972025,1015032858,RUA DAS PAINEIRAS ROSAS,LOTE 12 QUADRA 5,MG,3170206,20M0D7W,NR,,,3690,3690,115,FB,,,760,168242103257,23.8,25,60,0,X,50,168242103257,52.4,-18.966111,-48.267222,G,2026-02-04,2023-07-11,,5bc763186ee1ee92,2028-10-21,,,Uberlândia
LIC-LIC-01,ALGAR TELECOM S/A,50418418705,010,159972025,1015032858,RUA DAS PAINEIRAS ROSAS,LOTE 12 QUADRA 5,MG,3170206,20M0D7W,NR,,,3690,3690,200,FB,,,760,168242103257,23.8,25,60,0,X,50,168242103257,52.4,-18.966111,-48.267222,G,2026-02-04,2023-07-11,,5bc763186ee1ee93,2028-10-21,,,Uberlândia
LIC-LIC-01,ALGAR TELECOM S/A,50418418705,010,159972025,379991462,TRAVESSA  JOVIANO RODRIGUES,,MG,3170206,20M0D7W,NR,,,3690,3690,130,FB,,,760,168242103257,23.8,25,60,0,X,53,168242103257,52.4,-18.91428,-48.27254,G,2026-02-04,2004-01-20,,5bc763186ee1eeb3,2028-10-21,,,Uberlândia
LIC-LIC-01,ALGAR TELECOM S/A,50418418705,010,159972025,379991462,TRAVESSA  JOVIANO RODRIGUES,,MG,3170206,20M0D7W,NR,,,3690,3690,240,FB,,,760,168242103257,23.8,25,60,0,X,53,168242103257,52.4,-18.91428,-48.27254,G,2026-02-04,2004-01-20,,5bc763186ee1eeb4,2028-10-21,,,Uberlândia
LIC-LIC-01,ALGAR TELECOM S/A,50418418705,010,159972025,379991462,TRAVESSA  JOVIANO RODRIGUES,,MG,3170206,20M0D7W,NR,,,3690,3690,340,FB,,,760,168242103257,23.8,25,60,0,X,53,168242103257,52.4,-18.91428,-48.27254,G,2026-02-04,2004-01-20,,5bc763186ee1eeb5,2028-10-21,,,Uberlândia
LIC-LIC-01,ALGAR TELECOM S/A,50418418705,010,159972025,1015244790,AV JOSÉ ANDRAUS GASSANI,,MG,3170206,20M0D7W,NR,,,3690,3690,106,FB,,,760,116672103257,25,25,60,0,X,18,116672103257,39.8,-18.872044,-48.293939,G,2026-02-04,2023-09-15,,5bc763186ee1eed4,2028-10-21,,,Uberlândia
LIC-LIC-01,ALGAR TELECOM S/A,50418418705,010,159972025,1015244790,AV JOSÉ ANDRAUS GASSANI,,MG,3170206,20M0D7W,NR,,,3690,3690,226,FB,,,760,116672103257,25,25,60,0,X,18,116672103257,39.8,-18.872044,-48.293939,G,2026-02-04,2023-09-15,,5bc763186ee1eed5,2028-10-21,,,Uberlândia
LIC-LIC-01,ALGAR TELECOM S/A,50418418705,010,159972025,1015244790,AV JOSÉ ANDRAUS GASSANI,,MG,3170206,20M0D7W,NR,,,3690,3690,346,FB,,,760,116672103257,25,25,60,0,X,18,116672103257,39.8,-18.872044,-48.293939,G,2026-02-04,2023-09-15,,5bc763186ee1eed6,2028-10-21,,,Uberlândia
LIC-LIC-01,ALGAR TELECOM S/A,50418418705,010,159972025,379991470,RUA IZAU RANGEL DE MENDONCA,,MG,3170206,20M0D7W,NR,,,3690,3690,100,FB,,,760,168242103257,23.8,25,60,0,X,37,168242103257,52.4,-18.92361,-48.25361,G,2026-02-04,2002-11-21,,5bc763186ee1eee9,2028-10-21,,,Uberlândia
LIC-LIC-01,ALGAR TELECOM S/A,50418418705,010,159972025,379991470,RUA IZAU RANGEL DE MENDONCA,,MG,3170206,20M0D7W,NR,,,3690,3690,220,FB,,,760,168242103257,23.8,25,60,0,X,37,168242103257,52.4,-18.92361,-48.25361,G,2026-02-04,2002-11-21,,5bc763186ee1eeea,2028-10-21,,,Uberlândia
LIC-LIC-01,ALGAR TELECOM S/A,50418418705,010,159972025,379991470,RUA IZAU RANGEL DE MENDONCA,,MG,3170206,20M0D7W,NR,,,3690,3690,346,FB,,,760,168242103257,23.8,25,60,0,X,37,168242103257,52.4,-18.92361,-48.25361,G,2026-02-04,2002-11-21,,5bc763186ee1eeeb,2028-10-21,,,Uberlândia
LIC-LIC-01,ALGAR TELECOM S/A,50418418705,010,159972025,404249027,RUA  ANTONIO PAIVA CATALAO,,MG,3170206,20M0D7W,NR,,,3690,3690,40,FB,,,760,168242103257,23.8,25,60,0,X,48,168242103257,52.4,-18.95289,-48.23747,G,2026-02-04,1999-07-23,,5bc763186ee1ef04,2028-10-21,,,Uberlândia
LIC-LIC-01,ALGAR TELECOM S/A,50418418705,010,159972025,404249027,RUA  ANTONIO PAIVA CATALAO,,MG,3170206,20M0D7W,NR,,,3690,3690,200,FB,,,760,168242103257,23.8,25,60,0,X,48,168242103257,52.4,-18.95289,-48.23747,G,2026-02-04,1999-07-23,,5bc763186ee1ef05,2028-10-21,,,Uberlândia
LIC-LIC-01,ALGAR TELECOM S/A,50418418705,010,159972025,404249027,RUA  ANTONIO PAIVA CATALAO,,MG,3170206,20M0D7W,NR,,,3690,3690,340,FB,,,760,168242103257,23.8,25,60,0,X,48,168242103257,52.4,-18.95289,-48.23747,G,2026-02-04,1999-07-23,,5bc763186ee1ef06,2028-10-21,,,Uberlândia
LIC-LIC-01,ALGAR TELECOM S/A,50418418705,010,159972025,684985454,AV FLORIANO PEIXOTO,,MG,3170206,20M0D7W,NR,,,3690,3690,120,FB,,,760,168242103257,23.8,25,60,0,X,60,168242103257,52.4,-18.88034,-48.24951,G,2026-02-04,2004-11-26,,5bc763186ee1ef25,2028-10-21,,,Uberlândia
LIC-LIC-01,ALGAR TELECOM S/A,50418418705,010,159972025,684985454,AV FLORIANO PEIXOTO,,MG,3170206,20M0D7W,NR,,,3690,3690,270,FB,,,760,168242103257,23.8,25,60,0,X,60,168242103257,52.4,-18.88034,-48.24951,G,2026-02-04,2004-11-26,,5bc763186ee1ef26,2028-10-21,,,Uberlândia
LIC-LIC-01,ALGAR TELECOM S/A,50418418705,010,159972025,684985454,AV FLORIANO PEIXOTO,,MG,3170206,20M0D7W,NR,,,3690,3690,30,FB,,,760,168242103257,23.8,25,60,0,X,60,168242103257,52.4,-18.88034,-48.24951,G,2026-02-04,2004-11-26,,5bc763186ee1ef27,2028-10-21,,,Uberlândia
LIC-LIC-01,ALGAR TELECOM S/A,50418418705,010,159972025,688261302,AV  JOSE ZACHARIAS JUNQUEIRA,,MG,3170206,20M0D7W,NR,,,3690,3690,90,FB,,,760,168242103257,23.8,25,60,0,X,50,168242103257,52.4,-18.91876,-48.26414,G,2026-02-04,2006-03-22,,5bc763186ee1ef40,2028-10-21,,,Uberlândia
LIC-LIC-01,ALGAR TELECOM S/A,50418418705,010,159972025,688261302,AV  JOSE ZACHARIAS JUNQUEIRA,,MG,3170206,20M0D7W,NR,,,3690,3690,226,FB,,,760,168242103257,23.8,25,60,0,X,50,168242103257,52.4,-18.91876,-48.26414,G,2026-02-04,2006-03-22,,5bc763186ee1ef41,2028-10-21,,,Uberlândia
LIC-LIC-01,ALGAR TELECOM S/A,50418418705,010,159972025,688261302,AV  JOSE ZACHARIAS JUNQUEIRA,,MG,3170206,20M0D7W,NR,,,3690,3690,350,FB,,,760,168242103257,23.8,25,60,0,X,50,168242103257,52.4,-18.91876,-48.26414,G,2026-02-04,2006-03-22,,5bc763186ee1ef42,2028-10-21,,,Uberlândia
LIC-LIC-01,ALGAR TELECOM S/A,50418418705,010,159972025,404249914,RUA  JANAUBA,,MG,3170206,20M0D7W,NR,,,3690,3690,20,FB,,,760,168242103257,23.8,25,60,0,X,50,168242103257,52.4,-18.9208,-48.30892,G,2026-02-04,1999-07-23,,5bc763186ee1ef58,2028-10-21,,,Uberlândia
LIC-LIC-01,ALGAR TELECOM S/A,50418418705,010,159972025,404249914,RUA  JANAUBA,,MG,3170206,20M0D7W,NR,,,3690,3690,150,FB,,,760,168242103257,23.8,25,60,0,X,50,168242103257,52.4,-18.9208,-48.30892,G,2026-02-04,1999-07-23,,5bc763186ee1ef59,2028-10-21,,,Uberlândia
LIC-LIC-01,ALGAR TELECOM S/A,50418418705,010,159972025,404249914,RUA  JANAUBA,,MG,3170206,20M0D7W,NR,,,3690,3690,260,FB,,,760,168242103257,23.8,25,60,0,X,50,168242103257,52.4,-18.9208,-48.30892,G,2026-02-04,1999-07-23,,5bc763186ee1ef5a,2028-10-21,,,Uberlândia
LIC-LIC-01,ALGAR TELECOM S/A,50418418705,010,159972025,441630138,AV DOUTOR BEZERRA DE MENEZES,,MG,3170206,20M0D7W,NR,,,3690,3690,110,FB,,,760,168242103257,23.8,25,60,0,X,46,168242103257,52.4,-18.89788,-48.30057,G,2026-02-04,1999-11-09,,5bc763186ee1ef73,2028-10-21,,,Uberlândia
LIC-LIC-01,ALGAR TELECOM S/A,50418418705,010,159972025,441630138,AV DOUTOR BEZERRA DE MENEZES,,MG,3170206,20M0D7W,NR,,,3690,3690,250,FB,,,760,168242103257,23.8,25,60,0,X,46,168242103257,52.4,-18.89788,-48.30057,G,2026-02-04,1999-11-09,,5bc763186ee1ef74,2028-10-21,,,Uberlândia
LIC-LIC-01,ALGAR TELECOM S/A,50418418705,010,159972025,441630138,AV DOUTOR BEZERRA DE MENEZES,,MG,3170206,20M0D7W,NR,,,3690,3690,350,FB,,,760,168242103257,23.8,25,60,0,X,46,168242103257,52.4,-18.89788,-48.30057,G,2026-02-04,1999-11-09,,5bc763186ee1ef75,2028-10-21,,,Uberlândia
LIC-LIC-01,ALGAR TELECOM S/A,50418418705,010,159972025,699297192,AV ALICE OLIVEIRA E SILVA,,MG,3170206,20M0D7W,NR,,,3690,3690,30,FB,,,760,168242103257,23.8,25,60,0,X,48,168242103257,52.4,-18.961106,-48.316186,G,2026-02-04,2013-09-04,,5bc763186ee1ef85,2028-10-21,,,Uberlândia
LIC-LIC-01,ALGAR TELECOM S/A,50418418705,010,159972025,699297192,AV ALICE OLIVEIRA E SILVA,,MG,3170206,20M0D7W,NR,,,3690,3690,180,FB,,,760,168242103257,23.8,25,60,0,X,48,168242103257,52.4,-18.961106,-48.316186,G,2026-02-04,2013-09-04,,5bc763186ee1ef86,2028-10-21,,,Uberlândia
LIC-LIC-01,ALGAR TELECOM S/A,50418418705,010,159972025,699297192,AV ALICE OLIVEIRA E SILVA,,MG,3170206,20M0D7W,NR,,,3690,3690,320,FB,,,760,168242103257,23.8,25,60,0,X,48,168242103257,52.4,-18.961106,-48.316186,G,2026-02-04,2013-09-04,,5bc763186ee1ef87,2028-10-21,,,Uberlândia
LIC-LIC-01,ALGAR TELECOM S/A,50418418705,010,159972025,699297354,RUA AMETISTA,,MG,3170206,20M0D7W,NR,,,3690,3690,190,FB,,,760,168242103257,23.8,25,60,0,X,40,168242103257,52.4,-18.910969,-48.313681,G,2026-02-04,2013-09-04,,5bc763186ee1efa1,2028-10-21,,,Uberlândia
LIC-LIC-01,ALGAR TELECOM S/A,50418418705,010,159972025,699297354,RUA AMETISTA,,MG,3170206,20M0D7W,NR,,,3690,3690,260,FB,,,760,168242103257,23.8,25,60,0,X,40,168242103257,52.4,-18.910969,-48.313681,G,2026-02-04,2013-09-04,,5bc763186ee1efa2,2028-10-21,,,Uberlândia
LIC-LIC-01,ALGAR TELECOM S/A,50418418705,010,159972025,699297354,RUA AMETISTA,,MG,3170206,20M0D7W,NR,,,3690,3690,330,FB,,,760,168242103257,23.8,25,60,0,X,40,168242103257,52.4,-18.910969,-48.313681,G,2026-02-04,2013-09-04,,5bc763186ee1efa3,2028-10-21,,,Uberlândia
LIC-LIC-01,ALGAR TELECOM S/A,50418418705,010,159972025,697388980,TV VERISSIMO,,MG,3170206,20M0D7W,NR,,,3690,3690,100,FB,,,760,168242103257,23.8,25,60,2,X,45,168242103257,52.4,-18.91243,-48.26651,G,2026-02-04,2012-05-25,,5bc763186ee1efb3,2028-10-21,,,Uberlândia
LIC-LIC-01,ALGAR TELECOM S/A,50418418705,010,159972025,697388980,TV VERISSIMO,,MG,3170206,20M0D7W,NR,,,3690,3690,210,FB,,,760,168242103257,23.8,25,60,2,X,45,168242103257,52.4,-18.91243,-48.26651,G,2026-02-04,2012-05-25,,5bc763186ee1efb4,2028-10-21,,,Uberlândia
LIC-LIC-01,ALGAR TELECOM S/A,50418418705,010,159972025,697388980,TV VERISSIMO,,MG,3170206,20M0D7W,NR,,,3690,3690,290,FB,,,760,168242103257,23.8,25,60,2,X,45,168242103257,52.4,-18.91243,-48.26651,G,2026-02-04,2012-05-25,,5bc763186ee1efb5,2028-10-21,,,Uberlândia
LIC-LIC-01,ALGAR TELECOM S/A,50418418705,010,159972025,379991527,RUA ANTÔNIO LUIZ BASTOS,,MG,3170206,20M0D7W,NR,,,3690,3690,20,FB,,,760,168242103257,23.8,25,60,0,X,48,168242103257,52.4,-18.94119,-48.27274,G,2026-02-04,2002-11-21,,5bc763186ee1efd2,2028-10-21,,,Uberlândia
LIC-LIC-01,ALGAR TELECOM S/A,50418418705,010,159972025,379991527,RUA ANTÔNIO LUIZ BASTOS,,MG,3170206,20M0D7W,NR,,,3690,3690,130,FB,,,760,168242103257,23.8,25,60,0,X,48,168242103257,52.4,-18.94119,-48.27274,G,2026-02-04,2002-11-21,,5bc763186ee1efd3,2028-10-21,,,Uberlândia
LIC-LIC-01,ALGAR TELECOM S/A,50418418705,010,159972025,379991527,RUA ANTÔNIO LUIZ BASTOS,,MG,3170206,20M0D7W,NR,,,3690,3690,220,FB,,,760,168242103257,23.8,25,60,0,X,48,168242103257,52.4,-18.94119,-48.27274,G,2026-02-04,2002-11-21,,5bc763186ee1efd4,2028-10-21,,,Uberlândia
LIC-LIC-01,ALGAR TELECOM S/A,50418418705,010,159972025,1015601208,AV JOAO PINHEIRO,,MG,3170206,20M0D7W,NR,,,3690,3690,90,FB,,,760,168242103257,23.8,25,60,0,X,5,168242103257,52.4,-18.9175,-48.27889,G,2026-02-04,2024-01-17,,5bc763186ee1efec,2028-10-21,,,Uberlândia
LIC-LIC-01,ALGAR TELECOM S/A,50418418705,010,159972025,1015601208,AV JOAO PINHEIRO,,MG,3170206,20M0D7W,NR,,,3690,3690,180,FB,,,760,168242103257,23.8,25,60,0,X,5,168242103257,52.4,-18.9175,-48.27889,G,2026-02-04,2024-01-17,,5bc763186ee1efed,2028-10-21,,,Uberlândia
LIC-LIC-01,ALGAR TELECOM S/A,50418418705,010,159972025,379992205,AV JOSÉ FONSECA E SILVA,,MG,3170206,20M0D7W,NR,,,3690,3690,130,FB,,,760,168242103257,23.8,25,60,0,X,50,168242103257,52.4,-18.91724,-48.3295,G,2026-02-04,2004-01-20,,5bc763186ee1f000,2028-10-21,,,Uberlândia
LIC-LIC-01,ALGAR TELECOM S/A,50418418705,010,159972025,379992205,AV JOSÉ FONSECA E SILVA,,MG,3170206,20M0D7W,NR,,,3690,3690,220,FB,,,760,168242103257,23.8,25,60,0,X,50,168242103257,52.4,-18.91724,-48.3295,G,2026-02-04,2004-01-20,,5bc763186ee1f001,2028-10-21,,,Uberlândia
LIC-LIC-01,ALGAR TELECOM S/A,50418418705,010,159972025,379992205,AV JOSÉ FONSECA E SILVA,,MG,3170206,20M0D7W,NR,,,3690,3690,310,FB,,,760,168242103257,23.8,25,60,0,X,50,168242103257,52.4,-18.91724,-48.3295,G,2026-02-04,2004-01-20,,5bc763186ee1f002,2028-10-21,,,Uberlândia
LIC-LIC-01,ALGAR TELECOM S/A,50418418705,010,159972025,1000425999,AV JOSÉ FONSECA E SILVA,,MG,3170206,20M0D7W,NR,,,3690,3690,60,FB,,,760,168242103257,23.8,25,60,0,X,40,168242103257,52.4,-18.9235,-48.33353,G,2026-02-04,2014-08-07,,5bc763186ee1f016,2028-10-21,,,Uberlândia
LIC-LIC-01,ALGAR TELECOM S/A,50418418705,010,159972025,1000425999,AV JOSÉ FONSECA E SILVA,,MG,3170206,20M0D7W,NR,,,3690,3690,180,FB,,,760,168242103257,23.8,25,60,0,X,40,168242103257,52.4,-18.9235,-48.33353,G,2026-02-04,2014-08-07,,5bc763186ee1f017,2028-10-21,,,Uberlândia
LIC-LIC-01,ALGAR TELECOM S/A,50418418705,010,159972025,1000425999,AV JOSÉ FONSECA E SILVA,,MG,3170206,20M0D7W,NR,,,3690,3690,330,FB,,,760,168242103257,23.8,25,60,0,X,40,168242103257,52.4,-18.9235,-48.33353,G,2026-02-04,2014-08-07,,5bc763186ee1f018,2028-10-21,,,Uberlândia
LIC-LIC-01,ALGAR TELECOM S/A,50418418705,010,159972025,698938674,AV PAULO ROBERTO CUNHA SANTOS,,MG,3170206,20M0D7W,NR,,,3690,3690,95,FB,,,760,168242103257,23.8,25,60,0,X,38,168242103257,52.4,-18.881161,-48.264022,G,2026-02-04,2013-05-07,,5bc763186ee1f028,2028-10-21,,,Uberlândia
LIC-LIC-01,ALGAR TELECOM S/A,50418418705,010,159972025,698938674,AV PAULO ROBERTO CUNHA SANTOS,,MG,3170206,20M0D7W,NR,,,3690,3690,210,FB,,,760,168242103257,23.8,25,60,0,X,38,168242103257,52.4,-18.881161,-48.264022,G,2026-02-04,2013-05-07,,5bc763186ee1f029,2028-10-21,,,Uberlândia
LIC-LIC-01,ALGAR TELECOM S/A,50418418705,010,159972025,698938674,AV PAULO ROBERTO CUNHA SANTOS,,MG,3170206,20M0D7W,NR,,,3690,3690,310,FB,,,760,168242103257,23.8,25,60,0,X,38,168242103257,52.4,-18.881161,-48.264022,G,2026-02-04,2013-05-07,,5bc763186ee1f02a,2028-10-21,,,Uberlândia
LIC-LIC-01,ALGAR TELECOM S/A,50418418705,010,159972025,696581922,AV  NICOMEDES ALVES DOS SANTOS,,MG,3170206,20M0D7W,NR,,,3690,3690,40,FB,,,760,168242103257,23.8,25,60,0,X,50,168242103257,52.4,-18.95076,-48.27358,G,2026-02-04,2012-02-08,,5bc763186ee1f043,2028-10-21,,,Uberlândia
LIC-LIC-01,ALGAR TELECOM S/A,50418418705,010,159972025,696581922,AV  NICOMEDES ALVES DOS SANTOS,,MG,3170206,20M0D7W,NR,,,3690,3690,175,FB,,,760,168242103257,23.8,25,60,0,X,50,168242103257,52.4,-18.95076,-48.27358,G,2026-02-04,2012-02-08,,5bc763186ee1f044,2028-10-21,,,Uberlândia
LIC-LIC-01,ALGAR TELECOM S/A,50418418705,010,159972025,696581922,AV  NICOMEDES ALVES DOS SANTOS,,MG,3170206,20M0D7W,NR,,,3690,3690,275,FB,,,760,168242103257,23.8,25,60,0,X,50,168242103257,52.4,-18.95076,-48.27358,G,2026-02-04,2012-02-08,,5bc763186ee1f045,2028-10-21,,,Uberlândia
LIC-LIC-01,ALGAR TELECOM S/A,50418418705,010,159972025,695727010,RUA SIOMARIA ALVES FERREIRA,,MG,3170206,20M0D7W,NR,,,3690,3690,140,FB,,,760,168242103257,23.8,25,60,0,X,45,168242103257,52.4,-18.954544,-48.299964,G,2026-02-04,2011-07-15,,5bc763186ee1f05e,2028-10-21,,,Uberlândia
LIC-LIC-01,ALGAR TELECOM S/A,50418418705,010,159972025,695727010,RUA SIOMARIA ALVES FERREIRA,,MG,3170206,20M0D7W,NR,,,3690,3690,245,FB,,,760,168242103257,23.8,25,60,0,X,45,168242103257,52.4,-18.954544,-48.299964,G,2026-02-04,2011-07-15,,5bc763186ee1f05f,2028-10-21,,,Uberlândia
LIC-LIC-01,ALGAR TELECOM S/A,50418418705,010,159972025,695727010,RUA SIOMARIA ALVES FERREIRA,,MG,3170206,20M0D7W,NR,,,3690,3690,36,FB,,,760,168242103257,23.8,25,60,0,X,45,168242103257,52.4,-18.954544,-48.299964,G,2026-02-04,2011-07-15,,5bc763186ee1f060,2028-10-21,,,Uberlândia
LIC-LIC-01,ALGAR TELECOM S/A,50418418705,010,159972025,692976523,RUA ANTÔNIO FORTUNATO DA SILVA,,MG,3170206,20M0D7W,NR,,,3690,3690,80,FB,,,760,168242103257,23.8,25,60,0,X,50,168242103257,52.4,-18.91528,-48.25016,G,2026-02-04,2010-11-17,,5bc763186ee1f076,2028-10-21,,,Uberlândia
LIC-LIC-01,ALGAR TELECOM S/A,50418418705,010,159972025,692976523,RUA ANTÔNIO FORTUNATO DA SILVA,,MG,3170206,20M0D7W,NR,,,3690,3690,180,FB,,,760,168242103257,23.8,25,60,0,X,50,168242103257,52.4,-18.91528,-48.25016,G,2026-02-04,2010-11-17,,5bc763186ee1f077,2028-10-21,,,Uberlândia
LIC-LIC-01,ALGAR TELECOM S/A,50418418705,010,159972025,692976523,RUA ANTÔNIO FORTUNATO DA SILVA,,MG,3170206,20M0D7W,NR,,,3690,3690,340,FB,,,760,168242103257,23.8,25,60,0,X,50,168242103257,52.4,-18.91528,-48.25016,G,2026-02-04,2010-11-17,,5bc763186ee1f078,2028-10-21,,,Uberlândia
LIC-LIC-01,ALGAR TELECOM S/A,50418418705,010,159972025,692976540,RUA PALERMO,,MG,3170206,20M0D7W,NR,,,3690,3690,100,FB,,,760,168242103257,23.8,25,60,0,X,50,168242103257,52.4,-18.93776,-48.33899,G,2026-02-04,2010-11-17,,5bc763186ee1f094,2028-10-21,,,Uberlândia
LIC-LIC-01,ALGAR TELECOM S/A,50418418705,010,159972025,692976540,RUA PALERMO,,MG,3170206,20M0D7W,NR,,,3690,3690,220,FB,,,760,168242103257,23.8,25,60,0,X,50,168242103257,52.4,-18.93776,-48.33899,G,2026-02-04,2010-11-17,,5bc763186ee1f095,2028-10-21,,,Uberlândia
LIC-LIC-01,ALGAR TELECOM S/A,50418418705,010,159972025,692976540,RUA PALERMO,,MG,3170206,20M0D7W,NR,,,3690,3690,15,FB,,,760,168242103257,23.8,25,60,0,X,50,168242103257,52.4,-18.93776,-48.33899,G,2026-02-04,2010-11-17,,5bc763186ee1f096,2028-10-21,,,Uberlândia
LIC-LIC-01,ALGAR TELECOM S/A,50418418705,010,159972025,379992221,AV SALOMAO ABRAHAO,,MG,3170206,20M0D7W,NR,,,3690,3690,90,FB,,,760,168242103257,23.8,25,60,0,X,42,168242103257,52.4,-18.91768,-48.23026,G,2026-02-04,2000-02-14,,5bc763186ee1f0af,2028-10-21,,,Uberlândia
LIC-LIC-01,ALGAR TELECOM S/A,50418418705,010,159972025,379992221,AV SALOMAO ABRAHAO,,MG,3170206,20M0D7W,NR,,,3690,3690,180,FB,,,760,168242103257,23.8,25,60,0,X,42,168242103257,52.4,-18.91768,-48.23026,G,2026-02-04,2000-02-14,,5bc763186ee1f0b0,2028-10-21,,,Uberlândia
LIC-LIC-01,ALGAR TELECOM S/A,50418418705,010,159972025,379992221,AV SALOMAO ABRAHAO,,MG,3170206,20M0D7W,NR,,,3690,3690,330,FB,,,760,168242103257,23.8,25,60,0,X,42,168242103257,52.4,-18.91768,-48.23026,G,2026-02-04,2000-02-14,,5bc763186ee1f0b1,2028-10-21,,,Uberlândia
LIC-LIC-01,ALGAR TELECOM S/A,50418418705,010,159972025,692937013,RUA ANTÔNIO THOMAS DE REZENDER,,MG,3170206,20M0D7W,NR,,,3690,3690,105,FB,,,760,168242103257,23.8,25,60,0,X,50,168242103257,52.4,-18.91017,-48.30258,G,2026-02-04,2010-11-04,,5bc763186ee1f0c1,2028-10-21,,,Uberlândia
LIC-LIC-01,ALGAR TELECOM S/A,50418418705,010,159972025,692937013,RUA ANTÔNIO THOMAS DE REZENDER,,MG,3170206,20M0D7W,NR,,,3690,3690,260,FB,,,760,168242103257,23.8,25,60,0,X,50,168242103257,52.4,-18.91017,-48.30258,G,2026-02-04,2010-11-04,,5bc763186ee1f0c2,2028-10-21,,,Uberlândia
LIC-LIC-01,ALGAR TELECOM S/A,50418418705,010,159972025,692937013,RUA ANTÔNIO THOMAS DE REZENDER,,MG,3170206,20M0D7W,NR,,,3690,3690,10,FB,,,760,168242103257,23.8,25,60,0,X,50,168242103257,52.4,-18.91017,-48.30258,G,2026-02-04,2010-11-04,,5bc763186ee1f0c3,2028-10-21,,,Uberlândia
LIC-LIC-01,ALGAR TELECOM S/A,50418418705,010,159972025,379991713,RUA TENENTE VIRMONDES,,MG,3170206,20M0D7W,NR,,,3690,3690,96,FB,,,760,168242103257,23.8,25,60,0,X,22,168242103257,52.4,-18.91922,-48.27531,G,2026-02-04,2004-01-20,,5bc763186ee1f0d3,2028-10-21,,,Uberlândia
LIC-LIC-01,ALGAR TELECOM S/A,50418418705,010,159972025,379991713,RUA TENENTE VIRMONDES,,MG,3170206,20M0D7W,NR,,,3690,3690,226,FB,,,760,168242103257,23.8,25,60,0,X,22,168242103257,52.4,-18.91922,-48.27531,G,2026-02-04,2004-01-20,,5bc763186ee1f0d4,2028-10-21,,,Uberlândia
LIC-LIC-01,ALGAR TELECOM S/A,50418418705,010,159972025,379991713,RUA TENENTE VIRMONDES,,MG,3170206,20M0D7W,NR,,,3690,3690,336,FB,,,760,168242103257,23.8,25,60,0,X,22,168242103257,52.4,-18.91922,-48.27531,G,2026-02-04,2004-01-20,,5bc763186ee1f0d5,2028-10-21,,,Uberlândia
LIC-LIC-01,ALGAR TELECOM S/A,50418418705,010,159972025,379991748,AV  JOAO BERNARDES DE SOUZA,,MG,3170206,20M0D7W,NR,,,3690,3690,60,FB,,,760,168242103257,23.8,25,60,0,X,50,168242103257,52.4,-18.89851,-48.28349,G,2026-02-04,2001-08-29,,5bc763186ee1f0e8,2028-10-21,,,Uberlândia
LIC-LIC-01,ALGAR TELECOM S/A,50418418705,010,159972025,379991748,AV  JOAO BERNARDES DE SOUZA,,MG,3170206,20M0D7W,NR,,,3690,3690,190,FB,,,760,168242103257,23.8,25,60,0,X,50,168242103257,52.4,-18.89851,-48.28349,G,2026-02-04,2001-08-29,,5bc763186ee1f0e9,2028-10-21,,,Uberlândia
LIC-LIC-01,ALGAR TELECOM S/A,50418418705,010,159972025,379991748,AV  JOAO BERNARDES DE SOUZA,,MG,3170206,20M0D7W,NR,,,3690,3690,300,FB,,,760,168242103257,23.8,25,60,0,X,50,168242103257,52.4,-18.89851,-48.28349,G,2026-02-04,2001-08-29,,5bc763186ee1f0ea,2028-10-21,,,Uberlândia
LIC-LIC-01,ALGAR TELECOM S/A,50418418705,010,159972025,692976507,RUA  SALTO OZORIO,,MG,3170206,20M0D7W,NR,,,3690,3690,30,FB,,,760,168242103257,23.8,25,60,0,X,50,168242103257,52.4,-18.94272,-48.24819,G,2026-02-04,2010-11-17,,5bc763186ee1f100,2028-10-21,,,Uberlândia
LIC-LIC-01,ALGAR TELECOM S/A,50418418705,010,159972025,692976507,RUA  SALTO OZORIO,,MG,3170206,20M0D7W,NR,,,3690,3690,175,FB,,,760,168242103257,23.8,25,60,0,X,50,168242103257,52.4,-18.94272,-48.24819,G,2026-02-04,2010-11-17,,5bc763186ee1f101,2028-10-21,,,Uberlândia
LIC-LIC-01,ALGAR TELECOM S/A,50418418705,010,159972025,692976507,RUA  SALTO OZORIO,,MG,3170206,20M0D7W,NR,,,3690,3690,320,FB,,,760,168242103257,23.8,25,60,0,X,50,168242103257,52.4,-18.94272,-48.24819,G,2026-02-04,2010-11-17,,5bc763186ee1f102,2028-10-21,,,Uberlândia
LIC-LIC-01,ALGAR TELECOM S/A,50418418705,010,159972025,699303109,RUA RIO GRANDE DO SUL,,MG,3170206,20M0D7W,NR,,,3690,3690,30,FB,,,760,168242103257,23.8,25,60,0,X,48,168242103257,52.4,-18.898778,-48.262639,G,2026-02-04,2013-09-04,,5bc763186ee1f118,2028-10-21,,,Uberlândia
LIC-LIC-01,ALGAR TELECOM S/A,50418418705,010,159972025,699303109,RUA RIO GRANDE DO SUL,,MG,3170206,20M0D7W,NR,,,3690,3690,170,FB,,,760,168242103257,23.8,25,60,0,X,48,168242103257,52.4,-18.898778,-48.262639,G,2026-02-04,2013-09-04,,5bc763186ee1f119,2028-10-21,,,Uberlândia
LIC-LIC-01,ALGAR TELECOM S/A,50418418705,010,159972025,699303109,RUA RIO GRANDE DO SUL,,MG,3170206,20M0D7W,NR,,,3690,3690,330,FB,,,760,168242103257,23.8,25,60,0,X,48,168242103257,52.4,-18.898778,-48.262639,G,2026-02-04,2013-09-04,,5bc763186ee1f11a,2028-10-21,,,Uberlândia
LIC-LIC-01,ALGAR TELECOM S/A,50418418705,010,159972025,379991500,RUA ALEXANDRE MARQUEZ,,MG,3170206,20M0D7W,NR,,,3690,3690,120,FB,,,760,168242103257,23.8,25,60,0,X,30,168242103257,52.4,-18.91443,-48.28179,G,2026-02-04,2004-01-20,,5bc763186ee1f130,2028-10-21,,,Uberlândia
LIC-LIC-01,ALGAR TELECOM S/A,50418418705,010,159972025,379991500,RUA ALEXANDRE MARQUEZ,,MG,3170206,20M0D7W,NR,,,3690,3690,240,FB,,,760,168242103257,23.8,25,60,0,X,30,168242103257,52.4,-18.91443,-48.28179,G,2026-02-04,2004-01-20,,5bc763186ee1f131,2028-10-21,,,Uberlândia
LIC-LIC-01,ALGAR TELECOM S/A,50418418705,010,159972025,379991500,RUA ALEXANDRE MARQUEZ,,MG,3170206,20M0D7W,NR,,,3690,3690,360,FB,,,760,168242103257,23.8,25,60,0,X,30,168242103257,52.4,-18.91443,-48.28179,G,2026-02-04,2004-01-20,,5bc763186ee1f132,2028-10-21,,,Uberlândia
LIC-LIC-01,ALGAR TELECOM S/A,50418418705,010,159972025,684985462,RUA  PEDRO JOSE SAMORA,,MG,3170206,20M0D7W,NR,,,3690,3690,100,FB,,,760,168242103257,23.8,25,60,0,X,50,168242103257,52.4,-18.92293,-48.24758,G,2026-02-04,2004-11-26,,5bc763186ee1f154,2028-10-21,,,Uberlândia
LIC-LIC-01,ALGAR TELECOM S/A,50418418705,010,159972025,684985462,RUA  PEDRO JOSE SAMORA,,MG,3170206,20M0D7W,NR,,,3690,3690,230,FB,,,760,168242103257,23.8,25,60,0,X,50,168242103257,52.4,-18.92293,-48.24758,G,2026-02-04,2004-11-26,,5bc763186ee1f155,2028-10-21,,,Uberlândia
LIC-LIC-01,ALGAR TELECOM S/A,50418418705,010,159972025,684985462,RUA  PEDRO JOSE SAMORA,,MG,3170206,20M0D7W,NR,,,3690,3690,360,FB,,,760,168242103257,23.8,25,60,0,X,50,168242103257,52.4,-18.92293,-48.24758,G,2026-02-04,2004-11-26,,5bc763186ee1f156,2028-10-21,,,Uberlândia
LIC-LIC-01,ALGAR TELECOM S/A,50418418705,010,159972025,692936777,RUA  OROZIMBO RIBEIRO,,MG,3170206,20M0D7W,NR,,,3690,3690,100,FB,,,760,168242103257,23.8,25,60,0,X,50,168242103257,52.4,-18.92171,-48.23964,G,2026-02-04,2010-11-04,,5bc763186ee1f166,2028-10-21,,,Uberlândia
LIC-LIC-01,ALGAR TELECOM S/A,50418418705,010,159972025,692936777,RUA  OROZIMBO RIBEIRO,,MG,3170206,20M0D7W,NR,,,3690,3690,210,FB,,,760,168242103257,23.8,25,60,0,X,50,168242103257,52.4,-18.92171,-48.23964,G,2026-02-04,2010-11-04,,5bc763186ee1f167,2028-10-21,,,Uberlândia
LIC-LIC-01,ALGAR TELECOM S/A,50418418705,010,159972025,692936777,RUA  OROZIMBO RIBEIRO,,MG,3170206,20M0D7W,NR,,,3690,3690,330,FB,,,760,168242103257,23.8,25,60,0,X,50,168242103257,52.4,-18.92171,-48.23964,G,2026-02-04,2010-11-04,,5bc763186ee1f168,2028-10-21,,,Uberlândia
LIC-LIC-01,ALGAR TELECOM S/A,50418418705,010,159972025,699297338,RUA SERRA FORMOSA,,MG,3170206,20M0D7W,NR,,,3690,3690,115,FB,,,760,168242103257,23.8,25,60,0,X,50,168242103257,52.4,-18.962714,-48.228644,G,2026-02-04,2013-09-04,,5bc763186ee1f181,2028-10-21,,,Uberlândia
LIC-LIC-01,ALGAR TELECOM S/A,50418418705,010,159972025,699297338,RUA SERRA FORMOSA,,MG,3170206,20M0D7W,NR,,,3690,3690,210,FB,,,760,168242103257,23.8,25,60,0,X,50,168242103257,52.4,-18.962714,-48.228644,G,2026-02-04,2013-09-04,,5bc763186ee1f182,2028-10-21,,,Uberlândia
LIC-LIC-01,ALGAR TELECOM S/A,50418418705,010,159972025,699297338,RUA SERRA FORMOSA,,MG,3170206,20M0D7W,NR,,,3690,3690,320,FB,,,760,168242103257,23.8,25,60,0,X,50,168242103257,52.4,-18.962714,-48.228644,G,2026-02-04,2013-09-04,,5bc763186ee1f183,2028-10-21,,,Uberlândia
LIC-LIC-01,ALGAR TELECOM S/A,50418418705,010,159972025,688627323,RUA ANTÔNIO ZEFERINO DE PAULA,,MG,3170206,20M0D7W,NR,,,3690,3690,90,FB,,,760,168242103257,23.8,25,60,0,X,50,168242103257,52.4,-18.93306,-48.23222,G,2026-02-04,2006-08-24,,5bc763186ee1f199,2028-10-21,,,Uberlândia
LIC-LIC-01,ALGAR TELECOM S/A,50418418705,010,159972025,688627323,RUA ANTÔNIO ZEFERINO DE PAULA,,MG,3170206,20M0D7W,NR,,,3690,3690,210,FB,,,760,168242103257,23.8,25,60,0,X,50,168242103257,52.4,-18.93306,-48.23222,G,2026-02-04,2006-08-24,,5bc763186ee1f19a,2028-10-21,,,Uberlândia
LIC-LIC-01,ALGAR TELECOM S/A,50418418705,010,159972025,688627323,RUA ANTÔNIO ZEFERINO DE PAULA,,MG,3170206,20M0D7W,NR,,,3690,3690,330,FB,,,760,168242103257,23.8,25,60,0,X,50,168242103257,52.4,-18.93306,-48.23222,G,2026-02-04,2006-08-24,,5bc763186ee1f19b,2028-10-21,,,Uberlândia
LIC-LIC-01,ALGAR TELECOM S/A,50418418705,010,159972025,698292839,AV NICOMEDES ALVES DOS SANTOS,,MG,3170206,20M0D7W,NR,,,3690,3690,0,FB,,,760,033662312368,25,25,60,0,X,5,072102203257,39.8,-18.95797,-48.27706,G,2026-02-04,2012-11-26,,5bc763186ee1f1a4,2028-10-21,,,Uberlândia
LIC-LIC-01,ALGAR TELECOM S/A,50418418705,010,159972025,688026761,RUA  TABOR,,MG,3170206,20M0D7W,NR,,,3690,3690,110,FB,,,760,168242103257,23.8,25,60,0,X,45,168242103257,52.4,-18.96185,-48.332,G,2026-02-04,2006-01-05,,5bc763186ee1f1bb,2028-10-21,,,Uberlândia
LIC-LIC-01,ALGAR TELECOM S/A,50418418705,010,159972025,688026761,RUA  TABOR,,MG,3170206,20M0D7W,NR,,,3690,3690,180,FB,,,760,168242103257,23.8,25,60,0,X,45,168242103257,52.4,-18.96185,-48.332,G,2026-02-04,2006-01-05,,5bc763186ee1f1bc,2028-10-21,,,Uberlândia
LIC-LIC-01,ALGAR TELECOM S/A,50418418705,010,159972025,688026761,RUA  TABOR,,MG,3170206,20M0D7W,NR,,,3690,3690,320,FB,,,760,168242103257,23.8,25,60,0,X,45,168242103257,52.4,-18.96185,-48.332,G,2026-02-04,2006-01-05,,5bc763186ee1f1bd,2028-10-21,,,Uberlândia
LIC-LIC-01,ALGAR TELECOM S/A,50418418705,010,159972025,1015601194,RUA SU1,,MG,3170206,20M0D7W,NR,,,3690,3690,80,FB,,,760,168242103257,23.8,25,60,0,X,20,168242103257,52.4,-18.960217,-48.278447,G,2026-02-04,2024-01-17,,5bc763186ee1f1cb,2028-10-21,,,Uberlândia
LIC-LIC-01,ALGAR TELECOM S/A,50418418705,010,159972025,1015601194,RUA SU1,,MG,3170206,20M0D7W,NR,,,3690,3690,260,FB,,,760,168242103257,23.8,25,60,0,X,20,168242103257,52.4,-18.960217,-48.278447,G,2026-02-04,2024-01-17,,5bc763186ee1f1cc,2028-10-21,,,Uberlândia
LIC-LIC-01,ALGAR TELECOM S/A,50418418705,010,159972025,379991845,PRAÇA PROFESSOR NELSON CUPERTINO,,MG,3170206,20M0D7W,NR,,,3690,3690,106,FB,,,760,168242103257,23.8,25,60,0,X,31,168242103257,52.4,-18.92543,-48.28965,G,2026-02-04,2004-01-20,,5bc763186ee1f1df,2028-10-21,,,Uberlândia
LIC-LIC-01,ALGAR TELECOM S/A,50418418705,010,159972025,379991845,PRAÇA PROFESSOR NELSON CUPERTINO,,MG,3170206,20M0D7W,NR,,,3690,3690,196,FB,,,760,168242103257,23.8,25,60,0,X,31,168242103257,52.4,-18.92543,-48.28965,G,2026-02-04,2004-01-20,,5bc763186ee1f1e0,2028-10-21,,,Uberlândia
LIC-LIC-01,ALGAR TELECOM S/A,50418418705,010,159972025,379991845,PRAÇA PROFESSOR NELSON CUPERTINO,,MG,3170206,20M0D7W,NR,,,3690,3690,330,FB,,,760,168242103257,23.8,25,60,0,X,31,168242103257,52.4,-18.92543,-48.28965,G,2026-02-04,2004-01-20,,5bc763186ee1f1e1,2028-10-21,,,Uberlândia
LIC-LIC-01,ALGAR TELECOM S/A,50418418705,010,159972025,379991861,AV  PORTUGAL,,MG,3170206,20M0D7W,NR,,,3690,3690,100,FB,,,760,168242103257,23.8,25,60,0,X,50,168242103257,52.4,-18.90052,-48.24901,G,2026-02-04,2004-01-20,,5bc763186ee1f1fa,2028-10-21,,,Uberlândia
LIC-LIC-01,ALGAR TELECOM S/A,50418418705,010,159972025,379991861,AV  PORTUGAL,,MG,3170206,20M0D7W,NR,,,3690,3690,210,FB,,,760,168242103257,23.8,25,60,0,X,50,168242103257,52.4,-18.90052,-48.24901,G,2026-02-04,2004-01-20,,5bc763186ee1f1fb,2028-10-21,,,Uberlândia
LIC-LIC-01,ALGAR TELECOM S/A,50418418705,010,159972025,379991861,AV  PORTUGAL,,MG,3170206,20M0D7W,NR,,,3690,3690,350,FB,,,760,168242103257,23.8,25,60,0,X,50,168242103257,52.4,-18.90052,-48.24901,G,2026-02-04,2004-01-20,,5bc763186ee1f1fc,2028-10-21,,,Uberlândia
LIC-LIC-01,ALGAR TELECOM S/A,50418418705,010,159972025,404249043,RUA DOUTOR MANOEL THOMAZ TEIXEIRA DE SOUZA,,MG,3170206,20M0D7W,NR,,,3690,3690,55,FB,,,760,168242103257,23.8,25,60,0,X,48,168242103257,52.4,-18.89974,-48.33872,G,2026-02-04,1999-07-23,,5bc763186ee1f215,2028-10-21,,,Uberlândia
LIC-LIC-01,ALGAR TELECOM S/A,50418418705,010,159972025,404249043,RUA DOUTOR MANOEL THOMAZ TEIXEIRA DE SOUZA,,MG,3170206,20M0D7W,NR,,,3690,3690,140,FB,,,760,168242103257,23.8,25,60,0,X,48,168242103257,52.4,-18.89974,-48.33872,G,2026-02-04,1999-07-23,,5bc763186ee1f216,2028-10-21,,,Uberlândia
LIC-LIC-01,ALGAR TELECOM S/A,50418418705,010,159972025,404249043,RUA DOUTOR MANOEL THOMAZ TEIXEIRA DE SOUZA,,MG,3170206,20M0D7W,NR,,,3690,3690,310,FB,,,760,168242103257,23.8,25,60,0,X,48,168242103257,52.4,-18.89974,-48.33872,G,2026-02-04,1999-07-23,,5bc763186ee1f217,2028-10-21,,,Uberlândia
LIC-LIC-01,ALGAR TELECOM S/A,50418418705,010,159972025,1003530637,RUA CASTRO ALVES,,MG,3170206,20M0D7W,NR,,,3690,3690,80,FB,,,760,168242103257,23.8,25,60,2,X,50,168242103257,52.4,-18.93616,-48.29799,G,2026-02-04,2016-11-22,,5bc763186ee1f22d,2028-10-21,,,Uberlândia
LIC-LIC-01,ALGAR TELECOM S/A,50418418705,010,159972025,1003530637,RUA CASTRO ALVES,,MG,3170206,20M0D7W,NR,,,3690,3690,250,FB,,,760,168242103257,23.8,25,60,2,X,50,168242103257,52.4,-18.93616,-48.29799,G,2026-02-04,2016-11-22,,5bc763186ee1f22e,2028-10-21,,,Uberlândia
LIC-LIC-01,ALGAR TELECOM S/A,50418418705,010,159972025,1003530637,RUA CASTRO ALVES,,MG,3170206,20M0D7W,NR,,,3690,3690,350,FB,,,760,168242103257,23.8,25,60,2,X,50,168242103257,52.4,-18.93616,-48.29799,G,2026-02-04,2016-11-22,,5bc763186ee1f22f,2028-10-21,,,Uberlândia
LIC-LIC-01,ALGAR TELECOM S/A,50418418705,010,159972025,1005604379,RUA BUENO BRANDÃO,,MG,3170206,20M0D7W,NR,,,3690,3690,10,FB,,,760,168242103257,23.8,25,60,0,X,65,168242103257,52.4,-18.91976,-48.28698,G,2026-02-04,2018-01-22,,5bc763186ee1f242,2028-10-21,,,Uberlândia
LIC-LIC-01,ALGAR TELECOM S/A,50418418705,010,159972025,1005604379,RUA BUENO BRANDÃO,,MG,3170206,20M0D7W,NR,,,3690,3690,110,FB,,,760,168242103257,23.8,25,60,0,X,65,168242103257,52.4,-18.91976,-48.28698,G,2026-02-04,2018-01-22,,5bc763186ee1f243,2028-10-21,,,Uberlândia
LIC-LIC-01,ALGAR TELECOM S/A,50418418705,010,159972025,1005604379,RUA BUENO BRANDÃO,,MG,3170206,20M0D7W,NR,,,3690,3690,280,FB,,,760,168242103257,23.8,25,60,0,X,65,168242103257,52.4,-18.91976,-48.28698,G,2026-02-04,2018-01-22,,5bc763186ee1f244,2028-10-21,,,Uberlândia
LIC-LIC-01,ALGAR TELECOM S/A,50418418705,010,159972025,688295916,RUA JOSÉ SERAFIM DE OLIVEIRA,,MG,3170206,20M0D7W,NR,,,3690,3690,80,FB,,,760,168242103257,23.8,25,60,0,X,48,168242103257,52.4,-18.936806,-48.282194,G,2026-02-04,2006-03-30,,5bc763186ee1f25a,2028-10-21,,,Uberlândia
LIC-LIC-01,ALGAR TELECOM S/A,50418418705,010,159972025,688295916,RUA JOSÉ SERAFIM DE OLIVEIRA,,MG,3170206,20M0D7W,NR,,,3690,3690,220,FB,,,760,168242103257,23.8,25,60,0,X,48,168242103257,52.4,-18.936806,-48.282194,G,2026-02-04,2006-03-30,,5bc763186ee1f25b,2028-10-21,,,Uberlândia
LIC-LIC-01,ALGAR TELECOM S/A,50418418705,010,159972025,688295916,RUA JOSÉ SERAFIM DE OLIVEIRA,,MG,3170206,20M0D7W,NR,,,3690,3690,330,FB,,,760,168242103257,23.8,25,60,0,X,48,168242103257,52.4,-18.936806,-48.282194,G,2026-02-04,2006-03-30,,5bc763186ee1f25c,2028-10-21,,,Uberlândia
