
--== OCUDU gNB (commit 6744de3b5b) ==--

Initializing the Open Fronthaul Interface for sector#0: ul_compr=[BFP,9], dl_compr=[BFP,9], prach_compr=[BFP,9], prach_cp_enabled=false
Initializing the Open Fronthaul Interface for sector#1: ul_compr=[BFP,9], dl_compr=[BFP,9], prach_compr=[BFP,9], prach_cp_enabled=false
Initializing the Open Fronthaul Interface for sector#2: ul_compr=[BFP,9], dl_compr=[BFP,9], prach_compr=[BFP,9], prach_cp_enabled=false
Initializing the Open Fronthaul Interface for sector#3: ul_compr=[BFP,9], dl_compr=[BFP,9], prach_compr=[BFP,9], prach_cp_enabled=false
Cell pci=0, bw=100 MHz, 1T1R, dl_arfcn=625000 (n78), dl_freq=3375 MHz, dl_ssb_arfcn=622272, ul_freq=3375 MHz
Cell pci=1, bw=90 MHz, 1T1R, dl_arfcn=632628 (n78), dl_freq=3489.42 MHz, dl_ssb_arfcn=630240, ul_freq=3489.42 MHz
Cell pci=2, bw=80 MHz, 1T1R, dl_arfcn=637212 (n78), dl_freq=3558.18 MHz, dl_ssb_arfcn=635136, ul_freq=3558.18 MHz
Cell pci=3, bw=100 MHz, 1T1R, dl_arfcn=640000 (n78), dl_freq=3600 MHz, dl_ssb_arfcn=637344, ul_freq=3600 MHz

Remote control server listening on 0.0.0.0:8001
==== gNB started ===
Type <h> to view help

          |--------------------DL---------------------|-------------------------------UL-----------------------------
 pci rnti | cqi  ri  mcs  brate   ok  nok  (%)  dl_bs | pusch  rsrp  ri  mcs  brate   ok  nok  (%)    bsr     ta  phr
   0   44 |   7 1.0   10   7.9M   61   49  44%    10M |  52.7   ovl   1   26  1.90M    5    3  37%  81.9M  -178n  n/a
   0   45 |   7 1.0   11   7.9M   61   62  50%    10M |  52.7   ovl   1   26  2.05M    5    2  28%  81.9M  -201n  n/a
   0   46 |   7 1.0   10   7.6M   65   58  47%    10M |  58.6   ovl   1   26  2.00M    6    2  25%  81.9M    -9n  n/a
   0   47 |   7 1.0   10   7.8M   54   49  47%    10M |  99.9   ovl   1   26  3.66M    9    0   0%  81.9M   -82n  n/a
   0   48 |   7 1.0   11   7.2M   53   65  55%    10M |  76.4   ovl   1   26  2.57M    6    1  14%  81.9M  -295n  n/a
   0   49 |   7 1.0   11   7.8M   58   53  47%    10M |  58.6   ovl   1   26  2.07M    6    3  33%  81.9M  -327n  n/a
   0   4a |   7 1.0   11   7.6M   53   68  56%    10M |  58.6   ovl   1   26  2.06M    6    3  33%  81.9M   160n  n/a
   0   4b |   7 1.0    9   7.5M   74   61  45%    10M |  81.6   ovl   1   26  3.13M    8    1  11%  81.9M  -271n  n/a
   1   4c |   7 1.0    9   6.9M   32   26  44%    10M |  99.9   ovl   1   24  2.11M    4    1  20%  81.9M   108n  n/a
   1   4d |   7 1.0    9   7.5M   35   30  46%    10M |  33.8   ovl   1   25  1.06M    3    2  40%  81.9M   473n  n/a
   1   4e |   7 1.0    9   7.3M   30   30  50%    10M |  66.9   ovl   1   25  2.05M    4    1  20%  81.9M  -277n  n/a
   1   4f |   7 1.0   10   7.5M   26   39  60%    10M |  58.6   ovl   1   25  2.00M    3    1  25%  81.9M   473n  n/a
   1   50 |   7 1.0    9   7.3M   30   34  53%    10M |  58.6   ovl   1   25  2.07M    3    1  25%  81.9M  -967n  n/a
   1   51 |   7 1.0   10   7.1M   27   30  52%    10M |  58.6   ovl   1   25  2.00M    3    2  40%  81.9M   473n  n/a
   1   52 |   7 1.0    9   7.5M   28   27  49%    10M |  66.9   ovl   1   24  2.00M    4    1  20%  81.9M   473n  n/a
   1   53 |   7 1.0    3    11k    1    0   0%    10M |  99.9   n/a   1    9   336k    2    0   0%  81.9M    n/a  n/a
   2   54 |   7 1.0    4   5.8M  149   21  12%    10M |  99.9   n/a   1   26  7.94M   25    0   0%  81.9M    n/a  n/a
   2   55 |   7 1.0    7   8.4M  115   13  10%    10M |  99.9   n/a   1   26  8.17M   25    0   0%  81.9M    n/a  n/a
   2   56 |   7 1.0    8   8.6M   99   21  17%    10M |  99.9   n/a   1   26  8.17M   24    0   0%  81.9M    n/a  n/a
   2   57 |   7 1.0    8   8.7M   97    9   8%    10M |  99.9   n/a   1   26  7.88M   26    0   0%  81.9M    n/a  n/a
   2   58 |   7 1.0   10   8.9M   86   13  13%    10M |  99.9   n/a   1   26  7.78M   24    0   0%  81.9M    n/a  n/a
   2   59 |   7 1.0   10   8.8M   88    9   9%    10M |  99.9   n/a   1   26  8.17M   27    0   0%  81.9M    n/a  n/a
   2   5a |   7 1.0   10   8.7M   85    8   8%    10M |  99.9   n/a   1   26  8.06M   25    0   0%  81.9M    n/a  n/a
   2   5b |   7 1.0    9   8.7M   93    8   7%    10M |  99.9   n/a   1   24  7.77M   24    0   0%  81.9M    n/a  n/a
   3   5c |   7 1.0    8   6.0M   32   31  49%    10M |  44.8   ovl   1   15  1.37M    4    2  33%  81.9M   -39n  n/a
   3   5d |   7 1.0    8   5.1M   30   34  53%    10M |  33.8   ovl   1   25  1.17M    3    2  40%  81.9M    -3n  n/a
   3   5e |   7 1.0    8   5.8M   31   22  41%    10M |  58.6   ovl   1   25  2.27M    3    1  25%  81.9M  -771n  n/a
   3   5f |   7 1.0   10   6.4M   23   29  55%    10M |  58.6   ovl   1   25  2.22M    3    1  25%  81.9M   155n  n/a
   3   60 |   7 1.0    8   5.8M   27   30  52%    10M |  58.6   ovl   1   25  2.29M    3    1  25%  81.9M   155n  n/a
   3   61 |   7 1.0    8   5.7M   29   26  47%    10M |  58.6   ovl   1   25  2.21M    3    2  40%  81.9M   766n  n/a
   3   62 |   7 1.0    8   5.4M   25   26  50%    10M |  79.3  -1.7   1   24  2.24M    7    1  12%  81.9M   -94n  n/a
   3   63 |   7 1.0    3    11k    1    0   0%    10M |  99.9   n/a   1    9   379k    2    0   0%  81.9M    n/a  n/a
   0   44 |   7 1.0   11   6.3M  205  415  66%    10M |  17.2   ovl   1   26  1.11M   14   30  68%  81.9M  -186n  n/a
   0   45 |   7 1.0   11   5.9M  178  398  69%    10M |  44.8   ovl   1   27  1.50M   18   31  63%  81.9M  -150n  n/a
   0   46 |   7 1.0   11   6.3M  204  382  65%    10M |  51.0   ovl   1   25  1.21M   19   25  56%  81.9M    31n  n/a
   0   47 |   7 1.0   11   6.3M  186  398  68%    10M |  22.4   ovl   1   27  1.31M   17   30  63%  81.9M  -229n  n/a
   0   48 |   7 1.0   11   6.3M  207  357  63%    10M |  -5.3   ovl   1   26   611k    8   31  79%  81.9M  -274n  n/a
   0   49 |   7 1.0   11   6.2M  193  389  66%    10M | -19.0   ovl   1   24   218k    7   44  86%  81.9M   -92n  n/a
   0   4a |   7 1.0   11   6.3M  207  407  66%    10M |  20.5   ovl   1   25   889k   13   32  71%  81.9M    -9n  n/a
   0   4b |   7 1.0   11   5.9M  186  436  70%    10M |  31.8   ovl   1   26   810k   10   27  72%  81.9M  -113n  n/a
   1   4c |   7 1.0   11   6.6M   97  178  64%    10M |  81.6   ovl   1   23   687k    8   10  55%  81.9M   322n  n/a
   1   4d |   7 1.0   11   6.4M   93  230  71%    10M | -20.4   ovl   1   10   929k    6   25  80%  81.9M    95n  n/a
   1   4e |   7 1.0   11   6.2M   99  217  68%    10M |  17.2   ovl   1   24   689k    5   14  73%  81.9M    71n  n/a
   1   4f |   7 1.0   11   6.4M   90  254  73%    10M |  87.3   ovl   1   26  43.0k   12   10  45%  81.9M   175n  n/a
   1   50 |   7 1.0   11   6.4M   99  234  70%    10M |  24.8   ovl   1   12  23.5k    6   16  72%  81.9M    77n  n/a
   1   51 |   7 1.0   11   6.3M   98  227  69%    10M |  87.3   ovl   1   22   247k   12   10  45%  81.9M   221n  n/a
   1   52 |   7 1.0   11   6.6M   99  195  66%    10M | -28.7   ovl   1   16   242k    6   32  84%  81.9M    35n  n/a
   1   53 |   7 1.0    0      0    0    0   0%    10M |   n/a   n/a   1    0      0    0    0   0%  81.9M    n/a  n/a
   2   54 |   7 1.0   11    13M  503   96  16%    10M |  99.9   n/a   1   27  8.96M  112    0   0%  81.9M    n/a  n/a
   2   55 |   7 1.0   11    13M  480   76  13%    10M |  99.9   n/a   1   27  8.98M  115    0   0%  81.9M    n/a  n/a
   2   56 |   7 1.0   11    13M  506   99  16%    10M |  99.9   n/a   1   27  8.92M  112    0   0%  81.9M    n/a  n/a
   2   57 |   7 1.0   11    13M  486   69  12%    10M |  99.9   n/a   1   27  8.99M  113    0   0%  81.9M    n/a  n/a
   2   58 |   7 1.0   11    13M  510  150  22%    10M |  99.9   n/a   1   27  9.01M  119    0   0%  81.9M    n/a  n/a
   2   59 |   7 1.0   11    13M  473   77  14%    10M |  99.9   n/a   1   27  8.92M  113    0   0%  81.9M    n/a  n/a
   2   5a |   7 1.0   11    13M  497  105  17%    10M |  99.9   n/a   1   27  8.94M  111    0   0%  81.9M    n/a  n/a
   2   5b |   7 1.0   11    13M  487   87  15%    10M |  99.9   n/a   1   27  9.02M  109    0   0%  81.9M    n/a  n/a
   3   5c |   7 1.0   11   7.4M   96  209  68%    10M |  69.0   ovl   1   20  1.29M   13   12  48%  81.9M   -46n  n/a
   3   5d |   7 1.0   11   7.1M   97  224  69%    10M |  36.3   ovl   1   14  1.53M    8   12  60%  81.9M    29n  n/a
   3   5e |   7 1.0   11   7.2M  101  232  69%    10M |   3.4   ovl   1    4  24.7k    5   17  77%  81.9M   158n  n/a
   3   5f |   7 1.0   11   6.8M   86  183  68%    10M |  12.4   ovl   1   17  1.02M    8   18  69%  81.9M    65n  n/a
   3   60 |   7 1.0   11   7.2M   93  172  64%    10M | -21.4   ovl   1    8  21.1k    4   21  84%  81.9M   221n  n/a
   3   61 |   7 1.0   11   7.2M   99  211  68%    10M |   8.0   ovl   1   12  31.1k    8   22  73%  81.9M    15n  n/a
   3   62 |   7 1.0   11   7.2M   90  190  67%    10M |  87.3   ovl   1   23   284k   12   12  50%  81.9M  -263n  n/a
   3   63 |   7 1.0    0      0    0    0   0%    10M |   n/a   n/a   1    0      0    0    0   0%  81.9M    n/a  n/a
   0   44 |   7 1.0   11   5.6M  189  457  70%    10M |  99.9   ovl   1   26  1.64M   19   25  56%  81.9M  -331n  n/a
   0   45 |   7 1.0   11   5.3M  160  405  71%    10M |  63.2   ovl   1   25   940k   14   28  66%  81.9M   -80n  n/a
   0   46 |   7 1.0   11   5.8M  192  453  70%    10M |  58.6   ovl   1   26  1.53M   18   27  60%  81.9M    19n  n/a
   0   47 |   7 1.0   11   5.5M  159  406  71%    10M |  99.9   ovl   1   26  1.82M   23   20  46%  81.9M  -135n  n/a
   0   48 |   7 1.0   11   6.0M  200  387  65%    10M |  33.8   ovl   1   27   830k    9   29  76%  81.9M  -468n  n/a
   0   49 |   7 1.0   11   5.5M  165  394  70%    10M |  76.4   ovl   1   25   926k   12   25  67%  81.9M  -374n  n/a
   0   4a |   7 1.0   11   5.5M  178  518  74%    10M |  99.9   ovl   1   26  1.67M   19   26  57%  81.9M   290n  n/a
   0   4b |   7 1.0   11   5.5M  176  427  70%    10M |  50.3   ovl   1   26  1.12M   14   26  65%  81.9M  -237n  n/a
   1   4c |   7 1.0   11   6.3M  101  218  68%    10M |  52.7   ovl   1   12   239k    5    9  64%  81.9M  -274n  n/a
   1   4d |   7 1.0   11   6.3M  102  233  69%    10M |  99.9   ovl   1   16   226k    3   16  84%  81.9M   650n  n/a
   1   4e |   7 1.0   11   6.1M   93  211  69%    10M |  99.9   ovl   1   25   226k    4   12  75%  81.9M  -134n  n/a
   1   4f |   7 1.0   11   6.4M   91  215  70%    10M |  99.9   n/a   1   13  1.36M    7   10  58%  81.9M    n/a  n/a
   1   50 |   7 1.0   11   6.0M   91  234  72%    10M |  12.4   ovl   1    7   936k    8   28  77%  81.9M   366n  n/a
   1   51 |   7 1.0   11   6.4M   97  229  70%    10M |  79.3   ovl   1   27   679k    7   12  63%  81.9M   203n  n/a
   1   52 |   7 1.0   11   5.8M   95  237  71%    10M |  66.9   ovl   1   12   684k    4   20  83%  81.9M   108n  n/a
   1   53 |   7 1.0    0      0    0    0   0%    10M |   n/a   n/a   1    0      0    0    0   0%  81.9M    n/a  n/a
   2   54 |   7 1.0   12   5.3M  203  481  70%    10M |  83.4   ovl   1   24   661k    9   26  74%  81.9M  -585n  n/a
   2   55 |   7 1.0   12   5.1M  178  526  74%    10M |  99.9   n/a   1   27   892k   11   24  68%  81.9M    n/a  n/a
   2   56 |   7 1.0   12   5.4M  202  487  70%    10M |  92.8   ovl   1   26  1.54M   22   25  53%  81.9M  -277n  n/a
   2   57 |   7 1.0   12   5.3M  186  457  71%    10M |  77.9   ovl   1   27  1.11M   13   20  60%  81.9M   253n  n/a
   2   58 |   7 1.0   12   5.4M  204  499  70%    10M |  89.7   ovl   1   27  1.12M   15   27  64%  81.9M  -553n  n/a
   2   59 |   7 1.0   12   5.2M  189  432  69%    10M |  88.2   ovl   1   27   969k   13   30  69%  81.9M   -92n  n/a
   2   5a |   7 1.0   12   4.9M  174  566  76%    10M |  91.4   ovl   1   27  1.40M   17   26  60%  81.9M  -437n  n/a
   2   5b |   7 1.0   12   5.2M  185  511  73%    10M |  99.9   n/a   1   27  1.71M   22   22  50%  81.9M    n/a  n/a

          |--------------------DL---------------------|-------------------------------UL-----------------------------
 pci rnti | cqi  ri  mcs  brate   ok  nok  (%)  dl_bs | pusch  rsrp  ri  mcs  brate   ok  nok  (%)    bsr     ta  phr
   3   5c |   7 1.0   11   7.0M   93  193  67%    10M |  17.2   ovl   1   10  1.01M    5   17  77%  81.9M  -278n  n/a
   3   5d |   7 1.0   11   7.0M  104  208  66%    10M |  81.6   ovl   1   15   761k    8   18  69%  81.9M  -799n  n/a
   3   5e |   7 1.0   11   7.0M   96  221  69%    10M |  66.9   ovl   1   26   258k    4    9  69%  81.9M   -57n  n/a
   3   5f |   7 1.0   11   7.0M   95  218  69%    10M |  83.4   ovl   1   26  1.52M    9   12  57%  81.9M  -581n  n/a
   3   60 |   7 1.0   11   7.8M  102  150  59%    10M |  79.3   ovl   1   23   511k    7   14  66%  81.9M  -226n  n/a
   3   61 |   7 1.0   11   6.9M   89  230  72%    10M |  77.9   ovl   1   26  2.76M   13   18  58%  81.9M   177n  n/a
   3   62 |   7 1.0   11   7.4M   98  201  67%    10M |  17.2  -1.3   1    9   520k    4   17  80%  81.9M   397n  n/a
   3   63 |   7 1.0    0      0    0    0   0%    10M |   n/a   n/a   1    0      0    0    0   0%  81.9M    n/a  n/a
   0   44 |   7 1.0   11   6.0M  182  422  69%    10M |  92.1   ovl   1   25  1.84M   20   24  54%  81.9M   -43n  n/a
   0   45 |   7 1.0   11   5.9M  180  426  70%    10M |  92.8   ovl   1   27  2.10M   22   32  59%  81.9M   238n  n/a
   0   46 |   7 1.0   11   5.9M  179  377  67%    10M |  89.0   ovl   1   25  1.16M   14   28  66%  81.9M   132n  n/a
   0   47 |   7 1.0   11   5.6M  170  431  71%    10M |  36.3   ovl   1   25   490k    8   25  75%  81.9M  -101n  n/a
   0   48 |   7 1.0   11   6.0M  182  461  71%    10M |  99.9   ovl   1   25  1.84M   19   22  53%  81.9M  -606n  n/a
   0   49 |   7 1.0   11   5.7M  171  416  70%    10M |  89.7   ovl   1   25  1.31M   15   31  67%  81.9M  -174n  n/a
   0   4a |   7 1.0   11   6.1M  200  450  69%    10M |  39.8   ovl   1   26   444k    7   20  74%  81.9M  -622n  n/a
   0   4b |   7 1.0   11   5.7M  162  427  72%    10M |  99.9   ovl   1   26  1.56M   16   18  52%  81.9M   773n  n/a
   1   4c |   7 1.0   11   6.8M   97  199  67%    10M |  85.0   ovl   1   25  2.05M   10   16  61%  81.9M   903n  n/a
   1   4d |   7 1.0   11   6.8M   92  162  63%    10M |  81.6   ovl   1   20  1.57M    8   15  65%  81.9M   903n  n/a
   1   4e |   7 1.0   11   6.2M   96  247  72%    10M |  66.9   ovl   1   11   683k    4   11  73%  81.9M   903n  n/a
   1   4f |   7 1.0   11   7.2M  107  196  64%    10M |  44.8   ovl   1   25   226k    2   14  87%  81.9M   684n  n/a
   1   50 |   7 1.0   11   6.7M   93  185  66%    10M |  52.7   ovl   1   14   913k    5   15  75%  81.9M  -430n  n/a
   1   51 |   7 1.0   11   7.4M  101  159  61%    10M |  99.9   ovl   1   22  1.37M    9   10  52%  81.9M   780n  n/a
   1   52 |   7 1.0   11   6.6M   98  199  67%    10M |  99.9   n/a   1   11  1.82M    9   11  55%  81.9M    n/a  n/a
   1   53 |   7 1.0    0      0    0    0   0%    10M |   n/a   n/a   1    0      0    0    0   0%  81.9M    n/a  n/a
   2   54 |   7 1.0   12   5.2M  195  503  72%    10M |  79.3   ovl   1   26  1.08M   14   24  63%  81.9M  -374n  n/a
   2   55 |   7 1.0   12   5.6M  197  438  68%    10M |  90.8   ovl   1   26  1.24M   17   29  63%  81.9M   124n  n/a
   2   56 |   7 1.0   12   5.2M  193  437  69%    10M |  64.4   ovl   1   26   500k    7   15  68%  81.9M   214n  n/a
   2   57 |   7 1.0   12   5.5M  198  426  68%    10M |  92.1   ovl   1   26  1.48M   20   19  48%  81.9M    91n  n/a
   2   58 |   7 1.0   12   5.4M  218  450  67%    10M |  99.9   ovl   1   26  1.77M   26   17  39%  81.9M  -832n  n/a
   2   59 |   7 1.0   12   5.2M  192  425  68%    10M |  99.9   ovl   1   26  1.76M   23   19  45%  81.9M  -656n  n/a
   2   5a |   7 1.0   12   5.2M  220  500  69%    10M |  99.9   ovl   1   26  1.68M   24   27  52%  81.9M  -315n  n/a
   2   5b |   7 1.0   12   5.5M  197  410  67%    10M |  85.0   ovl   1   25   544k   10   19  65%  81.9M   315n  n/a
   3   5c |   7 1.0   11   7.4M   96  193  66%    10M |  66.9   ovl   1   13  1.27M    8   14  63%  81.9M    89n  n/a
   3   5d |   7 1.0   11   7.3M   95  215  69%    10M |  17.2   ovl   1   16   516k    3   13  81%  81.9M   230n  n/a
   3   5e |   7 1.0   11   7.6M  100  181  64%    10M |  99.9   n/a   1   10  2.80M   13   11  45%  81.9M    n/a  n/a
   3   5f |   7 1.0   11   6.6M   91  224  71%    10M |  54.9   ovl   1   24   776k    8   15  65%  81.9M  -132n  n/a
   3   60 |   7 1.0   11   7.5M   88  180  67%    10M |  33.8   ovl   1   19  1.05M    6   18  75%  81.9M    11n  n/a
   3   61 |   7 1.0   11   7.1M   84  192  69%    10M |  76.4   ovl   1   18  1.02M    6   14  70%  81.9M   -49n  n/a
   3   62 |   7 1.0   11   7.4M   95  182  65%    10M |  58.6   ovl   1   19   516k    3   11  78%  81.9M  -771n  n/a
   3   63 |   7 1.0    0      0    0    0   0%    10M |   n/a   n/a   1    0      0    0    0   0%  81.9M    n/a  n/a
   0   44 |   7 1.0   12   6.8M  217  424  66%    10M |  87.3   ovl   1   25   870k   12   17  58%  81.9M   109n  n/a
   0   45 |   7 1.0   12   6.7M  187  399  68%    10M |  83.4   ovl   1   21   843k    9   21  70%  81.9M   158n  n/a
   0   46 |   7 1.0   12   6.9M  203  419  67%    10M |  54.9   ovl   1   27  1.46M   16   33  67%  81.9M  -375n  n/a
   0   47 |   7 1.0   12   6.6M  180  429  70%    10M |  91.3   ovl   1   27  1.78M   18   22  55%  81.9M  -285n  n/a
   0   48 |   7 1.0   12   7.3M  212  414  66%    10M |  64.5   ovl   1   27  2.13M   22   28  56%  81.9M  -125n  n/a
   0   49 |   7 1.0   12   6.7M  189  397  67%    10M |  69.0   ovl   1   26  1.13M   13   25  65%  81.9M  -607n  n/a
   0   4a |   7 1.0   12   6.8M  203  423  67%    10M |  76.4   ovl   1   26   774k   12   21  63%  81.9M  -372n  n/a
   0   4b |   7 1.0   12   6.3M  169  405  70%    10M |  84.5   ovl   1   27  2.60M   29   29  50%  81.9M    47n  n/a
   1   4c |   7 1.0   11   6.4M   95  230  70%    10M |  69.9   ovl   1   10  1.58M    9   27  75%  81.9M   340n  n/a
   1   4d |   7 1.0   11   6.9M  102  184  64%    10M |  99.9   n/a   1   27   225k    1   10  90%  81.9M    n/a  n/a
   1   4e |   7 1.0   11   6.4M   97  218  69%    10M |  99.9   n/a   1   27  1.11M    5   12  70%  81.9M    n/a  n/a
   1   4f |   7 1.0   11   6.8M  102  214  67%    10M |  99.9   ovl   1   27  1.62M    8   11  57%  81.9M  -503n  n/a
   1   50 |   7 1.0   11   6.5M   93  219  70%    10M |   0.7   ovl   1   27   227k    2   17  89%  81.9M  -362n  n/a
   1   51 |   7 1.0   11   6.7M  104  191  64%    10M |  79.3   ovl   1   27  1.59M    7   16  69%  81.9M   108n  n/a
   1   52 |   7 1.0   11   6.6M   93  238  71%    10M |  99.9   n/a   1   27  1.58M    7    6  46%  81.9M    n/a  n/a
   1   53 |   7 1.0    0      0    0    0   0%    10M |   n/a   n/a   1    0      0    0    0   0%  81.9M    n/a  n/a
   2   54 |   7 1.0   13   5.6M  203  497  71%    10M |  99.9   n/a   1   27  1.21M   14   27  65%  81.9M    n/a  n/a
   2   55 |   7 1.0   12   5.6M  195  425  68%    10M |  91.0   ovl   1   25  1.23M   17   20  54%  81.9M  -155n  n/a
   2   56 |   7 1.0   12   6.0M  218  420  65%    10M |  74.5   ovl   1   26   798k   11   18  62%  81.9M  -419n  n/a
   2   57 |   7 1.0   12   5.8M  208  472  69%    10M |  94.7   ovl   1   26  2.15M   30   35  53%  81.9M    -3n  n/a
   2   58 |   7 1.0   12   5.9M  223  493  68%    10M |  91.3   ovl   1   27  1.42M   18   24  57%  81.9M    -1u  n/a
   2   59 |   7 1.0   12   5.7M  194  395  67%    10M |  87.5   ovl   1   26   649k   12   25  67%  81.9M  -291n  n/a
   2   5a |   7 1.0   12   5.3M  202  546  72%    10M |  99.9   n/a   1   27  1.44M   18   29  61%  81.9M    n/a  n/a
   2   5b |   7 1.0   12   5.4M  181  414  69%    10M |  99.9   n/a   1   27  1.64M   22   27  55%  81.9M    n/a  n/a
   3   5c |   7 1.0   11   7.3M   90  197  68%    10M |  54.9   ovl   1   27  1.99M    8   18  69%  81.9M   229n  n/a
   3   5d |   7 1.0   11   7.7M  109  198  64%    10M |  69.9   ovl   1   27  1.79M    9   12  57%  81.9M    67n  n/a
   3   5e |   7 1.0   11   7.5M   97  196  66%    10M |  99.9   n/a   1   27  1.53M    6   10  62%  81.9M    n/a  n/a
   3   5f |   7 1.0   11   7.7M   97  177  64%    10M |  66.9   ovl   1    9  1.55M    8   17  68%  81.9M    -3n  n/a
   3   60 |   7 1.0   11   7.7M  102  191  65%    10M |  79.3   ovl   1   22  1.02M    7   15  68%  81.9M  -196n  n/a
   3   61 |   7 1.0   11   7.5M  100  209  67%    10M |  99.9   n/a   1   27  1.54M    6    8  57%  81.9M    n/a  n/a
   3   62 |   7 1.0   11   7.8M  101  180  64%    10M |  44.8   ovl   1   27   508k    2   14  87%  81.9M  -771n  n/a
   3   63 |   7 1.0    0      0    0    0   0%    10M |   n/a   n/a   1    0      0    0    0   0%  81.9M    n/a  n/a
   0   44 |   7 1.0   12   6.7M  193  452  70%    10M |  93.4   ovl   1   26  2.05M   24   22  47%  81.9M   -12n  n/a
   0   45 |   7 1.0   12   6.6M  183  416  69%    10M |  88.2   ovl   1   26   868k   13   35  72%  81.9M    25n  n/a
   0   46 |   7 1.0   12   6.5M  193  451  70%    10M |  76.4   ovl   1   19   427k    6   16  72%  81.9M  -472n  n/a
   0   47 |   7 1.0   12   6.6M  187  384  67%    10M |  99.9   ovl   1   24  2.38M   24   23  48%  81.9M    36n  n/a
   0   48 |   7 1.0   12   6.9M  200  444  68%    10M |  85.0   ovl   1   23   651k   10   23  69%  81.9M   132n  n/a
   0   49 |   7 1.0   12   6.7M  192  441  69%    10M |  99.9   ovl   1   27  2.02M   23   26  53%  81.9M  -444n  n/a
   0   4a |   7 1.0   12   6.7M  205  444  68%    10M |  88.2   ovl   1   26   795k   13   28  68%  81.9M    30n  n/a
   0   4b |   7 1.0   12   6.7M  186  420  69%    10M |  79.3   ovl   1   18   464k    7   15  68%  81.9M   -45n  n/a
   1   4c |   7 1.0   11   5.5M   85  229  72%    10M |  99.9   n/a   1   27  1.34M    6    9  60%  81.9M    n/a  n/a
   1   4d |   7 1.0   11   5.5M   80  216  72%    10M |  99.9   n/a   1   27  1.59M    7   14  66%  81.9M    n/a  n/a
   1   4e |   7 1.0   11   5.7M   78  227  74%    10M |  99.9   n/a   1   27   685k    3   14  82%  81.9M    n/a  n/a
   1   4f |   7 1.0   11   5.7M   85  218  71%    10M |  99.9   ovl   1   27  1.14M    6   15  71%  81.9M   959n  n/a
   1   50 |   7 1.0   11   5.5M   80  210  72%    10M |  99.9   ovl   1   18   892k    6   14  70%  81.9M   959n  n/a
   1   51 |   7 1.0   11   5.5M   95  240  71%    10M |  44.8   ovl   1   10   924k    6   18  75%  81.9M   638n  n/a
   1   52 |   7 1.0   11   5.9M   93  191  67%    10M |  17.2   ovl   1   12   225k    1   14  93%  81.9M   408n  n/a
   1   53 |   7 1.0    0      0    0    0   0%    10M |   n/a   n/a   1    0      0    0    0   0%  81.9M    n/a  n/a

          |--------------------DL---------------------|-------------------------------UL-----------------------------
 pci rnti | cqi  ri  mcs  brate   ok  nok  (%)  dl_bs | pusch  rsrp  ri  mcs  brate   ok  nok  (%)    bsr     ta  phr
   2   54 |   7 1.0   13   5.7M  206  479  69%    10M |  99.9   ovl   1   27  2.05M   28   22  44%  81.9M   593n  n/a
   2   55 |   7 1.0   13   5.6M  192  457  70%    10M |  93.6   ovl   1   26  1.74M   25   16  39%  81.9M  -843n  n/a
   2   56 |   7 1.0   13   5.3M  191  492  72%    10M |  72.4   ovl   1   26   554k   10   28  73%  81.9M   810n  n/a
   2   57 |   7 1.0   13   5.7M  186  447  70%    10M |  94.1   ovl   1   25  1.71M   27   20  42%  81.9M    12n  n/a
   2   58 |   7 1.0   13   5.7M  209  504  70%    10M |  89.7   ovl   1   25   798k   15   25  62%  81.9M   256n  n/a
   2   59 |   7 1.0   13   5.5M  178  475  72%    10M |  59.9   ovl   1   26   385k    6   20  76%  81.9M  -488n  n/a
   2   5a |   7 1.0   13   5.6M  188  512  73%    10M |  86.2   ovl   1   27   684k   11   26  70%  81.9M  -494n  n/a
   2   5b |   7 1.0   13   5.6M  193  437  69%    10M |  72.4   ovl   1   26   522k   10   13  56%  81.9M  -709n  n/a
   3   5c |   7 1.0   11   5.9M   95  302  76%    10M |  99.9   n/a   1   11  1.01M    5   19  79%  81.9M    n/a  n/a
   3   5d |   7 1.0   11   5.8M   77  293  79%    10M |  99.9   n/a   1   18  1.54M    7   13  65%  81.9M    n/a  n/a
   3   5e |   7 1.0   11   6.0M   85  248  74%    10M |  99.9   n/a   1   27  1.28M    5   15  75%  81.9M    n/a  n/a
   3   5f |   7 1.0   11   6.3M   83  261  75%    10M |  99.9   n/a   1   27   750k    3   12  80%  81.9M    n/a  n/a
   3   60 |   7 1.0   11   6.4M   99  272  73%    10M |  99.9   n/a   1   27  1.02M    4   11  73%  81.9M    n/a  n/a
   3   61 |   7 1.0   11   6.2M   87  274  75%    10M |  99.9   n/a   1   27   504k    2   12  85%  81.9M    n/a  n/a
   3   62 |   7 1.0   11   5.9M   87  320  78%    10M |  52.7   ovl   1    9   774k    5   19  79%  81.9M   -39n  n/a
   3   63 |   7 1.0    0      0    0    0   0%    10M |   n/a   n/a   1    0      0    0    0   0%  81.9M    n/a  n/a
   0   44 |   7 1.0   12   7.0M  185  499  72%    10M |  99.9   n/a   1   27  1.96M   19   19  50%  81.9M    n/a  n/a
   0   45 |   7 1.0   12   6.7M  193  475  71%    10M |  99.9   n/a   1   27  1.71M   17   20  54%  81.9M    n/a  n/a
   0   46 |   7 1.0   12   6.8M  185  480  72%    10M |  99.9   n/a   1   27  1.69M   18   33  64%  81.9M    n/a  n/a
   0   47 |   7 1.0   12   7.0M  195  438  69%    10M |  99.9   n/a   1   27  1.83M   18   22  55%  81.9M    n/a  n/a
   0   48 |   7 1.0   12   6.6M  174  510  74%    10M |  99.9   n/a   1   27  1.35M   13   20  60%  81.9M    n/a  n/a
   0   49 |   7 1.0   12   7.0M  185  434  70%    10M |  99.9   n/a   1   27  1.62M   17   18  51%  81.9M    n/a  n/a
   0   4a |   7 1.0   13   6.9M  193  473  71%    10M |  99.9   n/a   1   27  1.42M   15   19  55%  81.9M    n/a  n/a
   0   4b |   7 1.0   12   6.9M  189  412  68%    10M |  99.9   n/a   1   27  1.49M   16   27  62%  81.9M    n/a  n/a
   1   4c |   7 1.0   12   5.9M   84  371  81%    10M |  99.9   n/a   1   27   672k    3   11  78%  81.9M    n/a  n/a
   1   4d |   7 1.0   12   6.1M   86  328  79%    10M |  99.9   n/a   1   27  1.15M    5   11  68%  81.9M    n/a  n/a
   1   4e |   7 1.0   11   6.0M   87  323  78%    10M |  99.9   n/a   1   27  1.14M    5   12  70%  81.9M    n/a  n/a
   1   4f |   7 1.0   12   6.1M   81  358  81%    10M |  99.9   n/a   1   27  1.36M    6   13  68%  81.9M    n/a  n/a
   1   50 |   7 1.0   11   5.8M   81  332  80%    10M |  99.9   n/a   1   27  1.37M    6   13  68%  81.9M    n/a  n/a
   1   51 |   7 1.0   12   5.8M   81  342  80%    10M |  99.9   n/a   1   27  1.14M    5   13  72%  81.9M    n/a  n/a
   1   52 |   7 1.0   11   5.5M   77  368  82%    10M |  99.9   n/a   1   26  1.16M    6   13  68%  81.9M    n/a  n/a
   1   53 |   7 1.0    0      0    0    0   0%    10M |   n/a   n/a   1    0      0    0    0   0%  81.9M    n/a  n/a
   2   54 |   7 1.0   13   5.2M  194  594  75%    10M |  99.9   n/a   1   27  1.40M   20   19  48%  81.9M    n/a  n/a
   2   55 |   7 1.0   13   5.3M  176  507  74%    10M |  99.9   n/a   1   27  1.74M   23   14  37%  81.9M    n/a  n/a
   2   56 |   7 1.0   13   5.0M  183  485  72%    10M |  99.9   n/a   1   27  1.09M   14   21  60%  81.9M    n/a  n/a
   2   57 |   7 1.0   13   5.4M  189  498  72%    10M |  99.9   n/a   1   27  1.19M   16   20  55%  81.9M    n/a  n/a
   2   58 |   7 1.0   13   5.3M  176  543  75%    10M |  99.9   n/a   1   27  1.54M   20   13  39%  81.9M    n/a  n/a
   2   59 |   7 1.0   13   5.2M  182  488  72%    10M |  99.9   n/a   1   27  2.11M   28   22  44%  81.9M    n/a  n/a
   2   5a |   7 1.0   13   4.8M  171  574  77%    10M |  99.9   n/a   1   27  1.21M   17   16  48%  81.9M    n/a  n/a
   2   5b |   7 1.0   13   5.4M  178  475  72%    10M |  99.9   n/a   1   27  1.04M   14   23  62%  81.9M    n/a  n/a
   3   5c |   7 1.0   11   7.0M   91  337  78%    10M |  99.9   n/a   1   27  1.51M    6    9  60%  81.9M    n/a  n/a
   3   5d |   7 1.0   12   6.9M   87  313  78%    10M |  99.9   n/a   1   27  1.77M    7   11  61%  81.9M    n/a  n/a
   3   5e |   7 1.0   12   7.3M   91  252  73%    10M |  99.9   n/a   1   27  1.02M    4   13  76%  81.9M    n/a  n/a
   3   5f |   7 1.0   11   6.7M   87  313  78%    10M |  99.9   n/a   1   27  1.78M    7    9  56%  81.9M    n/a  n/a
   3   60 |   7 1.0   11   7.3M  105  318  75%    10M |  99.9   n/a   1   27  2.28M    9   13  59%  81.9M    n/a  n/a
   3   61 |   7 1.0   11   6.9M   85  312  78%    10M |  99.9   n/a   1   27   512k    2   12  85%  81.9M    n/a  n/a
   3   62 |   7 1.0   12   6.9M   85  327  79%    10M |  99.9   n/a   1   27  1.75M    7   13  65%  81.9M    n/a  n/a
   3   63 |   7 1.0    0      0    0    0   0%    10M |   n/a   n/a   1    0      0    0    0   0%  81.9M    n/a  n/a
   0   44 |   7 1.0   13   5.9M  157  581  78%    10M |  99.9   n/a   1   27  1.69M   17   24  58%  81.9M    n/a  n/a
   0   45 |   7 1.0   13   6.1M  153  517  77%    10M |  99.9   n/a   1   27  1.64M   16   21  56%  81.9M    n/a  n/a
   0   46 |   7 1.0   13   6.1M  170  523  75%    10M |  99.9   n/a   1   27  1.37M   14   22  61%  81.9M    n/a  n/a
   0   47 |   7 1.0   13   5.9M  148  538  78%    10M |  99.9   n/a   1   27  1.17M   12   23  65%  81.9M    n/a  n/a
   0   48 |   7 1.0   13   6.2M  169  607  78%    10M |  99.9   n/a   1   27  1.27M   13   23  63%  81.9M    n/a  n/a
   0   49 |   7 1.0   13   6.1M  159  517  76%    10M |  99.9   n/a   1   27  1.00M   10   29  74%  81.9M    n/a  n/a
   0   4a |   7 1.0   13   5.6M  153  642  80%    10M |  99.9   n/a   1   27  1.25M   12   24  66%  81.9M    n/a  n/a
   0   4b |   7 1.0   13   5.8M  157  565  78%    10M |  99.9   n/a   1   27  1.71M   17   23  57%  81.9M    n/a  n/a
   1   4c |   7 1.0   12   5.9M   84  425  83%    10M |  99.9   n/a   1   27   668k    3   12  80%  81.9M    n/a  n/a
   1   4d |   7 1.0   12   5.8M   78  388  83%    10M |  99.9   n/a   1   27  1.13M    5   13  72%  81.9M    n/a  n/a
   1   4e |   7 1.0   12   6.1M   79  405  83%    10M |  99.9   n/a   1   27   910k    4   10  71%  81.9M    n/a  n/a
   1   4f |   7 1.0   12   5.8M   86  378  81%    10M |  99.9   n/a   1   27   676k    3   12  80%  81.9M    n/a  n/a
   1   50 |   7 1.0   12   5.9M   75  407  84%    10M |  99.9   n/a   1   27   693k    3   11  78%  81.9M    n/a  n/a
   1   51 |   7 1.0   12   6.2M   96  411  81%    10M |  99.9   n/a   1   27  1.13M    5   11  68%  81.9M    n/a  n/a
   1   52 |   7 1.0   12   6.4M   84  317  79%    10M |  99.9   n/a   1   27   459k    2   11  84%  81.9M    n/a  n/a
   1   53 |   7 1.0    0      0    0    0   0%    10M |   n/a   n/a   1    0      0    0    0   0%  81.9M    n/a  n/a
   2   54 |   7 1.0   14   4.9M  156  553  77%    10M |  99.9   n/a   1   27   771k   11   22  66%  81.9M    n/a  n/a
   2   55 |   7 1.0   13   5.0M  167  535  76%    10M |  99.9   n/a   1   27  1.09M   15   26  63%  81.9M    n/a  n/a
   2   56 |   7 1.0   14   5.1M  161  562  77%    10M |  99.9   n/a   1   27  1.04M   12   30  71%  81.9M    n/a  n/a
   2   57 |   7 1.0   13   4.9M  161  524  76%    10M |  99.9   n/a   1   27   894k   13   23  63%  81.9M    n/a  n/a
   2   58 |   7 1.0   14   4.9M  178  586  76%    10M |  99.9   n/a   1   27  1.07M   14   19  57%  81.9M    n/a  n/a
   2   59 |   7 1.0   13   4.9M  173  558  76%    10M |  99.9   n/a   1   27   849k   12   20  62%  81.9M    n/a  n/a
   2   5a |   7 1.0   13   4.8M  174  536  75%    10M |  99.9   n/a   1   27   865k   12   24  66%  81.9M    n/a  n/a
   2   5b |   7 1.0   13   5.0M  168  515  75%    10M |  99.9   n/a   1   27  1.29M   18   26  59%  81.9M    n/a  n/a
   3   5c |   7 1.0   12   7.4M   81  248  75%    10M |  99.9   n/a   1   27  1.51M    6   11  64%  81.9M    n/a  n/a
   3   5d |   7 1.0   12   8.0M   89  235  72%    10M |  99.9   n/a   1   27  1.51M    6   12  66%  81.9M    n/a  n/a
   3   5e |   7 1.0   12   7.6M   95  292  75%    10M |  99.9   n/a   1   27  1.78M    7    8  53%  81.9M    n/a  n/a
   3   5f |   7 1.0   12   7.6M   91  232  71%    10M |  99.9   n/a   1   27  1.54M    6   15  71%  81.9M    n/a  n/a
   3   60 |   7 1.0   12   7.5M   96  267  73%    10M |  99.9   n/a   1   27   500k    2   13  86%  81.9M    n/a  n/a
   3   61 |   7 1.0   12   7.9M  103  288  73%    10M |  99.9   n/a   1   27  1.27M    5   11  68%  81.9M    n/a  n/a
   3   62 |   7 1.0   12   7.2M   84  290  77%    10M |  99.9   n/a   1   27  1.28M    5   12  70%  81.9M    n/a  n/a
   3   63 |   7 1.0    0      0    0    0   0%    10M |   n/a   n/a   1    0      0    0    0   0%  81.9M    n/a  n/a
   0   44 |   7 1.0   13   6.3M  177  551  75%    10M |  99.9   n/a   1   27  1.83M   18   19  51%  81.9M    n/a  n/a
   0   45 |   7 1.0   13   7.4M  186  432  69%    10M |  99.9   n/a   1   27  1.23M   12   22  64%  81.9M    n/a  n/a
   0   46 |   7 1.0   13   7.9M  211  386  64%    10M |  99.9   n/a   1   27  1.45M   14   19  57%  81.9M    n/a  n/a
   0   47 |   7 1.0   13   7.7M  193  406  67%    10M |  99.9   n/a   1   27  1.55M   14   15  51%  81.9M    n/a  n/a
   0   48 |   7 1.0   13   7.0M  195  503  72%    10M |  99.9   n/a   1   27  2.05M   21   15  41%  81.9M    n/a  n/a
   0   49 |   7 1.0   13   7.4M  194  414  68%    10M |  99.9   n/a   1   27  1.77M   19   20  51%  81.9M    n/a  n/a
   0   4a |   7 1.0   13   7.1M  186  440  70%    10M |  99.9   n/a   1   27  1.04M   10   24  70%  81.9M    n/a  n/a
   0   4b |   7 1.0   13   7.4M  189  401  67%    10M |  99.9   n/a   1   27  1.65M   16   22  57%  81.9M    n/a  n/a

          |--------------------DL---------------------|-------------------------------UL-----------------------------
 pci rnti | cqi  ri  mcs  brate   ok  nok  (%)  dl_bs | pusch  rsrp  ri  mcs  brate   ok  nok  (%)    bsr     ta  phr
   1   4c |   7 1.0   12   6.4M   80  351  81%    10M |  99.9   n/a   1   27  1.13M    5   14  73%  81.9M    n/a  n/a
   1   4d |   7 1.0   12   7.0M   95  293  75%    10M | -65.5   ovl   1   20      0    0    9 100%  81.9M   108n  n/a
   1   4e |   7 1.0   12   6.5M   87  280  76%    10M |  99.9   n/a   1   27  1.11M    5   15  75%  81.9M    n/a  n/a
   1   4f |   7 1.0   12   6.8M   91  302  76%    10M |  76.4   ovl   1   27  1.33M    6   13  68%  81.9M   903n  n/a
   1   50 |   7 1.0   12   6.7M   87  314  78%    10M |  99.9   n/a   1   27   672k    4   18  81%  81.9M    n/a  n/a
   1   51 |   7 1.0   12   6.6M   97  348  78%    10M |  99.9   n/a   1   27  1.37M    6   15  71%  81.9M    n/a  n/a
   1   52 |   7 1.0   12   6.7M   89  303  77%    10M |  99.9   ovl   1   27   683k    4   14  77%  81.9M  -201n  n/a
   1   53 |   7 1.0    0      0    0    0   0%    10M |   n/a   n/a   1    0      0    0    0   0%  81.9M    n/a  n/a
   2   54 |   7 1.0   14   5.9M  203  482  70%    10M |  99.9   n/a   1   27  1.76M   23   18  43%  81.9M    n/a  n/a
   2   55 |   7 1.0   14   5.8M  174  473  73%    10M |  99.9   n/a   1   27  1.25M   17   21  55%  81.9M    n/a  n/a
   2   56 |   7 1.0   14   5.8M  209  453  68%    10M |  99.9   n/a   1   27  1.55M   22   18  45%  81.9M    n/a  n/a
   2   57 |   7 1.0   14   5.6M  175  433  71%    10M |  79.3   ovl   1   26   454k    7   14  66%  81.9M  -104n  n/a
   2   58 |   7 1.0   14   5.4M  193  528  73%    10M |  99.9   n/a   1   27   812k   10   24  70%  81.9M    n/a  n/a
   2   59 |   7 1.0   14   5.8M  195  492  71%    10M |  99.9   n/a   1   27  1.49M   19   22  53%  81.9M    n/a  n/a
   2   5a |   7 1.0   14   6.0M  199  424  68%    10M |  99.9   n/a   1   27  1.26M   17   18  51%  81.9M    n/a  n/a
   2   5b |   7 1.0   14   5.6M  169  433  71%    10M |  99.9   n/a   1   27  1.39M   18   20  52%  81.9M    n/a  n/a
   3   5c |   7 1.0   12   7.7M   97  201  67%    10M |  99.9   n/a   1   27  1.77M    7   14  66%  81.9M    n/a  n/a
   3   5d |   7 1.0   12   8.4M  102  178  63%    10M |  99.9   n/a   1   27   758k    3   14  82%  81.9M    n/a  n/a
   3   5e |   7 1.0   12   8.1M   94  201  68%    10M |  99.9   n/a   1   27  2.04M    8   14  63%  81.9M    n/a  n/a
   3   5f |   7 1.0   12   8.1M  105  166  61%    10M |  99.9   n/a   1   27  2.03M    8   10  55%  81.9M    n/a  n/a
   3   60 |   7 1.0   12   7.1M   80  205  71%    10M |  99.9   n/a   1   27  2.02M    8   12  60%  81.9M    n/a  n/a
   3   61 |   7 1.0   12   8.2M   96  164  63%    10M |  99.9   n/a   1   27   762k    3   12  80%  81.9M    n/a  n/a
   3   62 |   7 1.0   12   7.8M   94  201  68%    10M |  99.9   n/a   1   27  1.52M    6   15  71%  81.9M    n/a  n/a
   3   63 |   7 1.0    0      0    0    0   0%    10M |   n/a   n/a   1    0      0    0    0   0%  81.9M    n/a  n/a
   0   44 |   7 1.0   13   7.4M  184  534  74%    10M |  99.9   n/a   1   27  1.55M   16   24  60%  81.9M    n/a  n/a
   0   45 |   7 1.0   13   7.3M  182  475  72%    10M |  99.9   n/a   1   27  1.33M   12   25  67%  81.9M    n/a  n/a
   0   46 |   7 1.0   14   7.9M  201  465  69%    10M |  99.9   n/a   1   27  1.73M   18   26  59%  81.9M    n/a  n/a
   0   47 |   7 1.0   13   7.3M  193  477  71%    10M |  99.9   n/a   1   27  1.80M   19   22  53%  81.9M    n/a  n/a
   0   48 |   7 1.0   14   7.5M  202  496  71%    10M |  99.9   n/a   1   27  1.69M   16   21  56%  81.9M    n/a  n/a
   0   49 |   7 1.0   13   7.5M  185  486  72%    10M |  99.9   n/a   1   27  1.62M   16   26  61%  81.9M    n/a  n/a
   0   4a |   7 1.0   14   7.4M  191  508  72%    10M |  99.9   n/a   1   27  1.90M   22   24  52%  81.9M    n/a  n/a
   0   4b |   7 1.0   13   7.4M  181  474  72%    10M |  99.9   n/a   1   27  1.91M   21   24  53%  81.9M    n/a  n/a
   1   4c |   7 1.0   12   6.4M   88  276  75%    10M |  99.9   n/a   1   27  1.14M    5   12  70%  81.9M    n/a  n/a
   1   4d |   7 1.0   12   6.6M   90  283  75%    10M |  99.9   n/a   1   15  2.04M   10   22  68%  81.9M    n/a  n/a
   1   4e |   7 1.0   12   6.7M  100  292  74%    10M |  99.9   n/a   1   27  2.02M    9   12  57%  81.9M    n/a  n/a
   1   4f |   7 1.0   12   6.4M   95  300  75%    10M |  99.9   n/a   1   27   914k    4   12  75%  81.9M    n/a  n/a
   1   50 |   7 1.0   12   6.9M  110  339  75%    10M |  99.9   n/a   1   27   651k    3   10  76%  81.9M    n/a  n/a
   1   51 |   7 1.0   12   6.6M   85  301  77%    10M |  99.9   n/a   1   27   672k    3    7  70%  81.9M    n/a  n/a
   1   52 |   7 1.0   12   6.6M   93  280  75%    10M |  99.9   n/a   1   27  1.36M    6    7  53%  81.9M    n/a  n/a
   1   53 |   7 1.0    0      0    0    0   0%    10M |   n/a   n/a   1    0      0    0    0   0%  81.9M    n/a  n/a
   2   54 |   7 1.0   14   5.0M  174  522  75%    10M |  99.9   n/a   1   27  1.01M   12   17  58%  81.9M    n/a  n/a
   2   55 |   7 1.0   14   5.3M  159  448  73%    10M |  99.9   n/a   1   27  1.62M   22   20  47%  81.9M    n/a  n/a
   2   56 |   7 1.0   14   5.5M  177  452  71%    10M |  99.9   n/a   1   27  1.72M   23   19  45%  81.9M    n/a  n/a
   2   57 |   7 1.0   14   5.4M  158  414  72%    10M |  99.9   n/a   1   27  1.55M   19   23  54%  81.9M    n/a  n/a
   2   58 |   7 1.0   14   5.2M  178  503  73%    10M |  99.9   n/a   1   27  1.05M   13   13  50%  81.9M    n/a  n/a
   2   59 |   7 1.0   14   5.3M  171  495  74%    10M |  99.9   n/a   1   27  1000k   13   14  51%  81.9M    n/a  n/a
   2   5a |   7 1.0   14   5.3M  186  456  71%    10M |  99.9   n/a   1   27   937k   13   19  59%  81.9M    n/a  n/a
   2   5b |   7 1.0   14   5.3M  188  453  70%    10M |  99.9   n/a   1   27   812k   12   13  52%  81.9M    n/a  n/a
   3   5c |   7 1.0   12   7.8M   84  256  75%    10M |  99.9   n/a   1   27  2.55M   10   11  52%  81.9M    n/a  n/a
   3   5d |   7 1.0   12   8.9M  108  201  65%    10M |  99.9   n/a   1   27  1.27M    5    8  61%  81.9M    n/a  n/a
   3   5e |   7 1.0   12   7.6M  101  253  71%    10M |  99.9   n/a   1   27  2.56M   10   11  52%  81.9M    n/a  n/a
   3   5f |   7 1.0   12   8.7M  111  245  68%    10M |  99.9   n/a   1   27  2.02M    8   14  63%  81.9M    n/a  n/a
   3   60 |   7 1.0   12   7.5M   78  241  75%    10M |  99.9   n/a   1   27  1.76M    7   13  65%  81.9M    n/a  n/a
   3   61 |   7 1.0   12   7.9M  100  227  69%    10M |  99.9   n/a   1   27  1.27M    5    9  64%  81.9M    n/a  n/a
   3   62 |   7 1.0   12   7.9M   93  248  72%    10M |  99.9   n/a   1   27   992k    4   14  77%  81.9M    n/a  n/a
   3   63 |   7 1.0    0      0    0    0   0%    10M |   n/a   n/a   1    0      0    0    0   0%  81.9M    n/a  n/a
   0   44 |   7 1.0   14   7.8M  186  490  72%    10M |  99.9   n/a   1   27  1.25M   12   25  67%  81.9M    n/a  n/a
   0   45 |   7 1.0   14   7.4M  179  523  74%    10M |  99.9   n/a   1   27  1.24M   13   26  66%  81.9M    n/a  n/a
   0   46 |   7 1.0   14   7.5M  190  529  73%    10M |  99.9   n/a   1   27   922k   10   27  72%  81.9M    n/a  n/a
   0   47 |   7 1.0   14   7.6M  172  484  73%    10M |  99.9   n/a   1   27   998k   11   25  69%  81.9M    n/a  n/a
   0   48 |   7 1.0   14   7.4M  193  565  74%    10M |  99.9   n/a   1   27  1.38M   15   23  60%  81.9M    n/a  n/a
   0   49 |   7 1.0   14   7.7M  177  464  72%    10M |  99.9   n/a   1   27  1.24M   13   24  64%  81.9M    n/a  n/a
   0   4a |   7 1.0   14   7.9M  185  513  73%    10M |  99.9   n/a   1   27  1.31M   13   26  66%  81.9M    n/a  n/a
   0   4b |   7 1.0   14   7.6M  184  484  72%    10M |  99.9   n/a   1   27  1.14M   12   25  67%  81.9M    n/a  n/a
   1   4c |   7 1.0   12   6.5M   82  386  82%    10M |  99.9   n/a   1   27   443k    2   11  84%  81.9M    n/a  n/a
   1   4d |   7 1.0   12   6.4M   83  349  80%    10M |  99.9   n/a   1   27  1.11M    5   13  72%  81.9M    n/a  n/a
   1   4e |   7 1.0   12   6.6M   90  399  81%    10M |  99.9   n/a   1   27   902k    4   12  75%  81.9M    n/a  n/a
   1   4f |   7 1.0   12   6.3M   80  360  81%    10M |  99.9   n/a   1   27  1.15M    5   11  68%  81.9M    n/a  n/a
   1   50 |   7 1.0   12   6.5M   85  317  78%    10M |  99.9   n/a   1   27   914k    4   11  73%  81.9M    n/a  n/a
   1   51 |   7 1.0   12   6.2M   90  387  81%    10M |  99.9   n/a   1   27   676k    3   11  78%  81.9M    n/a  n/a
   1   52 |   7 1.0   12   6.7M   78  347  81%    10M |  99.9   n/a   1   27   443k    2   11  84%  81.9M    n/a  n/a
   1   53 |   7 1.0    0      0    0    0   0%    10M |   n/a   n/a   1    0      0    0    0   0%  81.9M    n/a  n/a
   2   54 |   7 1.0   15   5.9M  197  463  70%    10M |  99.9   n/a   1   27  1.56M   20   26  56%  81.9M    n/a  n/a
   2   55 |   7 1.0   14   5.8M  184  484  72%    10M |  99.9   n/a   1   27  1.15M   14   20  58%  81.9M    n/a  n/a
   2   56 |   7 1.0   14   5.8M  198  454  69%    10M |  99.9   n/a   1   27  1.22M   15   23  60%  81.9M    n/a  n/a
   2   57 |   7 1.0   14   6.1M  177  450  71%    10M |  99.9   n/a   1   27  1.06M   14   17  54%  81.9M    n/a  n/a
   2   58 |   7 1.0   14   5.6M  193  435  69%    10M |  99.9   n/a   1   27  1.20M   16   17  51%  81.9M    n/a  n/a
   2   59 |   7 1.0   14   5.9M  189  445  70%    10M |  99.9   n/a   1   27  1.38M   19   22  53%  81.9M    n/a  n/a
   2   5a |   7 1.0   14   5.7M  190  492  72%    10M |  99.9   n/a   1   27  1.31M   17   17  50%  81.9M    n/a  n/a
   2   5b |   7 1.0   14   5.6M  175  423  70%    10M |  99.9   n/a   1   27  1.53M   19   22  53%  81.9M    n/a  n/a
   3   5c |   7 1.0   12   7.0M   84  324  79%    10M |  99.9   n/a   1   27   771k    3   17  85%  81.9M    n/a  n/a
   3   5d |   7 1.0   12   6.7M   86  306  78%    10M |  99.9   n/a   1   27  1.25M    5   17  77%  81.9M    n/a  n/a
   3   5e |   7 1.0   12   6.7M   75  328  81%    10M |  99.9   n/a   1   27  1.25M    5   15  75%  81.9M    n/a  n/a
   3   5f |   7 1.0   12   6.6M   78  381  83%    10M |  99.9   n/a   1   27   500k    2   12  85%  81.9M    n/a  n/a
   3   60 |   7 1.0   12   6.6M   86  309  78%    10M |  99.9   n/a   1   27  1.27M    5   10  66%  81.9M    n/a  n/a
   3   61 |   7 1.0   12   6.7M   79  362  82%    10M |  99.9   n/a   1   27  1.50M    6   12  66%  81.9M    n/a  n/a
   3   62 |   7 1.0   12   6.6M   79  314  79%    10M |  99.9   n/a   1   27   763k    3   12  80%  81.9M    n/a  n/a
   3   63 |   7 1.0    0      0    0    0   0%    10M |   n/a   n/a   1    0      0    0    0   0%  81.9M    n/a  n/a

          |--------------------DL---------------------|-------------------------------UL-----------------------------
 pci rnti | cqi  ri  mcs  brate   ok  nok  (%)  dl_bs | pusch  rsrp  ri  mcs  brate   ok  nok  (%)    bsr     ta  phr
   0   44 |   7 1.0   14   6.8M  164  570  77%    10M |  99.9   n/a   1   27  1.07M   10   22  68%  81.9M    n/a  n/a
   0   45 |   7 1.0   14   6.4M  146  512  77%    10M |  99.9   n/a   1   27   588k    6   21  77%  81.9M    n/a  n/a
   0   46 |   7 1.0   14   6.1M  150  597  79%    10M |  99.9   n/a   1   27   842k    8   22  73%  81.9M    n/a  n/a
   0   47 |   7 1.0   14   6.3M  145  516  78%    10M |  99.9   n/a   1   27  1.23M   13   23  63%  81.9M    n/a  n/a
   0   48 |   7 1.0   14   6.5M  169  562  76%    10M |  99.9   n/a   1   27   627k    6   22  78%  81.9M    n/a  n/a
   0   49 |   7 1.0   14   6.4M  154  497  76%    10M |  99.9   n/a   1   27  1.02M   10   21  67%  81.9M    n/a  n/a
   0   4a |   7 1.0   14   6.3M  154  586  79%    10M |  99.9   n/a   1   27   816k    7   20  74%  81.9M    n/a  n/a
   0   4b |   7 1.0   14   6.6M  159  529  76%    10M |  99.9   n/a   1   27   984k    9   17  65%  81.9M    n/a  n/a
   1   4c |   7 1.0   12   5.3M   70  399  85%    10M |  99.9   n/a   1   27   443k    2   13  86%  81.9M    n/a  n/a
   1   4d |   7 1.0   12   5.3M   74  362  83%    10M |  99.9   n/a   1   27   225k    1   12  92%  81.9M    n/a  n/a
   1   4e |   7 1.0   12   5.3M   77  398  83%    10M |  99.9   n/a   1   27   672k    3   11  78%  81.9M    n/a  n/a
   1   4f |   7 1.0   12   5.2M   73  374  83%    10M |  99.9   n/a   1   27  1.36M    6   15  71%  81.9M    n/a  n/a
   1   50 |   7 1.0   12   5.3M   74  431  85%    10M |  99.9   n/a   1   27   443k    2   14  87%  81.9M    n/a  n/a
   1   51 |   7 1.0   12   5.1M   72  405  84%    10M |  99.9   n/a   1   27  1.36M    6   11  64%  81.9M    n/a  n/a
   1   52 |   7 1.0   12   5.3M   77  424  84%    10M |  99.9   n/a   1   27   459k    2   14  87%  81.9M    n/a  n/a
   1   53 |   7 1.0    0      0    0    0   0%    10M |   n/a   n/a   1    0      0    0    0   0%  81.9M    n/a  n/a
   2   54 |   7 1.0   15   6.3M  205  503  71%    10M |  99.9   n/a   1   27  1.12M   14   19  57%  81.9M    n/a  n/a
   2   55 |   7 1.0   15   6.2M  177  538  75%    10M |  99.9   n/a   1   27   989k   12   24  66%  81.9M    n/a  n/a
   2   56 |   7 1.0   15   6.1M  180  590  76%    10M |  99.9   n/a   1   27  1.25M   15   20  57%  81.9M    n/a  n/a
   2   57 |   7 1.0   15   6.1M  180  523  74%    10M |  99.9   n/a   1   27  1.21M   15   22  59%  81.9M    n/a  n/a
   2   58 |   7 1.0   15   6.1M  189  538  74%    10M |  99.9   n/a   1   27   516k    8   19  70%  81.9M    n/a  n/a
   2   59 |   7 1.0   15   6.0M  169  519  75%    10M |  99.9   n/a   1   27   902k   11   21  65%  81.9M    n/a  n/a
   2   5a |   7 1.0   15   6.2M  202  558  73%    10M |  99.9   n/a   1   27   980k   12   21  63%  81.9M    n/a  n/a
   2   5b |   7 1.0   15   6.4M  176  444  71%    10M |  99.9   n/a   1   27  1.10M   13   18  58%  81.9M    n/a  n/a
   3   5c |   7 1.0   12   6.5M   76  386  83%    10M |  99.9   n/a   1   27  1.27M    5   14  73%  81.9M    n/a  n/a
   3   5d |   7 1.0   12   6.6M   78  416  84%    10M |  99.9   n/a   1   27   758k    3   13  81%  81.9M    n/a  n/a
   3   5e |   7 1.0   12   6.7M   86  360  80%    10M |  99.9   n/a   1   27  1.27M    5   10  66%  81.9M    n/a  n/a
   3   5f |   7 1.0   12   6.6M   79  388  83%    10M |  99.9   n/a   1   27   996k    4   14  77%  81.9M    n/a  n/a
   3   60 |   7 1.0   12   6.3M   77  408  84%    10M |  99.9   n/a   1   27   508k    2   13  86%  81.9M    n/a  n/a
   3   61 |   7 1.0   12   6.6M   78  386  83%    10M |  99.9   n/a   1   27  1.77M    7   10  58%  81.9M    n/a  n/a
   3   62 |   7 1.0   12   6.6M   88  441  83%    10M |  99.9   n/a   1   27  1.00M    4   11  73%  81.9M    n/a  n/a
   3   63 |   7 1.0    0      0    0    0   0%    10M |   n/a   n/a   1    0      0    0    0   0%  81.9M    n/a  n/a
   0   44 |   7 1.0   14   6.4M  157  483  75%    10M |  99.9   n/a   1   27   754k    8   22  73%  81.9M    n/a  n/a
   0   45 |   7 1.0   14   6.1M  148  562  79%    10M |  99.9   n/a   1   27   846k    8   20  71%  81.9M    n/a  n/a
   0   46 |   7 1.0   14   5.8M  147  554  79%    10M |  99.9   n/a   1   27   805k    7   25  78%  81.9M    n/a  n/a
   0   47 |   7 1.0   14   6.1M  154  540  77%    10M |  99.9   n/a   1   27  1.02M   10   18  64%  81.9M    n/a  n/a
   0   48 |   7 1.0   14   6.2M  143  673  82%    10M |  99.9   n/a   1   27   625k    6   20  76%  81.9M    n/a  n/a
   0   49 |   7 1.0   14   5.8M  133  603  81%    10M |  99.9   n/a   1   27   801k    8   23  74%  81.9M    n/a  n/a
   0   4a |   7 1.0   14   6.2M  145  573  79%    10M |  99.9   n/a   1   27   846k    9   22  70%  81.9M    n/a  n/a
   0   4b |   7 1.0   14   6.2M  146  535  78%    10M |  99.9   n/a   1   27  1.05M   11   22  66%  81.9M    n/a  n/a
   1   4c |   7 1.0   12   6.4M   92  436  82%    10M |  99.9   n/a   1   27  1.35M    6   12  66%  81.9M    n/a  n/a
   1   4d |   7 1.0   12   6.1M   83  422  83%    10M |  99.9   n/a   1   27  1.14M    5   11  68%  81.9M    n/a  n/a
   1   4e |   7 1.0   12   6.3M   87  427  83%    10M |  99.9   n/a   1   27  1.34M    6   11  64%  81.9M    n/a  n/a
   1   4f |   7 1.0   12   6.0M   76  463  85%    10M |  99.9   n/a   1   27   685k    3   10  76%  81.9M    n/a  n/a
   1   50 |   7 1.0   12   6.6M   93  368  79%    10M |  99.9   n/a   1   27  1.59M    7   13  65%  81.9M    n/a  n/a
   1   51 |   7 1.0   12   6.4M   86  391  81%    10M |  99.9   n/a   1   27   918k    4   13  76%  81.9M    n/a  n/a
   1   52 |   7 1.0   12   6.3M   86  380  81%    10M |  99.9   n/a   1   27  1.14M    5   12  70%  81.9M    n/a  n/a
   1   53 |   7 1.0    0      0    0    0   0%    10M |   n/a   n/a   1    0      0    0    0   0%  81.9M    n/a  n/a
   2   54 |   7 1.0   15   6.3M  180  626  77%    10M |  99.9   n/a   1   27   896k   12   24  66%  81.9M    n/a  n/a
   2   55 |   7 1.0   15   6.1M  168  573  77%    10M |  99.9   n/a   1   27   913k   11   24  68%  81.9M    n/a  n/a
   2   56 |   7 1.0   15   6.1M  178  547  75%    10M |  99.9   n/a   1   27   916k   12   22  64%  81.9M    n/a  n/a
   2   57 |   7 1.0   15   6.1M  171  538  75%    10M |  99.9   n/a   1   27  1.04M   13   23  63%  81.9M    n/a  n/a
   2   58 |   7 1.0   15   6.0M  178  617  77%    10M |  99.9   n/a   1   27   758k    9   23  71%  81.9M    n/a  n/a
   2   59 |   7 1.0   15   6.3M  175  541  75%    10M |  99.9   n/a   1   27   893k   11   23  67%  81.9M    n/a  n/a
   2   5a |   7 1.0   15   6.0M  191  535  73%    10M |  99.9   n/a   1   27  1.14M   14   23  62%  81.9M    n/a  n/a
   2   5b |   7 1.0   15   6.2M  162  513  76%    10M |  99.9   n/a   1   27  1.14M   14   23  62%  81.9M    n/a  n/a
   3   5c |   7 1.0   12   8.2M   93  364  79%    10M |  99.9   n/a   1   27  1.27M    5    9  64%  81.9M    n/a  n/a
   3   5d |   7 1.0   13   7.8M   83  381  82%    10M |  99.9   n/a   1   27  1.26M    5   14  73%  81.9M    n/a  n/a
   3   5e |   7 1.0   12   7.7M   91  390  81%    10M |  99.9   n/a   1   27  1.78M    7   12  63%  81.9M    n/a  n/a
   3   5f |   7 1.0   12   7.8M   94  384  80%    10M |  99.9   n/a   1   27  1.77M    7   10  58%  81.9M    n/a  n/a
   3   60 |   7 1.0   12   8.0M   89  398  81%    10M |  99.9   n/a   1   27  1.75M    7   12  63%  81.9M    n/a  n/a
   3   61 |   7 1.0   12   7.8M   88  343  79%    10M |  99.9   n/a   1   27  1.02M    4   13  76%  81.9M    n/a  n/a
   3   62 |   7 1.0   12   7.8M   89  381  81%    10M |  99.9   n/a   1   27  3.30M   13   10  43%  81.9M    n/a  n/a
   3   63 |   7 1.0    0      0    0    0   0%    10M |   n/a   n/a   1    0      0    0    0   0%  81.9M    n/a  n/a
   0   44 |   7 1.0   15   7.3M  163  593  78%    10M |  99.9   n/a   1   27   637k    6   19  76%  81.9M    n/a  n/a
   0   45 |   7 1.0   14   7.4M  170  542  76%    10M |  99.9   n/a   1   27  1.11M   11   22  66%  81.9M    n/a  n/a
   0   46 |   7 1.0   15   7.2M  166  583  77%    10M |  99.9   n/a   1   27  1.23M   13   21  61%  81.9M    n/a  n/a
   0   47 |   7 1.0   15   7.2M  162  558  77%    10M |  99.9   n/a   1   27   754k    7   23  76%  81.9M    n/a  n/a
   0   48 |   7 1.0   15   7.3M  171  551  76%    10M |  99.9   n/a   1   27   928k    9   22  70%  81.9M    n/a  n/a
   0   49 |   7 1.0   15   7.1M  168  589  77%    10M |  99.9   n/a   1   27  1.26M   13   23  63%  81.9M    n/a  n/a
   0   4a |   7 1.0   15   6.8M  156  602  79%    10M |  99.9   n/a   1   27  1.39M   14   19  57%  81.9M    n/a  n/a
   0   4b |   7 1.0   15   7.5M  169  524  75%    10M |  99.9   n/a   1   27  1.28M   12   24  66%  81.9M    n/a  n/a
   1   4c |   7 1.0   13   6.3M   77  391  83%    10M |  99.9   n/a   1   27   869k    4   12  75%  81.9M    n/a  n/a
   1   4d |   7 1.0   13   6.7M   81  402  83%    10M |  99.9   n/a   1   27   898k    4   11  73%  81.9M    n/a  n/a
   1   4e |   7 1.0   12   6.7M   87  369  80%    10M |  99.9   n/a   1   27   902k    4   11  73%  81.9M    n/a  n/a
   1   4f |   7 1.0   13   6.6M   82  401  83%    10M |  99.9   n/a   1   27  1.37M    6   12  66%  81.9M    n/a  n/a
   1   50 |   7 1.0   13   6.6M   86  434  83%    10M |  99.9   n/a   1   27   656k    3   12  80%  81.9M    n/a  n/a
   1   51 |   7 1.0   13   6.5M   83  367  81%    10M |  99.9   n/a   1   27  1.57M    7   10  58%  81.9M    n/a  n/a
   1   52 |   7 1.0   13   6.5M   80  461  85%    10M |  99.9   n/a   1   27  1.15M    5   10  66%  81.9M    n/a  n/a
   1   53 |   7 1.0    0      0    0    0   0%    10M |   n/a   n/a   1    0      0    0    0   0%  81.9M    n/a  n/a
   2   54 |   7 1.0   16   5.7M  157  548  77%    10M |  99.9   n/a   1   27   903k   12   24  66%  81.9M    n/a  n/a
   2   55 |   7 1.0   15   5.6M  155  568  78%    10M |  99.9   n/a   1   27  1.09M   14   22  61%  81.9M    n/a  n/a
   2   56 |   7 1.0   15   5.7M  166  648  79%    10M |  99.9   n/a   1   27   946k   13   25  65%  81.9M    n/a  n/a
   2   57 |   7 1.0   15   5.5M  153  570  78%    10M |  99.9   n/a   1   27   763k   11   25  69%  81.9M    n/a  n/a
   2   58 |   7 1.0   15   5.6M  158  640  80%    10M |  99.9   n/a   1   27   797k   10   19  65%  81.9M    n/a  n/a
   2   59 |   7 1.0   15   5.4M  148  558  79%    10M |  99.9   n/a   1   27   941k   12   23  65%  81.9M    n/a  n/a
   2   5a |   7 1.0   15   5.7M  157  619  79%    10M |  99.9   n/a   1   27   893k   12   21  63%  81.9M    n/a  n/a
   2   5b |   7 1.0   15   5.5M  152  529  77%    10M |  99.9   n/a   1   27   697k   11   23  67%  81.9M    n/a  n/a

          |--------------------DL---------------------|-------------------------------UL-----------------------------
 pci rnti | cqi  ri  mcs  brate   ok  nok  (%)  dl_bs | pusch  rsrp  ri  mcs  brate   ok  nok  (%)    bsr     ta  phr
   3   5c |   7 1.0   13   7.8M   75  381  83%    10M |  99.9   n/a   1   27   512k    2   13  86%  81.9M    n/a  n/a
   3   5d |   7 1.0   13   7.4M   82  387  82%    10M |  99.9   n/a   1   27  2.79M   11    9  45%  81.9M    n/a  n/a
   3   5e |   7 1.0   13   7.5M   81  378  82%    10M |  99.9   n/a   1   27   512k    2   12  85%  81.9M    n/a  n/a
   3   5f |   7 1.0   13   7.2M   81  390  82%    10M |  99.9   n/a   1   27   262k    1   12  92%  81.9M    n/a  n/a
   3   60 |   7 1.0   13   7.2M   73  389  84%    10M |  99.9   n/a   1   27  2.53M   10   13  56%  81.9M    n/a  n/a
   3   61 |   7 1.0   13   7.6M   88  415  82%    10M |  99.9   n/a   1   27  2.02M    8   12  60%  81.9M    n/a  n/a
   3   62 |   7 1.0   13   7.6M   82  419  83%    10M |  99.9   n/a   1   27   758k    3    9  75%  81.9M    n/a  n/a
   3   63 |   7 1.0    0      0    0    0   0%    10M |   n/a   n/a   1    0      0    0    0   0%  81.9M    n/a  n/a
   0   44 |   7 1.0   15   8.8M  202  541  72%    10M |  99.9   n/a   1   27  1.70M   19   24  55%  81.9M    n/a  n/a
   0   45 |   7 1.0   15   8.7M  186  490  72%    10M |  99.9   n/a   1   27  1.65M   17   27  61%  81.9M    n/a  n/a
   0   46 |   7 1.0   15   8.7M  189  550  74%    10M |  99.9   n/a   1   27  1.98M   20   24  54%  81.9M    n/a  n/a
   0   47 |   7 1.0   15   8.6M  181  500  73%    10M |  99.9   n/a   1   27  1.57M   15   30  66%  81.9M    n/a  n/a
   0   48 |   7 1.0   15   8.4M  203  557  73%    10M |  99.9   n/a   1   27  1.90M   18   23  56%  81.9M    n/a  n/a
   0   49 |   7 1.0   15   8.6M  185  478  72%    10M |  99.9   n/a   1   27  1.77M   17   24  58%  81.9M    n/a  n/a
   0   4a |   7 1.0   15   8.5M  188  501  72%    10M |  99.9   n/a   1   27  1.64M   17   28  62%  81.9M    n/a  n/a
   0   4b |   7 1.0   15   8.5M  182  453  71%    10M |  99.9   n/a   1   27  1.94M   19   23  54%  81.9M    n/a  n/a
   1   4c |   7 1.0   13   7.0M   85  403  82%    10M |  99.9   n/a   1   27  1.59M    7   14  66%  81.9M    n/a  n/a
   1   4d |   7 1.0   13   6.9M   85  442  83%    10M |  99.9   n/a   1   27   685k    3   11  78%  81.9M    n/a  n/a
   1   4e |   7 1.0   13   6.9M   84  427  83%    10M |  99.9   n/a   1   27  1.82M    8   11  57%  81.9M    n/a  n/a
   1   4f |   7 1.0   13   6.8M   80  365  82%    10M |  99.9   n/a   1   27   685k    3   12  80%  81.9M    n/a  n/a
   1   50 |   7 1.0   13   7.0M   92  425  82%    10M |  99.9   n/a   1   27   910k    4   14  77%  81.9M    n/a  n/a
   1   51 |   7 1.0   13   6.6M   81  417  83%    10M |  99.9   n/a   1   27  1.56M    7   13  65%  81.9M    n/a  n/a
   1   52 |   7 1.0   13   7.0M   88  403  82%    10M |  99.9   n/a   1   27  1.12M    5   15  75%  81.9M    n/a  n/a
   1   53 |   7 1.0    0      0    0    0   0%    10M |   n/a   n/a   1    0      0    0    0   0%  81.9M    n/a  n/a
   2   54 |   7 1.0   16   6.4M  188  571  75%    10M |  99.9   n/a   1   27   663k    9   24  72%  81.9M    n/a  n/a
   2   55 |   7 1.0   16   6.4M  176  550  75%    10M |  99.9   n/a   1   27   882k   12   23  65%  81.9M    n/a  n/a
   2   56 |   7 1.0   16   6.5M  173  576  76%    10M |  99.9   n/a   1   27   936k   12   20  62%  81.9M    n/a  n/a
   2   57 |   7 1.0   16   6.6M  171  530  75%    10M |  99.9   n/a   1   27   672k    9   25  73%  81.9M    n/a  n/a
   2   58 |   7 1.0   16   6.4M  177  582  76%    10M |  99.9   n/a   1   27   717k    9   20  68%  81.9M    n/a  n/a
   2   59 |   7 1.0   16   6.4M  170  560  76%    10M |  99.9   n/a   1   27   898k   12   24  66%  81.9M    n/a  n/a
   2   5a |   7 1.0   16   6.7M  178  537  75%    10M |  99.9   n/a   1   27   839k   11   26  70%  81.9M    n/a  n/a
   2   5b |   7 1.0   16   6.6M  174  476  73%    10M |  99.9   n/a   1   27   682k    9   22  70%  81.9M    n/a  n/a
   3   5c |   7 1.0   13   8.7M   99  364  78%    10M |  99.9   n/a   1   27  1.51M    6   13  68%  81.9M    n/a  n/a
   3   5d |   7 1.0   13   8.6M   93  348  78%    10M |  99.9   n/a   1   27  1.52M    6   12  66%  81.9M    n/a  n/a
   3   5e |   7 1.0   13   8.7M   97  417  81%    10M |  99.9   n/a   1   27   742k    3   12  80%  81.9M    n/a  n/a
   3   5f |   7 1.0   13   8.5M   92  365  79%    10M |  99.9   n/a   1   27  1.52M    6    9  60%  81.9M    n/a  n/a
   3   60 |   7 1.0   13   8.7M   96  371  79%    10M |  99.9   n/a   1   27  1.51M    6   11  64%  81.9M    n/a  n/a
   3   61 |   7 1.0   13   8.4M   86  358  80%    10M |  99.9   n/a   1   27  1.53M    6   11  64%  81.9M    n/a  n/a
   3   62 |   7 1.0   13   8.3M   99  398  80%    10M |  99.9   n/a   1   27  1.77M    7   12  63%  81.9M    n/a  n/a
   3   63 |   7 1.0    0      0    0    0   0%    10M |   n/a   n/a   1    0      0    0    0   0%  81.9M    n/a  n/a
   0   44 |   7 1.0   15   8.7M  195  543  73%    10M |  99.9   n/a   1   27  1.73M   17   24  58%  81.9M    n/a  n/a
   0   45 |   7 1.0   15   8.6M  199  471  70%    10M |  99.9   n/a   1   27  1.84M   18   30  62%  81.9M    n/a  n/a
   0   46 |   7 1.0   15   8.7M  184  536  74%    10M |  99.9   n/a   1   27  1.07M   12   27  69%  81.9M    n/a  n/a
   0   47 |   7 1.0   15   8.8M  194  466  70%    10M |  99.9   n/a   1   27  1.52M   15   26  63%  81.9M    n/a  n/a
   0   48 |   7 1.0   15   8.9M  203  527  72%    10M |  99.9   n/a   1   27  1.90M   19   27  58%  81.9M    n/a  n/a
   0   49 |   7 1.0   15   8.7M  189  493  72%    10M |  99.9   n/a   1   27  2.14M   20   24  54%  81.9M    n/a  n/a
   0   4a |   7 1.0   15   9.0M  208  478  69%    10M |  99.9   n/a   1   27  2.29M   24   21  46%  81.9M    n/a  n/a
   0   4b |   7 1.0   15   8.8M  186  453  70%    10M |  99.9   n/a   1   27  1.46M   15   26  63%  81.9M    n/a  n/a
   1   4c |   7 1.0   13   8.0M  101  341  77%    10M |  99.9   n/a   1   27  1.82M    8   11  57%  81.9M    n/a  n/a
   1   4d |   7 1.0   13   7.9M   93  385  80%    10M |  99.9   n/a   1   27   902k    4   11  73%  81.9M    n/a  n/a
   1   4e |   7 1.0   13   8.1M   97  359  78%    10M |  99.9   n/a   1   27  1.14M    5   10  66%  81.9M    n/a  n/a
   1   4f |   7 1.0   13   7.7M   92  376  80%    10M |  99.9   n/a   1   27   693k    3   14  82%  81.9M    n/a  n/a
   1   50 |   7 1.0   13   7.8M   99  333  77%    10M |  99.9   n/a   1   27   451k    2   11  84%  81.9M    n/a  n/a
   1   51 |   7 1.0   13   7.7M   91  368  80%    10M |  99.9   n/a   1   27  1.56M    7   12  63%  81.9M    n/a  n/a
   1   52 |   7 1.0   13   8.2M   96  322  77%    10M |  99.9   n/a   1   27  1.58M    7   11  61%  81.9M    n/a  n/a
   1   53 |   7 1.0    0      0    0    0   0%    10M |   n/a   n/a   1    0      0    0    0   0%  81.9M    n/a  n/a
   2   54 |   7 1.0   16   6.3M  170  637  78%    10M |  99.9   n/a   1   27   754k   10   33  76%  81.9M    n/a  n/a
   2   55 |   7 1.0   16   6.1M  158  547  77%    10M |  99.9   n/a   1   27  1.04M   13   30  69%  81.9M    n/a  n/a
   2   56 |   7 1.0   16   6.4M  171  634  78%    10M |  99.9   n/a   1   27   804k   11   28  71%  81.9M    n/a  n/a
   2   57 |   7 1.0   16   6.2M  159  547  77%    10M |  99.9   n/a   1   27   846k   11   28  71%  81.9M    n/a  n/a
   2   58 |   7 1.0   16   6.5M  178  623  77%    10M |  99.9   n/a   1   27  1.02M   14   27  65%  81.9M    n/a  n/a
   2   59 |   7 1.0   16   6.2M  159  538  77%    10M |  99.9   n/a   1   27   789k   10   29  74%  81.9M    n/a  n/a
   2   5a |   7 1.0   16   6.4M  176  583  76%    10M |  99.9   n/a   1   27   874k   11   30  73%  81.9M    n/a  n/a
   2   5b |   7 1.0   16   6.3M  164  567  77%    10M |  99.9   n/a   1   27   723k   10   30  75%  81.9M    n/a  n/a
   3   5c |   7 1.0   13   7.4M   81  321  79%    10M |  99.9   n/a   1   27   758k    3   12  80%  81.9M    n/a  n/a
   3   5d |   7 1.0   13   7.8M   82  320  79%    10M |  99.9   n/a   1   27  1.76M    7   13  65%  81.9M    n/a  n/a
   3   5e |   7 1.0   13   7.7M   86  333  79%    10M |  99.9   n/a   1   27   754k    3   13  81%  81.9M    n/a  n/a
   3   5f |   7 1.0   13   7.6M   87  380  81%    10M |  99.9   n/a   1   27   512k    2    9  81%  81.9M    n/a  n/a
   3   60 |   7 1.0   13   7.2M   71  294  80%    10M |  99.9   n/a   1   27  1.02M    4   12  75%  81.9M    n/a  n/a
   3   61 |   7 1.0   13   7.9M   91  290  76%    10M |  99.9   n/a   1   27   746k    3   11  78%  81.9M    n/a  n/a
   3   62 |   7 1.0   13   7.3M   85  346  80%    10M |  99.9   n/a   1   27  1.25M    5   10  66%  81.9M    n/a  n/a
   3   63 |   7 1.0    0      0    0    0   0%    10M |   n/a   n/a   1    0      0    0    0   0%  81.9M    n/a  n/a
   0   44 |   7 1.0   16   9.5M  212  485  69%    10M |  99.9   n/a   1   27   531k    6   20  76%  81.9M    n/a  n/a
   0   45 |   7 1.0   16   8.7M  189  485  71%    10M |  99.9   n/a   1   27  1.45M   15   19  55%  81.9M    n/a  n/a
   0   46 |   7 1.0   16   8.1M  170  590  77%    10M |  99.9   n/a   1   27  1.51M   16   21  56%  81.9M    n/a  n/a
   0   47 |   7 1.0   16   8.6M  176  491  73%    10M |  99.9   n/a   1   27  1.39M   14   20  58%  81.9M    n/a  n/a
   0   48 |   7 1.0   16   8.4M  166  539  76%    10M |  99.9   n/a   1   27  1.33M   15   25  62%  81.9M    n/a  n/a
   0   49 |   7 1.0   16   8.6M  173  454  72%    10M |  99.9   n/a   1   27  1.25M   13   23  63%  81.9M    n/a  n/a
   0   4a |   7 1.0   16   8.0M  177  534  75%    10M |  99.9   n/a   1   27  1.72M   17   22  56%  81.9M    n/a  n/a
   0   4b |   7 1.0   16   8.6M  176  471  72%    10M |  99.9   n/a   1   27   817k    9   20  68%  81.9M    n/a  n/a
   1   4c |   7 1.0   13   6.6M   84  401  82%    10M |  99.9   n/a   1   27  1.13M    5   13  72%  81.9M    n/a  n/a
   1   4d |   7 1.0   13   6.3M   77  389  83%    10M |  99.9   n/a   1   27  1.13M    5   12  70%  81.9M    n/a  n/a
   1   4e |   7 1.0   13   6.8M   80  373  82%    10M |  99.9   n/a   1   27  1.37M    6   10  62%  81.9M    n/a  n/a
   1   4f |   7 1.0   13   6.7M   77  370  82%    10M |  99.9   n/a   1   27   685k    3   13  81%  81.9M    n/a  n/a
   1   50 |   7 1.0   13   6.8M   76  344  81%    10M |  99.9   n/a   1   27   906k    4   11  73%  81.9M    n/a  n/a
   1   51 |   7 1.0   13   6.7M   77  396  83%    10M |  99.9   n/a   1   27  1.11M    5   13  72%  81.9M    n/a  n/a
   1   52 |   7 1.0   13   6.8M   75  383  83%    10M |  99.9   n/a   1   27  1.60M    7   13  65%  81.9M    n/a  n/a
   1   53 |   7 1.0    0      0    0    0   0%    10M |   n/a   n/a   1    0      0    0    0   0%  81.9M    n/a  n/a

          |--------------------DL---------------------|-------------------------------UL-----------------------------
 pci rnti | cqi  ri  mcs  brate   ok  nok  (%)  dl_bs | pusch  rsrp  ri  mcs  brate   ok  nok  (%)    bsr     ta  phr
   2   54 |   7 1.0   17   8.7M  212  523  71%    10M |  99.9   n/a   1   27  1.27M   17   24  58%  81.9M    n/a  n/a
   2   55 |   7 1.0   16   8.5M  213  510  70%    10M |  99.9   n/a   1   27  1.25M   16   27  62%  81.9M    n/a  n/a
   2   56 |   7 1.0   16   8.7M  235  583  71%    10M |  99.9   n/a   1   27  1.34M   17   24  58%  81.9M    n/a  n/a
   2   57 |   7 1.0   16   8.4M  216  464  68%    10M |  99.9   n/a   1   27  1.41M   18   25  58%  81.9M    n/a  n/a
   2   58 |   7 1.0   16   8.7M  228  487  68%    10M |  99.9   n/a   1   27  1.59M   20   26  56%  81.9M    n/a  n/a
   2   59 |   7 1.0   16   8.3M  210  474  69%    10M |  99.9   n/a   1   27  1.43M   18   29  61%  81.9M    n/a  n/a
   2   5a |   7 1.0   16   8.6M  237  487  67%    10M |  99.9   n/a   1   27  1.33M   18   27  60%  81.9M    n/a  n/a
   2   5b |   7 1.0   16   8.2M  208  523  71%    10M |  99.9   n/a   1   27  1.21M   16   26  61%  81.9M    n/a  n/a
   3   5c |   7 1.0   13   7.8M   86  387  81%    10M |  99.9   n/a   1   27  1.52M    6   14  70%  81.9M    n/a  n/a
   3   5d |   7 1.0   13   7.9M   82  391  82%    10M |  99.9   n/a   1   27  1.29M    5   15  75%  81.9M    n/a  n/a
   3   5e |   7 1.0   13   8.1M   92  357  79%    10M |  99.9   n/a   1   27  1.77M    7   16  69%  81.9M    n/a  n/a
   3   5f |   7 1.0   13   7.9M   92  382  80%    10M |  99.9   n/a   1   27  1.02M    4   14  77%  81.9M    n/a  n/a
   3   60 |   7 1.0   13   8.1M   89  351  79%    10M |  99.9   n/a   1   27  2.29M    9   13  59%  81.9M    n/a  n/a
   3   61 |   7 1.0   13   7.8M   84  354  80%    10M |  99.9   n/a   1   27  1.76M    7   15  68%  81.9M    n/a  n/a
   3   62 |   7 1.0   13   8.3M   93  383  80%    10M |  99.9   n/a   1   27  1.51M    6   13  68%  81.9M    n/a  n/a
   3   63 |   7 1.0    0      0    0    0   0%    10M |   n/a   n/a   1    0      0    0    0   0%  81.9M    n/a  n/a
   0   44 |   7 1.0   16   8.2M  178  514  74%    10M |  99.9   n/a   1   27  1.71M   18   18  50%  81.9M    n/a  n/a
   0   45 |   7 1.0   16   8.4M  167  457  73%    10M |  99.9   n/a   1   27  1.60M   14   20  58%  81.9M    n/a  n/a
   0   46 |   7 1.0   16   8.5M  184  497  72%    10M |  99.9   n/a   1   27  1.58M   16   12  42%  81.9M    n/a  n/a
   0   47 |   7 1.0   16   8.8M  185  416  69%    10M |  99.9   n/a   1   27  2.11M   20   15  42%  81.9M    n/a  n/a
   0   48 |   7 1.0   16   8.6M  179  473  72%    10M |  99.9   n/a   1   27  2.01M   21   19  47%  81.9M    n/a  n/a
   0   49 |   7 1.0   16   8.4M  173  472  73%    10M |  99.9   n/a   1   27  1.56M   16   18  52%  81.9M    n/a  n/a
   0   4a |   7 1.0   16   7.9M  169  497  74%    10M |  99.9   n/a   1   27  1.06M   10   23  69%  81.9M    n/a  n/a
   0   4b |   7 1.0   16   8.7M  163  437  72%    10M |  99.9   n/a   1   27  1.73M   18   21  53%  81.9M    n/a  n/a
   1   4c |   7 1.0   13   7.4M   91  366  80%    10M |  99.9   n/a   1   27  1.35M    6   14  70%  81.9M    n/a  n/a
   1   4d |   7 1.0   13   7.2M   81  399  83%    10M |  99.9   n/a   1   27  1.14M    5   13  72%  81.9M    n/a  n/a
   1   4e |   7 1.0   13   7.6M   88  366  80%    10M |  99.9   n/a   1   27  1.38M    6   14  70%  81.9M    n/a  n/a
   1   4f |   7 1.0   13   7.4M   92  352  79%    10M |  99.9   n/a   1   27  1.59M    7   15  68%  81.9M    n/a  n/a
   1   50 |   7 1.0   13   7.6M   89  328  78%    10M |  99.9   n/a   1   27   676k    3   14  82%  81.9M    n/a  n/a
   1   51 |   7 1.0   13   7.5M   89  339  79%    10M |  99.9   n/a   1   27  1.81M    8   13  61%  81.9M    n/a  n/a
   1   52 |   7 1.0   13   7.3M   79  353  81%    10M |  99.9   n/a   1   27  1.81M    8   12  60%  81.9M    n/a  n/a
   1   53 |   7 1.0    0      0    0    0   0%    10M |   n/a   n/a   1    0      0    0    0   0%  81.9M    n/a  n/a
   2   54 |   7 1.0   17   6.8M  174  566  76%    10M |  99.9   n/a   1   27  1.03M   14   22  61%  81.9M    n/a  n/a
   2   55 |   7 1.0   17   6.8M  164  520  76%    10M |  99.9   n/a   1   27  1.02M   13   21  61%  81.9M    n/a  n/a
   2   56 |   7 1.0   17   6.7M  179  600  77%    10M |  99.9   n/a   1   27   779k    9   21  70%  81.9M    n/a  n/a
   2   57 |   7 1.0   17   6.9M  172  546  76%    10M |  99.9   n/a   1   27   919k   12   23  65%  81.9M    n/a  n/a
   2   58 |   7 1.0   17   6.3M  162  673  80%    10M |  99.9   n/a   1   27  1.12M   16   21  56%  81.9M    n/a  n/a
   2   59 |   7 1.0   16   6.9M  175  496  73%    10M |  99.9   n/a   1   27  1.08M   16   23  58%  81.9M    n/a  n/a
   2   5a |   7 1.0   17   6.6M  172  589  77%    10M |  99.9   n/a   1   27   824k   11   23  67%  81.9M    n/a  n/a
   2   5b |   7 1.0   17   7.0M  176  509  74%    10M |  99.9   n/a   1   27  1.13M   16   26  61%  81.9M    n/a  n/a
   3   5c |   7 1.0   13   7.9M   80  369  82%    10M |  99.9   n/a   1   27   500k    2   12  85%  81.9M    n/a  n/a
   3   5d |   7 1.0   13   7.7M   77  339  81%    10M |  99.9   n/a   1   27  1.01M    4   12  75%  81.9M    n/a  n/a
   3   5e |   7 1.0   13   7.8M   83  331  79%    10M |  99.9   n/a   1   27   775k    3   10  76%  81.9M    n/a  n/a
   3   5f |   7 1.0   13   7.7M   81  402  83%    10M |  99.9   n/a   1   27   775k    3   13  81%  81.9M    n/a  n/a
   3   60 |   7 1.0   13   7.7M   83  389  82%    10M |  99.9   n/a   1   27  1.02M    4   11  73%  81.9M    n/a  n/a
   3   61 |   7 1.0   13   7.6M   82  333  80%    10M |  99.9   n/a   1   27   992k    4   12  75%  81.9M    n/a  n/a
   3   62 |   7 1.0   13   7.6M   83  378  81%    10M |  99.9   n/a   1   27   500k    2   10  83%  81.9M    n/a  n/a
   3   63 |   7 1.0    0      0    0    0   0%    10M |   n/a   n/a   1    0      0    0    0   0%  81.9M    n/a  n/a
   0   44 |   7 1.0   17   9.1M  192  522  73%    10M |  99.9   n/a   1   27  1.39M   14   28  66%  81.9M    n/a  n/a
   0   45 |   7 1.0   16   8.6M  169  477  73%    10M |  99.9   n/a   1   27  1.75M   18   24  57%  81.9M    n/a  n/a
   0   46 |   7 1.0   16   8.6M  182  528  74%    10M |  99.9   n/a   1   27  1.79M   18   21  53%  81.9M    n/a  n/a
   0   47 |   7 1.0   16   8.8M  179  429  70%    10M |  99.9   n/a   1   27  1.58M   17   25  59%  81.9M    n/a  n/a
   0   48 |   7 1.0   16   8.4M  176  544  75%    10M |  99.9   n/a   1   27  1.45M   16   24  60%  81.9M    n/a  n/a
   0   49 |   7 1.0   16   8.9M  177  467  72%    10M |  99.9   n/a   1   27  1.35M   13   23  63%  81.9M    n/a  n/a
   0   4a |   7 1.0   16   8.7M  173  540  75%    10M |  99.9   n/a   1   27  1.57M   16   26  61%  81.9M    n/a  n/a
   0   4b |   7 1.0   16   8.9M  180  436  70%    10M |  99.9   n/a   1   27  1.39M   15   20  57%  81.9M    n/a  n/a
   1   4c |   7 1.0   13   6.4M   82  401  83%    10M |  99.9   n/a   1   27  1.35M    6   11  64%  81.9M    n/a  n/a
   1   4d |   7 1.0   13   6.5M   86  429  83%    10M |  99.9   n/a   1   27  1.14M    5   11  68%  81.9M    n/a  n/a
   1   4e |   7 1.0   13   6.6M   83  417  83%    10M |  99.9   n/a   1   27  1.11M    5   12  70%  81.9M    n/a  n/a
   1   4f |   7 1.0   13   6.6M   80  414  83%    10M |  99.9   n/a   1   27  1.11M    5   11  68%  81.9M    n/a  n/a
   1   50 |   7 1.0   13   6.6M   83  439  84%    10M |  99.9   n/a   1   27   934k    4   12  75%  81.9M    n/a  n/a
   1   51 |   7 1.0   13   6.6M   79  413  83%    10M |  99.9   n/a   1   27   451k    2   11  84%  81.9M    n/a  n/a
   1   52 |   7 1.0   13   6.5M   88  475  84%    10M |  99.9   n/a   1   27   885k    4   12  75%  81.9M    n/a  n/a
   1   53 |   7 1.0    0      0    0    0   0%    10M |   n/a   n/a   1    0      0    0    0   0%  81.9M    n/a  n/a
   2   54 |   7 1.0   17   7.7M  196  507  72%    10M |  99.9   n/a   1   27   974k   13   31  70%  81.9M    n/a  n/a
   2   55 |   7 1.0   17   7.5M  181  570  75%    10M |  99.9   n/a   1   27   966k   12   32  72%  81.9M    n/a  n/a
   2   56 |   7 1.0   17   7.5M  193  558  74%    10M |  99.9   n/a   1   27  1.04M   13   31  70%  81.9M    n/a  n/a
   2   57 |   7 1.0   17   7.3M  178  500  73%    10M |  99.9   n/a   1   27  1.51M   21   26  55%  81.9M    n/a  n/a
   2   58 |   7 1.0   17   7.4M  187  537  74%    10M |  99.9   n/a   1   27  1.39M   17   25  59%  81.9M    n/a  n/a
   2   59 |   7 1.0   17   7.4M  177  551  75%    10M |  99.9   n/a   1   27   944k   11   30  73%  81.9M    n/a  n/a
   2   5a |   7 1.0   17   7.3M  186  608  76%    10M |  99.9   n/a   1   27  1.28M   18   27  60%  81.9M    n/a  n/a
   2   5b |   7 1.0   17   7.3M  180  493  73%    10M |  99.9   n/a   1   27  1.62M   22   25  53%  81.9M    n/a  n/a
   3   5c |   7 1.0   13   7.4M   85  405  82%    10M |  99.9   n/a   1   27  1.00M    4    9  69%  81.9M    n/a  n/a
   3   5d |   7 1.0   13   7.8M   87  397  82%    10M |  99.9   n/a   1   27   504k    2   12  85%  81.9M    n/a  n/a
   3   5e |   7 1.0   13   7.3M   78  410  84%    10M |  99.9   n/a   1   27  1.77M    7   13  65%  81.9M    n/a  n/a
   3   5f |   7 1.0   13   7.5M   81  392  82%    10M |  99.9   n/a   1   27  1.27M    5   10  66%  81.9M    n/a  n/a
   3   60 |   7 1.0   13   7.3M   78  363  82%    10M |  99.9   n/a   1   27   508k    2   10  83%  81.9M    n/a  n/a
   3   61 |   7 1.0   13   7.4M   81  393  82%    10M |  99.9   n/a   1   27  1.03M    4   12  75%  81.9M    n/a  n/a
   3   62 |   7 1.0   13   7.2M   81  351  81%    10M |  99.9   n/a   1   27   746k    3   14  82%  81.9M    n/a  n/a
   3   63 |   7 1.0    0      0    0    0   0%    10M |   n/a   n/a   1    0      0    0    0   0%  81.9M    n/a  n/a
   0   44 |   7 1.0   17   7.8M  167  573  77%    10M |  99.9   n/a   1   27   855k    8   26  76%  81.9M    n/a  n/a
   0   45 |   7 1.0   17   7.2M  144  533  78%    10M |  99.9   n/a   1   27   748k    7   24  77%  81.9M    n/a  n/a
   0   46 |   7 1.0   17   7.9M  161  527  76%    10M |  99.9   n/a   1   27  1.15M   11   24  68%  81.9M    n/a  n/a
   0   47 |   7 1.0   17   7.3M  137  535  79%    10M |  99.9   n/a   1   27   875k   10   23  69%  81.9M    n/a  n/a
   0   48 |   7 1.0   17   7.7M  154  577  78%    10M |  99.9   n/a   1   27  1.33M   12   21  63%  81.9M    n/a  n/a
   0   49 |   7 1.0   17   7.3M  139  531  79%    10M |  99.9   n/a   1   27  1.18M   13   21  61%  81.9M    n/a  n/a
   0   4a |   7 1.0   17   8.0M  173  580  77%    10M |  99.9   n/a   1   27  1.13M   12   24  66%  81.9M    n/a  n/a
   0   4b |   7 1.0   17   7.2M  132  533  80%    10M |  99.9   n/a   1   27   961k   10   26  72%  81.9M    n/a  n/a

          |--------------------DL---------------------|-------------------------------UL-----------------------------
 pci rnti | cqi  ri  mcs  brate   ok  nok  (%)  dl_bs | pusch  rsrp  ri  mcs  brate   ok  nok  (%)    bsr     ta  phr
   1   4c |   7 1.0   13   7.3M   76  358  82%    10M |  99.9   n/a   1   27  1.82M    8   11  57%  81.9M    n/a  n/a
   1   4d |   7 1.0   13   7.1M   81  406  83%    10M |  99.9   n/a   1   27   459k    2   11  84%  81.9M    n/a  n/a
   1   4e |   7 1.0   13   7.2M   84  430  83%    10M |  99.9   n/a   1   27   910k    4    9  69%  81.9M    n/a  n/a
   1   4f |   7 1.0   13   7.1M   79  407  83%    10M |  99.9   n/a   1   27   914k    4   14  77%  81.9M    n/a  n/a
   1   50 |   7 1.0   13   7.1M   86  414  82%    10M |   n/a   n/a   1   27      0    0   11 100%  81.9M    n/a  n/a
   1   51 |   7 1.0   14   7.3M   82  360  81%    10M |  99.9   n/a   1   27  1.80M    8   13  61%  81.9M    n/a  n/a
   1   52 |   7 1.0   13   7.2M   87  426  83%    10M |  99.9   n/a   1   27  2.04M    9   11  55%  81.9M    n/a  n/a
   1   53 |   7 1.0    0      0    0    0   0%    10M |   n/a   n/a   1    0      0    0    0   0%  81.9M    n/a  n/a
   2   54 |   7 1.0   18   7.3M  175  554  75%    10M |  99.9   n/a   1   27  1.62M   22   14  38%  81.9M    n/a  n/a
   2   55 |   7 1.0   17   7.0M  161  549  77%    10M |  99.9   n/a   1   27  1.55M   20   21  51%  81.9M    n/a  n/a
   2   56 |   7 1.0   17   7.1M  171  597  77%    10M |  99.9   n/a   1   27  1.79M   23   16  41%  81.9M    n/a  n/a
   2   57 |   7 1.0   17   6.9M  171  542  76%    10M |  99.9   n/a   1   27  1.46M   17   17  50%  81.9M    n/a  n/a
   2   58 |   7 1.0   18   7.2M  190  530  73%    10M |  99.9   n/a   1   27   583k    9   21  70%  81.9M    n/a  n/a
   2   59 |   7 1.0   17   6.9M  163  533  76%    10M |  99.9   n/a   1   27  1.12M   14   23  62%  81.9M    n/a  n/a
   2   5a |   7 1.0   17   7.4M  198  547  73%    10M |  99.9   n/a   1   27  1.24M   16   20  55%  81.9M    n/a  n/a
   2   5b |   7 1.0   17   6.9M  167  596  78%    10M |  99.9   n/a   1   27  1.01M   13   22  62%  81.9M    n/a  n/a
   3   5c |   7 1.0   13   6.0M   71  446  86%    10M |  99.9   n/a   1   27   746k    3   11  78%  81.9M    n/a  n/a
   3   5d |   7 1.0   14   6.7M   71  429  85%    10M |  99.9   n/a   1   27   512k    2   11  84%  81.9M    n/a  n/a
   3   5e |   7 1.0   14   6.6M   69  482  87%    10M |  99.9   n/a   1   27   750k    3   12  80%  81.9M    n/a  n/a
   3   5f |   7 1.0   14   7.1M   75  372  83%    10M |  99.9   n/a   1   27   258k    1   12  92%  81.9M    n/a  n/a
   3   60 |   7 1.0   13   6.8M   79  493  86%    10M |  99.9   n/a   1   27  1.03M    4    9  69%  81.9M    n/a  n/a
   3   61 |   7 1.0   14   6.8M   73  449  86%    10M |  99.9   n/a   1   27   504k    2   13  86%  81.9M    n/a  n/a
   3   62 |   7 1.0   14   6.7M   71  360  83%    10M |  99.9   n/a   1   27   246k    1   12  92%  81.9M    n/a  n/a
   3   63 |   7 1.0    0      0    0    0   0%    10M |   n/a   n/a   1    0      0    0    0   0%  81.9M    n/a  n/a
   0   44 |   7 1.0   17   8.4M  159  524  76%    10M |  99.9   n/a   1   27  1.27M   11   19  63%  81.9M    n/a  n/a
   0   45 |   7 1.0   17   8.6M  160  487  75%    10M |  99.9   n/a   1   27  1.15M   11   20  64%  81.9M    n/a  n/a
   0   46 |   7 1.0   17   8.2M  166  598  78%    10M |  99.9   n/a   1   27  1.18M   12   17  58%  81.9M    n/a  n/a
   0   47 |   7 1.0   17   8.7M  167  507  75%    10M |  99.9   n/a   1   27   836k    8   19  70%  81.9M    n/a  n/a
   0   48 |   7 1.0   17   8.6M  168  551  76%    10M |  99.9   n/a   1   27   850k    9   17  65%  81.9M    n/a  n/a
   0   49 |   7 1.0   17   8.6M  169  500  74%    10M |  99.9   n/a   1   27  1.50M   16   17  51%  81.9M    n/a  n/a
   0   4a |   7 1.0   17   8.7M  182  552  75%    10M |  99.9   n/a   1   27  1.76M   18   19  51%  81.9M    n/a  n/a
   0   4b |   7 1.0   17   8.6M  167  487  74%    10M |  99.9   n/a   1   27  1.31M   12   15  55%  81.9M    n/a  n/a
   1   4c |   7 1.0   14   7.1M   82  359  81%    10M |  99.9   n/a   1   27  1.35M    6   12  66%  81.9M    n/a  n/a
   1   4d |   7 1.0   14   6.9M   83  368  81%    10M |  99.9   n/a   1   27  1.35M    6   11  64%  81.9M    n/a  n/a
   1   4e |   7 1.0   14   6.8M   78  334  81%    10M |  99.9   n/a   1   27   910k    4   13  76%  81.9M    n/a  n/a
   1   4f |   7 1.0   14   6.8M   74  330  81%    10M |  99.9   n/a   1   27   668k    3   10  76%  81.9M    n/a  n/a
   1   50 |   7 1.0   14   6.8M   78  347  81%    10M |  99.9   n/a   1   27  1.36M    6   14  70%  81.9M    n/a  n/a
   1   51 |   7 1.0   14   6.8M   78  360  82%    10M |  99.9   n/a   1   27   902k    4   11  73%  81.9M    n/a  n/a
   1   52 |   7 1.0   14   6.7M   76  371  82%    10M |  99.9   n/a   1   27   459k    2    9  81%  81.9M    n/a  n/a
   1   53 |   7 1.0    0      0    0    0   0%    10M |   n/a   n/a   1    0      0    0    0   0%  81.9M    n/a  n/a
   2   54 |   7 1.0   18   7.2M  157  601  79%    10M |  99.9   n/a   1   27   987k   14   24  63%  81.9M    n/a  n/a
   2   55 |   7 1.0   18   7.0M  164  552  77%    10M |  99.9   n/a   1   27   643k    8   26  76%  81.9M    n/a  n/a
   2   56 |   7 1.0   18   7.3M  176  617  77%    10M |  99.9   n/a   1   27   713k   10   25  71%  81.9M    n/a  n/a
   2   57 |   7 1.0   18   7.0M  167  549  76%    10M |  99.9   n/a   1   27   711k    9   22  70%  81.9M    n/a  n/a
   2   58 |   7 1.0   18   7.2M  172  551  76%    10M |  99.9   n/a   1   27   815k   11   22  66%  81.9M    n/a  n/a
   2   59 |   7 1.0   17   6.9M  164  501  75%    10M |  99.9   n/a   1   27   663k    9   28  75%  81.9M    n/a  n/a
   2   5a |   7 1.0   18   7.0M  175  610  77%    10M |  99.9   n/a   1   27   968k   13   17  56%  81.9M    n/a  n/a
   2   5b |   7 1.0   18   7.1M  161  556  77%    10M |  99.9   n/a   1   27   589k    9   27  75%  81.9M    n/a  n/a
   3   5c |   7 1.0   14   8.0M   84  401  82%    10M |  99.9   n/a   1   27   758k    3   12  80%  81.9M    n/a  n/a
   3   5d |   7 1.0   14   8.3M   84  430  83%    10M |  99.9   n/a   1   27  2.00M    8   11  57%  81.9M    n/a  n/a
   3   5e |   7 1.0   14   8.3M   84  405  82%    10M |  99.9   n/a   1   27  1.25M    5   11  68%  81.9M    n/a  n/a
   3   5f |   7 1.0   14   8.4M   79  386  83%    10M |  99.9   n/a   1   27  1.27M    5   11  68%  81.9M    n/a  n/a
   3   60 |   7 1.0   14   8.4M   82  402  83%    10M |  99.9   n/a   1   27  2.02M    8   12  60%  81.9M    n/a  n/a
   3   61 |   7 1.0   14   8.3M   81  394  82%    10M |  99.9   n/a   1   27  1.28M    5   12  70%  81.9M    n/a  n/a
   3   62 |   7 1.0   14   8.0M   84  411  83%    10M |  99.9   n/a   1   27   754k    3   11  78%  81.9M    n/a  n/a
   3   63 |   7 1.0    0      0    0    0   0%    10M |   n/a   n/a   1    0      0    0    0   0%  81.9M    n/a  n/a
   0   44 |   7 1.0   17   8.6M  168  502  74%    10M |  99.9   n/a   1   27  1.37M   13   23  63%  81.9M    n/a  n/a
   0   45 |   7 1.0   17   8.3M  162  526  76%    10M |  99.9   n/a   1   27   965k   10   22  68%  81.9M    n/a  n/a
   0   46 |   7 1.0   17   8.3M  167  572  77%    10M |  99.9   n/a   1   27   955k    9   28  75%  81.9M    n/a  n/a
   0   47 |   7 1.0   17   8.3M  156  489  75%    10M |  99.9   n/a   1   27   881k    9   23  71%  81.9M    n/a  n/a
   0   48 |   7 1.0   17   8.3M  161  558  77%    10M |  99.9   n/a   1   27  1.01M   10   27  72%  81.9M    n/a  n/a
   0   49 |   7 1.0   17   8.4M  157  541  77%    10M |  99.9   n/a   1   27  1.02M   11   26  70%  81.9M    n/a  n/a
   0   4a |   7 1.0   17   8.6M  169  519  75%    10M |  99.9   n/a   1   27   828k    8   26  76%  81.9M    n/a  n/a
   0   4b |   7 1.0   17   8.6M  164  561  77%    10M |  99.9   n/a   1   27  1.23M   14   23  62%  81.9M    n/a  n/a
   1   4c |   7 1.0   14   7.1M   77  453  85%    10M |  99.9   n/a   1   27   902k    4   11  73%  81.9M    n/a  n/a
   1   4d |   7 1.0   14   7.1M   72  410  85%    10M |  99.9   n/a   1   27   451k    2   12  85%  81.9M    n/a  n/a
   1   4e |   7 1.0   14   7.2M   83  475  85%    10M |  99.9   n/a   1   27   689k    3   11  78%  81.9M    n/a  n/a
   1   4f |   7 1.0   14   7.1M   75  419  84%    10M |  99.9   n/a   1   27  1.57M    7   13  65%  81.9M    n/a  n/a
   1   50 |   7 1.0   14   7.3M   79  459  85%    10M |  99.9   n/a   1   27   684k    3   11  78%  81.9M    n/a  n/a
   1   51 |   7 1.0   14   7.0M   75  395  84%    10M |  99.9   n/a   1   27  1.37M    6   13  68%  81.9M    n/a  n/a
   1   52 |   7 1.0   14   7.1M   82  436  84%    10M |  99.9   n/a   1   27  1.83M    8    9  52%  81.9M    n/a  n/a
   1   53 |   7 1.0    0      0    0    0   0%    10M |   n/a   n/a   1    0      0    0    0   0%  81.9M    n/a  n/a
   2   54 |   7 1.0   18   6.7M  165  689  80%    10M |  99.9   n/a   1   27   460k    7   25  78%  81.9M    n/a  n/a
   2   55 |   7 1.0   18   6.6M  149  546  78%    10M |  99.9   n/a   1   27   706k   10   23  69%  81.9M    n/a  n/a
   2   56 |   7 1.0   18   6.4M  156  627  80%    10M |  99.9   n/a   1   27   462k    7   26  78%  81.9M    n/a  n/a
   2   57 |   7 1.0   18   6.5M  142  587  80%    10M |  99.9   n/a   1   27   543k    6   27  81%  81.9M    n/a  n/a
   2   58 |   7 1.0   18   6.3M  145  677  82%    10M |  99.9   n/a   1   27   543k    7   23  76%  81.9M    n/a  n/a
   2   59 |   7 1.0   18   6.5M  145  533  78%    10M |  99.9   n/a   1   27   713k    9   24  72%  81.9M    n/a  n/a
   2   5a |   7 1.0   18   6.9M  167  613  78%    10M |  99.9   n/a   1   27   638k    8   24  75%  81.9M    n/a  n/a
   2   5b |   7 1.0   18   6.4M  151  562  78%    10M |  99.9   n/a   1   27   672k    8   20  71%  81.9M    n/a  n/a
   3   5c |   7 1.0   14   8.1M   87  385  81%    10M |  99.9   n/a   1   27  1.26M    5   10  66%  81.9M    n/a  n/a
   3   5d |   7 1.0   14   8.2M   78  406  83%    10M |  99.9   n/a   1   27  1.01M    4   10  71%  81.9M    n/a  n/a
   3   5e |   7 1.0   14   7.8M   85  389  82%    10M |  99.9   n/a   1   27  1.77M    7   11  61%  81.9M    n/a  n/a
   3   5f |   7 1.0   14   8.3M   80  418  83%    10M |  99.9   n/a   1   27  1.77M    7   12  63%  81.9M    n/a  n/a
   3   60 |   7 1.0   14   8.3M   82  388  82%    10M |  99.9   n/a   1   27  1.01M    4   12  75%  81.9M    n/a  n/a
   3   61 |   7 1.0   14   8.1M   78  344  81%    10M |  99.9   n/a   1   27   771k    3   12  80%  81.9M    n/a  n/a
   3   62 |   7 1.0   14   8.3M   82  415  83%    10M |  99.9   n/a   1   27  1.52M    6   13  68%  81.9M    n/a  n/a
   3   63 |   7 1.0    0      0    0    0   0%    10M |   n/a   n/a   1    0      0    0    0   0%  81.9M    n/a  n/a

          |--------------------DL---------------------|-------------------------------UL-----------------------------
 pci rnti | cqi  ri  mcs  brate   ok  nok  (%)  dl_bs | pusch  rsrp  ri  mcs  brate   ok  nok  (%)    bsr     ta  phr
   0   44 |   7 1.0   18   8.4M  153  595  79%    10M |  99.9   n/a   1   27   803k    8   19  70%  81.9M    n/a  n/a
   0   45 |   7 1.0   17   7.9M  144  528  78%    10M |  99.9   n/a   1   27   850k    9   23  71%  81.9M    n/a  n/a
   0   46 |   7 1.0   18   8.4M  156  645  80%    10M |  99.9   n/a   1   27   781k    9   22  70%  81.9M    n/a  n/a
   0   47 |   7 1.0   17   8.4M  159  520  76%    10M |  99.9   n/a   1   27  1.04M   10   19  65%  81.9M    n/a  n/a
   0   48 |   7 1.0   18   8.2M  159  601  79%    10M |  99.9   n/a   1   27  1.10M   12   20  62%  81.9M    n/a  n/a
   0   49 |   7 1.0   17   8.0M  155  612  79%    10M |  99.9   n/a   1   27   887k    9   21  70%  81.9M    n/a  n/a
   0   4a |   7 1.0   18   8.2M  150  592  79%    10M |  99.9   n/a   1   27   930k    9   18  66%  81.9M    n/a  n/a
   0   4b |   7 1.0   17   7.9M  156  548  77%    10M |  99.9   n/a   1   27   908k   10   22  68%  81.9M    n/a  n/a
   1   4c |   7 1.0   14   7.3M   84  416  83%    10M |  99.9   n/a   1   27  1.14M    5   12  70%  81.9M    n/a  n/a
   1   4d |   7 1.0   14   7.5M   78  400  83%    10M |  99.9   n/a   1   27  1.57M    7   11  61%  81.9M    n/a  n/a
   1   4e |   7 1.0   14   7.8M   83  418  83%    10M |  99.9   n/a   1   27   910k    4   13  76%  81.9M    n/a  n/a
   1   4f |   7 1.0   14   7.6M   76  365  82%    10M |  99.9   n/a   1   27  1.59M    7   10  58%  81.9M    n/a  n/a
   1   50 |   7 1.0   14   7.6M   88  390  81%    10M |  99.9   n/a   1   27  1.34M    6   13  68%  81.9M    n/a  n/a
   1   51 |   7 1.0   14   7.5M   84  430  83%    10M |  99.9   n/a   1   27  1.11M    5   10  66%  81.9M    n/a  n/a
   1   52 |   7 1.0   14   7.4M   85  399  82%    10M |  99.9   n/a   1   27   680k    3   11  78%  81.9M    n/a  n/a
   1   53 |   7 1.0    0      0    0    0   0%    10M |   n/a   n/a   1    0      0    0    0   0%  81.9M    n/a  n/a
   2   54 |   7 1.0   19   7.6M  170  591  77%    10M |  99.9   n/a   1   27   984k   14   26  65%  81.9M    n/a  n/a
   2   55 |   7 1.0   18   7.4M  162  559  77%    10M |  99.9   n/a   1   27   828k   11   24  68%  81.9M    n/a  n/a
   2   56 |   7 1.0   18   7.5M  180  551  75%    10M |  99.9   n/a   1   27  1.02M   14   25  64%  81.9M    n/a  n/a
   2   57 |   7 1.0   18   7.2M  165  572  77%    10M |  99.9   n/a   1   27   996k   14   25  64%  81.9M    n/a  n/a
   2   58 |   7 1.0   18   7.6M  178  644  78%    10M |  99.9   n/a   1   27   881k   12   25  67%  81.9M    n/a  n/a
   2   59 |   7 1.0   18   7.4M  162  573  77%    10M |  99.9   n/a   1   27   825k   10   25  71%  81.9M    n/a  n/a
   2   5a |   7 1.0   18   7.5M  172  598  77%    10M |  99.9   n/a   1   27   880k   11   22  66%  81.9M    n/a  n/a
   2   5b |   7 1.0   18   7.4M  169  559  76%    10M |  99.9   n/a   1   27   721k   10   28  73%  81.9M    n/a  n/a
   3   5c |   7 1.0   14   9.4M   91  338  78%    10M |  99.9   n/a   1   27   762k    3   11  78%  81.9M    n/a  n/a
   3   5d |   7 1.0   14   8.9M   80  346  81%    10M |  99.9   n/a   1   27  1.79M    7   14  66%  81.9M    n/a  n/a
   3   5e |   7 1.0   14   9.3M   86  344  80%    10M |  99.9   n/a   1   27  1.77M    7    9  56%  81.9M    n/a  n/a
   3   5f |   7 1.0   14   9.1M   84  337  80%    10M |  99.9   n/a   1   27  2.51M   10   11  52%  81.9M    n/a  n/a
   3   60 |   7 1.0   14   9.1M   95  408  81%    10M |  99.9   n/a   1   27  1.26M    5   11  68%  81.9M    n/a  n/a
   3   61 |   7 1.0   14   9.1M   86  374  81%    10M |  99.9   n/a   1   27  1.02M    4   12  75%  81.9M    n/a  n/a
   3   62 |   7 1.0   14   8.8M   85  385  81%    10M |  99.9   n/a   1   27  2.80M   11   12  52%  81.9M    n/a  n/a
   3   63 |   7 1.0    0      0    0    0   0%    10M |   n/a   n/a   1    0      0    0    0   0%  81.9M    n/a  n/a
   0   44 |   7 1.0   18   9.1M  171  673  79%    10M |  99.9   n/a   1   27  1.21M   13   30  69%  81.9M    n/a  n/a
   0   45 |   7 1.0   18   9.7M  174  527  75%    10M |  99.9   n/a   1   27  1.41M   14   30  68%  81.9M    n/a  n/a
   0   46 |   7 1.0   18   9.5M  178  605  77%    10M |  99.9   n/a   1   27  1.17M   12   28  70%  81.9M    n/a  n/a
   0   47 |   7 1.0   18   9.6M  166  501  75%    10M |  99.9   n/a   1   27  1.36M   14   32  69%  81.9M    n/a  n/a
   0   48 |   7 1.0   18   9.4M  166  604  78%    10M |  99.9   n/a   1   27  1.10M   11   27  71%  81.9M    n/a  n/a
   0   49 |   7 1.0   18   9.8M  177  511  74%    10M |  99.9   n/a   1   27  1.27M   14   24  63%  81.9M    n/a  n/a
   0   4a |   7 1.0   18   9.4M  180  579  76%    10M |  99.9   n/a   1   27   854k    9   30  76%  81.9M    n/a  n/a
   0   4b |   7 1.0   18   9.7M  169  483  74%    10M |  99.9   n/a   1   27  1.67M   16   26  61%  81.9M    n/a  n/a
   1   4c |   7 1.0   14   7.7M   88  359  80%    10M |  99.9   n/a   1   27   906k    4   10  71%  81.9M    n/a  n/a
   1   4d |   7 1.0   14   7.7M   80  379  82%    10M |  99.9   n/a   1   27  1.15M    5   13  72%  81.9M    n/a  n/a
   1   4e |   7 1.0   14   8.1M   87  399  82%    10M |  99.9   n/a   1   27  1.11M    5   11  68%  81.9M    n/a  n/a
   1   4f |   7 1.0   14   7.6M   82  415  83%    10M |  99.9   n/a   1   27  1.33M    6   14  70%  81.9M    n/a  n/a
   1   50 |   7 1.0   14   7.8M   87  442  83%    10M |  99.9   n/a   1   27   910k    4    9  69%  81.9M    n/a  n/a
   1   51 |   7 1.0   14   7.6M   77  397  83%    10M |  99.9   n/a   1   27  1.14M    5   11  68%  81.9M    n/a  n/a
   1   52 |   7 1.0   14   7.6M   84  396  82%    10M |  99.9   n/a   1   27   672k    3   12  80%  81.9M    n/a  n/a
   1   53 |   7 1.0    0      0    0    0   0%    10M |   n/a   n/a   1    0      0    0    0   0%  81.9M    n/a  n/a
   2   54 |   7 1.0   19   8.7M  193  577  74%    10M |  99.9   n/a   1   27  1.42M   20   20  50%  81.9M    n/a  n/a
   2   55 |   7 1.0   18   8.5M  181  498  73%    10M |  99.9   n/a   1   27  1.21M   16   25  60%  81.9M    n/a  n/a
   2   56 |   7 1.0   19   8.6M  193  584  75%    10M |  99.9   n/a   1   27  1.19M   15   25  62%  81.9M    n/a  n/a
   2   57 |   7 1.0   18   8.6M  197  572  74%    10M |  99.9   n/a   1   27  1.44M   20   25  55%  81.9M    n/a  n/a
   2   58 |   7 1.0   19   8.7M  189  541  74%    10M |  99.9   n/a   1   27  1.32M   19   23  54%  81.9M    n/a  n/a
   2   59 |   7 1.0   18   8.2M  191  516  72%    10M |  99.9   n/a   1   27  1.37M   19   24  55%  81.9M    n/a  n/a
   2   5a |   7 1.0   19   8.9M  198  530  72%    10M |  99.9   n/a   1   27  1.02M   14   25  64%  81.9M    n/a  n/a
   2   5b |   7 1.0   18   8.2M  184  529  74%    10M |  99.9   n/a   1   27  1.18M   17   24  58%  81.9M    n/a  n/a
   3   5c |   7 1.0   14   8.3M   90  336  78%    10M |  99.9   n/a   1   27  1.04M    4   12  75%  81.9M    n/a  n/a
   3   5d |   7 1.0   14   8.2M   84  331  79%    10M |  99.9   n/a   1   27  1.50M    6   10  62%  81.9M    n/a  n/a
   3   5e |   7 1.0   14   8.3M   86  368  81%    10M |  99.9   n/a   1   27   771k    3   13  81%  81.9M    n/a  n/a
   3   5f |   7 1.0   14   8.1M   81  364  81%    10M |  99.9   n/a   1   27   500k    2    9  81%  81.9M    n/a  n/a
   3   60 |   7 1.0   14   8.1M   79  363  82%    10M |  99.9   n/a   1   27  2.00M    8   13  61%  81.9M    n/a  n/a
   3   61 |   7 1.0   14   8.2M   80  340  80%    10M |  99.9   n/a   1   27  1.51M    6   12  66%  81.9M    n/a  n/a
   3   62 |   7 1.0   14   8.2M   79  328  80%    10M |  99.9   n/a   1   27  1.51M    6   11  64%  81.9M    n/a  n/a
   3   63 |   7 1.0    0      0    0    0   0%    10M |   n/a   n/a   1    0      0    0    0   0%  81.9M    n/a  n/a
   0   44 |   7 1.0   18   8.9M  159  588  78%    10M |  99.9   n/a   1   27   584k    6   16  72%  81.9M    n/a  n/a
   0   45 |   7 1.0   18   8.2M  147  546  78%    10M |  99.9   n/a   1   27   863k    9   19  67%  81.9M    n/a  n/a
   0   46 |   7 1.0   18   8.1M  153  596  79%    10M |  99.9   n/a   1   27   832k    8   19  70%  81.9M    n/a  n/a
   0   47 |   7 1.0   18   8.2M  147  574  79%    10M |  99.9   n/a   1   27   684k    7   17  70%  81.9M    n/a  n/a
   0   48 |   7 1.0   18   8.5M  160  561  77%    10M |  99.9   n/a   1   27  1.23M   12   17  58%  81.9M    n/a  n/a
   0   49 |   7 1.0   18   8.4M  150  566  79%    10M |  99.9   n/a   1   27   586k    6   21  77%  81.9M    n/a  n/a
   0   4a |   7 1.0   18   8.3M  161  585  78%    10M |  99.9   n/a   1   27   973k   10   18  64%  81.9M    n/a  n/a
   0   4b |   7 1.0   18   8.3M  145  614  80%    10M |  99.9   n/a   1   27   799k    8   18  69%  81.9M    n/a  n/a
   1   4c |   7 1.0   14   6.7M   82  467  85%    10M |  99.9   n/a   1   27   910k    4   13  76%  81.9M    n/a  n/a
   1   4d |   7 1.0   14   6.9M   75  409  84%    10M |  99.9   n/a   1   27  1.13M    5   11  68%  81.9M    n/a  n/a
   1   4e |   7 1.0   14   6.5M   82  453  84%    10M |  99.9   n/a   1   27  1.58M    7   12  63%  81.9M    n/a  n/a
   1   4f |   7 1.0   14   6.6M   75  437  85%    10M |  99.9   n/a   1   27   889k    4    9  69%  81.9M    n/a  n/a
   1   50 |   7 1.0   14   6.6M   83  416  83%    10M |  99.9   n/a   1   27  1.12M    5   12  70%  81.9M    n/a  n/a
   1   51 |   7 1.0   14   6.6M   76  414  84%    10M |  99.9   n/a   1   27  1.35M    6   12  66%  81.9M    n/a  n/a
   1   52 |   7 1.0   14   6.9M   82  429  83%    10M |  99.9   n/a   1   27  1.11M    5   11  68%  81.9M    n/a  n/a
   1   53 |   7 1.0    0      0    0    0   0%    10M |   n/a   n/a   1    0      0    0    0   0%  81.9M    n/a  n/a
   2   54 |   7 1.0   19   7.9M  178  602  77%    10M |  99.9   n/a   1   27   654k    9   17  65%  81.9M    n/a  n/a
   2   55 |   7 1.0   19   8.2M  170  540  76%    10M |  99.9   n/a   1   27   948k   13   16  55%  81.9M    n/a  n/a
   2   56 |   7 1.0   19   8.3M  180  516  74%    10M |  99.9   n/a   1   27  1.24M   15   17  53%  81.9M    n/a  n/a
   2   57 |   7 1.0   19   8.1M  169  536  76%    10M |  99.9   n/a   1   27  1.20M   14   15  51%  81.9M    n/a  n/a
   2   58 |   7 1.0   19   7.9M  177  581  76%    10M |  99.9   n/a   1   27  1.01M   13   15  53%  81.9M    n/a  n/a
   2   59 |   7 1.0   19   8.1M  181  530  74%    10M |  99.9   n/a   1   27   856k   11   17  60%  81.9M    n/a  n/a
   2   5a |   7 1.0   19   7.8M  181  560  75%    10M |  99.9   n/a   1   27  1.26M   16   15  48%  81.9M    n/a  n/a
   2   5b |   7 1.0   19   8.1M  174  563  76%    10M |  99.9   n/a   1   27   980k   12   16  57%  81.9M    n/a  n/a

          |--------------------DL---------------------|-------------------------------UL-----------------------------
 pci rnti | cqi  ri  mcs  brate   ok  nok  (%)  dl_bs | pusch  rsrp  ri  mcs  brate   ok  nok  (%)    bsr     ta  phr
   3   5c |   7 1.0   14   8.9M   90  472  83%    10M |  99.9   n/a   1   27  1.52M    6   10  62%  81.9M    n/a  n/a
   3   5d |   7 1.0   14   8.8M   82  418  83%    10M |  99.9   n/a   1   27  2.28M    9   12  57%  81.9M    n/a  n/a
   3   5e |   7 1.0   14   9.2M   88  380  81%    10M |  99.9   n/a   1   27  2.32M    9   11  55%  81.9M    n/a  n/a
   3   5f |   7 1.0   14   8.7M   86  391  81%    10M |  99.9   n/a   1   27  2.30M    9   11  55%  81.9M    n/a  n/a
   3   60 |   7 1.0   14   8.9M   87  430  83%    10M |  99.9   n/a   1   27  2.52M   10   11  52%  81.9M    n/a  n/a
   3   61 |   7 1.0   14   8.8M   82  393  82%    10M |  99.9   n/a   1   27  1.75M    7   13  65%  81.9M    n/a  n/a
   3   62 |   7 1.0   14   8.7M   81  450  84%    10M |  99.9   n/a   1   27  2.52M   10   12  54%  81.9M    n/a  n/a
   3   63 |   7 1.0    0      0    0    0   0%    10M |   n/a   n/a   1    0      0    0    0   0%  81.9M    n/a  n/a
   0   44 |   7 1.0   19    11M  181  480  72%    10M |  99.9   n/a   1   27  1.64M   18   21  53%  81.9M    n/a  n/a
   0   45 |   7 1.0   18    10M  180  488  73%    10M |  99.9   n/a   1   27  1.26M   14   24  63%  81.9M    n/a  n/a
   0   46 |   7 1.0   18    10M  181  524  74%    10M |  99.9   n/a   1   27  1.56M   17   22  56%  81.9M    n/a  n/a
   0   47 |   7 1.0   18    10M  182  533  74%    10M |  99.9   n/a   1   27  1.40M   15   20  57%  81.9M    n/a  n/a
   0   48 |   7 1.0   18    10M  182  489  72%    10M |  99.9   n/a   1   27  1.82M   19   24  55%  81.9M    n/a  n/a
   0   49 |   7 1.0   18    10M  186  495  72%    10M |  99.9   n/a   1   27  1.58M   17   25  59%  81.9M    n/a  n/a
   0   4a |   7 1.0   18    10M  185  563  75%    10M |  99.9   n/a   1   27  1.38M   14   25  64%  81.9M    n/a  n/a
   0   4b |   7 1.0   18    10M  181  458  71%    10M |  99.9   n/a   1   27  1.72M   16   23  58%  81.9M    n/a  n/a
   1   4c |   7 1.0   14   9.1M   98  275  73%    10M |  99.9   n/a   1   27   685k    3   13  81%  81.9M    n/a  n/a
   1   4d |   7 1.0   14   9.1M   93  337  78%    10M |  99.9   n/a   1   27  2.51M   11   11  50%  81.9M    n/a  n/a
   1   4e |   7 1.0   14   8.4M   84  322  79%    10M |  99.9   n/a   1   27  2.94M   13    9  40%  81.9M    n/a  n/a
   1   4f |   7 1.0   14   9.0M   94  331  77%    10M |  99.9   n/a   1   27  2.05M    9    9  50%  81.9M    n/a  n/a
   1   50 |   7 1.0   14   9.0M   95  341  78%    10M |  99.9   n/a   1   27  2.03M    9    8  47%  81.9M    n/a  n/a
   1   51 |   7 1.0   14   9.1M   96  306  76%    10M |  99.9   n/a   1   27  1.13M    5   11  68%  81.9M    n/a  n/a
   1   52 |   7 1.0   14   9.0M   95  283  74%    10M |  99.9   n/a   1   27  1.82M    8   12  60%  81.9M    n/a  n/a
   1   53 |   7 1.0    0      0    0    0   0%    10M |   n/a   n/a   1    0      0    0    0   0%  81.9M    n/a  n/a
   2   54 |   7 1.0   19   8.8M  197  554  73%    10M |  99.9   n/a   1   27  1.41M   19   21  52%  81.9M    n/a  n/a
   2   55 |   7 1.0   19   8.7M  189  582  75%    10M |  99.9   n/a   1   27  1.24M   18   24  57%  81.9M    n/a  n/a
   2   56 |   7 1.0   19   8.4M  193  614  76%    10M |  99.9   n/a   1   27  1.45M   19   23  54%  81.9M    n/a  n/a
   2   57 |   7 1.0   19   8.6M  178  582  76%    10M |  99.9   n/a   1   27  1.40M   19   21  52%  81.9M    n/a  n/a
   2   58 |   7 1.0   19   8.6M  187  586  75%    10M |  99.9   n/a   1   27  1.46M   18   21  53%  81.9M    n/a  n/a
   2   59 |   7 1.0   19   8.8M  191  510  72%    10M |  99.9   n/a   1   27  1.24M   16   24  60%  81.9M    n/a  n/a
   2   5a |   7 1.0   19   8.8M  200  571  74%    10M |  99.9   n/a   1   27  1.13M   17   24  58%  81.9M    n/a  n/a
   2   5b |   7 1.0   19   8.8M  190  519  73%    10M |  99.9   n/a   1   27  1.23M   16   23  58%  81.9M    n/a  n/a
   3   5c |   7 1.0   14   8.5M   92  392  80%    10M |  99.9   n/a   1   27  1.54M    6   11  64%  81.9M    n/a  n/a
   3   5d |   7 1.0   15   8.3M   81  381  82%    10M |  99.9   n/a   1   27  1.76M    7   13  65%  81.9M    n/a  n/a
   3   5e |   7 1.0   14   8.6M   89  398  81%    10M |  99.9   n/a   1   27   750k    3   12  80%  81.9M    n/a  n/a
   3   5f |   7 1.0   15   8.1M   82  365  81%    10M |  99.9   n/a   1   27  1.52M    6   11  64%  81.9M    n/a  n/a
   3   60 |   7 1.0   14   8.3M   84  379  81%    10M |  99.9   n/a   1   27   762k    3   10  76%  81.9M    n/a  n/a
   3   61 |   7 1.0   14   8.1M   82  366  81%    10M |  99.9   n/a   1   27  2.04M    8   13  61%  81.9M    n/a  n/a
   3   62 |   7 1.0   14   8.6M   87  324  78%    10M |  99.9   n/a   1   27  1.53M    6   10  62%  81.9M    n/a  n/a
   3   63 |   7 1.0    0      0    0    0   0%    10M |   n/a   n/a   1    0      0    0    0   0%  81.9M    n/a  n/a
   0   44 |   7 1.0   19   8.2M  158  574  78%    10M |  99.9   n/a   1   27  1.42M   14   22  61%  81.9M    n/a  n/a
   0   45 |   7 1.0   19   8.1M  138  597  81%    10M |  99.9   n/a   1   27  1.07M   11   24  68%  81.9M    n/a  n/a
   0   46 |   7 1.0   19   8.5M  148  614  80%    10M |  99.9   n/a   1   27  1.02M    9   23  71%  81.9M    n/a  n/a
   0   47 |   7 1.0   19   8.1M  141  586  80%    10M |  99.9   n/a   1   27  1.52M   16   20  55%  81.9M    n/a  n/a
   0   48 |   7 1.0   19   8.5M  150  583  79%    10M |  99.9   n/a   1   27  1.19M   12   21  63%  81.9M    n/a  n/a
   0   49 |   7 1.0   19   7.9M  135  554  80%    10M |  99.9   n/a   1   27  1.12M   12   22  64%  81.9M    n/a  n/a
   0   4a |   7 1.0   19   8.1M  136  615  81%    10M |  99.9   n/a   1   27  1.10M   11   23  67%  81.9M    n/a  n/a
   0   4b |   7 1.0   19   8.0M  136  543  79%    10M |  99.9   n/a   1   27  1.11M   10   23  69%  81.9M    n/a  n/a
   1   4c |   7 1.0   15   7.9M   88  363  80%    10M |  99.9   n/a   1   27   676k    3    7  70%  81.9M    n/a  n/a
   1   4d |   7 1.0   15   8.5M   91  402  81%    10M |  99.9   n/a   1   27  1.82M    8   11  57%  81.9M    n/a  n/a
   1   4e |   7 1.0   14   8.0M   88  363  80%    10M |  99.9   n/a   1   27   910k    4    9  69%  81.9M    n/a  n/a
   1   4f |   7 1.0   15   7.9M   86  355  80%    10M |  99.9   n/a   1   27   447k    2    7  77%  81.9M    n/a  n/a
   1   50 |   7 1.0   15   8.3M   89  335  79%    10M |  99.9   n/a   1   27  1.82M    8   12  60%  81.9M    n/a  n/a
   1   51 |   7 1.0   15   8.1M   89  374  80%    10M |  99.9   n/a   1   27  1.35M    6   11  64%  81.9M    n/a  n/a
   1   52 |   7 1.0   15   7.9M   78  412  84%    10M |  99.9   n/a   1   27  2.27M   10   11  52%  81.9M    n/a  n/a
   1   53 |   7 1.0    0      0    0    0   0%    10M |   n/a   n/a   1    0      0    0    0   0%  81.9M    n/a  n/a
   2   54 |   7 1.0   19   7.3M  164  628  79%    10M |  99.9   n/a   1   27   703k    9   24  72%  81.9M    n/a  n/a
   2   55 |   7 1.0   19   7.6M  167  556  76%    10M |  99.9   n/a   1   27   469k    6   26  81%  81.9M    n/a  n/a
   2   56 |   7 1.0   19   7.7M  171  612  78%    10M |  99.9   n/a   1   27   802k   10   21  67%  81.9M    n/a  n/a
   2   57 |   7 1.0   19   7.7M  162  589  78%    10M |  99.9   n/a   1   27   935k   12   23  65%  81.9M    n/a  n/a
   2   58 |   7 1.0   19   7.4M  168  603  78%    10M |  99.9   n/a   1   27   834k   11   26  70%  81.9M    n/a  n/a
   2   59 |   7 1.0   19   7.4M  154  558  78%    10M |  99.9   n/a   1   27   675k    9   22  70%  81.9M    n/a  n/a
   2   5a |   7 1.0   19   8.1M  187  522  73%    10M |  99.9   n/a   1   27   679k    9   21  70%  81.9M    n/a  n/a
   2   5b |   7 1.0   19   7.5M  170  560  76%    10M |  99.9   n/a   1   27   919k   12   25  67%  81.9M    n/a  n/a
   3   5c |   7 1.0   15   8.6M   82  402  83%    10M |  99.9   n/a   1   27   763k    3   11  78%  81.9M    n/a  n/a
   3   5d |   7 1.0   15   8.4M   75  422  84%    10M |  99.9   n/a   1   27  1.76M    7   10  58%  81.9M    n/a  n/a
   3   5e |   7 1.0   15   8.2M   76  395  83%    10M |  99.9   n/a   1   27  1.26M    5   11  68%  81.9M    n/a  n/a
   3   5f |   7 1.0   15   8.5M   73  382  83%    10M |  99.9   n/a   1   27   771k    3   10  76%  81.9M    n/a  n/a
   3   60 |   7 1.0   15   8.2M   78  371  82%    10M |  99.9   n/a   1   27  1.01M    4   11  73%  81.9M    n/a  n/a
   3   61 |   7 1.0   15   8.6M   73  434  85%    10M |  99.9   n/a   1   27  1.02M    4   10  71%  81.9M    n/a  n/a
   3   62 |   7 1.0   15   8.0M   71  357  83%    10M |  99.9   n/a   1   27  1.00M    4    8  66%  81.9M    n/a  n/a
   3   63 |   7 1.0    0      0    0    0   0%    10M |   n/a   n/a   1    0      0    0    0   0%  81.9M    n/a  n/a
   0   44 |   7 1.0   19    10M  179  465  72%    10M |  99.9   n/a   1   27  1.11M   10   24  70%  81.9M    n/a  n/a
   0   45 |   7 1.0   19   9.8M  170  494  74%    10M |  99.9   n/a   1   27  1.10M   11   20  64%  81.9M    n/a  n/a
   0   46 |   7 1.0   19   9.4M  158  569  78%    10M |  99.9   n/a   1   27   955k   10   22  68%  81.9M    n/a  n/a
   0   47 |   7 1.0   19    10M  168  456  73%    10M |  99.9   n/a   1   27  1.87M   18   19  51%  81.9M    n/a  n/a
   0   48 |   7 1.0   19   9.8M  168  521  75%    10M |  99.9   n/a   1   27   988k    9   19  67%  81.9M    n/a  n/a
   0   49 |   7 1.0   19   9.7M  163  505  75%    10M |  99.9   n/a   1   27  1.65M   17   19  52%  81.9M    n/a  n/a
   0   4a |   7 1.0   19   9.4M  165  565  77%    10M |  99.9   n/a   1   27   918k    9   25  73%  81.9M    n/a  n/a
   0   4b |   7 1.0   19   9.9M  156  512  76%    10M |  99.9   n/a   1   27  1.01M   10   23  69%  81.9M    n/a  n/a
   1   4c |   7 1.0   15   8.2M   83  386  82%    10M |  99.9   n/a   1   27   926k    4   12  75%  81.9M    n/a  n/a
   1   4d |   7 1.0   15   8.1M   82  337  80%    10M |  99.9   n/a   1   27  1.14M    5   13  72%  81.9M    n/a  n/a
   1   4e |   7 1.0   15   8.2M   89  368  80%    10M |  99.9   n/a   1   27  1.37M    6   13  68%  81.9M    n/a  n/a
   1   4f |   7 1.0   15   8.1M   91  391  81%    10M |  99.9   n/a   1   27  1.83M    8   12  60%  81.9M    n/a  n/a
   1   50 |   7 1.0   15   8.4M  100  397  79%    10M |  99.9   n/a   1   27  1.81M    8    9  52%  81.9M    n/a  n/a
   1   51 |   7 1.0   15   8.2M   86  353  80%    10M |  99.9   n/a   1   27  1.35M    6   12  66%  81.9M    n/a  n/a
   1   52 |   7 1.0   15   8.3M   79  331  80%    10M |  99.9   n/a   1   27  1.12M    5    8  61%  81.9M    n/a  n/a
   1   53 |   7 1.0    0      0    0    0   0%    10M |   n/a   n/a   1    0      0    0    0   0%  81.9M    n/a  n/a

          |--------------------DL---------------------|-------------------------------UL-----------------------------
 pci rnti | cqi  ri  mcs  brate   ok  nok  (%)  dl_bs | pusch  rsrp  ri  mcs  brate   ok  nok  (%)    bsr     ta  phr
   2   54 |   7 1.0   19   7.2M  159  625  79%    10M |  99.9   n/a   1   27   594k    8   22  73%  81.9M    n/a  n/a
   2   55 |   7 1.0   19   7.2M  152  599  79%    10M |  99.9   n/a   1   27   638k    9   20  68%  81.9M    n/a  n/a
   2   56 |   7 1.0   19   7.5M  168  568  77%    10M |  99.9   n/a   1   27   788k   10   23  69%  81.9M    n/a  n/a
   2   57 |   7 1.0   19   7.2M  165  541  76%    10M |  99.9   n/a   1   27   710k   10   21  67%  81.9M    n/a  n/a
   2   58 |   7 1.0   19   7.3M  168  562  76%    10M |  99.9   n/a   1   27   707k   10   24  70%  81.9M    n/a  n/a
   2   59 |   7 1.0   19   7.3M  152  563  78%    10M |  99.9   n/a   1   27   677k    9   24  72%  81.9M    n/a  n/a
   2   5a |   7 1.0   19   7.5M  170  577  77%    10M |  99.9   n/a   1   27   863k   11   23  67%  81.9M    n/a  n/a
   2   5b |   7 1.0   19   7.1M  150  581  79%    10M |  99.9   n/a   1   27   725k   10   23  69%  81.9M    n/a  n/a
   3   5c |   7 1.0   15    11M  102  282  73%    10M |  99.9   n/a   1   27  3.28M   13   11  45%  81.9M    n/a  n/a
   3   5d |   7 1.0   15    11M   99  310  75%    10M |  99.9   n/a   1   27  3.04M   12   10  45%  81.9M    n/a  n/a
   3   5e |   7 1.0   15    11M   98  290  74%    10M |  99.9   n/a   1   27  2.81M   11   12  52%  81.9M    n/a  n/a
   3   5f |   7 1.0   15    11M  104  351  77%    10M |  99.9   n/a   1   27  2.30M    9   10  52%  81.9M    n/a  n/a
   3   60 |   7 1.0   15    11M   99  285  74%    10M |  99.9   n/a   1   27  3.28M   13   11  45%  81.9M    n/a  n/a
   3   61 |   7 1.0   15    10M  101  371  78%    10M |  99.9   n/a   1   27  3.03M   12   11  47%  81.9M    n/a  n/a
   3   62 |   7 1.0   15    11M   89  318  78%    10M |  99.9   n/a   1   27  2.53M   10   11  52%  81.9M    n/a  n/a
   3   63 |   7 1.0    0      0    0    0   0%    10M |   n/a   n/a   1    0      0    0    0   0%  81.9M    n/a  n/a
   0   44 |   7 1.0   19    10M  176  562  76%    10M |  99.9   n/a   1   27  1.68M   16   23  58%  81.9M    n/a  n/a
   0   45 |   7 1.0   19    10M  172  505  74%    10M |  99.9   n/a   1   27  1.64M   16   23  58%  81.9M    n/a  n/a
   0   46 |   7 1.0   19    11M  190  562  74%    10M |  99.9   n/a   1   27   902k   10   21  67%  81.9M    n/a  n/a
   0   47 |   7 1.0   19    10M  166  516  75%    10M |  99.9   n/a   1   27  1.27M   13   18  58%  81.9M    n/a  n/a
   0   48 |   7 1.0   19    10M  188  548  74%    10M |  99.9   n/a   1   27   963k    9   22  70%  81.9M    n/a  n/a
   0   49 |   7 1.0   19    11M  180  451  71%    10M |  99.9   n/a   1   27   959k    9   22  70%  81.9M    n/a  n/a
   0   4a |   7 1.0   19    11M  186  491  72%    10M |  99.9   n/a   1   27  1.60M   15   19  55%  81.9M    n/a  n/a
   0   4b |   7 1.0   19    10M  173  496  74%    10M |  99.9   n/a   1   27  1.50M   14   17  54%  81.9M    n/a  n/a
   1   4c |   7 1.0   15   7.8M   81  363  81%    10M |  99.9   n/a   1   27  1.14M    5   15  75%  81.9M    n/a  n/a
   1   4d |   7 1.0   15   7.5M   79  342  81%    10M |  99.9   n/a   1   27  1.13M    5   14  73%  81.9M    n/a  n/a
   1   4e |   7 1.0   15   7.4M   76  367  82%    10M |  99.9   n/a   1   27  1.58M    7   15  68%  81.9M    n/a  n/a
   1   4f |   7 1.0   15   7.7M   80  307  79%    10M |  99.9   n/a   1   27   685k    3   12  80%  81.9M    n/a  n/a
   1   50 |   7 1.0   15   8.1M   95  389  80%    10M |  99.9   n/a   1   27   447k    2   15  88%  81.9M    n/a  n/a
   1   51 |   7 1.0   15   7.9M   83  295  78%    10M |  99.9   n/a   1   27   898k    4   16  80%  81.9M    n/a  n/a
   1   52 |   7 1.0   15   7.6M   75  364  82%    10M |  99.9   n/a   1   27  1.11M    5   13  72%  81.9M    n/a  n/a
   1   53 |   7 1.0    0      0    0    0   0%    10M |   n/a   n/a   1    0      0    0    0   0%  81.9M    n/a  n/a
   2   54 |   7 1.0   19   6.7M  162  619  79%    10M |  99.9   n/a   1   27   513k    7   22  75%  81.9M    n/a  n/a
   2   55 |   7 1.0   19   6.9M  142  578  80%    10M |  99.9   n/a   1   27   896k   10   22  68%  81.9M    n/a  n/a
   2   56 |   7 1.0   19   6.5M  156  652  80%    10M |  99.9   n/a   1   27   724k    9   23  71%  81.9M    n/a  n/a
   2   57 |   7 1.0   19   6.7M  141  582  80%    10M |  99.9   n/a   1   27   630k    8   23  74%  81.9M    n/a  n/a
   2   58 |   7 1.0   19   6.9M  153  611  79%    10M |  99.9   n/a   1   27   496k    6   22  78%  81.9M    n/a  n/a
   2   59 |   7 1.0   19   6.8M  144  594  80%    10M |  99.9   n/a   1   27   255k    4   24  85%  81.9M    n/a  n/a
   2   5a |   7 1.0   19   6.9M  157  613  79%    10M |  99.9   n/a   1   27   831k   10   21  67%  81.9M    n/a  n/a
   2   5b |   7 1.0   19   6.7M  141  543  79%    10M |  99.9   n/a   1   27   570k    7   24  77%  81.9M    n/a  n/a
   3   5c |   7 1.0   15    11M   97  244  71%    10M |  99.9   n/a   1   27  2.29M    9   11  55%  81.9M    n/a  n/a
   3   5d |   7 1.0   15    11M   99  303  75%    10M |  99.9   n/a   1   27  2.03M    8   15  65%  81.9M    n/a  n/a
   3   5e |   7 1.0   15    10M   95  266  73%    10M |  99.9   n/a   1   27  2.02M    8   13  61%  81.9M    n/a  n/a
   3   5f |   7 1.0   15    11M  100  273  73%    10M |  99.9   n/a   1   27  2.54M   10   11  52%  81.9M    n/a  n/a
   3   60 |   7 1.0   15    11M  102  231  69%    10M |  99.9   n/a   1   27  1.25M    5   11  68%  81.9M    n/a  n/a
   3   61 |   7 1.0   15    10M   96  244  71%    10M |  99.9   n/a   1   27  1.75M    7   10  58%  81.9M    n/a  n/a
   3   62 |   7 1.0   15    10M   95  269  73%    10M |  99.9   n/a   1   27  2.28M    9   13  59%  81.9M    n/a  n/a
   3   63 |   7 1.0    0      0    0    0   0%    10M |   n/a   n/a   1    0      0    0    0   0%  81.9M    n/a  n/a
   0   44 |   7 1.0   19    11M  194  493  71%    10M |  99.9   n/a   1   27  1.75M   17   23  57%  81.9M    n/a  n/a
   0   45 |   7 1.0   19    11M  176  524  74%    10M |  99.9   n/a   1   27  1.84M   17   19  52%  81.9M    n/a  n/a
   0   46 |   7 1.0   19    11M  197  487  71%    10M |  99.9   n/a   1   27  1.94M   18   23  56%  81.9M    n/a  n/a
   0   47 |   7 1.0   19    11M  182  506  73%    10M |  99.9   n/a   1   27  1.63M   17   19  52%  81.9M    n/a  n/a
   0   48 |   7 1.0   19    11M  193  452  70%    10M |  99.9   n/a   1   27  1.98M   20   23  53%  81.9M    n/a  n/a
   0   49 |   7 1.0   19    11M  185  512  73%    10M |  99.9   n/a   1   27  1.54M   15   20  57%  81.9M    n/a  n/a
   0   4a |   7 1.0   19    11M  184  519  73%    10M |  99.9   n/a   1   27  2.06M   21   22  51%  81.9M    n/a  n/a
   0   4b |   7 1.0   19    11M  185  505  73%    10M |  99.9   n/a   1   27  1.61M   17   23  57%  81.9M    n/a  n/a
   1   4c |   7 1.0   15   9.3M   98  375  79%    10M |  99.9   n/a   1   27  1.58M    7   11  61%  81.9M    n/a  n/a
   1   4d |   7 1.0   15   9.6M   99  336  77%    10M |  99.9   n/a   1   27  1.35M    6   11  64%  81.9M    n/a  n/a
   1   4e |   7 1.0   15   9.3M  100  325  76%    10M |  99.9   n/a   1   27  1.58M    7   11  61%  81.9M    n/a  n/a
   1   4f |   7 1.0   15   9.6M  107  334  75%    10M |  99.9   n/a   1   27  1.13M    5   12  70%  81.9M    n/a  n/a
   1   50 |   7 1.0   15   9.6M  105  326  75%    10M |  99.9   n/a   1   27  1.79M    8   12  60%  81.9M    n/a  n/a
   1   51 |   7 1.0   15   9.4M  108  380  77%    10M |  99.9   n/a   1   27  1.58M    7   12  63%  81.9M    n/a  n/a
   1   52 |   7 1.0   15   9.4M   98  334  77%    10M |  99.9   n/a   1   27  1.82M    8   11  57%  81.9M    n/a  n/a
   1   53 |   7 1.0    0      0    0    0   0%    10M |   n/a   n/a   1    0      0    0    0   0%  81.9M    n/a  n/a
   2   54 |   7 1.0   19   8.2M  184  541  74%    10M |  99.9   n/a   1   27   936k   11   30  73%  81.9M    n/a  n/a
   2   55 |   7 1.0   19   8.1M  176  574  76%    10M |  99.9   n/a   1   27   892k   12   30  71%  81.9M    n/a  n/a
   2   56 |   7 1.0   19   7.7M  173  605  77%    10M |  99.9   n/a   1   27   930k   11   26  70%  81.9M    n/a  n/a
   2   57 |   7 1.0   19   7.9M  168  470  73%    10M |  99.9   n/a   1   27   976k   13   31  70%  81.9M    n/a  n/a
   2   58 |   7 1.0   19   7.6M  168  562  76%    10M |  99.9   n/a   1   27   977k   13   31  70%  81.9M    n/a  n/a
   2   59 |   7 1.0   19   8.1M  168  543  76%    10M |  99.9   n/a   1   27  1.04M   14   30  68%  81.9M    n/a  n/a
   2   5a |   7 1.0   19   7.9M  184  537  74%    10M |  99.9   n/a   1   27  1.15M   14   29  67%  81.9M    n/a  n/a
   2   5b |   7 1.0   19   8.1M  178  564  76%    10M |  99.9   n/a   1   27   946k   13   30  69%  81.9M    n/a  n/a
   3   5c |   7 1.0   15    10M   87  225  72%    10M |  99.9   n/a   1   27  2.78M   11    9  45%  81.9M    n/a  n/a
   3   5d |   7 1.0   15    11M   97  216  69%    10M |  99.9   n/a   1   27   500k    2   10  83%  81.9M    n/a  n/a
   3   5e |   7 1.0   15    11M   99  195  66%    10M |  99.9   n/a   1   27  2.52M   10   11  52%  81.9M    n/a  n/a
   3   5f |   7 1.0   15    11M  104  246  70%    10M |  99.9   n/a   1   27  2.51M   10   18  64%  81.9M    n/a  n/a
   3   60 |   7 1.0   15    10M  108  206  65%    10M |  99.9   n/a   1   27   758k    3   13  81%  81.9M    n/a  n/a
   3   61 |   7 1.0   15    11M  111  217  66%    10M |  99.9   n/a   1   27  2.78M   11   10  47%  81.9M    n/a  n/a
   3   62 |   7 1.0   15   9.7M   89  260  74%    10M |  99.9   n/a   1   27   258k    1   10  90%  81.9M    n/a  n/a
   3   63 |   7 1.0    0      0    0    0   0%    10M |   n/a   n/a   1    0      0    0    0   0%  81.9M    n/a  n/a
   0   44 |   7 1.0   19   9.2M  154  625  80%    10M |  99.9   n/a   1   27  1.45M   14   24  63%  81.9M    n/a  n/a
   0   45 |   7 1.0   19   9.3M  161  553  77%    10M |  99.9   n/a   1   27  1.38M   13   27  67%  81.9M    n/a  n/a
   0   46 |   7 1.0   19   9.2M  162  587  78%    10M |  99.9   n/a   1   27  1.40M   13   28  68%  81.9M    n/a  n/a
   0   47 |   7 1.0   19   9.3M  150  556  78%    10M |  99.9   n/a   1   27  1.55M   16   23  58%  81.9M    n/a  n/a
   0   48 |   7 1.0   19    10M  168  549  76%    10M |  99.9   n/a   1   27  1.45M   15   23  60%  81.9M    n/a  n/a
   0   49 |   7 1.0   19   9.5M  151  504  76%    10M |  99.9   n/a   1   27  1.53M   15   24  61%  81.9M    n/a  n/a
   0   4a |   7 1.0   19   9.5M  167  530  76%    10M |  99.9   n/a   1   27   922k    9   31  77%  81.9M    n/a  n/a
   0   4b |   7 1.0   19   9.3M  151  546  78%    10M |  99.9   n/a   1   27   875k    9   28  75%  81.9M    n/a  n/a

          |--------------------DL---------------------|-------------------------------UL-----------------------------
 pci rnti | cqi  ri  mcs  brate   ok  nok  (%)  dl_bs | pusch  rsrp  ri  mcs  brate   ok  nok  (%)    bsr     ta  phr
   1   4c |   7 1.0   15   8.4M   94  350  78%    10M |  99.9   n/a   1   27   898k    4   10  71%  81.9M    n/a  n/a
   1   4d |   7 1.0   15   8.1M   75  356  82%    10M |  99.9   n/a   1   27   234k    1   11  91%  81.9M    n/a  n/a
   1   4e |   7 1.0   15   8.0M   75  397  84%    10M |  99.9   n/a   1   27  1.14M    5   10  66%  81.9M    n/a  n/a
   1   4f |   7 1.0   15   8.0M   80  381  82%    10M |  99.9   n/a   1   27  1.15M    5   12  70%  81.9M    n/a  n/a
   1   50 |   7 1.0   15   8.1M   89  397  81%    10M |  99.9   n/a   1   27  1.36M    6   13  68%  81.9M    n/a  n/a
   1   51 |   7 1.0   15   7.9M   87  372  81%    10M |  99.9   n/a   1   27  1.34M    6   12  66%  81.9M    n/a  n/a
   1   52 |   7 1.0   15   8.4M   83  398  82%    10M |  99.9   n/a   1   27  1.59M    7   12  63%  81.9M    n/a  n/a
   1   53 |   7 1.0    0      0    0    0   0%    10M |   n/a   n/a   1    0      0    0    0   0%  81.9M    n/a  n/a
   2   54 |   7 1.0   19   8.1M  191  559  74%    10M |  99.9   n/a   1   27   882k   11   27  71%  81.9M    n/a  n/a
   2   55 |   7 1.0   19   8.1M  173  559  76%    10M |  99.9   n/a   1   27   818k   10   22  68%  81.9M    n/a  n/a
   2   56 |   7 1.0   19   8.0M  171  577  77%    10M |  99.9   n/a   1   27   920k   11   25  69%  81.9M    n/a  n/a
   2   57 |   7 1.0   19   8.2M  174  512  74%    10M |  99.9   n/a   1   27   994k   12   25  67%  81.9M    n/a  n/a
   2   58 |   7 1.0   19   8.3M  191  589  75%    10M |  99.9   n/a   1   27  1.20M   14   24  63%  81.9M    n/a  n/a
   2   59 |   7 1.0   19   8.3M  167  548  76%    10M |  99.9   n/a   1   27   992k   13   23  63%  81.9M    n/a  n/a
   2   5a |   7 1.0   19   8.2M  188  583  75%    10M |  99.9   n/a   1   27  1.16M   14   21  60%  81.9M    n/a  n/a
   2   5b |   7 1.0   19   8.0M  171  532  75%    10M |  99.9   n/a   1   27   936k   10   23  69%  81.9M    n/a  n/a
   3   5c |   7 1.0   15   9.6M  103  185  64%    10M |  99.9   n/a   1   27  2.05M    8   17  68%  81.9M    n/a  n/a
   3   5d |   7 1.0   15   9.7M   97  234  70%    10M |  99.9   n/a   1   27  1.26M    5   10  66%  81.9M    n/a  n/a
   3   5e |   7 1.0   15   8.8M   88  244  73%    10M |  99.9   n/a   1   27   250k    1   10  90%  81.9M    n/a  n/a
   3   5f |   7 1.0   15   9.8M   97  238  71%    10M |  99.9   n/a   1   27   758k    3    8  72%  81.9M    n/a  n/a
   3   60 |   7 1.0   15   9.1M   79  228  74%    10M |  99.9   n/a   1   27  1.76M    7    8  53%  81.9M    n/a  n/a
   3   61 |   7 1.0   15   8.5M   85  235  73%    10M |  99.9   n/a   1   27  2.03M    8   11  57%  81.9M    n/a  n/a
   3   62 |   7 1.0   15   9.1M   91  235  72%    10M |  99.9   n/a   1   27  2.28M    9   16  64%  81.9M    n/a  n/a
   3   63 |   7 1.0    0      0    0    0   0%    10M |   n/a   n/a   1    0      0    0    0   0%  81.9M    n/a  n/a
   0   44 |   7 1.0   19   9.6M  173  544  75%    10M |  99.9   n/a   1   27  1.53M   15   21  58%  81.9M    n/a  n/a
   0   45 |   7 1.0   19   9.7M  179  517  74%    10M |  99.9   n/a   1   27  1.69M   18   20  52%  81.9M    n/a  n/a
   0   46 |   7 1.0   19    10M  174  552  76%    10M |  99.9   n/a   1   27  1.23M   13   22  62%  81.9M    n/a  n/a
   0   47 |   7 1.0   19   9.8M  163  486  74%    10M |  99.9   n/a   1   27  1.22M   12   24  66%  81.9M    n/a  n/a
   0   48 |   7 1.0   19   9.3M  155  543  77%    10M |  99.9   n/a   1   27  1.22M   11   20  64%  81.9M    n/a  n/a
   0   49 |   7 1.0   19   9.9M  175  526  75%    10M |  99.9   n/a   1   27  1.40M   15   19  55%  81.9M    n/a  n/a
   0   4a |   7 1.0   19   9.6M  165  566  77%    10M |  99.9   n/a   1   27  1.06M   11   20  64%  81.9M    n/a  n/a
   0   4b |   7 1.0   19   9.7M  164  490  74%    10M |  99.9   n/a   1   27  1.98M   19   20  51%  81.9M    n/a  n/a
   1   4c |   7 1.0   15   8.3M   84  336  80%    10M |  99.9   n/a   1   27  1.57M    7   13  65%  81.9M    n/a  n/a
   1   4d |   7 1.0   15   8.3M   85  421  83%    10M |  99.9   n/a   1   27  1.13M    5   12  70%  81.9M    n/a  n/a
   1   4e |   7 1.0   15   8.5M   90  390  81%    10M |  99.9   n/a   1   27  1.36M    6   10  62%  81.9M    n/a  n/a
   1   4f |   7 1.0   15   8.2M   86  358  80%    10M |  99.9   n/a   1   27   467k    2   12  85%  81.9M    n/a  n/a
   1   50 |   7 1.0   15   8.1M   83  342  80%    10M |  99.9   n/a   1   27   684k    3   10  76%  81.9M    n/a  n/a
   1   51 |   7 1.0   15   8.4M   81  375  82%    10M |  99.9   n/a   1   27  1.57M    7   13  65%  81.9M    n/a  n/a
   1   52 |   7 1.0   15   8.0M   87  426  83%    10M |  99.9   n/a   1   27  1.14M    5   10  66%  81.9M    n/a  n/a
   1   53 |   7 1.0    0      0    0    0   0%    10M |   n/a   n/a   1    0      0    0    0   0%  81.9M    n/a  n/a
   2   54 |   7 1.0   19   8.9M  194  538  73%    10M |  99.9   n/a   1   27  1.21M   15   25  62%  81.9M    n/a  n/a
   2   55 |   7 1.0   19   8.5M  180  516  74%    10M |  99.9   n/a   1   27  1.27M   17   25  59%  81.9M    n/a  n/a
   2   56 |   7 1.0   19   8.4M  182  546  75%    10M |  99.9   n/a   1   27  1.35M   18   24  57%  81.9M    n/a  n/a
   2   57 |   7 1.0   19   8.7M  188  530  73%    10M |  99.9   n/a   1   27  1.16M   14   25  64%  81.9M    n/a  n/a
   2   58 |   7 1.0   19   8.6M  197  535  73%    10M |  99.9   n/a   1   27  1.18M   14   24  63%  81.9M    n/a  n/a
   2   59 |   7 1.0   19   8.9M  177  464  72%    10M |  99.9   n/a   1   27  1.20M   16   24  60%  81.9M    n/a  n/a
   2   5a |   7 1.0   19   8.6M  184  545  74%    10M |  99.9   n/a   1   27  1.19M   15   22  59%  81.9M    n/a  n/a
   2   5b |   7 1.0   19   8.7M  186  511  73%    10M |  99.9   n/a   1   27  1.26M   16   22  57%  81.9M    n/a  n/a
   3   5c |   7 1.0   15   9.3M   95  302  76%    10M |  99.9   n/a   1   27   254k    1   11  91%  81.9M    n/a  n/a
   3   5d |   7 1.0   16   9.6M   91  309  77%    10M |  99.9   n/a   1   27  1.77M    7   11  61%  81.9M    n/a  n/a
   3   5e |   7 1.0   15   9.4M   86  297  77%    10M |  99.9   n/a   1   27   508k    2   10  83%  81.9M    n/a  n/a
   3   5f |   7 1.0   16   9.2M   81  299  78%    10M |  99.9   n/a   1   27  1.00M    4    6  60%  81.9M    n/a  n/a
   3   60 |   7 1.0   15   9.6M   99  268  73%    10M |  99.9   n/a   1   27  1.52M    6   11  64%  81.9M    n/a  n/a
   3   61 |   7 1.0   16   8.9M   80  275  77%    10M |  99.9   n/a   1   27  1.03M    4   16  80%  81.9M    n/a  n/a
   3   62 |   7 1.0   15   8.3M   79  326  80%    10M |  99.9   n/a   1   27  2.79M   11   13  54%  81.9M    n/a  n/a
   3   63 |   7 1.0    0      0    0    0   0%    10M |   n/a   n/a   1    0      0    0    0   0%  81.9M    n/a  n/a
   0   44 |   7 1.0   19   9.7M  163  535  76%    10M |  99.9   n/a   1   27  1.69M   18   18  50%  81.9M    n/a  n/a
   0   45 |   7 1.0   19   9.1M  159  526  76%    10M |  99.9   n/a   1   27  1.42M   16   16  50%  81.9M    n/a  n/a
   0   46 |   7 1.0   19   9.7M  174  540  75%    10M |  99.9   n/a   1   27  1.39M   15   14  48%  81.9M    n/a  n/a
   0   47 |   7 1.0   19   9.4M  158  502  76%    10M |  99.9   n/a   1   27   809k    8   17  68%  81.9M    n/a  n/a
   0   48 |   7 1.0   19   9.2M  157  569  78%    10M |  99.9   n/a   1   27   738k    7   18  72%  81.9M    n/a  n/a
   0   49 |   7 1.0   19   9.5M  161  499  75%    10M |  99.9   n/a   1   27  1.16M   12   14  53%  81.9M    n/a  n/a
   0   4a |   7 1.0   19    10M  177  537  75%    10M |  99.9   n/a   1   27  1.04M   11   17  60%  81.9M    n/a  n/a
   0   4b |   7 1.0   19   9.3M  159  538  77%    10M |  99.9   n/a   1   27  1.10M   12   16  57%  81.9M    n/a  n/a
   1   4c |   7 1.0   15   6.6M   83  440  84%    10M |  99.9   n/a   1   27  1.59M    7   12  63%  81.9M    n/a  n/a
   1   4d |   7 1.0   15   6.4M   63  432  87%    10M |  99.9   n/a   1   27   918k    4   11  73%  81.9M    n/a  n/a
   1   4e |   7 1.0   15   6.1M   64  448  87%    10M |  99.9   n/a   1   27   914k    4   12  75%  81.9M    n/a  n/a
   1   4f |   7 1.0   15   6.5M   61  435  87%    10M |  99.9   n/a   1   27   893k    4   10  71%  81.9M    n/a  n/a
   1   50 |   7 1.0   16   6.8M   69  425  86%    10M |  99.9   n/a   1   27   898k    4   13  76%  81.9M    n/a  n/a
   1   51 |   7 1.0   16   6.8M   65  396  85%    10M |  99.9   n/a   1   27   885k    4   10  71%  81.9M    n/a  n/a
   1   52 |   7 1.0   15   6.3M   74  442  85%    10M |  99.9   n/a   1   27   898k    4   12  75%  81.9M    n/a  n/a
   1   53 |   7 1.0    0      0    0    0   0%    10M |   n/a   n/a   1    0      0    0    0   0%  81.9M    n/a  n/a
   2   54 |   7 1.0   19   6.8M  150  692  82%    10M |  99.9   n/a   1   27   778k    9   21  70%  81.9M    n/a  n/a
   2   55 |   7 1.0   19   7.0M  151  623  80%    10M |  99.9   n/a   1   27   595k    7   24  77%  81.9M    n/a  n/a
   2   56 |   7 1.0   19   7.1M  164  660  80%    10M |  99.9   n/a   1   27   632k    9   24  72%  81.9M    n/a  n/a
   2   57 |   7 1.0   19   7.0M  144  550  79%    10M |  99.9   n/a   1   27   453k    6   26  81%  81.9M    n/a  n/a
   2   58 |   7 1.0   19   7.1M  166  582  77%    10M |  99.9   n/a   1   27   736k    9   22  70%  81.9M    n/a  n/a
   2   59 |   7 1.0   19   6.9M  152  581  79%    10M |  99.9   n/a   1   27   729k    9   25  73%  81.9M    n/a  n/a
   2   5a |   7 1.0   19   7.2M  158  596  79%    10M |  99.9   n/a   1   27   741k   10   25  71%  81.9M    n/a  n/a
   2   5b |   7 1.0   19   7.3M  154  504  76%    10M |  99.9   n/a   1   27   843k   11   22  66%  81.9M    n/a  n/a
   3   5c |   7 1.0   16   8.8M   81  275  77%    10M |  99.9   n/a   1   27  1.28M    5   13  72%  81.9M    n/a  n/a
   3   5d |   7 1.0   16   9.1M   87  289  76%    10M |  99.9   n/a   1   27   250k    1   13  92%  81.9M    n/a  n/a
   3   5e |   7 1.0   16   9.1M   79  222  73%    10M |  99.9   n/a   1   27  1.52M    6   10  62%  81.9M    n/a  n/a
   3   5f |   7 1.0   16   9.3M   80  283  77%    10M |  99.9   n/a   1   27  1.01M    4   15  78%  81.9M    n/a  n/a
   3   60 |   7 1.0   16   9.1M   84  300  78%    10M |  99.9   n/a   1   27  1.25M    5    9  64%  81.9M    n/a  n/a
   3   61 |   7 1.0   16   9.0M   87  278  76%    10M |  99.9   n/a   1   27  1.50M    6    9  60%  81.9M    n/a  n/a
   3   62 |   7 1.0   15   9.5M   89  252  73%    10M |  99.9   n/a   1   27  1.53M    6    9  60%  81.9M    n/a  n/a
   3   63 |   7 1.0    0      0    0    0   0%    10M |   n/a   n/a   1    0      0    0    0   0%  81.9M    n/a  n/a

          |--------------------DL---------------------|-------------------------------UL-----------------------------
 pci rnti | cqi  ri  mcs  brate   ok  nok  (%)  dl_bs | pusch  rsrp  ri  mcs  brate   ok  nok  (%)    bsr     ta  phr
   0   44 |   7 1.0   19   9.7M  172  541  75%    10M |  99.9   n/a   1   27  2.05M   19   26  57%  81.9M    n/a  n/a
   0   45 |   7 1.0   19   9.6M  156  504  76%    10M |  99.9   n/a   1   27  1.02M   10   23  69%  81.9M    n/a  n/a
   0   46 |   7 1.0   19   9.8M  170  536  75%    10M |  99.9   n/a   1   27  1.00M   10   19  65%  81.9M    n/a  n/a
   0   47 |   7 1.0   19   9.8M  160  468  74%    10M |  99.9   n/a   1   27  1.48M   15   19  55%  81.9M    n/a  n/a
   0   48 |   7 1.0   19   8.9M  153  658  81%    10M |  99.9   n/a   1   27  1.07M   12   20  62%  81.9M    n/a  n/a
   0   49 |   7 1.0   19   9.6M  159  500  75%    10M |  99.9   n/a   1   27  1.86M   19   24  55%  81.9M    n/a  n/a
   0   4a |   7 1.0   19   9.8M  171  507  74%    10M |  99.9   n/a   1   27  1.09M   10   22  68%  81.9M    n/a  n/a
   0   4b |   7 1.0   19   9.5M  158  539  77%    10M |  99.9   n/a   1   27  1.84M   20   20  50%  81.9M    n/a  n/a
   1   4c |   7 1.0   16   9.5M   96  311  76%    10M |  99.9   n/a   1   27  1.59M    7    9  56%  81.9M    n/a  n/a
   1   4d |   7 1.0   16   9.4M   86  336  79%    10M |  99.9   n/a   1   27  1.80M    8   11  57%  81.9M    n/a  n/a
   1   4e |   7 1.0   16   8.7M   80  371  82%    10M |  99.9   n/a   1   27   902k    4   12  75%  81.9M    n/a  n/a
   1   4f |   7 1.0   16   9.0M   84  400  82%    10M |  99.9   n/a   1   27  1.59M    7   13  65%  81.9M    n/a  n/a
   1   50 |   7 1.0   16   9.5M  100  346  77%    10M |  99.9   n/a   1   27  1.82M    8   11  57%  81.9M    n/a  n/a
   1   51 |   7 1.0   16   8.8M   83  331  79%    10M |  99.9   n/a   1   27   906k    4   12  75%  81.9M    n/a  n/a
   1   52 |   7 1.0   16   9.3M   82  344  80%    10M |  99.9   n/a   1   27   885k    4   12  75%  81.9M    n/a  n/a
   1   53 |   7 1.0    0      0    0    0   0%    10M |   n/a   n/a   1    0      0    0    0   0%  81.9M    n/a  n/a
   2   54 |   7 1.0   19   9.2M  207  580  73%    10M |  99.9   n/a   1   27  1.58M   21   19  47%  81.9M    n/a  n/a
   2   55 |   7 1.0   19   8.9M  189  495  72%    10M |  99.9   n/a   1   27  1.44M   19   18  48%  81.9M    n/a  n/a
   2   56 |   7 1.0   19   8.7M  194  594  75%    10M |  99.9   n/a   1   27  1.05M   15   22  59%  81.9M    n/a  n/a
   2   57 |   7 1.0   19   9.2M  189  544  74%    10M |  99.9   n/a   1   27  1.28M   18   24  57%  81.9M    n/a  n/a
   2   58 |   7 1.0   19   8.8M  200  629  75%    10M |  99.9   n/a   1   27  1.05M   14   20  58%  81.9M    n/a  n/a
   2   59 |   7 1.0   19   8.9M  191  497  72%    10M |  99.9   n/a   1   27  1.41M   18   22  55%  81.9M    n/a  n/a
   2   5a |   7 1.0   19   8.9M  195  511  72%    10M |  99.9   n/a   1   27  1.28M   17   20  54%  81.9M    n/a  n/a
   2   5b |   7 1.0   19   9.1M  188  491  72%    10M |  99.9   n/a   1   27  1.35M   18   18  50%  81.9M    n/a  n/a
   3   5c |   7 1.0   16   8.4M   79  262  76%    10M |   n/a   n/a   1   27      0    0   11 100%  81.9M    n/a  n/a
   3   5d |   7 1.0   16   8.3M   91  296  76%    10M |  99.9   n/a   1   27  1.75M    7   12  63%  81.9M    n/a  n/a
   3   5e |   7 1.0   16   8.2M   82  292  78%    10M |  99.9   n/a   1   27  1.52M    6   12  66%  81.9M    n/a  n/a
   3   5f |   7 1.0   16   8.8M   86  287  76%    10M |  99.9   n/a   1   27  1.00M    4   14  77%  81.9M    n/a  n/a
   3   60 |   7 1.0   16   7.9M   78  332  80%    10M |  99.9   n/a   1   27   762k    3   16  84%  81.9M    n/a  n/a
   3   61 |   7 1.0   16   8.8M   84  251  74%    10M |  99.9   n/a   1   27   492k    2    7  77%  81.9M    n/a  n/a
   3   62 |   7 1.0   16   8.7M   86  274  76%    10M |  99.9   n/a   1   27   250k    1    8  88%  81.9M    n/a  n/a
   3   63 |   7 1.0    0      0    0    0   0%    10M |   n/a   n/a   1    0      0    0    0   0%  81.9M    n/a  n/a
   0   44 |   7 1.0   19   9.4M  173  497  74%    10M |  99.9   n/a   1   27  1.42M   15   18  54%  81.9M    n/a  n/a
   0   45 |   7 1.0   19   9.7M  169  524  75%    10M |  99.9   n/a   1   27  1.95M   21   19  47%  81.9M    n/a  n/a
   0   46 |   7 1.0   19   9.2M  149  552  78%    10M |  99.9   n/a   1   27  1.82M   17   23  57%  81.9M    n/a  n/a
   0   47 |   7 1.0   19  10.0M  171  534  75%    10M |  99.9   n/a   1   27  1.24M   12   26  68%  81.9M    n/a  n/a
   0   48 |   7 1.0   19   9.5M  173  527  75%    10M |  99.9   n/a   1   27  2.01M   19   19  50%  81.9M    n/a  n/a
   0   49 |   7 1.0   19   9.6M  160  484  75%    10M |  99.9   n/a   1   27  1.34M   15   19  55%  81.9M    n/a  n/a
   0   4a |   7 1.0   19   9.0M  156  551  77%    10M |  99.9   n/a   1   27  1.33M   15   25  62%  81.9M    n/a  n/a
   0   4b |   7 1.0   19   9.9M  165  506  75%    10M |  99.9   n/a   1   27  1.85M   18   18  50%  81.9M    n/a  n/a
   1   4c |   7 1.0   16   9.8M   87  347  79%    10M |  99.9   n/a   1   27  1.80M    8   12  60%  81.9M    n/a  n/a
   1   4d |   7 1.0   16   9.6M   94  318  77%    10M |  99.9   n/a   1   27  1.12M    5   11  68%  81.9M    n/a  n/a
   1   4e |   7 1.0   16   9.7M   91  288  75%    10M |  99.9   n/a   1   27  1.16M    5   12  70%  81.9M    n/a  n/a
   1   4f |   7 1.0   16    10M   91  310  77%    10M |  99.9   n/a   1   27  1.37M    6   12  66%  81.9M    n/a  n/a
   1   50 |   7 1.0   16   9.8M   92  304  76%    10M |  99.9   n/a   1   27  1.58M    7   11  61%  81.9M    n/a  n/a
   1   51 |   7 1.0   16   9.8M   83  271  76%    10M |  99.9   n/a   1   27  1.79M    8   12  60%  81.9M    n/a  n/a
   1   52 |   7 1.0   16   9.6M   93  305  76%    10M |  99.9   n/a   1   27  1.59M    7   10  58%  81.9M    n/a  n/a
   1   53 |   7 1.0    0      0    0    0   0%    10M |   n/a   n/a   1    0      0    0    0   0%  81.9M    n/a  n/a
   2   54 |   7 1.0   19   8.2M  184  653  78%    10M |  99.9   n/a   1   27  1.17M   14   25  64%  81.9M    n/a  n/a
   2   55 |   7 1.0   19   8.0M  170  522  75%    10M |  99.9   n/a   1   27  1.32M   17   25  59%  81.9M    n/a  n/a
   2   56 |   7 1.0   19   8.4M  188  539  74%    10M |  99.9   n/a   1   27  1.05M   12   27  69%  81.9M    n/a  n/a
   2   57 |   7 1.0   19   8.0M  176  532  75%    10M |  99.9   n/a   1   27   954k   12   24  66%  81.9M    n/a  n/a
   2   58 |   7 1.0   19   8.4M  182  564  75%    10M |  99.9   n/a   1   27   851k   12   27  69%  81.9M    n/a  n/a
   2   59 |   7 1.0   19   8.2M  171  534  75%    10M |  99.9   n/a   1   27  1.02M   12   26  68%  81.9M    n/a  n/a
   2   5a |   7 1.0   19   8.1M  188  609  76%    10M |  99.9   n/a   1   27  1.11M   15   26  63%  81.9M    n/a  n/a
   2   5b |   7 1.0   19   7.8M  165  528  76%    10M |  99.9   n/a   1   27   834k   11   25  69%  81.9M    n/a  n/a
   3   5c |   7 1.0   16   9.7M   92  304  76%    10M |  99.9   n/a   1   27  1.75M    7   16  69%  81.9M    n/a  n/a
   3   5d |   7 1.0   16   9.9M   84  288  77%    10M |  99.9   n/a   1   27  1.53M    6    6  50%  81.9M    n/a  n/a
   3   5e |   7 1.0   16   9.5M   93  280  75%    10M |  99.9   n/a   1   27   512k    2   10  83%  81.9M    n/a  n/a
   3   5f |   7 1.0   16    10M   96  319  76%    10M |  99.9   n/a   1   27   258k    1    8  88%  81.9M    n/a  n/a
   3   60 |   7 1.0   16   9.8M   81  289  78%    10M |  99.9   n/a   1   27  2.77M   11   10  47%  81.9M    n/a  n/a
   3   61 |   7 1.0   16    10M   90  300  76%    10M |  99.9   n/a   1   27  1.53M    6   14  70%  81.9M    n/a  n/a
   3   62 |   7 1.0   16    10M   92  264  74%    10M |  99.9   n/a   1   27   496k    2   16  88%  81.9M    n/a  n/a
   3   63 |   7 1.0    0      0    0    0   0%    10M |   n/a   n/a   1    0      0    0    0   0%  81.9M    n/a  n/a
   0   44 |   7 1.0   19   8.0M  137  621  81%    10M |  99.9   n/a   1   27   582k    6   17  73%  81.9M    n/a  n/a
   0   45 |   7 1.0   19   8.1M  144  556  79%    10M |  99.9   n/a   1   27  1.35M   12   19  61%  81.9M    n/a  n/a
   0   46 |   7 1.0   19   8.4M  154  586  79%    10M |  99.9   n/a   1   27  1.84M   18   15  45%  81.9M    n/a  n/a
   0   47 |   7 1.0   19   8.8M  142  537  79%    10M |  99.9   n/a   1   27   846k    9   17  65%  81.9M    n/a  n/a
   0   48 |   7 1.0   19   8.0M  139  606  81%    10M |  99.9   n/a   1   27   715k    8   18  69%  81.9M    n/a  n/a
   0   49 |   7 1.0   19   8.3M  139  561  80%    10M |  99.9   n/a   1   27   424k    4   16  80%  81.9M    n/a  n/a
   0   4a |   7 1.0   19   8.4M  158  643  80%    10M |  99.9   n/a   1   27   414k    4   17  80%  81.9M    n/a  n/a
   0   4b |   7 1.0   19   8.3M  141  571  80%    10M |  99.9   n/a   1   27  1.54M   16   12  42%  81.9M    n/a  n/a
   1   4c |   7 1.0   16   6.7M   63  451  87%    10M |  99.9   n/a   1   27   910k    4   12  75%  81.9M    n/a  n/a
   1   4d |   7 1.0   16   7.4M   68  426  86%    10M |  99.9   n/a   1   27   451k    2   12  85%  81.9M    n/a  n/a
   1   4e |   7 1.0   16   7.4M   74  408  84%    10M |  99.9   n/a   1   27   451k    2   13  86%  81.9M    n/a  n/a
   1   4f |   7 1.0   16   7.1M   75  438  85%    10M |  99.9   n/a   1   27   902k    4   10  71%  81.9M    n/a  n/a
   1   50 |   7 1.0   16   7.8M   79  463  85%    10M |  99.9   n/a   1   27   902k    4   13  76%  81.9M    n/a  n/a
   1   51 |   7 1.0   16   7.0M   65  418  86%    10M |  99.9   n/a   1   27   447k    2   10  83%  81.9M    n/a  n/a
   1   52 |   7 1.0   16   7.6M   67  523  88%    10M |  99.9   n/a   1   27  1.14M    5   10  66%  81.9M    n/a  n/a
   1   53 |   7 1.0    0      0    0    0   0%    10M |   n/a   n/a   1    0      0    0    0   0%  81.9M    n/a  n/a
   2   54 |   7 1.0   19   7.5M  170  556  76%    10M |  99.9   n/a   1   27   775k    9   25  73%  81.9M    n/a  n/a
   2   55 |   7 1.0   19   7.0M  153  604  79%    10M |  99.9   n/a   1   27   626k    8   22  73%  81.9M    n/a  n/a
   2   56 |   7 1.0   19   7.2M  159  608  79%    10M |  99.9   n/a   1   27   757k   10   19  65%  81.9M    n/a  n/a
   2   57 |   7 1.0   19   7.1M  148  567  79%    10M |  99.9   n/a   1   27   717k    8   23  74%  81.9M    n/a  n/a
   2   58 |   7 1.0   19   7.4M  166  633  79%    10M |  99.9   n/a   1   27   970k   12   21  63%  81.9M    n/a  n/a
   2   59 |   7 1.0   19   7.0M  149  626  80%    10M |  99.9   n/a   1   27   779k   11   22  66%  81.9M    n/a  n/a
   2   5a |   7 1.0   19   7.2M  163  576  77%    10M |  99.9   n/a   1   27   976k   13   23  63%  81.9M    n/a  n/a
   2   5b |   7 1.0   19   7.0M  152  586  79%    10M |  99.9   n/a   1   27   777k    9   20  68%  81.9M    n/a  n/a

          |--------------------DL---------------------|-------------------------------UL-----------------------------
 pci rnti | cqi  ri  mcs  brate   ok  nok  (%)  dl_bs | pusch  rsrp  ri  mcs  brate   ok  nok  (%)    bsr     ta  phr
   3   5c |   7 1.0   16   7.7M   69  420  85%    10M |  99.9   n/a   1   27  1.26M    5   10  66%  81.9M    n/a  n/a
   3   5d |   7 1.0   16   7.7M   73  372  83%    10M |  99.9   n/a   1   27  1.01M    4   14  77%  81.9M    n/a  n/a
   3   5e |   7 1.0   16   8.0M   66  416  86%    10M |  99.9   n/a   1   27   758k    3   15  83%  81.9M    n/a  n/a
   3   5f |   7 1.0   16   7.5M   77  430  84%    10M |  99.9   n/a   1   27   250k    1   13  92%  81.9M    n/a  n/a
   3   60 |   7 1.0   16   7.6M   76  413  84%    10M |  99.9   n/a   1   27  1.52M    6   11  64%  81.9M    n/a  n/a
   3   61 |   7 1.0   16   7.7M   73  344  82%    10M |  99.9   n/a   1   27  1.00M    4   11  73%  81.9M    n/a  n/a
   3   62 |   7 1.0   16   7.8M   65  441  87%    10M |  99.9   n/a   1   27   754k    3    6  66%  81.9M    n/a  n/a
   3   63 |   7 1.0    0      0    0    0   0%    10M |   n/a   n/a   1    0      0    0    0   0%  81.9M    n/a  n/a
   0   44 |   7 1.0   19   8.9M  156  613  79%    10M |  99.9   n/a   1   27   758k    9   30  76%  81.9M    n/a  n/a
   0   45 |   7 1.0   19   9.4M  156  555  78%    10M |  99.9   n/a   1   27   852k    9   25  73%  81.9M    n/a  n/a
   0   46 |   7 1.0   19   9.5M  171  628  78%    10M |  99.9   n/a   1   27   992k   10   22  68%  81.9M    n/a  n/a
   0   47 |   7 1.0   19   9.4M  157  492  75%    10M |  99.9   n/a   1   27   695k    7   30  81%  81.9M    n/a  n/a
   0   48 |   7 1.0   19   9.6M  170  543  76%    10M |  99.9   n/a   1   27  1.12M   12   26  68%  81.9M    n/a  n/a
   0   49 |   7 1.0   19   9.3M  158  546  77%    10M |  99.9   n/a   1   27   969k   10   27  72%  81.9M    n/a  n/a
   0   4a |   7 1.0   19   9.2M  164  570  77%    10M |  99.9   n/a   1   27   959k   10   30  75%  81.9M    n/a  n/a
   0   4b |   7 1.0   19   9.4M  157  559  78%    10M |  99.9   n/a   1   27  1.15M   12   26  68%  81.9M    n/a  n/a
   1   4c |   7 1.0   16   9.6M   88  380  81%    10M |  99.9   n/a   1   27  1.14M    5   12  70%  81.9M    n/a  n/a
   1   4d |   7 1.0   16   9.5M   92  349  79%    10M |  99.9   n/a   1   27  1.13M    5   11  68%  81.9M    n/a  n/a
   1   4e |   7 1.0   16   9.2M   90  375  80%    10M |  99.9   n/a   1   27  1.13M    5   13  72%  81.9M    n/a  n/a
   1   4f |   7 1.0   16   9.6M   97  360  78%    10M |  99.9   n/a   1   27   451k    2   10  83%  81.9M    n/a  n/a
   1   50 |   7 1.0   16   9.4M   87  362  80%    10M |  99.9   n/a   1   27   451k    2   12  85%  81.9M    n/a  n/a
   1   51 |   7 1.0   16   9.5M   97  365  79%    10M |  99.9   n/a   1   27   672k    3   12  80%  81.9M    n/a  n/a
   1   52 |   7 1.0   16   9.6M  101  378  78%    10M |  99.9   n/a   1   27   676k    3   10  76%  81.9M    n/a  n/a
   1   53 |   7 1.0    0      0    0    0   0%    10M |   n/a   n/a   1    0      0    0    0   0%  81.9M    n/a  n/a
   2   54 |   7 1.0   19   9.2M  204  527  72%    10M |  99.9   n/a   1   27   927k   12   23  65%  81.9M    n/a  n/a
   2   55 |   7 1.0   19   8.8M  186  482  72%    10M |  99.9   n/a   1   27  1.18M   15   22  59%  81.9M    n/a  n/a
   2   56 |   7 1.0   19   8.7M  195  588  75%    10M |  99.9   n/a   1   27  1.38M   18   22  55%  81.9M    n/a  n/a
   2   57 |   7 1.0   19   8.5M  187  548  74%    10M |  99.9   n/a   1   27  1.30M   19   23  54%  81.9M    n/a  n/a
   2   58 |   7 1.0   19   8.9M  203  553  73%    10M |  99.9   n/a   1   27   851k   10   22  68%  81.9M    n/a  n/a
   2   59 |   7 1.0   19   8.9M  189  531  73%    10M |  99.9   n/a   1   27  1.04M   15   24  61%  81.9M    n/a  n/a
   2   5a |   7 1.0   19   8.8M  194  596  75%    10M |  99.9   n/a   1   27   788k   11   24  68%  81.9M    n/a  n/a
   2   5b |   7 1.0   19   8.7M  188  545  74%    10M |  99.9   n/a   1   27   987k   13   24  64%  81.9M    n/a  n/a
   3   5c |   7 1.0   16    10M   92  288  75%    10M |  99.9   n/a   1   27  1.52M    6   12  66%  81.9M    n/a  n/a
   3   5d |   7 1.0   16   9.7M   81  371  82%    10M |  99.9   n/a   1   27   516k    2   12  85%  81.9M    n/a  n/a
   3   5e |   7 1.0   16    10M   81  321  79%    10M |  99.9   n/a   1   27  1.50M    6   12  66%  81.9M    n/a  n/a
   3   5f |   7 1.0   16    10M   77  312  80%    10M |  99.9   n/a   1   27   992k    4   14  77%  81.9M    n/a  n/a
   3   60 |   7 1.0   16   9.7M   77  303  79%    10M |  99.9   n/a   1   27   496k    2   13  86%  81.9M    n/a  n/a
   3   61 |   7 1.0   16   9.8M   78  324  80%    10M |  99.9   n/a   1   27  1.00M    4   13  76%  81.9M    n/a  n/a
   3   62 |   7 1.0   16   9.9M   78  374  82%    10M |  99.9   n/a   1   27   771k    3   14  82%  81.9M    n/a  n/a
   3   63 |   7 1.0    0      0    0    0   0%    10M |   n/a   n/a   1    0      0    0    0   0%  81.9M    n/a  n/a
   0   44 |   7 1.0   19    12M  205  462  69%    10M |  99.9   n/a   1   27  1.63M   17   17  50%  81.9M    n/a  n/a
   0   45 |   7 1.0   19    12M  196  451  69%    10M |  99.9   n/a   1   27  1.87M   19   20  51%  81.9M    n/a  n/a
   0   46 |   7 1.0   19    12M  197  478  70%    10M |  99.9   n/a   1   27  1.82M   18   20  52%  81.9M    n/a  n/a
   0   47 |   7 1.0   19    12M  191  446  70%    10M |  99.9   n/a   1   27  2.27M   23   19  45%  81.9M    n/a  n/a
   0   48 |   7 1.0   19    12M  213  522  71%    10M |  99.9   n/a   1   27  1.84M   19   20  51%  81.9M    n/a  n/a
   0   49 |   7 1.0   19    12M  194  499  72%    10M |  99.9   n/a   1   27  2.36M   24   20  45%  81.9M    n/a  n/a
   0   4a |   7 1.0   19    12M  213  478  69%    10M |  99.9   n/a   1   27  1.68M   17   22  56%  81.9M    n/a  n/a
   0   4b |   7 1.0   19    12M  200  422  67%    10M |  99.9   n/a   1   27  2.19M   21   21  50%  81.9M    n/a  n/a
   1   4c |   7 1.0   16   8.1M   80  360  81%    10M |  99.9   n/a   1   27  1.59M    7   11  61%  81.9M    n/a  n/a
   1   4d |   7 1.0   16   8.6M   83  321  79%    10M |  99.9   n/a   1   27   926k    4   14  77%  81.9M    n/a  n/a
   1   4e |   7 1.0   16   8.1M   78  412  84%    10M |  99.9   n/a   1   27   660k    3   12  80%  81.9M    n/a  n/a
   1   4f |   7 1.0   16   8.0M   80  398  83%    10M |  99.9   n/a   1   27   885k    4   14  77%  81.9M    n/a  n/a
   1   50 |   7 1.0   16   8.6M   84  350  80%    10M |  99.9   n/a   1   27   910k    4   15  78%  81.9M    n/a  n/a
   1   51 |   7 1.0   16   8.6M   82  392  82%    10M |  99.9   n/a   1   27  1.11M    5   15  75%  81.9M    n/a  n/a
   1   52 |   7 1.0   16   8.1M   77  393  83%    10M |  99.9   n/a   1   27  1.14M    5   13  72%  81.9M    n/a  n/a
   1   53 |   7 1.0    0      0    0    0   0%    10M |   n/a   n/a   1    0      0    0    0   0%  81.9M    n/a  n/a
   2   54 |   7 1.0   19   8.0M  181  610  77%    10M |  99.9   n/a   1   27  1.12M   16   20  55%  81.9M    n/a  n/a
   2   55 |   7 1.0   19   7.9M  168  506  75%    10M |  99.9   n/a   1   27  1.33M   16   23  58%  81.9M    n/a  n/a
   2   56 |   7 1.0   19   8.4M  182  561  75%    10M |  99.9   n/a   1   27  1.27M   15   18  54%  81.9M    n/a  n/a
   2   57 |   7 1.0   19   7.9M  168  526  75%    10M |  99.9   n/a   1   27   797k   10   22  68%  81.9M    n/a  n/a
   2   58 |   7 1.0   19   7.3M  169  617  78%    10M |  99.9   n/a   1   27  1.11M   14   25  64%  81.9M    n/a  n/a
   2   59 |   7 1.0   19   7.9M  169  566  77%    10M |  99.9   n/a   1   27  1.02M   12   26  68%  81.9M    n/a  n/a
   2   5a |   7 1.0   19   8.0M  183  548  74%    10M |  99.9   n/a   1   27   590k    7   26  78%  81.9M    n/a  n/a
   2   5b |   7 1.0   19   8.0M  171  549  76%    10M |  99.9   n/a   1   27  1.15M   15   18  54%  81.9M    n/a  n/a
   3   5c |   7 1.0   16    11M  100  299  74%    10M |  99.9   n/a   1   27  1.53M    6   14  70%  81.9M    n/a  n/a
   3   5d |   7 1.0   16    11M   97  343  77%    10M |  99.9   n/a   1   27  2.79M   11   12  52%  81.9M    n/a  n/a
   3   5e |   7 1.0   16    11M   99  311  75%    10M |  99.9   n/a   1   27   746k    3   13  81%  81.9M    n/a  n/a
   3   5f |   7 1.0   16    11M   96  320  76%    10M |  99.9   n/a   1   27  1.26M    5   12  70%  81.9M    n/a  n/a
   3   60 |   7 1.0   16    12M   91  281  75%    10M |  99.9   n/a   1   27  2.28M    9   12  57%  81.9M    n/a  n/a
   3   61 |   7 1.0   16    11M  109  309  73%    10M |  99.9   n/a   1   27  2.05M    8   15  65%  81.9M    n/a  n/a
   3   62 |   7 1.0   16    11M   94  351  78%    10M |  99.9   n/a   1   27  1.76M    7   12  63%  81.9M    n/a  n/a
   3   63 |   7 1.0    0      0    0    0   0%    10M |   n/a   n/a   1    0      0    0    0   0%  81.9M    n/a  n/a
   0   44 |   7 1.0   19   9.6M  170  560  76%    10M |  99.9   n/a   1   27  1.46M   16   17  51%  81.9M    n/a  n/a
   0   45 |   7 1.0   19   9.3M  151  535  77%    10M |  99.9   n/a   1   27  1.26M   13   15  53%  81.9M    n/a  n/a
   0   46 |   7 1.0   19   9.9M  167  514  75%    10M |  99.9   n/a   1   27  1.36M   14   20  58%  81.9M    n/a  n/a
   0   47 |   7 1.0   19   9.4M  153  513  77%    10M |  99.9   n/a   1   27  1.06M   10   19  65%  81.9M    n/a  n/a
   0   48 |   7 1.0   19   9.6M  161  547  77%    10M |  99.9   n/a   1   27   752k    7   22  75%  81.9M    n/a  n/a
   0   49 |   7 1.0   19   9.0M  152  554  78%    10M |  99.9   n/a   1   27  1.10M   11   23  67%  81.9M    n/a  n/a
   0   4a |   7 1.0   19  10.0M  166  664  80%    10M |  99.9   n/a   1   27  1.61M   17   21  55%  81.9M    n/a  n/a
   0   4b |   7 1.0   19   9.4M  157  518  76%    10M |  99.9   n/a   1   27  1.47M   16   18  52%  81.9M    n/a  n/a
   1   4c |   7 1.0   16   7.7M   76  367  82%    10M |  99.9   n/a   1   27   681k    3   14  82%  81.9M    n/a  n/a
   1   4d |   7 1.0   16   8.0M   77  334  81%    10M |  99.9   n/a   1   27   676k    3   12  80%  81.9M    n/a  n/a
   1   4e |   7 1.0   16   7.2M   67  435  86%    10M |  99.9   n/a   1   27   672k    3   14  82%  81.9M    n/a  n/a
   1   4f |   7 1.0   16   7.4M   75  384  83%    10M |  99.9   n/a   1   27  1.35M    6   10  62%  81.9M    n/a  n/a
   1   50 |   7 1.0   16   7.5M   77  389  83%    10M |  99.9   n/a   1   27   459k    2   12  85%  81.9M    n/a  n/a
   1   51 |   7 1.0   16   7.7M   77  380  83%    10M |  99.9   n/a   1   27   676k    3   10  76%  81.9M    n/a  n/a
   1   52 |   7 1.0   16   7.6M   79  443  84%    10M |  99.9   n/a   1   27   451k    2   11  84%  81.9M    n/a  n/a
   1   53 |   7 1.0    0      0    0    0   0%    10M |   n/a   n/a   1    0      0    0    0   0%  81.9M    n/a  n/a

          |--------------------DL---------------------|-------------------------------UL-----------------------------
 pci rnti | cqi  ri  mcs  brate   ok  nok  (%)  dl_bs | pusch  rsrp  ri  mcs  brate   ok  nok  (%)    bsr     ta  phr
   2   54 |   7 1.0   19   8.8M  193  599  75%    10M |  99.9   n/a   1   27   877k   11   21  65%  81.9M    n/a  n/a
   2   55 |   7 1.0   19   8.5M  182  498  73%    10M |  99.9   n/a   1   27  1.13M   16   21  56%  81.9M    n/a  n/a
   2   56 |   7 1.0   19   8.3M  175  536  75%    10M |  99.9   n/a   1   27  1.08M   13   27  67%  81.9M    n/a  n/a
   2   57 |   7 1.0   19   8.4M  185  522  73%    10M |  99.9   n/a   1   27  1.07M   15   22  59%  81.9M    n/a  n/a
   2   58 |   7 1.0   19   8.4M  189  589  75%    10M |  99.9   n/a   1   27  1.19M   14   22  61%  81.9M    n/a  n/a
   2   59 |   7 1.0   19   8.5M  178  516  74%    10M |  99.9   n/a   1   27  1.05M   13   24  64%  81.9M    n/a  n/a
   2   5a |   7 1.0   19   8.3M  188  599  76%    10M |  99.9   n/a   1   27  1.16M   15   24  61%  81.9M    n/a  n/a
   2   5b |   7 1.0   19   8.4M  180  526  74%    10M |  99.9   n/a   1   27   741k   10   23  69%  81.9M    n/a  n/a
   3   5c |   7 1.0   17   9.2M   71  353  83%    10M |  99.9   n/a   1   27  1.25M    5    9  64%  81.9M    n/a  n/a
   3   5d |   7 1.0   17   9.4M   84  338  80%    10M |  99.9   n/a   1   27  1.77M    7   11  61%  81.9M    n/a  n/a
   3   5e |   7 1.0   17   9.4M   71  368  83%    10M |  99.9   n/a   1   27  1.00M    4   15  78%  81.9M    n/a  n/a
   3   5f |   7 1.0   17  10.0M   79  336  80%    10M |  99.9   n/a   1   27   758k    3   10  76%  81.9M    n/a  n/a
   3   60 |   7 1.0   16   9.3M   76  410  84%    10M |  99.9   n/a   1   27  1.52M    6   14  70%  81.9M    n/a  n/a
   3   61 |   7 1.0   17   9.9M   78  337  81%    10M |  99.9   n/a   1   27   758k    3   11  78%  81.9M    n/a  n/a
   3   62 |   7 1.0   16   9.2M   78  390  83%    10M |  99.9   n/a   1   27  1.02M    4   10  71%  81.9M    n/a  n/a
   3   63 |   7 1.0    0      0    0    0   0%    10M |   n/a   n/a   1    0      0    0    0   0%  81.9M    n/a  n/a
   0   44 |   7 1.0   19    11M  197  502  71%    10M |  99.9   n/a   1   27  2.11M   19   20  51%  81.9M    n/a  n/a
   0   45 |   7 1.0   19    11M  173  451  72%    10M |  99.9   n/a   1   27  1.88M   17   28  62%  81.9M    n/a  n/a
   0   46 |   7 1.0   19    10M  172  543  75%    10M |  99.9   n/a   1   27  1.96M   18   21  53%  81.9M    n/a  n/a
   0   47 |   7 1.0   19    11M  172  457  72%    10M |  99.9   n/a   1   27  1.81M   18   24  57%  81.9M    n/a  n/a
   0   48 |   7 1.0   19    11M  187  519  73%    10M |  99.9   n/a   1   27  1.27M   13   23  63%  81.9M    n/a  n/a
   0   49 |   7 1.0   19    10M  174  456  72%    10M |  99.9   n/a   1   27  2.41M   21   21  50%  81.9M    n/a  n/a
   0   4a |   7 1.0   19    11M  186  519  73%    10M |  99.9   n/a   1   27  1.53M   15   21  58%  81.9M    n/a  n/a
   0   4b |   7 1.0   19    11M  170  502  74%    10M |  99.9   n/a   1   27  1.67M   16   21  56%  81.9M    n/a  n/a
   1   4c |   7 1.0   16   9.5M   98  355  78%    10M |  99.9   n/a   1   27  1.12M    5    8  61%  81.9M    n/a  n/a
   1   4d |   7 1.0   17   9.5M   97  336  77%    10M |  99.9   n/a   1   27  1.61M    7   10  58%  81.9M    n/a  n/a
   1   4e |   7 1.0   16   8.4M   77  399  83%    10M |  99.9   n/a   1   27   902k    4    8  66%  81.9M    n/a  n/a
   1   4f |   7 1.0   17   9.2M   81  309  79%    10M |  99.9   n/a   1   27  1.82M    8   14  63%  81.9M    n/a  n/a
   1   50 |   7 1.0   17   9.7M   97  324  76%    10M |  99.9   n/a   1   27  1.80M    8    5  38%  81.9M    n/a  n/a
   1   51 |   7 1.0   17   9.4M   90  337  78%    10M |  99.9   n/a   1   27  1.11M    5   10  66%  81.9M    n/a  n/a
   1   52 |   7 1.0   16   9.2M   86  373  81%    10M |  99.9   n/a   1   27   672k    3    9  75%  81.9M    n/a  n/a
   1   53 |   7 1.0    0      0    0    0   0%    10M |   n/a   n/a   1    0      0    0    0   0%  81.9M    n/a  n/a
   2   54 |   7 1.0   19   7.1M  155  691  81%    10M |  99.9   n/a   1   27  1.21M   14   22  61%  81.9M    n/a  n/a
   2   55 |   7 1.0   19   7.3M  158  580  78%    10M |  99.9   n/a   1   27  1.12M   13   20  60%  81.9M    n/a  n/a
   2   56 |   7 1.0   19   7.7M  170  590  77%    10M |  99.9   n/a   1   27   867k   11   20  64%  81.9M    n/a  n/a
   2   57 |   7 1.0   19   7.5M  161  573  78%    10M |  99.9   n/a   1   27  1.21M   15   18  54%  81.9M    n/a  n/a
   2   58 |   7 1.0   19   7.7M  171  554  76%    10M |  99.9   n/a   1   27   811k   10   21  67%  81.9M    n/a  n/a
   2   59 |   7 1.0   19   7.5M  158  536  77%    10M |  99.9   n/a   1   27   755k    8   20  71%  81.9M    n/a  n/a
   2   5a |   7 1.0   19   7.3M  162  596  78%    10M |  99.9   n/a   1   27   640k    7   22  75%  81.9M    n/a  n/a
   2   5b |   7 1.0   19   7.3M  158  553  77%    10M |  99.9   n/a   1   27   598k    7   28  80%  81.9M    n/a  n/a
   3   5c |   7 1.0   17    10M   83  354  81%    10M |  99.9   n/a   1   27  2.27M    9   10  52%  81.9M    n/a  n/a
   3   5d |   7 1.0   17    10M   81  415  83%    10M |  99.9   n/a   1   27   250k    1   11  91%  81.9M    n/a  n/a
   3   5e |   7 1.0   17    11M   84  413  83%    10M |  99.9   n/a   1   27  2.02M    8   13  61%  81.9M    n/a  n/a
   3   5f |   7 1.0   17    10M   82  403  83%    10M |  99.9   n/a   1   27  1.26M    5   14  73%  81.9M    n/a  n/a
   3   60 |   7 1.0   17    11M   86  360  80%    10M |  99.9   n/a   1   27  1.27M    5    8  61%  81.9M    n/a  n/a
   3   61 |   7 1.0   17    10M   82  431  84%    10M |  99.9   n/a   1   27  1.28M    5   11  68%  81.9M    n/a  n/a
   3   62 |   7 1.0   17    10M   81  390  82%    10M |  99.9   n/a   1   27   775k    3   13  81%  81.9M    n/a  n/a
   3   63 |   7 1.0    0      0    0    0   0%    10M |   n/a   n/a   1    0      0    0    0   0%  81.9M    n/a  n/a
   0   44 |   7 1.0   19    11M  187  478  71%    10M |  99.9   n/a   1   27  1.59M   16   15  48%  81.9M    n/a  n/a
   0   45 |   7 1.0   19    11M  184  428  69%    10M |  99.9   n/a   1   27  1.84M   18   23  56%  81.9M    n/a  n/a
   0   46 |   7 1.0   19    12M  203  507  71%    10M |  99.9   n/a   1   27  1.08M   12   22  64%  81.9M    n/a  n/a
   0   47 |   7 1.0   19    11M  179  465  72%    10M |  99.9   n/a   1   27  1.45M   14   23  62%  81.9M    n/a  n/a
   0   48 |   7 1.0   19    12M  204  548  72%    10M |  99.9   n/a   1   27  1.44M   14   20  58%  81.9M    n/a  n/a
   0   49 |   7 1.0   19    11M  197  449  69%    10M |  99.9   n/a   1   27  1.76M   16   15  48%  81.9M    n/a  n/a
   0   4a |   7 1.0   19    11M  198  516  72%    10M |  99.9   n/a   1   27  1.33M   14   23  62%  81.9M    n/a  n/a
   0   4b |   7 1.0   19    11M  187  452  70%    10M |  99.9   n/a   1   27  1.53M   16   19  54%  81.9M    n/a  n/a
   1   4c |   7 1.0   17   9.4M   87  354  80%    10M |  99.9   n/a   1   27   701k    3   18  85%  81.9M    n/a  n/a
   1   4d |   7 1.0   17   9.8M   94  325  77%    10M |  99.9   n/a   1   27  1.36M    6   16  72%  81.9M    n/a  n/a
   1   4e |   7 1.0   17   9.5M   82  353  81%    10M |  99.9   n/a   1   27  1.57M    7   14  66%  81.9M    n/a  n/a
   1   4f |   7 1.0   17   9.6M   90  322  78%    10M |  99.9   n/a   1   27   693k    3   10  76%  81.9M    n/a  n/a
   1   50 |   7 1.0   17   9.2M   84  315  78%    10M |  99.9   n/a   1   27   889k    4   15  78%  81.9M    n/a  n/a
   1   51 |   7 1.0   17    10M   84  311  78%    10M |  99.9   n/a   1   27  1.58M    7   14  66%  81.9M    n/a  n/a
   1   52 |   7 1.0   17   9.7M   87  311  78%    10M |  99.9   n/a   1   27  1.81M    8   12  60%  81.9M    n/a  n/a
   1   53 |   7 1.0    0      0    0    0   0%    10M |   n/a   n/a   1    0      0    0    0   0%  81.9M    n/a  n/a
   2   54 |   7 1.0   19   8.2M  178  636  78%    10M |  99.9   n/a   1   27  1.41M   17   25  59%  81.9M    n/a  n/a
   2   55 |   7 1.0   19   8.4M  179  530  74%    10M |  99.9   n/a   1   27   791k   11   30  73%  81.9M    n/a  n/a
   2   56 |   7 1.0   19   8.4M  184  555  75%    10M |  99.9   n/a   1   27  1.11M   14   25  64%  81.9M    n/a  n/a
   2   57 |   7 1.0   19   8.4M  170  503  74%    10M |  99.9   n/a   1   27  1.17M   15   30  66%  81.9M    n/a  n/a
   2   58 |   7 1.0   19   8.2M  183  600  76%    10M |  99.9   n/a   1   27  1.24M   16   30  65%  81.9M    n/a  n/a
   2   59 |   7 1.0   19   8.3M  181  508  73%    10M |  99.9   n/a   1   27  1.17M   15   31  67%  81.9M    n/a  n/a
   2   5a |   7 1.0   19   8.0M  181  639  77%    10M |  99.9   n/a   1   27  1.13M   14   27  65%  81.9M    n/a  n/a
   2   5b |   7 1.0   19   8.2M  170  514  75%    10M |  99.9   n/a   1   27  1.32M   17   28  62%  81.9M    n/a  n/a
   3   5c |   7 1.0   17    12M  105  382  78%    10M |  99.9   n/a   1   27  1.02M    4   11  73%  81.9M    n/a  n/a
   3   5d |   7 1.0   17    12M   94  392  80%    10M |  99.9   n/a   1   27  1.78M    7   13  65%  81.9M    n/a  n/a
   3   5e |   7 1.0   17    12M   93  348  78%    10M |  99.9   n/a   1   27  1.77M    7   10  58%  81.9M    n/a  n/a
   3   5f |   7 1.0   17    12M  103  376  78%    10M |  99.9   n/a   1   27  2.04M    8   11  57%  81.9M    n/a  n/a
   3   60 |   7 1.0   17    12M   97  312  76%    10M |  99.9   n/a   1   27  1.25M    5   12  70%  81.9M    n/a  n/a
   3   61 |   7 1.0   17    12M   98  329  77%    10M |  99.9   n/a   1   27  1.01M    4   13  76%  81.9M    n/a  n/a
   3   62 |   7 1.0   17    12M  102  349  77%    10M |  99.9   n/a   1   27  2.02M    8   10  55%  81.9M    n/a  n/a
   3   63 |   7 1.0    0      0    0    0   0%    10M |   n/a   n/a   1    0      0    0    0   0%  81.9M    n/a  n/a
   0   44 |   7 1.0   19   9.8M  168  531  75%    10M |  99.9   n/a   1   27  1.57M   15   24  61%  81.9M    n/a  n/a
   0   45 |   7 1.0   19   8.9M  149  537  78%    10M |  99.9   n/a   1   27   906k    9   21  70%  81.9M    n/a  n/a
   0   46 |   7 1.0   19   9.7M  161  526  76%    10M |  99.9   n/a   1   27   760k    8   24  75%  81.9M    n/a  n/a
   0   47 |   7 1.0   19   9.0M  149  502  77%    10M |  99.9   n/a   1   27  1.20M   13   21  61%  81.9M    n/a  n/a
   0   48 |   7 1.0   19   9.5M  167  583  77%    10M |  99.9   n/a   1   27   871k    9   23  71%  81.9M    n/a  n/a
   0   49 |   7 1.0   19   9.2M  160  514  76%    10M |  99.9   n/a   1   27   975k   10   28  73%  81.9M    n/a  n/a
   0   4a |   7 1.0   19   8.8M  147  622  80%    10M |  99.9   n/a   1   27  1.21M   12   20  62%  81.9M    n/a  n/a
   0   4b |   7 1.0   19   9.3M  149  531  78%    10M |  99.9   n/a   1   27  1.37M   14   19  57%  81.9M    n/a  n/a

          |--------------------DL---------------------|-------------------------------UL-----------------------------
 pci rnti | cqi  ri  mcs  brate   ok  nok  (%)  dl_bs | pusch  rsrp  ri  mcs  brate   ok  nok  (%)    bsr     ta  phr
   1   4c |   7 1.0   17   9.4M   98  338  77%    10M |   n/a   n/a   1   27      0    0    8 100%  81.9M    n/a  n/a
   1   4d |   7 1.0   17   8.9M   83  341  80%    10M |  99.9   n/a   1   27  2.23M   10   10  50%  81.9M    n/a  n/a
   1   4e |   7 1.0   17   8.5M   74  310  80%    10M |  99.9   n/a   1   27  2.25M   10    7  41%  81.9M    n/a  n/a
   1   4f |   7 1.0   17   8.4M   76  319  80%    10M |   n/a   n/a   1   27      0    0    5 100%  81.9M    n/a  n/a
   1   50 |   7 1.0   17   8.7M   87  343  79%    10M |  99.9   n/a   1   27   234k    1   12  92%  81.9M    n/a  n/a
   1   51 |   7 1.0   17   8.6M   88  325  78%    10M |  99.9   n/a   1   27   668k    3   16  84%  81.9M    n/a  n/a
   1   52 |   7 1.0   17   8.5M   85  328  79%    10M |  99.9   n/a   1   27  1.59M    7   14  66%  81.9M    n/a  n/a
   1   53 |   7 1.0    0      0    0    0   0%    10M |   n/a   n/a   1    0      0    0    0   0%  81.9M    n/a  n/a
   2   54 |   7 1.0   19   7.6M  174  580  76%    10M |  99.9   n/a   1   27  1.01M   11   18  62%  81.9M    n/a  n/a
   2   55 |   7 1.0   19   7.6M  167  558  76%    10M |  99.9   n/a   1   27   766k    9   18  66%  81.9M    n/a  n/a
   2   56 |   7 1.0   19   7.9M  176  646  78%    10M |  99.9   n/a   1   27   899k   12   21  63%  81.9M    n/a  n/a
   2   57 |   7 1.0   19   7.4M  161  591  78%    10M |  99.9   n/a   1   27  1.00M   13   18  58%  81.9M    n/a  n/a
   2   58 |   7 1.0   19   7.8M  180  546  75%    10M |  99.9   n/a   1   27  1.13M   13   18  58%  81.9M    n/a  n/a
   2   59 |   7 1.0   19   7.7M  167  534  76%    10M |  99.9   n/a   1   27   718k    9   18  66%  81.9M    n/a  n/a
   2   5a |   7 1.0   19   7.8M  175  561  76%    10M |  99.9   n/a   1   27   570k    7   20  74%  81.9M    n/a  n/a
   2   5b |   7 1.0   19   7.9M  163  572  77%    10M |  99.9   n/a   1   27   791k    9   18  66%  81.9M    n/a  n/a
   3   5c |   7 1.0   17   9.4M   75  452  85%    10M |  99.9   n/a   1   27   500k    2   13  86%  81.9M    n/a  n/a
   3   5d |   7 1.0   17   8.7M   73  432  85%    10M |  99.9   n/a   1   27  2.27M    9   10  52%  81.9M    n/a  n/a
   3   5e |   7 1.0   17   9.0M   77  404  83%    10M |  99.9   n/a   1   27   767k    3    9  75%  81.9M    n/a  n/a
   3   5f |   7 1.0   17   8.9M   79  464  85%    10M |  99.9   n/a   1   27  1.26M    5   12  70%  81.9M    n/a  n/a
   3   60 |   7 1.0   17   9.3M   74  408  84%    10M |  99.9   n/a   1   27  1.02M    4   13  76%  81.9M    n/a  n/a
   3   61 |   7 1.0   17   8.9M   71  372  83%    10M |  99.9   n/a   1   27  1.77M    7   11  61%  81.9M    n/a  n/a
   3   62 |   7 1.0   17   9.0M   76  416  84%    10M |  99.9   n/a   1   27  1.02M    4   12  75%  81.9M    n/a  n/a
   3   63 |   7 1.0    0      0    0    0   0%    10M |   n/a   n/a   1    0      0    0    0   0%  81.9M    n/a  n/a
   0   44 |   7 1.0   19    10M  187  577  75%    10M |  99.9   n/a   1   27   963k    9   26  74%  81.9M    n/a  n/a
   0   45 |   7 1.0   19    10M  168  560  76%    10M |  99.9   n/a   1   27  1.42M   12   24  66%  81.9M    n/a  n/a
   0   46 |   7 1.0   19    11M  182  512  73%    10M |  99.9   n/a   1   27  1.01M   10   24  70%  81.9M    n/a  n/a
   0   47 |   7 1.0   19   9.9M  164  511  75%    10M |  99.9   n/a   1   27  1.15M   12   23  65%  81.9M    n/a  n/a
   0   48 |   7 1.0   19    10M  175  563  76%    10M |  99.9   n/a   1   27  1.21M   11   26  70%  81.9M    n/a  n/a
   0   49 |   7 1.0   19    10M  170  452  72%    10M |  99.9   n/a   1   27   998k    9   28  75%  81.9M    n/a  n/a
   0   4a |   7 1.0   19    10M  183  583  76%    10M |  99.9   n/a   1   27  1000k   11   21  65%  81.9M    n/a  n/a
   0   4b |   7 1.0   19    10M  165  502  75%    10M |  99.9   n/a   1   27  1.39M   14   26  65%  81.9M    n/a  n/a
   1   4c |   7 1.0   17    10M   97  263  73%    10M |  99.9   n/a   1   27  1.12M    5   11  68%  81.9M    n/a  n/a
   1   4d |   7 1.0   17   9.8M   90  288  76%    10M |  99.9   n/a   1   27  2.04M    9   10  52%  81.9M    n/a  n/a
   1   4e |   7 1.0   17   9.5M   94  314  76%    10M |  99.9   n/a   1   27  1.35M    6   14  70%  81.9M    n/a  n/a
   1   4f |   7 1.0   17   9.3M   85  262  75%    10M |  99.9   n/a   1   27   225k    1   11  91%  81.9M    n/a  n/a
   1   50 |   7 1.0   17   9.9M  102  234  69%    10M |  99.9   n/a   1   27   234k    1   15  93%  81.9M    n/a  n/a
   1   51 |   7 1.0   17   9.4M   92  266  74%    10M |  99.9   n/a   1   27  1.34M    6   12  66%  81.9M    n/a  n/a
   1   52 |   7 1.0   17   9.4M   84  288  77%    10M |  99.9   n/a   1   27  1.59M    7   13  65%  81.9M    n/a  n/a
   1   53 |   7 1.0    0      0    0    0   0%    10M |   n/a   n/a   1    0      0    0    0   0%  81.9M    n/a  n/a
   2   54 |   7 1.0   19   7.3M  172  582  77%    10M |  99.9   n/a   1   27   928k   11   29  72%  81.9M    n/a  n/a
   2   55 |   7 1.0   19   7.3M  156  561  78%    10M |  99.9   n/a   1   27   522k    8   31  79%  81.9M    n/a  n/a
   2   56 |   7 1.0   19   7.1M  163  596  78%    10M |  99.9   n/a   1   27   591k    8   30  78%  81.9M    n/a  n/a
   2   57 |   7 1.0   19   7.1M  146  584  80%    10M |  99.9   n/a   1   27   668k    9   30  76%  81.9M    n/a  n/a
   2   58 |   7 1.0   19   7.1M  164  661  80%    10M |  99.9   n/a   1   27  1.06M   12   27  69%  81.9M    n/a  n/a
   2   59 |   7 1.0   19   7.1M  149  514  77%    10M |  99.9   n/a   1   27   516k    7   32  82%  81.9M    n/a  n/a
   2   5a |   7 1.0   19   7.2M  165  661  80%    10M |  99.9   n/a   1   27   515k    7   30  81%  81.9M    n/a  n/a
   2   5b |   7 1.0   19   7.2M  152  566  78%    10M |  99.9   n/a   1   27   711k    9   29  76%  81.9M    n/a  n/a
   3   5c |   7 1.0   17    12M   98  347  77%    10M |  99.9   n/a   1   27  1.25M    5   11  68%  81.9M    n/a  n/a
   3   5d |   7 1.0   17    11M   89  315  77%    10M |  99.9   n/a   1   27  1.27M    5   12  70%  81.9M    n/a  n/a
   3   5e |   7 1.0   17    12M   89  350  79%    10M |  99.9   n/a   1   27  1.02M    4   12  75%  81.9M    n/a  n/a
   3   5f |   7 1.0   17    12M   99  321  76%    10M |  99.9   n/a   1   27  1.00M    4   10  71%  81.9M    n/a  n/a
   3   60 |   7 1.0   17    12M   98  302  75%    10M |  99.9   n/a   1   27  2.02M    8    9  52%  81.9M    n/a  n/a
   3   61 |   7 1.0   17    12M   89  345  79%    10M |  99.9   n/a   1   27   771k    3   15  83%  81.9M    n/a  n/a
   3   62 |   7 1.0   17    12M   88  315  78%    10M |  99.9   n/a   1   27  1.77M    7   11  61%  81.9M    n/a  n/a
   3   63 |   7 1.0    0      0    0    0   0%    10M |   n/a   n/a   1    0      0    0    0   0%  81.9M    n/a  n/a
   0   44 |   7 1.0   19   9.7M  161  606  79%    10M |  99.9   n/a   1   27   891k    9   21  70%  81.9M    n/a  n/a
   0   45 |   7 1.0   19   9.7M  161  493  75%    10M |  99.9   n/a   1   27  1.10M   12   23  65%  81.9M    n/a  n/a
   0   46 |   7 1.0   19   9.9M  177  583  76%    10M |  99.9   n/a   1   27   971k   10   25  71%  81.9M    n/a  n/a
   0   47 |   7 1.0   19    10M  171  585  77%    10M |  99.9   n/a   1   27  1.38M   13   20  60%  81.9M    n/a  n/a
   0   48 |   7 1.0   19   9.6M  179  566  75%    10M |  99.9   n/a   1   27  1.31M   13   21  61%  81.9M    n/a  n/a
   0   49 |   7 1.0   19  10.0M  160  484  75%    10M |  99.9   n/a   1   27  1.22M   13   21  61%  81.9M    n/a  n/a
   0   4a |   7 1.0   19   9.9M  176  578  76%    10M |  99.9   n/a   1   27  1.19M   12   22  64%  81.9M    n/a  n/a
   0   4b |   7 1.0   19    10M  165  492  74%    10M |  99.9   n/a   1   27  1.33M   13   23  63%  81.9M    n/a  n/a
   1   4c |   7 1.0   17   9.9M   95  242  71%    10M |  99.9   n/a   1   27  2.27M   10   10  50%  81.9M    n/a  n/a
   1   4d |   7 1.0   17    11M  105  184  63%    10M |  99.9   n/a   1   27  1.80M    8   10  55%  81.9M    n/a  n/a
   1   4e |   7 1.0   17   8.9M   83  251  75%    10M |  99.9   n/a   1   27  1.60M    7   14  66%  81.9M    n/a  n/a
   1   4f |   7 1.0   17   9.5M   90  201  69%    10M |  99.9   n/a   1   27  1.59M    7    9  56%  81.9M    n/a  n/a
   1   50 |   7 1.0   17   9.5M   83  183  68%    10M |  99.9   n/a   1   27   926k    4    9  69%  81.9M    n/a  n/a
   1   51 |   7 1.0   17    10M  102  213  67%    10M |  99.9   n/a   1   27   906k    4   11  73%  81.9M    n/a  n/a
   1   52 |   7 1.0   17    11M   99  192  65%    10M |  99.9   n/a   1   27  1.59M    7   12  63%  81.9M    n/a  n/a
   1   53 |   7 1.0    0      0    0    0   0%    10M |   n/a   n/a   1    0      0    0    0   0%  81.9M    n/a  n/a
   2   54 |   7 1.0   19   7.5M  170  556  76%    10M |  99.9   n/a   1   27   822k   10   21  67%  81.9M    n/a  n/a
   2   55 |   7 1.0   19   7.5M  164  523  76%    10M |  99.9   n/a   1   27   666k    9   24  72%  81.9M    n/a  n/a
   2   56 |   7 1.0   19   7.1M  160  637  79%    10M |  99.9   n/a   1   27   737k   10   25  71%  81.9M    n/a  n/a
   2   57 |   7 1.0   19   7.5M  156  524  77%    10M |  99.9   n/a   1   27   893k   11   23  67%  81.9M    n/a  n/a
   2   58 |   7 1.0   19   7.4M  170  560  76%    10M |  99.9   n/a   1   27   893k   10   22  68%  81.9M    n/a  n/a
   2   59 |   7 1.0   19   7.6M  162  555  77%    10M |  99.9   n/a   1   27   545k    6   23  79%  81.9M    n/a  n/a
   2   5a |   7 1.0   19   7.3M  168  611  78%    10M |  99.9   n/a   1   27   801k   10   24  70%  81.9M    n/a  n/a
   2   5b |   7 1.0   19   7.6M  166  500  75%    10M |  99.9   n/a   1   27   711k    9   27  75%  81.9M    n/a  n/a
   3   5c |   7 1.0   17   9.8M   78  366  82%    10M |  99.9   n/a   1   27  1.26M    5   11  68%  81.9M    n/a  n/a
   3   5d |   7 1.0   17    10M   89  338  79%    10M |  99.9   n/a   1   27  1.52M    6   12  66%  81.9M    n/a  n/a
   3   5e |   7 1.0   17   9.9M   74  361  82%    10M |  99.9   n/a   1   27  1.50M    6   11  64%  81.9M    n/a  n/a
   3   5f |   7 1.0   17   9.8M   81  349  81%    10M |  99.9   n/a   1   27  1.27M    5   12  70%  81.9M    n/a  n/a
   3   60 |   7 1.0   17    11M   94  352  78%    10M |  99.9   n/a   1   27   771k    3   13  81%  81.9M    n/a  n/a
   3   61 |   7 1.0   17    10M   88  327  78%    10M |  99.9   n/a   1   27  1.50M    6   10  62%  81.9M    n/a  n/a
   3   62 |   7 1.0   17   9.5M   82  401  83%    10M |  99.9   n/a   1   27  1.26M    5   11  68%  81.9M    n/a  n/a
   3   63 |   7 1.0    0      0    0    0   0%    10M |   n/a   n/a   1    0      0    0    0   0%  81.9M    n/a  n/a

          |--------------------DL---------------------|-------------------------------UL-----------------------------
 pci rnti | cqi  ri  mcs  brate   ok  nok  (%)  dl_bs | pusch  rsrp  ri  mcs  brate   ok  nok  (%)    bsr     ta  phr
   0   44 |   7 1.0   19    11M  193  511  72%    10M |  99.9   n/a   1   27  1.51M   14   30  68%  81.9M    n/a  n/a
   0   45 |   7 1.0   19    11M  184  540  74%    10M |  99.9   n/a   1   27  1.48M   14   28  66%  81.9M    n/a  n/a
   0   46 |   7 1.0   19    11M  183  585  76%    10M |  99.9   n/a   1   27  1.59M   15   27  64%  81.9M    n/a  n/a
   0   47 |   7 1.0   19    11M  181  504  73%    10M |  99.9   n/a   1   27  1.64M   16   29  64%  81.9M    n/a  n/a
   0   48 |   7 1.0   19    11M  184  540  74%    10M |  99.9   n/a   1   27  1.69M   17   30  63%  81.9M    n/a  n/a
   0   49 |   7 1.0   19    11M  176  505  74%    10M |  99.9   n/a   1   27  1.41M   15   30  66%  81.9M    n/a  n/a
   0   4a |   7 1.0   19    11M  177  578  76%    10M |  99.9   n/a   1   27  1.89M   19   25  56%  81.9M    n/a  n/a
   0   4b |   7 1.0   19    11M  184  513  73%    10M |  99.9   n/a   1   27  1.54M   15   26  63%  81.9M    n/a  n/a
   1   4c |   7 1.0   17    11M   98  184  65%    10M |  99.9   n/a   1   27   467k    2    4  66%  81.9M    n/a  n/a
   1   4d |   7 1.0   17    11M  111  151  57%    10M |  99.9   n/a   1   27  2.96M   13   13  50%  81.9M    n/a  n/a
   1   4e |   7 1.0   17    11M   97  169  63%    10M |  99.9   n/a   1   27  1.59M    7    9  56%  81.9M    n/a  n/a
   1   4f |   7 1.0   17    11M   98  205  67%    10M |  99.9   n/a   1   27  2.96M   13   14  51%  81.9M    n/a  n/a
   1   50 |   7 1.0   17    10M   88  184  67%    10M |  99.9   n/a   1   27   918k    4   12  75%  81.9M    n/a  n/a
   1   51 |   7 1.0   17    11M   98  181  64%    10M |  99.9   n/a   1   27  1.61M    7   14  66%  81.9M    n/a  n/a
   1   52 |   7 1.0   17    10M   95  233  71%    10M |  99.9   n/a   1   27   906k    4   11  73%  81.9M    n/a  n/a
   1   53 |   7 1.0    0      0    0    0   0%    10M |   n/a   n/a   1    0      0    0    0   0%  81.9M    n/a  n/a
   2   54 |   7 1.0   19   8.7M  211  524  71%    10M |  99.9   n/a   1   27  1.04M   14   24  63%  81.9M    n/a  n/a
   2   55 |   7 1.0   19   8.5M  185  505  73%    10M |  99.9   n/a   1   27  1.33M   17   23  57%  81.9M    n/a  n/a
   2   56 |   7 1.0   19   8.7M  189  570  75%    10M |  99.9   n/a   1   27  1.24M   17   21  55%  81.9M    n/a  n/a
   2   57 |   7 1.0   19   8.8M  185  544  74%    10M |  99.9   n/a   1   27  1.05M   15   22  59%  81.9M    n/a  n/a
   2   58 |   7 1.0   19   8.9M  205  567  73%    10M |  99.9   n/a   1   27  1.50M   20   20  50%  81.9M    n/a  n/a
   2   59 |   7 1.0   19   8.7M  192  513  72%    10M |  99.9   n/a   1   27  1.02M   14   22  61%  81.9M    n/a  n/a
   2   5a |   7 1.0   19   8.3M  186  540  74%    10M |  99.9   n/a   1   27  1.28M   17   22  56%  81.9M    n/a  n/a
   2   5b |   7 1.0   19   8.6M  185  526  73%    10M |  99.9   n/a   1   27  1.27M   18   22  55%  81.9M    n/a  n/a
   3   5c |   7 1.0   17    12M   93  374  80%    10M |  99.9   n/a   1   27  1.01M    4    9  69%  81.9M    n/a  n/a
   3   5d |   7 1.0   18    11M   85  314  78%    10M |  99.9   n/a   1   27  1.03M    4   10  71%  81.9M    n/a  n/a
   3   5e |   7 1.0   17    12M   87  290  76%    10M |  99.9   n/a   1   27  1.78M    7   11  61%  81.9M    n/a  n/a
   3   5f |   7 1.0   18    12M   84  331  79%    10M |  99.9   n/a   1   27  2.26M    9   13  59%  81.9M    n/a  n/a
   3   60 |   7 1.0   17    11M   85  376  81%    10M |  99.9   n/a   1   27   500k    2   14  87%  81.9M    n/a  n/a
   3   61 |   7 1.0   18    12M   86  301  77%    10M |  99.9   n/a   1   27  1.00M    4   11  73%  81.9M    n/a  n/a
   3   62 |   7 1.0   17    11M   84  358  80%    10M |  99.9   n/a   1   27  2.02M    8   12  60%  81.9M    n/a  n/a
   3   63 |   7 1.0    0      0    0    0   0%    10M |   n/a   n/a   1    0      0    0    0   0%  81.9M    n/a  n/a
   0   44 |   7 1.0   19   9.5M  165  607  78%    10M |  99.9   n/a   1   27  1.70M   18   19  51%  81.9M    n/a  n/a
   0   45 |   7 1.0   19   9.2M  164  567  77%    10M |  99.9   n/a   1   27  1.38M   13   21  61%  81.9M    n/a  n/a
   0   46 |   7 1.0   19    10M  182  531  74%    10M |  99.9   n/a   1   27  1.14M   12   23  65%  81.9M    n/a  n/a
   0   47 |   7 1.0   19   9.7M  166  549  76%    10M |  99.9   n/a   1   27  1.11M   11   20  64%  81.9M    n/a  n/a
   0   48 |   7 1.0   19   9.4M  160  624  79%    10M |  99.9   n/a   1   27   992k   10   24  70%  81.9M    n/a  n/a
   0   49 |   7 1.0   19   9.5M  157  497  75%    10M |  99.9   n/a   1   27  1.18M   11   23  67%  81.9M    n/a  n/a
   0   4a |   7 1.0   19   9.8M  173  523  75%    10M |  99.9   n/a   1   27  1.68M   16   16  50%  81.9M    n/a  n/a
   0   4b |   7 1.0   19   9.7M  162  558  77%    10M |  99.9   n/a   1   27  1.41M   14   21  60%  81.9M    n/a  n/a
   1   4c |   7 1.0   18   9.8M   87  241  73%    10M |  99.9   n/a   1   27   902k    4    8  66%  81.9M    n/a  n/a
   1   4d |   7 1.0   18    11M   89  201  69%    10M |  99.9   n/a   1   27  1.80M    8   10  55%  81.9M    n/a  n/a
   1   4e |   7 1.0   17   9.9M   91  235  72%    10M |  99.9   n/a   1   27   455k    2   13  86%  81.9M    n/a  n/a
   1   4f |   7 1.0   18    10M   88  215  70%    10M |  99.9   n/a   1   27  2.70M   12   13  52%  81.9M    n/a  n/a
   1   50 |   7 1.0   18   9.9M   82  212  72%    10M |  99.9   n/a   1   27   693k    3   10  76%  81.9M    n/a  n/a
   1   51 |   7 1.0   18    10M   91  224  71%    10M |  99.9   n/a   1   27  1.14M    5   13  72%  81.9M    n/a  n/a
   1   52 |   7 1.0   17   9.3M   91  272  74%    10M |  99.9   n/a   1   27  1.83M    8   13  61%  81.9M    n/a  n/a
   1   53 |   7 1.0    0      0    0    0   0%    10M |   n/a   n/a   1    0      0    0    0   0%  81.9M    n/a  n/a
   2   54 |   7 1.0   19   8.0M  184  553  75%    10M |  99.9   n/a   1   27   885k   11   24  68%  81.9M    n/a  n/a
   2   55 |   7 1.0   19   7.7M  169  512  75%    10M |  99.9   n/a   1   27   939k   12   22  64%  81.9M    n/a  n/a
   2   56 |   7 1.0   19   7.7M  170  570  77%    10M |  99.9   n/a   1   27   789k   11   24  68%  81.9M    n/a  n/a
   2   57 |   7 1.0   19   7.9M  175  480  73%    10M |  99.9   n/a   1   27   790k   11   23  67%  81.9M    n/a  n/a
   2   58 |   7 1.0   19   7.6M  170  584  77%    10M |  99.9   n/a   1   27   967k   12   23  65%  81.9M    n/a  n/a
   2   59 |   7 1.0   19   8.0M  174  515  74%    10M |  99.9   n/a   1   27   963k   12   24  66%  81.9M    n/a  n/a
   2   5a |   7 1.0   19   7.7M  175  636  78%    10M |  99.9   n/a   1   27   842k   11   25  69%  81.9M    n/a  n/a
   2   5b |   7 1.0   19   7.6M  170  572  77%    10M |  99.9   n/a   1   27   883k   10   22  68%  81.9M    n/a  n/a
   3   5c |   7 1.0   18   9.9M   84  368  81%    10M |  99.9   n/a   1   27   758k    3   15  83%  81.9M    n/a  n/a
   3   5d |   7 1.0   18    10M   77  352  82%    10M |  99.9   n/a   1   27  1.27M    5   13  72%  81.9M    n/a  n/a
   3   5e |   7 1.0   18   9.9M   79  317  80%    10M |  99.9   n/a   1   27   512k    2    9  81%  81.9M    n/a  n/a
   3   5f |   7 1.0   18   9.8M   82  326  79%    10M |  99.9   n/a   1   27  1.27M    5   10  66%  81.9M    n/a  n/a
   3   60 |   7 1.0   18    11M   87  377  81%    10M |  99.9   n/a   1   27  1.52M    6   10  62%  81.9M    n/a  n/a
   3   61 |   7 1.0   18    10M   80  333  80%    10M |  99.9   n/a   1   27  1.26M    5   11  68%  81.9M    n/a  n/a
   3   62 |   7 1.0   17   9.5M   77  364  82%    10M |  99.9   n/a   1   27   512k    2   12  85%  81.9M    n/a  n/a
   3   63 |   7 1.0    0      0    0    0   0%    10M |   n/a   n/a   1    0      0    0    0   0%  81.9M    n/a  n/a
   0   44 |   7 1.0   19    12M  205  541  72%    10M |  99.9   n/a   1   27  2.41M   24   18  42%  81.9M    n/a  n/a
   0   45 |   7 1.0   19    11M  184  477  72%    10M |  99.9   n/a   1   27  1.97M   19   17  47%  81.9M    n/a  n/a
   0   46 |   7 1.0   19    12M  206  523  71%    10M |  99.9   n/a   1   27  2.45M   24   17  41%  81.9M    n/a  n/a
   0   47 |   7 1.0   19    11M  185  519  73%    10M |  99.9   n/a   1   27  1.35M   14   22  61%  81.9M    n/a  n/a
   0   48 |   7 1.0   19    11M  196  467  70%    10M |  99.9   n/a   1   27  2.35M   25   13  34%  81.9M    n/a  n/a
   0   49 |   7 1.0   19    11M  185  486  72%    10M |  99.9   n/a   1   27  1.62M   16   17  51%  81.9M    n/a  n/a
   0   4a |   7 1.0   19    12M  196  472  70%    10M |  99.9   n/a   1   27  2.75M   26   12  31%  81.9M    n/a  n/a
   0   4b |   7 1.0   19    11M  179  472  72%    10M |  99.9   n/a   1   27  1.95M   19   21  52%  81.9M    n/a  n/a
   1   4c |   7 1.0   18   9.2M   88  246  73%    10M |  99.9   n/a   1   27   914k    4   14  77%  81.9M    n/a  n/a
   1   4d |   7 1.0   18   9.5M   85  271  76%    10M |  99.9   n/a   1   27   467k    2    6  75%  81.9M    n/a  n/a
   1   4e |   7 1.0   18    10M   94  249  72%    10M |  99.9   n/a   1   27  2.27M   10   11  52%  81.9M    n/a  n/a
   1   4f |   7 1.0   18   9.9M   98  226  69%    10M |  99.9   n/a   1   27  1.36M    6   11  64%  81.9M    n/a  n/a
   1   50 |   7 1.0   18   8.7M   82  310  79%    10M |  99.9   n/a   1   27   914k    4   12  75%  81.9M    n/a  n/a
   1   51 |   7 1.0   18   9.4M   82  242  74%    10M |  99.9   n/a   1   27   668k    3   14  82%  81.9M    n/a  n/a
   1   52 |   7 1.0   18   8.4M   75  245  76%    10M |  99.9   n/a   1   27  1.12M    5   12  70%  81.9M    n/a  n/a
   1   53 |   7 1.0    0      0    0    0   0%    10M |   n/a   n/a   1    0      0    0    0   0%  81.9M    n/a  n/a
   2   54 |   7 1.0   19   6.9M  160  584  78%    10M |  99.9   n/a   1   27  1.14M   15   19  55%  81.9M    n/a  n/a
   2   55 |   7 1.0   19   6.8M  146  584  80%    10M |  99.9   n/a   1   27   428k    6   22  78%  81.9M    n/a  n/a
   2   56 |   7 1.0   19   7.1M  157  617  79%    10M |  99.9   n/a   1   27   761k   10   20  66%  81.9M    n/a  n/a
   2   57 |   7 1.0   19   6.9M  149  607  80%    10M |  99.9   n/a   1   27   850k   11   21  65%  81.9M    n/a  n/a
   2   58 |   7 1.0   19   7.1M  160  659  80%    10M |  99.9   n/a   1   27   592k    8   26  76%  81.9M    n/a  n/a
   2   59 |   7 1.0   19   7.1M  147  515  77%    10M |  99.9   n/a   1   27   656k    9   22  70%  81.9M    n/a  n/a
   2   5a |   7 1.0   19   7.0M  165  673  80%    10M |  99.9   n/a   1   27   699k   10   22  68%  81.9M    n/a  n/a
   2   5b |   7 1.0   19   7.1M  153  566  78%    10M |  99.9   n/a   1   27   643k    9   24  72%  81.9M    n/a  n/a

          |--------------------DL---------------------|-------------------------------UL-----------------------------
 pci rnti | cqi  ri  mcs  brate   ok  nok  (%)  dl_bs | pusch  rsrp  ri  mcs  brate   ok  nok  (%)    bsr     ta  phr
   3   5c |   7 1.0   18    11M   79  355  81%    10M |  99.9   n/a   1   27  1.52M    6    9  60%  81.9M    n/a  n/a
   3   5d |   7 1.0   18    11M   84  344  80%    10M |  99.9   n/a   1   27   996k    4    7  63%  81.9M    n/a  n/a
   3   5e |   7 1.0   18    11M   87  341  79%    10M |  99.9   n/a   1   27  2.53M   10   11  52%  81.9M    n/a  n/a
   3   5f |   7 1.0   18    11M   82  327  79%    10M |  99.9   n/a   1   27  2.03M    8   15  65%  81.9M    n/a  n/a
   3   60 |   7 1.0   18    10M   75  383  83%    10M |  99.9   n/a   1   27  1.27M    5   14  73%  81.9M    n/a  n/a
   3   61 |   7 1.0   18    11M   81  399  83%    10M |  99.9   n/a   1   27  1.52M    6   11  64%  81.9M    n/a  n/a
   3   62 |   7 1.0   18    11M   78  369  82%    10M |  99.9   n/a   1   27  1.01M    4   13  76%  81.9M    n/a  n/a
   3   63 |   7 1.0    0      0    0    0   0%    10M |   n/a   n/a   1    0      0    0    0   0%  81.9M    n/a  n/a
   0   44 |   7 1.0   19   9.8M  167  515  75%    10M |  99.9   n/a   1   27  1.79M   18   21  53%  81.9M    n/a  n/a
   0   45 |   7 1.0   19    10M  172  475  73%    10M |  99.9   n/a   1   27  1.47M   15   20  57%  81.9M    n/a  n/a
   0   46 |   7 1.0   19    10M  182  552  75%    10M |  99.9   n/a   1   27  1.57M   14   21  60%  81.9M    n/a  n/a
   0   47 |   7 1.0   19    10M  165  524  76%    10M |  99.9   n/a   1   27  2.05M   23   15  39%  81.9M    n/a  n/a
   0   48 |   7 1.0   19   9.9M  169  519  75%    10M |  99.9   n/a   1   27  2.33M   22   14  38%  81.9M    n/a  n/a
   0   49 |   7 1.0   19   9.8M  166  560  77%    10M |  99.9   n/a   1   27  1.32M   14   25  64%  81.9M    n/a  n/a
   0   4a |   7 1.0   19    10M  179  552  75%    10M |  99.9   n/a   1   27  1.34M   14   21  60%  81.9M    n/a  n/a
   0   4b |   7 1.0   19    10M  177  544  75%    10M |  99.9   n/a   1   27  1.40M   14   20  58%  81.9M    n/a  n/a
   1   4c |   7 1.0   18    10M   87  295  77%    10M |  99.9   n/a   1   27   902k    4   11  73%  81.9M    n/a  n/a
   1   4d |   7 1.0   18   9.9M   84  317  79%    10M |  99.9   n/a   1   27   689k    3    7  70%  81.9M    n/a  n/a
   1   4e |   7 1.0   18    11M   90  283  75%    10M |  99.9   n/a   1   27  1.37M    6   11  64%  81.9M    n/a  n/a
   1   4f |   7 1.0   18   9.6M   84  310  78%    10M |  99.9   n/a   1   27  1.37M    6    9  60%  81.9M    n/a  n/a
   1   50 |   7 1.0   18    10M   88  279  76%    10M |  99.9   n/a   1   27  1.14M    5   11  68%  81.9M    n/a  n/a
   1   51 |   7 1.0   18    10M   95  282  74%    10M |  99.9   n/a   1   27  1.59M    7   11  61%  81.9M    n/a  n/a
   1   52 |   7 1.0   18    10M   92  283  75%    10M |  99.9   n/a   1   27  1.80M    8    9  52%  81.9M    n/a  n/a
   1   53 |   7 1.0    0      0    0    0   0%    10M |   n/a   n/a   1    0      0    0    0   0%  81.9M    n/a  n/a
   2   54 |   7 1.0   19   7.3M  169  654  79%    10M |  99.9   n/a   1   27   966k   12   23  65%  81.9M    n/a  n/a
   2   55 |   7 1.0   19   7.1M  151  525  77%    10M |  99.9   n/a   1   27   609k    8   26  76%  81.9M    n/a  n/a
   2   56 |   7 1.0   19   7.8M  168  611  78%    10M |  99.9   n/a   1   27   749k   10   25  71%  81.9M    n/a  n/a
   2   57 |   7 1.0   19   7.5M  156  531  77%    10M |  99.9   n/a   1   27   846k   12   21  63%  81.9M    n/a  n/a
   2   58 |   7 1.0   19   7.5M  168  675  80%    10M |  99.9   n/a   1   27   824k    9   22  70%  81.9M    n/a  n/a
   2   59 |   7 1.0   19   7.3M  151  524  77%    10M |  99.9   n/a   1   27   696k    9   20  68%  81.9M    n/a  n/a
   2   5a |   7 1.0   19   7.4M  169  575  77%    10M |  99.9   n/a   1   27   834k   10   21  67%  81.9M    n/a  n/a
   2   5b |   7 1.0   19   7.3M  157  551  77%    10M |  99.9   n/a   1   27   679k    9   24  72%  81.9M    n/a  n/a
   3   5c |   7 1.0   18    11M   87  328  79%    10M |  99.9   n/a   1   27   762k    3   11  78%  81.9M    n/a  n/a
   3   5d |   7 1.0   18    11M   79  336  80%    10M |  99.9   n/a   1   27  1.27M    5   17  77%  81.9M    n/a  n/a
   3   5e |   7 1.0   18    11M   83  361  81%    10M |  99.9   n/a   1   27  1.00M    4   11  73%  81.9M    n/a  n/a
   3   5f |   7 1.0   18    11M   86  354  80%    10M |  99.9   n/a   1   27  2.28M    9   11  55%  81.9M    n/a  n/a
   3   60 |   7 1.0   18    12M   95  353  78%    10M |  99.9   n/a   1   27   754k    3   10  76%  81.9M    n/a  n/a
   3   61 |   7 1.0   18    11M   82  355  81%    10M |  99.9   n/a   1   27  1.02M    4    9  69%  81.9M    n/a  n/a
   3   62 |   7 1.0   18    12M   90  345  79%    10M |  99.9   n/a   1   27  1.51M    6   11  64%  81.9M    n/a  n/a
   3   63 |   7 1.0    0      0    0    0   0%    10M |   n/a   n/a   1    0      0    0    0   0%  81.9M    n/a  n/a
   0   44 |   7 1.0   19    12M  217  497  69%    10M |  99.9   n/a   1   27  2.64M   26   23  46%  81.9M    n/a  n/a
   0   45 |   7 1.0   19    12M  189  427  69%    10M |  99.9   n/a   1   27  1.05M   11   24  68%  81.9M    n/a  n/a
   0   46 |   7 1.0   19    11M  190  482  71%    10M |  99.9   n/a   1   27  1.38M   14   25  64%  81.9M    n/a  n/a
   0   47 |   7 1.0   19    12M  194  425  68%    10M |  99.9   n/a   1   27  1.60M   17   19  52%  81.9M    n/a  n/a
   0   48 |   7 1.0   19    11M  187  542  74%    10M |  99.9   n/a   1   27  2.16M   22   21  48%  81.9M    n/a  n/a
   0   49 |   7 1.0   19    12M  201  455  69%    10M |  99.9   n/a   1   27  2.17M   22   19  46%  81.9M    n/a  n/a
   0   4a |   7 1.0   19    12M  202  478  70%    10M |  99.9   n/a   1   27  2.54M   26   20  43%  81.9M    n/a  n/a
   0   4b |   7 1.0   19    12M  194  448  69%    10M |  99.9   n/a   1   27  1.98M   19   25  56%  81.9M    n/a  n/a
   1   4c |   7 1.0   18   9.0M   70  387  84%    10M |  99.9   n/a   1   27   439k    2   14  87%  81.9M    n/a  n/a
   1   4d |   7 1.0   18   9.5M   84  400  82%    10M |  99.9   n/a   1   27   668k    3   14  82%  81.9M    n/a  n/a
   1   4e |   7 1.0   18   9.7M   90  369  80%    10M |  99.9   n/a   1   27  1.11M    5   13  72%  81.9M    n/a  n/a
   1   4f |   7 1.0   18   9.4M   82  358  81%    10M |  99.9   n/a   1   27  1.36M    6   14  70%  81.9M    n/a  n/a
   1   50 |   7 1.0   18   8.9M   72  429  85%    10M |  99.9   n/a   1   27   459k    2   13  86%  81.9M    n/a  n/a
   1   51 |   7 1.0   18   9.1M   76  374  83%    10M |  99.9   n/a   1   27   893k    4   16  80%  81.9M    n/a  n/a
   1   52 |   7 1.0   18   8.6M   76  435  85%    10M |  99.9   n/a   1   27  1.35M    6   15  71%  81.9M    n/a  n/a
   1   53 |   7 1.0    0      0    0    0   0%    10M |   n/a   n/a   1    0      0    0    0   0%  81.9M    n/a  n/a
   2   54 |   7 1.0   19   9.5M  208  563  73%    10M |  99.9   n/a   1   27  1.13M   15   21  58%  81.9M    n/a  n/a
   2   55 |   7 1.0   19   9.2M  195  466  70%    10M |  99.9   n/a   1   27   797k   11   24  68%  81.9M    n/a  n/a
   2   56 |   7 1.0   19   9.5M  219  515  70%    10M |  99.9   n/a   1   27   998k   12   23  65%  81.9M    n/a  n/a
   2   57 |   7 1.0   19   9.6M  207  467  69%    10M |  99.9   n/a   1   27   849k   12   22  64%  81.9M    n/a  n/a
   2   58 |   7 1.0   19   9.6M  222  479  68%    10M |  99.9   n/a   1   27  1.31M   17   23  57%  81.9M    n/a  n/a
   2   59 |   7 1.0   19   9.5M  214  525  71%    10M |  99.9   n/a   1   27  1.29M   16   24  60%  81.9M    n/a  n/a
   2   5a |   7 1.0   19   9.8M  221  570  72%    10M |  99.9   n/a   1   27  1.17M   16   24  60%  81.9M    n/a  n/a
   2   5b |   7 1.0   19   9.4M  202  498  71%    10M |  99.9   n/a   1   27  1.16M   15   21  58%  81.9M    n/a  n/a
   3   5c |   7 1.0   18    12M   90  330  78%    10M |  99.9   n/a   1   27  1.52M    6   11  64%  81.9M    n/a  n/a
   3   5d |   7 1.0   18    12M   90  347  79%    10M |  99.9   n/a   1   27  1.52M    6   12  66%  81.9M    n/a  n/a
   3   5e |   7 1.0   18    12M   86  316  78%    10M |  99.9   n/a   1   27  1.52M    6   10  62%  81.9M    n/a  n/a
   3   5f |   7 1.0   18    11M   81  336  80%    10M |  99.9   n/a   1   27  1.52M    6   14  70%  81.9M    n/a  n/a
   3   60 |   7 1.0   18    12M   88  365  80%    10M |  99.9   n/a   1   27  1.00M    4   11  73%  81.9M    n/a  n/a
   3   61 |   7 1.0   18    12M   84  344  80%    10M |  99.9   n/a   1   27  1.52M    6   12  66%  81.9M    n/a  n/a
   3   62 |   7 1.0   18    12M   87  355  80%    10M |  99.9   n/a   1   27  1.52M    6   10  62%  81.9M    n/a  n/a
   3   63 |   7 1.0    0      0    0    0   0%    10M |   n/a   n/a   1    0      0    0    0   0%  81.9M    n/a  n/a
   0   44 |   7 1.0   19   9.6M  169  542  76%    10M |  99.9   n/a   1   27   543k    6   22  78%  81.9M    n/a  n/a
   0   45 |   7 1.0   19   9.2M  153  498  76%    10M |  99.9   n/a   1   27  1.33M   12   19  61%  81.9M    n/a  n/a
   0   46 |   7 1.0   19   9.1M  152  613  80%    10M |  99.9   n/a   1   27  1.29M   13   18  58%  81.9M    n/a  n/a
   0   47 |   7 1.0   19   9.0M  158  600  79%    10M |  99.9   n/a   1   27   410k    4   25  86%  81.9M    n/a  n/a
   0   48 |   7 1.0   19   9.4M  160  597  78%    10M |  99.9   n/a   1   27   971k   10   16  61%  81.9M    n/a  n/a
   0   49 |   7 1.0   19   9.0M  153  583  79%    10M |  99.9   n/a   1   27   539k    6   23  79%  81.9M    n/a  n/a
   0   4a |   7 1.0   19  10.0M  173  518  74%    10M |  99.9   n/a   1   27   932k    9   24  72%  81.9M    n/a  n/a
   0   4b |   7 1.0   19   9.3M  154  515  76%    10M |  99.9   n/a   1   27  1.86M   18   14  43%  81.9M    n/a  n/a
   1   4c |   7 1.0   18    11M   96  371  79%    10M |  99.9   n/a   1   27  2.28M   10   11  52%  81.9M    n/a  n/a
   1   4d |   7 1.0   18    10M   79  390  83%    10M |  99.9   n/a   1   27  1.13M    5   13  72%  81.9M    n/a  n/a
   1   4e |   7 1.0   18    11M   84  366  81%    10M |  99.9   n/a   1   27   906k    4   12  75%  81.9M    n/a  n/a
   1   4f |   7 1.0   18    10M   90  404  81%    10M |  99.9   n/a   1   27  1.59M    7   11  61%  81.9M    n/a  n/a
   1   50 |   7 1.0   18    11M  102  412  80%    10M |  99.9   n/a   1   27  1.59M    7   12  63%  81.9M    n/a  n/a
   1   51 |   7 1.0   18    10M   84  358  80%    10M |  99.9   n/a   1   27  1.58M    7   10  58%  81.9M    n/a  n/a
   1   52 |   7 1.0   18   9.6M   80  415  83%    10M |  99.9   n/a   1   27  1.13M    5   11  68%  81.9M    n/a  n/a
   1   53 |   7 1.0    0      0    0    0   0%    10M |   n/a   n/a   1    0      0    0    0   0%  81.9M    n/a  n/a

          |--------------------DL---------------------|-------------------------------UL-----------------------------
 pci rnti | cqi  ri  mcs  brate   ok  nok  (%)  dl_bs | pusch  rsrp  ri  mcs  brate   ok  nok  (%)    bsr     ta  phr
   2   54 |   7 1.0   19   7.8M  180  552  75%    10M |  99.9   n/a   1   27   725k   10   24  70%  81.9M    n/a  n/a
   2   55 |   7 1.0   19   7.2M  154  567  78%    10M |  99.9   n/a   1   27   984k   13   22  62%  81.9M    n/a  n/a
   2   56 |   7 1.0   19   7.4M  162  600  78%    10M |  99.9   n/a   1   27  1.06M   14   20  58%  81.9M    n/a  n/a
   2   57 |   7 1.0   19   7.4M  155  537  77%    10M |  99.9   n/a   1   27  1.09M   15   21  58%  81.9M    n/a  n/a
   2   58 |   7 1.0   19   7.4M  172  598  77%    10M |  99.9   n/a   1   27   990k   13   23  63%  81.9M    n/a  n/a
   2   59 |   7 1.0   19   7.4M  156  562  78%    10M |  99.9   n/a   1   27   458k    7   27  79%  81.9M    n/a  n/a
   2   5a |   7 1.0   19   7.2M  163  691  80%    10M |  99.9   n/a   1   27   647k    8   22  73%  81.9M    n/a  n/a
   2   5b |   7 1.0   19   7.5M  159  587  78%    10M |  99.9   n/a   1   27  1.01M   14   19  57%  81.9M    n/a  n/a
   3   5c |   7 1.0   18    11M   84  397  82%    10M |  99.9   n/a   1   27   771k    3   12  80%  81.9M    n/a  n/a
   3   5d |   7 1.0   18    11M   81  415  83%    10M |  99.9   n/a   1   27  1.75M    7   15  68%  81.9M    n/a  n/a
   3   5e |   7 1.0   18    11M   86  351  80%    10M |  99.9   n/a   1   27  1.79M    7   13  65%  81.9M    n/a  n/a
   3   5f |   7 1.0   18    11M   84  401  82%    10M |  99.9   n/a   1   27  2.01M    8   11  57%  81.9M    n/a  n/a
   3   60 |   7 1.0   18    11M   85  399  82%    10M |  99.9   n/a   1   27   500k    2   14  87%  81.9M    n/a  n/a
   3   61 |   7 1.0   18    12M   86  360  80%    10M |  99.9   n/a   1   27   262k    1   13  92%  81.9M    n/a  n/a
   3   62 |   7 1.0   18    11M   82  394  82%    10M |  99.9   n/a   1   27  2.01M    8   13  61%  81.9M    n/a  n/a
   3   63 |   7 1.0    0      0    0    0   0%    10M |   n/a   n/a   1    0      0    0    0   0%  81.9M    n/a  n/a
   0   44 |   7 1.0   19   9.3M  155  582  78%    10M |  99.9   n/a   1   27  1.26M   12   22  64%  81.9M    n/a  n/a
   0   45 |   7 1.0   19   9.0M  151  467  75%    10M |  99.9   n/a   1   27  1.22M   12   25  67%  81.9M    n/a  n/a
   0   46 |   7 1.0   19   8.4M  148  651  81%    10M |  99.9   n/a   1   27  1.04M   11   21  65%  81.9M    n/a  n/a
   0   47 |   7 1.0   19   9.3M  159  536  77%    10M |  99.9   n/a   1   27   953k    8   19  70%  81.9M    n/a  n/a
   0   48 |   7 1.0   19   8.9M  152  545  78%    10M |  99.9   n/a   1   27   953k    9   22  70%  81.9M    n/a  n/a
   0   49 |   7 1.0   19   9.0M  148  529  78%    10M |  99.9   n/a   1   27  1.05M   11   17  60%  81.9M    n/a  n/a
   0   4a |   7 1.0   19   9.3M  162  581  78%    10M |  99.9   n/a   1   27  1.10M   11   22  66%  81.9M    n/a  n/a
   0   4b |   7 1.0   19   9.0M  153  538  77%    10M |  99.9   n/a   1   27   969k   10   20  66%  81.9M    n/a  n/a
   1   4c |   7 1.0   18   8.5M   69  438  86%    10M |  99.9   n/a   1   27   668k    3   13  81%  81.9M    n/a  n/a
   1   4d |   7 1.0   18   8.8M   71  434  85%    10M |  99.9   n/a   1   27   459k    2   11  84%  81.9M    n/a  n/a
   1   4e |   7 1.0   18   8.8M   70  404  85%    10M |  99.9   n/a   1   27   685k    3   12  80%  81.9M    n/a  n/a
   1   4f |   7 1.0   18   8.5M   68  449  86%    10M |  99.9   n/a   1   27  1.13M    5   11  68%  81.9M    n/a  n/a
   1   50 |   7 1.0   18   8.8M   66  475  87%    10M |  99.9   n/a   1   27   676k    3   10  76%  81.9M    n/a  n/a
   1   51 |   7 1.0   18   8.6M   77  453  85%    10M |  99.9   n/a   1   27   455k    2   12  85%  81.9M    n/a  n/a
   1   52 |   7 1.0   18   8.4M   66  474  87%    10M |  99.9   n/a   1   27   676k    3   11  78%  81.9M    n/a  n/a
   1   53 |   7 1.0    0      0    0    0   0%    10M |   n/a   n/a   1    0      0    0    0   0%  81.9M    n/a  n/a
   2   54 |   7 1.0   19   7.8M  176  615  77%    10M |  99.9   n/a   1   27   910k   11   25  69%  81.9M    n/a  n/a
   2   55 |   7 1.0   19   8.0M  173  557  76%    10M |  99.9   n/a   1   27   965k   13   23  63%  81.9M    n/a  n/a
   2   56 |   7 1.0   19   8.0M  175  558  76%    10M |  99.9   n/a   1   27  1.08M   16   22  57%  81.9M    n/a  n/a
   2   57 |   7 1.0   19   7.9M  171  559  76%    10M |  99.9   n/a   1   27   802k   10   24  70%  81.9M    n/a  n/a
   2   58 |   7 1.0   19   8.0M  178  598  77%    10M |  99.9   n/a   1   27  1.19M   16   27  62%  81.9M    n/a  n/a
   2   59 |   7 1.0   19   7.9M  167  580  77%    10M |  99.9   n/a   1   27  1.18M   15   24  61%  81.9M    n/a  n/a
   2   5a |   7 1.0   19   7.9M  181  543  75%    10M |  99.9   n/a   1   27   992k   14   21  60%  81.9M    n/a  n/a
   2   5b |   7 1.0   19   7.8M  168  524  75%    10M |  99.9   n/a   1   27   856k   11   24  68%  81.9M    n/a  n/a
   3   5c |   7 1.0   18    12M   96  365  79%    10M |  99.9   n/a   1   27  1.25M    5   12  70%  81.9M    n/a  n/a
   3   5d |   7 1.0   19    12M   78  358  82%    10M |  99.9   n/a   1   27  1.77M    7   15  68%  81.9M    n/a  n/a
   3   5e |   7 1.0   18    12M   78  356  82%    10M |  99.9   n/a   1   27  1.27M    5   12  70%  81.9M    n/a  n/a
   3   5f |   7 1.0   19    12M   83  369  81%    10M |  99.9   n/a   1   27   500k    2   13  86%  81.9M    n/a  n/a
   3   60 |   7 1.0   18    11M   82  388  82%    10M |  99.9   n/a   1   27  1.77M    7   13  65%  81.9M    n/a  n/a
   3   61 |   7 1.0   18    11M   83  414  83%    10M |  99.9   n/a   1   27  1.01M    4   11  73%  81.9M    n/a  n/a
   3   62 |   7 1.0   18    11M   96  420  81%    10M |  99.9   n/a   1   27  1.75M    7   10  58%  81.9M    n/a  n/a
   3   63 |   7 1.0    0      0    0    0   0%    10M |   n/a   n/a   1    0      0    0    0   0%  81.9M    n/a  n/a
   0   44 |   7 1.0   19   9.3M  163  632  79%    10M |  99.9   n/a   1   27   965k    9   22  70%  81.9M    n/a  n/a
   0   45 |   7 1.0   19   9.0M  154  609  79%    10M |  99.9   n/a   1   27  1.23M   11   19  63%  81.9M    n/a  n/a
   0   46 |   7 1.0   19   9.4M  156  573  78%    10M |  99.9   n/a   1   27  1.02M   10   23  69%  81.9M    n/a  n/a
   0   47 |   7 1.0   19   9.0M  153  535  77%    10M |  99.9   n/a   1   27   953k   10   24  70%  81.9M    n/a  n/a
   0   48 |   7 1.0   19   9.1M  159  597  78%    10M |  99.9   n/a   1   27  1.03M   10   23  69%  81.9M    n/a  n/a
   0   49 |   7 1.0   19   9.5M  160  553  77%    10M |  99.9   n/a   1   27  1.31M   13   21  61%  81.9M    n/a  n/a
   0   4a |   7 1.0   19   9.1M  163  618  79%    10M |  99.9   n/a   1   27  1.04M   10   21  67%  81.9M    n/a  n/a
   0   4b |   7 1.0   19   9.3M  152  570  78%    10M |  99.9   n/a   1   27   977k   10   21  67%  81.9M    n/a  n/a
   1   4c |   7 1.0   18   9.0M   76  424  84%    10M |  99.9   n/a   1   27   693k    3   12  80%  81.9M    n/a  n/a
   1   4d |   7 1.0   19   9.2M   76  367  82%    10M |  99.9   n/a   1   27  1.36M    6   11  64%  81.9M    n/a  n/a
   1   4e |   7 1.0   18   9.0M   79  406  83%    10M |  99.9   n/a   1   27   701k    3   12  80%  81.9M    n/a  n/a
   1   4f |   7 1.0   19   9.1M   72  412  85%    10M |  99.9   n/a   1   27   676k    3   12  80%  81.9M    n/a  n/a
   1   50 |   7 1.0   18   9.9M   84  406  82%    10M |  99.9   n/a   1   27  1.13M    5   11  68%  81.9M    n/a  n/a
   1   51 |   7 1.0   19   9.5M   84  411  83%    10M |  99.9   n/a   1   27   894k    4   10  71%  81.9M    n/a  n/a
   1   52 |   7 1.0   18   9.4M   78  431  84%    10M |  99.9   n/a   1   27   676k    3   12  80%  81.9M    n/a  n/a
   1   53 |   7 1.0    0      0    0    0   0%    10M |   n/a   n/a   1    0      0    0    0   0%  81.9M    n/a  n/a
   2   54 |   7 1.0   19   7.5M  164  708  81%    10M |  99.9   n/a   1   27   672k    8   23  74%  81.9M    n/a  n/a
   2   55 |   7 1.0   19   7.3M  163  540  76%    10M |  99.9   n/a   1   27   850k   10   22  68%  81.9M    n/a  n/a
   2   56 |   7 1.0   19   7.6M  172  616  78%    10M |  99.9   n/a   1   27   581k    8   22  73%  81.9M    n/a  n/a
   2   57 |   7 1.0   19   7.2M  161  572  78%    10M |  99.9   n/a   1   27   785k   10   23  69%  81.9M    n/a  n/a
   2   58 |   7 1.0   19   7.9M  179  507  73%    10M |  99.9   n/a   1   27   961k   12   21  63%  81.9M    n/a  n/a
   2   59 |   7 1.0   19   7.6M  161  541  77%    10M |  99.9   n/a   1   27  1.13M   16   19  54%  81.9M    n/a  n/a
   2   5a |   7 1.0   19   8.0M  184  589  76%    10M |  99.9   n/a   1   27   706k   11   25  69%  81.9M    n/a  n/a
   2   5b |   7 1.0   19   7.5M  162  559  77%    10M |  99.9   n/a   1   27   708k   10   21  67%  81.9M    n/a  n/a
   3   5c |   7 1.0   19    11M   81  418  83%    10M |  99.9   n/a   1   27  1.52M    6   10  62%  81.9M    n/a  n/a
   3   5d |   7 1.0   19    11M   77  418  84%    10M |  99.9   n/a   1   27   250k    1   10  90%  81.9M    n/a  n/a
   3   5e |   7 1.0   18    10M   71  408  85%    10M |  99.9   n/a   1   27   508k    2   11  84%  81.9M    n/a  n/a
   3   5f |   7 1.0   19    11M   77  393  83%    10M |  99.9   n/a   1   27  1.53M    6   11  64%  81.9M    n/a  n/a
   3   60 |   7 1.0   18    10M   89  448  83%    10M |  99.9   n/a   1   27   750k    3   11  78%  81.9M    n/a  n/a
   3   61 |   7 1.0   19    10M   83  381  82%    10M |  99.9   n/a   1   27   750k    3   13  81%  81.9M    n/a  n/a
   3   62 |   7 1.0   18    10M   80  404  83%    10M |  99.9   n/a   1   27  1.02M    4   14  77%  81.9M    n/a  n/a
   3   63 |   7 1.0    0      0    0    0   0%    10M |   n/a   n/a   1    0      0    0    0   0%  81.9M    n/a  n/a
   0   44 |   7 1.0   19   9.8M  172  556  76%    10M |  99.9   n/a   1   27  1.14M   11   25  69%  81.9M    n/a  n/a
   0   45 |   7 1.0   19   9.7M  166  547  76%    10M |  99.9   n/a   1   27  1.06M   10   24  70%  81.9M    n/a  n/a
   0   46 |   7 1.0   19   9.5M  171  589  77%    10M |  99.9   n/a   1   27  1.13M   11   25  69%  81.9M    n/a  n/a
   0   47 |   7 1.0   19   9.7M  167  469  73%    10M |  99.9   n/a   1   27  1.03M   11   26  70%  81.9M    n/a  n/a
   0   48 |   7 1.0   19   9.4M  163  556  77%    10M |  99.9   n/a   1   27  1.07M   11   24  68%  81.9M    n/a  n/a
   0   49 |   7 1.0   19   9.8M  164  501  75%    10M |  99.9   n/a   1   27   828k    8   24  75%  81.9M    n/a  n/a
   0   4a |   7 1.0   19   9.2M  161  603  78%    10M |  99.9   n/a   1   27   803k    8   27  77%  81.9M    n/a  n/a
   0   4b |   7 1.0   19   9.5M  163  508  75%    10M |  99.9   n/a   1   27  1.05M   11   24  68%  81.9M    n/a  n/a

          |--------------------DL---------------------|-------------------------------UL-----------------------------
 pci rnti | cqi  ri  mcs  brate   ok  nok  (%)  dl_bs | pusch  rsrp  ri  mcs  brate   ok  nok  (%)    bsr     ta  phr
   1   4c |   7 1.0   19    12M   92  367  79%    10M |  99.9   n/a   1   27   906k    4   10  71%  81.9M    n/a  n/a
   1   4d |   7 1.0   19    11M   90  391  81%    10M |  99.9   n/a   1   27  1.34M    6   11  64%  81.9M    n/a  n/a
   1   4e |   7 1.0   18    11M  102  315  75%    10M |  99.9   n/a   1   27  1.61M    7   12  63%  81.9M    n/a  n/a
   1   4f |   7 1.0   19    11M   90  396  81%    10M |  99.9   n/a   1   27  1.79M    8   11  57%  81.9M    n/a  n/a
   1   50 |   7 1.0   19    12M   89  409  82%    10M |  99.9   n/a   1   27   467k    2   12  85%  81.9M    n/a  n/a
   1   51 |   7 1.0   19    12M   90  375  80%    10M |  99.9   n/a   1   27   898k    4   11  73%  81.9M    n/a  n/a
   1   52 |   7 1.0   18    12M   99  361  78%    10M |  99.9   n/a   1   27  1.14M    5   13  72%  81.9M    n/a  n/a
   1   53 |   7 1.0    0      0    0    0   0%    10M |   n/a   n/a   1    0      0    0    0   0%  81.9M    n/a  n/a
   2   54 |   7 1.0   19   7.0M  168  620  78%    10M |  99.9   n/a   1   27   596k    8   30  78%  81.9M    n/a  n/a
   2   55 |   7 1.0   19   6.9M  151  561  78%    10M |  99.9   n/a   1   27   363k    4   30  88%  81.9M    n/a  n/a
   2   56 |   7 1.0   19   6.6M  152  616  80%    10M |  99.9   n/a   1   27   392k    5   31  86%  81.9M    n/a  n/a
   2   57 |   7 1.0   19   6.7M  150  568  79%    10M |  99.9   n/a   1   27   336k    4   26  86%  81.9M    n/a  n/a
   2   58 |   7 1.0   19   6.9M  161  647  80%    10M |  99.9   n/a   1   27   538k    8   31  79%  81.9M    n/a  n/a
   2   59 |   7 1.0   19   6.9M  147  555  79%    10M |  99.9   n/a   1   27   630k    7   28  80%  81.9M    n/a  n/a
   2   5a |   7 1.0   19   6.6M  144  658  82%    10M |  99.9   n/a   1   27   512k    7   30  81%  81.9M    n/a  n/a
   2   5b |   7 1.0   19   6.5M  139  608  81%    10M |  99.9   n/a   1   27   498k    6   30  83%  81.9M    n/a  n/a
   3   5c |   7 1.0   19    11M   80  376  82%    10M |  99.9   n/a   1   27  1.01M    4   14  77%  81.9M    n/a  n/a
   3   5d |   7 1.0   19    11M   88  368  80%    10M |  99.9   n/a   1   27  2.02M    8   10  55%  81.9M    n/a  n/a
   3   5e |   7 1.0   19    12M   90  341  79%    10M |  99.9   n/a   1   27   504k    2   14  87%  81.9M    n/a  n/a
   3   5f |   7 1.0   19    11M   96  352  78%    10M |  99.9   n/a   1   27  1.01M    4   11  73%  81.9M    n/a  n/a
   3   60 |   7 1.0   19    12M   89  404  81%    10M |  99.9   n/a   1   27  1.51M    6   12  66%  81.9M    n/a  n/a
   3   61 |   7 1.0   19    12M   92  306  76%    10M |  99.9   n/a   1   27  1.79M    7   11  61%  81.9M    n/a  n/a
   3   62 |   7 1.0   19    12M   88  387  81%    10M |  99.9   n/a   1   27   758k    3   11  78%  81.9M    n/a  n/a
   3   63 |   7 1.0    0      0    0    0   0%    10M |   n/a   n/a   1    0      0    0    0   0%  81.9M    n/a  n/a
   0   44 |   7 1.0   19  10.0M  189  503  72%    10M |  99.9   n/a   1   27  1.07M   10   29  74%  81.9M    n/a  n/a
   0   45 |   7 1.0   19   9.8M  162  552  77%    10M |  99.9   n/a   1   27  1.44M   14   27  65%  81.9M    n/a  n/a
   0   46 |   7 1.0   19   9.9M  181  612  77%    10M |  99.9   n/a   1   27  1.05M   10   26  72%  81.9M    n/a  n/a
   0   47 |   7 1.0   19   9.9M  157  519  76%    10M |  99.9   n/a   1   27  2.04M   21   20  48%  81.9M    n/a  n/a
   0   48 |   7 1.0   19   9.9M  170  587  77%    10M |  99.9   n/a   1   27  1.48M   15   23  60%  81.9M    n/a  n/a
   0   49 |   7 1.0   19   9.9M  157  523  76%    10M |  99.9   n/a   1   27   934k   10   25  71%  81.9M    n/a  n/a
   0   4a |   7 1.0   19    10M  173  526  75%    10M |  99.9   n/a   1   27  1.70M   18   22  55%  81.9M    n/a  n/a
   0   4b |   7 1.0   19   9.7M  163  544  76%    10M |  99.9   n/a   1   27  1.54M   16   25  60%  81.9M    n/a  n/a
   1   4c |   7 1.0   19    12M   88  311  77%    10M |  99.9   n/a   1   27  1.38M    6   11  64%  81.9M    n/a  n/a
   1   4d |   7 1.0   19    12M   95  322  77%    10M |  99.9   n/a   1   27  1.59M    7   12  63%  81.9M    n/a  n/a
   1   4e |   7 1.0   19    11M   85  301  77%    10M |  99.9   n/a   1   27  1.34M    6   10  62%  81.9M    n/a  n/a
   1   4f |   7 1.0   19    12M   95  348  78%    10M |  99.9   n/a   1   27  1.57M    7   12  63%  81.9M    n/a  n/a
   1   50 |   7 1.0   19    12M   94  295  75%    10M |  99.9   n/a   1   27  1.14M    5   11  68%  81.9M    n/a  n/a
   1   51 |   7 1.0   19    12M   94  316  77%    10M |  99.9   n/a   1   27  1.36M    6   13  68%  81.9M    n/a  n/a
   1   52 |   7 1.0   19    12M   81  309  79%    10M |  99.9   n/a   1   27  1.81M    8   12  60%  81.9M    n/a  n/a
   1   53 |   7 1.0    0      0    0    0   0%    10M |   n/a   n/a   1    0      0    0    0   0%  81.9M    n/a  n/a
   2   54 |   7 1.0   19   8.3M  190  574  75%    10M |  99.9   n/a   1   27  1.23M   15   27  64%  81.9M    n/a  n/a
   2   55 |   7 1.0   19   8.1M  173  541  75%    10M |  99.9   n/a   1   27   961k   12   24  66%  81.9M    n/a  n/a
   2   56 |   7 1.0   19   8.3M  185  595  76%    10M |  99.9   n/a   1   27  1.15M   14   23  62%  81.9M    n/a  n/a
   2   57 |   7 1.0   19   8.3M  176  515  74%    10M |  99.9   n/a   1   27  1.08M   15   23  60%  81.9M    n/a  n/a
   2   58 |   7 1.0   19   8.2M  203  592  74%    10M |  99.9   n/a   1   27  1.12M   14   24  63%  81.9M    n/a  n/a
   2   59 |   7 1.0   19   8.3M  174  548  75%    10M |  99.9   n/a   1   27   873k   12   24  66%  81.9M    n/a  n/a
   2   5a |   7 1.0   19   8.1M  178  549  75%    10M |  99.9   n/a   1   27  1.04M   14   25  64%  81.9M    n/a  n/a
   2   5b |   7 1.0   19   8.2M  173  506  74%    10M |  99.9   n/a   1   27   928k   13   24  64%  81.9M    n/a  n/a
   3   5c |   7 1.0   19    15M  105  255  70%    10M |  99.9   n/a   1   27  2.01M    8   10  55%  81.9M    n/a  n/a
   3   5d |   7 1.0   19    15M  105  325  75%    10M |  99.9   n/a   1   27  1.27M    5   14  73%  81.9M    n/a  n/a
   3   5e |   7 1.0   19    15M  102  260  71%    10M |  99.9   n/a   1   27  3.28M   13    9  40%  81.9M    n/a  n/a
   3   5f |   7 1.0   19    15M  109  302  73%    10M |  99.9   n/a   1   27  3.55M   14   13  48%  81.9M    n/a  n/a
   3   60 |   7 1.0   19    15M  107  311  74%    10M |  99.9   n/a   1   27   512k    2   12  85%  81.9M    n/a  n/a
   3   61 |   7 1.0   19    15M   98  280  74%    10M |  99.9   n/a   1   27  1.27M    5    9  64%  81.9M    n/a  n/a
   3   62 |   7 1.0   19    15M  107  343  76%    10M |  99.9   n/a   1   27  2.29M    9   13  59%  81.9M    n/a  n/a
   3   63 |   7 1.0    0      0    0    0   0%    10M |   n/a   n/a   1    0      0    0    0   0%  81.9M    n/a  n/a
   0   44 |   7 1.0   19   9.7M  170  505  74%    10M |  99.9   n/a   1   27  1.53M   15   26  63%  81.9M    n/a  n/a
   0   45 |   7 1.0   19   8.9M  140  486  77%    10M |  99.9   n/a   1   27  1.14M   12   22  64%  81.9M    n/a  n/a
   0   46 |   7 1.0   19   9.3M  169  548  76%    10M |  99.9   n/a   1   27  1.22M   12   21  63%  81.9M    n/a  n/a
   0   47 |   7 1.0   19   8.4M  141  497  77%    10M |  99.9   n/a   1   27  1.04M   11   22  66%  81.9M    n/a  n/a
   0   48 |   7 1.0   19   9.1M  158  542  77%    10M |  99.9   n/a   1   27  1.42M   14   24  63%  81.9M    n/a  n/a
   0   49 |   7 1.0   19   8.7M  142  514  78%    10M |  99.9   n/a   1   27   664k    7   21  75%  81.9M    n/a  n/a
   0   4a |   7 1.0   19   9.4M  171  545  76%    10M |  99.9   n/a   1   27  1.68M   17   15  46%  81.9M    n/a  n/a
   0   4b |   7 1.0   19   8.6M  137  566  80%    10M |  99.9   n/a   1   27  1.92M   19   21  52%  81.9M    n/a  n/a
   1   4c |   7 1.0   19    11M   86  353  80%    10M |  99.9   n/a   1   27   922k    4   13  76%  81.9M    n/a  n/a
   1   4d |   7 1.0   19    11M   87  321  78%    10M |  99.9   n/a   1   27  1.81M    8   10  55%  81.9M    n/a  n/a
   1   4e |   7 1.0   19    11M   82  359  81%    10M |  99.9   n/a   1   27  1.36M    6   15  71%  81.9M    n/a  n/a
   1   4f |   7 1.0   19    11M   93  314  77%    10M |  99.9   n/a   1   27  1.59M    7   16  69%  81.9M    n/a  n/a
   1   50 |   7 1.0   19    10M   81  320  79%    10M |  99.9   n/a   1   27  1.36M    6   14  70%  81.9M    n/a  n/a
   1   51 |   7 1.0   19    11M   88  359  80%    10M |  99.9   n/a   1   27   701k    3   14  82%  81.9M    n/a  n/a
   1   52 |   7 1.0   19    10M   87  363  80%    10M |  99.9   n/a   1   27  1.34M    6   13  68%  81.9M    n/a  n/a
   1   53 |   7 1.0    0      0    0    0   0%    10M |   n/a   n/a   1    0      0    0    0   0%  81.9M    n/a  n/a
   2   54 |   7 1.0   19   9.0M  191  549  74%    10M |  99.9   n/a   1   27   969k   12   21  63%  81.9M    n/a  n/a
   2   55 |   7 1.0   19   9.1M  187  505  72%    10M |  99.9   n/a   1   27  1.26M   15   21  58%  81.9M    n/a  n/a
   2   56 |   7 1.0   19   8.9M  194  558  74%    10M |  99.9   n/a   1   27  1.18M   15   22  59%  81.9M    n/a  n/a
   2   57 |   7 1.0   19   8.8M  193  516  72%    10M |  99.9   n/a   1   27   893k   11   20  64%  81.9M    n/a  n/a
   2   58 |   7 1.0   19   9.6M  219  540  71%    10M |  99.9   n/a   1   27  1.23M   15   20  57%  81.9M    n/a  n/a
   2   59 |   7 1.0   19   8.7M  192  512  72%    10M |  99.9   n/a   1   27  1.19M   15   25  62%  81.9M    n/a  n/a
   2   5a |   7 1.0   19   9.0M  209  491  70%    10M |  99.9   n/a   1   27  1.24M   15   20  57%  81.9M    n/a  n/a
   2   5b |   7 1.0   19   8.8M  199  512  72%    10M |  99.9   n/a   1   27   980k   12   23  65%  81.9M    n/a  n/a
   3   5c |   7 1.0   19    12M   87  353  80%    10M |  99.9   n/a   1   27  1.27M    5   14  73%  81.9M    n/a  n/a
   3   5d |   7 1.0   19    13M   97  346  78%    10M |  99.9   n/a   1   27  2.53M   10   11  52%  81.9M    n/a  n/a
   3   5e |   7 1.0   19    13M   89  346  79%    10M |  99.9   n/a   1   27   250k    1   11  91%  81.9M    n/a  n/a
   3   5f |   7 1.0   19    13M  100  349  77%    10M |  99.9   n/a   1   27   250k    1    7  87%  81.9M    n/a  n/a
   3   60 |   7 1.0   19    13M   85  275  76%    10M |  99.9   n/a   1   27  3.03M   12   10  45%  81.9M    n/a  n/a
   3   61 |   7 1.0   19    13M   92  276  75%    10M |  99.9   n/a   1   27  2.29M    9   15  62%  81.9M    n/a  n/a
   3   62 |   7 1.0   19    13M   91  290  76%    10M |  99.9   n/a   1   27  1.52M    6   12  66%  81.9M    n/a  n/a
   3   63 |   7 1.0    0      0    0    0   0%    10M |   n/a   n/a   1    0      0    0    0   0%  81.9M    n/a  n/a

          |--------------------DL---------------------|-------------------------------UL-----------------------------
 pci rnti | cqi  ri  mcs  brate   ok  nok  (%)  dl_bs | pusch  rsrp  ri  mcs  brate   ok  nok  (%)    bsr     ta  phr
   0   44 |   7 1.0   19    13M  223  467  67%    10M |  99.9   n/a   1   27  2.36M   23   24  51%  81.9M    n/a  n/a
   0   45 |   7 1.0   19    13M  222  419  65%    10M |  99.9   n/a   1   27  2.44M   26   15  36%  81.9M    n/a  n/a
   0   46 |   7 1.0   19    12M  216  500  69%    10M |  99.9   n/a   1   27  2.19M   22   17  43%  81.9M    n/a  n/a
   0   47 |   7 1.0   19    13M  215  397  64%    10M |  99.9   n/a   1   27  2.33M   22   18  45%  81.9M    n/a  n/a
   0   48 |   7 1.0   19    13M  247  428  63%    10M |  99.9   n/a   1   27  2.36M   23   19  45%  81.9M    n/a  n/a
   0   49 |   7 1.0   19    13M  216  449  67%    10M |  99.9   n/a   1   27  1.98M   19   21  52%  81.9M    n/a  n/a
   0   4a |   7 1.0   19    13M  215  527  71%    10M |  99.9   n/a   1   27  1.82M   18   22  55%  81.9M    n/a  n/a
   0   4b |   7 1.0   19    13M  215  429  66%    10M |  99.9   n/a   1   27  2.32M   25   22  46%  81.9M    n/a  n/a
   1   4c |   7 1.0   19    12M  102  320  75%    10M |  99.9   n/a   1   27  1.79M    8   13  61%  81.9M    n/a  n/a
   1   4d |   7 1.0   19    12M   97  296  75%    10M |  99.9   n/a   1   27  1.82M    8   15  65%  81.9M    n/a  n/a
   1   4e |   7 1.0   19    11M   92  315  77%    10M |  99.9   n/a   1   27  1.15M    5   12  70%  81.9M    n/a  n/a
   1   4f |   7 1.0   19    12M  101  289  74%    10M |  99.9   n/a   1   27   898k    4   10  71%  81.9M    n/a  n/a
   1   50 |   7 1.0   19    12M   94  326  77%    10M |  99.9   n/a   1   27  2.05M    9   13  59%  81.9M    n/a  n/a
   1   51 |   7 1.0   19    12M   96  298  75%    10M |  99.9   n/a   1   27  2.25M   10    9  47%  81.9M    n/a  n/a
   1   52 |   7 1.0   19    11M   90  348  79%    10M |  99.9   n/a   1   27   680k    3   12  80%  81.9M    n/a  n/a
   1   53 |   7 1.0    0      0    0    0   0%    10M |   n/a   n/a   1    0      0    0    0   0%  81.9M    n/a  n/a
   2   54 |   7 1.0   19   9.5M  209  509  70%    10M |  99.9   n/a   1   27  1.34M   17   23  57%  81.9M    n/a  n/a
   2   55 |   7 1.0   19   9.1M  193  555  74%    10M |  99.9   n/a   1   27  1.08M   14   26  65%  81.9M    n/a  n/a
   2   56 |   7 1.0   19   9.6M  216  586  73%    10M |  99.9   n/a   1   27  1.42M   18   21  53%  81.9M    n/a  n/a
   2   57 |   7 1.0   19   9.5M  195  501  71%    10M |  99.9   n/a   1   27  1.27M   16   26  61%  81.9M    n/a  n/a
   2   58 |   7 1.0   19   9.3M  214  552  72%    10M |  99.9   n/a   1   27  1.27M   17   22  56%  81.9M    n/a  n/a
   2   59 |   7 1.0   19   9.4M  188  475  71%    10M |  99.9   n/a   1   27  1.24M   17   24  58%  81.9M    n/a  n/a
   2   5a |   7 1.0   19   9.4M  213  541  71%    10M |  99.9   n/a   1   27  1.16M   16   24  60%  81.9M    n/a  n/a
   2   5b |   7 1.0   19   9.5M  206  479  69%    10M |  99.9   n/a   1   27  1.40M   16   24  60%  81.9M    n/a  n/a
   3   5c |   7 1.0   19    12M   87  320  78%    10M |  99.9   n/a   1   27  1.26M    5   11  68%  81.9M    n/a  n/a
   3   5d |   7 1.0   19    12M   88  375  80%    10M |  99.9   n/a   1   27  1.54M    6   11  64%  81.9M    n/a  n/a
   3   5e |   7 1.0   19    12M   79  341  81%    10M |  99.9   n/a   1   27  1.25M    5   17  77%  81.9M    n/a  n/a
   3   5f |   7 1.0   19    12M   80  394  83%    10M |  99.9   n/a   1   27  1.52M    6   11  64%  81.9M    n/a  n/a
   3   60 |   7 1.0   19    12M   81  365  81%    10M |  99.9   n/a   1   27  1.52M    6   17  73%  81.9M    n/a  n/a
   3   61 |   7 1.0   19    12M   85  366  81%    10M |  99.9   n/a   1   27   742k    3   14  82%  81.9M    n/a  n/a
   3   62 |   7 1.0   19    12M   85  389  82%    10M |  99.9   n/a   1   27  1.78M    7   11  61%  81.9M    n/a  n/a
   3   63 |   7 1.0    0      0    0    0   0%    10M |   n/a   n/a   1    0      0    0    0   0%  81.9M    n/a  n/a
   0   44 |   7 1.0   19   9.3M  161  577  78%    10M |  99.9   n/a   1   27  2.08M   21   16  43%  81.9M    n/a  n/a
   0   45 |   7 1.0   19   9.2M  161  537  76%    10M |  99.9   n/a   1   27  1.69M   17   18  51%  81.9M    n/a  n/a
   0   46 |   7 1.0   19   9.5M  171  547  76%    10M |  99.9   n/a   1   27  1.08M   12   19  61%  81.9M    n/a  n/a
   0   47 |   7 1.0   19   9.6M  158  511  76%    10M |  99.9   n/a   1   27  1.80M   17   16  48%  81.9M    n/a  n/a
   0   48 |   7 1.0   19   9.6M  174  540  75%    10M |  99.9   n/a   1   27  1.25M   12   23  65%  81.9M    n/a  n/a
   0   49 |   7 1.0   19   9.4M  155  485  75%    10M |  99.9   n/a   1   27  1.78M   18   19  51%  81.9M    n/a  n/a
   0   4a |   7 1.0   19   9.3M  157  566  78%    10M |  99.9   n/a   1   27  1.29M   12   20  62%  81.9M    n/a  n/a
   0   4b |   7 1.0   19   9.6M  153  534  77%    10M |  99.9   n/a   1   27  1.17M   12   18  60%  81.9M    n/a  n/a
   1   4c |   7 1.0   19   9.8M   84  415  83%    10M |  99.9   n/a   1   27  1.37M    6   12  66%  81.9M    n/a  n/a
   1   4d |   7 1.0   19    11M   84  379  81%    10M |  99.9   n/a   1   27  1.57M    7   12  63%  81.9M    n/a  n/a
   1   4e |   7 1.0   19    11M   82  380  82%    10M |  99.9   n/a   1   27   910k    4   11  73%  81.9M    n/a  n/a
   1   4f |   7 1.0   19    11M   87  357  80%    10M |  99.9   n/a   1   27   885k    4   13  76%  81.9M    n/a  n/a
   1   50 |   7 1.0   19    10M   81  396  83%    10M |  99.9   n/a   1   27  1.13M    5    7  58%  81.9M    n/a  n/a
   1   51 |   7 1.0   19    10M   81  426  84%    10M |  99.9   n/a   1   27  1.12M    5   15  75%  81.9M    n/a  n/a
   1   52 |   7 1.0   19    10M   80  367  82%    10M |  99.9   n/a   1   27  1.14M    5   10  66%  81.9M    n/a  n/a
   1   53 |   7 1.0    0      0    0    0   0%    10M |   n/a   n/a   1    0      0    0    0   0%  81.9M    n/a  n/a
   2   54 |   7 1.0   19   7.1M  165  535  76%    10M |  99.9   n/a   1   27   605k    8   24  75%  81.9M    n/a  n/a
   2   55 |   7 1.0   19   7.2M  153  563  78%    10M |  99.9   n/a   1   27   679k    9   23  71%  81.9M    n/a  n/a
   2   56 |   7 1.0   19   7.3M  167  580  77%    10M |  99.9   n/a   1   27   545k    7   22  75%  81.9M    n/a  n/a
   2   57 |   7 1.0   19   7.5M  159  556  77%    10M |  99.9   n/a   1   27   747k   11   22  66%  81.9M    n/a  n/a
   2   58 |   7 1.0   19   7.3M  167  620  78%    10M |  99.9   n/a   1   27   628k    8   26  76%  81.9M    n/a  n/a
   2   59 |   7 1.0   19   7.4M  156  534  77%    10M |  99.9   n/a   1   27   581k    8   24  75%  81.9M    n/a  n/a
   2   5a |   7 1.0   19   7.2M  163  648  79%    10M |  99.9   n/a   1   27   529k    7   22  75%  81.9M    n/a  n/a
   2   5b |   7 1.0   19   7.1M  157  602  79%    10M |  99.9   n/a   1   27   827k   11   25  69%  81.9M    n/a  n/a
   3   5c |   7 1.0   19    12M   84  413  83%    10M |  99.9   n/a   1   27  1.26M    5   11  68%  81.9M    n/a  n/a
   3   5d |   7 1.0   19    12M   84  369  81%    10M |  99.9   n/a   1   27  1.79M    7   12  63%  81.9M    n/a  n/a
   3   5e |   7 1.0   19    13M   89  403  81%    10M |  99.9   n/a   1   27  1.30M    5   12  70%  81.9M    n/a  n/a
   3   5f |   7 1.0   19    12M   87  366  80%    10M |  99.9   n/a   1   27  1.27M    5   13  72%  81.9M    n/a  n/a
   3   60 |   7 1.0   19    12M   82  391  82%    10M |  99.9   n/a   1   27  1.52M    6   12  66%  81.9M    n/a  n/a
   3   61 |   7 1.0   19    12M   83  405  82%    10M |  99.9   n/a   1   27  1.75M    7   11  61%  81.9M    n/a  n/a
   3   62 |   7 1.0   19    12M   87  335  79%    10M |  99.9   n/a   1   27  1.52M    6   11  64%  81.9M    n/a  n/a
   3   63 |   7 1.0    0      0    0    0   0%    10M |   n/a   n/a   1    0      0    0    0   0%  81.9M    n/a  n/a
   0   44 |   7 1.0   19   9.7M  173  546  75%    10M |  99.9   n/a   1   27  1.50M   16   16  50%  81.9M    n/a  n/a
   0   45 |   7 1.0   19    11M  181  479  72%    10M |  99.9   n/a   1   27  1.89M   20   21  51%  81.9M    n/a  n/a
   0   46 |   7 1.0   19    10M  178  552  75%    10M |  99.9   n/a   1   27  1.94M   19   25  56%  81.9M    n/a  n/a
   0   47 |   7 1.0   19    11M  174  436  71%    10M |  99.9   n/a   1   27  2.74M   27   19  41%  81.9M    n/a  n/a
   0   48 |   7 1.0   19    10M  181  477  72%    10M |  99.9   n/a   1   27  2.08M   20   18  47%  81.9M    n/a  n/a
   0   49 |   7 1.0   19    11M  177  473  72%    10M |  99.9   n/a   1   27  1.63M   17   16  48%  81.9M    n/a  n/a
   0   4a |   7 1.0   19    11M  186  492  72%    10M |  99.9   n/a   1   27  1.98M   19   23  54%  81.9M    n/a  n/a
   0   4b |   7 1.0   19    10M  172  510  74%    10M |  99.9   n/a   1   27  1.47M   15   21  58%  81.9M    n/a  n/a
   1   4c |   7 1.0   19    10M   85  374  81%    10M |  99.9   n/a   1   27  1.11M    5   10  66%  81.9M    n/a  n/a
   1   4d |   7 1.0   19    10M   80  393  83%    10M |  99.9   n/a   1   27  1.34M    6   12  66%  81.9M    n/a  n/a
   1   4e |   7 1.0   19    11M   86  408  82%    10M |  99.9   n/a   1   27   664k    3   12  80%  81.9M    n/a  n/a
   1   4f |   7 1.0   19  10.0M   72  360  83%    10M |  99.9   n/a   1   27   918k    4   12  75%  81.9M    n/a  n/a
   1   50 |   7 1.0   19    11M   98  374  79%    10M |  99.9   n/a   1   27   906k    4   12  75%  81.9M    n/a  n/a
   1   51 |   7 1.0   19    10M   75  411  84%    10M |  99.9   n/a   1   27   701k    3   11  78%  81.9M    n/a  n/a
   1   52 |   7 1.0   19    11M   90  418  82%    10M |  99.9   n/a   1   27  1.11M    5   11  68%  81.9M    n/a  n/a
   1   53 |   7 1.0    0      0    0    0   0%    10M |   n/a   n/a   1    0      0    0    0   0%  81.9M    n/a  n/a
   2   54 |   7 1.0   19   7.3M  162  700  81%    10M |  99.9   n/a   1   27   509k    7   25  78%  81.9M    n/a  n/a
   2   55 |   7 1.0   19   7.3M  158  532  77%    10M |  99.9   n/a   1   27   560k    7   29  80%  81.9M    n/a  n/a
   2   56 |   7 1.0   19   7.4M  157  565  78%    10M |  99.9   n/a   1   27   773k   10   26  72%  81.9M    n/a  n/a
   2   57 |   7 1.0   19   7.2M  157  539  77%    10M |  99.9   n/a   1   27   627k    8   29  78%  81.9M    n/a  n/a
   2   58 |   7 1.0   19   7.4M  173  597  77%    10M |  99.9   n/a   1   27   590k    8   25  75%  81.9M    n/a  n/a
   2   59 |   7 1.0   19   7.3M  155  565  78%    10M |  99.9   n/a   1   27   738k   10   26  72%  81.9M    n/a  n/a
   2   5a |   7 1.0   19   7.2M  162  585  78%    10M |  99.9   n/a   1   27   713k    9   27  75%  81.9M    n/a  n/a
   2   5b |   7 1.0   19   7.2M  157  510  76%    10M |  99.9   n/a   1   27   877k   12   25  67%  81.9M    n/a  n/a

          |--------------------DL---------------------|-------------------------------UL-----------------------------
 pci rnti | cqi  ri  mcs  brate   ok  nok  (%)  dl_bs | pusch  rsrp  ri  mcs  brate   ok  nok  (%)    bsr     ta  phr
   3   5c |   7 1.0   19    11M   74  380  83%    10M |  99.9   n/a   1   27  1.26M    5   12  70%  81.9M    n/a  n/a
   3   5d |   7 1.0   19    11M   84  392  82%    10M |  99.9   n/a   1   27   246k    1   12  92%  81.9M    n/a  n/a
   3   5e |   7 1.0   19    11M   79  399  83%    10M |  99.9   n/a   1   27  1.48M    6   12  66%  81.9M    n/a  n/a
   3   5f |   7 1.0   19    10M   76  393  83%    10M |  99.9   n/a   1   27   996k    4   13  76%  81.9M    n/a  n/a
   3   60 |   7 1.0   19    11M   72  357  83%    10M |  99.9   n/a   1   27   762k    3   12  80%  81.9M    n/a  n/a
   3   61 |   7 1.0   19    11M   80  422  84%    10M |  99.9   n/a   1   27  1.03M    4   12  75%  81.9M    n/a  n/a
   3   62 |   7 1.0   19    11M   75  425  85%    10M |  99.9   n/a   1   27   754k    3   13  81%  81.9M    n/a  n/a
   3   63 |   7 1.0    0      0    0    0   0%    10M |   n/a   n/a   1    0      0    0    0   0%  81.9M    n/a  n/a
   0   44 |   7 1.0   19   8.4M  145  573  79%    10M |  99.9   n/a   1   27  1.21M   14   18  56%  81.9M    n/a  n/a
   0   45 |   7 1.0   19   8.4M  135  444  76%    10M |  99.9   n/a   1   27  1.47M   16   18  52%  81.9M    n/a  n/a
   0   46 |   7 1.0   19   8.3M  161  590  78%    10M |  99.9   n/a   1   27   668k    8   23  74%  81.9M    n/a  n/a
   0   47 |   7 1.0   19   8.8M  143  535  78%    10M |  99.9   n/a   1   27   543k    6   18  75%  81.9M    n/a  n/a
   0   48 |   7 1.0   19   8.8M  156  509  76%    10M |  99.9   n/a   1   27  1.50M   14   20  58%  81.9M    n/a  n/a
   0   49 |   7 1.0   19   8.9M  147  506  77%    10M |  99.9   n/a   1   27  1.66M   17   14  45%  81.9M    n/a  n/a
   0   4a |   7 1.0   19   8.6M  152  590  79%    10M |  99.9   n/a   1   27  1.29M   14   17  54%  81.9M    n/a  n/a
   0   4b |   7 1.0   19   8.6M  146  500  77%    10M |  99.9   n/a   1   27  1.41M   16   16  50%  81.9M    n/a  n/a
   1   4c |   7 1.0   19    10M   86  337  79%    10M |  99.9   n/a   1   27  1.14M    5   13  72%  81.9M    n/a  n/a
   1   4d |   7 1.0   19    11M   87  359  80%    10M |  99.9   n/a   1   27   439k    2   10  83%  81.9M    n/a  n/a
   1   4e |   7 1.0   19    11M   88  373  80%    10M |  99.9   n/a   1   27   902k    4   12  75%  81.9M    n/a  n/a
   1   4f |   7 1.0   19    11M   85  350  80%    10M |  99.9   n/a   1   27   910k    4   11  73%  81.9M    n/a  n/a
   1   50 |   7 1.0   19    11M   86  335  79%    10M |  99.9   n/a   1   27   451k    2   11  84%  81.9M    n/a  n/a
   1   51 |   7 1.0   19    10M   75  385  83%    10M |  99.9   n/a   1   27   660k    3   11  78%  81.9M    n/a  n/a
   1   52 |   7 1.0   19    11M   87  360  80%    10M |  99.9   n/a   1   27   885k    4   12  75%  81.9M    n/a  n/a
   1   53 |   7 1.0    0      0    0    0   0%    10M |   n/a   n/a   1    0      0    0    0   0%  81.9M    n/a  n/a
   2   54 |   7 1.0   19   6.8M  156  731  82%    10M |  99.9   n/a   1   27   460k    6   28  82%  81.9M    n/a  n/a
   2   55 |   7 1.0   19   7.1M  158  534  77%    10M |  99.9   n/a   1   27  1.12M   14   25  64%  81.9M    n/a  n/a
   2   56 |   7 1.0   19   7.6M  172  613  78%    10M |  99.9   n/a   1   27   680k    8   27  77%  81.9M    n/a  n/a
   2   57 |   7 1.0   19   7.1M  151  562  78%    10M |  99.9   n/a   1   27   403k    5   27  84%  81.9M    n/a  n/a
   2   58 |   7 1.0   19   7.0M  149  601  80%    10M |  99.9   n/a   1   27   572k    8   27  77%  81.9M    n/a  n/a
   2   59 |   7 1.0   19   7.0M  149  598  80%    10M |  99.9   n/a   1   27   718k   10   24  70%  81.9M    n/a  n/a
   2   5a |   7 1.0   19   6.2M  145  654  81%    10M |  99.9   n/a   1   27   596k    8   27  77%  81.9M    n/a  n/a
   2   5b |   7 1.0   19   6.9M  146  570  79%    10M |  99.9   n/a   1   27   749k   10   25  71%  81.9M    n/a  n/a
   3   5c |   7 1.0   19    14M   91  415  82%    10M |  99.9   n/a   1   27  1.02M    4   10  71%  81.9M    n/a  n/a
   3   5d |   7 1.0   19    12M   90  371  80%    10M |  99.9   n/a   1   27  1.76M    7   12  63%  81.9M    n/a  n/a
   3   5e |   7 1.0   19    13M   94  358  79%    10M |  99.9   n/a   1   27  1.25M    5   12  70%  81.9M    n/a  n/a
   3   5f |   7 1.0   19    12M   89  415  82%    10M |  99.9   n/a   1   27  1.77M    7   10  58%  81.9M    n/a  n/a
   3   60 |   7 1.0   19    14M   95  336  77%    10M |  99.9   n/a   1   27  1.75M    7   12  63%  81.9M    n/a  n/a
   3   61 |   7 1.0   19    13M   87  391  81%    10M |  99.9   n/a   1   27  1.27M    5   13  72%  81.9M    n/a  n/a
   3   62 |   7 1.0   19    13M   89  381  81%    10M |  99.9   n/a   1   27  2.30M    9   11  55%  81.9M    n/a  n/a
   3   63 |   7 1.0    0      0    0    0   0%    10M |   n/a   n/a   1    0      0    0    0   0%  81.9M    n/a  n/a
   0   44 |   7 1.0   19    12M  210  470  69%    10M |  99.9   n/a   1   27  1.38M   14   24  63%  81.9M    n/a  n/a
   0   45 |   7 1.0   19    11M  194  493  71%    10M |  99.9   n/a   1   27  1.28M   14   23  62%  81.9M    n/a  n/a
   0   46 |   7 1.0   19    11M  201  501  71%    10M |  99.9   n/a   1   27  1.47M   15   26  63%  81.9M    n/a  n/a
   0   47 |   7 1.0   19    11M  182  500  73%    10M |  99.9   n/a   1   27  1.86M   19   23  54%  81.9M    n/a  n/a
   0   48 |   7 1.0   19    11M  189  522  73%    10M |  99.9   n/a   1   27  2.13M   21   24  53%  81.9M    n/a  n/a
   0   49 |   7 1.0   19    11M  176  471  72%    10M |  99.9   n/a   1   27  1.92M   19   24  55%  81.9M    n/a  n/a
   0   4a |   7 1.0   19    12M  203  497  71%    10M |  99.9   n/a   1   27  1.88M   18   25  58%  81.9M    n/a  n/a
   0   4b |   7 1.0   19    11M  185  502  73%    10M |  99.9   n/a   1   27  1.46M   15   23  60%  81.9M    n/a  n/a
   1   4c |   7 1.0   19    11M   84  395  82%    10M |  99.9   n/a   1   27  1.59M    7   13  65%  81.9M    n/a  n/a
   1   4d |   7 1.0   19    11M   90  361  80%    10M |  99.9   n/a   1   27  1.81M    8   15  65%  81.9M    n/a  n/a
   1   4e |   7 1.0   19    11M   88  319  78%    10M |  99.9   n/a   1   27   926k    4   15  78%  81.9M    n/a  n/a
   1   4f |   7 1.0   19    11M   87  357  80%    10M |  99.9   n/a   1   27  1.35M    6   15  71%  81.9M    n/a  n/a
   1   50 |   7 1.0   19    11M   86  334  79%    10M |  99.9   n/a   1   27  1.12M    5   13  72%  81.9M    n/a  n/a
   1   51 |   7 1.0   19    11M   89  363  80%    10M |  99.9   n/a   1   27   672k    3   14  82%  81.9M    n/a  n/a
   1   52 |   7 1.0   19    11M   88  335  79%    10M |  99.9   n/a   1   27   676k    3   15  83%  81.9M    n/a  n/a
   1   53 |   7 1.0    0      0    0    0   0%    10M |   n/a   n/a   1    0      0    0    0   0%  81.9M    n/a  n/a
   2   54 |   7 1.0   19   9.2M  207  620  74%    10M |  99.9   n/a   1   27  1.20M   15   21  58%  81.9M    n/a  n/a
   2   55 |   7 1.0   19   9.2M  192  523  73%    10M |  99.9   n/a   1   27   999k   14   24  63%  81.9M    n/a  n/a
   2   56 |   7 1.0   19   9.2M  210  545  72%    10M |  99.9   n/a   1   27  1.06M   14   22  61%  81.9M    n/a  n/a
   2   57 |   7 1.0   19   8.9M  192  496  72%    10M |  99.9   n/a   1   27  1.09M   14   24  63%  81.9M    n/a  n/a
   2   58 |   7 1.0   19   9.4M  211  523  71%    10M |  99.9   n/a   1   27  1.01M   14   24  63%  81.9M    n/a  n/a
   2   59 |   7 1.0   19   9.0M  194  529  73%    10M |  99.9   n/a   1   27  1.03M   13   23  63%  81.9M    n/a  n/a
   2   5a |   7 1.0   19   9.6M  222  487  68%    10M |  99.9   n/a   1   27  1.02M   14   26  65%  81.9M    n/a  n/a
   2   5b |   7 1.0   19   9.1M  194  536  73%    10M |  99.9   n/a   1   27  1.11M   14   25  64%  81.9M    n/a  n/a
   3   5c |   7 1.0   19    12M   80  333  80%    10M |  99.9   n/a   1   27  1.26M    5   12  70%  81.9M    n/a  n/a
   3   5d |   7 1.0   19    13M   83  367  81%    10M |  99.9   n/a   1   27  1.27M    5   12  70%  81.9M    n/a  n/a
   3   5e |   7 1.0   19    13M   88  352  80%    10M |  99.9   n/a   1   27  1.02M    4   12  75%  81.9M    n/a  n/a
   3   5f |   7 1.0   19    12M   86  366  80%    10M |  99.9   n/a   1   27  1.26M    5   12  70%  81.9M    n/a  n/a
   3   60 |   7 1.0   19    13M   96  360  78%    10M |  99.9   n/a   1   27  1.28M    5   12  70%  81.9M    n/a  n/a
   3   61 |   7 1.0   19    13M   87  382  81%    10M |  99.9   n/a   1   27  1.01M    4   11  73%  81.9M    n/a  n/a
   3   62 |   7 1.0   19    13M   85  385  81%    10M |  99.9   n/a   1   27  1.25M    5   12  70%  81.9M    n/a  n/a
   3   63 |   7 1.0    0      0    0    0   0%    10M |   n/a   n/a   1    0      0    0    0   0%  81.9M    n/a  n/a
   0   44 |   7 1.0   19   9.9M  170  533  75%    10M |  99.9   n/a   1   27  1.54M   15   26  63%  81.9M    n/a  n/a
   0   45 |   7 1.0   19    10M  159  479  75%    10M |  99.9   n/a   1   27  1.09M   11   23  67%  81.9M    n/a  n/a
   0   46 |   7 1.0   19    10M  181  571  75%    10M |  99.9   n/a   1   27  1.34M   13   22  62%  81.9M    n/a  n/a
   0   47 |   7 1.0   19   9.6M  158  461  74%    10M |  99.9   n/a   1   27  1.06M   12   25  67%  81.9M    n/a  n/a
   0   48 |   7 1.0   19    10M  181  529  74%    10M |  99.9   n/a   1   27   957k   10   25  71%  81.9M    n/a  n/a
   0   49 |   7 1.0   19    10M  164  506  75%    10M |  99.9   n/a   1   27  1.23M   12   20  62%  81.9M    n/a  n/a
   0   4a |   7 1.0   19    10M  183  547  74%    10M |  99.9   n/a   1   27  1.00M   10   21  67%  81.9M    n/a  n/a
   0   4b |   7 1.0   19    10M  170  562  76%    10M |  99.9   n/a   1   27  1.44M   16   17  51%  81.9M    n/a  n/a
   1   4c |   7 1.0   19  10.0M   77  414  84%    10M |  99.9   n/a   1   27  1.13M    5   10  66%  81.9M    n/a  n/a
   1   4d |   7 1.0   19   8.9M   72  452  86%    10M |  99.9   n/a   1   27   910k    4   13  76%  81.9M    n/a  n/a
   1   4e |   7 1.0   19   8.7M   76  491  86%    10M |  99.9   n/a   1   27   902k    4   11  73%  81.9M    n/a  n/a
   1   4f |   7 1.0   19   9.7M   80  372  82%    10M |  99.9   n/a   1   27  1.13M    5   12  70%  81.9M    n/a  n/a
   1   50 |   7 1.0   19   9.7M   92  376  80%    10M |  99.9   n/a   1   27   664k    3   12  80%  81.9M    n/a  n/a
   1   51 |   7 1.0   19   9.4M   75  428  85%    10M |  99.9   n/a   1   27   459k    2   10  83%  81.9M    n/a  n/a
   1   52 |   7 1.0   19   9.1M   81  449  84%    10M |  99.9   n/a   1   27   447k    2   12  85%  81.9M    n/a  n/a
   1   53 |   7 1.0    0      0    0    0   0%    10M |   n/a   n/a   1    0      0    0    0   0%  81.9M    n/a  n/a

          |--------------------DL---------------------|-------------------------------UL-----------------------------
 pci rnti | cqi  ri  mcs  brate   ok  nok  (%)  dl_bs | pusch  rsrp  ri  mcs  brate   ok  nok  (%)    bsr     ta  phr
   2   54 |   7 1.0   19   7.2M  153  581  79%    10M |  99.9   n/a   1   27   927k   13   18  58%  81.9M    n/a  n/a
   2   55 |   7 1.0   19   7.0M  155  553  78%    10M |  99.9   n/a   1   27   665k    9   20  68%  81.9M    n/a  n/a
   2   56 |   7 1.0   19   7.1M  158  624  79%    10M |  99.9   n/a   1   27   624k    9   21  70%  81.9M    n/a  n/a
   2   57 |   7 1.0   19   7.0M  152  570  78%    10M |  99.9   n/a   1   27   484k    7   23  76%  81.9M    n/a  n/a
   2   58 |   7 1.0   19   7.0M  154  667  81%    10M |  99.9   n/a   1   27   790k   10   20  66%  81.9M    n/a  n/a
   2   59 |   7 1.0   19   7.2M  153  525  77%    10M |  99.9   n/a   1   27   515k    8   23  74%  81.9M    n/a  n/a
   2   5a |   7 1.0   19   7.0M  160  573  78%    10M |  99.9   n/a   1   27   592k    8   20  71%  81.9M    n/a  n/a
   2   5b |   7 1.0   19   7.1M  156  561  78%    10M |  99.9   n/a   1   27   621k    8   22  73%  81.9M    n/a  n/a
   3   5c |   7 1.0   19    12M   84  378  81%    10M |  99.9   n/a   1   27  1.54M    6   13  68%  81.9M    n/a  n/a
   3   5d |   7 1.0   19    12M   83  373  81%    10M |  99.9   n/a   1   27  1.51M    6   11  64%  81.9M    n/a  n/a
   3   5e |   7 1.0   19    13M   88  354  80%    10M |  99.9   n/a   1   27  2.54M   10   11  52%  81.9M    n/a  n/a
   3   5f |   7 1.0   19    12M   88  336  79%    10M |  99.9   n/a   1   27  1.51M    6   13  68%  81.9M    n/a  n/a
   3   60 |   7 1.0   19    13M   92  331  78%    10M |  99.9   n/a   1   27   996k    4   12  75%  81.9M    n/a  n/a
   3   61 |   7 1.0   19    12M   92  359  79%    10M |  99.9   n/a   1   27  2.03M    8   11  57%  81.9M    n/a  n/a
   3   62 |   7 1.0   19    13M   94  294  75%    10M |  99.9   n/a   1   27  1.01M    4   12  75%  81.9M    n/a  n/a
   3   63 |   7 1.0    0      0    0    0   0%    10M |   n/a   n/a   1    0      0    0    0   0%  81.9M    n/a  n/a
   0   44 |   7 1.0   19   9.3M  161  604  78%    10M |  99.9   n/a   1   27  1.09M   11   19  63%  81.9M    n/a  n/a
   0   45 |   7 1.0   19   8.5M  147  548  78%    10M |  99.9   n/a   1   27  1.13M   12   22  64%  81.9M    n/a  n/a
   0   46 |   7 1.0   19   9.2M  153  541  77%    10M |  99.9   n/a   1   27  1.17M   11   21  65%  81.9M    n/a  n/a
   0   47 |   7 1.0   19   8.5M  140  552  79%    10M |  99.9   n/a   1   27  1.04M   11   26  70%  81.9M    n/a  n/a
   0   48 |   7 1.0   19   8.9M  150  574  79%    10M |  99.9   n/a   1   27  1.27M   12   23  65%  81.9M    n/a  n/a
   0   49 |   7 1.0   19   8.4M  137  540  79%    10M |  99.9   n/a   1   27   936k    9   18  66%  81.9M    n/a  n/a
   0   4a |   7 1.0   19   9.1M  158  541  77%    10M |  99.9   n/a   1   27   535k    6   24  80%  81.9M    n/a  n/a
   0   4b |   7 1.0   19   8.6M  144  510  77%    10M |  99.9   n/a   1   27  1.38M   14   22  61%  81.9M    n/a  n/a
   1   4c |   7 1.0   19   9.3M   75  443  85%    10M |  99.9   n/a   1   27  1.57M    7   12  63%  81.9M    n/a  n/a
   1   4d |   7 1.0   19   9.9M   85  413  82%    10M |  99.9   n/a   1   27  1.14M    5   10  66%  81.9M    n/a  n/a
   1   4e |   7 1.0   19   9.9M   74  397  84%    10M |  99.9   n/a   1   27   676k    3   12  80%  81.9M    n/a  n/a
   1   4f |   7 1.0   19   9.5M   75  422  84%    10M |  99.9   n/a   1   27   459k    2   13  86%  81.9M    n/a  n/a
   1   50 |   7 1.0   19   9.8M   75  382  83%    10M |  99.9   n/a   1   27   885k    4   12  75%  81.9M    n/a  n/a
   1   51 |   7 1.0   19   9.4M   70  396  84%    10M |  99.9   n/a   1   27   693k    3   10  76%  81.9M    n/a  n/a
   1   52 |   7 1.0   19   9.6M   72  371  83%    10M |  99.9   n/a   1   27   455k    2   11  84%  81.9M    n/a  n/a
   1   53 |   7 1.0    0      0    0    0   0%    10M |   n/a   n/a   1    0      0    0    0   0%  81.9M    n/a  n/a
   2   54 |   7 1.0   19   6.7M  156  657  80%    10M |  99.9   n/a   1   27   187k    3   25  89%  81.9M    n/a  n/a
   2   55 |   7 1.0   19   6.4M  143  589  80%    10M |  99.9   n/a   1   27   589k    9   27  75%  81.9M    n/a  n/a
   2   56 |   7 1.0   19   6.5M  146  646  81%    10M |  99.9   n/a   1   27   380k    5   22  81%  81.9M    n/a  n/a
   2   57 |   7 1.0   19   6.3M  136  577  80%    10M |  99.9   n/a   1   27   531k    6   23  79%  81.9M    n/a  n/a
   2   58 |   7 1.0   19   6.9M  163  607  78%    10M |  99.9   n/a   1   27   383k    6   21  77%  81.9M    n/a  n/a
   2   59 |   7 1.0   19   6.4M  140  615  81%    10M |  99.9   n/a   1   27   218k    3   25  89%  81.9M    n/a  n/a
   2   5a |   7 1.0   19   6.5M  149  644  81%    10M |  99.9   n/a   1   27   753k   10   27  72%  81.9M    n/a  n/a
   2   5b |   7 1.0   19   6.5M  142  566  79%    10M |  99.9   n/a   1   27   560k    8   26  76%  81.9M    n/a  n/a
   3   5c |   7 1.0   19    13M   95  292  75%    10M |  99.9   n/a   1   27  1.26M    5    9  64%  81.9M    n/a  n/a
   3   5d |   7 1.0   19    13M   88  334  79%    10M |  99.9   n/a   1   27  1.77M    7   12  63%  81.9M    n/a  n/a
   3   5e |   7 1.0   19    13M   85  351  80%    10M |  99.9   n/a   1   27  1.01M    4   10  71%  81.9M    n/a  n/a
   3   5f |   7 1.0   19    12M   88  382  81%    10M |  99.9   n/a   1   27  2.52M   10   11  52%  81.9M    n/a  n/a
   3   60 |   7 1.0   19    13M   94  361  79%    10M |  99.9   n/a   1   27  1.79M    7   11  61%  81.9M    n/a  n/a
   3   61 |   7 1.0   19    12M   85  367  81%    10M |  99.9   n/a   1   27  1.02M    4   12  75%  81.9M    n/a  n/a
   3   62 |   7 1.0   19    13M   82  365  81%    10M |  99.9   n/a   1   27  1.53M    6   11  64%  81.9M    n/a  n/a
   3   63 |   7 1.0    0      0    0    0   0%    10M |   n/a   n/a   1    0      0    0    0   0%  81.9M    n/a  n/a
   0   44 |   7 1.0   19   9.8M  170  608  78%    10M |  99.9   n/a   1   27  1.36M   14   25  64%  81.9M    n/a  n/a
   0   45 |   7 1.0   19    10M  175  517  74%    10M |  99.9   n/a   1   27  1.31M   13   25  65%  81.9M    n/a  n/a
   0   46 |   7 1.0   19    11M  190  522  73%    10M |  99.9   n/a   1   27  1.19M   12   29  70%  81.9M    n/a  n/a
   0   47 |   7 1.0   19    10M  171  534  75%    10M |  99.9   n/a   1   27  1.45M   14   19  57%  81.9M    n/a  n/a
   0   48 |   7 1.0   19    11M  195  551  73%    10M |  99.9   n/a   1   27  1.11M   12   22  64%  81.9M    n/a  n/a
   0   49 |   7 1.0   19    10M  172  524  75%    10M |  99.9   n/a   1   27  1.06M   11   29  72%  81.9M    n/a  n/a
   0   4a |   7 1.0   19    10M  170  607  78%    10M |  99.9   n/a   1   27  1.45M   15   22  59%  81.9M    n/a  n/a
   0   4b |   7 1.0   19    10M  170  490  74%    10M |  99.9   n/a   1   27  1.25M   13   22  62%  81.9M    n/a  n/a
   1   4c |   7 1.0   19    10M   93  456  83%    10M |  99.9   n/a   1   27  1.13M    5   10  66%  81.9M    n/a  n/a
   1   4d |   7 1.0   19   9.2M   70  428  85%    10M |  99.9   n/a   1   27   684k    3   14  82%  81.9M    n/a  n/a
   1   4e |   7 1.0   19    10M   89  355  79%    10M |  99.9   n/a   1   27   889k    4   11  73%  81.9M    n/a  n/a
   1   4f |   7 1.0   19   9.8M   76  408  84%    10M |  99.9   n/a   1   27  1.14M    5   10  66%  81.9M    n/a  n/a
   1   50 |   7 1.0   19   9.6M   75  404  84%    10M |  99.9   n/a   1   27   451k    2   12  85%  81.9M    n/a  n/a
   1   51 |   7 1.0   19   9.4M   77  444  85%    10M |  99.9   n/a   1   27  1.83M    8   12  60%  81.9M    n/a  n/a
   1   52 |   7 1.0   19   9.5M   72  393  84%    10M |  99.9   n/a   1   27   684k    3   11  78%  81.9M    n/a  n/a
   1   53 |   7 1.0    0      0    0    0   0%    10M |   n/a   n/a   1    0      0    0    0   0%  81.9M    n/a  n/a
   2   54 |   7 1.0   19   7.8M  180  593  76%    10M |  99.9   n/a   1   27   867k   11   26  70%  81.9M    n/a  n/a
   2   55 |   7 1.0   19   7.4M  157  602  79%    10M |  99.9   n/a   1   27   926k   12   23  65%  81.9M    n/a  n/a
   2   56 |   7 1.0   19   8.0M  184  555  75%    10M |  99.9   n/a   1   27   601k    8   26  76%  81.9M    n/a  n/a
   2   57 |   7 1.0   19   7.7M  168  591  77%    10M |  99.9   n/a   1   27   878k   12   24  66%  81.9M    n/a  n/a
   2   58 |   7 1.0   19   7.8M  171  659  79%    10M |  99.9   n/a   1   27   862k   12   24  66%  81.9M    n/a  n/a
   2   59 |   7 1.0   19   7.6M  164  572  77%    10M |  99.9   n/a   1   27   815k   12   22  64%  81.9M    n/a  n/a
   2   5a |   7 1.0   19   7.9M  180  570  76%    10M |  99.9   n/a   1   27   656k   10   25  71%  81.9M    n/a  n/a
   2   5b |   7 1.0   19   7.5M  162  532  76%    10M |  99.9   n/a   1   27   960k   13   22  62%  81.9M    n/a  n/a
   3   5c |   7 1.0   19   9.7M   70  451  86%    10M |  99.9   n/a   1   27   754k    3   10  76%  81.9M    n/a  n/a
   3   5d |   7 1.0   19    10M   79  431  84%    10M |  99.9   n/a   1   27  1.01M    4    8  66%  81.9M    n/a  n/a
   3   5e |   7 1.0   19    10M   75  417  84%    10M |  99.9   n/a   1   27  1.02M    4   13  76%  81.9M    n/a  n/a
   3   5f |   7 1.0   19   9.7M   70  419  85%    10M |  99.9   n/a   1   27   258k    1   11  91%  81.9M    n/a  n/a
   3   60 |   7 1.0   19    10M   78  405  83%    10M |  99.9   n/a   1   27  1.25M    5   13  72%  81.9M    n/a  n/a
   3   61 |   7 1.0   19   9.9M   75  395  84%    10M |  99.9   n/a   1   27   504k    2   13  86%  81.9M    n/a  n/a
   3   62 |   7 1.0   19    10M   82  379  82%    10M |  99.9   n/a   1   27   508k    2   12  85%  81.9M    n/a  n/a
   3   63 |   7 1.0    0      0    0    0   0%    10M |   n/a   n/a   1    0      0    0    0   0%  81.9M    n/a  n/a
   0   44 |   7 1.0   19    10M  180  549  75%    10M |  99.9   n/a   1   27  1.08M   11   25  69%  81.9M    n/a  n/a
   0   45 |   7 1.0   19    10M  167  472  73%    10M |  99.9   n/a   1   27   832k    8   24  75%  81.9M    n/a  n/a
   0   46 |   7 1.0   19    10M  179  650  78%    10M |  99.9   n/a   1   27  1.32M   13   24  64%  81.9M    n/a  n/a
   0   47 |   7 1.0   19    10M  166  519  75%    10M |  99.9   n/a   1   27  1.23M   13   22  62%  81.9M    n/a  n/a
   0   48 |   7 1.0   19   9.6M  163  609  78%    10M |  99.9   n/a   1   27   846k    8   21  72%  81.9M    n/a  n/a
   0   49 |   7 1.0   19    10M  172  508  74%    10M |  99.9   n/a   1   27  1.20M   11   22  66%  81.9M    n/a  n/a
   0   4a |   7 1.0   19    10M  171  546  76%    10M |  99.9   n/a   1   27  1.21M   11   24  68%  81.9M    n/a  n/a
   0   4b |   7 1.0   19    11M  178  485  73%    10M |  99.9   n/a   1   27  1.17M   12   23  65%  81.9M    n/a  n/a

          |--------------------DL---------------------|-------------------------------UL-----------------------------
 pci rnti | cqi  ri  mcs  brate   ok  nok  (%)  dl_bs | pusch  rsrp  ri  mcs  brate   ok  nok  (%)    bsr     ta  phr
   1   4c |   7 1.0   19    13M  107  296  73%    10M |  99.9   n/a   1   27  1.82M    8   13  61%  81.9M    n/a  n/a
   1   4d |   7 1.0   19    12M   97  375  79%    10M |  99.9   n/a   1   27  1.80M    8   10  55%  81.9M    n/a  n/a
   1   4e |   7 1.0   19    13M   99  367  78%    10M |  99.9   n/a   1   27  2.04M    9   10  52%  81.9M    n/a  n/a
   1   4f |   7 1.0   19    12M   96  322  77%    10M |  99.9   n/a   1   27  1.38M    6   13  68%  81.9M    n/a  n/a
   1   50 |   7 1.0   19    13M   96  360  78%    10M |  99.9   n/a   1   27  2.27M   10   11  52%  81.9M    n/a  n/a
   1   51 |   7 1.0   19    12M   94  375  79%    10M |  99.9   n/a   1   27  2.04M    9   12  57%  81.9M    n/a  n/a
   1   52 |   7 1.0   19    13M   98  322  76%    10M |  99.9   n/a   1   27  1.80M    8   11  57%  81.9M    n/a  n/a
   1   53 |   7 1.0    0      0    0    0   0%    10M |   n/a   n/a   1    0      0    0    0   0%  81.9M    n/a  n/a
   2   54 |   7 1.0   19   7.8M  179  566  75%    10M |  99.9   n/a   1   27   745k    9   24  72%  81.9M    n/a  n/a
   2   55 |   7 1.0   19   7.2M  152  543  78%    10M |  99.9   n/a   1   27   997k   14   22  61%  81.9M    n/a  n/a
   2   56 |   7 1.0   19   7.0M  153  651  80%    10M |  99.9   n/a   1   27   833k   11   22  66%  81.9M    n/a  n/a
   2   57 |   7 1.0   19   7.2M  153  530  77%    10M |  99.9   n/a   1   27   800k   10   20  66%  81.9M    n/a  n/a
   2   58 |   7 1.0   19   7.6M  162  634  79%    10M |  99.9   n/a   1   27   862k   10   23  69%  81.9M    n/a  n/a
   2   59 |   7 1.0   19   7.3M  150  574  79%    10M |  99.9   n/a   1   27   953k   13   23  63%  81.9M    n/a  n/a
   2   5a |   7 1.0   19   7.6M  171  613  78%    10M |  99.9   n/a   1   27   714k    9   24  72%  81.9M    n/a  n/a
   2   5b |   7 1.0   19   7.2M  161  544  77%    10M |  99.9   n/a   1   27   514k    7   25  78%  81.9M    n/a  n/a
   3   5c |   7 1.0   19    11M   85  387  81%    10M |  99.9   n/a   1   27  1.77M    7   14  66%  81.9M    n/a  n/a
   3   5d |   7 1.0   19    11M   78  401  83%    10M |  99.9   n/a   1   27   758k    3   14  82%  81.9M    n/a  n/a
   3   5e |   7 1.0   19    11M   79  428  84%    10M |  99.9   n/a   1   27   762k    3   15  83%  81.9M    n/a  n/a
   3   5f |   7 1.0   19    10M   73  401  84%    10M |  99.9   n/a   1   27   500k    2   14  87%  81.9M    n/a  n/a
   3   60 |   7 1.0   19    11M   76  447  85%    10M |  99.9   n/a   1   27   504k    2   14  87%  81.9M    n/a  n/a
   3   61 |   7 1.0   19    10M   74  447  85%    10M |  99.9   n/a   1   27  1.01M    4   11  73%  81.9M    n/a  n/a
   3   62 |   7 1.0   19    10M   73  403  84%    10M |  99.9   n/a   1   27   496k    2   13  86%  81.9M    n/a  n/a
   3   63 |   7 1.0    0      0    0    0   0%    10M |   n/a   n/a   1    0      0    0    0   0%  81.9M    n/a  n/a
   0   44 |   7 1.0   19   7.6M  145  630  81%    10M |  99.9   n/a   1   27  1.16M   11   22  66%  81.9M    n/a  n/a
   0   45 |   7 1.0   19   7.9M  139  608  81%    10M |  99.9   n/a   1   27   844k    8   23  74%  81.9M    n/a  n/a
   0   46 |   7 1.0   19   7.3M  124  592  82%    10M |  99.9   n/a   1   27  1.03M   10   24  70%  81.9M    n/a  n/a
   0   47 |   7 1.0   19   7.9M  136  558  80%    10M |  99.9   n/a   1   27   805k    8   21  72%  81.9M    n/a  n/a
   0   48 |   7 1.0   19   7.7M  135  627  82%    10M |  99.9   n/a   1   27   664k    7   27  79%  81.9M    n/a  n/a
   0   49 |   7 1.0   19   7.6M  127  553  81%    10M |  99.9   n/a   1   27   914k    9   23  71%  81.9M    n/a  n/a
   0   4a |   7 1.0   19   7.6M  131  509  79%    10M |  99.9   n/a   1   27  1.25M   12   25  67%  81.9M    n/a  n/a
   0   4b |   7 1.0   19   7.9M  131  517  79%    10M |  99.9   n/a   1   27   715k    7   22  75%  81.9M    n/a  n/a
   1   4c |   7 1.0   19   9.2M   72  402  84%    10M |  99.9   n/a   1   27   451k    2   11  84%  81.9M    n/a  n/a
   1   4d |   7 1.0   19   8.7M   62  450  87%    10M |  99.9   n/a   1   27   693k    3   11  78%  81.9M    n/a  n/a
   1   4e |   7 1.0   19   9.2M   71  427  85%    10M |  99.9   n/a   1   27   910k    4   10  71%  81.9M    n/a  n/a
   1   4f |   7 1.0   19   9.3M   67  399  85%    10M |  99.9   n/a   1   27   467k    2   12  85%  81.9M    n/a  n/a
   1   50 |   7 1.0   19   9.2M   72  453  86%    10M |  99.9   n/a   1   27   225k    1   13  92%  81.9M    n/a  n/a
   1   51 |   7 1.0   19   9.2M   68  438  86%    10M |  99.9   n/a   1   27  1.12M    5   12  70%  81.9M    n/a  n/a
   1   52 |   7 1.0   19   9.1M   64  404  86%    10M |  99.9   n/a   1   27   685k    3   11  78%  81.9M    n/a  n/a
   1   53 |   7 1.0    0      0    0    0   0%    10M |   n/a   n/a   1    0      0    0    0   0%  81.9M    n/a  n/a
   2   54 |   7 1.0   19   7.2M  167  571  77%    10M |  99.9   n/a   1   27   958k   13   23  63%  81.9M    n/a  n/a
   2   55 |   7 1.0   19   7.3M  157  587  78%    10M |  99.9   n/a   1   27  1.12M   14   22  61%  81.9M    n/a  n/a
   2   56 |   7 1.0   19   7.5M  171  661  79%    10M |  99.9   n/a   1   27   897k   13   24  64%  81.9M    n/a  n/a
   2   57 |   7 1.0   19   7.2M  147  586  79%    10M |  99.9   n/a   1   27  1.04M   13   23  63%  81.9M    n/a  n/a
   2   58 |   7 1.0   19   7.4M  165  619  78%    10M |  99.9   n/a   1   27   934k   12   20  62%  81.9M    n/a  n/a
   2   59 |   7 1.0   19   7.4M  154  516  77%    10M |  99.9   n/a   1   27  1.07M   16   24  60%  81.9M    n/a  n/a
   2   5a |   7 1.0   19   7.0M  153  699  82%    10M |  99.9   n/a   1   27   915k   11   22  66%  81.9M    n/a  n/a
   2   5b |   7 1.0   19   7.3M  157  543  77%    10M |  99.9   n/a   1   27   991k   15   21  58%  81.9M    n/a  n/a
   3   5c |   7 1.0   19    12M   79  396  83%    10M |  99.9   n/a   1   27  1.26M    5    7  58%  81.9M    n/a  n/a
   3   5d |   7 1.0   19    12M   89  366  80%    10M |  99.9   n/a   1   27  1.76M    7    9  56%  81.9M    n/a  n/a
   3   5e |   7 1.0   19    12M   78  394  83%    10M |  99.9   n/a   1   27  2.30M    9   10  52%  81.9M    n/a  n/a
   3   5f |   7 1.0   19    12M   87  387  81%    10M |  99.9   n/a   1   27  1.52M    6    9  60%  81.9M    n/a  n/a
   3   60 |   7 1.0   19    13M   87  352  80%    10M |  99.9   n/a   1   27  1.51M    6    9  60%  81.9M    n/a  n/a
   3   61 |   7 1.0   19    12M   96  398  80%    10M |  99.9   n/a   1   27   504k    2   10  83%  81.9M    n/a  n/a
   3   62 |   7 1.0   19    12M   87  407  82%    10M |  99.9   n/a   1   27   996k    4    9  69%  81.9M    n/a  n/a
   3   63 |   7 1.0    0      0    0    0   0%    10M |   n/a   n/a   1    0      0    0    0   0%  81.9M    n/a  n/a
   0   44 |   7 1.0   19    10M  170  548  76%    10M |  99.9   n/a   1   27  1.45M   13   20  60%  81.9M    n/a  n/a
   0   45 |   7 1.0   19    10M  165  510  75%    10M |  99.9   n/a   1   27  1.80M   18   22  55%  81.9M    n/a  n/a
   0   46 |   7 1.0   19    11M  176  549  75%    10M |  99.9   n/a   1   27  1.45M   15   21  58%  81.9M    n/a  n/a
   0   47 |   7 1.0   19  10.0M  170  536  75%    10M |  99.9   n/a   1   27  1.29M   11   23  67%  81.9M    n/a  n/a
   0   48 |   7 1.0   19  10.0M  166  545  76%    10M |  99.9   n/a   1   27  1.52M   14   19  57%  81.9M    n/a  n/a
   0   49 |   7 1.0   19    10M  169  534  75%    10M |  99.9   n/a   1   27  1.39M   14   23  62%  81.9M    n/a  n/a
   0   4a |   7 1.0   19    11M  181  552  75%    10M |  99.9   n/a   1   27  1.62M   16   23  58%  81.9M    n/a  n/a
   0   4b |   7 1.0   19   9.9M  164  524  76%    10M |  99.9   n/a   1   27  1.04M   11   21  65%  81.9M    n/a  n/a
   1   4c |   7 1.0   19    11M   89  385  81%    10M |  99.9   n/a   1   27  1.13M    5   10  66%  81.9M    n/a  n/a
   1   4d |   7 1.0   19    11M   80  373  82%    10M |  99.9   n/a   1   27   898k    4    8  66%  81.9M    n/a  n/a
   1   4e |   7 1.0   19    11M   83  382  82%    10M |  99.9   n/a   1   27   918k    4    7  63%  81.9M    n/a  n/a
   1   4f |   7 1.0   19  10.0M   75  422  84%    10M |  99.9   n/a   1   27   922k    4    9  69%  81.9M    n/a  n/a
   1   50 |   7 1.0   19    11M   88  407  82%    10M |  99.9   n/a   1   27  1.59M    7    9  56%  81.9M    n/a  n/a
   1   51 |   7 1.0   19    11M   83  365  81%    10M |  99.9   n/a   1   27  1.57M    7    9  56%  81.9M    n/a  n/a
   1   52 |   7 1.0   19    11M   79  405  83%    10M |  99.9   n/a   1   27  1.59M    7    8  53%  81.9M    n/a  n/a
   1   53 |   7 1.0    0      0    0    0   0%    10M |   n/a   n/a   1    0      0    0    0   0%  81.9M    n/a  n/a
   2   54 |   7 1.0   19   6.0M  135  616  82%    10M |  99.9   n/a   1   27   203k    3   23  88%  81.9M    n/a  n/a
   2   55 |   7 1.0   19   5.5M  123  611  83%    10M |  99.9   n/a   1   27   607k    7   26  78%  81.9M    n/a  n/a
   2   56 |   7 1.0   19   5.8M  136  606  81%    10M |  99.9   n/a   1   27   371k    5   23  82%  81.9M    n/a  n/a
   2   57 |   7 1.0   19   5.4M  118  632  84%    10M |  99.9   n/a   1   27   573k    7   24  77%  81.9M    n/a  n/a
   2   58 |   7 1.0   19   5.5M  127  688  84%    10M |  99.9   n/a   1   27   681k    9   23  71%  81.9M    n/a  n/a
   2   59 |   7 1.0   19   5.7M  125  635  83%    10M |  99.9   n/a   1   27   406k    5   24  82%  81.9M    n/a  n/a
   2   5a |   7 1.0   19   5.8M  135  617  82%    10M |  99.9   n/a   1   27   622k    7   23  76%  81.9M    n/a  n/a
   2   5b |   7 1.0   19   5.4M  118  666  84%    10M |  99.9   n/a   1   27   381k    6   22  78%  81.9M    n/a  n/a
   3   5c |   7 1.0   19    10M   68  390  85%    10M |  99.9   n/a   1   27  1.25M    5   11  68%  81.9M    n/a  n/a
   3   5d |   7 1.0   19    11M   80  400  83%    10M |  99.9   n/a   1   27   750k    3    9  75%  81.9M    n/a  n/a
   3   5e |   7 1.0   19    11M   77  409  84%    10M |  99.9   n/a   1   27  2.02M    8   11  57%  81.9M    n/a  n/a
   3   5f |   7 1.0   19    11M   85  369  81%    10M |  99.9   n/a   1   27   754k    3   12  80%  81.9M    n/a  n/a
   3   60 |   7 1.0   19    11M   74  350  82%    10M |  99.9   n/a   1   27  1.02M    4   11  73%  81.9M    n/a  n/a
   3   61 |   7 1.0   19    11M   77  363  82%    10M |  99.9   n/a   1   27   508k    2   12  85%  81.9M    n/a  n/a
   3   62 |   7 1.0   19    11M   86  394  82%    10M |  99.9   n/a   1   27   496k    2   14  87%  81.9M    n/a  n/a
   3   63 |   7 1.0    0      0    0    0   0%    10M |   n/a   n/a   1    0      0    0    0   0%  81.9M    n/a  n/a

          |--------------------DL---------------------|-------------------------------UL-----------------------------
 pci rnti | cqi  ri  mcs  brate   ok  nok  (%)  dl_bs | pusch  rsrp  ri  mcs  brate   ok  nok  (%)    bsr     ta  phr
   0   44 |   7 1.0   19    12M  198  506  71%    10M |  99.9   n/a   1   27  1.77M   16   23  58%  81.9M    n/a  n/a
   0   45 |   7 1.0   19    12M  190  421  68%    10M |  99.9   n/a   1   27  2.35M   23   18  43%  81.9M    n/a  n/a
   0   46 |   7 1.0   19    12M  208  466  69%    10M |  99.9   n/a   1   27  2.14M   23   24  51%  81.9M    n/a  n/a
   0   47 |   7 1.0   19    11M  186  465  71%    10M |  99.9   n/a   1   27  1.82M   19   24  55%  81.9M    n/a  n/a
   0   48 |   7 1.0   19    12M  210  526  71%    10M |  99.9   n/a   1   27  2.31M   22   21  48%  81.9M    n/a  n/a
   0   49 |   7 1.0   19    11M  184  521  73%    10M |  99.9   n/a   1   27  1.81M   17   22  56%  81.9M    n/a  n/a
   0   4a |   7 1.0   19    12M  210  515  71%    10M |  99.9   n/a   1   27  1.84M   20   20  50%  81.9M    n/a  n/a
   0   4b |   7 1.0   19    12M  189  461  70%    10M |  99.9   n/a   1   27  2.17M   22   21  48%  81.9M    n/a  n/a
   1   4c |   7 1.0   19    10M   83  364  81%    10M |  99.9   n/a   1   27  1.36M    6   12  66%  81.9M    n/a  n/a
   1   4d |   7 1.0   19    10M   77  404  83%    10M |  99.9   n/a   1   27  1.14M    5   11  68%  81.9M    n/a  n/a
   1   4e |   7 1.0   19    10M   89  415  82%    10M |  99.9   n/a   1   27  1.14M    5   11  68%  81.9M    n/a  n/a
   1   4f |   7 1.0   19   9.7M   75  405  84%    10M |  99.9   n/a   1   27   910k    4   12  75%  81.9M    n/a  n/a
   1   50 |   7 1.0   19    10M   86  432  83%    10M |  99.9   n/a   1   27  1.34M    6   12  66%  81.9M    n/a  n/a
   1   51 |   7 1.0   19    10M   76  385  83%    10M |  99.9   n/a   1   27   906k    4   10  71%  81.9M    n/a  n/a
   1   52 |   7 1.0   19    10M   76  332  81%    10M |  99.9   n/a   1   27   459k    2   13  86%  81.9M    n/a  n/a
   1   53 |   7 1.0    0      0    0    0   0%    10M |   n/a   n/a   1    0      0    0    0   0%  81.9M    n/a  n/a
   2   54 |   7 1.0   19   8.3M  182  609  76%    10M |  99.9   n/a   1   27   985k   13   19  59%  81.9M    n/a  n/a
   2   55 |   7 1.0   19   8.1M  179  565  75%    10M |  99.9   n/a   1   27  1.16M   13   24  64%  81.9M    n/a  n/a
   2   56 |   7 1.0   19   8.5M  193  497  72%    10M |  99.9   n/a   1   27   975k   14   26  65%  81.9M    n/a  n/a
   2   57 |   7 1.0   19   8.0M  175  572  76%    10M |  99.9   n/a   1   27  1.21M   17   26  60%  81.9M    n/a  n/a
   2   58 |   7 1.0   19   8.0M  177  673  79%    10M |  99.9   n/a   1   27  1.15M   15   22  59%  81.9M    n/a  n/a
   2   59 |   7 1.0   19   8.1M  165  515  75%    10M |  99.9   n/a   1   27  1000k   13   22  62%  81.9M    n/a  n/a
   2   5a |   7 1.0   19   8.1M  176  545  75%    10M |  99.9   n/a   1   27  1.14M   15   22  59%  81.9M    n/a  n/a
   2   5b |   7 1.0   19   8.0M  175  538  75%    10M |  99.9   n/a   1   27   939k   12   26  68%  81.9M    n/a  n/a
   3   5c |   7 1.0   19    13M   99  364  78%    10M |  99.9   n/a   1   27  1.02M    4   11  73%  81.9M    n/a  n/a
   3   5d |   7 1.0   19    12M   79  351  81%    10M |  99.9   n/a   1   27  2.28M    9   13  59%  81.9M    n/a  n/a
   3   5e |   7 1.0   19    13M   91  444  82%    10M |  99.9   n/a   1   27  1.26M    5   10  66%  81.9M    n/a  n/a
   3   5f |   7 1.0   19    13M   91  373  80%    10M |  99.9   n/a   1   27  2.04M    8   10  55%  81.9M    n/a  n/a
   3   60 |   7 1.0   19    13M   93  362  79%    10M |  99.9   n/a   1   27  2.30M    9   12  57%  81.9M    n/a  n/a
   3   61 |   7 1.0   19    12M   80  364  81%    10M |  99.9   n/a   1   27  1.26M    5   12  70%  81.9M    n/a  n/a
   3   62 |   7 1.0   19    12M   90  433  82%    10M |  99.9   n/a   1   27  2.78M   11   12  52%  81.9M    n/a  n/a
   3   63 |   7 1.0    0      0    0    0   0%    10M |   n/a   n/a   1    0      0    0    0   0%  81.9M    n/a  n/a
   0   44 |   7 1.0   19  10.0M  176  566  76%    10M |  99.9   n/a   1   27  2.07M   20   20  50%  81.9M    n/a  n/a
   0   45 |   7 1.0   19   9.9M  161  477  74%    10M |  99.9   n/a   1   27  1.34M   14   23  62%  81.9M    n/a  n/a
   0   46 |   7 1.0   19    10M  174  536  75%    10M |  99.9   n/a   1   27  1.56M   16   18  52%  81.9M    n/a  n/a
   0   47 |   7 1.0   19    10M  173  479  73%    10M |  99.9   n/a   1   27  1.72M   18   18  50%  81.9M    n/a  n/a
   0   48 |   7 1.0   19    10M  182  551  75%    10M |  99.9   n/a   1   27  1.68M   17   19  52%  81.9M    n/a  n/a
   0   49 |   7 1.0   19   9.9M  162  525  76%    10M |  99.9   n/a   1   27  2.56M   25   12  32%  81.9M    n/a  n/a
   0   4a |   7 1.0   19   9.9M  174  550  75%    10M |  99.9   n/a   1   27  1.62M   15   20  57%  81.9M    n/a  n/a
   0   4b |   7 1.0   19   9.8M  158  465  74%    10M |  99.9   n/a   1   27  1.28M   14   15  51%  81.9M    n/a  n/a
   1   4c |   7 1.0   19    12M   92  319  77%    10M |  99.9   n/a   1   27  1.38M    6   11  64%  81.9M    n/a  n/a
   1   4d |   7 1.0   19    12M   86  432  83%    10M |  99.9   n/a   1   27  1.13M    5   10  66%  81.9M    n/a  n/a
   1   4e |   7 1.0   19    12M   94  387  80%    10M |  99.9   n/a   1   27  2.48M   11   11  50%  81.9M    n/a  n/a
   1   4f |   7 1.0   19    12M   87  372  81%    10M |  99.9   n/a   1   27  2.50M   11   11  50%  81.9M    n/a  n/a
   1   50 |   7 1.0   19    12M   92  422  82%    10M |  99.9   n/a   1   27   459k    2   12  85%  81.9M    n/a  n/a
   1   51 |   7 1.0   19    11M   88  364  80%    10M |  99.9   n/a   1   27   902k    4   13  76%  81.9M    n/a  n/a
   1   52 |   7 1.0   19    12M   88  382  81%    10M |  99.9   n/a   1   27  2.48M   11   13  54%  81.9M    n/a  n/a
   1   53 |   7 1.0    0      0    0    0   0%    10M |   n/a   n/a   1    0      0    0    0   0%  81.9M    n/a  n/a
   2   54 |   7 1.0   19   7.8M  178  481  72%    10M |  99.9   n/a   1   27  1.24M   15   24  61%  81.9M    n/a  n/a
   2   55 |   7 1.0   19   7.7M  161  567  77%    10M |  99.9   n/a   1   27  1.00M   14   21  60%  81.9M    n/a  n/a
   2   56 |   7 1.0   19   7.6M  168  598  78%    10M |  99.9   n/a   1   27  1.02M   13   26  66%  81.9M    n/a  n/a
   2   57 |   7 1.0   19   7.6M  166  534  76%    10M |  99.9   n/a   1   27  1.29M   16   23  58%  81.9M    n/a  n/a
   2   58 |   7 1.0   19   8.3M  192  677  77%    10M |  99.9   n/a   1   27   948k   12   23  65%  81.9M    n/a  n/a
   2   59 |   7 1.0   19   7.7M  161  597  78%    10M |  99.9   n/a   1   27   827k   11   24  68%  81.9M    n/a  n/a
   2   5a |   7 1.0   19   8.2M  178  585  76%    10M |  99.9   n/a   1   27   843k   11   24  68%  81.9M    n/a  n/a
   2   5b |   7 1.0   19   7.7M  175  548  75%    10M |  99.9   n/a   1   27   997k   14   22  61%  81.9M    n/a  n/a
   3   5c |   7 1.0   19    12M   88  394  81%    10M |  99.9   n/a   1   27  1.02M    4   12  75%  81.9M    n/a  n/a
   3   5d |   7 1.0   19    12M   84  383  82%    10M |  99.9   n/a   1   27   754k    3   11  78%  81.9M    n/a  n/a
   3   5e |   7 1.0   19    12M   96  368  79%    10M |  99.9   n/a   1   27  2.53M   10   13  56%  81.9M    n/a  n/a
   3   5f |   7 1.0   19    12M   86  381  81%    10M |  99.9   n/a   1   27  1.27M    5   14  73%  81.9M    n/a  n/a
   3   60 |   7 1.0   19    12M   86  336  79%    10M |  99.9   n/a   1   27  1.51M    6   11  64%  81.9M    n/a  n/a
   3   61 |   7 1.0   19    12M   82  401  83%    10M |  99.9   n/a   1   27  2.28M    9   10  52%  81.9M    n/a  n/a
   3   62 |   7 1.0   19    12M   89  322  78%    10M |  99.9   n/a   1   27   512k    2    9  81%  81.9M    n/a  n/a
   3   63 |   7 1.0    0      0    0    0   0%    10M |   n/a   n/a   1    0      0    0    0   0%  81.9M    n/a  n/a
   0   44 |   7 1.0   19    11M  199  536  72%    10M |  99.9   n/a   1   27  1.32M   14   20  58%  81.9M    n/a  n/a
   0   45 |   7 1.0   19    11M  192  486  71%    10M |  99.9   n/a   1   27  2.29M   25   14  35%  81.9M    n/a  n/a
   0   46 |   7 1.0   19    11M  178  527  74%    10M |  99.9   n/a   1   27  1.89M   19   20  51%  81.9M    n/a  n/a
   0   47 |   7 1.0   19    11M  188  483  71%    10M |  99.9   n/a   1   27  1.53M   16   19  54%  81.9M    n/a  n/a
   0   48 |   7 1.0   19    10M  182  509  73%    10M |  99.9   n/a   1   27  2.06M   20   15  42%  81.9M    n/a  n/a
   0   49 |   7 1.0   19    11M  181  491  73%    10M |  99.9   n/a   1   27  1.76M   17   20  54%  81.9M    n/a  n/a
   0   4a |   7 1.0   19    11M  193  495  71%    10M |  99.9   n/a   1   27  1.68M   18   17  48%  81.9M    n/a  n/a
   0   4b |   7 1.0   19    11M  181  477  72%    10M |  99.9   n/a   1   27  1.58M   16   19  54%  81.9M    n/a  n/a
   1   4c |   7 1.0   19    11M   85  379  81%    10M |  99.9   n/a   1   27   918k    4   10  71%  81.9M    n/a  n/a
   1   4d |   7 1.0   19    11M   86  397  82%    10M |  99.9   n/a   1   27  1.59M    7   12  63%  81.9M    n/a  n/a
   1   4e |   7 1.0   19    11M   85  414  82%    10M |  99.9   n/a   1   27  1.36M    6   13  68%  81.9M    n/a  n/a
   1   4f |   7 1.0   19    11M   76  371  82%    10M |  99.9   n/a   1   27  1.14M    5    9  64%  81.9M    n/a  n/a
   1   50 |   7 1.0   19    11M   86  355  80%    10M |  99.9   n/a   1   27  1.36M    6   12  66%  81.9M    n/a  n/a
   1   51 |   7 1.0   19    11M   87  402  82%    10M |  99.9   n/a   1   27  1.12M    5   11  68%  81.9M    n/a  n/a
   1   52 |   7 1.0   19    11M   79  377  82%    10M |  99.9   n/a   1   27  1.35M    6   11  64%  81.9M    n/a  n/a
   1   53 |   7 1.0    0      0    0    0   0%    10M |   n/a   n/a   1    0      0    0    0   0%  81.9M    n/a  n/a
   2   54 |   7 1.0   19   8.7M  203  583  74%    10M |  99.9   n/a   1   27  1.22M   14   23  62%  81.9M    n/a  n/a
   2   55 |   7 1.0   19   8.6M  185  493  72%    10M |  99.9   n/a   1   27  1.31M   17   24  58%  81.9M    n/a  n/a
   2   56 |   7 1.0   19   9.0M  193  566  74%    10M |  99.9   n/a   1   27  1.31M   17   21  55%  81.9M    n/a  n/a
   2   57 |   7 1.0   19   8.4M  178  501  73%    10M |  99.9   n/a   1   27  1.58M   20   22  52%  81.9M    n/a  n/a
   2   58 |   7 1.0   19   8.9M  204  540  72%    10M |  99.9   n/a   1   27  1.40M   18   22  55%  81.9M    n/a  n/a
   2   59 |   7 1.0   19   8.7M  183  526  74%    10M |  99.9   n/a   1   27  1.73M   21   20  48%  81.9M    n/a  n/a
   2   5a |   7 1.0   19   8.9M  199  565  73%    10M |  99.9   n/a   1   27  1.16M   14   19  57%  81.9M    n/a  n/a
   2   5b |   7 1.0   19   8.8M  193  522  73%    10M |  99.9   n/a   1   27  1.33M   17   22  56%  81.9M    n/a  n/a

          |--------------------DL---------------------|-------------------------------UL-----------------------------
 pci rnti | cqi  ri  mcs  brate   ok  nok  (%)  dl_bs | pusch  rsrp  ri  mcs  brate   ok  nok  (%)    bsr     ta  phr
   3   5c |   7 1.0   19    12M   80  404  83%    10M |  99.9   n/a   1   27   508k    2   10  83%  81.9M    n/a  n/a
   3   5d |   7 1.0   19    12M   83  410  83%    10M |  99.9   n/a   1   27  1.27M    5   11  68%  81.9M    n/a  n/a
   3   5e |   7 1.0   19    11M   80  453  84%    10M |  99.9   n/a   1   27  2.02M    8   10  55%  81.9M    n/a  n/a
   3   5f |   7 1.0   19    11M   87  392  81%    10M |  99.9   n/a   1   27  1.27M    5   14  73%  81.9M    n/a  n/a
   3   60 |   7 1.0   19    12M   83  388  82%    10M |  99.9   n/a   1   27  1.53M    6   12  66%  81.9M    n/a  n/a
   3   61 |   7 1.0   19    11M   79  409  83%    10M |  99.9   n/a   1   27  1.79M    7   12  63%  81.9M    n/a  n/a
   3   62 |   7 1.0   19    11M   80  359  81%    10M |  99.9   n/a   1   27  2.01M    8   11  57%  81.9M    n/a  n/a
   3   63 |   7 1.0    0      0    0    0   0%    10M |   n/a   n/a   1    0      0    0    0   0%  81.9M    n/a  n/a
   0   44 |   7 1.0   19    10M  180  492  73%    10M |  99.9   n/a   1   27  1.81M   20   24  54%  81.9M    n/a  n/a
   0   45 |   7 1.0   19    10M  163  480  74%    10M |  99.9   n/a   1   27  1.42M   16   22  57%  81.9M    n/a  n/a
   0   46 |   7 1.0   19    10M  181  578  76%    10M |  99.9   n/a   1   27  2.01M   21   17  44%  81.9M    n/a  n/a
   0   47 |   7 1.0   19    10M  170  499  74%    10M |  99.9   n/a   1   27  2.71M   27   13  32%  81.9M    n/a  n/a
   0   48 |   7 1.0   19    10M  175  492  73%    10M |  99.9   n/a   1   27  2.00M   21   22  51%  81.9M    n/a  n/a
   0   49 |   7 1.0   19    10M  167  488  74%    10M |  99.9   n/a   1   27  1.15M   11   26  70%  81.9M    n/a  n/a
   0   4a |   7 1.0   19    10M  196  549  73%    10M |  99.9   n/a   1   27  2.29M   24   20  45%  81.9M    n/a  n/a
   0   4b |   7 1.0   19    10M  167  495  74%    10M |  99.9   n/a   1   27  1.53M   14   23  62%  81.9M    n/a  n/a
   1   4c |   7 1.0   19    12M   96  324  77%    10M |  99.9   n/a   1   27  1.60M    7   13  65%  81.9M    n/a  n/a
   1   4d |   7 1.0   19    12M   88  317  78%    10M |  99.9   n/a   1   27  1.39M    6   13  68%  81.9M    n/a  n/a
   1   4e |   7 1.0   19    12M   94  322  77%    10M |  99.9   n/a   1   27  1.60M    7   12  63%  81.9M    n/a  n/a
   1   4f |   7 1.0   19    12M   88  334  79%    10M |  99.9   n/a   1   27  1.57M    7   13  65%  81.9M    n/a  n/a
   1   50 |   7 1.0   19    11M   84  340  80%    10M |  99.9   n/a   1   27  1.35M    6   11  64%  81.9M    n/a  n/a
   1   51 |   7 1.0   19    11M   83  368  81%    10M |  99.9   n/a   1   27  1.57M    7   12  63%  81.9M    n/a  n/a
   1   52 |   7 1.0   19    11M   84  345  80%    10M |  99.9   n/a   1   27  1.39M    6   11  64%  81.9M    n/a  n/a
   1   53 |   7 1.0    0      0    0    0   0%    10M |   n/a   n/a   1    0      0    0    0   0%  81.9M    n/a  n/a
   2   54 |   7 1.0   19   9.5M  215  516  70%    10M |  99.9   n/a   1   27  1.18M   14   26  65%  81.9M    n/a  n/a
   2   55 |   7 1.0   19   9.1M  189  558  74%    10M |  99.9   n/a   1   27   746k    9   22  70%  81.9M    n/a  n/a
   2   56 |   7 1.0   19   9.3M  203  557  73%    10M |  99.9   n/a   1   27  1.21M   14   22  61%  81.9M    n/a  n/a
   2   57 |   7 1.0   19   9.2M  196  513  72%    10M |  99.9   n/a   1   27  1.18M   16   20  55%  81.9M    n/a  n/a
   2   58 |   7 1.0   19   9.3M  209  490  70%    10M |  99.9   n/a   1   27   591k    7   24  77%  81.9M    n/a  n/a
   2   59 |   7 1.0   19   9.2M  195  532  73%    10M |  99.9   n/a   1   27  1.33M   16   24  60%  81.9M    n/a  n/a
   2   5a |   7 1.0   19   9.0M  198  573  74%    10M |  99.9   n/a   1   27  1.06M   13   23  63%  81.9M    n/a  n/a
   2   5b |   7 1.0   19   9.3M  194  535  73%    10M |  99.9   n/a   1   27  1.31M   19   23  54%  81.9M    n/a  n/a
   3   5c |   7 1.0   19    10M   80  410  83%    10M |  99.9   n/a   1   27   767k    3   13  81%  81.9M    n/a  n/a
   3   5d |   7 1.0   19    10M   79  359  81%    10M |  99.9   n/a   1   27   250k    1   10  90%  81.9M    n/a  n/a
   3   5e |   7 1.0   19    10M   78  366  82%    10M |  99.9   n/a   1   27   508k    2   12  85%  81.9M    n/a  n/a
   3   5f |   7 1.0   19    10M   78  380  82%    10M |  99.9   n/a   1   27   996k    4    9  69%  81.9M    n/a  n/a
   3   60 |   7 1.0   19    11M   91  421  82%    10M |  99.9   n/a   1   27   762k    3   13  81%  81.9M    n/a  n/a
   3   61 |   7 1.0   19    11M   82  329  80%    10M |   n/a   n/a   1   27      0    0   10 100%  81.9M    n/a  n/a
   3   62 |   7 1.0   19    11M   79  361  82%    10M |  99.9   n/a   1   27   750k    3   14  82%  81.9M    n/a  n/a
   3   63 |   7 1.0    0      0    0    0   0%    10M |   n/a   n/a   1    0      0    0    0   0%  81.9M    n/a  n/a
   0   44 |   7 1.0   19   9.8M  175  552  75%    10M |  99.9   n/a   1   27  1.35M   14   22  61%  81.9M    n/a  n/a
   0   45 |   7 1.0   19    10M  171  476  73%    10M |  99.9   n/a   1   27  1.42M   14   25  64%  81.9M    n/a  n/a
   0   46 |   7 1.0   19   9.7M  170  580  77%    10M |  99.9   n/a   1   27  1.34M   16   24  60%  81.9M    n/a  n/a
   0   47 |   7 1.0   19    10M  170  513  75%    10M |  99.9   n/a   1   27  1.33M   13   27  67%  81.9M    n/a  n/a
   0   48 |   7 1.0   19    10M  182  514  73%    10M |  99.9   n/a   1   27  1.22M   14   26  65%  81.9M    n/a  n/a
   0   49 |   7 1.0   19    10M  180  499  73%    10M |  99.9   n/a   1   27  1.19M   13   22  62%  81.9M    n/a  n/a
   0   4a |   7 1.0   19    10M  172  539  75%    10M |  99.9   n/a   1   27  1.55M   17   22  56%  81.9M    n/a  n/a
   0   4b |   7 1.0   19    10M  178  538  75%    10M |  99.9   n/a   1   27  1.02M   11   26  70%  81.9M    n/a  n/a
   1   4c |   7 1.0   19  10.0M   87  387  81%    10M |  99.9   n/a   1   27  1.58M    7   14  66%  81.9M    n/a  n/a
   1   4d |   7 1.0   19  10.0M   81  405  83%    10M |  99.9   n/a   1   27   684k    3   12  80%  81.9M    n/a  n/a
   1   4e |   7 1.0   19    11M   91  321  77%    10M |   n/a   n/a   1   27      0    0   12 100%  81.9M    n/a  n/a
   1   4f |   7 1.0   19    10M   80  368  82%    10M |  99.9   n/a   1   27   225k    1   13  92%  81.9M    n/a  n/a
   1   50 |   7 1.0   19    10M   86  393  82%    10M |  99.9   n/a   1   27  1.57M    7   14  66%  81.9M    n/a  n/a
   1   51 |   7 1.0   19   9.8M   79  415  84%    10M |  99.9   n/a   1   27  1.59M    7   11  61%  81.9M    n/a  n/a
   1   52 |   7 1.0   19   9.7M   81  417  83%    10M |  99.9   n/a   1   27   898k    4   11  73%  81.9M    n/a  n/a
   1   53 |   7 1.0    0      0    0    0   0%    10M |   n/a   n/a   1    0      0    0    0   0%  81.9M    n/a  n/a
   2   54 |   7 1.0   19   7.7M  175  559  76%    10M |  99.9   n/a   1   27   624k    8   22  73%  81.9M    n/a  n/a
   2   55 |   7 1.0   19   7.7M  163  495  75%    10M |  99.9   n/a   1   27   735k   10   25  71%  81.9M    n/a  n/a
   2   56 |   7 1.0   19   7.3M  163  654  80%    10M |  99.9   n/a   1   27   771k   11   27  71%  81.9M    n/a  n/a
   2   57 |   7 1.0   19   7.5M  163  534  76%    10M |  99.9   n/a   1   27   626k    7   23  76%  81.9M    n/a  n/a
   2   58 |   7 1.0   19   7.6M  178  568  76%    10M |  99.9   n/a   1   27   584k    8   21  72%  81.9M    n/a  n/a
   2   59 |   7 1.0   19   7.2M  156  559  78%    10M |  99.9   n/a   1   27   783k   10   22  68%  81.9M    n/a  n/a
   2   5a |   7 1.0   19   7.6M  173  640  78%    10M |  99.9   n/a   1   27   910k   10   24  70%  81.9M    n/a  n/a
   2   5b |   7 1.0   19   7.7M  161  529  76%    10M |  99.9   n/a   1   27   508k    7   23  76%  81.9M    n/a  n/a
   3   5c |   7 1.0   19    12M   90  320  78%    10M |  99.9   n/a   1   27  1.25M    5   11  68%  81.9M    n/a  n/a
   3   5d |   7 1.0   19    12M   95  379  79%    10M |  99.9   n/a   1   27   771k    3   13  81%  81.9M    n/a  n/a
   3   5e |   7 1.0   19    12M   92  346  78%    10M |  99.9   n/a   1   27  1.28M    5   11  68%  81.9M    n/a  n/a
   3   5f |   7 1.0   19    12M   93  345  78%    10M |  99.9   n/a   1   27  2.26M    9   12  57%  81.9M    n/a  n/a
   3   60 |   7 1.0   19    13M   90  294  76%    10M |  99.9   n/a   1   27  1.02M    4   14  77%  81.9M    n/a  n/a
   3   61 |   7 1.0   19    12M   93  348  78%    10M |  99.9   n/a   1   27  1.52M    6    8  57%  81.9M    n/a  n/a
   3   62 |   7 1.0   19    12M   88  362  80%    10M |  99.9   n/a   1   27  1.51M    6   10  62%  81.9M    n/a  n/a
   3   63 |   7 1.0    0      0    0    0   0%    10M |   n/a   n/a   1    0      0    0    0   0%  81.9M    n/a  n/a
   0   44 |   7 1.0   19    12M  206  490  70%    10M |  99.9   n/a   1   27  1.15M   12   25  67%  81.9M    n/a  n/a
   0   45 |   7 1.0   19    12M  194  476  71%    10M |  99.9   n/a   1   27  1.80M   17   23  57%  81.9M    n/a  n/a
   0   46 |   7 1.0   19    11M  194  520  72%    10M |  99.9   n/a   1   27  1.19M   12   21  63%  81.9M    n/a  n/a
   0   47 |   7 1.0   19    12M  196  467  70%    10M |  99.9   n/a   1   27  1.47M   15   20  57%  81.9M    n/a  n/a
   0   48 |   7 1.0   19    12M  207  496  70%    10M |  99.9   n/a   1   27  1.60M   15   25  62%  81.9M    n/a  n/a
   0   49 |   7 1.0   19    12M  194  454  70%    10M |  99.9   n/a   1   27  2.05M   20   20  50%  81.9M    n/a  n/a
   0   4a |   7 1.0   19    11M  211  597  73%    10M |  99.9   n/a   1   27  1.94M   18   17  48%  81.9M    n/a  n/a
   0   4b |   7 1.0   19    12M  200  427  68%    10M |  99.9   n/a   1   27  1.69M   18   16  47%  81.9M    n/a  n/a
   1   4c |   7 1.0   19    13M  104  325  75%    10M |  99.9   n/a   1   27  1.58M    7   12  63%  81.9M    n/a  n/a
   1   4d |   7 1.0   19    12M   96  381  79%    10M |  99.9   n/a   1   27  2.70M   12   13  52%  81.9M    n/a  n/a
   1   4e |   7 1.0   19    13M   94  344  78%    10M |  99.9   n/a   1   27  1.38M    6   12  66%  81.9M    n/a  n/a
   1   4f |   7 1.0   19    12M   97  352  78%    10M |  99.9   n/a   1   27  1.38M    6   13  68%  81.9M    n/a  n/a
   1   50 |   7 1.0   19    13M  109  324  74%    10M |  99.9   n/a   1   27  1.82M    8   12  60%  81.9M    n/a  n/a
   1   51 |   7 1.0   19    13M  102  349  77%    10M |  99.9   n/a   1   27  1.81M    8   11  57%  81.9M    n/a  n/a
   1   52 |   7 1.0   19    13M  115  339  74%    10M |  99.9   n/a   1   27  1.58M    7   15  68%  81.9M    n/a  n/a
   1   53 |   7 1.0    0      0    0    0   0%    10M |   n/a   n/a   1    0      0    0    0   0%  81.9M    n/a  n/a

          |--------------------DL---------------------|-------------------------------UL-----------------------------
 pci rnti | cqi  ri  mcs  brate   ok  nok  (%)  dl_bs | pusch  rsrp  ri  mcs  brate   ok  nok  (%)    bsr     ta  phr
   2   54 |   7 1.0   19   8.4M  193  544  73%    10M |  99.9   n/a   1   27   986k   13   22  62%  81.9M    n/a  n/a
   2   55 |   7 1.0   19   8.0M  168  561  76%    10M |  99.9   n/a   1   27  1.21M   17   22  56%  81.9M    n/a  n/a
   2   56 |   7 1.0   19   8.3M  196  600  75%    10M |  99.9   n/a   1   27  1.07M   13   23  63%  81.9M    n/a  n/a
   2   57 |   7 1.0   19   7.9M  163  560  77%    10M |  99.9   n/a   1   27  1.11M   15   22  59%  81.9M    n/a  n/a
   2   58 |   7 1.0   19   8.6M  194  539  73%    10M |  99.9   n/a   1   27   984k   12   23  65%  81.9M    n/a  n/a
   2   59 |   7 1.0   19   8.2M  164  551  77%    10M |  99.9   n/a   1   27  1.03M   13   22  62%  81.9M    n/a  n/a
   2   5a |   7 1.0   19   7.9M  173  597  77%    10M |  99.9   n/a   1   27  1.11M   14   23  62%  81.9M    n/a  n/a
   2   5b |   7 1.0   19   7.9M  173  484  73%    10M |  99.9   n/a   1   27  1.05M   14   22  61%  81.9M    n/a  n/a
   3   5c |   7 1.0   19    11M   83  320  79%    10M |  99.9   n/a   1   27  1.77M    7   12  63%  81.9M    n/a  n/a
   3   5d |   7 1.0   19    11M   79  365  82%    10M |  99.9   n/a   1   27   767k    3   15  83%  81.9M    n/a  n/a
   3   5e |   7 1.0   19    11M   82  309  79%    10M |  99.9   n/a   1   27  1.79M    7   14  66%  81.9M    n/a  n/a
   3   5f |   7 1.0   19    11M   93  333  78%    10M |  99.9   n/a   1   27  1.27M    5   13  72%  81.9M    n/a  n/a
   3   60 |   7 1.0   19    11M   87  407  82%    10M |  99.9   n/a   1   27   996k    4   11  73%  81.9M    n/a  n/a
   3   61 |   7 1.0   19    12M   94  301  76%    10M |  99.9   n/a   1   27  1.25M    5   11  68%  81.9M    n/a  n/a
   3   62 |   7 1.0   19    11M   83  356  81%    10M |  99.9   n/a   1   27  1.29M    5   15  75%  81.9M    n/a  n/a
   3   63 |   7 1.0    0      0    0    0   0%    10M |   n/a   n/a   1    0      0    0    0   0%  81.9M    n/a  n/a
   0   44 |   7 1.0   19    10M  193  495  71%    10M |  99.9   n/a   1   27  1.76M   18   21  53%  81.9M    n/a  n/a
   0   45 |   7 1.0   19   9.7M  158  465  74%    10M |  99.9   n/a   1   27  1.99M   19   20  51%  81.9M    n/a  n/a
   0   46 |   7 1.0   19   9.8M  166  538  76%    10M |  99.9   n/a   1   27  1.86M   19   23  54%  81.9M    n/a  n/a
   0   47 |   7 1.0   19   9.5M  159  489  75%    10M |  99.9   n/a   1   27   953k   10   24  70%  81.9M    n/a  n/a
   0   48 |   7 1.0   19    10M  178  492  73%    10M |  99.9   n/a   1   27  1.24M   13   22  62%  81.9M    n/a  n/a
   0   49 |   7 1.0   19   9.2M  158  538  77%    10M |  99.9   n/a   1   27  1.12M   12   22  64%  81.9M    n/a  n/a
   0   4a |   7 1.0   19    11M  172  458  72%    10M |  99.9   n/a   1   27  1.58M   17   24  58%  81.9M    n/a  n/a
   0   4b |   7 1.0   19   9.5M  158  470  74%    10M |  99.9   n/a   1   27  1.12M   12   22  64%  81.9M    n/a  n/a
   1   4c |   7 1.0   19    12M   98  254  72%    10M |  99.9   n/a   1   27   447k    2   15  88%  81.9M    n/a  n/a
   1   4d |   7 1.0   19    10M   93  340  78%    10M |  99.9   n/a   1   27   676k    3   13  81%  81.9M    n/a  n/a
   1   4e |   7 1.0   19    11M   91  306  77%    10M |  99.9   n/a   1   27  1.13M    5   13  72%  81.9M    n/a  n/a
   1   4f |   7 1.0   19    11M   92  296  76%    10M |  99.9   n/a   1   27   660k    3   13  81%  81.9M    n/a  n/a
   1   50 |   7 1.0   19    11M   86  289  77%    10M |  99.9   n/a   1   27   664k    3   13  81%  81.9M    n/a  n/a
   1   51 |   7 1.0   19    11M   94  275  74%    10M |  99.9   n/a   1   27  1.35M    6   13  68%  81.9M    n/a  n/a
   1   52 |   7 1.0   19    11M   79  372  82%    10M |  99.9   n/a   1   27   910k    4   14  77%  81.9M    n/a  n/a
   1   53 |   7 1.0    0      0    0    0   0%    10M |   n/a   n/a   1    0      0    0    0   0%  81.9M    n/a  n/a
   2   54 |   7 1.0   19   8.8M  188  556  74%    10M |  99.9   n/a   1   27  1.14M   14   29  67%  81.9M    n/a  n/a
   2   55 |   7 1.0   19   8.5M  178  497  73%    10M |  99.9   n/a   1   27  1.11M   13   26  66%  81.9M    n/a  n/a
   2   56 |   7 1.0   19   8.3M  183  554  75%    10M |  99.9   n/a   1   27   837k   11   27  71%  81.9M    n/a  n/a
   2   57 |   7 1.0   19   8.7M  180  538  74%    10M |  99.9   n/a   1   27   688k    8   31  79%  81.9M    n/a  n/a
   2   58 |   7 1.0   19   8.2M  194  564  74%    10M |  99.9   n/a   1   27  1.07M   13   25  65%  81.9M    n/a  n/a
   2   59 |   7 1.0   19   8.2M  176  548  75%    10M |  99.9   n/a   1   27   774k   10   27  72%  81.9M    n/a  n/a
   2   5a |   7 1.0   19   8.5M  204  570  73%    10M |  99.9   n/a   1   27   502k    6   27  81%  81.9M    n/a  n/a
   2   5b |   7 1.0   19   8.4M  179  575  76%    10M |  99.9   n/a   1   27   627k    8   30  78%  81.9M    n/a  n/a
   3   5c |   7 1.0   19    12M   91  279  75%    10M |  99.9   n/a   1   27   758k    3   13  81%  81.9M    n/a  n/a
   3   5d |   7 1.0   19    13M   94  261  73%    10M |  99.9   n/a   1   27   508k    2   14  87%  81.9M    n/a  n/a
   3   5e |   7 1.0   19    12M   76  288  79%    10M |  99.9   n/a   1   27  1.26M    5   12  70%  81.9M    n/a  n/a
   3   5f |   7 1.0   19    13M   98  293  74%    10M |  99.9   n/a   1   27  1.25M    5   12  70%  81.9M    n/a  n/a
   3   60 |   7 1.0   19    13M   93  292  75%    10M |  99.9   n/a   1   27   504k    2   13  86%  81.9M    n/a  n/a
   3   61 |   7 1.0   19    13M   85  266  75%    10M |  99.9   n/a   1   27   250k    1   12  92%  81.9M    n/a  n/a
   3   62 |   7 1.0   19    13M   85  318  78%    10M |  99.9   n/a   1   27  1.02M    4   13  76%  81.9M    n/a  n/a
   3   63 |   7 1.0    0      0    0    0   0%    10M |   n/a   n/a   1    0      0    0    0   0%  81.9M    n/a  n/a
   0   44 |   7 1.0   19    10M  184  505  73%    10M |  99.9   n/a   1   27  1.13M   12   25  67%  81.9M    n/a  n/a
   0   45 |   7 1.0   19    11M  169  425  71%    10M |  99.9   n/a   1   27  1.02M   12   21  63%  81.9M    n/a  n/a
   0   46 |   7 1.0   19   9.9M  168  489  74%    10M |  99.9   n/a   1   27  1.47M   14   21  60%  81.9M    n/a  n/a
   0   47 |   7 1.0   19    11M  177  453  71%    10M |  99.9   n/a   1   27  1.98M   19   21  52%  81.9M    n/a  n/a
   0   48 |   7 1.0   19    11M  189  484  71%    10M |  99.9   n/a   1   27  1.68M   15   16  51%  81.9M    n/a  n/a
   0   49 |   7 1.0   19    10M  177  434  71%    10M |  99.9   n/a   1   27  2.40M   24   14  36%  81.9M    n/a  n/a
   0   4a |   7 1.0   19  10.0M  179  540  75%    10M |  99.9   n/a   1   27  2.32M   22   16  42%  81.9M    n/a  n/a
   0   4b |   7 1.0   19    10M  168  409  70%    10M |  99.9   n/a   1   27  1.84M   19   19  50%  81.9M    n/a  n/a
   1   4c |   7 1.0   19    12M  100  369  78%    10M |  99.9   n/a   1   27   910k    4   11  73%  81.9M    n/a  n/a
   1   4d |   7 1.0   19    13M   94  377  80%    10M |  99.9   n/a   1   27  1.13M    5   13  72%  81.9M    n/a  n/a
   1   4e |   7 1.0   19    12M   94  356  79%    10M |  99.9   n/a   1   27  1.82M    8   10  55%  81.9M    n/a  n/a
   1   4f |   7 1.0   19    12M   93  341  78%    10M |  99.9   n/a   1   27  1.58M    7   11  61%  81.9M    n/a  n/a
   1   50 |   7 1.0   19    13M   94  348  78%    10M |  99.9   n/a   1   27   906k    4   14  77%  81.9M    n/a  n/a
   1   51 |   7 1.0   19    13M   96  390  80%    10M |  99.9   n/a   1   27  1.58M    7   13  65%  81.9M    n/a  n/a
   1   52 |   7 1.0   19    12M   90  315  77%    10M |  99.9   n/a   1   27  1.83M    8   14  63%  81.9M    n/a  n/a
   1   53 |   7 1.0    0      0    0    0   0%    10M |   n/a   n/a   1    0      0    0    0   0%  81.9M    n/a  n/a
   2   54 |   7 1.0   19   8.0M  177  587  76%    10M |  99.9   n/a   1   27   990k   12   20  62%  81.9M    n/a  n/a
   2   55 |   7 1.0   19   7.3M  160  559  77%    10M |  99.9   n/a   1   27   889k   11   19  63%  81.9M    n/a  n/a
   2   56 |   7 1.0   19   7.6M  169  594  77%    10M |  99.9   n/a   1   27   744k   10   23  69%  81.9M    n/a  n/a
   2   57 |   7 1.0   19   7.4M  159  538  77%    10M |  99.9   n/a   1   27   765k    9   22  70%  81.9M    n/a  n/a
   2   58 |   7 1.0   19   7.5M  163  577  77%    10M |  99.9   n/a   1   27   997k   13   25  65%  81.9M    n/a  n/a
   2   59 |   7 1.0   19   7.6M  163  586  78%    10M |  99.9   n/a   1   27   765k    9   25  73%  81.9M    n/a  n/a
   2   5a |   7 1.0   19   7.9M  189  589  75%    10M |  99.9   n/a   1   27   787k   10   24  70%  81.9M    n/a  n/a
   2   5b |   7 1.0   19   7.5M  156  570  78%    10M |  99.9   n/a   1   27   917k   12   21  63%  81.9M    n/a  n/a
   3   5c |   7 1.0   19    11M   82  383  82%    10M |  99.9   n/a   1   27  1.26M    5   13  72%  81.9M    n/a  n/a
   3   5d |   7 1.0   19    11M   81  348  81%    10M |  99.9   n/a   1   27   992k    4   14  77%  81.9M    n/a  n/a
   3   5e |   7 1.0   19    11M   85  354  80%    10M |  99.9   n/a   1   27  1.00M    4   17  80%  81.9M    n/a  n/a
   3   5f |   7 1.0   19    11M   80  374  82%    10M |  99.9   n/a   1   27  1.00M    4   14  77%  81.9M    n/a  n/a
   3   60 |   7 1.0   19    11M   77  412  84%    10M |  99.9   n/a   1   27  1.54M    6   15  71%  81.9M    n/a  n/a
   3   61 |   7 1.0   19    12M   86  393  82%    10M |  99.9   n/a   1   27  1.27M    5   14  73%  81.9M    n/a  n/a
   3   62 |   7 1.0   19    11M   81  381  82%    10M |  99.9   n/a   1   27  1.02M    4   13  76%  81.9M    n/a  n/a
   3   63 |   7 1.0    0      0    0    0   0%    10M |   n/a   n/a   1    0      0    0    0   0%  81.9M    n/a  n/a
   0   44 |   7 1.0   19   9.8M  183  473  72%    10M |  99.9   n/a   1   27  1.57M   15   22  59%  81.9M    n/a  n/a
   0   45 |   7 1.0   19   9.4M  152  437  74%    10M |  99.9   n/a   1   27  1.36M   12   23  65%  81.9M    n/a  n/a
   0   46 |   7 1.0   19   8.9M  147  533  78%    10M |  99.9   n/a   1   27  1.53M   14   22  61%  81.9M    n/a  n/a
   0   47 |   7 1.0   19   9.8M  162  443  73%    10M |  99.9   n/a   1   27  1.34M   14   23  62%  81.9M    n/a  n/a
   0   48 |   7 1.0   19   9.5M  171  480  73%    10M |  99.9   n/a   1   27  1.64M   17   24  58%  81.9M    n/a  n/a
   0   49 |   7 1.0   19   9.4M  157  471  75%    10M |  99.9   n/a   1   27  1.72M   16   21  56%  81.9M    n/a  n/a
   0   4a |   7 1.0   19    10M  194  469  70%    10M |  99.9   n/a   1   27  1.38M   12   18  60%  81.9M    n/a  n/a
   0   4b |   7 1.0   19    10M  152  441  74%    10M |  99.9   n/a   1   27  1.58M   16   22  57%  81.9M    n/a  n/a

          |--------------------DL---------------------|-------------------------------UL-----------------------------
 pci rnti | cqi  ri  mcs  brate   ok  nok  (%)  dl_bs | pusch  rsrp  ri  mcs  brate   ok  nok  (%)    bsr     ta  phr
   1   4c |   7 1.0   19    10M   76  357  82%    10M |  99.9   n/a   1   27  1.57M    7   13  65%  81.9M    n/a  n/a
   1   4d |   7 1.0   19    11M   91  310  77%    10M |  99.9   n/a   1   27  1.57M    7   13  65%  81.9M    n/a  n/a
   1   4e |   7 1.0   19    11M   83  306  78%    10M |  99.9   n/a   1   27   701k    3   15  83%  81.9M    n/a  n/a
   1   4f |   7 1.0   19    11M   98  294  75%    10M |  99.9   n/a   1   27  1.56M    7   15  68%  81.9M    n/a  n/a
   1   50 |   7 1.0   19    11M   89  287  76%    10M |  99.9   n/a   1   27   893k    4   13  76%  81.9M    n/a  n/a
   1   51 |   7 1.0   19    11M   86  296  77%    10M |  99.9   n/a   1   27   898k    4   13  76%  81.9M    n/a  n/a
   1   52 |   7 1.0   19    11M   86  344  80%    10M |  99.9   n/a   1   27   447k    2   14  87%  81.9M    n/a  n/a
   1   53 |   7 1.0    0      0    0    0   0%    10M |   n/a   n/a   1    0      0    0    0   0%  81.9M    n/a  n/a
   2   54 |   7 1.0   19   8.6M  187  537  74%    10M |  99.9   n/a   1   27  1.18M   14   27  65%  81.9M    n/a  n/a
   2   55 |   7 1.0   19   9.1M  188  530  73%    10M |  99.9   n/a   1   27  1.09M   13   32  71%  81.9M    n/a  n/a
   2   56 |   7 1.0   19   9.0M  203  501  71%    10M |  99.9   n/a   1   27  1.08M   13   28  68%  81.9M    n/a  n/a
   2   57 |   7 1.0   19   9.0M  197  517  72%    10M |  99.9   n/a   1   27  1.28M   16   25  60%  81.9M    n/a  n/a
   2   58 |   7 1.0   19   9.2M  208  551  72%    10M |  99.9   n/a   1   27  1.45M   18   26  59%  81.9M    n/a  n/a
   2   59 |   7 1.0   19   9.2M  197  483  71%    10M |  99.9   n/a   1   27  1.09M   14   27  65%  81.9M    n/a  n/a
   2   5a |   7 1.0   19   9.0M  199  621  75%    10M |  99.9   n/a   1   27  1.04M   14   28  66%  81.9M    n/a  n/a
   2   5b |   7 1.0   19   9.1M  186  525  73%    10M |  99.9   n/a   1   27  1.06M   14   29  67%  81.9M    n/a  n/a
   3   5c |   7 1.0   19    14M  103  352  77%    10M |  99.9   n/a   1   27  1.25M    5   11  68%  81.9M    n/a  n/a
   3   5d |   7 1.0   19    14M   94  328  77%    10M |  99.9   n/a   1   27  1.27M    5   12  70%  81.9M    n/a  n/a
   3   5e |   7 1.0   19    14M   90  312  77%    10M |  99.9   n/a   1   27  1.53M    6   11  64%  81.9M    n/a  n/a
   3   5f |   7 1.0   19    14M  105  332  75%    10M |  99.9   n/a   1   27  1.78M    7   12  63%  81.9M    n/a  n/a
   3   60 |   7 1.0   19    14M   97  316  76%    10M |  99.9   n/a   1   27  1.27M    5   12  70%  81.9M    n/a  n/a
   3   61 |   7 1.0   19    14M   94  310  76%    10M |  99.9   n/a   1   27  1.26M    5   11  68%  81.9M    n/a  n/a
   3   62 |   7 1.0   19    14M  103  298  74%    10M |  99.9   n/a   1   27  1.26M    5   11  68%  81.9M    n/a  n/a
   3   63 |   7 1.0    0      0    0    0   0%    10M |   n/a   n/a   1    0      0    0    0   0%  81.9M    n/a  n/a
   0   44 |   7 1.0   19    10M  173  498  74%    10M |  99.9   n/a   1   27  1.79M   18   16  47%  81.9M    n/a  n/a
   0   45 |   7 1.0   19  10.0M  165  472  74%    10M |  99.9   n/a   1   27  2.00M   20   15  42%  81.9M    n/a  n/a
   0   46 |   7 1.0   19   9.6M  167  574  77%    10M |  99.9   n/a   1   27  1.15M   12   16  57%  81.9M    n/a  n/a
   0   47 |   7 1.0   19    11M  161  485  75%    10M |  99.9   n/a   1   27  1.58M   15   22  59%  81.9M    n/a  n/a
   0   48 |   7 1.0   19    10M  168  493  74%    10M |  99.9   n/a   1   27  1.79M   19   16  45%  81.9M    n/a  n/a
   0   49 |   7 1.0   19    10M  174  472  73%    10M |  99.9   n/a   1   27  2.14M   22   16  42%  81.9M    n/a  n/a
   0   4a |   7 1.0   19   9.9M  174  537  75%    10M |  99.9   n/a   1   27  1.23M   14   18  56%  81.9M    n/a  n/a
   0   4b |   7 1.0   19    11M  170  440  72%    10M |  99.9   n/a   1   27  1.42M   15   22  59%  81.9M    n/a  n/a
   1   4c |   7 1.0   19    13M   99  305  75%    10M |  99.9   n/a   1   27   893k    4   13  76%  81.9M    n/a  n/a
   1   4d |   7 1.0   19    13M  102  305  74%    10M |  99.9   n/a   1   27  1.12M    5   12  70%  81.9M    n/a  n/a
   1   4e |   7 1.0   19    13M   99  273  73%    10M |  99.9   n/a   1   27  1.35M    6   10  62%  81.9M    n/a  n/a
   1   4f |   7 1.0   19    13M  111  295  72%    10M |  99.9   n/a   1   27  1.34M    6   13  68%  81.9M    n/a  n/a
   1   50 |   7 1.0   19    12M   94  365  79%    10M |  99.9   n/a   1   27  2.05M    9   12  57%  81.9M    n/a  n/a
   1   51 |   7 1.0   19    13M  107  319  74%    10M |  99.9   n/a   1   27  1.60M    7   13  65%  81.9M    n/a  n/a
   1   52 |   7 1.0   19    13M   98  311  76%    10M |  99.9   n/a   1   27  1.36M    6   11  64%  81.9M    n/a  n/a
   1   53 |   7 1.0    0      0    0    0   0%    10M |   n/a   n/a   1    0      0    0    0   0%  81.9M    n/a  n/a
   2   54 |   7 1.0   19   6.8M  152  585  79%    10M |  99.9   n/a   1   27   388k    5   25  83%  81.9M    n/a  n/a
   2   55 |   7 1.0   19   6.9M  146  500  77%    10M |  99.9   n/a   1   27   584k    8   26  76%  81.9M    n/a  n/a
   2   56 |   7 1.0   19   6.6M  156  630  80%    10M |  99.9   n/a   1   27   436k    6   31  83%  81.9M    n/a  n/a
   2   57 |   7 1.0   19   7.1M  147  537  78%    10M |  99.9   n/a   1   27   287k    4   30  88%  81.9M    n/a  n/a
   2   58 |   7 1.0   19   6.4M  147  649  81%    10M |  99.9   n/a   1   27   685k    9   27  75%  81.9M    n/a  n/a
   2   59 |   7 1.0   19   6.9M  148  596  80%    10M |  99.9   n/a   1   27   534k    7   26  78%  81.9M    n/a  n/a
   2   5a |   7 1.0   19   6.5M  144  665  82%    10M |  99.9   n/a   1   27   463k    5   28  84%  81.9M    n/a  n/a
   2   5b |   7 1.0   19   6.9M  141  580  80%    10M |  99.9   n/a   1   27   344k    4   29  87%  81.9M    n/a  n/a
   3   5c |   7 1.0   19    10M   68  428  86%    10M |  99.9   n/a   1   27   758k    3   12  80%  81.9M    n/a  n/a
   3   5d |   7 1.0   19  10.0M   74  454  85%    10M |  99.9   n/a   1   27   496k    2   15  88%  81.9M    n/a  n/a
   3   5e |   7 1.0   19    11M   79  393  83%    10M |  99.9   n/a   1   27  1.25M    5   14  73%  81.9M    n/a  n/a
   3   5f |   7 1.0   19    10M   80  397  83%    10M |  99.9   n/a   1   27   779k    3   14  82%  81.9M    n/a  n/a
   3   60 |   7 1.0   19    10M   77  405  84%    10M |  99.9   n/a   1   27   508k    2   14  87%  81.9M    n/a  n/a
   3   61 |   7 1.0   19    10M   76  401  84%    10M |  99.9   n/a   1   27   246k    1   16  94%  81.9M    n/a  n/a
   3   62 |   7 1.0   19   9.9M   76  419  84%    10M |  99.9   n/a   1   27  1.25M    5   15  75%  81.9M    n/a  n/a
   3   63 |   7 1.0    0      0    0    0   0%    10M |   n/a   n/a   1    0      0    0    0   0%  81.9M    n/a  n/a
   0   44 |   7 1.0   19    11M  183  481  72%    10M |  99.9   n/a   1   27  1.36M   14   27  65%  81.9M    n/a  n/a
   0   45 |   7 1.0   19    11M  176  465  72%    10M |  99.9   n/a   1   27  2.27M   21   25  54%  81.9M    n/a  n/a
   0   46 |   7 1.0   19    11M  188  468  71%    10M |  99.9   n/a   1   27  2.26M   23   21  47%  81.9M    n/a  n/a
   0   47 |   7 1.0   19    10M  176  485  73%    10M |  99.9   n/a   1   27  1.97M   21   26  55%  81.9M    n/a  n/a
   0   48 |   7 1.0   19    10M  176  559  76%    10M |  99.9   n/a   1   27  1.44M   15   27  64%  81.9M    n/a  n/a
   0   49 |   7 1.0   19    11M  176  535  75%    10M |  99.9   n/a   1   27  1.88M   18   26  59%  81.9M    n/a  n/a
   0   4a |   7 1.0   19    10M  183  524  74%    10M |  99.9   n/a   1   27  1.21M   12   29  70%  81.9M    n/a  n/a
   0   4b |   7 1.0   19    10M  180  491  73%    10M |  99.9   n/a   1   27  1.83M   18   24  57%  81.9M    n/a  n/a
   1   4c |   7 1.0   19    10M   78  372  82%    10M |  99.9   n/a   1   27  1.59M    7   15  68%  81.9M    n/a  n/a
   1   4d |   7 1.0   19    10M   77  328  80%    10M |  99.9   n/a   1   27  1.14M    5   13  72%  81.9M    n/a  n/a
   1   4e |   7 1.0   19    11M   83  385  82%    10M |  99.9   n/a   1   27  1.11M    5   15  75%  81.9M    n/a  n/a
   1   4f |   7 1.0   19    11M   83  368  81%    10M |  99.9   n/a   1   27  1.36M    6   14  70%  81.9M    n/a  n/a
   1   50 |   7 1.0   19    10M   89  380  81%    10M |  99.9   n/a   1   27   926k    4   13  76%  81.9M    n/a  n/a
   1   51 |   7 1.0   19    10M   80  409  83%    10M |  99.9   n/a   1   27   889k    4   12  75%  81.9M    n/a  n/a
   1   52 |   7 1.0   19    10M   88  403  82%    10M |  99.9   n/a   1   27   918k    4   14  77%  81.9M    n/a  n/a
   1   53 |   7 1.0    0      0    0    0   0%    10M |   n/a   n/a   1    0      0    0    0   0%  81.9M    n/a  n/a
   2   54 |   7 1.0   19   8.8M  186  564  75%    10M |  99.9   n/a   1   27  1.50M   20   22  52%  81.9M    n/a  n/a
   2   55 |   7 1.0   19   9.3M  191  500  72%    10M |  99.9   n/a   1   27  1.42M   18   21  53%  81.9M    n/a  n/a
   2   56 |   7 1.0   19   9.1M  212  583  73%    10M |  99.9   n/a   1   27   697k    9   26  74%  81.9M    n/a  n/a
   2   57 |   7 1.0   19   9.3M  199  484  70%    10M |  99.9   n/a   1   27  1.23M   16   21  56%  81.9M    n/a  n/a
   2   58 |   7 1.0   19   9.2M  208  569  73%    10M |  99.9   n/a   1   27   718k   10   27  72%  81.9M    n/a  n/a
   2   59 |   7 1.0   19   9.3M  195  508  72%    10M |  99.9   n/a   1   27  1.15M   14   23  62%  81.9M    n/a  n/a
   2   5a |   7 1.0   19   8.7M  187  542  74%    10M |  99.9   n/a   1   27  1.00M   13   22  62%  81.9M    n/a  n/a
   2   5b |   7 1.0   19   9.2M  194  502  72%    10M |  99.9   n/a   1   27   790k    9   24  72%  81.9M    n/a  n/a
   3   5c |   7 1.0   19    14M  100  360  78%    10M |  99.9   n/a   1   27  1.77M    7   13  65%  81.9M    n/a  n/a
   3   5d |   7 1.0   19    15M  104  289  73%    10M |  99.9   n/a   1   27  2.28M    9   10  52%  81.9M    n/a  n/a
   3   5e |   7 1.0   19    15M   94  307  76%    10M |  99.9   n/a   1   27  1.27M    5   12  70%  81.9M    n/a  n/a
   3   5f |   7 1.0   19    15M   97  326  77%    10M |  99.9   n/a   1   27  1.03M    4   11  73%  81.9M    n/a  n/a
   3   60 |   7 1.0   19    15M  101  273  72%    10M |  99.9   n/a   1   27  2.00M    8   10  55%  81.9M    n/a  n/a
   3   61 |   7 1.0   19    15M  102  344  77%    10M |  99.9   n/a   1   27  2.27M    9   13  59%  81.9M    n/a  n/a
   3   62 |   7 1.0   19    15M  101  348  77%    10M |  99.9   n/a   1   27  1.27M    5   11  68%  81.9M    n/a  n/a
   3   63 |   7 1.0    0      0    0    0   0%    10M |   n/a   n/a   1    0      0    0    0   0%  81.9M    n/a  n/a

          |--------------------DL---------------------|-------------------------------UL-----------------------------
 pci rnti | cqi  ri  mcs  brate   ok  nok  (%)  dl_bs | pusch  rsrp  ri  mcs  brate   ok  nok  (%)    bsr     ta  phr
   0   44 |   7 1.0   19    12M  207  468  69%    10M |  99.9   n/a   1   27  1.70M   17   22  56%  81.9M    n/a  n/a
   0   45 |   7 1.0   19    13M  205  395  65%    10M |  99.9   n/a   1   27  2.39M   24   22  47%  81.9M    n/a  n/a
   0   46 |   7 1.0   19    12M  197  512  72%    10M |  99.9   n/a   1   27  1.42M   16   22  57%  81.9M    n/a  n/a
   0   47 |   7 1.0   19    12M  203  432  68%    10M |  99.9   n/a   1   27  1.86M   20   18  47%  81.9M    n/a  n/a
   0   48 |   7 1.0   19    12M  213  443  67%    10M |  99.9   n/a   1   27  2.39M   25   16  39%  81.9M    n/a  n/a
   0   49 |   7 1.0   19    12M  207  423  67%    10M |  99.9   n/a   1   27  1.76M   16   17  51%  81.9M    n/a  n/a
   0   4a |   7 1.0   19    12M  203  469  69%    10M |  99.9   n/a   1   27  1.85M   19   16  45%  81.9M    n/a  n/a
   0   4b |   7 1.0   19    13M  203  484  70%    10M |  99.9   n/a   1   27  2.54M   25   21  45%  81.9M    n/a  n/a
   1   4c |   7 1.0   19    11M   87  378  81%    10M |  99.9   n/a   1   27   680k    3   12  80%  81.9M    n/a  n/a
   1   4d |   7 1.0   19    10M   90  356  79%    10M |  99.9   n/a   1   27   685k    3   10  76%  81.9M    n/a  n/a
   1   4e |   7 1.0   19    11M   86  387  81%    10M |  99.9   n/a   1   27  1.36M    6   12  66%  81.9M    n/a  n/a
   1   4f |   7 1.0   19    10M   84  345  80%    10M |  99.9   n/a   1   27  1.79M    8   11  57%  81.9M    n/a  n/a
   1   50 |   7 1.0   19    11M   83  386  82%    10M |  99.9   n/a   1   27   902k    4   13  76%  81.9M    n/a  n/a
   1   51 |   7 1.0   19    10M   91  342  78%    10M |  99.9   n/a   1   27  1.35M    6   13  68%  81.9M    n/a  n/a
   1   52 |   7 1.0   19    11M   85  418  83%    10M |  99.9   n/a   1   27  1.37M    6   13  68%  81.9M    n/a  n/a
   1   53 |   7 1.0    0      0    0    0   0%    10M |   n/a   n/a   1    0      0    0    0   0%  81.9M    n/a  n/a
   2   54 |   7 1.0   19   8.9M  202  550  73%    10M |  99.9   n/a   1   27  1.45M   19   25  56%  81.9M    n/a  n/a
   2   55 |   7 1.0   19   8.8M  191  506  72%    10M |  99.9   n/a   1   27  1.31M   17   25  59%  81.9M    n/a  n/a
   2   56 |   7 1.0   19   8.9M  196  568  74%    10M |  99.9   n/a   1   27  1.03M   13   25  65%  81.9M    n/a  n/a
   2   57 |   7 1.0   19   8.6M  188  490  72%    10M |  99.9   n/a   1   27  1.44M   18   25  58%  81.9M    n/a  n/a
   2   58 |   7 1.0   19   8.5M  194  533  73%    10M |  99.9   n/a   1   27   711k    9   26  74%  81.9M    n/a  n/a
   2   59 |   7 1.0   19   8.8M  189  472  71%    10M |  99.9   n/a   1   27  1.02M   14   25  64%  81.9M    n/a  n/a
   2   5a |   7 1.0   19   8.8M  193  573  74%    10M |  99.9   n/a   1   27  1.06M   12   23  65%  81.9M    n/a  n/a
   2   5b |   7 1.0   19   8.5M  181  496  73%    10M |  99.9   n/a   1   27  1.21M   17   23  57%  81.9M    n/a  n/a
   3   5c |   7 1.0   19    12M  100  353  77%    10M |  99.9   n/a   1   27  1.26M    5   10  66%  81.9M    n/a  n/a
   3   5d |   7 1.0   19    12M   85  401  82%    10M |  99.9   n/a   1   27  1.29M    5   15  75%  81.9M    n/a  n/a
   3   5e |   7 1.0   19    12M   85  394  82%    10M |  99.9   n/a   1   27  1.01M    4   14  77%  81.9M    n/a  n/a
   3   5f |   7 1.0   19    12M   82  336  80%    10M |  99.9   n/a   1   27  1.77M    7   13  65%  81.9M    n/a  n/a
   3   60 |   7 1.0   19    12M   81  375  82%    10M |  99.9   n/a   1   27  1.27M    5   17  77%  81.9M    n/a  n/a
   3   61 |   7 1.0   19    12M   81  316  79%    10M |  99.9   n/a   1   27   250k    1   14  93%  81.9M    n/a  n/a
   3   62 |   7 1.0   19    12M   78  381  83%    10M |  99.9   n/a   1   27  2.26M    9   12  57%  81.9M    n/a  n/a
   3   63 |   7 1.0    0      0    0    0   0%    10M |   n/a   n/a   1    0      0    0    0   0%  81.9M    n/a  n/a
   0   44 |   7 1.0   19   9.6M  166  554  76%    10M |  99.9   n/a   1   27   867k    9   22  70%  81.9M    n/a  n/a
   0   45 |   7 1.0   19   9.7M  171  557  76%    10M |  99.9   n/a   1   27  1.07M   12   19  61%  81.9M    n/a  n/a
   0   46 |   7 1.0   19   9.0M  156  597  79%    10M |  99.9   n/a   1   27  1.35M   13   24  64%  81.9M    n/a  n/a
   0   47 |   7 1.0   19   9.5M  161  518  76%    10M |  99.9   n/a   1   27  1.02M   11   20  64%  81.9M    n/a  n/a
   0   48 |   7 1.0   19   9.2M  176  600  77%    10M |  99.9   n/a   1   27  1.22M   12   19  61%  81.9M    n/a  n/a
   0   49 |   7 1.0   19   9.4M  160  523  76%    10M |  99.9   n/a   1   27  1.27M   11   22  66%  81.9M    n/a  n/a
   0   4a |   7 1.0   19   9.1M  167  592  77%    10M |  99.9   n/a   1   27   998k   10   16  61%  81.9M    n/a  n/a
   0   4b |   7 1.0   19   9.6M  164  474  74%    10M |  99.9   n/a   1   27  1.77M   17   21  55%  81.9M    n/a  n/a
   1   4c |   7 1.0   19   9.9M   74  450  85%    10M |  99.9   n/a   1   27   684k    3   10  76%  81.9M    n/a  n/a
   1   4d |   7 1.0   19   9.7M   76  386  83%    10M |  99.9   n/a   1   27   693k    3   11  78%  81.9M    n/a  n/a
   1   4e |   7 1.0   19   9.9M   78  410  84%    10M |  99.9   n/a   1   27  1.34M    6   12  66%  81.9M    n/a  n/a
   1   4f |   7 1.0   19   9.6M   74  399  84%    10M |  99.9   n/a   1   27  1.11M    5   12  70%  81.9M    n/a  n/a
   1   50 |   7 1.0   19   9.6M   89  411  82%    10M |  99.9   n/a   1   27   881k    4   12  75%  81.9M    n/a  n/a
   1   51 |   7 1.0   19   9.3M   78  470  85%    10M |  99.9   n/a   1   27   693k    3   12  80%  81.9M    n/a  n/a
   1   52 |   7 1.0   19   9.0M   77  466  85%    10M |  99.9   n/a   1   27   680k    3   11  78%  81.9M    n/a  n/a
   1   53 |   7 1.0    0      0    0    0   0%    10M |   n/a   n/a   1    0      0    0    0   0%  81.9M    n/a  n/a
   2   54 |   7 1.0   19   8.4M  192  558  74%    10M |  99.9   n/a   1   27  1.18M   15   17  53%  81.9M    n/a  n/a
   2   55 |   7 1.0   19   8.2M  174  532  75%    10M |  99.9   n/a   1   27  1.20M   16   22  57%  81.9M    n/a  n/a
   2   56 |   7 1.0   19   7.7M  171  524  75%    10M |  99.9   n/a   1   27   999k   14   21  60%  81.9M    n/a  n/a
   2   57 |   7 1.0   19   8.2M  178  488  73%    10M |  99.9   n/a   1   27  1.03M   14   19  57%  81.9M    n/a  n/a
   2   58 |   7 1.0   19   8.0M  191  651  77%    10M |  99.9   n/a   1   27  1.06M   13   27  67%  81.9M    n/a  n/a
   2   59 |   7 1.0   19   8.0M  175  548  75%    10M |  99.9   n/a   1   27  1.33M   18   20  52%  81.9M    n/a  n/a
   2   5a |   7 1.0   19   8.0M  182  584  76%    10M |  99.9   n/a   1   27  1.37M   18   24  57%  81.9M    n/a  n/a
   2   5b |   7 1.0   19   8.4M  173  502  74%    10M |  99.9   n/a   1   27  1.04M   14   21  60%  81.9M    n/a  n/a
   3   5c |   7 1.0   19    11M   83  420  83%    10M |  99.9   n/a   1   27  1.25M    5   11  68%  81.9M    n/a  n/a
   3   5d |   7 1.0   19    12M   87  406  82%    10M |  99.9   n/a   1   27  1.77M    7   11  61%  81.9M    n/a  n/a
   3   5e |   7 1.0   19    11M   83  413  83%    10M |  99.9   n/a   1   27   988k    4   11  73%  81.9M    n/a  n/a
   3   5f |   7 1.0   19    11M   82  427  83%    10M |  99.9   n/a   1   27   512k    2   12  85%  81.9M    n/a  n/a
   3   60 |   7 1.0   19    11M   85  391  82%    10M |  99.9   n/a   1   27   771k    3   11  78%  81.9M    n/a  n/a
   3   61 |   7 1.0   19    11M   83  439  84%    10M |  99.9   n/a   1   27  1.26M    5   10  66%  81.9M    n/a  n/a
   3   62 |   7 1.0   19    11M   68  420  86%    10M |  99.9   n/a   1   27   508k    2   11  84%  81.9M    n/a  n/a
   3   63 |   7 1.0    0      0    0    0   0%    10M |   n/a   n/a   1    0      0    0    0   0%  81.9M    n/a  n/a
   0   44 |   7 1.0   19   9.9M  171  493  74%    10M |  99.9   n/a   1   27  1.39M   14   23  62%  81.9M    n/a  n/a
   0   45 |   7 1.0   19    10M  168  507  75%    10M |  99.9   n/a   1   27  1.55M   15   20  57%  81.9M    n/a  n/a
   0   46 |   7 1.0   19   9.9M  169  567  77%    10M |  99.9   n/a   1   27  1.43M   14   23  62%  81.9M    n/a  n/a
   0   47 |   7 1.0   19    10M  172  459  72%    10M |  99.9   n/a   1   27  1.38M   13   20  60%  81.9M    n/a  n/a
   0   48 |   7 1.0   19    10M  183  527  74%    10M |  99.9   n/a   1   27   916k   10   26  72%  81.9M    n/a  n/a
   0   49 |   7 1.0   19  10.0M  168  482  74%    10M |  99.9   n/a   1   27  1.42M   14   24  63%  81.9M    n/a  n/a
   0   4a |   7 1.0   19    10M  178  551  75%    10M |  99.9   n/a   1   27  1.34M   14   24  63%  81.9M    n/a  n/a
   0   4b |   7 1.0   19    10M  170  552  76%    10M |  99.9   n/a   1   27  1.52M   16   22  57%  81.9M    n/a  n/a
   1   4c |   7 1.0   19    13M  105  356  77%    10M |  99.9   n/a   1   27  1.82M    8   11  57%  81.9M    n/a  n/a
   1   4d |   7 1.0   19    14M   99  317  76%    10M |  99.9   n/a   1   27  1.81M    8   11  57%  81.9M    n/a  n/a
   1   4e |   7 1.0   19    14M  103  310  75%    10M |  99.9   n/a   1   27  1.81M    8   11  57%  81.9M    n/a  n/a
   1   4f |   7 1.0   19    13M   93  373  80%    10M |  99.9   n/a   1   27  2.05M    9   12  57%  81.9M    n/a  n/a
   1   50 |   7 1.0   19    13M   98  386  79%    10M |  99.9   n/a   1   27  1.36M    6   10  62%  81.9M    n/a  n/a
   1   51 |   7 1.0   19    13M  100  380  79%    10M |  99.9   n/a   1   27  1.15M    5   13  72%  81.9M    n/a  n/a
   1   52 |   7 1.0   19    14M  102  349  77%    10M |  99.9   n/a   1   27  1.59M    7   12  63%  81.9M    n/a  n/a
   1   53 |   7 1.0    0      0    0    0   0%    10M |   n/a   n/a   1    0      0    0    0   0%  81.9M    n/a  n/a
   2   54 |   7 1.0   19   6.9M  163  603  78%    10M |  99.9   n/a   1   27  1.00M   14   26  65%  81.9M    n/a  n/a
   2   55 |   7 1.0   19   7.4M  151  578  79%    10M |  99.9   n/a   1   27   553k    7   27  79%  81.9M    n/a  n/a
   2   56 |   7 1.0   19   7.3M  159  662  80%    10M |  99.9   n/a   1   27   704k   10   25  71%  81.9M    n/a  n/a
   2   57 |   7 1.0   19   7.4M  155  536  77%    10M |  99.9   n/a   1   27  1.24M   17   23  57%  81.9M    n/a  n/a
   2   58 |   7 1.0   19   7.3M  160  539  77%    10M |  99.9   n/a   1   27   735k    9   27  75%  81.9M    n/a  n/a
   2   59 |   7 1.0   19   7.4M  157  574  78%    10M |  99.9   n/a   1   27   830k   11   21  65%  81.9M    n/a  n/a
   2   5a |   7 1.0   19   7.4M  163  590  78%    10M |  99.9   n/a   1   27  1.13M   15   20  57%  81.9M    n/a  n/a
   2   5b |   7 1.0   19   7.4M  158  580  78%    10M |  99.9   n/a   1   27  1.26M   17   23  57%  81.9M    n/a  n/a

          |--------------------DL---------------------|-------------------------------UL-----------------------------
 pci rnti | cqi  ri  mcs  brate   ok  nok  (%)  dl_bs | pusch  rsrp  ri  mcs  brate   ok  nok  (%)    bsr     ta  phr
   3   5c |   7 1.0   19    12M   87  327  78%    10M |  99.9   n/a   1   27  1.79M    7   14  66%  81.9M    n/a  n/a
   3   5d |   7 1.0   19    12M   90  363  80%    10M |  99.9   n/a   1   27  1.25M    5   11  68%  81.9M    n/a  n/a
   3   5e |   7 1.0   19    12M   90  361  80%    10M |  99.9   n/a   1   27  1.03M    4   14  77%  81.9M    n/a  n/a
   3   5f |   7 1.0   19    12M   90  349  79%    10M |  99.9   n/a   1   27   758k    3   12  80%  81.9M    n/a  n/a
   3   60 |   7 1.0   19    12M   86  386  81%    10M |  99.9   n/a   1   27  1.78M    7   13  65%  81.9M    n/a  n/a
   3   61 |   7 1.0   19    12M   82  366  81%    10M |  99.9   n/a   1   27  1.75M    7   12  63%  81.9M    n/a  n/a
   3   62 |   7 1.0   19    12M   84  325  79%    10M |  99.9   n/a   1   27   746k    3   12  80%  81.9M    n/a  n/a
   3   63 |   7 1.0    0      0    0    0   0%    10M |   n/a   n/a   1    0      0    0    0   0%  81.9M    n/a  n/a
   0   44 |   7 1.0   19   9.8M  158  583  78%    10M |  99.9   n/a   1   27  1.03M   11   22  66%  81.9M    n/a  n/a
   0   45 |   7 1.0   19   8.9M  150  550  78%    10M |  99.9   n/a   1   27  1.05M   11   20  64%  81.9M    n/a  n/a
   0   46 |   7 1.0   19   9.0M  153  594  79%    10M |  99.9   n/a   1   27   879k    9   21  70%  81.9M    n/a  n/a
   0   47 |   7 1.0   19   9.2M  161  526  76%    10M |  99.9   n/a   1   27  1.20M   13   24  64%  81.9M    n/a  n/a
   0   48 |   7 1.0   19   9.5M  173  547  75%    10M |  99.9   n/a   1   27  1.35M   13   19  59%  81.9M    n/a  n/a
   0   49 |   7 1.0   19   9.4M  153  499  76%    10M |  99.9   n/a   1   27  1.47M   15   23  60%  81.9M    n/a  n/a
   0   4a |   7 1.0   19   9.7M  163  627  79%    10M |  99.9   n/a   1   27  1.62M   17   19  52%  81.9M    n/a  n/a
   0   4b |   7 1.0   19   9.6M  160  508  76%    10M |  99.9   n/a   1   27  1.05M   11   22  66%  81.9M    n/a  n/a
   1   4c |   7 1.0   19    12M   94  322  77%    10M |  99.9   n/a   1   27   922k    4   12  75%  81.9M    n/a  n/a
   1   4d |   7 1.0   19    11M   82  375  82%    10M |  99.9   n/a   1   27   676k    3   10  76%  81.9M    n/a  n/a
   1   4e |   7 1.0   19    12M   89  292  76%    10M |  99.9   n/a   1   27  1.34M    6   10  62%  81.9M    n/a  n/a
   1   4f |   7 1.0   19    11M   86  380  81%    10M |  99.9   n/a   1   27  1.58M    7   11  61%  81.9M    n/a  n/a
   1   50 |   7 1.0   19    12M   86  330  79%    10M |  99.9   n/a   1   27  1.33M    6   12  66%  81.9M    n/a  n/a
   1   51 |   7 1.0   19    12M   80  365  82%    10M |  99.9   n/a   1   27  1.14M    5   12  70%  81.9M    n/a  n/a
   1   52 |   7 1.0   19    12M   85  369  81%    10M |  99.9   n/a   1   27  2.27M   10   13  56%  81.9M    n/a  n/a
   1   53 |   7 1.0    0      0    0    0   0%    10M |   n/a   n/a   1    0      0    0    0   0%  81.9M    n/a  n/a
   2   54 |   7 1.0   19   7.7M  176  598  77%    10M |  99.9   n/a   1   27   853k   12   27  69%  81.9M    n/a  n/a
   2   55 |   7 1.0   19   7.5M  165  478  74%    10M |  99.9   n/a   1   27   987k   12   25  67%  81.9M    n/a  n/a
   2   56 |   7 1.0   19   7.8M  175  587  77%    10M |  99.9   n/a   1   27  1.11M   15   25  62%  81.9M    n/a  n/a
   2   57 |   7 1.0   19   7.4M  160  590  78%    10M |  99.9   n/a   1   27   806k   10   27  72%  81.9M    n/a  n/a
   2   58 |   7 1.0   19   7.7M  164  533  76%    10M |  99.9   n/a   1   27   902k   13   27  67%  81.9M    n/a  n/a
   2   59 |   7 1.0   19   7.5M  171  542  76%    10M |  99.9   n/a   1   27   761k   10   27  72%  81.9M    n/a  n/a
   2   5a |   7 1.0   19   7.3M  164  605  78%    10M |  99.9   n/a   1   27   857k   11   23  67%  81.9M    n/a  n/a
   2   5b |   7 1.0   19   7.5M  160  577  78%    10M |  99.9   n/a   1   27   790k    9   27  75%  81.9M    n/a  n/a
   3   5c |   7 1.0   19    13M   87  319  78%    10M |  99.9   n/a   1   27  1.80M    7    8  53%  81.9M    n/a  n/a
   3   5d |   7 1.0   19    14M   95  269  73%    10M |  99.9   n/a   1   27   750k    3   13  81%  81.9M    n/a  n/a
   3   5e |   7 1.0   19    14M   93  251  72%    10M |  99.9   n/a   1   27  2.04M    8   11  57%  81.9M    n/a  n/a
   3   5f |   7 1.0   19    14M   93  350  79%    10M |  99.9   n/a   1   27  2.77M   11   16  59%  81.9M    n/a  n/a
   3   60 |   7 1.0   19    14M   90  240  72%    10M |  99.9   n/a   1   27   512k    2   12  85%  81.9M    n/a  n/a
   3   61 |   7 1.0   19    13M   93  292  75%    10M |  99.9   n/a   1   27  2.27M    9   11  55%  81.9M    n/a  n/a
   3   62 |   7 1.0   19    15M   98  278  73%    10M |  99.9   n/a   1   27  1.51M    6    9  60%  81.9M    n/a  n/a
   3   63 |   7 1.0    0      0    0    0   0%    10M |   n/a   n/a   1    0      0    0    0   0%  81.9M    n/a  n/a
   0   44 |   7 1.0   19   9.1M  169  541  76%    10M |  99.9   n/a   1   27  1.17M   13   22  62%  81.9M    n/a  n/a
   0   45 |   7 1.0   19   8.7M  144  603  80%    10M |  99.9   n/a   1   27   914k   10   22  68%  81.9M    n/a  n/a
   0   46 |   7 1.0   19   9.0M  166  535  76%    10M |  99.9   n/a   1   27   957k   11   22  66%  81.9M    n/a  n/a
   0   47 |   7 1.0   19   8.6M  147  552  78%    10M |  99.9   n/a   1   27   967k   10   19  65%  81.9M    n/a  n/a
   0   48 |   7 1.0   19   9.2M  153  617  80%    10M |  99.9   n/a   1   27  1.13M   12   21  63%  81.9M    n/a  n/a
   0   49 |   7 1.0   19   8.6M  143  571  79%    10M |  99.9   n/a   1   27  1.03M   11   23  67%  81.9M    n/a  n/a
   0   4a |   7 1.0   19   9.0M  158  605  79%    10M |  99.9   n/a   1   27  1.43M   15   19  55%  81.9M    n/a  n/a
   0   4b |   7 1.0   19   8.9M  148  560  79%    10M |  99.9   n/a   1   27   977k   10   19  65%  81.9M    n/a  n/a
   1   4c |   7 1.0   19    11M   86  404  82%    10M |  99.9   n/a   1   27  1.13M    5   12  70%  81.9M    n/a  n/a
   1   4d |   7 1.0   19    11M   82  390  82%    10M |  99.9   n/a   1   27  2.03M    9   13  59%  81.9M    n/a  n/a
   1   4e |   7 1.0   19    11M   89  359  80%    10M |  99.9   n/a   1   27  1.14M    5   12  70%  81.9M    n/a  n/a
   1   4f |   7 1.0   19    10M   83  330  79%    10M |  99.9   n/a   1   27   459k    2   11  84%  81.9M    n/a  n/a
   1   50 |   7 1.0   19    11M   82  446  84%    10M |  99.9   n/a   1   27  2.48M   11   12  52%  81.9M    n/a  n/a
   1   51 |   7 1.0   19    11M   82  356  81%    10M |  99.9   n/a   1   27  1.15M    5   10  66%  81.9M    n/a  n/a
   1   52 |   7 1.0   19    11M   84  382  81%    10M |  99.9   n/a   1   27  1.37M    6   10  62%  81.9M    n/a  n/a
   1   53 |   7 1.0    0      0    0    0   0%    10M |   n/a   n/a   1    0      0    0    0   0%  81.9M    n/a  n/a
   2   54 |   7 1.0   19   7.8M  179  618  77%    10M |  99.9   n/a   1   27  1.42M   18   19  51%  81.9M    n/a  n/a
   2   55 |   7 1.0   19   7.9M  168  537  76%    10M |  99.9   n/a   1   27   805k   11   22  66%  81.9M    n/a  n/a
   2   56 |   7 1.0   19   7.7M  171  607  78%    10M |  99.9   n/a   1   27  1.03M   14   23  62%  81.9M    n/a  n/a
   2   57 |   7 1.0   19   7.9M  169  506  74%    10M |  99.9   n/a   1   27   933k   12   20  62%  81.9M    n/a  n/a
   2   58 |   7 1.0   19   7.8M  175  512  74%    10M |  99.9   n/a   1   27   814k   10   19  65%  81.9M    n/a  n/a
   2   59 |   7 1.0   19   7.9M  164  513  75%    10M |  99.9   n/a   1   27   749k   10   20  66%  81.9M    n/a  n/a
   2   5a |   7 1.0   19   7.9M  178  602  77%    10M |  99.9   n/a   1   27  1.49M   20   20  50%  81.9M    n/a  n/a
   2   5b |   7 1.0   19   7.7M  166  551  76%    10M |  99.9   n/a   1   27  1.17M   15   20  57%  81.9M    n/a  n/a
   3   5c |   7 1.0   19    11M   84  315  78%    10M |  99.9   n/a   1   27   754k    3   16  84%  81.9M    n/a  n/a
   3   5d |   7 1.0   19    11M   82  315  79%    10M |  99.9   n/a   1   27  1.51M    6   11  64%  81.9M    n/a  n/a
   3   5e |   7 1.0   19    12M   82  289  77%    10M |  99.9   n/a   1   27   779k    3    8  72%  81.9M    n/a  n/a
   3   5f |   7 1.0   19    12M   92  309  77%    10M |  99.9   n/a   1   27   746k    3   10  76%  81.9M    n/a  n/a
   3   60 |   7 1.0   19    11M   77  305  79%    10M |  99.9   n/a   1   27  2.00M    8   10  55%  81.9M    n/a  n/a
   3   61 |   7 1.0   19    11M   82  362  81%    10M |  99.9   n/a   1   27  1.51M    6   12  66%  81.9M    n/a  n/a
   3   62 |   7 1.0   19    11M   74  282  79%    10M |  99.9   n/a   1   27  1.26M    5   14  73%  81.9M    n/a  n/a
   3   63 |   7 1.0    0      0    0    0   0%    10M |   n/a   n/a   1    0      0    0    0   0%  81.9M    n/a  n/a
   0   44 |   7 1.0   19    12M  205  471  69%    10M |  99.9   n/a   1   27  1.25M   12   31  72%  81.9M    n/a  n/a
   0   45 |   7 1.0   19    11M  181  557  75%    10M |  99.9   n/a   1   27  1.94M   20   29  59%  81.9M    n/a  n/a
   0   46 |   7 1.0   19    11M  184  465  71%    10M |  99.9   n/a   1   27  1.35M   15   22  59%  81.9M    n/a  n/a
   0   47 |   7 1.0   19    11M  187  504  72%    10M |  99.9   n/a   1   27  1.24M   12   30  71%  81.9M    n/a  n/a
   0   48 |   7 1.0   19    11M  185  559  75%    10M |  99.9   n/a   1   27  1.54M   17   27  61%  81.9M    n/a  n/a
   0   49 |   7 1.0   19    11M  182  495  73%    10M |  99.9   n/a   1   27  1.94M   20   28  58%  81.9M    n/a  n/a
   0   4a |   7 1.0   19    12M  202  568  73%    10M |  99.9   n/a   1   27  2.02M   20   26  56%  81.9M    n/a  n/a
   0   4b |   7 1.0   19    11M  189  513  73%    10M |  99.9   n/a   1   27  1.38M   14   26  65%  81.9M    n/a  n/a
   1   4c |   7 1.0   19    11M   82  345  80%    10M |  99.9   n/a   1   27  1.59M    7   13  65%  81.9M    n/a  n/a
   1   4d |   7 1.0   19    11M   86  383  81%    10M |  99.9   n/a   1   27  1.14M    5   12  70%  81.9M    n/a  n/a
   1   4e |   7 1.0   19    12M   91  323  78%    10M |  99.9   n/a   1   27  1.58M    7   11  61%  81.9M    n/a  n/a
   1   4f |   7 1.0   19    11M   88  381  81%    10M |  99.9   n/a   1   27  1.81M    8   11  57%  81.9M    n/a  n/a
   1   50 |   7 1.0   19    11M   92  381  80%    10M |  99.9   n/a   1   27  1.36M    6   12  66%  81.9M    n/a  n/a
   1   51 |   7 1.0   19    12M   91  340  78%    10M |  99.9   n/a   1   27  1.37M    6   10  62%  81.9M    n/a  n/a
   1   52 |   7 1.0   19    11M   89  356  80%    10M |  99.9   n/a   1   27  2.04M    9   13  59%  81.9M    n/a  n/a
   1   53 |   7 1.0    0      0    0    0   0%    10M |   n/a   n/a   1    0      0    0    0   0%  81.9M    n/a  n/a

          |--------------------DL---------------------|-------------------------------UL-----------------------------
 pci rnti | cqi  ri  mcs  brate   ok  nok  (%)  dl_bs | pusch  rsrp  ri  mcs  brate   ok  nok  (%)    bsr     ta  phr
   2   54 |   7 1.0   19   9.5M  212  540  71%    10M |  99.9   n/a   1   27  1.50M   19   21  52%  81.9M    n/a  n/a
   2   55 |   7 1.0   19   9.5M  211  493  70%    10M |  99.9   n/a   1   27  1.43M   18   19  51%  81.9M    n/a  n/a
   2   56 |   7 1.0   19   9.2M  207  558  72%    10M |  99.9   n/a   1   27  1.52M   20   22  52%  81.9M    n/a  n/a
   2   57 |   7 1.0   19   9.5M  206  501  70%    10M |  99.9   n/a   1   27  1.63M   22   20  47%  81.9M    n/a  n/a
   2   58 |   7 1.0   19   9.1M  200  551  73%    10M |  99.9   n/a   1   27  1.58M   20   22  52%  81.9M    n/a  n/a
   2   59 |   7 1.0   19   9.7M  209  480  69%    10M |  99.9   n/a   1   27  1.39M   18   24  57%  81.9M    n/a  n/a
   2   5a |   7 1.0   19    10M  225  453  66%    10M |  99.9   n/a   1   27  1.88M   25   21  45%  81.9M    n/a  n/a
   2   5b |   7 1.0   19   9.5M  210  461  68%    10M |  99.9   n/a   1   27  1.74M   23   22  48%  81.9M    n/a  n/a
   3   5c |   7 1.0   19    13M   91  276  75%    10M |  99.9   n/a   1   27  1.51M    6    9  60%  81.9M    n/a  n/a
   3   5d |   7 1.0   19    14M  101  301  74%    10M |  99.9   n/a   1   27  2.03M    8    9  52%  81.9M    n/a  n/a
   3   5e |   7 1.0   19    14M   95  315  76%    10M |  99.9   n/a   1   27  1.79M    7   16  69%  81.9M    n/a  n/a
   3   5f |   7 1.0   19    13M  101  266  72%    10M |  99.9   n/a   1   27   492k    2   12  85%  81.9M    n/a  n/a
   3   60 |   7 1.0   19    14M   97  293  75%    10M |  99.9   n/a   1   27  1.75M    7   13  65%  81.9M    n/a  n/a
   3   61 |   7 1.0   19    14M  110  269  70%    10M |  99.9   n/a   1   27  2.28M    9   12  57%  81.9M    n/a  n/a
   3   62 |   7 1.0   19    13M   99  257  72%    10M |  99.9   n/a   1   27   767k    3    9  75%  81.9M    n/a  n/a
   3   63 |   7 1.0    0      0    0    0   0%    10M |   n/a   n/a   1    0      0    0    0   0%  81.9M    n/a  n/a
   0   44 |   7 1.0   19    11M  212  586  73%    10M |  99.9   n/a   1   27  1.99M   21   22  51%  81.9M    n/a  n/a
   0   45 |   7 1.0   19    11M  185  520  73%    10M |  99.9   n/a   1   27  1.73M   19   25  56%  81.9M    n/a  n/a
   0   46 |   7 1.0   19    11M  187  537  74%    10M |  99.9   n/a   1   27  1.78M   18   21  53%  81.9M    n/a  n/a
   0   47 |   7 1.0   19    11M  186  462  71%    10M |  99.9   n/a   1   27  1.28M   13   24  64%  81.9M    n/a  n/a
   0   48 |   7 1.0   19    11M  198  525  72%    10M |  99.9   n/a   1   27  2.07M   22   23  51%  81.9M    n/a  n/a
   0   49 |   7 1.0   19    11M  186  421  69%    10M |  99.9   n/a   1   27  1.50M   15   23  60%  81.9M    n/a  n/a
   0   4a |   7 1.0   19    11M  197  528  72%    10M |  99.9   n/a   1   27  1.58M   16   26  61%  81.9M    n/a  n/a
   0   4b |   7 1.0   19    11M  188  447  70%    10M |  99.9   n/a   1   27  1.39M   13   22  62%  81.9M    n/a  n/a
   1   4c |   7 1.0   19    12M   94  311  76%    10M |  99.9   n/a   1   27  2.25M   10   13  56%  81.9M    n/a  n/a
   1   4d |   7 1.0   19    12M   92  375  80%    10M |  99.9   n/a   1   27  1.82M    8   13  61%  81.9M    n/a  n/a
   1   4e |   7 1.0   19    12M   85  295  77%    10M |  99.9   n/a   1   27  1.35M    6   13  68%  81.9M    n/a  n/a
   1   4f |   7 1.0   19    12M   97  336  77%    10M |  99.9   n/a   1   27  1.82M    8   11  57%  81.9M    n/a  n/a
   1   50 |   7 1.0   19    12M   93  296  76%    10M |  99.9   n/a   1   27  1.36M    6   12  66%  81.9M    n/a  n/a
   1   51 |   7 1.0   19    12M   93  318  77%    10M |  99.9   n/a   1   27  1.81M    8   15  65%  81.9M    n/a  n/a
   1   52 |   7 1.0   19    12M   89  336  79%    10M |  99.9   n/a   1   27  1.80M    8   11  57%  81.9M    n/a  n/a
   1   53 |   7 1.0    0      0    0    0   0%    10M |   n/a   n/a   1    0      0    0    0   0%  81.9M    n/a  n/a
   2   54 |   7 1.0   19   9.9M  220  512  69%    10M |  99.9   n/a   1   27  1.47M   19   23  54%  81.9M    n/a  n/a
   2   55 |   7 1.0   19   9.7M  205  474  69%    10M |  99.9   n/a   1   27  1.35M   18   23  56%  81.9M    n/a  n/a
   2   56 |   7 1.0   19   9.5M  210  560  72%    10M |  99.9   n/a   1   27  1.16M   16   25  60%  81.9M    n/a  n/a
   2   57 |   7 1.0   19   9.7M  210  560  72%    10M |  99.9   n/a   1   27  1.23M   17   24  58%  81.9M    n/a  n/a
   2   58 |   7 1.0   19    10M  226  514  69%    10M |  99.9   n/a   1   27  1.52M   18   20  52%  81.9M    n/a  n/a
   2   59 |   7 1.0   19   9.5M  204  503  71%    10M |  99.9   n/a   1   27  1.60M   21   20  48%  81.9M    n/a  n/a
   2   5a |   7 1.0   19   9.6M  211  499  70%    10M |  99.9   n/a   1   27  1.43M   18   24  57%  81.9M    n/a  n/a
   2   5b |   7 1.0   19   9.7M  203  526  72%    10M |  99.9   n/a   1   27  1.12M   15   25  62%  81.9M    n/a  n/a
   3   5c |   7 1.0   19    12M   99  264  72%    10M |  99.9   n/a   1   27  1.24M    5   14  73%  81.9M    n/a  n/a
   3   5d |   7 1.0   19    13M   90  243  72%    10M |  99.9   n/a   1   27  2.00M    8    9  52%  81.9M    n/a  n/a
   3   5e |   7 1.0   19    11M   82  242  74%    10M |  99.9   n/a   1   27   246k    1    7  87%  81.9M    n/a  n/a
   3   5f |   7 1.0   19    12M   95  247  72%    10M |  99.9   n/a   1   27  2.02M    8    9  52%  81.9M    n/a  n/a
   3   60 |   7 1.0   19    13M  104  237  69%    10M |  99.9   n/a   1   27  1.26M    5   10  66%  81.9M    n/a  n/a
   3   61 |   7 1.0   19    13M   94  208  68%    10M |  99.9   n/a   1   27  1.25M    5   15  75%  81.9M    n/a  n/a
   3   62 |   7 1.0   19    13M  103  255  71%    10M |  99.9   n/a   1   27  2.28M    9   16  64%  81.9M    n/a  n/a
   3   63 |   7 1.0    0      0    0    0   0%    10M |   n/a   n/a   1    0      0    0    0   0%  81.9M    n/a  n/a
   0   44 |   7 1.0   19    12M  203  528  72%    10M |  99.9   n/a   1   27  1.11M   11   22  66%  81.9M    n/a  n/a
   0   45 |   7 1.0   19    12M  206  427  67%    10M |  99.9   n/a   1   27  2.30M   20   20  50%  81.9M    n/a  n/a
   0   46 |   7 1.0   19    12M  220  445  66%    10M |  99.9   n/a   1   27  1.87M   19   23  54%  81.9M    n/a  n/a
   0   47 |   7 1.0   19    12M  205  452  68%    10M |  99.9   n/a   1   27  1.31M   13   22  62%  81.9M    n/a  n/a
   0   48 |   7 1.0   19    13M  221  468  67%    10M |  99.9   n/a   1   27  1.46M   14   22  61%  81.9M    n/a  n/a
   0   49 |   7 1.0   19    12M  201  475  70%    10M |  99.9   n/a   1   27  1.68M   18   21  53%  81.9M    n/a  n/a
   0   4a |   7 1.0   19    13M  220  422  65%    10M |  99.9   n/a   1   27  2.03M   20   21  51%  81.9M    n/a  n/a
   0   4b |   7 1.0   19    12M  199  497  71%    10M |  99.9   n/a   1   27  1.57M   15   20  57%  81.9M    n/a  n/a
   1   4c |   7 1.0   19    12M  106  279  72%    10M |  99.9   n/a   1   27  2.05M    9   13  59%  81.9M    n/a  n/a
   1   4d |   7 1.0   19    12M   95  244  71%    10M |  99.9   n/a   1   27   234k    1   16  94%  81.9M    n/a  n/a
   1   4e |   7 1.0   19    12M  100  330  76%    10M |  99.9   n/a   1   27   918k    4   10  71%  81.9M    n/a  n/a
   1   4f |   7 1.0   19    12M   98  355  78%    10M |  99.9   n/a   1   27  1.11M    5   12  70%  81.9M    n/a  n/a
   1   50 |   7 1.0   19    13M  104  291  73%    10M |  99.9   n/a   1   27  1.78M    8   13  61%  81.9M    n/a  n/a
   1   51 |   7 1.0   19    13M  102  251  71%    10M |  99.9   n/a   1   27  2.94M   13   16  55%  81.9M    n/a  n/a
   1   52 |   7 1.0   19    12M   92  359  79%    10M |  99.9   n/a   1   27  2.93M   13   10  43%  81.9M    n/a  n/a
   1   53 |   7 1.0    0      0    0    0   0%    10M |   n/a   n/a   1    0      0    0    0   0%  81.9M    n/a  n/a
   2   54 |   7 1.0   19   8.4M  183  549  75%    10M |  99.9   n/a   1   27  1.25M   17   20  54%  81.9M    n/a  n/a
   2   55 |   7 1.0   19   8.6M  188  484  72%    10M |  99.9   n/a   1   27  1.30M   16   22  57%  81.9M    n/a  n/a
   2   56 |   7 1.0   19   9.0M  204  572  73%    10M |  99.9   n/a   1   27  1.25M   16   24  60%  81.9M    n/a  n/a
   2   57 |   7 1.0   19   8.8M  187  549  74%    10M |  99.9   n/a   1   27  1.17M   14   25  64%  81.9M    n/a  n/a
   2   58 |   7 1.0   19   9.0M  198  595  75%    10M |  99.9   n/a   1   27  1.28M   16   21  56%  81.9M    n/a  n/a
   2   59 |   7 1.0   19   8.7M  181  494  73%    10M |  99.9   n/a   1   27  1.04M   14   24  63%  81.9M    n/a  n/a
   2   5a |   7 1.0   19   8.7M  205  557  73%    10M |  99.9   n/a   1   27  1.28M   17   21  55%  81.9M    n/a  n/a
   2   5b |   7 1.0   19   8.4M  182  543  74%    10M |  99.9   n/a   1   27  1.19M   15   24  61%  81.9M    n/a  n/a
   3   5c |   7 1.0   19    12M   96  236  71%    10M |  99.9   n/a   1   27   492k    2   14  87%  81.9M    n/a  n/a
   3   5d |   7 1.0   19    12M   87  309  78%    10M |  99.9   n/a   1   27  3.04M   12   13  52%  81.9M    n/a  n/a
   3   5e |   7 1.0   19    12M   84  245  74%    10M |  99.9   n/a   1   27   750k    3   15  83%  81.9M    n/a  n/a
   3   5f |   7 1.0   19    12M   93  302  76%    10M |  99.9   n/a   1   27  1.51M    6   11  64%  81.9M    n/a  n/a
   3   60 |   7 1.0   19    12M   89  250  73%    10M |  99.9   n/a   1   27  2.26M    9   17  65%  81.9M    n/a  n/a
   3   61 |   7 1.0   19    12M   84  245  74%    10M |  99.9   n/a   1   27   504k    2   14  87%  81.9M    n/a  n/a
   3   62 |   7 1.0   19    13M   92  230  71%    10M |  99.9   n/a   1   27  1.51M    6   10  62%  81.9M    n/a  n/a
   3   63 |   7 1.0    0      0    0    0   0%    10M |   n/a   n/a   1    0      0    0    0   0%  81.9M    n/a  n/a
   0   44 |   7 1.0   19    10M  175  561  76%    10M |  99.9   n/a   1   27  1.17M   11   22  66%  81.9M    n/a  n/a
   0   45 |   7 1.0   19    10M  172  521  75%    10M |  99.9   n/a   1   27  1.38M   14   20  58%  81.9M    n/a  n/a
   0   46 |   7 1.0   19  10.0M  170  579  77%    10M |  99.9   n/a   1   27  1.53M   16   22  57%  81.9M    n/a  n/a
   0   47 |   7 1.0   19   9.8M  156  485  75%    10M |  99.9   n/a   1   27  1.43M   14   21  60%  81.9M    n/a  n/a
   0   48 |   7 1.0   19    10M  184  540  74%    10M |  99.9   n/a   1   27  1.74M   18   22  55%  81.9M    n/a  n/a
   0   49 |   7 1.0   19    11M  176  530  75%    10M |  99.9   n/a   1   27  1.37M   14   23  62%  81.9M    n/a  n/a
   0   4a |   7 1.0   19    11M  185  466  71%    10M |  99.9   n/a   1   27  1.57M   16   18  52%  81.9M    n/a  n/a
   0   4b |   7 1.0   19    10M  178  516  74%    10M |  99.9   n/a   1   27  1.30M   13   22  62%  81.9M    n/a  n/a

          |--------------------DL---------------------|-------------------------------UL-----------------------------
 pci rnti | cqi  ri  mcs  brate   ok  nok  (%)  dl_bs | pusch  rsrp  ri  mcs  brate   ok  nok  (%)    bsr     ta  phr
   1   4c |   7 1.0   19   9.7M   73  302  80%    10M |  99.9   n/a   1   27  1.14M    5   16  76%  81.9M    n/a  n/a
   1   4d |   7 1.0   19    11M   94  270  74%    10M |  99.9   n/a   1   27   676k    3    8  72%  81.9M    n/a  n/a
   1   4e |   7 1.0   19    12M   94  227  70%    10M |  99.9   n/a   1   27  1.83M    8   10  55%  81.9M    n/a  n/a
   1   4f |   7 1.0   19    11M   92  260  73%    10M |  99.9   n/a   1   27   459k    2   10  83%  81.9M    n/a  n/a
   1   50 |   7 1.0   19    11M   91  266  74%    10M |  99.9   n/a   1   27  1.14M    5   14  73%  81.9M    n/a  n/a
   1   51 |   7 1.0   19    12M  103  243  70%    10M |  99.9   n/a   1   27  1.57M    7    7  50%  81.9M    n/a  n/a
   1   52 |   7 1.0   19    11M   99  254  71%    10M |  99.9   n/a   1   27  2.25M   10   11  52%  81.9M    n/a  n/a
   1   53 |   7 1.0    0      0    0    0   0%    10M |   n/a   n/a   1    0      0    0    0   0%  81.9M    n/a  n/a
   2   54 |   7 1.0   19   8.3M  184  524  74%    10M |  99.9   n/a   1   27  1.02M   12   26  68%  81.9M    n/a  n/a
   2   55 |   7 1.0   19   8.4M  183  529  74%    10M |  99.9   n/a   1   27  1.27M   17   26  60%  81.9M    n/a  n/a
   2   56 |   7 1.0   19   8.3M  185  586  76%    10M |  99.9   n/a   1   27  1.11M   13   27  67%  81.9M    n/a  n/a
   2   57 |   7 1.0   19   8.3M  175  544  75%    10M |  99.9   n/a   1   27  1.13M   15   25  62%  81.9M    n/a  n/a
   2   58 |   7 1.0   19   8.1M  176  633  78%    10M |  99.9   n/a   1   27  1.23M   16   26  61%  81.9M    n/a  n/a
   2   59 |   7 1.0   19   8.3M  180  566  75%    10M |  99.9   n/a   1   27  1.15M   15   28  65%  81.9M    n/a  n/a
   2   5a |   7 1.0   19   8.3M  186  554  74%    10M |  99.9   n/a   1   27   855k   11   25  69%  81.9M    n/a  n/a
   2   5b |   7 1.0   19   8.4M  179  535  74%    10M |  99.9   n/a   1   27  1.21M   15   25  62%  81.9M    n/a  n/a
   3   5c |   7 1.0   19    12M   94  343  78%    10M |  99.9   n/a   1   27  1.26M    5   10  66%  81.9M    n/a  n/a
   3   5d |   7 1.0   19    13M   96  301  75%    10M |  99.9   n/a   1   27  1.26M    5    9  64%  81.9M    n/a  n/a
   3   5e |   7 1.0   19    13M   99  286  74%    10M |  99.9   n/a   1   27   758k    3    9  75%  81.9M    n/a  n/a
   3   5f |   7 1.0   19    13M   88  302  77%    10M |  99.9   n/a   1   27  2.03M    8   12  60%  81.9M    n/a  n/a
   3   60 |   7 1.0   19    13M   96  284  74%    10M |  99.9   n/a   1   27  1.77M    7   14  66%  81.9M    n/a  n/a
   3   61 |   7 1.0   19    12M   95  328  77%    10M |  99.9   n/a   1   27  1.27M    5   15  75%  81.9M    n/a  n/a
   3   62 |   7 1.0   19    12M   88  329  78%    10M |  99.9   n/a   1   27  1.77M    7   16  69%  81.9M    n/a  n/a
   3   63 |   7 1.0    0      0    0    0   0%    10M |   n/a   n/a   1    0      0    0    0   0%  81.9M    n/a  n/a
   0   44 |   7 1.0   19   9.3M  164  594  78%    10M |  99.9   n/a   1   27  1.45M   15   23  60%  81.9M    n/a  n/a
   0   45 |   7 1.0   19   9.4M  160  543  77%    10M |  99.9   n/a   1   27  1.44M   14   19  57%  81.9M    n/a  n/a
   0   46 |   7 1.0   19   9.4M  163  586  78%    10M |  99.9   n/a   1   27  1.55M   16   17  51%  81.9M    n/a  n/a
   0   47 |   7 1.0   19   9.4M  154  470  75%    10M |  99.9   n/a   1   27   959k   10   26  72%  81.9M    n/a  n/a
   0   48 |   7 1.0   19   9.2M  159  636  80%    10M |  99.9   n/a   1   27  1.49M   15   19  55%  81.9M    n/a  n/a
   0   49 |   7 1.0   19   9.3M  145  508  77%    10M |  99.9   n/a   1   27   809k    8   27  77%  81.9M    n/a  n/a
   0   4a |   7 1.0   19   9.2M  160  569  78%    10M |  99.9   n/a   1   27  1.14M   12   20  62%  81.9M    n/a  n/a
   0   4b |   7 1.0   19   9.3M  156  488  75%    10M |  99.9   n/a   1   27  1.27M   14   24  63%  81.9M    n/a  n/a
   1   4c |   7 1.0   19    12M   88  208  70%    10M |  99.9   n/a   1   27  2.05M    9   12  57%  81.9M    n/a  n/a
   1   4d |   7 1.0   19    12M   95  173  64%    10M |  99.9   n/a   1   27   910k    4   10  71%  81.9M    n/a  n/a
   1   4e |   7 1.0   19    11M   86  192  69%    10M |  99.9   n/a   1   27  1.82M    8   13  61%  81.9M    n/a  n/a
   1   4f |   7 1.0   19    13M  103  166  61%    10M |  99.9   n/a   1   27  1.58M    7   12  63%  81.9M    n/a  n/a
   1   50 |   7 1.0   19    11M   87  204  70%    10M |  99.9   n/a   1   27  1.37M    6   13  68%  81.9M    n/a  n/a
   1   51 |   7 1.0   19    12M  100  180  64%    10M |  99.9   n/a   1   27  2.49M   11   14  56%  81.9M    n/a  n/a
   1   52 |   7 1.0   19    11M   84  195  69%    10M |  99.9   n/a   1   27   459k    2    6  75%  81.9M    n/a  n/a
   1   53 |   7 1.0    0      0    0    0   0%    10M |   n/a   n/a   1    0      0    0    0   0%  81.9M    n/a  n/a
   2   54 |   7 1.0   19   8.4M  180  587  76%    10M |  99.9   n/a   1   27   926k   11   24  68%  81.9M    n/a  n/a
   2   55 |   7 1.0   19   8.4M  171  507  74%    10M |  99.9   n/a   1   27   863k   12   29  70%  81.9M    n/a  n/a
   2   56 |   7 1.0   19   8.0M  179  618  77%    10M |  99.9   n/a   1   27   869k   11   27  71%  81.9M    n/a  n/a
   2   57 |   7 1.0   19   8.1M  173  559  76%    10M |  99.9   n/a   1   27   728k    9   26  74%  81.9M    n/a  n/a
   2   58 |   7 1.0   19   7.9M  171  609  78%    10M |  99.9   n/a   1   27  1.01M   14   25  64%  81.9M    n/a  n/a
   2   59 |   7 1.0   19   8.0M  177  514  74%    10M |  99.9   n/a   1   27  1.00M   13   27  67%  81.9M    n/a  n/a
   2   5a |   7 1.0   19   8.3M  192  588  75%    10M |  99.9   n/a   1   27  1.24M   16   24  60%  81.9M    n/a  n/a
   2   5b |   7 1.0   19   8.2M  182  449  71%    10M |  99.9   n/a   1   27   693k    9   28  75%  81.9M    n/a  n/a
   3   5c |   7 1.0   19    11M   76  391  83%    10M |  99.9   n/a   1   27  1.01M    4   12  75%  81.9M    n/a  n/a
   3   5d |   7 1.0   19    12M   88  352  80%    10M |  99.9   n/a   1   27  1.00M    4   13  76%  81.9M    n/a  n/a
   3   5e |   7 1.0   19    11M   83  375  81%    10M |  99.9   n/a   1   27   762k    3   12  80%  81.9M    n/a  n/a
   3   5f |   7 1.0   19    12M   92  365  79%    10M |  99.9   n/a   1   27   500k    2   10  83%  81.9M    n/a  n/a
   3   60 |   7 1.0   19    13M   89  328  78%    10M |  99.9   n/a   1   27   517k    2   12  85%  81.9M    n/a  n/a
   3   61 |   7 1.0   19    12M   84  371  81%    10M |  99.9   n/a   1   27   746k    3   11  78%  81.9M    n/a  n/a
   3   62 |   7 1.0   19    12M   81  350  81%    10M |  99.9   n/a   1   27  1.77M    7   10  58%  81.9M    n/a  n/a
   3   63 |   7 1.0    0      0    0    0   0%    10M |   n/a   n/a   1    0      0    0    0   0%  81.9M    n/a  n/a
   0   44 |   7 1.0   19    12M  199  495  71%    10M |  99.9   n/a   1   27  1.63M   16   24  60%  81.9M    n/a  n/a
   0   45 |   7 1.0   19    12M  195  460  70%    10M |  99.9   n/a   1   27  2.09M   22   25  53%  81.9M    n/a  n/a
   0   46 |   7 1.0   19    12M  217  528  70%    10M |  99.9   n/a   1   27  1.85M   18   25  58%  81.9M    n/a  n/a
   0   47 |   7 1.0   19    12M  193  410  67%    10M |  99.9   n/a   1   27  1.46M   15   25  62%  81.9M    n/a  n/a
   0   48 |   7 1.0   19    12M  218  440  66%    10M |  99.9   n/a   1   27  1.50M   16   20  55%  81.9M    n/a  n/a
   0   49 |   7 1.0   19    12M  200  477  70%    10M |  99.9   n/a   1   27  1.86M   17   24  58%  81.9M    n/a  n/a
   0   4a |   7 1.0   19    12M  217  481  68%    10M |  99.9   n/a   1   27  2.11M   20   17  45%  81.9M    n/a  n/a
   0   4b |   7 1.0   19    12M  203  466  69%    10M |  99.9   n/a   1   27  1.64M   17   21  55%  81.9M    n/a  n/a
   1   4c |   7 1.0   19    12M   88  179  67%    10M |  99.9   n/a   1   27  1.82M    8    8  50%  81.9M    n/a  n/a
   1   4d |   7 1.0   19    14M  115  191  62%    10M |  99.9   n/a   1   27  2.72M   12   16  57%  81.9M    n/a  n/a
   1   4e |   7 1.0   19    12M   87  182  67%    10M |  99.9   n/a   1   27   902k    4    8  66%  81.9M    n/a  n/a
   1   4f |   7 1.0   19    14M  109  149  57%    10M |  99.9   n/a   1   27  1.82M    8   12  60%  81.9M    n/a  n/a
   1   50 |   7 1.0   19    13M   94  154  62%    10M |  99.9   n/a   1   27  1.59M    7   11  61%  81.9M    n/a  n/a
   1   51 |   7 1.0   19    14M  106  136  56%    10M |  99.9   n/a   1   27  2.72M   12   16  57%  81.9M    n/a  n/a
   1   52 |   7 1.0   19    13M   89  192  68%    10M |  99.9   n/a   1   27  2.04M    9   14  60%  81.9M    n/a  n/a
   1   53 |   7 1.0    0      0    0    0   0%    10M |   n/a   n/a   1    0      0    0    0   0%  81.9M    n/a  n/a
   2   54 |   7 1.0   19   9.4M  207  592  74%    10M |  99.9   n/a   1   27  1.38M   17   19  52%  81.9M    n/a  n/a
   2   55 |   7 1.0   19   9.4M  199  493  71%    10M |  99.9   n/a   1   27  1.11M   15   20  57%  81.9M    n/a  n/a
   2   56 |   7 1.0   19   9.7M  220  495  69%    10M |  99.9   n/a   1   27   891k   12   23  65%  81.9M    n/a  n/a
   2   57 |   7 1.0   19   9.6M  197  518  72%    10M |  99.9   n/a   1   27  1.40M   17   20  54%  81.9M    n/a  n/a
   2   58 |   7 1.0   19   9.5M  216  514  70%    10M |  99.9   n/a   1   27  1.67M   22   20  47%  81.9M    n/a  n/a
   2   59 |   7 1.0   19   9.5M  205  472  69%    10M |  99.9   n/a   1   27   831k   12   23  65%  81.9M    n/a  n/a
   2   5a |   7 1.0   19   9.7M  215  503  70%    10M |  99.9   n/a   1   27   876k   12   19  61%  81.9M    n/a  n/a
   2   5b |   7 1.0   19   9.5M  204  535  72%    10M |  99.9   n/a   1   27  1.18M   15   23  60%  81.9M    n/a  n/a
   3   5c |   7 1.0   19    12M   84  372  81%    10M |  99.9   n/a   1   27  1.79M    7   12  63%  81.9M    n/a  n/a
   3   5d |   7 1.0   19    12M   82  391  82%    10M |  99.9   n/a   1   27  1.25M    5   13  72%  81.9M    n/a  n/a
   3   5e |   7 1.0   19    12M   82  328  80%    10M |  99.9   n/a   1   27  1.25M    5   15  75%  81.9M    n/a  n/a
   3   5f |   7 1.0   19    12M   82  350  81%    10M |  99.9   n/a   1   27  1.01M    4   15  78%  81.9M    n/a  n/a
   3   60 |   7 1.0   19    12M   78  374  82%    10M |  99.9   n/a   1   27  1.25M    5   14  73%  81.9M    n/a  n/a
   3   61 |   7 1.0   19    11M   80  398  83%    10M |  99.9   n/a   1   27  1.52M    6   14  70%  81.9M    n/a  n/a
   3   62 |   7 1.0   19    11M   77  339  81%    10M |  99.9   n/a   1   27   754k    3   13  81%  81.9M    n/a  n/a
   3   63 |   7 1.0    0      0    0    0   0%    10M |   n/a   n/a   1    0      0    0    0   0%  81.9M    n/a  n/a

          |--------------------DL---------------------|-------------------------------UL-----------------------------
 pci rnti | cqi  ri  mcs  brate   ok  nok  (%)  dl_bs | pusch  rsrp  ri  mcs  brate   ok  nok  (%)    bsr     ta  phr
   0   44 |   7 1.0   19   9.5M  170  607  78%    10M |  99.9   n/a   1   27  1.15M   12   22  64%  81.9M    n/a  n/a
   0   45 |   7 1.0   19   9.4M  162  507  75%    10M |  99.9   n/a   1   27  1.18M   12   25  67%  81.9M    n/a  n/a
   0   46 |   7 1.0   19    10M  166  571  77%    10M |  99.9   n/a   1   27  1.45M   15   24  61%  81.9M    n/a  n/a
   0   47 |   7 1.0   19   9.3M  152  498  76%    10M |  99.9   n/a   1   27  1.09M   11   22  66%  81.9M    n/a  n/a
   0   48 |   7 1.0   19   9.9M  180  586  76%    10M |  99.9   n/a   1   27  1.17M   12   23  65%  81.9M    n/a  n/a
   0   49 |   7 1.0   19   9.9M  167  469  73%    10M |  99.9   n/a   1   27  1.37M   15   20  57%  81.9M    n/a  n/a
   0   4a |   7 1.0   19   9.7M  168  541  76%    10M |  99.9   n/a   1   27  1.84M   19   21  52%  81.9M    n/a  n/a
   0   4b |   7 1.0   19   9.8M  159  527  76%    10M |  99.9   n/a   1   27  1.27M   13   19  59%  81.9M    n/a  n/a
   1   4c |   7 1.0   19   9.0M   85  245  74%    10M |  99.9   n/a   1   27  1.59M    7   16  69%  81.9M    n/a  n/a
   1   4d |   7 1.0   19    10M   85  211  71%    10M |  99.9   n/a   1   27   217k    1    8  88%  81.9M    n/a  n/a
   1   4e |   7 1.0   19    11M  102  187  64%    10M |  99.9   n/a   1   27   672k    3   12  80%  81.9M    n/a  n/a
   1   4f |   7 1.0   19    11M   98  200  67%    10M |  99.9   n/a   1   27  1.82M    8   12  60%  81.9M    n/a  n/a
   1   50 |   7 1.0   19   8.6M   78  266  77%    10M |   n/a   n/a   1   27      0    0   12 100%  81.9M    n/a  n/a
   1   51 |   7 1.0   19    11M  100  195  66%    10M |  99.9   n/a   1   27   225k    1    4  80%  81.9M    n/a  n/a
   1   52 |   7 1.0   19   9.2M   75  227  75%    10M |  99.9   n/a   1   27   910k    4   16  80%  81.9M    n/a  n/a
   1   53 |   7 1.0    0      0    0    0   0%    10M |   n/a   n/a   1    0      0    0    0   0%  81.9M    n/a  n/a
   2   54 |   7 1.0   19   7.9M  182  670  78%    10M |  99.9   n/a   1   27  1.22M   15   20  57%  81.9M    n/a  n/a
   2   55 |   7 1.0   19   8.0M  174  558  76%    10M |  99.9   n/a   1   27   963k   12   23  65%  81.9M    n/a  n/a
   2   56 |   7 1.0   19   8.2M  182  531  74%    10M |  99.9   n/a   1   27   745k   11   22  66%  81.9M    n/a  n/a
   2   57 |   7 1.0   19   7.8M  171  541  75%    10M |  99.9   n/a   1   27  1.07M   15   22  59%  81.9M    n/a  n/a
   2   58 |   7 1.0   19   8.1M  176  604  77%    10M |  99.9   n/a   1   27  1.03M   13   22  62%  81.9M    n/a  n/a
   2   59 |   7 1.0   19   7.9M  166  545  76%    10M |  99.9   n/a   1   27  1.18M   15   19  55%  81.9M    n/a  n/a
   2   5a |   7 1.0   19   8.2M  185  541  74%    10M |  99.9   n/a   1   27  1.19M   17   23  57%  81.9M    n/a  n/a
   2   5b |   7 1.0   19   7.9M  173  531  75%    10M |  99.9   n/a   1   27   919k   13   22  62%  81.9M    n/a  n/a
   3   5c |   7 1.0   19    11M   76  368  82%    10M |  99.9   n/a   1   27   750k    3   11  78%  81.9M    n/a  n/a
   3   5d |   7 1.0   19   9.8M   73  384  84%    10M |  99.9   n/a   1   27   508k    2   11  84%  81.9M    n/a  n/a
   3   5e |   7 1.0   19   9.4M   67  420  86%    10M |  99.9   n/a   1   27  1.02M    4   12  75%  81.9M    n/a  n/a
   3   5f |   7 1.0   19   9.9M   78  417  84%    10M |  99.9   n/a   1   27   504k    2   13  86%  81.9M    n/a  n/a
   3   60 |   7 1.0   19   9.4M   81  422  83%    10M |  99.9   n/a   1   27  1.04M    4   11  73%  81.9M    n/a  n/a
   3   61 |   7 1.0   19    10M   69  408  85%    10M |  99.9   n/a   1   27   496k    2   12  85%  81.9M    n/a  n/a
   3   62 |   7 1.0   19    10M   77  394  83%    10M |  99.9   n/a   1   27   512k    2   12  85%  81.9M    n/a  n/a
   3   63 |   7 1.0    0      0    0    0   0%    10M |   n/a   n/a   1    0      0    0    0   0%  81.9M    n/a  n/a
   0   44 |   7 1.0   19   9.2M  154  634  80%    10M |  99.9   n/a   1   27   998k    9   23  71%  81.9M    n/a  n/a
   0   45 |   7 1.0   19   9.9M  163  505  75%    10M |  99.9   n/a   1   27  1.04M   10   23  69%  81.9M    n/a  n/a
   0   46 |   7 1.0   19    10M  186  578  75%    10M |  99.9   n/a   1   27   580k    6   29  82%  81.9M    n/a  n/a
   0   47 |   7 1.0   19   9.6M  165  507  75%    10M |  99.9   n/a   1   27   867k    8   24  75%  81.9M    n/a  n/a
   0   48 |   7 1.0   19   9.7M  168  528  75%    10M |  99.9   n/a   1   27   592k    6   25  80%  81.9M    n/a  n/a
   0   49 |   7 1.0   19   9.7M  160  540  77%    10M |  99.9   n/a   1   27  1.56M   16   23  58%  81.9M    n/a  n/a
   0   4a |   7 1.0   19   9.7M  166  495  74%    10M |  99.9   n/a   1   27  1.45M   13   25  65%  81.9M    n/a  n/a
   0   4b |   7 1.0   19   9.9M  165  506  75%    10M |  99.9   n/a   1   27  1000k   10   24  70%  81.9M    n/a  n/a
   1   4c |   7 1.0   19    13M   95  152  61%    10M |  99.9   n/a   1   27  1.38M    6   14  70%  81.9M    n/a  n/a
   1   4d |   7 1.0   19    13M  103  154  59%    10M |  99.9   n/a   1   27  2.05M    9   15  62%  81.9M    n/a  n/a
   1   4e |   7 1.0   19    12M   90  176  66%    10M |  99.9   n/a   1   27  1.59M    7    8  53%  81.9M    n/a  n/a
   1   4f |   7 1.0   19    13M  103  162  61%    10M |  99.9   n/a   1   27  1.36M    6   14  70%  81.9M    n/a  n/a
   1   50 |   7 1.0   19    12M   92  184  66%    10M |  99.9   n/a   1   27  1.14M    5    8  61%  81.9M    n/a  n/a
   1   51 |   7 1.0   19    13M  107  161  60%    10M |  99.9   n/a   1   27  2.96M   13   16  55%  81.9M    n/a  n/a
   1   52 |   7 1.0   19    11M   87  210  70%    10M |  99.9   n/a   1   27  1.83M    8    8  50%  81.9M    n/a  n/a
   1   53 |   7 1.0    0      0    0    0   0%    10M |   n/a   n/a   1    0      0    0    0   0%  81.9M    n/a  n/a
   2   54 |   7 1.0   19   7.6M  178  646  78%    10M |  99.9   n/a   1   27   966k   14   27  65%  81.9M    n/a  n/a
   2   55 |   7 1.0   19   7.3M  156  569  78%    10M |  99.9   n/a   1   27   839k   10   25  71%  81.9M    n/a  n/a
   2   56 |   7 1.0   19   7.7M  165  607  78%    10M |  99.9   n/a   1   27   857k   12   30  71%  81.9M    n/a  n/a
   2   57 |   7 1.0   19   7.4M  158  570  78%    10M |  99.9   n/a   1   27   717k    8   25  75%  81.9M    n/a  n/a
   2   58 |   7 1.0   19   7.2M  160  629  79%    10M |  99.9   n/a   1   27   676k    9   29  76%  81.9M    n/a  n/a
   2   59 |   7 1.0   19   7.3M  155  527  77%    10M |  99.9   n/a   1   27   884k   11   28  71%  81.9M    n/a  n/a
   2   5a |   7 1.0   19   7.4M  172  639  78%    10M |  99.9   n/a   1   27   795k   11   25  69%  81.9M    n/a  n/a
   2   5b |   7 1.0   19   7.4M  154  520  77%    10M |  99.9   n/a   1   27   931k   12   28  70%  81.9M    n/a  n/a
   3   5c |   7 1.0   19    13M   88  409  82%    10M |  99.9   n/a   1   27  1.54M    6   12  66%  81.9M    n/a  n/a
   3   5d |   7 1.0   19    13M   95  355  78%    10M |  99.9   n/a   1   27  1.01M    4   11  73%  81.9M    n/a  n/a
   3   5e |   7 1.0   19    13M   89  396  81%    10M |  99.9   n/a   1   27  1.54M    6   12  66%  81.9M    n/a  n/a
   3   5f |   7 1.0   19    13M   88  367  80%    10M |  99.9   n/a   1   27  1.50M    6   11  64%  81.9M    n/a  n/a
   3   60 |   7 1.0   19    13M   96  388  80%    10M |  99.9   n/a   1   27  1.52M    6   11  64%  81.9M    n/a  n/a
   3   61 |   7 1.0   19    13M   91  397  81%    10M |  99.9   n/a   1   27  1.50M    6   12  66%  81.9M    n/a  n/a
   3   62 |   7 1.0   19    13M   96  430  81%    10M |  99.9   n/a   1   27  1.51M    6   13  68%  81.9M    n/a  n/a
   3   63 |   7 1.0    0      0    0    0   0%    10M |   n/a   n/a   1    0      0    0    0   0%  81.9M    n/a  n/a
   0   44 |   7 1.0   19    10M  170  530  75%    10M |  99.9   n/a   1   27  1.02M   10   18  64%  81.9M    n/a  n/a
   0   45 |   7 1.0   19   9.9M  159  531  76%    10M |  99.9   n/a   1   27  1.61M   16   19  54%  81.9M    n/a  n/a
   0   46 |   7 1.0   19  10.0M  181  487  72%    10M |  99.9   n/a   1   27  1.33M   13   16  55%  81.9M    n/a  n/a
   0   47 |   7 1.0   19    10M  162  483  74%    10M |  99.9   n/a   1   27  1.88M   18   16  47%  81.9M    n/a  n/a
   0   48 |   7 1.0   19   9.9M  169  573  77%    10M |  99.9   n/a   1   27  1.12M   11   25  69%  81.9M    n/a  n/a
   0   49 |   7 1.0   19   9.6M  161  509  75%    10M |  99.9   n/a   1   27  1.31M   14   18  56%  81.9M    n/a  n/a
   0   4a |   7 1.0   19    10M  178  639  78%    10M |  99.9   n/a   1   27  1.12M   10   18  64%  81.9M    n/a  n/a
   0   4b |   7 1.0   19   9.9M  158  505  76%    10M |  99.9   n/a   1   27  1.58M   16   20  55%  81.9M    n/a  n/a
   1   4c |   7 1.0   19   9.2M   84  236  73%    10M |  99.9   n/a   1   27  1.59M    7   12  63%  81.9M    n/a  n/a
   1   4d |   7 1.0   19    10M   84  185  68%    10M |   n/a   n/a   1   27      0    0   14 100%  81.9M    n/a  n/a
   1   4e |   7 1.0   19   9.7M   81  211  72%    10M |  99.9   n/a   1   27  1.59M    7   13  65%  81.9M    n/a  n/a
   1   4f |   7 1.0   19    11M   91  190  67%    10M |  99.9   n/a   1   27   914k    4    7  63%  81.9M    n/a  n/a
   1   50 |   7 1.0   19   8.6M   71  257  78%    10M |   n/a   n/a   1   27      0    0   11 100%  81.9M    n/a  n/a
   1   51 |   7 1.0   19    11M  100  250  71%    10M |  99.9   n/a   1   27  2.04M    9   12  57%  81.9M    n/a  n/a
   1   52 |   7 1.0   19   8.9M   80  198  71%    10M |  99.9   n/a   1   27   230k    1    8  88%  81.9M    n/a  n/a
   1   53 |   7 1.0    0      0    0    0   0%    10M |   n/a   n/a   1    0      0    0    0   0%  81.9M    n/a  n/a
   2   54 |   7 1.0   19   7.9M  172  561  76%    10M |  99.9   n/a   1   27  1.05M   14   23  62%  81.9M    n/a  n/a
   2   55 |   7 1.0   19   7.6M  157  508  76%    10M |  99.9   n/a   1   27   842k   11   23  67%  81.9M    n/a  n/a
   2   56 |   7 1.0   19   7.5M  170  595  77%    10M |  99.9   n/a   1   27   916k   11   23  67%  81.9M    n/a  n/a
   2   57 |   7 1.0   19   7.4M  164  536  76%    10M |  99.9   n/a   1   27  1.13M   16   21  56%  81.9M    n/a  n/a
   2   58 |   7 1.0   19   7.5M  166  648  79%    10M |  99.9   n/a   1   27   785k   11   22  66%  81.9M    n/a  n/a
   2   59 |   7 1.0   19   7.5M  157  547  77%    10M |  99.9   n/a   1   27   882k   12   22  64%  81.9M    n/a  n/a
   2   5a |   7 1.0   19   7.7M  179  620  77%    10M |  99.9   n/a   1   27   940k   11   23  67%  81.9M    n/a  n/a
   2   5b |   7 1.0   19   7.5M  160  585  78%    10M |  99.9   n/a   1   27   750k   11   24  68%  81.9M    n/a  n/a

          |--------------------DL---------------------|-------------------------------UL-----------------------------
 pci rnti | cqi  ri  mcs  brate   ok  nok  (%)  dl_bs | pusch  rsrp  ri  mcs  brate   ok  nok  (%)    bsr     ta  phr
   3   5c |   7 1.0   19    11M   75  395  84%    10M |  99.9   n/a   1   27   516k    2   12  85%  81.9M    n/a  n/a
   3   5d |   7 1.0   19    11M   74  412  84%    10M |  99.9   n/a   1   27  1.28M    5   13  72%  81.9M    n/a  n/a
   3   5e |   7 1.0   19    11M   78  394  83%    10M |  99.9   n/a   1   27  1.01M    4   11  73%  81.9M    n/a  n/a
   3   5f |   7 1.0   19    11M   74  425  85%    10M |  99.9   n/a   1   27  1.27M    5    9  64%  81.9M    n/a  n/a
   3   60 |   7 1.0   19    11M   87  452  83%    10M |  99.9   n/a   1   27   750k    3   11  78%  81.9M    n/a  n/a
   3   61 |   7 1.0   19    11M   80  417  83%    10M |  99.9   n/a   1   27   746k    3   11  78%  81.9M    n/a  n/a
   3   62 |   7 1.0   19    11M   80  411  83%    10M |  99.9   n/a   1   27  1.27M    5   13  72%  81.9M    n/a  n/a
   3   63 |   7 1.0    0      0    0    0   0%    10M |   n/a   n/a   1    0      0    0    0   0%  81.9M    n/a  n/a
   0   44 |   7 1.0   19   9.5M  180  590  76%    10M |  99.9   n/a   1   27  1.36M   15   25  62%  81.9M    n/a  n/a
   0   45 |   7 1.0   19   9.1M  152  537  77%    10M |  99.9   n/a   1   27  1.97M   19   23  54%  81.9M    n/a  n/a
   0   46 |   7 1.0   19   8.9M  163  598  78%    10M |  99.9   n/a   1   27  1.16M   12   21  63%  81.9M    n/a  n/a
   0   47 |   7 1.0   19   9.4M  154  449  74%    10M |  99.9   n/a   1   27   875k    9   21  70%  81.9M    n/a  n/a
   0   48 |   7 1.0   19   9.3M  167  561  77%    10M |  99.9   n/a   1   27  1.29M   13   20  60%  81.9M    n/a  n/a
   0   49 |   7 1.0   19   9.8M  157  497  75%    10M |  99.9   n/a   1   27  1.23M   13   24  64%  81.9M    n/a  n/a
   0   4a |   7 1.0   19   9.6M  164  560  77%    10M |  99.9   n/a   1   27  1.73M   18   20  52%  81.9M    n/a  n/a
   0   4b |   7 1.0   19   9.5M  154  482  75%    10M |  99.9   n/a   1   27  1.46M   15   19  55%  81.9M    n/a  n/a
   1   4c |   7 1.0   19    10M   84  230  73%    10M |  99.9   n/a   1   27  1.36M    6   13  68%  81.9M    n/a  n/a
   1   4d |   7 1.0   19    11M   97  204  67%    10M |  99.9   n/a   1   27   697k    3   11  78%  81.9M    n/a  n/a
   1   4e |   7 1.0   19   8.7M   78  279  78%    10M |  99.9   n/a   1   27   234k    1   13  92%  81.9M    n/a  n/a
   1   4f |   7 1.0   19    12M   98  189  65%    10M |  99.9   n/a   1   27   902k    4    9  69%  81.9M    n/a  n/a
   1   50 |   7 1.0   19    10M   85  230  73%    10M |  99.9   n/a   1   27   893k    4   16  80%  81.9M    n/a  n/a
   1   51 |   7 1.0   19    10M   98  253  72%    10M |  99.9   n/a   1   27  1.82M    8    7  46%  81.9M    n/a  n/a
   1   52 |   7 1.0   19   9.7M   88  218  71%    10M |  99.9   n/a   1   27   910k    4   12  75%  81.9M    n/a  n/a
   1   53 |   7 1.0    0      0    0    0   0%    10M |   n/a   n/a   1    0      0    0    0   0%  81.9M    n/a  n/a
   2   54 |   7 1.0   19   8.0M  172  568  76%    10M |  99.9   n/a   1   27  1.07M   15   21  58%  81.9M    n/a  n/a
   2   55 |   7 1.0   19   8.0M  161  500  75%    10M |  99.9   n/a   1   27  1.11M   14   21  60%  81.9M    n/a  n/a
   2   56 |   7 1.0   19   8.0M  175  622  78%    10M |  99.9   n/a   1   27  1.19M   15   21  58%  81.9M    n/a  n/a
   2   57 |   7 1.0   19   8.0M  169  502  74%    10M |  99.9   n/a   1   27   939k   11   22  66%  81.9M    n/a  n/a
   2   58 |   7 1.0   19   8.2M  179  548  75%    10M |  99.9   n/a   1   27   897k   10   27  72%  81.9M    n/a  n/a
   2   59 |   7 1.0   19   8.0M  171  557  76%    10M |  99.9   n/a   1   27  1.04M   13   20  60%  81.9M    n/a  n/a
   2   5a |   7 1.0   19   8.5M  189  553  74%    10M |  99.9   n/a   1   27  1.26M   15   23  60%  81.9M    n/a  n/a
   2   5b |   7 1.0   19   8.2M  174  545  75%    10M |  99.9   n/a   1   27  1.29M   16   17  51%  81.9M    n/a  n/a
   3   5c |   7 1.0   19    12M   84  293  77%    10M |  99.9   n/a   1   27  2.27M    9   12  57%  81.9M    n/a  n/a
   3   5d |   7 1.0   19    12M   86  305  78%    10M |  99.9   n/a   1   27  1.54M    6   10  62%  81.9M    n/a  n/a
   3   5e |   7 1.0   19    12M   80  298  78%    10M |  99.9   n/a   1   27   766k    3   11  78%  81.9M    n/a  n/a
   3   5f |   7 1.0   19    12M   85  278  76%    10M |  99.9   n/a   1   27  1.25M    5   13  72%  81.9M    n/a  n/a
   3   60 |   7 1.0   19    11M   79  332  80%    10M |  99.9   n/a   1   27  1.26M    5   15  75%  81.9M    n/a  n/a
   3   61 |   7 1.0   19    12M   81  301  78%    10M |  99.9   n/a   1   27  1.25M    5    9  64%  81.9M    n/a  n/a
   3   62 |   7 1.0   19    12M   91  295  76%    10M |  99.9   n/a   1   27  1.52M    6   10  62%  81.9M    n/a  n/a
   3   63 |   7 1.0    0      0    0    0   0%    10M |   n/a   n/a   1    0      0    0    0   0%  81.9M    n/a  n/a
   0   44 |   7 1.0   19   9.2M  163  601  78%    10M |  99.9   n/a   1   27   789k    8   26  76%  81.9M    n/a  n/a
   0   45 |   7 1.0   19  10.0M  167  548  76%    10M |  99.9   n/a   1   27  1.60M   17   22  56%  81.9M    n/a  n/a
   0   46 |   7 1.0   19   9.6M  170  554  76%    10M |  99.9   n/a   1   27  1.27M   13   21  61%  81.9M    n/a  n/a
   0   47 |   7 1.0   19   9.9M  166  520  75%    10M |  99.9   n/a   1   27  1.81M   19   23  54%  81.9M    n/a  n/a
   0   48 |   7 1.0   19   9.5M  162  622  79%    10M |  99.9   n/a   1   27  1.22M   13   27  67%  81.9M    n/a  n/a
   0   49 |   7 1.0   19   9.8M  173  504  74%    10M |  99.9   n/a   1   27  1.46M   14   24  63%  81.9M    n/a  n/a
   0   4a |   7 1.0   19   9.8M  166  565  77%    10M |  99.9   n/a   1   27  1.91M   20   21  51%  81.9M    n/a  n/a
   0   4b |   7 1.0   19    10M  158  508  76%    10M |  99.9   n/a   1   27  1.68M   17   23  57%  81.9M    n/a  n/a
   1   4c |   7 1.0   19    12M  100  199  66%    10M |  99.9   n/a   1   27  1.59M    7   14  66%  81.9M    n/a  n/a
   1   4d |   7 1.0   19    12M  104  195  65%    10M |   n/a   n/a   1   27      0    0    8 100%  81.9M    n/a  n/a
   1   4e |   7 1.0   19    11M   80  206  72%    10M |  99.9   n/a   1   27  1.59M    7    8  53%  81.9M    n/a  n/a
   1   4f |   7 1.0   19    13M   97  156  61%    10M |  99.9   n/a   1   27  2.05M    9   13  59%  81.9M    n/a  n/a
   1   50 |   7 1.0   19    11M   82  226  73%    10M |  99.9   n/a   1   27  1.82M    8   11  57%  81.9M    n/a  n/a
   1   51 |   7 1.0   19    13M  101  172  63%    10M |  99.9   n/a   1   27   680k    3   16  84%  81.9M    n/a  n/a
   1   52 |   7 1.0   19    11M   91  225  71%    10M |  99.9   n/a   1   27  2.27M   10   14  58%  81.9M    n/a  n/a
   1   53 |   7 1.0    0      0    0    0   0%    10M |   n/a   n/a   1    0      0    0    0   0%  81.9M    n/a  n/a
   2   54 |   7 1.0   19   8.6M  187  608  76%    10M |  99.9   n/a   1   27  1.19M   15   24  61%  81.9M    n/a  n/a
   2   55 |   7 1.0   19   8.3M  186  561  75%    10M |  99.9   n/a   1   27   574k    7   26  78%  81.9M    n/a  n/a
   2   56 |   7 1.0   19   8.4M  182  562  75%    10M |  99.9   n/a   1   27  1.01M   13   26  66%  81.9M    n/a  n/a
   2   57 |   7 1.0   19   8.6M  186  484  72%    10M |  99.9   n/a   1   27  1.08M   14   21  60%  81.9M    n/a  n/a
   2   58 |   7 1.0   19   8.6M  195  578  74%    10M |  99.9   n/a   1   27  1.11M   14   22  61%  81.9M    n/a  n/a
   2   59 |   7 1.0   19   8.5M  174  554  76%    10M |  99.9   n/a   1   27   816k   12   24  66%  81.9M    n/a  n/a
   2   5a |   7 1.0   19   8.6M  196  537  73%    10M |  99.9   n/a   1   27  1.31M   17   23  57%  81.9M    n/a  n/a
   2   5b |   7 1.0   19   8.4M  184  536  74%    10M |  99.9   n/a   1   27  1.17M   14   21  60%  81.9M    n/a  n/a
   3   5c |   7 1.0   19    11M   77  369  82%    10M |  99.9   n/a   1   27  2.03M    8   12  60%  81.9M    n/a  n/a
   3   5d |   7 1.0   19    12M   85  361  80%    10M |  99.9   n/a   1   27  1.00M    4    9  69%  81.9M    n/a  n/a
   3   5e |   7 1.0   19    12M   86  351  80%    10M |  99.9   n/a   1   27  1.28M    5    9  64%  81.9M    n/a  n/a
   3   5f |   7 1.0   19    12M   82  383  82%    10M |  99.9   n/a   1   27  1.27M    5   13  72%  81.9M    n/a  n/a
   3   60 |   7 1.0   19    13M   92  341  78%    10M |  99.9   n/a   1   27   500k    2   11  84%  81.9M    n/a  n/a
   3   61 |   7 1.0   19    12M   87  376  81%    10M |  99.9   n/a   1   27  1.52M    6   12  66%  81.9M    n/a  n/a
   3   62 |   7 1.0   19    13M   96  301  75%    10M |  99.9   n/a   1   27   754k    3   15  83%  81.9M    n/a  n/a
   3   63 |   7 1.0    0      0    0    0   0%    10M |   n/a   n/a   1    0      0    0    0   0%  81.9M    n/a  n/a
   0   44 |   7 1.0   19    10M  176  568  76%    10M |  99.9   n/a   1   27  1.84M   20   20  50%  81.9M    n/a  n/a
   0   45 |   7 1.0   19  10.0M  160  472  74%    10M |  99.9   n/a   1   27  1.38M   14   20  58%  81.9M    n/a  n/a
   0   46 |   7 1.0   19    10M  184  624  77%    10M |  99.9   n/a   1   27  1.25M   13   19  59%  81.9M    n/a  n/a
   0   47 |   7 1.0   19   9.9M  163  497  75%    10M |  99.9   n/a   1   27  1.38M   13   22  62%  81.9M    n/a  n/a
   0   48 |   7 1.0   19   9.7M  162  596  78%    10M |  99.9   n/a   1   27  1.35M   14   18  56%  81.9M    n/a  n/a
   0   49 |   7 1.0   19   9.8M  163  504  75%    10M |  99.9   n/a   1   27  1.59M   16   17  51%  81.9M    n/a  n/a
   0   4a |   7 1.0   19    10M  172  504  74%    10M |  99.9   n/a   1   27  1.17M   11   20  64%  81.9M    n/a  n/a
   0   4b |   7 1.0   19   9.9M  167  545  76%    10M |  99.9   n/a   1   27  1.67M   18   18  50%  81.9M    n/a  n/a
   1   4c |   7 1.0   19   9.3M   79  244  75%    10M |  99.9   n/a   1   27  1.60M    7   11  61%  81.9M    n/a  n/a
   1   4d |   7 1.0   19    11M   88  220  71%    10M |  99.9   n/a   1   27   676k    3   13  81%  81.9M    n/a  n/a
   1   4e |   7 1.0   19   8.3M   78  285  78%    10M |  99.9   n/a   1   27   680k    3   14  82%  81.9M    n/a  n/a
   1   4f |   7 1.0   19    11M   97  181  65%    10M |  99.9   n/a   1   27  1.81M    8   15  65%  81.9M    n/a  n/a
   1   50 |   7 1.0   19    10M   96  213  68%    10M |  99.9   n/a   1   27   447k    2    7  77%  81.9M    n/a  n/a
   1   51 |   7 1.0   19    11M  100  208  67%    10M |   n/a   n/a   1   27      0    0   10 100%  81.9M    n/a  n/a
   1   52 |   7 1.0   19   9.8M   82  206  71%    10M |  99.9   n/a   1   27   918k    4    7  63%  81.9M    n/a  n/a
   1   53 |   7 1.0    0      0    0    0   0%    10M |   n/a   n/a   1    0      0    0    0   0%  81.9M    n/a  n/a

          |--------------------DL---------------------|-------------------------------UL-----------------------------
 pci rnti | cqi  ri  mcs  brate   ok  nok  (%)  dl_bs | pusch  rsrp  ri  mcs  brate   ok  nok  (%)    bsr     ta  phr
   2   54 |   7 1.0   19   7.1M  157  658  80%    10M |  99.9   n/a   1   27  1.06M   14   22  61%  81.9M    n/a  n/a
   2   55 |   7 1.0   19   7.4M  157  539  77%    10M |  99.9   n/a   1   27   917k   11   23  67%  81.9M    n/a  n/a
   2   56 |   7 1.0   19   7.8M  186  563  75%    10M |  99.9   n/a   1   27  1.04M   14   22  61%  81.9M    n/a  n/a
   2   57 |   7 1.0   19   7.4M  161  587  78%    10M |  99.9   n/a   1   27  1.02M   13   21  61%  81.9M    n/a  n/a
   2   58 |   7 1.0   19   7.7M  175  564  76%    10M |  99.9   n/a   1   27  1.03M   15   24  61%  81.9M    n/a  n/a
   2   59 |   7 1.0   19   7.5M  169  566  77%    10M |  99.9   n/a   1   27   775k   10   24  70%  81.9M    n/a  n/a
   2   5a |   7 1.0   19   7.4M  160  638  79%    10M |  99.9   n/a   1   27   965k   12   24  66%  81.9M    n/a  n/a
   2   5b |   7 1.0   19   7.3M  157  586  78%    10M |  99.9   n/a   1   27   947k   12   23  65%  81.9M    n/a  n/a
   3   5c |   7 1.0   19    12M   97  362  78%    10M |  99.9   n/a   1   27  1.54M    6   11  64%  81.9M    n/a  n/a
   3   5d |   7 1.0   19    13M   98  383  79%    10M |  99.9   n/a   1   27  1.01M    4   12  75%  81.9M    n/a  n/a
   3   5e |   7 1.0   19    12M   84  335  79%    10M |  99.9   n/a   1   27  2.27M    9   12  57%  81.9M    n/a  n/a
   3   5f |   7 1.0   19    13M   91  305  77%    10M |  99.9   n/a   1   27  1.78M    7   11  61%  81.9M    n/a  n/a
   3   60 |   7 1.0   19    12M   85  381  81%    10M |  99.9   n/a   1   27  1.27M    5    8  61%  81.9M    n/a  n/a
   3   61 |   7 1.0   19    13M   88  348  79%    10M |  99.9   n/a   1   27  1.52M    6   12  66%  81.9M    n/a  n/a
   3   62 |   7 1.0   19    12M   81  377  82%    10M |  99.9   n/a   1   27  1.26M    5   13  72%  81.9M    n/a  n/a
   3   63 |   7 1.0    0      0    0    0   0%    10M |   n/a   n/a   1    0      0    0    0   0%  81.9M    n/a  n/a
   0   44 |   7 1.0   19    10M  180  581  76%    10M |  99.9   n/a   1   27  1.77M   18   19  51%  81.9M    n/a  n/a
   0   45 |   7 1.0   19    10M  171  522  75%    10M |  99.9   n/a   1   27  1.48M   15   23  60%  81.9M    n/a  n/a
   0   46 |   7 1.0   19    10M  173  495  74%    10M |  99.9   n/a   1   27  1.80M   19   24  55%  81.9M    n/a  n/a
   0   47 |   7 1.0   19    11M  174  471  73%    10M |  99.9   n/a   1   27  1.54M   17   25  59%  81.9M    n/a  n/a
   0   48 |   7 1.0   19    11M  189  511  73%    10M |  99.9   n/a   1   27  1.75M   18   21  53%  81.9M    n/a  n/a
   0   49 |   7 1.0   19    10M  170  529  75%    10M |  99.9   n/a   1   27  1.99M   20   21  51%  81.9M    n/a  n/a
   0   4a |   7 1.0   19    11M  184  513  73%    10M |  99.9   n/a   1   27  1.14M   11   21  65%  81.9M    n/a  n/a
   0   4b |   7 1.0   19    10M  175  497  73%    10M |  99.9   n/a   1   27  2.05M   21   23  52%  81.9M    n/a  n/a
   1   4c |   7 1.0   19    11M   89  198  68%    10M |  99.9   n/a   1   27  2.28M   10    8  44%  81.9M    n/a  n/a
   1   4d |   7 1.0   19    12M   95  163  63%    10M |  99.9   n/a   1   27   914k    4   15  78%  81.9M    n/a  n/a
   1   4e |   7 1.0   19    11M   90  196  68%    10M |  99.9   n/a   1   27  1.82M    8   11  57%  81.9M    n/a  n/a
   1   4f |   7 1.0   19    12M  103  178  63%    10M |  99.9   n/a   1   27   676k    3    4  57%  81.9M    n/a  n/a
   1   50 |   7 1.0   19    11M   82  213  72%    10M |  99.9   n/a   1   27  1.59M    7   16  69%  81.9M    n/a  n/a
   1   51 |   7 1.0   19    12M  101  179  63%    10M |  99.9   n/a   1   27  1.14M    5   12  70%  81.9M    n/a  n/a
   1   52 |   7 1.0   19    10M   81  217  72%    10M |  99.9   n/a   1   27  2.50M   11   14  56%  81.9M    n/a  n/a
   1   53 |   7 1.0    0      0    0    0   0%    10M |   n/a   n/a   1    0      0    0    0   0%  81.9M    n/a  n/a
   2   54 |   7 1.0   19   9.7M  215  452  67%    10M |  99.9   n/a   1   27  1.04M   12   23  65%  81.9M    n/a  n/a
   2   55 |   7 1.0   19   9.3M  196  507  72%    10M |  99.9   n/a   1   27   843k   11   23  67%  81.9M    n/a  n/a
   2   56 |   7 1.0   19   9.2M  209  590  73%    10M |  99.9   n/a   1   27   994k   12   20  62%  81.9M    n/a  n/a
   2   57 |   7 1.0   19   9.2M  194  505  72%    10M |  99.9   n/a   1   27  1.07M   13   25  65%  81.9M    n/a  n/a
   2   58 |   7 1.0   19   9.8M  221  536  70%    10M |  99.9   n/a   1   27   954k   12   25  67%  81.9M    n/a  n/a
   2   59 |   7 1.0   19   9.0M  195  496  71%    10M |  99.9   n/a   1   27   810k   10   24  70%  81.9M    n/a  n/a
   2   5a |   7 1.0   19   9.1M  200  549  73%    10M |  99.9   n/a   1   27  1.42M   18   23  56%  81.9M    n/a  n/a
   2   5b |   7 1.0   19   9.3M  198  508  71%    10M |  99.9   n/a   1   27   976k   12   21  63%  81.9M    n/a  n/a
   3   5c |   7 1.0   19    11M   83  377  81%    10M |  99.9   n/a   1   27  1.53M    6   11  64%  81.9M    n/a  n/a
   3   5d |   7 1.0   19    11M   77  392  83%    10M |  99.9   n/a   1   27  1.00M    4   11  73%  81.9M    n/a  n/a
   3   5e |   7 1.0   19    11M   81  428  84%    10M |  99.9   n/a   1   27  1.26M    5   13  72%  81.9M    n/a  n/a
   3   5f |   7 1.0   19    11M   76  354  82%    10M |  99.9   n/a   1   27   504k    2   12  85%  81.9M    n/a  n/a
   3   60 |   7 1.0   19    11M   79  369  82%    10M |  99.9   n/a   1   27  1.01M    4   12  75%  81.9M    n/a  n/a
   3   61 |   7 1.0   19    11M   79  351  81%    10M |  99.9   n/a   1   27  1.02M    4   11  73%  81.9M    n/a  n/a
   3   62 |   7 1.0   19    11M   73  359  83%    10M |  99.9   n/a   1   27   775k    3   10  76%  81.9M    n/a  n/a
   3   63 |   7 1.0    0      0    0    0   0%    10M |   n/a   n/a   1    0      0    0    0   0%  81.9M    n/a  n/a
   0   44 |   7 1.0   19    12M  204  481  70%    10M |  99.9   n/a   1   27  1.70M   18   23  56%  81.9M    n/a  n/a
   0   45 |   7 1.0   19    11M  180  565  75%    10M |  99.9   n/a   1   27  1.61M   16   20  55%  81.9M    n/a  n/a
   0   46 |   7 1.0   19    12M  209  473  69%    10M |  99.9   n/a   1   27  2.42M   24   19  44%  81.9M    n/a  n/a
   0   47 |   7 1.0   19    11M  181  485  72%    10M |  99.9   n/a   1   27  1.97M   19   20  51%  81.9M    n/a  n/a
   0   48 |   7 1.0   19    11M  202  529  72%    10M |  99.9   n/a   1   27  1.51M   14   22  61%  81.9M    n/a  n/a
   0   49 |   7 1.0   19    11M  191  494  72%    10M |  99.9   n/a   1   27  1.98M   20   20  50%  81.9M    n/a  n/a
   0   4a |   7 1.0   19    12M  195  525  72%    10M |  99.9   n/a   1   27  1.22M   11   20  64%  81.9M    n/a  n/a
   0   4b |   7 1.0   19    11M  188  492  72%    10M |  99.9   n/a   1   27  1.80M   19   26  57%  81.9M    n/a  n/a
   1   4c |   7 1.0   19    12M   89  150  62%    10M |  99.9   n/a   1   27  2.73M   12   16  57%  81.9M    n/a  n/a
   1   4d |   7 1.0   19    13M  103  150  59%    10M |  99.9   n/a   1   27   906k    4    8  66%  81.9M    n/a  n/a
   1   4e |   7 1.0   19   9.5M   84  230  73%    10M |   n/a   n/a   1   27      0    0    6 100%  81.9M    n/a  n/a
   1   4f |   7 1.0   19    11M   95  188  66%    10M |  99.9   n/a   1   27  1.59M    7   15  68%  81.9M    n/a  n/a
   1   50 |   7 1.0   19    11M   95  225  70%    10M |  99.9   n/a   1   27  1.59M    7   12  63%  81.9M    n/a  n/a
   1   51 |   7 1.0   19    12M   93  161  63%    10M |  99.9   n/a   1   27  1.36M    6    9  60%  81.9M    n/a  n/a
   1   52 |   7 1.0   19    12M   91  168  64%    10M |  99.9   n/a   1   27  2.04M    9   16  64%  81.9M    n/a  n/a
   1   53 |   7 1.0    0      0    0    0   0%    10M |   n/a   n/a   1    0      0    0    0   0%  81.9M    n/a  n/a
   2   54 |   7 1.0   19   9.2M  194  478  71%    10M |  99.9   n/a   1   27  1.22M   16   23  58%  81.9M    n/a  n/a
   2   55 |   7 1.0   19   8.7M  194  529  73%    10M |  99.9   n/a   1   27  1.43M   17   24  58%  81.9M    n/a  n/a
   2   56 |   7 1.0   19   8.8M  196  569  74%    10M |  99.9   n/a   1   27  1.46M   19   20  51%  81.9M    n/a  n/a
   2   57 |   7 1.0   19   8.9M  199  552  73%    10M |  99.9   n/a   1   27  1.08M   13   23  63%  81.9M    n/a  n/a
   2   58 |   7 1.0   19   8.9M  207  590  74%    10M |  99.9   n/a   1   27  1.43M   19   22  53%  81.9M    n/a  n/a
   2   59 |   7 1.0   19   9.0M  192  496  72%    10M |  99.9   n/a   1   27  1.22M   15   19  55%  81.9M    n/a  n/a
   2   5a |   7 1.0   19   8.8M  198  558  73%    10M |  99.9   n/a   1   27  1.56M   19   20  51%  81.9M    n/a  n/a
   2   5b |   7 1.0   19   9.0M  184  499  73%    10M |  99.9   n/a   1   27  1.15M   16   24  60%  81.9M    n/a  n/a
   3   5c |   7 1.0   19    11M   81  372  82%    10M |  99.9   n/a   1   27  1.52M    6   13  68%  81.9M    n/a  n/a
   3   5d |   7 1.0   19    12M   83  335  80%    10M |  99.9   n/a   1   27  1.77M    7   11  61%  81.9M    n/a  n/a
   3   5e |   7 1.0   19    12M   84  338  80%    10M |  99.9   n/a   1   27  1.01M    4   17  80%  81.9M    n/a  n/a
   3   5f |   7 1.0   19    11M   83  375  81%    10M |  99.9   n/a   1   27   754k    3   14  82%  81.9M    n/a  n/a
   3   60 |   7 1.0   19    11M   81  405  83%    10M |  99.9   n/a   1   27  2.05M    8   16  66%  81.9M    n/a  n/a
   3   61 |   7 1.0   19    12M   83  375  81%    10M |  99.9   n/a   1   27  1.55M    6   14  70%  81.9M    n/a  n/a
   3   62 |   7 1.0   19    12M   96  360  78%    10M |  99.9   n/a   1   27  1.03M    4   14  77%  81.9M    n/a  n/a
   3   63 |   7 1.0    0      0    0    0   0%    10M |   n/a   n/a   1    0      0    0    0   0%  81.9M    n/a  n/a
   0   44 |   7 1.0   19   8.2M  153  527  77%    10M |  99.9   n/a   1   27  1.87M   17   15  46%  81.9M    n/a  n/a
   0   45 |   7 1.0   19   9.1M  152  490  76%    10M |  99.9   n/a   1   27  1.03M   10   26  72%  81.9M    n/a  n/a
   0   46 |   7 1.0   19   9.4M  168  547  76%    10M |  99.9   n/a   1   27  1.11M   12   24  66%  81.9M    n/a  n/a
   0   47 |   7 1.0   19   9.3M  149  439  74%    10M |  99.9   n/a   1   27  1.39M   14   22  61%  81.9M    n/a  n/a
   0   48 |   7 1.0   19   9.4M  156  475  75%    10M |  99.9   n/a   1   27   771k    8   21  72%  81.9M    n/a  n/a
   0   49 |   7 1.0   19   9.4M  158  458  74%    10M |  99.9   n/a   1   27  1.63M   16   25  60%  81.9M    n/a  n/a
   0   4a |   7 1.0   19   9.9M  188  476  71%    10M |  99.9   n/a   1   27  1.43M   15   25  62%  81.9M    n/a  n/a
   0   4b |   7 1.0   19   8.9M  149  472  76%    10M |  99.9   n/a   1   27  1.14M   13   22  62%  81.9M    n/a  n/a

          |--------------------DL---------------------|-------------------------------UL-----------------------------
 pci rnti | cqi  ri  mcs  brate   ok  nok  (%)  dl_bs | pusch  rsrp  ri  mcs  brate   ok  nok  (%)    bsr     ta  phr
   1   4c |   7 1.0   19    12M  100  159  61%    10M |  99.9   n/a   1   27   910k    4    9  69%  81.9M    n/a  n/a
   1   4d |   7 1.0   19    13M  103  197  65%    10M |  99.9   n/a   1   27  2.50M   11   18  62%  81.9M    n/a  n/a
   1   4e |   7 1.0   19    12M   98  237  70%    10M |  99.9   n/a   1   27  1.13M    5   17  77%  81.9M    n/a  n/a
   1   4f |   7 1.0   19    12M  101  202  66%    10M |  99.9   n/a   1   27  1.58M    7   13  65%  81.9M    n/a  n/a
   1   50 |   7 1.0   19    12M   96  172  64%    10M |  99.9   n/a   1   27  1.36M    6    8  57%  81.9M    n/a  n/a
   1   51 |   7 1.0   19    12M   98  205  67%    10M |  99.9   n/a   1   27  1.81M    8   18  69%  81.9M    n/a  n/a
   1   52 |   7 1.0   19    11M   95  233  71%    10M |  99.9   n/a   1   27  1.34M    6    6  50%  81.9M    n/a  n/a
   1   53 |   7 1.0    0      0    0    0   0%    10M |   n/a   n/a   1    0      0    0    0   0%  81.9M    n/a  n/a
   2   54 |   7 1.0   19   9.1M  200  538  72%    10M |  99.9   n/a   1   27  1.02M   15   31  67%  81.9M    n/a  n/a
   2   55 |   7 1.0   19   8.8M  186  484  72%    10M |  99.9   n/a   1   27  1.52M   20   30  60%  81.9M    n/a  n/a
   2   56 |   7 1.0   19   8.9M  191  561  74%    10M |  99.9   n/a   1   27  1.34M   19   29  60%  81.9M    n/a  n/a
   2   57 |   7 1.0   19   8.7M  191  492  72%    10M |  99.9   n/a   1   27  1.37M   17   24  58%  81.9M    n/a  n/a
   2   58 |   7 1.0   19   9.1M  212  556  72%    10M |  99.9   n/a   1   27  1.03M   14   28  66%  81.9M    n/a  n/a
   2   59 |   7 1.0   19   8.5M  196  528  72%    10M |  99.9   n/a   1   27  1.24M   15   26  63%  81.9M    n/a  n/a
   2   5a |   7 1.0   19   8.5M  194  554  74%    10M |  99.9   n/a   1   27   861k   10   28  73%  81.9M    n/a  n/a
   2   5b |   7 1.0   19   8.8M  187  500  72%    10M |  99.9   n/a   1   27  1.12M   14   27  65%  81.9M    n/a  n/a
   3   5c |   7 1.0   19    14M   97  255  72%    10M |  99.9   n/a   1   27  1.27M    5   14  73%  81.9M    n/a  n/a
   3   5d |   7 1.0   19    14M  116  292  71%    10M |  99.9   n/a   1   27  1.26M    5   14  73%  81.9M    n/a  n/a
   3   5e |   7 1.0   19    13M   82  313  79%    10M |  99.9   n/a   1   27   754k    3   11  78%  81.9M    n/a  n/a
   3   5f |   7 1.0   19    14M  102  283  73%    10M |  99.9   n/a   1   27  1.01M    4    9  69%  81.9M    n/a  n/a
   3   60 |   7 1.0   19    13M   92  298  76%    10M |  99.9   n/a   1   27  1.53M    6   10  62%  81.9M    n/a  n/a
   3   61 |   7 1.0   19    14M   97  292  75%    10M |  99.9   n/a   1   27  1.53M    6   13  68%  81.9M    n/a  n/a
   3   62 |   7 1.0   19    14M   97  260  72%    10M |  99.9   n/a   1   27  1.78M    7   12  63%  81.9M    n/a  n/a
   3   63 |   7 1.0    0      0    0    0   0%    10M |   n/a   n/a   1    0      0    0    0   0%  81.9M    n/a  n/a
   0   44 |   7 1.0   19    11M  192  547  74%    10M |  99.9   n/a   1   27  1.42M   15   17  53%  81.9M    n/a  n/a
   0   45 |   7 1.0   19    12M  194  519  72%    10M |  99.9   n/a   1   27  1.65M   18   17  48%  81.9M    n/a  n/a
   0   46 |   7 1.0   19    12M  195  510  72%    10M |  99.9   n/a   1   27  2.30M   24   25  51%  81.9M    n/a  n/a
   0   47 |   7 1.0   19    12M  189  435  69%    10M |  99.9   n/a   1   27  1.31M   13   23  63%  81.9M    n/a  n/a
   0   48 |   7 1.0   19    12M  189  521  73%    10M |  99.9   n/a   1   27  2.14M   22   21  48%  81.9M    n/a  n/a
   0   49 |   7 1.0   19    11M  181  426  70%    10M |  99.9   n/a   1   27  1.44M   14   23  62%  81.9M    n/a  n/a
   0   4a |   7 1.0   19    12M  200  490  71%    10M |  99.9   n/a   1   27  2.27M   23   17  42%  81.9M    n/a  n/a
   0   4b |   7 1.0   19    11M  189  470  71%    10M |  99.9   n/a   1   27  2.40M   25   20  44%  81.9M    n/a  n/a
   1   4c |   7 1.0   19    10M   87  274  75%    10M |  99.9   n/a   1   27  1.80M    8   12  60%  81.9M    n/a  n/a
   1   4d |   7 1.0   19    11M   92  196  68%    10M |  99.9   n/a   1   27   918k    4   13  76%  81.9M    n/a  n/a
   1   4e |   7 1.0   19    10M   82  288  77%    10M |  99.9   n/a   1   27   902k    4   11  73%  81.9M    n/a  n/a
   1   4f |   7 1.0   19    11M   91  261  74%    10M |  99.9   n/a   1   27  1.38M    6   13  68%  81.9M    n/a  n/a
   1   50 |   7 1.0   19   9.4M   71  267  78%    10M |  99.9   n/a   1   27  2.30M   10   14  58%  81.9M    n/a  n/a
   1   51 |   7 1.0   19    10M   92  284  75%    10M |  99.9   n/a   1   27   451k    2    9  81%  81.9M    n/a  n/a
   1   52 |   7 1.0   19    10M   84  255  75%    10M |  99.9   n/a   1   27   906k    4   17  80%  81.9M    n/a  n/a
   1   53 |   7 1.0    0      0    0    0   0%    10M |   n/a   n/a   1    0      0    0    0   0%  81.9M    n/a  n/a
   2   54 |   7 1.0   19   8.1M  199  586  74%    10M |  99.9   n/a   1   27   660k    9   19  67%  81.9M    n/a  n/a
   2   55 |   7 1.0   19   8.1M  176  485  73%    10M |  99.9   n/a   1   27  1.28M   16   13  44%  81.9M    n/a  n/a
   2   56 |   7 1.0   19   7.7M  180  532  74%    10M |  99.9   n/a   1   27  1.28M   16   21  56%  81.9M    n/a  n/a
   2   57 |   7 1.0   19   8.2M  169  468  73%    10M |  99.9   n/a   1   27  1.46M   18   15  45%  81.9M    n/a  n/a
   2   58 |   7 1.0   19   7.9M  176  543  75%    10M |  99.9   n/a   1   27  1.13M   15   18  54%  81.9M    n/a  n/a
   2   59 |   7 1.0   19   7.9M  178  503  73%    10M |  99.9   n/a   1   27  1.34M   17   14  45%  81.9M    n/a  n/a
   2   5a |   7 1.0   19   8.1M  170  538  75%    10M |  99.9   n/a   1   27   972k   13   21  61%  81.9M    n/a  n/a
   2   5b |   7 1.0   19   8.3M  180  449  71%    10M |  99.9   n/a   1   27  1.44M   17   16  48%  81.9M    n/a  n/a
   3   5c |   7 1.0   19    11M   90  310  77%    10M |  99.9   n/a   1   27  1.53M    6   14  70%  81.9M    n/a  n/a
   3   5d |   7 1.0   19    12M   95  267  73%    10M |  99.9   n/a   1   27  2.01M    8   15  65%  81.9M    n/a  n/a
   3   5e |   7 1.0   19    12M   91  318  77%    10M |  99.9   n/a   1   27  2.28M    9   12  57%  81.9M    n/a  n/a
   3   5f |   7 1.0   19    13M   91  299  76%    10M |  99.9   n/a   1   27   762k    3   11  78%  81.9M    n/a  n/a
   3   60 |   7 1.0   19    13M  101  317  75%    10M |  99.9   n/a   1   27  1.51M    6   11  64%  81.9M    n/a  n/a
   3   61 |   7 1.0   19    13M   99  284  74%    10M |  99.9   n/a   1   27  1.03M    4   10  71%  81.9M    n/a  n/a
   3   62 |   7 1.0   19    12M   81  253  75%    10M |  99.9   n/a   1   27  1.01M    4   12  75%  81.9M    n/a  n/a
   3   63 |   7 1.0    0      0    0    0   0%    10M |   n/a   n/a   1    0      0    0    0   0%  81.9M    n/a  n/a
   0   44 |   7 1.0   19   9.9M  177  555  75%    10M |  99.9   n/a   1   27   920k   10   22  68%  81.9M    n/a  n/a
   0   45 |   7 1.0   19    10M  168  454  72%    10M |  99.9   n/a   1   27  2.15M   24   17  41%  81.9M    n/a  n/a
   0   46 |   7 1.0   19    10M  183  453  71%    10M |  99.9   n/a   1   27  1.50M   15   18  54%  81.9M    n/a  n/a
   0   47 |   7 1.0   19    10M  176  497  73%    10M |  99.9   n/a   1   27   951k    9   23  71%  81.9M    n/a  n/a
   0   48 |   7 1.0   19    10M  181  556  75%    10M |  99.9   n/a   1   27  1.55M   16   16  50%  81.9M    n/a  n/a
   0   49 |   7 1.0   19    10M  166  497  74%    10M |  99.9   n/a   1   27  1.77M   18   16  47%  81.9M    n/a  n/a
   0   4a |   7 1.0   19   9.7M  166  542  76%    10M |  99.9   n/a   1   27   945k   10   21  67%  81.9M    n/a  n/a
   0   4b |   7 1.0   19  10.0M  172  473  73%    10M |  99.9   n/a   1   27  1.73M   18   16  47%  81.9M    n/a  n/a
   1   4c |   7 1.0   19    12M   91  270  74%    10M |  99.9   n/a   1   27  1.80M    8    8  50%  81.9M    n/a  n/a
   1   4d |   7 1.0   19    12M  101  318  75%    10M |  99.9   n/a   1   27  1.82M    8   17  68%  81.9M    n/a  n/a
   1   4e |   7 1.0   19    12M   87  234  72%    10M |  99.9   n/a   1   27   459k    2   15  88%  81.9M    n/a  n/a
   1   4f |   7 1.0   19    13M  110  277  71%    10M |  99.9   n/a   1   27  1.14M    5   11  68%  81.9M    n/a  n/a
   1   50 |   7 1.0   19    13M  100  294  74%    10M |  99.9   n/a   1   27  2.05M    9   10  52%  81.9M    n/a  n/a
   1   51 |   7 1.0   19    12M   95  254  72%    10M |  99.9   n/a   1   27  1.59M    7   12  63%  81.9M    n/a  n/a
   1   52 |   7 1.0   19    13M   98  317  76%    10M |  99.9   n/a   1   27  1.59M    7    9  56%  81.9M    n/a  n/a
   1   53 |   7 1.0    0      0    0    0   0%    10M |   n/a   n/a   1    0      0    0    0   0%  81.9M    n/a  n/a
   2   54 |   7 1.0   19   8.3M  184  584  76%    10M |  99.9   n/a   1   27  1.28M   17   28  62%  81.9M    n/a  n/a
   2   55 |   7 1.0   19   8.4M  183  554  75%    10M |  99.9   n/a   1   27   970k   15   28  65%  81.9M    n/a  n/a
   2   56 |   7 1.0   19   8.6M  205  523  71%    10M |  99.9   n/a   1   27  1.18M   16   24  60%  81.9M    n/a  n/a
   2   57 |   7 1.0   19   8.3M  183  557  75%    10M |  99.9   n/a   1   27  1.10M   15   24  61%  81.9M    n/a  n/a
   2   58 |   7 1.0   19   8.4M  183  532  74%    10M |  99.9   n/a   1   27  1.09M   14   27  65%  81.9M    n/a  n/a
   2   59 |   7 1.0   19   8.4M  179  510  74%    10M |  99.9   n/a   1   27   938k   13   22  62%  81.9M    n/a  n/a
   2   5a |   7 1.0   19   8.5M  196  561  74%    10M |  99.9   n/a   1   27  1.21M   16   24  60%  81.9M    n/a  n/a
   2   5b |   7 1.0   19   8.2M  173  478  73%    10M |  99.9   n/a   1   27  1.20M   15   26  63%  81.9M    n/a  n/a
   3   5c |   7 1.0   19    13M   96  237  71%    10M |  99.9   n/a   1   27  1.02M    4   12  75%  81.9M    n/a  n/a
   3   5d |   7 1.0   19    14M   94  204  68%    10M |  99.9   n/a   1   27  1.52M    6   13  68%  81.9M    n/a  n/a
   3   5e |   7 1.0   19    13M   97  245  71%    10M |  99.9   n/a   1   27  1.80M    7   12  63%  81.9M    n/a  n/a
   3   5f |   7 1.0   19    14M  105  231  68%    10M |  99.9   n/a   1   27  1.76M    7   16  69%  81.9M    n/a  n/a
   3   60 |   7 1.0   19    14M  103  186  64%    10M |  99.9   n/a   1   27  3.05M   12   12  50%  81.9M    n/a  n/a
   3   61 |   7 1.0   19    14M  101  195  65%    10M |  99.9   n/a   1   27  2.26M    9   16  64%  81.9M    n/a  n/a
   3   62 |   7 1.0   19    13M   97  265  73%    10M |  99.9   n/a   1   27  1.77M    7   10  58%  81.9M    n/a  n/a
   3   63 |   7 1.0    0      0    0    0   0%    10M |   n/a   n/a   1    0      0    0    0   0%  81.9M    n/a  n/a

          |--------------------DL---------------------|-------------------------------UL-----------------------------
 pci rnti | cqi  ri  mcs  brate   ok  nok  (%)  dl_bs | pusch  rsrp  ri  mcs  brate   ok  nok  (%)    bsr     ta  phr
   0   44 |   7 1.0   19    11M  193  439  69%    10M |  99.9   n/a   1   27  2.20M   23   17  42%  81.9M    n/a  n/a
   0   45 |   7 1.0   19    11M  186  426  69%    10M |  99.9   n/a   1   27  1.64M   16   20  55%  81.9M    n/a  n/a
   0   46 |   7 1.0   19    11M  193  451  70%    10M |  99.9   n/a   1   27  1.47M   14   24  63%  81.9M    n/a  n/a
   0   47 |   7 1.0   19    11M  178  450  71%    10M |  99.9   n/a   1   27  1.30M   14   18  56%  81.9M    n/a  n/a
   0   48 |   7 1.0   19    11M  195  465  70%    10M |  99.9   n/a   1   27  1.94M   20   26  56%  81.9M    n/a  n/a
   0   49 |   7 1.0   19    11M  182  441  70%    10M |  99.9   n/a   1   27  2.56M   27   21  43%  81.9M    n/a  n/a
   0   4a |   7 1.0   19    11M  204  458  69%    10M |  99.9   n/a   1   27  2.77M   28   21  42%  81.9M    n/a  n/a
   0   4b |   7 1.0   19    11M  191  482  71%    10M |  99.9   n/a   1   27  2.44M   25   20  44%  81.9M    n/a  n/a
   1   4c |   7 1.0   19    12M   97  243  71%    10M |  99.9   n/a   1   27  1.83M    8   13  61%  81.9M    n/a  n/a
   1   4d |   7 1.0   19    11M   83  269  76%    10M |  99.9   n/a   1   27  2.03M    9   11  55%  81.9M    n/a  n/a
   1   4e |   7 1.0   19    11M   95  234  71%    10M |  99.9   n/a   1   27  2.01M    9    9  50%  81.9M    n/a  n/a
   1   4f |   7 1.0   19    11M   81  238  74%    10M |  99.9   n/a   1   27  1.35M    6   14  70%  81.9M    n/a  n/a
   1   50 |   7 1.0   19    12M   99  220  68%    10M |  99.9   n/a   1   27  2.28M   10   10  50%  81.9M    n/a  n/a
   1   51 |   7 1.0   19    11M   78  277  78%    10M |  99.9   n/a   1   27  1.58M    7   14  66%  81.9M    n/a  n/a
   1   52 |   7 1.0   19    11M   93  241  72%    10M |  99.9   n/a   1   27  2.26M   10   11  52%  81.9M    n/a  n/a
   1   53 |   7 1.0    0      0    0    0   0%    10M |   n/a   n/a   1    0      0    0    0   0%  81.9M    n/a  n/a
   2   54 |   7 1.0   19    11M  241  559  69%    10M |  99.9   n/a   1   27  1.78M   25   27  51%  81.9M    n/a  n/a
   2   55 |   7 1.0   19    11M  227  404  64%    10M |  99.9   n/a   1   27  1.77M   22   24  52%  81.9M    n/a  n/a
   2   56 |   7 1.0   19    11M  233  465  66%    10M |  99.9   n/a   1   27  1.46M   19   25  56%  81.9M    n/a  n/a
   2   57 |   7 1.0   19    11M  232  439  65%    10M |  99.9   n/a   1   27  1.88M   25   25  50%  81.9M    n/a  n/a
   2   58 |   7 1.0   19    11M  240  452  65%    10M |  99.9   n/a   1   27  1.93M   25   25  50%  81.9M    n/a  n/a
   2   59 |   7 1.0   19    11M  218  429  66%    10M |  99.9   n/a   1   27  1.97M   26   21  44%  81.9M    n/a  n/a
   2   5a |   7 1.0   19    11M  229  496  68%    10M |  99.9   n/a   1   27  1.57M   20   23  53%  81.9M    n/a  n/a
   2   5b |   7 1.0   19    11M  223  468  67%    10M |  99.9   n/a   1   27  1.64M   22   25  53%  81.9M    n/a  n/a
   3   5c |   7 1.0   19    13M   85  259  75%    10M |  99.9   n/a   1   27  1.01M    4   13  76%  81.9M    n/a  n/a
   3   5d |   7 1.0   19    13M   91  291  76%    10M |  99.9   n/a   1   27   250k    1   10  90%  81.9M    n/a  n/a
   3   5e |   7 1.0   19    14M   97  225  69%    10M |  99.9   n/a   1   27  1.52M    6   14  70%  81.9M    n/a  n/a
   3   5f |   7 1.0   19    14M   96  274  74%    10M |  99.9   n/a   1   27  1.26M    5   10  66%  81.9M    n/a  n/a
   3   60 |   7 1.0   19    13M   92  275  74%    10M |  99.9   n/a   1   27  1.28M    5   12  70%  81.9M    n/a  n/a
   3   61 |   7 1.0   19    13M   88  255  74%    10M |  99.9   n/a   1   27  1.53M    6   11  64%  81.9M    n/a  n/a
   3   62 |   7 1.0   19    13M   90  265  74%    10M |  99.9   n/a   1   27  1.26M    5   15  75%  81.9M    n/a  n/a
   3   63 |   7 1.0    0      0    0    0   0%    10M |   n/a   n/a   1    0      0    0    0   0%  81.9M    n/a  n/a
   0   44 |   7 1.0   19    11M  206  440  68%    10M |  99.9   n/a   1   27  1.94M   20   14  41%  81.9M    n/a  n/a
   0   45 |   7 1.0   19   9.6M  154  480  75%    10M |  99.9   n/a   1   27  1.29M   13   23  63%  81.9M    n/a  n/a
   0   46 |   7 1.0   19   9.8M  173  453  72%    10M |  99.9   n/a   1   27  1.84M   18   19  51%  81.9M    n/a  n/a
   0   47 |   7 1.0   19   9.4M  156  463  74%    10M |  99.9   n/a   1   27  2.12M   21   16  43%  81.9M    n/a  n/a
   0   48 |   7 1.0   19   9.8M  189  493  72%    10M |  99.9   n/a   1   27  1.34M   13   17  56%  81.9M    n/a  n/a
   0   49 |   7 1.0   19   9.0M  148  467  75%    10M |  99.9   n/a   1   27  1.94M   21   16  43%  81.9M    n/a  n/a
   0   4a |   7 1.0   19    10M  186  433  69%    10M |  99.9   n/a   1   27  1.85M   19   14  42%  81.9M    n/a  n/a
   0   4b |   7 1.0   19   9.3M  153  452  74%    10M |  99.9   n/a   1   27  2.57M   25   20  44%  81.9M    n/a  n/a
   1   4c |   7 1.0   19    11M   94  279  74%    10M |  99.9   n/a   1   27  1.12M    5   13  72%  81.9M    n/a  n/a
   1   4d |   7 1.0   19    11M   85  294  77%    10M |  99.9   n/a   1   27  1.14M    5   10  66%  81.9M    n/a  n/a
   1   4e |   7 1.0   19    11M   88  279  76%    10M |  99.9   n/a   1   27  1.82M    8    9  52%  81.9M    n/a  n/a
   1   4f |   7 1.0   19    10M   82  257  75%    10M |  99.9   n/a   1   27   894k    4   12  75%  81.9M    n/a  n/a
   1   50 |   7 1.0   19    10M   94  282  75%    10M |  99.9   n/a   1   27   676k    3   10  76%  81.9M    n/a  n/a
   1   51 |   7 1.0   19    10M   81  318  79%    10M |  99.9   n/a   1   27  1.37M    6   14  70%  81.9M    n/a  n/a
   1   52 |   7 1.0   19    11M   87  307  77%    10M |  99.9   n/a   1   27  1.82M    8   12  60%  81.9M    n/a  n/a
   1   53 |   7 1.0    0      0    0    0   0%    10M |   n/a   n/a   1    0      0    0    0   0%  81.9M    n/a  n/a
   2   54 |   7 1.0   19   8.4M  185  653  77%    10M |  99.9   n/a   1   27   921k   12   17  58%  81.9M    n/a  n/a
   2   55 |   7 1.0   19   8.5M  181  491  73%    10M |  99.9   n/a   1   27   966k   13   27  67%  81.9M    n/a  n/a
   2   56 |   7 1.0   19   8.6M  198  522  72%    10M |  99.9   n/a   1   27  1.18M   14   25  64%  81.9M    n/a  n/a
   2   57 |   7 1.0   19   8.4M  180  521  74%    10M |  99.9   n/a   1   27   934k   13   28  68%  81.9M    n/a  n/a
   2   58 |   7 1.0   19   8.6M  190  564  74%    10M |  99.9   n/a   1   27   979k   15   24  61%  81.9M    n/a  n/a
   2   59 |   7 1.0   19   8.6M  189  527  73%    10M |  99.9   n/a   1   27  1.45M   17   23  57%  81.9M    n/a  n/a
   2   5a |   7 1.0   19   8.6M  190  544  74%    10M |  99.9   n/a   1   27  1.01M   12   21  63%  81.9M    n/a  n/a
   2   5b |   7 1.0   19   8.6M  186  581  75%    10M |  99.9   n/a   1   27   999k   13   23  63%  81.9M    n/a  n/a
   3   5c |   7 1.0   19    14M  109  224  67%    10M |  99.9   n/a   1   27  3.29M   13   12  48%  81.9M    n/a  n/a
   3   5d |   7 1.0   19    14M   99  244  71%    10M |  99.9   n/a   1   27  2.07M    8   11  57%  81.9M    n/a  n/a
   3   5e |   7 1.0   19    13M   95  244  71%    10M |  99.9   n/a   1   27  1.52M    6   16  72%  81.9M    n/a  n/a
   3   5f |   7 1.0   19    13M   89  244  73%    10M |  99.9   n/a   1   27  1.26M    5   12  70%  81.9M    n/a  n/a
   3   60 |   7 1.0   19    13M   91  220  70%    10M |  99.9   n/a   1   27  1.78M    7   12  63%  81.9M    n/a  n/a
   3   61 |   7 1.0   19    14M  102  255  71%    10M |  99.9   n/a   1   27  2.53M   10    9  47%  81.9M    n/a  n/a
   3   62 |   7 1.0   19    13M   88  261  74%    10M |  99.9   n/a   1   27  1.01M    4   10  71%  81.9M    n/a  n/a
   3   63 |   7 1.0    0      0    0    0   0%    10M |   n/a   n/a   1    0      0    0    0   0%  81.9M    n/a  n/a
   0   44 |   7 1.0   19    11M  196  425  68%    10M |  99.9   n/a   1   27  1.66M   16   17  51%  81.9M    n/a  n/a
   0   45 |   7 1.0   19    12M  210  376  64%    10M |  99.9   n/a   1   27  1.80M   20   19  48%  81.9M    n/a  n/a
   0   46 |   7 1.0   19    11M  189  407  68%    10M |  99.9   n/a   1   27  2.14M   21   21  50%  81.9M    n/a  n/a
   0   47 |   7 1.0   19    12M  205  446  68%    10M |  99.9   n/a   1   27  2.13M   21   19  47%  81.9M    n/a  n/a
   0   48 |   7 1.0   19    12M  199  429  68%    10M |  99.9   n/a   1   27  2.51M   24   17  41%  81.9M    n/a  n/a
   0   49 |   7 1.0   19    12M  195  376  65%    10M |  99.9   n/a   1   27  1.89M   19   19  50%  81.9M    n/a  n/a
   0   4a |   7 1.0   19    12M  198  432  68%    10M |  99.9   n/a   1   27  1.66M   15   21  58%  81.9M    n/a  n/a
   0   4b |   7 1.0   19    12M  199  371  65%    10M |  99.9   n/a   1   27  2.26M   23   20  46%  81.9M    n/a  n/a
   1   4c |   7 1.0   19    12M  100  216  68%    10M |  99.9   n/a   1   27  1.59M    7   10  58%  81.9M    n/a  n/a
   1   4d |   7 1.0   19    12M  101  219  68%    10M |  99.9   n/a   1   27  1.35M    6   13  68%  81.9M    n/a  n/a
   1   4e |   7 1.0   19    12M   94  232  71%    10M |  99.9   n/a   1   27  1.60M    7   16  69%  81.9M    n/a  n/a
   1   4f |   7 1.0   19    12M   98  204  67%    10M |  99.9   n/a   1   27   881k    4    9  69%  81.9M    n/a  n/a
   1   50 |   7 1.0   19    12M   97  210  68%    10M |  99.9   n/a   1   27  2.71M   12   18  60%  81.9M    n/a  n/a
   1   51 |   7 1.0   19    12M   99  240  70%    10M |  99.9   n/a   1   27  1.59M    7    8  53%  81.9M    n/a  n/a
   1   52 |   7 1.0   19    11M   90  244  73%    10M |  99.9   n/a   1   27  1.37M    6   15  71%  81.9M    n/a  n/a
   1   53 |   7 1.0    0      0    0    0   0%    10M |   n/a   n/a   1    0      0    0    0   0%  81.9M    n/a  n/a
   2   54 |   7 1.0   19   8.2M  190  648  77%    10M |  99.9   n/a   1   27  1.17M   16   20  55%  81.9M    n/a  n/a
   2   55 |   7 1.0   19   8.5M  172  523  75%    10M |  99.9   n/a   1   27  1.14M   15   21  58%  81.9M    n/a  n/a
   2   56 |   7 1.0   19   8.4M  189  497  72%    10M |  99.9   n/a   1   27  1.05M   14   23  62%  81.9M    n/a  n/a
   2   57 |   7 1.0   19   8.2M  174  527  75%    10M |  99.9   n/a   1   27  1.20M   16   19  54%  81.9M    n/a  n/a
   2   58 |   7 1.0   19   8.0M  177  547  75%    10M |  99.9   n/a   1   27   992k   14   25  64%  81.9M    n/a  n/a
   2   59 |   7 1.0   19   8.2M  175  564  76%    10M |  99.9   n/a   1   27  1.21M   15   20  57%  81.9M    n/a  n/a
   2   5a |   7 1.0   19   8.1M  180  589  76%    10M |  99.9   n/a   1   27  1.43M   16   23  58%  81.9M    n/a  n/a
   2   5b |   7 1.0   19   8.1M  168  550  76%    10M |  99.9   n/a   1   27  1.11M   14   21  60%  81.9M    n/a  n/a

          |--------------------DL---------------------|-------------------------------UL-----------------------------
 pci rnti | cqi  ri  mcs  brate   ok  nok  (%)  dl_bs | pusch  rsrp  ri  mcs  brate   ok  nok  (%)    bsr     ta  phr
   3   5c |   7 1.0   19    13M   91  174  65%    10M |  99.9   n/a   1   27  1.52M    6   11  64%  81.9M    n/a  n/a
   3   5d |   7 1.0   19    13M   94  176  65%    10M |  99.9   n/a   1   27  1.01M    4   12  75%  81.9M    n/a  n/a
   3   5e |   7 1.0   19    11M   82  296  78%    10M |  99.9   n/a   1   27  1.25M    5   13  72%  81.9M    n/a  n/a
   3   5f |   7 1.0   19    13M   99  187  65%    10M |  99.9   n/a   1   27  1.25M    5   15  75%  81.9M    n/a  n/a
   3   60 |   7 1.0   19    12M   95  262  73%    10M |  99.9   n/a   1   27  1.02M    4   17  80%  81.9M    n/a  n/a
   3   61 |   7 1.0   19    13M  103  241  70%    10M |  99.9   n/a   1   27  1.27M    5   11  68%  81.9M    n/a  n/a
   3   62 |   7 1.0   19    12M   87  233  72%    10M |  99.9   n/a   1   27  2.02M    8   11  57%  81.9M    n/a  n/a
   3   63 |   7 1.0    0      0    0    0   0%    10M |   n/a   n/a   1    0      0    0    0   0%  81.9M    n/a  n/a
   0   44 |   7 1.0   19   8.9M  160  530  76%    10M |  99.9   n/a   1   27  1.50M   15   15  50%  81.9M    n/a  n/a
   0   45 |   7 1.0   19   9.6M  156  476  75%    10M |  99.9   n/a   1   27  1.99M   19   16  45%  81.9M    n/a  n/a
   0   46 |   7 1.0   19    10M  174  464  72%    10M |  99.9   n/a   1   27  1.61M   16   18  52%  81.9M    n/a  n/a
   0   47 |   7 1.0   19   9.6M  160  430  72%    10M |  99.9   n/a   1   27  1.59M   15   19  55%  81.9M    n/a  n/a
   0   48 |   7 1.0   19   9.6M  181  457  71%    10M |  99.9   n/a   1   27  1.26M   13   13  50%  81.9M    n/a  n/a
   0   49 |   7 1.0   19   9.2M  160  446  73%    10M |  99.9   n/a   1   27  1.91M   19   22  53%  81.9M    n/a  n/a
   0   4a |   7 1.0   19   9.4M  162  473  74%    10M |  99.9   n/a   1   27  2.56M   26   14  35%  81.9M    n/a  n/a
   0   4b |   7 1.0   19   9.7M  154  415  72%    10M |  99.9   n/a   1   27  1.89M   17   18  51%  81.9M    n/a  n/a
   1   4c |   7 1.0   19    12M   85  219  72%    10M |  99.9   n/a   1   27  2.04M    9   10  52%  81.9M    n/a  n/a
   1   4d |   7 1.0   19    12M  102  228  69%    10M |  99.9   n/a   1   27   451k    2   12  85%  81.9M    n/a  n/a
   1   4e |   7 1.0   19    12M   90  235  72%    10M |  99.9   n/a   1   27  1.12M    5    4  44%  81.9M    n/a  n/a
   1   4f |   7 1.0   19    12M  110  261  70%    10M |  99.9   n/a   1   27   918k    4   15  78%  81.9M    n/a  n/a
   1   50 |   7 1.0   19    11M   85  253  74%    10M |  99.9   n/a   1   27  2.95M   13   11  45%  81.9M    n/a  n/a
   1   51 |   7 1.0   19    13M  106  213  66%    10M |  99.9   n/a   1   27  2.26M   10   15  60%  81.9M    n/a  n/a
   1   52 |   7 1.0   19    12M  100  217  68%    10M |  99.9   n/a   1   27   910k    4   12  75%  81.9M    n/a  n/a
   1   53 |   7 1.0    0      0    0    0   0%    10M |   n/a   n/a   1    0      0    0    0   0%  81.9M    n/a  n/a
   2   54 |   7 1.0   19   8.6M  188  565  75%    10M |  99.9   n/a   1   27   741k    9   30  76%  81.9M    n/a  n/a
   2   55 |   7 1.0   19   8.5M  186  520  73%    10M |  99.9   n/a   1   27  1.17M   13   27  67%  81.9M    n/a  n/a
   2   56 |   7 1.0   19   8.9M  201  520  72%    10M |  99.9   n/a   1   27  1.24M   15   26  63%  81.9M    n/a  n/a
   2   57 |   7 1.0   19   8.5M  175  504  74%    10M |  99.9   n/a   1   27  1.19M   14   26  65%  81.9M    n/a  n/a
   2   58 |   7 1.0   19   8.4M  190  591  75%    10M |  99.9   n/a   1   27   893k   10   31  75%  81.9M    n/a  n/a
   2   59 |   7 1.0   19   8.5M  175  502  74%    10M |  99.9   n/a   1   27  1.32M   17   27  61%  81.9M    n/a  n/a
   2   5a |   7 1.0   19   8.8M  196  558  74%    10M |  99.9   n/a   1   27  1.21M   15   26  63%  81.9M    n/a  n/a
   2   5b |   7 1.0   19   8.4M  172  557  76%    10M |  99.9   n/a   1   27  1.37M   18   27  60%  81.9M    n/a  n/a
   3   5c |   7 1.0   19    14M   99  210  67%    10M |  99.9   n/a   1   27  2.55M   10   13  56%  81.9M    n/a  n/a
   3   5d |   7 1.0   19    14M  103  210  67%    10M |  99.9   n/a   1   27   258k    1    9  90%  81.9M    n/a  n/a
   3   5e |   7 1.0   19    13M   98  245  71%    10M |  99.9   n/a   1   27  1.74M    7   13  65%  81.9M    n/a  n/a
   3   5f |   7 1.0   19    14M  101  240  70%    10M |  99.9   n/a   1   27  1.52M    6   16  72%  81.9M    n/a  n/a
   3   60 |   7 1.0   19    14M  101  214  67%    10M |  99.9   n/a   1   27  2.53M   10   10  50%  81.9M    n/a  n/a
   3   61 |   7 1.0   19    14M  108  276  71%    10M |  99.9   n/a   1   27  3.07M   12   12  50%  81.9M    n/a  n/a
   3   62 |   7 1.0   19    14M   87  232  72%    10M |  99.9   n/a   1   27   742k    3   12  80%  81.9M    n/a  n/a
   3   63 |   7 1.0    0      0    0    0   0%    10M |   n/a   n/a   1    0      0    0    0   0%  81.9M    n/a  n/a
   0   44 |   7 1.0   19   9.5M  160  545  77%    10M |  99.9   n/a   1   27  1.25M   12   23  65%  81.9M    n/a  n/a
   0   45 |   7 1.0   19   9.7M  160  509  76%    10M |  99.9   n/a   1   27  1.71M   17   16  48%  81.9M    n/a  n/a
   0   46 |   7 1.0   19    10M  183  519  73%    10M |  99.9   n/a   1   27  1.46M   16   23  58%  81.9M    n/a  n/a
   0   47 |   7 1.0   19    10M  162  451  73%    10M |  99.9   n/a   1   27  1.76M   18   31  63%  81.9M    n/a  n/a
   0   48 |   7 1.0   19    10M  170  551  76%    10M |  99.9   n/a   1   27  2.19M   23   22  48%  81.9M    n/a  n/a
   0   49 |   7 1.0   19   9.9M  161  451  73%    10M |  99.9   n/a   1   27  1.15M   12   22  64%  81.9M    n/a  n/a
   0   4a |   7 1.0   19    10M  186  523  73%    10M |  99.9   n/a   1   27  1.69M   17   23  57%  81.9M    n/a  n/a
   0   4b |   7 1.0   19   9.9M  163  493  75%    10M |  99.9   n/a   1   27  1.40M   14   22  61%  81.9M    n/a  n/a
   1   4c |   7 1.0   19   9.5M   78  283  78%    10M |  99.9   n/a   1   27   685k    3   10  76%  81.9M    n/a  n/a
   1   4d |   7 1.0   19    10M   98  308  75%    10M |  99.9   n/a   1   27  1.35M    6   17  73%  81.9M    n/a  n/a
   1   4e |   7 1.0   19   9.3M   76  309  80%    10M |  99.9   n/a   1   27   443k    2   17  89%  81.9M    n/a  n/a
   1   4f |   7 1.0   19    10M   88  286  76%    10M |  99.9   n/a   1   27   676k    3   12  80%  81.9M    n/a  n/a
   1   50 |   7 1.0   19   9.9M   87  290  76%    10M |  99.9   n/a   1   27   910k    4   13  76%  81.9M    n/a  n/a
   1   51 |   7 1.0   19    11M   91  300  76%    10M |  99.9   n/a   1   27  1.13M    5   12  70%  81.9M    n/a  n/a
   1   52 |   7 1.0   19    10M   87  278  76%    10M |  99.9   n/a   1   27   459k    2   12  85%  81.9M    n/a  n/a
   1   53 |   7 1.0    0      0    0    0   0%    10M |   n/a   n/a   1    0      0    0    0   0%  81.9M    n/a  n/a
   2   54 |   7 1.0   19   9.0M  213  555  72%    10M |  99.9   n/a   1   27  1.06M   13   23  63%  81.9M    n/a  n/a
   2   55 |   7 1.0   19   9.1M  195  506  72%    10M |  99.9   n/a   1   27   864k   10   22  68%  81.9M    n/a  n/a
   2   56 |   7 1.0   19   8.8M  209  557  72%    10M |  99.9   n/a   1   27  1.62M   21   26  55%  81.9M    n/a  n/a
   2   57 |   7 1.0   19   9.1M  194  474  70%    10M |  99.9   n/a   1   27   867k   11   23  67%  81.9M    n/a  n/a
   2   58 |   7 1.0   19   8.8M  195  593  75%    10M |  99.9   n/a   1   27   865k   11   23  67%  81.9M    n/a  n/a
   2   59 |   7 1.0   19   9.1M  193  474  71%    10M |  99.9   n/a   1   27  1.18M   15   26  63%  81.9M    n/a  n/a
   2   5a |   7 1.0   19   9.4M  210  542  72%    10M |  99.9   n/a   1   27   885k   10   23  69%  81.9M    n/a  n/a
   2   5b |   7 1.0   19   9.1M  188  505  72%    10M |  99.9   n/a   1   27   971k   13   25  65%  81.9M    n/a  n/a
   3   5c |   7 1.0   19    11M   74  257  77%    10M |  99.9   n/a   1   27  1.52M    6   10  62%  81.9M    n/a  n/a
   3   5d |   7 1.0   19    12M   99  245  71%    10M |  99.9   n/a   1   27   508k    2   14  87%  81.9M    n/a  n/a
   3   5e |   7 1.0   19    12M   87  241  73%    10M |  99.9   n/a   1   27  2.04M    8   14  63%  81.9M    n/a  n/a
   3   5f |   7 1.0   19    13M   97  246  71%    10M |  99.9   n/a   1   27  1.51M    6   11  64%  81.9M    n/a  n/a
   3   60 |   7 1.0   19    11M   82  273  76%    10M |  99.9   n/a   1   27   504k    2   10  83%  81.9M    n/a  n/a
   3   61 |   7 1.0   19    12M  101  245  70%    10M |  99.9   n/a   1   27  1.25M    5   10  66%  81.9M    n/a  n/a
   3   62 |   7 1.0   19    12M   89  260  74%    10M |  99.9   n/a   1   27   262k    1   14  93%  81.9M    n/a  n/a
   3   63 |   7 1.0    0      0    0    0   0%    10M |   n/a   n/a   1    0      0    0    0   0%  81.9M    n/a  n/a
   0   44 |   7 1.0   19   9.9M  168  461  73%    10M |  99.9   n/a   1   27  1.51M   16   17  51%  81.9M    n/a  n/a
   0   45 |   7 1.0   19    10M  162  397  71%    10M |  99.9   n/a   1   27  1.37M   13   23  63%  81.9M    n/a  n/a
   0   46 |   7 1.0   19   9.9M  175  523  74%    10M |  99.9   n/a   1   27   699k    8   20  71%  81.9M    n/a  n/a
   0   47 |   7 1.0   19    10M  170  461  73%    10M |  99.9   n/a   1   27  1.42M   16   19  54%  81.9M    n/a  n/a
   0   48 |   7 1.0   19    10M  170  497  74%    10M |  99.9   n/a   1   27  1.30M   13   20  60%  81.9M    n/a  n/a
   0   49 |   7 1.0   19    10M  178  427  70%    10M |  99.9   n/a   1   27  1.68M   17   20  54%  81.9M    n/a  n/a
   0   4a |   7 1.0   19    10M  179  476  72%    10M |  99.9   n/a   1   27  2.03M   19   18  48%  81.9M    n/a  n/a
   0   4b |   7 1.0   19    11M  172  412  70%    10M |  99.9   n/a   1   27  1.51M   16   22  57%  81.9M    n/a  n/a
   1   4c |   7 1.0   19    12M  101  235  69%    10M |  99.9   n/a   1   27  1.12M    5   13  72%  81.9M    n/a  n/a
   1   4d |   7 1.0   19    11M   96  239  71%    10M |  99.9   n/a   1   27   234k    1   14  93%  81.9M    n/a  n/a
   1   4e |   7 1.0   19    11M   85  276  76%    10M |  99.9   n/a   1   27   889k    4   12  75%  81.9M    n/a  n/a
   1   4f |   7 1.0   19    11M   96  299  75%    10M |  99.9   n/a   1   27   685k    3   14  82%  81.9M    n/a  n/a
   1   50 |   7 1.0   19  10.0M   89  313  77%    10M |  99.9   n/a   1   27   894k    4   11  73%  81.9M    n/a  n/a
   1   51 |   7 1.0   19    11M  101  262  72%    10M |  99.9   n/a   1   27   685k    3   15  83%  81.9M    n/a  n/a
   1   52 |   7 1.0   19    11M   98  296  75%    10M |  99.9   n/a   1   27   918k    4   10  71%  81.9M    n/a  n/a
   1   53 |   7 1.0    0      0    0    0   0%    10M |   n/a   n/a   1    0      0    0    0   0%  81.9M    n/a  n/a

          |--------------------DL---------------------|-------------------------------UL-----------------------------
 pci rnti | cqi  ri  mcs  brate   ok  nok  (%)  dl_bs | pusch  rsrp  ri  mcs  brate   ok  nok  (%)    bsr     ta  phr
   2   54 |   7 1.0   19   7.3M  170  638  78%    10M |  99.9   n/a   1   27   550k    7   30  81%  81.9M    n/a  n/a
   2   55 |   7 1.0   19   7.5M  151  542  78%    10M |  99.9   n/a   1   27   740k   11   30  73%  81.9M    n/a  n/a
   2   56 |   7 1.0   19   7.8M  187  588  75%    10M |  99.9   n/a   1   27   522k    7   27  79%  81.9M    n/a  n/a
   2   57 |   7 1.0   19   7.6M  163  569  77%    10M |  99.9   n/a   1   27   627k    8   27  77%  81.9M    n/a  n/a
   2   58 |   7 1.0   19   7.4M  160  556  77%    10M |  99.9   n/a   1   27   812k   11   29  72%  81.9M    n/a  n/a
   2   59 |   7 1.0   19   7.4M  156  540  77%    10M |  99.9   n/a   1   27   565k    8   28  77%  81.9M    n/a  n/a
   2   5a |   7 1.0   19   7.5M  161  603  78%    10M |  99.9   n/a   1   27   978k   13   30  69%  81.9M    n/a  n/a
   2   5b |   7 1.0   19   7.3M  161  595  78%    10M |  99.9   n/a   1   27  1.06M   15   26  63%  81.9M    n/a  n/a
   3   5c |   7 1.0   19    11M   86  260  75%    10M |  99.9   n/a   1   27  1.53M    6   12  66%  81.9M    n/a  n/a
   3   5d |   7 1.0   19    12M  109  210  65%    10M |  99.9   n/a   1   27  1.52M    6   13  68%  81.9M    n/a  n/a
   3   5e |   7 1.0   19    12M   85  230  73%    10M |  99.9   n/a   1   27  1.26M    5   14  73%  81.9M    n/a  n/a
   3   5f |   7 1.0   19    13M  104  191  64%    10M |  99.9   n/a   1   27  1.52M    6   15  71%  81.9M    n/a  n/a
   3   60 |   7 1.0   19    14M  108  204  65%    10M |  99.9   n/a   1   27  2.54M   10   11  52%  81.9M    n/a  n/a
   3   61 |   7 1.0   19    13M  100  207  67%    10M |  99.9   n/a   1   27  3.29M   13   1