
--== OCUDU gNB (commit 6744de3b5b) ==--

Initializing the Open Fronthaul Interface for sector#0: ul_compr=[BFP,9], dl_compr=[BFP,9], prach_compr=[BFP,9], prach_cp_enabled=false
Initializing the Open Fronthaul Interface for sector#1: ul_compr=[BFP,9], dl_compr=[BFP,9], prach_compr=[BFP,9], prach_cp_enabled=false
Initializing the Open Fronthaul Interface for sector#2: ul_compr=[BFP,9], dl_compr=[BFP,9], prach_compr=[BFP,9], prach_cp_enabled=false
Initializing the Open Fronthaul Interface for sector#3: ul_compr=[BFP,9], dl_compr=[BFP,9], prach_compr=[BFP,9], prach_cp_enabled=false
Initializing the Open Fronthaul Interface for sector#4: ul_compr=[BFP,9], dl_compr=[BFP,9], prach_compr=[BFP,9], prach_cp_enabled=false
Cell pci=0, bw=100 MHz, 1T1R, dl_arfcn=625000 (n78), dl_freq=3375 MHz, dl_ssb_arfcn=622272, ul_freq=3375 MHz
Cell pci=1, bw=40 MHz, 1T1R, dl_arfcn=632628 (n78), dl_freq=3489.42 MHz, dl_ssb_arfcn=631680, ul_freq=3489.42 MHz
Cell pci=2, bw=90 MHz, 1T1R, dl_arfcn=637212 (n78), dl_freq=3558.18 MHz, dl_ssb_arfcn=634848, ul_freq=3558.18 MHz
Cell pci=3, bw=100 MHz, 1T1R, dl_arfcn=640000 (n78), dl_freq=3600 MHz, dl_ssb_arfcn=637344, ul_freq=3600 MHz
Cell pci=4, bw=100 MHz, 1T1R, dl_arfcn=650000 (n78), dl_freq=3750 MHz, dl_ssb_arfcn=647328, ul_freq=3750 MHz

Remote control server listening on 0.0.0.0:8001
==== gNB started ===
Type <h> to view help

          |--------------------DL---------------------|-------------------------------UL-----------------------------
 pci rnti | cqi  ri  mcs  brate   ok  nok  (%)  dl_bs | pusch  rsrp  ri  mcs  brate   ok  nok  (%)    bsr     ta  phr
   0   44 |   7 1.0    7   7.6M  127   56  30%    10M |  99.9   ovl   1   26  5.87M   20    2   9%  81.9M  -477n  n/a
   0   45 |   7 1.0   10   8.2M   85   79  48%    10M |  99.9   ovl   1   26  5.04M   16    3  15%  81.9M  -262n  n/a
   0   46 |   7 1.0    9   7.9M   99   63  38%    10M |  99.9   ovl   1   26  5.88M   19    2   9%  81.9M   -80n  n/a
   0   47 |   7 1.0    8   7.4M  120   67  35%    10M |  90.8   ovl   1   26  4.88M   17    3  15%  81.9M  -659n  n/a
   0   48 |   7 1.0   10   7.9M   96   52  35%    10M |  99.9   ovl   1   26  5.67M   20    2   9%  81.9M    43n  n/a
   0   49 |   7 1.0   10   8.0M   83   61  42%    10M |  99.9   ovl   1   26  5.09M   18    2  10%  81.9M  -512n  n/a
   0   4a |   7 1.0   10   7.2M   88   85  49%    10M |  99.9   ovl   1   26  4.97M   18    3  14%  81.9M  -280n  n/a
   0   4b |   7 1.0    8   7.0M  125   77  38%    10M |  99.9   ovl   1   26  5.36M   20    3  13%  81.9M    17n  n/a
   1   4c |   7 1.0   10   4.3M   99    7   6%    10M |  99.9   ovl   1   26  3.10M   29    0   0%  81.9M  -468n  n/a
   1   4d |   7 1.0   10   4.4M   97   18  15%    10M |  99.9   ovl   1   26  3.11M   25    0   0%  81.9M    87n  n/a
   1   4e |   7 1.0   10   4.3M   97   21  17%    10M |  99.9   ovl   1   26  3.12M   25    0   0%  81.9M  -332n  n/a
   1   4f |   7 1.0   10   4.3M   96   20  17%    10M |  99.9   ovl   1   26  3.05M   25    0   0%  81.9M   235n  n/a
   1   50 |   7 1.0    9   4.3M  103   20  16%    10M |  99.9   ovl   1   26  3.22M   28    0   0%  81.9M   228n  n/a
   1   51 |   7 1.0    9   4.0M  100   23  18%    10M |  99.9   ovl   1   26  3.05M   27    0   0%  81.9M  -577n  n/a
   1   52 |   7 1.0   10   4.3M   94   19  16%    10M |  99.9   ovl   1   26  3.10M   28    0   0%  81.9M   109n  n/a
   1   53 |   7 1.0    8   3.8M  112   24  17%    10M |  99.9   ovl   1   25  3.05M   29    0   0%  81.9M   924n  n/a
   2   54 |   7 1.0    6   5.8M  150   77  33%    10M |  99.9   n/a   1   26  4.87M   17    2  10%  81.9M    n/a  n/a
   2   55 |   7 1.0    8   6.9M  117   97  45%    10M |  99.9   ovl   1   26  4.66M   16    2  11%  81.9M    -1u  n/a
   2   56 |   7 1.0   10   7.5M   89   76  46%    10M |  99.9   n/a   1   26  4.72M   17    3  15%  81.9M    n/a  n/a
   2   57 |   7 1.0    9   7.2M  103   65  38%    10M |  99.9   n/a   1   26  4.83M   18    2  10%  81.9M    n/a  n/a
   2   58 |   7 1.0   10   7.2M   99   95  48%    10M |  91.7   ovl   1   26  4.85M   19    3  13%  81.9M   586n  n/a
   2   59 |   7 1.0   10   7.5M   90   68  43%    10M |  99.9   n/a   1   26  4.53M   17    3  15%  81.9M    n/a  n/a
   2   5a |   7 1.0   10   7.4M   92   70  43%    10M |  91.3   ovl   1   26  4.86M   18    2  10%  81.9M  -526n  n/a
   2   5b |   7 1.0   10   6.7M   97   90  48%    10M |  99.9   n/a   1   25  4.56M   19    2   9%  81.9M    n/a  n/a
   3   5c |   7 1.0    8   7.0M  108   70  39%    10M |  91.7   ovl   1   25  5.09M   19    3  13%  81.9M   619n  n/a
   3   5d |   7 1.0   11   8.3M   83   64  43%    10M |  90.3   ovl   1   26  4.98M   16    3  15%  81.9M    17n  n/a
   3   5e |   7 1.0    7   7.3M  121   58  32%    10M |  99.9   ovl   1   26  5.17M   15    2  11%  81.9M   522n  n/a
   3   5f |   7 1.0    8   7.0M  115   67  36%    10M |  90.8   ovl   1   26  5.39M   17    3  15%  81.9M   355n  n/a
   3   60 |   7 1.0   10   7.6M  101   78  43%    10M |  99.9   ovl   1   26  5.54M   17    2  10%  81.9M   -36n  n/a
   3   61 |   7 1.0   10   7.8M   89   62  41%    10M |  99.9   ovl   1   26  5.13M   16    2  11%  81.9M    13n  n/a
   3   62 |   7 1.0   10   7.8M   89   66  42%    10M |  99.9   ovl   1   26  5.25M   18    2  10%  81.9M    71n  n/a
   3   63 |   7 1.0    8   7.1M  128   73  36%    10M |  99.9   ovl   1   26  5.12M   18    3  14%  81.9M   295n  n/a
   4   64 |   7 1.0    8    11M  151   33  17%    10M |  99.9   ovl   1   26  9.19M   34    0   0%  81.9M    79n  n/a
   4   65 |   7 1.0   10    12M  125   18  12%    10M |  99.9   ovl   1   26  9.11M   30    0   0%  81.9M    92n  n/a
   4   66 |   7 1.0    8    11M  155   36  18%    10M |  99.9   ovl   1   26  8.52M   29    0   0%  81.9M    -7n  n/a
   4   67 |   7 1.0    8    12M  150   20  11%    10M |  99.9   ovl   1   26  8.81M   30    0   0%  81.9M   131n  n/a
   4   68 |   7 1.0   11    12M  128   46  26%    10M |  99.9   ovl   1   26  8.89M   31    0   0%  81.9M   170n  n/a
   4   69 |   7 1.0   10    12M  131   22  14%    10M |  99.9   ovl   1   26  8.96M   31    0   0%  81.9M   559n  n/a
   4   6a |   7 1.0    9    11M  142   20  12%    10M |  99.9   ovl   1   26  9.19M   30    0   0%  81.9M   563n  n/a
   4   6b |   7 1.0   10    12M  135   26  16%    10M |  99.9   ovl   1   26  8.80M   31    0   0%  81.9M  -901n  n/a
   0   44 |   7 1.0   11   5.8M  199  452  69%    10M |  95.0   ovl   1   27  3.17M   32   18  36%  81.9M  -176n  n/a
   0   45 |   7 1.0   11   5.6M  174  431  71%    10M |  94.7   ovl   1   27  2.99M   30   17  36%  81.9M   -46n  n/a
   0   46 |   7 1.0   11   5.9M  197  412  67%    10M |  80.5   ovl   1   26  1.36M   15   20  57%  81.9M    -3n  n/a
   0   47 |   7 1.0   11   5.5M  162  435  72%    10M |  64.5   ovl   1   26   712k   11   27  71%  81.9M  -258n  n/a
   0   48 |   7 1.0   11   6.0M  207  460  68%    10M |  92.1   ovl   1   27  1.75M   20   16  44%  81.9M  -129n  n/a
   0   49 |   7 1.0   11   5.4M  166  445  72%    10M |  99.9   ovl   1   27  2.55M   27   16  37%  81.9M    85n  n/a
   0   4a |   7 1.0   11   5.2M  182  462  71%    10M |  99.9   ovl   1   27  2.82M   30   19  38%  81.9M  -351n  n/a
   0   4b |   7 1.0   11   5.4M  173  430  71%    10M |  91.3   ovl   1   26  1.38M   18   16  47%  81.9M   -82n  n/a
   1   4c |   7 1.0   11   2.6M  184  309  62%    10M |  94.8   ovl   1   27  1.20M   31   19  38%  81.9M  -172n  n/a
   1   4d |   7 1.0   11   2.5M  167  331  66%    10M |  95.0   ovl   1   26  1.06M   32   24  42%  81.9M   -12n  n/a
   1   4e |   7 1.0   11   2.5M  172  344  66%    10M |  99.9   ovl   1   27   831k   25   17  40%  81.9M  -102n  n/a
   1   4f |   7 1.0   11   2.5M  153  320  67%    10M |  88.4   ovl   1   24   922k   26   26  50%  81.9M   192n  n/a
   1   50 |   7 1.0   11   2.6M  170  342  66%    10M |  88.9   ovl   1   27  1.07M   27   20  42%  81.9M   136n  n/a
   1   51 |   7 1.0   11   2.6M  166  278  62%    10M |  89.0   ovl   1   27  1.06M   28   18  39%  81.9M    23n  n/a
   1   52 |   7 1.0   11   2.5M  170  297  63%    10M |  93.4   ovl   1   23   871k   24    8  25%  81.9M    88n  n/a
   1   53 |   7 1.0   11   2.5M  171  378  68%    10M |  87.6   ovl   1   24   749k   24   25  51%  81.9M  -130n  n/a
   2   54 |   7 1.0   11   5.2M  197  558  73%    10M |  86.8   ovl   1   27  1.93M   23   17  42%  81.9M    16n  n/a
   2   55 |   7 1.0   11   4.8M  175  500  74%    10M |  54.9   ovl   1   18   573k    8   28  77%  81.9M  -451n  n/a
   2   56 |   7 1.0   11   4.8M  195  550  73%    10M |  70.8   ovl   1   27  1.08M   14   23  62%  81.9M    21n  n/a
   2   57 |   7 1.0   11   4.8M  173  517  74%    10M |  73.6   ovl   1   27  1.60M   21   28  57%  81.9M  -195n  n/a
   2   58 |   7 1.0   11   4.9M  178  604  77%    10M |  91.6   ovl   1   27  1.48M   18   21  53%  81.9M   555n  n/a
   2   59 |   7 1.0   11   4.9M  166  517  75%    10M |  77.5   ovl   1   27  1.77M   19   17  47%  81.9M   204n  n/a
   2   5a |   7 1.0   11   4.9M  186  562  75%    10M |  72.4   ovl   1   19  1.28M   15   27  64%  81.9M   246n  n/a
   2   5b |   7 1.0   11   4.9M  173  482  73%    10M |  66.9   ovl   1   27  1.40M   16   24  60%  81.9M  -521n  n/a
   3   5c |   7 1.0   11   5.5M  182  496  73%    10M |  99.9   ovl   1   26  1.27M   15   20  57%  81.9M   -15n  n/a
   3   5d |   7 1.0   11   5.6M  171  458  72%    10M |  79.3   ovl   1   23   431k    7   30  81%  81.9M   291n  n/a
   3   5e |   7 1.0   11   5.8M  191  459  70%    10M |  99.9   ovl   1   27  2.63M   28   22  44%  81.9M    17n  n/a
   3   5f |   7 1.0   11   5.6M  168  415  71%    10M |  99.9   n/a   1   27  2.44M   24   20  45%  81.9M    n/a  n/a
   3   60 |   7 1.0   11   5.9M  195  434  68%    10M |  99.9   ovl   1   27  2.98M   28   18  39%  81.9M  -581n  n/a
   3   61 |   7 1.0   11   5.6M  186  432  69%    10M |  89.0   ovl   1   22  1.35M   14   12  46%  81.9M   284n  n/a
   3   62 |   7 1.0   11   5.7M  201  445  68%    10M |  99.9   n/a   1   27  2.43M   25   16  39%  81.9M    n/a  n/a
   3   63 |   7 1.0   11   5.8M  187  441  70%    10M |  99.9   ovl   1   27  2.26M   23   20  46%  81.9M  -633n  n/a
   4   64 |   7 1.0   11   7.1M  223  407  64%    10M |  99.9   ovl   1   27  3.11M   33   13  28%  81.9M   443n  n/a
   4   65 |   7 1.0   11   6.9M  220  403  64%    10M |  75.5   ovl   1   25  1.91M   23   28  54%  81.9M   174n  n/a
   4   66 |   7 1.0   11   6.7M  211  462  68%    10M |  94.3   ovl   1   25  2.45M   28   24  46%  81.9M   267n  n/a
   4   67 |   7 1.0   11   6.7M  197  424  68%    10M |  86.8   ovl   1   24  2.11M   23   15  39%  81.9M    59n  n/a
   4   68 |   7 1.0   11   7.2M  245  420  63%    10M |  94.7   ovl   1   25  2.89M   30   27  47%  81.9M   -35n  n/a
   4   69 |   7 1.0   11   6.9M  220  375  63%    10M |  99.9   ovl   1   27  2.91M   30   17  36%  81.9M   436n  n/a
   4   6a |   7 1.0   11   6.8M  216  397  64%    10M |  99.9   ovl   1   27  2.94M   31   15  32%  81.9M   -61n  n/a
   4   6b |   7 1.0   11   6.6M  204  413  66%    10M |  99.9   ovl   1   27  2.93M   30   19  38%  81.9M   108n  n/a
   0   44 |   7 1.0   11   5.5M  182  472  72%    10M |  99.9   ovl   1   27  2.50M   25   17  40%  81.9M   -54n  n/a
   0   45 |   7 1.0   11   5.5M  180  463  72%    10M |  99.9   ovl   1   27  3.05M   30   14  31%  81.9M  -488n  n/a
   0   46 |   7 1.0   11   5.3M  175  545  75%    10M |  73.9   ovl   1   26  1.37M   16   25  60%  81.9M  -217n  n/a
   0   47 |   7 1.0   11   5.7M  176  408  69%    10M |  76.4   ovl   1   25   480k    6   21  77%  81.9M  -208n  n/a
   0   48 |   7 1.0   11   5.6M  182  477  72%    10M |  82.9   ovl   1   27  2.48M   26   20  43%  81.9M  -160n  n/a
   0   49 |   7 1.0   11   5.5M  174  459  72%    10M |  72.4   ovl   1   27   853k   10   13  56%  81.9M   -88n  n/a
   0   4a |   7 1.0   11   5.6M  184  481  72%    10M |  82.6   ovl   1   26  1.25M   17   24  58%  81.9M  -278n  n/a
   0   4b |   7 1.0   11   5.6M  170  440  72%    10M |  86.2   ovl   1   26   886k   11   23  67%  81.9M  -251n  n/a

          |--------------------DL---------------------|-------------------------------UL-----------------------------
 pci rnti | cqi  ri  mcs  brate   ok  nok  (%)  dl_bs | pusch  rsrp  ri  mcs  brate   ok  nok  (%)    bsr     ta  phr
   1   4c |   7 1.0   11   2.0M  139  399  74%    10M |  99.9   n/a   1   27   828k   23   23  50%  81.9M    n/a  n/a
   1   4d |   7 1.0   11   2.0M  138  413  74%    10M |  99.9   ovl   1   27   519k   13   16  55%  81.9M   -65n  n/a
   1   4e |   7 1.0   11   2.0M  144  418  74%    10M |  99.9   ovl   1   27   662k   18   20  52%  81.9M   -60n  n/a
   1   4f |   7 1.0   11   2.0M  128  390  75%    10M |  99.9   n/a   1   27   289k    8   16  66%  81.9M    n/a  n/a
   1   50 |   7 1.0   11   2.0M  139  423  75%    10M |  99.9   ovl   1   27   599k   16   21  56%  81.9M  -768n  n/a
   1   51 |   7 1.0   11   1.9M  136  364  72%    10M |  99.9   n/a   1   27   612k   19   20  51%  81.9M    n/a  n/a
   1   52 |   7 1.0   11   1.9M  133  442  76%    10M |  99.9   ovl   1   27   554k   15   24  61%  81.9M   103n  n/a
   1   53 |   7 1.0   11   2.1M  133  386  74%    10M |  99.9   n/a   1   27   570k   16   16  50%  81.9M    n/a  n/a
   2   54 |   7 1.0   11   5.1M  204  516  71%    10M |  74.6   ovl   1   27   865k   11   20  64%  81.9M   180n  n/a
   2   55 |   7 1.0   11   5.4M  193  460  70%    10M |  99.9   ovl   1   27  2.36M   27   20  42%  81.9M   282n  n/a
   2   56 |   7 1.0   11   5.2M  222  495  69%    10M |  99.9   ovl   1   27  2.48M   27   19  41%  81.9M  -956n  n/a
   2   57 |   7 1.0   11   5.2M  184  476  72%    10M |  99.9   ovl   1   27  2.48M   27   21  43%  81.9M  -956n  n/a
   2   58 |   7 1.0   11   5.5M  214  476  68%    10M |  81.6   ovl   1   26   697k    8   22  73%  81.9M   259n  n/a
   2   59 |   7 1.0   11   5.1M  200  476  70%    10M |  99.9   ovl   1   27  2.01M   23   22  48%  81.9M  -172n  n/a
   2   5a |   7 1.0   11   5.3M  193  478  71%    10M |  87.3   ovl   1   26   810k   12   16  57%  81.9M   296n  n/a
   2   5b |   7 1.0   11   5.4M  190  442  69%    10M |  92.1   ovl   1   26  1.48M   20   15  42%  81.9M    -9n  n/a
   3   5c |   7 1.0   11   5.3M  176  485  73%    10M |  90.8   ovl   1   20  1.53M   17   18  51%  81.9M    66n  n/a
   3   5d |   7 1.0   11   5.6M  181  439  70%    10M |  99.9   ovl   1   27  2.46M   23   22  48%  81.9M   812n  n/a
   3   5e |   7 1.0   11   5.3M  181  461  71%    10M |  99.9   n/a   1   27  2.04M   20   22  52%  81.9M    n/a  n/a
   3   5f |   7 1.0   11   5.6M  188  447  70%    10M |  58.6   ovl   1   25   794k    9   28  75%  81.9M   -64n  n/a
   3   60 |   7 1.0   11   5.6M  197  466  70%    10M |  72.4   ovl   1   26   823k   10   25  71%  81.9M    49n  n/a
   3   61 |   7 1.0   11   5.4M  177  462  72%    10M |  74.5   ovl   1   26   999k   11   25  69%  81.9M   566n  n/a
   3   62 |   7 1.0   11   5.6M  197  450  69%    10M |  91.7   ovl   1   21  1.70M   19   16  45%  81.9M   418n  n/a
   3   63 |   7 1.0   11   5.7M  177  398  69%    10M |  99.9   ovl   1   27  1.49M   15   20  57%  81.9M   603n  n/a
   4   64 |   7 1.0   11   5.5M  177  549  75%    10M |  99.9   ovl   1   27  1.89M   20   17  45%  81.9M   674n  n/a
   4   65 |   7 1.0   11   5.3M  170  526  75%    10M |  99.9   n/a   1   27  1.09M   11   17  60%  81.9M    n/a  n/a
   4   66 |   7 1.0   11   5.3M  180  572  76%    10M |  99.9   ovl   1   27  1.56M   16   20  55%  81.9M  -849n  n/a
   4   67 |   7 1.0   11   5.4M  175  494  73%    10M |  99.9   ovl   1   27  1.54M   16   24  60%  81.9M  -570n  n/a
   4   68 |   7 1.0   11   5.3M  192  517  72%    10M |  99.9   ovl   1   27  2.00M   21   16  43%  81.9M   765n  n/a
   4   69 |   7 1.0   11   5.4M  176  499  73%    10M |  99.9   n/a   1   27  1.29M   14   23  62%  81.9M    n/a  n/a
   4   6a |   7 1.0   11   5.3M  172  539  75%    10M |  99.9   n/a   1   27  1.32M   13   22  62%  81.9M    n/a  n/a
   4   6b |   7 1.0   11   5.4M  171  472  73%    10M |  99.9   ovl   1   27  1.80M   18   16  47%  81.9M   670n  n/a
   0   44 |   7 1.0   12   5.6M  167  430  72%    10M |  99.9   n/a   1   27  1.97M   21   18  46%  81.9M    n/a  n/a
   0   45 |   7 1.0   11   6.1M  181  408  69%    10M |  99.9   ovl   1   27  2.74M   25   17  40%  81.9M    36n  n/a
   0   46 |   7 1.0   12   6.4M  196  348  63%    10M |  99.9   n/a   1   27  2.04M   22   21  48%  81.9M    n/a  n/a
   0   47 |   7 1.0   11   6.1M  183  422  69%    10M |  99.9   n/a   1   27  1.85M   19   24  55%  81.9M    n/a  n/a
   0   48 |   7 1.0   12   6.1M  193  439  69%    10M |  99.9   ovl   1   27  1.75M   18   24  57%  81.9M   213n  n/a
   0   49 |   7 1.0   11   6.2M  186  433  69%    10M |  99.9   ovl   1   27  2.41M   25   19  43%  81.9M  -606n  n/a
   0   4a |   7 1.0   11   6.6M  197  321  61%    10M |  99.9   n/a   1   27  1.77M   18   19  51%  81.9M    n/a  n/a
   0   4b |   7 1.0   12   6.1M  173  424  71%    10M |  99.9   n/a   1   27  1.71M   19   21  52%  81.9M    n/a  n/a
   1   4c |   7 1.0   11   2.0M  133  432  76%    10M |  45.5   ovl   1   26   176k    6   20  76%  81.9M   -23n  n/a
   1   4d |   7 1.0   11   2.0M  132  378  74%    10M |  81.6   ovl   1   27   273k    8   20  71%  81.9M   -66n  n/a
   1   4e |   7 1.0   11   2.0M  140  420  75%    10M |  99.9   ovl   1   27   725k   20   26  56%  81.9M  -128n  n/a
   1   4f |   7 1.0   11   2.0M  131  352  72%    10M |  99.9   n/a   1   27   533k   15   29  65%  81.9M    n/a  n/a
   1   50 |   7 1.0   11   2.1M  145  411  73%    10M |  99.9   ovl   1   27   885k   22   25  53%  81.9M  -416n  n/a
   1   51 |   7 1.0   11   1.9M  127  414  76%    10M |  72.4   ovl   1   26   142k    5   16  76%  81.9M   -64n  n/a
   1   52 |   7 1.0   11   1.9M  128  447  77%    10M |  66.9   ovl   1   26   219k    8   16  66%  81.9M    18n  n/a
   1   53 |   7 1.0   11   2.0M  135  410  75%    10M |  99.9   ovl   1   27   793k   21   25  54%  81.9M   930n  n/a
   2   54 |   7 1.0   12   5.9M  200  450  69%    10M |  99.9   ovl   1   27  1.12M   13   21  61%  81.9M   586n  n/a
   2   55 |   7 1.0   11   5.6M  197  454  69%    10M |  99.9   n/a   1   27  2.20M   24   21  46%  81.9M    n/a  n/a
   2   56 |   7 1.0   12   5.2M  189  513  73%    10M |  86.2   ovl   1   26   789k   11   17  60%  81.9M  -103n  n/a
   2   57 |   7 1.0   12   5.5M  198  425  68%    10M |  85.0   ovl   1   26   738k   10   16  61%  81.9M   -83n  n/a
   2   58 |   7 1.0   11   5.6M  195  458  70%    10M |  99.9   n/a   1   27  1.09M   13   26  66%  81.9M    n/a  n/a
   2   59 |   7 1.0   11   5.7M  191  417  68%    10M |  99.9   n/a   1   27  2.25M   25   24  48%  81.9M    n/a  n/a
   2   5a |   7 1.0   12   5.6M  209  430  67%    10M |  88.3   ovl   1   26  1.03M   13   20  60%  81.9M   958n  n/a
   2   5b |   7 1.0   11   5.7M  198  382  65%    10M |  99.9   n/a   1   27  2.32M   27   26  49%  81.9M    n/a  n/a
   3   5c |   7 1.0   12   6.6M  215  467  68%    10M |  33.8   ovl   1   26   138k    3   19  86%  81.9M   292n  n/a
   3   5d |   7 1.0   11   6.2M  181  398  68%    10M |  99.9   n/a   1   27  2.07M   22   24  52%  81.9M    n/a  n/a
   3   5e |   7 1.0   12   6.4M  190  478  71%    10M |  72.4   ovl   1   26   770k   10   15  60%  81.9M   766n  n/a
   3   5f |   7 1.0   12   6.5M  188  421  69%    10M |  99.9   ovl   1   27  1.87M   19   19  50%  81.9M  -983n  n/a
   3   60 |   7 1.0   11   6.1M  195  427  68%    10M |  99.9   ovl   1   27  2.94M   30   24  44%  81.9M   393n  n/a
   3   61 |   7 1.0   11   6.3M  186  418  69%    10M |  99.9   n/a   1   27  2.18M   23   19  45%  81.9M    n/a  n/a
   3   62 |   7 1.0   11   6.0M  172  499  74%    10M |  63.2   ovl   1   26   564k    7   17  70%  81.9M   319n  n/a
   3   63 |   7 1.0   12   6.5M  188  376  66%    10M |  99.9   n/a   1   27  2.90M   29   23  44%  81.9M    n/a  n/a
   4   64 |   7 1.0   12   6.2M  182  512  73%    10M |  99.9   n/a   1   27  2.37M   23   24  51%  81.9M    n/a  n/a
   4   65 |   7 1.0   12   6.1M  166  504  75%    10M |  99.9   n/a   1   27  1.72M   16   26  61%  81.9M    n/a  n/a
   4   66 |   7 1.0   12   6.3M  184  521  73%    10M |  99.9   n/a   1   27  1.58M   15   28  65%  81.9M    n/a  n/a
   4   67 |   7 1.0   12   6.3M  180  475  72%    10M |  99.9   n/a   1   27  2.21M   22   21  48%  81.9M    n/a  n/a
   4   68 |   7 1.0   12   6.2M  184  541  74%    10M |  99.9   n/a   1   27  1.06M   11   25  69%  81.9M    n/a  n/a
   4   69 |   7 1.0   12   6.1M  175  467  72%    10M |  99.9   n/a   1   27  1.87M   19   22  53%  81.9M    n/a  n/a
   4   6a |   7 1.0   12   5.9M  186  565  75%    10M |  99.9   n/a   1   27  1.95M   19   21  52%  81.9M    n/a  n/a
   4   6b |   7 1.0   12   6.3M  174  473  73%    10M |  99.9   n/a   1   27  1.63M   18   28  60%  81.9M    n/a  n/a
   0   44 |   7 1.0   12   6.6M  201  459  69%    10M |  99.9   ovl   1   27  2.73M   28   26  48%  81.9M  -488n  n/a
   0   45 |   7 1.0   12   7.2M  206  376  64%    10M |  99.9   n/a   1   27  2.27M   21   14  40%  81.9M    n/a  n/a
   0   46 |   7 1.0   12   7.0M  196  396  66%    10M |  99.9   ovl   1   27  2.64M   26   20  43%  81.9M  -254n  n/a
   0   47 |   7 1.0   12   7.2M  200  380  65%    10M |  99.9   n/a   1   27  2.21M   21   21  50%  81.9M    n/a  n/a
   0   48 |   7 1.0   12   7.2M  212  393  64%    10M |  99.9   ovl   1   27  2.91M   28   19  40%  81.9M  -258n  n/a
   0   49 |   7 1.0   12   7.1M  189  337  64%    10M |  99.9   ovl   1   27  3.01M   29   24  45%  81.9M   215n  n/a
   0   4a |   7 1.0   12   7.2M  192  347  64%    10M |  99.9   ovl   1   27  2.27M   23   15  39%  81.9M   314n  n/a
   0   4b |   7 1.0   12   7.1M  207  401  65%    10M |  99.9   ovl   1   27  2.61M   25   21  45%  81.9M  -332n  n/a
   1   4c |   7 1.0   12   2.1M  130  449  77%    10M |  99.9   n/a   1   27   605k   18   28  60%  81.9M    n/a  n/a
   1   4d |   7 1.0   12   1.9M  119  404  77%    10M |  99.9   n/a   1   27   542k   15   23  60%  81.9M    n/a  n/a
   1   4e |   7 1.0   12   1.9M  127  433  77%    10M |  99.9   ovl   1   27   386k   11   21  65%  81.9M   598n  n/a
   1   4f |   7 1.0   12   2.0M  122  411  77%    10M |  99.9   n/a   1   27   414k   12   12  50%  81.9M    n/a  n/a
   1   50 |   7 1.0   12   2.1M  146  441  75%    10M |  99.9   n/a   1   27   527k   15   24  61%  81.9M    n/a  n/a
   1   51 |   7 1.0   12   2.0M  130  395  75%    10M |  99.9   n/a   1   27   356k   11   25  69%  81.9M    n/a  n/a
   1   52 |   7 1.0   12   2.0M  129  439  77%    10M |  99.9   ovl   1   27   540k   14   23  62%  81.9M   977n  n/a
   1   53 |   7 1.0   12   1.9M  120  463  79%    10M |  99.9   n/a   1   27   490k   15   25  62%  81.9M    n/a  n/a

          |--------------------DL---------------------|-------------------------------UL-----------------------------
 pci rnti | cqi  ri  mcs  brate   ok  nok  (%)  dl_bs | pusch  rsrp  ri  mcs  brate   ok  nok  (%)    bsr     ta  phr
   2   54 |   7 1.0   12   5.6M  193  520  72%    10M |  99.9   n/a   1   27  1.60M   15   20  57%  81.9M    n/a  n/a
   2   55 |   7 1.0   12   5.8M  185  475  71%    10M |  99.9   ovl   1   27   873k   10   15  60%  81.9M   714n  n/a
   2   56 |   7 1.0   12   5.4M  197  508  72%    10M |  99.9   ovl   1   27  1.45M   16   29  64%  81.9M  -358n  n/a
   2   57 |   7 1.0   12   5.7M  201  458  69%    10M |  99.9   ovl   1   27  1.88M   21   23  52%  81.9M   568n  n/a
   2   58 |   7 1.0   12   5.6M  194  486  71%    10M |  99.9   ovl   1   27  1.69M   20   25  55%  81.9M  -268n  n/a
   2   59 |   7 1.0   12   5.4M  169  471  73%    10M |  99.9   ovl   1   27  1.37M   16   24  60%  81.9M   814n  n/a
   2   5a |   7 1.0   12   5.5M  177  527  74%    10M |  99.9   ovl   1   24  1.25M   18   23  56%  81.9M   -27n  n/a
   2   5b |   7 1.0   12   5.8M  186  449  70%    10M |  99.9   n/a   1   27  2.09M   22   25  53%  81.9M    n/a  n/a
   3   5c |   7 1.0   12   6.0M  172  507  74%    10M |  99.9   ovl   1   27  1.77M   16   30  65%  81.9M   896n  n/a
   3   5d |   7 1.0   12   5.9M  165  488  74%    10M |  99.9   ovl   1   27  1.10M   11   24  68%  81.9M    66n  n/a
   3   5e |   7 1.0   12   6.0M  185  468  71%    10M |  99.9   ovl   1   27  1.73M   17   30  63%  81.9M   864n  n/a
   3   5f |   7 1.0   12   5.6M  160  514  76%    10M |  99.9   n/a   1   27  1.04M   10   28  73%  81.9M    n/a  n/a
   3   60 |   7 1.0   12   5.7M  175  498  73%    10M |  99.9   n/a   1   27  1.18M   11   19  63%  81.9M    n/a  n/a
   3   61 |   7 1.0   12   5.8M  157  515  76%    10M |  99.9   ovl   1   27  1.03M   11   27  71%  81.9M  -620n  n/a
   3   62 |   7 1.0   12   6.1M  187  508  73%    10M |  99.9   ovl   1   27  1.30M   14   27  65%  81.9M    -1u  n/a
   3   63 |   7 1.0   12   5.7M  162  465  74%    10M |  99.9   n/a   1   27  1.00M   10   23  69%  81.9M    n/a  n/a
   4   64 |   7 1.0   12   7.3M  218  429  66%    10M |  92.1   ovl   1   27  2.03M   20   30  60%  81.9M  -382n  n/a
   4   65 |   7 1.0   12   7.7M  216  395  64%    10M |  99.9   ovl   1   27  2.02M   21   20  48%  81.9M   409n  n/a
   4   66 |   7 1.0   12   7.4M  221  486  68%    10M |  92.8   ovl   1   27  2.04M   22   23  51%  81.9M  -326n  n/a
   4   67 |   7 1.0   12   7.7M  213  384  64%    10M |  99.9   ovl   1   27  2.25M   23   18  43%  81.9M  -734n  n/a
   4   68 |   7 1.0   12   7.7M  222  427  65%    10M |  91.7   ovl   1   27  1.84M   19   21  52%  81.9M     1u  n/a
   4   69 |   7 1.0   12   7.4M  220  433  66%    10M |  93.1   ovl   1   27  2.10M   23   22  48%  81.9M   -42n  n/a
   4   6a |   7 1.0   12   7.3M  215  423  66%    10M |  90.3   ovl   1   27  1.54M   16   25  60%  81.9M  -709n  n/a
   4   6b |   7 1.0   12   7.5M  215  402  65%    10M |  99.9   ovl   1   27  1.87M   18   18  50%  81.9M   672n  n/a
   0   44 |   7 1.0   12   5.8M  184  427  69%    10M |  99.9   ovl   1   27  1.91M   20   20  50%  81.9M   264n  n/a
   0   45 |   7 1.0   12   6.2M  183  398  68%    10M |  99.9   n/a   1   27  2.52M   24   22  47%  81.9M    n/a  n/a
   0   46 |   7 1.0   12   6.3M  189  407  68%    10M |  99.9   n/a   1   27  2.02M   22   16  42%  81.9M    n/a  n/a
   0   47 |   7 1.0   12   6.4M  184  412  69%    10M |  99.9   n/a   1   27  1.85M   20   21  51%  81.9M    n/a  n/a
   0   48 |   7 1.0   12   5.8M  177  482  73%    10M |  99.9   ovl   1   27  1.57M   18   21  53%  81.9M  -467n  n/a
   0   49 |   7 1.0   12   6.2M  179  429  70%    10M |  99.9   ovl   1   27  1.87M   19   19  50%  81.9M  -704n  n/a
   0   4a |   7 1.0   12   5.9M  171  494  74%    10M |  79.3   ovl   1   24   552k    7   20  74%  81.9M   213n  n/a
   0   4b |   7 1.0   12   6.4M  172  376  68%    10M |  99.9   ovl   1   27  1.89M   19   21  52%  81.9M   -80n  n/a
   1   4c |   7 1.0   12   2.0M  133  437  76%    10M |  73.0   ovl   1   24   118k    5   31  86%  81.9M   389n  n/a
   1   4d |   7 1.0   12   2.0M  126  402  76%    10M |  99.9   ovl   1   27   671k   19   21  52%  81.9M   -87n  n/a
   1   4e |   7 1.0   12   2.1M  145  460  76%    10M |  99.9   n/a   1   27   333k    9   24  72%  81.9M    n/a  n/a
   1   4f |   7 1.0   12   2.0M  122  400  76%    10M |  99.9   ovl   1   27   525k   14   27  65%  81.9M  -128n  n/a
   1   50 |   7 1.0   12   2.1M  137  412  75%    10M |  99.9   ovl   1   27   665k   18   16  47%  81.9M   109n  n/a
   1   51 |   7 1.0   12   2.0M  123  392  76%    10M |  99.9   ovl   1   27   529k   15   18  54%  81.9M   919n  n/a
   1   52 |   7 1.0   12   2.0M  138  431  75%    10M |  99.9   ovl   1   27   738k   22   16  42%  81.9M  -387n  n/a
   1   53 |   7 1.0   12   1.9M  123  456  78%    10M |  99.9   ovl   1   27   548k   15   19  55%  81.9M  -302n  n/a
   2   54 |   7 1.0   12   5.7M  199  480  70%    10M |  99.9   n/a   1   27  1.66M   20   15  42%  81.9M    n/a  n/a
   2   55 |   7 1.0   12   5.5M  181  527  74%    10M |  99.9   n/a   1   27  1.95M   22   29  56%  81.9M    n/a  n/a
   2   56 |   7 1.0   12   5.6M  198  511  72%    10M |  99.9   ovl   1   27  2.06M   24   15  38%  81.9M   602n  n/a
   2   57 |   7 1.0   12   5.6M  183  432  70%    10M |  99.9   n/a   1   27  2.11M   23   18  43%  81.9M    n/a  n/a
   2   58 |   7 1.0   12   5.9M  208  462  68%    10M |  99.9   n/a   1   27  1.40M   16   20  55%  81.9M    n/a  n/a
   2   59 |   7 1.0   12   5.3M  171  510  74%    10M |  52.7   ovl   1   22   280k    5   17  77%  81.9M  -424n  n/a
   2   5a |   7 1.0   12   5.2M  183  531  74%    10M |  99.9   ovl   1   27  1.57M   19   19  50%  81.9M  -912n  n/a
   2   5b |   7 1.0   12   5.5M  180  477  72%    10M |  99.9   n/a   1   27  1.64M   19   19  50%  81.9M    n/a  n/a
   3   5c |   7 1.0   12   7.8M  237  455  65%    10M |  99.9   n/a   1   27  1.98M   20   26  56%  81.9M    n/a  n/a
   3   5d |   7 1.0   12   7.6M  215  402  65%    10M |  99.9   ovl   1   27  2.25M   22   20  47%  81.9M   440n  n/a
   3   5e |   7 1.0   12   7.4M  226  522  69%    10M |  99.9   n/a   1   27  1.65M   16   24  60%  81.9M    n/a  n/a
   3   5f |   7 1.0   12   7.5M  221  416  65%    10M |  99.9   n/a   1   27  2.03M   20   23  53%  81.9M    n/a  n/a
   3   60 |   7 1.0   12   7.6M  231  489  67%    10M |  99.9   n/a   1   27  2.20M   21   23  52%  81.9M    n/a  n/a
   3   61 |   7 1.0   12   7.6M  219  397  64%    10M |  99.9   ovl   1   27  1.66M   18   24  57%  81.9M   312n  n/a
   3   62 |   7 1.0   12   7.6M  222  468  67%    10M |  99.9   ovl   1   27  2.11M   21   22  51%  81.9M   812n  n/a
   3   63 |   7 1.0   12   7.6M  211  424  66%    10M |  99.9   n/a   1   27  2.16M   22   24  52%  81.9M    n/a  n/a
   4   64 |   7 1.0   12   5.8M  168  551  76%    10M |  99.9   n/a   1   27  1.70M   15   22  59%  81.9M    n/a  n/a
   4   65 |   7 1.0   12   6.0M  176  478  73%    10M |  99.9   n/a   1   27  1.99M   18   21  53%  81.9M    n/a  n/a
   4   66 |   7 1.0   12   5.9M  175  548  75%    10M |  99.9   ovl   1   27  1.92M   20   24  54%  81.9M    79n  n/a
   4   67 |   7 1.0   12   6.3M  177  452  71%    10M |  99.9   n/a   1   27  1.16M   11   24  68%  81.9M    n/a  n/a
   4   68 |   7 1.0   12   6.0M  177  533  75%    10M |  99.9   n/a   1   27  1.30M   12   25  67%  81.9M    n/a  n/a
   4   69 |   7 1.0   12   5.9M  172  461  72%    10M |  99.9   n/a   1   27  1.50M   16   23  58%  81.9M    n/a  n/a
   4   6a |   7 1.0   12   5.8M  181  512  73%    10M |  99.9   n/a   1   27  1.88M   20   17  45%  81.9M    n/a  n/a
   4   6b |   7 1.0   12   5.9M  180  511  73%    10M |  99.9   n/a   1   27  1.19M   13   26  66%  81.9M    n/a  n/a
   0   44 |   7 1.0   13   6.8M  179  450  71%    10M |  99.9   n/a   1   27  1.88M   20   17  45%  81.9M    n/a  n/a
   0   45 |   7 1.0   13   6.7M  179  433  70%    10M |  99.9   n/a   1   27  2.34M   22   15  40%  81.9M    n/a  n/a
   0   46 |   7 1.0   13   7.5M  198  418  67%    10M |  99.9   n/a   1   27  2.39M   25   17  40%  81.9M    n/a  n/a
   0   47 |   7 1.0   13   7.0M  187  412  68%    10M |  99.9   n/a   1   27  1.69M   17   19  52%  81.9M    n/a  n/a
   0   48 |   7 1.0   13   7.9M  213  324  60%    10M |  99.9   n/a   1   27  2.53M   26   19  42%  81.9M    n/a  n/a
   0   49 |   7 1.0   12   6.9M  181  426  70%    10M |  99.9   n/a   1   27  2.39M   23   17  42%  81.9M    n/a  n/a
   0   4a |   7 1.0   12   7.4M  204  377  64%    10M |  99.9   n/a   1   27  2.37M   23   16  41%  81.9M    n/a  n/a
   0   4b |   7 1.0   13   6.9M  180  414  69%    10M |  99.9   n/a   1   27  2.36M   25   15  37%  81.9M    n/a  n/a
   1   4c |   7 1.0   12   2.7M  167  412  71%    10M |  99.9   n/a   1   27   714k   20   20  50%  81.9M    n/a  n/a
   1   4d |   7 1.0   12   2.7M  159  331  67%    10M |  99.9   n/a   1   27   731k   21   25  54%  81.9M    n/a  n/a
   1   4e |   7 1.0   12   2.7M  167  374  69%    10M |  99.9   n/a   1   27   518k   15   20  57%  81.9M    n/a  n/a
   1   4f |   7 1.0   12   2.7M  158  369  70%    10M |  99.9   n/a   1   27   764k   21   23  52%  81.9M    n/a  n/a
   1   50 |   7 1.0   12   2.6M  165  437  72%    10M |  99.9   n/a   1   27   544k   16   25  60%  81.9M    n/a  n/a
   1   51 |   7 1.0   12   2.7M  153  420  73%    10M |  99.9   n/a   1   27   804k   21   22  51%  81.9M    n/a  n/a
   1   52 |   7 1.0   12   2.7M  173  426  71%    10M |  99.9   n/a   1   27   637k   17   22  56%  81.9M    n/a  n/a
   1   53 |   7 1.0   12   2.7M  161  369  69%    10M |  99.9   n/a   1   27   621k   17   21  55%  81.9M    n/a  n/a
   2   54 |   7 1.0   13   5.7M  191  490  71%    10M |  99.9   n/a   1   27  1.62M   19   21  52%  81.9M    n/a  n/a
   2   55 |   7 1.0   13   5.8M  170  470  73%    10M |  99.9   n/a   1   27  1.84M   21   20  48%  81.9M    n/a  n/a
   2   56 |   7 1.0   13   5.3M  179  568  76%    10M |  99.9   n/a   1   27   947k   11   19  63%  81.9M    n/a  n/a
   2   57 |   7 1.0   13   5.6M  179  509  73%    10M |  99.9   n/a   1   27  1.42M   16   18  52%  81.9M    n/a  n/a
   2   58 |   7 1.0   13   4.9M  165  599  78%    10M |  99.9   n/a   1   27  1.27M   15   26  63%  81.9M    n/a  n/a
   2   59 |   7 1.0   12   5.8M  185  485  72%    10M |  99.9   n/a   1   27  1.59M   18   20  52%  81.9M    n/a  n/a
   2   5a |   7 1.0   13   6.3M  211  469  68%    10M |  99.9   n/a   1   27  1.62M   18   21  53%  81.9M    n/a  n/a
   2   5b |   7 1.0   13   5.7M  171  457  72%    10M |  99.9   n/a   1   27   648k    8   25  75%  81.9M    n/a  n/a

          |--------------------DL---------------------|-------------------------------UL-----------------------------
 pci rnti | cqi  ri  mcs  brate   ok  nok  (%)  dl_bs | pusch  rsrp  ri  mcs  brate   ok  nok  (%)    bsr     ta  phr
   3   5c |   7 1.0   13   6.8M  179  533  74%    10M |  99.9   n/a   1   27  1.78M   18   26  59%  81.9M    n/a  n/a
   3   5d |   7 1.0   12   6.5M  171  518  75%    10M |  99.9   n/a   1   27  1.44M   15   23  60%  81.9M    n/a  n/a
   3   5e |   7 1.0   13   6.9M  189  556  74%    10M |  99.9   n/a   1   27  1.60M   16   28  63%  81.9M    n/a  n/a
   3   5f |   7 1.0   13   6.7M  174  498  74%    10M |  99.9   n/a   1   27  1.28M   14   25  64%  81.9M    n/a  n/a
   3   60 |   7 1.0   13   6.7M  185  536  74%    10M |  99.9   n/a   1   27  1.45M   14   21  60%  81.9M    n/a  n/a
   3   61 |   7 1.0   13   6.5M  175  482  73%    10M |  99.9   n/a   1   27  1.02M   10   27  72%  81.9M    n/a  n/a
   3   62 |   7 1.0   13   6.8M  192  556  74%    10M |  99.9   n/a   1   27  1.58M   17   27  61%  81.9M    n/a  n/a
   3   63 |   7 1.0   13   6.6M  175  443  71%    10M |  99.9   n/a   1   27  1.31M   13   24  64%  81.9M    n/a  n/a
   4   64 |   7 1.0   13   8.3M  220  412  65%    10M |  99.9   n/a   1   27   967k   11   26  70%  81.9M    n/a  n/a
   4   65 |   7 1.0   13   8.3M  211  383  64%    10M |  99.9   n/a   1   27  1.64M   17   22  56%  81.9M    n/a  n/a
   4   66 |   7 1.0   13   7.9M  213  492  69%    10M |  99.9   n/a   1   27  2.42M   24   17  41%  81.9M    n/a  n/a
   4   67 |   7 1.0   13   8.0M  208  417  66%    10M |  99.9   n/a   1   27  1.96M   19   22  53%  81.9M    n/a  n/a
   4   68 |   7 1.0   13   8.3M  227  419  64%    10M |  99.9   n/a   1   27  2.62M   28   19  40%  81.9M    n/a  n/a
   4   69 |   7 1.0   13   8.4M  214  381  64%    10M |  99.9   n/a   1   27  2.49M   26   19  42%  81.9M    n/a  n/a
   4   6a |   7 1.0   13   8.4M  220  430  66%    10M |  99.9   n/a   1   27  2.12M   21   20  48%  81.9M    n/a  n/a
   4   6b |   7 1.0   13   8.4M  227  425  65%    10M |  99.9   n/a   1   27  1.87M   19   20  51%  81.9M    n/a  n/a
   0   44 |   7 1.0   13   7.2M  202  486  70%    10M |  99.9   n/a   1   27  2.10M   22   19  46%  81.9M    n/a  n/a
   0   45 |   7 1.0   13   7.9M  185  395  68%    10M |  99.9   n/a   1   27  2.32M   25   19  43%  81.9M    n/a  n/a
   0   46 |   7 1.0   13   7.5M  201  400  66%    10M |  99.9   n/a   1   27  1.63M   16   18  52%  81.9M    n/a  n/a
   0   47 |   7 1.0   13   7.5M  182  379  67%    10M |  99.9   n/a   1   27  2.37M   24   19  44%  81.9M    n/a  n/a
   0   48 |   7 1.0   13   7.2M  189  472  71%    10M |  99.9   n/a   1   27  2.22M   22   21  48%  81.9M    n/a  n/a
   0   49 |   7 1.0   13   7.2M  184  406  68%    10M |  99.9   n/a   1   27  2.05M   21   18  46%  81.9M    n/a  n/a
   0   4a |   7 1.0   13   7.2M  195  448  69%    10M |  99.9   n/a   1   27  2.16M   22   17  43%  81.9M    n/a  n/a
   0   4b |   7 1.0   13   7.5M  194  386  66%    10M |  99.9   n/a   1   27  1.51M   16   24  60%  81.9M    n/a  n/a
   1   4c |   7 1.0   12   2.3M  158  356  69%    10M |  99.9   n/a   1   27   536k   15   26  63%  81.9M    n/a  n/a
   1   4d |   7 1.0   12   2.1M  140  394  73%    10M |  99.9   n/a   1   27   706k   18   18  50%  81.9M    n/a  n/a
   1   4e |   7 1.0   12   2.2M  150  412  73%    10M |  99.9   n/a   1   27   702k   20   20  50%  81.9M    n/a  n/a
   1   4f |   7 1.0   12   2.1M  133  367  73%    10M |  99.9   n/a   1   27   559k   15   24  61%  81.9M    n/a  n/a
   1   50 |   7 1.0   12   2.2M  149  461  75%    10M |  99.9   n/a   1   27   659k   17   21  55%  81.9M    n/a  n/a
   1   51 |   7 1.0   12   2.1M  136  397  74%    10M |  99.9   n/a   1   27   392k   10   21  67%  81.9M    n/a  n/a
   1   52 |   7 1.0   12   2.0M  138  378  73%    10M |  99.9   n/a   1   27   766k   20   20  50%  81.9M    n/a  n/a
   1   53 |   7 1.0   12   2.2M  145  359  71%    10M |  99.9   n/a   1   27   741k   21   20  48%  81.9M    n/a  n/a
   2   54 |   7 1.0   13   6.1M  201  459  69%    10M |  99.9   n/a   1   27  2.05M   22   19  46%  81.9M    n/a  n/a
   2   55 |   7 1.0   13   5.6M  168  518  75%    10M |  99.9   n/a   1   27  1.44M   16   25  60%  81.9M    n/a  n/a
   2   56 |   7 1.0   13   5.7M  182  540  74%    10M |  99.9   n/a   1   27  1.77M   20   20  50%  81.9M    n/a  n/a
   2   57 |   7 1.0   13   5.7M  167  504  75%    10M |  99.9   n/a   1   27  1.43M   16   27  62%  81.9M    n/a  n/a
   2   58 |   7 1.0   13   5.6M  169  596  77%    10M |  99.9   n/a   1   27   934k   11   17  60%  81.9M    n/a  n/a
   2   59 |   7 1.0   13   5.7M  175  476  73%    10M |  99.9   n/a   1   27  1.20M   15   22  59%  81.9M    n/a  n/a
   2   5a |   7 1.0   13   5.9M  191  448  70%    10M |  99.9   n/a   1   27  2.00M   23   19  45%  81.9M    n/a  n/a
   2   5b |   7 1.0   13   5.6M  170  461  73%    10M |  99.9   n/a   1   27  1.32M   14   19  57%  81.9M    n/a  n/a
   3   5c |   7 1.0   13   7.4M  205  510  71%    10M |  99.9   n/a   1   27  1.13M   11   27  71%  81.9M    n/a  n/a
   3   5d |   7 1.0   13   7.5M  188  449  70%    10M |  99.9   n/a   1   27  1.67M   17   25  59%  81.9M    n/a  n/a
   3   5e |   7 1.0   13   7.3M  203  523  72%    10M |  99.9   n/a   1   27  1.68M   17   27  61%  81.9M    n/a  n/a
   3   5f |   7 1.0   13   7.7M  194  464  70%    10M |  99.9   n/a   1   27  1.64M   18   27  60%  81.9M    n/a  n/a
   3   60 |   7 1.0   13   7.8M  218  463  67%    10M |  99.9   n/a   1   27  1.11M   12   26  68%  81.9M    n/a  n/a
   3   61 |   7 1.0   13   7.5M  197  465  70%    10M |  99.9   n/a   1   27  1.75M   18   24  57%  81.9M    n/a  n/a
   3   62 |   7 1.0   13   7.3M  208  551  72%    10M |  99.9   n/a   1   27  1.71M   17   24  58%  81.9M    n/a  n/a
   3   63 |   7 1.0   13   7.5M  197  432  68%    10M |  99.9   n/a   1   27  2.00M   21   24  53%  81.9M    n/a  n/a
   4   64 |   7 1.0   13   7.1M  191  497  72%    10M |  99.9   n/a   1   27  1.79M   17   27  61%  81.9M    n/a  n/a
   4   65 |   7 1.0   13   7.2M  183  398  68%    10M |  99.9   n/a   1   27  2.27M   21   19  47%  81.9M    n/a  n/a
   4   66 |   7 1.0   13   6.9M  196  521  72%    10M |  99.9   n/a   1   27  2.67M   26   22  45%  81.9M    n/a  n/a
   4   67 |   7 1.0   13   7.0M  178  424  70%    10M |  99.9   n/a   1   27  1.62M   17   24  58%  81.9M    n/a  n/a
   4   68 |   7 1.0   13   6.9M  182  517  73%    10M |  99.9   n/a   1   27  2.09M   20   27  57%  81.9M    n/a  n/a
   4   69 |   7 1.0   13   7.3M  185  426  69%    10M |  99.9   n/a   1   27  1.66M   16   21  56%  81.9M    n/a  n/a
   4   6a |   7 1.0   13   7.0M  194  495  71%    10M |  99.9   n/a   1   27  2.11M   22   22  50%  81.9M    n/a  n/a
   4   6b |   7 1.0   13   7.1M  184  420  69%    10M |  99.9   n/a   1   27  1.68M   18   24  57%  81.9M    n/a  n/a
   0   44 |   7 1.0   13   7.1M  186  498  72%    10M |  99.9   n/a   1   27  1.86M   19   25  56%  81.9M    n/a  n/a
   0   45 |   7 1.0   13   6.9M  180  439  70%    10M |  99.9   n/a   1   27  1.66M   17   15  46%  81.9M    n/a  n/a
   0   46 |   7 1.0   13   7.0M  187  505  72%    10M |  99.9   n/a   1   27  1.84M   18   22  55%  81.9M    n/a  n/a
   0   47 |   7 1.0   13   6.7M  176  497  73%    10M |  99.9   n/a   1   27  1.61M   16   24  60%  81.9M    n/a  n/a
   0   48 |   7 1.0   13   6.9M  185  457  71%    10M |  99.9   n/a   1   27  1.68M   18   19  51%  81.9M    n/a  n/a
   0   49 |   7 1.0   13   6.8M  172  483  73%    10M |  99.9   n/a   1   27  2.53M   25   21  45%  81.9M    n/a  n/a
   0   4a |   7 1.0   13   6.7M  186  485  72%    10M |  99.9   n/a   1   27  1.69M   16   21  56%  81.9M    n/a  n/a
   0   4b |   7 1.0   13   6.9M  185  451  70%    10M |  99.9   n/a   1   27  1.48M   17   26  60%  81.9M    n/a  n/a
   1   4c |   7 1.0   13   2.5M  153  411  72%    10M |  99.9   n/a   1   27   460k   12   19  61%  81.9M    n/a  n/a
   1   4d |   7 1.0   13   2.6M  136  401  74%    10M |  99.9   n/a   1   27   467k   12   19  61%  81.9M    n/a  n/a
   1   4e |   7 1.0   13   2.5M  150  440  74%    10M |  99.9   n/a   1   27   744k   19   21  52%  81.9M    n/a  n/a
   1   4f |   7 1.0   13   2.5M  150  389  72%    10M |  99.9   n/a   1   27   521k   15   22  59%  81.9M    n/a  n/a
   1   50 |   7 1.0   13   2.6M  144  362  71%    10M |  99.9   n/a   1   27   391k   11   20  64%  81.9M    n/a  n/a
   1   51 |   7 1.0   13   2.5M  143  385  72%    10M |  99.9   n/a   1   27   469k   13   21  61%  81.9M    n/a  n/a
   1   52 |   7 1.0   13   2.5M  146  435  74%    10M |  99.9   n/a   1   27   448k   12   21  63%  81.9M    n/a  n/a
   1   53 |   7 1.0   13   2.7M  145  382  72%    10M |  99.9   n/a   1   27   500k   13   17  56%  81.9M    n/a  n/a
   2   54 |   7 1.0   13   6.2M  186  490  72%    10M |  99.9   n/a   1   27  1.94M   21   14  40%  81.9M    n/a  n/a
   2   55 |   7 1.0   13   6.3M  191  414  68%    10M |  99.9   n/a   1   27  1.21M   14   19  57%  81.9M    n/a  n/a
   2   56 |   7 1.0   13   6.3M  210  464  68%    10M |  99.9   n/a   1   27  1.43M   17   19  52%  81.9M    n/a  n/a
   2   57 |   7 1.0   13   7.0M  204  391  65%    10M |  99.9   n/a   1   27  1.87M   21   14  40%  81.9M    n/a  n/a
   2   58 |   7 1.0   13   6.1M  201  466  69%    10M |  99.9   n/a   1   27  1.12M   14   17  54%  81.9M    n/a  n/a
   2   59 |   7 1.0   13   6.6M  192  426  68%    10M |  99.9   n/a   1   27  1.30M   13   20  60%  81.9M    n/a  n/a
   2   5a |   7 1.0   13   6.3M  186  521  73%    10M |  99.9   n/a   1   27  1.62M   20   20  50%  81.9M    n/a  n/a
   2   5b |   7 1.0   13   6.6M  184  436  70%    10M |  99.9   n/a   1   27  1.28M   16   18  52%  81.9M    n/a  n/a
   3   5c |   7 1.0   13   6.5M  181  486  72%    10M |  99.9   n/a   1   27  1.81M   18   23  56%  81.9M    n/a  n/a
   3   5d |   7 1.0   13   6.5M  163  498  75%    10M |  99.9   n/a   1   27   885k    8   28  77%  81.9M    n/a  n/a
   3   5e |   7 1.0   13   6.5M  177  514  74%    10M |  99.9   n/a   1   27  1.21M   12   22  64%  81.9M    n/a  n/a
   3   5f |   7 1.0   13   6.6M  170  468  73%    10M |  99.9   n/a   1   27   807k    8   25  75%  81.9M    n/a  n/a
   3   60 |   7 1.0   13   6.6M  172  616  78%    10M |  99.9   n/a   1   27  1.58M   16   23  58%  81.9M    n/a  n/a
   3   61 |   7 1.0   13   6.6M  169  508  75%    10M |  99.9   n/a   1   27   711k    8   24  75%  81.9M    n/a  n/a
   3   62 |   7 1.0   13   6.7M  181  532  74%    10M |  99.9   n/a   1   27   965k    9   22  70%  81.9M    n/a  n/a
   3   63 |   7 1.0   13   6.6M  171  500  74%    10M |  99.9   n/a   1   27  1.52M   15   23  60%  81.9M    n/a  n/a

          |--------------------DL---------------------|-------------------------------UL-----------------------------
 pci rnti | cqi  ri  mcs  brate   ok  nok  (%)  dl_bs | pusch  rsrp  ri  mcs  brate   ok  nok  (%)    bsr     ta  phr
   4   64 |   7 1.0   13   8.2M  213  469  68%    10M |  99.9   n/a   1   27  1.91M   20   24  54%  81.9M    n/a  n/a
   4   65 |   7 1.0   13   7.8M  195  478  71%    10M |  99.9   n/a   1   27  1.75M   18   20  52%  81.9M    n/a  n/a
   4   66 |   7 1.0   13   8.0M  217  476  68%    10M |  99.9   n/a   1   27  1.53M   16   22  57%  81.9M    n/a  n/a
   4   67 |   7 1.0   13   7.8M  197  473  70%    10M |  99.9   n/a   1   27  1.60M   17   19  52%  81.9M    n/a  n/a
   4   68 |   7 1.0   13   8.2M  204  494  70%    10M |  99.9   n/a   1   27  1.74M   18   21  53%  81.9M    n/a  n/a
   4   69 |   7 1.0   13   7.9M  193  472  70%    10M |  99.9   n/a   1   27  1.37M   14   24  63%  81.9M    n/a  n/a
   4   6a |   7 1.0   13   8.1M  217  508  70%    10M |  99.9   n/a   1   27  1.74M   18   19  51%  81.9M    n/a  n/a
   4   6b |   7 1.0   13   7.9M  195  451  69%    10M |  99.9   n/a   1   27  1.23M   11   23  67%  81.9M    n/a  n/a
   0   44 |   7 1.0   14   6.7M  166  583  77%    10M |  99.9   n/a   1   27  1.23M   11   20  64%  81.9M    n/a  n/a
   0   45 |   7 1.0   13   7.2M  178  504  73%    10M |  99.9   n/a   1   27  1.52M   16   22  57%  81.9M    n/a  n/a
   0   46 |   7 1.0   14   7.3M  180  519  74%    10M |  99.9   n/a   1   27  1.69M   16   23  58%  81.9M    n/a  n/a
   0   47 |   7 1.0   14   7.2M  168  488  74%    10M |  99.9   n/a   1   27  1.22M   12   21  63%  81.9M    n/a  n/a
   0   48 |   7 1.0   14   7.5M  186  446  70%    10M |  99.9   n/a   1   27  1.75M   16   21  56%  81.9M    n/a  n/a
   0   49 |   7 1.0   13   7.0M  175  481  73%    10M |  99.9   n/a   1   27  1.41M   13   21  61%  81.9M    n/a  n/a
   0   4a |   7 1.0   14   7.0M  173  594  77%    10M |  99.9   n/a   1   27  1.81M   17   24  58%  81.9M    n/a  n/a
   0   4b |   7 1.0   14   7.4M  186  462  71%    10M |  99.9   n/a   1   27  1.48M   17   21  55%  81.9M    n/a  n/a
   1   4c |   7 1.0   13   2.2M  124  546  81%    10M |  99.9   n/a   1   27   396k   11   22  66%  81.9M    n/a  n/a
   1   4d |   7 1.0   13   2.2M  123  419  77%    10M |  99.9   n/a   1   27   358k   11   24  68%  81.9M    n/a  n/a
   1   4e |   7 1.0   13   2.2M  124  508  80%    10M |  99.9   n/a   1   27   265k    8   23  74%  81.9M    n/a  n/a
   1   4f |   7 1.0   13   2.2M  116  427  78%    10M |  99.9   n/a   1   27   475k   13   23  63%  81.9M    n/a  n/a
   1   50 |   7 1.0   13   2.3M  128  500  79%    10M |  99.9   n/a   1   27   388k   11   24  68%  81.9M    n/a  n/a
   1   51 |   7 1.0   13   2.2M  112  431  79%    10M |  99.9   n/a   1   27   321k    9   21  70%  81.9M    n/a  n/a
   1   52 |   7 1.0   13   2.2M  128  532  80%    10M |  99.9   n/a   1   27   443k   13   22  62%  81.9M    n/a  n/a
   1   53 |   7 1.0   13   2.2M  113  418  78%    10M |  99.9   n/a   1   27   482k   14   21  60%  81.9M    n/a  n/a
   2   54 |   7 1.0   14   6.0M  187  538  74%    10M |  99.9   n/a   1   27  1.71M   21   17  44%  81.9M    n/a  n/a
   2   55 |   7 1.0   14   6.3M  170  497  74%    10M |  99.9   n/a   1   27  1.24M   14   27  65%  81.9M    n/a  n/a
   2   56 |   7 1.0   14   6.1M  178  515  74%    10M |  99.9   n/a   1   27  1.47M   17   16  48%  81.9M    n/a  n/a
   2   57 |   7 1.0   14   6.4M  174  491  73%    10M |  99.9   n/a   1   27  1.58M   18   17  48%  81.9M    n/a  n/a
   2   58 |   7 1.0   14   6.0M  190  534  73%    10M |  99.9   n/a   1   27  1.41M   16   12  42%  81.9M    n/a  n/a
   2   59 |   7 1.0   14   6.3M  178  500  73%    10M |  99.9   n/a   1   27  1.25M   14   22  61%  81.9M    n/a  n/a
   2   5a |   7 1.0   14   6.2M  173  557  76%    10M |  99.9   n/a   1   27  1.53M   17   19  52%  81.9M    n/a  n/a
   2   5b |   7 1.0   14   6.0M  166  483  74%    10M |  99.9   n/a   1   27   711k    9   18  66%  81.9M    n/a  n/a
   3   5c |   7 1.0   14   6.8M  167  589  77%    10M |  99.9   n/a   1   27  1.32M   15   21  58%  81.9M    n/a  n/a
   3   5d |   7 1.0   13   6.7M  157  466  74%    10M |  99.9   n/a   1   27  1.00M   10   24  70%  81.9M    n/a  n/a
   3   5e |   7 1.0   14   6.9M  169  507  75%    10M |  99.9   n/a   1   27  1.12M   12   26  68%  81.9M    n/a  n/a
   3   5f |   7 1.0   14   6.7M  169  576  77%    10M |  99.9   n/a   1   27  1.31M   13   21  61%  81.9M    n/a  n/a
   3   60 |   7 1.0   14   6.8M  173  574  76%    10M |  99.9   n/a   1   27  1.27M   13   24  64%  81.9M    n/a  n/a
   3   61 |   7 1.0   13   6.7M  162  520  76%    10M |  99.9   n/a   1   27  1.45M   14   23  62%  81.9M    n/a  n/a
   3   62 |   7 1.0   14   7.0M  178  518  74%    10M |  99.9   n/a   1   27  1.82M   17   23  57%  81.9M    n/a  n/a
   3   63 |   7 1.0   14   6.7M  172  479  73%    10M |  99.9   n/a   1   27  1.36M   14   26  65%  81.9M    n/a  n/a
   4   64 |   7 1.0   14   7.5M  180  511  73%    10M |  99.9   ovl   1   27  1.86M   19   22  53%  81.9M   670n  n/a
   4   65 |   7 1.0   14   7.6M  176  487  73%    10M |  99.9   ovl   1   27  1.41M   14   20  58%  81.9M   548n  n/a
   4   66 |   7 1.0   14   8.0M  204  518  71%    10M |  99.9   ovl   1   27  1.96M   19   22  53%  81.9M  -181n  n/a
   4   67 |   7 1.0   14   7.4M  179  463  72%    10M |  99.9   ovl   1   27  1.85M   19   22  53%  81.9M  -213n  n/a
   4   68 |   7 1.0   14   8.1M  204  484  70%    10M |  99.9   ovl   1   27  1.68M   17   25  59%  81.9M  -513n  n/a
   4   69 |   7 1.0   14   7.6M  176  506  74%    10M |  99.9   ovl   1   27  1.86M   18   20  52%  81.9M   951n  n/a
   4   6a |   7 1.0   14   7.7M  198  505  71%    10M |  99.9   ovl   1   27  1.34M   13   25  65%  81.9M  -559n  n/a
   4   6b |   7 1.0   14   7.5M  175  457  72%    10M |  99.9   ovl   1   27  1.42M   13   19  59%  81.9M  -989n  n/a
   0   44 |   7 1.0   14   6.0M  153  676  81%    10M |  99.9   ovl   1   27   760k    7   23  76%  81.9M   352n  n/a
   0   45 |   7 1.0   14   5.8M  133  516  79%    10M |  99.9   ovl   1   27   873k    9   21  70%  81.9M  -422n  n/a
   0   46 |   7 1.0   14   5.8M  145  605  80%    10M |  99.9   ovl   1   27  1.11M   11   22  66%  81.9M  -494n  n/a
   0   47 |   7 1.0   14   5.6M  131  527  80%    10M |  99.9   ovl   1   27   588k    6   23  79%  81.9M    36n  n/a
   0   48 |   7 1.0   14   5.7M  146  604  80%    10M |  99.9   ovl   1   27   717k    7   22  75%  81.9M    36n  n/a
   0   49 |   7 1.0   14   5.8M  140  557  79%    10M |  99.9   ovl   1   27   467k    4   23  85%  81.9M   213n  n/a
   0   4a |   7 1.0   14   5.6M  146  590  80%    10M |  99.9   ovl   1   27  1.23M   11   20  64%  81.9M  -606n  n/a
   0   4b |   7 1.0   14   5.7M  134  514  79%    10M |  99.9   ovl   1   27   844k    7   22  75%  81.9M  -701n  n/a
   1   4c |   7 1.0   13   2.5M  155  452  74%    10M |  99.9   n/a   1   27   439k   12   26  68%  81.9M    n/a  n/a
   1   4d |   7 1.0   13   2.4M  120  441  78%    10M |  99.9   n/a   1   27   628k   18   24  57%  81.9M    n/a  n/a
   1   4e |   7 1.0   13   2.4M  131  463  77%    10M |  99.9   ovl   1   27   537k   14   27  65%  81.9M  -695n  n/a
   1   4f |   7 1.0   13   2.4M  127  458  78%    10M |  99.9   ovl   1   27   615k   17   27  61%  81.9M    -1u  n/a
   1   50 |   7 1.0   13   2.5M  151  470  75%    10M |  99.9   n/a   1   27   450k   12   25  67%  81.9M    n/a  n/a
   1   51 |   7 1.0   13   2.4M  131  440  77%    10M |  99.9   ovl   1   27   618k   17   25  59%  81.9M   -72n  n/a
   1   52 |   7 1.0   13   2.5M  139  470  77%    10M |  99.9   n/a   1   27   531k   14   30  68%  81.9M    n/a  n/a
   1   53 |   7 1.0   13   2.3M  118  440  78%    10M |  99.9   n/a   1   27   588k   15   26  63%  81.9M    n/a  n/a
   2   54 |   7 1.0   14   7.2M  207  552  72%    10M |  99.9   ovl   1   27  1.89M   21   24  53%  81.9M  -832n  n/a
   2   55 |   7 1.0   14   7.2M  202  497  71%    10M |  99.9   ovl   1   27  1.52M   18   27  60%  81.9M   388n  n/a
   2   56 |   7 1.0   14   6.9M  201  566  73%    10M |  99.9   ovl   1   27  1.29M   15   25  62%  81.9M  -358n  n/a
   2   57 |   7 1.0   14   7.1M  193  501  72%    10M |  99.9   ovl   1   27  1.61M   17   23  57%  81.9M    87n  n/a
   2   58 |   7 1.0   14   7.4M  213  524  71%    10M |  99.9   ovl   1   27  1.13M   13   29  69%  81.9M  -508n  n/a
   2   59 |   7 1.0   14   6.9M  185  471  71%    10M |  99.9   ovl   1   27  1.42M   16   27  62%  81.9M  -719n  n/a
   2   5a |   7 1.0   14   6.7M  190  603  76%    10M |  99.9   ovl   1   27  1.34M   16   24  60%  81.9M  -319n  n/a
   2   5b |   7 1.0   14   7.1M  193  538  73%    10M |  99.9   ovl   1   27  1.34M   16   28  63%  81.9M  -147n  n/a
   3   5c |   7 1.0   14   7.0M  168  544  76%    10M |  99.9   ovl   1   27  1.61M   16   24  60%  81.9M   896n  n/a
   3   5d |   7 1.0   14   7.0M  162  520  76%    10M |  99.9   n/a   1   27  1.30M   13   21  61%  81.9M    n/a  n/a
   3   5e |   7 1.0   14   7.4M  194  527  73%    10M |  99.9   ovl   1   27  1.36M   14   23  62%  81.9M  -919n  n/a
   3   5f |   7 1.0   14   6.9M  166  457  73%    10M |  99.9   ovl   1   27  1.45M   17   23  57%  81.9M  -131n  n/a
   3   60 |   7 1.0   14   6.9M  171  526  75%    10M |  99.9   ovl   1   27  1.09M   12   23  65%  81.9M  -154n  n/a
   3   61 |   7 1.0   14   6.8M  165  575  77%    10M |  99.9   ovl   1   27  1.34M   15   23  60%  81.9M  -267n  n/a
   3   62 |   7 1.0   14   7.4M  186  528  73%    10M |  99.9   ovl   1   27  1.22M   14   19  57%  81.9M  -927n  n/a
   3   63 |   7 1.0   14   7.1M  167  489  74%    10M |  99.9   ovl   1   27  1.11M   11   23  67%  81.9M  -796n  n/a
   4   64 |   7 1.0   14   6.8M  168  547  76%    10M |  99.9   n/a   1   27  1.15M   12   21  63%  81.9M    n/a  n/a
   4   65 |   7 1.0   14   6.6M  155  478  75%    10M |  99.9   n/a   1   27   863k    9   25  73%  81.9M    n/a  n/a
   4   66 |   7 1.0   14   7.1M  170  547  76%    10M |  99.9   ovl   1   27  1.30M   13   23  63%  81.9M   674n  n/a
   4   67 |   7 1.0   14   6.3M  154  518  77%    10M |  99.9   n/a   1   27  1.13M   11   24  68%  81.9M    n/a  n/a
   4   68 |   7 1.0   14   7.1M  174  619  78%    10M |  99.9   n/a   1   27   889k    9   21  70%  81.9M    n/a  n/a
   4   69 |   7 1.0   14   6.5M  149  500  77%    10M |  99.9   n/a   1   27  1.12M   11   23  67%  81.9M    n/a  n/a
   4   6a |   7 1.0   14   6.9M  173  611  77%    10M |  99.9   ovl   1   27  1.42M   15   21  58%  81.9M   718n  n/a
   4   6b |   7 1.0   14   6.7M  170  557  76%    10M |  99.9   ovl   1   27  1.44M   14   24  63%  81.9M   670n  n/a

          |--------------------DL---------------------|-------------------------------UL-----------------------------
 pci rnti | cqi  ri  mcs  brate   ok  nok  (%)  dl_bs | pusch  rsrp  ri  mcs  brate   ok  nok  (%)    bsr     ta  phr
   0   44 |   7 1.0   14   9.1M  234  466  66%    10M |  99.9   ovl   1   27  2.80M   29   14  32%  81.9M  -492n  n/a
   0   45 |   7 1.0   14   8.6M  198  464  70%    10M |  99.9   ovl   1   27  2.77M   28   13  31%  81.9M   -52n  n/a
   0   46 |   7 1.0   14   8.8M  221  487  68%    10M |  99.9   ovl   1   27  2.60M   26   11  29%  81.9M  -109n  n/a
   0   47 |   7 1.0   14   8.4M  197  415  67%    10M |  99.9   ovl   1   27  2.32M   23   16  41%  81.9M  -396n  n/a
   0   48 |   7 1.0   14   8.9M  231  490  67%    10M |  99.9   ovl   1   27  2.13M   21   18  46%  81.9M  -117n  n/a
   0   49 |   7 1.0   14   8.4M  200  451  69%    10M |  99.9   ovl   1   27  2.49M   25   12  32%  81.9M  -321n  n/a
   0   4a |   7 1.0   14   8.8M  207  466  69%    10M |  99.9   ovl   1   27  2.74M   28   12  30%  81.9M  -236n  n/a
   0   4b |   7 1.0   14   8.7M  202  465  69%    10M |  99.9   ovl   1   27  2.87M   27   17  38%  81.9M  -239n  n/a
   1   4c |   7 1.0   13   2.2M  126  499  79%    10M |  99.9   n/a   1   27   576k   16   17  51%  81.9M    n/a  n/a
   1   4d |   7 1.0   13   2.1M  118  459  79%    10M |  99.9   n/a   1   27   326k    9   16  64%  81.9M    n/a  n/a
   1   4e |   7 1.0   13   2.2M  121  469  79%    10M |  99.9   n/a   1   27   639k   19   13  40%  81.9M    n/a  n/a
   1   4f |   7 1.0   13   2.1M  118  466  79%    10M |  99.9   n/a   1   27   542k   14   12  46%  81.9M    n/a  n/a
   1   50 |   7 1.0   13   2.1M  121  502  80%    10M |  99.9   ovl   1   27   507k   15   13  46%  81.9M   941n  n/a
   1   51 |   7 1.0   13   2.1M  113  435  79%    10M |  99.9   ovl   1   27   723k   21   13  38%  81.9M   977n  n/a
   1   52 |   7 1.0   13   2.1M  125  488  79%    10M |  99.9   n/a   1   27   382k   12   16  57%  81.9M    n/a  n/a
   1   53 |   7 1.0   13   2.1M  110  424  79%    10M |  99.9   n/a   1   27   747k   21   10  32%  81.9M    n/a  n/a
   2   54 |   7 1.0   14   4.8M  129  692  84%    10M |  99.9   n/a   1   27   777k    9   18  66%  81.9M    n/a  n/a
   2   55 |   7 1.0   14   4.9M  134  585  81%    10M |  99.9   n/a   1   27  1.01M   11   21  65%  81.9M    n/a  n/a
   2   56 |   7 1.0   14   4.6M  134  641  82%    10M |  99.9   n/a   1   27   838k    9   21  70%  81.9M    n/a  n/a
   2   57 |   7 1.0   14   4.8M  132  627  82%    10M |  99.9   n/a   1   27   947k   10   22  68%  81.9M    n/a  n/a
   2   58 |   7 1.0   14   4.9M  147  690  82%    10M |  99.9   n/a   1   27  1.01M   11   22  66%  81.9M    n/a  n/a
   2   59 |   7 1.0   14   4.6M  127  568  81%    10M |  99.9   n/a   1   27   615k    7   21  75%  81.9M    n/a  n/a
   2   5a |   7 1.0   14   5.1M  148  612  80%    10M |  99.9   n/a   1   27   922k   10   22  68%  81.9M    n/a  n/a
   2   5b |   7 1.0   14   4.8M  132  642  82%    10M |  99.9   n/a   1   27   658k    8   21  72%  81.9M    n/a  n/a
   3   5c |   7 1.0   14   7.7M  186  576  75%    10M |  99.9   ovl   1   27  1.74M   18   19  51%  81.9M  -620n  n/a
   3   5d |   7 1.0   14   7.9M  187  495  72%    10M |  99.9   n/a   1   27  1.55M   15   18  54%  81.9M    n/a  n/a
   3   5e |   7 1.0   14   7.6M  192  501  72%    10M |  99.9   n/a   1   27  1.84M   17   17  50%  81.9M    n/a  n/a
   3   5f |   7 1.0   14   8.2M  191  453  70%    10M |  99.9   n/a   1   27  1.62M   17   16  48%  81.9M    n/a  n/a
   3   60 |   7 1.0   14   7.8M  199  524  72%    10M |  99.9   n/a   1   27  1.87M   16   13  44%  81.9M    n/a  n/a
   3   61 |   7 1.0   14   7.8M  187  505  72%    10M |  99.9   n/a   1   27  1.67M   17   17  50%  81.9M    n/a  n/a
   3   62 |   7 1.0   14   7.4M  185  585  75%    10M |  99.9   n/a   1   27  1.63M   17   17  50%  81.9M    n/a  n/a
   3   63 |   7 1.0   14   8.0M  190  436  69%    10M |  99.9   n/a   1   27  1.67M   18   17  48%  81.9M    n/a  n/a
   4   64 |   7 1.0   14   6.4M  152  539  78%    10M |  99.9   ovl   1   27  1.46M   13   23  63%  81.9M     1u  n/a
   4   65 |   7 1.0   14   5.8M  144  563  79%    10M |  99.9   ovl   1   27  1.11M   11   23  67%  81.9M   674n  n/a
   4   66 |   7 1.0   14   6.6M  158  543  77%    10M |  99.9   ovl   1   27  1.54M   14   22  61%  81.9M  -456n  n/a
   4   67 |   7 1.0   14   6.2M  142  527  78%    10M |  99.9   ovl   1   27  1.31M   12   21  63%  81.9M   670n  n/a
   4   68 |   7 1.0   14   6.4M  148  567  79%    10M |  99.9   ovl   1   27  1.18M   11   22  66%  81.9M    -1u  n/a
   4   69 |   7 1.0   14   6.1M  142  546  79%    10M |  99.9   ovl   1   27  1.25M   11   24  68%  81.9M  -559n  n/a
   4   6a |   7 1.0   14   6.3M  149  606  80%    10M |  99.9   ovl   1   27  1.37M   13   21  61%  81.9M   -16n  n/a
   4   6b |   7 1.0   14   6.0M  147  535  78%    10M |  99.9   ovl   1   27  1.18M   12   24  66%  81.9M  -989n  n/a
   0   44 |   7 1.0   15   8.7M  192  514  72%    10M |  99.9   n/a   1   27  1.63M   15   25  62%  81.9M    n/a  n/a
   0   45 |   7 1.0   14   8.2M  192  470  70%    10M |  99.9   n/a   1   27  1.79M   16   24  60%  81.9M    n/a  n/a
   0   46 |   7 1.0   15   8.5M  186  513  73%    10M |  99.9   n/a   1   27  1.45M   16   24  60%  81.9M    n/a  n/a
   0   47 |   7 1.0   14   8.2M  191  480  71%    10M |  99.9   n/a   1   27  1.53M   17   25  59%  81.9M    n/a  n/a
   0   48 |   7 1.0   15   8.8M  203  536  72%    10M |  99.9   n/a   1   27  1.73M   19   22  53%  81.9M    n/a  n/a
   0   49 |   7 1.0   14   8.2M  193  482  71%    10M |  99.9   n/a   1   27  1.65M   16   23  58%  81.9M    n/a  n/a
   0   4a |   7 1.0   14   8.4M  198  499  71%    10M |  99.9   n/a   1   27  1.47M   14   23  62%  81.9M    n/a  n/a
   0   4b |   7 1.0   15   8.4M  180  455  71%    10M |  99.9   n/a   1   27  1.53M   14   22  61%  81.9M    n/a  n/a
   1   4c |   7 1.0   14   2.3M  131  533  80%    10M |  99.9   n/a   1   27   401k   11   20  64%  81.9M    n/a  n/a
   1   4d |   7 1.0   13   2.3M  130  483  78%    10M |  99.9   n/a   1   27   494k   14   21  60%  81.9M    n/a  n/a
   1   4e |   7 1.0   14   2.3M  124  571  82%    10M |  99.9   n/a   1   27   458k   12   23  65%  81.9M    n/a  n/a
   1   4f |   7 1.0   13   2.2M  121  445  78%    10M |  99.9   n/a   1   27   432k   13   25  65%  81.9M    n/a  n/a
   1   50 |   7 1.0   14   2.3M  119  497  80%    10M |  99.9   n/a   1   27   614k   16   22  57%  81.9M    n/a  n/a
   1   51 |   7 1.0   13   2.3M  115  424  78%    10M |  99.9   n/a   1   27   543k   16   25  60%  81.9M    n/a  n/a
   1   52 |   7 1.0   14   2.3M  123  511  80%    10M |  99.9   n/a   1   27   466k   12   21  63%  81.9M    n/a  n/a
   1   53 |   7 1.0   13   2.2M  116  446  79%    10M |  99.9   n/a   1   27   464k   13   21  61%  81.9M    n/a  n/a
   2   54 |   7 1.0   15   6.9M  187  515  73%    10M |  99.9   ovl   1   27  1.02M   13   24  64%  81.9M   -98n  n/a
   2   55 |   7 1.0   15   6.6M  167  567  77%    10M |  99.9   ovl   1   27  1.18M   14   24  63%  81.9M   412n  n/a
   2   56 |   7 1.0   15   7.1M  186  554  74%    10M |  99.9   ovl   1   27  1.40M   16   19  54%  81.9M   124n  n/a
   2   57 |   7 1.0   15   6.6M  168  551  76%    10M |  99.9   ovl   1   27  1.34M   14   21  60%  81.9M   173n  n/a
   2   58 |   7 1.0   15   7.0M  190  590  75%    10M |  99.9   ovl   1   27  1.10M   12   23  65%  81.9M  -474n  n/a
   2   59 |   7 1.0   14   6.5M  166  510  75%    10M |  99.9   ovl   1   27   973k   12   27  69%  81.9M    62n  n/a
   2   5a |   7 1.0   14   6.5M  173  594  77%    10M |  99.9   ovl   1   27  1.21M   14   20  58%  81.9M  -719n  n/a
   2   5b |   7 1.0   14   6.7M  173  537  75%    10M |  99.9   ovl   1   27  1.17M   13   23  63%  81.9M   592n  n/a
   3   5c |   7 1.0   15   7.8M  181  482  72%    10M |  99.9   n/a   1   27  1.63M   17   20  54%  81.9M    n/a  n/a
   3   5d |   7 1.0   14   7.6M  178  537  75%    10M |  99.9   n/a   1   27  1.37M   14   22  61%  81.9M    n/a  n/a
   3   5e |   7 1.0   15   7.9M  169  523  75%    10M |  99.9   n/a   1   27  1.64M   18   22  55%  81.9M    n/a  n/a
   3   5f |   7 1.0   14   7.7M  172  469  73%    10M |  99.9   n/a   1   27  1.69M   16   22  57%  81.9M    n/a  n/a
   3   60 |   7 1.0   15   7.6M  182  545  74%    10M |  99.9   n/a   1   27  1.91M   20   24  54%  81.9M    n/a  n/a
   3   61 |   7 1.0   14   7.6M  172  512  74%    10M |  99.9   n/a   1   27  1.84M   19   20  51%  81.9M    n/a  n/a
   3   62 |   7 1.0   15   8.0M  186  576  75%    10M |  99.9   n/a   1   27  1.98M   20   23  53%  81.9M    n/a  n/a
   3   63 |   7 1.0   14   7.7M  170  507  74%    10M |  99.9   n/a   1   27  1.71M   17   22  56%  81.9M    n/a  n/a
   4   64 |   7 1.0   15   7.9M  180  615  77%    10M |  99.9   ovl   1   27  2.14M   21   20  48%  81.9M   423n  n/a
   4   65 |   7 1.0   15   8.1M  187  456  70%    10M |  99.9   ovl   1   27  1.70M   16   21  56%  81.9M  -182n  n/a
   4   66 |   7 1.0   15   7.2M  159  577  78%    10M |  99.9   ovl   1   27  1.23M   12   25  67%  81.9M  -559n  n/a
   4   67 |   7 1.0   15   8.0M  179  496  73%    10M |  99.9   ovl   1   27  1.60M   17   21  55%  81.9M  -456n  n/a
   4   68 |   7 1.0   15   8.0M  191  511  72%    10M |  99.9   ovl   1   27  1.71M   18   20  52%  81.9M   670n  n/a
   4   69 |   7 1.0   15   7.8M  172  523  75%    10M |  99.9   n/a   1   27  1.41M   14   23  62%  81.9M    n/a  n/a
   4   6a |   7 1.0   15   7.7M  181  537  74%    10M |  99.9   n/a   1   27  1.00M   10   27  72%  81.9M    n/a  n/a
   4   6b |   7 1.0   15   7.9M  172  530  75%    10M |  99.9   ovl   1   27  1.66M   16   19  54%  81.9M   674n  n/a
   0   44 |   7 1.0   15   6.0M  136  564  80%    10M |  99.9   n/a   1   27   832k    9   21  70%  81.9M    n/a  n/a
   0   45 |   7 1.0   15   5.9M  130  576  81%    10M |  99.9   n/a   1   27   906k    8   22  73%  81.9M    n/a  n/a
   0   46 |   7 1.0   15   6.2M  139  702  83%    10M |  99.9   ovl   1   27  1.11M   11   25  69%  81.9M  -606n  n/a
   0   47 |   7 1.0   15   5.7M  125  639  83%    10M |  99.9   n/a   1   27   945k    9   20  68%  81.9M    n/a  n/a
   0   48 |   7 1.0   15   5.3M  124  637  83%    10M |  99.9   n/a   1   27  1.31M   13   22  62%  81.9M    n/a  n/a
   0   49 |   7 1.0   15   5.7M  121  558  82%    10M |  99.9   n/a   1   27   873k    9   26  74%  81.9M    n/a  n/a
   0   4a |   7 1.0   15   5.8M  141  599  80%    10M |  99.9   ovl   1   27  1.05M   11   24  68%  81.9M    36n  n/a
   0   4b |   7 1.0   15   5.7M  133  600  81%    10M |  99.9   ovl   1   27  1.05M   10   19  65%  81.9M   213n  n/a

          |--------------------DL---------------------|-------------------------------UL-----------------------------
 pci rnti | cqi  ri  mcs  brate   ok  nok  (%)  dl_bs | pusch  rsrp  ri  mcs  brate   ok  nok  (%)    bsr     ta  phr
   1   4c |   7 1.0   14   2.3M  129  509  79%    10M |  99.9   ovl   1   27   466k   11   16  59%  81.9M  -768n  n/a
   1   4d |   7 1.0   14   2.4M  123  495  80%    10M |  99.9   ovl   1   27   359k    9   16  64%  81.9M   -65n  n/a
   1   4e |   7 1.0   14   2.3M  118  458  79%    10M |  99.9   ovl   1   27   478k   12   19  61%  81.9M   106n  n/a
   1   4f |   7 1.0   14   2.2M  107  454  80%    10M |  99.9   ovl   1   27   449k   11   19  63%  81.9M   106n  n/a
   1   50 |   7 1.0   14   2.3M  121  514  80%    10M |  99.9   ovl   1   27   467k   12   16  57%  81.9M  -127n  n/a
   1   51 |   7 1.0   14   2.3M  113  469  80%    10M |  99.9   ovl   1   27   386k   10   16  61%  81.9M   261n  n/a
   1   52 |   7 1.0   14   2.4M  132  465  77%    10M |  99.9   ovl   1   27   417k   10   14  58%  81.9M   933n  n/a
   1   53 |   7 1.0   14   2.3M  110  503  82%    10M |  99.9   ovl   1   27   536k   13   14  51%  81.9M  -230n  n/a
   2   54 |   7 1.0   15   8.3M  208  493  70%    10M |  99.9   ovl   1   27  1.99M   22   14  38%  81.9M  -222n  n/a
   2   55 |   7 1.0   15   8.2M  205  445  68%    10M |  99.9   ovl   1   27  2.06M   22   12  35%  81.9M  -601n  n/a
   2   56 |   7 1.0   15   8.0M  217  566  72%    10M |  99.9   ovl   1   27  1.89M   22   16  42%  81.9M   -86n  n/a
   2   57 |   7 1.0   15   8.2M  210  437  67%    10M |  99.9   ovl   1   27  2.20M   23   15  39%  81.9M  -169n  n/a
   2   58 |   7 1.0   15   8.2M  223  515  69%    10M |  99.9   ovl   1   27  1.80M   22   15  40%  81.9M   258n  n/a
   2   59 |   7 1.0   15   8.4M  210  463  68%    10M |  99.9   ovl   1   27  1.96M   22   17  43%  81.9M  -300n  n/a
   2   5a |   7 1.0   15   8.2M  211  487  69%    10M |  99.9   ovl   1   27  2.12M   25   15  37%  81.9M    54n  n/a
   2   5b |   7 1.0   15   8.2M  205  458  69%    10M |  99.9   ovl   1   27  2.16M   24   12  33%  81.9M  -144n  n/a
   3   5c |   7 1.0   15   6.5M  153  581  79%    10M |  99.9   ovl   1   27  1.46M   15   19  55%  81.9M  -892n  n/a
   3   5d |   7 1.0   15   6.3M  137  611  81%    10M |  99.9   n/a   1   27  1.59M   15   15  50%  81.9M    n/a  n/a
   3   5e |   7 1.0   15   6.9M  165  573  77%    10M |  99.9   ovl   1   27  1.52M   15   17  53%  81.9M   693n  n/a
   3   5f |   7 1.0   15   6.5M  141  544  79%    10M |  99.9   ovl   1   27   980k    9   19  67%  81.9M   393n  n/a
   3   60 |   7 1.0   15   7.0M  162  643  79%    10M |  99.9   ovl   1   27  1.45M   14   17  54%  81.9M   765n  n/a
   3   61 |   7 1.0   15   6.6M  142  594  80%    10M |  99.9   ovl   1   27   775k    8   18  69%  81.9M  -849n  n/a
   3   62 |   7 1.0   15   6.9M  152  527  77%    10M |  99.9   ovl   1   27  1.02M   10   19  65%  81.9M   478n  n/a
   3   63 |   7 1.0   15   6.5M  142  550  79%    10M |  99.9   n/a   1   27  1.12M   11   19  63%  81.9M    n/a  n/a
   4   64 |   7 1.0   15   7.0M  149  543  78%    10M |  99.9   n/a   1   27  1.03M   12   18  60%  81.9M    n/a  n/a
   4   65 |   7 1.0   15   6.6M  142  582  80%    10M |  99.9   n/a   1   27   879k    9   19  67%  81.9M    n/a  n/a
   4   66 |   7 1.0   15   6.7M  155  579  78%    10M |  99.9   n/a   1   27  1.27M   12   18  60%  81.9M    n/a  n/a
   4   67 |   7 1.0   15   6.5M  146  560  79%    10M |  99.9   n/a   1   27  1.10M   11   16  59%  81.9M    n/a  n/a
   4   68 |   7 1.0   15   7.0M  165  546  76%    10M |  99.9   n/a   1   27  1.14M   11   17  60%  81.9M    n/a  n/a
   4   69 |   7 1.0   15   6.7M  142  547  79%    10M |  99.9   n/a   1   27  1.19M   12   16  57%  81.9M    n/a  n/a
   4   6a |   7 1.0   15   7.1M  169  647  79%    10M |  99.9   n/a   1   27  1.02M   10   18  64%  81.9M    n/a  n/a
   4   6b |   7 1.0   15   6.6M  137  506  78%    10M |  99.9   n/a   1   27  1.25M   13   16  55%  81.9M    n/a  n/a
   0   44 |   7 1.0   15   7.8M  171  506  74%    10M |  99.9   n/a   1   27  1.60M   17   20  54%  81.9M    n/a  n/a
   0   45 |   7 1.0   15   7.8M  170  547  76%    10M |  99.9   n/a   1   27  1.73M   18   16  47%  81.9M    n/a  n/a
   0   46 |   7 1.0   15   7.6M  175  488  73%    10M |  99.9   n/a   1   27  1.48M   13   20  60%  81.9M    n/a  n/a
   0   47 |   7 1.0   15   7.7M  168  525  75%    10M |  99.9   n/a   1   27  1.95M   20   18  47%  81.9M    n/a  n/a
   0   48 |   7 1.0   15   7.7M  178  607  77%    10M |  99.9   n/a   1   27   850k    9   21  70%  81.9M    n/a  n/a
   0   49 |   7 1.0   15   7.8M  173  518  74%    10M |  99.9   n/a   1   27  1.06M   10   22  68%  81.9M    n/a  n/a
   0   4a |   7 1.0   15   7.4M  162  515  76%    10M |  99.9   n/a   1   27  1.74M   18   22  55%  81.9M    n/a  n/a
   0   4b |   7 1.0   15   7.8M  176  519  74%    10M |  99.9   n/a   1   27  1.60M   16   22  57%  81.9M    n/a  n/a
   1   4c |   7 1.0   14   2.4M  131  477  78%    10M |  99.9   ovl   1   27   388k   10   22  68%  81.9M  -414n  n/a
   1   4d |   7 1.0   14   2.5M  125  418  76%    10M |  99.9   ovl   1   27   437k   12   21  63%  81.9M   -76n  n/a
   1   4e |   7 1.0   14   2.5M  137  524  79%    10M |  99.9   ovl   1   27   559k   17   21  55%  81.9M    -2n  n/a
   1   4f |   7 1.0   14   2.5M  128  456  78%    10M |  99.9   ovl   1   27   510k   13   24  64%  81.9M   113n  n/a
   1   50 |   7 1.0   14   2.6M  139  428  75%    10M |  99.9   ovl   1   27   437k   12   21  63%  81.9M   915n  n/a
   1   51 |   7 1.0   14   2.5M  128  479  78%    10M |  99.9   ovl   1   27   587k   16   19  54%  81.9M  -139n  n/a
   1   52 |   7 1.0   14   2.6M  133  448  77%    10M |  99.9   ovl   1   27   582k   15   18  54%  81.9M   430n  n/a
   1   53 |   7 1.0   14   2.4M  118  482  80%    10M |  99.9   ovl   1   27   478k   13   19  59%  81.9M   540n  n/a
   2   54 |   7 1.0   15   7.4M  189  632  76%    10M |  99.9   ovl   1   27  1.49M   17   21  55%  81.9M   178n  n/a
   2   55 |   7 1.0   15   7.3M  177  507  74%    10M |  99.9   ovl   1   27  1.58M   17   19  52%  81.9M   -97n  n/a
   2   56 |   7 1.0   15   7.4M  181  586  76%    10M |  99.9   ovl   1   27  1.36M   16   26  61%  81.9M  -171n  n/a
   2   57 |   7 1.0   15   7.0M  174  525  75%    10M |  99.9   n/a   1   27   705k    8   22  73%  81.9M    n/a  n/a
   2   58 |   7 1.0   15   7.7M  205  549  72%    10M |  99.9   ovl   1   27  1.28M   14   21  60%  81.9M  -957n  n/a
   2   59 |   7 1.0   15   7.4M  182  513  73%    10M |  99.9   n/a   1   27  1.60M   17   22  56%  81.9M    n/a  n/a
   2   5a |   7 1.0   15   7.4M  195  532  73%    10M |  99.9   ovl   1   27  1.36M   14   20  58%  81.9M   586n  n/a
   2   5b |   7 1.0   15   7.3M  177  508  74%    10M |  99.9   ovl   1   27  1.40M   16   23  58%  81.9M  -525n  n/a
   3   5c |   7 1.0   15   7.4M  166  596  78%    10M |  99.9   ovl   1   27  1.42M   15   17  53%  81.9M   896n  n/a
   3   5d |   7 1.0   15   7.5M  163  534  76%    10M |  99.9   n/a   1   27  1.51M   17   18  51%  81.9M    n/a  n/a
   3   5e |   7 1.0   15   7.9M  186  496  72%    10M |  99.9   n/a   1   27  2.01M   21   17  44%  81.9M    n/a  n/a
   3   5f |   7 1.0   15   7.3M  161  526  76%    10M |  99.9   ovl   1   27  1.91M   18   20  52%  81.9M  -620n  n/a
   3   60 |   7 1.0   15   7.5M  168  587  77%    10M |  99.9   ovl   1   27  1.63M   15   16  51%  81.9M  -892n  n/a
   3   61 |   7 1.0   15   7.4M  165  531  76%    10M |  99.9   n/a   1   27  1.56M   14   17  54%  81.9M    n/a  n/a
   3   62 |   7 1.0   15   8.0M  181  520  74%    10M |  99.9   ovl   1   27  1.24M   13   17  56%  81.9M   393n  n/a
   3   63 |   7 1.0   15   7.5M  160  513  76%    10M |  99.9   ovl   1   27  1.19M   12   21  63%  81.9M    -1u  n/a
   4   64 |   7 1.0   15   6.2M  148  538  78%    10M |  99.9   n/a   1   27   916k    9   25  73%  81.9M    n/a  n/a
   4   65 |   7 1.0   15   6.4M  146  527  78%    10M |  99.9   ovl   1   27  1.10M   12   24  66%  81.9M   179n  n/a
   4   66 |   7 1.0   15   5.9M  132  640  82%    10M |  99.9   n/a   1   27   959k    9   21  70%  81.9M    n/a  n/a
   4   67 |   7 1.0   15   6.5M  144  511  78%    10M |  99.9   ovl   1   27  1.37M   14   23  62%  81.9M     1u  n/a
   4   68 |   7 1.0   15   6.2M  150  601  80%    10M |  99.9   ovl   1   27   965k   10   22  68%  81.9M   488n  n/a
   4   69 |   7 1.0   15   6.2M  133  533  80%    10M |  99.9   ovl   1   27  1.34M   14   18  56%  81.9M    62n  n/a
   4   6a |   7 1.0   15   6.4M  139  613  81%    10M |  99.9   ovl   1   27  1.14M   11   22  66%  81.9M  -104n  n/a
   4   6b |   7 1.0   15   6.3M  136  521  79%    10M |  99.9   ovl   1   27  1.41M   16   23  58%  81.9M  -570n  n/a
   0   44 |   7 1.0   16   8.4M  177  533  75%    10M |  99.9   n/a   1   27  2.40M   24   13  35%  81.9M    n/a  n/a
   0   45 |   7 1.0   15   8.6M  186  505  73%    10M |  99.9   ovl   1   27  2.01M   19   21  52%  81.9M  -698n  n/a
   0   46 |   7 1.0   16   9.1M  195  459  70%    10M |  99.9   n/a   1   27  1.63M   17   18  51%  81.9M    n/a  n/a
   0   47 |   7 1.0   15   8.7M  188  469  71%    10M |  99.9   n/a   1   27  1.66M   16   22  57%  81.9M    n/a  n/a
   0   48 |   7 1.0   16   8.6M  186  517  73%    10M |  99.9   n/a   1   27  1.72M   19   21  52%  81.9M    n/a  n/a
   0   49 |   7 1.0   15   8.4M  185  520  73%    10M |  99.9   n/a   1   27  1.28M   13   22  62%  81.9M    n/a  n/a
   0   4a |   7 1.0   15   8.7M  197  466  70%    10M |  99.9   ovl   1   27  2.49M   26   19  42%  81.9M  -960n  n/a
   0   4b |   7 1.0   15   8.7M  194  463  70%    10M |  99.9   n/a   1   27  1.77M   17   17  50%  81.9M    n/a  n/a
   1   4c |   7 1.0   14   2.5M  134  492  78%    10M |  99.9   ovl   1   27   472k   13   28  68%  81.9M  -924n  n/a
   1   4d |   7 1.0   14   2.5M  129  390  75%    10M |  99.9   ovl   1   27   457k   14   29  67%  81.9M   282n  n/a
   1   4e |   7 1.0   14   2.6M  142  424  74%    10M |  99.9   ovl   1   27   393k   11   28  71%  81.9M   189n  n/a
   1   4f |   7 1.0   14   2.5M  120  424  77%    10M |  99.9   ovl   1   27   532k   14   28  66%  81.9M  -418n  n/a
   1   50 |   7 1.0   14   2.5M  126  431  77%    10M |  99.9   ovl   1   27   499k   12   26  68%  81.9M   416n  n/a
   1   51 |   7 1.0   14   2.5M  122  443  78%    10M |  99.9   ovl   1   27   442k   12   27  69%  81.9M   109n  n/a
   1   52 |   7 1.0   14   2.6M  130  493  79%    10M |  99.9   ovl   1   27   513k   13   28  68%  81.9M  -387n  n/a
   1   53 |   7 1.0   14   2.6M  133  462  77%    10M |  99.9   ovl   1   27   552k   15   25  62%  81.9M   540n  n/a

          |--------------------DL---------------------|-------------------------------UL-----------------------------
 pci rnti | cqi  ri  mcs  brate   ok  nok  (%)  dl_bs | pusch  rsrp  ri  mcs  brate   ok  nok  (%)    bsr     ta  phr
   2   54 |   7 1.0   16   7.4M  177  578  76%    10M |  99.9   n/a   1   27   936k   12   24  66%  81.9M    n/a  n/a
   2   55 |   7 1.0   15   7.5M  184  532  74%    10M |  99.9   n/a   1   27  1.40M   15   25  62%  81.9M    n/a  n/a
   2   56 |   7 1.0   16   7.4M  187  634  77%    10M |  99.9   n/a   1   27  1.19M   14   24  63%  81.9M    n/a  n/a
   2   57 |   7 1.0   16   7.6M  179  518  74%    10M |  99.9   n/a   1   27  1.11M   12   27  69%  81.9M    n/a  n/a
   2   58 |   7 1.0   16   8.0M  198  533  72%    10M |  99.9   n/a   1   27  1.12M   13   21  61%  81.9M    n/a  n/a
   2   59 |   7 1.0   15   7.4M  170  518  75%    10M |  99.9   n/a   1   27  1.11M   13   23  63%  81.9M    n/a  n/a
   2   5a |   7 1.0   15   7.7M  190  511  72%    10M |  99.9   n/a   1   27  1.21M   14   25  64%  81.9M    n/a  n/a
   2   5b |   7 1.0   15   7.5M  175  522  74%    10M |  99.9   n/a   1   27  1.28M   15   23  60%  81.9M    n/a  n/a
   3   5c |   7 1.0   16   8.2M  179  569  76%    10M |  99.9   ovl   1   27  1.92M   19   20  51%  81.9M    66n  n/a
   3   5d |   7 1.0   15   8.4M  176  511  74%    10M |  99.9   n/a   1   27  1.46M   15   23  60%  81.9M    n/a  n/a
   3   5e |   7 1.0   16   8.3M  180  498  73%    10M |  99.9   n/a   1   27  1.73M   17   27  61%  81.9M    n/a  n/a
   3   5f |   7 1.0   15   8.5M  177  442  71%    10M |  99.9   n/a   1   27  1.63M   16   26  61%  81.9M    n/a  n/a
   3   60 |   7 1.0   16   8.1M  179  565  75%    10M |  99.9   ovl   1   27  1.74M   18   25  58%  81.9M   864n  n/a
   3   61 |   7 1.0   15   8.1M  177  461  72%    10M |  99.9   n/a   1   27  1.27M   13   26  66%  81.9M    n/a  n/a
   3   62 |   7 1.0   15   8.0M  170  591  77%    10M |  99.9   n/a   1   27  1.33M   12   29  70%  81.9M    n/a  n/a
   3   63 |   7 1.0   15   8.4M  179  483  72%    10M |  99.9   n/a   1   27  1.61M   17   28  62%  81.9M    n/a  n/a
   4   64 |   7 1.0   16   8.8M  182  535  74%    10M |  99.9   n/a   1   27   963k    9   23  71%  81.9M    n/a  n/a
   4   65 |   7 1.0   15   8.9M  193  490  71%    10M |  99.9   n/a   1   27  1.33M   12   21  63%  81.9M    n/a  n/a
   4   66 |   7 1.0   16   9.2M  196  509  72%    10M |  99.9   n/a   1   27  1.21M   12   24  66%  81.9M    n/a  n/a
   4   67 |   7 1.0   15   8.9M  189  481  71%    10M |  99.9   n/a   1   27  1.39M   14   23  62%  81.9M    n/a  n/a
   4   68 |   7 1.0   16   9.0M  191  571  74%    10M |  99.9   n/a   1   27  1.25M   13   26  66%  81.9M    n/a  n/a
   4   69 |   7 1.0   15   9.1M  197  503  71%    10M |  99.9   n/a   1   27  1.27M   11   21  65%  81.9M    n/a  n/a
   4   6a |   7 1.0   16   9.2M  202  495  71%    10M |  99.9   n/a   1   27  1.42M   13   22  62%  81.9M    n/a  n/a
   4   6b |   7 1.0   15   8.7M  187  484  72%    10M |  99.9   n/a   1   27  1.26M   13   24  64%  81.9M    n/a  n/a
   0   44 |   7 1.0   16   7.2M  152  598  79%    10M |  99.9   n/a   1   27  1.16M   12   18  60%  81.9M    n/a  n/a
   0   45 |   7 1.0   16   7.1M  139  498  78%    10M |  99.9   n/a   1   27   805k    8   23  74%  81.9M    n/a  n/a
   0   46 |   7 1.0   16   6.9M  142  585  80%    10M |  99.9   n/a   1   27   906k    9   25  73%  81.9M    n/a  n/a
   0   47 |   7 1.0   16   6.9M  145  556  79%    10M |  99.9   n/a   1   27   986k   10   24  70%  81.9M    n/a  n/a
   0   48 |   7 1.0   16   7.2M  144  560  79%    10M |  99.9   n/a   1   27   971k   10   20  66%  81.9M    n/a  n/a
   0   49 |   7 1.0   16   6.9M  145  520  78%    10M |  99.9   n/a   1   27   727k    7   22  75%  81.9M    n/a  n/a
   0   4a |   7 1.0   16   7.2M  147  560  79%    10M |  99.9   n/a   1   27  1.07M   10   22  68%  81.9M    n/a  n/a
   0   4b |   7 1.0   16   6.7M  135  500  78%    10M |  99.9   n/a   1   27   582k    7   19  73%  81.9M    n/a  n/a
   1   4c |   7 1.0   15   3.0M  139  431  75%    10M |  99.9   ovl   1   27   747k   21   18  46%  81.9M   -43n  n/a
   1   4d |   7 1.0   14   3.2M  156  338  68%    10M |  99.9   ovl   1   27   946k   25   12  32%  81.9M   386n  n/a
   1   4e |   7 1.0   15   3.2M  151  400  72%    10M |  99.9   ovl   1   27   800k   23   15  39%  81.9M   386n  n/a
   1   4f |   7 1.0   14   3.0M  144  342  70%    10M |  99.9   ovl   1   27   612k   17   18  51%  81.9M    58n  n/a
   1   50 |   7 1.0   15   3.0M  148  428  74%    10M |  99.9   ovl   1   27   605k   16   15  48%  81.9M   462n  n/a
   1   51 |   7 1.0   14   3.0M  144  329  69%    10M |  99.9   ovl   1   27   967k   27   16  37%  81.9M   -49n  n/a
   1   52 |   7 1.0   15   3.0M  148  440  74%    10M |  99.9   ovl   1   27   903k   25   19  43%  81.9M    86n  n/a
   1   53 |   7 1.0   14   3.0M  154  371  70%    10M |  99.9   ovl   1   27   878k   24   15  38%  81.9M   145n  n/a
   2   54 |   7 1.0   16   8.0M  205  627  75%    10M |  99.9   n/a   1   27  1.47M   17   23  57%  81.9M    n/a  n/a
   2   55 |   7 1.0   16   7.9M  177  510  74%    10M |  99.9   n/a   1   27  1.22M   14   23  62%  81.9M    n/a  n/a
   2   56 |   7 1.0   16   8.4M  203  510  71%    10M |  99.9   n/a   1   27  1.55M   17   21  55%  81.9M    n/a  n/a
   2   57 |   7 1.0   16   8.0M  180  525  74%    10M |  99.9   n/a   1   27  1.25M   15   24  61%  81.9M    n/a  n/a
   2   58 |   7 1.0   16   7.8M  179  529  74%    10M |  99.9   n/a   1   27  1.51M   17   25  59%  81.9M    n/a  n/a
   2   59 |   7 1.0   16   7.9M  190  550  74%    10M |  99.9   n/a   1   27  1.32M   17   25  59%  81.9M    n/a  n/a
   2   5a |   7 1.0   16   8.4M  202  517  71%    10M |  99.9   n/a   1   27  1.43M   17   22  56%  81.9M    n/a  n/a
   2   5b |   7 1.0   16   7.8M  184  546  74%    10M |  99.9   n/a   1   27  1.47M   17   24  58%  81.9M    n/a  n/a
   3   5c |   7 1.0   16   8.9M  185  486  72%    10M |  99.9   ovl   1   27  1.47M   15   19  55%  81.9M   838n  n/a
   3   5d |   7 1.0   16   8.8M  182  458  71%    10M |  99.9   ovl   1   27  1.66M   16   16  50%  81.9M  -307n  n/a
   3   5e |   7 1.0   16   8.2M  175  558  76%    10M |  99.9   ovl   1   27  1.68M   17   14  45%  81.9M   465n  n/a
   3   5f |   7 1.0   16   9.1M  185  437  70%    10M |  99.9   ovl   1   27  1.87M   18   15  45%  81.9M   441n  n/a
   3   60 |   7 1.0   16   8.4M  179  487  73%    10M |  99.9   ovl   1   27  1.81M   18   16  47%  81.9M   284n  n/a
   3   61 |   7 1.0   16   8.4M  173  482  73%    10M |  99.9   ovl   1   27  1.86M   18   13  41%  81.9M   602n  n/a
   3   62 |   7 1.0   16   8.8M  195  540  73%    10M |  99.9   ovl   1   27  1.34M   12   16  57%  81.9M  -892n  n/a
   3   63 |   7 1.0   16   9.0M  188  440  70%    10M |  99.9   ovl   1   27  2.36M   22   15  40%  81.9M   -54n  n/a
   4   64 |   7 1.0   16   6.5M  130  586  81%    10M |  99.9   n/a   1   27   736k    8   23  74%  81.9M    n/a  n/a
   4   65 |   7 1.0   16   6.5M  139  539  79%    10M |  99.9   n/a   1   27   955k    9   25  73%  81.9M    n/a  n/a
   4   66 |   7 1.0   16   6.6M  144  626  81%    10M |  99.9   n/a   1   27  1.13M   11   20  64%  81.9M    n/a  n/a
   4   67 |   7 1.0   16   6.6M  138  559  80%    10M |  99.9   ovl   1   27  1.47M   14   24  63%  81.9M   765n  n/a
   4   68 |   7 1.0   16   6.9M  138  646  82%    10M |  99.9   ovl   1   27  1.69M   17   18  51%  81.9M   670n  n/a
   4   69 |   7 1.0   16   6.4M  136  525  79%    10M |  99.9   n/a   1   27  1.34M   13   21  61%  81.9M    n/a  n/a
   4   6a |   7 1.0   16   7.0M  148  551  78%    10M |  99.9   n/a   1   27  1.13M   12   19  61%  81.9M    n/a  n/a
   4   6b |   7 1.0   16   6.6M  131  562  81%    10M |  99.9   n/a   1   27   941k    9   21  70%  81.9M    n/a  n/a
   0   44 |   7 1.0   16   7.8M  166  531  76%    10M |  99.9   ovl   1   27   922k   10   21  67%  81.9M  -129n  n/a
   0   45 |   7 1.0   16   7.6M  152  524  77%    10M |  99.9   ovl   1   27   738k    7   23  76%  81.9M  -254n  n/a
   0   46 |   7 1.0   16   7.6M  157  599  79%    10M |  99.9   n/a   1   27  1.11M   10   19  65%  81.9M    n/a  n/a
   0   47 |   7 1.0   16   7.4M  149  493  76%    10M |  99.9   ovl   1   27   953k   10   21  67%  81.9M  -494n  n/a
   0   48 |   7 1.0   16   7.6M  169  599  77%    10M |  99.9   n/a   1   27   877k    9   18  66%  81.9M    n/a  n/a
   0   49 |   7 1.0   16   7.8M  154  505  76%    10M |  99.9   ovl   1   27  1.25M   13   20  60%  81.9M   440n  n/a
   0   4a |   7 1.0   16   8.1M  166  507  75%    10M |  99.9   n/a   1   27  1.39M   14   20  58%  81.9M    n/a  n/a
   0   4b |   7 1.0   16   7.5M  151  505  76%    10M |  99.9   n/a   1   27  1.30M   13   18  58%  81.9M    n/a  n/a
   1   4c |   7 1.0   15   2.7M  135  460  77%    10M |  99.9   ovl   1   27   780k   21   19  47%  81.9M   615n  n/a
   1   4d |   7 1.0   15   2.9M  133  420  75%    10M |  99.9   ovl   1   27   576k   15   19  55%  81.9M   590n  n/a
   1   4e |   7 1.0   15   2.8M  137  476  77%    10M |  99.9   ovl   1   27   620k   17   18  51%  81.9M   223n  n/a
   1   4f |   7 1.0   15   2.9M  134  420  75%    10M |  99.9   ovl   1   27   556k   16   21  56%  81.9M   977n  n/a
   1   50 |   7 1.0   15   2.9M  144  442  75%    10M |  99.9   ovl   1   27   759k   19   20  51%  81.9M   102n  n/a
   1   51 |   7 1.0   15   2.9M  134  394  74%    10M |  99.9   ovl   1   27   533k   13   20  60%  81.9M   329n  n/a
   1   52 |   7 1.0   15   2.8M  135  423  75%    10M |  99.9   ovl   1   27   547k   15   20  57%  81.9M   394n  n/a
   1   53 |   7 1.0   15   2.9M  134  437  76%    10M |  99.9   ovl   1   27   660k   18   21  53%  81.9M   430n  n/a
   2   54 |   7 1.0   16   5.6M  134  766  85%    10M |  99.9   n/a   1   27   715k    9   25  73%  81.9M    n/a  n/a
   2   55 |   7 1.0   16   5.8M  139  568  80%    10M |  99.9   n/a   1   27  1.05M   12   21  63%  81.9M    n/a  n/a
   2   56 |   7 1.0   16   5.9M  149  599  80%    10M |  99.9   n/a   1   27   803k    9   25  73%  81.9M    n/a  n/a
   2   57 |   7 1.0   16   5.6M  130  567  81%    10M |  99.9   n/a   1   27   996k   13   23  63%  81.9M    n/a  n/a
   2   58 |   7 1.0   16   5.6M  145  695  82%    10M |  99.9   n/a   1   27   791k    9   23  71%  81.9M    n/a  n/a
   2   59 |   7 1.0   16   5.7M  135  552  80%    10M |  99.9   n/a   1   27   904k   10   22  68%  81.9M    n/a  n/a
   2   5a |   7 1.0   16   5.3M  133  608  82%    10M |  99.9   n/a   1   27   980k   11   21  65%  81.9M    n/a  n/a
   2   5b |   7 1.0   16   6.0M  137  554  80%    10M |  99.9   n/a   1   27   764k   10   25  71%  81.9M    n/a  n/a

          |--------------------DL---------------------|-------------------------------UL-----------------------------
 pci rnti | cqi  ri  mcs  brate   ok  nok  (%)  dl_bs | pusch  rsrp  ri  mcs  brate   ok  nok  (%)    bsr     ta  phr
   3   5c |   7 1.0   16   9.0M  193  502  72%    10M |  99.9   ovl   1   27  2.16M   22   23  51%  81.9M  -277n  n/a
   3   5d |   7 1.0   16   9.0M  175  478  73%    10M |  99.9   ovl   1   27  1.67M   17   22  56%  81.9M    74n  n/a
   3   5e |   7 1.0   16   8.9M  189  472  71%    10M |  99.9   ovl   1   27  1.70M   18   19  51%  81.9M   368n  n/a
   3   5f |   7 1.0   16   8.9M  176  485  73%    10M |  99.9   ovl   1   27  1.93M   18   24  57%  81.9M   -47n  n/a
   3   60 |   7 1.0   16   8.8M  183  525  74%    10M |  99.9   ovl   1   27  2.04M   22   20  47%  81.9M   180n  n/a
   3   61 |   7 1.0   16   9.3M  186  470  71%    10M |  99.9   ovl   1   27  1.75M   18   20  52%  81.9M   -85n  n/a
   3   62 |   7 1.0   16   9.0M  187  576  75%    10M |  99.9   ovl   1   27  2.40M   24   23  48%  81.9M   243n  n/a
   3   63 |   7 1.0   16   8.8M  177  437  71%    10M |  99.9   ovl   1   27  1.50M   16   22  57%  81.9M   147n  n/a
   4   64 |   7 1.0   16   6.7M  145  700  82%    10M |  99.9   n/a   1   27   551k    5   18  78%  81.9M    n/a  n/a
   4   65 |   7 1.0   16   6.7M  131  551  80%    10M |  99.9   n/a   1   27   711k    7   23  76%  81.9M    n/a  n/a
   4   66 |   7 1.0   16   6.4M  143  630  81%    10M |  99.9   n/a   1   27   504k    6   25  80%  81.9M    n/a  n/a
   4   67 |   7 1.0   16   6.3M  125  562  81%    10M |  99.9   n/a   1   27   477k    5   22  81%  81.9M    n/a  n/a
   4   68 |   7 1.0   16   6.9M  138  639  82%    10M |  99.9   n/a   1   27   707k    7   20  74%  81.9M    n/a  n/a
   4   69 |   7 1.0   16   6.5M  135  525  79%    10M |  99.9   n/a   1   27   678k    8   22  73%  81.9M    n/a  n/a
   4   6a |   7 1.0   16   6.5M  140  621  81%    10M |  99.9   n/a   1   27   434k    4   24  85%  81.9M    n/a  n/a
   4   6b |   7 1.0   16   6.2M  128  616  82%    10M |  99.9   n/a   1   27   902k    9   26  74%  81.9M    n/a  n/a
   0   44 |   7 1.0   16   7.9M  172  601  77%    10M |  99.9   n/a   1   27  1.50M   14   18  56%  81.9M    n/a  n/a
   0   45 |   7 1.0   16   7.4M  144  550  79%    10M |  99.9   n/a   1   27  1.39M   13   17  56%  81.9M    n/a  n/a
   0   46 |   7 1.0   16   7.2M  148  659  81%    10M |  99.9   n/a   1   27   889k    9   20  68%  81.9M    n/a  n/a
   0   47 |   7 1.0   16   7.1M  143  543  79%    10M |  99.9   n/a   1   27  1.22M   13   17  56%  81.9M    n/a  n/a
   0   48 |   7 1.0   16   8.0M  167  588  77%    10M |  99.9   n/a   1   27  1.09M   12   19  61%  81.9M    n/a  n/a
   0   49 |   7 1.0   16   7.1M  148  529  78%    10M |  99.9   n/a   1   27  1.58M   16   16  50%  81.9M    n/a  n/a
   0   4a |   7 1.0   16   7.6M  169  548  76%    10M |  99.9   n/a   1   27  1.22M   13   21  61%  81.9M    n/a  n/a
   0   4b |   7 1.0   16   7.3M  143  567  79%    10M |  99.9   n/a   1   27  1.38M   13   16  55%  81.9M    n/a  n/a
   1   4c |   7 1.0   15   2.4M  122  516  80%    10M |  99.9   n/a   1   27   512k   14   19  57%  81.9M    n/a  n/a
   1   4d |   7 1.0   15   2.4M  117  476  80%    10M |  99.9   n/a   1   27   306k    9   21  70%  81.9M    n/a  n/a
   1   4e |   7 1.0   15   2.4M  112  517  82%    10M |  99.9   n/a   1   27   345k    9   18  66%  81.9M    n/a  n/a
   1   4f |   7 1.0   15   2.2M  103  476  82%    10M |  99.9   n/a   1   27   373k   10   19  65%  81.9M    n/a  n/a
   1   50 |   7 1.0   15   2.3M  111  519  82%    10M |  99.9   n/a   1   27   227k    6   21  77%  81.9M    n/a  n/a
   1   51 |   7 1.0   15   2.3M  106  498  82%    10M |  99.9   n/a   1   27   508k   14   19  57%  81.9M    n/a  n/a
   1   52 |   7 1.0   15   2.4M  118  527  81%    10M |  99.9   n/a   1   27   271k    8   24  75%  81.9M    n/a  n/a
   1   53 |   7 1.0   15   2.4M  100  492  83%    10M |  99.9   n/a   1   27   203k    6   17  73%  81.9M    n/a  n/a
   2   54 |   7 1.0   17   9.9M  221  506  69%    10M |  99.9   ovl   1   27  2.06M   22   23  51%  81.9M  -526n  n/a
   2   55 |   7 1.0   16   9.3M  204  509  71%    10M |  99.9   ovl   1   27  1.66M   18   20  52%  81.9M  -163n  n/a
   2   56 |   7 1.0   17   9.7M  213  483  69%    10M |  99.9   ovl   1   27  1.37M   16   20  55%  81.9M   122n  n/a
   2   57 |   7 1.0   16   9.3M  205  512  71%    10M |  99.9   ovl   1   27  1.39M   16   22  57%  81.9M   -48n  n/a
   2   58 |   7 1.0   17   9.8M  222  546  71%    10M |  99.9   ovl   1   27  1.51M   18   21  53%  81.9M   303n  n/a
   2   59 |   7 1.0   16   9.7M  217  493  69%    10M |  99.9   ovl   1   27  1.33M   14   25  64%  81.9M    -1u  n/a
   2   5a |   7 1.0   17    10M  234  475  66%    10M |  99.9   ovl   1   27  1.33M   17   25  59%  81.9M   139n  n/a
   2   5b |   7 1.0   16   9.1M  209  517  71%    10M |  99.9   ovl   1   27  1.44M   16   22  57%  81.9M  -822n  n/a
   3   5c |   7 1.0   17   7.6M  159  630  79%    10M |  99.9   n/a   1   27  1.09M   10   17  62%  81.9M    n/a  n/a
   3   5d |   7 1.0   16   7.6M  157  558  78%    10M |  99.9   n/a   1   27  1.40M   14   17  54%  81.9M    n/a  n/a
   3   5e |   7 1.0   17   7.7M  162  607  78%    10M |  99.9   n/a   1   27  1.14M   11   18  62%  81.9M    n/a  n/a
   3   5f |   7 1.0   16   7.6M  161  487  75%    10M |  99.9   n/a   1   27   994k   10   21  67%  81.9M    n/a  n/a
   3   60 |   7 1.0   16   7.8M  157  565  78%    10M |  99.9   n/a   1   27   701k    7   19  73%  81.9M    n/a  n/a
   3   61 |   7 1.0   16   7.8M  161  539  77%    10M |  99.9   n/a   1   27  1.00M   10   26  72%  81.9M    n/a  n/a
   3   62 |   7 1.0   16   8.0M  157  532  77%    10M |  99.9   n/a   1   27  1.50M   14   18  56%  81.9M    n/a  n/a
   3   63 |   7 1.0   16   7.8M  159  532  76%    10M |  99.9   n/a   1   27   981k   10   20  66%  81.9M    n/a  n/a
   4   64 |   7 1.0   17    10M  211  486  69%    10M |  99.9   n/a   1   27  1.99M   20   21  51%  81.9M    n/a  n/a
   4   65 |   7 1.0   16   9.6M  200  516  72%    10M |  99.9   n/a   1   27  2.09M   23   20  46%  81.9M    n/a  n/a
   4   66 |   7 1.0   17   9.8M  200  567  73%    10M |  99.9   n/a   1   27  2.01M   20   25  55%  81.9M    n/a  n/a
   4   67 |   7 1.0   16   9.8M  196  490  71%    10M |  99.9   n/a   1   27  1.99M   19   22  53%  81.9M    n/a  n/a
   4   68 |   7 1.0   17   9.9M  204  491  70%    10M |  99.9   n/a   1   27  1.64M   17   22  56%  81.9M    n/a  n/a
   4   69 |   7 1.0   16   9.7M  196  424  68%    10M |  99.9   n/a   1   27  1.91M   20   23  53%  81.9M    n/a  n/a
   4   6a |   7 1.0   17   9.7M  200  554  73%    10M |  99.9   n/a   1   27  1.76M   17   25  59%  81.9M    n/a  n/a
   4   6b |   7 1.0   16   9.8M  200  489  70%    10M |  99.9   n/a   1   27  2.18M   23   20  46%  81.9M    n/a  n/a
   0   44 |   7 1.0   17   9.2M  180  565  75%    10M |  99.9   n/a   1   27  2.07M   22   18  45%  81.9M    n/a  n/a
   0   45 |   7 1.0   16   9.2M  185  485  72%    10M |  99.9   n/a   1   27  1.44M   14   19  57%  81.9M    n/a  n/a
   0   46 |   7 1.0   17   9.3M  183  552  75%    10M |  99.9   n/a   1   27  1.46M   15   16  51%  81.9M    n/a  n/a
   0   47 |   7 1.0   16   8.9M  184  453  71%    10M |  99.9   n/a   1   27  1.65M   16   18  52%  81.9M    n/a  n/a
   0   48 |   7 1.0   17   9.4M  181  526  74%    10M |  99.9   n/a   1   27  1.82M   18   18  50%  81.9M    n/a  n/a
   0   49 |   7 1.0   16   9.1M  179  466  72%    10M |  99.9   n/a   1   27  1.33M   15   21  58%  81.9M    n/a  n/a
   0   4a |   7 1.0   17   9.3M  188  527  73%    10M |  99.9   n/a   1   27  1.97M   18   20  52%  81.9M    n/a  n/a
   0   4b |   7 1.0   16   9.1M  172  487  73%    10M |  99.9   n/a   1   27  1.21M   13   18  58%  81.9M    n/a  n/a
   1   4c |   7 1.0   15   2.5M  129  521  80%    10M |  99.9   n/a   1   27   590k   16   18  52%  81.9M    n/a  n/a
   1   4d |   7 1.0   15   2.5M  118  466  79%    10M |  99.9   n/a   1   27   510k   14   19  57%  81.9M    n/a  n/a
   1   4e |   7 1.0   15   2.4M  112  577  83%    10M |  99.9   n/a   1   27   544k   14   16  53%  81.9M    n/a  n/a
   1   4f |   7 1.0   15   2.4M  114  498  81%    10M |  99.9   n/a   1   27   384k    9   23  71%  81.9M    n/a  n/a
   1   50 |   7 1.0   15   2.5M  126  528  80%    10M |  99.9   n/a   1   27   423k   10   22  68%  81.9M    n/a  n/a
   1   51 |   7 1.0   15   2.4M  102  424  80%    10M |  99.9   n/a   1   27   529k   15   17  53%  81.9M    n/a  n/a
   1   52 |   7 1.0   15   2.5M  119  537  81%    10M |  99.9   n/a   1   27   487k   14   20  58%  81.9M    n/a  n/a
   1   53 |   7 1.0   15   2.5M  109  486  81%    10M |  99.9   n/a   1   27   624k   16   19  54%  81.9M    n/a  n/a
   2   54 |   7 1.0   17   6.6M  154  657  81%    10M |  99.9   n/a   1   27  1.15M   13   22  62%  81.9M    n/a  n/a
   2   55 |   7 1.0   17   6.7M  149  565  79%    10M |  99.9   n/a   1   27  1.18M   14   21  60%  81.9M    n/a  n/a
   2   56 |   7 1.0   17   6.7M  154  664  81%    10M |  99.9   n/a   1   27  1.01M   12   21  63%  81.9M    n/a  n/a
   2   57 |   7 1.0   17   6.8M  145  583  80%    10M |  99.9   n/a   1   27   998k   11   20  64%  81.9M    n/a  n/a
   2   58 |   7 1.0   17   6.6M  149  571  79%    10M |  99.9   n/a   1   27  1.28M   16   21  56%  81.9M    n/a  n/a
   2   59 |   7 1.0   17   7.2M  154  574  78%    10M |  99.9   n/a   1   27  1.11M   12   22  64%  81.9M    n/a  n/a
   2   5a |   7 1.0   17   6.5M  146  625  81%    10M |  99.9   n/a   1   27  1.06M   12   19  61%  81.9M    n/a  n/a
   2   5b |   7 1.0   17   7.0M  148  555  78%    10M |  99.9   n/a   1   27  1.10M   12   19  61%  81.9M    n/a  n/a
   3   5c |   7 1.0   17   9.8M  190  558  74%    10M |  99.9   ovl   1   27  2.19M   24   20  45%  81.9M   226n  n/a
   3   5d |   7 1.0   17   9.9M  199  475  70%    10M |  99.9   ovl   1   27  3.27M   32   17  34%  81.9M    58n  n/a
   3   5e |   7 1.0   17    10M  216  513  70%    10M |  99.9   ovl   1   27  2.41M   24   22  47%  81.9M   120n  n/a
   3   5f |   7 1.0   17   9.4M  180  473  72%    10M |  99.9   ovl   1   27  2.67M   28   22  44%  81.9M  -393n  n/a
   3   60 |   7 1.0   17  10.0M  209  470  69%    10M |  99.9   ovl   1   27  2.75M   26   19  42%  81.9M   247n  n/a
   3   61 |   7 1.0   17   9.7M  191  481  71%    10M |  99.9   ovl   1   27  2.85M   27   17  38%  81.9M    43n  n/a
   3   62 |   7 1.0   17   9.8M  213  469  68%    10M |  99.9   ovl   1   27  2.72M   27   20  42%  81.9M   366n  n/a
   3   63 |   7 1.0   17   9.7M  190  453  70%    10M |  99.9   ovl   1   27  3.10M   31   19  38%  81.9M   -68n  n/a

          |--------------------DL---------------------|-------------------------------UL-----------------------------
 pci rnti | cqi  ri  mcs  brate   ok  nok  (%)  dl_bs | pusch  rsrp  ri  mcs  brate   ok  nok  (%)    bsr     ta  phr
   4   64 |   7 1.0   17   7.8M  156  580  78%    10M |  99.9   n/a   1   27  1.16M   12   15  55%  81.9M    n/a  n/a
   4   65 |   7 1.0   17   8.0M  156  612  79%    10M |  99.9   n/a   1   27   850k    9   19  67%  81.9M    n/a  n/a
   4   66 |   7 1.0   17   8.1M  163  581  78%    10M |  99.9   n/a   1   27   955k   10   16  61%  81.9M    n/a  n/a
   4   67 |   7 1.0   16   7.9M  154  587  79%    10M |  99.9   n/a   1   27   918k   10   16  61%  81.9M    n/a  n/a
   4   68 |   7 1.0   17   7.5M  151  578  79%    10M |  99.9   n/a   1   27   988k   10   16  61%  81.9M    n/a  n/a
   4   69 |   7 1.0   17   7.7M  143  505  77%    10M |  99.9   n/a   1   27   771k    7   16  69%  81.9M    n/a  n/a
   4   6a |   7 1.0   17   7.8M  156  579  78%    10M |  99.9   n/a   1   27  1.07M   10   17  62%  81.9M    n/a  n/a
   4   6b |   7 1.0   17   8.1M  160  544  77%    10M |  99.9   n/a   1   27   846k    9   18  66%  81.9M    n/a  n/a
   0   44 |   7 1.0   17   6.8M  129  570  81%    10M |  99.9   n/a   1   27  1.05M   10   22  68%  81.9M    n/a  n/a
   0   45 |   7 1.0   17   7.2M  134  480  78%    10M |  99.9   ovl   1   27  1.02M    9   21  70%  81.9M  -422n  n/a
   0   46 |   7 1.0   17   7.4M  147  626  80%    10M |  99.9   n/a   1   27  1.03M   12   22  64%  81.9M    n/a  n/a
   0   47 |   7 1.0   17   7.3M  141  495  77%    10M |  99.9   n/a   1   27  1.37M   15   23  60%  81.9M    n/a  n/a
   0   48 |   7 1.0   17   7.8M  156  568  78%    10M |  99.9   n/a   1   27   834k    8   20  71%  81.9M    n/a  n/a
   0   49 |   7 1.0   17   7.1M  129  515  79%    10M |  99.9   n/a   1   27  1.51M   16   22  57%  81.9M    n/a  n/a
   0   4a |   7 1.0   17   7.5M  155  596  79%    10M |  99.9   n/a   1   27  1.37M   14   18  56%  81.9M    n/a  n/a
   0   4b |   7 1.0   17   7.0M  140  485  77%    10M |  99.9   n/a   1   27  1.12M   12   26  68%  81.9M    n/a  n/a
   1   4c |   7 1.0   16   2.3M  111  461  80%    10M |  99.9   n/a   1   27   240k    7   21  75%  81.9M    n/a  n/a
   1   4d |   7 1.0   15   2.1M   97  491  83%    10M |  99.9   n/a   1   27   138k    4   23  85%  81.9M    n/a  n/a
   1   4e |   7 1.0   15   2.2M   95  552  85%    10M |  99.9   ovl   1   27   338k    9   21  70%  81.9M   102n  n/a
   1   4f |   7 1.0   15   2.2M   98  498  83%    10M |  99.9   n/a   1   27   240k    7   26  78%  81.9M    n/a  n/a
   1   50 |   7 1.0   15   2.1M   94  475  83%    10M |  99.9   n/a   1   27   240k    7   22  75%  81.9M    n/a  n/a
   1   51 |   7 1.0   15   2.1M   99  451  82%    10M |  99.9   n/a   1   27   267k    7   23  76%  81.9M    n/a  n/a
   1   52 |   7 1.0   15   2.1M   99  520  84%    10M |  99.9   n/a   1   27   333k    9   21  70%  81.9M    n/a  n/a
   1   53 |   7 1.0   15   2.1M  101  464  82%    10M |  99.9   n/a   1   27   384k    9   22  70%  81.9M    n/a  n/a
   2   54 |   7 1.0   17   8.2M  183  596  76%    10M |  99.9   ovl   1   27  1.72M   19   18  48%  81.9M   714n  n/a
   2   55 |   7 1.0   17   8.0M  175  511  74%    10M |  99.9   ovl   1   27  1.68M   20   19  48%  81.9M  -147n  n/a
   2   56 |   7 1.0   17   8.1M  182  539  74%    10M |  99.9   ovl   1   27  1.58M   17   18  51%  81.9M  -788n  n/a
   2   57 |   7 1.0   17   8.3M  177  551  75%    10M |  99.9   n/a   1   27  1.72M   20   16  44%  81.9M    n/a  n/a
   2   58 |   7 1.0   17   8.2M  181  563  75%    10M |  99.9   ovl   1   27  1.73M   20   18  47%  81.9M   602n  n/a
   2   59 |   7 1.0   17   8.0M  171  541  75%    10M |  99.9   ovl   1   27  1.17M   12   18  60%  81.9M   221n  n/a
   2   5a |   7 1.0   17   8.6M  185  573  75%    10M |  99.9   ovl   1   27  1.44M   16   18  52%  81.9M  -193n  n/a
   2   5b |   7 1.0   17   8.1M  175  533  75%    10M |  99.9   ovl   1   27  1.60M   18   17  48%  81.9M  -665n  n/a
   3   5c |   7 1.0   17   9.2M  183  545  74%    10M |  99.9   ovl   1   27  1.67M   16   15  48%  81.9M  -504n  n/a
   3   5d |   7 1.0   17   9.2M  170  500  74%    10M |  99.9   ovl   1   27  1.45M   13   18  58%  81.9M   -16n  n/a
   3   5e |   7 1.0   17   9.2M  184  512  73%    10M |  99.9   n/a   1   27  1.62M   16   20  55%  81.9M    n/a  n/a
   3   5f |   7 1.0   17   9.2M  171  487  74%    10M |  99.9   ovl   1   27  1.62M   15   18  54%  81.9M   -47n  n/a
   3   60 |   7 1.0   17   9.4M  190  518  73%    10M |  99.9   ovl   1   27  1.32M   13   19  59%  81.9M  -892n  n/a
   3   61 |   7 1.0   17   9.0M  173  502  74%    10M |  99.9   ovl   1   27  1.53M   16   19  54%  81.9M   864n  n/a
   3   62 |   7 1.0   17   9.2M  178  497  73%    10M |  99.9   ovl   1   27  1.33M   14   21  60%  81.9M   478n  n/a
   3   63 |   7 1.0   17   9.1M  171  506  74%    10M |  99.9   ovl   1   27  1.39M   15   19  55%  81.9M  -620n  n/a
   4   64 |   7 1.0   17   8.7M  182  586  76%    10M |  99.9   ovl   1   27  1.03M   10   23  69%  81.9M  -456n  n/a
   4   65 |   7 1.0   17   8.4M  161  503  75%    10M |  99.9   ovl   1   27  1.38M   14   22  61%  81.9M  -989n  n/a
   4   66 |   7 1.0   17   8.7M  168  581  77%    10M |  99.9   ovl   1   27  1.46M   16   24  60%  81.9M   667n  n/a
   4   67 |   7 1.0   17   9.0M  160  539  77%    10M |  99.9   ovl   1   27  1.59M   16   24  60%  81.9M  -927n  n/a
   4   68 |   7 1.0   17   8.6M  177  555  75%    10M |  99.9   ovl   1   27  1.56M   16   22  57%  81.9M  -559n  n/a
   4   69 |   7 1.0   17   8.8M  170  544  76%    10M |  99.9   ovl   1   27  1.32M   12   25  67%  81.9M   547n  n/a
   4   6a |   7 1.0   17   9.0M  188  560  74%    10M |  99.9   ovl   1   27  1.40M   14   24  63%  81.9M   659n  n/a
   4   6b |   7 1.0   17   8.7M  166  594  78%    10M |  99.9   ovl   1   27  1.41M   14   21  60%  81.9M   423n  n/a
   0   44 |   7 1.0   17    11M  221  567  71%    10M |  99.9   n/a   1   27  2.39M   25   19  43%  81.9M    n/a  n/a
   0   45 |   7 1.0   17    11M  213  434  67%    10M |  99.9   n/a   1   27  1.67M   16   21  56%  81.9M    n/a  n/a
   0   46 |   7 1.0   17    11M  200  440  68%    10M |  99.9   n/a   1   27  2.11M   21   23  52%  81.9M    n/a  n/a
   0   47 |   7 1.0   17    11M  205  464  69%    10M |  99.9   n/a   1   27  1.89M   19   19  50%  81.9M    n/a  n/a
   0   48 |   7 1.0   17    11M  221  425  65%    10M |  99.9   n/a   1   27  2.22M   20   19  48%  81.9M    n/a  n/a
   0   49 |   7 1.0   17    11M  213  437  67%    10M |  99.9   n/a   1   27  1.35M   13   19  59%  81.9M    n/a  n/a
   0   4a |   7 1.0   17    11M  217  436  66%    10M |  99.9   n/a   1   27  2.14M   20   23  53%  81.9M    n/a  n/a
   0   4b |   7 1.0   17    11M  217  406  65%    10M |  99.9   n/a   1   27  2.19M   21   19  47%  81.9M    n/a  n/a
   1   4c |   7 1.0   16   3.4M  144  459  76%    10M |  99.9   n/a   1   27   499k   13   22  62%  81.9M    n/a  n/a
   1   4d |   7 1.0   16   3.4M  147  406  73%    10M |  99.9   n/a   1   27   418k   12   21  63%  81.9M    n/a  n/a
   1   4e |   7 1.0   16   3.5M  155  435  73%    10M |  99.9   n/a   1   27   450k   13   26  66%  81.9M    n/a  n/a
   1   4f |   7 1.0   15   3.2M  140  420  75%    10M |  99.9   n/a   1   27   403k   11   21  65%  81.9M    n/a  n/a
   1   50 |   7 1.0   16   3.5M  154  389  71%    10M |  99.9   n/a   1   27   543k   15   22  59%  81.9M    n/a  n/a
   1   51 |   7 1.0   15   3.3M  154  419  73%    10M |  99.9   n/a   1   27   480k   14   21  60%  81.9M    n/a  n/a
   1   52 |   7 1.0   16   3.4M  146  487  76%    10M |  99.9   n/a   1   27   503k   14   23  62%  81.9M    n/a  n/a
   1   53 |   7 1.0   16   3.4M  146  407  73%    10M |  99.9   n/a   1   27   458k   13   22  62%  81.9M    n/a  n/a
   2   54 |   7 1.0   18   8.5M  178  583  76%    10M |  99.9   n/a   1   27  1.07M   14   26  65%  81.9M    n/a  n/a
   2   55 |   7 1.0   17   8.0M  167  562  77%    10M |  99.9   n/a   1   27  1.43M   16   22  57%  81.9M    n/a  n/a
   2   56 |   7 1.0   18   8.1M  171  618  78%    10M |  99.9   n/a   1   27  1.00M   11   22  66%  81.9M    n/a  n/a
   2   57 |   7 1.0   17   8.0M  169  564  76%    10M |  99.9   n/a   1   27   899k   10   30  75%  81.9M    n/a  n/a
   2   58 |   7 1.0   18   8.3M  188  570  75%    10M |  99.9   ovl   1   27  1.48M   19   24  55%  81.9M   714n  n/a
   2   59 |   7 1.0   17   8.0M  164  522  76%    10M |  99.9   n/a   1   27  1.20M   15   31  67%  81.9M    n/a  n/a
   2   5a |   7 1.0   18   8.0M  181  607  77%    10M |  99.9   n/a   1   27  1.17M   14   23  62%  81.9M    n/a  n/a
   2   5b |   7 1.0   17   8.1M  171  562  76%    10M |  99.9   n/a   1   27  1.84M   20   23  53%  81.9M    n/a  n/a
   3   5c |   7 1.0   18   9.2M  167  604  78%    10M |  99.9   n/a   1   27  1.10M   11   26  70%  81.9M    n/a  n/a
   3   5d |   7 1.0   17   8.7M  171  507  74%    10M |  99.9   n/a   1   27  1.19M   11   28  71%  81.9M    n/a  n/a
   3   5e |   7 1.0   18   8.9M  166  574  77%    10M |  99.9   n/a   1   27  1.35M   13   27  67%  81.9M    n/a  n/a
   3   5f |   7 1.0   17   8.6M  164  550  77%    10M |  99.9   n/a   1   27  1.26M   13   28  68%  81.9M    n/a  n/a
   3   60 |   7 1.0   17   9.1M  179  579  76%    10M |  99.9   n/a   1   27  1.51M   14   28  66%  81.9M    n/a  n/a
   3   61 |   7 1.0   17   8.6M  166  509  75%    10M |  99.9   n/a   1   27  1.28M   12   27  69%  81.9M    n/a  n/a
   3   62 |   7 1.0   18   9.3M  185  504  73%    10M |  99.9   n/a   1   27  1.49M   16   26  61%  81.9M    n/a  n/a
   3   63 |   7 1.0   17   8.5M  167  508  75%    10M |  99.9   n/a   1   27  1.30M   14   25  64%  81.9M    n/a  n/a
   4   64 |   7 1.0   17   9.6M  183  529  74%    10M |  99.9   n/a   1   27  1.33M   14   23  62%  81.9M    n/a  n/a
   4   65 |   7 1.0   17   8.7M  169  503  74%    10M |  99.9   n/a   1   27  1.32M   14   25  64%  81.9M    n/a  n/a
   4   66 |   7 1.0   17   9.4M  186  567  75%    10M |  99.9   n/a   1   27  1.56M   16   23  58%  81.9M    n/a  n/a
   4   67 |   7 1.0   17   8.9M  167  496  74%    10M |  99.9   n/a   1   27  1.09M   12   24  66%  81.9M    n/a  n/a
   4   68 |   7 1.0   17   8.7M  161  585  78%    10M |  99.9   n/a   1   27   893k    8   21  72%  81.9M    n/a  n/a
   4   69 |   7 1.0   17   8.9M  171  506  74%    10M |  99.9   n/a   1   27  1.48M   16   21  56%  81.9M    n/a  n/a
   4   6a |   7 1.0   17   9.6M  191  510  72%    10M |  99.9   n/a   1   27  1.58M   17   23  57%  81.9M    n/a  n/a
   4   6b |   7 1.0   17   8.9M  166  489  74%    10M |  99.9   n/a   1   27  1.21M   13   22  62%  81.9M    n/a  n/a

          |--------------------DL---------------------|-------------------------------UL-----------------------------
 pci rnti | cqi  ri  mcs  brate   ok  nok  (%)  dl_bs | pusch  rsrp  ri  mcs  brate   ok  nok  (%)    bsr     ta  phr
   0   44 |   7 1.0   18   9.4M  187  588  75%    10M |  99.9   ovl   1   27  1.35M   13   18  58%  81.9M   213n  n/a
   0   45 |   7 1.0   17   9.6M  188  537  74%    10M |  99.9   ovl   1   27  2.29M   23   24  51%  81.9M  -348n  n/a
   0   46 |   7 1.0   18   9.4M  174  583  77%    10M |  99.9   ovl   1   27  1.55M   15   16  51%  81.9M  -550n  n/a
   0   47 |   7 1.0   17   9.8M  179  475  72%    10M |  99.9   ovl   1   27  1.60M   15   23  60%  81.9M   440n  n/a
   0   48 |   7 1.0   18    10M  178  481  72%    10M |  99.9   ovl   1   27  1.92M   18   20  52%  81.9M   417n  n/a
   0   49 |   7 1.0   17   9.7M  187  498  72%    10M |  99.9   ovl   1   27  1.13M   11   21  65%  81.9M   914n  n/a
   0   4a |   7 1.0   18    10M  186  475  71%    10M |  99.9   ovl   1   27  1.75M   18   18  50%  81.9M  -203n  n/a
   0   4b |   7 1.0   17   9.6M  177  482  73%    10M |  99.9   ovl   1   27  1.47M   14   21  60%  81.9M   -71n  n/a
   1   4c |   7 1.0   16   2.8M  137  525  79%    10M |  99.9   n/a   1   27   374k   11   24  68%  81.9M    n/a  n/a
   1   4d |   7 1.0   16   2.9M  123  439  78%    10M |  99.9   n/a   1   27   502k   14   25  64%  81.9M    n/a  n/a
   1   4e |   7 1.0   16   2.9M  123  477  79%    10M |  99.9   n/a   1   27   529k   13   19  59%  81.9M    n/a  n/a
   1   4f |   7 1.0   16   2.8M  117  461  79%    10M |  99.9   n/a   1   27   351k   10   28  73%  81.9M    n/a  n/a
   1   50 |   7 1.0   16   2.9M  124  479  79%    10M |  99.9   n/a   1   27   433k   12   21  63%  81.9M    n/a  n/a
   1   51 |   7 1.0   16   2.9M  126  518  80%    10M |  99.9   n/a   1   27   393k   10   23  69%  81.9M    n/a  n/a
   1   52 |   7 1.0   16   2.9M  133  521  79%    10M |  99.9   n/a   1   27   431k   13   21  61%  81.9M    n/a  n/a
   1   53 |   7 1.0   16   2.8M  120  456  79%    10M |  99.9   n/a   1   27   323k    9   25  73%  81.9M    n/a  n/a
   2   54 |   7 1.0   18   8.0M  175  568  76%    10M |  99.9   n/a   1   27   938k   10   24  70%  81.9M    n/a  n/a
   2   55 |   7 1.0   18   8.7M  167  511  75%    10M |  99.9   n/a   1   27  1.27M   15   25  62%  81.9M    n/a  n/a
   2   56 |   7 1.0   18   8.6M  178  543  75%    10M |  99.9   n/a   1   27  1.81M   20   19  48%  81.9M    n/a  n/a
   2   57 |   7 1.0   18   8.1M  169  540  76%    10M |  99.9   n/a   1   27  1.14M   13   24  64%  81.9M    n/a  n/a
   2   58 |   7 1.0   18   8.5M  183  603  76%    10M |  99.9   n/a   1   27  1.19M   12   24  66%  81.9M    n/a  n/a
   2   59 |   7 1.0   18   8.5M  168  480  74%    10M |  99.9   n/a   1   27  1.40M   16   22  57%  81.9M    n/a  n/a
   2   5a |   7 1.0   18   8.3M  176  593  77%    10M |  99.9   n/a   1   27  1.22M   14   20  58%  81.9M    n/a  n/a
   2   5b |   7 1.0   18   8.3M  171  558  76%    10M |  99.9   n/a   1   27  1.03M   12   21  63%  81.9M    n/a  n/a
   3   5c |   7 1.0   18    11M  214  522  70%    10M |  99.9   n/a   1   27  1.82M   17   18  51%  81.9M    n/a  n/a
   3   5d |   7 1.0   17    11M  209  470  69%    10M |  99.9   n/a   1   27  1.75M   17   21  55%  81.9M    n/a  n/a
   3   5e |   7 1.0   18    11M  199  473  70%    10M |  99.9   n/a   1   27  1.81M   18   24  57%  81.9M    n/a  n/a
   3   5f |   7 1.0   18    11M  198  421  68%    10M |  99.9   n/a   1   27  2.09M   23   26  53%  81.9M    n/a  n/a
   3   60 |   7 1.0   18    12M  211  434  67%    10M |  99.9   n/a   1   27  1.93M   20   23  53%  81.9M    n/a  n/a
   3   61 |   7 1.0   18    11M  195  403  67%    10M |  99.9   n/a   1   27  1.80M   19   22  53%  81.9M    n/a  n/a
   3   62 |   7 1.0   18    11M  206  542  72%    10M |  99.9   n/a   1   27  2.31M   23   22  48%  81.9M    n/a  n/a
   3   63 |   7 1.0   18    11M  198  410  67%    10M |  99.9   n/a   1   27  1.84M   16   22  57%  81.9M    n/a  n/a
   4   64 |   7 1.0   18  10.0M  185  543  74%    10M |  99.9   n/a   1   27  1.82M   17   24  58%  81.9M    n/a  n/a
   4   65 |   7 1.0   18  10.0M  184  492  72%    10M |  99.9   n/a   1   27  1.41M   14   25  64%  81.9M    n/a  n/a
   4   66 |   7 1.0   18   9.9M  191  529  73%    10M |  99.9   n/a   1   27  1.75M   19   21  52%  81.9M    n/a  n/a
   4   67 |   7 1.0   17  10.0M  186  447  70%    10M |  99.9   n/a   1   27  1.68M   17   25  59%  81.9M    n/a  n/a
   4   68 |   7 1.0   18    10M  189  549  74%    10M |  99.9   n/a   1   27  1.24M   13   26  66%  81.9M    n/a  n/a
   4   69 |   7 1.0   18   9.7M  184  519  73%    10M |  99.9   n/a   1   27  1.81M   18   22  55%  81.9M    n/a  n/a
   4   6a |   7 1.0   18    10M  196  529  72%    10M |  99.9   n/a   1   27  1.33M   13   23  63%  81.9M    n/a  n/a
   4   6b |   7 1.0   18    10M  186  512  73%    10M |  99.9   n/a   1   27  2.04M   21   22  51%  81.9M    n/a  n/a
   0   44 |   7 1.0   18    11M  193  508  72%    10M |  99.9   ovl   1   27  2.15M   21   25  54%  81.9M  -227n  n/a
   0   45 |   7 1.0   18   9.9M  179  512  74%    10M |  99.9   ovl   1   27  1.83M   17   16  48%  81.9M   466n  n/a
   0   46 |   7 1.0   18    10M  185  497  72%    10M |  99.9   ovl   1   27  1.61M   15   27  64%  81.9M  -430n  n/a
   0   47 |   7 1.0   18   9.7M  168  487  74%    10M |  99.9   n/a   1   27  2.73M   28   20  41%  81.9M    n/a  n/a
   0   48 |   7 1.0   18    11M  197  517  72%    10M |  99.9   ovl   1   27  1.72M   17   16  48%  81.9M    97n  n/a
   0   49 |   7 1.0   18    10M  179  502  73%    10M |  99.9   ovl   1   27  1.65M   17   21  55%  81.9M   181n  n/a
   0   4a |   7 1.0   18    11M  188  481  71%    10M |  99.9   ovl   1   27  1.97M   19   25  56%  81.9M  -140n  n/a
   0   4b |   7 1.0   18   9.8M  178  479  72%    10M |  99.9   ovl   1   27  2.52M   24   19  44%  81.9M  -225n  n/a
   1   4c |   7 1.0   16   3.4M  143  461  76%    10M |  99.9   ovl   1   27   767k   19   21  52%  81.9M   107n  n/a
   1   4d |   7 1.0   16   3.1M  129  438  77%    10M |  99.9   ovl   1   27   741k   19   21  52%  81.9M    15n  n/a
   1   4e |   7 1.0   16   3.3M  151  495  76%    10M |  99.9   ovl   1   27   554k   17   21  55%  81.9M  -222n  n/a
   1   4f |   7 1.0   16   3.2M  129  406  75%    10M |  99.9   ovl   1   27   409k   10   20  66%  81.9M   324n  n/a
   1   50 |   7 1.0   16   3.5M  170  471  73%    10M |  99.9   ovl   1   27   803k   22   22  50%  81.9M    97n  n/a
   1   51 |   7 1.0   16   3.2M  128  418  76%    10M |  99.9   ovl   1   27   741k   20   22  52%  81.9M  -670n  n/a
   1   52 |   7 1.0   16   3.3M  138  465  77%    10M |  99.9   ovl   1   27   672k   18   18  50%  81.9M  -230n  n/a
   1   53 |   7 1.0   16   3.1M  125  406  76%    10M |  99.9   ovl   1   27   539k   15   21  58%  81.9M   375n  n/a
   2   54 |   7 1.0   18   7.0M  152  651  81%    10M |  99.9   n/a   1   27   283k    3   19  86%  81.9M    n/a  n/a
   2   55 |   7 1.0   18   6.9M  140  579  80%    10M |  99.9   n/a   1   27   481k    6   18  75%  81.9M    n/a  n/a
   2   56 |   7 1.0   18   6.8M  145  645  81%    10M |  99.9   n/a   1   27   287k    4   19  82%  81.9M    n/a  n/a
   2   57 |   7 1.0   18   6.8M  136  603  81%    10M |  99.9   n/a   1   27   488k    5   22  81%  81.9M    n/a  n/a
   2   58 |   7 1.0   18   7.3M  150  599  79%    10M |  99.9   n/a   1   27   440k    5   21  80%  81.9M    n/a  n/a
   2   59 |   7 1.0   18   6.7M  148  655  81%    10M |  99.9   n/a   1   27   510k    6   20  76%  81.9M    n/a  n/a
   2   5a |   7 1.0   18   6.6M  140  606  81%    10M |  99.9   n/a   1   27   383k    4   19  82%  81.9M    n/a  n/a
   2   5b |   7 1.0   18   6.5M  133  627  82%    10M |  99.9   n/a   1   27   613k    7   20  74%  81.9M    n/a  n/a
   3   5c |   7 1.0   18   7.4M  142  594  80%    10M |  99.9   n/a   1   27   459k    4   24  85%  81.9M    n/a  n/a
   3   5d |   7 1.0   18   6.7M  120  591  83%    10M |  99.9   n/a   1   27   518k    5   24  82%  81.9M    n/a  n/a
   3   5e |   7 1.0   18   7.7M  141  573  80%    10M |  99.9   n/a   1   27   586k    5   25  83%  81.9M    n/a  n/a
   3   5f |   7 1.0   18   7.0M  123  569  82%    10M |  99.9   n/a   1   27   371k    3   21  87%  81.9M    n/a  n/a
   3   60 |   7 1.0   18   7.5M  140  616  81%    10M |  99.9   n/a   1   27   371k    3   24  88%  81.9M    n/a  n/a
   3   61 |   7 1.0   18   6.5M  120  590  83%    10M |  99.9   n/a   1   27   418k    4   22  84%  81.9M    n/a  n/a
   3   62 |   7 1.0   18   6.8M  133  652  83%    10M |  99.9   n/a   1   27   824k    8   21  72%  81.9M    n/a  n/a
   3   63 |   7 1.0   18   6.9M  118  530  81%    10M |  99.9   n/a   1   27   404k    4   25  86%  81.9M    n/a  n/a
   4   64 |   7 1.0   18    10M  190  523  73%    10M |  99.9   ovl   1   27  1.50M   15   22  59%  81.9M   720n  n/a
   4   65 |   7 1.0   18   9.6M  172  517  75%    10M |  99.9   n/a   1   27  1.70M   16   22  57%  81.9M    n/a  n/a
   4   66 |   7 1.0   18    10M  190  555  74%    10M |  99.9   ovl   1   27  1.47M   15   23  60%  81.9M    98n  n/a
   4   67 |   7 1.0   18   9.9M  176  501  74%    10M |  99.9   ovl   1   27  1.98M   22   19  46%  81.9M  -849n  n/a
   4   68 |   7 1.0   18    10M  188  526  73%    10M |  99.9   ovl   1   27  1.58M   16   19  54%  81.9M   674n  n/a
   4   69 |   7 1.0   18  10.0M  168  527  75%    10M |  99.9   ovl   1   27  1.17M   12   23  65%  81.9M   -41n  n/a
   4   6a |   7 1.0   18  10.0M  185  552  74%    10M |  99.9   ovl   1   27  1.71M   18   21  53%  81.9M   897n  n/a
   4   6b |   7 1.0   18   9.9M  179  524  74%    10M |  99.9   ovl   1   27  1.61M   16   21  56%  81.9M    81n  n/a
   0   44 |   7 1.0   18   7.0M  123  628  83%    10M |  99.9   n/a   1   27   994k   11   21  65%  81.9M    n/a  n/a
   0   45 |   7 1.0   18   7.3M  123  579  82%    10M |  99.9   n/a   1   27   766k    8   21  72%  81.9M    n/a  n/a
   0   46 |   7 1.0   18   7.2M  135  640  82%    10M |  99.9   n/a   1   27   672k    6   24  80%  81.9M    n/a  n/a
   0   47 |   7 1.0   18   6.8M  120  595  83%    10M |  99.9   n/a   1   27   818k    8   20  71%  81.9M    n/a  n/a
   0   48 |   7 1.0   18   7.7M  137  612  81%    10M |  99.9   ovl   1   27   693k    7   27  79%  81.9M    17n  n/a
   0   49 |   7 1.0   18   7.2M  126  634  83%    10M |  99.9   n/a   1   27   906k    9   18  66%  81.9M    n/a  n/a
   0   4a |   7 1.0   18   6.7M  130  601  82%    10M |  99.9   n/a   1   27  1.33M   14   19  57%  81.9M    n/a  n/a
   0   4b |   7 1.0   18   6.9M  127  571  81%    10M |  99.9   n/a   1   27   967k    9   18  66%  81.9M    n/a  n/a

          |--------------------DL---------------------|-------------------------------UL-----------------------------
 pci rnti | cqi  ri  mcs  brate   ok  nok  (%)  dl_bs | pusch  rsrp  ri  mcs  brate   ok  nok  (%)    bsr     ta  phr
   1   4c |   7 1.0   17   2.2M   97  550  85%    10M |  99.9   n/a   1   27   329k    9   25  73%  81.9M    n/a  n/a
   1   4d |   7 1.0   16   2.1M   88  527  85%    10M |  99.9   n/a   1   27   322k    9   22  70%  81.9M    n/a  n/a
   1   4e |   7 1.0   16   2.3M   98  535  84%    10M |  99.9   n/a   1   27   353k    9   19  67%  81.9M    n/a  n/a
   1   4f |   7 1.0   16   2.2M   97  465  82%    10M |  99.9   n/a   1   27   302k    8   25  75%  81.9M    n/a  n/a
   1   50 |   7 1.0   16   2.3M   98  511  83%    10M |  99.9   n/a   1   27   192k    5   22  81%  81.9M    n/a  n/a
   1   51 |   7 1.0   16   2.2M   94  515  84%    10M |  99.9   n/a   1   27   264k    7   19  73%  81.9M    n/a  n/a
   1   52 |   7 1.0   16   2.2M  108  578  84%    10M |  99.9   n/a   1   27   358k   11   23  67%  81.9M    n/a  n/a
   1   53 |   7 1.0   16   2.2M   88  508  85%    10M |  99.9   n/a   1   27   435k   11   21  65%  81.9M    n/a  n/a
   2   54 |   7 1.0   19    10M  210  504  70%    10M |  99.9   ovl   1   27  1.74M   18   21  53%  81.9M   -68n  n/a
   2   55 |   7 1.0   18   9.8M  187  524  73%    10M |  99.9   ovl   1   27  1.99M   21   21  50%  81.9M    43n  n/a
   2   56 |   7 1.0   18    10M  223  561  71%    10M |  99.9   ovl   1   27  2.02M   22   20  47%  81.9M  -224n  n/a
   2   57 |   7 1.0   18    10M  206  490  70%    10M |  99.9   ovl   1   27  2.26M   24   18  42%  81.9M  -270n  n/a
   2   58 |   7 1.0   19    11M  221  517  70%    10M |  99.9   ovl   1   27  2.14M   26   23  46%  81.9M  -187n  n/a
   2   59 |   7 1.0   18    10M  195  486  71%    10M |  99.9   ovl   1   27  2.07M   23   22  48%  81.9M  -229n  n/a
   2   5a |   7 1.0   18    10M  215  465  68%    10M |  99.9   ovl   1   27  2.31M   27   22  44%  81.9M  -132n  n/a
   2   5b |   7 1.0   18    10M  195  522  72%    10M |  99.9   ovl   1   27  2.30M   26   19  42%  81.9M   -41n  n/a
   3   5c |   7 1.0   18   9.6M  169  556  76%    10M |  99.9   ovl   1   27  1.84M   17   21  55%  81.9M   465n  n/a
   3   5d |   7 1.0   18  10.0M  169  502  74%    10M |  99.9   ovl   1   27  1.50M   15   22  59%  81.9M  -526n  n/a
   3   5e |   7 1.0   18   9.7M  166  553  76%    10M |  99.9   ovl   1   27  1.39M   13   24  64%  81.9M   813n  n/a
   3   5f |   7 1.0   18   9.9M  173  507  74%    10M |  99.9   ovl   1   27  1.51M   15   24  61%  81.9M  -226n  n/a
   3   60 |   7 1.0   18    10M  188  454  70%    10M |  99.9   ovl   1   27  1.29M   13   22  62%  81.9M   864n  n/a
   3   61 |   7 1.0   18   9.9M  175  525  75%    10M |  99.9   ovl   1   27  1.52M   14   25  64%  81.9M   207n  n/a
   3   62 |   7 1.0   18  10.0M  179  562  75%    10M |  99.9   ovl   1   27  1.41M   14   21  60%  81.9M  -487n  n/a
   3   63 |   7 1.0   18   9.8M  180  491  73%    10M |  99.9   ovl   1   27  1.68M   17   23  57%  81.9M  -202n  n/a
   4   64 |   7 1.0   18   8.0M  141  598  80%    10M |  99.9   n/a   1   27   940k   10   23  69%  81.9M    n/a  n/a
   4   65 |   7 1.0   18   7.6M  133  528  79%    10M |  99.9   n/a   1   27  1.16M   12   22  64%  81.9M    n/a  n/a
   4   66 |   7 1.0   18   7.7M  141  676  82%    10M |  99.9   n/a   1   27  1.14M   13   23  63%  81.9M    n/a  n/a
   4   67 |   7 1.0   18   7.6M  139  577  80%    10M |  99.9   n/a   1   27  1.23M   13   22  62%  81.9M    n/a  n/a
   4   68 |   7 1.0   18   8.0M  153  618  80%    10M |  99.9   n/a   1   27   980k    9   25  73%  81.9M    n/a  n/a
   4   69 |   7 1.0   18   7.8M  140  558  79%    10M |  99.9   n/a   1   27  1.32M   14   19  57%  81.9M    n/a  n/a
   4   6a |   7 1.0   19   7.8M  141  682  82%    10M |  99.9   n/a   1   27  1.18M   12   22  64%  81.9M    n/a  n/a
   4   6b |   7 1.0   18   7.7M  141  573  80%    10M |  99.9   n/a   1   27  1.17M   14   22  61%  81.9M    n/a  n/a
   0   44 |   7 1.0   18   7.1M  126  645  83%    10M |  99.9   n/a   1   27   977k   10   12  54%  81.9M    n/a  n/a
   0   45 |   7 1.0   18   6.6M  119  612  83%    10M |  99.9   n/a   1   27   988k   10   14  58%  81.9M    n/a  n/a
   0   46 |   7 1.0   18   6.7M  121  735  85%    10M |  99.9   n/a   1   27   615k    7   14  66%  81.9M    n/a  n/a
   0   47 |   7 1.0   18   6.3M  107  603  84%    10M |  99.9   n/a   1   27  1.36M   13   10  43%  81.9M    n/a  n/a
   0   48 |   7 1.0   19   7.1M  124  657  84%    10M |  99.9   n/a   1   27   856k    9   11  55%  81.9M    n/a  n/a
   0   49 |   7 1.0   18   6.6M  113  604  84%    10M |  99.9   n/a   1   27   777k    8   13  61%  81.9M    n/a  n/a
   0   4a |   7 1.0   18   7.0M  125  661  84%    10M |  99.9   n/a   1   27  1.15M   12   10  45%  81.9M    n/a  n/a
   0   4b |   7 1.0   18   6.5M  116  547  82%    10M |  99.9   n/a   1   27  1.13M   11    7  38%  81.9M    n/a  n/a
   1   4c |   7 1.0   17   1.9M   80  631  88%    10M |  99.9   n/a   1   27   351k    9   14  60%  81.9M    n/a  n/a
   1   4d |   7 1.0   16   1.9M   83  524  86%    10M |  99.9   n/a   1   27   303k    9   15  62%  81.9M    n/a  n/a
   1   4e |   7 1.0   17   1.9M   79  632  88%    10M |  99.9   n/a   1   27   197k    5   17  77%  81.9M    n/a  n/a
   1   4f |   7 1.0   16   1.9M   83  549  86%    10M |  99.9   n/a   1   27   160k    4   15  78%  81.9M    n/a  n/a
   1   50 |   7 1.0   17   2.0M   82  586  87%    10M |  99.9   n/a   1   27   278k    7   16  69%  81.9M    n/a  n/a
   1   51 |   7 1.0   16   1.8M   75  634  89%    10M |  99.9   n/a   1   27   226k    6   14  70%  81.9M    n/a  n/a
   1   52 |   7 1.0   17   1.9M   86  591  87%    10M |  99.9   n/a   1   27   185k    6   13  68%  81.9M    n/a  n/a
   1   53 |   7 1.0   16   1.9M   77  572  88%    10M |  99.9   n/a   1   27  72.2k    2   16  88%  81.9M    n/a  n/a
   2   54 |   7 1.0   19    12M  224  497  68%    10M |  99.9   ovl   1   27  4.14M   44    9  16%  81.9M  -162n  n/a
   2   55 |   7 1.0   19    13M  247  399  61%    10M |  99.9   ovl   1   27  3.53M   41   16  28%  81.9M     2n  n/a
   2   56 |   7 1.0   19    13M  238  433  64%    10M |  99.9   ovl   1   27  3.89M   45    7  13%  81.9M  -114n  n/a
   2   57 |   7 1.0   19    13M  250  414  62%    10M |  99.9   ovl   1   27  3.95M   46   15  24%  81.9M   -91n  n/a
   2   58 |   7 1.0   19    13M  255  443  63%    10M |  99.9   ovl   1   27  3.65M   39   16  29%  81.9M  -240n  n/a
   2   59 |   7 1.0   19    13M  241  394  62%    10M |  99.9   ovl   1   27  4.03M   46   15  24%  81.9M    45n  n/a
   2   5a |   7 1.0   19    13M  269  409  60%    10M |  99.9   ovl   1   27  3.83M   44    7  13%  81.9M  -320n  n/a
   2   5b |   7 1.0   19    12M  229  415  64%    10M |  99.9   ovl   1   27  3.48M   39   11  22%  81.9M  -527n  n/a
   3   5c |   7 1.0   19   6.7M  119  694  85%    10M |  99.9   n/a   1   27   594k    6   14  70%  81.9M    n/a  n/a
   3   5d |   7 1.0   18   6.1M  107  638  85%    10M |  99.9   n/a   1   27   920k    9    8  47%  81.9M    n/a  n/a
   3   5e |   7 1.0   19   6.6M  112  674  85%    10M |  99.9   n/a   1   27  1.09M   13    9  40%  81.9M    n/a  n/a
   3   5f |   7 1.0   18   6.3M  111  653  85%    10M |  99.9   n/a   1   27   379k    4   11  73%  81.9M    n/a  n/a
   3   60 |   7 1.0   19   6.2M  104  664  86%    10M |  99.9   n/a   1   27   867k    8   13  61%  81.9M    n/a  n/a
   3   61 |   7 1.0   18   6.3M  113  616  84%    10M |  99.9   n/a   1   27   797k    8   11  57%  81.9M    n/a  n/a
   3   62 |   7 1.0   19   6.7M  116  637  84%    10M |  99.9   n/a   1   27   336k    4   13  76%  81.9M    n/a  n/a
   3   63 |   7 1.0   18   6.2M  105  643  85%    10M |  99.9   n/a   1   27   594k    6   12  66%  81.9M    n/a  n/a
   4   64 |   7 1.0   19   6.5M  112  686  85%    10M |  99.9   n/a   1   27   664k    7   16  69%  81.9M    n/a  n/a
   4   65 |   7 1.0   18   6.5M  106  671  86%    10M |  99.9   n/a   1   27   795k    8   17  68%  81.9M    n/a  n/a
   4   66 |   7 1.0   19   6.7M  120  635  84%    10M |  99.9   n/a   1   27  1.05M   11   15  57%  81.9M    n/a  n/a
   4   67 |   7 1.0   18   6.1M  107  578  84%    10M |  99.9   n/a   1   27   834k    8   13  61%  81.9M    n/a  n/a
   4   68 |   7 1.0   19   6.4M  118  649  84%    10M |  99.9   n/a   1   27   893k    9   15  62%  81.9M    n/a  n/a
   4   69 |   7 1.0   18   6.1M  107  619  85%    10M |  99.9   n/a   1   27   852k    8   15  65%  81.9M    n/a  n/a
   4   6a |   7 1.0   19   6.6M  111  695  86%    10M |  99.9   n/a   1   27   725k    7   14  66%  81.9M    n/a  n/a
   4   6b |   7 1.0   18   6.1M  111  622  84%    10M |  99.9   n/a   1   27   215k    2   17  89%  81.9M    n/a  n/a
   0   44 |   7 1.0   19   9.7M  161  541  77%    10M |  99.9   n/a   1   27  1.41M   15   20  57%  81.9M    n/a  n/a
   0   45 |   7 1.0   19   9.6M  163  476  74%    10M |  99.9   n/a   1   27  1.96M   18   19  51%  81.9M    n/a  n/a
   0   46 |   7 1.0   19    11M  177  528  74%    10M |  99.9   n/a   1   27  1.25M   12   26  68%  81.9M    n/a  n/a
   0   47 |   7 1.0   18   9.5M  169  535  75%    10M |  99.9   n/a   1   27  2.50M   24   22  47%  81.9M    n/a  n/a
   0   48 |   7 1.0   19  10.0M  179  593  76%    10M |  99.9   n/a   1   27  1.82M   17   21  55%  81.9M    n/a  n/a
   0   49 |   7 1.0   18   9.6M  171  519  75%    10M |  99.9   n/a   1   27  1.37M   14   22  61%  81.9M    n/a  n/a
   0   4a |   7 1.0   19    10M  183  558  75%    10M |  99.9   n/a   1   27  1.53M   15   21  58%  81.9M    n/a  n/a
   0   4b |   7 1.0   19    10M  171  515  75%    10M |  99.9   n/a   1   27  1.34M   13   21  61%  81.9M    n/a  n/a
   1   4c |   7 1.0   17   3.3M  145  426  74%    10M |  99.9   n/a   1   27   622k   17   22  56%  81.9M    n/a  n/a
   1   4d |   7 1.0   17   3.1M  126  439  77%    10M |  99.9   n/a   1   27   583k   16   20  55%  81.9M    n/a  n/a
   1   4e |   7 1.0   17   3.1M  134  482  78%    10M |  99.9   n/a   1   27   526k   13   22  62%  81.9M    n/a  n/a
   1   4f |   7 1.0   16   3.0M  127  451  78%    10M |  99.9   n/a   1   27   382k   11   24  68%  81.9M    n/a  n/a
   1   50 |   7 1.0   17   3.4M  139  482  77%    10M |  99.9   n/a   1   27   517k   14   19  57%  81.9M    n/a  n/a
   1   51 |   7 1.0   16   3.1M  130  443  77%    10M |  99.9   n/a   1   27   471k   12   21  63%  81.9M    n/a  n/a
   1   52 |   7 1.0   17   3.2M  134  471  77%    10M |  99.9   n/a   1   27   497k   13   23  63%  81.9M    n/a  n/a
   1   53 |   7 1.0   17   3.1M  124  427  77%    10M |  99.9   n/a   1   27   509k   13   24  64%  81.9M    n/a  n/a

          |--------------------DL---------------------|-------------------------------UL-----------------------------
 pci rnti | cqi  ri  mcs  brate   ok  nok  (%)  dl_bs | pusch  rsrp  ri  mcs  brate   ok  nok  (%)    bsr     ta  phr
   2   54 |   7 1.0   19   9.7M  198  531  72%    10M |  99.9   n/a   1   27  1.18M   14   21  60%  81.9M    n/a  n/a
   2   55 |   7 1.0   19   9.3M  169  494  74%    10M |  99.9   n/a   1   27   987k   11   22  66%  81.9M    n/a  n/a
   2   56 |   7 1.0   19    10M  200  570  74%    10M |  99.9   n/a   1   27  1.03M   12   24  66%  81.9M    n/a  n/a
   2   57 |   7 1.0   19   9.5M  182  500  73%    10M |  99.9   n/a   1   27  1.18M   14   20  58%  81.9M    n/a  n/a
   2   58 |   7 1.0   19   9.4M  187  606  76%    10M |  99.9   n/a   1   27   998k   11   20  64%  81.9M    n/a  n/a
   2   59 |   7 1.0   19   9.4M  164  522  76%    10M |  99.9   n/a   1   27  1.38M   17   20  54%  81.9M    n/a  n/a
   2   5a |   7 1.0   19   9.5M  186  509  73%    10M |  99.9   n/a   1   27   672k    8   26  76%  81.9M    n/a  n/a
   2   5b |   7 1.0   19   9.6M  189  552  74%    10M |  99.9   n/a   1   27  1.01M   12   22  64%  81.9M    n/a  n/a
   3   5c |   7 1.0   19    11M  191  499  72%    10M |  99.9   n/a   1   27  1.36M   13   25  65%  81.9M    n/a  n/a
   3   5d |   7 1.0   19    11M  184  470  71%    10M |  99.9   n/a   1   27  1.37M   14   24  63%  81.9M    n/a  n/a
   3   5e |   7 1.0   19    11M  197  484  71%    10M |  99.9   n/a   1   27  1.65M   16   19  54%  81.9M    n/a  n/a
   3   5f |   7 1.0   19    11M  185  496  72%    10M |  99.9   n/a   1   27  1.60M   17   26  60%  81.9M    n/a  n/a
   3   60 |   7 1.0   19    11M  178  542  75%    10M |  99.9   n/a   1   27  1.55M   17   23  57%  81.9M    n/a  n/a
   3   61 |   7 1.0   19    11M  177  480  73%    10M |  99.9   n/a   1   27  1.72M   19   22  53%  81.9M    n/a  n/a
   3   62 |   7 1.0   19    11M  190  515  73%    10M |  99.9   n/a   1   27  1.40M   15   22  59%  81.9M    n/a  n/a
   3   63 |   7 1.0   19    11M  185  498  72%    10M |  99.9   n/a   1   27  1.26M   12   23  65%  81.9M    n/a  n/a
   4   64 |   7 1.0   19    11M  194  511  72%    10M |  99.9   n/a   1   27  1.46M   14   24  63%  81.9M    n/a  n/a
   4   65 |   7 1.0   19    11M  178  468  72%    10M |  99.9   n/a   1   27  2.04M   22   19  46%  81.9M    n/a  n/a
   4   66 |   7 1.0   19    11M  200  513  71%    10M |  99.9   n/a   1   27  2.43M   24   17  41%  81.9M    n/a  n/a
   4   67 |   7 1.0   19    11M  184  442  70%    10M |  99.9   n/a   1   27  1.46M   16   26  61%  81.9M    n/a  n/a
   4   68 |   7 1.0   19    11M  177  589  76%    10M |  99.9   n/a   1   27  1.55M   16   23  58%  81.9M    n/a  n/a
   4   69 |   7 1.0   19    11M  182  482  72%    10M |  99.9   n/a   1   27  1.89M   21   18  46%  81.9M    n/a  n/a
   4   6a |   7 1.0   19    11M  204  486  70%    10M |  99.9   n/a   1   27  2.05M   20   18  47%  81.9M    n/a  n/a
   4   6b |   7 1.0   19    11M  189  502  72%    10M |  99.9   n/a   1   27  1.70M   17   20  54%  81.9M    n/a  n/a
   0   44 |   7 1.0   19    11M  194  495  71%    10M |  99.9   n/a   1   27  2.20M   21   18  46%  81.9M    n/a  n/a
   0   45 |   7 1.0   19    11M  181  436  70%    10M |  99.9   ovl   1   27  1.78M   19   17  47%  81.9M  -464n  n/a
   0   46 |   7 1.0   19    11M  195  411  67%    10M |  99.9   ovl   1   27  2.25M   21   16  43%  81.9M   -86n  n/a
   0   47 |   7 1.0   19    10M  179  485  73%    10M |  99.9   ovl   1   27  2.70M   26   15  36%  81.9M  -422n  n/a
   0   48 |   7 1.0   19    10M  180  451  71%    10M |  99.9   ovl   1   27  2.19M   21   18  46%  81.9M  -220n  n/a
   0   49 |   7 1.0   19    10M  173  449  72%    10M |  99.9   ovl   1   27  1.79M   17   16  48%  81.9M  -366n  n/a
   0   4a |   7 1.0   19    11M  178  455  71%    10M |  99.9   ovl   1   27  2.33M   23   12  34%  81.9M  -484n  n/a
   0   4b |   7 1.0   19    10M  165  469  73%    10M |  99.9   ovl   1   27  1.71M   18   17  48%  81.9M  -186n  n/a
   1   4c |   7 1.0   17   3.2M  134  523  79%    10M |  99.9   ovl   1   27   463k   13   25  65%  81.9M   915n  n/a
   1   4d |   7 1.0   17   3.3M  136  427  75%    10M |  99.9   n/a   1   27   661k   18   18  50%  81.9M    n/a  n/a
   1   4e |   7 1.0   17   3.4M  144  478  76%    10M |  99.9   ovl   1   27   518k   14   24  63%  81.9M   102n  n/a
   1   4f |   7 1.0   17   3.3M  127  427  77%    10M |  99.9   ovl   1   27   580k   15   20  57%  81.9M   977n  n/a
   1   50 |   7 1.0   17   3.2M  137  482  77%    10M |  99.9   ovl   1   27   699k   17   22  56%  81.9M  -127n  n/a
   1   51 |   7 1.0   17   3.3M  128  418  76%    10M |  99.9   ovl   1   27   639k   16   21  56%  81.9M   766n  n/a
   1   52 |   7 1.0   17   3.3M  141  512  78%    10M |  99.9   n/a   1   27   586k   14   21  60%  81.9M    n/a  n/a
   1   53 |   7 1.0   17   3.3M  128  417  76%    10M |  99.9   n/a   1   27   577k   14   21  60%  81.9M    n/a  n/a
   2   54 |   7 1.0   19   8.0M  165  667  80%    10M |  99.9   n/a   1   27  1.08M   13   27  67%  81.9M    n/a  n/a
   2   55 |   7 1.0   19   7.8M  155  578  78%    10M |  99.9   n/a   1   27   971k   11   25  69%  81.9M    n/a  n/a
   2   56 |   7 1.0   19   8.0M  156  627  80%    10M |  99.9   n/a   1   27   762k    8   26  76%  81.9M    n/a  n/a
   2   57 |   7 1.0   19   7.8M  146  598  80%    10M |  99.9   n/a   1   27  1.35M   15   22  59%  81.9M    n/a  n/a
   2   58 |   7 1.0   19   7.8M  157  551  77%    10M |  99.9   n/a   1   27  1.07M   13   26  66%  81.9M    n/a  n/a
   2   59 |   7 1.0   19   7.9M  145  641  81%    10M |  99.9   n/a   1   27  1.13M   12   24  66%  81.9M    n/a  n/a
   2   5a |   7 1.0   19   7.9M  156  670  81%    10M |  99.9   n/a   1   27   961k   11   24  68%  81.9M    n/a  n/a
   2   5b |   7 1.0   19   7.7M  152  600  79%    10M |  99.9   n/a   1   27   865k    9   25  73%  81.9M    n/a  n/a
   3   5c |   7 1.0   19   9.7M  163  561  77%    10M |  99.9   n/a   1   27  1.48M   15   22  59%  81.9M    n/a  n/a
   3   5d |   7 1.0   19   9.8M  166  523  75%    10M |  99.9   n/a   1   27  1.13M   12   23  65%  81.9M    n/a  n/a
   3   5e |   7 1.0   19   9.6M  175  628  78%    10M |  99.9   n/a   1   27  1.14M   12   25  67%  81.9M    n/a  n/a
   3   5f |   7 1.0   19  10.0M  166  514  75%    10M |  99.9   n/a   1   27  1.43M   14   24  63%  81.9M    n/a  n/a
   3   60 |   7 1.0   19   9.6M  179  589  76%    10M |  99.9   n/a   1   27  1.25M   12   21  63%  81.9M    n/a  n/a
   3   61 |   7 1.0   19  10.0M  155  547  77%    10M |  99.9   n/a   1   27  1.36M   13   20  60%  81.9M    n/a  n/a
   3   62 |   7 1.0   19   9.7M  171  581  77%    10M |  99.9   n/a   1   27  1.28M   14   23  62%  81.9M    n/a  n/a
   3   63 |   7 1.0   19  10.0M  164  529  76%    10M |  99.9   n/a   1   27  1.01M   11   25  69%  81.9M    n/a  n/a
   4   64 |   7 1.0   19    11M  201  533  72%    10M |  99.9   ovl   1   27  1.40M   13   21  61%  81.9M   765n  n/a
   4   65 |   7 1.0   19    11M  178  470  72%    10M |  99.9   ovl   1   27  1.83M   19   24  55%  81.9M   252n  n/a
   4   66 |   7 1.0   19    10M  179  548  75%    10M |  99.9   ovl   1   27  1.74M   18   22  55%  81.9M     1u  n/a
   4   67 |   7 1.0   19    11M  180  529  74%    10M |  99.9   ovl   1   27  1.85M   17   19  52%  81.9M  -849n  n/a
   4   68 |   7 1.0   19    11M  190  543  74%    10M |  99.9   n/a   1   27  1.41M   15   20  57%  81.9M    n/a  n/a
   4   69 |   7 1.0   19    11M  186  549  74%    10M |  99.9   ovl   1   27  1.47M   15   21  58%  81.9M   215n  n/a
   4   6a |   7 1.0   19    11M  187  519  73%    10M |  99.9   ovl   1   27  1.51M   15   23  60%  81.9M   488n  n/a
   4   6b |   7 1.0   19    11M  174  510  74%    10M |  99.9   n/a   1   27  1.61M   16   18  52%  81.9M    n/a  n/a
   0   44 |   7 1.0   19   9.7M  176  567  76%    10M |  99.9   n/a   1   27  2.06M   19   26  57%  81.9M    n/a  n/a
   0   45 |   7 1.0   19    11M  172  447  72%    10M |  99.9   n/a   1   27  2.16M   20   25  55%  81.9M    n/a  n/a
   0   46 |   7 1.0   19    10M  160  511  76%    10M |  99.9   n/a   1   27  1.78M   18   22  55%  81.9M    n/a  n/a
   0   47 |   7 1.0   19    10M  172  430  71%    10M |  99.9   n/a   1   27  1.77M   19   18  48%  81.9M    n/a  n/a
   0   48 |   7 1.0   19    10M  184  512  73%    10M |  99.9   n/a   1   27  1.04M   12   20  62%  81.9M    n/a  n/a
   0   49 |   7 1.0   19    10M  169  444  72%    10M |  99.9   n/a   1   27  1.37M   14   17  54%  81.9M    n/a  n/a
   0   4a |   7 1.0   19   9.6M  173  578  76%    10M |  99.9   n/a   1   27  1.92M   20   19  48%  81.9M    n/a  n/a
   0   4b |   7 1.0   19    11M  167  459  73%    10M |  99.9   n/a   1   27  1.51M   15   20  57%  81.9M    n/a  n/a
   1   4c |   7 1.0   17   3.5M  144  414  74%    10M |  99.9   n/a   1   27   559k   15   21  58%  81.9M    n/a  n/a
   1   4d |   7 1.0   17   3.3M  132  421  76%    10M |  99.9   n/a   1   27   660k   17   17  50%  81.9M    n/a  n/a
   1   4e |   7 1.0   17   3.5M  139  429  75%    10M |  99.9   n/a   1   27   547k   16   21  56%  81.9M    n/a  n/a
   1   4f |   7 1.0   17   3.4M  132  414  75%    10M |  99.9   n/a   1   27   475k   13   25  65%  81.9M    n/a  n/a
   1   50 |   7 1.0   17   3.5M  148  429  74%    10M |  99.9   n/a   1   27   428k   12   22  64%  81.9M    n/a  n/a
   1   51 |   7 1.0   17   3.2M  128  417  76%    10M |  99.9   n/a   1   27   763k   20   16  44%  81.9M    n/a  n/a
   1   52 |   7 1.0   17   3.4M  144  470  76%    10M |  99.9   n/a   1   27   573k   15   21  58%  81.9M    n/a  n/a
   1   53 |   7 1.0   17   3.3M  133  398  74%    10M |  99.9   n/a   1   27   563k   16   22  57%  81.9M    n/a  n/a
   2   54 |   7 1.0   19    10M  197  546  73%    10M |  99.9   ovl   1   27  1.32M   15   20  57%  81.9M  -511n  n/a
   2   55 |   7 1.0   19    10M  201  505  71%    10M |  99.9   n/a   1   27   986k   11   23  67%  81.9M    n/a  n/a
   2   56 |   7 1.0   19   9.9M  211  607  74%    10M |  99.9   ovl   1   27  1.17M   13   22  62%  81.9M   714n  n/a
   2   57 |   7 1.0   19    10M  194  515  72%    10M |  99.9   ovl   1   27  1.27M   14   19  57%  81.9M   568n  n/a
   2   58 |   7 1.0   19    11M  216  534  71%    10M |  99.9   ovl   1   27  1.23M   14   22  61%  81.9M   601n  n/a
   2   59 |   7 1.0   19    10M  191  494  72%    10M |  99.9   ovl   1   27  1.29M   14   20  58%  81.9M   814n  n/a
   2   5a |   7 1.0   19    10M  196  570  74%    10M |  99.9   ovl   1   27  1.04M   11   25  69%  81.9M  -822n  n/a
   2   5b |   7 1.0   19    10M  197  484  71%    10M |  99.9   ovl   1   27  1.12M   12   20  62%  81.9M   959n  n/a

          |--------------------DL---------------------|-------------------------------UL-----------------------------
 pci rnti | cqi  ri  mcs  brate   ok  nok  (%)  dl_bs | pusch  rsrp  ri  mcs  brate   ok  nok  (%)    bsr     ta  phr
   3   5c |   7 1.0   19    11M  184  521  73%    10M |  99.9   ovl   1   27  1.49M   16   21  56%  81.9M  -796n  n/a
   3   5d |   7 1.0   19    11M  178  553  75%    10M |  99.9   ovl   1   27  1.49M   16   22  57%  81.9M  -927n  n/a
   3   5e |   7 1.0   19    10M  179  557  75%    10M |  99.9   ovl   1   27  1.47M   16   21  56%  81.9M  -553n  n/a
   3   5f |   7 1.0   19    11M  180  488  73%    10M |  99.9   n/a   1   27  1.49M   15   21  58%  81.9M    n/a  n/a
   3   60 |   7 1.0   19    11M  189  500  72%    10M |  99.9   n/a   1   27  1.41M   15   22  59%  81.9M    n/a  n/a
   3   61 |   7 1.0   19    11M  179  542  75%    10M |  99.9   n/a   1   27  1.66M   18   27  60%  81.9M    n/a  n/a
   3   62 |   7 1.0   19    10M  183  534  74%    10M |  99.9   ovl   1   27  1.40M   16   22  57%  81.9M     1u  n/a
   3   63 |   7 1.0   19    11M  174  481  73%    10M |  99.9   ovl   1   27  2.25M   22   20  47%  81.9M   127n  n/a
   4   64 |   7 1.0   19    11M  197  453  69%    10M |  99.9   n/a   1   27  1.67M   17   21  55%  81.9M    n/a  n/a
   4   65 |   7 1.0   19    11M  182  466  71%    10M |  99.9   n/a   1   27  2.15M   21   20  48%  81.9M    n/a  n/a
   4   66 |   7 1.0   19    12M  206  509  71%    10M |  99.9   n/a   1   27  1.68M   15   20  57%  81.9M    n/a  n/a
   4   67 |   7 1.0   19    11M  180  486  72%    10M |  99.9   n/a   1   27  2.04M   22   15  40%  81.9M    n/a  n/a
   4   68 |   7 1.0   19    11M  187  491  72%    10M |  99.9   n/a   1   27  2.31M   24   19  44%  81.9M    n/a  n/a
   4   69 |   7 1.0   19    11M  181  437  70%    10M |  99.9   n/a   1   27  1.90M   19   18  48%  81.9M    n/a  n/a
   4   6a |   7 1.0   19    10M  180  518  74%    10M |  99.9   n/a   1   27  1.59M   15   20  57%  81.9M    n/a  n/a
   4   6b |   7 1.0   19    11M  188  485  72%    10M |  99.9   n/a   1   27  2.14M   21   18  46%  81.9M    n/a  n/a
   0   44 |   7 1.0   19   8.8M  166  587  77%    10M |  99.9   n/a   1   27  1.27M   13   15  53%  81.9M    n/a  n/a
   0   45 |   7 1.0   19   9.9M  166  449  73%    10M |  99.9   n/a   1   27  1.31M   14   16  53%  81.9M    n/a  n/a
   0   46 |   7 1.0   19    10M  178  551  75%    10M |  99.9   n/a   1   27   674k    7   16  69%  81.9M    n/a  n/a
   0   47 |   7 1.0   19    10M  168  452  72%    10M |  99.9   n/a   1   27  1.56M   16   15  48%  81.9M    n/a  n/a
   0   48 |   7 1.0   19   9.5M  171  656  79%    10M |  99.9   n/a   1   27  1.34M   13   14  51%  81.9M    n/a  n/a
   0   49 |   7 1.0   19    10M  165  488  74%    10M |  99.9   n/a   1   27  1.01M   11   16  59%  81.9M    n/a  n/a
   0   4a |   7 1.0   19   9.1M  161  615  79%    10M |  99.9   n/a   1   27  1.04M   11   18  62%  81.9M    n/a  n/a
   0   4b |   7 1.0   19    10M  167  482  74%    10M |  99.9   n/a   1   27  1.32M   14   17  54%  81.9M    n/a  n/a
   1   4c |   7 1.0   18   3.3M  124  477  79%    10M |  99.9   ovl   1   27   448k   13   24  64%  81.9M  -461n  n/a
   1   4d |   7 1.0   17   3.3M  128  432  77%    10M |  99.9   ovl   1   27   552k   14   19  57%  81.9M  -127n  n/a
   1   4e |   7 1.0   18   3.5M  136  396  74%    10M |  99.9   ovl   1   27   616k   17   22  56%  81.9M   428n  n/a
   1   4f |   7 1.0   17   3.2M  124  422  77%    10M |  99.9   ovl   1   27   615k   18   19  51%  81.9M   103n  n/a
   1   50 |   7 1.0   18   3.5M  133  434  76%    10M |  99.9   ovl   1   27   479k   13   24  64%  81.9M   -43n  n/a
   1   51 |   7 1.0   17   3.2M  124  448  78%    10M |  99.9   ovl   1   27   608k   14   19  57%  81.9M   933n  n/a
   1   52 |   7 1.0   18   3.4M  131  424  76%    10M |  99.9   ovl   1   27   565k   16   17  51%  81.9M   102n  n/a
   1   53 |   7 1.0   17   3.3M  128  410  76%    10M |  99.9   ovl   1   27   761k   20   20  50%  81.9M    -9n  n/a
   2   54 |   7 1.0   19   8.3M  157  623  79%    10M |  99.9   n/a   1   27  1.21M   12   25  67%  81.9M    n/a  n/a
   2   55 |   7 1.0   19   7.8M  146  580  79%    10M |  99.9   n/a   1   27  1.32M   14   22  61%  81.9M    n/a  n/a
   2   56 |   7 1.0   19   7.7M  158  607  79%    10M |  99.9   n/a   1   27  1.23M   14   23  62%  81.9M    n/a  n/a
   2   57 |   7 1.0   19   7.7M  143  569  79%    10M |  99.9   n/a   1   27  1.67M   19   21  52%  81.9M    n/a  n/a
   2   58 |   7 1.0   19   8.0M  163  624  79%    10M |  99.9   n/a   1   27  1.22M   13   23  63%  81.9M    n/a  n/a
   2   59 |   7 1.0   19   7.8M  143  542  79%    10M |  99.9   n/a   1   27  1.40M   16   22  57%  81.9M    n/a  n/a
   2   5a |   7 1.0   19   7.3M  147  637  81%    10M |  99.9   n/a   1   27  1.42M   17   23  57%  81.9M    n/a  n/a
   2   5b |   7 1.0   19   7.8M  140  530  79%    10M |  99.9   ovl   1   27   805k   10   22  68%  81.9M  -665n  n/a
   3   5c |   7 1.0   19    10M  169  571  77%    10M |  99.9   ovl   1   27  1.48M   14   24  63%  81.9M   195n  n/a
   3   5d |   7 1.0   19    10M  174  537  75%    10M |  99.9   ovl   1   27  1.88M   18   21  53%  81.9M    58n  n/a
   3   5e |   7 1.0   19    10M  181  583  76%    10M |  99.9   ovl   1   27  1.95M   18   23  56%  81.9M   118n  n/a
   3   5f |   7 1.0   19    10M  170  549  76%    10M |  99.9   ovl   1   27  1.67M   17   20  54%  81.9M   -41n  n/a
   3   60 |   7 1.0   19    10M  178  599  77%    10M |  99.9   ovl   1   27  1.84M   17   23  57%  81.9M   -89n  n/a
   3   61 |   7 1.0   19    10M  167  532  76%    10M |  99.9   ovl   1   27  1.68M   17   20  54%  81.9M   700n  n/a
   3   62 |   7 1.0   19    10M  177  557  75%    10M |  99.9   ovl   1   27  1.95M   20   22  52%  81.9M   149n  n/a
   3   63 |   7 1.0   19    10M  166  511  75%    10M |  99.9   ovl   1   27  1.88M   18   18  50%  81.9M   438n  n/a
   4   64 |   7 1.0   19   9.6M  165  540  76%    10M |  99.9   ovl   1   27  1.25M   12   20  62%  81.9M   422n  n/a
   4   65 |   7 1.0   19  10.0M  164  525  76%    10M |  99.9   ovl   1   27  1.36M   13   24  64%  81.9M   686n  n/a
   4   66 |   7 1.0   19  10.0M  179  528  74%    10M |  99.9   n/a   1   27  1.24M   12   19  61%  81.9M    n/a  n/a
   4   67 |   7 1.0   19   9.6M  161  500  75%    10M |  99.9   n/a   1   27  1.24M   13   20  60%  81.9M    n/a  n/a
   4   68 |   7 1.0   19    10M  178  503  73%    10M |  99.9   ovl   1   27  1.46M   15   18  54%  81.9M   841n  n/a
   4   69 |   7 1.0   19   9.6M  158  541  77%    10M |  99.9   ovl   1   27  1.06M   11   22  66%  81.9M   975n  n/a
   4   6a |   7 1.0   19   9.5M  172  578  77%    10M |  99.9   ovl   1   27  1.83M   18   21  53%  81.9M  -652n  n/a
   4   6b |   7 1.0   19   9.9M  173  562  76%    10M |  99.9   ovl   1   27  1.50M   15   20  57%  81.9M  -564n  n/a
   0   44 |   7 1.0   19  10.0M  170  524  75%    10M |  99.9   n/a   1   27   787k    8   27  77%  81.9M    n/a  n/a
   0   45 |   7 1.0   19  10.0M  165  478  74%    10M |  99.9   n/a   1   27  1.81M   19   29  60%  81.9M    n/a  n/a
   0   46 |   7 1.0   19    11M  193  548  73%    10M |  99.9   n/a   1   27  1.77M   18   25  58%  81.9M    n/a  n/a
   0   47 |   7 1.0   19   9.9M  167  509  75%    10M |  99.9   ovl   1   27  1.67M   17   25  59%  81.9M    17n  n/a
   0   48 |   7 1.0   19  10.0M  169  570  77%    10M |  99.9   n/a   1   27  1.41M   15   29  65%  81.9M    n/a  n/a
   0   49 |   7 1.0   19    10M  166  521  75%    10M |  99.9   n/a   1   27  1.75M   18   30  62%  81.9M    n/a  n/a
   0   4a |   7 1.0   19   9.9M  175  589  77%    10M |  99.9   n/a   1   27  1.26M   12   27  69%  81.9M    n/a  n/a
   0   4b |   7 1.0   19   9.8M  163  552  77%    10M |  99.9   n/a   1   27  1.21M   13   28  68%  81.9M    n/a  n/a
   1   4c |   7 1.0   18   3.6M  143  465  76%    10M |  99.9   n/a   1   27   717k   19   20  51%  81.9M    n/a  n/a
   1   4d |   7 1.0   18   3.6M  141  420  74%    10M |  99.9   ovl   1   27   581k   15   23  60%  81.9M   109n  n/a
   1   4e |   7 1.0   18   3.8M  151  443  74%    10M |  99.9   ovl   1   27   622k   17   23  57%  81.9M   102n  n/a
   1   4f |   7 1.0   17   3.5M  142  447  75%    10M |  99.9   n/a   1   27   557k   15   22  59%  81.9M    n/a  n/a
   1   50 |   7 1.0   18   3.6M  141  512  78%    10M |  99.9   n/a   1   27   623k   17   23  57%  81.9M    n/a  n/a
   1   51 |   7 1.0   17   3.6M  137  407  74%    10M |  99.9   n/a   1   27   726k   19   21  52%  81.9M    n/a  n/a
   1   52 |   7 1.0   18   3.7M  143  465  76%    10M |  99.9   n/a   1   27   578k   16   23  58%  81.9M    n/a  n/a
   1   53 |   7 1.0   17   3.6M  135  397  74%    10M |  99.9   n/a   1   27   550k   15   23  60%  81.9M    n/a  n/a
   2   54 |   7 1.0   19    12M  227  551  70%    10M |  99.9   ovl   1   27  1.21M   14   23  62%  81.9M   714n  n/a
   2   55 |   7 1.0   19    11M  221  426  65%    10M |  99.9   ovl   1   27  1.78M   19   22  53%  81.9M   714n  n/a
   2   56 |   7 1.0   19    12M  231  509  68%    10M |  99.9   n/a   1   27  1.47M   15   24  61%  81.9M    n/a  n/a
   2   57 |   7 1.0   19    11M  215  525  70%    10M |  99.9   n/a   1   27  1.92M   22   20  47%  81.9M    n/a  n/a
   2   58 |   7 1.0   19    11M  231  533  69%    10M |  99.9   n/a   1   27  1.22M   13   25  65%  81.9M    n/a  n/a
   2   59 |   7 1.0   19    11M  214  489  69%    10M |  99.9   n/a   1   27  1.29M   15   24  61%  81.9M    n/a  n/a
   2   5a |   7 1.0   19    11M  223  546  71%    10M |  99.9   ovl   1   27  1.71M   20   22  52%  81.9M   714n  n/a
   2   5b |   7 1.0   19    11M  213  454  68%    10M |  99.9   n/a   1   27  1.89M   21   22  51%  81.9M    n/a  n/a
   3   5c |   7 1.0   19    11M  188  635  77%    10M |  99.9   n/a   1   27  1.67M   16   19  54%  81.9M    n/a  n/a
   3   5d |   7 1.0   19    11M  194  480  71%    10M |  99.9   n/a   1   27  1.19M   12   24  66%  81.9M    n/a  n/a
   3   5e |   7 1.0   19    11M  199  467  70%    10M |  99.9   n/a   1   27  1.54M   15   22  59%  81.9M    n/a  n/a
   3   5f |   7 1.0   19    11M  179  496  73%    10M |  99.9   n/a   1   27  1.66M   16   22  57%  81.9M    n/a  n/a
   3   60 |   7 1.0   19    12M  198  461  69%    10M |  99.9   n/a   1   27  1.11M   13   23  63%  81.9M    n/a  n/a
   3   61 |   7 1.0   19    12M  194  505  72%    10M |  99.9   n/a   1   27  1.23M   11   22  66%  81.9M    n/a  n/a
   3   62 |   7 1.0   19    11M  212  522  71%    10M |  99.9   n/a   1   27  1.16M   12   22  64%  81.9M    n/a  n/a
   3   63 |   7 1.0   19    11M  179  487  73%    10M |  99.9   n/a   1   27  1.54M   14   23  62%  81.9M    n/a  n/a

          |--------------------DL---------------------|-------------------------------UL-----------------------------
 pci rnti | cqi  ri  mcs  brate   ok  nok  (%)  dl_bs | pusch  rsrp  ri  mcs  brate   ok  nok  (%)    bsr     ta  phr
   4   64 |   7 1.0   19    11M  187  567  75%    10M |  99.9   n/a   1   27  1.61M   16   22  57%  81.9M    n/a  n/a
   4   65 |   7 1.0   19    11M  182  461  71%    10M |  99.9   n/a   1   27  1.59M   16   22  57%  81.9M    n/a  n/a
   4   66 |   7 1.0   19    11M  191  594  75%    10M |  99.9   n/a   1   27  2.04M   20   22  52%  81.9M    n/a  n/a
   4   67 |   7 1.0   19    11M  193  525  73%    10M |  99.9   n/a   1   27  1.43M   14   23  62%  81.9M    n/a  n/a
   4   68 |   7 1.0   19    11M  199  570  74%    10M |  99.9   n/a   1   27  1.65M   17   21  55%  81.9M    n/a  n/a
   4   69 |   7 1.0   19    11M  183  431  70%    10M |  99.9   n/a   1   27  1.72M   18   24  57%  81.9M    n/a  n/a
   4   6a |   7 1.0   19    11M  201  491  70%    10M |  99.9   n/a   1   27  1.87M   19   23  54%  81.9M    n/a  n/a
   4   6b |   7 1.0   19    11M  188  487  72%    10M |  99.9   ovl   1   27  1.64M   15   24  61%  81.9M   646n  n/a
   0   44 |   7 1.0   19   9.7M  175  624  78%    10M |  99.9   ovl   1   27  1.45M   14   17  54%  81.9M  -104n  n/a
   0   45 |   7 1.0   19    11M  171  481  73%    10M |  99.9   ovl   1   27  1.22M   13   14  51%  81.9M    56n  n/a
   0   46 |   7 1.0   19    10M  178  534  75%    10M |  99.9   ovl   1   27  1.15M   12   20  62%  81.9M   395n  n/a
   0   47 |   7 1.0   19    11M  170  493  74%    10M |  99.9   ovl   1   27  1.27M   13   17  56%  81.9M   -33n  n/a
   0   48 |   7 1.0   19    11M  189  487  72%    10M |  99.9   ovl   1   27  2.05M   20   15  42%  81.9M  -431n  n/a
   0   49 |   7 1.0   19    11M  180  538  74%    10M |  99.9   ovl   1   27  2.00M   20   13  39%  81.9M    55n  n/a
   0   4a |   7 1.0   19    10M  183  591  76%    10M |  99.9   ovl   1   27  1.81M   18   13  41%  81.9M  -401n  n/a
   0   4b |   7 1.0   19    10M  171  486  73%    10M |  99.9   ovl   1   27  1.59M   16   17  51%  81.9M   121n  n/a
   1   4c |   7 1.0   18   3.1M  130  506  79%    10M |  99.9   ovl   1   27   544k   13   21  61%  81.9M   -72n  n/a
   1   4d |   7 1.0   18   3.1M  114  436  79%    10M |  99.9   ovl   1   27   398k   11   17  60%  81.9M  -670n  n/a
   1   4e |   7 1.0   18   3.0M  135  436  76%    10M |  99.9   ovl   1   27   580k   16   13  44%  81.9M  -695n  n/a
   1   4f |   7 1.0   18   2.9M  114  449  79%    10M |  99.9   n/a   1   27   466k   12   16  57%  81.9M    n/a  n/a
   1   50 |   7 1.0   18   3.0M  139  523  79%    10M |  99.9   n/a   1   27   488k   13   17  56%  81.9M    n/a  n/a
   1   51 |   7 1.0   18   2.8M  105  444  80%    10M |  99.9   ovl   1   27   461k   13   18  58%  81.9M  -637n  n/a
   1   52 |   7 1.0   18   3.0M  112  508  81%    10M |  99.9   n/a   1   27   596k   17   18  51%  81.9M    n/a  n/a
   1   53 |   7 1.0   18   2.8M  120  488  80%    10M |  99.9   ovl   1   27   621k   17   14  45%  81.9M  -558n  n/a
   2   54 |   7 1.0   19   7.1M  144  649  81%    10M |  99.9   n/a   1   27  1.02M   12   26  68%  81.9M    n/a  n/a
   2   55 |   7 1.0   19   7.8M  138  520  79%    10M |  99.9   n/a   1   27  1.19M   13   23  63%  81.9M    n/a  n/a
   2   56 |   7 1.0   19   7.7M  151  618  80%    10M |  99.9   n/a   1   27  1.12M   14   24  63%  81.9M    n/a  n/a
   2   57 |   7 1.0   19   7.7M  147  572  79%    10M |  99.9   n/a   1   27  1.10M   12   24  66%  81.9M    n/a  n/a
   2   58 |   7 1.0   19   7.5M  151  654  81%    10M |  99.9   n/a   1   27   854k   11   24  68%  81.9M    n/a  n/a
   2   59 |   7 1.0   19   7.6M  144  546  79%    10M |  99.9   n/a   1   27  1.22M   14   24  63%  81.9M    n/a  n/a
   2   5a |   7 1.0   19   7.5M  156  669  81%    10M |  99.9   n/a   1   27   727k    7   26  78%  81.9M    n/a  n/a
   2   5b |   7 1.0   19   7.8M  140  532  79%    10M |  99.9   n/a   1   27  1.27M   15   21  58%  81.9M    n/a  n/a
   3   5c |   7 1.0   19   9.8M  165  562  77%    10M |  99.9   ovl   1   27  1.87M   19   22  53%  81.9M  -439n  n/a
   3   5d |   7 1.0   19   9.9M  159  483  75%    10M |  99.9   ovl   1   27  1.51M   15   22  59%  81.9M   864n  n/a
   3   5e |   7 1.0   19    10M  183  530  74%    10M |  99.9   ovl   1   27  1.83M   20   19  48%  81.9M  -445n  n/a
   3   5f |   7 1.0   19  10.0M  168  559  76%    10M |  99.9   ovl   1   27  1.35M   14   25  64%  81.9M    -1u  n/a
   3   60 |   7 1.0   19    10M  180  570  76%    10M |  99.9   ovl   1   27  1.66M   17   24  58%  81.9M  -356n  n/a
   3   61 |   7 1.0   19   9.9M  160  500  75%    10M |  99.9   ovl   1   27  1.50M   14   23  62%  81.9M   765n  n/a
   3   62 |   7 1.0   19   9.9M  178  608  77%    10M |  99.9   ovl   1   27  1.86M   19   24  55%  81.9M  -504n  n/a
   3   63 |   7 1.0   19    10M  162  546  77%    10M |  99.9   ovl   1   27  1.36M   14   23  62%  81.9M   896n  n/a
   4   64 |   7 1.0   19   9.3M  159  599  79%    10M |  99.9   n/a   1   27  1.02M   11   23  67%  81.9M    n/a  n/a
   4   65 |   7 1.0   19   8.6M  140  551  79%    10M |  99.9   n/a   1   27   865k    8   24  75%  81.9M    n/a  n/a
   4   66 |   7 1.0   19   8.9M  160  573  78%    10M |  99.9   n/a   1   27   635k    6   26  81%  81.9M    n/a  n/a
   4   67 |   7 1.0   19   8.5M  140  533  79%    10M |  99.9   n/a   1   27  1.03M   11   24  68%  81.9M    n/a  n/a
   4   68 |   7 1.0   19   8.8M  153  558  78%    10M |  99.9   n/a   1   27   596k    6   22  78%  81.9M    n/a  n/a
   4   69 |   7 1.0   19   8.6M  140  564  80%    10M |  99.9   n/a   1   27  1.02M    9   19  67%  81.9M    n/a  n/a
   4   6a |   7 1.0   19   9.1M  157  552  77%    10M |  99.9   n/a   1   27   850k    8   25  75%  81.9M    n/a  n/a
   4   6b |   7 1.0   19   9.1M  150  524  77%    10M |  99.9   n/a   1   27  1.33M   13   24  64%  81.9M    n/a  n/a
   0   44 |   7 1.0   19   9.6M  159  539  77%    10M |  99.9   n/a   1   27  1.81M   18   20  52%  81.9M    n/a  n/a
   0   45 |   7 1.0   19   9.6M  160  473  74%    10M |  99.9   n/a   1   27  2.13M   20   23  53%  81.9M    n/a  n/a
   0   46 |   7 1.0   19   9.9M  176  609  77%    10M |  99.9   n/a   1   27   967k    9   24  72%  81.9M    n/a  n/a
   0   47 |   7 1.0   19   9.9M  160  458  74%    10M |  99.9   n/a   1   27  2.22M   20   22  52%  81.9M    n/a  n/a
   0   48 |   7 1.0   19   9.5M  170  587  77%    10M |  99.9   ovl   1   27  1.84M   19   21  52%  81.9M  -632n  n/a
   0   49 |   7 1.0   19   9.6M  154  492  76%    10M |  99.9   n/a   1   27  1.75M   18   26  59%  81.9M    n/a  n/a
   0   4a |   7 1.0   19   9.4M  170  556  76%    10M |  99.9   n/a   1   27  1.76M   18   22  55%  81.9M    n/a  n/a
   0   4b |   7 1.0   19   9.8M  166  525  75%    10M |  99.9   ovl   1   27  1.39M   15   22  59%  81.9M  -960n  n/a
   1   4c |   7 1.0   18   3.5M  147  467  76%    10M |  99.9   n/a   1   27   484k   13   15  53%  81.9M    n/a  n/a
   1   4d |   7 1.0   18   3.3M  122  457  78%    10M |  99.9   n/a   1   27   358k   10   21  67%  81.9M    n/a  n/a
   1   4e |   7 1.0   18   3.5M  136  506  78%    10M |  99.9   n/a   1   27   623k   17   16  48%  81.9M    n/a  n/a
   1   4f |   7 1.0   18   3.2M  117  411  77%    10M |  99.9   n/a   1   27   436k   13   16  55%  81.9M    n/a  n/a
   1   50 |   7 1.0   18   3.5M  133  523  79%    10M |  99.9   n/a   1   27   311k    9   20  68%  81.9M    n/a  n/a
   1   51 |   7 1.0   18   3.3M  127  455  78%    10M |  99.9   n/a   1   27   641k   16   15  48%  81.9M    n/a  n/a
   1   52 |   7 1.0   18   3.5M  136  486  78%    10M |  99.9   n/a   1   27   702k   20   13  39%  81.9M    n/a  n/a
   1   53 |   7 1.0   18   3.3M  129  482  78%    10M |  99.9   n/a   1   27   503k   14   19  57%  81.9M    n/a  n/a
   2   54 |   7 1.0   19   9.4M  195  591  75%    10M |  99.9   n/a   1   27  1.39M   16   21  56%  81.9M    n/a  n/a
   2   55 |   7 1.0   19   9.5M  174  503  74%    10M |  99.9   n/a   1   27  1.29M   15   20  57%  81.9M    n/a  n/a
   2   56 |   7 1.0   19   9.8M  197  508  72%    10M |  99.9   n/a   1   27  1.55M   17   19  52%  81.9M    n/a  n/a
   2   57 |   7 1.0   19   9.4M  177  474  72%    10M |  99.9   n/a   1   27  1.41M   16   24  60%  81.9M    n/a  n/a
   2   58 |   7 1.0   19   9.8M  194  551  73%    10M |  99.9   n/a   1   27  1.22M   14   26  65%  81.9M    n/a  n/a
   2   59 |   7 1.0   19   9.2M  174  530  75%    10M |  99.9   n/a   1   27  1.07M   12   23  65%  81.9M    n/a  n/a
   2   5a |   7 1.0   19   9.1M  181  550  75%    10M |  99.9   n/a   1   27  1.29M   14   21  60%  81.9M    n/a  n/a
   2   5b |   7 1.0   19   9.4M  175  529  75%    10M |  99.9   n/a   1   27  1.49M   16   21  56%  81.9M    n/a  n/a
   3   5c |   7 1.0   19   8.5M  144  627  81%    10M |  99.9   ovl   1   27   834k    9   20  68%  81.9M   272n  n/a
   3   5d |   7 1.0   19   8.9M  146  549  78%    10M |  99.9   ovl   1   27  1.26M   12   21  63%  81.9M  -626n  n/a
   3   5e |   7 1.0   19   8.3M  148  651  81%    10M |  99.9   ovl   1   27  1.05M   10   26  72%  81.9M    50n  n/a
   3   5f |   7 1.0   19   8.9M  152  551  78%    10M |  99.9   ovl   1   27  1.36M   12   20  62%  81.9M   368n  n/a
   3   60 |   7 1.0   19   9.0M  157  522  76%    10M |  99.9   ovl   1   27  1.51M   14   24  63%  81.9M   222n  n/a
   3   61 |   7 1.0   19   8.8M  147  564  79%    10M |  99.9   ovl   1   27  1.35M   14   24  63%  81.9M  -474n  n/a
   3   62 |   7 1.0   19   8.7M  154  571  78%    10M |  99.9   ovl   1   27  1.19M   12   20  62%  81.9M  -553n  n/a
   3   63 |   7 1.0   19   8.7M  139  474  77%    10M |  99.9   ovl   1   27  1.27M   12   20  62%  81.9M    -8n  n/a
   4   64 |   7 1.0   19    11M  198  529  72%    10M |  99.9   n/a   1   27  1.73M   17   15  46%  81.9M    n/a  n/a
   4   65 |   7 1.0   19    11M  182  479  72%    10M |  99.9   n/a   1   27  1.98M   19   15  44%  81.9M    n/a  n/a
   4   66 |   7 1.0   19    11M  186  518  73%    10M |  99.9   n/a   1   27  1.50M   14   16  53%  81.9M    n/a  n/a
   4   67 |   7 1.0   19    11M  183  488  72%    10M |  99.9   n/a   1   27  1.73M   16   13  44%  81.9M    n/a  n/a
   4   68 |   7 1.0   19    11M  189  501  72%    10M |  99.9   n/a   1   27  1.59M   16   17  51%  81.9M    n/a  n/a
   4   69 |   7 1.0   19    11M  183  485  72%    10M |  99.9   n/a   1   27  1.44M   14   22  61%  81.9M    n/a  n/a
   4   6a |   7 1.0   19    11M  178  586  76%    10M |  99.9   n/a   1   27  1.69M   18   16  47%  81.9M    n/a  n/a
   4   6b |   7 1.0   19    11M  184  487  72%    10M |  99.9   n/a   1   27  1.66M   17   18  51%  81.9M    n/a  n/a

          |--------------------DL---------------------|-------------------------------UL-----------------------------
 pci rnti | cqi  ri  mcs  brate   ok  nok  (%)  dl_bs | pusch  rsrp  ri  mcs  brate   ok  nok  (%)    bsr     ta  phr
   0   44 |   7 1.0   19   9.5M  164  582  78%    10M |  99.9   n/a   1   27   828k    9   19  67%  81.9M    n/a  n/a
   0   45 |   7 1.0   19   9.5M  169  497  74%    10M |  99.9   n/a   1   27  1.35M   13   16  55%  81.9M    n/a  n/a
   0   46 |   7 1.0   19   8.9M  158  644  80%    10M |  99.9   n/a   1   27  1.20M   13   18  58%  81.9M    n/a  n/a
   0   47 |   7 1.0   19   9.2M  151  529  77%    10M |  99.9   n/a   1   27  1.09M   11   17  60%  81.9M    n/a  n/a
   0   48 |   7 1.0   19    10M  176  594  77%    10M |  99.9   n/a   1   27  1.60M   16   16  50%  81.9M    n/a  n/a
   0   49 |   7 1.0   19   9.1M  156  497  76%    10M |  99.9   n/a   1   27  1.76M   17   11  39%  81.9M    n/a  n/a
   0   4a |   7 1.0   19   9.3M  158  526  76%    10M |  99.9   n/a   1   27  1.73M   17   18  51%  81.9M    n/a  n/a
   0   4b |   7 1.0   19   9.1M  139  522  78%    10M |  99.9   n/a   1   27  1.38M   14   18  56%  81.9M    n/a  n/a
   1   4c |   7 1.0   19   3.1M  113  424  78%    10M |  99.9   ovl   1   27   599k   17   23  57%  81.9M  -526n  n/a
   1   4d |   7 1.0   18   3.0M  112  443  79%    10M |  99.9   ovl   1   27   560k   14   22  61%  81.9M   559n  n/a
   1   4e |   7 1.0   19   3.1M  125  454  78%    10M |  99.9   ovl   1   27   504k   14   23  62%  81.9M  -338n  n/a
   1   4f |   7 1.0   18   3.0M  117  421  78%    10M |  99.9   ovl   1   27   338k   11   20  64%  81.9M  -226n  n/a
   1   50 |   7 1.0   19   3.3M  130  463  78%    10M |  99.9   ovl   1   27   521k   14   19  57%  81.9M  -452n  n/a
   1   51 |   7 1.0   18   3.0M  119  429  78%    10M |  99.9   ovl   1   27   578k   15   19  55%  81.9M    26n  n/a
   1   52 |   7 1.0   18   2.9M  114  538  82%    10M |  99.9   ovl   1   27   536k   13   21  61%  81.9M   168n  n/a
   1   53 |   7 1.0   18   3.0M  114  436  79%    10M |  99.9   ovl   1   27   498k   14   22  61%  81.9M  -184n  n/a
   2   54 |   7 1.0   19   7.3M  142  650  82%    10M |  99.9   ovl   1   27  1.76M   20   10  33%  81.9M  -226n  n/a
   2   55 |   7 1.0   19   6.8M  122  594  82%    10M |  99.9   ovl   1   27  1.48M   15   15  50%  81.9M   181n  n/a
   2   56 |   7 1.0   19   7.4M  148  636  81%    10M |  99.9   ovl   1   27  1.09M   12   16  57%  81.9M   264n  n/a
   2   57 |   7 1.0   19   7.2M  138  580  80%    10M |  99.9   ovl   1   27  1.32M   15   15  50%  81.9M   204n  n/a
   2   58 |   7 1.0   19   7.0M  143  637  81%    10M |  99.9   ovl   1   27  1.14M   14   14  50%  81.9M  -147n  n/a
   2   59 |   7 1.0   19   7.0M  132  597  81%    10M |  99.9   ovl   1   27  1.03M   12   16  57%  81.9M  -268n  n/a
   2   5a |   7 1.0   19   7.3M  140  642  82%    10M |  99.9   ovl   1   27  1.20M   14   17  54%  81.9M   358n  n/a
   2   5b |   7 1.0   19   7.3M  133  516  79%    10M |  99.9   ovl   1   27  1.61M   19   15  44%  81.9M  -228n  n/a
   3   5c |   7 1.0   19    10M  182  524  74%    10M |  99.9   n/a   1   27  1.68M   18   16  47%  81.9M    n/a  n/a
   3   5d |   7 1.0   19    10M  173  549  76%    10M |  99.9   n/a   1   27  1.72M   18   15  45%  81.9M    n/a  n/a
   3   5e |   7 1.0   19   9.9M  173  604  77%    10M |  99.9   n/a   1   27  1.88M   19   13  40%  81.9M    n/a  n/a
   3   5f |   7 1.0   19    10M  166  534  76%    10M |  99.9   n/a   1   27  1.15M   12   19  61%  81.9M    n/a  n/a
   3   60 |   7 1.0   19  10.0M  174  582  76%    10M |  99.9   n/a   1   27  1.52M   16   15  48%  81.9M    n/a  n/a
   3   61 |   7 1.0   19   9.8M  157  538  77%    10M |  99.9   n/a   1   27  1.26M   14   18  56%  81.9M    n/a  n/a
   3   62 |   7 1.0   19    10M  170  556  76%    10M |  99.9   n/a   1   27  1.61M   17   15  46%  81.9M    n/a  n/a
   3   63 |   7 1.0   19  10.0M  171  479  73%    10M |  99.9   n/a   1   27  1.36M   13   16  55%  81.9M    n/a  n/a
   4   64 |   7 1.0   19   8.6M  154  620  80%    10M |  99.9   ovl   1   27  1.46M   14   23  62%  81.9M   307n  n/a
   4   65 |   7 1.0   19   8.2M  141  551  79%    10M |  99.9   ovl   1   27   932k   10   26  72%  81.9M  -650n  n/a
   4   66 |   7 1.0   19   8.7M  161  502  75%    10M |  99.9   ovl   1   27  1.05M   10   25  71%  81.9M   422n  n/a
   4   67 |   7 1.0   19   8.2M  138  555  80%    10M |  99.9   ovl   1   27  1.38M   13   20  60%  81.9M    55n  n/a
   4   68 |   7 1.0   19   8.7M  149  551  78%    10M |  99.9   ovl   1   27  1.30M   14   22  61%  81.9M  -102n  n/a
   4   69 |   7 1.0   19   8.1M  130  505  79%    10M |  99.9   ovl   1   27  1.57M   15   23  60%  81.9M  -525n  n/a
   4   6a |   7 1.0   19   8.3M  151  617  80%    10M |  99.9   ovl   1   27  1.51M   15   20  57%  81.9M  -494n  n/a
   4   6b |   7 1.0   19   8.2M  134  578  81%    10M |  99.9   ovl   1   27  1.17M   11   22  66%  81.9M  -326n  n/a
   0   44 |   7 1.0   19    11M  204  521  71%    10M |  99.9   ovl   1   27  1.71M   16   19  54%  81.9M  -698n  n/a
   0   45 |   7 1.0   19    10M  163  462  73%    10M |  99.9   ovl   1   27  2.20M   21   19  47%  81.9M   158n  n/a
   0   46 |   7 1.0   19    11M  197  449  69%    10M |  99.9   ovl   1   27  1.77M   19   17  47%  81.9M   -71n  n/a
   0   47 |   7 1.0   19    10M  156  477  75%    10M |  99.9   n/a   1   27  1.53M   16   23  58%  81.9M    n/a  n/a
   0   48 |   7 1.0   19    11M  194  483  71%    10M |  99.9   ovl   1   27  1.61M   15   18  54%  81.9M  -156n  n/a
   0   49 |   7 1.0   19   9.8M  172  480  73%    10M |  99.9   n/a   1   27  2.08M   22   21  48%  81.9M    n/a  n/a
   0   4a |   7 1.0   19    11M  197  487  71%    10M |  99.9   ovl   1   27  1.88M   18   14  43%  81.9M  -392n  n/a
   0   4b |   7 1.0   19    10M  168  453  72%    10M |  99.9   ovl   1   27  1.53M   16   18  52%  81.9M  -166n  n/a
   1   4c |   7 1.0   19   3.5M  129  507  79%    10M |  99.9   n/a   1   27   444k   11   21  65%  81.9M    n/a  n/a
   1   4d |   7 1.0   18   3.2M  123  498  80%    10M |  99.9   ovl   1   27   453k   11   24  68%  81.9M   109n  n/a
   1   4e |   7 1.0   19   3.5M  132  520  79%    10M |  99.9   n/a   1   27   449k   12   24  66%  81.9M    n/a  n/a
   1   4f |   7 1.0   18   3.3M  116  444  79%    10M |  99.9   n/a   1   27   458k   12   21  63%  81.9M    n/a  n/a
   1   50 |   7 1.0   19   3.5M  136  461  77%    10M |  99.9   n/a   1   27   489k   12   21  63%  81.9M    n/a  n/a
   1   51 |   7 1.0   18   3.2M  117  483  80%    10M |  99.9   n/a   1   27   415k   12   22  64%  81.9M    n/a  n/a
   1   52 |   7 1.0   19   3.4M  126  451  78%    10M |  99.9   ovl   1   27   457k   12   23  65%  81.9M   103n  n/a
   1   53 |   7 1.0   18   3.3M  123  486  79%    10M |  99.9   n/a   1   27   468k   13   21  61%  81.9M    n/a  n/a
   2   54 |   7 1.0   19   9.6M  177  606  77%    10M |  99.9   n/a   1   27   838k   10   28  73%  81.9M    n/a  n/a
   2   55 |   7 1.0   19   8.6M  164  580  77%    10M |  99.9   n/a   1   27  1.34M   15   24  61%  81.9M    n/a  n/a
   2   56 |   7 1.0   19   9.4M  186  565  75%    10M |  99.9   n/a   1   27  1.02M   11   25  69%  81.9M    n/a  n/a
   2   57 |   7 1.0   19   8.8M  174  552  76%    10M |  99.9   n/a   1   27   963k   11   24  68%  81.9M    n/a  n/a
   2   58 |   7 1.0   19   9.5M  196  600  75%    10M |  99.9   n/a   1   27  1.11M   13   21  61%  81.9M    n/a  n/a
   2   59 |   7 1.0   19   9.0M  173  555  76%    10M |  99.9   n/a   1   27  1.02M   12   24  66%  81.9M    n/a  n/a
   2   5a |   7 1.0   19   8.9M  164  592  78%    10M |  99.9   n/a   1   27   723k    8   20  71%  81.9M    n/a  n/a
   2   5b |   7 1.0   19   8.9M  175  542  75%    10M |  99.9   n/a   1   27   756k    8   20  71%  81.9M    n/a  n/a
   3   5c |   7 1.0   19   9.8M  162  526  76%    10M |  99.9   n/a   1   27  1.18M   11   24  68%  81.9M    n/a  n/a
   3   5d |   7 1.0   19   9.8M  168  560  76%    10M |  99.9   n/a   1   27   853k    8   24  75%  81.9M    n/a  n/a
   3   5e |   7 1.0   19   9.6M  174  515  74%    10M |  99.9   n/a   1   27   971k    9   20  68%  81.9M    n/a  n/a
   3   5f |   7 1.0   19   9.9M  163  505  75%    10M |  99.9   n/a   1   27  1.28M   13   23  63%  81.9M    n/a  n/a
   3   60 |   7 1.0   19   9.8M  171  564  76%    10M |  99.9   n/a   1   27   723k    7   21  75%  81.9M    n/a  n/a
   3   61 |   7 1.0   19    10M  165  467  73%    10M |  99.9   n/a   1   27  1.18M   12   27  69%  81.9M    n/a  n/a
   3   62 |   7 1.0   19   9.8M  170  494  74%    10M |  99.9   n/a   1   27  1.39M   13   21  61%  81.9M    n/a  n/a
   3   63 |   7 1.0   19    10M  171  408  70%    10M |  99.9   n/a   1   27  1.30M   12   23  65%  81.9M    n/a  n/a
   4   64 |   7 1.0   19    10M  183  477  72%    10M |  99.9   ovl   1   27  1.83M   18   18  50%  81.9M  -132n  n/a
   4   65 |   7 1.0   19   9.5M  162  541  76%    10M |  99.9   ovl   1   27  1.59M   15   18  54%  81.9M  -740n  n/a
   4   66 |   7 1.0   19   9.7M  165  519  75%    10M |  99.9   ovl   1   27  1.62M   15   18  54%  81.9M  -456n  n/a
   4   67 |   7 1.0   19   9.7M  154  478  75%    10M |  99.9   ovl   1   27  1.39M   13   21  61%  81.9M   659n  n/a
   4   68 |   7 1.0   19   9.4M  166  605  78%    10M |  99.9   ovl   1   27  1.46M   14   20  58%  81.9M   674n  n/a
   4   69 |   7 1.0   19   9.3M  157  535  77%    10M |  99.9   ovl   1   27  1.64M   17   15  46%  81.9M   645n  n/a
   4   6a |   7 1.0   19   9.8M  166  560  77%    10M |  99.9   n/a   1   27  1.52M   15   19  55%  81.9M    n/a  n/a
   4   6b |   7 1.0   19   9.3M  168  562  76%    10M |  99.9   ovl   1   27  1.35M   13   18  58%  81.9M   423n  n/a
   0   44 |   7 1.0   19    10M  181  544  75%    10M |  99.9   n/a   1   27  3.01M   30   19  38%  81.9M    n/a  n/a
   0   45 |   7 1.0   19   8.5M  136  570  80%    10M |  99.9   n/a   1   27   834k    9   26  74%  81.9M    n/a  n/a
   0   46 |   7 1.0   19   9.5M  171  526  75%    10M |  99.9   n/a   1   27  1.85M   17   19  52%  81.9M    n/a  n/a
   0   47 |   7 1.0   19   8.6M  144  532  78%    10M |  99.9   n/a   1   27  1.26M   12   25  67%  81.9M    n/a  n/a
   0   48 |   7 1.0   19   9.5M  168  544  76%    10M |  99.9   n/a   1   27  1.55M   14   25  64%  81.9M    n/a  n/a
   0   49 |   7 1.0   19   9.0M  148  551  78%    10M |  99.9   n/a   1   27  1.88M   20   19  48%  81.9M    n/a  n/a
   0   4a |   7 1.0   19   9.7M  175  589  77%    10M |  99.9   n/a   1   27  1.05M   11   23  67%  81.9M    n/a  n/a
   0   4b |   7 1.0   19   9.2M  154  552  78%    10M |  99.9   n/a   1   27  1.64M   16   20  55%  81.9M    n/a  n/a

          |--------------------DL---------------------|-------------------------------UL-----------------------------
 pci rnti | cqi  ri  mcs  brate   ok  nok  (%)  dl_bs | pusch  rsrp  ri  mcs  brate   ok  nok  (%)    bsr     ta  phr
   1   4c |   7 1.0   19   3.8M  143  447  75%    10M |  99.9   n/a   1   27   542k   15   21  58%  81.9M    n/a  n/a
   1   4d |   7 1.0   19   3.8M  133  477  78%    10M |  99.9   n/a   1   27   404k    9   19  67%  81.9M    n/a  n/a
   1   4e |   7 1.0   19   3.9M  141  444  75%    10M |  99.9   n/a   1   27   520k   14   20  58%  81.9M    n/a  n/a
   1   4f |   7 1.0   18   3.7M  135  442  76%    10M |  99.9   n/a   1   27   580k   15   19  55%  81.9M    n/a  n/a
   1   50 |   7 1.0   19   3.8M  141  516  78%    10M |  99.9   n/a   1   27   515k   13   21  61%  81.9M    n/a  n/a
   1   51 |   7 1.0   18   3.6M  131  408  75%    10M |  99.9   n/a   1   27   450k   11   19  63%  81.9M    n/a  n/a
   1   52 |   7 1.0   19   3.7M  145  506  77%    10M |  99.9   n/a   1   27   481k   12   22  64%  81.9M    n/a  n/a
   1   53 |   7 1.0   19   3.7M  143  444  75%    10M |  99.9   n/a   1   27   468k   13   17  56%  81.9M    n/a  n/a
   2   54 |   7 1.0   19   9.2M  185  590  76%    10M |  99.9   n/a   1   27   709k    7   22  75%  81.9M    n/a  n/a
   2   55 |   7 1.0   19   9.3M  174  524  75%    10M |  99.9   n/a   1   27   653k    8   22  73%  81.9M    n/a  n/a
   2   56 |   7 1.0   19   9.2M  183  589  76%    10M |  99.9   n/a   1   27   766k    9   25  73%  81.9M    n/a  n/a
   2   57 |   7 1.0   19   9.0M  172  523  75%    10M |  99.9   n/a   1   27   801k    9   23  71%  81.9M    n/a  n/a
   2   58 |   7 1.0   19   9.3M  175  598  77%    10M |  99.9   n/a   1   27  1.16M   11   23  67%  81.9M    n/a  n/a
   2   59 |   7 1.0   19   9.2M  172  517  75%    10M |  99.9   n/a   1   27   861k    9   26  74%  81.9M    n/a  n/a
   2   5a |   7 1.0   19   9.2M  182  636  77%    10M |  99.9   n/a   1   27   709k    8   24  75%  81.9M    n/a  n/a
   2   5b |   7 1.0   19   9.2M  176  540  75%    10M |  99.9   n/a   1   27   822k   10   26  72%  81.9M    n/a  n/a
   3   5c |   7 1.0   19   9.5M  176  584  76%    10M |  99.9   n/a   1   27  1.32M   13   24  64%  81.9M    n/a  n/a
   3   5d |   7 1.0   19   9.4M  152  518  77%    10M |  99.9   n/a   1   27  1.53M   16   25  60%  81.9M    n/a  n/a
   3   5e |   7 1.0   19   9.4M  160  523  76%    10M |  99.9   n/a   1   27  1.31M   13   27  67%  81.9M    n/a  n/a
   3   5f |   7 1.0   19   9.2M  147  476  76%    10M |  99.9   n/a   1   27  1.53M   16   25  60%  81.9M    n/a  n/a
   3   60 |   7 1.0   19   9.6M  163  577  77%    10M |  99.9   n/a   1   27   785k    8   28  77%  81.9M    n/a  n/a
   3   61 |   7 1.0   19   9.2M  155  516  76%    10M |  99.9   n/a   1   27  1.32M   14   24  63%  81.9M    n/a  n/a
   3   62 |   7 1.0   19   9.5M  169  601  78%    10M |  99.9   n/a   1   27  1.20M   12   27  69%  81.9M    n/a  n/a
   3   63 |   7 1.0   19   9.5M  161  533  76%    10M |  99.9   n/a   1   27  1.12M   11   28  71%  81.9M    n/a  n/a
   4   64 |   7 1.0   19    11M  183  604  76%    10M |  99.9   ovl   1   27  1.75M   18   21  53%  81.9M  -849n  n/a
   4   65 |   7 1.0   19    10M  176  563  76%    10M |  99.9   n/a   1   27  2.09M   21   21  50%  81.9M    n/a  n/a
   4   66 |   7 1.0   19    11M  188  532  73%    10M |  99.9   ovl   1   27  1.84M   20   21  51%  81.9M   765n  n/a
   4   67 |   7 1.0   19    10M  165  491  74%    10M |  99.9   ovl   1   27  1.15M   12   23  65%  81.9M  -570n  n/a
   4   68 |   7 1.0   19    11M  199  492  71%    10M |  99.9   n/a   1   27  1.09M   10   25  71%  81.9M    n/a  n/a
   4   69 |   7 1.0   19    10M  177  500  73%    10M |  99.9   n/a   1   27   834k    9   21  70%  81.9M    n/a  n/a
   4   6a |   7 1.0   19    11M  192  549  74%    10M |  99.9   n/a   1   27  1.53M   16   20  55%  81.9M    n/a  n/a
   4   6b |   7 1.0   19    11M  182  480  72%    10M |  99.9   n/a   1   27  1.75M   16   25  60%  81.9M    n/a  n/a
   0   44 |   7 1.0   19    11M  203  491  70%    10M |  99.9   n/a   1   27  2.10M   21   20  48%  81.9M    n/a  n/a
   0   45 |   7 1.0   19    12M  193  416  68%    10M |  99.9   n/a   1   27  1.58M   16   25  60%  81.9M    n/a  n/a
   0   46 |   7 1.0   19    12M  208  491  70%    10M |  99.9   n/a   1   27  2.21M   22   13  37%  81.9M    n/a  n/a
   0   47 |   7 1.0   19    12M  211  393  65%    10M |  99.9   n/a   1   27  2.11M   21   23  52%  81.9M    n/a  n/a
   0   48 |   7 1.0   19    11M  190  551  74%    10M |  99.9   n/a   1   27  1.58M   16   15  48%  81.9M    n/a  n/a
   0   49 |   7 1.0   19    11M  186  433  69%    10M |  99.9   n/a   1   27  2.58M   25   18  41%  81.9M    n/a  n/a
   0   4a |   7 1.0   19    11M  178  513  74%    10M |  99.9   n/a   1   27  1.47M   13   24  64%  81.9M    n/a  n/a
   0   4b |   7 1.0   19    12M  193  445  69%    10M |  99.9   n/a   1   27  2.59M   26   16  38%  81.9M    n/a  n/a
   1   4c |   7 1.0   19   3.8M  142  448  75%    10M |  99.9   n/a   1   27   639k   17   18  51%  81.9M    n/a  n/a
   1   4d |   7 1.0   19   3.7M  127  401  75%    10M |  99.9   n/a   1   27   478k   12   22  64%  81.9M    n/a  n/a
   1   4e |   7 1.0   19   3.8M  136  407  74%    10M |  99.9   n/a   1   27   615k   18   21  53%  81.9M    n/a  n/a
   1   4f |   7 1.0   19   3.8M  132  410  75%    10M |  99.9   n/a   1   27   702k   20   23  53%  81.9M    n/a  n/a
   1   50 |   7 1.0   19   3.7M  146  407  73%    10M |  99.9   n/a   1   27   345k    9   21  70%  81.9M    n/a  n/a
   1   51 |   7 1.0   19   3.8M  135  405  75%    10M |  99.9   n/a   1   27   446k   12   25  67%  81.9M    n/a  n/a
   1   52 |   7 1.0   19   3.8M  140  432  75%    10M |  99.9   n/a   1   27   578k   16   16  50%  81.9M    n/a  n/a
   1   53 |   7 1.0   19   3.7M  133  431  76%    10M |  99.9   n/a   1   27   627k   16   23  58%  81.9M    n/a  n/a
   2   54 |   7 1.0   19   9.4M  191  569  74%    10M |  99.9   n/a   1   27  1.02M   11   30  73%  81.9M    n/a  n/a
   2   55 |   7 1.0   19   9.6M  174  528  75%    10M |  99.9   n/a   1   27  1.38M   15   27  64%  81.9M    n/a  n/a
   2   56 |   7 1.0   19   9.7M  194  526  73%    10M |  99.9   ovl   1   27  1.70M   19   27  58%  81.9M    -1u  n/a
   2   57 |   7 1.0   19   9.3M  173  543  75%    10M |  99.9   n/a   1   27  1.31M   15   27  64%  81.9M    n/a  n/a
   2   58 |   7 1.0   19   9.9M  190  595  75%    10M |  99.9   n/a   1   27  1.33M   15   29  65%  81.9M    n/a  n/a
   2   59 |   7 1.0   19   9.4M  176  601  77%    10M |  99.9   n/a   1   27  1.27M   15   30  66%  81.9M    n/a  n/a
   2   5a |   7 1.0   19   9.5M  191  585  75%    10M |  99.9   n/a   1   27  1.35M   16   28  63%  81.9M    n/a  n/a
   2   5b |   7 1.0   19   9.3M  181  537  74%    10M |  99.9   n/a   1   27  1.28M   15   28  65%  81.9M    n/a  n/a
   3   5c |   7 1.0   19    11M  199  495  71%    10M |  99.9   n/a   1   27  1.61M   18   22  55%  81.9M    n/a  n/a
   3   5d |   7 1.0   19    11M  189  485  71%    10M |  99.9   n/a   1   27  1.88M   19   19  50%  81.9M    n/a  n/a
   3   5e |   7 1.0   19    12M  200  533  72%    10M |  99.9   n/a   1   27  1.48M   15   21  58%  81.9M    n/a  n/a
   3   5f |   7 1.0   19    12M  191  497  72%    10M |  99.9   n/a   1   27  1.41M   15   26  63%  81.9M    n/a  n/a
   3   60 |   7 1.0   19    12M  211  471  69%    10M |  99.9   n/a   1   27  1.67M   19   24  55%  81.9M    n/a  n/a
   3   61 |   7 1.0   19    11M  192  487  71%    10M |  99.9   n/a   1   27  1.19M   12   22  64%  81.9M    n/a  n/a
   3   62 |   7 1.0   19    12M  200  525  72%    10M |  99.9   n/a   1   27  1.98M   21   24  53%  81.9M    n/a  n/a
   3   63 |   7 1.0   19    11M  194  455  70%    10M |  99.9   n/a   1   27  1.13M   11   22  66%  81.9M    n/a  n/a
   4   64 |   7 1.0   19    11M  194  551  73%    10M |  99.9   n/a   1   27  1.20M   12   23  65%  81.9M    n/a  n/a
   4   65 |   7 1.0   19    11M  187  481  72%    10M |  99.9   n/a   1   27  1.37M   14   19  57%  81.9M    n/a  n/a
   4   66 |   7 1.0   19    12M  213  463  68%    10M |  99.9   n/a   1   27  1.79M   17   19  52%  81.9M    n/a  n/a
   4   67 |   7 1.0   19    11M  194  482  71%    10M |  99.9   n/a   1   27  1.34M   13   22  62%  81.9M    n/a  n/a
   4   68 |   7 1.0   19    12M  200  521  72%    10M |  99.9   n/a   1   27  1.59M   15   25  62%  81.9M    n/a  n/a
   4   69 |   7 1.0   19    11M  185  499  72%    10M |  99.9   n/a   1   27  1.34M   13   23  63%  81.9M    n/a  n/a
   4   6a |   7 1.0   19    12M  201  488  70%    10M |  99.9   n/a   1   27  1.13M   11   24  68%  81.9M    n/a  n/a
   4   6b |   7 1.0   19    11M  183  507  73%    10M |  99.9   n/a   1   27  1.53M   14   18  56%  81.9M    n/a  n/a
   0   44 |   7 1.0   19   9.7M  172  430  71%    10M |  99.9   n/a   1   27   977k   10   22  68%  81.9M    n/a  n/a
   0   45 |   7 1.0   19   9.6M  156  420  72%    10M |  99.9   n/a   1   27  2.14M   21   14  40%  81.9M    n/a  n/a
   0   46 |   7 1.0   19   9.7M  170  487  74%    10M |  99.9   ovl   1   27  1.89M   19   16  45%  81.9M    36n  n/a
   0   47 |   7 1.0   19   9.4M  155  459  74%    10M |  99.9   n/a   1   27  1.56M   16   13  44%  81.9M    n/a  n/a
   0   48 |   7 1.0   19   9.3M  160  554  77%    10M |  99.9   ovl   1   27  2.41M   26   21  44%  81.9M   263n  n/a
   0   49 |   7 1.0   19   9.0M  147  447  75%    10M |  99.9   n/a   1   27  1.31M   13   22  62%  81.9M    n/a  n/a
   0   4a |   7 1.0   19   9.6M  166  433  72%    10M |  99.9   n/a   1   27  1.66M   18   14  43%  81.9M    n/a  n/a
   0   4b |   7 1.0   19   9.8M  158  435  73%    10M |  99.9   n/a   1   27  1.83M   18   11  37%  81.9M    n/a  n/a
   1   4c |   7 1.0   19   3.0M  115  518  81%    10M |  99.9   n/a   1   27   328k    9   27  75%  81.9M    n/a  n/a
   1   4d |   7 1.0   19   3.0M  108  528  83%    10M |  99.9   n/a   1   27   127k    4   26  86%  81.9M    n/a  n/a
   1   4e |   7 1.0   19   3.0M  115  534  82%    10M |  99.9   n/a   1   27   258k    6   24  80%  81.9M    n/a  n/a
   1   4f |   7 1.0   19   2.8M  100  469  82%    10M |  99.9   n/a   1   27   359k   10   24  70%  81.9M    n/a  n/a
   1   50 |   7 1.0   19   3.0M  110  500  81%    10M |  99.9   n/a   1   27   250k    6   24  80%  81.9M    n/a  n/a
   1   51 |   7 1.0   19   2.9M  102  430  80%    10M |  99.9   n/a   1   27   306k    9   27  75%  81.9M    n/a  n/a
   1   52 |   7 1.0   19   2.9M  113  565  83%    10M |  99.9   n/a   1   27   281k    8   25  75%  81.9M    n/a  n/a
   1   53 |   7 1.0   19   2.8M  101  500  83%    10M |  99.9   n/a   1   27   238k    6   26  81%  81.9M    n/a  n/a

          |--------------------DL---------------------|-------------------------------UL-----------------------------
 pci rnti | cqi  ri  mcs  brate   ok  nok  (%)  dl_bs | pusch  rsrp  ri  mcs  brate   ok  nok  (%)    bsr     ta  phr
   2   54 |   7 1.0   19   8.8M  192  548  74%    10M |  99.9   n/a   1   27  1.55M   16   21  56%  81.9M    n/a  n/a
   2   55 |   7 1.0   19   9.1M  170  536  75%    10M |  99.9   n/a   1   27  1.33M   15   21  58%  81.9M    n/a  n/a
   2   56 |   7 1.0   19   8.9M  168  556  76%    10M |  99.9   n/a   1   27   856k   11   23  67%  81.9M    n/a  n/a
   2   57 |   7 1.0   19   9.2M  178  534  75%    10M |  99.9   n/a   1   27  1.18M   13   24  64%  81.9M    n/a  n/a
   2   58 |   7 1.0   19   8.7M  171  579  77%    10M |  99.9   n/a   1   27   930k   10   22  68%  81.9M    n/a  n/a
   2   59 |   7 1.0   19   9.1M  165  508  75%    10M |  99.9   n/a   1   27  1.09M   12   23  65%  81.9M    n/a  n/a
   2   5a |   7 1.0   19   8.7M  177  586  76%    10M |  99.9   n/a   1   27  1.29M   15   21  58%  81.9M    n/a  n/a
   2   5b |   7 1.0   19   9.1M  179  583  76%    10M |  99.9   n/a   1   27   914k   11   24  68%  81.9M    n/a  n/a
   3   5c |   7 1.0   19    11M  183  536  74%    10M |  99.9   ovl   1   27  1.12M   12   22  64%  81.9M   813n  n/a
   3   5d |   7 1.0   19    11M  177  490  73%    10M |  99.9   ovl   1   27   979k   10   23  69%  81.9M   441n  n/a
   3   5e |   7 1.0   19    10M  182  548  75%    10M |  99.9   ovl   1   27  1.00M   11   20  64%  81.9M   127n  n/a
   3   5f |   7 1.0   19    11M  174  499  74%    10M |  99.9   n/a   1   27  1.36M   13   19  59%  81.9M    n/a  n/a
   3   60 |   7 1.0   19    10M  188  511  73%    10M |  99.9   n/a   1   27  1.00M   10   20  66%  81.9M    n/a  n/a
   3   61 |   7 1.0   19    11M  181  491  73%    10M |  99.9   n/a   1   27  1.06M   10   26  72%  81.9M    n/a  n/a
   3   62 |   7 1.0   19    10M  176  533  75%    10M |  99.9   ovl   1   27  1.95M   20   19  48%  81.9M     1u  n/a
   3   63 |   7 1.0   19    11M  173  443  71%    10M |  99.9   ovl   1   27  1.05M   11   24  68%  81.9M  -553n  n/a
   4   64 |   7 1.0   19    11M  184  517  73%    10M |  99.9   n/a   1   27  1.82M   19   25  56%  81.9M    n/a  n/a
   4   65 |   7 1.0   19    11M  182  459  71%    10M |  99.9   n/a   1   27  1.51M   16   24  60%  81.9M    n/a  n/a
   4   66 |   7 1.0   19    11M  199  558  73%    10M |  99.9   n/a   1   27  1.60M   15   27  64%  81.9M    n/a  n/a
   4   67 |   7 1.0   19    11M  185  464  71%    10M |  99.9   n/a   1   27  2.16M   21   22  51%  81.9M    n/a  n/a
   4   68 |   7 1.0   19    11M  185  533  74%    10M |  99.9   n/a   1   27  1.39M   15   23  60%  81.9M    n/a  n/a
   4   69 |   7 1.0   19    11M  183  438  70%    10M |  99.9   n/a   1   27  1.45M   15   24  61%  81.9M    n/a  n/a
   4   6a |   7 1.0   19    11M  202  488  70%    10M |  99.9   n/a   1   27  1.43M   13   24  64%  81.9M    n/a  n/a
   4   6b |   7 1.0   19    11M  185  498  72%    10M |  99.9   n/a   1   27  1.93M   21   21  50%  81.9M    n/a  n/a
   0   44 |   7 1.0   19    11M  183  433  70%    10M |  99.9   n/a   1   27  2.34M   22   13  37%  81.9M    n/a  n/a
   0   45 |   7 1.0   19    11M  172  397  69%    10M |  99.9   n/a   1   27  2.18M   21   14  40%  81.9M    n/a  n/a
   0   46 |   7 1.0   19    11M  177  432  70%    10M |  99.9   n/a   1   27  2.95M   29   17  36%  81.9M    n/a  n/a
   0   47 |   7 1.0   19    11M  180  389  68%    10M |  99.9   n/a   1   27  2.20M   21   12  36%  81.9M    n/a  n/a
   0   48 |   7 1.0   19    11M  187  389  67%    10M |  99.9   n/a   1   27  2.29M   21   19  47%  81.9M    n/a  n/a
   0   49 |   7 1.0   19    11M  179  394  68%    10M |  99.9   n/a   1   27  3.12M   31   17  35%  81.9M    n/a  n/a
   0   4a |   7 1.0   19    11M  184  478  72%    10M |  99.9   n/a   1   27  2.34M   23   14  37%  81.9M    n/a  n/a
   0   4b |   7 1.0   19    12M  182  347  65%    10M |  99.9   n/a   1   27  1.29M   14   14  50%  81.9M    n/a  n/a
   1   4c |   7 1.0   19   3.5M  139  503  78%    10M |  99.9   n/a   1   27   446k   12   23  65%  81.9M    n/a  n/a
   1   4d |   7 1.0   19   3.5M  124  489  79%    10M |  99.9   n/a   1   27   552k   14   22  61%  81.9M    n/a  n/a
   1   4e |   7 1.0   19   3.6M  131  506  79%    10M |  99.9   n/a   1   27   381k   11   22  66%  81.9M    n/a  n/a
   1   4f |   7 1.0   19   3.5M  113  437  79%    10M |  99.9   n/a   1   27   391k   10   25  71%  81.9M    n/a  n/a
   1   50 |   7 1.0   19   3.4M  131  545  80%    10M |  99.9   n/a   1   27   450k   11   23  67%  81.9M    n/a  n/a
   1   51 |   7 1.0   19   3.6M  127  405  76%    10M |  99.9   n/a   1   27   376k   11   24  68%  81.9M    n/a  n/a
   1   52 |   7 1.0   19   3.6M  132  499  79%    10M |  99.9   n/a   1   27   417k   10   22  68%  81.9M    n/a  n/a
   1   53 |   7 1.0   19   3.5M  117  456  79%    10M |  99.9   n/a   1   27   506k   13   21  61%  81.9M    n/a  n/a
   2   54 |   7 1.0   19   9.9M  205  565  73%    10M |  99.9   n/a   1   27  1.69M   21   21  50%  81.9M    n/a  n/a
   2   55 |   7 1.0   19   9.9M  187  493  72%    10M |  99.9   n/a   1   27  1.38M   16   19  54%  81.9M    n/a  n/a
   2   56 |   7 1.0   19    10M  209  528  71%    10M |  99.9   ovl   1   27  1.56M   18   23  56%  81.9M   714n  n/a
   2   57 |   7 1.0   19    10M  193  491  71%    10M |  99.9   n/a   1   27  1.38M   16   21  56%  81.9M    n/a  n/a
   2   58 |   7 1.0   19   9.9M  195  618  76%    10M |  99.9   n/a   1   27  1.65M   19   21  52%  81.9M    n/a  n/a
   2   59 |   7 1.0   19  10.0M  195  472  70%    10M |  99.9   n/a   1   27  1.88M   21   23  52%  81.9M    n/a  n/a
   2   5a |   7 1.0   19    10M  199  531  72%    10M |  99.9   n/a   1   27  1.38M   15   24  61%  81.9M    n/a  n/a
   2   5b |   7 1.0   19    10M  194  504  72%    10M |  99.9   n/a   1   27  1.73M   20   23  53%  81.9M    n/a  n/a
   3   5c |   7 1.0   19    11M  192  533  73%    10M |  99.9   n/a   1   27  1.64M   16   22  57%  81.9M    n/a  n/a
   3   5d |   7 1.0   19    11M  173  546  75%    10M |  99.9   n/a   1   27  1.40M   13   23  63%  81.9M    n/a  n/a
   3   5e |   7 1.0   19    11M  202  563  73%    10M |  99.9   n/a   1   27  1.70M   16   21  56%  81.9M    n/a  n/a
   3   5f |   7 1.0   19    11M  192  501  72%    10M |  99.9   n/a   1   27  1.88M   18   24  57%  81.9M    n/a  n/a
   3   60 |   7 1.0   19    11M  201  485  70%    10M |  99.9   n/a   1   27  1.63M   15   21  58%  81.9M    n/a  n/a
   3   61 |   7 1.0   19    11M  182  470  72%    10M |  99.9   n/a   1   27  1.72M   17   21  55%  81.9M    n/a  n/a
   3   62 |   7 1.0   19    11M  189  519  73%    10M |  99.9   n/a   1   27  1.15M   12   19  61%  81.9M    n/a  n/a
   3   63 |   7 1.0   19    11M  190  507  72%    10M |  99.9   n/a   1   27  1.67M   16   24  60%  81.9M    n/a  n/a
   4   64 |   7 1.0   19    10M  169  554  76%    10M |  99.9   n/a   1   27  1.50M   14   20  58%  81.9M    n/a  n/a
   4   65 |   7 1.0   19    11M  173  517  74%    10M |  99.9   n/a   1   27  1.50M   14   22  61%  81.9M    n/a  n/a
   4   66 |   7 1.0   19    11M  192  550  74%    10M |  99.9   n/a   1   27  1.69M   16   19  54%  81.9M    n/a  n/a
   4   67 |   7 1.0   19    10M  173  499  74%    10M |  99.9   n/a   1   27  1.73M   17   19  52%  81.9M    n/a  n/a
   4   68 |   7 1.0   19    11M  194  454  70%    10M |  99.9   n/a   1   27  1.09M   11   23  67%  81.9M    n/a  n/a
   4   69 |   7 1.0   19    10M  174  506  74%    10M |  99.9   n/a   1   27  1.62M   16   22  57%  81.9M    n/a  n/a
   4   6a |   7 1.0   19    11M  180  582  76%    10M |  99.9   n/a   1   27  1.44M   14   22  61%  81.9M    n/a  n/a
   4   6b |   7 1.0   19    10M  176  513  74%    10M |  99.9   n/a   1   27  1.36M   13   21  61%  81.9M    n/a  n/a
   0   44 |   7 1.0   19    11M  194  483  71%    10M |  99.9   n/a   1   27  2.49M   25   16  39%  81.9M    n/a  n/a
   0   45 |   7 1.0   19    11M  176  413  70%    10M |  99.9   n/a   1   27  1.62M   16   19  54%  81.9M    n/a  n/a
   0   46 |   7 1.0   19    11M  194  424  68%    10M |  99.9   ovl   1   27  2.55M   25   21  45%  81.9M  -698n  n/a
   0   47 |   7 1.0   19    11M  175  422  70%    10M |  99.9   n/a   1   27  2.03M   20   19  48%  81.9M    n/a  n/a
   0   48 |   7 1.0   19    10M  175  535  75%    10M |  99.9   n/a   1   27  2.21M   24   16  40%  81.9M    n/a  n/a
   0   49 |   7 1.0   19    11M  175  401  69%    10M |  99.9   n/a   1   27  1.98M   21   16  43%  81.9M    n/a  n/a
   0   4a |   7 1.0   19    11M  197  407  67%    10M |  99.9   n/a   1   27  2.54M   24   19  44%  81.9M    n/a  n/a
   0   4b |   7 1.0   19    10M  170  476  73%    10M |  99.9   n/a   1   27  1.91M   20   19  48%  81.9M    n/a  n/a
   1   4c |   7 1.0   19   4.0M  149  481  76%    10M |  99.9   n/a   1   27   498k   13   22  62%  81.9M    n/a  n/a
   1   4d |   7 1.0   19   4.0M  136  437  76%    10M |  99.9   n/a   1   27   522k   16   19  54%  81.9M    n/a  n/a
   1   4e |   7 1.0   19   4.3M  163  497  75%    10M |  99.9   n/a   1   27   512k   14   21  60%  81.9M    n/a  n/a
   1   4f |   7 1.0   19   3.9M  132  415  75%    10M |  99.9   n/a   1   27   421k   12   21  63%  81.9M    n/a  n/a
   1   50 |   7 1.0   19   4.0M  148  472  76%    10M |  99.9   n/a   1   27   360k    9   20  68%  81.9M    n/a  n/a
   1   51 |   7 1.0   19   4.0M  141  431  75%    10M |  99.9   n/a   1   27   477k   11   22  66%  81.9M    n/a  n/a
   1   52 |   7 1.0   19   4.1M  149  422  73%    10M |  99.9   n/a   1   27   402k   11   22  66%  81.9M    n/a  n/a
   1   53 |   7 1.0   19   3.9M  139  451  76%    10M |  99.9   n/a   1   27   422k   10   23  69%  81.9M    n/a  n/a
   2   54 |   7 1.0   19   9.8M  198  554  73%    10M |  99.9   n/a   1   27  1.48M   18   18  50%  81.9M    n/a  n/a
   2   55 |   7 1.0   19    10M  189  505  72%    10M |  99.9   n/a   1   27  1.34M   13   24  64%  81.9M    n/a  n/a
   2   56 |   7 1.0   19   9.9M  198  560  73%    10M |  99.9   n/a   1   27  1.22M   13   18  58%  81.9M    n/a  n/a
   2   57 |   7 1.0   19    10M  186  485  72%    10M |  99.9   n/a   1   27  1.33M   15   23  60%  81.9M    n/a  n/a
   2   58 |   7 1.0   19   9.8M  198  535  72%    10M |  99.9   n/a   1   27  1.08M   11   21  65%  81.9M    n/a  n/a
   2   59 |   7 1.0   19    10M  196  477  70%    10M |  99.9   n/a   1   27   830k    9   21  70%  81.9M    n/a  n/a
   2   5a |   7 1.0   19   9.8M  192  598  75%    10M |  99.9   n/a   1   27  1.11M   12   22  64%  81.9M    n/a  n/a
   2   5b |   7 1.0   19    10M  193  558  74%    10M |  99.9   n/a   1   27   947k   11   20  64%  81.9M    n/a  n/a

          |--------------------DL---------------------|-------------------------------UL-----------------------------
 pci rnti | cqi  ri  mcs  brate   ok  nok  (%)  dl_bs | pusch  rsrp  ri  mcs  brate   ok  nok  (%)    bsr     ta  phr
   3   5c |   7 1.0   19   9.6M  169  561  76%    10M |  99.9   n/a   1   27   785k    8   24  75%  81.9M    n/a  n/a
   3   5d |   7 1.0   19   9.5M  162  492  75%    10M |  99.9   n/a   1   27   908k   10   28  73%  81.9M    n/a  n/a
   3   5e |   7 1.0   19    10M  167  553  76%    10M |  99.9   n/a   1   27  1.00M   11   26  70%  81.9M    n/a  n/a
   3   5f |   7 1.0   19   9.2M  154  562  78%    10M |  99.9   n/a   1   27  1.06M   11   25  69%  81.9M    n/a  n/a
   3   60 |   7 1.0   19   9.2M  165  634  79%    10M |  99.9   n/a   1   27  1.40M   14   24  63%  81.9M    n/a  n/a
   3   61 |   7 1.0   19   9.3M  156  505  76%    10M |  99.9   n/a   1   27  1.37M   14   21  60%  81.9M    n/a  n/a
   3   62 |   7 1.0   19   9.6M  171  562  76%    10M |  99.9   n/a   1   27  1.25M   12   26  68%  81.9M    n/a  n/a
   3   63 |   7 1.0   19   9.4M  156  510  76%    10M |  99.9   n/a   1   27  1.11M   12   27  69%  81.9M    n/a  n/a
   4   64 |   7 1.0   19    10M  176  567  76%    10M |  99.9   ovl   1   27  1.64M   16   30  65%  81.9M  -628n  n/a
   4   65 |   7 1.0   19    10M  169  499  74%    10M |  99.9   ovl   1   27   730k    7   25  78%  81.9M   686n  n/a
   4   66 |   7 1.0   19   9.8M  169  550  76%    10M |  99.9   ovl   1   27  1.60M   18   27  60%  81.9M    38n  n/a
   4   67 |   7 1.0   19  10.0M  170  531  75%    10M |  99.9   ovl   1   27  1.36M   14   28  66%  81.9M   -80n  n/a
   4   68 |   7 1.0   19    10M  183  530  74%    10M |  99.9   n/a   1   27  1.11M   11   27  71%  81.9M    n/a  n/a
   4   69 |   7 1.0   19   9.7M  167  512  75%    10M |  99.9   ovl   1   27  1.47M   14   28  66%  81.9M   699n  n/a
   4   6a |   7 1.0   19    10M  179  535  74%    10M |  99.9   n/a   1   27  1.32M   13   28  68%  81.9M    n/a  n/a
   4   6b |   7 1.0   19   9.9M  168  511  75%    10M |  99.9   ovl   1   27  1.60M   16   27  62%  81.9M   765n  n/a
   0   44 |   7 1.0   19    12M  211  478  69%    10M |  99.9   ovl   1   27  1.92M   21   19  47%  81.9M  -285n  n/a
   0   45 |   7 1.0   19    11M  180  509  73%    10M |  99.9   n/a   1   27  2.06M   20   19  48%  81.9M    n/a  n/a
   0   46 |   7 1.0   19    11M  191  550  74%    10M |  99.9   n/a   1   27  1.79M   18   26  59%  81.9M    n/a  n/a
   0   47 |   7 1.0   19    11M  178  396  68%    10M |  99.9   n/a   1   27  2.51M   24   20  45%  81.9M    n/a  n/a
   0   48 |   7 1.0   19    11M  184  515  73%    10M |  99.9   n/a   1   27  1.91M   20   22  52%  81.9M    n/a  n/a
   0   49 |   7 1.0   19    11M  178  437  71%    10M |  99.9   n/a   1   27  1.80M   17   19  52%  81.9M    n/a  n/a
   0   4a |   7 1.0   19    11M  183  455  71%    10M |  99.9   ovl   1   27  2.06M   21   16  43%  81.9M  -587n  n/a
   0   4b |   7 1.0   19    11M  180  460  71%    10M |  99.9   n/a   1   27  2.70M   27   15  35%  81.9M    n/a  n/a
   1   4c |   7 1.0   19   3.6M  137  486  78%    10M |  99.9   ovl   1   27   422k   10   20  66%  81.9M   189n  n/a
   1   4d |   7 1.0   19   3.5M  124  440  78%    10M |  99.9   ovl   1   27   420k   11   19  63%  81.9M   382n  n/a
   1   4e |   7 1.0   19   3.6M  134  496  78%    10M |  99.9   ovl   1   27   549k   16   22  57%  81.9M    -1u  n/a
   1   4f |   7 1.0   19   3.5M  121  407  77%    10M |  99.9   ovl   1   27   523k   13   24  64%  81.9M  -128n  n/a
   1   50 |   7 1.0   19   3.5M  128  511  79%    10M |  99.9   ovl   1   27   476k   11   23  67%  81.9M   590n  n/a
   1   51 |   7 1.0   19   3.5M  120  419  77%    10M |  99.9   ovl   1   27   281k    8   26  76%  81.9M   -63n  n/a
   1   52 |   7 1.0   19   3.5M  141  481  77%    10M |  99.9   ovl   1   27   501k   14   20  58%  81.9M   297n  n/a
   1   53 |   7 1.0   19   3.3M  119  430  78%    10M |  99.9   ovl   1   27   530k   14   22  61%  81.9M    49n  n/a
   2   54 |   7 1.0   19   9.0M  183  565  75%    10M |  99.9   n/a   1   27  1.38M   15   21  58%  81.9M    n/a  n/a
   2   55 |   7 1.0   19   8.7M  166  532  76%    10M |  99.9   n/a   1   27  1.08M   13   22  62%  81.9M    n/a  n/a
   2   56 |   7 1.0   19   8.6M  173  584  77%    10M |  99.9   n/a   1   27  1.23M   13   21  61%  81.9M    n/a  n/a
   2   57 |   7 1.0   19   9.1M  176  518  74%    10M |  99.9   ovl   1   27  1.26M   13   20  60%  81.9M  -912n  n/a
   2   58 |   7 1.0   19   8.4M  180  660  78%    10M |  99.9   n/a   1   27   711k    8   23  74%  81.9M    n/a  n/a
   2   59 |   7 1.0   19   8.7M  164  522  76%    10M |  99.9   n/a   1   27  1.40M   16   24  60%  81.9M    n/a  n/a
   2   5a |   7 1.0   19   8.7M  179  589  76%    10M |  99.9   n/a   1   27   895k   11   24  68%  81.9M    n/a  n/a
   2   5b |   7 1.0   19   8.9M  173  519  75%    10M |  99.9   ovl   1   27  1.31M   14   22  61%  81.9M    -1u  n/a
   3   5c |   7 1.0   19    11M  185  632  77%    10M |  99.9   ovl   1   27  1.89M   19   21  52%  81.9M  -633n  n/a
   3   5d |   7 1.0   19    11M  181  478  72%    10M |  99.9   n/a   1   27  1.38M   13   18  58%  81.9M    n/a  n/a
   3   5e |   7 1.0   19    10M  177  599  77%    10M |  99.9   n/a   1   27  1.71M   18   20  52%  81.9M    n/a  n/a
   3   5f |   7 1.0   19    11M  183  474  72%    10M |  99.9   n/a   1   27  1.54M   15   18  54%  81.9M    n/a  n/a
   3   60 |   7 1.0   19    11M  193  488  71%    10M |  99.9   n/a   1   27  1.60M   15   23  60%  81.9M    n/a  n/a
   3   61 |   7 1.0   19    11M  181  519  74%    10M |  99.9   ovl   1   27  1.72M   16   18  52%  81.9M  -620n  n/a
   3   62 |   7 1.0   19    11M  188  500  72%    10M |  99.9   n/a   1   27  1.86M   18   18  50%  81.9M    n/a  n/a
   3   63 |   7 1.0   19    11M  176  470  72%    10M |  99.9   ovl   1   27  1.78M   17   22  56%  81.9M  -131n  n/a
   4   64 |   7 1.0   19    11M  196  540  73%    10M |  99.9   n/a   1   27  1.58M   16   20  55%  81.9M    n/a  n/a
   4   65 |   7 1.0   19    11M  191  431  69%    10M |  99.9   n/a   1   27  1.73M   18   24  57%  81.9M    n/a  n/a
   4   66 |   7 1.0   19    11M  189  525  73%    10M |  99.9   n/a   1   27  1.44M   15   22  59%  81.9M    n/a  n/a
   4   67 |   7 1.0   19    11M  186  504  73%    10M |  99.9   n/a   1   27  1.81M   18   20  52%  81.9M    n/a  n/a
   4   68 |   7 1.0   19    11M  190  494  72%    10M |  99.9   ovl   1   27  1.86M   19   22  53%  81.9M   674n  n/a
   4   69 |   7 1.0   19    11M  195  483  71%    10M |  99.9   n/a   1   27  1.42M   15   20  57%  81.9M    n/a  n/a
   4   6a |   7 1.0   19    11M  188  540  74%    10M |  99.9   n/a   1   27  1.91M   19   23  54%  81.9M    n/a  n/a
   4   6b |   7 1.0   19    11M  182  478  72%    10M |  99.9   n/a   1   27  1.27M   13   26  66%  81.9M    n/a  n/a
   0   44 |   7 1.0   19    10M  178  498  73%    10M |  99.9   ovl   1   27  1.98M   20   21  51%  81.9M  -239n  n/a
   0   45 |   7 1.0   19    10M  171  478  73%    10M |  99.9   ovl   1   27  1.60M   16   21  56%  81.9M  -606n  n/a
   0   46 |   7 1.0   19    10M  187  492  72%    10M |  99.9   ovl   1   27  1.68M   17   19  52%  81.9M  -163n  n/a
   0   47 |   7 1.0   19    10M  174  435  71%    10M |  99.9   ovl   1   27  1.50M   14   21  60%  81.9M   409n  n/a
   0   48 |   7 1.0   19    10M  178  453  71%    10M |  99.9   n/a   1   27  2.07M   20   15  42%  81.9M    n/a  n/a
   0   49 |   7 1.0   19    10M  168  489  74%    10M |  99.9   ovl   1   27  2.00M   21   14  40%  81.9M  -104n  n/a
   0   4a |   7 1.0   19    11M  190  464  70%    10M |  99.9   ovl   1   27  1.65M   16   16  50%  81.9M   -53n  n/a
   0   4b |   7 1.0   19  10.0M  163  473  74%    10M |  99.9   ovl   1   27  1.99M   21   19  47%  81.9M  -176n  n/a
   1   4c |   7 1.0   19   3.4M  123  514  80%    10M |  99.9   ovl   1   27   503k   15   24  61%  81.9M   933n  n/a
   1   4d |   7 1.0   19   3.5M  124  439  77%    10M |  99.9   n/a   1   27   443k   12   21  63%  81.9M    n/a  n/a
   1   4e |   7 1.0   19   3.4M  123  496  80%    10M |  99.9   ovl   1   27   380k   10   25  71%  81.9M  -127n  n/a
   1   4f |   7 1.0   19   3.6M  119  424  78%    10M |  99.9   ovl   1   27   364k    9   22  70%  81.9M  -229n  n/a
   1   50 |   7 1.0   19   3.4M  123  485  79%    10M |  99.9   ovl   1   27   595k   17   22  56%  81.9M  -767n  n/a
   1   51 |   7 1.0   19   3.5M  124  422  77%    10M |  99.9   n/a   1   27   444k   13   22  62%  81.9M    n/a  n/a
   1   52 |   7 1.0   19   3.7M  151  416  73%    10M |  99.9   ovl   1   27   426k   11   22  66%  81.9M   102n  n/a
   1   53 |   7 1.0   19   3.4M  123  444  78%    10M |  99.9   ovl   1   27   528k   14   23  62%  81.9M   109n  n/a
   2   54 |   7 1.0   19   9.6M  197  550  73%    10M |  99.9   n/a   1   27  1.51M   17   21  55%  81.9M    n/a  n/a
   2   55 |   7 1.0   19   9.5M  172  508  74%    10M |  99.9   n/a   1   27  1.53M   17   22  56%  81.9M    n/a  n/a
   2   56 |   7 1.0   19   9.3M  182  633  77%    10M |  99.9   n/a   1   27  1.53M   18   21  53%  81.9M    n/a  n/a
   2   57 |   7 1.0   19   9.2M  176  543  75%    10M |  99.9   n/a   1   27  1.34M   15   21  58%  81.9M    n/a  n/a
   2   58 |   7 1.0   19   9.8M  187  566  75%    10M |  99.9   n/a   1   27  1.01M   12   23  65%  81.9M    n/a  n/a
   2   59 |   7 1.0   19   9.2M  175  544  75%    10M |  99.9   n/a   1   27  1.44M   17   19  52%  81.9M    n/a  n/a
   2   5a |   7 1.0   19   9.5M  192  576  75%    10M |  99.9   n/a   1   27  1.00M   11   20  64%  81.9M    n/a  n/a
   2   5b |   7 1.0   19   9.4M  176  583  76%    10M |  99.9   n/a   1   27  1.44M   17   24  58%  81.9M    n/a  n/a
   3   5c |   7 1.0   19   9.7M  170  573  77%    10M |  99.9   ovl   1   27  1.32M   13   25  65%  81.9M   440n  n/a
   3   5d |   7 1.0   19   9.7M  155  520  77%    10M |  99.9   ovl   1   27  1.57M   16   27  62%  81.9M  -927n  n/a
   3   5e |   7 1.0   19   9.8M  173  535  75%    10M |  99.9   ovl   1   27  1.18M   12   26  68%  81.9M   645n  n/a
   3   5f |   7 1.0   19   9.6M  158  498  75%    10M |  99.9   ovl   1   27  1.25M   12   25  67%  81.9M   928n  n/a
   3   60 |   7 1.0   19    10M  174  501  74%    10M |  99.9   ovl   1   27  1.37M   13   27  67%  81.9M   864n  n/a
   3   61 |   7 1.0   19   9.9M  163  475  74%    10M |  99.9   ovl   1   27  1.30M   13   29  69%  81.9M  -797n  n/a
   3   62 |   7 1.0   19   9.9M  175  519  74%    10M |  99.9   ovl   1   27  1.29M   14   25  64%  81.9M  -277n  n/a
   3   63 |   7 1.0   19   9.5M  166  515  75%    10M |  99.9   n/a   1   27   943k    9   27  75%  81.9M    n/a  n/a

          |--------------------DL---------------------|-------------------------------UL-----------------------------
 pci rnti | cqi  ri  mcs  brate   ok  nok  (%)  dl_bs | pusch  rsrp  ri  mcs  brate   ok  nok  (%)    bsr     ta  phr
   4   64 |   7 1.0   19    12M  195  561  74%    10M |  99.9   n/a   1   27  1.58M   17   23  57%  81.9M    n/a  n/a
   4   65 |   7 1.0   19    11M  198  478  70%    10M |  99.9   n/a   1   27  1.21M   11   22  66%  81.9M    n/a  n/a
   4   66 |   7 1.0   19    12M  197  518  72%    10M |  99.9   n/a   1   27  2.11M   20   25  55%  81.9M    n/a  n/a
   4   67 |   7 1.0   19    11M  186  506  73%    10M |  99.9   n/a   1   27  1.81M   18   26  59%  81.9M    n/a  n/a
   4   68 |   7 1.0   19    12M  201  524  72%    10M |  99.9   n/a   1   27  1.84M   19   21  52%  81.9M    n/a  n/a
   4   69 |   7 1.0   19    12M  189  466  71%    10M |  99.9   n/a   1   27  1.56M   16   24  60%  81.9M    n/a  n/a
   4   6a |   7 1.0   19    12M  207  507  71%    10M |  99.9   n/a   1   27  1.79M   18   20  52%  81.9M    n/a  n/a
   4   6b |   7 1.0   19    12M  188  504  72%    10M |  99.9   n/a   1   27  1.98M   19   21  52%  81.9M    n/a  n/a
   0   44 |   7 1.0   19   9.6M  176  602  77%    10M |  99.9   ovl   1   27  1.22M   13   16  55%  81.9M  -391n  n/a
   0   45 |   7 1.0   19    10M  171  460  72%    10M |  99.9   ovl   1   27  1.18M   12   19  61%  81.9M   213n  n/a
   0   46 |   7 1.0   19  10.0M  189  498  72%    10M |  99.9   n/a   1   27  1.95M   19   18  48%  81.9M    n/a  n/a
   0   47 |   7 1.0   19    11M  175  439  71%    10M |  99.9   n/a   1   27  1.96M   20   20  50%  81.9M    n/a  n/a
   0   48 |   7 1.0   19   9.7M  168  523  75%    10M |  99.9   n/a   1   27  2.20M   21   16  43%  81.9M    n/a  n/a
   0   49 |   7 1.0   19    11M  174  449  72%    10M |  99.9   ovl   1   27  3.06M   30   12  28%  81.9M  -488n  n/a
   0   4a |   7 1.0   19  10.0M  173  482  73%    10M |  99.9   ovl   1   27  2.03M   21   22  51%  81.9M    36n  n/a
   0   4b |   7 1.0   19    10M  179  450  71%    10M |  99.9   n/a   1   27  1.65M   16   13  44%  81.9M    n/a  n/a
   1   4c |   7 1.0   19   3.5M  128  483  79%    10M |  99.9   n/a   1   27   583k   16   24  60%  81.9M    n/a  n/a
   1   4d |   7 1.0   19   3.4M  125  455  78%    10M |  99.9   n/a   1   27   461k   12   19  61%  81.9M    n/a  n/a
   1   4e |   7 1.0   19   3.4M  132  562  80%    10M |  99.9   n/a   1   27   527k   15   22  59%  81.9M    n/a  n/a
   1   4f |   7 1.0   19   3.6M  127  394  75%    10M |  99.9   n/a   1   27   408k   11   26  70%  81.9M    n/a  n/a
   1   50 |   7 1.0   19   3.7M  135  428  76%    10M |  99.9   n/a   1   27   436k   12   20  62%  81.9M    n/a  n/a
   1   51 |   7 1.0   19   3.4M  118  436  78%    10M |  99.9   n/a   1   27   374k   10   22  68%  81.9M    n/a  n/a
   1   52 |   7 1.0   19   3.4M  130  436  77%    10M |  99.9   n/a   1   27   460k   12   20  62%  81.9M    n/a  n/a
   1   53 |   7 1.0   19   3.4M  120  459  79%    10M |  99.9   n/a   1   27   486k   13   22  62%  81.9M    n/a  n/a
   2   54 |   7 1.0   19   8.8M  171  606  77%    10M |  99.9   n/a   1   27  1.37M   16   23  58%  81.9M    n/a  n/a
   2   55 |   7 1.0   19   9.0M  171  520  75%    10M |  99.9   n/a   1   27  1.02M   13   22  62%  81.9M    n/a  n/a
   2   56 |   7 1.0   19   9.0M  173  584  77%    10M |  99.9   n/a   1   27  1.11M   13   23  63%  81.9M    n/a  n/a
   2   57 |   7 1.0   19   9.1M  164  565  77%    10M |  99.9   n/a   1   27  1.58M   16   21  56%  81.9M    n/a  n/a
   2   58 |   7 1.0   19   8.9M  184  623  77%    10M |  99.9   n/a   1   27  1.20M   13   24  64%  81.9M    n/a  n/a
   2   59 |   7 1.0   19   9.4M  169  509  75%    10M |  99.9   n/a   1   27  1.32M   15   22  59%  81.9M    n/a  n/a
   2   5a |   7 1.0   19   9.3M  183  534  74%    10M |  99.9   n/a   1   27  1.47M   17   23  57%  81.9M    n/a  n/a
   2   5b |   7 1.0   19   9.1M  167  512  75%    10M |  99.9   n/a   1   27  1.30M   14   24  63%  81.9M    n/a  n/a
   3   5c |   7 1.0   19    10M  178  507  74%    10M |  99.9   n/a   1   27  1.09M   12   20  62%  81.9M    n/a  n/a
   3   5d |   7 1.0   19    10M  181  461  71%    10M |  99.9   ovl   1   27  1.52M   14   20  58%  81.9M     1u  n/a
   3   5e |   7 1.0   19    10M  177  582  76%    10M |  99.9   ovl   1   27  1.69M   16   22  57%  81.9M   393n  n/a
   3   5f |   7 1.0   19    10M  180  482  72%    10M |  99.9   ovl   1   27  1.09M   11   21  65%  81.9M    -1u  n/a
   3   60 |   7 1.0   19    10M  180  517  74%    10M |  99.9   ovl   1   27  1.25M   11   19  63%  81.9M   896n  n/a
   3   61 |   7 1.0   19   9.9M  167  479  74%    10M |  99.9   ovl   1   27   975k   11   18  62%  81.9M  -620n  n/a
   3   62 |   7 1.0   19    10M  172  543  75%    10M |  99.9   ovl   1   27  1.31M   12   19  61%  81.9M   765n  n/a
   3   63 |   7 1.0   19    10M  176  468  72%    10M |  99.9   ovl   1   27  1.03M   10   21  67%  81.9M   478n  n/a
   4   64 |   7 1.0   19   9.2M  165  607  78%    10M |  99.9   ovl   1   27  1.71M   18   20  52%  81.9M   646n  n/a
   4   65 |   7 1.0   19   9.6M  159  529  76%    10M |  99.9   ovl   1   27  1.32M   13   24  64%  81.9M   670n  n/a
   4   66 |   7 1.0   19   9.1M  148  583  79%    10M |  99.9   ovl   1   27  1.16M   12   21  63%  81.9M    -1u  n/a
   4   67 |   7 1.0   19   9.6M  158  521  76%    10M |  99.9   n/a   1   27  1.47M   16   20  55%  81.9M    n/a  n/a
   4   68 |   7 1.0   19   9.5M  166  539  76%    10M |  99.9   ovl   1   27   701k    8   22  73%  81.9M   423n  n/a
   4   69 |   7 1.0   19   9.5M  158  498  75%    10M |  99.9   n/a   1   27   799k    8   20  71%  81.9M    n/a  n/a
   4   6a |   7 1.0   19   9.4M  169  531  75%    10M |  99.9   n/a   1   27  1.72M   18   18  50%  81.9M    n/a  n/a
   4   6b |   7 1.0   19   9.6M  163  513  75%    10M |  99.9   ovl   1   27  1.26M   12   18  60%  81.9M   674n  n/a
   0   44 |   7 1.0   19    11M  195  416  68%    10M |  99.9   n/a   1   27  1.63M   17   20  54%  81.9M    n/a  n/a
   0   45 |   7 1.0   19    12M  194  419  68%    10M |  99.9   n/a   1   27  2.03M   21   19  47%  81.9M    n/a  n/a
   0   46 |   7 1.0   19    11M  195  410  67%    10M |  99.9   n/a   1   27  1.75M   16   17  51%  81.9M    n/a  n/a
   0   47 |   7 1.0   19    12M  188  350  65%    10M |  99.9   n/a   1   27  1.75M   16   20  55%  81.9M    n/a  n/a
   0   48 |   7 1.0   19    10M  190  505  72%    10M |  99.9   n/a   1   27  1.44M   13   23  63%  81.9M    n/a  n/a
   0   49 |   7 1.0   19    12M  193  399  67%    10M |  99.9   n/a   1   27  1.39M   14   23  62%  81.9M    n/a  n/a
   0   4a |   7 1.0   19    12M  205  386  65%    10M |  99.9   n/a   1   27  1.94M   20   21  51%  81.9M    n/a  n/a
   0   4b |   7 1.0   19    12M  187  375  66%    10M |  99.9   n/a   1   27  1.95M   19   20  51%  81.9M    n/a  n/a
   1   4c |   7 1.0   19   3.5M  143  404  73%    10M |  99.9   n/a   1   27   522k   14   20  58%  81.9M    n/a  n/a
   1   4d |   7 1.0   19   3.7M  134  377  73%    10M |  99.9   n/a   1   27   919k   24   21  46%  81.9M    n/a  n/a
   1   4e |   7 1.0   19   3.7M  143  375  72%    10M |  99.9   n/a   1   27   658k   18   21  53%  81.9M    n/a  n/a
   1   4f |   7 1.0   19   3.8M  137  354  72%    10M |  99.9   n/a   1   27   562k   14   19  57%  81.9M    n/a  n/a
   1   50 |   7 1.0   19   3.3M  128  447  77%    10M |  99.9   n/a   1   27   741k   19   25  56%  81.9M    n/a  n/a
   1   51 |   7 1.0   19   3.9M  133  338  71%    10M |  99.9   n/a   1   27   531k   14   24  63%  81.9M    n/a  n/a
   1   52 |   7 1.0   19   3.4M  128  461  78%    10M |  99.9   n/a   1   27   500k   14   23  62%  81.9M    n/a  n/a
   1   53 |   7 1.0   19   3.9M  140  381  73%    10M |  99.9   n/a   1   27   568k   15   22  59%  81.9M    n/a  n/a
   2   54 |   7 1.0   19   8.9M  170  593  77%    10M |  99.9   n/a   1   27  1.31M   14   26  65%  81.9M    n/a  n/a
   2   55 |   7 1.0   19   8.9M  170  579  77%    10M |  99.9   n/a   1   27  1.24M   14   27  65%  81.9M    n/a  n/a
   2   56 |   7 1.0   19   9.5M  193  500  72%    10M |  99.9   n/a   1   27  1.20M   12   27  69%  81.9M    n/a  n/a
   2   57 |   7 1.0   19   9.0M  168  509  75%    10M |  99.9   n/a   1   27  1.40M   15   30  66%  81.9M    n/a  n/a
   2   58 |   7 1.0   19   9.6M  187  556  74%    10M |  99.9   n/a   1   27   945k   10   27  72%  81.9M    n/a  n/a
   2   59 |   7 1.0   19   8.9M  171  530  75%    10M |  99.9   n/a   1   27   951k   11   27  71%  81.9M    n/a  n/a
   2   5a |   7 1.0   19   8.8M  168  600  78%    10M |  99.9   n/a   1   27   961k   10   24  70%  81.9M    n/a  n/a
   2   5b |   7 1.0   19   9.0M  163  506  75%    10M |  99.9   n/a   1   27  1.24M   14   25  64%  81.9M    n/a  n/a
   3   5c |   7 1.0   19    11M  192  579  75%    10M |  99.9   n/a   1   27  1.01M    9   23  71%  81.9M    n/a  n/a
   3   5d |   7 1.0   19    11M  186  496  72%    10M |  99.9   n/a   1   27  1.14M   10   26  72%  81.9M    n/a  n/a
   3   5e |   7 1.0   19    11M  199  553  73%    10M |  99.9   n/a   1   27  1.59M   15   26  63%  81.9M    n/a  n/a
   3   5f |   7 1.0   19    11M  184  493  72%    10M |  99.9   n/a   1   27  1.41M   15   29  65%  81.9M    n/a  n/a
   3   60 |   7 1.0   19    11M  189  555  74%    10M |  99.9   n/a   1   27  1.34M   13   28  68%  81.9M    n/a  n/a
   3   61 |   7 1.0   19    11M  184  477  72%    10M |  99.9   n/a   1   27  1.48M   14   30  68%  81.9M    n/a  n/a
   3   62 |   7 1.0   19    11M  190  537  73%    10M |  99.9   n/a   1   27  1.58M   14   24  63%  81.9M    n/a  n/a
   3   63 |   7 1.0   19    11M  182  495  73%    10M |  99.9   n/a   1   27  1.14M   11   29  72%  81.9M    n/a  n/a
   4   64 |   7 1.0   19    13M  226  503  68%    10M |  99.9   n/a   1   27  1.69M   17   22  56%  81.9M    n/a  n/a
   4   65 |   7 1.0   19    13M  216  452  67%    10M |  99.9   n/a   1   27  1.48M   14   21  60%  81.9M    n/a  n/a
   4   66 |   7 1.0   19    12M  224  527  70%    10M |  99.9   n/a   1   27  1.84M   19   21  52%  81.9M    n/a  n/a
   4   67 |   7 1.0   19    13M  208  443  68%    10M |  99.9   n/a   1   27  1.59M   16   22  57%  81.9M    n/a  n/a
   4   68 |   7 1.0   19    13M  207  528  71%    10M |  99.9   n/a   1   27  1.83M   20   24  54%  81.9M    n/a  n/a
   4   69 |   7 1.0   19    12M  205  477  69%    10M |  99.9   n/a   1   27  1.71M   17   24  58%  81.9M    n/a  n/a
   4   6a |   7 1.0   19    13M  221  504  69%    10M |  99.9   n/a   1   27  1.47M   15   22  59%  81.9M    n/a  n/a
   4   6b |   7 1.0   19    13M  208  429  67%    10M |  99.9   n/a   1   27  1.83M   19   20  51%  81.9M    n/a  n/a

          |--------------------DL---------------------|-------------------------------UL-----------------------------
 pci rnti | cqi  ri  mcs  brate   ok  nok  (%)  dl_bs | pusch  rsrp  ri  mcs  brate   ok  nok  (%)    bsr     ta  phr
   0   44 |   7 1.0   19    11M  187  429  69%    10M |  99.9   n/a   1   27  2.02M   20   18  47%  81.9M    n/a  n/a
   0   45 |   7 1.0   19    11M  182  429  70%    10M |  99.9   n/a   1   27  2.00M   20   18  47%  81.9M    n/a  n/a
   0   46 |   7 1.0   19    11M  184  395  68%    10M |  99.9   n/a   1   27  2.32M   22   17  43%  81.9M    n/a  n/a
   0   47 |   7 1.0   19    11M  172  416  70%    10M |  99.9   n/a   1   27  2.10M   22   18  45%  81.9M    n/a  n/a
   0   48 |   7 1.0   19    11M  181  433  70%    10M |  99.9   n/a   1   27  1.51M   17   23  57%  81.9M    n/a  n/a
   0   49 |   7 1.0   19    11M  187  433  69%    10M |  99.9   n/a   1   27  2.50M   25   20  44%  81.9M    n/a  n/a
   0   4a |   7 1.0   19    11M  193  417  68%    10M |  99.9   n/a   1   27  3.20M   30   19  38%  81.9M    n/a  n/a
   0   4b |   7 1.0   19    11M  192  412  68%    10M |  99.9   n/a   1   27  1.92M   20   20  50%  81.9M    n/a  n/a
   1   4c |   7 1.0   19   4.3M  162  435  72%    10M |  99.9   n/a   1   27   231k    7   23  76%  81.9M    n/a  n/a
   1   4d |   7 1.0   19   4.1M  141  378  72%    10M |  99.9   n/a   1   27   848k   22   16  42%  81.9M    n/a  n/a
   1   4e |   7 1.0   19   4.3M  161  401  71%    10M |  99.9   n/a   1   27   556k   15   21  58%  81.9M    n/a  n/a
   1   4f |   7 1.0   19   4.2M  145  397  73%    10M |  99.9   n/a   1   27   425k   11   24  68%  81.9M    n/a  n/a
   1   50 |   7 1.0   19   4.1M  151  436  74%    10M |  99.9   n/a   1   27   753k   19   19  50%  81.9M    n/a  n/a
   1   51 |   7 1.0   19   4.2M  146  370  71%    10M |  99.9   n/a   1   27   561k   14   19  57%  81.9M    n/a  n/a
   1   52 |   7 1.0   19   4.3M  167  413  71%    10M |  99.9   n/a   1   27  1.00M   26   16  38%  81.9M    n/a  n/a
   1   53 |   7 1.0   19   4.1M  142  429  75%    10M |  99.9   n/a   1   27   700k   19   22  53%  81.9M    n/a  n/a
   2   54 |   7 1.0   19    11M  218  512  70%    10M |  99.9   n/a   1   27  1.19M   14   23  62%  81.9M    n/a  n/a
   2   55 |   7 1.0   19    11M  209  506  70%    10M |  99.9   n/a   1   27  1.22M   14   24  63%  81.9M    n/a  n/a
   2   56 |   7 1.0   19    11M  234  591  71%    10M |  99.9   n/a   1   27  1.56M   17   22  56%  81.9M    n/a  n/a
   2   57 |   7 1.0   19    11M  200  504  71%    10M |  99.9   n/a   1   27  1.81M   20   22  52%  81.9M    n/a  n/a
   2   58 |   7 1.0   19    11M  223  492  68%    10M |  99.9   n/a   1   27  1.49M   18   24  57%  81.9M    n/a  n/a
   2   59 |   7 1.0   19    11M  195  491  71%    10M |  99.9   n/a   1   27  1.55M   19   21  52%  81.9M    n/a  n/a
   2   5a |   7 1.0   19    11M  216  481  69%    10M |  99.9   n/a   1   27  1.41M   15   22  59%  81.9M    n/a  n/a
   2   5b |   7 1.0   19    11M  198  470  70%    10M |  99.9   n/a   1   27  2.08M   23   22  48%  81.9M    n/a  n/a
   3   5c |   7 1.0   19    10M  166  584  77%    10M |  99.9   n/a   1   27  1.12M   10   26  72%  81.9M    n/a  n/a
   3   5d |   7 1.0   19    10M  176  527  74%    10M |  99.9   n/a   1   27  1.09M   10   25  71%  81.9M    n/a  n/a
   3   5e |   7 1.0   19    11M  188  482  71%    10M |  99.9   n/a   1   27   764k    8   22  73%  81.9M    n/a  n/a
   3   5f |   7 1.0   19    10M  174  509  74%    10M |  99.9   n/a   1   27  1.08M   11   20  64%  81.9M    n/a  n/a
   3   60 |   7 1.0   19    11M  189  486  72%    10M |  99.9   n/a   1   27   934k    9   19  67%  81.9M    n/a  n/a
   3   61 |   7 1.0   19    10M  168  492  74%    10M |  99.9   n/a   1   27   902k    9   24  72%  81.9M    n/a  n/a
   3   62 |   7 1.0   19    10M  174  554  76%    10M |  99.9   n/a   1   27  1.15M   11   23  67%  81.9M    n/a  n/a
   3   63 |   7 1.0   19    10M  174  459  72%    10M |  99.9   n/a   1   27  1.40M   12   24  66%  81.9M    n/a  n/a
   4   64 |   7 1.0   19    11M  186  553  74%    10M |  99.9   n/a   1   27  1.11M   12   28  70%  81.9M    n/a  n/a
   4   65 |   7 1.0   19    10M  174  530  75%    10M |  99.9   n/a   1   27  1.69M   16   26  61%  81.9M    n/a  n/a
   4   66 |   7 1.0   19    10M  181  553  75%    10M |  99.9   n/a   1   27  1.35M   14   27  65%  81.9M    n/a  n/a
   4   67 |   7 1.0   19    10M  167  479  74%    10M |  99.9   n/a   1   27  1.39M   14   27  65%  81.9M    n/a  n/a
   4   68 |   7 1.0   19    10M  182  528  74%    10M |  99.9   n/a   1   27  1.70M   18   28  60%  81.9M    n/a  n/a
   4   69 |   7 1.0   19  10.0M  175  478  73%    10M |  99.9   n/a   1   27  2.00M   20   29  59%  81.9M    n/a  n/a
   4   6a |   7 1.0   19  10.0M  186  510  73%    10M |  99.9   n/a   1   27  1.41M   15   27  64%  81.9M    n/a  n/a
   4   6b |   7 1.0   19    10M  167  512  75%    10M |  99.9   n/a   1   27  2.06M   21   24  53%  81.9M    n/a  n/a
   0   44 |   7 1.0   19    10M  191  445  69%    10M |  99.9   n/a   1   27  2.21M   21   15  41%  81.9M    n/a  n/a
   0   45 |   7 1.0   19    11M  179  394  68%    10M |  99.9   n/a   1   27  1.75M   18   18  50%  81.9M    n/a  n/a
   0   46 |   7 1.0   19   9.1M  159  501  75%    10M |  99.9   n/a   1   27  2.35M   22   16  42%  81.9M    n/a  n/a
   0   47 |   7 1.0   19    11M  170  422  71%    10M |  99.9   n/a   1   27  2.32M   24   13  35%  81.9M    n/a  n/a
   0   48 |   7 1.0   19    11M  186  462  71%    10M |  99.9   n/a   1   27  2.21M   22   18  45%  81.9M    n/a  n/a
   0   49 |   7 1.0   19    10M  163  422  72%    10M |  99.9   n/a   1   27  2.61M   26   18  40%  81.9M    n/a  n/a
   0   4a |   7 1.0   19    12M  187  367  66%    10M |  99.9   n/a   1   27  1.70M   18   17  48%  81.9M    n/a  n/a
   0   4b |   7 1.0   19    10M  178  420  70%    10M |  99.9   n/a   1   27  2.12M   22   16  42%  81.9M    n/a  n/a
   1   4c |   7 1.0   19   3.4M  131  534  80%    10M |  99.9   n/a   1   27   473k   12   21  63%  81.9M    n/a  n/a
   1   4d |   7 1.0   19   3.3M  112  423  79%    10M |  99.9   n/a   1   27   515k   14   19  57%  81.9M    n/a  n/a
   1   4e |   7 1.0   19   3.3M  119  540  81%    10M |  99.9   n/a   1   27   463k   14   22  61%  81.9M    n/a  n/a
   1   4f |   7 1.0   19   3.3M  114  431  79%    10M |  99.9   n/a   1   27   319k    8   25  75%  81.9M    n/a  n/a
   1   50 |   7 1.0   19   3.4M  128  484  79%    10M |  99.9   n/a   1   27   362k    9   24  72%  81.9M    n/a  n/a
   1   51 |   7 1.0   19   3.3M  113  486  81%    10M |  99.9   n/a   1   27   427k   12   25  67%  81.9M    n/a  n/a
   1   52 |   7 1.0   19   3.5M  131  532  80%    10M |  99.9   n/a   1   27   362k   11   22  66%  81.9M    n/a  n/a
   1   53 |   7 1.0   19   3.3M  122  424  77%    10M |  99.9   n/a   1   27   431k   12   21  63%  81.9M    n/a  n/a
   2   54 |   7 1.0   19   9.5M  192  616  76%    10M |  99.9   n/a   1   27  1.30M   14   22  61%  81.9M    n/a  n/a
   2   55 |   7 1.0   19   9.7M  177  486  73%    10M |  99.9   n/a   1   27  1.42M   17   25  59%  81.9M    n/a  n/a
   2   56 |   7 1.0   19   9.2M  182  560  75%    10M |  99.9   n/a   1   27  1.16M   12   23  65%  81.9M    n/a  n/a
   2   57 |   7 1.0   19   9.6M  180  534  74%    10M |  99.9   n/a   1   27  1.16M   12   21  63%  81.9M    n/a  n/a
   2   58 |   7 1.0   19    10M  206  553  72%    10M |  99.9   n/a   1   27  1.32M   14   22  61%  81.9M    n/a  n/a
   2   59 |   7 1.0   19   9.9M  187  439  70%    10M |  99.9   n/a   1   27  1.31M   14   20  58%  81.9M    n/a  n/a
   2   5a |   7 1.0   19   9.4M  184  594  76%    10M |  99.9   n/a   1   27  1.67M   19   19  50%  81.9M    n/a  n/a
   2   5b |   7 1.0   19   9.6M  185  551  74%    10M |  99.9   n/a   1   27  1.46M   18   15  45%  81.9M    n/a  n/a
   3   5c |   7 1.0   19    11M  193  525  73%    10M |  99.9   n/a   1   27  1.53M   15   28  65%  81.9M    n/a  n/a
   3   5d |   7 1.0   19    10M  171  516  75%    10M |  99.9   n/a   1   27  1.26M   13   29  69%  81.9M    n/a  n/a
   3   5e |   7 1.0   19    11M  188  546  74%    10M |  99.9   n/a   1   27  1.69M   17   25  59%  81.9M    n/a  n/a
   3   5f |   7 1.0   19    11M  168  479  74%    10M |  99.9   n/a   1   27  1.59M   16   25  60%  81.9M    n/a  n/a
   3   60 |   7 1.0   19    10M  179  593  76%    10M |  99.9   n/a   1   27  1.65M   16   26  61%  81.9M    n/a  n/a
   3   61 |   7 1.0   19    10M  177  513  74%    10M |  99.9   n/a   1   27  1.43M   13   28  68%  81.9M    n/a  n/a
   3   62 |   7 1.0   19    10M  182  525  74%    10M |  99.9   n/a   1   27  1.57M   17   26  60%  81.9M    n/a  n/a
   3   63 |   7 1.0   19    10M  170  525  75%    10M |  99.9   n/a   1   27  1.65M   17   27  61%  81.9M    n/a  n/a
   4   64 |   7 1.0   19    12M  223  492  68%    10M |  99.9   n/a   1   27  1.75M   17   22  56%  81.9M    n/a  n/a
   4   65 |   7 1.0   19    11M  196  507  72%    10M |  99.9   n/a   1   27  2.23M   21   19  47%  81.9M    n/a  n/a
   4   66 |   7 1.0   19    12M  204  518  71%    10M |  99.9   n/a   1   27  1.37M   15   24  61%  81.9M    n/a  n/a
   4   67 |   7 1.0   19    11M  185  502  73%    10M |  99.9   n/a   1   27  2.10M   20   24  54%  81.9M    n/a  n/a
   4   68 |   7 1.0   19    11M  185  539  74%    10M |  99.9   n/a   1   27  1.68M   16   24  60%  81.9M    n/a  n/a
   4   69 |   7 1.0   19    11M  194  473  70%    10M |  99.9   n/a   1   27  1.82M   17   22  56%  81.9M    n/a  n/a
   4   6a |   7 1.0   19    11M  203  539  72%    10M |  99.9   n/a   1   27  1.68M   16   24  60%  81.9M    n/a  n/a
   4   6b |   7 1.0   19    11M  188  439  70%    10M |  99.9   n/a   1   27  1.82M   17   21  55%  81.9M    n/a  n/a
   0   44 |   7 1.0   19    11M  198  404  67%    10M |  99.9   n/a   1   27  1.84M   19   16  45%  81.9M    n/a  n/a
   0   45 |   7 1.0   19    12M  190  357  65%    10M |  99.9   n/a   1   27  2.28M   23   15  39%  81.9M    n/a  n/a
   0   46 |   7 1.0   19    12M  209  464  68%    10M |  99.9   n/a   1   27  1.92M   20   17  45%  81.9M    n/a  n/a
   0   47 |   7 1.0   19    11M  182  399  68%    10M |  99.9   n/a   1   27  2.37M   23   20  46%  81.9M    n/a  n/a
   0   48 |   7 1.0   19    11M  194  467  70%    10M |  99.9   n/a   1   27  1.87M   20   20  50%  81.9M    n/a  n/a
   0   49 |   7 1.0   19    12M  182  374  67%    10M |  99.9   n/a   1   27  1.64M   17   18  51%  81.9M    n/a  n/a
   0   4a |   7 1.0   19    12M  185  418  69%    10M |  99.9   n/a   1   27  2.76M   28   18  39%  81.9M    n/a  n/a
   0   4b |   7 1.0   19    12M  174  352  66%    10M |  99.9   n/a   1   27  2.16M   21   14  40%  81.9M    n/a  n/a

          |--------------------DL---------------------|-------------------------------UL-----------------------------
 pci rnti | cqi  ri  mcs  brate   ok  nok  (%)  dl_bs | pusch  rsrp  ri  mcs  brate   ok  nok  (%)    bsr     ta  phr
   1   4c |   7 1.0   19   3.6M  138  466  77%    10M |  99.9   n/a   1   27   414k   12   30  71%  81.9M    n/a  n/a
   1   4d |   7 1.0   19   3.6M  122  396  76%    10M |  99.9   n/a   1   27   458k   12   24  66%  81.9M    n/a  n/a
   1   4e |   7 1.0   19   3.7M  141  482  77%    10M |  99.9   n/a   1   27   509k   13   27  67%  81.9M    n/a  n/a
   1   4f |   7 1.0   19   3.5M  124  452  78%    10M |  99.9   n/a   1   27   436k   11   28  71%  81.9M    n/a  n/a
   1   50 |   7 1.0   19   3.8M  144  453  75%    10M |  99.9   n/a   1   27   470k   12   25  67%  81.9M    n/a  n/a
   1   51 |   7 1.0   19   3.7M  131  438  76%    10M |  99.9   n/a   1   27   433k   10   26  72%  81.9M    n/a  n/a
   1   52 |   7 1.0   19   3.6M  134  541  80%    10M |  99.9   n/a   1   27   470k   12   24  66%  81.9M    n/a  n/a
   1   53 |   7 1.0   19   3.7M  131  392  74%    10M |  99.9   n/a   1   27   506k   13   26  66%  81.9M    n/a  n/a
   2   54 |   7 1.0   19   9.3M  184  645  77%    10M |  99.9   n/a   1   27  1.27M   14   29  67%  81.9M    n/a  n/a
   2   55 |   7 1.0   19   9.5M  179  512  74%    10M |  99.9   n/a   1   27  1.43M   15   27  64%  81.9M    n/a  n/a
   2   56 |   7 1.0   19   9.4M  190  641  77%    10M |  99.9   n/a   1   27  1.19M   15   29  65%  81.9M    n/a  n/a
   2   57 |   7 1.0   19   9.1M  175  510  74%    10M |  99.9   n/a   1   27  1.15M   13   25  65%  81.9M    n/a  n/a
   2   58 |   7 1.0   19   9.8M  202  515  71%    10M |  99.9   n/a   1   27   984k   10   30  75%  81.9M    n/a  n/a
   2   59 |   7 1.0   19   9.6M  178  556  75%    10M |  99.9   n/a   1   27  1.71M   18   24  57%  81.9M    n/a  n/a
   2   5a |   7 1.0   19   9.3M  176  552  75%    10M |  99.9   n/a   1   27  1.37M   15   28  65%  81.9M    n/a  n/a
   2   5b |   7 1.0   19   9.3M  177  511  74%    10M |  99.9   n/a   1   27  1.55M   19   28  59%  81.9M    n/a  n/a
   3   5c |   7 1.0   19    12M  213  537  71%    10M |  99.9   n/a   1   27  1.62M   18   24  57%  81.9M    n/a  n/a
   3   5d |   7 1.0   19    12M  201  482  70%    10M |  99.9   n/a   1   27  1.86M   19   20  51%  81.9M    n/a  n/a
   3   5e |   7 1.0   19    12M  206  504  70%    10M |  99.9   n/a   1   27  1.27M   14   23  62%  81.9M    n/a  n/a
   3   5f |   7 1.0   19    12M  202  454  69%    10M |  99.9   n/a   1   27  2.35M   23   23  50%  81.9M    n/a  n/a
   3   60 |   7 1.0   19    12M  213  563  72%    10M |  99.9   n/a   1   27  1.97M   20   24  54%  81.9M    n/a  n/a
   3   61 |   7 1.0   19    12M  204  454  68%    10M |  99.9   n/a   1   27  2.00M   20   23  53%  81.9M    n/a  n/a
   3   62 |   7 1.0   19    12M  209  514  71%    10M |  99.9   n/a   1   27  2.06M   20   23  53%  81.9M    n/a  n/a
   3   63 |   7 1.0   19    12M  210  459  68%    10M |  99.9   n/a   1   27  1.78M   17   25  59%  81.9M    n/a  n/a
   4   64 |   7 1.0   19    11M  194  490  71%    10M |  99.9   ovl   1   27  1.17M   12   23  65%  81.9M   670n  n/a
   4   65 |   7 1.0   19    11M  187  458  71%    10M |  99.9   n/a   1   27  1.64M   16   20  55%  81.9M    n/a  n/a
   4   66 |   7 1.0   19    11M  189  525  73%    10M |  99.9   n/a   1   27  1.21M   12   21  63%  81.9M    n/a  n/a
   4   67 |   7 1.0   19    11M  190  474  71%    10M |  99.9   n/a   1   27  1.29M   12   20  62%  81.9M    n/a  n/a
   4   68 |   7 1.0   19    11M  200  499  71%    10M |  99.9   n/a   1   27   961k   10   25  71%  81.9M    n/a  n/a
   4   69 |   7 1.0   19    11M  190  456  70%    10M |  99.9   n/a   1   27  1.02M    9   21  70%  81.9M    n/a  n/a
   4   6a |   7 1.0   19    11M  181  509  73%    10M |  99.9   n/a   1   27  1.51M   15   22  59%  81.9M    n/a  n/a
   4   6b |   7 1.0   19    11M  182  427  70%    10M |  99.9   n/a   1   27   998k   11   23  67%  81.9M    n/a  n/a
   0   44 |   7 1.0   19   9.7M  173  546  75%    10M |  99.9   n/a   1   27  1.74M   17   21  55%  81.9M    n/a  n/a
   0   45 |   7 1.0   19    11M  182  416  69%    10M |  99.9   n/a   1   27  1.65M   17   18  51%  81.9M    n/a  n/a
   0   46 |   7 1.0   19    11M  181  477  72%    10M |  99.9   n/a   1   27  2.08M   21   19  47%  81.9M    n/a  n/a
   0   47 |   7 1.0   19    10M  180  446  71%    10M |  99.9   n/a   1   27  2.11M   20   18  47%  81.9M    n/a  n/a
   0   48 |   7 1.0   19    10M  178  499  73%    10M |  99.9   ovl   1   27  2.13M   22   15  40%  81.9M  -422n  n/a
   0   49 |   7 1.0   19    11M  164  428  72%    10M |  99.9   n/a   1   27  1.73M   17   23  57%  81.9M    n/a  n/a
   0   4a |   7 1.0   19    11M  195  508  72%    10M |  99.9   ovl   1   27  2.01M   20   18  47%  81.9M  -701n  n/a
   0   4b |   7 1.0   19    11M  170  403  70%    10M |  99.9   n/a   1   27  2.33M   22   14  38%  81.9M    n/a  n/a
   1   4c |   7 1.0   19   3.3M  128  482  79%    10M |  99.9   ovl   1   27   618k   16   23  58%  81.9M   137n  n/a
   1   4d |   7 1.0   19   3.3M  114  402  77%    10M |  99.9   ovl   1   27   308k    9   21  70%  81.9M    11n  n/a
   1   4e |   7 1.0   19   3.5M  143  385  72%    10M |  99.9   ovl   1   27   527k   14   17  54%  81.9M   589n  n/a
   1   4f |   7 1.0   19   3.4M  120  408  77%    10M |  99.9   ovl   1   27   451k   14   21  60%  81.9M  -706n  n/a
   1   50 |   7 1.0   19   3.5M  138  421  75%    10M |  99.9   ovl   1   27   467k   13   19  59%  81.9M   190n  n/a
   1   51 |   7 1.0   19   3.4M  121  444  78%    10M |  99.9   ovl   1   27   434k   12   19  61%  81.9M  -329n  n/a
   1   52 |   7 1.0   19   3.4M  128  471  78%    10M |  99.9   ovl   1   27   572k   17   17  50%  81.9M  -122n  n/a
   1   53 |   7 1.0   19   3.3M  117  390  76%    10M |  99.9   ovl   1   27   742k   20   19  48%  81.9M   206n  n/a
   2   54 |   7 1.0   19   9.0M  189  624  76%    10M |  99.9   n/a   1   27  1.45M   15   24  61%  81.9M    n/a  n/a
   2   55 |   7 1.0   19   9.0M  172  600  77%    10M |  99.9   n/a   1   27  1.01M   13   24  64%  81.9M    n/a  n/a
   2   56 |   7 1.0   19   8.9M  171  551  76%    10M |  99.9   n/a   1   27   828k    9   23  71%  81.9M    n/a  n/a
   2   57 |   7 1.0   19   8.8M  167  522  75%    10M |  99.9   n/a   1   27  1.25M   14   22  61%  81.9M    n/a  n/a
   2   58 |   7 1.0   19   9.4M  191  583  75%    10M |  99.9   n/a   1   27  1.15M   13   25  65%  81.9M    n/a  n/a
   2   59 |   7 1.0   19   9.0M  166  526  76%    10M |  99.9   n/a   1   27   865k   10   25  71%  81.9M    n/a  n/a
   2   5a |   7 1.0   19   9.1M  179  551  75%    10M |  99.9   n/a   1   27  1.02M   13   25  65%  81.9M    n/a  n/a
   2   5b |   7 1.0   19   8.8M  169  551  76%    10M |  99.9   n/a   1   27  1.09M   12   27  69%  81.9M    n/a  n/a
   3   5c |   7 1.0   19    10M  185  521  73%    10M |  99.9   n/a   1   27  1.20M   13   22  62%  81.9M    n/a  n/a
   3   5d |   7 1.0   19    10M  171  478  73%    10M |  99.9   ovl   1   27  1.82M   18   22  55%  81.9M    66n  n/a
   3   5e |   7 1.0   19   9.8M  172  578  77%    10M |  99.9   ovl   1   27  1.64M   17   23  57%  81.9M  -892n  n/a
   3   5f |   7 1.0   19    11M  179  429  70%    10M |  99.9   n/a   1   27  1.41M   15   22  59%  81.9M    n/a  n/a
   3   60 |   7 1.0   19    10M  176  544  75%    10M |  99.9   ovl   1   27  1.53M   16   24  60%  81.9M    66n  n/a
   3   61 |   7 1.0   19    11M  170  473  73%    10M |  99.9   n/a   1   27  1.29M   14   23  62%  81.9M    n/a  n/a
   3   62 |   7 1.0   19    10M  176  562  76%    10M |  99.9   n/a   1   27  1.44M   15   23  60%  81.9M    n/a  n/a
   3   63 |   7 1.0   19    10M  180  550  75%    10M |  99.9   ovl   1   27  1.19M   12   23  65%  81.9M   864n  n/a
   4   64 |   7 1.0   19    10M  185  533  74%    10M |  99.9   n/a   1   27  1.29M   14   25  64%  81.9M    n/a  n/a
   4   65 |   7 1.0   19    11M  176  463  72%    10M |  99.9   n/a   1   27  1.57M   16   21  56%  81.9M    n/a  n/a
   4   66 |   7 1.0   19   9.8M  165  575  77%    10M |  99.9   n/a   1   27  1.54M   15   24  61%  81.9M    n/a  n/a
   4   67 |   7 1.0   19    10M  173  484  73%    10M |  99.9   n/a   1   27  1.21M   13   22  62%  81.9M    n/a  n/a
   4   68 |   7 1.0   19    10M  185  559  75%    10M |  99.9   n/a   1   27  1.23M   12   24  66%  81.9M    n/a  n/a
   4   69 |   7 1.0   19    10M  168  510  75%    10M |  99.9   n/a   1   27  1.57M   16   24  60%  81.9M    n/a  n/a
   4   6a |   7 1.0   19    10M  179  534  74%    10M |  99.9   n/a   1   27  1.28M   12   22  64%  81.9M    n/a  n/a
   4   6b |   7 1.0   19    10M  170  528  75%    10M |  99.9   n/a   1   27  1.36M   15   21  58%  81.9M    n/a  n/a
   0   44 |   7 1.0   19    10M  175  556  76%    10M |  99.9   n/a   1   27  2.15M   21   22  51%  81.9M    n/a  n/a
   0   45 |   7 1.0   19    11M  167  492  74%    10M |  99.9   n/a   1   27  2.63M   26   16  38%  81.9M    n/a  n/a
   0   46 |   7 1.0   19    10M  183  468  71%    10M |  99.9   n/a   1   27  2.49M   23   16  41%  81.9M    n/a  n/a
   0   47 |   7 1.0   19    11M  174  432  71%    10M |  99.9   n/a   1   27  1.39M   14   23  62%  81.9M    n/a  n/a
   0   48 |   7 1.0   19    10M  174  486  73%    10M |  99.9   n/a   1   27  1.90M   18   15  45%  81.9M    n/a  n/a
   0   49 |   7 1.0   19    11M  179  463  72%    10M |  99.9   n/a   1   27  2.66M   28   17  37%  81.9M    n/a  n/a
   0   4a |   7 1.0   19    11M  186  420  69%    10M |  99.9   n/a   1   27  1.92M   21   18  46%  81.9M    n/a  n/a
   0   4b |   7 1.0   19    11M  177  452  71%    10M |  99.9   n/a   1   27  1.81M   17   20  54%  81.9M    n/a  n/a
   1   4c |   7 1.0   19   3.9M  149  457  75%    10M |  99.9   n/a   1   27   391k   11   23  67%  81.9M    n/a  n/a
   1   4d |   7 1.0   19   3.9M  136  398  74%    10M |  99.9   n/a   1   27   333k    9   22  70%  81.9M    n/a  n/a
   1   4e |   7 1.0   19   3.9M  147  463  75%    10M |  99.9   ovl   1   27   416k   12   21  63%  81.9M   941n  n/a
   1   4f |   7 1.0   19   4.0M  142  406  74%    10M |  99.9   n/a   1   27   397k   12   25  67%  81.9M    n/a  n/a
   1   50 |   7 1.0   19   3.9M  147  448  75%    10M |  99.9   ovl   1   27   350k    9   21  70%  81.9M   933n  n/a
   1   51 |   7 1.0   19   4.0M  136  380  73%    10M |  99.9   n/a   1   27   422k   13   21  61%  81.9M    n/a  n/a
   1   52 |   7 1.0   19   3.9M  144  482  76%    10M |  99.9   ovl   1   27   437k   13   22  62%  81.9M   573n  n/a
   1   53 |   7 1.0   19   4.0M  141  402  74%    10M |  99.9   n/a   1   27   298k    8   21  72%  81.9M    n/a  n/a

          |--------------------DL---------------------|-------------------------------UL-----------------------------
 pci rnti | cqi  ri  mcs  brate   ok  nok  (%)  dl_bs | pusch  rsrp  ri  mcs  brate   ok  nok  (%)    bsr     ta  phr
   2   54 |   7 1.0   19    10M  204  548  72%    10M |  99.9   n/a   1   27  1.59M   18   23  56%  81.9M    n/a  n/a
   2   55 |   7 1.0   19    10M  185  497  72%    10M |  99.9   n/a   1   27   973k   12   23  65%  81.9M    n/a  n/a
   2   56 |   7 1.0   19   9.7M  197  573  74%    10M |  99.9   n/a   1   27  1.53M   18   24  57%  81.9M    n/a  n/a
   2   57 |   7 1.0   19   9.9M  180  523  74%    10M |  99.9   n/a   1   27  1.52M   18   22  55%  81.9M    n/a  n/a
   2   58 |   7 1.0   19    10M  204  622  75%    10M |  99.9   n/a   1   27  1.33M   16   26  61%  81.9M    n/a  n/a
   2   59 |   7 1.0   19   9.8M  188  553  74%    10M |  99.9   n/a   1   27  1.46M   17   23  57%  81.9M    n/a  n/a
   2   5a |   7 1.0   19  10.0M  203  601  74%    10M |  99.9   n/a   1   27  1.32M   15   24  61%  81.9M    n/a  n/a
   2   5b |   7 1.0   19   9.8M  191  517  73%    10M |  99.9   n/a   1   27  1.31M   14   25  64%  81.9M    n/a  n/a
   3   5c |   7 1.0   19    11M  207  508  71%    10M |  99.9   n/a   1   27  1.63M   15   18  54%  81.9M    n/a  n/a
   3   5d |   7 1.0   19    11M  184  527  74%    10M |  99.9   n/a   1   27  1.47M   17   20  54%  81.9M    n/a  n/a
   3   5e |   7 1.0   19    11M  194  503  72%    10M |  99.9   ovl   1   27  1.30M   13   19  59%  81.9M    -1u  n/a
   3   5f |   7 1.0   19    11M  180  503  73%    10M |  99.9   ovl   1   27  1.19M   12   20  62%  81.9M  -849n  n/a
   3   60 |   7 1.0   19    11M  191  508  72%    10M |  99.9   n/a   1   27  1.91M   20   21  51%  81.9M    n/a  n/a
   3   61 |   7 1.0   19    11M  180  481  72%    10M |  99.9   ovl   1   27  1.53M   14   18  56%  81.9M  -756n  n/a
   3   62 |   7 1.0   19    11M  187  541  74%    10M |  99.9   n/a   1   27  1.42M   14   20  58%  81.9M    n/a  n/a
   3   63 |   7 1.0   19    11M  187  444  70%    10M |  99.9   n/a   1   27  1.83M   17   19  52%  81.9M    n/a  n/a
   4   64 |   7 1.0   19   9.7M  166  634  79%    10M |  99.9   n/a   1   27  1.63M   15   22  59%  81.9M    n/a  n/a
   4   65 |   7 1.0   19   9.7M  168  488  74%    10M |  99.9   n/a   1   27  1.08M   11   23  67%  81.9M    n/a  n/a
   4   66 |   7 1.0   19   9.8M  172  604  77%    10M |  99.9   n/a   1   27  1.25M   12   25  67%  81.9M    n/a  n/a
   4   67 |   7 1.0   19    10M  163  495  75%    10M |  99.9   n/a   1   27  1.09M   11   27  71%  81.9M    n/a  n/a
   4   68 |   7 1.0   19   9.8M  172  544  75%    10M |  99.9   n/a   1   27  1.37M   13   26  66%  81.9M    n/a  n/a
   4   69 |   7 1.0   19   9.9M  165  519  75%    10M |  99.9   n/a   1   27  1.61M   17   24  58%  81.9M    n/a  n/a
   4   6a |   7 1.0   19  10.0M  181  575  76%    10M |  99.9   n/a   1   27  1.69M   15   22  59%  81.9M    n/a  n/a
   4   6b |   7 1.0   19    10M  166  526  76%    10M |  99.9   n/a   1   27  1.79M   17   23  57%  81.9M    n/a  n/a
   0   44 |   7 1.0   19   9.1M  168  526  75%    10M |  99.9   n/a   1   27  1.73M   18   23  56%  81.9M    n/a  n/a
   0   45 |   7 1.0   19    10M  173  457  72%    10M |  99.9   n/a   1   27  1.56M   17   17  50%  81.9M    n/a  n/a
   0   46 |   7 1.0   19    10M  169  517  75%    10M |  99.9   n/a   1   27  1.51M   16   15  48%  81.9M    n/a  n/a
   0   47 |   7 1.0   19    10M  170  451  72%    10M |  99.9   n/a   1   27  2.04M   21   17  44%  81.9M    n/a  n/a
   0   48 |   7 1.0   19    12M  208  399  65%    10M |  99.9   n/a   1   27  2.84M   28   20  41%  81.9M    n/a  n/a
   0   49 |   7 1.0   19    11M  187  433  69%    10M |  99.9   n/a   1   27  1.92M   19   20  51%  81.9M    n/a  n/a
   0   4a |   7 1.0   19    10M  181  486  72%    10M |  99.9   n/a   1   27  1.26M   13   23  63%  81.9M    n/a  n/a
   0   4b |   7 1.0   19    11M  185  463  71%    10M |  99.9   n/a   1   27  1.37M   13   23  63%  81.9M    n/a  n/a
   1   4c |   7 1.0   19   3.2M  124  502  80%    10M |  99.9   n/a   1   27   212k    5   26  83%  81.9M    n/a  n/a
   1   4d |   7 1.0   19   3.1M  104  507  82%    10M |  99.9   n/a   1   27   190k    5   24  82%  81.9M    n/a  n/a
   1   4e |   7 1.0   19   3.1M  114  547  82%    10M |  99.9   n/a   1   27   229k    6   26  81%  81.9M    n/a  n/a
   1   4f |   7 1.0   19   3.0M  107  472  81%    10M |  99.9   n/a   1   27   131k    4   25  86%  81.9M    n/a  n/a
   1   50 |   7 1.0   19   3.2M  113  459  80%    10M |  99.9   n/a   1   27   256k    7   28  80%  81.9M    n/a  n/a
   1   51 |   7 1.0   19   2.9M  104  479  82%    10M |  99.9   n/a   1   27   366k   10   25  71%  81.9M    n/a  n/a
   1   52 |   7 1.0   19   3.0M  122  518  80%    10M |  99.9   n/a   1   27   333k    8   23  74%  81.9M    n/a  n/a
   1   53 |   7 1.0   19   3.0M  106  501  82%    10M |  99.9   n/a   1   27   284k    7   29  80%  81.9M    n/a  n/a
   2   54 |   7 1.0   19    10M  204  606  74%    10M |  99.9   n/a   1   27   967k   12   21  63%  81.9M    n/a  n/a
   2   55 |   7 1.0   19  10.0M  186  518  73%    10M |  99.9   n/a   1   27   908k   10   23  69%  81.9M    n/a  n/a
   2   56 |   7 1.0   19   9.9M  198  634  76%    10M |  99.9   n/a   1   27  1.14M   13   23  63%  81.9M    n/a  n/a
   2   57 |   7 1.0   19    10M  186  545  74%    10M |  99.9   n/a   1   27   885k   12   22  64%  81.9M    n/a  n/a
   2   58 |   7 1.0   19   9.8M  204  551  72%    10M |  99.9   n/a   1   27  1.07M   12   25  67%  81.9M    n/a  n/a
   2   59 |   7 1.0   19    10M  191  469  71%    10M |  99.9   n/a   1   27  1.26M   13   23  63%  81.9M    n/a  n/a
   2   5a |   7 1.0   19   9.9M  197  598  75%    10M |  99.9   n/a   1   27  1.25M   14   24  63%  81.9M    n/a  n/a
   2   5b |   7 1.0   19    10M  186  484  72%    10M |  99.9   n/a   1   27   975k   11   22  66%  81.9M    n/a  n/a
   3   5c |   7 1.0   19   8.8M  157  602  79%    10M |  99.9   n/a   1   27  1.01M    9   25  73%  81.9M    n/a  n/a
   3   5d |   7 1.0   19   9.1M  150  512  77%    10M |  99.9   n/a   1   27   649k    7   27  79%  81.9M    n/a  n/a
   3   5e |   7 1.0   19   9.4M  165  560  77%    10M |  99.9   n/a   1   27  1.55M   14   25  64%  81.9M    n/a  n/a
   3   5f |   7 1.0   19   8.8M  149  568  79%    10M |  99.9   n/a   1   27   836k    9   28  75%  81.9M    n/a  n/a
   3   60 |   7 1.0   19   9.3M  164  571  77%    10M |  99.9   n/a   1   27  1.43M   13   23  63%  81.9M    n/a  n/a
   3   61 |   7 1.0   19   9.0M  151  512  77%    10M |  99.9   n/a   1   27   885k    9   28  75%  81.9M    n/a  n/a
   3   62 |   7 1.0   19   9.4M  167  607  78%    10M |  99.9   n/a   1   27  1.62M   15   22  59%  81.9M    n/a  n/a
   3   63 |   7 1.0   19   8.7M  146  576  79%    10M |  99.9   n/a   1   27  1.21M   12   24  66%  81.9M    n/a  n/a
   4   64 |   7 1.0   19    11M  187  540  74%    10M |  99.9   n/a   1   27  1.80M   17   22  56%  81.9M    n/a  n/a
   4   65 |   7 1.0   19    11M  188  476  71%    10M |  99.9   n/a   1   27  1.61M   15   22  59%  81.9M    n/a  n/a
   4   66 |   7 1.0   19    11M  199  479  70%    10M |  99.9   n/a   1   27  1.25M   13   21  61%  81.9M    n/a  n/a
   4   67 |   7 1.0   19    11M  186  477  71%    10M |  99.9   n/a   1   27  1.30M   13   23  63%  81.9M    n/a  n/a
   4   68 |   7 1.0   19    11M  185  555  75%    10M |  99.9   n/a   1   27  1.12M   11   20  64%  81.9M    n/a  n/a
   4   69 |   7 1.0   19    11M  188  465  71%    10M |  99.9   n/a   1   27  2.07M   20   22  52%  81.9M    n/a  n/a
   4   6a |   7 1.0   19    11M  193  474  71%    10M |  99.9   n/a   1   27  1.70M   16   22  57%  81.9M    n/a  n/a
   4   6b |   7 1.0   19    11M  182  480  72%    10M |  99.9   n/a   1   27  1.09M   10   20  66%  81.9M    n/a  n/a
   0   44 |   7 1.0   19    11M  175  466  72%    10M |  99.9   n/a   1   27  1.76M   18   19  51%  81.9M    n/a  n/a
   0   45 |   7 1.0   19    11M  182  416  69%    10M |  99.9   n/a   1   27  2.54M   25   16  39%  81.9M    n/a  n/a
   0   46 |   7 1.0   19    11M  184  426  69%    10M |  99.9   n/a   1   27  1.82M   16   18  52%  81.9M    n/a  n/a
   0   47 |   7 1.0   19    10M  170  422  71%    10M |  99.9   ovl   1   27  2.57M   26   15  36%  81.9M    -1u  n/a
   0   48 |   7 1.0   19    11M  181  456  71%    10M |  99.9   n/a   1   27  1.63M   16   21  56%  81.9M    n/a  n/a
   0   49 |   7 1.0   19    10M  171  470  73%    10M |  99.9   n/a   1   27  1.50M   15   18  54%  81.9M    n/a  n/a
   0   4a |   7 1.0   19    11M  200  376  65%    10M |  99.9   n/a   1   27  1.53M   17   19  52%  81.9M    n/a  n/a
   0   4b |   7 1.0   19   9.9M  158  463  74%    10M |  99.9   n/a   1   27  1.66M   18   15  45%  81.9M    n/a  n/a
   1   4c |   7 1.0   19   3.8M  144  432  75%    10M |  99.9   n/a   1   27   475k   13   27  67%  81.9M    n/a  n/a
   1   4d |   7 1.0   19   3.5M  126  484  79%    10M |  99.9   n/a   1   27   358k    9   24  72%  81.9M    n/a  n/a
   1   4e |   7 1.0   19   3.8M  141  485  77%    10M |  99.9   n/a   1   27   372k    9   26  74%  81.9M    n/a  n/a
   1   4f |   7 1.0   19   3.6M  130  475  78%    10M |  99.9   n/a   1   27   496k   13   25  65%  81.9M    n/a  n/a
   1   50 |   7 1.0   19   3.8M  136  468  77%    10M |  99.9   n/a   1   27   346k    9   25  73%  81.9M    n/a  n/a
   1   51 |   7 1.0   19   3.6M  120  435  78%    10M |  99.9   n/a   1   27   495k   12   24  66%  81.9M    n/a  n/a
   1   52 |   7 1.0   19   3.7M  132  510  79%    10M |  99.9   n/a   1   27   407k   11   27  71%  81.9M    n/a  n/a
   1   53 |   7 1.0   19   3.6M  127  480  79%    10M |  99.9   n/a   1   27   349k   10   23  69%  81.9M    n/a  n/a
   2   54 |   7 1.0   19   9.5M  191  618  76%    10M |  99.9   ovl   1   27  1.31M   14   29  67%  81.9M  -531n  n/a
   2   55 |   7 1.0   19   9.3M  172  562  76%    10M |  99.9   ovl   1   27   930k   10   29  74%  81.9M  -358n  n/a
   2   56 |   7 1.0   19   9.7M  189  552  74%    10M |  99.9   ovl   1   27  1.42M   16   27  62%  81.9M  -665n  n/a
   2   57 |   7 1.0   19   9.5M  187  537  74%    10M |  99.9   ovl   1   27  1.23M   13   31  70%  81.9M  -823n  n/a
   2   58 |   7 1.0   19   9.4M  195  523  72%    10M |  99.9   ovl   1   27  1.50M   16   29  64%  81.9M  -121n  n/a
   2   59 |   7 1.0   19   9.5M  179  593  76%    10M |  99.9   ovl   1   27  1.32M   15   31  67%  81.9M  -155n  n/a
   2   5a |   7 1.0   19   9.4M  187  558  74%    10M |  99.9   ovl   1   27  1.13M   14   25  64%  81.9M   650n  n/a
   2   5b |   7 1.0   19   9.5M  182  552  75%    10M |  99.9   ovl   1   27  1.24M   15   28  65%  81.9M   -25n  n/a

          |--------------------DL---------------------|-------------------------------UL-----------------------------
 pci rnti | cqi  ri  mcs  brate   ok  nok  (%)  dl_bs | pusch  rsrp  ri  mcs  brate   ok  nok  (%)    bsr     ta  phr
   3   5c |   7 1.0   19    12M  221  496  69%    10M |  99.9   n/a   1   27  1.42M   16   24  60%  81.9M    n/a  n/a
   3   5d |   7 1.0   19    11M  187  480  71%    10M |  99.9   n/a   1   27  1.57M   16   20  55%  81.9M    n/a  n/a
   3   5e |   7 1.0   19    12M  196  505  72%    10M |  99.9   n/a   1   27  1.64M   16   22  57%  81.9M    n/a  n/a
   3   5f |   7 1.0   19    11M  190  470  71%    10M |  99.9   n/a   1   27  1.73M   18   20  52%  81.9M    n/a  n/a
   3   60 |   7 1.0   19    12M  198  494  71%    10M |  99.9   n/a   1   27  1.70M   16   21  56%  81.9M    n/a  n/a
   3   61 |   7 1.0   19    11M  190  505  72%    10M |  99.9   n/a   1   27  1.42M   14   23  62%  81.9M    n/a  n/a
   3   62 |   7 1.0   19    12M  210  551  72%    10M |  99.9   n/a   1   27  1.69M   17   20  54%  81.9M    n/a  n/a
   3   63 |   7 1.0   19    11M  187  492  72%    10M |  99.9   n/a   1   27  1.59M   17   20  54%  81.9M    n/a  n/a
   4   64 |   7 1.0   19    10M  180  524  74%    10M |  99.9   n/a   1   27  1.20M   12   24  66%  81.9M    n/a  n/a
   4   65 |   7 1.0   19    10M  173  468  73%    10M |  99.9   n/a   1   27  1.08M   11   25  69%  81.9M    n/a  n/a
   4   66 |   7 1.0   19    10M  185  572  75%    10M |  99.9   n/a   1   27   793k    8   21  72%  81.9M    n/a  n/a
   4   67 |   7 1.0   19    10M  178  526  74%    10M |  99.9   n/a   1   27  1.06M   11   21  65%  81.9M    n/a  n/a
   4   68 |   7 1.0   19    10M  180  515  74%    10M |  99.9   n/a   1   27  1.44M   15   22  59%  81.9M    n/a  n/a
   4   69 |   7 1.0   19    10M  172  473  73%    10M |  99.9   n/a   1   27  1.17M   12   21  63%  81.9M    n/a  n/a
   4   6a |   7 1.0   19    11M  180  514  74%    10M |  99.9   n/a   1   27   949k    9   24  72%  81.9M    n/a  n/a
   4   6b |   7 1.0   19    10M  173  473  73%    10M |  99.9   n/a   1   27  1.44M   14   22  61%  81.9M    n/a  n/a
   0   44 |   7 1.0   19    11M  200  428  68%    10M |  99.9   n/a   1   27  2.32M   26   22  45%  81.9M    n/a  n/a
   0   45 |   7 1.0   19    11M  182  458  71%    10M |  99.9   n/a   1   27  2.49M   24   23  48%  81.9M    n/a  n/a
   0   46 |   7 1.0   19    12M  209  431  67%    10M |  99.9   n/a   1   27  2.20M   23   17  42%  81.9M    n/a  n/a
   0   47 |   7 1.0   19    11M  179  432  70%    10M |  99.9   n/a   1   27  2.40M   25   20  44%  81.9M    n/a  n/a
   0   48 |   7 1.0   19    12M  213  408  65%    10M |  99.9   n/a   1   27  2.39M   23   16  41%  81.9M    n/a  n/a
   0   49 |   7 1.0   19    12M  190  405  68%    10M |  99.9   n/a   1   27  2.12M   24   23  48%  81.9M    n/a  n/a
   0   4a |   7 1.0   19    12M  205  422  67%    10M |  99.9   n/a   1   27  2.94M   30   17  36%  81.9M    n/a  n/a
   0   4b |   7 1.0   19    12M  190  396  67%    10M |  99.9   n/a   1   27  1.81M   19   21  52%  81.9M    n/a  n/a
   1   4c |   7 1.0   19   3.6M  132  477  78%    10M |  99.9   n/a   1   27   331k    8   21  72%  81.9M    n/a  n/a
   1   4d |   7 1.0   19   3.6M  124  475  79%    10M |  99.9   n/a   1   27   399k   11   22  66%  81.9M    n/a  n/a
   1   4e |   7 1.0   19   3.7M  145  462  76%    10M |  99.9   n/a   1   27   353k    9   22  70%  81.9M    n/a  n/a
   1   4f |   7 1.0   19   3.6M  125  445  78%    10M |  99.9   n/a   1   27   409k   11   21  65%  81.9M    n/a  n/a
   1   50 |   7 1.0   19   3.7M  139  544  79%    10M |  99.9   n/a   1   27   455k   11   23  67%  81.9M    n/a  n/a
   1   51 |   7 1.0   19   3.6M  125  436  77%    10M |  99.9   n/a   1   27   375k   11   24  68%  81.9M    n/a  n/a
   1   52 |   7 1.0   19   3.7M  136  456  77%    10M |  99.9   n/a   1   27   432k   11   21  65%  81.9M    n/a  n/a
   1   53 |   7 1.0   19   3.7M  124  393  76%    10M |  99.9   n/a   1   27   371k   10   24  70%  81.9M    n/a  n/a
   2   54 |   7 1.0   19    12M  230  482  67%    10M |  99.9   n/a   1   27  1.32M   14   24  63%  81.9M    n/a  n/a
   2   55 |   7 1.0   19    11M  209  506  70%    10M |  99.9   n/a   1   27  1.50M   17   23  57%  81.9M    n/a  n/a
   2   56 |   7 1.0   19    12M  226  505  69%    10M |  99.9   n/a   1   27  1.60M   17   19  52%  81.9M    n/a  n/a
   2   57 |   7 1.0   19    11M  212  457  68%    10M |  99.9   n/a   1   27  1.41M   15   23  60%  81.9M    n/a  n/a
   2   58 |   7 1.0   19    11M  227  509  69%    10M |  99.9   n/a   1   27  1.37M   16   22  57%  81.9M    n/a  n/a
   2   59 |   7 1.0   19    11M  203  500  71%    10M |  99.9   n/a   1   27  1.51M   18   21  53%  81.9M    n/a  n/a
   2   5a |   7 1.0   19    11M  226  539  70%    10M |  99.9   n/a   1   27  1.36M   14   19  57%  81.9M    n/a  n/a
   2   5b |   7 1.0   19    11M  209  462  68%    10M |  99.9   n/a   1   27  1.69M   19   23  54%  81.9M    n/a  n/a
   3   5c |   7 1.0   19   9.7M  173  548  76%    10M |  99.9   n/a   1   27  1.23M   13   20  60%  81.9M    n/a  n/a
   3   5d |   7 1.0   19    10M  168  472  73%    10M |  99.9   n/a   1   27  1.16M   11   25  69%  81.9M    n/a  n/a
   3   5e |   7 1.0   19    10M  181  579  76%    10M |  99.9   n/a   1   27  1.48M   14   20  58%  81.9M    n/a  n/a
   3   5f |   7 1.0   19    10M  169  487  74%    10M |  99.9   ovl   1   27  1.13M   11   23  67%  81.9M  -620n  n/a
   3   60 |   7 1.0   19  10.0M  180  590  76%    10M |  99.9   n/a   1   27  1.45M   16   22  57%  81.9M    n/a  n/a
   3   61 |   7 1.0   19    10M  172  484  73%    10M |  99.9   n/a   1   27  1.19M   12   21  63%  81.9M    n/a  n/a
   3   62 |   7 1.0   19    10M  181  556  75%    10M |  99.9   n/a   1   27  1.58M   16   23  58%  81.9M    n/a  n/a
   3   63 |   7 1.0   19   9.7M  166  464  73%    10M |  99.9   ovl   1   27  1.07M   12   24  66%  81.9M     1u  n/a
   4   64 |   7 1.0   19    10M  179  534  74%    10M |  99.9   n/a   1   27  1.53M   16   26  61%  81.9M    n/a  n/a
   4   65 |   7 1.0   19    11M  184  495  72%    10M |  99.9   n/a   1   27  1.70M   18   27  60%  81.9M    n/a  n/a
   4   66 |   7 1.0   19    11M  182  559  75%    10M |  99.9   n/a   1   27  1.39M   14   30  68%  81.9M    n/a  n/a
   4   67 |   7 1.0   19    11M  185  533  74%    10M |  99.9   n/a   1   27  1.57M   16   27  62%  81.9M    n/a  n/a
   4   68 |   7 1.0   19    11M  194  475  71%    10M |  99.9   n/a   1   27  1.37M   13   30  69%  81.9M    n/a  n/a
   4   69 |   7 1.0   19    10M  183  549  75%    10M |  99.9   n/a   1   27  1.90M   18   25  58%  81.9M    n/a  n/a
   4   6a |   7 1.0   19    11M  189  527  73%    10M |  99.9   n/a   1   27  1.83M   19   29  60%  81.9M    n/a  n/a
   4   6b |   7 1.0   19    11M  179  481  72%    10M |  99.9   n/a   1   27  2.08M   20   27  57%  81.9M    n/a  n/a
   0   44 |   7 1.0   19    10M  176  455  72%    10M |  99.9   n/a   1   27  1.57M   16   15  48%  81.9M    n/a  n/a
   0   45 |   7 1.0   19    11M  181  413  69%    10M |  99.9   ovl   1   27  2.89M   29   18  38%  81.9M  -704n  n/a
   0   46 |   7 1.0   19    11M  191  469  71%    10M |  99.9   n/a   1   27  1.77M   17   15  46%  81.9M    n/a  n/a
   0   47 |   7 1.0   19    12M  190  378  66%    10M |  99.9   ovl   1   27  2.12M   22   15  40%  81.9M  -606n  n/a
   0   48 |   7 1.0   19    10M  184  441  70%    10M |  99.9   n/a   1   27  3.16M   31   19  38%  81.9M    n/a  n/a
   0   49 |   7 1.0   19    11M  182  396  68%    10M |  99.9   ovl   1   27  2.26M   22    9  29%  81.9M  -371n  n/a
   0   4a |   7 1.0   19    11M  193  400  67%    10M |  99.9   ovl   1   27  2.07M   20   13  39%  81.9M  -385n  n/a
   0   4b |   7 1.0   19    11M  187  387  67%    10M |  99.9   n/a   1   27  1.98M   21   23  52%  81.9M    n/a  n/a
   1   4c |   7 1.0   19   3.2M  115  503  81%    10M |  99.9   ovl   1   27   225k    7   29  80%  81.9M  -610n  n/a
   1   4d |   7 1.0   19   3.1M  121  480  79%    10M |  99.9   ovl   1   27   364k   11   26  70%  81.9M   372n  n/a
   1   4e |   7 1.0   19   3.0M  111  481  81%    10M |  99.9   ovl   1   27   296k    9   26  74%  81.9M   182n  n/a
   1   4f |   7 1.0   19   3.0M  111  444  80%    10M |  99.9   ovl   1   27   201k    6   29  82%  81.9M   406n  n/a
   1   50 |   7 1.0   19   3.1M  119  527  81%    10M |  99.9   ovl   1   27   326k    9   23  71%  81.9M   427n  n/a
   1   51 |   7 1.0   19   3.0M  110  456  80%    10M |  99.9   ovl   1   27   327k   10   30  75%  81.9M    26n  n/a
   1   52 |   7 1.0   19   3.1M  115  515  81%    10M |  99.9   ovl   1   27   433k   13   28  68%  81.9M    23n  n/a
   1   53 |   7 1.0   19   3.0M  118  491  80%    10M |  99.9   ovl   1   27   197k    5   28  84%  81.9M   106n  n/a
   2   54 |   7 1.0   19   8.0M  153  572  78%    10M |  99.9   n/a   1   27   686k    8   25  75%  81.9M    n/a  n/a
   2   55 |   7 1.0   19   8.0M  156  584  78%    10M |  99.9   n/a   1   27   689k    7   27  79%  81.9M    n/a  n/a
   2   56 |   7 1.0   19   8.0M  149  630  80%    10M |  99.9   n/a   1   27   570k    7   27  79%  81.9M    n/a  n/a
   2   57 |   7 1.0   19   8.1M  159  519  76%    10M |  99.9   n/a   1   27  1.04M   11   24  68%  81.9M    n/a  n/a
   2   58 |   7 1.0   19   7.8M  153  645  80%    10M |  99.9   n/a   1   27   561k    6   23  79%  81.9M    n/a  n/a
   2   59 |   7 1.0   19   8.1M  147  555  79%    10M |  99.9   n/a   1   27  1.09M   12   28  70%  81.9M    n/a  n/a
   2   5a |   7 1.0   19   8.3M  166  646  79%    10M |  99.9   n/a   1   27   924k    9   27  75%  81.9M    n/a  n/a
   2   5b |   7 1.0   19   7.9M  150  571  79%    10M |  99.9   n/a   1   27   576k    6   29  82%  81.9M    n/a  n/a
   3   5c |   7 1.0   19   9.6M  165  566  77%    10M |  99.9   ovl   1   27   832k    8   29  78%  81.9M   393n  n/a
   3   5d |   7 1.0   19   9.7M  159  484  75%    10M |  99.9   ovl   1   27  1.21M   12   29  70%  81.9M  -723n  n/a
   3   5e |   7 1.0   19   9.7M  179  555  75%    10M |  99.9   ovl   1   27  1.18M   11   26  70%  81.9M   813n  n/a
   3   5f |   7 1.0   19   9.7M  152  526  77%    10M |  99.9   n/a   1   27  1.27M   13   25  65%  81.9M    n/a  n/a
   3   60 |   7 1.0   19   9.8M  179  553  75%    10M |  99.9   n/a   1   27  1.02M   10   30  75%  81.9M    n/a  n/a
   3   61 |   7 1.0   19   9.2M  162  484  74%    10M |  99.9   ovl   1   27   887k    9   27  75%  81.9M   312n  n/a
   3   62 |   7 1.0   19  10.0M  175  525  75%    10M |  99.9   n/a   1   27  1.24M   13   24  64%  81.9M    n/a  n/a
   3   63 |   7 1.0   19   9.4M  153  531  77%    10M |  99.9   ovl   1   27  1.03M   10   23  69%  81.9M   440n  n/a

          |--------------------DL---------------------|-------------------------------UL-----------------------------
 pci rnti | cqi  ri  mcs  brate   ok  nok  (%)  dl_bs | pusch  rsrp  ri  mcs  brate   ok  nok  (%)    bsr     ta  phr
   4   64 |   7 1.0   19   9.9M  174  546  75%    10M |  99.9   ovl   1   27   447k    5   19  79%  81.9M  -816n  n/a
   4   65 |   7 1.0   19   9.6M  158  514  76%    10M |  99.9   n/a   1   27   816k    8   21  72%  81.9M    n/a  n/a
   4   66 |   7 1.0   19   9.4M  168  557  76%    10M |  99.9   ovl   1   27   543k    5   24  82%  81.9M   670n  n/a
   4   67 |   7 1.0   19   9.7M  160  499  75%    10M |  99.9   n/a   1   27   387k    4   21  84%  81.9M    n/a  n/a
   4   68 |   7 1.0   19   9.5M  172  580  77%    10M |  99.9   n/a   1   27   584k    6   21  77%  81.9M    n/a  n/a
   4   69 |   7 1.0   19   9.5M  159  521  76%    10M |  99.9   n/a   1   27   545k    6   24  80%  81.9M    n/a  n/a
   4   6a |   7 1.0   19   9.7M  169  555  76%    10M |  99.9   n/a   1   27   363k    4   20  83%  81.9M    n/a  n/a
   4   6b |   7 1.0   19   9.2M  158  570  78%    10M |  99.9   n/a   1   27   887k    9   20  68%  81.9M    n/a  n/a
   0   44 |   7 1.0   19   9.8M  178  444  71%    10M |  99.9   n/a   1   27  2.25M   22   20  47%  81.9M    n/a  n/a
   0   45 |   7 1.0   19    10M  169  416  71%    10M |  99.9   n/a   1   27  1.69M   18   19  51%  81.9M    n/a  n/a
   0   46 |   7 1.0   19   9.4M  165  535  76%    10M |  99.9   n/a   1   27  1.57M   16   18  52%  81.9M    n/a  n/a
   0   47 |   7 1.0   19    10M  168  466  73%    10M |  99.9   n/a   1   27  1.74M   17   20  54%  81.9M    n/a  n/a
   0   48 |   7 1.0   19   9.5M  166  498  75%    10M |  99.9   n/a   1   27  1.49M   15   15  50%  81.9M    n/a  n/a
   0   49 |   7 1.0   19  10.0M  172  424  71%    10M |  99.9   n/a   1   27  2.26M   22   22  50%  81.9M    n/a  n/a
   0   4a |   7 1.0   19   9.7M  179  441  71%    10M |  99.9   n/a   1   27  1.55M   14   20  58%  81.9M    n/a  n/a
   0   4b |   7 1.0   19    10M  165  444  72%    10M |  99.9   n/a   1   27  2.08M   21   14  40%  81.9M    n/a  n/a
   1   4c |   7 1.0   19   4.2M  160  435  73%    10M |  99.9   n/a   1   27   399k   11   24  68%  81.9M    n/a  n/a
   1   4d |   7 1.0   19   4.2M  141  406  74%    10M |  99.9   n/a   1   27   415k   11   23  67%  81.9M    n/a  n/a
   1   4e |   7 1.0   19   4.2M  154  396  72%    10M |  99.9   n/a   1   27   440k   11   22  66%  81.9M    n/a  n/a
   1   4f |   7 1.0   19   4.2M  147  395  72%    10M |  99.9   n/a   1   27   469k   12   26  68%  81.9M    n/a  n/a
   1   50 |   7 1.0   19   4.1M  148  430  74%    10M |  99.9   n/a   1   27   362k   10   24  70%  81.9M    n/a  n/a
   1   51 |   7 1.0   19   4.1M  143  448  75%    10M |  99.9   n/a   1   27   436k   12   24  66%  81.9M    n/a  n/a
   1   52 |   7 1.0   19   4.2M  154  488  76%    10M |  99.9   n/a   1   27   561k   15   22  59%  81.9M    n/a  n/a
   1   53 |   7 1.0   19   4.1M  144  359  71%    10M |  99.9   n/a   1   27   357k    9   21  70%  81.9M    n/a  n/a
   2   54 |   7 1.0   19   9.0M  183  587  76%    10M |  99.9   n/a   1   27  1.08M   12   29  70%  81.9M    n/a  n/a
   2   55 |   7 1.0   19   8.9M  166  518  75%    10M |  99.9   n/a   1   27   940k   10   25  71%  81.9M    n/a  n/a
   2   56 |   7 1.0   19   8.7M  170  619  78%    10M |  99.9   n/a   1   27   727k    8   25  75%  81.9M    n/a  n/a
   2   57 |   7 1.0   19   9.1M  174  549  75%    10M |  99.9   n/a   1   27   818k    9   28  75%  81.9M    n/a  n/a
   2   58 |   7 1.0   19   9.0M  175  564  76%    10M |  99.9   n/a   1   27  1.10M   13   28  68%  81.9M    n/a  n/a
   2   59 |   7 1.0   19   8.9M  162  527  76%    10M |  99.9   n/a   1   27  1.16M   13   26  66%  81.9M    n/a  n/a
   2   5a |   7 1.0   19   9.1M  185  537  74%    10M |  99.9   n/a   1   27  1.02M   12   27  69%  81.9M    n/a  n/a
   2   5b |   7 1.0   19   9.1M  165  535  76%    10M |  99.9   n/a   1   27  1.31M   15   25  62%  81.9M    n/a  n/a
   3   5c |   7 1.0   19    12M  208  521  71%    10M |  99.9   n/a   1   27  1.57M   14   21  60%  81.9M    n/a  n/a
   3   5d |   7 1.0   19    12M  202  436  68%    10M |  99.9   n/a   1   27  1.91M   20   22  52%  81.9M    n/a  n/a
   3   5e |   7 1.0   19    13M  220  495  69%    10M |  99.9   n/a   1   27  1.94M   21   23  52%  81.9M    n/a  n/a
   3   5f |   7 1.0   19    13M  200  428  68%    10M |  99.9   n/a   1   27  1.92M   18   24  57%  81.9M    n/a  n/a
   3   60 |   7 1.0   19    12M  214  538  71%    10M |  99.9   ovl   1   27  1.41M   15   21  58%  81.9M  -797n  n/a
   3   61 |   7 1.0   19    13M  211  429  67%    10M |  99.9   n/a   1   27  1.44M   14   24  63%  81.9M    n/a  n/a
   3   62 |   7 1.0   19    13M  224  476  68%    10M |  99.9   n/a   1   27  1.76M   18   25  58%  81.9M    n/a  n/a
   3   63 |   7 1.0   19    12M  208  483  69%    10M |  99.9   n/a   1   27  1.38M   13   21  61%  81.9M    n/a  n/a
   4   64 |   7 1.0   19    11M  175  505  74%    10M |  99.9   n/a   1   27  1.57M   16   25  60%  81.9M    n/a  n/a
   4   65 |   7 1.0   19    11M  175  484  73%    10M |  99.9   n/a   1   27  1.79M   17   25  59%  81.9M    n/a  n/a
   4   66 |   7 1.0   19    11M  192  537  73%    10M |  99.9   n/a   1   27  1.72M   17   20  54%  81.9M    n/a  n/a
   4   67 |   7 1.0   19    11M  177  479  73%    10M |  99.9   n/a   1   27  1.70M   17   27  61%  81.9M    n/a  n/a
   4   68 |   7 1.0   19    11M  193  535  73%    10M |  99.9   n/a   1   27  1.59M   14   25  64%  81.9M    n/a  n/a
   4   69 |   7 1.0   19    11M  179  485  73%    10M |  99.9   n/a   1   27  1.46M   14   22  61%  81.9M    n/a  n/a
   4   6a |   7 1.0   19    11M  191  549  74%    10M |  99.9   n/a   1   27  1.31M   13   26  66%  81.9M    n/a  n/a
   4   6b |   7 1.0   19    11M  181  551  75%    10M |  99.9   n/a   1   27  1.68M   15   22  59%  81.9M    n/a  n/a
   0   44 |   7 1.0   19    11M  192  420  68%    10M |  99.9   n/a   1   27  1.85M   19   19  50%  81.9M    n/a  n/a
   0   45 |   7 1.0   19    12M  192  383  66%    10M |  99.9   n/a   1   27  2.48M   25   16  39%  81.9M    n/a  n/a
   0   46 |   7 1.0   19    11M  198  409  67%    10M |  99.9   n/a   1   27  2.00M   21   21  50%  81.9M    n/a  n/a
   0   47 |   7 1.0   19    11M  185  380  67%    10M |  99.9   n/a   1   27  2.36M   23   15  39%  81.9M    n/a  n/a
   0   48 |   7 1.0   19    11M  195  446  69%    10M |  99.9   ovl   1   27  2.52M   25   15  37%  81.9M   314n  n/a
   0   49 |   7 1.0   19    11M  185  415  69%    10M |  99.9   n/a   1   27  2.08M   21   16  43%  81.9M    n/a  n/a
   0   4a |   7 1.0   19    11M  188  391  67%    10M |  99.9   n/a   1   27  1.98M   21   15  41%  81.9M    n/a  n/a
   0   4b |   7 1.0   19    11M  178  423  70%    10M |  99.9   n/a   1   27  2.61M   27   13  32%  81.9M    n/a  n/a
   1   4c |   7 1.0   19   3.7M  148  427  74%    10M |  99.9   n/a   1   27   581k   15   22  59%  81.9M    n/a  n/a
   1   4d |   7 1.0   19   3.6M  126  425  77%    10M |  99.9   n/a   1   27   519k   15   23  60%  81.9M    n/a  n/a
   1   4e |   7 1.0   19   3.7M  133  454  77%    10M |  99.9   n/a   1   27   556k   15   21  58%  81.9M    n/a  n/a
   1   4f |   7 1.0   19   3.7M  127  370  74%    10M |  99.9   n/a   1   27   517k   14   22  61%  81.9M    n/a  n/a
   1   50 |   7 1.0   19   3.6M  130  418  76%    10M |  99.9   n/a   1   27   524k   15   22  59%  81.9M    n/a  n/a
   1   51 |   7 1.0   19   3.6M  130  396  75%    10M |  99.9   n/a   1   27   456k   12   22  64%  81.9M    n/a  n/a
   1   52 |   7 1.0   19   3.7M  139  435  75%    10M |  99.9   n/a   1   27   400k   11   23  67%  81.9M    n/a  n/a
   1   53 |   7 1.0   19   3.7M  127  424  76%    10M |  99.9   n/a   1   27   548k   16   22  57%  81.9M    n/a  n/a
   2   54 |   7 1.0   19    10M  198  530  72%    10M |  99.9   n/a   1   27  1.08M   12   21  63%  81.9M    n/a  n/a
   2   55 |   7 1.0   19    10M  193  490  71%    10M |  99.9   ovl   1   27  1.32M   14   21  60%  81.9M   602n  n/a
   2   56 |   7 1.0   19  10.0M  195  542  73%    10M |  99.9   ovl   1   27  1.30M   15   25  62%  81.9M   139n  n/a
   2   57 |   7 1.0   19   9.4M  183  527  74%    10M |  99.9   ovl   1   27  1.21M   15   24  61%  81.9M  -448n  n/a
   2   58 |   7 1.0   19   9.4M  198  590  74%    10M |  99.9   ovl   1   27  1.10M   13   25  65%  81.9M   958n  n/a
   2   59 |   7 1.0   19   9.8M  191  481  71%    10M |  99.9   ovl   1   27  1.08M   13   26  66%  81.9M  -665n  n/a
   2   5a |   7 1.0   19   9.7M  192  550  74%    10M |  99.9   n/a   1   27  1.02M   12   22  64%  81.9M    n/a  n/a
   2   5b |   7 1.0   19   9.6M  184  520  73%    10M |  99.9   n/a   1   27  1.38M   14   16  53%  81.9M    n/a  n/a
   3   5c |   7 1.0   19    11M  180  497  73%    10M |  99.9   n/a   1   27   951k   10   26  72%  81.9M    n/a  n/a
   3   5d |   7 1.0   19  10.0M  167  471  73%    10M |  99.9   n/a   1   27  1.26M   13   22  62%  81.9M    n/a  n/a
   3   5e |   7 1.0   19    10M  186  504  73%    10M |  99.9   n/a   1   27  1.63M   17   21  55%  81.9M    n/a  n/a
   3   5f |   7 1.0   19    10M  165  464  73%    10M |  99.9   n/a   1   27  1.24M   13   24  64%  81.9M    n/a  n/a
   3   60 |   7 1.0   19    10M  168  513  75%    10M |  99.9   n/a   1   27  1.81M   20   23  53%  81.9M    n/a  n/a
   3   61 |   7 1.0   19    10M  166  501  75%    10M |  99.9   n/a   1   27  1.36M   14   23  62%  81.9M    n/a  n/a
   3   62 |   7 1.0   19    10M  185  512  73%    10M |  99.9   n/a   1   27  1.89M   19   20  51%  81.9M    n/a  n/a
   3   63 |   7 1.0   19   9.9M  175  493  73%    10M |  99.9   n/a   1   27  2.02M   21   18  46%  81.9M    n/a  n/a
   4   64 |   7 1.0   19    10M  178  555  75%    10M |  99.9   n/a   1   27   883k   10   25  71%  81.9M    n/a  n/a
   4   65 |   7 1.0   19   9.4M  156  537  77%    10M |  99.9   n/a   1   27  1.11M   12   24  66%  81.9M    n/a  n/a
   4   66 |   7 1.0   19   9.1M  166  597  78%    10M |  99.9   n/a   1   27  1.07M   11   24  68%  81.9M    n/a  n/a
   4   67 |   7 1.0   19   9.3M  160  519  76%    10M |  99.9   n/a   1   27   951k   10   26  72%  81.9M    n/a  n/a
   4   68 |   7 1.0   19   9.7M  177  537  75%    10M |  99.9   n/a   1   27  1.29M   14   24  63%  81.9M    n/a  n/a
   4   69 |   7 1.0   19   9.3M  160  522  76%    10M |  99.9   n/a   1   27  1.30M   14   24  63%  81.9M    n/a  n/a
   4   6a |   7 1.0   19   9.3M  161  495  75%    10M |  99.9   n/a   1   27  1.14M   12   23  65%  81.9M    n/a  n/a
   4   6b |   7 1.0   19   9.2M  157  510  76%    10M |  99.9   n/a   1   27   887k    9   24  72%  81.9M    n/a  n/a

          |--------------------DL---------------------|-------------------------------UL-----------------------------
 pci rnti | cqi  ri  mcs  brate   ok  nok  (%)  dl_bs | pusch  rsrp  ri  mcs  brate   ok  nok  (%)    bsr     ta  phr
   0   44 |   7 1.0   19    12M  208  443  68%    10M |  99.9   n/a   1   27  2.47M   23   13  36%  81.9M    n/a  n/a
   0   45 |   7 1.0   19    11M  185  463  71%    10M |  99.9   ovl   1   27  2.49M   25   14  35%  81.9M  -701n  n/a
   0   46 |   7 1.0   19    11M  206  460  69%    10M |  99.9   ovl   1   27  2.68M   27   14  34%  81.9M  -254n  n/a
   0   47 |   7 1.0   19    12M  181  446  71%    10M |  99.9   ovl   1   27  2.23M   22   18  45%  81.9M   314n  n/a
   0   48 |   7 1.0   19    12M  204  455  69%    10M |  99.9   n/a   1   27  2.04M   21   24  53%  81.9M    n/a  n/a
   0   49 |   7 1.0   19    11M  190  468  71%    10M |  99.9   ovl   1   27  2.72M   25   19  43%  81.9M  -422n  n/a
   0   4a |   7 1.0   19    11M  191  466  70%    10M |  99.9   n/a   1   27  1.73M   17   18  51%  81.9M    n/a  n/a
   0   4b |   7 1.0   19    11M  191  407  68%    10M |  99.9   ovl   1   27  1.78M   17   23  57%  81.9M  -178n  n/a
   1   4c |   7 1.0   19   4.2M  150  481  76%    10M |  99.9   ovl   1   27   605k   16   21  56%  81.9M  -135n  n/a
   1   4d |   7 1.0   19   3.8M  134  401  74%    10M |  99.9   ovl   1   27   553k   13   19  59%  81.9M   -53n  n/a
   1   4e |   7 1.0   19   4.1M  154  460  74%    10M |  99.9   ovl   1   27   763k   22   20  47%  81.9M  -195n  n/a
   1   4f |   7 1.0   19   3.9M  139  375  72%    10M |  99.9   ovl   1   27   737k   20   26  56%  81.9M  -366n  n/a
   1   50 |   7 1.0   19   4.1M  154  388  71%    10M |  99.9   ovl   1   27   626k   17   21  55%  81.9M   217n  n/a
   1   51 |   7 1.0   19   3.9M  135  389  74%    10M |  99.9   ovl   1   27   732k   20   21  51%  81.9M  -222n  n/a
   1   52 |   7 1.0   19   4.1M  148  397  72%    10M |  99.9   ovl   1   27   656k   16   24  60%  81.9M  -586n  n/a
   1   53 |   7 1.0   19   3.9M  137  383  73%    10M |  99.9   ovl   1   27   802k   22   20  47%  81.9M  -548n  n/a
   2   54 |   7 1.0   19    10M  197  539  73%    10M |  99.9   ovl   1   27  1.23M   13   24  64%  81.9M    -1u  n/a
   2   55 |   7 1.0   19    10M  187  544  74%    10M |  99.9   ovl   1   27  1.51M   16   22  57%  81.9M  -193n  n/a
   2   56 |   7 1.0   19   9.9M  196  573  74%    10M |  99.9   ovl   1   27  1.19M   14   20  58%  81.9M  -742n  n/a
   2   57 |   7 1.0   19   9.4M  187  576  75%    10M |  99.9   ovl   1   27  1.35M   14   25  64%  81.9M  -174n  n/a
   2   58 |   7 1.0   19    10M  194  566  74%    10M |  99.9   ovl   1   27  1.69M   18   24  57%  81.9M  -811n  n/a
   2   59 |   7 1.0   19   9.8M  185  487  72%    10M |  99.9   ovl   1   27  1.15M   12   22  64%  81.9M   814n  n/a
   2   5a |   7 1.0   19  10.0M  193  547  73%    10M |  99.9   ovl   1   27  1.14M   13   23  63%  81.9M   714n  n/a
   2   5b |   7 1.0   19   9.7M  191  531  73%    10M |  99.9   ovl   1   27  1.53M   16   22  57%  81.9M   586n  n/a
   3   5c |   7 1.0   19    11M  196  562  74%    10M |  99.9   ovl   1   27  1.90M   19   22  53%  81.9M  -849n  n/a
   3   5d |   7 1.0   19    11M  185  518  73%    10M |  99.9   n/a   1   27  1.81M   18   20  52%  81.9M    n/a  n/a
   3   5e |   7 1.0   19    12M  208  520  71%    10M |  99.9   ovl   1   27  2.86M   28   18  39%  81.9M   275n  n/a
   3   5f |   7 1.0   19    11M  185  485  72%    10M |  99.9   ovl   1   27  1.98M   19   22  53%  81.9M    66n  n/a
   3   60 |   7 1.0   19    11M  195  501  71%    10M |  99.9   ovl   1   27  1.77M   17   22  56%  81.9M  -892n  n/a
   3   61 |   7 1.0   19    11M  177  525  74%    10M |  99.9   n/a   1   27  1.40M   14   20  58%  81.9M    n/a  n/a
   3   62 |   7 1.0   19    12M  206  516  71%    10M |  99.9   ovl   1   27  2.01M   19   20  51%  81.9M   693n  n/a
   3   63 |   7 1.0   19    11M  178  505  73%    10M |  99.9   ovl   1   27  1.49M   15   22  59%  81.9M  -849n  n/a
   4   64 |   7 1.0   19    10M  168  513  75%    10M |  99.9   n/a   1   27  1.45M   13   23  63%  81.9M    n/a  n/a
   4   65 |   7 1.0   19   9.8M  169  541  76%    10M |  99.9   n/a   1   27   965k   10   23  69%  81.9M    n/a  n/a
   4   66 |   7 1.0   19    11M  179  499  73%    10M |  99.9   n/a   1   27   967k    9   26  74%  81.9M    n/a  n/a
   4   67 |   7 1.0   19    10M  169  542  76%    10M |  99.9   ovl   1   27  1.80M   16   21  56%  81.9M  -559n  n/a
   4   68 |   7 1.0   19    10M  179  550  75%    10M |  99.9   n/a   1   27  1.40M   13   27  67%  81.9M    n/a  n/a
   4   69 |   7 1.0   19   9.9M  166  514  75%    10M |  99.9   ovl   1   27  1.51M   14   23  62%  81.9M  -456n  n/a
   4   6a |   7 1.0   19    10M  182  539  74%    10M |  99.9   n/a   1   27  1.34M   13   26  66%  81.9M    n/a  n/a
   4   6b |   7 1.0   19   9.9M  161  519  76%    10M |  99.9   n/a   1   27  1.45M   15   26  63%  81.9M    n/a  n/a
   0   44 |   7 1.0   19    12M  208  470  69%    10M |  99.9   n/a   1   27  2.02M   20   19  48%  81.9M    n/a  n/a
   0   45 |   7 1.0   19    12M  200  397  66%    10M |  99.9   n/a   1   27  2.08M   21   23  52%  81.9M    n/a  n/a
   0   46 |   7 1.0   19    12M  196  486  71%    10M |  99.9   n/a   1   27  1.74M   18   16  47%  81.9M    n/a  n/a
   0   47 |   7 1.0   19    11M  198  479  70%    10M |  99.9   n/a   1   27  1.49M   16   24  60%  81.9M    n/a  n/a
   0   48 |   7 1.0   19    12M  188  491  72%    10M |  99.9   n/a   1   27  2.29M   22   15  40%  81.9M    n/a  n/a
   0   49 |   7 1.0   19    12M  196  486  71%    10M |  99.9   n/a   1   27  2.63M   26   19  42%  81.9M    n/a  n/a
   0   4a |   7 1.0   19    12M  198  476  70%    10M |  99.9   n/a   1   27  2.50M   24   15  38%  81.9M    n/a  n/a
   0   4b |   7 1.0   19    12M  191  460  70%    10M |  99.9   n/a   1   27  2.59M   26   18  40%  81.9M    n/a  n/a
   1   4c |   7 1.0   19   3.5M  134  514  79%    10M |  99.9   n/a   1   27   416k   11   22  66%  81.9M    n/a  n/a
   1   4d |   7 1.0   19   3.4M  117  456  79%    10M |  99.9   n/a   1   27   362k   10   26  72%  81.9M    n/a  n/a
   1   4e |   7 1.0   19   3.6M  141  469  76%    10M |  99.9   n/a   1   27   483k   12   26  68%  81.9M    n/a  n/a
   1   4f |   7 1.0   19   3.4M  117  428  78%    10M |  99.9   n/a   1   27   416k   11   21  65%  81.9M    n/a  n/a
   1   50 |   7 1.0   19   3.4M  128  472  78%    10M |  99.9   n/a   1   27   407k   11   24  68%  81.9M    n/a  n/a
   1   51 |   7 1.0   19   3.4M  119  434  78%    10M |  99.9   n/a   1   27   420k   11   22  66%  81.9M    n/a  n/a
   1   52 |   7 1.0   19   3.4M  123  504  80%    10M |  99.9   n/a   1   27   481k   13   23  63%  81.9M    n/a  n/a
   1   53 |   7 1.0   19   3.4M  115  483  80%    10M |  99.9   n/a   1   27   501k   13   20  60%  81.9M    n/a  n/a
   2   54 |   7 1.0   19   8.8M  176  645  78%    10M |  99.9   n/a   1   27  1.35M   15   21  58%  81.9M    n/a  n/a
   2   55 |   7 1.0   19   8.7M  161  540  77%    10M |  99.9   n/a   1   27   963k   10   26  72%  81.9M    n/a  n/a
   2   56 |   7 1.0   19   8.4M  179  618  77%    10M |  99.9   n/a   1   27   994k   11   22  66%  81.9M    n/a  n/a
   2   57 |   7 1.0   19   8.8M  162  508  75%    10M |  99.9   n/a   1   27   574k    7   19  73%  81.9M    n/a  n/a
   2   58 |   7 1.0   19   9.0M  178  579  76%    10M |  99.9   n/a   1   27  1.03M   11   23  67%  81.9M    n/a  n/a
   2   59 |   7 1.0   19   8.8M  168  551  76%    10M |  99.9   n/a   1   27  1.07M   11   17  60%  81.9M    n/a  n/a
   2   5a |   7 1.0   19   8.8M  177  574  76%    10M |  99.9   n/a   1   27   811k   10   24  70%  81.9M    n/a  n/a
   2   5b |   7 1.0   19   8.7M  162  552  77%    10M |  99.9   n/a   1   27   867k    9   22  70%  81.9M    n/a  n/a
   3   5c |   7 1.0   19    11M  193  503  72%    10M |  99.9   n/a   1   27  1.76M   17   25  59%  81.9M    n/a  n/a
   3   5d |   7 1.0   19    11M  187  474  71%    10M |  99.9   n/a   1   27  1.58M   17   23  57%  81.9M    n/a  n/a
   3   5e |   7 1.0   19    11M  192  543  73%    10M |  99.9   n/a   1   27  1.91M   19   21  52%  81.9M    n/a  n/a
   3   5f |   7 1.0   19    11M  194  461  70%    10M |  99.9   n/a   1   27  1.61M   15   25  62%  81.9M    n/a  n/a
   3   60 |   7 1.0   19    11M  189  537  73%    10M |  99.9   n/a   1   27  1.50M   14   21  60%  81.9M    n/a  n/a
   3   61 |   7 1.0   19    11M  187  499  72%    10M |  99.9   n/a   1   27  1.97M   20   23  53%  81.9M    n/a  n/a
   3   62 |   7 1.0   19    11M  190  514  73%    10M |  99.9   n/a   1   27  1.98M   19   22  53%  81.9M    n/a  n/a
   3   63 |   7 1.0   19    11M  180  560  75%    10M |  99.9   ovl   1   27  1.55M   16   27  62%  81.9M  -892n  n/a
   4   64 |   7 1.0   19    11M  205  487  70%    10M |  99.9   n/a   1   27  1.74M   18   25  58%  81.9M    n/a  n/a
   4   65 |   7 1.0   19    12M  193  502  72%    10M |  99.9   n/a   1   27  2.07M   21   18  46%  81.9M    n/a  n/a
   4   66 |   7 1.0   19    12M  204  486  70%    10M |  99.9   n/a   1   27  1.66M   16   25  60%  81.9M    n/a  n/a
   4   67 |   7 1.0   19    12M  200  443  68%    10M |  99.9   n/a   1   27  1.26M   13   24  64%  81.9M    n/a  n/a
   4   68 |   7 1.0   19    11M  203  546  72%    10M |  99.9   n/a   1   27  1.34M   14   24  63%  81.9M    n/a  n/a
   4   69 |   7 1.0   19    12M  202  438  68%    10M |  99.9   n/a   1   27  1.34M   13   22  62%  81.9M    n/a  n/a
   4   6a |   7 1.0   19    12M  204  567  73%    10M |  99.9   n/a   1   27  2.05M   20   20  50%  81.9M    n/a  n/a
   4   6b |   7 1.0   19    12M  203  441  68%    10M |  99.9   n/a   1   27  2.21M   22   25  53%  81.9M    n/a  n/a
   0   44 |   7 1.0   19   9.9M  186  575  75%    10M |  99.9   n/a   1   27  1.49M   14   22  61%  81.9M    n/a  n/a
   0   45 |   7 1.0   19   9.7M  165  549  76%    10M |  99.9   n/a   1   27  1.26M   13   22  62%  81.9M    n/a  n/a
   0   46 |   7 1.0   19  10.0M  173  522  75%    10M |  99.9   ovl   1   27  1.82M   18   19  51%  81.9M  -704n  n/a
   0   47 |   7 1.0   19    10M  172  506  74%    10M |  99.9   ovl   1   27  1.57M   15   20  57%  81.9M   264n  n/a
   0   48 |   7 1.0   19   9.6M  166  548  76%    10M |  99.9   n/a   1   27  1.19M   13   24  64%  81.9M    n/a  n/a
   0   49 |   7 1.0   19    10M  164  498  75%    10M |  99.9   n/a   1   27   861k    8   19  70%  81.9M    n/a  n/a
   0   4a |   7 1.0   19    10M  175  557  76%    10M |  99.9   n/a   1   27  1.30M   13   20  60%  81.9M    n/a  n/a
   0   4b |   7 1.0   19    10M  173  464  72%    10M |  99.9   n/a   1   27  2.05M   22   20  47%  81.9M    n/a  n/a

          |--------------------DL---------------------|-------------------------------UL-----------------------------
 pci rnti | cqi  ri  mcs  brate   ok  nok  (%)  dl_bs | pusch  rsrp  ri  mcs  brate   ok  nok  (%)    bsr     ta  phr
   1   4c |   7 1.0   19   3.7M  136  477  77%    10M |  99.9   ovl   1   27   505k   14   24  63%  81.9M   417n  n/a
   1   4d |   7 1.0   19   3.5M  119  432  78%    10M |  99.9   ovl   1   27   692k   17   23  57%  81.9M   943n  n/a
   1   4e |   7 1.0   19   3.6M  140  555  79%    10M |  99.9   ovl   1   27   591k   15   26  63%  81.9M   229n  n/a
   1   4f |   7 1.0   19   3.4M  117  437  78%    10M |  99.9   ovl   1   27   441k   12   28  70%  81.9M   -65n  n/a
   1   50 |   7 1.0   19   3.6M  150  433  74%    10M |  99.9   ovl   1   27   495k   13   26  66%  81.9M   106n  n/a
   1   51 |   7 1.0   19   3.5M  123  431  77%    10M |  99.9   ovl   1   27   431k   12   24  66%  81.9M   106n  n/a
   1   52 |   7 1.0   19   3.6M  130  409  75%    10M |  99.9   ovl   1   27   412k   10   25  71%  81.9M  -498n  n/a
   1   53 |   7 1.0   19   3.4M  114  452  79%    10M |  99.9   ovl   1   27   346k    9   26  74%  81.9M  -498n  n/a
   2   54 |   7 1.0   19   8.6M  166  597  78%    10M |  99.9   n/a   1   27  1.19M   15   24  61%  81.9M    n/a  n/a
   2   55 |   7 1.0   19   8.6M  154  498  76%    10M |  99.9   n/a   1   27  1.02M   10   22  68%  81.9M    n/a  n/a
   2   56 |   7 1.0   19   8.7M  176  580  76%    10M |  99.9   n/a   1   27   981k   12   23  65%  81.9M    n/a  n/a
   2   57 |   7 1.0   19   8.5M  160  510  76%    10M |  99.9   n/a   1   27   947k   10   28  73%  81.9M    n/a  n/a
   2   58 |   7 1.0   19   8.9M  186  613  76%    10M |  99.9   n/a   1   27   852k    9   25  73%  81.9M    n/a  n/a
   2   59 |   7 1.0   19   8.3M  161  539  77%    10M |  99.9   n/a   1   27   947k   10   25  71%  81.9M    n/a  n/a
   2   5a |   7 1.0   19   8.7M  160  540  77%    10M |  99.9   n/a   1   27   918k   11   24  68%  81.9M    n/a  n/a
   2   5b |   7 1.0   19   8.7M  173  533  75%    10M |  99.9   n/a   1   27   959k   11   23  67%  81.9M    n/a  n/a
   3   5c |   7 1.0   19   9.8M  173  571  76%    10M |  99.9   ovl   1   27  1.26M   14   24  63%  81.9M   312n  n/a
   3   5d |   7 1.0   19   9.7M  160  503  75%    10M |  99.9   ovl   1   27  1.29M   13   23  63%  81.9M    -1u  n/a
   3   5e |   7 1.0   19   9.7M  169  570  77%    10M |  99.9   ovl   1   27  1.64M   15   22  59%  81.9M  -620n  n/a
   3   5f |   7 1.0   19   9.5M  155  495  76%    10M |  99.9   ovl   1   27  1.35M   14   23  62%  81.9M   440n  n/a
   3   60 |   7 1.0   19   9.8M  174  574  76%    10M |  99.9   n/a   1   27   803k    8   26  76%  81.9M    n/a  n/a
   3   61 |   7 1.0   19   9.7M  157  476  75%    10M |  99.9   ovl   1   27  1.72M   16   22  57%  81.9M   393n  n/a
   3   62 |   7 1.0   19   9.8M  176  559  76%    10M |  99.9   ovl   1   27  1.40M   15   25  62%  81.9M   812n  n/a
   3   63 |   7 1.0   19   9.7M  164  527  76%    10M |  99.9   ovl   1   27  1.81M   18   25  58%  81.9M  -892n  n/a
   4   64 |   7 1.0   19    11M  190  429  69%    10M |  99.9   ovl   1   27  2.03M   21   14  40%  81.9M   -81n  n/a
   4   65 |   7 1.0   19    11M  175  428  70%    10M |  99.9   ovl   1   27  1.88M   19   18  48%  81.9M   646n  n/a
   4   66 |   7 1.0   19    11M  187  515  73%    10M |  99.9   ovl   1   27  2.11M   20   20  50%  81.9M   674n  n/a
   4   67 |   7 1.0   19    11M  181  426  70%    10M |  99.9   ovl   1   27  1.86M   19   20  51%  81.9M  -849n  n/a
   4   68 |   7 1.0   19    10M  179  511  74%    10M |  99.9   n/a   1   27  2.04M   20   18  47%  81.9M    n/a  n/a
   4   69 |   7 1.0   19    11M  175  394  69%    10M |  99.9   ovl   1   27  2.07M   21   23  52%  81.9M  -989n  n/a
   4   6a |   7 1.0   19    11M  198  453  69%    10M |  99.9   n/a   1   27  1.98M   19   22  53%  81.9M    n/a  n/a
   4   6b |   7 1.0   19    11M  185  432  70%    10M |  99.9   ovl   1   27  1.39M   14   17  54%  81.9M  -570n  n/a
   0   44 |   7 1.0   19    11M  212  514  70%    10M |  99.9   n/a   1   27  2.36M   24   20  45%  81.9M    n/a  n/a
   0   45 |   7 1.0   19    12M  182  437  70%    10M |  99.9   n/a   1   27  1.93M   21   17  44%  81.9M    n/a  n/a
   0   46 |   7 1.0   19    11M  185  507  73%    10M |  99.9   ovl   1   27  2.18M   21   19  47%  81.9M   263n  n/a
   0   47 |   7 1.0   19    12M  199  472  70%    10M |  99.9   n/a   1   27  2.01M   21   21  50%  81.9M    n/a  n/a
   0   48 |   7 1.0   19    11M  195  494  71%    10M |  99.9   n/a   1   27  1.77M   19   18  48%  81.9M    n/a  n/a
   0   49 |   7 1.0   19    12M  205  463  69%    10M |  99.9   ovl   1   27  2.03M   20   27  57%  81.9M  -704n  n/a
   0   4a |   7 1.0   19    11M  194  516  72%    10M |  99.9   n/a   1   27  1.67M   19   23  54%  81.9M    n/a  n/a
   0   4b |   7 1.0   19    12M  193  406  67%    10M |  99.9   n/a   1   27  2.26M   23   23  50%  81.9M    n/a  n/a
   1   4c |   7 1.0   19   3.7M  140  481  77%    10M |  99.9   n/a   1   27   392k   11   22  66%  81.9M    n/a  n/a
   1   4d |   7 1.0   19   3.7M  134  409  75%    10M |  99.9   n/a   1   27   535k   15   25  62%  81.9M    n/a  n/a
   1   4e |   7 1.0   19   3.6M  138  465  77%    10M |  99.9   n/a   1   27   507k   13   23  63%  81.9M    n/a  n/a
   1   4f |   7 1.0   19   3.7M  129  416  76%    10M |  99.9   n/a   1   27   572k   16   23  58%  81.9M    n/a  n/a
   1   50 |   7 1.0   19   3.7M  138  501  78%    10M |  99.9   n/a   1   27   428k   12   23  65%  81.9M    n/a  n/a
   1   51 |   7 1.0   19   3.8M  133  456  77%    10M |  99.9   n/a   1   27   481k   12   23  65%  81.9M    n/a  n/a
   1   52 |   7 1.0   19   3.8M  149  474  76%    10M |  99.9   n/a   1   27   505k   13   22  62%  81.9M    n/a  n/a
   1   53 |   7 1.0   19   3.7M  134  408  75%    10M |  99.9   n/a   1   27   453k   14   23  62%  81.9M    n/a  n/a
   2   54 |   7 1.0   19   8.5M  170  558  76%    10M |  99.9   n/a   1   27   756k    9   29  76%  81.9M    n/a  n/a
   2   55 |   7 1.0   19   8.1M  163  611  78%    10M |  99.9   n/a   1   27   899k   10   31  75%  81.9M    n/a  n/a
   2   56 |   7 1.0   19   8.3M  168  688  80%    10M |  99.9   n/a   1   27   946k   11   29  72%  81.9M    n/a  n/a
   2   57 |   7 1.0   19   8.3M  154  584  79%    10M |  99.9   n/a   1   27   973k   11   30  73%  81.9M    n/a  n/a
   2   58 |   7 1.0   19   8.4M  159  592  78%    10M |  99.9   n/a   1   27  1.02M   12   31  72%  81.9M    n/a  n/a
   2   59 |   7 1.0   19   8.4M  156  632  80%    10M |  99.9   n/a   1   27  1.09M   12   26  68%  81.9M    n/a  n/a
   2   5a |   7 1.0   19   8.2M  160  579  78%    10M |  99.9   n/a   1   27  1.12M   13   31  70%  81.9M    n/a  n/a
   2   5b |   7 1.0   19   8.3M  159  597  78%    10M |  99.9   n/a   1   27   787k    8   29  78%  81.9M    n/a  n/a
   3   5c |   7 1.0   19    12M  216  504  70%    10M |  99.9   n/a   1   27  1.74M   17   21  55%  81.9M    n/a  n/a
   3   5d |   7 1.0   19    12M  189  431  69%    10M |  99.9   n/a   1   27  2.52M   26   19  42%  81.9M    n/a  n/a
   3   5e |   7 1.0   19    12M  201  515  71%    10M |  99.9   n/a   1   27  1.83M   20   20  50%  81.9M    n/a  n/a
   3   5f |   7 1.0   19    12M  193  457  70%    10M |  99.9   n/a   1   27  2.01M   20   23  53%  81.9M    n/a  n/a
   3   60 |   7 1.0   19    12M  209  511  70%    10M |  99.9   n/a   1   27  2.03M   20   23  53%  81.9M    n/a  n/a
   3   61 |   7 1.0   19    11M  189  481  71%    10M |  99.9   n/a   1   27  2.34M   25   20  44%  81.9M    n/a  n/a
   3   62 |   7 1.0   19    12M  204  481  70%    10M |  99.9   n/a   1   27  2.09M   22   20  47%  81.9M    n/a  n/a
   3   63 |   7 1.0   19    12M  200  461  69%    10M |  99.9   n/a   1   27  1.99M   21   21  50%  81.9M    n/a  n/a
   4   64 |   7 1.0   19    12M  196  492  71%    10M |  99.9   ovl   1   27  1.94M   20   21  51%  81.9M  -407n  n/a
   4   65 |   7 1.0   19    12M  198  428  68%    10M |  99.9   ovl   1   27  2.03M   21   25  54%  81.9M  -261n  n/a
   4   66 |   7 1.0   19    12M  199  481  70%    10M |  99.9   n/a   1   27  1.83M   18   18  50%  81.9M    n/a  n/a
   4   67 |   7 1.0   19    13M  210  419  66%    10M |  99.9   ovl   1   27  1.44M   14   21  60%  81.9M     1u  n/a
   4   68 |   7 1.0   19    12M  223  476  68%    10M |  99.9   n/a   1   27  2.08M   21   23  52%  81.9M    n/a  n/a
   4   69 |   7 1.0   19    12M  204  455  69%    10M |  99.9   ovl   1   27  2.13M   23   22  48%  81.9M   972n  n/a
   4   6a |   7 1.0   19    12M  213  481  69%    10M |  99.9   ovl   1   27  2.22M   23   18  43%  81.9M    53n  n/a
   4   6b |   7 1.0   19    12M  213  480  69%    10M |  99.9   n/a   1   27  1.77M   18   19  51%  81.9M    n/a  n/a
   0   44 |   7 1.0   19    10M  189  420  68%    10M |  99.9   n/a   1   27  1.60M   15   15  50%  81.9M    n/a  n/a
   0   45 |   7 1.0   19    11M  177  459  72%    10M |  99.9   n/a   1   27  1.63M   15   22  59%  81.9M    n/a  n/a
   0   46 |   7 1.0   19    10M  169  518  75%    10M |  99.9   n/a   1   27  2.59M   26   15  36%  81.9M    n/a  n/a
   0   47 |   7 1.0   19    10M  173  451  72%    10M |  99.9   ovl   1   27  2.24M   23   16  41%  81.9M  -970n  n/a
   0   48 |   7 1.0   19    11M  193  433  69%    10M |  99.9   n/a   1   27  1.99M   20   18  47%  81.9M    n/a  n/a
   0   49 |   7 1.0   19    10M  171  473  73%    10M |  99.9   ovl   1   27  2.11M   21   17  44%  81.9M   447n  n/a
   0   4a |   7 1.0   19    11M  191  443  69%    10M |  99.9   ovl   1   27  2.27M   21   20  48%  81.9M  -704n  n/a
   0   4b |   7 1.0   19    10M  170  476  73%    10M |  99.9   n/a   1   27  1.97M   19   17  47%  81.9M    n/a  n/a
   1   4c |   7 1.0   19   4.0M  141  482  77%    10M |  99.9   n/a   1   27   503k   14   20  58%  81.9M    n/a  n/a
   1   4d |   7 1.0   19   3.9M  132  428  76%    10M |  99.9   n/a   1   27   467k   13   22  62%  81.9M    n/a  n/a
   1   4e |   7 1.0   19   4.0M  144  393  73%    10M |  99.9   n/a   1   27   413k   13   21  61%  81.9M    n/a  n/a
   1   4f |   7 1.0   19   3.8M  136  409  75%    10M |  99.9   n/a   1   27   409k   11   24  68%  81.9M    n/a  n/a
   1   50 |   7 1.0   19   4.0M  145  467  76%    10M |  99.9   n/a   1   27   485k   12   21  63%  81.9M    n/a  n/a
   1   51 |   7 1.0   19   3.9M  135  419  75%    10M |  99.9   n/a   1   27   420k   11   22  66%  81.9M    n/a  n/a
   1   52 |   7 1.0   19   4.0M  152  444  74%    10M |  99.9   n/a   1   27   452k   13   23  63%  81.9M    n/a  n/a
   1   53 |   7 1.0   19   3.7M  126  446  77%    10M |  99.9   n/a   1   27   368k   10   23  69%  81.9M    n/a  n/a

          |--------------------DL---------------------|-------------------------------UL-----------------------------
 pci rnti | cqi  ri  mcs  brate   ok  nok  (%)  dl_bs | pusch  rsrp  ri  mcs  brate   ok  nok  (%)    bsr     ta  phr
   2   54 |   7 1.0   19   8.3M  169  595  77%    10M |  99.9   n/a   1   27   799k    9   24  72%  81.9M    n/a  n/a
   2   55 |   7 1.0   19   8.3M  170  537  75%    10M |  99.9   n/a   1   27   836k    9   24  72%  81.9M    n/a  n/a
   2   56 |   7 1.0   19   8.3M  170  639  78%    10M |  99.9   n/a   1   27   666k    7   23  76%  81.9M    n/a  n/a
   2   57 |   7 1.0   19   8.6M  163  524  76%    10M |  99.9   n/a   1   27   815k   10   25  71%  81.9M    n/a  n/a
   2   58 |   7 1.0   19   8.5M  171  609  78%    10M |  99.9   n/a   1   27   809k    9   25  73%  81.9M    n/a  n/a
   2   59 |   7 1.0   19   8.4M  162  590  78%    10M |  99.9   n/a   1   27   750k    8   23  74%  81.9M    n/a  n/a
   2   5a |   7 1.0   19   8.8M  184  596  76%    10M |  99.9   n/a   1   27   717k    8   27  77%  81.9M    n/a  n/a
   2   5b |   7 1.0   19   8.3M  159  612  79%    10M |  99.9   n/a   1   27   672k    7   21  75%  81.9M    n/a  n/a
   3   5c |   7 1.0   19    11M  191  568  74%    10M |  99.9   n/a   1   27  1.74M   17   19  52%  81.9M    n/a  n/a
   3   5d |   7 1.0   19    11M  180  469  72%    10M |  99.9   n/a   1   27  1.92M   19   20  51%  81.9M    n/a  n/a
   3   5e |   7 1.0   19    11M  200  487  70%    10M |  99.9   n/a   1   27  1.71M   18   15  45%  81.9M    n/a  n/a
   3   5f |   7 1.0   19    11M  186  472  71%    10M |  99.9   n/a   1   27  1.26M   12   23  65%  81.9M    n/a  n/a
   3   60 |   7 1.0   19    12M  204  523  71%    10M |  99.9   n/a   1   27  1.81M   19   21  52%  81.9M    n/a  n/a
   3   61 |   7 1.0   19    11M  187  468  71%    10M |  99.9   n/a   1   27  1.39M   14   24  63%  81.9M    n/a  n/a
   3   62 |   7 1.0   19    12M  195  531  73%    10M |  99.9   n/a   1   27  1.51M   17   21  55%  81.9M    n/a  n/a
   3   63 |   7 1.0   19    11M  181  475  72%    10M |  99.9   n/a   1   27  1.09M   11   20  64%  81.9M    n/a  n/a
   4   64 |   7 1.0   19   9.8M  171  538  75%    10M |  99.9   ovl   1   27  1.33M   13   29  69%  81.9M  -831n  n/a
   4   65 |   7 1.0   19    10M  165  452  73%    10M |  99.9   ovl   1   27  1.36M   14   24  63%  81.9M   423n  n/a
   4   66 |   7 1.0   19   9.8M  170  555  76%    10M |  99.9   ovl   1   27  1.40M   15   24  61%  81.9M  -650n  n/a
   4   67 |   7 1.0   19    10M  168  467  73%    10M |  99.9   ovl   1   27  1.47M   14   23  62%  81.9M   674n  n/a
   4   68 |   7 1.0   19   9.4M  167  552  76%    10M |  99.9   ovl   1   27  1.48M   14   19  57%  81.9M  -189n  n/a
   4   69 |   7 1.0   19    10M  169  482  74%    10M |  99.9   ovl   1   27  1.35M   13   21  61%  81.9M   658n  n/a
   4   6a |   7 1.0   19   9.8M  164  556  77%    10M |  99.9   ovl   1   27  1.72M   17   19  52%  81.9M    81n  n/a
   4   6b |   7 1.0   19    10M  168  520  75%    10M |  99.9   ovl   1   27  1.25M   12   21  63%  81.9M  -831n  n/a
   0   44 |   7 1.0   19    10M  175  510  74%    10M |  99.9   n/a   1   27  1.52M   14   21  60%  81.9M    n/a  n/a
   0   45 |   7 1.0   19    11M  172  453  72%    10M |  99.9   n/a   1   27  1.66M   17   21  55%  81.9M    n/a  n/a
   0   46 |   7 1.0   19    11M  179  464  72%    10M |  99.9   n/a   1   27  1.70M   17   22  56%  81.9M    n/a  n/a
   0   47 |   7 1.0   19    10M  174  492  73%    10M |  99.9   n/a   1   27  1.94M   18   21  53%  81.9M    n/a  n/a
   0   48 |   7 1.0   19    11M  186  479  72%    10M |  99.9   n/a   1   27  2.46M   23   20  46%  81.9M    n/a  n/a
   0   49 |   7 1.0   19    10M  166  440  72%    10M |  99.9   n/a   1   27  2.32M   24   22  47%  81.9M    n/a  n/a
   0   4a |   7 1.0   19   9.8M  174  494  73%    10M |  99.9   n/a   1   27  2.39M   23   16  41%  81.9M    n/a  n/a
   0   4b |   7 1.0   19    11M  174  392  69%    10M |  99.9   n/a   1   27  1.65M   17   22  56%  81.9M    n/a  n/a
   1   4c |   7 1.0   19   3.4M  137  495  78%    10M |  99.9   ovl   1   27   470k   12   25  67%  81.9M   919n  n/a
   1   4d |   7 1.0   19   3.5M  129  412  76%    10M |  99.9   ovl   1   27   537k   15   26  63%  81.9M   261n  n/a
   1   4e |   7 1.0   19   3.5M  126  494  79%    10M |  99.9   ovl   1   27   382k   10   27  72%  81.9M   -65n  n/a
   1   4f |   7 1.0   19   3.5M  122  436  78%    10M |  99.9   n/a   1   27   566k   15   21  58%  81.9M    n/a  n/a
   1   50 |   7 1.0   19   3.4M  130  541  80%    10M |  99.9   n/a   1   27   488k   13   24  64%  81.9M    n/a  n/a
   1   51 |   7 1.0   19   3.4M  113  463  80%    10M |  99.9   ovl   1   27   709k   18   22  55%  81.9M  -128n  n/a
   1   52 |   7 1.0   19   3.3M  130  523  80%    10M |  99.9   n/a   1   27   506k   14   26  65%  81.9M    n/a  n/a
   1   53 |   7 1.0   19   3.5M  123  419  77%    10M |  99.9   n/a   1   27   356k    9   29  76%  81.9M    n/a  n/a
   2   54 |   7 1.0   19    10M  207  518  71%    10M |  99.9   n/a   1   27  1.29M   15   23  60%  81.9M    n/a  n/a
   2   55 |   7 1.0   19    10M  205  549  72%    10M |  99.9   n/a   1   27  1.03M   12   26  68%  81.9M    n/a  n/a
   2   56 |   7 1.0   19    10M  202  578  74%    10M |  99.9   n/a   1   27  1.25M   15   25  62%  81.9M    n/a  n/a
   2   57 |   7 1.0   19    10M  198  490  71%    10M |  99.9   n/a   1   27  1.04M   13   21  61%  81.9M    n/a  n/a
   2   58 |   7 1.0   19    11M  212  528  71%    10M |  99.9   n/a   1   27  1.49M   18   25  58%  81.9M    n/a  n/a
   2   59 |   7 1.0   19    11M  199  501  71%    10M |  99.9   n/a   1   27  1.15M   13   25  65%  81.9M    n/a  n/a
   2   5a |   7 1.0   19    11M  205  494  70%    10M |  99.9   n/a   1   27  1.08M   12   25  67%  81.9M    n/a  n/a
   2   5b |   7 1.0   19    10M  203  527  72%    10M |  99.9   n/a   1   27  1.31M   15   24  61%  81.9M    n/a  n/a
   3   5c |   7 1.0   19    11M  188  518  73%    10M |  99.9   ovl   1   27  1.86M   18   23  56%  81.9M   788n  n/a
   3   5d |   7 1.0   19    11M  183  506  73%    10M |  99.9   ovl   1   27  1.86M   18   26  59%  81.9M   393n  n/a
   3   5e |   7 1.0   19    11M  207  498  70%    10M |  99.9   ovl   1   27  2.32M   23   25  52%  81.9M  -849n  n/a
   3   5f |   7 1.0   19    11M  181  483  72%    10M |  99.9   ovl   1   27  1.32M   14   29  67%  81.9M   478n  n/a
   3   60 |   7 1.0   19    11M  184  522  73%    10M |  99.9   ovl   1   27  1.63M   16   27  62%  81.9M     1u  n/a
   3   61 |   7 1.0   19    11M  181  415  69%    10M |  99.9   n/a   1   27  1.78M   18   28  60%  81.9M    n/a  n/a
   3   62 |   7 1.0   19    11M  195  514  72%    10M |  99.9   ovl   1   27  1.32M   14   27  65%  81.9M   693n  n/a
   3   63 |   7 1.0   19    12M  186  487  72%    10M |  99.9   n/a   1   27  1.66M   15   26  63%  81.9M    n/a  n/a
   4   64 |   7 1.0   19    11M  182  539  74%    10M |  99.9   n/a   1   27  1.37M   14   25  64%  81.9M    n/a  n/a
   4   65 |   7 1.0   19    11M  176  471  72%    10M |  99.9   n/a   1   27  1.58M   17   25  59%  81.9M    n/a  n/a
   4   66 |   7 1.0   19    11M  204  456  69%    10M |  99.9   n/a   1   27  1.84M   19   27  58%  81.9M    n/a  n/a
   4   67 |   7 1.0   19    11M  180  432  70%    10M |  99.9   n/a   1   27  1.67M   17   27  61%  81.9M    n/a  n/a
   4   68 |   7 1.0   19    11M  195  524  72%    10M |  99.9   n/a   1   27  1.52M   15   23  60%  81.9M    n/a  n/a
   4   69 |   7 1.0   19    11M  183  459  71%    10M |  99.9   n/a   1   27  1.84M   20   25  55%  81.9M    n/a  n/a
   4   6a |   7 1.0   19    11M  204  578  73%    10M |  99.9   n/a   1   27  1.82M   17   22  56%  81.9M    n/a  n/a
   4   6b |   7 1.0   19    11M  178  481  72%    10M |  99.9   n/a   1   27  1.89M   20   29  59%  81.9M    n/a  n/a
   0   44 |   7 1.0   19    12M  206  505  71%    10M |  99.9   n/a   1   27  1.14M   11   18  62%  81.9M    n/a  n/a
   0   45 |   7 1.0   19    12M  201  429  68%    10M |  99.9   n/a   1   27  1.14M   12   24  66%  81.9M    n/a  n/a
   0   46 |   7 1.0   19    12M  204  460  69%    10M |  99.9   n/a   1   27  2.93M   29   12  29%  81.9M    n/a  n/a
   0   47 |   7 1.0   19    12M  203  450  68%    10M |  99.9   n/a   1   27  1.82M   17   22  56%  81.9M    n/a  n/a
   0   48 |   7 1.0   19    12M  202  473  70%    10M |  99.9   n/a   1   27  2.21M   24   18  42%  81.9M    n/a  n/a
   0   49 |   7 1.0   19    12M  188  441  70%    10M |  99.9   n/a   1   27  2.07M   22   20  47%  81.9M    n/a  n/a
   0   4a |   7 1.0   19    12M  199  472  70%    10M |  99.9   n/a   1   27  1.89M   18   16  47%  81.9M    n/a  n/a
   0   4b |   7 1.0   19    12M  193  437  69%    10M |  99.9   n/a   1   27  1.65M   17   20  54%  81.9M    n/a  n/a
   1   4c |   7 1.0   19   4.1M  163  429  72%    10M |  99.9   n/a   1   27   700k   18   16  47%  81.9M    n/a  n/a
   1   4d |   7 1.0   19   4.0M  146  385  72%    10M |  99.9   n/a   1   27   897k   26   18  40%  81.9M    n/a  n/a
   1   4e |   7 1.0   19   4.1M  156  458  74%    10M |  99.9   n/a   1   27  1.01M   26   17  39%  81.9M    n/a  n/a
   1   4f |   7 1.0   19   4.1M  142  382  72%    10M |  99.9   n/a   1   27   751k   21   17  44%  81.9M    n/a  n/a
   1   50 |   7 1.0   19   4.0M  144  425  74%    10M |  99.9   n/a   1   27   729k   20   21  51%  81.9M    n/a  n/a
   1   51 |   7 1.0   19   4.1M  135  355  72%    10M |  99.9   n/a   1   27   850k   23   19  45%  81.9M    n/a  n/a
   1   52 |   7 1.0   19   3.9M  149  461  75%    10M |  99.9   n/a   1   27   712k   18   22  55%  81.9M    n/a  n/a
   1   53 |   7 1.0   19   4.0M  148  392  72%    10M |  99.9   n/a   1   27   278k    8   25  75%  81.9M    n/a  n/a
   2   54 |   7 1.0   19   7.9M  156  621  79%    10M |  99.9   n/a   1   27   760k    8   27  77%  81.9M    n/a  n/a
   2   55 |   7 1.0   19   7.6M  138  536  79%    10M |  99.9   n/a   1   27   498k    6   23  79%  81.9M    n/a  n/a
   2   56 |   7 1.0   19   7.5M  144  627  81%    10M |  99.9   n/a   1   27   391k    5   26  83%  81.9M    n/a  n/a
   2   57 |   7 1.0   19   7.6M  141  562  79%    10M |  99.9   n/a   1   27   690k    9   26  74%  81.9M    n/a  n/a
   2   58 |   7 1.0   19   7.5M  157  619  79%    10M |  99.9   n/a   1   27   664k    8   22  73%  81.9M    n/a  n/a
   2   59 |   7 1.0   19   7.3M  138  581  80%    10M |  99.9   n/a   1   27   617k    7   22  75%  81.9M    n/a  n/a
   2   5a |   7 1.0   19   7.6M  156  577  78%    10M |  99.9   n/a   1   27   590k    7   23  76%  81.9M    n/a  n/a
   2   5b |   7 1.0   19   7.4M  142  570  80%    10M |  99.9   n/a   1   27   783k    9   20  68%  81.9M    n/a  n/a

          |--------------------DL---------------------|-------------------------------UL-----------------------------
 pci rnti | cqi  ri  mcs  brate   ok  nok  (%)  dl_bs | pusch  rsrp  ri  mcs  brate   ok  nok  (%)    bsr     ta  phr
   3   5c |   7 1.0   19    11M  200  560  73%    10M |  99.9   n/a   1   27  1.62M   16   22  57%  81.9M    n/a  n/a
   3   5d |   7 1.0   19    11M  181  501  73%    10M |  99.9   n/a   1   27  1.59M   16   26  61%  81.9M    n/a  n/a
   3   5e |   7 1.0   19    11M  195  513  72%    10M |  99.9   n/a   1   27  1.27M   13   25  65%  81.9M    n/a  n/a
   3   5f |   7 1.0   19    11M  178  514  74%    10M |  99.9   n/a   1   27  1.52M   14   22  61%  81.9M    n/a  n/a
   3   60 |   7 1.0   19    11M  202  515  71%    10M |  99.9   n/a   1   27  1.30M   13   26  66%  81.9M    n/a  n/a
   3   61 |   7 1.0   19    11M  179  453  71%    10M |  99.9   n/a   1   27  1.74M   19   22  53%  81.9M    n/a  n/a
   3   62 |   7 1.0   19    11M  196  541  73%    10M |  99.9   n/a   1   27  1.38M   15   25  62%  81.9M    n/a  n/a
   3   63 |   7 1.0   19    11M  176  515  74%    10M |  99.9   n/a   1   27  1.58M   15   24  61%  81.9M    n/a  n/a
   4   64 |   7 1.0   19    10M  174  537  75%    10M |  99.9   n/a   1   27   803k    8   21  72%  81.9M    n/a  n/a
   4   65 |   7 1.0   19    11M  190  431  69%    10M |  99.9   n/a   1   27  1.74M   19   19  50%  81.9M    n/a  n/a
   4   66 |   7 1.0   19    11M  200  499  71%    10M |  99.9   n/a   1   27  1.66M   16   16  50%  81.9M    n/a  n/a
   4   67 |   7 1.0   19    11M  187  457  70%    10M |  99.9   n/a   1   27  1.97M   21   13  38%  81.9M    n/a  n/a
   4   68 |   7 1.0   19    11M  191  492  72%    10M |  99.9   n/a   1   27  1.23M   13   19  59%  81.9M    n/a  n/a
   4   69 |   7 1.0   19    11M  182  509  73%    10M |  99.9   n/a   1   27  1.81M   19   18  48%  81.9M    n/a  n/a
   4   6a |   7 1.0   19    11M  190  549  74%    10M |  99.9   n/a   1   27  1.29M   13   17  56%  81.9M    n/a  n/a
   4   6b |   7 1.0   19    11M  175  472  72%    10M |  99.9   n/a   1   27  1.19M   14   18  56%  81.9M    n/a  n/a
   0   44 |   7 1.0   19    10M  180  453  71%    10M |  99.9   n/a   1   27  2.27M   22   20  47%  81.9M    n/a  n/a
   0   45 |   7 1.0   19   9.7M  160  448  73%    10M |  99.9   n/a   1   27  2.44M   22   16  42%  81.9M    n/a  n/a
   0   46 |   7 1.0   19   9.8M  176  519  74%    10M |  99.9   n/a   1   27  1.18M   11   17  60%  81.9M    n/a  n/a
   0   47 |   7 1.0   19    10M  170  450  72%    10M |  99.9   n/a   1   27  1.88M   19   23  54%  81.9M    n/a  n/a
   0   48 |   7 1.0   19    10M  164  449  73%    10M |  99.9   n/a   1   27  1.98M   19   15  44%  81.9M    n/a  n/a
   0   49 |   7 1.0   19   9.8M  167  500  74%    10M |  99.9   n/a   1   27  2.52M   24   20  45%  81.9M    n/a  n/a
   0   4a |   7 1.0   19   9.9M  165  467  73%    10M |  99.9   n/a   1   27  1.81M   18   23  56%  81.9M    n/a  n/a
   0   4b |   7 1.0   19   9.9M  170  473  73%    10M |  99.9   n/a   1   27  1.14M   12   18  60%  81.9M    n/a  n/a
   1   4c |   7 1.0   19   4.4M  164  399  70%    10M |  99.9   n/a   1   27   589k   15   23  60%  81.9M    n/a  n/a
   1   4d |   7 1.0   19   4.3M  145  391  72%    10M |  99.9   n/a   1   27   627k   17   24  58%  81.9M    n/a  n/a
   1   4e |   7 1.0   19   4.2M  152  441  74%    10M |  99.9   n/a   1   27   652k   18   19  51%  81.9M    n/a  n/a
   1   4f |   7 1.0   19   4.2M  148  353  70%    10M |  99.9   n/a   1   27   716k   18   22  55%  81.9M    n/a  n/a
   1   50 |   7 1.0   19   4.2M  154  432  73%    10M |  99.9   n/a   1   27   683k   19   23  54%  81.9M    n/a  n/a
   1   51 |   7 1.0   19   4.3M  146  375  71%    10M |  99.9   n/a   1   27   610k   16   26  61%  81.9M    n/a  n/a
   1   52 |   7 1.0   19   4.3M  152  378  71%    10M |  99.9   n/a   1   27   698k   18   22  55%  81.9M    n/a  n/a
   1   53 |   7 1.0   19   4.3M  159  385  70%    10M |  99.9   n/a   1   27   579k   17   21  55%  81.9M    n/a  n/a
   2   54 |   7 1.0   19   9.0M  179  537  75%    10M |  99.9   n/a   1   27   865k    9   31  77%  81.9M    n/a  n/a
   2   55 |   7 1.0   19   8.4M  159  581  78%    10M |  99.9   n/a   1   27  1.02M   12   31  72%  81.9M    n/a  n/a
   2   56 |   7 1.0   19   8.7M  179  540  75%    10M |  99.9   n/a   1   27  1.06M   11   23  67%  81.9M    n/a  n/a
   2   57 |   7 1.0   19   8.5M  158  549  77%    10M |  99.9   n/a   1   27  1.17M   12   28  70%  81.9M    n/a  n/a
   2   58 |   7 1.0   19   8.7M  169  616  78%    10M |  99.9   n/a   1   27   949k   11   29  72%  81.9M    n/a  n/a
   2   59 |   7 1.0   19   8.5M  157  569  78%    10M |  99.9   n/a   1   27  1.13M   12   27  69%  81.9M    n/a  n/a
   2   5a |   7 1.0   19   8.9M  177  552  75%    10M |  99.9   n/a   1   27   678k    8   30  78%  81.9M    n/a  n/a
   2   5b |   7 1.0   19   8.3M  160  611  79%    10M |  99.9   n/a   1   27   877k    9   30  76%  81.9M    n/a  n/a
   3   5c |   7 1.0   19    12M  203  540  72%    10M |  99.9   n/a   1   27  1.82M   18   21  53%  81.9M    n/a  n/a
   3   5d |   7 1.0   19    12M  208  462  68%    10M |  99.9   n/a   1   27  1.74M   17   25  59%  81.9M    n/a  n/a
   3   5e |   7 1.0   19    12M  202  471  69%    10M |  99.9   n/a   1   27  1.52M   15   25  62%  81.9M    n/a  n/a
   3   5f |   7 1.0   19    12M  198  448  69%    10M |  99.9   n/a   1   27  1.67M   18   22  55%  81.9M    n/a  n/a
   3   60 |   7 1.0   19    12M  221  475  68%    10M |  99.9   n/a   1   27  2.04M   20   20  50%  81.9M    n/a  n/a
   3   61 |   7 1.0   19    12M  197  439  69%    10M |  99.9   n/a   1   27  1.89M   20   26  56%  81.9M    n/a  n/a
   3   62 |   7 1.0   19    12M  205  458  69%    10M |  99.9   n/a   1   27  1.33M   14   20  58%  81.9M    n/a  n/a
   3   63 |   7 1.0   19    12M  200  491  71%    10M |  99.9   n/a   1   27  1.94M   18   27  60%  81.9M    n/a  n/a
   4   64 |   7 1.0   19   9.8M  172  568  76%    10M |  99.9   n/a   1   27  1.11M   12   29  70%  81.9M    n/a  n/a
   4   65 |   7 1.0   19    11M  166  454  73%    10M |  99.9   n/a   1   27  1.92M   19   22  53%  81.9M    n/a  n/a
   4   66 |   7 1.0   19    11M  182  493  73%    10M |  99.9   n/a   1   27  1.94M   20   23  53%  81.9M    n/a  n/a
   4   67 |   7 1.0   19    10M  172  477  73%    10M |  99.9   n/a   1   27  2.09M   21   23  52%  81.9M    n/a  n/a
   4   68 |   7 1.0   19    11M  196  487  71%    10M |  99.9   n/a   1   27  1.85M   19   18  48%  81.9M    n/a  n/a
   4   69 |   7 1.0   19    10M  180  491  73%    10M |  99.9   n/a   1   27  1.07M   11   25  69%  81.9M    n/a  n/a
   4   6a |   7 1.0   19    10M  184  507  73%    10M |  99.9   n/a   1   27  1.82M   19   22  53%  81.9M    n/a  n/a
   4   6b |   7 1.0   19    11M  177  523  74%    10M |  99.9   n/a   1   27  1.37M   13   28  68%  81.9M    n/a  n/a
   0   44 |   7 1.0   19   9.0M  158  560  77%    10M |  99.9   n/a   1   27  1.54M   17   18  51%  81.9M    n/a  n/a
   0   45 |   7 1.0   19   8.8M  140  533  79%    10M |  99.9   n/a   1   27  1.36M   13   14  51%  81.9M    n/a  n/a
   0   46 |   7 1.0   19   9.0M  166  543  76%    10M |  99.9   n/a   1   27  1.16M   12   23  65%  81.9M    n/a  n/a
   0   47 |   7 1.0   19   8.9M  144  502  77%    10M |  99.9   n/a   1   27   828k    9   20  68%  81.9M    n/a  n/a
   0   48 |   7 1.0   19   9.0M  158  591  78%    10M |  99.9   n/a   1   27  1.18M   13   20  60%  81.9M    n/a  n/a
   0   49 |   7 1.0   19   8.9M  151  536  78%    10M |  99.9   n/a   1   27  1.24M   14   18  56%  81.9M    n/a  n/a
   0   4a |   7 1.0   19   8.6M  157  570  78%    10M |  99.9   n/a   1   27  1.90M   19   17  47%  81.9M    n/a  n/a
   0   4b |   7 1.0   19   9.1M  153  476  75%    10M |  99.9   n/a   1   27  1.21M   12   21  63%  81.9M    n/a  n/a
   1   4c |   7 1.0   19   3.8M  151  421  73%    10M |  99.9   ovl   1   27   514k   14   15  51%  81.9M   941n  n/a
   1   4d |   7 1.0   19   3.8M  134  365  73%    10M |  99.9   ovl   1   27   288k    8   21  72%  81.9M   573n  n/a
   1   4e |   7 1.0   19   3.7M  130  412  76%    10M |  99.9   ovl   1   27   443k   13   20  60%  81.9M  -420n  n/a
   1   4f |   7 1.0   19   3.7M  134  385  74%    10M |  99.9   n/a   1   27   453k   12   21  63%  81.9M    n/a  n/a
   1   50 |   7 1.0   19   3.8M  148  422  74%    10M |  99.9   ovl   1   27   763k   21   15  41%  81.9M  -695n  n/a
   1   51 |   7 1.0   19   3.7M  134  397  74%    10M |  99.9   ovl   1   27   524k   15   20  57%  81.9M   -33n  n/a
   1   52 |   7 1.0   19   3.6M  142  443  75%    10M |  99.9   ovl   1   27   690k   18   20  52%  81.9M  -229n  n/a
   1   53 |   7 1.0   19   3.7M  132  380  74%    10M |  99.9   n/a   1   27   438k   12   24  66%  81.9M    n/a  n/a
   2   54 |   7 1.0   19   8.9M  173  545  75%    10M |  99.9   n/a   1   27   815k    9   23  71%  81.9M    n/a  n/a
   2   55 |   7 1.0   19   8.7M  173  520  75%    10M |  99.9   n/a   1   27   975k   12   25  67%  81.9M    n/a  n/a
   2   56 |   7 1.0   19   8.5M  174  636  78%    10M |  99.9   n/a   1   27   660k    8   23  74%  81.9M    n/a  n/a
   2   57 |   7 1.0   19   8.8M  172  550  76%    10M |  99.9   n/a   1   27   551k    7   21  75%  81.9M    n/a  n/a
   2   58 |   7 1.0   19   8.9M  175  575  76%    10M |  99.9   n/a   1   27   936k   11   20  64%  81.9M    n/a  n/a
   2   59 |   7 1.0   19   8.6M  169  559  76%    10M |  99.9   n/a   1   27  1.04M   12   20  62%  81.9M    n/a  n/a
   2   5a |   7 1.0   19   9.0M  194  606  75%    10M |  99.9   n/a   1   27  1.07M   12   24  66%  81.9M    n/a  n/a
   2   5b |   7 1.0   19   9.1M  172  513  74%    10M |  99.9   n/a   1   27  1.15M   13   25  65%  81.9M    n/a  n/a
   3   5c |   7 1.0   19    11M  188  463  71%    10M |  99.9   ovl   1   27  1.22M   12   24  66%  81.9M   812n  n/a
   3   5d |   7 1.0   19    11M  183  487  72%    10M |  99.9   ovl   1   27   977k   10   19  65%  81.9M    50n  n/a
   3   5e |   7 1.0   19    10M  187  542  74%    10M |  99.9   ovl   1   27  1.32M   13   22  62%  81.9M   440n  n/a
   3   5f |   7 1.0   19    11M  174  506  74%    10M |  99.9   ovl   1   27  1.33M   13   22  62%  81.9M  -927n  n/a
   3   60 |   7 1.0   19    11M  192  529  73%    10M |  99.9   ovl   1   27  1.39M   13   20  60%  81.9M   312n  n/a
   3   61 |   7 1.0   19    11M  180  550  75%    10M |  99.9   ovl   1   27  1.41M   13   20  60%  81.9M    -1u  n/a
   3   62 |   7 1.0   19    11M  173  537  75%    10M |  99.9   ovl   1   27   959k   11   26  70%  81.9M  -620n  n/a
   3   63 |   7 1.0   19    11M  178  483  73%    10M |  99.9   ovl   1   27  1.26M   12   21  63%  81.9M  -763n  n/a

          |--------------------DL---------------------|-------------------------------UL-----------------------------
 pci rnti | cqi  ri  mcs  brate   ok  nok  (%)  dl_bs | pusch  rsrp  ri  mcs  brate   ok  nok  (%)    bsr     ta  phr
   4   64 |   7 1.0   19   9.8M  170  510  75%    10M |  99.9   n/a   1   27  1.20M   13   20  60%  81.9M    n/a  n/a
   4   65 |   7 1.0   19    10M  171  468  73%    10M |  99.9   n/a   1   27  1.22M   12   26  68%  81.9M    n/a  n/a
   4   66 |   7 1.0   19   9.6M  178  569  76%    10M |  99.9   n/a   1   27  1.33M   14   23  62%  81.9M    n/a  n/a
   4   67 |   7 1.0   19   9.9M  169  527  75%    10M |  99.9   n/a   1   27  1.46M   13   26  66%  81.9M    n/a  n/a
   4   68 |   7 1.0   19   9.9M  175  619  77%    10M |  99.9   n/a   1   27  1.28M   12   25  67%  81.9M    n/a  n/a
   4   69 |   7 1.0   19    10M  173  583  77%    10M |  99.9   n/a   1   27  1.02M   10   25  71%  81.9M    n/a  n/a
   4   6a |   7 1.0   19   9.8M  181  593  76%    10M |  99.9   n/a   1   27  1.19M   13   25  65%  81.9M    n/a  n/a
   4   6b |   7 1.0   19   9.8M  174  489  73%    10M |  99.9   n/a   1   27  1.59M   15   24  61%  81.9M    n/a  n/a
   0   44 |   7 1.0   19    10M  181  548  75%    10M |  99.9   n/a   1   27  1.50M   15   19  55%  81.9M    n/a  n/a
   0   45 |   7 1.0   19    11M  180  473  72%    10M |  99.9   n/a   1   27  1.50M   14   21  60%  81.9M    n/a  n/a
   0   46 |   7 1.0   19    11M  181  524  74%    10M |  99.9   n/a   1   27  1.32M   12   20  62%  81.9M    n/a  n/a
   0   47 |   7 1.0   19    10M  182  450  71%    10M |  99.9   n/a   1   27  1.53M   14   19  57%  81.9M    n/a  n/a
   0   48 |   7 1.0   19    10M  181  526  74%    10M |  99.9   n/a   1   27  1.96M   17   15  46%  81.9M    n/a  n/a
   0   49 |   7 1.0   19    10M  178  505  73%    10M |  99.9   n/a   1   27  1.45M   15   17  53%  81.9M    n/a  n/a
   0   4a |   7 1.0   19   9.9M  175  550  75%    10M |  99.9   n/a   1   27  1.70M   17   16  48%  81.9M    n/a  n/a
   0   4b |   7 1.0   19    10M  171  483  73%    10M |  99.9   n/a   1   27  1.80M   18   18  50%  81.9M    n/a  n/a
   1   4c |   7 1.0   19   3.2M  125  580  82%    10M |  99.9   n/a   1   27   846k   23   21  47%  81.9M    n/a  n/a
   1   4d |   7 1.0   19   3.2M  118  454  79%    10M |  99.9   n/a   1   27   541k   15   19  55%  81.9M    n/a  n/a
   1   4e |   7 1.0   19   3.6M  132  496  78%    10M |  99.9   n/a   1   27   663k   17   22  56%  81.9M    n/a  n/a
   1   4f |   7 1.0   19   3.1M  114  442  79%    10M |  99.9   n/a   1   27   697k   18   20  52%  81.9M    n/a  n/a
   1   50 |   7 1.0   19   3.4M  125  499  79%    10M |  99.9   n/a   1   27   524k   14   19  57%  81.9M    n/a  n/a
   1   51 |   7 1.0   19   3.2M  117  426  78%    10M |  99.9   n/a   1   27   566k   15   23  60%  81.9M    n/a  n/a
   1   52 |   7 1.0   19   3.3M  128  571  81%    10M |  99.9   n/a   1   27   294k    9   19  67%  81.9M    n/a  n/a
   1   53 |   7 1.0   19   3.3M  113  451  79%    10M |  99.9   n/a   1   27   588k   16   20  55%  81.9M    n/a  n/a
   2   54 |   7 1.0   19   8.8M  178  589  76%    10M |  99.9   ovl   1   27  1.24M   15   20  57%  81.9M  -300n  n/a
   2   55 |   7 1.0   19   9.3M  175  574  76%    10M |  99.9   ovl   1   27  1.38M   15   20  57%  81.9M    46n  n/a
   2   56 |   7 1.0   19   9.6M  186  567  75%    10M |  99.9   ovl   1   27  1.79M   20   22  52%  81.9M   -82n  n/a
   2   57 |   7 1.0   19   9.5M  181  471  72%    10M |  99.9   ovl   1   27  1.14M   13   23  63%  81.9M  -291n  n/a
   2   58 |   7 1.0   19    10M  187  493  72%    10M |  99.9   ovl   1   27  1.36M   16   22  57%  81.9M   103n  n/a
   2   59 |   7 1.0   19   9.3M  175  495  73%    10M |  99.9   ovl   1   27  1.53M   18   20  52%  81.9M   316n  n/a
   2   5a |   7 1.0   19   9.7M  189  481  71%    10M |  99.9   ovl   1   27  1.57M   17   22  56%  81.9M  -438n  n/a
   2   5b |   7 1.0   19   9.3M  176  515  74%    10M |  99.9   ovl   1   27  1.44M   17   22  56%  81.9M  -402n  n/a
   3   5c |   7 1.0   19   9.4M  175  566  76%    10M |  99.9   n/a   1   27  1.40M   14   21  60%  81.9M    n/a  n/a
   3   5d |   7 1.0   19   8.8M  156  513  76%    10M |  99.9   n/a   1   27  1.55M   16   23  58%  81.9M    n/a  n/a
   3   5e |   7 1.0   19   8.8M  152  607  79%    10M |  99.9   n/a   1   27  1.19M   12   20  62%  81.9M    n/a  n/a
   3   5f |   7 1.0   19   9.1M  153  542  77%    10M |  99.9   n/a   1   27  1.50M   14   24  63%  81.9M    n/a  n/a
   3   60 |   7 1.0   19   9.5M  171  580  77%    10M |  99.9   n/a   1   27  1.58M   16   24  60%  81.9M    n/a  n/a
   3   61 |   7 1.0   19   8.8M  143  534  78%    10M |  99.9   n/a   1   27  1.84M   18   26  59%  81.9M    n/a  n/a
   3   62 |   7 1.0   19   9.2M  157  529  77%    10M |  99.9   n/a   1   27  1.29M   13   25  65%  81.9M    n/a  n/a
   3   63 |   7 1.0   19   9.2M  143  524  78%    10M |  99.9   n/a   1   27  1.12M   12   26  68%  81.9M    n/a  n/a
   4   64 |   7 1.0   19    12M  200  530  72%    10M |  99.9   n/a   1   27  1.93M   20   14  41%  81.9M    n/a  n/a
   4   65 |   7 1.0   19    12M  193  464  70%    10M |  99.9   ovl   1   27  1.71M   19   18  48%  81.9M   238n  n/a
   4   66 |   7 1.0   19    11M  196  522  72%    10M |  99.9   n/a   1   27  2.00M   21   14  40%  81.9M    n/a  n/a
   4   67 |   7 1.0   19    11M  188  535  73%    10M |  99.9   ovl   1   27  2.14M   21   15  41%  81.9M   645n  n/a
   4   68 |   7 1.0   19    11M  200  556  73%    10M |  99.9   ovl   1   27  2.11M   21   13  38%  81.9M  -849n  n/a
   4   69 |   7 1.0   19    11M  185  512  73%    10M |  99.9   ovl   1   27  1.65M   15   19  55%  81.9M  -830n  n/a
   4   6a |   7 1.0   19    11M  194  527  73%    10M |  99.9   ovl   1   27  1.87M   19   16  45%  81.9M  -570n  n/a
   4   6b |   7 1.0   19    11M  185  441  70%    10M |  99.9   ovl   1   27  2.46M   25   14  35%  81.9M   765n  n/a
   0   44 |   7 1.0   19    10M  178  531  74%    10M |  99.9   ovl   1   27  1.22M   12   23  65%  81.9M  -197n  n/a
   0   45 |   7 1.0   19   9.9M  168  461  73%    10M |  99.9   ovl   1   27  2.02M   20   26  56%  81.9M  -422n  n/a
   0   46 |   7 1.0   19    10M  184  576  75%    10M |  99.9   n/a   1   27  2.06M   21   20  48%  81.9M    n/a  n/a
   0   47 |   7 1.0   19  10.0M  164  530  76%    10M |  99.9   ovl   1   27  1.22M   11   26  70%  81.9M    36n  n/a
   0   48 |   7 1.0   19    11M  182  594  76%    10M |  99.9   n/a   1   27  2.04M   19   17  47%  81.9M    n/a  n/a
   0   49 |   7 1.0   19   9.9M  166  488  74%    10M |  99.9   n/a   1   27  1.99M   21   20  48%  81.9M    n/a  n/a
   0   4a |   7 1.0   19    11M  187  554  74%    10M |  99.9   ovl   1   27  1.43M   15   25  62%  81.9M  -606n  n/a
   0   4b |   7 1.0   19   9.6M  161  564  77%    10M |  99.9   ovl   1   27  1.40M   14   19  57%  81.9M    36n  n/a
   1   4c |   7 1.0   19   3.9M  153  423  73%    10M |  99.9   ovl   1   27   772k   20   17  45%  81.9M   915n  n/a
   1   4d |   7 1.0   19   3.8M  129  387  75%    10M |  99.9   n/a   1   27   612k   16   15  48%  81.9M    n/a  n/a
   1   4e |   7 1.0   19   3.7M  146  448  75%    10M |  99.9   n/a   1   27   446k   12   17  58%  81.9M    n/a  n/a
   1   4f |   7 1.0   19   3.6M  133  430  76%    10M |  99.9   n/a   1   27   848k   23   15  39%  81.9M    n/a  n/a
   1   50 |   7 1.0   19   3.8M  137  419  75%    10M |  99.9   n/a   1   27   709k   18   19  51%  81.9M    n/a  n/a
   1   51 |   7 1.0   19   3.7M  129  406  75%    10M |  99.9   ovl   1   27   349k    9   16  64%  81.9M   977n  n/a
   1   52 |   7 1.0   19   3.9M  144  437  75%    10M |  99.9   ovl   1   27   447k   12   19  61%  81.9M  -695n  n/a
   1   53 |   7 1.0   19   3.8M  134  450  77%    10M |  99.9   ovl   1   27   803k   21   13  38%  81.9M    -1u  n/a
   2   54 |   7 1.0   19   9.4M  185  524  73%    10M |  99.9   n/a   1   27  1.20M   13   22  62%  81.9M    n/a  n/a
   2   55 |   7 1.0   19   9.2M  174  535  75%    10M |  99.9   n/a   1   27  1.20M   12   27  69%  81.9M    n/a  n/a
   2   56 |   7 1.0   19   9.3M  189  597  75%    10M |  99.9   n/a   1   27  1.55M   16   23  58%  81.9M    n/a  n/a
   2   57 |   7 1.0   19   9.2M  172  542  75%    10M |  99.9   ovl   1   27  1.45M   16   25  60%  81.9M   569n  n/a
   2   58 |   7 1.0   19   9.7M  198  541  73%    10M |  99.9   n/a   1   27  1.53M   17   23  57%  81.9M    n/a  n/a
   2   59 |   7 1.0   19   9.3M  178  605  77%    10M |  99.9   ovl   1   27  1.64M   17   25  59%  81.9M   814n  n/a
   2   5a |   7 1.0   19   9.2M  178  586  76%    10M |  99.9   n/a   1   27  1.44M   16   25  60%  81.9M    n/a  n/a
   2   5b |   7 1.0   19   9.3M  176  558  76%    10M |  99.9   n/a   1   27  1.16M   14   26  65%  81.9M    n/a  n/a
   3   5c |   7 1.0   19    12M  205  538  72%    10M |  99.9   n/a   1   27  1.85M   20   23  53%  81.9M    n/a  n/a
   3   5d |   7 1.0   19    11M  196  476  70%    10M |  99.9   n/a   1   27  1.86M   20   22  52%  81.9M    n/a  n/a
   3   5e |   7 1.0   19    12M  207  523  71%    10M |  99.9   n/a   1   27  2.32M   21   22  51%  81.9M    n/a  n/a
   3   5f |   7 1.0   19    12M  194  496  71%    10M |  99.9   n/a   1   27  1.50M   15   21  58%  81.9M    n/a  n/a
   3   60 |   7 1.0   19    12M  212  448  67%    10M |  99.9   n/a   1   27  1.91M   19   18  48%  81.9M    n/a  n/a
   3   61 |   7 1.0   19    12M  192  523  73%    10M |  99.9   n/a   1   27  1.40M   16   23  58%  81.9M    n/a  n/a
   3   62 |   7 1.0   19    12M  211  479  69%    10M |  99.9   n/a   1   27  1.89M   20   24  54%  81.9M    n/a  n/a
   3   63 |   7 1.0   19    12M  202  451  69%    10M |  99.9   n/a   1   27  1.95M   20   22  52%  81.9M    n/a  n/a
   4   64 |   7 1.0   19    11M  186  560  75%    10M |  99.9   n/a   1   27  1.37M   13   23  63%  81.9M    n/a  n/a
   4   65 |   7 1.0   19    11M  171  522  75%    10M |  99.9   n/a   1   27  1.47M   15   22  59%  81.9M    n/a  n/a
   4   66 |   7 1.0   19    11M  189  523  73%    10M |  99.9   ovl   1   27  1.67M   17   25  59%  81.9M  -559n  n/a
   4   67 |   7 1.0   19    10M  175  502  74%    10M |  99.9   n/a   1   27  1.47M   15   21  58%  81.9M    n/a  n/a
   4   68 |   7 1.0   19    10M  181  543  75%    10M |  99.9   n/a   1   27  1.20M   13   24  64%  81.9M    n/a  n/a
   4   69 |   7 1.0   19    10M  168  459  73%    10M |  99.9   n/a   1   27  1.17M   11   19  63%  81.9M    n/a  n/a
   4   6a |   7 1.0   19    10M  187  582  75%    10M |  99.9   n/a   1   27  1.13M   11   25  69%  81.9M    n/a  n/a
   4   6b |   7 1.0   19    10M  172  491  74%    10M |  99.9   n/a   1   27  1.07M   11   21  65%  81.9M    n/a  n/a

          |--------------------DL---------------------|-------------------------------UL-----------------------------
 pci rnti | cqi  ri  mcs  brate   ok  nok  (%)  dl_bs | pusch  rsrp  ri  mcs  brate   ok  nok  (%)    bsr     ta  phr
   0   44 |   7 1.0   19   9.5M  171  524  75%    10M |  99.9   n/a   1   27  2.06M   19   15  44%  81.9M    n/a  n/a
   0   45 |   7 1.0   19   9.5M  156  432  73%    10M |  99.9   n/a   1   27  1.41M   14   15  51%  81.9M    n/a  n/a
   0   46 |   7 1.0   19   9.1M  167  538  76%    10M |  99.9   n/a   1   27  1.21M   12   15  55%  81.9M    n/a  n/a
   0   47 |   7 1.0   19   9.6M  157  510  76%    10M |  99.9   n/a   1   27  1.39M   14   15  51%  81.9M    n/a  n/a
   0   48 |   7 1.0   19   9.5M  171  525  75%    10M |  99.9   n/a   1   27  1.59M   17   16  48%  81.9M    n/a  n/a
   0   49 |   7 1.0   19   9.7M  154  503  76%    10M |  99.9   n/a   1   27  1.62M   15   13  46%  81.9M    n/a  n/a
   0   4a |   7 1.0   19    10M  188  466  71%    10M |  99.9   n/a   1   27  1.51M   15   18  54%  81.9M    n/a  n/a
   0   4b |   7 1.0   19   9.7M  170  498  74%    10M |  99.9   n/a   1   27  2.13M   21   20  48%  81.9M    n/a  n/a
   1   4c |   7 1.0   19   3.5M  127  536  80%    10M |  99.9   n/a   1   27   452k   11   22  66%  81.9M    n/a  n/a
   1   4d |   7 1.0   19   3.4M  127  460  78%    10M |  99.9   n/a   1   27   459k   12   23  65%  81.9M    n/a  n/a
   1   4e |   7 1.0   19   3.7M  131  411  75%    10M |  99.9   n/a   1   27   334k    9   20  68%  81.9M    n/a  n/a
   1   4f |   7 1.0   19   3.4M  126  441  77%    10M |  99.9   n/a   1   27   356k    9   21  70%  81.9M    n/a  n/a
   1   50 |   7 1.0   19   3.5M  128  457  78%    10M |  99.9   n/a   1   27   556k   14   22  61%  81.9M    n/a  n/a
   1   51 |   7 1.0   19   3.5M  121  442  78%    10M |  99.9   n/a   1   27   425k   11   21  65%  81.9M    n/a  n/a
   1   52 |   7 1.0   19   3.4M  129  458  78%    10M |  99.9   n/a   1   27   183k    6   23  79%  81.9M    n/a  n/a
   1   53 |   7 1.0   19   3.4M  121  449  78%    10M |  99.9   n/a   1   27   323k    8   22  73%  81.9M    n/a  n/a
   2   54 |   7 1.0   19   8.3M  172  640  78%    10M |  99.9   n/a   1   27   670k    8   25  75%  81.9M    n/a  n/a
   2   55 |   7 1.0   19   8.2M  154  585  79%    10M |  99.9   n/a   1   27   680k    8   25  75%  81.9M    n/a  n/a
   2   56 |   7 1.0   19   8.3M  164  619  79%    10M |  99.9   n/a   1   27   658k    7   25  78%  81.9M    n/a  n/a
   2   57 |   7 1.0   19   8.2M  160  518  76%    10M |  99.9   n/a   1   27   930k   11   24  68%  81.9M    n/a  n/a
   2   58 |   7 1.0   19   8.3M  166  565  77%    10M |  99.9   n/a   1   27   719k    8   25  75%  81.9M    n/a  n/a
   2   59 |   7 1.0   19   8.5M  161  619  79%    10M |  99.9   n/a   1   27  1.00M   11   23  67%  81.9M    n/a  n/a
   2   5a |   7 1.0   19   8.5M  171  633  78%    10M |  99.9   n/a   1   27   752k    9   24  72%  81.9M    n/a  n/a
   2   5b |   7 1.0   19   8.2M  157  585  78%    10M |  99.9   n/a   1   27   865k   10   24  70%  81.9M    n/a  n/a
   3   5c |   7 1.0   19    11M  178  506  73%    10M |  99.9   ovl   1   27  1.40M   14   23  62%  81.9M   313n  n/a
   3   5d |   7 1.0   19    11M  169  479  73%    10M |  99.9   ovl   1   27  1.41M   15   24  61%  81.9M  -796n  n/a
   3   5e |   7 1.0   19    10M  179  564  75%    10M |  99.9   ovl   1   27  1.15M   13   21  61%  81.9M    -1u  n/a
   3   5f |   7 1.0   19    11M  175  490  73%    10M |  99.9   ovl   1   27  1.65M   18   24  57%  81.9M   441n  n/a
   3   60 |   7 1.0   19    11M  181  548  75%    10M |  99.9   ovl   1   27  1.28M   13   23  63%  81.9M  -620n  n/a
   3   61 |   7 1.0   19    10M  175  490  73%    10M |  99.9   n/a   1   27  1.21M   12   20  62%  81.9M    n/a  n/a
   3   62 |   7 1.0   19    11M  195  501  71%    10M |  99.9   ovl   1   27  1.44M   15   23  60%  81.9M  -763n  n/a
   3   63 |   7 1.0   19    11M  178  493  73%    10M |  99.9   ovl   1   27  1.75M   19   21  52%  81.9M   854n  n/a
   4   64 |   7 1.0   19   9.6M  166  539  76%    10M |  99.9   n/a   1   27  1.41M   13   21  61%  81.9M    n/a  n/a
   4   65 |   7 1.0   19    10M  167  502  75%    10M |  99.9   n/a   1   27  1.27M   12   25  67%  81.9M    n/a  n/a
   4   66 |   7 1.0   19    10M  176  626  78%    10M |  99.9   n/a   1   27  1.13M   11   21  65%  81.9M    n/a  n/a
   4   67 |   7 1.0   19    10M  168  509  75%    10M |  99.9   n/a   1   27  1.66M   16   25  60%  81.9M    n/a  n/a
   4   68 |   7 1.0   19    10M  182  519  74%    10M |  99.9   n/a   1   27   990k   11   26  70%  81.9M    n/a  n/a
   4   69 |   7 1.0   19    10M  171  474  73%    10M |  99.9   n/a   1   27  1.42M   12   20  62%  81.9M    n/a  n/a
   4   6a |   7 1.0   19   9.8M  169  573  77%    10M |  99.9   n/a   1   27  1.44M   16   21  56%  81.9M    n/a  n/a
   4   6b |   7 1.0   19    10M  168  510  75%    10M |  99.9   n/a   1   27  1.28M   13   27  67%  81.9M    n/a  n/a
   0   44 |   7 1.0   19    11M  200  568  73%    10M |  99.9   ovl   1   27  2.56M   25   20  44%  81.9M    36n  n/a
   0   45 |   7 1.0   19    11M  180  449  71%    10M |  99.9   ovl   1   27  2.23M   22   20  47%  81.9M   213n  n/a
   0   46 |   7 1.0   19    11M  187  526  73%    10M |  99.9   ovl   1   27  1.77M   18   23  56%  81.9M  -488n  n/a
   0   47 |   7 1.0   19    11M  176  468  72%    10M |  99.9   ovl   1   27  1.27M   12   22  64%  81.9M   264n  n/a
   0   48 |   7 1.0   19    11M  200  491  71%    10M |  99.9   n/a   1   27  1.68M   17   23  57%  81.9M    n/a  n/a
   0   49 |   7 1.0   19    10M  175  506  74%    10M |  99.9   ovl   1   27  2.16M   22   21  48%  81.9M  -606n  n/a
   0   4a |   7 1.0   19    11M  199  471  70%    10M |  99.9   ovl   1   27  2.26M   24   23  48%  81.9M  -176n  n/a
   0   4b |   7 1.0   19    11M  176  477  73%    10M |  99.9   ovl   1   27  2.61M   26   20  43%  81.9M  -587n  n/a
   1   4c |   7 1.0   19   3.8M  141  395  73%    10M |  99.9   n/a   1   27   504k   14   23  62%  81.9M    n/a  n/a
   1   4d |   7 1.0   19   3.7M  132  421  76%    10M |  99.9   n/a   1   27   480k   12   23  65%  81.9M    n/a  n/a
   1   4e |   7 1.0   19   3.6M  131  495  79%    10M |  99.9   n/a   1   27   455k   12   25  67%  81.9M    n/a  n/a
   1   4f |   7 1.0   19   3.7M  123  386  75%    10M |  99.9   n/a   1   27   439k   12   25  67%  81.9M    n/a  n/a
   1   50 |   7 1.0   19   3.7M  144  481  76%    10M |  99.9   n/a   1   27   443k   12   22  64%  81.9M    n/a  n/a
   1   51 |   7 1.0   19   3.7M  133  407  75%    10M |  99.9   n/a   1   27   562k   15   24  61%  81.9M    n/a  n/a
   1   52 |   7 1.0   19   3.6M  128  438  77%    10M |  99.9   n/a   1   27   507k   12   25  67%  81.9M    n/a  n/a
   1   53 |   7 1.0   19   3.6M  120  417  77%    10M |  99.9   n/a   1   27   543k   15   24  61%  81.9M    n/a  n/a
   2   54 |   7 1.0   19   9.2M  184  599  76%    10M |  99.9   n/a   1   27  1.07M   12   24  66%  81.9M    n/a  n/a
   2   55 |   7 1.0   19   9.4M  183  543  74%    10M |  99.9   n/a   1   27  1.25M   13   23  63%  81.9M    n/a  n/a
   2   56 |   7 1.0   19   9.0M  177  569  76%    10M |  99.9   n/a   1   27  1.17M   12   21  63%  81.9M    n/a  n/a
   2   57 |   7 1.0   19   9.4M  177  516  74%    10M |  99.9   n/a   1   27  1.31M   14   24  63%  81.9M    n/a  n/a
   2   58 |   7 1.0   19   9.7M  193  514  72%    10M |  99.9   n/a   1   27  1.09M   13   25  65%  81.9M    n/a  n/a
   2   59 |   7 1.0   19   9.4M  176  536  75%    10M |  99.9   n/a   1   27  1.18M   14   23  62%  81.9M    n/a  n/a
   2   5a |   7 1.0   19   9.0M  181  558  75%    10M |  99.9   n/a   1   27  1.16M   14   25  64%  81.9M    n/a  n/a
   2   5b |   7 1.0   19   9.2M  169  576  77%    10M |  99.9   n/a   1   27  1.15M   14   25  64%  81.9M    n/a  n/a
   3   5c |   7 1.0   19    11M  192  478  71%    10M |  99.9   ovl   1   27  1.66M   16   19  54%  81.9M  -892n  n/a
   3   5d |   7 1.0   19    11M  179  527  74%    10M |  99.9   ovl   1   27  1.53M   16   21  56%  81.9M  -620n  n/a
   3   5e |   7 1.0   19    11M  211  480  69%    10M |  99.9   ovl   1   27  2.16M   22   18  45%  81.9M    -1u  n/a
   3   5f |   7 1.0   19    11M  178  486  73%    10M |  99.9   n/a   1   27  1.74M   18   21  53%  81.9M    n/a  n/a
   3   60 |   7 1.0   19    11M  191  522  73%    10M |  99.9   n/a   1   27  1.58M   17   24  58%  81.9M    n/a  n/a
   3   61 |   7 1.0   19    11M  176  515  74%    10M |  99.9   ovl   1   27  1.78M   18   19  51%  81.9M  -892n  n/a
   3   62 |   7 1.0   19    11M  184  490  72%    10M |  99.9   ovl   1   27  1.54M   16   23  58%  81.9M    66n  n/a
   3   63 |   7 1.0   19    11M  175  530  75%    10M |  99.9   ovl   1   27  1.10M   11   25  69%  81.9M   896n  n/a
   4   64 |   7 1.0   19    11M  197  540  73%    10M |  99.9   n/a   1   27  1.49M   15   28  65%  81.9M    n/a  n/a
   4   65 |   7 1.0   19    12M  187  482  72%    10M |  99.9   n/a   1   27  2.03M   21   25  54%  81.9M    n/a  n/a
   4   66 |   7 1.0   19    11M  200  545  73%    10M |  99.9   n/a   1   27  2.35M   23   25  52%  81.9M    n/a  n/a
   4   67 |   7 1.0   19    11M  187  509  73%    10M |  99.9   n/a   1   27  1.82M   19   25  56%  81.9M    n/a  n/a
   4   68 |   7 1.0   19    11M  193  579  75%    10M |  99.9   n/a   1   27  2.11M   21   26  55%  81.9M    n/a  n/a
   4   69 |   7 1.0   19    12M  186  459  71%    10M |  99.9   n/a   1   27  1.94M   18   29  61%  81.9M    n/a  n/a
   4   6a |   7 1.0   19    12M  208  503  70%    10M |  99.9   n/a   1   27  2.09M   21   24  53%  81.9M    n/a  n/a
   4   6b |   7 1.0   19    11M  185  475  71%    10M |  99.9   n/a   1   27  1.53M   15   23  60%  81.9M    n/a  n/a
   0   44 |   7 1.0   19   9.0M  155  549  77%    10M |  99.9   n/a   1   27  1.14M   12   15  55%  81.9M    n/a  n/a
   0   45 |   7 1.0   19   8.8M  139  530  79%    10M |  99.9   ovl   1   27   936k   11   14  56%  81.9M  -606n  n/a
   0   46 |   7 1.0   19   9.4M  169  563  76%    10M |  99.9   ovl   1   27  1.59M   17   15  46%  81.9M   213n  n/a
   0   47 |   7 1.0   19   8.9M  142  535  79%    10M |  99.9   ovl   1   27  1.20M   12   23  65%  81.9M    -1u  n/a
   0   48 |   7 1.0   19   9.0M  156  563  78%    10M |  99.9   n/a   1   27  1.97M   21   16  43%  81.9M    n/a  n/a
   0   49 |   7 1.0   19   8.8M  147  573  79%    10M |  99.9   n/a   1   27  1.97M   22   12  35%  81.9M    n/a  n/a
   0   4a |   7 1.0   19   9.6M  167  528  75%    10M |  99.9   n/a   1   27  1.01M   10   17  62%  81.9M    n/a  n/a
   0   4b |   7 1.0   19   9.0M  152  542  78%    10M |  99.9   n/a   1   27  1.83M   18   17  48%  81.9M    n/a  n/a

          |--------------------DL---------------------|-------------------------------UL-----------------------------
 pci rnti | cqi  ri  mcs  brate   ok  nok  (%)  dl_bs | pusch  rsrp  ri  mcs  brate   ok  nok  (%)    bsr     ta  phr
   1   4c |   7 1.0   19   3.1M  121  565  82%    10M |  99.9   n/a   1   27   333k   10   22  68%  81.9M    n/a  n/a
   1   4d |   7 1.0   19   3.1M  104  499  82%    10M |  99.9   n/a   1   27   360k   10   18  64%  81.9M    n/a  n/a
   1   4e |   7 1.0   19   3.1M  113  498  81%    10M |  99.9   n/a   1   27   360k    9   20  68%  81.9M    n/a  n/a
   1   4f |   7 1.0   19   3.0M  107  494  82%    10M |  99.9   n/a   1   27   369k   10   23  69%  81.9M    n/a  n/a
   1   50 |   7 1.0   19   3.1M  113  557  83%    10M |  99.9   n/a   1   27   290k    8   21  72%  81.9M    n/a  n/a
   1   51 |   7 1.0   19   3.1M  111  476  81%    10M |  99.9   n/a   1   27   389k   10   21  67%  81.9M    n/a  n/a
   1   52 |   7 1.0   19   3.1M  118  516  81%    10M |  99.9   n/a   1   27   288k    9   22  70%  81.9M    n/a  n/a
   1   53 |   7 1.0   19   3.1M  108  441  80%    10M |  99.9   n/a   1   27   433k   11   22  66%  81.9M    n/a  n/a
   2   54 |   7 1.0   19   7.8M  166  606  78%    10M |  99.9   n/a   1   27   514k    6   23  79%  81.9M    n/a  n/a
   2   55 |   7 1.0   19   8.0M  148  556  78%    10M |  99.9   n/a   1   27   553k    6   24  80%  81.9M    n/a  n/a
   2   56 |   7 1.0   19   8.4M  174  545  75%    10M |  99.9   n/a   1   27   572k    6   24  80%  81.9M    n/a  n/a
   2   57 |   7 1.0   19   8.1M  144  564  79%    10M |  99.9   n/a   1   27   688k    8   23  74%  81.9M    n/a  n/a
   2   58 |   7 1.0   19   8.2M  157  578  78%    10M |  99.9   n/a   1   27   906k   11   24  68%  81.9M    n/a  n/a
   2   59 |   7 1.0   19   7.7M  146  543  78%    10M |  99.9   n/a   1   27   697k    8   23  74%  81.9M    n/a  n/a
   2   5a |   7 1.0   19   7.4M  150  657  81%    10M |  99.9   n/a   1   27   719k    8   26  76%  81.9M    n/a  n/a
   2   5b |   7 1.0   19   7.9M  141  605  81%    10M |  99.9   n/a   1   27  1.02M   11   24  68%  81.9M    n/a  n/a
   3   5c |   7 1.0   19    10M  171  549  76%    10M |  99.9   ovl   1   27  1.54M   17   22  56%  81.9M   440n  n/a
   3   5d |   7 1.0   19   9.8M  165  533  76%    10M |  99.9   ovl   1   27  1.55M   16   22  57%  81.9M  -381n  n/a
   3   5e |   7 1.0   19  10.0M  179  521  74%    10M |  99.9   ovl   1   27  1.89M   20   21  51%  81.9M   644n  n/a
   3   5f |   7 1.0   19   9.8M  161  479  74%    10M |  99.9   ovl   1   27  1.93M   19   19  50%  81.9M  -893n  n/a
   3   60 |   7 1.0   19    10M  172  560  76%    10M |  99.9   n/a   1   27  1.73M   17   20  54%  81.9M    n/a  n/a
   3   61 |   7 1.0   19  10.0M  171  530  75%    10M |  99.9   ovl   1   27  1.64M   17   21  55%  81.9M   138n  n/a
   3   62 |   7 1.0   19  10.0M  172  577  77%    10M |  99.9   ovl   1   27  1.42M   15   20  57%  81.9M    -1u  n/a
   3   63 |   7 1.0   19   9.9M  164  529  76%    10M |  99.9   ovl   1   27  1.41M   15   25  62%  81.9M    96n  n/a
   4   64 |   7 1.0   19   9.4M  168  585  77%    10M |  99.9   n/a   1   27   764k    8   18  69%  81.9M    n/a  n/a
   4   65 |   7 1.0   19   9.4M  157  572  78%    10M |  99.9   n/a   1   27   957k   11   20  64%  81.9M    n/a  n/a
   4   66 |   7 1.0   19   9.7M  166  542  76%    10M |  99.9   n/a   1   27  1.21M   12   18  60%  81.9M    n/a  n/a
   4   67 |   7 1.0   19   9.5M  167  497  74%    10M |  99.9   n/a   1   27  1.16M   12   20  62%  81.9M    n/a  n/a
   4   68 |   7 1.0   19   9.0M  149  671  81%    10M |  99.9   n/a   1   27   852k    9   21  70%  81.9M    n/a  n/a
   4   69 |   7 1.0   19   9.5M  162  563  77%    10M |  99.9   n/a   1   27  1.61M   16   18  52%  81.9M    n/a  n/a
   4   6a |   7 1.0   19   9.8M  178  583  76%    10M |  99.9   n/a   1   27   770k    9   17  65%  81.9M    n/a  n/a
   4   6b |   7 1.0   19   9.4M  162  535  76%    10M |  99.9   n/a   1   27  1.44M   14   18  56%  81.9M    n/a  n/a
   0   44 |   7 1.0   19    11M  193  459  70%    10M |  99.9   n/a   1   27  2.79M   26   16  38%  81.9M    n/a  n/a
   0   45 |   7 1.0   19    12M  192  437  69%    10M |  99.9   n/a   1   27  1.21M   13   24  64%  81.9M    n/a  n/a
   0   46 |   7 1.0   19    11M  195  471  70%    10M |  99.9   n/a   1   27  2.63M   27   16  37%  81.9M    n/a  n/a
   0   47 |   7 1.0   19    11M  185  464  71%    10M |  99.9   n/a   1   27  2.86M   29   16  35%  81.9M    n/a  n/a
   0   48 |   7 1.0   19    11M  207  448  68%    10M |  99.9   n/a   1   27  1.94M   18   22  55%  81.9M    n/a  n/a
   0   49 |   7 1.0   19    11M  191  442  69%    10M |  99.9   n/a   1   27  1.95M   19   18  48%  81.9M    n/a  n/a
   0   4a |   7 1.0   19    12M  194  500  72%    10M |  99.9   n/a   1   27  1.51M   15   27  64%  81.9M    n/a  n/a
   0   4b |   7 1.0   19    12M  191  489  71%    10M |  99.9   n/a   1   27  1.85M   19   21  52%  81.9M    n/a  n/a
   1   4c |   7 1.0   19   3.8M  147  504  77%    10M |  99.9   n/a   1   27   644k   16   24  60%  81.9M    n/a  n/a
   1   4d |   7 1.0   19   3.8M  134  398  74%    10M |  99.9   n/a   1   27   529k   13   25  65%  81.9M    n/a  n/a
   1   4e |   7 1.0   19   3.7M  137  441  76%    10M |  99.9   n/a   1   27   468k   14   25  64%  81.9M    n/a  n/a
   1   4f |   7 1.0   19   3.6M  129  384  74%    10M |  99.9   n/a   1   27   530k   14   28  66%  81.9M    n/a  n/a
   1   50 |   7 1.0   19   3.8M  141  447  76%    10M |  99.9   n/a   1   27   704k   18   26  59%  81.9M    n/a  n/a
   1   51 |   7 1.0   19   3.7M  128  420  76%    10M |  99.9   n/a   1   27   657k   19   23  54%  81.9M    n/a  n/a
   1   52 |   7 1.0   19   3.7M  137  459  77%    10M |  99.9   n/a   1   27   689k   19   24  55%  81.9M    n/a  n/a
   1   53 |   7 1.0   19   3.6M  129  427  76%    10M |  99.9   n/a   1   27   582k   16   23  58%  81.9M    n/a  n/a
   2   54 |   7 1.0   19    10M  197  519  72%    10M |  99.9   ovl   1   27  1.20M   13   25  65%  81.9M    -1u  n/a
   2   55 |   7 1.0   19    10M  182  496  73%    10M |  99.9   n/a   1   27  1.34M   16   24  60%  81.9M    n/a  n/a
   2   56 |   7 1.0   19    10M  208  526  71%    10M |  99.9   n/a   1   27  1.14M   12   24  66%  81.9M    n/a  n/a
   2   57 |   7 1.0   19   9.8M  185  482  72%    10M |  99.9   n/a   1   27  1.09M   13   23  63%  81.9M    n/a  n/a
   2   58 |   7 1.0   19   9.7M  189  648  77%    10M |  99.9   n/a   1   27   930k    9   22  70%  81.9M    n/a  n/a
   2   59 |   7 1.0   19   9.8M  190  494  72%    10M |  99.9   ovl   1   27  1.40M   17   20  54%  81.9M   178n  n/a
   2   5a |   7 1.0   19    11M  219  469  68%    10M |  99.9   n/a   1   27  1.24M   15   23  60%  81.9M    n/a  n/a
   2   5b |   7 1.0   19   9.8M  187  535  74%    10M |  99.9   n/a   1   27  1.62M   19   21  52%  81.9M    n/a  n/a
   3   5c |   7 1.0   19    12M  200  498  71%    10M |  99.9   n/a   1   27  1.78M   17   24  58%  81.9M    n/a  n/a
   3   5d |   7 1.0   19    12M  200  470  70%    10M |  99.9   n/a   1   27  1.42M   15   25  62%  81.9M    n/a  n/a
   3   5e |   7 1.0   19    12M  204  410  66%    10M |  99.9   n/a   1   27  1.42M   14   21  60%  81.9M    n/a  n/a
   3   5f |   7 1.0   19    12M  198  432  68%    10M |  99.9   n/a   1   27  1.30M   14   22  61%  81.9M    n/a  n/a
   3   60 |   7 1.0   19    12M  204  420  67%    10M |  99.9   n/a   1   27  1.39M   12   21  63%  81.9M    n/a  n/a
   3   61 |   7 1.0   19    12M  197  439  69%    10M |  99.9   n/a   1   27   998k    9   19  67%  81.9M    n/a  n/a
   3   62 |   7 1.0   19    12M  205  462  69%    10M |  99.9   n/a   1   27  1.84M   18   21  53%  81.9M    n/a  n/a
   3   63 |   7 1.0   19    12M  189  466  71%    10M |  99.9   n/a   1   27  1.30M   13   22  62%  81.9M    n/a  n/a
   4   64 |   7 1.0   19    11M  179  509  73%    10M |  99.9   n/a   1   27  1.39M   14   30  68%  81.9M    n/a  n/a
   4   65 |   7 1.0   19    10M  174  529  75%    10M |  99.9   n/a   1   27  1.28M   14   28  66%  81.9M    n/a  n/a
   4   66 |   7 1.0   19   9.9M  178  641  78%    10M |  99.9   n/a   1   27  1.06M   11   28  71%  81.9M    n/a  n/a
   4   67 |   7 1.0   19   9.9M  173  501  74%    10M |  99.9   n/a   1   27  1.12M   11   29  72%  81.9M    n/a  n/a
   4   68 |   7 1.0   19    10M  181  592  76%    10M |  99.9   n/a   1   27  1.26M   12   29  70%  81.9M    n/a  n/a
   4   69 |   7 1.0   19    10M  163  501  75%    10M |  99.9   n/a   1   27  1.13M   11   27  71%  81.9M    n/a  n/a
   4   6a |   7 1.0   19    10M  177  525  74%    10M |  99.9   n/a   1   27  1.46M   15   27  64%  81.9M    n/a  n/a
   4   6b |   7 1.0   19    10M  167  516  75%    10M |  99.9   n/a   1   27  1.40M   14   28  66%  81.9M    n/a  n/a
   0   44 |   7 1.0   19    11M  185  512  73%    10M |  99.9   n/a   1   27  2.25M   23   20  46%  81.9M    n/a  n/a
   0   45 |   7 1.0   19    11M  173  432  71%    10M |  99.9   n/a   1   27  2.10M   20   21  51%  81.9M    n/a  n/a
   0   46 |   7 1.0   19    12M  216  389  64%    10M |  99.9   n/a   1   27  2.25M   23   19  45%  81.9M    n/a  n/a
   0   47 |   7 1.0   19    11M  183  457  71%    10M |  99.9   n/a   1   27  1.95M   19   23  54%  81.9M    n/a  n/a
   0   48 |   7 1.0   19    11M  182  473  72%    10M |  99.9   n/a   1   27  2.52M   26   21  44%  81.9M    n/a  n/a
   0   49 |   7 1.0   19    11M  176  451  71%    10M |  99.9   n/a   1   27  2.40M   21   21  50%  81.9M    n/a  n/a
   0   4a |   7 1.0   19    10M  184  562  75%    10M |  99.9   n/a   1   27  1.49M   14   21  60%  81.9M    n/a  n/a
   0   4b |   7 1.0   19    11M  173  447  72%    10M |  99.9   n/a   1   27  1.76M   18   17  48%  81.9M    n/a  n/a
   1   4c |   7 1.0   19   4.5M  168  428  71%    10M |  99.9   n/a   1   27   530k   14   25  64%  81.9M    n/a  n/a
   1   4d |   7 1.0   19   4.5M  155  392  71%    10M |  99.9   n/a   1   27   578k   15   21  58%  81.9M    n/a  n/a
   1   4e |   7 1.0   19   4.6M  164  436  72%    10M |  99.9   n/a   1   27   692k   19   24  55%  81.9M    n/a  n/a
   1   4f |   7 1.0   19   4.4M  155  416  72%    10M |  99.9   n/a   1   27   653k   17   24  58%  81.9M    n/a  n/a
   1   50 |   7 1.0   19   4.5M  165  425  72%    10M |  99.9   n/a   1   27   628k   17   26  60%  81.9M    n/a  n/a
   1   51 |   7 1.0   19   4.4M  157  415  72%    10M |  99.9   n/a   1   27   683k   21   25  54%  81.9M    n/a  n/a
   1   52 |   7 1.0   19   4.3M  147  477  76%    10M |  99.9   n/a   1   27   600k   16   27  62%  81.9M    n/a  n/a
   1   53 |   7 1.0   19   4.3M  158  435  73%    10M |  99.9   n/a   1   27   590k   15   24  61%  81.9M    n/a  n/a

          |--------------------DL---------------------|-------------------------------UL-----------------------------
 pci rnti | cqi  ri  mcs  brate   ok  nok  (%)  dl_bs | pusch  rsrp  ri  mcs  brate   ok  nok  (%)    bsr     ta  phr
   2   54 |   7 1.0   19   9.4M  187  526  73%    10M |  99.9   n/a   1   27  1.02M   10   25  71%  81.9M    n/a  n/a
   2   55 |   7 1.0   19   9.2M  179  584  76%    10M |  99.9   n/a   1   27   883k    9   26  74%  81.9M    n/a  n/a
   2   56 |   7 1.0   19   9.0M  171  605  77%    10M |  99.9   n/a   1   27   859k    9   25  73%  81.9M    n/a  n/a
   2   57 |   7 1.0   19   9.2M  173  566  76%    10M |  99.9   n/a   1   27   945k   10   23  69%  81.9M    n/a  n/a
   2   58 |   7 1.0   19   9.0M  175  631  78%    10M |  99.9   n/a   1   27   787k    8   27  77%  81.9M    n/a  n/a
   2   59 |   7 1.0   19   9.2M  176  551  75%    10M |  99.9   ovl   1   27   850k    9   24  72%  81.9M  -665n  n/a
   2   5a |   7 1.0   19   9.2M  187  569  75%    10M |  99.9   n/a   1   27   781k    9   27  75%  81.9M    n/a  n/a
   2   5b |   7 1.0   19   9.3M  182  517  73%    10M |  99.9   ovl   1   27  1.00M   11   25  69%  81.9M   714n  n/a
   3   5c |   7 1.0   19    11M  189  601  76%    10M |  99.9   n/a   1   27  1.26M   11   28  71%  81.9M    n/a  n/a
   3   5d |   7 1.0   19    10M  170  525  75%    10M |  99.9   n/a   1   27  1.57M   14   26  65%  81.9M    n/a  n/a
   3   5e |   7 1.0   19    11M  187  545  74%    10M |  99.9   n/a   1   27  1.54M   15   26  63%  81.9M    n/a  n/a
   3   5f |   7 1.0   19    10M  172  449  72%    10M |  99.9   n/a   1   27  1.30M   14   27  65%  81.9M    n/a  n/a
   3   60 |   7 1.0   19   9.9M  175  544  75%    10M |  99.9   n/a   1   27  1.48M   14   28  66%  81.9M    n/a  n/a
   3   61 |   7 1.0   19    10M  169  522  75%    10M |  99.9   n/a   1   27  1.34M   14   33  70%  81.9M    n/a  n/a
   3   62 |   7 1.0   19    10M  179  574  76%    10M |  99.9   n/a   1   27  1.52M   15   28  65%  81.9M    n/a  n/a
   3   63 |   7 1.0   19    10M  170  447  72%    10M |  99.9   n/a   1   27  1.60M   16   27  62%  81.9M    n/a  n/a
   4   64 |   7 1.0   19    13M  220  504  69%    10M |  99.9   n/a   1   27  1.93M   19   22  53%  81.9M    n/a  n/a
   4   65 |   7 1.0   19    14M  230  395  63%    10M |  99.9   n/a   1   27  1.93M   19   20  51%  81.9M    n/a  n/a
   4   66 |   7 1.0   19    13M  232  426  64%    10M |  99.9   n/a   1   27  2.21M   23   22  48%  81.9M    n/a  n/a
   4   67 |   7 1.0   19    13M  221  391  63%    10M |  99.9   n/a   1   27  2.33M   23   19  45%  81.9M    n/a  n/a
   4   68 |   7 1.0   19    14M  240  497  67%    10M |  99.9   n/a   1   27  1.42M   15   23  60%  81.9M    n/a  n/a
   4   69 |   7 1.0   19    13M  222  436  66%    10M |  99.9   n/a   1   27  2.42M   25   20  44%  81.9M    n/a  n/a
   4   6a |   7 1.0   19    13M  241  461  65%    10M |  99.9   n/a   1   27  1.88M   19   24  55%  81.9M    n/a  n/a
   4   6b |   7 1.0   19    13M  219  429  66%    10M |  99.9   n/a   1   27  2.05M   22   23  51%  81.9M    n/a  n/a
   0   44 |   7 1.0   19    12M  213  402  65%    10M |  99.9   n/a   1   27  2.66M   27   18  40%  81.9M    n/a  n/a
   0   45 |   7 1.0   19    12M  198  447  69%    10M |  99.9   n/a   1   27  2.40M   26   17  39%  81.9M    n/a  n/a
   0   46 |   7 1.0   19    12M  220  356  61%    10M |  99.9   n/a   1   27  1.41M   15   21  58%  81.9M    n/a  n/a
   0   47 |   7 1.0   19    13M  201  396  66%    10M |  99.9   n/a   1   27  2.04M   21   16  43%  81.9M    n/a  n/a
   0   48 |   7 1.0   19    11M  193  456  70%    10M |  99.9   n/a   1   27  1.32M   13   20  60%  81.9M    n/a  n/a
   0   49 |   7 1.0   19    12M  199  415  67%    10M |  99.9   n/a   1   27  2.17M   23   19  45%  81.9M    n/a  n/a
   0   4a |   7 1.0   19    12M  211  479  69%    10M |  99.9   n/a   1   27  2.40M   25   21  45%  81.9M    n/a  n/a
   0   4b |   7 1.0   19    12M  198  426  68%    10M |  99.9   n/a   1   27  2.42M   22   23  51%  81.9M    n/a  n/a
   1   4c |   7 1.0   19   3.4M  129  500  79%    10M |  99.9   n/a   1   27   348k    9   30  76%  81.9M    n/a  n/a
   1   4d |   7 1.0   19   3.2M  113  463  80%    10M |  99.9   n/a   1   27   361k   10   26  72%  81.9M    n/a  n/a
   1   4e |   7 1.0   19   3.1M  119  514  81%    10M |  99.9   n/a   1   27   196k    6   29  82%  81.9M    n/a  n/a
   1   4f |   7 1.0   19   3.3M  113  445  79%    10M |  99.9   n/a   1   27   266k    7   27  79%  81.9M    n/a  n/a
   1   50 |   7 1.0   19   3.2M  120  560  82%    10M |  99.9   n/a   1   27   339k    8   26  76%  81.9M    n/a  n/a
   1   51 |   7 1.0   19   3.2M  113  465  80%    10M |  99.9   n/a   1   27   306k    8   27  77%  81.9M    n/a  n/a
   1   52 |   7 1.0   19   3.3M  122  461  79%    10M |  99.9   n/a   1   27   375k   10   27  72%  81.9M    n/a  n/a
   1   53 |   7 1.0   19   3.3M  115  440  79%    10M |  99.9   n/a   1   27   302k    8   28  77%  81.9M    n/a  n/a
   2   54 |   7 1.0   19    10M  208  525  71%    10M |  99.9   n/a   1   27  1.49M   17   27  61%  81.9M    n/a  n/a
   2   55 |   7 1.0   19    10M  188  513  73%    10M |  99.9   n/a   1   27   778k    9   27  75%  81.9M    n/a  n/a
   2   56 |   7 1.0   19    10M  196  626  76%    10M |  99.9   n/a   1   27   828k   10   32  76%  81.9M    n/a  n/a
   2   57 |   7 1.0   19   9.9M  185  485  72%    10M |  99.9   n/a   1   27  1.25M   15   30  66%  81.9M    n/a  n/a
   2   58 |   7 1.0   19    10M  208  598  74%    10M |  99.9   n/a   1   27  1.33M   16   28  63%  81.9M    n/a  n/a
   2   59 |   7 1.0   19  10.0M  193  560  74%    10M |  99.9   n/a   1   27   945k    9   29  76%  81.9M    n/a  n/a
   2   5a |   7 1.0   19  10.0M  193  529  73%    10M |  99.9   n/a   1   27  1.12M   13   28  68%  81.9M    n/a  n/a
   2   5b |   7 1.0   19  10.0M  186  484  72%    10M |  99.9   n/a   1   27  1.20M   15   28  65%  81.9M    n/a  n/a
   3   5c |   7 1.0   19    11M  196  520  72%    10M |  99.9   n/a   1   27  1.39M   15   20  57%  81.9M    n/a  n/a
   3   5d |   7 1.0   19    11M  183  521  74%    10M |  99.9   n/a   1   27  1.28M   13   23  63%  81.9M    n/a  n/a
   3   5e |   7 1.0   19    11M  207  471  69%    10M |  99.9   n/a   1   27  1.35M   14   19  57%  81.9M    n/a  n/a
   3   5f |   7 1.0   19    11M  178  463  72%    10M |  99.9   n/a   1   27  1.47M   16   16  50%  81.9M    n/a  n/a
   3   60 |   7 1.0   19    11M  191  516  72%    10M |  99.9   n/a   1   27  1.01M   10   22  68%  81.9M    n/a  n/a
   3   61 |   7 1.0   19    11M  183  501  73%    10M |  99.9   n/a   1   27  1.45M   15   18  54%  81.9M    n/a  n/a
   3   62 |   7 1.0   19    11M  197  508  72%    10M |  99.9   n/a   1   27   899k   10   22  68%  81.9M    n/a  n/a
   3   63 |   7 1.0   19    11M  186  492  72%    10M |  99.9   n/a   1   27  1.41M   15   22  59%  81.9M    n/a  n/a
   4   64 |   7 1.0   19   9.3M  160  585  78%    10M |  99.9   n/a   1   27  1.16M   12   26  68%  81.9M    n/a  n/a
   4   65 |   7 1.0   19   9.5M  163  498  75%    10M |  99.9   n/a   1   27  1.25M   12   29  70%  81.9M    n/a  n/a
   4   66 |   7 1.0   19   9.4M  160  649  80%    10M |  99.9   n/a   1   27  1.08M   12   32  72%  81.9M    n/a  n/a
   4   67 |   7 1.0   19   9.4M  152  567  78%    10M |  99.9   n/a   1   27   805k    9   26  74%  81.9M    n/a  n/a
   4   68 |   7 1.0   19   9.8M  175  566  76%    10M |  99.9   n/a   1   27  1.25M   12   29  70%  81.9M    n/a  n/a
   4   69 |   7 1.0   19   9.5M  163  528  76%    10M |  99.9   n/a   1   27   930k   10   27  72%  81.9M    n/a  n/a
   4   6a |   7 1.0   19    10M  182  548  75%    10M |  99.9   n/a   1   27  1.30M   13   26  66%  81.9M    n/a  n/a
   4   6b |   7 1.0   19   9.7M  159  543  77%    10M |  99.9   n/a   1   27   998k   11   25  69%  81.9M    n/a  n/a
   0   44 |   7 1.0   19   9.0M  154  529  77%    10M |  99.9   n/a   1   27  1.74M   17   22  56%  81.9M    n/a  n/a
   0   45 |   7 1.0   19   8.9M  149  514  77%    10M |  99.9   n/a   1   27  1.19M   11   21  65%  81.9M    n/a  n/a
   0   46 |   7 1.0   19    10M  184  542  74%    10M |  99.9   n/a   1   27  1.57M   15   27  64%  81.9M    n/a  n/a
   0   47 |   7 1.0   19   9.2M  152  483  76%    10M |  99.9   n/a   1   27  1.53M   16   25  60%  81.9M    n/a  n/a
   0   48 |   7 1.0   19    10M  176  536  75%    10M |  99.9   n/a   1   27  1.28M   12   22  64%  81.9M    n/a  n/a
   0   49 |   7 1.0   19   8.7M  150  563  78%    10M |  99.9   n/a   1   27   658k    7   23  76%  81.9M    n/a  n/a
   0   4a |   7 1.0   19    10M  165  532  76%    10M |  99.9   n/a   1   27  1.49M   14   18  56%  81.9M    n/a  n/a
   0   4b |   7 1.0   19   9.2M  152  545  78%    10M |  99.9   n/a   1   27  1.79M   19   21  52%  81.9M    n/a  n/a
   1   4c |   7 1.0   19   4.0M  157  457  74%    10M |  99.9   n/a   1   27   373k    9   23  71%  81.9M    n/a  n/a
   1   4d |   7 1.0   19   4.1M  146  416  74%    10M |  99.9   n/a   1   27   471k   12   23  65%  81.9M    n/a  n/a
   1   4e |   7 1.0   19   4.2M  155  495  76%    10M |  99.9   n/a   1   27   425k   11   21  65%  81.9M    n/a  n/a
   1   4f |   7 1.0   19   4.1M  134  391  74%    10M |  99.9   n/a   1   27   542k   15   24  61%  81.9M    n/a  n/a
   1   50 |   7 1.0   19   4.2M  156  434  73%    10M |  99.9   ovl   1   27   426k   11   25  69%  81.9M   948n  n/a
   1   51 |   7 1.0   19   3.9M  134  388  74%    10M |  99.9   n/a   1   27   450k   12   22  64%  81.9M    n/a  n/a
   1   52 |   7 1.0   19   4.1M  159  496  75%    10M |  99.9   ovl   1   27   430k   12   21  63%  81.9M   573n  n/a
   1   53 |   7 1.0   19   4.1M  151  466  75%    10M |  99.9   ovl   1   27   506k   13   22  62%  81.9M   941n  n/a
   2   54 |   7 1.0   19   8.9M  184  545  74%    10M |  99.9   n/a   1   27  1.03M   12   23  65%  81.9M    n/a  n/a
   2   55 |   7 1.0   19   9.2M  172  526  75%    10M |  99.9   n/a   1   27   783k   10   24  70%  81.9M    n/a  n/a
   2   56 |   7 1.0   19   9.0M  172  581  77%    10M |  99.9   n/a   1   27   930k   10   22  68%  81.9M    n/a  n/a
   2   57 |   7 1.0   19   9.3M  178  584  76%    10M |  99.9   n/a   1   27  1.26M   14   21  60%  81.9M    n/a  n/a
   2   58 |   7 1.0   19   8.9M  182  550  75%    10M |  99.9   n/a   1   27   867k   10   26  72%  81.9M    n/a  n/a
   2   59 |   7 1.0   19   9.1M  171  543  76%    10M |  99.9   n/a   1   27   883k    9   22  70%  81.9M    n/a  n/a
   2   5a |   7 1.0   19   9.3M  187  568  75%    10M |  99.9   n/a   1   27  1.01M   12   26  68%  81.9M    n/a  n/a
   2   5b |   7 1.0   19   8.7M  162  552  77%    10M |  99.9   n/a   1   27  1.36M   15   24  61%  81.9M    n/a  n/a

          |--------------------DL---------------------|-------------------------------UL-----------------------------
 pci rnti | cqi  ri  mcs  brate   ok  nok  (%)  dl_bs | pusch  rsrp  ri  mcs  brate   ok  nok  (%)    bsr     ta  phr
   3   5c |   7 1.0   19    11M  186  570  75%    10M |  99.9   n/a   1   27  1.73M   16   25  60%  81.9M    n/a  n/a
   3   5d |   7 1.0   19    11M  181  491  73%    10M |  99.9   n/a   1   27  1.56M   16   27  62%  81.9M    n/a  n/a
   3   5e |   7 1.0   19    11M  190  557  74%    10M |  99.9   n/a   1   27  1.42M   15   28  65%  81.9M    n/a  n/a
   3   5f |   7 1.0   19    10M  172  459  72%    10M |  99.9   n/a   1   27  1.93M   19   25  56%  81.9M    n/a  n/a
   3   60 |   7 1.0   19    11M  192  551  74%    10M |  99.9   n/a   1   27  1.74M   18   27  60%  81.9M    n/a  n/a
   3   61 |   7 1.0   19    11M  181  458  71%    10M |  99.9   n/a   1   27  1.57M   15   25  62%  81.9M    n/a  n/a
   3   62 |   7 1.0   19    11M  201  461  69%    10M |  99.9   n/a   1   27  1.38M   14   25  64%  81.9M    n/a  n/a
   3   63 |   7 1.0   19    11M  182  515  73%    10M |  99.9   n/a   1   27  1.75M   18   27  60%  81.9M    n/a  n/a
   4   64 |   7 1.0   19    12M  213  527  71%    10M |  99.9   n/a   1   27  1.24M   14   19  57%  81.9M    n/a  n/a
   4   65 |   7 1.0   19    12M  196  459  70%    10M |  99.9   n/a   1   27  1.47M   14   22  61%  81.9M    n/a  n/a
   4   66 |   7 1.0   19    12M  209  522  71%    10M |  99.9   n/a   1   27  1.33M   14   24  63%  81.9M    n/a  n/a
   4   67 |   7 1.0   19    12M  193  451  70%    10M |  99.9   n/a   1   27  1.48M   16   24  60%  81.9M    n/a  n/a
   4   68 |   7 1.0   19    12M  207  488  70%    10M |  99.9   n/a   1   27  1.27M   13   26  66%  81.9M    n/a  n/a
   4   69 |   7 1.0   19    12M  196  467  70%    10M |  99.9   n/a   1   27  1.34M   14   19  57%  81.9M    n/a  n/a
   4   6a |   7 1.0   19    11M  206  485  70%    10M |  99.9   n/a   1   27   830k    9   21  70%  81.9M    n/a  n/a
   4   6b |   7 1.0   19    12M  186  496  72%    10M |  99.9   n/a   1   27  1.52M   15   22  59%  81.9M    n/a  n/a
   0   44 |   7 1.0   19   9.6M  161  531  76%    10M |  99.9   n/a   1   27  1.60M   15   16  51%  81.9M    n/a  n/a
   0   45 |   7 1.0   19   9.5M  155  517  76%    10M |  99.9   n/a   1   27  1.14M   11   16  59%  81.9M    n/a  n/a
   0   46 |   7 1.0   19   9.3M  164  557  77%    10M |  99.9   n/a   1   27  1.59M   15   11  42%  81.9M    n/a  n/a
   0   47 |   7 1.0   19   9.5M  155  477  75%    10M |  99.9   n/a   1   27  1.26M   13   19  59%  81.9M    n/a  n/a
   0   48 |   7 1.0   19   9.8M  172  507  74%    10M |  99.9   n/a   1   27  1.91M   18    9  33%  81.9M    n/a  n/a
   0   49 |   7 1.0   19   9.5M  154  487  75%    10M |  99.9   n/a   1   27  1.41M   14   14  50%  81.9M    n/a  n/a
   0   4a |   7 1.0   19   9.6M  169  530  75%    10M |  99.9   n/a   1   27  1.74M   18   15  45%  81.9M    n/a  n/a
   0   4b |   7 1.0   19   9.5M  155  540  77%    10M |  99.9   n/a   1   27   910k    9   15  62%  81.9M    n/a  n/a
   1   4c |   7 1.0   19   3.7M  145  467  76%    10M |  99.9   ovl   1   27   701k   18   19  51%  81.9M   105n  n/a
   1   4d |   7 1.0   19   3.5M  126  415  76%    10M |  99.9   ovl   1   27   714k   19   22  53%  81.9M  -151n  n/a
   1   4e |   7 1.0   19   3.7M  137  463  77%    10M |  99.9   ovl   1   27   753k   19   21  52%  81.9M   -62n  n/a
   1   4f |   7 1.0   19   3.7M  120  451  78%    10M |  99.9   ovl   1   27   806k   22   21  48%  81.9M  -190n  n/a
   1   50 |   7 1.0   19   3.7M  152  484  76%    10M |  99.9   ovl   1   27   744k   19   22  53%  81.9M   635n  n/a
   1   51 |   7 1.0   19   3.6M  127  450  77%    10M |  99.9   ovl   1   27   678k   19   23  54%  81.9M  -435n  n/a
   1   52 |   7 1.0   19   3.6M  138  451  76%    10M |  99.9   ovl   1   27   591k   16   21  56%  81.9M  -307n  n/a
   1   53 |   7 1.0   19   3.6M  126  414  76%    10M |  99.9   ovl   1   27   770k   20   20  50%  81.9M    13n  n/a
   2   54 |   7 1.0   19   7.9M  155  663  81%    10M |  99.9   n/a   1   27   785k    9   22  70%  81.9M    n/a  n/a
   2   55 |   7 1.0   19   7.7M  153  554  78%    10M |  99.9   n/a   1   27   588k    8   21  72%  81.9M    n/a  n/a
   2   56 |   7 1.0   19   7.5M  150  596  79%    10M |  99.9   n/a   1   27   668k    8   19  70%  81.9M    n/a  n/a
   2   57 |   7 1.0   19   7.5M  148  572  79%    10M |  99.9   n/a   1   27   459k    5   20  80%  81.9M    n/a  n/a
   2   58 |   7 1.0   19   7.7M  144  637  81%    10M |  99.9   n/a   1   27   860k   10   20  66%  81.9M    n/a  n/a
   2   59 |   7 1.0   19   7.9M  145  538  78%    10M |  99.9   n/a   1   27  1.22M   14   21  60%  81.9M    n/a  n/a
   2   5a |   7 1.0   19   7.5M  151  626  80%    10M |  99.9   n/a   1   27   822k   10   24  70%  81.9M    n/a  n/a
   2   5b |   7 1.0   19   7.8M  152  579  79%    10M |  99.9   n/a   1   27   779k    8   22  73%  81.9M    n/a  n/a
   3   5c |   7 1.0   19   9.7M  172  481  73%    10M |  99.9   n/a   1   27   787k    8   23  74%  81.9M    n/a  n/a
   3   5d |   7 1.0   19   9.6M  158  541  77%    10M |  99.9   n/a   1   27  1.36M   13   20  60%  81.9M    n/a  n/a
   3   5e |   7 1.0   19   9.2M  158  589  78%    10M |  99.9   n/a   1   27  1.28M   13   22  62%  81.9M    n/a  n/a
   3   5f |   7 1.0   19   9.6M  165  564  77%    10M |  99.9   n/a   1   27  1.05M   11   23  67%  81.9M    n/a  n/a
   3   60 |   7 1.0   19   9.4M  165  553  77%    10M |  99.9   n/a   1   27  1.19M   12   20  62%  81.9M    n/a  n/a
   3   61 |   7 1.0   19   9.8M  163  516  75%    10M |  99.9   n/a   1   27  1.08M   10   22  68%  81.9M    n/a  n/a
   3   62 |   7 1.0   19   9.2M  162  639  79%    10M |  99.9   n/a   1   27  1.49M   16   22  57%  81.9M    n/a  n/a
   3   63 |   7 1.0   19    10M  164  526  76%    10M |  99.9   n/a   1   27  1.51M   14   21  60%  81.9M    n/a  n/a
   4   64 |   7 1.0   19    11M  176  522  74%    10M |  99.9   ovl   1   27  1.71M   17   23  57%  81.9M   -66n  n/a
   4   65 |   7 1.0   19    11M  168  475  73%    10M |  99.9   ovl   1   27  1.85M   18   18  50%  81.9M   207n  n/a
   4   66 |   7 1.0   19    11M  186  454  70%    10M |  99.9   ovl   1   27  2.12M   21   21  50%  81.9M    10n  n/a
   4   67 |   7 1.0   19    10M  166  475  74%    10M |  99.9   ovl   1   27  2.20M   24   18  42%  81.9M   -82n  n/a
   4   68 |   7 1.0   19    11M  194  546  73%    10M |  99.9   ovl   1   27  2.37M   25   19  43%  81.9M   159n  n/a
   4   69 |   7 1.0   19    11M  177  455  71%    10M |  99.9   ovl   1   27  2.01M   20   21  51%  81.9M    79n  n/a
   4   6a |   7 1.0   19    11M  191  517  73%    10M |  99.9   ovl   1   27  2.28M   23   22  48%  81.9M   286n  n/a
   4   6b |   7 1.0   19    10M  171  462  72%    10M |  99.9   ovl   1   27  1.57M   16   20  55%  81.9M   674n  n/a
   0   44 |   7 1.0   19   9.8M  172  562  76%    10M |  99.9   n/a   1   27  1.90M   19   25  56%  81.9M    n/a  n/a
   0   45 |   7 1.0   19    10M  170  486  74%    10M |  99.9   n/a   1   27  1.22M   12   28  70%  81.9M    n/a  n/a
   0   46 |   7 1.0   19    11M  186  499  72%    10M |  99.9   n/a   1   27  1.57M   16   25  60%  81.9M    n/a  n/a
   0   47 |   7 1.0   19   9.9M  168  505  75%    10M |  99.9   n/a   1   27  1.37M   14   26  65%  81.9M    n/a  n/a
   0   48 |   7 1.0   19    10M  187  488  72%    10M |  99.9   n/a   1   27  1.95M   20   19  48%  81.9M    n/a  n/a
   0   49 |   7 1.0   19    10M  170  465  73%    10M |  99.9   n/a   1   27  1.30M   13   27  67%  81.9M    n/a  n/a
   0   4a |   7 1.0   19    10M  173  539  75%    10M |  99.9   ovl   1   27  1.76M   18   24  57%  81.9M   213n  n/a
   0   4b |   7 1.0   19   9.5M  163  547  77%    10M |  99.9   ovl   1   27  1.59M   16   20  55%  81.9M  -178n  n/a
   1   4c |   7 1.0   19   4.2M  163  416  71%    10M |  99.9   n/a   1   27   581k   15   18  54%  81.9M    n/a  n/a
   1   4d |   7 1.0   19   4.0M  140  374  72%    10M |  99.9   ovl   1   27   495k   13   18  58%  81.9M   102n  n/a
   1   4e |   7 1.0   19   3.8M  145  453  75%    10M |  99.9   ovl   1   27   389k   10   25  71%  81.9M   915n  n/a
   1   4f |   7 1.0   19   3.9M  136  404  74%    10M |  99.9   n/a   1   27   580k   15   25  62%  81.9M    n/a  n/a
   1   50 |   7 1.0   19   3.8M  147  445  75%    10M |  99.9   ovl   1   27   603k   15   21  58%  81.9M   977n  n/a
   1   51 |   7 1.0   19   3.9M  145  350  70%    10M |  99.9   n/a   1   27   653k   18   20  52%  81.9M    n/a  n/a
   1   52 |   7 1.0   19   4.0M  146  428  74%    10M |  99.9   ovl   1   27   570k   14   17  54%  81.9M   109n  n/a
   1   53 |   7 1.0   19   3.8M  128  381  74%    10M |  99.9   ovl   1   27   540k   14   22  61%  81.9M   598n  n/a
   2   54 |   7 1.0   19   8.0M  147  613  80%    10M |  99.9   n/a   1   27   649k    8   24  75%  81.9M    n/a  n/a
   2   55 |   7 1.0   19   8.2M  155  623  80%    10M |  99.9   n/a   1   27   643k    7   27  79%  81.9M    n/a  n/a
   2   56 |   7 1.0   19   8.4M  173  589  77%    10M |  99.9   n/a   1   27   770k    9   20  68%  81.9M    n/a  n/a
   2   57 |   7 1.0   19   8.4M  156  538  77%    10M |  99.9   n/a   1   27   869k    9   25  73%  81.9M    n/a  n/a
   2   58 |   7 1.0   19   8.5M  171  590  77%    10M |  99.9   n/a   1   27   883k    9   24  72%  81.9M    n/a  n/a
   2   59 |   7 1.0   19   8.3M  154  560  78%    10M |  99.9   n/a   1   27   822k   10   23  69%  81.9M    n/a  n/a
   2   5a |   7 1.0   19   8.7M  167  598  78%    10M |  99.9   n/a   1   27   988k   10   23  69%  81.9M    n/a  n/a
   2   5b |   7 1.0   19   8.2M  155  525  77%    10M |  99.9   n/a   1   27  1.02M   10   25  71%  81.9M    n/a  n/a
   3   5c |   7 1.0   19   9.5M  174  567  76%    10M |  99.9   n/a   1   27  1.37M   14   22  61%  81.9M    n/a  n/a
   3   5d |   7 1.0   19   9.8M  164  553  77%    10M |  99.9   n/a   1   27   844k    8   23  74%  81.9M    n/a  n/a
   3   5e |   7 1.0   19   9.6M  172  602  77%    10M |  99.9   n/a   1   27  1.08M   12   23  65%  81.9M    n/a  n/a
   3   5f |   7 1.0   19   9.5M  165  521  75%    10M |  99.9   n/a   1   27  1.41M   13   22  62%  81.9M    n/a  n/a
   3   60 |   7 1.0   19   9.3M  174  600  77%    10M |  99.9   n/a   1   27   990k   11   24  68%  81.9M    n/a  n/a
   3   61 |   7 1.0   19   9.9M  159  525  76%    10M |  99.9   n/a   1   27  1.04M   12   22  64%  81.9M    n/a  n/a
   3   62 |   7 1.0   19   9.6M  167  581  77%    10M |  99.9   n/a   1   27  1.33M   13   23  63%  81.9M    n/a  n/a
   3   63 |   7 1.0   19   9.6M  168  510  75%    10M |  99.9   n/a   1   27  1.34M   14   21  60%  81.9M    n/a  n/a

          |--------------------DL---------------------|-------------------------------UL-----------------------------
 pci rnti | cqi  ri  mcs  brate   ok  nok  (%)  dl_bs | pusch  rsrp  ri  mcs  brate   ok  nok  (%)    bsr     ta  phr
   4   64 |   7 1.0   19    11M  200  496  71%    10M |  99.9   ovl   1   27  1.52M   13   23  63%  81.9M   674n  n/a
   4   65 |   7 1.0   19    11M  179  472  72%    10M |  99.9   n/a   1   27  1.17M   11   21  65%  81.9M    n/a  n/a
   4   66 |   7 1.0   19    10M  171  547  76%    10M |  99.9   n/a   1   27  1.00M   10   23  69%  81.9M    n/a  n/a
   4   67 |   7 1.0   19    10M  170  484  74%    10M |  99.9   n/a   1   27  1.04M   10   22  68%  81.9M    n/a  n/a
   4   68 |   7 1.0   19    11M  184  510  73%    10M |  99.9   ovl   1   27  1.22M   12   20  62%  81.9M   670n  n/a
   4   69 |   7 1.0   19    11M  179  477  72%    10M |  99.9   n/a   1   27  1.15M   11   22  66%  81.9M    n/a  n/a
   4   6a |   7 1.0   19    11M  193  563  74%    10M |  99.9   ovl   1   27  1.31M   13   21  61%  81.9M   670n  n/a
   4   6b |   7 1.0   19    10M  173  500  74%    10M |  99.9   n/a   1   27   729k    7   20  74%  81.9M    n/a  n/a
   0   44 |   7 1.0   19    12M  213  514  70%    10M |  99.9   ovl   1   27  2.31M   22   16  42%  81.9M   449n  n/a
   0   45 |   7 1.0   19    12M  199  450  69%    10M |  99.9   n/a   1   27  2.14M   22   16  42%  81.9M    n/a  n/a
   0   46 |   7 1.0   19    12M  212  500  70%    10M |  99.9   n/a   1   27  2.03M   19   20  51%  81.9M    n/a  n/a
   0   47 |   7 1.0   19    12M  195  429  68%    10M |  99.9   n/a   1   27  2.04M   21   20  48%  81.9M    n/a  n/a
   0   48 |   7 1.0   19    12M  213  403  65%    10M |  99.9   ovl   1   27  2.41M   24   16  40%  81.9M  -391n  n/a
   0   49 |   7 1.0   19    12M  194  399  67%    10M |  99.9   ovl   1   27  2.34M   21   19  47%  81.9M   213n  n/a
   0   4a |   7 1.0   19    12M  214  482  69%    10M |  99.9   n/a   1   27  2.04M   20   20  50%  81.9M    n/a  n/a
   0   4b |   7 1.0   19    12M  195  446  69%    10M |  99.9   ovl   1   27  2.52M   24   14  36%  81.9M    36n  n/a
   1   4c |   7 1.0   19   4.0M  143  435  75%    10M |  99.9   n/a   1   27   571k   17   21  55%  81.9M    n/a  n/a
   1   4d |   7 1.0   19   3.9M  140  421  75%    10M |  99.9   n/a   1   27   508k   15   23  60%  81.9M    n/a  n/a
   1   4e |   7 1.0   19   4.0M  146  420  74%    10M |  99.9   n/a   1   27   545k   13   22  62%  81.9M    n/a  n/a
   1   4f |   7 1.0   19   3.9M  130  398  75%    10M |  99.9   n/a   1   27   548k   16   16  50%  81.9M    n/a  n/a
   1   50 |   7 1.0   19   4.0M  144  451  75%    10M |  99.9   n/a   1   27   638k   19   17  47%  81.9M    n/a  n/a
   1   51 |   7 1.0   19   3.9M  133  431  76%    10M |  99.9   n/a   1   27   647k   18   18  50%  81.9M    n/a  n/a
   1   52 |   7 1.0   19   4.1M  151  506  77%    10M |  99.9   n/a   1   27   649k   19   18  48%  81.9M    n/a  n/a
   1   53 |   7 1.0   19   3.9M  137  419  75%    10M |  99.9   n/a   1   27   564k   16   24  60%  81.9M    n/a  n/a
   2   54 |   7 1.0   19   8.9M  181  550  75%    10M |  99.9   n/a   1   27  1.04M   13   30  69%  81.9M    n/a  n/a
   2   55 |   7 1.0   19   8.7M  170  502  74%    10M |  99.9   n/a   1   27   887k   10   33  76%  81.9M    n/a  n/a
   2   56 |   7 1.0   19   8.9M  168  621  78%    10M |  99.9   n/a   1   27   979k   11   28  71%  81.9M    n/a  n/a
   2   57 |   7 1.0   19   8.8M  171  565  76%    10M |  99.9   n/a   1   27  1.09M   13   29  69%  81.9M    n/a  n/a
   2   58 |   7 1.0   19   9.0M  187  512  73%    10M |  99.9   n/a   1   27  1.28M   13   28  68%  81.9M    n/a  n/a
   2   59 |   7 1.0   19   8.9M  171  557  76%    10M |  99.9   n/a   1   27  1.09M   13   27  67%  81.9M    n/a  n/a
   2   5a |   7 1.0   19   8.5M  167  643  79%    10M |  99.9   n/a   1   27  1.19M   13   28  68%  81.9M    n/a  n/a
   2   5b |   7 1.0   19   8.8M  167  475  73%    10M |  99.9   n/a   1   27  1.16M   13   25  65%  81.9M    n/a  n/a
   3   5c |   7 1.0   19    14M  228  422  64%    10M |  99.9   n/a   1   27  2.44M   24   22  47%  81.9M    n/a  n/a
   3   5d |   7 1.0   19    13M  210  476  69%    10M |  99.9   n/a   1   27  1.15M   12   24  66%  81.9M    n/a  n/a
   3   5e |   7 1.0   19    13M  213  506  70%    10M |  99.9   n/a   1   27  2.28M   23   21  47%  81.9M    n/a  n/a
   3   5f |   7 1.0   19    13M  204  430  67%    10M |  99.9   n/a   1   27  1.54M   17   22  56%  81.9M    n/a  n/a
   3   60 |   7 1.0   19    13M  228  468  67%    10M |  99.9   n/a   1   27  1.56M   16   23  58%  81.9M    n/a  n/a
   3   61 |   7 1.0   19    13M  211  454  68%    10M |  99.9   n/a   1   27  2.11M   21   22  51%  81.9M    n/a  n/a
   3   62 |   7 1.0   19    13M  230  493  68%    10M |  99.9   n/a   1   27  1.61M   17   24  58%  81.9M    n/a  n/a
   3   63 |   7 1.0   19    13M  207  413  66%    10M |  99.9   n/a   1   27  1.84M   19   22  53%  81.9M    n/a  n/a
   4   64 |   7 1.0   19    12M  203  536  72%    10M |  99.9   n/a   1   27  1.95M   19   24  55%  81.9M    n/a  n/a
   4   65 |   7 1.0   19    12M  195  453  69%    10M |  99.9   n/a   1   27  2.05M   20   18  47%  81.9M    n/a  n/a
   4   66 |   7 1.0   19    12M  219  481  68%    10M |  99.9   n/a   1   27  1.94M   19   25  56%  81.9M    n/a  n/a
   4   67 |   7 1.0   19    12M  201  451  69%    10M |  99.9   n/a   1   27  2.31M   23   22  48%  81.9M    n/a  n/a
   4   68 |   7 1.0   19    13M  220  520  70%    10M |  99.9   n/a   1   27  2.27M   21   24  53%  81.9M    n/a  n/a
   4   69 |   7 1.0   19    12M  202  443  68%    10M |  99.9   n/a   1   27  1.98M   19   23  54%  81.9M    n/a  n/a
   4   6a |   7 1.0   19    13M  217  503  69%    10M |  99.9   n/a   1   27  1.78M   18   23  56%  81.9M    n/a  n/a
   4   6b |   7 1.0   19    12M  201  471  70%    10M |  99.9   n/a   1   27  1.87M   18   24  57%  81.9M    n/a  n/a
   0   44 |   7 1.0   19    12M  223  440  66%    10M |  99.9   ovl   1   27  1.92M   19   22  53%  81.9M  -606n  n/a
   0   45 |   7 1.0   19    11M  189  459  70%    10M |  99.9   ovl   1   27  2.87M   29   18  38%  81.9M  -964n  n/a
   0   46 |   7 1.0   19    12M  204  431  67%    10M |  99.9   ovl   1   27  2.36M   23   15  39%  81.9M  -197n  n/a
   0   47 |   7 1.0   19    11M  190  451  70%    10M |  99.9   ovl   1   27  1.55M   15   20  57%  81.9M  -422n  n/a
   0   48 |   7 1.0   19    11M  191  491  71%    10M |  99.9   ovl   1   27  1.92M   18   18  50%  81.9M  -701n  n/a
   0   49 |   7 1.0   19    11M  179  476  72%    10M |  99.9   ovl   1   27  2.65M   27   17  38%  81.9M    36n  n/a
   0   4a |   7 1.0   19    10M  184  548  74%    10M |  99.9   ovl   1   27  1.99M   20   23  53%  81.9M   213n  n/a
   0   4b |   7 1.0   19    11M  183  413  69%    10M |  99.9   ovl   1   27  2.59M   28   21  42%  81.9M   242n  n/a
   1   4c |   7 1.0   19   3.5M  134  445  76%    10M |  99.9   n/a   1   27   538k   13   26  66%  81.9M    n/a  n/a
   1   4d |   7 1.0   19   3.5M  122  397  76%    10M |  99.9   n/a   1   27   558k   14   28  66%  81.9M    n/a  n/a
   1   4e |   7 1.0   19   3.6M  128  499  79%    10M |  99.9   n/a   1   27   390k   11   29  72%  81.9M    n/a  n/a
   1   4f |   7 1.0   19   3.5M  118  450  79%    10M |  99.9   n/a   1   27   464k   13   27  67%  81.9M    n/a  n/a
   1   50 |   7 1.0   19   3.5M  137  535  79%    10M |  99.9   n/a   1   27   417k   11   29  72%  81.9M    n/a  n/a
   1   51 |   7 1.0   19   3.5M  119  400  77%    10M |  99.9   n/a   1   27   408k   11   28  71%  81.9M    n/a  n/a
   1   52 |   7 1.0   19   3.5M  127  500  79%    10M |  99.9   n/a   1   27   348k    9   29  76%  81.9M    n/a  n/a
   1   53 |   7 1.0   19   3.5M  125  443  77%    10M |  99.9   n/a   1   27   398k   10   27  72%  81.9M    n/a  n/a
   2   54 |   7 1.0   19    10M  206  563  73%    10M |  99.9   n/a   1   27  1.47M   16   23  58%  81.9M    n/a  n/a
   2   55 |   7 1.0   19   9.7M  181  536  74%    10M |  99.9   n/a   1   27  1.26M   14   20  58%  81.9M    n/a  n/a
   2   56 |   7 1.0   19   9.9M  198  577  74%    10M |  99.9   n/a   1   27  1.32M   15   23  60%  81.9M    n/a  n/a
   2   57 |   7 1.0   19   9.7M  178  482  73%    10M |  99.9   ovl   1   27  1.72M   19   22  53%  81.9M   828n  n/a
   2   58 |   7 1.0   19   9.9M  203  572  73%    10M |  99.9   ovl   1   27  1.16M   12   25  67%  81.9M    -1u  n/a
   2   59 |   7 1.0   19   9.6M  182  512  73%    10M |  99.9   ovl   1   27  1.34M   15   24  61%  81.9M  -325n  n/a
   2   5a |   7 1.0   19   9.6M  189  571  75%    10M |  99.9   n/a   1   27  1.18M   13   25  65%  81.9M    n/a  n/a
   2   5b |   7 1.0   19   9.4M  182  522  74%    10M |  99.9   n/a   1   27  1.26M   14   27  65%  81.9M    n/a  n/a
   3   5c |   7 1.0   19    12M  205  470  69%    10M |  99.9   ovl   1   27  2.02M   22   22  50%  81.9M   130n  n/a
   3   5d |   7 1.0   19    12M  181  429  70%    10M |  99.9   ovl   1   27  1.84M   19   22  53%  81.9M     1u  n/a
   3   5e |   7 1.0   19    12M  207  449  68%    10M |  99.9   ovl   1   27  1.88M   18   22  55%  81.9M   440n  n/a
   3   5f |   7 1.0   19    11M  192  479  71%    10M |  99.9   ovl   1   27  1.65M   17   18  51%  81.9M  -892n  n/a
   3   60 |   7 1.0   19    11M  193  575  74%    10M |  99.9   ovl   1   27  1.53M   16   23  58%  81.9M  -136n  n/a
   3   61 |   7 1.0   19    11M  182  464  71%    10M |  99.9   ovl   1   27  1.64M   16   22  57%  81.9M   693n  n/a
   3   62 |   7 1.0   19    12M  201  510  71%    10M |  99.9   ovl   1   27  1.52M   15   24  61%  81.9M  -849n  n/a
   3   63 |   7 1.0   19    11M  194  416  68%    10M |  99.9   ovl   1   27  1.98M   19   23  54%  81.9M   602n  n/a
   4   64 |   7 1.0   19    10M  170  556  76%    10M |  99.9   n/a   1   27  1.30M   13   28  68%  81.9M    n/a  n/a
   4   65 |   7 1.0   19    11M  171  519  75%    10M |  99.9   n/a   1   27  1.07M   11   32  74%  81.9M    n/a  n/a
   4   66 |   7 1.0   19    10M  181  550  75%    10M |  99.9   n/a   1   27  1.24M   12   24  66%  81.9M    n/a  n/a
   4   67 |   7 1.0   19    10M  174  513  74%    10M |  99.9   n/a   1   27  1.49M   14   27  65%  81.9M    n/a  n/a
   4   68 |   7 1.0   19    10M  174  565  76%    10M |  99.9   n/a   1   27  1.52M   15   30  66%  81.9M    n/a  n/a
   4   69 |   7 1.0   19    11M  175  523  74%    10M |  99.9   n/a   1   27  2.01M   20   28  58%  81.9M    n/a  n/a
   4   6a |   7 1.0   19    11M  182  542  74%    10M |  99.9   n/a   1   27  1.30M   13   31  70%  81.9M    n/a  n/a
   4   6b |   7 1.0   19    11M  179  494  73%    10M |  99.9   n/a   1   27  1.46M   14   27  65%  81.9M    n/a  n/a

          |--------------------DL---------------------|-------------------------------UL-----------------------------
 pci rnti | cqi  ri  mcs  brate   ok  nok  (%)  dl_bs | pusch  rsrp  ri  mcs  brate   ok  nok  (%)    bsr     ta  phr
   0   44 |   7 1.0   19    11M  184  488  72%    10M |  99.9   n/a   1   27  1.51M   15   14  48%  81.9M    n/a  n/a
   0   45 |   7 1.0   19    11M  185  453  71%    10M |  99.9   n/a   1   27  1.82M   17   16  48%  81.9M    n/a  n/a
   0   46 |   7 1.0   19    11M  205  490  70%    10M |  99.9   n/a   1   27  1.72M   16   13  44%  81.9M    n/a  n/a
   0   47 |   7 1.0   19    11M  173  457  72%    10M |  99.9   n/a   1   27  2.00M   20   16  44%  81.9M    n/a  n/a
   0   48 |   7 1.0   19    11M  190  449  70%    10M |  99.9   n/a   1   27  2.72M   26   15  36%  81.9M    n/a  n/a
   0   49 |   7 1.0   19    11M  169  497  74%    10M |  99.9   n/a   1   27  2.50M   26   15  36%  81.9M    n/a  n/a
   0   4a |   7 1.0   19    11M  194  534  73%    10M |  99.9   n/a   1   27  1.81M   19   19  50%  81.9M    n/a  n/a
   0   4b |   7 1.0   19    11M  170  396  69%    10M |  99.9   n/a   1   27  1.57M   17   19  52%  81.9M    n/a  n/a
   1   4c |   7 1.0   19   3.7M  145  466  76%    10M |  99.9   n/a   1   27   382k   10   21  67%  81.9M    n/a  n/a
   1   4d |   7 1.0   19   3.7M  131  458  77%    10M |  99.9   n/a   1   27   590k   15   22  59%  81.9M    n/a  n/a
   1   4e |   7 1.0   19   3.7M  133  498  78%    10M |  99.9   n/a   1   27   604k   14   18  56%  81.9M    n/a  n/a
   1   4f |   7 1.0   19   3.7M  129  423  76%    10M |  99.9   n/a   1   27   437k   11   24  68%  81.9M    n/a  n/a
   1   50 |   7 1.0   19   3.6M  135  519  79%    10M |  99.9   n/a   1   27   569k   14   23  62%  81.9M    n/a  n/a
   1   51 |   7 1.0   19   3.7M  123  428  77%    10M |  99.9   n/a   1   27   681k   18   19  51%  81.9M    n/a  n/a
   1   52 |   7 1.0   19   3.7M  134  424  75%    10M |  99.9   n/a   1   27   620k   17   19  52%  81.9M    n/a  n/a
   1   53 |   7 1.0   19   3.7M  131  436  76%    10M |  99.9   n/a   1   27   469k   12   22  64%  81.9M    n/a  n/a
   2   54 |   7 1.0   19    11M  220  548  71%    10M |  99.9   n/a   1   27   805k    9   26  74%  81.9M    n/a  n/a
   2   55 |   7 1.0   19    10M  185  520  73%    10M |  99.9   n/a   1   27  1.32M   15   25  62%  81.9M    n/a  n/a
   2   56 |   7 1.0   19    11M  206  562  73%    10M |  99.9   n/a   1   27  1.44M   16   24  60%  81.9M    n/a  n/a
   2   57 |   7 1.0   19    10M  195  548  73%    10M |  99.9   n/a   1   27  1.24M   12   22  64%  81.9M    n/a  n/a
   2   58 |   7 1.0   19    10M  203  562  73%    10M |  99.9   n/a   1   27  1.16M   13   26  66%  81.9M    n/a  n/a
   2   59 |   7 1.0   19    10M  195  527  72%    10M |  99.9   n/a   1   27  1.21M   13   23  63%  81.9M    n/a  n/a
   2   5a |   7 1.0   19    11M  229  542  70%    10M |  99.9   n/a   1   27  1.12M   13   23  63%  81.9M    n/a  n/a
   2   5b |   7 1.0   19    10M  201  497  71%    10M |  99.9   n/a   1   27  1.27M   15   24  61%  81.9M    n/a  n/a
   3   5c |   7 1.0   19   9.5M  167  561  77%    10M |  99.9   n/a   1   27  1.65M   17   19  52%  81.9M    n/a  n/a
   3   5d |   7 1.0   19   9.8M  160  543  77%    10M |  99.9   n/a   1   27  1.51M   16   21  56%  81.9M    n/a  n/a
   3   5e |   7 1.0   19   9.4M  163  552  77%    10M |  99.9   n/a   1   27  1.40M   13   22  62%  81.9M    n/a  n/a
   3   5f |   7 1.0   19    10M  168  512  75%    10M |  99.9   n/a   1   27  1.02M   12   23  65%  81.9M    n/a  n/a
   3   60 |   7 1.0   19    10M  182  546  75%    10M |  99.9   n/a   1   27  1.36M   14   20  58%  81.9M    n/a  n/a
   3   61 |   7 1.0   19   9.9M  165  538  76%    10M |  99.9   n/a   1   27  1.05M   12   23  65%  81.9M    n/a  n/a
   3   62 |   7 1.0   19    10M  178  519  74%    10M |  99.9   n/a   1   27  1.19M   12   23  65%  81.9M    n/a  n/a
   3   63 |   7 1.0   19   9.8M  167  488  74%    10M |  99.9   n/a   1   27  1.32M   12   21  63%  81.9M    n/a  n/a
   4   64 |   7 1.0   19    10M  187  531  73%    10M |  99.9   n/a   1   27  1.22M   12   23  65%  81.9M    n/a  n/a
   4   65 |   7 1.0   19   9.9M  166  523  75%    10M |  99.9   n/a   1   27  1.47M   14   21  60%  81.9M    n/a  n/a
   4   66 |   7 1.0   19  10.0M  173  562  76%    10M |  99.9   n/a   1   27  1.56M   15   20  57%  81.9M    n/a  n/a
   4   67 |   7 1.0   19    10M  171  548  76%    10M |  99.9   n/a   1   27  1.69M   17   19  52%  81.9M    n/a  n/a
   4   68 |   7 1.0   19    10M  183  540  74%    10M |  99.9   n/a   1   27  1.51M   15   20  57%  81.9M    n/a  n/a
   4   69 |   7 1.0   19    10M  165  548  76%    10M |  99.9   n/a   1   27  1.45M   16   22  57%  81.9M    n/a  n/a
   4   6a |   7 1.0   19    10M  175  559  76%    10M |  99.9   n/a   1   27  1.60M   15   21  58%  81.9M    n/a  n/a
   4   6b |   7 1.0   19    10M  165  504  75%    10M |  99.9   n/a   1   27  1.69M   16   20  55%  81.9M    n/a  n/a
   0   44 |   7 1.0   19    10M  185  490  72%    10M |  99.9   n/a   1   27  2.30M   23   19  45%  81.9M    n/a  n/a
   0   45 |   7 1.0   19    10M  166  464  73%    10M |  99.9   ovl   1   27  1.90M   20   21  51%  81.9M    36n  n/a
   0   46 |   7 1.0   19    10M  190  450  70%    10M |  99.9   ovl   1   27  1.81M   19   19  50%  81.9M    17n  n/a
   0   47 |   7 1.0   19    11M  181  425  70%    10M |  99.9   ovl   1   27  2.14M   21   26  55%  81.9M  -336n  n/a
   0   48 |   7 1.0   19    11M  188  389  67%    10M |  99.9   n/a   1   27  2.06M   20   23  53%  81.9M    n/a  n/a
   0   49 |   7 1.0   19    11M  164  395  70%    10M |  99.9   ovl   1   27  2.19M   22   22  50%  81.9M  -178n  n/a
   0   4a |   7 1.0   19    10M  180  431  70%    10M |  99.9   n/a   1   27  1.54M   16   17  51%  81.9M    n/a  n/a
   0   4b |   7 1.0   19    11M  163  393  70%    10M |  99.9   ovl   1   27  1.40M   13   19  59%  81.9M  -243n  n/a
   1   4c |   7 1.0   19   4.6M  172  396  69%    10M |  99.9   ovl   1   27   679k   17   25  59%  81.9M    80n  n/a
   1   4d |   7 1.0   19   4.4M  163  378  69%    10M |  99.9   ovl   1   27   714k   18   22  55%  81.9M  -466n  n/a
   1   4e |   7 1.0   19   4.6M  165  421  71%    10M |  99.9   ovl   1   27   765k   21   26  55%  81.9M   427n  n/a
   1   4f |   7 1.0   19   4.6M  159  393  71%    10M |  99.9   ovl   1   27   699k   19   21  52%  81.9M  -183n  n/a
   1   50 |   7 1.0   19   4.6M  167  395  70%    10M |  99.9   n/a   1   27   842k   21   23  52%  81.9M    n/a  n/a
   1   51 |   7 1.0   19   4.6M  157  397  71%    10M |  99.9   ovl   1   27   798k   21   21  50%  81.9M    51n  n/a
   1   52 |   7 1.0   19   4.8M  172  404  70%    10M |  99.9   ovl   1   27   907k   25   22  46%  81.9M   105n  n/a
   1   53 |   7 1.0   19   4.5M  152  375  71%    10M |  99.9   n/a   1   27   915k   26   21  44%  81.9M    n/a  n/a
   2   54 |   7 1.0   19   7.7M  163  594  78%    10M |  99.9   n/a   1   27   863k    9   22  70%  81.9M    n/a  n/a
   2   55 |   7 1.0   19   8.0M  147  552  78%    10M |  99.9   n/a   1   27   713k    8   27  77%  81.9M    n/a  n/a
   2   56 |   7 1.0   19   8.2M  156  556  78%    10M |  99.9   n/a   1   27   668k    7   26  78%  81.9M    n/a  n/a
   2   57 |   7 1.0   19   8.0M  152  552  78%    10M |  99.9   n/a   1   27   670k    7   24  77%  81.9M    n/a  n/a
   2   58 |   7 1.0   19   7.6M  161  679  80%    10M |  99.9   n/a   1   27   811k   10   27  72%  81.9M    n/a  n/a
   2   59 |   7 1.0   19   8.1M  147  528  78%    10M |  99.9   n/a   1   27   477k    6   27  81%  81.9M    n/a  n/a
   2   5a |   7 1.0   19   8.4M  168  588  77%    10M |  99.9   n/a   1   27   893k   10   24  70%  81.9M    n/a  n/a
   2   5b |   7 1.0   19   8.1M  149  561  79%    10M |  99.9   n/a   1   27   670k    8   24  75%  81.9M    n/a  n/a
   3   5c |   7 1.0   19    10M  178  542  75%    10M |  99.9   n/a   1   27  1.27M   13   29  69%  81.9M    n/a  n/a
   3   5d |   7 1.0   19   9.9M  169  520  75%    10M |  99.9   n/a   1   27  1.33M   14   26  65%  81.9M    n/a  n/a
   3   5e |   7 1.0   19   9.8M  173  602  77%    10M |  99.9   n/a   1   27  1.09M   11   28  71%  81.9M    n/a  n/a
   3   5f |   7 1.0   19    10M  164  502  75%    10M |  99.9   n/a   1   27  1.57M   16   26  61%  81.9M    n/a  n/a
   3   60 |   7 1.0   19   9.6M  170  540  76%    10M |  99.9   n/a   1   27  1.22M   12   26  68%  81.9M    n/a  n/a
   3   61 |   7 1.0   19    10M  175  520  74%    10M |  99.9   n/a   1   27  1.54M   16   32  66%  81.9M    n/a  n/a
   3   62 |   7 1.0   19   9.9M  172  551  76%    10M |  99.9   n/a   1   27  1.42M   14   27  65%  81.9M    n/a  n/a
   3   63 |   7 1.0   19  10.0M  164  514  75%    10M |  99.9   n/a   1   27  1.12M   13   32  71%  81.9M    n/a  n/a
   4   64 |   7 1.0   19    12M  206  526  71%    10M |  99.9   ovl   1   27  1.64M   16   17  51%  81.9M  -849n  n/a
   4   65 |   7 1.0   19    12M  205  397  65%    10M |  99.9   ovl   1   27  2.32M   24   21  46%  81.9M  -816n  n/a
   4   66 |   7 1.0   19    12M  218  481  68%    10M |  99.9   n/a   1   27  2.06M   20   23  53%  81.9M    n/a  n/a
   4   67 |   7 1.0   19    12M  194  437  69%    10M |  99.9   n/a   1   27  1.73M   17   22  56%  81.9M    n/a  n/a
   4   68 |   7 1.0   19    12M  228  503  68%    10M |  99.9   ovl   1   27  1.85M   18   20  52%  81.9M   765n  n/a
   4   69 |   7 1.0   19    13M  204  413  66%    10M |  99.9   ovl   1   27  1.77M   17   19  52%  81.9M  -570n  n/a
   4   6a |   7 1.0   19    12M  216  503  69%    10M |  99.9   n/a   1   27  1.67M   17   21  55%  81.9M    n/a  n/a
   4   6b |   7 1.0   19    13M  211  427  66%    10M |  99.9   ovl   1   27  2.14M   22   18  45%  81.9M   670n  n/a
   0   44 |   7 1.0   19   9.7M  169  431  71%    10M |  99.9   n/a   1   27  1.98M   20   24  54%  81.9M    n/a  n/a
   0   45 |   7 1.0   19    10M  162  418  72%    10M |  99.9   n/a   1   27  2.03M   21   15  41%  81.9M    n/a  n/a
   0   46 |   7 1.0   19    10M  171  424  71%    10M |  99.9   n/a   1   27  1.93M   20   18  47%  81.9M    n/a  n/a
   0   47 |   7 1.0   19    10M  163  455  73%    10M |  99.9   n/a   1   27  2.01M   20   21  51%  81.9M    n/a  n/a
   0   48 |   7 1.0   19   9.3M  174  501  74%    10M |  99.9   n/a   1   27  1.64M   17   16  48%  81.9M    n/a  n/a
   0   49 |   7 1.0   19    11M  172  371  68%    10M |  99.9   n/a   1   27  1.36M   15   20  57%  81.9M    n/a  n/a
   0   4a |   7 1.0   19    10M  183  472  72%    10M |  99.9   n/a   1   27  2.46M   26   14  35%  81.9M    n/a  n/a
   0   4b |   7 1.0   19  10.0M  162  433  72%    10M |  99.9   n/a   1   27  1.80M   19   19  50%  81.9M    n/a  n/a

          |--------------------DL---------------------|-------------------------------UL-----------------------------
 pci rnti | cqi  ri  mcs  brate   ok  nok  (%)  dl_bs | pusch  rsrp  ri  mcs  brate   ok  nok  (%)    bsr     ta  phr
   1   4c |   7 1.0   19   3.5M  128  527  80%    10M |  99.9   n/a   1   27   247k    7   28  80%  81.9M    n/a  n/a
   1   4d |   7 1.0   19   3.6M  126  438  77%    10M |  99.9   n/a   1   27   238k    6   24  80%  81.9M    n/a  n/a
   1   4e |   7 1.0   19   3.6M  131  465  78%    10M |  99.9   n/a   1   27   287k    7   22  75%  81.9M    n/a  n/a
   1   4f |   7 1.0   19   3.5M  122  420  77%    10M |  99.9   n/a   1   27   303k    9   30  76%  81.9M    n/a  n/a
   1   50 |   7 1.0   19   3.6M  132  476  78%    10M |  99.9   n/a   1   27   229k    6   28  82%  81.9M    n/a  n/a
   1   51 |   7 1.0   19   3.4M  116  384  76%    10M |  99.9   n/a   1   27   292k    8   30  78%  81.9M    n/a  n/a
   1   52 |   7 1.0   19   3.5M  128  463  78%    10M |  99.9   n/a   1   27   239k    6   28  82%  81.9M    n/a  n/a
   1   53 |   7 1.0   19   3.5M  124  432  77%    10M |  99.9   n/a   1   27   318k    7   21  75%  81.9M    n/a  n/a
   2   54 |   7 1.0   19   9.6M  192  578  75%    10M |  99.9   n/a   1   27   938k   10   27  72%  81.9M    n/a  n/a
   2   55 |   7 1.0   19   9.4M  174  522  75%    10M |  99.9   n/a   1   27  1.05M   12   26  68%  81.9M    n/a  n/a
   2   56 |   7 1.0   19   9.6M  196  595  75%    10M |  99.9   n/a   1   27   684k    8   26  76%  81.9M    n/a  n/a
   2   57 |   7 1.0   19   9.2M  182  523  74%    10M |  99.9   n/a   1   27   778k    9   26  74%  81.9M    n/a  n/a
   2   58 |   7 1.0   19   9.3M  179  599  76%    10M |  99.9   n/a   1   27   695k    8   23  74%  81.9M    n/a  n/a
   2   59 |   7 1.0   19   9.0M  173  559  76%    10M |  99.9   n/a   1   27   858k   11   27  71%  81.9M    n/a  n/a
   2   5a |   7 1.0   19   9.1M  183  596  76%    10M |  99.9   n/a   1   27  1.14M   13   24  64%  81.9M    n/a  n/a
   2   5b |   7 1.0   19   9.4M  174  502  74%    10M |  99.9   n/a   1   27   666k    8   27  77%  81.9M    n/a  n/a
   3   5c |   7 1.0   19    12M  207  530  71%    10M |  99.9   n/a   1   27  1.17M   12   23  65%  81.9M    n/a  n/a
   3   5d |   7 1.0   19    11M  192  467  70%    10M |  99.9   n/a   1   27  1.10M   12   24  66%  81.9M    n/a  n/a
   3   5e |   7 1.0   19    11M  195  543  73%    10M |  99.9   n/a   1   27  1.32M   14   24  63%  81.9M    n/a  n/a
   3   5f |   7 1.0   19    11M  194  492  71%    10M |  99.9   n/a   1   27  1.15M   13   22  62%  81.9M    n/a  n/a
   3   60 |   7 1.0   19    11M  205  480  70%    10M |  99.9   n/a   1   27  1.12M   12   21  63%  81.9M    n/a  n/a
   3   61 |   7 1.0   19    11M  200  475  70%    10M |  99.9   n/a   1   27  1.46M   15   21  58%  81.9M    n/a  n/a
   3   62 |   7 1.0   19    12M  209  510  70%    10M |  99.9   n/a   1   27  1.17M   12   22  64%  81.9M    n/a  n/a
   3   63 |   7 1.0   19    12M  189  518  73%    10M |  99.9   n/a   1   27  1.35M   12   24  66%  81.9M    n/a  n/a
   4   64 |   7 1.0   19   8.7M  157  555  77%    10M |  99.9   n/a   1   27   779k    8   25  75%  81.9M    n/a  n/a
   4   65 |   7 1.0   19   8.5M  141  553  79%    10M |  99.9   n/a   1   27   936k   11   29  72%  81.9M    n/a  n/a
   4   66 |   7 1.0   19   8.8M  159  572  78%    10M |  99.9   n/a   1   27  1.39M   14   25  64%  81.9M    n/a  n/a
   4   67 |   7 1.0   19   8.6M  145  596  80%    10M |  99.9   n/a   1   27   799k    8   25  75%  81.9M    n/a  n/a
   4   68 |   7 1.0   19   8.8M  150  581  79%    10M |  99.9   n/a   1   27  1.40M   15   21  58%  81.9M    n/a  n/a
   4   69 |   7 1.0   19   8.8M  144  578  80%    10M |  99.9   n/a   1   27   649k    8   26  76%  81.9M    n/a  n/a
   4   6a |   7 1.0   19   8.7M  155  648  80%    10M |  99.9   n/a   1   27   705k    8   29  78%  81.9M    n/a  n/a
   4   6b |   7 1.0   19   8.8M  148  523  77%    10M |  99.9   n/a   1   27  1.08M   11   26  70%  81.9M    n/a  n/a
   0   44 |   7 1.0   19   9.3M  162  505  75%    10M |  99.9   n/a   1   27  2.44M   25   13  34%  81.9M    n/a  n/a
   0   45 |   7 1.0   19    10M  166  418  71%    10M |  99.9   n/a   1   27  2.01M   20   13  39%  81.9M    n/a  n/a
   0   46 |   7 1.0   19    11M  192  377  66%    10M |  99.9   n/a   1   27  2.60M   28   14  33%  81.9M    n/a  n/a
   0   47 |   7 1.0   19    11M  181  434  70%    10M |  99.9   n/a   1   27  2.67M   27   14  34%  81.9M    n/a  n/a
   0   48 |   7 1.0   19    11M  197  460  70%    10M |  99.9   n/a   1   27  2.12M   22   14  38%  81.9M    n/a  n/a
   0   49 |   7 1.0   19    11M  179  404  69%    10M |  99.9   n/a   1   27  2.13M   20   15  42%  81.9M    n/a  n/a
   0   4a |   7 1.0   19    11M  186  430  69%    10M |  99.9   n/a   1   27  1.23M   12   20  62%  81.9M    n/a  n/a
   0   4b |   7 1.0   19    10M  173  426  71%    10M |  99.9   n/a   1   27  3.11M   30   15  33%  81.9M    n/a  n/a
   1   4c |   7 1.0   19   3.4M  132  476  78%    10M |  99.9   n/a   1   27   441k   12   26  68%  81.9M    n/a  n/a
   1   4d |   7 1.0   19   3.4M  117  457  79%    10M |  99.9   n/a   1   27   405k   11   26  70%  81.9M    n/a  n/a
   1   4e |   7 1.0   19   3.6M  127  496  79%    10M |  99.9   n/a   1   27   472k   11   27  71%  81.9M    n/a  n/a
   1   4f |   7 1.0   19   3.5M  129  446  77%    10M |  99.9   n/a   1   27   396k   11   24  68%  81.9M    n/a  n/a
   1   50 |   7 1.0   19   3.5M  129  455  77%    10M |  99.9   n/a   1   27   300k    8   27  77%  81.9M    n/a  n/a
   1   51 |   7 1.0   19   3.5M  121  403  76%    10M |  99.9   n/a   1   27   290k    8   25  75%  81.9M    n/a  n/a
   1   52 |   7 1.0   19   3.5M  136  466  77%    10M |  99.9   n/a   1   27   475k   13   27  67%  81.9M    n/a  n/a
   1   53 |   7 1.0   19   3.5M  123  442  78%    10M |  99.9   n/a   1   27   313k    9   29  76%  81.9M    n/a  n/a
   2   54 |   7 1.0   19   9.4M  175  586  77%    10M |  99.9   n/a   1   27  1.38M   14   23  62%  81.9M    n/a  n/a
   2   55 |   7 1.0   19   9.6M  178  476  72%    10M |  99.9   n/a   1   27  1.62M   18   18  50%  81.9M    n/a  n/a
   2   56 |   7 1.0   19   9.4M  175  604  77%    10M |  99.9   n/a   1   27  1.12M   12   28  70%  81.9M    n/a  n/a
   2   57 |   7 1.0   19   9.6M  176  492  73%    10M |  99.9   n/a   1   27  1.38M   16   23  58%  81.9M    n/a  n/a
   2   58 |   7 1.0   19   9.4M  193  639  76%    10M |  99.9   n/a   1   27  1.25M   15   22  59%  81.9M    n/a  n/a
   2   59 |   7 1.0   19   9.6M  181  508  73%    10M |  99.9   n/a   1   27  1.28M   15   20  57%  81.9M    n/a  n/a
   2   5a |   7 1.0   19   9.7M  199  533  72%    10M |  99.9   n/a   1   27  1.12M   12   26  68%  81.9M    n/a  n/a
   2   5b |   7 1.0   19   9.4M  172  462  72%    10M |  99.9   n/a   1   27  1.58M   18   20  52%  81.9M    n/a  n/a
   3   5c |   7 1.0   19    10M  176  604  77%    10M |  99.9   n/a   1   27  1.55M   17   26  60%  81.9M    n/a  n/a
   3   5d |   7 1.0   19  10.0M  162  529  76%    10M |  99.9   n/a   1   27  1.29M   14   29  67%  81.9M    n/a  n/a
   3   5e |   7 1.0   19    10M  179  571  76%    10M |  99.9   n/a   1   27   990k   10   27  72%  81.9M    n/a  n/a
   3   5f |   7 1.0   19    10M  165  479  74%    10M |  99.9   n/a   1   27  1.50M   15   28  65%  81.9M    n/a  n/a
   3   60 |   7 1.0   19    10M  189  578  75%    10M |  99.9   n/a   1   27  1.22M   12   27  69%  81.9M    n/a  n/a
   3   61 |   7 1.0   19    10M  169  533  75%    10M |  99.9   n/a   1   27  1.02M   10   28  73%  81.9M    n/a  n/a
   3   62 |   7 1.0   19    10M  187  545  74%    10M |  99.9   n/a   1   27  1.43M   14   29  67%  81.9M    n/a  n/a
   3   63 |   7 1.0   19    10M  176  527  74%    10M |  99.9   n/a   1   27  1.09M   12   28  70%  81.9M    n/a  n/a
   4   64 |   7 1.0   19    12M  208  541  72%    10M |  99.9   n/a   1   27  1.22M   13   26  66%  81.9M    n/a  n/a
   4   65 |   7 1.0   19    11M  189  473  71%    10M |  99.9   n/a   1   27  1.22M   11   19  63%  81.9M    n/a  n/a
   4   66 |   7 1.0   19    11M  194  537  73%    10M |  99.9   n/a   1   27  1.52M   15   22  59%  81.9M    n/a  n/a
   4   67 |   7 1.0   19    12M  197  458  69%    10M |  99.9   n/a   1   27  1.42M   15   26  63%  81.9M    n/a  n/a
   4   68 |   7 1.0   19    12M  214  573  72%    10M |  99.9   n/a   1   27  1.87M   18   25  58%  81.9M    n/a  n/a
   4   69 |   7 1.0   19    12M  186  445  70%    10M |  99.9   n/a   1   27  2.00M   18   22  55%  81.9M    n/a  n/a
   4   6a |   7 1.0   19    11M  195  503  72%    10M |  99.9   n/a   1   27  1.45M   14   22  61%  81.9M    n/a  n/a
   4   6b |   7 1.0   19    12M  195  414  67%    10M |  99.9   n/a   1   27  1.57M   17   24  58%  81.9M    n/a  n/a
   0   44 |   7 1.0   19   9.7M  188  496  72%    10M |  99.9   n/a   1   27  1.01M   10   19  65%  81.9M    n/a  n/a
   0   45 |   7 1.0   19   9.4M  155  442  74%    10M |  99.9   n/a   1   27  1.04M   10   16  61%  81.9M    n/a  n/a
   0   46 |   7 1.0   19   8.8M  157  565  78%    10M |  99.9   n/a   1   27  1.56M   15   20  57%  81.9M    n/a  n/a
   0   47 |   7 1.0   19   9.0M  157  494  75%    10M |  99.9   n/a   1   27  1.48M   15   20  57%  81.9M    n/a  n/a
   0   48 |   7 1.0   19   9.0M  162  544  77%    10M |  99.9   n/a   1   27  1.72M   16   14  46%  81.9M    n/a  n/a
   0   49 |   7 1.0   19   9.4M  160  499  75%    10M |  99.9   n/a   1   27  1.79M   17   16  48%  81.9M    n/a  n/a
   0   4a |   7 1.0   19   9.3M  166  503  75%    10M |  99.9   n/a   1   27  1.92M   19   16  45%  81.9M    n/a  n/a
   0   4b |   7 1.0   19   9.4M  154  477  75%    10M |  99.9   n/a   1   27  2.83M   29   18  38%  81.9M    n/a  n/a
   1   4c |   7 1.0   19   3.2M  124  483  79%    10M |  99.9   ovl   1   27   381k   11   22  66%  81.9M  -387n  n/a
   1   4d |   7 1.0   19   3.2M  117  470  80%    10M |  99.9   ovl   1   27   367k   10   22  68%  81.9M   106n  n/a
   1   4e |   7 1.0   19   3.3M  123  497  80%    10M |  99.9   ovl   1   27   319k    7   21  75%  81.9M  -230n  n/a
   1   4f |   7 1.0   19   3.2M  107  454  80%    10M |  99.9   ovl   1   27   445k   13   20  60%  81.9M  -520n  n/a
   1   50 |   7 1.0   19   3.2M  116  552  82%    10M |  99.9   ovl   1   27   454k   12   24  66%  81.9M   106n  n/a
   1   51 |   7 1.0   19   3.1M  103  497  82%    10M |  99.9   ovl   1   27   415k   11   24  68%  81.9M  -128n  n/a
   1   52 |   7 1.0   19   3.3M  133  548  80%    10M |  99.9   ovl   1   27   334k    9   21  70%  81.9M  -707n  n/a
   1   53 |   7 1.0   19   3.0M  108  517  82%    10M |  99.9   ovl   1   27   501k   13   20  60%  81.9M   416n  n/a

          |--------------------DL---------------------|-------------------------------UL-----------------------------
 pci rnti | cqi  ri  mcs  brate   ok  nok  (%)  dl_bs | pusch  rsrp  ri  mcs  brate   ok  nok  (%)    bsr     ta  phr
   2   54 |   7 1.0   19   8.6M  175  653  78%    10M |  99.9   n/a   1   27  1.05M   12   19  61%  81.9M    n/a  n/a
   2   55 |   7 1.0   19   8.4M  153  517  77%    10M |  99.9   n/a   1   27   545k    6   20  76%  81.9M    n/a  n/a
   2   56 |   7 1.0   19   8.6M  167  609  78%    10M |  99.9   n/a   1   27  1.01M   12   23  65%  81.9M    n/a  n/a
   2   57 |   7 1.0   19   8.5M  167  544  76%    10M |  99.9   n/a   1   27   643k    8   24  75%  81.9M    n/a  n/a
   2   58 |   7 1.0   19   8.5M  167  529  76%    10M |  99.9   n/a   1   27  1.13M   14   22  61%  81.9M    n/a  n/a
   2   59 |   7 1.0   19   8.5M  161  532  76%    10M |  99.9   n/a   1   27   811k    8   28  77%  81.9M    n/a  n/a
   2   5a |   7 1.0   19   8.7M  179  558  75%    10M |  99.9   n/a   1   27  1.07M   12   25  67%  81.9M    n/a  n/a
   2   5b |   7 1.0   19   8.6M  153  586  79%    10M |  99.9   n/a   1   27   920k   10   26  72%  81.9M    n/a  n/a
   3   5c |   7 1.0   19   9.6M  165  583  77%    10M |  99.9   n/a   1   27  1.16M   12   19  61%  81.9M    n/a  n/a
   3   5d |   7 1.0   19   9.8M  160  539  77%    10M |  99.9   n/a   1   27  1.84M   18   18  50%  81.9M    n/a  n/a
   3   5e |   7 1.0   19    10M  182  497  73%    10M |  99.9   n/a   1   27  1.19M   13   21  61%  81.9M    n/a  n/a
   3   5f |   7 1.0   19   9.7M  166  482  74%    10M |  99.9   n/a   1   27  1.19M   13   18  58%  81.9M    n/a  n/a
   3   60 |   7 1.0   19    10M  178  561  75%    10M |  99.9   n/a   1   27  1.39M   15   20  57%  81.9M    n/a  n/a
   3   61 |   7 1.0   19   9.7M  160  545  77%    10M |  99.9   n/a   1   27  1.63M   15   15  50%  81.9M    n/a  n/a
   3   62 |   7 1.0   19    10M  169  490  74%    10M |  99.9   n/a   1   27  1.25M   12   19  61%  81.9M    n/a  n/a
   3   63 |   7 1.0   19   9.8M  157  532  77%    10M |  99.9   n/a   1   27  1.39M   13   19  59%  81.9M    n/a  n/a
   4   64 |   7 1.0   19   9.0M  159  586  78%    10M |  99.9   n/a   1   27  1.26M   14   23  62%  81.9M    n/a  n/a
   4   65 |   7 1.0   19   8.9M  153  499  76%    10M |  99.9   ovl   1   27  1.72M   17   24  58%  81.9M    -1u  n/a
   4   66 |   7 1.0   19   8.9M  152  546  78%    10M |  99.9   n/a   1   27   969k   10   18  64%  81.9M    n/a  n/a
   4   67 |   7 1.0   19   8.6M  131  539  80%    10M |  99.9   ovl   1   27  1.69M   17   19  52%  81.9M   674n  n/a
   4   68 |   7 1.0   19   8.8M  154  586  79%    10M |  99.9   ovl   1   27  1.74M   17   19  52%  81.9M   670n  n/a
   4   69 |   7 1.0   19   9.0M  146  546  78%    10M |  99.9   n/a   1   27  1.32M   13   24  64%  81.9M    n/a  n/a
   4   6a |   7 1.0   19   8.9M  160  666  80%    10M |  99.9   n/a   1   27  1.33M   14   19  57%  81.9M    n/a  n/a
   4   6b |   7 1.0   19   8.8M  154  520  77%    10M |  99.9   n/a   1   27  1.21M   12   20  62%  81.9M    n/a  n/a
   0   44 |   7 1.0   19   9.6M  170  518  75%    10M |  99.9   n/a   1   27  1.44M   15   21  58%  81.9M    n/a  n/a
   0   45 |   7 1.0   19   9.7M  163  448  73%    10M |  99.9   n/a   1   27  1.47M   15   18  54%  81.9M    n/a  n/a
   0   46 |   7 1.0   19   9.6M  169  569  77%    10M |  99.9   n/a   1   27  1.67M   17   23  57%  81.9M    n/a  n/a
   0   47 |   7 1.0   19    10M  179  457  71%    10M |  99.9   n/a   1   27  2.29M   23   18  43%  81.9M    n/a  n/a
   0   48 |   7 1.0   19   9.7M  171  561  76%    10M |  99.9   n/a   1   27  1.89M   18   22  55%  81.9M    n/a  n/a
   0   49 |   7 1.0   19    10M  167  456  73%    10M |  99.9   n/a   1   27  2.34M   24   22  47%  81.9M    n/a  n/a
   0   4a |   7 1.0   19    11M  201  478  70%    10M |  99.9   n/a   1   27  2.27M   22   20  47%  81.9M    n/a  n/a
   0   4b |   7 1.0   19    10M  170  476  73%    10M |  99.9   n/a   1   27  1.44M   14   16  53%  81.9M    n/a  n/a
   1   4c |   7 1.0   19   4.3M  154  441  74%    10M |  99.9   n/a   1   27   535k   13   23  63%  81.9M    n/a  n/a
   1   4d |   7 1.0   19   4.4M  148  391  72%    10M |  99.9   n/a   1   27   627k   17   19  52%  81.9M    n/a  n/a
   1   4e |   7 1.0   19   4.3M  157  386  71%    10M |  99.9   n/a   1   27   651k   17   20  54%  81.9M    n/a  n/a
   1   4f |   7 1.0   19   4.3M  149  396  72%    10M |  99.9   n/a   1   27   508k   13   21  61%  81.9M    n/a  n/a
   1   50 |   7 1.0   19   4.2M  154  461  74%    10M |  99.9   n/a   1   27   584k   16   23  58%  81.9M    n/a  n/a
   1   51 |   7 1.0   19   4.2M  146  380  72%    10M |  99.9   n/a   1   27   635k   16   24  60%  81.9M    n/a  n/a
   1   52 |   7 1.0   19   4.3M  162  426  72%    10M |  99.9   n/a   1   27   567k   16   21  56%  81.9M    n/a  n/a
   1   53 |   7 1.0   19   4.2M  147  425  74%    10M |  99.9   n/a   1   27   472k   12   23  65%  81.9M    n/a  n/a
   2   54 |   7 1.0   19   8.5M  165  599  78%    10M |  99.9   n/a   1   27  1.18M   14   28  66%  81.9M    n/a  n/a
   2   55 |   7 1.0   19   8.8M  167  552  76%    10M |  99.9   n/a   1   27  1.41M   15   29  65%  81.9M    n/a  n/a
   2   56 |   7 1.0   19   9.2M  172  595  77%    10M |  99.9   n/a   1   27  1.26M   15   26  63%  81.9M    n/a  n/a
   2   57 |   7 1.0   19   8.8M  166  517  75%    10M |  99.9   n/a   1   27   893k   10   28  73%  81.9M    n/a  n/a
   2   58 |   7 1.0   19   9.2M  186  572  75%    10M |  99.9   n/a   1   27  1.22M   14   30  68%  81.9M    n/a  n/a
   2   59 |   7 1.0   19   8.7M  166  537  76%    10M |  99.9   n/a   1   27  1.06M   11   28  71%  81.9M    n/a  n/a
   2   5a |   7 1.0   19   8.5M  175  596  77%    10M |  99.9   n/a   1   27  1.46M   18   28  60%  81.9M    n/a  n/a
   2   5b |   7 1.0   19   8.7M  167  602  78%    10M |  99.9   n/a   1   27  1.01M   12   26  68%  81.9M    n/a  n/a
   3   5c |   7 1.0   19    11M  182  579  76%    10M |  99.9   n/a   1   27  1.61M   15   25  62%  81.9M    n/a  n/a
   3   5d |   7 1.0   19    10M  173  489  73%    10M |  99.9   n/a   1   27  1.70M   18   26  59%  81.9M    n/a  n/a
   3   5e |   7 1.0   19   9.8M  175  577  76%    10M |  99.9   n/a   1   27  1.30M   13   27  67%  81.9M    n/a  n/a
   3   5f |   7 1.0   19    10M  174  532  75%    10M |  99.9   n/a   1   27  1.69M   17   27  61%  81.9M    n/a  n/a
   3   60 |   7 1.0   19    10M  188  519  73%    10M |  99.9   n/a   1   27  1.41M   14   26  65%  81.9M    n/a  n/a
   3   61 |   7 1.0   19    10M  169  496  74%    10M |  99.9   n/a   1   27  1.21M   12   30  71%  81.9M    n/a  n/a
   3   62 |   7 1.0   19    10M  186  566  75%    10M |  99.9   n/a   1   27  1.54M   16   24  60%  81.9M    n/a  n/a
   3   63 |   7 1.0   19    10M  171  540  75%    10M |  99.9   n/a   1   27  1.21M   12   25  67%  81.9M    n/a  n/a
   4   64 |   7 1.0   19    13M  217  427  66%    10M |  99.9   n/a   1   27  1.92M   19   23  54%  81.9M    n/a  n/a
   4   65 |   7 1.0   19    13M  212  429  66%    10M |  99.9   n/a   1   27  1.47M   15   23  60%  81.9M    n/a  n/a
   4   66 |   7 1.0   19    13M  218  461  67%    10M |  99.9   n/a   1   27  1.63M   15   21  58%  81.9M    n/a  n/a
   4   67 |   7 1.0   19    13M  218  456  67%    10M |  99.9   n/a   1   27  1.49M   14   18  56%  81.9M    n/a  n/a
   4   68 |   7 1.0   19    13M  233  446  65%    10M |  99.9   n/a   1   27  1.82M   19   22  53%  81.9M    n/a  n/a
   4   69 |   7 1.0   19    13M  214  463  68%    10M |  99.9   n/a   1   27  2.15M   20   18  47%  81.9M    n/a  n/a
   4   6a |   7 1.0   19    12M  214  495  69%    10M |  99.9   n/a   1   27  1.98M   19   18  48%  81.9M    n/a  n/a
   4   6b |   7 1.0   19    13M  214  456  68%    10M |  99.9   n/a   1   27  1.95M   20   22  52%  81.9M    n/a  n/a
   0   44 |   7 1.0   19   9.5M  171  576  77%    10M |  99.9   n/a   1   27  1.92M   20   19  48%  81.9M    n/a  n/a
   0   45 |   7 1.0   19    10M  161  518  76%    10M |  99.9   n/a   1   27  1.73M   17   13  43%  81.9M    n/a  n/a
   0   46 |   7 1.0   19    10M  182  499  73%    10M |  99.9   n/a   1   27  1.43M   14   18  56%  81.9M    n/a  n/a
   0   47 |   7 1.0   19    10M  161  495  75%    10M |  99.9   n/a   1   27  1.84M   18   17  48%  81.9M    n/a  n/a
   0   48 |   7 1.0   19   9.8M  180  541  75%    10M |  99.9   n/a   1   27  1.12M   11   23  67%  81.9M    n/a  n/a
   0   49 |   7 1.0   19   9.7M  165  448  73%    10M |  99.9   n/a   1   27  1.63M   16   16  50%  81.9M    n/a  n/a
   0   4a |   7 1.0   19    11M  203  533  72%    10M |  99.9   n/a   1   27  1.08M   12   18  60%  81.9M    n/a  n/a
   0   4b |   7 1.0   19   9.8M  158  464  74%    10M |  99.9   n/a   1   27  1.12M   11   16  59%  81.9M    n/a  n/a
   1   4c |   7 1.0   19   3.2M  126  515  80%    10M |  99.9   ovl   1   27   545k   15   21  58%  81.9M   321n  n/a
   1   4d |   7 1.0   19   3.1M  104  426  80%    10M |  99.9   ovl   1   27   687k   19   21  52%  81.9M   223n  n/a
   1   4e |   7 1.0   19   3.3M  128  488  79%    10M |  99.9   ovl   1   27   423k   11   23  67%  81.9M  -333n  n/a
   1   4f |   7 1.0   19   3.1M  113  458  80%    10M |  99.9   ovl   1   27   507k   14   20  58%  81.9M   948n  n/a
   1   50 |   7 1.0   19   3.1M  111  546  83%    10M |  99.9   ovl   1   27   582k   14   21  60%  81.9M  -627n  n/a
   1   51 |   7 1.0   19   3.2M  110  453  80%    10M |  99.9   ovl   1   27   493k   14   22  61%  81.9M  -225n  n/a
   1   52 |   7 1.0   19   3.3M  125  506  80%    10M |  99.9   ovl   1   27   445k   12   21  63%  81.9M  -397n  n/a
   1   53 |   7 1.0   19   3.3M  111  436  79%    10M |  99.9   ovl   1   27   548k   14   21  60%  81.9M   377n  n/a
   2   54 |   7 1.0   19   8.9M  177  626  77%    10M |  99.9   n/a   1   27  1.38M   16   19  54%  81.9M    n/a  n/a
   2   55 |   7 1.0   19   9.3M  177  596  77%    10M |  99.9   n/a   1   27  1.09M   13   20  60%  81.9M    n/a  n/a
   2   56 |   7 1.0   19   9.3M  188  527  73%    10M |  99.9   n/a   1   27   986k   10   20  66%  81.9M    n/a  n/a
   2   57 |   7 1.0   19   9.5M  178  517  74%    10M |  99.9   n/a   1   27  1.05M   12   21  63%  81.9M    n/a  n/a
   2   58 |   7 1.0   19   9.3M  189  541  74%    10M |  99.9   n/a   1   27  1.30M   15   20  57%  81.9M    n/a  n/a
   2   59 |   7 1.0   19   9.4M  178  535  75%    10M |  99.9   n/a   1   27  1.06M   12   21  63%  81.9M    n/a  n/a
   2   5a |   7 1.0   19   8.8M  183  592  76%    10M |  99.9   n/a   1   27  1.19M   14   22  61%  81.9M    n/a  n/a
   2   5b |   7 1.0   19   9.3M  178  512  74%    10M |  99.9   n/a   1   27  1.34M   16   19  54%  81.9M    n/a  n/a

          |--------------------DL---------------------|-------------------------------UL-----------------------------
 pci rnti | cqi  ri  mcs  brate   ok  nok  (%)  dl_bs | pusch  rsrp  ri  mcs  brate   ok  nok  (%)    bsr     ta  phr
   3   5c |   7 1.0   19    12M  215  452  67%    10M |  99.9   ovl   1   27  2.26M   24   19  44%  81.9M  -251n  n/a
   3   5d |   7 1.0   19    12M  211  447  67%    10M |  99.9   ovl   1   27  2.05M   20   21  51%  81.9M   164n  n/a
   3   5e |   7 1.0   19    11M  193  559  74%    10M |  99.9   ovl   1   27  1.96M   20   21  51%  81.9M   265n  n/a
   3   5f |   7 1.0   19    12M  201  445  68%    10M |  99.9   ovl   1   27  1.84M   19   21  52%  81.9M    32n  n/a
   3   60 |   7 1.0   19    12M  208  495  70%    10M |  99.9   ovl   1   27  2.10M   22   23  51%  81.9M     5n  n/a
   3   61 |   7 1.0   19    12M  210  466  68%    10M |  99.9   ovl   1   27  2.18M   24   18  42%  81.9M   225n  n/a
   3   62 |   7 1.0   19    13M  222  468  67%    10M |  99.9   ovl   1   27  2.12M   21   22  51%  81.9M    48n  n/a
   3   63 |   7 1.0   19    12M  202  463  69%    10M |  99.9   ovl   1   27  2.56M   25   19  43%  81.9M   852n  n/a
   4   64 |   7 1.0   19   9.1M  167  588  77%    10M |  99.9   ovl   1   27  1.01M   10   19  65%  81.9M  -407n  n/a
   4   65 |   7 1.0   19   9.3M  156  530  77%    10M |  99.9   ovl   1   27  1.46M   16   24  60%  81.9M   686n  n/a
   4   66 |   7 1.0   19   9.0M  151  603  79%    10M |  99.9   ovl   1   27  1.56M   14   22  61%  81.9M  -919n  n/a
   4   67 |   7 1.0   19   9.1M  151  520  77%    10M |  99.9   ovl   1   27  1.31M   12   23  65%  81.9M   670n  n/a
   4   68 |   7 1.0   19   9.3M  153  631  80%    10M |  99.9   ovl   1   27  1.37M   14   22  61%  81.9M  -570n  n/a
   4   69 |   7 1.0   19   9.2M  151  566  78%    10M |  99.9   ovl   1   27  1.23M   13   23  63%  81.9M   765n  n/a
   4   6a |   7 1.0   19   9.3M  168  598  78%    10M |  99.9   ovl   1   27  1.21M   13   24  64%  81.9M   975n  n/a
   4   6b |   7 1.0   19   9.0M  154  566  78%    10M |  99.9   ovl   1   27  1.28M   14   24  63%  81.9M  -849n  n/a
   0   44 |   7 1.0   19    10M  183  482  72%    10M |  99.9   n/a   1   27  2.51M   26   22  45%  81.9M    n/a  n/a
   0   45 |   7 1.0   19    10M  168  478  73%    10M |  99.9   n/a   1   27  1.66M   17   19  52%  81.9M    n/a  n/a
   0   46 |   7 1.0   19   9.9M  177  544  75%    10M |  99.9   n/a   1   27  2.33M   24   15  38%  81.9M    n/a  n/a
   0   47 |   7 1.0   19  10.0M  165  512  75%    10M |  99.9   n/a   1   27  1.37M   13   14  51%  81.9M    n/a  n/a
   0   48 |   7 1.0   19    11M  183  485  72%    10M |  99.9   n/a   1   27  2.12M   21   17  44%  81.9M    n/a  n/a
   0   49 |   7 1.0   19   9.8M  163  487  74%    10M |  99.9   n/a   1   27  2.91M   28   18  39%  81.9M    n/a  n/a
   0   4a |   7 1.0   19    10M  179  490  73%    10M |  99.9   n/a   1   27  1.91M   19   21  52%  81.9M    n/a  n/a
   0   4b |   7 1.0   19  10.0M  154  475  75%    10M |  99.9   n/a   1   27  1.16M   11   22  66%  81.9M    n/a  n/a
   1   4c |   7 1.0   19   3.3M  128  517  80%    10M |  99.9   n/a   1   27   431k   11   15  57%  81.9M    n/a  n/a
   1   4d |   7 1.0   19   3.6M  127  443  77%    10M |  99.9   n/a   1   27   400k   10   20  66%  81.9M    n/a  n/a
   1   4e |   7 1.0   19   3.7M  129  486  79%    10M |  99.9   n/a   1   27   401k   11   24  68%  81.9M    n/a  n/a
   1   4f |   7 1.0   19   3.5M  123  453  78%    10M |  99.9   n/a   1   27   541k   14   17  54%  81.9M    n/a  n/a
   1   50 |   7 1.0   19   3.7M  132  489  78%    10M |  99.9   n/a   1   27   151k    4   23  85%  81.9M    n/a  n/a
   1   51 |   7 1.0   19   3.5M  131  448  77%    10M |  99.9   n/a   1   27   406k   12   20  62%  81.9M    n/a  n/a
   1   52 |   7 1.0   19   3.7M  132  451  77%    10M |  99.9   n/a   1   27   234k    8   21  72%  81.9M    n/a  n/a
   1   53 |   7 1.0   19   3.5M  123  437  78%    10M |  99.9   n/a   1   27   237k    7   22  75%  81.9M    n/a  n/a
   2   54 |   7 1.0   19   8.3M  164  537  76%    10M |  99.9   n/a   1   27  1.15M   12   25  67%  81.9M    n/a  n/a
   2   55 |   7 1.0   19   8.4M  155  565  78%    10M |  99.9   n/a   1   27  1.08M   13   27  67%  81.9M    n/a  n/a
   2   56 |   7 1.0   19   8.2M  156  568  78%    10M |  99.9   n/a   1   27  1.21M   13   27  67%  81.9M    n/a  n/a
   2   57 |   7 1.0   19   8.5M  165  575  77%    10M |  99.9   n/a   1   27   903k   11   28  71%  81.9M    n/a  n/a
   2   58 |   7 1.0   19   8.3M  162  632  79%    10M |  99.9   n/a   1   27  1.08M   13   24  64%  81.9M    n/a  n/a
   2   59 |   7 1.0   19   8.0M  154  567  78%    10M |  99.9   ovl   1   27   856k   10   27  72%  81.9M  -358n  n/a
   2   5a |   7 1.0   19   8.4M  157  607  79%    10M |  99.9   n/a   1   27   889k   11   26  70%  81.9M    n/a  n/a
   2   5b |   7 1.0   19   8.4M  157  563  78%    10M |  99.9   n/a   1   27   766k    9   28  75%  81.9M    n/a  n/a
   3   5c |   7 1.0   19    11M  200  459  69%    10M |  99.9   n/a   1   27  1.77M   19   23  54%  81.9M    n/a  n/a
   3   5d |   7 1.0   19    10M  179  471  72%    10M |  99.9   n/a   1   27  1.82M   19   15  44%  81.9M    n/a  n/a
   3   5e |   7 1.0   19    10M  184  562  75%    10M |  99.9   n/a   1   27  1.71M   18   27  60%  81.9M    n/a  n/a
   3   5f |   7 1.0   19    10M  176  459  72%    10M |  99.9   ovl   1   27  2.57M   26   11  29%  81.9M  -797n  n/a
   3   60 |   7 1.0   19    10M  171  529  75%    10M |  99.9   n/a   1   27  1.23M   12   24  66%  81.9M    n/a  n/a
   3   61 |   7 1.0   19   9.7M  162  494  75%    10M |  99.9   n/a   1   27  1.24M   13   15  53%  81.9M    n/a  n/a
   3   62 |   7 1.0   19    11M  179  496  73%    10M |  99.9   n/a   1   27  1.66M   17   23  57%  81.9M    n/a  n/a
   3   63 |   7 1.0   19    11M  183  489  72%    10M |  99.9   n/a   1   27  1.78M   19   19  50%  81.9M    n/a  n/a
   4   64 |   7 1.0   19   9.4M  161  613  79%    10M |  99.9   n/a   1   27  1.14M   11   22  66%  81.9M    n/a  n/a
   4   65 |   7 1.0   19   9.7M  162  541  76%    10M |  99.9   n/a   1   27  1.22M   13   20  60%  81.9M    n/a  n/a
   4   66 |   7 1.0   19   9.3M  162  535  76%    10M |  99.9   n/a   1   27   922k   10   20  66%  81.9M    n/a  n/a
   4   67 |   7 1.0   19   9.7M  167  563  77%    10M |  99.9   n/a   1   27  1.51M   16   22  57%  81.9M    n/a  n/a
   4   68 |   7 1.0   19   9.9M  180  565  75%    10M |  99.9   n/a   1   27  1.24M   12   19  61%  81.9M    n/a  n/a
   4   69 |   7 1.0   19   9.7M  153  517  77%    10M |  99.9   n/a   1   27  1.09M   11   24  68%  81.9M    n/a  n/a
   4   6a |   7 1.0   19    10M  172  522  75%    10M |  99.9   n/a   1   27   986k   10   20  66%  81.9M    n/a  n/a
   4   6b |   7 1.0   19   9.5M  159  537  77%    10M |  99.9   n/a   1   27  1.12M   12   20  62%  81.9M    n/a  n/a
   0   44 |   7 1.0   19    10M  173  598  77%    10M |  99.9   n/a   1   27  1.18M   11   25  69%  81.9M    n/a  n/a
   0   45 |   7 1.0   19   9.9M  169  523  75%    10M |  99.9   n/a   1   27  1.47M   15   24  61%  81.9M    n/a  n/a
   0   46 |   7 1.0   19    10M  176  586  76%    10M |  99.9   n/a   1   27  1.42M   14   24  63%  81.9M    n/a  n/a
   0   47 |   7 1.0   19  10.0M  167  487  74%    10M |  99.9   n/a   1   27  1.51M   15   26  63%  81.9M    n/a  n/a
   0   48 |   7 1.0   19  10.0M  181  501  73%    10M |  99.9   n/a   1   27  1.27M   13   24  64%  81.9M    n/a  n/a
   0   49 |   7 1.0   19    10M  164  474  74%    10M |  99.9   n/a   1   27  1.36M   13   19  59%  81.9M    n/a  n/a
   0   4a |   7 1.0   19   9.8M  165  558  77%    10M |  99.9   n/a   1   27  1.39M   13   28  68%  81.9M    n/a  n/a
   0   4b |   7 1.0   19   9.7M  161  536  76%    10M |  99.9   n/a   1   27  1.67M   17   27  61%  81.9M    n/a  n/a
   1   4c |   7 1.0   19   3.3M  126  519  80%    10M |  99.9   n/a   1   27   383k    9   20  68%  81.9M    n/a  n/a
   1   4d |   7 1.0   19   3.3M  118  417  77%    10M |  99.9   n/a   1   27   740k   19   18  48%  81.9M    n/a  n/a
   1   4e |   7 1.0   19   3.4M  124  500  80%    10M |  99.9   n/a   1   27   428k   11   24  68%  81.9M    n/a  n/a
   1   4f |   7 1.0   19   3.5M  127  465  78%    10M |  99.9   n/a   1   27   492k   13   21  61%  81.9M    n/a  n/a
   1   50 |   7 1.0   19   3.4M  128  478  78%    10M |  99.9   n/a   1   27   536k   15   20  57%  81.9M    n/a  n/a
   1   51 |   7 1.0   19   3.3M  113  416  78%    10M |  99.9   n/a   1   27   518k   14   19  57%  81.9M    n/a  n/a
   1   52 |   7 1.0   19   3.5M  130  462  78%    10M |  99.9   n/a   1   27   291k    8   23  74%  81.9M    n/a  n/a
   1   53 |   7 1.0   19   3.4M  116  465  80%    10M |  99.9   n/a   1   27   510k   13   22  62%  81.9M    n/a  n/a
   2   54 |   7 1.0   19    10M  194  586  75%    10M |  99.9   n/a   1   27  1.46M   18   23  56%  81.9M    n/a  n/a
   2   55 |   7 1.0   19    10M  191  524  73%    10M |  99.9   n/a   1   27  1.28M   15   22  59%  81.9M    n/a  n/a
   2   56 |   7 1.0   19  10.0M  214  596  73%    10M |  99.9   n/a   1   27  1.91M   22   22  50%  81.9M    n/a  n/a
   2   57 |   7 1.0   19    10M  192  502  72%    10M |  99.9   n/a   1   27  1.28M   15   24  61%  81.9M    n/a  n/a
   2   58 |   7 1.0   19    11M  220  536  70%    10M |  99.9   n/a   1   27  1.58M   18   22  55%  81.9M    n/a  n/a
   2   59 |   7 1.0   19    10M  200  492  71%    10M |  99.9   n/a   1   27  1.34M   16   25  60%  81.9M    n/a  n/a
   2   5a |   7 1.0   19    11M  212  538  71%    10M |  99.9   n/a   1   27  1.42M   16   22  57%  81.9M    n/a  n/a
   2   5b |   7 1.0   19    10M  194  519  72%    10M |  99.9   n/a   1   27  1.43M   17   21  55%  81.9M    n/a  n/a
   3   5c |   7 1.0   19   9.7M  166  504  75%    10M |  99.9   n/a   1   27  2.38M   25   15  37%  81.9M    n/a  n/a
   3   5d |   7 1.0   19    11M  178  458  72%    10M |  99.9   n/a   1   27  1.41M   16   21  56%  81.9M    n/a  n/a
   3   5e |   7 1.0   19    10M  172  422  71%    10M |  99.9   n/a   1   27  1.77M   17   15  46%  81.9M    n/a  n/a
   3   5f |   7 1.0   19    10M  174  429  71%    10M |  99.9   n/a   1   27  1.46M   15   24  61%  81.9M    n/a  n/a
   3   60 |   7 1.0   19   9.5M  158  492  75%    10M |  99.9   n/a   1   27  1.79M   18   14  43%  81.9M    n/a  n/a
   3   61 |   7 1.0   19    10M  184  433  70%    10M |  99.9   n/a   1   27  1.13M   12   21  63%  81.9M    n/a  n/a
   3   62 |   7 1.0   19   9.9M  176  491  73%    10M |  99.9   n/a   1   27  1.11M   12   17  58%  81.9M    n/a  n/a
   3   63 |   7 1.0   19    10M  166  440  72%    10M |  99.9   n/a   1   27  1.40M   14   15  51%  81.9M    n/a  n/a

          |--------------------DL---------------------|-------------------------------UL-----------------------------
 pci rnti | cqi  ri  mcs  brate   ok  nok  (%)  dl_bs | pusch  rsrp  ri  mcs  brate   ok  nok  (%)    bsr     ta  phr
   4   64 |   7 1.0   19   9.7M  175  542  75%    10M |  99.9   n/a   1   27  1.22M   12   26  68%  81.9M    n/a  n/a
   4   65 |   7 1.0   19   9.6M  155  489  75%    10M |  99.9   n/a   1   27  1.24M   11   23  67%  81.9M    n/a  n/a
   4   66 |   7 1.0   19   9.5M  168  645  79%    10M |  99.9   n/a   1   27  1.16M   13   22  62%  81.9M    n/a  n/a
   4   67 |   7 1.0   19   9.8M  168  512  75%    10M |  99.9   n/a   1   27  1.44M   14   20  58%  81.9M    n/a  n/a
   4   68 |   7 1.0   19   9.9M  172  516  75%    10M |  99.9   n/a   1   27  1.29M   13   24  64%  81.9M    n/a  n/a
   4   69 |   7 1.0   19   9.7M  161  500  75%    10M |  99.9   n/a   1   27  1.22M   13   24  64%  81.9M    n/a  n/a
   4   6a |   7 1.0   19   9.4M  153  638  80%    10M |  99.9   n/a   1   27  1.31M   13   24  64%  81.9M    n/a  n/a
   4   6b |   7 1.0   19   9.9M  174  523  75%    10M |  99.9   n/a   1   27  1.30M   13   22  62%  81.9M    n/a  n/a
   0   44 |   7 1.0   19   9.9M  166  535  76%    10M |  99.9   n/a   1   27  1.78M   17   18  51%  81.9M    n/a  n/a
   0   45 |   7 1.0   19    10M  168  518  75%    10M |  99.9   n/a   1   27  1.81M   18   17  48%  81.9M    n/a  n/a
   0   46 |   7 1.0   19   9.5M  163  552  77%    10M |  99.9   n/a   1   27  1.80M   20   18  47%  81.9M    n/a  n/a
   0   47 |   7 1.0   19   9.7M  156  456  74%    10M |  99.9   n/a   1   27  1.31M   14   17  54%  81.9M    n/a  n/a
   0   48 |   7 1.0   19   9.6M  166  514  75%    10M |  99.9   ovl   1   27  1.45M   15   20  57%  81.9M  -348n  n/a
   0   49 |   7 1.0   19    10M  161  469  74%    10M |  99.9   n/a   1   27  1.75M   17   13  43%  81.9M    n/a  n/a
   0   4a |   7 1.0   19   9.4M  167  596  78%    10M |  99.9   n/a   1   27  1.30M   13   21  61%  81.9M    n/a  n/a
   0   4b |   7 1.0   19    10M  157  478  75%    10M |  99.9   n/a   1   27  1.69M   18   21  53%  81.9M    n/a  n/a
   1   4c |   7 1.0   19   3.2M  128  467  78%    10M |  99.9   n/a   1   27   254k    7   24  77%  81.9M    n/a  n/a
   1   4d |   7 1.0   19   3.5M  117  443  79%    10M |  99.9   n/a   1   27   416k   11   23  67%  81.9M    n/a  n/a
   1   4e |   7 1.0   19   3.3M  125  508  80%    10M |  99.9   n/a   1   27   790k   22   17  43%  81.9M    n/a  n/a
   1   4f |   7 1.0   19   3.3M  122  481  79%    10M |  99.9   n/a   1   27   472k   13   21  61%  81.9M    n/a  n/a
   1   50 |   7 1.0   19   3.5M  130  456  77%    10M |  99.9   n/a   1   27   277k    7   19  73%  81.9M    n/a  n/a
   1   51 |   7 1.0   19   3.4M  117  453  79%    10M |  99.9   n/a   1   27   437k   13   22  62%  81.9M    n/a  n/a
   1   52 |   7 1.0   19   3.5M  132  476  78%    10M |  99.9   n/a   1   27   696k   19   18  48%  81.9M    n/a  n/a
   1   53 |   7 1.0   19   3.2M  116  442  79%    10M |  99.9   n/a   1   27   447k   13   16  55%  81.9M    n/a  n/a
   2   54 |   7 1.0   19   7.1M  141  655  82%    10M |  99.9   ovl   1   27   838k   10   19  65%  81.9M   941n  n/a
   2   55 |   7 1.0   19   7.0M  132  562  80%    10M |  99.9   ovl   1   27   805k    9   23  71%  81.9M  -467n  n/a
   2   56 |   7 1.0   19   7.0M  135  682  83%    10M |  99.9   ovl   1   27   858k   10   22  68%  81.9M   -21n  n/a
   2   57 |   7 1.0   19   6.9M  129  597  82%    10M |  99.9   ovl   1   27   715k    8   24  75%  81.9M    83n  n/a
   2   58 |   7 1.0   19   6.8M  140  666  82%    10M |  99.9   ovl   1   27   502k    5   24  82%  81.9M  -788n  n/a
   2   59 |   7 1.0   19   7.0M  129  601  82%    10M |  99.9   ovl   1   27   949k   12   23  65%  81.9M   763n  n/a
   2   5a |   7 1.0   19   7.3M  149  617  80%    10M |  99.9   ovl   1   27   629k    8   25  75%  81.9M  -747n  n/a
   2   5b |   7 1.0   19   6.6M  129  523  80%    10M |  99.9   ovl   1   27   508k    5   22  81%  81.9M    -1u  n/a
   3   5c |   7 1.0   19   9.6M  163  576  77%    10M |  99.9   n/a   1   27   906k    9   21  70%  81.9M    n/a  n/a
   3   5d |   7 1.0   19   9.4M  151  517  77%    10M |  99.9   n/a   1   27  1.14M   10   22  68%  81.9M    n/a  n/a
   3   5e |   7 1.0   19   9.7M  167  555  76%    10M |  99.9   n/a   1   27   877k    9   22  70%  81.9M    n/a  n/a
   3   5f |   7 1.0   19   9.7M  157  530  77%    10M |  99.9   n/a   1   27  1.16M   11   18  62%  81.9M    n/a  n/a
   3   60 |   7 1.0   19   9.1M  157  588  78%    10M |  99.9   n/a   1   27   832k    8   21  72%  81.9M    n/a  n/a
   3   61 |   7 1.0   19   9.7M  162  453  73%    10M |  99.9   n/a   1   27  1.26M   13   19  59%  81.9M    n/a  n/a
   3   62 |   7 1.0   19   9.7M  167  572  77%    10M |  99.9   n/a   1   27  1.04M   10   22  68%  81.9M    n/a  n/a
   3   63 |   7 1.0   19   9.4M  157  530  77%    10M |  99.9   n/a   1   27  1.02M   10   23  69%  81.9M    n/a  n/a
   4   64 |   7 1.0   19    11M  189  513  73%    10M |  99.9   n/a   1   27  1.30M   13   25  65%  81.9M    n/a  n/a
   4   65 |   7 1.0   19    11M  172  511  74%    10M |  99.9   n/a   1   27  1.51M   16   21  56%  81.9M    n/a  n/a
   4   66 |   7 1.0   19    11M  194  558  74%    10M |  99.9   n/a   1   27  1.58M   17   24  58%  81.9M    n/a  n/a
   4   67 |   7 1.0   19    11M  183  471  72%    10M |  99.9   n/a   1   27  1.43M   15   19  55%  81.9M    n/a  n/a
   4   68 |   7 1.0   19    11M  190  537  73%    10M |  99.9   n/a   1   27  1.83M   19   22  53%  81.9M    n/a  n/a
   4   69 |   7 1.0   19    11M  183  494  72%    10M |  99.9   n/a   1   27  1.56M   16   23  58%  81.9M    n/a  n/a
   4   6a |   7 1.0   19    11M  198  521  72%    10M |  99.9   n/a   1   27  1.08M   12   26  68%  81.9M    n/a  n/a
   4   6b |   7 1.0   19    11M  180  500  73%    10M |  99.9   n/a   1   27  1.37M   15   25  62%  81.9M    n/a  n/a
   0   44 |   7 1.0   19    10M  182  526  74%    10M |  99.9   n/a   1   27  1.63M   17   19  52%  81.9M    n/a  n/a
   0   45 |   7 1.0   19    10M  169  469  73%    10M |  99.9   n/a   1   27  2.06M   21   16  43%  81.9M    n/a  n/a
   0   46 |   7 1.0   19    10M  176  526  74%    10M |  99.9   n/a   1   27  2.27M   25   16  39%  81.9M    n/a  n/a
   0   47 |   7 1.0   19    10M  163  469  74%    10M |  99.9   n/a   1   27  1.67M   19   19  50%  81.9M    n/a  n/a
   0   48 |   7 1.0   19    10M  185  533  74%    10M |  99.9   ovl   1   27  1.67M   17   17  50%  81.9M    17n  n/a
   0   49 |   7 1.0   19    11M  178  476  72%    10M |  99.9   n/a   1   27  2.15M   22   16  42%  81.9M    n/a  n/a
   0   4a |   7 1.0   19    10M  184  500  73%    10M |  99.9   n/a   1   27  1.13M   12   16  57%  81.9M    n/a  n/a
   0   4b |   7 1.0   19    11M  176  482  73%    10M |  99.9   n/a   1   27  1.36M   14   16  53%  81.9M    n/a  n/a
   1   4c |   7 1.0   19   3.8M  148  512  77%    10M |  99.9   ovl   1   27   682k   17   23  57%  81.9M   142n  n/a
   1   4d |   7 1.0   19   3.7M  132  431  76%    10M |  99.9   ovl   1   27   450k   12   20  62%  81.9M   228n  n/a
   1   4e |   7 1.0   19   3.6M  142  511  78%    10M |  99.9   ovl   1   27   764k   21   23  52%  81.9M   236n  n/a
   1   4f |   7 1.0   19   3.7M  135  408  75%    10M |  99.9   ovl   1   27   576k   16   20  55%  81.9M   673n  n/a
   1   50 |   7 1.0   19   3.9M  145  452  75%    10M |  99.9   ovl   1   27   675k   19   22  53%  81.9M   -15n  n/a
   1   51 |   7 1.0   19   3.8M  129  401  75%    10M |  99.9   ovl   1   27   568k   16   20  55%  81.9M   115n  n/a
   1   52 |   7 1.0   19   3.9M  151  471  75%    10M |  99.9   ovl   1   27   575k   17   19  52%  81.9M     3n  n/a
   1   53 |   7 1.0   19   3.6M  123  416  77%    10M |  99.9   ovl   1   27   632k   17   22  56%  81.9M   527n  n/a
   2   54 |   7 1.0   19   9.0M  179  639  78%    10M |  99.9   n/a   1   27   961k   10   26  72%  81.9M    n/a  n/a
   2   55 |   7 1.0   19   8.7M  161  519  76%    10M |  99.9   n/a   1   27  1.19M   14   23  62%  81.9M    n/a  n/a
   2   56 |   7 1.0   19   8.0M  156  586  78%    10M |  99.9   n/a   1   27  1.19M   13   24  64%  81.9M    n/a  n/a
   2   57 |   7 1.0   19   8.5M  159  548  77%    10M |  99.9   n/a   1   27  1.59M   19   20  51%  81.9M    n/a  n/a
   2   58 |   7 1.0   19   8.4M  170  591  77%    10M |  99.9   n/a   1   27  1.01M   11   20  64%  81.9M    n/a  n/a
   2   59 |   7 1.0   19   8.4M  157  558  78%    10M |  99.9   n/a   1   27   977k   12   24  66%  81.9M    n/a  n/a
   2   5a |   7 1.0   19   8.5M  177  585  76%    10M |  99.9   n/a   1   27  1.12M   13   22  62%  81.9M    n/a  n/a
   2   5b |   7 1.0   19   8.5M  169  505  74%    10M |  99.9   ovl   1   27   903k   10   22  68%  81.9M   814n  n/a
   3   5c |   7 1.0   19  10.0M  176  516  74%    10M |  99.9   n/a   1   27  1.41M   13   22  62%  81.9M    n/a  n/a
   3   5d |   7 1.0   19   9.5M  167  513  75%    10M |  99.9   ovl   1   27  1.80M   17   19  52%  81.9M  -892n  n/a
   3   5e |   7 1.0   19   9.4M  167  573  77%    10M |  99.9   ovl   1   27  1.32M   13   23  63%  81.9M   896n  n/a
   3   5f |   7 1.0   19   9.2M  154  535  77%    10M |  99.9   n/a   1   27  1.70M   17   24  58%  81.9M    n/a  n/a
   3   60 |   7 1.0   19   9.5M  162  564  77%    10M |  99.9   ovl   1   27  1.46M   15   23  60%  81.9M    -1u  n/a
   3   61 |   7 1.0   19   9.6M  154  540  77%    10M |  99.9   n/a   1   27  1.65M   16   24  60%  81.9M    n/a  n/a
   3   62 |   7 1.0   19   9.8M  177  525  74%    10M |  99.9   ovl   1   27  1.62M   16   21  56%  81.9M    66n  n/a
   3   63 |   7 1.0   19   9.8M  163  522  76%    10M |  99.9   ovl   1   27  1.73M   17   21  55%  81.9M  -756n  n/a
   4   64 |   7 1.0   19   9.7M  170  627  78%    10M |  99.9   ovl   1   27  2.05M   21   22  51%  81.9M   363n  n/a
   4   65 |   7 1.0   19   9.6M  160  480  75%    10M |  99.9   ovl   1   27  1.36M   13   21  61%  81.9M    16n  n/a
   4   66 |   7 1.0   19    10M  186  510  73%    10M |  99.9   ovl   1   27   936k   10   20  66%  81.9M  -181n  n/a
   4   67 |   7 1.0   19   9.8M  158  508  76%    10M |  99.9   ovl   1   27  1.59M   15   21  58%  81.9M   581n  n/a
   4   68 |   7 1.0   19   9.7M  168  571  77%    10M |  99.9   ovl   1   27  1.13M   11   22  66%  81.9M    95n  n/a
   4   69 |   7 1.0   19   9.7M  164  540  76%    10M |  99.9   ovl   1   27  1.55M   15   25  62%  81.9M   144n  n/a
   4   6a |   7 1.0   19   9.9M  164  493  75%    10M |  99.9   ovl   1   27  1.35M   13   20  60%  81.9M  -733n  n/a
   4   6b |   7 1.0   19  10.0M  162  551  77%    10M |  99.9   ovl   1   27  1.10M   11   24  68%  81.9M  -372n  n/a

          |--------------------DL---------------------|-------------------------------UL-----------------------------
 pci rnti | cqi  ri  mcs  brate   ok  nok  (%)  dl_bs | pusch  rsrp  ri  mcs  brate   ok  nok  (%)    bsr     ta  phr
   0   44 |   7 1.0   19   8.7M  149  540  78%    10M |  99.9   n/a   1   27  1.32M   13   20  60%  81.9M    n/a  n/a
   0   45 |   7 1.0   19   9.0M  156  513  76%    10M |  99.9   n/a   1   27  1.59M   16   26  61%  81.9M    n/a  n/a
   0   46 |   7 1.0   19   8.4M  131  597  82%    10M |  99.9   n/a   1   27   844k    8   18  69%  81.9M    n/a  n/a
   0   47 |   7 1.0   19   9.2M  158  530  77%    10M |  99.9   n/a   1   27   957k   10   26  72%  81.9M    n/a  n/a
   0   48 |   7 1.0   19   7.9M  147  599  80%    10M |  99.9   n/a   1   27  1.89M   18   19  51%  81.9M    n/a  n/a
   0   49 |   7 1.0   19   9.2M  151  515  77%    10M |  99.9   n/a   1   27  1.75M   16   13  44%  81.9M    n/a  n/a
   0   4a |   7 1.0   19   8.6M  157  527  77%    10M |  99.9   n/a   1   27  1.40M   14   20  58%  81.9M    n/a  n/a
   0   4b |   7 1.0   19   9.3M  164  488  74%    10M |  99.9   n/a   1   27   973k   11   23  67%  81.9M    n/a  n/a
   1   4c |   7 1.0   19   3.4M  125  469  78%    10M |  99.9   n/a   1   27   305k    9   18  66%  81.9M    n/a  n/a
   1   4d |   7 1.0   19   3.4M  120  464  79%    10M |  99.9   n/a   1   27   335k    9   25  73%  81.9M    n/a  n/a
   1   4e |   7 1.0   19   3.5M  126  470  78%    10M |  99.9   n/a   1   27   454k   12   21  63%  81.9M    n/a  n/a
   1   4f |   7 1.0   19   3.5M  124  473  79%    10M |  99.9   n/a   1   27   603k   14   24  63%  81.9M    n/a  n/a
   1   50 |   7 1.0   19   3.4M  130  536  80%    10M |  99.9   n/a   1   27   405k   11   24  68%  81.9M    n/a  n/a
   1   51 |   7 1.0   19   3.5M  120  455  79%    10M |  99.9   n/a   1   27   296k    8   24  75%  81.9M    n/a  n/a
   1   52 |   7 1.0   19   3.5M  127  470  78%    10M |  99.9   n/a   1   27   447k   11   21  65%  81.9M    n/a  n/a
   1   53 |   7 1.0   19   3.5M  126  447  78%    10M |  99.9   n/a   1   27   322k    9   20  68%  81.9M    n/a  n/a
   2   54 |   7 1.0   19   9.4M  195  587  75%    10M |  99.9   n/a   1   27  1.35M   15   21  58%  81.9M    n/a  n/a
   2   55 |   7 1.0   19   9.1M  172  531  75%    10M |  99.9   n/a   1   27  1.28M   16   24  60%  81.9M    n/a  n/a
   2   56 |   7 1.0   19   9.1M  190  619  76%    10M |  99.9   n/a   1   27  1.17M   13   23  63%  81.9M    n/a  n/a
   2   57 |   7 1.0   19   9.1M  182  583  76%    10M |  99.9   n/a   1   27  1.33M   15   22  59%  81.9M    n/a  n/a
   2   58 |   7 1.0   19   9.1M  182  535  74%    10M |  99.9   n/a   1   27  1.04M   13   23  63%  81.9M    n/a  n/a
   2   59 |   7 1.0   19   9.3M  176  526  74%    10M |  99.9   n/a   1   27  1.39M   15   23  60%  81.9M    n/a  n/a
   2   5a |   7 1.0   19   9.1M  190  603  76%    10M |  99.9   n/a   1   27  1.50M   18   19  51%  81.9M    n/a  n/a
   2   5b |   7 1.0   19   9.2M  175  507  74%    10M |  99.9   n/a   1   27   979k   12   26  68%  81.9M    n/a  n/a
   3   5c |   7 1.0   19    12M  209  511  70%    10M |  99.9   n/a   1   27  1.54M   15   23  60%  81.9M    n/a  n/a
   3   5d |   7 1.0   19    11M  189  494  72%    10M |  99.9   ovl   1   27  1.63M   16   21  56%  81.9M  -620n  n/a
   3   5e |   7 1.0   19    12M  196  520  72%    10M |  99.9   n/a   1   27  1.31M   12   21  63%  81.9M    n/a  n/a
   3   5f |   7 1.0   19    12M  201  489  70%    10M |  99.9   n/a   1   27  1.44M   13   26  66%  81.9M    n/a  n/a
   3   60 |   7 1.0   19    12M  216  458  67%    10M |  99.9   ovl   1   27  1.65M   15   24  61%  81.9M  -892n  n/a
   3   61 |   7 1.0   19    12M  189  468  71%    10M |  99.9   n/a   1   27  1.82M   19   22  53%  81.9M    n/a  n/a
   3   62 |   7 1.0   19    12M  188  507  72%    10M |  99.9   n/a   1   27  1.41M   14   22  61%  81.9M    n/a  n/a
   3   63 |   7 1.0   19    11M  195  493  71%    10M |  99.9   n/a   1   27  1.91M   20   23  53%  81.9M    n/a  n/a
   4   64 |   7 1.0   19   9.0M  160  534  76%    10M |  99.9   n/a   1   27  1.47M   14   18  56%  81.9M    n/a  n/a
   4   65 |   7 1.0   19   9.1M  153  551  78%    10M |  99.9   n/a   1   27  1.07M   11   21  65%  81.9M    n/a  n/a
   4   66 |   7 1.0   19   9.1M  163  540  76%    10M |  99.9   n/a   1   27   725k    8   25  75%  81.9M    n/a  n/a
   4   67 |   7 1.0   19   9.0M  147  509  77%    10M |  99.9   n/a   1   27   895k    9   22  70%  81.9M    n/a  n/a
   4   68 |   7 1.0   19   9.1M  152  566  78%    10M |  99.9   n/a   1   27  1.24M   13   24  64%  81.9M    n/a  n/a
   4   69 |   7 1.0   19   9.1M  151  513  77%    10M |  99.9   n/a   1   27   953k   10   20  66%  81.9M    n/a  n/a
   4   6a |   7 1.0   19   9.2M  164  520  76%    10M |  99.9   n/a   1   27  1.05M   11   24  68%  81.9M    n/a  n/a
   4   6b |   7 1.0   19   8.9M  152  507  76%    10M |  99.9   n/a   1   27   998k   11   24  68%  81.9M    n/a  n/a
   0   44 |   7 1.0   19   9.8M  173  508  74%    10M |  99.9   ovl   1   27  1.41M   13   19  59%  81.9M  -348n  n/a
   0   45 |   7 1.0   19   9.3M  158  541  77%    10M |  99.9   n/a   1   27  1.77M   17   16  48%  81.9M    n/a  n/a
   0   46 |   7 1.0   19   9.4M  168  578  77%    10M |  99.9   n/a   1   27  2.01M   19   17  47%  81.9M    n/a  n/a
   0   47 |   7 1.0   19   9.8M  164  509  75%    10M |  99.9   n/a   1   27  1.76M   17   19  52%  81.9M    n/a  n/a
   0   48 |   7 1.0   19    10M  178  443  71%    10M |  99.9   ovl   1   27  1.68M   17   19  52%  81.9M  -178n  n/a
   0   49 |   7 1.0   19    10M  168  475  73%    10M |  99.9   n/a   1   27  1.10M   11   22  66%  81.9M    n/a  n/a
   0   4a |   7 1.0   19   9.4M  162  565  77%    10M |  99.9   n/a   1   27  1.78M   16   17  51%  81.9M    n/a  n/a
   0   4b |   7 1.0   19    10M  164  469  74%    10M |  99.9   n/a   1   27  1.38M   13   21  61%  81.9M    n/a  n/a
   1   4c |   7 1.0   19   4.0M  149  412  73%    10M |  99.9   ovl   1   27   650k   16   20  55%  81.9M  -499n  n/a
   1   4d |   7 1.0   19   3.8M  128  395  75%    10M |  99.9   ovl   1   27   498k   13   24  64%  81.9M   119n  n/a
   1   4e |   7 1.0   19   3.8M  137  479  77%    10M |  99.9   ovl   1   27   550k   14   21  60%  81.9M  -568n  n/a
   1   4f |   7 1.0   19   3.8M  137  441  76%    10M |  99.9   ovl   1   27   566k   15   22  59%  81.9M   597n  n/a
   1   50 |   7 1.0   19   3.9M  143  485  77%    10M |  99.9   ovl   1   27   647k   16   21  56%  81.9M   102n  n/a
   1   51 |   7 1.0   19   3.8M  126  410  76%    10M |  99.9   ovl   1   27   408k   11   26  70%  81.9M   109n  n/a
   1   52 |   7 1.0   19   4.0M  156  451  74%    10M |  99.9   ovl   1   27   702k   19   22  53%  81.9M   456n  n/a
   1   53 |   7 1.0   19   3.7M  136  401  74%    10M |  99.9   ovl   1   27   560k   15   22  59%  81.9M   491n  n/a
   2   54 |   7 1.0   19   9.0M  170  586  77%    10M |  99.9   n/a   1   27  1.04M   11   22  66%  81.9M    n/a  n/a
   2   55 |   7 1.0   19   9.0M  184  590  76%    10M |  99.9   n/a   1   27  1.29M   14   22  61%  81.9M    n/a  n/a
   2   56 |   7 1.0   19   9.4M  187  538  74%    10M |  99.9   n/a   1   27   842k   10   24  70%  81.9M    n/a  n/a
   2   57 |   7 1.0   19   9.1M  167  588  77%    10M |  99.9   n/a   1   27   817k   10   22  68%  81.9M    n/a  n/a
   2   58 |   7 1.0   19   9.1M  176  605  77%    10M |  99.9   n/a   1   27  1.06M   12   21  63%  81.9M    n/a  n/a
   2   59 |   7 1.0   19   8.9M  171  523  75%    10M |  99.9   n/a   1   27  1.04M   13   22  62%  81.9M    n/a  n/a
   2   5a |   7 1.0   19   9.0M  183  594  76%    10M |  99.9   n/a   1   27   793k    9   22  70%  81.9M    n/a  n/a
   2   5b |   7 1.0   19   9.0M  178  542  75%    10M |  99.9   n/a   1   27  1.23M   14   24  63%  81.9M    n/a  n/a
   3   5c |   7 1.0   19    10M  178  530  74%    10M |  99.9   ovl   1   27  1.22M   12   21  63%  81.9M     1u  n/a
   3   5d |   7 1.0   19    10M  166  514  75%    10M |  99.9   n/a   1   27  1.06M   11   23  67%  81.9M    n/a  n/a
   3   5e |   7 1.0   19    10M  181  507  73%    10M |  99.9   n/a   1   27  1.10M   12   24  66%  81.9M    n/a  n/a
   3   5f |   7 1.0   19    10M  168  504  75%    10M |  99.9   ovl   1   27  1.16M   12   23  65%  81.9M  -620n  n/a
   3   60 |   7 1.0   19    10M  183  510  73%    10M |  99.9   ovl   1   27  1.26M   12   22  64%  81.9M  -131n  n/a
   3   61 |   7 1.0   19    10M  176  484  73%    10M |  99.9   n/a   1   27  1.15M   11   19  63%  81.9M    n/a  n/a
   3   62 |   7 1.0   19    10M  175  554  75%    10M |  99.9   n/a   1   27   947k   10   22  68%  81.9M    n/a  n/a
   3   63 |   7 1.0   19    10M  171  491  74%    10M |  99.9   n/a   1   27  1.08M   11   22  66%  81.9M    n/a  n/a
   4   64 |   7 1.0   19    10M  187  575  75%    10M |  99.9   ovl   1   27  2.18M   21   19  47%  81.9M   672n  n/a
   4   65 |   7 1.0   19    11M  184  526  74%    10M |  99.9   ovl   1   27  1.59M   15   21  58%  81.9M     1u  n/a
   4   66 |   7 1.0   19    11M  185  489  72%    10M |  99.9   ovl   1   27  1.86M   19   19  50%  81.9M  -831n  n/a
   4   67 |   7 1.0   19    11M  184  526  74%    10M |  99.9   ovl   1   27  1.88M   18   21  53%  81.9M  -300n  n/a
   4   68 |   7 1.0   19    11M  198  525  72%    10M |  99.9   ovl   1   27  1.79M   17   21  55%  81.9M  -989n  n/a
   4   69 |   7 1.0   19    11M  178  485  73%    10M |  99.9   ovl   1   27  1.78M   18   25  58%  81.9M   670n  n/a
   4   6a |   7 1.0   19    11M  188  491  72%    10M |  99.9   ovl   1   27  1.36M   14   23  62%  81.9M   645n  n/a
   4   6b |   7 1.0   19    11M  180  498  73%    10M |  99.9   ovl   1   27  2.03M   21   25  54%  81.9M  -472n  n/a
   0   44 |   7 1.0   19    12M  227  415  64%    10M |  99.9   n/a   1   27  2.33M   24   21  46%  81.9M    n/a  n/a
   0   45 |   7 1.0   19    12M  198  426  68%    10M |  99.9   n/a   1   27  2.29M   23   19  45%  81.9M    n/a  n/a
   0   46 |   7 1.0   19    12M  210  457  68%    10M |  99.9   n/a   1   27  2.37M   24   19  44%  81.9M    n/a  n/a
   0   47 |   7 1.0   19    12M  193  418  68%    10M |  99.9   n/a   1   27  1.82M   19   21  52%  81.9M    n/a  n/a
   0   48 |   7 1.0   19    13M  222  437  66%    10M |  99.9   n/a   1   27  1.72M   18   17  48%  81.9M    n/a  n/a
   0   49 |   7 1.0   19    12M  202  404  66%    10M |  99.9   n/a   1   27  2.49M   25   18  41%  81.9M    n/a  n/a
   0   4a |   7 1.0   19    12M  203  462  69%    10M |  99.9   n/a   1   27  2.49M   26   20  43%  81.9M    n/a  n/a
   0   4b |   7 1.0   19    12M  197  402  67%    10M |  99.9   n/a   1   27  2.29M   23   19  45%  81.9M    n/a  n/a

          |--------------------DL---------------------|-------------------------------UL-----------------------------
 pci rnti | cqi  ri  mcs  brate   ok  nok  (%)  dl_bs | pusch  rsrp  ri  mcs  brate   ok  nok  (%)    bsr     ta  phr
   1   4c |   7 1.0   19   3.6M  138  453  76%    10M |  99.9   ovl   1   27   668k   19   25  56%  81.9M    -1u  n/a
   1   4d |   7 1.0   19   3.6M  129  400  75%    10M |  99.9   ovl   1   27   535k   15   29  65%  81.9M   426n  n/a
   1   4e |   7 1.0   19   4.0M  145  446  75%    10M |  99.9   ovl   1   27   639k   18   24  57%  81.9M   109n  n/a
   1   4f |   7 1.0   19   3.7M  127  393  75%    10M |  99.9   ovl   1   27   778k   23   21  47%  81.9M   243n  n/a
   1   50 |   7 1.0   19   3.9M  145  371  71%    10M |  99.9   ovl   1   27   781k   21   22  51%  81.9M   277n  n/a
   1   51 |   7 1.0   19   3.5M  125  401  76%    10M |  99.9   ovl   1   27   421k   11   23  67%  81.9M   102n  n/a
   1   52 |   7 1.0   19   3.9M  150  443  74%    10M |  99.9   ovl   1   27   726k   19   22  53%  81.9M   135n  n/a
   1   53 |   7 1.0   19   3.7M  137  429  75%    10M |  99.9   n/a   1   27   465k   12   30  71%  81.9M    n/a  n/a
   2   54 |   7 1.0   19    10M  202  540  72%    10M |  99.9   n/a   1   27  1.00M   11   23  67%  81.9M    n/a  n/a
   2   55 |   7 1.0   19    10M  189  518  73%    10M |  99.9   n/a   1   27  1.41M   15   20  57%  81.9M    n/a  n/a
   2   56 |   7 1.0   19   9.9M  198  571  74%    10M |  99.9   n/a   1   27  1.40M   15   22  59%  81.9M    n/a  n/a
   2   57 |   7 1.0   19    10M  189  496  72%    10M |  99.9   n/a   1   27  1.28M   12   21  63%  81.9M    n/a  n/a
   2   58 |   7 1.0   19   9.9M  189  542  74%    10M |  99.9   n/a   1   27  1.45M   17   24  58%  81.9M    n/a  n/a
   2   59 |   7 1.0   19    10M  188  509  73%    10M |  99.9   n/a   1   27  1.30M   15   23  60%  81.9M    n/a  n/a
   2   5a |   7 1.0   19   9.6M  194  591  75%    10M |  99.9   n/a   1   27  1.03M   11   23  67%  81.9M    n/a  n/a
   2   5b |   7 1.0   19    10M  185  506  73%    10M |  99.9   n/a   1   27  1.38M   14   21  60%  81.9M    n/a  n/a
   3   5c |   7 1.0   19   8.7M  147  583  79%    10M |  99.9   n/a   1   27  1.10M   11   27  71%  81.9M    n/a  n/a
   3   5d |   7 1.0   19   9.1M  156  517  76%    10M |  99.9   n/a   1   27  1.17M   12   26  68%  81.9M    n/a  n/a
   3   5e |   7 1.0   19   9.0M  155  651  80%    10M |  99.9   n/a   1   27  1.09M   11   26  70%  81.9M    n/a  n/a
   3   5f |   7 1.0   19   9.3M  150  528  77%    10M |  99.9   n/a   1   27   787k    8   29  78%  81.9M    n/a  n/a
   3   60 |   7 1.0   19   9.1M  163  607  78%    10M |  99.9   n/a   1   27   465k    5   30  85%  81.9M    n/a  n/a
   3   61 |   7 1.0   19   9.1M  149  505  77%    10M |  99.9   n/a   1   27  1.13M   12   29  70%  81.9M    n/a  n/a
   3   62 |   7 1.0   19   9.2M  156  475  75%    10M |  99.9   n/a   1   27  1.14M   11   23  67%  81.9M    n/a  n/a
   3   63 |   7 1.0   19   8.9M  151  543  78%    10M |  99.9   n/a   1   27   813k    9   28  75%  81.9M    n/a  n/a
   4   64 |   7 1.0   19    13M  204  485  70%    10M |  99.9   ovl   1   27  2.18M   22   19  46%  81.9M  -839n  n/a
   4   65 |   7 1.0   19    11M  194  444  69%    10M |  99.9   n/a   1   27  1.62M   16   23  58%  81.9M    n/a  n/a
   4   66 |   7 1.0   19    12M  203  514  71%    10M |  99.9   n/a   1   27  1.91M   20   20  50%  81.9M    n/a  n/a
   4   67 |   7 1.0   19    12M  190  504  72%    10M |  99.9   n/a   1   27  1.54M   16   23  58%  81.9M    n/a  n/a
   4   68 |   7 1.0   19    12M  204  491  70%    10M |  99.9   ovl   1   27  2.57M   25   24  48%  81.9M   712n  n/a
   4   69 |   7 1.0   19    11M  184  484  72%    10M |  99.9   ovl   1   27  1.23M   12   22  64%  81.9M   423n  n/a
   4   6a |   7 1.0   19    11M  199  549  73%    10M |  99.9   n/a   1   27  1.76M   17   22  56%  81.9M    n/a  n/a
   4   6b |   7 1.0   19    12M  191  489  71%    10M |  99.9   ovl   1   27  1.99M   20   19  48%  81.9M  -570n  n/a
   0   44 |   7 1.0   19    11M  192  476  71%    10M |  99.9   n/a   1   27  2.26M   23   24  51%  81.9M    n/a  n/a
   0   45 |   7 1.0   19    11M  176  421  70%    10M |  99.9   ovl   1   27  2.06M   20   15  42%  81.9M    -1u  n/a
   0   46 |   7 1.0   19    11M  187  457  70%    10M |  99.9   n/a   1   27  2.22M   23   14  37%  81.9M    n/a  n/a
   0   47 |   7 1.0   19    10M  177  447  71%    10M |  99.9   n/a   1   27  2.39M   23   19  45%  81.9M    n/a  n/a
   0   48 |   7 1.0   19    10M  176  502  74%    10M |  99.9   n/a   1   27  2.42M   22   24  52%  81.9M    n/a  n/a
   0   49 |   7 1.0   19    11M  171  410  70%    10M |  99.9   n/a   1   27  1.82M   18   20  52%  81.9M    n/a  n/a
   0   4a |   7 1.0   19    11M  191  399  67%    10M |  99.9   n/a   1   27  2.15M   22   17  43%  81.9M    n/a  n/a
   0   4b |   7 1.0   19    11M  177  413  70%    10M |  99.9   n/a   1   27  1.15M   10   18  64%  81.9M    n/a  n/a
   1   4c |   7 1.0   19   3.5M  133  401  75%    10M |  99.9   n/a   1   27   598k   15   17  53%  81.9M    n/a  n/a
   1   4d |   7 1.0   19   3.7M  136  364  72%    10M |  99.9   n/a   1   27   592k   15   18  54%  81.9M    n/a  n/a
   1   4e |   7 1.0   19   3.6M  134  366  73%    10M |  99.9   n/a   1   27   608k   16   20  55%  81.9M    n/a  n/a
   1   4f |   7 1.0   19   3.7M  146  385  72%    10M |  99.9   n/a   1   27   567k   15   16  51%  81.9M    n/a  n/a
   1   50 |   7 1.0   19   3.5M  132  379  74%    10M |  99.9   n/a   1   27   457k   13   20  60%  81.9M    n/a  n/a
   1   51 |   7 1.0   19   3.7M  133  386  74%    10M |  99.9   n/a   1   27   380k   10   19  65%  81.9M    n/a  n/a
   1   52 |   7 1.0   19   3.6M  136  433  76%    10M |  99.9   n/a   1   27   574k   16   22  57%  81.9M    n/a  n/a
   1   53 |   7 1.0   19   3.8M  131  330  71%    10M |  99.9   n/a   1   27   578k   16   19  54%  81.9M    n/a  n/a
   2   54 |   7 1.0   19   8.5M  175  703  80%    10M |  99.9   n/a   1   27  1.14M   14   30  68%  81.9M    n/a  n/a
   2   55 |   7 1.0   19   8.5M  159  516  76%    10M |  99.9   n/a   1   27  1.16M   13   29  69%  81.9M    n/a  n/a
   2   56 |   7 1.0   19   8.5M  183  607  76%    10M |  99.9   n/a   1   27  1.49M   16   26  61%  81.9M    n/a  n/a
   2   57 |   7 1.0   19   8.4M  156  560  78%    10M |  99.9   n/a   1   27  1.11M   14   26  65%  81.9M    n/a  n/a
   2   58 |   7 1.0   19   8.7M  166  551  76%    10M |  99.9   n/a   1   27  1.37M   15   28  65%  81.9M    n/a  n/a
   2   59 |   7 1.0   19   8.6M  157  558  78%    10M |  99.9   n/a   1   27   914k   11   27  71%  81.9M    n/a  n/a
   2   5a |   7 1.0   19   8.6M  171  569  76%    10M |  99.9   n/a   1   27   912k   11   30  73%  81.9M    n/a  n/a
   2   5b |   7 1.0   19   8.5M  163  608  78%    10M |  99.9   n/a   1   27   635k    8   31  79%  81.9M    n/a  n/a
   3   5c |   7 1.0   19    12M  213  529  71%    10M |  99.9   n/a   1   27  1.33M   13   24  64%  81.9M    n/a  n/a
   3   5d |   7 1.0   19    12M  205  502  71%    10M |  99.9   n/a   1   27  1.67M   16   22  57%  81.9M    n/a  n/a
   3   5e |   7 1.0   19    12M  214  536  71%    10M |  99.9   n/a   1   27  1.37M   14   22  61%  81.9M    n/a  n/a
   3   5f |   7 1.0   19    12M  201  468  69%    10M |  99.9   n/a   1   27  1.47M   14   20  58%  81.9M    n/a  n/a
   3   60 |   7 1.0   19    12M  201  499  71%    10M |  99.9   n/a   1   27  1.31M   14   24  63%  81.9M    n/a  n/a
   3   61 |   7 1.0   19    12M  196  502  71%    10M |  99.9   n/a   1   27  1.26M   13   24  64%  81.9M    n/a  n/a
   3   62 |   7 1.0   19    12M  214  539  71%    10M |  99.9   n/a   1   27  1.42M   14   22  61%  81.9M    n/a  n/a
   3   63 |   7 1.0   19    12M  201  501  71%    10M |  99.9   n/a   1   27  1.55M   15   23  60%  81.9M    n/a  n/a
   4   64 |   7 1.0   19    11M  192  471  71%    10M |  99.9   n/a   1   27  1.34M   14   25  64%  81.9M    n/a  n/a
   4   65 |   7 1.0   19    11M  175  510  74%    10M |  99.9   n/a   1   27  1.55M   16   22  57%  81.9M    n/a  n/a
   4   66 |   7 1.0   19    10M  187  571  75%    10M |  99.9   n/a   1   27  1.87M   18   20  52%  81.9M    n/a  n/a
   4   67 |   7 1.0   19    11M  178  485  73%    10M |  99.9   n/a   1   27  1.76M   17   21  55%  81.9M    n/a  n/a
   4   68 |   7 1.0   19    11M  190  496  72%    10M |  99.9   n/a   1   27  1.24M   13   19  59%  81.9M    n/a  n/a
   4   69 |   7 1.0   19    11M  178  445  71%    10M |  99.9   n/a   1   27  1.70M   17   24  58%  81.9M    n/a  n/a
   4   6a |   7 1.0   19    11M  186  506  73%    10M |  99.9   n/a   1   27  1.60M   16   17  51%  81.9M    n/a  n/a
   4   6b |   7 1.0   19    11M  178  474  72%    10M |  99.9   n/a   1   27  1.37M   14   21  60%  81.9M    n/a  n/a
   0   44 |   7 1.0   19    11M  199  438  68%    10M |  99.9   n/a   1   27  2.18M   22   15  40%  81.9M    n/a  n/a
   0   45 |   7 1.0   19    12M  191  390  67%    10M |  99.9   n/a   1   27  2.71M   29   15  34%  81.9M    n/a  n/a
   0   46 |   7 1.0   19    12M  206  374  64%    10M |  99.9   n/a   1   27  2.12M   22   15  40%  81.9M    n/a  n/a
   0   47 |   7 1.0   19    12M  194  397  67%    10M |  99.9   n/a   1   27  2.37M   25   21  45%  81.9M    n/a  n/a
   0   48 |   7 1.0   19    12M  209  423  66%    10M |  99.9   n/a   1   27  1.78M   19   18  48%  81.9M    n/a  n/a
   0   49 |   7 1.0   19    12M  200  404  66%    10M |  99.9   n/a   1   27  1.95M   21   21  50%  81.9M    n/a  n/a
   0   4a |   7 1.0   19    11M  193  458  70%    10M |  99.9   n/a   1   27  2.72M   27   21  43%  81.9M    n/a  n/a
   0   4b |   7 1.0   19    12M  191  410  68%    10M |  99.9   n/a   1   27  2.12M   23   19  45%  81.9M    n/a  n/a
   1   4c |   7 1.0   19   4.0M  149  406  73%    10M |  99.9   n/a   1   27   977k   27   18  40%  81.9M    n/a  n/a
   1   4d |   7 1.0   19   4.0M  142  319  69%    10M |  99.9   n/a   1   27   542k   15   21  58%  81.9M    n/a  n/a
   1   4e |   7 1.0   19   4.0M  150  408  73%    10M |  99.9   n/a   1   27   729k   20   26  56%  81.9M    n/a  n/a
   1   4f |   7 1.0   19   4.2M  152  357  70%    10M |  99.9   n/a   1   27   550k   14   22  61%  81.9M    n/a  n/a
   1   50 |   7 1.0   19   3.9M  144  473  76%    10M |  99.9   n/a   1   27   663k   16   23  58%  81.9M    n/a  n/a
   1   51 |   7 1.0   19   4.1M  144  372  72%    10M |  99.9   n/a   1   27   551k   15   26  63%  81.9M    n/a  n/a
   1   52 |   7 1.0   19   3.9M  151  453  75%    10M |  99.9   n/a   1   27   704k   19   22  53%  81.9M    n/a  n/a
   1   53 |   7 1.0   19   4.1M  147  333  69%    10M |  99.9   n/a   1   27   563k   16   25  60%  81.9M    n/a  n/a

          |--------------------DL---------------------|-------------------------------UL-----------------------------
 pci rnti | cqi  ri  mcs  brate   ok  nok  (%)  dl_bs | pusch  rsrp  ri  mcs  brate   ok  nok  (%)    bsr     ta  phr
   2   54 |   7 1.0   19    11M  211  461  68%    10M |  99.9   n/a   1   27  1.24M   12   21  63%  81.9M    n/a  n/a
   2   55 |   7 1.0   19    10M  193  531  73%    10M |  99.9   n/a   1   27  1.42M   15   20  57%  81.9M    n/a  n/a
   2   56 |   7 1.0   19    10M  202  537  72%    10M |  99.9   n/a   1   27   672k    6   23  79%  81.9M    n/a  n/a
   2   57 |   7 1.0   19    10M  188  545  74%    10M |  99.9   n/a   1   27  1.35M   14   21  60%  81.9M    n/a  n/a
   2   58 |   7 1.0   19    10M  194  553  74%    10M |  99.9   n/a   1   27  1.07M   13   21  61%  81.9M    n/a  n/a
   2   59 |   7 1.0   19    10M  197  535  73%    10M |  99.9   n/a   1   27  1.48M   16   19  54%  81.9M    n/a  n/a
   2   5a |   7 1.0   19    10M  203  662  76%    10M |  99.9   n/a   1   27  1.06M   12   18  60%  81.9M    n/a  n/a
   2   5b |   7 1.0   19    10M  201  529  72%    10M |  99.9   n/a   1   27  1.32M   14   24  63%  81.9M    n/a  n/a
   3   5c |   7 1.0   19    10M  188  565  75%    10M |  99.9   n/a   1   27  1.34M   12   24  66%  81.9M    n/a  n/a
   3   5d |   7 1.0   19    10M  167  572  77%    10M |  99.9   n/a   1   27  1.37M   15   20  57%  81.9M    n/a  n/a
   3   5e |   7 1.0   19   9.9M  174  560  76%    10M |  99.9   n/a   1   27  1.32M   14   25  64%  81.9M    n/a  n/a
   3   5f |   7 1.0   19    10M  166  477  74%    10M |  99.9   n/a   1   27  1.27M   12   25  67%  81.9M    n/a  n/a
   3   60 |   7 1.0   19  10.0M  178  548  75%    10M |  99.9   n/a   1   27  1.40M   16   23  58%  81.9M    n/a  n/a
   3   61 |   7 1.0   19    10M  164  491  74%    10M |  99.9   n/a   1   27  1.04M   12   28  70%  81.9M    n/a  n/a
   3   62 |   7 1.0   19    11M  187  514  73%    10M |  99.9   n/a   1   27  1.09M   10   23  69%  81.9M    n/a  n/a
   3   63 |   7 1.0   19    10M  173  491  73%    10M |  99.9   n/a   1   27  1.34M   14   24  63%  81.9M    n/a  n/a
   4   64 |   7 1.0   19    11M  181  516  74%    10M |  99.9   n/a   1   27  1.22M   12   27  69%  81.9M    n/a  n/a
   4   65 |   7 1.0   19    11M  175  503  74%    10M |  99.9   n/a   1   27  1.54M   16   28  63%  81.9M    n/a  n/a
   4   66 |   7 1.0   19    10M  191  587  75%    10M |  99.9   n/a   1   27  1.70M   17   27  61%  81.9M    n/a  n/a
   4   67 |   7 1.0   19    10M  172  536  75%    10M |  99.9   n/a   1   27  1.05M   11   29  72%  81.9M    n/a  n/a
   4   68 |   7 1.0   19    10M  193  563  74%    10M |  99.9   n/a   1   27  1.83M   18   26  59%  81.9M    n/a  n/a
   4   69 |   7 1.0   19    11M  174  433  71%    10M |  99.9   n/a   1   27  1.68M   17   25  59%  81.9M    n/a  n/a
   4   6a |   7 1.0   19    11M  187  484  72%    10M |  99.9   n/a   1   27  1.13M   11   26  70%  81.9M    n/a  n/a
   4   6b |   7 1.0   19    11M  173  531  75%    10M |  99.9   n/a   1   27  1.12M   12   29  70%  81.9M    n/a  n/a
   0   44 |   7 1.0   19    11M  186  455  70%    10M |  99.9   n/a   1   27  1.39M   14   22  61%  81.9M    n/a  n/a
   0   45 |   7 1.0   19    11M  183  402  68%    10M |  99.9   n/a   1   27  1.43M   16   16  50%  81.9M    n/a  n/a
   0   46 |   7 1.0   19    11M  190  496  72%    10M |  99.9   n/a   1   27  1.55M   16   22  57%  81.9M    n/a  n/a
   0   47 |   7 1.0   19    11M  190  425  69%    10M |  99.9   n/a   1   27  2.42M   23   24  51%  81.9M    n/a  n/a
   0   48 |   7 1.0   19    11M  185  482  72%    10M |  99.9   n/a   1   27  2.39M   23   16  41%  81.9M    n/a  n/a
   0   49 |   7 1.0   19    12M  189  404  68%    10M |  99.9   n/a   1   27  2.07M   19   18  48%  81.9M    n/a  n/a
   0   4a |   7 1.0   19    11M  184  499  73%    10M |  99.9   n/a   1   27  2.39M   23   24  51%  81.9M    n/a  n/a
   0   4b |   7 1.0   19    12M  190  437  69%    10M |  99.9   n/a   1   27  2.96M   27   17  38%  81.9M    n/a  n/a
   1   4c |   7 1.0   19   3.2M  118  553  82%    10M |  99.9   n/a   1   27   267k    8   28  77%  81.9M    n/a  n/a
   1   4d |   7 1.0   19   3.4M  118  412  77%    10M |  99.9   n/a   1   27   399k   10   25  71%  81.9M    n/a  n/a
   1   4e |   7 1.0   19   3.4M  128  498  79%    10M |  99.9   n/a   1   27   430k   11   26  70%  81.9M    n/a  n/a
   1   4f |   7 1.0   19   3.4M  118  408  77%    10M |  99.9   n/a   1   27   339k    9   28  75%  81.9M    n/a  n/a
   1   50 |   7 1.0   19   3.6M  134  455  77%    10M |  99.9   n/a   1   27   304k    9   25  73%  81.9M    n/a  n/a
   1   51 |   7 1.0   19   3.4M  112  464  80%    10M |  99.9   n/a   1   27   109k    3   29  90%  81.9M    n/a  n/a
   1   52 |   7 1.0   19   3.3M  122  474  79%    10M |  99.9   n/a   1   27   392k   11   24  68%  81.9M    n/a  n/a
   1   53 |   7 1.0   19   3.4M  122  456  78%    10M |  99.9   n/a   1   27   434k   11   26  70%  81.9M    n/a  n/a
   2   54 |   7 1.0   19   8.9M  181  552  75%    10M |  99.9   n/a   1   27   981k   11   28  71%  81.9M    n/a  n/a
   2   55 |   7 1.0   19   9.1M  171  527  75%    10M |  99.9   n/a   1   27  1.30M   16   26  61%  81.9M    n/a  n/a
   2   56 |   7 1.0   19   8.6M  178  594  76%    10M |  99.9   n/a   1   27  1.16M   14   29  67%  81.9M    n/a  n/a
   2   57 |   7 1.0   19   8.9M  166  566  77%    10M |  99.9   n/a   1   27  1.41M   17   27  61%  81.9M    n/a  n/a
   2   58 |   7 1.0   19   8.9M  174  633  78%    10M |  99.9   n/a   1   27   930k   12   26  68%  81.9M    n/a  n/a
   2   59 |   7 1.0   19   9.0M  172  510  74%    10M |  99.9   n/a   1   27  1.28M   14   23  62%  81.9M    n/a  n/a
   2   5a |   7 1.0   19   8.7M  171  625  78%    10M |  99.9   n/a   1   27  1.26M   15   27  64%  81.9M    n/a  n/a
   2   5b |   7 1.0   19   8.9M  168  546  76%    10M |  99.9   n/a   1   27  1.60M   19   26  57%  81.9M    n/a  n/a
   3   5c |   7 1.0   19    12M  199  526  72%    10M |  99.9   n/a   1   27  1.62M   18   31  63%  81.9M    n/a  n/a
   3   5d |   7 1.0   19    11M  195  467  70%    10M |  99.9   n/a   1   27  1.54M   15   26  63%  81.9M    n/a  n/a
   3   5e |   7 1.0   19    11M  198  567  74%    10M |  99.9   n/a   1   27  1.80M   17   23  57%  81.9M    n/a  n/a
   3   5f |   7 1.0   19    11M  188  515  73%    10M |  99.9   n/a   1   27  1.90M   18   26  59%  81.9M    n/a  n/a
   3   60 |   7 1.0   19    12M  209  549  72%    10M |  99.9   n/a   1   27  1.54M   16   26  61%  81.9M    n/a  n/a
   3   61 |   7 1.0   19    12M  192  460  70%    10M |  99.9   n/a   1   27  1.32M   12   28  70%  81.9M    n/a  n/a
   3   62 |   7 1.0   19    12M  202  563  73%    10M |  99.9   n/a   1   27  1.51M   15   30  66%  81.9M    n/a  n/a
   3   63 |   7 1.0   19    11M  190  446  70%    10M |  99.9   n/a   1   27  2.08M   20   29  59%  81.9M    n/a  n/a
   4   64 |   7 1.0   19    12M  205  571  73%    10M |  99.9   n/a   1   27   920k   10   26  72%  81.9M    n/a  n/a
   4   65 |   7 1.0   19    12M  198  476  70%    10M |  99.9   n/a   1   27  1.46M   15   21  58%  81.9M    n/a  n/a
   4   66 |   7 1.0   19    12M  209  497  70%    10M |  99.9   n/a   1   27  1.38M   13   24  64%  81.9M    n/a  n/a
   4   67 |   7 1.0   19    11M  192  491  71%    10M |  99.9   n/a   1   27  1.55M   16   21  56%  81.9M    n/a  n/a
   4   68 |   7 1.0   19    11M  191  547  74%    10M |  99.9   n/a   1   27  1.35M   12   21  63%  81.9M    n/a  n/a
   4   69 |   7 1.0   19    12M  198  504  71%    10M |  99.9   n/a   1   27  1.42M   14   22  61%  81.9M    n/a  n/a
   4   6a |   7 1.0   19    12M  202  503  71%    10M |  99.9   n/a   1   27  1.56M   16   22  57%  81.9M    n/a  n/a
   4   6b |   7 1.0   19    11M  190  499  72%    10M |  99.9   n/a   1   27  1.17M   13   22  62%  81.9M    n/a  n/a
   0   44 |   7 1.0   19    11M  186  459  71%    10M |  99.9   ovl   1   27  2.49M   24   18  42%  81.9M   380n  n/a
   0   45 |   7 1.0   19    11M  185  423  69%    10M |  99.9   ovl   1   27  2.30M   24   21  46%  81.9M  -488n  n/a
   0   46 |   7 1.0   19    11M  194  457  70%    10M |  99.9   ovl   1   27  1.83M   19   17  47%  81.9M   440n  n/a
   0   47 |   7 1.0   19    11M  184  450  70%    10M |  99.9   ovl   1   27  1.86M   20   21  51%  81.9M   -66n  n/a
   0   48 |   7 1.0   19    11M  194  515  72%    10M |  99.9   ovl   1   27  2.39M   25   19  43%  81.9M  -132n  n/a
   0   49 |   7 1.0   19    11M  180  415  69%    10M |  99.9   n/a   1   27  1.62M   18   20  52%  81.9M    n/a  n/a
   0   4a |   7 1.0   19    11M  198  502  71%    10M |  99.9   ovl   1   27  1.75M   17   21  55%  81.9M  -279n  n/a
   0   4b |   7 1.0   19    11M  187  419  69%    10M |  99.9   ovl   1   27  1.66M   18   22  55%  81.9M    -1u  n/a
   1   4c |   7 1.0   19   3.3M  122  529  81%    10M |  99.9   n/a   1   27   237k    6   26  81%  81.9M    n/a  n/a
   1   4d |   7 1.0   19   3.3M  117  499  81%    10M |  99.9   n/a   1   27   352k   10   20  66%  81.9M    n/a  n/a
   1   4e |   7 1.0   19   3.4M  120  543  81%    10M |  99.9   n/a   1   27   362k   10   23  69%  81.9M    n/a  n/a
   1   4f |   7 1.0   19   3.2M  115  461  80%    10M |  99.9   n/a   1   27   372k   11   25  69%  81.9M    n/a  n/a
   1   50 |   7 1.0   19   3.2M  115  492  81%    10M |  99.9   n/a   1   27   359k    9   23  71%  81.9M    n/a  n/a
   1   51 |   7 1.0   19   3.3M  115  460  80%    10M |  99.9   n/a   1   27   379k   10   22  68%  81.9M    n/a  n/a
   1   52 |   7 1.0   19   3.4M  128  480  78%    10M |  99.9   n/a   1   27   416k   11   23  67%  81.9M    n/a  n/a
   1   53 |   7 1.0   19   3.2M  112  527  82%    10M |  99.9   n/a   1   27   305k    8   24  75%  81.9M    n/a  n/a
   2   54 |   7 1.0   19   9.0M  191  597  75%    10M |  99.9   n/a   1   27  1.33M   16   22  57%  81.9M    n/a  n/a
   2   55 |   7 1.0   19   9.3M  178  536  75%    10M |  99.9   n/a   1   27   949k   11   25  69%  81.9M    n/a  n/a
   2   56 |   7 1.0   19   9.4M  184  572  75%    10M |  99.9   n/a   1   27  1.19M   14   23  62%  81.9M    n/a  n/a
   2   57 |   7 1.0   19   8.9M  172  560  76%    10M |  99.9   n/a   1   27   899k   11   25  69%  81.9M    n/a  n/a
   2   58 |   7 1.0   19   9.1M  179  599  76%    10M |  99.9   n/a   1   27   834k   10   24  70%  81.9M    n/a  n/a
   2   59 |   7 1.0   19   9.4M  172  548  76%    10M |  99.9   n/a   1   27   955k   10   23  69%  81.9M    n/a  n/a
   2   5a |   7 1.0   19   9.3M  186  559  75%    10M |  99.9   n/a   1   27   947k   11   23  67%  81.9M    n/a  n/a
   2   5b |   7 1.0   19   9.3M  176  596  77%    10M |  99.9   n/a   1   27  1.43M   17   26  60%  81.9M    n/a  n/a

          |--------------------DL---------------------|-------------------------------UL-----------------------------
 pci rnti | cqi  ri  mcs  brate   ok  nok  (%)  dl_bs | pusch  rsrp  ri  mcs  brate   ok  nok  (%)    bsr     ta  phr
   3   5c |   7 1.0   19   7.9M  140  679  82%    10M |  99.9   n/a   1   27   863k    9   21  70%  81.9M    n/a  n/a
   3   5d |   7 1.0   19   8.2M  140  584  80%    10M |  99.9   n/a   1   27   420k    4   23  85%  81.9M    n/a  n/a
   3   5e |   7 1.0   19   8.4M  144  552  79%    10M |  99.9   n/a   1   27   918k    9   25  73%  81.9M    n/a  n/a
   3   5f |   7 1.0   19   8.1M  140  532  79%    10M |  99.9   n/a   1   27   881k    9   22  70%  81.9M    n/a  n/a
   3   60 |   7 1.0   19   8.2M  149  660  81%    10M |  99.9   n/a   1   27   928k    9   24  72%  81.9M    n/a  n/a
   3   61 |   7 1.0   19   7.9M  132  568  81%    10M |  99.9   n/a   1   27   543k    6   25  80%  81.9M    n/a  n/a
   3   62 |   7 1.0   19   8.8M  162  563  77%    10M |  99.9   n/a   1   27  1.03M   10   22  68%  81.9M    n/a  n/a
   3   63 |   7 1.0   19   7.9M  133  516  79%    10M |  99.9   n/a   1   27   685k    6   21  77%  81.9M    n/a  n/a
   4   64 |   7 1.0   19    12M  217  466  68%    10M |  99.9   ovl   1   27  2.73M   28   24  46%  81.9M   114n  n/a
   4   65 |   7 1.0   19    12M  194  459  70%    10M |  99.9   ovl   1   27  2.43M   26   21  44%  81.9M     4n  n/a
   4   66 |   7 1.0   19    13M  214  482  69%    10M |  99.9   ovl   1   27  2.65M   28   23  45%  81.9M  -266n  n/a
   4   67 |   7 1.0   19    12M  200  478  70%    10M |  99.9   ovl   1   27  1.67M   18   22  55%  81.9M   207n  n/a
   4   68 |   7 1.0   19    12M  219  516  70%    10M |  99.9   ovl   1   27  2.52M   28   25  47%  81.9M   254n  n/a
   4   69 |   7 1.0   19    12M  196  463  70%    10M |  99.9   ovl   1   27  2.19M   24   22  47%  81.9M   219n  n/a
   4   6a |   7 1.0   19    12M  215  510  70%    10M |  99.9   ovl   1   27  2.40M   25   21  45%  81.9M    27n  n/a
   4   6b |   7 1.0   19    12M  191  484  71%    10M |  99.9   ovl   1   27  2.42M   25   28  52%  81.9M   299n  n/a
   0   44 |   7 1.0   19   9.5M  169  569  77%    10M |  99.9   n/a   1   27  2.41M   25   14  35%  81.9M    n/a  n/a
   0   45 |   7 1.0   19    10M  167  463  73%    10M |  99.9   ovl   1   27  1.96M   21   18  46%  81.9M   914n  n/a
   0   46 |   7 1.0   19    11M  195  501  71%    10M |  99.9   ovl   1   27  2.16M   24   13  35%  81.9M   417n  n/a
   0   47 |   7 1.0   19    10M  167  492  74%    10M |  99.9   n/a   1   27  2.10M   22   14  38%  81.9M    n/a  n/a
   0   48 |   7 1.0   19    11M  189  505  72%    10M |  99.9   ovl   1   27  1.66M   18   14  43%  81.9M    36n  n/a
   0   49 |   7 1.0   19    11M  171  455  72%    10M |  99.9   n/a   1   27   918k   10   17  62%  81.9M    n/a  n/a
   0   4a |   7 1.0   19    10M  175  567  76%    10M |  99.9   n/a   1   27  1.98M   20   11  35%  81.9M    n/a  n/a
   0   4b |   7 1.0   19    11M  172  468  73%    10M |  99.9   ovl   1   27  1.11M   11   19  63%  81.9M    17n  n/a
   1   4c |   7 1.0   19   3.7M  141  435  75%    10M |  99.9   ovl   1   27   441k   11   20  64%  81.9M   -65n  n/a
   1   4d |   7 1.0   19   3.5M  132  411  75%    10M |  99.9   n/a   1   27   267k    7   26  78%  81.9M    n/a  n/a
   1   4e |   7 1.0   19   3.6M  144  505  77%    10M |  99.9   ovl   1   27   473k   12   20  62%  81.9M   919n  n/a
   1   4f |   7 1.0   19   3.4M  118  413  77%    10M |  99.9   ovl   1   27   503k   13   21  61%  81.9M   102n  n/a
   1   50 |   7 1.0   19   3.4M  123  489  79%    10M |  99.9   ovl   1   27   543k   13   22  62%  81.9M   261n  n/a
   1   51 |   7 1.0   19   3.5M  130  440  77%    10M |  99.9   ovl   1   27   479k   13   24  64%  81.9M   109n  n/a
   1   52 |   7 1.0   19   3.7M  135  464  77%    10M |  99.9   ovl   1   27   539k   15   19  55%  81.9M   -63n  n/a
   1   53 |   7 1.0   19   3.6M  127  406  76%    10M |  99.9   ovl   1   27   360k    8   22  73%  81.9M  -128n  n/a
   2   54 |   7 1.0   19   9.3M  182  589  76%    10M |  99.9   n/a   1   27  1.26M   14   26  65%  81.9M    n/a  n/a
   2   55 |   7 1.0   19   8.8M  169  513  75%    10M |  99.9   ovl   1   27  1.30M   13   22  62%  81.9M    21n  n/a
   2   56 |   7 1.0   19   9.1M  194  634  76%    10M |  99.9   n/a   1   27  1.23M   14   21  60%  81.9M    n/a  n/a
   2   57 |   7 1.0   19   9.0M  169  535  75%    10M |  99.9   n/a   1   27  1.15M   13   25  65%  81.9M    n/a  n/a
   2   58 |   7 1.0   19   9.1M  181  592  76%    10M |  99.9   n/a   1   27   996k   11   25  69%  81.9M    n/a  n/a
   2   59 |   7 1.0   19   8.8M  170  554  76%    10M |  99.9   ovl   1   27  1.18M   14   22  61%  81.9M    14n  n/a
   2   5a |   7 1.0   19   9.3M  192  574  74%    10M |  99.9   n/a   1   27  1.20M   13   23  63%  81.9M    n/a  n/a
   2   5b |   7 1.0   19   9.1M  173  535  75%    10M |  99.9   ovl   1   27  1.21M   15   23  60%  81.9M   131n  n/a
   3   5c |   7 1.0   19    11M  201  490  70%    10M |  99.9   n/a   1   27  1.02M   10   24  70%  81.9M    n/a  n/a
   3   5d |   7 1.0   19    11M  181  478  72%    10M |  99.9   n/a   1   27  1.33M   12   22  64%  81.9M    n/a  n/a
   3   5e |   7 1.0   19    11M  195  524  72%    10M |  99.9   n/a   1   27  1.01M   11   26  70%  81.9M    n/a  n/a
   3   5f |   7 1.0   19    11M  184  481  72%    10M |  99.9   n/a   1   27  1.29M   12   22  64%  81.9M    n/a  n/a
   3   60 |   7 1.0   19    11M  184  537  74%    10M |  99.9   n/a   1   27  1.35M   13   21  61%  81.9M    n/a  n/a
   3   61 |   7 1.0   19    11M  185  507  73%    10M |  99.9   n/a   1   27  1.43M   15   22  59%  81.9M    n/a  n/a
   3   62 |   7 1.0   19    11M  187  535  74%    10M |  99.9   n/a   1   27  1.14M   11   25  69%  81.9M    n/a  n/a
   3   63 |   7 1.0   19    11M  182  527  74%    10M |  99.9   n/a   1   27  1.10M   11   26  70%  81.9M    n/a  n/a
   4   64 |   7 1.0   19    11M  174  477  73%    10M |  99.9   n/a   1   27  1.46M   15   17  53%  81.9M    n/a  n/a
   4   65 |   7 1.0   19    11M  176  478  73%    10M |  99.9   n/a   1   27  1.90M   18   14  43%  81.9M    n/a  n/a
   4   66 |   7 1.0   19    10M  177  491  73%    10M |  99.9   n/a   1   27  1.48M   16   17  51%  81.9M    n/a  n/a
   4   67 |   7 1.0   19    10M  165  473  74%    10M |  99.9   ovl   1   27  1.97M   20   16  44%  81.9M    -1u  n/a
   4   68 |   7 1.0   19    10M  169  538  76%    10M |  99.9   n/a   1   27  2.05M   21   12  36%  81.9M    n/a  n/a
   4   69 |   7 1.0   19    11M  183  474  72%    10M |  99.9   ovl   1   27  1.99M   18   15  45%  81.9M  -456n  n/a
   4   6a |   7 1.0   19    10M  175  556  76%    10M |  99.9   ovl   1   27  1.58M   15   19  55%  81.9M   374n  n/a
   4   6b |   7 1.0   19    10M  167  485  74%    10M |  99.9   ovl   1   27  1.20M   12   18  60%  81.9M  -132n  n/a
   0   44 |   7 1.0   19    11M  205  458  69%    10M |  99.9   n/a   1   27  2.43M   24   20  45%  81.9M    n/a  n/a
   0   45 |   7 1.0   19    11M  180  425  70%    10M |  99.9   n/a   1   27  2.45M   26   13  33%  81.9M    n/a  n/a
   0   46 |   7 1.0   19    11M  187  378  66%    10M |  99.9   ovl   1   27  2.03M   21   18  46%  81.9M  -129n  n/a
   0   47 |   7 1.0   19    11M  182  479  72%    10M |  99.9   n/a   1   27  2.72M   27   16  37%  81.9M    n/a  n/a
   0   48 |   7 1.0   19    11M  190  408  68%    10M |  99.9   n/a   1   27  2.60M   26   28  51%  81.9M    n/a  n/a
   0   49 |   7 1.0   19    11M  187  424  69%    10M |  99.9   n/a   1   27  2.33M   24   26  52%  81.9M    n/a  n/a
   0   4a |   7 1.0   19    11M  192  483  71%    10M |  99.9   n/a   1   27  1.96M   20   27  57%  81.9M    n/a  n/a
   0   4b |   7 1.0   19    11M  183  386  67%    10M |  99.9   ovl   1   27  2.67M   26   15  36%  81.9M   -66n  n/a
   1   4c |   7 1.0   19   4.0M  150  370  71%    10M |  99.9   ovl   1   27   612k   16   21  56%  81.9M  -291n  n/a
   1   4d |   7 1.0   19   4.0M  142  418  74%    10M |  99.9   ovl   1   27   603k   16   21  56%  81.9M  -283n  n/a
   1   4e |   7 1.0   19   3.9M  142  426  75%    10M |  99.9   ovl   1   27   587k   15   21  58%  81.9M  -202n  n/a
   1   4f |   7 1.0   19   3.9M  133  408  75%    10M |  99.9   ovl   1   27   680k   17   20  54%  81.9M  -111n  n/a
   1   50 |   7 1.0   19   3.9M  141  472  76%    10M |  99.9   ovl   1   27   663k   16   20  55%  81.9M   -88n  n/a
   1   51 |   7 1.0   19   3.9M  132  399  75%    10M |  99.9   ovl   1   27   720k   18   20  52%  81.9M   445n  n/a
   1   52 |   7 1.0   19   4.0M  155  447  74%    10M |  99.9   ovl   1   27   740k   17   19  52%  81.9M  -203n  n/a
   1   53 |   7 1.0   19   3.8M  143  412  74%    10M |  99.9   ovl   1   27   771k   20   18  47%  81.9M   572n  n/a
   2   54 |   7 1.0   19   8.4M  172  638  78%    10M |  99.9   ovl   1   27  1.56M   16   20  55%  81.9M  -367n  n/a
   2   55 |   7 1.0   19   8.9M  169  537  76%    10M |  99.9   ovl   1   27  1.10M   13   21  61%  81.9M   -88n  n/a
   2   56 |   7 1.0   19   8.9M  194  591  75%    10M |  99.9   ovl   1   27  1.43M   16   22  57%  81.9M  -183n  n/a
   2   57 |   7 1.0   19   9.0M  169  546  76%    10M |  99.9   ovl   1   27  1.35M   17   24  58%  81.9M    38n  n/a
   2   58 |   7 1.0   19   8.7M  176  595  77%    10M |  99.9   ovl   1   27  1.15M   13   20  60%  81.9M   119n  n/a
   2   59 |   7 1.0   19   8.5M  155  497  76%    10M |  99.9   ovl   1   27  1.34M   17   21  55%  81.9M   211n  n/a
   2   5a |   7 1.0   19   9.0M  175  538  75%    10M |  99.9   ovl   1   27  1.55M   17   19  52%  81.9M   -20n  n/a
   2   5b |   7 1.0   19   9.0M  165  558  77%    10M |  99.9   ovl   1   27  1.27M   14   22  61%  81.9M   716n  n/a
   3   5c |   7 1.0   19   8.6M  150  618  80%    10M |  99.9   n/a   1   27   881k    8   23  74%  81.9M    n/a  n/a
   3   5d |   7 1.0   19   8.2M  136  534  79%    10M |  99.9   n/a   1   27  1.02M   10   25  71%  81.9M    n/a  n/a
   3   5e |   7 1.0   19   8.2M  142  555  79%    10M |  99.9   n/a   1   27  1.17M   12   23  65%  81.9M    n/a  n/a
   3   5f |   7 1.0   19   8.2M  137  583  80%    10M |  99.9   n/a   1   27   949k    9   24  72%  81.9M    n/a  n/a
   3   60 |   7 1.0   19   8.3M  155  578  78%    10M |  99.9   n/a   1   27   594k    6   23  79%  81.9M    n/a  n/a
   3   61 |   7 1.0   19   8.1M  138  568  80%    10M |  99.9   n/a   1   27   957k   10   23  69%  81.9M    n/a  n/a
   3   62 |   7 1.0   19   8.5M  149  619  80%    10M |  99.9   n/a   1   27   760k    8   24  75%  81.9M    n/a  n/a
   3   63 |   7 1.0   19   8.1M  139  542  79%    10M |  99.9   n/a   1   27   668k    7   24  77%  81.9M    n/a  n/a

          |--------------------DL---------------------|-------------------------------UL-----------------------------
 pci rnti | cqi  ri  mcs  brate   ok  nok  (%)  dl_bs | pusch  rsrp  ri  mcs  brate   ok  nok  (%)    bsr     ta  phr
   4   64 |   7 1.0   19    11M  187  503  72%    10M |  99.9   n/a   1   27  1.67M   17   25  59%  81.9M    n/a  n/a
   4   65 |   7 1.0   19    10M  172  508  74%    10M |  99.9   n/a   1   27  1.51M   15   22  59%  81.9M    n/a  n/a
   4   66 |   7 1.0   19    10M  186  609  76%    10M |  99.9   n/a   1   27  1.22M   12   23  65%  81.9M    n/a  n/a
   4   67 |   7 1.0   19    11M  183  461  71%    10M |  99.9   n/a   1   27  1.23M   12   26  68%  81.9M    n/a  n/a
   4   68 |   7 1.0   19    11M  180  535  74%    10M |  99.9   n/a   1   27  1.53M   15   24  61%  81.9M    n/a  n/a
   4   69 |   7 1.0   19    10M  177  464  72%    10M |  99.9   n/a   1   27  1.50M   16   24  60%  81.9M    n/a  n/a
   4   6a |   7 1.0   19    10M  185  499  72%    10M |  99.9   n/a   1   27  1.30M   14   24  63%  81.9M    n/a  n/a
   4   6b |   7 1.0   19    10M  168  473  73%    10M |  99.9   n/a   1   27  1.24M   12   26  68%  81.9M    n/a  n/a
   0   44 |   7 1.0   19    12M  210  447  68%    10M |  99.9   n/a   1   27  2.82M   28   17  37%  81.9M    n/a  n/a
   0   45 |   7 1.0   19    12M  188  447  70%    10M |  99.9   n/a   1   27  1.63M   17   20  54%  81.9M    n/a  n/a
   0   46 |   7 1.0   19    12M  207  413  66%    10M |  99.9   n/a   1   27  2.32M   22   18  45%  81.9M    n/a  n/a
   0   47 |   7 1.0   19    12M  199  442  68%    10M |  99.9   n/a   1   27  1.18M   10   17  62%  81.9M    n/a  n/a
   0   48 |   7 1.0   19    12M  203  473  69%    10M |  99.9   ovl   1   27  2.12M   21   18  46%  81.9M   124n  n/a
   0   49 |   7 1.0   19    12M  187  430  69%    10M |  99.9   n/a   1   27  2.31M   23   18  43%  81.9M    n/a  n/a
   0   4a |   7 1.0   19    12M  207  396  65%    10M |  99.9   n/a   1   27  2.36M   22   15  40%  81.9M    n/a  n/a
   0   4b |   7 1.0   19    12M  188  378  66%    10M |  99.9   n/a   1   27  2.34M   23   21  47%  81.9M    n/a  n/a
   1   4c |   7 1.0   19   3.7M  144  478  76%    10M |  99.9   n/a   1   27   501k   14   21  60%  81.9M    n/a  n/a
   1   4d |   7 1.0   19   3.7M  134  444  76%    10M |  99.9   n/a   1   27   567k   15   26  63%  81.9M    n/a  n/a
   1   4e |   7 1.0   19   3.7M  135  447  76%    10M |  99.9   n/a   1   27   537k   13   23  63%  81.9M    n/a  n/a
   1   4f |   7 1.0   19   3.7M  129  478  78%    10M |  99.9   ovl   1   27   499k   13   24  64%  81.9M   941n  n/a
   1   50 |   7 1.0   19   3.9M  143  535  78%    10M |  99.9   n/a   1   27   364k   10   20  66%  81.9M    n/a  n/a
   1   51 |   7 1.0   19   3.7M  127  467  78%    10M |  99.9   n/a   1   27   704k   19   24  55%  81.9M    n/a  n/a
   1   52 |   7 1.0   19   3.8M  141  429  75%    10M |  99.9   n/a   1   27   387k   10   24  70%  81.9M    n/a  n/a
   1   53 |   7 1.0   19   3.7M  134  444  76%    10M |  99.9   ovl   1   27   395k   10   23  69%  81.9M   574n  n/a
   2   54 |   7 1.0   19    10M  203  519  71%    10M |  99.9   n/a   1   27  1.83M   23   22  48%  81.9M    n/a  n/a
   2   55 |   7 1.0   19    10M  189  534  73%    10M |  99.9   n/a   1   27  1.31M   16   23  58%  81.9M    n/a  n/a
   2   56 |   7 1.0   19    10M  202  593  74%    10M |  99.9   n/a   1   27  1.72M   20   21  51%  81.9M    n/a  n/a
   2   57 |   7 1.0   19    10M  188  477  71%    10M |  99.9   n/a   1   27  1.40M   15   22  59%  81.9M    n/a  n/a
   2   58 |   7 1.0   19  10.0M  201  475  70%    10M |  99.9   n/a   1   27  1.32M   15   21  58%  81.9M    n/a  n/a
   2   59 |   7 1.0   19   9.9M  182  515  73%    10M |  99.9   n/a   1   27  1.28M   15   22  59%  81.9M    n/a  n/a
   2   5a |   7 1.0   19    10M  204  547  72%    10M |  99.9   n/a   1   27  1.16M   13   26  66%  81.9M    n/a  n/a
   2   5b |   7 1.0   19    10M  201  541  72%    10M |  99.9   n/a   1   27  1.42M   16   25  60%  81.9M    n/a  n/a
   3   5c |   7 1.0   19    11M  193  483  71%    10M |  99.9   n/a   1   27  1.22M   14   18  56%  81.9M    n/a  n/a
   3   5d |   7 1.0   19    11M  181  528  74%    10M |  99.9   n/a   1   27  1.29M   13   20  60%  81.9M    n/a  n/a
   3   5e |   7 1.0   19    11M  185  534  74%    10M |  99.9   n/a   1   27   910k    9   25  73%  81.9M    n/a  n/a
   3   5f |   7 1.0   19    11M  183  487  72%    10M |  99.9   n/a   1   27  1.32M   14   23  62%  81.9M    n/a  n/a
   3   60 |   7 1.0   19    12M  201  471  70%    10M |  99.9   n/a   1   27  1.11M   11   26  70%  81.9M    n/a  n/a
   3   61 |   7 1.0   19    11M  180  487  73%    10M |  99.9   n/a   1   27  1.09M   12   22  64%  81.9M    n/a  n/a
   3   62 |   7 1.0   19    11M  188  580  75%    10M |  99.9   n/a   1   27   838k    9   21  70%  81.9M    n/a  n/a
   3   63 |   7 1.0   19    11M  178  505  73%    10M |  99.9   n/a   1   27   772k    9   23  71%  81.9M    n/a  n/a
   4   64 |   7 1.0   19    11M  186  614  76%    10M |  99.9   n/a   1   27  1.15M   12   26  68%  81.9M    n/a  n/a
   4   65 |   7 1.0   19    10M  179  517  74%    10M |  99.9   ovl   1   27  1.62M   16   28  63%  81.9M  -849n  n/a
   4   66 |   7 1.0   19    11M  188  521  73%    10M |  99.9   n/a   1   27  1.23M   12   30  71%  81.9M    n/a  n/a
   4   67 |   7 1.0   19    10M  168  526  75%    10M |  99.9   n/a   1   27   926k    8   27  77%  81.9M    n/a  n/a
   4   68 |   7 1.0   19    10M  181  560  75%    10M |  99.9   n/a   1   27  1.30M   13   27  67%  81.9M    n/a  n/a
   4   69 |   7 1.0   19    10M  172  505  74%    10M |  99.9   ovl   1   27  1.22M   13   27  67%  81.9M  -570n  n/a
   4   6a |   7 1.0   19    10M  180  585  76%    10M |  99.9   n/a   1   27  1.09M   11   29  72%  81.9M    n/a  n/a
   4   6b |   7 1.0   19  10.0M  158  522  76%    10M |  99.9   ovl   1   27  1.47M   15   26  63%  81.9M   765n  n/a
   0   44 |   7 1.0   19   9.9M  179  483  72%    10M |  99.9   n/a   1   27  2.21M   21   22  51%  81.9M    n/a  n/a
   0   45 |   7 1.0   19    10M  164  414  71%    10M |  99.9   n/a   1   27  1.48M   15   25  62%  81.9M    n/a  n/a
   0   46 |   7 1.0   19    11M  191  411  68%    10M |  99.9   n/a   1   27  1.53M   16   21  56%  81.9M    n/a  n/a
   0   47 |   7 1.0   19    10M  162  399  71%    10M |  99.9   n/a   1   27  1.70M   17   23  57%  81.9M    n/a  n/a
   0   48 |   7 1.0   19   9.5M  166  516  75%    10M |  99.9   n/a   1   27  1.30M   15   24  61%  81.9M    n/a  n/a
   0   49 |   7 1.0   19    10M  170  391  69%    10M |  99.9   n/a   1   27  2.28M   23   26  53%  81.9M    n/a  n/a
   0   4a |   7 1.0   19    11M  187  428  69%    10M |  99.9   n/a   1   27  2.51M   24   17  41%  81.9M    n/a  n/a
   0   4b |   7 1.0   19    10M  181  402  68%    10M |  99.9   n/a   1   27  1.02M   11   19  63%  81.9M    n/a  n/a
   1   4c |   7 1.0   19   3.8M  145  425  74%    10M |  99.9   n/a   1   27   561k   13   20  60%  81.9M    n/a  n/a
   1   4d |   7 1.0   19   3.3M  130  425  76%    10M |  99.9   n/a   1   27   346k   10   25  71%  81.9M    n/a  n/a
   1   4e |   7 1.0   19   3.4M  121  486  80%    10M |  99.9   n/a   1   27   436k   12   24  66%  81.9M    n/a  n/a
   1   4f |   7 1.0   19   3.4M  127  465  78%    10M |  99.9   n/a   1   27   321k    9   20  68%  81.9M    n/a  n/a
   1   50 |   7 1.0   19   3.4M  131  485  78%    10M |  99.9   n/a   1   27   494k   14   23  62%  81.9M    n/a  n/a
   1   51 |   7 1.0   19   3.3M  105  438  80%    10M |  99.9   n/a   1   27   420k   10   23  69%  81.9M    n/a  n/a
   1   52 |   7 1.0   19   3.4M  129  456  77%    10M |  99.9   n/a   1   27   372k   10   21  67%  81.9M    n/a  n/a
   1   53 |   7 1.0   19   3.5M  119  469  79%    10M |  99.9   n/a   1   27   283k    7   31  81%  81.9M    n/a  n/a
   2   54 |   7 1.0   19   9.8M  197  475  70%    10M |  99.9   n/a   1   27  1.63M   18   18  50%  81.9M    n/a  n/a
   2   55 |   7 1.0   19   9.2M  181  522  74%    10M |  99.9   n/a   1   27  1.49M   18   19  51%  81.9M    n/a  n/a
   2   56 |   7 1.0   19   9.9M  196  546  73%    10M |  99.9   n/a   1   27  1.18M   13   19  59%  81.9M    n/a  n/a
   2   57 |   7 1.0   19   9.4M  177  537  75%    10M |  99.9   n/a   1   27  1.17M   13   21  61%  81.9M    n/a  n/a
   2   58 |   7 1.0   19   9.6M  190  560  74%    10M |  99.9   ovl   1   27  1.70M   19   21  52%  81.9M    16n  n/a
   2   59 |   7 1.0   19   9.5M  173  488  73%    10M |  99.9   n/a   1   27  1.29M   15   18  54%  81.9M    n/a  n/a
   2   5a |   7 1.0   19   9.4M  195  502  72%    10M |  99.9   n/a   1   27  1.53M   17   21  55%  81.9M    n/a  n/a
   2   5b |   7 1.0   19   9.6M  189  517  73%    10M |  99.9   n/a   1   27  1.32M   16   27  62%  81.9M    n/a  n/a
   3   5c |   7 1.0   19    11M  187  531  73%    10M |  99.9   n/a   1   27  1.25M   12   31  72%  81.9M    n/a  n/a
   3   5d |   7 1.0   19    10M  179  512  74%    10M |  99.9   n/a   1   27  1.45M   15   27  64%  81.9M    n/a  n/a
   3   5e |   7 1.0   19    11M  177  500  73%    10M |  99.9   n/a   1   27  1.70M   17   30  63%  81.9M    n/a  n/a
   3   5f |   7 1.0   19    10M  173  476  73%    10M |  99.9   n/a   1   27  1.59M   18   28  60%  81.9M    n/a  n/a
   3   60 |   7 1.0   19    11M  190  565  74%    10M |  99.9   n/a   1   27  1.64M   18   28  60%  81.9M    n/a  n/a
   3   61 |   7 1.0   19    11M  185  515  73%    10M |  99.9   n/a   1   27  1.15M   11   29  72%  81.9M    n/a  n/a
   3   62 |   7 1.0   19    11M  192  565  74%    10M |  99.9   n/a   1   27  1.46M   15   27  64%  81.9M    n/a  n/a
   3   63 |   7 1.0   19    11M  187  509  73%    10M |  99.9   n/a   1   27  1.39M   15   30  66%  81.9M    n/a  n/a
   4   64 |   7 1.0   19    12M  210  537  71%    10M |  99.9   n/a   1   27  1.25M   13   21  61%  81.9M    n/a  n/a
   4   65 |   7 1.0   19    13M  205  405  66%    10M |  99.9   n/a   1   27  1.26M   12   20  62%  81.9M    n/a  n/a
   4   66 |   7 1.0   19    12M  211  529  71%    10M |  99.9   n/a   1   27  1.64M   17   24  58%  81.9M    n/a  n/a
   4   67 |   7 1.0   19    12M  208  445  68%    10M |  99.9   n/a   1   27  1.45M   14   24  63%  81.9M    n/a  n/a
   4   68 |   7 1.0   19    12M  220  506  69%    10M |  99.9   n/a   1   27  1.73M   17   21  55%  81.9M    n/a  n/a
   4   69 |   7 1.0   19    12M  198  472  70%    10M |  99.9   n/a   1   27  1.45M   15   25  62%  81.9M    n/a  n/a
   4   6a |   7 1.0   19    12M  208  494  70%    10M |  99.9   n/a   1   27  1.77M   17   25  59%  81.9M    n/a  n/a
   4   6b |   7 1.0   19    12M  202  429  67%    10M |  99.9   n/a   1   27  1.76M   18   23  56%  81.9M    n/a  n/a

          |--------------------DL---------------------|-------------------------------UL-----------------------------
 pci rnti | cqi  ri  mcs  brate   ok  nok  (%)  dl_bs | pusch  rsrp  ri  mcs  brate   ok  nok  (%)    bsr     ta  phr
   0   44 |   7 1.0   19    11M  194  434  69%    10M |  99.9   n/a   1   27  1.78M   17   18  51%  81.9M    n/a  n/a
   0   45 |   7 1.0   19    12M  187  393  67%    10M |  99.9   n/a   1   27  1.92M   19   16  45%  81.9M    n/a  n/a
   0   46 |   7 1.0   19    12M  213  427  66%    10M |  99.9   n/a   1   27  1.62M   15   15  50%  81.9M    n/a  n/a
   0   47 |   7 1.0   19    11M  187  405  68%    10M |  99.9   n/a   1   27  1.93M   19   21  52%  81.9M    n/a  n/a
   0   48 |   7 1.0   19    11M  204  421  67%    10M |  99.9   n/a   1   27  2.53M   23   14  37%  81.9M    n/a  n/a
   0   49 |   7 1.0   19    11M  189  389  67%    10M |  99.9   n/a   1   27  2.45M   25   15  37%  81.9M    n/a  n/a
   0   4a |   7 1.0   19    12M  202  416  67%    10M |  99.9   n/a   1   27  2.51M   23   15  39%  81.9M    n/a  n/a
   0   4b |   7 1.0   19    12M  192  398  67%    10M |  99.9   n/a   1   27  2.48M   23   25  52%  81.9M    n/a  n/a
   1   4c |   7 1.0   19   3.7M  143  419  74%    10M |  99.9   n/a   1   27   763k   20   13  39%  81.9M    n/a  n/a
   1   4d |   7 1.0   19   3.6M  126  400  76%    10M |  99.9   n/a   1   27   760k   21   18  46%  81.9M    n/a  n/a
   1   4e |   7 1.0   19   3.8M  143  389  73%    10M |  99.9   n/a   1   27   584k   16   16  50%  81.9M    n/a  n/a
   1   4f |   7 1.0   19   3.5M  126  412  76%    10M |  99.9   n/a   1   27   699k   20   21  51%  81.9M    n/a  n/a
   1   50 |   7 1.0   19   3.9M  139  403  74%    10M |  99.9   n/a   1   27   515k   15   22  59%  81.9M    n/a  n/a
   1   51 |   7 1.0   19   3.4M  115  426  78%    10M |  99.9   n/a   1   27   656k   18   17  48%  81.9M    n/a  n/a
   1   52 |   7 1.0   19   3.9M  140  441  75%    10M |  99.9   n/a   1   27   608k   16   19  54%  81.9M    n/a  n/a
   1   53 |   7 1.0   19   3.5M  126  365  74%    10M |  99.9   n/a   1   27   717k   19   13  40%  81.9M    n/a  n/a
   2   54 |   7 1.0   19   9.0M  175  646  78%    10M |  99.9   n/a   1   27  1.26M   15   30  66%  81.9M    n/a  n/a
   2   55 |   7 1.0   19   8.8M  169  485  74%    10M |  99.9   n/a   1   27   988k   11   28  71%  81.9M    n/a  n/a
   2   56 |   7 1.0   19   9.3M  192  536  73%    10M |  99.9   n/a   1   27   850k    9   30  76%  81.9M    n/a  n/a
   2   57 |   7 1.0   19   8.6M  172  533  75%    10M |  99.9   n/a   1   27  1.41M   17   25  59%  81.9M    n/a  n/a
   2   58 |   7 1.0   19   9.1M  171  618  78%    10M |  99.9   n/a   1   27  1.26M   14   30  68%  81.9M    n/a  n/a
   2   59 |   7 1.0   19   9.0M  166  499  75%    10M |  99.9   n/a   1   27  1.46M   16   28  63%  81.9M    n/a  n/a
   2   5a |   7 1.0   19   8.7M  179  581  76%    10M |  99.9   n/a   1   27   586k    7   33  82%  81.9M    n/a  n/a
   2   5b |   7 1.0   19   8.9M  166  559  77%    10M |  99.9   n/a   1   27   936k   11   27  71%  81.9M    n/a  n/a
   3   5c |   7 1.0   19   9.7M  170  568  76%    10M |  99.9   n/a   1   27   852k    9   23  71%  81.9M    n/a  n/a
   3   5d |   7 1.0   19    10M  165  528  76%    10M |  99.9   n/a   1   27   811k    9   17  65%  81.9M    n/a  n/a
   3   5e |   7 1.0   19   9.7M  172  645  78%    10M |  99.9   n/a   1   27   918k    9   21  70%  81.9M    n/a  n/a
   3   5f |   7 1.0   19    10M  167  511  75%    10M |  99.9   n/a   1   27  1.12M   11   19  63%  81.9M    n/a  n/a
   3   60 |   7 1.0   19   9.7M  170  540  76%    10M |  99.9   n/a   1   27   832k    9   22  70%  81.9M    n/a  n/a
   3   61 |   7 1.0   19   9.6M  159  490  75%    10M |  99.9   n/a   1   27   713k    7   21  75%  81.9M    n/a  n/a
   3   62 |   7 1.0   19   9.7M  174  537  75%    10M |  99.9   n/a   1   27   537k    5   23  82%  81.9M    n/a  n/a
   3   63 |   7 1.0   19   9.9M  165  534  76%    10M |  99.9   n/a   1   27   779k    8   26  76%  81.9M    n/a  n/a
   4   64 |   7 1.0   19   8.5M  140  574  80%    10M |  99.9   n/a   1   27  1.08M   11   25  69%  81.9M    n/a  n/a
   4   65 |   7 1.0   19   8.3M  142  559  79%    10M |  99.9   n/a   1   27   813k    8   25  75%  81.9M    n/a  n/a
   4   66 |   7 1.0   19   8.7M  153  659  81%    10M |  99.9   n/a   1   27   627k    6   23  79%  81.9M    n/a  n/a
   4   67 |   7 1.0   19   8.5M  146  550  79%    10M |  99.9   n/a   1   27  1.14M   12   22  64%  81.9M    n/a  n/a
   4   68 |   7 1.0   19   8.6M  147  631  81%    10M |  99.9   n/a   1   27   717k    7   22  75%  81.9M    n/a  n/a
   4   69 |   7 1.0   19   8.2M  140  560  80%    10M |  99.9   n/a   1   27   768k    7   21  75%  81.9M    n/a  n/a
   4   6a |   7 1.0   19   8.4M  150  631  80%    10M |  99.9   n/a   1   27   799k    8   22  73%  81.9M    n/a  n/a
   4   6b |   7 1.0   19   8.4M  143  550  79%    10M |  99.9   n/a   1   27   422k    4   27  87%  81.9M    n/a  n/a
   0   44 |   7 1.0   19    10M  191  478  71%    10M |  99.9   n/a   1   27  2.05M   20   17  45%  81.9M    n/a  n/a
   0   45 |   7 1.0   19    11M  175  442  71%    10M |  99.9   n/a   1   27  1.97M   19   17  47%  81.9M    n/a  n/a
   0   46 |   7 1.0   19    11M  190  383  66%    10M |  99.9   n/a   1   27  2.44M   24   20  45%  81.9M    n/a  n/a
   0   47 |   7 1.0   19    11M  182  456  71%    10M |  99.9   n/a   1   27  1.57M   16   24  60%  81.9M    n/a  n/a
   0   48 |   7 1.0   19   9.9M  172  485  73%    10M |  99.9   ovl   1   27  2.58M   25   17  40%  81.9M  -176n  n/a
   0   49 |   7 1.0   19    11M  173  419  70%    10M |  99.9   n/a   1   27  1.81M   18   21  53%  81.9M    n/a  n/a
   0   4a |   7 1.0   19    11M  177  453  71%    10M |  99.9   n/a   1   27  1.65M   17   17  50%  81.9M    n/a  n/a
   0   4b |   7 1.0   19    10M  175  446  71%    10M |  99.9   n/a   1   27  1.82M   18   17  48%  81.9M    n/a  n/a
   1   4c |   7 1.0   19   3.3M  124  409  76%    10M |  99.9   n/a   1   27   428k   12   13  52%  81.9M    n/a  n/a
   1   4d |   7 1.0   19   3.1M  109  401  78%    10M |  99.9   n/a   1   27   738k   21   12  36%  81.9M    n/a  n/a
   1   4e |   7 1.0   19   3.5M  130  437  77%    10M |  99.9   ovl   1   27   523k   15   22  59%  81.9M   930n  n/a
   1   4f |   7 1.0   19   3.2M  106  374  77%    10M |  99.9   n/a   1   27   695k   18   23  56%  81.9M    n/a  n/a
   1   50 |   7 1.0   19   3.3M  130  433  76%    10M |  99.9   n/a   1   27   370k    9   15  62%  81.9M    n/a  n/a
   1   51 |   7 1.0   19   3.2M  119  364  75%    10M |  99.9   ovl   1   27   372k   11   18  62%  81.9M   573n  n/a
   1   52 |   7 1.0   19   3.5M  124  407  76%    10M |  99.9   ovl   1   27   497k   15   18  54%  81.9M   102n  n/a
   1   53 |   7 1.0   19   3.2M  112  441  79%    10M |  99.9   n/a   1   27   593k   15   16  51%  81.9M    n/a  n/a
   2   54 |   7 1.0   19    10M  207  589  73%    10M |  99.9   n/a   1   27   789k    9   25  73%  81.9M    n/a  n/a
   2   55 |   7 1.0   19    10M  189  544  74%    10M |  99.9   n/a   1   27  1.13M   13   26  66%  81.9M    n/a  n/a
   2   56 |   7 1.0   19    10M  201  499  71%    10M |  99.9   n/a   1   27   990k   11   22  66%  81.9M    n/a  n/a
   2   57 |   7 1.0   19    10M  187  511  73%    10M |  99.9   n/a   1   27  1.16M   14   26  65%  81.9M    n/a  n/a
   2   58 |   7 1.0   19    10M  193  544  73%    10M |  99.9   n/a   1   27   912k   11   25  69%  81.9M    n/a  n/a
   2   59 |   7 1.0   19    10M  180  501  73%    10M |  99.9   n/a   1   27  1.23M   13   21  61%  81.9M    n/a  n/a
   2   5a |   7 1.0   19    10M  193  488  71%    10M |  99.9   n/a   1   27  1.19M   12   21  63%  81.9M    n/a  n/a
   2   5b |   7 1.0   19    10M  191  526  73%    10M |  99.9   n/a   1   27  1.12M   13   23  63%  81.9M    n/a  n/a
   3   5c |   7 1.0   19    11M  187  531  73%    10M |  99.9   ovl   1   27  1.48M   15   22  59%  81.9M  -620n  n/a
   3   5d |   7 1.0   19    10M  170  546  76%    10M |  99.9   ovl   1   27  1.68M   17   23  57%  81.9M   896n  n/a
   3   5e |   7 1.0   19    11M  189  569  75%    10M |  99.9   n/a   1   27  1.57M   15   21  58%  81.9M    n/a  n/a
   3   5f |   7 1.0   19    11M  173  480  73%    10M |  99.9   n/a   1   27  1.36M   14   23  62%  81.9M    n/a  n/a
   3   60 |   7 1.0   19    11M  188  595  75%    10M |  99.9   ovl   1   27  1.61M   15   23  60%  81.9M  -892n  n/a
   3   61 |   7 1.0   19    11M  183  496  73%    10M |  99.9   n/a   1   27  1.63M   17   23  57%  81.9M    n/a  n/a
   3   62 |   7 1.0   19    11M  202  508  71%    10M |  99.9   ovl   1   27  1.88M   17   24  58%  81.9M  -341n  n/a
   3   63 |   7 1.0   19    11M  182  496  73%    10M |  99.9   n/a   1   27  1.53M   15   22  59%  81.9M    n/a  n/a
   4   64 |   7 1.0   19   9.4M  174  593  77%    10M |  99.9   n/a   1   27  1.10M   10   27  72%  81.9M    n/a  n/a
   4   65 |   7 1.0   19   9.9M  170  521  75%    10M |  99.9   n/a   1   27   740k    7   27  79%  81.9M    n/a  n/a
   4   66 |   7 1.0   19    10M  169  577  77%    10M |  99.9   n/a   1   27  1.05M   10   29  74%  81.9M    n/a  n/a
   4   67 |   7 1.0   19  10.0M  165  509  75%    10M |  99.9   n/a   1   27  1.08M   11   28  71%  81.9M    n/a  n/a
   4   68 |   7 1.0   19   9.5M  155  579  78%    10M |  99.9   n/a   1   27  1.17M   11   30  73%  81.9M    n/a  n/a
   4   69 |   7 1.0   19   9.6M  167  530  76%    10M |  99.9   n/a   1   27  1.44M   14   29  67%  81.9M    n/a  n/a
   4   6a |   7 1.0   19   9.8M  170  516  75%    10M |  99.9   n/a   1   27  1.25M   12   28  70%  81.9M    n/a  n/a
   4   6b |   7 1.0   19    10M  171  549  76%    10M |  99.9   n/a   1   27  1.32M   14   29  67%  81.9M    n/a  n/a
   0   44 |   7 1.0   19    11M  189  480  71%    10M |  99.9   ovl   1   27  1.78M   18   18  50%  81.9M   -66n  n/a
   0   45 |   7 1.0   19    11M  180  455  71%    10M |  99.9   ovl   1   27  2.02M   20   20  50%  81.9M  -336n  n/a
   0   46 |   7 1.0   19    11M  182  481  72%    10M |  99.9   n/a   1   27  2.12M   21   18  46%  81.9M    n/a  n/a
   0   47 |   7 1.0   19    11M  185  472  71%    10M |  99.9   n/a   1   27  1.27M   12   20  62%  81.9M    n/a  n/a
   0   48 |   7 1.0   19    11M  181  609  77%    10M |  99.9   n/a   1   27  2.56M   24   19  44%  81.9M    n/a  n/a
   0   49 |   7 1.0   19    11M  185  427  69%    10M |  99.9   ovl   1   27  2.72M   26   14  35%  81.9M  -218n  n/a
   0   4a |   7 1.0   19   9.9M  172  563  76%    10M |  99.9   ovl   1   27  1.90M   16   22  57%  81.9M  -156n  n/a
   0   4b |   7 1.0   19    11M  178  471  72%    10M |  99.9   ovl   1   27  1.18M   12   22  64%  81.9M   229n  n/a

          |--------------------DL---------------------|-------------------------------UL-----------------------------
 pci rnti | cqi  ri  mcs  brate   ok  nok  (%)  dl_bs | pusch  rsrp  ri  mcs  brate   ok  nok  (%)    bsr     ta  phr
   1   4c |   7 1.0   19   3.5M  145  440  75%    10M |  99.9   n/a   1   27   354k   10   22  68%  81.9M    n/a  n/a
   1   4d |   7 1.0   19   3.6M  133  394  74%    10M |  99.9   n/a   1   27   413k   13   19  59%  81.9M    n/a  n/a
   1   4e |   7 1.0   19   3.3M  129  442  77%    10M |  99.9   n/a   1   27   663k   17   21  55%  81.9M    n/a  n/a
   1   4f |   7 1.0   19   3.7M  140  372  72%    10M |  99.9   n/a   1   27   396k   12   17  58%  81.9M    n/a  n/a
   1   50 |   7 1.0   19   3.5M  130  453  77%    10M |  99.9   n/a   1   27   416k   12   22  64%  81.9M    n/a  n/a
   1   51 |   7 1.0   19   3.8M  139  391  73%    10M |  99.9   n/a   1   27   474k   13   24  64%  81.9M    n/a  n/a
   1   52 |   7 1.0   19   3.3M  130  494  79%    10M |  99.9   n/a   1   27   320k   10   16  61%  81.9M    n/a  n/a
   1   53 |   7 1.0   19   3.7M  137  349  71%    10M |  99.9   n/a   1   27   593k   16   14  46%  81.9M    n/a  n/a
   2   54 |   7 1.0   19   6.8M  135  678  83%    10M |  99.9   n/a   1   27   547k    6   26  81%  81.9M    n/a  n/a
   2   55 |   7 1.0   19   6.7M  134  635  82%    10M |  99.9   n/a   1   27   481k    5   23  82%  81.9M    n/a  n/a
   2   56 |   7 1.0   19   7.1M  146  693  82%    10M |  99.9   n/a   1   27   570k    6   23  79%  81.9M    n/a  n/a
   2   57 |   7 1.0   19   6.8M  130  608  82%    10M |  99.9   n/a   1   27   406k    5   24  82%  81.9M    n/a  n/a
   2   58 |   7 1.0   19   6.7M  130  651  83%    10M |  99.9   n/a   1   27   256k    3   25  89%  81.9M    n/a  n/a
   2   59 |   7 1.0   19   6.6M  127  585  82%    10M |  99.9   n/a   1   27   637k    7   26  78%  81.9M    n/a  n/a
   2   5a |   7 1.0   19   6.4M  138  640  82%    10M |  99.9   n/a   1   27   684k    7   25  78%  81.9M    n/a  n/a
   2   5b |   7 1.0   19   6.8M  126  589  82%    10M |  99.9   n/a   1   27   293k    4   25  86%  81.9M    n/a  n/a
   3   5c |   7 1.0   19    10M  180  549  75%    10M |  99.9   n/a   1   27   865k    8   25  75%  81.9M    n/a  n/a
   3   5d |   7 1.0   19   9.6M  159  503  75%    10M |  99.9   n/a   1   27   971k    9   24  72%  81.9M    n/a  n/a
   3   5e |   7 1.0   19   9.5M  176  527  74%    10M |  99.9   n/a   1   27  1.08M   11   22  66%  81.9M    n/a  n/a
   3   5f |   7 1.0   19   9.6M  157  543  77%    10M |  99.9   n/a   1   27   772k    8   22  73%  81.9M    n/a  n/a
   3   60 |   7 1.0   19   9.8M  173  553  76%    10M |  99.9   n/a   1   27  1.17M   12   25  67%  81.9M    n/a  n/a
   3   61 |   7 1.0   19   9.8M  169  475  73%    10M |  99.9   n/a   1   27  1.16M   12   24  66%  81.9M    n/a  n/a
   3   62 |   7 1.0   19    10M  186  534  74%    10M |  99.9   n/a   1   27  1.04M   11   21  65%  81.9M    n/a  n/a
   3   63 |   7 1.0   19   9.5M  161  533  76%    10M |  99.9   n/a   1   27  1.12M   12   23  65%  81.9M    n/a  n/a
   4   64 |   7 1.0   19    11M  200  476  70%    10M |  99.9   n/a   1   27  1.64M   16   21  56%  81.9M    n/a  n/a
   4   65 |   7 1.0   19    11M  178  479  72%    10M |  99.9   ovl   1   27  1.92M   20   22  52%  81.9M   -50n  n/a
   4   66 |   7 1.0   19    11M  186  535  74%    10M |  99.9   ovl   1   27  2.21M   22   15  40%  81.9M   686n  n/a
   4   67 |   7 1.0   19    11M  178  480  72%    10M |  99.9   ovl   1   27  1.97M   19   16  45%  81.9M  -559n  n/a
   4   68 |   7 1.0   19    10M  177  530  74%    10M |  99.9   ovl   1   27  2.10M   20   19  48%  81.9M  -456n  n/a
   4   69 |   7 1.0   19    11M  172  500  74%    10M |  99.9   ovl   1   27  1.71M   19   21  52%  81.9M  -261n  n/a
   4   6a |   7 1.0   19    11M  204  507  71%    10M |  99.9   ovl   1   27  2.56M   26   16  38%  81.9M   502n  n/a
   4   6b |   7 1.0   19    11M  175  466  72%    10M |  99.9   ovl   1   27  1.64M   16   17  51%  81.9M   975n  n/a
   0   44 |   7 1.0   19    12M  203  538  72%    10M |  99.9   n/a   1   27  1.96M   20   21  51%  81.9M    n/a  n/a
   0   45 |   7 1.0   19    12M  195  456  70%    10M |  99.9   n/a   1   27  2.15M   22   21  48%  81.9M    n/a  n/a
   0   46 |   7 1.0   19    11M  202  474  70%    10M |  99.9   n/a   1   27  2.27M   24   22  47%  81.9M    n/a  n/a
   0   47 |   7 1.0   19    12M  194  483  71%    10M |  99.9   ovl   1   27  2.10M   21   22  51%  81.9M    17n  n/a
   0   48 |   7 1.0   19    12M  196  527  72%    10M |  99.9   n/a   1   27  3.04M   31   15  32%  81.9M    n/a  n/a
   0   49 |   7 1.0   19    12M  196  459  70%    10M |  99.9   n/a   1   27  2.33M   26   22  45%  81.9M    n/a  n/a
   0   4a |   7 1.0   19    12M  197  451  69%    10M |  99.9   n/a   1   27  1.97M   21   19  47%  81.9M    n/a  n/a
   0   4b |   7 1.0   19    12M  193  466  70%    10M |  99.9   n/a   1   27  2.11M   22   21  48%  81.9M    n/a  n/a
   1   4c |   7 1.0   19   3.5M  128  491  79%    10M |  99.9   n/a   1   27   373k   10   23  69%  81.9M    n/a  n/a
   1   4d |   7 1.0   19   3.4M  117  439  78%    10M |  99.9   n/a   1   27   354k    9   26  74%  81.9M    n/a  n/a
   1   4e |   7 1.0   19   3.5M  124  441  78%    10M |  99.9   n/a   1   27   419k   12   22  64%  81.9M    n/a  n/a
   1   4f |   7 1.0   19   3.4M  127  402  75%    10M |  99.9   n/a   1   27   383k   10   23  69%  81.9M    n/a  n/a
   1   50 |   7 1.0   19   3.4M  130  469  78%    10M |  99.9   n/a   1   27   301k    7   20  74%  81.9M    n/a  n/a
   1   51 |   7 1.0   19   3.3M  122  440  78%    10M |  99.9   n/a   1   27   344k    9   23  71%  81.9M    n/a  n/a
   1   52 |   7 1.0   19   3.4M  135  473  77%    10M |  99.9   n/a   1   27   350k   11   22  66%  81.9M    n/a  n/a
   1   53 |   7 1.0   19   3.3M  128  435  77%    10M |  99.9   n/a   1   27   527k   14   22  61%  81.9M    n/a  n/a
   2   54 |   7 1.0   19   8.2M  174  620  78%    10M |  99.9   n/a   1   27  1.15M   13   22  62%  81.9M    n/a  n/a
   2   55 |   7 1.0   19   8.3M  148  532  78%    10M |  99.9   n/a   1   27  1.04M   12   21  63%  81.9M    n/a  n/a
   2   56 |   7 1.0   19   8.2M  160  551  77%    10M |  99.9   n/a   1   27  1.31M   15   20  57%  81.9M    n/a  n/a
   2   57 |   7 1.0   19   8.6M  160  577  78%    10M |  99.9   n/a   1   27  1.13M   13   24  64%  81.9M    n/a  n/a
   2   58 |   7 1.0   19   8.1M  149  585  79%    10M |  99.9   n/a   1   27  1.38M   15   23  60%  81.9M    n/a  n/a
   2   59 |   7 1.0   19   8.1M  151  574  79%    10M |  99.9   n/a   1   27  1.32M   15   23  60%  81.9M    n/a  n/a
   2   5a |   7 1.0   19   8.0M  162  612  79%    10M |  99.9   n/a   1   27  1.34M   17   21  55%  81.9M    n/a  n/a
   2   5b |   7 1.0   19   8.1M  155  586  79%    10M |  99.9   n/a   1   27   809k   10   22  68%  81.9M    n/a  n/a
   3   5c |   7 1.0   19    11M  184  507  73%    10M |  99.9   n/a   1   27  1.66M   16   25  60%  81.9M    n/a  n/a
   3   5d |   7 1.0   19    10M  167  499  74%    10M |  99.9   n/a   1   27  1.46M   14   21  60%  81.9M    n/a  n/a
   3   5e |   7 1.0   19    11M  193  554  74%    10M |  99.9   n/a   1   27  1.17M   12   25  67%  81.9M    n/a  n/a
   3   5f |   7 1.0   19  10.0M  158  459  74%    10M |  99.9   n/a   1   27  1.58M   16   26  61%  81.9M    n/a  n/a
   3   60 |   7 1.0   19    11M  184  516  73%    10M |  99.9   n/a   1   27  1.21M   12   21  63%  81.9M    n/a  n/a
   3   61 |   7 1.0   19   9.9M  164  476  74%    10M |  99.9   n/a   1   27  1.47M   15   22  59%  81.9M    n/a  n/a
   3   62 |   7 1.0   19   9.9M  173  618  78%    10M |  99.9   n/a   1   27  1.30M   13   25  65%  81.9M    n/a  n/a
   3   63 |   7 1.0   19    10M  170  481  73%    10M |  99.9   n/a   1   27  1.61M   15   23  60%  81.9M    n/a  n/a
   4   64 |   7 1.0   19    12M  204  482  70%    10M |  99.9   n/a   1   27  2.20M   23   21  47%  81.9M    n/a  n/a
   4   65 |   7 1.0   19    12M  199  453  69%    10M |  99.9   n/a   1   27  1.78M   17   22  56%  81.9M    n/a  n/a
   4   66 |   7 1.0   19    12M  201  463  69%    10M |  99.9   ovl   1   27  2.27M   23   17  42%  81.9M   674n  n/a
   4   67 |   7 1.0   19    12M  194  526  73%    10M |  99.9   ovl   1   27  1.83M   19   23  54%  81.9M   -32n  n/a
   4   68 |   7 1.0   19    11M  203  513  71%    10M |  99.9   ovl   1   27  2.15M   24   20  45%  81.9M  -650n  n/a
   4   69 |   7 1.0   19    12M  197  439  69%    10M |  99.9   ovl   1   27  1.97M   20   22  52%  81.9M   659n  n/a
   4   6a |   7 1.0   19    12M  199  432  68%    10M |  99.9   ovl   1   27  2.28M   23   18  43%  81.9M   547n  n/a
   4   6b |   7 1.0   19    12M  194  436  69%    10M |  99.9   n/a   1   27  1.84M   18   23  56%  81.9M    n/a  n/a
   0   44 |   7 1.0   19    11M  197  490  71%    10M |  99.9   n/a   1   27  1.51M   15   17  53%  81.9M    n/a  n/a
   0   45 |   7 1.0   19    12M  184  399  68%    10M |  99.9   ovl   1   27  2.64M   27   17  38%  81.9M  -704n  n/a
   0   46 |   7 1.0   19    11M  180  541  75%    10M |  99.9   n/a   1   27  2.06M   20   17  45%  81.9M    n/a  n/a
   0   47 |   7 1.0   19    12M  187  402  68%    10M |  99.9   ovl   1   27  2.52M   25   17  40%  81.9M   116n  n/a
   0   48 |   7 1.0   19    11M  182  530  74%    10M |  99.9   n/a   1   27  2.31M   22   14  38%  81.9M    n/a  n/a
   0   49 |   7 1.0   19    11M  195  460  70%    10M |  99.9   ovl   1   27  1.94M   21   19  47%  81.9M   263n  n/a
   0   4a |   7 1.0   19    11M  191  522  73%    10M |  99.9   ovl   1   27  2.35M   24   16  40%  81.9M  -282n  n/a
   0   4b |   7 1.0   19    12M  191  404  67%    10M |  99.9   ovl   1   27  2.03M   21   16  43%  81.9M  -488n  n/a
   1   4c |   7 1.0   19   3.2M  118  586  83%    10M |  99.9   ovl   1   27   491k   14   22  61%  81.9M  -695n  n/a
   1   4d |   7 1.0   19   3.2M  109  467  81%    10M |  99.9   ovl   1   27   630k   18   20  52%  81.9M    75n  n/a
   1   4e |   7 1.0   19   3.5M  131  456  77%    10M |  99.9   ovl   1   27   600k   17   21  55%  81.9M  -100n  n/a
   1   4f |   7 1.0   19   3.2M  114  494  81%    10M |  99.9   ovl   1   27   604k   16   21  56%  81.9M  -229n  n/a
   1   50 |   7 1.0   19   3.3M  126  510  80%    10M |  99.9   ovl   1   27   579k   15   22  59%  81.9M   -65n  n/a
   1   51 |   7 1.0   19   3.4M  124  461  78%    10M |  99.9   ovl   1   27   714k   20   21  51%  81.9M   -55n  n/a
   1   52 |   7 1.0   19   3.3M  126  518  80%    10M |  99.9   ovl   1   27   480k   13   22  62%  81.9M   261n  n/a
   1   53 |   7 1.0   19   3.3M  120  476  79%    10M |  99.9   n/a   1   27   417k   12   18  60%  81.9M    n/a  n/a

          |--------------------DL---------------------|-------------------------------UL-----------------------------
 pci rnti | cqi  ri  mcs  brate   ok  nok  (%)  dl_bs | pusch  rsrp  ri  mcs  brate   ok  nok  (%)    bsr     ta  phr
   2   54 |   7 1.0   19   9.8M  194  525  73%    10M |  99.9   ovl   1   27  1.15M   13   19  59%  81.9M   941n  n/a
   2   55 |   7 1.0   19   9.2M  181  546  75%    10M |  99.9   ovl   1   27  1.37M   14   21  60%  81.9M  -810n  n/a
   2   56 |   7 1.0   19   9.6M  197  535  73%    10M |  99.9   n/a   1   27  1.16M   13   26  66%  81.9M    n/a  n/a
   2   57 |   7 1.0   19   9.3M  176  578  76%    10M |  99.9   ovl   1   27  1.23M   14   24  63%  81.9M   714n  n/a
   2   58 |   7 1.0   19   9.7M  191  584  75%    10M |  99.9   ovl   1   27  1.32M   13   21  61%  81.9M  -325n  n/a
   2   59 |   7 1.0   19   9.2M  164  567  77%    10M |  99.9   n/a   1   27  1.01M   11   22  66%  81.9M    n/a  n/a
   2   5a |   7 1.0   19   9.3M  187  561  75%    10M |  99.9   ovl   1   27  1.50M   17   21  55%  81.9M   368n  n/a
   2   5b |   7 1.0   19   9.3M  171  555  76%    10M |  99.9   ovl   1   27  1.43M   15   21  58%  81.9M   714n  n/a
   3   5c |   7 1.0   19   9.9M  172  521  75%    10M |  99.9   ovl   1   27  1.79M   18   23  56%  81.9M   763p  n/a
   3   5d |   7 1.0   19   9.9M  171  504  74%    10M |  99.9   ovl   1   27  1.49M   14   20  58%  81.9M  -795n  n/a
   3   5e |   7 1.0   19   9.7M  177  539  75%    10M |  99.9   ovl   1   27  1.79M   17   22  56%  81.9M   864n  n/a
   3   5f |   7 1.0   19   9.7M  159  531  76%    10M |  99.9   ovl   1   27  1.58M   15   24  61%  81.9M  -849n  n/a
   3   60 |   7 1.0   19   9.9M  170  600  77%    10M |  99.9   ovl   1   27  1.86M   18   24  57%  81.9M   693n  n/a
   3   61 |   7 1.0   19   9.6M  162  547  77%    10M |  99.9   ovl   1   27  1.58M   15   19  55%  81.9M  -927n  n/a
   3   62 |   7 1.0   19   9.6M  171  561  76%    10M |  99.9   ovl   1   27  1.73M   18   23  56%  81.9M   478n  n/a
   3   63 |   7 1.0   19   9.8M  157  503  76%    10M |  99.9   ovl   1   27  1.55M   15   19  55%  81.9M    66n  n/a
   4   64 |   7 1.0   19    11M  182  456  71%    10M |  99.9   ovl   1   27  1.64M   18   19  51%  81.9M  -830n  n/a
   4   65 |   7 1.0   19  10.0M  174  565  76%    10M |  99.9   ovl   1   27  1.45M   15   18  54%  81.9M   670n  n/a
   4   66 |   7 1.0   19    11M  191  528  73%    10M |  99.9   ovl   1   27  1.59M   15   17  53%  81.9M  -188n  n/a
   4   67 |   7 1.0   19    10M  161  482  74%    10M |  99.9   ovl   1   27  1.37M   14   19  57%  81.9M   423n  n/a
   4   68 |   7 1.0   19    11M  193  487  71%    10M |  99.9   ovl   1   27  1.86M   18   15  45%  81.9M  -358n  n/a
   4   69 |   7 1.0   19    10M  172  478  73%    10M |  99.9   n/a   1   27  1.59M   17   16  48%  81.9M    n/a  n/a
   4   6a |   7 1.0   19    11M  203  526  72%    10M |  99.9   n/a   1   27  1.73M   18   18  50%  81.9M    n/a  n/a
   4   6b |   7 1.0   19    11M  177  465  72%    10M |  99.9   ovl   1   27  1.53M   15   18  54%  81.9M  -559n  n/a
   0   44 |   7 1.0   19   8.9M  167  520  75%    10M |  99.9   n/a   1   27  2.04M   21   16  43%  81.9M    n/a  n/a
   0   45 |   7 1.0   19    10M  183  419  69%    10M |  99.9   n/a   1   27  1.60M   17   19  52%  81.9M    n/a  n/a
   0   46 |   7 1.0   19   8.9M  163  549  77%    10M |  99.9   n/a   1   27  2.38M   23   18  43%  81.9M    n/a  n/a
   0   47 |   7 1.0   19    10M  166  396  70%    10M |  99.9   n/a   1   27  1.65M   16   20  55%  81.9M    n/a  n/a
   0   48 |   7 1.0   19   9.2M  157  451  74%    10M |  99.9   n/a   1   27  2.23M   22   15  40%  81.9M    n/a  n/a
   0   49 |   7 1.0   19   9.9M  161  426  72%    10M |  99.9   n/a   1   27  1.46M   15   20  57%  81.9M    n/a  n/a
   0   4a |   7 1.0   19   8.6M  147  484  76%    10M |  99.9   n/a   1   27  2.13M   22   15  40%  81.9M    n/a  n/a
   0   4b |   7 1.0   19    10M  168  405  70%    10M |  99.9   n/a   1   27  2.14M   22   18  45%  81.9M    n/a  n/a
   1   4c |   7 1.0   19   3.7M  141  490  77%    10M |  99.9   n/a   1   27   385k   10   22  68%  81.9M    n/a  n/a
   1   4d |   7 1.0   19   3.8M  127  436  77%    10M |  99.9   n/a   1   27   438k   11   21  65%  81.9M    n/a  n/a
   1   4e |   7 1.0   19   3.9M  153  486  76%    10M |  99.9   n/a   1   27   405k   10   21  67%  81.9M    n/a  n/a
   1   4f |   7 1.0   19   3.7M  125  391  75%    10M |  99.9   n/a   1   27   523k   14   20  58%  81.9M    n/a  n/a
   1   50 |   7 1.0   19   3.8M  138  545  79%    10M |  99.9   n/a   1   27   386k   10   21  67%  81.9M    n/a  n/a
   1   51 |   7 1.0   19   3.6M  129  457  77%    10M |  99.9   n/a   1   27   532k   14   20  58%  81.9M    n/a  n/a
   1   52 |   7 1.0   19   3.7M  136  442  76%    10M |  99.9   n/a   1   27   421k   11   24  68%  81.9M    n/a  n/a
   1   53 |   7 1.0   19   3.6M  124  445  78%    10M |  99.9   n/a   1   27   402k   11   25  69%  81.9M    n/a  n/a
   2   54 |   7 1.0   19   9.2M  182  596  76%    10M |  99.9   n/a   1   27  1.33M   14   23  62%  81.9M    n/a  n/a
   2   55 |   7 1.0   19   9.3M  180  532  74%    10M |  99.9   n/a   1   27  1.04M   11   21  65%  81.9M    n/a  n/a
   2   56 |   7 1.0   19   8.9M  175  627  78%    10M |  99.9   n/a   1   27  1.48M   15   23  60%  81.9M    n/a  n/a
   2   57 |   7 1.0   19   9.4M  175  599  77%    10M |  99.9   n/a   1   27  1.40M   16   20  55%  81.9M    n/a  n/a
   2   58 |   7 1.0   19   9.2M  178  567  76%    10M |  99.9   n/a   1   27  1.38M   16   21  56%  81.9M    n/a  n/a
   2   59 |   7 1.0   19   9.4M  186  527  73%    10M |  99.9   n/a   1   27  1.57M   17   20  54%  81.9M    n/a  n/a
   2   5a |   7 1.0   19   9.1M  175  564  76%    10M |  99.9   n/a   1   27  1.62M   17   20  54%  81.9M    n/a  n/a
   2   5b |   7 1.0   19   9.4M  177  534  75%    10M |  99.9   n/a   1   27  1.33M   16   21  56%  81.9M    n/a  n/a
   3   5c |   7 1.0   19    10M  177  535  75%    10M |  99.9   n/a   1   27  1.09M   10   22  68%  81.9M    n/a  n/a
   3   5d |   7 1.0   19    10M  163  495  75%    10M |  99.9   n/a   1   27  1.35M   15   22  59%  81.9M    n/a  n/a
   3   5e |   7 1.0   19    10M  177  535  75%    10M |  99.9   n/a   1   27  1.61M   16   23  58%  81.9M    n/a  n/a
   3   5f |   7 1.0   19  10.0M  168  517  75%    10M |  99.9   n/a   1   27  1.51M   15   23  60%  81.9M    n/a  n/a
   3   60 |   7 1.0   19    10M  189  584  75%    10M |  99.9   n/a   1   27  1.27M   13   22  62%  81.9M    n/a  n/a
   3   61 |   7 1.0   19    10M  164  553  77%    10M |  99.9   n/a   1   27  1.22M   13   22  62%  81.9M    n/a  n/a
   3   62 |   7 1.0   19    11M  192  547  74%    10M |  99.9   n/a   1   27  1.18M   12   20  62%  81.9M    n/a  n/a
   3   63 |   7 1.0   19   9.8M  164  484  74%    10M |  99.9   n/a   1   27  1.47M   14   24  63%  81.9M    n/a  n/a
   4   64 |   7 1.0   19    10M  177  552  75%    10M |  99.9   n/a   1   27   957k   10   22  68%  81.9M    n/a  n/a
   4   65 |   7 1.0   19    10M  174  532  75%    10M |  99.9   n/a   1   27  1.43M   15   25  62%  81.9M    n/a  n/a
   4   66 |   7 1.0   19    10M  175  600  77%    10M |  99.9   n/a   1   27  1.42M   14   24  63%  81.9M    n/a  n/a
   4   67 |   7 1.0   19    10M  163  525  76%    10M |  99.9   n/a   1   27  1.19M   13   26  66%  81.9M    n/a  n/a
   4   68 |   7 1.0   19    10M  184  590  76%    10M |  99.9   n/a   1   27  1.16M   12   26  68%  81.9M    n/a  n/a
   4   69 |   7 1.0   19    10M  161  521  76%    10M |  99.9   n/a   1   27  1.33M   12   24  66%  81.9M    n/a  n/a
   4   6a |   7 1.0   19    10M  183  553  75%    10M |  99.9   n/a   1   27  1.43M   13   22  62%  81.9M    n/a  n/a
   4   6b |   7 1.0   19    10M  168  488  74%    10M |  99.9   n/a   1   27  1.17M   12   23  65%  81.9M    n/a  n/a
   0   44 |   7 1.0   19    12M  202  353  63%    10M |  99.9   ovl   1   27  2.50M   24   18  42%  81.9M  -701n  n/a
   0   45 |   7 1.0   19    11M  174  379  68%    10M |  99.9   ovl   1   27  2.71M   27   15  35%  81.9M  -282n  n/a
   0   46 |   7 1.0   19    10M  166  489  74%    10M |  99.9   n/a   1   27  1.82M   19   17  47%  81.9M    n/a  n/a
   0   47 |   7 1.0   19    10M  169  430  71%    10M |  99.9   n/a   1   27  2.39M   24   11  31%  81.9M    n/a  n/a
   0   48 |   7 1.0   19    10M  185  495  72%    10M |  99.9   n/a   1   27  1.91M   19   18  48%  81.9M    n/a  n/a
   0   49 |   7 1.0   19    11M  175  402  69%    10M |  99.9   ovl   1   27  2.18M   22   18  45%  81.9M  -488n  n/a
   0   4a |   7 1.0   19    11M  213  460  68%    10M |  99.9   ovl   1   27  2.09M   21   17  44%  81.9M  -422n  n/a
   0   4b |   7 1.0   19    11M  176  372  67%    10M |  99.9   ovl   1   27  2.51M   24   17  41%  81.9M   116n  n/a
   1   4c |   7 1.0   19   3.3M  132  503  79%    10M |  99.9   n/a   1   27   316k    8   22  73%  81.9M    n/a  n/a
   1   4d |   7 1.0   19   3.4M  126  490  79%    10M |  99.9   n/a   1   27   343k    9   21  70%  81.9M    n/a  n/a
   1   4e |   7 1.0   19   3.3M  122  531  81%    10M |  99.9   ovl   1   27   424k   11   21  65%  81.9M   -65n  n/a
   1   4f |   7 1.0   19   3.4M  126  418  76%    10M |  99.9   ovl   1   27   340k    8   22  73%  81.9M   109n  n/a
   1   50 |   7 1.0   19   3.4M  120  451  78%    10M |  99.9   ovl   1   27   360k   10   21  67%  81.9M   573n  n/a
   1   51 |   7 1.0   19   3.4M  113  407  78%    10M |  99.9   ovl   1   27   434k   11   19  63%  81.9M   539n  n/a
   1   52 |   7 1.0   19   3.2M  125  557  81%    10M |  99.9   n/a   1   27   636k   16   18  52%  81.9M    n/a  n/a
   1   53 |   7 1.0   19   3.3M  123  425  77%    10M |  99.9   n/a   1   27   420k   10   17  62%  81.9M    n/a  n/a
   2   54 |   7 1.0   19    11M  209  534  71%    10M |  99.9   n/a   1   27  1.29M   14   24  63%  81.9M    n/a  n/a
   2   55 |   7 1.0   19    11M  204  440  68%    10M |  99.9   n/a   1   27  1.61M   17   21  55%  81.9M    n/a  n/a
   2   56 |   7 1.0   19    11M  202  516  71%    10M |  99.9   n/a   1   27  1.96M   22   22  50%  81.9M    n/a  n/a
   2   57 |   7 1.0   19    11M  206  517  71%    10M |  99.9   n/a   1   27  1.77M   18   23  56%  81.9M    n/a  n/a
   2   58 |   7 1.0   19    11M  211  554  72%    10M |  99.9   n/a   1   27  1.62M   18   20  52%  81.9M    n/a  n/a
   2   59 |   7 1.0   19    11M  202  510  71%    10M |  99.9   n/a   1   27  1.65M   18   19  51%  81.9M    n/a  n/a
   2   5a |   7 1.0   19    11M  209  512  71%    10M |  99.9   n/a   1   27  1.56M   17   27  61%  81.9M    n/a  n/a
   2   5b |   7 1.0   19    11M  193  494  71%    10M |  99.9   n/a   1   27  1.26M   14   26  65%  81.9M    n/a  n/a

          |--------------------DL---------------------|-------------------------------UL-----------------------------
 pci rnti | cqi  ri  mcs  brate   ok  nok  (%)  dl_bs | pusch  rsrp  ri  mcs  brate   ok  nok  (%)    bsr     ta  phr
   3   5c |   7 1.0   19    11M  194  554  74%    10M |  99.9   n/a   1   27  1.31M   14   22  61%  81.9M    n/a  n/a
   3   5d |   7 1.0   19    11M  186  496  72%    10M |  99.9   n/a   1   27  1.22M   13   20  60%  81.9M    n/a  n/a
   3   5e |   7 1.0   19    11M  193  565  74%    10M |  99.9   n/a   1   27  1.08M   11   22  66%  81.9M    n/a  n/a
   3   5f |   7 1.0   19    11M  179  446  71%    10M |  99.9   n/a   1   27  1.18M   12   24  66%  81.9M    n/a  n/a
   3   60 |   7 1.0   19    11M  190  532  73%    10M |  99.9   n/a   1   27  1.01M    9   23  71%  81.9M    n/a  n/a
   3   61 |   7 1.0   19    11M  178  442  71%    10M |  99.9   n/a   1   27  1.22M   14   25  64%  81.9M    n/a  n/a
   3   62 |   7 1.0   19    11M  196  535  73%    10M |  99.9   n/a   1   27  1.29M   13   21  61%  81.9M    n/a  n/a
   3   63 |   7 1.0   19    11M  181  502  73%    10M |  99.9   n/a   1   27  1.23M   13   25  65%  81.9M    n/a  n/a
   4   64 |   7 1.0   19   9.9M  173  601  77%    10M |  99.9   n/a   1   27   906k    9   27  75%  81.9M    n/a  n/a
   4   65 |   7 1.0   19   9.7M  166  466  73%    10M |  99.9   n/a   1   27   674k    8   24  75%  81.9M    n/a  n/a
   4   66 |   7 1.0   19   9.8M  178  557  75%    10M |  99.9   n/a   1   27  1.19M   11   22  66%  81.9M    n/a  n/a
   4   67 |   7 1.0   19   9.6M  159  514  76%    10M |  99.9   n/a   1   27  1.56M   16   25  60%  81.9M    n/a  n/a
   4   68 |   7 1.0   19   9.8M  169  552  76%    10M |  99.9   n/a   1   27  1.24M   12   26  68%  81.9M    n/a  n/a
   4   69 |   7 1.0   19   9.7M  165  488  74%    10M |  99.9   n/a   1   27  1.34M   14   22  61%  81.9M    n/a  n/a
   4   6a |   7 1.0   19   9.6M  168  562  76%    10M |  99.9   n/a   1   27  1.17M   12   23  65%  81.9M    n/a  n/a
   4   6b |   7 1.0   19   9.6M  159  493  75%    10M |  99.9   n/a   1   27   982k   10   24  70%  81.9M    n/a  n/a
   0   44 |   7 1.0   19    10M  171  454  72%    10M |  99.9   n/a   1   27  2.27M   23   15  39%  81.9M    n/a  n/a
   0   45 |   7 1.0   19    10M  168  423  71%    10M |  99.9   n/a   1   27  1.65M   16   20  55%  81.9M    n/a  n/a
   0   46 |   7 1.0   19    11M  200  472  70%    10M |  99.9   n/a   1   27  2.16M   22   18  45%  81.9M    n/a  n/a
   0   47 |   7 1.0   19    11M  163  405  71%    10M |  99.9   n/a   1   27  1.52M   14   20  58%  81.9M    n/a  n/a
   0   48 |   7 1.0   19    11M  179  442  71%    10M |  99.9   n/a   1   27  2.02M   21   18  46%  81.9M    n/a  n/a
   0   49 |   7 1.0   19    11M  175  399  69%    10M |  99.9   n/a   1   27  1.75M   18   25  58%  81.9M    n/a  n/a
   0   4a |   7 1.0   19    11M  198  427  68%    10M |  99.9   n/a   1   27   943k   10   21  67%  81.9M    n/a  n/a
   0   4b |   7 1.0   19    10M  158  404  71%    10M |  99.9   n/a   1   27  1.43M   15   27  64%  81.9M    n/a  n/a
   1   4c |   7 1.0   19   3.7M  135  547  80%    10M |  99.9   n/a   1   27   392k   10   28  73%  81.9M    n/a  n/a
   1   4d |   7 1.0   19   3.6M  129  436  77%    10M |  99.9   n/a   1   27   366k   10   27  72%  81.9M    n/a  n/a
   1   4e |   7 1.0   19   3.5M  136  527  79%    10M |  99.9   n/a   1   27   355k   10   27  72%  81.9M    n/a  n/a
   1   4f |   7 1.0   19   3.5M  126  406  76%    10M |  99.9   n/a   1   27   321k    9   26  74%  81.9M    n/a  n/a
   1   50 |   7 1.0   19   3.8M  148  444  75%    10M |  99.9   n/a   1   27   340k    9   26  74%  81.9M    n/a  n/a
   1   51 |   7 1.0   19   3.5M  120  463  79%    10M |  99.9   n/a   1   27   312k    8   27  77%  81.9M    n/a  n/a
   1   52 |   7 1.0   19   3.7M  136  477  77%    10M |  99.9   n/a   1   27   281k    8   29  78%  81.9M    n/a  n/a
   1   53 |   7 1.0   19   3.6M  126  465  78%    10M |  99.9   n/a   1   27   281k    8   26  76%  81.9M    n/a  n/a
   2   54 |   7 1.0   19   9.4M  180  616  77%    10M |  99.9   n/a   1   27   885k   11   25  69%  81.9M    n/a  n/a
   2   55 |   7 1.0   19   9.4M  180  537  74%    10M |  99.9   n/a   1   27  1.05M   11   25  69%  81.9M    n/a  n/a
   2   56 |   7 1.0   19    10M  203  601  74%    10M |  99.9   n/a   1   27   861k   10   26  72%  81.9M    n/a  n/a
   2   57 |   7 1.0   19   9.8M  184  524  74%    10M |  99.9   n/a   1   27   992k   12   23  65%  81.9M    n/a  n/a
   2   58 |   7 1.0   19   9.8M  194  551  73%    10M |  99.9   n/a   1   27  1.08M   13   24  64%  81.9M    n/a  n/a
   2   59 |   7 1.0   19   9.7M  184  563  75%    10M |  99.9   n/a   1   27  1.05M   12   27  69%  81.9M    n/a  n/a
   2   5a |   7 1.0   19   9.8M  186  549  74%    10M |  99.9   n/a   1   27  1.26M   13   21  61%  81.9M    n/a  n/a
   2   5b |   7 1.0   19   9.5M  186  571  75%    10M |  99.9   n/a   1   27  1.01M   11   24  68%  81.9M    n/a  n/a
   3   5c |   7 1.0   19   9.6M  183  559  75%    10M |  99.9   n/a   1   27   983k   11   30  73%  81.9M    n/a  n/a
   3   5d |   7 1.0   19   9.9M  164  525  76%    10M |  99.9   n/a   1   27  1.12M   12   31  72%  81.9M    n/a  n/a
   3   5e |   7 1.0   19    10M  180  505  73%    10M |  99.9   n/a   1   27   945k    9   29  76%  81.9M    n/a  n/a
   3   5f |   7 1.0   19   9.7M  162  530  76%    10M |  99.9   n/a   1   27  1.14M   12   29  70%  81.9M    n/a  n/a
   3   60 |   7 1.0   19   9.8M  176  576  76%    10M |  99.9   n/a   1   27  1.28M   13   27  67%  81.9M    n/a  n/a
   3   61 |   7 1.0   19   9.7M  158  497  75%    10M |  99.9   n/a   1   27  1.05M   11   29  72%  81.9M    n/a  n/a
   3   62 |   7 1.0   19   9.7M  167  498  74%    10M |  99.9   n/a   1   27  1.46M   14   26  65%  81.9M    n/a  n/a
   3   63 |   7 1.0   19   9.8M  158  511  76%    10M |  99.9   n/a   1   27  1.21M   12   29  70%  81.9M    n/a  n/a
   4   64 |   7 1.0   19    11M  209  524  71%    10M |  99.9   n/a   1   27  1.43M   13   22  62%  81.9M    n/a  n/a
   4   65 |   7 1.0   19    12M  185  466  71%    10M |  99.9   n/a   1   27  1.80M   16   21  56%  81.9M    n/a  n/a
   4   66 |   7 1.0   19    11M  192  462  70%    10M |  99.9   n/a   1   27  1.60M   16   21  56%  81.9M    n/a  n/a
   4   67 |   7 1.0   19    11M  185  477  72%    10M |  99.9   n/a   1   27  1.34M   14   21  60%  81.9M    n/a  n/a
   4   68 |   7 1.0   19    11M  198  492  71%    10M |  99.9   n/a   1   27  1.89M   19   24  55%  81.9M    n/a  n/a
   4   69 |   7 1.0   19    11M  176  497  73%    10M |  99.9   n/a   1   27  1.44M   14   20  58%  81.9M    n/a  n/a
   4   6a |   7 1.0   19    11M  197  568  74%    10M |  99.9   n/a   1   27  1.04M   11   24  68%  81.9M    n/a  n/a
   4   6b |   7 1.0   19    11M  185  450  70%    10M |  99.9   n/a   1   27  1.17M   11   20  64%  81.9M    n/a  n/a
   0   44 |   7 1.0   19  10.0M  177  462  72%    10M |  99.9   n/a   1   27  2.59M   27   14  34%  81.9M    n/a  n/a
   0   45 |   7 1.0   19  10.0M  165  448  73%    10M |  99.9   n/a   1   27  3.02M   31   16  34%  81.9M    n/a  n/a
   0   46 |   7 1.0   19    11M  191  453  70%    10M |  99.9   ovl   1   27  1.74M   17   16  48%  81.9M  -701n  n/a
   0   47 |   7 1.0   19    10M  175  435  71%    10M |  99.9   n/a   1   27  1.66M   17   20  54%  81.9M    n/a  n/a
   0   48 |   7 1.0   19   9.9M  165  474  74%    10M |  99.9   n/a   1   27  2.14M   21   13  38%  81.9M    n/a  n/a
   0   49 |   7 1.0   19   9.9M  166  462  73%    10M |  99.9   n/a   1   27  1.75M   18   20  52%  81.9M    n/a  n/a
   0   4a |   7 1.0   19    11M  179  454  71%    10M |  99.9   n/a   1   27  2.12M   23   11  32%  81.9M    n/a  n/a
   0   4b |   7 1.0   19    10M  154  435  73%    10M |  99.9   ovl   1   27  1.64M   17   17  50%  81.9M    36n  n/a
   1   4c |   7 1.0   19   3.2M  118  522  81%    10M |  99.9   n/a   1   27   367k   10   24  70%  81.9M    n/a  n/a
   1   4d |   7 1.0   19   3.2M  111  471  80%    10M |  99.9   n/a   1   27   268k    8   24  75%  81.9M    n/a  n/a
   1   4e |   7 1.0   19   3.3M  133  477  78%    10M |  99.9   n/a   1   27   281k    7   21  75%  81.9M    n/a  n/a
   1   4f |   7 1.0   19   3.1M  111  469  80%    10M |  99.9   n/a   1   27   217k    6   24  80%  81.9M    n/a  n/a
   1   50 |   7 1.0   19   3.2M  107  497  82%    10M |  99.9   n/a   1   27   243k    7   22  75%  81.9M    n/a  n/a
   1   51 |   7 1.0   19   3.1M  110  463  80%    10M |  99.9   n/a   1   27   189k    6   24  80%  81.9M    n/a  n/a
   1   52 |   7 1.0   19   3.3M  121  503  80%    10M |  99.9   n/a   1   27   264k    8   24  75%  81.9M    n/a  n/a
   1   53 |   7 1.0   19   3.2M  116  452  79%    10M |  99.9   n/a   1   27   178k    5   24  82%  81.9M    n/a  n/a
   2   54 |   7 1.0   19   8.2M  169  589  77%    10M |  99.9   n/a   1   27   686k    9   27  75%  81.9M    n/a  n/a
   2   55 |   7 1.0   19   8.1M  161  551  77%    10M |  99.9   n/a   1   27   951k   10   24  70%  81.9M    n/a  n/a
   2   56 |   7 1.0   19   8.1M  163  659  80%    10M |  99.9   n/a   1   27   682k    8   24  75%  81.9M    n/a  n/a
   2   57 |   7 1.0   19   7.9M  148  539  78%    10M |  99.9   n/a   1   27   695k    7   23  76%  81.9M    n/a  n/a
   2   58 |   7 1.0   19   7.7M  150  660  81%    10M |  99.9   n/a   1   27   504k    6   24  80%  81.9M    n/a  n/a
   2   59 |   7 1.0   19   8.0M  157  617  79%    10M |  99.9   n/a   1   27   654k    7   26  78%  81.9M    n/a  n/a
   2   5a |   7 1.0   19   8.1M  163  627  79%    10M |  99.9   n/a   1   27   596k    7   24  77%  81.9M    n/a  n/a
   2   5b |   7 1.0   19   7.8M  147  611  80%    10M |  99.9   n/a   1   27   633k    8   23  74%  81.9M    n/a  n/a
   3   5c |   7 1.0   19    11M  198  509  71%    10M |  99.9   ovl   1   27  1.93M   20   20  50%  81.9M   495n  n/a
   3   5d |   7 1.0   19    11M  187  537  74%    10M |  99.9   ovl   1   27  2.05M   22   24  52%  81.9M   -18n  n/a
   3   5e |   7 1.0   19    12M  196  505  72%    10M |  99.9   ovl   1   27  1.43M   16   23  58%  81.9M  -909n  n/a
   3   5f |   7 1.0   19    11M  189  497  72%    10M |  99.9   ovl   1   27  1.90M   19   23  54%  81.9M  -378n  n/a
   3   60 |   7 1.0   19    11M  200  517  72%    10M |  99.9   ovl   1   27  1.85M   19   22  53%  81.9M   509n  n/a
   3   61 |   7 1.0   19    11M  182  538  74%    10M |  99.9   ovl   1   27  1.64M   16   24  60%  81.9M     1u  n/a
   3   62 |   7 1.0   19    11M  204  469  69%    10M |  99.9   ovl   1   27  1.82M   19   22  53%  81.9M   204n  n/a
   3   63 |   7 1.0   19    11M  194  479  71%    10M |  99.9   ovl   1   27  2.38M   24   20  45%  81.9M   136n  n/a

          |--------------------DL---------------------|-------------------------------UL-----------------------------
 pci rnti | cqi  ri  mcs  brate   ok  nok  (%)  dl_bs | pusch  rsrp  ri  mcs  brate   ok  nok  (%)    bsr     ta  phr
   4   64 |   7 1.0   19   8.8M  160  535  76%    10M |  99.9   n/a   1   27   674k    7   23  76%  81.9M    n/a  n/a
   4   65 |   7 1.0   19   8.9M  154  574  78%    10M |  99.9   n/a   1   27  1.03M   11   21  65%  81.9M    n/a  n/a
   4   66 |   7 1.0   19   8.7M  148  651  81%    10M |  99.9   n/a   1   27   742k    8   24  75%  81.9M    n/a  n/a
   4   67 |   7 1.0   19   8.6M  145  542  78%    10M |  99.9   n/a   1   27   945k   10   26  72%  81.9M    n/a  n/a
   4   68 |   7 1.0   19   8.6M  150  612  80%    10M |  99.9   n/a   1   27   424k    5   23  82%  81.9M    n/a  n/a
   4   69 |   7 1.0   19   8.1M  141  601  80%    10M |  99.9   n/a   1   27   721k    8   22  73%  81.9M    n/a  n/a
   4   6a |   7 1.0   19   8.4M  139  584  80%    10M |  99.9   n/a   1   27  1.04M   11   20  64%  81.9M    n/a  n/a
   4   6b |   7 1.0   19   8.7M  146  551  79%    10M |  99.9   n/a   1   27   723k    7   23  76%  81.9M    n/a  n/a
   0   44 |   7 1.0   19   9.0M  160  581  78%    10M |  99.9   n/a   1   27   893k    9   22  70%  81.9M    n/a  n/a
   0   45 |   7 1.0   19   9.0M  148  495  76%    10M |  99.9   n/a   1   27  1.26M   12   21  63%  81.9M    n/a  n/a
   0   46 |   7 1.0   19   8.9M  155  574  78%    10M |  99.9   n/a   1   27  1.54M   16   16  50%  81.9M    n/a  n/a
   0   47 |   7 1.0   19   8.9M  152  479  75%    10M |  99.9   n/a   1   27   797k    8   23  74%  81.9M    n/a  n/a
   0   48 |   7 1.0   19   9.2M  159  557  77%    10M |  99.9   n/a   1   27  1.57M   15   20  57%  81.9M    n/a  n/a
   0   49 |   7 1.0   19   8.8M  151  523  77%    10M |  99.9   n/a   1   27  1.16M   11   19  63%  81.9M    n/a  n/a
   0   4a |   7 1.0   19   8.9M  160  635  79%    10M |  99.9   n/a   1   27   836k    9   25  73%  81.9M    n/a  n/a
   0   4b |   7 1.0   19   8.7M  140  561  80%    10M |  99.9   n/a   1   27  1.08M   11   17  60%  81.9M    n/a  n/a
   1   4c |   7 1.0   19   3.2M  121  541  81%    10M |  99.9   ovl   1   27   418k   10   20  66%  81.9M  -128n  n/a
   1   4d |   7 1.0   19   3.2M  111  484  81%    10M |  99.9   ovl   1   27   528k   14   22  61%  81.9M   919n  n/a
   1   4e |   7 1.0   19   3.2M  113  461  80%    10M |  99.9   ovl   1   27   326k    9   20  68%  81.9M  -468n  n/a
   1   4f |   7 1.0   19   3.1M  108  453  80%    10M |  99.9   ovl   1   27   416k   10   20  66%  81.9M   318n  n/a
   1   50 |   7 1.0   19   3.3M  122  570  82%    10M |  99.9   ovl   1   27   472k   12   22  64%  81.9M  -127n  n/a
   1   51 |   7 1.0   19   3.1M  104  499  82%    10M |  99.9   ovl   1   27   365k    9   20  68%  81.9M   106n  n/a
   1   52 |   7 1.0   19   3.2M  122  521  81%    10M |  99.9   ovl   1   27   320k    9   20  68%  81.9M   102n  n/a
   1   53 |   7 1.0   19   3.1M  110  478  81%    10M |  99.9   ovl   1   27   383k   11   23  67%  81.9M  -577n  n/a
   2   54 |   7 1.0   19   9.4M  179  575  76%    10M |  99.9   n/a   1   27   951k   11   21  65%  81.9M    n/a  n/a
   2   55 |   7 1.0   19   9.1M  183  537  74%    10M |  99.9   n/a   1   27  1.34M   14   20  58%  81.9M    n/a  n/a
   2   56 |   7 1.0   19   8.8M  173  609  77%    10M |  99.9   n/a   1   27   908k   11   19  63%  81.9M    n/a  n/a
   2   57 |   7 1.0   19   9.0M  169  533  75%    10M |  99.9   n/a   1   27  1.17M   13   21  61%  81.9M    n/a  n/a
   2   58 |   7 1.0   19   9.7M  191  527  73%    10M |  99.9   n/a   1   27  1.01M   11   20  64%  81.9M    n/a  n/a
   2   59 |   7 1.0   19   8.8M  159  556  77%    10M |  99.9   n/a   1   27  1.21M   13   20  60%  81.9M    n/a  n/a
   2   5a |   7 1.0   19   9.3M  187  545  74%    10M |  99.9   n/a   1   27  1.05M   12   19  61%  81.9M    n/a  n/a
   2   5b |   7 1.0   19   9.1M  181  541  74%    10M |  99.9   n/a   1   27  1.15M   12   18  60%  81.9M    n/a  n/a
   3   5c |   7 1.0   19    12M  213  489  69%    10M |  99.9   ovl   1   27  1.31M   13   19  59%  81.9M  -756n  n/a
   3   5d |   7 1.0   19    11M  177  497  73%    10M |  99.9   ovl   1   27  2.19M   23   19  45%  81.9M   121n  n/a
   3   5e |   7 1.0   19    12M  194  465  70%    10M |  99.9   ovl   1   27  2.29M   23   20  46%  81.9M    61n  n/a
   3   5f |   7 1.0   19    11M  180  456  71%    10M |  99.9   ovl   1   27  1.96M   19   17  47%  81.9M  -330n  n/a
   3   60 |   7 1.0   19    11M  191  488  71%    10M |  99.9   ovl   1   27  2.77M   29   15  34%  81.9M   100n  n/a
   3   61 |   7 1.0   19    11M  177  458  72%    10M |  99.9   ovl   1   27  2.22M   23   19  45%  81.9M   916n  n/a
   3   62 |   7 1.0   19    11M  182  531  74%    10M |  99.9   ovl   1   27  1.79M   17   18  51%  81.9M   393n  n/a
   3   63 |   7 1.0   19    11M  177  455  71%    10M |  99.9   ovl   1   27  2.44M   25   16  39%  81.9M   -61n  n/a
   4   64 |   7 1.0   19   9.8M  169  594  77%    10M |  99.9   n/a   1   27  1.68M   17   21  55%  81.9M    n/a  n/a
   4   65 |   7 1.0   19   9.9M  164  574  77%    10M |  99.9   n/a   1   27  1.40M   13   20  60%  81.9M    n/a  n/a
   4   66 |   7 1.0   19   9.5M  167  546  76%    10M |  99.9   n/a   1   27  1.21M   13   20  60%  81.9M    n/a  n/a
   4   67 |   7 1.0   19   9.7M  157  497  75%    10M |  99.9   ovl   1   27  1.31M   13   20  60%  81.9M  -261n  n/a
   4   68 |   7 1.0   19   9.4M  168  588  77%    10M |  99.9   n/a   1   27  1.65M   15   22  59%  81.9M    n/a  n/a
   4   69 |   7 1.0   19   9.8M  166  591  78%    10M |  99.9   ovl   1   27   941k    9   23  71%  81.9M   670n  n/a
   4   6a |   7 1.0   19   9.7M  177  610  77%    10M |  99.9   n/a   1   27  1.54M   14   23  62%  81.9M    n/a  n/a
   4   6b |   7 1.0   19   9.9M  163  565  77%    10M |  99.9   ovl   1   27  1.30M   12   19  61%  81.9M  -816n  n/a
   0   44 |   7 1.0   19    11M  194  525  73%    10M |  99.9   n/a   1   27  1.10M   12   21  63%  81.9M    n/a  n/a
   0   45 |   7 1.0   19    12M  193  438  69%    10M |  99.9   n/a   1   27  1.81M   19   23  54%  81.9M    n/a  n/a
   0   46 |   7 1.0   19    11M  203  509  71%    10M |  99.9   n/a   1   27  1.91M   18   21  53%  81.9M    n/a  n/a
   0   47 |   7 1.0   19    11M  183  549  75%    10M |  99.9   n/a   1   27  1.40M   15   21  58%  81.9M    n/a  n/a
   0   48 |   7 1.0   19    12M  216  479  68%    10M |  99.9   n/a   1   27  1.56M   16   21  56%  81.9M    n/a  n/a
   0   49 |   7 1.0   19    11M  180  476  72%    10M |  99.9   n/a   1   27  1.67M   17   23  57%  81.9M    n/a  n/a
   0   4a |   7 1.0   19    11M  200  575  74%    10M |  99.9   n/a   1   27  1.83M   17   26  60%  81.9M    n/a  n/a
   0   4b |   7 1.0   19    12M  193  498  72%    10M |  99.9   n/a   1   27  1.69M   18   23  56%  81.9M    n/a  n/a
   1   4c |   7 1.0   19   3.4M  133  518  79%    10M |  99.9   n/a   1   27   378k   10   20  66%  81.9M    n/a  n/a
   1   4d |   7 1.0   19   3.3M  111  542  83%    10M |  99.9   n/a   1   27   337k   10   21  67%  81.9M    n/a  n/a
   1   4e |   7 1.0   19   3.4M  127  514  80%    10M |  99.9   n/a   1   27   293k    8   25  75%  81.9M    n/a  n/a
   1   4f |   7 1.0   19   3.4M  122  475  79%    10M |  99.9   n/a   1   27   305k    8   23  74%  81.9M    n/a  n/a
   1   50 |   7 1.0   19   3.5M  131  492  78%    10M |  99.9   n/a   1   27   285k    7   22  75%  81.9M    n/a  n/a
   1   51 |   7 1.0   19   3.5M  124  518  80%    10M |  99.9   n/a   1   27   378k   11   21  65%  81.9M    n/a  n/a
   1   52 |   7 1.0   19   3.3M  122  495  80%    10M |  99.9   n/a   1   27   354k   10   21  67%  81.9M    n/a  n/a
   1   53 |   7 1.0   19   3.4M  115  474  80%    10M |  99.9   n/a   1   27   428k   12   20  62%  81.9M    n/a  n/a
   2   54 |   7 1.0   19   9.1M  184  585  76%    10M |  99.9   n/a   1   27  1.29M   14   24  63%  81.9M    n/a  n/a
   2   55 |   7 1.0   19   9.4M  176  506  74%    10M |  99.9   n/a   1   27  1.08M   12   22  64%  81.9M    n/a  n/a
   2   56 |   7 1.0   19   9.0M  178  555  75%    10M |  99.9   n/a   1   27  1.34M   16   25  60%  81.9M    n/a  n/a
   2   57 |   7 1.0   19   9.2M  175  569  76%    10M |  99.9   n/a   1   27  1.15M   12   24  66%  81.9M    n/a  n/a
   2   58 |   7 1.0   19   9.0M  176  643  78%    10M |  99.9   n/a   1   27  1.17M   13   22  62%  81.9M    n/a  n/a
   2   59 |   7 1.0   19   8.8M  169  546  76%    10M |  99.9   n/a   1   27  1.28M   15   23  60%  81.9M    n/a  n/a
   2   5a |   7 1.0   19   9.4M  181  564  75%    10M |  99.9   n/a   1   27  1.23M   13   25  65%  81.9M    n/a  n/a
   2   5b |   7 1.0   19   9.0M  178  515  74%    10M |  99.9   n/a   1   27   955k   11   23  67%  81.9M    n/a  n/a
   3   5c |   7 1.0   19    10M  189  519  73%    10M |  99.9   ovl   1   27  1.92M   20   24  54%  81.9M  -267n  n/a
   3   5d |   7 1.0   19    10M  162  517  76%    10M |  99.9   ovl   1   27  1.25M   13   19  59%  81.9M   763p  n/a
   3   5e |   7 1.0   19   9.9M  162  566  77%    10M |  99.9   ovl   1   27  2.03M   22   16  42%  81.9M  -769n  n/a
   3   5f |   7 1.0   19  10.0M  173  482  73%    10M |  99.9   ovl   1   27  1.51M   14   22  61%  81.9M  -849n  n/a
   3   60 |   7 1.0   19  10.0M  173  546  75%    10M |  99.9   ovl   1   27  1.35M   13   24  64%  81.9M   478n  n/a
   3   61 |   7 1.0   19   9.7M  167  517  75%    10M |  99.9   n/a   1   27  1.66M   17   21  55%  81.9M    n/a  n/a
   3   62 |   7 1.0   19    10M  172  512  74%    10M |  99.9   ovl   1   27   936k    9   23  71%  81.9M   693n  n/a
   3   63 |   7 1.0   19   9.9M  164  538  76%    10M |  99.9   ovl   1   27  1.34M   13   19  59%  81.9M  -504n  n/a
   4   64 |   7 1.0   19   9.3M  163  571  77%    10M |  99.9   n/a   1   27  1.42M   13   24  64%  81.9M    n/a  n/a
   4   65 |   7 1.0   19   9.3M  160  504  75%    10M |  99.9   n/a   1   27  1.24M   13   24  64%  81.9M    n/a  n/a
   4   66 |   7 1.0   19   9.8M  172  472  73%    10M |  99.9   n/a   1   27  1.24M   12   25  67%  81.9M    n/a  n/a
   4   67 |   7 1.0   19   9.5M  158  496  75%    10M |  99.9   n/a   1   27  1.20M   12   23  65%  81.9M    n/a  n/a
   4   68 |   7 1.0   19   8.9M  159  600  79%    10M |  99.9   n/a   1   27  1.16M   11   18  62%  81.9M    n/a  n/a
   4   69 |   7 1.0   19   9.6M  164  505  75%    10M |  99.9   n/a   1   27  1.15M   11   25  69%  81.9M    n/a  n/a
   4   6a |   7 1.0   19   9.3M  163  540  76%    10M |  99.9   n/a   1   27  1.20M   12   20  62%  81.9M    n/a  n/a
   4   6b |   7 1.0   19   9.8M  165  529  76%    10M |  99.9   n/a   1   27   990k    9   21  70%  81.9M    n/a  n/a

          |--------------------DL---------------------|-------------------------------UL-----------------------------
 pci rnti | cqi  ri  mcs  brate   ok  nok  (%)  dl_bs | pusch  rsrp  ri  mcs  brate   ok  nok  (%)    bsr     ta  phr
   0   44 |   7 1.0   19    10M  192  523  73%    10M |  99.9   n/a   1   27  1.55M   17   23  57%  81.9M    n/a  n/a
   0   45 |   7 1.0   19   9.9M  172  474  73%    10M |  99.9   n/a   1   27  1.84M   19   15  44%  81.9M    n/a  n/a
   0   46 |   7 1.0   19    11M  186  485  72%    10M |  99.9   n/a   1   27  2.13M   22   21  48%  81.9M    n/a  n/a
   0   47 |   7 1.0   19   9.9M  167  503  75%    10M |  99.9   n/a   1   27  1.69M   18   20  52%  81.9M    n/a  n/a
   0   48 |   7 1.0   19    11M  194  494  71%    10M |  99.9   n/a   1   27  2.02M   20   18  47%  81.9M    n/a  n/a
   0   49 |   7 1.0   19    11M  184  502  73%    10M |  99.9   n/a   1   27  1.88M   20   20  50%  81.9M    n/a  n/a
   0   4a |   7 1.0   19    10M  181  508  73%    10M |  99.9   n/a   1   27  1.47M   15   22  59%  81.9M    n/a  n/a
   0   4b |   7 1.0   19   9.9M  168  460  73%    10M |  99.9   n/a   1   27  1.91M   21   14  40%  81.9M    n/a  n/a
   1   4c |   7 1.0   19   3.8M  140  457  76%    10M |  99.9   n/a   1   27   494k   13   24  64%  81.9M    n/a  n/a
   1   4d |   7 1.0   19   3.7M  132  454  77%    10M |  99.9   n/a   1   27   544k   15   25  62%  81.9M    n/a  n/a
   1   4e |   7 1.0   19   3.7M  142  427  75%    10M |  99.9   n/a   1   27   574k   14   26  65%  81.9M    n/a  n/a
   1   4f |   7 1.0   19   3.7M  134  466  77%    10M |  99.9   n/a   1   27   558k   15   24  61%  81.9M    n/a  n/a
   1   50 |   7 1.0   19   3.7M  139  431  75%    10M |  99.9   n/a   1   27   582k   16   25  60%  81.9M    n/a  n/a
   1   51 |   7 1.0   19   3.7M  127  468  78%    10M |  99.9   n/a   1   27   590k   16   26  61%  81.9M    n/a  n/a
   1   52 |   7 1.0   19   3.6M  132  496  78%    10M |  99.9   n/a   1   27   623k   17   27  61%  81.9M    n/a  n/a
   1   53 |   7 1.0   19   3.6M  128  408  76%    10M |  99.9   n/a   1   27   423k   11   25  69%  81.9M    n/a  n/a
   2   54 |   7 1.0   19   9.4M  185  575  75%    10M |  99.9   n/a   1   27   955k   11   29  72%  81.9M    n/a  n/a
   2   55 |   7 1.0   19   9.3M  173  484  73%    10M |  99.9   n/a   1   27  1.15M   13   26  66%  81.9M    n/a  n/a
   2   56 |   7 1.0   19   9.3M  185  638  77%    10M |  99.9   n/a   1   27  1.40M   16   27  62%  81.9M    n/a  n/a
   2   57 |   7 1.0   19   9.3M  172  528  75%    10M |  99.9   n/a   1   27  1.13M   14   31  68%  81.9M    n/a  n/a
   2   58 |   7 1.0   19   9.5M  196  589  75%    10M |  99.9   n/a   1   27  1.36M   16   27  62%  81.9M    n/a  n/a
   2   59 |   7 1.0   19   9.4M  176  566  76%    10M |  99.9   n/a   1   27  1.01M   12   30  71%  81.9M    n/a  n/a
   2   5a |   7 1.0   19   9.4M  195  564  74%    10M |  99.9   n/a   1   27  1.17M   14   28  66%  81.9M    n/a  n/a
   2   5b |   7 1.0   19   9.3M  173  537  75%    10M |  99.9   n/a   1   27  1.14M   13   28  68%  81.9M    n/a  n/a
   3   5c |   7 1.0   19    12M  219  477  68%    10M |  99.9   n/a   1   27  1.50M   15   22  59%  81.9M    n/a  n/a
   3   5d |   7 1.0   19    12M  205  472  69%    10M |  99.9   n/a   1   27  1.68M   19   24  55%  81.9M    n/a  n/a
   3   5e |   7 1.0   19    12M  222  488  68%    10M |  99.9   n/a   1   27  1.57M   18   23  56%  81.9M    n/a  n/a
   3   5f |   7 1.0   19    12M  201  497  71%    10M |  99.9   n/a   1   27  1.17M   11   25  69%  81.9M    n/a  n/a
   3   60 |   7 1.0   19    12M  197  543  73%    10M |  99.9   n/a   1   27  1.76M   18   17  48%  81.9M    n/a  n/a
   3   61 |   7 1.0   19    12M  201  445  68%    10M |  99.9   n/a   1   27  1.45M   16   25  60%  81.9M    n/a  n/a
   3   62 |   7 1.0   19    12M  198  512  72%    10M |  99.9   n/a   1   27  1.14M   11   24  68%  81.9M    n/a  n/a
   3   63 |   7 1.0   19    12M  190  541  74%    10M |  99.9   n/a   1   27  1.67M   18   24  57%  81.9M    n/a  n/a
   4   64 |   7 1.0   19   9.4M  162  610  79%    10M |  99.9   n/a   1   27  1.31M   12   22  64%  81.9M    n/a  n/a
   4   65 |   7 1.0   19   9.2M  151  488  76%    10M |  99.9   n/a   1   27  1.33M   14   26  65%  81.9M    n/a  n/a
   4   66 |   7 1.0   19   9.4M  160  647  80%    10M |  99.9   n/a   1   27  1.34M   14   24  63%  81.9M    n/a  n/a
   4   67 |   7 1.0   19   9.4M  156  553  77%    10M |  99.9   n/a   1   27  1.22M   12   30  71%  81.9M    n/a  n/a
   4   68 |   7 1.0   19   9.1M  165  569  77%    10M |  99.9   n/a   1   27  1.13M   11   27  71%  81.9M    n/a  n/a
   4   69 |   7 1.0   19   9.3M  155  504  76%    10M |  99.9   n/a   1   27  1.73M   17   21  55%  81.9M    n/a  n/a
   4   6a |   7 1.0   19   9.5M  164  510  75%    10M |  99.9   n/a   1   27  1.17M   11   27  71%  81.9M    n/a  n/a
   4   6b |   7 1.0   19   9.5M  157  484  75%    10M |  99.9   n/a   1   27  1.47M   14   28  66%  81.9M    n/a  n/a
   0   44 |   7 1.0   19   9.9M  165  517  75%    10M |  99.9   ovl   1   27  1.74M   16   17  51%  81.9M  -878n  n/a
   0   45 |   7 1.0   19    10M  175  482  73%    10M |  99.9   ovl   1   27  1.57M   15   21  58%  81.9M  -219n  n/a
   0   46 |   7 1.0   19    11M  180  501  73%    10M |  99.9   ovl   1   27  1.48M   15   15  50%  81.9M   124n  n/a
   0   47 |   7 1.0   19    10M  176  470  72%    10M |  99.9   ovl   1   27  1.59M   16   19  54%  81.9M  -300n  n/a
   0   48 |   7 1.0   19    11M  194  501  72%    10M |  99.9   ovl   1   27   877k    9   20  68%  81.9M   241n  n/a
   0   49 |   7 1.0   19    10M  172  480  73%    10M |  99.9   ovl   1   27  1.73M   16   17  51%  81.9M  -606n  n/a
   0   4a |   7 1.0   19    10M  185  524  73%    10M |  99.9   ovl   1   27  1.87M   18   15  45%  81.9M  -245n  n/a
   0   4b |   7 1.0   19   9.8M  172  515  74%    10M |  99.9   ovl   1   27  1.81M   18   22  55%  81.9M   -73n  n/a
   1   4c |   7 1.0   19   3.5M  132  442  77%    10M |  99.9   ovl   1   27   507k   13   15  53%  81.9M   338n  n/a
   1   4d |   7 1.0   19   3.4M  131  432  76%    10M |  99.9   n/a   1   27   396k   11   18  62%  81.9M    n/a  n/a
   1   4e |   7 1.0   19   3.5M  130  468  78%    10M |  99.9   ovl   1   27   634k   16   19  54%  81.9M  -128n  n/a
   1   4f |   7 1.0   19   3.5M  125  395  75%    10M |  99.9   ovl   1   27   510k   13   18  58%  81.9M   109n  n/a
   1   50 |   7 1.0   19   3.5M  128  490  79%    10M |  99.9   n/a   1   27   385k   10   18  64%  81.9M    n/a  n/a
   1   51 |   7 1.0   19   3.5M  129  465  78%    10M |  99.9   n/a   1   27   455k   13   15  53%  81.9M    n/a  n/a
   1   52 |   7 1.0   19   3.5M  136  438  76%    10M |  99.9   ovl   1   27   583k   15   17  53%  81.9M   941n  n/a
   1   53 |   7 1.0   19   3.5M  120  414  77%    10M |  99.9   ovl   1   27   406k   11   18  62%  81.9M   948n  n/a
   2   54 |   7 1.0   19   8.7M  177  662  78%    10M |  99.9   ovl   1   27  1.19M   14   21  60%  81.9M  -694n  n/a
   2   55 |   7 1.0   19   8.7M  176  584  76%    10M |  99.9   ovl   1   27  1.24M   14   24  63%  81.9M   178n  n/a
   2   56 |   7 1.0   19   9.3M  186  532  74%    10M |  99.9   ovl   1   27  1.03M   12   24  66%  81.9M   577n  n/a
   2   57 |   7 1.0   19   9.0M  164  554  77%    10M |  99.9   ovl   1   27  1.63M   18   23  56%  81.9M    63n  n/a
   2   58 |   7 1.0   19   8.9M  182  526  74%    10M |  99.9   ovl   1   27   992k   11   25  69%  81.9M  -810n  n/a
   2   59 |   7 1.0   19   9.1M  179  560  75%    10M |  99.9   ovl   1   27  1.42M   15   25  62%  81.9M  -683n  n/a
   2   5a |   7 1.0   19   9.1M  188  586  75%    10M |  99.9   ovl   1   27  1.46M   14   25  64%  81.9M    27n  n/a
   2   5b |   7 1.0   19   8.7M  162  540  76%    10M |  99.9   ovl   1   27  1.32M   16   25  60%  81.9M  -408n  n/a
   3   5c |   7 1.0   19    11M  193  575  74%    10M |  99.9   ovl   1   27  1.59M   17   23  57%  81.9M  -586n  n/a
   3   5d |   7 1.0   19    11M  180  491  73%    10M |  99.9   ovl   1   27  2.00M   20   22  52%  81.9M   615n  n/a
   3   5e |   7 1.0   19    11M  184  551  74%    10M |  99.9   ovl   1   27  1.64M   18   21  53%  81.9M  -935n  n/a
   3   5f |   7 1.0   19    11M  180  518  74%    10M |  99.9   n/a   1   27  1.78M   19   20  51%  81.9M    n/a  n/a
   3   60 |   7 1.0   19    11M  194  536  73%    10M |  99.9   ovl   1   27  1.64M   17   23  57%  81.9M  -828n  n/a
   3   61 |   7 1.0   19    11M  188  448  70%    10M |  99.9   ovl   1   27  1.79M   18   24  57%  81.9M   495n  n/a
   3   62 |   7 1.0   19    10M  181  560  75%    10M |  99.9   ovl   1   27  1.55M   17   19  52%  81.9M   -15n  n/a
   3   63 |   7 1.0   19    11M  183  488  72%    10M |  99.9   n/a   1   27  1.32M   15   20  57%  81.9M    n/a  n/a
   4   64 |   7 1.0   19   8.5M  145  540  78%    10M |  99.9   n/a   1   27  1.01M   10   19  65%  81.9M    n/a  n/a
   4   65 |   7 1.0   19   8.6M  148  569  79%    10M |  99.9   n/a   1   27  1.09M   10   23  69%  81.9M    n/a  n/a
   4   66 |   7 1.0   19   7.7M  133  595  81%    10M |  99.9   n/a   1   27   584k    6   26  81%  81.9M    n/a  n/a
   4   67 |   7 1.0   19   8.4M  144  516  78%    10M |  99.9   n/a   1   27   926k    9   21  70%  81.9M    n/a  n/a
   4   68 |   7 1.0   19   8.2M  148  622  80%    10M |  99.9   n/a   1   27   666k    7   24  77%  81.9M    n/a  n/a
   4   69 |   7 1.0   19   9.0M  145  604  80%    10M |  99.9   n/a   1   27   252k    2   24  92%  81.9M    n/a  n/a
   4   6a |   7 1.0   19   8.2M  145  577  79%    10M |  99.9   n/a   1   27   992k   10   20  66%  81.9M    n/a  n/a
   4   6b |   7 1.0   19   8.7M  148  555  78%    10M |  99.9   n/a   1   27   422k    4   20  83%  81.9M    n/a  n/a
   0   44 |   7 1.0   19    11M  188  519  73%    10M |  99.9   n/a   1   27  2.78M   29   23  44%  81.9M    n/a  n/a
   0   45 |   7 1.0   19    11M  179  475  72%    10M |  99.9   n/a   1   27  1.77M   17   27  61%  81.9M    n/a  n/a
   0   46 |   7 1.0   19    11M  192  451  70%    10M |  99.9   n/a   1   27  1.43M   16   21  56%  81.9M    n/a  n/a
   0   47 |   7 1.0   19    11M  174  444  71%    10M |  99.9   n/a   1   27  1.87M   22   21  48%  81.9M    n/a  n/a
   0   48 |   7 1.0   19    11M  188  450  70%    10M |  99.9   n/a   1   27  2.38M   23   22  48%  81.9M    n/a  n/a
   0   49 |   7 1.0   19    11M  178  482  73%    10M |  99.9   n/a   1   27  1.42M   15   18  54%  81.9M    n/a  n/a
   0   4a |   7 1.0   19    11M  209  503  70%    10M |  99.9   n/a   1   27  1.59M   17   24  58%  81.9M    n/a  n/a
   0   4b |   7 1.0   19    11M  177  454  71%    10M |  99.9   n/a   1   27  1.38M   14   22  61%  81.9M    n/a  n/a

          |--------------------DL---------------------|-------------------------------UL-----------------------------
 pci rnti | cqi  ri  mcs  brate   ok  nok  (%)  dl_bs | pusch  rsrp  ri  mcs  brate   ok  nok  (%)    bsr     ta  phr
   1   4c |   7 1.0   19   3.8M  148  430  74%    10M |  99.9   n/a   1   27   509k   14   30  68%  81.9M    n/a  n/a
   1   4d |   7 1.0   19   3.7M  130  424  76%    10M |  99.9   n/a   1   27   589k   16   26  61%  81.9M    n/a  n/a
   1   4e |   7 1.0   19   3.7M  138  486  77%    10M |  99.9   n/a   1   27   533k   15   26  63%  81.9M    n/a  n/a
   1   4f |   7 1.0   19   3.8M  132  435  76%    10M |  99.9   n/a   1   27   748k   21   26  55%  81.9M    n/a  n/a
   1   50 |   7 1.0   19   3.7M  152  494  76%    10M |  99.9   n/a   1   27   549k   16   29  64%  81.9M    n/a  n/a
   1   51 |   7 1.0   19   3.6M  130  422  76%    10M |  99.9   n/a   1   27   590k   18   26  59%  81.9M    n/a  n/a
   1   52 |   7 1.0   19   3.9M  138  454  76%    10M |  99.9   n/a   1   27   651k   17   26  60%  81.9M    n/a  n/a
   1   53 |   7 1.0   19   3.7M  128  439  77%    10M |  99.9   n/a   1   27   623k   17   28  62%  81.9M    n/a  n/a
   2   54 |   7 1.0   19    11M  208  515  71%    10M |  99.9   n/a   1   27   973k   11   23  67%  81.9M    n/a  n/a
   2   55 |   7 1.0   19    11M  200  581  74%    10M |  99.9   n/a   1   27  1.01M   12   26  68%  81.9M    n/a  n/a
   2   56 |   7 1.0   19    11M  209  563  72%    10M |  99.9   n/a   1   27  1.31M   14   23  62%  81.9M    n/a  n/a
   2   57 |   7 1.0   19    11M  208  448  68%    10M |  99.9   n/a   1   27  1.49M   17   21  55%  81.9M    n/a  n/a
   2   58 |   7 1.0   19    11M  219  572  72%    10M |  99.9   n/a   1   27  1.26M   14   21  60%  81.9M    n/a  n/a
   2   59 |   7 1.0   19    11M  204  483  70%    10M |  99.9   n/a   1   27  1.45M   17   20  54%  81.9M    n/a  n/a
   2   5a |   7 1.0   19    11M  213  540  71%    10M |  99.9   n/a   1   27  1.50M   18   21  53%  81.9M    n/a  n/a
   2   5b |   7 1.0   19    11M  202  489  70%    10M |  99.9   n/a   1   27  1.32M   14   22  61%  81.9M    n/a  n/a
   3   5c |   7 1.0   19    10M  175  516  74%    10M |  99.9   n/a   1   27  1.28M   13   20  60%  81.9M    n/a  n/a
   3   5d |   7 1.0   19    11M  181  518  74%    10M |  99.9   n/a   1   27  1.48M   14   22  61%  81.9M    n/a  n/a
   3   5e |   7 1.0   19    10M  170  527  75%    10M |  99.9   n/a   1   27   957k    9   26  74%  81.9M    n/a  n/a
   3   5f |   7 1.0   19    11M  183  462  71%    10M |  99.9   n/a   1   27  1.36M   14   23  62%  81.9M    n/a  n/a
   3   60 |   7 1.0   19    11M  185  576  75%    10M |  99.9   n/a   1   27  1.61M   15   19  55%  81.9M    n/a  n/a
   3   61 |   7 1.0   19    11M  181  449  71%    10M |  99.9   n/a   1   27  1.64M   17   20  54%  81.9M    n/a  n/a
   3   62 |   7 1.0   19    11M  178  502  73%    10M |  99.9   n/a   1   27  1.63M   16   22  57%  81.9M    n/a  n/a
   3   63 |   7 1.0   19    11M  174  441  71%    10M |  99.9   n/a   1   27  1.55M   16   26  61%  81.9M    n/a  n/a
   4   64 |   7 1.0   19    13M  233  464  66%    10M |  99.9   n/a   1   27  1.87M   19   23  54%  81.9M    n/a  n/a
   4   65 |   7 1.0   19    12M  207  421  67%    10M |  99.9   n/a   1   27  2.14M   21   21  50%  81.9M    n/a  n/a
   4   66 |   7 1.0   19    13M  222  490  68%    10M |  99.9   n/a   1   27  1.73M   16   22  57%  81.9M    n/a  n/a
   4   67 |   7 1.0   19    13M  214  452  67%    10M |  99.9   n/a   1   27  2.19M   22   23  51%  81.9M    n/a  n/a
   4   68 |   7 1.0   19    13M  214  500  70%    10M |  99.9   n/a   1   27  1.71M   17   25  59%  81.9M    n/a  n/a
   4   69 |   7 1.0   19    12M  209  468  69%    10M |  99.9   n/a   1   27  1.96M   19   22  53%  81.9M    n/a  n/a
   4   6a |   7 1.0   19    12M  213  512  70%    10M |  99.9   n/a   1   27  1.87M   17   23  57%  81.9M    n/a  n/a
   4   6b |   7 1.0   19    13M  208  462  68%    10M |  99.9   n/a   1   27  1.89M   19   23  54%  81.9M    n/a  n/a
   0   44 |   7 1.0   19    10M  191  512  72%    10M |  99.9   n/a   1   27  2.23M   20   21  51%  81.9M    n/a  n/a
   0   45 |   7 1.0   19    11M  184  506  73%    10M |  99.9   n/a   1   27  1.43M   13   22  62%  81.9M    n/a  n/a
   0   46 |   7 1.0   19    11M  186  506  73%    10M |  99.9   n/a   1   27  2.22M   22   25  53%  81.9M    n/a  n/a
   0   47 |   7 1.0   19    11M  176  498  73%    10M |  99.9   n/a   1   27  1.90M   18   19  51%  81.9M    n/a  n/a
   0   48 |   7 1.0   19    11M  186  544  74%    10M |  99.9   n/a   1   27  1.37M   14   22  61%  81.9M    n/a  n/a
   0   49 |   7 1.0   19    11M  167  475  73%    10M |  99.9   n/a   1   27  1.56M   15   21  58%  81.9M    n/a  n/a
   0   4a |   7 1.0   19    11M  177  516  74%    10M |  99.9   n/a   1   27  1.81M   19   21  52%  81.9M    n/a  n/a
   0   4b |   7 1.0   19    11M  179  460  71%    10M |  99.9   n/a   1   27  2.08M   20   22  52%  81.9M    n/a  n/a
   1   4c |   7 1.0   19   3.6M  138  514  78%    10M |  99.9   n/a   1   27   430k   11   23  67%  81.9M    n/a  n/a
   1   4d |   7 1.0   19   3.7M  122  456  78%    10M |  99.9   n/a   1   27   455k   12   23  65%  81.9M    n/a  n/a
   1   4e |   7 1.0   19   3.8M  134  422  75%    10M |  99.9   n/a   1   27   451k   12   25  67%  81.9M    n/a  n/a
   1   4f |   7 1.0   19   3.6M  127  458  78%    10M |  99.9   n/a   1   27   493k   14   22  61%  81.9M    n/a  n/a
   1   50 |   7 1.0   19   3.8M  143  425  74%    10M |  99.9   n/a   1   27   515k   14   21  60%  81.9M    n/a  n/a
   1   51 |   7 1.0   19   3.6M  119  455  79%    10M |  99.9   n/a   1   27   522k   14   21  60%  81.9M    n/a  n/a
   1   52 |   7 1.0   19   3.6M  131  559  81%    10M |  99.9   n/a   1   27   422k   12   23  65%  81.9M    n/a  n/a
   1   53 |   7 1.0   19   3.6M  124  501  80%    10M |  99.9   n/a   1   27   369k   10   22  68%  81.9M    n/a  n/a
   2   54 |   7 1.0   19   8.6M  174  694  79%    10M |  99.9   n/a   1   27  1.11M   13   21  61%  81.9M    n/a  n/a
   2   55 |   7 1.0   19   8.3M  158  500  75%    10M |  99.9   n/a   1   27   785k    9   22  70%  81.9M    n/a  n/a
   2   56 |   7 1.0   19   8.6M  172  554  76%    10M |  99.9   n/a   1   27  1.13M   13   22  62%  81.9M    n/a  n/a
   2   57 |   7 1.0   19   8.3M  159  532  76%    10M |  99.9   n/a   1   27   723k    9   26  74%  81.9M    n/a  n/a
   2   58 |   7 1.0   19   8.4M  159  628  79%    10M |  99.9   n/a   1   27   955k   10   24  70%  81.9M    n/a  n/a
   2   59 |   7 1.0   19   8.4M  160  500  75%    10M |  99.9   n/a   1   27   955k   11   27  71%  81.9M    n/a  n/a
   2   5a |   7 1.0   19   8.4M  170  561  76%    10M |  99.9   n/a   1   27   805k   10   22  68%  81.9M    n/a  n/a
   2   5b |   7 1.0   19   8.5M  162  565  77%    10M |  99.9   n/a   1   27  1.02M   12   25  67%  81.9M    n/a  n/a
   3   5c |   7 1.0   19    11M  186  550  74%    10M |  99.9   n/a   1   27  1.42M   14   28  66%  81.9M    n/a  n/a
   3   5d |   7 1.0   19    10M  167  545  76%    10M |  99.9   ovl   1   27  1.71M   18   25  58%  81.9M  -822n  n/a
   3   5e |   7 1.0   19    11M  188  543  74%    10M |  99.9   ovl   1   27  1.76M   17   26  60%  81.9M  -849n  n/a
   3   5f |   7 1.0   19    10M  168  494  74%    10M |  99.9   n/a   1   27  1.39M   15   25  62%  81.9M    n/a  n/a
   3   60 |   7 1.0   19    10M  180  558  75%    10M |  99.9   ovl   1   27  1.57M   15   27  64%  81.9M   693n  n/a
   3   61 |   7 1.0   19    10M  173  528  75%    10M |  99.9   ovl   1   27  1.62M   15   25  62%  81.9M   765n  n/a
   3   62 |   7 1.0   19    10M  178  584  76%    10M |  99.9   n/a   1   27  1.46M   14   25  64%  81.9M    n/a  n/a
   3   63 |   7 1.0   19    10M  178  502  73%    10M |  99.9   n/a   1   27  1.04M   11   28  71%  81.9M    n/a  n/a
   4   64 |   7 1.0   19    11M  179  535  74%    10M |  99.9   n/a   1   27  1.55M   16   22  57%  81.9M    n/a  n/a
   4   65 |   7 1.0   19    10M  172  528  75%    10M |  99.9   n/a   1   27  1.33M   14   21  60%  81.9M    n/a  n/a
   4   66 |   7 1.0   19    11M  187  502  72%    10M |  99.9   n/a   1   27  1.44M   14   26  65%  81.9M    n/a  n/a
   4   67 |   7 1.0   19    10M  169  510  75%    10M |  99.9   n/a   1   27  1.25M   12   24  66%  81.9M    n/a  n/a
   4   68 |   7 1.0   19    11M  173  574  76%    10M |  99.9   n/a   1   27  1.50M   17   26  60%  81.9M    n/a  n/a
   4   69 |   7 1.0   19    10M  176  504  74%    10M |  99.9   n/a   1   27  1.39M   13   22  62%  81.9M    n/a  n/a
   4   6a |   7 1.0   19    11M  193  565  74%    10M |  99.9   n/a   1   27  1.70M   18   23  56%  81.9M    n/a  n/a
   4   6b |   7 1.0   19    10M  175  499  74%    10M |  99.9   n/a   1   27   973k   10   24  70%  81.9M    n/a  n/a
   0   44 |   7 1.0   19   8.4M  141  574  80%    10M |  99.9   n/a   1   27   967k   10   25  71%  81.9M    n/a  n/a
   0   45 |   7 1.0   19   8.6M  148  546  78%    10M |  99.9   n/a   1   27   709k    7   25  78%  81.9M    n/a  n/a
   0   46 |   7 1.0   19   8.5M  142  602  80%    10M |  99.9   n/a   1   27   600k    6   25  80%  81.9M    n/a  n/a
   0   47 |   7 1.0   19   8.4M  147  645  81%    10M |  99.9   n/a   1   27  1.06M   11   19  63%  81.9M    n/a  n/a
   0   48 |   7 1.0   19   8.1M  136  593  81%    10M |  99.9   n/a   1   27   379k    4   22  84%  81.9M    n/a  n/a
   0   49 |   7 1.0   19   8.7M  150  597  79%    10M |  99.9   n/a   1   27   672k    7   23  76%  81.9M    n/a  n/a
   0   4a |   7 1.0   19   8.7M  146  535  78%    10M |  99.9   n/a   1   27   828k    9   22  70%  81.9M    n/a  n/a
   0   4b |   7 1.0   19   8.6M  139  527  79%    10M |  99.9   n/a   1   27   680k    6   21  77%  81.9M    n/a  n/a
   1   4c |   7 1.0   19   2.8M  112  544  82%    10M |  99.9   n/a   1   27   175k    4   21  84%  81.9M    n/a  n/a
   1   4d |   7 1.0   19   2.8M  106  476  81%    10M |  99.9   n/a   1   27   186k    5   21  80%  81.9M    n/a  n/a
   1   4e |   7 1.0   19   2.9M  101  535  84%    10M |  99.9   n/a   1   27   255k    7   20  74%  81.9M    n/a  n/a
   1   4f |   7 1.0   19   2.7M   93  456  83%    10M |  99.9   n/a   1   27  76.3k    2   21  91%  81.9M    n/a  n/a
   1   50 |   7 1.0   19   3.0M  109  598  84%    10M |  99.9   n/a   1   27   327k   10   21  67%  81.9M    n/a  n/a
   1   51 |   7 1.0   19   2.6M   89  493  84%    10M |  99.9   n/a   1   27   354k   10   21  67%  81.9M    n/a  n/a
   1   52 |   7 1.0   19   2.9M  111  535  82%    10M |  99.9   n/a   1   27   287k    7   21  75%  81.9M    n/a  n/a
   1   53 |   7 1.0   19   2.8M   97  456  82%    10M |  99.9   n/a   1   27   237k    7   24  77%  81.9M    n/a  n/a

          |--------------------DL---------------------|-------------------------------UL-----------------------------
 pci rnti | cqi  ri  mcs  brate   ok  nok  (%)  dl_bs | pusch  rsrp  ri  mcs  brate   ok  nok  (%)    bsr     ta  phr
   2   54 |   7 1.0   19   8.5M  170  577  77%    10M |  99.9   n/a   1   27  1.18M   14   24  63%  81.9M    n/a  n/a
   2   55 |   7 1.0   19   8.9M  171  550  76%    10M |  99.9   n/a   1   27   791k    8   23  74%  81.9M    n/a  n/a
   2   56 |   7 1.0   19   9.0M  179  711  79%    10M |  99.9   n/a   1   27   897k   11   24  68%  81.9M    n/a  n/a
   2   57 |   7 1.0   19   8.6M  171  572  76%    10M |  99.9   n/a   1   27  1.21M   14   27  65%  81.9M    n/a  n/a
   2   58 |   7 1.0   19   9.2M  195  552  73%    10M |  99.9   n/a   1   27  1.07M   13   22  62%  81.9M    n/a  n/a
   2   59 |   7 1.0   19   8.9M  171  552  76%    10M |  99.9   n/a   1   27  1.30M   15   21  58%  81.9M    n/a  n/a
   2   5a |   7 1.0   19   8.8M  170  577  77%    10M |  99.9   n/a   1   27  1.39M   15   23  60%  81.9M    n/a  n/a
   2   5b |   7 1.0   19   8.7M  164  543  76%    10M |  99.9   n/a   1   27  1.27M   14   24  63%  81.9M    n/a  n/a
   3   5c |   7 1.0   19    11M  199  531  72%    10M |  99.9   ovl   1   27  2.26M   22   19  46%  81.9M    15n  n/a
   3   5d |   7 1.0   19    12M  186  449  70%    10M |  99.9   ovl   1   27  2.46M   24   19  44%  81.9M   130n  n/a
   3   5e |   7 1.0   19    12M  195  477  70%    10M |  99.9   ovl   1   27  2.84M   27   17  38%  81.9M  -198n  n/a
   3   5f |   7 1.0   19    12M  192  474  71%    10M |  99.9   ovl   1   27  2.48M   27   14  34%  81.9M  -200n  n/a
   3   60 |   7 1.0   19    12M  205  553  72%    10M |  99.9   ovl   1   27  2.58M   25   16  39%  81.9M    78n  n/a
   3   61 |   7 1.0   19    12M  196  459  70%    10M |  99.9   ovl   1   27  1.97M   21   20  48%  81.9M   -25n  n/a
   3   62 |   7 1.0   19    12M  203  532  72%    10M |  99.9   ovl   1   27  2.41M   24   14  36%  81.9M   -21n  n/a
   3   63 |   7 1.0   19    11M  184  423  69%    10M |  99.9   ovl   1   27  2.56M   23   18  43%  81.9M    27n  n/a
   4   64 |   7 1.0   19   6.9M  118  615  83%    10M |  99.9   n/a   1   27   738k    8   24  75%  81.9M    n/a  n/a
   4   65 |   7 1.0   19   7.5M  127  576  81%    10M |  99.9   n/a   1   27   969k   11   19  63%  81.9M    n/a  n/a
   4   66 |   7 1.0   19   7.8M  140  587  80%    10M |  99.9   n/a   1   27   592k    6   19  76%  81.9M    n/a  n/a
   4   67 |   7 1.0   19   7.5M  125  542  81%    10M |  99.9   n/a   1   27   928k    9   20  68%  81.9M    n/a  n/a
   4   68 |   7 1.0   19   7.5M  129  678  84%    10M |  99.9   n/a   1   27   812k    7   21  75%  81.9M    n/a  n/a
   4   69 |   7 1.0   19   7.5M  127  558  81%    10M |  99.9   n/a   1   27  1.25M   13   21  61%  81.9M    n/a  n/a
   4   6a |   7 1.0   19   7.3M  129  600  82%    10M |  99.9   n/a   1   27   867k    9   17  65%  81.9M    n/a  n/a
   4   6b |   7 1.0   19   7.6M  128  568  81%    10M |  99.9   n/a   1   27   389k    4   22  84%  81.9M    n/a  n/a
   0   44 |   7 1.0   19   9.9M  172  605  77%    10M |  99.9   n/a   1   27  1.39M   15   20  57%  81.9M    n/a  n/a
   0   45 |   7 1.0   19    11M  184  502  73%    10M |  99.9   n/a   1   27  2.25M   21   15  41%  81.9M    n/a  n/a
   0   46 |   7 1.0   19    12M  201  517  72%    10M |  99.9   n/a   1   27  1.40M   14   20  58%  81.9M    n/a  n/a
   0   47 |   7 1.0   19    11M  178  480  72%    10M |  99.9   n/a   1   27  2.00M   18   20  52%  81.9M    n/a  n/a
   0   48 |   7 1.0   19    11M  190  520  73%    10M |  99.9   n/a   1   27  1.41M   13   21  61%  81.9M    n/a  n/a
   0   49 |   7 1.0   19    10M  166  510  75%    10M |  99.9   n/a   1   27  1.52M   15   19  55%  81.9M    n/a  n/a
   0   4a |   7 1.0   19    11M  191  481  71%    10M |  99.9   n/a   1   27  1.63M   16   20  55%  81.9M    n/a  n/a
   0   4b |   7 1.0   19    11M  172  453  72%    10M |  99.9   n/a   1   27  1.75M   18   22  55%  81.9M    n/a  n/a
   1   4c |   7 1.0   19   3.7M  142  498  77%    10M |  99.9   ovl   1   27   403k   10   24  70%  81.9M   428n  n/a
   1   4d |   7 1.0   19   3.6M  131  462  77%    10M |  99.9   ovl   1   27   503k   14   21  60%  81.9M   164n  n/a
   1   4e |   7 1.0   19   3.6M  142  456  76%    10M |  99.9   ovl   1   27   583k   16   21  56%  81.9M   243n  n/a
   1   4f |   7 1.0   19   3.7M  128  431  77%    10M |  99.9   ovl   1   27   418k   12   23  65%  81.9M    51n  n/a
   1   50 |   7 1.0   19   3.6M  138  511  78%    10M |  99.9   ovl   1   27   543k   14   16  53%  81.9M  -130n  n/a
   1   51 |   7 1.0   19   3.6M  130  394  75%    10M |  99.9   ovl   1   27   564k   15   22  59%  81.9M   106n  n/a
