
--== OCUDU gNB (commit 6744de3b5b) ==--

Initializing the Open Fronthaul Interface for sector#0: ul_compr=[BFP,9], dl_compr=[BFP,9], prach_compr=[BFP,9], prach_cp_enabled=false
Initializing the Open Fronthaul Interface for sector#1: ul_compr=[BFP,9], dl_compr=[BFP,9], prach_compr=[BFP,9], prach_cp_enabled=false
Initializing the Open Fronthaul Interface for sector#2: ul_compr=[BFP,9], dl_compr=[BFP,9], prach_compr=[BFP,9], prach_cp_enabled=false
Initializing the Open Fronthaul Interface for sector#3: ul_compr=[BFP,9], dl_compr=[BFP,9], prach_compr=[BFP,9], prach_cp_enabled=false
Initializing the Open Fronthaul Interface for sector#4: ul_compr=[BFP,9], dl_compr=[BFP,9], prach_compr=[BFP,9], prach_cp_enabled=false
Cell pci=0, bw=90 MHz, 1T1R, dl_arfcn=625000 (n78), dl_freq=3375 MHz, dl_ssb_arfcn=622656, ul_freq=3375 MHz
Cell pci=1, bw=100 MHz, 1T1R, dl_arfcn=632628 (n78), dl_freq=3489.42 MHz, dl_ssb_arfcn=629952, ul_freq=3489.42 MHz
Cell pci=2, bw=100 MHz, 1T1R, dl_arfcn=637212 (n78), dl_freq=3558.18 MHz, dl_ssb_arfcn=634464, ul_freq=3558.18 MHz
Cell pci=3, bw=80 MHz, 1T1R, dl_arfcn=640000 (n78), dl_freq=3600 MHz, dl_ssb_arfcn=638016, ul_freq=3600 MHz
Cell pci=4, bw=80 MHz, 1T1R, dl_arfcn=650000 (n78), dl_freq=3750 MHz, dl_ssb_arfcn=648000, ul_freq=3750 MHz

Remote control server listening on 0.0.0.0:8001
==== gNB started ===
Type <h> to view help

          |--------------------DL---------------------|-------------------------------UL-----------------------------
 pci rnti | cqi  ri  mcs  brate   ok  nok  (%)  dl_bs | pusch  rsrp  ri  mcs  brate   ok  nok  (%)    bsr     ta  phr
   0   44 |   7 1.0   10   7.5M  293  327  52%    10M |  99.9   ovl   1   27  4.73M   50    9  15%  81.9M  -368n  n/a
   0   45 |   7 1.0   10   7.4M  288  343  54%    10M |  99.9   ovl   1   27  4.85M   56   10  15%  81.9M  -623n  n/a
   0   46 |   7 1.0   10   7.3M  284  334  54%    10M |  99.9   ovl   1   27  4.63M   55    9  14%  81.9M  -593n  n/a
   0   47 |   7 1.0   11   7.3M  263  344  56%    10M |  99.9   ovl   1   27  4.25M   48   10  17%  81.9M  -501n  n/a
   0   48 |   7 1.0   11   7.4M  280  379  57%    10M |  99.9   ovl   1   27  4.62M   52   10  16%  81.9M  -471n  n/a
   0   49 |   7 1.0   10   7.3M  282  345  55%    10M |  99.9   ovl   1   27  4.68M   51    5   8%  81.9M  -961n  n/a
   0   4a |   7 1.0   11   7.6M  280  331  54%    10M |  99.9   ovl   1   27  4.02M   47    8  14%  81.9M  -207n  n/a
   0   4b |   7 1.0   11   7.4M  269  360  57%    10M |  99.9   ovl   1   27  4.56M   53   10  15%  81.9M  -529n  n/a
   1   4c |   7 1.0   10   6.0M  115  193  62%    10M |  99.9   ovl   1   26  2.83M   13    9  40%  81.9M   900n  n/a
   1   4d |   7 1.0   11   7.0M  107  196  64%    10M |  99.9   ovl   1   27  3.32M   14    7  33%  81.9M   409n  n/a
   1   4e |   7 1.0   10   6.6M  106  286  72%    10M |  99.9   n/a   1   27  3.57M   15    9  37%  81.9M    n/a  n/a
   1   4f |   7 1.0   10   6.7M  102  223  68%    10M |  99.9   n/a   1   27  3.57M   15    7  31%  81.9M    n/a  n/a
   1   50 |   7 1.0   10   6.6M  103  221  68%    10M |  99.9   ovl   1   27  3.86M   17   10  37%  81.9M   550n  n/a
   1   51 |   7 1.0   11   7.1M   98  168  63%    10M |  89.0   ovl   1   26  3.07M   14    6  30%  81.9M   107n  n/a
   1   52 |   7 1.0   10   6.8M  103  246  70%    10M |  99.9   n/a   1   26  3.60M   16    6  27%  81.9M    n/a  n/a
   1   53 |   7 1.0    3   2.5k    1    0   0%    10M |  99.9   n/a   1    9  89.6k    2    0   0%  81.9M    n/a  n/a
   2   54 |   7 1.0   10   8.2M  117  187  61%    10M |  99.9   ovl   1   26  4.63M   20    4  16%  81.9M   -21n  n/a
   2   55 |   7 1.0   10   8.7M  113  198  63%    10M |  88.2   ovl   1   26  2.86M   13   15  53%  81.9M     6n  n/a
   2   56 |   7 1.0   10   7.8M  111  178  61%    10M |  93.1   ovl   1   27  5.63M   23    6  20%  81.9M    28n  n/a
   2   57 |   7 1.0   11   8.0M  111  232  67%    10M |  91.3   ovl   1   27  4.08M   18    4  18%  81.9M   129n  n/a
   2   58 |   7 1.0   10   8.6M  129  201  60%    10M |  99.9   ovl   1   27  5.63M   23    4  14%  81.9M    40n  n/a
   2   59 |   7 1.0   11   8.4M  109  187  63%    10M |  99.9   ovl   1   27  4.59M   19    5  20%  81.9M   174n  n/a
   2   5a |   7 1.0   10   8.6M  120  169  58%    10M |  99.9   ovl   1   26  4.37M   20    4  16%  81.9M   139n  n/a
   2   5b |   7 1.0    3   2.5k    1    0   0%    10M |  99.9   n/a   1    9  89.6k    2    0   0%  81.9M    n/a  n/a
   3   5c |   7 1.0    9   5.3M  125  224  64%    10M |  99.9   ovl   1   26  3.47M   19    7  26%  81.9M  -759n  n/a
   3   5d |   7 1.0   10   5.8M  106  216  67%    10M |  99.9   ovl   1   27  3.84M   20    8  28%  81.9M  -759n  n/a
   3   5e |   7 1.0    9   6.2M  137  168  55%    10M |  99.9   ovl   1   27  3.62M   19    7  26%  81.9M   699n  n/a
   3   5f |   7 1.0   10   5.7M  105  219  67%    10M |  99.9   n/a   1   27  4.04M   21    7  25%  81.9M    n/a  n/a
   3   60 |   7 1.0   11   6.3M  115  172  59%    10M |  99.9   ovl   1   27  4.26M   22    7  24%  81.9M   -30n  n/a
   3   61 |   7 1.0   11   5.7M   95  212  69%    10M |  99.9   ovl   1   27  4.03M   21    4  16%  81.9M   -30n  n/a
   3   62 |   7 1.0   10   5.9M  132  179  57%    10M |  99.9   ovl   1   27  4.45M   23    3  11%  81.9M   -30n  n/a
   3   63 |   7 1.0    3   2.5k    1    0   0%    10M |  99.9   n/a   1    9  69.0k    2    0   0%  81.9M    n/a  n/a
   4   64 |   7 1.0   10   6.7M  315  285  47%    10M |  99.9   ovl   1   27  4.44M   55    8  12%  81.9M  -637n  n/a
   4   65 |   7 1.0   11   6.6M  259  341  56%    10M |  99.9   ovl   1   27  4.61M   58    9  13%  81.9M  -521n  n/a
   4   66 |   7 1.0   10   6.8M  313  306  49%    10M |  99.9   ovl   1   27  4.09M   56   10  15%  81.9M  -289n  n/a
   4   67 |   7 1.0   11   6.7M  275  338  55%    10M |  99.9   ovl   1   27  4.53M   59   11  15%  81.9M  -461n  n/a
   4   68 |   7 1.0   10   6.6M  325  308  48%    10M |  99.9   ovl   1   27  4.18M   53   10  15%  81.9M  -562n  n/a
   4   69 |   7 1.0   10   6.5M  274  344  55%    10M |  99.9   ovl   1   27  4.07M   57    7  10%  81.9M   -30n  n/a
   4   6a |   7 1.0   10   7.0M  321  236  42%    10M |  99.9   ovl   1   27  4.00M   52    9  14%  81.9M  -180n  n/a
   4   6b |   7 1.0   11   6.4M  266  364  57%    10M |  99.9   ovl   1   27  4.47M   60    9  13%  81.9M  -531n  n/a
   0   44 |   7 1.0   11   3.5M  135  646  82%    10M |  99.9   n/a   1   27   779k    9   22  70%  81.9M    n/a  n/a
   0   45 |   7 1.0   11   3.3M  113  618  84%    10M |  99.9   n/a   1   27  1.03M   12   21  63%  81.9M    n/a  n/a
   0   46 |   7 1.0   11   3.6M  129  693  84%    10M |  99.9   ovl   1   27  1.19M   15   18  54%  81.9M  -602n  n/a
   0   47 |   7 1.0   11   3.6M  118  600  83%    10M |  99.9   n/a   1   27  1.30M   14   15  51%  81.9M    n/a  n/a
   0   48 |   7 1.0   11   3.8M  147  593  80%    10M |  99.9   n/a   1   27  1.09M   13   21  61%  81.9M    n/a  n/a
   0   49 |   7 1.0   11   3.4M  122  557  82%    10M |  99.9   n/a   1   27   834k    9   22  70%  81.9M    n/a  n/a
   0   4a |   7 1.0   11   3.4M  129  614  82%    10M |  99.9   n/a   1   27   865k    9   20  68%  81.9M    n/a  n/a
   0   4b |   7 1.0   11   3.5M  123  566  82%    10M |  99.9   ovl   1   27   983k   11   20  64%  81.9M  -755n  n/a
   1   4c |   7 1.0   11   7.2M  106  247  69%    10M |  99.9   n/a   1   27  2.79M   11    7  38%  81.9M    n/a  n/a
   1   4d |   7 1.0   11   6.4M   89  305  77%    10M |  99.9   n/a   1   27  2.02M    8    7  46%  81.9M    n/a  n/a
   1   4e |   7 1.0   11   6.7M   91  274  75%    10M |  99.9   n/a   1   27  2.78M   11   11  50%  81.9M    n/a  n/a
   1   4f |   7 1.0   11   6.6M   92  269  74%    10M |  99.9   ovl   1   27  2.30M    9    9  50%  81.9M  -968n  n/a
   1   50 |   7 1.0   11   6.4M   83  315  79%    10M |  99.9   n/a   1   27  2.04M    8    8  50%  81.9M    n/a  n/a
   1   51 |   7 1.0   11   6.8M   91  269  74%    10M |  99.9   ovl   1   27  2.53M   10    7  41%  81.9M   409n  n/a
   1   52 |   7 1.0   11   7.0M   87  332  79%    10M |  99.9   n/a   1   27  4.06M   16   10  38%  81.9M    n/a  n/a
   1   53 |   7 1.0    0      0    0    0   0%    10M |   n/a   n/a   1    0      0    0    0   0%  81.9M    n/a  n/a
   2   54 |   7 1.0   11   6.6M   94  273  74%    10M |  99.9   ovl   1   27  2.01M    8   13  61%  81.9M   361n  n/a
   2   55 |   7 1.0   11   6.2M   82  295  78%    10M |  99.9   ovl   1   27  1.50M    6   11  64%  81.9M  -660n  n/a
   2   56 |   7 1.0   11   6.5M   95  244  71%    10M |  99.9   ovl   1   27  2.03M    8   10  55%  81.9M   358n  n/a
   2   57 |   7 1.0   11   6.4M   84  271  76%    10M |  99.9   n/a   1   27  1.52M    6    9  60%  81.9M    n/a  n/a
   2   58 |   7 1.0   11   6.1M   85  294  77%    10M |  99.9   ovl   1   27  2.53M   10    9  47%  81.9M   361n  n/a
   2   59 |   7 1.0   11   6.2M   84  264  75%    10M |  99.9   ovl   1   27  1.52M    6   11  64%  81.9M   846n  n/a
   2   5a |   7 1.0   11   6.0M   84  287  77%    10M |  99.9   ovl   1   27  1.51M    6    8  57%  81.9M  -660n  n/a
   2   5b |   7 1.0    0      0    0    0   0%    10M |   n/a   n/a   1    0      0    0    0   0%  81.9M    n/a  n/a
   3   5c |   7 1.0   11   5.4M   94  321  77%    10M |  99.9   n/a   1   27  1.81M    9    9  50%  81.9M    n/a  n/a
   3   5d |   7 1.0   11   5.1M   88  329  78%    10M |  99.9   ovl   1   27   783k    4   10  71%  81.9M   699n  n/a
   3   5e |   7 1.0   11   5.0M   94  358  79%    10M |  99.9   ovl   1   27  1.77M    9   10  52%  81.9M  -759n  n/a
   3   5f |   7 1.0   11   5.1M   92  363  79%    10M |  99.9   ovl   1   27  1.62M    8   10  55%  81.9M  -395n  n/a
   3   60 |   7 1.0   11   5.2M   98  318  76%    10M |  99.9   ovl   1   27  1.38M    7    6  46%  81.9M   317n  n/a
   3   61 |   7 1.0   11   5.1M   83  346  80%    10M |  99.9   n/a   1   27  1.20M    6   10  62%  81.9M    n/a  n/a
   3   62 |   7 1.0   11   5.2M   84  298  78%    10M |  99.9   n/a   1   27  1.99M   10   12  54%  81.9M    n/a  n/a
   3   63 |   7 1.0    0      0    0    0   0%    10M |   n/a   n/a   1    0      0    0    0   0%  81.9M    n/a  n/a
   4   64 |   7 1.0   11   3.7M  161  641  79%    10M |  99.9   ovl   1   27  1.17M   15   14  48%  81.9M  -250n  n/a
   4   65 |   7 1.0   11   3.9M  151  571  79%    10M |  99.9   ovl   1   27   963k   14   14  50%  81.9M    60n  n/a
   4   66 |   7 1.0   11   3.4M  156  608  79%    10M |  99.9   ovl   1   27   819k   10   21  67%  81.9M  -479n  n/a
   4   67 |   7 1.0   11   4.0M  151  539  78%    10M |  99.9   ovl   1   27  2.02M   26   14  35%  81.9M  -848n  n/a
   4   68 |   7 1.0   11   3.4M  153  600  79%    10M |  99.9   ovl   1   27  1.36M   17   15  46%  81.9M   -82n  n/a
   4   69 |   7 1.0   11   3.7M  159  566  78%    10M |  99.9   ovl   1   27  1.45M   18   28  60%  81.9M    19n  n/a
   4   6a |   7 1.0   11   3.8M  164  491  74%    10M |  99.9   ovl   1   27  1.08M   14   16  53%  81.9M  -390n  n/a
   4   6b |   7 1.0   11   3.7M  151  512  77%    10M |  99.9   ovl   1   27  1.09M   14   21  60%  81.9M  -597n  n/a
   0   44 |   7 1.0   11   3.1M  122  682  84%    10M |  99.9   ovl   1   27  1.86M   21    9  30%  81.9M  -463n  n/a
   0   45 |   7 1.0   11   3.4M  122  635  83%    10M |  99.9   ovl   1   27   859k    9   16  64%  81.9M  -851n  n/a
   0   46 |   7 1.0   11   3.4M  131  665  83%    10M |  99.9   ovl   1   27   420k    4   19  82%  81.9M  -689n  n/a
   0   47 |   7 1.0   11   3.5M  129  608  82%    10M |  99.9   ovl   1   27   936k   11   18  62%  81.9M   -82n  n/a
   0   48 |   7 1.0   11   3.3M  129  677  83%    10M |  99.9   ovl   1   27   848k   10   14  58%  81.9M    12n  n/a
   0   49 |   7 1.0   11   3.4M  123  604  83%    10M |  99.9   ovl   1   27  1.06M   13   14  51%  81.9M    -1u  n/a
   0   4a |   7 1.0   11   3.3M  125  632  83%    10M |  99.9   n/a   1   27   766k    9   12  57%  81.9M    n/a  n/a
   0   4b |   7 1.0   11   3.3M  123  586  82%    10M |  99.9   ovl   1   27   699k    8   13  61%  81.9M  -755n  n/a

          |--------------------DL---------------------|-------------------------------UL-----------------------------
 pci rnti | cqi  ri  mcs  brate   ok  nok  (%)  dl_bs | pusch  rsrp  ri  mcs  brate   ok  nok  (%)    bsr     ta  phr
   1   4c |   7 1.0   11   5.3M   73  398  84%    10M |  99.9   n/a   1   27  1.52M    6    8  57%  81.9M    n/a  n/a
   1   4d |   7 1.0   11   4.6M   71  412  85%    10M |  99.9   ovl   1   27   508k    2   12  85%  81.9M   484n  n/a
   1   4e |   7 1.0   11   5.1M   68  484  87%    10M |  99.9   n/a   1   27  1.79M    7    8  53%  81.9M    n/a  n/a
   1   4f |   7 1.0   11   4.7M   69  403  85%    10M |  99.9   n/a   1   27   992k    4    8  66%  81.9M    n/a  n/a
   1   50 |   7 1.0   11   5.2M   71  427  85%    10M |  99.9   ovl   1   27  1.02M    4    8  66%  81.9M  -968n  n/a
   1   51 |   7 1.0   11   4.6M   64  420  86%    10M |  99.9   n/a   1   27  1.00M    4    6  60%  81.9M    n/a  n/a
   1   52 |   7 1.0   11   4.9M   56  413  88%    10M |  99.9   n/a   1   27  1.26M    5   10  66%  81.9M    n/a  n/a
   1   53 |   7 1.0    0      0    0    0   0%    10M |   n/a   n/a   1    0      0    0    0   0%  81.9M    n/a  n/a
   2   54 |   7 1.0   11   6.1M   82  339  80%    10M |  99.9   ovl   1   27  1.75M    7    6  46%  81.9M  -293n  n/a
   2   55 |   7 1.0   11   6.4M   90  292  76%    10M |  99.9   ovl   1   27  2.03M    8   12  60%  81.9M    78n  n/a
   2   56 |   7 1.0   11   6.4M   79  342  81%    10M |  99.9   ovl   1   27  1.51M    6   10  62%  81.9M   -36n  n/a
   2   57 |   7 1.0   11   6.1M   85  297  77%    10M |  99.9   ovl   1   27  2.77M   11    9  45%  81.9M  -293n  n/a
   2   58 |   7 1.0   11   6.3M   83  316  79%    10M |  99.9   ovl   1   27  2.77M   11   10  47%  81.9M   -76n  n/a
   2   59 |   7 1.0   11   6.3M   92  319  77%    10M |  99.9   ovl   1   27  1.50M    6    6  50%  81.9M  -660n  n/a
   2   5a |   7 1.0   11   6.4M   87  314  78%    10M |  99.9   n/a   1   27  2.77M   11    7  38%  81.9M    n/a  n/a
   2   5b |   7 1.0    0      0    0    0   0%    10M |   n/a   n/a   1    0      0    0    0   0%  81.9M    n/a  n/a
   3   5c |   7 1.0   11   4.0M   73  409  84%    10M |  99.9   n/a   1   27  1.62M    8    8  50%  81.9M    n/a  n/a
   3   5d |   7 1.0   11   4.5M   76  323  80%    10M |  99.9   ovl   1   27  1.58M    8   10  55%  81.9M   260n  n/a
   3   5e |   7 1.0   11   4.1M   75  379  83%    10M |  99.9   n/a   1   27  1.38M    7    7  50%  81.9M    n/a  n/a
   3   5f |   7 1.0   11   4.4M   76  351  82%    10M |  99.9   n/a   1   27  1.59M    8   10  55%  81.9M    n/a  n/a
   3   60 |   7 1.0   11   4.5M   82  373  81%    10M |  99.9   n/a   1   27  1.78M    9   10  52%  81.9M    n/a  n/a
   3   61 |   7 1.0   11   4.3M   86  396  82%    10M |  99.9   ovl   1   27  1.77M    9    8  47%  81.9M  -179n  n/a
   3   62 |   7 1.0   11   5.1M  103  360  77%    10M |  99.9   n/a   1   27  1.40M    7    7  50%  81.9M    n/a  n/a
   3   63 |   7 1.0    0      0    0    0   0%    10M |   n/a   n/a   1    0      0    0    0   0%  81.9M    n/a  n/a
   4   64 |   7 1.0   11   4.6M  175  514  74%    10M |  99.9   ovl   1   27  2.32M   28   14  33%  81.9M   -58n  n/a
   4   65 |   7 1.0   11   4.4M  169  534  75%    10M |  99.9   ovl   1   27  1.60M   20   16  44%  81.9M  -558n  n/a
   4   66 |   7 1.0   11   4.9M  185  503  73%    10M |  99.9   ovl   1   27  2.42M   31   15  32%  81.9M  -341n  n/a
   4   67 |   7 1.0   11   4.5M  174  566  76%    10M |  99.9   ovl   1   27  2.13M   28   12  30%  81.9M  -413n  n/a
   4   68 |   7 1.0   11   4.8M  193  515  72%    10M |  99.9   ovl   1   27  2.53M   35    9  20%  81.9M  -487n  n/a
   4   69 |   7 1.0   11   4.4M  167  519  75%    10M |  99.9   ovl   1   27  2.78M   35   12  25%  81.9M  -869n  n/a
   4   6a |   7 1.0   11   4.9M  192  478  71%    10M |  99.9   ovl   1   27  1.97M   27   18  40%  81.9M  -784n  n/a
   4   6b |   7 1.0   11   4.5M  173  537  75%    10M |  99.9   ovl   1   27  2.49M   31   12  27%  81.9M  -653n  n/a
   0   44 |   7 1.0   12   5.2M  172  592  77%    10M |  99.9   n/a   1   27  1.13M   13   15  53%  81.9M    n/a  n/a
   0   45 |   7 1.0   12   5.3M  171  518  75%    10M |  99.9   n/a   1   27  2.53M   28   10  26%  81.9M    n/a  n/a
   0   46 |   7 1.0   12   4.9M  171  649  79%    10M |  99.9   n/a   1   27  1.57M   17   13  43%  81.9M    n/a  n/a
   0   47 |   7 1.0   12   5.1M  164  504  75%    10M |  99.9   n/a   1   27  2.21M   25   17  40%  81.9M    n/a  n/a
   0   48 |   7 1.0   12   5.0M  174  574  76%    10M |  99.9   n/a   1   27  2.21M   26   12  31%  81.9M    n/a  n/a
   0   49 |   7 1.0   12   5.2M  172  498  74%    10M |  99.9   n/a   1   27  1.92M   22   14  38%  81.9M    n/a  n/a
   0   4a |   7 1.0   12   4.9M  171  525  75%    10M |  99.9   n/a   1   27  1.88M   21   15  41%  81.9M    n/a  n/a
   0   4b |   7 1.0   12   5.0M  167  549  76%    10M |  99.9   n/a   1   27  1.44M   16   16  50%  81.9M    n/a  n/a
   1   4c |   7 1.0   11   7.4M   88  250  73%    10M |  99.9   n/a   1   27  3.04M   12   10  45%  81.9M    n/a  n/a
   1   4d |   7 1.0   11   7.4M  104  220  67%    10M |  99.9   n/a   1   27  3.58M   14    7  33%  81.9M    n/a  n/a
   1   4e |   7 1.0   11   7.4M  110  228  67%    10M |  99.9   n/a   1   27  1.99M    8    7  46%  81.9M    n/a  n/a
   1   4f |   7 1.0   11   7.8M  108  226  67%    10M |  99.9   n/a   1   27  3.81M   15    7  31%  81.9M    n/a  n/a
   1   50 |   7 1.0   11   7.8M  102  207  66%    10M |  99.9   n/a   1   27  1.02M    4   10  71%  81.9M    n/a  n/a
   1   51 |   7 1.0   11   7.8M  113  233  67%    10M |  99.9   n/a   1   27  2.05M    8    4  33%  81.9M    n/a  n/a
   1   52 |   7 1.0   11   7.4M   92  210  69%    10M |  99.9   n/a   1   27  2.02M    8   12  60%  81.9M    n/a  n/a
   1   53 |   7 1.0    0      0    0    0   0%    10M |   n/a   n/a   1    0      0    0    0   0%  81.9M    n/a  n/a
   2   54 |   7 1.0   11   6.1M   87  324  78%    10M |  99.9   n/a   1   27  2.28M    9    8  47%  81.9M    n/a  n/a
   2   55 |   7 1.0   11   5.8M   83  353  80%    10M |  99.9   n/a   1   27  1.25M    5   14  73%  81.9M    n/a  n/a
   2   56 |   7 1.0   11   5.9M   87  329  79%    10M |  99.9   n/a   1   27  1.52M    6    6  50%  81.9M    n/a  n/a
   2   57 |   7 1.0   11   5.7M   79  323  80%    10M |  99.9   n/a   1   27  2.78M   11   10  47%  81.9M    n/a  n/a
   2   58 |   7 1.0   11   5.8M   93  322  77%    10M |   n/a   n/a   1   27      0    0    7 100%  81.9M    n/a  n/a
   2   59 |   7 1.0   11   6.0M   82  347  80%    10M |  99.9   n/a   1   27  3.05M   12   11  47%  81.9M    n/a  n/a
   2   5a |   7 1.0   11   5.8M   69  314  81%    10M |  99.9   n/a   1   27   508k    2    9  81%  81.9M    n/a  n/a
   2   5b |   7 1.0    0      0    0    0   0%    10M |   n/a   n/a   1    0      0    0    0   0%  81.9M    n/a  n/a
   3   5c |   7 1.0   11   5.7M   92  216  70%    10M |  99.9   n/a   1   27  1.20M    6    9  60%  81.9M    n/a  n/a
   3   5d |   7 1.0   11   5.5M   96  238  71%    10M |  99.9   ovl   1   27  2.38M   12    4  25%  81.9M   332n  n/a
   3   5e |   7 1.0   11   5.8M   96  193  66%    10M |  99.9   n/a   1   27  2.59M   13   11  45%  81.9M    n/a  n/a
   3   5f |   7 1.0   11   5.7M   94  216  69%    10M |  99.9   n/a   1   27   795k    4    8  66%  81.9M    n/a  n/a
   3   60 |   7 1.0   11   5.7M   92  228  71%    10M |  99.9   ovl   1   27  2.78M   14    7  33%  81.9M   699n  n/a
   3   61 |   7 1.0   11   5.9M   99  227  69%    10M |  99.9   n/a   1   27  1.78M    9   12  57%  81.9M    n/a  n/a
   3   62 |   7 1.0   11   5.5M   89  214  70%    10M |  99.9   n/a   1   27   594k    3    5  62%  81.9M    n/a  n/a
   3   63 |   7 1.0    0      0    0    0   0%    10M |   n/a   n/a   1    0      0    0    0   0%  81.9M    n/a  n/a
   4   64 |   7 1.0   12   4.6M  174  595  77%    10M |  99.9   n/a   1   27  2.05M   26   11  29%  81.9M    n/a  n/a
   4   65 |   7 1.0   12   4.4M  156  593  79%    10M |  99.9   n/a   1   27  2.09M   27   14  34%  81.9M    n/a  n/a
   4   66 |   7 1.0   12   5.2M  203  482  70%    10M |  99.9   n/a   1   27  2.02M   26   13  33%  81.9M    n/a  n/a
   4   67 |   7 1.0   12   4.4M  157  532  77%    10M |  99.9   n/a   1   27  2.02M   26   12  31%  81.9M    n/a  n/a
   4   68 |   7 1.0   12   4.9M  196  539  73%    10M |  99.9   n/a   1   27  2.54M   33   11  25%  81.9M    n/a  n/a
   4   69 |   7 1.0   12   4.6M  160  562  77%    10M |  99.9   n/a   1   27  2.07M   27   18  40%  81.9M    n/a  n/a
   4   6a |   7 1.0   12   5.0M  183  523  74%    10M |  99.9   n/a   1   27  1.14M   15   14  48%  81.9M    n/a  n/a
   4   6b |   7 1.0   12   4.3M  157  547  77%    10M |  99.9   n/a   1   27  1.66M   20   15  42%  81.9M    n/a  n/a
   0   44 |   7 1.0   12   5.8M  209  519  71%    10M |  99.9   ovl   1   27  2.95M   34   12  26%  81.9M  -655n  n/a
   0   45 |   7 1.0   12   6.1M  204  489  70%    10M |  99.9   ovl   1   27  2.31M   27   11  28%  81.9M  -147n  n/a
   0   46 |   7 1.0   12   5.5M  192  532  73%    10M |  99.9   ovl   1   27  3.10M   34    9  20%  81.9M  -539n  n/a
   0   47 |   7 1.0   12   5.8M  192  475  71%    10M |  99.9   ovl   1   27  2.50M   30   11  26%  81.9M  -102n  n/a
   0   48 |   7 1.0   12   5.7M  203  523  72%    10M |  99.9   ovl   1   27  1.97M   23   12  34%  81.9M  -548n  n/a
   0   49 |   7 1.0   12   6.1M  194  471  70%    10M |  99.9   ovl   1   27  2.63M   30   11  26%  81.9M  -515n  n/a
   0   4a |   7 1.0   12   6.2M  211  441  67%    10M |  99.9   ovl   1   27  3.31M   36   12  25%  81.9M  -575n  n/a
   0   4b |   7 1.0   12   6.0M  191  511  72%    10M |  99.9   ovl   1   27  2.39M   27   12  30%  81.9M  -996n  n/a
   1   4c |   7 1.0   11   5.6M   75  241  76%    10M |  99.9   n/a   1   27  2.52M   10   14  58%  81.9M    n/a  n/a
   1   4d |   7 1.0   11   5.0M   73  282  79%    10M |  99.9   ovl   1   27  2.25M    9    4  30%  81.9M   409n  n/a
   1   4e |   7 1.0   11   5.2M   72  247  77%    10M |  99.9   ovl   1   27  2.27M    9   12  57%  81.9M   409n  n/a
   1   4f |   7 1.0   11   4.9M   75  338  81%    10M |  99.9   n/a   1   27  2.51M   10    5  33%  81.9M    n/a  n/a
   1   50 |   7 1.0   11   5.5M   81  266  76%    10M |  99.9   ovl   1   27  1.25M    5    8  61%  81.9M  -968n  n/a
   1   51 |   7 1.0   11   5.3M   76  251  76%    10M |  99.9   ovl   1   27   754k    3    4  57%  81.9M   208n  n/a
   1   52 |   7 1.0   11   5.4M   86  272  75%    10M |  99.9   ovl   1   27  2.53M   10    8  44%  81.9M   655n  n/a
   1   53 |   7 1.0    0      0    0    0   0%    10M |   n/a   n/a   1    0      0    0    0   0%  81.9M    n/a  n/a

          |--------------------DL---------------------|-------------------------------UL-----------------------------
 pci rnti | cqi  ri  mcs  brate   ok  nok  (%)  dl_bs | pusch  rsrp  ri  mcs  brate   ok  nok  (%)    bsr     ta  phr
   2   54 |   7 1.0   11   5.7M   84  485  85%    10M |  99.9   n/a   1   27  1.77M    7    5  41%  81.9M    n/a  n/a
   2   55 |   7 1.0   11   4.9M   72  517  87%    10M |  99.9   n/a   1   27  1.77M    7    7  50%  81.9M    n/a  n/a
   2   56 |   7 1.0   11   5.1M   65  515  88%    10M |  99.9   n/a   1   27   500k    2    6  75%  81.9M    n/a  n/a
   2   57 |   7 1.0   11   5.2M   72  575  88%    10M |  99.9   n/a   1   27  1.26M    5    6  54%  81.9M    n/a  n/a
   2   58 |   7 1.0   11   5.2M   66  519  88%    10M |  99.9   n/a   1   27  1.77M    7    6  46%  81.9M    n/a  n/a
   2   59 |   7 1.0   11   5.0M   65  450  87%    10M |  99.9   n/a   1   27   750k    3    6  66%  81.9M    n/a  n/a
   2   5a |   7 1.0   11   5.3M   66  517  88%    10M |  99.9   n/a   1   27  1.27M    5    6  54%  81.9M    n/a  n/a
   2   5b |   7 1.0    0      0    0    0   0%    10M |   n/a   n/a   1    0      0    0    0   0%  81.9M    n/a  n/a
   3   5c |   7 1.0   11   3.4M   72  416  85%    10M |  99.9   n/a   1   27   992k    5    9  64%  81.9M    n/a  n/a
   3   5d |   7 1.0   11   3.3M   66  401  85%    10M |  99.9   n/a   1   27   193k    1    9  90%  81.9M    n/a  n/a
   3   5e |   7 1.0   11   3.2M   63  396  86%    10M |  99.9   ovl   1   27   590k    3    6  66%  81.9M   332n  n/a
   3   5f |   7 1.0   11   3.4M   69  423  85%    10M |  99.9   n/a   1   27   988k    5   10  66%  81.9M    n/a  n/a
   3   60 |   7 1.0   11   3.4M   73  434  85%    10M |  99.9   n/a   1   27   603k    3    7  70%  81.9M    n/a  n/a
   3   61 |   7 1.0   11   3.4M   73  406  84%    10M |  99.9   n/a   1   27  1.59M    8    9  52%  81.9M    n/a  n/a
   3   62 |   7 1.0   11   3.2M   68  416  85%    10M |  99.9   ovl   1   27  1.79M    9    8  47%  81.9M   332n  n/a
   3   63 |   7 1.0    0      0    0    0   0%    10M |   n/a   n/a   1    0      0    0    0   0%  81.9M    n/a  n/a
   4   64 |   7 1.0   12   4.9M  191  481  71%    10M |  99.9   ovl   1   27  1.79M   25   13  34%  81.9M  -264n  n/a
   4   65 |   7 1.0   12   4.6M  163  490  75%    10M |  99.9   ovl   1   27  1.59M   21   13  38%  81.9M  -175n  n/a
   4   66 |   7 1.0   12   4.7M  180  589  76%    10M |  99.9   ovl   1   27  1.54M   21   11  34%  81.9M  -334n  n/a
   4   67 |   7 1.0   12   4.6M  166  573  77%    10M |  99.9   ovl   1   27  1.56M   20   12  37%  81.9M  -251n  n/a
   4   68 |   7 1.0   12   5.0M  176  555  75%    10M |  99.9   ovl   1   27  1.54M   21   15  41%  81.9M  -245n  n/a
   4   69 |   7 1.0   12   4.7M  163  550  77%    10M |  99.9   ovl   1   27  1.89M   25   14  35%  81.9M  -403n  n/a
   4   6a |   7 1.0   12   4.9M  187  484  72%    10M |  99.9   ovl   1   27  1.65M   21   14  40%  81.9M  -548n  n/a
   4   6b |   7 1.0   12   4.8M  169  494  74%    10M |  99.9   ovl   1   27  1.70M   22   10  31%  81.9M  -216n  n/a
   0   44 |   7 1.0   12   4.3M  146  625  81%    10M |  99.9   ovl   1   27  1.11M   12   18  60%  81.9M    -1u  n/a
   0   45 |   7 1.0   12   4.0M  126  605  82%    10M |  99.9   n/a   1   27  1.04M   11   15  57%  81.9M    n/a  n/a
   0   46 |   7 1.0   12   4.0M  142  649  82%    10M |  99.9   n/a   1   27   791k    9   12  57%  81.9M    n/a  n/a
   0   47 |   7 1.0   12   4.0M  126  571  81%    10M |  99.9   n/a   1   27  1.79M   20   11  35%  81.9M    n/a  n/a
   0   48 |   7 1.0   12   4.2M  148  640  81%    10M |  99.9   n/a   1   27   934k   12   15  55%  81.9M    n/a  n/a
   0   49 |   7 1.0   12   4.2M  125  549  81%    10M |  99.9   n/a   1   27  1.32M   15   16  51%  81.9M    n/a  n/a
   0   4a |   7 1.0   12   4.3M  136  586  81%    10M |  99.9   n/a   1   27  1.67M   18   14  43%  81.9M    n/a  n/a
   0   4b |   7 1.0   12   3.9M  131  624  82%    10M |  99.9   n/a   1   27  1.73M   20   13  39%  81.9M    n/a  n/a
   1   4c |   7 1.0   11   7.1M  105  230  68%    10M |  99.9   ovl   1   27  2.77M   11    5  31%  81.9M  -431n  n/a
   1   4d |   7 1.0   11   7.0M  101  223  68%    10M |  99.9   ovl   1   27  1.52M    6    9  60%  81.9M   408n  n/a
   1   4e |   7 1.0   11   6.7M   99  234  70%    10M |  99.9   n/a   1   27  2.78M   11    4  26%  81.9M    n/a  n/a
   1   4f |   7 1.0   11   7.2M  103  220  68%    10M |  99.9   n/a   1   27  2.28M    9    7  43%  81.9M    n/a  n/a
   1   50 |   7 1.0   11   6.7M   87  235  72%    10M |  99.9   ovl   1   27  2.53M   10   10  50%  81.9M   900n  n/a
   1   51 |   7 1.0   11   7.2M  101  188  65%    10M |  99.9   n/a   1   27  3.01M   12    9  42%  81.9M    n/a  n/a
   1   52 |   7 1.0   11   6.9M   98  232  70%    10M |  99.9   ovl   1   27  3.03M   12    9  42%  81.9M  -279n  n/a
   1   53 |   7 1.0    0      0    0    0   0%    10M |   n/a   n/a   1    0      0    0    0   0%  81.9M    n/a  n/a
   2   54 |   7 1.0   11   5.2M   72  489  87%    10M |  99.9   ovl   1   27  2.04M    8    9  52%  81.9M   216n  n/a
   2   55 |   7 1.0   11   5.1M   67  418  86%    10M |  99.9   ovl   1   27   754k    3    8  72%  81.9M  -660n  n/a
   2   56 |   7 1.0   11   5.1M   65  478  88%    10M |  99.9   ovl   1   27  1.78M    7   10  58%  81.9M    93n  n/a
   2   57 |   7 1.0   11   5.0M   65  448  87%    10M |  99.9   ovl   1   27  1.50M    6    9  60%  81.9M   358n  n/a
   2   58 |   7 1.0   11   5.0M   66  459  87%    10M |  99.9   ovl   1   27  1.01M    4    6  60%  81.9M   361n  n/a
   2   59 |   7 1.0   11   5.1M   71  449  86%    10M |  99.9   ovl   1   27  2.03M    8    9  52%  81.9M    93n  n/a
   2   5a |   7 1.0   11   5.1M   69  430  86%    10M |  99.9   ovl   1   27   512k    2    9  81%  81.9M    64n  n/a
   2   5b |   7 1.0    0      0    0    0   0%    10M |   n/a   n/a   1    0      0    0    0   0%  81.9M    n/a  n/a
   3   5c |   7 1.0   11   4.5M   69  470  87%    10M |  99.9   n/a   1   27  1.21M    6    6  50%  81.9M    n/a  n/a
   3   5d |   7 1.0   11   4.3M   69  482  87%    10M |  99.9   n/a   1   27  1.39M    7    7  50%  81.9M    n/a  n/a
   3   5e |   7 1.0   11   4.3M   71  478  87%    10M |  99.9   n/a   1   27  1.19M    6    7  53%  81.9M    n/a  n/a
   3   5f |   7 1.0   11   4.3M   70  442  86%    10M |  99.9   n/a   1   27  1.20M    6   11  64%  81.9M    n/a  n/a
   3   60 |   7 1.0   11   4.2M   66  418  86%    10M |  99.9   n/a   1   27  1.01M    5   10  66%  81.9M    n/a  n/a
   3   61 |   7 1.0   11   4.1M   66  443  87%    10M |  99.9   n/a   1   27   988k    5    9  64%  81.9M    n/a  n/a
   3   62 |   7 1.0   11   4.2M   62  441  87%    10M |  99.9   n/a   1   27  1.21M    6   10  62%  81.9M    n/a  n/a
   3   63 |   7 1.0    0      0    0    0   0%    10M |   n/a   n/a   1    0      0    0    0   0%  81.9M    n/a  n/a
   4   64 |   7 1.0   12   5.2M  199  509  71%    10M |  99.9   ovl   1   27  1.91M   24   14  36%  81.9M   100n  n/a
   4   65 |   7 1.0   12   4.9M  172  508  74%    10M |  99.9   ovl   1   27  2.05M   27   17  38%  81.9M  -321n  n/a
   4   66 |   7 1.0   12   5.1M  188  570  75%    10M |  99.9   ovl   1   27  2.19M   26   10  27%  81.9M  -392n  n/a
   4   67 |   7 1.0   12   4.9M  179  531  74%    10M |  99.9   ovl   1   27  1.85M   24   15  38%  81.9M  -107n  n/a
   4   68 |   7 1.0   12   5.1M  184  465  71%    10M |  99.9   ovl   1   27  2.03M   27   15  35%  81.9M  -307n  n/a
   4   69 |   7 1.0   12   4.7M  170  561  76%    10M |  99.9   ovl   1   27  1.79M   23   16  41%  81.9M  -491n  n/a
   4   6a |   7 1.0   12   4.9M  175  515  74%    10M |  99.9   ovl   1   27  1.85M   24   16  40%  81.9M  -273n  n/a
   4   6b |   7 1.0   12   4.9M  169  506  74%    10M |  99.9   ovl   1   27  1.32M   17   16  48%  81.9M  -265n  n/a
   0   44 |   7 1.0   13   4.8M  141  569  80%    10M |  99.9   n/a   1   27  1.52M   16   12  42%  81.9M    n/a  n/a
   0   45 |   7 1.0   12   4.7M  138  598  81%    10M |  99.9   n/a   1   27  1.48M   18   16  47%  81.9M    n/a  n/a
   0   46 |   7 1.0   12   4.8M  158  647  80%    10M |  99.9   ovl   1   27  1.75M   21   14  40%  81.9M  -651n  n/a
   0   47 |   7 1.0   12   4.6M  142  543  79%    10M |  99.9   n/a   1   27  1.46M   17   16  48%  81.9M    n/a  n/a
   0   48 |   7 1.0   13   4.7M  165  675  80%    10M |  99.9   ovl   1   27  1.84M   21   13  38%  81.9M  -602n  n/a
   0   49 |   7 1.0   12   4.7M  139  545  79%    10M |  99.9   n/a   1   27  1.87M   20   11  35%  81.9M    n/a  n/a
   0   4a |   7 1.0   13   5.4M  168  518  75%    10M |  99.9   ovl   1   27  1.56M   19   12  38%  81.9M   329n  n/a
   0   4b |   7 1.0   12   4.5M  145  597  80%    10M |  99.9   n/a   1   27  1.48M   18    9  33%  81.9M    n/a  n/a
   1   4c |   7 1.0   12   6.9M   96  332  77%    10M |  99.9   ovl   1   27  1.53M    6    2  25%  81.9M   484n  n/a
   1   4d |   7 1.0   12   6.8M   89  332  78%    10M |  99.9   ovl   1   27  2.53M   10    6  37%  81.9M  -968n  n/a
   1   4e |   7 1.0   12   7.0M   93  337  78%    10M |  99.9   n/a   1   27  2.02M    8   10  55%  81.9M    n/a  n/a
   1   4f |   7 1.0   12   6.7M   81  321  79%    10M |  99.9   n/a   1   27  1.27M    5   10  66%  81.9M    n/a  n/a
   1   50 |   7 1.0   12   6.8M   84  302  78%    10M |  99.9   n/a   1   27  2.79M   11    5  31%  81.9M    n/a  n/a
   1   51 |   7 1.0   12   6.8M   93  357  79%    10M |  99.9   n/a   1   27  2.02M    8    9  52%  81.9M    n/a  n/a
   1   52 |   7 1.0   12   7.1M   89  337  79%    10M |  99.9   ovl   1   27  2.55M   10    4  28%  81.9M  -242n  n/a
   1   53 |   7 1.0    0      0    0    0   0%    10M |   n/a   n/a   1    0      0    0    0   0%  81.9M    n/a  n/a
   2   54 |   7 1.0   12   6.0M   77  353  82%    10M |  99.9   ovl   1   27  1.51M    6    7  53%  81.9M  -170n  n/a
   2   55 |   7 1.0   11   5.5M   74  396  84%    10M |  99.9   ovl   1   27  2.53M   10   10  50%  81.9M  -415n  n/a
   2   56 |   7 1.0   11   5.1M   74  444  85%    10M |  99.9   n/a   1   27  1.01M    4    4  50%  81.9M    n/a  n/a
   2   57 |   7 1.0   11   5.1M   71  404  85%    10M |  99.9   ovl   1   27  2.55M   10   10  50%  81.9M   522n  n/a
   2   58 |   7 1.0   11   5.4M   73  405  84%    10M |  99.9   ovl   1   27  1.51M    6   10  62%  81.9M    69n  n/a
   2   59 |   7 1.0   12   5.7M   70  357  83%    10M |  99.9   ovl   1   27  1.79M    7    8  53%  81.9M   328n  n/a
   2   5a |   7 1.0   11   5.6M   82  419  83%    10M |  99.9   ovl   1   27  2.26M    9   10  52%  81.9M    93n  n/a
   2   5b |   7 1.0    0      0    0    0   0%    10M |   n/a   n/a   1    0      0    0    0   0%  81.9M    n/a  n/a

          |--------------------DL---------------------|-------------------------------UL-----------------------------
 pci rnti | cqi  ri  mcs  brate   ok  nok  (%)  dl_bs | pusch  rsrp  ri  mcs  brate   ok  nok  (%)    bsr     ta  phr
   3   5c |   7 1.0   11   4.6M   76  405  84%    10M |  99.9   n/a   1   27   803k    4    9  69%  81.9M    n/a  n/a
   3   5d |   7 1.0   11   4.1M   72  453  86%    10M |  99.9   n/a   1   27   984k    5   12  70%  81.9M    n/a  n/a
   3   5e |   7 1.0   12   4.4M   65  423  86%    10M |  99.9   n/a   1   27  1.21M    6   10  62%  81.9M    n/a  n/a
   3   5f |   7 1.0   12   4.0M   65  390  85%    10M |  99.9   n/a   1   27   791k    4    8  66%  81.9M    n/a  n/a
   3   60 |   7 1.0   12   4.1M   72  455  86%    10M |  99.9   n/a   1   27  1.20M    6    7  53%  81.9M    n/a  n/a
   3   61 |   7 1.0   12   4.1M   73  405  84%    10M |  99.9   ovl   1   27   607k    3    6  66%  81.9M  -759n  n/a
   3   62 |   7 1.0   12   4.2M   68  447  86%    10M |  99.9   n/a   1   27   980k    5    8  61%  81.9M    n/a  n/a
   3   63 |   7 1.0    0      0    0    0   0%    10M |   n/a   n/a   1    0      0    0    0   0%  81.9M    n/a  n/a
   4   64 |   7 1.0   13   4.1M  149  661  81%    10M |  99.9   ovl   1   27  1.20M   15   12  44%  81.9M  -167n  n/a
   4   65 |   7 1.0   13   3.8M  127  551  81%    10M |  99.9   ovl   1   27  1.29M   17   12  41%  81.9M  -675n  n/a
   4   66 |   7 1.0   13   4.2M  141  629  81%    10M |  99.9   ovl   1   27  1.03M   12   10  45%  81.9M   684n  n/a
   4   67 |   7 1.0   13   4.0M  122  615  83%    10M |  99.9   ovl   1   27  1.29M   16   11  40%  81.9M  -864n  n/a
   4   68 |   7 1.0   13   3.9M  131  665  83%    10M |  99.9   ovl   1   27  1.47M   19    8  29%  81.9M  -290n  n/a
   4   69 |   7 1.0   13   3.9M  133  611  82%    10M |  99.9   ovl   1   27  1.01M   13    9  40%  81.9M  -513n  n/a
   4   6a |   7 1.0   13   4.0M  142  667  82%    10M |  99.9   n/a   1   27  1.67M   22   11  33%  81.9M    n/a  n/a
   4   6b |   7 1.0   13   4.0M  132  594  81%    10M |  99.9   ovl   1   27  1.37M   18   13  41%  81.9M  -399n  n/a
   0   44 |   7 1.0   13   5.2M  164  597  78%    10M |  99.9   ovl   1   27  2.27M   24   11  31%  81.9M  -782n  n/a
   0   45 |   7 1.0   13   5.3M  148  519  77%    10M |  99.9   n/a   1   27  1.87M   21   16  43%  81.9M    n/a  n/a
   0   46 |   7 1.0   13   5.2M  165  550  76%    10M |  99.9   n/a   1   27  2.19M   25   11  30%  81.9M    n/a  n/a
   0   47 |   7 1.0   13   5.1M  148  522  77%    10M |  99.9   ovl   1   27  1.44M   18   16  47%  81.9M   229n  n/a
   0   48 |   7 1.0   13   5.3M  174  613  77%    10M |  99.9   ovl   1   27  2.06M   22   15  40%  81.9M  -700n  n/a
   0   49 |   7 1.0   13   5.1M  154  543  77%    10M |  99.9   n/a   1   27  1.04M   12   19  61%  81.9M    n/a  n/a
   0   4a |   7 1.0   13   5.4M  155  618  79%    10M |  99.9   ovl   1   27  1.98M   23   12  34%  81.9M  -169n  n/a
   0   4b |   7 1.0   13   4.9M  152  482  76%    10M |  99.9   ovl   1   27  2.20M   25   10  28%  81.9M  -858n  n/a
   1   4c |   7 1.0   12   5.6M   66  452  87%    10M |  99.9   n/a   1   27   762k    3    7  70%  81.9M    n/a  n/a
   1   4d |   7 1.0   12   5.2M   62  498  88%    10M |  99.9   n/a   1   27  1.52M    6   14  70%  81.9M    n/a  n/a
   1   4e |   7 1.0   12   5.3M   66  463  87%    10M |  99.9   n/a   1   27  1.54M    6    7  53%  81.9M    n/a  n/a
   1   4f |   7 1.0   12   5.2M   59  486  89%    10M |  99.9   n/a   1   27   758k    3    5  62%  81.9M    n/a  n/a
   1   50 |   7 1.0   12   5.1M   62  455  88%    10M |  99.9   n/a   1   27  1.77M    7   10  58%  81.9M    n/a  n/a
   1   51 |   7 1.0   12   5.2M   60  437  87%    10M |  99.9   n/a   1   27  2.03M    8    9  52%  81.9M    n/a  n/a
   1   52 |   7 1.0   12   5.3M   66  444  87%    10M |  99.9   n/a   1   27   771k    3    6  66%  81.9M    n/a  n/a
   1   53 |   7 1.0    0      0    0    0   0%    10M |   n/a   n/a   1    0      0    0    0   0%  81.9M    n/a  n/a
   2   54 |   7 1.0   12   5.0M   59  423  87%    10M |  99.9   n/a   1   27  1.54M    6   10  62%  81.9M    n/a  n/a
   2   55 |   7 1.0   12   4.9M   58  450  88%    10M |  99.9   n/a   1   27   508k    2    9  81%  81.9M    n/a  n/a
   2   56 |   7 1.0   12   5.1M   64  413  86%    10M |  99.9   ovl   1   27  2.04M    8    6  42%  81.9M   455n  n/a
   2   57 |   7 1.0   12   5.1M   60  388  86%    10M |  99.9   ovl   1   27  1.00M    4   10  71%  81.9M    74n  n/a
   2   58 |   7 1.0   12   4.9M   58  493  89%    10M |  99.9   ovl   1   27  1.25M    5    7  58%  81.9M    74n  n/a
   2   59 |   7 1.0   12   4.7M   54  478  89%    10M |  99.9   n/a   1   27   775k    3   11  78%  81.9M    n/a  n/a
   2   5a |   7 1.0   12   4.5M   52  453  89%    10M |  99.9   n/a   1   27   258k    1    7  87%  81.9M    n/a  n/a
   2   5b |   7 1.0    0      0    0    0   0%    10M |   n/a   n/a   1    0      0    0    0   0%  81.9M    n/a  n/a
   3   5c |   7 1.0   12   4.9M   86  415  82%    10M |  99.9   ovl   1   27  1.62M    8    8  50%  81.9M  -759n  n/a
   3   5d |   7 1.0   12   4.9M   78  374  82%    10M |  99.9   ovl   1   27  1.01M    5    9  64%  81.9M  -759n  n/a
   3   5e |   7 1.0   12   4.6M   71  394  84%    10M |  99.9   ovl   1   27  1.18M    6    8  57%  81.9M   699n  n/a
   3   5f |   7 1.0   12   4.9M   79  377  82%    10M |  99.9   ovl   1   27  1.39M    7    8  53%  81.9M   -41n  n/a
   3   60 |   7 1.0   12   5.2M   86  384  81%    10M |  99.9   ovl   1   27  1.40M    7    8  53%  81.9M   515n  n/a
   3   61 |   7 1.0   12   4.9M   78  343  81%    10M |  99.9   ovl   1   27  1.59M    8    9  52%  81.9M  -221n  n/a
   3   62 |   7 1.0   12   4.9M   77  409  84%    10M |  99.9   ovl   1   27  1.59M    8    9  52%  81.9M   260n  n/a
   3   63 |   7 1.0    0      0    0    0   0%    10M |   n/a   n/a   1    0      0    0    0   0%  81.9M    n/a  n/a
   4   64 |   7 1.0   13   5.8M  200  561  73%    10M |  99.9   ovl   1   27  2.22M   31   15  32%  81.9M  -579n  n/a
   4   65 |   7 1.0   13   5.4M  165  483  74%    10M |  99.9   ovl   1   27  1.61M   21   16  43%  81.9M  -331n  n/a
   4   66 |   7 1.0   13   5.6M  204  468  69%    10M |  99.9   ovl   1   27  2.50M   34   12  26%  81.9M  -851n  n/a
   4   67 |   7 1.0   13   5.6M  176  467  72%    10M |  99.9   ovl   1   27  2.38M   31   11  26%  81.9M  -758n  n/a
   4   68 |   7 1.0   13   6.0M  208  461  68%    10M |  99.9   ovl   1   27  2.30M   30   11  26%  81.9M  -473n  n/a
   4   69 |   7 1.0   13   5.6M  173  497  74%    10M |  99.9   ovl   1   27  2.28M   31   12  27%  81.9M  -321n  n/a
   4   6a |   7 1.0   13   5.8M  200  509  71%    10M |  99.9   ovl   1   27  2.45M   31   11  26%  81.9M  -353n  n/a
   4   6b |   7 1.0   13   5.4M  175  477  73%    10M |  99.9   ovl   1   27  3.28M   44   10  18%  81.9M   293n  n/a
   0   44 |   7 1.0   13   4.9M  153  559  78%    10M |  99.9   n/a   1   27  1.45M   17   13  43%  81.9M    n/a  n/a
   0   45 |   7 1.0   13   5.1M  147  518  77%    10M |  99.9   ovl   1   27  1.28M   14   16  53%  81.9M  -689n  n/a
   0   46 |   7 1.0   13   4.4M  138  679  83%    10M |  99.9   ovl   1   27  1.13M   13   18  58%  81.9M  -812n  n/a
   0   47 |   7 1.0   13   5.0M  150  531  77%    10M |  99.9   ovl   1   27  1.04M   13   19  59%  81.9M  -414n  n/a
   0   48 |   7 1.0   13   4.8M  144  616  81%    10M |  99.9   ovl   1   27  1.09M   12   15  55%  81.9M  -161n  n/a
   0   49 |   7 1.0   13   5.1M  155  513  76%    10M |  99.9   ovl   1   27  1.54M   17   14  45%  81.9M  -961n  n/a
   0   4a |   7 1.0   13   5.1M  159  544  77%    10M |  99.9   ovl   1   27  1.07M   12   15  55%  81.9M     1u  n/a
   0   4b |   7 1.0   13   5.0M  153  524  77%    10M |  99.9   ovl   1   27  1.38M   16   19  54%  81.9M  -668n  n/a
   1   4c |   7 1.0   12   9.3M  109  246  69%    10M |  99.9   ovl   1   27  3.04M   12    8  40%  81.9M   207n  n/a
   1   4d |   7 1.0   12   9.0M  104  241  69%    10M |  99.9   ovl   1   27  3.30M   13   11  45%  81.9M   278n  n/a
   1   4e |   7 1.0   12   9.5M   99  229  69%    10M |  99.9   ovl   1   27  3.29M   13    6  31%  81.9M   375n  n/a
   1   4f |   7 1.0   12   9.1M  104  279  72%    10M |  99.9   ovl   1   27  2.82M   11    9  45%  81.9M  -610n  n/a
   1   50 |   7 1.0   12   9.4M  102  246  70%    10M |  99.9   ovl   1   27  3.55M   14    7  33%  81.9M  -212n  n/a
   1   51 |   7 1.0   12   9.1M  106  243  69%    10M |  99.9   ovl   1   27  4.05M   16    7  30%  81.9M   196n  n/a
   1   52 |   7 1.0   12   9.9M  109  227  67%    10M |  99.9   ovl   1   27  3.28M   13    7  35%  81.9M   447n  n/a
   1   53 |   7 1.0    0      0    0    0   0%    10M |   n/a   n/a   1    0      0    0    0   0%  81.9M    n/a  n/a
   2   54 |   7 1.0   12   7.9M  111  281  71%    10M |  99.9   n/a   1   27  2.27M    9   12  57%  81.9M    n/a  n/a
   2   55 |   7 1.0   12   7.4M   92  358  79%    10M |  99.9   n/a   1   27  2.78M   11    6  35%  81.9M    n/a  n/a
   2   56 |   7 1.0   12   7.5M   93  315  77%    10M |  99.9   n/a   1   27  2.27M    9    5  35%  81.9M    n/a  n/a
   2   57 |   7 1.0   12   7.3M   84  295  77%    10M |  99.9   n/a   1   27  3.52M   14   11  44%  81.9M    n/a  n/a
   2   58 |   7 1.0   12   7.5M   98  315  76%    10M |  99.9   ovl   1   27  2.05M    8    8  50%  81.9M  -659n  n/a
   2   59 |   7 1.0   12   7.2M   86  319  78%    10M |  99.9   ovl   1   27  2.78M   11    5  31%  81.9M  -660n  n/a
   2   5a |   7 1.0   12   7.4M   98  284  74%    10M |  99.9   n/a   1   27  2.04M    8   11  57%  81.9M    n/a  n/a
   2   5b |   7 1.0    0      0    0    0   0%    10M |   n/a   n/a   1    0      0    0    0   0%  81.9M    n/a  n/a
   3   5c |   7 1.0   12   6.0M   93  216  69%    10M |  99.9   n/a   1   27  1.19M    6   11  64%  81.9M    n/a  n/a
   3   5d |   7 1.0   12   6.3M   96  247  72%    10M |  99.9   n/a   1   27  1.78M    9   13  59%  81.9M    n/a  n/a
   3   5e |   7 1.0   12   6.1M   89  194  68%    10M |  99.9   n/a   1   27  2.41M   12   11  47%  81.9M    n/a  n/a
   3   5f |   7 1.0   12   6.1M   88  225  71%    10M |  99.9   ovl   1   27  2.58M   13    7  35%  81.9M   699n  n/a
   3   60 |   7 1.0   12   5.9M   94  218  69%    10M |  99.9   ovl   1   27  1.19M    6    5  45%  81.9M  -221n  n/a
   3   61 |   7 1.0   12   6.4M  111  223  66%    10M |  99.9   ovl   1   27  1.40M    7    6  46%  81.9M   699n  n/a
   3   62 |   7 1.0   12   6.0M   95  270  73%    10M |  99.9   n/a   1   27  1.80M    9    6  40%  81.9M    n/a  n/a
   3   63 |   7 1.0    0      0    0    0   0%    10M |   n/a   n/a   1    0      0    0    0   0%  81.9M    n/a  n/a

          |--------------------DL---------------------|-------------------------------UL-----------------------------
 pci rnti | cqi  ri  mcs  brate   ok  nok  (%)  dl_bs | pusch  rsrp  ri  mcs  brate   ok  nok  (%)    bsr     ta  phr
   4   64 |   7 1.0   13   4.6M  152  617  80%    10M |  99.9   ovl   1   27  1.35M   17   15  46%  81.9M  -283n  n/a
   4   65 |   7 1.0   13   4.6M  160  542  77%    10M |  99.9   ovl   1   27  1.43M   18   14  43%  81.9M  -241n  n/a
   4   66 |   7 1.0   13   4.9M  154  544  77%    10M |  99.9   ovl   1   27  1.30M   17   13  43%  81.9M  -745n  n/a
   4   67 |   7 1.0   13   4.8M  155  536  77%    10M |  99.9   ovl   1   27  1.59M   21    9  30%  81.9M  -480n  n/a
   4   68 |   7 1.0   13   5.0M  173  579  76%    10M |  99.9   ovl   1   27  1.36M   16   15  48%  81.9M  -604n  n/a
   4   69 |   7 1.0   13   4.5M  161  608  79%    10M |  99.9   ovl   1   27  1.06M   13   14  51%  81.9M  -505n  n/a
   4   6a |   7 1.0   13   4.9M  164  510  75%    10M |  99.9   ovl   1   27  1.45M   18   15  45%  81.9M  -285n  n/a
   4   6b |   7 1.0   13   4.8M  161  492  75%    10M |  99.9   ovl   1   27  1.27M   17   17  50%  81.9M  -129n  n/a
   0   44 |   7 1.0   13   3.9M  122  695  85%    10M |  99.9   n/a   1   27  1.50M   17   10  37%  81.9M    n/a  n/a
   0   45 |   7 1.0   13   3.7M  111  612  84%    10M |  99.9   n/a   1   27   629k    8   12  60%  81.9M    n/a  n/a
   0   46 |   7 1.0   13   3.7M  114  670  85%    10M |  99.9   n/a   1   27  1.52M   18    6  25%  81.9M    n/a  n/a
   0   47 |   7 1.0   13   3.8M  113  588  83%    10M |  99.9   n/a   1   27   930k   11    9  45%  81.9M    n/a  n/a
   0   48 |   7 1.0   13   4.0M  123  666  84%    10M |  99.9   n/a   1   27  1.34M   16   10  38%  81.9M    n/a  n/a
   0   49 |   7 1.0   13   3.8M  119  608  83%    10M |  99.9   n/a   1   27   764k    8   11  57%  81.9M    n/a  n/a
   0   4a |   7 1.0   13   3.8M  132  777  85%    10M |  99.9   n/a   1   27   809k   10   16  61%  81.9M    n/a  n/a
   0   4b |   7 1.0   13   3.6M  100  623  86%    10M |  99.9   n/a   1   27  1.41M   15    8  34%  81.9M    n/a  n/a
   1   4c |   7 1.0   12   8.9M  102  179  63%    10M |  99.9   ovl   1   27  5.34M   21    6  22%  81.9M    46n  n/a
   1   4d |   7 1.0   12   9.1M  106  168  61%    10M |  99.9   ovl   1   27  4.32M   17    7  29%  81.9M    -2n  n/a
   1   4e |   7 1.0   12   9.2M  104  164  61%    10M |  99.9   ovl   1   27  4.84M   19    7  26%  81.9M  -127n  n/a
   1   4f |   7 1.0   12   8.9M  101  182  64%    10M |  99.9   ovl   1   27  5.08M   20    5  20%  81.9M   150n  n/a
   1   50 |   7 1.0   12   9.1M   97  169  63%    10M |  99.9   ovl   1   27  5.33M   21    6  22%  81.9M   -17n  n/a
   1   51 |   7 1.0   12   9.2M  112  164  59%    10M |  99.9   ovl   1   27  4.84M   19    7  26%  81.9M   -54n  n/a
   1   52 |   7 1.0   12   9.4M  106  164  60%    10M |  99.9   ovl   1   27  5.32M   21    7  25%  81.9M  -968n  n/a
   1   53 |   7 1.0    0      0    0    0   0%    10M |   n/a   n/a   1    0      0    0    0   0%  81.9M    n/a  n/a
   2   54 |   7 1.0   12   5.9M   82  357  81%    10M |  99.9   n/a   1   27   754k    3    5  62%  81.9M    n/a  n/a
   2   55 |   7 1.0   12   6.1M   83  365  81%    10M |  99.9   n/a   1   27  1.49M    6    8  57%  81.9M    n/a  n/a
   2   56 |   7 1.0   12   6.2M   79  412  83%    10M |  99.9   n/a   1   27  1.51M    6    9  60%  81.9M    n/a  n/a
   2   57 |   7 1.0   12   6.4M   83  331  79%    10M |  99.9   n/a   1   27  1.54M    6    1  14%  81.9M    n/a  n/a
   2   58 |   7 1.0   12   6.4M   80  329  80%    10M |  99.9   n/a   1   27  2.03M    8   10  55%  81.9M    n/a  n/a
   2   59 |   7 1.0   12   6.2M   72  374  83%    10M |  99.9   n/a   1   27   771k    3    5  62%  81.9M    n/a  n/a
   2   5a |   7 1.0   12   6.0M   78  360  82%    10M |  99.9   ovl   1   27  3.04M   12    4  25%  81.9M   365n  n/a
   2   5b |   7 1.0    0      0    0    0   0%    10M |   n/a   n/a   1    0      0    0    0   0%  81.9M    n/a  n/a
   3   5c |   7 1.0   12   5.4M   89  196  68%    10M |  99.9   n/a   1   27   795k    4    7  63%  81.9M    n/a  n/a
   3   5d |   7 1.0   12   4.9M   81  231  74%    10M |  99.9   ovl   1   27  1.40M    7    4  36%  81.9M   332n  n/a
   3   5e |   7 1.0   12   4.7M   74  224  75%    10M |  99.9   ovl   1   27  1.99M   10    8  44%  81.9M  -214n  n/a
   3   5f |   7 1.0   12   4.9M   82  248  75%    10M |  99.9   ovl   1   27  1.99M   10    4  28%  81.9M   515n  n/a
   3   60 |   7 1.0   12   5.0M   83  268  76%    10M |  99.9   n/a   1   27  1.38M    7    9  56%  81.9M    n/a  n/a
   3   61 |   7 1.0   12   5.1M   80  235  74%    10M |  99.9   ovl   1   27  1.00M    5    7  58%  81.9M   515n  n/a
   3   62 |   7 1.0   12   5.3M   82  197  70%    10M |  99.9   ovl   1   27   803k    4    4  50%  81.9M  -759n  n/a
   3   63 |   7 1.0    0      0    0    0   0%    10M |   n/a   n/a   1    0      0    0    0   0%  81.9M    n/a  n/a
   4   64 |   7 1.0   14   3.6M  128  599  82%    10M |  99.9   ovl   1   27   982k   12   11  47%  81.9M    19n  n/a
   4   65 |   7 1.0   13   3.3M  116  678  85%    10M |  99.9   n/a   1   27  1.22M   16   13  44%  81.9M    n/a  n/a
   4   66 |   7 1.0   14   3.4M  117  633  84%    10M |  99.9   ovl   1   27  1.31M   15   15  50%  81.9M    -1u  n/a
   4   67 |   7 1.0   13   3.5M  114  603  84%    10M |  99.9   n/a   1   27  1.33M   17   14  45%  81.9M    n/a  n/a
   4   68 |   7 1.0   14   3.8M  120  636  84%    10M |  99.9   n/a   1   27  1.18M   15   12  44%  81.9M    n/a  n/a
   4   69 |   7 1.0   13   3.1M   95  573  85%    10M |  99.9   ovl   1   27   783k   10   11  52%  81.9M    -1u  n/a
   4   6a |   7 1.0   14   3.7M  119  694  85%    10M |  99.9   n/a   1   27   668k    8   19  70%  81.9M    n/a  n/a
   4   6b |   7 1.0   13   3.1M  108  659  85%    10M |  99.9   n/a   1   27  1.16M   14   15  51%  81.9M    n/a  n/a
   0   44 |   7 1.0   14   4.6M  134  638  82%    10M |  99.9   ovl   1   27  1.14M   13   15  53%  81.9M  -603n  n/a
   0   45 |   7 1.0   14   4.5M  136  580  81%    10M |  99.9   ovl   1   27  1.29M   17   15  46%  81.9M  -308n  n/a
   0   46 |   7 1.0   13   4.6M  147  644  81%    10M |  99.9   ovl   1   27   942k   12   17  58%  81.9M  -719n  n/a
   0   47 |   7 1.0   13   4.4M  118  594  83%    10M |  99.9   ovl   1   27   926k   12   17  58%  81.9M  -103n  n/a
   0   48 |   7 1.0   14   4.9M  133  590  81%    10M |  99.9   ovl   1   27  1.28M   15   13  46%  81.9M  -773n  n/a
   0   49 |   7 1.0   14   4.5M  123  614  83%    10M |  99.9   ovl   1   27  1.65M   21   16  43%  81.9M   -53n  n/a
   0   4a |   7 1.0   14   5.1M  132  588  81%    10M |  99.9   ovl   1   27  1.94M   23    9  28%  81.9M  -676n  n/a
   0   4b |   7 1.0   13   4.5M  130  600  82%    10M |  99.9   ovl   1   27  1.36M   17   14  45%  81.9M  -434n  n/a
   1   4c |   7 1.0   12   7.7M   85  300  77%    10M |  99.9   ovl   1   27  2.80M   11    7  38%  81.9M   278n  n/a
   1   4d |   7 1.0   12   7.7M   97  286  74%    10M |  99.9   ovl   1   27  2.80M   11    4  26%  81.9M  -151n  n/a
   1   4e |   7 1.0   12   7.7M   94  297  75%    10M |  99.9   ovl   1   27  2.31M    9    9  50%  81.9M   258n  n/a
   1   4f |   7 1.0   12   7.9M   95  313  76%    10M |  99.9   ovl   1   27  1.77M    7    8  53%  81.9M   447n  n/a
   1   50 |   7 1.0   12   7.6M   86  275  76%    10M |  99.9   ovl   1   27  2.52M   10    8  44%  81.9M   343n  n/a
   1   51 |   7 1.0   12   7.6M   94  295  75%    10M |  99.9   ovl   1   27  3.03M   12    6  33%  81.9M   114n  n/a
   1   52 |   7 1.0   12   7.8M   94  312  76%    10M |  99.9   n/a   1   27  3.30M   13    7  35%  81.9M    n/a  n/a
   1   53 |   7 1.0    0      0    0    0   0%    10M |   n/a   n/a   1    0      0    0    0   0%  81.9M    n/a  n/a
   2   54 |   7 1.0   12   6.2M   90  308  77%    10M |  99.9   ovl   1   27  2.78M   11   15  57%  81.9M    64n  n/a
   2   55 |   7 1.0   12   5.9M   85  403  82%    10M |  99.9   n/a   1   27   504k    2    4  66%  81.9M    n/a  n/a
   2   56 |   7 1.0   12   6.1M   76  349  82%    10M |  99.9   ovl   1   27  4.06M   16   10  38%  81.9M  -660n  n/a
   2   57 |   7 1.0   12   6.0M   82  328  80%    10M |  99.9   n/a   1   27   508k    2    6  75%  81.9M    n/a  n/a
   2   58 |   7 1.0   12   6.4M   73  314  81%    10M |  99.9   n/a   1   27  1.76M    7    6  46%  81.9M    n/a  n/a
   2   59 |   7 1.0   12   6.4M   84  360  81%    10M |  99.9   n/a   1   27  1.27M    5   12  70%  81.9M    n/a  n/a
   2   5a |   7 1.0   12   6.1M   85  368  81%    10M |  99.9   n/a   1   27  1.01M    4    4  50%  81.9M    n/a  n/a
   2   5b |   7 1.0    0      0    0    0   0%    10M |   n/a   n/a   1    0      0    0    0   0%  81.9M    n/a  n/a
   3   5c |   7 1.0   12   5.2M   91  266  74%    10M |  99.9   n/a   1   27  2.00M   10   13  56%  81.9M    n/a  n/a
   3   5d |   7 1.0   12   4.9M   81  275  77%    10M |  99.9   n/a   1   27  1.00M    5    7  58%  81.9M    n/a  n/a
   3   5e |   7 1.0   12   5.4M   89  261  74%    10M |  99.9   n/a   1   27  1.60M    8    5  38%  81.9M    n/a  n/a
   3   5f |   7 1.0   12   4.8M   81  273  77%    10M |  99.9   ovl   1   27  1.61M    8    5  38%  81.9M  -759n  n/a
   3   60 |   7 1.0   12   4.7M   75  305  80%    10M |  99.9   n/a   1   27   414k    2    5  71%  81.9M    n/a  n/a
   3   61 |   7 1.0   12   4.8M   74  293  79%    10M |  99.9   n/a   1   27  2.61M   13   12  48%  81.9M    n/a  n/a
   3   62 |   7 1.0   12   4.8M   80  271  77%    10M |  99.9   ovl   1   27  1.59M    8    9  52%  81.9M   239n  n/a
   3   63 |   7 1.0    0      0    0    0   0%    10M |   n/a   n/a   1    0      0    0    0   0%  81.9M    n/a  n/a
   4   64 |   7 1.0   14   4.4M  138  641  82%    10M |  99.9   ovl   1   27   777k   10   17  62%  81.9M   369n  n/a
   4   65 |   7 1.0   14   4.9M  143  510  78%    10M |  99.9   ovl   1   27  1.35M   19   16  45%  81.9M  -340n  n/a
   4   66 |   7 1.0   14   4.4M  138  674  83%    10M |  99.9   n/a   1   27   493k    6   18  75%  81.9M    n/a  n/a
   4   67 |   7 1.0   14   4.9M  150  516  77%    10M |  99.9   ovl   1   27  1.04M   13   11  45%  81.9M  -407n  n/a
   4   68 |   7 1.0   14   4.4M  140  638  82%    10M |  99.9   ovl   1   27   891k   11   17  60%  81.9M  -189n  n/a
   4   69 |   7 1.0   14   5.0M  162  536  76%    10M |  99.9   ovl   1   27  1.46M   19   11  36%  81.9M  -524n  n/a
   4   6a |   7 1.0   14   4.5M  154  624  80%    10M |  99.9   ovl   1   27  1.55M   20   12  37%  81.9M  -206n  n/a
   4   6b |   7 1.0   14   4.9M  147  532  78%    10M |  99.9   ovl   1   27  1.49M   19   17  47%  81.9M  -429n  n/a

          |--------------------DL---------------------|-------------------------------UL-----------------------------
 pci rnti | cqi  ri  mcs  brate   ok  nok  (%)  dl_bs | pusch  rsrp  ri  mcs  brate   ok  nok  (%)    bsr     ta  phr
   0   44 |   7 1.0   14   5.3M  148  611  80%    10M |  99.9   ovl   1   27  1.73M   19   11  36%  81.9M  -858n  n/a
   0   45 |   7 1.0   14   5.9M  169  506  74%    10M |  99.9   ovl   1   27  1.80M   19   10  34%  81.9M  -297n  n/a
   0   46 |   7 1.0   14   5.6M  150  585  79%    10M |  99.9   ovl   1   27  2.02M   22   13  37%  81.9M  -345n  n/a
   0   47 |   7 1.0   14   6.5M  181  446  71%    10M |  99.9   ovl   1   27  2.07M   22   17  43%  81.9M   114n  n/a
   0   48 |   7 1.0   14   5.8M  163  531  76%    10M |  99.9   ovl   1   27  2.12M   22   11  33%  81.9M   155n  n/a
   0   49 |   7 1.0   14   6.2M  178  517  74%    10M |  99.9   ovl   1   27  2.17M   23    9  28%  81.9M  -572n  n/a
   0   4a |   7 1.0   14   5.3M  151  593  79%    10M |  99.9   ovl   1   27  1.88M   21   15  41%  81.9M  -721n  n/a
   0   4b |   7 1.0   14   6.2M  181  539  74%    10M |  99.9   ovl   1   27  1.75M   20   15  42%  81.9M  -837n  n/a
   1   4c |   7 1.0   12   8.4M   95  257  73%    10M |  99.9   n/a   1   27  3.53M   14    7  33%  81.9M    n/a  n/a
   1   4d |   7 1.0   12   8.6M  103  223  68%    10M |  99.9   ovl   1   27  3.05M   12    7  36%  81.9M  -484n  n/a
   1   4e |   7 1.0   12   8.4M  104  230  68%    10M |  99.9   ovl   1   27  3.07M   12    9  42%  81.9M  -431n  n/a
   1   4f |   7 1.0   12   8.7M  111  216  66%    10M |  99.9   ovl   1   27  3.53M   14    7  33%  81.9M   107n  n/a
   1   50 |   7 1.0   12   9.1M  111  218  66%    10M |  99.9   ovl   1   27  3.06M   12    6  33%  81.9M   112n  n/a
   1   51 |   7 1.0   12   8.8M  100  254  71%    10M |  99.9   ovl   1   27  3.04M   12    5  29%  81.9M   428n  n/a
   1   52 |   7 1.0   12   8.4M  102  262  71%    10M |  99.9   ovl   1   27  3.05M   12    6  33%  81.9M  -157n  n/a
   1   53 |   7 1.0    0      0    0    0   0%    10M |   n/a   n/a   1    0      0    0    0   0%  81.9M    n/a  n/a
   2   54 |   7 1.0   12   3.4M   44  537  92%    10M |  99.9   ovl   1   27  1.50M    6    7  53%  81.9M   846n  n/a
   2   55 |   7 1.0   12   3.6M   47  541  92%    10M |   n/a   n/a   1   27      0    0   12 100%  81.9M    n/a  n/a
   2   56 |   7 1.0   12   3.4M   42  544  92%    10M |  99.9   n/a   1   27   508k    2    5  71%  81.9M    n/a  n/a
   2   57 |   7 1.0   12   3.3M   40  515  92%    10M |  99.9   n/a   1   27   512k    2   10  83%  81.9M    n/a  n/a
   2   58 |   7 1.0   12   3.7M   52  585  91%    10M |  99.9   n/a   1   27   512k    2   10  83%  81.9M    n/a  n/a
   2   59 |   7 1.0   12   3.4M   39  556  93%    10M |  99.9   n/a   1   27  1.26M    5   10  66%  81.9M    n/a  n/a
   2   5a |   7 1.0   12   3.8M   45  516  91%    10M |  99.9   ovl   1   27   754k    3    6  66%  81.9M    64n  n/a
   2   5b |   7 1.0    0      0    0    0   0%    10M |   n/a   n/a   1    0      0    0    0   0%  81.9M    n/a  n/a
   3   5c |   7 1.0   12   4.0M   79  276  77%    10M |  99.9   ovl   1   27  1.78M    9    7  43%  81.9M  -179n  n/a
   3   5d |   7 1.0   12   4.0M   71  242  77%    10M |  99.9   n/a   1   27  1.40M    7   12  63%  81.9M    n/a  n/a
   3   5e |   7 1.0   12   4.0M   78  293  78%    10M |  99.9   n/a   1   27   598k    3    4  57%  81.9M    n/a  n/a
   3   5f |   7 1.0   12   3.9M   78  267  77%    10M |  99.9   ovl   1   27  1.61M    8    6  42%  81.9M  -759n  n/a
   3   60 |   7 1.0   12   3.9M   75  308  80%    10M |  99.9   ovl   1   27  1.21M    6   14  70%  81.9M  -759n  n/a
   3   61 |   7 1.0   12   3.9M   75  305  80%    10M |  99.9   ovl   1   27  1.01M    5    4  44%  81.9M  -759n  n/a
   3   62 |   7 1.0   12   4.3M   73  290  79%    10M |  99.9   n/a   1   27  1.57M    8   11  57%  81.9M    n/a  n/a
   3   63 |   7 1.0    0      0    0    0   0%    10M |   n/a   n/a   1    0      0    0    0   0%  81.9M    n/a  n/a
   4   64 |   7 1.0   14   5.4M  169  559  76%    10M |  99.9   ovl   1   27  1.10M   15   13  46%  81.9M  -457n  n/a
   4   65 |   7 1.0   14   4.9M  147  597  80%    10M |  99.9   ovl   1   27  2.05M   26   12  31%  81.9M  -600n  n/a
   4   66 |   7 1.0   14   5.6M  179  524  74%    10M |  99.9   ovl   1   27  1.55M   21   15  41%  81.9M  -179n  n/a
   4   67 |   7 1.0   14   5.1M  147  595  80%    10M |  99.9   ovl   1   27  1.10M   13   15  53%  81.9M    47n  n/a
   4   68 |   7 1.0   14   5.2M  159  566  78%    10M |  99.9   ovl   1   27  1.80M   22   12  35%  81.9M  -324n  n/a
   4   69 |   7 1.0   14   5.0M  157  522  76%    10M |  99.9   ovl   1   27  1.43M   17   16  48%  81.9M  -458n  n/a
   4   6a |   7 1.0   14   5.6M  191  543  73%    10M |  99.9   ovl   1   27  1.45M   18   13  41%  81.9M  -440n  n/a
   4   6b |   7 1.0   14   5.0M  151  561  78%    10M |  99.9   ovl   1   27  1.27M   16   12  42%  81.9M  -445n  n/a
   0   44 |   7 1.0   14   6.2M  188  576  75%    10M |  99.9   ovl   1   27  1.61M   18   15  45%  81.9M  -607n  n/a
   0   45 |   7 1.0   14   6.1M  159  565  78%    10M |  99.9   ovl   1   27  1.86M   22   14  38%  81.9M  -801n  n/a
   0   46 |   7 1.0   14   6.2M  172  591  77%    10M |  99.9   ovl   1   27  2.43M   28    7  20%  81.9M  -398n  n/a
   0   47 |   7 1.0   14   6.1M  169  539  76%    10M |  99.9   ovl   1   27  1.85M   21   14  40%  81.9M  -439n  n/a
   0   48 |   7 1.0   14   6.1M  179  572  76%    10M |  99.9   ovl   1   27  1.34M   15   17  53%  81.9M  -240n  n/a
   0   49 |   7 1.0   14   6.2M  171  528  75%    10M |  99.9   n/a   1   27  2.02M   22   13  37%  81.9M    n/a  n/a
   0   4a |   7 1.0   14   6.3M  179  578  76%    10M |  99.9   ovl   1   27  1.85M   20   13  39%  81.9M  -531n  n/a
   0   4b |   7 1.0   14   6.5M  176  531  75%    10M |  99.9   ovl   1   27  1.91M   22   12  35%  81.9M  -134n  n/a
   1   4c |   7 1.0   13   6.5M   74  259  77%    10M |  99.9   n/a   1   27  1.01M    4    5  55%  81.9M    n/a  n/a
   1   4d |   7 1.0   13   6.4M   76  300  79%    10M |  99.9   n/a   1   27  1.53M    6    9  60%  81.9M    n/a  n/a
   1   4e |   7 1.0   13   6.9M   82  258  75%    10M |  99.9   n/a   1   27  2.01M    8   13  61%  81.9M    n/a  n/a
   1   4f |   7 1.0   13   7.0M   82  266  76%    10M |  99.9   n/a   1   27  1.02M    4    8  66%  81.9M    n/a  n/a
   1   50 |   7 1.0   13   6.8M   80  295  78%    10M |  99.9   ovl   1   27  2.79M   11    7  38%  81.9M   257n  n/a
   1   51 |   7 1.0   13   7.1M   86  272  75%    10M |  99.9   ovl   1   27  2.52M   10    7  41%  81.9M  -968n  n/a
   1   52 |   7 1.0   13   7.3M   83  281  77%    10M |  99.9   n/a   1   27  2.28M    9   10  52%  81.9M    n/a  n/a
   1   53 |   7 1.0    0      0    0    0   0%    10M |   n/a   n/a   1    0      0    0    0   0%  81.9M    n/a  n/a
   2   54 |   7 1.0   12   5.7M   78  502  86%    10M |   n/a   n/a   1   27      0    0    8 100%  81.9M    n/a  n/a
   2   55 |   7 1.0   12   5.9M   76  370  82%    10M |  99.9   ovl   1   27  1.78M    7    8  53%  81.9M    64n  n/a
   2   56 |   7 1.0   12   5.4M   74  444  85%    10M |  99.9   n/a   1   27   492k    2   11  84%  81.9M    n/a  n/a
   2   57 |   7 1.0   12   5.3M   78  425  84%    10M |  99.9   n/a   1   27  1.02M    4    8  66%  81.9M    n/a  n/a
   2   58 |   7 1.0   12   5.6M   78  411  84%    10M |  99.9   n/a   1   27  2.25M    9   14  60%  81.9M    n/a  n/a
   2   59 |   7 1.0   12   5.8M   75  398  84%    10M |  99.9   n/a   1   27   262k    1    4  80%  81.9M    n/a  n/a
   2   5a |   7 1.0   12   5.3M   67  485  87%    10M |  99.9   n/a   1   27  2.02M    8    7  46%  81.9M    n/a  n/a
   2   5b |   7 1.0    0      0    0    0   0%    10M |   n/a   n/a   1    0      0    0    0   0%  81.9M    n/a  n/a
   3   5c |   7 1.0   12   4.6M   78  342  81%    10M |  99.9   ovl   1   27   197k    1    4  80%  81.9M   699n  n/a
   3   5d |   7 1.0   12   4.4M   74  331  81%    10M |  99.9   n/a   1   27  1.20M    6    9  60%  81.9M    n/a  n/a
   3   5e |   7 1.0   12   4.3M   74  330  81%    10M |  99.9   n/a   1   27  2.00M   10   14  58%  81.9M    n/a  n/a
   3   5f |   7 1.0   12   4.4M   72  294  80%    10M |  99.9   ovl   1   27   603k    3    6  66%  81.9M  -759n  n/a
   3   60 |   7 1.0   12   4.6M   72  375  83%    10M |  99.9   ovl   1   27  2.20M   11    8  42%  81.9M  -759n  n/a
   3   61 |   7 1.0   12   4.8M   75  286  79%    10M |  99.9   n/a   1   27   414k    2   13  86%  81.9M    n/a  n/a
   3   62 |   7 1.0   12   5.1M   83  296  78%    10M |  99.9   n/a   1   27   783k    4    6  60%  81.9M    n/a  n/a
   3   63 |   7 1.0    0      0    0    0   0%    10M |   n/a   n/a   1    0      0    0    0   0%  81.9M    n/a  n/a
   4   64 |   7 1.0   15   6.1M  187  559  74%    10M |  99.9   ovl   1   27  1.90M   24   10  29%  81.9M  -804n  n/a
   4   65 |   7 1.0   14   5.6M  166  539  76%    10M |  99.9   ovl   1   27  1.67M   20   10  33%  81.9M    -1u  n/a
   4   66 |   7 1.0   14   6.3M  190  526  73%    10M |  99.9   ovl   1   27  1.70M   21   14  40%  81.9M  -157n  n/a
   4   67 |   7 1.0   14   5.4M  160  579  78%    10M |  99.9   ovl   1   27  1.55M   18   11  37%  81.9M  -932n  n/a
   4   68 |   7 1.0   14   5.8M  178  518  74%    10M |  99.9   ovl   1   27  2.28M   29   10  25%  81.9M  -848n  n/a
   4   69 |   7 1.0   14   5.5M  160  549  77%    10M |  99.9   ovl   1   27  2.02M   27   15  35%  81.9M   -57n  n/a
   4   6a |   7 1.0   15   5.7M  174  594  77%    10M |  99.9   ovl   1   27  1.54M   20   10  33%  81.9M  -516n  n/a
   4   6b |   7 1.0   14   5.5M  159  523  76%    10M |  99.9   ovl   1   27  1.52M   22   10  31%  81.9M  -422n  n/a
   0   44 |   7 1.0   15   6.1M  157  608  79%    10M |  99.9   ovl   1   27  1.47M   17   12  41%  81.9M   313n  n/a
   0   45 |   7 1.0   14   5.9M  159  575  78%    10M |  99.9   ovl   1   27  2.32M   26    9  25%  81.9M  -975n  n/a
   0   46 |   7 1.0   14   6.5M  186  546  74%    10M |  99.9   ovl   1   27  2.12M   25    8  24%  81.9M  -642n  n/a
   0   47 |   7 1.0   14   5.8M  146  573  79%    10M |  99.9   n/a   1   27  1.51M   16   10  38%  81.9M    n/a  n/a
   0   48 |   7 1.0   14   6.5M  180  534  74%    10M |  99.9   ovl   1   27  2.18M   25   13  34%  81.9M  -715n  n/a
   0   49 |   7 1.0   14   5.9M  154  549  78%    10M |  99.9   ovl   1   27  2.01M   23    7  23%  81.9M   -51n  n/a
   0   4a |   7 1.0   14   6.8M  187  462  71%    10M |  99.9   ovl   1   27  2.12M   23    9  28%  81.9M  -627n  n/a
   0   4b |   7 1.0   14   5.8M  172  600  77%    10M |  99.9   ovl   1   27  2.52M   27    8  22%  81.9M  -551n  n/a

          |--------------------DL---------------------|-------------------------------UL-----------------------------
 pci rnti | cqi  ri  mcs  brate   ok  nok  (%)  dl_bs | pusch  rsrp  ri  mcs  brate   ok  nok  (%)    bsr     ta  phr
   1   4c |   7 1.0   13   8.5M   89  206  69%    10M |  99.9   n/a   1   27  4.03M   16   14  46%  81.9M    n/a  n/a
   1   4d |   7 1.0   13   8.1M   89  188  67%    10M |  99.9   n/a   1   27  2.78M   11    7  38%  81.9M    n/a  n/a
   1   4e |   7 1.0   13   9.1M  105  181  63%    10M |  99.9   ovl   1   27  3.02M   12    9  42%  81.9M   258n  n/a
   1   4f |   7 1.0   13   8.2M  104  252  70%    10M |  99.9   ovl   1   27  3.54M   14    3  17%  81.9M   171n  n/a
   1   50 |   7 1.0   13   8.3M   96  223  69%    10M |  99.9   ovl   1   27  2.51M   10    4  28%  81.9M   293n  n/a
   1   51 |   7 1.0   13   8.6M   95  204  68%    10M |  99.9   n/a   1   27  2.54M   10    7  41%  81.9M    n/a  n/a
   1   52 |   7 1.0   13   8.6M   99  238  70%    10M |  99.9   ovl   1   27  4.07M   16   10  38%  81.9M   112n  n/a
   1   53 |   7 1.0    0      0    0    0   0%    10M |   n/a   n/a   1    0      0    0    0   0%  81.9M    n/a  n/a
   2   54 |   7 1.0   12   6.0M   78  437  84%    10M |  99.9   n/a   1   27  1.50M    6    9  60%  81.9M    n/a  n/a
   2   55 |   7 1.0   12   5.7M   71  432  85%    10M |  99.9   n/a   1   27   246k    1   10  90%  81.9M    n/a  n/a
   2   56 |   7 1.0   12   5.2M   57  493  89%    10M |  99.9   n/a   1   27  1.51M    6    8  57%  81.9M    n/a  n/a
   2   57 |   7 1.0   12   5.5M   65  465  87%    10M |  99.9   n/a   1   27  1.00M    4   10  71%  81.9M    n/a  n/a
   2   58 |   7 1.0   12   5.4M   58  408  87%    10M |  99.9   n/a   1   27  1.52M    6    7  53%  81.9M    n/a  n/a
   2   59 |   7 1.0   12   5.5M   71  462  86%    10M |  99.9   n/a   1   27  1.50M    6   10  62%  81.9M    n/a  n/a
   2   5a |   7 1.0   12   5.3M   62  436  87%    10M |  99.9   n/a   1   27   500k    2    3  60%  81.9M    n/a  n/a
   2   5b |   7 1.0    0      0    0    0   0%    10M |   n/a   n/a   1    0      0    0    0   0%  81.9M    n/a  n/a
   3   5c |   7 1.0   13   6.3M   93  208  69%    10M |  99.9   n/a   1   27  2.00M   10   11  52%  81.9M    n/a  n/a
   3   5d |   7 1.0   12   5.7M   85  225  72%    10M |  99.9   ovl   1   27  1.59M    8    4  33%  81.9M   699n  n/a
   3   5e |   7 1.0   13   5.2M   81  261  76%    10M |  99.9   n/a   1   27  1.61M    8    6  42%  81.9M    n/a  n/a
   3   5f |   7 1.0   13   5.8M   97  229  70%    10M |  99.9   n/a   1   27  1.80M    9   10  52%  81.9M    n/a  n/a
   3   60 |   7 1.0   13   6.0M   84  208  71%    10M |  99.9   n/a   1   27  1.59M    8    6  42%  81.9M    n/a  n/a
   3   61 |   7 1.0   13   5.7M   85  231  73%    10M |  99.9   n/a   1   27  2.21M   11    9  45%  81.9M    n/a  n/a
   3   62 |   7 1.0   13   5.8M   83  246  74%    10M |  99.9   ovl   1   27  2.21M   11    5  31%  81.9M   515n  n/a
   3   63 |   7 1.0    0      0    0    0   0%    10M |   n/a   n/a   1    0      0    0    0   0%  81.9M    n/a  n/a
   4   64 |   7 1.0   15   7.1M  213  429  66%    10M |  99.9   ovl   1   27  2.57M   34   14  29%  81.9M  -500n  n/a
   4   65 |   7 1.0   15   6.4M  194  495  71%    10M |  99.9   ovl   1   27  2.61M   33   15  31%  81.9M  -418n  n/a
   4   66 |   7 1.0   15   7.3M  227  422  65%    10M |  99.9   ovl   1   27  2.78M   37   13  26%  81.9M  -272n  n/a
   4   67 |   7 1.0   15   6.2M  186  535  74%    10M |  99.9   ovl   1   27  2.32M   32   14  30%  81.9M  -184n  n/a
   4   68 |   7 1.0   15   6.9M  216  477  68%    10M |  99.9   ovl   1   27  2.05M   23   10  30%  81.9M  -570n  n/a
   4   69 |   7 1.0   15   6.8M  186  479  72%    10M |  99.9   ovl   1   27  2.13M   27    9  25%  81.9M  -263n  n/a
   4   6a |   7 1.0   15   7.1M  218  420  65%    10M |  99.9   ovl   1   27  2.14M   26   18  40%  81.9M  -135n  n/a
   4   6b |   7 1.0   14   6.5M  190  519  73%    10M |  99.9   ovl   1   27  2.23M   30   13  30%  81.9M  -551n  n/a
   0   44 |   7 1.0   15   5.4M  150  628  80%    10M |  99.9   ovl   1   27   951k   12   16  57%  81.9M  -872n  n/a
   0   45 |   7 1.0   15   5.3M  126  592  82%    10M |  99.9   n/a   1   27  2.17M   25   16  39%  81.9M    n/a  n/a
   0   46 |   7 1.0   15   5.4M  144  610  80%    10M |  99.9   ovl   1   27  1.70M   19   14  42%  81.9M  -370n  n/a
   0   47 |   7 1.0   15   5.4M  130  538  80%    10M |  99.9   n/a   1   27  1.84M   19   11  36%  81.9M    n/a  n/a
   0   48 |   7 1.0   15   4.9M  127  708  84%    10M |  99.9   n/a   1   27  1.73M   18   15  45%  81.9M    n/a  n/a
   0   49 |   7 1.0   15   5.2M  132  574  81%    10M |  99.9   ovl   1   27  1.34M   16   20  55%  81.9M  -527n  n/a
   0   4a |   7 1.0   15   5.4M  152  601  79%    10M |  99.9   n/a   1   27  1.74M   20   10  33%  81.9M    n/a  n/a
   0   4b |   7 1.0   15   5.2M  127  543  81%    10M |  99.9   n/a   1   27  1.12M   13   15  53%  81.9M    n/a  n/a
   1   4c |   7 1.0   13   9.1M   97  195  66%    10M |  99.9   ovl   1   27  3.04M   12    5  29%  81.9M   106n  n/a
   1   4d |   7 1.0   13   8.4M   95  194  67%    10M |  99.9   ovl   1   27  2.28M    9    5  35%  81.9M   900n  n/a
   1   4e |   7 1.0   13   8.6M   92  180  66%    10M |  99.9   ovl   1   27  3.84M   15    5  25%  81.9M  -538n  n/a
   1   4f |   7 1.0   13   8.6M   95  214  69%    10M |  99.9   ovl   1   27  2.53M   10    6  37%  81.9M   -25n  n/a
   1   50 |   7 1.0   13   8.2M   81  209  72%    10M |  99.9   ovl   1   27  4.33M   17    9  34%  81.9M   112n  n/a
   1   51 |   7 1.0   13   8.5M   93  203  68%    10M |  99.9   ovl   1   27  3.07M   12    8  40%  81.9M  -484n  n/a
   1   52 |   7 1.0   13   8.6M   95  168  63%    10M |  99.9   ovl   1   27  2.28M    9    7  43%  81.9M   655n  n/a
   1   53 |   7 1.0    0      0    0    0   0%    10M |   n/a   n/a   1    0      0    0    0   0%  81.9M    n/a  n/a
   2   54 |   7 1.0   13   6.2M   82  492  85%    10M |  99.9   ovl   1   27  1.25M    5    6  54%  81.9M  -660n  n/a
   2   55 |   7 1.0   13   5.8M   70  402  85%    10M |  99.9   ovl   1   27  2.53M   10    7  41%  81.9M  -660n  n/a
   2   56 |   7 1.0   12   6.6M   92  422  82%    10M |  99.9   n/a   1   27  1.03M    4    5  55%  81.9M    n/a  n/a
   2   57 |   7 1.0   12   5.4M   66  413  86%    10M |  99.9   ovl   1   27  1.78M    7    5  41%  81.9M  -298n  n/a
   2   58 |   7 1.0   13   6.0M   77  398  83%    10M |  99.9   n/a   1   27   246k    1    3  75%  81.9M    n/a  n/a
   2   59 |   7 1.0   13   5.9M   71  447  86%    10M |  99.9   ovl   1   27  1.25M    5    6  54%  81.9M    74n  n/a
   2   5a |   7 1.0   12   5.8M   80  436  84%    10M |  99.9   ovl   1   27  1.50M    6   10  62%  81.9M  -660n  n/a
   2   5b |   7 1.0    0      0    0    0   0%    10M |   n/a   n/a   1    0      0    0    0   0%  81.9M    n/a  n/a
   3   5c |   7 1.0   13   6.9M  104  220  67%    10M |  99.9   n/a   1   27  2.60M   13    4  23%  81.9M    n/a  n/a
   3   5d |   7 1.0   13   6.5M   94  241  71%    10M |  99.9   ovl   1   27  3.01M   15    4  21%  81.9M  -759n  n/a
   3   5e |   7 1.0   13   6.4M   94  230  70%    10M |  99.9   ovl   1   27  1.61M    8    9  52%  81.9M   332n  n/a
   3   5f |   7 1.0   13   6.6M   96  249  72%    10M |  99.9   ovl   1   27  1.60M    8    7  46%  81.9M  -214n  n/a
   3   60 |   7 1.0   13   6.5M   88  227  72%    10M |  99.9   n/a   1   27  2.62M   13    8  38%  81.9M    n/a  n/a
   3   61 |   7 1.0   13   6.2M   94  253  72%    10M |  99.9   n/a   1   27  1.81M    9    5  35%  81.9M    n/a  n/a
   3   62 |   7 1.0   13   6.2M   95  296  75%    10M |  99.9   ovl   1   27  1.81M    9    8  47%  81.9M   332n  n/a
   3   63 |   7 1.0    0      0    0    0   0%    10M |   n/a   n/a   1    0      0    0    0   0%  81.9M    n/a  n/a
   4   64 |   7 1.0   15   4.6M  156  704  81%    10M |  99.9   ovl   1   27  1.79M   22   15  40%  81.9M  -551n  n/a
   4   65 |   7 1.0   15   5.2M  157  570  78%    10M |  99.9   ovl   1   27  1.23M   14   18  56%  81.9M  -251n  n/a
   4   66 |   7 1.0   15   4.8M  145  595  80%    10M |  99.9   ovl   1   27  1.36M   17   16  48%  81.9M  -175n  n/a
   4   67 |   7 1.0   15   5.3M  142  510  78%    10M |  99.9   ovl   1   27  1.43M   17   16  48%  81.9M  -140n  n/a
   4   68 |   7 1.0   15   5.3M  164  538  76%    10M |  99.9   ovl   1   27  1.76M   23   11  32%  81.9M   -82n  n/a
   4   69 |   7 1.0   15   5.0M  145  582  80%    10M |  99.9   ovl   1   27  1.15M   13   17  56%  81.9M    -1u  n/a
   4   6a |   7 1.0   15   5.4M  167  587  77%    10M |  99.9   ovl   1   27  1.51M   18   12  40%  81.9M  -216n  n/a
   4   6b |   7 1.0   15   5.0M  140  535  79%    10M |  99.9   ovl   1   27  1.25M   16   19  54%  81.9M  -539n  n/a
   0   44 |   7 1.0   15   5.6M  148  529  78%    10M |  99.9   ovl   1   27  1.68M   20   17  45%  81.9M  -136n  n/a
   0   45 |   7 1.0   15   5.0M  116  577  83%    10M |  99.9   ovl   1   27  1.33M   16   13  44%  81.9M  -186n  n/a
   0   46 |   7 1.0   15   5.2M  142  695  83%    10M |  99.9   ovl   1   27  1.30M   15   15  50%  81.9M  -651n  n/a
   0   47 |   7 1.0   15   5.3M  127  560  81%    10M |  99.9   ovl   1   27  1.43M   16    9  36%  81.9M  -961n  n/a
   0   48 |   7 1.0   15   5.6M  151  609  80%    10M |  99.9   ovl   1   27   938k   11   12  52%  81.9M  -730n  n/a
   0   49 |   7 1.0   15   4.9M  120  598  83%    10M |  99.9   ovl   1   27  1.03M   12   10  45%  81.9M   329n  n/a
   0   4a |   7 1.0   15   5.0M  131  648  83%    10M |  99.9   ovl   1   27  1.06M   14   14  50%  81.9M  -626n  n/a
   0   4b |   7 1.0   15   5.1M  131  638  82%    10M |  99.9   ovl   1   27  1.01M   12   15  55%  81.9M  -602n  n/a
   1   4c |   7 1.0   13   8.6M   98  204  67%    10M |  99.9   ovl   1   27  3.03M   12    3  20%  81.9M    -6n  n/a
   1   4d |   7 1.0   13   8.2M   97  228  70%    10M |  99.9   ovl   1   27  4.30M   17   11  39%  81.9M   900n  n/a
   1   4e |   7 1.0   13   8.7M   91  188  67%    10M |  99.9   ovl   1   27  2.50M   10    3  23%  81.9M   446n  n/a
   1   4f |   7 1.0   13   9.2M  106  209  66%    10M |  99.9   ovl   1   27  4.04M   16   11  40%  81.9M   655n  n/a
   1   50 |   7 1.0   13   9.3M  104  192  64%    10M |  99.9   n/a   1   27  2.52M   10    8  44%  81.9M    n/a  n/a
   1   51 |   7 1.0   13   8.5M   94  177  65%    10M |  99.9   ovl   1   27  3.03M   12    4  25%  81.9M   409n  n/a
   1   52 |   7 1.0   13   9.1M   98  179  64%    10M |  99.9   ovl   1   27  3.27M   13    6  31%  81.9M   206n  n/a
   1   53 |   7 1.0    0      0    0    0   0%    10M |   n/a   n/a   1    0      0    0    0   0%  81.9M    n/a  n/a

          |--------------------DL---------------------|-------------------------------UL-----------------------------
 pci rnti | cqi  ri  mcs  brate   ok  nok  (%)  dl_bs | pusch  rsrp  ri  mcs  brate   ok  nok  (%)    bsr     ta  phr
   2   54 |   7 1.0   13   5.5M   63  447  87%    10M |  99.9   ovl   1   27  1.55M    6    9  60%  81.9M  -660n  n/a
   2   55 |   7 1.0   13   5.3M   68  449  86%    10M |  99.9   n/a   1   27  1.01M    4   10  71%  81.9M    n/a  n/a
   2   56 |   7 1.0   13   5.9M   72  414  85%    10M |  99.9   ovl   1   27  2.27M    9    7  43%  81.9M  -149n  n/a
   2   57 |   7 1.0   13   5.9M   74  429  85%    10M |  99.9   n/a   1   27  2.26M    9   10  52%  81.9M    n/a  n/a
   2   58 |   7 1.0   13   5.3M   65  476  87%    10M |  99.9   n/a   1   27  2.26M    9   11  55%  81.9M    n/a  n/a
   2   59 |   7 1.0   13   5.4M   72  430  85%    10M |  99.9   n/a   1   27  1.78M    7    8  53%  81.9M    n/a  n/a
   2   5a |   7 1.0   13   5.8M   67  474  87%    10M |  99.9   ovl   1   27   746k    3    4  57%  81.9M    75n  n/a
   2   5b |   7 1.0    0      0    0    0   0%    10M |   n/a   n/a   1    0      0    0    0   0%  81.9M    n/a  n/a
   3   5c |   7 1.0   13   7.0M  100  184  64%    10M |  99.9   ovl   1   27  2.79M   14    8  36%  81.9M   515n  n/a
   3   5d |   7 1.0   13   6.8M   93  226  70%    10M |  99.9   ovl   1   27  2.20M   11    3  21%  81.9M   147n  n/a
   3   5e |   7 1.0   13   6.8M  103  234  69%    10M |  99.9   ovl   1   27  2.78M   14   10  41%  81.9M  -202n  n/a
   3   5f |   7 1.0   13   6.5M   96  267  73%    10M |  99.9   ovl   1   27  2.00M   10    7  41%  81.9M  -214n  n/a
   3   60 |   7 1.0   13   7.2M  101  188  65%    10M |  99.9   n/a   1   27  2.21M   11    7  38%  81.9M    n/a  n/a
   3   61 |   7 1.0   13   6.3M   87  257  74%    10M |  99.9   ovl   1   27  3.80M   19    9  32%  81.9M   332n  n/a
   3   62 |   7 1.0   13   7.1M   93  202  68%    10M |  99.9   ovl   1   27  2.00M   10    3  23%  81.9M   151n  n/a
   3   63 |   7 1.0    0      0    0    0   0%    10M |   n/a   n/a   1    0      0    0    0   0%  81.9M    n/a  n/a
   4   64 |   7 1.0   16   7.8M  219  434  66%    10M |  99.9   ovl   1   27  2.18M   29    8  21%  81.9M  -358n  n/a
   4   65 |   7 1.0   15   7.7M  221  398  64%    10M |  99.9   ovl   1   27  2.45M   29    5  14%  81.9M  -699n  n/a
   4   66 |   7 1.0   16   7.8M  212  496  70%    10M |  99.9   ovl   1   27  2.67M   33    8  19%  81.9M  -381n  n/a
   4   67 |   7 1.0   15   7.2M  199  419  67%    10M |  99.9   ovl   1   27  2.28M   30    6  16%  81.9M    -8n  n/a
   4   68 |   7 1.0   16   8.0M  227  406  64%    10M |  99.9   ovl   1   27  2.49M   31   12  27%  81.9M  -588n  n/a
   4   69 |   7 1.0   15   7.3M  204  457  69%    10M |  99.9   ovl   1   27  2.42M   31    8  20%  81.9M  -218n  n/a
   4   6a |   7 1.0   16   7.5M  223  466  67%    10M |  99.9   ovl   1   27  2.50M   31    6  16%  81.9M    24n  n/a
   4   6b |   7 1.0   15   7.5M  219  467  68%    10M |  99.9   ovl   1   27  2.51M   34    7  17%  81.9M  -413n  n/a
   0   44 |   7 1.0   15   4.7M  128  719  84%    10M |  99.9   n/a   1   27  1.23M   14   14  50%  81.9M    n/a  n/a
   0   45 |   7 1.0   15   4.6M  114  607  84%    10M |  99.9   n/a   1   27   879k   10   11  52%  81.9M    n/a  n/a
   0   46 |   7 1.0   15   4.9M  133  659  83%    10M |  99.9   n/a   1   27  1.65M   17   10  37%  81.9M    n/a  n/a
   0   47 |   7 1.0   15   4.4M  109  598  84%    10M |  99.9   n/a   1   27  1.47M   15   11  42%  81.9M    n/a  n/a
   0   48 |   7 1.0   15   4.8M  132  601  81%    10M |  99.9   n/a   1   27   580k    7   13  65%  81.9M    n/a  n/a
   0   49 |   7 1.0   15   4.8M  113  603  84%    10M |  99.9   ovl   1   27  1.63M   17    6  26%  81.9M    -1u  n/a
   0   4a |   7 1.0   15   4.4M  120  631  84%    10M |  99.9   ovl   1   27  1.76M   19    7  26%  81.9M  -651n  n/a
   0   4b |   7 1.0   15   4.7M  128  587  82%    10M |  99.9   n/a   1   27  1.70M   19   10  34%  81.9M    n/a  n/a
   1   4c |   7 1.0   13   4.8M   71  382  84%    10M |  99.9   ovl   1   27  1.29M    5    4  44%  81.9M  -968n  n/a
   1   4d |   7 1.0   13   5.0M   62  338  84%    10M |  99.9   ovl   1   27  1.53M    6    8  57%  81.9M  -968n  n/a
   1   4e |   7 1.0   13   4.9M   64  355  84%    10M |  99.9   n/a   1   27  1.82M    7    6  46%  81.9M    n/a  n/a
   1   4f |   7 1.0   13   5.2M   62  339  84%    10M |  99.9   ovl   1   27  1.01M    4    5  55%  81.9M  -968n  n/a
   1   50 |   7 1.0   13   5.6M   72  340  82%    10M |  99.9   n/a   1   27  1.02M    4    9  69%  81.9M    n/a  n/a
   1   51 |   7 1.0   13   5.1M   72  347  82%    10M |  99.9   n/a   1   27  1.29M    5   10  66%  81.9M    n/a  n/a
   1   52 |   7 1.0   13   4.9M   64  334  83%    10M |  99.9   ovl   1   27  2.30M    9    9  50%  81.9M   106n  n/a
   1   53 |   7 1.0    0      0    0    0   0%    10M |   n/a   n/a   1    0      0    0    0   0%  81.9M    n/a  n/a
   2   54 |   7 1.0   13   8.8M   89  238  72%    10M |  99.9   ovl   1   27  3.78M   15    8  34%  81.9M   283n  n/a
   2   55 |   7 1.0   13   9.5M  104  203  66%    10M |  99.9   ovl   1   27  2.53M   10    4  28%  81.9M   149n  n/a
   2   56 |   7 1.0   13   9.3M   94  281  74%    10M |  99.9   ovl   1   27  3.27M   13    5  27%  81.9M  -292n  n/a
   2   57 |   7 1.0   13   9.5M  102  219  68%    10M |  99.9   ovl   1   27  3.32M   13    7  35%  81.9M    15n  n/a
   2   58 |   7 1.0   13   9.5M   97  264  73%    10M |  99.9   ovl   1   27  3.01M   12    5  29%  81.9M    41n  n/a
   2   59 |   7 1.0   13   9.5M  107  250  70%    10M |  99.9   ovl   1   27  4.06M   16    6  27%  81.9M   -39n  n/a
   2   5a |   7 1.0   13    10M  113  258  69%    10M |  99.9   ovl   1   27  2.28M    9    4  30%  81.9M   427n  n/a
   2   5b |   7 1.0    0      0    0    0   0%    10M |   n/a   n/a   1    0      0    0    0   0%  81.9M    n/a  n/a
   3   5c |   7 1.0   13   5.9M   79  231  74%    10M |  99.9   ovl   1   27  1.99M   10    7  41%  81.9M     6n  n/a
   3   5d |   7 1.0   13   6.5M   93  207  69%    10M |  99.9   ovl   1   27  2.20M   11    5  31%  81.9M   124n  n/a
   3   5e |   7 1.0   13   5.9M   86  247  74%    10M |  99.9   n/a   1   27  2.81M   14    6  30%  81.9M    n/a  n/a
   3   5f |   7 1.0   13   6.0M   89  253  73%    10M |  99.9   n/a   1   27  1.60M    8    5  38%  81.9M    n/a  n/a
   3   60 |   7 1.0   13   6.2M   98  216  68%    10M |  99.9   ovl   1   27  1.99M   10    8  44%  81.9M   332n  n/a
   3   61 |   7 1.0   13   6.2M   93  250  72%    10M |  99.9   ovl   1   27  1.61M    8    5  38%  81.9M  -490n  n/a
   3   62 |   7 1.0   13   6.5M   92  224  70%    10M |  99.9   ovl   1   27  1.80M    9    8  47%  81.9M   512n  n/a
   3   63 |   7 1.0    0      0    0    0   0%    10M |   n/a   n/a   1    0      0    0    0   0%  81.9M    n/a  n/a
   4   64 |   7 1.0   16   3.8M  109  685  86%    10M |  99.9   n/a   1   27   898k   10   17  62%  81.9M    n/a  n/a
   4   65 |   7 1.0   15   3.7M  100  629  86%    10M |  99.9   n/a   1   27   679k    9   17  65%  81.9M    n/a  n/a
   4   66 |   7 1.0   16   3.9M  115  681  85%    10M |  99.9   n/a   1   27   707k    9   18  66%  81.9M    n/a  n/a
   4   67 |   7 1.0   15   3.7M  102  717  87%    10M |  99.9   n/a   1   27  1.03M   12   13  52%  81.9M    n/a  n/a
   4   68 |   7 1.0   16   3.9M   97  679  87%    10M |  99.9   n/a   1   27   856k   11   15  57%  81.9M    n/a  n/a
   4   69 |   7 1.0   15   3.7M  103  667  86%    10M |  99.9   ovl   1   27   997k   13   17  56%  81.9M  -543n  n/a
   4   6a |   7 1.0   16   3.5M   99  790  88%    10M |  99.9   ovl   1   27   884k   12   17  58%  81.9M  -548n  n/a
   4   6b |   7 1.0   15   3.7M   96  634  86%    10M |  99.9   n/a   1   27   765k   10   18  64%  81.9M    n/a  n/a
   0   44 |   7 1.0   16   8.5M  207  493  70%    10M |  99.9   ovl   1   27  2.89M   34    6  15%  81.9M  -461n  n/a
   0   45 |   7 1.0   15   8.6M  211  439  67%    10M |  99.9   ovl   1   27  2.97M   34    7  17%  81.9M  -361n  n/a
   0   46 |   7 1.0   15   8.9M  212  473  69%    10M |  99.9   ovl   1   27  2.40M   26    6  18%  81.9M  -656n  n/a
   0   47 |   7 1.0   15   8.4M  202  453  69%    10M |  99.9   ovl   1   27  3.27M   36    7  16%  81.9M  -354n  n/a
   0   48 |   7 1.0   15   9.1M  227  426  65%    10M |  99.9   ovl   1   27  3.01M   33    7  17%  81.9M  -376n  n/a
   0   49 |   7 1.0   15   8.7M  205  484  70%    10M |  99.9   ovl   1   27  2.90M   32   11  25%  81.9M  -572n  n/a
   0   4a |   7 1.0   15   8.7M  218  446  67%    10M |  99.9   ovl   1   27  2.72M   31   11  26%  81.9M  -481n  n/a
   0   4b |   7 1.0   15   8.4M  210  462  68%    10M |  99.9   ovl   1   27  3.94M   42    8  16%  81.9M  -563n  n/a
   1   4c |   7 1.0   13   5.8M   85  332  79%    10M |  99.9   ovl   1   27  1.52M    6    5  45%  81.9M   408n  n/a
   1   4d |   7 1.0   13   5.1M   63  358  85%    10M |  99.9   n/a   1   27  1.25M    5    9  64%  81.9M    n/a  n/a
   1   4e |   7 1.0   13   5.0M   60  343  85%    10M |  99.9   n/a   1   27   512k    2    4  66%  81.9M    n/a  n/a
   1   4f |   7 1.0   13   5.0M   65  369  85%    10M |  99.9   n/a   1   27  1.76M    7    5  41%  81.9M    n/a  n/a
   1   50 |   7 1.0   13   5.1M   71  369  83%    10M |  99.9   ovl   1   27  1.52M    6    5  45%  81.9M  -968n  n/a
   1   51 |   7 1.0   13   4.9M   62  379  85%    10M |  99.9   ovl   1   27  2.01M    8    7  46%  81.9M   106n  n/a
   1   52 |   7 1.0   13   5.6M   78  401  83%    10M |  99.9   n/a   1   27   496k    2   10  83%  81.9M    n/a  n/a
   1   53 |   7 1.0    0      0    0    0   0%    10M |   n/a   n/a   1    0      0    0    0   0%  81.9M    n/a  n/a
   2   54 |   7 1.0   13   4.6M   57  483  89%    10M |  99.9   n/a   1   27   512k    2    7  77%  81.9M    n/a  n/a
   2   55 |   7 1.0   13   5.0M   60  430  87%    10M |  99.9   n/a   1   27  1.52M    6    8  57%  81.9M    n/a  n/a
   2   56 |   7 1.0   13   4.8M   67  483  87%    10M |  99.9   ovl   1   27   775k    3    9  75%  81.9M   361n  n/a
   2   57 |   7 1.0   13   4.8M   60  474  88%    10M |  99.9   ovl   1   27  1.77M    7    6  46%  81.9M   328n  n/a
   2   58 |   7 1.0   13   4.7M   60  424  87%    10M |  99.9   ovl   1   27  1.54M    6   10  62%  81.9M    64n  n/a
   2   59 |   7 1.0   13   4.5M   53  457  89%    10M |  99.9   ovl   1   27  1.52M    6    7  53%  81.9M   460n  n/a
   2   5a |   7 1.0   13   4.7M   57  405  87%    10M |  99.9   ovl   1   27  1.80M    7    8  53%  81.9M    69n  n/a
   2   5b |   7 1.0    0      0    0    0   0%    10M |   n/a   n/a   1    0      0    0    0   0%  81.9M    n/a  n/a

          |--------------------DL---------------------|-------------------------------UL-----------------------------
 pci rnti | cqi  ri  mcs  brate   ok  nok  (%)  dl_bs | pusch  rsrp  ri  mcs  brate   ok  nok  (%)    bsr     ta  phr
   3   5c |   7 1.0   13   6.9M   92  188  67%    10M |  99.9   ovl   1   27  2.98M   15    8  34%  81.9M   317n  n/a
   3   5d |   7 1.0   13   6.5M   92  226  71%    10M |  99.9   ovl   1   27  1.38M    7    7  50%  81.9M    86n  n/a
   3   5e |   7 1.0   13   6.6M   93  175  65%    10M |  99.9   ovl   1   27  2.39M   12    3  20%  81.9M   449n  n/a
   3   5f |   7 1.0   13   6.6M   91  196  68%    10M |  99.9   ovl   1   27  1.77M    9    9  50%  81.9M   699n  n/a
   3   60 |   7 1.0   13   7.2M  102  164  61%    10M |  99.9   ovl   1   27  2.59M   13    5  27%  81.9M   292n  n/a
   3   61 |   7 1.0   13   6.2M   92  243  72%    10M |  99.9   ovl   1   27  3.57M   18    6  25%  81.9M   515n  n/a
   3   62 |   7 1.0   13   6.5M   90  197  68%    10M |  99.9   ovl   1   27  2.75M   14    8  36%  81.9M   699n  n/a
   3   63 |   7 1.0    0      0    0    0   0%    10M |   n/a   n/a   1    0      0    0    0   0%  81.9M    n/a  n/a
   4   64 |   7 1.0   16   4.9M  131  643  83%    10M |  99.9   ovl   1   27  1.10M   13    9  40%  81.9M    -1u  n/a
   4   65 |   7 1.0   16   4.9M  135  565  80%    10M |  99.9   ovl   1   27   807k   10   13  56%  81.9M  -566n  n/a
   4   66 |   7 1.0   16   5.0M  132  624  82%    10M |  99.9   ovl   1   27   623k    8   12  60%  81.9M   684n  n/a
   4   67 |   7 1.0   16   4.8M  127  629  83%    10M |  99.9   ovl   1   27   941k   12   11  47%  81.9M  -707n  n/a
   4   68 |   7 1.0   16   4.7M  134  672  83%    10M |  99.9   ovl   1   27   792k   10    9  47%  81.9M   675n  n/a
   4   69 |   7 1.0   16   4.7M  118  592  83%    10M |  99.9   ovl   1   27   763k    9   11  55%  81.9M  -839n  n/a
   4   6a |   7 1.0   16   5.1M  137  672  83%    10M |  99.9   ovl   1   27  1.05M   13   12  48%  81.9M  -319n  n/a
   4   6b |   7 1.0   16   4.9M  129  588  82%    10M |  99.9   ovl   1   27  1.00M   13   11  45%  81.9M   272n  n/a
   0   44 |   7 1.0   16   6.4M  180  535  74%    10M |  99.9   n/a   1   27  2.11M   24   10  29%  81.9M    n/a  n/a
   0   45 |   7 1.0   16   6.3M  147  582  79%    10M |  99.9   ovl   1   27  2.32M   28    4  12%  81.9M  -703n  n/a
   0   46 |   7 1.0   16   6.8M  171  542  76%    10M |  99.9   ovl   1   27  2.07M   24   11  31%  81.9M  -772n  n/a
   0   47 |   7 1.0   16   6.6M  138  493  78%    10M |  99.9   ovl   1   27  1.95M   21   11  34%  81.9M  -521n  n/a
   0   48 |   7 1.0   16   6.7M  182  486  72%    10M |  99.9   ovl   1   27  2.37M   27   14  34%  81.9M  -466n  n/a
   0   49 |   7 1.0   16   6.2M  157  534  77%    10M |  99.9   ovl   1   27  1.67M   19   15  44%  81.9M  -141n  n/a
   0   4a |   7 1.0   16   6.6M  174  558  76%    10M |  99.9   ovl   1   27  1.65M   18    9  33%  81.9M  -872n  n/a
   0   4b |   7 1.0   16   6.0M  141  535  79%    10M |  99.9   ovl   1   27  1.47M   15   11  42%  81.9M  -573n  n/a
   1   4c |   7 1.0   14   6.9M   74  342  82%    10M |  99.9   n/a   1   27   517k    2   14  87%  81.9M    n/a  n/a
   1   4d |   7 1.0   14   6.9M   71  397  84%    10M |  99.9   n/a   1   27  1.77M    7    5  41%  81.9M    n/a  n/a
   1   4e |   7 1.0   14   6.4M   74  402  84%    10M |  99.9   n/a   1   27  1.25M    5    8  61%  81.9M    n/a  n/a
   1   4f |   7 1.0   14   6.9M   72  372  83%    10M |  99.9   n/a   1   27   496k    2    7  77%  81.9M    n/a  n/a
   1   50 |   7 1.0   13   6.7M   76  431  85%    10M |  99.9   n/a   1   27   254k    1   11  91%  81.9M    n/a  n/a
   1   51 |   7 1.0   14   6.5M   69  373  84%    10M |  99.9   n/a   1   27  2.28M    9    2  18%  81.9M    n/a  n/a
   1   52 |   7 1.0   14   6.1M   65  348  84%    10M |  99.9   n/a   1   27  2.52M   10    7  41%  81.9M    n/a  n/a
   1   53 |   7 1.0    0      0    0    0   0%    10M |   n/a   n/a   1    0      0    0    0   0%  81.9M    n/a  n/a
   2   54 |   7 1.0   13   7.9M   88  356  80%    10M |  99.9   ovl   1   27  4.06M   16    7  30%  81.9M    56n  n/a
   2   55 |   7 1.0   13   8.8M  103  273  72%    10M |  99.9   ovl   1   27  2.26M    9    6  40%  81.9M   365n  n/a
   2   56 |   7 1.0   13   8.9M  105  252  70%    10M |  99.9   ovl   1   27  3.29M   13    8  38%  81.9M  -660n  n/a
   2   57 |   7 1.0   13   8.7M  104  265  71%    10M |  99.9   ovl   1   27  2.55M   10    7  41%  81.9M   156n  n/a
   2   58 |   7 1.0   13   8.2M   93  278  74%    10M |  99.9   ovl   1   27  3.03M   12    3  20%  81.9M  -112n  n/a
   2   59 |   7 1.0   13   8.7M  102  300  74%    10M |  99.9   ovl   1   27  3.53M   14    7  33%  81.9M   -98n  n/a
   2   5a |   7 1.0   13   8.6M  112  278  71%    10M |  99.9   ovl   1   27  2.02M    8    4  33%  81.9M    87n  n/a
   2   5b |   7 1.0    0      0    0    0   0%    10M |   n/a   n/a   1    0      0    0    0   0%  81.9M    n/a  n/a
   3   5c |   7 1.0   13   6.0M   89  364  80%    10M |  99.9   ovl   1   27  2.81M   14    5  26%  81.9M   699n  n/a
   3   5d |   7 1.0   13   5.7M   78  324  80%    10M |  99.9   n/a   1   27  1.39M    7    9  56%  81.9M    n/a  n/a
   3   5e |   7 1.0   13   6.2M   99  321  76%    10M |  99.9   n/a   1   27  1.38M    7    3  30%  81.9M    n/a  n/a
   3   5f |   7 1.0   13   5.9M   87  318  78%    10M |  99.9   ovl   1   27  1.60M    8    9  52%  81.9M  -221n  n/a
   3   60 |   7 1.0   13   5.7M   79  330  80%    10M |  99.9   ovl   1   27  1.00M    5    5  50%  81.9M   699n  n/a
   3   61 |   7 1.0   13   5.9M   86  316  78%    10M |  99.9   n/a   1   27  1.63M    8    4  33%  81.9M    n/a  n/a
   3   62 |   7 1.0   13   5.7M   82  366  81%    10M |  99.9   n/a   1   27  2.61M   13    7  35%  81.9M    n/a  n/a
   3   63 |   7 1.0    0      0    0    0   0%    10M |   n/a   n/a   1    0      0    0    0   0%  81.9M    n/a  n/a
   4   64 |   7 1.0   16   4.0M  110  617  84%    10M |  99.9   n/a   1   27   510k    7   19  73%  81.9M    n/a  n/a
   4   65 |   7 1.0   16   4.0M  109  656  85%    10M |  99.9   ovl   1   27   790k   10   15  60%  81.9M   -62n  n/a
   4   66 |   7 1.0   16   3.9M  114  676  85%    10M |  99.9   n/a   1   27   817k   11   18  62%  81.9M    n/a  n/a
   4   67 |   7 1.0   16   4.0M  100  583  85%    10M |  99.9   n/a   1   27   736k    9   15  62%  81.9M    n/a  n/a
   4   68 |   7 1.0   16   3.8M  111  766  87%    10M |  99.9   n/a   1   27   842k   12   18  60%  81.9M    n/a  n/a
   4   69 |   7 1.0   16   4.0M  104  596  85%    10M |  99.9   n/a   1   27   735k   10   14  58%  81.9M    n/a  n/a
   4   6a |   7 1.0   16   4.0M   99  628  86%    10M |  99.9   n/a   1   27   687k   10   15  60%  81.9M    n/a  n/a
   4   6b |   7 1.0   16   4.1M  113  626  84%    10M |  99.9   ovl   1   27   707k   10   18  64%  81.9M    66n  n/a
   0   44 |   7 1.0   16   4.6M  113  723  86%    10M |  99.9   n/a   1   27  1.11M   12   15  55%  81.9M    n/a  n/a
   0   45 |   7 1.0   16   4.9M  114  587  83%    10M |  99.9   n/a   1   27   418k    5   15  75%  81.9M    n/a  n/a
   0   46 |   7 1.0   16   4.9M  110  580  84%    10M |  99.9   n/a   1   27  1.74M   21    8  27%  81.9M    n/a  n/a
   0   47 |   7 1.0   16   5.0M  109  627  85%    10M |  99.9   n/a   1   27  1.05M   12   13  52%  81.9M    n/a  n/a
   0   48 |   7 1.0   16   4.9M  126  702  84%    10M |  99.9   ovl   1   27  1.10M   13   11  45%  81.9M  -521n  n/a
   0   49 |   7 1.0   16   4.7M  114  613  84%    10M |  99.9   n/a   1   27  1.84M   21    8  27%  81.9M    n/a  n/a
   0   4a |   7 1.0   16   4.3M  107  651  85%    10M |  99.9   n/a   1   27   893k   10   19  65%  81.9M    n/a  n/a
   0   4b |   7 1.0   16   4.9M  104  602  85%    10M |  99.9   ovl   1   27   918k   10   13  56%  81.9M  -858n  n/a
   1   4c |   7 1.0   14   7.3M   80  449  84%    10M |  99.9   ovl   1   27   496k    2    7  77%  81.9M   900n  n/a
   1   4d |   7 1.0   14   7.0M   72  467  86%    10M |  99.9   n/a   1   27  1.79M    7    9  56%  81.9M    n/a  n/a
   1   4e |   7 1.0   14   7.1M   73  464  86%    10M |  99.9   n/a   1   27  2.52M   10    9  47%  81.9M    n/a  n/a
   1   4f |   7 1.0   14   6.7M   67  402  85%    10M |  99.9   ovl   1   27  1.77M    7    7  50%  81.9M   409n  n/a
   1   50 |   7 1.0   14   7.2M   74  448  85%    10M |  99.9   n/a   1   27   758k    3    9  75%  81.9M    n/a  n/a
   1   51 |   7 1.0   14   6.6M   70  444  86%    10M |  99.9   ovl   1   27   504k    2    1  33%  81.9M  -280n  n/a
   1   52 |   7 1.0   14   7.3M   90  456  83%    10M |  99.9   ovl   1   27  2.28M    9    4  30%  81.9M  -968n  n/a
   1   53 |   7 1.0    0      0    0    0   0%    10M |   n/a   n/a   1    0      0    0    0   0%  81.9M    n/a  n/a
   2   54 |   7 1.0   13   6.8M   82  252  75%    10M |  99.9   ovl   1   27  1.01M    4   11  73%  81.9M  -151n  n/a
   2   55 |   7 1.0   13   6.5M   70  304  81%    10M |  99.9   ovl   1   27  1.78M    7    3  30%  81.9M   846n  n/a
   2   56 |   7 1.0   13   7.4M   90  265  74%    10M |  99.9   ovl   1   27  2.32M    9    5  35%  81.9M    64n  n/a
   2   57 |   7 1.0   13   6.3M   75  299  79%    10M |  99.9   ovl   1   27  2.04M    8    8  50%  81.9M   455n  n/a
   2   58 |   7 1.0   13   7.0M   78  291  78%    10M |  99.9   ovl   1   27  3.05M   12    6  33%  81.9M    84n  n/a
   2   59 |   7 1.0   13   6.1M   75  338  81%    10M |  99.9   n/a   1   27  1.52M    6   10  62%  81.9M    n/a  n/a
   2   5a |   7 1.0   13   6.4M   70  282  80%    10M |  99.9   ovl   1   27  2.80M   11   12  52%  81.9M  -660n  n/a
   2   5b |   7 1.0    0      0    0    0   0%    10M |   n/a   n/a   1    0      0    0    0   0%  81.9M    n/a  n/a
   3   5c |   7 1.0   14   5.4M   76  446  85%    10M |  99.9   n/a   1   27  1.21M    6   12  66%  81.9M    n/a  n/a
   3   5d |   7 1.0   14   5.5M   80  421  84%    10M |  99.9   ovl   1   27  1.39M    7    8  53%  81.9M   699n  n/a
   3   5e |   7 1.0   14   5.2M   72  428  85%    10M |  99.9   n/a   1   27  1.98M   10   12  54%  81.9M    n/a  n/a
   3   5f |   7 1.0   14   5.9M   78  361  82%    10M |  99.9   ovl   1   27   988k    5    9  64%  81.9M  -759n  n/a
   3   60 |   7 1.0   14   5.7M   86  428  83%    10M |  99.9   n/a   1   27  1.39M    7    4  36%  81.9M    n/a  n/a
   3   61 |   7 1.0   14   5.3M   74  434  85%    10M |  99.9   ovl   1   27  1.79M    9    1  10%  81.9M   515n  n/a
   3   62 |   7 1.0   14   5.8M   86  406  82%    10M |  99.9   ovl   1   27  1.19M    6    8  57%  81.9M  -221n  n/a
   3   63 |   7 1.0    0      0    0    0   0%    10M |   n/a   n/a   1    0      0    0    0   0%  81.9M    n/a  n/a

          |--------------------DL---------------------|-------------------------------UL-----------------------------
 pci rnti | cqi  ri  mcs  brate   ok  nok  (%)  dl_bs | pusch  rsrp  ri  mcs  brate   ok  nok  (%)    bsr     ta  phr
   4   64 |   7 1.0   17   8.1M  207  546  72%    10M |  99.9   ovl   1   27  2.16M   27   15  35%  81.9M  -313n  n/a
   4   65 |   7 1.0   16   7.3M  180  485  72%    10M |  99.9   ovl   1   27  2.28M   31   11  26%  81.9M  -269n  n/a
   4   66 |   7 1.0   17   8.6M  211  464  68%    10M |  99.9   ovl   1   27  2.22M   27   14  34%  81.9M  -289n  n/a
   4   67 |   7 1.0   16   7.5M  192  478  71%    10M |  99.9   ovl   1   27  2.40M   30   12  28%  81.9M  -577n  n/a
   4   68 |   7 1.0   17   8.1M  219  469  68%    10M |  99.9   ovl   1   27  2.35M   29   15  34%  81.9M  -360n  n/a
   4   69 |   7 1.0   16   7.5M  198  498  71%    10M |  99.9   ovl   1   27  1.78M   23   13  36%  81.9M  -353n  n/a
   4   6a |   7 1.0   17   7.8M  211  519  71%    10M |  99.9   ovl   1   27  2.81M   33   15  31%  81.9M  -164n  n/a
   4   6b |   7 1.0   16   7.6M  194  458  70%    10M |  99.9   ovl   1   27  2.10M   26   15  36%  81.9M  -456n  n/a
   0   44 |   7 1.0   16   5.3M  111  640  85%    10M |  99.9   ovl   1   27  1.23M   14   11  44%  81.9M   -45n  n/a
   0   45 |   7 1.0   16   5.8M  133  556  80%    10M |  99.9   ovl   1   27  1.17M   12    9  42%  81.9M  -583n  n/a
   0   46 |   7 1.0   16   5.5M  146  705  82%    10M |  99.9   ovl   1   27  1.18M   12   13  52%  81.9M  -882n  n/a
   0   47 |   7 1.0   16   5.4M  132  590  81%    10M |  99.9   ovl   1   27  1.35M   15    8  34%  81.9M    90n  n/a
   0   48 |   7 1.0   16   5.2M  123  714  85%    10M |  99.9   ovl   1   27  1.57M   18    7  28%  81.9M  -144n  n/a
   0   49 |   7 1.0   16   5.6M  130  554  80%    10M |  99.9   ovl   1   27  1.09M   14   11  44%  81.9M  -853n  n/a
   0   4a |   7 1.0   16   5.4M  132  658  83%    10M |  99.9   ovl   1   27  1.15M   14    9  39%  81.9M    -9n  n/a
   0   4b |   7 1.0   16   5.7M  130  549  80%    10M |  99.9   ovl   1   27  1.07M   12    7  36%  81.9M  -858n  n/a
   1   4c |   7 1.0   14   4.9M   50  476  90%    10M |  99.9   n/a   1   27  1.26M    5    6  54%  81.9M    n/a  n/a
   1   4d |   7 1.0   14   4.9M   46  464  90%    10M |  99.9   n/a   1   27  1.01M    4    5  55%  81.9M    n/a  n/a
   1   4e |   7 1.0   14   4.5M   51  536  91%    10M |  99.9   n/a   1   27   758k    3    8  72%  81.9M    n/a  n/a
   1   4f |   7 1.0   14   5.1M   51  471  90%    10M |  99.9   n/a   1   27   771k    3    8  72%  81.9M    n/a  n/a
   1   50 |   7 1.0   14   5.0M   52  500  90%    10M |  99.9   n/a   1   27  1.01M    4    6  60%  81.9M    n/a  n/a
   1   51 |   7 1.0   14   5.1M   47  528  91%    10M |  99.9   n/a   1   27  1.00M    4    8  66%  81.9M    n/a  n/a
   1   52 |   7 1.0   14   4.6M   46  512  91%    10M |  99.9   n/a   1   27  1.26M    5    7  58%  81.9M    n/a  n/a
   1   53 |   7 1.0    0      0    0    0   0%    10M |   n/a   n/a   1    0      0    0    0   0%  81.9M    n/a  n/a
   2   54 |   7 1.0   13   9.4M   88  158  64%    10M |  99.9   ovl   1   27  3.83M   15    3  16%  81.9M    93n  n/a
   2   55 |   7 1.0   13   8.8M   90  214  70%    10M |  99.9   ovl   1   27  4.11M   16    2  11%  81.9M   213n  n/a
   2   56 |   7 1.0   13   9.0M   92  167  64%    10M |  99.9   ovl   1   27  3.32M   13    5  27%  81.9M     4n  n/a
   2   57 |   7 1.0   13   8.8M   97  213  68%    10M |  99.9   n/a   1   27  3.84M   15    5  25%  81.9M    n/a  n/a
   2   58 |   7 1.0   13   9.5M   99  197  66%    10M |  99.9   ovl   1   27  3.82M   15    5  25%  81.9M   294n  n/a
   2   59 |   7 1.0   13   8.4M   89  223  71%    10M |  99.9   ovl   1   27  4.34M   17    5  22%  81.9M   -43n  n/a
   2   5a |   7 1.0   13   9.6M  107  172  61%    10M |  99.9   n/a   1   27  2.80M   11    8  42%  81.9M    n/a  n/a
   2   5b |   7 1.0    0      0    0    0   0%    10M |   n/a   n/a   1    0      0    0    0   0%  81.9M    n/a  n/a
   3   5c |   7 1.0   14   4.7M   57  513  90%    10M |  99.9   n/a   1   27   799k    4    3  42%  81.9M    n/a  n/a
   3   5d |   7 1.0   14   4.5M   57  488  89%    10M |  99.9   n/a   1   27  1.41M    7    9  56%  81.9M    n/a  n/a
   3   5e |   7 1.0   14   4.5M   54  517  90%    10M |  99.9   n/a   1   27  1.39M    7    3  30%  81.9M    n/a  n/a
   3   5f |   7 1.0   14   4.7M   61  468  88%    10M |  99.9   ovl   1   27  1.20M    6    2  25%  81.9M  -759n  n/a
   3   60 |   7 1.0   14   5.0M   65  498  88%    10M |  99.9   ovl   1   27   988k    5    6  54%  81.9M   699n  n/a
   3   61 |   7 1.0   14   4.7M   63  485  88%    10M |  99.9   ovl   1   27  1.22M    6    9  60%  81.9M  -759n  n/a
   3   62 |   7 1.0   14   5.0M   69  454  86%    10M |  99.9   n/a   1   27   590k    3    8  72%  81.9M    n/a  n/a
   3   63 |   7 1.0    0      0    0    0   0%    10M |   n/a   n/a   1    0      0    0    0   0%  81.9M    n/a  n/a
   4   64 |   7 1.0   17   8.5M  218  435  66%    10M |  99.9   ovl   1   27  3.30M   43    6  12%  81.9M  -299n  n/a
   4   65 |   7 1.0   17   7.5M  189  511  73%    10M |  99.9   ovl   1   27  2.27M   29    8  21%  81.9M  -593n  n/a
   4   66 |   7 1.0   17   8.5M  227  419  64%    10M |  99.9   ovl   1   27  2.72M   37    7  15%  81.9M  -241n  n/a
   4   67 |   7 1.0   17   7.9M  203  490  70%    10M |  99.9   ovl   1   27  2.38M   32   10  23%  81.9M  -501n  n/a
   4   68 |   7 1.0   17   8.2M  212  431  67%    10M |  99.9   ovl   1   27  2.97M   37    8  17%  81.9M  -132n  n/a
   4   69 |   7 1.0   17   7.6M  187  485  72%    10M |  99.9   ovl   1   27  2.64M   34    7  17%  81.9M  -523n  n/a
   4   6a |   7 1.0   17   8.6M  222  429  65%    10M |  99.9   ovl   1   27  2.69M   34    8  19%  81.9M  -295n  n/a
   4   6b |   7 1.0   16   7.4M  183  483  72%    10M |  99.9   ovl   1   27  2.61M   31    7  18%  81.9M   -94n  n/a
   0   44 |   7 1.0   17   8.5M  198  569  74%    10M |  99.9   ovl   1   27  3.19M   37   13  26%  81.9M  -394n  n/a
   0   45 |   7 1.0   16   8.6M  189  477  71%    10M |  99.9   ovl   1   27  2.84M   32   11  25%  81.9M  -311n  n/a
   0   46 |   7 1.0   17   9.4M  227  497  68%    10M |  99.9   ovl   1   27  3.38M   39   14  26%  81.9M  -329n  n/a
   0   47 |   7 1.0   16   8.3M  197  498  71%    10M |  99.9   ovl   1   27  3.42M   37   12  24%  81.9M  -633n  n/a
   0   48 |   7 1.0   17   9.0M  213  470  68%    10M |  99.9   ovl   1   27  3.06M   32    8  20%  81.9M  -594n  n/a
   0   49 |   7 1.0   17   9.0M  195  466  70%    10M |  99.9   ovl   1   27  2.96M   34   10  22%  81.9M  -357n  n/a
   0   4a |   7 1.0   17   8.9M  198  475  70%    10M |  99.9   ovl   1   27  2.48M   28   12  30%  81.9M  -351n  n/a
   0   4b |   7 1.0   17   8.9M  201  436  68%    10M |  99.9   ovl   1   27  2.52M   29   16  35%  81.9M  -769n  n/a
   1   4c |   7 1.0   14   5.2M   58  518  89%    10M |  99.9   n/a   1   27   750k    3    6  66%  81.9M    n/a  n/a
   1   4d |   7 1.0   14   4.8M   55  487  89%    10M |  99.9   n/a   1   27   496k    2    7  77%  81.9M    n/a  n/a
   1   4e |   7 1.0   14   5.0M   54  533  90%    10M |  99.9   n/a   1   27  1.27M    5    7  58%  81.9M    n/a  n/a
   1   4f |   7 1.0   14   4.9M   55  541  90%    10M |  99.9   n/a   1   27  1.02M    4    7  63%  81.9M    n/a  n/a
   1   50 |   7 1.0   14   5.0M   53  578  91%    10M |  99.9   n/a   1   27  1.53M    6    8  57%  81.9M    n/a  n/a
   1   51 |   7 1.0   14   4.9M   51  512  90%    10M |  99.9   n/a   1   27   758k    3   10  76%  81.9M    n/a  n/a
   1   52 |   7 1.0   14   4.8M   50  563  91%    10M |  99.9   n/a   1   27  1.25M    5    7  58%  81.9M    n/a  n/a
   1   53 |   7 1.0    0      0    0    0   0%    10M |   n/a   n/a   1    0      0    0    0   0%  81.9M    n/a  n/a
   2   54 |   7 1.0   14   6.1M   56  350  86%    10M |  99.9   n/a   1   27   504k    2    9  81%  81.9M    n/a  n/a
   2   55 |   7 1.0   14   6.3M   66  347  84%    10M |  99.9   ovl   1   27  2.03M    8    3  27%  81.9M    75n  n/a
   2   56 |   7 1.0   14   5.2M   57  454  88%    10M |  99.9   n/a   1   27  1.78M    7   15  68%  81.9M    n/a  n/a
   2   57 |   7 1.0   14   6.8M   70  373  84%    10M |  99.9   ovl   1   27  1.01M    4    6  60%  81.9M    74n  n/a
   2   58 |   7 1.0   14   5.5M   55  494  89%    10M |  99.9   ovl   1   27  3.82M   15    6  28%  81.9M    64n  n/a
   2   59 |   7 1.0   14   6.5M   70  371  84%    10M |  99.9   ovl   1   27   496k    2    3  60%  81.9M    74n  n/a
   2   5a |   7 1.0   14   6.2M   65  382  85%    10M |  99.9   n/a   1   27  2.80M   11   10  47%  81.9M    n/a  n/a
   2   5b |   7 1.0    0      0    0    0   0%    10M |   n/a   n/a   1    0      0    0    0   0%  81.9M    n/a  n/a
   3   5c |   7 1.0   14   5.7M   90  372  80%    10M |  99.9   ovl   1   27  3.20M   16    6  27%  81.9M   -30n  n/a
   3   5d |   7 1.0   14   5.0M   64  385  85%    10M |  99.9   n/a   1   27  1.21M    6    3  33%  81.9M    n/a  n/a
   3   5e |   7 1.0   14   5.7M   83  331  79%    10M |  99.9   ovl   1   27  1.78M    9    8  47%  81.9M   508n  n/a
   3   5f |   7 1.0   14   5.0M   64  361  84%    10M |  99.9   n/a   1   27   598k    3    9  75%  81.9M    n/a  n/a
   3   60 |   7 1.0   14   4.8M   64  376  85%    10M |  99.9   ovl   1   27   795k    4    6  60%  81.9M  -179n  n/a
   3   61 |   7 1.0   14   5.2M   69  378  84%    10M |  99.9   ovl   1   27  1.78M    9   10  52%  81.9M   449n  n/a
   3   62 |   7 1.0   14   5.4M   71  391  84%    10M |  99.9   n/a   1   27  1.59M    8   14  63%  81.9M    n/a  n/a
   3   63 |   7 1.0    0      0    0    0   0%    10M |   n/a   n/a   1    0      0    0    0   0%  81.9M    n/a  n/a
   4   64 |   7 1.0   17   8.9M  227  373  62%    10M |  99.9   ovl   1   27  2.43M   33   13  28%  81.9M  -228n  n/a
   4   65 |   7 1.0   17   8.6M  213  420  66%    10M |  99.9   ovl   1   27  2.56M   33    6  15%  81.9M  -225n  n/a
   4   66 |   7 1.0   17   9.1M  230  468  67%    10M |  99.9   ovl   1   27  2.35M   30   10  25%  81.9M  -217n  n/a
   4   67 |   7 1.0   17   8.6M  209  456  68%    10M |  99.9   ovl   1   27  2.52M   32   11  25%  81.9M  -591n  n/a
   4   68 |   7 1.0   17   8.7M  215  542  71%    10M |  99.9   ovl   1   27  3.11M   40    8  16%  81.9M  -207n  n/a
   4   69 |   7 1.0   17   9.0M  224  474  67%    10M |  99.9   ovl   1   27  2.29M   31   12  27%  81.9M  -265n  n/a
   4   6a |   7 1.0   17   8.8M  218  518  70%    10M |  99.9   ovl   1   27  3.52M   44    7  13%  81.9M  -446n  n/a
   4   6b |   7 1.0   17   8.6M  214  444  67%    10M |  99.9   ovl   1   27  2.01M   26   11  29%  81.9M  -397n  n/a

          |--------------------DL---------------------|-------------------------------UL-----------------------------
 pci rnti | cqi  ri  mcs  brate   ok  nok  (%)  dl_bs | pusch  rsrp  ri  mcs  brate   ok  nok  (%)    bsr     ta  phr
   0   44 |   7 1.0   17   6.9M  161  589  78%    10M |  99.9   ovl   1   27  1.76M   20    9  31%  81.9M  -347n  n/a
   0   45 |   7 1.0   17   7.1M  144  479  76%    10M |  99.9   ovl   1   27  1.70M   18   10  35%  81.9M  -910n  n/a
   0   46 |   7 1.0   17   7.4M  174  497  74%    10M |  99.9   n/a   1   27  1.93M   21   11  34%  81.9M    n/a  n/a
   0   47 |   7 1.0   17   7.1M  142  494  77%    10M |  99.9   ovl   1   27  2.31M   25    9  26%  81.9M  -668n  n/a
   0   48 |   7 1.0   17   7.4M  183  512  73%    10M |  99.9   n/a   1   27  2.12M   23   14  37%  81.9M    n/a  n/a
   0   49 |   7 1.0   17   7.0M  149  507  77%    10M |  99.9   ovl   1   27  1.40M   15   12  44%  81.9M  -241n  n/a
   0   4a |   7 1.0   17   7.3M  177  531  75%    10M |  99.9   n/a   1   27  2.44M   26   12  31%  81.9M    n/a  n/a
   0   4b |   7 1.0   17   6.7M  145  511  77%    10M |  99.9   ovl   1   27  1.64M   19   14  42%  81.9M    -1u  n/a
   1   4c |   7 1.0   14   8.2M   85  386  81%    10M |  99.9   ovl   1   27  1.79M    7   11  61%  81.9M   107n  n/a
   1   4d |   7 1.0   14   7.8M   75  398  84%    10M |  99.9   n/a   1   27  1.52M    6    9  60%  81.9M    n/a  n/a
   1   4e |   7 1.0   14   7.8M   82  387  82%    10M |  99.9   n/a   1   27   758k    3    4  57%  81.9M    n/a  n/a
   1   4f |   7 1.0   14   7.5M   77  355  82%    10M |  99.9   n/a   1   27  2.80M   11   11  50%  81.9M    n/a  n/a
   1   50 |   7 1.0   14   7.4M   76  428  84%    10M |  99.9   ovl   1   27  1.01M    4    7  63%  81.9M  -968n  n/a
   1   51 |   7 1.0   14   7.6M   76  349  82%    10M |  99.9   n/a   1   27  1.25M    5    9  64%  81.9M    n/a  n/a
   1   52 |   7 1.0   14   7.6M   73  404  84%    10M |   n/a   n/a   1   27      0    0    9 100%  81.9M    n/a  n/a
   1   53 |   7 1.0    0      0    0    0   0%    10M |   n/a   n/a   1    0      0    0    0   0%  81.9M    n/a  n/a
   2   54 |   7 1.0   14   6.8M   83  398  82%    10M |  99.9   n/a   1   27  1.02M    4   10  71%  81.9M    n/a  n/a
   2   55 |   7 1.0   14   6.2M   69  394  85%    10M |  99.9   n/a   1   27  1.02M    4   15  78%  81.9M    n/a  n/a
   2   56 |   7 1.0   14   6.3M   72  386  84%    10M |  99.9   n/a   1   27   500k    2    7  77%  81.9M    n/a  n/a
   2   57 |   7 1.0   14   6.0M   67  373  84%    10M |  99.9   n/a   1   27  3.30M   13    9  40%  81.9M    n/a  n/a
   2   58 |   7 1.0   14   6.5M   74  434  85%    10M |  99.9   n/a   1   27  1.52M    6    7  53%  81.9M    n/a  n/a
   2   59 |   7 1.0   14   6.1M   68  408  85%    10M |  99.9   n/a   1   27   758k    3    6  66%  81.9M    n/a  n/a
   2   5a |   7 1.0   14   6.8M   78  336  81%    10M |  99.9   n/a   1   27   762k    3    6  66%  81.9M    n/a  n/a
   2   5b |   7 1.0    0      0    0    0   0%    10M |   n/a   n/a   1    0      0    0    0   0%  81.9M    n/a  n/a
   3   5c |   7 1.0   14   7.5M  102  228  69%    10M |  99.9   n/a   1   27  3.00M   15   10  40%  81.9M    n/a  n/a
   3   5d |   7 1.0   14   7.0M   90  249  73%    10M |  99.9   n/a   1   27  2.39M   12    3  20%  81.9M    n/a  n/a
   3   5e |   7 1.0   14   8.0M  104  191  64%    10M |  99.9   n/a   1   27  1.81M    9    6  40%  81.9M    n/a  n/a
   3   5f |   7 1.0   14   7.3M   93  247  72%    10M |  99.9   ovl   1   27  1.59M    8    4  33%  81.9M   699n  n/a
   3   60 |   7 1.0   14   7.2M   87  206  70%    10M |  99.9   n/a   1   27   992k    5   11  68%  81.9M    n/a  n/a
   3   61 |   7 1.0   14   7.1M  102  218  68%    10M |  99.9   n/a   1   27  3.99M   20    5  20%  81.9M    n/a  n/a
   3   62 |   7 1.0   14   7.6M   93  202  68%    10M |  99.9   ovl   1   27  1.59M    8   10  55%  81.9M   699n  n/a
   3   63 |   7 1.0    0      0    0    0   0%    10M |   n/a   n/a   1    0      0    0    0   0%  81.9M    n/a  n/a
   4   64 |   7 1.0   18   5.5M  129  627  82%    10M |  99.9   ovl   1   27  1.43M   18   13  41%  81.9M    66n  n/a
   4   65 |   7 1.0   17   5.9M  139  544  79%    10M |  99.9   ovl   1   27  1.36M   17   10  37%  81.9M    -1u  n/a
   4   66 |   7 1.0   18   5.6M  135  611  81%    10M |  99.9   n/a   1   27   844k   11   13  54%  81.9M    n/a  n/a
   4   67 |   7 1.0   17   5.4M  134  589  81%    10M |  99.9   ovl   1   27  1.04M   13   19  59%  81.9M  -934n  n/a
   4   68 |   7 1.0   18   5.5M  133  666  83%    10M |  99.9   ovl   1   27   796k   11   14  56%  81.9M   879n  n/a
   4   69 |   7 1.0   17   5.7M  143  605  80%    10M |  99.9   n/a   1   27   801k   10   20  66%  81.9M    n/a  n/a
   4   6a |   7 1.0   18   6.0M  147  620  80%    10M |  99.9   ovl   1   27   751k    9   14  60%  81.9M  -848n  n/a
   4   6b |   7 1.0   17   5.8M  141  563  79%    10M |  99.9   ovl   1   27  1.16M   15   16  51%  81.9M  -566n  n/a
   0   44 |   7 1.0   17   7.1M  167  527  75%    10M |  99.9   ovl   1   27  1.74M   20    5  20%  81.9M  -650n  n/a
   0   45 |   7 1.0   17   8.0M  172  480  73%    10M |  99.9   ovl   1   27  1.80M   21    9  30%  81.9M   -88n  n/a
   0   46 |   7 1.0   17   8.0M  192  499  72%    10M |  99.9   ovl   1   27  1.57M   19   10  34%  81.9M   197n  n/a
   0   47 |   7 1.0   17   7.9M  177  497  73%    10M |  99.9   ovl   1   27  2.24M   27    8  22%  81.9M  -520n  n/a
   0   48 |   7 1.0   17   7.4M  170  510  75%    10M |  99.9   ovl   1   27  2.52M   28    9  24%  81.9M  -513n  n/a
   0   49 |   7 1.0   17   7.6M  170  520  75%    10M |  99.9   ovl   1   27  2.47M   29   10  25%  81.9M   103n  n/a
   0   4a |   7 1.0   17   7.3M  166  558  77%    10M |  99.9   ovl   1   27  1.81M   22   13  37%  81.9M   -45n  n/a
   0   4b |   7 1.0   17   7.1M  163  499  75%    10M |  99.9   ovl   1   27  2.50M   27    7  20%  81.9M  -485n  n/a
   1   4c |   7 1.0   14   3.6M   42  548  92%    10M |  99.9   ovl   1   27   500k    2   11  84%  81.9M   409n  n/a
   1   4d |   7 1.0   14   4.1M   57  509  89%    10M |  99.9   ovl   1   27   754k    3    8  72%  81.9M   -34n  n/a
   1   4e |   7 1.0   14   3.9M   39  502  92%    10M |  99.9   n/a   1   27   742k    3    9  75%  81.9M    n/a  n/a
   1   4f |   7 1.0   14   4.2M   56  524  90%    10M |   n/a   n/a   1   27      0    0    7 100%  81.9M    n/a  n/a
   1   50 |   7 1.0   14   4.4M   50  466  90%    10M |  99.9   n/a   1   27   246k    1    8  88%  81.9M    n/a  n/a
   1   51 |   7 1.0   14   3.9M   53  499  90%    10M |  99.9   ovl   1   27   496k    2    7  77%  81.9M   409n  n/a
   1   52 |   7 1.0   14   3.7M   39  521  93%    10M |   n/a   n/a   1   27      0    0   10 100%  81.9M    n/a  n/a
   1   53 |   7 1.0    0      0    0    0   0%    10M |   n/a   n/a   1    0      0    0    0   0%  81.9M    n/a  n/a
   2   54 |   7 1.0   14   9.8M   88  271  75%    10M |  99.9   ovl   1   27  2.55M   10    6  37%  81.9M  -293n  n/a
   2   55 |   7 1.0   14   8.6M   84  293  77%    10M |  99.9   ovl   1   27  2.51M   10    5  33%  81.9M  -293n  n/a
   2   56 |   7 1.0   14   9.4M   89  321  78%    10M |  99.9   ovl   1   27  3.28M   13    7  35%  81.9M  -221n  n/a
   2   57 |   7 1.0   14   9.3M   93  306  76%    10M |  99.9   ovl   1   27  2.27M    9    6  40%  81.9M  -660n  n/a
   2   58 |   7 1.0   14   9.4M   97  320  76%    10M |  99.9   ovl   1   27  2.78M   11    4  26%  81.9M   261n  n/a
   2   59 |   7 1.0   14   8.6M   85  292  77%    10M |  99.9   n/a   1   27  1.76M    7    6  46%  81.9M    n/a  n/a
   2   5a |   7 1.0   14   9.5M   89  277  75%    10M |  99.9   ovl   1   27  2.28M    9    5  35%  81.9M   426n  n/a
   2   5b |   7 1.0    0      0    0    0   0%    10M |   n/a   n/a   1    0      0    0    0   0%  81.9M    n/a  n/a
   3   5c |   7 1.0   14   6.1M   77  259  77%    10M |  99.9   ovl   1   27  2.20M   11    8  42%  81.9M  -221n  n/a
   3   5d |   7 1.0   14   6.3M   83  199  70%    10M |  99.9   n/a   1   27   980k    5    7  58%  81.9M    n/a  n/a
   3   5e |   7 1.0   14   6.0M   82  227  73%    10M |  99.9   ovl   1   27  3.00M   15    5  25%  81.9M  -202n  n/a
   3   5f |   7 1.0   14   6.6M   98  208  67%    10M |  99.9   ovl   1   27   795k    4    7  63%  81.9M   -30n  n/a
   3   60 |   7 1.0   14   6.1M   83  223  72%    10M |  99.9   ovl   1   27  2.20M   11    4  26%  81.9M  -221n  n/a
   3   61 |   7 1.0   14   6.6M   93  214  69%    10M |  99.9   n/a   1   27  2.00M   10    8  44%  81.9M    n/a  n/a
   3   62 |   7 1.0   14   5.5M   83  290  77%    10M |  99.9   ovl   1   27  2.38M   12    4  25%  81.9M   260n  n/a
   3   63 |   7 1.0    0      0    0    0   0%    10M |   n/a   n/a   1    0      0    0    0   0%  81.9M    n/a  n/a
   4   64 |   7 1.0   18   7.2M  164  591  78%    10M |  99.9   ovl   1   27  1.99M   23   13  36%  81.9M  -639n  n/a
   4   65 |   7 1.0   18   7.7M  195  448  69%    10M |  99.9   ovl   1   27  2.22M   27   12  30%  81.9M  -156n  n/a
   4   66 |   7 1.0   18   7.5M  182  572  75%    10M |  99.9   ovl   1   27  1.44M   20   11  35%  81.9M  -305n  n/a
   4   67 |   7 1.0   17   7.6M  184  469  71%    10M |  99.9   ovl   1   27  1.91M   23   10  30%  81.9M  -378n  n/a
   4   68 |   7 1.0   18   7.6M  186  518  73%    10M |  99.9   ovl   1   27  1.90M   26   12  31%  81.9M  -186n  n/a
   4   69 |   7 1.0   18   7.8M  185  496  72%    10M |  99.9   ovl   1   27  1.57M   20    9  31%  81.9M  -197n  n/a
   4   6a |   7 1.0   18   7.5M  191  498  72%    10M |  99.9   ovl   1   27  2.31M   31   14  31%  81.9M  -454n  n/a
   4   6b |   7 1.0   17   7.4M  182  530  74%    10M |  99.9   ovl   1   27  1.82M   22   16  42%  81.9M  -139n  n/a
   0   44 |   7 1.0   18   8.7M  197  574  74%    10M |  99.9   ovl   1   27  2.71M   29   10  25%  81.9M  -602n  n/a
   0   45 |   7 1.0   17   9.3M  192  421  68%    10M |  99.9   ovl   1   27  2.87M   31   12  27%  81.9M  -619n  n/a
   0   46 |   7 1.0   18   9.2M  197  484  71%    10M |  99.9   ovl   1   27  1.77M   17   10  37%  81.9M  -858n  n/a
   0   47 |   7 1.0   17   9.0M  196  442  69%    10M |  99.9   ovl   1   27  2.64M   29   13  30%  81.9M   329n  n/a
   0   48 |   7 1.0   18   9.6M  218  463  67%    10M |  99.9   ovl   1   27  2.81M   31   12  27%  81.9M  -266n  n/a
   0   49 |   7 1.0   18   9.4M  196  447  69%    10M |  99.9   ovl   1   27  3.62M   40   10  20%  81.9M  -566n  n/a
   0   4a |   7 1.0   18   9.5M  200  504  71%    10M |  99.9   ovl   1   27  2.98M   34   10  22%  81.9M  -626n  n/a
   0   4b |   7 1.0   17   9.0M  191  459  70%    10M |  99.9   ovl   1   27  3.44M   36    6  14%  81.9M  -597n  n/a

          |--------------------DL---------------------|-------------------------------UL-----------------------------
 pci rnti | cqi  ri  mcs  brate   ok  nok  (%)  dl_bs | pusch  rsrp  ri  mcs  brate   ok  nok  (%)    bsr     ta  phr
   1   4c |   7 1.0   14   6.6M   65  409  86%    10M |  99.9   n/a   1   27  1.02M    4    3  42%  81.9M    n/a  n/a
   1   4d |   7 1.0   14   6.8M   62  423  87%    10M |  99.9   n/a   1   27  1.26M    5    9  64%  81.9M    n/a  n/a
   1   4e |   7 1.0   14   7.0M   74  441  85%    10M |  99.9   n/a   1   27  1.79M    7    9  56%  81.9M    n/a  n/a
   1   4f |   7 1.0   14   7.0M   73  379  83%    10M |  99.9   n/a   1   27   512k    2    5  71%  81.9M    n/a  n/a
   1   50 |   7 1.0   14   6.5M   69  413  85%    10M |  99.9   n/a   1   27  1.26M    5    6  54%  81.9M    n/a  n/a
   1   51 |   7 1.0   14   6.9M   70  436  86%    10M |  99.9   n/a   1   27  2.78M   11    7  38%  81.9M    n/a  n/a
   1   52 |   7 1.0   14   6.8M   68  440  86%    10M |  99.9   n/a   1   27  1.54M    6    5  45%  81.9M    n/a  n/a
   1   53 |   7 1.0    0      0    0    0   0%    10M |   n/a   n/a   1    0      0    0    0   0%  81.9M    n/a  n/a
   2   54 |   7 1.0   14   7.3M   74  476  86%    10M |  99.9   n/a   1   27  2.30M    9    4  30%  81.9M    n/a  n/a
   2   55 |   7 1.0   14   7.5M   72  459  86%    10M |  99.9   n/a   1   27  2.78M   11   10  47%  81.9M    n/a  n/a
   2   56 |   7 1.0   14   7.5M   81  407  83%    10M |  99.9   n/a   1   27  1.79M    7    9  56%  81.9M    n/a  n/a
   2   57 |   7 1.0   14   7.2M   70  437  86%    10M |  99.9   n/a   1   27  1.52M    6   11  64%  81.9M    n/a  n/a
   2   58 |   7 1.0   14   7.6M   81  431  84%    10M |  99.9   ovl   1   27  2.03M    8    5  38%  81.9M   846n  n/a
   2   59 |   7 1.0   14   7.0M   73  399  84%    10M |  99.9   n/a   1   27  1.54M    6    7  53%  81.9M    n/a  n/a
   2   5a |   7 1.0   14   7.1M   79  496  86%    10M |  99.9   n/a   1   27  2.54M   10    9  47%  81.9M    n/a  n/a
   2   5b |   7 1.0    0      0    0    0   0%    10M |   n/a   n/a   1    0      0    0    0   0%  81.9M    n/a  n/a
   3   5c |   7 1.0   14   6.5M   93  282  75%    10M |  99.9   n/a   1   27  1.36M    7    7  50%  81.9M    n/a  n/a
   3   5d |   7 1.0   14   6.4M   88  280  76%    10M |  99.9   n/a   1   27  2.00M   10    6  37%  81.9M    n/a  n/a
   3   5e |   7 1.0   14   6.2M   92  273  74%    10M |  99.9   ovl   1   27  1.37M    7    5  41%  81.9M   260n  n/a
   3   5f |   7 1.0   14   6.5M   91  327  78%    10M |  99.9   ovl   1   27  1.99M   10    9  47%  81.9M   332n  n/a
   3   60 |   7 1.0   14   5.9M   86  328  79%    10M |  99.9   ovl   1   27  2.59M   13   10  43%  81.9M   -80n  n/a
   3   61 |   7 1.0   14   5.9M   90  305  77%    10M |  99.9   ovl   1   27  1.38M    7   11  61%  81.9M   332n  n/a
   3   62 |   7 1.0   14   6.9M   94  280  74%    10M |  99.9   n/a   1   27   599k    3    5  62%  81.9M    n/a  n/a
   3   63 |   7 1.0    0      0    0    0   0%    10M |   n/a   n/a   1    0      0    0    0   0%  81.9M    n/a  n/a
   4   64 |   7 1.0   18   8.3M  212  441  67%    10M |  99.9   ovl   1   27  3.04M   41   10  19%  81.9M  -115n  n/a
   4   65 |   7 1.0   18   8.0M  186  517  73%    10M |  99.9   ovl   1   27  2.79M   37   12  24%  81.9M  -240n  n/a
   4   66 |   7 1.0   18   8.3M  200  515  72%    10M |  99.9   ovl   1   27  2.72M   34   11  24%  81.9M   -76n  n/a
   4   67 |   7 1.0   18   8.4M  186  477  71%    10M |  99.9   ovl   1   27  1.90M   24   10  29%  81.9M  -172n  n/a
   4   68 |   7 1.0   18   8.6M  203  512  71%    10M |  99.9   ovl   1   27  2.59M   35   12  25%  81.9M  -624n  n/a
   4   69 |   7 1.0   18   7.6M  177  487  73%    10M |  99.9   ovl   1   27  2.80M   34   13  27%  81.9M  -449n  n/a
   4   6a |   7 1.0   18   8.7M  213  454  68%    10M |  99.9   ovl   1   27  2.53M   32    8  20%  81.9M   -66n  n/a
   4   6b |   7 1.0   18   8.2M  181  470  72%    10M |  99.9   ovl   1   27  2.06M   24    9  27%  81.9M  -487n  n/a
   0   44 |   7 1.0   18   8.9M  198  456  69%    10M |  99.9   ovl   1   27  2.45M   28   11  28%  81.9M  -560n  n/a
   0   45 |   7 1.0   18   8.6M  177  521  74%    10M |  99.9   ovl   1   27  1.87M   22   13  37%  81.9M  -355n  n/a
   0   46 |   7 1.0   18   8.9M  200  477  70%    10M |  99.9   ovl   1   27  2.32M   26   12  31%  81.9M  -129n  n/a
   0   47 |   7 1.0   18   8.1M  171  468  73%    10M |  99.9   ovl   1   27  2.43M   28    6  17%  81.9M  -492n  n/a
   0   48 |   7 1.0   18   8.0M  179  591  76%    10M |  99.9   ovl   1   27  2.25M   26    9  25%  81.9M  -546n  n/a
   0   49 |   7 1.0   18   8.6M  165  431  72%    10M |  99.9   ovl   1   27  2.28M   27   10  27%  81.9M  -219n  n/a
   0   4a |   7 1.0   18   8.5M  186  513  73%    10M |  99.9   ovl   1   27  2.33M   27   14  34%  81.9M  -743n  n/a
   0   4b |   7 1.0   18   9.0M  180  452  71%    10M |  99.9   ovl   1   27  2.05M   24   16  40%  81.9M  -264n  n/a
   1   4c |   7 1.0   14   7.0M   65  452  87%    10M |  99.9   n/a   1   27   250k    1    6  85%  81.9M    n/a  n/a
   1   4d |   7 1.0   14   7.4M   76  458  85%    10M |  99.9   n/a   1   27  2.02M    8   11  57%  81.9M    n/a  n/a
   1   4e |   7 1.0   14   7.4M   82  438  84%    10M |  99.9   n/a   1   27  1.77M    7    9  56%  81.9M    n/a  n/a
   1   4f |   7 1.0   14   7.4M   83  419  83%    10M |  99.9   n/a   1   27   250k    1    8  88%  81.9M    n/a  n/a
   1   50 |   7 1.0   14   7.0M   68  454  86%    10M |  99.9   n/a   1   27  1.78M    7    9  56%  81.9M    n/a  n/a
   1   51 |   7 1.0   14   7.2M   73  400  84%    10M |  99.9   n/a   1   27  2.53M   10    8  44%  81.9M    n/a  n/a
   1   52 |   7 1.0   14   7.5M   77  409  84%    10M |  99.9   n/a   1   27  1.78M    7    6  46%  81.9M    n/a  n/a
   1   53 |   7 1.0    0      0    0    0   0%    10M |   n/a   n/a   1    0      0    0    0   0%  81.9M    n/a  n/a
   2   54 |   7 1.0   14   7.8M   90  246  73%    10M |  99.9   ovl   1   27  2.02M    8    6  42%  81.9M  -164n  n/a
   2   55 |   7 1.0   14   7.9M   98  248  71%    10M |  99.9   ovl   1   27  2.77M   11    4  26%  81.9M   183n  n/a
   2   56 |   7 1.0   14   8.3M   90  200  68%    10M |  99.9   ovl   1   27  1.77M    7    7  50%  81.9M  -660n  n/a
   2   57 |   7 1.0   14   8.0M   86  221  71%    10M |  99.9   ovl   1   27  2.53M   10    9  47%  81.9M   461n  n/a
   2   58 |   7 1.0   14   7.3M   76  286  79%    10M |  99.9   ovl   1   27  2.25M    9    6  40%  81.9M  -659n  n/a
   2   59 |   7 1.0   14   7.8M   89  213  70%    10M |  99.9   ovl   1   27  4.80M   19   12  38%  81.9M  -660n  n/a
   2   5a |   7 1.0   14   7.7M   85  227  72%    10M |  99.9   ovl   1   27  2.02M    8    7  46%  81.9M  -659n  n/a
   2   5b |   7 1.0    0      0    0    0   0%    10M |   n/a   n/a   1    0      0    0    0   0%  81.9M    n/a  n/a
   3   5c |   7 1.0   14   6.0M   79  317  80%    10M |  99.9   n/a   1   27   795k    4    7  63%  81.9M    n/a  n/a
   3   5d |   7 1.0   14   5.9M   93  338  78%    10M |  99.9   n/a   1   27  1.00M    5   11  68%  81.9M    n/a  n/a
   3   5e |   7 1.0   14   4.4M   67  381  85%    10M |  99.9   ovl   1   27  3.17M   16   11  40%  81.9M   699n  n/a
   3   5f |   7 1.0   15   5.5M   88  377  81%    10M |  99.9   n/a   1   27   992k    5    8  61%  81.9M    n/a  n/a
   3   60 |   7 1.0   14   5.3M   78  373  82%    10M |  99.9   ovl   1   27   598k    3    4  57%  81.9M  -469n  n/a
   3   61 |   7 1.0   14   5.6M   87  305  77%    10M |  99.9   ovl   1   27  1.80M    9   12  57%  81.9M  -179n  n/a
   3   62 |   7 1.0   14   5.1M   79  402  83%    10M |  99.9   n/a   1   27   586k    3    4  57%  81.9M    n/a  n/a
   3   63 |   7 1.0    0      0    0    0   0%    10M |   n/a   n/a   1    0      0    0    0   0%  81.9M    n/a  n/a
   4   64 |   7 1.0   19   9.6M  235  434  64%    10M |  99.9   ovl   1   27  2.51M   33   10  23%  81.9M  -480n  n/a
   4   65 |   7 1.0   18   9.0M  215  437  67%    10M |  99.9   ovl   1   27  2.48M   33   10  23%  81.9M  -292n  n/a
   4   66 |   7 1.0   19   9.3M  213  462  68%    10M |  99.9   ovl   1   27  2.03M   26    8  23%  81.9M  -671n  n/a
   4   67 |   7 1.0   18   9.1M  207  391  65%    10M |  99.9   ovl   1   27  2.08M   27   11  28%  81.9M  -229n  n/a
   4   68 |   7 1.0   19   8.7M  206  483  70%    10M |  99.9   ovl   1   27  2.71M   35    9  20%  81.9M  -350n  n/a
   4   69 |   7 1.0   18   8.9M  196  429  68%    10M |  99.9   ovl   1   27  2.39M   30    7  18%  81.9M  -463n  n/a
   4   6a |   7 1.0   19   9.3M  215  432  66%    10M |  99.9   ovl   1   27  2.21M   30    9  23%  81.9M  -319n  n/a
   4   6b |   7 1.0   18   9.2M  214  408  65%    10M |  99.9   ovl   1   27  2.60M   33   12  26%  81.9M  -374n  n/a
   0   44 |   7 1.0   18   8.0M  170  545  76%    10M |  99.9   ovl   1   27  1.41M   16   11  40%  81.9M  -668n  n/a
   0   45 |   7 1.0   18   8.0M  153  506  76%    10M |  99.9   ovl   1   27  1.61M   20   14  41%  81.9M  -617n  n/a
   0   46 |   7 1.0   18   7.9M  186  476  71%    10M |  99.9   ovl   1   27  1.23M   15   14  48%  81.9M    -1u  n/a
   0   47 |   7 1.0   18   7.9M  164  496  75%    10M |  99.9   ovl   1   27  2.06M   23   11  32%  81.9M  -103n  n/a
   0   48 |   7 1.0   18   7.6M  167  613  78%    10M |  99.9   ovl   1   27  1.67M   19   15  44%  81.9M  -788n  n/a
   0   49 |   7 1.0   18   8.0M  151  496  76%    10M |  99.9   ovl   1   27  2.08M   22   12  35%  81.9M  -400n  n/a
   0   4a |   7 1.0   18   7.7M  158  555  77%    10M |  99.9   ovl   1   27  2.20M   24    9  27%  81.9M  -411n  n/a
   0   4b |   7 1.0   18   8.0M  164  519  75%    10M |  99.9   ovl   1   27  2.04M   23   12  34%  81.9M  -961n  n/a
   1   4c |   7 1.0   14   7.6M   65  462  87%    10M |  99.9   ovl   1   27  1.52M    6    9  60%  81.9M  -968n  n/a
   1   4d |   7 1.0   14   8.2M   75  424  84%    10M |  99.9   ovl   1   27  1.52M    6    9  60%  81.9M   409n  n/a
   1   4e |   7 1.0   14   8.1M   78  441  84%    10M |  99.9   ovl   1   27  1.25M    5    8  61%  81.9M   409n  n/a
   1   4f |   7 1.0   15   7.9M   72  429  85%    10M |  99.9   n/a   1   27  1.51M    6    9  60%  81.9M    n/a  n/a
   1   50 |   7 1.0   14   7.8M   78  425  84%    10M |  99.9   n/a   1   27  1.52M    6    8  57%  81.9M    n/a  n/a
   1   51 |   7 1.0   14   7.8M   72  423  85%    10M |  99.9   n/a   1   27  2.80M   11   10  47%  81.9M    n/a  n/a
   1   52 |   7 1.0   14   8.6M   73  468  86%    10M |  99.9   n/a   1   27  1.51M    6    6  50%  81.9M    n/a  n/a
   1   53 |   7 1.0    0      0    0    0   0%    10M |   n/a   n/a   1    0      0    0    0   0%  81.9M    n/a  n/a

          |--------------------DL---------------------|-------------------------------UL-----------------------------
 pci rnti | cqi  ri  mcs  brate   ok  nok  (%)  dl_bs | pusch  rsrp  ri  mcs  brate   ok  nok  (%)    bsr     ta  phr
   2   54 |   7 1.0   14   7.8M   85  213  71%    10M |  99.9   ovl   1   27  1.27M    5    5  50%  81.9M    93n  n/a
   2   55 |   7 1.0   14   7.3M   86  290  77%    10M |  99.9   n/a   1   27  4.54M   18   11  37%  81.9M    n/a  n/a
   2   56 |   7 1.0   14   8.3M   88  198  69%    10M |  99.9   ovl   1   27   754k    3    5  62%  81.9M  -148n  n/a
   2   57 |   7 1.0   14   7.1M   87  278  76%    10M |  99.9   ovl   1   27  2.03M    8    4  33%  81.9M  -660n  n/a
   2   58 |   7 1.0   14   7.6M   80  261  76%    10M |  99.9   ovl   1   27  1.50M    6   12  66%  81.9M  -320n  n/a
   2   59 |   7 1.0   14   7.0M   80  256  76%    10M |  99.9   ovl   1   27  1.25M    5   10  66%  81.9M  -660n  n/a
   2   5a |   7 1.0   14   8.2M   89  234  72%    10M |  99.9   ovl   1   27  1.76M    7   13  65%  81.9M   366n  n/a
   2   5b |   7 1.0    0      0    0    0   0%    10M |   n/a   n/a   1    0      0    0    0   0%  81.9M    n/a  n/a
   3   5c |   7 1.0   15   5.9M   84  299  78%    10M |  99.9   n/a   1   27   197k    1    8  88%  81.9M    n/a  n/a
   3   5d |   7 1.0   15   6.2M   85  302  78%    10M |  99.9   n/a   1   27   791k    4    7  63%  81.9M    n/a  n/a
   3   5e |   7 1.0   15   5.8M   87  315  78%    10M |  99.9   n/a   1   27   795k    4   14  77%  81.9M    n/a  n/a
   3   5f |   7 1.0   15   6.3M   78  272  77%    10M |  99.9   n/a   1   27  1.18M    6    5  45%  81.9M    n/a  n/a
   3   60 |   7 1.0   15   5.6M   82  305  78%    10M |  99.9   ovl   1   27   988k    5    7  58%  81.9M   515n  n/a
   3   61 |   7 1.0   15   6.0M   84  288  77%    10M |  99.9   n/a   1   27  1.39M    7    7  50%  81.9M    n/a  n/a
   3   62 |   7 1.0   15   6.7M   91  251  73%    10M |  99.9   n/a   1   27   394k    2   12  85%  81.9M    n/a  n/a
   3   63 |   7 1.0    0      0    0    0   0%    10M |   n/a   n/a   1    0      0    0    0   0%  81.9M    n/a  n/a
   4   64 |   7 1.0   19   7.3M  176  529  75%    10M |  99.9   ovl   1   27  1.90M   25   12  32%  81.9M  -244n  n/a
   4   65 |   7 1.0   19   7.5M  160  467  74%    10M |  99.9   ovl   1   27  1.43M   19   18  48%  81.9M    39n  n/a
   4   66 |   7 1.0   19   7.2M  167  510  75%    10M |  99.9   ovl   1   27  1.83M   24   16  40%  81.9M  -178n  n/a
   4   67 |   7 1.0   19   7.3M  157  466  74%    10M |  99.9   ovl   1   27  1.78M   23   10  30%  81.9M  -440n  n/a
   4   68 |   7 1.0   19   7.3M  175  579  76%    10M |  99.9   ovl   1   27  1.49M   21   10  32%  81.9M   673n  n/a
   4   69 |   7 1.0   19   7.0M  151  462  75%    10M |  99.9   ovl   1   27  2.20M   28    8  22%  81.9M  -619n  n/a
   4   6a |   7 1.0   19   7.6M  181  528  74%    10M |  99.9   ovl   1   27  1.99M   26    9  25%  81.9M  -498n  n/a
   4   6b |   7 1.0   19   6.8M  155  504  76%    10M |  99.9   ovl   1   27  1.53M   20    9  31%  81.9M   -58n  n/a
   0   44 |   7 1.0   19   8.5M  176  484  73%    10M |  99.9   ovl   1   27  1.74M   19   12  38%  81.9M  -389n  n/a
   0   45 |   7 1.0   18   8.0M  162  516  76%    10M |  99.9   ovl   1   27  1.91M   23   12  34%  81.9M  -595n  n/a
   0   46 |   7 1.0   19   8.0M  171  558  76%    10M |  99.9   ovl   1   27  2.47M   27   12  30%  81.9M  -507n  n/a
   0   47 |   7 1.0   18   7.7M  156  475  75%    10M |  99.9   ovl   1   27  1.99M   22   10  31%  81.9M  -961n  n/a
   0   48 |   7 1.0   19   7.9M  179  515  74%    10M |  99.9   ovl   1   27  1.51M   18   19  51%  81.9M  -351n  n/a
   0   49 |   7 1.0   18   8.0M  168  510  75%    10M |  99.9   ovl   1   27  1.67M   21    7  25%  81.9M  -419n  n/a
   0   4a |   7 1.0   19   8.4M  178  483  73%    10M |  99.9   n/a   1   27  1.59M   17   12  41%  81.9M    n/a  n/a
   0   4b |   7 1.0   18   7.6M  155  529  77%    10M |  99.9   ovl   1   27  2.04M   21   12  36%  81.9M  -334n  n/a
   1   4c |   7 1.0   15   8.0M   79  340  81%    10M |  99.9   n/a   1   27  1.01M    4    2  33%  81.9M    n/a  n/a
   1   4d |   7 1.0   15   7.9M   78  320  80%    10M |  99.9   n/a   1   27  2.03M    8   10  55%  81.9M    n/a  n/a
   1   4e |   7 1.0   15   8.1M   83  372  81%    10M |  99.9   ovl   1   27  3.32M   13   12  48%  81.9M   107n  n/a
   1   4f |   7 1.0   15   7.8M   82  361  81%    10M |  99.9   n/a   1   27  1.02M    4    6  60%  81.9M    n/a  n/a
   1   50 |   7 1.0   14   7.7M   79  389  83%    10M |  99.9   n/a   1   27  1.79M    7   14  66%  81.9M    n/a  n/a
   1   51 |   7 1.0   15   7.6M   78  360  82%    10M |  99.9   n/a   1   27  1.27M    5    6  54%  81.9M    n/a  n/a
   1   52 |   7 1.0   15   7.7M   81  354  81%    10M |  99.9   n/a   1   27  4.03M   16   11  40%  81.9M    n/a  n/a
   1   53 |   7 1.0    0      0    0    0   0%    10M |   n/a   n/a   1    0      0    0    0   0%  81.9M    n/a  n/a
   2   54 |   7 1.0   15    11M  109  161  59%    10M |  99.9   ovl   1   27  2.79M   11    4  26%  81.9M  -174n  n/a
   2   55 |   7 1.0   15    13M  120  166  58%    10M |  99.9   ovl   1   27  3.80M   15    8  34%  81.9M   168n  n/a
   2   56 |   7 1.0   14    12M  103  169  62%    10M |  99.9   ovl   1   27  3.28M   13   11  45%  81.9M   155n  n/a
   2   57 |   7 1.0   14    11M  110  165  60%    10M |  99.9   ovl   1   27  6.33M   25    7  21%  81.9M    75n  n/a
   2   58 |   7 1.0   14    11M  107  183  63%    10M |  99.9   n/a   1   27  6.32M   25    8  24%  81.9M    n/a  n/a
   2   59 |   7 1.0   14    12M  118  155  56%    10M |  99.9   ovl   1   27  3.53M   14    4  22%  81.9M   155n  n/a
   2   5a |   7 1.0   15    12M  104  181  63%    10M |  99.9   ovl   1   27  3.54M   14    3  17%  81.9M    -8n  n/a
   2   5b |   7 1.0    0      0    0    0   0%    10M |   n/a   n/a   1    0      0    0    0   0%  81.9M    n/a  n/a
   3   5c |   7 1.0   15   5.5M   66  497  88%    10M |  99.9   n/a   1   27  1.39M    7   13  65%  81.9M    n/a  n/a
   3   5d |   7 1.0   15   5.5M   71  442  86%    10M |  99.9   n/a   1   27  1.01M    5   12  70%  81.9M    n/a  n/a
   3   5e |   7 1.0   15   4.7M   55  519  90%    10M |  99.9   n/a   1   27   389k    2    3  60%  81.9M    n/a  n/a
   3   5f |   7 1.0   15   5.3M   64  443  87%    10M |  99.9   n/a   1   27  1.17M    6    8  57%  81.9M    n/a  n/a
   3   60 |   7 1.0   15   5.4M   68  460  87%    10M |   n/a   n/a   1   27      0    0    6 100%  81.9M    n/a  n/a
   3   61 |   7 1.0   15   5.4M   65  447  87%    10M |  99.9   n/a   1   27  1.59M    8   13  61%  81.9M    n/a  n/a
   3   62 |   7 1.0   15   5.7M   72  480  86%    10M |  99.9   n/a   1   27   598k    3    5  62%  81.9M    n/a  n/a
   3   63 |   7 1.0    0      0    0    0   0%    10M |   n/a   n/a   1    0      0    0    0   0%  81.9M    n/a  n/a
   4   64 |   7 1.0   19   7.9M  177  528  74%    10M |  99.9   ovl   1   27  1.53M   21   15  41%  81.9M  -317n  n/a
   4   65 |   7 1.0   19   7.5M  157  491  75%    10M |  99.9   ovl   1   27  1.57M   20    9  31%  81.9M  -219n  n/a
   4   66 |   7 1.0   19   7.4M  182  563  75%    10M |  99.9   ovl   1   27  2.13M   26   14  35%  81.9M  -735n  n/a
   4   67 |   7 1.0   19   8.0M  170  478  73%    10M |  99.9   ovl   1   27  1.46M   20   14  41%  81.9M  -519n  n/a
   4   68 |   7 1.0   19   7.7M  178  517  74%    10M |  99.9   ovl   1   27  1.84M   24   16  40%  81.9M   -46n  n/a
   4   69 |   7 1.0   19   8.0M  168  500  74%    10M |  99.9   ovl   1   27  1.57M   20   13  39%  81.9M    46n  n/a
   4   6a |   7 1.0   19   8.2M  197  618  75%    10M |  99.9   ovl   1   27  2.03M   24    9  27%  81.9M  -222n  n/a
   4   6b |   7 1.0   19   7.5M  165  492  74%    10M |  99.9   ovl   1   27  1.78M   24   16  40%  81.9M  -707n  n/a
   0   44 |   7 1.0   19   9.4M  195  519  72%    10M |  99.9   ovl   1   27  1.03M   12   16  57%  81.9M  -963n  n/a
   0   45 |   7 1.0   19   9.3M  176  518  74%    10M |  99.9   ovl   1   27  2.08M   24   15  38%  81.9M  -961n  n/a
   0   46 |   7 1.0   19   9.5M  198  541  73%    10M |  99.9   ovl   1   27  2.25M   25   10  28%  81.9M  -241n  n/a
   0   47 |   7 1.0   19   9.2M  179  501  73%    10M |  99.9   ovl   1   27  1.27M   14   15  51%  81.9M  -866n  n/a
   0   48 |   7 1.0   19   9.3M  187  570  75%    10M |  99.9   n/a   1   27  2.19M   23   13  36%  81.9M    n/a  n/a
   0   49 |   7 1.0   19   9.2M  183  528  74%    10M |  99.9   ovl   1   27  1.94M   20   19  48%  81.9M     1u  n/a
   0   4a |   7 1.0   19   9.4M  174  570  76%    10M |  99.9   ovl   1   27  1.11M   12   16  57%  81.9M    -1u  n/a
   0   4b |   7 1.0   19   9.1M  171  492  74%    10M |  99.9   n/a   1   27  2.01M   22   10  31%  81.9M    n/a  n/a
   1   4c |   7 1.0   15   8.1M   72  239  76%    10M |  99.9   ovl   1   27  3.56M   14   10  41%  81.9M  -126n  n/a
   1   4d |   7 1.0   15   9.3M   92  186  66%    10M |  99.9   ovl   1   27  2.28M    9    4  30%  81.9M   900n  n/a
   1   4e |   7 1.0   15    10M  100  176  63%    10M |  99.9   n/a   1   27  2.29M    9   18  66%  81.9M    n/a  n/a
   1   4f |   7 1.0   15   9.6M   88  219  71%    10M |  99.9   ovl   1   27  3.25M   13   11  45%  81.9M   139n  n/a
   1   50 |   7 1.0   15   9.2M   84  214  71%    10M |  99.9   ovl   1   27  1.04M    4   10  71%  81.9M  -968n  n/a
   1   51 |   7 1.0   15   9.8M   94  239  71%    10M |  99.9   ovl   1   27  1.02M    4    5  55%  81.9M   257n  n/a
   1   52 |   7 1.0   15  10.0M   97  204  67%    10M |  99.9   n/a   1   27  3.55M   14    9  39%  81.9M    n/a  n/a
   1   53 |   7 1.0    0      0    0    0   0%    10M |   n/a   n/a   1    0      0    0    0   0%  81.9M    n/a  n/a
   2   54 |   7 1.0   15   9.8M   86  189  68%    10M |  99.9   n/a   1   27  1.27M    5    7  58%  81.9M    n/a  n/a
   2   55 |   7 1.0   15    10M   95  192  66%    10M |  99.9   ovl   1   27  2.00M    8    7  46%  81.9M    93n  n/a
   2   56 |   7 1.0   15   9.6M   88  243  73%    10M |  99.9   ovl   1   27  2.25M    9    9  50%  81.9M    74n  n/a
   2   57 |   7 1.0   15    10M   98  193  66%    10M |  99.9   ovl   1   27  2.03M    8    7  46%  81.9M  -293n  n/a
   2   58 |   7 1.0   15    10M   95  179  65%    10M |  99.9   ovl   1   27  2.76M   11   12  52%  81.9M   358n  n/a
   2   59 |   7 1.0   15    10M  106  209  66%    10M |  99.9   ovl   1   27  2.79M   11   11  50%  81.9M    64n  n/a
   2   5a |   7 1.0   15    10M   96  180  65%    10M |  99.9   n/a   1   27  2.27M    9   11  55%  81.9M    n/a  n/a
   2   5b |   7 1.0    0      0    0    0   0%    10M |   n/a   n/a   1    0      0    0    0   0%  81.9M    n/a  n/a

          |--------------------DL---------------------|-------------------------------UL-----------------------------
 pci rnti | cqi  ri  mcs  brate   ok  nok  (%)  dl_bs | pusch  rsrp  ri  mcs  brate   ok  nok  (%)    bsr     ta  phr
   3   5c |   7 1.0   15   6.5M   74  413  84%    10M |  99.9   n/a   1   27  1000k    5   11  68%  81.9M    n/a  n/a
   3   5d |   7 1.0   15   5.9M   74  436  85%    10M |  99.9   n/a   1   27   992k    5   11  68%  81.9M    n/a  n/a
   3   5e |   7 1.0   15   7.1M   78  391  83%    10M |  99.9   n/a   1   27   992k    5    9  64%  81.9M    n/a  n/a
   3   5f |   7 1.0   15   6.0M   67  411  85%    10M |  99.9   ovl   1   27  1.39M    7   12  63%  81.9M   699n  n/a
   3   60 |   7 1.0   15   6.4M   76  399  84%    10M |  99.9   ovl   1   27  1.02M    5   14  73%  81.9M  -759n  n/a
   3   61 |   7 1.0   15   6.2M   66  429  86%    10M |  99.9   ovl   1   27   586k    3   13  81%  81.9M   699n  n/a
   3   62 |   7 1.0   15   6.2M   67  428  86%    10M |  99.9   n/a   1   27  1.01M    5   10  66%  81.9M    n/a  n/a
   3   63 |   7 1.0    0      0    0    0   0%    10M |   n/a   n/a   1    0      0    0    0   0%  81.9M    n/a  n/a
   4   64 |   7 1.0   19   8.1M  178  536  75%    10M |  99.9   ovl   1   27  1.33M   17   19  52%  81.9M  -659n  n/a
   4   65 |   7 1.0   19   7.7M  170  568  76%    10M |  99.9   ovl   1   27  1.55M   19   13  40%  81.9M  -848n  n/a
   4   66 |   7 1.0   19   7.8M  174  530  75%    10M |  99.9   ovl   1   27  1.79M   24   15  38%  81.9M  -494n  n/a
   4   67 |   7 1.0   19   7.5M  163  561  77%    10M |  99.9   ovl   1   27  2.09M   28    8  22%  81.9M  -864n  n/a
   4   68 |   7 1.0   19   8.2M  191  536  73%    10M |  99.9   ovl   1   27  2.23M   29    8  21%  81.9M  -659n  n/a
   4   69 |   7 1.0   19   7.9M  170  533  75%    10M |  99.9   ovl   1   27  1.28M   17   12  41%  81.9M   684n  n/a
   4   6a |   7 1.0   19   8.2M  190  533  73%    10M |  99.9   n/a   1   27  1.60M   20   13  39%  81.9M    n/a  n/a
   4   6b |   7 1.0   19   7.7M  171  511  74%    10M |  99.9   ovl   1   27  1.33M   19   14  42%  81.9M  -597n  n/a
   0   44 |   7 1.0   19    10M  213  507  70%    10M |  99.9   ovl   1   27  2.36M   27   17  38%  81.9M  -546n  n/a
   0   45 |   7 1.0   19   9.5M  172  482  73%    10M |  99.9   ovl   1   27  2.48M   28   15  34%  81.9M  -621n  n/a
   0   46 |   7 1.0   19   9.5M  191  442  69%    10M |  99.9   ovl   1   27  2.38M   25   17  40%  81.9M  -619n  n/a
   0   47 |   7 1.0   19   9.6M  187  478  71%    10M |  99.9   ovl   1   27  2.29M   26   10  27%  81.9M   167n  n/a
   0   48 |   7 1.0   19   9.4M  198  561  73%    10M |  99.9   ovl   1   27  2.73M   30   12  28%  81.9M  -226n  n/a
   0   49 |   7 1.0   19   9.3M  171  484  73%    10M |  99.9   ovl   1   27  2.01M   21   10  32%  81.9M  -688n  n/a
   0   4a |   7 1.0   19   9.8M  199  540  73%    10M |  99.9   ovl   1   27  2.05M   23   22  48%  81.9M   -54n  n/a
   0   4b |   7 1.0   19   9.3M  170  453  72%    10M |  99.9   ovl   1   27  1.82M   20   11  35%  81.9M  -550n  n/a
   1   4c |   7 1.0   15   9.1M   92  273  74%    10M |  99.9   ovl   1   27  2.27M    9   11  55%  81.9M   409n  n/a
   1   4d |   7 1.0   15   8.5M   87  270  75%    10M |  99.9   n/a   1   27  2.50M   10    9  47%  81.9M    n/a  n/a
   1   4e |   7 1.0   15   8.8M  100  270  72%    10M |  99.9   ovl   1   27  1.55M    6    9  60%  81.9M  -968n  n/a
   1   4f |   7 1.0   15   8.5M   92  261  73%    10M |  99.9   ovl   1   27  2.30M    9    8  47%  81.9M  -968n  n/a
   1   50 |   7 1.0   15   7.8M   75  229  75%    10M |  99.9   ovl   1   27   258k    1    8  88%  81.9M  -968n  n/a
   1   51 |   7 1.0   15   9.1M   92  252  73%    10M |  99.9   ovl   1   27  1.77M    7    9  56%  81.9M   -25n  n/a
   1   52 |   7 1.0   15   7.4M   75  310  80%    10M |  99.9   ovl   1   27  2.54M   10   10  50%  81.9M   107n  n/a
   1   53 |   7 1.0    0      0    0    0   0%    10M |   n/a   n/a   1    0      0    0    0   0%  81.9M    n/a  n/a
   2   54 |   7 1.0   15   8.2M   82  248  75%    10M |  99.9   ovl   1   27  2.80M   11    7  38%  81.9M    75n  n/a
   2   55 |   7 1.0   15   9.1M   89  257  74%    10M |  99.9   n/a   1   27  2.51M   10   12  54%  81.9M    n/a  n/a
   2   56 |   7 1.0   15   8.9M   82  246  75%    10M |  99.9   n/a   1   27  1.52M    6   13  68%  81.9M    n/a  n/a
   2   57 |   7 1.0   15   8.4M   84  262  75%    10M |  99.9   ovl   1   27  2.28M    9    7  43%  81.9M   -79n  n/a
   2   58 |   7 1.0   15   9.4M   82  228  73%    10M |  99.9   ovl   1   27  3.30M   13    5  27%  81.9M  -659n  n/a
   2   59 |   7 1.0   15   8.7M   86  282  76%    10M |  99.9   ovl   1   27  2.03M    8    7  46%  81.9M  -149n  n/a
   2   5a |   7 1.0   15   8.8M   78  261  76%    10M |  99.9   ovl   1   27  3.53M   14   10  41%  81.9M  -660n  n/a
   2   5b |   7 1.0    0      0    0    0   0%    10M |   n/a   n/a   1    0      0    0    0   0%  81.9M    n/a  n/a
   3   5c |   7 1.0   15   6.5M   79  362  82%    10M |  99.9   ovl   1   27  1.39M    7   13  65%  81.9M   317n  n/a
   3   5d |   7 1.0   15   6.1M   75  366  82%    10M |  99.9   ovl   1   27   406k    2    9  81%  81.9M   699n  n/a
   3   5e |   7 1.0   15   6.5M   83  426  83%    10M |  99.9   ovl   1   27   808k    4   12  75%  81.9M   332n  n/a
   3   5f |   7 1.0   15   6.2M   79  403  83%    10M |  99.9   ovl   1   27   996k    5    9  64%  81.9M   332n  n/a
   3   60 |   7 1.0   15   6.0M   69  440  86%    10M |  99.9   n/a   1   27  1.18M    6    6  50%  81.9M    n/a  n/a
   3   61 |   7 1.0   15   6.1M   76  432  85%    10M |  99.9   n/a   1   27  1.99M   10    4  28%  81.9M    n/a  n/a
   3   62 |   7 1.0   15   5.8M   63  401  86%    10M |  99.9   n/a   1   27   984k    5    7  58%  81.9M    n/a  n/a
   3   63 |   7 1.0    0      0    0    0   0%    10M |   n/a   n/a   1    0      0    0    0   0%  81.9M    n/a  n/a
   4   64 |   7 1.0   19   8.4M  182  497  73%    10M |  99.9   ovl   1   27  1.60M   22   17  43%  81.9M  -533n  n/a
   4   65 |   7 1.0   19   8.6M  185  491  72%    10M |  99.9   ovl   1   27  1.50M   20   15  42%  81.9M   -54n  n/a
   4   66 |   7 1.0   19   8.3M  192  561  74%    10M |  99.9   ovl   1   27  1.75M   24   15  38%  81.9M  -194n  n/a
   4   67 |   7 1.0   19   8.7M  192  470  70%    10M |  99.9   ovl   1   27  1.47M   19   15  44%  81.9M  -549n  n/a
   4   68 |   7 1.0   19   8.5M  191  501  72%    10M |  99.9   ovl   1   27  1.93M   25   16  39%  81.9M  -357n  n/a
   4   69 |   7 1.0   19   8.7M  188  510  73%    10M |  99.9   ovl   1   27  1.67M   21   13  38%  81.9M  -189n  n/a
   4   6a |   7 1.0   19   8.4M  191  475  71%    10M |  99.9   ovl   1   27  1.83M   25   14  35%  81.9M  -350n  n/a
   4   6b |   7 1.0   19   8.5M  178  466  72%    10M |  99.9   ovl   1   27  1.95M   27   14  34%  81.9M  -191n  n/a
   0   44 |   7 1.0   19   4.9M  111  795  87%    10M |  99.9   ovl   1   27   893k   10   15  60%  81.9M  -186n  n/a
   0   45 |   7 1.0   19   5.0M  106  644  85%    10M |  99.9   n/a   1   27   752k    9   12  57%  81.9M    n/a  n/a
   0   46 |   7 1.0   19   5.9M  121  640  84%    10M |  99.9   ovl   1   27  1.55M   16   13  44%  81.9M  -642n  n/a
   0   47 |   7 1.0   19   5.1M   93  600  86%    10M |  99.9   ovl   1   27  1.29M   15   13  46%  81.9M  -416n  n/a
   0   48 |   7 1.0   19   5.4M  117  660  84%    10M |  99.9   n/a   1   27  1.00M   11   11  50%  81.9M    n/a  n/a
   0   49 |   7 1.0   19   4.7M   87  627  87%    10M |  99.9   ovl   1   27  1.39M   16   12  42%  81.9M  -391n  n/a
   0   4a |   7 1.0   19   4.9M   92  641  87%    10M |  99.9   ovl   1   27   840k    9   14  60%  81.9M  -651n  n/a
   0   4b |   7 1.0   19   5.1M   97  616  86%    10M |  99.9   ovl   1   27  1.36M   14   11  44%  81.9M  -686n  n/a
   1   4c |   7 1.0   15   7.9M   82  277  77%    10M |  99.9   n/a   1   27  2.78M   11    6  35%  81.9M    n/a  n/a
   1   4d |   7 1.0   15   8.0M   86  269  75%    10M |  99.9   ovl   1   27  1.25M    5    7  58%  81.9M  -431n  n/a
   1   4e |   7 1.0   15   7.8M   86  259  75%    10M |  99.9   n/a   1   27  3.04M   12    2  14%  81.9M    n/a  n/a
   1   4f |   7 1.0   15   8.4M   86  319  78%    10M |  99.9   n/a   1   27   988k    4    3  42%  81.9M    n/a  n/a
   1   50 |   7 1.0   15   7.4M   80  357  81%    10M |  99.9   n/a   1   27  1.26M    5    6  54%  81.9M    n/a  n/a
   1   51 |   7 1.0   15   8.4M   97  294  75%    10M |  99.9   n/a   1   27  2.27M    9    5  35%  81.9M    n/a  n/a
   1   52 |   7 1.0   15   7.0M   78  272  77%    10M |  99.9   n/a   1   27  2.78M   11    9  45%  81.9M    n/a  n/a
   1   53 |   7 1.0    0      0    0    0   0%    10M |   n/a   n/a   1    0      0    0    0   0%  81.9M    n/a  n/a
   2   54 |   7 1.0   15   9.6M   93  313  77%    10M |  99.9   ovl   1   27  2.54M   10    7  41%  81.9M    81n  n/a
   2   55 |   7 1.0   15    10M  102  264  72%    10M |  99.9   ovl   1   27  3.79M   15    3  16%  81.9M   165n  n/a
   2   56 |   7 1.0   15   9.5M   93  313  77%    10M |  99.9   ovl   1   27  3.80M   15    4  21%  81.9M   126n  n/a
   2   57 |   7 1.0   15    10M   96  301  75%    10M |  99.9   ovl   1   27  3.31M   13    5  27%  81.9M   604n  n/a
   2   58 |   7 1.0   15   9.7M   95  340  78%    10M |  99.9   ovl   1   27  2.80M   11    6  35%  81.9M   160n  n/a
   2   59 |   7 1.0   15    10M   98  296  75%    10M |  99.9   ovl   1   27  3.53M   14    3  17%  81.9M   211n  n/a
   2   5a |   7 1.0   15  10.0M   94  306  76%    10M |  99.9   ovl   1   27  3.55M   14    6  30%  81.9M   336n  n/a
   2   5b |   7 1.0    0      0    0    0   0%    10M |   n/a   n/a   1    0      0    0    0   0%  81.9M    n/a  n/a
   3   5c |   7 1.0   15   5.7M   68  482  87%    10M |  99.9   n/a   1   27  1.41M    7    6  46%  81.9M    n/a  n/a
   3   5d |   7 1.0   15   5.7M   70  457  86%    10M |  99.9   n/a   1   27  1.59M    8    4  33%  81.9M    n/a  n/a
   3   5e |   7 1.0   15   6.0M   68  481  87%    10M |  99.9   n/a   1   27  1.19M    6    4  40%  81.9M    n/a  n/a
   3   5f |   7 1.0   15   5.7M   61  438  87%    10M |  99.9   n/a   1   27   804k    4    8  66%  81.9M    n/a  n/a
   3   60 |   7 1.0   15   5.6M   68  455  86%    10M |  99.9   n/a   1   27   594k    3    9  75%  81.9M    n/a  n/a
   3   61 |   7 1.0   15   5.4M   65  445  87%    10M |  99.9   n/a   1   27   394k    2    4  66%  81.9M    n/a  n/a
   3   62 |   7 1.0   15   6.0M   68  459  87%    10M |  99.9   n/a   1   27  1.01M    5    5  50%  81.9M    n/a  n/a
   3   63 |   7 1.0    0      0    0    0   0%    10M |   n/a   n/a   1    0      0    0    0   0%  81.9M    n/a  n/a

          |--------------------DL---------------------|-------------------------------UL-----------------------------
 pci rnti | cqi  ri  mcs  brate   ok  nok  (%)  dl_bs | pusch  rsrp  ri  mcs  brate   ok  nok  (%)    bsr     ta  phr
   4   64 |   7 1.0   19   6.6M  152  595  79%    10M |  99.9   ovl   1   27  1.40M   19   11  36%  81.9M  -131n  n/a
   4   65 |   7 1.0   19   6.7M  137  545  79%    10M |  99.9   ovl   1   27  1.23M   16   13  44%  81.9M  -401n  n/a
   4   66 |   7 1.0   19   6.6M  148  633  81%    10M |  99.9   ovl   1   27  1.45M   18   12  40%  81.9M    76n  n/a
   4   67 |   7 1.0   19   6.3M  132  568  81%    10M |  99.9   ovl   1   27  1.65M   20   16  44%  81.9M  -593n  n/a
   4   68 |   7 1.0   19   7.3M  173  557  76%    10M |  99.9   ovl   1   27  2.05M   25    5  16%  81.9M   -45n  n/a
   4   69 |   7 1.0   19   6.5M  132  554  80%    10M |  99.9   ovl   1   27  1.57M   20   10  33%  81.9M  -325n  n/a
   4   6a |   7 1.0   19   6.6M  153  626  80%    10M |  99.9   ovl   1   27  1.43M   17   13  43%  81.9M  -238n  n/a
   4   6b |   7 1.0   19   5.9M  120  568  82%    10M |  99.9   ovl   1   27  1.73M   22   13  37%  81.9M  -287n  n/a
   0   44 |   7 1.0   19    10M  200  566  73%    10M |  99.9   ovl   1   27  3.16M   33   12  26%  81.9M  -740n  n/a
   0   45 |   7 1.0   19    10M  191  510  72%    10M |  99.9   ovl   1   27  1.87M   19   19  50%  81.9M  -779n  n/a
   0   46 |   7 1.0   19    10M  208  526  71%    10M |  99.9   ovl   1   27  2.93M   32   10  23%  81.9M  -387n  n/a
   0   47 |   7 1.0   19   9.8M  187  496  72%    10M |  99.9   ovl   1   27  2.70M   29   13  30%  81.9M  -892n  n/a
   0   48 |   7 1.0   19   9.9M  210  544  72%    10M |  99.9   ovl   1   27  1.84M   20   14  41%  81.9M  -323n  n/a
   0   49 |   7 1.0   19    10M  188  502  72%    10M |  99.9   ovl   1   27  2.60M   28   16  36%  81.9M  -752n  n/a
   0   4a |   7 1.0   19    11M  206  475  69%    10M |  99.9   ovl   1   27  2.30M   25   14  35%  81.9M  -767n  n/a
   0   4b |   7 1.0   19    10M  193  476  71%    10M |  99.9   ovl   1   27  3.15M   34   14  29%  81.9M  -538n  n/a
   1   4c |   7 1.0   15   8.7M   85  257  75%    10M |  99.9   n/a   1   27  1.50M    6    6  50%  81.9M    n/a  n/a
   1   4d |   7 1.0   15   8.0M   85  280  76%    10M |  99.9   ovl   1   27  3.04M   12   13  52%  81.9M   409n  n/a
   1   4e |   7 1.0   15   9.3M   91  251  73%    10M |  99.9   ovl   1   27  1.52M    6    8  57%  81.9M   106n  n/a
   1   4f |   7 1.0   15   8.9M   83  255  75%    10M |  99.9   ovl   1   27  2.01M    8    5  38%  81.9M   654n  n/a
   1   50 |   7 1.0   15   8.9M   82  200  70%    10M |  99.9   ovl   1   27  3.30M   13   12  48%  81.9M  -968n  n/a
   1   51 |   7 1.0   15   8.6M   85  269  75%    10M |  99.9   ovl   1   27  3.07M   12    7  36%  81.9M   107n  n/a
   1   52 |   7 1.0   15   9.7M   90  217  70%    10M |  99.9   n/a   1   27  1.26M    5    4  44%  81.9M    n/a  n/a
   1   53 |   7 1.0    0      0    0    0   0%    10M |   n/a   n/a   1    0      0    0    0   0%  81.9M    n/a  n/a
   2   54 |   7 1.0   15    12M  109  196  64%    10M |  99.9   ovl   1   27  4.84M   19    5  20%  81.9M   216n  n/a
   2   55 |   7 1.0   15    12M  105  230  68%    10M |  99.9   ovl   1   27  4.57M   18    5  21%  81.9M   -75n  n/a
   2   56 |   7 1.0   15    13M  106  146  57%    10M |  99.9   ovl   1   27  4.58M   18    9  33%  81.9M   522n  n/a
   2   57 |   7 1.0   15    11M  100  275  73%    10M |  99.9   ovl   1   27  3.82M   15    6  28%  81.9M   211n  n/a
   2   58 |   7 1.0   15    12M  105  219  67%    10M |  99.9   ovl   1   27  5.85M   23    8  25%  81.9M   296n  n/a
   2   59 |   7 1.0   15    12M   99  215  68%    10M |  99.9   ovl   1   27  3.82M   15    9  37%  81.9M    87n  n/a
   2   5a |   7 1.0   15    12M  107  214  66%    10M |  99.9   ovl   1   27  5.56M   22    6  21%  81.9M   155n  n/a
   2   5b |   7 1.0    0      0    0    0   0%    10M |   n/a   n/a   1    0      0    0    0   0%  81.9M    n/a  n/a
   3   5c |   7 1.0   15   6.5M   74  403  84%    10M |  99.9   n/a   1   27   791k    4    7  63%  81.9M    n/a  n/a
   3   5d |   7 1.0   15   5.6M   70  407  85%    10M |  99.9   n/a   1   27  1.80M    9   12  57%  81.9M    n/a  n/a
   3   5e |   7 1.0   15   6.2M   71  416  85%    10M |  99.9   n/a   1   27  1.80M    9   14  60%  81.9M    n/a  n/a
   3   5f |   7 1.0   15   5.7M   71  430  85%    10M |  99.9   n/a   1   27  1.01M    5    7  58%  81.9M    n/a  n/a
   3   60 |   7 1.0   15   6.3M   80  457  85%    10M |  99.9   ovl   1   27  1.19M    6    6  50%  81.9M  -179n  n/a
   3   61 |   7 1.0   15   6.0M   72  410  85%    10M |  99.9   ovl   1   27   394k    2    7  77%  81.9M   332n  n/a
   3   62 |   7 1.0   15   6.2M   76  411  84%    10M |  99.9   n/a   1   27  1.20M    6    7  53%  81.9M    n/a  n/a
   3   63 |   7 1.0    0      0    0    0   0%    10M |   n/a   n/a   1    0      0    0    0   0%  81.9M    n/a  n/a
   4   64 |   7 1.0   19   8.1M  193  509  72%    10M |  99.9   ovl   1   27  2.10M   26    9  25%  81.9M  -244n  n/a
   4   65 |   7 1.0   19   7.7M  164  510  75%    10M |  99.9   ovl   1   27  1.71M   22   11  33%  81.9M  -101n  n/a
   4   66 |   7 1.0   19   7.7M  182  494  73%    10M |  99.9   ovl   1   27  2.01M   26    9  25%  81.9M   488n  n/a
   4   67 |   7 1.0   19   7.3M  153  497  76%    10M |  99.9   ovl   1   27  1.95M   27    8  22%  81.9M  -659n  n/a
   4   68 |   7 1.0   19   8.2M  187  489  72%    10M |  99.9   ovl   1   27  1.96M   24   15  38%  81.9M  -318n  n/a
   4   69 |   7 1.0   19   7.6M  159  529  76%    10M |  99.9   ovl   1   27  2.04M   29   10  25%  81.9M  -297n  n/a
   4   6a |   7 1.0   19   7.7M  175  569  76%    10M |  99.9   n/a   1   27  1.29M   17    9  34%  81.9M    n/a  n/a
   4   6b |   7 1.0   19   7.5M  163  535  76%    10M |  99.9   ovl   1   27  1.09M   15   24  61%  81.9M  -600n  n/a
   0   44 |   7 1.0   19   8.4M  157  599  79%    10M |  99.9   ovl   1   27  1.66M   19   16  45%  81.9M  -144n  n/a
   0   45 |   7 1.0   19   9.2M  184  518  73%    10M |  99.9   ovl   1   27  2.46M   28   10  26%  81.9M  -348n  n/a
   0   46 |   7 1.0   19   8.4M  181  505  73%    10M |  99.9   ovl   1   27  1.73M   20    9  31%  81.9M  -317n  n/a
   0   47 |   7 1.0   19   9.3M  169  476  73%    10M |  99.9   ovl   1   27  2.12M   23   14  37%  81.9M  -446n  n/a
   0   48 |   7 1.0   19   9.0M  193  573  74%    10M |  99.9   ovl   1   27  2.21M   26   18  40%  81.9M  -961n  n/a
   0   49 |   7 1.0   19   9.3M  162  442  73%    10M |  99.9   ovl   1   27  2.33M   24   16  40%  81.9M     1u  n/a
   0   4a |   7 1.0   19   9.4M  184  528  74%    10M |  99.9   ovl   1   27  2.37M   27   12  30%  81.9M  -659n  n/a
   0   4b |   7 1.0   19   9.1M  172  511  74%    10M |  99.9   ovl   1   27  1.84M   21   10  32%  81.9M  -241n  n/a
   1   4c |   7 1.0   15   8.5M   91  303  76%    10M |  99.9   n/a   1   27  1.77M    7    9  56%  81.9M    n/a  n/a
   1   4d |   7 1.0   15   9.1M   89  246  73%    10M |  99.9   n/a   1   27  2.27M    9   12  57%  81.9M    n/a  n/a
   1   4e |   7 1.0   15   9.2M   88  241  73%    10M |  99.9   n/a   1   27  1.78M    7    8  53%  81.9M    n/a  n/a
   1   4f |   7 1.0   15   8.0M   81  281  77%    10M |  99.9   n/a   1   27  2.29M    9   10  52%  81.9M    n/a  n/a
   1   50 |   7 1.0   15   9.4M   94  248  72%    10M |  99.9   ovl   1   27  2.27M    9    3  25%  81.9M   258n  n/a
   1   51 |   7 1.0   15   8.1M   78  252  76%    10M |  99.9   n/a   1   27  2.77M   11   10  47%  81.9M    n/a  n/a
   1   52 |   7 1.0   15   8.0M   82  272  76%    10M |  99.9   ovl   1   27   771k    3    7  70%  81.9M  -279n  n/a
   1   53 |   7 1.0    0      0    0    0   0%    10M |   n/a   n/a   1    0      0    0    0   0%  81.9M    n/a  n/a
   2   54 |   7 1.0   15   8.8M   93  383  80%    10M |  99.9   ovl   1   27  1.77M    7   11  61%  81.9M  -660n  n/a
   2   55 |   7 1.0   15   8.6M   81  349  81%    10M |  99.9   n/a   1   27  1.52M    6   16  72%  81.9M    n/a  n/a
   2   56 |   7 1.0   15   9.0M   87  349  80%    10M |  99.9   n/a   1   27  1.27M    5    1  16%  81.9M    n/a  n/a
   2   57 |   7 1.0   15   8.8M   81  361  81%    10M |  99.9   n/a   1   27  3.55M   14   13  48%  81.9M    n/a  n/a
   2   58 |   7 1.0   15   9.1M   84  341  80%    10M |  99.9   n/a   1   27   500k    2    5  71%  81.9M    n/a  n/a
   2   59 |   7 1.0   15   8.8M   80  372  82%    10M |  99.9   n/a   1   27  4.30M   17    5  22%  81.9M    n/a  n/a
   2   5a |   7 1.0   15   9.6M   87  343  79%    10M |  99.9   n/a   1   27   254k    1    7  87%  81.9M    n/a  n/a
   2   5b |   7 1.0    0      0    0    0   0%    10M |   n/a   n/a   1    0      0    0    0   0%  81.9M    n/a  n/a
   3   5c |   7 1.0   15   9.7M  101  275  73%    10M |  99.9   ovl   1   27  3.79M   19    9  32%  81.9M    69n  n/a
   3   5d |   7 1.0   15   9.1M   98  274  73%    10M |  99.9   ovl   1   27  2.59M   13    6  31%  81.9M   147n  n/a
   3   5e |   7 1.0   15   9.7M  104  253  70%    10M |  99.9   ovl   1   27  2.59M   13    5  27%  81.9M   255n  n/a
   3   5f |   7 1.0   15   9.5M   99  270  73%    10M |  99.9   ovl   1   27  2.79M   14    9  39%  81.9M   204n  n/a
   3   60 |   7 1.0   15   9.5M  108  260  70%    10M |  99.9   ovl   1   27  2.79M   14    9  39%  81.9M    86n  n/a
   3   61 |   7 1.0   15   9.7M  103  268  72%    10M |  99.9   ovl   1   27  3.61M   18    6  25%  81.9M   -34n  n/a
   3   62 |   7 1.0   15   9.4M  107  291  73%    10M |  99.9   ovl   1   27  3.17M   16   10  38%  81.9M   330n  n/a
   3   63 |   7 1.0    0      0    0    0   0%    10M |   n/a   n/a   1    0      0    0    0   0%  81.9M    n/a  n/a
   4   64 |   7 1.0   19   7.8M  178  532  74%    10M |  99.9   ovl   1   27  1.59M   19   17  47%  81.9M   879n  n/a
   4   65 |   7 1.0   19   7.2M  159  526  76%    10M |  99.9   ovl   1   27   890k   12   14  53%  81.9M  -543n  n/a
   4   66 |   7 1.0   19   7.0M  164  589  78%    10M |  99.9   ovl   1   27  1.23M   15   13  46%  81.9M  -244n  n/a
   4   67 |   7 1.0   19   7.1M  154  572  78%    10M |  99.9   ovl   1   27  1.53M   20   16  44%  81.9M  -745n  n/a
   4   68 |   7 1.0   19   7.2M  171  517  75%    10M |  99.9   ovl   1   27  1.38M   17   17  50%  81.9M    -1u  n/a
   4   69 |   7 1.0   19   7.1M  152  499  76%    10M |  99.9   ovl   1   27  1.68M   20   10  33%  81.9M   -62n  n/a
   4   6a |   7 1.0   19   7.4M  172  587  77%    10M |  99.9   ovl   1   27  1.73M   19   11  36%  81.9M    65n  n/a
   4   6b |   7 1.0   19   7.2M  150  544  78%    10M |  99.9   ovl   1   27  1.30M   16   12  42%  81.9M  -548n  n/a

          |--------------------DL---------------------|-------------------------------UL-----------------------------
 pci rnti | cqi  ri  mcs  brate   ok  nok  (%)  dl_bs | pusch  rsrp  ri  mcs  brate   ok  nok  (%)    bsr     ta  phr
   0   44 |   7 1.0   19   8.0M  154  579  78%    10M |  99.9   n/a   1   27  1.81M   19   14  42%  81.9M    n/a  n/a
   0   45 |   7 1.0   19   7.9M  150  534  78%    10M |  99.9   ovl   1   27  1.72M   20   16  44%  81.9M    -1u  n/a
   0   46 |   7 1.0   19   8.1M  167  552  76%    10M |  99.9   ovl   1   27  1.28M   13   19  59%  81.9M  -811n  n/a
   0   47 |   7 1.0   19   8.2M  150  487  76%    10M |  99.9   ovl   1   27  1.46M   16   13  44%  81.9M  -911n  n/a
   0   48 |   7 1.0   19   7.4M  167  657  79%    10M |  99.9   n/a   1   27  1.16M   12   13  52%  81.9M    n/a  n/a
   0   49 |   7 1.0   19   8.0M  156  508  76%    10M |  99.9   ovl   1   27  2.22M   25   13  34%  81.9M  -241n  n/a
   0   4a |   7 1.0   19   8.4M  160  576  78%    10M |  99.9   ovl   1   27  1.28M   14   16  53%  81.9M   205n  n/a
   0   4b |   7 1.0   19   7.9M  147  510  77%    10M |  99.9   ovl   1   27  1.24M   15   11  42%  81.9M  -347n  n/a
   1   4c |   7 1.0   16    10M   89  244  73%    10M |  99.9   n/a   1   27  2.03M    8    6  42%  81.9M    n/a  n/a
   1   4d |   7 1.0   16    10M   92  230  71%    10M |  99.9   n/a   1   27  2.78M   11    9  45%  81.9M    n/a  n/a
   1   4e |   7 1.0   16   8.9M   78  227  74%    10M |  99.9   n/a   1   27  2.57M   10    7  41%  81.9M    n/a  n/a
   1   4f |   7 1.0   16    10M   96  233  70%    10M |  99.9   ovl   1   27  2.01M    8   12  60%  81.9M   409n  n/a
   1   50 |   7 1.0   15    10M   95  233  71%    10M |  99.9   ovl   1   27  1.54M    6   15  71%  81.9M   107n  n/a
   1   51 |   7 1.0   16  10.0M   89  280  75%    10M |  99.9   n/a   1   27  1.27M    5    4  44%  81.9M    n/a  n/a
   1   52 |   7 1.0   16   9.9M   91  228  71%    10M |  99.9   n/a   1   27  1.77M    7    7  50%  81.9M    n/a  n/a
   1   53 |   7 1.0    0      0    0    0   0%    10M |   n/a   n/a   1    0      0    0    0   0%  81.9M    n/a  n/a
   2   54 |   7 1.0   16   9.4M   93  293  75%    10M |  99.9   ovl   1   27  1.77M    7   11  61%  81.9M    74n  n/a
   2   55 |   7 1.0   16   9.3M   87  290  76%    10M |  99.9   n/a   1   27  2.53M   10   10  50%  81.9M    n/a  n/a
   2   56 |   7 1.0   15   9.5M   92  342  78%    10M |  99.9   n/a   1   27  2.28M    9    7  43%  81.9M    n/a  n/a
   2   57 |   7 1.0   16   9.4M   98  272  73%    10M |  99.9   ovl   1   27  2.26M    9    8  47%  81.9M   358n  n/a
   2   58 |   7 1.0   15   9.5M  103  325  75%    10M |  99.9   n/a   1   27  1.53M    6    8  57%  81.9M    n/a  n/a
   2   59 |   7 1.0   16   9.8M   97  270  73%    10M |  99.9   n/a   1   27  1.52M    6    5  45%  81.9M    n/a  n/a
   2   5a |   7 1.0   16   9.5M   95  292  75%    10M |  99.9   ovl   1   27  1.52M    6    9  60%  81.9M   365n  n/a
   2   5b |   7 1.0    0      0    0    0   0%    10M |   n/a   n/a   1    0      0    0    0   0%  81.9M    n/a  n/a
   3   5c |   7 1.0   16   8.3M  107  319  74%    10M |  99.9   ovl   1   27  1.78M    9    9  50%  81.9M  -179n  n/a
   3   5d |   7 1.0   16   8.7M   97  270  73%    10M |  99.9   ovl   1   27  1.00M    5    8  61%  81.9M   317n  n/a
   3   5e |   7 1.0   16   8.1M   90  270  75%    10M |  99.9   ovl   1   27  2.18M   11    8  42%  81.9M   515n  n/a
   3   5f |   7 1.0   16   8.0M   84  302  78%    10M |  99.9   ovl   1   27  1.19M    6    7  53%  81.9M  -759n  n/a
   3   60 |   7 1.0   16   8.0M   95  282  74%    10M |  99.9   ovl   1   27  1.41M    7    6  46%  81.9M  -759n  n/a
   3   61 |   7 1.0   16   7.9M   83  267  76%    10M |  99.9   ovl   1   27  2.37M   12   10  45%  81.9M   577n  n/a
   3   62 |   7 1.0   16   7.9M   90  293  76%    10M |  99.9   n/a   1   27  1.81M    9   11  55%  81.9M    n/a  n/a
   3   63 |   7 1.0    0      0    0    0   0%    10M |   n/a   n/a   1    0      0    0    0   0%  81.9M    n/a  n/a
   4   64 |   7 1.0   19   6.1M  133  664  83%    10M |  99.9   ovl   1   27  1.59M   20   12  37%  81.9M    -1u  n/a
   4   65 |   7 1.0   19   6.3M  140  547  79%    10M |  99.9   n/a   1   27  1.41M   16   14  46%  81.9M    n/a  n/a
   4   66 |   7 1.0   19   6.7M  149  549  78%    10M |  99.9   ovl   1   27  1.75M   22   10  31%  81.9M   675n  n/a
   4   67 |   7 1.0   19   7.1M  148  465  75%    10M |  99.9   n/a   1   27  1.17M   16   12  42%  81.9M    n/a  n/a
   4   68 |   7 1.0   19   6.2M  140  555  79%    10M |  99.9   n/a   1   27   883k   12   18  60%  81.9M    n/a  n/a
   4   69 |   7 1.0   19   6.9M  148  475  76%    10M |  99.9   n/a   1   27  1.03M   14   10  41%  81.9M    n/a  n/a
   4   6a |   7 1.0   19   6.6M  156  648  80%    10M |  99.9   n/a   1   27  1.42M   18   16  47%  81.9M    n/a  n/a
   4   6b |   7 1.0   19   6.8M  140  529  79%    10M |  99.9   n/a   1   27  1.13M   14   13  48%  81.9M    n/a  n/a
   0   44 |   7 1.0   19    12M  234  448  65%    10M |  99.9   ovl   1   27  2.99M   36   10  21%  81.9M  -475n  n/a
   0   45 |   7 1.0   19    12M  217  425  66%    10M |  99.9   ovl   1   27  3.04M   34   14  29%  81.9M  -271n  n/a
   0   46 |   7 1.0   19    12M  247  367  59%    10M |  99.9   ovl   1   27  3.35M   37   12  24%  81.9M  -653n  n/a
   0   47 |   7 1.0   19    11M  209  415  66%    10M |  99.9   ovl   1   27  3.29M   36    8  18%  81.9M  -413n  n/a
   0   48 |   7 1.0   19    12M  243  440  64%    10M |  99.9   ovl   1   27  3.74M   41    9  18%  81.9M  -590n  n/a
   0   49 |   7 1.0   19    11M  209  448  68%    10M |  99.9   ovl   1   27  2.98M   36   15  29%  81.9M  -279n  n/a
   0   4a |   7 1.0   19    12M  230  473  67%    10M |  99.9   ovl   1   27  3.15M   36   12  25%  81.9M  -457n  n/a
   0   4b |   7 1.0   19    11M  204  449  68%    10M |  99.9   ovl   1   27  3.37M   36    8  18%  81.9M  -454n  n/a
   1   4c |   7 1.0   16   5.7M   63  409  86%    10M |  99.9   n/a   1   27  2.04M    8    8  50%  81.9M    n/a  n/a
   1   4d |   7 1.0   16   7.5M   79  366  82%    10M |  99.9   ovl   1   27   758k    3    2  40%  81.9M  -242n  n/a
   1   4e |   7 1.0   16   6.4M   52  407  88%    10M |  99.9   n/a   1   27   742k    3    6  66%  81.9M    n/a  n/a
   1   4f |   7 1.0   16   7.5M   74  337  81%    10M |  99.9   ovl   1   27  1.78M    7    7  50%  81.9M  -968n  n/a
   1   50 |   7 1.0   16   7.2M   68  369  84%    10M |  99.9   ovl   1   27  1.51M    6    9  60%  81.9M   409n  n/a
   1   51 |   7 1.0   16   7.8M   81  331  80%    10M |  99.9   n/a   1   27   758k    3   12  80%  81.9M    n/a  n/a
   1   52 |   7 1.0   16   6.7M   69  364  84%    10M |  99.9   n/a   1   27  1.76M    7   16  69%  81.9M    n/a  n/a
   1   53 |   7 1.0    0      0    0    0   0%    10M |   n/a   n/a   1    0      0    0    0   0%  81.9M    n/a  n/a
   2   54 |   7 1.0   16    12M  102  181  63%    10M |  99.9   ovl   1   27  4.06M   16    7  30%  81.9M   -77n  n/a
   2   55 |   7 1.0   16    11M   97  197  67%    10M |  99.9   ovl   1   27  3.55M   14    8  36%  81.9M   294n  n/a
   2   56 |   7 1.0   16    12M  102  183  64%    10M |  99.9   ovl   1   27  3.55M   14    7  33%  81.9M    82n  n/a
   2   57 |   7 1.0   16    12M   99  226  69%    10M |  99.9   ovl   1   27  3.80M   15    5  25%  81.9M   -40n  n/a
   2   58 |   7 1.0   16    13M  100  195  66%    10M |  99.9   ovl   1   27  3.29M   13    6  31%  81.9M    87n  n/a
   2   59 |   7 1.0   16    12M   99  220  68%    10M |  99.9   ovl   1   27  4.08M   16   10  38%  81.9M  -660n  n/a
   2   5a |   7 1.0   16    12M   94  214  69%    10M |  99.9   ovl   1   27  3.55M   14    8  36%  81.9M  -224n  n/a
   2   5b |   7 1.0    0      0    0    0   0%    10M |   n/a   n/a   1    0      0    0    0   0%  81.9M    n/a  n/a
   3   5c |   7 1.0   16   6.1M   72  356  83%    10M |  99.9   ovl   1   27  1.21M    6    7  53%  81.9M  -214n  n/a
   3   5d |   7 1.0   16   5.9M   76  425  84%    10M |  99.9   n/a   1   27  1.59M    8    8  50%  81.9M    n/a  n/a
   3   5e |   7 1.0   16   6.1M   67  379  84%    10M |  99.9   n/a   1   27  1.20M    6    9  60%  81.9M    n/a  n/a
   3   5f |   7 1.0   16   5.7M   70  424  85%    10M |  99.9   n/a   1   27   992k    5   10  66%  81.9M    n/a  n/a
   3   60 |   7 1.0   16   6.1M   65  367  84%    10M |  99.9   n/a   1   27  1.80M    9   10  52%  81.9M    n/a  n/a
   3   61 |   7 1.0   16   5.7M   63  411  86%    10M |  99.9   n/a   1   27  1.21M    6    9  60%  81.9M    n/a  n/a
   3   62 |   7 1.0   16   5.9M   65  395  85%    10M |  99.9   n/a   1   27  1.19M    6    7  53%  81.9M    n/a  n/a
   3   63 |   7 1.0    0      0    0    0   0%    10M |   n/a   n/a   1    0      0    0    0   0%  81.9M    n/a  n/a
   4   64 |   7 1.0   19   6.1M  126  646  83%    10M |  99.9   n/a   1   27  1.37M   18    9  33%  81.9M    n/a  n/a
   4   65 |   7 1.0   19   6.1M  130  639  83%    10M |  99.9   n/a   1   27   940k   11   16  59%  81.9M    n/a  n/a
   4   66 |   7 1.0   19   5.8M  132  622  82%    10M |  99.9   n/a   1   27   909k   11   15  57%  81.9M    n/a  n/a
   4   67 |   7 1.0   19   6.1M  126  612  82%    10M |  99.9   ovl   1   27  1.17M   16   14  46%  81.9M  -832n  n/a
   4   68 |   7 1.0   19   6.0M  134  603  81%    10M |  99.9   ovl   1   27   754k   11   18  62%  81.9M    -1u  n/a
   4   69 |   7 1.0   19   6.1M  131  586  81%    10M |  99.9   ovl   1   27   786k   10   16  61%  81.9M   886n  n/a
   4   6a |   7 1.0   19   6.3M  140  651  82%    10M |  99.9   n/a   1   27  1.35M   19   11  36%  81.9M    n/a  n/a
   4   6b |   7 1.0   19   6.2M  129  575  81%    10M |  99.9   n/a   1   27   864k   11   19  63%  81.9M    n/a  n/a
   0   44 |   7 1.0   19   5.5M  116  632  84%    10M |  99.9   n/a   1   27   754k    9   13  59%  81.9M    n/a  n/a
   0   45 |   7 1.0   19   5.4M  109  610  84%    10M |  99.9   ovl   1   27   942k   10   11  52%  81.9M  -521n  n/a
   0   46 |   7 1.0   19   5.5M  109  634  85%    10M |  99.9   ovl   1   27  1.53M   18    7  28%  81.9M   830n  n/a
   0   47 |   7 1.0   19   5.5M  103  591  85%    10M |  99.9   n/a   1   27  1.90M   23    9  28%  81.9M    n/a  n/a
   0   48 |   7 1.0   19   5.5M  119  657  84%    10M |  99.9   ovl   1   27   994k   11   11  50%  81.9M    -1u  n/a
   0   49 |   7 1.0   19   5.8M  104  627  85%    10M |  99.9   n/a   1   27  1.30M   13   10  43%  81.9M    n/a  n/a
   0   4a |   7 1.0   19   5.0M  106  722  87%    10M |  99.9   ovl   1   27   963k   11   14  56%  81.9M  -540n  n/a
   0   4b |   7 1.0   19   5.7M  115  614  84%    10M |  99.9   n/a   1   27  1.06M   11    7  38%  81.9M    n/a  n/a

          |--------------------DL---------------------|-------------------------------UL-----------------------------
 pci rnti | cqi  ri  mcs  brate   ok  nok  (%)  dl_bs | pusch  rsrp  ri  mcs  brate   ok  nok  (%)    bsr     ta  phr
   1   4c |   7 1.0   16    11M   91  280  75%    10M |  99.9   ovl   1   27  3.04M   12    6  33%  81.9M   409n  n/a
   1   4d |   7 1.0   16    11M  110  265  70%    10M |  99.9   ovl   1   27  2.52M   10    4  28%  81.9M   409n  n/a
   1   4e |   7 1.0   16    11M   96  269  73%    10M |  99.9   n/a   1   27  3.28M   13    7  35%  81.9M    n/a  n/a
   1   4f |   7 1.0   16    11M   97  267  73%    10M |  99.9   n/a   1   27  1.27M    5    7  58%  81.9M    n/a  n/a
   1   50 |   7 1.0   16    11M  103  317  75%    10M |  99.9   n/a   1   27  3.30M   13    8  38%  81.9M    n/a  n/a
   1   51 |   7 1.0   16    11M  106  274  72%    10M |  99.9   ovl   1   27  3.30M   13    7  35%  81.9M    88n  n/a
   1   52 |   7 1.0   16    11M  103  287  73%    10M |  99.9   n/a   1   27  2.53M   10    6  37%  81.9M    n/a  n/a
   1   53 |   7 1.0    0      0    0    0   0%    10M |   n/a   n/a   1    0      0    0    0   0%  81.9M    n/a  n/a
   2   54 |   7 1.0   16   7.6M   65  421  86%    10M |  99.9   n/a   1   27  2.52M   10    5  33%  81.9M    n/a  n/a
   2   55 |   7 1.0   16   7.7M   68  379  84%    10M |  99.9   n/a   1   27  2.03M    8    5  38%  81.9M    n/a  n/a
   2   56 |   7 1.0   16   8.5M   76  346  81%    10M |  99.9   n/a   1   27  1.52M    6    3  33%  81.9M    n/a  n/a
   2   57 |   7 1.0   16   8.0M   79  423  84%    10M |  99.9   ovl   1   27  1.52M    6   10  62%  81.9M   846n  n/a
   2   58 |   7 1.0   16   8.2M   68  392  85%    10M |  99.9   n/a   1   27  1.75M    7    7  50%  81.9M    n/a  n/a
   2   59 |   7 1.0   16   7.9M   77  382  83%    10M |  99.9   n/a   1   27  2.78M   11    6  35%  81.9M    n/a  n/a
   2   5a |   7 1.0   16   8.7M   74  361  82%    10M |  99.9   n/a   1   27  1.75M    7    6  46%  81.9M    n/a  n/a
   2   5b |   7 1.0    0      0    0    0   0%    10M |   n/a   n/a   1    0      0    0    0   0%  81.9M    n/a  n/a
   3   5c |   7 1.0   16   9.7M   95  210  68%    10M |  99.9   ovl   1   27  2.20M   11    5  31%  81.9M   258n  n/a
   3   5d |   7 1.0   16   9.4M   96  232  70%    10M |  99.9   ovl   1   27  3.19M   16    8  33%  81.9M   258n  n/a
   3   5e |   7 1.0   16    10M  101  193  65%    10M |  99.9   n/a   1   27  2.41M   12   10  45%  81.9M    n/a  n/a
   3   5f |   7 1.0   16    10M  106  213  66%    10M |  99.9   ovl   1   27  2.99M   15    5  25%  81.9M   512n  n/a
   3   60 |   7 1.0   16    10M   97  204  67%    10M |  99.9   ovl   1   27  3.40M   17    7  29%  81.9M   331n  n/a
   3   61 |   7 1.0   16   9.7M  109  232  68%    10M |  99.9   ovl   1   27  2.39M   12    8  40%  81.9M    27n  n/a
   3   62 |   7 1.0   16   9.5M   99  260  72%    10M |  99.9   ovl   1   27  2.97M   15    9  37%  81.9M   399n  n/a
   3   63 |   7 1.0    0      0    0    0   0%    10M |   n/a   n/a   1    0      0    0    0   0%  81.9M    n/a  n/a
   4   64 |   7 1.0   19   6.8M  162  598  78%    10M |  99.9   n/a   1   27  1.61M   22   10  31%  81.9M    n/a  n/a
   4   65 |   7 1.0   19   6.6M  136  561  80%    10M |  99.9   n/a   1   27  1.32M   16   15  48%  81.9M    n/a  n/a
   4   66 |   7 1.0   19   6.8M  151  609  80%    10M |  99.9   n/a   1   27  1.07M   14    7  33%  81.9M    n/a  n/a
   4   67 |   7 1.0   19   6.6M  142  631  81%    10M |  99.9   n/a   1   27  1.03M   14   12  46%  81.9M    n/a  n/a
   4   68 |   7 1.0   19   6.8M  147  567  79%    10M |  99.9   n/a   1   27  1.25M   15   12  44%  81.9M    n/a  n/a
   4   69 |   7 1.0   19   6.9M  136  586  81%    10M |  99.9   n/a   1   27  1.27M   16    9  36%  81.9M    n/a  n/a
   4   6a |   7 1.0   19   6.7M  150  610  80%    10M |  99.9   n/a   1   27  1.56M   20   10  33%  81.9M    n/a  n/a
   4   6b |   7 1.0   19   6.8M  146  534  78%    10M |  99.9   n/a   1   27  1.09M   15   11  42%  81.9M    n/a  n/a
   0   44 |   7 1.0   19   7.8M  158  550  77%    10M |  99.9   ovl   1   27  1.31M   15   12  44%  81.9M  -626n  n/a
   0   45 |   7 1.0   19   7.3M  139  593  81%    10M |  99.9   ovl   1   27  1.52M   17   12  41%  81.9M  -136n  n/a
   0   46 |   7 1.0   19   7.4M  158  673  80%    10M |  99.9   ovl   1   27  1.35M   15   16  51%  81.9M  -464n  n/a
   0   47 |   7 1.0   19   7.6M  146  589  80%    10M |  99.9   ovl   1   27  1.42M   16   14  46%  81.9M   313n  n/a
   0   48 |   7 1.0   19   7.6M  156  610  79%    10M |  99.9   n/a   1   27  1.86M   21   13  38%  81.9M    n/a  n/a
   0   49 |   7 1.0   19   7.9M  149  526  77%    10M |  99.9   ovl   1   27  1.60M   18   12  40%  81.9M  -878n  n/a
   0   4a |   7 1.0   19   7.6M  170  556  76%    10M |  99.9   n/a   1   27  1.45M   16   12  42%  81.9M    n/a  n/a
   0   4b |   7 1.0   19   7.6M  148  512  77%    10M |  99.9   n/a   1   27  1.92M   22    5  18%  81.9M    n/a  n/a
   1   4c |   7 1.0   16    11M   98  289  74%    10M |  99.9   ovl   1   27  3.54M   14    6  30%  81.9M   171n  n/a
   1   4d |   7 1.0   16    11M   93  272  74%    10M |  99.9   ovl   1   27  2.55M   10    8  44%  81.9M   -25n  n/a
   1   4e |   7 1.0   16    11M  104  256  71%    10M |  99.9   ovl   1   27  2.80M   11   12  52%  81.9M   900n  n/a
   1   4f |   7 1.0   16    11M   83  269  76%    10M |  99.9   ovl   1   27  2.30M    9    5  35%  81.9M   409n  n/a
   1   50 |   7 1.0   16    11M   96  218  69%    10M |  99.9   ovl   1   27  2.03M    8    8  50%  81.9M   112n  n/a
   1   51 |   7 1.0   16    11M   93  239  71%    10M |  99.9   ovl   1   27  2.28M    9    6  40%  81.9M    13n  n/a
   1   52 |   7 1.0   16    10M   94  258  73%    10M |  99.9   ovl   1   27  4.56M   18    8  30%  81.9M   114n  n/a
   1   53 |   7 1.0    0      0    0    0   0%    10M |   n/a   n/a   1    0      0    0    0   0%  81.9M    n/a  n/a
   2   54 |   7 1.0   16   7.6M   66  451  87%    10M |  99.9   n/a   1   27   508k    2   11  84%  81.9M    n/a  n/a
   2   55 |   7 1.0   16   8.2M   73  393  84%    10M |  99.9   n/a   1   27  1.27M    5    9  64%  81.9M    n/a  n/a
   2   56 |   7 1.0   16   8.0M   69  413  85%    10M |  99.9   n/a   1   27  1.77M    7   12  63%  81.9M    n/a  n/a
   2   57 |   7 1.0   16   7.6M   70  338  82%    10M |  99.9   n/a   1   27  1.25M    5    6  54%  81.9M    n/a  n/a
   2   58 |   7 1.0   16   7.4M   73  402  84%    10M |  99.9   n/a   1   27  2.50M   10    8  44%  81.9M    n/a  n/a
   2   59 |   7 1.0   16   8.0M   75  385  83%    10M |  99.9   ovl   1   27   508k    2    5  71%  81.9M   846n  n/a
   2   5a |   7 1.0   16   7.6M   63  393  86%    10M |  99.9   ovl   1   27   762k    3    9  75%  81.9M    64n  n/a
   2   5b |   7 1.0    0      0    0    0   0%    10M |   n/a   n/a   1    0      0    0    0   0%  81.9M    n/a  n/a
   3   5c |   7 1.0   16   7.9M   85  267  75%    10M |  99.9   ovl   1   27  1.82M    9    8  47%  81.9M  -395n  n/a
   3   5d |   7 1.0   16   7.5M   81  328  80%    10M |  99.9   n/a   1   27  1.60M    8    8  50%  81.9M    n/a  n/a
   3   5e |   7 1.0   16   7.6M   84  311  78%    10M |  99.9   ovl   1   27  1.79M    9    8  47%  81.9M   515n  n/a
   3   5f |   7 1.0   16   7.7M   87  307  77%    10M |  99.9   ovl   1   27  1.40M    7    8  53%  81.9M   317n  n/a
   3   60 |   7 1.0   16   7.8M   89  260  74%    10M |  99.9   ovl   1   27  1.98M   10    7  41%  81.9M   454n  n/a
   3   61 |   7 1.0   16   7.7M   81  300  78%    10M |  99.9   ovl   1   27  2.18M   11    5  31%  81.9M   508n  n/a
   3   62 |   7 1.0   16   8.4M   89  266  74%    10M |  99.9   ovl   1   27  1.98M   10    9  47%  81.9M   699n  n/a
   3   63 |   7 1.0    0      0    0    0   0%    10M |   n/a   n/a   1    0      0    0    0   0%  81.9M    n/a  n/a
   4   64 |   7 1.0   19   7.0M  158  607  79%    10M |  99.9   ovl   1   27   925k   12   13  52%  81.9M  -831n  n/a
   4   65 |   7 1.0   19   7.5M  163  535  76%    10M |  99.9   ovl   1   27  1.16M   16   12  42%  81.9M    -1u  n/a
   4   66 |   7 1.0   19   6.9M  166  643  79%    10M |  99.9   ovl   1   27  1.31M   18   14  43%  81.9M   166n  n/a
   4   67 |   7 1.0   19   7.6M  167  612  78%    10M |  99.9   ovl   1   27  1.67M   20   19  48%  81.9M    -1u  n/a
   4   68 |   7 1.0   19   8.0M  181  505  73%    10M |  99.9   ovl   1   27  1.59M   20   14  41%  81.9M  -335n  n/a
   4   69 |   7 1.0   19   7.6M  158  553  77%    10M |  99.9   ovl   1   27  1.56M   22   16  42%  81.9M   107n  n/a
   4   6a |   7 1.0   19   7.9M  172  555  76%    10M |  99.9   ovl   1   27  1.45M   18   14  43%  81.9M  -848n  n/a
   4   6b |   7 1.0   19   7.7M  158  545  77%    10M |  99.9   ovl   1   27  1.52M   21   16  43%  81.9M  -954n  n/a
   0   44 |   7 1.0   19   7.6M  168  619  78%    10M |  99.9   n/a   1   27  2.45M   28    6  17%  81.9M    n/a  n/a
   0   45 |   7 1.0   19   8.3M  157  468  74%    10M |  99.9   ovl   1   27  1.79M   20   13  39%  81.9M  -715n  n/a
   0   46 |   7 1.0   19   8.3M  157  529  77%    10M |  99.9   ovl   1   27  2.12M   24    9  27%  81.9M  -688n  n/a
   0   47 |   7 1.0   19   8.1M  163  466  74%    10M |  99.9   ovl   1   27  2.24M   26   10  27%  81.9M  -232n  n/a
   0   48 |   7 1.0   19   8.9M  190  440  69%    10M |  99.9   ovl   1   27  1.87M   19   13  40%  81.9M  -710n  n/a
   0   49 |   7 1.0   19   8.4M  151  469  75%    10M |  99.9   ovl   1   27  2.29M   25   14  35%  81.9M   830n  n/a
   0   4a |   7 1.0   19   7.7M  160  573  78%    10M |  99.9   ovl   1   27  1.63M   20   13  39%  81.9M  -538n  n/a
   0   4b |   7 1.0   19   8.2M  160  489  75%    10M |  99.9   ovl   1   27  1.81M   22   17  43%  81.9M  -262n  n/a
   1   4c |   7 1.0   16   8.9M   83  405  82%    10M |  99.9   n/a   1   27  2.04M    8    9  52%  81.9M    n/a  n/a
   1   4d |   7 1.0   16   8.7M   83  353  80%    10M |  99.9   ovl   1   27  1.52M    6    7  53%  81.9M  -279n  n/a
   1   4e |   7 1.0   16   8.8M   76  372  83%    10M |  99.9   ovl   1   27  1.51M    6    8  57%  81.9M  -968n  n/a
   1   4f |   7 1.0   16   8.5M   80  394  83%    10M |  99.9   n/a   1   27  2.28M    9    8  47%  81.9M    n/a  n/a
   1   50 |   7 1.0   16   9.4M   86  364  80%    10M |  99.9   ovl   1   27  1.52M    6    8  57%  81.9M  -968n  n/a
   1   51 |   7 1.0   16   8.8M   81  409  83%    10M |  99.9   ovl   1   27  1.78M    7   10  58%  81.9M   409n  n/a
   1   52 |   7 1.0   16   9.8M   88  405  82%    10M |  99.9   n/a   1   27  1.76M    7    8  53%  81.9M    n/a  n/a
   1   53 |   7 1.0    0      0    0    0   0%    10M |   n/a   n/a   1    0      0    0    0   0%  81.9M    n/a  n/a

          |--------------------DL---------------------|-------------------------------UL-----------------------------
 pci rnti | cqi  ri  mcs  brate   ok  nok  (%)  dl_bs | pusch  rsrp  ri  mcs  brate   ok  nok  (%)    bsr     ta  phr
   2   54 |   7 1.0   16   8.6M   87  310  78%    10M |  99.9   ovl   1   27  1.27M    5    7  58%  81.9M  -293n  n/a
   2   55 |   7 1.0   16   9.3M   91  368  80%    10M |  99.9   n/a   1   27  1.28M    5    8  61%  81.9M    n/a  n/a
   2   56 |   7 1.0   16   9.1M   93  296  76%    10M |  99.9   n/a   1   27  2.29M    9   10  52%  81.9M    n/a  n/a
   2   57 |   7 1.0   16   9.6M   88  324  78%    10M |  99.9   ovl   1   27  2.55M   10    9  47%  81.9M   328n  n/a
   2   58 |   7 1.0   16   9.0M   84  357  80%    10M |  99.9   ovl   1   27  3.28M   13    8  38%  81.9M   460n  n/a
   2   59 |   7 1.0   16   9.2M   85  326  79%    10M |  99.9   ovl   1   27  2.53M   10    9  47%  81.9M    69n  n/a
   2   5a |   7 1.0   16   8.3M   78  351  81%    10M |  99.9   ovl   1   27  1.25M    5    7  58%  81.9M  -293n  n/a
   2   5b |   7 1.0    0      0    0    0   0%    10M |   n/a   n/a   1    0      0    0    0   0%  81.9M    n/a  n/a
   3   5c |   7 1.0   16   6.2M   73  453  86%    10M |  99.9   n/a   1   27  1.39M    7   12  63%  81.9M    n/a  n/a
   3   5d |   7 1.0   16   6.1M   67  442  86%    10M |  99.9   ovl   1   27  1.21M    6    9  60%  81.9M  -759n  n/a
   3   5e |   7 1.0   16   6.3M   63  450  87%    10M |  99.9   n/a   1   27  1.38M    7    7  50%  81.9M    n/a  n/a
   3   5f |   7 1.0   16   6.2M   70  427  85%    10M |  99.9   n/a   1   27  1.01M    5   10  66%  81.9M    n/a  n/a
   3   60 |   7 1.0   16   6.8M   75  403  84%    10M |  99.9   ovl   1   27   394k    2    9  81%  81.9M   515n  n/a
   3   61 |   7 1.0   16   6.2M   70  416  85%    10M |  99.9   ovl   1   27  1.01M    5   10  66%  81.9M  -400n  n/a
   3   62 |   7 1.0   16   6.3M   71  458  86%    10M |  99.9   ovl   1   27   992k    5    9  64%  81.9M   699n  n/a
   3   63 |   7 1.0    0      0    0    0   0%    10M |   n/a   n/a   1    0      0    0    0   0%  81.9M    n/a  n/a
   4   64 |   7 1.0   19   5.6M  132  718  84%    10M |  99.9   n/a   1   27   849k   11   17  60%  81.9M    n/a  n/a
   4   65 |   7 1.0   19   6.3M  125  581  82%    10M |  99.9   n/a   1   27   693k    9   14  60%  81.9M    n/a  n/a
   4   66 |   7 1.0   19   6.3M  137  636  82%    10M |  99.9   n/a   1   27  1.44M   18   12  40%  81.9M    n/a  n/a
   4   67 |   7 1.0   19   5.9M  130  600  82%    10M |  99.9   n/a   1   27   659k    9   15  62%  81.9M    n/a  n/a
   4   68 |   7 1.0   19   6.3M  136  655  82%    10M |  99.9   n/a   1   27   679k    9   17  65%  81.9M    n/a  n/a
   4   69 |   7 1.0   19   6.1M  127  579  82%    10M |  99.9   n/a   1   27  1.03M   12   15  55%  81.9M    n/a  n/a
   4   6a |   7 1.0   19   6.1M  140  643  82%    10M |  99.9   n/a   1   27   512k    7   18  72%  81.9M    n/a  n/a
   4   6b |   7 1.0   19   5.8M  125  579  82%    10M |  99.9   n/a   1   27   732k    9   18  66%  81.9M    n/a  n/a
   0   44 |   7 1.0   19   8.7M  180  583  76%    10M |  99.9   ovl   1   27  2.38M   27   16  37%  81.9M  -421n  n/a
   0   45 |   7 1.0   19   7.7M  147  544  78%    10M |  99.9   ovl   1   27  1.61M   19   15  44%  81.9M  -381n  n/a
   0   46 |   7 1.0   19   8.8M  176  537  75%    10M |  99.9   ovl   1   27  1.64M   20   12  37%  81.9M    27n  n/a
   0   47 |   7 1.0   19   8.3M  151  519  77%    10M |  99.9   ovl   1   27  2.41M   26   12  31%  81.9M  -486n  n/a
   0   48 |   7 1.0   19   8.9M  177  498  73%    10M |  99.9   ovl   1   27  2.04M   26   16  38%  81.9M    53n  n/a
   0   49 |   7 1.0   19   7.9M  143  560  79%    10M |  99.9   ovl   1   27  2.15M   25   17  40%  81.9M  -258n  n/a
   0   4a |   7 1.0   19   9.7M  191  474  71%    10M |  99.9   ovl   1   27  2.51M   31   11  26%  81.9M  -584n  n/a
   0   4b |   7 1.0   19   7.9M  145  507  77%    10M |  99.9   ovl   1   27  1.64M   19   14  42%  81.9M  -844n  n/a
   1   4c |   7 1.0   16   6.0M   51  478  90%    10M |  99.9   n/a   1   27   521k    2   10  83%  81.9M    n/a  n/a
   1   4d |   7 1.0   16   5.7M   56  544  90%    10M |  99.9   ovl   1   27  1.27M    5    9  64%  81.9M   107n  n/a
   1   4e |   7 1.0   16   5.8M   59  512  89%    10M |  99.9   n/a   1   27   992k    4   10  71%  81.9M    n/a  n/a
   1   4f |   7 1.0   16   5.6M   47  512  91%    10M |  99.9   n/a   1   27  1.28M    5   10  66%  81.9M    n/a  n/a
   1   50 |   7 1.0   16   6.0M   57  474  89%    10M |  99.9   n/a   1   27   984k    4   10  71%  81.9M    n/a  n/a
   1   51 |   7 1.0   16   5.5M   53  492  90%    10M |  99.9   ovl   1   27   258k    1    3  75%  81.9M  -968n  n/a
   1   52 |   7 1.0   16   5.7M   54  502  90%    10M |  99.9   n/a   1   27  1.27M    5    8  61%  81.9M    n/a  n/a
   1   53 |   7 1.0    0      0    0    0   0%    10M |   n/a   n/a   1    0      0    0    0   0%  81.9M    n/a  n/a
   2   54 |   7 1.0   16    16M  131  132  50%    10M |  99.9   n/a   1   27  6.88M   27    7  20%  81.9M    n/a  n/a
   2   55 |   7 1.0   16    14M  109  222  67%    10M |  99.9   ovl   1   27  7.66M   30    2   6%  81.9M   361n  n/a
   2   56 |   7 1.0   16    16M  124  125  50%    10M |  99.9   ovl   1   27  7.39M   29    5  14%  81.9M    75n  n/a
   2   57 |   7 1.0   16    13M   97  241  71%    10M |  99.9   n/a   1   27  7.38M   29    3   9%  81.9M    n/a  n/a
   2   58 |   7 1.0   16    16M  137  134  49%    10M |  99.9   ovl   1   27  7.61M   30    3   9%  81.9M   358n  n/a
   2   59 |   7 1.0   16    13M  104  237  69%    10M |  99.9   n/a   1   27  6.87M   27    3  10%  81.9M    n/a  n/a
   2   5a |   7 1.0   16    15M  122  115  48%    10M |  99.9   n/a   1   27  7.39M   29    5  14%  81.9M    n/a  n/a
   2   5b |   7 1.0    0      0    0    0   0%    10M |   n/a   n/a   1    0      0    0    0   0%  81.9M    n/a  n/a
   3   5c |   7 1.0   16   5.7M   61  486  88%    10M |  99.9   n/a   1   27   808k    4    5  55%  81.9M    n/a  n/a
   3   5d |   7 1.0   16   5.4M   58  495  89%    10M |  99.9   n/a   1   27   988k    5    8  61%  81.9M    n/a  n/a
   3   5e |   7 1.0   16   5.9M   65  507  88%    10M |  99.9   n/a   1   27   398k    2    7  77%  81.9M    n/a  n/a
   3   5f |   7 1.0   16   5.6M   58  486  89%    10M |  99.9   n/a   1   27  1.40M    7    6  46%  81.9M    n/a  n/a
   3   60 |   7 1.0   16   5.8M   66  552  89%    10M |  99.9   n/a   1   27   988k    5    6  54%  81.9M    n/a  n/a
   3   61 |   7 1.0   16   5.5M   59  500  89%    10M |  99.9   n/a   1   27   197k    1    6  85%  81.9M    n/a  n/a
   3   62 |   7 1.0   16   5.8M   62  473  88%    10M |  99.9   ovl   1   27   394k    2    7  77%  81.9M   699n  n/a
   3   63 |   7 1.0    0      0    0    0   0%    10M |   n/a   n/a   1    0      0    0    0   0%  81.9M    n/a  n/a
   4   64 |   7 1.0   19   6.1M  138  651  82%    10M |  99.9   n/a   1   27   785k   10   19  65%  81.9M    n/a  n/a
   4   65 |   7 1.0   19   5.9M  123  615  83%    10M |  99.9   n/a   1   27   749k    9   19  67%  81.9M    n/a  n/a
   4   66 |   7 1.0   19   5.8M  127  672  84%    10M |  99.9   n/a   1   27   673k    8   16  66%  81.9M    n/a  n/a
   4   67 |   7 1.0   19   6.0M  126  597  82%    10M |  99.9   n/a   1   27   925k   11   17  60%  81.9M    n/a  n/a
   4   68 |   7 1.0   19   5.7M  118  701  85%    10M |  99.9   n/a   1   27   634k    8   17  68%  81.9M    n/a  n/a
   4   69 |   7 1.0   19   5.8M  128  600  82%    10M |  99.9   n/a   1   27   615k    8   16  66%  81.9M    n/a  n/a
   4   6a |   7 1.0   19   5.9M  139  668  82%    10M |  99.9   n/a   1   27   721k    9   17  65%  81.9M    n/a  n/a
   4   6b |   7 1.0   19   6.0M  126  615  82%    10M |  99.9   n/a   1   27   672k   10   17  62%  81.9M    n/a  n/a
   0   44 |   7 1.0   19   6.6M  132  658  83%    10M |  99.9   n/a   1   27  1.08M   11   11  50%  81.9M    n/a  n/a
   0   45 |   7 1.0   19   6.2M  113  677  85%    10M |  99.9   n/a   1   27   854k    9   13  59%  81.9M    n/a  n/a
   0   46 |   7 1.0   19   6.9M  134  626  82%    10M |  99.9   n/a   1   27   631k    7   12  63%  81.9M    n/a  n/a
   0   47 |   7 1.0   19   6.0M  118  673  85%    10M |  99.9   n/a   1   27   899k   10   12  54%  81.9M    n/a  n/a
   0   48 |   7 1.0   19   6.4M  130  684  84%    10M |  99.9   n/a   1   27   762k    8   11  57%  81.9M    n/a  n/a
   0   49 |   7 1.0   19   6.1M  114  586  83%    10M |  99.9   n/a   1   27   455k    5   12  70%  81.9M    n/a  n/a
   0   4a |   7 1.0   19   6.7M  126  581  82%    10M |  99.9   n/a   1   27   584k    7   11  61%  81.9M    n/a  n/a
   0   4b |   7 1.0   19   6.3M  120  589  83%    10M |  99.9   n/a   1   27   914k   10   11  52%  81.9M    n/a  n/a
   1   4c |   7 1.0   16    10M   83  434  83%    10M |  99.9   ovl   1   27  2.03M    8    8  50%  81.9M   111n  n/a
   1   4d |   7 1.0   17    10M   74  403  84%    10M |  99.9   ovl   1   27  2.03M    8    6  42%  81.9M     8n  n/a
   1   4e |   7 1.0   16    10M   79  409  83%    10M |  99.9   ovl   1   27  2.30M    9    9  50%  81.9M   111n  n/a
   1   4f |   7 1.0   17  10.0M   75  439  85%    10M |  99.9   ovl   1   27  2.27M    9    6  40%  81.9M   111n  n/a
   1   50 |   7 1.0   16    11M   82  402  83%    10M |  99.9   ovl   1   27  2.02M    8    6  42%  81.9M   -11n  n/a
   1   51 |   7 1.0   17   9.7M   69  403  85%    10M |  99.9   ovl   1   27  1.76M    7    7  50%  81.9M   472n  n/a
   1   52 |   7 1.0   17    11M   87  453  83%    10M |  99.9   ovl   1   27  2.02M    8    7  46%  81.9M   111n  n/a
   1   53 |   7 1.0    0      0    0    0   0%    10M |   n/a   n/a   1    0      0    0    0   0%  81.9M    n/a  n/a
   2   54 |   7 1.0   17    14M  125  198  61%    10M |  99.9   ovl   1   27  5.33M   21    3  12%  81.9M   176n  n/a
   2   55 |   7 1.0   17    15M  112  178  61%    10M |  99.9   ovl   1   27  6.08M   24    3  11%  81.9M   361n  n/a
   2   56 |   7 1.0   17    15M  111  148  57%    10M |  99.9   ovl   1   27  5.57M   22    7  24%  81.9M   100n  n/a
   2   57 |   7 1.0   17    15M  107  176  62%    10M |  99.9   ovl   1   27  4.81M   19    3  13%  81.9M   152n  n/a
   2   58 |   7 1.0   17    15M  116  164  58%    10M |  99.9   ovl   1   27  5.07M   20    7  25%  81.9M   -75n  n/a
   2   59 |   7 1.0   17    15M  112  198  63%    10M |  99.9   ovl   1   27  4.83M   19    3  13%  81.9M    81n  n/a
   2   5a |   7 1.0   17    15M  110  161  59%    10M |  99.9   ovl   1   27  5.57M   22    6  21%  81.9M   216n  n/a
   2   5b |   7 1.0    0      0    0    0   0%    10M |   n/a   n/a   1    0      0    0    0   0%  81.9M    n/a  n/a

          |--------------------DL---------------------|-------------------------------UL-----------------------------
 pci rnti | cqi  ri  mcs  brate   ok  nok  (%)  dl_bs | pusch  rsrp  ri  mcs  brate   ok  nok  (%)    bsr     ta  phr
   3   5c |   7 1.0   17   9.1M   89  275  75%    10M |  99.9   ovl   1   27  2.18M   11    6  35%  81.9M    25n  n/a
   3   5d |   7 1.0   16   8.4M   86  294  77%    10M |  99.9   ovl   1   27  2.61M   13   11  45%  81.9M   270n  n/a
   3   5e |   7 1.0   16   9.1M   94  285  75%    10M |  99.9   ovl   1   27  2.39M   12    9  42%  81.9M   149n  n/a
   3   5f |   7 1.0   16   8.5M   93  292  75%    10M |  99.9   ovl   1   27  2.59M   13    5  27%  81.9M   270n  n/a
   3   60 |   7 1.0   16   8.6M   86  280  76%    10M |  99.9   ovl   1   27  2.78M   14    7  33%  81.9M    27n  n/a
   3   61 |   7 1.0   16   8.4M   85  323  79%    10M |  99.9   ovl   1   27  2.79M   14    7  33%  81.9M    23n  n/a
   3   62 |   7 1.0   16   9.3M   93  294  75%    10M |  99.9   ovl   1   27  2.42M   12    7  36%  81.9M    27n  n/a
   3   63 |   7 1.0    0      0    0    0   0%    10M |   n/a   n/a   1    0      0    0    0   0%  81.9M    n/a  n/a
   4   64 |   7 1.0   19   4.7M  101  782  88%    10M |  99.9   n/a   1   27   574k    8   19  70%  81.9M    n/a  n/a
   4   65 |   7 1.0   19   4.9M  106  677  86%    10M |  99.9   n/a   1   27   839k   11   17  60%  81.9M    n/a  n/a
   4   66 |   7 1.0   19   5.1M  118  650  84%    10M |  99.9   n/a   1   27  1.02M   14   19  57%  81.9M    n/a  n/a
   4   67 |   7 1.0   19   5.1M  111  635  85%    10M |  99.9   ovl   1   27   926k   13   15  53%  81.9M  -550n  n/a
   4   68 |   7 1.0   19   4.7M  100  680  87%    10M |  99.9   n/a   1   27   981k   13   17  56%  81.9M    n/a  n/a
   4   69 |   7 1.0   19   4.8M  109  629  85%    10M |  99.9   n/a   1   27   998k   13   16  55%  81.9M    n/a  n/a
   4   6a |   7 1.0   19   5.0M  109  624  85%    10M |  99.9   n/a   1   27   805k   11   15  57%  81.9M    n/a  n/a
   4   6b |   7 1.0   19   4.7M  113  665  85%    10M |  99.9   n/a   1   27   795k   11   16  59%  81.9M    n/a  n/a
   0   44 |   7 1.0   19   8.2M  159  584  78%    10M |  99.9   ovl   1   27  2.39M   26   14  35%  81.9M  -236n  n/a
   0   45 |   7 1.0   19   8.4M  156  558  78%    10M |  99.9   ovl   1   27  2.13M   23   14  37%  81.9M  -714n  n/a
   0   46 |   7 1.0   19   8.3M  163  563  77%    10M |  99.9   ovl   1   27  2.51M   26   10  27%  81.9M  -443n  n/a
   0   47 |   7 1.0   19   8.3M  162  592  78%    10M |  99.9   ovl   1   27  2.71M   30   11  26%  81.9M  -419n  n/a
   0   48 |   7 1.0   19   8.6M  167  533  76%    10M |  99.9   ovl   1   27  2.45M   27   10  27%  81.9M  -717n  n/a
   0   49 |   7 1.0   19   8.3M  159  555  77%    10M |  99.9   ovl   1   27  2.59M   28   14  33%  81.9M  -518n  n/a
   0   4a |   7 1.0   19   8.0M  159  613  79%    10M |  99.9   ovl   1   27  2.42M   26   12  31%  81.9M  -395n  n/a
   0   4b |   7 1.0   19   8.3M  160  597  78%    10M |  99.9   ovl   1   27  1.85M   21   15  41%  81.9M  -605n  n/a
   1   4c |   7 1.0   17   8.0M   62  439  87%    10M |  99.9   ovl   1   27  2.01M    8    7  46%  81.9M   258n  n/a
   1   4d |   7 1.0   17   7.6M   57  534  90%    10M |  99.9   ovl   1   27  1.77M    7    5  41%  81.9M   900n  n/a
   1   4e |   7 1.0   17   7.6M   58  490  89%    10M |  99.9   ovl   1   27  1.01M    4    7  63%  81.9M   900n  n/a
   1   4f |   7 1.0   17   7.3M   50  495  90%    10M |  99.9   ovl   1   27  2.03M    8    6  42%  81.9M  -968n  n/a
   1   50 |   7 1.0   16   7.9M   62  481  88%    10M |  99.9   ovl   1   27  1.28M    5    8  61%  81.9M  -968n  n/a
   1   51 |   7 1.0   17   6.8M   49  474  90%    10M |  99.9   ovl   1   27  1.77M    7    7  50%  81.9M   409n  n/a
   1   52 |   7 1.0   17   7.7M   58  439  88%    10M |  99.9   ovl   1   27  1.27M    5    7  58%  81.9M   409n  n/a
   1   53 |   7 1.0    0      0    0    0   0%    10M |   n/a   n/a   1    0      0    0    0   0%  81.9M    n/a  n/a
   2   54 |   7 1.0   17   9.7M   81  256  75%    10M |  99.9   ovl   1   27  2.27M    9    8  47%  81.9M   423n  n/a
   2   55 |   7 1.0   17    10M   83  275  76%    10M |  99.9   n/a   1   27  1.76M    7   11  61%  81.9M    n/a  n/a
   2   56 |   7 1.0   17   9.4M   84  280  76%    10M |  99.9   n/a   1   27  2.05M    8    9  52%  81.9M    n/a  n/a
   2   57 |   7 1.0   17   9.6M   83  266  76%    10M |  99.9   n/a   1   27  1.77M    7    3  30%  81.9M    n/a  n/a
   2   58 |   7 1.0   17    11M   84  238  73%    10M |  99.9   n/a   1   27  3.54M   14    8  36%  81.9M    n/a  n/a
   2   59 |   7 1.0   17    10M   85  235  73%    10M |  99.9   n/a   1   27  2.02M    8   12  60%  81.9M    n/a  n/a
   2   5a |   7 1.0   17   9.9M   83  264  76%    10M |  99.9   ovl   1   27  2.52M   10    1   9%  81.9M    87n  n/a
   2   5b |   7 1.0    0      0    0    0   0%    10M |   n/a   n/a   1    0      0    0    0   0%  81.9M    n/a  n/a
   3   5c |   7 1.0   17   7.5M   77  271  77%    10M |  99.9   ovl   1   27  1.98M   10    9  47%  81.9M  -179n  n/a
   3   5d |   7 1.0   17   7.8M   81  265  76%    10M |  99.9   ovl   1   27  1.39M    7    4  36%  81.9M   -80n  n/a
   3   5e |   7 1.0   17   7.8M   79  262  76%    10M |  99.9   ovl   1   27  1.39M    7    6  46%  81.9M   332n  n/a
   3   5f |   7 1.0   17   8.1M   90  246  73%    10M |  99.9   n/a   1   27  1.39M    7    7  50%  81.9M    n/a  n/a
   3   60 |   7 1.0   17   7.2M   78  288  78%    10M |  99.9   n/a   1   27   791k    4    8  66%  81.9M    n/a  n/a
   3   61 |   7 1.0   17   7.6M   88  298  77%    10M |  99.9   n/a   1   27  2.00M   10    8  44%  81.9M    n/a  n/a
   3   62 |   7 1.0   17   8.3M   83  240  74%    10M |  99.9   ovl   1   27  1.57M    8   12  60%  81.9M   -80n  n/a
   3   63 |   7 1.0    0      0    0    0   0%    10M |   n/a   n/a   1    0      0    0    0   0%  81.9M    n/a  n/a
   4   64 |   7 1.0   19   8.9M  200  540  72%    10M |  99.9   ovl   1   27  2.41M   34   11  24%  81.9M  -281n  n/a
   4   65 |   7 1.0   19   8.5M  177  480  73%    10M |  99.9   ovl   1   27  2.21M   30    9  23%  81.9M  -364n  n/a
   4   66 |   7 1.0   19   8.7M  202  635  75%    10M |  99.9   ovl   1   27  1.68M   22   12  35%  81.9M  -374n  n/a
   4   67 |   7 1.0   19   8.5M  181  577  76%    10M |  99.9   ovl   1   27  2.05M   26   14  35%  81.9M  -408n  n/a
   4   68 |   7 1.0   19   8.2M  191  588  75%    10M |  99.9   ovl   1   27  2.25M   27   12  30%  81.9M  -201n  n/a
   4   69 |   7 1.0   19   8.8M  176  494  73%    10M |  99.9   ovl   1   27  2.14M   29   13  30%  81.9M  -392n  n/a
   4   6a |   7 1.0   19   8.9M  193  504  72%    10M |  99.9   ovl   1   27  2.20M   27   10  27%  81.9M  -252n  n/a
   4   6b |   7 1.0   19   8.4M  180  505  73%    10M |  99.9   ovl   1   27  1.89M   23   11  32%  81.9M  -464n  n/a
   0   44 |   7 1.0   19   8.2M  178  509  74%    10M |  99.9   n/a   1   27  2.09M   24    9  27%  81.9M    n/a  n/a
   0   45 |   7 1.0   19   8.3M  157  509  76%    10M |  99.9   ovl   1   27  1.23M   14   16  53%  81.9M  -521n  n/a
   0   46 |   7 1.0   19   8.1M  174  598  77%    10M |  99.9   n/a   1   27  1.32M   16   17  51%  81.9M    n/a  n/a
   0   47 |   7 1.0   19   8.7M  165  483  74%    10M |  99.9   n/a   1   27  1.54M   17    9  34%  81.9M    n/a  n/a
   0   48 |   7 1.0   19   7.8M  169  609  78%    10M |  99.9   ovl   1   27  1.67M   20   15  42%  81.9M    -1u  n/a
   0   49 |   7 1.0   19   8.4M  162  483  74%    10M |  99.9   n/a   1   27  1.92M   21    9  30%  81.9M    n/a  n/a
   0   4a |   7 1.0   19   8.0M  169  603  78%    10M |  99.9   ovl   1   27  1.88M   21   11  34%  81.9M  -651n  n/a
   0   4b |   7 1.0   19   9.1M  173  479  73%    10M |  99.9   n/a   1   27  2.44M   28    5  15%  81.9M    n/a  n/a
   1   4c |   7 1.0   17   8.6M   79  394  83%    10M |  99.9   n/a   1   27   746k    3    5  62%  81.9M    n/a  n/a
   1   4d |   7 1.0   17   9.4M   80  411  83%    10M |  99.9   n/a   1   27   754k    3   11  78%  81.9M    n/a  n/a
   1   4e |   7 1.0   17   8.9M   82  398  82%    10M |  99.9   n/a   1   27  1.77M    7    9  56%  81.9M    n/a  n/a
   1   4f |   7 1.0   17   9.3M   83  383  82%    10M |  99.9   n/a   1   27   500k    2    9  81%  81.9M    n/a  n/a
   1   50 |   7 1.0   17   8.9M   73  393  84%    10M |  99.9   n/a   1   27  1.79M    7   10  58%  81.9M    n/a  n/a
   1   51 |   7 1.0   17   8.9M   76  417  84%    10M |  99.9   n/a   1   27  1.77M    7   11  61%  81.9M    n/a  n/a
   1   52 |   7 1.0   17   9.1M   75  391  83%    10M |  99.9   n/a   1   27  1.52M    6    5  45%  81.9M    n/a  n/a
   1   53 |   7 1.0    0      0    0    0   0%    10M |   n/a   n/a   1    0      0    0    0   0%  81.9M    n/a  n/a
   2   54 |   7 1.0   17   8.6M   82  330  80%    10M |  99.9   n/a   1   27  1.77M    7   10  58%  81.9M    n/a  n/a
   2   55 |   7 1.0   17   9.3M   98  307  75%    10M |  99.9   ovl   1   27  1.76M    7    9  56%  81.9M    74n  n/a
   2   56 |   7 1.0   17   9.5M   91  280  75%    10M |  99.9   ovl   1   27  2.04M    8    3  27%  81.9M   213n  n/a
   2   57 |   7 1.0   17   9.2M   84  285  77%    10M |  99.9   n/a   1   27  1.52M    6    8  57%  81.9M    n/a  n/a
   2   58 |   7 1.0   17   9.6M   83  267  76%    10M |  99.9   n/a   1   27  1.26M    5    7  58%  81.9M    n/a  n/a
   2   59 |   7 1.0   17   9.1M   83  263  76%    10M |  99.9   ovl   1   27  1.27M    5    1  16%  81.9M    69n  n/a
   2   5a |   7 1.0   17   8.6M   75  364  82%    10M |  99.9   n/a   1   27  1.02M    4    9  69%  81.9M    n/a  n/a
   2   5b |   7 1.0    0      0    0    0   0%    10M |   n/a   n/a   1    0      0    0    0   0%  81.9M    n/a  n/a
   3   5c |   7 1.0   17   8.9M   94  264  73%    10M |  99.9   ovl   1   27  1.18M    6    7  53%  81.9M   332n  n/a
   3   5d |   7 1.0   17   7.6M   92  365  79%    10M |  99.9   ovl   1   27   808k    4    7  63%  81.9M  -759n  n/a
   3   5e |   7 1.0   17   8.4M   82  238  74%    10M |  99.9   ovl   1   27  3.19M   16    5  23%  81.9M   515n  n/a
   3   5f |   7 1.0   17   8.1M   78  243  75%    10M |  99.9   n/a   1   27  1.79M    9    5  35%  81.9M    n/a  n/a
   3   60 |   7 1.0   17   8.4M   81  221  73%    10M |  99.9   n/a   1   27  1.79M    9    5  35%  81.9M    n/a  n/a
   3   61 |   7 1.0   17   7.4M   78  300  79%    10M |  99.9   ovl   1   27  1.76M    9    7  43%  81.9M   515n  n/a
   3   62 |   7 1.0   17   8.4M   94  255  73%    10M |  99.9   ovl   1   27  1.79M    9    5  35%  81.9M   699n  n/a
   3   63 |   7 1.0    0      0    0    0   0%    10M |   n/a   n/a   1    0      0    0    0   0%  81.9M    n/a  n/a

          |--------------------DL---------------------|-------------------------------UL-----------------------------
 pci rnti | cqi  ri  mcs  brate   ok  nok  (%)  dl_bs | pusch  rsrp  ri  mcs  brate   ok  nok  (%)    bsr     ta  phr
   4   64 |   7 1.0   19   7.6M  166  574  77%    10M |  99.9   ovl   1   27  1.36M   18   17  48%  81.9M  -377n  n/a
   4   65 |   7 1.0   19   7.9M  164  550  77%    10M |  99.9   ovl   1   27  2.00M   28   15  34%  81.9M  -349n  n/a
   4   66 |   7 1.0   19   8.2M  192  571  74%    10M |  99.9   ovl   1   27  1.54M   21   11  34%  81.9M  -351n  n/a
   4   67 |   7 1.0   19   7.4M  162  566  77%    10M |  99.9   ovl   1   27  2.07M   27   15  35%  81.9M   232n  n/a
   4   68 |   7 1.0   19   8.5M  183  542  74%    10M |  99.9   ovl   1   27  1.79M   24    9  27%  81.9M  -734n  n/a
   4   69 |   7 1.0   19   7.7M  156  550  77%    10M |  99.9   ovl   1   27  1.92M   24   10  29%  81.9M  -230n  n/a
   4   6a |   7 1.0   19   7.6M  177  561  76%    10M |  99.9   ovl   1   27  1.65M   22   13  37%  81.9M  -259n  n/a
   4   6b |   7 1.0   19   7.8M  159  566  78%    10M |  99.9   ovl   1   27  1.65M   22   17  43%  81.9M  -298n  n/a
   0   44 |   7 1.0   19   7.2M  151  539  78%    10M |  99.9   ovl   1   27  1.66M   19   16  45%  81.9M  -112n  n/a
   0   45 |   7 1.0   19   8.3M  157  502  76%    10M |  99.9   ovl   1   27  2.12M   25   10  28%  81.9M  -533n  n/a
   0   46 |   7 1.0   19   7.9M  170  593  77%    10M |  99.9   ovl   1   27  1.98M   24    7  22%  81.9M  -521n  n/a
   0   47 |   7 1.0   19   8.0M  158  546  77%    10M |  99.9   ovl   1   27  1.49M   17   17  50%  81.9M  -303n  n/a
   0   48 |   7 1.0   19   8.1M  164  576  77%    10M |  99.9   ovl   1   27  1.90M   22   12  35%  81.9M  -382n  n/a
   0   49 |   7 1.0   19   8.0M  150  508  77%    10M |  99.9   ovl   1   27  1.41M   17   15  46%  81.9M  -746n  n/a
   0   4a |   7 1.0   19   8.0M  171  523  75%    10M |  99.9   ovl   1   27  1.70M   18   14  43%  81.9M  -465n  n/a
   0   4b |   7 1.0   19   8.3M  155  500  76%    10M |  99.9   ovl   1   27  1.96M   21   14  40%  81.9M  -564n  n/a
   1   4c |   7 1.0   17   9.4M   84  419  83%    10M |  99.9   ovl   1   27   254k    1    6  85%  81.9M   107n  n/a
   1   4d |   7 1.0   17   9.3M   90  336  78%    10M |  99.9   n/a   1   27  1.79M    7    8  53%  81.9M    n/a  n/a
   1   4e |   7 1.0   17   9.1M   78  397  83%    10M |  99.9   ovl   1   27  1.77M    7   10  58%  81.9M  -968n  n/a
   1   4f |   7 1.0   17    10M   86  336  79%    10M |  99.9   ovl   1   27  1.52M    6   10  62%  81.9M   107n  n/a
   1   50 |   7 1.0   17   9.4M   73  399  84%    10M |  99.9   n/a   1   27  2.03M    8    3  27%  81.9M    n/a  n/a
   1   51 |   7 1.0   17   9.7M   85  342  80%    10M |  99.9   n/a   1   27  1.55M    6   14  70%  81.9M    n/a  n/a
   1   52 |   7 1.0   17   8.9M   68  399  85%    10M |  99.9   n/a   1   27  1.26M    5    8  61%  81.9M    n/a  n/a
   1   53 |   7 1.0    0      0    0    0   0%    10M |   n/a   n/a   1    0      0    0    0   0%  81.9M    n/a  n/a
   2   54 |   7 1.0   17    12M   99  212  68%    10M |  99.9   ovl   1   27  2.53M   10    5  33%  81.9M   361n  n/a
   2   55 |   7 1.0   17    11M   89  232  72%    10M |  99.9   ovl   1   27  2.03M    8    8  50%  81.9M   460n  n/a
   2   56 |   7 1.0   17    11M   88  220  71%    10M |  99.9   ovl   1   27  1.26M    5   10  66%  81.9M    74n  n/a
   2   57 |   7 1.0   17    11M   90  228  71%    10M |  99.9   n/a   1   27  2.49M   10   14  58%  81.9M    n/a  n/a
   2   58 |   7 1.0   17    11M   94  218  69%    10M |  99.9   ovl   1   27  1.51M    6    7  53%  81.9M  -659n  n/a
   2   59 |   7 1.0   17    11M   84  242  74%    10M |  99.9   ovl   1   27  4.03M   16   14  46%  81.9M  -319n  n/a
   2   5a |   7 1.0   17    11M   90  199  68%    10M |  99.9   ovl   1   27  1.52M    6    6  50%  81.9M   184n  n/a
   2   5b |   7 1.0    0      0    0    0   0%    10M |   n/a   n/a   1    0      0    0    0   0%  81.9M    n/a  n/a
   3   5c |   7 1.0   17   5.7M   58  492  89%    10M |  99.9   n/a   1   27  1.18M    6   11  64%  81.9M    n/a  n/a
   3   5d |   7 1.0   17   6.9M   77  407  84%    10M |  99.9   n/a   1   27  1.00M    5   12  70%  81.9M    n/a  n/a
   3   5e |   7 1.0   17   6.4M   71  386  84%    10M |  99.9   ovl   1   27   414k    2    7  77%  81.9M  -759n  n/a
   3   5f |   7 1.0   17   6.3M   66  431  86%    10M |  99.9   n/a   1   27  1.38M    7   13  65%  81.9M    n/a  n/a
   3   60 |   7 1.0   17   6.3M   66  401  85%    10M |  99.9   n/a   1   27   414k    2   11  84%  81.9M    n/a  n/a
   3   61 |   7 1.0   17   6.5M   67  403  85%    10M |  99.9   n/a   1   27   791k    4   10  71%  81.9M    n/a  n/a
   3   62 |   7 1.0   17   6.6M   61  441  87%    10M |  99.9   n/a   1   27  1.21M    6   11  64%  81.9M    n/a  n/a
   3   63 |   7 1.0    0      0    0    0   0%    10M |   n/a   n/a   1    0      0    0    0   0%  81.9M    n/a  n/a
   4   64 |   7 1.0   19   7.1M  160  604  79%    10M |  99.9   n/a   1   27   829k   12   13  52%  81.9M    n/a  n/a
   4   65 |   7 1.0   19   7.1M  149  557  78%    10M |  99.9   n/a   1   27  1.67M   22   15  40%  81.9M    n/a  n/a
   4   66 |   7 1.0   19   7.1M  157  577  78%    10M |  99.9   n/a   1   27  1.23M   17   17  50%  81.9M    n/a  n/a
   4   67 |   7 1.0   19   7.3M  149  507  77%    10M |  99.9   n/a   1   27  1.61M   21   11  34%  81.9M    n/a  n/a
   4   68 |   7 1.0   19   7.5M  177  582  76%    10M |  99.9   n/a   1   27  2.01M   27   15  35%  81.9M    n/a  n/a
   4   69 |   7 1.0   19   6.8M  142  522  78%    10M |  99.9   ovl   1   27  1.43M   18   12  40%  81.9M    -1u  n/a
   4   6a |   7 1.0   19   7.8M  165  535  76%    10M |  99.9   n/a   1   27  1.58M   21   12  36%  81.9M    n/a  n/a
   4   6b |   7 1.0   19   7.1M  145  548  79%    10M |  99.9   ovl   1   27  1.26M   16   13  44%  81.9M   682n  n/a
   0   44 |   7 1.0   19   6.9M  135  636  82%    10M |  99.9   n/a   1   27  1.99M   22   13  37%  81.9M    n/a  n/a
   0   45 |   7 1.0   19   8.0M  145  561  79%    10M |  99.9   ovl   1   27  1.74M   19   12  38%  81.9M    -1u  n/a
   0   46 |   7 1.0   19   7.5M  161  585  78%    10M |  99.9   n/a   1   27  1.29M   14   15  51%  81.9M    n/a  n/a
   0   47 |   7 1.0   19   7.9M  147  536  78%    10M |  99.9   n/a   1   27  1.80M   20   11  35%  81.9M    n/a  n/a
   0   48 |   7 1.0   19   7.7M  141  552  79%    10M |  99.9   n/a   1   27  1.02M   12   17  58%  81.9M    n/a  n/a
   0   49 |   7 1.0   19   7.7M  147  498  77%    10M |  99.9   n/a   1   27  1.20M   14   14  50%  81.9M    n/a  n/a
   0   4a |   7 1.0   19   7.4M  138  572  80%    10M |  99.9   n/a   1   27  1.20M   14   14  50%  81.9M    n/a  n/a
   0   4b |   7 1.0   19   7.4M  147  587  79%    10M |  99.9   n/a   1   27  1.00M   11   15  57%  81.9M    n/a  n/a
   1   4c |   7 1.0   17   9.4M   74  349  82%    10M |  99.9   n/a   1   27  2.01M    8   14  63%  81.9M    n/a  n/a
   1   4d |   7 1.0   17   9.7M   80  346  81%    10M |  99.9   n/a   1   27  2.78M   11   12  52%  81.9M    n/a  n/a
   1   4e |   7 1.0   17   9.4M   76  331  81%    10M |  99.9   n/a   1   27   258k    1    4  80%  81.9M    n/a  n/a
   1   4f |   7 1.0   17   9.5M   80  382  82%    10M |  99.9   n/a   1   27  3.05M   12   12  50%  81.9M    n/a  n/a
   1   50 |   7 1.0   17   9.3M   71  341  82%    10M |  99.9   ovl   1   27  1.00M    4    6  60%  81.9M   409n  n/a
   1   51 |   7 1.0   17   9.2M   76  351  82%    10M |  99.9   n/a   1   27  2.01M    8    6  42%  81.9M    n/a  n/a
   1   52 |   7 1.0   17   9.5M   83  364  81%    10M |  99.9   n/a   1   27   517k    2    6  75%  81.9M    n/a  n/a
   1   53 |   7 1.0    0      0    0    0   0%    10M |   n/a   n/a   1    0      0    0    0   0%  81.9M    n/a  n/a
   2   54 |   7 1.0   17    11M   92  241  72%    10M |  99.9   ovl   1   27  2.52M   10    8  44%  81.9M    74n  n/a
   2   55 |   7 1.0   17    10M   89  238  72%    10M |  99.9   ovl   1   27  1.75M    7    8  53%  81.9M  -170n  n/a
   2   56 |   7 1.0   17   9.7M   84  261  75%    10M |  99.9   n/a   1   27   496k    2    6  75%  81.9M    n/a  n/a
   2   57 |   7 1.0   17    11M   92  237  72%    10M |  99.9   n/a   1   27  3.02M   12    5  29%  81.9M    n/a  n/a
   2   58 |   7 1.0   17    10M   79  260  76%    10M |  99.9   ovl   1   27  2.03M    8    9  52%  81.9M   213n  n/a
   2   59 |   7 1.0   17    11M   95  261  73%    10M |  99.9   ovl   1   27  1.50M    6    7  53%  81.9M   332n  n/a
   2   5a |   7 1.0   17    11M   93  238  71%    10M |  99.9   ovl   1   27  2.52M   10   10  50%  81.9M    64n  n/a
   2   5b |   7 1.0    0      0    0    0   0%    10M |   n/a   n/a   1    0      0    0    0   0%  81.9M    n/a  n/a
   3   5c |   7 1.0   17   6.6M   65  455  87%    10M |  99.9   ovl   1   27  1.18M    6    9  60%  81.9M   508n  n/a
   3   5d |   7 1.0   17   6.9M   75  455  85%    10M |  99.9   n/a   1   27   590k    3    9  75%  81.9M    n/a  n/a
   3   5e |   7 1.0   17   7.2M   74  443  85%    10M |  99.9   ovl   1   27   812k    4    6  60%  81.9M  -759n  n/a
   3   5f |   7 1.0   17   6.9M   67  448  86%    10M |  99.9   n/a   1   27  1.58M    8    9  52%  81.9M    n/a  n/a
   3   60 |   7 1.0   17   7.2M   76  456  85%    10M |  99.9   n/a   1   27  1.18M    6    9  60%  81.9M    n/a  n/a
   3   61 |   7 1.0   17   6.7M   65  381  85%    10M |  99.9   n/a   1   27  1.41M    7    4  36%  81.9M    n/a  n/a
   3   62 |   7 1.0   17   6.9M   64  453  87%    10M |  99.9   n/a   1   27   992k    5    9  64%  81.9M    n/a  n/a
   3   63 |   7 1.0    0      0    0    0   0%    10M |   n/a   n/a   1    0      0    0    0   0%  81.9M    n/a  n/a
   4   64 |   7 1.0   19   6.1M  133  653  83%    10M |  99.9   ovl   1   27  1.36M   18   16  47%  81.9M   675n  n/a
   4   65 |   7 1.0   19   6.3M  127  553  81%    10M |  99.9   ovl   1   27  1.32M   17    8  32%  81.9M  -302n  n/a
   4   66 |   7 1.0   19   6.5M  151  543  78%    10M |  99.9   ovl   1   27   572k    6   15  71%  81.9M  -724n  n/a
   4   67 |   7 1.0   19   6.3M  132  561  80%    10M |  99.9   ovl   1   27   923k   12   16  57%  81.9M  -258n  n/a
   4   68 |   7 1.0   19   6.5M  141  670  82%    10M |  99.9   ovl   1   27  1.38M   19    5  20%  81.9M  -344n  n/a
   4   69 |   7 1.0   19   6.5M  128  599  82%    10M |  99.9   ovl   1   27   516k    7   17  70%  81.9M  -269n  n/a
   4   6a |   7 1.0   19   6.2M  152  586  79%    10M |  99.9   ovl   1   27  1.26M   17   12  41%  81.9M  -511n  n/a
   4   6b |   7 1.0   19   6.4M  135  567  80%    10M |  99.9   ovl   1   27  1.43M   20   15  42%  81.9M  -603n  n/a

          |--------------------DL---------------------|-------------------------------UL-----------------------------
 pci rnti | cqi  ri  mcs  brate   ok  nok  (%)  dl_bs | pusch  rsrp  ri  mcs  brate   ok  nok  (%)    bsr     ta  phr
   0   44 |   7 1.0   19   8.2M  166  599  78%    10M |  99.9   ovl   1   27  1.86M   19   13  40%  81.9M  -355n  n/a
   0   45 |   7 1.0   19   8.4M  150  567  79%    10M |  99.9   ovl   1   27  2.39M   26    6  18%  81.9M  -252n  n/a
   0   46 |   7 1.0   19   8.2M  163  599  78%    10M |  99.9   ovl   1   27  1.33M   16   11  40%  81.9M  -544n  n/a
   0   47 |   7 1.0   19   8.1M  151  517  77%    10M |  99.9   ovl   1   27  1.95M   22   10  31%  81.9M    50n  n/a
   0   48 |   7 1.0   19   8.3M  159  633  79%    10M |  99.9   ovl   1   27  2.11M   22   10  31%  81.9M  -529n  n/a
   0   49 |   7 1.0   19   8.2M  154  483  75%    10M |  99.9   ovl   1   27  1.04M   10   14  58%  81.9M  -766n  n/a
   0   4a |   7 1.0   19   8.4M  166  645  79%    10M |  99.9   ovl   1   27  1.18M   13   13  50%  81.9M  -301n  n/a
   0   4b |   7 1.0   19   8.5M  156  532  77%    10M |  99.9   ovl   1   27  1.35M   14    6  30%  81.9M  -753n  n/a
   1   4c |   7 1.0   17    10M   82  268  76%    10M |  99.9   ovl   1   27  2.04M    8    6  42%  81.9M  -968n  n/a
   1   4d |   7 1.0   17   9.7M   85  344  80%    10M |  99.9   ovl   1   27  2.04M    8    5  38%  81.9M   171n  n/a
   1   4e |   7 1.0   17   9.7M   79  317  80%    10M |  99.9   ovl   1   27  2.30M    9    7  43%  81.9M  -279n  n/a
   1   4f |   7 1.0   17   9.1M   67  320  82%    10M |  99.9   ovl   1   27  1.52M    6    7  53%  81.9M  -157n  n/a
   1   50 |   7 1.0   17   9.2M   73  325  81%    10M |  99.9   ovl   1   27  1.77M    7    4  36%  81.9M   900n  n/a
   1   51 |   7 1.0   17   9.7M   77  321  80%    10M |  99.9   ovl   1   27  2.30M    9    3  25%  81.9M   -87n  n/a
   1   52 |   7 1.0   17   9.8M   76  340  81%    10M |  99.9   ovl   1   27  2.27M    9    5  35%  81.9M   655n  n/a
   1   53 |   7 1.0    0      0    0    0   0%    10M |   n/a   n/a   1    0      0    0    0   0%  81.9M    n/a  n/a
   2   54 |   7 1.0   17   7.5M   68  398  85%    10M |  99.9   n/a   1   27  1.50M    6    4  40%  81.9M    n/a  n/a
   2   55 |   7 1.0   17   7.4M   66  381  85%    10M |  99.9   ovl   1   27  1.52M    6   10  62%  81.9M   358n  n/a
   2   56 |   7 1.0   17   7.8M   76  366  82%    10M |  99.9   n/a   1   27  1.75M    7   10  58%  81.9M    n/a  n/a
   2   57 |   7 1.0   17   7.4M   63  379  85%    10M |  99.9   ovl   1   27  1.27M    5    2  28%  81.9M    74n  n/a
   2   58 |   7 1.0   17   7.6M   69  372  84%    10M |  99.9   ovl   1   27  1.26M    5    7  58%  81.9M  -660n  n/a
   2   59 |   7 1.0   17   7.3M   61  404  86%    10M |  99.9   n/a   1   27  1.25M    5    6  54%  81.9M    n/a  n/a
   2   5a |   7 1.0   17   7.6M   70  385  84%    10M |  99.9   ovl   1   27  2.02M    8   11  57%  81.9M  -149n  n/a
   2   5b |   7 1.0    0      0    0    0   0%    10M |   n/a   n/a   1    0      0    0    0   0%  81.9M    n/a  n/a
   3   5c |   7 1.0   17   5.5M   61  495  89%    10M |  99.9   n/a   1   27  1.21M    6    5  45%  81.9M    n/a  n/a
   3   5d |   7 1.0   17   5.4M   67  533  88%    10M |  99.9   n/a   1   27  1.39M    7    7  50%  81.9M    n/a  n/a
   3   5e |   7 1.0   17   4.9M   58  517  89%    10M |  99.9   n/a   1   27  1.19M    6    4  40%  81.9M    n/a  n/a
   3   5f |   7 1.0   17   5.6M   62  514  89%    10M |  99.9   n/a   1   27  1.18M    6    8  57%  81.9M    n/a  n/a
   3   60 |   7 1.0   17   5.2M   63  542  89%    10M |  99.9   n/a   1   27   795k    4    7  63%  81.9M    n/a  n/a
   3   61 |   7 1.0   17   5.5M   63  520  89%    10M |  99.9   n/a   1   27   988k    5    5  50%  81.9M    n/a  n/a
   3   62 |   7 1.0   17   5.2M   69  509  88%    10M |  99.9   n/a   1   27  1.39M    7    7  50%  81.9M    n/a  n/a
   3   63 |   7 1.0    0      0    0    0   0%    10M |   n/a   n/a   1    0      0    0    0   0%  81.9M    n/a  n/a
   4   64 |   7 1.0   19   7.0M  165  554  77%    10M |  99.9   ovl   1   27  1.80M   24   12  33%  81.9M  -460n  n/a
   4   65 |   7 1.0   19   6.7M  137  557  80%    10M |  99.9   ovl   1   27  1.98M   25   13  34%  81.9M  -524n  n/a
   4   66 |   7 1.0   19   6.8M  165  576  77%    10M |  99.9   ovl   1   27  1.94M   25   11  30%  81.9M  -530n  n/a
   4   67 |   7 1.0   19   6.9M  149  572  79%    10M |  99.9   ovl   1   27  1.75M   23   15  39%  81.9M  -376n  n/a
   4   68 |   7 1.0   19   6.6M  158  688  81%    10M |  99.9   ovl   1   27  1.73M   22   16  42%  81.9M  -262n  n/a
   4   69 |   7 1.0   19   7.0M  146  508  77%    10M |  99.9   ovl   1   27  1.69M   22   16  42%  81.9M  -587n  n/a
   4   6a |   7 1.0   19   6.9M  159  597  78%    10M |  99.9   ovl   1   27  1.68M   21   15  41%  81.9M  -213n  n/a
   4   6b |   7 1.0   19   7.0M  148  513  77%    10M |  99.9   ovl   1   27  1.81M   22   15  40%  81.9M  -261n  n/a
   0   44 |   7 1.0   19   5.8M  118  693  85%    10M |  99.9   n/a   1   27   484k    5   12  70%  81.9M    n/a  n/a
   0   45 |   7 1.0   19   6.2M  128  592  82%    10M |  99.9   n/a   1   27   705k    8   10  55%  81.9M    n/a  n/a
   0   46 |   7 1.0   19   5.5M  115  664  85%    10M |  99.9   n/a   1   27   979k   12   12  50%  81.9M    n/a  n/a
   0   47 |   7 1.0   19   5.7M  118  574  82%    10M |  99.9   n/a   1   27   752k    9   12  57%  81.9M    n/a  n/a
   0   48 |   7 1.0   19   5.3M  108  639  85%    10M |  99.9   ovl   1   27  1.58M   17    8  32%  81.9M  -858n  n/a
   0   49 |   7 1.0   19   6.0M  115  576  83%    10M |  99.9   n/a   1   27  1.29M   15   14  48%  81.9M    n/a  n/a
   0   4a |   7 1.0   19   5.1M  115  630  84%    10M |  99.9   ovl   1   27  1.30M   14   12  46%  81.9M  -701n  n/a
   0   4b |   7 1.0   19   6.1M  117  610  83%    10M |  99.9   n/a   1   27  1.01M   12   15  55%  81.9M    n/a  n/a
   1   4c |   7 1.0   17    13M   96  321  76%    10M |  99.9   ovl   1   27  3.83M   15    7  31%  81.9M  -127n  n/a
   1   4d |   7 1.0   17    13M   92  351  79%    10M |  99.9   ovl   1   27  4.08M   16    8  33%  81.9M  -134n  n/a
   1   4e |   7 1.0   17    13M   94  366  79%    10M |  99.9   ovl   1   27  4.08M   16    7  30%  81.9M   266n  n/a
   1   4f |   7 1.0   17    13M   97  370  79%    10M |  99.9   ovl   1   27  3.59M   14   10  41%  81.9M  -112n  n/a
   1   50 |   7 1.0   17    13M   96  343  78%    10M |  99.9   ovl   1   27  4.06M   16    7  30%  81.9M   112n  n/a
   1   51 |   7 1.0   17    13M   88  317  78%    10M |  99.9   ovl   1   27  3.82M   15    8  34%  81.9M  -112n  n/a
   1   52 |   7 1.0   17    13M   95  331  77%    10M |  99.9   ovl   1   27  3.81M   15    8  34%  81.9M   -69n  n/a
   1   53 |   7 1.0    0      0    0    0   0%    10M |   n/a   n/a   1    0      0    0    0   0%  81.9M    n/a  n/a
   2   54 |   7 1.0   18   7.9M   75  354  82%    10M |  99.9   ovl   1   27  1.76M    7    7  50%  81.9M  -660n  n/a
   2   55 |   7 1.0   18   9.0M   78  365  82%    10M |  99.9   ovl   1   27  1.74M    7    3  30%  81.9M  -415n  n/a
   2   56 |   7 1.0   17   8.3M   79  374  82%    10M |  99.9   ovl   1   27  1.75M    7    6  46%  81.9M   361n  n/a
   2   57 |   7 1.0   18   8.4M   74  388  83%    10M |  99.9   ovl   1   27  1.50M    6    9  60%  81.9M    74n  n/a
   2   58 |   7 1.0   17   7.4M   70  390  84%    10M |  99.9   ovl   1   27  1.76M    7    5  41%  81.9M    64n  n/a
   2   59 |   7 1.0   18   8.4M   75  424  84%    10M |  99.9   n/a   1   27  1.77M    7    7  50%  81.9M    n/a  n/a
   2   5a |   7 1.0   17   8.4M   85  359  80%    10M |  99.9   ovl   1   27  1.76M    7    1  12%  81.9M  -293n  n/a
   2   5b |   7 1.0    0      0    0    0   0%    10M |   n/a   n/a   1    0      0    0    0   0%  81.9M    n/a  n/a
   3   5c |   7 1.0   17   6.1M   58  496  89%    10M |  99.9   ovl   1   27   590k    3    6  66%  81.9M   515n  n/a
   3   5d |   7 1.0   17   6.5M   58  526  90%    10M |  99.9   ovl   1   27  1.01M    5    4  44%  81.9M   317n  n/a
   3   5e |   7 1.0   17   6.0M   63  487  88%    10M |  99.9   ovl   1   27  1.21M    6    8  57%  81.9M   508n  n/a
   3   5f |   7 1.0   17   6.2M   64  494  88%    10M |  99.9   n/a   1   27   599k    3    4  57%  81.9M    n/a  n/a
   3   60 |   7 1.0   17   5.4M   55  469  89%    10M |  99.9   ovl   1   27  1.20M    6    6  50%  81.9M  -214n  n/a
   3   61 |   7 1.0   17   5.9M   58  475  89%    10M |  99.9   ovl   1   27   988k    5    8  61%  81.9M  -214n  n/a
   3   62 |   7 1.0   17   5.9M   56  459  89%    10M |  99.9   ovl   1   27   603k    3    4  57%  81.9M   699n  n/a
   3   63 |   7 1.0    0      0    0    0   0%    10M |   n/a   n/a   1    0      0    0    0   0%  81.9M    n/a  n/a
   4   64 |   7 1.0   19   6.7M  161  578  78%    10M |  99.9   ovl   1   27  1.77M   22    8  26%  81.9M  -622n  n/a
   4   65 |   7 1.0   19   6.2M  140  557  79%    10M |  99.9   ovl   1   27  1.22M   15   13  46%  81.9M   -85n  n/a
   4   66 |   7 1.0   19   6.0M  140  652  82%    10M |  99.9   ovl   1   27  1.17M   15    9  37%  81.9M  -634n  n/a
   4   67 |   7 1.0   19   5.9M  130  531  80%    10M |  99.9   ovl   1   27  1.73M   22    8  26%  81.9M    58n  n/a
   4   68 |   7 1.0   19   5.7M  137  631  82%    10M |  99.9   ovl   1   27  1.12M   14   11  44%  81.9M  -244n  n/a
   4   69 |   7 1.0   19   5.8M  128  573  81%    10M |  99.9   ovl   1   27  1.04M   14   11  44%  81.9M  -450n  n/a
   4   6a |   7 1.0   19   6.3M  137  604  81%    10M |  99.9   ovl   1   27  1.47M   19   10  34%  81.9M  -246n  n/a
   4   6b |   7 1.0   19   6.2M  136  593  81%    10M |  99.9   ovl   1   27  1.69M   23    7  23%  81.9M   -11n  n/a
   0   44 |   7 1.0   19   7.2M  147  656  81%    10M |  99.9   n/a   1   27  1.28M   14   17  54%  81.9M    n/a  n/a
   0   45 |   7 1.0   19   7.5M  142  577  80%    10M |  99.9   n/a   1   27   981k   11   17  60%  81.9M    n/a  n/a
   0   46 |   7 1.0   19   6.9M  136  641  82%    10M |  99.9   n/a   1   27   932k   11   15  57%  81.9M    n/a  n/a
   0   47 |   7 1.0   19   7.1M  133  583  81%    10M |  99.9   n/a   1   27  1.09M   13   16  55%  81.9M    n/a  n/a
   0   48 |   7 1.0   19   6.5M  135  674  83%    10M |  99.9   n/a   1   27  1.32M   14   11  44%  81.9M    n/a  n/a
   0   49 |   7 1.0   19   7.3M  129  556  81%    10M |  99.9   n/a   1   27   770k    9   15  62%  81.9M    n/a  n/a
   0   4a |   7 1.0   19   7.3M  141  635  81%    10M |  99.9   n/a   1   27  1.49M   17   11  39%  81.9M    n/a  n/a
   0   4b |   7 1.0   19   7.4M  135  556  80%    10M |  99.9   n/a   1   27  1.50M   17   12  41%  81.9M    n/a  n/a

          |--------------------DL---------------------|-------------------------------UL-----------------------------
 pci rnti | cqi  ri  mcs  brate   ok  nok  (%)  dl_bs | pusch  rsrp  ri  mcs  brate   ok  nok  (%)    bsr     ta  phr
   1   4c |   7 1.0   17    14M  106  196  64%    10M |  99.9   ovl   1   27  3.81M   15    8  34%  81.9M   196n  n/a
   1   4d |   7 1.0   18    14M  100  204  67%    10M |  99.9   ovl   1   27  4.06M   16   10  38%  81.9M  -151n  n/a
   1   4e |   7 1.0   17    15M  110  147  57%    10M |  99.9   ovl   1   27  2.80M   11    6  35%  81.9M  -431n  n/a
   1   4f |   7 1.0   18    14M  105  210  66%    10M |  99.9   ovl   1   27  4.06M   16    5  23%  81.9M  -187n  n/a
   1   50 |   7 1.0   17    13M   98  203  67%    10M |  99.9   ovl   1   27  3.53M   14    4  22%  81.9M  -151n  n/a
   1   51 |   7 1.0   18    14M  102  197  65%    10M |  99.9   ovl   1   27  4.81M   19    4  17%  81.9M   -69n  n/a
   1   52 |   7 1.0   17    14M  104  200  65%    10M |  99.9   ovl   1   27  3.06M   12    7  36%  81.9M   -69n  n/a
   1   53 |   7 1.0    0      0    0    0   0%    10M |   n/a   n/a   1    0      0    0    0   0%  81.9M    n/a  n/a
   2   54 |   7 1.0   18    10M   83  261  75%    10M |  99.9   n/a   1   27  3.02M   12    7  36%  81.9M    n/a  n/a
   2   55 |   7 1.0   18   9.8M   85  264  75%    10M |  99.9   n/a   1   27  1.74M    7    3  30%  81.9M    n/a  n/a
   2   56 |   7 1.0   18    11M   98  240  71%    10M |  99.9   ovl   1   27  2.78M   11    7  38%  81.9M    69n  n/a
   2   57 |   7 1.0   18    11M   94  295  75%    10M |  99.9   ovl   1   27  1.27M    5   10  66%  81.9M   361n  n/a
   2   58 |   7 1.0   18    10M   84  266  76%    10M |  99.9   ovl   1   27  2.55M   10    6  37%  81.9M   461n  n/a
   2   59 |   7 1.0   18    12M   98  290  74%    10M |  99.9   ovl   1   27  2.03M    8    9  52%  81.9M  -292n  n/a
   2   5a |   7 1.0   18   9.2M   77  303  79%    10M |  99.9   n/a   1   27  1.53M    6   14  70%  81.9M    n/a  n/a
   2   5b |   7 1.0    0      0    0    0   0%    10M |   n/a   n/a   1    0      0    0    0   0%  81.9M    n/a  n/a
   3   5c |   7 1.0   17   5.8M   55  478  89%    10M |  99.9   n/a   1   27   791k    4    9  69%  81.9M    n/a  n/a
   3   5d |   7 1.0   17   5.3M   53  529  90%    10M |  99.9   n/a   1   27  1.39M    7    7  50%  81.9M    n/a  n/a
   3   5e |   7 1.0   17   5.6M   55  541  90%    10M |  99.9   n/a   1   27   820k    4    5  55%  81.9M    n/a  n/a
   3   5f |   7 1.0   17   5.3M   53  483  90%    10M |  99.9   n/a   1   27  1.20M    6   11  64%  81.9M    n/a  n/a
   3   60 |   7 1.0   17   5.2M   50  500  90%    10M |  99.9   n/a   1   27   783k    4   10  71%  81.9M    n/a  n/a
   3   61 |   7 1.0   17   4.8M   47  495  91%    10M |  99.9   n/a   1   27   607k    3    8  72%  81.9M    n/a  n/a
   3   62 |   7 1.0   17   5.3M   50  578  92%    10M |  99.9   n/a   1   27  1.41M    7   10  58%  81.9M    n/a  n/a
   3   63 |   7 1.0    0      0    0    0   0%    10M |   n/a   n/a   1    0      0    0    0   0%  81.9M    n/a  n/a
   4   64 |   7 1.0   19   6.8M  150  609  80%    10M |  99.9   ovl   1   27  1.59M   20    9  31%  81.9M  -404n  n/a
   4   65 |   7 1.0   19   6.5M  148  513  77%    10M |  99.9   n/a   1   27  1.08M   15   10  40%  81.9M    n/a  n/a
   4   66 |   7 1.0   19   6.0M  137  583  80%    10M |  99.9   n/a   1   27  1.00M   14   15  51%  81.9M    n/a  n/a
   4   67 |   7 1.0   19   6.9M  141  489  77%    10M |  99.9   n/a   1   27  1.11M   14   12  46%  81.9M    n/a  n/a
   4   68 |   7 1.0   19   6.5M  144  617  81%    10M |  99.9   n/a   1   27  1.59M   22   11  33%  81.9M    n/a  n/a
   4   69 |   7 1.0   19   6.9M  156  527  77%    10M |  99.9   n/a   1   27  1.01M   13   18  58%  81.9M    n/a  n/a
   4   6a |   7 1.0   19   6.7M  160  661  80%    10M |  99.9   n/a   1   27  1.22M   15   13  46%  81.9M    n/a  n/a
   4   6b |   7 1.0   19   6.8M  148  524  77%    10M |  99.9   n/a   1   27  1.60M   20   14  41%  81.9M    n/a  n/a
   0   44 |   7 1.0   19   9.2M  184  487  72%    10M |  99.9   ovl   1   27  2.81M   30   13  30%  81.9M  -396n  n/a
   0   45 |   7 1.0   19   9.0M  173  498  74%    10M |  99.9   ovl   1   27  1.85M   21   11  34%  81.9M  -170n  n/a
   0   46 |   7 1.0   19   8.8M  186  523  73%    10M |  99.9   ovl   1   27  2.07M   22   13  37%  81.9M  -327n  n/a
   0   47 |   7 1.0   19   9.3M  185  497  72%    10M |  99.9   ovl   1   27  1.99M   23   14  37%  81.9M  -340n  n/a
   0   48 |   7 1.0   19   9.3M  192  501  72%    10M |  99.9   ovl   1   27  2.25M   25   15  37%  81.9M  -620n  n/a
   0   49 |   7 1.0   19   9.2M  171  457  72%    10M |  99.9   ovl   1   27  1.87M   21   15  41%  81.9M  -500n  n/a
   0   4a |   7 1.0   19   9.3M  194  546  73%    10M |  99.9   ovl   1   27  2.29M   24   18  42%  81.9M  -670n  n/a
   0   4b |   7 1.0   19   9.8M  198  517  72%    10M |  99.9   ovl   1   27  2.40M   26   15  36%  81.9M  -679n  n/a
   1   4c |   7 1.0   18    12M   88  222  71%    10M |  99.9   ovl   1   27  1.78M    7    7  50%  81.9M  -279n  n/a
   1   4d |   7 1.0   18    12M   90  205  69%    10M |  99.9   ovl   1   27  2.58M   10    3  23%  81.9M  -968n  n/a
   1   4e |   7 1.0   18    12M   87  182  67%    10M |  99.9   ovl   1   27  3.55M   14    6  30%  81.9M  -968n  n/a
   1   4f |   7 1.0   18    12M   93  214  69%    10M |  99.9   ovl   1   27  1.76M    7    9  56%  81.9M     8n  n/a
   1   50 |   7 1.0   18    11M   89  208  70%    10M |  99.9   ovl   1   27  2.29M    9    8  47%  81.9M   900n  n/a
   1   51 |   7 1.0   18    11M   92  210  69%    10M |  99.9   ovl   1   27  2.29M    9    8  47%  81.9M  -126n  n/a
   1   52 |   7 1.0   18    11M   75  222  74%    10M |  99.9   n/a   1   27  3.78M   15    6  28%  81.9M    n/a  n/a
   1   53 |   7 1.0    0      0    0    0   0%    10M |   n/a   n/a   1    0      0    0    0   0%  81.9M    n/a  n/a
   2   54 |   7 1.0   18   9.9M   75  296  79%    10M |  99.9   n/a   1   27  1.02M    4   13  76%  81.9M    n/a  n/a
   2   55 |   7 1.0   18    11M   83  349  80%    10M |  99.9   n/a   1   27   512k    2    8  80%  81.9M    n/a  n/a
   2   56 |   7 1.0   18   9.1M   69  354  83%    10M |  99.9   n/a   1   27  2.78M   11   10  47%  81.9M    n/a  n/a
   2   57 |   7 1.0   18   9.8M   84  332  79%    10M |  99.9   n/a   1   27  1.01M    4    3  42%  81.9M    n/a  n/a
   2   58 |   7 1.0   18  10.0M   77  337  81%    10M |  99.9   n/a   1   27  3.29M   13    7  35%  81.9M    n/a  n/a
   2   59 |   7 1.0   18    10M   83  332  80%    10M |  99.9   n/a   1   27   763k    3    6  66%  81.9M    n/a  n/a
   2   5a |   7 1.0   18   9.6M   71  312  81%    10M |  99.9   n/a   1   27  2.28M    9    5  35%  81.9M    n/a  n/a
   2   5b |   7 1.0    0      0    0    0   0%    10M |   n/a   n/a   1    0      0    0    0   0%  81.9M    n/a  n/a
   3   5c |   7 1.0   18   7.4M   81  379  82%    10M |  99.9   n/a   1   27  1.01M    5    7  58%  81.9M    n/a  n/a
   3   5d |   7 1.0   18   6.9M   75  352  82%    10M |  99.9   n/a   1   27   402k    2   12  85%  81.9M    n/a  n/a
   3   5e |   7 1.0   17   7.0M   76  448  85%    10M |  99.9   n/a   1   27   980k    5   12  70%  81.9M    n/a  n/a
   3   5f |   7 1.0   18   6.8M   74  412  84%    10M |  99.9   n/a   1   27  1.38M    7    7  50%  81.9M    n/a  n/a
   3   60 |   7 1.0   17   7.0M   77  419  84%    10M |  99.9   n/a   1   27  1.40M    7    6  46%  81.9M    n/a  n/a
   3   61 |   7 1.0   17   6.9M   72  411  85%    10M |  99.9   n/a   1   27   594k    3    7  70%  81.9M    n/a  n/a
   3   62 |   7 1.0   17   7.3M   81  462  85%    10M |  99.9   n/a   1   27   389k    2    9  81%  81.9M    n/a  n/a
   3   63 |   7 1.0    0      0    0    0   0%    10M |   n/a   n/a   1    0      0    0    0   0%  81.9M    n/a  n/a
   4   64 |   7 1.0   19   6.9M  157  611  79%    10M |  99.9   n/a   1   27  1.07M   13   14  51%  81.9M    n/a  n/a
   4   65 |   7 1.0   19   7.1M  154  500  76%    10M |  99.9   n/a   1   27  1.05M   14   16  53%  81.9M    n/a  n/a
   4   66 |   7 1.0   19   7.4M  168  524  75%    10M |  99.9   n/a   1   27  2.02M   25    8  24%  81.9M    n/a  n/a
   4   67 |   7 1.0   19   7.2M  155  479  75%    10M |  99.9   n/a   1   27  1.30M   17   16  48%  81.9M    n/a  n/a
   4   68 |   7 1.0   19   7.2M  160  554  77%    10M |  99.9   n/a   1   27  1.44M   18    6  25%  81.9M    n/a  n/a
   4   69 |   7 1.0   19   7.3M  158  497  75%    10M |  99.9   ovl   1   27  2.08M   26   13  33%  81.9M   479n  n/a
   4   6a |   7 1.0   19   7.4M  155  482  75%    10M |  99.9   n/a   1   27  1.22M   15   12  44%  81.9M    n/a  n/a
   4   6b |   7 1.0   19   7.1M  156  508  76%    10M |  99.9   n/a   1   27  1.94M   24   12  33%  81.9M    n/a  n/a
   0   44 |   7 1.0   19   7.4M  155  548  77%    10M |  99.9   ovl   1   27  1.32M   15   17  53%  81.9M  -783n  n/a
   0   45 |   7 1.0   19   7.1M  136  561  80%    10M |  99.9   ovl   1   27  1.94M   22   13  37%  81.9M  -449n  n/a
   0   46 |   7 1.0   19   7.3M  156  562  78%    10M |  99.9   ovl   1   27  2.04M   23   13  36%  81.9M   -87n  n/a
   0   47 |   7 1.0   19   7.0M  134  560  80%    10M |  99.9   ovl   1   27  1.33M   16   11  40%  81.9M  -514n  n/a
   0   48 |   7 1.0   19   7.1M  139  576  80%    10M |  99.9   ovl   1   27  1.35M   15   11  42%  81.9M  -693n  n/a
   0   49 |   7 1.0   19   6.8M  126  546  81%    10M |  99.9   ovl   1   27  1.52M   18   12  40%  81.9M  -425n  n/a
   0   4a |   7 1.0   19   7.2M  162  603  78%    10M |  99.9   ovl   1   27  1.42M   17    9  34%  81.9M  -321n  n/a
   0   4b |   7 1.0   19   7.3M  137  570  80%    10M |  99.9   ovl   1   27  1.52M   17    9  34%  81.9M  -516n  n/a
   1   4c |   7 1.0   18   9.6M   78  313  80%    10M |  99.9   ovl   1   27  1.26M    5    6  54%  81.9M   106n  n/a
   1   4d |   7 1.0   18   9.7M   85  287  77%    10M |  99.9   ovl   1   27  2.52M   10    9  47%  81.9M   447n  n/a
   1   4e |   7 1.0   18    11M   83  280  77%    10M |  99.9   n/a   1   27  2.03M    8   12  60%  81.9M    n/a  n/a
   1   4f |   7 1.0   18    11M  100  302  75%    10M |  99.9   ovl   1   27  2.80M   11   11  50%  81.9M  -968n  n/a
   1   50 |   7 1.0   18   9.7M   96  332  77%    10M |  99.9   ovl   1   27   504k    2    6  75%  81.9M  -242n  n/a
   1   51 |   7 1.0   18    11M   91  273  75%    10M |  99.9   ovl   1   27  2.00M    8    7  46%  81.9M   409n  n/a
   1   52 |   7 1.0   18   9.7M   84  298  78%    10M |  99.9   ovl   1   27  1.26M    5    7  58%  81.9M   409n  n/a
   1   53 |   7 1.0    0      0    0    0   0%    10M |   n/a   n/a   1    0      0    0    0   0%  81.9M    n/a  n/a

          |--------------------DL---------------------|-------------------------------UL-----------------------------
 pci rnti | cqi  ri  mcs  brate   ok  nok  (%)  dl_bs | pusch  rsrp  ri  mcs  brate   ok  nok  (%)    bsr     ta  phr
   2   54 |   7 1.0   18    10M   83  305  78%    10M |  99.9   n/a   1   27  2.78M   11    7  38%  81.9M    n/a  n/a
   2   55 |   7 1.0   18    11M   88  336  79%    10M |  99.9   n/a   1   27  1.54M    6    9  60%  81.9M    n/a  n/a
   2   56 |   7 1.0   18    10M   79  387  83%    10M |  99.9   ovl   1   27   763k    3    8  72%  81.9M   213n  n/a
   2   57 |   7 1.0   18    10M   75  297  79%    10M |  99.9   ovl   1   27  1.53M    6    8  57%  81.9M   211n  n/a
   2   58 |   7 1.0   18    10M   85  329  79%    10M |  99.9   n/a   1   27  1.26M    5    9  64%  81.9M    n/a  n/a
   2   59 |   7 1.0   18    10M   87  338  79%    10M |  99.9   n/a   1   27  2.28M    9   12  57%  81.9M    n/a  n/a
   2   5a |   7 1.0   18    10M   78  338  81%    10M |  99.9   n/a   1   27  1.54M    6    5  45%  81.9M    n/a  n/a
   2   5b |   7 1.0    0      0    0    0   0%    10M |   n/a   n/a   1    0      0    0    0   0%  81.9M    n/a  n/a
   3   5c |   7 1.0   18   9.6M   83  309  78%    10M |  99.9   ovl   1   27  1.83M    9    6  40%  81.9M  -214n  n/a
   3   5d |   7 1.0   18   9.6M   91  297  76%    10M |  99.9   ovl   1   27  1.79M    9    8  47%  81.9M   -32n  n/a
   3   5e |   7 1.0   18   9.5M   87  287  76%    10M |  99.9   ovl   1   27  1.98M   10    6  37%  81.9M   572n  n/a
   3   5f |   7 1.0   18   9.0M   88  296  77%    10M |  99.9   ovl   1   27  2.20M   11    8  42%  81.9M    52n  n/a
   3   60 |   7 1.0   18   9.3M   89  300  77%    10M |  99.9   ovl   1   27  1.41M    7   10  58%  81.9M   454n  n/a
   3   61 |   7 1.0   18   9.8M   94  288  75%    10M |  99.9   ovl   1   27  2.40M   12   11  47%  81.9M    52n  n/a
   3   62 |   7 1.0   18   8.9M   82  303  78%    10M |  99.9   ovl   1   27  1.80M    9    9  50%  81.9M   508n  n/a
   3   63 |   7 1.0    0      0    0    0   0%    10M |   n/a   n/a   1    0      0    0    0   0%  81.9M    n/a  n/a
   4   64 |   7 1.0   19   7.4M  182  550  75%    10M |  99.9   ovl   1   27  1.47M   19   15  44%  81.9M  -134n  n/a
   4   65 |   7 1.0   19   7.6M  166  487  74%    10M |  99.9   ovl   1   27  1.62M   21   14  40%  81.9M   163n  n/a
   4   66 |   7 1.0   19   7.1M  169  586  77%    10M |  99.9   ovl   1   27  1.30M   17   18  51%  81.9M  -320n  n/a
   4   67 |   7 1.0   19   7.8M  158  486  75%    10M |  99.9   ovl   1   27  1.47M   19   13  40%  81.9M  -400n  n/a
   4   68 |   7 1.0   19   7.1M  163  590  78%    10M |  99.9   ovl   1   27  1.65M   20   14  41%  81.9M   -53n  n/a
   4   69 |   7 1.0   19   7.8M  167  507  75%    10M |  99.9   ovl   1   27  1.19M   16   15  48%  81.9M  -233n  n/a
   4   6a |   7 1.0   19   7.6M  180  541  75%    10M |  99.9   ovl   1   27  1.57M   19   14  42%  81.9M  -530n  n/a
   4   6b |   7 1.0   19   7.5M  165  500  75%    10M |  99.9   ovl   1   27  1.45M   19   16  45%  81.9M  -542n  n/a
   0   44 |   7 1.0   19   8.5M  180  573  76%    10M |  99.9   ovl   1   27  2.18M   23   13  36%  81.9M  -289n  n/a
   0   45 |   7 1.0   19   7.6M  131  580  81%    10M |  99.9   ovl   1   27  1.98M   22   14  38%  81.9M  -263n  n/a
   0   46 |   7 1.0   19   8.6M  193  549  73%    10M |  99.9   ovl   1   27  2.03M   24   14  36%  81.9M  -505n  n/a
   0   47 |   7 1.0   19   7.8M  149  564  79%    10M |  99.9   ovl   1   27  2.10M   24   14  36%  81.9M  -194n  n/a
   0   48 |   7 1.0   19   9.0M  189  539  74%    10M |  99.9   ovl   1   27  1.80M   19   18  48%  81.9M  -605n  n/a
   0   49 |   7 1.0   19   7.4M  142  581  80%    10M |  99.9   ovl   1   27  1.77M   20   17  45%  81.9M  -970n  n/a
   0   4a |   7 1.0   19   9.0M  184  505  73%    10M |  99.9   ovl   1   27  2.66M   28   13  31%  81.9M  -676n  n/a
   0   4b |   7 1.0   19   7.3M  146  557  79%    10M |  99.9   ovl   1   27  2.52M   28   15  34%  81.9M  -651n  n/a
   1   4c |   7 1.0   18    13M   94  183  66%    10M |  99.9   ovl   1   27  2.77M   11    8  42%  81.9M  -279n  n/a
   1   4d |   7 1.0   18    11M   89  229  72%    10M |  99.9   ovl   1   27  3.05M   12    8  40%  81.9M  -151n  n/a
   1   4e |   7 1.0   18    13M  102  225  68%    10M |  99.9   ovl   1   27  3.56M   14    9  39%  81.9M  -267n  n/a
   1   4f |   7 1.0   18    12M   84  201  70%    10M |  99.9   ovl   1   27  3.05M   12    6  33%  81.9M   380n  n/a
   1   50 |   7 1.0   18    12M   92  213  69%    10M |  99.9   ovl   1   27  3.29M   13    7  35%  81.9M  -151n  n/a
   1   51 |   7 1.0   18    12M   92  263  74%    10M |  99.9   ovl   1   27  3.29M   13    7  35%  81.9M   106n  n/a
   1   52 |   7 1.0   18    12M   88  201  69%    10M |  99.9   ovl   1   27  3.05M   12    6  33%  81.9M   112n  n/a
   1   53 |   7 1.0    0      0    0    0   0%    10M |   n/a   n/a   1    0      0    0    0   0%  81.9M    n/a  n/a
   2   54 |   7 1.0   18    10M   91  357  79%    10M |  99.9   ovl   1   27  3.78M   15    4  21%  81.9M  -659n  n/a
   2   55 |   7 1.0   18   9.4M   73  365  83%    10M |  99.9   n/a   1   27  2.78M   11   11  50%  81.9M    n/a  n/a
   2   56 |   7 1.0   18    11M  103  386  78%    10M |  99.9   ovl   1   27  3.05M   12    5  29%  81.9M  -102n  n/a
   2   57 |   7 1.0   18   9.3M   77  346  81%    10M |  99.9   n/a   1   27  4.32M   17    5  22%  81.9M    n/a  n/a
   2   58 |   7 1.0   18    11M   94  339  78%    10M |  99.9   n/a   1   27  3.55M   14    4  22%  81.9M    n/a  n/a
   2   59 |   7 1.0   18   8.9M   68  380  84%    10M |  99.9   ovl   1   27  3.31M   13    8  38%  81.9M  -660n  n/a
   2   5a |   7 1.0   18    11M   81  390  82%    10M |  99.9   n/a   1   27  3.29M   13    4  23%  81.9M    n/a  n/a
   2   5b |   7 1.0    0      0    0    0   0%    10M |   n/a   n/a   1    0      0    0    0   0%  81.9M    n/a  n/a
   3   5c |   7 1.0   18   6.7M   62  433  87%    10M |  99.9   n/a   1   27   599k    3    7  70%  81.9M    n/a  n/a
   3   5d |   7 1.0   18   6.9M   60  384  86%    10M |  99.9   n/a   1   27  1.21M    6    6  50%  81.9M    n/a  n/a
   3   5e |   7 1.0   18   7.3M   73  449  86%    10M |  99.9   n/a   1   27  2.19M   11    7  38%  81.9M    n/a  n/a
   3   5f |   7 1.0   18   7.0M   66  427  86%    10M |  99.9   n/a   1   27   812k    4    3  42%  81.9M    n/a  n/a
   3   60 |   7 1.0   18   7.2M   77  434  84%    10M |  99.9   n/a   1   27  1.40M    7    6  46%  81.9M    n/a  n/a
   3   61 |   7 1.0   18   6.5M   60  461  88%    10M |  99.9   n/a   1   27  1.60M    8    8  50%  81.9M    n/a  n/a
   3   62 |   7 1.0   18   6.6M   70  499  87%    10M |  99.9   n/a   1   27   598k    3    3  50%  81.9M    n/a  n/a
   3   63 |   7 1.0    0      0    0    0   0%    10M |   n/a   n/a   1    0      0    0    0   0%  81.9M    n/a  n/a
   4   64 |   7 1.0   19    11M  240  450  65%    10M |  99.9   ovl   1   27  3.11M   41    8  16%  81.9M  -391n  n/a
   4   65 |   7 1.0   19   9.8M  217  473  68%    10M |  99.9   ovl   1   27  3.29M   42    9  17%  81.9M  -411n  n/a
   4   66 |   7 1.0   19   9.6M  225  473  67%    10M |  99.9   ovl   1   27  2.88M   37   10  21%  81.9M  -405n  n/a
   4   67 |   7 1.0   19   9.9M  216  495  69%    10M |  99.9   ovl   1   27  3.79M   48    9  15%  81.9M  -383n  n/a
   4   68 |   7 1.0   19    11M  247  449  64%    10M |  99.9   ovl   1   27  2.49M   34   11  24%  81.9M  -239n  n/a
   4   69 |   7 1.0   19   9.2M  197  509  72%    10M |  99.9   ovl   1   27  3.04M   39   10  20%  81.9M  -351n  n/a
   4   6a |   7 1.0   19    10M  258  437  62%    10M |  99.9   ovl   1   27  2.60M   35   11  23%  81.9M  -329n  n/a
   4   6b |   7 1.0   19   9.8M  216  473  68%    10M |  99.9   ovl   1   27  2.80M   37    6  13%  81.9M  -368n  n/a
   0   44 |   7 1.0   19   9.7M  186  594  76%    10M |  99.9   n/a   1   27  1.32M   16   18  52%  81.9M    n/a  n/a
   0   45 |   7 1.0   19   9.1M  167  492  74%    10M |  99.9   n/a   1   27  1.77M   19   15  44%  81.9M    n/a  n/a
   0   46 |   7 1.0   19   9.6M  202  495  71%    10M |  99.9   n/a   1   27  2.03M   21   17  44%  81.9M    n/a  n/a
   0   47 |   7 1.0   19   9.3M  186  526  73%    10M |  99.9   n/a   1   27  1.64M   19   12  38%  81.9M    n/a  n/a
   0   48 |   7 1.0   19   9.8M  185  478  72%    10M |  99.9   n/a   1   27  2.16M   24    9  27%  81.9M    n/a  n/a
   0   49 |   7 1.0   19   9.4M  183  488  72%    10M |  99.9   ovl   1   27  1.95M   23   12  34%  81.9M  -874n  n/a
   0   4a |   7 1.0   19    10M  207  435  67%    10M |  99.9   n/a   1   27  2.78M   28   10  26%  81.9M    n/a  n/a
   0   4b |   7 1.0   19   9.6M  182  418  69%    10M |  99.9   n/a   1   27  1.71M   20   15  42%  81.9M    n/a  n/a
   1   4c |   7 1.0   18    13M   97  259  72%    10M |  99.9   n/a   1   27  2.03M    8    6  42%  81.9M    n/a  n/a
   1   4d |   7 1.0   18    14M  102  233  69%    10M |  99.9   n/a   1   27  3.80M   15   10  40%  81.9M    n/a  n/a
   1   4e |   7 1.0   18    13M  106  203  65%    10M |  99.9   n/a   1   27  1.75M    7    6  46%  81.9M    n/a  n/a
   1   4f |   7 1.0   18    14M  101  240  70%    10M |  99.9   n/a   1   27  2.04M    8   10  55%  81.9M    n/a  n/a
   1   50 |   7 1.0   18    13M  104  250  70%    10M |  99.9   n/a   1   27  2.77M   11    6  35%  81.9M    n/a  n/a
   1   51 |   7 1.0   18    13M  104  237  69%    10M |  99.9   n/a   1   27  3.80M   15   10  40%  81.9M    n/a  n/a
   1   52 |   7 1.0   18    13M   98  287  74%    10M |  99.9   ovl   1   27  1.79M    7   11  61%  81.9M   409n  n/a
   1   53 |   7 1.0    0      0    0    0   0%    10M |   n/a   n/a   1    0      0    0    0   0%  81.9M    n/a  n/a
   2   54 |   7 1.0   18    12M   87  226  72%    10M |  99.9   ovl   1   27  2.31M    9    5  35%  81.9M    64n  n/a
   2   55 |   7 1.0   18    13M  101  243  70%    10M |  99.9   ovl   1   27  3.28M   13    9  40%  81.9M   846n  n/a
   2   56 |   7 1.0   18    12M  101  232  69%    10M |  99.9   ovl   1   27  1.78M    7    9  56%  81.9M    74n  n/a
   2   57 |   7 1.0   18    12M   87  247  73%    10M |  99.9   ovl   1   27  2.52M   10   12  54%  81.9M    75n  n/a
   2   58 |   7 1.0   18    12M   92  222  70%    10M |  99.9   ovl   1   27  1.51M    6   10  62%  81.9M  -293n  n/a
   2   59 |   7 1.0   18    12M   86  232  72%    10M |  99.9   ovl   1   27  2.01M    8    9  52%  81.9M  -660n  n/a
   2   5a |   7 1.0   18    13M   94  262  73%    10M |  99.9   n/a   1   27  2.78M   11   13  54%  81.9M    n/a  n/a
   2   5b |   7 1.0    0      0    0    0   0%    10M |   n/a   n/a   1    0      0    0    0   0%  81.9M    n/a  n/a

          |--------------------DL---------------------|-------------------------------UL-----------------------------
 pci rnti | cqi  ri  mcs  brate   ok  nok  (%)  dl_bs | pusch  rsrp  ri  mcs  brate   ok  nok  (%)    bsr     ta  phr
   3   5c |   7 1.0   18   7.6M   73  432  85%    10M |  99.9   n/a   1   27  1.61M    8   15  65%  81.9M    n/a  n/a
   3   5d |   7 1.0   18   7.4M   74  444  85%    10M |   n/a   n/a   1   27      0    0    9 100%  81.9M    n/a  n/a
   3   5e |   7 1.0   18   8.0M   79  408  83%    10M |  99.9   n/a   1   27  1.79M    9   11  55%  81.9M    n/a  n/a
   3   5f |   7 1.0   18   7.4M   66  405  85%    10M |  99.9   n/a   1   27   205k    1   11  91%  81.9M    n/a  n/a
   3   60 |   7 1.0   18   7.9M   73  376  83%    10M |  99.9   n/a   1   27   795k    4   10  71%  81.9M    n/a  n/a
   3   61 |   7 1.0   18   7.8M   76  403  84%    10M |  99.9   n/a   1   27  1.98M   10   11  52%  81.9M    n/a  n/a
   3   62 |   7 1.0   18   7.8M   81  391  82%    10M |  99.9   n/a   1   27   406k    2   13  86%  81.9M    n/a  n/a
   3   63 |   7 1.0    0      0    0    0   0%    10M |   n/a   n/a   1    0      0    0    0   0%  81.9M    n/a  n/a
   4   64 |   7 1.0   19   7.1M  169  601  78%    10M |  99.9   ovl   1   27  1.51M   20   10  33%  81.9M  -297n  n/a
   4   65 |   7 1.0   19   6.5M  143  539  79%    10M |  99.9   ovl   1   27  1.70M   22   17  43%  81.9M   -31n  n/a
   4   66 |   7 1.0   19   7.3M  165  547  76%    10M |  99.9   n/a   1   27  1.17M   15   14  48%  81.9M    n/a  n/a
   4   67 |   7 1.0   19   6.9M  146  499  77%    10M |  99.9   ovl   1   27  1.34M   17   14  45%  81.9M  -723n  n/a
   4   68 |   7 1.0   19   7.3M  171  589  77%    10M |  99.9   ovl   1   27  1.69M   22   11  33%  81.9M  -226n  n/a
   4   69 |   7 1.0   19   7.2M  149  533  78%    10M |  99.9   ovl   1   27  1.33M   16   12  42%  81.9M  -197n  n/a
   4   6a |   7 1.0   19   6.6M  158  548  77%    10M |  99.9   n/a   1   27  1.21M   16   15  48%  81.9M    n/a  n/a
   4   6b |   7 1.0   19   6.7M  145  560  79%    10M |  99.9   n/a   1   27  1.17M   16   18  52%  81.9M    n/a  n/a
   0   44 |   7 1.0   19   5.3M  105  694  86%    10M |  99.9   n/a   1   27  1.11M   12   15  55%  81.9M    n/a  n/a
   0   45 |   7 1.0   19   5.3M  101  649  86%    10M |  99.9   n/a   1   27   879k   11   11  50%  81.9M    n/a  n/a
   0   46 |   7 1.0   19   5.4M  114  674  85%    10M |  99.9   n/a   1   27  1.59M   16   11  40%  81.9M    n/a  n/a
   0   47 |   7 1.0   19   5.0M   99  637  86%    10M |  99.9   ovl   1   27   779k    9   19  67%  81.9M  -700n  n/a
   0   48 |   7 1.0   19   5.5M  120  659  84%    10M |  99.9   n/a   1   27  1.58M   18   16  47%  81.9M    n/a  n/a
   0   49 |   7 1.0   19   5.3M  103  636  86%    10M |  99.9   ovl   1   27  1.22M   14   15  51%  81.9M  -858n  n/a
   0   4a |   7 1.0   19   5.5M  121  689  85%    10M |  99.9   n/a   1   27  1.14M   12   15  55%  81.9M    n/a  n/a
   0   4b |   7 1.0   19   5.7M   92  616  87%    10M |  99.9   ovl   1   27  1.03M   12   11  47%  81.9M  -422n  n/a
   1   4c |   7 1.0   18    11M   81  216  72%    10M |  99.9   ovl   1   27  3.53M   14    8  36%  81.9M  -263n  n/a
   1   4d |   7 1.0   18    12M   99  194  66%    10M |  99.9   ovl   1   27  3.54M   14    6  30%  81.9M   330n  n/a
   1   4e |   7 1.0   18    12M   91  184  66%    10M |  99.9   ovl   1   27  3.28M   13    4  23%  81.9M   654n  n/a
   1   4f |   7 1.0   18    13M   96  214  69%    10M |  99.9   ovl   1   27  3.82M   15   10  40%  81.9M    63n  n/a
   1   50 |   7 1.0   18    13M   91  174  65%    10M |  99.9   ovl   1   27  3.05M   12    6  33%  81.9M  -126n  n/a
   1   51 |   7 1.0   18    12M   97  208  68%    10M |  99.9   ovl   1   27  2.78M   11    6  35%  81.9M    36n  n/a
   1   52 |   7 1.0   18    13M  102  199  66%    10M |  99.9   ovl   1   27  3.29M   13    7  35%  81.9M   409n  n/a
   1   53 |   7 1.0    0      0    0    0   0%    10M |   n/a   n/a   1    0      0    0    0   0%  81.9M    n/a  n/a
   2   54 |   7 1.0   18   8.1M   60  476  88%    10M |  99.9   n/a   1   27   771k    3    5  62%  81.9M    n/a  n/a
   2   55 |   7 1.0   19   8.5M   60  487  89%    10M |  99.9   n/a   1   27  1.00M    4    5  55%  81.9M    n/a  n/a
   2   56 |   7 1.0   18   7.4M   59  533  90%    10M |  99.9   n/a   1   27  1.01M    4    6  60%  81.9M    n/a  n/a
   2   57 |   7 1.0   18   7.7M   63  495  88%    10M |  99.9   n/a   1   27  1.26M    5    6  54%  81.9M    n/a  n/a
   2   58 |   7 1.0   18   7.9M   60  546  90%    10M |  99.9   n/a   1   27  1.27M    5    8  61%  81.9M    n/a  n/a
   2   59 |   7 1.0   18   7.9M   57  477  89%    10M |  99.9   n/a   1   27  1.28M    5    9  64%  81.9M    n/a  n/a
   2   5a |   7 1.0   18   8.0M   60  484  88%    10M |  99.9   n/a   1   27   762k    3    8  72%  81.9M    n/a  n/a
   2   5b |   7 1.0    0      0    0    0   0%    10M |   n/a   n/a   1    0      0    0    0   0%  81.9M    n/a  n/a
   3   5c |   7 1.0   18   6.8M   67  483  87%    10M |  99.9   n/a   1   27   799k    4    5  55%  81.9M    n/a  n/a
   3   5d |   7 1.0   18   7.1M   69  428  86%    10M |  99.9   n/a   1   27   787k    4    6  60%  81.9M    n/a  n/a
   3   5e |   7 1.0   18   6.5M   73  477  86%    10M |  99.9   n/a   1   27   795k    4    5  55%  81.9M    n/a  n/a
   3   5f |   7 1.0   18   7.1M   69  453  86%    10M |  99.9   n/a   1   27   783k    4    6  60%  81.9M    n/a  n/a
   3   60 |   7 1.0   18   7.1M   73  442  85%    10M |  99.9   n/a   1   27   603k    3    6  66%  81.9M    n/a  n/a
   3   61 |   7 1.0   18   7.0M   68  428  86%    10M |  99.9   n/a   1   27   803k    4    6  60%  81.9M    n/a  n/a
   3   62 |   7 1.0   18   6.5M   64  439  87%    10M |  99.9   n/a   1   27   988k    5    6  54%  81.9M    n/a  n/a
   3   63 |   7 1.0    0      0    0    0   0%    10M |   n/a   n/a   1    0      0    0    0   0%  81.9M    n/a  n/a
   4   64 |   7 1.0   19   8.4M  188  537  74%    10M |  99.9   ovl   1   27  2.78M   36   12  25%  81.9M  -217n  n/a
   4   65 |   7 1.0   19   9.5M  194  381  66%    10M |  99.9   ovl   1   27  3.62M   44    6  12%  81.9M  -223n  n/a
   4   66 |   7 1.0   19   9.5M  210  445  67%    10M |  99.9   ovl   1   27  2.51M   32    8  20%  81.9M  -482n  n/a
   4   67 |   7 1.0   19   9.0M  188  403  68%    10M |  99.9   ovl   1   27  2.73M   35   13  27%  81.9M  -174n  n/a
   4   68 |   7 1.0   19   9.0M  191  491  71%    10M |  99.9   ovl   1   27  2.60M   34    8  19%  81.9M  -145n  n/a
   4   69 |   7 1.0   19   9.4M  196  401  67%    10M |  99.9   ovl   1   27  2.91M   37    9  19%  81.9M  -309n  n/a
   4   6a |   7 1.0   19   9.6M  206  438  68%    10M |  99.9   ovl   1   27  2.82M   35    6  14%  81.9M  -282n  n/a
   4   6b |   7 1.0   19   9.5M  192  415  68%    10M |  99.9   ovl   1   27  2.08M   29    7  19%  81.9M  -154n  n/a
   0   44 |   7 1.0   19   7.1M  154  673  81%    10M |  99.9   ovl   1   27   926k   10   16  61%  81.9M  -961n  n/a
   0   45 |   7 1.0   19   8.1M  165  549  76%    10M |  99.9   ovl   1   27  2.11M   25    8  24%  81.9M  -382n  n/a
   0   46 |   7 1.0   19   8.5M  166  578  77%    10M |  99.9   ovl   1   27  1.90M   23   15  39%  81.9M  -395n  n/a
   0   47 |   7 1.0   19   8.5M  162  506  75%    10M |  99.9   ovl   1   27  1.27M   15   14  48%  81.9M  -447n  n/a
   0   48 |   7 1.0   19   7.6M  152  579  79%    10M |  99.9   ovl   1   27  1.83M   23   10  30%  81.9M  -576n  n/a
   0   49 |   7 1.0   19   8.2M  164  498  75%    10M |  99.9   ovl   1   27  2.00M   23   15  39%  81.9M  -741n  n/a
   0   4a |   7 1.0   19   8.3M  178  574  76%    10M |  99.9   ovl   1   27  2.02M   23    8  25%  81.9M   329n  n/a
   0   4b |   7 1.0   19   8.5M  162  514  76%    10M |  99.9   ovl   1   27  1.96M   25   14  35%  81.9M  -635n  n/a
   1   4c |   7 1.0   18    13M  102  231  69%    10M |  99.9   ovl   1   27  1.76M    7    6  46%  81.9M   -34n  n/a
   1   4d |   7 1.0   19    14M  101  217  68%    10M |  99.9   ovl   1   27  4.78M   19    8  29%  81.9M   434n  n/a
   1   4e |   7 1.0   19    13M  103  258  71%    10M |  99.9   ovl   1   27  3.02M   12    6  33%  81.9M   545n  n/a
   1   4f |   7 1.0   19    14M  101  198  66%    10M |  99.9   ovl   1   27  2.52M   10   10  50%  81.9M   598n  n/a
   1   50 |   7 1.0   18    13M  109  226  67%    10M |  99.9   ovl   1   27  3.00M   12    6  33%  81.9M   262n  n/a
   1   51 |   7 1.0   19    14M  108  220  67%    10M |  99.9   n/a   1   27  4.06M   16    7  30%  81.9M    n/a  n/a
   1   52 |   7 1.0   19    13M  104  265  71%    10M |  99.9   ovl   1   27  3.02M   12    5  29%  81.9M   112n  n/a
   1   53 |   7 1.0    0      0    0    0   0%    10M |   n/a   n/a   1    0      0    0    0   0%  81.9M    n/a  n/a
   2   54 |   7 1.0   19   6.0M   55  578  91%    10M |  99.9   n/a   1   27   246k    1    6  85%  81.9M    n/a  n/a
   2   55 |   7 1.0   19   5.9M   42  545  92%    10M |  99.9   n/a   1   27   246k    1   10  90%  81.9M    n/a  n/a
   2   56 |   7 1.0   19   6.1M   43  554  92%    10M |  99.9   n/a   1   27   496k    2   11  84%  81.9M    n/a  n/a
   2   57 |   7 1.0   19   6.1M   47  573  92%    10M |  99.9   n/a   1   27   750k    3    9  75%  81.9M    n/a  n/a
   2   58 |   7 1.0   18   6.5M   55  583  91%    10M |  99.9   n/a   1   27   763k    3    9  75%  81.9M    n/a  n/a
   2   59 |   7 1.0   19   5.5M   39  506  92%    10M |  99.9   n/a   1   27   516k    2    7  77%  81.9M    n/a  n/a
   2   5a |   7 1.0   18   6.1M   50  490  90%    10M |  99.9   n/a   1   27   508k    2    8  80%  81.9M    n/a  n/a
   2   5b |   7 1.0    0      0    0    0   0%    10M |   n/a   n/a   1    0      0    0    0   0%  81.9M    n/a  n/a
   3   5c |   7 1.0   18   5.0M   56  536  90%    10M |  99.9   n/a   1   27   406k    2    9  81%  81.9M    n/a  n/a
   3   5d |   7 1.0   18   5.6M   53  578  91%    10M |  99.9   n/a   1   27   603k    3    9  75%  81.9M    n/a  n/a
   3   5e |   7 1.0   18   5.4M   62  531  89%    10M |  99.9   n/a   1   27   590k    3   10  76%  81.9M    n/a  n/a
   3   5f |   7 1.0   18   5.1M   47  524  91%    10M |  99.9   n/a   1   27   590k    3    7  70%  81.9M    n/a  n/a
   3   60 |   7 1.0   18   5.7M   66  500  88%    10M |  99.9   n/a   1   27   402k    2    8  80%  81.9M    n/a  n/a
   3   61 |   7 1.0   18   5.5M   53  499  90%    10M |  99.9   n/a   1   27   389k    2    8  80%  81.9M    n/a  n/a
   3   62 |   7 1.0   18   6.2M   66  470  87%    10M |  99.9   n/a   1   27   406k    2    9  81%  81.9M    n/a  n/a
   3   63 |   7 1.0    0      0    0    0   0%    10M |   n/a   n/a   1    0      0    0    0   0%  81.9M    n/a  n/a

          |--------------------DL---------------------|-------------------------------UL-----------------------------
 pci rnti | cqi  ri  mcs  brate   ok  nok  (%)  dl_bs | pusch  rsrp  ri  mcs  brate   ok  nok  (%)    bsr     ta  phr
   4   64 |   7 1.0   19    11M  247  383  60%    10M |  99.9   ovl   1   27  2.99M   37   11  22%  81.9M  -145n  n/a
   4   65 |   7 1.0   19    10M  218  438  66%    10M |  99.9   ovl   1   27  2.72M   35    8  18%  81.9M  -244n  n/a
   4   66 |   7 1.0   19   9.9M  237  410  63%    10M |  99.9   ovl   1   27  2.34M   29    9  23%  81.9M  -390n  n/a
   4   67 |   7 1.0   19    10M  221  408  64%    10M |  99.9   ovl   1   27  2.94M   40   10  20%  81.9M  -203n  n/a
   4   68 |   7 1.0   19    10M  230  458  66%    10M |  99.9   n/a   1   27  2.53M   34   13  27%  81.9M    n/a  n/a
   4   69 |   7 1.0   19   9.7M  211  446  67%    10M |  99.9   ovl   1   27  2.60M   34   10  22%  81.9M  -308n  n/a
   4   6a |   7 1.0   19  10.0M  239  409  63%    10M |  99.9   ovl   1   27  2.37M   29    9  23%  81.9M  -325n  n/a
   4   6b |   7 1.0   19  10.0M  209  409  66%    10M |  99.9   ovl   1   27  2.57M   35   10  22%  81.9M  -172n  n/a
   0   44 |   7 1.0   19   8.4M  184  585  76%    10M |  99.9   ovl   1   27  2.06M   23   10  30%  81.9M  -213n  n/a
   0   45 |   7 1.0   19   7.8M  150  547  78%    10M |  99.9   ovl   1   27  2.18M   24    7  22%  81.9M  -755n  n/a
   0   46 |   7 1.0   19   9.4M  181  472  72%    10M |  99.9   ovl   1   27  2.18M   24   11  31%  81.9M  -619n  n/a
   0   47 |   7 1.0   19   8.0M  160  607  79%    10M |  99.9   ovl   1   27  1.68M   20   16  44%  81.9M  -161n  n/a
   0   48 |   7 1.0   19   8.4M  174  651  78%    10M |  99.9   ovl   1   27  2.09M   25   11  30%  81.9M  -635n  n/a
   0   49 |   7 1.0   19   7.8M  143  541  79%    10M |  99.9   ovl   1   27  1.98M   21    7  25%  81.9M  -755n  n/a
   0   4a |   7 1.0   19   8.3M  181  575  76%    10M |  99.9   ovl   1   27  1.20M   14   12  46%  81.9M   329n  n/a
   0   4b |   7 1.0   19   8.1M  141  511  78%    10M |  99.9   ovl   1   27  1.68M   17   10  37%  81.9M  -715n  n/a
   1   4c |   7 1.0   19    10M   79  318  80%    10M |  99.9   n/a   1   27  1.52M    6    9  60%  81.9M    n/a  n/a
   1   4d |   7 1.0   19   9.5M   71  357  83%    10M |  99.9   ovl   1   27   771k    3    7  70%  81.9M  -968n  n/a
   1   4e |   7 1.0   19   9.5M   72  344  82%    10M |  99.9   n/a   1   27  2.01M    8    5  38%  81.9M    n/a  n/a
   1   4f |   7 1.0   19   9.9M   68  344  83%    10M |  99.9   n/a   1   27  2.53M   10    2  16%  81.9M    n/a  n/a
   1   50 |   7 1.0   19   9.2M   69  343  83%    10M |  99.9   n/a   1   27  1.27M    5    6  54%  81.9M    n/a  n/a
   1   51 |   7 1.0   19    10M   76  363  82%    10M |  99.9   n/a   1   27  1.53M    6   10  62%  81.9M    n/a  n/a
   1   52 |   7 1.0   19   9.4M   68  355  83%    10M |  99.9   ovl   1   27  1.51M    6    7  53%  81.9M  -431n  n/a
   1   53 |   7 1.0    0      0    0    0   0%    10M |   n/a   n/a   1    0      0    0    0   0%  81.9M    n/a  n/a
   2   54 |   7 1.0   19   8.3M   59  466  88%    10M |  99.9   n/a   1   27   771k    3    9  75%  81.9M    n/a  n/a
   2   55 |   7 1.0   19   8.6M   67  549  89%    10M |  99.9   n/a   1   27   754k    3    9  75%  81.9M    n/a  n/a
   2   56 |   7 1.0   19   7.7M   51  525  91%    10M |  99.9   n/a   1   27   758k    3    9  75%  81.9M    n/a  n/a
   2   57 |   7 1.0   19   8.5M   64  462  87%    10M |  99.9   n/a   1   27  1.00M    4    8  66%  81.9M    n/a  n/a
   2   58 |   7 1.0   19   8.2M   63  557  89%    10M |  99.9   n/a   1   27  1.25M    5    9  64%  81.9M    n/a  n/a
   2   59 |   7 1.0   19   8.2M   58  485  89%    10M |  99.9   n/a   1   27   766k    3    8  72%  81.9M    n/a  n/a
   2   5a |   7 1.0   19   8.5M   53  569  91%    10M |  99.9   n/a   1   27  1.01M    4    8  66%  81.9M    n/a  n/a
   2   5b |   7 1.0    0      0    0    0   0%    10M |   n/a   n/a   1    0      0    0    0   0%  81.9M    n/a  n/a
   3   5c |   7 1.0   18   9.1M   85  338  79%    10M |  99.9   ovl   1   27  2.60M   13    9  40%  81.9M   123n  n/a
   3   5d |   7 1.0   18   9.4M   84  294  77%    10M |  99.9   ovl   1   27  2.21M   11    8  42%  81.9M  -125n  n/a
   3   5e |   7 1.0   18   9.4M   85  324  79%    10M |  99.9   ovl   1   27  2.41M   12   11  47%  81.9M  -122n  n/a
   3   5f |   7 1.0   18   9.4M   82  382  82%    10M |  99.9   ovl   1   27  2.00M   10    8  44%  81.9M    86n  n/a
   3   60 |   7 1.0   18   9.0M   82  344  80%    10M |  99.9   ovl   1   27  2.60M   13    5  27%  81.9M   -37n  n/a
   3   61 |   7 1.0   18   9.1M   84  311  78%    10M |  99.9   ovl   1   27  2.80M   14    7  33%  81.9M    27n  n/a
   3   62 |   7 1.0   18   9.4M   89  341  79%    10M |  99.9   ovl   1   27  2.38M   12    9  42%  81.9M   187n  n/a
   3   63 |   7 1.0    0      0    0    0   0%    10M |   n/a   n/a   1    0      0    0    0   0%  81.9M    n/a  n/a
   4   64 |   7 1.0   19   6.0M  135  625  82%    10M |  99.9   ovl   1   27  1.09M   14   11  44%  81.9M  -419n  n/a
   4   65 |   7 1.0   19   5.9M  142  588  80%    10M |  99.9   ovl   1   27  2.18M   27    5  15%  81.9M   194n  n/a
   4   66 |   7 1.0   19   5.9M  133  563  80%    10M |  99.9   ovl   1   27  1.38M   19   11  36%  81.9M    66n  n/a
   4   67 |   7 1.0   19   5.9M  147  531  78%    10M |  99.9   ovl   1   27  1.65M   20    6  23%  81.9M  -615n  n/a
   4   68 |   7 1.0   19   6.5M  165  542  76%    10M |  99.9   ovl   1   27  1.13M   14    8  36%  81.9M  -272n  n/a
   4   69 |   7 1.0   19   6.3M  137  541  79%    10M |  99.9   ovl   1   27  1.46M   18    7  28%  81.9M  -511n  n/a
   4   6a |   7 1.0   19   5.9M  151  617  80%    10M |  99.9   ovl   1   27  1.57M   21   13  38%  81.9M    -1u  n/a
   4   6b |   7 1.0   19   6.1M  134  497  78%    10M |  99.9   ovl   1   27  1.06M   15    7  31%  81.9M  -334n  n/a
   0   44 |   7 1.0   19   7.7M  153  564  78%    10M |  99.9   ovl   1   27  1.65M   18   14  43%  81.9M  -186n  n/a
   0   45 |   7 1.0   19   7.7M  144  495  77%    10M |  99.9   n/a   1   27  1.63M   18   14  43%  81.9M    n/a  n/a
   0   46 |   7 1.0   19   8.0M  172  616  78%    10M |  99.9   n/a   1   27  1.61M   17   12  41%  81.9M    n/a  n/a
   0   47 |   7 1.0   19   7.5M  148  557  79%    10M |  99.9   n/a   1   27  1.62M   20   17  45%  81.9M    n/a  n/a
   0   48 |   7 1.0   19   7.9M  154  530  77%    10M |  99.9   n/a   1   27  1.62M   19   15  44%  81.9M    n/a  n/a
   0   49 |   7 1.0   19   7.8M  155  571  78%    10M |  99.9   n/a   1   27  1.60M   20   12  37%  81.9M    n/a  n/a
   0   4a |   7 1.0   19   7.7M  163  581  78%    10M |  99.9   n/a   1   27  1.07M   13   18  58%  81.9M    n/a  n/a
   0   4b |   7 1.0   19   7.7M  146  522  78%    10M |  99.9   n/a   1   27  1.49M   15   19  55%  81.9M    n/a  n/a
   1   4c |   7 1.0   19    12M   89  234  72%    10M |  99.9   n/a   1   27  1.77M    7   10  58%  81.9M    n/a  n/a
   1   4d |   7 1.0   19    11M   80  284  78%    10M |  99.9   n/a   1   27   508k    2    7  77%  81.9M    n/a  n/a
   1   4e |   7 1.0   19    12M   85  262  75%    10M |  99.9   n/a   1   27  2.24M    9    8  47%  81.9M    n/a  n/a
   1   4f |   7 1.0   19    12M   88  302  77%    10M |  99.9   ovl   1   27  1.02M    4    7  63%  81.9M  -968n  n/a
   1   50 |   7 1.0   19    11M   83  299  78%    10M |  99.9   ovl   1   27  3.03M   12   14  53%  81.9M  -968n  n/a
   1   51 |   7 1.0   19    11M   86  287  76%    10M |  99.9   n/a   1   27  1.54M    6   12  66%  81.9M    n/a  n/a
   1   52 |   7 1.0   19    12M   87  329  79%    10M |  99.9   ovl   1   27  2.52M   10    8  44%  81.9M   409n  n/a
   1   53 |   7 1.0    0      0    0    0   0%    10M |   n/a   n/a   1    0      0    0    0   0%  81.9M    n/a  n/a
   2   54 |   7 1.0   19    14M   92  351  79%    10M |  99.9   n/a   1   27  3.03M   12    8  40%  81.9M    n/a  n/a
   2   55 |   7 1.0   19    13M   91  354  79%    10M |  99.9   n/a   1   27  2.55M   10    8  44%  81.9M    n/a  n/a
   2   56 |   7 1.0   19    14M  101  294  74%    10M |  99.9   ovl   1   27  2.52M   10    9  47%  81.9M    74n  n/a
   2   57 |   7 1.0   19    13M   87  312  78%    10M |  99.9   ovl   1   27  2.50M   10    8  44%  81.9M  -660n  n/a
   2   58 |   7 1.0   19    14M   99  344  77%    10M |  99.9   n/a   1   27  2.03M    8    6  42%  81.9M    n/a  n/a
   2   59 |   7 1.0   19    14M   94  338  78%    10M |  99.9   n/a   1   27  2.29M    9   11  55%  81.9M    n/a  n/a
   2   5a |   7 1.0   19    13M   91  336  78%    10M |  99.9   n/a   1   27  1.54M    6   10  62%  81.9M    n/a  n/a
   2   5b |   7 1.0    0      0    0    0   0%    10M |   n/a   n/a   1    0      0    0    0   0%  81.9M    n/a  n/a
   3   5c |   7 1.0   18    12M  112  227  66%    10M |  99.9   ovl   1   27  3.59M   18    6  25%  81.9M   508n  n/a
   3   5d |   7 1.0   18    11M   94  268  74%    10M |  99.9   ovl   1   27  2.39M   12    7  36%  81.9M   699n  n/a
   3   5e |   7 1.0   18    11M  104  221  68%    10M |  99.9   n/a   1   27  3.80M   19    7  26%  81.9M    n/a  n/a
   3   5f |   7 1.0   19    11M  102  296  74%    10M |  99.9   n/a   1   27  3.01M   15    8  34%  81.9M    n/a  n/a
   3   60 |   7 1.0   18    12M  116  239  67%    10M |  99.9   ovl   1   27  3.04M   15    8  34%  81.9M  -400n  n/a
   3   61 |   7 1.0   18    11M  104  250  70%    10M |  99.9   ovl   1   27  2.80M   14    7  33%  81.9M   325n  n/a
   3   62 |   7 1.0   19    11M   98  255  72%    10M |  99.9   ovl   1   27  2.80M   14    7  33%  81.9M  -400n  n/a
   3   63 |   7 1.0    0      0    0    0   0%    10M |   n/a   n/a   1    0      0    0    0   0%  81.9M    n/a  n/a
   4   64 |   7 1.0   19   6.7M  147  545  78%    10M |  99.9   n/a   1   27   762k    9   15  62%  81.9M    n/a  n/a
   4   65 |   7 1.0   19   6.6M  153  529  77%    10M |  99.9   ovl   1   27  1.53M   20    9  31%  81.9M    11n  n/a
   4   66 |   7 1.0   19   7.9M  192  496  72%    10M |  99.9   ovl   1   27   833k   11   21  65%  81.9M    65n  n/a
   4   67 |   7 1.0   19   6.4M  145  529  78%    10M |  99.9   n/a   1   27  1.80M   22   10  31%  81.9M    n/a  n/a
   4   68 |   7 1.0   19   6.5M  146  614  80%    10M |  99.9   ovl   1   27   731k   10   17  62%  81.9M  -390n  n/a
   4   69 |   7 1.0   19   6.8M  158  574  78%    10M |  99.9   n/a   1   27  1.72M   23   14  37%  81.9M    n/a  n/a
   4   6a |   7 1.0   19   7.3M  168  537  76%    10M |  99.9   ovl   1   27  1.01M   13   15  53%  81.9M   684n  n/a
   4   6b |   7 1.0   19   7.0M  156  524  77%    10M |  99.9   ovl   1   27  1.21M   15   20  57%  81.9M    -1u  n/a

          |--------------------DL---------------------|-------------------------------UL-----------------------------
 pci rnti | cqi  ri  mcs  brate   ok  nok  (%)  dl_bs | pusch  rsrp  ri  mcs  brate   ok  nok  (%)    bsr     ta  phr
   0   44 |   7 1.0   19   8.4M  169  616  78%    10M |  99.9   ovl   1   27  1.91M   22   15  40%  81.9M  -961n  n/a
   0   45 |   7 1.0   19   8.4M  155  495  76%    10M |  99.9   ovl   1   27  2.83M   31   12  27%  81.9M  -250n  n/a
   0   46 |   7 1.0   19   9.3M  193  524  73%    10M |  99.9   ovl   1   27  1.96M   24   14  36%  81.9M  -699n  n/a
   0   47 |   7 1.0   19   8.4M  151  544  78%    10M |  99.9   ovl   1   27  1.52M   18   17  48%  81.9M  -982n  n/a
   0   48 |   7 1.0   19   8.5M  182  503  73%    10M |  99.9   ovl   1   27  2.07M   24   13  35%  81.9M  -676n  n/a
   0   49 |   7 1.0   19   8.6M  167  509  75%    10M |  99.9   ovl   1   27  2.08M   25   13  34%  81.9M  -743n  n/a
   0   4a |   7 1.0   19   8.3M  183  600  76%    10M |  99.9   ovl   1   27  1.76M   19   16  45%  81.9M   -19n  n/a
   0   4b |   7 1.0   19   8.0M  156  561  78%    10M |  99.9   ovl   1   27  1.79M   23   16  41%  81.9M  -216n  n/a
   1   4c |   7 1.0   19    14M   86  180  67%    10M |  99.9   ovl   1   27  1.53M    6    6  50%  81.9M   107n  n/a
   1   4d |   7 1.0   19    14M   95  181  65%    10M |  99.9   ovl   1   27  2.78M   11    7  38%  81.9M   223n  n/a
   1   4e |   7 1.0   19    13M   91  226  71%    10M |  99.9   ovl   1   27  3.30M   13    6  31%  81.9M   235n  n/a
   1   4f |   7 1.0   19    14M   93  180  65%    10M |  99.9   ovl   1   27  2.53M   10    6  37%  81.9M  -162n  n/a
   1   50 |   7 1.0   19    13M   96  189  66%    10M |  99.9   ovl   1   27  3.57M   14    9  39%  81.9M  -431n  n/a
   1   51 |   7 1.0   19    14M   99  198  66%    10M |  99.9   n/a   1   27  3.29M   13   13  50%  81.9M    n/a  n/a
   1   52 |   7 1.0   19    14M   98  161  62%    10M |  99.9   ovl   1   27  1.77M    7    7  50%  81.9M   900n  n/a
   1   53 |   7 1.0    0      0    0    0   0%    10M |   n/a   n/a   1    0      0    0    0   0%  81.9M    n/a  n/a
   2   54 |   7 1.0   19   8.7M   68  418  86%    10M |  99.9   n/a   1   27   762k    3    9  75%  81.9M    n/a  n/a
   2   55 |   7 1.0   19   8.9M   60  416  87%    10M |  99.9   n/a   1   27  1.52M    6   11  64%  81.9M    n/a  n/a
   2   56 |   7 1.0   19   9.0M   69  456  86%    10M |  99.9   n/a   1   27  1.01M    4    9  69%  81.9M    n/a  n/a
   2   57 |   7 1.0   19   8.4M   61  422  87%    10M |  99.9   n/a   1   27  2.03M    8    6  42%  81.9M    n/a  n/a
   2   58 |   7 1.0   19   8.1M   60  483  88%    10M |  99.9   ovl   1   27  1.52M    6    8  57%  81.9M  -660n  n/a
   2   59 |   7 1.0   19   8.5M   68  475  87%    10M |  99.9   ovl   1   27   754k    3    8  72%  81.9M  -660n  n/a
   2   5a |   7 1.0   19   9.5M   68  392  85%    10M |  99.9   ovl   1   27   504k    2    9  81%  81.9M   358n  n/a
   2   5b |   7 1.0    0      0    0    0   0%    10M |   n/a   n/a   1    0      0    0    0   0%  81.9M    n/a  n/a
   3   5c |   7 1.0   19   7.7M   71  419  85%    10M |  99.9   n/a   1   27  1.01M    5    6  54%  81.9M    n/a  n/a
   3   5d |   7 1.0   19   6.9M   67  412  86%    10M |  99.9   n/a   1   27   988k    5    8  61%  81.9M    n/a  n/a
   3   5e |   7 1.0   19   6.8M   72  482  87%    10M |  99.9   n/a   1   27  1.19M    6   10  62%  81.9M    n/a  n/a
   3   5f |   7 1.0   19   7.6M   66  436  86%    10M |  99.9   n/a   1   27   394k    2    7  77%  81.9M    n/a  n/a
   3   60 |   7 1.0   19   7.0M   75  431  85%    10M |  99.9   n/a   1   27  1.78M    9    5  35%  81.9M    n/a  n/a
   3   61 |   7 1.0   19   7.4M   64  424  86%    10M |  99.9   n/a   1   27  1.79M    9   13  59%  81.9M    n/a  n/a
   3   62 |   7 1.0   19   7.2M   63  426  87%    10M |  99.9   n/a   1   27  1.20M    6   11  64%  81.9M    n/a  n/a
   3   63 |   7 1.0    0      0    0    0   0%    10M |   n/a   n/a   1    0      0    0    0   0%  81.9M    n/a  n/a
   4   64 |   7 1.0   19   8.0M  185  553  74%    10M |  99.9   ovl   1   27  2.56M   30    9  23%  81.9M  -649n  n/a
   4   65 |   7 1.0   19   8.3M  178  424  70%    10M |  99.9   ovl   1   27  2.05M   26   16  38%  81.9M  -292n  n/a
   4   66 |   7 1.0   19   8.0M  186  520  73%    10M |  99.9   ovl   1   27  2.57M   32   12  27%  81.9M   125n  n/a
   4   67 |   7 1.0   19   8.4M  179  452  71%    10M |  99.9   ovl   1   27  1.56M   20   13  39%  81.9M  -659n  n/a
   4   68 |   7 1.0   19   8.0M  184  502  73%    10M |  99.9   ovl   1   27  1.93M   23   10  30%  81.9M  -425n  n/a
   4   69 |   7 1.0   19   8.3M  184  444  70%    10M |  99.9   ovl   1   27  2.63M   32    9  21%  81.9M  -573n  n/a
   4   6a |   7 1.0   19   7.8M  182  551  75%    10M |  99.9   ovl   1   27  2.32M   30   13  30%  81.9M  -353n  n/a
   4   6b |   7 1.0   19   8.0M  178  456  71%    10M |  99.9   ovl   1   27  1.66M   21   11  34%  81.9M  -553n  n/a
   0   44 |   7 1.0   19   7.3M  150  646  81%    10M |  99.9   ovl   1   27  2.03M   22   13  37%  81.9M  -875n  n/a
   0   45 |   7 1.0   19   7.5M  140  547  79%    10M |  99.9   n/a   1   27  1.32M   16   11  40%  81.9M    n/a  n/a
   0   46 |   7 1.0   19   7.9M  161  580  78%    10M |  99.9   ovl   1   27  1.40M   16   12  42%  81.9M  -961n  n/a
   0   47 |   7 1.0   19   7.2M  129  593  82%    10M |  99.9   n/a   1   27  1.26M   14   15  51%  81.9M    n/a  n/a
   0   48 |   7 1.0   19   7.8M  162  599  78%    10M |  99.9   n/a   1   27  1.91M   21   15  41%  81.9M    n/a  n/a
   0   49 |   7 1.0   19   7.2M  135  591  81%    10M |  99.9   n/a   1   27  1.76M   18   13  41%  81.9M    n/a  n/a
   0   4a |   7 1.0   19   8.1M  157  566  78%    10M |  99.9   n/a   1   27  1.60M   18   14  43%  81.9M    n/a  n/a
   0   4b |   7 1.0   19   7.6M  146  563  79%    10M |  99.9   ovl   1   27  1.29M   16   18  52%  81.9M  -422n  n/a
   1   4c |   7 1.0   19    12M   85  332  79%    10M |  99.9   ovl   1   27  2.52M   10    7  41%  81.9M  -968n  n/a
   1   4d |   7 1.0   19    12M   87  365  80%    10M |  99.9   ovl   1   27  1.27M    5    5  50%  81.9M   409n  n/a
   1   4e |   7 1.0   19    13M   85  341  80%    10M |  99.9   n/a   1   27  3.56M   14    4  22%  81.9M    n/a  n/a
   1   4f |   7 1.0   19    12M   85  382  81%    10M |  99.9   ovl   1   27  2.77M   11    4  26%  81.9M   900n  n/a
   1   50 |   7 1.0   19    12M   93  376  80%    10M |  99.9   n/a   1   27  3.31M   13   11  45%  81.9M    n/a  n/a
   1   51 |   7 1.0   19    12M   87  341  79%    10M |  99.9   n/a   1   27  1.28M    5    8  61%  81.9M    n/a  n/a
   1   52 |   7 1.0   19    12M   90  315  77%    10M |  99.9   n/a   1   27  2.30M    9    9  50%  81.9M    n/a  n/a
   1   53 |   7 1.0    0      0    0    0   0%    10M |   n/a   n/a   1    0      0    0    0   0%  81.9M    n/a  n/a
   2   54 |   7 1.0   19    13M   88  303  77%    10M |  99.9   ovl   1   27  3.03M   12    7  36%  81.9M   460n  n/a
   2   55 |   7 1.0   19    14M   95  294  75%    10M |  99.9   ovl   1   27  4.05M   16    5  23%  81.9M    87n  n/a
   2   56 |   7 1.0   19    14M   99  254  71%    10M |  99.9   ovl   1   27  3.04M   12    6  33%  81.9M  -112n  n/a
   2   57 |   7 1.0   19    13M   90  286  76%    10M |  99.9   ovl   1   27  3.04M   12    5  29%  81.9M  -151n  n/a
   2   58 |   7 1.0   19    13M   87  280  76%    10M |  99.9   ovl   1   27  2.54M   10   10  50%  81.9M  -221n  n/a
   2   59 |   7 1.0   19    13M   93  276  74%    10M |  99.9   ovl   1   27  3.05M   12    8  40%  81.9M   361n  n/a
   2   5a |   7 1.0   19    14M   93  301  76%    10M |  99.9   ovl   1   27  3.31M   13    9  40%  81.9M   -41n  n/a
   2   5b |   7 1.0    0      0    0    0   0%    10M |   n/a   n/a   1    0      0    0    0   0%  81.9M    n/a  n/a
   3   5c |   7 1.0   19   8.1M   71  460  86%    10M |  99.9   n/a   1   27   992k    5   11  68%  81.9M    n/a  n/a
   3   5d |   7 1.0   19   7.6M   69  465  87%    10M |  99.9   n/a   1   27   402k    2    9  81%  81.9M    n/a  n/a
   3   5e |   7 1.0   19   7.7M   68  438  86%    10M |  99.9   n/a   1   27   795k    4    8  66%  81.9M    n/a  n/a
   3   5f |   7 1.0   19   7.7M   64  418  86%    10M |  99.9   n/a   1   27   799k    4    6  60%  81.9M    n/a  n/a
   3   60 |   7 1.0   19   7.3M   72  450  86%    10M |  99.9   n/a   1   27   197k    1    7  87%  81.9M    n/a  n/a
   3   61 |   7 1.0   19   7.6M   61  463  88%    10M |  99.9   n/a   1   27  1.40M    7    8  53%  81.9M    n/a  n/a
   3   62 |   7 1.0   19   8.2M   75  488  86%    10M |  99.9   n/a   1   27   988k    5   11  68%  81.9M    n/a  n/a
   3   63 |   7 1.0    0      0    0    0   0%    10M |   n/a   n/a   1    0      0    0    0   0%  81.9M    n/a  n/a
   4   64 |   7 1.0   19   6.7M  158  567  78%    10M |  99.9   n/a   1   27  1.39M   18   11  37%  81.9M    n/a  n/a
   4   65 |   7 1.0   19   6.7M  148  525  78%    10M |  99.9   n/a   1   27  1.22M   16   10  38%  81.9M    n/a  n/a
   4   66 |   7 1.0   19   6.5M  153  520  77%    10M |  99.9   ovl   1   27  1.54M   21    9  30%  81.9M  -597n  n/a
   4   67 |   7 1.0   19   6.8M  147  528  78%    10M |  99.9   ovl   1   27  1.69M   21   15  41%  81.9M  -715n  n/a
   4   68 |   7 1.0   19   6.4M  156  541  77%    10M |  99.9   n/a   1   27  2.25M   29    6  17%  81.9M    n/a  n/a
   4   69 |   7 1.0   19   6.9M  157  497  75%    10M |  99.9   ovl   1   27  1.51M   18   12  40%  81.9M   364n  n/a
   4   6a |   7 1.0   19   6.8M  165  487  74%    10M |  99.9   ovl   1   27  1.54M   22   13  37%  81.9M  -400n  n/a
   4   6b |   7 1.0   19   6.8M  150  515  77%    10M |  99.9   n/a   1   27  1.50M   20   11  35%  81.9M    n/a  n/a
   0   44 |   7 1.0   19   8.5M  167  583  77%    10M |  99.9   n/a   1   27  2.63M   31    9  22%  81.9M    n/a  n/a
   0   45 |   7 1.0   19   8.9M  174  534  75%    10M |  99.9   n/a   1   27  1.40M   16   18  52%  81.9M    n/a  n/a
   0   46 |   7 1.0   19   8.6M  177  559  75%    10M |  99.9   n/a   1   27  1.93M   22   15  40%  81.9M    n/a  n/a
   0   47 |   7 1.0   19   8.7M  164  474  74%    10M |  99.9   n/a   1   27  2.05M   22   14  38%  81.9M    n/a  n/a
   0   48 |   7 1.0   19   8.8M  170  536  75%    10M |  99.9   n/a   1   27  1.78M   19   19  50%  81.9M    n/a  n/a
   0   49 |   7 1.0   19   8.8M  171  521  75%    10M |  99.9   n/a   1   27  1.89M   22   17  43%  81.9M    n/a  n/a
   0   4a |   7 1.0   19   8.9M  181  524  74%    10M |  99.9   n/a   1   27  2.16M   24   13  35%  81.9M    n/a  n/a
   0   4b |   7 1.0   19   9.0M  172  496  74%    10M |  99.9   ovl   1   27  2.10M   25    7  21%  81.9M   830n  n/a

          |--------------------DL---------------------|-------------------------------UL-----------------------------
 pci rnti | cqi  ri  mcs  brate   ok  nok  (%)  dl_bs | pusch  rsrp  ri  mcs  brate   ok  nok  (%)    bsr     ta  phr
   1   4c |   7 1.0   19    11M   82  251  75%    10M |  99.9   n/a   1   27   258k    1   10  90%  81.9M    n/a  n/a
   1   4d |   7 1.0   19    12M   89  261  74%    10M |  99.9   ovl   1   27  1.74M    7   14  66%  81.9M   258n  n/a
   1   4e |   7 1.0   19    13M   95  214  69%    10M |  99.9   n/a   1   27  1.56M    6    6  50%  81.9M    n/a  n/a
   1   4f |   7 1.0   19    13M   99  235  70%    10M |  99.9   ovl   1   27  1.76M    7    7  50%  81.9M   900n  n/a
   1   50 |   7 1.0   19    11M   80  201  71%    10M |  99.9   n/a   1   27  3.53M   14   10  41%  81.9M    n/a  n/a
   1   51 |   7 1.0   19    12M   84  259  75%    10M |  99.9   n/a   1   27  3.78M   15   11  42%  81.9M    n/a  n/a
   1   52 |   7 1.0   19    12M   82  234  74%    10M |  99.9   ovl   1   27  1.27M    5    6  54%  81.9M  -968n  n/a
   1   53 |   7 1.0    0      0    0    0   0%    10M |   n/a   n/a   1    0      0    0    0   0%  81.9M    n/a  n/a
   2   54 |   7 1.0   19    12M   98  263  72%    10M |  99.9   ovl   1   27  1.02M    4   12  75%  81.9M    69n  n/a
   2   55 |   7 1.0   19    12M   98  227  69%    10M |  99.9   ovl   1   27  1.77M    7   10  58%  81.9M    74n  n/a
   2   56 |   7 1.0   19    11M   80  253  75%    10M |  99.9   n/a   1   27  2.28M    9    9  50%  81.9M    n/a  n/a
   2   57 |   7 1.0   19    13M  101  213  67%    10M |  99.9   n/a   1   27  2.79M   11   11  50%  81.9M    n/a  n/a
   2   58 |   7 1.0   19    13M   93  223  70%    10M |  99.9   n/a   1   27  2.02M    8    7  46%  81.9M    n/a  n/a
   2   59 |   7 1.0   19    13M   97  231  70%    10M |  99.9   n/a   1   27   500k    2    3  60%  81.9M    n/a  n/a
   2   5a |   7 1.0   19    11M   78  263  77%    10M |  99.9   ovl   1   27  1.00M    4   10  71%  81.9M   461n  n/a
   2   5b |   7 1.0    0      0    0    0   0%    10M |   n/a   n/a   1    0      0    0    0   0%  81.9M    n/a  n/a
   3   5c |   7 1.0   19   7.2M   72  399  84%    10M |  99.9   n/a   1   27  1.20M    6    8  57%  81.9M    n/a  n/a
   3   5d |   7 1.0   19   7.5M   64  356  84%    10M |  99.9   n/a   1   27   803k    4    9  69%  81.9M    n/a  n/a
   3   5e |   7 1.0   19   8.0M   69  404  85%    10M |  99.9   n/a   1   27   201k    1   10  90%  81.9M    n/a  n/a
   3   5f |   7 1.0   19   7.8M   70  401  85%    10M |  99.9   ovl   1   27  1.21M    6   10  62%  81.9M  -759n  n/a
   3   60 |   7 1.0   19   7.9M   73  430  85%    10M |  99.9   n/a   1   27   205k    1   10  90%  81.9M    n/a  n/a
   3   61 |   7 1.0   19   7.8M   66  397  85%    10M |  99.9   ovl   1   27   394k    2    8  80%  81.9M   332n  n/a
   3   62 |   7 1.0   19   7.8M   66  398  85%    10M |  99.9   ovl   1   27   808k    4    9  69%  81.9M  -221n  n/a
   3   63 |   7 1.0    0      0    0    0   0%    10M |   n/a   n/a   1    0      0    0    0   0%  81.9M    n/a  n/a
   4   64 |   7 1.0   19   5.6M  166  588  77%    10M |  99.9   n/a   1   27  1.17M   14   12  46%  81.9M    n/a  n/a
   4   65 |   7 1.0   19   6.3M  143  430  75%    10M |  99.9   n/a   1   27  1.20M   15   12  44%  81.9M    n/a  n/a
   4   66 |   7 1.0   19   5.9M  156  543  77%    10M |  99.9   n/a   1   27  1.11M   15   13  46%  81.9M    n/a  n/a
   4   67 |   7 1.0   19   6.4M  157  486  75%    10M |  99.9   n/a   1   27  1.31M   16   15  48%  81.9M    n/a  n/a
   4   68 |   7 1.0   19   5.5M  144  520  78%    10M |  99.9   ovl   1   27  1.27M   17   12  41%  81.9M  -548n  n/a
   4   69 |   7 1.0   19   6.6M  143  443  75%    10M |  99.9   n/a   1   27  1.04M   16   13  44%  81.9M    n/a  n/a
   4   6a |   7 1.0   19   5.3M  135  607  81%    10M |  99.9   ovl   1   27  1.16M   14   12  46%  81.9M    -1u  n/a
   4   6b |   7 1.0   19   6.5M  149  508  77%    10M |  99.9   ovl   1   27   919k   13   13  50%  81.9M   675n  n/a
   0   44 |   7 1.0   19   8.0M  159  663  80%    10M |  99.9   ovl   1   27  1.83M   21   11  34%  81.9M  -766n  n/a
   0   45 |   7 1.0   19   8.5M  160  479  74%    10M |  99.9   ovl   1   27  1.52M   18   13  41%  81.9M    73n  n/a
   0   46 |   7 1.0   19   7.9M  146  584  80%    10M |  99.9   ovl   1   27  1.72M   18   13  41%  81.9M  -533n  n/a
   0   47 |   7 1.0   19   9.0M  155  473  75%    10M |  99.9   ovl   1   27  2.00M   22   14  38%  81.9M   -92n  n/a
   0   48 |   7 1.0   19   8.1M  162  554  77%    10M |  99.9   ovl   1   27  1.63M   18   17  48%  81.9M  -918n  n/a
   0   49 |   7 1.0   19   8.6M  164  518  75%    10M |  99.9   ovl   1   27  2.35M   26    7  21%  81.9M  -488n  n/a
   0   4a |   7 1.0   19   8.3M  166  580  77%    10M |  99.9   ovl   1   27  1.73M   20   16  44%  81.9M  -256n  n/a
   0   4b |   7 1.0   19   8.3M  162  519  76%    10M |  99.9   ovl   1   27  1.42M   17   18  51%  81.9M     1u  n/a
   1   4c |   7 1.0   19    11M   87  265  75%    10M |  99.9   n/a   1   27  3.02M   12   12  50%  81.9M    n/a  n/a
   1   4d |   7 1.0   19    11M   85  259  75%    10M |  99.9   n/a   1   27  2.02M    8    6  42%  81.9M    n/a  n/a
   1   4e |   7 1.0   19    13M   97  206  67%    10M |  99.9   n/a   1   27  2.52M   10   12  54%  81.9M    n/a  n/a
   1   4f |   7 1.0   19    11M   90  285  76%    10M |  99.9   ovl   1   27  2.80M   11    5  31%  81.9M   408n  n/a
   1   50 |   7 1.0   19    11M   92  252  73%    10M |  99.9   n/a   1   27  1.77M    7   11  61%  81.9M    n/a  n/a
   1   51 |   7 1.0   19    12M  107  293  73%    10M |  99.9   ovl   1   27  2.03M    8    7  46%  81.9M  -280n  n/a
   1   52 |   7 1.0   19    12M   95  240  71%    10M |  99.9   ovl   1   27  3.53M   14    6  30%  81.9M   409n  n/a
   1   53 |   7 1.0    0      0    0    0   0%    10M |   n/a   n/a   1    0      0    0    0   0%  81.9M    n/a  n/a
   2   54 |   7 1.0   19   9.7M   78  267  77%    10M |  99.9   n/a   1   27  1.02M    4    9  69%  81.9M    n/a  n/a
   2   55 |   7 1.0   19    11M   85  243  74%    10M |  99.9   ovl   1   27  2.07M    8   11  57%  81.9M   455n  n/a
   2   56 |   7 1.0   19    11M   82  231  73%    10M |  99.9   ovl   1   27  1.27M    5    9  64%  81.9M    74n  n/a
   2   57 |   7 1.0   19    11M   90  262  74%    10M |  99.9   n/a   1   27  2.27M    9   11  55%  81.9M    n/a  n/a
   2   58 |   7 1.0   19   9.3M   76  275  78%    10M |  99.9   n/a   1   27  1.02M    4    9  69%  81.9M    n/a  n/a
   2   59 |   7 1.0   19    10M   83  284  77%    10M |  99.9   n/a   1   27  2.80M   11    5  31%  81.9M    n/a  n/a
   2   5a |   7 1.0   19    11M   92  282  75%    10M |  99.9   n/a   1   27  1.77M    7    8  53%  81.9M    n/a  n/a
   2   5b |   7 1.0    0      0    0    0   0%    10M |   n/a   n/a   1    0      0    0    0   0%  81.9M    n/a  n/a
   3   5c |   7 1.0   19   8.2M   85  303  78%    10M |  99.9   ovl   1   27   992k    5    9  64%  81.9M  -469n  n/a
   3   5d |   7 1.0   19   8.2M   77  294  79%    10M |  99.9   ovl   1   27  2.59M   13    8  38%  81.9M  -372n  n/a
   3   5e |   7 1.0   19   8.2M   83  336  80%    10M |  99.9   ovl   1   27  1.00M    5   11  68%  81.9M  -214n  n/a
   3   5f |   7 1.0   19   8.1M   81  344  80%    10M |  99.9   ovl   1   27   808k    4    8  66%  81.9M   317n  n/a
   3   60 |   7 1.0   19   8.1M   77  295  79%    10M |  99.9   n/a   1   27  1.79M    9   14  60%  81.9M    n/a  n/a
   3   61 |   7 1.0   19   8.3M   84  311  78%    10M |  99.9   ovl   1   27  1.18M    6   11  64%  81.9M   332n  n/a
   3   62 |   7 1.0   19   8.0M   91  336  78%    10M |  99.9   ovl   1   27   791k    4    9  69%  81.9M  -759n  n/a
   3   63 |   7 1.0    0      0    0    0   0%    10M |   n/a   n/a   1    0      0    0    0   0%  81.9M    n/a  n/a
   4   64 |   7 1.0   19   6.4M  152  570  78%    10M |  99.9   n/a   1   27  1.38M   17   10  37%  81.9M    n/a  n/a
   4   65 |   7 1.0   19   6.4M  136  466  77%    10M |  99.9   ovl   1   27  1.35M   18   13  41%  81.9M    65n  n/a
   4   66 |   7 1.0   19   6.5M  155  566  78%    10M |  99.9   ovl   1   27  1.00M   14    9  39%  81.9M  -317n  n/a
   4   67 |   7 1.0   19   6.3M  127  482  79%    10M |  99.9   ovl   1   27  1.92M   24    9  27%  81.9M   370n  n/a
   4   68 |   7 1.0   19   6.2M  157  557  78%    10M |  99.9   ovl   1   27  1.09M   14   14  50%  81.9M  -241n  n/a
   4   69 |   7 1.0   19   6.2M  126  506  80%    10M |  99.9   ovl   1   27  1.18M   15   14  48%  81.9M  -584n  n/a
   4   6a |   7 1.0   19   5.6M  128  664  83%    10M |  99.9   n/a   1   27  1.03M   13   12  48%  81.9M    n/a  n/a
   4   6b |   7 1.0   19   6.2M  147  509  77%    10M |  99.9   ovl   1   27   792k   10   14  58%  81.9M   306n  n/a
   0   44 |   7 1.0   19    11M  217  414  65%    10M |  99.9   ovl   1   27  2.25M   27   17  38%  81.9M  -169n  n/a
   0   45 |   7 1.0   19    11M  211  405  65%    10M |  99.9   ovl   1   27  2.75M   32   13  28%  81.9M  -819n  n/a
   0   46 |   7 1.0   19    11M  217  548  71%    10M |  99.9   ovl   1   27  2.37M   28   12  30%  81.9M  -570n  n/a
   0   47 |   7 1.0   19    11M  194  430  68%    10M |  99.9   ovl   1   27  2.30M   25   17  40%  81.9M  -602n  n/a
   0   48 |   7 1.0   19    11M  224  544  70%    10M |  99.9   ovl   1   27  2.03M   24   13  35%  81.9M  -936n  n/a
   0   49 |   7 1.0   19    11M  204  490  70%    10M |  99.9   ovl   1   27  2.35M   26   19  42%  81.9M  -892n  n/a
   0   4a |   7 1.0   19    11M  230  479  67%    10M |  99.9   ovl   1   27  2.50M   29   14  32%  81.9M  -701n  n/a
   0   4b |   7 1.0   19    11M  196  479  70%    10M |  99.9   ovl   1   27  2.63M   30   14  31%  81.9M   719n  n/a
   1   4c |   7 1.0   19    12M   83  321  79%    10M |  99.9   n/a   1   27  4.08M   16    9  36%  81.9M    n/a  n/a
   1   4d |   7 1.0   19    12M   91  316  77%    10M |  99.9   n/a   1   27  1.01M    4    9  69%  81.9M    n/a  n/a
   1   4e |   7 1.0   19    13M   89  270  75%    10M |  99.9   n/a   1   27  1.01M    4   10  71%  81.9M    n/a  n/a
   1   4f |   7 1.0   19    12M   85  315  78%    10M |  99.9   n/a   1   27  2.03M    8    8  50%  81.9M    n/a  n/a
   1   50 |   7 1.0   19    13M   92  269  74%    10M |  99.9   n/a   1   27  2.53M   10   12  54%  81.9M    n/a  n/a
   1   51 |   7 1.0   19    13M   90  327  78%    10M |  99.9   n/a   1   27  1.51M    6    8  57%  81.9M    n/a  n/a
   1   52 |   7 1.0   19    12M   85  295  77%    10M |  99.9   n/a   1   27  1.04M    4   12  75%  81.9M    n/a  n/a
   1   53 |   7 1.0    0      0    0    0   0%    10M |   n/a   n/a   1    0      0    0    0   0%  81.9M    n/a  n/a

          |--------------------DL---------------------|-------------------------------UL-----------------------------
 pci rnti | cqi  ri  mcs  brate   ok  nok  (%)  dl_bs | pusch  rsrp  ri  mcs  brate   ok  nok  (%)    bsr     ta  phr
   2   54 |   7 1.0   19    10M   81  287  77%    10M |  99.9   n/a   1   27   746k    3   13  81%  81.9M    n/a  n/a
   2   55 |   7 1.0   19    11M   97  284  74%    10M |  99.9   n/a   1   27  1.78M    7   10  58%  81.9M    n/a  n/a
   2   56 |   7 1.0   19    11M   86  278  76%    10M |  99.9   n/a   1   27  1.76M    7   12  63%  81.9M    n/a  n/a
   2   57 |   7 1.0   19    10M   86  276  76%    10M |  99.9   n/a   1   27  1.02M    4    7  63%  81.9M    n/a  n/a
   2   58 |   7 1.0   19    11M   85  237  73%    10M |  99.9   n/a   1   27  1.54M    6    9  60%  81.9M    n/a  n/a
   2   59 |   7 1.0   19    12M  101  297  74%    10M |  99.9   ovl   1   27   258k    1    6  85%  81.9M   846n  n/a
   2   5a |   7 1.0   19   9.9M   79  274  77%    10M |  99.9   ovl   1   27  1.02M    4   14  77%  81.9M    74n  n/a
   2   5b |   7 1.0    0      0    0    0   0%    10M |   n/a   n/a   1    0      0    0    0   0%  81.9M    n/a  n/a
   3   5c |   7 1.0   19   8.2M   72  339  82%    10M |  99.9   ovl   1   27  1.39M    7    9  56%  81.9M   699n  n/a
   3   5d |   7 1.0   19   8.6M   83  288  77%    10M |  99.9   ovl   1   27  1.21M    6    7  53%  81.9M   515n  n/a
   3   5e |   7 1.0   19   8.3M   75  378  83%    10M |  99.9   n/a   1   27  1.61M    8    6  42%  81.9M    n/a  n/a
   3   5f |   7 1.0   19   9.0M   85  350  80%    10M |  99.9   ovl   1   27   406k    2   14  87%  81.9M  -759n  n/a
   3   60 |   7 1.0   19   9.1M   86  331  79%    10M |  99.9   ovl   1   27  1.20M    6   12  66%  81.9M   699n  n/a
   3   61 |   7 1.0   19   8.8M   85  377  81%    10M |  99.9   ovl   1   27  1.59M    8   13  61%  81.9M   332n  n/a
   3   62 |   7 1.0   19   8.6M   76  373  83%    10M |  99.9   n/a   1   27  1.40M    7    5  41%  81.9M    n/a  n/a
   3   63 |   7 1.0    0      0    0    0   0%    10M |   n/a   n/a   1    0      0    0    0   0%  81.9M    n/a  n/a
   4   64 |   7 1.0   19   5.3M  125  597  82%    10M |  99.9   n/a   1   27   966k   12   19  61%  81.9M    n/a  n/a
   4   65 |   7 1.0   19   6.2M  137  493  78%    10M |  99.9   n/a   1   27   829k   12   16  57%  81.9M    n/a  n/a
   4   66 |   7 1.0   19   5.7M  131  594  81%    10M |  99.9   n/a   1   27  1.24M   17   17  50%  81.9M    n/a  n/a
   4   67 |   7 1.0   19   5.8M  122  521  81%    10M |  99.9   n/a   1   27  1.16M   15   12  44%  81.9M    n/a  n/a
   4   68 |   7 1.0   19   6.0M  150  605  80%    10M |  99.9   n/a   1   27  1.16M   16   13  44%  81.9M    n/a  n/a
   4   69 |   7 1.0   19   6.3M  137  572  80%    10M |  99.9   n/a   1   27   651k    8   13  61%  81.9M    n/a  n/a
   4   6a |   7 1.0   19   6.1M  141  564  80%    10M |  99.9   n/a   1   27   925k   13   14  51%  81.9M    n/a  n/a
   4   6b |   7 1.0   19   5.7M  121  554  82%    10M |  99.9   n/a   1   27  1.39M   17   14  45%  81.9M    n/a  n/a
   0   44 |   7 1.0   19   5.6M  116  669  85%    10M |  99.9   ovl   1   27  1.69M   19   16  45%  81.9M   126n  n/a
   0   45 |   7 1.0   19   5.6M  104  639  86%    10M |  99.9   n/a   1   27  1.05M   13   18  58%  81.9M    n/a  n/a
   0   46 |   7 1.0   19   5.8M  120  714  85%    10M |  99.9   ovl   1   27  1.46M   16   14  46%  81.9M  -782n  n/a
   0   47 |   7 1.0   19   5.5M  102  653  86%    10M |  99.9   ovl   1   27   670k    8   19  70%  81.9M  -858n  n/a
   0   48 |   7 1.0   19   5.2M  100  655  86%    10M |  99.9   ovl   1   27   889k    9   11  55%  81.9M  -700n  n/a
   0   49 |   7 1.0   19   5.6M  103  671  86%    10M |  99.9   ovl   1   27  1.19M   12   17  58%  81.9M  -676n  n/a
   0   4a |   7 1.0   19   5.7M  114  597  83%    10M |  99.9   ovl   1   27   824k   10   18  64%  81.9M  -875n  n/a
   0   4b |   7 1.0   19   5.6M  104  694  86%    10M |  99.9   ovl   1   27   998k   12   14  53%  81.9M   329n  n/a
   1   4c |   7 1.0   19   9.7M   73  483  86%    10M |  99.9   n/a   1   27   762k    3    9  75%  81.9M    n/a  n/a
   1   4d |   7 1.0   19   8.7M   64  420  86%    10M |  99.9   n/a   1   27  2.04M    8    9  52%  81.9M    n/a  n/a
   1   4e |   7 1.0   19  10.0M   85  406  82%    10M |  99.9   n/a   1   27  2.02M    8    7  46%  81.9M    n/a  n/a
   1   4f |   7 1.0   19   8.1M   61  445  87%    10M |  99.9   n/a   1   27  2.26M    9    8  47%  81.9M    n/a  n/a
   1   50 |   7 1.0   19   9.5M   75  375  83%    10M |  99.9   n/a   1   27   750k    3    8  72%  81.9M    n/a  n/a
   1   51 |   7 1.0   19   8.7M   65  433  86%    10M |  99.9   ovl   1   27  1.76M    7    5  41%  81.9M   409n  n/a
   1   52 |   7 1.0   19   9.5M   78  437  84%    10M |  99.9   n/a   1   27  1.77M    7    5  41%  81.9M    n/a  n/a
   1   53 |   7 1.0    0      0    0    0   0%    10M |   n/a   n/a   1    0      0    0    0   0%  81.9M    n/a  n/a
   2   54 |   7 1.0   19    12M   87  216  71%    10M |  99.9   ovl   1   27  2.55M   10    6  37%  81.9M   365n  n/a
   2   55 |   7 1.0   19    11M   87  197  69%    10M |  99.9   n/a   1   27  1.52M    6   11  64%  81.9M    n/a  n/a
   2   56 |   7 1.0   19    12M   79  213  72%    10M |  99.9   ovl   1   27  1.27M    5    6  54%  81.9M   -36n  n/a
   2   57 |   7 1.0   19    12M   93  199  68%    10M |  99.9   ovl   1   27  2.02M    8    9  52%  81.9M  -100n  n/a
   2   58 |   7 1.0   19    12M   79  228  74%    10M |  99.9   ovl   1   27  1.52M    6    7  53%  81.9M    40n  n/a
   2   59 |   7 1.0   19    12M   90  189  67%    10M |  99.9   ovl   1   27  3.27M   13    5  27%  81.9M  -295n  n/a
   2   5a |   7 1.0   19    11M   80  246  75%    10M |  99.9   n/a   1   27  2.80M   11    7  38%  81.9M    n/a  n/a
   2   5b |   7 1.0    0      0    0    0   0%    10M |   n/a   n/a   1    0      0    0    0   0%  81.9M    n/a  n/a
   3   5c |   7 1.0   19    11M   92  134  59%    10M |  99.9   ovl   1   27  1.57M    8    5  38%  81.9M   168n  n/a
   3   5d |   7 1.0   19    11M  106  156  59%    10M |  99.9   ovl   1   27  3.18M   16    1   5%  81.9M   699n  n/a
   3   5e |   7 1.0   19    10M   89  202  69%    10M |  99.9   ovl   1   27  2.39M   12    6  33%  81.9M   332n  n/a
   3   5f |   7 1.0   19    11M  105  212  66%    10M |  99.9   n/a   1   27  1.78M    9    7  43%  81.9M    n/a  n/a
   3   60 |   7 1.0   19    10M   93  185  66%    10M |  99.9   n/a   1   27  2.18M   11   13  54%  81.9M    n/a  n/a
   3   61 |   7 1.0   19    11M  102  208  67%    10M |  99.9   ovl   1   27  2.37M   12    6  33%  81.9M   284n  n/a
   3   62 |   7 1.0   19    11M  105  193  64%    10M |  99.9   ovl   1   27  2.01M   10    8  44%  81.9M  -214n  n/a
   3   63 |   7 1.0    0      0    0    0   0%    10M |   n/a   n/a   1    0      0    0    0   0%  81.9M    n/a  n/a
   4   64 |   7 1.0   19   8.1M  188  506  72%    10M |  99.9   ovl   1   27  1.96M   25   10  28%  81.9M  -333n  n/a
   4   65 |   7 1.0   19   8.2M  174  488  73%    10M |  99.9   ovl   1   27  2.05M   27    9  25%  81.9M  -403n  n/a
   4   66 |   7 1.0   19   8.1M  191  498  72%    10M |  99.9   ovl   1   27  1.64M   22   13  37%  81.9M  -448n  n/a
   4   67 |   7 1.0   19   8.2M  188  463  71%    10M |  99.9   ovl   1   27  1.98M   26   11  29%  81.9M  -531n  n/a
   4   68 |   7 1.0   19   7.7M  175  485  73%    10M |  99.9   ovl   1   27  2.08M   28   11  28%  81.9M   -21n  n/a
   4   69 |   7 1.0   19   7.7M  175  492  73%    10M |  99.9   ovl   1   27  2.46M   32   10  23%  81.9M  -437n  n/a
   4   6a |   7 1.0   19   8.0M  183  504  73%    10M |  99.9   ovl   1   27  2.01M   25   11  30%  81.9M  -707n  n/a
   4   6b |   7 1.0   19   7.9M  176  501  74%    10M |  99.9   ovl   1   27  2.07M   27   11  28%  81.9M  -102n  n/a
   0   44 |   7 1.0   19   9.6M  202  513  71%    10M |  99.9   ovl   1   27  2.53M   29    9  23%  81.9M  -667n  n/a
   0   45 |   7 1.0   19    10M  193  458  70%    10M |  99.9   n/a   1   27  2.36M   26    8  23%  81.9M    n/a  n/a
   0   46 |   7 1.0   19    10M  211  490  69%    10M |  99.9   ovl   1   27  2.57M   30   11  26%  81.9M  -655n  n/a
   0   47 |   7 1.0   19    10M  199  489  71%    10M |  99.9   ovl   1   27  1.71M   20   19  48%  81.9M  -858n  n/a
   0   48 |   7 1.0   19   9.0M  183  611  76%    10M |  99.9   n/a   1   27  2.21M   28   13  31%  81.9M    n/a  n/a
   0   49 |   7 1.0   19    11M  190  400  67%    10M |  99.9   ovl   1   27  2.08M   22   13  37%  81.9M  -964n  n/a
   0   4a |   7 1.0   19   9.7M  185  538  74%    10M |  99.9   ovl   1   27  1.58M   18   18  50%  81.9M  -241n  n/a
   0   4b |   7 1.0   19   9.9M  203  462  69%    10M |  99.9   ovl   1   27  1.66M   19   18  48%  81.9M  -700n  n/a
   1   4c |   7 1.0   19   9.9M   72  463  86%    10M |  99.9   n/a   1   27   771k    3    8  72%  81.9M    n/a  n/a
   1   4d |   7 1.0   19    10M   81  363  81%    10M |  99.9   n/a   1   27  1.51M    6   10  62%  81.9M    n/a  n/a
   1   4e |   7 1.0   19   9.8M   74  420  85%    10M |  99.9   n/a   1   27  2.03M    8    7  46%  81.9M    n/a  n/a
   1   4f |   7 1.0   19    10M   78  421  84%    10M |  99.9   ovl   1   27  1.53M    6    8  57%  81.9M   107n  n/a
   1   50 |   7 1.0   19    10M   69  370  84%    10M |  99.9   n/a   1   27   504k    2    9  81%  81.9M    n/a  n/a
   1   51 |   7 1.0   19   9.8M   70  413  85%    10M |  99.9   n/a   1   27   492k    2    7  77%  81.9M    n/a  n/a
   1   52 |   7 1.0   19    11M   79  358  81%    10M |  99.9   n/a   1   27   775k    3   12  80%  81.9M    n/a  n/a
   1   53 |   7 1.0    0      0    0    0   0%    10M |   n/a   n/a   1    0      0    0    0   0%  81.9M    n/a  n/a
   2   54 |   7 1.0   19    10M   75  314  80%    10M |  99.9   ovl   1   27  2.51M   10    5  33%  81.9M  -212n  n/a
   2   55 |   7 1.0   19    12M   88  210  70%    10M |  99.9   ovl   1   27  3.54M   14   11  44%  81.9M  -104n  n/a
   2   56 |   7 1.0   19    13M   98  224  69%    10M |  99.9   n/a   1   27  1.77M    7    7  50%  81.9M    n/a  n/a
   2   57 |   7 1.0   19    12M   90  202  69%    10M |  99.9   n/a   1   27  3.53M   14   13  48%  81.9M    n/a  n/a
   2   58 |   7 1.0   19    13M   93  189  67%    10M |  99.9   n/a   1   27   504k    2   10  83%  81.9M    n/a  n/a
   2   59 |   7 1.0   19    12M  117  257  68%    10M |  99.9   ovl   1   27  2.29M    9    8  47%  81.9M  -174n  n/a
   2   5a |   7 1.0   19    13M   94  216  69%    10M |  99.9   ovl   1   27  2.00M    8    9  52%  81.9M   216n  n/a
   2   5b |   7 1.0    0      0    0    0   0%    10M |   n/a   n/a   1    0      0    0    0   0%  81.9M    n/a  n/a

          |--------------------DL---------------------|-------------------------------UL-----------------------------
 pci rnti | cqi  ri  mcs  brate   ok  nok  (%)  dl_bs | pusch  rsrp  ri  mcs  brate   ok  nok  (%)    bsr     ta  phr
   3   5c |   7 1.0   19   8.5M   87  290  76%    10M |  99.9   ovl   1   27  1.60M    8    5  38%  81.9M   -30n  n/a
   3   5d |   7 1.0   19   9.4M  101  263  72%    10M |  99.9   ovl   1   27  1.00M    5   14  73%  81.9M  -214n  n/a
   3   5e |   7 1.0   19   8.7M   84  296  77%    10M |  99.9   n/a   1   27  1.78M    9    8  47%  81.9M    n/a  n/a
   3   5f |   7 1.0   19   8.8M   95  263  73%    10M |  99.9   n/a   1   27  1.42M    7    9  56%  81.9M    n/a  n/a
   3   60 |   7 1.0   19   8.3M   77  282  78%    10M |  99.9   ovl   1   27  1.19M    6    9  60%  81.9M   699n  n/a
   3   61 |   7 1.0   19   9.4M   95  263  73%    10M |  99.9   ovl   1   27  1.39M    7    7  50%  81.9M  -214n  n/a
   3   62 |   7 1.0   19   8.6M   88  278  75%    10M |  99.9   ovl   1   27  2.60M   13   11  45%  81.9M   699n  n/a
   3   63 |   7 1.0    0      0    0    0   0%    10M |   n/a   n/a   1    0      0    0    0   0%  81.9M    n/a  n/a
   4   64 |   7 1.0   19   8.7M  197  574  74%    10M |  99.9   ovl   1   27  2.62M   34   11  24%  81.9M  -452n  n/a
   4   65 |   7 1.0   19   8.5M  183  524  74%    10M |  99.9   ovl   1   27  1.98M   25   16  39%  81.9M  -380n  n/a
   4   66 |   7 1.0   19   9.7M  211  436  67%    10M |  99.9   ovl   1   27  2.21M   30   11  26%  81.9M  -255n  n/a
   4   67 |   7 1.0   19   8.6M  178  497  73%    10M |  99.9   ovl   1   27  2.49M   32   15  31%  81.9M  -564n  n/a
   4   68 |   7 1.0   19   9.7M  223  480  68%    10M |  99.9   ovl   1   27  2.55M   33    8  19%  81.9M   509p  n/a
   4   69 |   7 1.0   19   8.8M  181  499  73%    10M |  99.9   ovl   1   27  2.46M   33   13  28%  81.9M  -787n  n/a
   4   6a |   7 1.0   19   9.3M  216  471  68%    10M |  99.9   n/a   1   27  2.41M   32   15  31%  81.9M    n/a  n/a
   4   6b |   7 1.0   19   8.4M  181  502  73%    10M |  99.9   ovl   1   27  2.09M   29   14  32%  81.9M  -564n  n/a
   0   44 |   7 1.0   19   7.6M  150  634  80%    10M |  99.9   n/a   1   27   951k   11   15  57%  81.9M    n/a  n/a
   0   45 |   7 1.0   19   8.7M  164  489  74%    10M |  99.9   ovl   1   27  1.05M   12   15  55%  81.9M     1u  n/a
   0   46 |   7 1.0   19   7.9M  152  546  78%    10M |  99.9   ovl   1   27  2.46M   29    7  19%  81.9M    74n  n/a
   0   47 |   7 1.0   19   8.4M  154  581  79%    10M |  99.9   ovl   1   27  2.00M   22    9  29%  81.9M   830n  n/a
   0   48 |   7 1.0   19   8.2M  160  597  78%    10M |  99.9   ovl   1   27  1.57M   16   15  48%  81.9M  -976n  n/a
   0   49 |   7 1.0   19   8.4M  158  476  75%    10M |  99.9   ovl   1   27   984k   10   24  70%  81.9M  -668n  n/a
   0   4a |   7 1.0   19   7.6M  149  609  80%    10M |  99.9   ovl   1   27  1.31M   15   14  48%  81.9M  -815n  n/a
   0   4b |   7 1.0   19   8.5M  154  503  76%    10M |  99.9   ovl   1   27  1.56M   18    8  30%  81.9M  -623n  n/a
   1   4c |   7 1.0   19  10.0M   72  448  86%    10M |  99.9   n/a   1   27   512k    2    8  80%  81.9M    n/a  n/a
   1   4d |   7 1.0   19    10M   68  390  85%    10M |  99.9   n/a   1   27  2.50M   10    6  37%  81.9M    n/a  n/a
   1   4e |   7 1.0   19    10M   74  399  84%    10M |  99.9   n/a   1   27  2.27M    9    8  47%  81.9M    n/a  n/a
   1   4f |   7 1.0   19    10M   71  406  85%    10M |  99.9   n/a   1   27  2.02M    8   14  63%  81.9M    n/a  n/a
   1   50 |   7 1.0   19    11M   78  430  84%    10M |  99.9   n/a   1   27  1.50M    6   13  68%  81.9M    n/a  n/a
   1   51 |   7 1.0   19    10M   77  381  83%    10M |  99.9   n/a   1   27   258k    1    6  85%  81.9M    n/a  n/a
   1   52 |   7 1.0   19   9.8M   72  444  86%    10M |  99.9   n/a   1   27  1.27M    5    6  54%  81.9M    n/a  n/a
   1   53 |   7 1.0    0      0    0    0   0%    10M |   n/a   n/a   1    0      0    0    0   0%  81.9M    n/a  n/a
   2   54 |   7 1.0   19    13M   93  191  67%    10M |  99.9   ovl   1   27  2.51M   10    8  44%  81.9M   358n  n/a
   2   55 |   7 1.0   19    13M  102  208  67%    10M |  99.9   ovl   1   27  1.81M    7    9  56%  81.9M    64n  n/a
   2   56 |   7 1.0   19    13M   85  194  69%    10M |  99.9   ovl   1   27  2.02M    8    6  42%  81.9M    75n  n/a
   2   57 |   7 1.0   19    13M  106  228  68%    10M |  99.9   n/a   1   27  2.54M   10    8  44%  81.9M    n/a  n/a
   2   58 |   7 1.0   19    12M   87  225  72%    10M |  99.9   ovl   1   27  2.26M    9   11  55%  81.9M  -170n  n/a
   2   59 |   7 1.0   19    14M  110  159  59%    10M |  99.9   n/a   1   27  2.79M   11    9  45%  81.9M    n/a  n/a
   2   5a |   7 1.0   19    13M   85  229  72%    10M |  99.9   n/a   1   27  3.79M   15    8  34%  81.9M    n/a  n/a
   2   5b |   7 1.0    0      0    0    0   0%    10M |   n/a   n/a   1    0      0    0    0   0%  81.9M    n/a  n/a
   3   5c |   7 1.0   19   8.5M   74  330  81%    10M |  99.9   ovl   1   27   984k    5    8  61%  81.9M   332n  n/a
   3   5d |   7 1.0   19   8.8M   84  321  79%    10M |  99.9   ovl   1   27   607k    3   12  80%  81.9M  -759n  n/a
   3   5e |   7 1.0   19   8.2M   74  363  83%    10M |  99.9   n/a   1   27  1.59M    8    8  50%  81.9M    n/a  n/a
   3   5f |   7 1.0   19   8.5M   82  375  82%    10M |  99.9   n/a   1   27  1.99M   10   12  54%  81.9M    n/a  n/a
   3   60 |   7 1.0   19   8.8M   80  378  82%    10M |  99.9   n/a   1   27   808k    4    8  66%  81.9M    n/a  n/a
   3   61 |   7 1.0   19   8.7M   84  350  80%    10M |  99.9   n/a   1   27   988k    5   13  72%  81.9M    n/a  n/a
   3   62 |   7 1.0   19   8.8M   81  373  82%    10M |  99.9   n/a   1   27  1.98M   10    9  47%  81.9M    n/a  n/a
   3   63 |   7 1.0    0      0    0    0   0%    10M |   n/a   n/a   1    0      0    0    0   0%  81.9M    n/a  n/a
   4   64 |   7 1.0   19   7.6M  175  603  77%    10M |  99.9   ovl   1   27  2.05M   27   14  34%  81.9M  -268n  n/a
   4   65 |   7 1.0   19   8.1M  173  497  74%    10M |  99.9   ovl   1   27  2.20M   27    9  25%  81.9M  -296n  n/a
   4   66 |   7 1.0   19   8.1M  176  533  75%    10M |  99.9   ovl   1   27  1.58M   20   14  41%  81.9M  -286n  n/a
   4   67 |   7 1.0   19   8.1M  165  492  74%    10M |  99.9   ovl   1   27  1.77M   24   10  29%  81.9M    39n  n/a
   4   68 |   7 1.0   19   8.2M  185  579  75%    10M |  99.9   ovl   1   27  1.39M   18   17  48%  81.9M  -832n  n/a
   4   69 |   7 1.0   19   8.0M  178  521  74%    10M |  99.9   ovl   1   27  1.70M   22   12  35%  81.9M    34n  n/a
   4   6a |   7 1.0   19   8.7M  181  529  74%    10M |  99.9   ovl   1   27  1.83M   25   16  39%  81.9M   -35n  n/a
   4   6b |   7 1.0   19   8.0M  164  548  76%    10M |  99.9   ovl   1   27  2.15M   28   11  28%  81.9M  -437n  n/a
   0   44 |   7 1.0   19   6.0M  126  666  84%    10M |  99.9   n/a   1   27  1.70M   19   13  40%  81.9M    n/a  n/a
   0   45 |   7 1.0   19   6.6M  129  571  81%    10M |  99.9   ovl   1   27   492k    5   20  80%  81.9M    -1u  n/a
   0   46 |   7 1.0   19   6.0M  124  631  83%    10M |  99.9   n/a   1   27  1.22M   14   13  48%  81.9M    n/a  n/a
   0   47 |   7 1.0   19   6.4M  127  569  81%    10M |  99.9   ovl   1   27  1.67M   21   10  32%  81.9M    12n  n/a
   0   48 |   7 1.0   19   6.4M  130  647  83%    10M |  99.9   ovl   1   27  2.20M   24    9  27%  81.9M  -521n  n/a
   0   49 |   7 1.0   19   6.5M  133  597  81%    10M |  99.9   n/a   1   27  1.13M   13   19  59%  81.9M    n/a  n/a
   0   4a |   7 1.0   19   5.7M  114  592  83%    10M |  99.9   n/a   1   27  1.15M   13   18  58%  81.9M    n/a  n/a
   0   4b |   7 1.0   19   6.6M  120  549  82%    10M |  99.9   n/a   1   27  1.22M   14   17  54%  81.9M    n/a  n/a
   1   4c |   7 1.0   19    12M   81  476  85%    10M |  99.9   ovl   1   27  2.29M    9   11  55%  81.9M  -279n  n/a
   1   4d |   7 1.0   19    12M   82  419  83%    10M |  99.9   ovl   1   27  1.54M    6    9  60%  81.9M  -151n  n/a
   1   4e |   7 1.0   19    11M   74  415  84%    10M |  99.9   ovl   1   27  2.56M   10    9  47%  81.9M  -261n  n/a
   1   4f |   7 1.0   19    11M   79  416  84%    10M |  99.9   ovl   1   27  1.50M    6    8  57%  81.9M   308n  n/a
   1   50 |   7 1.0   19    11M   80  391  83%    10M |  99.9   ovl   1   27  3.55M   14   11  44%  81.9M    -6n  n/a
   1   51 |   7 1.0   19    11M   77  428  84%    10M |  99.9   ovl   1   27  2.80M   11   10  47%  81.9M  -104n  n/a
   1   52 |   7 1.0   19    11M   76  465  85%    10M |  99.9   n/a   1   27  1.79M    7    9  56%  81.9M    n/a  n/a
   1   53 |   7 1.0    0      0    0    0   0%    10M |   n/a   n/a   1    0      0    0    0   0%  81.9M    n/a  n/a
   2   54 |   7 1.0   19   9.9M   73  330  81%    10M |  99.9   n/a   1   27   996k    4    8  66%  81.9M    n/a  n/a
   2   55 |   7 1.0   19    11M   85  315  78%    10M |  99.9   n/a   1   27  2.04M    8    5  38%  81.9M    n/a  n/a
   2   56 |   7 1.0   19   9.5M   70  402  85%    10M |  99.9   n/a   1   27  1.25M    5    9  64%  81.9M    n/a  n/a
   2   57 |   7 1.0   19    11M   90  272  75%    10M |  99.9   ovl   1   27  1.76M    7    8  53%  81.9M   846n  n/a
   2   58 |   7 1.0   19    10M   75  325  81%    10M |  99.9   n/a   1   27  1.53M    6   12  66%  81.9M    n/a  n/a
   2   59 |   7 1.0   19    11M   85  285  77%    10M |  99.9   ovl   1   27  2.28M    9    8  47%  81.9M  -174n  n/a
   2   5a |   7 1.0   19    11M   86  299  77%    10M |  99.9   ovl   1   27  2.28M    9    9  50%  81.9M  -298n  n/a
   2   5b |   7 1.0    0      0    0    0   0%    10M |   n/a   n/a   1    0      0    0    0   0%  81.9M    n/a  n/a
   3   5c |   7 1.0   19   8.7M   80  354  81%    10M |  99.9   n/a   1   27  1.42M    7    7  50%  81.9M    n/a  n/a
   3   5d |   7 1.0   19   9.1M   84  357  80%    10M |  99.9   n/a   1   27  2.21M   11    7  38%  81.9M    n/a  n/a
   3   5e |   7 1.0   19   9.2M   85  391  82%    10M |  99.9   ovl   1   27  2.17M   11   13  54%  81.9M   279n  n/a
   3   5f |   7 1.0   19   9.3M   89  373  80%    10M |  99.9   ovl   1   27  1.59M    8    7  46%  81.9M    86n  n/a
   3   60 |   7 1.0   19   9.6M   83  350  80%    10M |  99.9   ovl   1   27  1.80M    9    8  47%  81.9M    90n  n/a
   3   61 |   7 1.0   19   8.9M   81  338  80%    10M |  99.9   ovl   1   27  1.40M    7    9  56%  81.9M   317n  n/a
   3   62 |   7 1.0   19   8.7M   72  412  85%    10M |  99.9   ovl   1   27   586k    3    9  75%  81.9M   325n  n/a
   3   63 |   7 1.0    0      0    0    0   0%    10M |   n/a   n/a   1    0      0    0    0   0%  81.9M    n/a  n/a

          |--------------------DL---------------------|-------------------------------UL-----------------------------
 pci rnti | cqi  ri  mcs  brate   ok  nok  (%)  dl_bs | pusch  rsrp  ri  mcs  brate   ok  nok  (%)    bsr     ta  phr
   4   64 |   7 1.0   19   6.5M  155  612  79%    10M |  99.9   ovl   1   27  1.37M   17   15  46%  81.9M  -157n  n/a
   4   65 |   7 1.0   19   6.3M  138  539  79%    10M |  99.9   ovl   1   27  1.04M   13   17  56%  81.9M  -440n  n/a
   4   66 |   7 1.0   19   5.9M  140  619  81%    10M |  99.9   ovl   1   27  1.08M   15   11  42%  81.9M  -494n  n/a
   4   67 |   7 1.0   19   6.1M  122  567  82%    10M |  99.9   ovl   1   27  1.13M   16   13  44%  81.9M  -707n  n/a
   4   68 |   7 1.0   19   6.2M  140  657  82%    10M |  99.9   n/a   1   27   968k   13   12  48%  81.9M    n/a  n/a
   4   69 |   7 1.0   19   6.1M  121  574  82%    10M |  99.9   ovl   1   27  1.55M   19    9  32%  81.9M  -419n  n/a
   4   6a |   7 1.0   19   6.3M  151  586  79%    10M |  99.9   ovl   1   27   927k   13   17  56%  81.9M  -601n  n/a
   4   6b |   7 1.0   19   5.8M  123  603  83%    10M |  99.9   n/a   1   27   955k   13   13  50%  81.9M    n/a  n/a
   0   44 |   7 1.0   19   8.7M  167  589  77%    10M |  99.9   ovl   1   27  2.23M   24   14  36%  81.9M  -806n  n/a
   0   45 |   7 1.0   19   8.9M  164  454  73%    10M |  99.9   ovl   1   27  2.11M   24   14  36%  81.9M     6n  n/a
   0   46 |   7 1.0   19   9.2M  189  544  74%    10M |  99.9   ovl   1   27  1.94M   21   13  38%  81.9M  -402n  n/a
   0   47 |   7 1.0   19   8.9M  178  510  74%    10M |  99.9   ovl   1   27  2.02M   24   12  33%  81.9M  -310n  n/a
   0   48 |   7 1.0   19   9.3M  172  550  76%    10M |  99.9   ovl   1   27  2.26M   26   15  36%  81.9M  -310n  n/a
   0   49 |   7 1.0   19   9.2M  169  541  76%    10M |  99.9   ovl   1   27  1.85M   20   12  37%  81.9M  -375n  n/a
   0   4a |   7 1.0   19   9.5M  198  576  74%    10M |  99.9   ovl   1   27  1.52M   16   16  50%  81.9M  -742n  n/a
   0   4b |   7 1.0   19   8.4M  154  480  75%    10M |  99.9   ovl   1   27  2.39M   27   14  34%  81.9M  -717n  n/a
   1   4c |   7 1.0   19    13M   92  280  75%    10M |  99.9   ovl   1   27  3.30M   13    7  35%  81.9M   573n  n/a
   1   4d |   7 1.0   19    13M   88  267  75%    10M |  99.9   ovl   1   27  2.30M    9    4  30%  81.9M   -34n  n/a
   1   4e |   7 1.0   19    13M   88  329  78%    10M |  99.9   ovl   1   27  2.26M    9    8  47%  81.9M   258n  n/a
   1   4f |   7 1.0   19    13M   82  261  76%    10M |  99.9   ovl   1   27  3.56M   14    7  33%  81.9M   257n  n/a
   1   50 |   7 1.0   19    14M   92  277  75%    10M |  99.9   ovl   1   27  2.03M    8    3  27%  81.9M   257n  n/a
   1   51 |   7 1.0   19    13M   92  288  75%    10M |  99.9   ovl   1   27  2.52M   10    8  44%  81.9M   655n  n/a
   1   52 |   7 1.0   19    15M   97  272  73%    10M |  99.9   ovl   1   27  3.06M   12    7  36%  81.9M   900n  n/a
   1   53 |   7 1.0    0      0    0    0   0%    10M |   n/a   n/a   1    0      0    0    0   0%  81.9M    n/a  n/a
   2   54 |   7 1.0   19    11M   86  317  78%    10M |  99.9   n/a   1   27  1.51M    6   10  62%  81.9M    n/a  n/a
   2   55 |   7 1.0   19    11M   86  345  80%    10M |  99.9   n/a   1   27  1.27M    5    9  64%  81.9M    n/a  n/a
   2   56 |   7 1.0   19    10M   81  402  83%    10M |  99.9   n/a   1   27  2.02M    8   11  57%  81.9M    n/a  n/a
   2   57 |   7 1.0   19    11M   86  355  80%    10M |  99.9   n/a   1   27  3.03M   12    9  42%  81.9M    n/a  n/a
   2   58 |   7 1.0   19    11M   82  387  82%    10M |  99.9   n/a   1   27  3.04M   12    8  40%  81.9M    n/a  n/a
   2   59 |   7 1.0   19    11M   89  367  80%    10M |  99.9   n/a   1   27  1.51M    6    3  33%  81.9M    n/a  n/a
   2   5a |   7 1.0   19    11M   81  374  82%    10M |  99.9   n/a   1   27  1.27M    5    6  54%  81.9M    n/a  n/a
   2   5b |   7 1.0    0      0    0    0   0%    10M |   n/a   n/a   1    0      0    0    0   0%  81.9M    n/a  n/a
   3   5c |   7 1.0   19   8.4M   76  351  82%    10M |  99.9   n/a   1   27  1.22M    6    9  60%  81.9M    n/a  n/a
   3   5d |   7 1.0   19   8.4M   73  395  84%    10M |  99.9   n/a   1   27  1.79M    9   10  52%  81.9M    n/a  n/a
   3   5e |   7 1.0   19   8.4M   77  426  84%    10M |  99.9   n/a   1   27   799k    4    1  20%  81.9M    n/a  n/a
   3   5f |   7 1.0   19   9.0M   82  397  82%    10M |  99.9   n/a   1   27  2.79M   14   10  41%  81.9M    n/a  n/a
   3   60 |   7 1.0   19   8.5M   80  405  83%    10M |  99.9   n/a   1   27   394k    2    5  71%  81.9M    n/a  n/a
   3   61 |   7 1.0   19   8.0M   75  403  84%    10M |  99.9   ovl   1   27  2.01M   10    6  37%  81.9M  -759n  n/a
   3   62 |   7 1.0   19   8.3M   69  376  84%    10M |  99.9   n/a   1   27   996k    5    1  16%  81.9M    n/a  n/a
   3   63 |   7 1.0    0      0    0    0   0%    10M |   n/a   n/a   1    0      0    0    0   0%  81.9M    n/a  n/a
   4   64 |   7 1.0   19   7.5M  178  582  76%    10M |  99.9   ovl   1   27  1.66M   20   14  41%  81.9M  -949n  n/a
   4   65 |   7 1.0   19   7.4M  156  521  76%    10M |  99.9   ovl   1   27  1.55M   19   14  42%  81.9M  -605n  n/a
   4   66 |   7 1.0   19   7.5M  173  575  76%    10M |  99.9   ovl   1   27  1.57M   20   13  39%  81.9M  -794n  n/a
   4   67 |   7 1.0   19   7.9M  159  457  74%    10M |  99.9   ovl   1   27  1.45M   19   18  48%  81.9M   228n  n/a
   4   68 |   7 1.0   19   7.6M  172  597  77%    10M |  99.9   ovl   1   27  1.27M   18   17  48%  81.9M  -476n  n/a
   4   69 |   7 1.0   19   7.9M  173  498  74%    10M |  99.9   ovl   1   27  1.47M   20   12  37%  81.9M  -480n  n/a
   4   6a |   7 1.0   19   7.7M  165  540  76%    10M |  99.9   ovl   1   27  1.39M   16   13  44%  81.9M   -98n  n/a
   4   6b |   7 1.0   19   7.4M  160  560  77%    10M |  99.9   ovl   1   27  1.84M   24   11  31%  81.9M    -2n  n/a
   0   44 |   7 1.0   19   9.1M  176  559  76%    10M |  99.9   ovl   1   27  2.21M   26   13  33%  81.9M  -386n  n/a
   0   45 |   7 1.0   19   9.4M  163  499  75%    10M |  99.9   ovl   1   27  2.31M   27   13  32%  81.9M   -28n  n/a
   0   46 |   7 1.0   19   8.6M  185  583  75%    10M |  99.9   ovl   1   27  2.61M   31   10  24%  81.9M    30n  n/a
   0   47 |   7 1.0   19   9.1M  181  537  74%    10M |  99.9   ovl   1   27  1.64M   18   12  40%  81.9M  -122n  n/a
   0   48 |   7 1.0   19   9.0M  190  536  73%    10M |  99.9   ovl   1   27  2.07M   23   12  34%  81.9M  -677n  n/a
   0   49 |   7 1.0   19   8.9M  171  485  73%    10M |  99.9   ovl   1   27  2.23M   25   14  35%  81.9M  -402n  n/a
   0   4a |   7 1.0   19   9.2M  197  513  72%    10M |  99.9   ovl   1   27  1.93M   21   15  41%  81.9M  -450n  n/a
   0   4b |   7 1.0   19   8.8M  166  498  75%    10M |  99.9   ovl   1   27  1.82M   19   15  44%  81.9M  -710n  n/a
   1   4c |   7 1.0   19   9.2M   60  433  87%    10M |  99.9   ovl   1   27  2.03M    8    9  52%  81.9M   409n  n/a
   1   4d |   7 1.0   19   9.0M   68  522  88%    10M |  99.9   n/a   1   27   775k    3   11  78%  81.9M    n/a  n/a
   1   4e |   7 1.0   19   9.2M   62  488  88%    10M |  99.9   ovl   1   27  1.02M    4    9  69%  81.9M  -968n  n/a
   1   4f |   7 1.0   19   9.5M   64  487  88%    10M |  99.9   ovl   1   27  1.77M    7    7  50%  81.9M   107n  n/a
   1   50 |   7 1.0   19   8.9M   68  453  86%    10M |  99.9   n/a   1   27   500k    2    5  71%  81.9M    n/a  n/a
   1   51 |   7 1.0   19   9.4M   70  491  87%    10M |  99.9   ovl   1   27  1.27M    5    7  58%  81.9M   409n  n/a
   1   52 |   7 1.0   19   9.3M   68  473  87%    10M |  99.9   n/a   1   27  1.77M    7   12  63%  81.9M    n/a  n/a
   1   53 |   7 1.0    0      0    0    0   0%    10M |   n/a   n/a   1    0      0    0    0   0%  81.9M    n/a  n/a
   2   54 |   7 1.0   19    11M   86  372  81%    10M |  99.9   n/a   1   27  3.06M   12    8  40%  81.9M    n/a  n/a
   2   55 |   7 1.0   19    11M   88  403  82%    10M |  99.9   n/a   1   27  1.52M    6    8  57%  81.9M    n/a  n/a
   2   56 |   7 1.0   19    11M   78  437  84%    10M |  99.9   ovl   1   27  2.05M    8    8  50%  81.9M    64n  n/a
   2   57 |   7 1.0   19    11M   86  356  80%    10M |   n/a   n/a   1   27      0    0    7 100%  81.9M    n/a  n/a
   2   58 |   7 1.0   19    11M   85  366  81%    10M |  99.9   n/a   1   27  1.50M    6   11  64%  81.9M    n/a  n/a
   2   59 |   7 1.0   19    10M   81  377  82%    10M |  99.9   n/a   1   27   771k    3   12  80%  81.9M    n/a  n/a
   2   5a |   7 1.0   19   9.4M   66  414  86%    10M |  99.9   ovl   1   27  2.26M    9    8  47%  81.9M  -659n  n/a
   2   5b |   7 1.0    0      0    0    0   0%    10M |   n/a   n/a   1    0      0    0    0   0%  81.9M    n/a  n/a
   3   5c |   7 1.0   19   7.6M   67  384  85%    10M |  99.9   n/a   1   27  1.20M    6    3  33%  81.9M    n/a  n/a
   3   5d |   7 1.0   19   8.2M   73  381  83%    10M |  99.9   n/a   1   27  1.20M    6   10  62%  81.9M    n/a  n/a
   3   5e |   7 1.0   19   8.3M   75  391  83%    10M |  99.9   n/a   1   27   586k    3    9  75%  81.9M    n/a  n/a
   3   5f |   7 1.0   19   7.9M   73  399  84%    10M |  99.9   n/a   1   27  1.43M    7    7  50%  81.9M    n/a  n/a
   3   60 |   7 1.0   19   8.0M   69  397  85%    10M |  99.9   n/a   1   27  1.98M   10   12  54%  81.9M    n/a  n/a
   3   61 |   7 1.0   19   8.2M   75  434  85%    10M |   n/a   n/a   1   27      0    0    7 100%  81.9M    n/a  n/a
   3   62 |   7 1.0   19   8.6M   81  352  81%    10M |  99.9   n/a   1   27  1.62M    8   11  57%  81.9M    n/a  n/a
   3   63 |   7 1.0    0      0    0    0   0%    10M |   n/a   n/a   1    0      0    0    0   0%  81.9M    n/a  n/a
   4   64 |   7 1.0   19   6.3M  149  596  80%    10M |  99.9   ovl   1   27  1.09M   14   12  46%  81.9M   -64n  n/a
   4   65 |   7 1.0   19   5.7M  122  594  82%    10M |  99.9   ovl   1   27  1.23M   14   14  50%  81.9M  -251n  n/a
   4   66 |   7 1.0   19   6.6M  152  610  80%    10M |  99.9   ovl   1   27  1.04M   13   13  50%  81.9M   -24n  n/a
   4   67 |   7 1.0   19   5.7M  113  569  83%    10M |  99.9   ovl   1   27   967k   14   12  46%  81.9M  -182n  n/a
   4   68 |   7 1.0   19   6.1M  152  643  80%    10M |  99.9   ovl   1   27   915k   12   15  55%  81.9M    64n  n/a
   4   69 |   7 1.0   19   5.4M  116  592  83%    10M |  99.9   ovl   1   27  1.44M   19   15  44%  81.9M   -60n  n/a
   4   6a |   7 1.0   19   6.3M  133  628  82%    10M |  99.9   ovl   1   27   869k   12   15  55%  81.9M  -935n  n/a
   4   6b |   7 1.0   19   6.0M  122  556  82%    10M |  99.9   ovl   1   27  1.61M   22   15  40%  81.9M  -713n  n/a

          |--------------------DL---------------------|-------------------------------UL-----------------------------
 pci rnti | cqi  ri  mcs  brate   ok  nok  (%)  dl_bs | pusch  rsrp  ri  mcs  brate   ok  nok  (%)    bsr     ta  phr
   0   44 |   7 1.0   19   9.3M  198  545  73%    10M |  99.9   ovl   1   27  3.05M   34    3   8%  81.9M  -756n  n/a
   0   45 |   7 1.0   19   9.3M  167  518  75%    10M |  99.9   n/a   1   27  1.20M   14    8  36%  81.9M    n/a  n/a
   0   46 |   7 1.0   19   9.4M  180  565  75%    10M |  99.9   ovl   1   27  1.72M   19    8  29%  81.9M  -347n  n/a
   0   47 |   7 1.0   19   9.3M  172  532  75%    10M |  99.9   ovl   1   27  2.22M   24    8  25%  81.9M  -806n  n/a
   0   48 |   7 1.0   19   9.5M  194  466  70%    10M |  99.9   ovl   1   27  1.96M   24    8  25%  81.9M  -525n  n/a
   0   49 |   7 1.0   19   9.9M  179  473  72%    10M |  99.9   n/a   1   27  2.10M   24   13  35%  81.9M    n/a  n/a
   0   4a |   7 1.0   19   9.4M  194  512  72%    10M |  99.9   ovl   1   27  1.91M   19   15  44%  81.9M    -1u  n/a
   0   4b |   7 1.0   19   9.1M  175  512  74%    10M |  99.9   ovl   1   27  2.69M   31    9  22%  81.9M  -875n  n/a
   1   4c |   7 1.0   19   8.2M   72  450  86%    10M |  99.9   ovl   1   27  1.77M    7    7  50%  81.9M   106n  n/a
   1   4d |   7 1.0   19   8.1M   72  424  85%    10M |  99.9   ovl   1   27  1.01M    4    9  69%  81.9M   409n  n/a
   1   4e |   7 1.0   19   7.4M   51  446  89%    10M |  99.9   ovl   1   27  1.52M    6   11  64%  81.9M   -34n  n/a
   1   4f |   7 1.0   19   8.3M   69  423  85%    10M |  99.9   ovl   1   27  1.01M    4    7  63%  81.9M  -968n  n/a
   1   50 |   7 1.0   19   8.3M   68  509  88%    10M |  99.9   ovl   1   27  1.28M    5    8  61%  81.9M  -968n  n/a
   1   51 |   7 1.0   19   8.4M   77  413  84%    10M |  99.9   ovl   1   27  1.53M    6    7  53%  81.9M  -126n  n/a
   1   52 |   7 1.0   19   7.5M   62  486  88%    10M |  99.9   n/a   1   27  2.27M    9    9  50%  81.9M    n/a  n/a
   1   53 |   7 1.0    0      0    0    0   0%    10M |   n/a   n/a   1    0      0    0    0   0%  81.9M    n/a  n/a
   2   54 |   7 1.0   19   8.9M   62  509  89%    10M |  99.9   ovl   1   27  1.25M    5    4  44%  81.9M  -293n  n/a
   2   55 |   7 1.0   19   9.2M   61  499  89%    10M |  99.9   n/a   1   27  1.51M    6    6  50%  81.9M    n/a  n/a
   2   56 |   7 1.0   19   8.9M   64  521  89%    10M |  99.9   ovl   1   27  1.27M    5    6  54%  81.9M   361n  n/a
   2   57 |   7 1.0   19   8.9M   59  543  90%    10M |  99.9   ovl   1   27  1.28M    5    6  54%  81.9M   358n  n/a
   2   58 |   7 1.0   19   9.5M   82  517  86%    10M |  99.9   n/a   1   27   754k    3    5  62%  81.9M    n/a  n/a
   2   59 |   7 1.0   19   8.8M   58  421  87%    10M |  99.9   n/a   1   27  1.52M    6    7  53%  81.9M    n/a  n/a
   2   5a |   7 1.0   19   9.5M   66  485  88%    10M |  99.9   ovl   1   27   754k    3    6  66%  81.9M    74n  n/a
   2   5b |   7 1.0    0      0    0    0   0%    10M |   n/a   n/a   1    0      0    0    0   0%  81.9M    n/a  n/a
   3   5c |   7 1.0   19   4.9M   43  527  92%    10M |  99.9   ovl   1   27   611k    3    6  66%  81.9M   699n  n/a
   3   5d |   7 1.0   19   4.7M   40  541  93%    10M |  99.9   n/a   1   27   590k    3   11  78%  81.9M    n/a  n/a
   3   5e |   7 1.0   19   4.9M   47  543  92%    10M |  99.9   n/a   1   27   197k    1    9  90%  81.9M    n/a  n/a
   3   5f |   7 1.0   19   4.9M   45  497  91%    10M |  99.9   n/a   1   27  1.18M    6    9  60%  81.9M    n/a  n/a
   3   60 |   7 1.0   19   4.7M   43  588  93%    10M |  99.9   n/a   1   27   389k    2    7  77%  81.9M    n/a  n/a
   3   61 |   7 1.0   19   4.9M   45  512  91%    10M |   n/a   n/a   1   27      0    0    6 100%  81.9M    n/a  n/a
   3   62 |   7 1.0   19   4.8M   46  563  92%    10M |  99.9   n/a   1   27   590k    3   11  78%  81.9M    n/a  n/a
   3   63 |   7 1.0    0      0    0    0   0%    10M |   n/a   n/a   1    0      0    0    0   0%  81.9M    n/a  n/a
   4   64 |   7 1.0   19   9.7M  229  479  67%    10M |  99.9   ovl   1   27  1.99M   25   15  37%  81.9M  -518n  n/a
   4   65 |   7 1.0   19   9.4M  190  468  71%    10M |  99.9   ovl   1   27  2.55M   35   10  22%  81.9M  -341n  n/a
   4   66 |   7 1.0   19    10M  233  382  62%    10M |  99.9   ovl   1   27  2.44M   33   11  25%  81.9M  -353n  n/a
   4   67 |   7 1.0   19   9.2M  193  493  71%    10M |  99.9   ovl   1   27  2.50M   31   11  26%  81.9M  -542n  n/a
   4   68 |   7 1.0   19   9.8M  228  505  68%    10M |  99.9   ovl   1   27  2.96M   37   11  22%  81.9M  -482n  n/a
   4   69 |   7 1.0   19   9.4M  200  496  71%    10M |  99.9   ovl   1   27  2.70M   35   10  22%  81.9M  -233n  n/a
   4   6a |   7 1.0   19    10M  213  475  69%    10M |  99.9   ovl   1   27  2.31M   31   14  31%  81.9M  -348n  n/a
   4   6b |   7 1.0   19   9.4M  196  491  71%    10M |  99.9   ovl   1   27  2.30M   28   14  33%  81.9M  -451n  n/a
   0   44 |   7 1.0   19   9.0M  182  609  76%    10M |  99.9   n/a   1   27  1.71M   20   14  41%  81.9M    n/a  n/a
   0   45 |   7 1.0   19   9.2M  181  528  74%    10M |  99.9   ovl   1   27  1.34M   15   13  46%  81.9M   830n  n/a
   0   46 |   7 1.0   19   9.4M  190  550  74%    10M |  99.9   n/a   1   27  1.79M   19   18  48%  81.9M    n/a  n/a
   0   47 |   7 1.0   19   9.2M  170  482  73%    10M |  99.9   n/a   1   27  1.93M   22   11  33%  81.9M    n/a  n/a
   0   48 |   7 1.0   19   8.5M  177  494  73%    10M |  99.9   n/a   1   27  1.86M   21   16  43%  81.9M    n/a  n/a
   0   49 |   7 1.0   19   9.4M  173  508  74%    10M |  99.9   n/a   1   27  2.05M   22   12  35%  81.9M    n/a  n/a
   0   4a |   7 1.0   19   8.8M  170  561  76%    10M |  99.9   ovl   1   27  1.96M   22   12  35%  81.9M    -1u  n/a
   0   4b |   7 1.0   19   9.5M  182  460  71%    10M |  99.9   n/a   1   27  1.84M   20   11  35%  81.9M    n/a  n/a
   1   4c |   7 1.0   19   9.6M   75  427  85%    10M |  99.9   n/a   1   27  1.01M    4    9  69%  81.9M    n/a  n/a
   1   4d |   7 1.0   19   9.1M   64  469  87%    10M |  99.9   ovl   1   27   992k    4    8  66%  81.9M   408n  n/a
   1   4e |   7 1.0   19   8.9M   69  495  87%    10M |  99.9   n/a   1   27   758k    3   10  76%  81.9M    n/a  n/a
   1   4f |   7 1.0   19   8.5M   62  489  88%    10M |  99.9   n/a   1   27  1.24M    5    9  64%  81.9M    n/a  n/a
   1   50 |   7 1.0   19   8.6M   64  511  88%    10M |  99.9   n/a   1   27  1.55M    6    5  45%  81.9M    n/a  n/a
   1   51 |   7 1.0   19   8.9M   63  466  88%    10M |  99.9   ovl   1   27  1.53M    6   11  64%  81.9M   409n  n/a
   1   52 |   7 1.0   19   8.6M   70  453  86%    10M |  99.9   n/a   1   27  1.24M    5    7  58%  81.9M    n/a  n/a
   1   53 |   7 1.0    0      0    0    0   0%    10M |   n/a   n/a   1    0      0    0    0   0%  81.9M    n/a  n/a
   2   54 |   7 1.0   19   9.3M   64  515  88%    10M |  99.9   ovl   1   27   766k    3    6  66%  81.9M   846n  n/a
   2   55 |   7 1.0   19   8.8M   64  473  88%    10M |  99.9   n/a   1   27  1.75M    7    9  56%  81.9M    n/a  n/a
   2   56 |   7 1.0   19   8.9M   64  476  88%    10M |  99.9   n/a   1   27   754k    3   11  78%  81.9M    n/a  n/a
   2   57 |   7 1.0   19   8.9M   64  460  87%    10M |  99.9   ovl   1   27  1.01M    4    6  60%  81.9M  -660n  n/a
   2   58 |   7 1.0   19   9.6M   68  436  86%    10M |  99.9   ovl   1   27  2.03M    8   10  55%  81.9M   361n  n/a
   2   59 |   7 1.0   19   8.7M   62  448  87%    10M |  99.9   ovl   1   27   762k    3    9  75%  81.9M   358n  n/a
   2   5a |   7 1.0   19   9.6M   67  487  87%    10M |  99.9   ovl   1   27  2.02M    8    9  52%  81.9M    64n  n/a
   2   5b |   7 1.0    0      0    0    0   0%    10M |   n/a   n/a   1    0      0    0    0   0%  81.9M    n/a  n/a
   3   5c |   7 1.0   19   9.7M   88  324  78%    10M |  99.9   n/a   1   27  2.83M   14    5  26%  81.9M    n/a  n/a
   3   5d |   7 1.0   19   9.1M   84  407  82%    10M |  99.9   n/a   1   27  3.61M   18    4  18%  81.9M    n/a  n/a
   3   5e |   7 1.0   19    10M   97  359  78%    10M |  99.9   n/a   1   27  2.81M   14    6  30%  81.9M    n/a  n/a
   3   5f |   7 1.0   19   9.6M   78  350  81%    10M |  99.9   n/a   1   27  2.82M   14    7  33%  81.9M    n/a  n/a
   3   60 |   7 1.0   19    11M   95  341  78%    10M |  99.9   n/a   1   27  2.82M   14    8  36%  81.9M    n/a  n/a
   3   61 |   7 1.0   19   8.1M   69  371  84%    10M |  99.9   n/a   1   27  2.61M   13    7  35%  81.9M    n/a  n/a
   3   62 |   7 1.0   19    11M   95  299  75%    10M |  99.9   n/a   1   27  3.21M   16    5  23%  81.9M    n/a  n/a
   3   63 |   7 1.0    0      0    0    0   0%    10M |   n/a   n/a   1    0      0    0    0   0%  81.9M    n/a  n/a
   4   64 |   7 1.0   19   9.5M  214  504  70%    10M |  99.9   ovl   1   27  2.40M   34   14  29%  81.9M  -416n  n/a
   4   65 |   7 1.0   19   9.3M  195  459  70%    10M |  99.9   ovl   1   27  2.59M   33   16  32%  81.9M  -488n  n/a
   4   66 |   7 1.0   19    10M  230  410  64%    10M |  99.9   ovl   1   27  2.75M   36   11  23%  81.9M  -355n  n/a
   4   67 |   7 1.0   19   9.7M  199  465  70%    10M |  99.9   ovl   1   27  2.28M   30   14  31%  81.9M  -242n  n/a
   4   68 |   7 1.0   19   9.7M  214  467  68%    10M |  99.9   ovl   1   27  2.49M   32   13  28%  81.9M  -424n  n/a
   4   69 |   7 1.0   19   9.5M  205  449  68%    10M |  99.9   n/a   1   27  2.61M   33   12  26%  81.9M    n/a  n/a
   4   6a |   7 1.0   19    10M  241  432  64%    10M |  99.9   ovl   1   27  2.83M   36   14  28%  81.9M  -276n  n/a
   4   6b |   7 1.0   19   9.7M  199  457  69%    10M |  99.9   ovl   1   27  2.92M   38    9  19%  81.9M  -448n  n/a
   0   44 |   7 1.0   19   4.9M   93  659  87%    10M |  99.9   ovl   1   27   914k    9   19  67%  81.9M  -858n  n/a
   0   45 |   7 1.0   19   4.9M   93  657  87%    10M |  99.9   n/a   1   27   518k    6   15  71%  81.9M    n/a  n/a
   0   46 |   7 1.0   19   4.7M   85  725  89%    10M |  99.9   n/a   1   27   885k   11   16  59%  81.9M    n/a  n/a
   0   47 |   7 1.0   19   5.1M   97  664  87%    10M |  99.9   n/a   1   27   904k   10   13  56%  81.9M    n/a  n/a
   0   48 |   7 1.0   19   5.0M  110  635  85%    10M |  99.9   ovl   1   27   991k   11   17  60%  81.9M  -858n  n/a
   0   49 |   7 1.0   19   5.1M  100  656  86%    10M |  99.9   ovl   1   27  1.13M   14   14  50%  81.9M  -700n  n/a
   0   4a |   7 1.0   19   4.9M   94  757  88%    10M |  99.9   n/a   1   27   713k    8   17  68%  81.9M    n/a  n/a
   0   4b |   7 1.0   19   4.7M   94  605  86%    10M |  99.9   ovl   1   27   953k   10   19  65%  81.9M  -700n  n/a

          |--------------------DL---------------------|-------------------------------UL-----------------------------
 pci rnti | cqi  ri  mcs  brate   ok  nok  (%)  dl_bs | pusch  rsrp  ri  mcs  brate   ok  nok  (%)    bsr     ta  phr
   1   4c |   7 1.0   19   9.5M   75  385  83%    10M |  99.9   ovl   1   27  1.51M    6    6  50%  81.9M   408n  n/a
   1   4d |   7 1.0   19   8.9M   71  480  87%    10M |  99.9   ovl   1   27  1.75M    7    8  53%  81.9M   409n  n/a
   1   4e |   7 1.0   19   9.5M   78  438  84%    10M |  99.9   n/a   1   27  1.00M    4    6  60%  81.9M    n/a  n/a
   1   4f |   7 1.0   19   8.5M   64  443  87%    10M |  99.9   ovl   1   27  1.50M    6    7  53%  81.9M   409n  n/a
   1   50 |   7 1.0   19   8.9M   77  436  84%    10M |  99.9   n/a   1   27   250k    1    2  66%  81.9M    n/a  n/a
   1   51 |   7 1.0   19   9.0M   73  476  86%    10M |  99.9   ovl   1   27  1.51M    6    3  33%  81.9M   409n  n/a
   1   52 |   7 1.0   19   9.5M   71  443  86%    10M |  99.9   n/a   1   27  1.00M    4    7  63%  81.9M    n/a  n/a
   1   53 |   7 1.0    0      0    0    0   0%    10M |   n/a   n/a   1    0      0    0    0   0%  81.9M    n/a  n/a
   2   54 |   7 1.0   19    14M   96  238  71%    10M |  99.9   ovl   1   27  2.53M   10    9  47%  81.9M  -151n  n/a
   2   55 |   7 1.0   19    13M   94  232  71%    10M |  99.9   n/a   1   27  2.52M   10    5  33%  81.9M    n/a  n/a
   2   56 |   7 1.0   19    13M   84  246  74%    10M |  99.9   ovl   1   27  2.29M    9   10  52%  81.9M    -8n  n/a
   2   57 |   7 1.0   19    14M   96  237  71%    10M |  99.9   ovl   1   27  2.54M   10    8  44%  81.9M  -149n  n/a
   2   58 |   7 1.0   19    13M   89  216  70%    10M |  99.9   ovl   1   27  2.79M   11    9  45%  81.9M   183n  n/a
   2   59 |   7 1.0   19    13M   87  235  72%    10M |  99.9   ovl   1   27  2.30M    9    7  43%  81.9M   213n  n/a
   2   5a |   7 1.0   19    13M   86  189  68%    10M |  99.9   ovl   1   27  3.55M   14    7  33%  81.9M   -39n  n/a
   2   5b |   7 1.0    0      0    0    0   0%    10M |   n/a   n/a   1    0      0    0    0   0%  81.9M    n/a  n/a
   3   5c |   7 1.0   19    10M   85  190  69%    10M |  99.9   ovl   1   27  2.20M   11   10  47%  81.9M   -37n  n/a
   3   5d |   7 1.0   19   9.9M   92  207  69%    10M |  99.9   ovl   1   27  2.60M   13    5  27%  81.9M   206n  n/a
   3   5e |   7 1.0   19    10M   92  187  67%    10M |  99.9   ovl   1   27  2.61M   13   10  43%  81.9M   -37n  n/a
   3   5f |   7 1.0   19   9.8M   89  201  69%    10M |  99.9   ovl   1   27  2.21M   11    6  35%  81.9M   332n  n/a
   3   60 |   7 1.0   19    10M   95  194  67%    10M |  99.9   n/a   1   27  2.39M   12    8  40%  81.9M    n/a  n/a
   3   61 |   7 1.0   19   9.8M   91  194  68%    10M |  99.9   ovl   1   27  2.62M   13    6  31%  81.9M   332n  n/a
   3   62 |   7 1.0   19  10.0M   88  208  70%    10M |  99.9   ovl   1   27  2.00M   10    7  41%  81.9M   515n  n/a
   3   63 |   7 1.0    0      0    0    0   0%    10M |   n/a   n/a   1    0      0    0    0   0%  81.9M    n/a  n/a
   4   64 |   7 1.0   19   8.2M  195  540  73%    10M |  99.9   ovl   1   27  2.54M   31   12  27%  81.9M  -388n  n/a
   4   65 |   7 1.0   19   7.9M  166  462  73%    10M |  99.9   ovl   1   27  2.45M   31   11  26%  81.9M  -376n  n/a
   4   66 |   7 1.0   19   8.9M  193  517  72%    10M |  99.9   ovl   1   27  2.50M   32    8  20%  81.9M  -264n  n/a
   4   67 |   7 1.0   19   8.0M  164  520  76%    10M |  99.9   ovl   1   27  2.44M   29   11  27%  81.9M  -383n  n/a
   4   68 |   7 1.0   19   8.4M  195  556  74%    10M |  99.9   ovl   1   27  2.19M   28    9  24%  81.9M  -537n  n/a
   4   69 |   7 1.0   19   7.7M  157  513  76%    10M |  99.9   ovl   1   27  2.37M   29   11  27%  81.9M  -256n  n/a
   4   6a |   7 1.0   19   8.5M  191  497  72%    10M |  99.9   ovl   1   27  2.15M   29    9  23%  81.9M  -418n  n/a
   4   6b |   7 1.0   19   7.7M  160  532  76%    10M |  99.9   ovl   1   27  2.05M   26   10  27%  81.9M  -376n  n/a
   0   44 |   7 1.0   19   8.5M  166  628  79%    10M |  99.9   ovl   1   27  1.72M   19   11  36%  81.9M  -288n  n/a
   0   45 |   7 1.0   19   8.4M  161  524  76%    10M |  99.9   ovl   1   27  1.90M   21   11  34%  81.9M  -858n  n/a
   0   46 |   7 1.0   19   8.6M  173  634  78%    10M |  99.9   ovl   1   27  1.49M   17   13  43%  81.9M  -309n  n/a
   0   47 |   7 1.0   19   8.4M  168  571  77%    10M |  99.9   ovl   1   27  1.70M   19   11  36%  81.9M  -624n  n/a
   0   48 |   7 1.0   19   8.6M  174  583  77%    10M |  99.9   ovl   1   27  1.58M   17   13  43%  81.9M  -701n  n/a
   0   49 |   7 1.0   19   8.3M  166  557  77%    10M |  99.9   ovl   1   27  2.00M   23    4  14%  81.9M  -459n  n/a
   0   4a |   7 1.0   19   8.8M  183  566  75%    10M |  99.9   ovl   1   27  1.52M   17   10  37%  81.9M    90n  n/a
   0   4b |   7 1.0   19   8.2M  158  529  77%    10M |  99.9   ovl   1   27  1.61M   17    7  29%  81.9M  -720n  n/a
   1   4c |   7 1.0   19   6.8M   49  478  90%    10M |  99.9   ovl   1   27   250k    1    7  87%  81.9M   900n  n/a
   1   4d |   7 1.0   19   6.2M   48  464  90%    10M |  99.9   ovl   1   27   758k    3    8  72%  81.9M   900n  n/a
   1   4e |   7 1.0   19   7.0M   57  537  90%    10M |  99.9   ovl   1   27  1.77M    7   13  65%  81.9M   655n  n/a
   1   4f |   7 1.0   19   6.1M   45  478  91%    10M |  99.9   ovl   1   27   508k    2    6  75%  81.9M  -968n  n/a
   1   50 |   7 1.0   19   6.5M   50  526  91%    10M |  99.9   n/a   1   27  1.27M    5   12  70%  81.9M    n/a  n/a
   1   51 |   7 1.0   19   6.3M   56  477  89%    10M |  99.9   ovl   1   27  1.26M    5    9  64%  81.9M   257n  n/a
   1   52 |   7 1.0   19   6.7M   55  475  89%    10M |  99.9   ovl   1   27  1.02M    4    4  50%  81.9M    13n  n/a
   1   53 |   7 1.0    0      0    0    0   0%    10M |   n/a   n/a   1    0      0    0    0   0%  81.9M    n/a  n/a
   2   54 |   7 1.0   19   8.8M   55  468  89%    10M |  99.9   ovl   1   27  3.07M   12    8  40%  81.9M    64n  n/a
   2   55 |   7 1.0   19   9.1M   71  475  86%    10M |  99.9   n/a   1   27   500k    2    7  77%  81.9M    n/a  n/a
   2   56 |   7 1.0   19   9.0M   62  484  88%    10M |  99.9   ovl   1   27  2.04M    8    5  38%  81.9M   846n  n/a
   2   57 |   7 1.0   19   9.1M   76  418  84%    10M |  99.9   n/a   1   27  2.27M    9    7  43%  81.9M    n/a  n/a
   2   58 |   7 1.0   19   9.7M   83  444  84%    10M |  99.9   n/a   1   27   758k    3    1  25%  81.9M    n/a  n/a
   2   59 |   7 1.0   19   8.9M   68  410  85%    10M |  99.9   n/a   1   27  2.79M   11   10  47%  81.9M    n/a  n/a
   2   5a |   7 1.0   19   9.1M   69  434  86%    10M |  99.9   n/a   1   27   767k    3    2  40%  81.9M    n/a  n/a
   2   5b |   7 1.0    0      0    0    0   0%    10M |   n/a   n/a   1    0      0    0    0   0%  81.9M    n/a  n/a
   3   5c |   7 1.0   19   9.3M   90  325  78%    10M |  99.9   n/a   1   27  2.38M   12    6  33%  81.9M    n/a  n/a
   3   5d |   7 1.0   19   8.5M   78  321  80%    10M |  99.9   n/a   1   27  2.19M   11   12  52%  81.9M    n/a  n/a
   3   5e |   7 1.0   19   8.2M   91  358  79%    10M |  99.9   n/a   1   27  1.39M    7    2  22%  81.9M    n/a  n/a
   3   5f |   7 1.0   19   9.6M   90  307  77%    10M |  99.9   ovl   1   27  3.78M   19    6  24%  81.9M   699n  n/a
   3   60 |   7 1.0   19   9.6M   95  316  76%    10M |  99.9   n/a   1   27  1.20M    6    3  33%  81.9M    n/a  n/a
   3   61 |   7 1.0   19   9.3M   88  312  78%    10M |  99.9   n/a   1   27  1.39M    7    4  36%  81.9M    n/a  n/a
   3   62 |   7 1.0   19   9.8M  111  311  73%    10M |  99.9   n/a   1   27  2.00M   10    8  44%  81.9M    n/a  n/a
   3   63 |   7 1.0    0      0    0    0   0%    10M |   n/a   n/a   1    0      0    0    0   0%  81.9M    n/a  n/a
   4   64 |   7 1.0   19   7.6M  170  574  77%    10M |  99.9   ovl   1   27  1.54M   20   14  41%  81.9M  -161n  n/a
   4   65 |   7 1.0   19   8.1M  178  531  74%    10M |  99.9   ovl   1   27  1.57M   19   11  36%  81.9M  -487n  n/a
   4   66 |   7 1.0   19   8.5M  196  501  71%    10M |  99.9   ovl   1   27  2.26M   27   12  30%  81.9M  -352n  n/a
   4   67 |   7 1.0   19   8.0M  165  453  73%    10M |  99.9   ovl   1   27  2.35M   28   12  30%  81.9M  -389n  n/a
   4   68 |   7 1.0   19   8.2M  198  595  75%    10M |  99.9   ovl   1   27  1.70M   21   14  40%  81.9M  -386n  n/a
   4   69 |   7 1.0   19   8.1M  168  469  73%    10M |  99.9   ovl   1   27  1.97M   25   12  32%  81.9M  -542n  n/a
   4   6a |   7 1.0   19   8.3M  180  527  74%    10M |  99.9   ovl   1   27  1.96M   26    9  25%  81.9M  -465n  n/a
   4   6b |   7 1.0   19   7.8M  167  513  75%    10M |  99.9   ovl   1   27  1.72M   21   15  41%  81.9M  -749n  n/a
   0   44 |   7 1.0   19   6.0M  111  638  85%    10M |  99.9   n/a   1   27   963k   12   15  55%  81.9M    n/a  n/a
   0   45 |   7 1.0   19   5.9M  111  600  84%    10M |  99.9   n/a   1   27   996k   12   12  50%  81.9M    n/a  n/a
   0   46 |   7 1.0   19   6.3M  125  629  83%    10M |  99.9   n/a   1   27  1.05M   12   14  53%  81.9M    n/a  n/a
   0   47 |   7 1.0   19   5.8M  113  569  83%    10M |  99.9   n/a   1   27  1.24M   13   14  51%  81.9M    n/a  n/a
   0   48 |   7 1.0   19   5.4M  107  725  87%    10M |  99.9   n/a   1   27  1.28M   14   13  48%  81.9M    n/a  n/a
   0   49 |   7 1.0   19   5.8M  108  606  84%    10M |  99.9   n/a   1   27  1.11M   13   15  53%  81.9M    n/a  n/a
   0   4a |   7 1.0   19   6.1M  119  741  86%    10M |  99.9   n/a   1   27   899k   10   16  61%  81.9M    n/a  n/a
   0   4b |   7 1.0   19   5.8M  107  574  84%    10M |  99.9   n/a   1   27  1.68M   18   14  43%  81.9M    n/a  n/a
   1   4c |   7 1.0   19  10.0M   71  355  83%    10M |  99.9   n/a   1   27  1.01M    4    6  60%  81.9M    n/a  n/a
   1   4d |   7 1.0   19    10M   71  379  84%    10M |  99.9   n/a   1   27  2.28M    9    8  47%  81.9M    n/a  n/a
   1   4e |   7 1.0   19    10M   76  396  83%    10M |  99.9   n/a   1   27  1.01M    4    4  50%  81.9M    n/a  n/a
   1   4f |   7 1.0   19    11M   72  374  83%    10M |  99.9   n/a   1   27  2.28M    9    6  40%  81.9M    n/a  n/a
   1   50 |   7 1.0   19    10M   76  338  81%    10M |  99.9   n/a   1   27  1.30M    5    5  50%  81.9M    n/a  n/a
   1   51 |   7 1.0   19   9.9M   74  381  83%    10M |  99.9   n/a   1   27  1.78M    7    7  50%  81.9M    n/a  n/a
   1   52 |   7 1.0   19    10M   81  356  81%    10M |  99.9   n/a   1   27   504k    2    4  66%  81.9M    n/a  n/a
   1   53 |   7 1.0    0      0    0    0   0%    10M |   n/a   n/a   1    0      0    0    0   0%  81.9M    n/a  n/a

          |--------------------DL---------------------|-------------------------------UL-----------------------------
 pci rnti | cqi  ri  mcs  brate   ok  nok  (%)  dl_bs | pusch  rsrp  ri  mcs  brate   ok  nok  (%)    bsr     ta  phr
   2   54 |   7 1.0   19    13M   89  194  68%    10M |  99.9   ovl   1   27  3.27M   13    4  23%  81.9M  -150n  n/a
   2   55 |   7 1.0   19    13M   91  246  72%    10M |  99.9   ovl   1   27  3.80M   15   13  46%  81.9M  -298n  n/a
   2   56 |   7 1.0   19    14M   89  199  69%    10M |  99.9   ovl   1   27  2.52M   10    4  28%  81.9M   358n  n/a
   2   57 |   7 1.0   19    12M   90  259  74%    10M |  99.9   ovl   1   27  4.80M   19   11  36%  81.9M    87n  n/a
   2   58 |   7 1.0   19    14M   94  202  68%    10M |  99.9   n/a   1   27  2.52M   10    4  28%  81.9M    n/a  n/a
   2   59 |   7 1.0   19    12M   92  223  70%    10M |  99.9   ovl   1   27  3.28M   13    6  31%  81.9M  -221n  n/a
   2   5a |   7 1.0   19    14M   94  185  66%    10M |  99.9   n/a   1   27  2.52M   10    8  44%  81.9M    n/a  n/a
   2   5b |   7 1.0    0      0    0    0   0%    10M |   n/a   n/a   1    0      0    0    0   0%  81.9M    n/a  n/a
   3   5c |   7 1.0   19    11M   96  168  63%    10M |  99.9   ovl   1   27  2.19M   11   10  47%  81.9M   317n  n/a
   3   5d |   7 1.0   19    11M   98  180  64%    10M |  99.9   ovl   1   27  2.40M   12    5  29%  81.9M    -2n  n/a
   3   5e |   7 1.0   19    11M  100  161  61%    10M |  99.9   ovl   1   27  3.19M   16    8  33%  81.9M   454n  n/a
   3   5f |   7 1.0   19    12M  108  176  61%    10M |  99.9   ovl   1   27  1.59M    8    5  38%  81.9M    20n  n/a
   3   60 |   7 1.0   19    11M   94  182  65%    10M |  99.9   ovl   1   27  3.01M   15   10  40%  81.9M   -31n  n/a
   3   61 |   7 1.0   19    11M   98  188  65%    10M |  99.9   ovl   1   27  3.21M   16    5  23%  81.9M   147n  n/a
   3   62 |   7 1.0   19    11M   97  183  65%    10M |  99.9   ovl   1   27  2.41M   12    7  36%  81.9M   275n  n/a
   3   63 |   7 1.0    0      0    0    0   0%    10M |   n/a   n/a   1    0      0    0    0   0%  81.9M    n/a  n/a
   4   64 |   7 1.0   19   6.2M  132  657  83%    10M |  99.9   ovl   1   27   760k   10   16  61%  81.9M   909n  n/a
   4   65 |   7 1.0   19   6.3M  133  681  83%    10M |  99.9   n/a   1   27  1.30M   18   13  41%  81.9M    n/a  n/a
   4   66 |   7 1.0   19   6.4M  138  656  82%    10M |  99.9   n/a   1   27   930k   12   13  52%  81.9M    n/a  n/a
   4   67 |   7 1.0   19   6.1M  135  625  82%    10M |  99.9   ovl   1   27   809k   11   12  52%  81.9M    -1u  n/a
   4   68 |   7 1.0   19   6.2M  141  617  81%    10M |  99.9   ovl   1   27   921k   12   12  50%  81.9M    66n  n/a
   4   69 |   7 1.0   19   6.3M  131  606  82%    10M |  99.9   n/a   1   27  1.02M   13   13  50%  81.9M    n/a  n/a
   4   6a |   7 1.0   19   6.2M  130  606  82%    10M |  99.9   ovl   1   27  1.34M   17   13  43%  81.9M  -831n  n/a
   4   6b |   7 1.0   19   6.4M  136  598  81%    10M |  99.9   n/a   1   27   970k   12   10  45%  81.9M    n/a  n/a
   0   44 |   7 1.0   19   8.0M  161  685  80%    10M |  99.9   ovl   1   27  1.83M   20   11  35%  81.9M  -544n  n/a
   0   45 |   7 1.0   19   8.1M  155  579  78%    10M |  99.9   ovl   1   27  1.58M   17    9  34%  81.9M  -613n  n/a
   0   46 |   7 1.0   19   8.0M  156  633  80%    10M |  99.9   ovl   1   27  1.50M   15   13  46%  81.9M  -346n  n/a
   0   47 |   7 1.0   19   8.4M  153  532  77%    10M |  99.9   ovl   1   27  1.77M   20   10  33%  81.9M  -684n  n/a
   0   48 |   7 1.0   19   8.2M  166  581  77%    10M |  99.9   ovl   1   27  1.31M   13   13  50%  81.9M  -183n  n/a
   0   49 |   7 1.0   19   7.9M  146  526  78%    10M |  99.9   ovl   1   27  1.76M   20    8  28%  81.9M  -316n  n/a
   0   4a |   7 1.0   19   8.1M  152  579  79%    10M |  99.9   ovl   1   27  1.37M   16   14  46%  81.9M  -637n  n/a
   0   4b |   7 1.0   19   8.0M  145  516  78%    10M |  99.9   ovl   1   27  2.07M   26   11  29%  81.9M  -174n  n/a
   1   4c |   7 1.0   19   6.6M   50  558  91%    10M |  99.9   n/a   1   27   758k    3    8  72%  81.9M    n/a  n/a
   1   4d |   7 1.0   19   6.1M   43  593  93%    10M |  99.9   n/a   1   27  1.27M    5    7  58%  81.9M    n/a  n/a
   1   4e |   7 1.0   19   6.4M   48  584  92%    10M |  99.9   n/a   1   27  1.27M    5   11  68%  81.9M    n/a  n/a
   1   4f |   7 1.0   19   6.0M   42  610  93%    10M |  99.9   n/a   1   27   250k    1   10  90%  81.9M    n/a  n/a
   1   50 |   7 1.0   19   6.4M   44  589  93%    10M |   n/a   n/a   1   27      0    0   11 100%  81.9M    n/a  n/a
   1   51 |   7 1.0   19   5.7M   38  531  93%    10M |  99.9   n/a   1   27   504k    2    6  75%  81.9M    n/a  n/a
   1   52 |   7 1.0   19   6.1M   44  577  92%    10M |  99.9   ovl   1   27  1.25M    5    7  58%  81.9M   409n  n/a
   1   53 |   7 1.0    0      0    0    0   0%    10M |   n/a   n/a   1    0      0    0    0   0%  81.9M    n/a  n/a
   2   54 |   7 1.0   19    11M   78  263  77%    10M |  99.9   n/a   1   27  2.30M    9    9  50%  81.9M    n/a  n/a
   2   55 |   7 1.0   19    11M   86  281  76%    10M |  99.9   ovl   1   27  2.30M    9    4  30%  81.9M  -151n  n/a
   2   56 |   7 1.0   19    10M   77  303  79%    10M |  99.9   ovl   1   27  2.30M    9    4  30%  81.9M   211n  n/a
   2   57 |   7 1.0   19    11M   79  292  78%    10M |  99.9   ovl   1   27  1.78M    7    7  50%  81.9M   361n  n/a
   2   58 |   7 1.0   19    10M   74  306  80%    10M |  99.9   ovl   1   27  2.02M    8    5  38%  81.9M   460n  n/a
   2   59 |   7 1.0   19    10M   82  313  79%    10M |  99.9   ovl   1   27  2.55M   10    4  28%  81.9M   166n  n/a
   2   5a |   7 1.0   19    11M   75  289  79%    10M |  99.9   ovl   1   27  1.78M    7    5  41%  81.9M  -293n  n/a
   2   5b |   7 1.0    0      0    0    0   0%    10M |   n/a   n/a   1    0      0    0    0   0%  81.9M    n/a  n/a
   3   5c |   7 1.0   19    11M   91  179  66%    10M |  99.9   ovl   1   27  2.78M   14    8  36%  81.9M   207n  n/a
   3   5d |   7 1.0   19    11M  102  236  69%    10M |  99.9   ovl   1   27  2.59M   13    8  38%  81.9M    48n  n/a
   3   5e |   7 1.0   19    10M   92  224  70%    10M |  99.9   ovl   1   27  3.59M   18    3  14%  81.9M   332n  n/a
   3   5f |   7 1.0   19    10M   99  218  68%    10M |  99.9   n/a   1   27  2.62M   13    5  27%  81.9M    n/a  n/a
   3   60 |   7 1.0   19   9.6M   85  233  73%    10M |  99.9   ovl   1   27  2.61M   13    5  27%  81.9M    -2n  n/a
   3   61 |   7 1.0   19    10M   97  202  67%    10M |  99.9   ovl   1   27  2.80M   14    7  33%  81.9M   152n  n/a
   3   62 |   7 1.0   19    11M   91  235  72%    10M |  99.9   ovl   1   27  2.60M   13    7  35%  81.9M   146n  n/a
   3   63 |   7 1.0    0      0    0    0   0%    10M |   n/a   n/a   1    0      0    0    0   0%  81.9M    n/a  n/a
   4   64 |   7 1.0   19   6.0M  135  586  81%    10M |  99.9   ovl   1   27  1.98M   25   13  34%  81.9M  -418n  n/a
   4   65 |   7 1.0   19   5.8M  123  616  83%    10M |  99.9   ovl   1   27  1.14M   15   12  44%  81.9M  -387n  n/a
   4   66 |   7 1.0   19   5.5M  129  594  82%    10M |  99.9   ovl   1   27  1.50M   19   13  40%  81.9M  -142n  n/a
   4   67 |   7 1.0   19   5.7M  125  624  83%    10M |  99.9   ovl   1   27  1.49M   18   15  45%  81.9M    97n  n/a
   4   68 |   7 1.0   19   6.1M  137  573  80%    10M |  99.9   ovl   1   27  1.06M   14   15  51%  81.9M  -326n  n/a
   4   69 |   7 1.0   19   5.7M  125  636  83%    10M |  99.9   ovl   1   27  1.55M   19   13  40%  81.9M  -218n  n/a
   4   6a |   7 1.0   19   6.1M  128  618  82%    10M |  99.9   ovl   1   27  1.14M   15   13  46%  81.9M  -390n  n/a
   4   6b |   7 1.0   19   5.8M  127  636  83%    10M |  99.9   ovl   1   27  1.32M   17   17  50%  81.9M  -530n  n/a
   0   44 |   7 1.0   19   7.6M  146  594  80%    10M |  99.9   ovl   1   27  1.99M   22   14  38%  81.9M  -684n  n/a
   0   45 |   7 1.0   19   8.7M  174  509  74%    10M |  99.9   ovl   1   27  1.83M   21   14  40%  81.9M  -168n  n/a
   0   46 |   7 1.0   19   9.4M  191  527  73%    10M |  99.9   ovl   1   27  2.09M   24   10  29%  81.9M  -261n  n/a
   0   47 |   7 1.0   19   8.6M  177  512  74%    10M |  99.9   ovl   1   27  2.31M   26    8  23%  81.9M  -684n  n/a
   0   48 |   7 1.0   19   8.7M  179  560  75%    10M |  99.9   ovl   1   27  1.77M   21   11  34%  81.9M  -109n  n/a
   0   49 |   7 1.0   19   8.6M  160  485  75%    10M |  99.9   ovl   1   27  1.78M   21   11  34%  81.9M  -510n  n/a
   0   4a |   7 1.0   19   9.4M  191  464  70%    10M |  99.9   ovl   1   27  2.22M   25   15  37%  81.9M  -975n  n/a
   0   4b |   7 1.0   19   8.6M  168  546  76%    10M |  99.9   ovl   1   27  2.35M   25   11  30%  81.9M  -875n  n/a
   1   4c |   7 1.0   19    12M   96  312  76%    10M |  99.9   n/a   1   27  2.02M    8   11  57%  81.9M    n/a  n/a
   1   4d |   7 1.0   19    12M   87  263  75%    10M |  99.9   n/a   1   27  1.76M    7    3  30%  81.9M    n/a  n/a
   1   4e |   7 1.0   19    13M  110  325  74%    10M |  99.9   ovl   1   27  2.02M    8    2  20%  81.9M   107n  n/a
   1   4f |   7 1.0   19    12M   97  306  75%    10M |  99.9   n/a   1   27  2.55M   10    7  41%  81.9M    n/a  n/a
   1   50 |   7 1.0   19    12M   96  291  75%    10M |  99.9   n/a   1   27  3.03M   12    7  36%  81.9M    n/a  n/a
   1   51 |   7 1.0   19    11M   88  331  78%    10M |  99.9   n/a   1   27  2.05M    8   12  60%  81.9M    n/a  n/a
   1   52 |   7 1.0   19    12M   93  299  76%    10M |  99.9   n/a   1   27  1.25M    5   10  66%  81.9M    n/a  n/a
   1   53 |   7 1.0    0      0    0    0   0%    10M |   n/a   n/a   1    0      0    0    0   0%  81.9M    n/a  n/a
   2   54 |   7 1.0   19    13M   82  291  78%    10M |  99.9   ovl   1   27  2.53M   10    7  41%  81.9M    87n  n/a
   2   55 |   7 1.0   19    14M   93  289  75%    10M |  99.9   ovl   1   27  3.28M   13    7  35%  81.9M   -49n  n/a
   2   56 |   7 1.0   19    13M   89  300  77%    10M |  99.9   ovl   1   27  2.02M    8    5  38%  81.9M  -319n  n/a
   2   57 |   7 1.0   19    13M   89  254  74%    10M |  99.9   n/a   1   27  3.05M   12   10  45%  81.9M    n/a  n/a
   2   58 |   7 1.0   19    14M  100  285  74%    10M |  99.9   ovl   1   27  2.03M    8   11  57%  81.9M   423n  n/a
   2   59 |   7 1.0   19    13M   87  244  73%    10M |  99.9   ovl   1   27  3.05M   12    8  40%  81.9M   -79n  n/a
   2   5a |   7 1.0   19    14M   94  261  73%    10M |  99.9   ovl   1   27  3.02M   12    8  40%  81.9M    15n  n/a
   2   5b |   7 1.0    0      0    0    0   0%    10M |   n/a   n/a   1    0      0    0    0   0%  81.9M    n/a  n/a

          |--------------------DL---------------------|-------------------------------UL-----------------------------
 pci rnti | cqi  ri  mcs  brate   ok  nok  (%)  dl_bs | pusch  rsrp  ri  mcs  brate   ok  nok  (%)    bsr     ta  phr
   3   5c |   7 1.0   19    10M   92  308  77%    10M |  99.9   n/a   1   27  2.41M   12   10  45%  81.9M    n/a  n/a
   3   5d |   7 1.0   19    11M   89  284  76%    10M |  99.9   n/a   1   27  1.59M    8    8  50%  81.9M    n/a  n/a
   3   5e |   7 1.0   19    11M   92  277  75%    10M |  99.9   n/a   1   27  2.20M   11   10  47%  81.9M    n/a  n/a
   3   5f |   7 1.0   19    10M   85  365  81%    10M |  99.9   n/a   1   27  2.18M   11    9  45%  81.9M    n/a  n/a
   3   60 |   7 1.0   19    10M   90  304  77%    10M |  99.9   ovl   1   27  2.39M   12    3  20%  81.9M   515n  n/a
   3   61 |   7 1.0   19   9.9M   90  317  77%    10M |  99.9   n/a   1   27  1.99M   10    6  37%  81.9M    n/a  n/a
   3   62 |   7 1.0   19    10M   88  351  79%    10M |  99.9   n/a   1   27  2.39M   12    6  33%  81.9M    n/a  n/a
   3   63 |   7 1.0    0      0    0    0   0%    10M |   n/a   n/a   1    0      0    0    0   0%  81.9M    n/a  n/a
   4   64 |   7 1.0   19   8.0M  173  567  76%    10M |  99.9   n/a   1   27  1.67M   21   10  32%  81.9M    n/a  n/a
   4   65 |   7 1.0   19   8.1M  168  514  75%    10M |  99.9   ovl   1   27  1.65M   21   12  36%  81.9M  -659n  n/a
   4   66 |   7 1.0   19   7.8M  178  585  76%    10M |  99.9   n/a   1   27  1.37M   19    9  32%  81.9M    n/a  n/a
   4   67 |   7 1.0   19   7.7M  168  482  74%    10M |  99.9   n/a   1   27  1.30M   16   11  40%  81.9M    n/a  n/a
   4   68 |   7 1.0   19   8.3M  191  537  73%    10M |  99.9   n/a   1   27  1.34M   17   11  39%  81.9M    n/a  n/a
   4   69 |   7 1.0   19   7.9M  163  514  75%    10M |  99.9   ovl   1   27  1.92M   25   11  30%  81.9M  -548n  n/a
   4   6a |   7 1.0   19   7.3M  161  579  78%    10M |  99.9   n/a   1   27  1.62M   20   13  39%  81.9M    n/a  n/a
   4   6b |   7 1.0   19   8.0M  175  488  73%    10M |  99.9   ovl   1   27  1.93M   26    7  21%  81.9M  -543n  n/a
   0   44 |   7 1.0   19   5.1M  109  730  87%    10M |  99.9   n/a   1   27   586k    7   16  69%  81.9M    n/a  n/a
   0   45 |   7 1.0   19   5.0M   97  552  85%    10M |  99.9   n/a   1   27  1.08M   14   13  48%  81.9M    n/a  n/a
   0   46 |   7 1.0   19   5.4M  110  686  86%    10M |  99.9   n/a   1   27   580k    6   17  73%  81.9M    n/a  n/a
   0   47 |   7 1.0   19   4.5M   82  631  88%    10M |  99.9   n/a   1   27   938k   11   17  60%  81.9M    n/a  n/a
   0   48 |   7 1.0   19   5.0M  100  671  87%    10M |  99.9   n/a   1   27   953k   12   18  60%  81.9M    n/a  n/a
   0   49 |   7 1.0   19   5.1M   91  638  87%    10M |  99.9   n/a   1   27   838k    9   12  57%  81.9M    n/a  n/a
   0   4a |   7 1.0   19   5.3M   99  715  87%    10M |  99.9   n/a   1   27  1.01M   11   10  47%  81.9M    n/a  n/a
   0   4b |   7 1.0   19   5.0M  102  582  85%    10M |  99.9   n/a   1   27  1.51M   17   13  43%  81.9M    n/a  n/a
   1   4c |   7 1.0   19    11M   85  239  73%    10M |  99.9   n/a   1   27  2.28M    9    5  35%  81.9M    n/a  n/a
   1   4d |   7 1.0   19    12M   93  245  72%    10M |  99.9   ovl   1   27  1.78M    7    9  56%  81.9M   409n  n/a
   1   4e |   7 1.0   19    11M   82  276  77%    10M |  99.9   ovl   1   27  2.52M   10    3  23%  81.9M   497n  n/a
   1   4f |   7 1.0   19    11M  101  288  74%    10M |  99.9   n/a   1   27  2.53M   10    8  44%  81.9M    n/a  n/a
   1   50 |   7 1.0   19    11M   85  266  75%    10M |  99.9   ovl   1   27  3.31M   13    6  31%  81.9M  -484n  n/a
   1   51 |   7 1.0   19    11M   91  265  74%    10M |  99.9   n/a   1   27  3.05M   12   13  52%  81.9M    n/a  n/a
   1   52 |   7 1.0   19    11M   88  288  76%    10M |  99.9   n/a   1   27  1.27M    5    7  58%  81.9M    n/a  n/a
   1   53 |   7 1.0    0      0    0    0   0%    10M |   n/a   n/a   1    0      0    0    0   0%  81.9M    n/a  n/a
   2   54 |   7 1.0   19    13M   82  238  74%    10M |  99.9   ovl   1   27  3.07M   12    9  42%  81.9M   184n  n/a
   2   55 |   7 1.0   19    14M   96  279  74%    10M |  99.9   ovl   1   27  3.57M   14    7  33%  81.9M   265n  n/a
   2   56 |   7 1.0   19    13M   86  257  74%    10M |  99.9   ovl   1   27  3.53M   14    6  30%  81.9M   148n  n/a
   2   57 |   7 1.0   19    13M   88  248  73%    10M |  99.9   ovl   1   27  3.04M   12    7  36%  81.9M  -221n  n/a
   2   58 |   7 1.0   19    14M  101  218  68%    10M |  99.9   ovl   1   27  3.02M   12    7  36%  81.9M    -7n  n/a
   2   59 |   7 1.0   19    14M  104  293  73%    10M |  99.9   ovl   1   27  3.05M   12    8  40%  81.9M   -34n  n/a
   2   5a |   7 1.0   19    13M   93  241  72%    10M |  99.9   ovl   1   27  3.82M   15    7  31%  81.9M   407n  n/a
   2   5b |   7 1.0    0      0    0    0   0%    10M |   n/a   n/a   1    0      0    0    0   0%  81.9M    n/a  n/a
   3   5c |   7 1.0   19   9.3M   94  331  77%    10M |  99.9   n/a   1   27  1.59M    8    8  50%  81.9M    n/a  n/a
   3   5d |   7 1.0   19   8.5M   83  314  79%    10M |  99.9   n/a   1   27  1.19M    6    7  53%  81.9M    n/a  n/a
   3   5e |   7 1.0   19   7.9M   82  406  83%    10M |  99.9   n/a   1   27  1.58M    8    8  50%  81.9M    n/a  n/a
   3   5f |   7 1.0   19   8.1M   78  352  81%    10M |  99.9   n/a   1   27  1.40M    7    8  53%  81.9M    n/a  n/a
   3   60 |   7 1.0   19   9.0M   92  352  79%    10M |  99.9   n/a   1   27  1.39M    7    5  41%  81.9M    n/a  n/a
   3   61 |   7 1.0   19   8.4M   84  389  82%    10M |  99.9   n/a   1   27  1.20M    6    6  50%  81.9M    n/a  n/a
   3   62 |   7 1.0   19   9.2M   86  302  77%    10M |  99.9   ovl   1   27  1.60M    8    6  42%  81.9M  -759n  n/a
   3   63 |   7 1.0    0      0    0    0   0%    10M |   n/a   n/a   1    0      0    0    0   0%  81.9M    n/a  n/a
   4   64 |   7 1.0   19   5.7M  134  663  83%    10M |  99.9   n/a   1   27  1.38M   17   12  41%  81.9M    n/a  n/a
   4   65 |   7 1.0   19   6.1M  122  567  82%    10M |  99.9   n/a   1   27  1.52M   18   13  41%  81.9M    n/a  n/a
   4   66 |   7 1.0   19   6.5M  140  609  81%    10M |  99.9   n/a   1   27  1.76M   22   16  42%  81.9M    n/a  n/a
   4   67 |   7 1.0   19   6.1M  134  628  82%    10M |  99.9   n/a   1   27  1.29M   18   16  47%  81.9M    n/a  n/a
   4   68 |   7 1.0   19   6.5M  136  600  81%    10M |  99.9   n/a   1   27  1.66M   21   12  36%  81.9M    n/a  n/a
   4   69 |   7 1.0   19   6.2M  132  584  81%    10M |  99.9   n/a   1   27   946k   11   12  52%  81.9M    n/a  n/a
   4   6a |   7 1.0   19   6.3M  149  612  80%    10M |  99.9   n/a   1   27  1.73M   21    7  25%  81.9M    n/a  n/a
   4   6b |   7 1.0   19   6.4M  129  561  81%    10M |  99.9   n/a   1   27  1.07M   14   13  48%  81.9M    n/a  n/a
   0   44 |   7 1.0   19    11M  227  448  66%    10M |  99.9   ovl   1   27  2.65M   33   13  28%  81.9M  -164n  n/a
   0   45 |   7 1.0   19    11M  197  476  70%    10M |  99.9   ovl   1   27  3.10M   35    9  20%  81.9M  -393n  n/a
   0   46 |   7 1.0   19    10M  206  488  70%    10M |  99.9   ovl   1   27  2.56M   29   15  34%  81.9M  -582n  n/a
   0   47 |   7 1.0   19    10M  206  514  71%    10M |  99.9   ovl   1   27  3.45M   38    7  15%  81.9M  -521n  n/a
   0   48 |   7 1.0   19    11M  226  454  66%    10M |  99.9   ovl   1   27  2.73M   29    7  19%  81.9M  -308n  n/a
   0   49 |   7 1.0   19    10M  201  477  70%    10M |  99.9   ovl   1   27  3.17M   36    9  20%  81.9M  -410n  n/a
   0   4a |   7 1.0   19    11M  219  518  70%    10M |  99.9   ovl   1   27  3.12M   36   12  25%  81.9M  -280n  n/a
   0   4b |   7 1.0   19    10M  201  471  70%    10M |  99.9   ovl   1   27  2.93M   33   12  26%  81.9M  -356n  n/a
   1   4c |   7 1.0   19    11M   90  228  71%    10M |  99.9   ovl   1   27  2.00M    8   13  61%  81.9M   107n  n/a
   1   4d |   7 1.0   19    11M   93  248  72%    10M |  99.9   ovl   1   27  2.78M   11    5  31%  81.9M    83n  n/a
   1   4e |   7 1.0   19   9.5M   80  290  78%    10M |  99.9   ovl   1   27  1.00M    4    6  60%  81.9M   484n  n/a
   1   4f |   7 1.0   19    10M   90  267  74%    10M |  99.9   ovl   1   27  2.28M    9    9  50%  81.9M   447n  n/a
   1   50 |   7 1.0   19   9.7M   84  237  73%    10M |  99.9   ovl   1   27  2.78M   11    3  21%  81.9M   -25n  n/a
   1   51 |   7 1.0   19    10M   94  272  74%    10M |  99.9   ovl   1   27  1.51M    6   10  62%  81.9M   114n  n/a
   1   52 |   7 1.0   19    10M   72  240  76%    10M |  99.9   ovl   1   27  2.27M    9    4  30%  81.9M   107n  n/a
   1   53 |   7 1.0    0      0    0    0   0%    10M |   n/a   n/a   1    0      0    0    0   0%  81.9M    n/a  n/a
   2   54 |   7 1.0   19    10M   89  262  74%    10M |  99.9   ovl   1   27  2.80M   11    2  15%  81.9M   184n  n/a
   2   55 |   7 1.0   19    10M   80  300  78%    10M |  99.9   n/a   1   27  1.77M    7    7  50%  81.9M    n/a  n/a
   2   56 |   7 1.0   19    11M   82  275  77%    10M |  99.9   ovl   1   27  2.29M    9    6  40%  81.9M    32n  n/a
   2   57 |   7 1.0   19   9.8M   75  315  80%    10M |  99.9   n/a   1   27  1.26M    5    4  44%  81.9M    n/a  n/a
   2   58 |   7 1.0   19    10M   76  278  78%    10M |  99.9   ovl   1   27  3.03M   12    7  36%  81.9M   201n  n/a
   2   59 |   7 1.0   19    11M   73  283  79%    10M |  99.9   n/a   1   27  1.27M    5    8  61%  81.9M    n/a  n/a
   2   5a |   7 1.0   19    10M   81  297  78%    10M |  99.9   n/a   1   27  2.05M    8   11  57%  81.9M    n/a  n/a
   2   5b |   7 1.0    0      0    0    0   0%    10M |   n/a   n/a   1    0      0    0    0   0%  81.9M    n/a  n/a
   3   5c |   7 1.0   19   9.1M   87  293  77%    10M |  99.9   n/a   1   27  2.21M   11   10  47%  81.9M    n/a  n/a
   3   5d |   7 1.0   19   8.4M   73  297  80%    10M |  99.9   n/a   1   27  1.62M    8   11  57%  81.9M    n/a  n/a
   3   5e |   7 1.0   19   8.5M   83  314  79%    10M |  99.9   n/a   1   27  2.61M   13    7  35%  81.9M    n/a  n/a
   3   5f |   7 1.0   19   8.4M   77  331  81%    10M |  99.9   ovl   1   27  2.62M   13    6  31%  81.9M  -214n  n/a
   3   60 |   7 1.0   19   8.9M   92  280  75%    10M |  99.9   ovl   1   27  3.19M   16    5  23%  81.9M  -759n  n/a
   3   61 |   7 1.0   19   7.8M   88  331  78%    10M |  99.9   n/a   1   27  2.42M   12    8  40%  81.9M    n/a  n/a
   3   62 |   7 1.0   19   9.5M   85  264  75%    10M |  99.9   ovl   1   27  2.21M   11    7  38%  81.9M  -395n  n/a
   3   63 |   7 1.0    0      0    0    0   0%    10M |   n/a   n/a   1    0      0    0    0   0%  81.9M    n/a  n/a

          |--------------------DL---------------------|-------------------------------UL-----------------------------
 pci rnti | cqi  ri  mcs  brate   ok  nok  (%)  dl_bs | pusch  rsrp  ri  mcs  brate   ok  nok  (%)    bsr     ta  phr
   4   64 |   7 1.0   19   5.3M  120  588  83%    10M |  99.9   n/a   1   27   546k    7   18  72%  81.9M    n/a  n/a
   4   65 |   7 1.0   19   5.6M  116  580  83%    10M |  99.9   ovl   1   27  1.02M   13   15  53%  81.9M  -390n  n/a
   4   66 |   7 1.0   19   5.3M  117  694  85%    10M |  99.9   n/a   1   27   680k    9   14  60%  81.9M    n/a  n/a
   4   67 |   7 1.0   19   5.9M  124  615  83%    10M |  99.9   n/a   1   27   712k    9   18  66%  81.9M    n/a  n/a
   4   68 |   7 1.0   19   5.2M  108  738  87%    10M |  99.9   n/a   1   27   850k   11   13  54%  81.9M    n/a  n/a
   4   69 |   7 1.0   19   5.8M  126  533  80%    10M |  99.9   ovl   1   27   727k    9   22  70%  81.9M  -971n  n/a
   4   6a |   7 1.0   19   5.7M  127  653  83%    10M |  99.9   ovl   1   27  1.16M   16   17  51%  81.9M    65n  n/a
   4   6b |   7 1.0   19   5.7M  127  566  81%    10M |  99.9   n/a   1   27   604k    8   16  66%  81.9M    n/a  n/a
   0   44 |   7 1.0   19   8.7M  180  521  74%    10M |  99.9   ovl   1   27  1.40M   17   16  48%  81.9M  -651n  n/a
   0   45 |   7 1.0   19   8.7M  177  483  73%    10M |  99.9   ovl   1   27  1.35M   15   11  42%  81.9M  -982n  n/a
   0   46 |   7 1.0   19   8.0M  173  590  77%    10M |  99.9   ovl   1   27  1.35M   16   10  38%  81.9M  -116n  n/a
   0   47 |   7 1.0   19   8.7M  178  464  72%    10M |  99.9   ovl   1   27  1.69M   19   13  40%  81.9M  -685n  n/a
   0   48 |   7 1.0   19   7.9M  177  576  76%    10M |  99.9   ovl   1   27  1.81M   20    8  28%  81.9M  -540n  n/a
   0   49 |   7 1.0   19   9.0M  189  512  73%    10M |  99.9   ovl   1   27  1.97M   24    7  22%  81.9M  -651n  n/a
   0   4a |   7 1.0   19   8.3M  172  528  75%    10M |  99.9   ovl   1   27  1.50M   17   10  37%  81.9M   114n  n/a
   0   4b |   7 1.0   19   9.2M  182  483  72%    10M |  99.9   ovl   1   27  1.80M   21    8  27%  81.9M  -247n  n/a
   1   4c |   7 1.0   19    11M   82  214  72%    10M |  99.9   n/a   1   27  1.01M    4    5  55%  81.9M    n/a  n/a
   1   4d |   7 1.0   19    12M  100  228  69%    10M |  99.9   ovl   1   27  1.02M    4   10  71%  81.9M  -968n  n/a
   1   4e |   7 1.0   19    13M   92  207  69%    10M |  99.9   n/a   1   27  3.03M   12    3  20%  81.9M    n/a  n/a
   1   4f |   7 1.0   19    12M   91  291  76%    10M |  99.9   n/a   1   27   504k    2    6  75%  81.9M    n/a  n/a
   1   50 |   7 1.0   19    13M   94  181  65%    10M |  99.9   ovl   1   27  4.08M   16    8  33%  81.9M  -431n  n/a
   1   51 |   7 1.0   19    12M  101  239  70%    10M |  99.9   n/a   1   27  3.81M   15   14  48%  81.9M    n/a  n/a
   1   52 |   7 1.0   19    12M   92  217  70%    10M |  99.9   n/a   1   27  1.51M    6    8  57%  81.9M    n/a  n/a
   1   53 |   7 1.0    0      0    0    0   0%    10M |   n/a   n/a   1    0      0    0    0   0%  81.9M    n/a  n/a
   2   54 |   7 1.0   19    11M   83  322  79%    10M |  99.9   ovl   1   27   500k    2    9  81%  81.9M   365n  n/a
   2   55 |   7 1.0   19    12M   91  311  77%    10M |  99.9   n/a   1   27  1.79M    7   10  58%  81.9M    n/a  n/a
   2   56 |   7 1.0   19    12M   95  294  75%    10M |  99.9   n/a   1   27  1.26M    5    9  64%  81.9M    n/a  n/a
   2   57 |   7 1.0   19    11M   90  335  78%    10M |  99.9   n/a   1   27  3.06M   12    7  36%  81.9M    n/a  n/a
   2   58 |   7 1.0   19    11M   78  351  81%    10M |  99.9   ovl   1   27  1.52M    6    9  60%  81.9M  -151n  n/a
   2   59 |   7 1.0   19    11M   85  310  78%    10M |  99.9   ovl   1   27  3.27M   13    5  27%  81.9M    74n  n/a
   2   5a |   7 1.0   19    12M   88  318  78%    10M |  99.9   n/a   1   27  2.04M    8   10  55%  81.9M    n/a  n/a
   2   5b |   7 1.0    0      0    0    0   0%    10M |   n/a   n/a   1    0      0    0    0   0%  81.9M    n/a  n/a
   3   5c |   7 1.0   19   7.2M   66  351  84%    10M |  99.9   n/a   1   27   615k    3   11  78%  81.9M    n/a  n/a
   3   5d |   7 1.0   19   8.8M   87  286  76%    10M |  99.9   n/a   1   27  1.38M    7    6  46%  81.9M    n/a  n/a
   3   5e |   7 1.0   19   8.0M   76  344  81%    10M |  99.9   n/a   1   27  1.22M    6    9  60%  81.9M    n/a  n/a
   3   5f |   7 1.0   19   7.5M   70  320  82%    10M |  99.9   n/a   1   27   385k    2    8  80%  81.9M    n/a  n/a
   3   60 |   7 1.0   19   8.6M   81  278  77%    10M |  99.9   n/a   1   27  2.01M   10    7  41%  81.9M    n/a  n/a
   3   61 |   7 1.0   19   8.4M   83  334  80%    10M |  99.9   ovl   1   27  2.03M   10   10  50%  81.9M  -759n  n/a
   3   62 |   7 1.0   19   8.3M   74  303  80%    10M |  99.9   n/a   1   27   988k    5    7  58%  81.9M    n/a  n/a
   3   63 |   7 1.0    0      0    0    0   0%    10M |   n/a   n/a   1    0      0    0    0   0%  81.9M    n/a  n/a
   4   64 |   7 1.0   19   6.9M  164  620  79%    10M |  99.9   n/a   1   27   729k    9   14  60%  81.9M    n/a  n/a
   4   65 |   7 1.0   19   6.9M  144  516  78%    10M |  99.9   n/a   1   27  1.20M   16   10  38%  81.9M    n/a  n/a
   4   66 |   7 1.0   19   6.8M  145  653  81%    10M |  99.9   n/a   1   27  1.06M   15   14  48%  81.9M    n/a  n/a
   4   67 |   7 1.0   19   7.1M  148  508  77%    10M |  99.9   n/a   1   27  1.68M   22   10  31%  81.9M    n/a  n/a
   4   68 |   7 1.0   19   6.8M  163  617  79%    10M |  99.9   ovl   1   27  1.72M   23   12  34%  81.9M   879n  n/a
   4   69 |   7 1.0   19   7.0M  139  575  80%    10M |  99.9   n/a   1   27   947k   12   10  45%  81.9M    n/a  n/a
   4   6a |   7 1.0   19   7.1M  153  603  79%    10M |  99.9   n/a   1   27  1.69M   22   12  35%  81.9M    n/a  n/a
   4   6b |   7 1.0   19   6.7M  151  520  77%    10M |  99.9   n/a   1   27  1.19M   15   11  42%  81.9M    n/a  n/a
   0   44 |   7 1.0   19   7.8M  148  532  78%    10M |  99.9   ovl   1   27  2.11M   25   11  30%  81.9M  -346n  n/a
   0   45 |   7 1.0   19   7.6M  144  593  80%    10M |  99.9   ovl   1   27  2.04M   24   13  35%  81.9M  -575n  n/a
   0   46 |   7 1.0   19   8.2M  173  505  74%    10M |  99.9   ovl   1   27  2.39M   27   14  34%  81.9M  -422n  n/a
   0   47 |   7 1.0   19   6.4M  113  573  83%    10M |  99.9   ovl   1   27  2.45M   28   11  28%  81.9M  -603n  n/a
   0   48 |   7 1.0   19   8.1M  162  534  76%    10M |  99.9   ovl   1   27  1.96M   22   13  37%  81.9M  -704n  n/a
   0   49 |   7 1.0   19   7.1M  136  613  81%    10M |  99.9   ovl   1   27  2.14M   26   14  35%  81.9M  -314n  n/a
   0   4a |   7 1.0   19   7.6M  170  625  78%    10M |  99.9   ovl   1   27  1.79M   21   16  43%  81.9M  -406n  n/a
   0   4b |   7 1.0   19   7.0M  134  603  81%    10M |  99.9   ovl   1   27  1.76M   21   14  40%  81.9M  -322n  n/a
   1   4c |   7 1.0   19    11M   80  267  76%    10M |  99.9   n/a   1   27  1.51M    6    8  57%  81.9M    n/a  n/a
   1   4d |   7 1.0   19    12M   86  285  76%    10M |  99.9   ovl   1   27  2.79M   11    8  42%  81.9M   409n  n/a
   1   4e |   7 1.0   19    13M   98  229  70%    10M |  99.9   n/a   1   27  1.52M    6    6  50%  81.9M    n/a  n/a
   1   4f |   7 1.0   19    12M   86  278  76%    10M |  99.9   n/a   1   27  2.52M   10    9  47%  81.9M    n/a  n/a
   1   50 |   7 1.0   19    13M   98  266  73%    10M |  99.9   ovl   1   27  3.31M   13    6  31%  81.9M  -242n  n/a
   1   51 |   7 1.0   19    11M   74  271  78%    10M |  99.9   ovl   1   27  3.28M   13   10  43%  81.9M  -968n  n/a
   1   52 |   7 1.0   19    11M   81  313  79%    10M |  99.9   ovl   1   27  1.27M    5    4  44%  81.9M  -968n  n/a
   1   53 |   7 1.0    0      0    0    0   0%    10M |   n/a   n/a   1    0      0    0    0   0%  81.9M    n/a  n/a
   2   54 |   7 1.0   19    11M   72  353  83%    10M |  99.9   n/a   1   27  1.01M    4    8  66%  81.9M    n/a  n/a
   2   55 |   7 1.0   19    11M   77  389  83%    10M |  99.9   n/a   1   27  1.77M    7    6  46%  81.9M    n/a  n/a
   2   56 |   7 1.0   19    10M   68  349  83%    10M |  99.9   n/a   1   27  2.29M    9    6  40%  81.9M    n/a  n/a
   2   57 |   7 1.0   19    11M   79  394  83%    10M |  99.9   n/a   1   27  1.27M    5    8  61%  81.9M    n/a  n/a
   2   58 |   7 1.0   19    10M   72  410  85%    10M |  99.9   n/a   1   27  2.29M    9   12  57%  81.9M    n/a  n/a
   2   59 |   7 1.0   19    10M   73  404  84%    10M |  99.9   n/a   1   27  1.52M    6    9  60%  81.9M    n/a  n/a
   2   5a |   7 1.0   19    11M   72  387  84%    10M |  99.9   n/a   1   27  2.30M    9   11  55%  81.9M    n/a  n/a
   2   5b |   7 1.0    0      0    0    0   0%    10M |   n/a   n/a   1    0      0    0    0   0%  81.9M    n/a  n/a
   3   5c |   7 1.0   19   7.9M   71  403  85%    10M |  99.9   ovl   1   27  1.79M    9    7  43%  81.9M  -249n  n/a
   3   5d |   7 1.0   19   8.4M   89  394  81%    10M |  99.9   n/a   1   27   586k    3    7  70%  81.9M    n/a  n/a
   3   5e |   7 1.0   19   7.8M   73  403  84%    10M |  99.9   ovl   1   27  1.40M    7    3  30%  81.9M  -759n  n/a
   3   5f |   7 1.0   19   7.9M   82  367  81%    10M |  99.9   n/a   1   27   980k    5    8  61%  81.9M    n/a  n/a
   3   60 |   7 1.0   19   8.2M   68  410  85%    10M |  99.9   n/a   1   27   803k    4    8  66%  81.9M    n/a  n/a
   3   61 |   7 1.0   19   8.3M   84  371  81%    10M |  99.9   ovl   1   27  1.60M    8    8  50%  81.9M  -759n  n/a
   3   62 |   7 1.0   19   8.3M   76  422  84%    10M |  99.9   ovl   1   27  1.57M    8    9  52%  81.9M   698n  n/a
   3   63 |   7 1.0    0      0    0    0   0%    10M |   n/a   n/a   1    0      0    0    0   0%  81.9M    n/a  n/a
   4   64 |   7 1.0   19   7.3M  169  586  77%    10M |  99.9   ovl   1   27  1.90M   23   10  30%  81.9M    21n  n/a
   4   65 |   7 1.0   19   7.1M  151  577  79%    10M |  99.9   ovl   1   27  1.39M   19   11  36%  81.9M  -389n  n/a
   4   66 |   7 1.0   19   7.1M  156  589  79%    10M |  99.9   ovl   1   27  1.37M   16   16  50%  81.9M    40n  n/a
   4   67 |   7 1.0   19   7.1M  152  536  77%    10M |  99.9   ovl   1   27  1.55M   20   12  37%  81.9M  -659n  n/a
   4   68 |   7 1.0   19   7.2M  154  616  80%    10M |  99.9   ovl   1   27  1.91M   24    9  27%  81.9M   307n  n/a
   4   69 |   7 1.0   19   7.0M  149  545  78%    10M |  99.9   ovl   1   27  1.34M   17   13  43%  81.9M  -259n  n/a
   4   6a |   7 1.0   19   7.3M  163  598  78%    10M |  99.9   ovl   1   27  1.30M   18   12  40%  81.9M  -223n  n/a
   4   6b |   7 1.0   19   7.0M  148  536  78%    10M |  99.9   ovl   1   27  1.70M   23   12  34%  81.9M  -784n  n/a

          |--------------------DL---------------------|-------------------------------UL-----------------------------
 pci rnti | cqi  ri  mcs  brate   ok  nok  (%)  dl_bs | pusch  rsrp  ri  mcs  brate   ok  nok  (%)    bsr     ta  phr
   0   44 |   7 1.0   19   7.9M  166  662  79%    10M |  99.9   n/a   1   27  1.68M   19   10  34%  81.9M    n/a  n/a
   0   45 |   7 1.0   19   8.5M  154  515  76%    10M |  99.9   ovl   1   27  1.52M   17   16  48%  81.9M  -592n  n/a
   0   46 |   7 1.0   19   8.9M  194  518  72%    10M |  99.9   ovl   1   27  1.62M   18   14  43%  81.9M  -277n  n/a
   0   47 |   7 1.0   19   8.7M  165  511  75%    10M |  99.9   ovl   1   27  1.69M   20   17  45%  81.9M  -793n  n/a
   0   48 |   7 1.0   19   8.6M  176  509  74%    10M |  99.9   ovl   1   27  1.94M   22   15  40%  81.9M   150n  n/a
   0   49 |   7 1.0   19   8.6M  158  516  76%    10M |  99.9   ovl   1   27  1.90M   20   11  35%  81.9M   580n  n/a
   0   4a |   7 1.0   19   8.1M  174  610  77%    10M |  99.9   ovl   1   27  1.61M   19   14  42%  81.9M  -602n  n/a
   0   4b |   7 1.0   19   8.1M  158  539  77%    10M |  99.9   ovl   1   27  1.75M   20   12  37%  81.9M  -401n  n/a
   1   4c |   7 1.0   19    11M   86  326  79%    10M |  99.9   ovl   1   27  4.32M   17    8  32%  81.9M   409n  n/a
   1   4d |   7 1.0   19    12M   95  244  71%    10M |  99.9   n/a   1   27  1.27M    5    5  50%  81.9M    n/a  n/a
   1   4e |   7 1.0   19    13M   94  225  70%    10M |  99.9   n/a   1   27  2.49M   10    8  44%  81.9M    n/a  n/a
   1   4f |   7 1.0   19    13M   99  237  70%    10M |  99.9   ovl   1   27  1.27M    5    5  50%  81.9M  -431n  n/a
   1   50 |   7 1.0   19    11M   90  282  75%    10M |  99.9   n/a   1   27  1.23M    5    5  50%  81.9M    n/a  n/a
   1   51 |   7 1.0   19    13M  102  247  70%    10M |  99.9   n/a   1   27  2.02M    8    7  46%  81.9M    n/a  n/a
   1   52 |   7 1.0   19    13M  103  224  68%    10M |  99.9   n/a   1   27  4.30M   17   11  39%  81.9M    n/a  n/a
   1   53 |   7 1.0    0      0    0    0   0%    10M |   n/a   n/a   1    0      0    0    0   0%  81.9M    n/a  n/a
   2   54 |   7 1.0   19   9.5M   76  435  85%    10M |  99.9   n/a   1   27   254k    1    5  83%  81.9M    n/a  n/a
   2   55 |   7 1.0   19    10M   67  411  85%    10M |  99.9   n/a   1   27  2.01M    8    8  50%  81.9M    n/a  n/a
   2   56 |   7 1.0   19    10M   76  393  83%    10M |  99.9   n/a   1   27   258k    1   11  91%  81.9M    n/a  n/a
   2   57 |   7 1.0   19   9.8M   67  373  84%    10M |  99.9   n/a   1   27  1.00M    4    9  69%  81.9M    n/a  n/a
   2   58 |   7 1.0   19   9.1M   70  447  86%    10M |  99.9   n/a   1   27  1.28M    5    9  64%  81.9M    n/a  n/a
   2   59 |   7 1.0   19   9.9M   74  383  83%    10M |  99.9   n/a   1   27  2.28M    9    7  43%  81.9M    n/a  n/a
   2   5a |   7 1.0   19    11M   74  464  86%    10M |  99.9   n/a   1   27  2.27M    9   11  55%  81.9M    n/a  n/a
   2   5b |   7 1.0    0      0    0    0   0%    10M |   n/a   n/a   1    0      0    0    0   0%  81.9M    n/a  n/a
   3   5c |   7 1.0   19   8.4M   79  343  81%    10M |  99.9   n/a   1   27   205k    1    5  83%  81.9M    n/a  n/a
   3   5d |   7 1.0   19   8.2M   78  371  82%    10M |  99.9   n/a   1   27  2.96M   15    8  34%  81.9M    n/a  n/a
   3   5e |   7 1.0   19   8.6M   84  302  78%    10M |  99.9   n/a   1   27   193k    1   10  90%  81.9M    n/a  n/a
   3   5f |   7 1.0   19   8.1M   79  335  80%    10M |  99.9   n/a   1   27  1.80M    9    9  50%  81.9M    n/a  n/a
   3   60 |   7 1.0   19   8.0M   83  375  81%    10M |  99.9   n/a   1   27  1.97M   10   11  52%  81.9M    n/a  n/a
   3   61 |   7 1.0   19   8.1M   78  329  80%    10M |   n/a   n/a   1   27      0    0    1 100%  81.9M    n/a  n/a
   3   62 |   7 1.0   19   8.7M   89  334  78%    10M |  99.9   ovl   1   27  2.41M   12    7  36%  81.9M  -469n  n/a
   3   63 |   7 1.0    0      0    0    0   0%    10M |   n/a   n/a   1    0      0    0    0   0%  81.9M    n/a  n/a
   4   64 |   7 1.0   19   7.3M  158  611  79%    10M |  99.9   ovl   1   27  2.35M   30    6  16%  81.9M   340n  n/a
   4   65 |   7 1.0   19   7.5M  154  526  77%    10M |  99.9   ovl   1   27  1.44M   19   16  45%  81.9M  -538n  n/a
   4   66 |   7 1.0   19   8.4M  196  470  70%    10M |  99.9   ovl   1   27  1.98M   25   15  37%  81.9M   -71n  n/a
   4   67 |   7 1.0   19   7.4M  154  495  76%    10M |  99.9   n/a   1   27  1.35M   19   11  36%  81.9M    n/a  n/a
   4   68 |   7 1.0   19   8.1M  185  547  74%    10M |  99.9   n/a   1   27  1.60M   19    9  32%  81.9M    n/a  n/a
   4   69 |   7 1.0   19   7.2M  146  528  78%    10M |  99.9   ovl   1   27  1.77M   24   14  36%  81.9M  -324n  n/a
   4   6a |   7 1.0   19   8.3M  200  574  74%    10M |  99.9   ovl   1   27  1.54M   20   15  42%  81.9M  -402n  n/a
   4   6b |   7 1.0   19   7.3M  153  510  76%    10M |  99.9   ovl   1   27  2.43M   32   10  23%  81.9M  -487n  n/a
   0   44 |   7 1.0   19   9.2M  180  533  74%    10M |  99.9   ovl   1   27  2.43M   28   14  33%  81.9M  -646n  n/a
   0   45 |   7 1.0   19   8.9M  166  578  77%    10M |  99.9   ovl   1   27  2.53M   29    9  23%  81.9M  -332n  n/a
   0   46 |   7 1.0   19   9.5M  184  470  71%    10M |  99.9   ovl   1   27  2.33M   28   10  26%  81.9M  -268n  n/a
   0   47 |   7 1.0   19   8.6M  170  534  75%    10M |  99.9   ovl   1   27  2.79M   31    8  20%  81.9M  -202n  n/a
   0   48 |   7 1.0   19   8.7M  194  614  75%    10M |  99.9   ovl   1   27  2.04M   25   11  30%  81.9M  -398n  n/a
   0   49 |   7 1.0   19   8.5M  159  482  75%    10M |  99.9   ovl   1   27  2.43M   28   11  28%  81.9M  -384n  n/a
   0   4a |   7 1.0   19   8.8M  191  660  77%    10M |  99.9   ovl   1   27  2.81M   33   10  23%  81.9M  -715n  n/a
   0   4b |   7 1.0   19   9.0M  168  556  76%    10M |  99.9   ovl   1   27  2.17M   24   13  35%  81.9M  -679n  n/a
   1   4c |   7 1.0   19   6.0M   43  478  91%    10M |  99.9   n/a   1   27   992k    4    9  69%  81.9M    n/a  n/a
   1   4d |   7 1.0   19   9.0M   99  419  80%    10M |  99.9   ovl   1   27  2.00M    8    4  33%  81.9M   692n  n/a
   1   4e |   7 1.0   19   6.8M   60  442  88%    10M |  99.9   ovl   1   27  1.50M    6    9  60%  81.9M   484n  n/a
   1   4f |   7 1.0   19   8.4M   80  375  82%    10M |  99.9   ovl   1   27  1.25M    5    9  64%  81.9M   484n  n/a
   1   50 |   7 1.0   19   6.8M   66  409  86%    10M |  99.9   n/a   1   27   742k    3    6  66%  81.9M    n/a  n/a
   1   51 |   7 1.0   19   8.3M   86  395  82%    10M |  99.9   n/a   1   27  1.50M    6   12  66%  81.9M    n/a  n/a
   1   52 |   7 1.0   19   7.6M   71  430  85%    10M |  99.9   n/a   1   27   246k    1    8  88%  81.9M    n/a  n/a
   1   53 |   7 1.0    0      0    0    0   0%    10M |   n/a   n/a   1    0      0    0    0   0%  81.9M    n/a  n/a
   2   54 |   7 1.0   19    12M  101  384  79%    10M |  99.9   ovl   1   27  2.29M    9    5  35%  81.9M   846n  n/a
   2   55 |   7 1.0   19    11M   79  416  84%    10M |  99.9   n/a   1   27  1.78M    7    7  50%  81.9M    n/a  n/a
   2   56 |   7 1.0   19    11M   93  374  80%    10M |  99.9   ovl   1   27  2.78M   11    5  31%  81.9M   -77n  n/a
   2   57 |   7 1.0   19    10M   72  432  85%    10M |  99.9   ovl   1   27  1.77M    7    6  46%  81.9M  -293n  n/a
   2   58 |   7 1.0   19    12M   97  386  79%    10M |  99.9   n/a   1   27  2.27M    9    5  35%  81.9M    n/a  n/a
   2   59 |   7 1.0   19    10M   77  411  84%    10M |  99.9   ovl   1   27  2.27M    9    7  43%  81.9M  -293n  n/a
   2   5a |   7 1.0   19    11M   92  376  80%    10M |  99.9   ovl   1   27  2.27M    9    3  25%  81.9M   358n  n/a
   2   5b |   7 1.0    0      0    0    0   0%    10M |   n/a   n/a   1    0      0    0    0   0%  81.9M    n/a  n/a
   3   5c |   7 1.0   19   5.9M   66  531  88%    10M |  99.9   ovl   1   27   402k    2    8  80%  81.9M  -221n  n/a
   3   5d |   7 1.0   19   5.5M   55  501  90%    10M |  99.9   ovl   1   27   590k    3   10  76%  81.9M   508n  n/a
   3   5e |   7 1.0   19   5.8M   54  544  90%    10M |  99.9   n/a   1   27   389k    2    6  75%  81.9M    n/a  n/a
   3   5f |   7 1.0   19   5.5M   51  527  91%    10M |  99.9   ovl   1   27   795k    4   10  71%  81.9M   332n  n/a
   3   60 |   7 1.0   19   5.4M   49  544  91%    10M |  99.9   ovl   1   27   406k    2    9  81%  81.9M  -759n  n/a
   3   61 |   7 1.0   19   5.5M   50  485  90%    10M |  99.9   ovl   1   27   980k    5    8  61%  81.9M   699n  n/a
   3   62 |   7 1.0   19   5.6M   60  531  89%    10M |  99.9   ovl   1   27   803k    4    5  55%  81.9M  -214n  n/a
   3   63 |   7 1.0    0      0    0    0   0%    10M |   n/a   n/a   1    0      0    0    0   0%  81.9M    n/a  n/a
   4   64 |   7 1.0   19   7.5M  172  514  74%    10M |  99.9   n/a   1   27  1.18M   16   17  51%  81.9M    n/a  n/a
   4   65 |   7 1.0   19   7.4M  162  546  77%    10M |  99.9   ovl   1   27  2.37M   31   10  24%  81.9M  -460n  n/a
   4   66 |   7 1.0   19   8.1M  189  490  72%    10M |  99.9   ovl   1   27  1.77M   23   14  37%  81.9M    54n  n/a
   4   67 |   7 1.0   19   7.7M  160  554  77%    10M |  99.9   ovl   1   27  2.18M   28   11  28%  81.9M  -310n  n/a
   4   68 |   7 1.0   19   8.1M  180  491  73%    10M |  99.9   ovl   1   27  2.24M   30   12  28%  81.9M  -543n  n/a
   4   69 |   7 1.0   19   7.8M  170  513  75%    10M |  99.9   n/a   1   27  1.47M   20   10  33%  81.9M    n/a  n/a
   4   6a |   7 1.0   19   7.7M  175  595  77%    10M |  99.9   ovl   1   27  1.45M   18   11  37%  81.9M  -548n  n/a
   4   6b |   7 1.0   19   8.0M  168  477  73%    10M |  99.9   ovl   1   27  1.96M   27   12  30%  81.9M  -309n  n/a
   0   44 |   7 1.0   19   7.5M  154  653  80%    10M |  99.9   ovl   1   27  1.08M   13   18  58%  81.9M  -792n  n/a
   0   45 |   7 1.0   19   7.6M  146  495  77%    10M |  99.9   ovl   1   27  1.69M   18   13  41%  81.9M   313n  n/a
   0   46 |   7 1.0   19   7.4M  146  565  79%    10M |  99.9   ovl   1   27  1.84M   20   13  39%  81.9M   111n  n/a
   0   47 |   7 1.0   19   7.2M  135  567  80%    10M |  99.9   ovl   1   27  1.17M   14   17  54%  81.9M  -651n  n/a
   0   48 |   7 1.0   19   7.8M  159  578  78%    10M |  99.9   ovl   1   27  2.17M   24    6  20%  81.9M  -738n  n/a
   0   49 |   7 1.0   19   7.4M  135  534  79%    10M |  99.9   ovl   1   27  1.43M   17   11  39%  81.9M  -378n  n/a
   0   4a |   7 1.0   19   7.7M  159  665  80%    10M |  99.9   ovl   1   27  1.38M   14   13  48%  81.9M  -983n  n/a
   0   4b |   7 1.0   19   7.4M  137  574  80%    10M |  99.9   ovl   1   27  1.02M   12   17  58%  81.9M  -701n  n/a

          |--------------------DL---------------------|-------------------------------UL-----------------------------
 pci rnti | cqi  ri  mcs  brate   ok  nok  (%)  dl_bs | pusch  rsrp  ri  mcs  brate   ok  nok  (%)    bsr     ta  phr
   1   4c |   7 1.0   19   7.5M   56  512  90%    10M |  99.9   ovl   1   27  2.01M    8    9  52%  81.9M   447n  n/a
   1   4d |   7 1.0   19   8.2M   54  444  89%    10M |  99.9   ovl   1   27   262k    1    9  90%  81.9M  -968n  n/a
   1   4e |   7 1.0   19   8.4M   68  449  86%    10M |  99.9   ovl   1   27  1.00M    4    8  66%  81.9M   900n  n/a
   1   4f |   7 1.0   19   8.4M   63  439  87%    10M |  99.9   ovl   1   27  1.54M    6    7  53%  81.9M  -968n  n/a
   1   50 |   7 1.0   19   8.5M   65  445  87%    10M |  99.9   ovl   1   27   508k    2   10  83%  81.9M  -279n  n/a
   1   51 |   7 1.0   19   8.2M   61  436  87%    10M |  99.9   ovl   1   27   250k    1    8  88%  81.9M   409n  n/a
   1   52 |   7 1.0   19   9.0M   63  463  88%    10M |  99.9   ovl   1   27  1.01M    4    9  69%  81.9M   114n  n/a
   1   53 |   7 1.0    0      0    0    0   0%    10M |   n/a   n/a   1    0      0    0    0   0%  81.9M    n/a  n/a
   2   54 |   7 1.0   19   9.2M   65  431  86%    10M |  99.9   n/a   1   27  1.01M    4    7  63%  81.9M    n/a  n/a
   2   55 |   7 1.0   19   9.6M   73  405  84%    10M |  99.9   n/a   1   27  2.01M    8   11  57%  81.9M    n/a  n/a
   2   56 |   7 1.0   19  10.0M   73  410  84%    10M |  99.9   n/a   1   27   500k    2    8  80%  81.9M    n/a  n/a
   2   57 |   7 1.0   19   9.5M   73  394  84%    10M |  99.9   ovl   1   27  1.78M    7    8  53%  81.9M    74n  n/a
   2   58 |   7 1.0   19   9.2M   73  435  85%    10M |  99.9   n/a   1   27  1.51M    6    9  60%  81.9M    n/a  n/a
   2   59 |   7 1.0   19   9.4M   76  392  83%    10M |  99.9   ovl   1   27  1.77M    7    8  53%  81.9M  -660n  n/a
   2   5a |   7 1.0   19    10M   76  397  83%    10M |  99.9   n/a   1   27  1.78M    7    9  56%  81.9M    n/a  n/a
   2   5b |   7 1.0    0      0    0    0   0%    10M |   n/a   n/a   1    0      0    0    0   0%  81.9M    n/a  n/a
   3   5c |   7 1.0   19   6.1M   55  536  90%    10M |  99.9   n/a   1   27   197k    1    6  85%  81.9M    n/a  n/a
   3   5d |   7 1.0   19   5.8M   54  485  89%    10M |  99.9   ovl   1   27   394k    2   11  84%  81.9M   317n  n/a
   3   5e |   7 1.0   19   5.7M   50  456  90%    10M |  99.9   n/a   1   27   984k    5   11  68%  81.9M    n/a  n/a
   3   5f |   7 1.0   19   6.1M   59  501  89%    10M |  99.9   ovl   1   27  1.21M    6    8  57%  81.9M   699n  n/a
   3   60 |   7 1.0   19   6.2M   56  503  89%    10M |  99.9   ovl   1   27  1.19M    6    9  60%  81.9M  -759n  n/a
   3   61 |   7 1.0   19   6.3M   63  495  88%    10M |  99.9   n/a   1   27   197k    1    7  87%  81.9M    n/a  n/a
   3   62 |   7 1.0   19   5.8M   47  531  91%    10M |  99.9   n/a   1   27  1.00M    5    8  61%  81.9M    n/a  n/a
   3   63 |   7 1.0    0      0    0    0   0%    10M |   n/a   n/a   1    0      0    0    0   0%  81.9M    n/a  n/a
   4   64 |   7 1.0   19   7.6M  174  611  77%    10M |  99.9   ovl   1   27  1.48M   19   15  44%  81.9M  -548n  n/a
   4   65 |   7 1.0   19   7.3M  154  506  76%    10M |  99.9   ovl   1   27  1.65M   22   11  33%  81.9M  -211n  n/a
   4   66 |   7 1.0   19   7.5M  177  583  76%    10M |  99.9   ovl   1   27  1.51M   20   15  42%  81.9M  -288n  n/a
   4   67 |   7 1.0   19   7.3M  148  501  77%    10M |  99.9   ovl   1   27  1.33M   18   19  51%  81.9M  -257n  n/a
   4   68 |   7 1.0   19   7.3M  165  583  77%    10M |  99.9   ovl   1   27  1.27M   16   17  51%  81.9M  -520n  n/a
   4   69 |   7 1.0   19   7.3M  145  561  79%    10M |  99.9   ovl   1   27  1.39M   18   15  45%  81.9M  -428n  n/a
   4   6a |   7 1.0   19   7.6M  176  624  78%    10M |  99.9   ovl   1   27  1.27M   16   12  42%  81.9M   -42n  n/a
   4   6b |   7 1.0   19   7.1M  153  479  75%    10M |  99.9   ovl   1   27  1.24M   15   13  46%  81.9M  -423n  n/a
   0   44 |   7 1.0   19   7.3M  145  619  81%    10M |  99.9   ovl   1   27  1.85M   21   10  32%  81.9M  -426n  n/a
   0   45 |   7 1.0   19   7.2M  131  575  81%    10M |  99.9   ovl   1   27  1.58M   16    8  33%  81.9M  -640n  n/a
   0   46 |   7 1.0   19   7.3M  145  610  80%    10M |  99.9   ovl   1   27  1.88M   21   12  36%  81.9M  -575n  n/a
   0   47 |   7 1.0   19   7.5M  134  508  79%    10M |  99.9   ovl   1   27  2.03M   21    6  22%  81.9M   329n  n/a
   0   48 |   7 1.0   19   7.8M  160  606  79%    10M |  99.9   ovl   1   27  1.46M   17   11  39%  81.9M  -858n  n/a
   0   49 |   7 1.0   19   7.5M  140  558  79%    10M |  99.9   ovl   1   27  2.44M   26    9  25%  81.9M  -174n  n/a
   0   4a |   7 1.0   19   7.4M  141  673  82%    10M |  99.9   ovl   1   27  1.66M   19   11  36%  81.9M  -393n  n/a
   0   4b |   7 1.0   19   7.2M  131  537  80%    10M |  99.9   ovl   1   27  1.52M   16    8  33%  81.9M  -664n  n/a
   1   4c |   7 1.0   19   9.7M   71  383  84%    10M |  99.9   n/a   1   27   762k    3    5  62%  81.9M    n/a  n/a
   1   4d |   7 1.0   19    10M   75  475  86%    10M |  99.9   n/a   1   27  1.01M    4    7  63%  81.9M    n/a  n/a
   1   4e |   7 1.0   19   9.3M   61  514  89%    10M |  99.9   n/a   1   27  1.51M    6    3  33%  81.9M    n/a  n/a
   1   4f |   7 1.0   19   9.7M   71  444  86%    10M |  99.9   n/a   1   27  1.52M    6    7  53%  81.9M    n/a  n/a
   1   50 |   7 1.0   19   9.2M   71  447  86%    10M |  99.9   ovl   1   27  1.00M    4    7  63%  81.9M   484n  n/a
   1   51 |   7 1.0   19   9.3M   70  451  86%    10M |  99.9   n/a   1   27  2.01M    8    6  42%  81.9M    n/a  n/a
   1   52 |   7 1.0   19    10M   79  415  84%    10M |  99.9   n/a   1   27   770k    3    7  70%  81.9M    n/a  n/a
   1   53 |   7 1.0    0      0    0    0   0%    10M |   n/a   n/a   1    0      0    0    0   0%  81.9M    n/a  n/a
   2   54 |   7 1.0   19    12M   88  258  74%    10M |  99.9   ovl   1   27  4.07M   17    7  29%  81.9M    64n  n/a
   2   55 |   7 1.0   19    12M   77  285  78%    10M |  99.9   ovl   1   27  5.34M   21    4  16%  81.9M    87n  n/a
   2   56 |   7 1.0   19    12M   82  310  79%    10M |  89.0   ovl   1   27  3.57M   14    9  39%  81.9M  -112n  n/a
   2   57 |   7 1.0   19    11M   80  325  80%    10M |  99.9   ovl   1   27  3.05M   12    5  29%  81.9M  -660n  n/a
   2   58 |   7 1.0   19    12M   86  306  78%    10M |  99.9   ovl   1   27  4.07M   17    8  32%  81.9M  -660n  n/a
   2   59 |   7 1.0   19    12M   85  350  80%    10M |  99.9   ovl   1   27  4.07M   16    3  15%  81.9M   461n  n/a
   2   5a |   7 1.0   19    13M   98  306  75%    10M |  91.7   ovl   1   27  4.83M   19   10  34%  81.9M    68n  n/a
   2   5b |   7 1.0    0      0    0    0   0%    10M |   n/a   n/a   1    0      0    0    0   0%  81.9M    n/a  n/a
   3   5c |   7 1.0   19    11M  100  357  78%    10M |  90.8   ovl   1   27  3.39M   17    9  34%  81.9M   202n  n/a
   3   5d |   7 1.0   19    11M   92  312  77%    10M |  99.9   ovl   1   27  2.40M   12    6  33%  81.9M  -221n  n/a
   3   5e |   7 1.0   19    11M   99  336  77%    10M |  99.9   ovl   1   27  3.00M   15    9  37%  81.9M   -58n  n/a
   3   5f |   7 1.0   19    11M   97  339  77%    10M |  99.9   ovl   1   27  2.21M   11    6  35%  81.9M    91n  n/a
   3   60 |   7 1.0   19    11M   91  345  79%    10M |  99.9   ovl   1   27  2.81M   16    7  30%  81.9M   281n  n/a
   3   61 |   7 1.0   19    11M   93  326  77%    10M |  99.9   ovl   1   27  1.62M    8   10  55%  81.9M   -34n  n/a
   3   62 |   7 1.0   19    11M   92  350  79%    10M |  83.4   ovl   1   27  1.81M    9    8  47%  81.9M  -326n  n/a
   3   63 |   7 1.0    0      0    0    0   0%    10M |   n/a   n/a   1    0      0    0    0   0%  81.9M    n/a  n/a
   4   64 |   7 1.0   19   6.3M  150  641  81%    10M |  99.9   ovl   1   27  1.11M   15   15  50%  81.9M  -489n  n/a
   4   65 |   7 1.0   19   6.0M  132  562  80%    10M |  99.9   n/a   1   27   992k   13   13  50%  81.9M    n/a  n/a
   4   66 |   7 1.0   19   5.9M  128  662  83%    10M |  99.9   n/a   1   27  1.27M   16   14  46%  81.9M    n/a  n/a
   4   67 |   7 1.0   19   6.2M  128  574  81%    10M |  99.9   n/a   1   27  1.33M   16   14  46%  81.9M    n/a  n/a
   4   68 |   7 1.0   19   6.2M  136  659  82%    10M |  99.9   ovl   1   27   875k   12   13  52%  81.9M  -474n  n/a
   4   69 |   7 1.0   19   6.2M  129  531  80%    10M |  99.9   n/a   1   27  1.24M   16   15  48%  81.9M    n/a  n/a
   4   6a |   7 1.0   19   6.0M  140  656  82%    10M |  99.9   n/a   1   27  1.44M   17   15  46%  81.9M    n/a  n/a
   4   6b |   7 1.0   19   6.1M  129  557  81%    10M |  99.9   ovl   1   27  1.45M   18   13  41%  81.9M  -351n  n/a
   0   44 |   7 1.0   19   7.9M  152  550  78%    10M |  99.9   ovl   1   27  1.80M   21    9  30%  81.9M  -730n  n/a
   0   45 |   7 1.0   19   7.2M  144  534  78%    10M |  99.9   ovl   1   27  2.01M   24   10  29%  81.9M   336n  n/a
   0   46 |   7 1.0   19   7.9M  157  612  79%    10M |  99.9   ovl   1   27  1.70M   20   18  47%  81.9M  -765n  n/a
   0   47 |   7 1.0   19   7.8M  135  480  78%    10M |  99.9   ovl   1   27  1.45M   16   15  48%  81.9M  -676n  n/a
   0   48 |   7 1.0   19   8.1M  154  519  77%    10M |  99.9   ovl   1   27  1.93M   23   16  41%  81.9M   329n  n/a
   0   49 |   7 1.0   19   7.7M  138  559  80%    10M |  99.9   ovl   1   27  1.68M   21   15  41%  81.9M  -255n  n/a
   0   4a |   7 1.0   19   7.8M  147  594  80%    10M |  99.9   ovl   1   27  1.12M   12   14  53%  81.9M  -506n  n/a
   0   4b |   7 1.0   19   7.8M  146  530  78%    10M |  99.9   ovl   1   27  1.84M   23   15  39%  81.9M  -188n  n/a
   1   4c |   7 1.0   19    10M   89  377  80%    10M |  99.9   n/a   1   27  1.78M    7    7  50%  81.9M    n/a  n/a
   1   4d |   7 1.0   19   8.6M   67  440  86%    10M |  99.9   ovl   1   27  2.54M   10    7  41%  81.9M    13n  n/a
   1   4e |   7 1.0   19   8.5M   67  425  86%    10M |  99.9   ovl   1   27  2.55M   10    9  47%  81.9M   472n  n/a
   1   4f |   7 1.0   19   8.3M   68  413  85%    10M |  99.9   ovl   1   27  1.54M    6    7  53%  81.9M  -279n  n/a
   1   50 |   7 1.0   19   8.7M   77  384  83%    10M |  99.9   ovl   1   27  2.03M    8    8  50%  81.9M   655n  n/a
   1   51 |   7 1.0   19   7.7M   56  457  89%    10M |  99.9   n/a   1   27  2.06M    8    8  50%  81.9M    n/a  n/a
   1   52 |   7 1.0   19   8.5M   79  454  85%    10M |  99.9   ovl   1   27  2.03M    8    9  52%  81.9M  -355n  n/a
   1   53 |   7 1.0    0      0    0    0   0%    10M |   n/a   n/a   1    0      0    0    0   0%  81.9M    n/a  n/a

          |--------------------DL---------------------|-------------------------------UL-----------------------------
 pci rnti | cqi  ri  mcs  brate   ok  nok  (%)  dl_bs | pusch  rsrp  ri  mcs  brate   ok  nok  (%)    bsr     ta  phr
   2   54 |   7 1.0   19    11M  100  364  78%    10M |  99.9   ovl   1   27  1.00M    4    7  63%  81.9M  -659n  n/a
   2   55 |   7 1.0   19    11M   81  320  79%    10M |  99.9   ovl   1   27  1.74M    7    6  46%  81.9M  -660n  n/a
   2   56 |   7 1.0   19    11M   87  319  78%    10M |  99.9   ovl   1   27  2.27M    9    9  50%  81.9M  -293n  n/a
   2   57 |   7 1.0   19    11M   94  338  78%    10M |  99.9   n/a   1   27  1.76M    7    5  41%  81.9M    n/a  n/a
   2   58 |   7 1.0   19    10M   98  366  78%    10M |  99.9   ovl   1   27  3.04M   12    3  20%  81.9M  -660n  n/a
   2   59 |   7 1.0   19    12M   94  362  79%    10M |  99.9   n/a   1   27  1.75M    7    3  30%  81.9M    n/a  n/a
   2   5a |   7 1.0   19    11M   80  343  81%    10M |  99.9   ovl   1   27  3.01M   12    6  33%  81.9M  -292n  n/a
   2   5b |   7 1.0    0      0    0    0   0%    10M |   n/a   n/a   1    0      0    0    0   0%  81.9M    n/a  n/a
   3   5c |   7 1.0   19    12M  100  269  72%    10M |  99.9   ovl   1   27  3.37M   17    6  26%  81.9M    82n  n/a
   3   5d |   7 1.0   19    13M  109  222  67%    10M |  99.9   ovl   1   27  2.60M   13    2  13%  81.9M   577n  n/a
   3   5e |   7 1.0   19    13M  101  235  69%    10M |  99.9   ovl   1   27  3.79M   19    7  26%  81.9M    88n  n/a
   3   5f |   7 1.0   19    13M  110  235  68%    10M |  99.9   ovl   1   27  2.38M   12    7  36%  81.9M   515n  n/a
   3   60 |   7 1.0   19    12M  106  277  72%    10M |  99.9   ovl   1   27  3.37M   17    6  26%  81.9M   449n  n/a
   3   61 |   7 1.0   19    13M  108  252  70%    10M |  99.9   ovl   1   27  3.98M   20    7  25%  81.9M    85n  n/a
   3   62 |   7 1.0   19    13M  106  230  68%    10M |  99.9   ovl   1   27  2.99M   15    4  21%  81.9M   121n  n/a
   3   63 |   7 1.0    0      0    0    0   0%    10M |   n/a   n/a   1    0      0    0    0   0%  81.9M    n/a  n/a
   4   64 |   7 1.0   19   7.1M  161  601  78%    10M |  99.9   ovl   1   27   988k   14   14  50%  81.9M  -503n  n/a
   4   65 |   7 1.0   19   7.5M  162  512  75%    10M |  99.9   ovl   1   27  1.33M   18   18  50%  81.9M  -220n  n/a
   4   66 |   7 1.0   19   7.5M  174  591  77%    10M |  99.9   ovl   1   27  1.32M   19   15  44%  81.9M  -576n  n/a
   4   67 |   7 1.0   19   7.1M  154  602  79%    10M |  99.9   ovl   1   27  1.13M   14   14  50%  81.9M  -403n  n/a
   4   68 |   7 1.0   19   7.1M  155  573  78%    10M |  99.9   ovl   1   27  1.13M   16   17  51%  81.9M  -240n  n/a
   4   69 |   7 1.0   19   7.3M  151  564  78%    10M |  99.9   ovl   1   27  1.68M   22   13  37%  81.9M   -37n  n/a
   4   6a |   7 1.0   19   7.3M  163  623  79%    10M |  99.9   ovl   1   27  1.21M   15   16  51%  81.9M  -363n  n/a
   4   6b |   7 1.0   19   7.2M  151  593  79%    10M |  99.9   ovl   1   27  1.06M   14   17  54%  81.9M    43n  n/a
   0   44 |   7 1.0   19    12M  243  438  64%    10M |  99.9   ovl   1   27  3.10M   36    7  16%  81.9M  -334n  n/a
   0   45 |   7 1.0   19    12M  212  460  68%    10M |  99.9   ovl   1   27  3.22M   38    6  13%  81.9M  -407n  n/a
   0   46 |   7 1.0   19    12M  226  461  67%    10M |  99.9   ovl   1   27  2.87M   34    5  12%  81.9M  -805n  n/a
   0   47 |   7 1.0   19    12M  218  438  66%    10M |  99.9   n/a   1   27  2.35M   25    9  26%  81.9M    n/a  n/a
   0   48 |   7 1.0   19    12M  231  415  64%    10M |  99.9   ovl   1   27  3.41M   39    3   7%  81.9M  -754n  n/a
   0   49 |   7 1.0   19    11M  216  428  66%    10M |  99.9   ovl   1   27  2.90M   33    7  17%  81.9M  -399n  n/a
   0   4a |   7 1.0   19    11M  231  443  65%    10M |  99.9   ovl   1   27  2.79M   31    8  20%  81.9M  -294n  n/a
   0   4b |   7 1.0   19    11M  205  472  69%    10M |  99.9   ovl   1   27  3.50M   38    7  15%  81.9M  -767n  n/a
   1   4c |   7 1.0   19    12M   87  261  75%    10M |  99.9   ovl   1   27  2.78M   11    8  42%  81.9M   258n  n/a
   1   4d |   7 1.0   19    12M   90  266  74%    10M |  99.9   ovl   1   27  2.26M    9    5  35%  81.9M   310n  n/a
   1   4e |   7 1.0   19    12M   96  272  73%    10M |  99.9   ovl   1   27  2.03M    8    5  38%  81.9M   106n  n/a
   1   4f |   7 1.0   19    12M   89  349  79%    10M |  99.9   ovl   1   27  2.30M    9    7  43%  81.9M  -242n  n/a
   1   50 |   7 1.0   19    12M   93  272  74%    10M |  99.9   ovl   1   27  1.76M    7    9  56%  81.9M   257n  n/a
   1   51 |   7 1.0   19    12M   80  292  78%    10M |  99.9   ovl   1   27  2.26M    9    4  30%  81.9M   258n  n/a
   1   52 |   7 1.0   19    12M   88  294  76%    10M |  99.9   ovl   1   27  2.02M    8    7  46%  81.9M   409n  n/a
   1   53 |   7 1.0    0      0    0    0   0%    10M |   n/a   n/a   1    0      0    0    0   0%  81.9M    n/a  n/a
   2   54 |   7 1.0   19   7.9M   57  465  89%    10M |  99.9   n/a   1   27  1.52M    6   12  66%  81.9M    n/a  n/a
   2   55 |   7 1.0   19   8.0M   68  457  87%    10M |  99.9   ovl   1   27  2.29M    9    9  50%  81.9M    64n  n/a
   2   56 |   7 1.0   19   7.9M   54  370  87%    10M |  99.9   n/a   1   27  1.75M    7    4  36%  81.9M    n/a  n/a
   2   57 |   7 1.0   19   7.7M   60  442  88%    10M |  99.9   ovl   1   27   508k    2    6  75%  81.9M  -660n  n/a
   2   58 |   7 1.0   19   8.7M   64  484  88%    10M |  99.9   n/a   1   27   754k    3   13  81%  81.9M    n/a  n/a
   2   59 |   7 1.0   19   7.4M   52  457  89%    10M |  99.9   n/a   1   27   258k    1   11  91%  81.9M    n/a  n/a
   2   5a |   7 1.0   19   8.0M   63  454  87%    10M |  99.9   n/a   1   27  2.03M    8    4  33%  81.9M    n/a  n/a
   2   5b |   7 1.0    0      0    0    0   0%    10M |   n/a   n/a   1    0      0    0    0   0%  81.9M    n/a  n/a
   3   5c |   7 1.0   19   5.8M   54  452  89%    10M |  99.9   n/a   1   27   389k    2    7  77%  81.9M    n/a  n/a
   3   5d |   7 1.0   19   6.1M   64  458  87%    10M |  99.9   n/a   1   27   996k    5    8  61%  81.9M    n/a  n/a
   3   5e |   7 1.0   19   6.1M   54  463  89%    10M |  99.9   n/a   1   27   197k    1    8  88%  81.9M    n/a  n/a
   3   5f |   7 1.0   19   6.2M   60  436  87%    10M |  99.9   n/a   1   27   799k    4    8  66%  81.9M    n/a  n/a
   3   60 |   7 1.0   19   5.6M   57  496  89%    10M |  99.9   n/a   1   27   402k    2    9  81%  81.9M    n/a  n/a
   3   61 |   7 1.0   19   5.5M   60  463  88%    10M |  99.9   ovl   1   27   607k    3    8  72%  81.9M   699n  n/a
   3   62 |   7 1.0   19   6.2M   63  433  87%    10M |  99.9   n/a   1   27   787k    4   11  73%  81.9M    n/a  n/a
   3   63 |   7 1.0    0      0    0    0   0%    10M |   n/a   n/a   1    0      0    0    0   0%  81.9M    n/a  n/a
   4   64 |   7 1.0   19   7.0M  168  573  77%    10M |  99.9   ovl   1   27  1.54M   20   11  35%  81.9M  -284n  n/a
   4   65 |   7 1.0   19   6.6M  145  528  78%    10M |  99.9   ovl   1   27  1.10M   14   13  48%  81.9M  -410n  n/a
   4   66 |   7 1.0   19   6.6M  158  586  78%    10M |  99.9   ovl   1   27  1.65M   19    8  29%  81.9M  -557n  n/a
   4   67 |   7 1.0   19   6.7M  142  506  78%    10M |  99.9   ovl   1   27  1.44M   19    6  24%  81.9M  -677n  n/a
   4   68 |   7 1.0   19   6.9M  170  665  79%    10M |  99.9   ovl   1   27  1.44M   18   13  41%  81.9M  -539n  n/a
   4   69 |   7 1.0   19   6.7M  144  501  77%    10M |  99.9   ovl   1   27  1.43M   19   11  36%  81.9M  -246n  n/a
   4   6a |   7 1.0   19   6.4M  153  610  79%    10M |  99.9   ovl   1   27  1.24M   16   13  44%  81.9M  -236n  n/a
   4   6b |   7 1.0   19   6.7M  149  519  77%    10M |  99.9   ovl   1   27  1.06M   13   13  50%  81.9M   236n  n/a
   0   44 |   7 1.0   19   9.1M  182  572  75%    10M |  99.9   ovl   1   27  2.35M   26   14  35%  81.9M  -455n  n/a
   0   45 |   7 1.0   19   8.9M  160  512  76%    10M |  99.9   ovl   1   27  2.56M   29   12  29%  81.9M  -341n  n/a
   0   46 |   7 1.0   19   9.4M  191  472  71%    10M |  99.9   ovl   1   27  2.98M   31   14  31%  81.9M  -895n  n/a
   0   47 |   7 1.0   19   8.1M  154  533  77%    10M |  99.9   ovl   1   27  2.41M   28   10  26%  81.9M  -281n  n/a
   0   48 |   7 1.0   19   9.6M  196  522  72%    10M |  99.9   ovl   1   27  2.76M   30   11  26%  81.9M  -537n  n/a
   0   49 |   7 1.0   19   8.4M  157  514  76%    10M |  99.9   ovl   1   27  3.57M   40   12  23%  81.9M  -334n  n/a
   0   4a |   7 1.0   19  10.0M  201  513  71%    10M |  99.9   ovl   1   27  2.72M   31   13  29%  81.9M  -624n  n/a
   0   4b |   7 1.0   19   8.6M  159  502  75%    10M |  99.9   ovl   1   27  3.15M   37   11  22%  81.9M  -551n  n/a
   1   4c |   7 1.0   19   7.2M   60  457  88%    10M |  99.9   ovl   1   27   758k    3    6  66%  81.9M   -34n  n/a
   1   4d |   7 1.0   19   7.1M   61  526  89%    10M |  99.9   n/a   1   27   754k    3    8  72%  81.9M    n/a  n/a
   1   4e |   7 1.0   19   7.4M   73  472  86%    10M |  99.9   n/a   1   27  1.52M    6    9  60%  81.9M    n/a  n/a
   1   4f |   7 1.0   19   7.1M   59  476  88%    10M |  99.9   n/a   1   27  1.52M    6    2  25%  81.9M    n/a  n/a
   1   50 |   7 1.0   19   6.5M   58  543  90%    10M |  99.9   n/a   1   27  1.77M    7    9  56%  81.9M    n/a  n/a
   1   51 |   7 1.0   19   7.5M   64  428  86%    10M |  99.9   n/a   1   27  2.02M    8    6  42%  81.9M    n/a  n/a
   1   52 |   7 1.0   19   7.7M   68  481  87%    10M |  99.9   ovl   1   27  1.03M    4    9  69%  81.9M  -242n  n/a
   1   53 |   7 1.0    0      0    0    0   0%    10M |   n/a   n/a   1    0      0    0    0   0%  81.9M    n/a  n/a
   2   54 |   7 1.0   19    11M   89  333  78%    10M |  99.9   ovl   1   27  1.53M    6    2  25%  81.9M    69n  n/a
   2   55 |   7 1.0   19    11M   90  281  75%    10M |  99.9   n/a   1   27  2.29M    9   10  52%  81.9M    n/a  n/a
   2   56 |   7 1.0   19    11M   94  360  79%    10M |  99.9   n/a   1   27   750k    3    4  57%  81.9M    n/a  n/a
   2   57 |   7 1.0   19    12M   95  293  75%    10M |  99.9   n/a   1   27  2.54M   10    9  47%  81.9M    n/a  n/a
   2   58 |   7 1.0   19    10M   77  300  79%    10M |  99.9   n/a   1   27  1.26M    5    5  50%  81.9M    n/a  n/a
   2   59 |   7 1.0   19    12M   95  260  73%    10M |  99.9   n/a   1   27  2.52M   10    5  33%  81.9M    n/a  n/a
   2   5a |   7 1.0   19    11M   79  278  77%    10M |  99.9   n/a   1   27  2.53M   10    4  28%  81.9M    n/a  n/a
   2   5b |   7 1.0    0      0    0    0   0%    10M |   n/a   n/a   1    0      0    0    0   0%  81.9M    n/a  n/a

          |--------------------DL---------------------|-------------------------------UL-----------------------------
 pci rnti | cqi  ri  mcs  brate   ok  nok  (%)  dl_bs | pusch  rsrp  ri  mcs  brate   ok  nok  (%)    bsr     ta  phr
   3   5c |   7 1.0   19   6.7M   68  449  86%    10M |  99.9   n/a   1   27   197k    1    3  75%  81.9M    n/a  n/a
   3   5d |   7 1.0   19   6.3M   60  483  88%    10M |  99.9   n/a   1   27  1.00M    5    5  50%  81.9M    n/a  n/a
   3   5e |   7 1.0   19   6.8M   64  482  88%    10M |  99.9   n/a   1   27  1.20M    6    9  60%  81.9M    n/a  n/a
   3   5f |   7 1.0   19   6.2M   61  470  88%    10M |  99.9   n/a   1   27  1.00M    5    5  50%  81.9M    n/a  n/a
   3   60 |   7 1.0   19   6.0M   53  570  91%    10M |  99.9   n/a   1   27   619k    3    8  72%  81.9M    n/a  n/a
   3   61 |   7 1.0   19   6.4M   58  491  89%    10M |  99.9   n/a   1   27  1.00M    5    6  54%  81.9M    n/a  n/a
   3   62 |   7 1.0   19   6.3M   55  506  90%    10M |  99.9   n/a   1   27   402k    2    5  71%  81.9M    n/a  n/a
   3   63 |   7 1.0    0      0    0    0   0%    10M |   n/a   n/a   1    0      0    0    0   0%  81.9M    n/a  n/a
   4   64 |   7 1.0   19   9.5M  208  477  69%    10M |  99.9   ovl   1   27  2.69M   32   12  27%  81.9M   -72n  n/a
   4   65 |   7 1.0   19   9.4M  206  484  70%    10M |  99.9   ovl   1   27  2.81M   34   12  26%  81.9M  -408n  n/a
   4   66 |   7 1.0   19   9.6M  216  535  71%    10M |  99.9   ovl   1   27  2.07M   29   10  25%  81.9M  -316n  n/a
   4   67 |   7 1.0   19   9.8M  201  399  66%    10M |  99.9   ovl   1   27  2.23M   27   12  30%  81.9M  -370n  n/a
   4   68 |   7 1.0   19   9.3M  203  498  71%    10M |  99.9   ovl   1   27  2.32M   30   11  26%  81.9M  -383n  n/a
   4   69 |   7 1.0   19   9.5M  208  483  69%    10M |  99.9   ovl   1   27  2.59M   32    9  21%  81.9M  -290n  n/a
   4   6a |   7 1.0   19   9.3M  218  537  71%    10M |  99.9   ovl   1   27  2.64M   34   10  22%  81.9M  -288n  n/a
   4   6b |   7 1.0   19   9.2M  191  418  68%    10M |  99.9   ovl   1   27  3.43M   42    9  17%  81.9M  -182n  n/a
   0   44 |   7 1.0   19   7.8M  155  575  78%    10M |  99.9   ovl   1   27  1.70M   20    8  28%  81.9M  -829n  n/a
   0   45 |   7 1.0   19   7.8M  151  524  77%    10M |  99.9   ovl   1   27  1.85M   19   10  34%  81.9M  -211n  n/a
   0   46 |   7 1.0   19   8.5M  172  495  74%    10M |  99.9   ovl   1   27  1.92M   23   15  39%  81.9M  -792n  n/a
   0   47 |   7 1.0   19   7.6M  156  522  76%    10M |  99.9   ovl   1   27  1.82M   21   14  40%  81.9M    -9n  n/a
   0   48 |   7 1.0   19   7.4M  164  606  78%    10M |  99.9   ovl   1   27  1.37M   16   14  46%  81.9M  -961n  n/a
   0   49 |   7 1.0   19   7.8M  150  605  80%    10M |  99.9   ovl   1   27  1.89M   22   11  33%  81.9M  -611n  n/a
   0   4a |   7 1.0   19   7.6M  162  605  78%    10M |  99.9   ovl   1   27  1.80M   22   12  35%  81.9M  -772n  n/a
   0   4b |   7 1.0   19   7.6M  148  547  78%    10M |  99.9   ovl   1   27  2.04M   22   10  31%  81.9M  -548n  n/a
   1   4c |   7 1.0   19   9.7M   81  356  81%    10M |  99.9   ovl   1   27  1.51M    6    4  40%  81.9M   409n  n/a
   1   4d |   7 1.0   19   8.9M   71  400  84%    10M |  99.9   n/a   1   27  2.02M    8    8  50%  81.9M    n/a  n/a
   1   4e |   7 1.0   19    11M   80  344  81%    10M |  99.9   ovl   1   27  1.53M    6    9  60%  81.9M  -968n  n/a
   1   4f |   7 1.0   19   9.7M   72  387  84%    10M |  99.9   ovl   1   27  1.01M    4   13  76%  81.9M  -968n  n/a
   1   50 |   7 1.0   19    10M   78  305  79%    10M |  99.9   n/a   1   27  1.53M    6   11  64%  81.9M    n/a  n/a
   1   51 |   7 1.0   19   9.6M   77  349  81%    10M |  99.9   n/a   1   27  1.29M    5   10  66%  81.9M    n/a  n/a
   1   52 |   7 1.0   19   9.0M   79  375  82%    10M |  99.9   n/a   1   27  1.78M    7    3  30%  81.9M    n/a  n/a
   1   53 |   7 1.0    0      0    0    0   0%    10M |   n/a   n/a   1    0      0    0    0   0%  81.9M    n/a  n/a
   2   54 |   7 1.0   19    10M   81  321  79%    10M |  99.9   ovl   1   27  2.28M    9    4  30%  81.9M    74n  n/a
   2   55 |   7 1.0   19    11M   93  306  76%    10M |  99.9   ovl   1   27  1.50M    6    8  57%  81.9M    69n  n/a
   2   56 |   7 1.0   19   9.1M   72  385  84%    10M |  99.9   ovl   1   27  2.79M   11   12  52%  81.9M  -147n  n/a
   2   57 |   7 1.0   19    10M   88  350  79%    10M |  99.9   n/a   1   27  1.77M    7    7  50%  81.9M    n/a  n/a
   2   58 |   7 1.0   19    10M   78  338  81%    10M |  99.9   n/a   1   27  3.28M   13   12  48%  81.9M    n/a  n/a
   2   59 |   7 1.0   19    11M   88  311  77%    10M |  99.9   ovl   1   27  2.29M    9    6  40%  81.9M  -151n  n/a
   2   5a |   7 1.0   19    11M   81  326  80%    10M |  99.9   ovl   1   27  1.53M    6    6  50%  81.9M   426n  n/a
   2   5b |   7 1.0    0      0    0    0   0%    10M |   n/a   n/a   1    0      0    0    0   0%  81.9M    n/a  n/a
   3   5c |   7 1.0   19   8.2M   80  331  80%    10M |  99.9   ovl   1   27  2.21M   11    9  45%  81.9M   -32n  n/a
   3   5d |   7 1.0   19   8.5M   74  315  80%    10M |  99.9   n/a   1   27  1.38M    7    5  41%  81.9M    n/a  n/a
   3   5e |   7 1.0   19   7.9M   75  324  81%    10M |  99.9   ovl   1   27  1.59M    8    6  42%  81.9M   147n  n/a
   3   5f |   7 1.0   19   8.5M   81  305  79%    10M |  99.9   n/a   1   27  1.21M    6    9  60%  81.9M    n/a  n/a
   3   60 |   7 1.0   19   8.5M   81  307  79%    10M |  99.9   ovl   1   27   988k    5    6  54%  81.9M   -37n  n/a
   3   61 |   7 1.0   19   7.8M   75  323  81%    10M |  99.9   ovl   1   27  2.39M   12    8  40%  81.9M   185n  n/a
   3   62 |   7 1.0   19   8.4M   81  306  79%    10M |  99.9   ovl   1   27  2.59M   13   13  50%  81.9M  -759n  n/a
   3   63 |   7 1.0    0      0    0    0   0%    10M |   n/a   n/a   1    0      0    0    0   0%  81.9M    n/a  n/a
   4   64 |   7 1.0   19   6.6M  168  648  79%    10M |  99.9   ovl   1   27  1.47M   21    9  30%  81.9M  -603n  n/a
   4   65 |   7 1.0   19   6.6M  140  554  79%    10M |  99.9   ovl   1   27  1.25M   17   14  45%  81.9M   268n  n/a
   4   66 |   7 1.0   19   6.9M  155  597  79%    10M |  99.9   ovl   1   27  1.06M   15   14  48%  81.9M  -537n  n/a
   4   67 |   7 1.0   19   6.6M  138  584  80%    10M |  99.9   ovl   1   27  1.48M   20   16  44%  81.9M   -95n  n/a
   4   68 |   7 1.0   19   7.0M  166  595  78%    10M |  99.9   ovl   1   27  1.51M   20   16  44%  81.9M  -464n  n/a
   4   69 |   7 1.0   19   6.3M  134  576  81%    10M |  99.9   ovl   1   27  1.57M   22   12  35%  81.9M  -702n  n/a
   4   6a |   7 1.0   19   6.5M  164  618  79%    10M |  99.9   ovl   1   27  1.63M   21   12  36%  81.9M  -659n  n/a
   4   6b |   7 1.0   19   6.5M  137  571  80%    10M |  99.9   ovl   1   27   854k   12   14  53%  81.9M  -580n  n/a
   0   44 |   7 1.0   19   8.3M  175  591  77%    10M |  99.9   ovl   1   27  1.37M   15   14  48%  81.9M  -168n  n/a
   0   45 |   7 1.0   19   9.3M  186  458  71%    10M |  99.9   ovl   1   27  2.16M   24   10  29%  81.9M    -4n  n/a
   0   46 |   7 1.0   19   8.7M  177  588  76%    10M |  99.9   ovl   1   27  2.25M   24    9  27%  81.9M     1u  n/a
   0   47 |   7 1.0   19   9.4M  189  470  71%    10M |  99.9   ovl   1   27  2.35M   26    5  16%  81.9M  -668n  n/a
   0   48 |   7 1.0   19   9.0M  189  528  73%    10M |  99.9   ovl   1   27  1.98M   21    8  27%  81.9M  -840n  n/a
   0   49 |   7 1.0   19   9.4M  170  449  72%    10M |  99.9   ovl   1   27  2.42M   29    8  21%  81.9M  -798n  n/a
   0   4a |   7 1.0   19   8.7M  168  583  77%    10M |  99.9   ovl   1   27  2.25M   24   10  29%  81.9M  -264n  n/a
   0   4b |   7 1.0   19   9.3M  173  451  72%    10M |  99.9   ovl   1   27  1.74M   19   11  36%  81.9M  -918n  n/a
   1   4c |   7 1.0   19   9.6M   73  381  83%    10M |  99.9   n/a   1   27  1.01M    4    6  60%  81.9M    n/a  n/a
   1   4d |   7 1.0   19   9.2M   73  423  85%    10M |  99.9   n/a   1   27  1.53M    6    9  60%  81.9M    n/a  n/a
   1   4e |   7 1.0   19   9.7M   80  404  83%    10M |  99.9   n/a   1   27  1.55M    6    4  40%  81.9M    n/a  n/a
   1   4f |   7 1.0   19    10M   70  418  85%    10M |  99.9   n/a   1   27  1.27M    5    6  54%  81.9M    n/a  n/a
   1   50 |   7 1.0   19    11M   85  390  82%    10M |  99.9   n/a   1   27  1.51M    6    6  50%  81.9M    n/a  n/a
   1   51 |   7 1.0   19    10M   75  369  83%    10M |  99.9   n/a   1   27  1.76M    7    8  53%  81.9M    n/a  n/a
   1   52 |   7 1.0   19    10M   95  376  79%    10M |  99.9   n/a   1   27  1.26M    5    2  28%  81.9M    n/a  n/a
   1   53 |   7 1.0    0      0    0    0   0%    10M |   n/a   n/a   1    0      0    0    0   0%  81.9M    n/a  n/a
   2   54 |   7 1.0   19    12M   87  292  77%    10M |  99.9   ovl   1   27  2.03M    8    9  52%  81.9M  -660n  n/a
   2   55 |   7 1.0   19    13M   90  258  74%    10M |  99.9   ovl   1   27  2.78M   11   10  47%  81.9M  -292n  n/a
   2   56 |   7 1.0   19    12M   87  252  74%    10M |  99.9   ovl   1   27  3.03M   12    9  42%  81.9M    93n  n/a
   2   57 |   7 1.0   19    12M   89  317  78%    10M |  99.9   ovl   1   27  3.54M   14    6  30%  81.9M   211n  n/a
   2   58 |   7 1.0   19    13M   86  289  77%    10M |  99.9   ovl   1   27  3.55M   14    4  22%  81.9M  -173n  n/a
   2   59 |   7 1.0   19    12M   86  276  76%    10M |  99.9   ovl   1   27  2.54M   10    7  41%  81.9M    93n  n/a
   2   5a |   7 1.0   19    13M   94  259  73%    10M |  99.9   ovl   1   27  3.28M   13    7  35%  81.9M   350n  n/a
   2   5b |   7 1.0    0      0    0    0   0%    10M |   n/a   n/a   1    0      0    0    0   0%  81.9M    n/a  n/a
   3   5c |   7 1.0   19   9.7M   88  271  75%    10M |  99.9   ovl   1   27  2.59M   13    8  38%  81.9M   185n  n/a
   3   5d |   7 1.0   19   9.3M   79  254  76%    10M |  99.9   ovl   1   27  1.58M    8    8  50%  81.9M   158n  n/a
   3   5e |   7 1.0   19   9.2M   81  244  75%    10M |  99.9   ovl   1   27  1.20M    6    6  50%  81.9M   317n  n/a
   3   5f |   7 1.0   19   9.5M   89  259  74%    10M |  99.9   ovl   1   27  2.20M   11   10  47%  81.9M   176n  n/a
   3   60 |   7 1.0   19   9.4M   88  254  74%    10M |  99.9   ovl   1   27  1.20M    6    7  53%  81.9M   508n  n/a
   3   61 |   7 1.0   19   8.9M   79  298  79%    10M |  99.9   ovl   1   27  2.21M   11    6  35%  81.9M   317n  n/a
   3   62 |   7 1.0   19   9.7M   81  246  75%    10M |  99.9   ovl   1   27  2.59M   13    7  35%  81.9M   -30n  n/a
   3   63 |   7 1.0    0      0    0    0   0%    10M |   n/a   n/a   1    0      0    0    0   0%  81.9M    n/a  n/a

          |--------------------DL---------------------|-------------------------------UL-----------------------------
 pci rnti | cqi  ri  mcs  brate   ok  nok  (%)  dl_bs | pusch  rsrp  ri  mcs  brate   ok  nok  (%)    bsr     ta  phr
   4   64 |   7 1.0   19   7.0M  163  585  78%    10M |  99.9   ovl   1   27  1.10M   14   14  50%  81.9M  -156n  n/a
   4   65 |   7 1.0   19   6.8M  151  542  78%    10M |  99.9   ovl   1   27  1.06M   13   13  50%  81.9M  -695n  n/a
   4   66 |   7 1.0   19   6.8M  155  554  78%    10M |  99.9   ovl   1   27  1.12M   15   13  46%  81.9M  -690n  n/a
   4   67 |   7 1.0   19   6.7M  138  494  78%    10M |  99.9   ovl   1   27  1.89M   24    7  22%  81.9M  -151n  n/a
   4   68 |   7 1.0   19   6.3M  148  708  82%    10M |  99.9   ovl   1   27  1.63M   21   17  44%  81.9M    38n  n/a
   4   69 |   7 1.0   19   6.6M  142  561  79%    10M |  99.9   ovl   1   27  1.60M   20   10  33%  81.9M  -362n  n/a
   4   6a |   7 1.0   19   6.6M  149  526  77%    10M |  99.9   ovl   1   27  1.51M   18    7  28%  81.9M  -566n  n/a
   4   6b |   7 1.0   19   7.0M  146  596  80%    10M |  99.9   ovl   1   27  1.40M   18   13  41%  81.9M   -48n  n/a
   0   44 |   7 1.0   19   7.6M  156  540  77%    10M |  99.9   ovl   1   27  2.76M   30   11  26%  81.9M  -936n  n/a
   0   45 |   7 1.0   19   7.2M  143  602  80%    10M |  99.9   ovl   1   27  1.55M   16   11  40%  81.9M  -221n  n/a
   0   46 |   7 1.0   19   7.9M  167  600  78%    10M |  99.9   ovl   1   27  2.74M   31   10  24%  81.9M  -730n  n/a
   0   47 |   7 1.0   19   7.0M  137  555  80%    10M |  99.9   ovl   1   27  1.54M   18   13  41%  81.9M  -405n  n/a
   0   48 |   7 1.0   19   7.5M  153  595  79%    10M |  99.9   ovl   1   27  1.45M   17   15  46%  81.9M   329n  n/a
   0   49 |   7 1.0   19   7.3M  137  544  79%    10M |  99.9   n/a   1   27  1.82M   20   12  37%  81.9M    n/a  n/a
   0   4a |   7 1.0   19   7.6M  170  565  76%    10M |  99.9   ovl   1   27  1.50M   17   14  45%  81.9M  -492n  n/a
   0   4b |   7 1.0   19   7.6M  137  551  80%    10M |  99.9   ovl   1   27  1.54M   19    8  29%  81.9M  -695n  n/a
   1   4c |   7 1.0   19    10M   76  394  83%    10M |  99.9   ovl   1   27  1.51M    6   11  64%  81.9M  -968n  n/a
   1   4d |   7 1.0   19    11M   81  359  81%    10M |  99.9   ovl   1   27  2.79M   11   12  52%  81.9M   655n  n/a
   1   4e |   7 1.0   19    10M   80  407  83%    10M |  99.9   n/a   1   27  1.00M    4   10  71%  81.9M    n/a  n/a
   1   4f |   7 1.0   19    11M   77  367  82%    10M |  99.9   ovl   1   27  3.01M   12   12  50%  81.9M   504n  n/a
   1   50 |   7 1.0   19    11M   78  433  84%    10M |  99.9   n/a   1   27  1.80M    7    5  41%  81.9M    n/a  n/a
   1   51 |   7 1.0   19    11M   83  432  83%    10M |  99.9   ovl   1   27  1.52M    6    5  45%  81.9M   258n  n/a
   1   52 |   7 1.0   19    10M   80  409  83%    10M |  99.9   n/a   1   27   766k    3    4  57%  81.9M    n/a  n/a
   1   53 |   7 1.0    0      0    0    0   0%    10M |   n/a   n/a   1    0      0    0    0   0%  81.9M    n/a  n/a
   2   54 |   7 1.0   19   9.9M   74  353  82%    10M |  99.9   n/a   1   27  1.27M    5    8  61%  81.9M    n/a  n/a
   2   55 |   7 1.0   19   9.4M   65  440  87%    10M |  99.9   n/a   1   27  1.51M    6    9  60%  81.9M    n/a  n/a
   2   56 |   7 1.0   19    11M   70  401  85%    10M |  99.9   n/a   1   27  1.27M    5   10  66%  81.9M    n/a  n/a
   2   57 |   7 1.0   19   9.9M   80  447  84%    10M |  99.9   n/a   1   27  2.29M    9    6  40%  81.9M    n/a  n/a
   2   58 |   7 1.0   19   9.5M   74  428  85%    10M |  99.9   n/a   1   27  1.27M    5    8  61%  81.9M    n/a  n/a
   2   59 |   7 1.0   19  10.0M   69  449  86%    10M |  99.9   n/a   1   27  1.77M    7    7  50%  81.9M    n/a  n/a
   2   5a |   7 1.0   19   9.8M   75  414  84%    10M |  99.9   ovl   1   27   758k    3   10  76%  81.9M    74n  n/a
   2   5b |   7 1.0    0      0    0    0   0%    10M |   n/a   n/a   1    0      0    0    0   0%  81.9M    n/a  n/a
   3   5c |   7 1.0   19   8.5M   83  291  77%    10M |  99.9   ovl   1   27  2.21M   11    7  38%  81.9M  -221n  n/a
   3   5d |   7 1.0   19   8.8M   92  241  72%    10M |  99.9   n/a   1   27  1.61M    8   11  57%  81.9M    n/a  n/a
   3   5e |   7 1.0   19   8.6M   78  225  74%    10M |  99.9   n/a   1   27  1.60M    8    4  33%  81.9M    n/a  n/a
   3   5f |   7 1.0   19   8.9M   92  254  73%    10M |  99.9   ovl   1   27  2.59M   13    7  35%  81.9M   699n  n/a
   3   60 |   7 1.0   19   8.9M   77  244  76%    10M |  99.9   ovl   1   27  1.00M    5    8  61%  81.9M  -759n  n/a
   3   61 |   7 1.0   19   9.0M   88  269  75%    10M |  99.9   n/a   1   27  1.21M    6   10  62%  81.9M    n/a  n/a
   3   62 |   7 1.0   19   8.8M   84  236  73%    10M |  99.9   n/a   1   27  2.57M   13    7  35%  81.9M    n/a  n/a
   3   63 |   7 1.0    0      0    0    0   0%    10M |   n/a   n/a   1    0      0    0    0   0%  81.9M    n/a  n/a
   4   64 |   7 1.0   19   6.8M  159  565  78%    10M |  99.9   ovl   1   27  1.14M   15   16  51%  81.9M  -322n  n/a
   4   65 |   7 1.0   19   6.4M  137  537  79%    10M |  99.9   ovl   1   27  2.09M   25   10  28%  81.9M  -258n  n/a
   4   66 |   7 1.0   19   7.3M  163  548  77%    10M |  99.9   ovl   1   27  1.47M   18   10  35%  81.9M    27n  n/a
   4   67 |   7 1.0   19   6.6M  149  554  78%    10M |  99.9   ovl   1   27  1.85M   21   15  41%  81.9M   -94n  n/a
   4   68 |   7 1.0   19   7.0M  150  529  77%    10M |  99.9   ovl   1   27  1.68M   20   14  41%  81.9M  -584n  n/a
   4   69 |   7 1.0   19   6.7M  136  528  79%    10M |  99.9   ovl   1   27  1.55M   20   11  35%  81.9M  -604n  n/a
   4   6a |   7 1.0   19   6.6M  157  609  79%    10M |  99.9   ovl   1   27  1.09M   14   18  56%  81.9M  -470n  n/a
   4   6b |   7 1.0   19   6.3M  141  569  80%    10M |  99.9   ovl   1   27  1.76M   22   15  40%  81.9M  -453n  n/a
   0   44 |   7 1.0   19   5.7M  126  596  82%    10M |  99.9   n/a   1   27  1.10M   13   11  45%  81.9M    n/a  n/a
   0   45 |   7 1.0   19   6.1M  114  537  82%    10M |  99.9   ovl   1   27  1.45M   17    9  34%  81.9M   830n  n/a
   0   46 |   7 1.0   19   5.7M  135  635  82%    10M |  99.9   ovl   1   27  1.49M   17    3  15%  81.9M   830n  n/a
   0   47 |   7 1.0   19   6.2M  115  583  83%    10M |  99.9   ovl   1   27   695k    8   10  55%  81.9M  -790n  n/a
   0   48 |   7 1.0   19   6.0M  116  651  84%    10M |  99.9   ovl   1   27   824k   11   12  52%  81.9M    -1u  n/a
   0   49 |   7 1.0   19   6.1M  117  561  82%    10M |  99.9   n/a   1   27  1.19M   14   12  46%  81.9M    n/a  n/a
   0   4a |   7 1.0   19   5.8M  113  677  85%    10M |  99.9   ovl   1   27  1.03M   12    9  42%  81.9M   830n  n/a
   0   4b |   7 1.0   19   5.1M   99  567  85%    10M |  99.9   ovl   1   27  1.24M   15   15  50%  81.9M  -410n  n/a
   1   4c |   7 1.0   19   8.6M   62  367  85%    10M |  99.9   ovl   1   27  1.25M    5    7  58%  81.9M   655n  n/a
   1   4d |   7 1.0   19   7.6M   56  428  88%    10M |  99.9   ovl   1   27  1.27M    5    9  64%  81.9M   107n  n/a
   1   4e |   7 1.0   19   8.0M   69  387  84%    10M |  99.9   ovl   1   27  1.01M    4    9  69%  81.9M  -968n  n/a
   1   4f |   7 1.0   19   7.5M   56  427  88%    10M |  99.9   ovl   1   27  1.02M    4    9  69%  81.9M   257n  n/a
   1   50 |   7 1.0   19   7.9M   63  404  86%    10M |  99.9   ovl   1   27  1.52M    6    9  60%  81.9M   106n  n/a
   1   51 |   7 1.0   19   7.1M   49  418  89%    10M |  99.9   ovl   1   27  1.50M    6    8  57%  81.9M   409n  n/a
   1   52 |   7 1.0   19   7.5M   70  426  85%    10M |  99.9   n/a   1   27  1.26M    5    7  58%  81.9M    n/a  n/a
   1   53 |   7 1.0    0      0    0    0   0%    10M |   n/a   n/a   1    0      0    0    0   0%  81.9M    n/a  n/a
   2   54 |   7 1.0   19   9.8M   78  455  85%    10M |  99.9   ovl   1   27  1.00M    4    7  63%  81.9M  -293n  n/a
   2   55 |   7 1.0   19   9.5M   66  502  88%    10M |  99.9   ovl   1   27  1.52M    6    7  53%  81.9M   460n  n/a
   2   56 |   7 1.0   19   9.9M   73  456  86%    10M |  99.9   ovl   1   27  2.02M    8    6  42%  81.9M  -151n  n/a
   2   57 |   7 1.0   19   8.5M   57  473  89%    10M |  99.9   ovl   1   27  1.53M    6    6  50%  81.9M    32n  n/a
   2   58 |   7 1.0   19    10M   74  470  86%    10M |  99.9   n/a   1   27  1.52M    6    6  50%  81.9M    n/a  n/a
   2   59 |   7 1.0   19   9.1M   65  494  88%    10M |  99.9   ovl   1   27  2.26M    9    5  35%  81.9M    74n  n/a
   2   5a |   7 1.0   19   9.2M   66  481  87%    10M |  99.9   n/a   1   27  2.27M    9    8  47%  81.9M    n/a  n/a
   2   5b |   7 1.0    0      0    0    0   0%    10M |   n/a   n/a   1    0      0    0    0   0%  81.9M    n/a  n/a
   3   5c |   7 1.0   19   9.8M   98  355  78%    10M |  99.9   n/a   1   27  1.59M    8    3  27%  81.9M    n/a  n/a
   3   5d |   7 1.0   19   8.6M   83  330  79%    10M |  99.9   n/a   1   27  2.00M   10    6  37%  81.9M    n/a  n/a
   3   5e |   7 1.0   19   9.7M   94  336  78%    10M |  99.9   ovl   1   27  1.99M   10    8  44%  81.9M   515n  n/a
   3   5f |   7 1.0   19   8.7M   79  301  79%    10M |  99.9   ovl   1   27  1.39M    7    3  30%  81.9M   243n  n/a
   3   60 |   7 1.0   19   9.1M  101  324  76%    10M |  99.9   ovl   1   27  2.98M   15    9  37%  81.9M   -30n  n/a
   3   61 |   7 1.0   19   9.0M   87  348  80%    10M |  99.9   ovl   1   27  1.80M    9    6  40%  81.9M   699n  n/a
   3   62 |   7 1.0   19   9.7M   90  270  75%    10M |  99.9   ovl   1   27  1.38M    7    6  46%  81.9M  -759n  n/a
   3   63 |   7 1.0    0      0    0    0   0%    10M |   n/a   n/a   1    0      0    0    0   0%  81.9M    n/a  n/a
   4   64 |   7 1.0   19   6.4M  141  615  81%    10M |  99.9   ovl   1   27   940k   12   11  47%  81.9M  -136n  n/a
   4   65 |   7 1.0   19   6.3M  141  653  82%    10M |  99.9   ovl   1   27  1.01M   13   13  50%  81.9M    31n  n/a
   4   66 |   7 1.0   19   6.5M  152  583  79%    10M |  99.9   ovl   1   27   733k    9   10  52%  81.9M  -241n  n/a
   4   67 |   7 1.0   19   6.0M  129  614  82%    10M |  99.9   ovl   1   27   894k   12   11  47%  81.9M  -691n  n/a
   4   68 |   7 1.0   19   6.6M  149  696  82%    10M |  99.9   ovl   1   27  1.24M   15    8  34%  81.9M  -500n  n/a
   4   69 |   7 1.0   19   6.2M  125  563  81%    10M |  99.9   ovl   1   27  1.02M   14    9  39%  81.9M  -382n  n/a
   4   6a |   7 1.0   19   5.9M  137  651  82%    10M |  99.9   ovl   1   27   978k   13   11  45%  81.9M  -360n  n/a
   4   6b |   7 1.0   19   6.4M  132  596  81%    10M |  99.9   ovl   1   27   843k   10   11  52%  81.9M    -1u  n/a

          |--------------------DL---------------------|-------------------------------UL-----------------------------
 pci rnti | cqi  ri  mcs  brate   ok  nok  (%)  dl_bs | pusch  rsrp  ri  mcs  brate   ok  nok  (%)    bsr     ta  phr
   0   44 |   7 1.0   19   8.8M  177  543  75%    10M |  99.9   ovl   1   27  1.41M   16   18  52%  81.9M   -54n  n/a
   0   45 |   7 1.0   19   9.1M  178  548  75%    10M |  99.9   ovl   1   27  2.39M   28   12  30%  81.9M   -98n  n/a
   0   46 |   7 1.0   19   9.8M  200  460  69%    10M |  99.9   ovl   1   27  2.01M   25   11  30%  81.9M  -257n  n/a
   0   47 |   7 1.0   19   8.9M  174  503  74%    10M |  99.9   ovl   1   27  2.42M   27   12  30%  81.9M  -747n  n/a
   0   48 |   7 1.0   19   9.0M  187  546  74%    10M |  99.9   ovl   1   27  2.77M   32    7  17%  81.9M  -508n  n/a
   0   49 |   7 1.0   19   8.9M  167  501  75%    10M |  99.9   ovl   1   27  2.31M   25   11  30%  81.9M  -832n  n/a
   0   4a |   7 1.0   19   8.5M  176  537  75%    10M |  99.9   ovl   1   27  2.44M   27   11  28%  81.9M  -203n  n/a
   0   4b |   7 1.0   19   8.9M  172  516  75%    10M |  99.9   n/a   1   27  1.91M   23   10  30%  81.9M    n/a  n/a
   1   4c |   7 1.0   19    11M   90  348  79%    10M |  99.9   ovl   1   27  2.28M    9   12  57%  81.9M   900n  n/a
   1   4d |   7 1.0   19    11M   81  311  79%    10M |  99.9   ovl   1   27  3.30M   13    8  38%  81.9M   112n  n/a
   1   4e |   7 1.0   19    11M   79  320  80%    10M |  99.9   n/a   1   27   250k    1    7  87%  81.9M    n/a  n/a
   1   4f |   7 1.0   19    11M   84  330  79%    10M |  99.9   ovl   1   27  3.30M   13    9  40%  81.9M  -431n  n/a
   1   50 |   7 1.0   19    11M   86  312  78%    10M |  99.9   n/a   1   27  1.00M    4    4  50%  81.9M    n/a  n/a
   1   51 |   7 1.0   19    11M   89  369  80%    10M |  99.9   ovl   1   27  2.29M    9    6  40%  81.9M   900n  n/a
   1   52 |   7 1.0   19    11M   78  338  81%    10M |  99.9   ovl   1   27   766k    3   10  76%  81.9M   484n  n/a
   1   53 |   7 1.0    0      0    0    0   0%    10M |   n/a   n/a   1    0      0    0    0   0%  81.9M    n/a  n/a
   2   54 |   7 1.0   19   9.9M   70  414  85%    10M |  99.9   ovl   1   27  2.02M    8    9  52%  81.9M  -151n  n/a
   2   55 |   7 1.0   19   9.2M   61  469  88%    10M |  99.9   ovl   1   27   500k    2    8  80%  81.9M    74n  n/a
   2   56 |   7 1.0   19   8.5M   55  503  90%    10M |  99.9   ovl   1   27  1.79M    7   10  58%  81.9M   183n  n/a
   2   57 |   7 1.0   19   9.3M   63  455  87%    10M |  99.9   n/a   1   27   766k    3   10  76%  81.9M    n/a  n/a
   2   58 |   7 1.0   19   8.4M   62  505  89%    10M |  99.9   ovl   1   27  1.53M    6    4  40%  81.9M   455n  n/a
   2   59 |   7 1.0   19   8.1M   62  528  89%    10M |  99.9   ovl   1   27  1.27M    5   12  70%  81.9M  -660n  n/a
   2   5a |   7 1.0   19   9.3M   61  445  87%    10M |  99.9   n/a   1   27   742k    3    7  70%  81.9M    n/a  n/a
   2   5b |   7 1.0    0      0    0    0   0%    10M |   n/a   n/a   1    0      0    0    0   0%  81.9M    n/a  n/a
   3   5c |   7 1.0   19   7.8M   88  408  82%    10M |  99.9   n/a   1   27  1.19M    6    9  60%  81.9M    n/a  n/a
   3   5d |   7 1.0   19   6.5M   59  420  87%    10M |  99.9   ovl   1   27   402k    2    4  66%  81.9M   325n  n/a
   3   5e |   7 1.0   19   7.2M   74  392  84%    10M |  99.9   n/a   1   27  1.80M    9    5  35%  81.9M    n/a  n/a
   3   5f |   7 1.0   19   6.6M   61  405  86%    10M |  99.9   ovl   1   27   992k    5    8  61%  81.9M   699n  n/a
   3   60 |   7 1.0   19   7.1M   75  347  82%    10M |  99.9   ovl   1   27  1.60M    8    4  33%  81.9M   -30n  n/a
   3   61 |   7 1.0   19   6.8M   62  369  85%    10M |  99.9   ovl   1   27   992k    5   12  70%  81.9M   508n  n/a
   3   62 |   7 1.0   19   6.8M   68  407  85%    10M |  99.9   n/a   1   27  1.78M    9   17  65%  81.9M    n/a  n/a
   3   63 |   7 1.0    0      0    0    0   0%    10M |   n/a   n/a   1    0      0    0    0   0%  81.9M    n/a  n/a
   4   64 |   7 1.0   19   6.1M  135  663  83%    10M |  99.9   ovl   1   27   957k   12   17  58%  81.9M   675n  n/a
   4   65 |   7 1.0   19   6.3M  145  642  81%    10M |  99.9   n/a   1   27   746k   10   18  64%  81.9M    n/a  n/a
   4   66 |   7 1.0   19   6.3M  129  578  81%    10M |  99.9   n/a   1   27  1.03M   13   16  55%  81.9M    n/a  n/a
   4   67 |   7 1.0   19   6.4M  138  528  79%    10M |  99.9   n/a   1   27  1.08M   14   15  51%  81.9M    n/a  n/a
   4   68 |   7 1.0   19   6.3M  141  661  82%    10M |  99.9   n/a   1   27  1.23M   17   15  46%  81.9M    n/a  n/a
   4   69 |   7 1.0   19   6.3M  136  560  80%    10M |  99.9   n/a   1   27   760k    9   19  67%  81.9M    n/a  n/a
   4   6a |   7 1.0   19   6.5M  153  575  78%    10M |  99.9   n/a   1   27   796k   10   17  62%  81.9M    n/a  n/a
   4   6b |   7 1.0   19   6.1M  142  589  80%    10M |  99.9   n/a   1   27   465k    6   15  71%  81.9M    n/a  n/a
   0   44 |   7 1.0   19    12M  234  391  62%    10M |  99.9   ovl   1   27  2.72M   32    8  20%  81.9M  -269n  n/a
   0   45 |   7 1.0   19    12M  214  390  64%    10M |  99.9   ovl   1   27  3.33M   38    5  11%  81.9M  -509n  n/a
   0   46 |   7 1.0   19    13M  259  338  56%    10M |  99.9   ovl   1   27  3.40M   37    7  15%  81.9M  -347n  n/a
   0   47 |   7 1.0   19    12M  219  423  65%    10M |  99.9   ovl   1   27  4.14M   45    8  15%  81.9M  -638n  n/a
   0   48 |   7 1.0   19    12M  244  420  63%    10M |  99.9   ovl   1   27  3.55M   40    8  16%  81.9M   204n  n/a
   0   49 |   7 1.0   19    12M  228  414  64%    10M |  99.9   ovl   1   27  3.00M   34    8  19%  81.9M   -81n  n/a
   0   4a |   7 1.0   19    12M  233  398  63%    10M |  99.9   ovl   1   27  3.88M   46    5   9%  81.9M  -511n  n/a
   0   4b |   7 1.0   19    12M  223  408  64%    10M |  99.9   n/a   1   27  3.12M   36   12  25%  81.9M    n/a  n/a
   1   4c |   7 1.0   19    16M   97  141  59%    10M |  99.9   ovl   1   27  4.05M   16    3  15%  81.9M   139n  n/a
   1   4d |   7 1.0   19    16M  115  187  61%    10M |  99.9   ovl   1   27  3.54M   14    5  26%  81.9M   308n  n/a
   1   4e |   7 1.0   19    16M  107  154  59%    10M |  99.9   ovl   1   27  5.09M   20    6  23%  81.9M   111n  n/a
   1   4f |   7 1.0   19    16M  115  189  62%    10M |  99.9   ovl   1   27  3.56M   14    4  22%  81.9M   655n  n/a
   1   50 |   7 1.0   19    15M   97  163  62%    10M |  99.9   ovl   1   27  3.34M   13    5  27%  81.9M   112n  n/a
   1   51 |   7 1.0   19    15M  109  172  61%    10M |  99.9   ovl   1   27  3.56M   14    5  26%  81.9M   111n  n/a
   1   52 |   7 1.0   19    15M   95  152  61%    10M |  99.9   ovl   1   27  4.03M   16    5  23%  81.9M   -89n  n/a
   1   53 |   7 1.0    0      0    0    0   0%    10M |   n/a   n/a   1    0      0    0    0   0%  81.9M    n/a  n/a
   2   54 |   7 1.0   19   9.1M   64  461  87%    10M |  99.9   n/a   1   27   750k    3    6  66%  81.9M    n/a  n/a
   2   55 |   7 1.0   19   8.7M   64  462  87%    10M |  99.9   n/a   1   27  1.50M    6   10  62%  81.9M    n/a  n/a
   2   56 |   7 1.0   19   8.4M   62  467  88%    10M |  99.9   n/a   1   27   258k    1    8  88%  81.9M    n/a  n/a
   2   57 |   7 1.0   19   8.5M   70  412  85%    10M |  99.9   n/a   1   27  1.51M    6    9  60%  81.9M    n/a  n/a
   2   58 |   7 1.0   19   8.1M   64  503  88%    10M |  99.9   n/a   1   27   504k    2    8  80%  81.9M    n/a  n/a
   2   59 |   7 1.0   19   8.1M   54  521  90%    10M |  99.9   n/a   1   27  1.02M    4    7  63%  81.9M    n/a  n/a
   2   5a |   7 1.0   19   8.6M   74  459  86%    10M |  99.9   n/a   1   27  1.76M    7    9  56%  81.9M    n/a  n/a
   2   5b |   7 1.0    0      0    0    0   0%    10M |   n/a   n/a   1    0      0    0    0   0%  81.9M    n/a  n/a
   3   5c |   7 1.0   19   5.9M   59  478  89%    10M |  99.9   n/a   1   27  1.19M    6    8  57%  81.9M    n/a  n/a
   3   5d |   7 1.0   19   6.7M   63  443  87%    10M |  99.9   n/a   1   27   611k    3   14  82%  81.9M    n/a  n/a
   3   5e |   7 1.0   19   6.1M   56  438  88%    10M |  99.9   n/a   1   27   193k    1    4  80%  81.9M    n/a  n/a
   3   5f |   7 1.0   19   6.6M   60  399  86%    10M |  99.9   n/a   1   27  1.61M    8   14  63%  81.9M    n/a  n/a
   3   60 |   7 1.0   19   6.2M   54  448  89%    10M |   n/a   n/a   1   27      0    0    4 100%  81.9M    n/a  n/a
   3   61 |   7 1.0   19   6.4M   57  375  86%    10M |  99.9   n/a   1   27   197k    1    9  90%  81.9M    n/a  n/a
   3   62 |   7 1.0   19   5.8M   62  487  88%    10M |  99.9   n/a   1   27   804k    4    7  63%  81.9M    n/a  n/a
   3   63 |   7 1.0    0      0    0    0   0%    10M |   n/a   n/a   1    0      0    0    0   0%  81.9M    n/a  n/a
   4   64 |   7 1.0   19   5.6M  132  646  83%    10M |  99.9   ovl   1   27  1.29M   18   15  45%  81.9M  -392n  n/a
   4   65 |   7 1.0   19   5.9M  120  545  81%    10M |  99.9   n/a   1   27  1.02M   14   18  56%  81.9M    n/a  n/a
   4   66 |   7 1.0   19   5.9M  131  689  84%    10M |  99.9   n/a   1   27   686k   10   16  61%  81.9M    n/a  n/a
   4   67 |   7 1.0   19   5.8M  134  606  81%    10M |  99.9   n/a   1   27   858k   11   18  62%  81.9M    n/a  n/a
   4   68 |   7 1.0   19   6.1M  137  639  82%    10M |  99.9   n/a   1   27  1.26M   16   16  50%  81.9M    n/a  n/a
   4   69 |   7 1.0   19   5.9M  136  570  80%    10M |  99.9   n/a   1   27   408k    5   17  77%  81.9M    n/a  n/a
   4   6a |   7 1.0   19   5.5M  125  683  84%    10M |  99.9   n/a   1   27   853k   12   15  55%  81.9M    n/a  n/a
   4   6b |   7 1.0   19   6.0M  127  575  81%    10M |  99.9   n/a   1   27   676k    9   18  66%  81.9M    n/a  n/a
   0   44 |   7 1.0   19    10M  206  525  71%    10M |  99.9   n/a   1   27  2.80M   32   14  30%  81.9M    n/a  n/a
   0   45 |   7 1.0   19    10M  201  440  68%    10M |  99.9   ovl   1   27  3.03M   32   13  28%  81.9M  -347n  n/a
   0   46 |   7 1.0   19    10M  201  444  68%    10M |  99.9   n/a   1   27  3.08M   36   12  25%  81.9M    n/a  n/a
   0   47 |   7 1.0   19    10M  210  490  70%    10M |  99.9   ovl   1   27  3.38M   38   15  28%  81.9M  -407n  n/a
   0   48 |   7 1.0   19    10M  198  460  69%    10M |  99.9   n/a   1   27  2.81M   32    8  20%  81.9M    n/a  n/a
   0   49 |   7 1.0   19    11M  200  417  67%    10M |  99.9   n/a   1   27  2.65M   30   11  26%  81.9M    n/a  n/a
   0   4a |   7 1.0   19    11M  235  512  68%    10M |  99.9   ovl   1   27  2.44M   27   12  30%  81.9M  -623n  n/a
   0   4b |   7 1.0   19    10M  199  459  69%    10M |  99.9   ovl   1   27  2.82M   31    9  22%  81.9M  -442n  n/a

          |--------------------DL---------------------|-------------------------------UL-----------------------------
 pci rnti | cqi  ri  mcs  brate   ok  nok  (%)  dl_bs | pusch  rsrp  ri  mcs  brate   ok  nok  (%)    bsr     ta  phr
   1   4c |   7 1.0   19   9.9M   86  312  78%    10M |  99.9   n/a   1   27  1.02M    4    5  55%  81.9M    n/a  n/a
   1   4d |   7 1.0   19   9.3M   73  289  79%    10M |  99.9   n/a   1   27  3.05M   12   10  45%  81.9M    n/a  n/a
   1   4e |   7 1.0   19   9.7M   76  278  78%    10M |  99.9   ovl   1   27  1.52M    6    9  60%  81.9M   408n  n/a
   1   4f |   7 1.0   19   9.7M   78  325  80%    10M |  99.9   n/a   1   27  1.02M    4   11  73%  81.9M    n/a  n/a
   1   50 |   7 1.0   19   9.5M   79  293  78%    10M |  99.9   ovl   1   27  2.01M    8   10  55%  81.9M   409n  n/a
   1   51 |   7 1.0   19   9.1M   71  301  80%    10M |  99.9   ovl   1   27  3.05M   12    5  29%  81.9M  -431n  n/a
   1   52 |   7 1.0   19   9.9M   78  318  80%    10M |  99.9   ovl   1   27  2.53M   10    8  44%  81.9M   107n  n/a
   1   53 |   7 1.0    0      0    0    0   0%    10M |   n/a   n/a   1    0      0    0    0   0%  81.9M    n/a  n/a
   2   54 |   7 1.0   19    16M  102  161  61%    10M |  99.9   ovl   1   27  3.04M   12    6  33%  81.9M   218n  n/a
   2   55 |   7 1.0   19    16M  109  183  62%    10M |  99.9   ovl   1   27  4.05M   16    4  20%  81.9M   127n  n/a
   2   56 |   7 1.0   19    15M  103  175  62%    10M |  99.9   ovl   1   27  3.80M   15    5  25%  81.9M  -106n  n/a
   2   57 |   7 1.0   19    15M  101  197  66%    10M |  99.9   ovl   1   27  3.30M   13    4  23%  81.9M  -293n  n/a
   2   58 |   7 1.0   19    15M  106  190  64%    10M |  99.9   ovl   1   27  4.03M   16    5  23%  81.9M    57n  n/a
   2   59 |   7 1.0   19    15M  106  184  63%    10M |  99.9   ovl   1   27  2.78M   11    5  31%  81.9M   358n  n/a
   2   5a |   7 1.0   19    13M   95  232  70%    10M |  99.9   ovl   1   27  3.57M   14    4  22%  81.9M    84n  n/a
   2   5b |   7 1.0    0      0    0    0   0%    10M |   n/a   n/a   1    0      0    0    0   0%  81.9M    n/a  n/a
   3   5c |   7 1.0   19   8.2M   80  387  82%    10M |  99.9   n/a   1   27  1.20M    6    5  45%  81.9M    n/a  n/a
   3   5d |   7 1.0   19   7.3M   65  396  85%    10M |  99.9   ovl   1   27  1.79M    9    6  40%  81.9M   698n  n/a
   3   5e |   7 1.0   19   8.4M   76  380  83%    10M |  99.9   ovl   1   27   992k    5    6  54%  81.9M   508n  n/a
   3   5f |   7 1.0   19   7.7M   68  385  84%    10M |  99.9   ovl   1   27  1.78M    9    5  35%  81.9M   699n  n/a
   3   60 |   7 1.0   19   8.0M   71  408  85%    10M |  99.9   n/a   1   27  1.59M    8   10  55%  81.9M    n/a  n/a
   3   61 |   7 1.0   19   8.1M   75  342  82%    10M |  99.9   n/a   1   27   980k    5   10  66%  81.9M    n/a  n/a
   3   62 |   7 1.0   19   8.5M   82  357  81%    10M |  99.9   ovl   1   27   594k    3    4  57%  81.9M  -759n  n/a
   3   63 |   7 1.0    0      0    0    0   0%    10M |   n/a   n/a   1    0      0    0    0   0%  81.9M    n/a  n/a
   4   64 |   7 1.0   19   6.7M  156  617  79%    10M |  99.9   ovl   1   27  1.42M   17   15  46%  81.9M  -238n  n/a
   4   65 |   7 1.0   19   7.1M  151  558  78%    10M |  99.9   ovl   1   27  1.89M   23   12  34%  81.9M  -408n  n/a
   4   66 |   7 1.0   19   6.8M  147  649  81%    10M |  99.9   ovl   1   27  1.86M   26   16  38%  81.9M  -793n  n/a
   4   67 |   7 1.0   19   7.1M  146  504  77%    10M |  99.9   ovl   1   27  1.35M   19   15  44%  81.9M  -450n  n/a
   4   68 |   7 1.0   19   6.7M  159  614  79%    10M |  99.9   ovl   1   27  1.75M   23   16  41%  81.9M  -104n  n/a
   4   69 |   7 1.0   19   7.4M  156  526  77%    10M |  99.9   ovl   1   27  1.47M   19   16  45%  81.9M  -370n  n/a
   4   6a |   7 1.0   19   7.3M  161  575  78%    10M |  99.9   ovl   1   27  1.56M   20   14  41%  81.9M  -125n  n/a
   4   6b |   7 1.0   19   7.0M  153  545  78%    10M |  99.9   ovl   1   27  1.58M   20   16  44%  81.9M  -328n  n/a
   0   44 |   7 1.0   19   9.3M  192  504  72%    10M |  99.9   ovl   1   27  1.75M   19   13  40%  81.9M  -186n  n/a
   0   45 |   7 1.0   19   9.6M  179  435  70%    10M |  99.9   n/a   1   27  2.33M   27   15  35%  81.9M    n/a  n/a
   0   46 |   7 1.0   19   9.8M  192  515  72%    10M |  99.9   n/a   1   27  1.51M   17    7  29%  81.9M    n/a  n/a
   0   47 |   7 1.0   19   9.6M  170  433  71%    10M |  99.9   n/a   1   27  1.05M   12   12  50%  81.9M    n/a  n/a
   0   48 |   7 1.0   19    10M  188  448  70%    10M |  99.9   ovl   1   27  1.97M   21   14  40%  81.9M  -327n  n/a
   0   49 |   7 1.0   19   9.6M  181  469  72%    10M |  99.9   n/a   1   27  2.39M   26   13  33%  81.9M    n/a  n/a
   0   4a |   7 1.0   19  10.0M  188  492  72%    10M |  99.9   ovl   1   27  2.95M   33   17  34%  81.9M    -1u  n/a
   0   4b |   7 1.0   19    10M  193  478  71%    10M |  99.9   ovl   1   27  1.51M   18   11  37%  81.9M   329n  n/a
   1   4c |   7 1.0   19    12M   94  288  75%    10M |  99.9   ovl   1   27  1.76M    7    8  53%  81.9M   107n  n/a
   1   4d |   7 1.0   19    11M   78  303  79%    10M |  99.9   n/a   1   27   992k    4    9  69%  81.9M    n/a  n/a
   1   4e |   7 1.0   19    10M   75  321  81%    10M |  99.9   n/a   1   27  1.53M    6   11  64%  81.9M    n/a  n/a
   1   4f |   7 1.0   19    12M   87  259  74%    10M |  99.9   ovl   1   27  1.75M    7    7  50%  81.9M   408n  n/a
   1   50 |   7 1.0   19    11M   96  305  76%    10M |  99.9   n/a   1   27  1.53M    6    9  60%  81.9M    n/a  n/a
   1   51 |   7 1.0   19    11M   81  341  80%    10M |  99.9   n/a   1   27  1.25M    5    9  64%  81.9M    n/a  n/a
   1   52 |   7 1.0   19    12M   88  296  77%    10M |  99.9   ovl   1   27  1.53M    6    7  53%  81.9M   107n  n/a
   1   53 |   7 1.0    0      0    0    0   0%    10M |   n/a   n/a   1    0      0    0    0   0%  81.9M    n/a  n/a
   2   54 |   7 1.0   19    11M   81  438  84%    10M |  99.9   n/a   1   27  2.02M    8    7  46%  81.9M    n/a  n/a
   2   55 |   7 1.0   19    11M   75  354  82%    10M |  99.9   ovl   1   27  1.01M    4    8  66%  81.9M  -293n  n/a
   2   56 |   7 1.0   19    11M   76  289  79%    10M |  99.9   ovl   1   27  1.80M    7    9  56%  81.9M   425n  n/a
   2   57 |   7 1.0   19    10M   73  373  83%    10M |  99.9   ovl   1   27  1.27M    5   10  66%  81.9M   846n  n/a
   2   58 |   7 1.0   19    10M   77  379  83%    10M |  99.9   n/a   1   27  1.27M    5   12  70%  81.9M    n/a  n/a
   2   59 |   7 1.0   19    11M   75  351  82%    10M |  99.9   ovl   1   27  2.01M    8    9  52%  81.9M  -170n  n/a
   2   5a |   7 1.0   19    11M   75  395  84%    10M |  99.9   n/a   1   27  2.27M    9    9  50%  81.9M    n/a  n/a
   2   5b |   7 1.0    0      0    0    0   0%    10M |   n/a   n/a   1    0      0    0    0   0%  81.9M    n/a  n/a
   3   5c |   7 1.0   19   8.7M   78  307  79%    10M |  99.9   ovl   1   27  1.97M   10    8  44%  81.9M   699n  n/a
   3   5d |   7 1.0   19   9.4M   89  279  75%    10M |  99.9   ovl   1   27  1.21M    6    4  40%  81.9M  -214n  n/a
   3   5e |   7 1.0   19   9.8M   88  276  75%    10M |  99.9   ovl   1   27  1.59M    8   13  61%  81.9M   317n  n/a
   3   5f |   7 1.0   19   9.8M   93  295  76%    10M |  99.9   n/a   1   27   791k    4   12  75%  81.9M    n/a  n/a
   3   60 |   7 1.0   19   9.9M  102  279  73%    10M |  99.9   n/a   1   27  1.60M    8    8  50%  81.9M    n/a  n/a
   3   61 |   7 1.0   19   9.4M   95  305  76%    10M |  99.9   ovl   1   27  3.16M   16    9  36%  81.9M   260n  n/a
   3   62 |   7 1.0   19   9.1M   90  314  77%    10M |  99.9   ovl   1   27  1.98M   10    4  28%  81.9M  -179n  n/a
   3   63 |   7 1.0    0      0    0    0   0%    10M |   n/a   n/a   1    0      0    0    0   0%  81.9M    n/a  n/a
   4   64 |   7 1.0   19   7.4M  170  582  77%    10M |  99.9   ovl   1   27  1.90M   23   13  36%  81.9M  -566n  n/a
   4   65 |   7 1.0   19   7.1M  149  580  79%    10M |  99.9   ovl   1   27  1.50M   19   13  40%  81.9M   897n  n/a
   4   66 |   7 1.0   19   7.6M  177  548  75%    10M |  99.9   ovl   1   27  1.38M   18   16  47%  81.9M  -543n  n/a
   4   67 |   7 1.0   19   7.2M  148  520  77%    10M |  99.9   ovl   1   27  1.62M   20   14  41%  81.9M    -1u  n/a
   4   68 |   7 1.0   19   7.6M  169  577  77%    10M |  99.9   ovl   1   27  1.27M   17   11  39%  81.9M    54n  n/a
   4   69 |   7 1.0   19   7.2M  144  512  78%    10M |  99.9   n/a   1   27  1.87M   22   10  31%  81.9M    n/a  n/a
   4   6a |   7 1.0   19   7.1M  172  614  78%    10M |  99.9   n/a   1   27  1.33M   18   18  50%  81.9M    n/a  n/a
   4   6b |   7 1.0   19   7.2M  160  501  75%    10M |  99.9   n/a   1   27  1.26M   15   14  48%  81.9M    n/a  n/a
   0   44 |   7 1.0   19   7.5M  159  584  78%    10M |  99.9   ovl   1   27  1.80M   19   14  42%  81.9M   -73n  n/a
   0   45 |   7 1.0   19   7.4M  146  524  78%    10M |  99.9   ovl   1   27  2.01M   21    8  27%  81.9M  -779n  n/a
   0   46 |   7 1.0   19   8.0M  171  503  74%    10M |  99.9   ovl   1   27  2.23M   24   10  29%  81.9M  -858n  n/a
   0   47 |   7 1.0   19   7.3M  146  495  77%    10M |  99.9   n/a   1   27  1.27M   15   16  51%  81.9M    n/a  n/a
   0   48 |   7 1.0   19   7.6M  151  503  76%    10M |  99.9   ovl   1   27  2.07M   21   12  36%  81.9M  -858n  n/a
   0   49 |   7 1.0   19   7.5M  158  506  76%    10M |  99.9   ovl   1   27  2.32M   24   13  35%  81.9M  -700n  n/a
   0   4a |   7 1.0   19   7.2M  153  616  80%    10M |  99.9   n/a   1   27  1.37M   15   12  44%  81.9M    n/a  n/a
   0   4b |   7 1.0   19   7.6M  146  512  77%    10M |  99.9   ovl   1   27  2.23M   26    8  23%  81.9M  -700n  n/a
   1   4c |   7 1.0   19    10M   86  263  75%    10M |  99.9   ovl   1   27  1.77M    7    5  41%  81.9M  -431n  n/a
   1   4d |   7 1.0   19   9.2M   77  301  79%    10M |  99.9   ovl   1   27  2.54M   10    7  41%  81.9M   409n  n/a
   1   4e |   7 1.0   19    11M   83  202  70%    10M |  99.9   ovl   1   27  2.27M    9    5  35%  81.9M   409n  n/a
   1   4f |   7 1.0   19   9.6M   77  270  77%    10M |  99.9   ovl   1   27  1.53M    6   11  64%  81.9M  -968n  n/a
   1   50 |   7 1.0   19   8.8M   78  286  78%    10M |  99.9   ovl   1   27  1.79M    7   12  63%  81.9M  -968n  n/a
   1   51 |   7 1.0   19   9.8M   73  304  80%    10M |  99.9   n/a   1   27  2.05M    8   10  55%  81.9M    n/a  n/a
   1   52 |   7 1.0   19   9.3M   77  321  80%    10M |  99.9   ovl   1   27  2.00M    8    8  50%  81.9M   308n  n/a
   1   53 |   7 1.0    0      0    0    0   0%    10M |   n/a   n/a   1    0      0    0    0   0%  81.9M    n/a  n/a

          |--------------------DL---------------------|-------------------------------UL-----------------------------
 pci rnti | cqi  ri  mcs  brate   ok  nok  (%)  dl_bs | pusch  rsrp  ri  mcs  brate   ok  nok  (%)    bsr     ta  phr
   2   54 |   7 1.0   19    11M   79  470  85%    10M |  99.9   n/a   1   27   762k    3    6  66%  81.9M    n/a  n/a
   2   55 |   7 1.0   19    10M   71  412  85%    10M |  99.9   n/a   1   27  1.80M    7    7  50%  81.9M    n/a  n/a
   2   56 |   7 1.0   19    11M   80  409  83%    10M |  99.9   n/a   1   27  2.52M   10    8  44%  81.9M    n/a  n/a
   2   57 |   7 1.0   19    10M   74  450  85%    10M |  99.9   n/a   1   27  1.01M    4    6  60%  81.9M    n/a  n/a
   2   58 |   7 1.0   19    11M   80  431  84%    10M |  99.9   n/a   1   27  1.49M    6    7  53%  81.9M    n/a  n/a
   2   59 |   7 1.0   19   9.9M   70  440  86%    10M |  99.9   n/a   1   27  1.77M    7   11  61%  81.9M    n/a  n/a
   2   5a |   7 1.0   19    11M   82  420  83%    10M |  99.9   n/a   1   27  2.01M    8   10  55%  81.9M    n/a  n/a
   2   5b |   7 1.0    0      0    0    0   0%    10M |   n/a   n/a   1    0      0    0    0   0%  81.9M    n/a  n/a
   3   5c |   7 1.0   19   8.1M   82  348  80%    10M |  99.9   n/a   1   27  1.98M   10   10  50%  81.9M    n/a  n/a
   3   5d |   7 1.0   19   8.2M   76  398  83%    10M |  99.9   n/a   1   27   586k    3   11  78%  81.9M    n/a  n/a
   3   5e |   7 1.0   19   7.6M   81  393  82%    10M |  99.9   n/a   1   27   799k    4    8  66%  81.9M    n/a  n/a
   3   5f |   7 1.0   19   7.3M   76  415  84%    10M |  99.9   n/a   1   27  2.19M   11   12  52%  81.9M    n/a  n/a
   3   60 |   7 1.0   19   7.8M   82  376  82%    10M |  99.9   ovl   1   27   988k    5   11  68%  81.9M   698n  n/a
   3   61 |   7 1.0   19   7.6M   73  440  85%    10M |  99.9   n/a   1   27   197k    1    4  80%  81.9M    n/a  n/a
   3   62 |   7 1.0   19   8.1M   80  397  83%    10M |  99.9   n/a   1   27  1.60M    8    5  38%  81.9M    n/a  n/a
   3   63 |   7 1.0    0      0    0    0   0%    10M |   n/a   n/a   1    0      0    0    0   0%  81.9M    n/a  n/a
   4   64 |   7 1.0   19   8.3M  190  513  72%    10M |  99.9   ovl   1   27  1.67M   21   15  41%  81.9M  -273n  n/a
   4   65 |   7 1.0   19   8.1M  167  516  75%    10M |  99.9   ovl   1   27  1.32M   17   13  43%  81.9M  -387n  n/a
   4   66 |   7 1.0   19   7.7M  170  545  76%    10M |  99.9   ovl   1   27  1.73M   23   14  37%  81.9M  -474n  n/a
   4   67 |   7 1.0   19   7.8M  168  513  75%    10M |  99.9   ovl   1   27  2.05M   26   15  36%  81.9M  -414n  n/a
   4   68 |   7 1.0   19   7.6M  182  553  75%    10M |  99.9   ovl   1   27  2.01M   25   15  37%  81.9M   182n  n/a
   4   69 |   7 1.0   19   8.1M  172  478  73%    10M |  99.9   ovl   1   27  1.84M   22   10  31%  81.9M  -464n  n/a
   4   6a |   7 1.0   19   8.1M  191  491  71%    10M |  99.9   ovl   1   27  1.58M   19   13  40%  81.9M   -74n  n/a
   4   6b |   7 1.0   19   7.9M  170  504  74%    10M |  99.9   ovl   1   27  2.01M   25   11  30%  81.9M   -62n  n/a
   0   44 |   7 1.0   19   5.1M  107  717  87%    10M |  99.9   n/a   1   27  1.29M   15   13  46%  81.9M    n/a  n/a
   0   45 |   7 1.0   19   5.2M   95  640  87%    10M |  99.9   n/a   1   27   525k    6   18  75%  81.9M    n/a  n/a
   0   46 |   7 1.0   19   5.3M  106  665  86%    10M |  99.9   n/a   1   27   631k    8   13  61%  81.9M    n/a  n/a
   0   47 |   7 1.0   19   4.9M   90  585  86%    10M |  99.9   n/a   1   27  1.28M   14   11  44%  81.9M    n/a  n/a
   0   48 |   7 1.0   19   5.7M  115  659  85%    10M |  99.9   n/a   1   27   529k    6   13  68%  81.9M    n/a  n/a
   0   49 |   7 1.0   19   4.9M   89  604  87%    10M |  99.9   n/a   1   27   590k    6   15  71%  81.9M    n/a  n/a
   0   4a |   7 1.0   19   5.0M   98  649  86%    10M |  99.9   n/a   1   27  1.26M   14    8  36%  81.9M    n/a  n/a
   0   4b |   7 1.0   19   4.9M   94  634  87%    10M |  99.9   n/a   1   27  1.15M   13   12  48%  81.9M    n/a  n/a
   1   4c |   7 1.0   19    12M   79  225  74%    10M |  99.9   ovl   1   27  1.76M    7    7  50%  81.9M  -968n  n/a
   1   4d |   7 1.0   19    12M   88  235  72%    10M |  99.9   ovl   1   27  2.78M   11   10  47%  81.9M   409n  n/a
   1   4e |   7 1.0   19    12M   75  223  74%    10M |  99.9   ovl   1   27  1.78M    7   11  61%  81.9M   409n  n/a
   1   4f |   7 1.0   19    12M   90  210  70%    10M |  99.9   ovl   1   27  2.25M    9    5  35%  81.9M   900n  n/a
   1   50 |   7 1.0   19    11M   76  245  76%    10M |  99.9   ovl   1   27  2.26M    9    3  25%  81.9M   579n  n/a
   1   51 |   7 1.0   19    12M   90  223  71%    10M |  99.9   ovl   1   27  2.54M   10    5  33%  81.9M  -242n  n/a
   1   52 |   7 1.0   19    11M   81  227  73%    10M |  99.9   ovl   1   27  2.03M    8    7  46%  81.9M   106n  n/a
   1   53 |   7 1.0    0      0    0    0   0%    10M |   n/a   n/a   1    0      0    0    0   0%  81.9M    n/a  n/a
   2   54 |   7 1.0   19   8.7M   63  583  90%    10M |  99.9   n/a   1   27  1.27M    5   12  70%  81.9M    n/a  n/a
   2   55 |   7 1.0   19   8.1M   60  482  88%    10M |  99.9   n/a   1   27  1.02M    4    7  63%  81.9M    n/a  n/a
   2   56 |   7 1.0   19   8.5M   62  603  90%    10M |  99.9   n/a   1   27   996k    4    8  66%  81.9M    n/a  n/a
   2   57 |   7 1.0   19   8.4M   57  480  89%    10M |  99.9   n/a   1   27  1.76M    7   11  61%  81.9M    n/a  n/a
   2   58 |   7 1.0   19   8.1M   56  471  89%    10M |  99.9   n/a   1   27   500k    2    7  77%  81.9M    n/a  n/a
   2   59 |   7 1.0   19   8.5M   64  497  88%    10M |  99.9   n/a   1   27   508k    2    7  77%  81.9M    n/a  n/a
   2   5a |   7 1.0   19   8.4M   58  594  91%    10M |  99.9   n/a   1   27   254k    1    7  87%  81.9M    n/a  n/a
   2   5b |   7 1.0    0      0    0    0   0%    10M |   n/a   n/a   1    0      0    0    0   0%  81.9M    n/a  n/a
   3   5c |   7 1.0   19   7.9M   76  236  75%    10M |  99.9   ovl   1   27  1.81M    9    4  30%  81.9M    27n  n/a
   3   5d |   7 1.0   19   9.5M   90  180  66%    10M |  99.9   ovl   1   27  1.81M    9    9  50%  81.9M  -469n  n/a
   3   5e |   7 1.0   19   9.3M   78  207  72%    10M |  99.9   n/a   1   27  1.20M    6   11  64%  81.9M    n/a  n/a
   3   5f |   7 1.0   19   9.1M   93  215  69%    10M |  99.9   n/a   1   27  1.38M    7    5  41%  81.9M    n/a  n/a
   3   60 |   7 1.0   19   8.0M   75  251  76%    10M |  99.9   ovl   1   27  2.59M   13    6  31%  81.9M  -217n  n/a
   3   61 |   7 1.0   19    10M   99  204  67%    10M |  99.9   n/a   1   27  1.59M    8    9  52%  81.9M    n/a  n/a
   3   62 |   7 1.0   19   9.2M   91  207  69%    10M |  99.9   ovl   1   27  1.78M    9    6  40%  81.9M  -309n  n/a
   3   63 |   7 1.0    0      0    0    0   0%    10M |   n/a   n/a   1    0      0    0    0   0%  81.9M    n/a  n/a
   4   64 |   7 1.0   19   9.5M  223  478  68%    10M |  99.9   ovl   1   27  2.82M   35    8  18%  81.9M   364n  n/a
   4   65 |   7 1.0   19   9.3M  201  424  67%    10M |  99.9   ovl   1   27  2.39M   30   10  25%  81.9M  -702n  n/a
   4   66 |   7 1.0   19   9.4M  202  461  69%    10M |  99.9   ovl   1   27  2.72M   34    8  19%  81.9M  -209n  n/a
   4   67 |   7 1.0   19   9.3M  194  453  70%    10M |  99.9   ovl   1   27  2.42M   31   10  24%  81.9M  -297n  n/a
   4   68 |   7 1.0   19   9.3M  216  462  68%    10M |  99.9   ovl   1   27  2.27M   29    9  23%  81.9M  -459n  n/a
   4   69 |   7 1.0   19   9.3M  194  449  69%    10M |  99.9   ovl   1   27  2.36M   29   13  30%  81.9M  -510n  n/a
   4   6a |   7 1.0   19   9.7M  235  461  66%    10M |  99.9   ovl   1   27  2.78M   34    6  15%  81.9M  -557n  n/a
   4   6b |   7 1.0   19   9.4M  200  422  67%    10M |  99.9   ovl   1   27  1.98M   26   12  31%  81.9M    25n  n/a
   0   44 |   7 1.0   19   6.2M  126  692  84%    10M |  99.9   n/a   1   27   858k   10   14  58%  81.9M    n/a  n/a
   0   45 |   7 1.0   19   6.6M  122  567  82%    10M |  99.9   n/a   1   27   842k    9   16  64%  81.9M    n/a  n/a
   0   46 |   7 1.0   19   6.6M  127  631  83%    10M |  99.9   n/a   1   27   592k    6   15  71%  81.9M    n/a  n/a
   0   47 |   7 1.0   19   6.3M  112  598  84%    10M |  99.9   n/a   1   27   672k    7   14  66%  81.9M    n/a  n/a
   0   48 |   7 1.0   19   5.5M  106  674  86%    10M |  99.9   n/a   1   27   584k    6   18  75%  81.9M    n/a  n/a
   0   49 |   7 1.0   19   6.2M  121  538  81%    10M |  99.9   n/a   1   27   533k    6   17  73%  81.9M    n/a  n/a
   0   4a |   7 1.0   19   5.7M  118  645  84%    10M |  99.9   n/a   1   27   811k    8   14  63%  81.9M    n/a  n/a
   0   4b |   7 1.0   19   6.2M  125  638  83%    10M |  99.9   n/a   1   27   654k    7   15  68%  81.9M    n/a  n/a
   1   4c |   7 1.0   19    14M   95  270  73%    10M |  99.9   ovl   1   27  4.82M   19    5  20%  81.9M  -104n  n/a
   1   4d |   7 1.0   19    16M  120  215  64%    10M |  99.9   ovl   1   27  4.05M   16    8  33%  81.9M   -11n  n/a
   1   4e |   7 1.0   19    15M   98  230  70%    10M |  99.9   ovl   1   27  3.05M   12    5  29%  81.9M   -84n  n/a
   1   4f |   7 1.0   19    14M  111  225  66%    10M |  99.9   ovl   1   27  3.56M   14    5  26%  81.9M   655n  n/a
   1   50 |   7 1.0   19    16M  115  182  61%    10M |  99.9   ovl   1   27  3.06M   12    6  33%  81.9M   -34n  n/a
   1   51 |   7 1.0   19    15M  109  215  66%    10M |  99.9   ovl   1   27  3.57M   14    4  22%  81.9M  -431n  n/a
   1   52 |   7 1.0   19    15M  101  250  71%    10M |  99.9   ovl   1   27  4.30M   17    9  34%  81.9M   472n  n/a
   1   53 |   7 1.0    0      0    0    0   0%    10M |   n/a   n/a   1    0      0    0    0   0%  81.9M    n/a  n/a
   2   54 |   7 1.0   19   8.9M   67  430  86%    10M |  99.9   n/a   1   27  1.75M    7    4  36%  81.9M    n/a  n/a
   2   55 |   7 1.0   19   7.8M   62  425  87%    10M |  99.9   n/a   1   27  1.01M    4   10  71%  81.9M    n/a  n/a
   2   56 |   7 1.0   19   7.9M   58  409  87%    10M |  99.9   n/a   1   27   496k    2    6  75%  81.9M    n/a  n/a
   2   57 |   7 1.0   19   8.0M   57  428  88%    10M |  99.9   ovl   1   27  2.01M    8    9  52%  81.9M   -29n  n/a
   2   58 |   7 1.0   19   9.0M   77  395  83%    10M |  99.9   n/a   1   27  1.53M    6   10  62%  81.9M    n/a  n/a
   2   59 |   7 1.0   19   8.1M   59  465  88%    10M |  99.9   ovl   1   27  2.02M    8    6  42%  81.9M  -149n  n/a
   2   5a |   7 1.0   19   9.1M   67  421  86%    10M |  99.9   ovl   1   27  1.77M    7   12  63%  81.9M  -660n  n/a
   2   5b |   7 1.0    0      0    0    0   0%    10M |   n/a   n/a   1    0      0    0    0   0%  81.9M    n/a  n/a

          |--------------------DL---------------------|-------------------------------UL-----------------------------
 pci rnti | cqi  ri  mcs  brate   ok  nok  (%)  dl_bs | pusch  rsrp  ri  mcs  brate   ok  nok  (%)    bsr     ta  phr
   3   5c |   7 1.0   19   8.3M   77  250  76%    10M |  99.9   n/a   1   27   607k    3    8  72%  81.9M    n/a  n/a
   3   5d |   7 1.0   19   8.9M   97  249  71%    10M |  99.9   n/a   1   27  2.00M   10    5  33%  81.9M    n/a  n/a
   3   5e |   7 1.0   19   8.7M   76  222  74%    10M |  99.9   n/a   1   27  1.80M    9   10  52%  81.9M    n/a  n/a
   3   5f |   7 1.0   19   9.8M  101  233  69%    10M |  99.9   n/a   1   27  1.40M    7    6  46%  81.9M    n/a  n/a
   3   60 |   7 1.0   19   8.6M   78  298  79%    10M |  99.9   ovl   1   27  2.59M   13    5  27%  81.9M   184n  n/a
   3   61 |   7 1.0   19   9.8M  103  213  67%    10M |  99.9   n/a   1   27  2.18M   11    8  42%  81.9M    n/a  n/a
   3   62 |   7 1.0   19   8.1M   74  260  77%    10M |  99.9   ovl   1   27  1.99M   10   10  50%  81.9M  -179n  n/a
   3   63 |   7 1.0    0      0    0    0   0%    10M |   n/a   n/a   1    0      0    0    0   0%  81.9M    n/a  n/a
   4   64 |   7 1.0   19   9.6M  210  443  67%    10M |  99.9   ovl   1   27  2.65M   35   10  22%  81.9M  -143n  n/a
   4   65 |   7 1.0   19   9.6M  198  403  67%    10M |  99.9   ovl   1   27  2.44M   32   10  23%  81.9M  -197n  n/a
   4   66 |   7 1.0   19   9.5M  213  400  65%    10M |  99.9   ovl   1   27  1.87M   23    9  28%  81.9M  -332n  n/a
   4   67 |   7 1.0   19   9.5M  200  402  66%    10M |  99.9   ovl   1   27  2.12M   27   11  28%  81.9M  -183n  n/a
   4   68 |   7 1.0   19   9.2M  202  543  72%    10M |  99.9   ovl   1   27  2.61M   34    9  20%  81.9M  -302n  n/a
   4   69 |   7 1.0   19   9.5M  208  411  66%    10M |  99.9   ovl   1   27  2.07M   27    8  22%  81.9M  -539n  n/a
   4   6a |   7 1.0   19   9.0M  209  566  73%    10M |  99.9   ovl   1   27  1.59M   22   12  35%  81.9M  -540n  n/a
   4   6b |   7 1.0   19   9.7M  204  418  67%    10M |  99.9   ovl   1   27  2.15M   28   11  28%  81.9M  -415n  n/a
   0   44 |   7 1.0   19   7.1M  139  617  81%    10M |  99.9   n/a   1   27   701k    8   20  71%  81.9M    n/a  n/a
   0   45 |   7 1.0   19   7.8M  161  533  76%    10M |  99.9   n/a   1   27   914k    9   17  65%  81.9M    n/a  n/a
   0   46 |   7 1.0   19   7.2M  147  673  82%    10M |  99.9   n/a   1   27  1.20M   13   15  53%  81.9M    n/a  n/a
   0   47 |   7 1.0   19   7.8M  154  547  78%    10M |  99.9   n/a   1   27  1.41M   16   14  46%  81.9M    n/a  n/a
   0   48 |   7 1.0   19   7.4M  148  594  80%    10M |  99.9   n/a   1   27  1.93M   20   11  35%  81.9M    n/a  n/a
   0   49 |   7 1.0   19   7.8M  145  495  77%    10M |  99.9   n/a   1   27  1.44M   17   17  50%  81.9M    n/a  n/a
   0   4a |   7 1.0   19   7.0M  146  647  81%    10M |  99.9   n/a   1   27  2.06M   22    7  24%  81.9M    n/a  n/a
   0   4b |   7 1.0   19   8.1M  146  511  77%    10M |  99.9   n/a   1   27  1.41M   16   20  55%  81.9M    n/a  n/a
   1   4c |   7 1.0   19    12M   91  256  73%    10M |  99.9   n/a   1   27  2.54M   10    9  47%  81.9M    n/a  n/a
   1   4d |   7 1.0   19    12M   87  183  67%    10M |  99.9   ovl   1   27  2.52M   10    6  37%  81.9M  -968n  n/a
   1   4e |   7 1.0   19    13M   91  174  65%    10M |  99.9   n/a   1   27  3.28M   13    9  40%  81.9M    n/a  n/a
   1   4f |   7 1.0   19    13M   90  229  71%    10M |  99.9   ovl   1   27  2.53M   10   11  52%  81.9M   900n  n/a
   1   50 |   7 1.0   19    13M   99  217  68%    10M |  99.9   n/a   1   27  2.31M    9    8  47%  81.9M    n/a  n/a
   1   51 |   7 1.0   19    13M   96  215  69%    10M |  99.9   n/a   1   27  1.03M    4    6  60%  81.9M    n/a  n/a
   1   52 |   7 1.0   19    12M   82  227  73%    10M |  99.9   ovl   1   27  2.52M   10   10  50%  81.9M  -968n  n/a
   1   53 |   7 1.0    0      0    0    0   0%    10M |   n/a   n/a   1    0      0    0    0   0%  81.9M    n/a  n/a
   2   54 |   7 1.0   19    14M  103  254  71%    10M |  99.9   ovl   1   27  2.28M    9    7  43%  81.9M   846n  n/a
   2   55 |   7 1.0   19    14M   99  259  72%    10M |  99.9   ovl   1   27  2.80M   11    7  38%  81.9M   455n  n/a
   2   56 |   7 1.0   19    13M   83  256  75%    10M |  99.9   ovl   1   27  2.53M   10   13  56%  81.9M  -174n  n/a
   2   57 |   7 1.0   19    14M   94  287  75%    10M |  99.9   ovl   1   27  1.52M    6    8  57%  81.9M   358n  n/a
   2   58 |   7 1.0   19    14M   89  218  71%    10M |  99.9   ovl   1   27  2.79M   11    9  45%  81.9M   264n  n/a
   2   59 |   7 1.0   19    14M   98  242  71%    10M |  99.9   ovl   1   27  2.03M    8    5  38%  81.9M   423n  n/a
   2   5a |   7 1.0   19    14M  100  289  74%    10M |  99.9   ovl   1   27  2.02M    8    8  50%  81.9M    74n  n/a
   2   5b |   7 1.0    0      0    0    0   0%    10M |   n/a   n/a   1    0      0    0    0   0%  81.9M    n/a  n/a
   3   5c |   7 1.0   19   9.5M   95  214  69%    10M |  99.9   n/a   1   27  2.17M   11    8  42%  81.9M    n/a  n/a
   3   5d |   7 1.0   19   8.7M   88  246  73%    10M |  99.9   ovl   1   27  1.78M    9    8  47%  81.9M   260n  n/a
   3   5e |   7 1.0   19   9.9M   90  218  70%    10M |  99.9   n/a   1   27  1.39M    7    8  53%  81.9M    n/a  n/a
   3   5f |   7 1.0   19   9.6M   95  237  71%    10M |  99.9   n/a   1   27  2.57M   13    7  35%  81.9M    n/a  n/a
   3   60 |   7 1.0   19   9.7M   94  225  70%    10M |  99.9   ovl   1   27  1.18M    6   13  68%  81.9M   317n  n/a
   3   61 |   7 1.0   19   9.1M   83  236  73%    10M |  99.9   n/a   1   27  1.00M    5   10  66%  81.9M    n/a  n/a
   3   62 |   7 1.0   19    10M   96  175  64%    10M |  99.9   ovl   1   27  1.21M    6    9  60%  81.9M   317n  n/a
   3   63 |   7 1.0    0      0    0    0   0%    10M |   n/a   n/a   1    0      0    0    0   0%  81.9M    n/a  n/a
   4   64 |   7 1.0   19   5.5M  129  636  83%    10M |  99.9   ovl   1   27  1.17M   15   13  46%  81.9M    -1u  n/a
   4   65 |   7 1.0   19   6.2M  139  519  78%    10M |  99.9   n/a   1   27   749k    9   13  59%  81.9M    n/a  n/a
   4   66 |   7 1.0   19   5.1M  120  703  85%    10M |  99.9   n/a   1   27   846k   10   19  65%  81.9M    n/a  n/a
   4   67 |   7 1.0   19   5.8M  131  531  80%    10M |  99.9   n/a   1   27  1.42M   17   21  55%  81.9M    n/a  n/a
   4   68 |   7 1.0   19   5.6M  128  613  82%    10M |  99.9   n/a   1   27   496k    7   21  75%  81.9M    n/a  n/a
   4   69 |   7 1.0   19   6.2M  135  507  78%    10M |  99.9   n/a   1   27   927k   11   17  60%  81.9M    n/a  n/a
   4   6a |   7 1.0   19   5.5M  117  630  84%    10M |  99.9   n/a   1   27   584k    7   21  75%  81.9M    n/a  n/a
   4   6b |   7 1.0   19   6.0M  133  560  80%    10M |  99.9   n/a   1   27   804k   10   17  62%  81.9M    n/a  n/a
   0   44 |   7 1.0   19   8.3M  168  538  76%    10M |  99.9   n/a   1   27  1.67M   19   12  38%  81.9M    n/a  n/a
   0   45 |   7 1.0   19   8.3M  159  523  76%    10M |  99.9   n/a   1   27   990k   12   13  52%  81.9M    n/a  n/a
   0   46 |   7 1.0   19   8.5M  179  526  74%    10M |  99.9   n/a   1   27  2.46M   27   10  27%  81.9M    n/a  n/a
   0   47 |   7 1.0   19   8.3M  165  535  76%    10M |  99.9   n/a   1   27  1.57M   18   15  45%  81.9M    n/a  n/a
   0   48 |   7 1.0   19   7.8M  158  545  77%    10M |  99.9   ovl   1   27  1.74M   18   14  43%  81.9M  -651n  n/a
   0   49 |   7 1.0   19   8.4M  161  533  76%    10M |  99.9   n/a   1   27  2.82M   30   11  26%  81.9M    n/a  n/a
   0   4a |   7 1.0   19   8.7M  186  520  73%    10M |  99.9   n/a   1   27  1.95M   23   15  39%  81.9M    n/a  n/a
   0   4b |   7 1.0   19   8.6M  162  531  76%    10M |  99.9   ovl   1   27  2.11M   24    9  27%  81.9M  -720n  n/a
   1   4c |   7 1.0   19    12M   88  320  78%    10M |  99.9   ovl   1   27  2.53M   10    7  41%  81.9M   409n  n/a
   1   4d |   7 1.0   19    12M   87  317  78%    10M |  99.9   ovl   1   27  3.31M   13    8  38%  81.9M  -431n  n/a
   1   4e |   7 1.0   19    13M  100  291  74%    10M |  99.9   ovl   1   27  3.79M   15    8  34%  81.9M   409n  n/a
   1   4f |   7 1.0   19    12M   87  286  76%    10M |  99.9   ovl   1   27  2.53M   10    6  37%  81.9M   107n  n/a
   1   50 |   7 1.0   19    12M  100  334  76%    10M |  99.9   n/a   1   27  2.02M    8   10  55%  81.9M    n/a  n/a
   1   51 |   7 1.0   19    11M   82  320  79%    10M |  99.9   ovl   1   27  2.29M    9    7  43%  81.9M  -968n  n/a
   1   52 |   7 1.0   19    12M   93  292  75%    10M |  99.9   ovl   1   27  3.31M   13   11  45%  81.9M   258n  n/a
   1   53 |   7 1.0    0      0    0    0   0%    10M |   n/a   n/a   1    0      0    0    0   0%  81.9M    n/a  n/a
   2   54 |   7 1.0   19    13M   86  217  71%    10M |  99.9   ovl   1   27  2.55M   10    8  44%  81.9M    64n  n/a
   2   55 |   7 1.0   19    14M  105  280  72%    10M |  99.9   n/a   1   27  1.79M    7    9  56%  81.9M    n/a  n/a
   2   56 |   7 1.0   19    13M   94  209  68%    10M |  99.9   ovl   1   27  3.26M   13    8  38%  81.9M   -16n  n/a
   2   57 |   7 1.0   19    13M   90  244  73%    10M |  99.9   ovl   1   27  2.78M   11   10  47%  81.9M    84n  n/a
   2   58 |   7 1.0   19    14M   97  234  70%    10M |  99.9   ovl   1   27  2.04M    8    7  46%  81.9M  -151n  n/a
   2   59 |   7 1.0   19    13M   88  239  73%    10M |  99.9   n/a   1   27  2.52M   10    9  47%  81.9M    n/a  n/a
   2   5a |   7 1.0   19    13M   88  235  72%    10M |  99.9   ovl   1   27  2.55M   10    8  44%  81.9M   274n  n/a
   2   5b |   7 1.0    0      0    0    0   0%    10M |   n/a   n/a   1    0      0    0    0   0%  81.9M    n/a  n/a
   3   5c |   7 1.0   19   7.8M   70  480  87%    10M |  99.9   ovl   1   27  1.18M    6    8  57%  81.9M  -214n  n/a
   3   5d |   7 1.0   19   7.7M   75  363  82%    10M |  99.9   n/a   1   27   779k    4   10  71%  81.9M    n/a  n/a
   3   5e |   7 1.0   19   7.6M   73  405  84%    10M |  99.9   ovl   1   27   799k    4    5  55%  81.9M   508n  n/a
   3   5f |   7 1.0   19   8.1M   75  366  82%    10M |  99.9   ovl   1   27   795k    4   11  73%  81.9M   699n  n/a
   3   60 |   7 1.0   19   7.7M   71  476  87%    10M |  99.9   ovl   1   27  1.99M   10    9  47%  81.9M  -759n  n/a
   3   61 |   7 1.0   19   7.6M   78  420  84%    10M |  99.9   ovl   1   27   803k    4   10  71%  81.9M   332n  n/a
   3   62 |   7 1.0   19   8.3M   76  399  84%    10M |  99.9   ovl   1   27  1.42M    7   10  58%  81.9M  -221n  n/a
   3   63 |   7 1.0    0      0    0    0   0%    10M |   n/a   n/a   1    0      0    0    0   0%  81.9M    n/a  n/a

          |--------------------DL---------------------|-------------------------------UL-----------------------------
 pci rnti | cqi  ri  mcs  brate   ok  nok  (%)  dl_bs | pusch  rsrp  ri  mcs  brate   ok  nok  (%)    bsr     ta  phr
   4   64 |   7 1.0   19   6.6M  153  623  80%    10M |  99.9   n/a   1   27   968k   12   13  52%  81.9M    n/a  n/a
   4   65 |   7 1.0   19   6.9M  144  528  78%    10M |  99.9   ovl   1   27  1.41M   18   18  50%  81.9M    54n  n/a
   4   66 |   7 1.0   19   6.3M  148  614  80%    10M |  99.9   n/a   1   27  1.04M   14   16  53%  81.9M    n/a  n/a
   4   67 |   7 1.0   19   7.1M  147  502  77%    10M |  99.9   n/a   1   27   805k   11   18  62%  81.9M    n/a  n/a
   4   68 |   7 1.0   19   6.6M  152  563  78%    10M |  99.9   ovl   1   27  1.83M   24   11  31%  81.9M   -62n  n/a
   4   69 |   7 1.0   19   7.0M  154  540  77%    10M |  99.9   ovl   1   27  1.36M   17   15  46%  81.9M    66n  n/a
   4   6a |   7 1.0   19   5.9M  129  603  82%    10M |  99.9   n/a   1   27   941k   12   17  58%  81.9M    n/a  n/a
   4   6b |   7 1.0   19   7.0M  145  500  77%    10M |  99.9   ovl   1   27   733k   10   16  61%  81.9M  -410n  n/a
   0   44 |   7 1.0   19    10M  200  432  68%    10M |  99.9   n/a   1   27  2.88M   32    4  11%  81.9M    n/a  n/a
   0   45 |   7 1.0   19   9.9M  185  457  71%    10M |  99.9   n/a   1   27  2.68M   30   15  33%  81.9M    n/a  n/a
   0   46 |   7 1.0   19   9.8M  202  487  70%    10M |  99.9   ovl   1   27  2.28M   27    7  20%  81.9M  -503n  n/a
   0   47 |   7 1.0   19   9.6M  190  471  71%    10M |  99.9   ovl   1   27  3.11M   35    9  20%  81.9M  -266n  n/a
   0   48 |   7 1.0   19    10M  218  481  68%    10M |  99.9   ovl   1   27  2.05M   26   10  27%  81.9M  -516n  n/a
   0   49 |   7 1.0   19   9.9M  181  436  70%    10M |  99.9   n/a   1   27  2.54M   31   12  27%  81.9M    n/a  n/a
   0   4a |   7 1.0   19   9.4M  193  522  73%    10M |  99.9   ovl   1   27  2.26M   25    7  21%  81.9M  -256n  n/a
   0   4b |   7 1.0   19    10M  186  453  70%    10M |  99.9   ovl   1   27  2.86M   33   13  28%  81.9M  -545n  n/a
   1   4c |   7 1.0   19   8.8M   57  514  90%    10M |  99.9   n/a   1   27  1.27M    5    6  54%  81.9M    n/a  n/a
   1   4d |   7 1.0   19   8.4M   61  469  88%    10M |  99.9   n/a   1   27  1.27M    5    6  54%  81.9M    n/a  n/a
   1   4e |   7 1.0   19   8.3M   61  526  89%    10M |  99.9   n/a   1   27  1.26M    5    5  50%  81.9M    n/a  n/a
   1   4f |   7 1.0   19   8.1M   57  487  89%    10M |  99.9   n/a   1   27  1.27M    5    8  61%  81.9M    n/a  n/a
   1   50 |   7 1.0   19   8.5M   66  477  87%    10M |  99.9   n/a   1   27  1.77M    7    8  53%  81.9M    n/a  n/a
   1   51 |   7 1.0   19   8.2M   61  467  88%    10M |  99.9   n/a   1   27  1.27M    5    8  61%  81.9M    n/a  n/a
   1   52 |   7 1.0   19   9.0M   60  529  89%    10M |  99.9   n/a   1   27   762k    3    8  72%  81.9M    n/a  n/a
   1   53 |   7 1.0    0      0    0    0   0%    10M |   n/a   n/a   1    0      0    0    0   0%  81.9M    n/a  n/a
   2   54 |   7 1.0   19   6.4M   52  466  89%    10M |  99.9   n/a   1   27   996k    4    9  69%  81.9M    n/a  n/a
   2   55 |   7 1.0   19   7.2M   68  489  87%    10M |  99.9   n/a   1   27   754k    3    6  66%  81.9M    n/a  n/a
   2   56 |   7 1.0   19   6.8M   52  497  90%    10M |  99.9   n/a   1   27   508k    2    7  77%  81.9M    n/a  n/a
   2   57 |   7 1.0   19   6.5M   54  465  89%    10M |  99.9   n/a   1   27   750k    3   10  76%  81.9M    n/a  n/a
   2   58 |   7 1.0   19   6.3M   43  489  91%    10M |  99.9   n/a   1   27   758k    3   11  78%  81.9M    n/a  n/a
   2   59 |   7 1.0   19   6.5M   51  456  89%    10M |  99.9   n/a   1   27   508k    2    6  75%  81.9M    n/a  n/a
   2   5a |   7 1.0   19   6.1M   47  400  89%    10M |  99.9   n/a   1   27  1.25M    5   10  66%  81.9M    n/a  n/a
   2   5b |   7 1.0    0      0    0    0   0%    10M |   n/a   n/a   1    0      0    0    0   0%  81.9M    n/a  n/a
   3   5c |   7 1.0   19   7.5M   76  502  86%    10M |  99.9   n/a   1   27  1.39M    7    6  46%  81.9M    n/a  n/a
   3   5d |   7 1.0   19   7.0M   70  465  86%    10M |  99.9   n/a   1   27   783k    4    7  63%  81.9M    n/a  n/a
   3   5e |   7 1.0   19   6.6M   54  486  90%    10M |  99.9   n/a   1   27   402k    2    5  71%  81.9M    n/a  n/a
   3   5f |   7 1.0   19   7.1M   62  467  88%    10M |  99.9   n/a   1   27  1.37M    7    7  50%  81.9M    n/a  n/a
   3   60 |   7 1.0   19   6.9M   62  503  89%    10M |  99.9   n/a   1   27   598k    3    5  62%  81.9M    n/a  n/a
   3   61 |   7 1.0   19   7.1M   60  486  89%    10M |  99.9   n/a   1   27   209k    1    7  87%  81.9M    n/a  n/a
   3   62 |   7 1.0   19   6.9M   58  475  89%    10M |  99.9   n/a   1   27  1.00M    5    6  54%  81.9M    n/a  n/a
   3   63 |   7 1.0    0      0    0    0   0%    10M |   n/a   n/a   1    0      0    0    0   0%  81.9M    n/a  n/a
   4   64 |   7 1.0   19   9.0M  191  458  70%    10M |  99.9   ovl   1   27  1.83M   24   15  38%  81.9M  -185n  n/a
   4   65 |   7 1.0   19   8.7M  190  480  71%    10M |  99.9   ovl   1   27  2.61M   34    6  15%  81.9M  -495n  n/a
   4   66 |   7 1.0   19   9.0M  212  533  71%    10M |  99.9   ovl   1   27  1.55M   21   13  38%  81.9M  -426n  n/a
   4   67 |   7 1.0   19   8.7M  183  493  72%    10M |  99.9   ovl   1   27  2.32M   29   12  29%  81.9M  -467n  n/a
   4   68 |   7 1.0   19   8.6M  192  516  72%    10M |  99.9   ovl   1   27  1.87M   25   14  35%  81.9M  -392n  n/a
   4   69 |   7 1.0   19   8.6M  188  484  72%    10M |  99.9   ovl   1   27  2.16M   27   15  35%  81.9M  -520n  n/a
   4   6a |   7 1.0   19   8.7M  192  599  75%    10M |  99.9   ovl   1   27  1.87M   25   15  37%  81.9M  -254n  n/a
   4   6b |   7 1.0   19   8.9M  189  451  70%    10M |  99.9   ovl   1   27  2.48M   32    9  21%  81.9M  -192n  n/a
   0   44 |   7 1.0   19   9.9M  207  604  74%    10M |  99.9   ovl   1   27  2.68M   31    8  20%  81.9M  -728n  n/a
   0   45 |   7 1.0   19    11M  186  424  69%    10M |  99.9   ovl   1   27  2.35M   25   15  37%  81.9M  -682n  n/a
   0   46 |   7 1.0   19    10M  214  477  69%    10M |  99.9   ovl   1   27  3.02M   34   12  26%  81.9M  -668n  n/a
   0   47 |   7 1.0   19   9.9M  191  450  70%    10M |  99.9   ovl   1   27  3.30M   37   10  21%  81.9M  -401n  n/a
   0   48 |   7 1.0   19    10M  219  490  69%    10M |  99.9   ovl   1   27  2.27M   25    9  26%  81.9M  -463n  n/a
   0   49 |   7 1.0   19    11M  208  424  67%    10M |  99.9   ovl   1   27  2.33M   26   11  29%  81.9M  -685n  n/a
   0   4a |   7 1.0   19   9.5M  202  460  69%    10M |  99.9   ovl   1   27  2.73M   29   13  30%  81.9M  -395n  n/a
   0   4b |   7 1.0   19    10M  190  427  69%    10M |  99.9   ovl   1   27  2.40M   26   13  33%  81.9M  -546n  n/a
   1   4c |   7 1.0   19   8.2M   68  469  87%    10M |  99.9   n/a   1   27   763k    3    9  75%  81.9M    n/a  n/a
   1   4d |   7 1.0   19   7.7M   54  493  90%    10M |  99.9   n/a   1   27   750k    3   10  76%  81.9M    n/a  n/a
   1   4e |   7 1.0   19   7.2M   57  445  88%    10M |  99.9   n/a   1   27   492k    2    8  80%  81.9M    n/a  n/a
   1   4f |   7 1.0   19   7.8M   57  490  89%    10M |  99.9   n/a   1   27   742k    3    9  75%  81.9M    n/a  n/a
   1   50 |   7 1.0   19   7.7M   66  511  88%    10M |  99.9   n/a   1   27   250k    1    8  88%  81.9M    n/a  n/a
   1   51 |   7 1.0   19   7.8M   60  461  88%    10M |  99.9   n/a   1   27   512k    2    7  77%  81.9M    n/a  n/a
   1   52 |   7 1.0   19   8.2M   58  446  88%    10M |  99.9   n/a   1   27   996k    4    9  69%  81.9M    n/a  n/a
   1   53 |   7 1.0    0      0    0    0   0%    10M |   n/a   n/a   1    0      0    0    0   0%  81.9M    n/a  n/a
   2   54 |   7 1.0   19   8.3M   71  487  87%    10M |  99.9   n/a   1   27  1.02M    4    9  69%  81.9M    n/a  n/a
   2   55 |   7 1.0   19   8.5M   60  452  88%    10M |  99.9   n/a   1   27   525k    2    8  80%  81.9M    n/a  n/a
   2   56 |   7 1.0   19   8.0M   54  496  90%    10M |  99.9   n/a   1   27   746k    3   10  76%  81.9M    n/a  n/a
   2   57 |   7 1.0   19   8.0M   59  511  89%    10M |  99.9   n/a   1   27   250k    1    7  87%  81.9M    n/a  n/a
   2   58 |   7 1.0   19   7.6M   58  494  89%    10M |  99.9   n/a   1   27  1.00M    4    8  66%  81.9M    n/a  n/a
   2   59 |   7 1.0   19   8.2M   56  473  89%    10M |  99.9   n/a   1   27   762k    3   10  76%  81.9M    n/a  n/a
   2   5a |   7 1.0   19   8.3M   57  538  90%    10M |  99.9   n/a   1   27   500k    2    8  80%  81.9M    n/a  n/a
   2   5b |   7 1.0    0      0    0    0   0%    10M |   n/a   n/a   1    0      0    0    0   0%  81.9M    n/a  n/a
   3   5c |   7 1.0   19    11M  101  291  74%    10M |  99.9   ovl   1   27  2.22M   11   11  50%  81.9M   243n  n/a
   3   5d |   7 1.0   19  10.0M   85  321  79%    10M |  99.9   ovl   1   27  2.80M   14    9  39%  81.9M    88n  n/a
   3   5e |   7 1.0   19    11M   99  272  73%    10M |  99.9   ovl   1   27  2.20M   11   10  47%  81.9M   -37n  n/a
   3   5f |   7 1.0   19   9.9M   89  354  79%    10M |  99.9   ovl   1   27  2.61M   13    8  38%  81.9M   243n  n/a
   3   60 |   7 1.0   19    10M   91  325  78%    10M |  99.9   ovl   1   27  2.98M   15    8  34%  81.9M   178n  n/a
   3   61 |   7 1.0   19   9.3M   80  354  81%    10M |  99.9   ovl   1   27  2.80M   14   10  41%  81.9M   334n  n/a
   3   62 |   7 1.0   19    11M  102  291  74%    10M |  99.9   ovl   1   27  2.19M   11    9  45%  81.9M  -125n  n/a
   3   63 |   7 1.0    0      0    0    0   0%    10M |   n/a   n/a   1    0      0    0    0   0%  81.9M    n/a  n/a
   4   64 |   7 1.0   19   7.6M  160  536  77%    10M |  99.9   ovl   1   27  1.63M   21   12  36%  81.9M  -548n  n/a
   4   65 |   7 1.0   19   6.9M  145  596  80%    10M |  99.9   n/a   1   27  1.12M   15   13  46%  81.9M    n/a  n/a
   4   66 |   7 1.0   19   7.2M  160  594  78%    10M |  99.9   n/a   1   27  1.63M   20   14  41%  81.9M    n/a  n/a
   4   67 |   7 1.0   19   7.0M  146  544  78%    10M |  99.9   ovl   1   27  1.22M   16   17  51%  81.9M  -659n  n/a
   4   68 |   7 1.0   19   7.2M  162  565  77%    10M |  99.9   n/a   1   27  1.68M   22   12  35%  81.9M    n/a  n/a
   4   69 |   7 1.0   19   6.8M  140  555  79%    10M |  99.9   ovl   1   27  1.03M   14   15  51%  81.9M  -543n  n/a
   4   6a |   7 1.0   19   7.2M  173  607  77%    10M |  99.9   n/a   1   27  1.25M   16   18  52%  81.9M    n/a  n/a
   4   6b |   7 1.0   19   6.8M  140  577  80%    10M |  99.9   n/a   1   27  1.30M   17   15  46%  81.9M    n/a  n/a

          |--------------------DL---------------------|-------------------------------UL-----------------------------
 pci rnti | cqi  ri  mcs  brate   ok  nok  (%)  dl_bs | pusch  rsrp  ri  mcs  brate   ok  nok  (%)    bsr     ta  phr
   0   44 |   7 1.0   19   8.5M  179  506  73%    10M |  99.9   ovl   1   27  2.18M   24    7  22%  81.9M  -784n  n/a
   0   45 |   7 1.0   19   8.8M  170  478  73%    10M |  99.9   ovl   1   27  2.77M   30   10  25%  81.9M  -115n  n/a
   0   46 |   7 1.0   19   8.4M  173  594  77%    10M |  99.9   ovl   1   27  1.68M   20    9  31%  81.9M  -749n  n/a
   0   47 |   7 1.0   19   8.8M  171  518  75%    10M |  99.9   ovl   1   27  2.76M   32    5  13%  81.9M  -581n  n/a
   0   48 |   7 1.0   19   8.8M  179  495  73%    10M |  99.9   ovl   1   27  2.49M   26    5  16%  81.9M  -759n  n/a
   0   49 |   7 1.0   19   8.5M  163  516  75%    10M |  99.9   ovl   1   27  2.68M   29   11  27%  81.9M  -173n  n/a
   0   4a |   7 1.0   19   8.7M  175  553  75%    10M |  99.9   ovl   1   27  2.08M   24   11  31%  81.9M  -618n  n/a
   0   4b |   7 1.0   19   8.3M  158  515  76%    10M |  99.9   ovl   1   27  2.35M   26    6  18%  81.9M  -764n  n/a
   1   4c |   7 1.0   19   6.9M   52  528  91%    10M |  99.9   ovl   1   27  1.25M    5    9  64%  81.9M   409n  n/a
   1   4d |   7 1.0   19   7.6M   54  509  90%    10M |  99.9   ovl   1   27   775k    3    7  70%  81.9M  -968n  n/a
   1   4e |   7 1.0   19   7.7M   60  481  88%    10M |  99.9   ovl   1   27  1.27M    5    9  64%  81.9M  -968n  n/a
   1   4f |   7 1.0   19   7.7M   57  525  90%    10M |  99.9   n/a   1   27  1.77M    7    8  53%  81.9M    n/a  n/a
   1   50 |   7 1.0   19   7.5M   55  493  89%    10M |  99.9   n/a   1   27  1.26M    5    9  64%  81.9M    n/a  n/a
   1   51 |   7 1.0   19   7.5M   53  456  89%    10M |  99.9   n/a   1   27  1.02M    4   10  71%  81.9M    n/a  n/a
   1   52 |   7 1.0   19   7.2M   55  548  90%    10M |  99.9   ovl   1   27  1.01M    4    8  66%  81.9M   900n  n/a
   1   53 |   7 1.0    0      0    0    0   0%    10M |   n/a   n/a   1    0      0    0    0   0%  81.9M    n/a  n/a
   2   54 |   7 1.0   19   8.4M   59  407  87%    10M |  99.9   n/a   1   27  1.00M    4   11  73%  81.9M    n/a  n/a
   2   55 |   7 1.0   19   7.7M   55  447  89%    10M |  99.9   n/a   1   27   500k    2    7  77%  81.9M    n/a  n/a
   2   56 |   7 1.0   19   8.6M   64  490  88%    10M |  99.9   n/a   1   27  1.30M    5    7  58%  81.9M    n/a  n/a
   2   57 |   7 1.0   19   8.0M   57  497  89%    10M |  99.9   n/a   1   27   517k    2    9  81%  81.9M    n/a  n/a
   2   58 |   7 1.0   19   8.2M   55  524  90%    10M |  99.9   ovl   1   27   758k    3    6  66%  81.9M  -660n  n/a
   2   59 |   7 1.0   19   7.7M   54  481  89%    10M |  99.9   n/a   1   27   754k    3   11  78%  81.9M    n/a  n/a
   2   5a |   7 1.0   19   7.9M   59  454  88%    10M |  99.9   n/a   1   27   254k    1    9  90%  81.9M    n/a  n/a
   2   5b |   7 1.0    0      0    0    0   0%    10M |   n/a   n/a   1    0      0    0    0   0%  81.9M    n/a  n/a
   3   5c |   7 1.0   19   8.8M   83  367  81%    10M |  99.9   ovl   1   27  2.20M   11    5  31%  81.9M    25n  n/a
   3   5d |   7 1.0   19   8.9M   83  397  82%    10M |  99.9   ovl   1   27  2.19M   11    7  38%  81.9M   268n  n/a
   3   5e |   7 1.0   19   9.4M   78  354  81%    10M |  99.9   ovl   1   27  1.80M    9    8  47%  81.9M   258n  n/a
   3   5f |   7 1.0   19   9.3M   81  326  80%    10M |  99.9   ovl   1   27  1.60M    8    9  52%  81.9M   508n  n/a
   3   60 |   7 1.0   19   9.2M   91  371  80%    10M |  99.9   ovl   1   27  2.18M   11    9  45%  81.9M   449n  n/a
   3   61 |   7 1.0   19   9.3M   89  375  80%    10M |  99.9   ovl   1   27  2.19M   11    6  35%  81.9M   123n  n/a
   3   62 |   7 1.0   19   9.5M   87  385  81%    10M |  99.9   n/a   1   27  2.21M   11    5  31%  81.9M    n/a  n/a
   3   63 |   7 1.0    0      0    0    0   0%    10M |   n/a   n/a   1    0      0    0    0   0%  81.9M    n/a  n/a
   4   64 |   7 1.0   19   6.8M  153  575  78%    10M |  99.9   n/a   1   27  1.09M   13   12  48%  81.9M    n/a  n/a
   4   65 |   7 1.0   19   6.3M  139  615  81%    10M |  99.9   ovl   1   27  1.39M   17   13  43%  81.9M  -659n  n/a
   4   66 |   7 1.0   19   6.5M  144  629  81%    10M |  99.9   ovl   1   27  1.34M   19   12  38%  81.9M  -543n  n/a
   4   67 |   7 1.0   19   6.4M  136  593  81%    10M |  99.9   n/a   1   27  1.10M   15   14  48%  81.9M    n/a  n/a
   4   68 |   7 1.0   19   7.2M  167  594  78%    10M |  99.9   n/a   1   27  1.26M   16   11  40%  81.9M    n/a  n/a
   4   69 |   7 1.0   19   6.5M  134  585  81%    10M |  99.9   n/a   1   27   916k   12   13  52%  81.9M    n/a  n/a
   4   6a |   7 1.0   19   7.1M  152  608  80%    10M |  99.9   ovl   1   27   884k   13   14  51%  81.9M  -543n  n/a
   4   6b |   7 1.0   19   6.3M  137  588  81%    10M |  99.9   ovl   1   27  1.13M   14   14  50%  81.9M  -548n  n/a
   0   44 |   7 1.0   19   7.6M  150  611  80%    10M |  99.9   ovl   1   27  1.65M   19   11  36%  81.9M  -726n  n/a
   0   45 |   7 1.0   19   8.0M  144  595  80%    10M |  99.9   ovl   1   27  1.43M   16   16  50%  81.9M  -524n  n/a
   0   46 |   7 1.0   19   8.2M  163  542  76%    10M |  99.9   ovl   1   27  1.68M   19   13  40%  81.9M  -735n  n/a
   0   47 |   7 1.0   19   8.1M  153  532  77%    10M |  99.9   ovl   1   27  1.65M   20   15  42%  81.9M   487n  n/a
   0   48 |   7 1.0   19   8.4M  175  630  78%    10M |  99.9   ovl   1   27  1.96M   22   13  37%  81.9M  -562n  n/a
   0   49 |   7 1.0   19   8.0M  149  527  77%    10M |  99.9   ovl   1   27  1.63M   19   16  45%  81.9M  -736n  n/a
   0   4a |   7 1.0   19   7.9M  169  631  78%    10M |  99.9   ovl   1   27  2.16M   25    9  26%  81.9M  -640n  n/a
   0   4b |   7 1.0   19   8.4M  156  572  78%    10M |  99.9   ovl   1   27  1.79M   21    9  30%  81.9M  -624n  n/a
   1   4c |   7 1.0   19    12M   95  341  78%    10M |  99.9   ovl   1   27  1.81M    7    5  41%  81.9M   106n  n/a
   1   4d |   7 1.0   19    12M   81  333  80%    10M |  99.9   ovl   1   27  2.78M   11   10  47%  81.9M  -232n  n/a
   1   4e |   7 1.0   19    11M   76  300  79%    10M |  99.9   ovl   1   27  2.55M   10    5  33%  81.9M   -34n  n/a
   1   4f |   7 1.0   19    12M   82  327  79%    10M |  99.9   ovl   1   27  2.29M    9   11  55%  81.9M  -431n  n/a
   1   50 |   7 1.0   19    11M   82  290  77%    10M |  99.9   n/a   1   27  2.55M   10    9  47%  81.9M    n/a  n/a
   1   51 |   7 1.0   19    12M   84  275  76%    10M |  99.9   ovl   1   27  2.81M   11    7  38%  81.9M   -34n  n/a
   1   52 |   7 1.0   19    12M   82  345  80%    10M |  99.9   ovl   1   27  1.77M    7    9  56%  81.9M   900n  n/a
   1   53 |   7 1.0    0      0    0    0   0%    10M |   n/a   n/a   1    0      0    0    0   0%  81.9M    n/a  n/a
   2   54 |   7 1.0   19   8.3M   68  493  87%    10M |   n/a   n/a   1   27      0    0    6 100%  81.9M    n/a  n/a
   2   55 |   7 1.0   19   8.9M   69  438  86%    10M |  99.9   ovl   1   27  1.80M    7    8  53%  81.9M   460n  n/a
   2   56 |   7 1.0   19   9.4M   65  450  87%    10M |   n/a   n/a   1   27      0    0    7 100%  81.9M    n/a  n/a
   2   57 |   7 1.0   19   8.9M   64  436  87%    10M |  99.9   n/a   1   27  2.03M    8    6  42%  81.9M    n/a  n/a
   2   58 |   7 1.0   19   8.9M   72  506  87%    10M |  99.9   n/a   1   27   508k    2   11  84%  81.9M    n/a  n/a
   2   59 |   7 1.0   19   8.5M   61  421  87%    10M |  99.9   n/a   1   27   750k    3    7  70%  81.9M    n/a  n/a
   2   5a |   7 1.0   19   8.7M   61  443  87%    10M |  99.9   ovl   1   27  2.28M    9    8  47%  81.9M  -293n  n/a
   2   5b |   7 1.0    0      0    0    0   0%    10M |   n/a   n/a   1    0      0    0    0   0%  81.9M    n/a  n/a
   3   5c |   7 1.0   19    11M  109  208  65%    10M |  99.9   ovl   1   27  1.60M    8    4  33%  81.9M    86n  n/a
   3   5d |   7 1.0   19    11M   92  217  70%    10M |  99.9   ovl   1   27  2.38M   12    8  40%  81.9M   243n  n/a
   3   5e |   7 1.0   19    11M   95  208  68%    10M |  99.9   ovl   1   27  2.21M   11    9  45%  81.9M  -395n  n/a
   3   5f |   7 1.0   19   9.9M   90  194  68%    10M |  99.9   ovl   1   27  2.20M   11    6  35%  81.9M  -759n  n/a
   3   60 |   7 1.0   19    10M   96  243  71%    10M |  99.9   n/a   1   27  3.37M   17    9  34%  81.9M    n/a  n/a
   3   61 |   7 1.0   19    10M   89  231  72%    10M |  99.9   ovl   1   27  2.98M   15   12  44%  81.9M  -566n  n/a
   3   62 |   7 1.0   19    10M   89  207  69%    10M |  99.9   ovl   1   27  1.99M   10    8  44%  81.9M   699n  n/a
   3   63 |   7 1.0    0      0    0    0   0%    10M |   n/a   n/a   1    0      0    0    0   0%  81.9M    n/a  n/a
   4   64 |   7 1.0   19   5.7M  127  645  83%    10M |  99.9   n/a   1   27   653k    9   15  62%  81.9M    n/a  n/a
   4   65 |   7 1.0   19   5.7M  119  585  83%    10M |  99.9   n/a   1   27   618k    7   12  63%  81.9M    n/a  n/a
   4   66 |   7 1.0   19   5.9M  126  653  83%    10M |  99.9   n/a   1   27   616k    8   16  66%  81.9M    n/a  n/a
   4   67 |   7 1.0   19   5.8M  118  604  83%    10M |  99.9   ovl   1   27  1.53M   21    9  30%  81.9M  -848n  n/a
   4   68 |   7 1.0   19   5.8M  123  683  84%    10M |  99.9   ovl   1   27   921k   12   12  50%  81.9M  -566n  n/a
   4   69 |   7 1.0   19   5.7M  117  579  83%    10M |  99.9   n/a   1   27   783k    9   15  62%  81.9M    n/a  n/a
   4   6a |   7 1.0   19   6.2M  143  695  82%    10M |  99.9   n/a   1   27   912k   12   13  52%  81.9M    n/a  n/a
   4   6b |   7 1.0   19   5.8M  126  588  82%    10M |  99.9   n/a   1   27  1.05M   13    7  35%  81.9M    n/a  n/a
   0   44 |   7 1.0   19   8.4M  162  603  78%    10M |  99.9   ovl   1   27  1.85M   21   16  43%  81.9M  -700n  n/a
   0   45 |   7 1.0   19   8.3M  159  527  76%    10M |  99.9   n/a   1   27  1.09M   13   16  55%  81.9M    n/a  n/a
   0   46 |   7 1.0   19   7.6M  154  596  79%    10M |  99.9   n/a   1   27  1.48M   16   19  54%  81.9M    n/a  n/a
   0   47 |   7 1.0   19   8.0M  147  602  80%    10M |  99.9   n/a   1   27  1.54M   17   20  54%  81.9M    n/a  n/a
   0   48 |   7 1.0   19   8.5M  178  592  76%    10M |  99.9   ovl   1   27  2.00M   21   12  36%  81.9M  -316n  n/a
   0   49 |   7 1.0   19   8.3M  156  507  76%    10M |  99.9   n/a   1   27  1.21M   14   15  51%  81.9M    n/a  n/a
   0   4a |   7 1.0   19   8.1M  176  566  76%    10M |  99.9   n/a   1   27  1.74M   21   15  41%  81.9M    n/a  n/a
   0   4b |   7 1.0   19   8.1M  157  561  78%    10M |  99.9   n/a   1   27  1.76M   19   18  48%  81.9M    n/a  n/a

          |--------------------DL---------------------|-------------------------------UL-----------------------------
 pci rnti | cqi  ri  mcs  brate   ok  nok  (%)  dl_bs | pusch  rsrp  ri  mcs  brate   ok  nok  (%)    bsr     ta  phr
   1   4c |   7 1.0   19   9.4M   67  416  86%    10M |  99.9   n/a   1   27  1.76M    7   11  61%  81.9M    n/a  n/a
   1   4d |   7 1.0   19   9.3M   61  449  88%    10M |  99.9   ovl   1   27   762k    3   10  76%  81.9M   409n  n/a
   1   4e |   7 1.0   19   9.0M   61  492  88%    10M |  99.9   n/a   1   27  1.27M    5    7  58%  81.9M    n/a  n/a
   1   4f |   7 1.0   19   9.1M   66  429  86%    10M |  99.9   n/a   1   27  1.01M    4    4  50%  81.9M    n/a  n/a
   1   50 |   7 1.0   19   9.2M   61  503  89%    10M |  99.9   ovl   1   27  1.02M    4    9  69%  81.9M  -968n  n/a
   1   51 |   7 1.0   19   9.4M   73  447  85%    10M |  99.9   n/a   1   27   775k    3    8  72%  81.9M    n/a  n/a
   1   52 |   7 1.0   19   9.3M   60  440  88%    10M |  99.9   n/a   1   27   742k    3   11  78%  81.9M    n/a  n/a
   1   53 |   7 1.0    0      0    0    0   0%    10M |   n/a   n/a   1    0      0    0    0   0%  81.9M    n/a  n/a
   2   54 |   7 1.0   19   9.8M   85  403  82%    10M |  99.9   ovl   1   27  1.79M    7    4  36%  81.9M   846n  n/a
   2   55 |   7 1.0   19    11M   88  368  80%    10M |  99.9   ovl   1   27  2.27M    9   11  55%  81.9M  -298n  n/a
   2   56 |   7 1.0   19   9.6M   66  401  85%    10M |  99.9   ovl   1   27  1.27M    5   11  68%  81.9M   262n  n/a
   2   57 |   7 1.0   19    11M   85  350  80%    10M |  99.9   ovl   1   27  1.49M    6    7  53%  81.9M    74n  n/a
   2   58 |   7 1.0   19    11M   83  373  81%    10M |  99.9   ovl   1   27  2.03M    8   11  57%  81.9M    74n  n/a
   2   59 |   7 1.0   19    11M   82  346  80%    10M |  99.9   ovl   1   27  1.26M    5   10  66%  81.9M  -660n  n/a
   2   5a |   7 1.0   19    10M   77  373  82%    10M |  99.9   ovl   1   27  2.29M    9    8  47%  81.9M   328n  n/a
   2   5b |   7 1.0    0      0    0    0   0%    10M |   n/a   n/a   1    0      0    0    0   0%  81.9M    n/a  n/a
   3   5c |   7 1.0   19   6.0M   62  419  87%    10M |  99.9   n/a   1   27   205k    1   12  92%  81.9M    n/a  n/a
   3   5d |   7 1.0   19   6.3M   67  429  86%    10M |  99.9   n/a   1   27   808k    4    5  55%  81.9M    n/a  n/a
   3   5e |   7 1.0   19   6.4M   76  408  84%    10M |  99.9   n/a   1   27   779k    4   11  73%  81.9M    n/a  n/a
   3   5f |   7 1.0   19   6.4M   67  451  87%    10M |  99.9   n/a   1   27   209k    1    4  80%  81.9M    n/a  n/a
   3   60 |   7 1.0   19   6.3M   68  427  86%    10M |  99.9   n/a   1   27  1.38M    7   10  58%  81.9M    n/a  n/a
   3   61 |   7 1.0   19   6.5M   64  423  86%    10M |  99.9   n/a   1   27  1.18M    6   10  62%  81.9M    n/a  n/a
   3   62 |   7 1.0   19   7.0M   68  407  85%    10M |  99.9   n/a   1   27   594k    3    8  72%  81.9M    n/a  n/a
   3   63 |   7 1.0    0      0    0    0   0%    10M |   n/a   n/a   1    0      0    0    0   0%  81.9M    n/a  n/a
   4   64 |   7 1.0   19    10M  234  448  65%    10M |  99.9   ovl   1   27  2.60M   32   20  38%  81.9M  -200n  n/a
   4   65 |   7 1.0   19   9.5M  199  442  68%    10M |  99.9   ovl   1   27  2.91M   37   20  35%  81.9M  -366n  n/a
   4   66 |   7 1.0   19   9.8M  220  492  69%    10M |  99.9   ovl   1   27  2.89M   37   14  27%  81.9M  -160n  n/a
   4   67 |   7 1.0   19   9.5M  203  469  69%    10M |  99.9   ovl   1   27  2.12M   28   12  30%  81.9M  -425n  n/a
   4   68 |   7 1.0   19   9.6M  238  436  64%    10M |  99.9   ovl   1   27  2.54M   33   11  25%  81.9M  -260n  n/a
   4   69 |   7 1.0   19   9.5M  201  462  69%    10M |  99.9   ovl   1   27  2.83M   38   15  28%  81.9M  -258n  n/a
   4   6a |   7 1.0   19    10M  230  488  67%    10M |  99.9   ovl   1   27  2.99M   39    9  18%  81.9M  -348n  n/a
   4   6b |   7 1.0   19   9.4M  198  464  70%    10M |  99.9   ovl   1   27  2.48M   33   16  32%  81.9M  -365n  n/a
   0   44 |   7 1.0   19   8.7M  175  593  77%    10M |  99.9   ovl   1   27  2.57M   31    8  20%  81.9M   -82n  n/a
   0   45 |   7 1.0   19   8.3M  158  549  77%    10M |  99.9   ovl   1   27  1.58M   18   21  53%  81.9M  -811n  n/a
   0   46 |   7 1.0   19   8.8M  183  501  73%    10M |  99.9   ovl   1   27  1.93M   21   13  38%  81.9M  -223n  n/a
   0   47 |   7 1.0   19   8.1M  149  524  77%    10M |  99.9   ovl   1   27  1.94M   21   14  40%  81.9M  -726n  n/a
   0   48 |   7 1.0   19   8.5M  165  626  79%    10M |  99.9   ovl   1   27  2.10M   24   10  29%  81.9M  -351n  n/a
   0   49 |   7 1.0   19   8.5M  164  477  74%    10M |  99.9   ovl   1   27  2.38M   27    9  25%  81.9M  -452n  n/a
   0   4a |   7 1.0   19   8.0M  159  599  79%    10M |  99.9   ovl   1   27  2.55M   30   10  25%  81.9M  -517n  n/a
   0   4b |   7 1.0   19   8.3M  153  552  78%    10M |  99.9   ovl   1   27  2.08M   23   14  37%  81.9M   137n  n/a
   1   4c |   7 1.0   19   8.1M   56  547  90%    10M |  99.9   n/a   1   27  1.00M    4    6  60%  81.9M    n/a  n/a
   1   4d |   7 1.0   19   8.0M   66  454  87%    10M |  99.9   n/a   1   27  1.26M    5    8  61%  81.9M    n/a  n/a
   1   4e |   7 1.0   19   8.4M   72  450  86%    10M |  99.9   n/a   1   27   750k    3    9  75%  81.9M    n/a  n/a
   1   4f |   7 1.0   19   8.4M   64  485  88%    10M |  99.9   n/a   1   27  1.01M    4    5  55%  81.9M    n/a  n/a
   1   50 |   7 1.0   19   8.9M   70  474  87%    10M |  99.9   n/a   1   27   754k    3    6  66%  81.9M    n/a  n/a
   1   51 |   7 1.0   19   8.4M   67  504  88%    10M |  99.9   n/a   1   27  1.00M    4    7  63%  81.9M    n/a  n/a
   1   52 |   7 1.0   19   8.1M   66  523  88%    10M |  99.9   n/a   1   27  1.51M    6    8  57%  81.9M    n/a  n/a
   1   53 |   7 1.0    0      0    0    0   0%    10M |   n/a   n/a   1    0      0    0    0   0%  81.9M    n/a  n/a
   2   54 |   7 1.0   19    10M   66  363  84%    10M |  99.9   ovl   1   27  2.78M   11    7  38%  81.9M  -174n  n/a
   2   55 |   7 1.0   19    13M  101  245  70%    10M |  99.9   ovl   1   27  2.54M   10    3  23%  81.9M   -38n  n/a
   2   56 |   7 1.0   19    11M   87  375  81%    10M |  99.9   ovl   1   27  3.03M   12    6  33%  81.9M    87n  n/a
   2   57 |   7 1.0   19    12M   90  292  76%    10M |  99.9   ovl   1   27  2.77M   11    6  35%  81.9M   846n  n/a
   2   58 |   7 1.0   19    12M  103  345  77%    10M |  99.9   ovl   1   27  2.28M    9    5  35%  81.9M   328n  n/a
   2   59 |   7 1.0   19    11M   98  282  74%    10M |  99.9   ovl   1   27  2.52M   10    6  37%  81.9M    69n  n/a
   2   5a |   7 1.0   19    13M  100  280  73%    10M |  99.9   n/a   1   27  2.03M    8    5  38%  81.9M    n/a  n/a
   2   5b |   7 1.0    0      0    0    0   0%    10M |   n/a   n/a   1    0      0    0    0   0%  81.9M    n/a  n/a
   3   5c |   7 1.0   19   6.9M   57  440  88%    10M |  99.9   n/a   1   27   582k    3   10  76%  81.9M    n/a  n/a
   3   5d |   7 1.0   19   7.0M   62  470  88%    10M |  99.9   n/a   1   27   599k    3    6  66%  81.9M    n/a  n/a
   3   5e |   7 1.0   19   7.1M   68  502  88%    10M |  99.9   n/a   1   27   988k    5   10  66%  81.9M    n/a  n/a
   3   5f |   7 1.0   19   7.3M   66  493  88%    10M |  99.9   n/a   1   27   615k    3    6  66%  81.9M    n/a  n/a
   3   60 |   7 1.0   19   6.9M   62  444  87%    10M |  99.9   n/a   1   27   808k    4    6  60%  81.9M    n/a  n/a
   3   61 |   7 1.0   19   7.0M   58  450  88%    10M |  99.9   n/a   1   27   799k    4   11  73%  81.9M    n/a  n/a
   3   62 |   7 1.0   19   7.1M   62  451  87%    10M |  99.9   n/a   1   27   779k    4   11  73%  81.9M    n/a  n/a
   3   63 |   7 1.0    0      0    0    0   0%    10M |   n/a   n/a   1    0      0    0    0   0%  81.9M    n/a  n/a
   4   64 |   7 1.0   19   7.2M  165  575  77%    10M |  99.9   ovl   1   27  2.00M   25   13  34%  81.9M  -393n  n/a
   4   65 |   7 1.0   19   8.2M  179  430  70%    10M |  99.9   ovl   1   27  1.92M   25    8  24%  81.9M  -420n  n/a
   4   66 |   7 1.0   19   7.8M  210  536  71%    10M |  99.9   ovl   1   27  1.90M   24    9  27%  81.9M  -503n  n/a
   4   67 |   7 1.0   19   8.3M  178  417  70%    10M |  99.9   ovl   1   27  2.04M   26    9  25%  81.9M  -715n  n/a
   4   68 |   7 1.0   19   7.5M  186  519  73%    10M |  99.9   ovl   1   27  1.92M   25   10  28%  81.9M  -654n  n/a
   4   69 |   7 1.0   19   8.4M  183  416  69%    10M |  99.9   ovl   1   27  2.19M   28   10  26%  81.9M   213n  n/a
   4   6a |   7 1.0   19   8.4M  195  479  71%    10M |  99.9   ovl   1   27  1.61M   19   11  36%  81.9M    -1u  n/a
   4   6b |   7 1.0   19   8.4M  185  391  67%    10M |  99.9   n/a   1   27  1.74M   23    9  28%  81.9M    n/a  n/a
   0   44 |   7 1.0   19   9.7M  186  505  73%    10M |  99.9   ovl   1   27  2.01M   22   15  40%  81.9M    -5n  n/a
   0   45 |   7 1.0   19   9.5M  166  478  74%    10M |  99.9   ovl   1   27  1.78M   20   16  44%  81.9M  -555n  n/a
   0   46 |   7 1.0   19   9.5M  195  547  73%    10M |  99.9   ovl   1   27  2.17M   24   13  35%  81.9M  -890n  n/a
   0   47 |   7 1.0   19   9.3M  183  494  72%    10M |  99.9   ovl   1   27  2.04M   23   13  36%  81.9M  -148n  n/a
   0   48 |   7 1.0   19   9.5M  194  493  71%    10M |  99.9   ovl   1   27  2.15M   24   12  33%  81.9M  -762n  n/a
   0   49 |   7 1.0   19   9.5M  184  483  72%    10M |  99.9   ovl   1   27  2.66M   29   14  32%  81.9M  -936n  n/a
   0   4a |   7 1.0   19   9.5M  184  569  75%    10M |  99.9   ovl   1   27  1.98M   22   20  47%  81.9M  -409n  n/a
   0   4b |   7 1.0   19   9.7M  183  518  73%    10M |  99.9   ovl   1   27  2.04M   22   13  37%  81.9M  -811n  n/a
   1   4c |   7 1.0   19   8.4M   64  530  89%    10M |  99.9   ovl   1   27   750k    3    8  72%  81.9M   107n  n/a
   1   4d |   7 1.0   19   7.8M   54  509  90%    10M |  99.9   n/a   1   27   258k    1    7  87%  81.9M    n/a  n/a
   1   4e |   7 1.0   19   8.2M   66  498  88%    10M |  99.9   ovl   1   27  1.27M    5    9  64%  81.9M  -968n  n/a
   1   4f |   7 1.0   19   7.7M   59  462  88%    10M |   n/a   n/a   1   27      0    0    3 100%  81.9M    n/a  n/a
   1   50 |   7 1.0   19   8.2M   60  523  89%    10M |  99.9   ovl   1   27  1.24M    5    7  58%  81.9M   107n  n/a
   1   51 |   7 1.0   19   8.1M   56  540  90%    10M |  99.9   ovl   1   27  1.50M    6    9  60%  81.9M   409n  n/a
   1   52 |   7 1.0   19   8.0M   60  547  90%    10M |  99.9   ovl   1   27   762k    3    8  72%  81.9M   409n  n/a
   1   53 |   7 1.0    0      0    0    0   0%    10M |   n/a   n/a   1    0      0    0    0   0%  81.9M    n/a  n/a

          |--------------------DL---------------------|-------------------------------UL-----------------------------
 pci rnti | cqi  ri  mcs  brate   ok  nok  (%)  dl_bs | pusch  rsrp  ri  mcs  brate   ok  nok  (%)    bsr     ta  phr
   2   54 |   7 1.0   19    12M   85  220  72%    10M |  99.9   ovl   1   27  2.02M    8    8  50%  81.9M    98n  n/a
   2   55 |   7 1.0   19    12M   90  228  71%    10M |  99.9   ovl   1   27  3.05M   12    5  29%  81.9M  -149n  n/a
   2   56 |   7 1.0   19    13M   93  197  67%    10M |  99.9   n/a   1   27  3.05M   12    5  29%  81.9M    n/a  n/a
   2   57 |   7 1.0   19    11M   88  266  75%    10M |  99.9   ovl   1   27  3.56M   14   10  41%  81.9M  -170n  n/a
   2   58 |   7 1.0   19    13M   88  195  68%    10M |  99.9   ovl   1   27  3.30M   13    8  38%  81.9M  -660n  n/a
   2   59 |   7 1.0   19    13M  100  239  70%    10M |  99.9   ovl   1   27  2.78M   11    9  45%  81.9M  -105n  n/a
   2   5a |   7 1.0   19    12M   82  252  75%    10M |  99.9   n/a   1   27  3.28M   13    6  31%  81.9M    n/a  n/a
   2   5b |   7 1.0    0      0    0    0   0%    10M |   n/a   n/a   1    0      0    0    0   0%  81.9M    n/a  n/a
   3   5c |   7 1.0   19   7.1M   69  454  86%    10M |  99.9   ovl   1   27  2.00M   10    9  47%  81.9M  -221n  n/a
   3   5d |   7 1.0   19   7.0M   62  446  87%    10M |  99.9   ovl   1   27   394k    2    8  80%  81.9M   508n  n/a
   3   5e |   7 1.0   19   7.2M   68  427  86%    10M |  99.9   ovl   1   27   607k    3    7  70%  81.9M   332n  n/a
   3   5f |   7 1.0   19   7.1M   61  470  88%    10M |  99.9   ovl   1   27  1.19M    6   10  62%  81.9M   332n  n/a
   3   60 |   7 1.0   19   7.4M   65  412  86%    10M |  99.9   ovl   1   27   406k    2    5  71%  81.9M  -221n  n/a
   3   61 |   7 1.0   19   7.1M   65  432  86%    10M |  99.9   ovl   1   27   402k    2    6  75%  81.9M  -759n  n/a
   3   62 |   7 1.0   19   7.3M   70  426  85%    10M |  99.9   ovl   1   27  1.19M    6    7  53%  81.9M   699n  n/a
   3   63 |   7 1.0    0      0    0    0   0%    10M |   n/a   n/a   1    0      0    0    0   0%  81.9M    n/a  n/a
   4   64 |   7 1.0   19   5.4M  125  709  85%    10M |  99.9   ovl   1   27  1.15M   15   13  46%  81.9M  -184n  n/a
   4   65 |   7 1.0   19   5.7M  126  581  82%    10M |  99.9   ovl   1   27  1.30M   16   14  46%  81.9M  -409n  n/a
   4   66 |   7 1.0   19   5.9M  133  569  81%    10M |  99.9   ovl   1   27  1.47M   17   15  46%  81.9M     9n  n/a
   4   67 |   7 1.0   19   5.5M  125  626  83%    10M |  99.9   ovl   1   27  1.20M   15   12  44%  81.9M  -157n  n/a
   4   68 |   7 1.0   19   5.7M  142  663  82%    10M |  99.9   ovl   1   27  1.08M   14   14  50%  81.9M  -509n  n/a
   4   69 |   7 1.0   19   5.6M  129  629  82%    10M |  99.9   ovl   1   27  1.65M   22   14  38%  81.9M  -693n  n/a
   4   6a |   7 1.0   19   5.8M  134  588  81%    10M |  99.9   ovl   1   27  1.77M   22   13  37%  81.9M   101n  n/a
   4   6b |   7 1.0   19   5.7M  123  620  83%    10M |  99.9   ovl   1   27   889k   12   14  53%  81.9M  -502n  n/a
   0   44 |   7 1.0   19   6.2M  128  663  83%    10M |  99.9   ovl   1   27  1.05M   11   14  56%  81.9M  -549n  n/a
   0   45 |   7 1.0   19   6.1M  112  626  84%    10M |  99.9   ovl   1   27  1.19M   14   10  41%  81.9M  -700n  n/a
   0   46 |   7 1.0   19   6.5M  136  706  83%    10M |  99.9   ovl   1   27  1.39M   16   10  38%  81.9M  -241n  n/a
   0   47 |   7 1.0   19   6.1M  114  627  84%    10M |  99.9   ovl   1   27  1.32M   16    9  36%  81.9M   329n  n/a
   0   48 |   7 1.0   19   5.9M  120  606  83%    10M |  99.9   ovl   1   27  1.54M   17   10  37%  81.9M    -1u  n/a
   0   49 |   7 1.0   19   6.0M  109  584  84%    10M |  99.9   ovl   1   27  1.24M   15   11  42%  81.9M  -844n  n/a
   0   4a |   7 1.0   19   6.4M  126  585  82%    10M |  99.9   ovl   1   27  1.57M   18    7  28%  81.9M  -651n  n/a
   0   4b |   7 1.0   19   6.0M  121  655  84%    10M |  99.9   ovl   1   27  1.06M   12   10  45%  81.9M  -490n  n/a
   1   4c |   7 1.0   19    11M   89  328  78%    10M |  99.9   ovl   1   27  2.30M    9   10  52%  81.9M   257n  n/a
   1   4d |   7 1.0   19    12M   90  336  78%    10M |  99.9   ovl   1   27  3.78M   15   11  42%  81.9M   138n  n/a
   1   4e |   7 1.0   19    11M   88  306  77%    10M |  99.9   ovl   1   27  2.54M   10    7  41%  81.9M  -968n  n/a
   1   4f |   7 1.0   19    11M   77  289  78%    10M |  99.9   ovl   1   27  3.30M   13    8  38%  81.9M  -355n  n/a
   1   50 |   7 1.0   19    11M   81  304  78%    10M |  99.9   n/a   1   27  3.07M   12    5  29%  81.9M    n/a  n/a
   1   51 |   7 1.0   19    11M   82  294  78%    10M |  99.9   ovl   1   27  3.80M   15    7  31%  81.9M   114n  n/a
   1   52 |   7 1.0   19    13M   89  257  74%    10M |  99.9   ovl   1   27  2.28M    9    7  43%  81.9M   310n  n/a
   1   53 |   7 1.0    0      0    0    0   0%    10M |   n/a   n/a   1    0      0    0    0   0%  81.9M    n/a  n/a
   2   54 |   7 1.0   19   9.2M   67  334  83%    10M |  99.9   ovl   1   27  1.51M    6    6  50%  81.9M   602n  n/a
   2   55 |   7 1.0   19   9.6M   70  367  83%    10M |  99.9   ovl   1   27  1.27M    5    2  28%  81.9M    75n  n/a
   2   56 |   7 1.0   19   9.5M   64  357  84%    10M |  99.9   n/a   1   27  1.00M    4    9  69%  81.9M    n/a  n/a
   2   57 |   7 1.0   19   9.6M   85  387  81%    10M |  99.9   n/a   1   27  1.25M    5    8  61%  81.9M    n/a  n/a
   2   58 |   7 1.0   19   8.6M   64  405  86%    10M |  99.9   n/a   1   27  1.28M    5    6  54%  81.9M    n/a  n/a
   2   59 |   7 1.0   19   8.9M   64  404  86%    10M |  99.9   ovl   1   27  1.50M    6    9  60%  81.9M  -660n  n/a
   2   5a |   7 1.0   19   9.0M   63  380  85%    10M |  99.9   n/a   1   27   750k    3    9  75%  81.9M    n/a  n/a
   2   5b |   7 1.0    0      0    0    0   0%    10M |   n/a   n/a   1    0      0    0    0   0%  81.9M    n/a  n/a
   3   5c |   7 1.0   19   5.9M   58  500  89%    10M |  99.9   ovl   1   27  1.21M    6    6  50%  81.9M   515n  n/a
   3   5d |   7 1.0   19   6.1M   60  512  89%    10M |  99.9   ovl   1   27  1.41M    7    4  36%  81.9M  -395n  n/a
   3   5e |   7 1.0   19   6.0M   63  506  88%    10M |  99.9   ovl   1   27  1.20M    6    7  53%  81.9M  -759n  n/a
   3   5f |   7 1.0   19   5.2M   48  498  91%    10M |  99.9   ovl   1   27   820k    4    9  69%  81.9M  -759n  n/a
   3   60 |   7 1.0   19   5.9M   66  500  88%    10M |  99.9   ovl   1   27  1.41M    7    6  46%  81.9M   699n  n/a
   3   61 |   7 1.0   19   5.9M   55  508  90%    10M |  99.9   n/a   1   27  1.39M    7    7  50%  81.9M    n/a  n/a
   3   62 |   7 1.0   19   6.3M   64  510  88%    10M |  99.9   ovl   1   27  1.02M    5    7  58%  81.9M  -759n  n/a
   3   63 |   7 1.0    0      0    0    0   0%    10M |   n/a   n/a   1    0      0    0    0   0%  81.9M    n/a  n/a
   4   64 |   7 1.0   19   8.0M  181  585  76%    10M |  99.9   ovl   1   27  1.70M   22   11  33%  81.9M  -534n  n/a
   4   65 |   7 1.0   19   7.8M  157  540  77%    10M |  99.9   ovl   1   27  2.11M   28   10  26%  81.9M  -548n  n/a
   4   66 |   7 1.0   19   7.5M  163  648  79%    10M |  99.9   ovl   1   27  1.36M   18   12  40%  81.9M    54n  n/a
   4   67 |   7 1.0   19   7.8M  165  502  75%    10M |  99.9   ovl   1   27  1.34M   17   10  37%  81.9M  -548n  n/a
   4   68 |   7 1.0   19   7.7M  177  597  77%    10M |  99.9   ovl   1   27  1.16M   14   13  48%  81.9M  -659n  n/a
   4   69 |   7 1.0   19   7.6M  162  581  78%    10M |  99.9   ovl   1   27  1.31M   17   11  39%  81.9M   682n  n/a
   4   6a |   7 1.0   19   8.1M  188  572  75%    10M |  99.9   ovl   1   27  1.35M   17   10  37%  81.9M    -1u  n/a
   4   6b |   7 1.0   19   7.8M  162  547  77%    10M |  99.9   ovl   1   27  1.52M   21   11  34%  81.9M  -543n  n/a
   0   44 |   7 1.0   19    11M  232  485  67%    10M |  99.9   ovl   1   27  1.49M   16   16  50%  81.9M   329n  n/a
   0   45 |   7 1.0   19    10M  186  545  74%    10M |  99.9   ovl   1   27  1.91M   22   15  40%  81.9M  -763n  n/a
   0   46 |   7 1.0   19   9.9M  186  613  76%    10M |  99.9   n/a   1   27  1.90M   24   13  35%  81.9M    n/a  n/a
   0   47 |   7 1.0   19    10M  189  496  72%    10M |  99.9   ovl   1   27  2.72M   30   11  26%  81.9M   329n  n/a
   0   48 |   7 1.0   19    10M  201  503  71%    10M |  99.9   ovl   1   27  2.37M   26   13  33%  81.9M  -754n  n/a
   0   49 |   7 1.0   19    10M  192  474  71%    10M |  99.9   ovl   1   27  1.85M   21   15  41%  81.9M  -499n  n/a
   0   4a |   7 1.0   19    11M  207  561  73%    10M |  99.9   ovl   1   27  1.61M   18   15  45%  81.9M  -575n  n/a
   0   4b |   7 1.0   19    10M  180  502  73%    10M |  99.9   ovl   1   27  2.06M   24   11  31%  81.9M  -662n  n/a
   1   4c |   7 1.0   19    11M   83  339  80%    10M |  99.9   ovl   1   27  3.54M   14    5  26%  81.9M  -968n  n/a
   1   4d |   7 1.0   19    11M   82  322  79%    10M |  99.9   n/a   1   27  1.53M    6    8  57%  81.9M    n/a  n/a
   1   4e |   7 1.0   19    12M  101  354  77%    10M |  99.9   n/a   1   27  1.00M    4   10  71%  81.9M    n/a  n/a
   1   4f |   7 1.0   19    12M   88  336  79%    10M |  99.9   ovl   1   27  1.02M    4   10  71%  81.9M  -968n  n/a
   1   50 |   7 1.0   19    12M   88  335  79%    10M |  99.9   ovl   1   27   763k    3    6  66%  81.9M   107n  n/a
   1   51 |   7 1.0   19    11M   81  318  79%    10M |  99.9   n/a   1   27  2.77M   11    8  42%  81.9M    n/a  n/a
   1   52 |   7 1.0   19    12M   88  303  77%    10M |  99.9   n/a   1   27  2.03M    8   12  60%  81.9M    n/a  n/a
   1   53 |   7 1.0    0      0    0    0   0%    10M |   n/a   n/a   1    0      0    0    0   0%  81.9M    n/a  n/a
   2   54 |   7 1.0   19    10M   80  387  82%    10M |  99.9   ovl   1   27  2.05M    8    9  52%  81.9M   358n  n/a
   2   55 |   7 1.0   19  10.0M   79  400  83%    10M |  99.9   n/a   1   27   504k    2    8  80%  81.9M    n/a  n/a
   2   56 |   7 1.0   19   9.7M   72  347  82%    10M |  99.9   ovl   1   27   762k    3    7  70%  81.9M    64n  n/a
   2   57 |   7 1.0   19   8.8M   75  395  84%    10M |  99.9   ovl   1   27  2.29M    9   14  60%  81.9M    64n  n/a
   2   58 |   7 1.0   19   7.9M   62  407  86%    10M |  99.9   n/a   1   27   496k    2    7  77%  81.9M    n/a  n/a
   2   59 |   7 1.0   19   9.6M   77  367  82%    10M |  99.9   n/a   1   27  1.50M    6   13  68%  81.9M    n/a  n/a
   2   5a |   7 1.0   19   8.1M   57  396  87%    10M |  99.9   n/a   1   27   742k    3   10  76%  81.9M    n/a  n/a
   2   5b |   7 1.0    0      0    0    0   0%    10M |   n/a   n/a   1    0      0    0    0   0%  81.9M    n/a  n/a

          |--------------------DL---------------------|-------------------------------UL-----------------------------
 pci rnti | cqi  ri  mcs  brate   ok  nok  (%)  dl_bs | pusch  rsrp  ri  mcs  brate   ok  nok  (%)    bsr     ta  phr
   3   5c |   7 1.0   19   9.2M   89  355  79%    10M |  99.9   ovl   1   27  2.41M   12    9  42%  81.9M  -759n  n/a
   3   5d |   7 1.0   19   9.1M   86  334  79%    10M |  99.9   ovl   1   27  1.18M    6   11  64%  81.9M   572n  n/a
   3   5e |   7 1.0   19   9.0M   85  354  80%    10M |  99.9   ovl   1   27  1.40M    7    7  50%  81.9M   699n  n/a
   3   5f |   7 1.0   19   8.9M   93  356  79%    10M |  99.9   ovl   1   27  1.41M    7   10  58%  81.9M   332n  n/a
   3   60 |   7 1.0   19   9.8M   93  329  77%    10M |  99.9   n/a   1   27   799k    4    7  63%  81.9M    n/a  n/a
   3   61 |   7 1.0   19   9.3M   86  355  80%    10M |  99.9   ovl   1   27  1.20M    6    7  53%  81.9M   332n  n/a
   3   62 |   7 1.0   19   8.9M   85  421  83%    10M |  99.9   ovl   1   27  2.38M   12    9  42%  81.9M   317n  n/a
   3   63 |   7 1.0    0      0    0    0   0%    10M |   n/a   n/a   1    0      0    0    0   0%  81.9M    n/a  n/a
   4   64 |   7 1.0   19   5.3M  123  646  84%    10M |  99.9   ovl   1   27   827k   10   20  66%  81.9M  -146n  n/a
   4   65 |   7 1.0   19   5.3M  117  661  84%    10M |  99.9   ovl   1   27   399k    6   15  71%  81.9M  -239n  n/a
   4   66 |   7 1.0   19   5.5M  122  621  83%    10M |  99.9   ovl   1   27   748k   10   21  67%  81.9M  -782n  n/a
   4   67 |   7 1.0   19   5.2M  113  608  84%    10M |  99.9   ovl   1   27   491k    6   22  78%  81.9M   368n  n/a
   4   68 |   7 1.0   19   5.1M  124  753  85%    10M |  99.9   ovl   1   27   925k   13   18  58%  81.9M  -548n  n/a
   4   69 |   7 1.0   19   5.4M  120  584  82%    10M |  99.9   ovl   1   27  1.11M   15   17  53%  81.9M  -549n  n/a
   4   6a |   7 1.0   19   5.1M  103  668  86%    10M |  99.9   ovl   1   27   575k    7   18  72%  81.9M    -1u  n/a
   4   6b |   7 1.0   19   5.1M  106  669  86%    10M |  99.9   ovl   1   27   709k   10   14  58%  81.9M  -467n  n/a
   0   44 |   7 1.0   19   8.0M  180  568  75%    10M |  99.9   ovl   1   27  1.71M   20   11  35%  81.9M  -651n  n/a
   0   45 |   7 1.0   19   6.8M  131  605  82%    10M |  99.9   ovl   1   27  1.15M   14   14  50%  81.9M  -465n  n/a
   0   46 |   7 1.0   19   7.4M  156  563  78%    10M |  99.9   ovl   1   27   908k   10   16  61%  81.9M  -679n  n/a
   0   47 |   7 1.0   19   6.8M  127  557  81%    10M |  99.9   ovl   1   27  1.28M   14   17  54%  81.9M  -720n  n/a
   0   48 |   7 1.0   19   7.6M  166  618  78%    10M |  99.9   ovl   1   27  2.21M   23    7  23%  81.9M  -487n  n/a
   0   49 |   7 1.0   19   6.6M  131  589  81%    10M |  99.9   ovl   1   27  1.50M   17   17  50%  81.9M  -602n  n/a
   0   4a |   7 1.0   19   6.5M  138  600  81%    10M |  99.9   ovl   1   27  1.27M   15   14  48%  81.9M  -363n  n/a
   0   4b |   7 1.0   19   6.9M  128  608  82%    10M |  99.9   ovl   1   27  1.65M   18   15  45%  81.9M  -805n  n/a
   1   4c |   7 1.0   19   9.6M   70  404  85%    10M |  99.9   n/a   1   27  1.03M    4    8  66%  81.9M    n/a  n/a
   1   4d |   7 1.0   19   9.4M   69  393  85%    10M |  99.9   n/a   1   27  1.53M    6   10  62%  81.9M    n/a  n/a
   1   4e |   7 1.0   19   9.2M   67  400  85%    10M |  99.9   n/a   1   27  1.51M    6    7  53%  81.9M    n/a  n/a
   1   4f |   7 1.0   19   8.3M   59  399  87%    10M |  99.9   n/a   1   27   254k    1    5  83%  81.9M    n/a  n/a
   1   50 |   7 1.0   19    10M   73  393  84%    10M |   n/a   n/a   1   27      0    0   14 100%  81.9M    n/a  n/a
   1   51 |   7 1.0   19   8.8M   67  415  86%    10M |  99.9   n/a   1   27  2.78M   11    2  15%  81.9M    n/a  n/a
   1   52 |   7 1.0   19   9.9M   69  379  84%    10M |  99.9   n/a   1   27  1.79M    7    7  50%  81.9M    n/a  n/a
   1   53 |   7 1.0    0      0    0    0   0%    10M |   n/a   n/a   1    0      0    0    0   0%  81.9M    n/a  n/a
   2   54 |   7 1.0   19    14M  104  234  69%    10M |  99.9   ovl   1   27  2.56M   10    5  33%  81.9M   604n  n/a
   2   55 |   7 1.0   19    12M   91  310  77%    10M |  99.9   ovl   1   27  2.80M   11    8  42%  81.9M   195n  n/a
   2   56 |   7 1.0   19    13M   93  230  71%    10M |  99.9   ovl   1   27  2.53M   10    6  37%  81.9M   165n  n/a
   2   57 |   7 1.0   19    12M   90  268  74%    10M |  99.9   ovl   1   27  2.81M   11    5  31%  81.9M   -28n  n/a
   2   58 |   7 1.0   19    13M   88  237  72%    10M |  99.9   ovl   1   27  2.55M   10    8  44%  81.9M   342n  n/a
   2   59 |   7 1.0   19    13M   97  264  73%    10M |  99.9   ovl   1   27  3.30M   13    4  23%  81.9M   211n  n/a
   2   5a |   7 1.0   19    13M  100  209  67%    10M |  99.9   ovl   1   27  3.80M   15    7  31%  81.9M  -224n  n/a
   2   5b |   7 1.0    0      0    0    0   0%    10M |   n/a   n/a   1    0      0    0    0   0%  81.9M    n/a  n/a
   3   5c |   7 1.0   19   6.1M   56  541  90%    10M |  99.9   n/a   1   27   197k    1    8  88%  81.9M    n/a  n/a
   3   5d |   7 1.0   19   5.8M   56  513  90%    10M |  99.9   n/a   1   27   410k    2    9  81%  81.9M    n/a  n/a
   3   5e |   7 1.0   19   5.7M   56  465  89%    10M |  99.9   n/a   1   27   611k    3   11  78%  81.9M    n/a  n/a
   3   5f |   7 1.0   19   6.0M   51  463  90%    10M |  99.9   n/a   1   27   197k    1    8  88%  81.9M    n/a  n/a
   3   60 |   7 1.0   19   6.0M   56  480  89%    10M |  99.9   n/a   1   27  1.20M    6    6  50%  81.9M    n/a  n/a
   3   61 |   7 1.0   19   5.8M   59  546  90%    10M |   n/a   n/a   1   27      0    0    9 100%  81.9M    n/a  n/a
   3   62 |   7 1.0   19   5.9M   54  498  90%    10M |  99.9   n/a   1   27   590k    3    9  75%  81.9M    n/a  n/a
   3   63 |   7 1.0    0      0    0    0   0%    10M |   n/a   n/a   1    0      0    0    0   0%  81.9M    n/a  n/a
   4   64 |   7 1.0   19   8.3M  196  548  73%    10M |  99.9   ovl   1   27  1.85M   24    9  27%  81.9M  -761n  n/a
   4   65 |   7 1.0   19   7.6M  168  566  77%    10M |  99.9   ovl   1   27  1.95M   25    7  21%  81.9M  -297n  n/a
   4   66 |   7 1.0   19   8.2M  191  497  72%    10M |  99.9   ovl   1   27  1.69M   21   10  32%  81.9M   