id,1,2,3,4,5,6,7,8,9,10,11,12,13,14,15,16,17,18,19,20,21,22,23,24,25,26,27,28,29,30,31,32,33,34,35,36,37,38,39,40,41,42,43,44,45,46,47,48,49,50,51,52,53,54,55,56,57,58,59,60,61,62,63,64,65,66,67,68,69,70,71,72,73,74,75,76,77,78,79,80,81,82,83,84,85,86
1,0.0,1.2542461549399662,1.7654921773018164,3.6078196572712744,2.528434220676892,5.754669128191173,4.818431560866274,2.461351556654788,2.7002584095913744,2.542918172846795,2.8231981534907793,3.2256932393661053,3.70828044091697,4.930741550589131,4.613312708877825,8.87298595498335,7.380836272019369,5.880131969869128,7.344033543158071,7.908552157956669,8.606022494332352,9.111523550034946,6.617375872282989,6.912875464754515,8.823934975876904,9.196057161678658,9.579409132132497,9.535451872529011,9.04404761338614,9.46042955036949,11.281417477127592,9.807858594356304,8.32218147986795,6.993923717398921,8.862534477797443,9.097118484632047,9.982867549118286,10.227564594380912,7.411657662736309,9.883273457638342,10.94683278888051,9.61169399142029,7.264120304364103,10.227150699701122,11.371869369992456,9.22463696318974,10.291144603250412,8.954614504772254,9.828955739916074,8.497841266668699,11.319546814258057,11.555346028181352,11.058306976938043,11.331822573191214,10.732782766565503,11.18000337382674,11.446071199715213,10.644379820263515,11.77608240958247,11.202212204226658,9.83863254816676,10.145831711803034,11.888484881981718,11.61667158272007,12.124496377627983,9.083496619861558,12.353124697004574,9.447451555404172,11.545204400341145,12.240325291024556,10.350318569884339,11.658600324832802,10.982726063954313,10.293619901981105,11.414639346243801,9.799667163191014,13.301184205075513,10.163039612288676,11.058645850853575,11.14980780305072,13.93274627746756,12.625046711207334,11.848779048819168,12.515618695542043,13.350241413367975,12.62041293403224
2,1.2542461549399662,0.0,0.6891620921575818,4.599284905461366,3.3414435798711044,6.803630078955563,5.818166708240978,3.038751003505836,1.8073191997563711,1.95557095326815,2.846145728613162,3.555153637011976,2.7791322830309535,3.8796171210587005,5.110303400593847,9.74242169518448,7.987771221826479,6.067071079476245,7.866613815328817,8.474273982220506,9.25496177349546,9.76652263637075,6.756984842019066,7.163386834400911,9.436497353103114,9.81783689525805,10.212335279455388,10.153994977122139,9.607462527058166,10.06807840545148,12.019459734796923,10.42642630809733,8.737219841171747,6.836855074193668,9.3398391107286,9.608247208725558,10.596913653671013,10.855386535848318,7.486691358251169,10.461322651790416,11.617621594436214,10.151511100530918,7.039219665756961,10.816290556036545,12.048881582836062,9.652021599045447,10.857148704099934,9.319937099943399,10.30962172799648,8.690867655032514,11.945855302739957,12.191952460354178,11.651204811193288,11.939671009896246,11.273500291028295,11.753804974811807,12.03530836103868,11.149501584177365,12.369358559689994,11.705857917268009,10.132005125046724,10.490574297934783,12.442372713645014,12.12438464375267,12.679804355118195,8.54934285711528,12.899223674431875,9.40184588933648,11.984964059379333,12.747678609121674,10.549923397932087,12.065758315982944,11.282624114619756,10.418337087845416,11.742499693485733,9.460083654690598,13.82939743135293,9.94307150048795,11.221137973075622,11.320559198063997,14.46714478233901,13.018922178855478,12.077157636947964,12.799361017131151,13.731526270429647,12.806976327185644
3,1.7654921773018164,0.6891620921575818,0.0,4.715563114146951,3.3809530863795203,6.93279337416793,5.917625290395987,2.957589309171086,1.123186426413619,1.3669260697338126,2.481926495764906,3.3052675674733325,2.0902944404666224,3.2152084603210858,4.8960321449965765,9.704221922072001,7.792453138280397,5.675738544336353,7.624262359279814,8.250750047716002,9.074310775737805,9.586152802840651,6.33507520583307,6.78826211210831,9.232905482952932,9.617228060133582,10.016009978281582,9.94945958686525,9.374294660195192,9.85762921215163,11.879794016352779,10.220374038168227,8.42958113498602,6.293821947492748,9.06078755479196,9.345831159094791,10.387276723131158,10.652570454097464,7.029449996056196,10.231476640899558,11.437199086072752,9.901718771104784,6.47107078728888,10.590979774152524,11.870473922749131,9.344540389637455,10.618356582115066,8.982867529702089,10.026498998655631,8.276052083676213,11.73716601031442,11.9884074523111,11.424159338824307,11.7201171322252,11.01844754638459,11.5153257936953,11.804532832951995,10.875372836766525,12.139603077725289,11.428451631357731,9.755060444475582,10.13663030090896,12.189839053381835,11.847488005431176,12.427193740211417,7.891858079747157,12.640660882206717,8.884357744499406,11.672413042271994,12.468258823049073,10.127758548181234,11.736112574796252,10.903394880515377,9.964250858900158,11.374796566313028,8.846448622788223,13.557878547543536,9.363271523823595,10.779899179684845,10.882514733294434,14.197211064661989,12.679185400355038,11.661831205212865,12.406993141034622,13.383301751579928,12.370806910677686
4,3.6078196572712744,4.599284905461366,4.715563114146951,0.0,1.374625274885821,2.2173773539133466,1.2199035430949077,1.9806854326518182,4.943181166977171,4.335429341932902,3.2042123989566416,2.46417522355691,5.6573425866049964,6.936369979921106,2.347247764856541,5.2926838857967775,4.245068507957509,4.127199792987291,4.407031044678358,4.8266789928865705,5.320773151768627,5.798443411557203,4.829600227896016,4.7547208796008205,5.598131527092854,5.939287716724549,6.290778839294937,6.273529920052604,5.9053799004603515,6.220648857887022,7.807977299580682,6.5378332244522595,5.559550456659266,5.983577704883744,5.916671646871294,6.064422716387748,6.71590470219811,6.930634878897154,5.664932861097684,6.684484698856219,7.5676941503626125,6.49661281411638,6.400037828693099,6.997670391239569,7.977319676176586,6.37011684649234,7.10212667655839,6.263801772593361,6.826417575683031,6.286268983452529,8.002318462780424,8.217932471584493,7.801535865120141,8.044266865106373,7.578064274489352,7.953605742019089,8.187317263589062,7.560986484967498,8.504172866990851,8.10464008113874,7.2623545824896505,7.429828470644069,8.681569285268125,8.500148349899135,8.910348361105665,8.884361220347602,9.150561950770944,7.788616828239826,8.564203970903376,9.109624913518417,7.972803759215036,8.741352268374014,8.32912590950645,8.109997581523762,8.67848480097688,8.945575952656876,10.112740187844336,8.929864991369618,8.73233195711884,8.798036965749766,10.723911191266877,9.706569707974824,9.324076016155969,9.837741685060507,10.438914944447893,10.16356083881398
5,2.528434220676892,3.3414435798711044,3.3809530863795203,1.374625274885821,0.0,3.571857707677652,2.54399666088251,0.6652800571643783,3.5691156578705905,2.968470650955114,1.939560607694431,1.4450667498825964,4.3056282744342536,5.597638258390916,2.243438143426274,6.406203469833787,4.8702684445470386,3.827248194408589,4.8743282828342345,5.411554799232699,6.081396985367615,6.585474758687209,4.581871776778979,4.711901742646927,6.306669183255526,6.675743727857521,7.056237468325313,7.015272500235009,6.542441717511577,6.943032192616652,8.758126120794683,7.287232641397203,5.916128040956631,5.411250768742022,6.406266764623562,6.619602351810094,7.4629740183786355,7.704535586792415,5.425440221815453,7.3736123633055595,8.418639001110193,7.117647071228908,5.781670484743027,7.7132514000327985,8.8434648382281,6.798754676576421,7.784500950683772,6.5811524882399715,7.363873035730029,6.312770471547123,8.795717309255007,9.029830624022537,8.541880824417566,8.811475877041092,8.23441191983545,8.668796066898619,8.930014901694676,8.162228025620395,9.258547098577655,8.718655064943157,7.518406596454447,7.775462689354785,9.382390406145337,9.129823127995962,9.617469565600812,8.08309782621557,9.848842010103798,7.555579555130928,9.095072344257467,9.75182003351968,8.118635009731937,9.228828926363825,8.64278075732043,8.149363544999835,9.04646676924892,8.383553419665981,10.801679425733244,8.523202713297206,8.85716553259646,8.937771087794571,11.429901964725184,10.199169436179059,9.567545200642867,10.176439262037453,10.929537447756,10.373723323309143
6,5.754669128191173,6.803630078955563,6.93279337416793,2.2173773539133466,3.571857707677652,0.0,1.0394677058853383,4.120966873845493,7.115713144582866,6.48457159144585,5.241440906782974,4.36591165908315,7.761888242381013,9.004193124852309,3.472463287806512,3.481649964037573,3.6178836768863363,5.001688008599077,4.042745292614339,4.165971201847917,4.245307073996204,4.617928213606317,5.52242025084859,5.162202322051252,4.592101854820526,4.843344927257741,5.107606495615228,5.137027967495315,5.001921162646844,5.125525660254834,6.192409380966244,5.365449182290273,5.203802242264059,7.0024232687443435,5.282960300149477,5.295954402990876,5.534637761305102,5.6844794200049105,6.242571761884229,5.613520681528915,6.143231140453446,5.566643853570228,7.451959346167258,5.855209363581546,6.5070459809790755,5.79766627966971,6.013576546202155,5.894760342325115,6.020528967031934,6.3936235323395945,6.662067642368673,6.835138198559638,6.566549495462842,6.749138162323604,6.5066370685213855,6.75609360066834,6.929441053715657,6.589188446801739,7.211793705417199,7.079169262490653,6.909352315606581,6.912933058453159,7.47616947027218,7.427553977401404,7.68467663584857,10.081918611359265,7.9311314664102595,8.183089190536595,7.660618897064629,7.9890255138751884,7.753475462694148,7.903965877088329,7.809227824763428,8.055399669573346,8.047997898760585,9.782296772778935,8.877301417070585,9.531086640139526,8.503673367735937,8.541552521999252,9.442646851031842,8.819047381962845,8.870928487018494,9.204168217557122,9.528839191777006,9.730398427105161
7,4.818431560866274,5.818166708240978,5.917625290395987,1.2199035430949077,2.54399666088251,1.0394677058853383,0.0,3.0820486053194234,6.077316428677689,5.445134223074272,4.208783143411433,3.3486283740951723,6.724758415230392,7.972164785410593,2.6228604444395334,4.1443861405990825,3.551462604741647,4.292305414684009,3.8527058975682733,4.136201173546115,4.450585759390775,4.891647696345703,4.894779867270625,4.644174904110375,4.764348676260647,5.071539942699416,5.390216801877623,5.393028056348493,5.124103898895613,5.357604360515845,6.745189211930262,5.645191366306228,5.041326806076112,6.27195606077082,5.264688122719639,5.349573410134071,5.821570086253034,6.01067496403631,5.674598866723782,5.838514437280845,6.57878298704581,5.712416139294206,6.713813114721257,6.123572324298294,6.9726301593638444,5.7563322540551,6.253182411153765,5.751919176541575,6.105149790435328,6.032062006294861,7.051667571975162,7.250853032258318,6.894527099493436,7.113153752176126,6.741718606470351,7.064244733740483,7.27334080067081,6.770123555401662,7.577439539463104,7.294014258721509,6.772974063167515,6.858324363936907,7.794053429326725,7.6710781275964885,8.015336894531165,9.307560119553772,8.259760363483752,7.716007275899703,7.814221970854734,8.262890803295889,7.561504717145271,8.024303637761408,7.765280340486235,7.7885344681585895,8.06210512451088,9.14400522325647,9.21988449593336,8.987014909611874,8.322979646126267,8.374511067947221,9.81340189631157,8.972121424498171,8.80228442737249,9.228143230466756,9.697804305472241,9.657563587933907
8,2.461351556654788,3.038751003505836,2.957589309171086,1.9806854326518182,0.6652800571643783,4.120966873845493,3.0820486053194234,0.0,2.9956831968328217,2.3661240663821133,1.2743176706969006,0.9181820432427645,3.6767371901464556,4.9577748480307715,2.153349635920393,6.747258496380292,4.972179500046603,3.517365869681442,4.897915498783467,5.479982997749906,6.227182149784124,6.737770231674703,4.271321563219959,4.4940695821352055,6.4216036908681735,6.799940741399482,7.190964701271188,7.137856313580176,6.616766009604696,7.0562722045757935,8.980709404009023,7.410667445596831,5.860863619598898,4.9394986310050175,6.407982367143533,6.65097518254767,7.58320521560227,7.83667034045881,5.098871993109645,7.464120723612854,8.586766104369833,7.1757972525672775,5.286449695038249,7.814034166879895,9.01694476933833,6.76409119216445,7.866975096002232,6.49515505551501,7.376215546800386,6.092601907203315,8.928930325454575,9.171543420994958,8.648211908800425,8.930214729570089,8.298773614220135,8.760552088572718,9.0345195815921,8.198564030508301,9.366985328492735,8.756578024826307,7.389982356026774,7.687496608984675,9.461012431436878,9.17261162026191,9.697857411687005,7.506060363934687,9.92296252797046,7.202501880438468,9.087053308237005,9.79673365777495,7.931299820897316,9.19773092889736,8.530580851568066,7.912279253545393,8.957331355635299,7.88971816654618,10.865198805023988,8.089503275037345,8.653316319087514,8.740212020075571,11.499463798855377,10.16384964543794,9.41412318368277,10.0647898121842,10.888895086348938,10.199140565657205
9,2.7002584095913744,1.8073191997563711,1.123186426413619,4.943181166977171,3.5691156578705905,7.115713144582866,6.077316428677689,2.9956831968328217,0.0,0.6743165006425753,2.0713816808107857,3.0162379975958236,1.0093606609277805,2.2569723594550832,4.573281564665971,9.57441427560424,7.428870913906696,5.018164299915202,7.184789818010298,7.833605940365227,8.717847535719534,9.224585285985231,5.611396973770681,6.137596624764444,8.83685847736135,9.222080600070061,9.62405782531742,9.544658364366096,8.928030595868378,9.443982739219857,11.56556395798838,9.810639079063737,7.870343642128472,5.3635574576105745,8.54206180324859,8.851671641809826,9.970235256768197,10.244489792743842,6.23588002610426,9.78267770531411,11.059693575043715,9.423101002737003,5.49789088996225,10.146634784333337,11.493269717262697,8.776179330169708,10.151772402427643,8.369122786985004,9.492179282065004,7.540473640736106,11.311609563117907,11.569589027213645,10.970850121440419,11.277017290955845,10.522376359369396,11.042818695853036,11.342668816839188,10.349256871652047,11.677334028284383,10.893313722547134,9.069533672309548,9.485826395273978,11.690393665085294,11.310620552991534,11.926287746510969,6.7861544662471305,12.12899265886705,7.9777571002033865,11.078945895462914,11.92386723321647,9.366584636400512,11.114734713432993,10.206834415083096,9.152817426459121,10.694174749404763,7.7950745517708775,13.020907076918183,8.359258769472916,9.984799674742106,10.092000515258084,13.660050025356659,12.036946372247264,10.903804783726256,11.682172795030686,12.724562071401463,11.577102585183557
10,2.542918172846795,1.95557095326815,1.3669260697338126,4.335429341932902,2.968470650955114,6.48457159144585,5.445134223074272,2.3661240663821133,0.6743165006425753,0.0,1.3975247198719718,2.3420485396248165,1.3689746031013248,2.680079682343843,3.901183344442957,8.90076643731942,6.763814281177658,4.416357435067082,6.530111368120089,7.1761145258153975,8.053067288230682,8.560744615019596,5.03930291949404,5.536383876857866,8.17720223584837,8.562601467928253,8.964419120723573,8.886829626454313,8.276515737444873,8.787431604875191,10.897911598075947,9.153752840436292,7.2430590599228575,4.927670911173885,7.9052612378039395,8.209602962304903,9.314609067831428,9.587644598644232,5.701430862769105,9.13236044103139,10.398931065009865,8.7782900954057,5.105228671588188,9.495784061792529,10.832681003043643,8.15260997557405,9.505136686799137,7.758938117848805,8.860229015043346,6.977728913156721,10.658232621247132,10.915234924919943,10.322223793602642,10.626690346579442,9.882218891135954,10.398010113048626,10.695923764367581,9.716014575979605,11.030869485444454,10.262764310887226,8.486587094316484,8.889836374131049,11.0517946802987,10.680815137010608,11.28816433285369,6.624034462031448,11.493488247606487,7.5226105788127935,10.464977606312742,11.29643106969615,8.818556514741156,10.509801806842018,9.629558643670075,8.632271800993326,10.11074255793902,7.504608455959985,12.392164904959579,8.000945077852307,9.455449773997755,9.5601665911012,13.031679431064648,11.439901357426905,10.355381824212287,11.118364074724155,12.133989691937057,11.047969347099244
11,2.8231981534907793,2.846145728613162,2.481926495764906,3.2042123989566416,1.939560607694431,5.241440906782974,4.208783143411433,1.2743176706969006,2.0713816808107857,1.3975247198719718,0.0,0.9522629830868388,2.5334188504438635,3.7633832911133274,2.505662206031242,7.510119989711202,5.380905980155854,3.221305660324518,5.1711536984714925,5.809446549843154,6.669862160742957,7.1791567587924225,3.9141122723745645,4.32242014946643,6.8046004894157495,7.190042425947316,7.591211910497487,7.5174964177301975,6.9216720392866105,7.420917325683567,9.508396809464449,7.78619088020267,5.94812126870011,4.1709597742531175,6.585090103671844,6.876379918020637,7.949583728829038,8.219817257275956,4.6621259061421085,7.7790061944598765,9.022586828404533,7.437699654869172,4.449445094733275,8.140840232100883,9.456486205173606,6.862900574512515,8.159383731810356,6.5030577389426485,7.5487809107976656,5.845173710184436,9.296854539524132,9.55164455078014,8.971199385047667,9.271754798752283,8.550219058441936,9.055132135046383,9.348552515224366,8.399736898251403,9.683768847945402,8.951480596788008,7.292030785079657,7.662223385022181,9.721590377278291,9.37044301386297,9.958700068612869,6.438531512296234,10.16943992021185,6.645296917261249,9.190491721660683,9.990269403274006,7.704726205930515,9.25563826647511,8.442215402927548,7.58507446736946,8.907056380652786,7.010446999830062,11.081609883042539,7.341869086787571,8.380823730500515,8.479014054086484,11.721161356425633,10.200999664409206,9.231089502300225,9.955498614171546,10.907782912648948,9.964207463510059
12,3.2256932393661053,3.555153637011976,3.3052675674733325,2.46417522355691,1.4450667498825964,4.36591165908315,3.3486283740951723,0.9181820432427645,3.0162379975958236,2.3420485396248165,0.9522629830868388,0.0,3.4651953157498876,4.65798651371905,1.5940911685366184,6.559645657263625,4.489823950277817,2.6593218006054062,4.324096669723067,4.94614848071706,5.774724057811492,6.286047203305023,3.4045636344484715,3.6901063487581216,5.927954767584191,6.312472627479514,6.711677172991383,6.644316895836968,6.072196298367233,6.55236873912952,8.597269874382901,6.915143721849261,5.18577586441255,4.0216711465529436,5.785117989207733,6.0574108215710565,7.082020043535795,7.347440498978682,4.2180526074924005,6.928855554971817,8.135575564240686,6.606332024318137,4.3719802057260955,7.287456279813828,8.569168583579147,6.09966543628866,7.318622727150295,5.78334425597408,6.754693410873523,5.272148105522365,8.431940285661796,8.68316105711231,8.121251566746515,8.415861434224862,7.726334696295835,8.215825274467075,8.502677750564976,7.596049402234922,8.837567460927573,8.151914126732628,6.633542966707637,6.9647672906216105,8.896801752703134,8.570621054445114,9.134275552271712,6.638031280116889,9.351134633265584,6.304429323223295,8.432621101233805,9.193595382602316,7.125426262767735,8.519927548079398,7.781945048307195,7.0721957924149965,8.226815011394418,6.9759228328428335,10.277204071848018,7.172046147802541,7.833094818087562,7.924115812931566,10.91551549516074,9.477700200979436,8.628518055034911,9.310703083479003,10.195066956320474,9.395465619275768
13,3.70828044091697,2.7791322830309535,2.0902944404666224,5.6573425866049964,4.3056282744342536,7.761888242381013,6.724758415230392,3.6767371901464556,1.0093606609277805,1.3689746031013248,2.5334188504438635,3.4651953157498876,0.0,1.3111993162405045,4.897183471293,9.9580948264818,7.635857953779078,4.980655322639761,7.323216001716642,7.982510445779483,8.911895962975452,9.407571736815388,5.473850751072271,6.0736753100547896,8.991761738243689,9.373129295554284,9.773644787293291,9.682727327833792,9.032724325751827,9.574590674706602,11.77072722175999,9.941078348348979,7.873578172982082,4.940081186686157,8.578192984915356,8.909073260707048,10.091929184569452,10.372196852908848,5.99207268715773,9.875048664181588,11.209552716873677,9.489475171459986,4.998125636963649,10.239741090994775,11.639977513880543,8.756706628374348,10.222642539191481,8.305407512403704,9.500370285405793,7.346347370948224,11.412999253258613,11.675576260139866,11.04759638843677,11.36140396936352,10.559882805548096,11.099737817811146,11.407861985413316,10.357341395772362,11.73957300929791,10.887162979971617,8.915007973051916,9.366831521411688,11.714919303589275,11.299283631074655,11.947618799026284,5.973908263646401,12.13786515098222,7.546458011124321,11.009048051113146,11.900106033922684,9.117429730732525,11.01392535382128,10.027889242177272,8.84154874529996,10.5296544528733,7.115696116226827,12.997878560928132,7.766605478046207,9.687000255717487,9.799153860327934,13.633235774278509,11.906252362854906,10.64524527928429,11.458391932347707,12.571008000077246,11.269358054353805
14,4.930741550589131,3.8796171210587005,3.2152084603210858,6.936369979921106,5.597638258390916,9.004193124852309,7.972164785410593,4.9577748480307715,2.2569723594550832,2.680079682343843,3.7633832911133274,4.65798651371905,1.3111993162405045,0.0,5.9797496099156255,11.023186617719183,8.579205735290625,5.76305664037237,8.210864791950645,8.869749164675014,9.828498110325608,10.309151701910022,6.134710056495182,6.792949743468929,9.871993901072756,10.24570499501877,10.640860643715065,10.539996023361892,9.86523929415465,10.425888360532712,12.673928018880881,10.788589895279873,8.622128457356295,5.27453636313034,9.349190382825725,9.696906369287383,10.929636455958988,11.213120703152972,6.513374423865857,10.686402507421814,12.064846831313725,10.279274385735429,5.219143945831615,11.048236560333146,12.489139599054608,9.468031846132966,11.009235608655564,8.976524806760658,10.230875217546807,7.889064797118869,12.219641761654941,12.484795799844347,11.832597505602694,12.151509571722311,11.309362831785542,11.86422620519013,12.17822305475945,11.078261898456162,12.50432318095695,11.587840855927979,9.474625359987995,9.96071458779407,12.440820389713652,11.990654081787179,12.66833412322741,5.578141953931829,12.84393749174679,7.776704728210564,11.639128819586292,12.572974413022767,9.559878550243795,11.609156116523728,10.543175234691253,9.209254158159402,11.056074521911636,6.956641991264029,13.663334854309571,7.743076002920305,10.058967805631505,10.175948653797652,14.290356415216067,12.458628430645676,11.055059760111854,11.902953829292242,13.090817188319665,11.608640754601241
15,4.613312708877825,5.110303400593847,4.8960321449965765,2.347247764856541,2.243438143426274,3.472463287806512,2.6228604444395334,2.153349635920393,4.573281564665971,3.901183344442957,2.505662206031242,1.5940911685366184,4.897183471293,5.9797496099156255,0.0,5.061511674152765,2.896568838140118,1.7802769444063602,2.759141133309967,3.364886418409435,4.180661956060496,4.692054899347706,2.488494436713282,2.4972365402313543,4.337967855659901,4.721835538486445,5.120157176375481,5.055073867505168,4.4971780794741125,4.965214244761915,7.006630856684075,5.326550529179492,3.7106500431249514,3.6861142887115106,4.257008793962871,4.508049680465974,5.4947980930882325,5.758007338986566,3.330238103985117,5.3514907274523775,6.542007543120293,5.043644802696366,4.118736787420639,5.7074953605044945,6.97551000135888,4.611329187378779,5.74688314142264,4.35637313011144,5.226287282040749,4.087623311106788,6.844875495079957,7.094477475723868,6.5422458754222355,6.833189876565269,6.1665260297728075,6.643501576796578,6.925688025295712,6.054312198801448,7.2599952619237715,6.612079245221184,5.278488301631861,5.550929622727294,7.333821361694425,7.029264477131846,7.571167584450831,6.688642528274288,7.792358811209663,5.464419050302862,6.933801350531972,7.653401835589696,5.877701045807669,7.045397447359912,6.40837765363639,5.927414561908197,6.822324664262248,6.620083309234161,8.728041691910295,6.5826178845752175,6.619606564564194,6.698450059167395,9.364314836159233,8.012338111541627,7.3245882243257086,7.943108861999351,8.738495227398959,8.130484623192206
16,8.87298595498335,9.74242169518448,9.704221922072001,5.2926838857967775,6.406203469833787,3.481649964037573,4.1443861405990825,6.747258496380292,9.57441427560424,8.90076643731942,7.510119989711202,6.559645657263625,9.9580948264818,11.023186617719183,5.061511674152765,0.0,2.733590742967384,5.6216935304863735,3.2891924178468814,2.8210414525275582,2.054094896087996,2.027455852014285,5.708217136126267,5.049365950806281,2.355238649880809,2.3263932824557196,2.342355820769172,2.44671235647622,2.7828175477127894,2.513129982072803,2.7427873306456014,2.5516639280725233,3.866926087980512,7.319380003653763,3.439794513051113,3.211821777875562,2.668147594797699,2.687063140779356,6.0489463100551655,2.912091691003449,2.8558832398058156,3.1164804615424657,7.740844222622704,2.9884000399042514,3.1531788239401863,3.890929930506091,3.202513105347533,4.298656118929205,3.6644777379404094,5.428157034406436,3.4314510383246075,3.548545771349738,3.4711989891017025,3.5638739101348254,3.644025363508577,3.6906347987145827,3.7742989107434664,3.861880978310842,3.998425242277927,4.210482603409064,5.091196451836292,4.834661137179864,4.3434294169015795,4.461164101796509,4.516298689790111,10.284644554073818,4.756011972744989,7.313092601389307,4.897421328071521,4.921270456284704,5.994219577361927,5.207096691996623,5.582960558948094,6.504371290679997,5.628596022353886,9.413308527491962,5.6458044566660845,8.810819997295377,6.624370991927614,6.615648182797728,6.153846781546384,5.979511107276941,6.618392668110142,6.668778781828089,6.618719750340552,7.42863870651053
17,7.380836272019369,7.987771221826479,7.792453138280397,4.245068507957509,4.8702684445470386,3.6178836768863363,3.551462604741647,4.972179500046603,7.428870913906696,6.763814281177658,5.380905980155854,4.489823950277817,7.635857953779078,8.579205735290625,2.896568838140118,2.733590742967384,0.0,2.9468544351537935,0.580957437390433,0.5876052905261501,1.2892887741551917,1.7983325468594296,2.975363317539859,2.3187304045738326,1.4496586021548743,1.830066059582278,2.225624867703378,2.1666759529894444,1.6781395038580202,2.0841490861440364,4.1415737681867695,2.439342079253045,1.599573048255456,4.586331309632178,1.71322848663597,1.8217268393047232,2.611189116375161,2.8676159892135815,3.3483574516615824,2.50354551182379,3.645797874847387,2.2633241646667135,5.010218899741286,2.8464684289383677,4.079462218269487,2.2094748948106755,2.9143707072552982,2.2782875844551542,2.584021755214667,2.9769819488032434,3.9585581546741904,4.204229796474743,3.6787802911503706,3.9581281614268593,3.3694462484037175,3.799593721751245,4.06609888245903,3.323625635648472,4.397236203003814,3.8735210476042274,3.2914820996950183,3.3196097248426617,4.512176411733536,4.277410592758236,4.747201465579056,7.5777266159358385,4.978918271393693,4.874167406754816,4.3194740611066775,4.895211512828993,4.142036588812691,4.503750966995268,4.2245841661482455,4.480008060145981,4.510689155674712,6.819710298136211,5.933477063044593,6.33502675594917,4.888049176751894,4.924224991170529,6.560123609673732,5.465200612965596,5.274432058568384,5.67669866516531,6.196723585047933,6.133243894218941
18,5.880131969869128,6.067071079476245,5.675738544336353,4.127199792987291,3.827248194408589,5.001688008599077,4.292305414684009,3.517365869681442,5.018164299915202,4.416357435067082,3.221305660324518,2.6593218006054062,4.980655322639761,5.76305664037237,1.7802769444063602,5.6216935304863735,2.9468544351537935,0.0,2.4946673316230363,3.1411939678997425,4.119979468058204,4.579152997766828,0.7563236021531278,1.120249986013182,4.127770212490092,4.49470842659689,4.885820402779163,4.78141156720617,4.102453796635649,4.665756068542104,6.932426176184926,5.027114055110126,2.8929958512177407,2.0008405781506116,3.6031019257817745,3.94223306912669,5.166797578807381,5.4504281517452124,1.5983076219268764,4.92532548404277,6.303660621560489,4.5245978708955885,2.451035957289315,5.288122878355818,6.7267324123250924,3.7798758770065164,5.256949610155709,3.3522812640911392,4.519755968070086,2.6308555847151434,6.461009930918936,6.725640852972642,6.082006545976526,6.398875308469319,5.581289119741675,6.125539622577301,6.436065645136087,5.376942212331393,6.766045717983954,5.909107064002123,4.079511255857503,4.473515434023449,6.734312106969353,6.3228066822816515,6.96696541064652,5.090495871967846,7.158000550103912,3.7328306923670396,6.063248437409768,6.928203216983928,4.491084420259412,6.096814724643578,5.227675774266826,4.413707061375841,5.700761455184728,4.8613267938182885,8.026548308621859,4.803178833515907,5.183822263524151,5.277841486835789,8.66386191252736,7.023613566802359,6.01214263350747,6.735451127972302,7.7184757704868785,6.757238727187299
19,7.344033543158071,7.866613815328817,7.624262359279814,4.407031044678358,4.8743282828342345,4.042745292614339,3.8527058975682733,4.897915498783467,7.184789818010298,6.530111368120089,5.1711536984714925,4.324096669723067,7.323216001716642,8.210864791950645,2.759141133309967,3.2891924178468814,0.580957437390433,2.4946673316230363,0.0,0.6602778833537088,1.6264552468283269,2.098320847437167,2.4398251394234967,1.763147919235305,1.6687997044131655,2.0500203676671913,2.450987609059898,2.363932116639894,1.7509195052265156,2.26031735436102,4.463489533918721,2.6273156958730577,1.1887100723325263,4.03516989859455,1.5347633487688421,1.7534232146261521,2.7855237427754256,3.0608675625387867,2.7721713560650003,2.6084001534595105,3.887989598289122,2.284971389903899,4.452700509995754,2.969732121038577,4.319718694917128,1.9642358924621202,2.994614183891421,1.899291895053889,2.489813124586624,2.4293376311127384,4.128228096114229,4.385183830621947,3.8010371122778777,4.100601282373717,3.4075216156552965,3.8917961958780474,4.180385566744232,3.3010630314892833,4.515513279559111,3.859060115754483,2.9203185361811714,3.0305558596573605,4.575760571946395,4.274739337977649,4.813190547250277,7.005116695630181,5.033390986368681,4.314733616981992,4.22207692621816,4.898837435687764,3.7259200482915733,4.367440932820548,3.935160251098357,4.013096176060981,4.271739847030759,6.239662093752053,5.9695763649533085,5.766260357001648,4.4836225152203735,4.530000021959762,6.605411587401735,5.3379390916807505,4.95657327633873,5.432579709536383,6.070411133585669,5.808994933828454
20,7.908552157956669,8.474273982220506,8.250750047716002,4.8266789928865705,5.411554799232699,4.165971201847917,4.136201173546115,5.479982997749906,7.833605940365227,7.1761145258153975,5.809446549843154,4.94614848071706,7.982510445779483,8.869749164675014,3.364886418409435,2.8210414525275582,0.5876052905261501,3.1411939678997425,0.6602778833537088,0.0,0.9842815832073873,1.440671141947052,3.026150322760941,2.3272716026430484,1.0092962093597486,1.3920284859245324,1.793718948575793,1.7110559727740788,1.1368224292132538,1.611728776419312,3.8041943208550917,1.9777035788145791,1.1424995085984402,4.583518546842052,1.1309122580124449,1.2377440937996658,2.140137450152302,2.4115813933050236,3.2512771076820814,1.9871579899003977,3.2311521656547595,1.7061037721743983,4.9849843432169125,2.3426563743454243,3.6636213771002453,1.6360486479490721,2.3870591219189374,1.765143985653972,1.999829998785005,2.649309015161596,3.488181929425192,3.742226724678678,3.1773605717985496,3.469777225704421,2.824563433184925,3.281699909431387,3.561037591348703,2.756989280609841,3.8951874994193734,3.310896115948956,2.7579050522732667,2.750514528931822,3.9817063217268203,3.719572856088264,4.21831771927448,7.479232406699396,4.445100141024859,4.554646641047851,3.7380267666954916,4.340703245816007,3.630612351324462,3.9177925291117113,3.6522740341339794,4.009993086304847,3.9274301775328837,6.6000552107907895,5.3929818084921965,6.0405464531391395,4.364639530681045,4.394274408383793,6.024213783362159,4.8806803830612555,4.708306218996598,5.093106275350353,5.61267308121774,5.567784798715038
21,8.606022494332352,9.25496177349546,9.074310775737805,5.320773151768627,6.081396985367615,4.245307073996204,4.450585759390775,6.227182149784124,8.717847535719534,8.053067288230682,6.669862160742957,5.774724057811492,8.911895962975452,9.828498110325608,4.180661956060496,2.054094896087996,1.2892887741551917,4.119979468058204,1.6264552468283269,0.9842815832073873,0.0,0.512036310865186,4.004915689301912,3.30219995293115,0.3629534835423249,0.6220459779312382,0.9769904659576879,0.9528265246122521,0.8134645664813954,0.9074969435002705,2.8589456649015172,1.2181092401726619,1.8428759220010626,5.543274624649933,1.391578645977566,1.2089751643987499,1.3960905888415045,1.624596106054899,4.180421674439423,1.3886587792205018,2.3640144544087915,1.3300078234876365,5.934878458131993,1.6799435266100082,2.796676616856471,1.8672562621558961,1.8025988007051668,2.2454443073085604,1.8255935429119754,3.4046930843431293,2.7144194601957192,2.949549545144299,2.4823939557583667,2.7364212454458574,2.291913915153517,2.6332568821373066,2.869416364217474,2.3457744575115718,3.1909253824896213,2.8509821301293585,3.080353214920241,2.894589700101564,3.362147583797226,3.221250936610526,3.589879146925219,8.381915625307007,3.8308446572867796,5.270835274436864,3.415323695329937,3.813114419546358,3.987772851067515,3.6625137692606606,3.72563473441521,4.470144345899541,3.87883733264769,7.408730451135667,4.793244306517869,6.770113482351857,4.65730126247428,4.661926612700895,5.4031869725297605,4.574134063609779,4.792447141107699,5.009125499093743,5.286918683632065,5.638282236256562
22,9.111523550034946,9.76652263637075,9.586152802840651,5.798443411557203,6.585474758687209,4.617928213606317,4.891647696345703,6.737770231674703,9.224585285985231,8.560744615019596,7.1791567587924225,6.286047203305023,9.407571736815388,10.309151701910022,4.692054899347706,2.027455852014285,1.7983325468594296,4.579152997766828,2.098320847437167,1.440671141947052,0.512036310865186,0.0,4.417872507968161,3.7105359325599823,0.4775297765916408,0.2991606272185121,0.49860164626055276,0.5203599328368244,0.7917127199443397,0.5309226921477246,2.3662659471704393,0.754785584945504,2.1067665549798784,5.918079677106927,1.510475769531321,1.2204705113934493,0.9301627420661854,1.1323253897581569,4.526658162280026,1.0077866155492075,1.851991282029672,1.1017200243164718,6.295383849951407,1.2404276224119948,2.2846531320280583,1.9001742542905071,1.396648657012834,2.3701289721242587,1.6461432013785995,3.6330706164168327,2.2141979515561494,2.4444853159226394,2.0072673074659857,2.246393157005706,1.889259389915104,2.172613708261681,2.390753566043015,2.000250421506923,2.7057332202031543,2.46457774679416,3.077955257879617,2.8072444361016218,2.9025301087725817,2.8101989723328895,3.125149635031092,8.68432428338827,3.368888368108366,5.445993496997971,3.0776218267879547,3.382202064392332,3.9755622987714077,3.3505292516760004,3.572479660092007,4.504028661204328,3.6609548916854218,7.6344451466449375,4.330111085789058,6.942338379122035,4.597001655435267,4.588354395653607,4.931205870608703,4.224476474402448,4.622640166682233,4.754574278515191,4.921913353882368,5.450402114981459
23,6.617375872282989,6.756984842019066,6.33507520583307,4.829600227896016,4.581871776778979,5.52242025084859,4.894779867270625,4.271321563219959,5.611396973770681,5.03930291949404,3.9141122723745645,3.4045636344484715,5.473850751072271,6.134710056495182,2.488494436713282,5.708217136126267,2.975363317539859,0.7563236021531278,2.4398251394234967,3.026150322760941,4.004915689301912,4.417872507968161,0.0,0.7079643781449131,3.946391698673971,4.287365026839069,4.6588825489855585,4.5414485204454715,3.8400133657173066,4.419220827240012,6.717893388821471,4.766733817880788,2.5119561098245526,1.6248216739818477,3.2499653669340924,3.61066260295143,4.889299211453911,5.172808179278566,0.8474842360797799,4.613574735142435,6.033351453833365,4.187203554440851,2.0643413555615635,4.967497494258918,6.443218442765461,3.334096955446416,4.907015913089096,2.846496245599082,4.099815228276571,1.941139950918314,6.1265375325453,6.392305320044855,5.7236703323657165,6.044708285915023,5.182186568761608,5.742255252286337,6.058313093038812,4.944122726248624,6.38056833786935,5.453913305050919,3.460394204414166,3.8953586766570996,6.306492117167385,5.85864864253363,6.533661877654193,4.694472410969194,6.709942519330724,2.9860914206696294,5.537872316032736,6.4473943047969655,3.7948955331524816,5.540489861379901,4.59544011247798,3.680488078222524,5.084286146912768,4.262886269479067,7.542054474207386,4.114056805045317,4.467161175759125,4.56492800339229,8.173826049989215,6.441380584584526,5.327088723651087,6.079165376300219,7.119107390413702,6.050290990857933
24,6.912875464754515,7.163386834400911,6.78826211210831,4.7547208796008205,4.711901742646927,5.162202322051252,4.644174904110375,4.4940695821352055,6.137596624764444,5.536383876857866,4.32242014946643,3.6901063487581216,6.0736753100547896,6.792949743468929,2.4972365402313543,5.049365950806281,2.3187304045738326,1.120249986013182,1.763147919235305,2.3272716026430484,3.30219995293115,3.7105359325599823,0.7079643781449131,0.0,3.2386077105203994,3.5796301651621794,3.9523048827243357,3.835798188771001,3.135789097773144,3.714062798301202,6.011523980489224,4.063556287134031,1.830148667058096,2.272029314911993,2.5627317674695327,2.91868659244707,4.188765755537261,4.4726543162662535,1.1018029111667482,3.919221122815149,5.332901196220669,3.4983588136019326,2.691736966538955,4.275851419813089,5.745388372498707,2.686568166588274,4.223348306614596,2.2372120479678688,3.4413999849039327,1.60259620341724,5.440145694242796,5.705895346570762,5.043984508410972,5.36410217444471,4.516811115513811,5.071432738584728,5.385839995695577,4.293885574907651,5.711412667928705,4.816469321487175,2.969610643687312,3.353855361246769,5.655735355281218,5.2268953754225285,5.885869176580104,5.273847807256992,6.070010909652859,3.0742586034798403,4.947916237420808,5.826432854150702,3.439098923410435,4.977139200219216,4.119875914798632,3.4374775514812406,4.586657109103645,4.666507577985151,6.924270675946533,4.369896251863632,4.159773589434395,4.246146519915686,7.560004627373646,5.903517564781625,4.938717263595158,5.637054437842848,6.599665060377752,5.708740905888281
25,8.823934975876904,9.436497353103114,9.232905482952932,5.598131527092854,6.306669183255526,4.592101854820526,4.764348676260647,6.4216036908681735,8.83685847736135,8.17720223584837,6.8046004894157495,5.927954767584191,8.991761738243689,9.871993901072756,4.337967855659901,2.355238649880809,1.4496586021548743,4.127770212490092,1.6687997044131655,1.0092962093597486,0.3629534835423249,0.4775297765916408,3.946391698673971,3.2386077105203994,0.0,0.38547947780925684,0.7872332923960871,0.7175744910173405,0.4536413821922168,0.6365171902542898,2.804991116241186,0.9899352311363516,1.6384822931591878,5.440759365239663,1.0917840820086313,0.8649153746293814,1.1616019581761374,1.4200932204680219,4.049507745297356,1.0863719109185705,2.2236727446857127,0.9751727692482202,5.817893710678057,1.4092045525301786,2.6568310789692533,1.5378109886609468,1.5040476534767477,1.9564815525021837,1.4628523990124722,3.1794161012102555,2.5093597558036937,2.7568027644720963,2.2352126731606594,2.5094728000670283,1.9840488749409724,2.3674428417072146,2.623353367089041,2.010448128417775,2.9522935158086576,2.529736870019054,2.7457985964588785,2.5401648964859858,3.0900006636046817,2.911535238101389,3.3220221533432444,8.213820886928623,3.558917132172736,5.015696236323262,3.0723401574075986,3.5140583503876894,3.652387957084471,3.3119875231656337,3.364401645881554,4.150117025084378,3.516166168618557,7.185336359998165,4.519456432013609,6.514515279276278,4.310728514684132,4.31257177155879,5.138123365824731,4.232499942069541,4.430559788369576,4.648230137199644,4.949642385991187,5.275709330044633
26,9.196057161678658,9.81783689525805,9.617228060133582,5.939287716724549,6.675743727857521,4.843344927257741,5.071539942699416,6.799940741399482,9.222080600070061,8.562601467928253,7.190042425947316,6.312472627479514,9.373129295554284,10.24570499501877,4.721835538486445,2.3263932824557196,1.830066059582278,4.49470842659689,2.0500203676671913,1.3920284859245324,0.6220459779312382,0.2991606272185121,4.287365026839069,3.5796301651621794,0.38547947780925684,0.0,0.4020422260979852,0.33953014919588903,0.529059200683963,0.2862050013740162,2.4401012243333153,0.6118230972240406,1.902191809514536,5.7533849689498116,1.259441063639679,0.944979410738464,0.7872616390884303,1.0375499457257336,4.3471285484824485,0.7722667803908851,1.839271922938288,0.8069947430362862,6.120192930213471,1.0588346578929364,2.2720994252770894,1.6184059316954635,1.1825624704811426,2.1074200513670394,1.3488206735728643,3.398161334960179,2.1290561056695636,2.374235565013027,1.8704720955130987,2.1358887661235806,1.67374517758154,2.0145563002040277,2.2585468873296533,1.7494703893703147,2.5841638046522264,2.238639773882175,2.784999480630905,2.508268620740115,2.742329188378255,2.60244573447477,2.9712823903067016,8.472362047142877,3.2112847548961723,5.186811907094873,2.8258733304556656,3.1915284468582956,3.680322135147975,3.0883486889513683,3.27569303166909,4.213924204267807,3.372874320270786,7.389852433369812,4.173531312125391,6.680355299208072,4.2982814139924646,4.289303596554615,4.78608477325356,3.9798927075377875,4.328135255457363,4.47569841310781,4.68580924541281,5.1586600600939425
27,9.579409132132497,10.212335279455388,10.016009978281582,6.290778839294937,7.056237468325313,5.107606495615228,5.390216801877623,7.190964701271188,9.62405782531742,8.964419120723573,7.591211910497487,6.711677172991383,9.773644787293291,10.640860643715065,5.120157176375481,2.342355820769172,2.225624867703378,4.885820402779163,2.450987609059898,1.793718948575793,0.9769904659576879,0.49860164626055276,4.6588825489855585,3.9523048827243357,0.7872332923960871,0.4020422260979852,0.0,0.1402278778310904,0.8323246157622949,0.2632091532195066,2.059271221594823,0.2579875467811799,2.227773906312606,6.099575438484288,1.535758894416084,1.182337793375189,0.4316492294115428,0.648299222992648,4.683210597690496,0.5724657680142626,1.4374334926842576,0.8303927192874527,6.456984380902402,0.7477138964223533,1.8700999675134944,1.8075374204356447,0.9204708881214869,2.3403880478921195,1.3637022240769519,3.6715059774593026,1.7402845649800929,1.9805890239612158,1.5113795125043186,1.7595146950005067,1.4080854013827122,1.6741023020037877,1.8965452608930222,1.5540290886396146,2.2152527786345293,1.9874868789403546,2.9013487080923435,2.559148773779139,2.4040972188052656,2.3207080266700104,2.627323209046523,8.766945950285692,2.8707519871273197,5.407062091169072,2.624205266881046,2.886111084428262,3.772714758357023,2.9114984595095503,3.251686218545687,4.33689050268729,3.2868747239796403,7.635403875422937,3.832282547551061,6.890681369400271,4.343619658673366,4.3235042571006,4.435359965737035,3.759025914687345,4.27766237899219,4.345828054421699,4.447293713770597,5.08648867571225
28,9.535451872529011,10.153994977122139,9.94945958686525,6.273529920052604,7.015272500235009,5.137027967495315,5.393028056348493,7.137856313580176,9.544658364366096,8.886829626454313,7.5174964177301975,6.644316895836968,9.682727327833792,10.539996023361892,5.055073867505168,2.44671235647622,2.1666759529894444,4.78141156720617,2.363932116639894,1.7110559727740788,0.9528265246122521,0.5203599328368244,4.5414485204454715,3.835798188771001,0.7175744910173405,0.33953014919588903,0.1402278778310904,0.0,0.7057139607906449,0.1265522182853005,2.177263377867524,0.2728274548011337,2.0978311421885456,5.972331401624603,1.3996659184723308,1.0439298678123665,0.4477441648251636,0.7031278641482446,4.553732027949532,0.4926031091420592,1.5275934707604943,0.6987511573989678,6.327227812998087,0.7305529781604225,1.9572508240641124,1.6674011947650438,0.8766675282726877,2.2004697408228977,1.238288622848257,3.5332106390467817,1.791922608782777,2.0394293338249394,1.53208055242808,1.7964158060433844,1.3696187459458662,1.6804882927311393,1.9199474271027814,1.4858611757702882,2.2448771269074066,1.9442443958613487,2.7662551861460796,2.4317953010488758,2.409675207475082,2.292966400607152,2.6370615031180136,8.629923451576962,2.8782157276453373,5.2668489987981335,2.561848568875192,2.8717711553179996,3.640884861404135,2.8406057653457912,3.138923669929675,4.201918379330332,3.1888842246887417,7.495372887185419,3.8406254675813036,6.750631917880614,4.2188402375574805,4.200562620144457,4.450573248224636,3.705659002045249,4.17184385136374,4.261313791859973,4.401703183974573,4.986501528532546
29,9.04404761338614,9.607462527058166,9.374294660195192,5.9053799004603515,6.542441717511577,5.001921162646844,5.124103898895613,6.616766009604696,8.928030595868378,8.276515737444873,6.9216720392866105,6.072196298367233,9.032724325751827,9.86523929415465,4.4971780794741125,2.7828175477127894,1.6781395038580202,4.102453796635649,1.7509195052265156,1.1368224292132538,0.8134645664813954,0.7917127199443397,3.8400133657173066,3.135789097773144,0.4536413821922168,0.529059200683963,0.8323246157622949,0.7057139607906449,0.0,0.5810616746579476,2.8817481850425364,0.928793058365447,1.39618385957447,5.2674889939452685,0.7304929792635817,0.4315498322510289,1.06440108452958,1.347984035727651,3.8510559170834457,0.8574810079740307,2.2036041315997084,0.5919839271690822,5.62488823815051,1.219489390420257,2.624432735692893,1.1132732623620218,1.250593325079606,1.5811818017454997,1.024167253465986,2.8707854508615522,2.385106054045502,2.645432654277539,2.0501635167911676,2.3505887726001538,1.6923358720168096,2.1464361397940177,2.4304894866856253,1.6566500260255783,2.765435886842785,2.1998354136688043,2.3085695074350814,2.087384073559334,2.8450647600567938,2.600311375752925,3.081575231419888,7.951874324779935,3.3090802921491838,4.659832466019382,2.6902935117492266,3.2171537664139094,3.212901525977049,2.9107815681804756,2.9121853495467547,3.72472314648964,3.074793506396697,6.860797615067723,4.259337030879136,6.154559546197635,3.8618745180811667,3.8619666956914793,4.889024274484364,3.8491800868499886,3.9792703674650953,4.215084473337354,4.573746527065288,4.826185089194614
30,9.46042955036949,10.06807840545148,9.85762921215163,6.220648857887022,6.943032192616652,5.125525660254834,5.357604360515845,7.0562722045757935,9.443982739219857,8.787431604875191,7.420917325683567,6.55236873912952,9.574590674706602,10.425888360532712,4.965214244761915,2.513129982072803,2.0841490861440364,4.665756068542104,2.26031735436102,1.611728776419312,0.9074969435002705,0.5309226921477246,4.419220827240012,3.714062798301202,0.6365171902542898,0.2862050013740162,0.2632091532195066,0.1265522182853005,0.5810616746579476,0.0,2.30079394371399,0.3670654247093086,1.9716061133648466,5.846568963595619,1.2734821192695702,0.9191314404053055,0.5296653984274166,0.800593958267699,4.427516400559553,0.4880442847566936,1.6392796906802025,0.6086703872359748,6.200948665729392,0.7774318348774107,2.066590010684915,1.5498774263021602,0.8963828237909842,2.078408155024915,1.1553220866188378,3.408304772648717,1.879740972814483,2.1313999824015357,1.5989103635285953,1.8739794652743724,1.3878604318432972,1.735417674624931,1.987119512337749,1.4736883092835127,2.3157794247002257,1.9544938026702119,2.6632277751545477,2.3427648219211115,2.461366400012212,2.3163488568099218,2.6916091049827586,8.504177220546659,2.93046108276546,5.147833519917355,2.5512593615658905,2.9056514234047714,3.5435698339240784,2.820595556863183,3.069991255338578,4.098621915015306,3.138229591946407,7.3736400409706135,3.8923197155389073,6.63322614772572,4.132541410310229,4.116959813635319,4.507331470630517,3.702132426028906,4.110867744158741,4.224942154799373,4.405030336041279,4.932085425999756
31,11.281417477127592,12.019459734796923,11.879794016352779,7.807977299580682,8.758126120794683,6.192409380966244,6.745189211930262,8.980709404009023,11.56556395798838,10.897911598075947,9.508396809464449,8.597269874382901,11.77072722175999,12.673928018880881,7.006630856684075,2.7427873306456014,4.1415737681867695,6.932426176184926,4.463489533918721,3.8041943208550917,2.8589456649015172,2.3662659471704393,6.717893388821471,6.011523980489224,2.804991116241186,2.4401012243333153,2.059271221594823,2.177263377867524,2.8817481850425364,2.30079394371399,0.0,1.96689657669021,4.262189562216409,8.13912238913143,3.539184218378854,3.170062262062366,1.8728597657501274,1.6065324024851815,6.713708245567922,2.20323106455083,0.8292479851946534,2.6510444292619213,8.48373878568384,1.9179873568170112,0.6907589341575451,3.6810905187098033,2.0837684618131895,4.249814479576063,2.999215718895329,5.6116325667127,1.2361944323552585,1.1589727099648333,1.598666883758918,1.4327497284157935,2.171675905197571,1.7864486610419499,1.6386124502581412,2.5278775757223877,1.6702960364919601,2.4961610135525283,4.528767876662262,4.04997082073431,2.105284102985567,2.5015715240006817,2.1798436846640534,10.708781571687961,2.373266519942778,7.198217573026555,3.162878449822622,2.695914377371444,5.268534073847157,3.501554999291584,4.416842771455747,5.891779623114178,4.2112390847557855,9.46406370128494,3.1023519706121525,8.631513864764292,5.650202160319271,5.592839997813555,3.5210977923813,3.947101453591731,5.2301954643130415,4.938917306127846,4.428666604366828,5.879833710471986
32,9.807858594356304,10.42642630809733,10.220374038168227,6.5378332244522595,7.287232641397203,5.365449182290273,5.645191366306228,7.410667445596831,9.810639079063737,9.153752840436292,7.78619088020267,6.915143721849261,9.941078348348979,10.788589895279873,5.326550529179492,2.5516639280725233,2.439342079253045,5.027114055110126,2.6273156958730577,1.9777035788145791,1.2181092401726619,0.754785584945504,4.766733817880788,4.063556287134031,0.9899352311363516,0.6118230972240406,0.2579875467811799,0.2728274548011337,0.928793058365447,0.3670654247093086,1.96689657669021,0.0,2.2954009323866105,6.172225813641916,1.5746092565784595,1.2070873118530394,0.17807237127530257,0.43389249977627176,4.747354522384458,0.3768120765025034,1.276557419028121,0.7458841889971739,6.518431266100283,0.49027497768935413,1.7015278289152067,1.7748134567353002,0.6716454752305381,2.329031575149724,1.2355919585291175,3.680402151401521,1.5194292059836023,1.7680589865898548,1.2642900366342666,1.5242479588985338,1.1542505298780827,1.4203704936314112,1.6514026681899245,1.3183656002451714,1.9744600137556534,1.7344750535785214,2.8039860514613526,2.426495991654061,2.150483654624091,2.063337560134098,2.375407674297746,8.783333567958586,2.6179953685891317,5.367400982972375,2.380811303601318,2.6283173486294515,3.654861044042666,2.6743950794364935,3.074316689208746,4.2349124697718326,3.081429130147979,7.611114683606004,3.5800770225455305,6.840649611190314,4.196801886988183,4.170827934789693,4.186333667611937,3.5092400247740354,4.084120660617119,4.120782264966401,4.193849592858349,4.8819730983718035
33,8.32218147986795,8.737219841171747,8.42958113498602,5.559550456659266,5.916128040956631,5.203802242264059,5.041326806076112,5.860863619598898,7.870343642128472,7.2430590599228575,5.94812126870011,5.18577586441255,7.873578172982082,8.622128457356295,3.7106500431249514,3.866926087980512,1.599573048255456,2.8929958512177407,1.1887100723325263,1.1424995085984402,1.8428759220010626,2.1067665549798784,2.5119561098245526,1.830148667058096,1.6384822931591878,1.902191809514536,2.227773906312606,2.0978311421885456,1.39618385957447,1.9716061133648466,4.262189562216409,2.2954009323866105,0.0,3.8771993788650314,0.7395761706794665,1.105490896003897,2.4017872776297855,2.6821163510756274,2.4559103653804906,2.108747035435502,3.5406182205978594,1.6764011583352132,4.229431010805474,2.4582029228805538,3.941866911988018,0.9154175592117101,2.395405370699375,0.7115841740430836,1.6276419659582422,1.5636330508042113,3.6145845183614767,3.8803554085413574,3.2143041455782306,3.534762309640359,2.6911126444984346,3.242274774516705,3.556104166627144,2.4856032662606378,3.88261288010566,3.023997206095365,1.7316472859948158,1.875113985847136,3.8413411620237454,3.4406109800808173,4.074221197911008,6.577616803734872,4.2675109698333875,3.449054255168622,3.247798597592233,4.053805315682132,2.549830432362978,3.3389474024819616,2.7698689268372747,2.8834418043997547,3.1388437952545063,5.565854736854071,5.150567459682449,4.944959264031248,3.3029052638146847,3.3457838789724907,5.7897677569078585,4.30325657736565,3.7748117760730233,4.287014450144314,5.028130622899736,4.624349071808475
34,6.993923717398921,6.836855074193668,6.293821947492748,5.983577704883744,5.411250768742022,7.0024232687443435,6.27195606077082,4.9394986310050175,5.3635574576105745,4.927670911173885,4.1709597742531175,4.0216711465529436,4.940081186686157,5.27453636313034,3.6861142887115106,7.319380003653763,4.586331309632178,2.0008405781506116,4.03516989859455,4.583518546842052,5.543274624649933,5.918079677106927,1.6248216739818477,2.272029314911993,5.440759365239663,5.7533849689498116,6.099575438484288,5.972331401624603,5.2674889939452685,5.846568963595619,8.13912238913143,6.172225813641916,3.8771993788650314,0.0,4.603216977599498,4.972988113970511,6.273802552492089,6.55105241920765,1.4328527886413642,5.965825734929598,7.404174307711679,5.5212459579766735,0.45202570445809115,6.299765676135087,7.792263792287093,4.5551008513031235,6.202996364217116,4.000804563844097,5.32220733514892,2.732925921061201,7.415787697845919,7.678319512951589,6.987871195605466,7.3080994949273,6.399173814721981,6.9691771660602795,7.286633483877748,6.113548719421074,7.590329275087591,6.56749083577038,4.290662256112321,4.809244761946033,7.447400720173902,6.943716402397252,7.659866950106522,3.0996819676682854,7.805281646540238,2.6177055858991274,6.5037248229095,7.4842457166947405,4.290345260968364,6.430927855923004,5.303486793785384,3.939234826758586,5.820208569423676,2.979585548149812,8.548082904092976,3.174670060259175,4.789295616468387,4.905279748952243,9.156951599952421,7.232169145283887,5.780682725507216,6.629926028903394,7.840226142058009,6.353662312693908
35,8.862534477797443,9.3398391107286,9.06078755479196,5.916671646871294,6.406266764623562,5.282960300149477,5.264688122719639,6.407982367143533,8.54206180324859,7.9052612378039395,6.585090103671844,5.785117989207733,8.578192984915356,9.349190382825725,4.257008793962871,3.439794513051113,1.71322848663597,3.6031019257817745,1.5347633487688421,1.1309122580124449,1.391578645977566,1.510475769531321,3.2499653669340924,2.5627317674695327,1.0917840820086313,1.259441063639679,1.535758894416084,1.3996659184723308,0.7304929792635817,1.2734821192695702,3.539184218378854,1.5746092565784595,0.7395761706794665,4.603216977599498,0.0,0.36977136502081037,1.670602252412376,1.9483785397247004,3.175122021464123,1.3699699621235895,2.80463512725487,0.9372777192030383,4.944579002236082,1.718665950652429,3.203152850686691,0.5200545787435944,1.6609350239197038,0.8650607579126507,0.9702792411895061,2.142049894543823,2.877699048509768,3.143479819683276,2.4834116605441254,2.8026368323935453,1.9838426502695212,2.522522182594394,2.833135564825366,1.8147138511387964,3.1629672241531246,2.3681005674013518,1.7155988660978765,1.6314977667189383,3.148633894629109,2.7871107567732576,3.384288949666127,7.231547190128932,3.588264313093427,3.9356167189163647,2.6888112583551274,3.4091201452373707,2.618930568434023,2.834247297403035,2.5266978122037256,3.0809926339515874,2.797489702311762,6.130515041674839,4.497096817110816,5.432486168473846,3.3180234771207884,3.3348409165180075,5.136480669120951,3.8042668186005084,3.5884405575148053,3.963474141409435,4.537014378560678,4.4477499781893695
36,9.097118484632047,9.608247208725558,9.345831159094791,6.064422716387748,6.619602351810094,5.295954402990876,5.349573410134071,6.65097518254767,8.851671641809826,8.209602962304903,6.876379918020637,6.0574108215710565,8.909073260707048,9.696906369287383,4.508049680465974,3.211821777875562,1.8217268393047232,3.94223306912669,1.7534232146261521,1.2377440937996658,1.2089751643987499,1.2204705113934493,3.61066260295143,2.91868659244707,0.8649153746293814,0.944979410738464,1.182337793375189,1.0439298678123665,0.4315498322510289,0.9191314404053055,3.170062262062366,1.2070873118530394,1.105490896003897,4.972988113970511,0.36977136502081037,0.0,1.3008348024717975,1.5788033777344976,3.5447506179390302,1.0037906451358243,2.4357944375663703,0.582533085472558,5.31371122297256,1.3572827622142118,2.836557990716748,0.6817262351138033,1.3148356475090692,1.1670582481307428,0.7623290989476268,2.4892846003998055,2.5235485182678876,2.7890685654323497,2.1400606131963005,2.4566574173345437,1.673938635701366,2.193745350383783,2.499241640532109,1.5476592832260414,2.831962447749063,2.1056699591598553,1.8817830554310986,1.6905475224663424,2.84521566793837,2.521775261586375,3.0823252214512418,7.58715375799363,3.294958534034341,4.245424885649498,2.5006890896953893,3.1459474304263915,2.787841080355872,2.682741421899793,2.5453205794504776,3.293876592907106,2.752215110270548,6.459906663883018,4.221395411836336,5.737119743327322,3.4485767591363623,3.4530093062952414,4.858900457721294,3.6435131265587866,3.6150981393734116,3.909256505281186,4.3752223208478505,4.468943420311253
37,9.982867549118286,10.596913653671013,10.387276723131158,6.71590470219811,7.4629740183786355,5.534637761305102,5.821570086253034,7.58320521560227,9.970235256768197,9.314609067831428,7.949583728829038,7.082020043535795,10.091929184569452,10.929636455958988,5.4947980930882325,2.668147594797699,2.611189116375161,5.166797578807381,2.7855237427754256,2.140137450152302,1.3960905888415045,0.9301627420661854,4.889299211453911,4.188765755537261,1.1616019581761374,0.7872616390884303,0.4316492294115428,0.4477441648251636,1.06440108452958,0.5296653984274166,1.8728597657501274,0.17807237127530257,2.4017872776297855,6.273802552492089,1.670602252412376,1.3008348024717975,0.0,0.2842309018564578,4.845373883310931,0.3537668244670687,1.1441598551643843,0.7865670723524034,6.613159947840012,0.33060614111497477,1.5606147234375827,1.8243926972456912,0.5346925289399971,2.387872984133051,1.2232466073979829,3.7467078114817314,1.3500971347500825,1.602168015466976,1.0863114861511196,1.3489669325744567,1.0004817121224971,1.2431588703944154,1.4735871759384984,1.193841258952614,1.797371003505237,1.5805469210260037,2.7998329777927347,2.3965238619191793,1.9732781923403357,1.897923753087788,2.19769139107676,8.84893362067748,2.4405080569307214,5.39845994156963,2.241087071004126,2.4561298601341077,3.631878364829705,2.542417265026084,3.003063031413749,4.22282619316826,2.9834939948404666,7.650601817771948,3.4024644822746306,6.862999771546758,4.149271665251669,4.11846493251341,4.008289341104829,3.358865516174607,3.9957881857114534,4.000831314178829,4.037017016640651,4.782234150013372
38,10.227564594380912,10.855386535848318,10.652570454097464,6.930634878897154,7.704535586792415,5.6844794200049105,6.01067496403631,7.83667034045881,10.244489792743842,9.587644598644232,8.219817257275956,7.347440498978682,10.372196852908848,11.213120703152972,5.758007338986566,2.687063140779356,2.8676159892135815,5.4504281517452124,3.0608675625387867,2.4115813933050236,1.624596106054899,1.1323253897581569,5.172808179278566,4.4726543162662535,1.4200932204680219,1.0375499457257336,0.648299222992648,0.7031278641482446,1.347984035727651,0.800593958267699,1.6065324024851815,0.43389249977627176,2.6821163510756274,6.55105241920765,1.9483785397247004,1.5788033777344976,0.2842309018564578,0.0,5.121421398272664,0.5967741969789515,0.8605666944918431,1.0445815751345857,6.887262439871169,0.371831974304957,1.2765739996540382,2.076310215615759,0.5923956978908532,2.644002736273146,1.4282442436864087,4.005462790824708,1.092650273582799,1.336818532801736,0.8857782410895355,1.1141754651918885,0.9632910565680555,1.0721059355460334,1.2628167124976273,1.2279427007860335,1.5737531820254107,1.523449762432199,2.9975639204325275,2.566090860013388,1.7933262414071525,1.7928153804473654,2.0079922420909915,9.104603526203524,2.2537362095040105,5.626670285314206,2.2156982294925225,2.3129048062323987,3.804042949733418,2.53372952312621,3.109518808808495,4.40669962730532,3.0437920032190373,7.88512850403005,3.2106553926732997,7.08150653557437,4.286836033469176,4.249108118047545,3.803869301666539,3.2954483184947216,4.068713241848633,4.011564288639742,3.9507789743339745,4.831740326484545
39,7.411657662736309,7.486691358251169,7.029449996056196,5.664932861097684,5.425440221815453,6.242571761884229,5.674598866723782,5.098871993109645,6.23588002610426,5.701430862769105,4.6621259061421085,4.2180526074924005,5.99207268715773,6.513374423865857,3.330238103985117,6.0489463100551655,3.3483574516615824,1.5983076219268764,2.7721713560650003,3.2512771076820814,4.180421674439423,4.526658162280026,0.8474842360797799,1.1018029111667482,4.049507745297356,4.3471285484824485,4.683210597690496,4.553732027949532,3.8510559170834457,4.427516400559553,6.713708245567922,4.747354522384458,2.4559103653804906,1.4328527886413642,3.175122021464123,3.5447506179390302,4.845373883310931,5.121421398272664,0.0,4.534526970873049,5.9729692148027755,4.08927432961706,1.7738808884463393,4.867169235746689,6.3596806229350795,3.1244084883291463,4.7703798054848345,2.5745790952170164,3.893373912768282,1.375695386909248,5.984122389655035,6.2470251170240605,5.5577097350008176,5.8783389185957065,4.973420814974883,5.543132949941156,5.860901130820118,4.694644008772632,6.167853268070269,5.1620731022861515,2.961266449147583,3.453875315819741,6.038175137716808,5.547021890649377,6.254672905884729,4.235846187676572,6.408478806358221,2.138698044560878,5.142812065160137,6.103703532305748,3.1349534824521017,5.098432524481542,4.044442283516086,2.9350191744162686,4.552492838911929,3.565080580842943,7.181137932651244,3.3124214905056157,3.7540286600614152,3.859136675752628,7.799807509650814,5.9480285364969046,4.670633568082593,5.468320639651375,6.593115892061068,5.346620852881157
40,9.883273457638342,10.461322651790416,10.231476640899558,6.684484698856219,7.3736123633055595,5.613520681528915,5.838514437280845,7.464120723612854,9.78267770531411,9.13236044103139,7.7790061944598765,6.928855554971817,9.875048664181588,10.686402507421814,5.3514907274523775,2.912091691003449,2.50354551182379,4.92532548404277,2.6084001534595105,1.9871579899003977,1.3886587792205018,1.0077866155492075,4.613574735142435,3.919221122815149,1.0863719109185705,0.7722667803908851,0.5724657680142626,0.4926031091420592,0.8574810079740307,0.4880442847566936,2.20323106455083,0.3768120765025034,2.108747035435502,5.965825734929598,1.3699699621235895,1.0037906451358243,0.3537668244670687,0.5967741969789515,4.534526970873049,0.0,1.4384422508683232,0.4485857311305674,6.297147447997085,0.3648583243600879,1.833203154470536,1.480330613366359,0.41769326669972984,2.0473727501032988,0.8727733848640085,3.4087034857431986,1.5381047486528545,1.8015383706131907,1.1927388340715224,1.4943922291439398,0.9032993531405423,1.2969863292326518,1.5742745364403057,0.9935115614541717,1.9088765019077678,1.4665769776272954,2.4485063066671913,2.055713858204756,2.010045549189027,1.8326834863291734,2.2442581385395766,8.508342541056027,2.478005897732508,5.045708263693512,2.07022337488016,2.429094620128961,3.2878436349336533,2.34807669235704,2.6985036243309697,3.8743143701335665,2.716543308523831,7.299354993814847,3.4364552915835476,6.509310549808498,3.8212952869302,3.7945587340860065,4.0589645070471,3.2171466145084877,3.7131438232850797,3.774211703874607,3.9177549436743875,4.516806638115083
41,10.94683278888051,11.617621594436214,11.437199086072752,7.5676941503626125,8.418639001110193,6.143231140453446,6.57878298704581,8.586766104369833,11.059693575043715,10.398931065009865,9.022586828404533,8.135575564240686,11.209552716873677,12.064846831313725,6.542007543120293,2.8558832398058156,3.645797874847387,6.303660621560489,3.887989598289122,3.2311521656547595,2.3640144544087915,1.851991282029672,6.033351453833365,5.332901196220669,2.2236727446857127,1.839271922938288,1.4374334926842576,1.5275934707604943,2.2036041315997084,1.6392796906802025,0.8292479851946534,1.276557419028121,3.5406182205978594,7.404174307711679,2.80463512725487,2.4357944375663703,1.1441598551643843,0.8605666944918431,5.9729692148027755,1.4384422508683232,0.0,1.8847317972864668,7.7347682021558,1.1190809328616549,0.4339000664881102,2.8950820050294133,1.2659567838750183,3.4656003050573165,2.1877912049137,4.826626075412359,0.5901337226333729,0.6978823211575044,0.8167805844303554,0.7560848064781494,1.3490299460257307,1.0296945422710428,0.9795016357394224,1.7029989264114203,1.1503418536985774,1.7238033728787694,3.7022341331152675,3.220808780845008,1.5321616311374249,1.804087339836686,1.6780114857684503,9.912390340621647,1.9109634917263283,6.377729405725283,2.4179495295742326,2.131959412975132,4.439870929375797,2.7581942025563793,3.604713795452604,5.062628486570655,3.425937997011516,8.6453054460078,2.7906284824347045,7.805272358274583,4.832673072774614,4.778353040661994,3.3156464852737737,3.3167862688303353,4.453273487081675,4.227085164799832,3.8754341960222516,5.137658060101043
42,9.61169399142029,10.151511100530918,9.901718771104784,6.49661281411638,7.117647071228908,5.566643853570228,5.712416139294206,7.1757972525672775,9.423101002737003,8.7782900954057,7.437699654869172,6.606332024318137,9.489475171459986,10.279274385735429,5.043644802696366,3.1164804615424657,2.2633241646667135,4.5245978708955885,2.284971389903899,1.7061037721743983,1.3300078234876365,1.1017200243164718,4.187203554440851,3.4983588136019326,0.9751727692482202,0.8069947430362862,0.8303927192874527,0.6987511573989678,0.5919839271690822,0.6086703872359748,2.6510444292619213,0.7458841889971739,1.6764011583352132,5.5212459579766735,0.9372777192030383,0.582533085472558,0.7865670723524034,1.0445815751345857,4.08927432961706,0.4485857311305674,1.8847317972864668,0.0,5.85004734545181,0.7826132462444331,2.272534424780472,1.0379431210403247,0.7331937128059217,1.601825983671373,0.5480824266745531,2.9620098456391917,1.942078997831557,2.2077523812408906,1.5583776422825588,1.8742971057250573,1.1232263902199546,1.6197997264083703,1.9212821356157932,1.0647400990612264,2.2551636628307707,1.6104161408456787,2.0728129401475535,1.7347452227052327,2.2909379175191265,2.0149050238669606,2.5283984059771396,8.063211435899795,2.7487959115052707,4.622333279436036,2.1048807579406494,2.634909805146593,2.942535850730716,2.337367111019684,2.471323991411153,3.5078420224455065,2.5695272603310877,6.869087329961624,3.6900214200939234,6.094768338303056,3.5239832531618633,3.5083354377218265,4.32366709755032,3.265063850754682,3.521321767209413,3.68466988483125,3.9869686494154783,4.352033602954383
43,7.264120304364103,7.039219665756961,6.47107078728888,6.400037828693099,5.781670484743027,7.451959346167258,6.713813114721257,5.286449695038249,5.49789088996225,5.105228671588188,4.449445094733275,4.3719802057260955,4.998125636963649,5.219143945831615,4.118736787420639,7.740844222622704,5.010218899741286,2.451035957289315,4.452700509995754,4.9849843432169125,5.934878458131993,6.295383849951407,2.0643413555615635,2.691736966538955,5.817893710678057,6.120192930213471,6.456984380902402,6.327227812998087,5.62488823815051,6.200948665729392,8.48373878568384,6.518431266100283,4.229431010805474,0.45202570445809115,4.944579002236082,5.31371122297256,6.613159947840012,6.887262439871169,1.7738808884463393,6.297147447997085,7.7347682021558,5.85004734545181,0.0,6.623402159175907,8.114725780821706,4.862223291847041,6.516577648393747,4.299271023949332,5.621614986253641,2.986596620418962,7.72135387019209,7.981838759768312,7.287938691717227,7.606407153546505,6.688889354480626,7.25843156399249,7.574682276092221,6.391836292340542,7.871477072356621,6.826844304103662,4.502759826454779,5.03344637913659,7.709173544438547,7.192489620953127,7.916278950136258,2.6478754754789735,8.05201945905351,2.5670583102452373,6.722451971407776,7.715980059389354,4.415617984290136,6.629511665654188,5.465838765841706,4.010642181837051,5.983128201217578,2.604093442792881,8.765363774052721,2.9093020176752384,4.856739413796309,4.975379462998972,9.364894052490891,7.39650179227779,5.8673800332154,6.733249314383293,7.980720514142635,6.39176161556478
44,10.227150699701122,10.816290556036545,10.590979774152524,6.997670391239569,7.7132514000327985,5.855209363581546,6.123572324298294,7.814034166879895,10.146634784333337,9.495784061792529,8.140840232100883,7.287456279813828,10.239741090994775,11.048236560333146,5.7074953605044945,2.9884000399042514,2.8464684289383677,5.288122878355818,2.969732121038577,2.3426563743454243,1.6799435266100082,1.2404276224119948,4.967497494258918,4.275851419813089,1.4092045525301786,1.0588346578929364,0.7477138964223533,0.7305529781604225,1.219489390420257,0.7774318348774107,1.9179873568170112,0.49027497768935413,2.4582029228805538,6.299765676135087,1.718665950652429,1.3572827622142118,0.33060614111497477,0.371831974304957,4.867169235746689,0.3648583243600879,1.1190809328616549,0.7826132462444331,6.623402159175907,0.0,1.4925114101294923,1.7760891255699458,0.22531161008210826,2.3466113007804017,1.0834080539633524,3.7075503618202563,1.173750754871987,1.4377103624295755,0.8349301819267474,1.1311003543218168,0.6698831071069489,0.9584533182953138,1.2204856466260579,0.8811160534978484,1.5534434780101027,1.2499702476544614,2.6397523654214745,2.1984210382178286,1.6840159872870657,1.5730792583224846,1.914239012803239,8.795857126755708,2.1530933163124555,5.286396637886865,1.9135807240621974,2.1424588169019763,3.4359488867434465,2.2188468559129486,2.7406851864076103,4.041603725265621,2.6891440482757516,7.549513043165284,3.115094958108516,6.732616603235066,3.9150308160130365,3.8775764507799293,3.7301136000278596,3.02829003968392,3.709838141532965,3.6844015098014458,3.70711617163759,4.4831519863644145
45,11.371869369992456,12.048881582836062,11.870473922749131,7.977319676176586,8.8434648382281,6.5070459809790755,6.9726301593638444,9.01694476933833,11.493269717262697,10.832681003043643,9.456486205173606,8.569168583579147,11.639977513880543,12.489139599054608,6.97551000135888,3.1531788239401863,4.079462218269487,6.7267324123250924,4.319718694917128,3.6636213771002453,2.796676616856471,2.2846531320280583,6.443218442765461,5.745388372498707,2.6568310789692533,2.2720994252770894,1.8700999675134944,1.9572508240641124,2.624432735692893,2.066590010684915,0.6907589341575451,1.7015278289152067,3.941866911988018,7.792263792287093,3.203152850686691,2.836557990716748,1.5606147234375827,1.2765739996540382,6.3596806229350795,1.833203154470536,0.4339000664881102,2.272534424780472,8.114725780821706,1.4925114101294923,0.0,3.2588437223933404,1.606190579366067,3.8280859651124746,2.525283898728646,5.183846861660858,0.5575019219394375,0.4747769554715982,0.9647087647026336,0.7530380357108789,1.5788970531907613,1.1267673142380157,0.9509794194548791,1.9358166231589133,0.9893704608410452,1.8334190277852043,3.988376343977217,3.4854094952366013,1.4199837960256925,1.813556927135133,1.5108241600955297,10.25086566747877,1.7188991082307832,6.6785917618451425,2.4829463274880057,2.0159777309620486,4.6800444006776685,2.820025736450703,3.7801091088540795,5.3096512857313325,3.5474053047034007,8.947925590547856,2.5211887941514908,8.084143294392106,5.0195835985374995,4.956757284818821,3.00249423654063,3.259421084553166,4.558912422155437,4.249432685968817,3.7572376121170987,5.194736618817636
46,9.22463696318974,9.652021599045447,9.344540389637455,6.37011684649234,6.798754676576421,5.79766627966971,5.7563322540551,6.76409119216445,8.776179330169708,8.15260997557405,6.862900574512515,6.09966543628866,8.756706628374348,9.468031846132966,4.611329187378779,3.890929930506091,2.2094748948106755,3.7798758770065164,1.9642358924621202,1.6360486479490721,1.8672562621558961,1.9001742542905071,3.334096955446416,2.686568166588274,1.5378109886609468,1.6184059316954635,1.8075374204356447,1.6674011947650438,1.1132732623620218,1.5498774263021602,3.6810905187098033,1.7748134567353002,0.9154175592117101,4.5551008513031235,0.5200545787435944,0.6817262351138033,1.8243926972456912,2.076310215615759,3.1244084883291463,1.480330613366359,2.8950820050294133,1.0379431210403247,4.862223291847041,1.7760891255699458,3.2588437223933404,0.0,1.6553649951774532,0.5705228800512738,0.7725432222509526,1.932109371470141,2.8611548516318357,3.1232836545962845,2.4333221580027464,2.7540915593456847,1.858146693668548,2.425354051132321,2.7432342411041475,1.6102333755072666,3.057757273918164,2.1305406970806793,1.2136730421008357,1.1153232172976757,2.972832521074299,2.5430433315400904,3.2011973398807734,7.028309569737152,3.383442959539729,3.6000892729931477,2.3330245028012824,3.149684638400192,2.1209552898168083,2.4343775760331834,2.016378665499416,2.6135030795584635,2.3134823870847008,5.836864738568003,4.247860717989185,5.083427332200425,2.8057332985681636,2.8194332159725795,4.886049090686969,3.4028168592257315,3.07346618571988,3.4782542495025734,4.131599489804344,3.9329987114329255
47,10.291144603250412,10.857148704099934,10.618356582115066,7.10212667655839,7.784500950683772,6.013576546202155,6.253182411153765,7.866975096002232,10.151772402427643,9.505136686799137,8.159383731810356,7.318622727150295,10.222642539191481,11.009235608655564,5.74688314142264,3.202513105347533,2.9143707072552982,5.256949610155709,2.994614183891421,2.3870591219189374,1.8025988007051668,1.396648657012834,4.907015913089096,4.223348306614596,1.5040476534767477,1.1825624704811426,0.9204708881214869,0.8766675282726877,1.250593325079606,0.8963828237909842,2.0837684618131895,0.6716454752305381,2.395405370699375,6.202996364217116,1.6609350239197038,1.3148356475090692,0.5346925289399971,0.5923956978908532,4.7703798054848345,0.41769326669972984,1.2659567838750183,0.7331937128059217,6.516577648393747,0.22531161008210826,1.606190579366067,1.6553649951774532,0.0,2.223189213769622,0.9231804837550819,3.577657738316262,1.2208496903033543,1.486315215605863,0.8252643102154785,1.142388636376879,0.4931764209787967,0.8972044082908301,1.1909068375497212,0.6605847139046807,1.525739140236044,1.0686566015041883,2.4510616844807176,1.9950387848091828,1.5979298929942622,1.4201062311741073,1.8334536390573364,8.651085837831694,2.064616264242948,5.1145344854852635,1.709968371905334,2.012043761411736,3.2305354444736967,2.0081317423205984,2.517287384722851,3.840966916309871,2.4643510672462203,7.380994328638048,3.0211921504498145,6.550942441037894,3.697015897278578,3.6579376676480244,3.6458607676588324,2.8387255661794857,3.4845620151339785,3.4670427365380276,3.5279932009743624,4.259254214311686
48,8.954614504772254,9.319937099943399,8.982867529702089,6.263801772593361,6.5811524882399715,5.894760342325115,5.751919176541575,6.49515505551501,8.369122786985004,7.758938117848805,6.5030577389426485,5.78334425597408,8.305407512403704,8.976524806760658,4.35637313011144,4.298656118929205,2.2782875844551542,3.3522812640911392,1.899291895053889,1.765143985653972,2.2454443073085604,2.3701289721242587,2.846496245599082,2.2372120479678688,1.9564815525021837,2.1074200513670394,2.3403880478921195,2.2004697408228977,1.5811818017454997,2.078408155024915,4.249814479576063,2.329031575149724,0.7115841740430836,4.000804563844097,0.8650607579126507,1.1670582481307428,2.387872984133051,2.644002736273146,2.5745790952170164,2.0473727501032988,3.4656003050573165,1.601825983671373,4.299271023949332,2.3466113007804017,3.8280859651124746,0.5705228800512738,2.223189213769622,0.0,1.3227776049144626,1.362099942761046,3.422118170843603,3.6826434319965933,2.9894270294041005,3.308759041320015,2.39897270941036,2.968825317016367,3.2864987190290353,2.124500387338671,3.593685012550838,2.613739581057311,1.021996887641911,1.1948002065738847,3.4787069486719355,3.014156579839268,3.7010511779154434,6.461402714896646,3.869201191825081,3.0794432284105118,2.711107020787277,3.601016585427078,1.867169283338617,2.753678803989367,2.072106143432958,2.261039457488161,2.4662945797582077,5.295255981320703,4.696446450576887,4.573391019883466,2.6097677093438096,2.6469479582308195,5.329631535230154,3.6993830466400994,3.0646468253521393,3.599393765781353,4.412494458582903,3.9130408172494557
49,9.828955739916074,10.30962172799648,10.026498998655631,6.826417575683031,7.363873035730029,6.020528967031934,6.105149790435328,7.376215546800386,9.492179282065004,8.860229015043346,7.5487809107976656,6.754693410873523,9.500370285405793,10.230875217546807,5.226287282040749,3.6644777379404094,2.584021755214667,4.519755968070086,2.489813124586624,1.999829998785005,1.8255935429119754,1.6461432013785995,4.099815228276571,3.4413999849039327,1.4628523990124722,1.3488206735728643,1.3637022240769519,1.238288622848257,1.024167253465986,1.1553220866188378,2.999215718895329,1.2355919585291175,1.6276419659582422,5.32220733514892,0.9702792411895061,0.7623290989476268,1.2232466073979829,1.4282442436864087,3.893373912768282,0.8727733848640085,2.1877912049137,0.5480824266745531,5.621614986253641,1.0834080539633524,2.525283898728646,0.7725432222509526,0.9231804837550819,1.3227776049144626,0.0,2.6633693568293877,2.1006888218568838,2.360301436491801,1.6666494297081793,1.9861504182653145,1.085811263864019,1.6528563039706612,1.9707612059244166,0.8581371876805247,2.2856372215271588,1.403143036865477,1.5766174788566791,1.1960305749920117,2.215493633788231,1.8218879537112098,2.4473533153600835,7.72812880075962,2.6400835533264932,4.203127270069482,1.7405648247121135,2.4417601250632917,2.4194059471291895,1.9216202889809015,1.9269674450957512,3.0017320061578605,2.053326707409295,6.466200882920666,3.5335086547544368,5.6534042877678266,2.980596848070157,2.96266936803362,4.173169808824398,2.8811890517862806,2.982844686339762,3.1909654568428936,3.612918841887698,3.820254460098416
50,8.497841266668699,8.690867655032514,8.276052083676213,6.286268983452529,6.312770471547123,6.3936235323395945,6.032062006294861,6.092601907203315,7.540473640736106,6.977728913156721,5.845173710184436,5.272148105522365,7.346347370948224,7.889064797118869,4.087623311106788,5.428157034406436,2.9769819488032434,2.6308555847151434,2.4293376311127384,2.649309015161596,3.4046930843431293,3.6330706164168327,1.941139950918314,1.60259620341724,3.1794161012102555,3.398161334960179,3.6715059774593026,3.5332106390467817,2.8707854508615522,3.408304772648717,5.6116325667127,3.680402151401521,1.5636330508042113,2.732925921061201,2.142049894543823,2.4892846003998055,3.7467078114817314,4.005462790824708,1.375695386909248,3.4087034857431986,4.826626075412359,2.9620098456391917,2.986596620418962,3.7075503618202563,5.183846861660858,1.932109371470141,3.577657738316262,1.362099942761046,2.6633693568293877,0.0,4.761106749356775,5.017847716822035,4.321537416529806,4.636867568515633,3.7126600358592894,4.280554836592879,4.595331686763232,3.408018410557514,4.887670895025757,3.8414655923441168,1.585572179731097,2.0842824487339344,4.723379206250531,4.2124335056589866,4.932295562245566,5.103170132730423,5.073616373447397,1.906556322025033,3.7776428270501787,4.7518912953991075,1.8604241922803746,3.7242503467319548,2.681620354705292,1.8398768264146337,3.1844985274503634,4.006808167475244,5.820265632266827,3.3920646494933253,2.5620010914811835,2.6519815056268667,6.434282497687841,4.574162192252224,3.387320858062729,4.142110108972026,5.226235959635824,4.126964291533192
51,11.319546814258057,11.945855302739957,11.73716601031442,8.002318462780424,8.795717309255007,6.662067642368673,7.051667571975162,8.928930325454575,11.311609563117907,10.658232621247132,9.296854539524132,8.431940285661796,11.412999253258613,12.219641761654941,6.844875495079957,3.4314510383246075,3.9585581546741904,6.461009930918936,4.128228096114229,3.488181929425192,2.7144194601957192,2.2141979515561494,6.1265375325453,5.440145694242796,2.5093597558036937,2.1290561056695636,1.7402845649800929,1.791922608782777,2.385106054045502,1.879740972814483,1.2361944323552585,1.5194292059836023,3.6145845183614767,7.415787697845919,2.877699048509768,2.5235485182678876,1.3500971347500825,1.092650273582799,5.984122389655035,1.5381047486528545,0.5901337226333729,1.942078997831557,7.72135387019209,1.173750754871987,0.5575019219394375,2.8611548516318357,1.2208496903033543,3.422118170843603,2.1006888218568838,4.761106749356775,0.0,0.26578808962169753,0.4472886946716529,0.1966405295817109,1.0760147558501025,0.5749426709588706,0.4092924798221273,1.4242470484003231,0.5670250748325305,1.2771234618389637,3.4933527964602864,2.977111015072814,0.9434825803916901,1.2683111814939765,1.0896176928728958,9.792891520068677,1.3256858586235556,6.187471049419412,1.9277187166087546,1.544856130401989,4.152350141884118,2.265814237236872,3.230163606680541,4.784182036443985,2.990126413574991,8.455267878932673,2.228652918238856,7.574167563383667,4.470871866585883,4.4060231315373075,2.780589026711254,2.750432774909571,4.001603375854772,3.7065965006323607,3.290835477007122,4.6436553886763985
52,11.555346028181352,12.191952460354178,11.9884074523111,8.217932471584493,9.029830624022537,6.835138198559638,7.250853032258318,9.171543420994958,11.569589027213645,10.915234924919943,9.55164455078014,8.68316105711231,11.675576260139866,12.484795799844347,7.094477475723868,3.548545771349738,4.204229796474743,6.725640852972642,4.385183830621947,3.742226724678678,2.949549545144299,2.4444853159226394,6.392305320044855,5.705895346570762,2.7568027644720963,2.374235565013027,1.9805890239612158,2.0394293338249394,2.645432654277539,2.1313999824015357,1.1589727099648333,1.7680589865898548,3.8803554085413574,7.678319512951589,3.143479819683276,2.7890685654323497,1.602168015466976,1.336818532801736,6.2470251170240605,1.8015383706131907,0.6978823211575044,2.2077523812408906,7.981838759768312,1.4377103624295755,0.4747769554715982,3.1232836545962845,1.486315215605863,3.6826434319965933,2.360301436491801,5.017847716822035,0.26578808962169753,0.0,0.6965815450514145,0.39115330411210003,1.3186223188050845,0.7814206187476712,0.5280156269544418,1.6583689694365646,0.514600459099701,1.450342836070831,3.7284436840203075,3.205928973127236,0.946610805455938,1.37121270367812,1.0386723897076848,10.038889662273577,1.2534490903861186,6.421690808517616,2.0577275955182186,1.5412372313863252,4.3643052949568615,2.389592035668214,3.4137122549054717,4.997325586626264,3.1447788296548698,8.687700005531882,2.0978489116954155,7.797031933583097,4.654800753104576,4.585639864643239,2.617868548930224,2.788132546344055,4.141529376924956,3.7956504879757427,3.2829338452243753,4.751972846181102
53,11.058306976938043,11.651204811193288,11.424159338824307,7.801535865120141,8.541880824417566,6.566549495462842,6.894527099493436,8.648211908800425,10.970850121440419,10.322223793602642,8.971199385047667,8.121251566746515,11.04759638843677,11.832597505602694,6.5422458754222355,3.4711989891017025,3.6787802911503706,6.082006545976526,3.8010371122778777,3.1773605717985496,2.4823939557583667,2.0072673074659857,5.7236703323657165,5.043984508410972,2.2352126731606594,1.8704720955130987,1.5113795125043186,1.53208055242808,2.0501635167911676,1.5989103635285953,1.598666883758918,1.2642900366342666,3.2143041455782306,6.987871195605466,2.4834116605441254,2.1400606131963005,1.0863114861511196,0.8857782410895355,5.5577097350008176,1.1927388340715224,0.8167805844303554,1.5583776422825588,7.287938691717227,0.8349301819267474,0.9647087647026336,2.4333221580027464,0.8252643102154785,2.9894270294041005,1.6666494297081793,4.321537416529806,0.4472886946716529,0.6965815450514145,0.0,0.3216732141915274,0.6289232485089429,0.22604480988126974,0.3882610381247551,0.9795753371268613,0.7187772297688753,0.9076677636459717,3.0468936196094103,2.5330075755403074,0.9096810025544472,1.0180538974119375,1.122227460345774,9.346248709950883,1.3679740132702058,5.740950549522482,1.6023763531360105,1.4552531549250511,3.7172172588499452,1.9423835726393592,2.821963670590733,4.3477967948232905,2.616485561034219,8.009071154278413,2.325562401226375,7.131515904946339,4.059216642029797,3.9987717375547254,2.9240822065288192,2.5492557923007566,3.640772008779676,3.415989481422146,3.1542317307427736,4.3210050822063515
54,11.331822573191214,11.939671009896246,11.7201171322252,8.044266865106373,8.811475877041092,6.749138162323604,7.113153752176126,8.930214729570089,11.277017290955845,10.626690346579442,9.271754798752283,8.415861434224862,11.36140396936352,12.151509571722311,6.833189876565269,3.5638739101348254,3.9581281614268593,6.398875308469319,4.100601282373717,3.469777225704421,2.7364212454458574,2.246393157005706,6.044708285915023,5.36410217444471,2.5094728000670283,2.1358887661235806,1.7595146950005067,1.7964158060433844,2.3505887726001538,1.8739794652743724,1.4327497284157935,1.5242479588985338,3.534762309640359,7.3080994949273,2.8026368323935453,2.4566574173345437,1.3489669325744567,1.1141754651918885,5.8783389185957065,1.4943922291439398,0.7560848064781494,1.8742971057250573,7.606407153546505,1.1311003543218168,0.7530380357108789,2.7540915593456847,1.142388636376879,3.308759041320015,1.9861504182653145,4.636867568515633,0.1966405295817109,0.39115330411210003,0.3216732141915274,0.0,0.9300693244360226,0.39351473427464273,0.22352351079443605,1.2673237403194966,0.4647006041353278,1.085205736250402,3.3372977799522197,2.815097056358831,0.7839483266231213,1.0735884768118704,0.9545053476101358,9.64942015551163,1.197720303430821,6.030551462395677,1.7311251858190433,1.3788927996914422,3.9782888886364867,2.069174130773877,3.0429681014043286,4.610930732870751,2.7959793485082063,8.296670986806198,2.1285829615507867,7.407643741062699,4.284138900881784,4.217898847146093,2.70226334388923,2.5656472909509387,3.8058995988135575,3.5115277926478288,3.1198256582644257,4.447158787286939
55,10.732782766565503,11.273500291028295,11.01844754638459,7.578064274489352,8.23441191983545,6.5066370685213855,6.741718606470351,8.298773614220135,10.522376359369396,9.882218891135954,8.550219058441936,7.726334696295835,10.559882805548096,11.309362831785542,6.1665260297728075,3.644025363508577,3.3694462484037175,5.581289119741675,3.4075216156552965,2.824563433184925,2.291913915153517,1.889259389915104,5.182186568761608,4.516811115513811,1.9840488749409724,1.67374517758154,1.4080854013827122,1.3696187459458662,1.6923358720168096,1.3878604318432972,2.171675905197571,1.1542505298780827,2.6911126444984346,6.399173814721981,1.9838426502695212,1.673938635701366,1.0004817121224971,0.9632910565680555,4.973420814974883,0.9032993531405423,1.3490299460257307,1.1232263902199546,6.688889354480626,0.6698831071069489,1.5788970531907613,1.858146693668548,0.4931764209787967,2.39897270941036,1.085811263864019,3.7126600358592894,1.0760147558501025,1.3186223188050845,0.6289232485089429,0.9300693244360226,0.0,0.5700293642033912,0.8875315886012303,0.3579648225947278,1.1998912190448825,0.580477653124772,2.418246174034198,1.907517463440176,1.1714755875803315,0.9293896717649651,1.4087632457361834,8.720292988962417,1.6258709885219145,5.112198406921999,1.2537599802080082,1.5315755568368545,3.1046254954789156,1.5705379488033966,2.2602629851830582,3.732560670734508,2.1223308163780787,7.380518820624609,2.568447124168324,6.5067382208321645,3.4840850566379675,3.4311606081654653,3.20085364494876,2.3584228974598074,3.153927513387411,3.0504814886332223,3.039619214598337,3.890029912835261
56,11.18000337382674,11.753804974811807,11.5153257936953,7.953605742019089,8.668796066898619,6.75609360066834,7.064244733740483,8.760552088572718,11.042818695853036,10.398010113048626,9.055132135046383,8.215825274467075,11.099737817811146,11.86422620519013,6.643501576796578,3.6906347987145827,3.799593721751245,6.125539622577301,3.8917961958780474,3.281699909431387,2.6332568821373066,2.172613708261681,5.742255252286337,5.071432738584728,2.3674428417072146,2.0145563002040277,1.6741023020037877,1.6804882927311393,2.1464361397940177,1.735417674624931,1.7864486610419499,1.4203704936314112,3.242274774516705,6.9691771660602795,2.522522182594394,2.193745350383783,1.2431588703944154,1.0721059355460334,5.543132949941156,1.2969863292326518,1.0296945422710428,1.6197997264083703,7.25843156399249,0.9584533182953138,1.1267673142380157,2.425354051132321,0.8972044082908301,2.968825317016367,1.6528563039706612,4.280554836592879,0.5749426709588706,0.7814206187476712,0.22604480988126974,0.39351473427464273,0.5700293642033912,0.0,0.3179439338360943,0.8861316410472724,0.6406264364411532,0.7098502357996319,2.951676769297195,2.425975166397434,0.7301267044559983,0.7920531513235615,0.9567512209789254,9.271497321857701,1.1979170835739854,5.643339394371243,1.3895867731134013,1.2453866509918663,3.584805704015738,1.7299421128493393,2.6553892210333285,4.217497105562524,2.425370496366385,7.908185616390472,2.160272611542494,7.015612094999518,3.8959755298420866,3.831482156957415,2.771941441462949,2.323235024762285,3.444060861743899,3.1977588154956775,2.931294443621912,4.11081731323536
57,11.446071199715213,12.03530836103868,11.804532832951995,8.187317263589062,8.930014901694676,6.929441053715657,7.27334080067081,9.0345195815921,11.342668816839188,10.695923764367581,9.348552515224366,8.502677750564976,11.407861985413316,12.17822305475945,6.925688025295712,3.7742989107434664,4.06609888245903,6.436065645136087,4.180385566744232,3.561037591348703,2.869416364217474,2.390753566043015,6.058313093038812,5.385839995695577,2.623353367089041,2.2585468873296533,1.8965452608930222,1.9199474271027814,2.4304894866856253,1.987119512337749,1.6386124502581412,1.6514026681899245,3.556104166627144,7.286633483877748,2.833135564825366,2.499241640532109,1.4735871759384984,1.2628167124976273,5.860901130820118,1.5742745364403057,0.9795016357394224,1.9212821356157932,7.574682276092221,1.2204856466260579,0.9509794194548791,2.7432342411041475,1.1909068375497212,3.2864987190290353,1.9707612059244166,4.595331686763232,0.4092924798221273,0.5280156269544418,0.3882610381247551,0.22352351079443605,0.8875315886012303,0.3179439338360943,0.0,1.193389653479194,0.33521877536459993,0.9247502541261233,3.247958992765142,2.7166907189804284,0.5691342167959355,0.8629874458251788,0.7569475496745721,9.574251322645656,1.0030817288269975,5.9352487319463565,1.53632999432911,1.1582182443274165,3.8529770956354725,1.871417024391677,2.8879875132453234,4.486399967457022,2.61753493269984,8.196980163568687,1.950890372026167,7.294057506280099,4.128686600519324,4.058643391311044,2.541246203452292,2.3432281116766047,3.618098277365909,3.3006220522689538,2.896974092819267,4.243831976036414
58,10.644379820263515,11.149501584177365,10.875372836766525,7.560986484967498,8.162228025620395,6.589188446801739,6.770123555401662,8.198564030508301,10.349256871652047,9.716014575979605,8.399736898251403,7.596049402234922,10.357341395772362,11.078261898456162,6.054312198801448,3.861880978310842,3.323625635648472,5.376942212331393,3.3010630314892833,2.756989280609841,2.3457744575115718,2.000250421506923,4.944122726248624,4.293885574907651,2.010448128417775,1.7494703893703147,1.5540290886396146,1.4858611757702882,1.6566500260255783,1.4736883092835127,2.5278775757223877,1.3183656002451714,2.4856032662606378,6.113548719421074,1.8147138511387964,1.5476592832260414,1.193841258952614,1.2279427007860335,4.694644008772632,0.9935115614541717,1.7029989264114203,1.0647400990612264,6.391836292340542,0.8811160534978484,1.9358166231589133,1.6102333755072666,0.6605847139046807,2.124500387338671,0.8581371876805247,3.408018410557514,1.4242470484003231,1.6583689694365646,0.9795753371268613,1.2673237403194966,0.3579648225947278,0.8861316410472724,1.193389653479194,0.0,1.4797527867849698,0.5580166568388734,2.070398728143376,1.5534331722835146,1.3626277785777792,0.9751672957724733,1.5919888571962857,8.38544655206616,1.7819585466507109,4.7642447993353425,1.0776220433642485,1.59915752223872,2.746662643852159,1.3574886677059537,1.917906152565791,3.374746514923587,1.8164128610186507,7.031422714874363,2.682569462797483,6.15212382059217,3.133930640938312,3.083682793629908,3.3218382642788367,2.2306940610304173,2.8436406737769833,2.806990165721947,2.9411711673130974,3.6046470861696047
59,11.77608240958247,12.369358559689994,12.139603077725289,8.504172866990851,9.258547098577655,7.211793705417199,7.577439539463104,9.366985328492735,11.677334028284383,11.030869485444454,9.683768847945402,8.837567460927573,11.73957300929791,12.50432318095695,7.2599952619237715,3.998425242277927,4.397236203003814,6.766045717983954,4.515513279559111,3.8951874994193734,3.1909253824896213,2.7057332202031543,6.38056833786935,5.711412667928705,2.9522935158086576,2.5841638046522264,2.2152527786345293,2.2448771269074066,2.765435886842785,2.3157794247002257,1.6702960364919601,1.9744600137556534,3.88261288010566,7.590329275087591,3.1629672241531246,2.831962447749063,1.797371003505237,1.5737531820254107,6.167853268070269,1.9088765019077678,1.1503418536985774,2.2551636628307707,7.871477072356621,1.5534434780101027,0.9893704608410452,3.057757273918164,1.525739140236044,3.593685012550838,2.2856372215271588,4.887670895025757,0.5670250748325305,0.514600459099701,0.7187772297688753,0.4647006041353278,1.1998912190448825,0.6406264364411532,0.33521877536459993,1.4797527867849698,0.0,1.1209944296810608,3.501609644730152,2.9632822701707586,0.4378037197989119,0.9310655058187793,0.5312914520515063,9.833461214270788,0.7606218255986176,6.175928592501101,1.6304772669212093,1.0268182678925786,4.060448398044483,1.9486705042104056,3.0534224424540906,4.6928973719003375,2.7371605892741964,8.43019354150349,1.6681378557407438,7.510637359314935,4.286633751182399,4.209737662282379,2.237563602800203,2.279584720301311,3.7069501635963125,3.311856063946586,2.7688279567313936,4.281461379880266
60,11.202212204226658,11.705857917268009,11.428451631357731,8.10464008113874,8.718655064943157,7.079169262490653,7.294014258721509,8.756578024826307,10.893313722547134,10.262764310887226,8.951480596788008,8.151914126732628,10.887162979971617,11.587840855927979,6.612079245221184,4.210482603409064,3.8735210476042274,5.909107064002123,3.859060115754483,3.310896115948956,2.8509821301293585,2.46457774679416,5.453913305050919,4.816469321487175,2.529736870019054,2.238639773882175,1.9874868789403546,1.9442443958613487,2.1998354136688043,1.9544938026702119,2.4961610135525283,1.7344750535785214,3.023997206095365,6.56749083577038,2.3681005674013518,2.1056699591598553,1.5805469210260037,1.523449762432199,5.1620731022861515,1.4665769776272954,1.7238033728787694,1.6104161408456787,6.826844304103662,1.2499702476544614,1.8334190277852043,2.1305406970806793,1.0686566015041883,2.613739581057311,1.403143036865477,3.8414655923441168,1.2771234618389637,1.450342836070831,0.9076677636459717,1.085205736250402,0.580477653124772,0.7098502357996319,0.9247502541261233,0.5580166568388734,1.1209944296810608,0.0,2.3960774939667107,1.853734279993806,0.8826497862666118,0.41903990028209726,1.0927647520995019,8.725196316208477,1.2560969999629044,5.058020480977535,0.7099976729630353,1.0418828105418851,2.941595243306989,1.0455007308517759,1.9634766561116466,3.5746140746186588,1.7155733188326203,7.309818947237509,2.1303807856186543,6.390369621419344,3.204470618950967,3.1356410003831017,2.770037182268952,1.7792368011150048,2.7351731189233353,2.5295896242927696,2.4598092013024693,3.4164850346482543
61,9.83863254816676,10.132005125046724,9.755060444475582,7.2623545824896505,7.518406596454447,6.909352315606581,6.772974063167515,7.389982356026774,9.069533672309548,8.486587094316484,7.292030785079657,6.633542966707637,8.915007973051916,9.474625359987995,5.278488301631861,5.091196451836292,3.2914820996950183,4.079511255857503,2.9203185361811714,2.7579050522732667,3.080353214920241,3.077955257879617,3.460394204414166,2.969610643687312,2.7457985964588785,2.784999480630905,2.9013487080923435,2.7662551861460796,2.3085695074350814,2.6632277751545477,4.528767876662262,2.8039860514613526,1.7316472859948158,4.290662256112321,1.7155988660978765,1.8817830554310986,2.7998329777927347,2.9975639204325275,2.961266449147583,2.4485063066671913,3.7022341331152675,2.0728129401475535,4.502759826454779,2.6397523654214745,3.988376343977217,1.2136730421008357,2.4510616844807176,1.021996887641911,1.5766174788566791,1.585572179731097,3.4933527964602864,3.7284436840203075,3.0468936196094103,3.3372977799522197,2.418246174034198,2.951676769297195,3.247958992765142,2.070398728143376,3.501609644730152,2.3960774939667107,0.0,0.5440189428264888,3.2694185794849107,2.724244804135108,3.458920391307132,6.331912763038963,3.5726714153115746,2.6941189678340915,2.219707025896546,3.2181935007702247,0.9074199565166006,2.1425732675630367,1.1506630648171883,1.4356671226587376,1.6247111619830008,4.962284196551298,4.262986538449614,4.103038236003108,1.6094005643832512,1.6363693864053628,4.867057704743711,2.993035110732679,2.063656091684249,2.677587235443525,3.6595339109179865,2.9020416837524348
62,10.145831711803034,10.490574297934783,10.13663030090896,7.429828470644069,7.775462689354785,6.912933058453159,6.858324363936907,7.687496608984675,9.485826395273978,8.889836374131049,7.662223385022181,6.9647672906216105,9.366831521411688,9.96071458779407,5.550929622727294,4.834661137179864,3.3196097248426617,4.473515434023449,3.0305558596573605,2.750514528931822,2.894589700101564,2.8072444361016218,3.8953586766570996,3.353855361246769,2.5401648964859858,2.508268620740115,2.559148773779139,2.4317953010488758,2.087384073559334,2.3427648219211115,4.04997082073431,2.426495991654061,1.875113985847136,4.809244761946033,1.6314977667189383,1.6905475224663424,2.3965238619191793,2.566090860013388,3.453875315819741,2.055713858204756,3.220808780845008,1.7347452227052327,5.03344637913659,2.1984210382178286,3.4854094952366013,1.1153232172976757,1.9950387848091828,1.1948002065738847,1.1960305749920117,2.0842824487339344,2.977111015072814,3.205928973127236,2.5330075755403074,2.815097056358831,1.907517463440176,2.425975166397434,2.7166907189804284,1.5534331722835146,2.9632822701707586,1.853734279993806,0.5440189428264888,0.0,2.725577561955261,2.1805959358446563,2.915020573852541,6.871975695193034,3.0307774929432867,3.21860314366832,1.6946067118053032,2.682729311257664,1.2380064013981449,1.6503932883999801,0.9070216259274251,1.8465270336049755,1.2714986776225954,5.482223900492281,3.7388384421423044,4.599220826014297,1.791092000924319,1.7812885027337404,4.35024651208205,2.551122818442398,1.9581523056845458,2.4119094891801494,3.246835312795332,2.817688567269112
63,11.888484881981718,12.442372713645014,12.189839053381835,8.681569285268125,9.382390406145337,7.47616947027218,7.794053429326725,9.461012431436878,11.690393665085294,11.0517946802987,9.721590377278291,8.896801752703134,11.714919303589275,12.440820389713652,7.333821361694425,4.3434294169015795,4.512176411733536,6.734312106969353,4.575760571946395,3.9817063217268203,3.362147583797226,2.9025301087725817,6.306492117167385,5.655735355281218,3.0900006636046817,2.742329188378255,2.4040972188052656,2.409675207475082,2.8450647600567938,2.461366400012212,2.105284102985567,2.150483654624091,3.8413411620237454,7.447400720173902,3.148633894629109,2.84521566793837,1.9732781923403357,1.7933262414071525,6.038175137716808,2.010045549189027,1.5321616311374249,2.2909379175191265,7.709173544438547,1.6840159872870657,1.4199837960256925,2.972832521074299,1.5979298929942622,3.4787069486719355,2.215493633788231,4.723379206250531,0.9434825803916901,0.946610805455938,0.9096810025544472,0.7839483266231213,1.1714755875803315,0.7301267044559983,0.5691342167959355,1.3626277785777792,0.4378037197989119,0.8826497862666118,3.2694185794849107,2.725577561955261,0.0,0.5705181127152714,0.23747681188255423,9.590033845091508,0.4691018680102785,5.909359723015849,1.2515180390820757,0.6024370178990867,3.7578501968089686,1.5516385003049868,2.712626860904691,4.385901535778854,2.360009502505749,8.148413225143772,1.4312053313823614,7.208344892306813,3.9312490916755904,3.8487212546631464,2.0489716309752857,1.8424997204460225,3.3043492840576607,2.879856417647054,2.3496761316463974,3.8553127048587954
64,11.61667158272007,12.12438464375267,11.847488005431176,8.500148349899135,9.129823127995962,7.427553977401404,7.6710781275964885,9.17261162026191,11.310620552991534,10.680815137010608,9.37044301386297,8.570621054445114,11.299283631074655,11.990654081787179,7.029264477131846,4.461164101796509,4.277410592758236,6.3228066822816515,4.274739337977649,3.719572856088264,3.221250936610526,2.8101989723328895,5.85864864253363,5.2268953754225285,2.911535238101389,2.60244573447477,2.3207080266700104,2.292966400607152,2.600311375752925,2.3163488568099218,2.5015715240006817,2.063337560134098,3.4406109800808173,6.943716402397252,2.7871107567732576,2.521775261586375,1.897923753087788,1.7928153804473654,5.547021890649377,1.8326834863291734,1.804087339836686,2.0149050238669606,7.192489620953127,1.5730792583224846,1.813556927135133,2.5430433315400904,1.4201062311741073,3.014156579839268,1.8218879537112098,4.2124335056589866,1.2683111814939765,1.37121270367812,1.0180538974119375,1.0735884768118704,0.9293896717649651,0.7920531513235615,0.8629874458251788,0.9751672957724733,0.9310655058187793,0.41903990028209726,2.724244804135108,2.1805959358446563,0.5705181127152714,0.0,0.7358938616454069,9.032179092334534,0.861764746438754,5.345919865691549,0.6994117849162551,0.6241782667887201,3.188300783225965,1.021709684166791,2.143752042934066,3.815748738455306,1.807094649190628,7.580758260855606,1.7116935011955974,6.638208230194734,3.367237093114161,3.28702122255101,2.3513542996276477,1.532033953502155,2.7791933533931523,2.4383133899700313,2.1596390046036853,3.3825693136227857
65,12.124496377627983,12.679804355118195,12.427193740211417,8.910348361105665,9.617469565600812,7.68467663584857,8.015336894531165,9.697857411687005,11.926287746510969,11.28816433285369,9.958700068612869,9.134275552271712,11.947618799026284,12.66833412322741,7.571167584450831,4.516298689790111,4.747201465579056,6.96696541064652,4.813190547250277,4.21831771927448,3.589879146925219,3.125149635031092,6.533661877654193,5.885869176580104,3.3220221533432444,2.9712823903067016,2.627323209046523,2.6370615031180136,3.081575231419888,2.6916091049827586,2.1798436846640534,2.375407674297746,4.074221197911008,7.659866950106522,3.384288949666127,3.0823252214512418,2.19769139107676,2.0079922420909915,6.254672905884729,2.2442581385395766,1.6780114857684503,2.5283984059771396,7.916278950136258,1.914239012803239,1.5108241600955297,3.2011973398807734,1.8334536390573364,3.7010511779154434,2.4473533153600835,4.932295562245566,1.0896176928728958,1.0386723897076848,1.122227460345774,0.9545053476101358,1.4087632457361834,0.9567512209789254,0.7569475496745721,1.5919888571962857,0.5312914520515063,1.0927647520995019,3.458920391307132,2.915020573852541,0.23747681188255423,0.7358938616454069,0.0,9.767347275348564,0.24645767187455753,6.078713272802704,1.3698444919993036,0.5333002049070552,3.912197331341949,1.6431335161667986,2.846388509317827,4.536007643802746,2.464894271700454,8.308094162827976,1.2049703749989917,7.3572839857117165,4.048487631807217,3.9614195165914343,1.8161058647359072,1.80348460242307,3.3740687445844255,2.8919208859444208,2.249019217056568,3.8812082540456245
66,9.083496619861558,8.54934285711528,7.891858079747157,8.884361220347602,8.08309782621557,10.081918611359265,9.307560119553772,7.506060363934687,6.7861544662471305,6.624034462031448,6.438531512296234,6.638031280116889,5.973908263646401,5.578141953931829,6.688642528274288,10.284644554073818,7.5777266159358385,5.090495871967846,7.005116695630181,7.479232406699396,8.381915625307007,8.68432428338827,4.694472410969194,5.273847807256992,8.213820886928623,8.472362047142877,8.766945950285692,8.629923451576962,7.951874324779935,8.504177220546659,10.708781571687961,8.783333567958586,6.577616803734872,3.0996819676682854,7.231547190128932,7.58715375799363,8.84893362067748,9.104603526203524,4.235846187676572,8.508342541056027,9.912390340621647,8.063211435899795,2.6478754754789735,8.795857126755708,10.25086566747877,7.028309569737152,8.651085837831694,6.461402714896646,7.72812880075962,5.103170132730423,9.792891520068677,10.038889662273577,9.346248709950883,9.64942015551163,8.720292988962417,9.271497321857701,9.574251322645656,8.38544655206616,9.833461214270788,8.725196316208477,6.331912763038963,6.871975695193034,9.590033845091508,9.032179092334534,9.767347275348564,0.0,9.855633009807956,3.7037530256087288,8.447920577296554,9.462000875886769,5.90215201117704,8.269707365030534,7.015325832610278,5.321218607336232,7.49966097495312,1.7293187689820109,10.412341157655206,2.767251848666574,6.037720796091218,6.155221619190708,10.95097178701506,8.843349994622523,7.040232155428315,7.923854179810491,9.287269512845205,7.2826674983905635
67,12.353124697004574,12.899223674431875,12.640660882206717,9.150561950770944,9.848842010103798,7.9311314664102595,8.259760363483752,9.92296252797046,12.12899265886705,11.493488247606487,10.16943992021185,9.351134633265584,12.13786515098222,12.84393749174679,7.792358811209663,4.756011972744989,4.978918271393693,7.158000550103912,5.033390986368681,4.445100141024859,3.8308446572867796,3.368888368108366,6.709942519330724,6.070010909652859,3.558917132172736,3.2112847548961723,2.8707519871273197,2.8782157276453373,3.3090802921491838,2.93046108276546,2.373266519942778,2.6179953685891317,4.2675109698333875,7.805281646540238,3.588264313093427,3.294958534034341,2.4405080569307214,2.2537362095040105,6.408478806358221,2.478005897732508,1.9109634917263283,2.7487959115052707,8.05201945905351,2.1530933163124555,1.7188991082307832,3.383442959539729,2.064616264242948,3.869201191825081,2.6400835533264932,5.073616373447397,1.3256858586235556,1.2534490903861186,1.3679740132702058,1.197720303430821,1.6258709885219145,1.1979170835739854,1.0030817288269975,1.7819585466507109,0.7606218255986176,1.2560969999629044,3.5726714153115746,3.0307774929432867,0.4691018680102785,0.861764746438754,0.24645767187455753,9.855633009807956,0.0,6.158653228967842,1.416319259674275,0.4474498798869497,3.9766419654735516,1.6533710073006305,2.890300925404445,4.593275149847307,2.478316762189872,8.37284142938281,0.9624099063134782,7.4087491254213305,4.067151155746241,3.975102358388587,1.581246338958621,1.6773792921414685,3.342504018900788,2.8040576300371494,2.063863596205837,3.80214358049049
68,9.447451555404172,9.40184588933648,8.884357744499406,7.788616828239826,7.555579555130928,8.183089190536595,7.716007275899703,7.202501880438468,7.9777571002033865,7.5226105788127935,6.645296917261249,6.304429323223295,7.546458011124321,7.776704728210564,5.464419050302862,7.313092601389307,4.874167406754816,3.7328306923670396,4.314733616981992,4.554646641047851,5.270835274436864,5.445993496997971,2.9860914206696294,3.0742586034798403,5.015696236323262,5.186811907094873,5.407062091169072,5.2668489987981335,4.659832466019382,5.147833519917355,7.198217573026555,5.367400982972375,3.449054255168622,2.6177055858991274,3.9356167189163647,4.245424885649498,5.39845994156963,5.626670285314206,2.138698044560878,5.045708263693512,6.377729405725283,4.622333279436036,2.5670583102452373,5.286396637886865,6.6785917618451425,3.6000892729931477,5.1145344854852635,3.0794432284105118,4.203127270069482,1.906556322025033,6.187471049419412,6.421690808517616,5.740950549522482,6.030551462395677,5.112198406921999,5.643339394371243,5.9352487319463565,4.7642447993353425,6.175928592501101,5.058020480977535,2.6941189678340915,3.21860314366832,5.909359723015849,5.345919865691549,6.078713272802704,3.7037530256087288,6.158653228967842,0.0,4.747276783573382,5.760267668458067,2.1987497976854535,4.566007508895414,3.3126515403264345,1.6347805464957512,3.8022592245513374,2.269337328241141,6.711125824792603,1.4994498922572106,2.418562618798203,2.539455043831764,7.2579745452296285,5.16860808432873,3.4459078348258725,4.334304964659586,5.66161432759529,3.8693323637452073
69,11.545204400341145,11.984964059379333,11.672413042271994,8.564203970903376,9.095072344257467,7.660618897064629,7.814221970854734,9.087053308237005,11.078945895462914,10.464977606312742,9.190491721660683,8.432621101233805,11.009048051113146,11.639128819586292,6.933801350531972,4.897421328071521,4.3194740611066775,6.063248437409768,4.22207692621816,3.7380267666954916,3.415323695329937,3.0776218267879547,5.537872316032736,4.947916237420808,3.0723401574075986,2.8258733304556656,2.624205266881046,2.561848568875192,2.6902935117492266,2.5512593615658905,3.162878449822622,2.380811303601318,3.247798597592233,6.5037248229095,2.6888112583551274,2.5006890896953893,2.241087071004126,2.2156982294925225,5.142812065160137,2.07022337488016,2.4179495295742326,2.1048807579406494,6.722451971407776,1.9135807240621974,2.4829463274880057,2.3330245028012824,1.709968371905334,2.711107020787277,1.7405648247121135,3.7776428270501787,1.9277187166087546,2.0577275955182186,1.6023763531360105,1.7311251858190433,1.2537599802080082,1.3895867731134013,1.53632999432911,1.0776220433642485,1.6304772669212093,0.7099976729630353,2.219707025896546,1.6946067118053032,1.2515180390820757,0.6994117849162551,1.3698444919993036,8.447920577296554,1.416319259674275,4.747276783573382,0.0,1.015043974114541,2.560704103982862,0.34035556962127994,1.4781321380019274,3.1771952005592956,1.1095595933459486,6.956536405454189,2.0445218772386404,5.994557936033405,2.6819458769510685,2.5978491816868203,2.6571452643444147,1.1604016670809822,2.084177609940105,1.8198919382081755,1.8836581673985817,2.721504469679621
70,12.240325291024556,12.747678609121674,12.468258823049073,9.109624913518417,9.75182003351968,7.9890255138751884,8.262890803295889,9.79673365777495,11.92386723321647,11.29643106969615,9.990269403274006,9.193595382602316,11.900106033922684,12.572974413022767,7.653401835589696,4.921270456284704,4.895211512828993,6.928203216983928,4.898837435687764,4.340703245816007,3.813114419546358,3.382202064392332,6.4473943047969655,5.826432854150702,3.5140583503876894,3.1915284468582956,2.886111084428262,2.8717711553179996,3.2171537664139094,2.9056514234047714,2.695914377371444,2.6283173486294515,4.053805315682132,7.4842457166947405,3.4091201452373707,3.1459474304263915,2.4561298601341077,2.3129048062323987,6.103703532305748,2.429094620128961,2.131959412975132,2.634909805146593,7.715980059389354,2.1424588169019763,2.0159777309620486,3.149684638400192,2.012043761411736,3.601016585427078,2.4417601250632917,4.7518912953991075,1.544856130401989,1.5412372313863252,1.4552531549250511,1.3788927996914422,1.5315755568368545,1.2453866509918663,1.1582182443274165,1.59915752223872,1.0268182678925786,1.0418828105418851,3.2181935007702247,2.682729311257664,0.6024370178990867,0.6241782667887201,0.5333002049070552,9.462000875886769,0.4474498798869497,5.760267668458067,1.015043974114541,0.0,3.568992942751333,1.2209845758794728,2.4708813210546587,4.178749257566875,2.0429157838415803,7.960205272347918,1.0983458486431643,6.987443915271807,3.631003369920249,3.5370095947365234,1.736444546869859,1.2702477173952378,2.8951092904781315,2.369085798784169,1.7472591075316084,3.363758068452679
71,10.350318569884339,10.549923397932087,10.127758548181234,7.972803759215036,8.118635009731937,7.753475462694148,7.561504717145271,7.931299820897316,9.366584636400512,8.818556514741156,7.704726205930515,7.125426262767735,9.117429730732525,9.559878550243795,5.877701045807669,5.994219577361927,4.142036588812691,4.491084420259412,3.7259200482915733,3.630612351324462,3.987772851067515,3.9755622987714077,3.7948955331524816,3.439098923410435,3.652387957084471,3.680322135147975,3.772714758357023,3.640884861404135,3.212901525977049,3.5435698339240784,5.268534073847157,3.654861044042666,2.549830432362978,4.290345260968364,2.618930568434023,2.787841080355872,3.631878364829705,3.804042949733418,3.1349534824521017,3.2878436349336533,4.439870929375797,2.942535850730716,4.415617984290136,3.4359488867434465,4.6800444006776685,2.1209552898168083,3.2305354444736967,1.867169283338617,2.4194059471291895,1.8604241922803746,4.152350141884118,4.3643052949568615,3.7172172588499452,3.9782888886364867,3.1046254954789156,3.584805704015738,3.8529770956354725,2.746662643852159,4.060448398044483,2.941595243306989,0.9074199565166006,1.2380064013981449,3.7578501968089686,3.188300783225965,3.912197331341949,5.90215201117704,3.9766419654735516,2.1987497976854535,2.560704103982862,3.568992942751333,0.0,2.3677566198864786,1.1144186054517067,0.6334346942402137,1.6127825784388592,4.396999480422966,4.5132838954203205,3.4518502721561592,0.762528749668842,0.8257502345843903,5.067192219823841,3.0078522601178483,1.5373612584893552,2.3461858594124374,3.5659019745765166,2.2700944893967563
72,11.658600324832802,12.065758315982944,11.736112574796252,8.741352268374014,9.228828926363825,7.903965877088329,8.024303637761408,9.19773092889736,11.114734713432993,10.509801806842018,9.25563826647511,8.519927548079398,11.01392535382128,11.609156116523728,7.045397447359912,5.207096691996623,4.503750966995268,6.096814724643578,4.367440932820548,3.9177925291117113,3.6625137692606606,3.3505292516760004,5.540489861379901,4.977139200219216,3.3119875231656337,3.0883486889513683,2.9114984595095503,2.8406057653457912,2.9107815681804756,2.820595556863183,3.501554999291584,2.6743950794364935,3.3389474024819616,6.430927855923004,2.834247297403035,2.682741421899793,2.542417265026084,2.53372952312621,5.098432524481542,2.34807669235704,2.7581942025563793,2.337367111019684,6.629511665654188,2.2188468559129486,2.820025736450703,2.4343775760331834,2.0081317423205984,2.753678803989367,1.9216202889809015,3.7242503467319548,2.265814237236872,2.389592035668214,1.9423835726393592,2.069174130773877,1.5705379488033966,1.7299421128493393,1.871417024391677,1.3574886677059537,1.9486705042104056,1.0455007308517759,2.1425732675630367,1.6503932883999801,1.5516385003049868,1.021709684166791,1.6431335161667986,8.269707365030534,1.6533710073006305,4.566007508895414,0.34035556962127994,1.2209845758794728,2.3677566198864786,0.0,1.2580487674219814,2.966697262974136,0.8253019696750902,6.747009340729937,2.155900863176239,5.768334648458825,2.4139237198668755,2.322977123488822,2.7375638837034,0.9707522408057604,1.7583321356851855,1.4856465363534244,1.7029702210232895,2.381277369236736
73,10.982726063954313,11.282624114619756,10.903394880515377,8.32912590950645,8.64278075732043,7.809227824763428,7.765280340486235,8.530580851568066,10.206834415083096,9.629558643670075,8.442215402927548,7.781945048307195,10.027889242177272,10.543175234691253,6.40837765363639,5.582960558948094,4.2245841661482455,5.227675774266826,3.935160251098357,3.6522740341339794,3.72563473441521,3.572479660092007,4.59544011247798,4.119875914798632,3.364401645881554,3.27569303166909,3.251686218545687,3.138923669929675,2.9121853495467547,3.069991255338578,4.416842771455747,3.074316689208746,2.7698689268372747,5.303486793785384,2.5266978122037256,2.5453205794504776,3.003063031413749,3.109518808808495,4.044442283516086,2.6985036243309697,3.604713795452604,2.471323991411153,5.465838765841706,2.7406851864076103,3.7801091088540795,2.016378665499416,2.517287384722851,2.072106143432958,1.9269674450957512,2.681620354705292,3.230163606680541,3.4137122549054717,2.821963670590733,3.0429681014043286,2.2602629851830582,2.6553892210333285,2.8879875132453234,1.917906152565791,3.0534224424540906,1.9634766561116466,1.1506630648171883,0.9070216259274251,2.712626860904691,2.143752042934066,2.846388509317827,7.015325832610278,2.890300925404445,3.3126515403264345,1.4781321380019274,2.4708813210546587,1.1144186054517067,1.2580487674219814,0.0,1.7090220892393977,0.5174234198653636,5.490164433078841,3.3988693481404684,4.518517447607733,1.2413001343595265,1.1768696726423018,3.955749635697518,1.9309869789943792,1.0697776617944588,1.5349035088286596,2.549253364067302,1.9253845894534685
74,10.293619901981105,10.418337087845416,9.964250858900158,8.109997581523762,8.149363544999835,8.055399669573346,7.7885344681585895,7.912279253545393,9.152817426459121,8.632271800993326,7.58507446736946,7.0721957924149965,8.84154874529996,9.209254158159402,5.927414561908197,6.504371290679997,4.480008060145981,4.413707061375841,4.013096176060981,4.009993086304847,4.470144345899541,4.504028661204328,3.680488078222524,3.4374775514812406,4.150117025084378,4.213924204267807,4.33689050268729,4.201918379330332,3.72472314648964,4.098621915015306,5.891779623114178,4.2349124697718326,2.8834418043997547,3.939234826758586,3.0809926339515874,3.293876592907106,4.22282619316826,4.40669962730532,2.9350191744162686,3.8743143701335665,5.062628486570655,3.5078420224455065,4.010642181837051,4.041603725265621,5.3096512857313325,2.6135030795584635,3.840966916309871,2.261039457488161,3.0017320061578605,1.8398768264146337,4.784182036443985,4.997325586626264,4.3477967948232905,4.610930732870751,3.732560670734508,4.217497105562524,4.486399967457022,3.374746514923587,4.6928973719003375,3.5746140746186588,1.4356671226587376,1.8465270336049755,4.385901535778854,3.815748738455306,4.536007643802746,5.321218607336232,4.593275149847307,1.6347805464957512,3.1771952005592956,4.178749257566875,0.6334346942402137,2.966697262974136,1.7090220892393977,0.0,2.179712042664542,3.7814757308411395,5.094188835370669,2.822459797706823,0.8500727774713965,0.9667055264352763,5.630133327937448,3.533966506806576,1.8584386449794146,2.734421482447251,4.036027303344321,2.4290606331648603
75,11.414639346243801,11.742499693485733,11.374796566313028,8.67848480097688,9.04646676924892,8.047997898760585,8.06210512451088,8.957331355635299,10.694174749404763,10.11074255793902,8.907056380652786,8.226815011394418,10.5296544528733,11.056074521911636,6.822324664262248,5.628596022353886,4.510689155674712,5.700761455184728,4.271739847030759,3.9274301775328837,3.87883733264769,3.6609548916854218,5.084286146912768,4.586657109103645,3.516166168618557,3.372874320270786,3.2868747239796403,3.1888842246887417,3.074793506396697,3.138229591946407,4.2112390847557855,3.081429130147979,3.1388437952545063,5.820208569423676,2.797489702311762,2.752215110270548,2.9834939948404666,3.0437920032190373,4.552492838911929,2.716543308523831,3.425937997011516,2.5695272603310877,5.983128201217578,2.6891440482757516,3.5474053047034007,2.3134823870847008,2.4643510672462203,2.4662945797582077,2.053326707409295,3.1844985274503634,2.990126413574991,3.1447788296548698,2.616485561034219,2.7959793485082063,2.1223308163780787,2.425370496366385,2.61753493269984,1.8164128610186507,2.7371605892741964,1.7155733188326203,1.6247111619830008,1.2714986776225954,2.360009502505749,1.807094649190628,2.464894271700454,7.49966097495312,2.478316762189872,3.8022592245513374,1.1095595933459486,2.0429157838415803,1.6127825784388592,0.8253019696750902,0.5174234198653636,2.179712042664542,0.0,5.948557041771277,2.9145992508159893,4.958232613694481,1.5888449586970739,1.4978156380939778,3.456232486469408,1.41356577045266,1.0317791924618716,1.1660948260176889,2.0417390541466607,1.800582460959347
76,9.799667163191014,9.460083654690598,8.846448622788223,8.945575952656876,8.383553419665981,9.782296772778935,9.14400522325647,7.88971816654618,7.7950745517708775,7.504608455959985,7.010446999830062,6.9759228328428335,7.115696116226827,6.956641991264029,6.620083309234161,9.413308527491962,6.819710298136211,4.8613267938182885,6.239662093752053,6.6000552107907895,7.408730451135667,7.6344451466449375,4.262886269479067,4.666507577985151,7.185336359998165,7.389852433369812,7.635403875422937,7.495372887185419,6.860797615067723,7.3736400409706135,9.46406370128494,7.611114683606004,5.565854736854071,2.979585548149812,6.130515041674839,6.459906663883018,7.650601817771948,7.88512850403005,3.565080580842943,7.299354993814847,8.6453054460078,6.869087329961624,2.604093442792881,7.549513043165284,8.947925590547856,5.836864738568003,7.380994328638048,5.295255981320703,6.466200882920666,4.006808167475244,8.455267878932673,8.687700005531882,8.009071154278413,8.296670986806198,7.380518820624609,7.908185616390472,8.196980163568687,7.031422714874363,8.43019354150349,7.309818947237509,4.962284196551298,5.482223900492281,8.148413225143772,7.580758260855606,8.308094162827976,1.7293187689820109,8.37284142938281,2.269337328241141,6.956536405454189,7.960205272347918,4.396999480422966,6.747009340729937,5.490164433078841,3.7814757308411395,5.948557041771277,0.0,8.858118518275814,1.0518091702107828,4.423515484705627,4.536825962346687,9.369778819127767,7.243280227225556,5.397471797296884,6.2701442811509205,7.643638672097741,5.582808562811402
77,13.301184205075513,13.82939743135293,13.557878547543536,10.112740187844336,10.801679425733244,8.877301417070585,9.21988449593336,10.865198805023988,13.020907076918183,12.392164904959579,11.081609883042539,10.277204071848018,12.997878560928132,13.663334854309571,8.728041691910295,5.6458044566660845,5.933477063044593,8.026548308621859,5.9695763649533085,5.3929818084921965,4.793244306517869,4.330111085789058,7.542054474207386,6.924270675946533,4.519456432013609,4.173531312125391,3.832282547551061,3.8406254675813036,4.259337030879136,3.8923197155389073,3.1023519706121525,3.5800770225455305,5.150567459682449,8.548082904092976,4.497096817110816,4.221395411836336,3.4024644822746306,3.2106553926732997,7.181137932651244,3.4364552915835476,2.7906284824347045,3.6900214200939234,8.765363774052721,3.115094958108516,2.5211887941514908,4.247860717989185,3.0211921504498145,4.696446450576887,3.5335086547544368,5.820265632266827,2.228652918238856,2.0978489116954155,2.325562401226375,2.1285829615507867,2.568447124168324,2.160272611542494,1.950890372026167,2.682569462797483,1.6681378557407438,2.1303807856186543,4.262986538449614,3.7388384421423044,1.4312053313823614,1.7116935011955974,1.2049703749989917,10.412341157655206,0.9624099063134782,6.711125824792603,2.0445218772386404,1.0983458486431643,4.5132838954203205,2.155900863176239,3.3988693481404684,5.094188835370669,2.9145992508159893,8.858118518275814,0.0,7.855605965942772,4.452276834685756,4.345840250262258,0.6396637216381305,1.6914885880658916,3.5761868152462903,2.8495377977121157,1.7040339356418968,3.831057175422466
78,10.163039612288676,9.94307150048795,9.363271523823595,8.929864991369618,8.523202713297206,9.531086640139526,8.987014909611874,8.089503275037345,8.359258769472916,8.000945077852307,7.341869086787571,7.172046147802541,7.766605478046207,7.743076002920305,6.5826178845752175,8.810819997295377,6.33502675594917,4.803178833515907,5.766260357001648,6.0405464531391395,6.770113482351857,6.942338379122035,4.114056805045317,4.369896251863632,6.514515279276278,6.680355299208072,6.890681369400271,6.750631917880614,6.154559546197635,6.63322614772572,8.631513864764292,6.840649611190314,4.944959264031248,3.174670060259175,5.432486168473846,5.737119743327322,6.862999771546758,7.08150653557437,3.3124214905056157,6.509310549808498,7.805272358274583,6.094768338303056,2.9093020176752384,6.732616603235066,8.084143294392106,5.083427332200425,6.550942441037894,4.573391019883466,5.6534042877678266,3.3920646494933253,7.574167563383667,7.797031933583097,7.131515904946339,7.407643741062699,6.5067382208321645,7.015612094999518,7.294057506280099,6.15212382059217,7.510637359314935,6.390369621419344,4.103038236003108,4.599220826014297,7.208344892306813,6.638208230194734,7.3572839857117165,2.767251848666574,7.4087491254213305,1.4994498922572106,5.994557936033405,6.987443915271807,3.4518502721561592,5.768334648458825,4.518517447607733,2.822459797706823,4.958232613694481,1.0518091702107828,7.855605965942772,0.0,3.406478058636981,3.516718053979523,8.353772845777277,6.222686402355162,4.3619814084687825,5.228773226473882,6.604349686492197,4.531017771751239
79,11.058645850853575,11.221137973075622,10.779899179684845,8.73233195711884,8.85716553259646,8.503673367735937,8.322979646126267,8.653316319087514,9.984799674742106,9.455449773997755,8.380823730500515,7.833094818087562,9.687000255717487,10.058967805631505,6.619606564564194,6.624370991927614,4.888049176751894,5.183822263524151,4.4836225152203735,4.364639530681045,4.65730126247428,4.597001655435267,4.467161175759125,4.159773589434395,4.310728514684132,4.2982814139924646,4.343619658673366,4.2188402375574805,3.8618745180811667,4.132541410310229,5.650202160319271,4.196801886988183,3.3029052638146847,4.789295616468387,3.3180234771207884,3.4485767591363623,4.149271665251669,4.286836033469176,3.7540286600614152,3.8212952869302,4.832673072774614,3.5239832531618633,4.856739413796309,3.9150308160130365,5.0195835985374995,2.8057332985681636,3.697015897278578,2.6097677093438096,2.980596848070157,2.5620010914811835,4.470871866585883,4.654800753104576,4.059216642029797,4.284138900881784,3.4840850566379675,3.8959755298420866,4.128686600519324,3.133930640938312,4.286633751182399,3.204470618950967,1.6094005643832512,1.791092000924319,3.9312490916755904,3.367237093114161,4.048487631807217,6.037720796091218,4.067151155746241,2.418562618798203,2.6819458769510685,3.631003369920249,0.762528749668842,2.4139237198668755,1.2413001343595265,0.8500727774713965,1.5888449586970739,4.423515484705627,4.452276834685756,3.406478058636981,0.0,0.12096709191387953,4.948142633914065,2.8197659662208916,1.0277572330463753,1.9157524786336926,3.2552736193589182,1.592736891007181
80,11.14980780305072,11.320559198063997,10.882514733294434,8.798036965749766,8.937771087794571,8.541552521999252,8.374511067947221,8.740212020075571,10.092000515258084,9.5601665911012,8.479014054086484,7.924115812931566,9.799153860327934,10.175948653797652,6.698450059167395,6.615648182797728,4.924224991170529,5.277841486835789,4.530000021959762,4.394274408383793,4.661926612700895,4.588354395653607,4.56492800339229,4.246146519915686,4.31257177155879,4.289303596554615,4.3235042571006,4.200562620144457,3.8619666956914793,4.116959813635319,5.592839997813555,4.170827934789693,3.3457838789724907,4.905279748952243,3.3348409165180075,3.4530093062952414,4.11846493251341,4.249108118047545,3.859136675752628,3.7945587340860065,4.778353040661994,3.5083354377218265,4.975379462998972,3.8775764507799293,4.956757284818821,2.8194332159725795,3.6579376676480244,2.6469479582308195,2.96266936803362,2.6519815056268667,4.4060231315373075,4.585639864643239,3.9987717375547254,4.217898847146093,3.4311606081654653,3.831482156957415,4.058643391311044,3.083682793629908,4.209737662282379,3.1356410003831017,1.6363693864053628,1.7812885027337404,3.8487212546631464,3.28702122255101,3.9614195165914343,6.155221619190708,3.975102358388587,2.539455043831764,2.5978491816868203,3.5370095947365234,0.8257502345843903,2.322977123488822,1.1768696726423018,0.9667055264352763,1.4978156380939778,4.536825962346687,4.345840250262258,3.516718053979523,0.12096709191387953,0.0,4.8370782930658125,2.7070514111563466,0.9067904740451815,1.7948905284847734,3.136090728806696,1.4883139705043618
81,13.93274627746756,14.46714478233901,14.197211064661989,10.723911191266877,11.429901964725184,9.442646851031842,9.81340189631157,11.499463798855377,13.660050025356659,13.031679431064648,11.721161356425633,10.91551549516074,13.633235774278509,14.290356415216067,9.364314836159233,6.153846781546384,6.560123609673732,8.66386191252736,6.605411587401735,6.024213783362159,5.4031869725297605,4.931205870608703,8.173826049989215,7.560004627373646,5.138123365824731,4.78608477325356,4.435359965737035,4.450573248224636,4.889024274484364,4.507331470630517,3.5210977923813,4.186333667611937,5.7897677569078585,9.156951599952421,5.136480669120951,4.858900457721294,4.008289341104829,3.803869301666539,7.799807509650814,4.0589645070471,3.3156464852737737,4.32366709755032,9.364894052490891,3.7301136000278596,3.00249423654063,4.886049090686969,3.6458607676588324,5.329631535230154,4.173169808824398,6.434282497687841,2.780589026711254,2.617868548930224,2.9240822065288192,2.70226334388923,3.20085364494876,2.771941441462949,2.541246203452292,3.3218382642788367,2.237563602800203,2.770037182268952,4.867057704743711,4.35024651208205,2.0489716309752857,2.3513542996276477,1.8161058647359072,10.95097178701506,1.581246338958621,7.2579745452296285,2.6571452643444147,1.736444546869859,5.067192219823841,2.7375638837034,3.955749635697518,5.630133327937448,3.456232486469408,9.369778819127767,0.6396637216381305,8.353772845777277,4.948142633914065,4.8370782930658125,0.0,2.1333364227376412,4.021662534307628,3.228859993161337,1.9345303380499301,4.168302369427754
82,12.625046711207334,13.018922178855478,12.679185400355038,9.706569707974824,10.199169436179059,8.819047381962845,8.972121424498171,10.16384964543794,12.036946372247264,11.439901357426905,10.200999664409206,9.477700200979436,11.906252362854906,12.458628430645676,8.012338111541627,5.979511107276941,5.465200612965596,7.023613566802359,5.3379390916807505,4.8806803830612555,4.574134063609779,4.224476474402448,6.441380584584526,5.903517564781625,4.232499942069541,3.9798927075377875,3.759025914687345,3.705659002045249,3.8491800868499886,3.702132426028906,3.947101453591731,3.5092400247740354,4.30325657736565,7.232169145283887,3.8042668186005084,3.6435131265587866,3.358865516174607,3.2954483184947216,5.9480285364969046,3.2171466145084877,3.3167862688303353,3.265063850754682,7.39650179227779,3.02829003968392,3.259421084553166,3.4028168592257315,2.8387255661794857,3.6993830466400994,2.8811890517862806,4.574162192252224,2.750432774909571,2.788132546344055,2.5492557923007566,2.5656472909509387,2.3584228974598074,2.323235024762285,2.3432281116766047,2.2306940610304173,2.279584720301311,1.7792368011150048,2.993035110732679,2.551122818442398,1.8424997204460225,1.532033953502155,1.80348460242307,8.843349994622523,1.6773792921414685,5.16860808432873,1.1604016670809822,1.2702477173952378,3.0078522601178483,0.9707522408057604,1.9309869789943792,3.533966506806576,1.41356577045266,7.243280227225556,1.6914885880658916,6.222686402355162,2.8197659662208916,2.7070514111563466,2.1333364227376412,0.0,1.8936199112143335,1.1734271144600892,0.732950301848094,2.172235024479519
83,11.848779048819168,12.077157636947964,11.661831205212865,9.324076016155969,9.567545200642867,8.870928487018494,8.80228442737249,9.41412318368277,10.903804783726256,10.355381824212287,9.231089502300225,8.628518055034911,10.64524527928429,11.055059760111854,7.3245882243257086,6.618392668110142,5.274432058568384,6.01214263350747,4.95657327633873,4.708306218996598,4.792447141107699,4.622640166682233,5.327088723651087,4.938717263595158,4.430559788369576,4.328135255457363,4.27766237899219,4.17184385136374,3.9792703674650953,4.110867744158741,5.2301954643130415,4.084120660617119,3.7748117760730233,5.780682725507216,3.5884405575148053,3.6150981393734116,3.9957881857114534,4.068713241848633,4.670633568082593,3.7131438232850797,4.453273487081675,3.521321767209413,5.8673800332154,3.709838141532965,4.558912422155437,3.07346618571988,3.4845620151339785,3.0646468253521393,2.982844686339762,3.387320858062729,4.001603375854772,4.141529376924956,3.640772008779676,3.8058995988135575,3.153927513387411,3.444060861743899,3.618098277365909,2.8436406737769833,3.7069501635963125,2.7351731189233353,2.063656091684249,1.9581523056845458,3.3043492840576607,2.7791933533931523,3.3740687445844255,7.040232155428315,3.342504018900788,3.4459078348258725,2.084177609940105,2.8951092904781315,1.5373612584893552,1.7583321356851855,1.0697776617944588,1.8584386449794146,1.0317791924618716,5.397471797296884,3.5761868152462903,4.3619814084687825,1.0277572330463753,0.9067904740451815,4.021662534307628,1.8936199112143335,0.0,0.8896075763117558,2.248203921359158,0.859537393585378
84,12.515618695542043,12.799361017131151,12.406993141034622,9.837741685060507,10.176439262037453,9.204168217557122,9.228143230466756,10.0647898121842,11.682172795030686,11.118364074724155,9.955498614171546,9.310703083479003,11.458391932347707,11.902953829292242,7.943108861999351,6.668778781828089,5.67669866516531,6.735451127972302,5.432579709536383,5.093106275350353,5.009125499093743,4.754574278515191,6.079165376300219,5.637054437842848,4.648230137199644,4.47569841310781,4.345828054421699,4.261313791859973,4.215084473337354,4.224942154799373,4.938917306127846,4.120782264966401,4.287014450144314,6.629926028903394,3.963474141409435,3.909256505281186,4.000831314178829,4.011564288639742,5.468320639651375,3.774211703874607,4.227085164799832,3.68466988483125,6.733249314383293,3.6844015098014458,4.249432685968817,3.4782542495025734,3.4670427365380276,3.599393765781353,3.1909654568428936,4.142110108972026,3.7065965006323607,3.7956504879757427,3.415989481422146,3.5115277926478288,3.0504814886332223,3.1977588154956775,3.3006220522689538,2.806990165721947,3.311856063946586,2.5295896242927696,2.677587235443525,2.4119094891801494,2.879856417647054,2.4383133899700313,2.8919208859444208,7.923854179810491,2.8040576300371494,4.334304964659586,1.8198919382081755,2.369085798784169,2.3461858594124374,1.4856465363534244,1.5349035088286596,2.734421482447251,1.1660948260176889,6.2701442811509205,2.8495377977121157,5.228773226473882,1.9157524786336926,1.7948905284847734,3.228859993161337,1.1734271144600892,0.8896075763117558,0.0,1.3773107245231262,1.002185943477103
85,13.350241413367975,13.731526270429647,13.383301751579928,10.438914944447893,10.929537447756,9.528839191777006,9.697804305472241,10.888895086348938,12.724562071401463,12.133989691937057,10.907782912648948,10.195066956320474,12.571008000077246,13.090817188319665,8.738495227398959,6.618719750340552,6.196723585047933,7.7184757704868785,6.070411133585669,5.61267308121774,5.286918683632065,4.921913353882368,7.119107390413702,6.599665060377752,4.949642385991187,4.68580924541281,4.447293713770597,4.401703183974573,4.573746527065288,4.405030336041279,4.428666604366828,4.193849592858349,5.028130622899736,7.840226142058009,4.537014378560678,4.3752223208478505,4.037017016640651,3.9507789743339745,6.593115892061068,3.9177549436743875,3.8754341960222516,3.9869686494154783,7.980720514142635,3.70711617163759,3.7572376121170987,4.131599489804344,3.5279932009743624,4.412494458582903,3.612918841887698,5.226235959635824,3.290835477007122,3.2829338452243753,3.1542317307427736,3.1198256582644257,3.039619214598337,2.931294443621912,2.896974092819267,2.9411711673130974,2.7688279567313936,2.4598092013024693,3.6595339109179865,3.246835312795332,2.3496761316463974,2.1596390046036853,2.249019217056568,9.287269512845205,2.063863596205837,5.66161432759529,1.8836581673985817,1.7472591075316084,3.5659019745765166,1.7029702210232895,2.549253364067302,4.036027303344321,2.0417390541466607,7.643638672097741,1.7040339356418968,6.604349686492197,3.2552736193589182,3.136090728806696,1.9345303380499301,0.732950301848094,2.248203921359158,1.3773107245231262,0.0,2.2494837349626877
86,12.62041293403224,12.806976327185644,12.370806910677686,10.16356083881398,10.373723323309143,9.730398427105161,9.657563587933907,10.199140565657205,11.577102585183557,11.047969347099244,9.964207463510059,9.395465619275768,11.269358054353805,11.608640754601241,8.130484623192206,7.42863870651053,6.133243894218941,6.757238727187299,5.808994933828454,5.567784798715038,5.638282236256562,5.450402114981459,6.050290990857933,5.708740905888281,5.275709330044633,5.1586600600939425,5.08648867571225,4.986501528532546,4.826185089194614,4.932085425999756,5.879833710471986,4.8819730983718035,4.624349071808475,6.353662312693908,4.4477499781893695,4.468943420311253,4.782234150013372,4.831740326484545,5.346620852881157,4.516806638115083,5.137658060101043,4.352033602954383,6.39176161556478,4.4831519863644145,5.194736618817636,3.9329987114329255,4.259254214311686,3.9130408172494557,3.820254460098416,4.126964291533192,4.6436553886763985,4.751972846181102,4.3210050822063515,4.447158787286939,3.890029912835261,4.11081731323536,4.243831976036414,3.6046470861696047,4.281461379880266,3.4164850346482543,2.9020416837524348,2.817688567269112,3.8553127048587954,3.3825693136227857,3.8812082540456245,7.2826674983905635,3.80214358049049,3.8693323637452073,2.721504469679621,3.363758068452679,2.2700944893967563,2.381277369236736,1.9253845894534685,2.4290606331648603,1.800582460959347,5.582808562811402,3.831057175422466,4.531017771751239,1.592736891007181,1.4883139705043618,4.168302369427754,2.172235024479519,0.859537393585378,1.002185943477103,2.2494837349626877,0.0
