NumEstacao,690393156,690394268,690399626,690405014,690407114,690408617,690458657,690458665,690458991,690459025,690459076,690459122,690459149,690459238,690459246,690459980,690461062,690461070,690461399,690462980,690463014,690463030,690463464,690463910,690463995,690464010,690477090,690507534,690507615,692131680,692257306,692257349,692374523,692409572,692549935,692559027,692559043,692574816,692641890,692904158,1005347597,1005347600,1005953152,1006658162,1008139715,1008239507,1012758866,1013042279,1013177182,1014370156,1014424388,1014447060,1014447078,1014454465,1014454490,1014454503,1014454511,1014454554,1014454562,1014454570,1014459696,1014510071,1014510098,1014510101,1014779046,1015421706,1016648160,1016660429,1016689150,1016689168,1016689176,1016785078,1016874984,1016903836,1016904905,1016904921,1016904930,1016912185,1016925473,1016925503,1016963634,1017043407,1017366087
690393156,0.0,4.788954971389737,1.7786460361751766,2.6221433275525445,1.2458561511643473,4.98593165688705,0.9415606521321521,2.535605321178211,1.8035134175230587,1.7643222348439527,3.1768544162809462,3.7111429322632215,3.024117625761425,3.670400039076485,4.35197322408966,4.608243583660172,4.8914041069923995,5.696288764702403,6.036331682729849,1.166285924895269,3.14182381269889,3.0775390490885797,2.529159678623135,2.3844875052746977,2.506510129888815,2.023656564739219,4.465420996388655,2.4753369222462176,3.6733698849679244,2.206947761555262,3.591342854635237,1.2688322444703375,2.0080268161786847,0.5399215676186584,4.935210555578042,2.7307585496562017,3.786719847710321,3.200422914593473,5.1480208415474635,4.273899633979834,3.7839945435599596,4.5291561118151,6.666490519979062,5.808711342453939,5.214443976882688,1.785145608431746,5.2251126977906965,1.6742671905277293,4.199849360310069,2.9616884108103467,1.7126982263971469,3.267415647357187,1.4669511013444996,2.2350817545576693,3.46401487604355,1.5975735402049218,0.8516123574188231,4.243558958599025,4.196564337109045,5.432317311586839,1.1566184563263908,2.297194601169221,4.170227387290916,3.977950645844886,5.375319848344734,2.9966184898534194,4.368061552926151,5.199655498906672,2.0820203978734226,2.3163662774254217,3.2997548970992634,6.512497394614733,6.444031930601208,1.3705229939653492,5.864795524905207,5.452090359852362,4.563344843133028,2.907457115506029,6.126345089344742,5.560079485615021,5.82890514775702,5.196973236999941,5.1455039874137
690394268,4.788954971389737,0.0,4.460404540685468,3.6277454066094466,4.536831977488042,1.12111896052629,4.188713010533359,4.820453597072891,3.3194818645573254,3.11852770772355,2.1729010441861294,3.0572892823114124,1.7769776596421964,1.2385213181813384,0.6668826626834713,1.4598815585305585,2.5469938612043195,2.05425546245049,1.2522937270104446,3.623246717117674,4.204950983674276,3.756653494714369,2.4769834684010243,2.595864961798117,3.9919297692849742,2.8059796444829828,3.533696389714642,3.5129606162811577,2.550100044338457,4.290137436276352,1.3047721752823298,3.9425083943299346,3.762005333302985,4.282087670859093,1.1309867615019424,3.046118724877701,2.1714454012927424,2.1116972787388057,2.1542350159632746,1.6942207756615866,3.644521755068848,2.6661638611152085,1.9249728450847836,3.698909395522868,0.5676379203052889,4.542334756446787,0.6058477415636726,3.9779100019002596,0.7052597266541303,2.1931989242584,3.7964648968939163,3.2098591623997788,3.3272200522513393,2.774447111374068,1.775120541801726,3.423881990303849,4.84498635854244,3.0325229592482255,1.629339121390585,2.8185778248835027,4.129623572127916,2.5412518318697663,1.918032835114318,1.1182925524949416,3.729301698567815,1.8467215293349573,0.5683696572888935,2.869101669520542,4.240652033005577,2.4852530454316333,4.209724549981114,2.7601447505348466,1.749331889573913,3.4630648502248973,1.5130334737035758,0.7880632962932724,2.107041422766985,4.570063512106103,3.0561563732287804,1.6166116785913835,1.4017323622092634,0.4526397890311772,0.4057691501113297
690399626,1.7786460361751766,4.460404540685468,0.0,1.1329804128845855,0.5360077742024922,5.043555441960378,2.33279781044386,0.7970651009876758,1.2271501100220146,2.362953217718843,2.3592759318802825,2.32104156633968,2.802182771651729,3.668675474293617,3.861659880292604,3.7500661029822973,3.6617513021846344,4.705095639826791,5.674230085742515,1.7662432304317899,1.410811811509736,1.4717151928419525,2.9731684894800323,1.904593712664145,0.8557830491129045,1.9094847722313828,2.9297472661691883,3.5838699190167875,4.360186661189326,0.4625238612188979,3.156483311161436,0.8554520960856731,0.7083464281217354,1.4870461009086657,4.189425346336096,1.5573298889383653,2.751743153700442,3.637502389466123,4.059638453999476,4.606238902063647,2.1994381771423637,3.250794741552431,6.376122192326576,4.34469974227218,4.724564707056314,0.0820249127557605,5.017556867966934,2.9977192091739835,4.072479625683768,3.3789513107054736,0.6971565888476227,1.8610902737944364,1.9394764345455586,2.8005699069546854,2.751660665895339,1.241729235565402,1.0212584631907955,2.8458824946704775,3.3183561083460686,4.162919064439056,0.7863521503563463,2.087375708275863,4.592923229121568,4.028856911777531,3.8579725565439134,3.074552928131378,4.220601076282942,3.8933451597156417,0.37176516104927293,2.4727575794728636,1.57074494044387,5.44032596253636,6.2097261867066935,1.527053737780962,5.122075059152684,4.934385980851856,3.4738800913273913,1.1292623904853343,4.880721988055511,4.703811917482682,5.7560069038869965,4.77180867064856,4.862686578425562
690405014,2.6221433275525445,3.6277454066094466,1.1329804128845855,0.0,1.5454576670761475,4.385958088711947,2.8529637051444987,1.2031283146735219,1.1109565894413669,2.4204308379711166,1.4549270750078052,1.189659782457341,2.2082120877821674,3.084449516334807,2.9824099012372325,2.7091627192343037,2.530564827709928,3.603390946796991,4.77705740818639,2.0755812528721247,0.7697188062516078,0.48164995941976196,2.777783075198464,1.3918015474773933,0.3731522828177313,1.6751580465249623,1.8568355077402163,3.7180719907828474,4.134287286852125,0.757047067404313,2.3723093006947913,1.3678974350950188,0.6142007219834771,2.1683998430200555,3.1765695593553707,0.5835352873133487,1.6869327201927566,3.330050336931617,2.9446853394522727,4.137583438218693,1.1618694663485087,2.1181610745240937,5.49296762126488,3.245908582509683,3.801392901752069,1.1967319770762361,4.21890010761493,3.35372370361275,3.3752320104508007,3.09532035827262,0.9151716296677538,0.7282965404523456,2.0843818860209637,2.719398071559724,1.8535128250587916,1.300472032650786,2.0471287795754622,1.7192983435566709,2.288037981400678,3.02998804776356,1.4657598993468903,1.7039430968258593,4.180648722580174,3.439447569499361,2.780293474760512,2.624600481297384,3.5005226152963047,2.761282378635998,0.7781991710440943,2.212396110079271,0.8781747028651978,4.318413289675192,5.356405793042955,1.7156593726892067,4.085785143756473,3.9912249190917,2.3670293740739803,0.9717398679484756,3.747770011351498,3.6385448751772063,4.996283644695503,3.8767279971585875,4.032977096133124
690407114,1.2458561511643473,4.536831977488042,0.5360077742024922,1.5454576670761475,0.0,5.00860002320142,1.8699997062650877,1.2972177024863176,1.2173516717679154,2.0861803019481475,2.547721072814501,2.7236010220224016,2.801488778838519,3.626338106097335,3.9795923178786503,3.988044746827919,4.024820806602645,4.99873175110723,5.776109755696121,1.427335317742453,1.9340443567212025,1.945378105753658,2.7734364473406736,1.9410098076439486,1.3371693603696104,1.814006742525684,3.392209834470988,3.223148066706534,4.12892393946021,0.9840588238532946,3.2390787675898807,0.6234542489818313,0.9838308788436793,1.0067331208449244,4.39659662228173,1.8485394893647038,3.031814782650972,3.4621587887360867,4.379109534208844,4.482093492246753,2.6735761153892184,3.6261017106040323,6.461804535361949,4.791002872823156,4.856116897135901,0.5393763814484868,5.063931757397946,2.5710670854905096,4.078560031211795,3.20181498891427,0.7898673181857098,2.260637154118844,1.6594929140134966,2.5584721062540225,2.9165237606357914,1.1355344206209943,0.5068619830274533,3.2586500271858347,3.5554899022857893,4.543909061873311,0.45794706454995243,2.0411862521719986,4.441881998751519,3.978724895298931,4.319512901436245,2.988880776726439,4.2358454821973925,4.284580910829126,0.8708014753012233,2.333467019322956,2.0939176553411025,5.765734943384679,6.276766248962413,1.282785426980788,5.339084899469187,5.07741609010785,3.7864886635706623,1.664709798357009,5.258739680441231,4.953379749959366,5.7692527549667,4.8833787152232615,4.930540261023209
690408617,4.98593165688705,1.12111896052629,5.043555441960378,4.385958088711947,5.00860002320142,0.0,4.22681727644477,5.528451496576223,3.8281402527560195,3.2233470325215983,2.973753264424188,4.021881615213362,2.242804487970619,1.3825302179778487,1.6850542700022269,2.566342844105354,3.6575346951282426,3.134868436339356,1.540346385691898,3.8495649181076996,5.0463052625293265,4.601273544712741,2.46796736330846,3.1422274428248267,4.726531615037123,3.1953551329024115,4.582774006732448,3.177315113182204,1.9154623778152213,4.9615980975687695,2.032737624079793,4.3869724962830325,4.386628291022521,4.53695786975613,2.250500966252163,3.808388414458535,3.146439186833548,1.8604440514425409,3.27531497785142,0.9378829218293945,4.605449919365196,3.7469725785692343,1.892709874849683,4.819874051074573,1.548728021969549,5.124628439867458,0.7639205905626868,3.8287901608117054,1.0133505597441377,2.0583395870618095,4.349177028799502,4.094952414074012,3.5441526313910425,2.7737292214179394,2.614947901983029,3.8742735644821495,5.225125427750433,4.072979832954138,2.676145432886751,3.9396429415680005,4.564814970364795,2.972828459962241,1.1652739132170755,1.03200016886955,4.839109006448074,2.0332737393717064,0.9083994290595236,3.987061454439861,4.888412013402092,2.718409230056262,5.076114702253232,3.771319743515919,1.6192904478258654,3.7935460277936945,2.4564034974166593,1.674467053440558,3.201886813309798,5.35574269854172,4.153126739572385,2.680603288504227,0.8821399103976144,1.364610582879812,0.960770380623375
690458657,0.9415606521321521,4.188713010533359,2.33279781044386,2.8529637051444987,1.8699997062650877,4.22681727644477,0.0,3.1298496742251527,1.7975645804479952,1.0715691802140566,2.946707138522999,3.75766980571962,2.5095341683616854,2.993181253121619,3.847949846810773,4.274336292475823,4.758676133090713,5.386139362510843,5.408082478436541,0.8221241860960137,3.5159648266990575,3.334483863108529,1.767358441563165,2.1218989358185074,2.8593713969859325,1.6668246311472885,4.573734783250905,1.5339081229180853,2.7700925394133575,2.6729426143385036,3.117735013638766,1.5550217368308052,2.2783492796478355,0.8642730602286196,4.525196613690081,2.763179378897928,3.609436184979067,2.384650189995216,4.916260828518538,3.446693253182385,3.9704176104951356,4.446744620710874,5.995040353693869,5.807899835184274,4.668327804461503,2.368331955156011,4.557651793007952,0.7440543009272391,3.5428591168273935,2.169170129995985,1.9776021703997106,3.3649450542342065,0.9907884809056524,1.4581944760151595,3.1435937815216315,1.5811001826086748,1.6546479634043645,4.258518971288332,3.8997050962709294,5.302409549955531,1.5567302142135138,1.911466969757431,3.3196760940977317,3.260946985543654,5.432294343429697,2.3434037616893355,3.7107619236984575,5.10380277497154,2.538272331860892,1.7291207563053137,3.662285269481718,6.223938602067782,5.755378551100977,1.1872697527790192,5.416305861452017,4.909812500976489,4.361970838856716,3.397772378772769,5.957348645287033,5.180952052736041,5.093986834926898,4.622380097946153,4.51152550873161
690458665,2.535605321178211,4.820453597072891,0.7970651009876758,1.2031283146735219,1.2972177024863176,5.528451496576223,3.1298496742251527,0.0,1.849593588352493,3.0991589132793433,2.6496102500959196,2.2184848655067135,3.3019989065223205,4.186066634733668,4.181183094495063,3.893594130594238,3.5756422055848387,4.72592834449572,5.979681090590901,2.5406068933806183,0.9753611078688462,1.2708859427462798,3.6477715743374723,2.4167277162187886,0.8316477690560865,2.540010056120295,2.624935709057794,4.351425176722252,5.040428141524661,0.5866373740393808,3.5457159541418313,1.6289217341153128,1.1839024583003102,2.2813985734892785,4.369255262369342,1.7766377974435599,2.869129667176915,4.281221983014394,4.0485968955001095,5.190193969534947,1.9022750717248413,3.1544365345170586,6.695084074944189,4.041833597435125,5.004503172479823,0.7658138430740837,5.405884872988097,3.790277899921775,4.527179643606216,4.028420343395594,1.3477129809948638,1.8144114651371281,2.6860124676765667,3.5080821519981136,3.0504512645317203,1.9281095964338644,1.7180876114823704,2.6820038843167646,3.4796017107182453,4.022687363041267,1.5803098736004602,2.6663409762871635,5.20245504624492,4.5468330398864065,3.5237340407976556,3.6504405833882916,4.661449798778351,3.737821275466516,0.6944099841521415,3.1135872134019995,1.1105537602133182,5.38759036571653,6.555458483523635,2.269135905920927,5.265466618341529,5.19387759750202,3.495947251115813,0.515641201172293,4.73067357804805,4.801987021464137,6.175316036376454,5.078657653960656,5.226171859271436
690458991,1.8035134175230587,3.3194818645573254,1.2271501100220146,1.1109565894413669,1.2173516717679154,3.8281402527560195,1.7975645804479952,1.849593588352493,0.0,1.325538302692024,1.404626237366235,1.9719746395896283,1.596789004073441,2.4484413377939367,2.768547228002522,2.8572077180985493,3.089455850121762,3.9200867261853327,4.5596395903193425,0.9876530810124856,1.8531996514881588,1.584142592426683,1.7993677284752665,0.7236799325360513,1.2407308364266383,0.6933843109378107,2.7785500977459363,2.622941667591568,3.1914262226338552,1.2661399773571305,2.022846709670987,0.6439769217916287,0.6803927044367488,1.2742943441784182,3.231393361881564,0.9726428177946624,1.9863383838606206,2.43535620271076,3.35088781187559,3.381339110209513,2.178517021127412,2.7349230046537665,5.24445469594871,4.051329706752594,3.646657559951437,1.306299729513172,3.8498286277970464,2.247017997996109,2.8749477141671016,2.1806643211507386,0.531130341955454,1.5677598367201282,0.9734899743180421,1.6788470888649214,1.7396296899658523,0.22070200930219025,1.5643041002671394,2.4877408538064043,2.432497205264772,3.6316290262093833,0.8301308417218864,0.8610541614844837,3.3746837633513005,2.807165768924168,3.651240093192269,1.847475213493791,3.0290654623840396,3.404536182163222,1.1561018342579925,1.2661203986944403,1.9788414507220142,4.72416995711432,5.060355578259695,0.6189101360117457,4.174406810581224,3.871216831201369,2.7631224409095636,1.8934979221839823,4.3230810898819785,3.8219427571840714,4.565303132538015,3.6689930407080213,3.71358441500062
690459025,1.7643222348439527,3.11852770772355,2.362953217718843,2.4204308379711166,2.0861803019481475,3.2233470325215983,1.0715691802140566,3.0991589132793433,1.325538302692024,0.0,2.0490919548736883,3.052099764937032,1.4550579321472128,1.936792591003336,2.7836516459285896,3.266972113606924,3.865324262308221,4.37762826250423,4.343699570860322,0.6858792333990774,3.1757107044625887,2.8775976286190854,0.7675377331020037,1.279339127971959,2.564769358784876,0.8207901634791513,3.8874456161257727,1.2985428681259024,2.0474937975337832,2.538827353215665,2.0676291257644372,1.5163339112017384,1.9885190843202714,1.3510279173271917,3.482846662134277,2.1285387236153475,2.7187788055340105,1.4538181986755545,3.9549214297789894,2.5235621118368092,3.3906070317472428,3.5994830349088867,4.943751681764113,4.992509533864373,3.5971870702981925,2.4273694065878217,3.502599839973772,1.0887958666441342,2.4818437273408636,1.2055742742048614,1.75811105253073,2.736501769578355,0.428137671705751,0.4913365844073795,2.1705910145460665,1.1855833833615879,2.1331475377516123,3.4994946087726717,2.919086365997496,4.400134361800558,1.638330826614437,0.9820105888597372,2.438694761263941,2.2251504937748363,4.672972684147612,1.2762434752250615,2.6503471116623527,4.2296243720599,2.4140391140992143,0.6685145956184452,3.2965755832679555,5.219028230838379,4.710644709425896,0.8359756429398079,4.358181860077858,3.838716007150105,3.430389425169722,3.2078843105300288,5.019994661985047,4.145107400520526,4.073473867008026,3.550955123686912,3.4470279782715556
690459076,3.1768544162809462,2.1729010441861294,2.3592759318802825,1.4549270750078052,2.547721072814501,2.973753264424188,2.946707138522999,2.6496102500959196,1.404626237366235,2.0490919548736883,0.0,1.2074192145620861,1.0031011154757519,1.768656245176836,1.5324811422902658,1.4535672314756236,1.8217449020819036,2.5210182568330537,3.3391449167700866,2.153216163409238,2.0731504753821572,1.62752451867544,1.9686494423069136,0.8263241626215694,1.8196270706959567,1.2834553169168048,1.9885326115714335,3.161194810721368,3.1022278237777234,2.13398392323869,0.941059184947954,2.0396967172609033,1.651075468950397,2.6375614573752855,1.8489853840611705,0.8735018973990532,0.6708094063678124,2.285466425140868,1.9838522144100703,2.864163246918834,1.7325995233901776,1.5536972472386856,4.051071438452597,2.9507688268925873,2.374164164074763,2.4393992178402466,2.7647033420538296,3.1378790983222444,1.961281172638898,2.1123020582647323,1.760363404942698,1.1410600603507581,1.958454792271185,2.075035173020485,0.401598990897745,1.5886475154943687,2.952657924609471,1.5270260671964,1.0279213167373902,2.3619556575077443,2.220424108182479,1.0686772805695106,2.9557971875402833,2.0977413836049608,2.666281022375379,1.5171946874433002,2.0724005298188195,2.1814448696742903,2.0978973849931997,1.4872464062126465,2.103550458507854,3.336146747275352,3.9062411673469293,1.836477177133719,2.791392449095334,2.578142619831284,1.41653824457594,2.4055798786447555,3.0108691665685887,2.419607123803962,3.54542518117055,2.435606774584961,2.5782639330827433
690459122,3.7111429322632215,3.0572892823114124,2.32104156633968,1.189659782457341,2.7236010220224016,4.021881615213362,3.75766980571962,2.2184848655067135,1.9719746395896283,3.052099764937032,1.2074192145620861,0.0,2.2104354729733555,2.9402735673523894,2.393425579653744,1.8111347762557493,1.3632979002923524,2.5156242587126725,4.039917721435451,2.93657827781397,1.3238440436257428,0.947657750791327,3.1287218758196564,1.7804636034417052,1.4965302818972714,2.231499391276035,0.8353460939755777,4.2710158651612415,4.309323256368321,1.9157846400627099,2.0474379706667936,2.4442099562301745,1.7510819653565526,3.2116090637157506,2.3076919497190898,0.999421148158046,0.8862365214199129,3.491318521506039,1.833404516706107,4.035403103980487,0.5875860048405559,0.9432967081597419,4.75486879259725,2.0976864433417357,3.065993951030862,2.382200096797796,3.6616579510366942,4.110727846750255,3.0374105841396624,3.310902982017317,2.016030434041383,0.46327815145421475,2.837693767594245,3.187601216350528,1.4504915212807137,2.192614651118854,3.217622504805004,0.5371646677222114,1.465407304560477,1.8442450858925665,2.5782821281003274,2.1073690567422543,4.143020516158494,3.245933309873721,1.6793618954465914,2.723051349487521,3.1163219561588447,1.572352557728315,1.9591406542474792,2.601377386176732,1.2661135503441774,3.172201543574709,4.667307611560347,2.5705398250540914,3.1284497912568168,3.2104571892597904,1.3040208481833606,1.7895737800364169,2.5619187905304464,2.6345861748571973,4.457391503994337,3.185312201216107,3.438855031242839
690459149,3.024117625761425,1.7769776596421964,2.802182771651729,2.2082120877821674,2.801488778838519,2.242804487970619,2.5095341683616854,3.3019989065223205,1.596789004073441,1.4550579321472128,1.0031011154757519,2.2104354729733555,0.0,0.8843027695912551,1.3432525786978344,1.8470319042133165,2.6071004160586333,2.9464568544439613,3.02925479315938,1.8641799738313998,2.9301061505584114,2.50741515740229,1.075459267104302,0.8994303497449339,2.523031864955767,1.0297319212613316,2.9815750184222596,2.303861207931419,2.099196396967249,2.727264097792485,0.6128853044974713,2.190681718670184,2.1458474839650488,2.5091731080633495,2.0290600692215164,1.6610709981429552,1.551007542658172,1.2842052249815794,2.5871467968651274,1.9331873783419993,2.7230015997773998,2.435263085032582,3.688555177341526,3.8161335544117336,2.191869725435184,2.8835099904788835,2.2687786066506526,2.4761153788300554,1.278423084734321,1.1261847850690883,2.1100564199399847,2.0992894671161633,1.5791592769453846,1.2744925943577965,0.8815260148590975,1.6700911770424747,3.0778435884872053,2.502631038560254,1.5503647961522193,3.1095184738455606,2.3754418738042316,0.7697736124272156,1.9939348201514153,1.2448345306292263,3.595997591309866,0.5178657551520243,1.4343873472524662,2.9881897319454986,2.649159790813218,0.786556317137522,2.9910044302036214,3.787510238110775,3.4888673465228788,1.6861930833803858,2.906867415974587,2.4307982215381205,2.126238557108698,3.176414281538611,3.667409239039692,2.693399423106431,2.969243471716295,2.173692231120024,2.1532006746352725
690459238,3.670400039076485,1.2385213181813384,3.668675474293617,3.084449516334807,3.626338106097335,1.3825302179778487,2.993181253121619,4.186066634733668,2.4484413377939367,1.936792591003336,1.768656245176836,2.9402735673523894,0.8843027695912551,0.0,1.1661903135644227,2.0129069782529188,3.001582133640037,2.976809689248469,2.4182122368450822,2.512562473313435,3.790631967277928,3.3582681682620734,1.2475196338525214,1.776698751473118,3.405493337346171,1.8139140916805552,3.6372332056782812,2.2926977472544228,1.5555278439421643,3.6101502182169325,0.9154498797710009,3.0051745646963166,3.0255125264382023,3.1952415628131674,1.9743824148150404,2.525016926564486,2.1467747035217384,0.9173543251336388,2.813627989144048,1.0968368466530847,3.4934232774983425,2.9421603488803125,3.0069978773362154,4.237019697639424,1.7785784078814106,3.749294026338533,1.5659866328991523,2.7414035928301472,0.5527353050663579,0.9596366220226097,2.972557952478381,2.9076662152438804,2.207364254834586,1.5514403962765246,1.4939436806992799,2.491768903447999,3.8532074069961593,3.1315780497946357,1.8913900182407337,3.430147415836705,3.1839023519136433,1.5909090364093772,1.2085225108026638,0.36148638981986647,4.112744834088914,0.6745050435602428,0.7189589397106901,3.378077085700432,3.529739526923547,1.362387488909113,3.8415933919398366,3.7799145673146035,2.776275289476503,2.4244044960417575,2.6665725888083145,2.0139407680782964,2.5010546816919423,4.054999593480012,3.8636920118285225,2.615920726453533,2.1714580162522408,1.6900120344758944,1.523727852250691
690459246,4.35197322408966,0.6668826626834713,3.861659880292604,2.9824099012372325,3.9795923178786503,1.6850542700022269,3.847949846810773,4.181183094495063,2.768547228002522,2.7836516459285896,1.5324811422902658,2.393425579653744,1.3432525786978344,1.1661903135644227,0.0,0.9267536296868903,2.0050618136793363,1.8109749063283238,1.8131201731110151,3.20075065040502,3.5420346396021385,3.0942152720941194,2.2550429754853405,2.0510365734097045,3.350229603525053,2.3317575195555644,2.9017130695660103,3.412865571350937,2.6939530863401635,3.6639921565685216,0.7628002530426276,3.406236349959037,3.1563117891426895,3.8270617622139507,0.808200931725966,2.404550495589027,1.5071909840159237,2.0778751138100446,1.7083692762287357,2.0060811893198567,2.9809623615253145,2.0636754271704825,2.520595798094204,3.2113659904621787,0.8786169206887956,3.943114160588318,1.27272101630743,3.7484440591107226,0.8540483325188926,2.0788201326059452,3.217377466239118,2.544275200244162,2.9208225235289405,2.5222330385245204,1.1310221411705976,2.8967442806165233,4.322144759499189,2.394340687189936,0.9921976826169581,2.357357796406046,3.593955275118509,2.0587079556795915,2.19588000058352,1.2476071554695478,3.1774978626536896,1.5847522786013533,0.8444136099900587,2.3572445733195937,3.622211351850758,2.11900056863262,3.544368979595982,2.6163539279759584,2.3743130975530042,2.9927303207652836,1.5806207109225106,1.1079803734662754,1.5294453868116165,3.9147244672444668,2.722224032505015,1.4571764156597673,2.0684629682594173,0.9101508070990096,1.062436895099118
690459980,4.608243583660172,1.4598815585305585,3.7500661029822973,2.7091627192343037,3.988044746827919,2.566342844105354,4.274336292475823,3.893594130594238,2.8572077180985493,3.266972113606924,1.4535672314756236,1.8111347762557493,1.8470319042133165,2.0129069782529188,0.9267536296868903,0.0,1.0914118740965124,1.1123248117047535,2.2462018491962916,3.5286886028558335,3.1013842826684828,2.6767390014077255,2.9019948465239813,2.224655953013756,3.0794031574786374,2.6283298335726526,2.121698510599787,4.119063003049865,3.5676466666824385,3.455555695842611,1.263656032589025,3.493216885351779,3.0527384900470538,4.068472063852513,0.49663874775605565,2.1947295743871913,1.0245618837057293,2.881286704345976,0.8007710231307582,2.9300790119984352,2.3697159186752565,1.2239250551912388,2.954525616890489,2.2848202365031685,1.2968145295861997,3.8268960116980257,2.0160935565089155,4.318420576771256,1.7786899539891428,2.8286070332524953,3.1981888926755917,2.104219827691085,3.2911418684842744,3.12082368673768,1.1466225051116345,3.035389925980288,4.404585536216864,1.6453168571470227,0.4331217409186891,1.434096282796622,3.673469687576494,2.3681182955243982,3.1142276211657576,2.1556316551287034,2.2727901116919464,2.2535281146624264,1.7689078073618074,1.4328004071545346,3.4476311190434554,2.61042934944314,3.065001477237055,1.9526284760258306,2.8863319580098774,3.24611391399946,1.3772854119200855,1.4116554508131496,0.6538278288738067,3.5358747411748386,1.8622086672188638,0.9667153070362872,2.7846331220818348,1.4443123077170228,1.772457644358817
690461062,4.8914041069923995,2.5469938612043195,3.6617513021846344,2.530564827709928,4.024820806602645,3.6575346951282426,4.758676133090713,3.5756422055848387,3.089455850121762,3.865324262308221,1.8217449020819036,1.3632979002923524,2.6071004160586333,3.001582133640037,2.0050618136793363,1.0914118740965124,0.0,1.2336645742829524,3.1785289960483807,3.9517013699660617,2.6466179894360424,2.306301940116434,3.6776934278408415,2.6385377065549704,2.8557886849332266,3.103042008979798,1.2343704588409228,4.9036324826915445,4.546202256511027,3.2729872412150023,2.135864790687775,3.6581723555872867,3.0409912893440763,4.363601696669703,1.4733610785574902,2.1909036094848005,1.151796333744005,3.800897942391573,0.5676807277731317,3.987549273154443,1.7492898448380787,0.4212349406786516,3.8484832562572473,1.23585042118116,2.310037242208963,3.7270746279871974,3.084077536151128,4.953245836448214,2.8444702230300702,3.7008800392718295,3.269919994559333,1.8070427948967909,3.7752600017924722,3.839044039139827,1.7369030208360066,3.3013841092042586,4.501371889488007,0.9163305725758402,1.1118041885907157,0.5448311044242381,3.8151994521803108,2.8888135979985403,4.158612227900228,3.1945774274799468,1.1823401152757018,3.092026423915862,2.849323251755445,0.3825744038048794,3.3080004144938875,3.268498623739454,2.559323339068799,1.8121010048528858,3.829505561788194,3.613539713190879,2.0153789584700115,2.3653003206566057,0.500781290626062,3.125867562399615,1.239376091851684,1.4891907932304804,3.8295441841857523,2.478441794213219,2.8377456096974987
690461070,5.696288764702403,2.05425546245049,4.705095639826791,3.603390946796991,4.99873175110723,3.134868436339356,5.386139362510843,4.72592834449572,3.9200867261853327,4.37762826250423,2.5210182568330537,2.5156242587126725,2.9464568544439613,2.976809689248469,1.8109749063283238,1.1123248117047535,1.2336645742829524,0.0,2.214336313773503,4.634559869794239,3.8342823274437903,3.4591649573720993,3.982170590017796,3.320240738745204,3.956517371861987,3.73568824931264,2.4615551616435334,5.18353130821313,4.495266992940782,4.360283606814489,2.3465203850072283,4.543640181858104,4.032617099803298,5.156524470323222,1.0038129294089988,3.1587255131756566,1.9669290030300388,3.88429031850438,0.6867885467688828,3.7278825813973153,2.966305650951894,1.6248692317932347,2.8022052438604534,1.909270068403994,1.5930570545023746,4.777338368069856,2.421115273735425,5.422243131558534,2.6117811154487094,3.865866654751565,4.2134795067908515,2.915253202640324,4.40159935873667,4.215014192017393,2.250103517763965,4.109243529911661,5.440324755548601,2.135474896345298,1.501401513745887,1.0878655766229064,4.718313881106753,3.4780888706095427,3.940458384056276,3.0333888867893166,2.1582248626619207,3.320318935117048,2.543091013160263,1.3054184022414657,4.3742644580440055,3.7183278311240695,3.760507521736367,0.8416942749622223,2.8433135936278715,4.342883716086689,0.9030251827938943,1.5273347355193623,1.2366016873439534,4.304846135863778,1.0279466515265563,0.4621800445706467,3.0371086809874113,1.780619579958444,2.188419823403795
690461399,6.036331682729849,1.2522937270104446,5.674230085742515,4.77705740818639,5.776109755696121,1.540346385691898,5.408082478436541,5.979681090590901,4.5596395903193425,4.343699570860322,3.3391449167700866,4.039917721435451,3.02925479315938,2.4182122368450822,1.8131201731110151,2.2462018491962916,3.1785289960483807,2.214336313773503,0.0,4.87007875109933,5.284485237317344,4.84319289799141,3.6635616418585735,3.836429015637049,5.148075875187096,4.058224366869974,4.343462557639183,4.5887436149117145,3.4262042213443036,5.4730980637756605,2.537031010757755,5.188142128634695,4.969359611413989,5.532725265707708,1.758307276744364,4.205929042961137,3.187795454777285,3.1955450546941226,2.650207467659142,2.4549187972565063,4.610332668700024,3.4310242863467466,0.7189429107677857,4.112897832743274,0.9819940862819452,5.75576869314624,0.8860447148637877,5.140028044004509,1.8661751132511721,3.3287720585073015,5.024054310736782,4.276060216842202,4.571768853730674,3.969197243327174,2.9380061812573697,4.671048661414961,6.094323799874763,3.8857117580072473,2.57824951635212,3.2510593555158755,5.375616670449039,3.792986620403871,2.689568904185318,2.1955072234008157,4.295227110171466,3.067491984147721,1.6992543021088444,3.4030192876536574,5.434042192020052,3.7255689460255694,5.267102982904304,2.5912650866717746,0.6509838318158393,4.715264026860374,1.327555815145384,0.8347394063585101,2.8649920536983435,5.685628429968085,3.207582532985527,1.7783830372255227,0.9560888230821202,0.9039161214091949,0.8967127675726133
690462980,1.166285924895269,3.623246717117674,1.7662432304317899,2.0755812528721247,1.427335317742453,3.8495649181076996,0.8221241860960137,2.5406068933806183,0.9876530810124856,0.6858792333990774,2.153216163409238,2.93657827781397,1.8641799738313998,2.512562473313435,3.20075065040502,3.5286886028558335,3.9517013699660617,4.634559869794239,4.87007875109933,0.0,2.779020484802749,2.5558230992554547,1.436497147897677,1.327667424136038,2.131406417265913,0.9009612021855607,3.755430303316721,1.81794931922691,2.7286415539336755,2.0171288263780385,2.4449740354733147,0.9129216781626295,1.5390259837948383,0.6875185511150634,3.8193591520592336,1.9443494762184834,2.807110994200899,2.1308008811860617,4.1345435799197565,3.1936506009240317,3.166169568252927,3.6310982186011893,5.501819507219986,4.987006056447605,4.056047879549134,1.8217799728781319,4.061239646236185,1.290725902888772,3.0363820577909286,1.8772615426245767,1.258311689777901,2.549802990548638,0.3058563478312272,1.1763339396713461,2.3844933186736124,0.7787223804422521,1.4473019447262359,3.4364039088688947,3.1363228903834024,4.4963054753873,0.9984018314440638,1.1677373426405568,3.1183000484949637,2.8299523488441283,4.6103005489876345,1.838065936718038,3.2042831800867124,4.2914616306133695,1.8847012177710638,1.1527687009260559,2.917235904617257,5.46595451047593,5.281709154017229,0.3694612816759718,4.736185340556948,4.294881019077931,3.5692666009842227,2.7255861762580538,5.161189316501473,4.460781353479183,4.679125780393134,4.0340257815642575,3.979320360982939
690463014,3.14182381269889,4.204950983674276,1.410811811509736,0.7697188062516078,1.9340443567212025,5.0463052625293265,3.5159648266990575,0.9753611078688462,1.8531996514881588,3.1757107044625887,2.0731504753821572,1.3238440436257428,2.9301061505584114,3.790631967277928,3.5420346396021385,3.1013842826684828,2.6466179894360424,3.8342823274437903,5.284485237317344,2.779020484802749,0.0,0.44868259514185027,3.5470162049033904,2.152117134383075,0.6569882683388734,2.4441752862392883,1.6496138508027405,4.474228789728779,4.898234864876099,0.950775461866993,3.0140332203089377,1.9702549965486658,1.242384082828043,2.7559293480667515,3.593491899971464,1.2690367712226367,2.100260446838104,4.089701258987979,3.1490370307673334,4.863083405462402,0.9316695387264206,2.2282824348174395,6.0033397814164084,3.0673721023744904,4.302608896097863,1.4365797429926452,4.807723613016672,4.068743776537555,4.033233071674819,3.8586143147597793,1.5386400171341996,1.0084599395953535,2.8215951134802006,3.487628342573772,2.4476183387546895,2.0231340382136396,2.4310558690399726,1.7367332248403617,2.716938774853208,3.0686721078246233,2.01556353870694,2.4704768450108965,4.918389999666642,4.138306705641158,2.551628746104211,3.370626310269005,4.145446657622416,2.7814170007363828,1.0652849185222257,2.981317831969856,0.15999625413273383,4.455220559173277,5.8921249112552605,2.433393054617961,4.444723992554276,4.469063778335753,2.6276196314978706,0.48309754076374106,3.7701051202493203,3.956607365331258,5.598335819925481,4.401294743402583,4.6044184714045695
690463030,3.0775390490885797,3.756653494714369,1.4717151928419525,0.48164995941976196,1.945378105753658,4.601273544712741,3.334483863108529,1.2708859427462798,1.584142592426683,2.8775976286190854,1.62752451867544,0.947657750791327,2.50741515740229,3.3582681682620734,3.0942152720941194,2.6767390014077255,2.306301940116434,3.4591649573720993,4.84319289799141,2.5558230992554547,0.44868259514185027,0.0,3.1838414118726512,1.770256001263977,0.6160690352591782,2.1065559649544157,1.458129235593289,4.171335658022909,4.511585970402095,1.02599664136075,2.56857590416466,1.8376208886047452,1.079741088288801,2.6389530327925215,3.1653573768898937,0.8536489346426727,1.6651734654025026,3.696377844995161,2.779417642646996,4.437571658311931,0.7293651782433259,1.8850967673292311,5.562135663767321,2.8761997026196564,3.8612014191097837,1.5196578439673611,4.359203209943598,3.8304475031276715,3.5886223020736896,3.4727737317205385,1.3853377323393545,0.5728858810915053,2.555527526156778,3.150098334342948,1.9993533045705991,1.7791308803551085,2.4522197983353284,1.4243742187733461,2.2830865477587072,2.765518588260486,1.9224133195667286,2.0998221424013312,4.5003666666551005,3.7027665294257703,2.386259266455989,2.962922039273719,3.6990957769731945,2.484245268561164,1.1000149778476325,2.6180644690898847,0.4838277404578537,4.1176793730393,5.447668718723658,2.194177672402951,4.032680579242804,4.03139105203026,2.2350830507403825,0.8601380658061587,3.478969613005967,3.554394310168634,5.149667605629759,3.9570884578549834,4.156497167084936
690463464,2.529159678623135,2.4769834684010243,2.9731684894800323,2.777783075198464,2.7734364473406736,2.46796736330846,1.767358441563165,3.6477715743374723,1.7993677284752665,0.7675377331020037,1.9686494423069136,3.1287218758196564,1.075459267104302,1.2475196338525214,2.2550429754853405,2.9019948465239813,3.6776934278408415,3.982170590017796,3.6635616418585735,1.436497147897677,3.5470162049033904,3.1838414118726512,0.0,1.4189215316909645,3.001386623431327,1.120226619516921,3.9437417344870194,1.2284149674781848,1.3928256713708376,3.0654611611742566,1.6395401824681808,2.167583775825475,2.4765022433212502,2.114742871718014,3.02236133993736,2.3512188194682473,2.5893861024920466,0.6961176758297667,3.65835580681714,1.7582581028105528,3.5683463319402104,3.4844132305676876,4.232081312041136,4.87578205998365,2.995618089528654,3.045314682573733,2.8000022540393683,1.5057455060423273,1.8000996548311252,0.44076796188517264,2.3077561181632085,2.9097530965890144,1.1448677877112263,0.30937736786712766,1.9426041089055641,1.7340536925834145,2.8757336255863803,3.4950885213086655,2.6247184206695637,4.184368615700662,2.3160173679496348,1.0844235282313548,1.6841538159568898,1.494609788040553,4.62787776648973,0.6708038838284971,1.9652289158303038,4.0574592184902345,2.9534641464770295,0.5662617867959581,3.6447579965942083,4.81810229752888,3.989448585407992,1.4906517911274015,3.8297705516941676,3.2354993688816034,3.2006687989782416,3.6696761164527536,4.7391313024582455,3.6896349369933823,3.3287984810971087,2.9241677927695524,2.7707065698392963
690463910,2.3844875052746977,2.595864961798117,1.904593712664145,1.3918015474773933,1.9410098076439486,3.1422274428248267,2.1218989358185074,2.4167277162187886,0.7236799325360513,1.279339127971959,0.8263241626215694,1.7804636034417052,0.8994303497449339,1.776698751473118,2.0510365734097045,2.224655953013756,2.6385377065549704,3.320240738745204,3.836429015637049,1.327667424136038,2.152117134383075,1.770256001263977,1.4189215316909645,0.0,1.6673953209453503,0.47033147803386105,2.6147518606141342,2.496784535930907,2.74644454077292,1.836304051653314,1.3002808920020779,1.3554752492673283,1.2488381640449833,1.8451592570257205,2.5588251190194375,0.9323289130888487,1.4878970215352896,1.9385285898209994,2.8070257219666965,2.777824642181112,2.1661610147856547,2.34190140118303,4.520832482927008,3.7256771785836653,2.929653384986199,1.9861645197356552,3.1300494058128634,2.357435566396835,2.1684465996467828,1.706733002026032,1.2165579032036695,1.5048338828661822,1.1367950569513228,1.423879974353089,1.0795285362784388,0.8477077418650147,2.2714508711603774,2.220208482195413,1.818881072624238,3.1814828378108713,1.543236747889058,0.33861793753321767,2.8037024516406595,2.1381834778261064,3.3945725061896574,1.244139861224447,2.3184040494522566,2.989289959924413,1.753223551546777,0.8575583974195836,2.239288689159847,4.146003863452737,4.337888032796133,1.022693446741678,3.496331303563683,3.1569227463421994,2.2428623941763877,2.3346537709116957,3.8368205081840863,3.1760184253486874,3.855021106691804,2.947568659374518,2.9905944181316952
690463995,2.506510129888815,3.9919297692849742,0.8557830491129045,0.3731522828177313,1.3371693603696104,4.726531615037123,2.8593713969859325,0.8316477690560865,1.2407308364266383,2.564769358784876,1.8196270706959567,1.4965302818972714,2.523031864955767,3.405493337346171,3.350229603525053,3.0794031574786374,2.8557886849332266,3.956517371861987,5.148075875187096,2.131406417265913,0.6569882683388734,0.6160690352591782,3.001386623431327,1.6673953209453503,0.0,1.8821866843311144,2.0739714760314416,3.8596629120849646,4.379385691432261,0.4202771536151237,2.725637446434713,1.3138132759600354,0.5925665359337425,2.103334216078836,3.548755561400197,0.9461426143193294,2.055898632568117,3.5894808990559306,3.2909197003401136,4.44023610742708,1.3447069210602005,2.4380662692333765,5.863437975947386,3.4898653926806684,4.173319270333792,0.9054875965818572,4.580112529719129,3.422130272516234,3.719193234424078,3.346332418043659,0.8828378453732068,1.0508318752600474,2.1923661464040904,2.9103398044590065,2.219897360381454,1.390856671386962,1.8435574021738692,2.0080435063267372,2.6598137028847533,3.3395173101326296,1.3661321387096086,1.954891850389989,4.471002833428815,3.763697732427196,3.0022479227403625,2.9113847097318812,3.8487553516952597,3.064001739487766,0.4840248067478515,2.4432766168517777,0.807050697590394,4.65602064360373,5.72453986415198,1.79392356373642,4.455290034546356,4.36400671647832,2.7201450486948033,0.6707761828203549,4.056607805870668,4.003672465568707,5.353713092818774,4.247016787162546,4.397499497268151
690464010,2.023656564739219,2.8059796444829828,1.9094847722313828,1.6751580465249623,1.814006742525684,3.1953551329024115,1.6668246311472885,2.540010056120295,0.6933843109378107,0.8207901634791513,1.2834553169168048,2.231499391276035,1.0297319212613316,1.8139140916805552,2.3317575195555644,2.6283298335726526,3.103042008979798,3.73568824931264,4.058224366869974,0.9009612021855607,2.4441752862392883,2.1065559649544157,1.120226619516921,0.47033147803386105,1.8821866843311144,0.0,3.066834896768336,2.0790807761266423,2.5067309886416353,1.954594009615698,1.5695192285876325,1.1916691173489171,1.36085916941059,1.4954135335223502,2.921997820198349,1.3192499621381177,1.951301957319494,1.7422577500681211,3.249905432966077,2.6980952014859363,2.5790862314848666,2.8117313255328904,4.717602115937743,4.1959501440059865,3.2007936018683942,1.9866063663630449,3.2926094322469517,1.8895431288598223,2.285005334147273,1.4884459974423303,1.2199553158512293,1.9214478603857692,0.6763159085329051,1.0450163664638792,1.485904199196621,0.6846051235582153,2.0536703555231597,2.685105580642719,2.240105061126973,3.6446920383421797,1.3700461541193303,0.27358950427182127,2.684281095233266,2.1648335450822285,3.8612030938523727,1.1781035499170611,2.4472059797845653,3.4568610921575034,1.8479537727342474,0.5735840672994839,2.5509156576503873,4.569093105652976,4.514830499460057,0.661682272245701,3.8446970932450286,3.436244277281757,2.6960880154378875,2.549669329608455,4.2918888581821415,3.5604376448547774,3.970147376218226,3.1946787638084233,3.1826105989712987
690477090,4.465420996388655,3.533696389714642,2.9297472661691883,1.8568355077402163,3.392209834470988,4.582774006732448,4.573734783250905,2.624935709057794,2.7785500977459363,3.8874456161257727,1.9885326115714335,0.8353460939755777,2.9815750184222596,3.6372332056782812,2.9017130695660103,2.121698510599787,1.2343704588409228,2.4615551616435334,4.343462557639183,3.755430303316721,1.6496138508027405,1.458129235593289,3.9437417344870194,2.6147518606141342,2.0739714760314416,3.066834896768336,0.0,5.10091224150979,5.074459617852708,2.4819866203247227,2.722983524905782,3.198289235141394,2.4641790868836506,3.9858713319204915,2.589807434471269,1.8110810712088914,1.4911566664062499,4.2652388500320155,1.8014449127213266,4.71616471061202,0.7357840799315174,0.912930193877049,5.034694682994641,1.4243002460289065,3.4168348812050033,2.9774908031540415,4.118535299766191,4.944323859095519,3.6481791260267316,4.1000228300876485,2.7531349888544026,1.2131113733235086,3.667989313394706,4.015266267234349,2.1531963756032764,2.997832850976014,3.89764062495976,0.5124678043135126,1.9100661877501115,1.5094032116312897,3.313858396861335,2.939318335018257,4.845477398114526,3.912658947123851,0.9285102429388769,3.4991991073114477,3.7001083507327515,1.2240218090292982,2.5579959137952177,3.42690788186769,1.5220414932202542,2.9334672022076402,4.991344018391207,3.387203646448872,3.2419548646663867,3.512522033863538,1.480083169292193,2.1242682689139682,2.169560517191175,2.7169367171088914,4.899634013625327,3.5658322261912305,3.8798512567349484
690507534,2.4753369222462176,3.5129606162811577,3.5838699190167875,3.7180719907828474,3.223148066706534,3.177315113182204,1.5339081229180853,4.351425176722252,2.622941667591568,1.2985428681259024,3.161194810721368,4.2710158651612415,2.303861207931419,2.2926977472544228,3.412865571350937,4.119063003049865,4.9036324826915445,5.18353130821313,4.5887436149117145,1.81794931922691,4.474228789728779,4.171335658022909,1.2284149674781848,2.496784535930907,3.8596629120849646,2.0790807761266423,5.10091224150979,0.0,1.389923727471044,3.809138276168419,2.8556235113883393,2.7291910874623686,3.2778505084321696,2.292096936880474,4.204777934717118,3.3978947962022565,3.8018769195418294,1.4046097913860542,4.883717984974389,2.2704933667927665,4.655053592435189,4.698465852566162,5.059819425369394,6.093898948035016,4.066719947499401,3.6397081626420844,3.7026990589402238,0.8353007391110095,2.8078315059754155,1.338039705584117,3.0312195769514894,3.995033544581518,1.675863702130357,1.0881466534046893,3.167026018462612,2.472331035099153,3.1262066314406325,4.675837765264704,3.852409862255834,5.41254804283436,2.8130664141743202,2.1643478493000154,2.0825815325410066,2.413543910765138,5.827444555423352,1.8664285191503178,2.9547013805051754,5.28244330883937,3.680222380493866,1.6783894565717528,4.594825729837451,6.012819278014281,4.792428506351481,2.0897193317764358,4.956843811798961,4.298375351805643,4.428712761785039,4.4948256243901215,5.96441951638008,4.8669401098739575,4.055743489831398,3.9649878722115743,3.7345982639113213
690507615,3.6733698849679244,2.550100044338457,4.360186661189326,4.134287286852125,4.12892393946021,1.9154623778152213,2.7700925394133575,5.040428141524661,3.1914262226338552,2.0474937975337832,3.1022278237777234,4.309323256368321,2.099196396967249,1.5555278439421643,2.6939530863401635,3.5676466666824385,4.546202256511027,4.495266992940782,3.4262042213443036,2.7286415539336755,4.898234864876099,4.511585970402095,1.3928256713708376,2.74644454077292,4.379385691432261,2.5067309886416353,5.074459617852708,1.389923727471044,0.0,4.4575364842771785,2.419583302879269,3.539140199789864,3.866773016875248,3.3577954634243414,3.49303845181935,3.661262145719083,3.610886331266743,0.8222717163256748,4.368408634921832,0.9779300777225195,4.810401742968826,4.4560456717000605,3.802868340415703,5.781875935849709,3.115518619253731,4.430837545954115,2.5622458729090014,2.1781877695777174,1.893469059398736,1.0397138596856987,3.700157358539875,4.170000594677838,2.4705634345550154,1.5708697620366927,2.932389433789892,3.1246950723846005,4.169826585361683,4.585727982230513,3.4344345810189916,4.9847727056343984,3.675911588727443,2.4311649617762354,0.7529906182258881,1.465166700160366,5.629912390653334,1.5875125539922452,1.9914532726173118,4.925337263694272,4.346187807687121,1.9372765038056197,4.984849666234895,5.270191210158824,3.5250799170864515,2.854324059932614,4.062815737436237,3.3200255461202888,4.045541778530034,5.049711555159156,5.41172904652505,4.103764495718546,2.7627109787836703,2.97347250962865,2.658196860275213
692131680,2.206947761555262,4.290137436276352,0.4625238612188979,0.757047067404313,0.9840588238532946,4.9615980975687695,2.6729426143385036,0.5866373740393808,1.2661399773571305,2.538827353215665,2.13398392323869,1.9157846400627099,2.727264097792485,3.6101502182169325,3.6639921565685216,3.455555695842611,3.2729872412150023,4.360283606814489,5.4730980637756605,2.0171288263780385,0.950775461866993,1.02599664136075,3.0654611611742566,1.836304051653314,0.4202771536151237,1.954594009615698,2.4819866203247227,3.809138276168419,4.4575364842771785,0.0,3.000839362941802,1.1249703278779652,0.5973114415736759,1.8614374900661694,3.9149975167719333,1.2761683052896842,2.437496105040709,3.695083105859956,3.699713201127365,4.605828863897367,1.7482556894800692,2.8562102349744394,6.184241812957879,3.9020554387929347,4.5062725303709,0.49860079048099787,4.867044465548245,3.2931922796929864,3.9662596850678575,3.442760871865678,0.7807761682380816,1.4662608555999725,2.1348754699783536,2.9339023377102653,2.5351297600175267,1.3574311161865091,1.4805005365989388,2.428277930937323,3.029994072490661,3.7593554922327685,1.122694076069703,2.0802094517388263,4.616280682706481,3.9714108169561855,3.408773589713062,3.0656502652845496,4.104641437939692,3.4841962681254532,0.13475305455177228,2.5280666763247557,1.1107623041338652,5.069609406448229,6.033944655238839,1.719499160820016,4.83283587854126,4.705051598867813,3.1238085787850443,0.7252214627166713,4.47658715160357,4.392130085598718,5.6276443131630725,4.5694443581315225,4.6956294407940335
692257306,3.591342854635237,1.3047721752823298,3.156483311161436,2.3723093006947913,3.2390787675898807,2.032737624079793,3.117735013638766,3.5457159541418313,2.022846709670987,2.0676291257644372,0.941059184947954,2.0474379706667936,0.6128853044974713,0.9154498797710009,0.7628002530426276,1.263656032589025,2.135864790687775,2.3465203850072283,2.537031010757755,2.4449740354733147,3.0140332203089377,2.56857590416466,1.6395401824681808,1.3002808920020779,2.725637446434713,1.5695192285876325,2.722983524905782,2.8556235113883393,2.419583302879269,3.000839362941802,0.0,2.6546887114945,2.4607371078041504,3.0649327488392117,1.4162959065660812,1.7896321946031093,1.2319492382538653,1.6656382083266466,2.0354184915213924,1.9966373331321854,2.6153775489642213,2.0391016355341005,3.226804374044861,3.3687596768112162,1.637309353700047,3.238456597290096,1.8671274273969745,3.0826145760168027,1.0208063648296668,1.5810400970860936,2.4921434622428267,2.068775832724847,2.170989642812886,1.8689274410756778,0.5989601127044061,2.1410606099254528,3.5669178858638904,2.2163773111402367,1.0305368586834929,2.6032422631879286,2.8424180800618064,1.296246523771112,2.122729808427195,1.19959966241704,3.212725378284574,0.9915695579702942,1.1325552175796159,2.517601247907944,2.9451572315701435,1.3992392946630896,3.0437344384508056,3.185598665790048,3.0536614023401385,2.2301326454110217,2.300135263680231,1.8698271338062944,1.6376444858009533,3.335634411351569,3.1140016912112722,2.081355218096551,2.6296087858285873,1.6477030398328139,1.7062093062402688
692257349,1.2688322444703375,3.9425083943299346,0.8554520960856731,1.3678974350950188,0.6234542489818313,4.3869724962830325,1.5550217368308052,1.6289217341153128,0.6439769217916287,1.5163339112017384,2.0396967172609033,2.4442099562301745,2.190681718670184,3.0051745646963166,3.406236349959037,3.493216885351779,3.6581723555872867,4.543640181858104,5.188142128634695,0.9129216781626295,1.9702549965486658,1.8376208886047452,2.167583775825475,1.3554752492673283,1.3138132759600354,1.1916691173489171,3.198289235141394,2.7291910874623686,3.539140199789864,1.1249703278779652,2.6546887114945,0.0,0.757886209909756,0.8013552378595182,3.8741748536038423,1.47501825459755,2.591391141285234,2.8506091724246447,3.956472583761843,3.861723697630729,2.5269560467433245,3.282493272091212,5.866160620616498,4.541842515353606,4.284820121121383,0.9148640210805931,4.45806102738141,2.1706486013809356,3.4645759474004083,2.5901862115139385,0.4528921888289767,1.9986227001069417,1.0896113830970475,1.9699721348334416,2.3827840269983978,0.5207032874738089,0.9203697923446471,2.9782426556401163,3.065639665425977,4.193815928160171,0.18776594703283142,1.4250277360976489,3.8259930142260226,3.356463641261349,4.10651805610756,2.3654747366142304,3.6235871510721895,3.9521452837373516,0.9904175536514749,1.7120823608393425,2.1206913939367027,5.33745985941123,5.675042624136674,0.6856647889254796,4.817455784601281,4.511079148144459,3.364575565293486,1.8468911187363966,4.897278253102896,4.45926162024755,5.154148043489908,4.302379760690891,4.331862404342217
692374523,2.0080268161786847,3.762005333302985,0.7083464281217354,0.6142007219834771,0.9838308788436793,4.386628291022521,2.2783492796478355,1.1839024583003102,0.6803927044367488,1.9885190843202714,1.651075468950397,1.7510819653565526,2.1458474839650488,3.0255125264382023,3.1563117891426895,3.0527384900470538,3.0409912893440763,4.032617099803298,4.969359611413989,1.5390259837948383,1.242384082828043,1.079741088288801,2.4765022433212502,1.2488381640449833,0.5925665359337425,1.36085916941059,2.4641790868836506,3.2778505084321696,3.866773016875248,0.5973114415736759,2.4607371078041504,0.757886209909756,0.0,1.5592122207564145,3.485398393378176,0.8739686108111944,2.0685576229650797,3.099143795189454,3.4025479166830537,4.010486486089396,1.7760580974268396,2.6430566653936656,5.673371258779448,3.8368505115792377,4.017041550977909,0.7888684734165783,4.326324088826665,2.8297135114835354,3.400301661058676,2.847769818448568,0.3062971838796662,1.2910539746913334,1.605385953908466,2.358653555869073,2.043445481063382,0.8055204444605727,1.4682492137925045,2.288073752861128,2.620003986892725,3.5609493912254098,0.8519270443680468,1.4832581778180567,4.01917484317547,3.3869989160216063,3.3828867096463906,2.470099975131087,3.543591020708505,3.3035464058589117,0.5047082075940257,1.9336568250237778,1.3851884111761477,4.788544115016903,5.5109688166111646,1.2027243452826057,4.420839863725656,4.2261993521442225,2.8113215087087053,1.2194391505639486,4.275251749851452,4.0115213696306515,5.074654367625586,4.066306995094394,4.1656344596235755
692409572,0.5399215676186584,4.282087670859093,1.4870461009086657,2.1683998430200555,1.0067331208449244,4.53695786975613,0.8642730602286196,2.2813985734892785,1.2742943441784182,1.3510279173271917,2.6375614573752855,3.2116090637157506,2.5091731080633495,3.1952415628131674,3.8270617622139507,4.068472063852513,4.363601696669703,5.156524470323222,5.532725265707708,0.6875185511150634,2.7559293480667515,2.6389530327925215,2.114742871718014,1.8451592570257205,2.103334216078836,1.4954135335223502,3.9858713319204915,2.292096936880474,3.3577954634243414,1.8614374900661694,3.0649327488392117,0.8013552378595182,1.5592122207564145,0.0,4.398350571415901,2.220621178200033,3.251671701369264,2.8047719393140205,4.611073564054152,3.872935108192558,3.3251755574837203,4.007645888999484,6.174361441292365,5.30594916827015,4.694193774913497,1.5161213873702744,4.736230825218041,1.5813954195514615,3.7129491679618734,2.554854856096405,1.2540606618564287,2.777805894856442,0.9928192625881823,1.8404741965498206,2.9246226115533616,1.0635445636948617,0.8351919872255064,3.739432442761284,3.6566649150410977,4.905921296972912,0.7424802366790466,1.7687837536398492,3.789387260031139,3.516152284461236,4.885148242844293,2.521202998357727,3.880154977605107,4.677727560815964,1.7287180172733547,1.8330558466399252,2.9094610155613188,5.973522361516256,5.958437763963211,0.8364664810285295,5.3299417080598,4.93052898637016,4.027840072036085,2.584237082877918,5.596106786438997,5.021079659458844,5.364138778133339,4.682568959655092,4.64639424399145
692549935,4.935210555578042,1.1309867615019424,4.189425346336096,3.1765695593553707,4.39659662228173,2.250500966252163,4.525196613690081,4.369255262369342,3.231393361881564,3.482846662134277,1.8489853840611705,2.3076919497190898,2.0290600692215164,1.9743824148150404,0.808200931725966,0.49663874775605565,1.4733610785574902,1.0038129294089988,1.758307276744364,3.8193591520592336,3.593491899971464,3.1653573768898937,3.02236133993736,2.5588251190194375,3.548755561400197,2.921997820198349,2.589807434471269,4.204777934717118,3.49303845181935,3.9149975167719333,1.4162959065660812,3.8741748536038423,3.485398393378176,4.398350571415901,0.0,2.6437520744148664,1.5039818433578238,2.885051488592507,1.028298363012118,2.7507099281976757,2.8654172888875644,1.6800651068165366,2.462050008621631,2.575172878364971,0.8384126761984402,4.267779115568723,1.6205744728372846,4.493502618658441,1.6171288770822756,2.8771015424401702,3.609241986888912,2.59247198543994,3.5611616879845056,3.2724050686514485,1.4918715479067859,3.394609219890266,4.792689117097794,2.1274044872544438,0.8896535662399397,1.6914441970572818,4.058202483112531,2.651926052764127,2.9561258353402344,2.0339130846169087,2.643524440881657,2.3533474684580593,1.561907636756883,1.7630021348023934,3.8998727791246015,2.814882595283458,3.559710976540399,1.8114089313926465,2.403148772441916,3.5648857261525353,0.9435994762783364,0.924265849419208,1.1097243366263865,4.022992906624108,1.9501046531463397,0.6678951937508256,2.3561903835408295,1.0051357700830323,1.3737867643739778
692559027,2.7307585496562017,3.046118724877701,1.5573298889383653,0.5835352873133487,1.8485394893647038,3.808388414458535,2.763179378897928,1.7766377974435599,0.9726428177946624,2.1285387236153475,0.8735018973990532,0.999421148158046,1.6610709981429552,2.525016926564486,2.404550495589027,2.1947295743871913,2.1909036094848005,3.1587255131756566,4.205929042961137,1.9443494762184834,1.2690367712226367,0.8536489346426727,2.3512188194682473,0.9323289130888487,0.9461426143193294,1.3192499621381177,1.8110810712088914,3.3978947962022565,3.661262145719083,1.2761683052896842,1.7896321946031093,1.47501825459755,0.8739686108111944,2.220621178200033,2.6437520744148664,0.0,1.1963690963364173,2.8442975581435457,2.530841334373935,3.5940812312637354,1.262069177536637,1.8082648985089986,4.92005992037555,3.0860784632902023,3.234396476800288,1.6331823900696578,3.6359123849236035,3.1527389605933913,2.796300250097698,2.623747726469083,1.0796750393377355,0.6130226408251912,1.8681348191020049,2.344096800724564,1.2738741380796204,1.1932368920684837,2.313482933106611,1.5198757304097696,1.7644885738170084,2.7220927953105587,1.6260057460761754,1.2689840845350278,3.650770796433449,2.8758566795162737,2.6787745936881957,2.109426417009027,2.919310014739475,2.477387478950703,1.2561219009481868,1.7891671309770392,1.3344214110619443,3.917383877690451,4.778821320279688,1.5762498748371765,3.569640729173346,3.4302599177958477,1.9386860410538147,1.5477401111236346,3.4299426265003032,3.1464834927396814,4.412751088829763,3.3036630034133654,3.4516001499144204
692559043,3.786719847710321,2.1714454012927424,2.751743153700442,1.6869327201927566,3.031814782650972,3.146439186833548,3.609436184979067,2.869129667176915,1.9863383838606206,2.7187788055340105,0.6708094063678124,0.8862365214199129,1.551007542658172,2.1467747035217384,1.5071909840159237,1.0245618837057293,1.151796333744005,1.9669290030300388,3.187795454777285,2.807110994200899,2.100260446838104,1.6651734654025026,2.5893861024920466,1.4878970215352896,2.055898632568117,1.951301957319494,1.4911566664062499,3.8018769195418294,3.610886331266743,2.437496105040709,1.2319492382538653,2.591391141285234,2.0685576229650797,3.251671701369264,1.5039818433578238,1.1963690963364173,0.0,2.8165390153183014,1.3658311016968858,3.2256439816576683,1.4737936210628213,0.896601658401828,3.906103147461544,2.2934735200742655,2.207162043535164,2.8263956691050045,2.7762534926564375,3.8075234279652266,2.1776671859393795,2.676082223191509,2.2473873486111926,1.0931850168928985,2.624187613805551,2.722321647180058,0.679280894355707,2.189169401293503,3.477311742969219,0.9850412767341901,0.6179618304918207,1.693737009727528,2.761436792761311,1.7393153287350647,3.3546441737689046,2.4232929437743174,2.0453858296363925,2.0637290427593116,2.2455187948424524,1.5109405100833795,2.436019409458399,2.1406711463111328,2.079307944323034,2.746500050753075,3.8042276190121807,2.476772287964874,2.399397195817309,2.3689477844524425,0.7768334897775285,2.520330180618267,2.35547248785581,1.9559322839863182,3.572196139758333,2.3155567031499507,2.5553490962468133
692574816,3.200422914593473,2.1116972787388057,3.637502389466123,3.330050336931617,3.4621587887360867,1.8604440514425409,2.384650189995216,4.281221983014394,2.43535620271076,1.4538181986755545,2.285466425140868,3.491318521506039,1.2842052249815794,0.9173543251336388,2.0778751138100446,2.881286704345976,3.800897942391573,3.88429031850438,3.1955450546941226,2.1308008811860617,4.089701258987979,3.696377844995161,0.6961176758297667,1.9385285898209994,3.5894808990559306,1.7422577500681211,4.2652388500320155,1.4046097913860542,0.8222717163256748,3.695083105859956,1.6656382083266466,2.8506091724246447,3.099143795189454,2.8047719393140205,2.885051488592507,2.8442975581435457,2.8165390153183014,0.0,3.6762596030155623,1.0734890569133355,3.9884224903182615,3.6799421410630395,3.7014007507806506,5.031836048952611,2.670122709014295,3.711908676360342,2.3108040236634344,1.9731003222195547,1.4066162612818796,0.26044354212117193,2.957914577758753,3.3478098410410047,1.8409296266649384,0.9675429442697011,2.137501912008922,2.3959500138319307,3.571804806286642,3.7824670591046408,2.6955353595488885,4.26539464238474,3.0042449571101617,1.6346216660437811,0.9880965125527338,1.0094067915669251,4.851227009381853,0.7683325448556505,1.5506472604282253,4.182925035278518,3.590056032930988,1.1693423640502332,4.172181963275976,4.694093029597099,3.443498019166587,2.1805139552965542,3.577779812489396,2.8988877561826953,3.3032498870806033,4.260162736049971,4.742957148259333,3.5318675483937514,2.7397338756819036,2.5627991289189196,2.3318219301999927
692641890,5.1480208415474635,2.1542350159632746,4.059638453999476,2.9446853394522727,4.379109534208844,3.27531497785142,4.916260828518538,4.0485968955001095,3.35088781187559,3.9549214297789894,1.9838522144100703,1.833404516706107,2.5871467968651274,2.813627989144048,1.7083692762287357,0.8007710231307582,0.5676807277731317,0.6867885467688828,2.650207467659142,4.1345435799197565,3.1490370307673334,2.779417642646996,3.65835580681714,2.8070257219666965,3.2909197003401136,3.249905432966077,1.8014449127213266,4.883717984974389,4.368408634921832,3.699713201127365,2.0354184915213924,3.956472583761843,3.4025479166830537,4.611073564054152,1.028298363012118,2.530841334373935,1.3658311016968858,3.6762596030155623,0.0,3.7135072019577735,2.2802203653973394,0.9398936567561217,3.304105558124173,1.5468755348749583,1.8355447861364922,4.129739416909855,2.6437692135148088,5.028512672027997,2.561939531055696,3.613548400210028,3.601928672286078,2.2437460087159415,3.9254830643386276,3.8576353959979284,1.784680765411703,3.5509622374990117,4.835599336061925,1.450854001788019,1.0410067615626244,0.6643505588265012,4.124983574644829,3.0085973420037733,3.9040124547038064,2.950150673695268,1.6489230355364792,3.025976039031102,2.5365859047139296,0.7558787706188549,3.720297282377135,3.318310564393579,3.0739482975108405,1.3866397532950108,3.2996519652906806,3.8200132001520233,1.4506768868747992,1.8582317617047541,0.5933412412733556,3.6211942753856214,1.0807915844552272,0.9247615999244245,3.355836666489635,2.014424453080399,2.3975216475267054
692904158,4.273899633979834,1.6942207756615866,4.606238902063647,4.137583438218693,4.482093492246753,0.9378829218293945,3.446693253182385,5.190193969534947,3.381339110209513,2.5235621118368092,2.864163246918834,4.035403103980487,1.9331873783419993,1.0968368466530847,2.0060811893198567,2.9300790119984352,3.987549273154443,3.7278825813973153,2.4549187972565063,3.1936506009240317,4.863083405462402,4.437571658311931,1.7582581028105528,2.777824642181112,4.44023610742708,2.6980952014859363,4.71616471061202,2.2704933667927665,0.9779300777225195,4.605828863897367,1.9966373331321854,3.861723697630729,4.010486486089396,3.872935108192558,2.7507099281976757,3.5940812312637354,3.2256439816576683,1.0734890569133355,3.7135072019577735,0.0,4.59025491533501,3.9793202009281043,2.828272318330538,5.209825955879177,2.2393667694747035,4.68401531276254,1.6056560721116664,2.9725911875692743,1.1520462226738926,1.318174983991491,3.9123642772527085,4.001072421592746,2.8977304270887783,2.0403746059764267,2.586395105762287,3.3781203108769056,4.625063191324408,4.2067844085879305,2.9010274931197553,4.363084538133692,4.025534636073159,2.5297086075990727,0.2367282932745624,0.8058867757454088,5.136304135161166,1.5403934133442174,1.18881737464712,4.351416649597201,4.513320006105932,2.1498647223636698,4.921398650627271,4.454197468676995,2.552235401965478,3.2118838705002766,3.1909248479664942,2.4222937040009564,3.4948290009388274,5.1013317071128865,4.700620049417347,3.303934654233511,1.7966600201748162,2.0793421496160627,1.7285074521121402
1005347597,3.7839945435599596,3.644521755068848,2.1994381771423637,1.1618694663485087,2.6735761153892184,4.605449919365196,3.9704176104951356,1.9022750717248413,2.178517021127412,3.3906070317472428,1.7325995233901776,0.5875860048405559,2.7230015997773998,3.4934232774983425,2.9809623615253145,2.3697159186752565,1.7492898448380787,2.966305650951894,4.610332668700024,3.166169568252927,0.9316695387264206,0.7293651782433259,3.5683463319402104,2.1661610147856547,1.3447069210602005,2.5790862314848666,0.7357840799315174,4.655053592435189,4.810401742968826,1.7482556894800692,2.6153775489642213,2.5269560467433245,1.7760580974268396,3.3251755574837203,2.8654172888875644,1.262069177536637,1.4737936210628213,3.9884224903182615,2.2802203653973394,4.59025491533501,0.0,1.3418716301341544,5.322555720831905,2.1598035057324343,3.64129225831348,2.2450766029138016,4.24859782453918,4.405822331879552,3.6157503862122873,3.7919344227464435,2.0752510071734185,0.6613349572181986,3.1194358384541476,3.589862602894704,2.0164232972905407,2.390768470027191,3.1802695028948027,0.8333639732264224,2.0444333007512565,2.143559580200774,2.6275169389474713,2.504228241395819,4.6877359533459915,3.809140922331516,1.6606040766698336,3.224423306206007,3.698679031032954,1.8551650383347942,1.8280932612007204,3.0185076261268513,0.8216284577141642,3.544098133501057,5.2423877915424075,2.7972355041588655,3.647138548047447,3.7779192899236924,1.8117164590757298,1.4136773081396448,2.840255292766984,3.1385651278243594,5.044158238208373,3.7651296929205293,4.024817397615975
1005347600,4.5291561118151,2.6661638611152085,3.250794741552431,2.1181610745240937,3.6261017106040323,3.7469725785692343,4.446744620710874,3.1544365345170586,2.7349230046537665,3.5994830349088867,1.5536972472386856,0.9432967081597419,2.435263085032582,2.9421603488803125,2.0636754271704825,1.2239250551912388,0.4212349406786516,1.6248692317932347,3.4310242863467466,3.6310982186011893,2.2282824348174395,1.8850967673292311,3.4844132305676876,2.34190140118303,2.4380662692333765,2.8117313255328904,0.912930193877049,4.698465852566162,4.4560456717000605,2.8562102349744394,2.0391016355341005,3.282493272091212,2.6430566653936656,4.007645888999484,1.6800651068165366,1.8082648985089986,0.896601658401828,3.6799421410630395,0.9398936567561217,3.9793202009281043,1.3418716301341544,0.0,4.121860151124957,1.3979980571836794,2.511919450769546,3.314821535981897,3.2369181594492513,4.687532591547466,2.8630498467080434,3.554470586576817,2.8821237079614104,1.3918386528194535,3.4743289815489127,3.6184740606751724,1.5540727696542118,2.9509436393046204,4.108481786624865,0.5109613154360589,1.0853794623850332,0.9178954094020123,3.4339352650768653,2.6174824850665175,4.13253989414408,3.1749321584710843,1.1739106885249337,2.9409463482253453,2.89253170187932,0.6705090934509605,2.8941712227489185,3.0353472471851144,2.1444550876520903,2.233211223503168,4.079437374822309,3.282862521331915,2.3469773289425437,2.601104935684773,0.5724871407075968,2.706452941266959,1.6332592345637995,1.8262137359736978,4.008555227996909,2.665985218208737,2.9946430590072635
1005953152,6.666490519979062,1.9249728450847836,6.376122192326576,5.49296762126488,6.461804535361949,1.892709874849683,5.995040353693869,6.695084074944189,5.24445469594871,4.943751681764113,4.051071438452597,4.75486879259725,3.688555177341526,3.0069978773362154,2.520595798094204,2.954525616890489,3.8484832562572473,2.8022052438604534,0.7189429107677857,5.501819507219986,6.0033397814164084,5.562135663767321,4.232081312041136,4.520832482927008,5.863437975947386,4.717602115937743,5.034694682994641,5.059819425369394,3.802868340415703,6.184241812957879,3.226804374044861,5.866160620616498,5.673371258779448,6.174361441292365,2.462050008621631,4.92005992037555,3.906103147461544,3.7014007507806506,3.304105558124173,2.828272318330538,5.322555720831905,4.121860151124957,0.0,4.7112060992592095,1.7009354410309352,6.457862566567138,1.4423349029032462,5.671521540818931,2.467365876482237,3.8647800868296773,5.7186833218714375,4.994898071558115,5.199562052433699,4.5410943088025375,3.649542012414288,5.346794168958679,6.764804921414602,4.586594097855878,3.2953031955262553,3.8730033131679993,6.0530163931717516,4.457380673336118,3.0499804281432965,2.7387906049876016,4.933470150940088,3.6747422661620863,2.298870847240844,4.0473117701634305,6.142668951966966,4.3501242505652185,5.985351446788108,3.0316986145214164,0.28356667290953147,5.36846538880602,1.899440957969039,1.544791177453809,3.5613410325318444,6.404236265176762,3.7437705106623382,2.3988672010005248,1.0549739094192705,1.6164624265145844,1.5356588826853421
1006658162,5.808711342453939,3.698909395522868,4.34469974227218,3.245908582509683,4.791002872823156,4.819874051074573,5.807899835184274,4.041833597435125,4.051329706752594,4.992509533864373,2.9507688268925873,2.0976864433417357,3.8161335544117336,4.237019697639424,3.2113659904621787,2.2848202365031685,1.23585042118116,1.909270068403994,4.112897832743274,4.987006056447605,3.0673721023744904,2.8761997026196564,4.87578205998365,3.7256771785836653,3.4898653926806684,4.1959501440059865,1.4243002460289065,6.093898948035016,5.781875935849709,3.9020554387929347,3.3687596768112162,4.541842515353606,3.8368505115792377,5.30594916827015,2.575172878364971,3.0860784632902023,2.2934735200742655,5.031836048952611,1.5468755348749583,5.209825955879177,2.1598035057324343,1.3979980571836794,4.7112060992592095,0.0,3.3707430309769553,4.395185373839964,4.187539623625633,6.0791130848178305,4.0609276710245314,4.923857533333623,4.1107282481536584,2.5482014810938227,4.849271404527996,5.015790872846079,2.9360132506071075,4.271475093088584,5.292908390598017,1.5665167766135917,2.347612266373445,0.8858320133382824,4.673735472354128,4.0108490041129485,5.386474630345455,4.422964479165496,0.5320779913441066,4.312102541549876,4.053461888041689,0.8602180000922682,3.9732221194346646,4.433304944621378,2.9328174969081706,1.9634140832603357,4.749139233715979,4.6292684264949875,2.8122940437582034,3.3679039228670846,1.7366312277975042,3.5349343016213366,1.0880097839369935,2.33468536451338,4.881699768029663,3.553079982336741,3.9418862033325017
1008139715,5.214443976882688,0.5676379203052889,4.724564707056314,3.801392901752069,4.856116897135901,1.548728021969549,4.668327804461503,5.004503172479823,3.646657559951437,3.5971870702981925,2.374164164074763,3.065993951030862,2.191869725435184,1.7785784078814106,0.8786169206887956,1.2968145295861997,2.310037242208963,1.5930570545023746,0.9819940862819452,4.056047879549134,4.302608896097863,3.8612014191097837,2.995618089528654,2.929653384986199,4.173319270333792,3.2007936018683942,3.4168348812050033,4.066719947499401,3.115518619253731,4.5062725303709,1.637309353700047,4.284820121121383,4.017041550977909,4.694193774913497,0.8384126761984402,3.234396476800288,2.207162043535164,2.670122709014295,1.8355447861364922,2.2393667694747035,3.64129225831348,2.511919450769546,1.7009354410309352,3.3707430309769553,0.0,4.805585268838236,0.830657074230253,4.501223242992691,1.2651916036671869,2.738118179062638,4.08978740092983,3.2942240031189773,3.7689947434821667,3.284949692401501,1.9754612240726372,3.775159340764368,5.200691677199416,2.941646512239247,1.6012265606981348,2.4856051754426645,4.47252991754123,2.928895630163472,2.468172579794945,1.6845205118385254,3.4731324718852266,2.3446198442908046,1.1353957777079084,2.5856351275307543,4.472054351908043,2.944786475191196,4.286283408464353,2.2339312541678904,1.6013961884712002,3.862468737110586,0.9523083895853488,0.2415831580899921,1.939571890082661,4.704367203510706,2.6183111336484832,1.1345104265419519,1.5224292208632648,0.18780127362404558,0.5953786144481037
1008239507,1.785145608431746,4.542334756446787,0.0820249127557605,1.1967319770762361,0.5393763814484868,5.124628439867458,2.368331955156011,0.7658138430740837,1.306299729513172,2.4273694065878217,2.4393992178402466,2.382200096797796,2.8835099904788835,3.749294026338533,3.943114160588318,3.8268960116980257,3.7270746279871974,4.777338368069856,5.75576869314624,1.8217799728781319,1.4365797429926452,1.5196578439673611,3.045314682573733,1.9861645197356552,0.9054875965818572,1.9866063663630449,2.9774908031540415,3.6397081626420844,4.430837545954115,0.49860079048099787,3.238456597290096,0.9148640210805931,0.7888684734165783,1.5161213873702744,4.267779115568723,1.6331823900696578,2.8263956691050045,3.711908676360342,4.129739416909855,4.68401531276254,2.2450766029138016,3.314821535981897,6.457862566567138,4.395185373839964,4.805585268838236,0.0,5.099581648096503,3.0419890648136456,4.154180489622952,3.453061925812037,0.7771335127906767,1.9238107449674484,2.002514935920368,2.8690290384306096,2.8323133726461815,1.31597647961709,1.005446096199955,2.9044526834294144,3.395477255491115,4.225409652411404,0.8331066634032389,2.1669340232368657,4.669271509353033,4.109350566640652,3.905080141373965,3.153406881950063,4.302427022648052,3.9544723125611423,0.42458587013733173,2.5483646803846023,1.5960641028676883,5.5091870057002,6.291660330437992,1.592048679292853,5.199632981714105,5.015066437175827,3.54505622112011,1.1305833593325307,4.943256164237676,4.779493686813144,5.83789979605897,4.8532563947210585,4.944655989230535
1012758866,5.2251126977906965,0.6058477415636726,5.017556867966934,4.21890010761493,5.063931757397946,0.7639205905626868,4.557651793007952,5.405884872988097,3.8498286277970464,3.502599839973772,2.7647033420538296,3.6616579510366942,2.2687786066506526,1.5659866328991523,1.27272101630743,2.0160935565089155,3.084077536151128,2.421115273735425,0.8860447148637877,4.061239646236185,4.807723613016672,4.359203209943598,2.8000022540393683,3.1300494058128634,4.580112529719129,3.2926094322469517,4.118535299766191,3.7026990589402238,2.5622458729090014,4.867044465548245,1.8671274273969745,4.45806102738141,4.326324088826665,4.736230825218041,1.6205744728372846,3.6359123849236035,2.7762534926564375,2.3108040236634344,2.6437692135148088,1.6056560721116664,4.24859782453918,3.2369181594492513,1.4423349029032462,4.187539623625633,0.830657074230253,5.099581648096503,0.0,4.262837706993247,1.0253249669937656,2.4506561850946658,4.342564683275329,3.814687547230968,3.758355999339494,3.107982950960852,2.3704813416970643,3.937373555869096,5.345342112253272,3.6222656865861897,2.2241129959131607,3.3017294061432736,4.643491643867859,3.0382336650814348,1.8423707363912218,1.3165618807773818,4.261341553573833,2.232413392754446,0.8570551569711611,3.383567508140704,4.812283772510547,2.9089087814397643,4.814282825165112,3.0192806258848264,1.2233506723820573,3.937141140520007,1.6983500239025398,0.9210449692569229,2.6696714626638216,5.167263063022175,3.44778838637114,1.9604289972107019,0.7960623182262517,0.6430934627743577,0.24682315116125167
1013042279,1.6742671905277293,3.9779100019002596,2.9977192091739835,3.35372370361275,2.5710670854905096,3.8287901608117054,0.7440543009272391,3.790277899921775,2.247017997996109,1.0887958666441342,3.1378790983222444,4.110727846750255,2.4761153788300554,2.7414035928301472,3.7484440591107226,4.318420576771256,4.953245836448214,5.422243131558534,5.140028044004509,1.290725902888772,4.068743776537555,3.8304475031276715,1.5057455060423273,2.357435566396835,3.422130272516234,1.8895431288598223,4.944323859095519,0.8353007391110095,2.1781877695777174,3.2931922796929864,3.0826145760168027,2.1706486013809356,2.8297135114835354,1.5813954195514615,4.493502618658441,3.1527389605933913,3.8075234279652266,1.9731003222195547,5.028512672027997,2.9725911875692743,4.405822331879552,4.687532591547466,5.671521540818931,6.0791130848178305,4.501223242992691,3.0419890648136456,4.262837706993247,0.0,3.290224166595984,1.812182960077845,2.5471178142440007,3.7657590754649273,1.2863865213338945,1.2262134017334703,3.2480646297222253,2.0537915704921237,2.393576336754089,4.574318243313498,3.9888324196205267,5.486755901171036,2.21138403768363,2.0702575135323356,2.8120396055567505,2.946341841422098,5.750736985573935,2.167444686416883,3.451545075040312,5.318302705452685,3.159205251504099,1.7113998830167767,4.205377617851359,6.263512583696079,5.415828821936873,1.6390715550634987,5.3278657504150715,4.740899393674881,4.513859649831522,4.009253888951416,6.099048209429339,5.160945503807372,4.710161094016185,4.427086366662278,4.255296267980394
1013177182,4.199849360310069,0.7052597266541303,4.072479625683768,3.3752320104508007,4.078560031211795,1.0133505597441377,3.5428591168273935,4.527179643606216,2.8749477141671016,2.4818437273408636,1.961281172638898,3.0374105841396624,1.278423084734321,0.5527353050663579,0.8540483325188926,1.7786899539891428,2.8444702230300702,2.6117811154487094,1.8661751132511721,3.0363820577909286,4.033233071674819,3.5886223020736896,1.8000996548311252,2.1684465996467828,3.719193234424078,2.285005334147273,3.6481791260267316,2.8078315059754155,1.893469059398736,3.9662596850678575,1.0208063648296668,3.4645759474004083,3.400301661058676,3.7129491679618734,1.6171288770822756,2.796300250097698,2.1776671859393795,1.4066162612818796,2.561939531055696,1.1520462226738926,3.6157503862122873,2.8630498467080434,2.467365876482237,4.0609276710245314,1.2651916036671869,4.154180489622952,1.0253249669937656,3.290224166595984,0.0,1.4927810939215929,3.3843621177639425,3.0876124680057933,2.7331943120347195,2.1041406806089826,1.609599249648777,2.9448746297748176,4.338165866710916,3.1357113941115133,1.7778209992335705,3.2111274914942487,3.6478224796506162,2.0395916298026613,1.3446175039095973,0.4300401086511318,4.004910936796497,1.208251400224376,0.16868565188876086,3.2040068746643406,3.8983742944503144,1.883808971905328,4.06447615871722,3.3768914780913017,2.245636141099197,2.9206699000656924,2.1897393240824776,1.492317063510989,2.35708892508005,4.343980250055996,3.561296731418928,2.2110719331576743,1.690936965855804,1.1571753360323518,0.9710473270955448
1014370156,2.9616884108103467,2.1931989242584,3.3789513107054736,3.09532035827262,3.20181498891427,2.0583395870618095,2.169170129995985,4.028420343395594,2.1806643211507386,1.2055742742048614,2.1123020582647323,3.310902982017317,1.1261847850690883,0.9596366220226097,2.0788201326059452,2.8286070332524953,3.7008800392718295,3.865866654751565,3.3287720585073015,1.8772615426245767,3.8586143147597793,3.4727737317205385,0.44076796188517264,1.706733002026032,3.346332418043659,1.4884459974423303,4.1000228300876485,1.338039705584117,1.0397138596856987,3.442760871865678,1.5810400970860936,2.5901862115139385,2.847769818448568,2.554854856096405,2.8771015424401702,2.623747726469083,2.676082223191509,0.26044354212117193,3.613548400210028,1.318174983991491,3.7919344227464435,3.554470586576817,3.8647800868296773,4.923857533333623,2.738118179062638,3.453061925812037,2.4506561850946658,1.812182960077845,1.4927810939215929,0.0,2.7012842891281155,3.144317762915774,1.5847045034272964,0.7270108971379586,2.0016434444274234,2.1372443007257966,3.3152885041055016,3.626865200593453,2.6079994985717887,4.181935582858294,2.7438898449421845,1.3936724526134008,1.2454138750495605,1.1341768759572506,4.719746788108272,0.6135299295594338,1.6489723958152511,4.083443335379254,3.3362714385971586,0.914866977540883,3.945290249104261,4.688158850108429,3.6137161845017425,1.920387342779545,3.6192478399174384,2.9728774881257802,3.208284052841062,4.017087666353363,4.688892795792681,3.5353396448922028,2.9300188881066807,2.645729326729941,2.448230174404859
1014424388,1.7126982263971469,3.7964648968939163,0.6971565888476227,0.9151716296677538,0.7898673181857098,4.349177028799502,1.9776021703997106,1.3477129809948638,0.531130341955454,1.75811105253073,1.760363404942698,2.016030434041383,2.1100564199399847,2.972557952478381,3.217377466239118,3.1981888926755917,3.269919994559333,4.2134795067908515,5.024054310736782,1.258311689777901,1.5386400171341996,1.3853377323393545,2.3077561181632085,1.2165579032036695,0.8828378453732068,1.2199553158512293,2.7531349888544026,3.0312195769514894,3.700157358539875,0.7807761682380816,2.4921434622428267,0.4528921888289767,0.3062971838796662,1.2540606618564287,3.609241986888912,1.0796750393377355,2.2473873486111926,2.957914577758753,3.601928672286078,3.9123642772527085,2.0752510071734185,2.8821237079614104,5.7186833218714375,4.1107282481536584,4.08978740092983,0.7771335127906767,4.342564683275329,2.5471178142440007,3.3843621177639425,2.7012842891281155,0.0,1.5628193869655527,1.3556763246657035,2.160435383674518,2.1350340109708807,0.5803983275495429,1.2347506294978523,2.5526035417157837,2.7656231526791135,3.79847613744091,0.5631717298176031,1.3903210535012713,3.903895076387508,3.3324143899801255,3.6664183470743716,2.378348736320528,3.534946872593742,3.5484314413438125,0.6567522521977729,1.789209593018165,1.684787171230381,4.9881093119127895,5.54393830694479,0.9421363745049163,4.551045990479247,4.3070282279515615,3.008625252624954,1.4701169426589649,4.50845474355909,4.163534120736793,5.071578125389687,4.1256262062500895,4.195722037628366
1014447060,3.267415647357187,3.2098591623997788,1.8610902737944364,0.7282965404523456,2.260637154118844,4.094952414074012,3.3649450542342065,1.8144114651371281,1.5677598367201282,2.736501769578355,1.1410600603507581,0.46327815145421475,2.0992894671161633,2.9076662152438804,2.544275200244162,2.104219827691085,1.8070427948967909,2.915253202640324,4.276060216842202,2.549802990548638,1.0084599395953535,0.5728858810915053,2.9097530965890144,1.5048338828661822,1.0508318752600474,1.9214478603857692,1.2131113733235086,3.995033544581518,4.170000594677838,1.4662608555999725,2.068775832724847,1.9986227001069417,1.2910539746913334,2.777805894856442,2.59247198543994,0.6130226408251912,1.0931850168928985,3.3478098410410047,2.2437460087159415,4.001072421592746,0.6613349572181986,1.3918386528194535,4.994898071558115,2.5482014810938227,3.2942240031189773,1.9238107449674484,3.814687547230968,3.7657590754649273,3.0876124680057933,3.144317762915774,1.5628193869655527,0.0,2.481016015897588,2.9285342211225935,1.4800608940347615,1.7861761252393062,2.7557405886472712,0.9983192117782405,1.710854783448991,2.301848115813333,2.125968131039465,1.8429617385452375,4.084131600963001,3.2388012158158386,2.108525298835984,2.5892783312804,3.1876412741583415,2.033160217942498,1.502411072441008,2.357883388036923,1.0001540742626491,3.605219046539018,4.885145836329723,2.1805939162193564,3.463488157014325,3.4611610918104043,1.682213120992325,1.4317162376469674,3.0196715560249276,2.9905711016722063,4.608351489937474,3.3943034760212383,3.606187485660205
1014447078,1.4669511013444996,3.3272200522513393,1.9394764345455586,2.0843818860209637,1.6594929140134966,3.5441526313910425,0.9907884809056524,2.6860124676765667,0.9734899743180421,0.428137671705751,1.958454792271185,2.837693767594245,1.5791592769453846,2.207364254834586,2.9208225235289405,3.2911418684842744,3.7752600017924722,4.40159935873667,4.571768853730674,0.3058563478312272,2.8215951134802006,2.555527526156778,1.1448677877112263,1.1367950569513228,2.1923661464040904,0.6763159085329051,3.667989313394706,1.675863702130357,2.4705634345550154,2.1348754699783536,2.170989642812886,1.0896113830970475,1.605385953908466,0.9928192625881823,3.5611616879845056,1.8681348191020049,2.624187613805551,1.8409296266649384,3.9254830643386276,2.8977304270887783,3.1194358384541476,3.4743289815489127,5.199562052433699,4.849271404527996,3.7689947434821667,2.002514935920368,3.758355999339494,1.2863865213338945,2.7331943120347195,1.5847045034272964,1.3556763246657035,2.481016015897588,0.0,0.9026970282788379,2.155132999431324,0.8015123035154813,1.7308754574373608,3.317431845201346,2.910952801223336,4.317921655392126,1.2103292940818078,0.9236164617116057,2.829009443504992,2.524097987792634,4.495325684109886,1.5328678585355708,2.901304570212853,4.125397329410858,2.0072269472923385,0.8494646430066584,2.9505139731411894,5.237662892141438,4.978037127415237,0.4168903093145372,4.468857638564859,4.008707381233261,3.372289317344537,2.819755086106975,4.96801466710405,4.209898859475508,4.373328448258809,3.742257195357019,3.679554884798308
1014454465,2.2350817545576693,2.774447111374068,2.8005699069546854,2.719398071559724,2.5584721062540225,2.7737292214179394,1.4581944760151595,3.5080821519981136,1.6788470888649214,0.4913365844073795,2.075035173020485,3.187601216350528,1.2744925943577965,1.5514403962765246,2.5222330385245204,3.12082368673768,3.839044039139827,4.215014192017393,3.969197243327174,1.1763339396713461,3.487628342573772,3.150098334342948,0.30937736786712766,1.423879974353089,2.9103398044590065,1.0450163664638792,4.015266267234349,1.0881466534046893,1.5708697620366927,2.9339023377102653,1.8689274410756778,1.9699721348334416,2.358653555869073,1.8404741965498206,3.2724050686514485,2.344096800724564,2.722321647180058,0.9675429442697011,3.8576353959979284,2.0403746059764267,3.589862602894704,3.6184740606751724,4.5410943088025375,5.015790872846079,3.284949692401501,2.8690290384306096,3.107982950960852,1.2262134017334703,2.1041406806089826,0.7270108971379586,2.160435383674518,2.9285342211225935,0.9026970282788379,0.0,2.104317791846436,1.5800745926650848,2.6234963780560134,3.5876927712679314,2.8176444398030474,4.357654811680869,2.1050430576170287,1.0867433966385094,1.9490722018012385,1.8039523273576408,4.740709721434297,0.9431231342166371,2.270140755153329,4.2148396346573085,2.8153202983030314,0.5902440845766115,3.5958169264114073,5.054513538606427,4.298795516602428,1.2844592500532435,4.101770056406812,3.5256514676288715,3.374593441820167,3.5707325873622207,4.936405100270942,3.9402710438820296,3.636897718934779,3.2192109616139706,3.075166903467402
1014454490,3.46401487604355,1.775120541801726,2.751660665895339,1.8535128250587916,2.9165237606357914,2.614947901983029,3.1435937815216315,3.0504512645317203,1.7396296899658523,2.1705910145460665,0.401598990897745,1.4504915212807137,0.8815260148590975,1.4939436806992799,1.1310221411705976,1.1466225051116345,1.7369030208360066,2.250103517763965,2.9380061812573697,2.3844933186736124,2.4476183387546895,1.9993533045705991,1.9426041089055641,1.0795285362784388,2.219897360381454,1.485904199196621,2.1531963756032764,3.167026018462612,2.932389433789892,2.5351297600175267,0.5989601127044061,2.3827840269983978,2.043445481063382,2.9246226115533616,1.4918715479067859,1.2738741380796204,0.679280894355707,2.137501912008922,1.784680765411703,2.586395105762287,2.0164232972905407,1.5540727696542118,3.649542012414288,2.9360132506071075,1.9754612240726372,2.8323133726461815,2.3704813416970643,3.2480646297222253,1.609599249648777,2.0016434444274234,2.1350340109708807,1.4800608940347615,2.155132999431324,2.104317791846436,0.0,1.9044647995129325,3.3020301341422145,1.6558216892202209,0.7561263182832794,2.253550487266413,2.567344041145284,1.2321526118705934,2.701108201911115,1.7955368407306047,2.7183282542465204,1.3882800724275903,1.70761960597424,2.115439567629619,2.497339729821881,1.543331702636617,2.4669892203708765,3.0833590122641024,3.5050680824419276,2.099743411550331,2.434780416086735,2.18275461657633,1.2715606505336803,2.7967900703704687,2.851027963040156,2.0970768908086868,3.155449681594004,2.0343149468075072,2.1799138339114594
1014454503,1.5975735402049218,3.423881990303849,1.241729235565402,1.300472032650786,1.1355344206209943,3.8742735644821495,1.5811001826086748,1.9281095964338644,0.22070200930219025,1.1855833833615879,1.5886475154943687,2.192614651118854,1.6700911770424747,2.491768903447999,2.8967442806165233,3.035389925980288,3.3013841092042586,4.109243529911661,4.671048661414961,0.7787223804422521,2.0231340382136396,1.7791308803551085,1.7340536925834145,0.8477077418650147,1.390856671386962,0.6846051235582153,2.997832850976014,2.472331035099153,3.1246950723846005,1.3574311161865091,2.1410606099254528,0.5207032874738089,0.8055204444605727,1.0635445636948617,3.394609219890266,1.1932368920684837,2.189169401293503,2.3959500138319307,3.5509622374990117,3.3781203108769056,2.390768470027191,2.9509436393046204,5.346794168958679,4.271475093088584,3.775159340764368,1.31597647961709,3.937373555869096,2.0537915704921237,2.9448746297748176,2.1372443007257966,0.5803983275495429,1.7861761252393062,0.8015123035154813,1.5800745926650848,1.9044647995129325,0.0,1.4258961737445868,2.7082573114027766,2.6151021001763937,3.844410406530773,0.7065124379580375,0.9059604290103832,3.3560208663706512,2.845626925962916,3.8719073027566435,1.8626838753129165,3.1034025059726016,3.6199730765296882,1.2362515278486865,1.2339265575503253,2.155252896006081,4.919220109881302,5.154634882830758,0.4151926332372355,4.33554716346903,4.003623071787547,2.9657713743702945,2.0235655383583087,4.532753652939656,3.9969790354184744,4.634998657606019,3.788315464065048,3.8120735491038857
1014454511,0.8516123574188231,4.84498635854244,1.0212584631907955,2.0471287795754622,0.5068619830274533,5.225125427750433,1.6546479634043645,1.7180876114823704,1.5643041002671394,2.1331475377516123,2.952657924609471,3.217622504805004,3.0778435884872053,3.8532074069961593,4.322144759499189,4.404585536216864,4.501371889488007,5.440324755548601,6.094323799874763,1.4473019447262359,2.4310558690399726,2.4522197983353284,2.8757336255863803,2.2714508711603774,1.8435574021738692,2.0536703555231597,3.89764062495976,3.1262066314406325,4.169826585361683,1.4805005365989388,3.5669178858638904,0.9203697923446471,1.4682492137925045,0.8351919872255064,4.792689117097794,2.313482933106611,3.477311742969219,3.571804806286642,4.835599336061925,4.625063191324408,3.1802695028948027,4.108481786624865,6.764804921414602,5.292908390598017,5.200691677199416,1.005446096199955,5.345342112253272,2.393576336754089,4.338165866710916,3.3152885041055016,1.2347506294978523,2.7557405886472712,1.7308754574373608,2.6234963780560134,3.3020301341422145,1.4258961737445868,0.0,3.753990559661352,3.97475950337664,5.026146182729218,0.7347150487220041,2.308131865563473,4.559883298087713,4.193800837204348,4.824416414660524,3.191852084068157,4.500807362889487,4.77105097501779,1.3729879122723734,2.509559280867354,2.5910501950259466,6.221258771052298,6.566582321311381,1.4317377737578034,5.736194858612434,5.428372045911571,4.242259519082649,2.133277104590026,5.73858136390816,5.3712661844679035,6.019790479919404,5.213936981258736,5.229167196812773
1014454554,4.243558958599025,3.0325229592482255,2.8458824946704775,1.7192983435566709,3.2586500271858347,4.072979832954138,4.258518971288332,2.6820038843167646,2.4877408538064043,3.4994946087726717,1.5270260671964,0.5371646677222114,2.502631038560254,3.1315780497946357,2.394340687189936,1.6453168571470227,0.9163305725758402,2.135474896345298,3.8857117580072473,3.4364039088688947,1.7367332248403617,1.4243742187733461,3.4950885213086655,2.220208482195413,2.0080435063267372,2.685105580642719,0.5124678043135126,4.675837765264704,4.585727982230513,2.428277930937323,2.2163773111402367,2.9782426556401163,2.288073752861128,3.739432442761284,2.1274044872544438,1.5198757304097696,0.9850412767341901,3.7824670591046408,1.450854001788019,4.2067844085879305,0.8333639732264224,0.5109613154360589,4.586594097855878,1.5665167766135917,2.941646512239247,2.9044526834294144,3.6222656865861897,4.574318243313498,3.1357113941115133,3.626865200593453,2.5526035417157837,0.9983192117782405,3.317431845201346,3.5876927712679314,1.6558216892202209,2.7082573114027766,3.753990559661352,0.0,1.4046455598167347,1.3418030570169626,3.114451256233936,2.5303250250486626,4.339034516477887,3.4025395346684313,1.1779656644929095,3.0202538261442116,3.1882209216924537,1.059901469931598,2.4800775339434726,2.997448811386233,1.6444056226147632,2.7189399239397525,4.529495785877484,3.074332810181732,2.846304805437543,3.0514413455688563,1.0279625622253474,2.2184104337353587,2.054618647676044,2.3292571584050368,4.407894755019228,3.083950572296194,3.385952683439587
1014454562,4.196564337109045,1.629339121390585,3.3183561083460686,2.288037981400678,3.5554899022857893,2.676145432886751,3.8997050962709294,3.4796017107182453,2.432497205264772,2.919086365997496,1.0279213167373902,1.465407304560477,1.5503647961522193,1.8913900182407337,0.9921976826169581,0.4331217409186891,1.1118041885907157,1.501401513745887,2.57824951635212,3.1363228903834024,2.716938774853208,2.2830865477587072,2.6247184206695637,1.818881072624238,2.6598137028847533,2.240105061126973,1.9100661877501115,3.852409862255834,3.4344345810189916,3.029994072490661,1.0305368586834929,3.065639665425977,2.620003986892725,3.6566649150410977,0.8896535662399397,1.7644885738170084,0.6179618304918207,2.6955353595488885,1.0410067615626244,2.9010274931197553,2.0444333007512565,1.0853794623850332,3.2953031955262553,2.347612266373445,1.6012265606981348,3.395477255491115,2.2241129959131607,3.9888324196205267,1.7778209992335705,2.6079994985717887,2.7656231526791135,1.710854783448991,2.910952801223336,2.8176444398030474,0.7561263182832794,2.6151021001763937,3.97475950337664,1.4046455598167347,0.0,1.573937921000209,3.2448315831273056,1.988244839501354,3.061951212383306,2.099744929486451,2.2354637277826717,2.00719443714726,1.8088786219658235,1.491316013064508,3.0190864186155366,2.2779543291346567,2.691968455913079,2.329632640588007,3.202211035017569,2.8414915248569828,1.8051739946561463,1.7543245493628745,0.6111081175475863,3.1380624354730142,2.118765362022534,1.3980970894338873,3.015116608878692,1.7207565647902587,1.9922500017317517
1014454570,5.432317311586839,2.8185778248835027,4.162919064439056,3.02998804776356,4.543909061873311,3.9396429415680005,5.302409549955531,4.022687363041267,3.6316290262093833,4.400134361800558,2.3619556575077443,1.8442450858925665,3.1095184738455606,3.430147415836705,2.357357796406046,1.434096282796622,0.5448311044242381,1.0878655766229064,3.2510593555158755,4.4963054753873,3.0686721078246233,2.765518588260486,4.184368615700662,3.1814828378108713,3.3395173101326296,3.6446920383421797,1.5094032116312897,5.41254804283436,4.9847727056343984,3.7593554922327685,2.6032422631879286,4.193815928160171,3.5609493912254098,4.905921296972912,1.6914441970572818,2.7220927953105587,1.693737009727528,4.26539464238474,0.6643505588265012,4.363084538133692,2.143559580200774,0.9178954094020123,3.8730033131679993,0.8858320133382824,2.4856051754426645,4.225409652411404,3.3017294061432736,5.486755901171036,3.2111274914942487,4.181935582858294,3.79847613744091,2.301848115813333,4.317921655392126,4.357654811680869,2.253550487266413,3.844410406530773,5.026146182729218,1.3418030570169626,1.573937921000209,0.0,4.348037876614404,3.4267122375478096,4.548322567039663,3.588999896294127,1.070361890273348,3.5797357184392125,3.19292032301975,0.2890750602473816,3.8030137145084404,3.7937973026779517,2.965162346113327,1.4243571020059105,3.8939045962226904,4.158353339463521,1.9780066656723807,2.488771924125852,0.9839998109478247,3.5517138968722426,0.7178466685074671,1.4767468298283644,3.9993263404769483,2.667508129303703,3.0561383373265105
1014459696,1.1566184563263908,4.129623572127916,0.7863521503563463,1.4657598993468903,0.45794706454995243,4.564814970364795,1.5567302142135138,1.5803098736004602,0.8301308417218864,1.638330826614437,2.220424108182479,2.5782821281003274,2.3754418738042316,3.1839023519136433,3.593955275118509,3.673469687576494,3.8151994521803108,4.718313881106753,5.375616670449039,0.9984018314440638,2.01556353870694,1.9224133195667286,2.3160173679496348,1.543236747889058,1.3661321387096086,1.3700461541193303,3.313858396861335,2.8130664141743202,3.675911588727443,1.122694076069703,2.8424180800618064,0.18776594703283142,0.8519270443680468,0.7424802366790466,4.058202483112531,1.6260057460761754,2.761436792761311,3.0042449571101617,4.124983574644829,4.025534636073159,2.6275169389474713,3.4339352650768653,6.0530163931717516,4.673735472354128,4.47252991754123,0.8331066634032389,4.643491643867859,2.21138403768363,3.6478224796506162,2.7438898449421845,0.5631717298176031,2.125968131039465,1.2103292940818078,2.1050430576170287,2.567344041145284,0.7065124379580375,0.7347150487220041,3.114451256233936,3.2448315831273056,4.348037876614404,0.0,1.608355254798099,3.984053068074989,3.533565701723175,4.228988458954199,2.539389119774077,3.8074370629441074,4.1022456791705295,0.9889713713264461,1.8781613252409597,2.1702013651465593,5.507923926581129,5.861120878724747,0.8255490111378753,5.001655292324424,4.698668671516805,3.5323082385445845,1.8474717578875781,5.054570146537095,4.639897538540613,5.336642911249938,4.490114703464092,4.5184827786568595
1014510071,2.297194601169221,2.5412518318697663,2.087375708275863,1.7039430968258593,2.0411862521719986,2.972828459962241,1.911466969757431,2.6663409762871635,0.8610541614844837,0.9820105888597372,1.0686772805695106,2.1073690567422543,0.7697736124272156,1.5909090364093772,2.0587079556795915,2.3681182955243982,2.8888135979985403,3.4780888706095427,3.792986620403871,1.1677373426405568,2.4704768450108965,2.0998221424013312,1.0844235282313548,0.33861793753321767,1.954891850389989,0.27358950427182127,2.939318335018257,2.1643478493000154,2.4311649617762354,2.0802094517388263,1.296246523771112,1.4250277360976489,1.4832581778180567,1.7687837536398492,2.651926052764127,1.2689840845350278,1.7393153287350647,1.6346216660437811,3.0085973420037733,2.5297086075990727,2.504228241395819,2.6174824850665175,4.457380673336118,4.0108490041129485,2.928895630163472,2.1669340232368657,3.0382336650814348,2.0702575135323356,2.0395916298026613,1.3936724526134008,1.3903210535012713,1.8429617385452375,0.9236164617116057,1.0867433966385094,1.2321526118705934,0.9059604290103832,2.308131865563473,2.5303250250486626,1.988244839501354,3.4267122375478096,1.608355254798099,0.0,2.536115593161082,1.948048567793242,3.6987495668898127,0.9905033740335549,2.1991215552181127,3.2501171347993254,1.9844142828601272,0.5202686981872808,2.5636291644571023,4.314072184405987,4.258640190744294,0.9340688683847225,3.572405922649567,3.163860244581127,2.465817000281723,2.6255452961602797,4.060764682224086,3.2935822069741145,3.7292204671365212,2.9251558460342952,2.9217610908934306
1014510098,4.170227387290916,1.918032835114318,4.592923229121568,4.180648722580174,4.441881998751519,1.1652739132170755,3.3196760940977317,5.20245504624492,3.3746837633513005,2.438694761263941,2.9557971875402833,4.143020516158494,1.9939348201514153,1.2085225108026638,2.19588000058352,3.1142276211657576,4.158612227900228,3.940458384056276,2.689568904185318,3.1183000484949637,4.918389999666642,4.5003666666551005,1.6841538159568898,2.8037024516406595,4.471002833428815,2.684281095233266,4.845477398114526,2.0825815325410066,0.7529906182258881,4.616280682706481,2.122729808427195,3.8259930142260226,4.01917484317547,3.789387260031139,2.9561258353402344,3.650770796433449,3.3546441737689046,0.9880965125527338,3.9040124547038064,0.2367282932745624,4.6877359533459915,4.13253989414408,3.0499804281432965,5.386474630345455,2.468172579794945,4.669271509353033,1.8423707363912218,2.8120396055567505,1.3446175039095973,1.2454138750495605,3.903895076387508,4.084131600963001,2.829009443504992,1.9490722018012385,2.701108201911115,3.3560208663706512,4.559883298087713,4.339034516477887,3.061951212383306,4.548322567039663,3.984053068074989,2.536115593161082,0.0,0.9640348413026828,5.296326470000754,1.5596185826557265,1.3974422173810086,4.526702534492691,4.518817792899343,2.1221347364183893,4.9835824973905085,4.676094281594531,2.7720895782668458,3.1630446635973923,3.4203212642686296,2.654506717147042,3.6624776051772865,5.136873446390316,4.904134651504128,3.5216845210555925,2.0105305694653755,2.3106060859886215,1.9638094087619962
1014510101,3.977950645844886,1.1182925524949416,4.028856911777531,3.439447569499361,3.978724895298931,1.03200016886955,3.260946985543654,4.5468330398864065,2.807165768924168,2.2251504937748363,2.0977413836049608,3.245933309873721,1.2448345306292263,0.36148638981986647,1.2476071554695478,2.1556316551287034,3.1945774274799468,3.0333888867893166,2.1955072234008157,2.8299523488441283,4.138306705641158,3.7027665294257703,1.494609788040553,2.1381834778261064,3.763697732427196,2.1648335450822285,3.912658947123851,2.413543910765138,1.465166700160366,3.9714108169561855,1.19959966241704,3.356463641261349,3.3869989160216063,3.516152284461236,2.0339130846169087,2.8758566795162737,2.4232929437743174,1.0094067915669251,2.950150673695268,0.8058867757454088,3.809140922331516,3.1749321584710843,2.7387906049876016,4.422964479165496,1.6845205118385254,4.109350566640652,1.3165618807773818,2.946341841422098,0.4300401086511318,1.1341768759572506,3.3324143899801255,3.2388012158158386,2.524097987792634,1.8039523273576408,1.7955368407306047,2.845626925962916,4.193800837204348,3.4025395346684313,2.099744929486451,3.588999896294127,3.533565701723175,1.948048567793242,0.9640348413026828,0.0,4.335040193441605,1.002341150098799,0.5501754789775318,3.5630289619714124,3.891218378184136,1.6898225435003975,4.185231933457091,3.8051826102143917,2.4948432219285794,2.762526472961904,2.6171316452536555,1.9054842923496078,2.698635951528916,4.410701463565792,3.9688979273826894,2.6386031495076607,1.8509683573815143,1.5640104166704762,1.3229518460724465
1014779046,5.375319848344734,3.729301698567815,3.8579725565439134,2.780293474760512,4.319512901436245,4.839109006448074,5.432294343429697,3.5237340407976556,3.651240093192269,4.672972684147612,2.666281022375379,1.6793618954465914,3.595997591309866,4.112744834088914,3.1774978626536896,2.2727901116919464,1.1823401152757018,2.1582248626619207,4.295227110171466,4.6103005489876345,2.551628746104211,2.386259266455989,4.62787776648973,3.3945725061896574,3.0022479227403625,3.8612030938523727,0.9285102429388769,5.827444555423352,5.629912390653334,3.408773589713062,3.212725378284574,4.10651805610756,3.3828867096463906,4.885148242844293,2.643524440881657,2.6787745936881957,2.0453858296363925,4.851227009381853,1.6489230355364792,5.136304135161166,1.6606040766698336,1.1739106885249337,4.933470150940088,0.5320779913441066,3.4731324718852266,3.905080141373965,4.261341553573833,5.750736985573935,4.004910936796497,4.719746788108272,3.6664183470743716,2.108525298835984,4.495325684109886,4.740709721434297,2.7183282542465204,3.8719073027566435,4.824416414660524,1.1779656644929095,2.2354637277826717,1.070361890273348,4.228988458954199,3.6987495668898127,5.296326470000754,4.335040193441605,0.0,4.10655091365889,4.019606233932975,0.8931909903395681,3.4862530346568614,4.15164159687451,2.4133114139250154,2.3756153068092054,4.942769958360759,4.246275920491664,3.0444108652515567,3.5067274921223124,1.6492944346095353,3.0140141823787068,1.5156113853867432,2.534648631816959,4.995549559828295,3.6467618484171638,4.014638936097927
1015421706,2.9966184898534194,1.8467215293349573,3.074552928131378,2.624600481297384,2.988880776726439,2.0332737393717064,2.3434037616893355,3.6504405833882916,1.847475213493791,1.2762434752250615,1.5171946874433002,2.723051349487521,0.5178657551520243,0.6745050435602428,1.5847522786013533,2.2535281146624264,3.092026423915862,3.320318935117048,3.067491984147721,1.838065936718038,3.370626310269005,2.962922039273719,0.6708038838284971,1.244139861224447,2.9113847097318812,1.1781035499170611,3.4991991073114477,1.8664285191503178,1.5875125539922452,3.0656502652845496,0.9915695579702942,2.3654747366142304,2.470099975131087,2.521202998357727,2.3533474684580593,2.109426417009027,2.0637290427593116,0.7683325448556505,3.025976039031102,1.5403934133442174,3.224423306206007,2.9409463482253453,3.6747422661620863,4.312102541549876,2.3446198442908046,3.153406881950063,2.232413392754446,2.167444686416883,1.208251400224376,0.6135299295594338,2.378348736320528,2.5892783312804,1.5328678585355708,0.9431231342166371,1.3882800724275903,1.8626838753129165,3.191852084068157,3.0202538261442116,2.00719443714726,3.5797357184392125,2.539389119774077,0.9905033740335549,1.5596185826557265,1.002341150098799,4.10655091365889,0.0,1.3769370288656662,3.4744439849718307,2.9729989368628185,0.6892985131519258,3.443518041772993,4.153547379913242,3.4480852058467932,1.760333151436688,3.1615146487272914,2.5857768015429614,2.602064807731332,3.5775515526859016,4.105283373898485,3.0201084555940687,2.8435934272785217,2.285520629983937,2.1708581059628207
1016648160,4.368061552926151,0.5683696572888935,4.220601076282942,3.5005226152963047,4.2358454821973925,0.9083994290595236,3.7107619236984575,4.661449798778351,3.0290654623840396,2.6503471116623527,2.0724005298188195,3.1163219561588447,1.4343873472524662,0.7189589397106901,0.8444136099900587,1.7689078073618074,2.849323251755445,2.543091013160263,1.6992543021088444,3.2042831800867124,4.145446657622416,3.6990957769731945,1.9652289158303038,2.3184040494522566,3.8487553516952597,2.4472059797845653,3.7001083507327515,2.9547013805051754,1.9914532726173118,4.104641437939692,1.1325552175796159,3.6235871510721895,3.543591020708505,3.880154977605107,1.561907636756883,2.919310014739475,2.2455187948424524,1.5506472604282253,2.5365859047139296,1.18881737464712,3.698679031032954,2.89253170187932,2.298870847240844,4.053461888041689,1.1353957777079084,4.302427022648052,0.8570551569711611,3.451545075040312,0.16868565188876086,1.6489723958152511,3.534946872593742,3.1876412741583415,2.901304570212853,2.270140755153329,1.70761960597424,3.1034025059726016,4.500807362889487,3.1882209216924537,1.8088786219658235,3.19292032301975,3.8074370629441074,2.1991215552181127,1.3974422173810086,0.5501754789775318,4.019606233932975,1.3769370288656662,0.0,3.2009971139149713,4.039521698738605,2.0518645305634475,4.171777318069449,3.2893279603965335,2.0782836807509897,3.0856127513569547,2.0740085206628005,1.3553143485980972,2.3704372736621595,4.466612479874831,3.5119070877849077,2.1285207366910477,1.5367820011945428,1.014448594301917,0.805569932935007
1016660429,5.199655498906672,2.869101669520542,3.8933451597156417,2.761282378635998,4.284580910829126,3.987061454439861,5.10380277497154,3.737821275466516,3.404536182163222,4.2296243720599,2.1814448696742903,1.572352557728315,2.9881897319454986,3.378077085700432,2.3572445733195937,1.4328004071545346,0.3825744038048794,1.3054184022414657,3.4030192876536574,4.2914616306133695,2.7814170007363828,2.484245268561164,4.0574592184902345,2.989289959924413,3.064001739487766,3.4568610921575034,1.2240218090292982,5.28244330883937,4.925337263694272,3.4841962681254532,2.517601247907944,3.9521452837373516,3.3035464058589117,4.677727560815964,1.7630021348023934,2.477387478950703,1.5109405100833795,4.182925035278518,0.7558787706188549,4.351416649597201,1.8551650383347942,0.6705090934509605,4.0473117701634305,0.8602180000922682,2.5856351275307543,3.9544723125611423,3.383567508140704,5.318302705452685,3.2040068746643406,4.083443335379254,3.5484314413438125,2.033160217942498,4.125397329410858,4.2148396346573085,2.115439567629619,3.6199730765296882,4.77105097501779,1.059901469931598,1.491316013064508,0.2890750602473816,4.1022456791705295,3.2501171347993254,4.526702534492691,3.5630289619714124,0.8931909903395681,3.4744439849718307,3.2009971139149713,0.0,3.5311091415789346,3.641215619376389,2.6767933794827354,1.7098721181162335,4.051304152582934,3.946796868215698,2.1682889219523793,2.6140349302352948,0.8805662402041278,3.2645088493995646,0.9947244094491864,1.6509979171151397,4.107666577027702,2.761717770687633,3.1367674963096315
1016689150,2.0820203978734226,4.240652033005577,0.37176516104927293,0.7781991710440943,0.8708014753012233,4.888412013402092,2.538272331860892,0.6944099841521415,1.1561018342579925,2.4140391140992143,2.0978973849931997,1.9591406542474792,2.649159790813218,3.529739526923547,3.622211351850758,3.4476311190434554,3.3080004144938875,4.3742644580440055,5.434042192020052,1.8847012177710638,1.0652849185222257,1.1000149778476325,2.9534641464770295,1.753223551546777,0.4840248067478515,1.8479537727342474,2.5579959137952177,3.680222380493866,4.346187807687121,0.13475305455177228,2.9451572315701435,0.9904175536514749,0.5047082075940257,1.7287180172733547,3.8998727791246015,1.2561219009481868,2.436019409458399,3.590056032930988,3.720297282377135,4.513320006105932,1.8280932612007204,2.8941712227489185,6.142668951966966,3.9732221194346646,4.472054351908043,0.42458587013733173,4.812283772510547,3.159205251504099,3.8983742944503144,3.3362714385971586,0.6567522521977729,1.502411072441008,2.0072269472923385,2.8153202983030314,2.497339729821881,1.2362515278486865,1.3729879122723734,2.4800775339434726,3.0190864186155366,3.8030137145084404,0.9889713713264461,1.9844142828601272,4.518817792899343,3.891218378184136,3.4862530346568614,2.9729989368628185,4.039521698738605,3.5311091415789346,0.0,2.4214419343755735,1.2248100043196937,5.096117310158155,5.987374189899781,1.5911503851004922,4.824038850079528,4.674666699787286,3.1392414649843876,0.8596864198567823,4.520820741306806,4.3919295721702385,5.567176956790654,4.5301275145456295,4.645563803290992
1016689168,2.3163662774254217,2.4852530454316333,2.4727575794728636,2.212396110079271,2.333467019322956,2.718409230056262,1.7291207563053137,3.1135872134019995,1.2661203986944403,0.6685145956184452,1.4872464062126465,2.601377386176732,0.786556317137522,1.362387488909113,2.11900056863262,2.61042934944314,3.268498623739454,3.7183278311240695,3.7255689460255694,1.1527687009260559,2.981317831969856,2.6180644690898847,0.5662617867959581,0.8575583974195836,2.4432766168517777,0.5735840672994839,3.42690788186769,1.6783894565717528,1.9372765038056197,2.5280666763247557,1.3992392946630896,1.7120823608393425,1.9336568250237778,1.8330558466399252,2.814882595283458,1.7891671309770392,2.1406711463111328,1.1693423640502332,3.318310564393579,2.1498647223636698,3.0185076261268513,3.0353472471851144,4.3501242505652185,4.433304944621378,2.944786475191196,2.5483646803846023,2.9089087814397643,1.7113998830167767,1.883808971905328,0.914866977540883,1.789209593018165,2.357883388036923,0.8494646430066584,0.5902440845766115,1.543331702636617,1.2339265575503253,2.509559280867354,2.997448811386233,2.2779543291346567,3.7937973026779517,1.8781613252409597,0.5202686981872808,2.1221347364183893,1.6898225435003975,4.15164159687451,0.6892985131519258,2.0518645305634475,3.641215619376389,2.4214419343755735,0.0,3.0785069732469443,4.560021375589969,4.128960447184451,1.0786026661039763,3.69081771495078,3.1858728818575783,2.8141884087057183,3.113108512575595,4.391539151698959,3.4779921389813317,3.5328029811156645,2.9078593083335726,2.8319006460454514
1016689176,3.2997548970992634,4.209724549981114,1.57074494044387,0.8781747028651978,2.0939176553411025,5.076114702253232,3.662285269481718,1.1105537602133182,1.9788414507220142,3.2965755832679555,2.103550458507854,1.2661135503441774,2.9910044302036214,3.8415933919398366,3.544368979595982,3.065001477237055,2.559323339068799,3.760507521736367,5.267102982904304,2.917235904617257,0.15999625413273383,0.4838277404578537,3.6447579965942083,2.239288689159847,0.807050697590394,2.5509156576503873,1.5220414932202542,4.594825729837451,4.984849666234895,1.1107623041338652,3.0437344384508056,2.1206913939367027,1.3851884111761477,2.9094610155613188,3.559710976540399,1.3344214110619443,2.079307944323034,4.172181963275976,3.0739482975108405,4.921398650627271,0.8216284577141642,2.1444550876520903,5.985351446788108,2.9328174969081706,4.286283408464353,1.5960641028676883,4.814282825165112,4.205377617851359,4.06447615871722,3.945290249104261,1.684787171230381,1.0001540742626491,2.9505139731411894,3.5958169264114073,2.4669892203708765,2.155252896006081,2.5910501950259466,1.6444056226147632,2.691968455913079,2.965162346113327,2.1702013651465593,2.5636291644571023,4.9835824973905085,4.185231933457091,2.4133114139250154,3.443518041772993,4.171777318069449,2.6767933794827354,1.2248100043196937,3.0785069732469443,0.0,4.362159490269762,5.881172883245729,2.5676781669811897,4.394495302108388,4.446275150645291,2.5676477438776955,0.6026737715572591,3.66070546428993,3.899588022828471,5.607382486354453,4.390764835144724,4.606340087821596
1016785078,6.512497394614733,2.7601447505348466,5.44032596253636,4.318413289675192,5.765734943384679,3.771319743515919,6.223938602067782,5.38759036571653,4.72416995711432,5.219028230838379,3.336146747275352,3.172201543574709,3.787510238110775,3.7799145673146035,2.6163539279759584,1.9526284760258306,1.8121010048528858,0.8416942749622223,2.5912650866717746,5.46595451047593,4.455220559173277,4.1176793730393,4.81810229752888,4.146003863452737,4.65602064360373,4.569093105652976,2.9334672022076402,6.012819278014281,5.270191210158824,5.069609406448229,3.185598665790048,5.33745985941123,4.788544115016903,5.973522361516256,1.8114089313926465,3.917383877690451,2.746500050753075,4.694093029597099,1.3866397532950108,4.454197468676995,3.544098133501057,2.233211223503168,3.0316986145214164,1.9634140832603357,2.2339312541678904,5.5091870057002,3.0192806258848264,6.263512583696079,3.3768914780913017,4.688158850108429,4.9881093119127895,3.605219046539018,5.237662892141438,5.054513538606427,3.0833590122641024,4.919220109881302,6.221258771052298,2.7189399239397525,2.329632640588007,1.4243571020059105,5.507923926581129,4.314072184405987,4.676094281594531,3.8051826102143917,2.3756153068092054,4.153547379913242,3.2893279603965335,1.7098721181162335,5.096117310158155,4.560021375589969,4.362159490269762,0.0,3.1464701499937004,5.167443376970683,1.3254523063672792,2.09871035953342,1.9796384729106808,4.935938104043932,0.8754348072351985,1.1674127105586949,3.511633786990806,2.4115865361937843,2.8107187155592737
1016874984,6.444031930601208,1.749331889573913,6.2097261867066935,5.356405793042955,6.276766248962413,1.6192904478258654,5.755378551100977,6.555458483523635,5.060355578259695,4.710644709425896,3.9062411673469293,4.667307611560347,3.4888673465228788,2.776275289476503,2.3743130975530042,2.8863319580098774,3.829505561788194,2.8433135936278715,0.6509838318158393,5.281709154017229,5.8921249112552605,5.447668718723658,3.989448585407992,4.337888032796133,5.72453986415198,4.514830499460057,4.991344018391207,4.792428506351481,3.5250799170864515,6.033944655238839,3.0536614023401385,5.675042624136674,5.5109688166111646,5.958437763963211,2.403148772441916,4.778821320279688,3.8042276190121807,3.443498019166587,3.2996519652906806,2.552235401965478,5.2423877915424075,4.079437374822309,0.28356667290953147,4.749139233715979,1.6013961884712002,6.291660330437992,1.2233506723820573,5.415828821936873,2.245636141099197,3.6137161845017425,5.54393830694479,4.885145836329723,4.978037127415237,4.298795516602428,3.5050680824419276,5.154634882830758,6.566582321311381,4.529495785877484,3.202211035017569,3.8939045962226904,5.861120878724747,4.258640190744294,2.7720895782668458,2.4948432219285794,4.942769958360759,3.4480852058467932,2.0782836807509897,4.051304152582934,5.987374189899781,4.128960447184451,5.881172883245729,3.1464701499937004,0.0,5.160456031215871,1.9444791761871045,1.479090640901366,3.511880748814904,6.281334199860567,3.81651895568301,2.4179646490153086,0.7719274550098555,1.4908633151745867,1.348219068027956
1016903836,1.3705229939653492,3.4630648502248973,1.527053737780962,1.7156593726892067,1.282785426980788,3.7935460277936945,1.1872697527790192,2.269135905920927,0.6189101360117457,0.8359756429398079,1.836477177133719,2.5705398250540914,1.6861930833803858,2.4244044960417575,2.9927303207652836,3.24611391399946,3.613539713190879,4.342883716086689,4.715264026860374,0.3694612816759718,2.433393054617961,2.194177672402951,1.4906517911274015,1.022693446741678,1.79392356373642,0.661682272245701,3.387203646448872,2.0897193317764358,2.854324059932614,1.719499160820016,2.2301326454110217,0.6856647889254796,1.2027243452826057,0.8364664810285295,3.5648857261525353,1.5762498748371765,2.476772287964874,2.1805139552965542,3.8200132001520233,3.2118838705002766,2.7972355041588655,3.282862521331915,5.36846538880602,4.6292684264949875,3.862468737110586,1.592048679292853,3.937141140520007,1.6390715550634987,2.9206699000656924,1.920387342779545,0.9421363745049163,2.1805939162193564,0.4168903093145372,1.2844592500532435,2.099743411550331,0.4151926332372355,1.4317377737578034,3.074332810181732,2.8414915248569828,4.158353339463521,0.8255490111378753,0.9340688683847225,3.1630446635973923,2.762526472961904,4.246275920491664,1.760333151436688,3.0856127513569547,3.946796868215698,1.5911503851004922,1.0786026661039763,2.5676781669811897,5.167443376970683,5.160456031215871,0.0,4.49449194459953,4.0977993726170725,3.2463145514666443,2.4102183319657215,4.832088263673512,4.192771699676644,4.594203867327086,3.8555736025881857,3.8352721656206916
1016904905,5.864795524905207,1.5130334737035758,5.122075059152684,4.085785143756473,5.339084899469187,2.4564034974166593,5.416305861452017,5.265466618341529,4.174406810581224,4.358181860077858,2.791392449095334,3.1284497912568168,2.906867415974587,2.6665725888083145,1.5806207109225106,1.3772854119200855,2.0153789584700115,0.9030251827938943,1.327555815145384,4.736185340556948,4.444723992554276,4.032680579242804,3.8297705516941676,3.496331303563683,4.455290034546356,3.8446970932450286,3.2419548646663867,4.956843811798961,4.062815737436237,4.83283587854126,2.300135263680231,4.817455784601281,4.420839863725656,5.3299417080598,0.9435994762783364,3.569640729173346,2.399397195817309,3.577779812489396,1.4506768868747992,3.1909248479664942,3.647138548047447,2.3469773289425437,1.899440957969039,2.8122940437582034,0.9523083895853488,5.199632981714105,1.6983500239025398,5.3278657504150715,2.1897393240824776,3.6192478399174384,4.551045990479247,3.463488157014325,4.468857638564859,4.101770056406812,2.434780416086735,4.33554716346903,5.736194858612434,2.846304805437543,1.8051739946561463,1.9780066656723807,5.001655292324424,3.572405922649567,3.4203212642686296,2.6171316452536555,3.0444108652515567,3.1615146487272914,2.0740085206628005,2.1682889219523793,4.824038850079528,3.69081771495078,4.394495302108388,1.3254523063672792,1.9444791761871045,4.49449194459953,0.0,0.7829536775023916,1.8356286868561305,4.892703359155703,1.8800267251177238,0.5262074650022085,2.204207202984827,1.1145240756210701,1.4996051212308592
1016904921,5.452090359852362,0.7880632962932724,4.934385980851856,3.9912249190917,5.07741609010785,1.674467053440558,4.909812500976489,5.19387759750202,3.871216831201369,3.838716007150105,2.578142619831284,3.2104571892597904,2.4307982215381205,2.0139407680782964,1.1079803734662754,1.4116554508131496,2.3653003206566057,1.5273347355193623,0.8347394063585101,4.294881019077931,4.469063778335753,4.03139105203026,3.2354993688816034,3.1569227463421994,4.36400671647832,3.436244277281757,3.512522033863538,4.298375351805643,3.3200255461202888,4.705051598867813,1.8698271338062944,4.511079148144459,4.2261993521442225,4.93052898637016,0.924265849419208,3.4302599177958477,2.3689477844524425,2.8988877561826953,1.8582317617047541,2.4222937040009564,3.7779192899236924,2.601104935684773,1.544791177453809,3.3679039228670846,0.2415831580899921,5.015066437175827,0.9210449692569229,4.740899393674881,1.492317063510989,2.9728774881257802,4.3070282279515615,3.4611610918104043,4.008707381233261,3.5256514676288715,2.18275461657633,4.003623071787547,5.428372045911571,3.0514413455688563,1.7543245493628745,2.488771924125852,4.698668671516805,3.163860244581127,2.654506717147042,1.9054842923496078,3.5067274921223124,2.5857768015429614,1.3553143485980972,2.6140349302352948,4.674666699787286,3.1858728818575783,4.446275150645291,2.09871035953342,1.479090640901366,4.0977993726170725,0.7829536775023916,0.0,2.0328324704022087,4.880509213157395,2.5543068635219948,1.065778298511956,1.5173834923070373,0.3465550426552304,0.716660869932113
1016904930,4.563344843133028,2.107041422766985,3.4738800913273913,2.3670293740739803,3.7864886635706623,3.201886813309798,4.361970838856716,3.495947251115813,2.7631224409095636,3.430389425169722,1.41653824457594,1.3040208481833606,2.126238557108698,2.5010546816919423,1.5294453868116165,0.6538278288738067,0.500781290626062,1.2366016873439534,2.8649920536983435,3.5692666009842227,2.6276196314978706,2.2350830507403825,3.2006687989782416,2.2428623941763877,2.7201450486948033,2.6960880154378875,1.480083169292193,4.428712761785039,4.045541778530034,3.1238085787850443,1.6376444858009533,3.364575565293486,2.8113215087087053,4.027840072036085,1.1097243366263865,1.9386860410538147,0.7768334897775285,3.3032498870806033,0.5933412412733556,3.4948290009388274,1.8117164590757298,0.5724871407075968,3.5613410325318444,1.7366312277975042,1.939571890082661,3.54505622112011,2.6696714626638216,4.513859649831522,2.35708892508005,3.208284052841062,3.008625252624954,1.682213120992325,3.372289317344537,3.374593441820167,1.2715606505336803,2.9657713743702945,4.242259519082649,1.0279625622253474,0.6111081175475863,0.9839998109478247,3.5323082385445845,2.465817000281723,3.6624776051772865,2.698635951528916,1.6492944346095353,2.602064807731332,2.3704372736621595,0.8805662402041278,3.1392414649843876,2.8141884087057183,2.5676477438776955,1.9796384729106808,3.511880748814904,3.2463145514666443,1.8356286868561305,2.0328324704022087,0.0,3.0889695493803844,1.5958886166297033,1.33233159637484,3.4376370340191884,2.0936760684577997,2.426257081768671
1016912185,2.907457115506029,4.570063512106103,1.1292623904853343,0.9717398679484756,1.664709798357009,5.35574269854172,3.397772378772769,0.515641201172293,1.8934979221839823,3.2078843105300288,2.4055798786447555,1.7895737800364169,3.176414281538611,4.054999593480012,3.9147244672444668,3.5358747411748386,3.125867562399615,4.304846135863778,5.685628429968085,2.7255861762580538,0.48309754076374106,0.8601380658061587,3.6696761164527536,2.3346537709116957,0.6707761828203549,2.549669329608455,2.1242682689139682,4.4948256243901215,5.049711555159156,0.7252214627166713,3.335634411351569,1.8468911187363966,1.2194391505639486,2.584237082877918,4.022992906624108,1.5477401111236346,2.520330180618267,4.260162736049971,3.6211942753856214,5.1013317071128865,1.4136773081396448,2.706452941266959,6.404236265176762,3.5349343016213366,4.704367203510706,1.1305833593325307,5.167263063022175,4.009253888951416,4.343980250055996,4.017087666353363,1.4701169426589649,1.4317162376469674,2.819755086106975,3.5707325873622207,2.7967900703704687,2.0235655383583087,2.133277104590026,2.2184104337353587,3.1380624354730142,3.5517138968722426,1.8474717578875781,2.6255452961602797,5.136873446390316,4.410701463565792,3.0140141823787068,3.5775515526859016,4.466612479874831,3.2645088493995646,0.8596864198567823,3.113108512575595,0.6026737715572591,4.935938104043932,6.281334199860567,2.4102183319657215,4.892703359155703,4.880509213157395,3.0889695493803844,0.0,4.253028365265493,4.412533167212731,5.950750501925702,4.793195285656803,4.973473448792615
1016925473,6.126345089344742,3.0561563732287804,4.880721988055511,3.747770011351498,5.258739680441231,4.153126739572385,5.957348645287033,4.73067357804805,4.3230810898819785,5.019994661985047,3.0108691665685887,2.5619187905304464,3.667409239039692,3.8636920118285225,2.722224032505015,1.8622086672188638,1.239376091851684,1.0279466515265563,3.207582532985527,5.161189316501473,3.7701051202493203,3.478969613005967,4.7391313024582455,3.8368205081840863,4.056607805870668,4.2918888581821415,2.169560517191175,5.96441951638008,5.41172904652505,4.47658715160357,3.1140016912112722,4.897278253102896,4.275251749851452,5.596106786438997,1.9501046531463397,3.4299426265003032,2.35547248785581,4.742957148259333,1.0807915844552272,4.700620049417347,2.840255292766984,1.6332592345637995,3.7437705106623382,1.0880097839369935,2.6183111336484832,4.943256164237676,3.44778838637114,6.099048209429339,3.561296731418928,4.688892795792681,4.50845474355909,3.0196715560249276,4.96801466710405,4.936405100270942,2.851027963040156,4.532753652939656,5.73858136390816,2.054618647676044,2.118765362022534,0.7178466685074671,5.054570146537095,4.060764682224086,4.904134651504128,3.9688979273826894,1.5156113853867432,4.105283373898485,3.5119070877849077,0.9947244094491864,4.520820741306806,4.391539151698959,3.66070546428993,0.8754348072351985,3.81651895568301,4.832088263673512,1.8800267251177238,2.5543068635219948,1.5958886166297033,4.253028365265493,0.0,1.490100032723806,4.058884056880459,2.8060873549189127,3.2131995440877716
1016925503,5.560079485615021,1.6166116785913835,4.703811917482682,3.6385448751772063,4.953379749959366,2.680603288504227,5.180952052736041,4.801987021464137,3.8219427571840714,4.145107400520526,2.419607123803962,2.6345861748571973,2.693399423106431,2.615920726453533,1.4571764156597673,0.9667153070362872,1.4891907932304804,0.4621800445706467,1.7783830372255227,4.460781353479183,3.956607365331258,3.554394310168634,3.6896349369933823,3.1760184253486874,4.003672465568707,3.5604376448547774,2.7169367171088914,4.8669401098739575,4.103764495718546,4.392130085598718,2.081355218096551,4.45926162024755,4.0115213696306515,5.021079659458844,0.6678951937508256,3.1464834927396814,1.9559322839863182,3.5318675483937514,0.9247615999244245,3.303934654233511,3.1385651278243594,1.8262137359736978,2.3988672010005248,2.33468536451338,1.1345104265419519,4.779493686813144,1.9604289972107019,5.160945503807372,2.2110719331576743,3.5353396448922028,4.163534120736793,2.9905711016722063,4.209898859475508,3.9402710438820296,2.0970768908086868,3.9969790354184744,5.3712661844679035,2.3292571584050368,1.3980970894338873,1.4767468298283644,4.639897538540613,3.2935822069741145,3.5216845210555925,2.6386031495076607,2.534648631816959,3.0201084555940687,2.1285207366910477,1.6509979171151397,4.3919295721702385,3.4779921389813317,3.899588022828471,1.1674127105586949,2.4179646490153086,4.192771699676644,0.5262074650022085,1.065778298511956,1.33233159637484,4.412533167212731,1.490100032723806,0.0,2.5784569468538243,1.3215642505900553,1.7296570032242145
1016963634,5.82890514775702,1.4017323622092634,5.7560069038869965,4.996283644695503,5.7692527549667,0.8821399103976144,5.093986834926898,6.175316036376454,4.565303132538015,4.073473867008026,3.54542518117055,4.457391503994337,2.969243471716295,2.1714580162522408,2.0684629682594173,2.7846331220818348,3.8295441841857523,3.0371086809874113,0.9560888230821202,4.679125780393134,5.598335819925481,5.149667605629759,3.3287984810971087,3.855021106691804,5.353713092818774,3.970147376218226,4.899634013625327,4.055743489831398,2.7627109787836703,5.6276443131630725,2.6296087858285873,5.154148043489908,5.074654367625586,5.364138778133339,2.3561903835408295,4.412751088829763,3.572196139758333,2.7397338756819036,3.355836666489635,1.7966600201748162,5.044158238208373,4.008555227996909,1.0549739094192705,4.881699768029663,1.5224292208632648,5.83789979605897,0.7960623182262517,4.710161094016185,1.690936965855804,2.9300188881066807,5.071578125389687,4.608351489937474,4.373328448258809,3.636897718934779,3.155449681594004,4.634998657606019,6.019790479919404,4.407894755019228,3.015116608878692,3.9993263404769483,5.336642911249938,3.7292204671365212,2.0105305694653755,1.8509683573815143,4.995549559828295,2.8435934272785217,1.5367820011945428,4.107666577027702,5.567176956790654,3.5328029811156645,5.607382486354453,3.511633786990806,0.7719274550098555,4.594203867327086,2.204207202984827,1.5173834923070373,3.4376370340191884,5.950750501925702,4.058884056880459,2.5784569468538243,0.0,1.351134845075352,1.0229587414121357
1017043407,5.196973236999941,0.4526397890311772,4.77180867064856,3.8767279971585875,4.8833787152232615,1.364610582879812,4.622380097946153,5.078657653960656,3.6689930407080213,3.550955123686912,2.435606774584961,3.185312201216107,2.173692231120024,1.6900120344758944,0.9101508070990096,1.4443123077170228,2.478441794213219,1.780619579958444,0.9039161214091949,4.0340257815642575,4.401294743402583,3.9570884578549834,2.9241677927695524,2.947568659374518,4.247016787162546,3.1946787638084233,3.5658322261912305,3.9649878722115743,2.97347250962865,4.5694443581315225,1.6477030398328139,4.302379760690891,4.066306995094394,4.682568959655092,1.0051357700830323,3.3036630034133654,2.3155567031499507,2.5627991289189196,2.014424453080399,2.0793421496160627,3.7651296929205293,2.665985218208737,1.6164624265145844,3.553079982336741,0.18780127362404558,4.8532563947210585,0.6430934627743577,4.427086366662278,1.1571753360323518,2.645729326729941,4.1256262062500895,3.3943034760212383,3.742257195357019,3.2192109616139706,2.0343149468075072,3.788315464065048,5.213936981258736,3.083950572296194,1.7207565647902587,2.667508129303703,4.490114703464092,2.9251558460342952,2.3106060859886215,1.5640104166704762,3.6467618484171638,2.285520629983937,1.014448594301917,2.761717770687633,4.5301275145456295,2.9078593083335726,4.390764835144724,2.4115865361937843,1.4908633151745867,3.8555736025881857,1.1145240756210701,0.3465550426552304,2.0936760684577997,4.793195285656803,2.8060873549189127,1.3215642505900553,1.351134845075352,0.0,0.4081018802598506
1017366087,5.1455039874137,0.4057691501113297,4.862686578425562,4.032977096133124,4.930540261023209,0.960770380623375,4.51152550873161,5.226171859271436,3.71358441500062,3.4470279782715556,2.5782639330827433,3.438855031242839,2.1532006746352725,1.523727852250691,1.062436895099118,1.772457644358817,2.8377456096974987,2.188419823403795,0.8967127675726133,3.979320360982939,4.6044184714045695,4.156497167084936,2.7707065698392963,2.9905944181316952,4.397499497268151,3.1826105989712987,3.8798512567349484,3.7345982639113213,2.658196860275213,4.6956294407940335,1.7062093062402688,4.331862404342217,4.1656344596235755,4.64639424399145,1.3737867643739778,3.4516001499144204,2.5553490962468133,2.3318219301999927,2.3975216475267054,1.7285074521121402,4.024817397615975,2.9946430590072635,1.5356588826853421,3.9418862033325017,0.5953786144481037,4.944655989230535,0.24682315116125167,4.255296267980394,0.9710473270955448,2.448230174404859,4.195722037628366,3.606187485660205,3.679554884798308,3.075166903467402,2.1799138339114594,3.8120735491038857,5.229167196812773,3.385952683439587,1.9922500017317517,3.0561383373265105,4.5184827786568595,2.9217610908934306,1.9638094087619962,1.3229518460724465,4.014638936097927,2.1708581059628207,0.805569932935007,3.1367674963096315,4.645563803290992,2.8319006460454514,4.606340087821596,2.8107187155592737,1.348219068027956,3.8352721656206916,1.4996051212308592,0.716660869932113,2.426257081768671,4.973473448792615,3.2131995440877716,1.7296570032242145,1.0229587414121357,0.4081018802598506,0.0
