
--== OCUDU gNB (commit 6744de3b5b) ==--

Initializing the Open Fronthaul Interface for sector#0: ul_compr=[BFP,9], dl_compr=[BFP,9], prach_compr=[BFP,9], prach_cp_enabled=false
Initializing the Open Fronthaul Interface for sector#1: ul_compr=[BFP,9], dl_compr=[BFP,9], prach_compr=[BFP,9], prach_cp_enabled=false
Initializing the Open Fronthaul Interface for sector#2: ul_compr=[BFP,9], dl_compr=[BFP,9], prach_compr=[BFP,9], prach_cp_enabled=false
Initializing the Open Fronthaul Interface for sector#3: ul_compr=[BFP,9], dl_compr=[BFP,9], prach_compr=[BFP,9], prach_cp_enabled=false
Initializing the Open Fronthaul Interface for sector#4: ul_compr=[BFP,9], dl_compr=[BFP,9], prach_compr=[BFP,9], prach_cp_enabled=false
Cell pci=0, bw=100 MHz, 1T1R, dl_arfcn=625000 (n78), dl_freq=3375 MHz, dl_ssb_arfcn=622272, ul_freq=3375 MHz
Cell pci=1, bw=80 MHz, 1T1R, dl_arfcn=632628 (n78), dl_freq=3489.42 MHz, dl_ssb_arfcn=630624, ul_freq=3489.42 MHz
Cell pci=2, bw=80 MHz, 1T1R, dl_arfcn=637212 (n78), dl_freq=3558.18 MHz, dl_ssb_arfcn=635136, ul_freq=3558.18 MHz
Cell pci=3, bw=100 MHz, 1T1R, dl_arfcn=640000 (n78), dl_freq=3600 MHz, dl_ssb_arfcn=637344, ul_freq=3600 MHz
Cell pci=4, bw=90 MHz, 1T1R, dl_arfcn=650000 (n78), dl_freq=3750 MHz, dl_ssb_arfcn=647616, ul_freq=3750 MHz

Remote control server listening on 0.0.0.0:8001
==== gNB started ===
Type <h> to view help

          |--------------------DL---------------------|-------------------------------UL-----------------------------
 pci rnti | cqi  ri  mcs  brate   ok  nok  (%)  dl_bs | pusch  rsrp  ri  mcs  brate   ok  nok  (%)    bsr     ta  phr
   0   44 |   7 1.0    8   7.5M   62   18  22%    10M |  99.9   n/a   1   25  3.77M   10    0   0%  81.9M    n/a  n/a
   0   45 |   7 1.0    8   7.2M   68   39  36%    10M |  99.9   n/a   1   26  3.99M    7    0   0%  81.9M    n/a  n/a
   0   46 |   7 1.0    8   7.1M   67   30  30%    10M |  99.9   n/a   1   26  4.38M    8    0   0%  81.9M    n/a  n/a
   0   47 |   7 1.0   10   7.8M   50   30  37%    10M |  99.9   n/a   1   26  4.46M    9    0   0%  81.9M    n/a  n/a
   0   48 |   7 1.0    6   6.6M   72   33  31%    10M |  99.9   n/a   1   26  4.44M    9    0   0%  81.9M    n/a  n/a
   0   49 |   7 1.0    7   6.7M   70   29  29%    10M |  99.9   n/a   1   26  4.26M   10    0   0%  81.9M    n/a  n/a
   0   4a |   7 1.0   10   7.0M   55   46  45%    10M |  99.9   n/a   1   26  4.20M    9    0   0%  81.9M    n/a  n/a
   0   4b |   7 1.0    9   7.5M   64   26  28%    10M |  99.9   n/a   1   25  3.75M    9    0   0%  81.9M    n/a  n/a
   1   4c |   7 1.0    5   6.8M   41    4   8%    10M |  99.9   n/a   1   22  4.23M    6    0   0%  81.9M    n/a  n/a
   1   4d |   7 1.0    5   6.9M   37    7  15%    10M |  99.9   ovl   1   25  6.19M    7    0   0%  81.9M   897n  n/a
   1   4e |   7 1.0    6   7.1M   40    6  13%    10M |  99.9   ovl   1   25  6.13M    7    0   0%  81.9M   872n  n/a
   1   4f |   7 1.0    9   8.0M   28    8  22%    10M |  99.9   n/a   1   24  5.33M    6    0   0%  81.9M    n/a  n/a
   1   50 |   7 1.0    5   6.6M   36    6  14%    10M |  99.9   ovl   1   25  6.21M    7    0   0%  81.9M  -234n  n/a
   1   51 |   7 1.0    3    13k    1    0   0%    10M |  99.9   n/a   1    9   173k    1    0   0%  81.9M    n/a  n/a
   1   52 |   7 1.0    9   7.7M   28    4  12%    10M |  99.9   ovl   1   25  6.13M    7    0   0%  81.9M    49n  n/a
   1   53 |   7 1.0    6   6.4M   36    8  18%    10M |  99.9   n/a   1   24  5.18M    6    0   0%  81.9M    n/a  n/a
   2   54 |   7 1.0    4   6.6M  106   11   9%    10M |  99.9   n/a   1   24  7.61M   18    0   0%  81.9M    n/a  n/a
   2   55 |   7 1.0    8   7.8M   77    6   7%    10M |  99.9   n/a   1   26  7.12M   17    0   0%  81.9M    n/a  n/a
   2   56 |   7 1.0   10   8.0M   63   10  13%    10M |  99.9   n/a   1   26  7.54M   19    0   0%  81.9M    n/a  n/a
   2   57 |   7 1.0    8   7.7M   76   11  12%    10M |  99.9   n/a   1   26  7.00M   19    0   0%  81.9M    n/a  n/a
   2   58 |   7 1.0    7   7.4M   84   10  10%    10M |  99.9   n/a   1   26  7.29M   19    0   0%  81.9M    n/a  n/a
   2   59 |   7 1.0    5   6.8M  101   10   9%    10M |  99.9   n/a   1   26  7.25M   19    0   0%  81.9M    n/a  n/a
   2   5a |   7 1.0    9   7.9M   74    6   7%    10M |  99.9   n/a   1   26  7.03M   18    0   0%  81.9M    n/a  n/a
   2   5b |   7 1.0    9   7.7M   77    8   9%    10M |  99.9   n/a   1   25  7.01M   19    0   0%  81.9M    n/a  n/a
   3   5c |   7 1.0   10   6.2M   42   46  52%    10M |  99.9   n/a   1   25  1.49M    3    0   0%  81.9M    n/a  n/a
   3   5d |   7 1.0   10   6.2M   44   48  52%    10M |  44.8   ovl   1   25   761k    2    1  33%  81.9M  -762n  n/a
   3   5e |   7 1.0   10   6.3M   43   44  50%    10M |  44.8   ovl   1   25   544k    2    1  33%  81.9M     1u  n/a
   3   5f |   7 1.0   10   6.0M   49   50  50%    10M |  44.8   ovl   1   25   546k    2    1  33%  81.9M   -89n  n/a
   3   60 |   7 1.0   10   5.5M   43   53  55%    10M |  99.9   ovl   1   26   938k    3    0   0%  81.9M  -480n  n/a
   3   61 |   7 1.0   10   6.0M   44   54  55%    10M |  99.9   ovl   1   26  1.11M    3    0   0%  81.9M   302n  n/a
   3   62 |   7 1.0   10   6.1M   52   53  50%    10M |  99.9   ovl   1   24   835k    4    0   0%  81.9M    58n  n/a
   3   63 |   7 1.0    9   5.9M   52   54  50%    10M |  66.9   ovl   1   21   181k    4    1  20%  81.9M  -213n  n/a
   4   64 |   7 1.0   10   5.2M   40   56  58%    10M |  99.9   n/a   1   25  1.32M    3    0   0%  81.9M    n/a  n/a
   4   65 |   7 1.0   10   5.5M   47   50  51%    10M |  99.9   ovl   1   26  1.28M    2    0   0%  81.9M   669n  n/a
   4   66 |   7 1.0   11   5.1M   34   73  68%    10M |  99.9   ovl   1   26   969k    3    0   0%  81.9M    45n  n/a
   4   67 |   7 1.0   10   5.5M   46   58  55%    10M |  99.9   ovl   1   26   871k    3    0   0%  81.9M   431n  n/a
   4   68 |   7 1.0    9   5.6M   48   43  47%    10M |  99.9   ovl   1   26   834k    3    0   0%  81.9M   -55n  n/a
   4   69 |   7 1.0   10   5.1M   44   60  57%    10M |  99.9   ovl   1   26   865k    3    0   0%  81.9M  -197n  n/a
   4   6a |   7 1.0   10   4.9M   42   70  62%    10M |  44.8   ovl   1   26   703k    2    1  33%  81.9M   515n  n/a
   4   6b |   7 1.0    9   5.3M   52   48  48%    10M |  66.9   ovl   1   19   155k    4    1  20%  81.9M  -565n  n/a
   0   44 |   7 1.0   11   6.4M  208  462  68%    10M |  94.7   ovl   1   27  3.04M   30   21  41%  81.9M  -178n  n/a
   0   45 |   7 1.0   11   6.4M  200  429  68%    10M |  99.9   n/a   1   27  2.57M   27   22  44%  81.9M    n/a  n/a
   0   46 |   7 1.0   11   6.5M  210  453  68%    10M |  85.6   ovl   1   26  1.99M   21   18  46%  81.9M  -192n  n/a
   0   47 |   7 1.0   11   6.7M  208  390  65%    10M |  90.8   ovl   1   24  1.75M   17   19  52%  81.9M  -348n  n/a
   0   48 |   7 1.0   11   6.4M  217  450  67%    10M |  86.2   ovl   1   27  1.10M   11   16  59%  81.9M  -197n  n/a
   0   49 |   7 1.0   11   6.5M  194  405  67%    10M |  94.1   ovl   1   27  2.63M   27   18  40%  81.9M  -422n  n/a
   0   4a |   7 1.0   11   6.1M  197  520  72%    10M |  99.9   n/a   1   27  2.21M   23   23  50%  81.9M    n/a  n/a
   0   4b |   7 1.0   11   6.4M  204  406  66%    10M |  99.9   n/a   1   27  2.74M   30   32  51%  81.9M    n/a  n/a
   1   4c |   7 1.0   11   5.8M  101  214  67%    10M |  99.9   n/a   1   27  1.78M    9   14  60%  81.9M    n/a  n/a
   1   4d |   7 1.0   11   6.0M  106  238  69%    10M |  99.9   n/a   1   27  1.81M    9   12  57%  81.9M    n/a  n/a
   1   4e |   7 1.0   11   5.7M   86  263  75%    10M |  99.9   n/a   1   27  1.59M    8   10  55%  81.9M    n/a  n/a
   1   4f |   7 1.0   11   6.0M  100  251  71%    10M |  99.9   n/a   1   27  1.01M    5   12  70%  81.9M    n/a  n/a
   1   50 |   7 1.0   11   6.1M  104  239  69%    10M |  99.9   n/a   1   27  2.39M   12   10  45%  81.9M    n/a  n/a
   1   51 |   7 1.0    0      0    0    0   0%    10M |   n/a   n/a   1    0      0    0    0   0%  81.9M    n/a  n/a
   1   52 |   7 1.0   11   6.0M  100  220  68%    10M |  99.9   n/a   1   27  1.81M    9   13  59%  81.9M    n/a  n/a
   1   53 |   7 1.0   11   6.0M  104  216  67%    10M |  99.9   ovl   1   27  1.60M    8   10  55%  81.9M   872n  n/a
   2   54 |   7 1.0   11    11M  422  186  30%    10M |  99.9   n/a   1   27  7.38M   96    7   6%  81.9M    n/a  n/a
   2   55 |   7 1.0   11    11M  401  200  33%    10M |  99.9   n/a   1   27  7.45M   93    6   6%  81.9M    n/a  n/a
   2   56 |   7 1.0   11    11M  411  212  34%    10M |  99.9   n/a   1   27  7.40M   97    4   3%  81.9M    n/a  n/a
   2   57 |   7 1.0   11    11M  407  228  35%    10M |  99.9   n/a   1   27  7.49M   92    5   5%  81.9M    n/a  n/a
   2   58 |   7 1.0   11    11M  421  225  34%    10M |  99.9   n/a   1   27  7.38M   94    7   6%  81.9M    n/a  n/a
   2   59 |   7 1.0   11    11M  400  202  33%    10M |  99.9   n/a   1   27  7.36M   99    6   5%  81.9M    n/a  n/a
   2   5a |   7 1.0   11    11M  419  230  35%    10M |  99.9   n/a   1   27  7.40M   96    7   6%  81.9M    n/a  n/a
   2   5b |   7 1.0   11    11M  407  196  32%    10M |  99.9   n/a   1   27  7.49M   94    5   5%  81.9M    n/a  n/a
   3   5c |   7 1.0   11   5.3M  179  469  72%    10M |  99.9   n/a   1   27  1.85M   17   24  58%  81.9M    n/a  n/a
   3   5d |   7 1.0   11   5.4M  177  449  71%    10M |  99.9   n/a   1   26  1.33M   15   20  57%  81.9M    n/a  n/a
   3   5e |   7 1.0   11   5.5M  189  447  70%    10M |  99.9   ovl   1   24  1.25M   14   23  62%  81.9M   896n  n/a
   3   5f |   7 1.0   11   5.4M  169  464  73%    10M |  99.9   ovl   1   27  1.64M   19   22  53%  81.9M    -1u  n/a
   3   60 |   7 1.0   11   5.5M  184  431  70%    10M |  99.9   n/a   1   27  1.89M   20   28  58%  81.9M    n/a  n/a
   3   61 |   7 1.0   11   5.3M  156  438  73%    10M |  99.9   n/a   1   27  1.96M   20   23  53%  81.9M    n/a  n/a
   3   62 |   7 1.0   11   5.1M  181  459  71%    10M |  99.9   n/a   1   27  2.27M   24   27  52%  81.9M    n/a  n/a
   3   63 |   7 1.0   11   5.5M  175  456  72%    10M |  99.9   ovl   1   27  1.53M   18   21  53%  81.9M   896n  n/a
   4   64 |   7 1.0   11   5.8M  217  475  68%    10M |  99.9   n/a   1   27  2.37M   28   19  40%  81.9M    n/a  n/a
   4   65 |   7 1.0   11   5.8M  215  444  67%    10M |  99.9   n/a   1   27  2.35M   26   24  48%  81.9M    n/a  n/a
   4   66 |   7 1.0   11   5.7M  231  466  66%    10M |  99.9   n/a   1   27  2.44M   26   20  43%  81.9M    n/a  n/a
   4   67 |   7 1.0   11   5.8M  192  445  69%    10M |  99.9   n/a   1   27  2.06M   23   22  48%  81.9M    n/a  n/a
   4   68 |   7 1.0   11   5.6M  206  467  69%    10M |  99.9   n/a   1   27  2.75M   30   23  43%  81.9M    n/a  n/a
   4   69 |   7 1.0   11   5.9M  208  453  68%    10M |  99.9   n/a   1   27  2.57M   31   19  38%  81.9M    n/a  n/a
   4   6a |   7 1.0   11   6.1M  223  416  65%    10M |  99.9   ovl   1   26   954k   13   18  58%  81.9M  -400n  n/a
   4   6b |   7 1.0   11   6.0M  196  388  66%    10M |  99.9   ovl   1   25  1.71M   21   25  54%  81.9M  -912n  n/a
   0   44 |   7 1.0   11   4.6M  167  552  76%    10M |  99.9   n/a   1   27  1.14M   11   22  66%  81.9M    n/a  n/a
   0   45 |   7 1.0   11   5.1M  159  531  76%    10M |  99.9   ovl   1   27  1.72M   17   18  51%  81.9M    36n  n/a
   0   46 |   7 1.0   11   5.0M  169  577  77%    10M |  99.9   n/a   1   27  1.17M   12   17  58%  81.9M    n/a  n/a
   0   47 |   7 1.0   11   4.8M  149  512  77%    10M |  99.9   ovl   1   22   753k   10   25  71%  81.9M  -308n  n/a
   0   48 |   7 1.0   11   4.8M  158  540  77%    10M |  99.9   n/a   1   27  1.70M   17   16  48%  81.9M    n/a  n/a
   0   49 |   7 1.0   11   4.8M  158  490  75%    10M |  99.9   n/a   1   27  1.63M   16   20  55%  81.9M    n/a  n/a
   0   4a |   7 1.0   11   4.8M  159  582  78%    10M |  99.9   ovl   1   27  1.32M   12   18  60%  81.9M  -422n  n/a
   0   4b |   7 1.0   11   4.8M  162  479  74%    10M |  99.9   n/a   1   27  1.24M   12   15  55%  81.9M    n/a  n/a

          |--------------------DL---------------------|-------------------------------UL-----------------------------
 pci rnti | cqi  ri  mcs  brate   ok  nok  (%)  dl_bs | pusch  rsrp  ri  mcs  brate   ok  nok  (%)    bsr     ta  phr
   1   4c |   7 1.0   11   4.5M   80  252  75%    10M |  99.9   n/a   1   27   807k    4    7  63%  81.9M    n/a  n/a
   1   4d |   7 1.0   11   4.3M   83  292  77%    10M |  99.9   n/a   1   27  1.59M    8   12  60%  81.9M    n/a  n/a
   1   4e |   7 1.0   11   3.9M   78  301  79%    10M |  99.9   n/a   1   27  1.19M    6   16  72%  81.9M    n/a  n/a
   1   4f |   7 1.0   11   4.4M   79  258  76%    10M |  99.9   n/a   1   27   398k    2   11  84%  81.9M    n/a  n/a
   1   50 |   7 1.0   11   4.2M   80  270  77%    10M |  99.9   n/a   1   27  1.61M    8   10  55%  81.9M    n/a  n/a
   1   51 |   7 1.0    0      0    0    0   0%    10M |   n/a   n/a   1    0      0    0    0   0%  81.9M    n/a  n/a
   1   52 |   7 1.0   11   4.5M   82  286  77%    10M |  99.9   n/a   1   27  1.82M    9    9  50%  81.9M    n/a  n/a
   1   53 |   7 1.0   11   4.8M   86  247  74%    10M |  99.9   n/a   1   27   603k    3   10  76%  81.9M    n/a  n/a
   2   54 |   7 1.0   12   4.6M  176  677  79%    10M |  99.9   n/a   1   27  1.23M   15   20  57%  81.9M    n/a  n/a
   2   55 |   7 1.0   11   4.5M  172  533  75%    10M |  99.9   n/a   1   27  1.01M   12   18  60%  81.9M    n/a  n/a
   2   56 |   7 1.0   12   4.4M  178  607  77%    10M |  99.9   n/a   1   27  1.22M   14   18  56%  81.9M    n/a  n/a
   2   57 |   7 1.0   12   4.5M  167  546  76%    10M |  99.9   n/a   1   27  1.03M   14   19  57%  81.9M    n/a  n/a
   2   58 |   7 1.0   12   4.6M  185  545  74%    10M |  99.9   n/a   1   27   821k   11   21  65%  81.9M    n/a  n/a
   2   59 |   7 1.0   12   4.4M  159  572  78%    10M |  99.9   n/a   1   27   988k   12   21  63%  81.9M    n/a  n/a
   2   5a |   7 1.0   12   4.5M  183  624  77%    10M |  99.9   n/a   1   27   950k   13   19  59%  81.9M    n/a  n/a
   2   5b |   7 1.0   12   4.5M  164  564  77%    10M |  99.9   n/a   1   27   654k    8   20  71%  81.9M    n/a  n/a
   3   5c |   7 1.0   11   5.7M  187  542  74%    10M |  99.9   n/a   1   27  1.90M   19   12  38%  81.9M    n/a  n/a
   3   5d |   7 1.0   11   5.7M  169  441  72%    10M |  99.9   n/a   1   27  2.82M   28   13  31%  81.9M    n/a  n/a
   3   5e |   7 1.0   11   6.0M  193  472  70%    10M |  99.9   n/a   1   27  2.28M   24   15  38%  81.9M    n/a  n/a
   3   5f |   7 1.0   11   5.9M  185  411  68%    10M |  99.9   n/a   1   27  2.96M   29   18  38%  81.9M    n/a  n/a
   3   60 |   7 1.0   11   6.2M  206  432  67%    10M |  99.9   n/a   1   27  1.97M   19    9  32%  81.9M    n/a  n/a
   3   61 |   7 1.0   11   5.8M  175  446  71%    10M |  99.9   n/a   1   27  1.85M   18   19  51%  81.9M    n/a  n/a
   3   62 |   7 1.0   11   5.7M  191  459  70%    10M |  99.9   n/a   1   27  3.00M   29   10  25%  81.9M    n/a  n/a
   3   63 |   7 1.0   11   5.9M  179  420  70%    10M |  99.9   n/a   1   27  1.81M   17   15  46%  81.9M    n/a  n/a
   4   64 |   7 1.0   11   3.7M  145  585  80%    10M |  99.9   n/a   1   27  1.10M   12   16  57%  81.9M    n/a  n/a
   4   65 |   7 1.0   11   3.6M  126  556  81%    10M |  99.9   n/a   1   27  1.63M   18   13  41%  81.9M    n/a  n/a
   4   66 |   7 1.0   11   3.7M  150  676  81%    10M |  99.9   n/a   1   27   748k    9   16  64%  81.9M    n/a  n/a
   4   67 |   7 1.0   11   3.6M  128  561  81%    10M |  99.9   n/a   1   27  1.29M   15   17  53%  81.9M    n/a  n/a
   4   68 |   7 1.0   11   4.1M  151  589  79%    10M |  99.9   n/a   1   27   869k    9   18  66%  81.9M    n/a  n/a
   4   69 |   7 1.0   11   3.8M  132  566  81%    10M |  99.9   n/a   1   27  1.62M   19   17  47%  81.9M    n/a  n/a
   4   6a |   7 1.0   11   4.1M  152  578  79%    10M |  99.9   n/a   1   27  1.77M   20   16  44%  81.9M    n/a  n/a
   4   6b |   7 1.0   11   3.7M  132  542  80%    10M |  99.9   n/a   1   27  1.22M   15   17  53%  81.9M    n/a  n/a
   0   44 |   7 1.0   11   4.7M  154  646  80%    10M |  99.9   ovl   1   27  1.58M   16   16  50%  81.9M  -129n  n/a
   0   45 |   7 1.0   11   4.8M  148  515  77%    10M |  99.9   ovl   1   27  1.61M   17   18  51%  81.9M    36n  n/a
   0   46 |   7 1.0   11   4.7M  159  585  78%    10M |  99.9   ovl   1   27  1.27M   14   15  51%  81.9M  -606n  n/a
   0   47 |   7 1.0   11   4.7M  136  503  78%    10M |  99.9   ovl   1   27  1.26M   13   17  56%  81.9M   440n  n/a
   0   48 |   7 1.0   11   4.8M  162  635  79%    10M |  99.9   n/a   1   27  1.45M   16   18  52%  81.9M    n/a  n/a
   0   49 |   7 1.0   11   4.5M  140  514  78%    10M |  99.9   ovl   1   27  1.23M   11   15  57%  81.9M   263n  n/a
   0   4a |   7 1.0   11   5.0M  164  523  76%    10M |  99.9   ovl   1   27  1.10M   11   20  64%  81.9M  -704n  n/a
   0   4b |   7 1.0   11   4.8M  133  513  79%    10M |  99.9   ovl   1   27  1.19M   12   16  57%  81.9M  -458n  n/a
   1   4c |   7 1.0   11   5.3M  103  264  71%    10M |  99.9   ovl   1   27  2.40M   12    6  33%  81.9M   -93n  n/a
   1   4d |   7 1.0   11   5.1M   89  303  77%    10M |  99.9   ovl   1   27  1.98M   10    9  47%  81.9M   237n  n/a
   1   4e |   7 1.0   11   5.1M   89  309  77%    10M |  99.9   ovl   1   27   988k    5    6  54%  81.9M   897n  n/a
   1   4f |   7 1.0   11   5.1M   85  300  77%    10M |  99.9   ovl   1   27   992k    5    7  58%  81.9M   229n  n/a
   1   50 |   7 1.0   11   5.6M   96  251  72%    10M |  99.9   ovl   1   27  1.58M    8   13  61%  81.9M   606n  n/a
   1   51 |   7 1.0    0      0    0    0   0%    10M |   n/a   n/a   1    0      0    0    0   0%  81.9M    n/a  n/a
   1   52 |   7 1.0   11   5.2M  101  311  75%    10M |  99.9   ovl   1   27  2.79M   14    9  39%  81.9M    42n  n/a
   1   53 |   7 1.0   11   5.1M   87  301  77%    10M |  99.9   ovl   1   27  2.59M   13    9  40%  81.9M   888n  n/a
   2   54 |   7 1.0   12   4.0M  158  615  79%    10M |  99.9   n/a   1   27   922k   12   21  63%  81.9M    n/a  n/a
   2   55 |   7 1.0   12   3.8M  139  603  81%    10M |  99.9   n/a   1   27  1.60M   20   19  48%  81.9M    n/a  n/a
   2   56 |   7 1.0   12   4.0M  162  620  79%    10M |  99.9   ovl   1   27  1.45M   18   18  50%  81.9M  -911n  n/a
   2   57 |   7 1.0   12   3.9M  140  645  82%    10M |  99.9   n/a   1   27   756k   11   21  65%  81.9M    n/a  n/a
   2   58 |   7 1.0   12   4.0M  148  628  80%    10M |  99.9   ovl   1   27  1.46M   20   19  48%  81.9M    -1u  n/a
   2   59 |   7 1.0   12   3.9M  140  583  80%    10M |  99.9   ovl   1   27  1.40M   19   23  54%  81.9M  -911n  n/a
   2   5a |   7 1.0   12   3.9M  142  587  80%    10M |  99.9   ovl   1   27   840k   12   20  62%  81.9M  -656n  n/a
   2   5b |   7 1.0   12   3.7M  145  614  80%    10M |  99.9   ovl   1   27  1.10M   14   17  54%  81.9M   947n  n/a
   3   5c |   7 1.0   11   3.8M  122  656  84%    10M |  99.9   n/a   1   27   762k    7   28  80%  81.9M    n/a  n/a
   3   5d |   7 1.0   11   3.4M  102  656  86%    10M |  99.9   ovl   1   27   899k    9   17  65%  81.9M   478n  n/a
   3   5e |   7 1.0   11   3.5M  127  657  83%    10M |  99.9   ovl   1   27   529k    6   20  76%  81.9M  -734n  n/a
   3   5f |   7 1.0   11   3.4M  103  633  86%    10M |  99.9   ovl   1   27   957k   10   19  65%  81.9M  -814n  n/a
   3   60 |   7 1.0   11   3.8M  129  592  82%    10M |  99.9   ovl   1   27   328k    3   22  88%  81.9M   -40n  n/a
   3   61 |   7 1.0   11   3.5M  112  668  85%    10M |  99.9   ovl   1   27  1.02M    9   20  68%  81.9M   765n  n/a
   3   62 |   7 1.0   11   3.3M  111  663  85%    10M |  99.9   ovl   1   27  1.24M   12   17  58%  81.9M   693n  n/a
   3   63 |   7 1.0   11   3.4M  104  582  84%    10M |  99.9   ovl   1   27  1.05M   12   19  61%  81.9M   324n  n/a
   4   64 |   7 1.0   11   5.6M  219  509  69%    10M |  99.9   ovl   1   27  2.27M   27   15  35%  81.9M  -269n  n/a
   4   65 |   7 1.0   11   4.8M  164  476  74%    10M |  99.9   ovl   1   27  1.71M   20   15  42%  81.9M    86n  n/a
   4   66 |   7 1.0   11   5.5M  202  501  71%    10M |  99.9   ovl   1   27  2.29M   28   13  31%  81.9M  -460n  n/a
   4   67 |   7 1.0   11   4.7M  164  476  74%    10M |  99.9   ovl   1   27  2.21M   24   14  36%  81.9M   445n  n/a
   4   68 |   7 1.0   11   5.2M  201  577  74%    10M |  99.9   ovl   1   27  2.15M   24    9  27%  81.9M  -165n  n/a
   4   69 |   7 1.0   11   4.9M  174  501  74%    10M |  99.9   ovl   1   27  2.17M   24   12  33%  81.9M  -629n  n/a
   4   6a |   7 1.0   11   5.3M  190  521  73%    10M |  99.9   ovl   1   27  2.45M   30   10  25%  81.9M   268n  n/a
   4   6b |   7 1.0   11   4.8M  168  544  76%    10M |  99.9   ovl   1   27  2.05M   24   12  33%  81.9M    18n  n/a
   0   44 |   7 1.0   12   5.0M  158  548  77%    10M |  99.9   n/a   1   27  2.24M   23   15  39%  81.9M    n/a  n/a
   0   45 |   7 1.0   12   4.1M  119  635  84%    10M |  99.9   n/a   1   27  2.11M   22   10  31%  81.9M    n/a  n/a
   0   46 |   7 1.0   12   4.6M  148  587  79%    10M |  99.9   n/a   1   27  1.21M   12   22  64%  81.9M    n/a  n/a
   0   47 |   7 1.0   12   4.3M  126  551  81%    10M |  99.9   ovl   1   27  1.68M   18   17  48%  81.9M  -176n  n/a
   0   48 |   7 1.0   12   4.4M  137  578  80%    10M |  99.9   n/a   1   27  1.43M   13   20  60%  81.9M    n/a  n/a
   0   49 |   7 1.0   12   4.2M  124  563  81%    10M |  99.9   ovl   1   27  1.50M   15   23  60%  81.9M  -193n  n/a
   0   4a |   7 1.0   12   5.0M  150  504  77%    10M |  99.9   n/a   1   27  1.49M   15   12  44%  81.9M    n/a  n/a
   0   4b |   7 1.0   12   4.3M  119  562  82%    10M |  99.9   ovl   1   27  1.17M   12   23  65%  81.9M  -138n  n/a
   1   4c |   7 1.0   11   3.8M   64  425  86%    10M |   n/a   n/a   1   27      0    0   15 100%  81.9M    n/a  n/a
   1   4d |   7 1.0   11   4.3M   70  386  84%    10M |  99.9   n/a   1   27   402k    2   11  84%  81.9M    n/a  n/a
   1   4e |   7 1.0   11   4.2M   75  406  84%    10M |  99.9   n/a   1   27   791k    4   12  75%  81.9M    n/a  n/a
   1   4f |   7 1.0   11   4.2M   67  393  85%    10M |  99.9   n/a   1   27   791k    4    9  69%  81.9M    n/a  n/a
   1   50 |   7 1.0   11   4.1M   74  380  83%    10M |  99.9   n/a   1   27   795k    4    6  60%  81.9M    n/a  n/a
   1   51 |   7 1.0    0      0    0    0   0%    10M |   n/a   n/a   1    0      0    0    0   0%  81.9M    n/a  n/a
   1   52 |   7 1.0   11   4.1M   78  439  84%    10M |  99.9   n/a   1   27   394k    2   14  87%  81.9M    n/a  n/a
   1   53 |   7 1.0   11   4.2M   74  350  82%    10M |   n/a   n/a   1   27      0    0   13 100%  81.9M    n/a  n/a

          |--------------------DL---------------------|-------------------------------UL-----------------------------
 pci rnti | cqi  ri  mcs  brate   ok  nok  (%)  dl_bs | pusch  rsrp  ri  mcs  brate   ok  nok  (%)    bsr     ta  phr
   2   54 |   7 1.0   12   5.9M  216  503  69%    10M |  99.9   n/a   1   27  1.51M   21   17  44%  81.9M    n/a  n/a
   2   55 |   7 1.0   12   6.1M  221  415  65%    10M |  99.9   n/a   1   27  2.10M   27   14  34%  81.9M    n/a  n/a
   2   56 |   7 1.0   12   6.1M  228  524  69%    10M |  99.9   n/a   1   27  1.57M   20   20  50%  81.9M    n/a  n/a
   2   57 |   7 1.0   12   6.0M  222  448  66%    10M |  99.9   n/a   1   27  1.56M   20   13  39%  81.9M    n/a  n/a
   2   58 |   7 1.0   12   6.0M  217  514  70%    10M |  99.9   n/a   1   27  2.13M   29   16  35%  81.9M    n/a  n/a
   2   59 |   7 1.0   12   6.1M  208  460  68%    10M |  99.9   n/a   1   27  1.86M   23   12  34%  81.9M    n/a  n/a
   2   5a |   7 1.0   12   5.9M  219  520  70%    10M |  99.9   n/a   1   27  2.23M   31   13  29%  81.9M    n/a  n/a
   2   5b |   7 1.0   12   6.0M  207  429  67%    10M |  99.9   n/a   1   27  1.53M   19   20  51%  81.9M    n/a  n/a
   3   5c |   7 1.0   12   6.2M  181  516  74%    10M |  99.9   n/a   1   27  1.17M   11   18  62%  81.9M    n/a  n/a
   3   5d |   7 1.0   12   6.2M  180  476  72%    10M |  99.9   ovl   1   27  1.52M   15   15  50%  81.9M  -620n  n/a
   3   5e |   7 1.0   12   6.4M  192  534  73%    10M |  99.9   n/a   1   27  1.68M   17   14  45%  81.9M    n/a  n/a
   3   5f |   7 1.0   12   6.3M  182  424  69%    10M |  99.9   n/a   1   27  1.78M   16   14  46%  81.9M    n/a  n/a
   3   60 |   7 1.0   12   6.2M  187  493  72%    10M |  99.9   n/a   1   27  1.95M   18   16  47%  81.9M    n/a  n/a
   3   61 |   7 1.0   12   6.1M  182  500  73%    10M |  99.9   n/a   1   27  1.68M   16   18  52%  81.9M    n/a  n/a
   3   62 |   7 1.0   12   6.5M  193  525  73%    10M |  99.9   n/a   1   27  1.39M   13   19  59%  81.9M    n/a  n/a
   3   63 |   7 1.0   12   6.2M  178  512  74%    10M |  99.9   n/a   1   27  1.99M   19   17  47%  81.9M    n/a  n/a
   4   64 |   7 1.0   12   4.8M  153  585  79%    10M |  99.9   n/a   1   27  1.41M   17   20  54%  81.9M    n/a  n/a
   4   65 |   7 1.0   12   4.5M  145  595  80%    10M |  99.9   n/a   1   27  1.32M   16   22  57%  81.9M    n/a  n/a
   4   66 |   7 1.0   12   4.6M  162  677  80%    10M |  99.9   n/a   1   27  1.35M   16   20  55%  81.9M    n/a  n/a
   4   67 |   7 1.0   12   4.5M  137  512  78%    10M |  99.9   n/a   1   27  1.32M   15   22  59%  81.9M    n/a  n/a
   4   68 |   7 1.0   12   4.8M  163  587  78%    10M |  99.9   n/a   1   27   930k   11   24  68%  81.9M    n/a  n/a
   4   69 |   7 1.0   12   4.6M  150  595  79%    10M |  99.9   n/a   1   27  1.04M   12   22  64%  81.9M    n/a  n/a
   4   6a |   7 1.0   12   4.6M  149  556  78%    10M |  99.9   n/a   1   27  1.32M   16   20  55%  81.9M    n/a  n/a
   4   6b |   7 1.0   12   4.7M  150  527  77%    10M |  99.9   n/a   1   27  1.23M   14   24  63%  81.9M    n/a  n/a
   0   44 |   7 1.0   12   4.2M  124  602  82%    10M |  99.9   ovl   1   27  1.56M   16   14  46%  81.9M  -325n  n/a
   0   45 |   7 1.0   12   4.3M  122  587  82%    10M |  99.9   ovl   1   27  1.24M   13   11  45%  81.9M  -253n  n/a
   0   46 |   7 1.0   12   4.3M  122  594  82%    10M |  99.9   ovl   1   27  1.89M   19   10  34%  81.9M  -606n  n/a
   0   47 |   7 1.0   12   4.3M  123  579  82%    10M |  99.9   ovl   1   27   691k    7   18  72%  81.9M  -246n  n/a
   0   48 |   7 1.0   12   4.4M  128  600  82%    10M |  99.9   ovl   1   27  1.60M   16   13  44%  81.9M  -229n  n/a
   0   49 |   7 1.0   12   4.2M  118  563  82%    10M |  99.9   ovl   1   27  1.54M   16   16  50%  81.9M  -438n  n/a
   0   4a |   7 1.0   12   4.5M  134  593  81%    10M |  99.9   ovl   1   27  1.17M   13   19  59%  81.9M    33n  n/a
   0   4b |   7 1.0   12   4.3M  123  574  82%    10M |  99.9   ovl   1   27  1.51M   17   15  46%  81.9M  -243n  n/a
   1   4c |   7 1.0   11   5.1M   96  303  75%    10M |  99.9   n/a   1   27  1.19M    6    7  53%  81.9M    n/a  n/a
   1   4d |   7 1.0   11   5.0M   90  315  77%    10M |  99.9   n/a   1   27  1.57M    8    6  42%  81.9M    n/a  n/a
   1   4e |   7 1.0   11   5.1M   90  346  79%    10M |  99.9   ovl   1   27  1.78M    9    9  50%  81.9M  -234n  n/a
   1   4f |   7 1.0   11   4.9M   86  301  77%    10M |  99.9   ovl   1   27  1.98M   10   10  50%  81.9M    49n  n/a
   1   50 |   7 1.0   11   4.7M   79  305  79%    10M |  99.9   ovl   1   27  1.40M    7    8  53%  81.9M  -234n  n/a
   1   51 |   7 1.0    0      0    0    0   0%    10M |   n/a   n/a   1    0      0    0    0   0%  81.9M    n/a  n/a
   1   52 |   7 1.0   11   5.0M   99  375  79%    10M |  99.9   ovl   1   27  1.60M    8    8  50%  81.9M   237n  n/a
   1   53 |   7 1.0   11   5.1M   91  300  76%    10M |  99.9   n/a   1   27  1.18M    6    5  45%  81.9M    n/a  n/a
   2   54 |   7 1.0   13   3.4M  128  647  83%    10M |  99.9   n/a   1   27   601k    8   17  68%  81.9M    n/a  n/a
   2   55 |   7 1.0   12   3.1M  112  652  85%    10M |  99.9   ovl   1   27   721k   10   19  65%  81.9M   147n  n/a
   2   56 |   7 1.0   12   3.3M  124  638  83%    10M |  99.9   n/a   1   27   564k    7   17  70%  81.9M    n/a  n/a
   2   57 |   7 1.0   12   3.2M  117  651  84%    10M |  99.9   ovl   1   27   703k    9   18  66%  81.9M  -389n  n/a
   2   58 |   7 1.0   12   3.0M  112  717  86%    10M |  99.9   ovl   1   27   496k    6   15  71%  81.9M  -276n  n/a
   2   59 |   7 1.0   12   3.0M  110  652  85%    10M |  99.9   n/a   1   27   772k   10   16  61%  81.9M    n/a  n/a
   2   5a |   7 1.0   12   3.3M  122  641  84%    10M |  99.9   n/a   1   27   389k    5   14  73%  81.9M    n/a  n/a
   2   5b |   7 1.0   12   3.1M  115  637  84%    10M |  99.9   n/a   1   27   450k    6   17  73%  81.9M    n/a  n/a
   3   5c |   7 1.0   12   3.5M  102  729  87%    10M |  99.9   ovl   1   27  1.72M   17   14  45%  81.9M   661n  n/a
   3   5d |   7 1.0   12   4.0M  114  640  84%    10M |  99.9   ovl   1   27  1.26M   13   16  55%  81.9M   447n  n/a
   3   5e |   7 1.0   12   3.8M  117  668  85%    10M |  99.9   ovl   1   27   920k   10   14  58%  81.9M   495n  n/a
   3   5f |   7 1.0   12   3.8M  110  582  84%    10M |  99.9   ovl   1   27  1.56M   15   12  44%  81.9M   393n  n/a
   3   60 |   7 1.0   12   3.9M  125  607  82%    10M |  99.9   ovl   1   27  1.60M   16   14  46%  81.9M   -65n  n/a
   3   61 |   7 1.0   12   4.0M  116  594  83%    10M |  99.9   ovl   1   27  1.11M   11   14  56%  81.9M  -674n  n/a
   3   62 |   7 1.0   12   3.9M  123  636  83%    10M |  99.9   ovl   1   27  1.32M   14   17  54%  81.9M  -862n  n/a
   3   63 |   7 1.0   12   3.7M  112  670  85%    10M |  99.9   ovl   1   27  1.64M   16   14  46%  81.9M    86n  n/a
   4   64 |   7 1.0   12   5.5M  184  514  73%    10M |  99.9   ovl   1   27  1.65M   19   16  45%  81.9M   894n  n/a
   4   65 |   7 1.0   12   5.5M  167  484  74%    10M |  99.9   ovl   1   27  1.72M   19   12  38%  81.9M   382n  n/a
   4   66 |   7 1.0   12   5.7M  194  596  75%    10M |  99.9   ovl   1   27  1.81M   20    9  31%  81.9M   335n  n/a
   4   67 |   7 1.0   12   5.5M  172  476  73%    10M |  99.9   ovl   1   27  2.28M   25    9  26%  81.9M  -353n  n/a
   4   68 |   7 1.0   12   5.8M  192  546  73%    10M |  99.9   ovl   1   27  1.71M   20   11  35%  81.9M  -178n  n/a
   4   69 |   7 1.0   12   5.6M  182  457  71%    10M |  99.9   ovl   1   27  1.51M   17   12  41%  81.9M   -75n  n/a
   4   6a |   7 1.0   12   5.7M  189  572  75%    10M |  99.9   ovl   1   27  1.51M   18   14  43%  81.9M   466n  n/a
   4   6b |   7 1.0   12   5.7M  187  482  72%    10M |  99.9   ovl   1   27  2.20M   24   10  29%  81.9M  -348n  n/a
   0   44 |   7 1.0   12   5.5M  162  582  78%    10M |  99.9   ovl   1   27  1.74M   16   10  38%  81.9M   264n  n/a
   0   45 |   7 1.0   12   5.1M  140  529  79%    10M |  99.9   ovl   1   27  1.40M   13   13  50%  81.9M  -577n  n/a
   0   46 |   7 1.0   12   5.6M  159  553  77%    10M |  99.9   ovl   1   27  1.62M   17   12  41%  81.9M  -441n  n/a
   0   47 |   7 1.0   12   5.2M  155  528  77%    10M |  99.9   ovl   1   27  1.75M   17   12  41%  81.9M  -263n  n/a
   0   48 |   7 1.0   12   5.1M  150  591  79%    10M |  99.9   ovl   1   27  1.88M   18   12  40%  81.9M  -167n  n/a
   0   49 |   7 1.0   12   5.5M  155  474  75%    10M |  99.9   ovl   1   27  1.46M   14   10  41%  81.9M    66n  n/a
   0   4a |   7 1.0   12   5.6M  167  484  74%    10M |  99.9   ovl   1   27  1.29M   12   11  47%  81.9M  -701n  n/a
   0   4b |   7 1.0   12   5.7M  160  436  73%    10M |  99.9   ovl   1   27  1.49M   16   10  38%  81.9M   238n  n/a
   1   4c |   7 1.0   11   5.0M   89  337  79%    10M |  99.9   n/a   1   27  2.21M   11    8  42%  81.9M    n/a  n/a
   1   4d |   7 1.0   11   4.7M   74  395  84%    10M |  99.9   n/a   1   27  1.79M    9    6  40%  81.9M    n/a  n/a
   1   4e |   7 1.0   11   4.9M   87  338  79%    10M |  99.9   ovl   1   27  2.21M   11    2  15%  81.9M   872n  n/a
   1   4f |   7 1.0   11   4.5M   84  352  80%    10M |  99.9   ovl   1   27  2.81M   14   10  41%  81.9M    49n  n/a
   1   50 |   7 1.0   11   5.3M  100  297  74%    10M |  99.9   n/a   1   27  1.98M   10    5  33%  81.9M    n/a  n/a
   1   51 |   7 1.0    0      0    0    0   0%    10M |   n/a   n/a   1    0      0    0    0   0%  81.9M    n/a  n/a
   1   52 |   7 1.0   11   5.1M   88  318  78%    10M |  99.9   ovl   1   27  2.19M   11    5  31%  81.9M    49n  n/a
   1   53 |   7 1.0   11   4.6M   70  344  83%    10M |  99.9   ovl   1   27  2.00M   10    5  33%  81.9M   884n  n/a
   2   54 |   7 1.0   13   2.7M   98  663  87%    10M |  99.9   ovl   1   27  1.02M   13   18  58%  81.9M   368n  n/a
   2   55 |   7 1.0   13   3.1M  107  686  86%    10M |  99.9   ovl   1   27   816k   12   12  50%  81.9M   947n  n/a
   2   56 |   7 1.0   13   2.6M   99  683  87%    10M |  99.9   ovl   1   27   497k    6   17  73%  81.9M  -306n  n/a
   2   57 |   7 1.0   13   3.0M  105  605  85%    10M |  99.9   ovl   1   27   773k   11   18  62%  81.9M  -441n  n/a
   2   58 |   7 1.0   13   2.9M  106  639  85%    10M |  99.9   ovl   1   27   635k    8   14  63%  81.9M   148n  n/a
   2   59 |   7 1.0   13   3.1M  104  637  85%    10M |  99.9   ovl   1   27   601k    8   18  69%  81.9M  -546n  n/a
   2   5a |   7 1.0   13   2.9M  104  661  86%    10M |  99.9   ovl   1   27   844k   12   17  58%  81.9M  -223n  n/a
   2   5b |   7 1.0   13   3.0M  101  652  86%    10M |  99.9   ovl   1   27   803k   10   16  61%  81.9M     8n  n/a

          |--------------------DL---------------------|-------------------------------UL-----------------------------
 pci rnti | cqi  ri  mcs  brate   ok  nok  (%)  dl_bs | pusch  rsrp  ri  mcs  brate   ok  nok  (%)    bsr     ta  phr
   3   5c |   7 1.0   12   5.9M  171  544  76%    10M |  99.9   ovl   1   27  2.34M   25   15  37%  81.9M  -577n  n/a
   3   5d |   7 1.0   12   6.0M  166  486  74%    10M |  99.9   ovl   1   27  2.50M   25   11  30%  81.9M  -190n  n/a
   3   5e |   7 1.0   12   6.1M  175  497  73%    10M |  99.9   ovl   1   27  2.40M   24   12  33%  81.9M   453n  n/a
   3   5f |   7 1.0   12   6.0M  172  462  72%    10M |  99.9   ovl   1   27  2.91M   31   11  26%  81.9M  -362n  n/a
   3   60 |   7 1.0   12   6.6M  201  495  71%    10M |  99.9   ovl   1   27  2.81M   27    9  25%  81.9M  -164n  n/a
   3   61 |   7 1.0   12   6.1M  166  477  74%    10M |  99.9   ovl   1   27  2.71M   28   14  33%  81.9M   296n  n/a
   3   62 |   7 1.0   12   6.5M  192  495  72%    10M |  99.9   ovl   1   27  2.73M   27   11  28%  81.9M    10n  n/a
   3   63 |   7 1.0   12   6.1M  180  469  72%    10M |  99.9   ovl   1   27  2.67M   28   10  26%  81.9M   609n  n/a
   4   64 |   7 1.0   12   4.0M  134  651  82%    10M |  99.9   ovl   1   27  1.35M   15   18  54%  81.9M    63n  n/a
   4   65 |   7 1.0   12   3.6M  120  634  84%    10M |  99.9   ovl   1   27  1.04M   11   15  57%  81.9M   495n  n/a
   4   66 |   7 1.0   12   3.8M  125  705  84%    10M |  99.9   ovl   1   27  1.01M   11   14  56%  81.9M  -558n  n/a
   4   67 |   7 1.0   12   3.6M  109  590  84%    10M |  99.9   ovl   1   27  1.34M   14   16  53%  81.9M  -841n  n/a
   4   68 |   7 1.0   12   3.6M  123  701  85%    10M |  99.9   ovl   1   27  1.23M   14   18  56%  81.9M   474n  n/a
   4   69 |   7 1.0   12   3.7M  121  575  82%    10M |  99.9   ovl   1   27  1.17M   13   15  53%  81.9M   136n  n/a
   4   6a |   7 1.0   12   3.7M  122  640  83%    10M |  99.9   ovl   1   27  1.37M   14   15  51%  81.9M  -129n  n/a
   4   6b |   7 1.0   12   3.7M  121  582  82%    10M |  99.9   ovl   1   27  1.09M   12   16  57%  81.9M  -390n  n/a
   0   44 |   7 1.0   12   4.8M  141  627  81%    10M |  99.9   n/a   1   27  1.99M   20   14  41%  81.9M    n/a  n/a
   0   45 |   7 1.0   12   4.8M  136  565  80%    10M |  99.9   n/a   1   27  2.31M   22   22  50%  81.9M    n/a  n/a
   0   46 |   7 1.0   12   5.1M  151  592  79%    10M |  99.9   n/a   1   27  1.26M   12   16  57%  81.9M    n/a  n/a
   0   47 |   7 1.0   12   4.9M  132  530  80%    10M |  99.9   n/a   1   27  1.08M   11   18  62%  81.9M    n/a  n/a
   0   48 |   7 1.0   12   5.2M  171  578  77%    10M |  99.9   n/a   1   27  2.11M   19   16  45%  81.9M    n/a  n/a
   0   49 |   7 1.0   12   4.5M  128  557  81%    10M |  99.9   n/a   1   27  1.78M   17   13  43%  81.9M    n/a  n/a
   0   4a |   7 1.0   12   5.2M  145  577  79%    10M |  99.9   n/a   1   27  1.65M   17   16  48%  81.9M    n/a  n/a
   0   4b |   7 1.0   12   4.5M  133  580  81%    10M |  99.9   n/a   1   27  1.10M   12   16  57%  81.9M    n/a  n/a
   1   4c |   7 1.0   12   5.5M   81  345  80%    10M |  99.9   n/a   1   27  1.99M   10    9  47%  81.9M    n/a  n/a
   1   4d |   7 1.0   12   5.3M   85  350  80%    10M |  99.9   n/a   1   27   599k    3    9  75%  81.9M    n/a  n/a
   1   4e |   7 1.0   12   5.7M   90  328  78%    10M |  99.9   n/a   1   27  1.19M    6    6  50%  81.9M    n/a  n/a
   1   4f |   7 1.0   12   5.7M   98  311  76%    10M |  99.9   n/a   1   27  1.59M    8    7  46%  81.9M    n/a  n/a
   1   50 |   7 1.0   12   5.7M  100  267  72%    10M |  99.9   n/a   1   27  1.39M    7   10  58%  81.9M    n/a  n/a
   1   51 |   7 1.0    0      0    0    0   0%    10M |   n/a   n/a   1    0      0    0    0   0%  81.9M    n/a  n/a
   1   52 |   7 1.0   12   5.9M   92  255  73%    10M |  99.9   n/a   1   27   590k    3    9  75%  81.9M    n/a  n/a
   1   53 |   7 1.0   12   5.8M   89  285  76%    10M |  99.9   n/a   1   27  1.97M   10   11  52%  81.9M    n/a  n/a
   2   54 |   7 1.0   13   5.1M  183  590  76%    10M |  99.9   n/a   1   27  2.15M   27   11  28%  81.9M    n/a  n/a
   2   55 |   7 1.0   13   5.2M  165  488  74%    10M |  99.9   n/a   1   27  2.10M   28   16  36%  81.9M    n/a  n/a
   2   56 |   7 1.0   13   5.6M  198  540  73%    10M |  99.9   n/a   1   27  1.75M   23   17  42%  81.9M    n/a  n/a
   2   57 |   7 1.0   13   5.3M  162  518  76%    10M |  99.9   n/a   1   27  3.11M   40    8  16%  81.9M    n/a  n/a
   2   58 |   7 1.0   13   5.7M  200  504  71%    10M |  99.9   n/a   1   27  1.77M   24   15  38%  81.9M    n/a  n/a
   2   59 |   7 1.0   13   5.4M  168  436  72%    10M |  99.9   n/a   1   27  1.65M   22   18  45%  81.9M    n/a  n/a
   2   5a |   7 1.0   13   5.5M  176  496  73%    10M |  99.9   n/a   1   27  2.27M   30   10  25%  81.9M    n/a  n/a
   2   5b |   7 1.0   13   5.5M  179  492  73%    10M |  99.9   n/a   1   27  2.76M   34    8  19%  81.9M    n/a  n/a
   3   5c |   7 1.0   12   6.0M  170  601  77%    10M |  99.9   n/a   1   27  1.82M   18   16  47%  81.9M    n/a  n/a
   3   5d |   7 1.0   12   5.8M  164  511  75%    10M |  99.9   n/a   1   27  1.69M   17   21  55%  81.9M    n/a  n/a
   3   5e |   7 1.0   12   5.5M  156  614  79%    10M |  99.9   n/a   1   27  1.29M   14   14  50%  81.9M    n/a  n/a
   3   5f |   7 1.0   12   5.7M  160  444  73%    10M |  99.9   n/a   1   27  1.50M   15   17  53%  81.9M    n/a  n/a
   3   60 |   7 1.0   13   6.0M  160  555  77%    10M |  99.9   n/a   1   27  1.89M   18   15  45%  81.9M    n/a  n/a
   3   61 |   7 1.0   12   5.8M  163  505  75%    10M |  99.9   n/a   1   27  1.39M   13   20  60%  81.9M    n/a  n/a
   3   62 |   7 1.0   12   5.7M  164  576  77%    10M |  99.9   n/a   1   27  1.83M   18   23  56%  81.9M    n/a  n/a
   3   63 |   7 1.0   12   5.7M  161  525  76%    10M |  99.9   n/a   1   27  2.08M   20   21  51%  81.9M    n/a  n/a
   4   64 |   7 1.0   13   4.8M  153  578  79%    10M |  99.9   n/a   1   27  1.58M   17   15  46%  81.9M    n/a  n/a
   4   65 |   7 1.0   12   4.9M  153  527  77%    10M |  99.9   n/a   1   27   713k    9   14  60%  81.9M    n/a  n/a
   4   66 |   7 1.0   13   5.0M  159  543  77%    10M |  99.9   ovl   1   27   621k    8   20  71%  81.9M   894n  n/a
   4   67 |   7 1.0   12   4.8M  150  549  78%    10M |  99.9   ovl   1   27  1.45M   16   15  48%  81.9M   894n  n/a
   4   68 |   7 1.0   13   5.0M  145  669  82%    10M |  99.9   n/a   1   27   701k    9   21  70%  81.9M    n/a  n/a
   4   69 |   7 1.0   12   5.0M  145  608  80%    10M |  99.9   n/a   1   27   774k    8   18  69%  81.9M    n/a  n/a
   4   6a |   7 1.0   13   4.7M  146  607  80%    10M |  99.9   n/a   1   27   899k   10   20  66%  81.9M    n/a  n/a
   4   6b |   7 1.0   12   4.9M  151  540  78%    10M |  99.9   n/a   1   27   881k   10   19  65%  81.9M    n/a  n/a
   0   44 |   7 1.0   13   6.0M  164  566  77%    10M |  99.9   n/a   1   27  1.30M   13   13  50%  81.9M    n/a  n/a
   0   45 |   7 1.0   13   6.1M  168  484  74%    10M |  99.9   n/a   1   27  2.47M   23   12  34%  81.9M    n/a  n/a
   0   46 |   7 1.0   13   6.5M  176  429  70%    10M |  99.9   n/a   1   27  1.82M   17   13  43%  81.9M    n/a  n/a
   0   47 |   7 1.0   13   6.3M  164  453  73%    10M |  99.9   n/a   1   27  2.57M   24   13  35%  81.9M    n/a  n/a
   0   48 |   7 1.0   13   6.1M  164  529  76%    10M |  99.9   n/a   1   27  1.53M   15   16  51%  81.9M    n/a  n/a
   0   49 |   7 1.0   13   6.4M  170  508  74%    10M |  99.9   n/a   1   27  1.89M   17   17  50%  81.9M    n/a  n/a
   0   4a |   7 1.0   13   6.7M  179  465  72%    10M |  99.9   n/a   1   27  2.93M   28   11  28%  81.9M    n/a  n/a
   0   4b |   7 1.0   13   6.4M  163  443  73%    10M |  99.9   n/a   1   27  1.76M   16   13  44%  81.9M    n/a  n/a
   1   4c |   7 1.0   12   4.6M   64  466  87%    10M |  99.9   n/a   1   27  1.37M    7   11  61%  81.9M    n/a  n/a
   1   4d |   7 1.0   12   5.1M   86  398  82%    10M |  99.9   n/a   1   27   205k    1   10  90%  81.9M    n/a  n/a
   1   4e |   7 1.0   12   5.0M   84  434  83%    10M |  99.9   n/a   1   27   603k    3   13  81%  81.9M    n/a  n/a
   1   4f |   7 1.0   12   5.1M   81  372  82%    10M |  99.9   n/a   1   27   594k    3    9  75%  81.9M    n/a  n/a
   1   50 |   7 1.0   12   5.3M   86  382  81%    10M |  99.9   n/a   1   27   988k    5   13  72%  81.9M    n/a  n/a
   1   51 |   7 1.0    0      0    0    0   0%    10M |   n/a   n/a   1    0      0    0    0   0%  81.9M    n/a  n/a
   1   52 |   7 1.0   12   5.2M   81  389  82%    10M |  99.9   n/a   1   27   795k    4   11  73%  81.9M    n/a  n/a
   1   53 |   7 1.0   12   5.0M   94  415  81%    10M |  99.9   n/a   1   27  1.18M    6   12  66%  81.9M    n/a  n/a
   2   54 |   7 1.0   13   4.7M  170  584  77%    10M |  99.9   n/a   1   27  1.22M   16   14  46%  81.9M    n/a  n/a
   2   55 |   7 1.0   13   4.9M  163  514  75%    10M |  99.9   n/a   1   27  1.45M   19   18  48%  81.9M    n/a  n/a
   2   56 |   7 1.0   13   5.1M  196  499  71%    10M |  99.9   n/a   1   27  1.40M   18   15  45%  81.9M    n/a  n/a
   2   57 |   7 1.0   13   4.8M  154  472  75%    10M |  99.9   n/a   1   27  1.50M   19   12  38%  81.9M    n/a  n/a
   2   58 |   7 1.0   13   4.8M  177  516  74%    10M |  99.9   n/a   1   27  1.16M   16   17  51%  81.9M    n/a  n/a
   2   59 |   7 1.0   13   4.8M  162  478  74%    10M |  99.9   n/a   1   27  1.31M   18   18  50%  81.9M    n/a  n/a
   2   5a |   7 1.0   13   4.9M  164  506  75%    10M |  99.9   n/a   1   27  1.39M   18   15  45%  81.9M    n/a  n/a
   2   5b |   7 1.0   13   4.7M  154  468  75%    10M |  99.9   n/a   1   27  1.39M   19   17  47%  81.9M    n/a  n/a
   3   5c |   7 1.0   13   7.6M  199  460  69%    10M |  99.9   n/a   1   27  1.65M   17   23  57%  81.9M    n/a  n/a
   3   5d |   7 1.0   13   6.9M  170  533  75%    10M |  99.9   n/a   1   27  1.65M   16   24  60%  81.9M    n/a  n/a
   3   5e |   7 1.0   13   7.0M  182  523  74%    10M |  99.9   n/a   1   27  1.84M   18   23  56%  81.9M    n/a  n/a
   3   5f |   7 1.0   13   7.2M  171  492  74%    10M |  99.9   n/a   1   27  2.10M   20   23  53%  81.9M    n/a  n/a
   3   60 |   7 1.0   13   7.4M  196  535  73%    10M |  99.9   n/a   1   27  2.03M   20   21  51%  81.9M    n/a  n/a
   3   61 |   7 1.0   13   7.1M  174  454  72%    10M |  99.9   n/a   1   27  1.94M   17   19  52%  81.9M    n/a  n/a
   3   62 |   7 1.0   13   7.3M  183  522  74%    10M |  99.9   n/a   1   27  1.67M   16   21  56%  81.9M    n/a  n/a
   3   63 |   7 1.0   13   7.0M  168  515  75%    10M |  99.9   n/a   1   27  1.92M   19   23  54%  81.9M    n/a  n/a

          |--------------------DL---------------------|-------------------------------UL-----------------------------
 pci rnti | cqi  ri  mcs  brate   ok  nok  (%)  dl_bs | pusch  rsrp  ri  mcs  brate   ok  nok  (%)    bsr     ta  phr
   4   64 |   7 1.0   13   5.0M  147  569  79%    10M |  99.9   n/a   1   27   703k    8   19  70%  81.9M    n/a  n/a
   4   65 |   7 1.0   13   4.9M  143  581  80%    10M |  99.9   n/a   1   27   332k    4   23  85%  81.9M    n/a  n/a
   4   66 |   7 1.0   13   4.8M  145  592  80%    10M |  99.9   n/a   1   27   768k    9   21  70%  81.9M    n/a  n/a
   4   67 |   7 1.0   13   4.7M  137  578  80%    10M |  99.9   n/a   1   27   426k    4   23  85%  81.9M    n/a  n/a
   4   68 |   7 1.0   13   4.5M  144  662  82%    10M |  99.9   n/a   1   27   752k    8   18  69%  81.9M    n/a  n/a
   4   69 |   7 1.0   13   4.9M  142  593  80%    10M |  99.9   n/a   1   27   498k    6   20  76%  81.9M    n/a  n/a
   4   6a |   7 1.0   13   4.8M  149  612  80%    10M |  99.9   n/a   1   27   715k    8   19  70%  81.9M    n/a  n/a
   4   6b |   7 1.0   13   4.8M  144  610  80%    10M |  99.9   n/a   1   27   412k    5   20  80%  81.9M    n/a  n/a
   0   44 |   7 1.0   13   6.5M  167  430  72%    10M |  99.9   n/a   1   27  1.70M   18   16  47%  81.9M    n/a  n/a
   0   45 |   7 1.0   13   6.2M  162  377  69%    10M |  99.9   n/a   1   27  1.93M   19    7  26%  81.9M    n/a  n/a
   0   46 |   7 1.0   13   6.4M  174  447  71%    10M |  99.9   n/a   1   27  1.35M   15   15  50%  81.9M    n/a  n/a
   0   47 |   7 1.0   13   6.7M  168  383  69%    10M |  99.9   n/a   1   27  2.01M   20   17  45%  81.9M    n/a  n/a
   0   48 |   7 1.0   13   6.5M  173  486  73%    10M |  99.9   n/a   1   27  2.28M   23   14  37%  81.9M    n/a  n/a
   0   49 |   7 1.0   13   6.8M  167  408  70%    10M |  99.9   n/a   1   27  2.08M   20   22  52%  81.9M    n/a  n/a
   0   4a |   7 1.0   13   6.2M  158  501  76%    10M |  99.9   n/a   1   27  2.50M   25   14  35%  81.9M    n/a  n/a
   0   4b |   7 1.0   13   6.7M  159  411  72%    10M |  99.9   n/a   1   27  1.85M   19   15  44%  81.9M    n/a  n/a
   1   4c |   7 1.0   12   4.1M   59  421  87%    10M |  99.9   n/a   1   27   611k    3   12  80%  81.9M    n/a  n/a
   1   4d |   7 1.0   12   4.1M   66  485  88%    10M |  99.9   n/a   1   27   804k    4   10  71%  81.9M    n/a  n/a
   1   4e |   7 1.0   12   4.6M   69  422  85%    10M |  99.9   n/a   1   27   976k    5   11  68%  81.9M    n/a  n/a
   1   4f |   7 1.0   12   4.0M   66  464  87%    10M |  99.9   n/a   1   27   803k    4   12  75%  81.9M    n/a  n/a
   1   50 |   7 1.0   12   4.0M   60  457  88%    10M |  99.9   n/a   1   27   984k    5   11  68%  81.9M    n/a  n/a
   1   51 |   7 1.0    0      0    0    0   0%    10M |   n/a   n/a   1    0      0    0    0   0%  81.9M    n/a  n/a
   1   52 |   7 1.0   12   4.1M   61  422  87%    10M |  99.9   n/a   1   27   598k    3   13  81%  81.9M    n/a  n/a
   1   53 |   7 1.0   12   4.1M   59  414  87%    10M |  99.9   n/a   1   27   598k    3   11  78%  81.9M    n/a  n/a
   2   54 |   7 1.0   14   4.3M  139  603  81%    10M |  99.9   n/a   1   27  1.02M   13   15  53%  81.9M    n/a  n/a
   2   55 |   7 1.0   13   4.2M  136  555  80%    10M |  99.9   n/a   1   27   689k    9   16  64%  81.9M    n/a  n/a
   2   56 |   7 1.0   14   4.3M  139  582  80%    10M |  99.9   n/a   1   27   666k    9   20  68%  81.9M    n/a  n/a
   2   57 |   7 1.0   13   4.1M  128  591  82%    10M |  99.9   n/a   1   27   562k    7   25  78%  81.9M    n/a  n/a
   2   58 |   7 1.0   14   4.1M  141  633  81%    10M |  99.9   n/a   1   27   823k    9   17  65%  81.9M    n/a  n/a
   2   59 |   7 1.0   13   4.2M  136  595  81%    10M |  99.9   n/a   1   27  1.20M   15   17  53%  81.9M    n/a  n/a
   2   5a |   7 1.0   14   4.5M  145  677  82%    10M |  99.9   n/a   1   27   672k    7   22  75%  81.9M    n/a  n/a
   2   5b |   7 1.0   13   4.1M  134  576  81%    10M |  99.9   n/a   1   27   512k    6   23  79%  81.9M    n/a  n/a
   3   5c |   7 1.0   13   7.4M  198  504  71%    10M |  99.9   n/a   1   27  1.98M   21   13  38%  81.9M    n/a  n/a
   3   5d |   7 1.0   13   6.5M  166  499  75%    10M |  99.9   n/a   1   27  1.99M   19   16  45%  81.9M    n/a  n/a
   3   5e |   7 1.0   13   7.1M  189  476  71%    10M |  99.9   n/a   1   27  1.61M   17   15  46%  81.9M    n/a  n/a
   3   5f |   7 1.0   13   6.8M  177  466  72%    10M |  99.9   n/a   1   27  1.71M   18   23  56%  81.9M    n/a  n/a
   3   60 |   7 1.0   13   7.0M  186  555  74%    10M |  99.9   n/a   1   27  1.72M   17   17  50%  81.9M    n/a  n/a
   3   61 |   7 1.0   13   6.8M  171  474  73%    10M |  99.9   n/a   1   27  1.93M   21   17  44%  81.9M    n/a  n/a
   3   62 |   7 1.0   13   7.0M  177  579  76%    10M |  99.9   n/a   1   27  1.93M   20   19  48%  81.9M    n/a  n/a
   3   63 |   7 1.0   13   6.8M  167  536  76%    10M |  99.9   n/a   1   27  2.36M   25   13  34%  81.9M    n/a  n/a
   4   64 |   7 1.0   13   6.3M  204  636  75%    10M |  99.9   n/a   1   27  1.39M   16   23  58%  81.9M    n/a  n/a
   4   65 |   7 1.0   13   5.8M  175  528  75%    10M |  99.9   n/a   1   27  1.09M   13   19  59%  81.9M    n/a  n/a
   4   66 |   7 1.0   13   6.5M  202  474  70%    10M |  99.9   n/a   1   27  1.38M   15   24  61%  81.9M    n/a  n/a
   4   67 |   7 1.0   13   5.9M  171  528  75%    10M |  99.9   n/a   1   27  1.42M   16   22  57%  81.9M    n/a  n/a
   4   68 |   7 1.0   13   6.3M  185  611  76%    10M |  99.9   n/a   1   27  1.46M   16   23  58%  81.9M    n/a  n/a
   4   69 |   7 1.0   13   6.2M  179  521  74%    10M |  99.9   n/a   1   27  1.41M   15   21  58%  81.9M    n/a  n/a
   4   6a |   7 1.0   13   6.2M  191  526  73%    10M |  99.9   n/a   1   27  1.54M   17   21  55%  81.9M    n/a  n/a
   4   6b |   7 1.0   13   6.0M  173  509  74%    10M |  99.9   n/a   1   27  1.43M   16   21  56%  81.9M    n/a  n/a
   0   44 |   7 1.0   13   7.0M  200  466  69%    10M |  99.9   ovl   1   27  2.74M   26   11  29%  81.9M   283n  n/a
   0   45 |   7 1.0   13   6.9M  172  449  72%    10M |  99.9   n/a   1   27  2.44M   22   13  37%  81.9M    n/a  n/a
   0   46 |   7 1.0   13   6.7M  171  476  73%    10M |  99.9   n/a   1   27  2.22M   22    9  29%  81.9M    n/a  n/a
   0   47 |   7 1.0   13   6.9M  175  427  70%    10M |  99.9   ovl   1   27  3.05M   27   12  30%  81.9M   447n  n/a
   0   48 |   7 1.0   13   7.0M  175  519  74%    10M |  99.9   ovl   1   27  2.69M   25   12  32%  81.9M  -478n  n/a
   0   49 |   7 1.0   13   6.6M  163  424  72%    10M |  99.9   ovl   1   27  2.89M   29   12  29%  81.9M   -38n  n/a
   0   4a |   7 1.0   13   6.7M  178  490  73%    10M |  99.9   ovl   1   27  2.18M   20   13  39%  81.9M   -70n  n/a
   0   4b |   7 1.0   13   6.9M  168  427  71%    10M |  99.9   ovl   1   27  2.87M   27   13  32%  81.9M  -289n  n/a
   1   4c |   7 1.0   12   5.3M   88  386  81%    10M |  99.9   n/a   1   27  1.39M    7   13  65%  81.9M    n/a  n/a
   1   4d |   7 1.0   12   5.5M   89  350  79%    10M |  99.9   n/a   1   27  1.19M    6    9  60%  81.9M    n/a  n/a
   1   4e |   7 1.0   12   5.5M   79  384  82%    10M |  99.9   n/a   1   27  1.58M    8    8  50%  81.9M    n/a  n/a
   1   4f |   7 1.0   12   5.2M   91  371  80%    10M |  99.9   n/a   1   27  1.58M    8    6  42%  81.9M    n/a  n/a
   1   50 |   7 1.0   12   5.2M   83  370  81%    10M |  99.9   ovl   1   27  1.60M    8   11  57%  81.9M   897n  n/a
   1   51 |   7 1.0    0      0    0    0   0%    10M |   n/a   n/a   1    0      0    0    0   0%  81.9M    n/a  n/a
   1   52 |   7 1.0   12   5.6M   96  367  79%    10M |  99.9   n/a   1   27   783k    4    6  60%  81.9M    n/a  n/a
   1   53 |   7 1.0   12   5.2M   99  305  75%    10M |  99.9   n/a   1   27  1.20M    6    7  53%  81.9M    n/a  n/a
   2   54 |   7 1.0   14   5.1M  169  662  79%    10M |  99.9   n/a   1   27  1.13M   16   18  52%  81.9M    n/a  n/a
   2   55 |   7 1.0   14   4.8M  136  564  80%    10M |  99.9   n/a   1   27   972k   12   16  57%  81.9M    n/a  n/a
   2   56 |   7 1.0   14   4.9M  162  565  77%    10M |  99.9   n/a   1   27  1.02M   14   18  56%  81.9M    n/a  n/a
   2   57 |   7 1.0   14   4.8M  135  589  81%    10M |  99.9   n/a   1   27  1.17M   15   14  48%  81.9M    n/a  n/a
   2   58 |   7 1.0   14   5.0M  156  600  79%    10M |  99.9   n/a   1   27   918k   12   19  61%  81.9M    n/a  n/a
   2   59 |   7 1.0   14   4.7M  142  556  79%    10M |  99.9   n/a   1   27  1.29M   17   11  39%  81.9M    n/a  n/a
   2   5a |   7 1.0   14   4.9M  155  570  78%    10M |  99.9   n/a   1   27  1.13M   16   17  51%  81.9M    n/a  n/a
   2   5b |   7 1.0   14   4.8M  138  567  80%    10M |  99.9   n/a   1   27  1.32M   17   13  43%  81.9M    n/a  n/a
   3   5c |   7 1.0   13   4.3M  107  678  86%    10M |  99.9   n/a   1   27   846k    9   21  70%  81.9M    n/a  n/a
   3   5d |   7 1.0   13   4.2M  110  663  85%    10M |  99.9   n/a   1   27   365k    4   18  81%  81.9M    n/a  n/a
   3   5e |   7 1.0   13   4.7M  128  646  83%    10M |  99.9   n/a   1   27   596k    7   19  73%  81.9M    n/a  n/a
   3   5f |   7 1.0   13   4.1M  103  610  85%    10M |  99.9   n/a   1   27   820k    9   13  59%  81.9M    n/a  n/a
   3   60 |   7 1.0   13   4.3M  111  604  84%    10M |  99.9   n/a   1   27   828k    9   16  64%  81.9M    n/a  n/a
   3   61 |   7 1.0   13   4.3M  104  626  85%    10M |  99.9   n/a   1   27   676k    7   21  75%  81.9M    n/a  n/a
   3   62 |   7 1.0   13   4.4M  117  707  85%    10M |  99.9   n/a   1   27   670k    7   16  69%  81.9M    n/a  n/a
   3   63 |   7 1.0   13   4.3M  108  588  84%    10M |  99.9   n/a   1   27   645k    6   17  73%  81.9M    n/a  n/a
   4   64 |   7 1.0   14   6.1M  182  506  73%    10M |  99.9   ovl   1   27  2.07M   23   11  32%  81.9M    74n  n/a
   4   65 |   7 1.0   13   5.8M  170  492  74%    10M |  99.9   ovl   1   27  2.02M   23   16  41%  81.9M  -836n  n/a
   4   66 |   7 1.0   13   6.5M  205  462  69%    10M |  99.9   ovl   1   27  2.27M   26   16  38%  81.9M     8n  n/a
   4   67 |   7 1.0   13   5.5M  162  531  76%    10M |  99.9   ovl   1   27  1.89M   22   12  35%  81.9M   135n  n/a
   4   68 |   7 1.0   13   6.2M  180  517  74%    10M |  99.9   ovl   1   27  2.08M   24   15  38%  81.9M    54n  n/a
   4   69 |   7 1.0   13   6.0M  165  492  74%    10M |  99.9   ovl   1   27  1.90M   23   14  37%  81.9M  -153n  n/a
   4   6a |   7 1.0   13   6.1M  179  484  73%    10M |  99.9   ovl   1   27  2.46M   28   15  34%  81.9M   129n  n/a
   4   6b |   7 1.0   13   5.9M  164  515  75%    10M |  99.9   ovl   1   27  2.56M   30   12  28%  81.9M  -519n  n/a

          |--------------------DL---------------------|-------------------------------UL-----------------------------
 pci rnti | cqi  ri  mcs  brate   ok  nok  (%)  dl_bs | pusch  rsrp  ri  mcs  brate   ok  nok  (%)    bsr     ta  phr
   0   44 |   7 1.0   14   6.7M  183  503  73%    10M |  99.9   ovl   1   27  2.92M   26   13  33%  81.9M  -639n  n/a
   0   45 |   7 1.0   14   6.7M  164  487  74%    10M |  99.9   ovl   1   27  2.30M   23   18  43%  81.9M    23n  n/a
   0   46 |   7 1.0   14   7.1M  186  467  71%    10M |  99.9   ovl   1   27  1.85M   18   20  52%  81.9M  -161n  n/a
   0   47 |   7 1.0   14   6.7M  172  487  73%    10M |  99.9   ovl   1   27  2.20M   23   18  43%  81.9M  -114n  n/a
   0   48 |   7 1.0   14   6.6M  169  485  74%    10M |  99.9   ovl   1   27  1.78M   17   15  46%  81.9M   -54n  n/a
   0   49 |   7 1.0   14   6.6M  162  460  73%    10M |  99.9   ovl   1   27  2.00M   19   11  36%  81.9M  -269n  n/a
   0   4a |   7 1.0   14   7.0M  171  477  73%    10M |  99.9   ovl   1   27  2.05M   20   18  47%  81.9M  -486n  n/a
   0   4b |   7 1.0   14   6.3M  156  461  74%    10M |  99.9   ovl   1   27  2.54M   24   15  38%  81.9M  -276n  n/a
   1   4c |   7 1.0   12   5.6M   82  180  68%    10M |  99.9   ovl   1   27  1.81M    9    6  40%  81.9M  -234n  n/a
   1   4d |   7 1.0   12   5.8M   85  180  67%    10M |  99.9   ovl   1   27  1.01M    5    9  64%  81.9M   872n  n/a
   1   4e |   7 1.0   12   6.0M   92  171  65%    10M |  99.9   n/a   1   27  1.39M    7    7  50%  81.9M    n/a  n/a
   1   4f |   7 1.0   12   5.6M   96  232  70%    10M |  99.9   n/a   1   27  1.76M    9    9  50%  81.9M    n/a  n/a
   1   50 |   7 1.0   12   5.8M   90  214  70%    10M |  99.9   n/a   1   27  2.98M   15    8  34%  81.9M    n/a  n/a
   1   51 |   7 1.0    0      0    0    0   0%    10M |   n/a   n/a   1    0      0    0    0   0%  81.9M    n/a  n/a
   1   52 |   7 1.0   12   5.3M   94  272  74%    10M |  99.9   ovl   1   27  2.21M   11   13  54%  81.9M   880n  n/a
   1   53 |   7 1.0   12   5.4M   85  228  72%    10M |  99.9   n/a   1   27  1.81M    9    9  50%  81.9M    n/a  n/a
   2   54 |   7 1.0   14   5.5M  175  574  76%    10M |  99.9   n/a   1   27   835k   11   14  56%  81.9M    n/a  n/a
   2   55 |   7 1.0   14   5.8M  175  473  72%    10M |  99.9   n/a   1   27  1.31M   15   18  54%  81.9M    n/a  n/a
   2   56 |   7 1.0   14   5.8M  202  577  74%    10M |  99.9   n/a   1   27   976k   14   17  54%  81.9M    n/a  n/a
   2   57 |   7 1.0   14   5.8M  187  574  75%    10M |  99.9   n/a   1   27  1.10M   14   18  56%  81.9M    n/a  n/a
   2   58 |   7 1.0   14   5.8M  178  527  74%    10M |  99.9   n/a   1   27   986k   13   19  59%  81.9M    n/a  n/a
   2   59 |   7 1.0   14   5.9M  176  471  72%    10M |  99.9   n/a   1   27  1.18M   15   18  54%  81.9M    n/a  n/a
   2   5a |   7 1.0   14   6.1M  191  556  74%    10M |  99.9   n/a   1   27  1.26M   17   14  45%  81.9M    n/a  n/a
   2   5b |   7 1.0   14   5.8M  176  557  75%    10M |  99.9   n/a   1   27  1.32M   17   17  50%  81.9M    n/a  n/a
   3   5c |   7 1.0   14   6.1M  144  567  79%    10M |  99.9   n/a   1   27   930k   10   19  65%  81.9M    n/a  n/a
   3   5d |   7 1.0   14   5.6M  143  545  79%    10M |  99.9   n/a   1   27  1.19M   12   19  61%  81.9M    n/a  n/a
   3   5e |   7 1.0   14   5.9M  149  571  79%    10M |  99.9   n/a   1   27  1.39M   13   17  56%  81.9M    n/a  n/a
   3   5f |   7 1.0   14   5.6M  144  576  80%    10M |  99.9   n/a   1   27   895k    9   19  67%  81.9M    n/a  n/a
   3   60 |   7 1.0   14   5.7M  146  633  81%    10M |  99.9   n/a   1   27  1.17M   12   16  57%  81.9M    n/a  n/a
   3   61 |   7 1.0   14   5.7M  139  548  79%    10M |  99.9   n/a   1   27  1.55M   14   18  56%  81.9M    n/a  n/a
   3   62 |   7 1.0   14   6.1M  159  565  78%    10M |  99.9   n/a   1   27  1.05M    9   20  68%  81.9M    n/a  n/a
   3   63 |   7 1.0   14   5.5M  131  536  80%    10M |  99.9   n/a   1   27  1.25M   13   21  61%  81.9M    n/a  n/a
   4   64 |   7 1.0   14   5.1M  134  576  81%    10M |  99.9   ovl   1   27  1.35M   15   20  57%  81.9M    40n  n/a
   4   65 |   7 1.0   14   5.4M  153  546  78%    10M |  99.9   ovl   1   27  1.73M   19   16  45%  81.9M   170n  n/a
   4   66 |   7 1.0   14   5.0M  150  643  81%    10M |  99.9   ovl   1   27  2.12M   25   16  39%  81.9M    50n  n/a
   4   67 |   7 1.0   13   5.2M  154  526  77%    10M |  99.9   ovl   1   27  1.40M   15   20  57%  81.9M   894n  n/a
   4   68 |   7 1.0   14   4.4M  139  656  82%    10M |  99.9   ovl   1   27  1.48M   16   14  46%  81.9M  -610n  n/a
   4   69 |   7 1.0   14   5.4M  161  514  76%    10M |  99.9   n/a   1   27   840k   10   19  65%  81.9M    n/a  n/a
   4   6a |   7 1.0   14   4.7M  132  626  82%    10M |  99.9   n/a   1   27  1.79M   19   11  36%  81.9M    n/a  n/a
   4   6b |   7 1.0   14   5.4M  153  523  77%    10M |  99.9   ovl   1   27  1.34M   16   16  50%  81.9M   831n  n/a
   0   44 |   7 1.0   14   7.2M  185  538  74%    10M |  99.9   ovl   1   27  1.43M   14   18  56%  81.9M    26n  n/a
   0   45 |   7 1.0   14   7.0M  161  471  74%    10M |  99.9   ovl   1   27  2.33M   21   14  40%  81.9M  -551n  n/a
   0   46 |   7 1.0   14   7.2M  184  539  74%    10M |  99.9   ovl   1   27  2.37M   23   12  34%  81.9M   -66n  n/a
   0   47 |   7 1.0   14   7.1M  170  431  71%    10M |  99.9   ovl   1   27  1.64M   17   13  43%  81.9M  -444n  n/a
   0   48 |   7 1.0   14   7.1M  171  519  75%    10M |  99.9   ovl   1   27  2.12M   22   13  37%  81.9M  -219n  n/a
   0   49 |   7 1.0   14   7.4M  174  383  68%    10M |  99.9   ovl   1   27  1.31M   12   18  60%  81.9M    17n  n/a
   0   4a |   7 1.0   14   6.9M  167  562  77%    10M |  99.9   ovl   1   27  2.50M   25    7  21%  81.9M  -138n  n/a
   0   4b |   7 1.0   14   7.4M  187  469  71%    10M |  99.9   ovl   1   27  2.39M   24   16  40%  81.9M   116n  n/a
   1   4c |   7 1.0   12   4.2M   69  276  80%    10M |   n/a   n/a   1   27      0    0    9 100%  81.9M    n/a  n/a
   1   4d |   7 1.0   12   5.0M   87  235  72%    10M |  99.9   ovl   1   27  2.20M   11    9  45%  81.9M  -234n  n/a
   1   4e |   7 1.0   12   4.9M   80  207  72%    10M |  99.9   n/a   1   27  1.02M    5   15  75%  81.9M    n/a  n/a
   1   4f |   7 1.0   12   5.0M   86  237  73%    10M |  99.9   ovl   1   27   799k    4   11  73%  81.9M   897n  n/a
   1   50 |   7 1.0   12   5.3M   84  231  73%    10M |  99.9   n/a   1   27   996k    5    9  64%  81.9M    n/a  n/a
   1   51 |   7 1.0    0      0    0    0   0%    10M |   n/a   n/a   1    0      0    0    0   0%  81.9M    n/a  n/a
   1   52 |   7 1.0   12   4.9M   82  235  74%    10M |  99.9   ovl   1   27  1.61M    8   11  57%  81.9M   872n  n/a
   1   53 |   7 1.0   12   5.1M   84  210  71%    10M |  99.9   n/a   1   27   209k    1    8  88%  81.9M    n/a  n/a
   2   54 |   7 1.0   14   4.9M  162  580  78%    10M |  99.9   n/a   1   27  1.63M   21   18  46%  81.9M    n/a  n/a
   2   55 |   7 1.0   14   4.5M  138  605  81%    10M |  99.9   n/a   1   27  1.20M   18   21  53%  81.9M    n/a  n/a
   2   56 |   7 1.0   14   5.3M  167  549  76%    10M |  99.9   n/a   1   27  1.52M   20   20  50%  81.9M    n/a  n/a
   2   57 |   7 1.0   14   4.7M  145  572  79%    10M |  99.9   n/a   1   27  1.74M   24   19  44%  81.9M    n/a  n/a
   2   58 |   7 1.0   14   5.0M  159  580  78%    10M |  99.9   n/a   1   27  1.60M   21   21  50%  81.9M    n/a  n/a
   2   59 |   7 1.0   14   5.0M  147  579  79%    10M |  99.9   n/a   1   27  1.35M   19   16  45%  81.9M    n/a  n/a
   2   5a |   7 1.0   14   5.0M  161  547  77%    10M |  99.9   n/a   1   27  1.57M   22   23  51%  81.9M    n/a  n/a
   2   5b |   7 1.0   14   4.8M  140  551  79%    10M |  99.9   n/a   1   27  1.48M   21   20  48%  81.9M    n/a  n/a
   3   5c |   7 1.0   14   6.0M  152  622  80%    10M |  99.9   n/a   1   27   877k    8   18  69%  81.9M    n/a  n/a
   3   5d |   7 1.0   14   5.5M  134  647  82%    10M |  99.9   n/a   1   27   820k    9   21  70%  81.9M    n/a  n/a
   3   5e |   7 1.0   14   6.1M  153  583  79%    10M |  99.9   n/a   1   27   662k    7   26  78%  81.9M    n/a  n/a
   3   5f |   7 1.0   14   5.7M  138  553  80%    10M |  99.9   n/a   1   27   736k    7   21  75%  81.9M    n/a  n/a
   3   60 |   7 1.0   14   5.6M  142  586  80%    10M |  99.9   n/a   1   27   633k    6   24  80%  81.9M    n/a  n/a
   3   61 |   7 1.0   14   5.7M  131  569  81%    10M |  99.9   n/a   1   27  1.04M   10   23  69%  81.9M    n/a  n/a
   3   62 |   7 1.0   14   5.5M  142  597  80%    10M |  99.9   n/a   1   27   635k    6   25  80%  81.9M    n/a  n/a
   3   63 |   7 1.0   14   5.8M  133  562  80%    10M |  99.9   n/a   1   27   752k    8   20  71%  81.9M    n/a  n/a
   4   64 |   7 1.0   14   7.4M  212  443  67%    10M |  99.9   ovl   1   27  2.19M   24    8  25%  81.9M    -1u  n/a
   4   65 |   7 1.0   14   6.9M  177  472  72%    10M |  99.9   ovl   1   27  2.57M   28    9  24%  81.9M  -858n  n/a
   4   66 |   7 1.0   14   7.1M  202  510  71%    10M |  99.9   ovl   1   27  2.19M   25   10  28%  81.9M  -858n  n/a
   4   67 |   7 1.0   14   6.9M  176  475  72%    10M |  99.9   ovl   1   27  1.48M   16   19  54%  81.9M   219n  n/a
   4   68 |   7 1.0   14   6.7M  182  471  72%    10M |  99.9   ovl   1   27  2.05M   22   16  42%  81.9M   894n  n/a
   4   69 |   7 1.0   14   6.6M  177  466  72%    10M |  99.9   ovl   1   27  1.94M   21   17  44%  81.9M   276n  n/a
   4   6a |   7 1.0   14   6.9M  194  499  72%    10M |  99.9   ovl   1   27  1.82M   19   13  40%  81.9M  -122n  n/a
   4   6b |   7 1.0   14   7.0M  182  463  71%    10M |  99.9   ovl   1   27  2.41M   25    7  21%  81.9M    96n  n/a
   0   44 |   7 1.0   14   7.2M  172  480  73%    10M |  99.9   ovl   1   27  2.24M   23   15  39%  81.9M  -326n  n/a
   0   45 |   7 1.0   14   6.8M  170  516  75%    10M |  99.9   ovl   1   27  2.69M   28   11  28%  81.9M  -152n  n/a
   0   46 |   7 1.0   14   7.3M  187  452  70%    10M |  99.9   ovl   1   27  3.00M   32   16  33%  81.9M  -293n  n/a
   0   47 |   7 1.0   14   7.0M  162  484  74%    10M |  99.9   ovl   1   27  1.82M   19   10  34%  81.9M  -133n  n/a
   0   48 |   7 1.0   14   7.2M  169  524  75%    10M |  99.9   ovl   1   27  2.61M   27   14  34%  81.9M   -75n  n/a
   0   49 |   7 1.0   14   6.9M  166  491  74%    10M |  99.9   ovl   1   27  2.37M   22   13  37%  81.9M  -283n  n/a
   0   4a |   7 1.0   14   6.8M  173  516  74%    10M |  99.9   ovl   1   27  3.29M   33   15  31%  81.9M  -141n  n/a
   0   4b |   7 1.0   14   6.9M  166  528  76%    10M |  99.9   ovl   1   27  2.80M   28   12  30%  81.9M  -186n  n/a

          |--------------------DL---------------------|-------------------------------UL-----------------------------
 pci rnti | cqi  ri  mcs  brate   ok  nok  (%)  dl_bs | pusch  rsrp  ri  mcs  brate   ok  nok  (%)    bsr     ta  phr
   1   4c |   7 1.0   12   5.5M   91  289  76%    10M |  99.9   ovl   1   27  1.96M   10    8  44%  81.9M  -234n  n/a
   1   4d |   7 1.0   13   5.1M   84  329  79%    10M |  99.9   ovl   1   27  3.00M   15    4  21%  81.9M    49n  n/a
   1   4e |   7 1.0   12   5.3M   93  284  75%    10M |  99.9   n/a   1   27  1.59M    8   11  57%  81.9M    n/a  n/a
   1   4f |   7 1.0   13   6.1M   97  300  75%    10M |  99.9   ovl   1   27  1.78M    9    5  35%  81.9M   897n  n/a
   1   50 |   7 1.0   13   6.0M   87  258  74%    10M |  99.9   n/a   1   27  1.40M    7    8  53%  81.9M    n/a  n/a
   1   51 |   7 1.0    0      0    0    0   0%    10M |   n/a   n/a   1    0      0    0    0   0%  81.9M    n/a  n/a
   1   52 |   7 1.0   13   6.0M   96  244  71%    10M |  99.9   n/a   1   27  1.19M    6    3  33%  81.9M    n/a  n/a
   1   53 |   7 1.0   13   6.2M   98  297  75%    10M |  99.9   n/a   1   27  1.99M   10    6  37%  81.9M    n/a  n/a
   2   54 |   7 1.0   15   4.9M  165  634  79%    10M |  99.9   n/a   1   27   501k    7   19  73%  81.9M    n/a  n/a
   2   55 |   7 1.0   15   5.2M  142  489  77%    10M |  99.9   n/a   1   27   912k   12   18  60%  81.9M    n/a  n/a
   2   56 |   7 1.0   15   4.7M  148  623  80%    10M |  99.9   n/a   1   27   796k    9   19  67%  81.9M    n/a  n/a
   2   57 |   7 1.0   15   5.2M  154  526  77%    10M |  99.9   n/a   1   27   916k   12   18  60%  81.9M    n/a  n/a
   2   58 |   7 1.0   15   4.8M  143  623  81%    10M |  99.9   n/a   1   27  1.13M   14   21  60%  81.9M    n/a  n/a
   2   59 |   7 1.0   15   4.9M  138  536  79%    10M |  99.9   n/a   1   27   739k   10   17  62%  81.9M    n/a  n/a
   2   5a |   7 1.0   15   5.1M  149  587  79%    10M |  99.9   n/a   1   27   663k    9   18  66%  81.9M    n/a  n/a
   2   5b |   7 1.0   15   5.3M  150  492  76%    10M |  99.9   n/a   1   27  1.11M   13   17  56%  81.9M    n/a  n/a
   3   5c |   7 1.0   14   5.5M  131  597  82%    10M |  99.9   n/a   1   27  1000k   10   13  56%  81.9M    n/a  n/a
   3   5d |   7 1.0   14   4.9M  114  553  82%    10M |  99.9   n/a   1   27   639k    7   12  63%  81.9M    n/a  n/a
   3   5e |   7 1.0   14   5.2M  119  627  84%    10M |  99.9   n/a   1   27  1.11M   11   12  52%  81.9M    n/a  n/a
   3   5f |   7 1.0   14   5.0M  116  583  83%    10M |  99.9   n/a   1   27  1.22M   13   13  50%  81.9M    n/a  n/a
   3   60 |   7 1.0   14   5.3M  130  605  82%    10M |  99.9   n/a   1   27   889k   10   10  50%  81.9M    n/a  n/a
   3   61 |   7 1.0   14   4.9M  120  572  82%    10M |  99.9   n/a   1   27  1.00M   10   13  56%  81.9M    n/a  n/a
   3   62 |   7 1.0   14   5.3M  134  695  83%    10M |  99.9   n/a   1   27   690k    8   11  57%  81.9M    n/a  n/a
   3   63 |   7 1.0   14   5.1M  123  610  83%    10M |  99.9   n/a   1   27   857k    8   14  63%  81.9M    n/a  n/a
   4   64 |   7 1.0   15   6.0M  177  545  75%    10M |  99.9   ovl   1   27  1.89M   21   14  40%  81.9M  -858n  n/a
   4   65 |   7 1.0   14   4.8M  137  573  80%    10M |  99.9   ovl   1   27  2.11M   24   10  29%  81.9M   465n  n/a
   4   66 |   7 1.0   14   6.0M  177  582  76%    10M |  99.9   ovl   1   27  1.78M   20   15  42%  81.9M  -122n  n/a
   4   67 |   7 1.0   14   4.9M  134  594  81%    10M |  99.9   ovl   1   27  1.56M   17   15  46%  81.9M  -708n  n/a
   4   68 |   7 1.0   14   5.0M  146  675  82%    10M |  99.9   ovl   1   27  1.66M   18   16  47%  81.9M  -829n  n/a
   4   69 |   7 1.0   14   4.7M  128  602  82%    10M |  99.9   ovl   1   27  2.09M   24   12  33%  81.9M  -165n  n/a
   4   6a |   7 1.0   14   6.4M  185  475  71%    10M |  99.9   ovl   1   27  1.45M   17   12  41%  81.9M    81n  n/a
   4   6b |   7 1.0   14   4.8M  130  585  81%    10M |  99.9   ovl   1   27  1.86M   21   14  40%  81.9M  -580n  n/a
   0   44 |   7 1.0   15   7.2M  163  521  76%    10M |  99.9   ovl   1   27  2.46M   25   12  32%  81.9M  -290n  n/a
   0   45 |   7 1.0   15   7.3M  169  527  75%    10M |  99.9   ovl   1   27  2.13M   20   13  39%  81.9M  -120n  n/a
   0   46 |   7 1.0   15   7.4M  167  516  75%    10M |  99.9   ovl   1   27  2.44M   25   17  40%  81.9M  -118n  n/a
   0   47 |   7 1.0   15   7.1M  160  509  76%    10M |  99.9   ovl   1   27  1.82M   19   12  38%  81.9M  -216n  n/a
   0   48 |   7 1.0   15   7.9M  190  503  72%    10M |  99.9   ovl   1   27  2.27M   22   16  42%  81.9M  -139n  n/a
   0   49 |   7 1.0   15   7.1M  161  526  76%    10M |  99.9   ovl   1   27  2.35M   23   14  37%  81.9M  -372n  n/a
   0   4a |   7 1.0   15   7.0M  163  495  75%    10M |  99.9   ovl   1   27  2.75M   27   11  28%  81.9M   -51n  n/a
   0   4b |   7 1.0   15   7.2M  169  502  74%    10M |  99.9   ovl   1   27  1.92M   19   12  38%  81.9M    81n  n/a
   1   4c |   7 1.0   13   4.6M   75  383  83%    10M |  99.9   n/a   1   27  2.01M   10   10  50%  81.9M    n/a  n/a
   1   4d |   7 1.0   13   4.3M   65  394  85%    10M |  99.9   n/a   1   27   611k    3    5  62%  81.9M    n/a  n/a
   1   4e |   7 1.0   13   4.7M   74  421  85%    10M |  99.9   n/a   1   27  1.59M    8    6  42%  81.9M    n/a  n/a
   1   4f |   7 1.0   13   4.3M   66  392  85%    10M |  99.9   n/a   1   27  2.00M   10    9  47%  81.9M    n/a  n/a
   1   50 |   7 1.0   13   4.9M   81  456  84%    10M |  99.9   n/a   1   27  1.19M    6   11  64%  81.9M    n/a  n/a
   1   51 |   7 1.0    0      0    0    0   0%    10M |   n/a   n/a   1    0      0    0    0   0%  81.9M    n/a  n/a
   1   52 |   7 1.0   13   5.0M   80  411  83%    10M |  99.9   n/a   1   27   394k    2    7  77%  81.9M    n/a  n/a
   1   53 |   7 1.0   13   4.6M   73  408  84%    10M |  99.9   ovl   1   27  1.40M    7   11  61%  81.9M   872n  n/a
   2   54 |   7 1.0   15   5.7M  184  621  77%    10M |  99.9   ovl   1   27  1.77M   23   14  37%  81.9M  -537n  n/a
   2   55 |   7 1.0   15   5.7M  159  542  77%    10M |  99.9   ovl   1   27  1.52M   18   14  43%  81.9M    46n  n/a
   2   56 |   7 1.0   15   5.9M  179  614  77%    10M |  99.9   ovl   1   27  1.73M   23   16  41%  81.9M  -228n  n/a
   2   57 |   7 1.0   15   5.7M  162  544  77%    10M |  99.9   ovl   1   27  1.52M   20   16  44%  81.9M   237n  n/a
   2   58 |   7 1.0   15   6.1M  181  552  75%    10M |  99.9   ovl   1   27  1.42M   17   18  51%  81.9M  -228n  n/a
   2   59 |   7 1.0   15   5.9M  167  486  74%    10M |  99.9   ovl   1   27  1.39M   17   16  48%  81.9M  -181n  n/a
   2   5a |   7 1.0   15   5.8M  170  628  78%    10M |  99.9   ovl   1   27  1.32M   18   15  45%  81.9M   127n  n/a
   2   5b |   7 1.0   15   5.7M  159  570  78%    10M |  99.9   ovl   1   27  1.45M   18   16  47%  81.9M  -137n  n/a
   3   5c |   7 1.0   14   7.0M  168  524  75%    10M |  99.9   n/a   1   27  1.53M   15   18  54%  81.9M    n/a  n/a
   3   5d |   7 1.0   14   6.6M  160  540  77%    10M |  99.9   n/a   1   27  2.03M   21   15  41%  81.9M    n/a  n/a
   3   5e |   7 1.0   14   6.8M  165  639  79%    10M |  99.9   n/a   1   27  1.88M   19   17  47%  81.9M    n/a  n/a
   3   5f |   7 1.0   14   6.7M  160  507  76%    10M |  99.9   n/a   1   27  1.92M   18   13  41%  81.9M    n/a  n/a
   3   60 |   7 1.0   14   7.1M  163  586  78%    10M |  99.9   n/a   1   27  1.52M   17   21  55%  81.9M    n/a  n/a
   3   61 |   7 1.0   14   6.4M  151  568  78%    10M |  99.9   n/a   1   27  1.82M   19   16  45%  81.9M    n/a  n/a
   3   62 |   7 1.0   14   6.9M  165  623  79%    10M |  99.9   n/a   1   27  1.87M   19   14  42%  81.9M    n/a  n/a
   3   63 |   7 1.0   14   6.7M  154  559  78%    10M |  99.9   n/a   1   27  1.57M   17   17  50%  81.9M    n/a  n/a
   4   64 |   7 1.0   15   4.8M  125  712  85%    10M |  99.9   n/a   1   27   766k    9   19  67%  81.9M    n/a  n/a
   4   65 |   7 1.0   14   4.7M  123  599  82%    10M |  99.9   n/a   1   27   850k   10   16  61%  81.9M    n/a  n/a
   4   66 |   7 1.0   15   4.7M  120  677  84%    10M |  99.9   n/a   1   27   797k   10   16  61%  81.9M    n/a  n/a
   4   67 |   7 1.0   14   4.5M  118  679  85%    10M |  99.9   n/a   1   27   879k   11   18  62%  81.9M    n/a  n/a
   4   68 |   7 1.0   15   4.8M  120  655  84%    10M |  99.9   n/a   1   27  1.10M   13   16  55%  81.9M    n/a  n/a
   4   69 |   7 1.0   14   4.6M  118  617  83%    10M |  99.9   n/a   1   27  1.01M   11   12  52%  81.9M    n/a  n/a
   4   6a |   7 1.0   15   4.6M  116  692  85%    10M |  99.9   n/a   1   27   787k   10   20  66%  81.9M    n/a  n/a
   4   6b |   7 1.0   14   4.7M  128  607  82%    10M |  99.9   n/a   1   27  1.00M   11   13  54%  81.9M    n/a  n/a
   0   44 |   7 1.0   15   7.6M  177  544  75%    10M |  99.9   n/a   1   27  1.79M   17   16  48%  81.9M    n/a  n/a
   0   45 |   7 1.0   15   7.2M  152  518  77%    10M |  99.9   ovl   1   27  1.13M   11   15  57%  81.9M   213n  n/a
   0   46 |   7 1.0   15   7.0M  158  575  78%    10M |  99.9   n/a   1   27  1.42M   15   17  53%  81.9M    n/a  n/a
   0   47 |   7 1.0   15   7.3M  159  555  77%    10M |  99.9   ovl   1   27  1.59M   15   14  48%  81.9M  -285n  n/a
   0   48 |   7 1.0   15   7.4M  182  522  74%    10M |  99.9   n/a   1   27  1.81M   16   11  40%  81.9M    n/a  n/a
   0   49 |   7 1.0   15   7.2M  162  509  75%    10M |  99.9   ovl   1   27  2.25M   22   13  37%  81.9M    36n  n/a
   0   4a |   7 1.0   15   7.8M  186  531  74%    10M |  99.9   n/a   1   27  2.23M   21   16  43%  81.9M    n/a  n/a
   0   4b |   7 1.0   15   7.5M  162  516  76%    10M |  99.9   n/a   1   27  1.90M   18   11  37%  81.9M    n/a  n/a
   1   4c |   7 1.0   13   5.8M   81  337  80%    10M |  99.9   n/a   1   27   603k    3    7  70%  81.9M    n/a  n/a
   1   4d |   7 1.0   13   6.3M   87  237  73%    10M |  99.9   ovl   1   27   603k    3    7  70%  81.9M  -234n  n/a
   1   4e |   7 1.0   13   5.8M   77  309  80%    10M |  99.9   n/a   1   27   586k    3    8  72%  81.9M    n/a  n/a
   1   4f |   7 1.0   13   6.2M   94  285  75%    10M |  99.9   n/a   1   27   984k    5    6  54%  81.9M    n/a  n/a
   1   50 |   7 1.0   13   6.0M   91  280  75%    10M |  99.9   ovl   1   27  2.41M   12   12  50%  81.9M   872n  n/a
   1   51 |   7 1.0    0      0    0    0   0%    10M |   n/a   n/a   1    0      0    0    0   0%  81.9M    n/a  n/a
   1   52 |   7 1.0   13   5.7M   85  314  78%    10M |  99.9   n/a   1   27  1.00M    5   16  76%  81.9M    n/a  n/a
   1   53 |   7 1.0   13   6.3M   97  290  74%    10M |  99.9   n/a   1   27  2.21M   11    8  42%  81.9M    n/a  n/a

          |--------------------DL---------------------|-------------------------------UL-----------------------------
 pci rnti | cqi  ri  mcs  brate   ok  nok  (%)  dl_bs | pusch  rsrp  ri  mcs  brate   ok  nok  (%)    bsr     ta  phr
   2   54 |   7 1.0   15   5.3M  145  592  80%    10M |  99.9   ovl   1   27  1.73M   22   17  43%  81.9M  -911n  n/a
   2   55 |   7 1.0   15   5.2M  152  507  76%    10M |  99.9   ovl   1   27   973k   12   17  58%  81.9M  -656n  n/a
   2   56 |   7 1.0   15   5.3M  164  599  78%    10M |  99.9   ovl   1   27  1.41M   17   17  50%  81.9M  -635n  n/a
   2   57 |   7 1.0   15   5.4M  154  576  78%    10M |  99.9   ovl   1   27  1.33M   18   16  47%  81.9M   -27n  n/a
   2   58 |   7 1.0   15   5.2M  153  662  81%    10M |  99.9   n/a   1   27   697k    9   17  65%  81.9M    n/a  n/a
   2   59 |   7 1.0   15   5.4M  159  541  77%    10M |  99.9   ovl   1   27  1.09M   14   14  50%  81.9M   358n  n/a
   2   5a |   7 1.0   15   5.5M  165  689  80%    10M |  99.9   n/a   1   27  1.14M   14   14  50%  81.9M    n/a  n/a
   2   5b |   7 1.0   15   5.6M  153  506  76%    10M |  99.9   ovl   1   27  1.04M   14   19  57%  81.9M  -437n  n/a
   3   5c |   7 1.0   15   5.7M  132  653  83%    10M |  99.9   n/a   1   27  1.31M   14   22  61%  81.9M    n/a  n/a
   3   5d |   7 1.0   14   6.1M  141  580  80%    10M |  99.9   n/a   1   27   670k    7   19  73%  81.9M    n/a  n/a
   3   5e |   7 1.0   15   6.2M  142  641  81%    10M |  99.9   n/a   1   27   852k    9   24  72%  81.9M    n/a  n/a
   3   5f |   7 1.0   15   6.2M  137  557  80%    10M |  99.9   n/a   1   27  1.25M   14   24  63%  81.9M    n/a  n/a
   3   60 |   7 1.0   15   6.3M  142  663  82%    10M |  99.9   n/a   1   27  1.07M   12   21  63%  81.9M    n/a  n/a
   3   61 |   7 1.0   14   6.1M  137  552  80%    10M |  99.9   n/a   1   27  1.09M   11   27  71%  81.9M    n/a  n/a
   3   62 |   7 1.0   15   6.1M  146  652  81%    10M |  99.9   n/a   1   27  1.51M   17   23  57%  81.9M    n/a  n/a
   3   63 |   7 1.0   14   6.1M  141  519  78%    10M |  99.9   n/a   1   27   943k   10   24  70%  81.9M    n/a  n/a
   4   64 |   7 1.0   15   6.5M  168  613  78%    10M |  99.9   ovl   1   27  1.29M   15   16  51%  81.9M  -241n  n/a
   4   65 |   7 1.0   15   6.4M  165  587  78%    10M |  99.9   ovl   1   27  1.31M   15   17  53%  81.9M   907n  n/a
   4   66 |   7 1.0   15   6.5M  174  632  78%    10M |  99.9   ovl   1   27  1.22M   15   19  55%  81.9M   833n  n/a
   4   67 |   7 1.0   15   6.7M  161  511  76%    10M |  99.9   ovl   1   27  1.14M   13   21  61%  81.9M   894n  n/a
   4   68 |   7 1.0   15   6.2M  155  657  80%    10M |  99.9   ovl   1   27  1.60M   19   17  47%  81.9M  -930n  n/a
   4   69 |   7 1.0   15   6.5M  159  540  77%    10M |  99.9   ovl   1   27  1.31M   14   17  54%  81.9M  -833n  n/a
   4   6a |   7 1.0   15   6.5M  172  591  77%    10M |  99.9   ovl   1   27  1.30M   14   16  53%  81.9M  -325n  n/a
   4   6b |   7 1.0   15   6.5M  158  565  78%    10M |  99.9   ovl   1   27   750k    9   25  73%  81.9M  -933n  n/a
   0   44 |   7 1.0   15   7.5M  175  481  73%    10M |  99.9   ovl   1   27  2.47M   25   13  34%  81.9M   -83n  n/a
   0   45 |   7 1.0   15   6.9M  151  490  76%    10M |  99.9   ovl   1   27  1.18M   12   22  64%  81.9M    42n  n/a
   0   46 |   7 1.0   15   6.4M  144  568  79%    10M |  99.9   ovl   1   27  1.70M   17   15  46%  81.9M  -141n  n/a
   0   47 |   7 1.0   15   7.0M  150  491  76%    10M |  99.9   ovl   1   27   809k    9   22  70%  81.9M  -209n  n/a
   0   48 |   7 1.0   15   6.9M  160  578  78%    10M |  99.9   n/a   1   27  1.73M   17   22  56%  81.9M    n/a  n/a
   0   49 |   7 1.0   15   6.9M  155  495  76%    10M |  99.9   ovl   1   27  1.89M   18   13  41%  81.9M   -71n  n/a
   0   4a |   7 1.0   15   6.6M  148  565  79%    10M |  99.9   ovl   1   27  1.74M   17   13  43%  81.9M  -422n  n/a
   0   4b |   7 1.0   15   6.8M  153  541  77%    10M |  99.9   ovl   1   27   766k    8   21  72%  81.9M  -358n  n/a
   1   4c |   7 1.0   13   4.7M   74  366  83%    10M |  99.9   n/a   1   27   197k    1   12  92%  81.9M    n/a  n/a
   1   4d |   7 1.0   13   5.0M   82  352  81%    10M |  99.9   n/a   1   27  1.39M    7   11  61%  81.9M    n/a  n/a
   1   4e |   7 1.0   13   5.1M   74  345  82%    10M |  99.9   n/a   1   27   791k    4    9  69%  81.9M    n/a  n/a
   1   4f |   7 1.0   13   5.3M   77  340  81%    10M |  99.9   n/a   1   27   988k    5   14  73%  81.9M    n/a  n/a
   1   50 |   7 1.0   13   4.7M   60  357  85%    10M |  99.9   n/a   1   27  1.59M    8    8  50%  81.9M    n/a  n/a
   1   51 |   7 1.0    0      0    0    0   0%    10M |   n/a   n/a   1    0      0    0    0   0%  81.9M    n/a  n/a
   1   52 |   7 1.0   13   4.8M   70  344  83%    10M |  99.9   ovl   1   27   598k    3   12  80%  81.9M   872n  n/a
   1   53 |   7 1.0   13   5.2M   71  343  82%    10M |  99.9   n/a   1   27   205k    1   11  91%  81.9M    n/a  n/a
   2   54 |   7 1.0   16   5.9M  173  477  73%    10M |  99.9   ovl   1   27  1.74M   23   15  39%  81.9M  -359n  n/a
   2   55 |   7 1.0   15   5.8M  161  524  76%    10M |  99.9   n/a   1   27  1.41M   18   14  43%  81.9M    n/a  n/a
   2   56 |   7 1.0   16   5.6M  159  562  77%    10M |  99.9   n/a   1   27  1.26M   15   10  40%  81.9M    n/a  n/a
   2   57 |   7 1.0   15   5.7M  155  496  76%    10M |  99.9   ovl   1   27  1.83M   23   17  42%  81.9M   358n  n/a
   2   58 |   7 1.0   16   5.6M  167  529  76%    10M |  99.9   n/a   1   27  1.60M   22   16  42%  81.9M    n/a  n/a
   2   59 |   7 1.0   15   5.3M  137  468  77%    10M |  99.9   ovl   1   27  2.28M   28   13  31%  81.9M   326n  n/a
   2   5a |   7 1.0   16   5.6M  172  466  73%    10M |  99.9   n/a   1   27  1.96M   27   10  27%  81.9M    n/a  n/a
   2   5b |   7 1.0   15   5.6M  161  499  75%    10M |  99.9   n/a   1   27  2.01M   25   12  32%  81.9M    n/a  n/a
   3   5c |   7 1.0   15   9.1M  221  489  68%    10M |  99.9   ovl   1   27  1.84M   18   16  47%  81.9M  -553n  n/a
   3   5d |   7 1.0   15   8.9M  192  461  70%    10M |  99.9   ovl   1   27  2.09M   21   17  44%  81.9M  -692n  n/a
   3   5e |   7 1.0   15   8.4M  188  602  76%    10M |  99.9   ovl   1   27  1.96M   20   15  42%  81.9M  -294n  n/a
   3   5f |   7 1.0   15   8.8M  195  499  71%    10M |  99.9   ovl   1   27  1.58M   16   20  55%  81.9M     1u  n/a
   3   60 |   7 1.0   15   8.9M  205  567  73%    10M |  99.9   ovl   1   27  1.70M   18   17  48%  81.9M   896n  n/a
   3   61 |   7 1.0   15   8.7M  183  463  71%    10M |  99.9   ovl   1   27  1.98M   19   18  48%  81.9M    93n  n/a
   3   62 |   7 1.0   15   8.9M  195  489  71%    10M |  99.9   ovl   1   27  2.15M   23   15  39%  81.9M   106n  n/a
   3   63 |   7 1.0   15   8.9M  191  457  70%    10M |  99.9   ovl   1   27  2.00M   19   15  44%  81.9M  -159n  n/a
   4   64 |   7 1.0   15   5.7M  144  609  80%    10M |  99.9   n/a   1   27   838k   10   18  64%  81.9M    n/a  n/a
   4   65 |   7 1.0   15   5.5M  141  624  81%    10M |  99.9   n/a   1   27   752k    9   17  65%  81.9M    n/a  n/a
   4   66 |   7 1.0   15   5.4M  143  642  81%    10M |  99.9   n/a   1   27   953k   11   17  60%  81.9M    n/a  n/a
   4   67 |   7 1.0   15   5.5M  134  640  82%    10M |  99.9   n/a   1   27  1.22M   14   20  58%  81.9M    n/a  n/a
   4   68 |   7 1.0   15   5.3M  138  629  82%    10M |  99.9   n/a   1   27   897k   10   16  61%  81.9M    n/a  n/a
   4   69 |   7 1.0   15   5.5M  133  552  80%    10M |  99.9   ovl   1   27   805k   10   16  61%  81.9M   766n  n/a
   4   6a |   7 1.0   15   5.6M  151  702  82%    10M |  99.9   n/a   1   27   867k   11   17  60%  81.9M    n/a  n/a
   4   6b |   7 1.0   15   5.5M  139  568  80%    10M |  99.9   n/a   1   27  1.50M   17   18  51%  81.9M    n/a  n/a
   0   44 |   7 1.0   16   7.7M  155  589  79%    10M |  99.9   n/a   1   27  1.27M   14   18  56%  81.9M    n/a  n/a
   0   45 |   7 1.0   15   7.5M  156  531  77%    10M |  99.9   n/a   1   27  1.78M   17   19  52%  81.9M    n/a  n/a
   0   46 |   7 1.0   16   8.3M  169  529  75%    10M |  99.9   ovl   1   27  1.54M   15   17  53%  81.9M   447n  n/a
   0   47 |   7 1.0   15   7.6M  166  538  76%    10M |  99.9   n/a   1   27  2.26M   22   17  43%  81.9M    n/a  n/a
   0   48 |   7 1.0   16   8.7M  179  510  74%    10M |  99.9   n/a   1   27  2.17M   22   14  38%  81.9M    n/a  n/a
   0   49 |   7 1.0   15   7.5M  165  498  75%    10M |  99.9   n/a   1   27  1.99M   19   16  45%  81.9M    n/a  n/a
   0   4a |   7 1.0   15   8.2M  180  548  75%    10M |  99.9   ovl   1   27  2.40M   23   13  36%  81.9M    36n  n/a
   0   4b |   7 1.0   15   7.9M  169  501  74%    10M |  99.9   n/a   1   27  1.48M   15   14  48%  81.9M    n/a  n/a
   1   4c |   7 1.0   13   6.6M  104  327  75%    10M |  99.9   n/a   1   27  1.80M    9   11  55%  81.9M    n/a  n/a
   1   4d |   7 1.0   13   6.3M   89  346  79%    10M |  99.9   n/a   1   27   808k    4    9  69%  81.9M    n/a  n/a
   1   4e |   7 1.0   13   5.9M   92  376  80%    10M |  99.9   n/a   1   27  1.19M    6    7  53%  81.9M    n/a  n/a
   1   4f |   7 1.0   13   6.2M   89  330  78%    10M |  99.9   n/a   1   27  1.61M    8    9  52%  81.9M    n/a  n/a
   1   50 |   7 1.0   13   6.4M   96  348  78%    10M |  99.9   n/a   1   27   791k    4   11  73%  81.9M    n/a  n/a
   1   51 |   7 1.0    0      0    0    0   0%    10M |   n/a   n/a   1    0      0    0    0   0%  81.9M    n/a  n/a
   1   52 |   7 1.0   13   6.2M   84  314  78%    10M |  99.9   n/a   1   27   590k    3    7  70%  81.9M    n/a  n/a
   1   53 |   7 1.0   13   6.0M   78  333  81%    10M |  99.9   n/a   1   27   791k    4    8  66%  81.9M    n/a  n/a
   2   54 |   7 1.0   16   5.9M  175  535  75%    10M |  99.9   n/a   1   27  1.09M   15   16  51%  81.9M    n/a  n/a
   2   55 |   7 1.0   16   5.3M  140  534  79%    10M |  99.9   n/a   1   27  1.84M   22    8  26%  81.9M    n/a  n/a
   2   56 |   7 1.0   16   5.9M  185  525  73%    10M |  99.9   n/a   1   27  1.66M   20   10  33%  81.9M    n/a  n/a
   2   57 |   7 1.0   16   5.3M  131  542  80%    10M |  99.9   n/a   1   27  1.30M   17   12  41%  81.9M    n/a  n/a
   2   58 |   7 1.0   16   6.5M  210  492  70%    10M |  99.9   ovl   1   27  1.95M   25   11  30%  81.9M   358n  n/a
   2   59 |   7 1.0   16   5.3M  145  544  78%    10M |  99.9   ovl   1   27  1.62M   20   17  45%  81.9M  -359n  n/a
   2   5a |   7 1.0   16   5.7M  165  526  76%    10M |  99.9   ovl   1   27  1.36M   19   14  42%  81.9M  -911n  n/a
   2   5b |   7 1.0   16   5.5M  144  546  79%    10M |  99.9   ovl   1   27  1.35M   18   14  43%  81.9M  -656n  n/a

          |--------------------DL---------------------|-------------------------------UL-----------------------------
 pci rnti | cqi  ri  mcs  brate   ok  nok  (%)  dl_bs | pusch  rsrp  ri  mcs  brate   ok  nok  (%)    bsr     ta  phr
   3   5c |   7 1.0   15   5.9M  126  610  82%    10M |  99.9   n/a   1   27  1.16M   11   21  65%  81.9M    n/a  n/a
   3   5d |   7 1.0   15   5.9M  126  602  82%    10M |  99.9   n/a   1   27   455k    5   21  80%  81.9M    n/a  n/a
   3   5e |   7 1.0   15   5.5M  124  648  83%    10M |  99.9   n/a   1   27   719k    6   25  80%  81.9M    n/a  n/a
   3   5f |   7 1.0   15   5.8M  135  576  81%    10M |  99.9   n/a   1   27   936k    9   23  71%  81.9M    n/a  n/a
   3   60 |   7 1.0   15   5.3M  118  640  84%    10M |  99.9   n/a   1   27  1.17M   12   24  66%  81.9M    n/a  n/a
   3   61 |   7 1.0   15   5.7M  131  614  82%    10M |  99.9   n/a   1   27   578k    6   24  80%  81.9M    n/a  n/a
   3   62 |   7 1.0   15   5.9M  130  618  82%    10M |  99.9   n/a   1   27  1.09M   11   23  67%  81.9M    n/a  n/a
   3   63 |   7 1.0   15   5.8M  132  595  81%    10M |  99.9   n/a   1   27   906k    8   23  74%  81.9M    n/a  n/a
   4   64 |   7 1.0   16   6.6M  167  575  77%    10M |  99.9   n/a   1   27   914k   11   24  68%  81.9M    n/a  n/a
   4   65 |   7 1.0   15   6.5M  171  581  77%    10M |  99.9   n/a   1   27  1.14M   13   20  60%  81.9M    n/a  n/a
   4   66 |   7 1.0   16   6.6M  158  626  79%    10M |  99.9   n/a   1   27  1.05M   11   22  66%  81.9M    n/a  n/a
   4   67 |   7 1.0   15   6.2M  150  522  77%    10M |  99.9   n/a   1   27   863k   10   21  67%  81.9M    n/a  n/a
   4   68 |   7 1.0   15   6.2M  149  637  81%    10M |  99.9   ovl   1   27   801k    9   26  74%  81.9M  -558n  n/a
   4   69 |   7 1.0   15   6.5M  155  500  76%    10M |  99.9   n/a   1   27  1.05M   12   22  64%  81.9M    n/a  n/a
   4   6a |   7 1.0   15   6.9M  177  616  77%    10M |  99.9   ovl   1   27  1.21M   13   21  61%  81.9M   825n  n/a
   4   6b |   7 1.0   15   6.4M  158  605  79%    10M |  99.9   n/a   1   27   914k   11   24  68%  81.9M    n/a  n/a
   0   44 |   7 1.0   16   6.7M  142  583  80%    10M |  99.9   n/a   1   27  1.56M   14   17  54%  81.9M    n/a  n/a
   0   45 |   7 1.0   16   6.3M  129  577  81%    10M |  99.9   n/a   1   27  1.41M   13   14  51%  81.9M    n/a  n/a
   0   46 |   7 1.0   16   6.5M  139  575  80%    10M |  99.9   ovl   1   27   723k    7   20  74%  81.9M  -701n  n/a
   0   47 |   7 1.0   16   6.5M  128  519  80%    10M |  99.9   n/a   1   27  1.20M   12   14  53%  81.9M    n/a  n/a
   0   48 |   7 1.0   16   6.1M  132  598  81%    10M |  99.9   n/a   1   27  1.54M   15   13  46%  81.9M    n/a  n/a
   0   49 |   7 1.0   16   6.3M  122  565  82%    10M |  99.9   n/a   1   27  1.58M   15   16  51%  81.9M    n/a  n/a
   0   4a |   7 1.0   16   6.2M  138  553  80%    10M |  99.9   ovl   1   27  1.43M   15   15  50%  81.9M  -422n  n/a
   0   4b |   7 1.0   16   6.1M  119  588  83%    10M |  99.9   n/a   1   27  1.15M   10   17  62%  81.9M    n/a  n/a
   1   4c |   7 1.0   13   5.4M   78  367  82%    10M |  99.9   n/a   1   27  1.78M    9    7  43%  81.9M    n/a  n/a
   1   4d |   7 1.0   13   5.4M   79  362  82%    10M |   n/a   n/a   1   27      0    0   13 100%  81.9M    n/a  n/a
   1   4e |   7 1.0   13   5.5M   80  408  83%    10M |  99.9   n/a   1   27   590k    3    7  70%  81.9M    n/a  n/a
   1   4f |   7 1.0   13   5.4M   74  341  82%    10M |  99.9   n/a   1   27   398k    2    8  80%  81.9M    n/a  n/a
   1   50 |   7 1.0   13   5.4M   80  345  81%    10M |  99.9   n/a   1   27  2.60M   13   13  50%  81.9M    n/a  n/a
   1   51 |   7 1.0    0      0    0    0   0%    10M |   n/a   n/a   1    0      0    0    0   0%  81.9M    n/a  n/a
   1   52 |   7 1.0   13   5.4M   74  358  82%    10M |  99.9   n/a   1   27   615k    3   15  83%  81.9M    n/a  n/a
   1   53 |   7 1.0   13   5.2M   69  376  84%    10M |  99.9   n/a   1   27  2.58M   13   11  45%  81.9M    n/a  n/a
   2   54 |   7 1.0   16   5.5M  162  598  78%    10M |  99.9   ovl   1   27  1.64M   20   14  41%  81.9M   159n  n/a
   2   55 |   7 1.0   16   5.1M  126  521  80%    10M |  99.9   n/a   1   27  1.59M   21   10  32%  81.9M    n/a  n/a
   2   56 |   7 1.0   16   5.2M  154  615  79%    10M |  99.9   n/a   1   27  1.52M   19    8  29%  81.9M    n/a  n/a
   2   57 |   7 1.0   16   4.9M  132  587  81%    10M |  99.9   n/a   1   27  1.06M   14   16  53%  81.9M    n/a  n/a
   2   58 |   7 1.0   16   5.8M  182  571  75%    10M |  99.9   n/a   1   27  1.55M   18   13  41%  81.9M    n/a  n/a
   2   59 |   7 1.0   16   4.9M  129  470  78%    10M |  99.9   n/a   1   27  1.01M   14   17  54%  81.9M    n/a  n/a
   2   5a |   7 1.0   16   5.4M  159  609  79%    10M |  99.9   ovl   1   27  1.36M   18    9  33%  81.9M  -145n  n/a
   2   5b |   7 1.0   16   5.0M  134  543  80%    10M |  99.9   ovl   1   27  1.33M   17   13  43%  81.9M  -978n  n/a
   3   5c |   7 1.0   16   9.6M  200  494  71%    10M |  99.9   n/a   1   27  1.70M   17   17  50%  81.9M    n/a  n/a
   3   5d |   7 1.0   15   9.1M  190  446  70%    10M |  99.9   n/a   1   27  2.07M   19   15  44%  81.9M    n/a  n/a
   3   5e |   7 1.0   16   9.3M  194  506  72%    10M |  99.9   n/a   1   27  1.86M   19   18  48%  81.9M    n/a  n/a
   3   5f |   7 1.0   15   9.0M  191  504  72%    10M |  99.9   n/a   1   27  2.17M   20   17  45%  81.9M    n/a  n/a
   3   60 |   7 1.0   16   9.6M  201  530  72%    10M |  99.9   n/a   1   27  1.76M   18   15  45%  81.9M    n/a  n/a
   3   61 |   7 1.0   15   9.1M  195  513  72%    10M |  99.9   n/a   1   27  1.48M   15   18  54%  81.9M    n/a  n/a
   3   62 |   7 1.0   16   9.6M  205  512  71%    10M |  99.9   n/a   1   27  2.12M   20   19  48%  81.9M    n/a  n/a
   3   63 |   7 1.0   15   9.0M  192  496  72%    10M |  99.9   n/a   1   27  1.52M   16   16  50%  81.9M    n/a  n/a
   4   64 |   7 1.0   16   6.2M  151  637  80%    10M |  99.9   ovl   1   27  1.14M   13   14  51%  81.9M    42n  n/a
   4   65 |   7 1.0   16   6.2M  147  634  81%    10M |  99.9   ovl   1   27  1.07M   11   18  62%  81.9M   105n  n/a
   4   66 |   7 1.0   16   6.4M  151  561  78%    10M |  99.9   ovl   1   27  1.23M   14   15  51%  81.9M  -148n  n/a
   4   67 |   7 1.0   15   5.9M  150  615  80%    10M |  99.9   ovl   1   27  1.54M   18   14  43%  81.9M    40n  n/a
   4   68 |   7 1.0   16   6.3M  153  601  79%    10M |  99.9   ovl   1   27  1.03M   13   18  58%  81.9M   894n  n/a
   4   69 |   7 1.0   16   6.3M  145  590  80%    10M |  99.9   ovl   1   27  1.30M   14   15  51%  81.9M  -558n  n/a
   4   6a |   7 1.0   16   6.4M  146  535  78%    10M |  99.9   ovl   1   27  1.63M   18   17  48%  81.9M   751n  n/a
   4   6b |   7 1.0   15   6.1M  136  606  81%    10M |  99.9   ovl   1   27  1.01M   11   19  63%  81.9M     1u  n/a
   0   44 |   7 1.0   16   8.2M  172  528  75%    10M |  99.9   n/a   1   27  1.12M   11   15  57%  81.9M    n/a  n/a
   0   45 |   7 1.0   16   8.3M  159  449  73%    10M |  99.9   n/a   1   27  1.81M   18   20  52%  81.9M    n/a  n/a
   0   46 |   7 1.0   16   8.2M  178  501  73%    10M |  99.9   n/a   1   27  1.93M   20   21  51%  81.9M    n/a  n/a
   0   47 |   7 1.0   16   8.3M  165  499  75%    10M |  99.9   n/a   1   27  2.03M   21   15  41%  81.9M    n/a  n/a
   0   48 |   7 1.0   16   7.9M  162  556  77%    10M |  99.9   n/a   1   27  1.68M   16   21  56%  81.9M    n/a  n/a
   0   49 |   7 1.0   16   8.3M  166  478  74%    10M |  99.9   n/a   1   27  2.42M   23   11  32%  81.9M    n/a  n/a
   0   4a |   7 1.0   16   8.4M  176  578  76%    10M |  99.9   n/a   1   27  1.43M   13   14  51%  81.9M    n/a  n/a
   0   4b |   7 1.0   16   8.5M  172  476  73%    10M |  99.9   n/a   1   27   842k    9   18  66%  81.9M    n/a  n/a
   1   4c |   7 1.0   13   6.9M  105  308  74%    10M |  99.9   n/a   1   27  1.58M    8    7  46%  81.9M    n/a  n/a
   1   4d |   7 1.0   13   6.6M   90  353  79%    10M |  99.9   n/a   1   27  1.21M    6   11  64%  81.9M    n/a  n/a
   1   4e |   7 1.0   13   7.2M  109  317  74%    10M |  99.9   ovl   1   27  1.82M    9    7  43%  81.9M    49n  n/a
   1   4f |   7 1.0   13   6.5M   88  365  80%    10M |  99.9   n/a   1   27   996k    5    9  64%  81.9M    n/a  n/a
   1   50 |   7 1.0   13   7.4M  103  298  74%    10M |  99.9   n/a   1   27  2.38M   12   10  45%  81.9M    n/a  n/a
   1   51 |   7 1.0    0      0    0    0   0%    10M |   n/a   n/a   1    0      0    0    0   0%  81.9M    n/a  n/a
   1   52 |   7 1.0   13   6.9M   94  341  78%    10M |  99.9   ovl   1   27  2.01M   10    9  47%  81.9M   872n  n/a
   1   53 |   7 1.0   13   6.8M   96  322  77%    10M |  99.9   ovl   1   27  1.78M    9   10  52%  81.9M    49n  n/a
   2   54 |   7 1.0   17   7.3M  180  485  72%    10M |  99.9   n/a   1   27  1.10M   14   22  61%  81.9M    n/a  n/a
   2   55 |   7 1.0   16   7.1M  184  496  72%    10M |  99.9   ovl   1   27  1.41M   19   26  57%  81.9M  -656n  n/a
   2   56 |   7 1.0   17   7.5M  195  541  73%    10M |  99.9   ovl   1   27  1.28M   17   20  54%  81.9M   604n  n/a
   2   57 |   7 1.0   16   6.9M  175  487  73%    10M |  99.9   ovl   1   27  1.39M   17   21  55%  81.9M  -930n  n/a
   2   58 |   7 1.0   17   7.1M  186  602  76%    10M |  99.9   ovl   1   27  1.55M   20   21  51%  81.9M  -911n  n/a
   2   59 |   7 1.0   16   6.9M  191  478  71%    10M |  99.9   ovl   1   27  1.84M   22   16  42%  81.9M    -1u  n/a
   2   5a |   7 1.0   16   7.1M  198  533  72%    10M |  99.9   ovl   1   27  1.22M   16   24  60%  81.9M  -616n  n/a
   2   5b |   7 1.0   16   7.1M  183  560  75%    10M |  99.9   ovl   1   27  1.40M   18   21  53%  81.9M   947n  n/a
   3   5c |   7 1.0   16   7.8M  164  559  77%    10M |  99.9   ovl   1   27  1.21M   13   23  63%  81.9M  -620n  n/a
   3   5d |   7 1.0   16   7.9M  178  562  75%    10M |  99.9   ovl   1   27   926k    9   23  71%  81.9M  -281n  n/a
   3   5e |   7 1.0   16   7.7M  167  567  77%    10M |  99.9   ovl   1   27  1.09M   11   24  68%  81.9M   854n  n/a
   3   5f |   7 1.0   16   7.7M  163  537  76%    10M |  99.9   ovl   1   27  1.37M   13   20  60%  81.9M  -250n  n/a
   3   60 |   7 1.0   16   7.8M  176  547  75%    10M |  99.9   ovl   1   27  1.07M   11   23  67%  81.9M    -1u  n/a
   3   61 |   7 1.0   16   8.1M  165  489  74%    10M |  99.9   ovl   1   27  1.08M   11   19  63%  81.9M  -814n  n/a
   3   62 |   7 1.0   16   7.5M  175  651  78%    10M |  99.9   ovl   1   27  1.33M   14   22  61%  81.9M   412n  n/a
   3   63 |   7 1.0   16   8.2M  163  483  74%    10M |  99.9   ovl   1   27  1.37M   12   25  67%  81.9M   260n  n/a

          |--------------------DL---------------------|-------------------------------UL-----------------------------
 pci rnti | cqi  ri  mcs  brate   ok  nok  (%)  dl_bs | pusch  rsrp  ri  mcs  brate   ok  nok  (%)    bsr     ta  phr
   4   64 |   7 1.0   16   7.6M  187  586  75%    10M |  99.9   n/a   1   27  1.90M   21   22  51%  81.9M    n/a  n/a
   4   65 |   7 1.0   16   7.9M  174  488  73%    10M |  99.9   n/a   1   27  1.32M   14   19  57%  81.9M    n/a  n/a
   4   66 |   7 1.0   16   7.8M  187  546  74%    10M |  99.9   n/a   1   27  1.17M   13   20  60%  81.9M    n/a  n/a
   4   67 |   7 1.0   16   7.8M  176  547  75%    10M |  99.9   n/a   1   27  1.81M   19   21  52%  81.9M    n/a  n/a
   4   68 |   7 1.0   16   7.7M  181  568  75%    10M |  99.9   n/a   1   27  1.16M   12   25  67%  81.9M    n/a  n/a
   4   69 |   7 1.0   16   7.9M  171  493  74%    10M |  99.9   n/a   1   27  1.86M   21   21  50%  81.9M    n/a  n/a
   4   6a |   7 1.0   16   7.9M  183  530  74%    10M |  99.9   n/a   1   27  1.41M   17   20  54%  81.9M    n/a  n/a
   4   6b |   7 1.0   16   7.7M  178  503  73%    10M |  99.9   ovl   1   27  1.14M   14   24  63%  81.9M   751n  n/a
   0   44 |   7 1.0   17   6.0M  134  584  81%    10M |  99.9   n/a   1   27  1.67M   18   19  51%  81.9M    n/a  n/a
   0   45 |   7 1.0   16   6.8M  131  497  79%    10M |  99.9   n/a   1   27  1.51M   15   14  48%  81.9M    n/a  n/a
   0   46 |   7 1.0   16   6.3M  137  575  80%    10M |  99.9   n/a   1   27  1.21M   13   15  53%  81.9M    n/a  n/a
   0   47 |   7 1.0   16   7.0M  138  450  76%    10M |  99.9   n/a   1   27  1.86M   18   15  45%  81.9M    n/a  n/a
   0   48 |   7 1.0   16   6.5M  132  495  78%    10M |  99.9   n/a   1   27  1.63M   16   14  46%  81.9M    n/a  n/a
   0   49 |   7 1.0   16   7.0M  136  465  77%    10M |  99.9   n/a   1   27  2.06M   23   13  36%  81.9M    n/a  n/a
   0   4a |   7 1.0   16   6.7M  150  513  77%    10M |  99.9   n/a   1   27  1.21M   13   24  64%  81.9M    n/a  n/a
   0   4b |   7 1.0   16   6.5M  133  478  78%    10M |  99.9   n/a   1   27  1.83M   20   18  47%  81.9M    n/a  n/a
   1   4c |   7 1.0   14   5.5M   77  335  81%    10M |  99.9   n/a   1   27   389k    2   12  85%  81.9M    n/a  n/a
   1   4d |   7 1.0   14   6.4M   91  335  78%    10M |  99.9   n/a   1   27  1.18M    6   14  70%  81.9M    n/a  n/a
   1   4e |   7 1.0   14   5.8M   83  311  78%    10M |  99.9   n/a   1   27  1.40M    7   10  58%  81.9M    n/a  n/a
   1   4f |   7 1.0   14   5.9M   81  317  79%    10M |  99.9   n/a   1   27   791k    4   13  76%  81.9M    n/a  n/a
   1   50 |   7 1.0   14   5.4M   80  330  80%    10M |  99.9   n/a   1   27   804k    4   13  76%  81.9M    n/a  n/a
   1   51 |   7 1.0    0      0    0    0   0%    10M |   n/a   n/a   1    0      0    0    0   0%  81.9M    n/a  n/a
   1   52 |   7 1.0   14   5.5M   77  296  79%    10M |  99.9   n/a   1   27   791k    4   10  71%  81.9M    n/a  n/a
   1   53 |   7 1.0   14   6.0M   81  320  79%    10M |  99.9   n/a   1   27  1.20M    6    9  60%  81.9M    n/a  n/a
   2   54 |   7 1.0   17   8.2M  202  522  72%    10M |  99.9   ovl   1   27  1.49M   19   17  47%  81.9M   147n  n/a
   2   55 |   7 1.0   17   8.1M  205  513  71%    10M |  99.9   ovl   1   27  1.64M   21   12  36%  81.9M    -8n  n/a
   2   56 |   7 1.0   17   7.8M  190  555  74%    10M |  99.9   ovl   1   27  1.58M   20   16  44%  81.9M    -1u  n/a
   2   57 |   7 1.0   17   8.3M  212  451  68%    10M |  99.9   ovl   1   27  1.69M   23   17  42%  81.9M   947n  n/a
   2   58 |   7 1.0   17   8.2M  210  551  72%    10M |  99.9   ovl   1   27  1.84M   25   16  39%  81.9M  -911n  n/a
   2   59 |   7 1.0   17   8.1M  195  495  71%    10M |  99.9   ovl   1   27  1.70M   24   18  42%  81.9M   441n  n/a
   2   5a |   7 1.0   17   8.6M  215  507  70%    10M |  99.9   ovl   1   27  1.61M   21   19  47%  81.9M   304n  n/a
   2   5b |   7 1.0   17   8.0M  202  471  69%    10M |  99.9   ovl   1   27  1.60M   19   16  45%  81.9M  -911n  n/a
   3   5c |   7 1.0   16   7.2M  162  560  77%    10M |  99.9   ovl   1   27  1.64M   17   19  52%  81.9M  -620n  n/a
   3   5d |   7 1.0   16   7.2M  148  595  80%    10M |  99.9   n/a   1   27  1.71M   17   18  51%  81.9M    n/a  n/a
   3   5e |   7 1.0   16   7.1M  147  550  78%    10M |  99.9   ovl   1   27  1.32M   15   20  57%  81.9M  -796n  n/a
   3   5f |   7 1.0   16   6.6M  138  607  81%    10M |  99.9   ovl   1   27  1.58M   16   20  55%  81.9M  -983n  n/a
   3   60 |   7 1.0   16   8.0M  162  464  74%    10M |  99.9   ovl   1   27  2.11M   22   17  43%  81.9M  -849n  n/a
   3   61 |   7 1.0   16   6.9M  134  477  78%    10M |  99.9   ovl   1   27  1.60M   17   20  54%  81.9M   693n  n/a
   3   62 |   7 1.0   16   7.5M  158  597  79%    10M |  99.9   ovl   1   27  1.24M   12   18  60%  81.9M  -620n  n/a
   3   63 |   7 1.0   16   7.0M  146  536  78%    10M |  99.9   ovl   1   27  1.68M   18   18  50%  81.9M    -1u  n/a
   4   64 |   7 1.0   17   8.5M  188  568  75%    10M |  99.9   ovl   1   27  1.94M   22   10  31%  81.9M    96n  n/a
   4   65 |   7 1.0   16   8.3M  187  486  72%    10M |  99.9   n/a   1   27  1.77M   20   18  47%  81.9M    n/a  n/a
   4   66 |   7 1.0   17   8.4M  193  496  71%    10M |  99.9   n/a   1   27  1.99M   22   15  40%  81.9M    n/a  n/a
   4   67 |   7 1.0   16   8.2M  184  486  72%    10M |  99.9   n/a   1   27  2.21M   25   11  30%  81.9M    n/a  n/a
   4   68 |   7 1.0   16   8.8M  208  525  71%    10M |  99.9   n/a   1   27  1.34M   15   21  58%  81.9M    n/a  n/a
   4   69 |   7 1.0   16   8.2M  183  496  73%    10M |  99.9   ovl   1   27  2.26M   25   11  30%  81.9M  -831n  n/a
   4   6a |   7 1.0   16   8.3M  194  552  73%    10M |  99.9   n/a   1   27  2.01M   22   13  37%  81.9M    n/a  n/a
   4   6b |   7 1.0   16   8.4M  198  482  70%    10M |  99.9   ovl   1   27  1.51M   17   16  48%  81.9M   898n  n/a
   0   44 |   7 1.0   17   7.7M  149  562  79%    10M |  99.9   ovl   1   27  2.44M   23    9  28%  81.9M  -254n  n/a
   0   45 |   7 1.0   16   7.5M  159  516  76%    10M |  99.9   n/a   1   27  1.24M   12   17  58%  81.9M    n/a  n/a
   0   46 |   7 1.0   17   8.1M  154  575  78%    10M |  99.9   ovl   1   27  1.86M   17   17  50%  81.9M   314n  n/a
   0   47 |   7 1.0   16   7.5M  151  551  78%    10M |  99.9   n/a   1   27  1.65M   16   12  42%  81.9M    n/a  n/a
   0   48 |   7 1.0   17   7.2M  150  574  79%    10M |  99.9   n/a   1   27  1.23M   13   18  58%  81.9M    n/a  n/a
   0   49 |   7 1.0   16   7.2M  144  569  79%    10M |  99.9   n/a   1   27  1.53M   15   16  51%  81.9M    n/a  n/a
   0   4a |   7 1.0   17   7.7M  158  560  77%    10M |  99.9   n/a   1   27  1.16M   12   16  57%  81.9M    n/a  n/a
   0   4b |   7 1.0   17   8.1M  158  452  74%    10M |  99.9   ovl   1   27  1.49M   15   21  58%  81.9M  -178n  n/a
   1   4c |   7 1.0   14   5.4M   66  294  81%    10M |  99.9   n/a   1   27  1.41M    7    7  50%  81.9M    n/a  n/a
   1   4d |   7 1.0   14   5.4M   80  303  79%    10M |  99.9   n/a   1   27  1.39M    7    7  50%  81.9M    n/a  n/a
   1   4e |   7 1.0   14   6.1M   97  299  75%    10M |  99.9   ovl   1   27   795k    4   10  71%  81.9M    49n  n/a
   1   4f |   7 1.0   14   6.0M   79  259  76%    10M |  99.9   n/a   1   27   971k    5    7  58%  81.9M    n/a  n/a
   1   50 |   7 1.0   14   5.1M   63  308  83%    10M |  99.9   n/a   1   27  1.18M    6    9  60%  81.9M    n/a  n/a
   1   51 |   7 1.0    0      0    0    0   0%    10M |   n/a   n/a   1    0      0    0    0   0%  81.9M    n/a  n/a
   1   52 |   7 1.0   14   6.0M   88  318  78%    10M |  99.9   n/a   1   27   996k    5    8  61%  81.9M    n/a  n/a
   1   53 |   7 1.0   14   5.8M   80  301  79%    10M |  99.9   n/a   1   27  1.37M    7   12  63%  81.9M    n/a  n/a
   2   54 |   7 1.0   17   8.6M  222  515  69%    10M |  99.9   ovl   1   27  2.30M   29   23  44%  81.9M  -203n  n/a
   2   55 |   7 1.0   17   8.7M  200  507  71%    10M |  99.9   ovl   1   27  2.20M   29   16  35%  81.9M  -122n  n/a
   2   56 |   7 1.0   17   8.8M  211  497  70%    10M |  99.9   ovl   1   27  2.37M   30   15  33%  81.9M  -505n  n/a
   2   57 |   7 1.0   17   8.6M  220  473  68%    10M |  99.9   ovl   1   27  2.24M   30   15  33%  81.9M   122n  n/a
   2   58 |   7 1.0   17   8.7M  213  463  68%    10M |  99.9   ovl   1   27  2.28M   31   20  39%  81.9M   -71n  n/a
   2   59 |   7 1.0   17   8.4M  199  447  69%    10M |  99.9   ovl   1   27  2.49M   31   15  32%  81.9M  -345n  n/a
   2   5a |   7 1.0   17   8.4M  225  555  71%    10M |  99.9   ovl   1   27  2.46M   33   18  35%  81.9M  -198n  n/a
   2   5b |   7 1.0   17   8.6M  204  455  69%    10M |  99.9   ovl   1   27  1.81M   24   18  42%  81.9M    -9n  n/a
   3   5c |   7 1.0   17   6.9M  152  550  78%    10M |  99.9   n/a   1   27  1.47M   15   12  44%  81.9M    n/a  n/a
   3   5d |   7 1.0   16   6.0M  126  531  80%    10M |  99.9   n/a   1   27  1.64M   15    9  37%  81.9M    n/a  n/a
   3   5e |   7 1.0   16   7.0M  152  520  77%    10M |  99.9   n/a   1   27  1.51M   15   16  51%  81.9M    n/a  n/a
   3   5f |   7 1.0   16   5.5M  107  527  83%    10M |  99.9   ovl   1   27  1.56M   16   14  46%  81.9M    -1u  n/a
   3   60 |   7 1.0   17   6.7M  149  552  78%    10M |  99.9   n/a   1   27  1.85M   18    7  28%  81.9M    n/a  n/a
   3   61 |   7 1.0   16   6.2M  117  501  81%    10M |  99.9   n/a   1   27  1.58M   16   12  42%  81.9M    n/a  n/a
   3   62 |   7 1.0   17   6.7M  143  645  81%    10M |  99.9   ovl   1   27  1.41M   15   11  42%  81.9M   896n  n/a
   3   63 |   7 1.0   16   5.8M  119  543  82%    10M |  99.9   n/a   1   27  1.91M   19   13  40%  81.9M    n/a  n/a
   4   64 |   7 1.0   17   6.2M  135  617  82%    10M |  99.9   ovl   1   27  1.28M   14   19  57%  81.9M     1u  n/a
   4   65 |   7 1.0   17   5.8M  122  532  81%    10M |  99.9   ovl   1   27  1.14M   12   20  62%  81.9M   472n  n/a
   4   66 |   7 1.0   17   6.1M  131  590  81%    10M |  99.9   ovl   1   27  1.07M   11   22  66%  81.9M  -684n  n/a
   4   67 |   7 1.0   16   5.8M  128  577  81%    10M |  99.9   ovl   1   27  1.05M   12   19  61%  81.9M    39n  n/a
   4   68 |   7 1.0   17   5.8M  141  629  81%    10M |  99.9   n/a   1   27  1.41M   16   18  52%  81.9M    n/a  n/a
   4   69 |   7 1.0   16   5.5M  135  608  81%    10M |  99.9   ovl   1   27  1.17M   13   18  58%  81.9M  -640n  n/a
   4   6a |   7 1.0   17   6.2M  146  644  81%    10M |  99.9   ovl   1   27  1.31M   16   20  55%  81.9M  -391n  n/a
   4   6b |   7 1.0   16   5.7M  130  552  80%    10M |  99.9   n/a   1   27   992k   11   22  66%  81.9M    n/a  n/a

          |--------------------DL---------------------|-------------------------------UL-----------------------------
 pci rnti | cqi  ri  mcs  brate   ok  nok  (%)  dl_bs | pusch  rsrp  ri  mcs  brate   ok  nok  (%)    bsr     ta  phr
   0   44 |   7 1.0   17   9.9M  193  543  73%    10M |  99.9   n/a   1   27  1.55M   15   17  53%  81.9M    n/a  n/a
   0   45 |   7 1.0   17   9.5M  183  541  74%    10M |  99.9   ovl   1   27  1.95M   20   18  47%  81.9M   213n  n/a
   0   46 |   7 1.0   17   9.6M  188  511  73%    10M |  99.9   n/a   1   27  1.55M   15   16  51%  81.9M    n/a  n/a
   0   47 |   7 1.0   17   9.2M  173  464  72%    10M |  99.9   ovl   1   27  1.90M   18   18  50%  81.9M  -606n  n/a
   0   48 |   7 1.0   17    10M  202  503  71%    10M |  99.9   ovl   1   27  1.84M   18   13  41%  81.9M    17n  n/a
   0   49 |   7 1.0   17   9.6M  186  523  73%    10M |  99.9   n/a   1   27  2.17M   21   14  40%  81.9M    n/a  n/a
   0   4a |   7 1.0   17   9.4M  195  491  71%    10M |  99.9   ovl   1   27  1.83M   17   18  51%  81.9M   263n  n/a
   0   4b |   7 1.0   17   9.5M  179  497  73%    10M |  99.9   ovl   1   27  2.34M   23   12  34%  81.9M    36n  n/a
   1   4c |   7 1.0   14   5.4M   78  367  82%    10M |  99.9   n/a   1   27   394k    2   11  84%  81.9M    n/a  n/a
   1   4d |   7 1.0   14   6.1M   85  328  79%    10M |  99.9   n/a   1   27   197k    1   11  91%  81.9M    n/a  n/a
   1   4e |   7 1.0   14   5.5M   76  409  84%    10M |  99.9   n/a   1   27   594k    3   10  76%  81.9M    n/a  n/a
   1   4f |   7 1.0   14   6.1M   88  351  79%    10M |  99.9   n/a   1   27  1.18M    6   14  70%  81.9M    n/a  n/a
   1   50 |   7 1.0   14   5.6M   83  344  80%    10M |  99.9   n/a   1   27   787k    4   12  75%  81.9M    n/a  n/a
   1   51 |   7 1.0    0      0    0    0   0%    10M |   n/a   n/a   1    0      0    0    0   0%  81.9M    n/a  n/a
   1   52 |   7 1.0   14   5.9M   84  398  82%    10M |  99.9   n/a   1   27   783k    4   10  71%  81.9M    n/a  n/a
   1   53 |   7 1.0   14   5.8M   82  325  79%    10M |  99.9   n/a   1   27   594k    3    9  75%  81.9M    n/a  n/a
   2   54 |   7 1.0   18   8.2M  207  464  69%    10M |  99.9   n/a   1   27  1.76M   23   14  37%  81.9M    n/a  n/a
   2   55 |   7 1.0   17   8.1M  195  475  70%    10M |  99.9   n/a   1   27  2.29M   33   15  31%  81.9M    n/a  n/a
   2   56 |   7 1.0   18   8.5M  228  446  66%    10M |  99.9   n/a   1   27  2.12M   28   16  36%  81.9M    n/a  n/a
   2   57 |   7 1.0   17   8.1M  196  446  69%    10M |  99.9   n/a   1   27  2.68M   35   12  25%  81.9M    n/a  n/a
   2   58 |   7 1.0   18   8.5M  207  450  68%    10M |  99.9   n/a   1   27  2.01M   26   16  38%  81.9M    n/a  n/a
   2   59 |   7 1.0   17   8.0M  193  471  70%    10M |  99.9   n/a   1   27  2.35M   30   16  34%  81.9M    n/a  n/a
   2   5a |   7 1.0   18   8.1M  200  492  71%    10M |  99.9   n/a   1   27  1.97M   26   17  39%  81.9M    n/a  n/a
   2   5b |   7 1.0   17   7.9M  196  438  69%    10M |  99.9   n/a   1   27  2.13M   26   13  33%  81.9M    n/a  n/a
   3   5c |   7 1.0   17   8.0M  161  547  77%    10M |  99.9   n/a   1   27  2.00M   19   14  42%  81.9M    n/a  n/a
   3   5d |   7 1.0   16   8.2M  165  510  75%    10M |  99.9   n/a   1   27  1.99M   20   17  45%  81.9M    n/a  n/a
   3   5e |   7 1.0   17   7.8M  159  508  76%    10M |  99.9   n/a   1   27  2.15M   20   16  44%  81.9M    n/a  n/a
   3   5f |   7 1.0   16   7.9M  155  502  76%    10M |  99.9   n/a   1   27  1.24M   11   16  59%  81.9M    n/a  n/a
   3   60 |   7 1.0   17   8.9M  181  488  72%    10M |  99.9   n/a   1   27  2.20M   20   18  47%  81.9M    n/a  n/a
   3   61 |   7 1.0   16   7.8M  156  511  76%    10M |  99.9   n/a   1   27  1.75M   16   10  38%  81.9M    n/a  n/a
   3   62 |   7 1.0   17   8.1M  157  549  77%    10M |  99.9   n/a   1   27  1.60M   16   15  48%  81.9M    n/a  n/a
   3   63 |   7 1.0   17   8.2M  154  474  75%    10M |  99.9   n/a   1   27  1.10M   11   19  63%  81.9M    n/a  n/a
   4   64 |   7 1.0   17   8.0M  177  572  76%    10M |  99.9   n/a   1   27  1.17M   13   20  60%  81.9M    n/a  n/a
   4   65 |   7 1.0   17   8.2M  167  535  76%    10M |  99.9   ovl   1   27  1.34M   14   15  51%  81.9M   614n  n/a
   4   66 |   7 1.0   17   8.5M  182  557  75%    10M |  99.9   n/a   1   27  1.24M   12   22  64%  81.9M    n/a  n/a
   4   67 |   7 1.0   17   8.4M  168  525  75%    10M |  99.9   ovl   1   27  1.43M   16   15  48%  81.9M   -50n  n/a
   4   68 |   7 1.0   17   8.5M  189  581  75%    10M |  99.9   n/a   1   27  1.86M   21   17  44%  81.9M    n/a  n/a
   4   69 |   7 1.0   17   8.1M  168  486  74%    10M |  99.9   n/a   1   27  1.58M   19   16  45%  81.9M    n/a  n/a
   4   6a |   7 1.0   17   8.2M  187  620  76%    10M |  99.9   n/a   1   27  1.72M   20   13  39%  81.9M    n/a  n/a
   4   6b |   7 1.0   17   8.2M  175  497  73%    10M |  99.9   n/a   1   27  1.68M   17   16  48%  81.9M    n/a  n/a
   0   44 |   7 1.0   17   8.4M  157  581  78%    10M |  99.9   n/a   1   27  2.20M   22   22  50%  81.9M    n/a  n/a
   0   45 |   7 1.0   17   8.1M  167  586  77%    10M |  99.9   ovl   1   27  1.99M   20   17  45%  81.9M  -698n  n/a
   0   46 |   7 1.0   17   7.4M  151  607  80%    10M |  99.9   n/a   1   27  1.22M   13   19  59%  81.9M    n/a  n/a
   0   47 |   7 1.0   17   7.7M  142  533  78%    10M |  99.9   n/a   1   27  1.34M   14   20  58%  81.9M    n/a  n/a
   0   48 |   7 1.0   17   8.3M  174  536  75%    10M |  99.9   n/a   1   27  1.53M   15   21  58%  81.9M    n/a  n/a
   0   49 |   7 1.0   17   7.7M  151  524  77%    10M |  99.9   ovl   1   27  2.17M   22   22  50%  81.9M    17n  n/a
   0   4a |   7 1.0   17   7.9M  160  651  80%    10M |  99.9   ovl   1   27  2.17M   21   17  44%  81.9M   -66n  n/a
   0   4b |   7 1.0   17   7.9M  156  529  77%    10M |  99.9   n/a   1   27  1.49M   16   23  58%  81.9M    n/a  n/a
   1   4c |   7 1.0   14   8.0M   97  242  71%    10M |  99.9   n/a   1   27  1.02M    5    8  61%  81.9M    n/a  n/a
   1   4d |   7 1.0   14   7.8M  106  236  69%    10M |  99.9   n/a   1   27  1.40M    7   13  65%  81.9M    n/a  n/a
   1   4e |   7 1.0   14   7.4M   87  292  77%    10M |  99.9   n/a   1   27  1.40M    7    7  50%  81.9M    n/a  n/a
   1   4f |   7 1.0   14   7.8M  103  242  70%    10M |  99.9   n/a   1   27   394k    2    7  77%  81.9M    n/a  n/a
   1   50 |   7 1.0   14   7.8M   93  242  72%    10M |  99.9   n/a   1   27  4.18M   21    8  27%  81.9M    n/a  n/a
   1   51 |   7 1.0    0      0    0    0   0%    10M |   n/a   n/a   1    0      0    0    0   0%  81.9M    n/a  n/a
   1   52 |   7 1.0   14   8.6M  105  215  67%    10M |  99.9   n/a   1   27  1.99M   10   14  58%  81.9M    n/a  n/a
   1   53 |   7 1.0   14   7.7M  103  271  72%    10M |  99.9   n/a   1   27  2.81M   14    5  26%  81.9M    n/a  n/a
   2   54 |   7 1.0   18   6.5M  163  547  77%    10M |  99.9   n/a   1   27  1.67M   20   18  47%  81.9M    n/a  n/a
   2   55 |   7 1.0   18   6.3M  152  571  78%    10M |  99.9   ovl   1   27  1.05M   13   14  51%  81.9M  -911n  n/a
   2   56 |   7 1.0   18   6.4M  155  577  78%    10M |  99.9   n/a   1   27   561k    6   23  79%  81.9M    n/a  n/a
   2   57 |   7 1.0   18   6.4M  134  529  79%    10M |  99.9   ovl   1   27   738k   10   19  65%  81.9M   331n  n/a
   2   58 |   7 1.0   18   6.1M  155  601  79%    10M |  99.9   n/a   1   27  1.24M   15   17  53%  81.9M    n/a  n/a
   2   59 |   7 1.0   18   6.2M  140  502  78%    10M |  99.9   n/a   1   27  1.02M   12   16  57%  81.9M    n/a  n/a
   2   5a |   7 1.0   18   6.3M  154  656  80%    10M |  99.9   n/a   1   27   962k   12   15  55%  81.9M    n/a  n/a
   2   5b |   7 1.0   18   6.0M  144  523  78%    10M |  99.9   n/a   1   27  1.28M   16   12  42%  81.9M    n/a  n/a
   3   5c |   7 1.0   17   8.3M  161  591  78%    10M |  99.9   n/a   1   27  1.14M   11   14  56%  81.9M    n/a  n/a
   3   5d |   7 1.0   17   8.5M  166  477  74%    10M |  99.9   n/a   1   27  1.74M   16   15  48%  81.9M    n/a  n/a
   3   5e |   7 1.0   17   8.7M  176  536  75%    10M |  99.9   n/a   1   27  1.80M   16   18  52%  81.9M    n/a  n/a
   3   5f |   7 1.0   17   8.6M  155  488  75%    10M |  99.9   n/a   1   27  1.77M   18   14  43%  81.9M    n/a  n/a
   3   60 |   7 1.0   17   9.0M  170  525  75%    10M |  99.9   n/a   1   27  1.88M   19   12  38%  81.9M    n/a  n/a
   3   61 |   7 1.0   17   8.5M  164  537  76%    10M |  99.9   n/a   1   27  1.75M   18   17  48%  81.9M    n/a  n/a
   3   62 |   7 1.0   17   9.1M  182  502  73%    10M |  99.9   n/a   1   27  1.62M   16   16  50%  81.9M    n/a  n/a
   3   63 |   7 1.0   17   8.8M  167  507  75%    10M |  99.9   n/a   1   27  2.69M   26   10  27%  81.9M    n/a  n/a
   4   64 |   7 1.0   17   6.3M  147  642  81%    10M |  99.9   n/a   1   27   983k   12   18  60%  81.9M    n/a  n/a
   4   65 |   7 1.0   17   6.2M  138  540  79%    10M |  99.9   ovl   1   27   631k    7   24  77%  81.9M  -815n  n/a
   4   66 |   7 1.0   17   6.3M  144  578  80%    10M |  99.9   ovl   1   27   809k    9   18  66%  81.9M  -858n  n/a
   4   67 |   7 1.0   17   6.3M  140  559  79%    10M |  99.9   ovl   1   27  1.30M   16   18  52%  81.9M  -892n  n/a
   4   68 |   7 1.0   17   6.5M  157  572  78%    10M |  99.9   ovl   1   27  1.16M   14   16  53%  81.9M   581n  n/a
   4   69 |   7 1.0   17   6.0M  137  588  81%    10M |  99.9   ovl   1   27  1.45M   17   17  50%  81.9M   766n  n/a
   4   6a |   7 1.0   17   6.2M  158  657  80%    10M |  99.9   ovl   1   27  1.94M   21   22  51%  81.9M   609n  n/a
   4   6b |   7 1.0   17   6.3M  126  541  81%    10M |  99.9   ovl   1   27  1.55M   18   20  52%  81.9M   831n  n/a
   0   44 |   7 1.0   18   7.0M  126  592  82%    10M |  99.9   ovl   1   27  1.10M   11   12  52%  81.9M  -430n  n/a
   0   45 |   7 1.0   17   6.7M  122  560  82%    10M |  99.9   ovl   1   27   928k    9   10  52%  81.9M  -563n  n/a
   0   46 |   7 1.0   18   6.8M  130  634  82%    10M |  99.9   ovl   1   27   828k    8   13  61%  81.9M   238n  n/a
   0   47 |   7 1.0   17   6.7M  126  584  82%    10M |  99.9   ovl   1   27   799k    8   13  61%  81.9M  -488n  n/a
   0   48 |   7 1.0   18   7.2M  142  599  80%    10M |  99.9   ovl   1   27  1.21M   12   12  50%  81.9M  -137n  n/a
   0   49 |   7 1.0   17   6.7M  127  581  82%    10M |  99.9   ovl   1   27   986k   10   12  54%  81.9M  -152n  n/a
   0   4a |   7 1.0   18   7.0M  131  686  83%    10M |  99.9   ovl   1   27  1.06M   11   14  56%  81.9M  -328n  n/a
   0   4b |   7 1.0   17   6.8M  130  581  81%    10M |  99.9   ovl   1   27  1.12M   11   11  50%  81.9M   263n  n/a

          |--------------------DL---------------------|-------------------------------UL-----------------------------
 pci rnti | cqi  ri  mcs  brate   ok  nok  (%)  dl_bs | pusch  rsrp  ri  mcs  brate   ok  nok  (%)    bsr     ta  phr
   1   4c |   7 1.0   14   3.9M   59  421  87%    10M |  99.9   n/a   1   27   803k    4   10  71%  81.9M    n/a  n/a
   1   4d |   7 1.0   14   3.5M   50  466  90%    10M |  99.9   n/a   1   27   607k    3   13  81%  81.9M    n/a  n/a
   1   4e |   7 1.0   14   4.2M   57  456  88%    10M |  99.9   n/a   1   27   197k    1    9  90%  81.9M    n/a  n/a
   1   4f |   7 1.0   14   3.7M   48  456  90%    10M |  99.9   n/a   1   27  1.20M    6    6  50%  81.9M    n/a  n/a
   1   50 |   7 1.0   14   3.8M   54  503  90%    10M |  99.9   n/a   1   27  1.38M    7    4  36%  81.9M    n/a  n/a
   1   51 |   7 1.0    0      0    0    0   0%    10M |   n/a   n/a   1    0      0    0    0   0%  81.9M    n/a  n/a
   1   52 |   7 1.0   14   3.8M   55  493  89%    10M |  99.9   n/a   1   27  1.59M    8   11  57%  81.9M    n/a  n/a
   1   53 |   7 1.0   14   3.7M   47  506  91%    10M |  99.9   n/a   1   27   205k    1    7  87%  81.9M    n/a  n/a
   2   54 |   7 1.0   18   8.0M  190  513  72%    10M |  99.9   ovl   1   27  1.99M   27   11  28%  81.9M  -300n  n/a
   2   55 |   7 1.0   18   7.7M  180  489  73%    10M |  99.9   ovl   1   27  1.86M   23    8  25%  81.9M   -34n  n/a
   2   56 |   7 1.0   18   7.3M  180  582  76%    10M |  99.9   ovl   1   27  1.49M   19    6  24%  81.9M  -116n  n/a
   2   57 |   7 1.0   18   7.6M  181  518  74%    10M |  99.9   ovl   1   27  2.04M   28   12  30%  81.9M  -100n  n/a
   2   58 |   7 1.0   18   7.5M  175  576  76%    10M |  99.9   ovl   1   27  2.01M   26    7  21%  81.9M     8n  n/a
   2   59 |   7 1.0   18   7.9M  194  492  71%    10M |  99.9   ovl   1   27  1.90M   26    6  18%  81.9M  -192n  n/a
   2   5a |   7 1.0   18   7.3M  189  555  74%    10M |  99.9   ovl   1   27  2.03M   25    5  16%  81.9M  -113n  n/a
   2   5b |   7 1.0   18   7.6M  177  505  74%    10M |  99.9   ovl   1   27  2.41M   32    8  20%  81.9M  -122n  n/a
   3   5c |   7 1.0   17   5.3M  111  706  86%    10M |  99.9   n/a   1   27  1.02M   10   18  64%  81.9M    n/a  n/a
   3   5d |   7 1.0   17   5.5M  106  568  84%    10M |  99.9   n/a   1   27  1.51M   17   11  39%  81.9M    n/a  n/a
   3   5e |   7 1.0   17   5.5M  107  683  86%    10M |  99.9   n/a   1   27  1.17M   12   10  45%  81.9M    n/a  n/a
   3   5f |   7 1.0   17   5.6M  106  593  84%    10M |  99.9   n/a   1   27  1.10M   10   12  54%  81.9M    n/a  n/a
   3   60 |   7 1.0   17   5.8M  114  667  85%    10M |  99.9   n/a   1   27  2.14M   21   13  38%  81.9M    n/a  n/a
   3   61 |   7 1.0   17   5.6M  109  622  85%    10M |  99.9   n/a   1   27   600k    6   20  76%  81.9M    n/a  n/a
   3   62 |   7 1.0   17   5.2M   99  600  85%    10M |  99.9   n/a   1   27  1.78M   19    9  32%  81.9M    n/a  n/a
   3   63 |   7 1.0   17   5.6M  102  554  84%    10M |  99.9   n/a   1   27   662k    8   15  65%  81.9M    n/a  n/a
   4   64 |   7 1.0   18   8.1M  175  560  76%    10M |  99.9   ovl   1   27  2.09M   25   13  34%  81.9M   176n  n/a
   4   65 |   7 1.0   17   6.8M  147  631  81%    10M |  99.9   ovl   1   27  1.94M   23   12  34%  81.9M   513n  n/a
   4   66 |   7 1.0   18   7.9M  168  514  75%    10M |  99.9   ovl   1   27  1.85M   22   11  33%  81.9M  -780n  n/a
   4   67 |   7 1.0   17   6.8M  144  549  79%    10M |  99.9   ovl   1   27  1.66M   19   10  34%  81.9M   172n  n/a
   4   68 |   7 1.0   17   8.7M  192  446  69%    10M |  99.9   ovl   1   27  2.38M   26    7  21%  81.9M    50n  n/a
   4   69 |   7 1.0   17   7.1M  157  606  79%    10M |  99.9   ovl   1   27  1.40M   16   11  40%  81.9M  -281n  n/a
   4   6a |   7 1.0   18   7.9M  177  541  75%    10M |  99.9   ovl   1   27  1.48M   18   11  37%  81.9M  -562n  n/a
   4   6b |   7 1.0   17   6.9M  156  628  80%    10M |  99.9   ovl   1   27  1.50M   16    8  33%  81.9M    -8n  n/a
   0   44 |   7 1.0   18   7.4M  144  552  79%    10M |  99.9   ovl   1   27  1.36M   14   19  57%  81.9M  -488n  n/a
   0   45 |   7 1.0   18   7.4M  140  508  78%    10M |  99.9   ovl   1   27  1.43M   13   15  53%  81.9M  -422n  n/a
   0   46 |   7 1.0   18   7.1M  136  615  81%    10M |  99.9   ovl   1   27   717k    7   16  69%  81.9M  -606n  n/a
   0   47 |   7 1.0   18   7.7M  145  512  77%    10M |  99.9   n/a   1   27  1.16M   12   17  58%  81.9M    n/a  n/a
   0   48 |   7 1.0   18   7.7M  141  613  81%    10M |  99.9   ovl   1   27  1.54M   17   15  46%  81.9M    76n  n/a
   0   49 |   7 1.0   18   7.3M  138  556  80%    10M |  99.9   ovl   1   27  1.22M   12   16  57%  81.9M  -282n  n/a
   0   4a |   7 1.0   18   7.1M  133  661  83%    10M |  99.9   ovl   1   27  1.37M   13   13  50%  81.9M  -701n  n/a
   0   4b |   7 1.0   18   7.6M  136  575  80%    10M |  99.9   n/a   1   27  1.19M   12   18  60%  81.9M    n/a  n/a
   1   4c |   7 1.0   14   5.7M   70  429  85%    10M |  99.9   ovl   1   27  1.39M    7    6  46%  81.9M   884n  n/a
   1   4d |   7 1.0   14   5.5M   69  396  85%    10M |  99.9   n/a   1   27   599k    3    7  70%  81.9M    n/a  n/a
   1   4e |   7 1.0   14   5.9M   75  443  85%    10M |  99.9   ovl   1   27   988k    5    8  61%  81.9M   -45n  n/a
   1   4f |   7 1.0   14   5.5M   64  435  87%    10M |  99.9   ovl   1   27  1.20M    6    7  53%  81.9M    49n  n/a
   1   50 |   7 1.0   14   6.0M   80  422  84%    10M |  99.9   ovl   1   27  1.21M    6    6  50%  81.9M   -93n  n/a
   1   51 |   7 1.0    0      0    0    0   0%    10M |   n/a   n/a   1    0      0    0    0   0%  81.9M    n/a  n/a
   1   52 |   7 1.0   14   5.8M   72  451  86%    10M |  99.9   ovl   1   27   988k    5   11  68%  81.9M   473n  n/a
   1   53 |   7 1.0   14   5.8M   74  405  84%    10M |  99.9   ovl   1   27  1.41M    7    9  56%  81.9M   134n  n/a
   2   54 |   7 1.0   19   6.9M  161  612  79%    10M |  99.9   ovl   1   27  1.75M   24   10  29%  81.9M  -331n  n/a
   2   55 |   7 1.0   18   6.8M  157  526  77%    10M |  99.9   ovl   1   27  1.65M   21   14  40%  81.9M  -652n  n/a
   2   56 |   7 1.0   19   7.3M  167  505  75%    10M |  99.9   n/a   1   27  1.52M   20   12  37%  81.9M    n/a  n/a
   2   57 |   7 1.0   18   6.9M  155  564  78%    10M |  99.9   ovl   1   27  1.60M   20   13  39%  81.9M  -249n  n/a
   2   58 |   7 1.0   19   8.0M  177  474  72%    10M |  99.9   ovl   1   27  2.09M   27   14  34%  81.9M   294n  n/a
   2   59 |   7 1.0   18   6.9M  157  551  77%    10M |  99.9   ovl   1   27  2.12M   28   11  28%  81.9M  -173n  n/a
   2   5a |   7 1.0   19   7.9M  187  445  70%    10M |  99.9   ovl   1   27  1.84M   23    8  25%  81.9M  -809n  n/a
   2   5b |   7 1.0   18   6.9M  159  495  75%    10M |  99.9   ovl   1   27  1.35M   17   12  41%  81.9M   625n  n/a
   3   5c |   7 1.0   18   7.7M  133  584  81%    10M |  99.9   n/a   1   27   967k   10   18  64%  81.9M    n/a  n/a
   3   5d |   7 1.0   17   7.2M  135  570  80%    10M |  99.9   n/a   1   27  1.09M   12   17  58%  81.9M    n/a  n/a
   3   5e |   7 1.0   17   7.2M  141  544  79%    10M |  99.9   n/a   1   27   979k   11   17  60%  81.9M    n/a  n/a
   3   5f |   7 1.0   17   7.2M  131  518  79%    10M |  99.9   n/a   1   27  1.48M   15   16  51%  81.9M    n/a  n/a
   3   60 |   7 1.0   18   7.1M  130  712  84%    10M |  99.9   n/a   1   27  1.19M   12   17  58%  81.9M    n/a  n/a
   3   61 |   7 1.0   17   7.3M  132  565  81%    10M |  99.9   n/a   1   27  1.05M   10   18  64%  81.9M    n/a  n/a
   3   62 |   7 1.0   18   7.1M  134  588  81%    10M |  99.9   n/a   1   27   936k    9   17  65%  81.9M    n/a  n/a
   3   63 |   7 1.0   17   7.3M  141  585  80%    10M |  99.9   ovl   1   27  1.18M   12   19  61%  81.9M  -620n  n/a
   4   64 |   7 1.0   18   6.8M  154  575  78%    10M |  99.9   ovl   1   27  1.16M   13   14  51%  81.9M   766n  n/a
   4   65 |   7 1.0   18   6.4M  131  599  82%    10M |  99.9   ovl   1   27   949k   11   17  60%  81.9M  -930n  n/a
   4   66 |   7 1.0   18   6.7M  133  651  83%    10M |  99.9   ovl   1   27   961k   11   17  60%  81.9M  -858n  n/a
   4   67 |   7 1.0   17   6.6M  136  570  80%    10M |  99.9   ovl   1   27  1.91M   22   13  37%  81.9M    -1u  n/a
   4   68 |   7 1.0   18   6.0M  124  678  84%    10M |  99.9   ovl   1   27  1.49M   16   15  48%  81.9M    63n  n/a
   4   69 |   7 1.0   17   6.3M  130  617  82%    10M |  99.9   n/a   1   27  1.68M   19   15  44%  81.9M    n/a  n/a
   4   6a |   7 1.0   18   6.9M  137  557  80%    10M |  99.9   ovl   1   27  1.29M   15   12  44%  81.9M   132n  n/a
   4   6b |   7 1.0   18   6.6M  140  621  81%    10M |  99.9   ovl   1   27   717k    8   14  63%  81.9M    50n  n/a
   0   44 |   7 1.0   18   5.0M   99  730  88%    10M |  99.9   ovl   1   27   842k    9   16  64%  81.9M  -606n  n/a
   0   45 |   7 1.0   18   5.5M   97  620  86%    10M |  99.9   n/a   1   27   545k    6   19  76%  81.9M    n/a  n/a
   0   46 |   7 1.0   18   5.0M  112  768  87%    10M |  99.9   n/a   1   27  1.11M   11   21  65%  81.9M    n/a  n/a
   0   47 |   7 1.0   18   5.2M   88  606  87%    10M |  99.9   ovl   1   27   879k   10   16  61%  81.9M  -970n  n/a
   0   48 |   7 1.0   18   5.3M  112  669  85%    10M |  99.9   n/a   1   27   940k   10   16  61%  81.9M    n/a  n/a
   0   49 |   7 1.0   18   5.0M   91  666  87%    10M |  99.9   ovl   1   27   789k    9   16  64%  81.9M    36n  n/a
   0   4a |   7 1.0   18   5.0M   92  615  86%    10M |  99.9   ovl   1   27  1.13M   11   16  59%  81.9M   447n  n/a
   0   4b |   7 1.0   18   5.1M   97  622  86%    10M |  99.9   ovl   1   27   842k    9   14  60%  81.9M   213n  n/a
   1   4c |   7 1.0   14   4.1M   50  572  91%    10M |  99.9   n/a   1   27   398k    2    6  75%  81.9M    n/a  n/a
   1   4d |   7 1.0   14   4.4M   57  503  89%    10M |  99.9   n/a   1   27   804k    4    6  60%  81.9M    n/a  n/a
   1   4e |   7 1.0   14   4.3M   54  571  91%    10M |  99.9   n/a   1   27  1.18M    6    7  53%  81.9M    n/a  n/a
   1   4f |   7 1.0   14   4.3M   59  550  90%    10M |  99.9   n/a   1   27   988k    5    7  58%  81.9M    n/a  n/a
   1   50 |   7 1.0   14   4.6M   56  532  90%    10M |  99.9   n/a   1   27  1.20M    6    9  60%  81.9M    n/a  n/a
   1   51 |   7 1.0    0      0    0    0   0%    10M |   n/a   n/a   1    0      0    0    0   0%  81.9M    n/a  n/a
   1   52 |   7 1.0   14   4.5M   56  556  90%    10M |  99.9   n/a   1   27   795k    4    7  63%  81.9M    n/a  n/a
   1   53 |   7 1.0   14   4.4M   60  525  89%    10M |  99.9   n/a   1   27  1.01M    5    4  44%  81.9M    n/a  n/a

          |--------------------DL---------------------|-------------------------------UL-----------------------------
 pci rnti | cqi  ri  mcs  brate   ok  nok  (%)  dl_bs | pusch  rsrp  ri  mcs  brate   ok  nok  (%)    bsr     ta  phr
   2   54 |   7 1.0   19   8.8M  206  450  68%    10M |  99.9   ovl   1   27  2.48M   34   14  29%  81.9M  -278n  n/a
   2   55 |   7 1.0   19   8.0M  188  453  70%    10M |  99.9   ovl   1   27  2.45M   34    9  20%  81.9M  -228n  n/a
   2   56 |   7 1.0   19   8.4M  203  532  72%    10M |  99.9   ovl   1   27  2.16M   26   14  35%  81.9M  -156n  n/a
   2   57 |   7 1.0   19   8.3M  187  488  72%    10M |  99.9   ovl   1   27  2.35M   30   13  30%  81.9M   -13n  n/a
   2   58 |   7 1.0   19   8.9M  214  492  69%    10M |  99.9   ovl   1   27  2.30M   31    9  22%  81.9M  -152n  n/a
   2   59 |   7 1.0   19   8.0M  182  487  72%    10M |  99.9   ovl   1   27  2.37M   31   12  27%  81.9M  -104n  n/a
   2   5a |   7 1.0   19   8.5M  210  469  69%    10M |  99.9   ovl   1   27  2.00M   26   13  33%  81.9M    73n  n/a
   2   5b |   7 1.0   19   8.3M  190  486  71%    10M |  99.9   ovl   1   27  2.05M   26   12  31%  81.9M   102n  n/a
   3   5c |   7 1.0   18   9.4M  185  503  73%    10M |  99.9   n/a   1   27  2.17M   22    9  29%  81.9M    n/a  n/a
   3   5d |   7 1.0   18   9.4M  164  492  75%    10M |  99.9   n/a   1   27  1.98M   20   12  37%  81.9M    n/a  n/a
   3   5e |   7 1.0   18  10.0M  201  557  73%    10M |  99.9   n/a   1   27  2.16M   21   11  34%  81.9M    n/a  n/a
   3   5f |   7 1.0   17   9.5M  169  496  74%    10M |  99.9   n/a   1   27  1.89M   19   13  40%  81.9M    n/a  n/a
   3   60 |   7 1.0   18   9.9M  187  561  75%    10M |  99.9   n/a   1   27  1.90M   20   10  33%  81.9M    n/a  n/a
   3   61 |   7 1.0   17   9.2M  175  464  72%    10M |  99.9   n/a   1   27  1.72M   18   12  40%  81.9M    n/a  n/a
   3   62 |   7 1.0   18   8.8M  164  594  78%    10M |  99.9   n/a   1   27  2.15M   22   11  33%  81.9M    n/a  n/a
   3   63 |   7 1.0   18   9.2M  165  510  75%    10M |  99.9   n/a   1   27  1.83M   18   11  37%  81.9M    n/a  n/a
   4   64 |   7 1.0   18    12M  253  415  62%    10M |  99.9   ovl   1   27  3.29M   37   12  24%  81.9M   208n  n/a
   4   65 |   7 1.0   18    11M  197  468  70%    10M |  99.9   ovl   1   27  4.19M   47    8  14%  81.9M     8n  n/a
   4   66 |   7 1.0   18    11M  233  464  66%    10M |  99.9   ovl   1   27  3.61M   43    8  15%  81.9M  -310n  n/a
   4   67 |   7 1.0   18    11M  221  456  67%    10M |  99.9   ovl   1   27  3.74M   44    7  13%  81.9M   226n  n/a
   4   68 |   7 1.0   18    12M  269  277  50%    10M |  99.9   ovl   1   27  3.96M   44   10  18%  81.9M  -346n  n/a
   4   69 |   7 1.0   18    10M  202  499  71%    10M |  99.9   ovl   1   27  3.38M   38    7  15%  81.9M   225n  n/a
   4   6a |   7 1.0   18    12M  264  288  52%    10M |  99.9   ovl   1   27  3.54M   40   11  21%  81.9M  -240n  n/a
   4   6b |   7 1.0   18    10M  200  445  68%    10M |  99.9   ovl   1   27  3.31M   40   14  25%  81.9M  -183n  n/a
   0   44 |   7 1.0   18   9.3M  176  548  75%    10M |  99.9   n/a   1   27  1.73M   17   16  48%  81.9M    n/a  n/a
   0   45 |   7 1.0   18   9.3M  162  547  77%    10M |  99.9   n/a   1   27  1.46M   15   18  54%  81.9M    n/a  n/a
   0   46 |   7 1.0   18   8.6M  163  610  78%    10M |  99.9   n/a   1   27  1.98M   18   15  45%  81.9M    n/a  n/a
   0   47 |   7 1.0   18   8.9M  164  508  75%    10M |  99.9   n/a   1   27  1.68M   18   18  50%  81.9M    n/a  n/a
   0   48 |   7 1.0   18   9.3M  178  543  75%    10M |  99.9   n/a   1   27  1.45M   14   14  50%  81.9M    n/a  n/a
   0   49 |   7 1.0   18   9.2M  162  529  76%    10M |  99.9   n/a   1   27  1.25M   13   19  59%  81.9M    n/a  n/a
   0   4a |   7 1.0   18   8.9M  161  525  76%    10M |  99.9   n/a   1   27  1.23M   12   17  58%  81.9M    n/a  n/a
   0   4b |   7 1.0   18   9.1M  165  536  76%    10M |  99.9   n/a   1   27  2.11M   20   16  44%  81.9M    n/a  n/a
   1   4c |   7 1.0   14   6.2M   72  476  86%    10M |  99.9   ovl   1   27   795k    4    7  63%  81.9M    49n  n/a
   1   4d |   7 1.0   15   6.6M   76  429  84%    10M |  99.9   ovl   1   27  1.59M    8    9  52%  81.9M   473n  n/a
   1   4e |   7 1.0   14   6.8M   80  441  84%    10M |  99.9   ovl   1   27   992k    5    9  64%  81.9M   884n  n/a
   1   4f |   7 1.0   15   6.9M   80  465  85%    10M |  99.9   ovl   1   27   804k    4   10  71%  81.9M   229n  n/a
   1   50 |   7 1.0   14   6.7M   72  428  85%    10M |  99.9   ovl   1   27   607k    3    8  72%  81.9M   319n  n/a
   1   51 |   7 1.0    0      0    0    0   0%    10M |   n/a   n/a   1    0      0    0    0   0%  81.9M    n/a  n/a
   1   52 |   7 1.0   15   6.8M   79  446  84%    10M |  99.9   ovl   1   27  1.21M    6    8  57%  81.9M   -93n  n/a
   1   53 |   7 1.0   15   6.9M   80  451  84%    10M |  99.9   ovl   1   27   984k    5    9  64%  81.9M   473n  n/a
   2   54 |   7 1.0   19   7.5M  175  571  76%    10M |  99.9   ovl   1   27  1.59M   19   15  44%  81.9M  -989n  n/a
   2   55 |   7 1.0   19   7.1M  150  552  78%    10M |  99.9   n/a   1   27  1.23M   16   14  46%  81.9M    n/a  n/a
   2   56 |   7 1.0   19   7.4M  159  611  79%    10M |  99.9   ovl   1   27  1.30M   16   19  54%  81.9M  -385n  n/a
   2   57 |   7 1.0   19   7.0M  150  530  77%    10M |  99.9   n/a   1   27  1.10M   15   14  48%  81.9M    n/a  n/a
   2   58 |   7 1.0   19   7.6M  179  567  76%    10M |  99.9   ovl   1   27  1.35M   16   18  52%  81.9M  -276n  n/a
   2   59 |   7 1.0   19   7.2M  146  583  79%    10M |  99.9   ovl   1   27  1.59M   20   15  42%  81.9M   187n  n/a
   2   5a |   7 1.0   19   7.2M  156  587  79%    10M |  99.9   ovl   1   27  1.16M   14   16  53%  81.9M  -290n  n/a
   2   5b |   7 1.0   19   7.1M  153  540  77%    10M |  99.9   ovl   1   27  1.06M   14   18  56%  81.9M  -911n  n/a
   3   5c |   7 1.0   18   8.5M  158  594  78%    10M |  99.9   ovl   1   27  2.27M   22   15  40%  81.9M   656n  n/a
   3   5d |   7 1.0   18   7.9M  143  492  77%    10M |  99.9   ovl   1   27  2.03M   21   15  41%  81.9M   587n  n/a
   3   5e |   7 1.0   18   7.8M  146  598  80%    10M |  99.9   ovl   1   27  1.91M   19   18  48%  81.9M   774n  n/a
   3   5f |   7 1.0   18   8.0M  141  554  79%    10M |  99.9   ovl   1   27  1.04M   10   21  67%  81.9M  -620n  n/a
   3   60 |   7 1.0   18   8.2M  154  579  78%    10M |  99.9   ovl   1   27  1.48M   16   18  52%  81.9M   605n  n/a
   3   61 |   7 1.0   18   7.8M  142  517  78%    10M |  99.9   ovl   1   27  1.39M   13   20  60%  81.9M    -7n  n/a
   3   62 |   7 1.0   18   8.2M  155  512  76%    10M |  99.9   ovl   1   27  2.11M   21   13  38%  81.9M  -268n  n/a
   3   63 |   7 1.0   18   8.3M  137  456  76%    10M |  99.9   ovl   1   27   963k   10   17  62%  81.9M    -1u  n/a
   4   64 |   7 1.0   19   8.3M  175  587  77%    10M |  99.9   n/a   1   27  1.49M   17   18  51%  81.9M    n/a  n/a
   4   65 |   7 1.0   18   8.1M  152  500  76%    10M |  99.9   ovl   1   27  2.02M   22   12  35%  81.9M   894n  n/a
   4   66 |   7 1.0   19   8.1M  164  567  77%    10M |  99.9   ovl   1   27  2.02M   23   13  36%  81.9M    81n  n/a
   4   67 |   7 1.0   18   7.6M  154  536  77%    10M |  99.9   ovl   1   27  2.29M   26   12  31%  81.9M    50n  n/a
   4   68 |   7 1.0   19   8.0M  180  574  76%    10M |  99.9   ovl   1   27  1.85M   22   16  42%  81.9M  -551n  n/a
   4   69 |   7 1.0   18   7.5M  144  530  78%    10M |  99.9   ovl   1   27  2.09M   23    9  28%  81.9M   501n  n/a
   4   6a |   7 1.0   19   8.8M  161  549  77%    10M |  99.9   ovl   1   27  1.69M   20   14  41%  81.9M  -453n  n/a
   4   6b |   7 1.0   18   7.5M  146  484  76%    10M |  99.9   ovl   1   27  1.64M   18   12  40%  81.9M  -815n  n/a
   0   44 |   7 1.0   19   9.6M  170  544  76%    10M |  99.9   n/a   1   27  1.85M   17   16  48%  81.9M    n/a  n/a
   0   45 |   7 1.0   18   8.9M  164  484  74%    10M |  99.9   ovl   1   27   986k   11   17  60%  81.9M   -24n  n/a
   0   46 |   7 1.0   19   9.4M  175  498  73%    10M |  99.9   ovl   1   27  1.51M   14   12  46%  81.9M  -290n  n/a
   0   47 |   7 1.0   18   9.1M  160  496  75%    10M |  99.9   ovl   1   27  1.25M   14   18  56%  81.9M   119n  n/a
   0   48 |   7 1.0   19   9.6M  168  543  76%    10M |  99.9   ovl   1   27  1.44M   14   18  56%  81.9M  -380n  n/a
   0   49 |   7 1.0   18   9.1M  162  493  75%    10M |  99.9   ovl   1   27  1.65M   18   14  43%  81.9M   154n  n/a
   0   4a |   7 1.0   19   9.1M  168  563  77%    10M |  99.9   ovl   1   27  1.39M   13   18  58%  81.9M  -234n  n/a
   0   4b |   7 1.0   18   9.0M  159  504  76%    10M |  99.9   ovl   1   27  1.53M   15   16  51%  81.9M  -179n  n/a
   1   4c |   7 1.0   15   6.1M   75  412  84%    10M |  99.9   n/a   1   27  1.44M    7   11  61%  81.9M    n/a  n/a
   1   4d |   7 1.0   15   5.9M   67  390  85%    10M |  99.9   n/a   1   27  1.19M    6    9  60%  81.9M    n/a  n/a
   1   4e |   7 1.0   15   6.0M   75  427  85%    10M |  99.9   n/a   1   27   980k    5   10  66%  81.9M    n/a  n/a
   1   4f |   7 1.0   15   5.5M   55  442  88%    10M |  99.9   n/a   1   27  1.22M    6   11  64%  81.9M    n/a  n/a
   1   50 |   7 1.0   15   6.1M   67  432  86%    10M |  99.9   n/a   1   27  1.21M    6   11  64%  81.9M    n/a  n/a
   1   51 |   7 1.0    0      0    0    0   0%    10M |   n/a   n/a   1    0      0    0    0   0%  81.9M    n/a  n/a
   1   52 |   7 1.0   15   6.0M   72  497  87%    10M |  99.9   n/a   1   27  1.22M    6    9  60%  81.9M    n/a  n/a
   1   53 |   7 1.0   15   6.3M   77  427  84%    10M |  99.9   n/a   1   27  1.19M    6    8  57%  81.9M    n/a  n/a
   2   54 |   7 1.0   19   8.4M  203  545  72%    10M |  99.9   ovl   1   27  1.94M   24   13  35%  81.9M   754n  n/a
   2   55 |   7 1.0   19   7.9M  160  544  77%    10M |  99.9   ovl   1   27  1.92M   24   18  42%  81.9M   947n  n/a
   2   56 |   7 1.0   19   8.1M  172  541  75%    10M |  99.9   ovl   1   27  1.71M   21   18  46%  81.9M  -869n  n/a
   2   57 |   7 1.0   19   7.5M  156  578  78%    10M |  99.9   ovl   1   27  1.99M   26   17  39%  81.9M  -911n  n/a
   2   58 |   7 1.0   19   7.7M  181  596  76%    10M |  99.9   ovl   1   27  1.73M   22   12  35%  81.9M  -656n  n/a
   2   59 |   7 1.0   19   7.2M  146  588  80%    10M |  99.9   ovl   1   27  1.81M   22   16  42%  81.9M  -783n  n/a
   2   5a |   7 1.0   19   8.4M  200  529  72%    10M |  99.9   ovl   1   27  1.52M   19   13  40%  81.9M  -923n  n/a
   2   5b |   7 1.0   19   7.4M  155  520  77%    10M |  99.9   ovl   1   27  1.56M   19   17  47%  81.9M   -36n  n/a

          |--------------------DL---------------------|-------------------------------UL-----------------------------
 pci rnti | cqi  ri  mcs  brate   ok  nok  (%)  dl_bs | pusch  rsrp  ri  mcs  brate   ok  nok  (%)    bsr     ta  phr
   3   5c |   7 1.0   19   8.4M  150  600  80%    10M |  99.9   ovl   1   27  1.60M   16   17  51%  81.9M   136n  n/a
   3   5d |   7 1.0   18   8.4M  150  522  77%    10M |  99.9   ovl   1   27  1.61M   16   17  51%  81.9M   -11n  n/a
   3   5e |   7 1.0   18   8.4M  154  600  79%    10M |  99.9   ovl   1   27  1.46M   13   17  56%  81.9M     1u  n/a
   3   5f |   7 1.0   18   8.5M  154  552  78%    10M |  99.9   ovl   1   27  1.40M   13   18  58%  81.9M   478n  n/a
   3   60 |   7 1.0   19   8.9M  158  557  77%    10M |  99.9   ovl   1   27  2.08M   19   19  50%  81.9M   765n  n/a
   3   61 |   7 1.0   18   8.7M  150  474  75%    10M |  99.9   ovl   1   27  1.89M   19   20  51%  81.9M  -733n  n/a
   3   62 |   7 1.0   18   8.6M  164  530  76%    10M |  99.9   ovl   1   27  1.27M   13   18  58%  81.9M    70n  n/a
   3   63 |   7 1.0   18   8.7M  157  517  76%    10M |  99.9   ovl   1   27  1.45M   14   21  60%  81.9M   127n  n/a
   4   64 |   7 1.0   19    11M  226  479  67%    10M |  99.9   ovl   1   27  2.59M   31   16  34%  81.9M   -13n  n/a
   4   65 |   7 1.0   19    11M  203  426  67%    10M |  99.9   ovl   1   27  3.38M   39    9  18%  81.9M   -64n  n/a
   4   66 |   7 1.0   19    11M  231  463  66%    10M |  99.9   ovl   1   27  3.04M   35   14  28%  81.9M  -599n  n/a
   4   67 |   7 1.0   18    11M  210  434  67%    10M |  99.9   ovl   1   27  3.49M   40    6  13%  81.9M   524n  n/a
   4   68 |   7 1.0   19    11M  204  444  68%    10M |  99.9   ovl   1   27  3.22M   37   10  21%  81.9M   220n  n/a
   4   69 |   7 1.0   18    11M  214  454  67%    10M |  99.9   ovl   1   27  3.30M   38   13  25%  81.9M  -373n  n/a
   4   6a |   7 1.0   19    11M  209  404  65%    10M |  99.9   ovl   1   27  3.47M   38    8  17%  81.9M  -174n  n/a
   4   6b |   7 1.0   19    11M  205  429  67%    10M |  99.9   ovl   1   27  3.82M   41   11  21%  81.9M  -192n  n/a
   0   44 |   7 1.0   19   8.9M  153  567  78%    10M |  99.9   n/a   1   27  2.04M   20   15  42%  81.9M    n/a  n/a
   0   45 |   7 1.0   19   8.8M  151  500  76%    10M |  99.9   n/a   1   27  1.46M   14   19  57%  81.9M    n/a  n/a
   0   46 |   7 1.0   19   8.9M  149  575  79%    10M |  99.9   n/a   1   27  1.94M   19   16  45%  81.9M    n/a  n/a
   0   47 |   7 1.0   19   8.5M  143  555  79%    10M |  99.9   n/a   1   27  1.51M   15   20  57%  81.9M    n/a  n/a
   0   48 |   7 1.0   19   9.2M  157  556  77%    10M |  99.9   n/a   1   27  1.73M   18   18  50%  81.9M    n/a  n/a
   0   49 |   7 1.0   19   8.6M  151  536  78%    10M |  99.9   n/a   1   27  1.82M   18   22  55%  81.9M    n/a  n/a
   0   4a |   7 1.0   19   8.7M  149  639  81%    10M |  99.9   n/a   1   27  1.43M   14   24  63%  81.9M    n/a  n/a
   0   4b |   7 1.0   19   8.8M  145  507  77%    10M |  99.9   n/a   1   27  1.05M   11   22  66%  81.9M    n/a  n/a
   1   4c |   7 1.0   15   7.0M   90  450  83%    10M |  99.9   n/a   1   27   992k    5   10  66%  81.9M    n/a  n/a
   1   4d |   7 1.0   15   6.2M   74  432  85%    10M |  99.9   n/a   1   27  1.58M    8   11  57%  81.9M    n/a  n/a
   1   4e |   7 1.0   15   6.6M   77  428  84%    10M |  99.9   n/a   1   27  1.59M    8    9  52%  81.9M    n/a  n/a
   1   4f |   7 1.0   15   6.2M   78  460  85%    10M |  99.9   n/a   1   27  1.43M    7   11  61%  81.9M    n/a  n/a
   1   50 |   7 1.0   15   6.5M   78  461  85%    10M |  99.9   n/a   1   27  1.20M    6    8  57%  81.9M    n/a  n/a
   1   51 |   7 1.0    0      0    0    0   0%    10M |   n/a   n/a   1    0      0    0    0   0%  81.9M    n/a  n/a
   1   52 |   7 1.0   15   6.8M   77  449  85%    10M |  99.9   n/a   1   27  1.62M    8   11  57%  81.9M    n/a  n/a
   1   53 |   7 1.0   15   6.2M   71  458  86%    10M |  99.9   n/a   1   27   980k    5   10  66%  81.9M    n/a  n/a
   2   54 |   7 1.0   19   6.8M  170  536  75%    10M |  99.9   n/a   1   27  1.20M   16    8  33%  81.9M    n/a  n/a
   2   55 |   7 1.0   19   6.5M  143  495  77%    10M |  99.9   n/a   1   27   907k   11   17  60%  81.9M    n/a  n/a
   2   56 |   7 1.0   19   6.4M  146  613  80%    10M |  99.9   n/a   1   27  1.06M   13   17  56%  81.9M    n/a  n/a
   2   57 |   7 1.0   19   6.7M  139  493  78%    10M |  99.9   n/a   1   27   850k   10   15  60%  81.9M    n/a  n/a
   2   58 |   7 1.0   19   6.5M  164  672  80%    10M |  99.9   n/a   1   27  1.48M   20   13  39%  81.9M    n/a  n/a
   2   59 |   7 1.0   19   6.7M  143  496  77%    10M |  99.9   n/a   1   27   868k   12   17  58%  81.9M    n/a  n/a
   2   5a |   7 1.0   19   6.4M  146  599  80%    10M |  99.9   n/a   1   27  1.55M   19   24  55%  81.9M    n/a  n/a
   2   5b |   7 1.0   19   6.7M  146  516  77%    10M |  99.9   n/a   1   27  1.24M   16   15  48%  81.9M    n/a  n/a
   3   5c |   7 1.0   19    13M  220  425  65%    10M |  99.9   n/a   1   27  2.03M   19   14  42%  81.9M    n/a  n/a
   3   5d |   7 1.0   18    12M  197  462  70%    10M |  99.9   n/a   1   27  3.35M   34   11  24%  81.9M    n/a  n/a
   3   5e |   7 1.0   19    13M  217  393  64%    10M |  99.9   n/a   1   27  2.94M   32   12  27%  81.9M    n/a  n/a
   3   5f |   7 1.0   18    12M  204  483  70%    10M |  99.9   n/a   1   27  3.65M   36   12  25%  81.9M    n/a  n/a
   3   60 |   7 1.0   19    12M  206  431  67%    10M |  99.9   n/a   1   27  3.75M   38   12  24%  81.9M    n/a  n/a
   3   61 |   7 1.0   18    12M  199  430  68%    10M |  99.9   n/a   1   27  3.44M   36   13  26%  81.9M    n/a  n/a
   3   62 |   7 1.0   19    13M  220  417  65%    10M |  99.9   n/a   1   27  3.32M   33   18  35%  81.9M    n/a  n/a
   3   63 |   7 1.0   18    12M  197  397  66%    10M |  99.9   n/a   1   27  3.58M   34    8  19%  81.9M    n/a  n/a
   4   64 |   7 1.0   19   9.0M  193  523  73%    10M |  99.9   n/a   1   27  2.13M   24   12  33%  81.9M    n/a  n/a
   4   65 |   7 1.0   19   9.2M  173  498  74%    10M |  99.9   n/a   1   27  2.51M   30   16  34%  81.9M    n/a  n/a
   4   66 |   7 1.0   19   8.6M  185  499  72%    10M |  99.9   n/a   1   27  1.46M   18   11  37%  81.9M    n/a  n/a
   4   67 |   7 1.0   19   9.2M  168  462  73%    10M |  99.9   n/a   1   27  1.01M   13   21  61%  81.9M    n/a  n/a
   4   68 |   7 1.0   19   8.8M  182  572  75%    10M |  99.9   n/a   1   27  1.86M   23   13  36%  81.9M    n/a  n/a
   4   69 |   7 1.0   19   9.2M  174  461  72%    10M |  99.9   n/a   1   27  2.17M   24    7  22%  81.9M    n/a  n/a
   4   6a |   7 1.0   19   8.8M  169  507  75%    10M |  99.9   n/a   1   27  1.99M   22   12  35%  81.9M    n/a  n/a
   4   6b |   7 1.0   19   9.0M  174  510  74%    10M |  99.9   n/a   1   27  1.71M   21   11  34%  81.9M    n/a  n/a
   0   44 |   7 1.0   19    11M  182  542  74%    10M |  99.9   n/a   1   27  1.55M   15   22  59%  81.9M    n/a  n/a
   0   45 |   7 1.0   19    11M  179  496  73%    10M |  99.9   n/a   1   27  2.33M   23    8  25%  81.9M    n/a  n/a
   0   46 |   7 1.0   19    11M  185  528  74%    10M |  99.9   n/a   1   27  1.50M   15   16  51%  81.9M    n/a  n/a
   0   47 |   7 1.0   19    11M  189  509  72%    10M |  99.9   n/a   1   27  1.66M   18   13  41%  81.9M    n/a  n/a
   0   48 |   7 1.0   19    11M  186  532  74%    10M |  99.9   ovl   1   27  2.03M   20   21  51%  81.9M   449n  n/a
   0   49 |   7 1.0   19    11M  179  418  70%    10M |  99.9   n/a   1   27  2.47M   24   17  41%  81.9M    n/a  n/a
   0   4a |   7 1.0   19    11M  191  538  73%    10M |  99.9   n/a   1   27  2.13M   22   15  40%  81.9M    n/a  n/a
   0   4b |   7 1.0   19    11M  187  469  71%    10M |  99.9   n/a   1   27  1.94M   19   13  40%  81.9M    n/a  n/a
   1   4c |   7 1.0   15   5.2M   64  469  87%    10M |  99.9   n/a   1   27   578k    3    8  72%  81.9M    n/a  n/a
   1   4d |   7 1.0   15   5.5M   68  451  86%    10M |  99.9   n/a   1   27   389k    2   12  85%  81.9M    n/a  n/a
   1   4e |   7 1.0   15   5.4M   57  511  89%    10M |  99.9   n/a   1   27   197k    1    8  88%  81.9M    n/a  n/a
   1   4f |   7 1.0   15   5.4M   69  437  86%    10M |  99.9   n/a   1   27   389k    2   11  84%  81.9M    n/a  n/a
   1   50 |   7 1.0   15   5.9M   81  461  85%    10M |  99.9   n/a   1   27   586k    3   10  76%  81.9M    n/a  n/a
   1   51 |   7 1.0    0      0    0    0   0%    10M |   n/a   n/a   1    0      0    0    0   0%  81.9M    n/a  n/a
   1   52 |   7 1.0   15   5.4M   64  406  86%    10M |  99.9   n/a   1   27   197k    1    8  88%  81.9M    n/a  n/a
   1   53 |   7 1.0   15   5.7M   66  435  86%    10M |  99.9   n/a   1   27   197k    1    9  90%  81.9M    n/a  n/a
   2   54 |   7 1.0   19   7.0M  163  595  78%    10M |  99.9   ovl   1   27   933k   13   18  58%  81.9M  -911n  n/a
   2   55 |   7 1.0   19   6.5M  137  523  79%    10M |  99.9   n/a   1   27  1.33M   18   16  47%  81.9M    n/a  n/a
   2   56 |   7 1.0   19   6.9M  168  633  79%    10M |  99.9   n/a   1   27   920k   13   17  56%  81.9M    n/a  n/a
   2   57 |   7 1.0   19   6.7M  150  588  79%    10M |  99.9   ovl   1   27  1.49M   18   14  43%  81.9M  -911n  n/a
   2   58 |   7 1.0   19   7.1M  156  614  79%    10M |  99.9   ovl   1   27  1.32M   16   17  51%  81.9M  -956n  n/a
   2   59 |   7 1.0   19   6.7M  145  564  79%    10M |  99.9   ovl   1   27   921k   12   15  55%  81.9M   145n  n/a
   2   5a |   7 1.0   19   7.1M  160  592  78%    10M |  99.9   ovl   1   27  1.19M   17   15  46%  81.9M   220n  n/a
   2   5b |   7 1.0   19   6.9M  146  535  78%    10M |  99.9   ovl   1   27  1.05M   14   17  54%  81.9M  -656n  n/a
   3   5c |   7 1.0   19   8.3M  140  574  80%    10M |  99.9   n/a   1   27   738k    8   27  77%  81.9M    n/a  n/a
   3   5d |   7 1.0   19   8.1M  126  489  79%    10M |  99.9   n/a   1   27  1.29M   12   20  62%  81.9M    n/a  n/a
   3   5e |   7 1.0   19   7.7M  134  564  80%    10M |  99.9   n/a   1   27  1.43M   15   20  57%  81.9M    n/a  n/a
   3   5f |   7 1.0   19   8.2M  137  510  78%    10M |  99.9   n/a   1   27  1.52M   15   17  53%  81.9M    n/a  n/a
   3   60 |   7 1.0   19   8.1M  141  595  80%    10M |  99.9   n/a   1   27  1.73M   18   19  51%  81.9M    n/a  n/a
   3   61 |   7 1.0   19   8.2M  140  502  78%    10M |  99.9   n/a   1   27   980k   10   20  66%  81.9M    n/a  n/a
   3   62 |   7 1.0   19   7.4M  120  626  83%    10M |  99.9   n/a   1   27  1.46M   15   16  51%  81.9M    n/a  n/a
   3   63 |   7 1.0   19   7.9M  131  517  79%    10M |  99.9   n/a   1   27  1.30M   12   18  60%  81.9M    n/a  n/a

          |--------------------DL---------------------|-------------------------------UL-----------------------------
 pci rnti | cqi  ri  mcs  brate   ok  nok  (%)  dl_bs | pusch  rsrp  ri  mcs  brate   ok  nok  (%)    bsr     ta  phr
   4   64 |   7 1.0   19   9.0M  191  502  72%    10M |  99.9   ovl   1   27  2.14M   25   12  32%  81.9M   898n  n/a
   4   65 |   7 1.0   19   8.3M  152  505  76%    10M |  99.9   ovl   1   27  2.29M   26    7  21%  81.9M  -815n  n/a
   4   66 |   7 1.0   19   8.5M  172  533  75%    10M |  99.9   ovl   1   27  2.18M   23   15  39%  81.9M   751n  n/a
   4   67 |   7 1.0   19   8.6M  156  545  77%    10M |  99.9   ovl   1   27  2.40M   27   15  35%  81.9M  -558n  n/a
   4   68 |   7 1.0   19   8.5M  172  517  75%    10M |  99.9   ovl   1   27  1.95M   23   13  36%  81.9M    96n  n/a
   4   69 |   7 1.0   19   8.2M  152  490  76%    10M |  99.9   ovl   1   27  2.12M   24   18  42%  81.9M  -831n  n/a
   4   6a |   7 1.0   19   8.2M  159  496  75%    10M |  99.9   n/a   1   27  2.07M   24   10  29%  81.9M    n/a  n/a
   4   6b |   7 1.0   19   8.1M  149  499  77%    10M |  99.9   n/a   1   27  2.78M   32   15  31%  81.9M    n/a  n/a
   0   44 |   7 1.0   19   7.4M  128  670  83%    10M |  99.9   ovl   1   27   916k    9   12  57%  81.9M  -171n  n/a
   0   45 |   7 1.0   19   7.6M  128  602  82%    10M |  99.9   ovl   1   27  1.68M   18   18  50%  81.9M  -244n  n/a
   0   46 |   7 1.0   19   7.8M  146  615  80%    10M |  99.9   ovl   1   27   840k    8   17  68%  81.9M  -655n  n/a
   0   47 |   7 1.0   19   7.1M  120  578  82%    10M |  99.9   n/a   1   27  1.01M   11   11  50%  81.9M    n/a  n/a
   0   48 |   7 1.0   19   7.5M  127  570  81%    10M |  99.9   ovl   1   27   647k    7   14  66%  81.9M    36n  n/a
   0   49 |   7 1.0   19   7.6M  129  611  82%    10M |  99.9   ovl   1   27  1.55M   15   10  40%  81.9M  -422n  n/a
   0   4a |   7 1.0   19   7.4M  126  619  83%    10M |  99.9   ovl   1   27  1.53M   17   17  50%  81.9M    36n  n/a
   0   4b |   7 1.0   19   7.6M  126  567  81%    10M |  99.9   ovl   1   27  1.29M   12   12  50%  81.9M  -422n  n/a
   1   4c |   7 1.0   15   5.3M   66  515  88%    10M |  99.9   n/a   1   27   209k    1   10  90%  81.9M    n/a  n/a
   1   4d |   7 1.0   15   5.1M   63  511  89%    10M |  99.9   n/a   1   27   980k    5    9  64%  81.9M    n/a  n/a
   1   4e |   7 1.0   15   5.4M   63  480  88%    10M |  99.9   n/a   1   27  1.19M    6   12  66%  81.9M    n/a  n/a
   1   4f |   7 1.0   15   5.1M   59  431  87%    10M |  99.9   n/a   1   27   586k    3   12  80%  81.9M    n/a  n/a
   1   50 |   7 1.0   15   5.2M   60  420  87%    10M |  99.9   n/a   1   27  1.19M    6    9  60%  81.9M    n/a  n/a
   1   51 |   7 1.0    0      0    0    0   0%    10M |   n/a   n/a   1    0      0    0    0   0%  81.9M    n/a  n/a
   1   52 |   7 1.0   15   5.2M   63  434  87%    10M |  99.9   n/a   1   27   197k    1   12  92%  81.9M    n/a  n/a
   1   53 |   7 1.0   15   5.2M   66  438  86%    10M |  99.9   n/a   1   27   607k    3   10  76%  81.9M    n/a  n/a
   2   54 |   7 1.0   19   8.6M  195  574  74%    10M |  99.9   ovl   1   27  1.73M   22   13  37%  81.9M  -124n  n/a
   2   55 |   7 1.0   19   8.6M  178  530  74%    10M |  99.9   ovl   1   27  1.39M   17   16  48%  81.9M  -312n  n/a
   2   56 |   7 1.0   19   8.9M  194  585  75%    10M |  99.9   ovl   1   27  2.08M   27   17  38%  81.9M     8n  n/a
   2   57 |   7 1.0   19   8.5M  183  495  73%    10M |  99.9   ovl   1   27  1.70M   20   18  47%  81.9M  -622n  n/a
   2   58 |   7 1.0   19   8.6M  191  560  74%    10M |  99.9   ovl   1   27  1.36M   18   18  50%  81.9M  -287n  n/a
   2   59 |   7 1.0   19   8.5M  184  544  74%    10M |  99.9   ovl   1   27  1.57M   20   14  41%  81.9M  -651n  n/a
   2   5a |   7 1.0   19   9.1M  203  515  71%    10M |  99.9   ovl   1   27  1.39M   18   17  48%  81.9M   152n  n/a
   2   5b |   7 1.0   19   8.5M  186  491  72%    10M |  99.9   ovl   1   27  1.54M   21   16  43%  81.9M  -116n  n/a
   3   5c |   7 1.0   19   7.6M  130  538  80%    10M |  99.9   n/a   1   27  1.43M   15   13  46%  81.9M    n/a  n/a
   3   5d |   7 1.0   19   7.4M  124  601  82%    10M |  99.9   n/a   1   27   664k    8   19  70%  81.9M    n/a  n/a
   3   5e |   7 1.0   19   7.7M  126  598  82%    10M |  99.9   n/a   1   27   693k    7   16  69%  81.9M    n/a  n/a
   3   5f |   7 1.0   19   7.4M  125  611  83%    10M |  99.9   n/a   1   27  1.10M   11   15  57%  81.9M    n/a  n/a
   3   60 |   7 1.0   19   7.9M  147  653  81%    10M |  99.9   n/a   1   27   994k   11   15  57%  81.9M    n/a  n/a
   3   61 |   7 1.0   19   7.2M  126  589  82%    10M |  99.9   n/a   1   27  1.01M   10   16  61%  81.9M    n/a  n/a
   3   62 |   7 1.0   19   7.5M  129  651  83%    10M |  99.9   n/a   1   27  1.25M   14   14  50%  81.9M    n/a  n/a
   3   63 |   7 1.0   19   7.4M  131  622  82%    10M |  99.9   n/a   1   27   887k    9   16  64%  81.9M    n/a  n/a
   4   64 |   7 1.0   19   7.2M  143  579  80%    10M |  99.9   n/a   1   27  1.86M   22   14  38%  81.9M    n/a  n/a
   4   65 |   7 1.0   19   7.7M  144  489  77%    10M |  99.9   n/a   1   27  2.03M   21   12  36%  81.9M    n/a  n/a
   4   66 |   7 1.0   19   7.0M  146  635  81%    10M |  99.9   n/a   1   27  1.09M   12   18  60%  81.9M    n/a  n/a
   4   67 |   7 1.0   19   8.1M  153  462  75%    10M |  99.9   n/a   1   27  1.52M   18   23  56%  81.9M    n/a  n/a
   4   68 |   7 1.0   19   7.2M  145  614  80%    10M |  99.9   n/a   1   27  1.15M   15   18  54%  81.9M    n/a  n/a
   4   69 |   7 1.0   19   7.8M  156  523  77%    10M |  99.9   n/a   1   27  1.69M   17   14  45%  81.9M    n/a  n/a
   4   6a |   7 1.0   19   7.6M  156  594  79%    10M |  99.9   n/a   1   27  1.68M   18   17  48%  81.9M    n/a  n/a
   4   6b |   7 1.0   19   8.3M  162  518  76%    10M |  99.9   n/a   1   27   986k   10   16  61%  81.9M    n/a  n/a
   0   44 |   7 1.0   19   7.3M  142  644  81%    10M |  99.9   ovl   1   27  1.18M   12   16  57%  81.9M  -105n  n/a
   0   45 |   7 1.0   19   6.8M  114  585  83%    10M |  99.9   n/a   1   27  1.34M   13   10  43%  81.9M    n/a  n/a
   0   46 |   7 1.0   19   7.2M  139  594  81%    10M |  99.9   ovl   1   27  1.54M   15   12  44%  81.9M  -216n  n/a
   0   47 |   7 1.0   19   6.8M  121  598  83%    10M |  99.9   ovl   1   27  1.67M   16   16  50%  81.9M  -704n  n/a
   0   48 |   7 1.0   19   7.1M  124  633  83%    10M |  99.9   n/a   1   27   859k    9   14  60%  81.9M    n/a  n/a
   0   49 |   7 1.0   19   6.5M  111  609  84%    10M |  99.9   ovl   1   27  1.54M   17   12  41%  81.9M   132n  n/a
   0   4a |   7 1.0   19   7.0M  132  569  81%    10M |  99.9   ovl   1   27  1.70M   16   17  51%  81.9M  -105n  n/a
   0   4b |   7 1.0   19   6.7M  112  596  84%    10M |  99.9   ovl   1   27  1.67M   17   15  46%  81.9M  -476n  n/a
   1   4c |   7 1.0   15   5.9M   70  377  84%    10M |  99.9   n/a   1   27   611k    3    5  62%  81.9M    n/a  n/a
   1   4d |   7 1.0   15   5.9M   78  392  83%    10M |  99.9   ovl   1   27  1.58M    8    6  42%  81.9M   897n  n/a
   1   4e |   7 1.0   15   6.1M   77  398  83%    10M |  99.9   ovl   1   27  2.39M   12    8  40%  81.9M   319n  n/a
   1   4f |   7 1.0   15   5.6M   73  397  84%    10M |  99.9   n/a   1   27  1.18M    6    7  53%  81.9M    n/a  n/a
   1   50 |   7 1.0   15   5.5M   71  375  84%    10M |  99.9   n/a   1   27   623k    3    5  62%  81.9M    n/a  n/a
   1   51 |   7 1.0    0      0    0    0   0%    10M |   n/a   n/a   1    0      0    0    0   0%  81.9M    n/a  n/a
   1   52 |   7 1.0   15   6.0M   77  408  84%    10M |  99.9   n/a   1   27  1.00M    5    4  44%  81.9M    n/a  n/a
   1   53 |   7 1.0   15   6.1M   79  384  82%    10M |  99.9   ovl   1   27   799k    4    5  55%  81.9M   921n  n/a
   2   54 |   7 1.0   19   6.3M  141  608  81%    10M |  99.9   ovl   1   27  1.14M   14   14  50%  81.9M  -103n  n/a
   2   55 |   7 1.0   19   5.9M  120  585  82%    10M |  99.9   ovl   1   27  1.07M   15   15  50%  81.9M  -257n  n/a
   2   56 |   7 1.0   19   6.0M  134  700  83%    10M |  99.9   ovl   1   27  1.33M   19   11  36%  81.9M  -422n  n/a
   2   57 |   7 1.0   19   5.7M  127  645  83%    10M |  99.9   ovl   1   27  1.36M   18   13  41%  81.9M   -98n  n/a
   2   58 |   7 1.0   19   6.0M  140  624  81%    10M |  99.9   ovl   1   27  1.46M   18   11  37%  81.9M    84n  n/a
   2   59 |   7 1.0   19   6.0M  129  598  82%    10M |  99.9   ovl   1   27  1.32M   18   10  35%  81.9M  -411n  n/a
   2   5a |   7 1.0   19   6.1M  141  633  81%    10M |  99.9   ovl   1   27  1.02M   13   15  53%  81.9M  -357n  n/a
   2   5b |   7 1.0   19   6.0M  130  664  83%    10M |  99.9   ovl   1   27  1.28M   16   14  46%  81.9M   -32n  n/a
   3   5c |   7 1.0   19   8.2M  144  599  80%    10M |  99.9   ovl   1   27  1.36M   14   15  51%  81.9M  -734n  n/a
   3   5d |   7 1.0   19   8.5M  143  547  79%    10M |  99.9   ovl   1   27  1.15M   13   19  59%  81.9M  -317n  n/a
   3   5e |   7 1.0   19   8.1M  132  626  82%    10M |  99.9   ovl   1   27  1.27M   13   15  53%  81.9M   579n  n/a
   3   5f |   7 1.0   19   8.4M  137  565  80%    10M |  99.9   ovl   1   27  1.26M   13   13  50%  81.9M   864n  n/a
   3   60 |   7 1.0   19   8.4M  147  566  79%    10M |  99.9   ovl   1   27  1.18M   11   14  56%  81.9M    66n  n/a
   3   61 |   7 1.0   19   8.5M  132  512  79%    10M |  99.9   ovl   1   27  1.55M   16   13  44%  81.9M  -892n  n/a
   3   62 |   7 1.0   19   8.6M  145  577  79%    10M |  99.9   ovl   1   27  1.29M   13   15  53%  81.9M   854n  n/a
   3   63 |   7 1.0   19   8.1M  136  595  81%    10M |  99.9   ovl   1   27  1.37M   14   14  50%  81.9M   478n  n/a
   4   64 |   7 1.0   19   8.2M  163  590  78%    10M |  99.9   ovl   1   27  1.43M   17   10  37%  81.9M   898n  n/a
   4   65 |   7 1.0   19   8.3M  160  519  76%    10M |  99.9   ovl   1   27  1.27M   15    9  37%  81.9M   -50n  n/a
   4   66 |   7 1.0   19   7.7M  155  648  80%    10M |  99.9   ovl   1   27  1.36M   16   11  40%  81.9M   431n  n/a
   4   67 |   7 1.0   19   8.4M  154  505  76%    10M |  99.9   ovl   1   27  1.48M   17   11  39%  81.9M  -558n  n/a
   4   68 |   7 1.0   19   8.1M  165  667  80%    10M |  99.9   n/a   1   27  1.27M   15   11  42%  81.9M    n/a  n/a
   4   69 |   7 1.0   19   8.3M  161  595  78%    10M |  99.9   ovl   1   27  1.48M   17    9  34%  81.9M    50n  n/a
   4   6a |   7 1.0   19   8.1M  155  580  78%    10M |  99.9   ovl   1   27  1.20M   14   12  46%  81.9M  -831n  n/a
   4   6b |   7 1.0   19   8.4M  153  530  77%    10M |  99.9   ovl   1   27  1.67M   18   10  35%  81.9M  -640n  n/a

          |--------------------DL---------------------|-------------------------------UL-----------------------------
 pci rnti | cqi  ri  mcs  brate   ok  nok  (%)  dl_bs | pusch  rsrp  ri  mcs  brate   ok  nok  (%)    bsr     ta  phr
   0   44 |   7 1.0   19   7.6M  141  670  82%    10M |  99.9   ovl   1   27  1.59M   16   12  42%  81.9M   308n  n/a
   0   45 |   7 1.0   19   7.3M  118  548  82%    10M |  99.9   ovl   1   27  1.27M   12   13  52%  81.9M  -422n  n/a
   0   46 |   7 1.0   19   7.7M  143  554  79%    10M |  99.9   ovl   1   27   979k   10   18  64%  81.9M  -698n  n/a
   0   47 |   7 1.0   19   6.7M  106  579  84%    10M |  99.9   ovl   1   27  2.08M   20   10  33%  81.9M  -336n  n/a
   0   48 |   7 1.0   19   7.0M  125  657  84%    10M |  99.9   n/a   1   27  1.07M   11   16  59%  81.9M    n/a  n/a
   0   49 |   7 1.0   19   6.9M  114  516  81%    10M |  99.9   ovl   1   27  1.01M   10   19  65%  81.9M   213n  n/a
   0   4a |   7 1.0   19   7.4M  129  555  81%    10M |  99.9   ovl   1   27  1.47M   16   12  42%  81.9M  -457n  n/a
   0   4b |   7 1.0   19   6.9M  127  580  82%    10M |  99.9   n/a   1   27   959k   11   12  52%  81.9M    n/a  n/a
   1   4c |   7 1.0   15   6.5M   78  395  83%    10M |  99.9   n/a   1   27  1.58M    8   10  55%  81.9M    n/a  n/a
   1   4d |   7 1.0   15   6.2M   74  399  84%    10M |  99.9   n/a   1   27  1.00M    5    8  61%  81.9M    n/a  n/a
   1   4e |   7 1.0   15   6.7M   79  392  83%    10M |  99.9   n/a   1   27  2.00M   10    9  47%  81.9M    n/a  n/a
   1   4f |   7 1.0   15   6.0M   71  430  85%    10M |  99.9   n/a   1   27  1.78M    9   11  55%  81.9M    n/a  n/a
   1   50 |   7 1.0   15   6.3M   69  432  86%    10M |  99.9   n/a   1   27   402k    2    5  71%  81.9M    n/a  n/a
   1   51 |   7 1.0    0      0    0    0   0%    10M |   n/a   n/a   1    0      0    0    0   0%  81.9M    n/a  n/a
   1   52 |   7 1.0   15   6.2M   80  420  84%    10M |  99.9   n/a   1   27   992k    5    6  54%  81.9M    n/a  n/a
   1   53 |   7 1.0   15   6.1M   73  408  84%    10M |  99.9   n/a   1   27  1.59M    8    9  52%  81.9M    n/a  n/a
   2   54 |   7 1.0   19   8.0M  186  575  75%    10M |  99.9   ovl   1   27  1.78M   24   14  36%  81.9M   -36n  n/a
   2   55 |   7 1.0   19   8.0M  171  519  75%    10M |  99.9   ovl   1   27  2.08M   27   12  30%  81.9M   162n  n/a
   2   56 |   7 1.0   19   8.0M  190  574  75%    10M |  99.9   ovl   1   27  1.97M   27   12  30%  81.9M    11n  n/a
   2   57 |   7 1.0   19   8.0M  178  559  75%    10M |  99.9   ovl   1   27  2.08M   26   12  31%  81.9M  -569n  n/a
   2   58 |   7 1.0   19   8.1M  189  583  75%    10M |  99.9   ovl   1   27  1.42M   18   16  47%  81.9M  -132n  n/a
   2   59 |   7 1.0   19   8.0M  176  555  75%    10M |  99.9   ovl   1   27  1.69M   20   14  41%  81.9M  -148n  n/a
   2   5a |   7 1.0   19   8.1M  180  557  75%    10M |  99.9   ovl   1   27  1.88M   23   12  34%  81.9M  -437n  n/a
   2   5b |   7 1.0   19   8.0M  175  506  74%    10M |  99.9   ovl   1   27  1.50M   21   19  47%  81.9M  -283n  n/a
   3   5c |   7 1.0   19   9.1M  161  592  78%    10M |  99.9   n/a   1   27  1.69M   18   14  43%  81.9M    n/a  n/a
   3   5d |   7 1.0   19   8.6M  143  484  77%    10M |  99.9   ovl   1   27  1.70M   17   15  46%  81.9M    -1u  n/a
   3   5e |   7 1.0   19   9.3M  172  542  75%    10M |  99.9   n/a   1   27  1.37M   14   19  57%  81.9M    n/a  n/a
   3   5f |   7 1.0   19   8.8M  145  543  78%    10M |  99.9   n/a   1   27  1.47M   15   16  51%  81.9M    n/a  n/a
   3   60 |   7 1.0   19   9.1M  157  625  79%    10M |  99.9   ovl   1   27  2.27M   23   16  41%  81.9M  -892n  n/a
   3   61 |   7 1.0   19   8.5M  141  527  78%    10M |  99.9   ovl   1   27  1.47M   15   19  55%  81.9M   393n  n/a
   3   62 |   7 1.0   19   8.7M  161  637  79%    10M |  99.9   n/a   1   27  1.58M   15   18  54%  81.9M    n/a  n/a
   3   63 |   7 1.0   19   8.6M  146  551  79%    10M |  99.9   ovl   1   27  1.16M   12   16  57%  81.9M  -620n  n/a
   4   64 |   7 1.0   19   7.2M  140  597  81%    10M |  99.9   n/a   1   27  1.17M   12   18  60%  81.9M    n/a  n/a
   4   65 |   7 1.0   19   6.9M  125  610  82%    10M |  99.9   n/a   1   27  1.27M   14   16  53%  81.9M    n/a  n/a
   4   66 |   7 1.0   19   7.2M  141  714  83%    10M |  99.9   n/a   1   27  1.41M   15   16  51%  81.9M    n/a  n/a
   4   67 |   7 1.0   19   7.1M  129  563  81%    10M |  99.9   ovl   1   27  1.46M   15   17  53%  81.9M   766n  n/a
   4   68 |   7 1.0   19   6.9M  131  693  84%    10M |  99.9   n/a   1   27  1.08M   11   13  54%  81.9M    n/a  n/a
   4   69 |   7 1.0   19   7.0M  132  566  81%    10M |  99.9   n/a   1   27  1.09M   13   15  53%  81.9M    n/a  n/a
   4   6a |   7 1.0   19   7.1M  143  665  82%    10M |  99.9   n/a   1   27  1.13M   12   14  53%  81.9M    n/a  n/a
   4   6b |   7 1.0   19   6.9M  136  601  81%    10M |  99.9   n/a   1   27   869k   10   16  61%  81.9M    n/a  n/a
   0   44 |   7 1.0   19   8.2M  160  642  80%    10M |  99.9   ovl   1   27  1.26M   12   16  57%  81.9M  -701n  n/a
   0   45 |   7 1.0   19   7.6M  131  547  80%    10M |  99.9   ovl   1   27   902k    9   14  60%  81.9M  -341n  n/a
   0   46 |   7 1.0   19   8.7M  146  600  80%    10M |  99.9   ovl   1   27  1.41M   15   12  44%  81.9M  -220n  n/a
   0   47 |   7 1.0   19   7.5M  115  556  82%    10M |  99.9   ovl   1   27  1.50M   14   14  50%  81.9M  -300n  n/a
   0   48 |   7 1.0   19   7.9M  142  611  81%    10M |  99.9   ovl   1   27  1.40M   14   13  48%  81.9M   -75n  n/a
   0   49 |   7 1.0   19   7.5M  119  560  82%    10M |  99.9   ovl   1   27  1.61M   17   13  43%  81.9M   240n  n/a
   0   4a |   7 1.0   19   8.6M  154  610  79%    10M |  99.9   ovl   1   27  1.21M   12   17  58%  81.9M    43n  n/a
   0   4b |   7 1.0   19   7.4M  119  552  82%    10M |  99.9   ovl   1   27  1.39M   14   14  50%  81.9M   -88n  n/a
   1   4c |   7 1.0   15   7.1M  103  429  80%    10M |  99.9   n/a   1   27  1.18M    6    9  60%  81.9M    n/a  n/a
   1   4d |   7 1.0   16   7.1M   82  365  81%    10M |  99.9   ovl   1   27  1.19M    6    4  40%  81.9M   461n  n/a
   1   4e |   7 1.0   15   6.7M   82  369  81%    10M |  99.9   ovl   1   27  1.38M    7   10  58%  81.9M    46n  n/a
   1   4f |   7 1.0   15   7.1M   85  377  81%    10M |  99.9   n/a   1   27  1.40M    7    7  50%  81.9M    n/a  n/a
   1   50 |   7 1.0   15   6.9M   86  386  81%    10M |  99.9   ovl   1   27  1.82M    9   12  57%  81.9M   872n  n/a
   1   51 |   7 1.0    0      0    0    0   0%    10M |   n/a   n/a   1    0      0    0    0   0%  81.9M    n/a  n/a
   1   52 |   7 1.0   16   6.9M   83  398  82%    10M |  99.9   n/a   1   27  1.20M    6    9  60%  81.9M    n/a  n/a
   1   53 |   7 1.0   16   7.2M   87  398  82%    10M |  99.9   ovl   1   27  2.57M   13    6  31%  81.9M   897n  n/a
   2   54 |   7 1.0   19   9.0M  190  482  71%    10M |  99.9   ovl   1   27  2.11M   26   16  38%  81.9M     7n  n/a
   2   55 |   7 1.0   19   8.7M  184  452  71%    10M |  99.9   ovl   1   27  1.55M   21   13  38%  81.9M   -87n  n/a
   2   56 |   7 1.0   19   8.6M  193  526  73%    10M |  99.9   ovl   1   27  1.49M   20   12  37%  81.9M   255n  n/a
   2   57 |   7 1.0   19   8.5M  181  483  72%    10M |  99.9   ovl   1   27  1.61M   22   13  37%  81.9M  -103n  n/a
   2   58 |   7 1.0   19   8.4M  184  562  75%    10M |  99.9   ovl   1   27  1.52M   19   17  47%  81.9M  -579n  n/a
   2   59 |   7 1.0   19   8.4M  186  508  73%    10M |  99.9   ovl   1   27  1.99M   24   13  35%  81.9M    47n  n/a
   2   5a |   7 1.0   19   8.5M  182  514  73%    10M |  99.9   ovl   1   27  1.94M   23   12  34%  81.9M   -65n  n/a
   2   5b |   7 1.0   19   8.7M  175  461  72%    10M |  99.9   ovl   1   27  2.07M   26   13  33%  81.9M    16n  n/a
   3   5c |   7 1.0   19   7.4M  123  624  83%    10M |  99.9   ovl   1   27   717k    7   14  66%  81.9M   812n  n/a
   3   5d |   7 1.0   19   8.1M  131  557  80%    10M |  99.9   ovl   1   27  1.17M   12   10  45%  81.9M  -317n  n/a
   3   5e |   7 1.0   19   7.9M  139  565  80%    10M |  99.9   ovl   1   27  1.52M   15   10  40%  81.9M  -620n  n/a
   3   5f |   7 1.0   19   8.1M  135  511  79%    10M |  99.9   ovl   1   27   973k   10    8  44%  81.9M   137n  n/a
   3   60 |   7 1.0   19   7.5M  134  587  81%    10M |  99.9   ovl   1   27  1.40M   13   11  45%  81.9M  -520n  n/a
   3   61 |   7 1.0   19   8.0M  136  493  78%    10M |  99.9   ovl   1   27   832k    9   12  57%  81.9M  -294n  n/a
   3   62 |   7 1.0   19   8.0M  143  574  80%    10M |  99.9   ovl   1   27  1.32M   13   11  45%  81.9M  -302n  n/a
   3   63 |   7 1.0   19   7.9M  129  549  80%    10M |  99.9   ovl   1   27  1.16M   12   15  55%  81.9M   831n  n/a
   4   64 |   7 1.0   19   7.3M  144  615  81%    10M |  99.9   ovl   1   27  1.12M   12   16  57%  81.9M    96n  n/a
   4   65 |   7 1.0   19   7.5M  145  570  79%    10M |  99.9   ovl   1   27  1.37M   16   19  54%  81.9M  -831n  n/a
   4   66 |   7 1.0   19   7.5M  149  729  83%    10M |  99.9   ovl   1   27   965k   12   14  53%  81.9M   766n  n/a
   4   67 |   7 1.0   19   7.3M  141  524  78%    10M |  99.9   n/a   1   27  1.63M   20   13  39%  81.9M    n/a  n/a
   4   68 |   7 1.0   19   7.2M  141  649  82%    10M |  99.9   n/a   1   27  1.42M   17   18  51%  81.9M    n/a  n/a
   4   69 |   7 1.0   19   7.5M  142  610  81%    10M |  99.9   ovl   1   27  1.55M   19   17  47%  81.9M    50n  n/a
   4   6a |   7 1.0   19   7.0M  142  624  81%    10M |  99.9   ovl   1   27  1.28M   14   18  56%  81.9M   898n  n/a
   4   6b |   7 1.0   19   7.3M  132  543  80%    10M |  99.9   ovl   1   27  1.42M   17   17  50%  81.9M  -858n  n/a
   0   44 |   7 1.0   19   9.2M  148  546  78%    10M |  99.9   ovl   1   27  1.68M   17   15  46%  81.9M    36n  n/a
   0   45 |   7 1.0   19   9.0M  140  502  78%    10M |  99.9   n/a   1   27  2.16M   20   10  33%  81.9M    n/a  n/a
   0   46 |   7 1.0   19   9.1M  163  588  78%    10M |  99.9   n/a   1   27  1.56M   14   14  50%  81.9M    n/a  n/a
   0   47 |   7 1.0   19   9.0M  145  559  79%    10M |  99.9   n/a   1   27  1.63M   17   17  50%  81.9M    n/a  n/a
   0   48 |   7 1.0   19   9.0M  163  539  76%    10M |  99.9   n/a   1   27  2.19M   22   12  35%  81.9M    n/a  n/a
   0   49 |   7 1.0   19   8.8M  147  538  78%    10M |  99.9   ovl   1   27  1.52M   17   16  48%  81.9M  -587n  n/a
   0   4a |   7 1.0   19   9.5M  164  540  76%    10M |  99.9   n/a   1   27  1.99M   22   14  38%  81.9M    n/a  n/a
   0   4b |   7 1.0   19   8.7M  143  543  79%    10M |  99.9   ovl   1   27  2.19M   23   16  41%  81.9M  -606n  n/a

          |--------------------DL---------------------|-------------------------------UL-----------------------------
 pci rnti | cqi  ri  mcs  brate   ok  nok  (%)  dl_bs | pusch  rsrp  ri  mcs  brate   ok  nok  (%)    bsr     ta  phr
   1   4c |   7 1.0   15   6.0M   74  442  85%    10M |  99.9   n/a   1   27  1.77M    9    9  50%  81.9M    n/a  n/a
   1   4d |   7 1.0   16   6.5M   83  398  82%    10M |  99.9   n/a   1   27  1.59M    8    8  50%  81.9M    n/a  n/a
   1   4e |   7 1.0   16   6.7M   76  413  84%    10M |  99.9   n/a   1   27  2.00M   10    9  47%  81.9M    n/a  n/a
   1   4f |   7 1.0   16   6.9M   87  349  80%    10M |  99.9   n/a   1   27  1.99M   10    9  47%  81.9M    n/a  n/a
   1   50 |   7 1.0   16   6.4M   67  422  86%    10M |  99.9   ovl   1   27   594k    3    8  72%  81.9M   897n  n/a
   1   51 |   7 1.0    0      0    0    0   0%    10M |   n/a   n/a   1    0      0    0    0   0%  81.9M    n/a  n/a
   1   52 |   7 1.0   16   6.5M   75  386  83%    10M |  99.9   n/a   1   27   783k    4    8  66%  81.9M    n/a  n/a
   1   53 |   7 1.0   16   6.8M   88  386  81%    10M |  99.9   n/a   1   27   603k    3    8  72%  81.9M    n/a  n/a
   2   54 |   7 1.0   19   6.8M  153  604  79%    10M |  99.9   ovl   1   27  1.10M   14   18  56%  81.9M  -107n  n/a
   2   55 |   7 1.0   19   6.5M  147  536  78%    10M |  99.9   ovl   1   27   966k   13   19  59%  81.9M  -911n  n/a
   2   56 |   7 1.0   19   6.8M  155  635  80%    10M |  99.9   ovl   1   27   960k   13   19  59%  81.9M   -27n  n/a
   2   57 |   7 1.0   19   6.6M  150  623  80%    10M |  99.9   ovl   1   27  1.00M   14   18  56%  81.9M  -107n  n/a
   2   58 |   7 1.0   19   6.7M  149  561  79%    10M |  99.9   ovl   1   27  1.25M   17   15  46%  81.9M  -403n  n/a
   2   59 |   7 1.0   19   6.5M  131  553  80%    10M |  99.9   ovl   1   27   977k   13   17  56%  81.9M     2n  n/a
   2   5a |   7 1.0   19   7.0M  155  606  79%    10M |  99.9   ovl   1   27  1.08M   14   17  54%  81.9M  -636n  n/a
   2   5b |   7 1.0   19   6.4M  139  551  79%    10M |  99.9   ovl   1   27   969k   13   17  56%  81.9M   947n  n/a
   3   5c |   7 1.0   19   8.1M  144  592  80%    10M |  99.9   ovl   1   27  1.50M   16   17  51%  81.9M     1u  n/a
   3   5d |   7 1.0   19   8.7M  142  507  78%    10M |  99.9   ovl   1   27  1.31M   14   18  56%  81.9M  -553n  n/a
   3   5e |   7 1.0   19   8.0M  141  573  80%    10M |  99.9   n/a   1   27  1.17M   12   17  58%  81.9M    n/a  n/a
   3   5f |   7 1.0   19   8.3M  145  557  79%    10M |  99.9   ovl   1   27  1.58M   16   16  50%  81.9M  -892n  n/a
   3   60 |   7 1.0   19   8.0M  135  581  81%    10M |  99.9   ovl   1   27   891k   10   17  62%  81.9M  -708n  n/a
   3   61 |   7 1.0   19   8.3M  147  497  77%    10M |  99.9   ovl   1   27  1.48M   14   18  56%  81.9M   127n  n/a
   3   62 |   7 1.0   19   7.7M  132  665  83%    10M |  99.9   n/a   1   27  1.37M   14   16  53%  81.9M    n/a  n/a
   3   63 |   7 1.0   19   8.7M  146  548  78%    10M |  99.9   ovl   1   27  1.70M   17   18  51%  81.9M    -1u  n/a
   4   64 |   7 1.0   19   9.5M  183  610  76%    10M |  99.9   ovl   1   27  2.12M   22   10  31%  81.9M   -77n  n/a
   4   65 |   7 1.0   19   9.9M  188  458  70%    10M |  99.9   ovl   1   27  2.15M   24   15  38%  81.9M   275n  n/a
   4   66 |   7 1.0   19  10.0M  197  506  71%    10M |  99.9   ovl   1   27  1.86M   22   17  43%  81.9M  -186n  n/a
   4   67 |   7 1.0   19   9.8M  185  442  70%    10M |  99.9   ovl   1   27  2.25M   25   14  35%  81.9M  -234n  n/a
   4   68 |   7 1.0   19   9.9M  204  489  70%    10M |  99.9   ovl   1   27  2.60M   30    9  23%  81.9M    97n  n/a
   4   69 |   7 1.0   19   9.9M  184  468  71%    10M |  99.9   ovl   1   27  2.86M   33   14  29%  81.9M   151n  n/a
   4   6a |   7 1.0   19    10M  209  522  71%    10M |  99.9   ovl   1   27  2.79M   32   12  27%  81.9M   -99n  n/a
   4   6b |   7 1.0   19   9.6M  194  482  71%    10M |  99.9   ovl   1   27  2.18M   27   14  34%  81.9M  -332n  n/a
   0   44 |   7 1.0   19    10M  186  504  73%    10M |  99.9   n/a   1   27  2.23M   24   12  33%  81.9M    n/a  n/a
   0   45 |   7 1.0   19    10M  172  458  72%    10M |  99.9   n/a   1   27  2.29M   25    8  24%  81.9M    n/a  n/a
   0   46 |   7 1.0   19    10M  180  571  76%    10M |  99.9   n/a   1   27  1.25M   13   14  51%  81.9M    n/a  n/a
   0   47 |   7 1.0   19    10M  171  471  73%    10M |  99.9   n/a   1   27  2.05M   22   11  33%  81.9M    n/a  n/a
   0   48 |   7 1.0   19    11M  189  546  74%    10M |  99.9   n/a   1   27  1.60M   17   21  55%  81.9M    n/a  n/a
   0   49 |   7 1.0   19    10M  169  446  72%    10M |  99.9   n/a   1   27  1.89M   20   15  42%  81.9M    n/a  n/a
   0   4a |   7 1.0   19    11M  197  482  70%    10M |  99.9   n/a   1   27  2.31M   24   13  35%  81.9M    n/a  n/a
   0   4b |   7 1.0   19    10M  166  503  75%    10M |  99.9   n/a   1   27  2.28M   25   13  34%  81.9M    n/a  n/a
   1   4c |   7 1.0   16   6.9M   72  374  83%    10M |  99.9   n/a   1   27   599k    3   11  78%  81.9M    n/a  n/a
   1   4d |   7 1.0   16   7.2M   91  382  80%    10M |  99.9   ovl   1   27   607k    3   11  78%  81.9M   872n  n/a
   1   4e |   7 1.0   16   6.6M   71  399  84%    10M |  99.9   n/a   1   27   586k    3   11  78%  81.9M    n/a  n/a
   1   4f |   7 1.0   16   7.2M   78  345  81%    10M |  99.9   ovl   1   27  1.59M    8   10  55%  81.9M   872n  n/a
   1   50 |   7 1.0   16   7.0M   82  355  81%    10M |  99.9   n/a   1   27  1.39M    7    9  56%  81.9M    n/a  n/a
   1   51 |   7 1.0    0      0    0    0   0%    10M |   n/a   n/a   1    0      0    0    0   0%  81.9M    n/a  n/a
   1   52 |   7 1.0   16   6.7M   76  474  86%    10M |  99.9   n/a   1   27   992k    5   10  66%  81.9M    n/a  n/a
   1   53 |   7 1.0   16   7.2M   84  372  81%    10M |  99.9   ovl   1   27   984k    5   10  66%  81.9M  -234n  n/a
   2   54 |   7 1.0   19   7.2M  163  625  79%    10M |  99.9   n/a   1   27   841k   11   15  57%  81.9M    n/a  n/a
   2   55 |   7 1.0   19   7.3M  154  584  79%    10M |  99.9   n/a   1   27   495k    7   15  68%  81.9M    n/a  n/a
   2   56 |   7 1.0   19   7.1M  158  592  78%    10M |  99.9   n/a   1   27   863k   11   15  57%  81.9M    n/a  n/a
   2   57 |   7 1.0   19   7.2M  144  577  80%    10M |  99.9   n/a   1   27   836k   12   15  55%  81.9M    n/a  n/a
   2   58 |   7 1.0   19   7.5M  172  646  78%    10M |  99.9   n/a   1   27   986k   12   16  57%  81.9M    n/a  n/a
   2   59 |   7 1.0   19   7.1M  151  538  78%    10M |  99.9   n/a   1   27   589k    8   20  71%  81.9M    n/a  n/a
   2   5a |   7 1.0   19   7.5M  167  572  77%    10M |  99.9   n/a   1   27  1.11M   14   14  50%  81.9M    n/a  n/a
   2   5b |   7 1.0   19   7.3M  144  516  78%    10M |  99.9   n/a   1   27   593k    9   17  65%  81.9M    n/a  n/a
   3   5c |   7 1.0   19   9.5M  167  643  79%    10M |  99.9   n/a   1   27  1.57M   16   22  57%  81.9M    n/a  n/a
   3   5d |   7 1.0   19   9.3M  151  530  77%    10M |  99.9   n/a   1   27  1.51M   14   23  62%  81.9M    n/a  n/a
   3   5e |   7 1.0   19   9.1M  154  582  79%    10M |  99.9   n/a   1   27  1.34M   14   21  60%  81.9M    n/a  n/a
   3   5f |   7 1.0   19   9.3M  155  532  77%    10M |  99.9   n/a   1   27  1.28M   14   22  61%  81.9M    n/a  n/a
   3   60 |   7 1.0   19   9.4M  170  574  77%    10M |  99.9   n/a   1   27  1.93M   19   20  51%  81.9M    n/a  n/a
   3   61 |   7 1.0   19   9.1M  151  556  78%    10M |  99.9   n/a   1   27  1.66M   17   20  54%  81.9M    n/a  n/a
   3   62 |   7 1.0   19   9.2M  163  565  77%    10M |  99.9   n/a   1   27  1.72M   18   21  53%  81.9M    n/a  n/a
   3   63 |   7 1.0   19   9.1M  153  524  77%    10M |  99.9   n/a   1   27  1.50M   16   22  57%  81.9M    n/a  n/a
   4   64 |   7 1.0   19   7.9M  155  603  79%    10M |  99.9   n/a   1   27  1.00M   11   22  66%  81.9M    n/a  n/a
   4   65 |   7 1.0   19   7.9M  148  544  78%    10M |  99.9   n/a   1   27  1.31M   15   15  50%  81.9M    n/a  n/a
   4   66 |   7 1.0   19   7.9M  163  585  78%    10M |  99.9   n/a   1   27  1.48M   18   15  45%  81.9M    n/a  n/a
   4   67 |   7 1.0   19   7.7M  144  568  79%    10M |  99.9   n/a   1   27  1.47M   17   13  43%  81.9M    n/a  n/a
   4   68 |   7 1.0   19   8.0M  158  602  79%    10M |  99.9   ovl   1   27  1.25M   15   18  54%  81.9M   830n  n/a
   4   69 |   7 1.0   19   7.7M  142  586  80%    10M |  99.9   ovl   1   27  2.01M   22   13  37%  81.9M  -771n  n/a
   4   6a |   7 1.0   19   7.6M  147  540  78%    10M |  99.9   ovl   1   27   914k   10   19  65%  81.9M    -1u  n/a
   4   6b |   7 1.0   19   7.7M  154  544  77%    10M |  99.9   n/a   1   27  1.18M   12   22  64%  81.9M    n/a  n/a
   0   44 |   7 1.0   19   9.6M  167  476  74%    10M |  99.9   ovl   1   27  2.69M   30    8  21%  81.9M    12n  n/a
   0   45 |   7 1.0   19   9.8M  155  464  74%    10M |  99.9   ovl   1   27  1.70M   18   16  47%  81.9M  -167n  n/a
   0   46 |   7 1.0   19    10M  176  525  74%    10M |  99.9   ovl   1   27  1.51M   17   13  43%  81.9M  -249n  n/a
   0   47 |   7 1.0   19   9.6M  154  503  76%    10M |  99.9   ovl   1   27  2.20M   23   17  42%  81.9M   229n  n/a
   0   48 |   7 1.0   19  10.0M  172  546  76%    10M |  99.9   ovl   1   27  1.79M   19   11  36%  81.9M   126n  n/a
   0   49 |   7 1.0   19   9.6M  150  463  75%    10M |  99.9   ovl   1   27  1.92M   21   14  40%  81.9M   -90n  n/a
   0   4a |   7 1.0   19    10M  178  553  75%    10M |  99.9   ovl   1   27  2.28M   25   11  30%  81.9M  -970n  n/a
   0   4b |   7 1.0   19   9.0M  155  484  75%    10M |  99.9   ovl   1   27  2.60M   27   14  34%  81.9M  -493n  n/a
   1   4c |   7 1.0   16   7.6M   87  356  80%    10M |  99.9   n/a   1   27  2.21M   11    7  38%  81.9M    n/a  n/a
   1   4d |   7 1.0   16   7.0M   80  369  82%    10M |  99.9   ovl   1   27  1.21M    6    7  53%  81.9M   872n  n/a
   1   4e |   7 1.0   16   7.9M   88  316  78%    10M |  99.9   ovl   1   27  1.59M    8    8  50%  81.9M    96n  n/a
   1   4f |   7 1.0   16   7.1M   84  384  82%    10M |  99.9   ovl   1   27  1.78M    9    8  47%  81.9M   614n  n/a
   1   50 |   7 1.0   16   7.3M   93  385  80%    10M |  99.9   ovl   1   27  1.20M    6   10  62%  81.9M   332n  n/a
   1   51 |   7 1.0    0      0    0    0   0%    10M |   n/a   n/a   1    0      0    0    0   0%  81.9M    n/a  n/a
   1   52 |   7 1.0   16   7.6M   94  346  78%    10M |  99.9   ovl   1   27  1.40M    7   10  58%  81.9M   884n  n/a
   1   53 |   7 1.0   16   7.2M   80  390  82%    10M |  99.9   ovl   1   27  1.39M    7   10  58%  81.9M  -140n  n/a

          |--------------------DL---------------------|-------------------------------UL-----------------------------
 pci rnti | cqi  ri  mcs  brate   ok  nok  (%)  dl_bs | pusch  rsrp  ri  mcs  brate   ok  nok  (%)    bsr     ta  phr
   2   54 |   7 1.0   19   5.8M  126  690  84%    10M |  99.9   ovl   1   27  1.01M   14   15  51%  81.9M  -168n  n/a
   2   55 |   7 1.0   19   5.7M  124  624  83%    10M |  99.9   ovl   1   27   773k   10   19  65%  81.9M    11n  n/a
   2   56 |   7 1.0   19   5.8M  132  673  83%    10M |  99.9   ovl   1   27  1.06M   14   17  54%  81.9M  -471n  n/a
   2   57 |   7 1.0   19   5.5M  121  584  82%    10M |  99.9   ovl   1   27   703k    9   16  64%  81.9M  -585n  n/a
   2   58 |   7 1.0   19   5.7M  132  636  82%    10M |  99.9   ovl   1   27  1.06M   13   15  53%  81.9M  -234n  n/a
   2   59 |   7 1.0   19   5.7M  110  611  84%    10M |  99.9   ovl   1   27  1.09M   13   15  53%  81.9M  -453n  n/a
   2   5a |   7 1.0   19   5.7M  125  622  83%    10M |  99.9   ovl   1   27   745k    9   16  64%  81.9M    62n  n/a
   2   5b |   7 1.0   19   5.4M  122  632  83%    10M |  99.9   ovl   1   27   900k   12   15  55%  81.9M   -13n  n/a
   3   5c |   7 1.0   19   6.6M  119  690  85%    10M |  99.9   n/a   1   27   414k    5   18  78%  81.9M    n/a  n/a
   3   5d |   7 1.0   19   6.8M  113  562  83%    10M |  99.9   n/a   1   27   604k    7   17  70%  81.9M    n/a  n/a
   3   5e |   7 1.0   19   6.9M  121  594  83%    10M |  99.9   n/a   1   27   709k    7   19  73%  81.9M    n/a  n/a
   3   5f |   7 1.0   19   7.0M  113  578  83%    10M |  99.9   ovl   1   27   664k    7   20  74%  81.9M  -553n  n/a
   3   60 |   7 1.0   19   6.6M  119  700  85%    10M |  99.9   n/a   1   27   346k    4   18  81%  81.9M    n/a  n/a
   3   61 |   7 1.0   19   6.8M  109  555  83%    10M |  99.9   n/a   1   27   584k    6   16  72%  81.9M    n/a  n/a
   3   62 |   7 1.0   19   7.3M  124  614  83%    10M |  99.9   n/a   1   27   668k    7   20  74%  81.9M    n/a  n/a
   3   63 |   7 1.0   19   6.9M  114  578  83%    10M |  99.9   n/a   1   27   801k    7   18  72%  81.9M    n/a  n/a
   4   64 |   7 1.0   19   7.1M  150  700  82%    10M |  99.9   n/a   1   27  1.08M   11   13  54%  81.9M    n/a  n/a
   4   65 |   7 1.0   19   7.0M  125  579  82%    10M |  99.9   ovl   1   27  1.21M   14   16  53%  81.9M   894n  n/a
   4   66 |   7 1.0   19   6.9M  138  610  81%    10M |  99.9   n/a   1   27   773k    8   15  65%  81.9M    n/a  n/a
   4   67 |   7 1.0   19   7.1M  133  553  80%    10M |  99.9   ovl   1   27   955k   11   15  57%  81.9M  -551n  n/a
   4   68 |   7 1.0   19   7.4M  146  627  81%    10M |  99.9   ovl   1   27  1.37M   15   13  46%  81.9M   358n  n/a
   4   69 |   7 1.0   19   6.9M  135  520  79%    10M |  99.9   ovl   1   27   951k   12   17  58%  81.9M  -854n  n/a
   4   6a |   7 1.0   19   7.0M  147  596  80%    10M |  99.9   n/a   1   27   590k    7   18  72%  81.9M    n/a  n/a
   4   6b |   7 1.0   19   6.7M  132  517  79%    10M |  99.9   ovl   1   27  1.33M   15   15  50%  81.9M  -122n  n/a
   0   44 |   7 1.0   19   9.1M  161  509  75%    10M |  99.9   ovl   1   27  1.55M   16   14  46%  81.9M   -41n  n/a
   0   45 |   7 1.0   19   9.4M  156  450  74%    10M |  99.9   ovl   1   27  2.01M   21   13  38%  81.9M  -360n  n/a
   0   46 |   7 1.0   19   9.2M  154  483  75%    10M |  99.9   ovl   1   27  2.78M   28   12  30%  81.9M   306n  n/a
   0   47 |   7 1.0   19   9.1M  152  451  74%    10M |  99.9   ovl   1   27  2.58M   25   11  30%  81.9M   -38n  n/a
   0   48 |   7 1.0   19   8.8M  161  527  76%    10M |  99.9   ovl   1   27  2.91M   27   13  32%  81.9M   -79n  n/a
   0   49 |   7 1.0   19   9.4M  156  491  75%    10M |  99.9   ovl   1   27  2.34M   23   11  32%  81.9M  -474n  n/a
   0   4a |   7 1.0   19   9.6M  174  535  75%    10M |  99.9   ovl   1   27  1.84M   18   11  37%  81.9M  -787n  n/a
   0   4b |   7 1.0   19   9.9M  161  461  74%    10M |  99.9   ovl   1   27  3.16M   32    8  20%  81.9M   -76n  n/a
   1   4c |   7 1.0   16   5.4M   59  514  89%    10M |  99.9   n/a   1   27   402k    2    8  80%  81.9M    n/a  n/a
   1   4d |   7 1.0   16   5.4M   59  440  88%    10M |  99.9   n/a   1   27   193k    1    6  85%  81.9M    n/a  n/a
   1   4e |   7 1.0   16   5.9M   62  477  88%    10M |  99.9   ovl   1   27   803k    4    3  42%  81.9M  -234n  n/a
   1   4f |   7 1.0   16   5.5M   65  501  88%    10M |  99.9   n/a   1   27  1.19M    6    9  60%  81.9M    n/a  n/a
   1   50 |   7 1.0   16   5.8M   71  541  88%    10M |  99.9   n/a   1   27  1.41M    7    9  56%  81.9M    n/a  n/a
   1   51 |   7 1.0    0      0    0    0   0%    10M |   n/a   n/a   1    0      0    0    0   0%  81.9M    n/a  n/a
   1   52 |   7 1.0   16   5.4M   56  509  90%    10M |  99.9   n/a   1   27   992k    5    9  64%  81.9M    n/a  n/a
   1   53 |   7 1.0   16   5.7M   69  470  87%    10M |  99.9   n/a   1   27   205k    1    5  83%  81.9M    n/a  n/a
   2   54 |   7 1.0   19   8.9M  195  502  72%    10M |  99.9   ovl   1   27  1.56M   20   15  42%  81.9M   721n  n/a
   2   55 |   7 1.0   19   8.0M  183  525  74%    10M |  99.9   ovl   1   27  1.98M   25   13  34%  81.9M   -10n  n/a
   2   56 |   7 1.0   19   9.0M  208  480  69%    10M |  99.9   ovl   1   27  1.84M   22   15  40%  81.9M  -366n  n/a
   2   57 |   7 1.0   19   7.8M  173  511  74%    10M |  99.9   ovl   1   27  1.41M   19   14  42%  81.9M  -253n  n/a
   2   58 |   7 1.0   19   8.8M  196  574  74%    10M |  99.9   ovl   1   27  1.79M   22   11  33%  81.9M  -167n  n/a
   2   59 |   7 1.0   19   8.3M  179  512  74%    10M |  99.9   ovl   1   27  2.37M   29   13  30%  81.9M    -2n  n/a
   2   5a |   7 1.0   19   8.9M  197  488  71%    10M |  99.9   ovl   1   27  2.05M   27   12  30%  81.9M  -440n  n/a
   2   5b |   7 1.0   19   8.3M  176  545  75%    10M |  99.9   ovl   1   27  1.92M   23   12  34%  81.9M  -408n  n/a
   3   5c |   7 1.0   19   9.0M  164  584  78%    10M |  99.9   ovl   1   27  1.53M   16   17  51%  81.9M  -381n  n/a
   3   5d |   7 1.0   19   8.3M  153  557  78%    10M |  99.9   ovl   1   27  1.09M   12   16  57%  81.9M   896n  n/a
   3   5e |   7 1.0   19   8.5M  154  622  80%    10M |  99.9   ovl   1   27  1.48M   15   15  50%  81.9M  -983n  n/a
   3   5f |   7 1.0   19   8.0M  134  607  81%    10M |  99.9   ovl   1   27  1.23M   13   17  56%  81.9M   363n  n/a
   3   60 |   7 1.0   19   8.3M  140  557  79%    10M |  99.9   ovl   1   27  1.48M   15   16  51%  81.9M    66n  n/a
   3   61 |   7 1.0   19   8.2M  135  528  79%    10M |  99.9   ovl   1   27  1.21M   13   16  55%  81.9M  -114n  n/a
   3   62 |   7 1.0   19   8.8M  157  576  78%    10M |  99.9   ovl   1   27  1.28M   12   17  58%  81.9M   864n  n/a
   3   63 |   7 1.0   19   8.4M  148  574  79%    10M |  99.9   ovl   1   27  1.55M   15   15  50%  81.9M   441n  n/a
   4   64 |   7 1.0   19   6.6M  131  637  82%    10M |  99.9   n/a   1   27   731k    9   17  65%  81.9M    n/a  n/a
   4   65 |   7 1.0   19   6.6M  125  596  82%    10M |  99.9   n/a   1   27  1.14M   14   13  48%  81.9M    n/a  n/a
   4   66 |   7 1.0   19   6.5M  136  644  82%    10M |  99.9   n/a   1   27   871k   10   15  60%  81.9M    n/a  n/a
   4   67 |   7 1.0   19   6.7M  128  585  82%    10M |  99.9   n/a   1   27   863k   10   13  56%  81.9M    n/a  n/a
   4   68 |   7 1.0   19   6.8M  141  639  81%    10M |  99.9   n/a   1   27   711k    8   18  69%  81.9M    n/a  n/a
   4   69 |   7 1.0   19   6.7M  121  587  82%    10M |  99.9   n/a   1   27   486k    6   18  75%  81.9M    n/a  n/a
   4   6a |   7 1.0   19   6.9M  132  688  83%    10M |  99.9   n/a   1   27   906k   10   14  58%  81.9M    n/a  n/a
   4   6b |   7 1.0   19   6.9M  129  606  82%    10M |  99.9   n/a   1   27   860k   10   17  62%  81.9M    n/a  n/a
   0   44 |   7 1.0   19    10M  180  378  67%    10M |  99.9   ovl   1   27  2.26M   22   13  37%  81.9M   440n  n/a
   0   45 |   7 1.0   19   9.8M  168  459  73%    10M |  99.9   ovl   1   27  2.38M   24   13  35%  81.9M  -494n  n/a
   0   46 |   7 1.0   19   9.8M  177  399  69%    10M |  99.9   ovl   1   27  2.18M   22   10  31%  81.9M  -494n  n/a
   0   47 |   7 1.0   19   9.9M  161  420  72%    10M |  99.9   ovl   1   27  2.98M   29    9  23%  81.9M   440n  n/a
   0   48 |   7 1.0   19    10M  190  458  70%    10M |  99.9   n/a   1   27  2.57M   24    5  17%  81.9M    n/a  n/a
   0   49 |   7 1.0   19   9.7M  160  440  73%    10M |  99.9   ovl   1   27  2.92M   30   12  28%  81.9M   -96n  n/a
   0   4a |   7 1.0   19   9.9M  176  422  70%    10M |  99.9   ovl   1   27  3.07M   31   13  29%  81.9M  -421n  n/a
   0   4b |   7 1.0   19    10M  166  425  71%    10M |  99.9   n/a   1   27  1.01M   10   10  50%  81.9M    n/a  n/a
   1   4c |   7 1.0   16   6.3M   67  447  86%    10M |  99.9   n/a   1   27   197k    1    7  87%  81.9M    n/a  n/a
   1   4d |   7 1.0   16   5.8M   62  481  88%    10M |  99.9   n/a   1   27   402k    2   12  85%  81.9M    n/a  n/a
   1   4e |   7 1.0   16   6.2M   68  463  87%    10M |  99.9   n/a   1   27   582k    3    9  75%  81.9M    n/a  n/a
   1   4f |   7 1.0   16   5.6M   67  439  86%    10M |  99.9   n/a   1   27  1.20M    6    8  57%  81.9M    n/a  n/a
   1   50 |   7 1.0   16   5.8M   60  459  88%    10M |  99.9   n/a   1   27   791k    4    7  63%  81.9M    n/a  n/a
   1   51 |   7 1.0    0      0    0    0   0%    10M |   n/a   n/a   1    0      0    0    0   0%  81.9M    n/a  n/a
   1   52 |   7 1.0   16   6.1M   62  419  87%    10M |  99.9   n/a   1   27  1.20M    6   10  62%  81.9M    n/a  n/a
   1   53 |   7 1.0   16   5.5M   57  451  88%    10M |  99.9   n/a   1   27  1.39M    7   13  65%  81.9M    n/a  n/a
   2   54 |   7 1.0   19    10M  245  434  63%    10M |  99.9   ovl   1   27  2.75M   34   13  27%  81.9M  -406n  n/a
   2   55 |   7 1.0   19   9.8M  209  494  70%    10M |  99.9   ovl   1   27  2.49M   32   14  30%  81.9M  -296n  n/a
   2   56 |   7 1.0   19   9.8M  228  514  69%    10M |  99.9   ovl   1   27  2.21M   28   14  33%  81.9M   -67n  n/a
   2   57 |   7 1.0   19   9.7M  211  500  70%    10M |  99.9   ovl   1   27  2.14M   27   19  41%  81.9M  -133n  n/a
   2   58 |   7 1.0   19   9.9M  227  518  69%    10M |  99.9   ovl   1   27  2.17M   28   17  37%  81.9M   237n  n/a
   2   59 |   7 1.0   19    10M  216  484  69%    10M |  99.9   ovl   1   27  1.85M   22   14  38%  81.9M   149n  n/a
   2   5a |   7 1.0   19   9.8M  222  500  69%    10M |  99.9   ovl   1   27  1.91M   23   14  37%  81.9M  -263n  n/a
   2   5b |   7 1.0   19   9.6M  217  442  67%    10M |  99.9   ovl   1   27  2.31M   29   13  30%  81.9M  -381n  n/a

          |--------------------DL---------------------|-------------------------------UL-----------------------------
 pci rnti | cqi  ri  mcs  brate   ok  nok  (%)  dl_bs | pusch  rsrp  ri  mcs  brate   ok  nok  (%)    bsr     ta  phr
   3   5c |   7 1.0   19    10M  174  519  74%    10M |  99.9   n/a   1   27  1.91M   19   11  36%  81.9M    n/a  n/a
   3   5d |   7 1.0   19   9.5M  153  540  77%    10M |  99.9   n/a   1   27  2.12M   21   16  43%  81.9M    n/a  n/a
   3   5e |   7 1.0   19    10M  177  492  73%    10M |  99.9   n/a   1   27   877k   10   18  64%  81.9M    n/a  n/a
   3   5f |   7 1.0   19   9.8M  158  469  74%    10M |  99.9   n/a   1   27  1.32M   13   16  55%  81.9M    n/a  n/a
   3   60 |   7 1.0   19    10M  173  585  77%    10M |  99.9   n/a   1   27  1.31M   14   17  54%  81.9M    n/a  n/a
   3   61 |   7 1.0   19   9.9M  164  572  77%    10M |  99.9   n/a   1   27  1.51M   16   18  52%  81.9M    n/a  n/a
   3   62 |   7 1.0   19   9.8M  170  539  76%    10M |  99.9   n/a   1   27  1.61M   15   16  51%  81.9M    n/a  n/a
   3   63 |   7 1.0   19   9.5M  165  520  75%    10M |  99.9   n/a   1   27  1.92M   19   12  38%  81.9M    n/a  n/a
   4   64 |   7 1.0   19   6.2M  125  644  83%    10M |  99.9   n/a   1   27   525k    5   18  78%  81.9M    n/a  n/a
   4   65 |   7 1.0   19   6.3M  118  604  83%    10M |  99.9   n/a   1   27   943k    9   17  65%  81.9M    n/a  n/a
   4   66 |   7 1.0   19   6.5M  128  722  84%    10M |  99.9   n/a   1   27   887k    8   19  70%  81.9M    n/a  n/a
   4   67 |   7 1.0   19   6.5M  121  528  81%    10M |  99.9   n/a   1   27   635k    7   16  69%  81.9M    n/a  n/a
   4   68 |   7 1.0   19   6.2M  119  668  84%    10M |  99.9   n/a   1   27   754k    8   16  66%  81.9M    n/a  n/a
   4   69 |   7 1.0   19   6.3M  119  593  83%    10M |  99.9   n/a   1   27   680k    8   17  68%  81.9M    n/a  n/a
   4   6a |   7 1.0   19   5.9M  112  694  86%    10M |  99.9   n/a   1   27   857k    9   18  66%  81.9M    n/a  n/a
   4   6b |   7 1.0   19   6.3M  123  608  83%    10M |  99.9   n/a   1   27   897k   10   13  56%  81.9M    n/a  n/a
   0   44 |   7 1.0   19   8.2M  141  570  80%    10M |  99.9   n/a   1   27  2.07M   22   17  43%  81.9M    n/a  n/a
   0   45 |   7 1.0   19   8.2M  139  503  78%    10M |  99.9   n/a   1   27  2.10M   22   17  43%  81.9M    n/a  n/a
   0   46 |   7 1.0   19   8.3M  143  554  79%    10M |  99.9   n/a   1   27   862k   10   17  62%  81.9M    n/a  n/a
   0   47 |   7 1.0   19   8.1M  132  494  78%    10M |  99.9   ovl   1   27   924k   10   15  60%  81.9M   213n  n/a
   0   48 |   7 1.0   19   8.4M  146  507  77%    10M |  99.9   n/a   1   27  1.89M   19   15  44%  81.9M    n/a  n/a
   0   49 |   7 1.0   19   7.8M  127  542  81%    10M |  99.9   n/a   1   27  1.91M   21    8  27%  81.9M    n/a  n/a
   0   4a |   7 1.0   19   8.5M  150  620  80%    10M |  99.9   n/a   1   27  2.04M   20   15  42%  81.9M    n/a  n/a
   0   4b |   7 1.0   19   8.0M  129  519  80%    10M |  99.9   n/a   1   27  2.30M   22   18  45%  81.9M    n/a  n/a
   1   4c |   7 1.0   16   6.0M   73  503  87%    10M |  99.9   n/a   1   27  1.00M    5   11  68%  81.9M    n/a  n/a
   1   4d |   7 1.0   16   5.9M   66  483  87%    10M |  99.9   n/a   1   27   406k    2   10  83%  81.9M    n/a  n/a
   1   4e |   7 1.0   16   5.9M   59  434  88%    10M |  99.9   n/a   1   27   799k    4   10  71%  81.9M    n/a  n/a
   1   4f |   7 1.0   16   5.7M   72  466  86%    10M |  99.9   n/a   1   27  1.22M    6   11  64%  81.9M    n/a  n/a
   1   50 |   7 1.0   16   5.9M   56  530  90%    10M |  99.9   n/a   1   27  1.17M    6    9  60%  81.9M    n/a  n/a
   1   51 |   7 1.0    0      0    0    0   0%    10M |   n/a   n/a   1    0      0    0    0   0%  81.9M    n/a  n/a
   1   52 |   7 1.0   16   5.7M   64  486  88%    10M |  99.9   n/a   1   27   783k    4   10  71%  81.9M    n/a  n/a
   1   53 |   7 1.0   16   5.7M   65  470  87%    10M |  99.9   n/a   1   27   402k    2   11  84%  81.9M    n/a  n/a
   2   54 |   7 1.0   19   7.2M  171  638  78%    10M |  99.9   ovl   1   27  1.53M   19   20  51%  81.9M   -45n  n/a
   2   55 |   7 1.0   19   6.7M  135  514  79%    10M |  99.9   ovl   1   27  1.31M   17   20  54%  81.9M  -293n  n/a
   2   56 |   7 1.0   19   6.5M  150  642  81%    10M |  99.9   n/a   1   27  1.44M   18   21  53%  81.9M    n/a  n/a
   2   57 |   7 1.0   19   6.4M  137  569  80%    10M |  99.9   n/a   1   27  1.04M   13   18  58%  81.9M    n/a  n/a
   2   58 |   7 1.0   19   7.3M  167  583  77%    10M |  99.9   n/a   1   27  1.17M   16   21  56%  81.9M    n/a  n/a
   2   59 |   7 1.0   19   6.5M  143  568  79%    10M |  99.9   ovl   1   27  1.64M   19   17  47%  81.9M  -313n  n/a
   2   5a |   7 1.0   19   7.1M  167  624  78%    10M |  99.9   ovl   1   27  1.57M   20   16  44%  81.9M   205n  n/a
   2   5b |   7 1.0   19   6.5M  131  595  81%    10M |  99.9   ovl   1   27  1.32M   17   21  55%  81.9M   566n  n/a
   3   5c |   7 1.0   19   8.0M  131  664  83%    10M |  99.9   n/a   1   27  1.14M   12   17  58%  81.9M    n/a  n/a
   3   5d |   7 1.0   19   7.9M  136  519  79%    10M |  99.9   n/a   1   27   979k   10   20  66%  81.9M    n/a  n/a
   3   5e |   7 1.0   19   8.3M  147  604  80%    10M |  99.9   n/a   1   27  1.14M   11   25  69%  81.9M    n/a  n/a
   3   5f |   7 1.0   19   8.0M  137  511  78%    10M |  99.9   n/a   1   27  1.05M   11   23  67%  81.9M    n/a  n/a
   3   60 |   7 1.0   19   8.2M  140  560  80%    10M |  99.9   n/a   1   27  1.44M   15   22  59%  81.9M    n/a  n/a
   3   61 |   7 1.0   19   8.1M  133  493  78%    10M |  99.9   n/a   1   27  1.69M   16   17  51%  81.9M    n/a  n/a
   3   62 |   7 1.0   19   8.1M  143  620  81%    10M |  99.9   n/a   1   27   938k   10   19  65%  81.9M    n/a  n/a
   3   63 |   7 1.0   19   8.4M  133  569  81%    10M |  99.9   n/a   1   27   940k   10   20  66%  81.9M    n/a  n/a
   4   64 |   7 1.0   19    12M  243  500  67%    10M |  99.9   ovl   1   27  2.08M   26   16  38%  81.9M  -266n  n/a
   4   65 |   7 1.0   19    12M  211  444  67%    10M |  99.9   ovl   1   27  2.65M   30   12  28%  81.9M   114n  n/a
   4   66 |   7 1.0   19    12M  235  507  68%    10M |  99.9   ovl   1   27  2.33M   27   14  34%  81.9M   176n  n/a
   4   67 |   7 1.0   19    11M  216  456  67%    10M |  99.9   ovl   1   27  2.54M   27   12  30%  81.9M    86n  n/a
   4   68 |   7 1.0   19    12M  234  484  67%    10M |  99.9   ovl   1   27  2.32M   27   17  38%  81.9M  -326n  n/a
   4   69 |   7 1.0   19    12M  220  413  65%    10M |  99.9   ovl   1   27  2.09M   23   17  42%  81.9M   268n  n/a
   4   6a |   7 1.0   19    12M  236  501  67%    10M |  99.9   ovl   1   27  2.63M   31   14  31%  81.9M   -50n  n/a
   4   6b |   7 1.0   19    12M  216  454  67%    10M |  99.9   ovl   1   27  2.22M   27   14  34%  81.9M  -167n  n/a
   0   44 |   7 1.0   19   8.5M  164  564  77%    10M |  99.9   n/a   1   27  1.12M   11   15  57%  81.9M    n/a  n/a
   0   45 |   7 1.0   19   8.2M  138  562  80%    10M |  99.9   n/a   1   27  1.42M   15   13  46%  81.9M    n/a  n/a
   0   46 |   7 1.0   19   8.3M  143  610  81%    10M |  99.9   n/a   1   27  1.78M   18   19  51%  81.9M    n/a  n/a
   0   47 |   7 1.0   19   8.8M  142  541  79%    10M |  99.9   n/a   1   27  2.00M   19   14  42%  81.9M    n/a  n/a
   0   48 |   7 1.0   19   8.8M  161  631  79%    10M |  99.9   n/a   1   27  2.01M   20    7  25%  81.9M    n/a  n/a
   0   49 |   7 1.0   19   8.7M  137  543  79%    10M |  99.9   n/a   1   27  1.61M   17   15  46%  81.9M    n/a  n/a
   0   4a |   7 1.0   19   9.0M  165  557  77%    10M |  99.9   n/a   1   27  1.33M   14   17  54%  81.9M    n/a  n/a
   0   4b |   7 1.0   19   8.5M  146  541  78%    10M |  99.9   n/a   1   27  1.28M   13   18  58%  81.9M    n/a  n/a
   1   4c |   7 1.0   16   6.6M   73  452  86%    10M |  99.9   n/a   1   27   402k    2    8  80%  81.9M    n/a  n/a
   1   4d |   7 1.0   16   6.9M   80  450  84%    10M |  99.9   n/a   1   27   787k    4    9  69%  81.9M    n/a  n/a
   1   4e |   7 1.0   16   6.6M   69  437  86%    10M |  99.9   n/a   1   27   389k    2    9  81%  81.9M    n/a  n/a
   1   4f |   7 1.0   16   6.5M   67  425  86%    10M |   n/a   n/a   1   27      0    0    8 100%  81.9M    n/a  n/a
   1   50 |   7 1.0   16   7.2M   77  482  86%    10M |  99.9   n/a   1   27   808k    4    9  69%  81.9M    n/a  n/a
   1   51 |   7 1.0    0      0    0    0   0%    10M |   n/a   n/a   1    0      0    0    0   0%  81.9M    n/a  n/a
   1   52 |   7 1.0   16   6.9M   69  421  85%    10M |  99.9   n/a   1   27   803k    4    9  69%  81.9M    n/a  n/a
   1   53 |   7 1.0   16   7.0M   73  421  85%    10M |  99.9   n/a   1   27   799k    4    8  66%  81.9M    n/a  n/a
   2   54 |   7 1.0   19    11M  247  499  66%    10M |  99.9   n/a   1   27  3.37M   42   10  19%  81.9M    n/a  n/a
   2   55 |   7 1.0   19   9.9M  214  493  69%    10M |  99.9   n/a   1   27  3.15M   41   18  30%  81.9M    n/a  n/a
   2   56 |   7 1.0   19    11M  236  377  61%    10M |  99.9   n/a   1   27  3.16M   42   10  19%  81.9M    n/a  n/a
   2   57 |   7 1.0   19   9.7M  216  452  67%    10M |  99.9   n/a   1   27  2.34M   31   17  35%  81.9M    n/a  n/a
   2   58 |   7 1.0   19    11M  241  361  59%    10M |  99.9   n/a   1   27  3.32M   41   12  22%  81.9M    n/a  n/a
   2   59 |   7 1.0   19    11M  216  435  66%    10M |  99.9   n/a   1   27  3.02M   39   11  22%  81.9M    n/a  n/a
   2   5a |   7 1.0   19    11M  234  452  65%    10M |  99.9   n/a   1   27  3.38M   43   10  18%  81.9M    n/a  n/a
   2   5b |   7 1.0   19    11M  216  437  66%    10M |  99.9   n/a   1   27  3.14M   41   15  26%  81.9M    n/a  n/a
   3   5c |   7 1.0   19   8.5M  140  590  80%    10M |  99.9   n/a   1   27  1.60M   17   21  55%  81.9M    n/a  n/a
   3   5d |   7 1.0   19   8.6M  149  555  78%    10M |  99.9   n/a   1   27  1.35M   13   15  53%  81.9M    n/a  n/a
   3   5e |   7 1.0   19   8.2M  145  611  80%    10M |  99.9   n/a   1   27  1.56M   15   18  54%  81.9M    n/a  n/a
   3   5f |   7 1.0   19   8.7M  140  538  79%    10M |  99.9   n/a   1   27  1.90M   18   11  37%  81.9M    n/a  n/a
   3   60 |   7 1.0   19   8.6M  147  537  78%    10M |  99.9   n/a   1   27  1.02M    9   17  65%  81.9M    n/a  n/a
   3   61 |   7 1.0   19   8.8M  141  504  78%    10M |  99.9   n/a   1   27  2.02M   21   17  44%  81.9M    n/a  n/a
   3   62 |   7 1.0   19   8.7M  167  528  75%    10M |  99.9   n/a   1   27  1.62M   17   18  51%  81.9M    n/a  n/a
   3   63 |   7 1.0   19   8.6M  143  524  78%    10M |  99.9   n/a   1   27  1.34M   15   18  54%  81.9M    n/a  n/a

          |--------------------DL---------------------|-------------------------------UL-----------------------------
 pci rnti | cqi  ri  mcs  brate   ok  nok  (%)  dl_bs | pusch  rsrp  ri  mcs  brate   ok  nok  (%)    bsr     ta  phr
   4   64 |   7 1.0   19    10M  207  482  69%    10M |  99.9   ovl   1   27  2.96M   33   11  25%  81.9M   154n  n/a
   4   65 |   7 1.0   19    10M  201  485  70%    10M |  99.9   ovl   1   27  2.36M   27   17  38%  81.9M   247n  n/a
   4   66 |   7 1.0   19    10M  204  491  70%    10M |  99.9   ovl   1   27  2.68M   31   13  29%  81.9M  -490n  n/a
   4   67 |   7 1.0   19    10M  196  539  73%    10M |  99.9   ovl   1   27  2.65M   31   12  27%  81.9M   100n  n/a
   4   68 |   7 1.0   19   9.8M  199  499  71%    10M |  99.9   ovl   1   27  1.97M   22   17  43%  81.9M   -25n  n/a
   4   69 |   7 1.0   19   9.8M  183  496  73%    10M |  99.9   ovl   1   27  1.50M   17   16  48%  81.9M   150n  n/a
   4   6a |   7 1.0   19   9.6M  185  539  74%    10M |  99.9   ovl   1   27  1.63M   19   17  47%  81.9M   261n  n/a
   4   6b |   7 1.0   19    10M  202  523  72%    10M |  99.9   ovl   1   27  2.54M   28   17  37%  81.9M  -403n  n/a
   0   44 |   7 1.0   19   8.5M  144  581  80%    10M |  99.9   n/a   1   27   844k    8   23  74%  81.9M    n/a  n/a
   0   45 |   7 1.0   19   8.6M  149  567  79%    10M |  99.9   n/a   1   27   785k    9   21  70%  81.9M    n/a  n/a
   0   46 |   7 1.0   19   8.6M  146  586  80%    10M |  99.9   n/a   1   27   943k   10   19  65%  81.9M    n/a  n/a
   0   47 |   7 1.0   19   8.1M  137  605  81%    10M |  99.9   n/a   1   27   889k    9   21  70%  81.9M    n/a  n/a
   0   48 |   7 1.0   19   8.5M  148  562  79%    10M |  99.9   n/a   1   27  1.17M   12   22  64%  81.9M    n/a  n/a
   0   49 |   7 1.0   19   8.4M  142  606  81%    10M |  99.9   n/a   1   27   824k    8   20  71%  81.9M    n/a  n/a
   0   4a |   7 1.0   19   9.1M  163  562  77%    10M |  99.9   n/a   1   27   920k    9   22  70%  81.9M    n/a  n/a
   0   4b |   7 1.0   19   8.5M  138  555  80%    10M |  99.9   n/a   1   27  1.22M   12   19  61%  81.9M    n/a  n/a
   1   4c |   7 1.0   16   5.3M   62  486  88%    10M |  99.9   n/a   1   27   594k    3   10  76%  81.9M    n/a  n/a
   1   4d |   7 1.0   17   5.6M   57  440  88%    10M |  99.9   n/a   1   27  1.00M    5   10  66%  81.9M    n/a  n/a
   1   4e |   7 1.0   16   5.5M   62  519  89%    10M |  99.9   n/a   1   27   812k    4   12  75%  81.9M    n/a  n/a
   1   4f |   7 1.0   17   5.8M   63  545  89%    10M |  99.9   n/a   1   27   594k    3   14  82%  81.9M    n/a  n/a
   1   50 |   7 1.0   16   5.6M   58  526  90%    10M |  99.9   n/a   1   27   394k    2   11  84%  81.9M    n/a  n/a
   1   51 |   7 1.0    0      0    0    0   0%    10M |   n/a   n/a   1    0      0    0    0   0%  81.9M    n/a  n/a
   1   52 |   7 1.0   17   5.4M   56  504  90%    10M |  99.9   n/a   1   27   394k    2   12  85%  81.9M    n/a  n/a
   1   53 |   7 1.0   17   5.7M   60  497  89%    10M |  99.9   n/a   1   27   394k    2   11  84%  81.9M    n/a  n/a
   2   54 |   7 1.0   19   9.1M  221  470  68%    10M |  99.9   n/a   1   27  2.94M   36   12  25%  81.9M    n/a  n/a
   2   55 |   7 1.0   19   9.1M  181  475  72%    10M |  99.9   n/a   1   27  2.45M   31    9  22%  81.9M    n/a  n/a
   2   56 |   7 1.0   19   9.7M  214  370  63%    10M |  99.9   n/a   1   27  2.81M   37    7  15%  81.9M    n/a  n/a
   2   57 |   7 1.0   19   9.3M  200  467  70%    10M |  99.9   n/a   1   27  3.17M   41    8  16%  81.9M    n/a  n/a
   2   58 |   7 1.0   19   9.4M  206  440  68%    10M |  99.9   n/a   1   27  3.12M   42   13  23%  81.9M    n/a  n/a
   2   59 |   7 1.0   19   9.4M  201  462  69%    10M |  99.9   n/a   1   27  2.98M   38   13  25%  81.9M    n/a  n/a
   2   5a |   7 1.0   19   9.0M  216  370  63%    10M |  99.9   n/a   1   27  2.58M   35   11  23%  81.9M    n/a  n/a
   2   5b |   7 1.0   19   9.1M  201  498  71%    10M |  99.9   n/a   1   27  2.64M   34   10  22%  81.9M    n/a  n/a
   3   5c |   7 1.0   19    10M  167  540  76%    10M |  99.9   n/a   1   27   865k    9   18  66%  81.9M    n/a  n/a
   3   5d |   7 1.0   19   9.9M  167  524  75%    10M |  99.9   n/a   1   27   930k    9   18  66%  81.9M    n/a  n/a
   3   5e |   7 1.0   19    10M  177  550  75%    10M |  99.9   n/a   1   27  1.72M   17   12  41%  81.9M    n/a  n/a
   3   5f |   7 1.0   19   9.8M  176  528  75%    10M |  99.9   n/a   1   27  1.24M   14   17  54%  81.9M    n/a  n/a
   3   60 |   7 1.0   19   9.8M  170  522  75%    10M |  99.9   n/a   1   27  1.40M   14   16  53%  81.9M    n/a  n/a
   3   61 |   7 1.0   19   9.7M  162  509  75%    10M |  99.9   n/a   1   27  1.67M   17   16  48%  81.9M    n/a  n/a
   3   62 |   7 1.0   19   9.8M  175  538  75%    10M |  99.9   n/a   1   27  1.10M   12   16  57%  81.9M    n/a  n/a
   3   63 |   7 1.0   19   9.8M  160  535  76%    10M |  99.9   n/a   1   27  1.27M   12   17  58%  81.9M    n/a  n/a
   4   64 |   7 1.0   19   7.8M  160  649  80%    10M |  99.9   ovl   1   27  1.51M   17   16  48%  81.9M   899n  n/a
   4   65 |   7 1.0   19   7.6M  142  556  79%    10M |  99.9   ovl   1   27  1.27M   14   18  56%  81.9M  -858n  n/a
   4   66 |   7 1.0   19   7.9M  150  604  80%    10M |  99.9   n/a   1   27   697k    8   21  72%  81.9M    n/a  n/a
   4   67 |   7 1.0   19   7.2M  136  614  81%    10M |  99.9   ovl   1   27   889k   11   18  62%  81.9M    96n  n/a
   4   68 |   7 1.0   19   7.4M  149  667  81%    10M |  99.9   ovl   1   27  1.60M   19   16  45%  81.9M   766n  n/a
   4   69 |   7 1.0   19   7.6M  141  509  78%    10M |  99.9   n/a   1   27  1.28M   15   23  60%  81.9M    n/a  n/a
   4   6a |   7 1.0   19   7.8M  146  599  80%    10M |  99.9   n/a   1   27  1.61M   18   11  37%  81.9M    n/a  n/a
   4   6b |   7 1.0   19   7.6M  159  605  79%    10M |  99.9   n/a   1   27  1.45M   17   11  39%  81.9M    n/a  n/a
   0   44 |   7 1.0   19   7.7M  137  592  81%    10M |  99.9   n/a   1   27   936k   10   17  62%  81.9M    n/a  n/a
   0   45 |   7 1.0   19   7.5M  120  572  82%    10M |  99.9   n/a   1   27  1.41M   14   13  48%  81.9M    n/a  n/a
   0   46 |   7 1.0   19   7.9M  134  596  81%    10M |  99.9   n/a   1   27  1.55M   16   15  48%  81.9M    n/a  n/a
   0   47 |   7 1.0   19   7.3M  118  588  83%    10M |  99.9   n/a   1   27  1.07M   12   16  57%  81.9M    n/a  n/a
   0   48 |   7 1.0   19   7.2M  130  629  82%    10M |  99.9   n/a   1   27  1.04M   12   15  55%  81.9M    n/a  n/a
   0   49 |   7 1.0   19   7.7M  131  577  81%    10M |  99.9   n/a   1   27  1.09M   10   19  65%  81.9M    n/a  n/a
   0   4a |   7 1.0   19   7.9M  142  680  82%    10M |  99.9   n/a   1   27  1.46M   15   12  44%  81.9M    n/a  n/a
   0   4b |   7 1.0   19   7.5M  131  609  82%    10M |  99.9   n/a   1   27  1.02M   11   19  63%  81.9M    n/a  n/a
   1   4c |   7 1.0   17   6.6M   87  461  84%    10M |  99.9   n/a   1   27   787k    4    9  69%  81.9M    n/a  n/a
   1   4d |   7 1.0   17   6.4M   68  470  87%    10M |  99.9   n/a   1   27   603k    3    8  72%  81.9M    n/a  n/a
   1   4e |   7 1.0   17   6.4M   70  430  86%    10M |  99.9   n/a   1   27   816k    4    9  69%  81.9M    n/a  n/a
   1   4f |   7 1.0   17   6.8M   73  429  85%    10M |  99.9   n/a   1   27   795k    4    9  69%  81.9M    n/a  n/a
   1   50 |   7 1.0   17   7.0M   72  385  84%    10M |  99.9   n/a   1   27   394k    2    8  80%  81.9M    n/a  n/a
   1   51 |   7 1.0    0      0    0    0   0%    10M |   n/a   n/a   1    0      0    0    0   0%  81.9M    n/a  n/a
   1   52 |   7 1.0   17   6.6M   81  464  85%    10M |  99.9   n/a   1   27   590k    3    9  75%  81.9M    n/a  n/a
   1   53 |   7 1.0   17   6.4M   70  476  87%    10M |  99.9   n/a   1   27  1.00M    5    8  61%  81.9M    n/a  n/a
   2   54 |   7 1.0   19   6.1M  151  655  81%    10M |  99.9   n/a   1   27  1.53M   20    9  31%  81.9M    n/a  n/a
   2   55 |   7 1.0   19   6.5M  138  523  79%    10M |  99.9   ovl   1   27  1.20M   16   14  46%  81.9M  -917n  n/a
   2   56 |   7 1.0   19   5.9M  149  530  78%    10M |  99.9   n/a   1   27  1.69M   22   13  37%  81.9M    n/a  n/a
   2   57 |   7 1.0   19   7.0M  148  485  76%    10M |  99.9   n/a   1   27  1.74M   24   14  36%  81.9M    n/a  n/a
   2   58 |   7 1.0   19   6.5M  153  544  78%    10M |  99.9   n/a   1   27  1.84M   25   11  30%  81.9M    n/a  n/a
   2   59 |   7 1.0   19   6.7M  157  536  77%    10M |  99.9   n/a   1   27  1.90M   25    9  26%  81.9M    n/a  n/a
   2   5a |   7 1.0   19   6.3M  148  529  78%    10M |  99.9   n/a   1   27  1.58M   21   15  41%  81.9M    n/a  n/a
   2   5b |   7 1.0   19   7.1M  162  487  75%    10M |  99.9   ovl   1   27  1.76M   22    8  26%  81.9M   560n  n/a
   3   5c |   7 1.0   19   8.1M  136  655  82%    10M |  99.9   n/a   1   27   939k    9   18  66%  81.9M    n/a  n/a
   3   5d |   7 1.0   19   8.3M  140  561  80%    10M |  99.9   n/a   1   27  1.33M   14   18  56%  81.9M    n/a  n/a
   3   5e |   7 1.0   19   8.2M  141  659  82%    10M |  99.9   n/a   1   27  1.31M   12   16  57%  81.9M    n/a  n/a
   3   5f |   7 1.0   19   7.9M  134  543  80%    10M |  99.9   n/a   1   27  1.46M   13   22  62%  81.9M    n/a  n/a
   3   60 |   7 1.0   19   8.7M  159  542  77%    10M |  99.9   n/a   1   27  1.24M   13   17  56%  81.9M    n/a  n/a
   3   61 |   7 1.0   19   8.3M  129  576  81%    10M |  99.9   n/a   1   27  1.32M   13   18  58%  81.9M    n/a  n/a
   3   62 |   7 1.0   19   8.5M  140  588  80%    10M |  99.9   n/a   1   27  1.06M   10   19  65%  81.9M    n/a  n/a
   3   63 |   7 1.0   19   7.9M  131  545  80%    10M |  99.9   n/a   1   27  1.23M   12   18  60%  81.9M    n/a  n/a
   4   64 |   7 1.0   19    11M  206  453  68%    10M |  99.9   ovl   1   27  2.47M   28   11  28%  81.9M    45n  n/a
   4   65 |   7 1.0   19    11M  197  509  72%    10M |  99.9   ovl   1   27  2.75M   32    9  21%  81.9M  -394n  n/a
   4   66 |   7 1.0   19    11M  201  519  72%    10M |  99.9   ovl   1   27  2.74M   30   14  31%  81.9M  -243n  n/a
   4   67 |   7 1.0   19    10M  189  510  72%    10M |  99.9   ovl   1   27  2.76M   30   13  30%  81.9M   452n  n/a
   4   68 |   7 1.0   19    11M  211  438  67%    10M |  99.9   ovl   1   27  2.34M   27   12  30%  81.9M   559n  n/a
   4   69 |   7 1.0   19    11M  195  475  70%    10M |  99.9   ovl   1   27  2.65M   30   11  26%  81.9M   -98n  n/a
   4   6a |   7 1.0   19    10M  212  527  71%    10M |  99.9   ovl   1   27  2.89M   32   11  25%  81.9M    19n  n/a
   4   6b |   7 1.0   19    10M  193  515  72%    10M |  99.9   ovl   1   27  2.69M   29   15  34%  81.9M  -159n  n/a

          |--------------------DL---------------------|-------------------------------UL-----------------------------
 pci rnti | cqi  ri  mcs  brate   ok  nok  (%)  dl_bs | pusch  rsrp  ri  mcs  brate   ok  nok  (%)    bsr     ta  phr
   0   44 |   7 1.0   19   6.8M  125  613  83%    10M |  99.9   n/a   1   27   721k    7   16  69%  81.9M    n/a  n/a
   0   45 |   7 1.0   19   6.7M  118  629  84%    10M |  99.9   n/a   1   27   678k    7   15  68%  81.9M    n/a  n/a
   0   46 |   7 1.0   19   7.0M  120  623  83%    10M |  99.9   n/a   1   27  1.06M   11   14  56%  81.9M    n/a  n/a
   0   47 |   7 1.0   19   7.1M  121  620  83%    10M |  99.9   n/a   1   27  1.01M   10   19  65%  81.9M    n/a  n/a
   0   48 |   7 1.0   19   7.3M  119  666  84%    10M |  99.9   n/a   1   27   906k    9   17  65%  81.9M    n/a  n/a
   0   49 |   7 1.0   19   7.0M  121  589  82%    10M |  99.9   n/a   1   27  1.34M   14   13  48%  81.9M    n/a  n/a
   0   4a |   7 1.0   19   6.8M  115  651  84%    10M |  99.9   n/a   1   27   662k    7   17  70%  81.9M    n/a  n/a
   0   4b |   7 1.0   19   7.0M  122  567  82%    10M |  99.9   n/a   1   27  1.00M   10   12  54%  81.9M    n/a  n/a
   1   4c |   7 1.0   17   6.9M   78  433  84%    10M |  99.9   n/a   1   27   971k    5    8  61%  81.9M    n/a  n/a
   1   4d |   7 1.0   17   6.4M   60  479  88%    10M |  99.9   n/a   1   27  1.02M    5    9  64%  81.9M    n/a  n/a
   1   4e |   7 1.0   17   6.6M   70  440  86%    10M |  99.9   n/a   1   27   816k    4    9  69%  81.9M    n/a  n/a
   1   4f |   7 1.0   17   6.7M   68  462  87%    10M |  99.9   n/a   1   27  1.17M    6   10  62%  81.9M    n/a  n/a
   1   50 |   7 1.0   17   6.7M   70  491  87%    10M |  99.9   n/a   1   27   197k    1    8  88%  81.9M    n/a  n/a
   1   51 |   7 1.0    0      0    0    0   0%    10M |   n/a   n/a   1    0      0    0    0   0%  81.9M    n/a  n/a
   1   52 |   7 1.0   17   7.1M   76  479  86%    10M |  99.9   n/a   1   27   603k    3    6  66%  81.9M    n/a  n/a
   1   53 |   7 1.0   17   6.3M   62  492  88%    10M |  99.9   n/a   1   27   398k    2   10  83%  81.9M    n/a  n/a
   2   54 |   7 1.0   19   8.0M  182  506  73%    10M |  99.9   n/a   1   27  1.78M   24   14  36%  81.9M    n/a  n/a
   2   55 |   7 1.0   19   8.0M  168  461  73%    10M |  99.9   n/a   1   27  1.62M   22   11  33%  81.9M    n/a  n/a
   2   56 |   7 1.0   19   7.8M  191  519  73%    10M |  99.9   n/a   1   27  1.60M   20    8  28%  81.9M    n/a  n/a
   2   57 |   7 1.0   19   7.8M  163  485  74%    10M |  99.9   n/a   1   27  1.92M   24   12  33%  81.9M    n/a  n/a
   2   58 |   7 1.0   19   7.0M  160  511  76%    10M |  99.9   n/a   1   27  1.87M   24   11  31%  81.9M    n/a  n/a
   2   59 |   7 1.0   19   7.7M  170  496  74%    10M |  99.9   n/a   1   27  2.14M   27   11  28%  81.9M    n/a  n/a
   2   5a |   7 1.0   19   7.1M  165  534  76%    10M |  99.9   n/a   1   27  1.83M   23   10  30%  81.9M    n/a  n/a
   2   5b |   7 1.0   19   7.6M  158  475  75%    10M |  99.9   ovl   1   27  1.94M   27   11  28%  81.9M   603n  n/a
   3   5c |   7 1.0   19   9.1M  153  560  78%    10M |  99.9   ovl   1   27  1.56M   16   16  50%  81.9M  -633n  n/a
   3   5d |   7 1.0   19   9.5M  150  534  78%    10M |  99.9   ovl   1   27  1.78M   19   16  45%  81.9M  -763n  n/a
   3   5e |   7 1.0   19   9.5M  171  545  76%    10M |  99.9   ovl   1   27  2.52M   26   16  38%  81.9M   828n  n/a
   3   5f |   7 1.0   19   9.1M  148  543  78%    10M |  99.9   ovl   1   27  2.13M   22   12  35%  81.9M  -927n  n/a
   3   60 |   7 1.0   19   9.9M  183  498  73%    10M |  99.9   ovl   1   27  2.44M   25   17  40%  81.9M    24n  n/a
   3   61 |   7 1.0   19   8.6M  146  553  79%    10M |  99.9   ovl   1   27  1.73M   18   18  50%  81.9M   -32n  n/a
   3   62 |   7 1.0   19    10M  166  587  77%    10M |  99.9   ovl   1   27  1.52M   17   17  50%  81.9M    -1u  n/a
   3   63 |   7 1.0   19   8.9M  146  527  78%    10M |  99.9   n/a   1   27  1.65M   18   17  48%  81.9M    n/a  n/a
   4   64 |   7 1.0   19   8.4M  174  519  74%    10M |  99.9   ovl   1   27  1.88M   21   15  41%  81.9M  -108n  n/a
   4   65 |   7 1.0   19   8.0M  154  638  80%    10M |  99.9   ovl   1   27  1.36M   15   13  46%  81.9M   161n  n/a
   4   66 |   7 1.0   19   8.5M  167  593  78%    10M |  99.9   ovl   1   27  1.63M   20   13  39%  81.9M   514n  n/a
   4   67 |   7 1.0   19   7.8M  152  602  79%    10M |  99.9   ovl   1   27  1.81M   20   16  44%  81.9M  -159n  n/a
   4   68 |   7 1.0   19   8.0M  155  545  77%    10M |  99.9   ovl   1   27  2.03M   23   18  43%  81.9M   281n  n/a
   4   69 |   7 1.0   19   7.8M  151  592  79%    10M |  99.9   ovl   1   27  1.62M   19   18  48%  81.9M  -404n  n/a
   4   6a |   7 1.0   19   8.6M  192  571  74%    10M |  99.9   ovl   1   27  1.64M   20   18  47%  81.9M  -322n  n/a
   4   6b |   7 1.0   19   8.3M  151  550  78%    10M |  99.9   ovl   1   27  1.69M   20   15  42%  81.9M  -425n  n/a
   0   44 |   7 1.0   19   9.3M  158  568  78%    10M |  99.9   n/a   1   27  1.30M   13   17  56%  81.9M    n/a  n/a
   0   45 |   7 1.0   19   9.4M  162  530  76%    10M |  99.9   n/a   1   27  1.95M   18   17  48%  81.9M    n/a  n/a
   0   46 |   7 1.0   19   9.6M  175  526  75%    10M |  99.9   ovl   1   27  1.65M   16   19  54%  81.9M  -422n  n/a
   0   47 |   7 1.0   19   9.3M  155  521  77%    10M |  99.9   n/a   1   27  1.02M   11   15  57%  81.9M    n/a  n/a
   0   48 |   7 1.0   19   9.4M  156  584  78%    10M |  99.9   ovl   1   27   887k    9   21  70%  81.9M  -701n  n/a
   0   49 |   7 1.0   19   9.2M  159  570  78%    10M |  99.9   ovl   1   27  1.08M   11   17  60%  81.9M  -176n  n/a
   0   4a |   7 1.0   19   9.4M  158  576  78%    10M |  99.9   ovl   1   27  1.05M   11   15  57%  81.9M   447n  n/a
   0   4b |   7 1.0   19   9.0M  150  532  78%    10M |  99.9   ovl   1   27  1.69M   17   18  51%  81.9M  -701n  n/a
   1   4c |   7 1.0   17   7.8M   76  386  83%    10M |  99.9   n/a   1   27  1.39M    7   11  61%  81.9M    n/a  n/a
   1   4d |   7 1.0   17   7.4M   73  366  83%    10M |  99.9   n/a   1   27  1.21M    6    8  57%  81.9M    n/a  n/a
   1   4e |   7 1.0   17   7.7M   81  383  82%    10M |  99.9   n/a   1   27  1.20M    6    8  57%  81.9M    n/a  n/a
   1   4f |   7 1.0   17   7.4M   74  405  84%    10M |  99.9   n/a   1   27  1.78M    9    9  50%  81.9M    n/a  n/a
   1   50 |   7 1.0   17   7.8M   83  354  81%    10M |  99.9   n/a   1   27  1.59M    8    9  52%  81.9M    n/a  n/a
   1   51 |   7 1.0    0      0    0    0   0%    10M |   n/a   n/a   1    0      0    0    0   0%  81.9M    n/a  n/a
   1   52 |   7 1.0   17   7.1M   62  382  86%    10M |  99.9   n/a   1   27   799k    4    9  69%  81.9M    n/a  n/a
   1   53 |   7 1.0   17   7.4M   72  405  84%    10M |  99.9   n/a   1   27  1.19M    6    9  60%  81.9M    n/a  n/a
   2   54 |   7 1.0   19   8.1M  190  595  75%    10M |  99.9   ovl   1   27  1.31M   18   17  48%  81.9M    -1u  n/a
   2   55 |   7 1.0   19   8.2M  169  467  73%    10M |  99.9   n/a   1   27  2.00M   27   12  30%  81.9M    n/a  n/a
   2   56 |   7 1.0   19   8.5M  185  597  76%    10M |  99.9   ovl   1   27  1.93M   26   17  39%  81.9M  -911n  n/a
   2   57 |   7 1.0   19   8.0M  170  525  75%    10M |  99.9   n/a   1   27  1.84M   25   19  43%  81.9M    n/a  n/a
   2   58 |   7 1.0   19   8.8M  193  460  70%    10M |  99.9   n/a   1   27   948k   12   21  63%  81.9M    n/a  n/a
   2   59 |   7 1.0   19   8.0M  176  498  73%    10M |  99.9   n/a   1   27  1.34M   18   18  50%  81.9M    n/a  n/a
   2   5a |   7 1.0   19   8.7M  196  546  73%    10M |  99.9   n/a   1   27  1.60M   21   16  43%  81.9M    n/a  n/a
   2   5b |   7 1.0   19   8.4M  185  462  71%    10M |  99.9   n/a   1   27  1.41M   17   15  46%  81.9M    n/a  n/a
   3   5c |   7 1.0   19    11M  190  421  68%    10M |  99.9   n/a   1   27  2.85M   29   21  42%  81.9M    n/a  n/a
   3   5d |   7 1.0   19    10M  163  530  76%    10M |  99.9   n/a   1   27  2.21M   22   18  45%  81.9M    n/a  n/a
   3   5e |   7 1.0   19    10M  181  497  73%    10M |  99.9   n/a   1   27  2.36M   23   16  41%  81.9M    n/a  n/a
   3   5f |   7 1.0   19    10M  159  467  74%    10M |  99.9   n/a   1   27  2.22M   22   18  45%  81.9M    n/a  n/a
   3   60 |   7 1.0   19    10M  179  492  73%    10M |  99.9   n/a   1   27  2.72M   27   17  38%  81.9M    n/a  n/a
   3   61 |   7 1.0   19    10M  170  459  72%    10M |  99.9   n/a   1   27  2.11M   21   23  52%  81.9M    n/a  n/a
   3   62 |   7 1.0   19    10M  177  465  72%    10M |  99.9   n/a   1   27  1.57M   16   15  48%  81.9M    n/a  n/a
   3   63 |   7 1.0   19    10M  157  475  75%    10M |  99.9   n/a   1   27  1.45M   16   22  57%  81.9M    n/a  n/a
   4   64 |   7 1.0   19   7.7M  156  609  79%    10M |  99.9   n/a   1   27   893k   10   19  65%  81.9M    n/a  n/a
   4   65 |   7 1.0   19   6.8M  129  569  81%    10M |  99.9   n/a   1   27  1.51M   16   19  54%  81.9M    n/a  n/a
   4   66 |   7 1.0   19   7.1M  137  629  82%    10M |  99.9   n/a   1   27  1.62M   18   17  48%  81.9M    n/a  n/a
   4   67 |   7 1.0   19   6.8M  129  552  81%    10M |  99.9   n/a   1   27  1.42M   16   15  48%  81.9M    n/a  n/a
   4   68 |   7 1.0   19   7.3M  151  611  80%    10M |  99.9   n/a   1   27   996k   12   21  63%  81.9M    n/a  n/a
   4   69 |   7 1.0   19   7.1M  132  582  81%    10M |  99.9   n/a   1   27  1.24M   14   18  56%  81.9M    n/a  n/a
   4   6a |   7 1.0   19   6.6M  136  648  82%    10M |  99.9   n/a   1   27  1.36M   16   20  55%  81.9M    n/a  n/a
   4   6b |   7 1.0   19   7.1M  128  551  81%    10M |  99.9   ovl   1   27  1.66M   19   16  45%  81.9M  -851n  n/a
   0   44 |   7 1.0   19   7.6M  144  586  80%    10M |  99.9   n/a   1   27  1.40M   15   13  46%  81.9M    n/a  n/a
   0   45 |   7 1.0   19   8.3M  141  560  79%    10M |  99.9   ovl   1   27  2.21M   20    8  28%  81.9M  -960n  n/a
   0   46 |   7 1.0   19   7.6M  135  561  80%    10M |  99.9   n/a   1   27  2.10M   18   17  48%  81.9M    n/a  n/a
   0   47 |   7 1.0   19   8.5M  145  486  77%    10M |  99.9   ovl   1   27  1.86M   18   14  43%  81.9M  -632n  n/a
   0   48 |   7 1.0   19   7.5M  124  592  82%    10M |  99.9   n/a   1   27  1.76M   17   18  51%  81.9M    n/a  n/a
   0   49 |   7 1.0   19   8.6M  148  499  77%    10M |  99.9   n/a   1   27   760k    7   12  63%  81.9M    n/a  n/a
   0   4a |   7 1.0   19   7.6M  131  620  82%    10M |  99.9   n/a   1   27  1.99M   20   16  44%  81.9M    n/a  n/a
   0   4b |   7 1.0   19   8.7M  150  505  77%    10M |  99.9   n/a   1   27  1.43M   14   11  44%  81.9M    n/a  n/a

          |--------------------DL---------------------|-------------------------------UL-----------------------------
 pci rnti | cqi  ri  mcs  brate   ok  nok  (%)  dl_bs | pusch  rsrp  ri  mcs  brate   ok  nok  (%)    bsr     ta  phr
   1   4c |   7 1.0   17   6.8M   73  388  84%    10M |  99.9   n/a   1   27   795k    4    9  69%  81.9M    n/a  n/a
   1   4d |   7 1.0   17   6.5M   72  382  84%    10M |  99.9   n/a   1   27   803k    4   13  76%  81.9M    n/a  n/a
   1   4e |   7 1.0   17   6.8M   77  395  83%    10M |  99.9   n/a   1   27   791k    4   11  73%  81.9M    n/a  n/a
   1   4f |   7 1.0   17   6.1M   62  392  86%    10M |  99.9   n/a   1   27   586k    3   11  78%  81.9M    n/a  n/a
   1   50 |   7 1.0   17   6.4M   74  432  85%    10M |  99.9   ovl   1   27  1.37M    7    9  56%  81.9M    49n  n/a
   1   51 |   7 1.0    0      0    0    0   0%    10M |   n/a   n/a   1    0      0    0    0   0%  81.9M    n/a  n/a
   1   52 |   7 1.0   17   6.6M   69  380  84%    10M |  99.9   n/a   1   27   804k    4   12  75%  81.9M    n/a  n/a
   1   53 |   7 1.0   17   6.7M   71  422  85%    10M |  99.9   ovl   1   27   992k    5    8  61%  81.9M   -93n  n/a
   2   54 |   7 1.0   19   5.7M  121  635  83%    10M |  99.9   n/a   1   27   332k    5   18  78%  81.9M    n/a  n/a
   2   55 |   7 1.0   19   5.7M  118  616  83%    10M |  99.9   n/a   1   27   327k    4   15  78%  81.9M    n/a  n/a
   2   56 |   7 1.0   19   5.6M  132  659  83%    10M |  99.9   n/a   1   27   234k    3   17  85%  81.9M    n/a  n/a
   2   57 |   7 1.0   19   5.5M  116  600  83%    10M |  99.9   n/a   1   27   419k    6   17  73%  81.9M    n/a  n/a
   2   58 |   7 1.0   19   5.8M  128  657  83%    10M |  99.9   n/a   1   27   416k    6   16  72%  81.9M    n/a  n/a
   2   59 |   7 1.0   19   5.6M  113  608  84%    10M |  99.9   n/a   1   27   199k    3   15  83%  81.9M    n/a  n/a
   2   5a |   7 1.0   19   5.5M  134  685  83%    10M |  99.9   n/a   1   27   710k   10   18  64%  81.9M    n/a  n/a
   2   5b |   7 1.0   19   5.7M  112  641  85%    10M |  99.9   n/a   1   27   440k    7   21  75%  81.9M    n/a  n/a
   3   5c |   7 1.0   19   8.3M  134  600  81%    10M |  99.9   n/a   1   27  1.26M   12   18  60%  81.9M    n/a  n/a
   3   5d |   7 1.0   19   8.4M  135  547  80%    10M |  99.9   n/a   1   27  1.28M   13   12  48%  81.9M    n/a  n/a
   3   5e |   7 1.0   19   8.9M  149  619  80%    10M |  99.9   n/a   1   27  1.26M   13   17  56%  81.9M    n/a  n/a
   3   5f |   7 1.0   19   8.3M  132  522  79%    10M |  99.9   n/a   1   27  1.08M   11   16  59%  81.9M    n/a  n/a
   3   60 |   7 1.0   19   8.2M  140  541  79%    10M |  99.9   n/a   1   27  1.01M   10   17  62%  81.9M    n/a  n/a
   3   61 |   7 1.0   19   8.5M  135  515  79%    10M |  99.9   n/a   1   27   984k   10   16  61%  81.9M    n/a  n/a
   3   62 |   7 1.0   19   8.5M  146  654  81%    10M |  99.9   ovl   1   27  1.48M   16   17  51%  81.9M    -1u  n/a
   3   63 |   7 1.0   19   8.3M  124  555  81%    10M |  99.9   ovl   1   27   955k   11   17  60%  81.9M  -620n  n/a
   4   64 |   7 1.0   19   6.2M  126  773  85%    10M |  99.9   n/a   1   27   410k    5   13  72%  81.9M    n/a  n/a
   4   65 |   7 1.0   19   6.6M  122  602  83%    10M |  99.9   n/a   1   27  1.26M   15   16  51%  81.9M    n/a  n/a
   4   66 |   7 1.0   19   6.5M  129  647  83%    10M |  99.9   n/a   1   27  1.98M   24    4  14%  81.9M    n/a  n/a
   4   67 |   7 1.0   19   6.5M  129  612  82%    10M |  99.9   n/a   1   27   406k    5   20  80%  81.9M    n/a  n/a
   4   68 |   7 1.0   19   6.5M  132  654  83%    10M |  99.9   n/a   1   27  1.25M   16   10  38%  81.9M    n/a  n/a
   4   69 |   7 1.0   19   6.4M  122  568  82%    10M |  99.9   n/a   1   27   807k    9   14  60%  81.9M    n/a  n/a
   4   6a |   7 1.0   19   6.7M  125  662  84%    10M |  99.9   n/a   1   27   453k    6   16  72%  81.9M    n/a  n/a
   4   6b |   7 1.0   19   6.3M  119  609  83%    10M |  99.9   n/a   1   27   680k    9   13  59%  81.9M    n/a  n/a
   0   44 |   7 1.0   19   8.8M  151  552  78%    10M |  99.9   n/a   1   27   766k    8   17  68%  81.9M    n/a  n/a
   0   45 |   7 1.0   19   9.0M  153  509  76%    10M |  99.9   ovl   1   27  2.50M   27   10  27%  81.9M  -834n  n/a
   0   46 |   7 1.0   19   9.1M  161  473  74%    10M |  99.9   ovl   1   27  1.90M   19   16  45%  81.9M   190n  n/a
   0   47 |   7 1.0   19   9.0M  145  475  76%    10M |  99.9   n/a   1   27  2.72M   26   14  35%  81.9M    n/a  n/a
   0   48 |   7 1.0   19   8.9M  151  600  79%    10M |  99.9   ovl   1   27  1.63M   17   15  46%  81.9M  -194n  n/a
   0   49 |   7 1.0   19   9.2M  152  496  76%    10M |  99.9   ovl   1   27  1.78M   20   14  41%  81.9M    17n  n/a
   0   4a |   7 1.0   19   9.5M  174  512  74%    10M |  99.9   n/a   1   27  1.28M   13   20  60%  81.9M    n/a  n/a
   0   4b |   7 1.0   19   9.3M  156  450  74%    10M |  99.9   n/a   1   27  1.39M   16   16  50%  81.9M    n/a  n/a
   1   4c |   7 1.0   17   6.7M   86  443  83%    10M |  99.9   ovl   1   27  1.00M    5    4  44%  81.9M    49n  n/a
   1   4d |   7 1.0   17   6.2M   68  367  84%    10M |  99.9   ovl   1   27   791k    4   12  75%  81.9M    49n  n/a
   1   4e |   7 1.0   17   6.5M   76  408  84%    10M |  99.9   n/a   1   27   398k    2    8  80%  81.9M    n/a  n/a
   1   4f |   7 1.0   17   6.4M   76  386  83%    10M |  99.9   ovl   1   27   586k    3    7  70%  81.9M    46n  n/a
   1   50 |   7 1.0   17   7.1M   86  385  81%    10M |  99.9   n/a   1   27  2.00M   10   10  50%  81.9M    n/a  n/a
   1   51 |   7 1.0    0      0    0    0   0%    10M |   n/a   n/a   1    0      0    0    0   0%  81.9M    n/a  n/a
   1   52 |   7 1.0   17   7.1M   88  387  81%    10M |  99.9   n/a   1   27  2.00M   10   13  56%  81.9M    n/a  n/a
   1   53 |   7 1.0   17   6.8M   74  360  82%    10M |  99.9   ovl   1   27  1.38M    7    9  56%  81.9M   897n  n/a
   2   54 |   7 1.0   19   6.6M  157  572  78%    10M |  99.9   ovl   1   27  1.29M   17   20  54%  81.9M   928n  n/a
   2   55 |   7 1.0   19   6.4M  133  619  82%    10M |  99.9   ovl   1   27  1.25M   19   18  48%  81.9M  -914n  n/a
   2   56 |   7 1.0   19   6.5M  142  624  81%    10M |  99.9   n/a   1   27  1.21M   15   18  54%  81.9M    n/a  n/a
   2   57 |   7 1.0   19   6.4M  140  574  80%    10M |  99.9   ovl   1   27  1.52M   21   16  43%  81.9M  -977n  n/a
   2   58 |   7 1.0   19   6.5M  146  613  80%    10M |  99.9   ovl   1   27   746k    9   24  72%  81.9M  -815n  n/a
   2   59 |   7 1.0   19   6.4M  139  606  81%    10M |  99.9   n/a   1   27  1.49M   19   18  48%  81.9M    n/a  n/a
   2   5a |   7 1.0   19   6.1M  135  663  83%    10M |  99.9   n/a   1   27   730k   10   25  71%  81.9M    n/a  n/a
   2   5b |   7 1.0   19   6.2M  143  624  81%    10M |  99.9   ovl   1   27   560k    7   21  75%  81.9M   947n  n/a
   3   5c |   7 1.0   19    11M  182  521  74%    10M |  99.9   ovl   1   27  1.65M   16   18  52%  81.9M   465n  n/a
   3   5d |   7 1.0   19    10M  159  474  74%    10M |  99.9   ovl   1   27   973k   11   19  63%  81.9M  -317n  n/a
   3   5e |   7 1.0   19    11M  185  514  73%    10M |  99.9   ovl   1   27  1.26M   13   17  56%  81.9M     8n  n/a
   3   5f |   7 1.0   19    10M  175  458  72%    10M |  99.9   ovl   1   27  1.39M   14   17  54%  81.9M   864n  n/a
   3   60 |   7 1.0   19    11M  183  524  74%    10M |  99.9   ovl   1   27  1.53M   15   18  54%  81.9M   854n  n/a
   3   61 |   7 1.0   19    10M  162  513  76%    10M |  99.9   ovl   1   27  1.27M   14   13  48%  81.9M  -277n  n/a
   3   62 |   7 1.0   19    10M  173  599  77%    10M |  99.9   ovl   1   27  1.51M   16   18  52%  81.9M   377n  n/a
   3   63 |   7 1.0   19    10M  166  467  73%    10M |  99.9   ovl   1   27  1.35M   14   16  53%  81.9M   312n  n/a
   4   64 |   7 1.0   19   8.1M  148  679  82%    10M |  99.9   ovl   1   27  1000k   11   18  62%  81.9M  -815n  n/a
   4   65 |   7 1.0   19   7.8M  149  611  80%    10M |  99.9   ovl   1   27  1.34M   15    9  37%  81.9M   104n  n/a
   4   66 |   7 1.0   19   7.7M  154  641  80%    10M |  99.9   ovl   1   27   867k    9   21  70%  81.9M   251n  n/a
   4   67 |   7 1.0   19   7.7M  149  575  79%    10M |  99.9   ovl   1   27  1.40M   17   17  50%  81.9M   214n  n/a
   4   68 |   7 1.0   19   8.1M  160  608  79%    10M |  99.9   ovl   1   27   971k   10   17  62%  81.9M   613n  n/a
   4   69 |   7 1.0   19   8.0M  147  586  79%    10M |  99.9   ovl   1   27   998k   11   18  62%  81.9M   862n  n/a
   4   6a |   7 1.0   19   8.3M  166  556  77%    10M |  99.9   ovl   1   27  1.19M   13   17  56%  81.9M   384n  n/a
   4   6b |   7 1.0   19   7.7M  145  603  80%    10M |  99.9   ovl   1   27  1.49M   17   13  43%  81.9M  -593n  n/a
   0   44 |   7 1.0   19   9.4M  171  534  75%    10M |  99.9   n/a   1   27  1.56M   15   14  48%  81.9M    n/a  n/a
   0   45 |   7 1.0   19   9.1M  157  532  77%    10M |  99.9   n/a   1   27  1.07M   10   18  64%  81.9M    n/a  n/a
   0   46 |   7 1.0   19   9.0M  162  542  76%    10M |  99.9   n/a   1   27  1.42M   14   15  51%  81.9M    n/a  n/a
   0   47 |   7 1.0   19   9.3M  155  498  76%    10M |  99.9   n/a   1   27  1.26M   13   15  53%  81.9M    n/a  n/a
   0   48 |   7 1.0   19   8.9M  153  599  79%    10M |  99.9   n/a   1   27  1.55M   15   16  51%  81.9M    n/a  n/a
   0   49 |   7 1.0   19   9.1M  158  544  77%    10M |  99.9   n/a   1   27  1.25M   13   18  58%  81.9M    n/a  n/a
   0   4a |   7 1.0   19   8.6M  147  636  81%    10M |  99.9   n/a   1   27  1.24M   12   16  57%  81.9M    n/a  n/a
   0   4b |   7 1.0   19   9.4M  153  474  75%    10M |  99.9   n/a   1   27  1.08M   11   16  59%  81.9M    n/a  n/a
   1   4c |   7 1.0   17   6.8M   67  482  87%    10M |  99.9   ovl   1   27   980k    5    9  64%  81.9M    49n  n/a
   1   4d |   7 1.0   17   6.5M   62  463  88%    10M |  99.9   n/a   1   27   787k    4   11  73%  81.9M    n/a  n/a
   1   4e |   7 1.0   17   7.5M   77  409  84%    10M |  99.9   n/a   1   27   984k    5    7  58%  81.9M    n/a  n/a
   1   4f |   7 1.0   17   6.5M   61  475  88%    10M |  99.9   n/a   1   27  1.20M    6    8  57%  81.9M    n/a  n/a
   1   50 |   7 1.0   17   7.4M   69  436  86%    10M |  99.9   n/a   1   27  1.40M    7   10  58%  81.9M    n/a  n/a
   1   51 |   7 1.0    0      0    0    0   0%    10M |   n/a   n/a   1    0      0    0    0   0%  81.9M    n/a  n/a
   1   52 |   7 1.0   17   7.1M   74  449  85%    10M |  99.9   n/a   1   27  1.40M    7    8  53%  81.9M    n/a  n/a
   1   53 |   7 1.0   17   6.8M   63  458  87%    10M |  99.9   n/a   1   27  1.39M    7    6  46%  81.9M    n/a  n/a

          |--------------------DL---------------------|-------------------------------UL-----------------------------
 pci rnti | cqi  ri  mcs  brate   ok  nok  (%)  dl_bs | pusch  rsrp  ri  mcs  brate   ok  nok  (%)    bsr     ta  phr
   2   54 |   7 1.0   19   5.4M  126  687  84%    10M |  99.9   ovl   1   27   796k   10   17  62%  81.9M  -977n  n/a
   2   55 |   7 1.0   19   5.5M  122  622  83%    10M |  99.9   ovl   1   27   550k    7   19  73%  81.9M  -917n  n/a
   2   56 |   7 1.0   19   5.8M  122  675  84%    10M |  99.9   ovl   1   27   820k   11   15  57%  81.9M     8n  n/a
   2   57 |   7 1.0   19   5.4M  116  620  84%    10M |  99.9   n/a   1   27  1.11M   13   10  43%  81.9M    n/a  n/a
   2   58 |   7 1.0   19   5.8M  134  713  84%    10M |  99.9   ovl   1   27   627k    9   13  59%  81.9M  -975n  n/a
   2   59 |   7 1.0   19   5.5M  118  605  83%    10M |  99.9   n/a   1   27  1.20M   16   16  50%  81.9M    n/a  n/a
   2   5a |   7 1.0   19   5.6M  127  642  83%    10M |  99.9   ovl   1   27  1.31M   17   12  41%  81.9M    -1u  n/a
   2   5b |   7 1.0   19   5.5M  115  622  84%    10M |  99.9   n/a   1   27   711k    9   14  60%  81.9M    n/a  n/a
   3   5c |   7 1.0   19    12M  209  525  71%    10M |  99.9   ovl   1   27  3.16M   31   16  34%  81.9M  -246n  n/a
   3   5d |   7 1.0   19    11M  191  486  71%    10M |  99.9   ovl   1   27  2.89M   28   17  37%  81.9M   136n  n/a
   3   5e |   7 1.0   19    12M  199  518  72%    10M |  99.9   ovl   1   27  2.87M   28   14  33%  81.9M   527n  n/a
   3   5f |   7 1.0   19    12M  190  428  69%    10M |  99.9   ovl   1   27  2.94M   29   15  34%  81.9M  -140n  n/a
   3   60 |   7 1.0   19    11M  203  451  68%    10M |  99.9   ovl   1   27  2.51M   24   16  40%  81.9M  -230n  n/a
   3   61 |   7 1.0   19    12M  187  489  72%    10M |  99.9   ovl   1   27  2.82M   29   12  29%  81.9M    96n  n/a
   3   62 |   7 1.0   19    12M  210  449  68%    10M |  99.9   ovl   1   27  2.64M   26   14  35%  81.9M   -96n  n/a
   3   63 |   7 1.0   19    12M  193  422  68%    10M |  99.9   ovl   1   27  2.89M   28   12  30%  81.9M   272n  n/a
   4   64 |   7 1.0   19   7.5M  143  628  81%    10M |  99.9   ovl   1   27  1.05M   12   17  58%  81.9M    32n  n/a
   4   65 |   7 1.0   19   6.9M  124  609  83%    10M |  99.9   ovl   1   27  1.11M   12   18  60%  81.9M  -224n  n/a
   4   66 |   7 1.0   19   7.5M  145  605  80%    10M |  99.9   ovl   1   27  1.27M   15   16  51%  81.9M   358n  n/a
   4   67 |   7 1.0   19   7.1M  132  568  81%    10M |  99.9   ovl   1   27   912k   11   18  62%  81.9M   312n  n/a
   4   68 |   7 1.0   19   7.1M  133  616  82%    10M |  99.9   ovl   1   27   836k   10   18  64%  81.9M  -263n  n/a
   4   69 |   7 1.0   19   7.0M  137  542  79%    10M |  99.9   ovl   1   27   930k   10   19  65%  81.9M    50n  n/a
   4   6a |   7 1.0   19   7.4M  152  658  81%    10M |  99.9   ovl   1   27  1.42M   17   17  50%  81.9M  -367n  n/a
   4   6b |   7 1.0   19   7.0M  132  548  80%    10M |  99.9   ovl   1   27   828k    9   20  68%  81.9M  -515n  n/a
   0   44 |   7 1.0   19   7.0M  118  615  83%    10M |  99.9   ovl   1   27  1.19M   12   13  52%  81.9M   -42n  n/a
   0   45 |   7 1.0   19   7.5M  125  605  82%    10M |  99.9   ovl   1   27  1.58M   16   17  51%  81.9M  -227n  n/a
   0   46 |   7 1.0   19   7.5M  135  568  80%    10M |  99.9   ovl   1   27  1.31M   12   15  55%  81.9M  -190n  n/a
   0   47 |   7 1.0   19   7.5M  131  591  81%    10M |  99.9   ovl   1   27  1.40M   14   13  48%  81.9M   314n  n/a
   0   48 |   7 1.0   19   7.9M  137  609  81%    10M |  99.9   ovl   1   27  1.04M   10   16  61%  81.9M  -254n  n/a
   0   49 |   7 1.0   19   7.5M  124  593  82%    10M |  99.9   ovl   1   27   756k    7   18  72%  81.9M  -964n  n/a
   0   4a |   7 1.0   19   7.9M  133  606  82%    10M |  99.9   ovl   1   27  1.17M   11   14  56%  81.9M  -178n  n/a
   0   4b |   7 1.0   19   7.5M  128  560  81%    10M |  99.9   ovl   1   27  1.52M   15   16  51%  81.9M   -56n  n/a
   1   4c |   7 1.0   17   6.2M   79  429  84%    10M |  99.9   ovl   1   27   799k    4    5  55%  81.9M    49n  n/a
   1   4d |   7 1.0   18   6.0M   58  469  88%    10M |  99.9   ovl   1   27  1.01M    5    7  58%  81.9M    49n  n/a
   1   4e |   7 1.0   17   6.2M   74  442  85%    10M |  99.9   ovl   1   27   799k    4    6  60%  81.9M   872n  n/a
   1   4f |   7 1.0   17   5.8M   63  477  88%    10M |  99.9   ovl   1   27   594k    3    5  62%  81.9M   872n  n/a
   1   50 |   7 1.0   17   5.8M   70  461  86%    10M |  99.9   n/a   1   27  1.40M    7    5  41%  81.9M    n/a  n/a
   1   51 |   7 1.0    0      0    0    0   0%    10M |   n/a   n/a   1    0      0    0    0   0%  81.9M    n/a  n/a
   1   52 |   7 1.0   18   7.0M   85  441  83%    10M |  99.9   ovl   1   27  1.61M    8    6  42%  81.9M   461n  n/a
   1   53 |   7 1.0   17   6.1M   57  457  88%    10M |  99.9   ovl   1   27   996k    5    5  50%  81.9M   471n  n/a
   2   54 |   7 1.0   19   7.3M  169  607  78%    10M |  99.9   ovl   1   27  1.15M   17    8  32%  81.9M  -656n  n/a
   2   55 |   7 1.0   19   7.3M  159  567  78%    10M |  99.9   ovl   1   27  1.19M   15   10  40%  81.9M   358n  n/a
   2   56 |   7 1.0   19   7.9M  176  507  74%    10M |  99.9   n/a   1   27  1.56M   19    9  32%  81.9M    n/a  n/a
   2   57 |   7 1.0   19   7.5M  159  593  78%    10M |  99.9   ovl   1   27  1.79M   23   11  32%  81.9M  -226n  n/a
   2   58 |   7 1.0   19   7.7M  166  584  77%    10M |  99.9   ovl   1   27  1.14M   15   11  42%  81.9M  -238n  n/a
   2   59 |   7 1.0   19   7.0M  152  584  79%    10M |  99.9   ovl   1   27  1.61M   22   12  35%  81.9M  -275n  n/a
   2   5a |   7 1.0   19   7.1M  156  647  80%    10M |  99.9   ovl   1   27  1.69M   22   10  31%  81.9M   -97n  n/a
   2   5b |   7 1.0   19   7.5M  156  520  76%    10M |  99.9   ovl   1   27  1.52M   21   10  32%  81.9M  -522n  n/a
   3   5c |   7 1.0   19   9.5M  162  504  75%    10M |  99.9   ovl   1   27  2.22M   23   14  37%  81.9M    64n  n/a
   3   5d |   7 1.0   19   9.3M  157  488  75%    10M |  99.9   ovl   1   27  2.31M   24   12  33%  81.9M  -447n  n/a
   3   5e |   7 1.0   19   9.3M  165  636  79%    10M |  99.9   ovl   1   27  2.30M   23   18  43%  81.9M   210n  n/a
   3   5f |   7 1.0   19   9.3M  157  476  75%    10M |  99.9   ovl   1   27  2.54M   24   15  38%  81.9M   141n  n/a
   3   60 |   7 1.0   19   9.5M  173  507  74%    10M |  99.9   ovl   1   27  2.05M   20   14  41%  81.9M   240n  n/a
   3   61 |   7 1.0   19   9.5M  156  522  76%    10M |  99.9   ovl   1   27  1.87M   19   17  47%  81.9M   462n  n/a
   3   62 |   7 1.0   19   9.1M  161  593  78%    10M |  99.9   ovl   1   27  2.34M   23   16  41%  81.9M   189n  n/a
   3   63 |   7 1.0   19   9.5M  153  525  77%    10M |  99.9   ovl   1   27  2.20M   23   16  41%  81.9M   349n  n/a
   4   64 |   7 1.0   19   5.8M  125  671  84%    10M |  99.9   ovl   1   27  1.56M   17   11  39%  81.9M   566n  n/a
   4   65 |   7 1.0   19   5.3M  110  621  84%    10M |  99.9   ovl   1   27   828k    9   17  65%  81.9M    -9n  n/a
   4   66 |   7 1.0   19   6.1M  124  703  85%    10M |  99.9   ovl   1   27  1.01M   10   17  62%  81.9M  -305n  n/a
   4   67 |   7 1.0   19   5.7M  106  640  85%    10M |  99.9   ovl   1   27  1.15M   13   17  56%  81.9M   244n  n/a
   4   68 |   7 1.0   19   5.6M  119  705  85%    10M |  99.9   ovl   1   27   731k    9   15  62%  81.9M   242n  n/a
   4   69 |   7 1.0   19   5.7M  107  634  85%    10M |  99.9   ovl   1   27  1.36M   16   15  48%  81.9M   -90n  n/a
   4   6a |   7 1.0   19   5.4M  113  734  86%    10M |  99.9   ovl   1   27  1.36M   15   14  48%  81.9M  -391n  n/a
   4   6b |   7 1.0   19   5.4M  105  631  85%    10M |  99.9   ovl   1   27  1.11M   13   15  53%  81.9M  -575n  n/a
   0   44 |   7 1.0   19   4.1M   88  693  88%    10M |  99.9   n/a   1   27  1.34M   14    7  33%  81.9M    n/a  n/a
   0   45 |   7 1.0   19   4.8M   81  582  87%    10M |  99.9   n/a   1   27   678k    8    6  42%  81.9M    n/a  n/a
   0   46 |   7 1.0   19   4.5M   90  738  89%    10M |  99.9   n/a   1   27   895k    9    5  35%  81.9M    n/a  n/a
   0   47 |   7 1.0   19   4.9M   89  633  87%    10M |  99.9   n/a   1   27   906k   10    7  41%  81.9M    n/a  n/a
   0   48 |   7 1.0   19   5.0M   97  628  86%    10M |  99.9   n/a   1   27  1.74M   17    6  26%  81.9M    n/a  n/a
   0   49 |   7 1.0   19   5.2M   90  581  86%    10M |  99.9   n/a   1   27  1.31M   13   10  43%  81.9M    n/a  n/a
   0   4a |   7 1.0   19   4.6M   91  626  87%    10M |  99.9   n/a   1   27  1.36M   15    4  21%  81.9M    n/a  n/a
   0   4b |   7 1.0   19   4.5M   73  631  89%    10M |  99.9   n/a   1   27  1.29M   13    5  27%  81.9M    n/a  n/a
   1   4c |   7 1.0   17   3.6M   54  639  92%    10M |  99.9   n/a   1   27  1.19M    6    7  53%  81.9M    n/a  n/a
   1   4d |   7 1.0   18   3.3M   34  596  94%    10M |  99.9   ovl   1   27   402k    2    3  60%  81.9M   459n  n/a
   1   4e |   7 1.0   18   4.3M   63  613  90%    10M |  99.9   ovl   1   27   586k    3    4  57%  81.9M    46n  n/a
   1   4f |   7 1.0   18   3.1M   31  611  95%    10M |  99.9   n/a   1   27  1.18M    6    7  53%  81.9M    n/a  n/a
   1   50 |   7 1.0   18   4.2M   57  569  90%    10M |  99.9   n/a   1   27  1.41M    7    6  46%  81.9M    n/a  n/a
   1   51 |   7 1.0    0      0    0    0   0%    10M |   n/a   n/a   1    0      0    0    0   0%  81.9M    n/a  n/a
   1   52 |   7 1.0   18   3.9M   48  568  92%    10M |  99.9   n/a   1   27  1.00M    5    4  44%  81.9M    n/a  n/a
   1   53 |   7 1.0   18   3.1M   30  555  94%    10M |  99.9   n/a   1   27  1.20M    6    6  50%  81.9M    n/a  n/a
   2   54 |   7 1.0   19   2.9M   67  688  91%    10M |  99.9   ovl   1   27   459k    6   15  71%  81.9M  -147n  n/a
   2   55 |   7 1.0   19   2.8M   63  677  91%    10M |  99.9   ovl   1   27   425k    6   10  62%  81.9M  -911n  n/a
   2   56 |   7 1.0   19   2.7M   62  763  92%    10M |  99.9   ovl   1   27   496k    7   11  61%  81.9M  -617n  n/a
   2   57 |   7 1.0   19   3.0M   65  667  91%    10M |  99.9   ovl   1   27   350k    4   11  73%  81.9M  -467n  n/a
   2   58 |   7 1.0   19   3.0M   72  730  91%    10M |  99.9   ovl   1   27   513k    6   11  64%  81.9M  -146n  n/a
   2   59 |   7 1.0   19   2.8M   60  745  92%    10M |  99.9   ovl   1   27   422k    5   12  70%  81.9M    -1u  n/a
   2   5a |   7 1.0   19   3.0M   68  816  92%    10M |  99.9   ovl   1   27   499k    7   10  58%  81.9M   947n  n/a
   2   5b |   7 1.0   19   2.8M   59  713  92%    10M |  99.9   ovl   1   27   503k    7   12  63%  81.9M  -359n  n/a

          |--------------------DL---------------------|-------------------------------UL-----------------------------
 pci rnti | cqi  ri  mcs  brate   ok  nok  (%)  dl_bs | pusch  rsrp  ri  mcs  brate   ok  nok  (%)    bsr     ta  phr
   3   5c |   7 1.0   19    15M  248  342  57%    10M |  99.9   ovl   1   27  5.28M   49    5   9%  81.9M   233n  n/a
   3   5d |   7 1.0   19    16M  264  297  52%    10M |  99.9   ovl   1   27  5.42M   53    5   8%  81.9M    24n  n/a
   3   5e |   7 1.0   19    15M  263  373  58%    10M |  99.9   ovl   1   27  4.95M   46    6  11%  81.9M   218n  n/a
   3   5f |   7 1.0   19    16M  264  285  51%    10M |  99.9   ovl   1   27  4.50M   45    7  13%  81.9M   -22n  n/a
   3   60 |   7 1.0   19    15M  268  364  57%    10M |  99.9   ovl   1   27  4.27M   43    4   8%  81.9M   -25n  n/a
   3   61 |   7 1.0   19    15M  256  316  55%    10M |  99.9   ovl   1   27  4.89M   48    7  12%  81.9M   117n  n/a
   3   62 |   7 1.0   19    15M  247  389  61%    10M |  99.9   ovl   1   27  4.75M   49    4   7%  81.9M     2n  n/a
   3   63 |   7 1.0   19    16M  256  280  52%    10M |  99.9   ovl   1   27  5.07M   51    6  10%  81.9M    19n  n/a
   4   64 |   7 1.0   19   4.7M   87  718  89%    10M |  99.9   ovl   1   27   740k    9   11  55%  81.9M   467n  n/a
   4   65 |   7 1.0   19   4.8M   92  657  87%    10M |  99.9   ovl   1   27   871k   11   12  52%  81.9M   403n  n/a
   4   66 |   7 1.0   19   5.3M  107  651  85%    10M |  99.9   ovl   1   27   832k   10   11  52%  81.9M  -544n  n/a
   4   67 |   7 1.0   19   4.6M   89  565  86%    10M |  99.9   ovl   1   27   658k    7    9  56%  81.9M   309n  n/a
   4   68 |   7 1.0   19   4.6M   93  758  89%    10M |  99.9   ovl   1   27   492k    6   15  71%  81.9M  -858n  n/a
   4   69 |   7 1.0   19   4.9M   89  652  87%    10M |  99.9   ovl   1   27   672k    8    9  52%  81.9M   -89n  n/a
   4   6a |   7 1.0   19   5.1M   98  726  88%    10M |  99.9   ovl   1   27  1.05M   12   10  45%  81.9M     8n  n/a
   4   6b |   7 1.0   19   4.7M   90  688  88%    10M |  99.9   ovl   1   27   738k    8   12  60%  81.9M   252n  n/a
   0   44 |   7 1.0   19    12M  197  492  71%    10M |  99.9   ovl   1   27  2.01M   22    6  21%  81.9M    44n  n/a
   0   45 |   7 1.0   19    11M  177  450  71%    10M |  99.9   ovl   1   27  2.58M   26    7  21%  81.9M  -549n  n/a
   0   46 |   7 1.0   19    12M  206  462  69%    10M |  99.9   ovl   1   27  2.55M   27   14  34%  81.9M   134n  n/a
   0   47 |   7 1.0   19    11M  181  497  73%    10M |  99.9   ovl   1   27  1.92M   19    9  32%  81.9M   -56n  n/a
   0   48 |   7 1.0   19    12M  194  479  71%    10M |  99.9   ovl   1   27  2.97M   30   12  28%  81.9M  -126n  n/a
   0   49 |   7 1.0   19    11M  193  466  70%    10M |  99.9   ovl   1   27  3.10M   31    9  22%  81.9M  -379n  n/a
   0   4a |   7 1.0   19    11M  185  506  73%    10M |  99.9   ovl   1   27  2.37M   24   10  29%  81.9M    22n  n/a
   0   4b |   7 1.0   19    12M  185  438  70%    10M |  99.9   ovl   1   27  2.36M   24   14  36%  81.9M  -698n  n/a
   1   4c |   7 1.0   18   7.0M   69  482  87%    10M |  99.9   n/a   1   27  1.58M    8    6  42%  81.9M    n/a  n/a
   1   4d |   7 1.0   18   6.5M   61  519  89%    10M |  99.9   n/a   1   27   394k    2    5  71%  81.9M    n/a  n/a
   1   4e |   7 1.0   18   6.9M   66  558  89%    10M |  99.9   n/a   1   27   611k    3    5  62%  81.9M    n/a  n/a
   1   4f |   7 1.0   18   6.3M   58  421  87%    10M |  99.9   ovl   1   27  1.01M    5    5  50%  81.9M   872n  n/a
   1   50 |   7 1.0   18   6.9M   77  528  87%    10M |  99.9   n/a   1   27  1.19M    6    7  53%  81.9M    n/a  n/a
   1   51 |   7 1.0    0      0    0    0   0%    10M |   n/a   n/a   1    0      0    0    0   0%  81.9M    n/a  n/a
   1   52 |   7 1.0   18   6.4M   59  517  89%    10M |  99.9   n/a   1   27   402k    2    5  71%  81.9M    n/a  n/a
   1   53 |   7 1.0   18   6.1M   55  499  90%    10M |  99.9   ovl   1   27  1.40M    7    7  50%  81.9M    49n  n/a
   2   54 |   7 1.0   19   4.1M   94  720  88%    10M |  99.9   n/a   1   27   537k    7   11  61%  81.9M    n/a  n/a
   2   55 |   7 1.0   19   4.0M   82  622  88%    10M |  99.9   n/a   1   27   528k    7   10  58%  81.9M    n/a  n/a
   2   56 |   7 1.0   19   4.3M   91  703  88%    10M |  99.9   n/a   1   27   598k    7   12  63%  81.9M    n/a  n/a
   2   57 |   7 1.0   19   3.8M   88  692  88%    10M |  99.9   n/a   1   27   514k    6   13  68%  81.9M    n/a  n/a
   2   58 |   7 1.0   19   3.8M   93  760  89%    10M |  99.9   n/a   1   27   354k    5   14  73%  81.9M    n/a  n/a
   2   59 |   7 1.0   19   4.1M   84  708  89%    10M |  99.9   n/a   1   27   262k    3   12  80%  81.9M    n/a  n/a
   2   5a |   7 1.0   19   4.4M  103  671  86%    10M |  99.9   n/a   1   27   327k    4   11  73%  81.9M    n/a  n/a
   2   5b |   7 1.0   19   4.2M   89  634  87%    10M |  99.9   n/a   1   27   535k    6   11  64%  81.9M    n/a  n/a
   3   5c |   7 1.0   19    11M  195  539  73%    10M |  99.9   ovl   1   27  2.60M   26   12  31%  81.9M   -68n  n/a
   3   5d |   7 1.0   19    10M  170  468  73%    10M |  99.9   ovl   1   27  3.62M   38   11  22%  81.9M   308n  n/a
   3   5e |   7 1.0   19    12M  214  425  66%    10M |  99.9   ovl   1   27  2.81M   29   11  27%  81.9M   451n  n/a
   3   5f |   7 1.0   19    10M  169  478  73%    10M |  99.9   ovl   1   27  2.63M   27    9  25%  81.9M   -69n  n/a
   3   60 |   7 1.0   19    11M  209  472  69%    10M |  99.9   ovl   1   27  2.86M   27   11  28%  81.9M   -40n  n/a
   3   61 |   7 1.0   19    10M  170  495  74%    10M |  99.9   ovl   1   27  2.71M   28   13  31%  81.9M   -54n  n/a
   3   62 |   7 1.0   19    11M  188  422  69%    10M |  99.9   ovl   1   27  3.00M   31   11  26%  81.9M  -196n  n/a
   3   63 |   7 1.0   19    11M  170  529  75%    10M |  99.9   ovl   1   27  2.99M   29   12  29%  81.9M  -121n  n/a
   4   64 |   7 1.0   19   4.6M   95  684  87%    10M |  99.9   n/a   1   27   662k    8   10  55%  81.9M    n/a  n/a
   4   65 |   7 1.0   19   4.6M   95  669  87%    10M |  99.9   ovl   1   27   586k    7   10  58%  81.9M   766n  n/a
   4   66 |   7 1.0   19   4.4M   86  779  90%    10M |  99.9   ovl   1   27   764k    9   13  59%  81.9M  -640n  n/a
   4   67 |   7 1.0   19   4.8M   91  646  87%    10M |  99.9   ovl   1   27   778k    9   11  55%  81.9M  -624n  n/a
   4   68 |   7 1.0   19   4.5M   91  676  88%    10M |  99.9   ovl   1   27   598k    7    9  56%  81.9M  -836n  n/a
   4   69 |   7 1.0   19   4.9M   95  613  86%    10M |  99.9   ovl   1   27   969k   11   10  47%  81.9M   896n  n/a
   4   6a |   7 1.0   19   4.6M   92  748  89%    10M |  99.9   ovl   1   27   570k    7   12  63%  81.9M   403n  n/a
   4   6b |   7 1.0   19   4.9M   83  641  88%    10M |  99.9   ovl   1   27   606k    7   13  65%  81.9M    50n  n/a
   0   44 |   7 1.0   19   8.9M  155  560  78%    10M |  99.9   ovl   1   27  1.10M   10   19  65%  81.9M  -606n  n/a
   0   45 |   7 1.0   19   7.9M  129  584  81%    10M |  99.9   ovl   1   27  1.47M   13   16  55%  81.9M  -422n  n/a
   0   46 |   7 1.0   19   8.8M  161  553  77%    10M |  99.9   n/a   1   27  1.68M   16   13  44%  81.9M    n/a  n/a
   0   47 |   7 1.0   19   8.1M  137  525  79%    10M |  99.9   ovl   1   27  1.50M   13   20  60%  81.9M    36n  n/a
   0   48 |   7 1.0   19   8.6M  152  576  79%    10M |  99.9   ovl   1   27  1.07M   11   16  59%  81.9M    36n  n/a
   0   49 |   7 1.0   19   7.8M  135  503  78%    10M |  99.9   n/a   1   27  1.56M   15   13  46%  81.9M    n/a  n/a
   0   4a |   7 1.0   19   8.5M  140  586  80%    10M |  99.9   ovl   1   27   541k    5   16  76%  81.9M  -701n  n/a
   0   4b |   7 1.0   19   8.1M  136  513  79%    10M |  99.9   ovl   1   27  1.28M   13   15  53%  81.9M   213n  n/a
   1   4c |   7 1.0   18   9.8M   97  302  75%    10M |  99.9   ovl   1   27  2.18M   11    4  26%  81.9M   921n  n/a
   1   4d |   7 1.0   18   9.0M   79  356  81%    10M |  99.9   n/a   1   27  1.81M    9   10  52%  81.9M    n/a  n/a
   1   4e |   7 1.0   18   9.3M   91  370  80%    10M |  99.9   n/a   1   27  1.98M   10    7  41%  81.9M    n/a  n/a
   1   4f |   7 1.0   18   8.1M   82  386  82%    10M |  99.9   n/a   1   27  1.63M    8    9  52%  81.9M    n/a  n/a
   1   50 |   7 1.0   18   9.1M   93  346  78%    10M |  99.9   n/a   1   27  1.80M    9   10  52%  81.9M    n/a  n/a
   1   51 |   7 1.0    0      0    0    0   0%    10M |   n/a   n/a   1    0      0    0    0   0%  81.9M    n/a  n/a
   1   52 |   7 1.0   18   9.7M  100  291  74%    10M |  99.9   ovl   1   27  2.79M   14    6  30%  81.9M   -93n  n/a
   1   53 |   7 1.0   18   8.9M   80  389  82%    10M |  99.9   ovl   1   27  3.43M   17    9  34%  81.9M   897n  n/a
   2   54 |   7 1.0   19   8.0M  176  627  78%    10M |  99.9   n/a   1   27   958k   12   18  60%  81.9M    n/a  n/a
   2   55 |   7 1.0   19   7.8M  172  524  75%    10M |  99.9   n/a   1   27  1.13M   15   16  51%  81.9M    n/a  n/a
   2   56 |   7 1.0   19   7.9M  173  592  77%    10M |  99.9   n/a   1   27  1000k   13   16  55%  81.9M    n/a  n/a
   2   57 |   7 1.0   19   8.0M  166  572  77%    10M |  99.9   n/a   1   27  1.31M   17   17  50%  81.9M    n/a  n/a
   2   58 |   7 1.0   19   8.1M  178  653  78%    10M |  99.9   n/a   1   27  1.38M   16   14  46%  81.9M    n/a  n/a
   2   59 |   7 1.0   19   7.9M  174  574  76%    10M |  99.9   n/a   1   27  1.10M   14   18  56%  81.9M    n/a  n/a
   2   5a |   7 1.0   19   8.4M  192  508  72%    10M |  99.9   n/a   1   27  1.16M   14   16  53%  81.9M    n/a  n/a
   2   5b |   7 1.0   19   7.9M  169  520  75%    10M |  99.9   n/a   1   27   922k   13   16  55%  81.9M    n/a  n/a
   3   5c |   7 1.0   19   9.6M  167  625  78%    10M |  99.9   ovl   1   27  1.34M   14   18  56%  81.9M  -327n  n/a
   3   5d |   7 1.0   19   8.9M  151  576  79%    10M |  99.9   ovl   1   27  1.88M   18   16  47%  81.9M   256n  n/a
   3   5e |   7 1.0   19   9.3M  161  561  77%    10M |  99.9   ovl   1   27  1.65M   16   19  54%  81.9M  -110n  n/a
   3   5f |   7 1.0   19   9.0M  154  519  77%    10M |  99.9   ovl   1   27  2.22M   22   18  45%  81.9M   304n  n/a
   3   60 |   7 1.0   19   9.0M  161  617  79%    10M |  99.9   ovl   1   27  1.65M   17   18  51%  81.9M  -171n  n/a
   3   61 |   7 1.0   19   9.2M  153  540  77%    10M |  99.9   ovl   1   27  1.46M   16   18  52%  81.9M   218n  n/a
   3   62 |   7 1.0   19   9.5M  166  547  76%    10M |  99.9   ovl   1   27  1.64M   17   19  52%  81.9M   -91n  n/a
   3   63 |   7 1.0   19   9.1M  152  566  78%    10M |  99.9   ovl   1   27  1.19M   12   20  62%  81.9M    23n  n/a

          |--------------------DL---------------------|-------------------------------UL-----------------------------
 pci rnti | cqi  ri  mcs  brate   ok  nok  (%)  dl_bs | pusch  rsrp  ri  mcs  brate   ok  nok  (%)    bsr     ta  phr
   4   64 |   7 1.0   19   7.1M  149  616  80%    10M |  99.9   n/a   1   27  1.43M   16   14  46%  81.9M    n/a  n/a
   4   65 |   7 1.0   19   7.5M  140  523  78%    10M |  99.9   n/a   1   27   778k   10   18  64%  81.9M    n/a  n/a
   4   66 |   7 1.0   19   7.5M  137  585  81%    10M |  99.9   n/a   1   27  1.60M   17   14  45%  81.9M    n/a  n/a
   4   67 |   7 1.0   19   7.6M  134  532  79%    10M |  99.9   n/a   1   27  1.74M   20   15  42%  81.9M    n/a  n/a
   4   68 |   7 1.0   19   6.6M  128  575  81%    10M |  99.9   n/a   1   27   988k   12   19  61%  81.9M    n/a  n/a
   4   69 |   7 1.0   19   7.3M  143  538  79%    10M |  99.9   n/a   1   27   988k   11   13  54%  81.9M    n/a  n/a
   4   6a |   7 1.0   19   7.5M  151  638  80%    10M |  99.9   n/a   1   27  1.17M   13   19  59%  81.9M    n/a  n/a
   4   6b |   7 1.0   19   7.6M  151  553  78%    10M |  99.9   n/a   1   27  1.29M   14   17  54%  81.9M    n/a  n/a
   0   44 |   7 1.0   19   8.3M  146  609  80%    10M |  99.9   ovl   1   27  1.73M   16   12  42%  81.9M  -377n  n/a
   0   45 |   7 1.0   19   8.4M  143  444  75%    10M |  99.9   ovl   1   27  1.57M   15   14  48%  81.9M   465n  n/a
   0   46 |   7 1.0   19   8.3M  155  594  79%    10M |  99.9   ovl   1   27  1.22M   12   14  53%  81.9M   -64n  n/a
   0   47 |   7 1.0   19   8.6M  150  497  76%    10M |  99.9   ovl   1   27  1.15M   11   13  54%  81.9M  -148n  n/a
   0   48 |   7 1.0   19   8.1M  142  597  80%    10M |  99.9   ovl   1   27  1.29M   13   16  55%  81.9M    77n  n/a
   0   49 |   7 1.0   19   8.8M  152  518  77%    10M |  99.9   ovl   1   27  1.16M   12   16  57%  81.9M  -471n  n/a
   0   4a |   7 1.0   19   8.4M  153  591  79%    10M |  99.9   ovl   1   27  1.63M   16   16  50%  81.9M    54n  n/a
   0   4b |   7 1.0   19   8.7M  144  550  79%    10M |  99.9   ovl   1   27  1.15M   11   13  54%  81.9M  -181n  n/a
   1   4c |   7 1.0   18   7.0M   77  307  79%    10M |  99.9   n/a   1   27   603k    3    5  62%  81.9M    n/a  n/a
   1   4d |   7 1.0   18   7.4M   83  301  78%    10M |  99.9   ovl   1   27  1.62M    8   11  57%  81.9M   491n  n/a
   1   4e |   7 1.0   18   7.2M   80  362  81%    10M |  99.9   ovl   1   27  1.00M    5   10  66%  81.9M   872n  n/a
   1   4f |   7 1.0   18   7.0M   84  345  80%    10M |  99.9   n/a   1   27   599k    3    6  66%  81.9M    n/a  n/a
   1   50 |   7 1.0   18   7.2M   76  317  80%    10M |  99.9   n/a   1   27  2.80M   14    8  36%  81.9M    n/a  n/a
   1   51 |   7 1.0    0      0    0    0   0%    10M |   n/a   n/a   1    0      0    0    0   0%  81.9M    n/a  n/a
   1   52 |   7 1.0   18   6.8M   64  343  84%    10M |  99.9   n/a   1   27  2.39M   12   15  55%  81.9M    n/a  n/a
   1   53 |   7 1.0   18   6.9M   79  335  80%    10M |  99.9   ovl   1   27  1.21M    6    5  45%  81.9M   390n  n/a
   2   54 |   7 1.0   19   6.1M  141  617  81%    10M |  99.9   ovl   1   27  1.15M   15   17  53%  81.9M   395n  n/a
   2   55 |   7 1.0   19   6.5M  140  545  79%    10M |  99.9   ovl   1   27  1.41M   18   15  45%  81.9M  -732n  n/a
   2   56 |   7 1.0   19   6.2M  148  667  81%    10M |  99.9   ovl   1   27  1.29M   17   16  48%  81.9M   499n  n/a
   2   57 |   7 1.0   19   6.4M  144  577  80%    10M |  99.9   ovl   1   27   841k   11   14  56%  81.9M  -764n  n/a
   2   58 |   7 1.0   19   6.6M  154  629  80%    10M |  99.9   ovl   1   27  1.28M   16   16  50%  81.9M   -23n  n/a
   2   59 |   7 1.0   19   6.7M  147  544  78%    10M |  99.9   ovl   1   27  1.52M   19   16  45%  81.9M  -587n  n/a
   2   5a |   7 1.0   19   6.1M  147  623  80%    10M |  99.9   ovl   1   27  1.12M   14   16  53%  81.9M   103n  n/a
   2   5b |   7 1.0   19   6.5M  143  597  80%    10M |  99.9   ovl   1   27  1.33M   17   15  46%  81.9M   630n  n/a
   3   5c |   7 1.0   19   8.3M  149  558  78%    10M |  99.9   ovl   1   27  1.57M   15   11  42%  81.9M   355n  n/a
   3   5d |   7 1.0   19   7.8M  135  588  81%    10M |  99.9   ovl   1   27  1.04M   11   15  57%  81.9M  -412n  n/a
   3   5e |   7 1.0   19   8.4M  150  591  79%    10M |  99.9   ovl   1   27  1.68M   16   13  44%  81.9M  -295n  n/a
   3   5f |   7 1.0   19   8.4M  133  526  79%    10M |  99.9   ovl   1   27  1.70M   17    9  34%  81.9M  -951n  n/a
   3   60 |   7 1.0   19   8.3M  165  565  77%    10M |  99.9   ovl   1   27  1.47M   14   13  48%  81.9M   132n  n/a
   3   61 |   7 1.0   19   8.0M  130  568  81%    10M |  99.9   ovl   1   27  1.09M   11   13  54%  81.9M   668n  n/a
   3   62 |   7 1.0   19   7.9M  147  582  79%    10M |  99.9   ovl   1   27  1.61M   17   12  41%  81.9M  -423n  n/a
   3   63 |   7 1.0   19   8.3M  140  589  80%    10M |  99.9   ovl   1   27  1.57M   16   14  46%  81.9M  -415n  n/a
   4   64 |   7 1.0   19   6.6M  132  596  81%    10M |  99.9   ovl   1   27   949k   11   16  59%  81.9M   899n  n/a
   4   65 |   7 1.0   19   6.5M  126  613  82%    10M |  99.9   n/a   1   27   789k    8   14  63%  81.9M    n/a  n/a
   4   66 |   7 1.0   19   6.8M  136  695  83%    10M |  99.9   n/a   1   27   676k    7   18  72%  81.9M    n/a  n/a
   4   67 |   7 1.0   19   6.2M  119  600  83%    10M |  99.9   n/a   1   27  1.02M   12   14  53%  81.9M    n/a  n/a
   4   68 |   7 1.0   19   6.3M  133  681  83%    10M |  99.9   ovl   1   27   957k   10   15  60%  81.9M   751n  n/a
   4   69 |   7 1.0   19   6.5M  125  612  83%    10M |  99.9   n/a   1   27  1.00M   10   16  61%  81.9M    n/a  n/a
   4   6a |   7 1.0   19   6.8M  133  611  82%    10M |  99.9   n/a   1   27   824k    9   14  60%  81.9M    n/a  n/a
   4   6b |   7 1.0   19   6.5M  121  591  83%    10M |  99.9   n/a   1   27  1.10M   11   16  59%  81.9M    n/a  n/a
   0   44 |   7 1.0   19   7.4M  137  588  81%    10M |  99.9   n/a   1   27  1.01M   10   16  61%  81.9M    n/a  n/a
   0   45 |   7 1.0   19   7.8M  126  508  80%    10M |  99.9   n/a   1   27   949k   10   21  67%  81.9M    n/a  n/a
   0   46 |   7 1.0   19   7.3M  125  566  81%    10M |  99.9   n/a   1   27  1.50M   16   19  54%  81.9M    n/a  n/a
   0   47 |   7 1.0   19   7.9M  135  559  80%    10M |  99.9   ovl   1   27  1.52M   15   20  57%  81.9M   -66n  n/a
   0   48 |   7 1.0   19   6.9M  119  611  83%    10M |  99.9   n/a   1   27  1.07M   11   19  63%  81.9M    n/a  n/a
   0   49 |   7 1.0   19   7.7M  134  536  80%    10M |  99.9   n/a   1   27  1.26M   13   23  63%  81.9M    n/a  n/a
   0   4a |   7 1.0   19   7.2M  132  589  81%    10M |  99.9   n/a   1   27  1.62M   18   18  50%  81.9M    n/a  n/a
   0   4b |   7 1.0   19   7.8M  135  544  80%    10M |  99.9   n/a   1   27  1.51M   16   18  52%  81.9M    n/a  n/a
   1   4c |   7 1.0   18   7.5M   72  368  83%    10M |  99.9   n/a   1   27   193k    1    7  87%  81.9M    n/a  n/a
   1   4d |   7 1.0   18   7.9M   84  337  80%    10M |  99.9   n/a   1   27   590k    3    9  75%  81.9M    n/a  n/a
   1   4e |   7 1.0   18   7.8M   76  434  85%    10M |  99.9   n/a   1   27   193k    1    9  90%  81.9M    n/a  n/a
   1   4f |   7 1.0   18   8.3M  103  347  77%    10M |  99.9   n/a   1   27   996k    5    8  61%  81.9M    n/a  n/a
   1   50 |   7 1.0   18   7.0M   77  368  82%    10M |  99.9   n/a   1   27  1.41M    7    9  56%  81.9M    n/a  n/a
   1   51 |   7 1.0    0      0    0    0   0%    10M |   n/a   n/a   1    0      0    0    0   0%  81.9M    n/a  n/a
   1   52 |   7 1.0   18   8.0M   76  372  83%    10M |  99.9   n/a   1   27   992k    5    9  64%  81.9M    n/a  n/a
   1   53 |   7 1.0   18   8.5M   97  341  77%    10M |  99.9   n/a   1   27  1.41M    7    9  56%  81.9M    n/a  n/a
   2   54 |   7 1.0   19   7.0M  161  601  78%    10M |  99.9   n/a   1   27  1.02M   13   19  59%  81.9M    n/a  n/a
   2   55 |   7 1.0   19   7.3M  155  531  77%    10M |  99.9   n/a   1   27  1.26M   17   15  46%  81.9M    n/a  n/a
   2   56 |   7 1.0   19   7.8M  175  568  76%    10M |  99.9   n/a   1   27  1.91M   24   20  45%  81.9M    n/a  n/a
   2   57 |   7 1.0   19   7.3M  152  523  77%    10M |  99.9   n/a   1   27  1.23M   15   17  53%  81.9M    n/a  n/a
   2   58 |   7 1.0   19   8.3M  187  481  72%    10M |  99.9   n/a   1   27  1.48M   18   19  51%  81.9M    n/a  n/a
   2   59 |   7 1.0   19   7.3M  151  546  78%    10M |  99.9   n/a   1   27  1.12M   15   19  55%  81.9M    n/a  n/a
   2   5a |   7 1.0   19   6.9M  157  672  81%    10M |  99.9   n/a   1   27  1.14M   15   17  53%  81.9M    n/a  n/a
   2   5b |   7 1.0   19   7.1M  149  557  78%    10M |  99.9   n/a   1   27  1.57M   18   18  50%  81.9M    n/a  n/a
   3   5c |   7 1.0   19    11M  193  501  72%    10M |  99.9   ovl   1   27  2.41M   25   14  35%  81.9M    -1u  n/a
   3   5d |   7 1.0   19   9.9M  159  494  75%    10M |  99.9   ovl   1   27  3.35M   33   18  35%  81.9M   750n  n/a
   3   5e |   7 1.0   19    10M  180  550  75%    10M |  99.9   n/a   1   27  2.64M   26   13  33%  81.9M    n/a  n/a
   3   5f |   7 1.0   19    10M  162  471  74%    10M |  99.9   ovl   1   27  2.32M   23   16  41%  81.9M   813n  n/a
   3   60 |   7 1.0   19    11M  197  463  70%    10M |  99.9   n/a   1   27  2.11M   22   13  37%  81.9M    n/a  n/a
   3   61 |   7 1.0   19   9.9M  162  536  76%    10M |  99.9   ovl   1   27  3.35M   33   14  29%  81.9M  -892n  n/a
   3   62 |   7 1.0   19    11M  199  454  69%    10M |  99.9   ovl   1   27  2.68M   28   18  39%  81.9M  -553n  n/a
   3   63 |   7 1.0   19   9.9M  163  546  77%    10M |  99.9   n/a   1   27  2.56M   26   13  33%  81.9M    n/a  n/a
   4   64 |   7 1.0   19   9.0M  179  553  75%    10M |  99.9   ovl   1   27  1.54M   20   15  42%  81.9M   195n  n/a
   4   65 |   7 1.0   19   9.2M  164  524  76%    10M |  99.9   ovl   1   27  1.82M   21   15  41%  81.9M  -480n  n/a
   4   66 |   7 1.0   19   9.0M  179  632  77%    10M |  99.9   ovl   1   27  1.53M   18   20  52%  81.9M   516n  n/a
   4   67 |   7 1.0   19   9.2M  179  524  74%    10M |  99.9   ovl   1   27  1.64M   19   13  40%  81.9M   127n  n/a
   4   68 |   7 1.0   19   9.5M  191  544  74%    10M |  99.9   ovl   1   27  1.72M   20   13  39%  81.9M  -592n  n/a
   4   69 |   7 1.0   19   9.3M  176  519  74%    10M |  99.9   ovl   1   27  1.70M   18   13  41%  81.9M  -244n  n/a
   4   6a |   7 1.0   19   9.2M  168  536  76%    10M |  99.9   ovl   1   27  1.16M   14   15  51%  81.9M  -176n  n/a
   4   6b |   7 1.0   19   9.4M  180  521  74%    10M |  99.9   ovl   1   27   986k   12   20  62%  81.9M  -791n  n/a

          |--------------------DL---------------------|-------------------------------UL-----------------------------
 pci rnti | cqi  ri  mcs  brate   ok  nok  (%)  dl_bs | pusch  rsrp  ri  mcs  brate   ok  nok  (%)    bsr     ta  phr
   0   44 |   7 1.0   19    11M  196  442  69%    10M |  99.9   n/a   1   27  3.37M   35   13  27%  81.9M    n/a  n/a
   0   45 |   7 1.0   19    11M  188  440  70%    10M |  99.9   n/a   1   27  2.56M   26   14  35%  81.9M    n/a  n/a
   0   46 |   7 1.0   19    11M  197  448  69%    10M |  99.9   ovl   1   27  1.84M   19   17  47%  81.9M   263n  n/a
   0   47 |   7 1.0   19    11M  185  451  70%    10M |  99.9   n/a   1   27  2.23M   23   10  30%  81.9M    n/a  n/a
   0   48 |   7 1.0   19    11M  186  509  73%    10M |  99.9   n/a   1   27  1.54M   16   18  52%  81.9M    n/a  n/a
   0   49 |   7 1.0   19    11M  188  414  68%    10M |  99.9   n/a   1   27  2.33M   23   11  32%  81.9M    n/a  n/a
   0   4a |   7 1.0   19    11M  197  493  71%    10M |  99.9   n/a   1   27  3.20M   32   15  31%  81.9M    n/a  n/a
   0   4b |   7 1.0   19    12M  190  442  69%    10M |  99.9   n/a   1   27  2.70M   29   17  36%  81.9M    n/a  n/a
   1   4c |   7 1.0   18   8.2M   93  275  74%    10M |  99.9   n/a   1   27  1.39M    7   16  69%  81.9M    n/a  n/a
   1   4d |   7 1.0   18   7.8M   83  270  76%    10M |  99.9   n/a   1   27   594k    3   14  82%  81.9M    n/a  n/a
   1   4e |   7 1.0   18   8.3M   87  288  76%    10M |  99.9   n/a   1   27   586k    3    8  72%  81.9M    n/a  n/a
   1   4f |   7 1.0   18   8.2M   83  288  77%    10M |  99.9   n/a   1   27  1.18M    6    9  60%  81.9M    n/a  n/a
   1   50 |   7 1.0   18   8.3M   84  284  77%    10M |  99.9   n/a   1   27   599k    3   10  76%  81.9M    n/a  n/a
   1   51 |   7 1.0    0      0    0    0   0%    10M |   n/a   n/a   1    0      0    0    0   0%  81.9M    n/a  n/a
   1   52 |   7 1.0   18   8.7M   84  236  73%    10M |  99.9   n/a   1   27   992k    5   11  68%  81.9M    n/a  n/a
   1   53 |   7 1.0   18   8.1M   88  303  77%    10M |  99.9   n/a   1   27   586k    3   10  76%  81.9M    n/a  n/a
   2   54 |   7 1.0   19   7.8M  181  562  75%    10M |  99.9   n/a   1   27  1.46M   20   16  44%  81.9M    n/a  n/a
   2   55 |   7 1.0   19   7.7M  165  477  74%    10M |  99.9   n/a   1   27  1.09M   13   18  58%  81.9M    n/a  n/a
   2   56 |   7 1.0   19   7.3M  160  647  80%    10M |  99.9   n/a   1   27  1.64M   21   17  44%  81.9M    n/a  n/a
   2   57 |   7 1.0   19   8.0M  172  501  74%    10M |  99.9   n/a   1   27  1.06M   13   19  59%  81.9M    n/a  n/a
   2   58 |   7 1.0   19   8.2M  190  594  75%    10M |  99.9   n/a   1   27  1.34M   17   22  56%  81.9M    n/a  n/a
   2   59 |   7 1.0   19   8.0M  162  548  77%    10M |  99.9   n/a   1   27   998k   14   22  61%  81.9M    n/a  n/a
   2   5a |   7 1.0   19   7.6M  173  563  76%    10M |  99.9   n/a   1   27  1.07M   13   21  61%  81.9M    n/a  n/a
   2   5b |   7 1.0   19   7.9M  160  469  74%    10M |  99.9   n/a   1   27  1.31M   17   18  51%  81.9M    n/a  n/a
   3   5c |   7 1.0   19   8.2M  143  596  80%    10M |  99.9   n/a   1   27   885k    8   23  74%  81.9M    n/a  n/a
   3   5d |   7 1.0   19   8.5M  137  595  81%    10M |  99.9   n/a   1   27   938k    9   18  66%  81.9M    n/a  n/a
   3   5e |   7 1.0   19   7.9M  138  652  82%    10M |  99.9   n/a   1   27  1.37M   13   21  61%  81.9M    n/a  n/a
   3   5f |   7 1.0   19   8.1M  137  567  80%    10M |  99.9   n/a   1   27   621k    6   23  79%  81.9M    n/a  n/a
   3   60 |   7 1.0   19   8.6M  152  621  80%    10M |  99.9   n/a   1   27  1.01M   10   22  68%  81.9M    n/a  n/a
   3   61 |   7 1.0   19   8.1M  140  553  79%    10M |  99.9   ovl   1   27  1.27M   13   20  60%  81.9M  -620n  n/a
   3   62 |   7 1.0   19   7.9M  146  626  81%    10M |  99.9   n/a   1   27   869k    9   22  70%  81.9M    n/a  n/a
   3   63 |   7 1.0   19   8.3M  138  565  80%    10M |  99.9   n/a   1   27  1.26M   13   18  58%  81.9M    n/a  n/a
   4   64 |   7 1.0   19   8.0M  156  633  80%    10M |  99.9   n/a   1   27  1.61M   18   18  50%  81.9M    n/a  n/a
   4   65 |   7 1.0   19   8.3M  157  517  76%    10M |  99.9   n/a   1   27  1.06M   10   21  67%  81.9M    n/a  n/a
   4   66 |   7 1.0   19   8.2M  165  606  78%    10M |  99.9   n/a   1   27  1.31M   15   20  57%  81.9M    n/a  n/a
   4   67 |   7 1.0   19   8.2M  147  542  78%    10M |  99.9   n/a   1   27  1.33M   15   20  57%  81.9M    n/a  n/a
   4   68 |   7 1.0   19   7.8M  153  681  81%    10M |  99.9   n/a   1   27  1.62M   18   15  45%  81.9M    n/a  n/a
   4   69 |   7 1.0   19   8.2M  152  510  77%    10M |  99.9   n/a   1   27  1.24M   13   20  60%  81.9M    n/a  n/a
   4   6a |   7 1.0   19   8.2M  167  596  78%    10M |  99.9   n/a   1   27   713k    8   23  74%  81.9M    n/a  n/a
   4   6b |   7 1.0   19   8.1M  151  544  78%    10M |  99.9   n/a   1   27  1.06M   12   25  67%  81.9M    n/a  n/a
   0   44 |   7 1.0   19   8.0M  135  547  80%    10M |  99.9   ovl   1   27  2.42M   25   13  34%  81.9M  -285n  n/a
   0   45 |   7 1.0   19   8.6M  147  525  78%    10M |  99.9   ovl   1   27  1.63M   16   14  46%  81.9M   -66n  n/a
   0   46 |   7 1.0   19   8.2M  136  531  79%    10M |  99.9   ovl   1   27  2.09M   21   17  44%  81.9M   115n  n/a
   0   47 |   7 1.0   19   8.5M  143  509  78%    10M |  99.9   ovl   1   27  2.30M   23   12  34%  81.9M  -382n  n/a
   0   48 |   7 1.0   19   9.1M  159  485  75%    10M |  99.9   n/a   1   27  1.99M   20   14  41%  81.9M    n/a  n/a
   0   49 |   7 1.0   19   8.7M  147  480  76%    10M |  99.9   n/a   1   27  2.08M   20   15  42%  81.9M    n/a  n/a
   0   4a |   7 1.0   19   8.1M  146  548  78%    10M |  99.9   n/a   1   27  1.45M   14   16  53%  81.9M    n/a  n/a
   0   4b |   7 1.0   19   8.6M  149  489  76%    10M |  99.9   n/a   1   27  1.20M   12   16  57%  81.9M    n/a  n/a
   1   4c |   7 1.0   18   6.4M   53  394  88%    10M |  99.9   n/a   1   27   598k    3   10  76%  81.9M    n/a  n/a
   1   4d |   7 1.0   18   7.1M   72  379  84%    10M |  99.9   n/a   1   27   603k    3   10  76%  81.9M    n/a  n/a
   1   4e |   7 1.0   18   6.5M   64  367  85%    10M |  99.9   n/a   1   27  1.37M    7   13  65%  81.9M    n/a  n/a
   1   4f |   7 1.0   18   6.3M   68  394  85%    10M |  99.9   n/a   1   27   586k    3   13  81%  81.9M    n/a  n/a
   1   50 |   7 1.0   18   6.9M   74  395  84%    10M |  99.9   n/a   1   27  1.21M    6   11  64%  81.9M    n/a  n/a
   1   51 |   7 1.0    0      0    0    0   0%    10M |   n/a   n/a   1    0      0    0    0   0%  81.9M    n/a  n/a
   1   52 |   7 1.0   18   6.8M   68  462  87%    10M |  99.9   n/a   1   27  1.19M    6   12  66%  81.9M    n/a  n/a
   1   53 |   7 1.0   18   6.7M   70  365  83%    10M |   n/a   n/a   1   27      0    0   11 100%  81.9M    n/a  n/a
   2   54 |   7 1.0   19   6.6M  155  665  81%    10M |  99.9   n/a   1   27   948k   13   18  58%  81.9M    n/a  n/a
   2   55 |   7 1.0   19   6.5M  140  540  79%    10M |  99.9   n/a   1   27   839k   10   17  62%  81.9M    n/a  n/a
   2   56 |   7 1.0   19   6.4M  149  647  81%    10M |  99.9   n/a   1   27  1.31M   15   17  53%  81.9M    n/a  n/a
   2   57 |   7 1.0   19   6.6M  139  560  80%    10M |  99.9   n/a   1   27   648k    8   18  69%  81.9M    n/a  n/a
   2   58 |   7 1.0   19   6.6M  154  604  79%    10M |  99.9   n/a   1   27  1.37M   18   15  45%  81.9M    n/a  n/a
   2   59 |   7 1.0   19   6.2M  139  597  81%    10M |  99.9   ovl   1   27  1.25M   16   16  50%  81.9M  -911n  n/a
   2   5a |   7 1.0   19   6.4M  134  651  82%    10M |  99.9   n/a   1   27   759k   10   19  65%  81.9M    n/a  n/a
   2   5b |   7 1.0   19   6.7M  138  547  79%    10M |  99.9   n/a   1   27   801k   10   16  61%  81.9M    n/a  n/a
   3   5c |   7 1.0   19   9.6M  159  605  79%    10M |  99.9   ovl   1   27  1.31M   14   15  51%  81.9M  -694n  n/a
   3   5d |   7 1.0   19   9.3M  159  567  78%    10M |  99.9   ovl   1   27  1.37M   13   19  59%  81.9M   579n  n/a
   3   5e |   7 1.0   19    10M  176  532  75%    10M |  99.9   ovl   1   27  1.25M   13   14  51%  81.9M   105n  n/a
   3   5f |   7 1.0   19   9.6M  155  479  75%    10M |  99.9   ovl   1   27  1.22M   12   16  57%  81.9M  -620n  n/a
   3   60 |   7 1.0   19   9.7M  176  559  76%    10M |  99.9   ovl   1   27  1.57M   16   14  46%  81.9M    66n  n/a
   3   61 |   7 1.0   19   9.2M  154  513  76%    10M |  99.9   ovl   1   27  1.67M   19   14  42%  81.9M  -854n  n/a
   3   62 |   7 1.0   19   9.4M  162  541  76%    10M |  99.9   ovl   1   27  1.82M   18   15  45%  81.9M   864n  n/a
   3   63 |   7 1.0   19   9.5M  161  538  76%    10M |  99.9   ovl   1   27  1.41M   13   19  59%  81.9M  -776n  n/a
   4   64 |   7 1.0   19   7.8M  154  577  78%    10M |  99.9   ovl   1   27  1.25M   14   16  53%  81.9M  -785n  n/a
   4   65 |   7 1.0   19   7.7M  141  571  80%    10M |  99.9   ovl   1   27   793k   10   19  65%  81.9M  -551n  n/a
   4   66 |   7 1.0   19   7.9M  159  662  80%    10M |  99.9   ovl   1   27   731k    9   21  70%  81.9M   -42n  n/a
   4   67 |   7 1.0   19   7.5M  146  572  79%    10M |  99.9   ovl   1   27   969k   11   19  63%  81.9M   894n  n/a
   4   68 |   7 1.0   19   7.8M  156  651  80%    10M |  99.9   ovl   1   27   986k   12   21  63%  81.9M    57n  n/a
   4   69 |   7 1.0   19   7.8M  146  599  80%    10M |  99.9   ovl   1   27   818k    8   17  68%  81.9M   766n  n/a
   4   6a |   7 1.0   19   7.7M  143  609  80%    10M |  99.9   ovl   1   27   670k    7   19  73%  81.9M    -1u  n/a
   4   6b |   7 1.0   19   7.9M  149  611  80%    10M |  99.9   ovl   1   27  1.27M   14   19  57%  81.9M   472n  n/a
   0   44 |   7 1.0   19   9.9M  169  547  76%    10M |  99.9   ovl   1   27  2.58M   26   13  33%  81.9M  -129n  n/a
   0   45 |   7 1.0   19    10M  169  406  70%    10M |  99.9   n/a   1   27  2.80M   29   13  30%  81.9M    n/a  n/a
   0   46 |   7 1.0   19    10M  173  505  74%    10M |  99.9   n/a   1   27  1.52M   17   13  43%  81.9M    n/a  n/a
   0   47 |   7 1.0   19    10M  160  410  71%    10M |  99.9   n/a   1   27  2.20M   23   13  36%  81.9M    n/a  n/a
   0   48 |   7 1.0   19    10M  159  511  76%    10M |  99.9   n/a   1   27  2.79M   28   15  34%  81.9M    n/a  n/a
   0   49 |   7 1.0   19    10M  179  458  71%    10M |  99.9   n/a   1   27  1.71M   18   11  37%  81.9M    n/a  n/a
   0   4a |   7 1.0   19    10M  176  455  72%    10M |  99.9   n/a   1   27  1.84M   18   14  43%  81.9M    n/a  n/a
   0   4b |   7 1.0   19    10M  171  443  72%    10M |  99.9   n/a   1   27  3.13M   30    9  23%  81.9M    n/a  n/a

          |--------------------DL---------------------|-------------------------------UL-----------------------------
 pci rnti | cqi  ri  mcs  brate   ok  nok  (%)  dl_bs | pusch  rsrp  ri  mcs  brate   ok  nok  (%)    bsr     ta  phr
   1   4c |   7 1.0   18   6.3M   65  609  90%    10M |  99.9   n/a   1   27   799k    4    9  69%  81.9M    n/a  n/a
   1   4d |   7 1.0   19   6.5M   58  505  89%    10M |  99.9   n/a   1   27   398k    2   10  83%  81.9M    n/a  n/a
   1   4e |   7 1.0   18   6.4M   60  451  88%    10M |  99.9   n/a   1   27   590k    3    8  72%  81.9M    n/a  n/a
   1   4f |   7 1.0   19   6.7M   58  513  89%    10M |  99.9   n/a   1   27   603k    3    7  70%  81.9M    n/a  n/a
   1   50 |   7 1.0   18   6.5M   60  583  90%    10M |  99.9   n/a   1   27   795k    4   10  71%  81.9M    n/a  n/a
   1   51 |   7 1.0    0      0    0    0   0%    10M |   n/a   n/a   1    0      0    0    0   0%  81.9M    n/a  n/a
   1   52 |   7 1.0   19   6.5M   52  479  90%    10M |  99.9   n/a   1   27   791k    4    8  66%  81.9M    n/a  n/a
   1   53 |   7 1.0   19   6.5M   59  504  89%    10M |  99.9   n/a   1   27   611k    3    8  72%  81.9M    n/a  n/a
   2   54 |   7 1.0   19  10.0M  228  467  67%    10M |  99.9   ovl   1   27  2.41M   30   15  33%  81.9M   -53n  n/a
   2   55 |   7 1.0   19   9.7M  206  458  68%    10M |  99.9   ovl   1   27  2.23M   29   14  32%  81.9M   -50n  n/a
   2   56 |   7 1.0   19   9.4M  218  457  67%    10M |  99.9   ovl   1   27  1.76M   23   14  37%  81.9M  -470n  n/a
   2   57 |   7 1.0   19   9.6M  219  516  70%    10M |  99.9   ovl   1   27  2.31M   29   15  34%  81.9M   223n  n/a
   2   58 |   7 1.0   19   9.6M  219  522  70%    10M |  99.9   ovl   1   27  2.19M   29   14  32%  81.9M  -274n  n/a
   2   59 |   7 1.0   19   9.3M  207  502  70%    10M |  99.9   ovl   1   27  2.21M   29   14  32%  81.9M  -272n  n/a
   2   5a |   7 1.0   19   9.6M  218  532  70%    10M |  99.9   ovl   1   27  2.42M   31   12  27%  81.9M  -119n  n/a
   2   5b |   7 1.0   19   9.2M  204  480  70%    10M |  99.9   ovl   1   27  2.55M   33   13  28%  81.9M  -407p  n/a
   3   5c |   7 1.0   19   7.5M  142  594  80%    10M |  99.9   ovl   1   27   711k    7   16  69%  81.9M    -1u  n/a
   3   5d |   7 1.0   19   7.7M  126  600  82%    10M |  99.9   ovl   1   27  1.09M   12   17  58%  81.9M  -620n  n/a
   3   5e |   7 1.0   19   8.0M  137  594  81%    10M |  99.9   n/a   1   27  1.60M   17   14  45%  81.9M    n/a  n/a
   3   5f |   7 1.0   19   7.4M  117  617  84%    10M |  99.9   ovl   1   27  1.24M   13   13  50%  81.9M  -620n  n/a
   3   60 |   7 1.0   19   7.7M  143  659  82%    10M |  99.9   n/a   1   27  1.38M   14   16  53%  81.9M    n/a  n/a
   3   61 |   7 1.0   19   7.1M  119  587  83%    10M |  99.9   ovl   1   27  1.21M   13   17  56%  81.9M    -1u  n/a
   3   62 |   7 1.0   19   7.8M  148  547  78%    10M |  99.9   ovl   1   27  1.30M   14   16  53%  81.9M   896n  n/a
   3   63 |   7 1.0   19   6.9M  112  592  84%    10M |  99.9   n/a   1   27   852k    8   14  63%  81.9M    n/a  n/a
   4   64 |   7 1.0   19   7.1M  145  607  80%    10M |  99.9   n/a   1   27   707k    8   15  65%  81.9M    n/a  n/a
   4   65 |   7 1.0   19   6.9M  128  531  80%    10M |  99.9   ovl   1   27  1.17M   12   19  61%  81.9M    -1u  n/a
   4   66 |   7 1.0   19   7.1M  144  676  82%    10M |  99.9   n/a   1   27  1.15M   12   16  57%  81.9M    n/a  n/a
   4   67 |   7 1.0   19   7.2M  136  622  82%    10M |  99.9   ovl   1   27  1.16M   13   18  58%  81.9M   766n  n/a
   4   68 |   7 1.0   19   7.0M  136  611  81%    10M |  99.9   ovl   1   27  1.12M   13   15  53%  81.9M  -858n  n/a
   4   69 |   7 1.0   19   7.0M  136  574  80%    10M |  99.9   n/a   1   27  1.22M   13   15  53%  81.9M    n/a  n/a
   4   6a |   7 1.0   19   7.0M  144  636  81%    10M |  99.9   n/a   1   27  1.43M   16   16  50%  81.9M    n/a  n/a
   4   6b |   7 1.0   19   6.8M  138  588  80%    10M |  99.9   n/a   1   27  1.13M   12   14  53%  81.9M    n/a  n/a
   0   44 |   7 1.0   19   7.9M  143  615  81%    10M |  99.9   ovl   1   27  1.87M   20   11  35%  81.9M   -36n  n/a
   0   45 |   7 1.0   19   7.8M  128  543  80%    10M |  99.9   ovl   1   27  1.33M   14   14  50%  81.9M    17n  n/a
   0   46 |   7 1.0   19   7.9M  140  622  81%    10M |  99.9   ovl   1   27  1.05M   11   15  57%  81.9M  -698n  n/a
   0   47 |   7 1.0   19   8.0M  137  557  80%    10M |  99.9   n/a   1   27  2.06M   21    7  25%  81.9M    n/a  n/a
   0   48 |   7 1.0   19   7.8M  144  541  78%    10M |  99.9   ovl   1   27  1.20M   11   13  54%  81.9M   -32n  n/a
   0   49 |   7 1.0   19   8.1M  130  546  80%    10M |  99.9   ovl   1   27  1.24M   13   18  58%  81.9M   -80n  n/a
   0   4a |   7 1.0   19   7.8M  128  624  82%    10M |  99.9   n/a   1   27  1.30M   13   19  59%  81.9M    n/a  n/a
   0   4b |   7 1.0   19   7.9M  136  575  80%    10M |  99.9   n/a   1   27  1.34M   14   15  51%  81.9M    n/a  n/a
   1   4c |   7 1.0   19   8.7M   80  475  85%    10M |  99.9   n/a   1   27   209k    1    7  87%  81.9M    n/a  n/a
   1   4d |   7 1.0   19   8.9M   78  430  84%    10M |  99.9   n/a   1   27  1.00M    5   12  70%  81.9M    n/a  n/a
   1   4e |   7 1.0   19   8.8M   82  448  84%    10M |  99.9   n/a   1   27   197k    1    9  90%  81.9M    n/a  n/a
   1   4f |   7 1.0   19   8.2M   74  460  86%    10M |  99.9   n/a   1   27   209k    1    7  87%  81.9M    n/a  n/a
   1   50 |   7 1.0   19   8.1M   75  497  86%    10M |  99.9   n/a   1   27  1.59M    8    8  50%  81.9M    n/a  n/a
   1   51 |   7 1.0    0      0    0    0   0%    10M |   n/a   n/a   1    0      0    0    0   0%  81.9M    n/a  n/a
   1   52 |   7 1.0   19   8.3M   73  461  86%    10M |  99.9   n/a   1   27  1.57M    8   10  55%  81.9M    n/a  n/a
   1   53 |   7 1.0   19   8.4M   75  420  84%    10M |  99.9   n/a   1   27  1.20M    6    7  53%  81.9M    n/a  n/a
   2   54 |   7 1.0   19   8.2M  182  584  76%    10M |  99.9   ovl   1   27  1.02M   13   17  56%  81.9M  -361n  n/a
   2   55 |   7 1.0   19   7.8M  172  548  76%    10M |  99.9   ovl   1   27  1.07M   14   19  57%  81.9M  -277n  n/a
   2   56 |   7 1.0   19   7.9M  175  550  75%    10M |  99.9   ovl   1   27  1.24M   18   16  47%  81.9M  -604n  n/a
   2   57 |   7 1.0   19   7.9M  171  526  75%    10M |  99.9   ovl   1   27   768k   10   16  61%  81.9M    -1u  n/a
   2   58 |   7 1.0   19   7.9M  178  579  76%    10M |  99.9   ovl   1   27  1.04M   15   16  51%  81.9M  -729n  n/a
   2   59 |   7 1.0   19   8.0M  165  518  75%    10M |  99.9   ovl   1   27  1.30M   16   15  48%  81.9M   639n  n/a
   2   5a |   7 1.0   19   7.9M  169  619  78%    10M |  99.9   ovl   1   27  1.31M   17   14  45%  81.9M  -415n  n/a
   2   5b |   7 1.0   19   8.0M  163  556  77%    10M |  99.9   ovl   1   27  1.03M   13   19  59%  81.9M   630n  n/a
   3   5c |   7 1.0   19   8.9M  153  628  80%    10M |  99.9   n/a   1   27  1.36M   13   22  62%  81.9M    n/a  n/a
   3   5d |   7 1.0   19   9.0M  153  545  78%    10M |  99.9   ovl   1   27  1.59M   16   18  52%  81.9M  -620n  n/a
   3   5e |   7 1.0   19   8.8M  155  584  79%    10M |  99.9   ovl   1   27   918k   10   21  67%  81.9M   896n  n/a
   3   5f |   7 1.0   19   8.7M  144  510  77%    10M |  99.9   n/a   1   27  1.74M   15   14  48%  81.9M    n/a  n/a
   3   60 |   7 1.0   19   9.0M  162  547  77%    10M |  99.9   n/a   1   27   937k    9   19  67%  81.9M    n/a  n/a
   3   61 |   7 1.0   19   8.8M  146  537  78%    10M |  99.9   n/a   1   27  2.00M   20   19  48%  81.9M    n/a  n/a
   3   62 |   7 1.0   19   8.8M  150  600  80%    10M |  99.9   n/a   1   27  1.16M   11   19  63%  81.9M    n/a  n/a
   3   63 |   7 1.0   19   8.7M  137  559  80%    10M |  99.9   ovl   1   27  2.10M   21   16  43%  81.9M    -1u  n/a
   4   64 |   7 1.0   19   7.7M  165  674  80%    10M |  99.9   ovl   1   27  1.72M   19   20  51%  81.9M   495n  n/a
   4   65 |   7 1.0   19   7.9M  147  583  79%    10M |  99.9   ovl   1   27  1.63M   19   19  50%  81.9M   830n  n/a
   4   66 |   7 1.0   19   7.8M  156  547  77%    10M |  99.9   ovl   1   27  1.86M   22   20  47%  81.9M   395n  n/a
   4   67 |   7 1.0   19   7.7M  138  551  79%    10M |  99.9   ovl   1   27  1.54M   18   19  51%  81.9M  -831n  n/a
   4   68 |   7 1.0   19   8.0M  165  650  79%    10M |  99.9   ovl   1   27   684k    8   24  75%  81.9M   283n  n/a
   4   69 |   7 1.0   19   7.8M  143  574  80%    10M |  99.9   ovl   1   27  1.30M   15   22  59%  81.9M  -708n  n/a
   4   6a |   7 1.0   19   8.2M  157  584  78%    10M |  99.9   ovl   1   27  1.26M   14   18  56%  81.9M  -391n  n/a
   4   6b |   7 1.0   19   7.7M  148  534  78%    10M |  99.9   ovl   1   27  1.53M   18   19  51%  81.9M   136n  n/a
   0   44 |   7 1.0   19   9.7M  178  523  74%    10M |  99.9   ovl   1   27  1.77M   19    9  32%  81.9M  -118n  n/a
   0   45 |   7 1.0   19    10M  171  513  75%    10M |  99.9   n/a   1   27  1.68M   19   14  42%  81.9M    n/a  n/a
   0   46 |   7 1.0   19   9.7M  167  576  77%    10M |  99.9   ovl   1   27  1.57M   15   16  51%  81.9M  -106n  n/a
   0   47 |   7 1.0   19    11M  165  468  73%    10M |  99.9   n/a   1   27  2.87M   30   11  26%  81.9M    n/a  n/a
   0   48 |   7 1.0   19    10M  184  536  74%    10M |  99.9   ovl   1   27  2.28M   23   15  39%  81.9M  -224n  n/a
   0   49 |   7 1.0   19    10M  170  477  73%    10M |  99.9   n/a   1   27  3.13M   32    8  20%  81.9M    n/a  n/a
   0   4a |   7 1.0   19    11M  189  529  73%    10M |  99.9   ovl   1   27  2.02M   21   12  36%  81.9M  -129n  n/a
   0   4b |   7 1.0   19  10.0M  165  477  74%    10M |  99.9   ovl   1   27  1.85M   19   12  38%  81.9M  -425n  n/a
   1   4c |   7 1.0   19   8.0M   70  410  85%    10M |  99.9   ovl   1   27   582k    3    8  72%  81.9M   897n  n/a
   1   4d |   7 1.0   19   8.2M   78  387  83%    10M |  99.9   n/a   1   27   988k    5    8  61%  81.9M    n/a  n/a
   1   4e |   7 1.0   19   8.3M   72  395  84%    10M |  99.9   ovl   1   27  1.41M    7    9  56%  81.9M  -234n  n/a
   1   4f |   7 1.0   19   8.0M   70  449  86%    10M |  99.9   n/a   1   27  1.21M    6   10  62%  81.9M    n/a  n/a
   1   50 |   7 1.0   19   8.2M   74  473  86%    10M |  99.9   n/a   1   27   996k    5    8  61%  81.9M    n/a  n/a
   1   51 |   7 1.0    0      0    0    0   0%    10M |   n/a   n/a   1    0      0    0    0   0%  81.9M    n/a  n/a
   1   52 |   7 1.0   19   8.3M   74  459  86%    10M |  99.9   n/a   1   27  1.38M    7    9  56%  81.9M    n/a  n/a
   1   53 |   7 1.0   19   8.3M   73  419  85%    10M |  99.9   n/a   1   27   996k    5    8  61%  81.9M    n/a  n/a

          |--------------------DL---------------------|-------------------------------UL-----------------------------
 pci rnti | cqi  ri  mcs  brate   ok  nok  (%)  dl_bs | pusch  rsrp  ri  mcs  brate   ok  nok  (%)    bsr     ta  phr
   2   54 |   7 1.0   19   6.7M  150  630  80%    10M |  99.9   n/a   1   27   912k   12   22  64%  81.9M    n/a  n/a
   2   55 |   7 1.0   19   6.7M  150  580  79%    10M |  99.9   n/a   1   27   893k   10   21  67%  81.9M    n/a  n/a
   2   56 |   7 1.0   19   6.5M  141  650  82%    10M |  99.9   n/a   1   27  1.37M   18   23  56%  81.9M    n/a  n/a
   2   57 |   7 1.0   19   6.7M  144  567  79%    10M |  99.9   n/a   1   27  1.11M   15   20  57%  81.9M    n/a  n/a
   2   58 |   7 1.0   19   6.6M  148  639  81%    10M |  99.9   n/a   1   27   999k   13   25  65%  81.9M    n/a  n/a
   2   59 |   7 1.0   19   6.7M  146  584  80%    10M |  99.9   n/a   1   27   836k   11   22  66%  81.9M    n/a  n/a
   2   5a |   7 1.0   19   6.3M  143  630  81%    10M |  99.9   n/a   1   27  1.13M   13   18  58%  81.9M    n/a  n/a
   2   5b |   7 1.0   19   6.7M  134  564  80%    10M |  99.9   n/a   1   27   780k   11   27  71%  81.9M    n/a  n/a
   3   5c |   7 1.0   19   7.6M  126  696  84%    10M |  99.9   ovl   1   27  1.56M   16   19  54%  81.9M  -797n  n/a
   3   5d |   7 1.0   19   7.7M  129  600  82%    10M |  99.9   n/a   1   27  1.45M   15   16  51%  81.9M    n/a  n/a
   3   5e |   7 1.0   19   8.2M  136  579  80%    10M |  99.9   ovl   1   27  1.58M   15   19  55%  81.9M    -1u  n/a
   3   5f |   7 1.0   19   7.8M  133  574  81%    10M |  99.9   ovl   1   27  1.32M   14   18  56%  81.9M  -796n  n/a
   3   60 |   7 1.0   19   7.7M  132  598  81%    10M |  99.9   ovl   1   27   789k    9   16  64%  81.9M  -620n  n/a
   3   61 |   7 1.0   19   8.0M  127  530  80%    10M |  99.9   ovl   1   27  1.10M   11   18  62%  81.9M    -1u  n/a
   3   62 |   7 1.0   19   8.4M  151  548  78%    10M |  99.9   ovl   1   27  1.74M   16   16  50%  81.9M   977n  n/a
   3   63 |   7 1.0   19   7.6M  132  601  81%    10M |  99.9   ovl   1   27  1.62M   15   19  55%  81.9M    72n  n/a
   4   64 |   7 1.0   19   8.5M  160  576  78%    10M |  99.9   n/a   1   27  1.64M   18   17  48%  81.9M    n/a  n/a
   4   65 |   7 1.0   19   8.7M  158  530  77%    10M |  99.9   n/a   1   27  1.32M   15   18  54%  81.9M    n/a  n/a
   4   66 |   7 1.0   19   9.0M  170  560  76%    10M |  99.9   n/a   1   27  1.68M   19   17  47%  81.9M    n/a  n/a
   4   67 |   7 1.0   19   8.7M  171  550  76%    10M |  99.9   n/a   1   27  1.15M   14   17  54%  81.9M    n/a  n/a
   4   68 |   7 1.0   19   8.9M  172  614  78%    10M |  99.9   n/a   1   27  1.24M   14   17  54%  81.9M    n/a  n/a
   4   69 |   7 1.0   19   9.1M  168  526  75%    10M |  99.9   n/a   1   27  1.53M   19   16  45%  81.9M    n/a  n/a
   4   6a |   7 1.0   19   8.9M  182  689  79%    10M |  99.9   n/a   1   27  1.42M   17   16  48%  81.9M    n/a  n/a
   4   6b |   7 1.0   19   8.9M  165  579  77%    10M |  99.9   n/a   1   27  1.67M   18   18  50%  81.9M    n/a  n/a
   0   44 |   7 1.0   19   6.9M  121  563  82%    10M |  99.9   n/a   1   27  1.48M   15   14  48%  81.9M    n/a  n/a
   0   45 |   7 1.0   19   7.8M  129  523  80%    10M |  99.9   n/a   1   27   764k    8   11  57%  81.9M    n/a  n/a
   0   46 |   7 1.0   19   7.3M  126  638  83%    10M |  99.9   n/a   1   27  1.51M   15   15  50%  81.9M    n/a  n/a
   0   47 |   7 1.0   19   6.9M  123  546  81%    10M |  99.9   n/a   1   27  2.21M   21    6  22%  81.9M    n/a  n/a
   0   48 |   7 1.0   19   7.5M  148  612  80%    10M |  99.9   n/a   1   27   547k    5   13  72%  81.9M    n/a  n/a
   0   49 |   7 1.0   19   7.5M  127  553  81%    10M |  99.9   n/a   1   27  1.12M   12   12  50%  81.9M    n/a  n/a
   0   4a |   7 1.0   19   6.7M  126  679  84%    10M |  99.9   n/a   1   27  1.05M   11   21  65%  81.9M    n/a  n/a
   0   4b |   7 1.0   19   7.2M  122  537  81%    10M |  99.9   n/a   1   27  1.19M   12   20  62%  81.9M    n/a  n/a
   1   4c |   7 1.0   19   9.4M   84  428  83%    10M |  99.9   ovl   1   27  2.19M   11    9  45%  81.9M    49n  n/a
   1   4d |   7 1.0   19   8.8M   79  384  82%    10M |  99.9   n/a   1   27  2.38M   12    9  42%  81.9M    n/a  n/a
   1   4e |   7 1.0   19   9.2M   88  353  80%    10M |  99.9   ovl   1   27  1.59M    8   11  57%  81.9M   872n  n/a
   1   4f |   7 1.0   19   8.7M   76  336  81%    10M |  99.9   n/a   1   27  2.00M   10    7  41%  81.9M    n/a  n/a
   1   50 |   7 1.0   19   9.6M   85  351  80%    10M |  99.9   ovl   1   27  1.61M    8    8  50%  81.9M   872n  n/a
   1   51 |   7 1.0    0      0    0    0   0%    10M |   n/a   n/a   1    0      0    0    0   0%  81.9M    n/a  n/a
   1   52 |   7 1.0   19   9.1M   85  398  82%    10M |  99.9   n/a   1   27  1.40M    7    8  53%  81.9M    n/a  n/a
   1   53 |   7 1.0   19   8.9M   79  347  81%    10M |  99.9   n/a   1   27  1.21M    6    8  57%  81.9M    n/a  n/a
   2   54 |   7 1.0   19   6.5M  147  623  80%    10M |  99.9   ovl   1   27  1.13M   14   18  56%  81.9M   -70n  n/a
   2   55 |   7 1.0   19   6.7M  138  538  79%    10M |  99.9   ovl   1   27  1.47M   21   18  46%  81.9M  -462n  n/a
   2   56 |   7 1.0   19   6.8M  152  631  80%    10M |  99.9   ovl   1   27   826k   11   19  63%  81.9M  -656n  n/a
   2   57 |   7 1.0   19   6.6M  141  579  80%    10M |  99.9   ovl   1   27  1.21M   16   16  50%  81.9M   -39n  n/a
   2   58 |   7 1.0   19   6.8M  160  673  80%    10M |  99.9   ovl   1   27  1.06M   14   13  48%  81.9M  -179n  n/a
   2   59 |   7 1.0   19   6.6M  142  556  79%    10M |  99.9   ovl   1   27  1.03M   14   21  60%  81.9M   155n  n/a
   2   5a |   7 1.0   19   6.8M  143  613  81%    10M |  99.9   ovl   1   27   949k   13   21  61%  81.9M   947n  n/a
   2   5b |   7 1.0   19   6.6M  143  583  80%    10M |  99.9   ovl   1   27   851k   11   19  63%  81.9M  -348n  n/a
   3   5c |   7 1.0   19   8.2M  135  630  82%    10M |  99.9   ovl   1   27  1.35M   13   13  50%  81.9M  -553n  n/a
   3   5d |   7 1.0   19   8.1M  142  592  80%    10M |  99.9   ovl   1   27  1.73M   18   14  43%  81.9M   -33n  n/a
   3   5e |   7 1.0   19   7.6M  139  628  81%    10M |  99.9   ovl   1   27  1.27M   13   18  58%  81.9M  -797n  n/a
   3   5f |   7 1.0   19   8.4M  142  555  79%    10M |  99.9   ovl   1   27  1.18M   12   16  57%  81.9M  -927n  n/a
   3   60 |   7 1.0   19   8.2M  152  637  80%    10M |  99.9   ovl   1   27  1.07M   11   19  63%  81.9M  -962n  n/a
   3   61 |   7 1.0   19   8.4M  139  508  78%    10M |  99.9   ovl   1   27  1.57M   17   13  43%  81.9M  -116n  n/a
   3   62 |   7 1.0   19   7.8M  141  602  81%    10M |  99.9   ovl   1   27  1.11M   11   14  56%  81.9M  -909n  n/a
   3   63 |   7 1.0   19   8.3M  143  581  80%    10M |  99.9   ovl   1   27  1.09M   12   16  57%  81.9M  -796n  n/a
   4   64 |   7 1.0   19   8.6M  172  678  79%    10M |  99.9   ovl   1   27  1.44M   16   20  55%  81.9M     1u  n/a
   4   65 |   7 1.0   19   8.2M  151  554  78%    10M |  99.9   ovl   1   27  1.23M   14   15  51%  81.9M   229n  n/a
   4   66 |   7 1.0   19   8.0M  157  573  78%    10M |  99.9   ovl   1   27   813k   10   16  61%  81.9M    30n  n/a
   4   67 |   7 1.0   19   8.6M  156  538  77%    10M |  99.9   ovl   1   27  1.12M   13   19  59%  81.9M   467n  n/a
   4   68 |   7 1.0   19   8.6M  163  566  77%    10M |  99.9   ovl   1   27  1.20M   13   17  56%  81.9M  -234n  n/a
   4   69 |   7 1.0   19   8.2M  162  479  74%    10M |  99.9   ovl   1   27  1.46M   17   15  46%  81.9M  -168n  n/a
   4   6a |   7 1.0   19   8.3M  158  623  79%    10M |  99.9   ovl   1   27  1.75M   19   16  45%  81.9M  -124n  n/a
   4   6b |   7 1.0   19   8.1M  150  599  79%    10M |  99.9   ovl   1   27  1.20M   14   16  53%  81.9M  -381n  n/a
   0   44 |   7 1.0   19   7.4M  136  590  81%    10M |  99.9   n/a   1   27  1.88M   19   11  36%  81.9M    n/a  n/a
   0   45 |   7 1.0   19   7.9M  137  548  80%    10M |  99.9   n/a   1   27  1.81M   18   13  41%  81.9M    n/a  n/a
   0   46 |   7 1.0   19   7.6M  141  664  82%    10M |  99.9   n/a   1   27   895k    9   17  65%  81.9M    n/a  n/a
   0   47 |   7 1.0   19   8.1M  141  539  79%    10M |  99.9   n/a   1   27   887k    9   15  62%  81.9M    n/a  n/a
   0   48 |   7 1.0   19   8.0M  150  582  79%    10M |  99.9   n/a   1   27  1.78M   18   10  35%  81.9M    n/a  n/a
   0   49 |   7 1.0   19   8.1M  143  502  77%    10M |  99.9   n/a   1   27  1.23M   12   13  52%  81.9M    n/a  n/a
   0   4a |   7 1.0   19   8.3M  155  579  78%    10M |  99.9   n/a   1   27  1.92M   19   12  38%  81.9M    n/a  n/a
   0   4b |   7 1.0   19   8.2M  150  504  77%    10M |  99.9   n/a   1   27  1.20M   13   14  51%  81.9M    n/a  n/a
   1   4c |   7 1.0   19   7.2M   80  401  83%    10M |  99.9   n/a   1   27  1.39M    7   11  61%  81.9M    n/a  n/a
   1   4d |   7 1.0   19   6.9M   60  377  86%    10M |  99.9   n/a   1   27   787k    4    4  50%  81.9M    n/a  n/a
   1   4e |   7 1.0   19   7.4M   80  423  84%    10M |  99.9   n/a   1   27  2.02M   10    9  47%  81.9M    n/a  n/a
   1   4f |   7 1.0   19   6.9M   66  407  86%    10M |  99.9   ovl   1   27   803k    4    9  69%  81.9M   872n  n/a
   1   50 |   7 1.0   19   8.1M   78  391  83%    10M |  99.9   n/a   1   27   389k    2   11  84%  81.9M    n/a  n/a
   1   51 |   7 1.0    0      0    0    0   0%    10M |   n/a   n/a   1    0      0    0    0   0%  81.9M    n/a  n/a
   1   52 |   7 1.0   19   7.4M   78  398  83%    10M |  99.9   ovl   1   27   607k    3    7  70%  81.9M   872n  n/a
   1   53 |   7 1.0   19   6.9M   72  439  85%    10M |  99.9   ovl   1   27   791k    4    7  63%  81.9M    46n  n/a
   2   54 |   7 1.0   19   5.6M  126  638  83%    10M |  99.9   ovl   1   27   643k    9   12  57%  81.9M  -911n  n/a
   2   55 |   7 1.0   19   5.3M  113  646  85%    10M |  99.9   ovl   1   27   990k   12    9  42%  81.9M  -328n  n/a
   2   56 |   7 1.0   19   4.9M  112  621  84%    10M |  99.9   ovl   1   27   151k    2   19  90%  81.9M  -911n  n/a
   2   57 |   7 1.0   19   5.1M  108  641  85%    10M |  99.9   ovl   1   27  1.03M   13   12  48%  81.9M   947n  n/a
   2   58 |   7 1.0   19   5.3M  114  731  86%    10M |  99.9   ovl   1   27   695k   10   19  65%  81.9M  -507n  n/a
   2   59 |   7 1.0   19   5.4M  111  626  84%    10M |  99.9   ovl   1   27  1.10M   15   16  51%  81.9M  -462n  n/a
   2   5a |   7 1.0   19   5.6M  118  639  84%    10M |  99.9   ovl   1   27   722k   11   12  52%  81.9M  -437n  n/a
   2   5b |   7 1.0   19   5.5M  115  629  84%    10M |  99.9   ovl   1   27   691k    9   16  64%  81.9M   136n  n/a

          |--------------------DL---------------------|-------------------------------UL-----------------------------
 pci rnti | cqi  ri  mcs  brate   ok  nok  (%)  dl_bs | pusch  rsrp  ri  mcs  brate   ok  nok  (%)    bsr     ta  phr
   3   5c |   7 1.0   19   9.5M  160  572  78%    10M |  99.9   n/a   1   27  1.15M   12   19  61%  81.9M    n/a  n/a
   3   5d |   7 1.0   19   8.9M  155  542  77%    10M |  99.9   n/a   1   27  1.52M   15   15  50%  81.9M    n/a  n/a
   3   5e |   7 1.0   19   8.9M  158  504  76%    10M |  99.9   n/a   1   27   666k    7   16  69%  81.9M    n/a  n/a
   3   5f |   7 1.0   19   8.5M  144  527  78%    10M |  99.9   n/a   1   27  1.75M   16   15  48%  81.9M    n/a  n/a
   3   60 |   7 1.0   19   8.6M  149  643  81%    10M |  99.9   n/a   1   27  1.87M   18   11  37%  81.9M    n/a  n/a
   3   61 |   7 1.0   19   8.6M  144  495  77%    10M |  99.9   ovl   1   27  1.44M   15   17  53%  81.9M  -620n  n/a
   3   62 |   7 1.0   19   8.5M  144  607  80%    10M |  99.9   n/a   1   27  1.54M   16   16  50%  81.9M    n/a  n/a
   3   63 |   7 1.0   19   8.8M  143  565  79%    10M |  99.9   n/a   1   27  2.00M   19   13  40%  81.9M    n/a  n/a
   4   64 |   7 1.0   19    11M  222  459  67%    10M |  99.9   ovl   1   27  2.56M   27   14  34%  81.9M   539n  n/a
   4   65 |   7 1.0   19    10M  199  476  70%    10M |  99.9   ovl   1   27  2.48M   26   14  35%  81.9M   635n  n/a
   4   66 |   7 1.0   19    11M  203  539  72%    10M |  99.9   ovl   1   27  2.21M   24   17  41%  81.9M  -439n  n/a
   4   67 |   7 1.0   19    11M  206  416  66%    10M |  99.9   ovl   1   27  2.50M   28   15  34%  81.9M   291n  n/a
   4   68 |   7 1.0   19    11M  209  553  72%    10M |  99.9   ovl   1   27  2.53M   27   15  35%  81.9M  -166n  n/a
   4   69 |   7 1.0   19    11M  195  470  70%    10M |  99.9   ovl   1   27  2.18M   25   12  32%  81.9M   179n  n/a
   4   6a |   7 1.0   19    11M  218  496  69%    10M |  99.9   ovl   1   27  2.71M   29   16  35%  81.9M  -456n  n/a
   4   6b |   7 1.0   19    11M  205  465  69%    10M |  99.9   ovl   1   27  2.44M   28   17  37%  81.9M   183n  n/a
   0   44 |   7 1.0   19    10M  179  457  71%    10M |  99.9   ovl   1   27  1.74M   18   19  51%  81.9M  -488n  n/a
   0   45 |   7 1.0   19    10M  164  520  76%    10M |  99.9   ovl   1   27  2.25M   23   13  36%  81.9M   -31n  n/a
   0   46 |   7 1.0   19    10M  189  565  74%    10M |  99.9   ovl   1   27  1.98M   19   15  44%  81.9M   -17n  n/a
   0   47 |   7 1.0   19   9.9M  165  451  73%    10M |  99.9   n/a   1   27  2.55M   24   19  44%  81.9M    n/a  n/a
   0   48 |   7 1.0   19    10M  187  491  72%    10M |  99.9   n/a   1   27  3.11M   32   11  25%  81.9M    n/a  n/a
   0   49 |   7 1.0   19    10M  158  514  76%    10M |  99.9   n/a   1   27  2.18M   23    9  28%  81.9M    n/a  n/a
   0   4a |   7 1.0   19   9.4M  150  524  77%    10M |  99.9   ovl   1   27  2.26M   24   12  33%  81.9M  -176n  n/a
   0   4b |   7 1.0   19    10M  170  455  72%    10M |  99.9   ovl   1   27  2.34M   24   17  41%  81.9M    17n  n/a
   1   4c |   7 1.0   19   6.6M   72  383  84%    10M |  99.9   ovl   1   27   779k    4   13  76%  81.9M    49n  n/a
   1   4d |   7 1.0   19   6.6M   63  346  84%    10M |  99.9   ovl   1   27   389k    2    8  80%  81.9M   897n  n/a
   1   4e |   7 1.0   19   6.5M   71  355  83%    10M |  99.9   ovl   1   27   209k    1    9  90%  81.9M   872n  n/a
   1   4f |   7 1.0   19   6.5M   73  366  83%    10M |  99.9   n/a   1   27   804k    4   10  71%  81.9M    n/a  n/a
   1   50 |   7 1.0   19   7.0M   78  359  82%    10M |  99.9   n/a   1   27  1.02M    5   10  66%  81.9M    n/a  n/a
   1   51 |   7 1.0    0      0    0    0   0%    10M |   n/a   n/a   1    0      0    0    0   0%  81.9M    n/a  n/a
   1   52 |   7 1.0   19   6.8M   71  406  85%    10M |  99.9   ovl   1   27   590k    3   10  76%  81.9M    49n  n/a
   1   53 |   7 1.0   19   6.5M   68  437  86%    10M |  99.9   n/a   1   27  1.18M    6   13  68%  81.9M    n/a  n/a
   2   54 |   7 1.0   19   6.6M  144  659  82%    10M |  99.9   ovl   1   27  1.06M   14   18  56%  81.9M  -136n  n/a
   2   55 |   7 1.0   19   7.0M  147  581  79%    10M |  99.9   ovl   1   27  1.33M   19   15  44%  81.9M  -797n  n/a
   2   56 |   7 1.0   19   7.4M  160  549  77%    10M |  99.9   ovl   1   27  1.26M   15   16  51%  81.9M  -209n  n/a
   2   57 |   7 1.0   19   7.1M  152  572  79%    10M |  99.9   ovl   1   27  1.25M   16   16  50%  81.9M    41n  n/a
   2   58 |   7 1.0   19   6.9M  163  559  77%    10M |  99.9   ovl   1   27  1.21M   16   14  46%  81.9M    -1u  n/a
   2   59 |   7 1.0   19   7.0M  148  564  79%    10M |  99.9   ovl   1   27  1.40M   19   11  36%  81.9M   -57n  n/a
   2   5a |   7 1.0   19   7.3M  161  617  79%    10M |  99.9   ovl   1   27  1.51M   20   16  44%  81.9M  -385n  n/a
   2   5b |   7 1.0   19   7.1M  151  585  79%    10M |  99.9   ovl   1   27  1.60M   21   12  36%  81.9M  -337n  n/a
   3   5c |   7 1.0   19   8.7M  150  614  80%    10M |  99.9   ovl   1   27  1.32M   13   13  50%  81.9M  -892n  n/a
   3   5d |   7 1.0   19   8.6M  144  580  80%    10M |  99.9   ovl   1   27  1.26M   13   17  56%  81.9M   223n  n/a
   3   5e |   7 1.0   19   8.6M  151  617  80%    10M |  99.9   ovl   1   27  1.95M   20   15  42%  81.9M  -797n  n/a
   3   5f |   7 1.0   19   8.6M  141  498  77%    10M |  99.9   ovl   1   27  1.67M   17   15  46%  81.9M   219n  n/a
   3   60 |   7 1.0   19   8.6M  151  621  80%    10M |  99.9   ovl   1   27  1.17M   12   19  61%  81.9M  -910n  n/a
   3   61 |   7 1.0   19   8.6M  140  515  78%    10M |  99.9   ovl   1   27  1.57M   16   16  50%  81.9M    17n  n/a
   3   62 |   7 1.0   19   8.8M  150  682  81%    10M |  99.9   n/a   1   27   988k   10   18  64%  81.9M    n/a  n/a
   3   63 |   7 1.0   19   8.3M  134  574  81%    10M |  99.9   n/a   1   27  1.06M   10   15  60%  81.9M    n/a  n/a
   4   64 |   7 1.0   19   7.7M  148  605  80%    10M |  99.9   ovl   1   27  1.08M   13   15  53%  81.9M    -1u  n/a
   4   65 |   7 1.0   19   7.9M  142  570  80%    10M |  99.9   ovl   1   27  1.25M   13   16  55%  81.9M   -32n  n/a
   4   66 |   7 1.0   19   8.0M  159  604  79%    10M |  99.9   ovl   1   27  1.11M   12   18  60%  81.9M  -398n  n/a
   4   67 |   7 1.0   19   7.9M  146  562  79%    10M |  99.9   n/a   1   27   906k   10   14  58%  81.9M    n/a  n/a
   4   68 |   7 1.0   19   7.6M  147  625  80%    10M |  99.9   ovl   1   27  1000k   11   16  59%  81.9M   559n  n/a
   4   69 |   7 1.0   19   7.6M  143  562  79%    10M |  99.9   ovl   1   27  1.34M   15   18  54%  81.9M    40n  n/a
   4   6a |   7 1.0   19   8.2M  159  595  78%    10M |  99.9   ovl   1   27  1.48M   17   15  46%  81.9M   269n  n/a
   4   6b |   7 1.0   19   7.8M  151  593  79%    10M |  99.9   ovl   1   27  1.33M   14   18  56%  81.9M   831n  n/a
   0   44 |   7 1.0   19   9.8M  177  545  75%    10M |  99.9   n/a   1   27  2.59M   25   11  30%  81.9M    n/a  n/a
   0   45 |   7 1.0   19    10M  160  470  74%    10M |  99.9   n/a   1   27  2.07M   21   15  41%  81.9M    n/a  n/a
   0   46 |   7 1.0   19    10M  177  540  75%    10M |  99.9   n/a   1   27  2.18M   22   16  42%  81.9M    n/a  n/a
   0   47 |   7 1.0   19    10M  165  473  74%    10M |  99.9   n/a   1   27  1.33M   13   19  59%  81.9M    n/a  n/a
   0   48 |   7 1.0   19   9.8M  169  556  76%    10M |  99.9   n/a   1   27  2.48M   23   17  42%  81.9M    n/a  n/a
   0   49 |   7 1.0   19    10M  164  495  75%    10M |  99.9   n/a   1   27  1.76M   17   15  46%  81.9M    n/a  n/a
   0   4a |   7 1.0   19   9.8M  186  542  74%    10M |  99.9   n/a   1   27  2.50M   24   15  38%  81.9M    n/a  n/a
   0   4b |   7 1.0   19  10.0M  165  516  75%    10M |  99.9   n/a   1   27  1.88M   18   13  41%  81.9M    n/a  n/a
   1   4c |   7 1.0   19   9.6M   90  357  79%    10M |  99.9   n/a   1   27  1.59M    8   12  60%  81.9M    n/a  n/a
   1   4d |   7 1.0   19   8.8M   83  386  82%    10M |  99.9   n/a   1   27  2.38M   12   10  45%  81.9M    n/a  n/a
   1   4e |   7 1.0   19   8.6M   80  426  84%    10M |  99.9   n/a   1   27  1.62M    8   11  57%  81.9M    n/a  n/a
   1   4f |   7 1.0   19   8.9M   87  336  79%    10M |  99.9   n/a   1   27  2.62M   13    9  40%  81.9M    n/a  n/a
   1   50 |   7 1.0   19   9.3M   86  400  82%    10M |  99.9   n/a   1   27  1.20M    6    8  57%  81.9M    n/a  n/a
   1   51 |   7 1.0    0      0    0    0   0%    10M |   n/a   n/a   1    0      0    0    0   0%  81.9M    n/a  n/a
   1   52 |   7 1.0   19   9.3M   84  359  81%    10M |  99.9   n/a   1   27  1.39M    7    7  50%  81.9M    n/a  n/a
   1   53 |   7 1.0   19   9.2M   82  364  81%    10M |  99.9   n/a   1   27   586k    3   10  76%  81.9M    n/a  n/a
   2   54 |   7 1.0   19   6.5M  152  712  82%    10M |  99.9   n/a   1   27   696k    9   14  60%  81.9M    n/a  n/a
   2   55 |   7 1.0   19   6.7M  142  613  81%    10M |  99.9   n/a   1   27   601k    8   14  63%  81.9M    n/a  n/a
   2   56 |   7 1.0   19   6.0M  144  607  80%    10M |  99.9   n/a   1   27   537k    7   15  68%  81.9M    n/a  n/a
   2   57 |   7 1.0   19   6.5M  131  519  79%    10M |  99.9   n/a   1   27   367k    5   18  78%  81.9M    n/a  n/a
   2   58 |   7 1.0   19   6.0M  132  644  82%    10M |  99.9   n/a   1   27   158k    2   21  91%  81.9M    n/a  n/a
   2   59 |   7 1.0   19   6.7M  146  515  77%    10M |  99.9   n/a   1   27   486k    6   21  77%  81.9M    n/a  n/a
   2   5a |   7 1.0   19   6.5M  148  613  80%    10M |  99.9   n/a   1   27   645k    8   17  68%  81.9M    n/a  n/a
   2   5b |   7 1.0   19   6.7M  141  589  80%    10M |  99.9   n/a   1   27   620k    8   17  68%  81.9M    n/a  n/a
   3   5c |   7 1.0   19   9.0M  163  462  73%    10M |  99.9   n/a   1   27  1.40M   14   22  61%  81.9M    n/a  n/a
   3   5d |   7 1.0   19   9.1M  152  448  74%    10M |  99.9   n/a   1   27  2.81M   28   13  31%  81.9M    n/a  n/a
   3   5e |   7 1.0   19   9.5M  173  575  76%    10M |  99.9   n/a   1   27  1.87M   18   14  43%  81.9M    n/a  n/a
   3   5f |   7 1.0   19   9.0M  151  465  75%    10M |  99.9   n/a   1   27  2.15M   22    8  26%  81.9M    n/a  n/a
   3   60 |   7 1.0   19   9.4M  178  499  73%    10M |  99.9   n/a   1   27  1.75M   19   20  51%  81.9M    n/a  n/a
   3   61 |   7 1.0   19   8.5M  138  444  76%    10M |  99.9   n/a   1   27  1.97M   20   10  33%  81.9M    n/a  n/a
   3   62 |   7 1.0   19   9.0M  168  518  75%    10M |  99.9   n/a   1   27  1.77M   19   12  38%  81.9M    n/a  n/a
   3   63 |   7 1.0   19   8.4M  142  505  78%    10M |  99.9   n/a   1   27  1.55M   16   19  54%  81.9M    n/a  n/a

          |--------------------DL---------------------|-------------------------------UL-----------------------------
 pci rnti | cqi  ri  mcs  brate   ok  nok  (%)  dl_bs | pusch  rsrp  ri  mcs  brate   ok  nok  (%)    bsr     ta  phr
   4   64 |   7 1.0   19   7.8M  153  692  81%    10M |  99.9   ovl   1   27  1.18M   14   25  64%  81.9M    79n  n/a
   4   65 |   7 1.0   19   8.2M  153  585  79%    10M |  99.9   ovl   1   27  1.35M   14   21  60%  81.9M   894n  n/a
   4   66 |   7 1.0   19   7.5M  148  632  81%    10M |  99.9   ovl   1   27  1.06M   12   23  65%  81.9M   387n  n/a
   4   67 |   7 1.0   19   7.7M  147  581  79%    10M |  99.9   ovl   1   27  1.13M   12   22  64%  81.9M  -627n  n/a
   4   68 |   7 1.0   19   7.2M  153  591  79%    10M |  99.9   ovl   1   27  1.64M   19   17  47%  81.9M    89n  n/a
   4   69 |   7 1.0   19   7.6M  141  516  78%    10M |  99.9   ovl   1   27   949k   11   23  67%  81.9M    40n  n/a
   4   6a |   7 1.0   19   7.8M  154  602  79%    10M |  99.9   ovl   1   27  1.27M   15   18  54%  81.9M  -343n  n/a
   4   6b |   7 1.0   19   7.9M  147  570  79%    10M |  99.9   ovl   1   27  1.09M   12   19  61%  81.9M  -662n  n/a
   0   44 |   7 1.0   19    10M  167  535  76%    10M |  99.9   n/a   1   27  1.55M   15   19  55%  81.9M    n/a  n/a
   0   45 |   7 1.0   19   9.3M  154  513  76%    10M |  99.9   n/a   1   27  2.71M   29    9  23%  81.9M    n/a  n/a
   0   46 |   7 1.0   19   9.2M  159  546  77%    10M |  99.9   n/a   1   27  1.45M   15   15  50%  81.9M    n/a  n/a
   0   47 |   7 1.0   19   9.6M  153  514  77%    10M |  99.9   n/a   1   27  2.28M   24    9  27%  81.9M    n/a  n/a
   0   48 |   7 1.0   19   9.5M  160  574  78%    10M |  99.9   n/a   1   27  1.45M   14   18  56%  81.9M    n/a  n/a
   0   49 |   7 1.0   19   9.2M  151  503  76%    10M |  99.9   n/a   1   27  1.93M   19   19  50%  81.9M    n/a  n/a
   0   4a |   7 1.0   19    11M  182  488  72%    10M |  99.9   n/a   1   27  1.76M   17   11  39%  81.9M    n/a  n/a
   0   4b |   7 1.0   19   9.7M  159  476  74%    10M |  99.9   n/a   1   27  1.26M   14   21  60%  81.9M    n/a  n/a
   1   4c |   7 1.0   19    11M   99  259  72%    10M |  99.9   n/a   1   27  2.21M   11   12  52%  81.9M    n/a  n/a
   1   4d |   7 1.0   19    10M   87  299  77%    10M |  99.9   n/a   1   27  2.42M   12    8  40%  81.9M    n/a  n/a
   1   4e |   7 1.0   19    12M  102  276  73%    10M |  99.9   n/a   1   27  3.21M   16    7  30%  81.9M    n/a  n/a
   1   4f |   7 1.0   19    10M   95  319  77%    10M |  99.9   n/a   1   27  3.59M   18    8  30%  81.9M    n/a  n/a
   1   50 |   7 1.0   19    11M   99  250  71%    10M |  99.9   n/a   1   27  1.80M    9    5  35%  81.9M    n/a  n/a
   1   51 |   7 1.0    0      0    0    0   0%    10M |   n/a   n/a   1    0      0    0    0   0%  81.9M    n/a  n/a
   1   52 |   7 1.0   19    11M  110  349  76%    10M |  99.9   n/a   1   27  2.22M   11    5  31%  81.9M    n/a  n/a
   1   53 |   7 1.0   19   9.8M   77  301  79%    10M |  99.9   n/a   1   27  1.62M    8    8  50%  81.9M    n/a  n/a
   2   54 |   7 1.0   19   6.0M  147  611  80%    10M |  99.9   n/a   1   27   838k   12   25  67%  81.9M    n/a  n/a
   2   55 |   7 1.0   19   6.6M  140  503  78%    10M |  99.9   n/a   1   27  1.29M   17   19  52%  81.9M    n/a  n/a
   2   56 |   7 1.0   19   6.4M  142  627  81%    10M |  99.9   n/a   1   27   990k   13   16  55%  81.9M    n/a  n/a
   2   57 |   7 1.0   19   6.3M  142  582  80%    10M |  99.9   n/a   1   27   877k   11   20  64%  81.9M    n/a  n/a
   2   58 |   7 1.0   19   6.0M  134  634  82%    10M |  99.9   n/a   1   27   713k   10   24  70%  81.9M    n/a  n/a
   2   59 |   7 1.0   19   6.3M  133  545  80%    10M |  99.9   n/a   1   27   967k   12   23  65%  81.9M    n/a  n/a
   2   5a |   7 1.0   19   5.6M  118  700  85%    10M |  99.9   n/a   1   27   799k   11   20  64%  81.9M    n/a  n/a
   2   5b |   7 1.0   19   6.3M  133  571  81%    10M |  99.9   n/a   1   27   996k   14   20  58%  81.9M    n/a  n/a
   3   5c |   7 1.0   19   9.4M  163  491  75%    10M |  99.9   n/a   1   27  2.14M   20    8  28%  81.9M    n/a  n/a
   3   5d |   7 1.0   19   9.4M  155  438  73%    10M |  99.9   n/a   1   27  2.17M   20   11  35%  81.9M    n/a  n/a
   3   5e |   7 1.0   19   9.1M  164  462  73%    10M |  99.9   n/a   1   27  2.30M   21   10  32%  81.9M    n/a  n/a
   3   5f |   7 1.0   19   9.1M  146  456  75%    10M |  99.9   n/a   1   27  1.37M   14   20  58%  81.9M    n/a  n/a
   3   60 |   7 1.0   19    10M  178  397  69%    10M |  99.9   n/a   1   27  2.66M   26    9  25%  81.9M    n/a  n/a
   3   61 |   7 1.0   19   9.6M  158  351  68%    10M |  99.9   n/a   1   27  2.09M   20   13  39%  81.9M    n/a  n/a
   3   62 |   7 1.0   19   8.0M  140  538  79%    10M |  99.9   n/a   1   27  1.91M   18   12  40%  81.9M    n/a  n/a
   3   63 |   7 1.0   19   9.4M  158  442  73%    10M |  99.9   n/a   1   27  2.54M   25   12  32%  81.9M    n/a  n/a
   4   64 |   7 1.0   19   9.5M  185  522  73%    10M |  99.9   n/a   1   27  1.49M   17   15  46%  81.9M    n/a  n/a
   4   65 |   7 1.0   19   9.2M  172  528  75%    10M |  99.9   n/a   1   27  1.43M   15   15  50%  81.9M    n/a  n/a
   4   66 |   7 1.0   19   9.7M  183  561  75%    10M |  99.9   n/a   1   27  1.33M   16   17  51%  81.9M    n/a  n/a
   4   67 |   7 1.0   19   9.0M  164  528  76%    10M |  99.9   n/a   1   27  1.29M   15   17  53%  81.9M    n/a  n/a
   4   68 |   7 1.0   19   8.8M  168  584  77%    10M |  99.9   n/a   1   27   867k   10   16  61%  81.9M    n/a  n/a
   4   69 |   7 1.0   19   8.9M  165  532  76%    10M |  99.9   n/a   1   27  1.51M   17   17  50%  81.9M    n/a  n/a
   4   6a |   7 1.0   19   8.9M  169  555  76%    10M |  99.9   n/a   1   27  1.62M   19   15  44%  81.9M    n/a  n/a
   4   6b |   7 1.0   19   9.2M  173  478  73%    10M |  99.9   n/a   1   27  1.85M   20   16  44%  81.9M    n/a  n/a
   0   44 |   7 1.0   19   9.0M  154  583  79%    10M |  99.9   n/a   1   27  1.43M   13   15  53%  81.9M    n/a  n/a
   0   45 |   7 1.0   19   9.6M  155  484  75%    10M |  99.9   ovl   1   27  1.17M   11   22  66%  81.9M  -254n  n/a
   0   46 |   7 1.0   19   9.7M  167  544  76%    10M |  99.9   n/a   1   27  1.70M   17   18  51%  81.9M    n/a  n/a
   0   47 |   7 1.0   19   9.5M  158  556  77%    10M |  99.9   n/a   1   27   516k    6   15  71%  81.9M    n/a  n/a
   0   48 |   7 1.0   19   9.8M  160  566  77%    10M |  99.9   ovl   1   27  1.58M   17   21  55%  81.9M   314n  n/a
   0   49 |   7 1.0   19   9.5M  159  540  77%    10M |  99.9   n/a   1   27  1.15M   11   18  62%  81.9M    n/a  n/a
   0   4a |   7 1.0   19   9.8M  168  567  77%    10M |  99.9   n/a   1   27  1.99M   20   12  37%  81.9M    n/a  n/a
   0   4b |   7 1.0   19   9.3M  158  504  76%    10M |  99.9   n/a   1   27  1.58M   15   16  51%  81.9M    n/a  n/a
   1   4c |   7 1.0   19   8.2M   77  311  80%    10M |  99.9   n/a   1   27   603k    3    9  75%  81.9M    n/a  n/a
   1   4d |   7 1.0   19   8.9M   86  308  78%    10M |  99.9   ovl   1   27  2.19M   11   11  50%  81.9M   872n  n/a
   1   4e |   7 1.0   19   9.7M   93  204  68%    10M |  99.9   ovl   1   27  1.21M    6   15  71%  81.9M  -234n  n/a
   1   4f |   7 1.0   19   8.8M   85  274  76%    10M |  99.9   n/a   1   27   205k    1   13  92%  81.9M    n/a  n/a
   1   50 |   7 1.0   19   8.4M   77  261  77%    10M |  99.9   n/a   1   27  1.41M    7   10  58%  81.9M    n/a  n/a
   1   51 |   7 1.0    0      0    0    0   0%    10M |   n/a   n/a   1    0      0    0    0   0%  81.9M    n/a  n/a
   1   52 |   7 1.0   19   9.5M   99  286  74%    10M |  99.9   ovl   1   27  2.20M   11   12  52%  81.9M    49n  n/a
   1   53 |   7 1.0   19   8.7M   84  274  76%    10M |  99.9   ovl   1   27   804k    4    9  69%  81.9M   872n  n/a
   2   54 |   7 1.0   19   7.4M  177  618  77%    10M |  99.9   n/a   1   27  1.21M   15   17  53%  81.9M    n/a  n/a
   2   55 |   7 1.0   19   7.9M  164  541  76%    10M |  99.9   n/a   1   27  1.80M   24   12  33%  81.9M    n/a  n/a
   2   56 |   7 1.0   19   7.9M  180  604  77%    10M |  99.9   n/a   1   27  1.44M   20   15  42%  81.9M    n/a  n/a
   2   57 |   7 1.0   19   7.8M  160  477  74%    10M |  99.9   n/a   1   27  1.07M   14   18  56%  81.9M    n/a  n/a
   2   58 |   7 1.0   19   7.8M  165  522  75%    10M |  99.9   n/a   1   27  2.13M   27   15  35%  81.9M    n/a  n/a
   2   59 |   7 1.0   19   7.9M  167  495  74%    10M |  99.9   ovl   1   27  1.73M   23   13  36%  81.9M   639n  n/a
   2   5a |   7 1.0   19   8.6M  198  437  68%    10M |  99.9   n/a   1   27  1.68M   23   17  42%  81.9M    n/a  n/a
   2   5b |   7 1.0   19   8.2M  174  480  73%    10M |  99.9   n/a   1   27  1.85M   24   11  31%  81.9M    n/a  n/a
   3   5c |   7 1.0   19    10M  185  531  74%    10M |  99.9   ovl   1   27  2.58M   27   11  28%  81.9M  -692n  n/a
   3   5d |   7 1.0   19    11M  172  482  73%    10M |  99.9   n/a   1   27  1.90M   20   18  47%  81.9M    n/a  n/a
   3   5e |   7 1.0   19    11M  176  485  73%    10M |  99.9   n/a   1   27  1.60M   15   19  55%  81.9M    n/a  n/a
   3   5f |   7 1.0   19    10M  174  498  74%    10M |  99.9   ovl   1   27  2.46M   25   12  32%  81.9M   312n  n/a
   3   60 |   7 1.0   19    11M  199  444  69%    10M |  99.9   n/a   1   27  2.50M   27   16  37%  81.9M    n/a  n/a
   3   61 |   7 1.0   19    10M  161  438  73%    10M |  99.9   ovl   1   27  2.58M   27   12  30%  81.9M  -796n  n/a
   3   62 |   7 1.0   19    10M  182  490  72%    10M |  99.9   ovl   1   27  2.52M   25   12  32%  81.9M   668n  n/a
   3   63 |   7 1.0   19    10M  175  488  73%    10M |  99.9   ovl   1   27  3.03M   31   11  26%  81.9M  -131n  n/a
   4   64 |   7 1.0   19   8.0M  164  641  79%    10M |  99.9   n/a   1   27   985k   13   22  62%  81.9M    n/a  n/a
   4   65 |   7 1.0   19   7.4M  137  580  80%    10M |  99.9   n/a   1   27  1.62M   20   23  53%  81.9M    n/a  n/a
   4   66 |   7 1.0   19   7.4M  153  647  80%    10M |  99.9   n/a   1   27  1.15M   14   21  60%  81.9M    n/a  n/a
   4   67 |   7 1.0   19   7.5M  143  567  79%    10M |  99.9   n/a   1   27   981k   11   25  69%  81.9M    n/a  n/a
   4   68 |   7 1.0   19   7.9M  149  617  80%    10M |  99.9   n/a   1   27  1.06M   12   23  65%  81.9M    n/a  n/a
   4   69 |   7 1.0   19   7.5M  138  560  80%    10M |  99.9   ovl   1   27  1.43M   17   20  54%  81.9M  -858n  n/a
   4   6a |   7 1.0   19   7.4M  149  701  82%    10M |  99.9   ovl   1   27  1.13M   12   17  58%  81.9M    -1u  n/a
   4   6b |   7 1.0   19   7.7M  144  560  79%    10M |  99.9   ovl   1   27  1.04M   13   23  63%  81.9M   766n  n/a

          |--------------------DL---------------------|-------------------------------UL-----------------------------
 pci rnti | cqi  ri  mcs  brate   ok  nok  (%)  dl_bs | pusch  rsrp  ri  mcs  brate   ok  nok  (%)    bsr     ta  phr
   0   44 |   7 1.0   19   9.5M  168  556  76%    10M |  99.9   n/a   1   27  1.72M   17   20  54%  81.9M    n/a  n/a
   0   45 |   7 1.0   19   9.2M  155  533  77%    10M |  99.9   ovl   1   27  1.40M   15   21  58%  81.9M   213n  n/a
   0   46 |   7 1.0   19   8.9M  159  634  79%    10M |  99.9   ovl   1   27  1.52M   15   19  55%  81.9M  -668n  n/a
   0   47 |   7 1.0   19   9.2M  154  524  77%    10M |  99.9   ovl   1   27  1.55M   17   19  52%  81.9M    36n  n/a
   0   48 |   7 1.0   19   9.9M  181  568  75%    10M |  99.9   ovl   1   27  1.99M   19   13  40%  81.9M  -123n  n/a
   0   49 |   7 1.0   19   9.2M  156  508  76%    10M |  99.9   ovl   1   27  1.75M   17   16  48%  81.9M  -283n  n/a
   0   4a |   7 1.0   19   9.5M  165  566  77%    10M |  99.9   n/a   1   27  1.53M   15   19  55%  81.9M    n/a  n/a
   0   4b |   7 1.0   19   9.3M  159  528  76%    10M |  99.9   ovl   1   27  1.77M   18   18  50%  81.9M   -68n  n/a
   1   4c |   7 1.0   19    10M   92  204  68%    10M |  99.9   n/a   1   27   812k    4    9  69%  81.9M    n/a  n/a
   1   4d |   7 1.0   19    10M   94  273  74%    10M |  99.9   n/a   1   27  2.00M   10   12  54%  81.9M    n/a  n/a
   1   4e |   7 1.0   19   9.2M   80  246  75%    10M |  99.9   n/a   1   27  1.99M   10   10  50%  81.9M    n/a  n/a
   1   4f |   7 1.0   19   9.7M   93  276  74%    10M |  99.9   ovl   1   27  1.60M    8   12  60%  81.9M   897n  n/a
   1   50 |   7 1.0   19   9.3M   88  253  74%    10M |  99.9   n/a   1   27  1.41M    7    8  53%  81.9M    n/a  n/a
   1   51 |   7 1.0    0      0    0    0   0%    10M |   n/a   n/a   1    0      0    0    0   0%  81.9M    n/a  n/a
   1   52 |   7 1.0   19   9.0M   79  267  77%    10M |  99.9   n/a   1   27  2.19M   11    5  31%  81.9M    n/a  n/a
   1   53 |   7 1.0   19   9.6M   85  247  74%    10M |  99.9   n/a   1   27   389k    2    8  80%  81.9M    n/a  n/a
   2   54 |   7 1.0   19   7.1M  159  549  77%    10M |  99.9   n/a   1   27  1.46M   20   14  41%  81.9M    n/a  n/a
   2   55 |   7 1.0   19   7.6M  157  551  77%    10M |  99.9   n/a   1   27  1.34M   18   18  50%  81.9M    n/a  n/a
   2   56 |   7 1.0   19   6.9M  156  608  79%    10M |  99.9   n/a   1   27  1.13M   14   19  57%  81.9M    n/a  n/a
   2   57 |   7 1.0   19   7.2M  156  506  76%    10M |  99.9   n/a   1   27  1.36M   18   21  53%  81.9M    n/a  n/a
   2   58 |   7 1.0   19   6.7M  154  646  80%    10M |  99.9   n/a   1   27   939k   12   19  61%  81.9M    n/a  n/a
   2   59 |   7 1.0   19   7.4M  158  510  76%    10M |  99.9   n/a   1   27  1.26M   16   20  55%  81.9M    n/a  n/a
   2   5a |   7 1.0   19   7.3M  168  548  76%    10M |  99.9   n/a   1   27   828k   11   18  62%  81.9M    n/a  n/a
   2   5b |   7 1.0   19   7.0M  150  514  77%    10M |  99.9   n/a   1   27  1.21M   15   17  53%  81.9M    n/a  n/a
   3   5c |   7 1.0   19   7.9M  126  504  80%    10M |  99.9   n/a   1   27  1.38M   14   12  46%  81.9M    n/a  n/a
   3   5d |   7 1.0   19   8.1M  140  487  77%    10M |  99.9   n/a   1   27  1.32M   14   13  48%  81.9M    n/a  n/a
   3   5e |   7 1.0   19   7.8M  131  508  79%    10M |  99.9   ovl   1   27  1.24M   13   14  51%  81.9M   864n  n/a
   3   5f |   7 1.0   19   8.0M  135  466  77%    10M |  99.9   n/a   1   27  1.00M   10    8  44%  81.9M    n/a  n/a
   3   60 |   7 1.0   19   7.9M  132  547  80%    10M |  99.9   ovl   1   27  2.04M   21   10  32%  81.9M  -120n  n/a
   3   61 |   7 1.0   19   8.2M  132  471  78%    10M |  99.9   n/a   1   27  1.35M   13   12  48%  81.9M    n/a  n/a
   3   62 |   7 1.0   19   6.9M  132  556  80%    10M |  99.9   n/a   1   27  1.07M    9   15  62%  81.9M    n/a  n/a
   3   63 |   7 1.0   19   8.6M  146  437  74%    10M |  99.9   n/a   1   27  1.55M   15   12  44%  81.9M    n/a  n/a
   4   64 |   7 1.0   19    10M  204  598  74%    10M |  99.9   ovl   1   27  1.78M   20   13  39%  81.9M  -440n  n/a
   4   65 |   7 1.0   19    10M  186  493  72%    10M |  99.9   ovl   1   27  1.99M   22   18  45%  81.9M  -640n  n/a
   4   66 |   7 1.0   19    10M  199  566  73%    10M |  99.9   ovl   1   27  1.81M   21   15  41%  81.9M    50n  n/a
   4   67 |   7 1.0   19    10M  188  436  69%    10M |  99.9   ovl   1   27  1.75M   20   19  48%  81.9M   261n  n/a
   4   68 |   7 1.0   19    10M  201  593  74%    10M |  99.9   ovl   1   27  1.37M   15   15  50%  81.9M   972n  n/a
   4   69 |   7 1.0   19    11M  187  450  70%    10M |  99.9   ovl   1   27  1.79M   18   21  53%  81.9M  -295n  n/a
   4   6a |   7 1.0   19    11M  214  513  70%    10M |  99.9   ovl   1   27  1.97M   22   14  38%  81.9M  -597n  n/a
   4   6b |   7 1.0   19    11M  194  437  69%    10M |  99.9   ovl   1   27  2.33M   27   12  30%  81.9M   103n  n/a
   0   44 |   7 1.0   19   7.5M  140  570  80%    10M |  99.9   n/a   1   27  1.34M   14   18  56%  81.9M    n/a  n/a
   0   45 |   7 1.0   19   7.2M  126  555  81%    10M |  99.9   n/a   1   27  1.89M   20   12  37%  81.9M    n/a  n/a
   0   46 |   7 1.0   19   6.5M  130  675  83%    10M |  99.9   n/a   1   27  2.33M   24   13  35%  81.9M    n/a  n/a
   0   47 |   7 1.0   19   6.9M  118  517  81%    10M |  99.9   n/a   1   27   977k   10   15  60%  81.9M    n/a  n/a
   0   48 |   7 1.0   19   7.3M  131  629  82%    10M |  99.9   n/a   1   27  1.95M   20   10  33%  81.9M    n/a  n/a
   0   49 |   7 1.0   19   6.6M  125  630  83%    10M |  99.9   n/a   1   27  1.41M   15   15  50%  81.9M    n/a  n/a
   0   4a |   7 1.0   19   7.0M  128  590  82%    10M |  99.9   ovl   1   27   957k   10   16  61%  81.9M  -422n  n/a
   0   4b |   7 1.0   19   7.3M  130  579  81%    10M |  99.9   n/a   1   27  1.60M   16   12  42%  81.9M    n/a  n/a
   1   4c |   7 1.0   19   8.0M   87  379  81%    10M |  99.9   n/a   1   27  1.78M    9    6  40%  81.9M    n/a  n/a
   1   4d |   7 1.0   19   8.8M   87  310  78%    10M |  99.9   n/a   1   27  1.77M    9    3  25%  81.9M    n/a  n/a
   1   4e |   7 1.0   19   8.2M   96  368  79%    10M |  99.9   n/a   1   27  1.76M    9    6  40%  81.9M    n/a  n/a
   1   4f |   7 1.0   19   8.1M   77  332  81%    10M |  99.9   ovl   1   27  1.37M    7    5  41%  81.9M    49n  n/a
   1   50 |   7 1.0   19   8.1M   84  375  81%    10M |  99.9   ovl   1   27  1.59M    8    6  42%  81.9M   605n  n/a
   1   51 |   7 1.0    0      0    0    0   0%    10M |   n/a   n/a   1    0      0    0    0   0%  81.9M    n/a  n/a
   1   52 |   7 1.0   19   8.3M   88  356  80%    10M |  99.9   ovl   1   27   992k    5    6  54%  81.9M    49n  n/a
   1   53 |   7 1.0   19   8.4M   92  332  78%    10M |  99.9   ovl   1   27  1.77M    9    3  25%  81.9M   606n  n/a
   2   54 |   7 1.0   19   9.3M  209  504  70%    10M |  99.9   ovl   1   27  1.72M   24   10  29%  81.9M    17n  n/a
   2   55 |   7 1.0   19   9.1M  190  543  74%    10M |  99.9   ovl   1   27  2.06M   25   11  30%  81.9M   -70n  n/a
   2   56 |   7 1.0   19   9.1M  209  519  71%    10M |  99.9   ovl   1   27  2.00M   25   12  32%  81.9M  -262n  n/a
   2   57 |   7 1.0   19   9.0M  192  495  72%    10M |  99.9   ovl   1   27  1.94M   25    8  24%  81.9M   229n  n/a
   2   58 |   7 1.0   19   9.0M  203  485  70%    10M |  99.9   ovl   1   27  1.84M   23   10  30%  81.9M  -461n  n/a
   2   59 |   7 1.0   19   9.0M  199  458  69%    10M |  99.9   ovl   1   27  2.02M   25    8  24%  81.9M  -360n  n/a
   2   5a |   7 1.0   19   8.8M  203  581  74%    10M |  99.9   ovl   1   27  2.22M   29    6  17%  81.9M   -76n  n/a
   2   5b |   7 1.0   19   9.1M  196  500  71%    10M |  99.9   ovl   1   27  1.62M   21   14  40%  81.9M   -77n  n/a
   3   5c |   7 1.0   19   5.9M  107  633  85%    10M |  99.9   n/a   1   27  1.14M   12   15  55%  81.9M    n/a  n/a
   3   5d |   7 1.0   19   6.1M   96  602  86%    10M |  99.9   n/a   1   27  1.24M   13   11  45%  81.9M    n/a  n/a
   3   5e |   7 1.0   19   6.3M  108  700  86%    10M |  99.9   n/a   1   27  1.38M   15   16  51%  81.9M    n/a  n/a
   3   5f |   7 1.0   19   5.9M  101  587  85%    10M |  99.9   n/a   1   27   848k    8   16  66%  81.9M    n/a  n/a
   3   60 |   7 1.0   19   6.1M  107  634  85%    10M |  99.9   n/a   1   27  1.37M   14   17  54%  81.9M    n/a  n/a
   3   61 |   7 1.0   19   6.0M  102  604  85%    10M |  99.9   n/a   1   27   781k    9   18  66%  81.9M    n/a  n/a
   3   62 |   7 1.0   19   6.2M  119  686  85%    10M |  99.9   n/a   1   27   688k    7   13  65%  81.9M    n/a  n/a
   3   63 |   7 1.0   19   6.0M   97  630  86%    10M |  99.9   n/a   1   27  1.23M   13   12  48%  81.9M    n/a  n/a
   4   64 |   7 1.0   19   5.7M  117  708  85%    10M |  99.9   ovl   1   27  1.15M   14   12  46%  81.9M  -815n  n/a
   4   65 |   7 1.0   19   5.5M  102  599  85%    10M |  99.9   n/a   1   27   897k   11   13  54%  81.9M    n/a  n/a
   4   66 |   7 1.0   19   6.3M  125  613  83%    10M |  99.9   ovl   1   27  1.17M   13   13  50%  81.9M   -58n  n/a
   4   67 |   7 1.0   19   5.5M  108  669  86%    10M |  99.9   ovl   1   27   818k    9   18  66%  81.9M  -858n  n/a
   4   68 |   7 1.0   19   5.9M  110  687  86%    10M |  99.9   ovl   1   27   877k   11   14  56%  81.9M  -122n  n/a
   4   69 |   7 1.0   19   5.4M   97  685  87%    10M |  99.9   n/a   1   27   978k   11   15  57%  81.9M    n/a  n/a
   4   6a |   7 1.0   19   5.8M  112  585  83%    10M |  99.9   ovl   1   27   889k   11   12  52%  81.9M   766n  n/a
   4   6b |   7 1.0   19   5.7M  103  658  86%    10M |  99.9   ovl   1   27  1.07M   12   15  55%  81.9M  -858n  n/a
   0   44 |   7 1.0   19   7.4M  125  601  82%    10M |  99.9   ovl   1   27  1.26M   13   14  51%  81.9M   330n  n/a
   0   45 |   7 1.0   19   7.3M  116  551  82%    10M |  99.9   ovl   1   27  1.44M   15   11  42%  81.9M   447n  n/a
   0   46 |   7 1.0   19   7.5M  134  617  82%    10M |  99.9   ovl   1   27   777k    7   14  66%  81.9M  -422n  n/a
   0   47 |   7 1.0   19   7.2M  127  567  81%    10M |  99.9   ovl   1   27  1.79M   19   12  38%  81.9M   -26n  n/a
   0   48 |   7 1.0   19   8.0M  136  609  81%    10M |  99.9   ovl   1   27  1.36M   13   17  56%  81.9M  -129n  n/a
   0   49 |   7 1.0   19   6.9M  116  579  83%    10M |  99.9   ovl   1   27  1.50M   14   12  46%  81.9M  -858n  n/a
   0   4a |   7 1.0   19   7.1M  133  546  80%    10M |  99.9   ovl   1   27  1000k   10   23  69%  81.9M  -178n  n/a
   0   4b |   7 1.0   19   7.1M  118  588  83%    10M |  99.9   ovl   1   27  1.28M   12   11  47%  81.9M  -970n  n/a

          |--------------------DL---------------------|-------------------------------UL-----------------------------
 pci rnti | cqi  ri  mcs  brate   ok  nok  (%)  dl_bs | pusch  rsrp  ri  mcs  brate   ok  nok  (%)    bsr     ta  phr
   1   4c |   7 1.0   19   6.7M   58  550  90%    10M |  99.9   n/a   1   27  1.20M    6   10  62%  81.9M    n/a  n/a
   1   4d |   7 1.0   19   6.4M   59  533  90%    10M |  99.9   n/a   1   27   795k    4    7  63%  81.9M    n/a  n/a
   1   4e |   7 1.0   19   7.2M   64  503  88%    10M |  99.9   n/a   1   27  1.39M    7    9  56%  81.9M    n/a  n/a
   1   4f |   7 1.0   19   6.3M   62  466  88%    10M |  99.9   n/a   1   27   795k    4    8  66%  81.9M    n/a  n/a
   1   50 |   7 1.0   19   6.4M   66  509  88%    10M |  99.9   n/a   1   27  1.00M    5   10  66%  81.9M    n/a  n/a
   1   51 |   7 1.0    0      0    0    0   0%    10M |   n/a   n/a   1    0      0    0    0   0%  81.9M    n/a  n/a
   1   52 |   7 1.0   19   7.2M   59  433  88%    10M |  99.9   n/a   1   27   992k    5    8  61%  81.9M    n/a  n/a
   1   53 |   7 1.0   19   6.6M   58  506  89%    10M |  99.9   n/a   1   27   984k    5    8  61%  81.9M    n/a  n/a
   2   54 |   7 1.0   19   5.1M  116  746  86%    10M |  99.9   n/a   1   27   926k   12   17  58%  81.9M    n/a  n/a
   2   55 |   7 1.0   19   4.4M   97  690  87%    10M |  99.9   n/a   1   27   499k    6   15  71%  81.9M    n/a  n/a
   2   56 |   7 1.0   19   4.7M  107  688  86%    10M |  99.9   n/a   1   27   827k   12   13  52%  81.9M    n/a  n/a
   2   57 |   7 1.0   19   4.6M   96  599  86%    10M |  99.9   n/a   1   27   757k    9   16  64%  81.9M    n/a  n/a
   2   58 |   7 1.0   19   4.7M  108  671  86%    10M |  99.9   n/a   1   27   599k    8   18  69%  81.9M    n/a  n/a
   2   59 |   7 1.0   19   4.7M  102  603  85%    10M |  99.9   n/a   1   27   881k   11   18  62%  81.9M    n/a  n/a
   2   5a |   7 1.0   19   4.6M  103  760  88%    10M |  99.9   n/a   1   27   642k    9   18  66%  81.9M    n/a  n/a
   2   5b |   7 1.0   19   4.4M   91  590  86%    10M |  99.9   n/a   1   27   716k    9   14  60%  81.9M    n/a  n/a
   3   5c |   7 1.0   19    13M  233  379  61%    10M |  99.9   ovl   1   27  3.17M   32    9  21%  81.9M   407p  n/a
   3   5d |   7 1.0   19    12M  204  428  67%    10M |  99.9   ovl   1   27  2.76M   28   16  36%  81.9M   178n  n/a
   3   5e |   7 1.0   19    12M  209  468  69%    10M |  99.9   ovl   1   27  2.81M   29   17  36%  81.9M    18n  n/a
   3   5f |   7 1.0   19    12M  198  414  67%    10M |  99.9   ovl   1   27  3.37M   34    9  20%  81.9M   339n  n/a
   3   60 |   7 1.0   19    13M  226  430  65%    10M |  99.9   ovl   1   27  3.44M   35   14  28%  81.9M  -198n  n/a
   3   61 |   7 1.0   19    12M  204  428  67%    10M |  99.9   ovl   1   27  3.28M   35   15  30%  81.9M   160n  n/a
   3   62 |   7 1.0   19    12M  200  384  65%    10M |  99.9   ovl   1   27  3.00M   32   10  23%  81.9M   327n  n/a
   3   63 |   7 1.0   19    13M  210  416  66%    10M |  99.9   ovl   1   27  2.96M   30   12  28%  81.9M   154n  n/a
   4   64 |   7 1.0   19   7.3M  142  701  83%    10M |  99.9   ovl   1   27   809k    9   16  64%  81.9M   751n  n/a
   4   65 |   7 1.0   19   7.4M  138  568  80%    10M |  99.9   n/a   1   27  1.06M   12   14  53%  81.9M    n/a  n/a
   4   66 |   7 1.0   19   6.5M  129  652  83%    10M |  99.9   ovl   1   27  1.06M   12   13  52%  81.9M  -391n  n/a
   4   67 |   7 1.0   19   7.4M  139  544  79%    10M |  99.9   n/a   1   27   676k    7   16  69%  81.9M    n/a  n/a
   4   68 |   7 1.0   19   7.1M  144  629  81%    10M |  99.9   n/a   1   27  1.19M   13   15  53%  81.9M    n/a  n/a
   4   69 |   7 1.0   19   7.7M  147  523  78%    10M |  99.9   n/a   1   27  1.07M   12   12  50%  81.9M    n/a  n/a
   4   6a |   7 1.0   19   7.3M  150  624  80%    10M |  99.9   n/a   1   27  1.01M   11   14  56%  81.9M    n/a  n/a
   4   6b |   7 1.0   19   7.5M  144  581  80%    10M |  99.9   n/a   1   27   547k    6   16  72%  81.9M    n/a  n/a
   0   44 |   7 1.0   19    10M  176  509  74%    10M |  99.9   n/a   1   27  2.20M   23   13  36%  81.9M    n/a  n/a
   0   45 |   7 1.0   19    11M  179  471  72%    10M |  99.9   ovl   1   27  2.17M   22    8  26%  81.9M    36n  n/a
   0   46 |   7 1.0   19    10M  161  524  76%    10M |  99.9   ovl   1   27  1.59M   15   10  40%  81.9M   213n  n/a
   0   47 |   7 1.0   19    10M  168  432  72%    10M |  99.9   n/a   1   27  1.57M   16   20  55%  81.9M    n/a  n/a
   0   48 |   7 1.0   19    10M  171  521  75%    10M |  99.9   n/a   1   27  2.16M   22   15  40%  81.9M    n/a  n/a
   0   49 |   7 1.0   19    10M  170  483  73%    10M |  99.9   n/a   1   27  1.85M   19    9  32%  81.9M    n/a  n/a
   0   4a |   7 1.0   19    10M  179  582  76%    10M |  99.9   ovl   1   27  2.59M   26   12  31%  81.9M  -606n  n/a
   0   4b |   7 1.0   19    10M  177  490  73%    10M |  99.9   ovl   1   27  1.96M   19   16  45%  81.9M  -488n  n/a
   1   4c |   7 1.0   19   9.4M   97  365  79%    10M |  99.9   ovl   1   27  1.80M    9    8  47%  81.9M    49n  n/a
   1   4d |   7 1.0   19   8.6M   81  324  80%    10M |  99.9   ovl   1   27  1.59M    8   10  55%  81.9M   473n  n/a
   1   4e |   7 1.0   19   8.8M   83  381  82%    10M |  99.9   n/a   1   27  1.00M    5    5  50%  81.9M    n/a  n/a
   1   4f |   7 1.0   19   7.6M   70  349  83%    10M |  99.9   ovl   1   27  1.39M    7   11  61%  81.9M   872n  n/a
   1   50 |   7 1.0   19   9.3M   84  313  78%    10M |  99.9   n/a   1   27  1.19M    6    9  60%  81.9M    n/a  n/a
   1   51 |   7 1.0    0      0    0    0   0%    10M |   n/a   n/a   1    0      0    0    0   0%  81.9M    n/a  n/a
   1   52 |   7 1.0   19   8.6M   88  349  79%    10M |  99.9   n/a   1   27   197k    1    6  85%  81.9M    n/a  n/a
   1   53 |   7 1.0   19   8.5M   75  356  82%    10M |  99.9   n/a   1   27  1.61M    8   11  57%  81.9M    n/a  n/a
   2   54 |   7 1.0   19   7.9M  187  626  76%    10M |  99.9   ovl   1   27  1.34M   18   16  47%  81.9M  -956n  n/a
   2   55 |   7 1.0   19   8.6M  181  472  72%    10M |  99.9   ovl   1   27  1.31M   18   19  51%  81.9M   585n  n/a
   2   56 |   7 1.0   19   8.0M  184  525  74%    10M |  99.9   ovl   1   27  1.04M   12   13  52%  81.9M  -808n  n/a
   2   57 |   7 1.0   19   8.5M  184  500  73%    10M |  99.9   ovl   1   27  1.09M   14   16  53%  81.9M   625n  n/a
   2   58 |   7 1.0   19   8.1M  186  532  74%    10M |  99.9   ovl   1   27  1.86M   22   12  35%  81.9M  -283n  n/a
   2   59 |   7 1.0   19   8.6M  185  484  72%    10M |  99.9   ovl   1   27  1.30M   16    9  36%  81.9M  -107n  n/a
   2   5a |   7 1.0   19   8.3M  179  518  74%    10M |  99.9   ovl   1   27  1.28M   15   16  51%  81.9M  -616n  n/a
   2   5b |   7 1.0   19   8.3M  176  520  74%    10M |  99.9   ovl   1   27  1.15M   14   17  54%  81.9M   603n  n/a
   3   5c |   7 1.0   19   9.6M  169  526  75%    10M |  99.9   ovl   1   27  1.94M   20   22  52%  81.9M  -341n  n/a
   3   5d |   7 1.0   19   9.0M  156  517  76%    10M |  99.9   ovl   1   27  1.23M   12   16  57%  81.9M   478n  n/a
   3   5e |   7 1.0   19   8.9M  155  565  78%    10M |  99.9   ovl   1   27  1.81M   18   14  43%  81.9M   253n  n/a
   3   5f |   7 1.0   19   9.1M  153  483  75%    10M |  99.9   ovl   1   27  1.86M   18   17  48%  81.9M  -620n  n/a
   3   60 |   7 1.0   19   8.8M  150  612  80%    10M |  99.9   ovl   1   27  1.57M   17   11  39%  81.9M   419n  n/a
   3   61 |   7 1.0   19   9.5M  157  481  75%    10M |  99.9   ovl   1   27  1.92M   20   15  42%  81.9M     1u  n/a
   3   62 |   7 1.0   19   9.0M  160  510  76%    10M |  99.9   ovl   1   27  1.86M   18   12  40%  81.9M  -378n  n/a
   3   63 |   7 1.0   19   9.5M  164  457  73%    10M |  99.9   n/a   1   27  1.60M   16   15  48%  81.9M    n/a  n/a
   4   64 |   7 1.0   19   6.5M  132  666  83%    10M |  99.9   n/a   1   27   920k   11   21  65%  81.9M    n/a  n/a
   4   65 |   7 1.0   19   6.9M  126  591  82%    10M |  99.9   ovl   1   27  1.17M   12   20  62%  81.9M   751n  n/a
   4   66 |   7 1.0   19   6.8M  136  640  82%    10M |  99.9   n/a   1   27  1.09M   12   21  63%  81.9M    n/a  n/a
   4   67 |   7 1.0   19   6.9M  129  559  81%    10M |  99.9   n/a   1   27   916k   10   23  69%  81.9M    n/a  n/a
   4   68 |   7 1.0   19   6.6M  123  636  83%    10M |  99.9   n/a   1   27   539k    6   22  78%  81.9M    n/a  n/a
   4   69 |   7 1.0   19   6.9M  124  585  82%    10M |  99.9   n/a   1   27   850k   10   22  68%  81.9M    n/a  n/a
   4   6a |   7 1.0   19   6.7M  137  681  83%    10M |  99.9   ovl   1   27   830k    9   20  68%  81.9M  -558n  n/a
   4   6b |   7 1.0   19   7.0M  123  548  81%    10M |  99.9   n/a   1   27  1.04M   11   20  64%  81.9M    n/a  n/a
   0   44 |   7 1.0   19   6.2M  102  668  86%    10M |  99.9   n/a   1   27  1.08M   11   21  65%  81.9M    n/a  n/a
   0   45 |   7 1.0   19   6.2M  102  611  85%    10M |  99.9   n/a   1   27  1.23M   13   19  59%  81.9M    n/a  n/a
   0   46 |   7 1.0   19   7.5M  145  571  79%    10M |  99.9   ovl   1   27  1.36M   15   16  51%  81.9M   213n  n/a
   0   47 |   7 1.0   19   6.5M  103  639  86%    10M |  99.9   n/a   1   27   250k    3   20  86%  81.9M    n/a  n/a
   0   48 |   7 1.0   19   7.2M  118  576  82%    10M |  99.9   n/a   1   27   988k   10   17  62%  81.9M    n/a  n/a
   0   49 |   7 1.0   19   6.3M  103  631  85%    10M |  99.9   n/a   1   27  1.00M   11   21  65%  81.9M    n/a  n/a
   0   4a |   7 1.0   19   7.0M  127  660  83%    10M |  99.9   n/a   1   27   779k    9   20  68%  81.9M    n/a  n/a
   0   4b |   7 1.0   19   6.3M  109  614  84%    10M |  99.9   n/a   1   27   791k    9   17  65%  81.9M    n/a  n/a
   1   4c |   7 1.0   19   9.3M  101  270  72%    10M |  99.9   n/a   1   27  1.21M    6    6  50%  81.9M    n/a  n/a
   1   4d |   7 1.0   19   9.3M   87  285  76%    10M |  99.9   n/a   1   27  1.19M    6   11  64%  81.9M    n/a  n/a
   1   4e |   7 1.0   19   9.6M   99  279  73%    10M |  99.9   n/a   1   27  1.79M    9   11  55%  81.9M    n/a  n/a
   1   4f |   7 1.0   19   8.8M   85  284  76%    10M |  99.9   n/a   1   27  2.00M   10   12  54%  81.9M    n/a  n/a
   1   50 |   7 1.0   19   9.7M  101  274  73%    10M |  99.9   ovl   1   27  1.17M    6   12  66%  81.9M    46n  n/a
   1   51 |   7 1.0    0      0    0    0   0%    10M |   n/a   n/a   1    0      0    0    0   0%  81.9M    n/a  n/a
   1   52 |   7 1.0   19   9.0M   92  290  75%    10M |  99.9   n/a   1   27  1.39M    7    9  56%  81.9M    n/a  n/a
   1   53 |   7 1.0   19   8.8M   86  312  78%    10M |  99.9   n/a   1   27  1.40M    7   16  69%  81.9M    n/a  n/a

          |--------------------DL---------------------|-------------------------------UL-----------------------------
 pci rnti | cqi  ri  mcs  brate   ok  nok  (%)  dl_bs | pusch  rsrp  ri  mcs  brate   ok  nok  (%)    bsr     ta  phr
   2   54 |   7 1.0   19   6.8M  142  619  81%    10M |  99.9   n/a   1   27  1.21M   15   22  59%  81.9M    n/a  n/a
   2   55 |   7 1.0   19   6.7M  138  524  79%    10M |  99.9   n/a   1   27  1.10M   15   20  57%  81.9M    n/a  n/a
   2   56 |   7 1.0   19   6.5M  149  609  80%    10M |  99.9   n/a   1   27  1.06M   13   21  61%  81.9M    n/a  n/a
   2   57 |   7 1.0   19   6.6M  146  568  79%    10M |  99.9   n/a   1   27  1.17M   15   23  60%  81.9M    n/a  n/a
   2   58 |   7 1.0   19   6.5M  146  677  82%    10M |  99.9   n/a   1   27  1.28M   16   24  60%  81.9M    n/a  n/a
   2   59 |   7 1.0   19   6.5M  141  540  79%    10M |  99.9   n/a   1   27   922k   10   27  72%  81.9M    n/a  n/a
   2   5a |   7 1.0   19   6.8M  163  564  77%    10M |  99.9   n/a   1   27   925k   11   22  66%  81.9M    n/a  n/a
   2   5b |   7 1.0   19   6.6M  143  583  80%    10M |  99.9   n/a   1   27  1.29M   15   19  55%  81.9M    n/a  n/a
   3   5c |   7 1.0   19    11M  186  500  72%    10M |  99.9   ovl   1   27  2.10M   21   14  40%  81.9M  -100n  n/a
   3   5d |   7 1.0   19    11M  183  477  72%    10M |  99.9   ovl   1   27  1.81M   18   17  48%  81.9M   439n  n/a
   3   5e |   7 1.0   19    11M  189  526  73%    10M |  99.9   ovl   1   27  1.47M   14   15  51%  81.9M  -888n  n/a
   3   5f |   7 1.0   19    11M  172  487  73%    10M |  99.9   ovl   1   27  1.75M   18   18  50%  81.9M    13n  n/a
   3   60 |   7 1.0   19    11M  185  521  73%    10M |  99.9   ovl   1   27  1.75M   19   19  50%  81.9M   393n  n/a
   3   61 |   7 1.0   19    11M  178  453  71%    10M |  99.9   ovl   1   27  1.50M   16   19  54%  81.9M     1u  n/a
   3   62 |   7 1.0   19    11M  193  543  73%    10M |  99.9   ovl   1   27  1.62M   17   16  48%  81.9M   864n  n/a
   3   63 |   7 1.0   19    11M  172  503  74%    10M |  99.9   ovl   1   27  1.90M   19   18  48%  81.9M  -226n  n/a
   4   64 |   7 1.0   19   8.7M  164  591  78%    10M |  99.9   n/a   1   27  1.01M   12   13  52%  81.9M    n/a  n/a
   4   65 |   7 1.0   19   8.9M  176  544  75%    10M |  99.9   n/a   1   27  1.08M   13   15  53%  81.9M    n/a  n/a
   4   66 |   7 1.0   19   9.6M  193  512  72%    10M |  99.9   n/a   1   27  2.34M   26    7  21%  81.9M    n/a  n/a
   4   67 |   7 1.0   19   8.8M  168  495  74%    10M |  99.9   ovl   1   27  1.67M   19   12  38%  81.9M  -318n  n/a
   4   68 |   7 1.0   19   9.2M  178  525  74%    10M |  99.9   ovl   1   27  1.78M   18   18  50%  81.9M   751n  n/a
   4   69 |   7 1.0   19   9.4M  175  532  75%    10M |  99.9   n/a   1   27  1.84M   20    7  25%  81.9M    n/a  n/a
   4   6a |   7 1.0   19   9.2M  177  480  73%    10M |  99.9   n/a   1   27  1.78M   22   17  43%  81.9M    n/a  n/a
   4   6b |   7 1.0   19   8.8M  160  508  76%    10M |  99.9   ovl   1   27  1.85M   21   14  40%  81.9M  -851n  n/a
   0   44 |   7 1.0   19   9.2M  159  570  78%    10M |  99.9   n/a   1   27  1.82M   17   18  51%  81.9M    n/a  n/a
   0   45 |   7 1.0   19   9.9M  155  454  74%    10M |  99.9   n/a   1   27  1.99M   20   10  33%  81.9M    n/a  n/a
   0   46 |   7 1.0   19    10M  182  550  75%    10M |  99.9   ovl   1   27  2.23M   22   10  31%  81.9M  -177n  n/a
   0   47 |   7 1.0   19   9.7M  152  497  76%    10M |  99.9   n/a   1   27  2.26M   23   19  45%  81.9M    n/a  n/a
   0   48 |   7 1.0   19    11M  192  508  72%    10M |  99.9   n/a   1   27  2.17M   21   13  38%  81.9M    n/a  n/a
   0   49 |   7 1.0   19   9.6M  157  491  75%    10M |  99.9   ovl   1   27  2.38M   24    7  22%  81.9M  -488n  n/a
   0   4a |   7 1.0   19    10M  175  519  74%    10M |  99.9   n/a   1   27  2.03M   21   14  40%  81.9M    n/a  n/a
   0   4b |   7 1.0   19   9.7M  162  498  75%    10M |  99.9   n/a   1   27  1.83M   20   14  41%  81.9M    n/a  n/a
   1   4c |   7 1.0   19   8.8M   93  274  74%    10M |  99.9   ovl   1   27  1.59M    8   10  55%  81.9M  -234n  n/a
   1   4d |   7 1.0   19   8.5M   86  294  77%    10M |  99.9   ovl   1   27  1.21M    6    9  60%  81.9M   -93n  n/a
   1   4e |   7 1.0   19   8.0M   88  353  80%    10M |  99.9   ovl   1   27  1.19M    6    8  57%  81.9M    49n  n/a
   1   4f |   7 1.0   19   9.0M   88  319  78%    10M |  99.9   ovl   1   27  1.00M    5    8  61%  81.9M   872n  n/a
   1   50 |   7 1.0   19   8.6M   82  314  79%    10M |  99.9   n/a   1   27  1.00M    5   13  72%  81.9M    n/a  n/a
   1   51 |   7 1.0    0      0    0    0   0%    10M |   n/a   n/a   1    0      0    0    0   0%  81.9M    n/a  n/a
   1   52 |   7 1.0   19   9.8M  103  237  69%    10M |  99.9   ovl   1   27  1.20M    6    5  45%  81.9M    49n  n/a
   1   53 |   7 1.0   19   8.4M   89  305  77%    10M |  99.9   ovl   1   27   984k    5    8  61%  81.9M    49n  n/a
   2   54 |   7 1.0   19   7.8M  176  513  74%    10M |  99.9   n/a   1   27  1.45M   18   18  50%  81.9M    n/a  n/a
   2   55 |   7 1.0   19   7.6M  162  517  76%    10M |  99.9   n/a   1   27  1.53M   21   16  43%  81.9M    n/a  n/a
   2   56 |   7 1.0   19   7.5M  197  580  74%    10M |  99.9   n/a   1   27  1.53M   21   15  41%  81.9M    n/a  n/a
   2   57 |   7 1.0   19   7.4M  165  521  75%    10M |  99.9   n/a   1   27  1.11M   14   18  56%  81.9M    n/a  n/a
   2   58 |   7 1.0   19   7.2M  172  669  79%    10M |  99.9   n/a   1   27  1.19M   17   17  50%  81.9M    n/a  n/a
   2   59 |   7 1.0   19   7.5M  156  525  77%    10M |  99.9   n/a   1   27  1.29M   16   16  50%  81.9M    n/a  n/a
   2   5a |   7 1.0   19   7.7M  175  603  77%    10M |  99.9   n/a   1   27  1.12M   16   16  50%  81.9M    n/a  n/a
   2   5b |   7 1.0   19   7.3M  159  500  75%    10M |  99.9   n/a   1   27  1.13M   15   16  51%  81.9M    n/a  n/a
   3   5c |   7 1.0   19   8.6M  150  627  80%    10M |  99.9   n/a   1   27  2.00M   19   20  51%  81.9M    n/a  n/a
   3   5d |   7 1.0   19   8.8M  139  522  78%    10M |  99.9   n/a   1   27  1.66M   16   17  51%  81.9M    n/a  n/a
   3   5e |   7 1.0   19   9.3M  157  593  79%    10M |  99.9   n/a   1   27  1.57M   15   23  60%  81.9M    n/a  n/a
   3   5f |   7 1.0   19   8.9M  149  550  78%    10M |  99.9   n/a   1   27  1.88M   20   22  52%  81.9M    n/a  n/a
   3   60 |   7 1.0   19   9.0M  142  577  80%    10M |  99.9   n/a   1   27  1.09M   11   20  64%  81.9M    n/a  n/a
   3   61 |   7 1.0   19   8.9M  142  528  78%    10M |  99.9   n/a   1   27  1.90M   19   16  45%  81.9M    n/a  n/a
   3   62 |   7 1.0   19   9.0M  161  596  78%    10M |  99.9   n/a   1   27  1.82M   18   23  56%  81.9M    n/a  n/a
   3   63 |   7 1.0   19   8.8M  147  563  79%    10M |  99.9   n/a   1   27  1.46M   15   20  57%  81.9M    n/a  n/a
   4   64 |   7 1.0   19   8.4M  159  608  79%    10M |  99.9   ovl   1   27  1.86M   21   20  48%  81.9M   766n  n/a
   4   65 |   7 1.0   19   8.6M  156  522  76%    10M |  99.9   ovl   1   27  1.27M   13   17  56%  81.9M  -391n  n/a
   4   66 |   7 1.0   19   8.4M  164  616  78%    10M |  99.9   ovl   1   27  1.36M   15   22  59%  81.9M    50n  n/a
   4   67 |   7 1.0   19   8.7M  155  507  76%    10M |  99.9   ovl   1   27  2.00M   21   20  48%  81.9M  -640n  n/a
   4   68 |   7 1.0   19   8.5M  172  595  77%    10M |  99.9   n/a   1   27  1.67M   20   17  45%  81.9M    n/a  n/a
   4   69 |   7 1.0   19   8.6M  161  535  76%    10M |  99.9   ovl   1   27  1.31M   15   22  59%  81.9M  -815n  n/a
   4   6a |   7 1.0   19   8.6M  166  501  75%    10M |  99.9   ovl   1   27  1.55M   17   19  52%  81.9M   894n  n/a
   4   6b |   7 1.0   19   8.7M  163  533  76%    10M |  99.9   n/a   1   27  1.43M   17   19  52%  81.9M    n/a  n/a
   0   44 |   7 1.0   19   9.2M  163  502  75%    10M |  99.9   n/a   1   27   940k   10   18  64%  81.9M    n/a  n/a
   0   45 |   7 1.0   19   8.7M  140  534  79%    10M |  99.9   n/a   1   27  2.03M   20   14  41%  81.9M    n/a  n/a
   0   46 |   7 1.0   19   8.8M  160  595  78%    10M |  99.9   n/a   1   27   895k   10   21  67%  81.9M    n/a  n/a
   0   47 |   7 1.0   19   8.5M  147  588  80%    10M |  99.9   n/a   1   27   617k    7   23  76%  81.9M    n/a  n/a
   0   48 |   7 1.0   19   8.7M  152  649  81%    10M |  99.9   n/a   1   27  1.20M   12   20  62%  81.9M    n/a  n/a
   0   49 |   7 1.0   19   8.5M  146  554  79%    10M |  99.9   n/a   1   27  1.00M   10   26  72%  81.9M    n/a  n/a
   0   4a |   7 1.0   19   9.0M  173  541  75%    10M |  99.9   n/a   1   27  1.31M   13   16  55%  81.9M    n/a  n/a
   0   4b |   7 1.0   19   8.7M  139  513  78%    10M |  99.9   n/a   1   27  1.62M   15   16  51%  81.9M    n/a  n/a
   1   4c |   7 1.0   19   7.3M   71  436  85%    10M |  99.9   n/a   1   27  2.37M   12   12  50%  81.9M    n/a  n/a
   1   4d |   7 1.0   19   8.1M   75  416  84%    10M |  99.9   n/a   1   27  1.02M    5   10  66%  81.9M    n/a  n/a
   1   4e |   7 1.0   19   8.2M   79  421  84%    10M |  99.9   n/a   1   27   988k    5   10  66%  81.9M    n/a  n/a
   1   4f |   7 1.0   19   8.1M   69  419  85%    10M |  99.9   n/a   1   27   590k    3   12  80%  81.9M    n/a  n/a
   1   50 |   7 1.0   19   8.6M   79  503  86%    10M |  99.9   n/a   1   27  1.19M    6   12  66%  81.9M    n/a  n/a
   1   51 |   7 1.0    0      0    0    0   0%    10M |   n/a   n/a   1    0      0    0    0   0%  81.9M    n/a  n/a
   1   52 |   7 1.0   19   8.4M   83  457  84%    10M |  99.9   n/a   1   27   820k    4   11  73%  81.9M    n/a  n/a
   1   53 |   7 1.0   19   8.1M   73  450  86%    10M |  99.9   n/a   1   27  1.18M    6   11  64%  81.9M    n/a  n/a
   2   54 |   7 1.0   19   8.3M  179  540  75%    10M |  99.9   n/a   1   27  1.37M   17   20  54%  81.9M    n/a  n/a
   2   55 |   7 1.0   19   8.3M  173  490  73%    10M |  99.9   ovl   1   27  1.27M   17   22  56%  81.9M  -911n  n/a
   2   56 |   7 1.0   19   8.6M  184  535  74%    10M |  99.9   ovl   1   27  1.49M   19   26  57%  81.9M  -656n  n/a
   2   57 |   7 1.0   19   7.8M  164  575  77%    10M |  99.9   ovl   1   27  1.04M   14   24  63%  81.9M   947n  n/a
   2   58 |   7 1.0   19   8.0M  168  578  77%    10M |  99.9   n/a   1   27  1.19M   14   21  60%  81.9M    n/a  n/a
   2   59 |   7 1.0   19   8.1M  173  495  74%    10M |  99.9   n/a   1   27  1.11M   15   18  54%  81.9M    n/a  n/a
   2   5a |   7 1.0   19   8.1M  178  580  76%    10M |  99.9   n/a   1   27  1.20M   17   23  57%  81.9M    n/a  n/a
   2   5b |   7 1.0   19   8.2M  175  518  74%    10M |  99.9   n/a   1   27  1.03M   14   25  64%  81.9M    n/a  n/a

          |--------------------DL---------------------|-------------------------------UL-----------------------------
 pci rnti | cqi  ri  mcs  brate   ok  nok  (%)  dl_bs | pusch  rsrp  ri  mcs  brate   ok  nok  (%)    bsr     ta  phr
   3   5c |   7 1.0   19    11M  184  521  73%    10M |  99.9   n/a   1   27  1.84M   19   12  38%  81.9M    n/a  n/a
   3   5d |   7 1.0   19    10M  177  469  72%    10M |  99.9   ovl   1   27  1.50M   15   15  50%  81.9M   313n  n/a
   3   5e |   7 1.0   19    11M  187  484  72%    10M |  99.9   n/a   1   27  2.38M   24   16  40%  81.9M    n/a  n/a
   3   5f |   7 1.0   19    11M  171  494  74%    10M |  99.9   n/a   1   27  2.56M   26   11  29%  81.9M    n/a  n/a
   3   60 |   7 1.0   19    11M  188  532  73%    10M |  99.9   n/a   1   27  1.75M   19   16  45%  81.9M    n/a  n/a
   3   61 |   7 1.0   19    11M  179  484  73%    10M |  99.9   n/a   1   27  1.87M   18   15  45%  81.9M    n/a  n/a
   3   62 |   7 1.0   19    11M  197  511  72%    10M |  99.9   n/a   1   27  1.60M   16   14  46%  81.9M    n/a  n/a
   3   63 |   7 1.0   19    11M  172  494  74%    10M |  99.9   n/a   1   27  1.59M   17   12  41%  81.9M    n/a  n/a
   4   64 |   7 1.0   19   9.7M  197  540  73%    10M |  99.9   n/a   1   27  1.80M   21   13  38%  81.9M    n/a  n/a
   4   65 |   7 1.0   19   9.5M  178  559  75%    10M |  99.9   ovl   1   27  1.50M   17   16  48%  81.9M   751n  n/a
   4   66 |   7 1.0   19   9.3M  180  556  75%    10M |  99.9   ovl   1   27  2.34M   28   10  26%  81.9M  -851n  n/a
   4   67 |   7 1.0   19   9.6M  182  516  73%    10M |  99.9   ovl   1   27  1.10M   12   17  58%  81.9M   894n  n/a
   4   68 |   7 1.0   19   9.1M  171  575  77%    10M |  99.9   ovl   1   27  1.82M   20   17  45%  81.9M     1u  n/a
   4   69 |   7 1.0   19   9.3M  173  549  76%    10M |  99.9   ovl   1   27  1.97M   22   17  43%  81.9M  -558n  n/a
   4   6a |   7 1.0   19   9.5M  190  562  74%    10M |  99.9   ovl   1   27  2.00M   21   13  38%  81.9M   105n  n/a
   4   6b |   7 1.0   19   9.4M  178  512  74%    10M |  99.9   n/a   1   27   945k   11   20  64%  81.9M    n/a  n/a
   0   44 |   7 1.0   19    11M  187  557  74%    10M |  99.9   ovl   1   27  2.36M   25   15  37%  81.9M  -101n  n/a
   0   45 |   7 1.0   19    11M  182  413  69%    10M |  99.9   ovl   1   27  3.12M   32    9  21%  81.9M   213n  n/a
   0   46 |   7 1.0   19    12M  212  473  69%    10M |  99.9   ovl   1   27  3.24M   34   15  30%  81.9M   278n  n/a
   0   47 |   7 1.0   19    11M  182  447  71%    10M |  99.9   ovl   1   27  2.38M   25   18  41%  81.9M    36n  n/a
   0   48 |   7 1.0   19    11M  189  480  71%    10M |  99.9   n/a   1   27  2.24M   23   14  37%  81.9M    n/a  n/a
   0   49 |   7 1.0   19    12M  186  425  69%    10M |  99.9   ovl   1   27  2.66M   27   15  35%  81.9M  -606n  n/a
   0   4a |   7 1.0   19    12M  203  428  67%    10M |  99.9   ovl   1   27  2.45M   26   13  33%  81.9M  -343n  n/a
   0   4b |   7 1.0   19    11M  185  424  69%    10M |  99.9   n/a   1   27  2.23M   21   16  43%  81.9M    n/a  n/a
   1   4c |   7 1.0   19   8.3M   78  427  84%    10M |  99.9   n/a   1   27   394k    2    9  81%  81.9M    n/a  n/a
   1   4d |   7 1.0   19   7.5M   71  418  85%    10M |  99.9   ovl   1   27   779k    4    8  66%  81.9M   897n  n/a
   1   4e |   7 1.0   19   7.9M   62  452  87%    10M |  99.9   n/a   1   27   590k    3    8  72%  81.9M    n/a  n/a
   1   4f |   7 1.0   19   7.6M   65  428  86%    10M |  99.9   n/a   1   27   197k    1    9  90%  81.9M    n/a  n/a
   1   50 |   7 1.0   19   8.1M   79  446  84%    10M |  99.9   n/a   1   27   820k    4    8  66%  81.9M    n/a  n/a
   1   51 |   7 1.0    0      0    0    0   0%    10M |   n/a   n/a   1    0      0    0    0   0%  81.9M    n/a  n/a
   1   52 |   7 1.0   19   7.7M   75  456  85%    10M |  99.9   ovl   1   27   594k    3   10  76%  81.9M    49n  n/a
   1   53 |   7 1.0   19   8.0M   71  417  85%    10M |  99.9   ovl   1   27   402k    2    8  80%  81.9M   872n  n/a
   2   54 |   7 1.0   19   8.2M  182  648  78%    10M |  99.9   n/a   1   27  1.39M   19   16  45%  81.9M    n/a  n/a
   2   55 |   7 1.0   19   8.3M  176  535  75%    10M |  99.9   n/a   1   27  1.22M   16   19  54%  81.9M    n/a  n/a
   2   56 |   7 1.0   19   8.8M  194  571  74%    10M |  99.9   ovl   1   27  1.69M   20   13  39%  81.9M  -911n  n/a
   2   57 |   7 1.0   19   8.4M  185  501  73%    10M |  99.9   n/a   1   27  1.85M   23   16  41%  81.9M    n/a  n/a
   2   58 |   7 1.0   19   8.9M  193  533  73%    10M |  99.9   n/a   1   27  1.49M   22   15  40%  81.9M    n/a  n/a
   2   59 |   7 1.0   19   8.5M  172  483  73%    10M |  99.9   ovl   1   27  1.50M   21   13  38%  81.9M   947n  n/a
   2   5a |   7 1.0   19   8.5M  186  545  74%    10M |  99.9   ovl   1   27  1.64M   21   16  43%  81.9M    -1u  n/a
   2   5b |   7 1.0   19   8.4M  181  528  74%    10M |  99.9   n/a   1   27  1.58M   20   17  45%  81.9M    n/a  n/a
   3   5c |   7 1.0   19   8.6M  149  537  78%    10M |  99.9   n/a   1   27  1.33M   13   23  63%  81.9M    n/a  n/a
   3   5d |   7 1.0   19   8.5M  144  552  79%    10M |  99.9   n/a   1   27  1.07M   11   25  69%  81.9M    n/a  n/a
   3   5e |   7 1.0   19   8.4M  149  583  79%    10M |  99.9   n/a   1   27  1.22M   11   22  66%  81.9M    n/a  n/a
   3   5f |   7 1.0   19   8.0M  132  577  81%    10M |  99.9   n/a   1   27  1.10M   12   20  62%  81.9M    n/a  n/a
   3   60 |   7 1.0   19   8.0M  141  619  81%    10M |  99.9   n/a   1   27  1.16M   12   23  65%  81.9M    n/a  n/a
   3   61 |   7 1.0   19   8.2M  138  585  80%    10M |  99.9   n/a   1   27  1.37M   13   17  56%  81.9M    n/a  n/a
   3   62 |   7 1.0   19   8.3M  140  622  81%    10M |  99.9   ovl   1   27  1.02M    9   24  72%  81.9M  -796n  n/a
   3   63 |   7 1.0   19   8.4M  143  573  80%    10M |  99.9   n/a   1   27   844k    9   23  71%  81.9M    n/a  n/a
   4   64 |   7 1.0   19   7.4M  158  612  79%    10M |  99.9   ovl   1   27  1.27M   14   19  57%  81.9M   899n  n/a
   4   65 |   7 1.0   19   6.7M  120  607  83%    10M |  99.9   ovl   1   27  1.88M   19   15  44%  81.9M   229n  n/a
   4   66 |   7 1.0   19   7.9M  149  598  80%    10M |  99.9   ovl   1   27  1.24M   14   14  50%  81.9M    96n  n/a
   4   67 |   7 1.0   19   7.2M  133  550  80%    10M |  99.9   ovl   1   27  1.53M   18   16  47%  81.9M  -815n  n/a
   4   68 |   7 1.0   19   7.2M  138  589  81%    10M |  99.9   ovl   1   27  1.08M   12   17  58%  81.9M   898n  n/a
   4   69 |   7 1.0   19   7.2M  129  609  82%    10M |  99.9   ovl   1   27  1.95M   22   21  48%  81.9M  -708n  n/a
   4   6a |   7 1.0   19   7.5M  147  579  79%    10M |  99.9   ovl   1   27  1.03M   11   18  62%  81.9M    96n  n/a
   4   6b |   7 1.0   19   6.7M  122  614  83%    10M |  99.9   ovl   1   27  1.83M   21   19  47%  81.9M  -920n  n/a
   0   44 |   7 1.0   19   9.5M  169  549  76%    10M |  99.9   n/a   1   27  1.91M   18    8  30%  81.9M    n/a  n/a
   0   45 |   7 1.0   19   9.8M  159  537  77%    10M |  99.9   n/a   1   27  1.53M   16   22  57%  81.9M    n/a  n/a
   0   46 |   7 1.0   19   9.7M  168  524  75%    10M |  99.9   n/a   1   27  1.37M   14   15  51%  81.9M    n/a  n/a
   0   47 |   7 1.0   19   9.9M  163  451  73%    10M |  99.9   n/a   1   27  2.43M   25    7  21%  81.9M    n/a  n/a
   0   48 |   7 1.0   19   8.8M  153  602  79%    10M |  99.9   ovl   1   27  2.53M   26   10  27%  81.9M  -176n  n/a
   0   49 |   7 1.0   19   9.8M  163  515  75%    10M |  99.9   n/a   1   27  1.31M   13   15  53%  81.9M    n/a  n/a
   0   4a |   7 1.0   19   9.2M  171  535  75%    10M |  99.9   ovl   1   27  1.64M   16   11  40%  81.9M  -587n  n/a
   0   4b |   7 1.0   19   9.6M  158  494  75%    10M |  99.9   n/a   1   27  1.83M   18    8  30%  81.9M    n/a  n/a
   1   4c |   7 1.0   19   7.4M   61  447  87%    10M |  99.9   n/a   1   27   394k    2    9  81%  81.9M    n/a  n/a
   1   4d |   7 1.0   19   6.9M   65  463  87%    10M |  99.9   n/a   1   27   808k    4   11  73%  81.9M    n/a  n/a
   1   4e |   7 1.0   19   7.0M   63  500  88%    10M |  99.9   n/a   1   27   799k    4   12  75%  81.9M    n/a  n/a
   1   4f |   7 1.0   19   6.9M   67  444  86%    10M |  99.9   ovl   1   27   824k    4   12  75%  81.9M   872n  n/a
   1   50 |   7 1.0   19   7.5M   64  478  88%    10M |  99.9   ovl   1   27   795k    4   11  73%  81.9M    49n  n/a
   1   51 |   7 1.0    0      0    0    0   0%    10M |   n/a   n/a   1    0      0    0    0   0%  81.9M    n/a  n/a
   1   52 |   7 1.0   19   7.0M   62  425  87%    10M |  99.9   n/a   1   27   791k    4   14  77%  81.9M    n/a  n/a
   1   53 |   7 1.0   19   7.0M   63  447  87%    10M |  99.9   n/a   1   27  1.38M    7   11  61%  81.9M    n/a  n/a
   2   54 |   7 1.0   19   6.9M  158  678  81%    10M |  99.9   n/a   1   27   803k   11   16  59%  81.9M    n/a  n/a
   2   55 |   7 1.0   19   6.8M  142  610  81%    10M |  99.9   n/a   1   27  1.04M   14   20  58%  81.9M    n/a  n/a
   2   56 |   7 1.0   19   7.3M  152  532  77%    10M |  99.9   n/a   1   27   568k    7   17  70%  81.9M    n/a  n/a
   2   57 |   7 1.0   19   6.8M  136  586  81%    10M |  99.9   n/a   1   27   884k   12   17  58%  81.9M    n/a  n/a
   2   58 |   7 1.0   19   7.1M  158  552  77%    10M |  99.9   n/a   1   27   705k    9   18  66%  81.9M    n/a  n/a
   2   59 |   7 1.0   19   7.0M  152  561  78%    10M |  99.9   n/a   1   27   785k   10   21  67%  81.9M    n/a  n/a
   2   5a |   7 1.0   19   7.5M  160  579  78%    10M |  99.9   n/a   1   27   764k    9   22  70%  81.9M    n/a  n/a
   2   5b |   7 1.0   19   6.9M  141  562  79%    10M |  99.9   n/a   1   27   748k   10   20  66%  81.9M    n/a  n/a
   3   5c |   7 1.0   19    11M  195  581  74%    10M |  99.9   n/a   1   27  1.61M   17   18  51%  81.9M    n/a  n/a
   3   5d |   7 1.0   19    11M  174  461  72%    10M |  99.9   n/a   1   27  2.11M   22   16  42%  81.9M    n/a  n/a
   3   5e |   7 1.0   19    11M  196  512  72%    10M |  99.9   n/a   1   27  1.52M   17   13  43%  81.9M    n/a  n/a
   3   5f |   7 1.0   19    11M  176  510  74%    10M |  99.9   n/a   1   27  1.57M   15   18  54%  81.9M    n/a  n/a
   3   60 |   7 1.0   19    11M  189  493  72%    10M |  99.9   n/a   1   27  1.43M   14   20  58%  81.9M    n/a  n/a
   3   61 |   7 1.0   19    11M  183  473  72%    10M |  99.9   n/a   1   27  1.42M   15   17  53%  81.9M    n/a  n/a
   3   62 |   7 1.0   19    11M  193  519  72%    10M |  99.9   n/a   1   27  1.50M   17   17  50%  81.9M    n/a  n/a
   3   63 |   7 1.0   19    11M  180  476  72%    10M |  99.9   n/a   1   27  2.07M   22   16  42%  81.9M    n/a  n/a

          |--------------------DL---------------------|-------------------------------UL-----------------------------
 pci rnti | cqi  ri  mcs  brate   ok  nok  (%)  dl_bs | pusch  rsrp  ri  mcs  brate   ok  nok  (%)    bsr     ta  phr
   4   64 |   7 1.0   19   8.0M  163  543  76%    10M |  99.9   n/a   1   27  1.95M   23   13  36%  81.9M    n/a  n/a
   4   65 |   7 1.0   19   8.1M  146  540  78%    10M |  99.9   n/a   1   27  1.92M   21   15  41%  81.9M    n/a  n/a
   4   66 |   7 1.0   19   7.8M  160  592  78%    10M |  99.9   n/a   1   27  1.58M   18   15  45%  81.9M    n/a  n/a
   4   67 |   7 1.0   19   7.7M  150  520  77%    10M |  99.9   n/a   1   27  1.68M   20   12  37%  81.9M    n/a  n/a
   4   68 |   7 1.0   19   7.9M  152  542  78%    10M |  99.9   n/a   1   27   695k    8   19  70%  81.9M    n/a  n/a
   4   69 |   7 1.0   19   8.1M  159  553  77%    10M |  99.9   n/a   1   27  2.10M   24   16  40%  81.9M    n/a  n/a
   4   6a |   7 1.0   19   7.7M  143  622  81%    10M |  99.9   n/a   1   27  1.76M   19   14  42%  81.9M    n/a  n/a
   4   6b |   7 1.0   19   8.0M  149  538  78%    10M |  99.9   n/a   1   27   947k   12   15  55%  81.9M    n/a  n/a
   0   44 |   7 1.0   19   8.8M  147  571  79%    10M |  99.9   ovl   1   27  2.01M   20   14  41%  81.9M    81n  n/a
   0   45 |   7 1.0   19   9.8M  165  486  74%    10M |  99.9   ovl   1   27  1.59M   17   12  41%  81.9M  -125n  n/a
   0   46 |   7 1.0   19   9.7M  173  552  76%    10M |  99.9   ovl   1   27  2.45M   24   14  36%  81.9M  -488n  n/a
   0   47 |   7 1.0   19   9.5M  154  473  75%    10M |  99.9   ovl   1   27  1.83M   17   17  50%  81.9M   232n  n/a
   0   48 |   7 1.0   19   9.3M  155  555  78%    10M |  99.9   ovl   1   27  2.05M   19   16  45%  81.9M  -493n  n/a
   0   49 |   7 1.0   19   9.4M  159  498  75%    10M |  99.9   ovl   1   27  2.45M   22   22  50%  81.9M    63n  n/a
   0   4a |   7 1.0   19   9.0M  164  513  75%    10M |  99.9   ovl   1   27  2.12M   20   14  41%  81.9M  -547n  n/a
   0   4b |   7 1.0   19   9.6M  158  526  76%    10M |  99.9   ovl   1   27  1.48M   14   19  57%  81.9M   -74n  n/a
   1   4c |   7 1.0   19   7.2M   64  415  86%    10M |  99.9   n/a   1   27   992k    5   10  66%  81.9M    n/a  n/a
   1   4d |   7 1.0   19   7.0M   64  463  87%    10M |  99.9   n/a   1   27   783k    4    8  66%  81.9M    n/a  n/a
   1   4e |   7 1.0   19   7.5M   71  495  87%    10M |  99.9   ovl   1   27   607k    3    6  66%  81.9M  -234n  n/a
   1   4f |   7 1.0   19   7.2M   74  506  87%    10M |  99.9   ovl   1   27   992k    5    8  61%  81.9M    49n  n/a
   1   50 |   7 1.0   19   7.2M   74  484  86%    10M |  99.9   n/a   1   27  1.21M    6    9  60%  81.9M    n/a  n/a
   1   51 |   7 1.0    0      0    0    0   0%    10M |   n/a   n/a   1    0      0    0    0   0%  81.9M    n/a  n/a
   1   52 |   7 1.0   19   7.3M   65  438  87%    10M |  99.9   n/a   1   27  1.00M    5   10  66%  81.9M    n/a  n/a
   1   53 |   7 1.0   19   7.4M   69  448  86%    10M |  99.9   n/a   1   27   996k    5    9  64%  81.9M    n/a  n/a
   2   54 |   7 1.0   19   6.4M  142  602  80%    10M |  99.9   ovl   1   27   854k   10   18  64%  81.9M  -815n  n/a
   2   55 |   7 1.0   19   6.2M  127  585  82%    10M |  99.9   ovl   1   27   773k   12   24  66%  81.9M  -784n  n/a
   2   56 |   7 1.0   19   6.7M  148  583  79%    10M |  99.9   ovl   1   27   874k   12   21  63%  81.9M  -977n  n/a
   2   57 |   7 1.0   19   6.1M  136  585  81%    10M |  99.9   ovl   1   27  1.24M   15   17  53%  81.9M   646n  n/a
   2   58 |   7 1.0   19   5.9M  127  690  84%    10M |  99.9   ovl   1   27   910k   12   19  61%  81.9M  -636n  n/a
   2   59 |   7 1.0   19   6.1M  128  560  81%    10M |  99.9   ovl   1   27  1.52M   19   15  44%  81.9M   460n  n/a
   2   5a |   7 1.0   19   6.0M  132  682  83%    10M |  99.9   ovl   1   27  1.37M   17   17  50%  81.9M   150n  n/a
   2   5b |   7 1.0   19   5.9M  126  547  81%    10M |  99.9   ovl   1   27   581k    8   22  73%  81.9M   694n  n/a
   3   5c |   7 1.0   19   8.4M  148  611  80%    10M |  99.9   n/a   1   27  1.13M   11   18  62%  81.9M    n/a  n/a
   3   5d |   7 1.0   19   7.8M  132  537  80%    10M |  99.9   n/a   1   27  1.29M   13   16  55%  81.9M    n/a  n/a
   3   5e |   7 1.0   19   8.1M  141  605  81%    10M |  99.9   n/a   1   27   609k    6   15  71%  81.9M    n/a  n/a
   3   5f |   7 1.0   19   8.0M  123  557  81%    10M |  99.9   n/a   1   27  1.21M   11   16  59%  81.9M    n/a  n/a
   3   60 |   7 1.0   19   8.1M  144  612  80%    10M |  99.9   n/a   1   27   973k    9   20  68%  81.9M    n/a  n/a
   3   61 |   7 1.0   19   7.6M  122  602  83%    10M |  99.9   n/a   1   27  1.23M   12   17  58%  81.9M    n/a  n/a
   3   62 |   7 1.0   19   7.8M  136  643  82%    10M |  99.9   n/a   1   27   848k    8   18  69%  81.9M    n/a  n/a
   3   63 |   7 1.0   19   7.8M  134  552  80%    10M |  99.9   n/a   1   27   965k   10   17  62%  81.9M    n/a  n/a
   4   64 |   7 1.0   19   8.9M  174  538  75%    10M |  99.9   n/a   1   27  1.60M   17   16  48%  81.9M    n/a  n/a
   4   65 |   7 1.0   19   8.9M  167  574  77%    10M |  99.9   n/a   1   27  2.55M   28   12  30%  81.9M    n/a  n/a
   4   66 |   7 1.0   19   9.2M  183  535  74%    10M |  99.9   n/a   1   27  2.32M   25   10  28%  81.9M    n/a  n/a
   4   67 |   7 1.0   19   8.7M  167  552  76%    10M |  99.9   n/a   1   27  2.27M   25   15  37%  81.9M    n/a  n/a
   4   68 |   7 1.0   19   9.1M  168  537  76%    10M |  99.9   ovl   1   27  1.98M   23   17  42%  81.9M  -858n  n/a
   4   69 |   7 1.0   19   9.0M  176  542  75%    10M |  99.9   n/a   1   27  1.86M   21   13  38%  81.9M    n/a  n/a
   4   6a |   7 1.0   19   9.1M  171  544  76%    10M |  99.9   ovl   1   27  1.08M   12   17  58%  81.9M   766n  n/a
   4   6b |   7 1.0   19   8.8M  166  515  75%    10M |  99.9   n/a   1   27  2.03M   21   11  34%  81.9M    n/a  n/a
   0   44 |   7 1.0   19   9.7M  168  482  74%    10M |  99.9   ovl   1   27  1.72M   17   16  48%  81.9M    82n  n/a
   0   45 |   7 1.0   19   8.8M  148  459  75%    10M |  99.9   ovl   1   27  1.62M   17   18  51%  81.9M   440n  n/a
   0   46 |   7 1.0   19   8.9M  165  540  76%    10M |  99.9   ovl   1   27  1.61M   16   13  44%  81.9M  -494n  n/a
   0   47 |   7 1.0   19   8.7M  152  546  78%    10M |  99.9   ovl   1   27  1.62M   17   16  48%  81.9M    76n  n/a
   0   48 |   7 1.0   19   8.7M  154  624  80%    10M |  99.9   ovl   1   27  1.72M   17   17  50%  81.9M  -129n  n/a
   0   49 |   7 1.0   19   8.8M  150  507  77%    10M |  99.9   ovl   1   27  1.78M   18   18  50%  81.9M   263n  n/a
   0   4a |   7 1.0   19   9.3M  159  558  77%    10M |  99.9   ovl   1   27  1.59M   15   18  54%  81.9M  -249n  n/a
   0   4b |   7 1.0   19   8.6M  145  493  77%    10M |  99.9   ovl   1   27  1.67M   18   17  48%  81.9M  -507n  n/a
   1   4c |   7 1.0   19  10.0M   83  328  79%    10M |  99.9   ovl   1   27  1.79M    9    8  47%  81.9M   884n  n/a
   1   4d |   7 1.0   19    10M   94  326  77%    10M |  99.9   n/a   1   27  1.39M    7    9  56%  81.9M    n/a  n/a
   1   4e |   7 1.0   19    10M   79  318  80%    10M |  99.9   ovl   1   27   980k    5    7  58%  81.9M  -234n  n/a
   1   4f |   7 1.0   19    10M   93  358  79%    10M |  99.9   ovl   1   27  1.59M    8    7  46%  81.9M   -93n  n/a
   1   50 |   7 1.0   19    10M   92  338  78%    10M |  99.9   n/a   1   27  1.65M    8   10  55%  81.9M    n/a  n/a
   1   51 |   7 1.0    0      0    0    0   0%    10M |   n/a   n/a   1    0      0    0    0   0%  81.9M    n/a  n/a
   1   52 |   7 1.0   19    10M   90  362  80%    10M |  99.9   n/a   1   27  1.41M    7    9  56%  81.9M    n/a  n/a
   1   53 |   7 1.0   19   9.8M   87  325  78%    10M |  99.9   ovl   1   27  1.62M    8    9  52%  81.9M   503n  n/a
   2   54 |   7 1.0   19   7.9M  186  507  73%    10M |  99.9   n/a   1   27  1.74M   22   13  37%  81.9M    n/a  n/a
   2   55 |   7 1.0   19   8.2M  166  511  75%    10M |  99.9   n/a   1   27   906k   12   18  60%  81.9M    n/a  n/a
   2   56 |   7 1.0   19   8.1M  177  563  76%    10M |  99.9   n/a   1   27  1.57M   21   14  40%  81.9M    n/a  n/a
   2   57 |   7 1.0   19   8.0M  176  511  74%    10M |  99.9   n/a   1   27  1.68M   22    8  26%  81.9M    n/a  n/a
   2   58 |   7 1.0   19   7.7M  171  564  76%    10M |  99.9   ovl   1   27  1.64M   21   19  47%  81.9M   517n  n/a
   2   59 |   7 1.0   19   8.1M  168  518  75%    10M |  99.9   n/a   1   27  1.52M   19   16  45%  81.9M    n/a  n/a
   2   5a |   7 1.0   19   7.9M  187  607  76%    10M |  99.9   n/a   1   27  1.58M   19   17  47%  81.9M    n/a  n/a
   2   5b |   7 1.0   19   8.0M  160  531  76%    10M |  99.9   n/a   1   27  2.13M   26   13  33%  81.9M    n/a  n/a
   3   5c |   7 1.0   19   8.3M  140  626  81%    10M |  99.9   n/a   1   27   678k    8   20  71%  81.9M    n/a  n/a
   3   5d |   7 1.0   19   8.3M  139  515  78%    10M |  99.9   ovl   1   27  1.68M   17   15  46%  81.9M  -620n  n/a
   3   5e |   7 1.0   19   7.5M  135  618  82%    10M |  99.9   ovl   1   27  1.20M   12   20  62%  81.9M  -131n  n/a
   3   5f |   7 1.0   19   8.3M  140  533  79%    10M |  99.9   ovl   1   27  1.65M   16   16  50%  81.9M   393n  n/a
   3   60 |   7 1.0   19   8.5M  146  517  77%    10M |  99.9   n/a   1   27  1.22M   13   21  61%  81.9M    n/a  n/a
   3   61 |   7 1.0   19   7.9M  135  554  80%    10M |  99.9   n/a   1   27   932k   10   20  66%  81.9M    n/a  n/a
   3   62 |   7 1.0   19   8.5M  145  608  80%    10M |  99.9   ovl   1   27  1.12M   11   20  64%  81.9M   896n  n/a
   3   63 |   7 1.0   19   8.0M  134  554  80%    10M |  99.9   ovl   1   27  1.31M   13   22  62%  81.9M  -892n  n/a
   4   64 |   7 1.0   19    10M  201  455  69%    10M |  99.9   ovl   1   27  2.68M   31   14  31%  81.9M   766n  n/a
   4   65 |   7 1.0   19   9.9M  182  460  71%    10M |  99.9   ovl   1   27  2.89M   32   13  28%  81.9M   766n  n/a
   4   66 |   7 1.0   19   9.7M  191  560  74%    10M |  99.9   ovl   1   27  1.80M   21   17  44%  81.9M  -628n  n/a
   4   67 |   7 1.0   19    10M  185  465  71%    10M |  99.9   ovl   1   27  2.21M   27    8  22%  81.9M  -858n  n/a
   4   68 |   7 1.0   19    11M  214  517  70%    10M |  99.9   ovl   1   27  2.34M   25   15  37%  81.9M   894n  n/a
   4   69 |   7 1.0   19    10M  189  498  72%    10M |  99.9   n/a   1   27  2.72M   34    8  19%  81.9M    n/a  n/a
   4   6a |   7 1.0   19    10M  205  525  71%    10M |  99.9   ovl   1   27  2.18M   25   14  35%  81.9M  -836n  n/a
   4   6b |   7 1.0   19    10M  182  495  73%    10M |  99.9   n/a   1   27  1.29M   15   17  53%  81.9M    n/a  n/a

          |--------------------DL---------------------|-------------------------------UL-----------------------------
 pci rnti | cqi  ri  mcs  brate   ok  nok  (%)  dl_bs | pusch  rsrp  ri  mcs  brate   ok  nok  (%)    bsr     ta  phr
   0   44 |   7 1.0   19   7.9M  141  628  81%    10M |  99.9   ovl   1   27  1.47M   15   18  54%  81.9M    17n  n/a
   0   45 |   7 1.0   19   8.5M  140  530  79%    10M |  99.9   n/a   1   27  1.39M   14   20  58%  81.9M    n/a  n/a
   0   46 |   7 1.0   19   8.5M  150  590  79%    10M |  99.9   n/a   1   27  1.97M   20    9  31%  81.9M    n/a  n/a
   0   47 |   7 1.0   19   8.4M  141  566  80%    10M |  99.9   n/a   1   27  1.56M   14   11  44%  81.9M    n/a  n/a
   0   48 |   7 1.0   19   8.1M  134  598  81%    10M |  99.9   n/a   1   27  1.25M   13   14  51%  81.9M    n/a  n/a
   0   49 |   7 1.0   19   8.3M  135  574  80%    10M |  99.9   n/a   1   27  2.12M   22   12  35%  81.9M    n/a  n/a
   0   4a |   7 1.0   19   7.9M  133  596  81%    10M |  99.9   n/a   1   27  1.52M   16   16  50%  81.9M    n/a  n/a
   0   4b |   7 1.0   19   8.1M  132  531  80%    10M |  99.9   n/a   1   27  1.01M   11   17  60%  81.9M    n/a  n/a
   1   4c |   7 1.0   19   7.9M   76  422  84%    10M |  99.9   n/a   1   27  1.20M    6   10  62%  81.9M    n/a  n/a
   1   4d |   7 1.0   19   7.6M   78  464  85%    10M |  99.9   n/a   1   27   389k    2    9  81%  81.9M    n/a  n/a
   1   4e |   7 1.0   19   8.1M   76  447  85%    10M |  99.9   n/a   1   27  1.19M    6    9  60%  81.9M    n/a  n/a
   1   4f |   7 1.0   19   7.3M   69  412  85%    10M |  99.9   ovl   1   27  1.00M    5   10  66%  81.9M    49n  n/a
   1   50 |   7 1.0   19   7.8M   76  386  83%    10M |  99.9   n/a   1   27   590k    3   12  80%  81.9M    n/a  n/a
   1   51 |   7 1.0    0      0    0    0   0%    10M |   n/a   n/a   1    0      0    0    0   0%  81.9M    n/a  n/a
   1   52 |   7 1.0   19   7.4M   63  434  87%    10M |  99.9   ovl   1   27  1.19M    6    8  57%  81.9M    49n  n/a
   1   53 |   7 1.0   19   7.5M   68  475  87%    10M |  99.9   ovl   1   27  1.61M    8   11  57%  81.9M   319n  n/a
   2   54 |   7 1.0   19   6.9M  150  641  81%    10M |  99.9   n/a   1   27  1.50M   19   13  40%  81.9M    n/a  n/a
   2   55 |   7 1.0   19   7.0M  157  537  77%    10M |  99.9   n/a   1   27   860k   12   18  60%  81.9M    n/a  n/a
   2   56 |   7 1.0   19   7.3M  158  521  76%    10M |  99.9   n/a   1   27  1.17M   15   19  55%  81.9M    n/a  n/a
   2   57 |   7 1.0   19   6.8M  148  518  77%    10M |  99.9   n/a   1   27  1.58M   19   13  40%  81.9M    n/a  n/a
   2   58 |   7 1.0   19   6.8M  159  655  80%    10M |  99.9   n/a   1   27  1.00M   13   15  53%  81.9M    n/a  n/a
   2   59 |   7 1.0   19   7.1M  156  610  79%    10M |  99.9   n/a   1   27  1.13M   14   15  51%  81.9M    n/a  n/a
   2   5a |   7 1.0   19   6.8M  140  651  82%    10M |  99.9   n/a   1   27  1.13M   13   15  53%  81.9M    n/a  n/a
   2   5b |   7 1.0   19   7.0M  160  593  78%    10M |  99.9   n/a   1   27  1.11M   14   16  53%  81.9M    n/a  n/a
   3   5c |   7 1.0   19   8.5M  140  664  82%    10M |  99.9   ovl   1   27  1.53M   16   18  52%  81.9M    72n  n/a
   3   5d |   7 1.0   19   8.3M  142  513  78%    10M |  99.9   ovl   1   27  1.33M   14   18  56%  81.9M   312n  n/a
   3   5e |   7 1.0   19   8.5M  159  576  78%    10M |  99.9   ovl   1   27  1.06M   11   16  59%  81.9M  -180n  n/a
   3   5f |   7 1.0   19   8.2M  133  618  82%    10M |  99.9   ovl   1   27  1.01M   10   20  66%  81.9M  -769n  n/a
   3   60 |   7 1.0   19   8.3M  139  601  81%    10M |  99.9   ovl   1   27  1.30M   13   19  59%  81.9M  -375n  n/a
   3   61 |   7 1.0   19   8.2M  139  510  78%    10M |  99.9   ovl   1   27  1.45M   14   15  51%  81.9M  -181n  n/a
   3   62 |   7 1.0   19   8.3M  139  639  82%    10M |  99.9   ovl   1   27  1.21M   12   17  58%  81.9M    28f  n/a
   3   63 |   7 1.0   19   8.2M  141  541  79%    10M |  99.9   ovl   1   27  1.30M   13   19  59%  81.9M    82n  n/a
   4   64 |   7 1.0   19   8.6M  166  550  76%    10M |  99.9   ovl   1   27  1.83M   20   18  47%  81.9M   -17n  n/a
   4   65 |   7 1.0   19   8.4M  153  526  77%    10M |  99.9   ovl   1   27  2.08M   25    8  24%  81.9M   440n  n/a
   4   66 |   7 1.0   19   8.8M  175  511  74%    10M |  99.9   ovl   1   27  1.83M   20   12  37%  81.9M  -827n  n/a
   4   67 |   7 1.0   19   8.7M  163  498  75%    10M |  99.9   ovl   1   27  1.55M   17   19  52%  81.9M  -230n  n/a
   4   68 |   7 1.0   19   8.4M  179  580  76%    10M |  99.9   ovl   1   27  1.48M   17   13  43%  81.9M  -404n  n/a
   4   69 |   7 1.0   19   8.8M  176  515  74%    10M |  99.9   ovl   1   27  1.48M   18   10  35%  81.9M   -17n  n/a
   4   6a |   7 1.0   19   8.4M  162  616  79%    10M |  99.9   ovl   1   27  1.70M   19   16  45%  81.9M  -294n  n/a
   4   6b |   7 1.0   19   8.7M  160  519  76%    10M |  99.9   ovl   1   27  1.17M   14   17  54%  81.9M   244n  n/a
   0   44 |   7 1.0   19   6.8M  118  681  85%    10M |  99.9   n/a   1   27  1.55M   16   10  38%  81.9M    n/a  n/a
   0   45 |   7 1.0   19   7.2M  129  555  81%    10M |  99.9   ovl   1   27  1.29M   13    6  31%  81.9M   -66n  n/a
   0   46 |   7 1.0   19   7.7M  136  620  82%    10M |  99.9   ovl   1   27  1.10M   11   14  56%  81.9M  -243n  n/a
   0   47 |   7 1.0   19   7.6M  132  560  80%    10M |  99.9   ovl   1   27  1.26M   13   17  56%  81.9M  -176n  n/a
   0   48 |   7 1.0   19   7.7M  143  634  81%    10M |  99.9   n/a   1   27  1.12M   12   15  55%  81.9M    n/a  n/a
   0   49 |   7 1.0   19   7.4M  128  499  79%    10M |  99.9   n/a   1   27  1.28M   14   18  56%  81.9M    n/a  n/a
   0   4a |   7 1.0   19   7.0M  128  557  81%    10M |  99.9   n/a   1   27  1.20M   11   11  50%  81.9M    n/a  n/a
   0   4b |   7 1.0   19   7.4M  122  575  82%    10M |  99.9   n/a   1   27   834k    9   20  68%  81.9M    n/a  n/a
   1   4c |   7 1.0   19    10M   86  276  76%    10M |  99.9   ovl   1   27  1.79M    9    7  43%  81.9M   323n  n/a
   1   4d |   7 1.0   19   9.0M   88  320  78%    10M |  99.9   ovl   1   27  1.80M    9    9  50%  81.9M   461n  n/a
   1   4e |   7 1.0   19    10M  106  296  73%    10M |  99.9   ovl   1   27  2.78M   14    7  33%  81.9M   -45n  n/a
   1   4f |   7 1.0   19   8.5M   78  317  80%    10M |  99.9   ovl   1   27  1.80M    9    8  47%  81.9M   467n  n/a
   1   50 |   7 1.0   19   9.2M   93  352  79%    10M |  99.9   ovl   1   27  1.59M    8    5  38%  81.9M   183n  n/a
   1   51 |   7 1.0    0      0    0    0   0%    10M |   n/a   n/a   1    0      0    0    0   0%  81.9M    n/a  n/a
   1   52 |   7 1.0   19   9.7M   96  333  77%    10M |  99.9   ovl   1   27  2.39M   12    9  42%  81.9M   319n  n/a
   1   53 |   7 1.0   19   8.8M   84  291  77%    10M |  99.9   ovl   1   27  1.41M    7    7  50%  81.9M   390n  n/a
   2   54 |   7 1.0   19   6.8M  155  633  80%    10M |  99.9   n/a   1   27  1.25M   16   13  44%  81.9M    n/a  n/a
   2   55 |   7 1.0   19   7.1M  160  544  77%    10M |  99.9   n/a   1   27   963k   13   16  55%  81.9M    n/a  n/a
   2   56 |   7 1.0   19   7.3M  165  587  78%    10M |  99.9   ovl   1   27  1.01M   15   17  53%  81.9M  -978n  n/a
   2   57 |   7 1.0   19   7.1M  160  530  76%    10M |  99.9   n/a   1   27  1.03M   13   17  56%  81.9M    n/a  n/a
   2   58 |   7 1.0   19   7.3M  167  517  75%    10M |  99.9   n/a   1   27   989k   14   18  56%  81.9M    n/a  n/a
   2   59 |   7 1.0   19   7.5M  155  555  78%    10M |  99.9   n/a   1   27   818k   11   16  59%  81.9M    n/a  n/a
   2   5a |   7 1.0   19   6.9M  153  635  80%    10M |  99.9   n/a   1   27   796k   10   17  62%  81.9M    n/a  n/a
   2   5b |   7 1.0   19   7.5M  158  492  75%    10M |  99.9   n/a   1   27  1.39M   19   18  48%  81.9M    n/a  n/a
   3   5c |   7 1.0   19   6.7M  127  681  84%    10M |  99.9   n/a   1   27   883k    8   14  63%  81.9M    n/a  n/a
   3   5d |   7 1.0   19   7.2M  126  577  82%    10M |  99.9   n/a   1   27  1.17M   12   16  57%  81.9M    n/a  n/a
   3   5e |   7 1.0   19   7.4M  132  591  81%    10M |  99.9   n/a   1   27   643k    7   16  69%  81.9M    n/a  n/a
   3   5f |   7 1.0   19   7.2M  114  653  85%    10M |  99.9   n/a   1   27   500k    5   18  78%  81.9M    n/a  n/a
   3   60 |   7 1.0   19   7.2M  126  648  83%    10M |  99.9   n/a   1   27   715k    7   17  70%  81.9M    n/a  n/a
   3   61 |   7 1.0   19   7.3M  120  613  83%    10M |  99.9   n/a   1   27   875k    8   17  68%  81.9M    n/a  n/a
   3   62 |   7 1.0   19   7.4M  128  720  84%    10M |  99.9   n/a   1   27   389k    4   21  84%  81.9M    n/a  n/a
   3   63 |   7 1.0   19   7.2M  113  570  83%    10M |  99.9   n/a   1   27   797k    9   18  66%  81.9M    n/a  n/a
   4   64 |   7 1.0   19   8.0M  151  584  79%    10M |  99.9   ovl   1   27  2.47M   26   13  33%  81.9M   274n  n/a
   4   65 |   7 1.0   19   9.0M  176  481  73%    10M |  99.9   ovl   1   27  1.76M   21   19  47%  81.9M  -192n  n/a
   4   66 |   7 1.0   19   8.7M  178  600  77%    10M |  99.9   ovl   1   27  2.17M   25   14  35%  81.9M   110n  n/a
   4   67 |   7 1.0   19   8.8M  168  437  72%    10M |  99.9   ovl   1   27  1.80M   20   16  44%  81.9M  -284n  n/a
   4   68 |   7 1.0   19   8.5M  164  596  78%    10M |  99.9   ovl   1   27  2.18M   24   16  40%  81.9M  -232n  n/a
   4   69 |   7 1.0   19   8.7M  169  515  75%    10M |  99.9   ovl   1   27  1.83M   21   14  40%  81.9M  -468n  n/a
   4   6a |   7 1.0   19   8.1M  150  622  80%    10M |  99.9   ovl   1   27  1.98M   22   11  33%  81.9M  -334n  n/a
   4   6b |   7 1.0   19   8.8M  179  502  73%    10M |  99.9   ovl   1   27  1.33M   16   16  50%  81.9M   280n  n/a
   0   44 |   7 1.0   19    13M  228  393  63%    10M |  99.9   ovl   1   27  3.81M   39   11  22%  81.9M  -117n  n/a
   0   45 |   7 1.0   19    13M  211  406  65%    10M |  99.9   ovl   1   27  4.01M   40   10  20%  81.9M  -169n  n/a
   0   46 |   7 1.0   19    12M  214  395  64%    10M |  99.9   ovl   1   27  3.37M   35   12  25%  81.9M  -107n  n/a
   0   47 |   7 1.0   19    13M  221  388  63%    10M |  99.9   ovl   1   27  3.87M   39   13  25%  81.9M  -136n  n/a
   0   48 |   7 1.0   19    13M  212  364  63%    10M |  99.9   ovl   1   27  3.17M   32   12  27%  81.9M  -318n  n/a
   0   49 |   7 1.0   19    13M  212  373  63%    10M |  99.9   ovl   1   27  3.63M   37   11  22%  81.9M  -177n  n/a
   0   4a |   7 1.0   19    13M  222  371  62%    10M |  99.9   ovl   1   27  3.65M   37   10  21%  81.9M  -156n  n/a
   0   4b |   7 1.0   19    13M  217  406  65%    10M |  99.9   ovl   1   27  3.31M   32   11  25%  81.9M  -316n  n/a

          |--------------------DL---------------------|-------------------------------UL-----------------------------
 pci rnti | cqi  ri  mcs  brate   ok  nok  (%)  dl_bs | pusch  rsrp  ri  mcs  brate   ok  nok  (%)    bsr     ta  phr
   1   4c |   7 1.0   19   7.9M   67  402  85%    10M |  99.9   n/a   1   27   996k    5    8  61%  81.9M    n/a  n/a
   1   4d |   7 1.0   19   7.6M   68  385  84%    10M |  99.9   n/a   1   27  1.81M    9    7  43%  81.9M    n/a  n/a
   1   4e |   7 1.0   19   8.3M   72  361  83%    10M |  99.9   n/a   1   27  2.18M   11    8  42%  81.9M    n/a  n/a
   1   4f |   7 1.0   19   7.8M   76  384  83%    10M |  99.9   n/a   1   27  1.41M    7    8  53%  81.9M    n/a  n/a
   1   50 |   7 1.0   19   7.9M   78  421  84%    10M |  99.9   n/a   1   27  1.80M    9    9  50%  81.9M    n/a  n/a
   1   51 |   7 1.0    0      0    0    0   0%    10M |   n/a   n/a   1    0      0    0    0   0%  81.9M    n/a  n/a
   1   52 |   7 1.0   19   7.1M   68  454  86%    10M |  99.9   n/a   1   27  1.80M    9    8  47%  81.9M    n/a  n/a
   1   53 |   7 1.0   19   8.0M   73  405  84%    10M |  99.9   n/a   1   27  1.41M    7    7  50%  81.9M    n/a  n/a
   2   54 |   7 1.0   19   5.4M  121  681  84%    10M |  99.9   n/a   1   27  1.09M   13   14  51%  81.9M    n/a  n/a
   2   55 |   7 1.0   19   5.4M  112  644  85%    10M |  99.9   ovl   1   27   998k   12   18  60%  81.9M  -911n  n/a
   2   56 |   7 1.0   19   5.6M  135  648  82%    10M |  99.9   n/a   1   27  1.07M   15   16  51%  81.9M    n/a  n/a
   2   57 |   7 1.0   19   5.4M  111  645  85%    10M |  99.9   ovl   1   27  1.08M   15   18  54%  81.9M  -911n  n/a
   2   58 |   7 1.0   19   5.5M  132  647  83%    10M |  99.9   ovl   1   27   688k   10   19  65%  81.9M  -656n  n/a
   2   59 |   7 1.0   19   5.6M  122  615  83%    10M |  99.9   ovl   1   27   651k    8   15  65%  81.9M    -1u  n/a
   2   5a |   7 1.0   19   5.6M  126  642  83%    10M |  99.9   n/a   1   27   830k   11   15  57%  81.9M    n/a  n/a
   2   5b |   7 1.0   19   5.4M  114  625  84%    10M |  99.9   n/a   1   27  1.04M   14   16  53%  81.9M    n/a  n/a
   3   5c |   7 1.0   19   8.8M  159  586  78%    10M |  99.9   ovl   1   27  1.50M   15   16  51%  81.9M  -620n  n/a
   3   5d |   7 1.0   19   8.7M  153  484  75%    10M |  99.9   n/a   1   27  1.51M   13   12  48%  81.9M    n/a  n/a
   3   5e |   7 1.0   19   8.7M  155  570  78%    10M |  99.9   ovl   1   27  1.49M   16   17  51%  81.9M   960n  n/a
   3   5f |   7 1.0   19   8.3M  151  513  77%    10M |  99.9   ovl   1   27  1.09M   12   16  57%  81.9M   896n  n/a
   3   60 |   7 1.0   19   8.8M  165  585  78%    10M |  99.9   n/a   1   27  1.27M   12   18  60%  81.9M    n/a  n/a
   3   61 |   7 1.0   19   9.0M  152  570  78%    10M |  99.9   ovl   1   27  1.37M   14   16  53%  81.9M  -983n  n/a
   3   62 |   7 1.0   19   8.8M  157  592  79%    10M |  99.9   ovl   1   27  1.01M   10   17  62%  81.9M   312n  n/a
   3   63 |   7 1.0   19   8.8M  149  548  78%    10M |  99.9   ovl   1   27  1.56M   15   15  50%  81.9M   417n  n/a
   4   64 |   7 1.0   19   6.9M  138  650  82%    10M |  99.9   n/a   1   27   793k    9   17  65%  81.9M    n/a  n/a
   4   65 |   7 1.0   19   7.0M  137  641  82%    10M |  99.9   n/a   1   27  1.16M   13   14  51%  81.9M    n/a  n/a
   4   66 |   7 1.0   19   7.1M  132  646  83%    10M |  99.9   n/a   1   27   928k   10   15  60%  81.9M    n/a  n/a
   4   67 |   7 1.0   19   6.9M  126  582  82%    10M |  99.9   n/a   1   27  1.00M   12   14  53%  81.9M    n/a  n/a
   4   68 |   7 1.0   19   6.4M  124  751  85%    10M |  99.9   n/a   1   27   705k    8   15  65%  81.9M    n/a  n/a
   4   69 |   7 1.0   19   7.0M  123  533  81%    10M |  99.9   n/a   1   27  1.09M   13   15  53%  81.9M    n/a  n/a
   4   6a |   7 1.0   19   7.2M  148  603  80%    10M |  99.9   n/a   1   27   832k    9   15  62%  81.9M    n/a  n/a
   4   6b |   7 1.0   19   6.9M  130  596  82%    10M |  99.9   n/a   1   27   781k   10   17  62%  81.9M    n/a  n/a
   0   44 |   7 1.0   19   9.5M  166  567  77%    10M |  99.9   ovl   1   27  1.74M   17    9  34%  81.9M  -505n  n/a
   0   45 |   7 1.0   19    10M  163  440  72%    10M |  99.9   ovl   1   27  3.14M   31   13  29%  81.9M    93n  n/a
   0   46 |   7 1.0   19   9.9M  175  517  74%    10M |  99.9   ovl   1   27  2.24M   23    9  28%  81.9M   315n  n/a
   0   47 |   7 1.0   19    10M  167  427  71%    10M |  99.9   ovl   1   27  2.33M   23   14  37%  81.9M   -25n  n/a
   0   48 |   7 1.0   19   9.5M  165  529  76%    10M |  99.9   ovl   1   27  1.67M   15   15  50%  81.9M  -439n  n/a
   0   49 |   7 1.0   19    10M  173  427  71%    10M |  99.9   ovl   1   27  2.45M   25   10  28%  81.9M  -337n  n/a
   0   4a |   7 1.0   19   9.8M  179  534  74%    10M |  99.9   ovl   1   27  2.06M   21   12  36%  81.9M   -84n  n/a
   0   4b |   7 1.0   19   9.8M  162  408  71%    10M |  99.9   ovl   1   27  2.46M   24   15  38%  81.9M  -336n  n/a
   1   4c |   7 1.0   19   8.3M   73  378  83%    10M |  99.9   ovl   1   27   795k    4   12  75%  81.9M    49n  n/a
   1   4d |   7 1.0   19   8.4M   70  391  84%    10M |  99.9   n/a   1   27  2.00M   10    8  44%  81.9M    n/a  n/a
   1   4e |   7 1.0   19   8.5M   69  426  86%    10M |  99.9   n/a   1   27  1.41M    7   10  58%  81.9M    n/a  n/a
   1   4f |   7 1.0   19   8.0M   66  371  84%    10M |  99.9   n/a   1   27   992k    5    9  64%  81.9M    n/a  n/a
   1   50 |   7 1.0   19   9.1M   80  342  81%    10M |  99.9   n/a   1   27  1.40M    7    5  41%  81.9M    n/a  n/a
   1   51 |   7 1.0    0      0    0    0   0%    10M |   n/a   n/a   1    0      0    0    0   0%  81.9M    n/a  n/a
   1   52 |   7 1.0   19   9.0M   74  394  84%    10M |  99.9   ovl   1   27   795k    4   12  75%  81.9M    49n  n/a
   1   53 |   7 1.0   19   7.6M   69  394  85%    10M |  99.9   n/a   1   27   799k    4    4  50%  81.9M    n/a  n/a
   2   54 |   7 1.0   19   6.3M  141  616  81%    10M |  99.9   ovl   1   27   593k    8   19  70%  81.9M   947n  n/a
   2   55 |   7 1.0   19   6.4M  137  558  80%    10M |  99.9   n/a   1   27   438k    6   16  72%  81.9M    n/a  n/a
   2   56 |   7 1.0   19   6.6M  153  649  80%    10M |  99.9   n/a   1   27   396k    5   18  78%  81.9M    n/a  n/a
   2   57 |   7 1.0   19   6.5M  138  544  79%    10M |  99.9   ovl   1   27   555k    7   18  72%  81.9M  -656n  n/a
   2   58 |   7 1.0   19   6.2M  140  666  82%    10M |  99.9   ovl   1   27   663k    8   14  63%  81.9M  -553n  n/a
   2   59 |   7 1.0   19   6.5M  142  579  80%    10M |  99.9   ovl   1   27   612k    8   19  70%  81.9M   -92n  n/a
   2   5a |   7 1.0   19   6.4M  137  659  82%    10M |  99.9   ovl   1   27   584k    8   19  70%  81.9M   147n  n/a
   2   5b |   7 1.0   19   6.4M  136  593  81%    10M |  99.9   ovl   1   27   598k    9   12  57%  81.9M  -911n  n/a
   3   5c |   7 1.0   19   9.6M  159  519  76%    10M |  99.9   ovl   1   27  1.81M   18   15  45%  81.9M  -862n  n/a
   3   5d |   7 1.0   19   9.3M  159  566  78%    10M |  99.9   ovl   1   27  2.04M   19   14  42%  81.9M   484n  n/a
   3   5e |   7 1.0   19   9.6M  167  580  77%    10M |  99.9   ovl   1   27  2.02M   21   16  43%  81.9M   616n  n/a
   3   5f |   7 1.0   19   9.6M  151  496  76%    10M |  99.9   ovl   1   27  1.26M   13   19  59%  81.9M  -243n  n/a
   3   60 |   7 1.0   19   9.6M  160  586  78%    10M |  99.9   ovl   1   27  2.10M   21   12  36%  81.9M    31n  n/a
   3   61 |   7 1.0   19   9.1M  152  477  75%    10M |  99.9   ovl   1   27  1.95M   20   17  45%  81.9M    35n  n/a
   3   62 |   7 1.0   19   9.0M  149  600  80%    10M |  99.9   ovl   1   27  1.88M   18   15  45%  81.9M   -71n  n/a
   3   63 |   7 1.0   19   9.2M  147  503  77%    10M |  99.9   ovl   1   27  1.69M   17   17  50%  81.9M   417n  n/a
   4   64 |   7 1.0   19   5.9M  119  699  85%    10M |  99.9   ovl   1   27   420k    4   22  84%  81.9M  -815n  n/a
   4   65 |   7 1.0   19   5.7M  107  603  84%    10M |  99.9   ovl   1   27   524k    6   23  79%  81.9M  -772n  n/a
   4   66 |   7 1.0   19   6.5M  135  619  82%    10M |  99.9   ovl   1   27   447k    5   21  80%  81.9M   260n  n/a
   4   67 |   7 1.0   19   5.8M  104  597  85%    10M |  99.9   ovl   1   27   592k    7   21  75%  81.9M   853n  n/a
   4   68 |   7 1.0   19   5.6M  109  660  85%    10M |  99.9   ovl   1   27   629k    7   24  77%  81.9M    73n  n/a
   4   69 |   7 1.0   19   5.8M  108  663  85%    10M |  99.9   ovl   1   27   268k    3   25  89%  81.9M  -749n  n/a
   4   6a |   7 1.0   19   6.1M  122  631  83%    10M |  99.9   ovl   1   27   477k    5   22  81%  81.9M   260n  n/a
   4   6b |   7 1.0   19   5.8M  108  644  85%    10M |  99.9   ovl   1   27   336k    4   24  85%  81.9M  -624n  n/a
   0   44 |   7 1.0   19   9.4M  169  556  76%    10M |  99.9   n/a   1   27  1.94M   19   18  48%  81.9M    n/a  n/a
   0   45 |   7 1.0   19   9.2M  155  534  77%    10M |  99.9   n/a   1   27  1.63M   17   15  46%  81.9M    n/a  n/a
   0   46 |   7 1.0   19   9.3M  164  499  75%    10M |  99.9   n/a   1   27  2.26M   23   12  34%  81.9M    n/a  n/a
   0   47 |   7 1.0   19   8.9M  159  487  75%    10M |  99.9   n/a   1   27   766k    8   19  70%  81.9M    n/a  n/a
   0   48 |   7 1.0   19   8.7M  153  524  77%    10M |  99.9   n/a   1   27  1.52M   15   20  57%  81.9M    n/a  n/a
   0   49 |   7 1.0   19   8.9M  147  505  77%    10M |  99.9   n/a   1   27  1.39M   15   18  54%  81.9M    n/a  n/a
   0   4a |   7 1.0   19   8.5M  147  577  79%    10M |  99.9   n/a   1   27  1.10M   12   17  58%  81.9M    n/a  n/a
   0   4b |   7 1.0   19   9.4M  153  507  76%    10M |  99.9   n/a   1   27  1.07M   11   20  64%  81.9M    n/a  n/a
   1   4c |   7 1.0   19   9.1M   84  332  79%    10M |  99.9   n/a   1   27   599k    3    8  72%  81.9M    n/a  n/a
   1   4d |   7 1.0   19   8.9M   82  304  78%    10M |  99.9   n/a   1   27  1.60M    8   10  55%  81.9M    n/a  n/a
   1   4e |   7 1.0   19   8.9M   79  332  80%    10M |  99.9   n/a   1   27  1.78M    9   12  57%  81.9M    n/a  n/a
   1   4f |   7 1.0   19   8.4M   74  319  81%    10M |  99.9   n/a   1   27  1.38M    7   15  68%  81.9M    n/a  n/a
   1   50 |   7 1.0   19   9.0M   84  293  77%    10M |  99.9   n/a   1   27   197k    1   11  91%  81.9M    n/a  n/a
   1   51 |   7 1.0    0      0    0    0   0%    10M |   n/a   n/a   1    0      0    0    0   0%  81.9M    n/a  n/a
   1   52 |   7 1.0   19   8.4M   73  301  80%    10M |  99.9   n/a   1   27  1.20M    6    7  53%  81.9M    n/a  n/a
   1   53 |   7 1.0   19   8.7M   80  324  80%    10M |  99.9   n/a   1   27   783k    4   10  71%  81.9M    n/a  n/a

          |--------------------DL---------------------|-------------------------------UL-----------------------------
 pci rnti | cqi  ri  mcs  brate   ok  nok  (%)  dl_bs | pusch  rsrp  ri  mcs  brate   ok  nok  (%)    bsr     ta  phr
   2   54 |   7 1.0   19   6.3M  140  585  80%    10M |  99.9   ovl   1   27  1.52M   19   16  45%  81.9M  -437n  n/a
   2   55 |   7 1.0   19   6.6M  135  549  80%    10M |  99.9   ovl   1   27  1.04M   14   22  61%  81.9M   109n  n/a
   2   56 |   7 1.0   19   6.2M  133  663  83%    10M |  99.9   ovl   1   27  1.11M   15   24  61%  81.9M  -553n  n/a
   2   57 |   7 1.0   19   6.4M  145  557  79%    10M |  99.9   ovl   1   27  1.21M   16   18  52%  81.9M  -106n  n/a
   2   58 |   7 1.0   19   6.8M  149  608  80%    10M |  99.9   ovl   1   27  1.19M   17   22  56%  81.9M   928n  n/a
   2   59 |   7 1.0   19   6.5M  143  602  80%    10M |  99.9   ovl   1   27   967k   13   21  61%  81.9M  -729n  n/a
   2   5a |   7 1.0   19   6.5M  148  646  81%    10M |  99.9   ovl   1   27  1.27M   17   21  55%  81.9M   -23n  n/a
   2   5b |   7 1.0   19   6.7M  148  566  79%    10M |  99.9   ovl   1   27  1.02M   13   20  60%  81.9M   603n  n/a
   3   5c |   7 1.0   19    10M  181  580  76%    10M |  99.9   ovl   1   27  1.20M   12   18  60%  81.9M  -393n  n/a
   3   5d |   7 1.0   19    10M  163  493  75%    10M |  99.9   ovl   1   27  1.78M   16   16  50%  81.9M  -121n  n/a
   3   5e |   7 1.0   19    10M  184  534  74%    10M |  99.9   ovl   1   27  1.57M   16   18  52%  81.9M   468n  n/a
   3   5f |   7 1.0   19   9.9M  170  465  73%    10M |  99.9   ovl   1   27  1.58M   16   17  51%  81.9M   -37n  n/a
   3   60 |   7 1.0   19    10M  177  557  75%    10M |  99.9   ovl   1   27   721k    7   16  69%  81.9M    19n  n/a
   3   61 |   7 1.0   19    10M  175  507  74%    10M |  99.9   ovl   1   27  1.37M   14   17  54%  81.9M  -257n  n/a
   3   62 |   7 1.0   19    10M  172  570  76%    10M |  99.9   ovl   1   27  1.45M   16   17  51%  81.9M     4n  n/a
   3   63 |   7 1.0   19    10M  162  484  74%    10M |  99.9   ovl   1   27  1.33M   15   18  54%  81.9M   458n  n/a
   4   64 |   7 1.0   19   8.4M  182  585  76%    10M |  99.9   ovl   1   27  1.53M   18   20  52%  81.9M  -833n  n/a
   4   65 |   7 1.0   19   8.1M  145  507  77%    10M |  99.9   ovl   1   27  1.29M   16   17  51%  81.9M   -58n  n/a
   4   66 |   7 1.0   19   8.2M  156  585  78%    10M |  99.9   ovl   1   27  1.66M   18   15  45%  81.9M    24n  n/a
   4   67 |   7 1.0   19   8.3M  157  508  76%    10M |  99.9   ovl   1   27  1.71M   18   15  45%  81.9M  -844n  n/a
   4   68 |   7 1.0   19   8.4M  179  581  76%    10M |  99.9   ovl   1   27  1.45M   17   17  50%  81.9M     1u  n/a
   4   69 |   7 1.0   19   8.5M  159  539  77%    10M |  99.9   n/a   1   27  1.43M   15   15  50%  81.9M    n/a  n/a
   4   6a |   7 1.0   19   8.4M  163  581  78%    10M |  99.9   ovl   1   27  1.64M   18   18  50%  81.9M   766n  n/a
   4   6b |   7 1.0   19   8.3M  153  495  76%    10M |  99.9   ovl   1   27  1.60M   18   17  48%  81.9M   206n  n/a
   0   44 |   7 1.0   19    11M  190  475  71%    10M |  99.9   n/a   1   27  2.93M   31   11  26%  81.9M    n/a  n/a
   0   45 |   7 1.0   19    11M  174  421  70%    10M |  99.9   n/a   1   27  2.18M   21   18  46%  81.9M    n/a  n/a
   0   46 |   7 1.0   19    11M  192  478  71%    10M |  99.9   n/a   1   27  3.27M   33   10  23%  81.9M    n/a  n/a
   0   47 |   7 1.0   19    11M  175  459  72%    10M |  99.9   n/a   1   27  1.74M   18   15  45%  81.9M    n/a  n/a
   0   48 |   7 1.0   19    10M  170  535  75%    10M |  99.9   n/a   1   27  2.02M   22   17  43%  81.9M    n/a  n/a
   0   49 |   7 1.0   19    11M  178  455  71%    10M |  99.9   n/a   1   27  2.05M   21   14  40%  81.9M    n/a  n/a
   0   4a |   7 1.0   19    11M  188  494  72%    10M |  99.9   n/a   1   27  1.83M   17   19  52%  81.9M    n/a  n/a
   0   4b |   7 1.0   19    11M  173  449  72%    10M |  99.9   n/a   1   27  1.83M   18   14  43%  81.9M    n/a  n/a
   1   4c |   7 1.0   19   8.6M   76  372  83%    10M |  99.9   n/a   1   27  1.40M    7   10  58%  81.9M    n/a  n/a
   1   4d |   7 1.0   19   9.4M   90  330  78%    10M |  99.9   n/a   1   27   988k    5    7  58%  81.9M    n/a  n/a
   1   4e |   7 1.0   19   9.2M   79  344  81%    10M |  99.9   n/a   1   27  1.18M    6   11  64%  81.9M    n/a  n/a
   1   4f |   7 1.0   19   9.3M   91  287  75%    10M |  99.9   n/a   1   27  1.39M    7   10  58%  81.9M    n/a  n/a
   1   50 |   7 1.0   19   9.4M   96  388  80%    10M |  99.9   n/a   1   27   996k    5   10  66%  81.9M    n/a  n/a
   1   51 |   7 1.0    0      0    0    0   0%    10M |   n/a   n/a   1    0      0    0    0   0%  81.9M    n/a  n/a
   1   52 |   7 1.0   19   9.3M   90  328  78%    10M |  99.9   n/a   1   27   984k    5   10  66%  81.9M    n/a  n/a
   1   53 |   7 1.0   19   9.8M   86  374  81%    10M |  99.9   n/a   1   27   976k    5   10  66%  81.9M    n/a  n/a
   2   54 |   7 1.0   19   7.8M  169  595  77%    10M |  99.9   n/a   1   27   704k    9   26  74%  81.9M    n/a  n/a
   2   55 |   7 1.0   19   8.0M  172  552  76%    10M |  99.9   n/a   1   27  1.10M   14   22  61%  81.9M    n/a  n/a
   2   56 |   7 1.0   19   8.1M  184  560  75%    10M |  99.9   n/a   1   27  1.11M   13   25  65%  81.9M    n/a  n/a
   2   57 |   7 1.0   19   7.8M  165  520  75%    10M |  99.9   n/a   1   27   912k   12   25  67%  81.9M    n/a  n/a
   2   58 |   7 1.0   19   7.6M  168  598  78%    10M |  99.9   n/a   1   27  1.28M   17   22  56%  81.9M    n/a  n/a
   2   59 |   7 1.0   19   7.8M  162  558  77%    10M |  99.9   n/a   1   27  1.30M   18   22  55%  81.9M    n/a  n/a
   2   5a |   7 1.0   19   8.3M  184  570  75%    10M |  99.9   n/a   1   27   535k    7   24  77%  81.9M    n/a  n/a
   2   5b |   7 1.0   19   7.9M  172  551  76%    10M |  99.9   n/a   1   27  1.14M   15   21  58%  81.9M    n/a  n/a
   3   5c |   7 1.0   19    11M  198  497  71%    10M |  99.9   n/a   1   27  2.14M   20   20  50%  81.9M    n/a  n/a
   3   5d |   7 1.0   19    10M  162  504  75%    10M |  99.9   n/a   1   27  2.42M   24   17  41%  81.9M    n/a  n/a
   3   5e |   7 1.0   19    10M  176  530  75%    10M |  99.9   n/a   1   27  2.74M   29   21  42%  81.9M    n/a  n/a
   3   5f |   7 1.0   19   9.7M  154  499  76%    10M |  99.9   n/a   1   27  2.04M   21   17  44%  81.9M    n/a  n/a
   3   60 |   7 1.0   19    11M  204  477  70%    10M |  99.9   n/a   1   27  1.92M   19   19  50%  81.9M    n/a  n/a
   3   61 |   7 1.0   19    10M  154  441  74%    10M |  99.9   n/a   1   27  3.02M   30   20  40%  81.9M    n/a  n/a
   3   62 |   7 1.0   19    11M  194  461  70%    10M |  99.9   n/a   1   27  2.51M   25   14  35%  81.9M    n/a  n/a
   3   63 |   7 1.0   19    10M  155  462  74%    10M |  99.9   n/a   1   27  2.95M   30   21  41%  81.9M    n/a  n/a
   4   64 |   7 1.0   19   8.6M  181  480  72%    10M |  99.9   n/a   1   27  1.76M   19   17  47%  81.9M    n/a  n/a
   4   65 |   7 1.0   19   8.6M  169  491  74%    10M |  99.9   n/a   1   27  1.22M   13   19  59%  81.9M    n/a  n/a
   4   66 |   7 1.0   19   8.6M  173  517  74%    10M |  99.9   n/a   1   27  2.06M   23   14  37%  81.9M    n/a  n/a
   4   67 |   7 1.0   19   8.9M  167  499  74%    10M |  99.9   n/a   1   27  1.45M   16   15  48%  81.9M    n/a  n/a
   4   68 |   7 1.0   19   8.3M  171  540  75%    10M |  99.9   n/a   1   27  1.19M   13   15  53%  81.9M    n/a  n/a
   4   69 |   7 1.0   19   8.8M  177  513  74%    10M |  99.9   n/a   1   27  2.19M   24   12  33%  81.9M    n/a  n/a
   4   6a |   7 1.0   19   8.9M  195  456  70%    10M |  99.9   n/a   1   27  1.75M   19   17  47%  81.9M    n/a  n/a
   4   6b |   7 1.0   19   8.4M  162  508  75%    10M |  99.9   n/a   1   27  2.12M   22   17  43%  81.9M    n/a  n/a
   0   44 |   7 1.0   19   8.5M  154  494  76%    10M |  99.9   n/a   1   27  1.79M   17    9  34%  81.9M    n/a  n/a
   0   45 |   7 1.0   19   9.1M  149  414  73%    10M |  99.9   n/a   1   27  1.18M   12   17  58%  81.9M    n/a  n/a
   0   46 |   7 1.0   19   9.1M  164  479  74%    10M |  99.9   n/a   1   27  1.83M   18   16  47%  81.9M    n/a  n/a
   0   47 |   7 1.0   19   9.0M  155  473  75%    10M |  99.9   n/a   1   27  1.34M   13   19  59%  81.9M    n/a  n/a
   0   48 |   7 1.0   19   8.4M  158  529  77%    10M |  99.9   n/a   1   27  1.79M   19   17  47%  81.9M    n/a  n/a
   0   49 |   7 1.0   19   9.1M  159  420  72%    10M |  99.9   n/a   1   27  1.65M   17   18  51%  81.9M    n/a  n/a
   0   4a |   7 1.0   19   8.4M  165  535  76%    10M |  99.9   n/a   1   27  1.81M   20   17  45%  81.9M    n/a  n/a
   0   4b |   7 1.0   19   9.5M  156  434  73%    10M |  99.9   n/a   1   27  1.69M   18   19  51%  81.9M    n/a  n/a
   1   4c |   7 1.0   19   9.0M   83  387  82%    10M |  99.9   n/a   1   27   808k    4    9  69%  81.9M    n/a  n/a
   1   4d |   7 1.0   19   9.0M   81  386  82%    10M |  99.9   n/a   1   27  1.19M    6   12  66%  81.9M    n/a  n/a
   1   4e |   7 1.0   19   9.0M   82  377  82%    10M |  99.9   n/a   1   27  1.39M    7   13  65%  81.9M    n/a  n/a
   1   4f |   7 1.0   19   9.2M   83  393  82%    10M |  99.9   n/a   1   27   193k    1   15  93%  81.9M    n/a  n/a
   1   50 |   7 1.0   19   9.3M   84  372  81%    10M |  99.9   n/a   1   27  1.40M    7   13  65%  81.9M    n/a  n/a
   1   51 |   7 1.0    0      0    0    0   0%    10M |   n/a   n/a   1    0      0    0    0   0%  81.9M    n/a  n/a
   1   52 |   7 1.0   19   9.4M   83  348  80%    10M |  99.9   n/a   1   27  1.00M    5   13  72%  81.9M    n/a  n/a
   1   53 |   7 1.0   19   9.4M   84  351  80%    10M |  99.9   n/a   1   27  1.61M    8   10  55%  81.9M    n/a  n/a
   2   54 |   7 1.0   19   8.3M  187  552  74%    10M |  99.9   n/a   1   27  1.68M   23   16  41%  81.9M    n/a  n/a
   2   55 |   7 1.0   19   8.0M  167  540  76%    10M |  99.9   n/a   1   27  1.43M   18   18  50%  81.9M    n/a  n/a
   2   56 |   7 1.0   19   8.3M  189  579  75%    10M |  99.9   n/a   1   27   715k    9   22  70%  81.9M    n/a  n/a
   2   57 |   7 1.0   19   8.1M  170  540  76%    10M |  99.9   n/a   1   27   679k    8   22  73%  81.9M    n/a  n/a
   2   58 |   7 1.0   19   8.6M  193  533  73%    10M |  99.9   n/a   1   27  1.35M   18   16  47%  81.9M    n/a  n/a
   2   59 |   7 1.0   19   8.1M  169  543  76%    10M |  99.9   n/a   1   27  1.04M   14   26  65%  81.9M    n/a  n/a
   2   5a |   7 1.0   19   8.2M  188  560  74%    10M |  99.9   n/a   1   27  1.38M   18   17  48%  81.9M    n/a  n/a
   2   5b |   7 1.0   19   8.1M  171  535  75%    10M |  99.9   n/a   1   27  1.03M   13   21  61%  81.9M    n/a  n/a

          |--------------------DL---------------------|-------------------------------UL-----------------------------
 pci rnti | cqi  ri  mcs  brate   ok  nok  (%)  dl_bs | pusch  rsrp  ri  mcs  brate   ok  nok  (%)    bsr     ta  phr
   3   5c |   7 1.0   19   9.4M  165  521  75%    10M |  99.9   n/a   1   27  1.89M   18   21  53%  81.9M    n/a  n/a
   3   5d |   7 1.0   19   9.1M  156  463  74%    10M |  99.9   n/a   1   27  1.89M   18   20  52%  81.9M    n/a  n/a
   3   5e |   7 1.0   19   9.2M  155  509  76%    10M |  99.9   n/a   1   27  1.83M   20   14  41%  81.9M    n/a  n/a
   3   5f |   7 1.0   19   9.5M  157  473  75%    10M |  99.9   n/a   1   27  1.88M   17   13  43%  81.9M    n/a  n/a
   3   60 |   7 1.0   19   8.8M  161  524  76%    10M |  99.9   n/a   1   27  1.75M   17   19  52%  81.9M    n/a  n/a
   3   61 |   7 1.0   19   9.2M  147  491  76%    10M |  99.9   n/a   1   27  1.45M   15   15  50%  81.9M    n/a  n/a
   3   62 |   7 1.0   19   9.8M  169  447  72%    10M |  99.9   n/a   1   27  1.44M   15   13  46%  81.9M    n/a  n/a
   3   63 |   7 1.0   19   9.1M  151  512  77%    10M |  99.9   n/a   1   27  2.00M   21   12  36%  81.9M    n/a  n/a
   4   64 |   7 1.0   19   8.8M  165  552  76%    10M |  99.9   n/a   1   27  1.43M   16   21  56%  81.9M    n/a  n/a
   4   65 |   7 1.0   19   8.5M  163  556  77%    10M |  99.9   n/a   1   27  1.37M   16   23  58%  81.9M    n/a  n/a
   4   66 |   7 1.0   19   8.8M  176  550  75%    10M |  99.9   n/a   1   27  1.03M   12   22  64%  81.9M    n/a  n/a
   4   67 |   7 1.0   19   8.6M  160  552  77%    10M |  99.9   n/a   1   27  1.28M   15   22  59%  81.9M    n/a  n/a
   4   68 |   7 1.0   19   8.5M  171  639  78%    10M |  99.9   n/a   1   27  1.08M   13   21  61%  81.9M    n/a  n/a
   4   69 |   7 1.0   19   8.8M  158  496  75%    10M |  99.9   n/a   1   27  1.04M   12   23  65%  81.9M    n/a  n/a
   4   6a |   7 1.0   19   8.6M  174  567  76%    10M |  99.9   n/a   1   27  1.15M   13   21  61%  81.9M    n/a  n/a
   4   6b |   7 1.0   19   8.9M  171  518  75%    10M |  99.9   n/a   1   27   910k   10   25  71%  81.9M    n/a  n/a
   0   44 |   7 1.0   19    10M  187  473  71%    10M |  99.9   n/a   1   27  2.41M   24   16  40%  81.9M    n/a  n/a
   0   45 |   7 1.0   19   9.3M  144  475  76%    10M |  99.9   n/a   1   27  2.11M   20   20  50%  81.9M    n/a  n/a
   0   46 |   7 1.0   19   9.5M  175  520  74%    10M |  99.9   n/a   1   27  1.78M   18   16  47%  81.9M    n/a  n/a
   0   47 |   7 1.0   19   9.6M  149  469  75%    10M |  99.9   n/a   1   27  2.18M   24   17  41%  81.9M    n/a  n/a
   0   48 |   7 1.0   19   9.9M  184  478  72%    10M |  99.9   ovl   1   27  1.47M   15   16  51%  81.9M   213n  n/a
   0   49 |   7 1.0   19   9.2M  147  484  76%    10M |  99.9   ovl   1   27  1.53M   16   21  56%  81.9M  -606n  n/a
   0   4a |   7 1.0   19   9.3M  171  540  75%    10M |  99.9   n/a   1   27  2.03M   20   17  45%  81.9M    n/a  n/a
   0   4b |   7 1.0   19   9.4M  155  510  76%    10M |  99.9   ovl   1   27  2.38M   24   12  33%  81.9M    -1u  n/a
   1   4c |   7 1.0   19   7.6M   68  527  88%    10M |  99.9   n/a   1   27   406k    2   12  85%  81.9M    n/a  n/a
   1   4d |   7 1.0   19   7.9M   71  471  86%    10M |  99.9   n/a   1   27   594k    3   13  81%  81.9M    n/a  n/a
   1   4e |   7 1.0   19   7.9M   67  504  88%    10M |  99.9   n/a   1   27   394k    2    9  81%  81.9M    n/a  n/a
   1   4f |   7 1.0   19   8.1M   87  454  83%    10M |  99.9   n/a   1   27  1.02M    5    9  64%  81.9M    n/a  n/a
   1   50 |   7 1.0   19   7.9M   78  445  85%    10M |  99.9   n/a   1   27   594k    3   10  76%  81.9M    n/a  n/a
   1   51 |   7 1.0    0      0    0    0   0%    10M |   n/a   n/a   1    0      0    0    0   0%  81.9M    n/a  n/a
   1   52 |   7 1.0   19   7.8M   70  512  87%    10M |  99.9   n/a   1   27  1.18M    6   11  64%  81.9M    n/a  n/a
   1   53 |   7 1.0   19   7.9M   69  435  86%    10M |  99.9   n/a   1   27   590k    3   10  76%  81.9M    n/a  n/a
   2   54 |   7 1.0   19   6.6M  142  620  81%    10M |  99.9   n/a   1   27  1.04M   13   17  56%  81.9M    n/a  n/a
   2   55 |   7 1.0   19   7.2M  153  519  77%    10M |  99.9   n/a   1   27  1.04M   12   19  61%  81.9M    n/a  n/a
   2   56 |   7 1.0   19   6.9M  157  563  78%    10M |  99.9   n/a   1   27   712k    9   20  68%  81.9M    n/a  n/a
   2   57 |   7 1.0   19   7.3M  154  549  78%    10M |  99.9   n/a   1   27  1.14M   14   21  60%  81.9M    n/a  n/a
   2   58 |   7 1.0   19   7.0M  160  606  79%    10M |  99.9   ovl   1   27  1.08M   14   20  58%  81.9M  -977n  n/a
   2   59 |   7 1.0   19   7.1M  152  597  79%    10M |  99.9   n/a   1   27   721k    9   16  64%  81.9M    n/a  n/a
   2   5a |   7 1.0   19   6.9M  154  639  80%    10M |  99.9   n/a   1   27   996k   12   21  63%  81.9M    n/a  n/a
   2   5b |   7 1.0   19   7.4M  152  532  77%    10M |  99.9   n/a   1   27  1.22M   16   17  51%  81.9M    n/a  n/a
   3   5c |   7 1.0   19   7.9M  160  541  77%    10M |  99.9   n/a   1   27  1.77M   17   13  43%  81.9M    n/a  n/a
   3   5d |   7 1.0   19   7.7M  141  512  78%    10M |  99.9   n/a   1   27  1.39M   13   10  43%  81.9M    n/a  n/a
   3   5e |   7 1.0   19   8.2M  153  492  76%    10M |  99.9   n/a   1   27   789k    8   14  63%  81.9M    n/a  n/a
   3   5f |   7 1.0   19   8.2M  136  469  77%    10M |  99.9   n/a   1   27  1.59M   15   16  51%  81.9M    n/a  n/a
   3   60 |   7 1.0   19   9.2M  166  500  75%    10M |  99.9   n/a   1   27  1.71M   16   15  48%  81.9M    n/a  n/a
   3   61 |   7 1.0   19   8.1M  136  468  77%    10M |  99.9   n/a   1   27  1.49M   15   13  46%  81.9M    n/a  n/a
   3   62 |   7 1.0   19   8.4M  149  503  77%    10M |  99.9   n/a   1   27  1.77M   18   13  41%  81.9M    n/a  n/a
   3   63 |   7 1.0   19   8.2M  124  464  78%    10M |  99.9   n/a   1   27  2.43M   24   19  44%  81.9M    n/a  n/a
   4   64 |   7 1.0   19   8.6M  158  570  78%    10M |  99.9   n/a   1   27  1.12M   13   16  55%  81.9M    n/a  n/a
   4   65 |   7 1.0   19   8.5M  170  546  76%    10M |  99.9   n/a   1   27   772k   10   15  60%  81.9M    n/a  n/a
   4   66 |   7 1.0   19   8.4M  159  624  79%    10M |  99.9   n/a   1   27   592k    7   19  73%  81.9M    n/a  n/a
   4   67 |   7 1.0   19   8.5M  159  517  76%    10M |  99.9   n/a   1   27  1.11M   13   16  55%  81.9M    n/a  n/a
   4   68 |   7 1.0   19   8.4M  177  583  76%    10M |  99.9   n/a   1   27  1.06M   12   17  58%  81.9M    n/a  n/a
   4   69 |   7 1.0   19   8.6M  162  539  76%    10M |  99.9   n/a   1   27   858k   10   19  65%  81.9M    n/a  n/a
   4   6a |   7 1.0   19   8.7M  163  588  78%    10M |  99.9   n/a   1   27  1.21M   12   16  57%  81.9M    n/a  n/a
   4   6b |   7 1.0   19   8.5M  166  562  77%    10M |  99.9   n/a   1   27  1.07M   11   19  63%  81.9M    n/a  n/a
   0   44 |   7 1.0   19   9.5M  170  522  75%    10M |  99.9   n/a   1   27  1.88M   19   15  44%  81.9M    n/a  n/a
   0   45 |   7 1.0   19   9.1M  146  529  78%    10M |  99.9   n/a   1   27  1.03M    9   20  68%  81.9M    n/a  n/a
   0   46 |   7 1.0   19    10M  176  547  75%    10M |  99.9   n/a   1   27  1.47M   15   22  59%  81.9M    n/a  n/a
   0   47 |   7 1.0   19   9.0M  151  475  75%    10M |  99.9   ovl   1   27  1.54M   14   13  48%  81.9M   213n  n/a
   0   48 |   7 1.0   19   9.0M  157  537  77%    10M |  99.9   n/a   1   27  1.32M   13   20  60%  81.9M    n/a  n/a
   0   49 |   7 1.0   19   9.1M  149  464  75%    10M |  99.9   n/a   1   27  2.24M   22   14  38%  81.9M    n/a  n/a
   0   4a |   7 1.0   19   9.4M  164  537  76%    10M |  99.9   ovl   1   27  1.14M   11   19  63%  81.9M  -964n  n/a
   0   4b |   7 1.0   19   9.2M  158  507  76%    10M |  99.9   n/a   1   27  1.84M   18   15  45%  81.9M    n/a  n/a
   1   4c |   7 1.0   19   8.4M   76  360  82%    10M |  99.9   n/a   1   27  1.41M    7   10  58%  81.9M    n/a  n/a
   1   4d |   7 1.0   19   8.3M   80  378  82%    10M |  99.9   n/a   1   27   816k    4   12  75%  81.9M    n/a  n/a
   1   4e |   7 1.0   19   8.2M   74  395  84%    10M |  99.9   n/a   1   27   787k    4   11  73%  81.9M    n/a  n/a
   1   4f |   7 1.0   19   7.9M   69  417  85%    10M |  99.9   n/a   1   27   988k    5   12  70%  81.9M    n/a  n/a
   1   50 |   7 1.0   19   8.0M   70  428  85%    10M |  99.9   n/a   1   27   996k    5   12  70%  81.9M    n/a  n/a
   1   51 |   7 1.0    0      0    0    0   0%    10M |   n/a   n/a   1    0      0    0    0   0%  81.9M    n/a  n/a
   1   52 |   7 1.0   19   7.7M   70  399  85%    10M |  99.9   n/a   1   27  1.40M    7   11  61%  81.9M    n/a  n/a
   1   53 |   7 1.0   19   8.0M   73  387  84%    10M |  99.9   n/a   1   27   791k    4   12  75%  81.9M    n/a  n/a
   2   54 |   7 1.0   19   7.7M  180  566  75%    10M |  99.9   n/a   1   27   740k    8   18  69%  81.9M    n/a  n/a
   2   55 |   7 1.0   19   7.8M  163  556  77%    10M |  99.9   n/a   1   27   552k    7   21  75%  81.9M    n/a  n/a
   2   56 |   7 1.0   19   7.6M  161  626  79%    10M |  99.9   n/a   1   27   910k   12   16  57%  81.9M    n/a  n/a
   2   57 |   7 1.0   19   7.7M  168  579  77%    10M |  99.9   n/a   1   27   846k   11   18  62%  81.9M    n/a  n/a
   2   58 |   7 1.0   19   7.7M  172  610  78%    10M |  99.9   n/a   1   27   789k   10   20  66%  81.9M    n/a  n/a
   2   59 |   7 1.0   19   7.8M  162  534  76%    10M |  99.9   n/a   1   27   908k   12   20  62%  81.9M    n/a  n/a
   2   5a |   7 1.0   19   7.6M  172  560  76%    10M |  99.9   n/a   1   27  1.08M   15   18  54%  81.9M    n/a  n/a
   2   5b |   7 1.0   19   7.7M  168  562  76%    10M |  99.9   n/a   1   27  1.08M   15   18  54%  81.9M    n/a  n/a
   3   5c |   7 1.0   19   7.9M  144  564  79%    10M |  99.9   ovl   1   27  2.04M   20   11  35%  81.9M   864n  n/a
   3   5d |   7 1.0   19   8.2M  132  460  77%    10M |  99.9   n/a   1   27  1.83M   19   23  54%  81.9M    n/a  n/a
   3   5e |   7 1.0   19   7.4M  136  559  80%    10M |  99.9   n/a   1   27  1.18M   13   15  53%  81.9M    n/a  n/a
   3   5f |   7 1.0   19   8.6M  140  427  75%    10M |  99.9   ovl   1   27  1.86M   19   18  48%  81.9M   813n  n/a
   3   60 |   7 1.0   19   8.7M  152  522  77%    10M |  99.9   n/a   1   27  1.36M   14   12  46%  81.9M    n/a  n/a
   3   61 |   7 1.0   19   8.7M  142  441  75%    10M |  99.9   n/a   1   27  1.61M   16   18  52%  81.9M    n/a  n/a
   3   62 |   7 1.0   19   8.6M  147  515  77%    10M |  99.9   n/a   1   27  1.07M   11   15  57%  81.9M    n/a  n/a
   3   63 |   7 1.0   19   8.0M  139  482  77%    10M |  99.9   n/a   1   27   924k   10   15  60%  81.9M    n/a  n/a

          |--------------------DL---------------------|-------------------------------UL-----------------------------
 pci rnti | cqi  ri  mcs  brate   ok  nok  (%)  dl_bs | pusch  rsrp  ri  mcs  brate   ok  nok  (%)    bsr     ta  phr
   4   64 |   7 1.0   19   8.6M  170  603  78%    10M |  99.9   ovl   1   27  1.41M   15   22  59%  81.9M  -823n  n/a
   4   65 |   7 1.0   19   8.8M  169  585  77%    10M |  99.9   n/a   1   27  1.06M   13   23  63%  81.9M    n/a  n/a
   4   66 |   7 1.0   19   9.0M  188  588  75%    10M |  99.9   ovl   1   27  1.58M   18   21  53%  81.9M   475n  n/a
   4   67 |   7 1.0   19   9.1M  170  523  75%    10M |  99.9   ovl   1   27  1.45M   16   22  57%  81.9M   495n  n/a
   4   68 |   7 1.0   19   8.9M  174  552  76%    10M |  99.9   ovl   1   27  1.34M   15   22  59%  81.9M  -851n  n/a
   4   69 |   7 1.0   19   8.9M  172  542  75%    10M |  99.9   ovl   1   27  1.36M   16   24  60%  81.9M  -640n  n/a
   4   6a |   7 1.0   19   8.8M  168  614  78%    10M |  99.9   ovl   1   27  1.04M   12   21  63%  81.9M   766n  n/a
   4   6b |   7 1.0   19   8.9M  165  529  76%    10M |  99.9   n/a   1   27  1.49M   16   21  56%  81.9M    n/a  n/a
   0   44 |   7 1.0   19   9.7M  167  551  76%    10M |  99.9   n/a   1   27  1.26M   12   17  58%  81.9M    n/a  n/a
   0   45 |   7 1.0   19   9.7M  163  533  76%    10M |  99.9   n/a   1   27  1.80M   18   17  48%  81.9M    n/a  n/a
   0   46 |   7 1.0   19    10M  172  502  74%    10M |  99.9   n/a   1   27  1.71M   19   12  38%  81.9M    n/a  n/a
   0   47 |   7 1.0   19    10M  163  480  74%    10M |  99.9   n/a   1   27  2.22M   24   14  36%  81.9M    n/a  n/a
   0   48 |   7 1.0   19    10M  179  587  76%    10M |  99.9   n/a   1   27  2.02M   21   13  38%  81.9M    n/a  n/a
   0   49 |   7 1.0   19  10.0M  156  468  75%    10M |  99.9   n/a   1   27  1.28M   13   13  50%  81.9M    n/a  n/a
   0   4a |   7 1.0   19    10M  179  512  74%    10M |  99.9   n/a   1   27  1.69M   15   14  48%  81.9M    n/a  n/a
   0   4b |   7 1.0   19   9.9M  178  475  72%    10M |  99.9   n/a   1   27  1.46M   15   13  46%  81.9M    n/a  n/a
   1   4c |   7 1.0   19   8.8M   74  409  84%    10M |  99.9   n/a   1   27   406k    2   12  85%  81.9M    n/a  n/a
   1   4d |   7 1.0   19   8.1M   70  446  86%    10M |  99.9   n/a   1   27   783k    4   12  75%  81.9M    n/a  n/a
   1   4e |   7 1.0   19   8.2M   75  483  86%    10M |  99.9   n/a   1   27   590k    3   12  80%  81.9M    n/a  n/a
   1   4f |   7 1.0   19   8.5M   71  381  84%    10M |  99.9   n/a   1   27   402k    2   11  84%  81.9M    n/a  n/a
   1   50 |   7 1.0   19   8.4M   71  412  85%    10M |  99.9   n/a   1   27  1.40M    7   10  58%  81.9M    n/a  n/a
   1   51 |   7 1.0    0      0    0    0   0%    10M |   n/a   n/a   1    0      0    0    0   0%  81.9M    n/a  n/a
   1   52 |   7 1.0   19   8.1M   70  434  86%    10M |  99.9   n/a   1   27   779k    4   13  76%  81.9M    n/a  n/a
   1   53 |   7 1.0   19   8.3M   76  443  85%    10M |  99.9   n/a   1   27   402k    2   10  83%  81.9M    n/a  n/a
   2   54 |   7 1.0   19   7.4M  153  614  80%    10M |  99.9   n/a   1   27  1.07M   14   22  61%  81.9M    n/a  n/a
   2   55 |   7 1.0   19   7.4M  168  590  77%    10M |  99.9   n/a   1   27   809k   10   20  66%  81.9M    n/a  n/a
   2   56 |   7 1.0   19   7.4M  167  683  80%    10M |  99.9   n/a   1   27  1.19M   16   23  58%  81.9M    n/a  n/a
   2   57 |   7 1.0   19   7.3M  157  579  78%    10M |  99.9   n/a   1   27  1.20M   16   22  57%  81.9M    n/a  n/a
   2   58 |   7 1.0   19   7.8M  171  565  76%    10M |  99.9   n/a   1   27  1.01M   13   21  61%  81.9M    n/a  n/a
   2   59 |   7 1.0   19   7.2M  153  577  79%    10M |  99.9   ovl   1   27   948k   13   25  65%  81.9M   566n  n/a
   2   5a |   7 1.0   19   7.5M  160  506  75%    10M |  99.9   ovl   1   27   708k    9   21  70%  81.9M   345n  n/a
   2   5b |   7 1.0   19   7.3M  160  595  78%    10M |  99.9   n/a   1   27   835k   12   23  65%  81.9M    n/a  n/a
   3   5c |   7 1.0   19   8.5M  149  547  78%    10M |  99.9   n/a   1   27  2.09M   20   14  41%  81.9M    n/a  n/a
   3   5d |   7 1.0   19   9.2M  155  447  74%    10M |  99.9   n/a   1   27  1.72M   18   17  48%  81.9M    n/a  n/a
   3   5e |   7 1.0   19   8.9M  161  525  76%    10M |  99.9   n/a   1   27  1.92M   19   16  45%  81.9M    n/a  n/a
   3   5f |   7 1.0   19   9.7M  156  482  75%    10M |  99.9   n/a   1   27  1.55M   15   17  53%  81.9M    n/a  n/a
   3   60 |   7 1.0   19   9.0M  176  527  74%    10M |  99.9   n/a   1   27  1.27M   13   16  55%  81.9M    n/a  n/a
   3   61 |   7 1.0   19    10M  162  437  72%    10M |  99.9   n/a   1   27  1.64M   17   16  48%  81.9M    n/a  n/a
   3   62 |   7 1.0   19   8.2M  134  510  79%    10M |  99.9   n/a   1   27  1.43M   14   16  53%  81.9M    n/a  n/a
   3   63 |   7 1.0   19   9.8M  157  469  74%    10M |  99.9   n/a   1   27  1.35M   14   19  57%  81.9M    n/a  n/a
   4   64 |   7 1.0   19   8.6M  158  584  78%    10M |  99.9   n/a   1   27  2.17M   25   21  45%  81.9M    n/a  n/a
   4   65 |   7 1.0   19   8.8M  153  457  74%    10M |  99.9   n/a   1   27  2.23M   25   16  39%  81.9M    n/a  n/a
   4   66 |   7 1.0   19   8.5M  179  542  75%    10M |  99.9   n/a   1   27  1.48M   16   16  50%  81.9M    n/a  n/a
   4   67 |   7 1.0   19   8.4M  156  491  75%    10M |  99.9   n/a   1   27  2.59M   28   18  39%  81.9M    n/a  n/a
   4   68 |   7 1.0   19   8.9M  197  493  71%    10M |  99.9   n/a   1   27  2.57M   29   17  36%  81.9M    n/a  n/a
   4   69 |   7 1.0   19   8.6M  157  481  75%    10M |  99.9   n/a   1   27  1.84M   21   16  43%  81.9M    n/a  n/a
   4   6a |   7 1.0   19   9.5M  199  496  71%    10M |  99.9   n/a   1   27  2.25M   23   17  42%  81.9M    n/a  n/a
   4   6b |   7 1.0   19   8.8M  169  580  77%    10M |  99.9   n/a   1   27  1.93M   21   16  43%  81.9M    n/a  n/a
   0   44 |   7 1.0   19    11M  179  486  73%    10M |  99.9   n/a   1   27  2.96M   29   18  38%  81.9M    n/a  n/a
   0   45 |   7 1.0   19    10M  164  468  74%    10M |  99.9   n/a   1   27  1.98M   21    9  30%  81.9M    n/a  n/a
   0   46 |   7 1.0   19    11M  183  534  74%    10M |  99.9   n/a   1   27  1.87M   20   20  50%  81.9M    n/a  n/a
   0   47 |   7 1.0   19    11M  177  488  73%    10M |  99.9   n/a   1   27  1.55M   15   18  54%  81.9M    n/a  n/a
   0   48 |   7 1.0   19    11M  186  460  71%    10M |  99.9   n/a   1   27  1.75M   18   20  52%  81.9M    n/a  n/a
   0   49 |   7 1.0   19    11M  168  391  69%    10M |  99.9   n/a   1   27  1.82M   16   21  56%  81.9M    n/a  n/a
   0   4a |   7 1.0   19    10M  181  503  73%    10M |  99.9   n/a   1   27  1.81M   17   18  51%  81.9M    n/a  n/a
   0   4b |   7 1.0   19    10M  172  461  72%    10M |  99.9   n/a   1   27  2.11M   20   18  47%  81.9M    n/a  n/a
   1   4c |   7 1.0   19    10M   93  350  79%    10M |  99.9   n/a   1   27  1.39M    7    8  53%  81.9M    n/a  n/a
   1   4d |   7 1.0   19   9.8M   86  354  80%    10M |  99.9   n/a   1   27  1.00M    5   12  70%  81.9M    n/a  n/a
   1   4e |   7 1.0   19   9.9M   86  310  78%    10M |  99.9   n/a   1   27  1.41M    7   13  65%  81.9M    n/a  n/a
   1   4f |   7 1.0   19    10M   87  330  79%    10M |  99.9   n/a   1   27   787k    4   11  73%  81.9M    n/a  n/a
   1   50 |   7 1.0   19    10M   91  325  78%    10M |  99.9   n/a   1   27  1.20M    6   11  64%  81.9M    n/a  n/a
   1   51 |   7 1.0    0      0    0    0   0%    10M |   n/a   n/a   1    0      0    0    0   0%  81.9M    n/a  n/a
   1   52 |   7 1.0   19   9.7M   87  381  81%    10M |  99.9   n/a   1   27  2.00M   10    8  44%  81.9M    n/a  n/a
   1   53 |   7 1.0   19   9.6M   87  355  80%    10M |  99.9   n/a   1   27  1.39M    7   13  65%  81.9M    n/a  n/a
   2   54 |   7 1.0   19   8.5M  195  560  74%    10M |  99.9   n/a   1   27  1.22M   18   23  56%  81.9M    n/a  n/a
   2   55 |   7 1.0   19   8.5M  186  498  72%    10M |  99.9   n/a   1   27  1.07M   12   27  69%  81.9M    n/a  n/a
   2   56 |   7 1.0   19   8.7M  196  501  71%    10M |  99.9   n/a   1   27  1.23M   16   21  56%  81.9M    n/a  n/a
   2   57 |   7 1.0   19   8.6M  174  488  73%    10M |  99.9   n/a   1   27  1.61M   20   21  51%  81.9M    n/a  n/a
   2   58 |   7 1.0   19   8.7M  198  570  74%    10M |  99.9   n/a   1   27  1.39M   18   18  50%  81.9M    n/a  n/a
   2   59 |   7 1.0   19   8.5M  176  540  75%    10M |  99.9   n/a   1   27  1.40M   17   21  55%  81.9M    n/a  n/a
   2   5a |   7 1.0   19   8.3M  192  565  74%    10M |  99.9   n/a   1   27  1.27M   17   21  55%  81.9M    n/a  n/a
   2   5b |   7 1.0   19   8.6M  176  488  73%    10M |  99.9   n/a   1   27  1.17M   15   17  53%  81.9M    n/a  n/a
   3   5c |   7 1.0   19   9.2M  158  551  77%    10M |  99.9   n/a   1   27  1.74M   18   16  47%  81.9M    n/a  n/a
   3   5d |   7 1.0   19   9.3M  152  528  77%    10M |  99.9   n/a   1   27  1.22M   13   17  56%  81.9M    n/a  n/a
   3   5e |   7 1.0   19   9.8M  186  555  74%    10M |  99.9   n/a   1   27  1.62M   16   19  54%  81.9M    n/a  n/a
   3   5f |   7 1.0   19   9.2M  157  477  75%    10M |  99.9   n/a   1   27  1.40M   15   18  54%  81.9M    n/a  n/a
   3   60 |   7 1.0   19   9.1M  160  563  77%    10M |  99.9   n/a   1   27  2.54M   25   11  30%  81.9M    n/a  n/a
   3   61 |   7 1.0   19   9.5M  165  519  75%    10M |  99.9   n/a   1   27  1.81M   18   15  45%  81.9M    n/a  n/a
   3   62 |   7 1.0   19   9.1M  159  491  75%    10M |  99.9   ovl   1   27  1.18M   12   17  58%  81.9M     1u  n/a
   3   63 |   7 1.0   19   9.4M  149  494  76%    10M |  99.9   n/a   1   27  1.06M   10   16  61%  81.9M    n/a  n/a
   4   64 |   7 1.0   19   8.0M  157  589  78%    10M |  99.9   n/a   1   27  1.26M   15   19  55%  81.9M    n/a  n/a
   4   65 |   7 1.0   19   7.8M  156  582  78%    10M |  99.9   n/a   1   27  1.57M   18   21  53%  81.9M    n/a  n/a
   4   66 |   7 1.0   19   8.6M  180  556  75%    10M |  99.9   n/a   1   27  2.19M   25   11  30%  81.9M    n/a  n/a
   4   67 |   7 1.0   19   8.1M  153  516  77%    10M |  99.9   n/a   1   27  1.68M   19   15  44%  81.9M    n/a  n/a
   4   68 |   7 1.0   19   9.0M  177  506  74%    10M |  99.9   n/a   1   27  1.51M   17   16  48%  81.9M    n/a  n/a
   4   69 |   7 1.0   19   8.1M  146  535  78%    10M |  99.9   n/a   1   27  1.62M   18   14  43%  81.9M    n/a  n/a
   4   6a |   7 1.0   19   8.6M  161  552  77%    10M |  99.9   n/a   1   27  1.78M   22   19  46%  81.9M    n/a  n/a
   4   6b |   7 1.0   19   7.9M  151  504  76%    10M |  99.9   n/a   1   27  1.36M   17   17  50%  81.9M    n/a  n/a

          |--------------------DL---------------------|-------------------------------UL-----------------------------
 pci rnti | cqi  ri  mcs  brate   ok  nok  (%)  dl_bs | pusch  rsrp  ri  mcs  brate   ok  nok  (%)    bsr     ta  phr
   0   44 |   7 1.0   19   9.9M  177  515  74%    10M |  99.9   ovl   1   27  2.75M   28   13  31%  81.9M  -606n  n/a
   0   45 |   7 1.0   19    10M  164  437  72%    10M |  99.9   n/a   1   27  1.73M   18   23  56%  81.9M    n/a  n/a
   0   46 |   7 1.0   19   9.1M  157  512  76%    10M |  99.9   n/a   1   27  1.20M   13   18  58%  81.9M    n/a  n/a
   0   47 |   7 1.0   19  10.0M  170  489  74%    10M |  99.9   ovl   1   27  1.69M   17   18  51%  81.9M  -422n  n/a
   0   48 |   7 1.0   19   9.6M  168  486  74%    10M |  99.9   ovl   1   27  3.47M   36   12  25%  81.9M  -254n  n/a
   0   49 |   7 1.0   19    10M  173  446  72%    10M |  99.9   n/a   1   27  2.81M   28   12  30%  81.9M    n/a  n/a
   0   4a |   7 1.0   19   9.7M  175  601  77%    10M |  99.9   n/a   1   27  1.98M   21   18  46%  81.9M    n/a  n/a
   0   4b |   7 1.0   19    10M  172  457  72%    10M |  99.9   n/a   1   27  2.15M   23   23  50%  81.9M    n/a  n/a
   1   4c |   7 1.0   19   9.2M   84  368  81%    10M |  99.9   ovl   1   27  1.39M    7   11  61%  81.9M    49n  n/a
   1   4d |   7 1.0   19   8.8M   85  392  82%    10M |  99.9   ovl   1   27  1.21M    6    9  60%  81.9M    49n  n/a
   1   4e |   7 1.0   19   9.4M   85  340  80%    10M |  99.9   ovl   1   27  1.98M   10    9  47%  81.9M   872n  n/a
   1   4f |   7 1.0   19   9.3M   82  392  82%    10M |  99.9   ovl   1   27  2.20M   11   11  50%  81.9M   872n  n/a
   1   50 |   7 1.0   19   9.3M   95  398  80%    10M |  99.9   ovl   1   27   611k    3   10  76%  81.9M   872n  n/a
   1   51 |   7 1.0    0      0    0    0   0%    10M |   n/a   n/a   1    0      0    0    0   0%  81.9M    n/a  n/a
   1   52 |   7 1.0   19   9.1M   93  363  79%    10M |  99.9   n/a   1   27   992k    5    8  61%  81.9M    n/a  n/a
   1   53 |   7 1.0   19   9.1M   88  356  80%    10M |  99.9   n/a   1   27   607k    3   12  80%  81.9M    n/a  n/a
   2   54 |   7 1.0   19   6.5M  150  619  80%    10M |  99.9   n/a   1   27  1.12M   13   22  62%  81.9M    n/a  n/a
   2   55 |   7 1.0   19   6.3M  133  644  82%    10M |  99.9   n/a   1   27   681k    9   23  71%  81.9M    n/a  n/a
   2   56 |   7 1.0   19   6.7M  151  597  79%    10M |  99.9   n/a   1   27  1.00M   12   20  62%  81.9M    n/a  n/a
   2   57 |   7 1.0   19   6.4M  141  531  79%    10M |  99.9   n/a   1   27  1.04M   14   20  58%  81.9M    n/a  n/a
   2   58 |   7 1.0   19   6.6M  158  669  80%    10M |  99.9   n/a   1   27   983k   12   20  62%  81.9M    n/a  n/a
   2   59 |   7 1.0   19   6.7M  146  530  78%    10M |  99.9   n/a   1   27   864k   12   20  62%  81.9M    n/a  n/a
   2   5a |   7 1.0   19   6.2M  148  632  81%    10M |  99.9   ovl   1   27   863k   11   23  67%  81.9M  -359n  n/a
   2   5b |   7 1.0   19   6.5M  150  536  78%    10M |  99.9   n/a   1   27   838k   10   25  71%  81.9M    n/a  n/a
   3   5c |   7 1.0   19   9.9M  176  578  76%    10M |  99.9   ovl   1   27  2.00M   20   19  48%  81.9M  -131n  n/a
   3   5d |   7 1.0   19   9.8M  165  485  74%    10M |  99.9   ovl   1   27  1.13M   11   19  63%  81.9M     1u  n/a
   3   5e |   7 1.0   19   9.5M  162  583  78%    10M |  99.9   ovl   1   27  1.59M   17   19  52%  81.9M   668n  n/a
   3   5f |   7 1.0   19    10M  168  485  74%    10M |  99.9   ovl   1   27  1.15M   12   18  60%  81.9M  -620n  n/a
   3   60 |   7 1.0   19    11M  182  524  74%    10M |  99.9   n/a   1   27   715k    7   21  75%  81.9M    n/a  n/a
   3   61 |   7 1.0   19    10M  172  503  74%    10M |  99.9   ovl   1   27  1.36M   12   20  62%  81.9M     1u  n/a
   3   62 |   7 1.0   19   9.8M  167  580  77%    10M |  99.9   ovl   1   27  1.39M   13   19  59%  81.9M   393n  n/a
   3   63 |   7 1.0   19    10M  174  518  74%    10M |  99.9   ovl   1   27  1.18M   13   21  61%  81.9M  -892n  n/a
   4   64 |   7 1.0   19   8.1M  150  600  80%    10M |  99.9   n/a   1   27  1.05M   11   20  64%  81.9M    n/a  n/a
   4   65 |   7 1.0   19   8.3M  152  533  77%    10M |  99.9   n/a   1   27  1.01M   11   22  66%  81.9M    n/a  n/a
   4   66 |   7 1.0   19   8.4M  169  617  78%    10M |  99.9   n/a   1   27  1.14M   12   22  64%  81.9M    n/a  n/a
   4   67 |   7 1.0   19   8.1M  146  480  76%    10M |  99.9   n/a   1   27   811k   10   23  69%  81.9M    n/a  n/a
   4   68 |   7 1.0   19   8.7M  168  567  77%    10M |  99.9   n/a   1   27   635k    7   24  77%  81.9M    n/a  n/a
   4   69 |   7 1.0   19   8.1M  154  560  78%    10M |  99.9   n/a   1   27   666k    7   23  76%  81.9M    n/a  n/a
   4   6a |   7 1.0   19   8.6M  164  611  78%    10M |  99.9   n/a   1   27   692k    9   21  70%  81.9M    n/a  n/a
   4   6b |   7 1.0   19   8.3M  150  523  77%    10M |  99.9   n/a   1   27  1.19M   13   22  62%  81.9M    n/a  n/a
   0   44 |   7 1.0   19    10M  172  439  71%    10M |  99.9   ovl   1   27  1.36M   14   18  56%  81.9M    36n  n/a
   0   45 |   7 1.0   19    10M  162  441  73%    10M |  99.9   ovl   1   27  2.22M   22    8  26%  81.9M  -334n  n/a
   0   46 |   7 1.0   19   9.7M  160  521  76%    10M |  99.9   ovl   1   27  2.30M   24   10  29%  81.9M  -488n  n/a
   0   47 |   7 1.0   19   9.7M  165  504  75%    10M |  99.9   ovl   1   27  2.36M   25    9  26%  81.9M  -272n  n/a
   0   48 |   7 1.0   19   9.5M  176  523  74%    10M |  99.9   n/a   1   27  1.96M   19    9  32%  81.9M    n/a  n/a
   0   49 |   7 1.0   19   9.9M  160  494  75%    10M |  99.9   n/a   1   27  2.46M   26   13  33%  81.9M    n/a  n/a
   0   4a |   7 1.0   19   9.9M  161  507  75%    10M |  99.9   n/a   1   27  2.21M   22   14  38%  81.9M    n/a  n/a
   0   4b |   7 1.0   19    10M  175  442  71%    10M |  99.9   ovl   1   27  2.26M   22   10  31%  81.9M  -606n  n/a
   1   4c |   7 1.0   19   8.4M   70  340  82%    10M |  99.9   n/a   1   27  1.41M    7   10  58%  81.9M    n/a  n/a
   1   4d |   7 1.0   19   7.7M   77  370  82%    10M |  99.9   n/a   1   27   607k    3   10  76%  81.9M    n/a  n/a
   1   4e |   7 1.0   19   7.9M   79  342  81%    10M |  99.9   ovl   1   27  1.20M    6    9  60%  81.9M   872n  n/a
   1   4f |   7 1.0   19   7.9M   77  385  83%    10M |  99.9   ovl   1   27   996k    5   10  66%  81.9M    46n  n/a
   1   50 |   7 1.0   19   8.3M   90  371  80%    10M |  99.9   ovl   1   27  1.40M    7   13  65%  81.9M   -93n  n/a
   1   51 |   7 1.0    0      0    0    0   0%    10M |   n/a   n/a   1    0      0    0    0   0%  81.9M    n/a  n/a
   1   52 |   7 1.0   19   8.3M   77  310  80%    10M |  99.9   ovl   1   27  2.00M   10   10  50%  81.9M    49n  n/a
   1   53 |   7 1.0   19   7.2M   74  413  84%    10M |  99.9   ovl   1   27  1.80M    9    7  43%  81.9M   872n  n/a
   2   54 |   7 1.0   19   7.8M  180  584  76%    10M |  99.9   ovl   1   27  1.53M   20   16  44%  81.9M  -616n  n/a
   2   55 |   7 1.0   19   7.8M  165  541  76%    10M |  99.9   ovl   1   27   946k   11   17  60%  81.9M   566n  n/a
   2   56 |   7 1.0   19   7.9M  167  592  77%    10M |  99.9   n/a   1   27  1.18M   16   12  42%  81.9M    n/a  n/a
   2   57 |   7 1.0   19   8.2M  173  584  77%    10M |  99.9   ovl   1   27  1.38M   19   15  44%  81.9M  -911n  n/a
   2   58 |   7 1.0   19   8.0M  179  565  75%    10M |  99.9   ovl   1   27  1.11M   14   16  53%  81.9M  -656n  n/a
   2   59 |   7 1.0   19   7.7M  169  499  74%    10M |  99.9   n/a   1   27   565k    7   16  69%  81.9M    n/a  n/a
   2   5a |   7 1.0   19   8.0M  170  588  77%    10M |  99.9   ovl   1   27  1.58M   21   13  38%  81.9M   604n  n/a
   2   5b |   7 1.0   19   7.9M  174  572  76%    10M |  99.9   ovl   1   27   906k   11   19  63%  81.9M   344n  n/a
   3   5c |   7 1.0   19   8.2M  148  583  79%    10M |  99.9   n/a   1   27  1.04M   10   24  70%  81.9M    n/a  n/a
   3   5d |   7 1.0   19   8.2M  142  579  80%    10M |  99.9   ovl   1   27  1.06M   11   20  64%  81.9M   896n  n/a
   3   5e |   7 1.0   19   7.4M  130  665  83%    10M |  99.9   ovl   1   27  1.83M   18   21  53%  81.9M  -553n  n/a
   3   5f |   7 1.0   19   7.9M  133  580  81%    10M |  99.9   ovl   1   27  1.28M   12   21  63%  81.9M   272n  n/a
   3   60 |   7 1.0   19   8.1M  144  602  80%    10M |  99.9   ovl   1   27  1.25M   12   22  64%  81.9M  -892n  n/a
   3   61 |   7 1.0   19   8.3M  135  592  81%    10M |  99.9   n/a   1   27  1.10M   11   23  67%  81.9M    n/a  n/a
   3   62 |   7 1.0   19   8.3M  152  578  79%    10M |  99.9   n/a   1   27  1.16M   12   21  63%  81.9M    n/a  n/a
   3   63 |   7 1.0   19   8.2M  136  557  80%    10M |  99.9   ovl   1   27  1.54M   16   22  57%  81.9M  -474n  n/a
   4   64 |   7 1.0   19   8.0M  166  587  77%    10M |  99.9   ovl   1   27  1.19M   14   15  51%  81.9M   283n  n/a
   4   65 |   7 1.0   19   7.5M  144  598  80%    10M |  99.9   ovl   1   27  1.24M   14   15  51%  81.9M  -740n  n/a
   4   66 |   7 1.0   19   7.7M  146  670  82%    10M |  99.9   ovl   1   27  1.13M   13   18  58%  81.9M  -390n  n/a
   4   67 |   7 1.0   19   7.4M  142  551  79%    10M |  99.9   ovl   1   27  1.38M   16   18  52%  81.9M   495n  n/a
   4   68 |   7 1.0   19   8.0M  160  608  79%    10M |  99.9   ovl   1   27  1.10M   12   17  58%  81.9M   -67n  n/a
   4   69 |   7 1.0   19   7.2M  129  559  81%    10M |  99.9   ovl   1   27  1.44M   17   19  52%  81.9M   646n  n/a
   4   6a |   7 1.0   19   7.8M  165  618  78%    10M |  99.9   ovl   1   27  1.31M   15   15  50%  81.9M  -248n  n/a
   4   6b |   7 1.0   19   7.6M  140  582  80%    10M |  99.9   ovl   1   27  1.26M   12   18  60%  81.9M  -640n  n/a
   0   44 |   7 1.0   19   8.8M  156  583  78%    10M |  99.9   n/a   1   27  2.18M   23    9  28%  81.9M    n/a  n/a
   0   45 |   7 1.0   19   8.6M  141  484  77%    10M |  99.9   ovl   1   27  1.48M   15   21  58%  81.9M  -970n  n/a
   0   46 |   7 1.0   19   9.5M  162  435  72%    10M |  99.9   ovl   1   27  2.05M   21   17  44%  81.9M  -204n  n/a
   0   47 |   7 1.0   19   8.4M  142  487  77%    10M |  99.9   ovl   1   27  1.43M   14   12  46%  81.9M   115n  n/a
   0   48 |   7 1.0   19   9.2M  172  484  73%    10M |  99.9   ovl   1   27  1.69M   17   14  45%  81.9M  -171n  n/a
   0   49 |   7 1.0   19   8.5M  143  487  77%    10M |  99.9   ovl   1   27  1.81M   18   11  37%  81.9M    83n  n/a
   0   4a |   7 1.0   19   8.3M  154  587  79%    10M |  99.9   ovl   1   27  1.18M   12    7  36%  81.9M   -43n  n/a
   0   4b |   7 1.0   19   8.3M  140  460  76%    10M |  99.9   ovl   1   27  1.62M   17   11  39%  81.9M  -141n  n/a

          |--------------------DL---------------------|-------------------------------UL-----------------------------
 pci rnti | cqi  ri  mcs  brate   ok  nok  (%)  dl_bs | pusch  rsrp  ri  mcs  brate   ok  nok  (%)    bsr     ta  phr
   1   4c |   7 1.0   19   9.3M   93  401  81%    10M |  99.9   n/a   1   27  1.78M    9    7  43%  81.9M    n/a  n/a
   1   4d |   7 1.0   19   9.7M   85  344  80%    10M |  99.9   n/a   1   27  2.61M   13    7  35%  81.9M    n/a  n/a
   1   4e |   7 1.0   19   9.1M   79  317  80%    10M |  99.9   ovl   1   27  1.59M    8   12  60%  81.9M    49n  n/a
   1   4f |   7 1.0   19   9.1M   77  300  79%    10M |  99.9   n/a   1   27  1.58M    8    9  52%  81.9M    n/a  n/a
   1   50 |   7 1.0   19   9.4M   81  327  80%    10M |  99.9   n/a   1   27  1.60M    8    7  46%  81.9M    n/a  n/a
   1   51 |   7 1.0    0      0    0    0   0%    10M |   n/a   n/a   1    0      0    0    0   0%  81.9M    n/a  n/a
   1   52 |   7 1.0   19   9.6M   88  309  77%    10M |  99.9   ovl   1   27  1.41M    7    9  56%  81.9M   872n  n/a
   1   53 |   7 1.0   19   9.5M   93  313  77%    10M |  99.9   ovl   1   27  1.40M    7   11  61%  81.9M  -234n  n/a
   2   54 |   7 1.0   19   6.7M  164  582  78%    10M |  99.9   ovl   1   27  1.48M   18   14  43%  81.9M  -616n  n/a
   2   55 |   7 1.0   19   6.7M  150  543  78%    10M |  99.9   ovl   1   27  1.21M   17   17  50%  81.9M  -553n  n/a
   2   56 |   7 1.0   19   6.5M  152  608  80%    10M |  99.9   ovl   1   27   744k   10   20  66%  81.9M   566n  n/a
   2   57 |   7 1.0   19   6.6M  147  550  78%    10M |  99.9   ovl   1   27  1.54M   19   17  47%  81.9M   147n  n/a
   2   58 |   7 1.0   19   6.8M  151  556  78%    10M |  99.9   ovl   1   27   750k   10   19  65%  81.9M   604n  n/a
   2   59 |   7 1.0   19   6.7M  142  515  78%    10M |  99.9   ovl   1   27  1.22M   15   17  53%  81.9M  -136n  n/a
   2   5a |   7 1.0   19   6.6M  154  643  80%    10M |  99.9   ovl   1   27   874k   10   19  65%  81.9M  -328n  n/a
   2   5b |   7 1.0   19   6.7M  143  562  79%    10M |  99.9   ovl   1   27  1.34M   17   15  46%  81.9M   639n  n/a
   3   5c |   7 1.0   19   9.5M  169  578  77%    10M |  99.9   ovl   1   27  2.32M   22   15  40%  81.9M  -114n  n/a
   3   5d |   7 1.0   19   9.6M  162  476  74%    10M |  99.9   n/a   1   27  1.04M   11   20  64%  81.9M    n/a  n/a
   3   5e |   7 1.0   19   9.7M  158  547  77%    10M |  99.9   n/a   1   27  2.23M   23   10  30%  81.9M    n/a  n/a
   3   5f |   7 1.0   19   9.8M  159  462  74%    10M |  99.9   n/a   1   27  1.43M   13   14  51%  81.9M    n/a  n/a
   3   60 |   7 1.0   19   9.2M  159  590  78%    10M |  99.9   ovl   1   27  1.96M   19   15  44%  81.9M  -892n  n/a
   3   61 |   7 1.0   19   9.6M  158  508  76%    10M |  99.9   ovl   1   27  2.22M   21   15  41%  81.9M   765n  n/a
   3   62 |   7 1.0   19   9.7M  179  582  76%    10M |  99.9   n/a   1   27  1.66M   17   19  52%  81.9M    n/a  n/a
   3   63 |   7 1.0   19   9.6M  166  530  76%    10M |  99.9   n/a   1   27  2.04M   20   16  44%  81.9M    n/a  n/a
   4   64 |   7 1.0   19   9.5M  183  576  75%    10M |  99.9   ovl   1   27  1.43M   16   14  46%  81.9M  -554n  n/a
   4   65 |   7 1.0   19   9.5M  176  502  74%    10M |  99.9   ovl   1   27  1.83M   20   18  47%  81.9M   -92n  n/a
   4   66 |   7 1.0   19   9.5M  184  587  76%    10M |  99.9   ovl   1   27  1.51M   17   17  50%  81.9M   396n  n/a
   4   67 |   7 1.0   19   9.5M  170  504  74%    10M |  99.9   ovl   1   27  1.48M   17   17  50%  81.9M  -612n  n/a
   4   68 |   7 1.0   19   9.6M  185  587  76%    10M |  99.9   ovl   1   27  1.44M   17   20  54%  81.9M  -324n  n/a
   4   69 |   7 1.0   19   9.6M  177  541  75%    10M |  99.9   ovl   1   27  1.55M   18   15  45%  81.9M   847n  n/a
   4   6a |   7 1.0   19   9.6M  188  571  75%    10M |  99.9   ovl   1   27  1.04M   12   18  60%  81.9M  -322n  n/a
   4   6b |   7 1.0   19   9.5M  177  449  71%    10M |  99.9   ovl   1   27  1.71M   21   18  46%  81.9M   332n  n/a
   0   44 |   7 1.0   19   8.7M  161  642  79%    10M |  99.9   ovl   1   27  1.89M   18   15  45%  81.9M  -262n  n/a
   0   45 |   7 1.0   19   8.8M  141  487  77%    10M |  99.9   ovl   1   27  1.33M   15   13  46%  81.9M  -590n  n/a
   0   46 |   7 1.0   19   9.5M  169  527  75%    10M |  99.9   ovl   1   27  1.77M   17   12  41%  81.9M  -488n  n/a
   0   47 |   7 1.0   19   8.7M  140  556  79%    10M |  99.9   ovl   1   27  1.79M   19   12  38%  81.9M   -10n  n/a
   0   48 |   7 1.0   19   8.4M  148  627  80%    10M |  99.9   ovl   1   27  1.59M   16   14  46%  81.9M   159n  n/a
   0   49 |   7 1.0   19   7.9M  136  577  80%    10M |  99.9   ovl   1   27  1.43M   15   16  51%  81.9M   150n  n/a
   0   4a |   7 1.0   19   9.1M  157  565  78%    10M |  99.9   ovl   1   27  1.71M   18   15  45%  81.9M  -704n  n/a
   0   4b |   7 1.0   19   8.4M  138  521  79%    10M |  99.9   ovl   1   27  1.99M   20   17  45%  81.9M  -606n  n/a
   1   4c |   7 1.0   19   7.5M   69  490  87%    10M |  99.9   n/a   1   27  1.18M    6    9  60%  81.9M    n/a  n/a
   1   4d |   7 1.0   19   7.3M   62  496  88%    10M |  99.9   n/a   1   27   820k    4    8  66%  81.9M    n/a  n/a
   1   4e |   7 1.0   19   7.6M   63  452  87%    10M |  99.9   n/a   1   27   607k    3    8  72%  81.9M    n/a  n/a
   1   4f |   7 1.0   19   7.2M   62  532  89%    10M |  99.9   n/a   1   27  1.18M    6    7  53%  81.9M    n/a  n/a
   1   50 |   7 1.0   19   7.4M   63  546  89%    10M |  99.9   n/a   1   27   799k    4   11  73%  81.9M    n/a  n/a
   1   51 |   7 1.0    0      0    0    0   0%    10M |   n/a   n/a   1    0      0    0    0   0%  81.9M    n/a  n/a
   1   52 |   7 1.0   19   7.5M   71  520  87%    10M |  99.9   n/a   1   27   795k    4    9  69%  81.9M    n/a  n/a
   1   53 |   7 1.0   19   7.4M   64  550  89%    10M |  99.9   n/a   1   27  1.20M    6    8  57%  81.9M    n/a  n/a
   2   54 |   7 1.0   19   5.9M  129  664  83%    10M |  99.9   n/a   1   27  1.02M   14   21  60%  81.9M    n/a  n/a
   2   55 |   7 1.0   19   5.8M  123  576  82%    10M |  99.9   ovl   1   27   950k   11   16  59%  81.9M   603n  n/a
   2   56 |   7 1.0   19   5.8M  131  626  82%    10M |  99.9   n/a   1   27  1.12M   16   22  57%  81.9M    n/a  n/a
   2   57 |   7 1.0   19   5.9M  128  585  82%    10M |  99.9   n/a   1   27  1.01M   13   13  50%  81.9M    n/a  n/a
   2   58 |   7 1.0   19   6.0M  137  650  82%    10M |  99.9   n/a   1   27   893k   12   16  57%  81.9M    n/a  n/a
   2   59 |   7 1.0   19   5.9M  124  595  82%    10M |  99.9   n/a   1   27   840k    9   20  68%  81.9M    n/a  n/a
   2   5a |   7 1.0   19   5.7M  127  592  82%    10M |  99.9   n/a   1   27   557k    7   16  69%  81.9M    n/a  n/a
   2   5b |   7 1.0   19   5.8M  122  612  83%    10M |  99.9   n/a   1   27   994k   12   14  53%  81.9M    n/a  n/a
   3   5c |   7 1.0   19    10M  180  549  75%    10M |  99.9   n/a   1   27  1.99M   19   16  45%  81.9M    n/a  n/a
   3   5d |   7 1.0   19   9.8M  162  514  76%    10M |  99.9   n/a   1   27  2.14M   21   16  43%  81.9M    n/a  n/a
   3   5e |   7 1.0   19   9.7M  164  631  79%    10M |  99.9   n/a   1   27  2.25M   22   15  40%  81.9M    n/a  n/a
   3   5f |   7 1.0   19    10M  174  507  74%    10M |  99.9   n/a   1   27  1.68M   18   17  48%  81.9M    n/a  n/a
   3   60 |   7 1.0   19    10M  183  532  74%    10M |  99.9   n/a   1   27  1.63M   18   16  47%  81.9M    n/a  n/a
   3   61 |   7 1.0   19   9.7M  163  480  74%    10M |  99.9   n/a   1   27  1.83M   18   17  48%  81.9M    n/a  n/a
   3   62 |   7 1.0   19    10M  165  601  78%    10M |  99.9   n/a   1   27  1.88M   18   16  47%  81.9M    n/a  n/a
   3   63 |   7 1.0   19    10M  168  491  74%    10M |  99.9   n/a   1   27  2.12M   21   15  41%  81.9M    n/a  n/a
   4   64 |   7 1.0   19   8.2M  166  584  77%    10M |  99.9   ovl   1   27  1.88M   19   16  45%  81.9M  -142n  n/a
   4   65 |   7 1.0   19   8.1M  151  556  78%    10M |  99.9   ovl   1   27  1.25M   14   15  51%  81.9M   144n  n/a
   4   66 |   7 1.0   19   8.6M  162  620  79%    10M |  99.9   ovl   1   27  1.34M   13   17  56%  81.9M  -322n  n/a
   4   67 |   7 1.0   19   8.3M  159  600  79%    10M |  99.9   ovl   1   27  1.59M   17   18  51%  81.9M   378n  n/a
   4   68 |   7 1.0   19   8.8M  168  613  78%    10M |  99.9   ovl   1   27  1.35M   17   18  51%  81.9M  -378n  n/a
   4   69 |   7 1.0   19   8.5M  157  575  78%    10M |  99.9   ovl   1   27  1.31M   15   16  51%  81.9M  -498n  n/a
   4   6a |   7 1.0   19   8.7M  187  549  74%    10M |  99.9   ovl   1   27  1.38M   16   18  52%  81.9M   129n  n/a
   4   6b |   7 1.0   19   8.4M  165  488  74%    10M |  99.9   ovl   1   27  1.55M   17   15  46%  81.9M    60n  n/a
   0   44 |   7 1.0   19   8.1M  141  637  81%    10M |  99.9   ovl   1   27  1.41M   15   17  53%  81.9M  -606n  n/a
   0   45 |   7 1.0   19   6.9M  115  609  84%    10M |  99.9   ovl   1   27  1.43M   16   20  55%  81.9M   213n  n/a
   0   46 |   7 1.0   19   7.2M  133  565  80%    10M |  99.9   ovl   1   27  1.09M   11   15  57%  81.9M  -606n  n/a
   0   47 |   7 1.0   19   7.1M  111  600  84%    10M |  99.9   ovl   1   27   873k   10   16  61%  81.9M    36n  n/a
   0   48 |   7 1.0   19   8.1M  141  602  81%    10M |  99.9   ovl   1   27  1.72M   17   14  45%  81.9M   213n  n/a
   0   49 |   7 1.0   19   6.8M  108  612  85%    10M |  99.9   ovl   1   27  1.16M   13   17  56%  81.9M  -119n  n/a
   0   4a |   7 1.0   19   8.2M  146  603  80%    10M |  99.9   ovl   1   27  1.14M   13   15  53%  81.9M  -542n  n/a
   0   4b |   7 1.0   19   7.1M  121  584  82%    10M |  99.9   ovl   1   27  1.27M   13    6  31%  81.9M   213n  n/a
   1   4c |   7 1.0   19   8.1M   67  459  87%    10M |  99.9   n/a   1   27   590k    3    7  70%  81.9M    n/a  n/a
   1   4d |   7 1.0   19   8.1M   70  417  85%    10M |  99.9   n/a   1   27  2.00M   10   10  50%  81.9M    n/a  n/a
   1   4e |   7 1.0   19   8.5M   76  416  84%    10M |  99.9   n/a   1   27  1.61M    8   12  60%  81.9M    n/a  n/a
   1   4f |   7 1.0   19   8.4M   78  416  84%    10M |  99.9   n/a   1   27   787k    4   13  76%  81.9M    n/a  n/a
   1   50 |   7 1.0   19   8.4M   72  416  85%    10M |  99.9   n/a   1   27  1.22M    6    4  40%  81.9M    n/a  n/a
   1   51 |   7 1.0    0      0    0    0   0%    10M |   n/a   n/a   1    0      0    0    0   0%  81.9M    n/a  n/a
   1   52 |   7 1.0   19   8.2M   72  449  86%    10M |  99.9   n/a   1   27  2.01M   10    7  41%  81.9M    n/a  n/a
   1   53 |   7 1.0   19   8.6M   75  396  84%    10M |  99.9   n/a   1   27   795k    4    4  50%  81.9M    n/a  n/a

          |--------------------DL---------------------|-------------------------------UL-----------------------------
 pci rnti | cqi  ri  mcs  brate   ok  nok  (%)  dl_bs | pusch  rsrp  ri  mcs  brate   ok  nok  (%)    bsr     ta  phr
   2   54 |   7 1.0   19   6.3M  144  672  82%    10M |  99.9   n/a   1   27   879k   12   19  61%  81.9M    n/a  n/a
   2   55 |   7 1.0   19   6.4M  131  607  82%    10M |  99.9   n/a   1   27   926k   13   19  59%  81.9M    n/a  n/a
   2   56 |   7 1.0   19   6.5M  138  677  83%    10M |  99.9   n/a   1   27   821k   11   16  59%  81.9M    n/a  n/a
   2   57 |   7 1.0   19   6.3M  134  534  79%    10M |  99.9   n/a   1   27  1.01M   14   19  57%  81.9M    n/a  n/a
   2   58 |   7 1.0   19   6.2M  136  628  82%    10M |  99.9   n/a   1   27   908k   12   18  60%  81.9M    n/a  n/a
   2   59 |   7 1.0   19   6.1M  127  567  81%    10M |  99.9   n/a   1   27   865k   11   15  57%  81.9M    n/a  n/a
   2   5a |   7 1.0   19   6.3M  141  703  83%    10M |  99.9   n/a   1   27   667k    8   19  70%  81.9M    n/a  n/a
   2   5b |   7 1.0   19   6.3M  133  629  82%    10M |  99.9   n/a   1   27  1.09M   13   14  51%  81.9M    n/a  n/a
   3   5c |   7 1.0   19   9.0M  155  564  78%    10M |  99.9   n/a   1   27  1.86M   18   16  47%  81.9M    n/a  n/a
   3   5d |   7 1.0   19   8.7M  141  533  79%    10M |  99.9   n/a   1   27  1.55M   14   15  51%  81.9M    n/a  n/a
   3   5e |   7 1.0   19   8.9M  154  656  80%    10M |  99.9   n/a   1   27  1.42M   14   17  54%  81.9M    n/a  n/a
   3   5f |   7 1.0   19   8.9M  147  480  76%    10M |  99.9   n/a   1   27  1.57M   16   16  50%  81.9M    n/a  n/a
   3   60 |   7 1.0   19   9.1M  165  532  76%    10M |  99.9   n/a   1   27  1.55M   15   17  53%  81.9M    n/a  n/a
   3   61 |   7 1.0   19   8.8M  141  565  80%    10M |  99.9   n/a   1   27  1.38M   13   17  56%  81.9M    n/a  n/a
   3   62 |   7 1.0   19   9.1M  154  584  79%    10M |  99.9   n/a   1   27  1.47M   15   19  55%  81.9M    n/a  n/a
   3   63 |   7 1.0   19   9.0M  145  533  78%    10M |  99.9   n/a   1   27  1.78M   18   18  50%  81.9M    n/a  n/a
   4   64 |   7 1.0   19    10M  208  510  71%    10M |  99.9   ovl   1   27  2.88M   34   13  27%  81.9M   218n  n/a
   4   65 |   7 1.0   19   9.6M  183  527  74%    10M |  99.9   ovl   1   27  2.35M   28   12  30%  81.9M    85n  n/a
   4   66 |   7 1.0   19   9.7M  197  543  73%    10M |  99.9   ovl   1   27  2.24M   25   17  40%  81.9M   148n  n/a
   4   67 |   7 1.0   19   9.5M  181  529  74%    10M |  99.9   ovl   1   27  2.47M   29   15  34%  81.9M     2n  n/a
   4   68 |   7 1.0   19   9.4M  186  559  75%    10M |  99.9   ovl   1   27  2.75M   31   12  27%  81.9M  -172n  n/a
   4   69 |   7 1.0   19   9.4M  176  502  74%    10M |  99.9   ovl   1   27  2.29M   26   13  33%  81.9M   347n  n/a
   4   6a |   7 1.0   19   9.3M  179  500  73%    10M |  99.9   ovl   1   27  2.55M   28   18  39%  81.9M  -185n  n/a
   4   6b |   7 1.0   19   9.1M  173  498  74%    10M |  99.9   ovl   1   27  2.58M   29    9  23%  81.9M  -133n  n/a
   0   44 |   7 1.0   19   8.8M  153  584  79%    10M |  99.9   ovl   1   27  2.10M   21   12  36%  81.9M  -587n  n/a
   0   45 |   7 1.0   19   9.2M  148  504  77%    10M |  99.9   n/a   1   27   699k    7   13  65%  81.9M    n/a  n/a
   0   46 |   7 1.0   19   8.9M  157  546  77%    10M |  99.9   n/a   1   27  2.10M   21   20  48%  81.9M    n/a  n/a
   0   47 |   7 1.0   19   9.1M  145  491  77%    10M |  99.9   n/a   1   27  2.16M   22   20  47%  81.9M    n/a  n/a
   0   48 |   7 1.0   19   9.3M  150  572  79%    10M |  99.9   n/a   1   27  1.46M   15   21  58%  81.9M    n/a  n/a
   0   49 |   7 1.0   19   9.0M  154  488  76%    10M |  99.9   n/a   1   27  2.09M   23   20  46%  81.9M    n/a  n/a
   0   4a |   7 1.0   19   9.6M  162  561  77%    10M |  99.9   n/a   1   27  1.56M   16   21  56%  81.9M    n/a  n/a
   0   4b |   7 1.0   19   9.0M  147  532  78%    10M |  99.9   n/a   1   27  1.71M   17   22  56%  81.9M    n/a  n/a
   1   4c |   7 1.0   19    11M   95  308  76%    10M |  99.9   ovl   1   27  1.81M    9   13  59%  81.9M   332n  n/a
   1   4d |   7 1.0   19    10M   85  283  76%    10M |  99.9   ovl   1   27  3.20M   16    8  33%  81.9M   679n  n/a
   1   4e |   7 1.0   19    11M   94  293  75%    10M |  99.9   ovl   1   27  3.59M   18    8  30%  81.9M   601n  n/a
   1   4f |   7 1.0   19    10M   92  277  75%    10M |  99.9   ovl   1   27  3.41M   17    8  32%  81.9M   166n  n/a
   1   50 |   7 1.0   19    11M   97  263  73%    10M |  99.9   n/a   1   27  1.00M    5    7  58%  81.9M    n/a  n/a
   1   51 |   7 1.0    0      0    0    0   0%    10M |   n/a   n/a   1    0      0    0    0   0%  81.9M    n/a  n/a
   1   52 |   7 1.0   19    10M   91  253  73%    10M |  99.9   ovl   1   27  2.19M   11    6  35%  81.9M    49n  n/a
   1   53 |   7 1.0   19    10M   88  290  76%    10M |  99.9   ovl   1   27  1.22M    6    8  57%  81.9M   884n  n/a
   2   54 |   7 1.0   19   6.9M  174  587  77%    10M |  99.9   ovl   1   27   977k   12   19  61%  81.9M   482n  n/a
   2   55 |   7 1.0   19   6.5M  131  554  80%    10M |  99.9   ovl   1   27  1.33M   16   18  52%  81.9M  -639n  n/a
   2   56 |   7 1.0   19   6.6M  150  696  82%    10M |  99.9   ovl   1   27   746k   10   19  65%  81.9M  -302n  n/a
   2   57 |   7 1.0   19   6.9M  137  541  79%    10M |  99.9   ovl   1   27  1.02M   12   16  57%  81.9M   746n  n/a
   2   58 |   7 1.0   19   6.5M  143  580  80%    10M |  99.9   ovl   1   27  1.03M   13   19  59%  81.9M     5n  n/a
   2   59 |   7 1.0   19   6.3M  137  578  80%    10M |  99.9   ovl   1   27   904k   13   19  59%  81.9M   145n  n/a
   2   5a |   7 1.0   19   6.4M  140  628  81%    10M |  99.9   ovl   1   27  1.01M   13   20  60%  81.9M  -978n  n/a
   2   5b |   7 1.0   19   6.4M  145  540  78%    10M |  99.9   ovl   1   27   889k   11   16  59%  81.9M  -784n  n/a
   3   5c |   7 1.0   19    11M  189  503  72%    10M |  99.9   ovl   1   27  2.09M   20   16  44%  81.9M   238n  n/a
   3   5d |   7 1.0   19    10M  163  472  74%    10M |  99.9   ovl   1   27  1.67M   17   16  48%  81.9M  -561n  n/a
   3   5e |   7 1.0   19    10M  172  558  76%    10M |  99.9   ovl   1   27  1.41M   15   16  51%  81.9M   -27n  n/a
   3   5f |   7 1.0   19    10M  163  478  74%    10M |  99.9   ovl   1   27  1.33M   14   17  54%  81.9M   498n  n/a
   3   60 |   7 1.0   19    10M  176  531  75%    10M |  99.9   ovl   1   27  1.43M   14   16  53%  81.9M  -178n  n/a
   3   61 |   7 1.0   19   9.7M  164  551  77%    10M |  99.9   ovl   1   27  1.75M   17   17  50%  81.9M   -43n  n/a
   3   62 |   7 1.0   19    10M  185  557  75%    10M |  99.9   ovl   1   27  2.00M   20   20  50%  81.9M   112n  n/a
   3   63 |   7 1.0   19   9.9M  168  512  75%    10M |  99.9   ovl   1   27  1.77M   17   17  50%  81.9M   166n  n/a
   4   64 |   7 1.0   19   7.8M  157  578  78%    10M |  99.9   ovl   1   27  1.06M   12   18  60%  81.9M  -375n  n/a
   4   65 |   7 1.0   19   7.2M  139  583  80%    10M |  99.9   ovl   1   27  1.71M   20   13  39%  81.9M  -858n  n/a
   4   66 |   7 1.0   19   7.3M  153  635  80%    10M |  99.9   ovl   1   27   947k   11   22  66%  81.9M  -858n  n/a
   4   67 |   7 1.0   19   7.4M  136  588  81%    10M |  99.9   ovl   1   27   793k    9   14  60%  81.9M  -815n  n/a
   4   68 |   7 1.0   19   7.9M  159  605  79%    10M |  99.9   ovl   1   27  1.65M   18   16  47%  81.9M    96n  n/a
   4   69 |   7 1.0   19   7.6M  141  556  79%    10M |  99.9   ovl   1   27  1.25M   15   16  51%  81.9M  -920n  n/a
   4   6a |   7 1.0   19   8.1M  168  570  77%    10M |  99.9   ovl   1   27  1.62M   19    8  29%  81.9M   766n  n/a
   4   6b |   7 1.0   19   7.3M  134  678  83%    10M |  99.9   ovl   1   27  1.54M   17   17  50%  81.9M   269n  n/a
   0   44 |   7 1.0   19   7.3M  120  634  84%    10M |  99.9   n/a   1   27  1.56M   16   14  46%  81.9M    n/a  n/a
   0   45 |   7 1.0   19   8.1M  132  498  79%    10M |  99.9   n/a   1   27   543k    6   17  73%  81.9M    n/a  n/a
   0   46 |   7 1.0   19   8.0M  145  585  80%    10M |  99.9   n/a   1   27  1.30M   12   16  57%  81.9M    n/a  n/a
   0   47 |   7 1.0   19   7.8M  134  490  78%    10M |  99.9   n/a   1   27  1.34M   13   18  58%  81.9M    n/a  n/a
   0   48 |   7 1.0   19   7.8M  127  579  82%    10M |  99.9   n/a   1   27  1.57M   17   16  48%  81.9M    n/a  n/a
   0   49 |   7 1.0   19   8.1M  137  509  78%    10M |  99.9   n/a   1   27   990k   10   20  66%  81.9M    n/a  n/a
   0   4a |   7 1.0   19   7.7M  139  566  80%    10M |  99.9   n/a   1   27  1.53M   15   15  50%  81.9M    n/a  n/a
   0   4b |   7 1.0   19   8.1M  139  530  79%    10M |  99.9   n/a   1   27   992k   10   20  66%  81.9M    n/a  n/a
   1   4c |   7 1.0   19   8.6M   86  472  84%    10M |  99.9   n/a   1   27   984k    5    7  58%  81.9M    n/a  n/a
   1   4d |   7 1.0   19   8.5M   80  410  83%    10M |  99.9   n/a   1   27  1.41M    7    8  53%  81.9M    n/a  n/a
   1   4e |   7 1.0   19   8.6M   83  444  84%    10M |  99.9   n/a   1   27  1.40M    7    8  53%  81.9M    n/a  n/a
   1   4f |   7 1.0   19   8.6M   76  458  85%    10M |  99.9   n/a   1   27   787k    4   10  71%  81.9M    n/a  n/a
   1   50 |   7 1.0   19   8.5M   78  430  84%    10M |  99.9   n/a   1   27  1.61M    8    7  46%  81.9M    n/a  n/a
   1   51 |   7 1.0    0      0    0    0   0%    10M |   n/a   n/a   1    0      0    0    0   0%  81.9M    n/a  n/a
   1   52 |   7 1.0   19   8.7M   75  428  85%    10M |  99.9   n/a   1   27  1.02M    5   11  68%  81.9M    n/a  n/a
   1   53 |   7 1.0   19   8.6M   81  414  83%    10M |  99.9   n/a   1   27  1.39M    7    9  56%  81.9M    n/a  n/a
   2   54 |   7 1.0   19   8.2M  183  602  76%    10M |  99.9   n/a   1   27  1.54M   20   16  44%  81.9M    n/a  n/a
   2   55 |   7 1.0   19   8.0M  167  546  76%    10M |  99.9   n/a   1   27  1.23M   16   20  55%  81.9M    n/a  n/a
   2   56 |   7 1.0   19   7.9M  178  639  78%    10M |  99.9   n/a   1   27  1.21M   15   17  53%  81.9M    n/a  n/a
   2   57 |   7 1.0   19   8.3M  173  457  72%    10M |  99.9   n/a   1   27  1.19M   16   16  50%  81.9M    n/a  n/a
   2   58 |   7 1.0   19   8.4M  192  612  76%    10M |  99.9   n/a   1   27  1.17M   14   17  54%  81.9M    n/a  n/a
   2   59 |   7 1.0   19   8.2M  166  595  78%    10M |  99.9   n/a   1   27  1.20M   16   19  54%  81.9M    n/a  n/a
   2   5a |   7 1.0   19   8.4M  183  532  74%    10M |  99.9   n/a   1   27  1.29M   19   17  47%  81.9M    n/a  n/a
   2   5b |   7 1.0   19   8.0M  166  486  74%    10M |  99.9   n/a   1   27  1.44M   19   16  45%  81.9M    n/a  n/a

          |--------------------DL---------------------|-------------------------------UL-----------------------------
 pci rnti | cqi  ri  mcs  brate   ok  nok  (%)  dl_bs | pusch  rsrp  ri  mcs  brate   ok  nok  (%)    bsr     ta  phr
   3   5c |   7 1.0   19    12M  203  464  69%    10M |  99.9   ovl   1   27  2.42M   22   15  40%  81.9M    77n  n/a
   3   5d |   7 1.0   19    11M  191  470  71%    10M |  99.9   ovl   1   27  2.36M   24   15  38%  81.9M  -503n  n/a
   3   5e |   7 1.0   19    12M  212  422  66%    10M |  99.9   ovl   1   27  2.71M   27   16  37%  81.9M  -118n  n/a
   3   5f |   7 1.0   19    11M  197  426  68%    10M |  99.9   ovl   1   27  2.35M   22   16  42%  81.9M   303n  n/a
   3   60 |   7 1.0   19    12M  213  493  69%    10M |  99.9   ovl   1   27  2.90M   29   15  34%  81.9M   331n  n/a
   3   61 |   7 1.0   19    11M  186  426  69%    10M |  99.9   ovl   1   27  2.10M   20   14  41%  81.9M   483n  n/a
   3   62 |   7 1.0   19    12M  198  492  71%    10M |  99.9   ovl   1   27  2.68M   27   18  40%  81.9M  -570n  n/a
   3   63 |   7 1.0   19    11M  185  468  71%    10M |  99.9   ovl   1   27  3.10M   32   13  28%  81.9M   134n  n/a
   4   64 |   7 1.0   19   8.1M  165  605  78%    10M |  99.9   ovl   1   27  2.50M   30   16  34%  81.9M    18n  n/a
   4   65 |   7 1.0   19   8.2M  152  528  77%    10M |  99.9   ovl   1   27  1.75M   20   16  44%  81.9M  -576n  n/a
   4   66 |   7 1.0   19   8.7M  180  453  71%    10M |  99.9   ovl   1   27  2.23M   26   12  31%  81.9M   766n  n/a
   4   67 |   7 1.0   19   8.5M  154  493  76%    10M |  99.9   n/a   1   27  1.74M   20   16  44%  81.9M    n/a  n/a
   4   68 |   7 1.0   19   8.2M  172  582  77%    10M |  99.9   n/a   1   27  1.55M   17   16  48%  81.9M    n/a  n/a
   4   69 |   7 1.0   19   8.4M  154  475  75%    10M |  99.9   ovl   1   27  2.56M   31   14  31%  81.9M  -558n  n/a
   4   6a |   7 1.0   19   8.2M  160  573  78%    10M |  99.9   n/a   1   27  1.55M   17   20  54%  81.9M    n/a  n/a
   4   6b |   7 1.0   19   8.5M  161  530  76%    10M |  99.9   n/a   1   27  1.58M   16   12  42%  81.9M    n/a  n/a
   0   44 |   7 1.0   19    11M  186  450  70%    10M |  99.9   n/a   1   27  1.77M   18   13  41%  81.9M    n/a  n/a
   0   45 |   7 1.0   19    10M  184  523  73%    10M |  99.9   ovl   1   27  1.75M   18   16  47%  81.9M   314n  n/a
   0   46 |   7 1.0   19    10M  174  509  74%    10M |  99.9   ovl   1   27  1.39M   14   19  57%  81.9M   -66n  n/a
   0   47 |   7 1.0   19    10M  169  489  74%    10M |  99.9   ovl   1   27  2.07M   21   13  38%  81.9M  -606n  n/a
   0   48 |   7 1.0   19   9.9M  173  601  77%    10M |  99.9   ovl   1   27  1.58M   15   15  50%  81.9M    36n  n/a
   0   49 |   7 1.0   19    10M  177  543  75%    10M |  99.9   ovl   1   27  2.04M   20   18  47%  81.9M  -698n  n/a
   0   4a |   7 1.0   19    11M  186  534  74%    10M |  99.9   ovl   1   27  1.64M   17   14  45%  81.9M   115n  n/a
   0   4b |   7 1.0   19   9.7M  169  523  75%    10M |  99.9   ovl   1   27  2.00M   20   13  39%  81.9M  -254n  n/a
   1   4c |   7 1.0   19   8.6M   79  412  83%    10M |  99.9   n/a   1   27   598k    3   10  76%  81.9M    n/a  n/a
   1   4d |   7 1.0   19   8.4M   82  423  83%    10M |  99.9   n/a   1   27  1.02M    5   10  66%  81.9M    n/a  n/a
   1   4e |   7 1.0   19   8.5M   73  423  85%    10M |  99.9   n/a   1   27  1.41M    7    8  53%  81.9M    n/a  n/a
   1   4f |   7 1.0   19   8.8M   80  414  83%    10M |  99.9   n/a   1   27   804k    4   11  73%  81.9M    n/a  n/a
   1   50 |   7 1.0   19   8.7M   78  409  83%    10M |  99.9   n/a   1   27   988k    5   10  66%  81.9M    n/a  n/a
   1   51 |   7 1.0    0      0    0    0   0%    10M |   n/a   n/a   1    0      0    0    0   0%  81.9M    n/a  n/a
   1   52 |   7 1.0   19   8.8M   73  364  83%    10M |  99.9   n/a   1   27  1.20M    6    8  57%  81.9M    n/a  n/a
   1   53 |   7 1.0   19   8.6M   73  396  84%    10M |  99.9   n/a   1   27   984k    5    8  61%  81.9M    n/a  n/a
   2   54 |   7 1.0   19   7.5M  168  566  77%    10M |  99.9   n/a   1   27  1.34M   17   17  50%  81.9M    n/a  n/a
   2   55 |   7 1.0   19   7.0M  145  597  80%    10M |  99.9   n/a   1   27  1.12M   15   17  53%  81.9M    n/a  n/a
   2   56 |   7 1.0   19   7.9M  176  575  76%    10M |  99.9   n/a   1   27  1.27M   15   20  57%  81.9M    n/a  n/a
   2   57 |   7 1.0   19   7.5M  158  493  75%    10M |  99.9   n/a   1   27  1.54M   19   16  45%  81.9M    n/a  n/a
   2   58 |   7 1.0   19   7.2M  148  567  79%    10M |  99.9   n/a   1   27  1.16M   15   20  57%  81.9M    n/a  n/a
   2   59 |   7 1.0   19   7.1M  147  543  78%    10M |  99.9   n/a   1   27  1.35M   17   17  50%  81.9M    n/a  n/a
   2   5a |   7 1.0   19   7.3M  166  610  78%    10M |  99.9   n/a   1   27  1.46M   21   16  43%  81.9M    n/a  n/a
   2   5b |   7 1.0   19   7.2M  155  547  77%    10M |  99.9   n/a   1   27  1.23M   16   22  57%  81.9M    n/a  n/a
   3   5c |   7 1.0   19   8.6M  153  564  78%    10M |  99.9   ovl   1   27  1.35M   14   20  58%  81.9M  -893n  n/a
   3   5d |   7 1.0   19   8.9M  152  527  77%    10M |  99.9   ovl   1   27  2.11M   21   18  46%  81.9M   864n  n/a
   3   5e |   7 1.0   19   8.9M  157  560  78%    10M |  99.9   n/a   1   27  1.79M   17   18  51%  81.9M    n/a  n/a
   3   5f |   7 1.0   19   9.1M  153  506  76%    10M |  99.9   ovl   1   27  1.56M   16   19  54%  81.9M  -277n  n/a
   3   60 |   7 1.0   19   8.8M  155  613  79%    10M |  99.9   ovl   1   27  1.69M   16   17  51%  81.9M   393n  n/a
   3   61 |   7 1.0   19   9.1M  161  545  77%    10M |  99.9   n/a   1   27  1.59M   16   21  56%  81.9M    n/a  n/a
   3   62 |   7 1.0   19   8.9M  153  591  79%    10M |  99.9   n/a   1   27  1.20M   11   21  65%  81.9M    n/a  n/a
   3   63 |   7 1.0   19   9.5M  167  498  74%    10M |  99.9   ovl   1   27  1.61M   17   18  51%  81.9M    -1u  n/a
   4   64 |   7 1.0   19   9.1M  178  558  75%    10M |  99.9   n/a   1   27  1.22M   14   13  48%  81.9M    n/a  n/a
   4   65 |   7 1.0   19   9.6M  183  459  71%    10M |  99.9   n/a   1   27  2.01M   22   16  42%  81.9M    n/a  n/a
   4   66 |   7 1.0   19   9.2M  184  552  75%    10M |  99.9   n/a   1   27  1.42M   15   17  53%  81.9M    n/a  n/a
   4   67 |   7 1.0   19   9.5M  177  523  74%    10M |  99.9   n/a   1   27  1.59M   18   17  48%  81.9M    n/a  n/a
   4   68 |   7 1.0   19   9.3M  192  538  73%    10M |  99.9   n/a   1   27  1.35M   16   16  50%  81.9M    n/a  n/a
   4   69 |   7 1.0   19   9.7M  176  540  75%    10M |  99.9   n/a   1   27  1.50M   16   14  46%  81.9M    n/a  n/a
   4   6a |   7 1.0   19   9.3M  167  595  78%    10M |  99.9   n/a   1   27  1.78M   20   12  37%  81.9M    n/a  n/a
   4   6b |   7 1.0   19   9.7M  180  484  72%    10M |  99.9   n/a   1   27  1.93M   22   11  33%  81.9M    n/a  n/a
   0   44 |   7 1.0   19   8.1M  144  552  79%    10M |  99.9   ovl   1   27  1.21M   11   23  67%  81.9M  -422n  n/a
   0   45 |   7 1.0   19   8.0M  130  550  80%    10M |  99.9   n/a   1   27  1.35M   14   24  63%  81.9M    n/a  n/a
   0   46 |   7 1.0   19   7.8M  139  600  81%    10M |  99.9   n/a   1   27  1.51M   15   23  60%  81.9M    n/a  n/a
   0   47 |   7 1.0   19   8.0M  134  534  79%    10M |  99.9   ovl   1   27  1.17M   12   15  55%  81.9M   -71n  n/a
   0   48 |   7 1.0   19   8.6M  151  597  79%    10M |  99.9   n/a   1   27  1.81M   17   15  46%  81.9M    n/a  n/a
   0   49 |   7 1.0   19   8.0M  132  582  81%    10M |  99.9   n/a   1   27  1.65M   16   11  40%  81.9M    n/a  n/a
   0   4a |   7 1.0   19   8.1M  150  592  79%    10M |  99.9   n/a   1   27  1.94M   20   14  41%  81.9M    n/a  n/a
   0   4b |   7 1.0   19   7.8M  125  572  82%    10M |  99.9   ovl   1   27  1.98M   20   13  39%  81.9M   -66n  n/a
   1   4c |   7 1.0   19   7.5M   73  519  87%    10M |  99.9   n/a   1   27   209k    1   10  90%  81.9M    n/a  n/a
   1   4d |   7 1.0   19   7.6M   61  515  89%    10M |  99.9   n/a   1   27  1.00M    5   12  70%  81.9M    n/a  n/a
   1   4e |   7 1.0   19   7.6M   64  516  88%    10M |  99.9   n/a   1   27  1.18M    6   11  64%  81.9M    n/a  n/a
   1   4f |   7 1.0   19   7.7M   72  470  86%    10M |  99.9   n/a   1   27  1.20M    6   12  66%  81.9M    n/a  n/a
   1   50 |   7 1.0   19   7.9M   71  561  88%    10M |  99.9   n/a   1   27   590k    3   11  78%  81.9M    n/a  n/a
   1   51 |   7 1.0    0      0    0    0   0%    10M |   n/a   n/a   1    0      0    0    0   0%  81.9M    n/a  n/a
   1   52 |   7 1.0   19   7.8M   68  488  87%    10M |  99.9   n/a   1   27  1.20M    6   10  62%  81.9M    n/a  n/a
   1   53 |   7 1.0   19   7.4M   69  497  87%    10M |  99.9   n/a   1   27  1.78M    9    9  50%  81.9M    n/a  n/a
   2   54 |   7 1.0   19   7.5M  168  639  79%    10M |  99.9   ovl   1   27  1.29M   17   15  46%  81.9M  -635n  n/a
   2   55 |   7 1.0   19   7.1M  158  535  77%    10M |  99.9   ovl   1   27  1.42M   18   13  41%  81.9M  -508n  n/a
   2   56 |   7 1.0   19   7.5M  170  582  77%    10M |  99.9   ovl   1   27   897k   12   15  55%  81.9M  -433n  n/a
   2   57 |   7 1.0   19   7.6M  160  533  76%    10M |  99.9   ovl   1   27  1.13M   16   18  52%  81.9M    18n  n/a
   2   58 |   7 1.0   19   7.9M  183  556  75%    10M |  99.9   ovl   1   27  1.71M   20   14  41%  81.9M   294n  n/a
   2   59 |   7 1.0   19   7.3M  146  561  79%    10M |  99.9   ovl   1   27  1.33M   18   15  45%  81.9M  -149n  n/a
   2   5a |   7 1.0   19   7.8M  176  548  75%    10M |  99.9   ovl   1   27  1.38M   17   15  46%  81.9M  -253n  n/a
   2   5b |   7 1.0   19   7.1M  157  631  80%    10M |  99.9   ovl   1   27   965k   12   16  57%  81.9M    -1u  n/a
   3   5c |   7 1.0   19   9.6M  170  601  77%    10M |  99.9   ovl   1   27  1.61M   17   17  50%  81.9M     1u  n/a
   3   5d |   7 1.0   19   9.7M  169  469  73%    10M |  99.9   n/a   1   27  1.12M   12   16  57%  81.9M    n/a  n/a
   3   5e |   7 1.0   19   9.6M  167  544  76%    10M |  99.9   n/a   1   27  1.24M   12   15  55%  81.9M    n/a  n/a
   3   5f |   7 1.0   19   9.6M  158  461  74%    10M |  99.9   n/a   1   27   842k    9   20  68%  81.9M    n/a  n/a
   3   60 |   7 1.0   19   9.7M  165  589  78%    10M |  99.9   n/a   1   27  1.22M   12   15  55%  81.9M    n/a  n/a
   3   61 |   7 1.0   19   9.4M  159  523  76%    10M |  99.9   n/a   1   27  1.12M   11   19  63%  81.9M    n/a  n/a
   3   62 |   7 1.0   19   9.3M  159  580  78%    10M |  99.9   n/a   1   27  1.60M   16   15  48%  81.9M    n/a  n/a
   3   63 |   7 1.0   19   9.6M  147  548  78%    10M |  99.9   n/a   1   27   895k    9   16  64%  81.9M    n/a  n/a

          |--------------------DL---------------------|-------------------------------UL-----------------------------
 pci rnti | cqi  ri  mcs  brate   ok  nok  (%)  dl_bs | pusch  rsrp  ri  mcs  brate   ok  nok  (%)    bsr     ta  phr
   4   64 |   7 1.0   19   8.0M  159  543  77%    10M |  99.9   ovl   1   27  1.21M   14   24  63%  81.9M  -318n  n/a
   4   65 |   7 1.0   19   7.5M  132  552  80%    10M |  99.9   ovl   1   27  1.21M   13   17  56%  81.9M   894n  n/a
   4   66 |   7 1.0   19   7.9M  157  533  77%    10M |  99.9   ovl   1   27  1.03M   10   15  60%  81.9M  -728n  n/a
   4   67 |   7 1.0   19   7.6M  144  557  79%    10M |  99.9   ovl   1   27  1.64M   19   15  44%  81.9M   282n  n/a
   4   68 |   7 1.0   19   7.4M  151  591  79%    10M |  99.9   ovl   1   27  1.36M   16   14  46%  81.9M   945n  n/a
   4   69 |   7 1.0   19   7.5M  133  588  81%    10M |  99.9   ovl   1   27  1.67M   17   17  50%  81.9M   276n  n/a
   4   6a |   7 1.0   19   7.7M  158  627  79%    10M |  99.9   ovl   1   27  1.30M   14   19  57%  81.9M   751n  n/a
   4   6b |   7 1.0   19   7.2M  137  591  81%    10M |  99.9   ovl   1   27  1.26M   15   21  58%  81.9M  -850n  n/a
   0   44 |   7 1.0   19   7.6M  134  696  83%    10M |  99.9   n/a   1   27  2.10M   21    9  30%  81.9M    n/a  n/a
   0   45 |   7 1.0   19   8.2M  129  536  80%    10M |  99.9   n/a   1   27  1.25M   13   16  55%  81.9M    n/a  n/a
   0   46 |   7 1.0   19   8.3M  143  582  80%    10M |  99.9   ovl   1   27   676k    8   17  68%  81.9M  -488n  n/a
   0   47 |   7 1.0   19   8.7M  136  502  78%    10M |  99.9   ovl   1   27  1.26M   13   14  51%  81.9M  -587n  n/a
   0   48 |   7 1.0   19   8.1M  140  574  80%    10M |  99.9   ovl   1   27   758k    8   15  65%  81.9M  -176n  n/a
   0   49 |   7 1.0   19   8.3M  130  502  79%    10M |  99.9   n/a   1   27  1.68M   16   10  38%  81.9M    n/a  n/a
   0   4a |   7 1.0   19   7.6M  134  660  83%    10M |  99.9   n/a   1   27  1.45M   13   13  50%  81.9M    n/a  n/a
   0   4b |   7 1.0   19   8.3M  134  505  79%    10M |  99.9   n/a   1   27  1.25M   13   19  59%  81.9M    n/a  n/a
   1   4c |   7 1.0   19    11M  109  276  71%    10M |  99.9   ovl   1   27  2.80M   14    6  30%  81.9M   319n  n/a
   1   4d |   7 1.0   19    11M   91  316  77%    10M |  99.9   ovl   1   27  2.78M   14    6  30%  81.9M    49n  n/a
   1   4e |   7 1.0   19    12M  111  315  73%    10M |  99.9   n/a   1   27  2.60M   13    5  27%  81.9M    n/a  n/a
   1   4f |   7 1.0   19    11M   95  347  78%    10M |  99.9   ovl   1   27  2.39M   12    7  36%  81.9M   598n  n/a
   1   50 |   7 1.0   19    12M  110  338  75%    10M |  99.9   ovl   1   27  3.40M   17    4  19%  81.9M    46n  n/a
   1   51 |   7 1.0    0      0    0    0   0%    10M |   n/a   n/a   1    0      0    0    0   0%  81.9M    n/a  n/a
   1   52 |   7 1.0   19    13M  126  266  67%    10M |  99.9   ovl   1   27  2.58M   13    7  35%  81.9M   -93n  n/a
   1   53 |   7 1.0   19    11M   94  325  77%    10M |  99.9   ovl   1   27  1.99M   10    9  47%  81.9M   461n  n/a
   2   54 |   7 1.0   19   5.6M  120  664  84%    10M |  99.9   n/a   1   27   833k   11   19  63%  81.9M    n/a  n/a
   2   55 |   7 1.0   19   5.5M  125  673  84%    10M |  99.9   n/a   1   27   451k    6   18  75%  81.9M    n/a  n/a
   2   56 |   7 1.0   19   5.7M  121  598  83%    10M |  99.9   n/a   1   27   589k    8   21  72%  81.9M    n/a  n/a
   2   57 |   7 1.0   19   5.7M  124  612  83%    10M |  99.9   n/a   1   27   784k   11   15  57%  81.9M    n/a  n/a
   2   58 |   7 1.0   19   5.5M  130  699  84%    10M |  99.9   n/a   1   27   633k    8   19  70%  81.9M    n/a  n/a
   2   59 |   7 1.0   19   5.8M  119  623  83%    10M |  99.9   n/a   1   27   626k    9   17  65%  81.9M    n/a  n/a
   2   5a |   7 1.0   19   5.6M  129  737  85%    10M |  99.9   n/a   1   27   524k    6   15  71%  81.9M    n/a  n/a
   2   5b |   7 1.0   19   5.5M  114  615  84%    10M |  99.9   n/a   1   27   813k   10   16  61%  81.9M    n/a  n/a
   3   5c |   7 1.0   19   8.9M  148  583  79%    10M |  99.9   ovl   1   27  2.17M   21   11  34%  81.9M   256n  n/a
   3   5d |   7 1.0   19   8.6M  143  522  78%    10M |  99.9   ovl   1   27  1.33M   14   18  56%  81.9M  -983n  n/a
   3   5e |   7 1.0   19   8.5M  154  561  78%    10M |  99.9   ovl   1   27  1.85M   19   14  42%  81.9M   -32n  n/a
   3   5f |   7 1.0   19   8.5M  146  591  80%    10M |  99.9   ovl   1   27  1.26M   12   14  53%  81.9M   622n  n/a
   3   60 |   7 1.0   19   8.4M  144  578  80%    10M |  99.9   ovl   1   27  1.69M   18   16  47%  81.9M  -202n  n/a
   3   61 |   7 1.0   19   9.0M  150  501  76%    10M |  99.9   ovl   1   27  1.63M   17   15  46%  81.9M   272n  n/a
   3   62 |   7 1.0   19   9.1M  161  594  78%    10M |  99.9   ovl   1   27  1.56M   16   17  51%  81.9M   495n  n/a
   3   63 |   7 1.0   19   8.5M  144  516  78%    10M |  99.9   ovl   1   27  1.54M   16   19  54%  81.9M  -185n  n/a
   4   64 |   7 1.0   19   9.3M  178  537  75%    10M |  99.9   ovl   1   27  2.12M   25   14  35%  81.9M    48n  n/a
   4   65 |   7 1.0   19   8.9M  169  511  75%    10M |  99.9   ovl   1   27  1.94M   21   12  36%  81.9M  -547n  n/a
   4   66 |   7 1.0   19   9.2M  186  544  74%    10M |  99.9   ovl   1   27  2.13M   25   10  28%  81.9M  -264n  n/a
   4   67 |   7 1.0   19   8.9M  170  507  74%    10M |  99.9   ovl   1   27  1.68M   18   12  40%  81.9M   153n  n/a
   4   68 |   7 1.0   19   9.5M  203  528  72%    10M |  99.9   ovl   1   27  2.35M   28   11  28%  81.9M  -113n  n/a
   4   69 |   7 1.0   19   9.6M  175  480  73%    10M |  99.9   ovl   1   27  2.16M   27   11  28%  81.9M    87n  n/a
   4   6a |   7 1.0   19   9.0M  187  614  76%    10M |  99.9   ovl   1   27  1.60M   19   14  42%  81.9M  -442n  n/a
   4   6b |   7 1.0   19   9.0M  186  494  72%    10M |  99.9   ovl   1   27  1.95M   24   12  33%  81.9M   -74n  n/a
   0   44 |   7 1.0   19   8.6M  142  622  81%    10M |  99.9   n/a   1   27   916k   10   21  67%  81.9M    n/a  n/a
   0   45 |   7 1.0   19   8.4M  142  502  77%    10M |  99.9   n/a   1   27  1.56M   15   14  48%  81.9M    n/a  n/a
   0   46 |   7 1.0   19   8.2M  148  500  77%    10M |  99.9   n/a   1   27  1.16M   12   16  57%  81.9M    n/a  n/a
   0   47 |   7 1.0   19   8.5M  132  511  79%    10M |  99.9   n/a   1   27  1.92M   18   12  40%  81.9M    n/a  n/a
   0   48 |   7 1.0   19   8.2M  151  557  78%    10M |  99.9   n/a   1   27  1.60M   16   14  46%  81.9M    n/a  n/a
   0   49 |   7 1.0   19   8.2M  138  562  80%    10M |  99.9   n/a   1   27  1.54M   16   13  44%  81.9M    n/a  n/a
   0   4a |   7 1.0   19   8.5M  152  582  79%    10M |  99.9   n/a   1   27  1.48M   16   15  48%  81.9M    n/a  n/a
   0   4b |   7 1.0   19   8.1M  131  524  80%    10M |  99.9   n/a   1   27  1.67M   17   15  46%  81.9M    n/a  n/a
   1   4c |   7 1.0   19   6.9M   70  345  83%    10M |  99.9   n/a   1   27  1.19M    6    9  60%  81.9M    n/a  n/a
   1   4d |   7 1.0   19   7.3M   74  333  81%    10M |  99.9   n/a   1   27  1.01M    5    6  54%  81.9M    n/a  n/a
   1   4e |   7 1.0   19   7.8M   71  370  83%    10M |  99.9   n/a   1   27  1.80M    9   12  57%  81.9M    n/a  n/a
   1   4f |   7 1.0   19   8.3M   82  329  80%    10M |  99.9   ovl   1   27  2.00M   10   10  50%  81.9M   884n  n/a
   1   50 |   7 1.0   19   7.1M   69  343  83%    10M |   n/a   n/a   1   27      0    0   10 100%  81.9M    n/a  n/a
   1   51 |   7 1.0    0      0    0    0   0%    10M |   n/a   n/a   1    0      0    0    0   0%  81.9M    n/a  n/a
   1   52 |   7 1.0   19   7.7M   70  292  80%    10M |  99.9   n/a   1   27   205k    1    9  90%  81.9M    n/a  n/a
   1   53 |   7 1.0   19   8.3M   75  312  80%    10M |  99.9   n/a   1   27   787k    4   13  76%  81.9M    n/a  n/a
   2   54 |   7 1.0   19   8.0M  186  573  75%    10M |  99.9   ovl   1   27   979k   13   17  56%  81.9M  -254n  n/a
   2   55 |   7 1.0   19   7.9M  172  551  76%    10M |  99.9   ovl   1   27  1.33M   18   17  48%  81.9M  -488n  n/a
   2   56 |   7 1.0   19   8.3M  182  532  74%    10M |  99.9   ovl   1   27   716k    9   18  66%  81.9M  -591n  n/a
   2   57 |   7 1.0   19   7.7M  166  492  74%    10M |  99.9   ovl   1   27   987k   14   18  56%  81.9M  -502n  n/a
   2   58 |   7 1.0   19   8.9M  204  491  70%    10M |  99.9   ovl   1   27   614k    8   18  69%  81.9M  -976n  n/a
   2   59 |   7 1.0   19   8.0M  175  561  76%    10M |  99.9   ovl   1   27   980k   14   16  53%  81.9M   482n  n/a
   2   5a |   7 1.0   19   8.1M  188  598  76%    10M |  99.9   ovl   1   27  1.34M   16   16  50%  81.9M    -1u  n/a
   2   5b |   7 1.0   19   7.6M  166  619  78%    10M |  99.9   ovl   1   27   782k   11   20  64%  81.9M   937n  n/a
   3   5c |   7 1.0   19    11M  197  436  68%    10M |  99.9   ovl   1   27  3.38M   34   12  26%  81.9M  -227n  n/a
   3   5d |   7 1.0   19    12M  202  402  66%    10M |  99.9   ovl   1   27  3.74M   34   12  26%  81.9M    13n  n/a
   3   5e |   7 1.0   19    12M  201  474  70%    10M |  99.9   ovl   1   27  2.40M   24   15  38%  81.9M   -61n  n/a
   3   5f |   7 1.0   19    12M  201  412  67%    10M |  99.9   ovl   1   27  2.80M   29   12  29%  81.9M   -13n  n/a
   3   60 |   7 1.0   19    12M  219  449  67%    10M |  99.9   ovl   1   27  3.30M   32   17  34%  81.9M    44n  n/a
   3   61 |   7 1.0   19    12M  197  427  68%    10M |  99.9   ovl   1   27  3.00M   32   11  25%  81.9M   -34n  n/a
   3   62 |   7 1.0   19    12M  196  410  67%    10M |  99.9   ovl   1   27  3.86M   37   12  24%  81.9M   241n  n/a
   3   63 |   7 1.0   19    12M  200  463  69%    10M |  99.9   ovl   1   27  3.25M   32   16  33%  81.9M  -319n  n/a
   4   64 |   7 1.0   19   7.5M  143  555  79%    10M |  99.9   n/a   1   27  2.06M   22   18  45%  81.9M    n/a  n/a
   4   65 |   7 1.0   19   7.7M  140  577  80%    10M |  99.9   n/a   1   27  1.39M   15   20  57%  81.9M    n/a  n/a
   4   66 |   7 1.0   19   7.5M  156  595  79%    10M |  99.9   n/a   1   27  1.66M   19   21  52%  81.9M    n/a  n/a
   4   67 |   7 1.0   19   7.5M  140  613  81%    10M |  99.9   n/a   1   27   969k   11   24  68%  81.9M    n/a  n/a
   4   68 |   7 1.0   19   7.9M  151  592  79%    10M |  99.9   n/a   1   27  1.72M   18   15  45%  81.9M    n/a  n/a
   4   69 |   7 1.0   19   7.6M  146  582  79%    10M |  99.9   n/a   1   27  1.14M   13   23  63%  81.9M    n/a  n/a
   4   6a |   7 1.0   19   7.8M  157  571  78%    10M |  99.9   n/a   1   27  1.17M   13   19  59%  81.9M    n/a  n/a
   4   6b |   7 1.0   19   7.4M  143  589  80%    10M |  99.9   n/a   1   27  1.27M   13   18  58%  81.9M    n/a  n/a

          |--------------------DL---------------------|-------------------------------UL-----------------------------
 pci rnti | cqi  ri  mcs  brate   ok  nok  (%)  dl_bs | pusch  rsrp  ri  mcs  brate   ok  nok  (%)    bsr     ta  phr
   0   44 |   7 1.0   19   9.7M  172  571  76%    10M |  99.9   ovl   1   27  1.41M   13   18  58%  81.9M  -314n  n/a
   0   45 |   7 1.0   19    10M  173  469  73%    10M |  99.9   ovl   1   27  2.32M   24    8  25%  81.9M   191n  n/a
   0   46 |   7 1.0   19    11M  181  495  73%    10M |  99.9   ovl   1   27  2.40M   24   11  31%  81.9M  -227n  n/a
   0   47 |   7 1.0   19    10M  174  505  74%    10M |  99.9   ovl   1   27  1.47M   16   21  56%  81.9M    25n  n/a
   0   48 |   7 1.0   19   9.9M  175  527  75%    10M |  99.9   ovl   1   27  1.53M   15   13  46%  81.9M  -294n  n/a
   0   49 |   7 1.0   19    11M  176  508  74%    10M |  99.9   ovl   1   27  2.19M   24   15  38%  81.9M  -369n  n/a
   0   4a |   7 1.0   19    11M  187  562  75%    10M |  99.9   ovl   1   27  2.01M   20    9  31%  81.9M  -103n  n/a
   0   4b |   7 1.0   19    11M  176  448  71%    10M |  99.9   ovl   1   27  2.02M   21   12  36%  81.9M  -114n  n/a
   1   4c |   7 1.0   19   9.2M   88  252  74%    10M |  99.9   n/a   1   27  1.40M    7    5  41%  81.9M    n/a  n/a
   1   4d |   7 1.0   19   8.5M   86  298  77%    10M |  99.9   n/a   1   27  1.00M    5   17  77%  81.9M    n/a  n/a
   1   4e |   7 1.0   19   8.7M   94  265  73%    10M |  99.9   ovl   1   27   795k    4    6  60%  81.9M   331n  n/a
   1   4f |   7 1.0   19   9.2M   92  250  73%    10M |  99.9   ovl   1   27   590k    3    7  70%  81.9M   897n  n/a
   1   50 |   7 1.0   19   9.3M   85  266  75%    10M |  99.9   ovl   1   27  2.38M   12   11  47%  81.9M   679n  n/a
   1   51 |   7 1.0    0      0    0    0   0%    10M |   n/a   n/a   1    0      0    0    0   0%  81.9M    n/a  n/a
   1   52 |   7 1.0   19   9.6M   93  285  75%    10M |  99.9   ovl   1   27  2.59M   13    7  35%  81.9M   471n  n/a
   1   53 |   7 1.0   19   8.3M   81  285  77%    10M |  99.9   n/a   1   27  3.19M   16    7  30%  81.9M    n/a  n/a
   2   54 |   7 1.0   19   5.3M  117  666  85%    10M |  99.9   n/a   1   27   465k    6   18  75%  81.9M    n/a  n/a
   2   55 |   7 1.0   19   5.3M  111  678  85%    10M |  99.9   n/a   1   27   310k    5   19  79%  81.9M    n/a  n/a
   2   56 |   7 1.0   19   5.4M  119  635  84%    10M |  99.9   n/a   1   27   730k   10   15  60%  81.9M    n/a  n/a
   2   57 |   7 1.0   19   5.2M  112  651  85%    10M |  99.9   n/a   1   27   490k    6   20  76%  81.9M    n/a  n/a
   2   58 |   7 1.0   19   5.2M  125  633  83%    10M |  99.9   n/a   1   27   549k    7   20  74%  81.9M    n/a  n/a
   2   59 |   7 1.0   19   5.3M  114  671  85%    10M |  99.9   n/a   1   27   622k    8   21  72%  81.9M    n/a  n/a
   2   5a |   7 1.0   19   5.3M  114  662  85%    10M |  99.9   n/a   1   27   425k    6   22  78%  81.9M    n/a  n/a
   2   5b |   7 1.0   19   5.3M  115  639  84%    10M |  99.9   n/a   1   27   535k    7   20  74%  81.9M    n/a  n/a
   3   5c |   7 1.0   19   7.0M  126  615  82%    10M |  99.9   n/a   1   27  1.87M   19   11  36%  81.9M    n/a  n/a
   3   5d |   7 1.0   19   7.6M  123  507  80%    10M |  99.9   n/a   1   27  1.27M   13   14  51%  81.9M    n/a  n/a
   3   5e |   7 1.0   19   7.6M  139  607  81%    10M |  99.9   n/a   1   27  1.07M   11   10  47%  81.9M    n/a  n/a
   3   5f |   7 1.0   19   7.9M  133  519  79%    10M |  99.9   n/a   1   27  1.02M   11   12  52%  81.9M    n/a  n/a
   3   60 |   7 1.0   19   7.3M  126  577  82%    10M |  99.9   n/a   1   27  1.48M   15   12  44%  81.9M    n/a  n/a
   3   61 |   7 1.0   19   7.8M  130  526  80%    10M |  99.9   n/a   1   27  1.34M   13   11  45%  81.9M    n/a  n/a
   3   62 |   7 1.0   19   7.8M  141  541  79%    10M |  99.9   n/a   1   27   842k    8   16  66%  81.9M    n/a  n/a
   3   63 |   7 1.0   19   8.0M  132  471  78%    10M |  99.9   n/a   1   27  2.66M   27    7  20%  81.9M    n/a  n/a
   4   64 |   7 1.0   19   6.6M  130  620  82%    10M |  99.9   n/a   1   27  1.16M   12   15  55%  81.9M    n/a  n/a
   4   65 |   7 1.0   19   6.6M  128  614  82%    10M |  99.9   n/a   1   27   969k   11   21  65%  81.9M    n/a  n/a
   4   66 |   7 1.0   19   6.9M  137  629  82%    10M |  99.9   n/a   1   27   965k   12   14  53%  81.9M    n/a  n/a
   4   67 |   7 1.0   19   6.5M  122  540  81%    10M |  99.9   n/a   1   27   752k    8   18  69%  81.9M    n/a  n/a
   4   68 |   7 1.0   19   5.6M  116  745  86%    10M |  99.9   n/a   1   27   375k    5   16  76%  81.9M    n/a  n/a
   4   69 |   7 1.0   19   6.6M  122  609  83%    10M |  99.9   n/a   1   27   877k   10   15  60%  81.9M    n/a  n/a
   4   6a |   7 1.0   19   6.4M  130  574  81%    10M |  99.9   n/a   1   27  1.11M   13   16  55%  81.9M    n/a  n/a
   4   6b |   7 1.0   19   6.6M  124  596  82%    10M |  99.9   n/a   1   27  1.15M   12   17  58%  81.9M    n/a  n/a
   0   44 |   7 1.0   19   9.2M  164  520  76%    10M |  99.9   n/a   1   27  1.91M   21   20  48%  81.9M    n/a  n/a
   0   45 |   7 1.0   19   9.2M  147  547  78%    10M |  99.9   n/a   1   27  1.91M   18   23  56%  81.9M    n/a  n/a
   0   46 |   7 1.0   19   9.4M  165  581  77%    10M |  99.9   n/a   1   27  1.61M   16   23  58%  81.9M    n/a  n/a
   0   47 |   7 1.0   19   9.4M  154  513  76%    10M |  99.9   n/a   1   27  1.74M   17   18  51%  81.9M    n/a  n/a
   0   48 |   7 1.0   19   9.8M  171  548  76%    10M |  99.9   n/a   1   27  1.40M   15   23  60%  81.9M    n/a  n/a
   0   49 |   7 1.0   19   9.3M  152  576  79%    10M |  99.9   n/a   1   27  1.58M   15   19  55%  81.9M    n/a  n/a
   0   4a |   7 1.0   19   9.6M  167  531  76%    10M |  99.9   n/a   1   27  1.31M   14   19  57%  81.9M    n/a  n/a
   0   4b |   7 1.0   19   9.4M  150  498  76%    10M |  99.9   n/a   1   27  1.07M   11   25  69%  81.9M    n/a  n/a
   1   4c |   7 1.0   19    10M   93  211  69%    10M |  99.9   n/a   1   27   197k    1   13  92%  81.9M    n/a  n/a
   1   4d |   7 1.0   19    11M  102  213  67%    10M |  99.9   n/a   1   27  2.38M   12    7  36%  81.9M    n/a  n/a
   1   4e |   7 1.0   19    10M   97  233  70%    10M |  99.9   n/a   1   27  2.18M   11   13  54%  81.9M    n/a  n/a
   1   4f |   7 1.0   19    10M   97  268  73%    10M |  99.9   n/a   1   27  1.20M    6    8  57%  81.9M    n/a  n/a
   1   50 |   7 1.0   19    11M  103  184  64%    10M |  99.9   n/a   1   27  1.80M    9    3  25%  81.9M    n/a  n/a
   1   51 |   7 1.0    0      0    0    0   0%    10M |   n/a   n/a   1    0      0    0    0   0%  81.9M    n/a  n/a
   1   52 |   7 1.0   19   9.9M   90  216  70%    10M |  99.9   n/a   1   27  2.16M   11   11  50%  81.9M    n/a  n/a
   1   53 |   7 1.0   19    11M  101  228  69%    10M |  99.9   n/a   1   27   193k    1    6  85%  81.9M    n/a  n/a
   2   54 |   7 1.0   19   7.9M  183  519  73%    10M |  99.9   n/a   1   27  1.04M   14   19  57%  81.9M    n/a  n/a
   2   55 |   7 1.0   19   7.6M  167  573  77%    10M |  99.9   ovl   1   27  1.47M   18   19  51%  81.9M   -92n  n/a
   2   56 |   7 1.0   19   7.5M  164  576  77%    10M |  99.9   ovl   1   27  1.25M   16   21  56%  81.9M   560n  n/a
   2   57 |   7 1.0   19   7.9M  175  511  74%    10M |  99.9   ovl   1   27  1.12M   15   21  58%  81.9M  -553n  n/a
   2   58 |   7 1.0   19   7.9M  182  607  76%    10M |  99.9   ovl   1   27  1.13M   15   17  53%  81.9M   147n  n/a
   2   59 |   7 1.0   19   7.7M  170  536  75%    10M |  99.9   ovl   1   27  1.81M   23   18  43%  81.9M  -911n  n/a
   2   5a |   7 1.0   19   7.5M  169  590  77%    10M |  99.9   n/a   1   27  1.35M   17   21  55%  81.9M    n/a  n/a
   2   5b |   7 1.0   19   8.0M  178  542  75%    10M |  99.9   ovl   1   27  1.55M   19   20  51%  81.9M  -911n  n/a
   3   5c |   7 1.0   19   9.1M  167  485  74%    10M |  99.9   n/a   1   27  1.55M   16   19  54%  81.9M    n/a  n/a
   3   5d |   7 1.0   19   9.3M  150  502  76%    10M |  99.9   ovl   1   27  1.52M   15   13  46%  81.9M   765n  n/a
   3   5e |   7 1.0   19   8.4M  155  611  79%    10M |  99.9   n/a   1   27  2.36M   25   11  30%  81.9M    n/a  n/a
   3   5f |   7 1.0   19   9.5M  156  487  75%    10M |  99.9   n/a   1   27  1.96M   20   19  48%  81.9M    n/a  n/a
   3   60 |   7 1.0   19   8.1M  145  590  80%    10M |  99.9   ovl   1   27  2.12M   21   12  36%  81.9M    -1u  n/a
   3   61 |   7 1.0   19   9.3M  159  449  73%    10M |  99.9   ovl   1   27  2.15M   21   13  38%  81.9M   864n  n/a
   3   62 |   7 1.0   19   8.8M  150  501  76%    10M |  99.9   ovl   1   27  1.23M   14   12  46%  81.9M   896n  n/a
   3   63 |   7 1.0   19   9.1M  153  422  73%    10M |  99.9   n/a   1   27  2.44M   24   14  36%  81.9M    n/a  n/a
   4   64 |   7 1.0   19    11M  206  528  71%    10M |  99.9   n/a   1   27  1.78M   22   20  47%  81.9M    n/a  n/a
   4   65 |   7 1.0   19    10M  194  529  73%    10M |  99.9   n/a   1   27  2.10M   25   17  40%  81.9M    n/a  n/a
   4   66 |   7 1.0   19    10M  190  527  73%    10M |  99.9   n/a   1   27  1.78M   20   12  37%  81.9M    n/a  n/a
   4   67 |   7 1.0   19    10M  184  527  74%    10M |  99.9   n/a   1   27  2.04M   23   20  46%  81.9M    n/a  n/a
   4   68 |   7 1.0   19    11M  214  463  68%    10M |  99.9   n/a   1   27  1.55M   18   17  48%  81.9M    n/a  n/a
   4   69 |   7 1.0   19    11M  195  443  69%    10M |  99.9   n/a   1   27  1.58M   18   21  53%  81.9M    n/a  n/a
   4   6a |   7 1.0   19    11M  210  511  70%    10M |  99.9   n/a   1   27  1.54M   18   21  53%  81.9M    n/a  n/a
   4   6b |   7 1.0   19    10M  191  515  72%    10M |  99.9   n/a   1   27  1.76M   20   18  47%  81.9M    n/a  n/a
   0   44 |   7 1.0   19    11M  183  557  75%    10M |  99.9   ovl   1   27  1.73M   17   12  41%  81.9M   447n  n/a
   0   45 |   7 1.0   19    11M  171  469  73%    10M |  99.9   ovl   1   27  2.36M   24   15  38%  81.9M  -967n  n/a
   0   46 |   7 1.0   19    11M  188  503  72%    10M |  99.9   ovl   1   27  1.43M   15   14  48%  81.9M  -255n  n/a
   0   47 |   7 1.0   19    11M  168  482  74%    10M |  99.9   ovl   1   27  2.24M   20   18  47%  81.9M  -178n  n/a
   0   48 |   7 1.0   19    11M  190  474  71%    10M |  99.9   ovl   1   27  1.68M   17   19  52%  81.9M  -334n  n/a
   0   49 |   7 1.0   19    11M  170  502  74%    10M |  99.9   ovl   1   27  2.06M   22   18  45%  81.9M   449n  n/a
   0   4a |   7 1.0   19    11M  191  501  72%    10M |  99.9   ovl   1   27  2.46M   24   15  38%  81.9M  -348n  n/a
   0   4b |   7 1.0   19    11M  174  475  73%    10M |  99.9   ovl   1   27  2.00M   21   16  43%  81.9M   213n  n/a

          |--------------------DL---------------------|-------------------------------UL-----------------------------
 pci rnti | cqi  ri  mcs  brate   ok  nok  (%)  dl_bs | pusch  rsrp  ri  mcs  brate   ok  nok  (%)    bsr     ta  phr
   1   4c |   7 1.0   19    11M   93  281  75%    10M |  99.9   n/a   1   27  2.59M   13   10  43%  81.9M    n/a  n/a
   1   4d |   7 1.0   19    12M  102  285  73%    10M |  99.9   ovl   1   27  2.41M   12   11  47%  81.9M    49n  n/a
   1   4e |   7 1.0   19    12M  116  231  66%    10M |  99.9   n/a   1   27  2.79M   14    7  33%  81.9M    n/a  n/a
   1   4f |   7 1.0   19    11M  100  268  72%    10M |  99.9   n/a   1   27  2.20M   11   12  52%  81.9M    n/a  n/a
   1   50 |   7 1.0   19    11M  100  240  70%    10M |  99.9   n/a   1   27  3.01M   15   11  42%  81.9M    n/a  n/a
   1   51 |   7 1.0    0      0    0    0   0%    10M |   n/a   n/a   1    0      0    0    0   0%  81.9M    n/a  n/a
   1   52 |   7 1.0   19    12M  108  192  64%    10M |  99.9   ovl   1   27  3.00M   15   11  42%  81.9M    46n  n/a
   1   53 |   7 1.0   19    12M  100  221  68%    10M |  99.9   ovl   1   27  2.99M   15    7  31%  81.9M   884n  n/a
   2   54 |   7 1.0   19   7.2M  159  579  78%    10M |  99.9   n/a   1   27  1.07M   14   22  61%  81.9M    n/a  n/a
   2   55 |   7 1.0   19   6.8M  152  565  78%    10M |  99.9   n/a   1   27   828k   11   19  63%  81.9M    n/a  n/a
   2   56 |   7 1.0   19   6.9M  145  623  81%    10M |  99.9   n/a   1   27   789k    9   21  70%  81.9M    n/a  n/a
   2   57 |   7 1.0   19   6.7M  140  560  80%    10M |  99.9   n/a   1   27   605k    9   24  72%  81.9M    n/a  n/a
   2   58 |   7 1.0   19   6.7M  147  664  81%    10M |  99.9   n/a   1   27   863k   10   22  68%  81.9M    n/a  n/a
   2   59 |   7 1.0   19   6.7M  145  560  79%    10M |  99.9   n/a   1   27   516k    7   23  76%  81.9M    n/a  n/a
   2   5a |   7 1.0   19   6.7M  149  596  80%    10M |  99.9   n/a   1   27   616k    9   22  70%  81.9M    n/a  n/a
   2   5b |   7 1.0   19   6.9M  143  513  78%    10M |  99.9   n/a   1   27   678k    8   23  74%  81.9M    n/a  n/a
   3   5c |   7 1.0   19   9.0M  163  474  74%    10M |  99.9   n/a   1   27  1.57M   17   18  51%  81.9M    n/a  n/a
   3   5d |   7 1.0   19   9.0M  160  537  77%    10M |  99.9   n/a   1   27  1.74M   19   17  47%  81.9M    n/a  n/a
   3   5e |   7 1.0   19   9.5M  165  465  73%    10M |  99.9   ovl   1   27  1.70M   19   20  51%  81.9M  -927n  n/a
   3   5f |   7 1.0   19   9.2M  149  456  75%    10M |  99.9   ovl   1   27  1.41M   14   17  54%  81.9M     1u  n/a
   3   60 |   7 1.0   19   8.8M  154  493  76%    10M |  99.9   n/a   1   27  1.69M   16   17  51%  81.9M    n/a  n/a
   3   61 |   7 1.0   19   9.1M  153  480  75%    10M |  99.9   ovl   1   27  1.27M   13   14  51%  81.9M  -797n  n/a
   3   62 |   7 1.0   19   9.6M  171  478  73%    10M |  99.9   n/a   1   27  1.87M   19   17  47%  81.9M    n/a  n/a
   3   63 |   7 1.0   19   8.6M  146  518  78%    10M |  99.9   n/a   1   27  1.81M   18   11  37%  81.9M    n/a  n/a
   4   64 |   7 1.0   19   8.5M  169  626  78%    10M |  99.9   ovl   1   27  1.57M   17   21  55%  81.9M  -815n  n/a
   4   65 |   7 1.0   19   8.3M  157  570  78%    10M |  99.9   n/a   1   27  1.94M   23   21  47%  81.9M    n/a  n/a
   4   66 |   7 1.0   19   8.6M  166  535  76%    10M |  99.9   ovl   1   27   639k    8   23  74%  81.9M    50n  n/a
   4   67 |   7 1.0   19   8.1M  159  527  76%    10M |  99.9   ovl   1   27  1.80M   20   17  45%  81.9M   894n  n/a
   4   68 |   7 1.0   19   8.0M  155  581  78%    10M |  99.9   n/a   1   27  1.25M   14   23  62%  81.9M    n/a  n/a
   4   69 |   7 1.0   19   8.2M  153  511  76%    10M |  99.9   ovl   1   27  1.34M   15   21  58%  81.9M     1u  n/a
   4   6a |   7 1.0   19   8.7M  176  552  75%    10M |  99.9   ovl   1   27  1.43M   16   22  57%  81.9M  -391n  n/a
   4   6b |   7 1.0   19   8.2M  158  499  75%    10M |  99.9   n/a   1   27  1.80M   20   21  51%  81.9M    n/a  n/a
   0   44 |   7 1.0   19   9.3M  165  522  75%    10M |  99.9   ovl   1   27  2.39M   24   13  35%  81.9M   -68n  n/a
   0   45 |   7 1.0   19   9.4M  148  485  76%    10M |  99.9   ovl   1   27  2.65M   26   12  31%  81.9M   -95n  n/a
   0   46 |   7 1.0   19   9.9M  175  510  74%    10M |  99.9   ovl   1   27  2.60M   26   12  31%  81.9M  -237n  n/a
   0   47 |   7 1.0   19   9.0M  151  516  77%    10M |  99.9   ovl   1   27  2.57M   27   12  30%  81.9M  -116n  n/a
   0   48 |   7 1.0   19   9.4M  166  518  75%    10M |  99.9   ovl   1   27  2.29M   23   12  34%  81.9M  -165n  n/a
   0   49 |   7 1.0   19   9.1M  151  489  76%    10M |  99.9   ovl   1   27  1.96M   21   11  34%  81.9M  -147n  n/a
   0   4a |   7 1.0   19   9.6M  169  523  75%    10M |  99.9   ovl   1   27  2.45M   24   13  35%  81.9M  -392n  n/a
   0   4b |   7 1.0   19   8.7M  143  525  78%    10M |  99.9   ovl   1   27  3.06M   31    8  20%  81.9M  -197n  n/a
   1   4c |   7 1.0   19   9.8M   89  250  73%    10M |  99.9   ovl   1   27  1.17M    6    5  45%  81.9M    49n  n/a
   1   4d |   7 1.0   19   9.4M   87  208  70%    10M |  99.9   ovl   1   27  2.82M   14    7  33%  81.9M   885n  n/a
   1   4e |   7 1.0   19   9.2M   81  198  70%    10M |  99.9   ovl   1   27  2.21M   11    8  42%  81.9M   880n  n/a
   1   4f |   7 1.0   19   8.8M   88  205  69%    10M |  99.9   n/a   1   27  1.61M    8    8  50%  81.9M    n/a  n/a
   1   50 |   7 1.0   19    10M   97  190  66%    10M |  99.9   ovl   1   27  2.18M   11    8  42%  81.9M   872n  n/a
   1   51 |   7 1.0    0      0    0    0   0%    10M |   n/a   n/a   1    0      0    0    0   0%  81.9M    n/a  n/a
   1   52 |   7 1.0   19   9.9M   90  214  70%    10M |  99.9   ovl   1   27  2.40M   12   10  45%  81.9M    49n  n/a
   1   53 |   7 1.0   19    10M   94  224  70%    10M |  99.9   ovl   1   27  2.19M   11    4  26%  81.9M   613n  n/a
   2   54 |   7 1.0   19   6.2M  146  664  81%    10M |  99.9   ovl   1   27   808k   10   16  61%  81.9M  -359n  n/a
   2   55 |   7 1.0   19   6.2M  132  590  81%    10M |  99.9   ovl   1   27   824k   10   17  62%  81.9M   947n  n/a
   2   56 |   7 1.0   19   6.7M  147  597  80%    10M |  99.9   ovl   1   27  1.07M   13   15  53%  81.9M  -283n  n/a
   2   57 |   7 1.0   19   6.3M  132  594  81%    10M |  99.9   ovl   1   27   802k   10   17  62%  81.9M  -149n  n/a
   2   58 |   7 1.0   19   6.4M  146  614  80%    10M |  99.9   ovl   1   27  1.01M   11   15  57%  81.9M  -217n  n/a
   2   59 |   7 1.0   19   6.2M  133  612  82%    10M |  99.9   n/a   1   27   796k   10   14  58%  81.9M    n/a  n/a
   2   5a |   7 1.0   19   6.2M  143  617  81%    10M |  99.9   ovl   1   27   912k   12   17  58%  81.9M  -437n  n/a
   2   5b |   7 1.0   19   6.3M  134  586  81%    10M |  99.9   ovl   1   27   982k   13   18  58%  81.9M  -911n  n/a
   3   5c |   7 1.0   19   8.4M  148  555  78%    10M |  99.9   n/a   1   27  1.18M   11   13  54%  81.9M    n/a  n/a
   3   5d |   7 1.0   19   8.7M  144  504  77%    10M |  99.9   n/a   1   27  1.32M   14   14  50%  81.9M    n/a  n/a
   3   5e |   7 1.0   19   9.1M  162  535  76%    10M |  99.9   n/a   1   27  1.40M   16   12  42%  81.9M    n/a  n/a
   3   5f |   7 1.0   19   8.4M  144  571  79%    10M |  99.9   n/a   1   27  2.10M   22   14  38%  81.9M    n/a  n/a
   3   60 |   7 1.0   19   8.3M  140  559  79%    10M |  99.9   ovl   1   27  1.91M   19   11  36%  81.9M    -1u  n/a
   3   61 |   7 1.0   19   8.7M  143  504  77%    10M |  99.9   ovl   1   27   754k    8   13  61%  81.9M   896n  n/a
   3   62 |   7 1.0   19   8.6M  148  595  80%    10M |  99.9   ovl   1   27  1.11M   12   15  55%  81.9M  -620n  n/a
   3   63 |   7 1.0   19   8.4M  129  593  82%    10M |  99.9   n/a   1   27  1.34M   13   12  48%  81.9M    n/a  n/a
   4   64 |   7 1.0   19   5.9M  115  688  85%    10M |  99.9   n/a   1   27   590k    7   16  69%  81.9M    n/a  n/a
   4   65 |   7 1.0   19   6.2M  114  585  83%    10M |  99.9   ovl   1   27   918k   10   16  61%  81.9M   766n  n/a
   4   66 |   7 1.0   19   6.1M  116  662  85%    10M |  99.9   n/a   1   27   672k    7   22  75%  81.9M    n/a  n/a
   4   67 |   7 1.0   19   6.2M  116  619  84%    10M |  99.9   ovl   1   27   801k   10   12  54%  81.9M    96n  n/a
   4   68 |   7 1.0   19   6.0M  127  674  84%    10M |  99.9   ovl   1   27  1.03M   12   19  61%  81.9M    -1u  n/a
   4   69 |   7 1.0   19   6.2M  118  609  83%    10M |  99.9   ovl   1   27   809k    9   15  62%  81.9M  -624n  n/a
   4   6a |   7 1.0   19   6.5M  119  654  84%    10M |  99.9   ovl   1   27   723k    8   15  65%  81.9M   899n  n/a
   4   6b |   7 1.0   19   6.2M  121  561  82%    10M |  99.9   ovl   1   27   543k    6   14  70%  81.9M  -831n  n/a
   0   44 |   7 1.0   19   7.5M  129  550  81%    10M |  99.9   n/a   1   27   799k    8   20  71%  81.9M    n/a  n/a
   0   45 |   7 1.0   19   7.9M  139  565  80%    10M |  99.9   n/a   1   27  1.43M   14   18  56%  81.9M    n/a  n/a
   0   46 |   7 1.0   19   7.1M  124  581  82%    10M |  99.9   n/a   1   27   291k    3   22  88%  81.9M    n/a  n/a
   0   47 |   7 1.0   19   7.7M  124  557  81%    10M |  99.9   n/a   1   27  1.41M   13   10  43%  81.9M    n/a  n/a
   0   48 |   7 1.0   19   8.7M  155  482  75%    10M |  99.9   n/a   1   27   420k    5   21  80%  81.9M    n/a  n/a
   0   49 |   7 1.0   19   7.9M  140  517  78%    10M |  99.9   n/a   1   27  1.13M   11   18  62%  81.9M    n/a  n/a
   0   4a |   7 1.0   19   8.3M  145  556  79%    10M |  99.9   n/a   1   27  1.66M   19   15  44%  81.9M    n/a  n/a
   0   4b |   7 1.0   19   7.5M  126  503  79%    10M |  99.9   n/a   1   27  1.53M   15   22  59%  81.9M    n/a  n/a
   1   4c |   7 1.0   19   9.5M   88  279  76%    10M |  99.9   n/a   1   27  1.19M    6    7  53%  81.9M    n/a  n/a
   1   4d |   7 1.0   19   9.2M   78  264  77%    10M |  99.9   n/a   1   27   992k    5   13  72%  81.9M    n/a  n/a
   1   4e |   7 1.0   19    10M   98  239  70%    10M |  99.9   n/a   1   27  1.60M    8   10  55%  81.9M    n/a  n/a
   1   4f |   7 1.0   19   9.7M   92  247  72%    10M |  99.9   n/a   1   27  1.01M    5   11  68%  81.9M    n/a  n/a
   1   50 |   7 1.0   19   9.7M   86  274  76%    10M |  99.9   n/a   1   27  2.59M   13    9  40%  81.9M    n/a  n/a
   1   51 |   7 1.0    0      0    0    0   0%    10M |   n/a   n/a   1    0      0    0    0   0%  81.9M    n/a  n/a
   1   52 |   7 1.0   19   8.7M   85  298  77%    10M |  99.9   n/a   1   27  1.99M   10    9  47%  81.9M    n/a  n/a
   1   53 |   7 1.0   19  10.0M   98  262  72%    10M |  99.9   n/a   1   27   607k    3    9  75%  81.9M    n/a  n/a

          |--------------------DL---------------------|-------------------------------UL-----------------------------
 pci rnti | cqi  ri  mcs  brate   ok  nok  (%)  dl_bs | pusch  rsrp  ri  mcs  brate   ok  nok  (%)    bsr     ta  phr
   2   54 |   7 1.0   19   9.3M  216  521  70%    10M |  99.9   ovl   1   27  1.97M   26   13  33%  81.9M   147n  n/a
   2   55 |   7 1.0   19   8.8M  190  513  72%    10M |  99.9   ovl   1   27  2.15M   28   15  34%  81.9M  -389n  n/a
   2   56 |   7 1.0   19   9.4M  211  447  67%    10M |  99.9   ovl   1   27  2.38M   32   16  33%  81.9M  -276n  n/a
   2   57 |   7 1.0   19   8.8M  188  551  74%    10M |  99.9   n/a   1   27  2.22M   31   13  29%  81.9M    n/a  n/a
   2   58 |   7 1.0   19   9.7M  217  426  66%    10M |  99.9   ovl   1   27  3.42M   42    9  17%  81.9M  -328n  n/a
   2   59 |   7 1.0   19   8.8M  186  573  75%    10M |  99.9   ovl   1   27  2.12M   28   11  28%  81.9M  -695n  n/a
   2   5a |   7 1.0   19   9.6M  206  445  68%    10M |  99.9   ovl   1   27  2.72M   35   11  23%  81.9M   566n  n/a
   2   5b |   7 1.0   19   9.2M  192  500  72%    10M |  99.9   ovl   1   27  1.89M   26   14  35%  81.9M   540n  n/a
   3   5c |   7 1.0   19   8.1M  147  608  80%    10M |  99.9   n/a   1   27  1.28M   13   23  63%  81.9M    n/a  n/a
   3   5d |   7 1.0   19   7.9M  136  543  79%    10M |  99.9   n/a   1   27  1.16M   12   24  66%  81.9M    n/a  n/a
   3   5e |   7 1.0   19   7.7M  133  699  84%    10M |  99.9   n/a   1   27   953k   10   20  66%  81.9M    n/a  n/a
   3   5f |   7 1.0   19   8.1M  134  616  82%    10M |  99.9   n/a   1   27   957k   10   21  67%  81.9M    n/a  n/a
   3   60 |   7 1.0   19   7.5M  130  615  82%    10M |  99.9   n/a   1   27   811k    8   19  70%  81.9M    n/a  n/a
   3   61 |   7 1.0   19   8.1M  135  606  81%    10M |  99.9   n/a   1   27  1.27M   12   22  64%  81.9M    n/a  n/a
   3   62 |   7 1.0   19   7.9M  130  629  82%    10M |  99.9   n/a   1   27  1.13M   11   19  63%  81.9M    n/a  n/a
   3   63 |   7 1.0   19   8.1M  132  565  81%    10M |  99.9   n/a   1   27  1.02M   10   23  69%  81.9M    n/a  n/a
   4   64 |   7 1.0   19   8.9M  169  553  76%    10M |  99.9   ovl   1   27  1.12M   12   22  64%  81.9M  -784n  n/a
   4   65 |   7 1.0   19   9.2M  166  566  77%    10M |  99.9   ovl   1   27  1.33M   15   21  58%  81.9M  -644n  n/a
   4   66 |   7 1.0   19   9.3M  180  544  75%    10M |  99.9   ovl   1   27  1.24M   13   17  56%  81.9M   894n  n/a
   4   67 |   7 1.0   19   9.3M  172  563  76%    10M |  99.9   ovl   1   27  1.46M   17   18  51%  81.9M   427n  n/a
   4   68 |   7 1.0   19   9.4M  178  574  76%    10M |  99.9   ovl   1   27  1.46M   16   17  51%  81.9M  -815n  n/a
   4   69 |   7 1.0   19   9.1M  174  541  75%    10M |  99.9   ovl   1   27  1.38M   17   19  52%  81.9M   609n  n/a
   4   6a |   7 1.0   19   8.9M  175  602  77%    10M |  99.9   ovl   1   27  1.15M   13   21  61%  81.9M   -17n  n/a
   4   6b |   7 1.0   19   9.3M  160  492  75%    10M |  99.9   ovl   1   27  1.51M   16   15  48%  81.9M  -662n  n/a
   0   44 |   7 1.0   19   8.0M  137  623  81%    10M |  99.9   n/a   1   27  1.28M   13   13  50%  81.9M    n/a  n/a
   0   45 |   7 1.0   19   8.1M  135  535  79%    10M |  99.9   n/a   1   27  1.22M   12   13  52%  81.9M    n/a  n/a
   0   46 |   7 1.0   19   8.1M  144  602  80%    10M |  99.9   n/a   1   27   830k    8   21  72%  81.9M    n/a  n/a
   0   47 |   7 1.0   19   8.4M  137  537  79%    10M |  99.9   ovl   1   27  1.40M   12   16  57%  81.9M  -704n  n/a
   0   48 |   7 1.0   19   9.1M  151  544  78%    10M |  99.9   n/a   1   27  1.47M   15   15  50%  81.9M    n/a  n/a
   0   49 |   7 1.0   19   7.8M  128  542  80%    10M |  99.9   ovl   1   27  1.42M   12   12  50%  81.9M   263n  n/a
   0   4a |   7 1.0   19   8.2M  145  631  81%    10M |  99.9   n/a   1   27  1.75M   17   12  41%  81.9M    n/a  n/a
   0   4b |   7 1.0   19   8.3M  132  543  80%    10M |  99.9   n/a   1   27  1.46M   14   12  46%  81.9M    n/a  n/a
   1   4c |   7 1.0   19   8.1M   75  398  84%    10M |  99.9   n/a   1   27  1.00M    5    9  64%  81.9M    n/a  n/a
   1   4d |   7 1.0   19   8.7M   80  368  82%    10M |  99.9   ovl   1   27  1.78M    9   14  60%  81.9M    49n  n/a
   1   4e |   7 1.0   19   9.0M   81  367  81%    10M |  99.9   n/a   1   27  1.38M    7    7  50%  81.9M    n/a  n/a
   1   4f |   7 1.0   19   8.7M   83  352  80%    10M |  99.9   ovl   1   27  1.21M    6    7  53%  81.9M   872n  n/a
   1   50 |   7 1.0   19   9.0M   77  319  80%    10M |  99.9   ovl   1   27   992k    5    6  54%  81.9M   872n  n/a
   1   51 |   7 1.0    0      0    0    0   0%    10M |   n/a   n/a   1    0      0    0    0   0%  81.9M    n/a  n/a
   1   52 |   7 1.0   19   8.0M   72  405  84%    10M |  99.9   n/a   1   27  1.20M    6    7  53%  81.9M    n/a  n/a
   1   53 |   7 1.0   19   8.5M   80  358  81%    10M |  99.9   ovl   1   27   590k    3    9  75%  81.9M    49n  n/a
   2   54 |   7 1.0   19   7.2M  159  626  79%    10M |  99.9   ovl   1   27  1.13M   13   16  55%  81.9M   482n  n/a
   2   55 |   7 1.0   19   7.5M  148  480  76%    10M |  99.9   ovl   1   27  1.41M   20   10  33%  81.9M  -437n  n/a
   2   56 |   7 1.0   19   7.5M  172  597  77%    10M |  99.9   ovl   1   27  1.19M   16   15  48%  81.9M   335n  n/a
   2   57 |   7 1.0   19   7.6M  159  557  77%    10M |  99.9   ovl   1   27  1.78M   24   14  36%  81.9M     4n  n/a
   2   58 |   7 1.0   19   7.6M  165  561  77%    10M |  99.9   ovl   1   27  1.40M   18   13  41%  81.9M  -911n  n/a
   2   59 |   7 1.0   19   7.6M  159  518  76%    10M |  99.9   ovl   1   27  1.57M   20   16  44%  81.9M  -636n  n/a
   2   5a |   7 1.0   19   7.5M  163  586  78%    10M |  99.9   ovl   1   27  1.43M   19   10  34%  81.9M    -1u  n/a
   2   5b |   7 1.0   19   7.7M  156  541  77%    10M |  99.9   ovl   1   27  1.51M   19   18  48%  81.9M  -553n  n/a
   3   5c |   7 1.0   19   9.7M  169  578  77%    10M |  99.9   n/a   1   27  1.62M   17   13  43%  81.9M    n/a  n/a
   3   5d |   7 1.0   19   9.4M  150  549  78%    10M |  99.9   ovl   1   27  2.30M   24   14  36%  81.9M  -927n  n/a
   3   5e |   7 1.0   19   9.8M  166  559  77%    10M |  99.9   n/a   1   27  1.75M   17   16  48%  81.9M    n/a  n/a
   3   5f |   7 1.0   19   9.7M  159  549  77%    10M |  99.9   n/a   1   27  1.55M   16   16  50%  81.9M    n/a  n/a
   3   60 |   7 1.0   19   9.9M  170  586  77%    10M |  99.9   n/a   1   27  2.25M   21   10  32%  81.9M    n/a  n/a
   3   61 |   7 1.0   19   9.9M  156  503  76%    10M |  99.9   n/a   1   27  2.07M   22   18  45%  81.9M    n/a  n/a
   3   62 |   7 1.0   19   9.7M  174  570  76%    10M |  99.9   ovl   1   27  2.11M   23   15  39%  81.9M  -795n  n/a
   3   63 |   7 1.0   19   9.6M  151  553  78%    10M |  99.9   n/a   1   27  1.85M   18   17  48%  81.9M    n/a  n/a
   4   64 |   7 1.0   19   7.8M  158  603  79%    10M |  99.9   ovl   1   27  1.37M   14   15  51%  81.9M    -1u  n/a
   4   65 |   7 1.0   19   7.6M  139  589  80%    10M |  99.9   ovl   1   27   891k   11   12  52%  81.9M  -833n  n/a
   4   66 |   7 1.0   19   7.6M  152  663  81%    10M |  99.9   ovl   1   27  1.63M   18   14  43%  81.9M   -42n  n/a
   4   67 |   7 1.0   19   7.9M  140  519  78%    10M |  99.9   ovl   1   27  1.23M   14   10  41%  81.9M   191n  n/a
   4   68 |   7 1.0   19   7.2M  143  637  81%    10M |  99.9   ovl   1   27   961k   11   13  54%  81.9M  -125n  n/a
   4   69 |   7 1.0   19   7.4M  136  549  80%    10M |  99.9   ovl   1   27  1.86M   21   11  34%  81.9M   -83n  n/a
   4   6a |   7 1.0   19   7.5M  146  651  81%    10M |  99.9   ovl   1   27  1.24M   13   15  53%  81.9M   319n  n/a
   4   6b |   7 1.0   19   7.5M  142  631  81%    10M |  99.9   ovl   1   27  1.37M   16   10  38%  81.9M   494n  n/a
   0   44 |   7 1.0   19    10M  175  457  72%    10M |  99.9   ovl   1   27  1.50M   15   17  53%  81.9M   -45n  n/a
   0   45 |   7 1.0   19    11M  168  488  74%    10M |  99.9   ovl   1   27  1.47M   15   18  54%  81.9M  -595n  n/a
   0   46 |   7 1.0   19   9.7M  176  564  76%    10M |  99.9   n/a   1   27  2.60M   25   10  28%  81.9M    n/a  n/a
   0   47 |   7 1.0   19    10M  166  521  75%    10M |  99.9   ovl   1   27  2.34M   23   11  32%  81.9M  -419n  n/a
   0   48 |   7 1.0   19   9.9M  175  537  75%    10M |  99.9   ovl   1   27  2.73M   26   12  31%  81.9M   213n  n/a
   0   49 |   7 1.0   19    11M  186  478  71%    10M |  99.9   ovl   1   27  1.38M   14   15  51%  81.9M    -9n  n/a
   0   4a |   7 1.0   19    11M  188  504  72%    10M |  99.9   ovl   1   27  2.47M   26   13  33%  81.9M  -321n  n/a
   0   4b |   7 1.0   19    10M  163  466  74%    10M |  99.9   n/a   1   27  2.11M   23   11  32%  81.9M    n/a  n/a
   1   4c |   7 1.0   19   7.6M   77  380  83%    10M |  99.9   n/a   1   27  1.00M    5   10  66%  81.9M    n/a  n/a
   1   4d |   7 1.0   19   7.5M   69  406  85%    10M |  99.9   n/a   1   27   586k    3    9  75%  81.9M    n/a  n/a
   1   4e |   7 1.0   19   7.8M   72  369  83%    10M |  99.9   n/a   1   27   414k    2   11  84%  81.9M    n/a  n/a
   1   4f |   7 1.0   19   7.8M   82  361  81%    10M |  99.9   n/a   1   27   791k    4    9  69%  81.9M    n/a  n/a
   1   50 |   7 1.0   19   7.2M   63  388  86%    10M |  99.9   n/a   1   27   590k    3   11  78%  81.9M    n/a  n/a
   1   51 |   7 1.0    0      0    0    0   0%    10M |   n/a   n/a   1    0      0    0    0   0%  81.9M    n/a  n/a
   1   52 |   7 1.0   19   7.4M   65  390  85%    10M |  99.9   n/a   1   27  1.38M    7    9  56%  81.9M    n/a  n/a
   1   53 |   7 1.0   19   7.6M   75  378  83%    10M |  99.9   n/a   1   27  1.41M    7   10  58%  81.9M    n/a  n/a
   2   54 |   7 1.0   19   7.2M  157  530  77%    10M |  99.9   n/a   1   27   940k   12   19  61%  81.9M    n/a  n/a
   2   55 |   7 1.0   19   7.2M  156  521  76%    10M |  99.9   n/a   1   27  1.24M   15   26  63%  81.9M    n/a  n/a
   2   56 |   7 1.0   19   7.3M  156  624  80%    10M |  99.9   n/a   1   27  1.27M   16   24  60%  81.9M    n/a  n/a
   2   57 |   7 1.0   19   7.0M  150  630  80%    10M |  99.9   n/a   1   27  1.23M   15   22  59%  81.9M    n/a  n/a
   2   58 |   7 1.0   19   7.1M  163  626  79%    10M |  99.9   n/a   1   27  1.25M   15   21  58%  81.9M    n/a  n/a
   2   59 |   7 1.0   19   7.2M  153  592  79%    10M |  99.9   n/a   1   27  1.20M   14   21  60%  81.9M    n/a  n/a
   2   5a |   7 1.0   19   7.5M  177  610  77%    10M |  99.9   n/a   1   27   888k   11   21  65%  81.9M    n/a  n/a
   2   5b |   7 1.0   19   7.1M  160  608  79%    10M |  99.9   n/a   1   27  1.08M   13   28  68%  81.9M    n/a  n/a

          |--------------------DL---------------------|-------------------------------UL-----------------------------
 pci rnti | cqi  ri  mcs  brate   ok  nok  (%)  dl_bs | pusch  rsrp  ri  mcs  brate   ok  nok  (%)    bsr     ta  phr
   3   5c |   7 1.0   19    11M  190  543  74%    10M |  99.9   ovl   1   27  1.86M   19   16  45%  81.9M     2n  n/a
   3   5d |   7 1.0   19    12M  194  493  71%    10M |  99.9   ovl   1   27  2.22M   23   16  41%  81.9M  -267n  n/a
   3   5e |   7 1.0   19    11M  189  494  72%    10M |  99.9   ovl   1   27  1.82M   18   14  43%  81.9M   393n  n/a
   3   5f |   7 1.0   19    11M  186  478  71%    10M |  99.9   ovl   1   27  2.21M   23    9  28%  81.9M   219n  n/a
   3   60 |   7 1.0   19    11M  197  453  69%    10M |  99.9   ovl   1   27  1.60M   16   13  44%  81.9M   986n  n/a
   3   61 |   7 1.0   19    11M  183  514  73%    10M |  99.9   ovl   1   27  2.53M   25   14  35%  81.9M   478n  n/a
   3   62 |   7 1.0   19    11M  196  547  73%    10M |  99.9   ovl   1   27  2.01M   20   18  47%  81.9M  -674n  n/a
   3   63 |   7 1.0   19    11M  189  450  70%    10M |  99.9   ovl   1   27  2.02M   20   16  44%  81.9M   579n  n/a
   4   64 |   7 1.0   19   7.2M  144  607  80%    10M |  99.9   n/a   1   27   955k   11   22  66%  81.9M    n/a  n/a
   4   65 |   7 1.0   19   7.0M  134  593  81%    10M |  99.9   n/a   1   27   813k   10   27  72%  81.9M    n/a  n/a
   4   66 |   7 1.0   19   7.2M  155  612  79%    10M |  99.9   n/a   1   27   777k    9   22  70%  81.9M    n/a  n/a
   4   67 |   7 1.0   19   7.1M  133  581  81%    10M |  99.9   n/a   1   27  1.09M   12   20  62%  81.9M    n/a  n/a
   4   68 |   7 1.0   19   7.4M  151  677  81%    10M |  99.9   n/a   1   27   940k   10   22  68%  81.9M    n/a  n/a
   4   69 |   7 1.0   19   7.1M  141  560  79%    10M |  99.9   n/a   1   27  1.17M   13   22  62%  81.9M    n/a  n/a
   4   6a |   7 1.0   19   7.1M  135  651  82%    10M |  99.9   n/a   1   27   822k    9   21  70%  81.9M    n/a  n/a
   4   6b |   7 1.0   19   7.0M  137  558  80%    10M |  99.9   n/a   1   27   809k    9   23  71%  81.9M    n/a  n/a
   0   44 |   7 1.0   19   9.2M  164  526  76%    10M |  99.9   n/a   1   27  2.60M   25   14  35%  81.9M    n/a  n/a
   0   45 |   7 1.0   19   9.6M  160  459  74%    10M |  99.9   n/a   1   27  2.11M   21   20  48%  81.9M    n/a  n/a
   0   46 |   7 1.0   19   9.6M  166  475  74%    10M |  99.9   ovl   1   27  1.86M   19   19  50%  81.9M   445n  n/a
   0   47 |   7 1.0   19   9.2M  155  508  76%    10M |  99.9   ovl   1   27  1.34M   15   12  44%  81.9M  -358n  n/a
   0   48 |   7 1.0   19   9.4M  165  449  73%    10M |  99.9   ovl   1   27  2.48M   24   12  33%  81.9M  -176n  n/a
   0   49 |   7 1.0   19   9.0M  141  489  77%    10M |  99.9   ovl   1   27  1.73M   18   19  51%  81.9M  -397n  n/a
   0   4a |   7 1.0   19   8.9M  158  499  75%    10M |  99.9   ovl   1   27  1.72M   18   12  40%  81.9M  -164n  n/a
   0   4b |   7 1.0   19   9.1M  148  484  76%    10M |  99.9   ovl   1   27  2.26M   22   16  42%  81.9M   -22n  n/a
   1   4c |   7 1.0   19   8.3M   84  499  85%    10M |  99.9   n/a   1   27   984k    5   10  66%  81.9M    n/a  n/a
   1   4d |   7 1.0   19   8.0M   77  466  85%    10M |  99.9   n/a   1   27   799k    4   10  71%  81.9M    n/a  n/a
   1   4e |   7 1.0   19   8.4M   82  468  85%    10M |  99.9   n/a   1   27   599k    3   11  78%  81.9M    n/a  n/a
   1   4f |   7 1.0   19   8.2M   75  441  85%    10M |  99.9   n/a   1   27   193k    1    8  88%  81.9M    n/a  n/a
   1   50 |   7 1.0   19   8.5M   81  440  84%    10M |  99.9   n/a   1   27   603k    3   12  80%  81.9M    n/a  n/a
   1   51 |   7 1.0    0      0    0    0   0%    10M |   n/a   n/a   1    0      0    0    0   0%  81.9M    n/a  n/a
   1   52 |   7 1.0   19   8.1M   71  469  86%    10M |  99.9   n/a   1   27  1.39M    7   10  58%  81.9M    n/a  n/a
   1   53 |   7 1.0   19   7.9M   74  463  86%    10M |  99.9   n/a   1   27   598k    3   10  76%  81.9M    n/a  n/a
   2   54 |   7 1.0   19   8.6M  193  519  72%    10M |  99.9   n/a   1   27  1.72M   23   17  42%  81.9M    n/a  n/a
   2   55 |   7 1.0   19   8.3M  179  532  74%    10M |  99.9   n/a   1   27  1.15M   15   19  55%  81.9M    n/a  n/a
   2   56 |   7 1.0   19   8.8M  199  543  73%    10M |  99.9   n/a   1   27  1.34M   17   16  48%  81.9M    n/a  n/a
   2   57 |   7 1.0   19   8.4M  180  514  74%    10M |  99.9   n/a   1   27  1.83M   24   13  35%  81.9M    n/a  n/a
   2   58 |   7 1.0   19   8.8M  196  523  72%    10M |  99.9   n/a   1   27  1.50M   20   15  42%  81.9M    n/a  n/a
   2   59 |   7 1.0   19   8.3M  172  517  75%    10M |  99.9   n/a   1   27  1.33M   18   16  47%  81.9M    n/a  n/a
   2   5a |   7 1.0   19   8.7M  196  625  76%    10M |  99.9   n/a   1   27  1.54M   20   17  45%  81.9M    n/a  n/a
   2   5b |   7 1.0   19   8.3M  177  482  73%    10M |  99.9   n/a   1   27  1.26M   17   17  50%  81.9M    n/a  n/a
   3   5c |   7 1.0   19   8.1M  141  615  81%    10M |  99.9   ovl   1   27  1.84M   17   18  51%  81.9M   164n  n/a
   3   5d |   7 1.0   19   8.7M  147  498  77%    10M |  99.9   ovl   1   27  1.53M   15   20  57%  81.9M  -892n  n/a
   3   5e |   7 1.0   19   9.0M  162  637  79%    10M |  99.9   ovl   1   27  2.18M   21   23  52%  81.9M  -736n  n/a
   3   5f |   7 1.0   19   9.1M  150  458  75%    10M |  99.9   ovl   1   27  1.01M   11   27  71%  81.9M    -1u  n/a
   3   60 |   7 1.0   19   8.8M  164  585  78%    10M |  99.9   ovl   1   27  1.47M   14   21  60%  81.9M  -892n  n/a
   3   61 |   7 1.0   19   8.7M  149  534  78%    10M |  99.9   ovl   1   27  1.54M   15   17  53%  81.9M   650n  n/a
   3   62 |   7 1.0   19   8.2M  145  579  79%    10M |  99.9   ovl   1   27  1.55M   15   15  50%  81.9M  -246n  n/a
   3   63 |   7 1.0   19   9.0M  148  526  78%    10M |  99.9   ovl   1   27  1.56M   15   20  57%  81.9M  -927n  n/a
   4   64 |   7 1.0   19   8.2M  172  595  77%    10M |  99.9   n/a   1   27   926k   10   19  65%  81.9M    n/a  n/a
   4   65 |   7 1.0   19   8.2M  150  611  80%    10M |  99.9   n/a   1   27   982k   10   20  66%  81.9M    n/a  n/a
   4   66 |   7 1.0   19   7.8M  154  610  79%    10M |  99.9   n/a   1   27   955k   12   20  62%  81.9M   