
--== OCUDU gNB (commit 6744de3b5b) ==--

Initializing the Open Fronthaul Interface for sector#0: ul_compr=[BFP,9], dl_compr=[BFP,9], prach_compr=[BFP,9], prach_cp_enabled=false
Initializing the Open Fronthaul Interface for sector#1: ul_compr=[BFP,9], dl_compr=[BFP,9], prach_compr=[BFP,9], prach_cp_enabled=false
Initializing the Open Fronthaul Interface for sector#2: ul_compr=[BFP,9], dl_compr=[BFP,9], prach_compr=[BFP,9], prach_cp_enabled=false
Initializing the Open Fronthaul Interface for sector#3: ul_compr=[BFP,9], dl_compr=[BFP,9], prach_compr=[BFP,9], prach_cp_enabled=false
Cell pci=0, bw=100 MHz, 1T1R, dl_arfcn=625000 (n78), dl_freq=3375 MHz, dl_ssb_arfcn=622272, ul_freq=3375 MHz
Cell pci=1, bw=100 MHz, 1T1R, dl_arfcn=632628 (n78), dl_freq=3489.42 MHz, dl_ssb_arfcn=629952, ul_freq=3489.42 MHz
Cell pci=2, bw=100 MHz, 1T1R, dl_arfcn=637212 (n78), dl_freq=3558.18 MHz, dl_ssb_arfcn=634464, ul_freq=3558.18 MHz
Cell pci=3, bw=100 MHz, 1T1R, dl_arfcn=640000 (n78), dl_freq=3600 MHz, dl_ssb_arfcn=637344, ul_freq=3600 MHz

Remote control server listening on 0.0.0.0:8001
==== gNB started ===
Type <h> to view help

          |--------------------DL---------------------|-------------------------------UL-----------------------------
 pci rnti | cqi  ri  mcs  brate   ok  nok  (%)  dl_bs | pusch  rsrp  ri  mcs  brate   ok  nok  (%)    bsr     ta  phr
   0   44 |   7 1.0    7    11M   23    3  11%    10M |  99.9   ovl   1   19  4.97M    6    0   0%  81.9M  -895n  n/a
   0   45 |   7 1.0    8    11M   23    5  17%    10M |  99.9   n/a   1   20   242k    3    0   0%  81.9M    n/a  n/a
   0   46 |   7 1.0    7    12M   26    4  13%    10M |  99.9   n/a   1   22  4.67M    3    0   0%  81.9M    n/a  n/a
   0   47 |   7 1.0    3    22k    1    0   0%    10M |  99.9   n/a   1    9   782k    2    0   0%  81.9M    n/a  n/a
   0   48 |   7 1.0    7    12M   22    1   4%    10M |  99.9   ovl   1   22  2.41M    2    0   0%  81.9M   438n  n/a
   0   49 |   7 1.0    3    22k    1    0   0%    10M |  99.9   n/a   1    9   782k    2    0   0%  81.9M    n/a  n/a
   0   4a |   7 1.0    7    12M   22    1   4%    10M |  99.9   ovl   1   22   184k    1    0   0%  81.9M    32n  n/a
   0   4b |   7 1.0    7    12M   21    2   8%    10M |  99.9   ovl   1   13   180k    1    0   0%  81.9M    -1u  n/a
   1   4c |   7 1.0    7    15M   27    2   6%    10M |  99.9   ovl   1   20  2.45M    3    0   0%  81.9M  -968n  n/a
   1   4d |   7 1.0    9    16M   27    1   3%    10M |  99.9   n/a   1   23   239k    2    0   0%  81.9M    n/a  n/a
   1   4e |   7 1.0    3    22k    1    0   0%    10M |  99.9   n/a   1    9   782k    2    0   0%  81.9M    n/a  n/a
   1   4f |   7 1.0    7    15M   26    5  16%    10M |  99.9   n/a   1   23   184k    1    0   0%  81.9M    n/a  n/a
   1   50 |   7 1.0    7    15M   29    2   6%    10M |  99.9   ovl   1   23  2.37M    2    0   0%  81.9M   107n  n/a
   1   51 |   7 1.0    8    15M   27    1   3%    10M |  99.9   ovl   1   18  2.21M    4    0   0%  81.9M   569n  n/a
   1   52 |   7 1.0    3    22k    1    0   0%    10M |  99.9   n/a   1    9   782k    2    0   0%  81.9M    n/a  n/a
   1   53 |   7 1.0    3    22k    1    0   0%    10M |  99.9   ovl   1    9   782k    2    0   0%  81.9M   484n  n/a
   2   54 |   7 1.0    7    15M   30    2   6%    10M |  99.9   n/a   1   23   244k    2    0   0%  81.9M    n/a  n/a
   2   55 |   7 1.0    7    14M   29    3   9%    10M |  99.9   ovl   1   23  2.43M    3    0   0%  81.9M  -660n  n/a
   2   56 |   7 1.0    7    14M   27    5  15%    10M |  99.9   n/a   1   23  2.41M    2    0   0%  81.9M    n/a  n/a
   2   57 |   7 1.0    8    15M   24    3  11%    10M |  99.9   ovl   1   24  2.41M    3    0   0%  81.9M   434n  n/a
   2   58 |   7 1.0    3    22k    1    0   0%    10M |  99.9   n/a   1    9   386k    1    0   0%  81.9M    n/a  n/a
   2   59 |   7 1.0    7    15M   27    3  10%    10M |  99.9   ovl   1   23   244k    2    0   0%  81.9M     1u  n/a
   2   5a |   7 1.0    3    22k    1    0   0%    10M |  99.9   ovl   1    9   782k    2    0   0%  81.9M   358n  n/a
   2   5b |   7 1.0    3    22k    1    0   0%    10M |  99.9   ovl   1    9   396k    1    0   0%  81.9M   846n  n/a
   3   5c | n/a n/a    3   5.0M   23    2   8%    10M |  99.9   n/a   1   17  9.17M    6    0   0%  81.9M    n/a  n/a
   3   5d |   7 1.0    6   8.7M   18    7  28%    10M |  99.9   n/a   1   23  8.95M    5    0   0%  81.9M    n/a  n/a
   3   5e | n/a n/a    3   4.8M   22    2   8%    10M |  99.9   n/a   1   22  9.20M    5    0   0%  81.9M    n/a  n/a
   3   5f | n/a n/a    3    22k    1    0   0%    10M |  99.9   n/a   1    9   386k    1    0   0%  81.9M    n/a  n/a
   3   60 | n/a n/a    3   4.4M   21    9  30%    10M |  99.9   n/a   1   22  9.13M    5    0   0%  81.9M    n/a  n/a
   3   61 |   7 1.0    7   7.6M   20    3  13%    10M |  99.9   n/a   1   23  8.96M    5    0   0%  81.9M    n/a  n/a
   3   62 |   7 1.0    6   8.2M   22    4  15%    10M |  99.9   n/a   1   19  8.92M    6    0   0%  81.9M    n/a  n/a
   3   63 | n/a n/a    3    22k    1    0   0%    10M |  99.9   n/a   1    9   782k    2    0   0%  81.9M    n/a  n/a
   0   44 |   7 1.0   11   8.4M  107  192  64%    10M |  86.2   ovl   1   27  2.57M   11   11  50%  81.9M  -340n  n/a
   0   45 |   7 1.0   11   8.0M  105  232  68%    10M |  99.9   ovl   1   27  4.31M   17   14  45%  81.9M    31n  n/a
   0   46 |   7 1.0   11   8.0M  112  246  68%    10M |  99.9   ovl   1   27  2.28M    9    9  50%  81.9M  -895n  n/a
   0   47 |   7 1.0    0      0    0    0   0%    10M |   n/a   n/a   1    0      0    0    0   0%  81.9M    n/a  n/a
   0   48 |   7 1.0   11   7.8M  104  239  69%    10M |  99.9   ovl   1   27  3.04M   13   10  43%  81.9M  -358n  n/a
   0   49 |   7 1.0    0      0    0    0   0%    10M |   n/a   n/a   1    0      0    0    0   0%  81.9M    n/a  n/a
   0   4a |   7 1.0   11   8.2M  114  238  67%    10M |  99.9   ovl   1   27  2.29M    9   12  57%  81.9M  -895n  n/a
   0   4b |   7 1.0   11   7.6M  102  274  72%    10M |  99.9   ovl   1   27  2.88M   14   13  48%  81.9M  -216n  n/a
   1   4c |   7 1.0   11    10M  125  301  70%    10M |  93.9   ovl   1   25  6.36M   26   18  40%  81.9M   -50n  n/a
   1   4d |   7 1.0   11   9.8M  116  282  70%    10M |  99.9   ovl   1   27  3.54M   15   14  48%  81.9M   456n  n/a
   1   4e |   7 1.0    0      0    0    0   0%    10M |   n/a   n/a   1    0      0    0    0   0%  81.9M    n/a  n/a
   1   4f |   7 1.0   11   9.7M  121  326  72%    10M |  99.9   ovl   1   27  4.04M   16   12  42%  81.9M   900n  n/a
   1   50 |   7 1.0   11    11M  137  272  66%    10M |  99.9   ovl   1   27  3.80M   15   12  44%  81.9M   -50n  n/a
   1   51 |   7 1.0   11   9.6M  125  285  69%    10M |  99.9   ovl   1   27  3.57M   14   12  46%  81.9M  -431n  n/a
   1   52 |   7 1.0    0      0    0    0   0%    10M |   n/a   n/a   1    0      0    0    0   0%  81.9M    n/a  n/a
   1   53 |   7 1.0    0      0    0    0   0%    10M |   n/a   n/a   1    0      0    0    0   0%  81.9M    n/a  n/a
   2   54 |   7 1.0   11   9.4M  123  288  70%    10M |  99.9   ovl   1   27  2.28M   10   13  56%  81.9M   312n  n/a
   2   55 |   7 1.0   11   8.7M  109  297  73%    10M |  99.9   ovl   1   27  3.31M   14   13  48%  81.9M   -23n  n/a
   2   56 |   7 1.0   11   8.2M  112  329  74%    10M |  88.2   ovl   1   27  3.07M   13   17  56%  81.9M  -293n  n/a
   2   57 |   7 1.0   11   8.9M  116  335  74%    10M |  99.9   ovl   1   27  3.56M   14   12  46%  81.9M  -660n  n/a
   2   58 |   7 1.0    0      0    0    0   0%    10M |   n/a   n/a   1    0      0    0    0   0%  81.9M    n/a  n/a
   2   59 |   7 1.0   11   8.9M  121  316  72%    10M |  89.7   ovl   1   26  3.55M   15   19  55%  81.9M   126n  n/a
   2   5a |   7 1.0    0      0    0    0   0%    10M |   n/a   n/a   1    0      0    0    0   0%  81.9M    n/a  n/a
   2   5b |   7 1.0    0      0    0    0   0%    10M |   n/a   n/a   1    0      0    0    0   0%  81.9M    n/a  n/a
   3   5c |   7 1.0   11   9.8M  137  273  66%    10M |  99.9   ovl   1   27  5.57M   22   11  33%  81.9M   538n  n/a
   3   5d |   7 1.0   11   9.8M  123  279  69%    10M |  99.9   ovl   1   27  3.75M   15    8  34%  81.9M   538n  n/a
   3   5e |   7 1.0   11    11M  155  240  60%    10M |  99.9   ovl   1   27  4.84M   19    9  32%  81.9M   514n  n/a
   3   5f |   7 1.0    0      0    0    0   0%    10M |   n/a   n/a   1    0      0    0    0   0%  81.9M    n/a  n/a
   3   60 |   7 1.0   11    10M  153  240  61%    10M |  99.9   ovl   1   27  3.29M   13   10  43%  81.9M  -308n  n/a
   3   61 |   7 1.0   11   9.7M  127  315  71%    10M |  99.9   ovl   1   27  4.04M   16    8  33%  81.9M   211n  n/a
   3   62 |   7 1.0   11   9.8M  126  242  65%    10M |  99.9   ovl   1   27  3.80M   15    9  37%  81.9M    26n  n/a
   3   63 |   7 1.0    0      0    0    0   0%    10M |   n/a   n/a   1    0      0    0    0   0%  81.9M    n/a  n/a
   0   44 |   7 1.0   11   7.4M  105  258  71%    10M |  99.9   n/a   1   27  2.53M   10    6  37%  81.9M    n/a  n/a
   0   45 |   7 1.0   11   7.6M  121  300  71%    10M |  99.9   n/a   1   27  2.03M    8   16  66%  81.9M    n/a  n/a
   0   46 |   7 1.0   11   7.4M  108  262  70%    10M |  99.9   n/a   1   27  2.29M    9    8  47%  81.9M    n/a  n/a
   0   47 |   7 1.0    0      0    0    0   0%    10M |   n/a   n/a   1    0      0    0    0   0%  81.9M    n/a  n/a
   0   48 |   7 1.0   11   7.2M  101  289  74%    10M |  99.9   n/a   1   27  1.78M    7   17  70%  81.9M    n/a  n/a
   0   49 |   7 1.0    0      0    0    0   0%    10M |   n/a   n/a   1    0      0    0    0   0%  81.9M    n/a  n/a
   0   4a |   7 1.0   11   7.6M  100  240  70%    10M |  99.9   ovl   1   27  2.54M   10    9  47%  81.9M    32n  n/a
   0   4b |   7 1.0   11   7.5M  110  306  73%    10M |  99.9   ovl   1   27  2.03M    8   10  55%  81.9M  -895n  n/a
   1   4c |   7 1.0   11   7.9M  116  294  71%    10M |  99.9   n/a   1   27  1.76M    7   12  63%  81.9M    n/a  n/a
   1   4d |   7 1.0   11   7.5M  103  328  76%    10M |  99.9   ovl   1   27  1.77M    7   12  63%  81.9M   447n  n/a
   1   4e |   7 1.0    0      0    0    0   0%    10M |   n/a   n/a   1    0      0    0    0   0%  81.9M    n/a  n/a
   1   4f |   7 1.0   11   8.0M  115  321  73%    10M |  99.9   n/a   1   27  1.26M    5   16  76%  81.9M    n/a  n/a
   1   50 |   7 1.0   11   7.3M  111  326  74%    10M |  99.9   n/a   1   27  1.51M    6   12  66%  81.9M    n/a  n/a
   1   51 |   7 1.0   11   7.6M  115  344  74%    10M |  99.9   n/a   1   27  1.02M    4   15  78%  81.9M    n/a  n/a
   1   52 |   7 1.0    0      0    0    0   0%    10M |   n/a   n/a   1    0      0    0    0   0%  81.9M    n/a  n/a
   1   53 |   7 1.0    0      0    0    0   0%    10M |   n/a   n/a   1    0      0    0    0   0%  81.9M    n/a  n/a
   2   54 |   7 1.0   11   7.9M  102  367  78%    10M |  99.9   ovl   1   27  2.27M    9   12  57%  81.9M  -660n  n/a
   2   55 |   7 1.0   11   7.9M  102  318  75%    10M |  99.9   n/a   1   27   996k    4   14  77%  81.9M    n/a  n/a
   2   56 |   7 1.0   11   8.5M  125  320  71%    10M |  99.9   ovl   1   27  2.52M   10   12  54%  81.9M  -320n  n/a
   2   57 |   7 1.0   11   8.1M  112  347  75%    10M |  99.9   n/a   1   27   763k    3   15  83%  81.9M    n/a  n/a
   2   58 |   7 1.0    0      0    0    0   0%    10M |   n/a   n/a   1    0      0    0    0   0%  81.9M    n/a  n/a
   2   59 |   7 1.0   11   8.4M  111  343  75%    10M |  99.9   ovl   1   27  2.27M    9   12  57%  81.9M  -415n  n/a
   2   5a |   7 1.0    0      0    0    0   0%    10M |   n/a   n/a   1    0      0    0    0   0%  81.9M    n/a  n/a
   2   5b |   7 1.0    0      0    0    0   0%    10M |   n/a   n/a   1    0      0    0    0   0%  81.9M    n/a  n/a

          |--------------------DL---------------------|-------------------------------UL-----------------------------
 pci rnti | cqi  ri  mcs  brate   ok  nok  (%)  dl_bs | pusch  rsrp  ri  mcs  brate   ok  nok  (%)    bsr     ta  phr
   3   5c |   7 1.0   11   6.6M   87  440  83%    10M |  99.9   n/a   1   27  2.27M    9   13  59%  81.9M    n/a  n/a
   3   5d |   7 1.0   11   6.6M   95  446  82%    10M |  99.9   n/a   1   27  1.01M    4   15  78%  81.9M    n/a  n/a
   3   5e |   7 1.0   11   6.6M   86  475  84%    10M |  99.9   n/a   1   27  2.03M    8   10  55%  81.9M    n/a  n/a
   3   5f |   7 1.0    0      0    0    0   0%    10M |   n/a   n/a   1    0      0    0    0   0%  81.9M    n/a  n/a
   3   60 |   7 1.0   11   6.9M   91  439  82%    10M |  99.9   n/a   1   27   771k    3   13  81%  81.9M    n/a  n/a
   3   61 |   7 1.0   11   6.5M   90  458  83%    10M |  99.9   n/a   1   27  1.26M    5   14  73%  81.9M    n/a  n/a
   3   62 |   7 1.0   11   6.6M   87  478  84%    10M |  99.9   n/a   1   27  3.03M   12   15  55%  81.9M    n/a  n/a
   3   63 |   7 1.0    0      0    0    0   0%    10M |   n/a   n/a   1    0      0    0    0   0%  81.9M    n/a  n/a
   0   44 |   7 1.0   11   9.0M  122  239  66%    10M |  99.9   n/a   1   27  3.58M   14    8  36%  81.9M    n/a  n/a
   0   45 |   7 1.0   11   9.3M  121  217  64%    10M |  99.9   ovl   1   27  2.02M    8   11  57%  81.9M  -895n  n/a
   0   46 |   7 1.0   11   9.3M  116  203  63%    10M |  99.9   ovl   1   27  4.54M   18    8  30%  81.9M    -6n  n/a
   0   47 |   7 1.0    0      0    0    0   0%    10M |   n/a   n/a   1    0      0    0    0   0%  81.9M    n/a  n/a
   0   48 |   7 1.0   11   9.4M  122  208  63%    10M |  99.9   ovl   1   27  4.05M   16   10  38%  81.9M  -543n  n/a
   0   49 |   7 1.0    0      0    0    0   0%    10M |   n/a   n/a   1    0      0    0    0   0%  81.9M    n/a  n/a
   0   4a |   7 1.0   11   9.5M  115  174  60%    10M |  99.9   ovl   1   27  4.53M   18    4  18%  81.9M    -1u  n/a
   0   4b |   7 1.0   11   9.0M  118  223  65%    10M |  99.9   ovl   1   27  5.05M   20    7  25%  81.9M  -734n  n/a
   1   4c |   7 1.0   11   8.4M  108  291  72%    10M |  99.9   n/a   1   27   754k    3   12  80%  81.9M    n/a  n/a
   1   4d |   7 1.0   11   8.5M  114  272  70%    10M |  99.9   ovl   1   27  3.77M   15   11  42%  81.9M   170p  n/a
   1   4e |   7 1.0    0      0    0    0   0%    10M |   n/a   n/a   1    0      0    0    0   0%  81.9M    n/a  n/a
   1   4f |   7 1.0   11   8.4M  116  311  72%    10M |  99.9   n/a   1   27  1.51M    6   12  66%  81.9M    n/a  n/a
   1   50 |   7 1.0   11   8.9M  120  317  72%    10M |  99.9   n/a   1   27   517k    2   13  86%  81.9M    n/a  n/a
   1   51 |   7 1.0   11   8.6M  112  302  72%    10M |  99.9   ovl   1   27  4.05M   16   11  40%  81.9M    28n  n/a
   1   52 |   7 1.0    0      0    0    0   0%    10M |   n/a   n/a   1    0      0    0    0   0%  81.9M    n/a  n/a
   1   53 |   7 1.0    0      0    0    0   0%    10M |   n/a   n/a   1    0      0    0    0   0%  81.9M    n/a  n/a
   2   54 |   7 1.0   11   8.2M  121  303  71%    10M |  99.9   n/a   1   27  1.51M    6   12  66%  81.9M    n/a  n/a
   2   55 |   7 1.0   11   7.6M  105  325  75%    10M |  99.9   ovl   1   27  4.05M   16   12  42%  81.9M    26n  n/a
   2   56 |   7 1.0   11   8.1M  105  309  74%    10M |  99.9   ovl   1   27  3.78M   15   11  42%  81.9M  -415n  n/a
   2   57 |   7 1.0   11   7.6M  109  345  75%    10M |  99.9   n/a   1   27   750k    3   13  81%  81.9M    n/a  n/a
   2   58 |   7 1.0    0      0    0    0   0%    10M |   n/a   n/a   1    0      0    0    0   0%  81.9M    n/a  n/a
   2   59 |   7 1.0   11   7.8M  109  324  74%    10M |  99.9   n/a   1   27  1.76M    7   12  63%  81.9M    n/a  n/a
   2   5a |   7 1.0    0      0    0    0   0%    10M |   n/a   n/a   1    0      0    0    0   0%  81.9M    n/a  n/a
   2   5b |   7 1.0    0      0    0    0   0%    10M |   n/a   n/a   1    0      0    0    0   0%  81.9M    n/a  n/a
   3   5c |   7 1.0   11   5.5M   68  490  87%    10M |  99.9   n/a   1   27  1.26M    5    9  64%  81.9M    n/a  n/a
   3   5d |   7 1.0   11   5.3M   70  540  88%    10M |  99.9   n/a   1   27  1.77M    7    9  56%  81.9M    n/a  n/a
   3   5e |   7 1.0   11   5.3M   71  470  86%    10M |  99.9   n/a   1   27   754k    3    9  75%  81.9M    n/a  n/a
   3   5f |   7 1.0    0      0    0    0   0%    10M |   n/a   n/a   1    0      0    0    0   0%  81.9M    n/a  n/a
   3   60 |   7 1.0   11   5.8M   70  521  88%    10M |  99.9   n/a   1   27  1.27M    5   11  68%  81.9M    n/a  n/a
   3   61 |   7 1.0   11   5.5M   79  500  86%    10M |  99.9   n/a   1   27  1.51M    6   12  66%  81.9M    n/a  n/a
   3   62 |   7 1.0   11   5.8M   79  572  87%    10M |  99.9   n/a   1   27   512k    2   10  83%  81.9M    n/a  n/a
   3   63 |   7 1.0    0      0    0    0   0%    10M |   n/a   n/a   1    0      0    0    0   0%  81.9M    n/a  n/a
   0   44 |   7 1.0   11   7.8M  107  214  66%    10M |  99.9   ovl   1   27  4.55M   18   14  43%  81.9M    32n  n/a
   0   45 |   7 1.0   11   7.3M  106  279  72%    10M |  99.9   ovl   1   27  2.79M   11    5  31%  81.9M  -216n  n/a
   0   46 |   7 1.0   11   6.8M   91  256  73%    10M |  99.9   ovl   1   27  3.05M   12    8  40%  81.9M   438n  n/a
   0   47 |   7 1.0    0      0    0    0   0%    10M |   n/a   n/a   1    0      0    0    0   0%  81.9M    n/a  n/a
   0   48 |   7 1.0   11   7.4M  105  269  71%    10M |  99.9   ovl   1   27  3.56M   14    6  30%  81.9M    -6n  n/a
   0   49 |   7 1.0    0      0    0    0   0%    10M |   n/a   n/a   1    0      0    0    0   0%  81.9M    n/a  n/a
   0   4a |   7 1.0   11   6.4M   83  304  78%    10M |  99.9   ovl   1   27  1.78M    7   10  58%  81.9M  -895n  n/a
   0   4b |   7 1.0   11   7.3M  108  269  71%    10M |  99.9   ovl   1   27  3.55M   14   10  41%  81.9M  -216n  n/a
   1   4c |   7 1.0   11   6.7M   98  374  79%    10M |  99.9   n/a   1   27  1.52M    6   12  66%  81.9M    n/a  n/a
   1   4d |   7 1.0   11   6.0M   88  401  82%    10M |  99.9   n/a   1   27  1.02M    4   12  75%  81.9M    n/a  n/a
   1   4e |   7 1.0    0      0    0    0   0%    10M |   n/a   n/a   1    0      0    0    0   0%  81.9M    n/a  n/a
   1   4f |   7 1.0   11   6.6M   97  402  80%    10M |  99.9   ovl   1   27  5.60M   22    9  29%  81.9M  -108n  n/a
   1   50 |   7 1.0   11   6.9M   98  372  79%    10M |  99.9   n/a   1   27  1.25M    5   11  68%  81.9M    n/a  n/a
   1   51 |   7 1.0   11   6.1M   96  435  81%    10M |  99.9   n/a   1   27  1.00M    4   12  75%  81.9M    n/a  n/a
   1   52 |   7 1.0    0      0    0    0   0%    10M |   n/a   n/a   1    0      0    0    0   0%  81.9M    n/a  n/a
   1   53 |   7 1.0    0      0    0    0   0%    10M |   n/a   n/a   1    0      0    0    0   0%  81.9M    n/a  n/a
   2   54 |   7 1.0   11   6.1M   91  357  79%    10M |  99.9   n/a   1   27  1.01M    4   12  75%  81.9M    n/a  n/a
   2   55 |   7 1.0   11   5.7M   92  385  80%    10M |  99.9   ovl   1   27  5.56M   22    9  29%  81.9M   -21n  n/a
   2   56 |   7 1.0   11   5.0M   80  422  84%    10M |  99.9   n/a   1   27   750k    3   12  80%  81.9M    n/a  n/a
   2   57 |   7 1.0   11   5.9M   88  393  81%    10M |  99.9   ovl   1   27  1.80M    7    8  53%  81.9M    64n  n/a
   2   58 |   7 1.0    0      0    0    0   0%    10M |   n/a   n/a   1    0      0    0    0   0%  81.9M    n/a  n/a
   2   59 |   7 1.0   11   6.1M  106  374  77%    10M |  99.9   n/a   1   27   512k    2   12  85%  81.9M    n/a  n/a
   2   5a |   7 1.0    0      0    0    0   0%    10M |   n/a   n/a   1    0      0    0    0   0%  81.9M    n/a  n/a
   2   5b |   7 1.0    0      0    0    0   0%    10M |   n/a   n/a   1    0      0    0    0   0%  81.9M    n/a  n/a
   3   5c |   7 1.0   11   6.7M  107  491  82%    10M |  99.9   n/a   1   27  3.02M   12    9  42%  81.9M    n/a  n/a
   3   5d |   7 1.0   11   6.9M  108  420  79%    10M |  99.9   n/a   1   27   496k    2    9  81%  81.9M    n/a  n/a
   3   5e |   7 1.0   11   6.9M  108  437  80%    10M |  99.9   ovl   1   27  2.51M   10    4  28%  81.9M   424n  n/a
   3   5f |   7 1.0    0      0    0    0   0%    10M |   n/a   n/a   1    0      0    0    0   0%  81.9M    n/a  n/a
   3   60 |   7 1.0   11   6.8M   97  434  81%    10M |  99.9   n/a   1   27  2.26M    9    7  43%  81.9M    n/a  n/a
   3   61 |   7 1.0   11   7.1M  111  414  78%    10M |  99.9   n/a   1   27  1.77M    7    6  46%  81.9M    n/a  n/a
   3   62 |   7 1.0   11   6.6M   95  437  82%    10M |  99.9   ovl   1   27  2.00M    8    5  38%  81.9M  -771n  n/a
   3   63 |   7 1.0    0      0    0    0   0%    10M |   n/a   n/a   1    0      0    0    0   0%  81.9M    n/a  n/a
   0   44 |   7 1.0   11   8.3M   98  343  77%    10M |  99.9   n/a   1   27  2.05M    8   11  57%  81.9M    n/a  n/a
   0   45 |   7 1.0   11   8.0M   99  392  79%    10M |  99.9   n/a   1   27  2.54M   10   12  54%  81.9M    n/a  n/a
   0   46 |   7 1.0   11   7.7M  106  407  79%    10M |  99.9   ovl   1   27  2.54M   10   12  54%  81.9M    32n  n/a
   0   47 |   7 1.0    0      0    0    0   0%    10M |   n/a   n/a   1    0      0    0    0   0%  81.9M    n/a  n/a
   0   48 |   7 1.0   11   7.7M  100  445  81%    10M |  99.9   n/a   1   27  1.78M    7   11  61%  81.9M    n/a  n/a
   0   49 |   7 1.0    0      0    0    0   0%    10M |   n/a   n/a   1    0      0    0    0   0%  81.9M    n/a  n/a
   0   4a |   7 1.0   11   7.7M  100  383  79%    10M |  99.9   n/a   1   27  1.78M    7    7  50%  81.9M    n/a  n/a
   0   4b |   7 1.0   11   7.8M  100  423  80%    10M |  99.9   n/a   1   27  1.51M    6    8  57%  81.9M    n/a  n/a
   1   4c |   7 1.0   11   8.4M  113  298  72%    10M |  99.9   ovl   1   27  2.01M    8   13  61%  81.9M  -968n  n/a
   1   4d |   7 1.0   11   6.7M   99  375  79%    10M |  99.9   n/a   1   27   496k    2   12  85%  81.9M    n/a  n/a
   1   4e |   7 1.0    0      0    0    0   0%    10M |   n/a   n/a   1    0      0    0    0   0%  81.9M    n/a  n/a
   1   4f |   7 1.0   11   8.3M  121  359  74%    10M |  99.9   ovl   1   27  2.55M   10   14  58%  81.9M   409n  n/a
   1   50 |   7 1.0   11   8.1M  107  314  74%    10M |  99.9   ovl   1   27  1.52M    6   16  72%  81.9M   409n  n/a
   1   51 |   7 1.0   11   8.0M  116  329  73%    10M |  99.9   ovl   1   27   508k    2   12  85%  81.9M   409n  n/a
   1   52 |   7 1.0    0      0    0    0   0%    10M |   n/a   n/a   1    0      0    0    0   0%  81.9M    n/a  n/a
   1   53 |   7 1.0    0      0    0    0   0%    10M |   n/a   n/a   1    0      0    0    0   0%  81.9M    n/a  n/a

          |--------------------DL---------------------|-------------------------------UL-----------------------------
 pci rnti | cqi  ri  mcs  brate   ok  nok  (%)  dl_bs | pusch  rsrp  ri  mcs  brate   ok  nok  (%)    bsr     ta  phr
   2   54 |   7 1.0   11   8.3M  110  289  72%    10M |  99.9   ovl   1   27  2.03M    8   12  60%  81.9M  -660n  n/a
   2   55 |   7 1.0   11   7.9M  112  320  74%    10M |  99.9   n/a   1   27  2.28M    9   14  60%  81.9M    n/a  n/a
   2   56 |   7 1.0   11   7.7M  101  312  75%    10M |  99.9   n/a   1   27   754k    3   12  80%  81.9M    n/a  n/a
   2   57 |   7 1.0   11   7.7M  110  327  74%    10M |  99.9   ovl   1   27  1.26M    5   16  76%  81.9M  -660n  n/a
   2   58 |   7 1.0    0      0    0    0   0%    10M |   n/a   n/a   1    0      0    0    0   0%  81.9M    n/a  n/a
   2   59 |   7 1.0   11   8.2M  117  364  75%    10M |  99.9   n/a   1   27  1.51M    6   15  71%  81.9M    n/a  n/a
   2   5a |   7 1.0    0      0    0    0   0%    10M |   n/a   n/a   1    0      0    0    0   0%  81.9M    n/a  n/a
   2   5b |   7 1.0    0      0    0    0   0%    10M |   n/a   n/a   1    0      0    0    0   0%  81.9M    n/a  n/a
   3   5c |   7 1.0   11   5.6M   76  509  87%    10M |  99.9   n/a   1   27  1.01M    4    8  66%  81.9M    n/a  n/a
   3   5d |   7 1.0   11   5.3M   75  541  87%    10M |  99.9   ovl   1   27  1.02M    4   13  76%  81.9M   155n  n/a
   3   5e |   7 1.0   11   5.4M   78  571  87%    10M |  99.9   n/a   1   27  1.50M    6   14  70%  81.9M    n/a  n/a
   3   5f |   7 1.0    0      0    0    0   0%    10M |   n/a   n/a   1    0      0    0    0   0%  81.9M    n/a  n/a
   3   60 |   7 1.0   11   5.5M   72  475  86%    10M |  99.9   n/a   1   27  1.25M    5   16  76%  81.9M    n/a  n/a
   3   61 |   7 1.0   11   5.1M   71  583  89%    10M |  99.9   n/a   1   27  1.52M    6   16  72%  81.9M    n/a  n/a
   3   62 |   7 1.0   11   5.8M   81  528  86%    10M |  99.9   ovl   1   27  1.27M    5   13  72%  81.9M   693n  n/a
   3   63 |   7 1.0    0      0    0    0   0%    10M |   n/a   n/a   1    0      0    0    0   0%  81.9M    n/a  n/a
   0   44 |   7 1.0   12   5.8M   75  555  88%    10M |  99.9   n/a   1   27  1.76M    7   11  61%  81.9M    n/a  n/a
   0   45 |   7 1.0   12   5.9M   73  546  88%    10M |  99.9   ovl   1   27  2.01M    8   10  55%  81.9M   438n  n/a
   0   46 |   7 1.0   12   5.3M   70  572  89%    10M |  99.9   ovl   1   27  1.25M    5    9  64%  81.9M  -895n  n/a
   0   47 |   7 1.0    0      0    0    0   0%    10M |   n/a   n/a   1    0      0    0    0   0%  81.9M    n/a  n/a
   0   48 |   7 1.0   12   5.5M   76  512  87%    10M |  99.9   ovl   1   27  1.25M    5   11  68%  81.9M    -1u  n/a
   0   49 |   7 1.0    0      0    0    0   0%    10M |   n/a   n/a   1    0      0    0    0   0%  81.9M    n/a  n/a
   0   4a |   7 1.0   11   5.5M   70  466  86%    10M |  99.9   ovl   1   27  2.02M    8   11  57%  81.9M  -895n  n/a
   0   4b |   7 1.0   12   5.8M   74  557  88%    10M |  99.9   n/a   1   27  1.00M    4    8  66%  81.9M    n/a  n/a
   1   4c |   7 1.0   12   7.2M   91  459  83%    10M |  99.9   n/a   1   27  1.52M    6   11  64%  81.9M    n/a  n/a
   1   4d |   7 1.0   12   7.1M  103  428  80%    10M |  99.9   ovl   1   27  3.77M   15   11  42%  81.9M   465n  n/a
   1   4e |   7 1.0    0      0    0    0   0%    10M |   n/a   n/a   1    0      0    0    0   0%  81.9M    n/a  n/a
   1   4f |   7 1.0   12   7.1M  100  412  80%    10M |  99.9   n/a   1   27  1.02M    4   12  75%  81.9M    n/a  n/a
   1   50 |   7 1.0   12   7.4M   98  388  79%    10M |  99.9   ovl   1   27  2.02M    8   11  57%  81.9M   -50n  n/a
   1   51 |   7 1.0   12   6.9M   92  389  80%    10M |  99.9   ovl   1   27  3.30M   13   11  45%  81.9M  -252n  n/a
   1   52 |   7 1.0    0      0    0    0   0%    10M |   n/a   n/a   1    0      0    0    0   0%  81.9M    n/a  n/a
   1   53 |   7 1.0    0      0    0    0   0%    10M |   n/a   n/a   1    0      0    0    0   0%  81.9M    n/a  n/a
   2   54 |   7 1.0   12   8.9M  106  365  77%    10M |  99.9   ovl   1   27  4.76M   19   11  36%  81.9M   154n  n/a
   2   55 |   7 1.0   12   9.1M  116  348  75%    10M |  99.9   n/a   1   27  1.00M    4   12  75%  81.9M    n/a  n/a
   2   56 |   7 1.0   12   9.8M  122  320  72%    10M |  99.9   ovl   1   27  5.88M   23   10  30%  81.9M    95n  n/a
   2   57 |   7 1.0   12   9.6M  118  302  71%    10M |  99.9   ovl   1   27  3.03M   12    9  42%  81.9M    55n  n/a
   2   58 |   7 1.0    0      0    0    0   0%    10M |   n/a   n/a   1    0      0    0    0   0%  81.9M    n/a  n/a
   2   59 |   7 1.0   12   9.3M  116  300  72%    10M |  99.9   ovl   1   27  3.03M   12    9  42%  81.9M  -165n  n/a
   2   5a |   7 1.0    0      0    0    0   0%    10M |   n/a   n/a   1    0      0    0    0   0%  81.9M    n/a  n/a
   2   5b |   7 1.0    0      0    0    0   0%    10M |   n/a   n/a   1    0      0    0    0   0%  81.9M    n/a  n/a
   3   5c |   7 1.0   11   6.3M   80  467  85%    10M |  99.9   n/a   1   27   525k    2    9  81%  81.9M    n/a  n/a
   3   5d |   7 1.0   11   5.9M   81  472  85%    10M |  99.9   n/a   1   27   988k    4   10  71%  81.9M    n/a  n/a
   3   5e |   7 1.0   11   5.7M   80  482  85%    10M |  99.9   ovl   1   27  2.54M   10   11  52%  81.9M   442n  n/a
   3   5f |   7 1.0    0      0    0    0   0%    10M |   n/a   n/a   1    0      0    0    0   0%  81.9M    n/a  n/a
   3   60 |   7 1.0   11   6.5M   84  499  85%    10M |  99.9   n/a   1   27  1.02M    4    6  60%  81.9M    n/a  n/a
   3   61 |   7 1.0   11   6.2M   75  480  86%    10M |  99.9   ovl   1   27  2.53M   10    9  47%  81.9M   693n  n/a
   3   62 |   7 1.0   11   6.5M   85  491  85%    10M |  99.9   n/a   1   27  2.28M    9   11  55%  81.9M    n/a  n/a
   3   63 |   7 1.0    0      0    0    0   0%    10M |   n/a   n/a   1    0      0    0    0   0%  81.9M    n/a  n/a
   0   44 |   7 1.0   12   7.4M   90  539  85%    10M |  99.9   n/a   1   27  1.78M    7    9  56%  81.9M    n/a  n/a
   0   45 |   7 1.0   12   7.2M   86  524  85%    10M |  99.9   ovl   1   27  3.04M   12   10  45%  81.9M    -1u  n/a
   0   46 |   7 1.0   12   6.8M   80  553  87%    10M |  99.9   n/a   1   27  2.51M   10    8  44%  81.9M    n/a  n/a
   0   47 |   7 1.0    0      0    0    0   0%    10M |   n/a   n/a   1    0      0    0    0   0%  81.9M    n/a  n/a
   0   48 |   7 1.0   12   7.5M   99  506  83%    10M |   n/a   n/a   1   27      0    0   10 100%  81.9M    n/a  n/a
   0   49 |   7 1.0    0      0    0    0   0%    10M |   n/a   n/a   1    0      0    0    0   0%  81.9M    n/a  n/a
   0   4a |   7 1.0   12   7.6M   88  467  84%    10M |  99.9   n/a   1   27  1.54M    6   11  64%  81.9M    n/a  n/a
   0   4b |   7 1.0   12   6.9M   85  476  84%    10M |  99.9   n/a   1   27   512k    2   12  85%  81.9M    n/a  n/a
   1   4c |   7 1.0   12  10.0M  117  274  70%    10M |  99.9   n/a   1   27  1.75M    7   13  65%  81.9M    n/a  n/a
   1   4d |   7 1.0   12   8.7M  108  332  75%    10M |  99.9   ovl   1   27  1.76M    7   12  63%  81.9M   447n  n/a
   1   4e |   7 1.0    0      0    0    0   0%    10M |   n/a   n/a   1    0      0    0    0   0%  81.9M    n/a  n/a
   1   4f |   7 1.0   12   8.9M  107  332  75%    10M |  99.9   n/a   1   27  1.01M    4   12  75%  81.9M    n/a  n/a
   1   50 |   7 1.0   12   8.8M  104  313  75%    10M |  99.9   ovl   1   27  3.29M   13   12  48%  81.9M  -968n  n/a
   1   51 |   7 1.0   12   9.1M  112  359  76%    10M |  99.9   ovl   1   27  1.52M    6   13  68%  81.9M   409n  n/a
   1   52 |   7 1.0    0      0    0    0   0%    10M |   n/a   n/a   1    0      0    0    0   0%  81.9M    n/a  n/a
   1   53 |   7 1.0    0      0    0    0   0%    10M |   n/a   n/a   1    0      0    0    0   0%  81.9M    n/a  n/a
   2   54 |   7 1.0   12   9.2M  115  328  74%    10M |  99.9   ovl   1   27  1.27M    5   12  70%  81.9M   211n  n/a
   2   55 |   7 1.0   12   8.9M  110  341  75%    10M |  99.9   n/a   1   27  1.79M    7   12  63%  81.9M    n/a  n/a
   2   56 |   7 1.0   12   9.1M  118  303  71%    10M |  99.9   ovl   1   27  1.00M    4   12  75%  81.9M   361n  n/a
   2   57 |   7 1.0   12   9.2M  116  345  74%    10M |  99.9   ovl   1   27  3.32M   13   14  51%  81.9M    75n  n/a
   2   58 |   7 1.0    0      0    0    0   0%    10M |   n/a   n/a   1    0      0    0    0   0%  81.9M    n/a  n/a
   2   59 |   7 1.0   12   8.8M  105  306  74%    10M |  99.9   ovl   1   27  1.52M    6   16  72%  81.9M  -660n  n/a
   2   5a |   7 1.0    0      0    0    0   0%    10M |   n/a   n/a   1    0      0    0    0   0%  81.9M    n/a  n/a
   2   5b |   7 1.0    0      0    0    0   0%    10M |   n/a   n/a   1    0      0    0    0   0%  81.9M    n/a  n/a
   3   5c |   7 1.0   12   6.6M   91  505  84%    10M |  99.9   n/a   1   27  1.51M    6   10  62%  81.9M    n/a  n/a
   3   5d |   7 1.0   12   6.5M   89  480  84%    10M |  99.9   ovl   1   27   754k    3   11  78%  81.9M   155n  n/a
   3   5e |   7 1.0   12   6.7M   96  521  84%    10M |  99.9   n/a   1   27  2.04M    8    8  50%  81.9M    n/a  n/a
   3   5f |   7 1.0    0      0    0    0   0%    10M |   n/a   n/a   1    0      0    0    0   0%  81.9M    n/a  n/a
   3   60 |   7 1.0   12   7.1M   97  446  82%    10M |  99.9   ovl   1   27  1.49M    6   11  64%  81.9M   693n  n/a
   3   61 |   7 1.0   12   6.4M   78  541  87%    10M |  99.9   n/a   1   27  2.28M    9   11  55%  81.9M    n/a  n/a
   3   62 |   7 1.0   12   7.0M   79  509  86%    10M |  99.9   n/a   1   27  1.76M    7   13  65%  81.9M    n/a  n/a
   3   63 |   7 1.0    0      0    0    0   0%    10M |   n/a   n/a   1    0      0    0    0   0%  81.9M    n/a  n/a
   0   44 |   7 1.0   12   7.5M   92  421  82%    10M |  99.9   n/a   1   27  1.26M    5    9  64%  81.9M    n/a  n/a
   0   45 |   7 1.0   12   7.1M   85  453  84%    10M |  99.9   ovl   1   27  1.75M    7   12  63%  81.9M    -1u  n/a
   0   46 |   7 1.0   12   7.3M   91  432  82%    10M |  99.9   n/a   1   27  1.77M    7   10  58%  81.9M    n/a  n/a
   0   47 |   7 1.0    0      0    0    0   0%    10M |   n/a   n/a   1    0      0    0    0   0%  81.9M    n/a  n/a
   0   48 |   7 1.0   12   7.4M   87  418  82%    10M |  99.9   n/a   1   27  1.53M    6   14  70%  81.9M    n/a  n/a
   0   49 |   7 1.0    0      0    0    0   0%    10M |   n/a   n/a   1    0      0    0    0   0%  81.9M    n/a  n/a
   0   4a |   7 1.0   12   7.9M  107  413  79%    10M |  99.9   n/a   1   27  1.26M    5   14  73%  81.9M    n/a  n/a
   0   4b |   7 1.0   12   7.5M   95  400  80%    10M |  99.9   n/a   1   27  1.77M    7   15  68%  81.9M    n/a  n/a

          |--------------------DL---------------------|-------------------------------UL-----------------------------
 pci rnti | cqi  ri  mcs  brate   ok  nok  (%)  dl_bs | pusch  rsrp  ri  mcs  brate   ok  nok  (%)    bsr     ta  phr
   1   4c |   7 1.0   12   8.1M  106  392  78%    10M |  99.9   n/a   1   27  2.01M    8   15  65%  81.9M    n/a  n/a
   1   4d |   7 1.0   12   8.9M  106  350  76%    10M |  99.9   ovl   1   27  1.78M    7   16  69%  81.9M  -968n  n/a
   1   4e |   7 1.0    0      0    0    0   0%    10M |   n/a   n/a   1    0      0    0    0   0%  81.9M    n/a  n/a
   1   4f |   7 1.0   12   9.0M  110  355  76%    10M |  99.9   ovl   1   27  1.52M    6   16  72%  81.9M   258n  n/a
   1   50 |   7 1.0   12   8.7M  119  373  75%    10M |  99.9   n/a   1   27  2.25M    9   12  57%  81.9M    n/a  n/a
   1   51 |   7 1.0   12   8.7M  116  378  76%    10M |  99.9   n/a   1   27  1.51M    6   15  71%  81.9M    n/a  n/a
   1   52 |   7 1.0    0      0    0    0   0%    10M |   n/a   n/a   1    0      0    0    0   0%  81.9M    n/a  n/a
   1   53 |   7 1.0    0      0    0    0   0%    10M |   n/a   n/a   1    0      0    0    0   0%  81.9M    n/a  n/a
   2   54 |   7 1.0   12   9.2M  116  313  72%    10M |  99.9   ovl   1   27  1.76M    7   16  69%  81.9M  -151n  n/a
   2   55 |   7 1.0   12   8.7M  103  319  75%    10M |  99.9   n/a   1   27  1.25M    5   16  76%  81.9M    n/a  n/a
   2   56 |   7 1.0   12   7.5M   97  360  78%    10M |  99.9   ovl   1   27  1.77M    7   16  69%  81.9M  -659n  n/a
   2   57 |   7 1.0   12   8.6M  109  323  74%    10M |  99.9   ovl   1   27  1.50M    6   12  66%  81.9M  -660n  n/a
   2   58 |   7 1.0    0      0    0    0   0%    10M |   n/a   n/a   1    0      0    0    0   0%  81.9M    n/a  n/a
   2   59 |   7 1.0   12   8.7M  109  321  74%    10M |  99.9   ovl   1   27  2.29M    9   12  57%  81.9M   846n  n/a
   2   5a |   7 1.0    0      0    0    0   0%    10M |   n/a   n/a   1    0      0    0    0   0%  81.9M    n/a  n/a
   2   5b |   7 1.0    0      0    0    0   0%    10M |   n/a   n/a   1    0      0    0    0   0%  81.9M    n/a  n/a
   3   5c |   7 1.0   12   9.5M  103  358  77%    10M |  99.9   ovl   1   27  2.54M   10    9  47%  81.9M   693n  n/a
   3   5d |   7 1.0   12   9.4M  104  380  78%    10M |  99.9   n/a   1   27  2.52M   10   12  54%  81.9M    n/a  n/a
   3   5e |   7 1.0   12   9.9M  116  321  73%    10M |  99.9   ovl   1   27  2.25M    9   13  59%  81.9M  -771n  n/a
   3   5f |   7 1.0    0      0    0    0   0%    10M |   n/a   n/a   1    0      0    0    0   0%  81.9M    n/a  n/a
   3   60 |   7 1.0   12   9.3M  101  364  78%    10M |  99.9   n/a   1   27  3.29M   13    9  40%  81.9M    n/a  n/a
   3   61 |   7 1.0   12   9.7M  116  365  75%    10M |  99.9   n/a   1   27  2.28M    9   10  52%  81.9M    n/a  n/a
   3   62 |   7 1.0   12   9.5M  105  414  79%    10M |  99.9   ovl   1   27  2.55M   10    7  41%  81.9M   461n  n/a
   3   63 |   7 1.0    0      0    0    0   0%    10M |   n/a   n/a   1    0      0    0    0   0%  81.9M    n/a  n/a
   0   44 |   7 1.0   12   6.5M   87  567  86%    10M |  99.9   n/a   1   27  1.01M    4   13  76%  81.9M    n/a  n/a
   0   45 |   7 1.0   12   6.6M   81  498  86%    10M |  99.9   n/a   1   27  2.77M   11   11  50%  81.9M    n/a  n/a
   0   46 |   7 1.0   12   7.0M   81  472  85%    10M |  99.9   n/a   1   27  1.27M    5   11  68%  81.9M    n/a  n/a
   0   47 |   7 1.0    0      0    0    0   0%    10M |   n/a   n/a   1    0      0    0    0   0%  81.9M    n/a  n/a
   0   48 |   7 1.0   12   7.1M   86  495  85%    10M |  99.9   n/a   1   27  1.26M    5    9  64%  81.9M    n/a  n/a
   0   49 |   7 1.0    0      0    0    0   0%    10M |   n/a   n/a   1    0      0    0    0   0%  81.9M    n/a  n/a
   0   4a |   7 1.0   12   6.5M   77  576  88%    10M |  99.9   n/a   1   27  1.52M    6    9  60%  81.9M    n/a  n/a
   0   4b |   7 1.0   12   6.7M   83  513  86%    10M |  99.9   n/a   1   27  1.26M    5   11  68%  81.9M    n/a  n/a
   1   4c |   7 1.0   12   9.3M   99  369  78%    10M |  99.9   n/a   1   27  2.75M   11   12  52%  81.9M    n/a  n/a
   1   4d |   7 1.0   12   9.3M  116  332  74%    10M |  99.9   ovl   1   27  2.53M   10   12  54%  81.9M  -968n  n/a
   1   4e |   7 1.0    0      0    0    0   0%    10M |   n/a   n/a   1    0      0    0    0   0%  81.9M    n/a  n/a
   1   4f |   7 1.0   12   9.9M  120  358  74%    10M |  99.9   ovl   1   27  2.30M    9   12  57%  81.9M   409n  n/a
   1   50 |   7 1.0   12   9.9M  121  314  72%    10M |  99.9   n/a   1   27   758k    3   16  84%  81.9M    n/a  n/a
   1   51 |   7 1.0   12   9.5M  121  364  75%    10M |  99.9   ovl   1   27  1.79M    7   12  63%  81.9M  -968n  n/a
   1   52 |   7 1.0    0      0    0    0   0%    10M |   n/a   n/a   1    0      0    0    0   0%  81.9M    n/a  n/a
   1   53 |   7 1.0    0      0    0    0   0%    10M |   n/a   n/a   1    0      0    0    0   0%  81.9M    n/a  n/a
   2   54 |   7 1.0   12   9.4M  111  320  74%    10M |  99.9   ovl   1   27  3.04M   12   12  50%  81.9M  -108n  n/a
   2   55 |   7 1.0   12   9.5M  121  354  74%    10M |  99.9   n/a   1   27  2.52M   10   12  54%  81.9M    n/a  n/a
   2   56 |   7 1.0   12   8.9M  108  349  76%    10M |  99.9   ovl   1   27  2.54M   10   12  54%  81.9M  -660n  n/a
   2   57 |   7 1.0   12   9.4M  124  379  75%    10M |  99.9   ovl   1   27  2.77M   11   12  52%  81.9M   -37n  n/a
   2   58 |   7 1.0    0      0    0    0   0%    10M |   n/a   n/a   1    0      0    0    0   0%  81.9M    n/a  n/a
   2   59 |   7 1.0   12   9.5M  122  345  73%    10M |  99.9   ovl   1   27  1.76M    7   12  63%  81.9M  -660n  n/a
   2   5a |   7 1.0    0      0    0    0   0%    10M |   n/a   n/a   1    0      0    0    0   0%  81.9M    n/a  n/a
   2   5b |   7 1.0    0      0    0    0   0%    10M |   n/a   n/a   1    0      0    0    0   0%  81.9M    n/a  n/a
   3   5c |   7 1.0   12   7.4M   99  446  81%    10M |  99.9   ovl   1   27  2.28M    9   12  57%  81.9M   461n  n/a
   3   5d |   7 1.0   12   7.4M   89  434  82%    10M |  99.9   n/a   1   27  2.04M    8    7  46%  81.9M    n/a  n/a
   3   5e |   7 1.0   12   7.6M   91  420  82%    10M |  99.9   n/a   1   27  1.77M    7   11  61%  81.9M    n/a  n/a
   3   5f |   7 1.0    0      0    0    0   0%    10M |   n/a   n/a   1    0      0    0    0   0%  81.9M    n/a  n/a
   3   60 |   7 1.0   12   7.3M   85  467  84%    10M |  99.9   ovl   1   27  1.77M    7   15  68%  81.9M  -308n  n/a
   3   61 |   7 1.0   12   7.4M   90  439  82%    10M |  99.9   n/a   1   27  1.75M    7   11  61%  81.9M    n/a  n/a
   3   62 |   7 1.0   12   7.7M   94  465  83%    10M |  99.9   n/a   1   27  2.27M    9   10  52%  81.9M    n/a  n/a
   3   63 |   7 1.0    0      0    0    0   0%    10M |   n/a   n/a   1    0      0    0    0   0%  81.9M    n/a  n/a
   0   44 |   7 1.0   12   6.8M   81  490  85%    10M |  99.9   ovl   1   27  2.01M    8   10  55%  81.9M    -1u  n/a
   0   45 |   7 1.0   12   7.3M   88  401  82%    10M |  99.9   n/a   1   27  2.03M    8   10  55%  81.9M    n/a  n/a
   0   46 |   7 1.0   12   7.0M   83  432  83%    10M |  99.9   ovl   1   27  1.27M    5    7  58%  81.9M    32n  n/a
   0   47 |   7 1.0    0      0    0    0   0%    10M |   n/a   n/a   1    0      0    0    0   0%  81.9M    n/a  n/a
   0   48 |   7 1.0   12   7.1M   82  440  84%    10M |  99.9   ovl   1   27  1.28M    5   11  68%  81.9M  -432n  n/a
   0   49 |   7 1.0    0      0    0    0   0%    10M |   n/a   n/a   1    0      0    0    0   0%  81.9M    n/a  n/a
   0   4a |   7 1.0   12   7.3M   91  413  81%    10M |  99.9   n/a   1   27  1.27M    5   11  68%  81.9M    n/a  n/a
   0   4b |   7 1.0   12   7.2M   95  406  81%    10M |  99.9   ovl   1   27  2.77M   11   11  50%  81.9M    -1u  n/a
   1   4c |   7 1.0   12   8.2M  105  360  77%    10M |  99.9   ovl   1   27  1.76M    7   12  63%  81.9M  -242n  n/a
   1   4d |   7 1.0   12   7.4M   95  382  80%    10M |  99.9   ovl   1   27  2.53M   10   12  54%  81.9M   409n  n/a
   1   4e |   7 1.0    0      0    0    0   0%    10M |   n/a   n/a   1    0      0    0    0   0%  81.9M    n/a  n/a
   1   4f |   7 1.0   13   8.1M   98  341  77%    10M |  99.9   ovl   1   27  2.02M    8   12  60%  81.9M  -242n  n/a
   1   50 |   7 1.0   12   7.8M   90  365  80%    10M |  99.9   n/a   1   27  1.51M    6   12  66%  81.9M    n/a  n/a
   1   51 |   7 1.0   12   8.3M  101  345  77%    10M |  99.9   n/a   1   27  1.76M    7   12  63%  81.9M    n/a  n/a
   1   52 |   7 1.0    0      0    0    0   0%    10M |   n/a   n/a   1    0      0    0    0   0%  81.9M    n/a  n/a
   1   53 |   7 1.0    0      0    0    0   0%    10M |   n/a   n/a   1    0      0    0    0   0%  81.9M    n/a  n/a
   2   54 |   7 1.0   12   8.3M   93  337  78%    10M |  99.9   ovl   1   27  2.04M    8   12  60%  81.9M    81n  n/a
   2   55 |   7 1.0   12   8.7M  116  350  75%    10M |  99.9   ovl   1   27  2.28M    9   12  57%  81.9M  -224n  n/a
   2   56 |   7 1.0   12   7.4M   92  402  81%    10M |  99.9   ovl   1   27  2.30M    9   12  57%  81.9M    64n  n/a
   2   57 |   7 1.0   12   8.5M   99  363  78%    10M |  99.9   ovl   1   27  1.77M    7   12  63%  81.9M   358n  n/a
   2   58 |   7 1.0    0      0    0    0   0%    10M |   n/a   n/a   1    0      0    0    0   0%  81.9M    n/a  n/a
   2   59 |   7 1.0   13   8.4M   98  320  76%    10M |  99.9   n/a   1   27  2.00M    8   16  66%  81.9M    n/a  n/a
   2   5a |   7 1.0    0      0    0    0   0%    10M |   n/a   n/a   1    0      0    0    0   0%  81.9M    n/a  n/a
   2   5b |   7 1.0    0      0    0    0   0%    10M |   n/a   n/a   1    0      0    0    0   0%  81.9M    n/a  n/a
   3   5c |   7 1.0   12   7.7M   97  463  82%    10M |  99.9   n/a   1   27  1.77M    7   12  63%  81.9M    n/a  n/a
   3   5d |   7 1.0   12   7.4M   90  447  83%    10M |  99.9   n/a   1   27  1.49M    6    9  60%  81.9M    n/a  n/a
   3   5e |   7 1.0   12   7.4M   81  421  83%    10M |  99.9   n/a   1   27  2.04M    8   13  61%  81.9M    n/a  n/a
   3   5f |   7 1.0    0      0    0    0   0%    10M |   n/a   n/a   1    0      0    0    0   0%  81.9M    n/a  n/a
   3   60 |   7 1.0   12   7.4M   93  426  82%    10M |  99.9   ovl   1   27  1.50M    6    9  60%  81.9M  -771n  n/a
   3   61 |   7 1.0   12   7.6M   92  421  82%    10M |  99.9   ovl   1   27  2.78M   11    8  42%  81.9M   155n  n/a
   3   62 |   7 1.0   12   7.8M   91  400  81%    10M |  99.9   n/a   1   27  2.28M    9   12  57%  81.9M    n/a  n/a
   3   63 |   7 1.0    0      0    0    0   0%    10M |   n/a   n/a   1    0      0    0    0   0%  81.9M    n/a  n/a

          |--------------------DL---------------------|-------------------------------UL-----------------------------
 pci rnti | cqi  ri  mcs  brate   ok  nok  (%)  dl_bs | pusch  rsrp  ri  mcs  brate   ok  nok  (%)    bsr     ta  phr
   0   44 |   7 1.0   12   8.9M  106  417  79%    10M |  99.9   ovl   1   27  2.27M    9    9  50%  81.9M  -895n  n/a
   0   45 |   7 1.0   12   8.7M   94  459  83%    10M |  99.9   n/a   1   27  3.04M   12   11  47%  81.9M    n/a  n/a
   0   46 |   7 1.0   12   8.6M   97  391  80%    10M |  99.9   ovl   1   27  2.03M    8   13  61%  81.9M    32n  n/a
   0   47 |   7 1.0    0      0    0    0   0%    10M |   n/a   n/a   1    0      0    0    0   0%  81.9M    n/a  n/a
   0   48 |   7 1.0   12   8.8M  111  406  78%    10M |  99.9   n/a   1   27  1.53M    6   10  62%  81.9M    n/a  n/a
   0   49 |   7 1.0    0      0    0    0   0%    10M |   n/a   n/a   1    0      0    0    0   0%  81.9M    n/a  n/a
   0   4a |   7 1.0   12   8.4M   97  515  84%    10M |  99.9   ovl   1   27  2.02M    8    8  50%  81.9M    32n  n/a
   0   4b |   7 1.0   12   8.7M   99  386  79%    10M |  99.9   n/a   1   27  2.05M    8    9  52%  81.9M    n/a  n/a
   1   4c |   7 1.0   13   8.5M   92  422  82%    10M |  99.9   n/a   1   27  1.27M    5   16  76%  81.9M    n/a  n/a
   1   4d |   7 1.0   13   9.1M  109  392  78%    10M |  99.9   n/a   1   27  1.50M    6   16  72%  81.9M    n/a  n/a
   1   4e |   7 1.0    0      0    0    0   0%    10M |   n/a   n/a   1    0      0    0    0   0%  81.9M    n/a  n/a
   1   4f |   7 1.0   13   9.6M  109  357  76%    10M |  99.9   n/a   1   27  1.27M    5   16  76%  81.9M    n/a  n/a
   1   50 |   7 1.0   13  10.0M  111  363  76%    10M |  99.9   n/a   1   27  1.77M    7   12  63%  81.9M    n/a  n/a
   1   51 |   7 1.0   13   9.9M  110  299  73%    10M |  99.9   n/a   1   27  1.25M    5   16  76%  81.9M    n/a  n/a
   1   52 |   7 1.0    0      0    0    0   0%    10M |   n/a   n/a   1    0      0    0    0   0%  81.9M    n/a  n/a
   1   53 |   7 1.0    0      0    0    0   0%    10M |   n/a   n/a   1    0      0    0    0   0%  81.9M    n/a  n/a
   2   54 |   7 1.0   13   9.5M  102  318  75%    10M |  99.9   ovl   1   27  1.49M    6   14  70%  81.9M    75n  n/a
   2   55 |   7 1.0   13   9.3M  106  307  74%    10M |  99.9   ovl   1   27  1.52M    6   14  70%  81.9M  -151n  n/a
   2   56 |   7 1.0   13    10M  123  327  72%    10M |  99.9   ovl   1   27  2.03M    8   14  63%  81.9M    64n  n/a
   2   57 |   7 1.0   13   9.1M  108  334  75%    10M |  99.9   n/a   1   27  1.01M    4   16  80%  81.9M    n/a  n/a
   2   58 |   7 1.0    0      0    0    0   0%    10M |   n/a   n/a   1    0      0    0    0   0%  81.9M    n/a  n/a
   2   59 |   7 1.0   13   9.5M  113  349  75%    10M |  99.9   n/a   1   27  1.77M    7   12  63%  81.9M    n/a  n/a
   2   5a |   7 1.0    0      0    0    0   0%    10M |   n/a   n/a   1    0      0    0    0   0%  81.9M    n/a  n/a
   2   5b |   7 1.0    0      0    0    0   0%    10M |   n/a   n/a   1    0      0    0    0   0%  81.9M    n/a  n/a
   3   5c |   7 1.0   12   6.3M   77  411  84%    10M |  99.9   n/a   1   27   246k    1   11  91%  81.9M    n/a  n/a
   3   5d |   7 1.0   12   7.0M   82  393  82%    10M |  99.9   n/a   1   27  1.00M    4   12  75%  81.9M    n/a  n/a
   3   5e |   7 1.0   12   6.8M   90  409  81%    10M |  99.9   n/a   1   27  3.03M   12   12  50%  81.9M    n/a  n/a
   3   5f |   7 1.0    0      0    0    0   0%    10M |   n/a   n/a   1    0      0    0    0   0%  81.9M    n/a  n/a
   3   60 |   7 1.0   12   6.5M   75  449  85%    10M |  99.9   n/a   1   27  2.04M    8   15  65%  81.9M    n/a  n/a
   3   61 |   7 1.0   12   6.9M   86  451  83%    10M |  99.9   n/a   1   27  2.53M   10   10  50%  81.9M    n/a  n/a
   3   62 |   7 1.0   12   6.9M   85  407  82%    10M |  99.9   n/a   1   27   500k    2   10  83%  81.9M    n/a  n/a
   3   63 |   7 1.0    0      0    0    0   0%    10M |   n/a   n/a   1    0      0    0    0   0%  81.9M    n/a  n/a
   0   44 |   7 1.0   13   8.3M   94  462  83%    10M |  99.9   n/a   1   27   771k    3   14  82%  81.9M    n/a  n/a
   0   45 |   7 1.0   13   6.7M   77  518  87%    10M |  99.9   ovl   1   27  2.53M   10    8  44%  81.9M    -1u  n/a
   0   46 |   7 1.0   13   7.9M   96  468  82%    10M |  99.9   ovl   1   27  2.27M    9    8  47%  81.9M  -351n  n/a
   0   47 |   7 1.0    0      0    0    0   0%    10M |   n/a   n/a   1    0      0    0    0   0%  81.9M    n/a  n/a
   0   48 |   7 1.0   13   7.1M   82  477  85%    10M |  99.9   ovl   1   27   512k    2   11  84%  81.9M    32n  n/a
   0   49 |   7 1.0    0      0    0    0   0%    10M |   n/a   n/a   1    0      0    0    0   0%  81.9M    n/a  n/a
   0   4a |   7 1.0   13   7.5M   85  425  83%    10M |  99.9   n/a   1   27  3.54M   14    9  39%  81.9M    n/a  n/a
   0   4b |   7 1.0   13   7.0M   76  482  86%    10M |  99.9   ovl   1   27  1.52M    6    9  60%  81.9M  -525n  n/a
   1   4c |   7 1.0   13   8.2M   93  321  77%    10M |  99.9   n/a   1   27  1.79M    7   12  63%  81.9M    n/a  n/a
   1   4d |   7 1.0   13   9.3M  102  381  78%    10M |  99.9   n/a   1   27  1.78M    7   10  58%  81.9M    n/a  n/a
   1   4e |   7 1.0    0      0    0    0   0%    10M |   n/a   n/a   1    0      0    0    0   0%  81.9M    n/a  n/a
   1   4f |   7 1.0   13   8.3M   94  387  80%    10M |  99.9   n/a   1   27  2.02M    8    9  52%  81.9M    n/a  n/a
   1   50 |   7 1.0   13   9.3M  100  349  77%    10M |  99.9   n/a   1   27  1.27M    5   12  70%  81.9M    n/a  n/a
   1   51 |   7 1.0   13   9.5M  102  298  74%    10M |  99.9   ovl   1   27  3.27M   13   12  48%  81.9M   462n  n/a
   1   52 |   7 1.0    0      0    0    0   0%    10M |   n/a   n/a   1    0      0    0    0   0%  81.9M    n/a  n/a
   1   53 |   7 1.0    0      0    0    0   0%    10M |   n/a   n/a   1    0      0    0    0   0%  81.9M    n/a  n/a
   2   54 |   7 1.0   13   9.1M  108  389  78%    10M |  99.9   n/a   1   27  1.52M    6   10  62%  81.9M    n/a  n/a
   2   55 |   7 1.0   13   9.0M  112  418  78%    10M |  99.9   n/a   1   27  1.51M    6   10  62%  81.9M    n/a  n/a
   2   56 |   7 1.0   13   8.4M   99  404  80%    10M |  99.9   n/a   1   27  1.77M    7   10  58%  81.9M    n/a  n/a
   2   57 |   7 1.0   13   9.3M  104  366  77%    10M |  99.9   ovl   1   27  2.77M   11   12  52%  81.9M  -660n  n/a
   2   58 |   7 1.0    0      0    0    0   0%    10M |   n/a   n/a   1    0      0    0    0   0%  81.9M    n/a  n/a
   2   59 |   7 1.0   13   8.9M  106  385  78%    10M |  99.9   n/a   1   27  1.02M    4   12  75%  81.9M    n/a  n/a
   2   5a |   7 1.0    0      0    0    0   0%    10M |   n/a   n/a   1    0      0    0    0   0%  81.9M    n/a  n/a
   2   5b |   7 1.0    0      0    0    0   0%    10M |   n/a   n/a   1    0      0    0    0   0%  81.9M    n/a  n/a
   3   5c |   7 1.0   12   8.3M  108  396  78%    10M |  99.9   ovl   1   27  2.28M    9   11  55%  81.9M    -2n  n/a
   3   5d |   7 1.0   12   8.5M   97  385  79%    10M |  99.9   ovl   1   27  2.00M    8    8  50%  81.9M    -3n  n/a
   3   5e |   7 1.0   13   8.6M  116  338  74%    10M |  99.9   ovl   1   27  3.55M   14    9  39%  81.9M   155n  n/a
   3   5f |   7 1.0    0      0    0    0   0%    10M |   n/a   n/a   1    0      0    0    0   0%  81.9M    n/a  n/a
   3   60 |   7 1.0   12   8.1M  105  298  73%    10M |  99.9   n/a   1   27  3.06M   12   10  45%  81.9M    n/a  n/a
   3   61 |   7 1.0   13   8.4M  101  404  80%    10M |  99.9   ovl   1   27  2.54M   10   12  54%  81.9M   766n  n/a
   3   62 |   7 1.0   12   8.8M  114  339  74%    10M |  99.9   ovl   1   27  1.02M    4    9  69%  81.9M   155n  n/a
   3   63 |   7 1.0    0      0    0    0   0%    10M |   n/a   n/a   1    0      0    0    0   0%  81.9M    n/a  n/a
   0   44 |   7 1.0   13   4.7M   50  590  92%    10M |  99.9   n/a   1   27  1.02M    4   10  71%  81.9M    n/a  n/a
   0   45 |   7 1.0   13   5.0M   58  600  91%    10M |  99.9   n/a   1   27   504k    2    9  81%  81.9M    n/a  n/a
   0   46 |   7 1.0   13   4.8M   53  592  91%    10M |  99.9   n/a   1   27  1.01M    4   11  73%  81.9M    n/a  n/a
   0   47 |   7 1.0    0      0    0    0   0%    10M |   n/a   n/a   1    0      0    0    0   0%  81.9M    n/a  n/a
   0   48 |   7 1.0   13   4.9M   59  584  90%    10M |  99.9   n/a   1   27   762k    3    9  75%  81.9M    n/a  n/a
   0   49 |   7 1.0    0      0    0    0   0%    10M |   n/a   n/a   1    0      0    0    0   0%  81.9M    n/a  n/a
   0   4a |   7 1.0   13   5.3M   60  581  90%    10M |  99.9   ovl   1   27  1.26M    5   11  68%  81.9M  -895n  n/a
   0   4b |   7 1.0   13   5.4M   64  560  89%    10M |  99.9   n/a   1   27  1.27M    5    9  64%  81.9M    n/a  n/a
   1   4c |   7 1.0   13   9.3M   99  367  78%    10M |  99.9   n/a   1   27  1.26M    5   12  70%  81.9M    n/a  n/a
   1   4d |   7 1.0   13    10M  116  319  73%    10M |  99.9   ovl   1   27  3.78M   15   12  44%  81.9M  -305n  n/a
   1   4e |   7 1.0    0      0    0    0   0%    10M |   n/a   n/a   1    0      0    0    0   0%  81.9M    n/a  n/a
   1   4f |   7 1.0   13    11M  117  357  75%    10M |  99.9   ovl   1   27  4.59M   18   12  40%  81.9M   -49n  n/a
   1   50 |   7 1.0   13    10M  114  302  72%    10M |  99.9   n/a   1   27   766k    3   12  80%  81.9M    n/a  n/a
   1   51 |   7 1.0   13    11M  130  350  72%    10M |  99.9   ovl   1   27  4.00M   16   10  38%  81.9M   513n  n/a
   1   52 |   7 1.0    0      0    0    0   0%    10M |   n/a   n/a   1    0      0    0    0   0%  81.9M    n/a  n/a
   1   53 |   7 1.0    0      0    0    0   0%    10M |   n/a   n/a   1    0      0    0    0   0%  81.9M    n/a  n/a
   2   54 |   7 1.0   13   7.5M   87  441  83%    10M |  99.9   n/a   1   27  1.51M    6   12  66%  81.9M    n/a  n/a
   2   55 |   7 1.0   13   8.9M  109  367  77%    10M |  99.9   n/a   1   27   762k    3   12  80%  81.9M    n/a  n/a
   2   56 |   7 1.0   13   9.3M  110  339  75%    10M |  99.9   n/a   1   27  3.00M   12   12  50%  81.9M    n/a  n/a
   2   57 |   7 1.0   13   8.6M  104  389  78%    10M |  99.9   ovl   1   27  3.83M   15   10  40%  81.9M   372n  n/a
   2   58 |   7 1.0    0      0    0    0   0%    10M |   n/a   n/a   1    0      0    0    0   0%  81.9M    n/a  n/a
   2   59 |   7 1.0   13   8.3M  100  377  79%    10M |  99.9   n/a   1   27  1.00M    4   12  75%  81.9M    n/a  n/a
   2   5a |   7 1.0    0      0    0    0   0%    10M |   n/a   n/a   1    0      0    0    0   0%  81.9M    n/a  n/a
   2   5b |   7 1.0    0      0    0    0   0%    10M |   n/a   n/a   1    0      0    0    0   0%  81.9M    n/a  n/a

          |--------------------DL---------------------|-------------------------------UL-----------------------------
 pci rnti | cqi  ri  mcs  brate   ok  nok  (%)  dl_bs | pusch  rsrp  ri  mcs  brate   ok  nok  (%)    bsr     ta  phr
   3   5c |   7 1.0   13   7.1M   69  467  87%    10M |  99.9   n/a   1   27  1.52M    6   11  64%  81.9M    n/a  n/a
   3   5d |   7 1.0   13   7.1M   75  480  86%    10M |  99.9   n/a   1   27  1.02M    4    9  69%  81.9M    n/a  n/a
   3   5e |   7 1.0   13   6.9M   71  502  87%    10M |  99.9   ovl   1   27  1.00M    4   10  71%  81.9M   155n  n/a
   3   5f |   7 1.0    0      0    0    0   0%    10M |   n/a   n/a   1    0      0    0    0   0%  81.9M    n/a  n/a
   3   60 |   7 1.0   13   6.7M   83  507  85%    10M |  99.9   ovl   1   27  1.29M    5   10  66%  81.9M   155n  n/a
   3   61 |   7 1.0   13   6.9M   75  473  86%    10M |  99.9   ovl   1   27  1.77M    7    9  56%  81.9M   765n  n/a
   3   62 |   7 1.0   13   6.8M   79  519  86%    10M |  99.9   ovl   1   27  1.49M    6   11  64%  81.9M   765n  n/a
   3   63 |   7 1.0    0      0    0    0   0%    10M |   n/a   n/a   1    0      0    0    0   0%  81.9M    n/a  n/a
   0   44 |   7 1.0   13    10M  110  319  74%    10M |  99.9   ovl   1   27  2.78M   11    9  45%  81.9M  -734n  n/a
   0   45 |   7 1.0   13   9.8M  104  358  77%    10M |  99.9   ovl   1   27  3.82M   15    9  37%  81.9M    32n  n/a
   0   46 |   7 1.0   13    11M  117  314  72%    10M |  99.9   ovl   1   27  2.29M    9   10  52%  81.9M  -229n  n/a
   0   47 |   7 1.0    0      0    0    0   0%    10M |   n/a   n/a   1    0      0    0    0   0%  81.9M    n/a  n/a
   0   48 |   7 1.0   13  10.0M  110  360  76%    10M |  99.9   ovl   1   27  2.52M   10   10  50%  81.9M  -895n  n/a
   0   49 |   7 1.0    0      0    0    0   0%    10M |   n/a   n/a   1    0      0    0    0   0%  81.9M    n/a  n/a
   0   4a |   7 1.0   13    10M  111  314  73%    10M |  99.9   ovl   1   27  3.06M   12    8  40%  81.9M   -81n  n/a
   0   4b |   7 1.0   13   9.8M  108  357  76%    10M |  99.9   ovl   1   27  2.80M   11    9  45%  81.9M  -543n  n/a
   1   4c |   7 1.0   13   9.5M  106  354  76%    10M |  99.9   ovl   1   27  3.09M   12   11  47%  81.9M  -151n  n/a
   1   4d |   7 1.0   13    11M  115  301  72%    10M |  99.9   ovl   1   27  2.77M   11    9  45%  81.9M   409n  n/a
   1   4e |   7 1.0    0      0    0    0   0%    10M |   n/a   n/a   1    0      0    0    0   0%  81.9M    n/a  n/a
   1   4f |   7 1.0   13    10M  114  320  73%    10M |  99.9   ovl   1   27  3.82M   15   11  42%  81.9M  -968n  n/a
   1   50 |   7 1.0   13    11M  125  320  71%    10M |  99.9   n/a   1   27  1.52M    6   12  66%  81.9M    n/a  n/a
   1   51 |   7 1.0   13    10M  124  376  75%    10M |  99.9   n/a   1   27  2.75M   11   12  52%  81.9M    n/a  n/a
   1   52 |   7 1.0    0      0    0    0   0%    10M |   n/a   n/a   1    0      0    0    0   0%  81.9M    n/a  n/a
   1   53 |   7 1.0    0      0    0    0   0%    10M |   n/a   n/a   1    0      0    0    0   0%  81.9M    n/a  n/a
   2   54 |   7 1.0   13   9.1M   97  452  82%    10M |  99.9   n/a   1   27  1.78M    7   12  63%  81.9M    n/a  n/a
   2   55 |   7 1.0   13   8.9M   90  446  83%    10M |  99.9   n/a   1   27  1.28M    5   12  70%  81.9M    n/a  n/a
   2   56 |   7 1.0   13   9.0M  100  461  82%    10M |  99.9   ovl   1   27  2.00M    8   12  60%  81.9M   846n  n/a
   2   57 |   7 1.0   13   9.6M  105  420  80%    10M |  99.9   ovl   1   27  2.80M   11    9  45%  81.9M    75n  n/a
   2   58 |   7 1.0    0      0    0    0   0%    10M |   n/a   n/a   1    0      0    0    0   0%  81.9M    n/a  n/a
   2   59 |   7 1.0   13   9.0M  100  488  82%    10M |  99.9   n/a   1   27  1.01M    4   12  75%  81.9M    n/a  n/a
   2   5a |   7 1.0    0      0    0    0   0%    10M |   n/a   n/a   1    0      0    0    0   0%  81.9M    n/a  n/a
   2   5b |   7 1.0    0      0    0    0   0%    10M |   n/a   n/a   1    0      0    0    0   0%  81.9M    n/a  n/a
   3   5c |   7 1.0   13   7.3M   82  507  86%    10M |  99.9   n/a   1   27   988k    4    7  63%  81.9M    n/a  n/a
   3   5d |   7 1.0   13   6.8M   78  551  87%    10M |  99.9   n/a   1   27  1.76M    7    9  56%  81.9M    n/a  n/a
   3   5e |   7 1.0   13   6.8M   81  501  86%    10M |  99.9   n/a   1   27  1.50M    6   10  62%  81.9M    n/a  n/a
   3   5f |   7 1.0    0      0    0    0   0%    10M |   n/a   n/a   1    0      0    0    0   0%  81.9M    n/a  n/a
   3   60 |   7 1.0   13   6.6M   71  507  87%    10M |  99.9   n/a   1   27   746k    3   14  82%  81.9M    n/a  n/a
   3   61 |   7 1.0   13   6.9M   83  497  85%    10M |  99.9   n/a   1   27  1.52M    6   11  64%  81.9M    n/a  n/a
   3   62 |   7 1.0   13   7.3M   91  488  84%    10M |  99.9   n/a   1   27  1.27M    5    9  64%  81.9M    n/a  n/a
   3   63 |   7 1.0    0      0    0    0   0%    10M |   n/a   n/a   1    0      0    0    0   0%  81.9M    n/a  n/a
   0   44 |   7 1.0   13   6.7M   80  497  86%    10M |  99.9   ovl   1   27  2.03M    8   11  57%  81.9M   438n  n/a
   0   45 |   7 1.0   13   6.9M   83  460  84%    10M |  99.9   ovl   1   27  2.31M    9    9  50%  81.9M    32n  n/a
   0   46 |   7 1.0   13   7.5M   84  396  82%    10M |  99.9   ovl   1   27  2.54M   10   10  50%  81.9M  -613n  n/a
   0   47 |   7 1.0    0      0    0    0   0%    10M |   n/a   n/a   1    0      0    0    0   0%  81.9M    n/a  n/a
   0   48 |   7 1.0   13   7.4M   81  381  82%    10M |  99.9   ovl   1   27  3.06M   12    8  40%  81.9M  -432n  n/a
   0   49 |   7 1.0    0      0    0    0   0%    10M |   n/a   n/a   1    0      0    0    0   0%  81.9M    n/a  n/a
   0   4a |   7 1.0   13   7.1M   67  401  85%    10M |  99.9   ovl   1   27  2.82M   11    9  45%  81.9M  -734n  n/a
   0   4b |   7 1.0   13   6.5M   70  430  86%    10M |  99.9   ovl   1   27  2.57M   10    8  44%  81.9M  -142n  n/a
   1   4c |   7 1.0   13   9.3M  109  333  75%    10M |  99.9   ovl   1   27  4.54M   18   11  37%  81.9M    61n  n/a
   1   4d |   7 1.0   13    10M  120  304  71%    10M |  99.9   n/a   1   27  1.53M    6   12  66%  81.9M    n/a  n/a
   1   4e |   7 1.0    0      0    0    0   0%    10M |   n/a   n/a   1    0      0    0    0   0%  81.9M    n/a  n/a
   1   4f |   7 1.0   14    11M  119  306  72%    10M |  99.9   ovl   1   27  2.27M    9   11  55%  81.9M   386n  n/a
   1   50 |   7 1.0   14    10M  115  342  74%    10M |  99.9   n/a   1   27  1.52M    6   12  66%  81.9M    n/a  n/a
   1   51 |   7 1.0   14    11M  111  297  72%    10M |  99.9   n/a   1   27  1.76M    7   12  63%  81.9M    n/a  n/a
   1   52 |   7 1.0    0      0    0    0   0%    10M |   n/a   n/a   1    0      0    0    0   0%  81.9M    n/a  n/a
   1   53 |   7 1.0    0      0    0    0   0%    10M |   n/a   n/a   1    0      0    0    0   0%  81.9M    n/a  n/a
   2   54 |   7 1.0   13   7.0M   86  568  86%    10M |  99.9   ovl   1   27  1.51M    6   12  66%  81.9M   -79n  n/a
   2   55 |   7 1.0   13   6.9M   75  595  88%    10M |  99.9   n/a   1   27  1.51M    6   12  66%  81.9M    n/a  n/a
   2   56 |   7 1.0   13   7.2M   78  577  88%    10M |  99.9   n/a   1   27  1.77M    7   12  63%  81.9M    n/a  n/a
   2   57 |   7 1.0   13   7.2M   81  576  87%    10M |  99.9   n/a   1   27  1.26M    5   12  70%  81.9M    n/a  n/a
   2   58 |   7 1.0    0      0    0    0   0%    10M |   n/a   n/a   1    0      0    0    0   0%  81.9M    n/a  n/a
   2   59 |   7 1.0   13   7.5M   82  567  87%    10M |  99.9   n/a   1   27  1.27M    5   12  70%  81.9M    n/a  n/a
   2   5a |   7 1.0    0      0    0    0   0%    10M |   n/a   n/a   1    0      0    0    0   0%  81.9M    n/a  n/a
   2   5b |   7 1.0    0      0    0    0   0%    10M |   n/a   n/a   1    0      0    0    0   0%  81.9M    n/a  n/a
   3   5c |   7 1.0   13   7.2M   74  424  85%    10M |  99.9   n/a   1   27  1.25M    5   12  70%  81.9M    n/a  n/a
   3   5d |   7 1.0   13   7.4M   85  431  83%    10M |  99.9   ovl   1   27  2.24M    9   10  52%  81.9M   -39n  n/a
   3   5e |   7 1.0   13   7.6M   88  406  82%    10M |  99.9   ovl   1   27  1.53M    6   10  62%  81.9M   155n  n/a
   3   5f |   7 1.0    0      0    0    0   0%    10M |   n/a   n/a   1    0      0    0    0   0%  81.9M    n/a  n/a
   3   60 |   7 1.0   13   7.6M   85  438  83%    10M |  99.9   ovl   1   27  1.54M    6    6  50%  81.9M   693n  n/a
   3   61 |   7 1.0   13   7.6M   90  461  83%    10M |  99.9   ovl   1   27  2.28M    9   10  52%  81.9M   205n  n/a
   3   62 |   7 1.0   13   7.6M   99  478  82%    10M |  99.9   n/a   1   27  1.26M    5    7  58%  81.9M    n/a  n/a
   3   63 |   7 1.0    0      0    0    0   0%    10M |   n/a   n/a   1    0      0    0    0   0%  81.9M    n/a  n/a
   0   44 |   7 1.0   13   9.4M  108  410  79%    10M |  99.9   ovl   1   27  2.04M    8    9  52%  81.9M    32n  n/a
   0   45 |   7 1.0   13   8.5M   93  419  81%    10M |  99.9   n/a   1   27  2.78M   11   10  47%  81.9M    n/a  n/a
   0   46 |   7 1.0   13   9.2M  111  466  80%    10M |  99.9   n/a   1   27  2.27M    9    7  43%  81.9M    n/a  n/a
   0   47 |   7 1.0    0      0    0    0   0%    10M |   n/a   n/a   1    0      0    0    0   0%  81.9M    n/a  n/a
   0   48 |   7 1.0   13   8.7M   97  404  80%    10M |  99.9   ovl   1   27  2.27M    9   11  55%  81.9M    -1u  n/a
   0   49 |   7 1.0    0      0    0    0   0%    10M |   n/a   n/a   1    0      0    0    0   0%  81.9M    n/a  n/a
   0   4a |   7 1.0   13   8.7M   89  374  80%    10M |  99.9   n/a   1   27  1.78M    7    9  56%  81.9M    n/a  n/a
   0   4b |   7 1.0   13   8.5M   98  462  82%    10M |  99.9   n/a   1   27  2.02M    8   14  63%  81.9M    n/a  n/a
   1   4c |   7 1.0   13   8.9M  101  343  77%    10M |  99.9   n/a   1   27  1.76M    7   12  63%  81.9M    n/a  n/a
   1   4d |   7 1.0   14   9.0M  103  360  77%    10M |  99.9   n/a   1   27   754k    3   15  83%  81.9M    n/a  n/a
   1   4e |   7 1.0    0      0    0    0   0%    10M |   n/a   n/a   1    0      0    0    0   0%  81.9M    n/a  n/a
   1   4f |   7 1.0   14   9.0M  101  300  74%    10M |  99.9   n/a   1   27  2.02M    8   15  65%  81.9M    n/a  n/a
   1   50 |   7 1.0   14   8.8M   94  321  77%    10M |  99.9   ovl   1   27  1.27M    5   13  72%  81.9M  -968n  n/a
   1   51 |   7 1.0   14   9.0M   94  283  75%    10M |  99.9   n/a   1   27  1.77M    7   12  63%  81.9M    n/a  n/a
   1   52 |   7 1.0    0      0    0    0   0%    10M |   n/a   n/a   1    0      0    0    0   0%  81.9M    n/a  n/a
   1   53 |   7 1.0    0      0    0    0   0%    10M |   n/a   n/a   1    0      0    0    0   0%  81.9M    n/a  n/a

          |--------------------DL---------------------|-------------------------------UL-----------------------------
 pci rnti | cqi  ri  mcs  brate   ok  nok  (%)  dl_bs | pusch  rsrp  ri  mcs  brate   ok  nok  (%)    bsr     ta  phr
   2   54 |   7 1.0   14   9.4M  100  497  83%    10M |  99.9   n/a   1   27   996k    4   16  80%  81.9M    n/a  n/a
   2   55 |   7 1.0   14   9.5M   96  408  80%    10M |  99.9   ovl   1   27  1.51M    6   12  66%  81.9M  -293n  n/a
   2   56 |   7 1.0   14   9.9M   98  395  80%    10M |  99.9   ovl   1   27  2.30M    9   12  57%  81.9M   294n  n/a
   2   57 |   7 1.0   14   9.7M   91  397  81%    10M |  99.9   n/a   1   27  1.01M    4   15  78%  81.9M    n/a  n/a
   2   58 |   7 1.0    0      0    0    0   0%    10M |   n/a   n/a   1    0      0    0    0   0%  81.9M    n/a  n/a
   2   59 |   7 1.0   14   9.8M   94  425  81%    10M |  99.9   ovl   1   27  1.77M    7   12  63%  81.9M    30n  n/a
   2   5a |   7 1.0    0      0    0    0   0%    10M |   n/a   n/a   1    0      0    0    0   0%  81.9M    n/a  n/a
   2   5b |   7 1.0    0      0    0    0   0%    10M |   n/a   n/a   1    0      0    0    0   0%  81.9M    n/a  n/a
   3   5c |   7 1.0   13   7.5M   79  516  86%    10M |  99.9   ovl   1   27  2.29M    9    9  50%  81.9M   693n  n/a
   3   5d |   7 1.0   13   6.3M   71  597  89%    10M |  99.9   ovl   1   27  1.29M    5    8  61%  81.9M   155n  n/a
   3   5e |   7 1.0   13   7.5M   82  503  85%    10M |  99.9   n/a   1   27  2.27M    9   12  57%  81.9M    n/a  n/a
   3   5f |   7 1.0    0      0    0    0   0%    10M |   n/a   n/a   1    0      0    0    0   0%  81.9M    n/a  n/a
   3   60 |   7 1.0   13   6.6M   72  506  87%    10M |  99.9   ovl   1   27  1.01M    4   13  76%  81.9M   155n  n/a
   3   61 |   7 1.0   13   6.7M   75  553  88%    10M |  99.9   n/a   1   27  1.01M    4   11  73%  81.9M    n/a  n/a
   3   62 |   7 1.0   13   7.3M   79  520  86%    10M |  99.9   n/a   1   27  1.28M    5   12  70%  81.9M    n/a  n/a
   3   63 |   7 1.0    0      0    0    0   0%    10M |   n/a   n/a   1    0      0    0    0   0%  81.9M    n/a  n/a
   0   44 |   7 1.0   13   8.8M  108  403  78%    10M |  99.9   n/a   1   27  2.02M    8   11  57%  81.9M    n/a  n/a
   0   45 |   7 1.0   13   8.3M   98  399  80%    10M |  99.9   n/a   1   27  1.00M    4   11  73%  81.9M    n/a  n/a
   0   46 |   7 1.0   13   9.0M   96  320  76%    10M |  99.9   ovl   1   27  1.77M    7    8  53%  81.9M   438n  n/a
   0   47 |   7 1.0    0      0    0    0   0%    10M |   n/a   n/a   1    0      0    0    0   0%  81.9M    n/a  n/a
   0   48 |   7 1.0   13   8.5M   91  409  81%    10M |  99.9   n/a   1   27  2.01M    8   10  55%  81.9M    n/a  n/a
   0   49 |   7 1.0    0      0    0    0   0%    10M |   n/a   n/a   1    0      0    0    0   0%  81.9M    n/a  n/a
   0   4a |   7 1.0   13   8.6M   93  387  80%    10M |  99.9   n/a   1   27  1.53M    6   12  66%  81.9M    n/a  n/a
   0   4b |   7 1.0   13   8.3M   89  360  80%    10M |  99.9   n/a   1   27  1.27M    5    8  61%  81.9M    n/a  n/a
   1   4c |   7 1.0   14   8.2M   88  393  81%    10M |  99.9   ovl   1   27  1.77M    7   12  63%  81.9M   164n  n/a
   1   4d |   7 1.0   14   8.4M   98  369  79%    10M |  99.9   n/a   1   27  1.27M    5   13  72%  81.9M    n/a  n/a
   1   4e |   7 1.0    0      0    0    0   0%    10M |   n/a   n/a   1    0      0    0    0   0%  81.9M    n/a  n/a
   1   4f |   7 1.0   14   8.9M   98  347  77%    10M |  99.9   ovl   1   27  1.02M    4   12  75%  81.9M  -968n  n/a
   1   50 |   7 1.0   14   8.1M  101  386  79%    10M |  99.9   n/a   1   27  1.01M    4   14  77%  81.9M    n/a  n/a
   1   51 |   7 1.0   14   8.9M  101  424  80%    10M |  99.9   n/a   1   27  1.26M    5   12  70%  81.9M    n/a  n/a
   1   52 |   7 1.0    0      0    0    0   0%    10M |   n/a   n/a   1    0      0    0    0   0%  81.9M    n/a  n/a
   1   53 |   7 1.0    0      0    0    0   0%    10M |   n/a   n/a   1    0      0    0    0   0%  81.9M    n/a  n/a
   2   54 |   7 1.0   14   9.0M   91  452  83%    10M |  99.9   ovl   1   27  1.52M    6   12  66%  81.9M  -659n  n/a
   2   55 |   7 1.0   14   9.0M   87  442  83%    10M |  99.9   n/a   1   27   512k    2   15  88%  81.9M    n/a  n/a
   2   56 |   7 1.0   14   8.7M   93  395  80%    10M |  99.9   ovl   1   27  2.26M    9   12  57%  81.9M  -245n  n/a
   2   57 |   7 1.0   14   8.8M   95  397  80%    10M |  99.9   n/a   1   27  1.26M    5   13  72%  81.9M    n/a  n/a
   2   58 |   7 1.0    0      0    0    0   0%    10M |   n/a   n/a   1    0      0    0    0   0%  81.9M    n/a  n/a
   2   59 |   7 1.0   14   9.4M  100  433  81%    10M |  99.9   ovl   1   27  1.78M    7   13  65%  81.9M    69n  n/a
   2   5a |   7 1.0    0      0    0    0   0%    10M |   n/a   n/a   1    0      0    0    0   0%  81.9M    n/a  n/a
   2   5b |   7 1.0    0      0    0    0   0%    10M |   n/a   n/a   1    0      0    0    0   0%  81.9M    n/a  n/a
   3   5c |   7 1.0   13   6.9M   83  510  86%    10M |  99.9   n/a   1   27  1.28M    5   10  66%  81.9M    n/a  n/a
   3   5d |   7 1.0   13   6.4M   76  579  88%    10M |  99.9   n/a   1   27   738k    3   11  78%  81.9M    n/a  n/a
   3   5e |   7 1.0   13   7.1M   73  555  88%    10M |  99.9   n/a   1   27  1.51M    6   10  62%  81.9M    n/a  n/a
   3   5f |   7 1.0    0      0    0    0   0%    10M |   n/a   n/a   1    0      0    0    0   0%  81.9M    n/a  n/a
   3   60 |   7 1.0   13   6.7M   83  512  86%    10M |  99.9   n/a   1   27   758k    3   11  78%  81.9M    n/a  n/a
   3   61 |   7 1.0   13   6.5M   78  577  88%    10M |  99.9   ovl   1   27   746k    3   10  76%  81.9M   693n  n/a
   3   62 |   7 1.0   13   6.6M   68  533  88%    10M |  99.9   n/a   1   27  1.50M    6    8  57%  81.9M    n/a  n/a
   3   63 |   7 1.0    0      0    0    0   0%    10M |   n/a   n/a   1    0      0    0    0   0%  81.9M    n/a  n/a
   0   44 |   7 1.0   14   8.7M   87  496  85%    10M |  99.9   n/a   1   27  1.52M    6    7  53%  81.9M    n/a  n/a
   0   45 |   7 1.0   14   8.4M   81  487  85%    10M |  99.9   n/a   1   27  1.77M    7   11  61%  81.9M    n/a  n/a
   0   46 |   7 1.0   13   8.6M   87  456  83%    10M |  99.9   n/a   1   27  2.00M    8   11  57%  81.9M    n/a  n/a
   0   47 |   7 1.0    0      0    0    0   0%    10M |   n/a   n/a   1    0      0    0    0   0%  81.9M    n/a  n/a
   0   48 |   7 1.0   13   8.6M   87  440  83%    10M |  99.9   n/a   1   27  2.78M   11   13  54%  81.9M    n/a  n/a
   0   49 |   7 1.0    0      0    0    0   0%    10M |   n/a   n/a   1    0      0    0    0   0%  81.9M    n/a  n/a
   0   4a |   7 1.0   13   8.8M   97  434  81%    10M |  99.9   n/a   1   27  1.28M    5    9  64%  81.9M    n/a  n/a
   0   4b |   7 1.0   14   8.0M   77  504  86%    10M |  99.9   n/a   1   27  1.02M    4   10  71%  81.9M    n/a  n/a
   1   4c |   7 1.0   14   7.4M   91  399  81%    10M |  99.9   ovl   1   27   754k    3   16  84%  81.9M  -242n  n/a
   1   4d |   7 1.0   14   7.5M   93  363  79%    10M |  99.9   n/a   1   27   250k    1   12  92%  81.9M    n/a  n/a
   1   4e |   7 1.0    0      0    0    0   0%    10M |   n/a   n/a   1    0      0    0    0   0%  81.9M    n/a  n/a
   1   4f |   7 1.0   14   8.1M   95  353  78%    10M |  99.9   n/a   1   27  1.26M    5   12  70%  81.9M    n/a  n/a
   1   50 |   7 1.0   14   7.5M   95  365  79%    10M |   n/a   n/a   1   27      0    0   13 100%  81.9M    n/a  n/a
   1   51 |   7 1.0   14   8.2M  100  378  79%    10M |  99.9   n/a   1   27  1.52M    6   12  66%  81.9M    n/a  n/a
   1   52 |   7 1.0    0      0    0    0   0%    10M |   n/a   n/a   1    0      0    0    0   0%  81.9M    n/a  n/a
   1   53 |   7 1.0    0      0    0    0   0%    10M |   n/a   n/a   1    0      0    0    0   0%  81.9M    n/a  n/a
   2   54 |   7 1.0   14   7.7M   89  423  82%    10M |  99.9   ovl   1   27  1.01M    4   12  75%  81.9M  -660n  n/a
   2   55 |   7 1.0   14   8.3M   83  452  84%    10M |  99.9   ovl   1   27   521k    2   13  86%  81.9M    64n  n/a
   2   56 |   7 1.0   14   9.0M   98  451  82%    10M |  99.9   ovl   1   27  3.03M   12   15  55%  81.9M   -68n  n/a
   2   57 |   7 1.0   14   7.7M   71  442  86%    10M |  99.9   n/a   1   27   246k    1   12  92%  81.9M    n/a  n/a
   2   58 |   7 1.0    0      0    0    0   0%    10M |   n/a   n/a   1    0      0    0    0   0%  81.9M    n/a  n/a
   2   59 |   7 1.0   14   8.4M   86  445  83%    10M |  99.9   ovl   1   27  2.28M    9   15  62%  81.9M   338n  n/a
   2   5a |   7 1.0    0      0    0    0   0%    10M |   n/a   n/a   1    0      0    0    0   0%  81.9M    n/a  n/a
   2   5b |   7 1.0    0      0    0    0   0%    10M |   n/a   n/a   1    0      0    0    0   0%  81.9M    n/a  n/a
   3   5c |   7 1.0   13   8.5M   92  448  82%    10M |  99.9   n/a   1   27  1.51M    6    7  53%  81.9M    n/a  n/a
   3   5d |   7 1.0   13   8.2M   87  479  84%    10M |  99.9   n/a   1   27  1.26M    5   11  68%  81.9M    n/a  n/a
   3   5e |   7 1.0   13   8.5M   89  445  83%    10M |  99.9   n/a   1   27  1.77M    7   15  68%  81.9M    n/a  n/a
   3   5f |   7 1.0    0      0    0    0   0%    10M |   n/a   n/a   1    0      0    0    0   0%  81.9M    n/a  n/a
   3   60 |   7 1.0   13   7.5M   82  523  86%    10M |  99.9   n/a   1   27  2.30M    9    9  50%  81.9M    n/a  n/a
   3   61 |   7 1.0   13   8.1M   90  471  83%    10M |  99.9   n/a   1   27   758k    3   11  78%  81.9M    n/a  n/a
   3   62 |   7 1.0   13   8.5M   93  497  84%    10M |  99.9   n/a   1   27  2.02M    8    7  46%  81.9M    n/a  n/a
   3   63 |   7 1.0    0      0    0    0   0%    10M |   n/a   n/a   1    0      0    0    0   0%  81.9M    n/a  n/a
   0   44 |   7 1.0   14   7.2M   76  510  87%    10M |  99.9   n/a   1   27  1.00M    4   12  75%  81.9M    n/a  n/a
   0   45 |   7 1.0   14   6.9M   68  515  88%    10M |  99.9   n/a   1   27  1.50M    6   13  68%  81.9M    n/a  n/a
   0   46 |   7 1.0   14   7.0M   71  519  87%    10M |  99.9   n/a   1   27   767k    3    9  75%  81.9M    n/a  n/a
   0   47 |   7 1.0    0      0    0    0   0%    10M |   n/a   n/a   1    0      0    0    0   0%  81.9M    n/a  n/a
   0   48 |   7 1.0   14   7.4M   77  596  88%    10M |  99.9   n/a   1   27   754k    3    8  72%  81.9M    n/a  n/a
   0   49 |   7 1.0    0      0    0    0   0%    10M |   n/a   n/a   1    0      0    0    0   0%  81.9M    n/a  n/a
   0   4a |   7 1.0   14   6.9M   69  517  88%    10M |  99.9   n/a   1   27   996k    4   14  77%  81.9M    n/a  n/a
   0   4b |   7 1.0   14   7.1M   79  538  87%    10M |  99.9   n/a   1   27  1.28M    5   13  72%  81.9M    n/a  n/a

          |--------------------DL---------------------|-------------------------------UL-----------------------------
 pci rnti | cqi  ri  mcs  brate   ok  nok  (%)  dl_bs | pusch  rsrp  ri  mcs  brate   ok  nok  (%)    bsr     ta  phr
   1   4c |   7 1.0   14    10M  113  276  70%    10M |  99.9   n/a   1   27  1.02M    4   12  75%  81.9M    n/a  n/a
   1   4d |   7 1.0   14   9.0M   99  325  76%    10M |  99.9   ovl   1   27  3.04M   12   12  50%  81.9M   409n  n/a
   1   4e |   7 1.0    0      0    0    0   0%    10M |   n/a   n/a   1    0      0    0    0   0%  81.9M    n/a  n/a
   1   4f |   7 1.0   14   9.7M   98  337  77%    10M |  99.9   ovl   1   27  3.08M   12   11  47%  81.9M  -968n  n/a
   1   50 |   7 1.0   14   9.7M   98  348  78%    10M |  99.9   n/a   1   27  1.77M    7   12  63%  81.9M    n/a  n/a
   1   51 |   7 1.0   14   8.9M  102  325  76%    10M |  99.9   n/a   1   27   762k    3   15  83%  81.9M    n/a  n/a
   1   52 |   7 1.0    0      0    0    0   0%    10M |   n/a   n/a   1    0      0    0    0   0%  81.9M    n/a  n/a
   1   53 |   7 1.0    0      0    0    0   0%    10M |   n/a   n/a   1    0      0    0    0   0%  81.9M    n/a  n/a
   2   54 |   7 1.0   14    10M  103  357  77%    10M |  99.9   ovl   1   27  3.78M   15   12  44%  81.9M  -114n  n/a
   2   55 |   7 1.0   14    10M  103  390  79%    10M |  99.9   n/a   1   27  1.52M    6   12  66%  81.9M    n/a  n/a
   2   56 |   7 1.0   14   9.9M  105  364  77%    10M |  99.9   n/a   1   27   246k    1   13  92%  81.9M    n/a  n/a
   2   57 |   7 1.0   14   9.8M  107  352  76%    10M |  99.9   ovl   1   27  2.78M   11   12  52%  81.9M   361n  n/a
   2   58 |   7 1.0    0      0    0    0   0%    10M |   n/a   n/a   1    0      0    0    0   0%  81.9M    n/a  n/a
   2   59 |   7 1.0   14    10M  112  347  75%    10M |  99.9   n/a   1   27  1.02M    4   12  75%  81.9M    n/a  n/a
   2   5a |   7 1.0    0      0    0    0   0%    10M |   n/a   n/a   1    0      0    0    0   0%  81.9M    n/a  n/a
   2   5b |   7 1.0    0      0    0    0   0%    10M |   n/a   n/a   1    0      0    0    0   0%  81.9M    n/a  n/a
   3   5c |   7 1.0   14   9.2M   97  425  81%    10M |  99.9   ovl   1   27  3.04M   12   11  47%  81.9M    58n  n/a
   3   5d |   7 1.0   14   9.1M  102  388  79%    10M |  99.9   ovl   1   27  3.02M   12   11  47%  81.9M   730n  n/a
   3   5e |   7 1.0   14   9.1M  101  474  82%    10M |  99.9   ovl   1   27  1.52M    6    9  60%  81.9M   155n  n/a
   3   5f |   7 1.0    0      0    0    0   0%    10M |   n/a   n/a   1    0      0    0    0   0%  81.9M    n/a  n/a
   3   60 |   7 1.0   13   9.8M  109  336  75%    10M |  99.9   ovl   1   27  2.51M   10    9  47%  81.9M   -39n  n/a
   3   61 |   7 1.0   14   9.4M  108  424  79%    10M |  99.9   ovl   1   27  2.28M    9    9  50%  81.9M   693n  n/a
   3   62 |   7 1.0   14   9.6M  109  409  78%    10M |  99.9   ovl   1   27  1.50M    6    8  57%  81.9M  -771n  n/a
   3   63 |   7 1.0    0      0    0    0   0%    10M |   n/a   n/a   1    0      0    0    0   0%  81.9M    n/a  n/a
   0   44 |   7 1.0   14   8.1M   89  525  85%    10M |  99.9   n/a   1   27  1.25M    5   11  68%  81.9M    n/a  n/a
   0   45 |   7 1.0   14   7.7M   77  524  87%    10M |  99.9   n/a   1   27  2.56M   10   10  50%  81.9M    n/a  n/a
   0   46 |   7 1.0   14   8.2M   80  500  86%    10M |  99.9   n/a   1   27  1.77M    7   16  69%  81.9M    n/a  n/a
   0   47 |   7 1.0    0      0    0    0   0%    10M |   n/a   n/a   1    0      0    0    0   0%  81.9M    n/a  n/a
   0   48 |   7 1.0   14   8.4M   84  445  84%    10M |  99.9   n/a   1   27  2.03M    8   10  55%  81.9M    n/a  n/a
   0   49 |   7 1.0    0      0    0    0   0%    10M |   n/a   n/a   1    0      0    0    0   0%  81.9M    n/a  n/a
   0   4a |   7 1.0   14   8.1M   80  509  86%    10M |  99.9   n/a   1   27  1.02M    4   13  76%  81.9M    n/a  n/a
   0   4b |   7 1.0   14   7.9M   76  457  85%    10M |  99.9   n/a   1   27  1.76M    7   10  58%  81.9M    n/a  n/a
   1   4c |   7 1.0   14    11M  114  302  72%    10M |  99.9   ovl   1   27  3.55M   14   12  46%  81.9M    41n  n/a
   1   4d |   7 1.0   14    12M  123  292  70%    10M |  99.9   ovl   1   27  2.02M    8   12  60%  81.9M   409n  n/a
   1   4e |   7 1.0    0      0    0    0   0%    10M |   n/a   n/a   1    0      0    0    0   0%  81.9M    n/a  n/a
   1   4f |   7 1.0   14    12M  122  297  70%    10M |  99.9   n/a   1   27  1.51M    6   16  72%  81.9M    n/a  n/a
   1   50 |   7 1.0   14    11M  100  288  74%    10M |  99.9   ovl   1   27  2.03M    8   12  60%  81.9M  -431n  n/a
   1   51 |   7 1.0   14    11M  116  315  73%    10M |  99.9   n/a   1   27  2.54M   10   13  56%  81.9M    n/a  n/a
   1   52 |   7 1.0    0      0    0    0   0%    10M |   n/a   n/a   1    0      0    0    0   0%  81.9M    n/a  n/a
   1   53 |   7 1.0    0      0    0    0   0%    10M |   n/a   n/a   1    0      0    0    0   0%  81.9M    n/a  n/a
   2   54 |   7 1.0   14    11M  111  338  75%    10M |  99.9   ovl   1   27  1.02M    4   16  80%  81.9M    64n  n/a
   2   55 |   7 1.0   14    11M  118  379  76%    10M |  99.9   ovl   1   27  2.28M    9   12  57%  81.9M   360n  n/a
   2   56 |   7 1.0   14    12M  120  368  75%    10M |  99.9   ovl   1   27  4.30M   17   12  41%  81.9M   344n  n/a
   2   57 |   7 1.0   14    12M  117  339  74%    10M |  99.9   ovl   1   27  2.27M    9   12  57%  81.9M   606n  n/a
   2   58 |   7 1.0    0      0    0    0   0%    10M |   n/a   n/a   1    0      0    0    0   0%  81.9M    n/a  n/a
   2   59 |   7 1.0   14    11M  119  369  75%    10M |  99.9   ovl   1   27  2.80M   11   12  52%  81.9M    31n  n/a
   2   5a |   7 1.0    0      0    0    0   0%    10M |   n/a   n/a   1    0      0    0    0   0%  81.9M    n/a  n/a
   2   5b |   7 1.0    0      0    0    0   0%    10M |   n/a   n/a   1    0      0    0    0   0%  81.9M    n/a  n/a
   3   5c |   7 1.0   14   8.0M   79  410  83%    10M |  99.9   n/a   1   27  1.27M    5   14  73%  81.9M    n/a  n/a
   3   5d |   7 1.0   14   7.8M   82  427  83%    10M |  99.9   n/a   1   27  2.29M    9   12  57%  81.9M    n/a  n/a
   3   5e |   7 1.0   14   8.1M   80  435  84%    10M |  99.9   n/a   1   27  1.25M    5   14  73%  81.9M    n/a  n/a
   3   5f |   7 1.0    0      0    0    0   0%    10M |   n/a   n/a   1    0      0    0    0   0%  81.9M    n/a  n/a
   3   60 |   7 1.0   14   7.7M   74  471  86%    10M |  99.9   n/a   1   27  1.75M    7   10  58%  81.9M    n/a  n/a
   3   61 |   7 1.0   14   7.7M   82  430  83%    10M |  99.9   n/a   1   27  1.02M    4   15  78%  81.9M    n/a  n/a
   3   62 |   7 1.0   14   7.6M   74  465  86%    10M |  99.9   n/a   1   27  1.28M    5   15  75%  81.9M    n/a  n/a
   3   63 |   7 1.0    0      0    0    0   0%    10M |   n/a   n/a   1    0      0    0    0   0%  81.9M    n/a  n/a
   0   44 |   7 1.0   14   7.0M   76  503  86%    10M |  99.9   n/a   1   27  1.02M    4   10  71%  81.9M    n/a  n/a
   0   45 |   7 1.0   14   6.6M   70  462  86%    10M |  99.9   n/a   1   27  1.26M    5    9  64%  81.9M    n/a  n/a
   0   46 |   7 1.0   14   6.8M   78  518  86%    10M |  99.9   n/a   1   27   758k    3    8  72%  81.9M    n/a  n/a
   0   47 |   7 1.0    0      0    0    0   0%    10M |   n/a   n/a   1    0      0    0    0   0%  81.9M    n/a  n/a
   0   48 |   7 1.0   14   7.0M   71  440  86%    10M |  99.9   n/a   1   27   254k    1   10  90%  81.9M    n/a  n/a
   0   49 |   7 1.0    0      0    0    0   0%    10M |   n/a   n/a   1    0      0    0    0   0%  81.9M    n/a  n/a
   0   4a |   7 1.0   14   5.6M   68  547  88%    10M |  99.9   n/a   1   27   750k    3    9  75%  81.9M    n/a  n/a
   0   4b |   7 1.0   14   6.3M   62  499  88%    10M |  99.9   n/a   1   27   496k    2   11  84%  81.9M    n/a  n/a
   1   4c |   7 1.0   14    11M  123  329  72%    10M |  99.9   ovl   1   27  4.34M   17   10  37%  81.9M  -317n  n/a
   1   4d |   7 1.0   15    12M  122  304  71%    10M |  99.9   n/a   1   27  2.77M   11   11  50%  81.9M    n/a  n/a
   1   4e |   7 1.0    0      0    0    0   0%    10M |   n/a   n/a   1    0      0    0    0   0%  81.9M    n/a  n/a
   1   4f |   7 1.0   15    12M  123  292  70%    10M |  99.9   ovl   1   27  2.02M    8    8  50%  81.9M   409n  n/a
   1   50 |   7 1.0   15    12M  113  281  71%    10M |  99.9   ovl   1   27  4.05M   16   11  40%  81.9M    28n  n/a
   1   51 |   7 1.0   15    12M  123  333  73%    10M |  99.9   ovl   1   27  2.77M   11   12  52%  81.9M   333n  n/a
   1   52 |   7 1.0    0      0    0    0   0%    10M |   n/a   n/a   1    0      0    0    0   0%  81.9M    n/a  n/a
   1   53 |   7 1.0    0      0    0    0   0%    10M |   n/a   n/a   1    0      0    0    0   0%  81.9M    n/a  n/a
   2   54 |   7 1.0   14    10M   96  404  80%    10M |  99.9   ovl   1   27  1.76M    7    8  53%  81.9M  -149n  n/a
   2   55 |   7 1.0   14    11M  107  312  74%    10M |  99.9   ovl   1   27  5.12M   20   10  33%  81.9M   137n  n/a
   2   56 |   7 1.0   15    12M  123  284  69%    10M |  99.9   ovl   1   27  4.54M   18   11  37%  81.9M    67n  n/a
   2   57 |   7 1.0   14    11M  119  361  75%    10M |  99.9   n/a   1   27  1.76M    7   12  63%  81.9M    n/a  n/a
   2   58 |   7 1.0    0      0    0    0   0%    10M |   n/a   n/a   1    0      0    0    0   0%  81.9M    n/a  n/a
   2   59 |   7 1.0   15    12M  108  352  76%    10M |  99.9   ovl   1   27  2.83M   11   11  50%  81.9M    93n  n/a
   2   5a |   7 1.0    0      0    0    0   0%    10M |   n/a   n/a   1    0      0    0    0   0%  81.9M    n/a  n/a
   2   5b |   7 1.0    0      0    0    0   0%    10M |   n/a   n/a   1    0      0    0    0   0%  81.9M    n/a  n/a
   3   5c |   7 1.0   14   9.4M  102  420  80%    10M |  99.9   ovl   1   27  2.54M   10    5  33%  81.9M   765n  n/a
   3   5d |   7 1.0   14   8.7M   89  460  83%    10M |  99.9   ovl   1   27  1.76M    7    7  50%  81.9M   766n  n/a
   3   5e |   7 1.0   14   8.9M   88  464  84%    10M |  99.9   ovl   1   27  1.27M    5    7  58%  81.9M   155n  n/a
   3   5f |   7 1.0    0      0    0    0   0%    10M |   n/a   n/a   1    0      0    0    0   0%  81.9M    n/a  n/a
   3   60 |   7 1.0   14   9.2M   98  435  81%    10M |  99.9   ovl   1   27  2.53M   10    9  47%  81.9M   765n  n/a
   3   61 |   7 1.0   14   8.4M   84  462  84%    10M |  99.9   n/a   1   27  2.27M    9    5  35%  81.9M    n/a  n/a
   3   62 |   7 1.0   14   9.1M   93  415  81%    10M |  99.9   ovl   1   27  2.03M    8    6  42%  81.9M   424n  n/a
   3   63 |   7 1.0    0      0    0    0   0%    10M |   n/a   n/a   1    0      0    0    0   0%  81.9M    n/a  n/a

          |--------------------DL---------------------|-------------------------------UL-----------------------------
 pci rnti | cqi  ri  mcs  brate   ok  nok  (%)  dl_bs | pusch  rsrp  ri  mcs  brate   ok  nok  (%)    bsr     ta  phr
   0   44 |   7 1.0   14   9.8M   98  460  82%    10M |  99.9   n/a   1   27  1.27M    5   11  68%  81.9M    n/a  n/a
   0   45 |   7 1.0   14   9.6M  104  434  80%    10M |  99.9   ovl   1   27  1.29M    5   10  66%  81.9M   438n  n/a
   0   46 |   7 1.0   14   9.8M  109  449  80%    10M |  99.9   ovl   1   27  1.52M    6    9  60%  81.9M  -229n  n/a
   0   47 |   7 1.0    0      0    0    0   0%    10M |   n/a   n/a   1    0      0    0    0   0%  81.9M    n/a  n/a
   0   48 |   7 1.0   14   9.6M   93  460  83%    10M |  99.9   ovl   1   27  1.77M    7   11  61%  81.9M    32n  n/a
   0   49 |   7 1.0    0      0    0    0   0%    10M |   n/a   n/a   1    0      0    0    0   0%  81.9M    n/a  n/a
   0   4a |   7 1.0   14   9.4M   94  479  83%    10M |  99.9   ovl   1   27  2.00M    8   12  60%  81.9M  -543n  n/a
   0   4b |   7 1.0   14   9.5M  107  431  80%    10M |  99.9   ovl   1   27  3.02M   12    9  42%  81.9M  -543n  n/a
   1   4c |   7 1.0   15    13M  119  311  72%    10M |  99.9   ovl   1   27  2.53M   10   14  58%  81.9M   409n  n/a
   1   4d |   7 1.0   15    13M  115  332  74%    10M |  99.9   ovl   1   27  1.51M    6   16  72%  81.9M   655n  n/a
   1   4e |   7 1.0    0      0    0    0   0%    10M |   n/a   n/a   1    0      0    0    0   0%  81.9M    n/a  n/a
   1   4f |   7 1.0   15    12M  102  319  75%    10M |  99.9   ovl   1   27  2.05M    8   16  66%  81.9M  -968n  n/a
   1   50 |   7 1.0   15    12M   99  361  78%    10M |  99.9   n/a   1   27  2.29M    9   16  64%  81.9M    n/a  n/a
   1   51 |   7 1.0   15    12M  110  350  76%    10M |  99.9   ovl   1   27  2.03M    8   13  61%  81.9M   107n  n/a
   1   52 |   7 1.0    0      0    0    0   0%    10M |   n/a   n/a   1    0      0    0    0   0%  81.9M    n/a  n/a
   1   53 |   7 1.0    0      0    0    0   0%    10M |   n/a   n/a   1    0      0    0    0   0%  81.9M    n/a  n/a
   2   54 |   7 1.0   15    12M  109  302  73%    10M |  99.9   n/a   1   27  1.02M    4   16  80%  81.9M    n/a  n/a
   2   55 |   7 1.0   15    12M  112  362  76%    10M |  99.9   n/a   1   27  2.26M    9   16  64%  81.9M    n/a  n/a
   2   56 |   7 1.0   15    12M  114  351  75%    10M |  99.9   ovl   1   27  2.29M    9   13  59%  81.9M   358n  n/a
   2   57 |   7 1.0   15    12M  117  339  74%    10M |  99.9   n/a   1   27  2.01M    8   16  66%  81.9M    n/a  n/a
   2   58 |   7 1.0    0      0    0    0   0%    10M |   n/a   n/a   1    0      0    0    0   0%  81.9M    n/a  n/a
   2   59 |   7 1.0   15    12M  107  294  73%    10M |  99.9   n/a   1   27  2.53M   10   16  61%  81.9M    n/a  n/a
   2   5a |   7 1.0    0      0    0    0   0%    10M |   n/a   n/a   1    0      0    0    0   0%  81.9M    n/a  n/a
   2   5b |   7 1.0    0      0    0    0   0%    10M |   n/a   n/a   1    0      0    0    0   0%  81.9M    n/a  n/a
   3   5c |   7 1.0   14   8.3M   83  447  84%    10M |  99.9   n/a   1   27  1.26M    5   14  73%  81.9M    n/a  n/a
   3   5d |   7 1.0   14   8.0M   85  417  83%    10M |  99.9   n/a   1   27  1.52M    6   13  68%  81.9M    n/a  n/a
   3   5e |   7 1.0   14   7.6M   77  493  86%    10M |  99.9   n/a   1   27  1.50M    6   13  68%  81.9M    n/a  n/a
   3   5f |   7 1.0    0      0    0    0   0%    10M |   n/a   n/a   1    0      0    0    0   0%  81.9M    n/a  n/a
   3   60 |   7 1.0   14   7.8M   81  429  84%    10M |  99.9   ovl   1   27  2.27M    9   14  60%  81.9M   155n  n/a
   3   61 |   7 1.0   14   8.3M   89  424  82%    10M |  99.9   ovl   1   27  1.53M    6   14  70%  81.9M   693n  n/a
   3   62 |   7 1.0   14   8.3M   85  461  84%    10M |  99.9   n/a   1   27  1.77M    7   12  63%  81.9M    n/a  n/a
   3   63 |   7 1.0    0      0    0    0   0%    10M |   n/a   n/a   1    0      0    0    0   0%  81.9M    n/a  n/a
   0   44 |   7 1.0   14   7.5M   74  527  87%    10M |  99.9   n/a   1   27   512k    2   11  84%  81.9M    n/a  n/a
   0   45 |   7 1.0   14   6.4M   66  559  89%    10M |  99.9   ovl   1   27   766k    3    7  70%  81.9M    32n  n/a
   0   46 |   7 1.0   14   7.4M   70  461  86%    10M |  99.9   n/a   1   27  1.25M    5    9  64%  81.9M    n/a  n/a
   0   47 |   7 1.0    0      0    0    0   0%    10M |   n/a   n/a   1    0      0    0    0   0%  81.9M    n/a  n/a
   0   48 |   7 1.0   14   7.0M   74  525  87%    10M |  99.9   n/a   1   27  1.00M    4   10  71%  81.9M    n/a  n/a
   0   49 |   7 1.0    0      0    0    0   0%    10M |   n/a   n/a   1    0      0    0    0   0%  81.9M    n/a  n/a
   0   4a |   7 1.0   14   6.8M   67  577  89%    10M |  99.9   n/a   1   27  1.51M    6   14  70%  81.9M    n/a  n/a
   0   4b |   7 1.0   14   6.5M   67  555  89%    10M |  99.9   n/a   1   27   516k    2    9  81%  81.9M    n/a  n/a
   1   4c |   7 1.0   15   9.7M   94  448  82%    10M |  99.9   n/a   1   27  1.25M    5   14  73%  81.9M    n/a  n/a
   1   4d |   7 1.0   15   9.5M   84  395  82%    10M |  99.9   ovl   1   27  1.27M    5   12  70%  81.9M   900n  n/a
   1   4e |   7 1.0    0      0    0    0   0%    10M |   n/a   n/a   1    0      0    0    0   0%  81.9M    n/a  n/a
   1   4f |   7 1.0   15   9.1M   85  391  82%    10M |  99.9   n/a   1   27  1.77M    7   12  63%  81.9M    n/a  n/a
   1   50 |   7 1.0   15   9.8M   92  419  81%    10M |  99.9   n/a   1   27  1.26M    5   12  70%  81.9M    n/a  n/a
   1   51 |   7 1.0   15   9.3M   92  412  81%    10M |  99.9   n/a   1   27   516k    2   14  87%  81.9M    n/a  n/a
   1   52 |   7 1.0    0      0    0    0   0%    10M |   n/a   n/a   1    0      0    0    0   0%  81.9M    n/a  n/a
   1   53 |   7 1.0    0      0    0    0   0%    10M |   n/a   n/a   1    0      0    0    0   0%  81.9M    n/a  n/a
   2   54 |   7 1.0   15    11M  102  270  72%    10M |  99.9   n/a   1   27  1.76M    7   12  63%  81.9M    n/a  n/a
   2   55 |   7 1.0   15   9.8M   90  310  77%    10M |  99.9   ovl   1   27  1.28M    5   12  70%  81.9M    64n  n/a
   2   56 |   7 1.0   15   9.2M   98  383  79%    10M |  99.9   ovl   1   27  1.26M    5   14  73%  81.9M  -292n  n/a
   2   57 |   7 1.0   15    11M  112  351  75%    10M |  99.9   ovl   1   27  1.77M    7   12  63%  81.9M   846n  n/a
   2   58 |   7 1.0    0      0    0    0   0%    10M |   n/a   n/a   1    0      0    0    0   0%  81.9M    n/a  n/a
   2   59 |   7 1.0   15    11M  111  335  75%    10M |  99.9   ovl   1   27  2.02M    8   12  60%  81.9M    87n  n/a
   2   5a |   7 1.0    0      0    0    0   0%    10M |   n/a   n/a   1    0      0    0    0   0%  81.9M    n/a  n/a
   2   5b |   7 1.0    0      0    0    0   0%    10M |   n/a   n/a   1    0      0    0    0   0%  81.9M    n/a  n/a
   3   5c |   7 1.0   14    10M  110  371  77%    10M |  99.9   n/a   1   27  2.28M    9   11  55%  81.9M    n/a  n/a
   3   5d |   7 1.0   14    10M  111  343  75%    10M |  99.9   n/a   1   27  3.54M   14   10  41%  81.9M    n/a  n/a
   3   5e |   7 1.0   14   9.8M  100  343  77%    10M |  99.9   ovl   1   27  1.76M    7    7  50%  81.9M  -771n  n/a
   3   5f |   7 1.0    0      0    0    0   0%    10M |   n/a   n/a   1    0      0    0    0   0%  81.9M    n/a  n/a
   3   60 |   7 1.0   14   9.3M   96  398  80%    10M |  99.9   n/a   1   27  1.50M    6    7  53%  81.9M    n/a  n/a
   3   61 |   7 1.0   14    10M  110  343  75%    10M |  99.9   n/a   1   27  2.51M   10   13  56%  81.9M    n/a  n/a
   3   62 |   7 1.0   14    10M   95  391  80%    10M |  99.9   n/a   1   27  1.80M    7   11  61%  81.9M    n/a  n/a
   3   63 |   7 1.0    0      0    0    0   0%    10M |   n/a   n/a   1    0      0    0    0   0%  81.9M    n/a  n/a
   0   44 |   7 1.0   14   8.1M   82  484  85%    10M |  99.9   n/a   1   27  1.27M    5   13  72%  81.9M    n/a  n/a
   0   45 |   7 1.0   14   7.8M   71  520  87%    10M |  99.9   n/a   1   27  1.26M    5   11  68%  81.9M    n/a  n/a
   0   46 |   7 1.0   14   8.2M   83  523  86%    10M |  99.9   n/a   1   27  2.32M    9   13  59%  81.9M    n/a  n/a
   0   47 |   7 1.0    0      0    0    0   0%    10M |   n/a   n/a   1    0      0    0    0   0%  81.9M    n/a  n/a
   0   48 |   7 1.0   14   7.9M   83  529  86%    10M |  99.9   n/a   1   27  2.02M    8   13  61%  81.9M    n/a  n/a
   0   49 |   7 1.0    0      0    0    0   0%    10M |   n/a   n/a   1    0      0    0    0   0%  81.9M    n/a  n/a
   0   4a |   7 1.0   14   7.7M   72  523  87%    10M |  99.9   ovl   1   27  1.28M    5   10  66%  81.9M    32n  n/a
   0   4b |   7 1.0   14   8.1M   76  540  87%    10M |  99.9   ovl   1   27  1.01M    4   12  75%  81.9M    -1u  n/a
   1   4c |   7 1.0   15   9.4M   95  408  81%    10M |  99.9   n/a   1   27  1.27M    5   12  70%  81.9M    n/a  n/a
   1   4d |   7 1.0   15   9.8M   99  407  80%    10M |  99.9   ovl   1   27  1.77M    7   12  63%  81.9M  -126n  n/a
   1   4e |   7 1.0    0      0    0    0   0%    10M |   n/a   n/a   1    0      0    0    0   0%  81.9M    n/a  n/a
   1   4f |   7 1.0   15   9.3M   91  386  80%    10M |  99.9   n/a   1   27  1.01M    4   12  75%  81.9M    n/a  n/a
   1   50 |   7 1.0   15   9.3M   96  427  81%    10M |  99.9   ovl   1   27   754k    3   12  80%  81.9M  -968n  n/a
   1   51 |   7 1.0   15    10M   98  421  81%    10M |  99.9   ovl   1   27  1.26M    5   13  72%  81.9M  -279n  n/a
   1   52 |   7 1.0    0      0    0    0   0%    10M |   n/a   n/a   1    0      0    0    0   0%  81.9M    n/a  n/a
   1   53 |   7 1.0    0      0    0    0   0%    10M |   n/a   n/a   1    0      0    0    0   0%  81.9M    n/a  n/a
   2   54 |   7 1.0   15   9.2M   96  380  79%    10M |  99.9   ovl   1   27   762k    3   14  82%  81.9M   184n  n/a
   2   55 |   7 1.0   15   9.5M   99  365  78%    10M |  99.9   n/a   1   27  2.27M    9   12  57%  81.9M    n/a  n/a
   2   56 |   7 1.0   15   9.1M  100  394  79%    10M |  99.9   n/a   1   27   758k    3   13  81%  81.9M    n/a  n/a
   2   57 |   7 1.0   15   8.3M   92  416  81%    10M |  99.9   n/a   1   27   504k    2   12  85%  81.9M    n/a  n/a
   2   58 |   7 1.0    0      0    0    0   0%    10M |   n/a   n/a   1    0      0    0    0   0%  81.9M    n/a  n/a
   2   59 |   7 1.0   15   9.6M   95  336  77%    10M |  99.9   n/a   1   27  1.26M    5   12  70%  81.9M    n/a  n/a
   2   5a |   7 1.0    0      0    0    0   0%    10M |   n/a   n/a   1    0      0    0    0   0%  81.9M    n/a  n/a
   2   5b |   7 1.0    0      0    0    0   0%    10M |   n/a   n/a   1    0      0    0    0   0%  81.9M    n/a  n/a

          |--------------------DL---------------------|-------------------------------UL-----------------------------
 pci rnti | cqi  ri  mcs  brate   ok  nok  (%)  dl_bs | pusch  rsrp  ri  mcs  brate   ok  nok  (%)    bsr     ta  phr
   3   5c |   7 1.0   14   8.5M   79  514  86%    10M |  99.9   ovl   1   27  1.53M    6   10  62%  81.9M   155n  n/a
   3   5d |   7 1.0   14   8.7M   90  474  84%    10M |  99.9   n/a   1   27  1.51M    6    9  60%  81.9M    n/a  n/a
   3   5e |   7 1.0   14   8.4M   80  549  87%    10M |  99.9   n/a   1   27  1.27M    5    9  64%  81.9M    n/a  n/a
   3   5f |   7 1.0    0      0    0    0   0%    10M |   n/a   n/a   1    0      0    0    0   0%  81.9M    n/a  n/a
   3   60 |   7 1.0   14   8.9M   95  475  83%    10M |  99.9   n/a   1   27  1.77M    7   12  63%  81.9M    n/a  n/a
   3   61 |   7 1.0   14   8.8M   85  461  84%    10M |  99.9   n/a   1   27  1.26M    5   10  66%  81.9M    n/a  n/a
   3   62 |   7 1.0   14   8.7M   86  485  84%    10M |  99.9   n/a   1   27  1.49M    6   10  62%  81.9M    n/a  n/a
   3   63 |   7 1.0    0      0    0    0   0%    10M |   n/a   n/a   1    0      0    0    0   0%  81.9M    n/a  n/a
   0   44 |   7 1.0   15   9.1M   82  531  86%    10M |  99.9   n/a   1   27  1.50M    6   12  66%  81.9M    n/a  n/a
   0   45 |   7 1.0   15   8.7M   86  508  85%    10M |  99.9   n/a   1   27  1.51M    6   10  62%  81.9M    n/a  n/a
   0   46 |   7 1.0   15   9.2M   85  508  85%    10M |  99.9   n/a   1   27  1.27M    5   11  68%  81.9M    n/a  n/a
   0   47 |   7 1.0    0      0    0    0   0%    10M |   n/a   n/a   1    0      0    0    0   0%  81.9M    n/a  n/a
   0   48 |   7 1.0   15   8.8M   86  460  84%    10M |  99.9   ovl   1   27  2.53M   10   11  52%  81.9M    32n  n/a
   0   49 |   7 1.0    0      0    0    0   0%    10M |   n/a   n/a   1    0      0    0    0   0%  81.9M    n/a  n/a
   0   4a |   7 1.0   14   8.4M   92  566  86%    10M |  99.9   n/a   1   27  1.52M    6   12  66%  81.9M    n/a  n/a
   0   4b |   7 1.0   15   8.8M   80  480  85%    10M |  99.9   ovl   1   27  2.02M    8   11  57%  81.9M    -1u  n/a
   1   4c |   7 1.0   15    10M   93  356  79%    10M |  99.9   n/a   1   27  1.76M    7   12  63%  81.9M    n/a  n/a
   1   4d |   7 1.0   15    10M   99  314  76%    10M |  99.9   ovl   1   27  2.28M    9   12  57%  81.9M   -75n  n/a
   1   4e |   7 1.0    0      0    0    0   0%    10M |   n/a   n/a   1    0      0    0    0   0%  81.9M    n/a  n/a
   1   4f |   7 1.0   15    10M  102  354  77%    10M |  99.9   n/a   1   27  1.26M    5   13  72%  81.9M    n/a  n/a
   1   50 |   7 1.0   15   9.2M   87  381  81%    10M |  99.9   ovl   1   27  1.02M    4   12  75%  81.9M   106n  n/a
   1   51 |   7 1.0   15    10M   98  386  79%    10M |  99.9   n/a   1   27   775k    3   12  80%  81.9M    n/a  n/a
   1   52 |   7 1.0    0      0    0    0   0%    10M |   n/a   n/a   1    0      0    0    0   0%  81.9M    n/a  n/a
   1   53 |   7 1.0    0      0    0    0   0%    10M |   n/a   n/a   1    0      0    0    0   0%  81.9M    n/a  n/a
   2   54 |   7 1.0   15    11M  107  355  76%    10M |  99.9   ovl   1   27  1.77M    7   14  66%  81.9M   358n  n/a
   2   55 |   7 1.0   15    10M   99  328  76%    10M |  99.9   ovl   1   27  2.51M   10   12  54%  81.9M   846n  n/a
   2   56 |   7 1.0   15    10M   92  351  79%    10M |  99.9   n/a   1   27   762k    3   12  80%  81.9M    n/a  n/a
   2   57 |   7 1.0   15    11M  109  310  73%    10M |  99.9   ovl   1   27  2.28M    9   12  57%  81.9M   135n  n/a
   2   58 |   7 1.0    0      0    0    0   0%    10M |   n/a   n/a   1    0      0    0    0   0%  81.9M    n/a  n/a
   2   59 |   7 1.0   15    10M  108  345  76%    10M |  99.9   n/a   1   27  1.52M    6   12  66%  81.9M    n/a  n/a
   2   5a |   7 1.0    0      0    0    0   0%    10M |   n/a   n/a   1    0      0    0    0   0%  81.9M    n/a  n/a
   2   5b |   7 1.0    0      0    0    0   0%    10M |   n/a   n/a   1    0      0    0    0   0%  81.9M    n/a  n/a
   3   5c |   7 1.0   15   9.3M   90  467  83%    10M |  99.9   ovl   1   27  2.02M    8   10  55%  81.9M  -771n  n/a
   3   5d |   7 1.0   15   9.8M   91  431  82%    10M |  99.9   n/a   1   27  1.01M    4    9  69%  81.9M    n/a  n/a
   3   5e |   7 1.0   14   8.9M   89  461  83%    10M |  99.9   ovl   1   27  2.51M   10   13  56%  81.9M   765n  n/a
   3   5f |   7 1.0    0      0    0    0   0%    10M |   n/a   n/a   1    0      0    0    0   0%  81.9M    n/a  n/a
   3   60 |   7 1.0   14   9.4M   91  422  82%    10M |  99.9   n/a   1   27  1.02M    4    7  63%  81.9M    n/a  n/a
   3   61 |   7 1.0   15   9.4M   82  453  84%    10M |  99.9   n/a   1   27  2.27M    9   14  60%  81.9M    n/a  n/a
   3   62 |   7 1.0   15   9.5M   83  449  84%    10M |  99.9   ovl   1   27  1.78M    7   10  58%  81.9M   461n  n/a
   3   63 |   7 1.0    0      0    0    0   0%    10M |   n/a   n/a   1    0      0    0    0   0%  81.9M    n/a  n/a
   0   44 |   7 1.0   15   8.8M   82  539  86%    10M |  99.9   n/a   1   27  1.51M    6    9  60%  81.9M    n/a  n/a
   0   45 |   7 1.0   15   9.7M   99  463  82%    10M |  99.9   n/a   1   27  1.52M    6   10  62%  81.9M    n/a  n/a
   0   46 |   7 1.0   15   9.1M   91  524  85%    10M |  99.9   n/a   1   27  1.52M    6   11  64%  81.9M    n/a  n/a
   0   47 |   7 1.0    0      0    0    0   0%    10M |   n/a   n/a   1    0      0    0    0   0%  81.9M    n/a  n/a
   0   48 |   7 1.0   15   9.1M   91  535  85%    10M |  99.9   n/a   1   27  2.51M   10    8  44%  81.9M    n/a  n/a
   0   49 |   7 1.0    0      0    0    0   0%    10M |   n/a   n/a   1    0      0    0    0   0%  81.9M    n/a  n/a
   0   4a |   7 1.0   15   8.8M   81  524  86%    10M |  99.9   n/a   1   27  1.78M    7   12  63%  81.9M    n/a  n/a
   0   4b |   7 1.0   15   9.3M   98  492  83%    10M |  99.9   n/a   1   27  2.79M   11   10  47%  81.9M    n/a  n/a
   1   4c |   7 1.0   15    11M  101  308  75%    10M |  99.9   ovl   1   27  2.27M    9   12  57%  81.9M   762n  n/a
   1   4d |   7 1.0   16    12M  114  291  71%    10M |  99.9   ovl   1   27  2.56M   10   14  58%  81.9M  -968n  n/a
   1   4e |   7 1.0    0      0    0    0   0%    10M |   n/a   n/a   1    0      0    0    0   0%  81.9M    n/a  n/a
   1   4f |   7 1.0   16    14M  127  262  67%    10M |  99.9   n/a   1   27  1.27M    5   15  75%  81.9M    n/a  n/a
   1   50 |   7 1.0   16    12M  106  297  73%    10M |  99.9   n/a   1   27  1.77M    7   16  69%  81.9M    n/a  n/a
   1   51 |   7 1.0   16    12M  116  320  73%    10M |  99.9   ovl   1   27  3.03M   12   12  50%  81.9M   472n  n/a
   1   52 |   7 1.0    0      0    0    0   0%    10M |   n/a   n/a   1    0      0    0    0   0%  81.9M    n/a  n/a
   1   53 |   7 1.0    0      0    0    0   0%    10M |   n/a   n/a   1    0      0    0    0   0%  81.9M    n/a  n/a
   2   54 |   7 1.0   15    12M  105  330  75%    10M |  99.9   n/a   1   27  2.04M    8   12  60%  81.9M    n/a  n/a
   2   55 |   7 1.0   15    12M  106  318  75%    10M |  99.9   n/a   1   27  1.52M    6   14  70%  81.9M    n/a  n/a
   2   56 |   7 1.0   15    12M  112  331  74%    10M |  99.9   ovl   1   27  3.06M   12   12  50%  81.9M    52n  n/a
   2   57 |   7 1.0   16    12M  105  354  77%    10M |  99.9   ovl   1   27  2.01M    8   15  65%  81.9M  -660n  n/a
   2   58 |   7 1.0    0      0    0    0   0%    10M |   n/a   n/a   1    0      0    0    0   0%  81.9M    n/a  n/a
   2   59 |   7 1.0   16    13M  111  311  73%    10M |  99.9   ovl   1   27  2.53M   10   12  54%  81.9M  -415n  n/a
   2   5a |   7 1.0    0      0    0    0   0%    10M |   n/a   n/a   1    0      0    0    0   0%  81.9M    n/a  n/a
   2   5b |   7 1.0    0      0    0    0   0%    10M |   n/a   n/a   1    0      0    0    0   0%  81.9M    n/a  n/a
   3   5c |   7 1.0   15    10M   94  381  80%    10M |  99.9   ovl   1   27  3.80M   15   11  42%  81.9M   155n  n/a
   3   5d |   7 1.0   15   9.5M   89  428  82%    10M |  99.9   n/a   1   27  2.25M    9   13  59%  81.9M    n/a  n/a
   3   5e |   7 1.0   15    10M   96  404  80%    10M |  99.9   ovl   1   27  1.29M    5   13  72%  81.9M  -771n  n/a
   3   5f |   7 1.0    0      0    0    0   0%    10M |   n/a   n/a   1    0      0    0    0   0%  81.9M    n/a  n/a
   3   60 |   7 1.0   15   9.6M   84  368  81%    10M |  99.9   ovl   1   27  2.28M    9   15  62%  81.9M   766n  n/a
   3   61 |   7 1.0   15   9.0M   82  406  83%    10M |  99.9   ovl   1   27  1.02M    4   11  73%  81.9M  -771n  n/a
   3   62 |   7 1.0   15   9.4M   83  417  83%    10M |  99.9   n/a   1   27  2.52M   10   11  52%  81.9M    n/a  n/a
   3   63 |   7 1.0    0      0    0    0   0%    10M |   n/a   n/a   1    0      0    0    0   0%  81.9M    n/a  n/a
   0   44 |   7 1.0   15    11M  104  426  80%    10M |  99.9   n/a   1   27  1.25M    5   10  66%  81.9M    n/a  n/a
   0   45 |   7 1.0   15    11M  107  420  79%    10M |  99.9   n/a   1   27  2.02M    8    9  52%  81.9M    n/a  n/a
   0   46 |   7 1.0   15    10M   92  451  83%    10M |  99.9   n/a   1   27  1.27M    5   11  68%  81.9M    n/a  n/a
   0   47 |   7 1.0    0      0    0    0   0%    10M |   n/a   n/a   1    0      0    0    0   0%  81.9M    n/a  n/a
   0   48 |   7 1.0   15    11M  106  474  81%    10M |  99.9   n/a   1   27  2.27M    9   10  52%  81.9M    n/a  n/a
   0   49 |   7 1.0    0      0    0    0   0%    10M |   n/a   n/a   1    0      0    0    0   0%  81.9M    n/a  n/a
   0   4a |   7 1.0   15    11M  101  432  81%    10M |  99.9   n/a   1   27  1.01M    4   10  71%  81.9M    n/a  n/a
   0   4b |   7 1.0   15    11M  119  448  79%    10M |  99.9   n/a   1   27  2.28M    9   10  52%  81.9M    n/a  n/a
   1   4c |   7 1.0   16    14M  136  337  71%    10M |  99.9   ovl   1   27  3.26M   13   12  48%  81.9M   900n  n/a
   1   4d |   7 1.0   16    15M  126  257  67%    10M |  99.9   ovl   1   27  3.07M   12   13  52%  81.9M   -34n  n/a
   1   4e |   7 1.0    0      0    0    0   0%    10M |   n/a   n/a   1    0      0    0    0   0%  81.9M    n/a  n/a
   1   4f |   7 1.0   16    15M  131  267  67%    10M |  99.9   n/a   1   27  1.52M    6   12  66%  81.9M    n/a  n/a
   1   50 |   7 1.0   16    15M  121  259  68%    10M |  99.9   n/a   1   27  1.27M    5   12  70%  81.9M    n/a  n/a
   1   51 |   7 1.0   16    15M  129  251  66%    10M |  99.9   ovl   1   27  4.26M   17   10  37%  81.9M   371n  n/a
   1   52 |   7 1.0    0      0    0    0   0%    10M |   n/a   n/a   1    0      0    0    0   0%  81.9M    n/a  n/a
   1   53 |   7 1.0    0      0    0    0   0%    10M |   n/a   n/a   1    0      0    0    0   0%  81.9M    n/a  n/a

          |--------------------DL---------------------|-------------------------------UL-----------------------------
 pci rnti | cqi  ri  mcs  brate   ok  nok  (%)  dl_bs | pusch  rsrp  ri  mcs  brate   ok  nok  (%)    bsr     ta  phr
   2   54 |   7 1.0   16    12M   93  380  80%    10M |  99.9   n/a   1   27  1.51M    6   12  66%  81.9M    n/a  n/a
   2   55 |   7 1.0   16    12M  106  366  77%    10M |  99.9   ovl   1   27  1.77M    7   14  66%  81.9M  -174n  n/a
   2   56 |   7 1.0   16    13M  116  304  72%    10M |  99.9   ovl   1   27  4.07M   16   10  38%  81.9M   -28n  n/a
   2   57 |   7 1.0   16    12M  105  400  79%    10M |  99.9   n/a   1   27  1.51M    6   13  68%  81.9M    n/a  n/a
   2   58 |   7 1.0    0      0    0    0   0%    10M |   n/a   n/a   1    0      0    0    0   0%  81.9M    n/a  n/a
   2   59 |   7 1.0   16    13M  100  359  78%    10M |  99.9   ovl   1   27  3.28M   13   11  45%  81.9M  -292n  n/a
   2   5a |   7 1.0    0      0    0    0   0%    10M |   n/a   n/a   1    0      0    0    0   0%  81.9M    n/a  n/a
   2   5b |   7 1.0    0      0    0    0   0%    10M |   n/a   n/a   1    0      0    0    0   0%  81.9M    n/a  n/a
   3   5c |   7 1.0   15    10M   96  379  79%    10M |  99.9   n/a   1   27  1.51M    6   10  62%  81.9M    n/a  n/a
   3   5d |   7 1.0   15   9.7M   94  404  81%    10M |  99.9   ovl   1   27  2.03M    8   11  57%  81.9M   155n  n/a
   3   5e |   7 1.0   15    10M  104  413  79%    10M |  99.9   n/a   1   27  1.78M    7   13  65%  81.9M    n/a  n/a
   3   5f |   7 1.0    0      0    0    0   0%    10M |   n/a   n/a   1    0      0    0    0   0%  81.9M    n/a  n/a
   3   60 |   7 1.0   15    10M   92  428  82%    10M |  99.9   ovl   1   27  1.76M    7    9  56%  81.9M  -771n  n/a
   3   61 |   7 1.0   15   9.7M   98  422  81%    10M |  99.9   n/a   1   27  1.01M    4    9  69%  81.9M    n/a  n/a
   3   62 |   7 1.0   15   9.8M   95  424  81%    10M |  99.9   ovl   1   27  3.78M   15    8  34%  81.9M   766n  n/a
   3   63 |   7 1.0    0      0    0    0   0%    10M |   n/a   n/a   1    0      0    0    0   0%  81.9M    n/a  n/a
   0   44 |   7 1.0   15   8.4M   80  499  86%    10M |  99.9   n/a   1   27  1.52M    6    9  60%  81.9M    n/a  n/a
   0   45 |   7 1.0   15   8.5M   76  499  86%    10M |  99.9   n/a   1   27  2.00M    8   14  63%  81.9M    n/a  n/a
   0   46 |   7 1.0   15   9.2M   85  520  85%    10M |  99.9   n/a   1   27  1.77M    7   10  58%  81.9M    n/a  n/a
   0   47 |   7 1.0    0      0    0    0   0%    10M |   n/a   n/a   1    0      0    0    0   0%  81.9M    n/a  n/a
   0   48 |   7 1.0   15   9.1M   82  446  84%    10M |  99.9   n/a   1   27  1.53M    6    8  57%  81.9M    n/a  n/a
   0   49 |   7 1.0    0      0    0    0   0%    10M |   n/a   n/a   1    0      0    0    0   0%  81.9M    n/a  n/a
   0   4a |   7 1.0   15   8.8M   82  443  84%    10M |  99.9   n/a   1   27   758k    3    6  66%  81.9M    n/a  n/a
   0   4b |   7 1.0   15   8.1M   75  478  86%    10M |  99.9   n/a   1   27   762k    3   13  81%  81.9M    n/a  n/a
   1   4c |   7 1.0   16    11M  101  319  75%    10M |  99.9   n/a   1   27  2.54M   10   15  60%  81.9M    n/a  n/a
   1   4d |   7 1.0   16    12M  101  289  74%    10M |  99.9   ovl   1   27  1.78M    7   12  63%  81.9M  -610n  n/a
   1   4e |   7 1.0    0      0    0    0   0%    10M |   n/a   n/a   1    0      0    0    0   0%  81.9M    n/a  n/a
   1   4f |   7 1.0   16    12M  104  346  76%    10M |  99.9   n/a   1   27  1.26M    5   13  72%  81.9M    n/a  n/a
   1   50 |   7 1.0   16    11M  105  308  74%    10M |  99.9   n/a   1   27  1.76M    7   12  63%  81.9M    n/a  n/a
   1   51 |   7 1.0   16    11M   96  298  75%    10M |  99.9   ovl   1   27  1.24M    5   16  76%  81.9M   484n  n/a
   1   52 |   7 1.0    0      0    0    0   0%    10M |   n/a   n/a   1    0      0    0    0   0%  81.9M    n/a  n/a
   1   53 |   7 1.0    0      0    0    0   0%    10M |   n/a   n/a   1    0      0    0    0   0%  81.9M    n/a  n/a
   2   54 |   7 1.0   16    12M  108  334  75%    10M |  99.9   ovl   1   27  1.53M    6   16  72%  81.9M   -40n  n/a
   2   55 |   7 1.0   16    11M  104  374  78%    10M |  99.9   ovl   1   27  2.29M    9   12  57%  81.9M   455n  n/a
   2   56 |   7 1.0   16    10M   95  413  81%    10M |  99.9   ovl   1   27  1.51M    6   16  72%  81.9M    94n  n/a
   2   57 |   7 1.0   16    12M  103  391  79%    10M |  99.9   n/a   1   27  1.77M    7   12  63%  81.9M    n/a  n/a
   2   58 |   7 1.0    0      0    0    0   0%    10M |   n/a   n/a   1    0      0    0    0   0%  81.9M    n/a  n/a
   2   59 |   7 1.0   16    12M  108  351  76%    10M |  99.9   n/a   1   27  1.53M    6   16  72%  81.9M    n/a  n/a
   2   5a |   7 1.0    0      0    0    0   0%    10M |   n/a   n/a   1    0      0    0    0   0%  81.9M    n/a  n/a
   2   5b |   7 1.0    0      0    0    0   0%    10M |   n/a   n/a   1    0      0    0    0   0%  81.9M    n/a  n/a
   3   5c |   7 1.0   15    11M  104  345  76%    10M |  99.9   ovl   1   27  1.76M    7   11  61%  81.9M   693n  n/a
   3   5d |   7 1.0   15    11M  117  324  73%    10M |  99.9   ovl   1   27  2.80M   11   10  47%  81.9M  -771n  n/a
   3   5e |   7 1.0   15    12M  114  302  72%    10M |  99.9   n/a   1   27  2.52M   10   10  50%  81.9M    n/a  n/a
   3   5f |   7 1.0    0      0    0    0   0%    10M |   n/a   n/a   1    0      0    0    0   0%  81.9M    n/a  n/a
   3   60 |   7 1.0   15    10M   97  328  77%    10M |  99.9   n/a   1   27  2.03M    8    9  52%  81.9M    n/a  n/a
   3   61 |   7 1.0   15    11M  114  297  72%    10M |  99.9   ovl   1   27  2.26M    9   11  55%  81.9M   155n  n/a
   3   62 |   7 1.0   15    11M  102  328  76%    10M |  99.9   ovl   1   27  3.01M   12    8  40%  81.9M   229n  n/a
   3   63 |   7 1.0    0      0    0    0   0%    10M |   n/a   n/a   1    0      0    0    0   0%  81.9M    n/a  n/a
   0   44 |   7 1.0   15   9.5M   90  393  81%    10M |  99.9   n/a   1   27  1.78M    7   12  63%  81.9M    n/a  n/a
   0   45 |   7 1.0   15   8.7M   81  434  84%    10M |  99.9   n/a   1   27  1.27M    5   13  72%  81.9M    n/a  n/a
   0   46 |   7 1.0   15   8.5M   78  468  85%    10M |  99.9   n/a   1   27  2.27M    9   13  59%  81.9M    n/a  n/a
   0   47 |   7 1.0    0      0    0    0   0%    10M |   n/a   n/a   1    0      0    0    0   0%  81.9M    n/a  n/a
   0   48 |   7 1.0   15   8.8M   86  463  84%    10M |  99.9   ovl   1   27  2.27M    9   14  60%  81.9M  -543n  n/a
   0   49 |   7 1.0    0      0    0    0   0%    10M |   n/a   n/a   1    0      0    0    0   0%  81.9M    n/a  n/a
   0   4a |   7 1.0   15   8.4M   73  451  86%    10M |  99.9   n/a   1   27  1.28M    5   16  76%  81.9M    n/a  n/a
   0   4b |   7 1.0   15   8.6M   85  456  84%    10M |  99.9   n/a   1   27   771k    3   10  76%  81.9M    n/a  n/a
   1   4c |   7 1.0   16    12M  119  301  71%    10M |  99.9   n/a   1   27  1.77M    7   12  63%  81.9M    n/a  n/a
   1   4d |   7 1.0   16    12M  120  310  72%    10M |  99.9   n/a   1   27  2.27M    9   12  57%  81.9M    n/a  n/a
   1   4e |   7 1.0    0      0    0    0   0%    10M |   n/a   n/a   1    0      0    0    0   0%  81.9M    n/a  n/a
   1   4f |   7 1.0   16    11M  103  355  77%    10M |  99.9   ovl   1   27  2.04M    8   15  65%  81.9M   137n  n/a
   1   50 |   7 1.0   16    11M  109  349  76%    10M |  99.9   n/a   1   27  1.26M    5   16  76%  81.9M    n/a  n/a
   1   51 |   7 1.0   16    12M  104  312  75%    10M |  99.9   ovl   1   27  1.27M    5   12  70%  81.9M  -242n  n/a
   1   52 |   7 1.0    0      0    0    0   0%    10M |   n/a   n/a   1    0      0    0    0   0%  81.9M    n/a  n/a
   1   53 |   7 1.0    0      0    0    0   0%    10M |   n/a   n/a   1    0      0    0    0   0%  81.9M    n/a  n/a
   2   54 |   7 1.0   16    11M   97  313  76%    10M |  99.9   ovl   1   27  1.25M    5   12  70%  81.9M  -415n  n/a
   2   55 |   7 1.0   16    12M  104  320  75%    10M |  99.9   n/a   1   27  2.28M    9   12  57%  81.9M    n/a  n/a
   2   56 |   7 1.0   16    10M   97  360  78%    10M |  99.9   ovl   1   27  1.77M    7   12  63%  81.9M  -100n  n/a
   2   57 |   7 1.0   16    11M  105  349  76%    10M |  99.9   n/a   1   27  1.00M    4   16  80%  81.9M    n/a  n/a
   2   58 |   7 1.0    0      0    0    0   0%    10M |   n/a   n/a   1    0      0    0    0   0%  81.9M    n/a  n/a
   2   59 |   7 1.0   16    12M  106  346  76%    10M |  99.9   ovl   1   27  2.03M    8   12  60%  81.9M  -660n  n/a
   2   5a |   7 1.0    0      0    0    0   0%    10M |   n/a   n/a   1    0      0    0    0   0%  81.9M    n/a  n/a
   2   5b |   7 1.0    0      0    0    0   0%    10M |   n/a   n/a   1    0      0    0    0   0%  81.9M    n/a  n/a
   3   5c |   7 1.0   15    11M   98  458  82%    10M |  99.9   n/a   1   27  2.01M    8    9  52%  81.9M    n/a  n/a
   3   5d |   7 1.0   15    12M  107  422  79%    10M |  99.9   ovl   1   27  1.50M    6   12  66%  81.9M   693n  n/a
   3   5e |   7 1.0   15    11M   98  422  81%    10M |  99.9   n/a   1   27   746k    3    8  72%  81.9M    n/a  n/a
   3   5f |   7 1.0    0      0    0    0   0%    10M |   n/a   n/a   1    0      0    0    0   0%  81.9M    n/a  n/a
   3   60 |   7 1.0   15    12M  111  409  78%    10M |  99.9   n/a   1   27  2.79M   11   11  50%  81.9M    n/a  n/a
   3   61 |   7 1.0   15    11M  103  413  80%    10M |  99.9   n/a   1   27  3.57M   14    7  33%  81.9M    n/a  n/a
   3   62 |   7 1.0   15    12M  105  378  78%    10M |  99.9   n/a   1   27  2.52M   10   13  56%  81.9M    n/a  n/a
   3   63 |   7 1.0    0      0    0    0   0%    10M |   n/a   n/a   1    0      0    0    0   0%  81.9M    n/a  n/a
   0   44 |   7 1.0   15    11M   98  457  82%    10M |  99.9   n/a   1   27  1.53M    6    6  50%  81.9M    n/a  n/a
   0   45 |   7 1.0   15    11M   96  485  83%    10M |  99.9   n/a   1   27  1.53M    6   12  66%  81.9M    n/a  n/a
   0   46 |   7 1.0   15    12M  108  462  81%    10M |  99.9   n/a   1   27  2.01M    8    9  52%  81.9M    n/a  n/a
   0   47 |   7 1.0    0      0    0    0   0%    10M |   n/a   n/a   1    0      0    0    0   0%  81.9M    n/a  n/a
   0   48 |   7 1.0   15    11M  105  477  81%    10M |  99.9   n/a   1   27  3.05M   12   12  50%  81.9M    n/a  n/a
   0   49 |   7 1.0    0      0    0    0   0%    10M |   n/a   n/a   1    0      0    0    0   0%  81.9M    n/a  n/a
   0   4a |   7 1.0   15    12M  110  408  78%    10M |  99.9   n/a   1   27  2.02M    8   11  57%  81.9M    n/a  n/a
   0   4b |   7 1.0   15    11M  100  437  81%    10M |  99.9   n/a   1   27  2.02M    8   12  60%  81.9M    n/a  n/a

          |--------------------DL---------------------|-------------------------------UL-----------------------------
 pci rnti | cqi  ri  mcs  brate   ok  nok  (%)  dl_bs | pusch  rsrp  ri  mcs  brate   ok  nok  (%)    bsr     ta  phr
   1   4c |   7 1.0   16    11M  101  296  74%    10M |  99.9   ovl   1   27   758k    3   16  84%  81.9M   409n  n/a
   1   4d |   7 1.0   16    12M  113  296  72%    10M |  99.9   n/a   1   27   508k    2   16  88%  81.9M    n/a  n/a
   1   4e |   7 1.0    0      0    0    0   0%    10M |   n/a   n/a   1    0      0    0    0   0%  81.9M    n/a  n/a
   1   4f |   7 1.0   16    12M  109  314  74%    10M |  99.9   n/a   1   27  2.03M    8   12  60%  81.9M    n/a  n/a
   1   50 |   7 1.0   16    11M   97  300  75%    10M |  99.9   n/a   1   27  2.02M    8   12  60%  81.9M    n/a  n/a
   1   51 |   7 1.0   16    13M  104  270  72%    10M |  99.9   n/a   1   27  1.28M    5   16  76%  81.9M    n/a  n/a
   1   52 |   7 1.0    0      0    0    0   0%    10M |   n/a   n/a   1    0      0    0    0   0%  81.9M    n/a  n/a
   1   53 |   7 1.0    0      0    0    0   0%    10M |   n/a   n/a   1    0      0    0    0   0%  81.9M    n/a  n/a
   2   54 |   7 1.0   16    12M  102  288  73%    10M |  99.9   n/a   1   27  2.02M    8   13  61%  81.9M    n/a  n/a
   2   55 |   7 1.0   16    11M  105  343  76%    10M |  99.9   n/a   1   27   258k    1   16  94%  81.9M    n/a  n/a
   2   56 |   7 1.0   16    12M  108  320  74%    10M |  99.9   n/a   1   27  2.02M    8   12  60%  81.9M    n/a  n/a
   2   57 |   7 1.0   16    12M  110  292  72%    10M |  99.9   n/a   1   27  1.52M    6   12  66%  81.9M    n/a  n/a
   2   58 |   7 1.0    0      0    0    0   0%    10M |   n/a   n/a   1    0      0    0    0   0%  81.9M    n/a  n/a
   2   59 |   7 1.0   16    12M  114  335  74%    10M |  99.9   ovl   1   27  1.27M    5   16  76%  81.9M   184n  n/a
   2   5a |   7 1.0    0      0    0    0   0%    10M |   n/a   n/a   1    0      0    0    0   0%  81.9M    n/a  n/a
   2   5b |   7 1.0    0      0    0    0   0%    10M |   n/a   n/a   1    0      0    0    0   0%  81.9M    n/a  n/a
   3   5c |   7 1.0   15   9.4M   88  406  82%    10M |  99.9   n/a   1   27  1.00M    4   15  78%  81.9M    n/a  n/a
   3   5d |   7 1.0   16   8.2M   73  460  86%    10M |  99.9   ovl   1   27  2.28M    9    8  47%  81.9M   514n  n/a
   3   5e |   7 1.0   15   9.2M   93  450  82%    10M |  99.9   n/a   1   27  1.02M    4   18  81%  81.9M    n/a  n/a
   3   5f |   7 1.0    0      0    0    0   0%    10M |   n/a   n/a   1    0      0    0    0   0%  81.9M    n/a  n/a
   3   60 |   7 1.0   15   8.3M   73  432  85%    10M |  99.9   ovl   1   27  1.76M    7   14  66%  81.9M   514n  n/a
   3   61 |   7 1.0   16   8.8M   80  459  85%    10M |  99.9   ovl   1   27  2.02M    8   10  55%  81.9M    -2n  n/a
   3   62 |   7 1.0   15   8.9M   97  479  83%    10M |  99.9   n/a   1   27  1.01M    4   13  76%  81.9M    n/a  n/a
   3   63 |   7 1.0    0      0    0    0   0%    10M |   n/a   n/a   1    0      0    0    0   0%  81.9M    n/a  n/a
   0   44 |   7 1.0   16    11M   88  435  83%    10M |  99.9   n/a   1   27  1.53M    6   13  68%  81.9M    n/a  n/a
   0   45 |   7 1.0   16    11M   96  408  80%    10M |  99.9   ovl   1   27  2.05M    8   10  55%  81.9M   235n  n/a
   0   46 |   7 1.0   15    10M   87  370  80%    10M |  99.9   n/a   1   27  2.27M    9   15  62%  81.9M    n/a  n/a
   0   47 |   7 1.0    0      0    0    0   0%    10M |   n/a   n/a   1    0      0    0    0   0%  81.9M    n/a  n/a
   0   48 |   7 1.0   16    11M   90  383  80%    10M |  99.9   ovl   1   27  1.27M    5   13  72%  81.9M    32n  n/a
   0   49 |   7 1.0    0      0    0    0   0%    10M |   n/a   n/a   1    0      0    0    0   0%  81.9M    n/a  n/a
   0   4a |   7 1.0   15    11M  101  438  81%    10M |  99.9   ovl   1   27  1.50M    6   18  75%  81.9M  -229n  n/a
   0   4b |   7 1.0   16    11M   93  380  80%    10M |  99.9   n/a   1   27  2.78M   11   10  47%  81.9M    n/a  n/a
   1   4c |   7 1.0   16    12M  110  321  74%    10M |  99.9   n/a   1   27  2.29M    9   15  62%  81.9M    n/a  n/a
   1   4d |   7 1.0   17    14M  114  300  72%    10M |  99.9   ovl   1   27  1.79M    7   16  69%  81.9M  -279n  n/a
   1   4e |   7 1.0    0      0    0    0   0%    10M |   n/a   n/a   1    0      0    0    0   0%  81.9M    n/a  n/a
   1   4f |   7 1.0   17    14M  109  282  72%    10M |  99.9   n/a   1   27  1.51M    6   16  72%  81.9M    n/a  n/a
   1   50 |   7 1.0   16    14M  112  291  72%    10M |  99.9   n/a   1   27  1.51M    6   16  72%  81.9M    n/a  n/a
   1   51 |   7 1.0   17    14M  112  283  71%    10M |  99.9   ovl   1   27  1.52M    6   12  66%  81.9M   409n  n/a
   1   52 |   7 1.0    0      0    0    0   0%    10M |   n/a   n/a   1    0      0    0    0   0%  81.9M    n/a  n/a
   1   53 |   7 1.0    0      0    0    0   0%    10M |   n/a   n/a   1    0      0    0    0   0%  81.9M    n/a  n/a
   2   54 |   7 1.0   16    11M  104  305  74%    10M |  99.9   n/a   1   27  1.51M    6   15  71%  81.9M    n/a  n/a
   2   55 |   7 1.0   16    12M  116  344  74%    10M |  99.9   ovl   1   27  2.04M    8   16  66%  81.9M  -298n  n/a
   2   56 |   7 1.0   16    12M   98  323  76%    10M |  99.9   n/a   1   27  1.26M    5   16  76%  81.9M    n/a  n/a
   2   57 |   7 1.0   16    13M  118  339  74%    10M |  99.9   n/a   1   27  1.27M    5   16  76%  81.9M    n/a  n/a
   2   58 |   7 1.0    0      0    0    0   0%    10M |   n/a   n/a   1    0      0    0    0   0%  81.9M    n/a  n/a
   2   59 |   7 1.0   17    11M  104  337  76%    10M |  99.9   n/a   1   27  1.26M    5   12  70%  81.9M    n/a  n/a
   2   5a |   7 1.0    0      0    0    0   0%    10M |   n/a   n/a   1    0      0    0    0   0%  81.9M    n/a  n/a
   2   5b |   7 1.0    0      0    0    0   0%    10M |   n/a   n/a   1    0      0    0    0   0%  81.9M    n/a  n/a
   3   5c |   7 1.0   16    11M  106  381  78%    10M |  99.9   n/a   1   27  2.30M    9   12  57%  81.9M    n/a  n/a
   3   5d |   7 1.0   16    12M  117  375  76%    10M |  99.9   n/a   1   27  2.55M   10   11  52%  81.9M    n/a  n/a
   3   5e |   7 1.0   16    12M  109  364  76%    10M |  99.9   n/a   1   27  1.79M    7    9  56%  81.9M    n/a  n/a
   3   5f |   7 1.0    0      0    0    0   0%    10M |   n/a   n/a   1    0      0    0    0   0%  81.9M    n/a  n/a
   3   60 |   7 1.0   15    12M  119  340  74%    10M |  99.9   n/a   1   27  1.54M    6   11  64%  81.9M    n/a  n/a
   3   61 |   7 1.0   16    12M  109  386  77%    10M |  99.9   n/a   1   27  3.04M   12   11  47%  81.9M    n/a  n/a
   3   62 |   7 1.0   16    12M  103  392  79%    10M |  99.9   n/a   1   27  2.53M   10    9  47%  81.9M    n/a  n/a
   3   63 |   7 1.0    0      0    0    0   0%    10M |   n/a   n/a   1    0      0    0    0   0%  81.9M    n/a  n/a
   0   44 |   7 1.0   16   9.8M   80  365  82%    10M |  99.9   n/a   1   27  1.02M    4   10  71%  81.9M    n/a  n/a
   0   45 |   7 1.0   16    11M   90  342  79%    10M |  99.9   ovl   1   27  2.30M    9    6  40%  81.9M   438n  n/a
   0   46 |   7 1.0   16    11M   96  343  78%    10M |  99.9   n/a   1   27  2.04M    8   12  60%  81.9M    n/a  n/a
   0   47 |   7 1.0    0      0    0    0   0%    10M |   n/a   n/a   1    0      0    0    0   0%  81.9M    n/a  n/a
   0   48 |   7 1.0   16    10M   92  391  80%    10M |  99.9   n/a   1   27  2.51M   10    7  41%  81.9M    n/a  n/a
   0   49 |   7 1.0    0      0    0    0   0%    10M |   n/a   n/a   1    0      0    0    0   0%  81.9M    n/a  n/a
   0   4a |   7 1.0   16    10M   87  339  79%    10M |  99.9   n/a   1   27  2.55M   10    9  47%  81.9M    n/a  n/a
   0   4b |   7 1.0   16   9.8M   98  392  80%    10M |  99.9   n/a   1   27  1.76M    7   13  65%  81.9M    n/a  n/a
   1   4c |   7 1.0   17    13M  103  288  73%    10M |  99.9   n/a   1   27  1.02M    4   13  76%  81.9M    n/a  n/a
   1   4d |   7 1.0   17    13M  105  295  73%    10M |  99.9   ovl   1   27  2.77M   11   12  52%  81.9M  -151n  n/a
   1   4e |   7 1.0    0      0    0    0   0%    10M |   n/a   n/a   1    0      0    0    0   0%  81.9M    n/a  n/a
   1   4f |   7 1.0   17    13M  116  316  73%    10M |  99.9   n/a   1   27  1.52M    6   12  66%  81.9M    n/a  n/a
   1   50 |   7 1.0   17    13M  103  297  74%    10M |  99.9   ovl   1   27  6.01M   24   10  29%  81.9M  -178n  n/a
   1   51 |   7 1.0   17    14M  118  328  73%    10M |  99.9   n/a   1   27   758k    3   15  83%  81.9M    n/a  n/a
   1   52 |   7 1.0    0      0    0    0   0%    10M |   n/a   n/a   1    0      0    0    0   0%  81.9M    n/a  n/a
   1   53 |   7 1.0    0      0    0    0   0%    10M |   n/a   n/a   1    0      0    0    0   0%  81.9M    n/a  n/a
   2   54 |   7 1.0   16    12M  104  356  77%    10M |  99.9   n/a   1   27  1.52M    6   12  66%  81.9M    n/a  n/a
   2   55 |   7 1.0   17    12M  117  340  74%    10M |  99.9   ovl   1   27  2.02M    8   12  60%  81.9M   846n  n/a
   2   56 |   7 1.0   17    13M  112  312  73%    10M |  99.9   n/a   1   27   992k    4   13  76%  81.9M    n/a  n/a
   2   57 |   7 1.0   17    13M  105  333  76%    10M |  99.9   ovl   1   27  6.83M   27    9  25%  81.9M   114n  n/a
   2   58 |   7 1.0    0      0    0    0   0%    10M |   n/a   n/a   1    0      0    0    0   0%  81.9M    n/a  n/a
   2   59 |   7 1.0   17    13M  111  335  75%    10M |  99.9   n/a   1   27   754k    3   16  84%  81.9M    n/a  n/a
   2   5a |   7 1.0    0      0    0    0   0%    10M |   n/a   n/a   1    0      0    0    0   0%  81.9M    n/a  n/a
   2   5b |   7 1.0    0      0    0    0   0%    10M |   n/a   n/a   1    0      0    0    0   0%  81.9M    n/a  n/a
   3   5c |   7 1.0   16    14M  110  267  70%    10M |  99.9   ovl   1   27  3.07M   12   10  45%  81.9M   538n  n/a
   3   5d |   7 1.0   16    14M  117  291  71%    10M |  99.9   ovl   1   27  2.55M   10    8  44%  81.9M   765n  n/a
   3   5e |   7 1.0   16    12M  105  298  73%    10M |  99.9   n/a   1   27  3.77M   15   16  51%  81.9M    n/a  n/a
   3   5f |   7 1.0    0      0    0    0   0%    10M |   n/a   n/a   1    0      0    0    0   0%  81.9M    n/a  n/a
   3   60 |   7 1.0   16    14M  115  299  72%    10M |  99.9   ovl   1   27  3.53M   14    7  33%  81.9M   155n  n/a
   3   61 |   7 1.0   16    13M  120  313  72%    10M |  99.9   ovl   1   27  2.03M    8   10  55%  81.9M   254n  n/a
   3   62 |   7 1.0   16    13M  107  315  74%    10M |  99.9   ovl   1   27  2.27M    9    6  40%  81.9M   364n  n/a
   3   63 |   7 1.0    0      0    0    0   0%    10M |   n/a   n/a   1    0      0    0    0   0%  81.9M    n/a  n/a

          |--------------------DL---------------------|-------------------------------UL-----------------------------
 pci rnti | cqi  ri  mcs  brate   ok  nok  (%)  dl_bs | pusch  rsrp  ri  mcs  brate   ok  nok  (%)    bsr     ta  phr
   0   44 |   7 1.0   16    11M   95  406  81%    10M |  99.9   n/a   1   27  1.75M    7   10  58%  81.9M    n/a  n/a
   0   45 |   7 1.0   16    10M   90  363  80%    10M |  99.9   n/a   1   27  2.02M    8   10  55%  81.9M    n/a  n/a
   0   46 |   7 1.0   16    11M   95  326  77%    10M |  99.9   n/a   1   27  3.31M   13    8  38%  81.9M    n/a  n/a
   0   47 |   7 1.0    0      0    0    0   0%    10M |   n/a   n/a   1    0      0    0    0   0%  81.9M    n/a  n/a
   0   48 |   7 1.0   16    11M  108  333  75%    10M |  99.9   n/a   1   27  2.28M    9   14  60%  81.9M    n/a  n/a
   0   49 |   7 1.0    0      0    0    0   0%    10M |   n/a   n/a   1    0      0    0    0   0%  81.9M    n/a  n/a
   0   4a |   7 1.0   16    12M  108  320  74%    10M |  99.9   ovl   1   27  2.79M   11   12  52%  81.9M  -543n  n/a
   0   4b |   7 1.0   16    10M   93  382  80%    10M |  99.9   n/a   1   27  2.04M    8    9  52%  81.9M    n/a  n/a
   1   4c |   7 1.0   17    12M  100  321  76%    10M |  99.9   ovl   1   27  1.26M    5   12  70%  81.9M  -279n  n/a
   1   4d |   7 1.0   17    13M  116  333  74%    10M |  99.9   ovl   1   27  2.77M   11   12  52%  81.9M   -25n  n/a
   1   4e |   7 1.0    0      0    0    0   0%    10M |   n/a   n/a   1    0      0    0    0   0%  81.9M    n/a  n/a
   1   4f |   7 1.0   17    13M  113  302  72%    10M |  99.9   n/a   1   27   754k    3   16  84%  81.9M    n/a  n/a
   1   50 |   7 1.0   17    12M  100  345  77%    10M |  99.9   ovl   1   27  1.78M    7   12  63%  81.9M  -431n  n/a
   1   51 |   7 1.0   17    14M  118  305  72%    10M |  99.9   n/a   1   27  1.00M    4   13  76%  81.9M    n/a  n/a
   1   52 |   7 1.0    0      0    0    0   0%    10M |   n/a   n/a   1    0      0    0    0   0%  81.9M    n/a  n/a
   1   53 |   7 1.0    0      0    0    0   0%    10M |   n/a   n/a   1    0      0    0    0   0%  81.9M    n/a  n/a
   2   54 |   7 1.0   17    12M   98  293  74%    10M |  99.9   n/a   1   27  1.01M    4   16  80%  81.9M    n/a  n/a
   2   55 |   7 1.0   17    12M  111  313  73%    10M |  99.9   ovl   1   27  2.52M   10   12  54%  81.9M  -660n  n/a
   2   56 |   7 1.0   17    10M   91  358  79%    10M |  99.9   n/a   1   27  1.01M    4   15  78%  81.9M    n/a  n/a
   2   57 |   7 1.0   17    11M  116  355  75%    10M |  99.9   n/a   1   27  1.51M    6   14  70%  81.9M    n/a  n/a
   2   58 |   7 1.0    0      0    0    0   0%    10M |   n/a   n/a   1    0      0    0    0   0%  81.9M    n/a  n/a
   2   59 |   7 1.0   17    12M  113  298  72%    10M |  99.9   n/a   1   27   512k    2   12  85%  81.9M    n/a  n/a
   2   5a |   7 1.0    0      0    0    0   0%    10M |   n/a   n/a   1    0      0    0    0   0%  81.9M    n/a  n/a
   2   5b |   7 1.0    0      0    0    0   0%    10M |   n/a   n/a   1    0      0    0    0   0%  81.9M    n/a  n/a
   3   5c |   7 1.0   16   9.8M   87  427  83%    10M |  99.9   ovl   1   27  2.27M    9   10  52%  81.9M  -771n  n/a
   3   5d |   7 1.0   16    10M   93  428  82%    10M |  99.9   ovl   1   27  1.03M    4   11  73%  81.9M   155n  n/a
   3   5e |   7 1.0   16   9.7M   82  436  84%    10M |  99.9   n/a   1   27  1.51M    6    7  53%  81.9M    n/a  n/a
   3   5f |   7 1.0    0      0    0    0   0%    10M |   n/a   n/a   1    0      0    0    0   0%  81.9M    n/a  n/a
   3   60 |   7 1.0   16   9.8M   81  420  83%    10M |  99.9   n/a   1   27  1.25M    5   15  75%  81.9M    n/a  n/a
   3   61 |   7 1.0   16    10M   93  388  80%    10M |  99.9   ovl   1   27  2.01M    8   14  63%  81.9M   765n  n/a
   3   62 |   7 1.0   16   9.6M   76  438  85%    10M |  99.9   ovl   1   27  2.30M    9   15  62%  81.9M   155n  n/a
   3   63 |   7 1.0    0      0    0    0   0%    10M |   n/a   n/a   1    0      0    0    0   0%  81.9M    n/a  n/a
   0   44 |   7 1.0   16    12M  111  415  78%    10M |  99.9   n/a   1   27  2.27M    9    8  47%  81.9M    n/a  n/a
   0   45 |   7 1.0   16    12M  102  447  81%    10M |  99.9   n/a   1   27  1.77M    7   12  63%  81.9M    n/a  n/a
   0   46 |   7 1.0   16    11M  100  443  81%    10M |  99.9   n/a   1   27  1.52M    6    9  60%  81.9M    n/a  n/a
   0   47 |   7 1.0    0      0    0    0   0%    10M |   n/a   n/a   1    0      0    0    0   0%  81.9M    n/a  n/a
   0   48 |   7 1.0   16    12M  111  425  79%    10M |  99.9   n/a   1   27  2.28M    9   10  52%  81.9M    n/a  n/a
   0   49 |   7 1.0    0      0    0    0   0%    10M |   n/a   n/a   1    0      0    0    0   0%  81.9M    n/a  n/a
   0   4a |   7 1.0   16    12M  104  403  79%    10M |  99.9   n/a   1   27  1.80M    7   10  58%  81.9M    n/a  n/a
   0   4b |   7 1.0   16    12M  102  442  81%    10M |  99.9   n/a   1   27  1.77M    7   11  61%  81.9M    n/a  n/a
   1   4c |   7 1.0   17    12M   93  377  80%    10M |  99.9   n/a   1   27  1.27M    5   16  76%  81.9M    n/a  n/a
   1   4d |   7 1.0   17    12M  103  378  78%    10M |  99.9   ovl   1   27  1.26M    5   16  76%  81.9M   900n  n/a
   1   4e |   7 1.0    0      0    0    0   0%    10M |   n/a   n/a   1    0      0    0    0   0%  81.9M    n/a  n/a
   1   4f |   7 1.0   17    13M  101  355  77%    10M |  99.9   ovl   1   27  2.04M    8   13  61%  81.9M   409n  n/a
   1   50 |   7 1.0   17    11M   95  356  78%    10M |  99.9   n/a   1   27  1.51M    6   16  72%  81.9M    n/a  n/a
   1   51 |   7 1.0   17    13M  104  363  77%    10M |  99.9   ovl   1   27  1.27M    5   14  73%  81.9M   -34n  n/a
   1   52 |   7 1.0    0      0    0    0   0%    10M |   n/a   n/a   1    0      0    0    0   0%  81.9M    n/a  n/a
   1   53 |   7 1.0    0      0    0    0   0%    10M |   n/a   n/a   1    0      0    0    0   0%  81.9M    n/a  n/a
   2   54 |   7 1.0   17    12M  101  299  74%    10M |  99.9   ovl   1   27  1.78M    7   12  63%  81.9M  -293n  n/a
   2   55 |   7 1.0   17    13M  110  317  74%    10M |  99.9   ovl   1   27  2.02M    8   16  66%  81.9M    75n  n/a
   2   56 |   7 1.0   17    12M  100  341  77%    10M |  99.9   ovl   1   27  1.52M    6   13  68%  81.9M    75n  n/a
   2   57 |   7 1.0   17    13M  117  345  74%    10M |  99.9   n/a   1   27  2.02M    8   14  63%  81.9M    n/a  n/a
   2   58 |   7 1.0    0      0    0    0   0%    10M |   n/a   n/a   1    0      0    0    0   0%  81.9M    n/a  n/a
   2   59 |   7 1.0   17    12M  110  345  75%    10M |  99.9   n/a   1   27   754k    3   16  84%  81.9M    n/a  n/a
   2   5a |   7 1.0    0      0    0    0   0%    10M |   n/a   n/a   1    0      0    0    0   0%  81.9M    n/a  n/a
   2   5b |   7 1.0    0      0    0    0   0%    10M |   n/a   n/a   1    0      0    0    0   0%  81.9M    n/a  n/a
   3   5c |   7 1.0   16    10M   80  485  85%    10M |  99.9   n/a   1   27  2.02M    8   10  55%  81.9M    n/a  n/a
   3   5d |   7 1.0   16    10M   94  494  84%    10M |  99.9   n/a   1   27  3.01M   12   11  47%  81.9M    n/a  n/a
   3   5e |   7 1.0   16    11M   90  462  83%    10M |  99.9   n/a   1   27  1.25M    5   13  72%  81.9M    n/a  n/a
   3   5f |   7 1.0    0      0    0    0   0%    10M |   n/a   n/a   1    0      0    0    0   0%  81.9M    n/a  n/a
   3   60 |   7 1.0   16    11M  111  477  81%    10M |  99.9   n/a   1   27  2.53M   10   11  52%  81.9M    n/a  n/a
   3   61 |   7 1.0   16    11M   90  439  82%    10M |  99.9   n/a   1   27  1.25M    5   11  68%  81.9M    n/a  n/a
   3   62 |   7 1.0   16    11M   84  472  84%    10M |  99.9   n/a   1   27  1.78M    7   11  61%  81.9M    n/a  n/a
   3   63 |   7 1.0    0      0    0    0   0%    10M |   n/a   n/a   1    0      0    0    0   0%  81.9M    n/a  n/a
   0   44 |   7 1.0   16    12M   92  318  77%    10M |  99.9   ovl   1   27  3.30M   13    6  31%  81.9M  -830n  n/a
   0   45 |   7 1.0   16    12M  102  357  77%    10M |  99.9   ovl   1   27  3.03M   12   10  45%  81.9M  -895n  n/a
   0   46 |   7 1.0   16    12M  100  371  78%    10M |  99.9   ovl   1   27  2.53M   10   12  54%  81.9M  -543n  n/a
   0   47 |   7 1.0    0      0    0    0   0%    10M |   n/a   n/a   1    0      0    0    0   0%  81.9M    n/a  n/a
   0   48 |   7 1.0   16    12M  109  338  75%    10M |  99.9   ovl   1   27  3.28M   13    8  38%  81.9M  -256n  n/a
   0   49 |   7 1.0    0      0    0    0   0%    10M |   n/a   n/a   1    0      0    0    0   0%  81.9M    n/a  n/a
   0   4a |   7 1.0   16    12M   97  340  77%    10M |  99.9   ovl   1   27  2.53M   10    8  44%  81.9M  -229n  n/a
   0   4b |   7 1.0   16    12M  103  336  76%    10M |  99.9   ovl   1   27  2.75M   11   10  47%  81.9M  -617n  n/a
   1   4c |   7 1.0   17    10M   90  417  82%    10M |  99.9   ovl   1   27  2.03M    8   12  60%  81.9M  -968n  n/a
   1   4d |   7 1.0   17    11M   85  425  83%    10M |  99.9   ovl   1   27  1.27M    5   12  70%  81.9M   409n  n/a
   1   4e |   7 1.0    0      0    0    0   0%    10M |   n/a   n/a   1    0      0    0    0   0%  81.9M    n/a  n/a
   1   4f |   7 1.0   17    11M   92  408  81%    10M |  99.9   n/a   1   27  1.02M    4   13  76%  81.9M    n/a  n/a
   1   50 |   7 1.0   17    10M   82  422  83%    10M |  99.9   n/a   1   27   746k    3   12  80%  81.9M    n/a  n/a
   1   51 |   7 1.0   17    10M   85  437  83%    10M |  99.9   n/a   1   27   758k    3   14  82%  81.9M    n/a  n/a
   1   52 |   7 1.0    0      0    0    0   0%    10M |   n/a   n/a   1    0      0    0    0   0%  81.9M    n/a  n/a
   1   53 |   7 1.0    0      0    0    0   0%    10M |   n/a   n/a   1    0      0    0    0   0%  81.9M    n/a  n/a
   2   54 |   7 1.0   17    11M   89  371  80%    10M |  99.9   n/a   1   27  1.27M    5   14  73%  81.9M    n/a  n/a
   2   55 |   7 1.0   17    12M  102  376  78%    10M |  99.9   n/a   1   27  1.52M    6   12  66%  81.9M    n/a  n/a
   2   56 |   7 1.0   17    12M  103  388  79%    10M |  99.9   n/a   1   27  1.52M    6   13  68%  81.9M    n/a  n/a
   2   57 |   7 1.0   17    11M   92  362  79%    10M |  99.9   n/a   1   27  1.51M    6   12  66%  81.9M    n/a  n/a
   2   58 |   7 1.0    0      0    0    0   0%    10M |   n/a   n/a   1    0      0    0    0   0%  81.9M    n/a  n/a
   2   59 |   7 1.0   17    12M   95  349  78%    10M |  99.9   ovl   1   27  1.77M    7   12  63%  81.9M   361n  n/a
   2   5a |   7 1.0    0      0    0    0   0%    10M |   n/a   n/a   1    0      0    0    0   0%  81.9M    n/a  n/a
   2   5b |   7 1.0    0      0    0    0   0%    10M |   n/a   n/a   1    0      0    0    0   0%  81.9M    n/a  n/a

          |--------------------DL---------------------|-------------------------------UL-----------------------------
 pci rnti | cqi  ri  mcs  brate   ok  nok  (%)  dl_bs | pusch  rsrp  ri  mcs  brate   ok  nok  (%)    bsr     ta  phr
   3   5c |   7 1.0   16    10M   99  412  80%    10M |  99.9   n/a   1   27  2.25M    9   15  62%  81.9M    n/a  n/a
   3   5d |   7 1.0   16    10M   89  435  83%    10M |  99.9   n/a   1   27   996k    4   10  71%  81.9M    n/a  n/a
   3   5e |   7 1.0   16   9.5M   88  397  81%    10M |  99.9   n/a   1   27  1.78M    7    8  53%  81.9M    n/a  n/a
   3   5f |   7 1.0    0      0    0    0   0%    10M |   n/a   n/a   1    0      0    0    0   0%  81.9M    n/a  n/a
   3   60 |   7 1.0   16   9.7M   85  417  83%    10M |  99.9   n/a   1   27  1.27M    5   10  66%  81.9M    n/a  n/a
   3   61 |   7 1.0   16   9.5M   88  476  84%    10M |  99.9   n/a   1   27  1.77M    7    9  56%  81.9M    n/a  n/a
   3   62 |   7 1.0   16   9.9M   90  400  81%    10M |  99.9   n/a   1   27   258k    1    8  88%  81.9M    n/a  n/a
   3   63 |   7 1.0    0      0    0    0   0%    10M |   n/a   n/a   1    0      0    0    0   0%  81.9M    n/a  n/a
   0   44 |   7 1.0   16    10M   86  426  83%    10M |  99.9   n/a   1   27   750k    3   14  82%  81.9M    n/a  n/a
   0   45 |   7 1.0   16    10M   89  451  83%    10M |  99.9   ovl   1   27  2.29M    9   15  62%  81.9M    -1u  n/a
   0   46 |   7 1.0   16    10M   86  467  84%    10M |  99.9   n/a   1   27  1.77M    7   13  65%  81.9M    n/a  n/a
   0   47 |   7 1.0    0      0    0    0   0%    10M |   n/a   n/a   1    0      0    0    0   0%  81.9M    n/a  n/a
   0   48 |   7 1.0   16    10M   86  435  83%    10M |  99.9   n/a   1   27  1.25M    5   15  75%  81.9M    n/a  n/a
   0   49 |   7 1.0    0      0    0    0   0%    10M |   n/a   n/a   1    0      0    0    0   0%  81.9M    n/a  n/a
   0   4a |   7 1.0   16    10M   89  406  82%    10M |  99.9   n/a   1   27  2.55M   10   13  56%  81.9M    n/a  n/a
   0   4b |   7 1.0   17    10M   85  447  84%    10M |  99.9   n/a   1   27  1.50M    6   10  62%  81.9M    n/a  n/a
   1   4c |   7 1.0   17    13M  107  304  73%    10M |  99.9   ovl   1   27  2.03M    8   12  60%  81.9M     8n  n/a
   1   4d |   7 1.0   18    14M  111  298  72%    10M |  99.9   n/a   1   27  1.50M    6   12  66%  81.9M    n/a  n/a
   1   4e |   7 1.0    0      0    0    0   0%    10M |   n/a   n/a   1    0      0    0    0   0%  81.9M    n/a  n/a
   1   4f |   7 1.0   18    13M  106  354  76%    10M |  99.9   ovl   1   27  2.27M    9   14  60%  81.9M   258n  n/a
   1   50 |   7 1.0   17    13M  108  315  74%    10M |  99.9   n/a   1   27  1.52M    6   16  72%  81.9M    n/a  n/a
   1   51 |   7 1.0   18    14M  111  280  71%    10M |  99.9   n/a   1   27  2.29M    9   12  57%  81.9M    n/a  n/a
   1   52 |   7 1.0    0      0    0    0   0%    10M |   n/a   n/a   1    0      0    0    0   0%  81.9M    n/a  n/a
   1   53 |   7 1.0    0      0    0    0   0%    10M |   n/a   n/a   1    0      0    0    0   0%  81.9M    n/a  n/a
   2   54 |   7 1.0   17    13M  113  335  74%    10M |  99.9   ovl   1   27  2.54M   10   14  58%  81.9M   211n  n/a
   2   55 |   7 1.0   17    13M  110  331  75%    10M |  99.9   n/a   1   27  1.25M    5   12  70%  81.9M    n/a  n/a
   2   56 |   7 1.0   17    12M  106  320  75%    10M |  99.9   n/a   1   27  1.78M    7   14  66%  81.9M    n/a  n/a
   2   57 |   7 1.0   17    13M  108  328  75%    10M |  99.9   n/a   1   27  1.02M    4   16  80%  81.9M    n/a  n/a
   2   58 |   7 1.0    0      0    0    0   0%    10M |   n/a   n/a   1    0      0    0    0   0%  81.9M    n/a  n/a
   2   59 |   7 1.0   18    13M  110  346  75%    10M |  99.9   ovl   1   27  1.50M    6   12  66%  81.9M  -292n  n/a
   2   5a |   7 1.0    0      0    0    0   0%    10M |   n/a   n/a   1    0      0    0    0   0%  81.9M    n/a  n/a
   2   5b |   7 1.0    0      0    0    0   0%    10M |   n/a   n/a   1    0      0    0    0   0%  81.9M    n/a  n/a
   3   5c |   7 1.0   16    12M  100  386  79%    10M |  99.9   n/a   1   27   496k    2    9  81%  81.9M    n/a  n/a
   3   5d |   7 1.0   17    12M   92  406  81%    10M |  99.9   n/a   1   27  2.00M    8   12  60%  81.9M    n/a  n/a
   3   5e |   7 1.0   16    12M  102  445  81%    10M |  99.9   ovl   1   27  2.81M   11   11  50%  81.9M   155n  n/a
   3   5f |   7 1.0    0      0    0    0   0%    10M |   n/a   n/a   1    0      0    0    0   0%  81.9M    n/a  n/a
   3   60 |   7 1.0   16    12M  100  395  79%    10M |  99.9   n/a   1   27  1.76M    7    8  53%  81.9M    n/a  n/a
   3   61 |   7 1.0   17    12M   95  425  81%    10M |  99.9   n/a   1   27  3.80M   15    9  37%  81.9M    n/a  n/a
   3   62 |   7 1.0   16    12M   97  407  80%    10M |  99.9   n/a   1   27  2.53M   10   12  54%  81.9M    n/a  n/a
   3   63 |   7 1.0    0      0    0    0   0%    10M |   n/a   n/a   1    0      0    0    0   0%  81.9M    n/a  n/a
   0   44 |   7 1.0   17    11M   88  456  83%    10M |  99.9   n/a   1   27  2.05M    8   10  55%  81.9M    n/a  n/a
   0   45 |   7 1.0   17    10M   87  498  85%    10M |  99.9   n/a   1   27  2.03M    8   13  61%  81.9M    n/a  n/a
   0   46 |   7 1.0   17    10M   83  475  85%    10M |  99.9   n/a   1   27   767k    3   10  76%  81.9M    n/a  n/a
   0   47 |   7 1.0    0      0    0    0   0%    10M |   n/a   n/a   1    0      0    0    0   0%  81.9M    n/a  n/a
   0   48 |   7 1.0   17    10M   86  468  84%    10M |  99.9   n/a   1   27  2.04M    8    9  52%  81.9M    n/a  n/a
   0   49 |   7 1.0    0      0    0    0   0%    10M |   n/a   n/a   1    0      0    0    0   0%  81.9M    n/a  n/a
   0   4a |   7 1.0   16    10M   88  458  83%    10M |  99.9   n/a   1   27  2.01M    8   10  55%  81.9M    n/a  n/a
   0   4b |   7 1.0   17    11M   94  439  82%    10M |  99.9   n/a   1   27  2.03M    8    8  50%  81.9M    n/a  n/a
   1   4c |   7 1.0   18    12M  112  376  77%    10M |  99.9   n/a   1   27  1.26M    5   12  70%  81.9M    n/a  n/a
   1   4d |   7 1.0   18    11M   91  390  81%    10M |  99.9   n/a   1   27  1.00M    4   16  80%  81.9M    n/a  n/a
   1   4e |   7 1.0    0      0    0    0   0%    10M |   n/a   n/a   1    0      0    0    0   0%  81.9M    n/a  n/a
   1   4f |   7 1.0   18    13M  107  392  78%    10M |  99.9   ovl   1   27  3.57M   14   11  44%  81.9M  -261n  n/a
   1   50 |   7 1.0   18    13M  100  375  78%    10M |  99.9   n/a   1   27   758k    3   12  80%  81.9M    n/a  n/a
   1   51 |   7 1.0   18    12M  105  390  78%    10M |  99.9   ovl   1   27  1.52M    6   12  66%  81.9M   447n  n/a
   1   52 |   7 1.0    0      0    0    0   0%    10M |   n/a   n/a   1    0      0    0    0   0%  81.9M    n/a  n/a
   1   53 |   7 1.0    0      0    0    0   0%    10M |   n/a   n/a   1    0      0    0    0   0%  81.9M    n/a  n/a
   2   54 |   7 1.0   17    14M  121  350  74%    10M |  99.9   ovl   1   27  3.25M   13   11  45%  81.9M   265n  n/a
   2   55 |   7 1.0   18    15M  111  303  73%    10M |  99.9   n/a   1   27   762k    3   16  84%  81.9M    n/a  n/a
   2   56 |   7 1.0   18    15M  120  318  72%    10M |  99.9   ovl   1   27  3.03M   12   12  50%  81.9M   -40n  n/a
   2   57 |   7 1.0   18    15M  124  308  71%    10M |  99.9   ovl   1   27  3.04M   12   12  50%  81.9M   -22n  n/a
   2   58 |   7 1.0    0      0    0    0   0%    10M |   n/a   n/a   1    0      0    0    0   0%  81.9M    n/a  n/a
   2   59 |   7 1.0   18    16M  128  312  70%    10M |  99.9   ovl   1   27  2.02M    8   12  60%  81.9M    64n  n/a
   2   5a |   7 1.0    0      0    0    0   0%    10M |   n/a   n/a   1    0      0    0    0   0%  81.9M    n/a  n/a
   2   5b |   7 1.0    0      0    0    0   0%    10M |   n/a   n/a   1    0      0    0    0   0%  81.9M    n/a  n/a
   3   5c |   7 1.0   17    11M   93  418  81%    10M |  99.9   ovl   1   27  1.99M    8    8  50%  81.9M   693n  n/a
   3   5d |   7 1.0   17   9.9M   81  492  85%    10M |  99.9   n/a   1   27  2.51M   10    8  44%  81.9M    n/a  n/a
   3   5e |   7 1.0   17    10M   88  484  84%    10M |  99.9   n/a   1   27   771k    3   11  78%  81.9M    n/a  n/a
   3   5f |   7 1.0    0      0    0    0   0%    10M |   n/a   n/a   1    0      0    0    0   0%  81.9M    n/a  n/a
   3   60 |   7 1.0   17    11M   92  468  83%    10M |  99.9   ovl   1   27  4.28M   17   13  43%  81.9M   693n  n/a
   3   61 |   7 1.0   17    10M   85  496  85%    10M |  99.9   n/a   1   27  2.04M    8    9  52%  81.9M    n/a  n/a
   3   62 |   7 1.0   17    11M  101  492  82%    10M |  99.9   n/a   1   27   508k    2   11  84%  81.9M    n/a  n/a
   3   63 |   7 1.0    0      0    0    0   0%    10M |   n/a   n/a   1    0      0    0    0   0%  81.9M    n/a  n/a
   0   44 |   7 1.0   17    14M  109  395  78%    10M |  99.9   n/a   1   27  2.55M   10   13  56%  81.9M    n/a  n/a
   0   45 |   7 1.0   17    13M  103  433  80%    10M |  99.9   n/a   1   27  2.30M    9   10  52%  81.9M    n/a  n/a
   0   46 |   7 1.0   17    13M  100  424  80%    10M |  99.9   n/a   1   27  2.55M   10    7  41%  81.9M    n/a  n/a
   0   47 |   7 1.0    0      0    0    0   0%    10M |   n/a   n/a   1    0      0    0    0   0%  81.9M    n/a  n/a
   0   48 |   7 1.0   17    13M  109  383  77%    10M |  99.9   ovl   1   27  1.76M    7   11  61%  81.9M    -1u  n/a
   0   49 |   7 1.0    0      0    0    0   0%    10M |   n/a   n/a   1    0      0    0    0   0%  81.9M    n/a  n/a
   0   4a |   7 1.0   17    13M  103  397  79%    10M |  99.9   n/a   1   27  2.28M    9    6  40%  81.9M    n/a  n/a
   0   4b |   7 1.0   17    13M   99  467  82%    10M |  99.9   n/a   1   27  1.27M    5   13  72%  81.9M    n/a  n/a
   1   4c |   7 1.0   18    13M  109  302  73%    10M |  99.9   n/a   1   27  1.27M    5   16  76%  81.9M    n/a  n/a
   1   4d |   7 1.0   18    13M  104  301  74%    10M |  99.9   ovl   1   27  1.26M    5   12  70%  81.9M  -968n  n/a
   1   4e |   7 1.0    0      0    0    0   0%    10M |   n/a   n/a   1    0      0    0    0   0%  81.9M    n/a  n/a
   1   4f |   7 1.0   18    13M  107  317  74%    10M |  99.9   n/a   1   27  1.53M    6   12  66%  81.9M    n/a  n/a
   1   50 |   7 1.0   18    13M   98  296  75%    10M |  99.9   n/a   1   27  2.26M    9   12  57%  81.9M    n/a  n/a
   1   51 |   7 1.0   18    14M  118  311  72%    10M |  99.9   n/a   1   27  2.01M    8   14  63%  81.9M    n/a  n/a
   1   52 |   7 1.0    0      0    0    0   0%    10M |   n/a   n/a   1    0      0    0    0   0%  81.9M    n/a  n/a
   1   53 |   7 1.0    0      0    0    0   0%    10M |   n/a   n/a   1    0      0    0    0   0%  81.9M    n/a  n/a

          |--------------------DL---------------------|-------------------------------UL-----------------------------
 pci rnti | cqi  ri  mcs  brate   ok  nok  (%)  dl_bs | pusch  rsrp  ri  mcs  brate   ok  nok  (%)    bsr     ta  phr
   2   54 |   7 1.0   18    13M  112  317  73%    10M |  99.9   ovl   1   27  2.04M    8   12  60%  81.9M  -660n  n/a
   2   55 |   7 1.0   18    13M   96  334  77%    10M |  99.9   n/a   1   27  1.27M    5   12  70%  81.9M    n/a  n/a
   2   56 |   7 1.0   18    13M  106  418  79%    10M |  99.9   n/a   1   27  1.75M    7   13  65%  81.9M    n/a  n/a
   2   57 |   7 1.0   18    14M  107  307  74%    10M |  99.9   ovl   1   27  2.03M    8   12  60%  81.9M   361n  n/a
   2   58 |   7 1.0    0      0    0    0   0%    10M |   n/a   n/a   1    0      0    0    0   0%  81.9M    n/a  n/a
   2   59 |   7 1.0   18    13M  110  345  75%    10M |  99.9   ovl   1   27  1.52M    6   16  72%  81.9M    75n  n/a
   2   5a |   7 1.0    0      0    0    0   0%    10M |   n/a   n/a   1    0      0    0    0   0%  81.9M    n/a  n/a
   2   5b |   7 1.0    0      0    0    0   0%    10M |   n/a   n/a   1    0      0    0    0   0%  81.9M    n/a  n/a
   3   5c |   7 1.0   17    13M  103  358  77%    10M |  99.9   ovl   1   27  2.52M   10   16  61%  81.9M   155n  n/a
   3   5d |   7 1.0   17    12M   97  397  80%    10M |  99.9   ovl   1   27  3.56M   14    8  36%  81.9M   766n  n/a
   3   5e |   7 1.0   17    11M   93  417  81%    10M |  99.9   n/a   1   27  3.55M   14   10  41%  81.9M    n/a  n/a
   3   5f |   7 1.0    0      0    0    0   0%    10M |   n/a   n/a   1    0      0    0    0   0%  81.9M    n/a  n/a
   3   60 |   7 1.0   17    13M  109  340  75%    10M |  99.9   n/a   1   27   762k    3   12  80%  81.9M    n/a  n/a
   3   61 |   7 1.0   17    11M   92  399  81%    10M |  99.9   ovl   1   27  2.00M    8   16  66%  81.9M   765n  n/a
   3   62 |   7 1.0   17    14M  103  293  73%    10M |  99.9   n/a   1   27  1.25M    5   13  72%  81.9M    n/a  n/a
   3   63 |   7 1.0    0      0    0    0   0%    10M |   n/a   n/a   1    0      0    0    0   0%  81.9M    n/a  n/a
   0   44 |   7 1.0   17    11M   87  328  79%    10M |  99.9   n/a   1   27  1.26M    5   11  68%  81.9M    n/a  n/a
   0   45 |   7 1.0   17    11M   91  418  82%    10M |  99.9   n/a   1   27  1.80M    7   16  69%  81.9M    n/a  n/a
   0   46 |   7 1.0   17    12M  103  376  78%    10M |  99.9   n/a   1   27  1.76M    7    9  56%  81.9M    n/a  n/a
   0   47 |   7 1.0    0      0    0    0   0%    10M |   n/a   n/a   1    0      0    0    0   0%  81.9M    n/a  n/a
   0   48 |   7 1.0   17    11M   85  417  83%    10M |  99.9   n/a   1   27  1.76M    7   15  68%  81.9M    n/a  n/a
   0   49 |   7 1.0    0      0    0    0   0%    10M |   n/a   n/a   1    0      0    0    0   0%  81.9M    n/a  n/a
   0   4a |   7 1.0   17    12M   89  345  79%    10M |  99.9   n/a   1   27  1.78M    7   14  66%  81.9M    n/a  n/a
   0   4b |   7 1.0   17    11M   85  393  82%    10M |  99.9   ovl   1   27  1.25M    5   13  72%  81.9M    -1u  n/a
   1   4c |   7 1.0   18   9.7M   81  350  81%    10M |  99.9   n/a   1   27  1.51M    6   15  71%  81.9M    n/a  n/a
   1   4d |   7 1.0   18    12M  103  316  75%    10M |  99.9   n/a   1   27   767k    3   16  84%  81.9M    n/a  n/a
   1   4e |   7 1.0    0      0    0    0   0%    10M |   n/a   n/a   1    0      0    0    0   0%  81.9M    n/a  n/a
   1   4f |   7 1.0   18    14M  106  276  72%    10M |  99.9   ovl   1   27  1.26M    5   16  76%  81.9M   409n  n/a
   1   50 |   7 1.0   18    14M  110  299  73%    10M |  99.9   n/a   1   27  1.27M    5   16  76%  81.9M    n/a  n/a
   1   51 |   7 1.0   18    14M  110  288  72%    10M |  99.9   n/a   1   27  2.02M    8   14  63%  81.9M    n/a  n/a
   1   52 |   7 1.0    0      0    0    0   0%    10M |   n/a   n/a   1    0      0    0    0   0%  81.9M    n/a  n/a
   1   53 |   7 1.0    0      0    0    0   0%    10M |   n/a   n/a   1    0      0    0    0   0%  81.9M    n/a  n/a
   2   54 |   7 1.0   18    14M  112  326  74%    10M |  99.9   ovl   1   27  2.02M    8   16  66%  81.9M    75n  n/a
   2   55 |   7 1.0   18    14M  112  355  76%    10M |  99.9   n/a   1   27  1.52M    6   16  72%  81.9M    n/a  n/a
   2   56 |   7 1.0   18    14M  116  321  73%    10M |  99.9   n/a   1   27  2.76M   11   15  57%  81.9M    n/a  n/a
   2   57 |   7 1.0   18    15M  109  323  74%    10M |  99.9   ovl   1   27  2.02M    8   16  66%  81.9M   -41n  n/a
   2   58 |   7 1.0    0      0    0    0   0%    10M |   n/a   n/a   1    0      0    0    0   0%  81.9M    n/a  n/a
   2   59 |   7 1.0   18    15M  102  292  74%    10M |  99.9   n/a   1   27  1.50M    6   12  66%  81.9M    n/a  n/a
   2   5a |   7 1.0    0      0    0    0   0%    10M |   n/a   n/a   1    0      0    0    0   0%  81.9M    n/a  n/a
   2   5b |   7 1.0    0      0    0    0   0%    10M |   n/a   n/a   1    0      0    0    0   0%  81.9M    n/a  n/a
   3   5c |   7 1.0   17    14M  115  358  75%    10M |  99.9   ovl   1   27  2.80M   11    9  45%  81.9M   155n  n/a
   3   5d |   7 1.0   17    13M  102  342  77%    10M |  99.9   n/a   1   27   738k    3    9  75%  81.9M    n/a  n/a
   3   5e |   7 1.0   17    13M  105  381  78%    10M |  99.9   n/a   1   27  1.01M    4   11  73%  81.9M    n/a  n/a
   3   5f |   7 1.0    0      0    0    0   0%    10M |   n/a   n/a   1    0      0    0    0   0%  81.9M    n/a  n/a
   3   60 |   7 1.0   17    13M  109  399  78%    10M |  99.9   n/a   1   27  3.76M   15   12  44%  81.9M    n/a  n/a
   3   61 |   7 1.0   17    13M  106  414  79%    10M |  99.9   n/a   1   27  2.79M   11    8  42%  81.9M    n/a  n/a
   3   62 |   7 1.0   17    13M  104  414  79%    10M |  99.9   n/a   1   27  2.03M    8   14  63%  81.9M    n/a  n/a
   3   63 |   7 1.0    0      0    0    0   0%    10M |   n/a   n/a   1    0      0    0    0   0%  81.9M    n/a  n/a
   0   44 |   7 1.0   17    12M   92  476  83%    10M |  99.9   n/a   1   27  2.53M   10    8  44%  81.9M    n/a  n/a
   0   45 |   7 1.0   17    11M   94  510  84%    10M |  99.9   n/a   1   27  2.55M   10   12  54%  81.9M    n/a  n/a
   0   46 |   7 1.0   17    11M   96  476  83%    10M |  99.9   ovl   1   27  1.80M    7   12  63%  81.9M    32n  n/a
   0   47 |   7 1.0    0      0    0    0   0%    10M |   n/a   n/a   1    0      0    0    0   0%  81.9M    n/a  n/a
   0   48 |   7 1.0   17  10.0M   83  494  85%    10M |  99.9   n/a   1   27  1.50M    6    9  60%  81.9M    n/a  n/a
   0   49 |   7 1.0    0      0    0    0   0%    10M |   n/a   n/a   1    0      0    0    0   0%  81.9M    n/a  n/a
   0   4a |   7 1.0   17    11M   83  472  85%    10M |  99.9   n/a   1   27  1.79M    7   10  58%  81.9M    n/a  n/a
   0   4b |   7 1.0   17    11M   87  499  85%    10M |  99.9   n/a   1   27   508k    2   10  83%  81.9M    n/a  n/a
   1   4c |   7 1.0   18    14M  107  294  73%    10M |  99.9   ovl   1   27  2.29M    9   13  59%  81.9M  -279n  n/a
   1   4d |   7 1.0   18    13M  112  300  72%    10M |  99.9   n/a   1   27  1.53M    6   12  66%  81.9M    n/a  n/a
   1   4e |   7 1.0    0      0    0    0   0%    10M |   n/a   n/a   1    0      0    0    0   0%  81.9M    n/a  n/a
   1   4f |   7 1.0   18    14M  112  328  74%    10M |  99.9   n/a   1   27  1.52M    6   16  72%  81.9M    n/a  n/a
   1   50 |   7 1.0   18    12M  103  318  75%    10M |  99.9   n/a   1   27  1.78M    7   12  63%  81.9M    n/a  n/a
   1   51 |   7 1.0   19    14M  116  297  71%    10M |  99.9   ovl   1   27  1.75M    7   16  69%  81.9M   655n  n/a
   1   52 |   7 1.0    0      0    0    0   0%    10M |   n/a   n/a   1    0      0    0    0   0%  81.9M    n/a  n/a
   1   53 |   7 1.0    0      0    0    0   0%    10M |   n/a   n/a   1    0      0    0    0   0%  81.9M    n/a  n/a
   2   54 |   7 1.0   18    13M  107  361  77%    10M |  99.9   n/a   1   27  2.03M    8   16  66%  81.9M    n/a  n/a
   2   55 |   7 1.0   18    14M  113  360  76%    10M |  99.9   n/a   1   27  1.26M    5   12  70%  81.9M    n/a  n/a
   2   56 |   7 1.0   18    14M  106  323  75%    10M |  99.9   n/a   1   27  2.03M    8   16  66%  81.9M    n/a  n/a
   2   57 |   7 1.0   18    14M  111  310  73%    10M |  99.9   n/a   1   27  1.52M    6   12  66%  81.9M    n/a  n/a
   2   58 |   7 1.0    0      0    0    0   0%    10M |   n/a   n/a   1    0      0    0    0   0%  81.9M    n/a  n/a
   2   59 |   7 1.0   18    13M  106  339  76%    10M |  99.9   ovl   1   27  2.28M    9   16  64%  81.9M  -147n  n/a
   2   5a |   7 1.0    0      0    0    0   0%    10M |   n/a   n/a   1    0      0    0    0   0%  81.9M    n/a  n/a
   2   5b |   7 1.0    0      0    0    0   0%    10M |   n/a   n/a   1    0      0    0    0   0%  81.9M    n/a  n/a
   3   5c |   7 1.0   17    14M  114  247  68%    10M |  99.9   n/a   1   27  2.00M    8    9  52%  81.9M    n/a  n/a
   3   5d |   7 1.0   17    13M  110  283  72%    10M |  99.9   n/a   1   27  2.79M   11   16  59%  81.9M    n/a  n/a
   3   5e |   7 1.0   17    14M  102  239  70%    10M |  99.9   n/a   1   27  3.30M   13    9  40%  81.9M    n/a  n/a
   3   5f |   7 1.0    0      0    0    0   0%    10M |   n/a   n/a   1    0      0    0    0   0%  81.9M    n/a  n/a
   3   60 |   7 1.0   17    14M  102  270  72%    10M |  99.9   n/a   1   27  3.02M   12    8  40%  81.9M    n/a  n/a
   3   61 |   7 1.0   17    14M  122  260  68%    10M |  99.9   n/a   1   27  2.81M   11   13  54%  81.9M    n/a  n/a
   3   62 |   7 1.0   17    12M   95  267  73%    10M |  99.9   n/a   1   27  3.06M   12   10  45%  81.9M    n/a  n/a
   3   63 |   7 1.0    0      0    0    0   0%    10M |   n/a   n/a   1    0      0    0    0   0%  81.9M    n/a  n/a
   0   44 |   7 1.0   17    12M   96  422  81%    10M |  99.9   n/a   1   27  1.51M    6   13  68%  81.9M    n/a  n/a
   0   45 |   7 1.0   17    11M   93  482  83%    10M |  99.9   n/a   1   27   496k    2   12  85%  81.9M    n/a  n/a
   0   46 |   7 1.0   17    11M   88  388  81%    10M |  99.9   n/a   1   27  1.74M    7   15  68%  81.9M    n/a  n/a
   0   47 |   7 1.0    0      0    0    0   0%    10M |   n/a   n/a   1    0      0    0    0   0%  81.9M    n/a  n/a
   0   48 |   7 1.0   17    11M   93  467  83%    10M |  99.9   n/a   1   27  1.77M    7   14  66%  81.9M    n/a  n/a
   0   49 |   7 1.0    0      0    0    0   0%    10M |   n/a   n/a   1    0      0    0    0   0%  81.9M    n/a  n/a
   0   4a |   7 1.0   17    11M   97  389  80%    10M |  99.9   ovl   1   27  1.76M    7   11  61%  81.9M    -1u  n/a
   0   4b |   7 1.0   17    11M   87  454  83%    10M |  99.9   n/a   1   27  1.51M    6   11  64%  81.9M    n/a  n/a

          |--------------------DL---------------------|-------------------------------UL-----------------------------
 pci rnti | cqi  ri  mcs  brate   ok  nok  (%)  dl_bs | pusch  rsrp  ri  mcs  brate   ok  nok  (%)    bsr     ta  phr
   1   4c |   7 1.0   18    11M   90  329  78%    10M |  99.9   n/a   1   27  1.50M    6   15  71%  81.9M    n/a  n/a
   1   4d |   7 1.0   19    14M  117  334  74%    10M |  99.9   ovl   1   27   754k    3   16  84%  81.9M   484n  n/a
   1   4e |   7 1.0    0      0    0    0   0%    10M |   n/a   n/a   1    0      0    0    0   0%  81.9M    n/a  n/a
   1   4f |   7 1.0   19    14M   99  333  77%    10M |  99.9   ovl   1   27  1.53M    6   12  66%  81.9M  -279n  n/a
   1   50 |   7 1.0   18    13M  103  313  75%    10M |  99.9   ovl   1   27  2.02M    8   16  66%  81.9M  -968n  n/a
   1   51 |   7 1.0   19    14M  108  342  76%    10M |  99.9   n/a   1   27  1.26M    5   15  75%  81.9M    n/a  n/a
   1   52 |   7 1.0    0      0    0    0   0%    10M |   n/a   n/a   1    0      0    0    0   0%  81.9M    n/a  n/a
   1   53 |   7 1.0    0      0    0    0   0%    10M |   n/a   n/a   1    0      0    0    0   0%  81.9M    n/a  n/a
   2   54 |   7 1.0   18    14M  114  355  75%    10M |  99.9   ovl   1   27  1.77M    7   12  63%  81.9M    69n  n/a
   2   55 |   7 1.0   18    14M  121  387  76%    10M |  99.9   ovl   1   27  1.52M    6   16  72%  81.9M    64n  n/a
   2   56 |   7 1.0   18    13M  103  301  74%    10M |  99.9   n/a   1   27   767k    3   15  83%  81.9M    n/a  n/a
   2   57 |   7 1.0   19    15M  113  272  70%    10M |  99.9   n/a   1   27  1.26M    5   16  76%  81.9M    n/a  n/a
   2   58 |   7 1.0    0      0    0    0   0%    10M |   n/a   n/a   1    0      0    0    0   0%  81.9M    n/a  n/a
   2   59 |   7 1.0   19    14M  109  295  73%    10M |  99.9   n/a   1   27  1.01M    4   16  80%  81.9M    n/a  n/a
   2   5a |   7 1.0    0      0    0    0   0%    10M |   n/a   n/a   1    0      0    0    0   0%  81.9M    n/a  n/a
   2   5b |   7 1.0    0      0    0    0   0%    10M |   n/a   n/a   1    0      0    0    0   0%  81.9M    n/a  n/a
   3   5c |   7 1.0   17    11M  108  307  73%    10M |  99.9   n/a   1   27  3.04M   12   15  55%  81.9M    n/a  n/a
   3   5d |   7 1.0   18    11M  101  298  74%    10M |  99.9   ovl   1   27  2.55M   10   13  56%  81.9M   155n  n/a
   3   5e |   7 1.0   17    12M  105  276  72%    10M |  99.9   n/a   1   27  1.24M    5   12  70%  81.9M    n/a  n/a
   3   5f |   7 1.0    0      0    0    0   0%    10M |   n/a   n/a   1    0      0    0    0   0%  81.9M    n/a  n/a
   3   60 |   7 1.0   17    11M  101  330  76%    10M |  99.9   n/a   1   27  1.52M    6   10  62%  81.9M    n/a  n/a
   3   61 |   7 1.0   18    12M  110  301  73%    10M |  99.9   n/a   1   27   504k    2   10  83%  81.9M    n/a  n/a
   3   62 |   7 1.0   17    11M  102  316  75%    10M |  99.9   n/a   1   27  1.78M    7   10  58%  81.9M    n/a  n/a
   3   63 |   7 1.0    0      0    0    0   0%    10M |   n/a   n/a   1    0      0    0    0   0%  81.9M    n/a  n/a
   0   44 |   7 1.0   17    14M  120  216  64%    10M |  99.9   n/a   1   27  3.29M   13   10  43%  81.9M    n/a  n/a
   0   45 |   7 1.0   17    13M  109  313  74%    10M |  99.9   n/a   1   27  3.05M   12   12  50%  81.9M    n/a  n/a
   0   46 |   7 1.0   17    13M  100  251  71%    10M |  99.9   n/a   1   27  1.76M    7   14  66%  81.9M    n/a  n/a
   0   47 |   7 1.0    0      0    0    0   0%    10M |   n/a   n/a   1    0      0    0    0   0%  81.9M    n/a  n/a
   0   48 |   7 1.0   17    13M  100  286  74%    10M |  99.9   n/a   1   27  1.52M    6    9  60%  81.9M    n/a  n/a
   0   49 |   7 1.0    0      0    0    0   0%    10M |   n/a   n/a   1    0      0    0    0   0%  81.9M    n/a  n/a
   0   4a |   7 1.0   17    12M  101  298  74%    10M |  99.9   n/a   1   27  1.26M    5   10  66%  81.9M    n/a  n/a
   0   4b |   7 1.0   18    13M  111  292  72%    10M |  99.9   n/a   1   27  3.55M   14    5  26%  81.9M    n/a  n/a
   1   4c |   7 1.0   18    13M  102  308  75%    10M |  99.9   n/a   1   27  2.77M   11   13  54%  81.9M    n/a  n/a
   1   4d |   7 1.0   19    14M  101  301  74%    10M |  99.9   ovl   1   27  1.77M    7   12  63%  81.9M     8n  n/a
   1   4e |   7 1.0    0      0    0    0   0%    10M |   n/a   n/a   1    0      0    0    0   0%  81.9M    n/a  n/a
   1   4f |   7 1.0   19    14M  106  296  73%    10M |  99.9   n/a   1   27  1.01M    4   16  80%  81.9M    n/a  n/a
   1   50 |   7 1.0   19    14M   99  324  76%    10M |  99.9   ovl   1   27   746k    3   12  80%  81.9M   900n  n/a
   1   51 |   7 1.0   19    15M  111  262  70%    10M |  99.9   n/a   1   27  1.77M    7   13  65%  81.9M    n/a  n/a
   1   52 |   7 1.0    0      0    0    0   0%    10M |   n/a   n/a   1    0      0    0    0   0%  81.9M    n/a  n/a
   1   53 |   7 1.0    0      0    0    0   0%    10M |   n/a   n/a   1    0      0    0    0   0%  81.9M    n/a  n/a
   2   54 |   7 1.0   18   9.4M   81  374  82%    10M |  99.9   n/a   1   27   762k    3   16  84%  81.9M    n/a  n/a
   2   55 |   7 1.0   19    12M   95  364  79%    10M |  99.9   ovl   1   27  1.52M    6   12  66%  81.9M   184n  n/a
   2   56 |   7 1.0   19    12M   97  314  76%    10M |  99.9   n/a   1   27   746k    3   13  81%  81.9M    n/a  n/a
   2   57 |   7 1.0   19    12M  110  353  76%    10M |  99.9   n/a   1   27   500k    2   15  88%  81.9M    n/a  n/a
   2   58 |   7 1.0    0      0    0    0   0%    10M |   n/a   n/a   1    0      0    0    0   0%  81.9M    n/a  n/a
   2   59 |   7 1.0   19    12M  101  331  76%    10M |  99.9   n/a   1   27  1.27M    5   12  70%  81.9M    n/a  n/a
   2   5a |   7 1.0    0      0    0    0   0%    10M |   n/a   n/a   1    0      0    0    0   0%  81.9M    n/a  n/a
   2   5b |   7 1.0    0      0    0    0   0%    10M |   n/a   n/a   1    0      0    0    0   0%  81.9M    n/a  n/a
   3   5c |   7 1.0   18    13M   99  224  69%    10M |  99.9   ovl   1   27  2.00M    8    6  42%  81.9M   693n  n/a
   3   5d |   7 1.0   18    13M  115  263  69%    10M |  99.9   n/a   1   27  1.76M    7    8  53%  81.9M    n/a  n/a
   3   5e |   7 1.0   18    13M  102  263  72%    10M |  99.9   n/a   1   27  2.02M    8    9  52%  81.9M    n/a  n/a
   3   5f |   7 1.0    0      0    0    0   0%    10M |   n/a   n/a   1    0      0    0    0   0%  81.9M    n/a  n/a
   3   60 |   7 1.0   18    13M  114  251  68%    10M |  99.9   ovl   1   27  3.03M   12   15  55%  81.9M  -771n  n/a
   3   61 |   7 1.0   18    14M  109  241  68%    10M |  99.9   ovl   1   27  2.56M   10    4  28%  81.9M   334n  n/a
   3   62 |   7 1.0   18    12M   98  311  76%    10M |  99.9   ovl   1   27  2.76M   11   17  60%  81.9M   155n  n/a
   3   63 |   7 1.0    0      0    0    0   0%    10M |   n/a   n/a   1    0      0    0    0   0%  81.9M    n/a  n/a
   0   44 |   7 1.0   18    16M  116  195  62%    10M |  99.9   n/a   1   27  3.31M   13   11  45%  81.9M    n/a  n/a
   0   45 |   7 1.0   18    14M  113  247  68%    10M |  99.9   n/a   1   27  2.28M    9   10  52%  81.9M    n/a  n/a
   0   46 |   7 1.0   18    15M  116  236  67%    10M |  99.9   ovl   1   27  2.78M   11    7  38%  81.9M  -386n  n/a
   0   47 |   7 1.0    0      0    0    0   0%    10M |   n/a   n/a   1    0      0    0    0   0%  81.9M    n/a  n/a
   0   48 |   7 1.0   18    15M  113  235  67%    10M |  99.9   n/a   1   27  3.05M   12   13  52%  81.9M    n/a  n/a
   0   49 |   7 1.0    0      0    0    0   0%    10M |   n/a   n/a   1    0      0    0    0   0%  81.9M    n/a  n/a
   0   4a |   7 1.0   17    14M  102  211  67%    10M |  99.9   n/a   1   27  2.53M   10    7  41%  81.9M    n/a  n/a
   0   4b |   7 1.0   18    15M  118  198  62%    10M |  99.9   ovl   1   27  2.82M   11   14  56%  81.9M   235n  n/a
   1   4c |   7 1.0   19    13M  105  313  74%    10M |  99.9   n/a   1   27   996k    4   15  78%  81.9M    n/a  n/a
   1   4d |   7 1.0   19    16M  120  276  69%    10M |  99.9   n/a   1   27  2.52M   10   16  61%  81.9M    n/a  n/a
   1   4e |   7 1.0    0      0    0    0   0%    10M |   n/a   n/a   1    0      0    0    0   0%  81.9M    n/a  n/a
   1   4f |   7 1.0   19    16M  111  281  71%    10M |  99.9   n/a   1   27  1.00M    4   12  75%  81.9M    n/a  n/a
   1   50 |   7 1.0   19    16M  114  280  71%    10M |  99.9   ovl   1   27  2.80M   11   16  59%  81.9M  -431n  n/a
   1   51 |   7 1.0   19    16M  119  260  68%    10M |  99.9   ovl   1   27  2.03M    8   12  60%  81.9M   409n  n/a
   1   52 |   7 1.0    0      0    0    0   0%    10M |   n/a   n/a   1    0      0    0    0   0%  81.9M    n/a  n/a
   1   53 |   7 1.0    0      0    0    0   0%    10M |   n/a   n/a   1    0      0    0    0   0%  81.9M    n/a  n/a
   2   54 |   7 1.0   19    13M  106  342  76%    10M |  99.9   n/a   1   27  1.00M    4   12  75%  81.9M    n/a  n/a
   2   55 |   7 1.0   19    13M  106  323  75%    10M |  99.9   n/a   1   27  2.28M    9   16  64%  81.9M    n/a  n/a
   2   56 |   7 1.0   19    14M  109  285  72%    10M |  99.9   n/a   1   27   762k    3   14  82%  81.9M    n/a  n/a
   2   57 |   7 1.0   19    14M  102  266  72%    10M |  99.9   ovl   1   27  2.04M    8   13  61%  81.9M    87n  n/a
   2   58 |   7 1.0    0      0    0    0   0%    10M |   n/a   n/a   1    0      0    0    0   0%  81.9M    n/a  n/a
   2   59 |   7 1.0   19    14M  105  330  75%    10M |  99.9   n/a   1   27  1.51M    6   16  72%  81.9M    n/a  n/a
   2   5a |   7 1.0    0      0    0    0   0%    10M |   n/a   n/a   1    0      0    0    0   0%  81.9M    n/a  n/a
   2   5b |   7 1.0    0      0    0    0   0%    10M |   n/a   n/a   1    0      0    0    0   0%  81.9M    n/a  n/a
   3   5c |   7 1.0   18    13M   95  264  73%    10M |  99.9   n/a   1   27  2.52M   10   13  56%  81.9M    n/a  n/a
   3   5d |   7 1.0   18    14M  117  257  68%    10M |  99.9   n/a   1   27  2.50M   10   11  52%  81.9M    n/a  n/a
   3   5e |   7 1.0   18    14M  101  247  70%    10M |  99.9   n/a   1   27  2.52M   10   14  58%  81.9M    n/a  n/a
   3   5f |   7 1.0    0      0    0    0   0%    10M |   n/a   n/a   1    0      0    0    0   0%  81.9M    n/a  n/a
   3   60 |   7 1.0   18    14M  103  217  67%    10M |  99.9   ovl   1   27  2.28M    9   10  52%  81.9M  -771n  n/a
   3   61 |   7 1.0   18    14M  111  266  70%    10M |  99.9   n/a   1   27  1.78M    7   14  66%  81.9M    n/a  n/a
   3   62 |   7 1.0   18    13M  108  287  72%    10M |  99.9   ovl   1   27  2.78M   11   10  47%  81.9M   424n  n/a
   3   63 |   7 1.0    0      0    0    0   0%    10M |   n/a   n/a   1    0      0    0    0   0%  81.9M    n/a  n/a

          |--------------------DL---------------------|-------------------------------UL-----------------------------
 pci rnti | cqi  ri  mcs  brate   ok  nok  (%)  dl_bs | pusch  rsrp  ri  mcs  brate   ok  nok  (%)    bsr     ta  phr
   0   44 |   7 1.0   18    12M   93  425  82%    10M |  99.9   n/a   1   27  1.02M    4   13  76%  81.9M    n/a  n/a
   0   45 |   7 1.0   18    12M  101  384  79%    10M |  99.9   ovl   1   27  2.81M   11   13  54%  81.9M  -895n  n/a
   0   46 |   7 1.0   18    12M   93  354  79%    10M |  99.9   ovl   1   27  2.55M   10   12  54%  81.9M    32n  n/a
   0   47 |   7 1.0    0      0    0    0   0%    10M |   n/a   n/a   1    0      0    0    0   0%  81.9M    n/a  n/a
   0   48 |   7 1.0   18    12M   90  443  83%    10M |  99.9   ovl   1   27  2.53M   10   11  52%  81.9M    32n  n/a
   0   49 |   7 1.0    0      0    0    0   0%    10M |   n/a   n/a   1    0      0    0    0   0%  81.9M    n/a  n/a
   0   4a |   7 1.0   18    13M  102  367  78%    10M |  99.9   ovl   1   27  1.77M    7   12  63%  81.9M  -543n  n/a
   0   4b |   7 1.0   18    13M  101  366  78%    10M |  99.9   n/a   1   27  3.25M   13   13  50%  81.9M    n/a  n/a
   1   4c |   7 1.0   19    13M  100  326  76%    10M |  99.9   n/a   1   27  1.27M    5   13  72%  81.9M    n/a  n/a
   1   4d |   7 1.0   19    14M  105  297  73%    10M |  99.9   ovl   1   27   517k    2   12  85%  81.9M  -968n  n/a
   1   4e |   7 1.0    0      0    0    0   0%    10M |   n/a   n/a   1    0      0    0    0   0%  81.9M    n/a  n/a
   1   4f |   7 1.0   19    15M  112  301  72%    10M |  99.9   n/a   1   27  2.04M    8   16  66%  81.9M    n/a  n/a
   1   50 |   7 1.0   19    13M  104  338  76%    10M |  99.9   ovl   1   27  1.26M    5   15  75%  81.9M   -11n  n/a
   1   51 |   7 1.0   19    15M  116  347  74%    10M |  99.9   ovl   1   27  2.01M    8   16  66%  81.9M   409n  n/a
   1   52 |   7 1.0    0      0    0    0   0%    10M |   n/a   n/a   1    0      0    0    0   0%  81.9M    n/a  n/a
   1   53 |   7 1.0    0      0    0    0   0%    10M |   n/a   n/a   1    0      0    0    0   0%  81.9M    n/a  n/a
   2   54 |   7 1.0   19    12M   96  308  76%    10M |  99.9   n/a   1   27  1.78M    7   16  69%  81.9M    n/a  n/a
   2   55 |   7 1.0   19    14M  104  293  73%    10M |  99.9   ovl   1   27  1.01M    4   14  77%  81.9M   602n  n/a
   2   56 |   7 1.0   19    11M   93  341  78%    10M |  99.9   n/a   1   27  1.00M    4   14  77%  81.9M    n/a  n/a
   2   57 |   7 1.0   19    13M   99  322  76%    10M |  99.9   ovl   1   27  1.01M    4   15  78%  81.9M  -660n  n/a
   2   58 |   7 1.0    0      0    0    0   0%    10M |   n/a   n/a   1    0      0    0    0   0%  81.9M    n/a  n/a
   2   59 |   7 1.0   19    12M  102  332  76%    10M |  99.9   n/a   1   27   762k    3   12  80%  81.9M    n/a  n/a
   2   5a |   7 1.0    0      0    0    0   0%    10M |   n/a   n/a   1    0      0    0    0   0%  81.9M    n/a  n/a
   2   5b |   7 1.0    0      0    0    0   0%    10M |   n/a   n/a   1    0      0    0    0   0%  81.9M    n/a  n/a
   3   5c |   7 1.0   18    13M   96  234  70%    10M |  99.9   ovl   1   27  3.25M   13   12  48%  81.9M  -771n  n/a
   3   5d |   7 1.0   18    14M  113  235  67%    10M |  99.9   ovl   1   27  2.77M   11    8  42%  81.9M   693n  n/a
   3   5e |   7 1.0   18    13M  102  270  72%    10M |  99.9   ovl   1   27  2.29M    9   12  57%  81.9M  -771n  n/a
   3   5f |   7 1.0    0      0    0    0   0%    10M |   n/a   n/a   1    0      0    0    0   0%  81.9M    n/a  n/a
   3   60 |   7 1.0   18    12M   93  267  74%    10M |  99.9   n/a   1   27  2.54M   10    9  47%  81.9M    n/a  n/a
   3   61 |   7 1.0   18    13M  116  260  69%    10M |  99.9   n/a   1   27  2.53M   10   11  52%  81.9M    n/a  n/a
   3   62 |   7 1.0   18    14M  106  243  69%    10M |  99.9   ovl   1   27  2.01M    8   12  60%  81.9M  -771n  n/a
   3   63 |   7 1.0    0      0    0    0   0%    10M |   n/a   n/a   1    0      0    0    0   0%  81.9M    n/a  n/a
   0   44 |   7 1.0   18    12M  104  451  81%    10M |  99.9   n/a   1   27  1.75M    7   12  63%  81.9M    n/a  n/a
   0   45 |   7 1.0   18    12M   97  408  80%    10M |  99.9   n/a   1   27  2.79M   11    6  35%  81.9M    n/a  n/a
   0   46 |   7 1.0   18    12M   95  389  80%    10M |  99.9   n/a   1   27  2.00M    8   11  57%  81.9M    n/a  n/a
   0   47 |   7 1.0    0      0    0    0   0%    10M |   n/a   n/a   1    0      0    0    0   0%  81.9M    n/a  n/a
   0   48 |   7 1.0   18    12M   88  434  83%    10M |  99.9   n/a   1   27  1.50M    6   12  66%  81.9M    n/a  n/a
   0   49 |   7 1.0    0      0    0    0   0%    10M |   n/a   n/a   1    0      0    0    0   0%  81.9M    n/a  n/a
   0   4a |   7 1.0   18    13M   98  464  82%    10M |  99.9   n/a   1   27  1.79M    7    7  50%  81.9M    n/a  n/a
   0   4b |   7 1.0   18    12M   91  427  82%    10M |  99.9   n/a   1   27  2.03M    8   12  60%  81.9M    n/a  n/a
   1   4c |   7 1.0   19    12M   95  348  78%    10M |  99.9   ovl   1   27  1.77M    7   14  66%  81.9M  -355n  n/a
   1   4d |   7 1.0   19    14M  102  363  78%    10M |  99.9   ovl   1   27  1.27M    5   16  76%  81.9M  -968n  n/a
   1   4e |   7 1.0    0      0    0    0   0%    10M |   n/a   n/a   1    0      0    0    0   0%  81.9M    n/a  n/a
   1   4f |   7 1.0   19    15M  105  295  73%    10M |  99.9   n/a   1   27  1.27M    5   12  70%  81.9M    n/a  n/a
   1   50 |   7 1.0   19    13M  102  309  75%    10M |  99.9   n/a   1   27  2.04M    8   13  61%  81.9M    n/a  n/a
   1   51 |   7 1.0   19    15M  116  341  74%    10M |  99.9   ovl   1   27  1.49M    6   12  66%  81.9M   484n  n/a
   1   52 |   7 1.0    0      0    0    0   0%    10M |   n/a   n/a   1    0      0    0    0   0%  81.9M    n/a  n/a
   1   53 |   7 1.0    0      0    0    0   0%    10M |   n/a   n/a   1    0      0    0    0   0%  81.9M    n/a  n/a
   2   54 |   7 1.0   19    13M   93  312  77%    10M |  99.9   n/a   1   27  1.53M    6   12  66%  81.9M    n/a  n/a
   2   55 |   7 1.0   19    14M  106  299  73%    10M |  99.9   ovl   1   27  1.75M    7   14  66%  81.9M    64n  n/a
   2   56 |   7 1.0   19    14M   96  319  76%    10M |  99.9   ovl   1   27  2.52M   10   12  54%  81.9M  -292n  n/a
   2   57 |   7 1.0   19    13M   97  328  77%    10M |  99.9   n/a   1   27  1.27M    5   13  72%  81.9M    n/a  n/a
   2   58 |   7 1.0    0      0    0    0   0%    10M |   n/a   n/a   1    0      0    0    0   0%  81.9M    n/a  n/a
   2   59 |   7 1.0   19    15M  116  298  71%    10M |  99.9   ovl   1   27  1.27M    5   15  75%  81.9M  -151n  n/a
   2   5a |   7 1.0    0      0    0    0   0%    10M |   n/a   n/a   1    0      0    0    0   0%  81.9M    n/a  n/a
   2   5b |   7 1.0    0      0    0    0   0%    10M |   n/a   n/a   1    0      0    0    0   0%  81.9M    n/a  n/a
   3   5c |   7 1.0   18    14M  105  208  66%    10M |  99.9   ovl   1   27  2.80M   11    9  45%  81.9M   765n  n/a
   3   5d |   7 1.0   18    15M  130  236  64%    10M |  99.9   n/a   1   27  2.51M   10   13  56%  81.9M    n/a  n/a
   3   5e |   7 1.0   18    14M  103  223  68%    10M |  99.9   n/a   1   27  2.80M   11   13  54%  81.9M    n/a  n/a
   3   5f |   7 1.0    0      0    0    0   0%    10M |   n/a   n/a   1    0      0    0    0   0%  81.9M    n/a  n/a
   3   60 |   7 1.0   18    14M  109  227  67%    10M |  99.9   n/a   1   27  3.79M   15    8  34%  81.9M    n/a  n/a
   3   61 |   7 1.0   18    14M  111  209  65%    10M |  99.9   n/a   1   27  2.51M   10    9  47%  81.9M    n/a  n/a
   3   62 |   7 1.0   18    13M   93  273  74%    10M |  99.9   n/a   1   27  1.01M    4   11  73%  81.9M    n/a  n/a
   3   63 |   7 1.0    0      0    0    0   0%    10M |   n/a   n/a   1    0      0    0    0   0%  81.9M    n/a  n/a
   0   44 |   7 1.0   18    13M  100  313  75%    10M |  99.9   n/a   1   27  3.05M   12   13  52%  81.9M    n/a  n/a
   0   45 |   7 1.0   18    11M   84  365  81%    10M |  99.9   ovl   1   27  2.28M    9   16  64%  81.9M    -1u  n/a
   0   46 |   7 1.0   18    14M  110  344  75%    10M |  99.9   ovl   1   27  2.54M   10   11  52%  81.9M   438n  n/a
   0   47 |   7 1.0    0      0    0    0   0%    10M |   n/a   n/a   1    0      0    0    0   0%  81.9M    n/a  n/a
   0   48 |   7 1.0   18    14M  113  263  69%    10M |  99.9   ovl   1   27  3.07M   12    8  40%  81.9M   438n  n/a
   0   49 |   7 1.0    0      0    0    0   0%    10M |   n/a   n/a   1    0      0    0    0   0%  81.9M    n/a  n/a
   0   4a |   7 1.0   18    13M   98  356  78%    10M |  99.9   ovl   1   27  2.03M    8    8  50%  81.9M  -895n  n/a
   0   4b |   7 1.0   18    12M   95  434  82%    10M |  99.9   n/a   1   27  2.53M   10    3  23%  81.9M    n/a  n/a
   1   4c |   7 1.0   19    13M  103  322  75%    10M |  99.9   n/a   1   27  1.51M    6   10  62%  81.9M    n/a  n/a
   1   4d |   7 1.0   19    14M  119  310  72%    10M |  99.9   n/a   1   27  1.77M    7   12  63%  81.9M    n/a  n/a
   1   4e |   7 1.0    0      0    0    0   0%    10M |   n/a   n/a   1    0      0    0    0   0%  81.9M    n/a  n/a
   1   4f |   7 1.0   19    13M  104  313  75%    10M |  99.9   ovl   1   27  2.75M   11   12  52%  81.9M   154n  n/a
   1   50 |   7 1.0   19    14M  106  290  73%    10M |  99.9   n/a   1   27  2.02M    8   12  60%  81.9M    n/a  n/a
   1   51 |   7 1.0   19    14M  113  344  75%    10M |  99.9   ovl   1   27  2.84M   11   12  52%  81.9M  -968n  n/a
   1   52 |   7 1.0    0      0    0    0   0%    10M |   n/a   n/a   1    0      0    0    0   0%  81.9M    n/a  n/a
   1   53 |   7 1.0    0      0    0    0   0%    10M |   n/a   n/a   1    0      0    0    0   0%  81.9M    n/a  n/a
   2   54 |   7 1.0   19    16M  112  275  71%    10M |  99.9   ovl   1   27  4.28M   17   11  39%  81.9M    17n  n/a
   2   55 |   7 1.0   19    16M  114  297  72%    10M |  99.9   n/a   1   27  1.52M    6   12  66%  81.9M    n/a  n/a
   2   56 |   7 1.0   19    15M  111  323  74%    10M |  99.9   ovl   1   27  4.28M   17   11  39%  81.9M  -221n  n/a
   2   57 |   7 1.0   19    15M  126  293  69%    10M |  99.9   ovl   1   27  2.28M    9   12  57%  81.9M  -149n  n/a
   2   58 |   7 1.0    0      0    0    0   0%    10M |   n/a   n/a   1    0      0    0    0   0%  81.9M    n/a  n/a
   2   59 |   7 1.0   19    16M  114  260  69%    10M |  99.9   n/a   1   27  1.25M    5   12  70%  81.9M    n/a  n/a
   2   5a |   7 1.0    0      0    0    0   0%    10M |   n/a   n/a   1    0      0    0    0   0%  81.9M    n/a  n/a
   2   5b |   7 1.0    0      0    0    0   0%    10M |   n/a   n/a   1    0      0    0    0   0%  81.9M    n/a  n/a

          |--------------------DL---------------------|-------------------------------UL-----------------------------
 pci rnti | cqi  ri  mcs  brate   ok  nok  (%)  dl_bs | pusch  rsrp  ri  mcs  brate   ok  nok  (%)    bsr     ta  phr
   3   5c |   7 1.0   18    12M   91  373  80%    10M |  99.9   ovl   1   27  2.53M   10    9  47%  81.9M  -771n  n/a
   3   5d |   7 1.0   19    12M  113  373  76%    10M |  99.9   ovl   1   27  1.49M    6   10  62%  81.9M  -771n  n/a
   3   5e |   7 1.0   18    11M   96  387  80%    10M |  99.9   n/a   1   27  2.28M    9    9  50%  81.9M    n/a  n/a
   3   5f |   7 1.0    0      0    0    0   0%    10M |   n/a   n/a   1    0      0    0    0   0%  81.9M    n/a  n/a
   3   60 |   7 1.0   18    10M   89  455  83%    10M |  99.9   n/a   1   27  1.99M    8    9  52%  81.9M    n/a  n/a
   3   61 |   7 1.0   19    12M   97  375  79%    10M |  99.9   n/a   1   27  1.25M    5   10  66%  81.9M    n/a  n/a
   3   62 |   7 1.0   18    11M   80  424  84%    10M |  99.9   n/a   1   27  2.02M    8    7  46%  81.9M    n/a  n/a
   3   63 |   7 1.0    0      0    0    0   0%    10M |   n/a   n/a   1    0      0    0    0   0%  81.9M    n/a  n/a
   0   44 |   7 1.0   18    15M  117  349  74%    10M |  99.9   ovl   1   27  3.80M   15    9  37%  81.9M    -1u  n/a
   0   45 |   7 1.0   18    14M  108  420  79%    10M |  99.9   ovl   1   27  4.10M   16    8  33%  81.9M  -543n  n/a
   0   46 |   7 1.0   18    14M  116  368  76%    10M |  99.9   ovl   1   27  2.77M   11   11  50%  81.9M  -734n  n/a
   0   47 |   7 1.0    0      0    0    0   0%    10M |   n/a   n/a   1    0      0    0    0   0%  81.9M    n/a  n/a
   0   48 |   7 1.0   18    15M  119  368  75%    10M |  99.9   n/a   1   27  2.27M    9    8  47%  81.9M    n/a  n/a
   0   49 |   7 1.0    0      0    0    0   0%    10M |   n/a   n/a   1    0      0    0    0   0%  81.9M    n/a  n/a
   0   4a |   7 1.0   18    15M  113  408  78%    10M |  99.9   ovl   1   27  2.30M    9   11  55%  81.9M  -229n  n/a
   0   4b |   7 1.0   19    14M  109  380  77%    10M |  99.9   ovl   1   27  1.79M    7   10  58%  81.9M  -543n  n/a
   1   4c |   7 1.0   19    14M  100  298  74%    10M |  99.9   n/a   1   27  1.02M    4   16  80%  81.9M    n/a  n/a
   1   4d |   7 1.0   19    13M  103  323  75%    10M |  99.9   ovl   1   27  2.78M   11   12  52%  81.9M   112n  n/a
   1   4e |   7 1.0    0      0    0    0   0%    10M |   n/a   n/a   1    0      0    0    0   0%  81.9M    n/a  n/a
   1   4f |   7 1.0   19    13M  107  332  75%    10M |  99.9   n/a   1   27   250k    1   16  94%  81.9M    n/a  n/a
   1   50 |   7 1.0   19  10.0M   76  369  82%    10M |  99.9   ovl   1   27  1.02M    4   14  77%  81.9M  -968n  n/a
   1   51 |   7 1.0   19    13M  102  336  76%    10M |  99.9   n/a   1   27  1.27M    5   15  75%  81.9M    n/a  n/a
   1   52 |   7 1.0    0      0    0    0   0%    10M |   n/a   n/a   1    0      0    0    0   0%  81.9M    n/a  n/a
   1   53 |   7 1.0    0      0    0    0   0%    10M |   n/a   n/a   1    0      0    0    0   0%  81.9M    n/a  n/a
   2   54 |   7 1.0   19    13M   96  330  77%    10M |  99.9   n/a   1   27   504k    2   16  88%  81.9M    n/a  n/a
   2   55 |   7 1.0   19    13M  110  329  74%    10M |  99.9   ovl   1   27  2.28M    9   12  57%  81.9M   211n  n/a
   2   56 |   7 1.0   19    11M   90  384  81%    10M |  99.9   n/a   1   27   246k    1   16  94%  81.9M    n/a  n/a
   2   57 |   7 1.0   19    13M  109  356  76%    10M |  99.9   n/a   1   27  1.77M    7   12  63%  81.9M    n/a  n/a
   2   58 |   7 1.0    0      0    0    0   0%    10M |   n/a   n/a   1    0      0    0    0   0%  81.9M    n/a  n/a
   2   59 |   7 1.0   19    13M  102  365  78%    10M |  99.9   n/a   1   27  1.27M    5   13  72%  81.9M    n/a  n/a
   2   5a |   7 1.0    0      0    0    0   0%    10M |   n/a   n/a   1    0      0    0    0   0%  81.9M    n/a  n/a
   2   5b |   7 1.0    0      0    0    0   0%    10M |   n/a   n/a   1    0      0    0    0   0%  81.9M    n/a  n/a
   3   5c |   7 1.0   19    12M   89  448  83%    10M |  99.9   n/a   1   27  2.03M    8   16  66%  81.9M    n/a  n/a
   3   5d |   7 1.0   19    13M   90  411  82%    10M |  99.9   n/a   1   27  1.01M    4    8  66%  81.9M    n/a  n/a
   3   5e |   7 1.0   19    12M   83  423  83%    10M |  99.9   ovl   1   27  2.27M    9   13  59%  81.9M   155n  n/a
   3   5f |   7 1.0    0      0    0    0   0%    10M |   n/a   n/a   1    0      0    0    0   0%  81.9M    n/a  n/a
   3   60 |   7 1.0   18    13M   96  403  80%    10M |  99.9   n/a   1   27  3.30M   13    7  35%  81.9M    n/a  n/a
   3   61 |   7 1.0   19    12M   92  411  81%    10M |  99.9   n/a   1   27  2.75M   11   13  54%  81.9M    n/a  n/a
   3   62 |   7 1.0   18    13M  103  400  79%    10M |  99.9   n/a   1   27   746k    3   12  80%  81.9M    n/a  n/a
   3   63 |   7 1.0    0      0    0    0   0%    10M |   n/a   n/a   1    0      0    0    0   0%  81.9M    n/a  n/a
   0   44 |   7 1.0   19    12M   95  411  81%    10M |  99.9   n/a   1   27  2.00M    8   11  57%  81.9M    n/a  n/a
   0   45 |   7 1.0   19    12M   94  483  83%    10M |  99.9   ovl   1   27  1.01M    4   10  71%  81.9M    -1u  n/a
   0   46 |   7 1.0   19    12M   84  454  84%    10M |  99.9   n/a   1   27  1.53M    6    4  40%  81.9M    n/a  n/a
   0   47 |   7 1.0    0      0    0    0   0%    10M |   n/a   n/a   1    0      0    0    0   0%  81.9M    n/a  n/a
   0   48 |   7 1.0   19    13M   91  505  84%    10M |  99.9   ovl   1   27  2.51M   10   13  56%  81.9M    -1u  n/a
   0   49 |   7 1.0    0      0    0    0   0%    10M |   n/a   n/a   1    0      0    0    0   0%  81.9M    n/a  n/a
   0   4a |   7 1.0   18    12M   84  506  85%    10M |  99.9   n/a   1   27  2.79M   11   12  52%  81.9M    n/a  n/a
   0   4b |   7 1.0   19    12M   91  450  83%    10M |  99.9   ovl   1   27  2.53M   10   10  50%  81.9M    32n  n/a
   1   4c |   7 1.0   19    13M  102  332  76%    10M |  99.9   ovl   1   27  1.77M    7   12  63%  81.9M  -126n  n/a
   1   4d |   7 1.0   19    14M  106  338  76%    10M |  99.9   n/a   1   27  1.50M    6   12  66%  81.9M    n/a  n/a
   1   4e |   7 1.0    0      0    0    0   0%    10M |   n/a   n/a   1    0      0    0    0   0%  81.9M    n/a  n/a
   1   4f |   7 1.0   19    14M  106  296  73%    10M |  99.9   n/a   1   27  1.52M    6   12  66%  81.9M    n/a  n/a
   1   50 |   7 1.0   19    14M  110  350  76%    10M |  99.9   ovl   1   27  2.53M   10   13  56%  81.9M   131n  n/a
   1   51 |   7 1.0   19    14M  105  324  75%    10M |  99.9   ovl   1   27  2.01M    8   12  60%  81.9M   111n  n/a
   1   52 |   7 1.0    0      0    0    0   0%    10M |   n/a   n/a   1    0      0    0    0   0%  81.9M    n/a  n/a
   1   53 |   7 1.0    0      0    0    0   0%    10M |   n/a   n/a   1    0      0    0    0   0%  81.9M    n/a  n/a
   2   54 |   7 1.0   19    13M   95  327  77%    10M |  99.9   ovl   1   27  1.53M    6   12  66%  81.9M   361n  n/a
   2   55 |   7 1.0   19    13M   99  309  75%    10M |  99.9   n/a   1   27  1.50M    6   12  66%  81.9M    n/a  n/a
   2   56 |   7 1.0   19    12M   98  343  77%    10M |  99.9   n/a   1   27  1.51M    6   12  66%  81.9M    n/a  n/a
   2   57 |   7 1.0   19    13M   96  305  76%    10M |  99.9   n/a   1   27  1.53M    6   16  72%  81.9M    n/a  n/a
   2   58 |   7 1.0    0      0    0    0   0%    10M |   n/a   n/a   1    0      0    0    0   0%  81.9M    n/a  n/a
   2   59 |   7 1.0   19    13M   97  305  75%    10M |  99.9   ovl   1   27  2.03M    8   12  60%  81.9M   -79n  n/a
   2   5a |   7 1.0    0      0    0    0   0%    10M |   n/a   n/a   1    0      0    0    0   0%  81.9M    n/a  n/a
   2   5b |   7 1.0    0      0    0    0   0%    10M |   n/a   n/a   1    0      0    0    0   0%  81.9M    n/a  n/a
   3   5c |   7 1.0   19    12M   90  514  85%    10M |  99.9   n/a   1   27  2.03M    8   10  55%  81.9M    n/a  n/a
   3   5d |   7 1.0   19    11M   84  504  85%    10M |  99.9   n/a   1   27  1.01M    4   11  73%  81.9M    n/a  n/a
   3   5e |   7 1.0   19    12M   87  500  85%    10M |  99.9   ovl   1   27  2.02M    8    9  52%  81.9M   424n  n/a
   3   5f |   7 1.0    0      0    0    0   0%    10M |   n/a   n/a   1    0      0    0    0   0%  81.9M    n/a  n/a
   3   60 |   7 1.0   19    12M   83  526  86%    10M |  99.9   n/a   1   27  1.77M    7    9  56%  81.9M    n/a  n/a
   3   61 |   7 1.0   19    12M   76  510  87%    10M |  99.9   n/a   1   27  1.78M    7    8  53%  81.9M    n/a  n/a
   3   62 |   7 1.0   19    12M   92  517  84%    10M |  99.9   ovl   1   27  1.76M    7   13  65%  81.9M   424n  n/a
   3   63 |   7 1.0    0      0    0    0   0%    10M |   n/a   n/a   1    0      0    0    0   0%  81.9M    n/a  n/a
   0   44 |   7 1.0   19    12M   95  449  82%    10M |  99.9   n/a   1   27  1.48M    6   11  64%  81.9M    n/a  n/a
   0   45 |   7 1.0   19    12M   86  438  83%    10M |  99.9   ovl   1   27  1.73M    7    8  53%  81.9M    -1u  n/a
   0   46 |   7 1.0   19    12M  105  385  78%    10M |  99.9   n/a   1   27  3.00M   12   14  53%  81.9M    n/a  n/a
   0   47 |   7 1.0    0      0    0    0   0%    10M |   n/a   n/a   1    0      0    0    0   0%  81.9M    n/a  n/a
   0   48 |   7 1.0   19    11M  100  432  81%    10M |  99.9   n/a   1   27  2.55M   10    7  41%  81.9M    n/a  n/a
   0   49 |   7 1.0    0      0    0    0   0%    10M |   n/a   n/a   1    0      0    0    0   0%  81.9M    n/a  n/a
   0   4a |   7 1.0   19    12M   99  405  80%    10M |  99.9   n/a   1   27  1.76M    7    9  56%  81.9M    n/a  n/a
   0   4b |   7 1.0   19    11M   85  483  85%    10M |  99.9   n/a   1   27  1.76M    7    9  56%  81.9M    n/a  n/a
   1   4c |   7 1.0   19    12M   96  380  79%    10M |  99.9   n/a   1   27  1.01M    4   12  75%  81.9M    n/a  n/a
   1   4d |   7 1.0   19    13M  100  352  77%    10M |  99.9   ovl   1   27  1.77M    7   13  65%  81.9M    13n  n/a
   1   4e |   7 1.0    0      0    0    0   0%    10M |   n/a   n/a   1    0      0    0    0   0%  81.9M    n/a  n/a
   1   4f |   7 1.0   19    14M  112  322  74%    10M |  99.9   ovl   1   27  2.27M    9   12  57%  81.9M    28n  n/a
   1   50 |   7 1.0   19    14M  105  297  73%    10M |  99.9   ovl   1   27  2.29M    9   10  52%  81.9M  -151n  n/a
   1   51 |   7 1.0   19    13M   99  347  77%    10M |  99.9   ovl   1   27  1.77M    7   12  63%  81.9M   257n  n/a
   1   52 |   7 1.0    0      0    0    0   0%    10M |   n/a   n/a   1    0      0    0    0   0%  81.9M    n/a  n/a
   1   53 |   7 1.0    0      0    0    0   0%    10M |   n/a   n/a   1    0      0    0    0   0%  81.9M    n/a  n/a

          |--------------------DL---------------------|-------------------------------UL-----------------------------
 pci rnti | cqi  ri  mcs  brate   ok  nok  (%)  dl_bs | pusch  rsrp  ri  mcs  brate   ok  nok  (%)    bsr     ta  phr
   2   54 |   7 1.0   19    13M   97  335  77%    10M |  99.9   n/a   1   27  2.25M    9   12  57%  81.9M    n/a  n/a
   2   55 |   7 1.0   19    13M  104  370  78%    10M |  99.9   ovl   1   27  1.27M    5   12  70%  81.9M    64n  n/a
   2   56 |   7 1.0   19    12M   86  321  78%    10M |  99.9   ovl   1   27  1.51M    6   12  66%  81.9M   -27n  n/a
   2   57 |   7 1.0   19    12M   97  390  80%    10M |  99.9   ovl   1   27  1.52M    6   10  62%  81.9M  -660n  n/a
   2   58 |   7 1.0    0      0    0    0   0%    10M |   n/a   n/a   1    0      0    0    0   0%  81.9M    n/a  n/a
   2   59 |   7 1.0   19    13M  100  326  76%    10M |  99.9   ovl   1   27  1.26M    5   12  70%  81.9M  -660n  n/a
   2   5a |   7 1.0    0      0    0    0   0%    10M |   n/a   n/a   1    0      0    0    0   0%  81.9M    n/a  n/a
   2   5b |   7 1.0    0      0    0    0   0%    10M |   n/a   n/a   1    0      0    0    0   0%  81.9M    n/a  n/a
   3   5c |   7 1.0   19    13M   93  441  82%    10M |  99.9   ovl   1   27  3.30M   13    9  40%  81.9M   155n  n/a
   3   5d |   7 1.0   19    11M   83  519  86%    10M |  99.9   ovl   1   27  1.76M    7   11  61%  81.9M   693n  n/a
   3   5e |   7 1.0   19    13M   92  443  82%    10M |  99.9   n/a   1   27  1.27M    5   10  66%  81.9M    n/a  n/a
   3   5f |   7 1.0    0      0    0    0   0%    10M |   n/a   n/a   1    0      0    0    0   0%  81.9M    n/a  n/a
   3   60 |   7 1.0   19    13M   85  418  83%    10M |  99.9   ovl   1   27  2.78M   11   11  50%  81.9M   155n  n/a
   3   61 |   7 1.0   19    12M   84  476  85%    10M |  99.9   n/a   1   27  1.80M    7    8  53%  81.9M    n/a  n/a
   3   62 |   7 1.0   19    12M   88  487  84%    10M |  99.9   n/a   1   27  1.53M    6    8  57%  81.9M    n/a  n/a
   3   63 |   7 1.0    0      0    0    0   0%    10M |   n/a   n/a   1    0      0    0    0   0%  81.9M    n/a  n/a
   0   44 |   7 1.0   19    13M   86  410  82%    10M |  99.9   ovl   1   27  2.03M    8    9  52%  81.9M    32n  n/a
   0   45 |   7 1.0   19    13M   98  396  80%    10M |  99.9   n/a   1   27  2.53M   10    9  47%  81.9M    n/a  n/a
   0   46 |   7 1.0   19    13M   92  400  81%    10M |  99.9   ovl   1   27  2.26M    9   10  52%  81.9M    32n  n/a
   0   47 |   7 1.0    0      0    0    0   0%    10M |   n/a   n/a   1    0      0    0    0   0%  81.9M    n/a  n/a
   0   48 |   7 1.0   19    13M   94  457  82%    10M |  99.9   n/a   1   27   250k    1    7  87%  81.9M    n/a  n/a
   0   49 |   7 1.0    0      0    0    0   0%    10M |   n/a   n/a   1    0      0    0    0   0%  81.9M    n/a  n/a
   0   4a |   7 1.0   19    13M   90  383  80%    10M |  99.9   n/a   1   27  1.77M    7   15  68%  81.9M    n/a  n/a
   0   4b |   7 1.0   19    13M  101  396  79%    10M |  99.9   n/a   1   27  1.76M    7    9  56%  81.9M    n/a  n/a
   1   4c |   7 1.0   19    15M  113  306  73%    10M |  99.9   n/a   1   27  1.01M    4   12  75%  81.9M    n/a  n/a
   1   4d |   7 1.0   19    15M  112  328  74%    10M |  99.9   n/a   1   27  1.78M    7   15  68%  81.9M    n/a  n/a
   1   4e |   7 1.0    0      0    0    0   0%    10M |   n/a   n/a   1    0      0    0    0   0%  81.9M    n/a  n/a
   1   4f |   7 1.0   19    16M  113  319  73%    10M |  99.9   ovl   1   27  3.55M   14   12  46%  81.9M   154n  n/a
   1   50 |   7 1.0   19    15M  104  281  72%    10M |  99.9   n/a   1   27  1.01M    4   15  78%  81.9M    n/a  n/a
   1   51 |   7 1.0   19    16M  125  273  68%    10M |  99.9   ovl   1   27  2.53M   10   12  54%  81.9M  -138n  n/a
   1   52 |   7 1.0    0      0    0    0   0%    10M |   n/a   n/a   1    0      0    0    0   0%  81.9M    n/a  n/a
   1   53 |   7 1.0    0      0    0    0   0%    10M |   n/a   n/a   1    0      0    0    0   0%  81.9M    n/a  n/a
   2   54 |   7 1.0   19    15M  108  307  73%    10M |  99.9   n/a   1   27  1.52M    6   12  66%  81.9M    n/a  n/a
   2   55 |   7 1.0   19    16M  117  284  70%    10M |  99.9   ovl   1   27  1.52M    6   16  72%  81.9M    69n  n/a
   2   56 |   7 1.0   19    17M  118  333  73%    10M |  99.9   ovl   1   27  4.04M   16   11  40%  81.9M   227n  n/a
   2   57 |   7 1.0   19    15M  127  337  72%    10M |  99.9   n/a   1   27  1.01M    4   14  77%  81.9M    n/a  n/a
   2   58 |   7 1.0    0      0    0    0   0%    10M |   n/a   n/a   1    0      0    0    0   0%  81.9M    n/a  n/a
   2   59 |   7 1.0   19    16M  121  290  70%    10M |  99.9   ovl   1   27  3.58M   14   11  44%  81.9M   333n  n/a
   2   5a |   7 1.0    0      0    0    0   0%    10M |   n/a   n/a   1    0      0    0    0   0%  81.9M    n/a  n/a
   2   5b |   7 1.0    0      0    0    0   0%    10M |   n/a   n/a   1    0      0    0    0   0%  81.9M    n/a  n/a
   3   5c |   7 1.0   19    12M   87  487  84%    10M |  99.9   n/a   1   27  1.26M    5   11  68%  81.9M    n/a  n/a
   3   5d |   7 1.0   19    11M   81  440  84%    10M |  99.9   n/a   1   27  1.78M    7   11  61%  81.9M    n/a  n/a
   3   5e |   7 1.0   19    11M   84  560  86%    10M |  99.9   n/a   1   27  2.01M    8   12  60%  81.9M    n/a  n/a
   3   5f |   7 1.0    0      0    0    0   0%    10M |   n/a   n/a   1    0      0    0    0   0%  81.9M    n/a  n/a
   3   60 |   7 1.0   19    11M   89  464  83%    10M |  99.9   n/a   1   27  2.01M    8    9  52%  81.9M    n/a  n/a
   3   61 |   7 1.0   19    10M   80  506  86%    10M |  99.9   n/a   1   27   746k    3   10  76%  81.9M    n/a  n/a
   3   62 |   7 1.0   19    11M   89  480  84%    10M |  99.9   n/a   1   27   508k    2   10  83%  81.9M    n/a  n/a
   3   63 |   7 1.0    0      0    0    0   0%    10M |   n/a   n/a   1    0      0    0    0   0%  81.9M    n/a  n/a
   0   44 |   7 1.0   19    12M   89  428  82%    10M |  99.9   n/a   1   27  1.51M    6   12  66%  81.9M    n/a  n/a
   0   45 |   7 1.0   19    10M   75  536  87%    10M |  99.9   ovl   1   27  1.24M    5   10  66%  81.9M    -1u  n/a
   0   46 |   7 1.0   19    12M   87  454  83%    10M |  99.9   n/a   1   27  2.27M    9   15  62%  81.9M    n/a  n/a
   0   47 |   7 1.0    0      0    0    0   0%    10M |   n/a   n/a   1    0      0    0    0   0%  81.9M    n/a  n/a
   0   48 |   7 1.0   19    12M   90  450  83%    10M |  99.9   n/a   1   27  1.52M    6   15  71%  81.9M    n/a  n/a
   0   49 |   7 1.0    0      0    0    0   0%    10M |   n/a   n/a   1    0      0    0    0   0%  81.9M    n/a  n/a
   0   4a |   7 1.0   19    11M   84  517  86%    10M |  99.9   n/a   1   27  1.78M    7   13  65%  81.9M    n/a  n/a
   0   4b |   7 1.0   19    11M   79  496  86%    10M |  99.9   n/a   1   27  1.77M    7   14  66%  81.9M    n/a  n/a
   1   4c |   7 1.0   19    16M  110  235  68%    10M |  99.9   n/a   1   27  1.77M    7   16  69%  81.9M    n/a  n/a
   1   4d |   7 1.0   19    15M  124  313  71%    10M |  99.9   ovl   1   27  3.02M   12   12  50%  81.9M  -114n  n/a
   1   4e |   7 1.0    0      0    0    0   0%    10M |   n/a   n/a   1    0      0    0    0   0%  81.9M    n/a  n/a
   1   4f |   7 1.0   19    16M  116  291  71%    10M |  99.9   n/a   1   27  1.51M    6   15  71%  81.9M    n/a  n/a
   1   50 |   7 1.0   19    15M  114  291  71%    10M |  99.9   ovl   1   27  3.27M   13   12  48%  81.9M   -50n  n/a
   1   51 |   7 1.0   19    17M  130  286  68%    10M |  99.9   n/a   1   27  2.03M    8   15  65%  81.9M    n/a  n/a
   1   52 |   7 1.0    0      0    0    0   0%    10M |   n/a   n/a   1    0      0    0    0   0%  81.9M    n/a  n/a
   1   53 |   7 1.0    0      0    0    0   0%    10M |   n/a   n/a   1    0      0    0    0   0%  81.9M    n/a  n/a
   2   54 |   7 1.0   19    17M  119  309  72%    10M |  99.9   n/a   1   27  1.77M    7   14  66%  81.9M    n/a  n/a
   2   55 |   7 1.0   19    15M  111  311  73%    10M |  99.9   ovl   1   27  3.55M   14   12  46%  81.9M   -57n  n/a
   2   56 |   7 1.0   19    15M  110  293  72%    10M |  99.9   n/a   1   27  2.03M    8   15  65%  81.9M    n/a  n/a
   2   57 |   7 1.0   19    17M  124  302  70%    10M |  99.9   ovl   1   27  3.02M   12   12  50%  81.9M  -660n  n/a
   2   58 |   7 1.0    0      0    0    0   0%    10M |   n/a   n/a   1    0      0    0    0   0%  81.9M    n/a  n/a
   2   59 |   7 1.0   19    16M  113  290  71%    10M |  99.9   n/a   1   27  2.02M    8   16  66%  81.9M    n/a  n/a
   2   5a |   7 1.0    0      0    0    0   0%    10M |   n/a   n/a   1    0      0    0    0   0%  81.9M    n/a  n/a
   2   5b |   7 1.0    0      0    0    0   0%    10M |   n/a   n/a   1    0      0    0    0   0%  81.9M    n/a  n/a
   3   5c |   7 1.0   19    15M  116  408  77%    10M |  99.9   ovl   1   27  1.50M    6    8  57%  81.9M   730n  n/a
   3   5d |   7 1.0   19    14M   99  455  82%    10M |  99.9   n/a   1   27  1.26M    5    9  64%  81.9M    n/a  n/a
   3   5e |   7 1.0   19    16M  118  377  76%    10M |  99.9   n/a   1   27  3.29M   13    9  40%  81.9M    n/a  n/a
   3   5f |   7 1.0    0      0    0    0   0%    10M |   n/a   n/a   1    0      0    0    0   0%  81.9M    n/a  n/a
   3   60 |   7 1.0   19    15M  101  402  79%    10M |  99.9   ovl   1   27  2.53M   10   11  52%  81.9M   693n  n/a
   3   61 |   7 1.0   19    14M  102  382  78%    10M |  99.9   ovl   1   27  2.79M   11   12  52%  81.9M   693n  n/a
   3   62 |   7 1.0   19    15M  108  457  80%    10M |  99.9   n/a   1   27  1.25M    5   10  66%  81.9M    n/a  n/a
   3   63 |   7 1.0    0      0    0    0   0%    10M |   n/a   n/a   1    0      0    0    0   0%  81.9M    n/a  n/a
   0   44 |   7 1.0   19    16M  123  372  75%    10M |  99.9   ovl   1   27  2.28M    9    9  50%  81.9M    32n  n/a
   0   45 |   7 1.0   19    16M  108  402  78%    10M |  99.9   n/a   1   27  2.29M    9   11  55%  81.9M    n/a  n/a
   0   46 |   7 1.0   19    16M  115  402  77%    10M |  99.9   n/a   1   27  3.55M   14   11  44%  81.9M    n/a  n/a
   0   47 |   7 1.0    0      0    0    0   0%    10M |   n/a   n/a   1    0      0    0    0   0%  81.9M    n/a  n/a
   0   48 |   7 1.0   19    16M  117  414  77%    10M |  99.9   n/a   1   27  3.78M   15    6  28%  81.9M    n/a  n/a
   0   49 |   7 1.0    0      0    0    0   0%    10M |   n/a   n/a   1    0      0    0    0   0%  81.9M    n/a  n/a
   0   4a |   7 1.0   19    16M  119  404  77%    10M |  99.9   n/a   1   27  1.77M    7   12  63%  81.9M    n/a  n/a
   0   4b |   7 1.0   19    16M  121  391  76%    10M |  99.9   ovl   1   27  2.04M    8   11  57%  81.9M    -1u  n/a

          |--------------------DL---------------------|-------------------------------UL-----------------------------
 pci rnti | cqi  ri  mcs  brate   ok  nok  (%)  dl_bs | pusch  rsrp  ri  mcs  brate   ok  nok  (%)    bsr     ta  phr
   1   4c |   7 1.0   19    15M  107  286  72%    10M |  99.9   ovl   1   27  2.51M   10   12  54%  81.9M   277n  n/a
   1   4d |   7 1.0   19    15M  114  330  74%    10M |  99.9   ovl   1   27  2.02M    8   12  60%  81.9M   655n  n/a
   1   4e |   7 1.0    0      0    0    0   0%    10M |   n/a   n/a   1    0      0    0    0   0%  81.9M    n/a  n/a
   1   4f |   7 1.0   19    16M  109  278  71%    10M |  99.9   n/a   1   27  1.52M    6   13  68%  81.9M    n/a  n/a
   1   50 |   7 1.0   19    14M  102  341  76%    10M |  99.9   ovl   1   27  1.77M    7   15  68%  81.9M  -431n  n/a
   1   51 |   7 1.0   19    15M  109  317  74%    10M |  99.9   n/a   1   27  2.28M    9   13  59%  81.9M    n/a  n/a
   1   52 |   7 1.0    0      0    0    0   0%    10M |   n/a   n/a   1    0      0    0    0   0%  81.9M    n/a  n/a
   1   53 |   7 1.0    0      0    0    0   0%    10M |   n/a   n/a   1    0      0    0    0   0%  81.9M    n/a  n/a
   2   54 |   7 1.0   19    13M  107  344  76%    10M |  99.9   ovl   1   27  1.52M    6   14  70%  81.9M  -660n  n/a
   2   55 |   7 1.0   19    14M  105  305  74%    10M |  99.9   ovl   1   27  1.52M    6   15  71%  81.9M  -174n  n/a
   2   56 |   7 1.0   19    14M   99  288  74%    10M |  99.9   n/a   1   27  1.77M    7   13  65%  81.9M    n/a  n/a
   2   57 |   7 1.0   19    14M  102  331  76%    10M |  99.9   n/a   1   27  1.25M    5   15  75%  81.9M    n/a  n/a
   2   58 |   7 1.0    0      0    0    0   0%    10M |   n/a   n/a   1    0      0    0    0   0%  81.9M    n/a  n/a
   2   59 |   7 1.0   19    15M  100  326  76%    10M |  99.9   ovl   1   27  2.29M    9   12  57%  81.9M   606n  n/a
   2   5a |   7 1.0    0      0    0    0   0%    10M |   n/a   n/a   1    0      0    0    0   0%  81.9M    n/a  n/a
   2   5b |   7 1.0    0      0    0    0   0%    10M |   n/a   n/a   1    0      0    0    0   0%  81.9M    n/a  n/a
   3   5c |   7 1.0   19    11M   75  417  84%    10M |  99.9   n/a   1   27  1.00M    4   12  75%  81.9M    n/a  n/a
   3   5d |   7 1.0   19    11M   78  502  86%    10M |  99.9   n/a   1   27  1.28M    5   14  73%  81.9M    n/a  n/a
   3   5e |   7 1.0   19    11M   74  523  87%    10M |  99.9   n/a   1   27  1.52M    6   12  66%  81.9M    n/a  n/a
   3   5f |   7 1.0    0      0    0    0   0%    10M |   n/a   n/a   1    0      0    0    0   0%  81.9M    n/a  n/a
   3   60 |   7 1.0   19    10M   74  494  86%    10M |  99.9   n/a   1   27  1.02M    4   11  73%  81.9M    n/a  n/a
   3   61 |   7 1.0   19    10M   76  551  87%    10M |  99.9   n/a   1   27  1.25M    5   16  76%  81.9M    n/a  n/a
   3   62 |   7 1.0   19  10.0M   70  475  87%    10M |  99.9   n/a   1   27  1.51M    6   15  71%  81.9M    n/a  n/a
   3   63 |   7 1.0    0      0    0    0   0%    10M |   n/a   n/a   1    0      0    0    0   0%  81.9M    n/a  n/a
   0   44 |   7 1.0   19    13M   96  297  75%    10M |  99.9   n/a   1   27  3.30M   13   12  48%  81.9M    n/a  n/a
   0   45 |   7 1.0   19    13M  100  294  74%    10M |  99.9   n/a   1   27  3.04M   12   11  47%  81.9M    n/a  n/a
   0   46 |   7 1.0   19    13M   96  339  77%    10M |  99.9   ovl   1   27  2.28M    9   10  52%  81.9M  -895n  n/a
   0   47 |   7 1.0    0      0    0    0   0%    10M |   n/a   n/a   1    0      0    0    0   0%  81.9M    n/a  n/a
   0   48 |   7 1.0   19    12M   83  392  82%    10M |  99.9   n/a   1   27  1.02M    4   12  75%  81.9M    n/a  n/a
   0   49 |   7 1.0    0      0    0    0   0%    10M |   n/a   n/a   1    0      0    0    0   0%  81.9M    n/a  n/a
   0   4a |   7 1.0   19    13M  100  352  77%    10M |  99.9   n/a   1   27  1.02M    4    5  55%  81.9M    n/a  n/a
   0   4b |   7 1.0   19    13M  101  339  77%    10M |  99.9   n/a   1   27  1.80M    7   12  63%  81.9M    n/a  n/a
   1   4c |   7 1.0   19    13M   96  334  77%    10M |  99.9   ovl   1   27  1.77M    7   16  69%  81.9M     8n  n/a
   1   4d |   7 1.0   19    13M   98  386  79%    10M |  99.9   ovl   1   27  1.26M    5   16  76%  81.9M   258n  n/a
   1   4e |   7 1.0    0      0    0    0   0%    10M |   n/a   n/a   1    0      0    0    0   0%  81.9M    n/a  n/a
   1   4f |   7 1.0   19    14M  100  358  78%    10M |  99.9   n/a   1   27  1.50M    6   12  66%  81.9M    n/a  n/a
   1   50 |   7 1.0   19    12M   93  373  80%    10M |  99.9   ovl   1   27  1.00M    4   13  76%  81.9M   900n  n/a
   1   51 |   7 1.0   19    14M  104  336  76%    10M |  99.9   n/a   1   27  1.52M    6   12  66%  81.9M    n/a  n/a
   1   52 |   7 1.0    0      0    0    0   0%    10M |   n/a   n/a   1    0      0    0    0   0%  81.9M    n/a  n/a
   1   53 |   7 1.0    0      0    0    0   0%    10M |   n/a   n/a   1    0      0    0    0   0%  81.9M    n/a  n/a
   2   54 |   7 1.0   19    13M   90  340  79%    10M |  99.9   ovl   1   27  1.27M    5   12  70%  81.9M    64n  n/a
   2   55 |   7 1.0   19    14M  105  330  75%    10M |  99.9   ovl   1   27  1.00M    4   13  76%  81.9M  -660n  n/a
   2   56 |   7 1.0   19    13M  113  285  71%    10M |  99.9   n/a   1   27  1.51M    6   12  66%  81.9M    n/a  n/a
   2   57 |   7 1.0   19    13M  106  347  76%    10M |  99.9   ovl   1   27  1.51M    6   13  68%  81.9M    74n  n/a
   2   58 |   7 1.0    0      0    0    0   0%    10M |   n/a   n/a   1    0      0    0    0   0%  81.9M    n/a  n/a
   2   59 |   7 1.0   19    14M  114  346  75%    10M |  99.9   n/a   1   27  1.01M    4   14  77%  81.9M    n/a  n/a
   2   5a |   7 1.0    0      0    0    0   0%    10M |   n/a   n/a   1    0      0    0    0   0%  81.9M    n/a  n/a
   2   5b |   7 1.0    0      0    0    0   0%    10M |   n/a   n/a   1    0      0    0    0   0%  81.9M    n/a  n/a
   3   5c |   7 1.0   19    11M   89  573  86%    10M |  99.9   n/a   1   27  1.01M    4   10  71%  81.9M    n/a  n/a
   3   5d |   7 1.0   19    12M   87  589  87%    10M |  99.9   n/a   1   27  1.02M    4   11  73%  81.9M    n/a  n/a
   3   5e |   7 1.0   19    12M   82  518  86%    10M |  99.9   n/a   1   27  2.26M    9   11  55%  81.9M    n/a  n/a
   3   5f |   7 1.0    0      0    0    0   0%    10M |   n/a   n/a   1    0      0    0    0   0%  81.9M    n/a  n/a
   3   60 |   7 1.0   19    12M   83  520  86%    10M |  99.9   n/a   1   27  2.53M   10    8  44%  81.9M    n/a  n/a
   3   61 |   7 1.0   19    12M   84  534  86%    10M |  99.9   n/a   1   27  1.01M    4   10  71%  81.9M    n/a  n/a
   3   62 |   7 1.0   19    12M   88  509  85%    10M |  99.9   n/a   1   27  1.24M    5   10  66%  81.9M    n/a  n/a
   3   63 |   7 1.0    0      0    0    0   0%    10M |   n/a   n/a   1    0      0    0    0   0%  81.9M    n/a  n/a
   0   44 |   7 1.0   19    11M   83  389  82%    10M |  99.9   n/a   1   27  1.28M    5   12  70%  81.9M    n/a  n/a
   0   45 |   7 1.0   19    12M   91  392  81%    10M |  99.9   ovl   1   27  2.51M   10   14  58%  81.9M    -1u  n/a
   0   46 |   7 1.0   19    13M  103  382  78%    10M |  99.9   ovl   1   27  2.78M   11   12  52%  81.9M  -543n  n/a
   0   47 |   7 1.0    0      0    0    0   0%    10M |   n/a   n/a   1    0      0    0    0   0%  81.9M    n/a  n/a
   0   48 |   7 1.0   19    10M   76  473  86%    10M |  99.9   n/a   1   27   996k    4   11  73%  81.9M    n/a  n/a
   0   49 |   7 1.0    0      0    0    0   0%    10M |   n/a   n/a   1    0      0    0    0   0%  81.9M    n/a  n/a
   0   4a |   7 1.0   19    12M   92  412  81%    10M |  99.9   n/a   1   27   992k    4   15  78%  81.9M    n/a  n/a
   0   4b |   7 1.0   19    11M   89  421  82%    10M |  99.9   n/a   1   27  1.51M    6   11  64%  81.9M    n/a  n/a
   1   4c |   7 1.0   19    13M   92  389  80%    10M |  99.9   ovl   1   27  1.51M    6   12  66%  81.9M   900n  n/a
   1   4d |   7 1.0   19    13M   95  366  79%    10M |  99.9   n/a   1   27  1.00M    4   12  75%  81.9M    n/a  n/a
   1   4e |   7 1.0    0      0    0    0   0%    10M |   n/a   n/a   1    0      0    0    0   0%  81.9M    n/a  n/a
   1   4f |   7 1.0   19    14M  103  308  74%    10M |  99.9   ovl   1   27  3.05M   12   16  57%  81.9M  -463n  n/a
   1   50 |   7 1.0   19    14M  110  357  76%    10M |  99.9   n/a   1   27  2.02M    8   12  60%  81.9M    n/a  n/a
   1   51 |   7 1.0   19    13M  103  362  77%    10M |  99.9   n/a   1   27  1.02M    4   16  80%  81.9M    n/a  n/a
   1   52 |   7 1.0    0      0    0    0   0%    10M |   n/a   n/a   1    0      0    0    0   0%  81.9M    n/a  n/a
   1   53 |   7 1.0    0      0    0    0   0%    10M |   n/a   n/a   1    0      0    0    0   0%  81.9M    n/a  n/a
   2   54 |   7 1.0   19    13M  100  329  76%    10M |  99.9   ovl   1   27  2.04M    8   16  66%  81.9M    69n  n/a
   2   55 |   7 1.0   19    14M  109  323  74%    10M |  99.9   n/a   1   27  1.77M    7   12  63%  81.9M    n/a  n/a
   2   56 |   7 1.0   19    13M   95  331  77%    10M |  99.9   ovl   1   27  2.03M    8   16  66%  81.9M   604n  n/a
   2   57 |   7 1.0   19    14M   99  304  75%    10M |  99.9   n/a   1   27  2.04M    8   12  60%  81.9M    n/a  n/a
   2   58 |   7 1.0    0      0    0    0   0%    10M |   n/a   n/a   1    0      0    0    0   0%  81.9M    n/a  n/a
   2   59 |   7 1.0   19    14M  106  345  76%    10M |  99.9   n/a   1   27   766k    3   14  82%  81.9M    n/a  n/a
   2   5a |   7 1.0    0      0    0    0   0%    10M |   n/a   n/a   1    0      0    0    0   0%  81.9M    n/a  n/a
   2   5b |   7 1.0    0      0    0    0   0%    10M |   n/a   n/a   1    0      0    0    0   0%  81.9M    n/a  n/a
   3   5c |   7 1.0   19    15M  104  409  79%    10M |  99.9   ovl   1   27  2.52M   10   11  52%  81.9M   155n  n/a
   3   5d |   7 1.0   19    14M   93  411  81%    10M |  99.9   ovl   1   27  2.03M    8    9  52%  81.9M  -771n  n/a
   3   5e |   7 1.0   19    15M   92  368  80%    10M |  99.9   ovl   1   27  1.76M    7   11  61%  81.9M   155n  n/a
   3   5f |   7 1.0    0      0    0    0   0%    10M |   n/a   n/a   1    0      0    0    0   0%  81.9M    n/a  n/a
   3   60 |   7 1.0   19    14M   94  343  78%    10M |  99.9   ovl   1   27  2.03M    8   14  63%  81.9M   693n  n/a
   3   61 |   7 1.0   19    14M  104  424  80%    10M |  99.9   ovl   1   27  1.51M    6   12  66%  81.9M    -2n  n/a
   3   62 |   7 1.0   19    14M   91  458  83%    10M |  99.9   n/a   1   27  1.76M    7    8  53%  81.9M    n/a  n/a
   3   63 |   7 1.0    0      0    0    0   0%    10M |   n/a   n/a   1    0      0    0    0   0%  81.9M    n/a  n/a

          |--------------------DL---------------------|-------------------------------UL-----------------------------
 pci rnti | cqi  ri  mcs  brate   ok  nok  (%)  dl_bs | pusch  rsrp  ri  mcs  brate   ok  nok  (%)    bsr     ta  phr
   0   44 |   7 1.0   19    12M   90  370  80%    10M |  99.9   n/a   1   27  1.27M    5   10  66%  81.9M    n/a  n/a
   0   45 |   7 1.0   19    12M   96  466  82%    10M |  99.9   ovl   1   27  2.55M   10    7  41%  81.9M    32n  n/a
   0   46 |   7 1.0   19    13M  102  449  81%    10M |  99.9   n/a   1   27  2.27M    9   10  52%  81.9M    n/a  n/a
   0   47 |   7 1.0    0      0    0    0   0%    10M |   n/a   n/a   1    0      0    0    0   0%  81.9M    n/a  n/a
   0   48 |   7 1.0   19    12M   84  470  84%    10M |  99.9   n/a   1   27  3.30M   13   10  43%  81.9M    n/a  n/a
   0   49 |   7 1.0    0      0    0    0   0%    10M |   n/a   n/a   1    0      0    0    0   0%  81.9M    n/a  n/a
   0   4a |   7 1.0   19    12M   88  458  83%    10M |  99.9   ovl   1   27  1.29M    5    8  61%  81.9M    32n  n/a
   0   4b |   7 1.0   19    13M   93  454  82%    10M |  99.9   n/a   1   27  1.77M    7   14  66%  81.9M    n/a  n/a
   1   4c |   7 1.0   19    14M  105  345  76%    10M |  99.9   n/a   1   27  1.01M    4   12  75%  81.9M    n/a  n/a
   1   4d |   7 1.0   19    14M  102  381  78%    10M |  99.9   n/a   1   27  1.53M    6   12  66%  81.9M    n/a  n/a
   1   4e |   7 1.0    0      0    0    0   0%    10M |   n/a   n/a   1    0      0    0    0   0%  81.9M    n/a  n/a
   1   4f |   7 1.0   19    14M  101  381  79%    10M |  99.9   ovl   1   27  1.50M    6   12  66%  81.9M  -431n  n/a
   1   50 |   7 1.0   19    14M  108  363  77%    10M |  99.9   n/a   1   27  2.01M    8   12  60%  81.9M    n/a  n/a
   1   51 |   7 1.0   19    14M  109  345  75%    10M |  99.9   ovl   1   27  1.01M    4   12  75%  81.9M  -968n  n/a
   1   52 |   7 1.0    0      0    0    0   0%    10M |   n/a   n/a   1    0      0    0    0   0%  81.9M    n/a  n/a
   1   53 |   7 1.0    0      0    0    0   0%    10M |   n/a   n/a   1    0      0    0    0   0%  81.9M    n/a  n/a
   2   54 |   7 1.0   19    13M   99  323  76%    10M |  99.9   n/a   1   27  1.01M    4   12  75%  81.9M    n/a  n/a
   2   55 |   7 1.0   19    14M  105  301  74%    10M |  99.9   n/a   1   27  1.52M    6   12  66%  81.9M    n/a  n/a
   2   56 |   7 1.0   19    12M   96  338  77%    10M |  99.9   n/a   1   27  1.26M    5   12  70%  81.9M    n/a  n/a
   2   57 |   7 1.0   19    14M  101  348  77%    10M |  99.9   ovl   1   27  1.25M    5   15  75%  81.9M  -292n  n/a
   2   58 |   7 1.0    0      0    0    0   0%    10M |   n/a   n/a   1    0      0    0    0   0%  81.9M    n/a  n/a
   2   59 |   7 1.0   19    14M  108  317  74%    10M |  99.9   ovl   1   27  1.25M    5   12  70%  81.9M   846n  n/a
   2   5a |   7 1.0    0      0    0    0   0%    10M |   n/a   n/a   1    0      0    0    0   0%  81.9M    n/a  n/a
   2   5b |   7 1.0    0      0    0    0   0%    10M |   n/a   n/a   1    0      0    0    0   0%  81.9M    n/a  n/a
   3   5c |   7 1.0   19    10M   92  457  83%    10M |  99.9   ovl   1   27  1.77M    7   12  63%  81.9M   461n  n/a
   3   5d |   7 1.0   19   9.6M   75  542  87%    10M |  99.9   ovl   1   27  1.27M    5   11  68%  81.9M   538n  n/a
   3   5e |   7 1.0   19    11M   78  434  84%    10M |  99.9   ovl   1   27  1.75M    7   10  58%  81.9M   205n  n/a
   3   5f |   7 1.0    0      0    0    0   0%    10M |   n/a   n/a   1    0      0    0    0   0%  81.9M    n/a  n/a
   3   60 |   7 1.0   19    11M   85  486  85%    10M |  99.9   n/a   1   27  1.01M    4   13  76%  81.9M    n/a  n/a
   3   61 |   7 1.0   19   9.2M   63  463  88%    10M |  99.9   ovl   1   27  1.51M    6   12  66%  81.9M   514n  n/a
   3   62 |   7 1.0   19    11M   86  442  83%    10M |  99.9   ovl   1   27  1.25M    5   13  72%  81.9M   424n  n/a
   3   63 |   7 1.0    0      0    0    0   0%    10M |   n/a   n/a   1    0      0    0    0   0%  81.9M    n/a  n/a
   0   44 |   7 1.0   19    11M   83  489  85%    10M |  99.9   n/a   1   27  1.01M    4   10  71%  81.9M    n/a  n/a
   0   45 |   7 1.0   19    11M   79  496  86%    10M |  99.9   ovl   1   27  3.53M   14    7  33%  81.9M    -1u  n/a
   0   46 |   7 1.0   19    11M   83  567  87%    10M |  99.9   n/a   1   27  1.52M    6   12  66%  81.9M    n/a  n/a
   0   47 |   7 1.0    0      0    0    0   0%    10M |   n/a   n/a   1    0      0    0    0   0%  81.9M    n/a  n/a
   0   48 |   7 1.0   19    11M   80  466  85%    10M |  99.9   n/a   1   27   762k    3    7  70%  81.9M    n/a  n/a
   0   49 |   7 1.0    0      0    0    0   0%    10M |   n/a   n/a   1    0      0    0    0   0%  81.9M    n/a  n/a
   0   4a |   7 1.0   19    11M   71  503  87%    10M |  99.9   n/a   1   27  2.00M    8   11  57%  81.9M    n/a  n/a
   0   4b |   7 1.0   19    11M   71  478  87%    10M |  99.9   n/a   1   27  1.25M    5   13  72%  81.9M    n/a  n/a
   1   4c |   7 1.0   19    15M  101  330  76%    10M |  99.9   ovl   1   27  5.02M   20   11  35%  81.9M   183n  n/a
   1   4d |   7 1.0   19    17M  120  327  73%    10M |  99.9   ovl   1   27  2.55M   10   12  54%  81.9M  -151n  n/a
   1   4e |   7 1.0    0      0    0    0   0%    10M |   n/a   n/a   1    0      0    0    0   0%  81.9M    n/a  n/a
   1   4f |   7 1.0   19    16M  112  315  73%    10M |  99.9   n/a   1   27  1.77M    7   12  63%  81.9M    n/a  n/a
   1   50 |   7 1.0   19    15M  113  307  73%    10M |  99.9   ovl   1   27  2.28M    9   12  57%  81.9M   409n  n/a
   1   51 |   7 1.0   19    16M  123  326  72%    10M |  99.9   ovl   1   27  2.78M   11   12  52%  81.9M    13n  n/a
   1   52 |   7 1.0    0      0    0    0   0%    10M |   n/a   n/a   1    0      0    0    0   0%  81.9M    n/a  n/a
   1   53 |   7 1.0    0      0    0    0   0%    10M |   n/a   n/a   1    0      0    0    0   0%  81.9M    n/a  n/a
   2   54 |   7 1.0   19    14M  113  318  73%    10M |  99.9   n/a   1   27  1.52M    6   12  66%  81.9M    n/a  n/a
   2   55 |   7 1.0   19    14M  106  288  73%    10M |  99.9   ovl   1   27  4.60M   18   11  37%  81.9M   342n  n/a
   2   56 |   7 1.0   19    13M  114  380  76%    10M |  99.9   n/a   1   27  1.53M    6   12  66%  81.9M    n/a  n/a
   2   57 |   7 1.0   19    14M  101  297  74%    10M |  99.9   ovl   1   27  1.79M    7   12  63%  81.9M    64n  n/a
   2   58 |   7 1.0    0      0    0    0   0%    10M |   n/a   n/a   1    0      0    0    0   0%  81.9M    n/a  n/a
   2   59 |   7 1.0   19    14M  114  322  73%    10M |  99.9   ovl   1   27  3.53M   14   12  46%  81.9M   -79n  n/a
   2   5a |   7 1.0    0      0    0    0   0%    10M |   n/a   n/a   1    0      0    0    0   0%  81.9M    n/a  n/a
   2   5b |   7 1.0    0      0    0    0   0%    10M |   n/a   n/a   1    0      0    0    0   0%  81.9M    n/a  n/a
   3   5c |   7 1.0   19    12M   86  515  85%    10M |  99.9   ovl   1   27  1.51M    6   10  62%  81.9M   693n  n/a
   3   5d |   7 1.0   19    12M   83  525  86%    10M |  99.9   n/a   1   27  1.51M    6    9  60%  81.9M    n/a  n/a
   3   5e |   7 1.0   19    11M   79  508  86%    10M |  99.9   n/a   1   27  1.75M    7    9  56%  81.9M    n/a  n/a
   3   5f |   7 1.0    0      0    0    0   0%    10M |   n/a   n/a   1    0      0    0    0   0%  81.9M    n/a  n/a
   3   60 |   7 1.0   19    12M   77  472  85%    10M |  99.9   n/a   1   27  1.27M    5   11  68%  81.9M    n/a  n/a
   3   61 |   7 1.0   19    12M   86  509  85%    10M |  99.9   n/a   1   27  1.51M    6   10  62%  81.9M    n/a  n/a
   3   62 |   7 1.0   19    11M   74  480  86%    10M |  99.9   ovl   1   27  2.01M    8   10  55%  81.9M    -2n  n/a
   3   63 |   7 1.0    0      0    0    0   0%    10M |   n/a   n/a   1    0      0    0    0   0%  81.9M    n/a  n/a
   0   44 |   7 1.0   19    16M  118  337  74%    10M |  99.9   n/a   1   27  2.54M   10   11  52%  81.9M    n/a  n/a
   0   45 |   7 1.0   19    16M  111  334  75%    10M |  99.9   n/a   1   27  2.77M   11   13  54%  81.9M    n/a  n/a
   0   46 |   7 1.0   19    15M  111  319  74%    10M |  99.9   n/a   1   27  2.03M    8    9  52%  81.9M    n/a  n/a
   0   47 |   7 1.0    0      0    0    0   0%    10M |   n/a   n/a   1    0      0    0    0   0%  81.9M    n/a  n/a
   0   48 |   7 1.0   19    16M  118  330  73%    10M |  99.9   n/a   1   27  2.28M    9   12  57%  81.9M    n/a  n/a
   0   49 |   7 1.0    0      0    0    0   0%    10M |   n/a   n/a   1    0      0    0    0   0%  81.9M    n/a  n/a
   0   4a |   7 1.0   19    17M  122  331  73%    10M |  99.9   ovl   1   27  2.28M    9   10  52%  81.9M  -895n  n/a
   0   4b |   7 1.0   19    16M  118  317  72%    10M |  99.9   n/a   1   27  2.02M    8    9  52%  81.9M    n/a  n/a
   1   4c |   7 1.0   19    14M  106  338  76%    10M |  99.9   n/a   1   27  1.00M    4   16  80%  81.9M    n/a  n/a
   1   4d |   7 1.0   19    13M  101  371  78%    10M |  99.9   n/a   1   27  1.02M    4   16  80%  81.9M    n/a  n/a
   1   4e |   7 1.0    0      0    0    0   0%    10M |   n/a   n/a   1    0      0    0    0   0%  81.9M    n/a  n/a
   1   4f |   7 1.0   19    14M  114  386  77%    10M |  99.9   ovl   1   27  2.53M   10   14  58%  81.9M  -968n  n/a
   1   50 |   7 1.0   19    14M   99  420  80%    10M |  99.9   n/a   1   27  1.02M    4   16  80%  81.9M    n/a  n/a
   1   51 |   7 1.0   19    14M  119  375  75%    10M |  99.9   n/a   1   27  1.02M    4   16  80%  81.9M    n/a  n/a
   1   52 |   7 1.0    0      0    0    0   0%    10M |   n/a   n/a   1    0      0    0    0   0%  81.9M    n/a  n/a
   1   53 |   7 1.0    0      0    0    0   0%    10M |   n/a   n/a   1    0      0    0    0   0%  81.9M    n/a  n/a
   2   54 |   7 1.0   19    13M   93  368  79%    10M |  99.9   n/a   1   27  1.26M    5   16  76%  81.9M    n/a  n/a
   2   55 |   7 1.0   19    14M  105  372  77%    10M |  99.9   n/a   1   27  1.01M    4   16  80%  81.9M    n/a  n/a
   2   56 |   7 1.0   19    13M   98  353  78%    10M |  99.9   n/a   1   27   766k    3   16  84%  81.9M    n/a  n/a
   2   57 |   7 1.0   19    13M   97  327  77%    10M |  99.9   n/a   1   27  1.01M    4   13  76%  81.9M    n/a  n/a
   2   58 |   7 1.0    0      0    0    0   0%    10M |   n/a   n/a   1    0      0    0    0   0%  81.9M    n/a  n/a
   2   59 |   7 1.0   19    16M  108  312  74%    10M |  99.9   n/a   1   27   754k    3   16  84%  81.9M    n/a  n/a
   2   5a |   7 1.0    0      0    0    0   0%    10M |   n/a   n/a   1    0      0    0    0   0%  81.9M    n/a  n/a
   2   5b |   7 1.0    0      0    0    0   0%    10M |   n/a   n/a   1    0      0    0    0   0%  81.9M    n/a  n/a

          |--------------------DL---------------------|-------------------------------UL-----------------------------
 pci rnti | cqi  ri  mcs  brate   ok  nok  (%)  dl_bs | pusch  rsrp  ri  mcs  brate   ok  nok  (%)    bsr     ta  phr
   3   5c |   7 1.0   19    13M  103  485  82%    10M |  99.9   n/a   1   27  1.50M    6    9  60%  81.9M    n/a  n/a
   3   5d |   7 1.0   19    14M   95  454  82%    10M |  99.9   n/a   1   27  2.76M   11   14  56%  81.9M    n/a  n/a
   3   5e |   7 1.0   19    14M  110  403  78%    10M |  99.9   n/a   1   27   771k    3   11  78%  81.9M    n/a  n/a
   3   5f |   7 1.0    0      0    0    0   0%    10M |   n/a   n/a   1    0      0    0    0   0%  81.9M    n/a  n/a
   3   60 |   7 1.0   19    14M   98  463  82%    10M |  99.9   n/a   1   27  1.00M    4   10  71%  81.9M    n/a  n/a
   3   61 |   7 1.0   19    13M  106  467  81%    10M |  99.9   n/a   1   27   775k    3   11  78%  81.9M    n/a  n/a
   3   62 |   7 1.0   19    13M   90  501  84%    10M |  99.9   n/a   1   27  3.02M   12    8  40%  81.9M    n/a  n/a
   3   63 |   7 1.0    0      0    0    0   0%    10M |   n/a   n/a   1    0      0    0    0   0%  81.9M    n/a  n/a
   0   44 |   7 1.0   19    12M   76  394  83%    10M |  99.9   ovl   1   27  1.79M    7   11  61%  81.9M   235n  n/a
   0   45 |   7 1.0   19    13M   87  403  82%    10M |  99.9   ovl   1   27  1.01M    4    8  66%  81.9M  -229n  n/a
   0   46 |   7 1.0   19    13M   96  401  80%    10M |  99.9   ovl   1   27  2.80M   11    7  38%  81.9M  -525n  n/a
   0   47 |   7 1.0    0      0    0    0   0%    10M |   n/a   n/a   1    0      0    0    0   0%  81.9M    n/a  n/a
   0   48 |   7 1.0   19    12M   89  403  81%    10M |  99.9   ovl   1   27  1.78M    7    9  56%  81.9M  -351n  n/a
   0   49 |   7 1.0    0      0    0    0   0%    10M |   n/a   n/a   1    0      0    0    0   0%  81.9M    n/a  n/a
   0   4a |   7 1.0   19    12M   87  416  82%    10M |  99.9   n/a   1   27  2.52M   10   12  54%  81.9M    n/a  n/a
   0   4b |   7 1.0   19    12M   88  429  82%    10M |  99.9   ovl   1   27  1.76M    7    9  56%  81.9M  -340n  n/a
   1   4c |   7 1.0   19    13M   95  371  79%    10M |  99.9   n/a   1   27  1.53M    6   12  66%  81.9M    n/a  n/a
   1   4d |   7 1.0   19    12M   93  349  78%    10M |  99.9   n/a   1   27  1.77M    7   12  63%  81.9M    n/a  n/a
   1   4e |   7 1.0    0      0    0    0   0%    10M |   n/a   n/a   1    0      0    0    0   0%  81.9M    n/a  n/a
   1   4f |   7 1.0   19    13M  103  352  77%    10M |  99.9   n/a   1   27  1.51M    6   11  64%  81.9M    n/a  n/a
   1   50 |   7 1.0   19    13M  100  367  78%    10M |  99.9   ovl   1   27  2.26M    9   12  57%  81.9M  -431n  n/a
   1   51 |   7 1.0   19    13M  100  366  78%    10M |  99.9   ovl   1   27  1.00M    4   12  75%  81.9M   447n  n/a
   1   52 |   7 1.0    0      0    0    0   0%    10M |   n/a   n/a   1    0      0    0    0   0%  81.9M    n/a  n/a
   1   53 |   7 1.0    0      0    0    0   0%    10M |   n/a   n/a   1    0      0    0    0   0%  81.9M    n/a  n/a
   2   54 |   7 1.0   19    13M   97  310  76%    10M |  99.9   ovl   1   27  2.05M    8   12  60%  81.9M    -8n  n/a
   2   55 |   7 1.0   19    13M   99  344  77%    10M |  99.9   ovl   1   27  1.27M    5   12  70%  81.9M    64n  n/a
   2   56 |   7 1.0   19    13M   99  391  79%    10M |  99.9   ovl   1   27  1.50M    6   12  66%  81.9M   460n  n/a
   2   57 |   7 1.0   19    13M  105  386  78%    10M |  99.9   ovl   1   27  1.76M    7   12  63%  81.9M  -660n  n/a
   2   58 |   7 1.0    0      0    0    0   0%    10M |   n/a   n/a   1    0      0    0    0   0%  81.9M    n/a  n/a
   2   59 |   7 1.0   19    13M  106  365  77%    10M |  99.9   ovl   1   27  2.03M    8   12  60%  81.9M    64n  n/a
   2   5a |   7 1.0    0      0    0    0   0%    10M |   n/a   n/a   1    0      0    0    0   0%  81.9M    n/a  n/a
   2   5b |   7 1.0    0      0    0    0   0%    10M |   n/a   n/a   1    0      0    0    0   0%  81.9M    n/a  n/a
   3   5c |   7 1.0   19    11M   80  505  86%    10M |  99.9   ovl   1   27  1.52M    6   10  62%  81.9M   693n  n/a
   3   5d |   7 1.0   19   9.7M   72  523  87%    10M |  99.9   ovl   1   27  2.05M    8    9  52%  81.9M   155n  n/a
   3   5e |   7 1.0   19    11M   78  513  86%    10M |  99.9   ovl   1   27  1.26M    5   11  68%  81.9M   693n  n/a
   3   5f |   7 1.0    0      0    0    0   0%    10M |   n/a   n/a   1    0      0    0    0   0%  81.9M    n/a  n/a
   3   60 |   7 1.0   19    10M   79  516  86%    10M |  99.9   n/a   1   27  2.52M   10   11  52%  81.9M    n/a  n/a
   3   61 |   7 1.0   19   9.3M   64  578  90%    10M |  99.9   n/a   1   27  2.03M    8    9  52%  81.9M    n/a  n/a
   3   62 |   7 1.0   19    11M   80  527  86%    10M |  99.9   ovl   1   27  1.02M    4   10  71%  81.9M   693n  n/a
   3   63 |   7 1.0    0      0    0    0   0%    10M |   n/a   n/a   1    0      0    0    0   0%  81.9M    n/a  n/a
   0   44 |   7 1.0   19    11M   77  424  84%    10M |  99.9   n/a   1   27  2.81M   11   12  52%  81.9M    n/a  n/a
   0   45 |   7 1.0   19    12M   95  428  81%    10M |  99.9   n/a   1   27  2.28M    9   13  59%  81.9M    n/a  n/a
   0   46 |   7 1.0   19    12M   94  416  81%    10M |  99.9   n/a   1   27  2.04M    8   10  55%  81.9M    n/a  n/a
   0   47 |   7 1.0    0      0    0    0   0%    10M |   n/a   n/a   1    0      0    0    0   0%  81.9M    n/a  n/a
   0   48 |   7 1.0   19    13M   91  363  79%    10M |  99.9   n/a   1   27  1.27M    5   11  68%  81.9M    n/a  n/a
   0   49 |   7 1.0    0      0    0    0   0%    10M |   n/a   n/a   1    0      0    0    0   0%  81.9M    n/a  n/a
   0   4a |   7 1.0   19    13M   91  377  80%    10M |  99.9   n/a   1   27  1.28M    5    9  64%  81.9M    n/a  n/a
   0   4b |   7 1.0   19    13M   95  426  81%    10M |  99.9   n/a   1   27  2.29M    9    9  50%  81.9M    n/a  n/a
   1   4c |   7 1.0   19    12M   89  351  79%    10M |  99.9   n/a   1   27  2.52M   10   12  54%  81.9M    n/a  n/a
   1   4d |   7 1.0   19    13M  107  306  74%    10M |  99.9   n/a   1   27   996k    4   12  75%  81.9M    n/a  n/a
   1   4e |   7 1.0    0      0    0    0   0%    10M |   n/a   n/a   1    0      0    0    0   0%  81.9M    n/a  n/a
   1   4f |   7 1.0   19    14M  104  296  74%    10M |  99.9   ovl   1   27  1.52M    6   15  71%  81.9M   107n  n/a
   1   50 |   7 1.0   19    14M  101  272  72%    10M |  99.9   n/a   1   27  1.27M    5   12  70%  81.9M    n/a  n/a
   1   51 |   7 1.0   19    14M  103  290  73%    10M |  99.9   ovl   1   27  1.79M    7   12  63%  81.9M   409n  n/a
   1   52 |   7 1.0    0      0    0    0   0%    10M |   n/a   n/a   1    0      0    0    0   0%  81.9M    n/a  n/a
   1   53 |   7 1.0    0      0    0    0   0%    10M |   n/a   n/a   1    0      0    0    0   0%  81.9M    n/a  n/a
   2   54 |   7 1.0   19    13M  104  350  77%    10M |  99.9   ovl   1   27  1.26M    5   12  70%  81.9M   606n  n/a
   2   55 |   7 1.0   19    14M  106  339  76%    10M |  99.9   ovl   1   27  2.01M    8   12  60%  81.9M   461n  n/a
   2   56 |   7 1.0   19    14M  105  333  76%    10M |  99.9   n/a   1   27  1.52M    6   12  66%  81.9M    n/a  n/a
   2   57 |   7 1.0   19    13M   99  323  76%    10M |  99.9   n/a   1   27  1.27M    5   14  73%  81.9M    n/a  n/a
   2   58 |   7 1.0    0      0    0    0   0%    10M |   n/a   n/a   1    0      0    0    0   0%  81.9M    n/a  n/a
   2   59 |   7 1.0   19    14M  103  339  76%    10M |  99.9   n/a   1   27  1.25M    5   12  70%  81.9M    n/a  n/a
   2   5a |   7 1.0    0      0    0    0   0%    10M |   n/a   n/a   1    0      0    0    0   0%  81.9M    n/a  n/a
   2   5b |   7 1.0    0      0    0    0   0%    10M |   n/a   n/a   1    0      0    0    0   0%  81.9M    n/a  n/a
   3   5c |   7 1.0   19    15M  108  338  75%    10M |  99.9   ovl   1   27  2.54M   10   11  52%  81.9M   766n  n/a
   3   5d |   7 1.0   19    14M   99  401  80%    10M |  99.9   ovl   1   27  2.02M    8   11  57%  81.9M   424n  n/a
   3   5e |   7 1.0   19    14M  109  366  77%    10M |  99.9   ovl   1   27  1.75M    7    9  56%  81.9M    -3n  n/a
   3   5f |   7 1.0    0      0    0    0   0%    10M |   n/a   n/a   1    0      0    0    0   0%  81.9M    n/a  n/a
   3   60 |   7 1.0   19    14M   98  430  81%    10M |  99.9   n/a   1   27  3.75M   15    7  31%  81.9M    n/a  n/a
   3   61 |   7 1.0   19    13M   95  423  81%    10M |  99.9   ovl   1   27  1.75M    7   14  66%  81.9M   693n  n/a
   3   62 |   7 1.0   19    14M  107  405  79%    10M |  99.9   n/a   1   27  2.03M    8    7  46%  81.9M    n/a  n/a
   3   63 |   7 1.0    0      0    0    0   0%    10M |   n/a   n/a   1    0      0    0    0   0%  81.9M    n/a  n/a
   0   44 |   7 1.0   19    11M   77  480  86%    10M |  99.9   ovl   1   27   754k    3   12  80%  81.9M    -1u  n/a
   0   45 |   7 1.0   19    10M   76  548  87%    10M |  99.9   n/a   1   27   762k    3   11  78%  81.9M    n/a  n/a
   0   46 |   7 1.0   19    11M   81  536  86%    10M |  99.9   n/a   1   27  1.76M    7   12  63%  81.9M    n/a  n/a
   0   47 |   7 1.0    0      0    0    0   0%    10M |   n/a   n/a   1    0      0    0    0   0%  81.9M    n/a  n/a
   0   48 |   7 1.0   19    11M   79  507  86%    10M |  99.9   n/a   1   27  2.02M    8   11  57%  81.9M    n/a  n/a
   0   49 |   7 1.0    0      0    0    0   0%    10M |   n/a   n/a   1    0      0    0    0   0%  81.9M    n/a  n/a
   0   4a |   7 1.0   19    11M   77  493  86%    10M |  99.9   n/a   1   27  1.51M    6   13  68%  81.9M    n/a  n/a
   0   4b |   7 1.0   19    11M   74  549  88%    10M |  99.9   n/a   1   27  1.27M    5   14  73%  81.9M    n/a  n/a
   1   4c |   7 1.0   19    12M   88  346  79%    10M |  99.9   n/a   1   27  2.00M    8   12  60%  81.9M    n/a  n/a
   1   4d |   7 1.0   19    14M  105  317  75%    10M |  99.9   ovl   1   27  1.78M    7   16  69%  81.9M   409n  n/a
   1   4e |   7 1.0    0      0    0    0   0%    10M |   n/a   n/a   1    0      0    0    0   0%  81.9M    n/a  n/a
   1   4f |   7 1.0   19    15M  122  351  74%    10M |  99.9   ovl   1   27  2.00M    8   12  60%  81.9M   352n  n/a
   1   50 |   7 1.0   19    16M  112  302  72%    10M |  99.9   n/a   1   27  1.00M    4   16  80%  81.9M    n/a  n/a
   1   51 |   7 1.0   19    14M  113  310  73%    10M |  99.9   ovl   1   27  2.03M    8   12  60%  81.9M  -968n  n/a
   1   52 |   7 1.0    0      0    0    0   0%    10M |   n/a   n/a   1    0      0    0    0   0%  81.9M    n/a  n/a
   1   53 |   7 1.0    0      0    0    0   0%    10M |   n/a   n/a   1    0      0    0    0   0%  81.9M    n/a  n/a

          |--------------------DL---------------------|-------------------------------UL-----------------------------
 pci rnti | cqi  ri  mcs  brate   ok  nok  (%)  dl_bs | pusch  rsrp  ri  mcs  brate   ok  nok  (%)    bsr     ta  phr
   2   54 |   7 1.0   19    16M  111  317  74%    10M |  99.9   ovl   1   27  1.52M    6   12  66%  81.9M    69n  n/a
   2   55 |   7 1.0   19    15M  103  357  77%    10M |  99.9   n/a   1   27  1.01M    4   13  76%  81.9M    n/a  n/a
   2   56 |   7 1.0   19    14M  104  324  75%    10M |  99.9   ovl   1   27  2.05M    8   12  60%  81.9M   846n  n/a
   2   57 |   7 1.0   19    14M  102  357  77%    10M |  99.9   n/a   1   27  1.01M    4   14  77%  81.9M    n/a  n/a
   2   58 |   7 1.0    0      0    0    0   0%    10M |   n/a   n/a   1    0      0    0    0   0%  81.9M    n/a  n/a
   2   59 |   7 1.0   19    15M  110  322  74%    10M |  99.9   n/a   1   27  2.02M    8   12  60%  81.9M    n/a  n/a
   2   5a |   7 1.0    0      0    0    0   0%    10M |   n/a   n/a   1    0      0    0    0   0%  81.9M    n/a  n/a
   2   5b |   7 1.0    0      0    0    0   0%    10M |   n/a   n/a   1    0      0    0    0   0%  81.9M    n/a  n/a
   3   5c |   7 1.0   19    12M   88  437  83%    10M |  99.9   ovl   1   27  1.28M    5   12  70%  81.9M   693n  n/a
   3   5d |   7 1.0   19    12M   83  463  84%    10M |  99.9   ovl   1   27  1.77M    7   11  61%  81.9M   -39n  n/a
   3   5e |   7 1.0   19    12M   88  422  82%    10M |  99.9   ovl   1   27  1.26M    5   10  66%  81.9M   765n  n/a
   3   5f |   7 1.0    0      0    0    0   0%    10M |   n/a   n/a   1    0      0    0    0   0%  81.9M    n/a  n/a
   3   60 |   7 1.0   19    12M   87  461  84%    10M |  99.9   n/a   1   27  1.55M    6    7  53%  81.9M    n/a  n/a
   3   61 |   7 1.0   19    12M   85  440  83%    10M |  99.9   ovl   1   27  3.03M   12   11  47%  81.9M   -39n  n/a
   3   62 |   7 1.0   19    13M   95  410  81%    10M |  99.9   n/a   1   27  1.51M    6   11  64%  81.9M    n/a  n/a
   3   63 |   7 1.0    0      0    0    0   0%    10M |   n/a   n/a   1    0      0    0    0   0%  81.9M    n/a  n/a
   0   44 |   7 1.0   19    13M   80  482  85%    10M |  99.9   ovl   1   27  2.30M    9   11  55%  81.9M    32n  n/a
   0   45 |   7 1.0   19    13M   85  459  84%    10M |  99.9   n/a   1   27  1.26M    5   12  70%  81.9M    n/a  n/a
   0   46 |   7 1.0   19    13M   87  440  83%    10M |  99.9   n/a   1   27  1.01M    4   11  73%  81.9M    n/a  n/a
   0   47 |   7 1.0    0      0    0    0   0%    10M |   n/a   n/a   1    0      0    0    0   0%  81.9M    n/a  n/a
   0   48 |   7 1.0   19    14M   97  450  82%    10M |  99.9   ovl   1   27  1.01M    4   10  71%  81.9M    -1u  n/a
   0   49 |   7 1.0    0      0    0    0   0%    10M |   n/a   n/a   1    0      0    0    0   0%  81.9M    n/a  n/a
   0   4a |   7 1.0   19    13M   90  398  81%    10M |  99.9   ovl   1   27  1.26M    5    6  54%  81.9M  -895n  n/a
   0   4b |   7 1.0   19    13M   91  456  83%    10M |  99.9   n/a   1   27  2.29M    9   10  52%  81.9M    n/a  n/a
   1   4c |   7 1.0   19    15M  101  254  71%    10M |  99.9   ovl   1   27  1.76M    7   16  69%  81.9M   107n  n/a
   1   4d |   7 1.0   19    15M  119  296  71%    10M |  99.9   ovl   1   27  1.75M    7   12  63%  81.9M   434n  n/a
   1   4e |   7 1.0    0      0    0    0   0%    10M |   n/a   n/a   1    0      0    0    0   0%  81.9M    n/a  n/a
   1   4f |   7 1.0   19    15M  108  280  72%    10M |  99.9   ovl   1   27  1.79M    7   15  68%  81.9M  -151n  n/a
   1   50 |   7 1.0   19    13M   93  316  77%    10M |  99.9   n/a   1   27  1.52M    6   12  66%  81.9M    n/a  n/a
   1   51 |   7 1.0   19    15M  105  313  74%    10M |  99.9   ovl   1   27  2.27M    9   16  64%  81.9M   409n  n/a
   1   52 |   7 1.0    0      0    0    0   0%    10M |   n/a   n/a   1    0      0    0    0   0%  81.9M    n/a  n/a
   1   53 |   7 1.0    0      0    0    0   0%    10M |   n/a   n/a   1    0      0    0    0   0%  81.9M    n/a  n/a
   2   54 |   7 1.0   19    14M  105  318  75%    10M |  99.9   ovl   1   27  2.05M    8   16  66%  81.9M   365n  n/a
   2   55 |   7 1.0   19    13M   93  346  78%    10M |  99.9   n/a   1   27  2.53M   10   15  60%  81.9M    n/a  n/a
   2   56 |   7 1.0   19    13M   97  339  77%    10M |  99.9   n/a   1   27  1.51M    6   16  72%  81.9M    n/a  n/a
   2   57 |   7 1.0   19    14M  102  355  77%    10M |  99.9   ovl   1   27  1.53M    6   15  71%  81.9M   604n  n/a
   2   58 |   7 1.0    0      0    0    0   0%    10M |   n/a   n/a   1    0      0    0    0   0%  81.9M    n/a  n/a
   2   59 |   7 1.0   19    15M  107  333  75%    10M |  99.9   n/a   1   27  2.01M    8   16  66%  81.9M    n/a  n/a
   2   5a |   7 1.0    0      0    0    0   0%    10M |   n/a   n/a   1    0      0    0    0   0%  81.9M    n/a  n/a
   2   5b |   7 1.0    0      0    0    0   0%    10M |   n/a   n/a   1    0      0    0    0   0%  81.9M    n/a  n/a
   3   5c |   7 1.0   19    12M   84  483  85%    10M |  99.9   n/a   1   27  2.05M    8   14  63%  81.9M    n/a  n/a
   3   5d |   7 1.0   19    11M   83  495  85%    10M |  99.9   n/a   1   27  1.02M    4   11  73%  81.9M    n/a  n/a
   3   5e |   7 1.0   19    11M   76  459  85%    10M |  99.9   n/a   1   27  1.52M    6   12  66%  81.9M    n/a  n/a
   3   5f |   7 1.0    0      0    0    0   0%    10M |   n/a   n/a   1    0      0    0    0   0%  81.9M    n/a  n/a
   3   60 |   7 1.0   19    12M   89  432  82%    10M |  99.9   n/a   1   27   521k    2   15  88%  81.9M    n/a  n/a
   3   61 |   7 1.0   19    11M   88  489  84%    10M |  99.9   n/a   1   27  2.51M   10   12  54%  81.9M    n/a  n/a
   3   62 |   7 1.0   19    12M   83  528  86%    10M |  99.9   ovl   1   27  1.50M    6   14  70%  81.9M   693n  n/a
   3   63 |   7 1.0    0      0    0    0   0%    10M |   n/a   n/a   1    0      0    0    0   0%  81.9M    n/a  n/a
   0   44 |   7 1.0   19    13M   88  391  81%    10M |  99.9   ovl   1   27  2.30M    9   11  55%  81.9M   438n  n/a
   0   45 |   7 1.0   19    12M   86  435  83%    10M |  99.9   n/a   1   27  1.78M    7    9  56%  81.9M    n/a  n/a
   0   46 |   7 1.0   19    12M   93  518  84%    10M |  99.9   n/a   1   27  1.78M    7   12  63%  81.9M    n/a  n/a
   0   47 |   7 1.0    0      0    0    0   0%    10M |   n/a   n/a   1    0      0    0    0   0%  81.9M    n/a  n/a
   0   48 |   7 1.0   19    12M   78  429  84%    10M |  99.9   n/a   1   27  1.76M    7   14  66%  81.9M    n/a  n/a
   0   49 |   7 1.0    0      0    0    0   0%    10M |   n/a   n/a   1    0      0    0    0   0%  81.9M    n/a  n/a
   0   4a |   7 1.0   19    13M   82  450  84%    10M |  99.9   ovl   1   27  1.77M    7   12  63%  81.9M    -1u  n/a
   0   4b |   7 1.0   19    12M   87  407  82%    10M |  99.9   n/a   1   27  1.27M    5   12  70%  81.9M    n/a  n/a
   1   4c |   7 1.0   19    13M  106  367  77%    10M |  99.9   ovl   1   27  1.51M    6   12  66%  81.9M   447n  n/a
   1   4d |   7 1.0   19    14M  105  293  73%    10M |  99.9   ovl   1   27  1.52M    6   13  68%  81.9M   484n  n/a
   1   4e |   7 1.0    0      0    0    0   0%    10M |   n/a   n/a   1    0      0    0    0   0%  81.9M    n/a  n/a
   1   4f |   7 1.0   19    13M  109  366  77%    10M |  99.9   n/a   1   27  1.52M    6   13  68%  81.9M    n/a  n/a
   1   50 |   7 1.0   19    14M  109  330  75%    10M |  99.9   n/a   1   27  1.28M    5   16  76%  81.9M    n/a  n/a
   1   51 |   7 1.0   19    13M  105  337  76%    10M |  99.9   n/a   1   27  1.78M    7   12  63%  81.9M    n/a  n/a
   1   52 |   7 1.0    0      0    0    0   0%    10M |   n/a   n/a   1    0      0    0    0   0%  81.9M    n/a  n/a
   1   53 |   7 1.0    0      0    0    0   0%    10M |   n/a   n/a   1    0      0    0    0   0%  81.9M    n/a  n/a
   2   54 |   7 1.0   19    14M  102  292  74%    10M |  99.9   n/a   1   27  1.01M    4   12  75%  81.9M    n/a  n/a
   2   55 |   7 1.0   19    14M  109  305  73%    10M |  99.9   ovl   1   27  1.50M    6   12  66%  81.9M    69n  n/a
   2   56 |   7 1.0   19    13M   98  360  78%    10M |  99.9   ovl   1   27  4.61M   18   11  37%  81.9M   177n  n/a
   2   57 |   7 1.0   19    14M  108  351  76%    10M |  99.9   n/a   1   27   500k    2   13  86%  81.9M    n/a  n/a
   2   58 |   7 1.0    0      0    0    0   0%    10M |   n/a   n/a   1    0      0    0    0   0%  81.9M    n/a  n/a
   2   59 |   7 1.0   19    14M  113  349  75%    10M |  99.9   ovl   1   27  2.28M    9   12  57%  81.9M  -107n  n/a
   2   5a |   7 1.0    0      0    0    0   0%    10M |   n/a   n/a   1    0      0    0    0   0%  81.9M    n/a  n/a
   2   5b |   7 1.0    0      0    0    0   0%    10M |   n/a   n/a   1    0      0    0    0   0%  81.9M    n/a  n/a
   3   5c |   7 1.0   19    15M  107  325  75%    10M |  99.9   ovl   1   27  2.01M    8   10  55%  81.9M   155n  n/a
   3   5d |   7 1.0   19    15M  121  332  73%    10M |  99.9   n/a   1   27  1.74M    7   11  61%  81.9M    n/a  n/a
   3   5e |   7 1.0   19    14M   94  355  79%    10M |  99.9   ovl   1   27  2.56M   10   12  54%  81.9M   358n  n/a
   3   5f |   7 1.0    0      0    0    0   0%    10M |   n/a   n/a   1    0      0    0    0   0%  81.9M    n/a  n/a
   3   60 |   7 1.0   19    15M  104  307  74%    10M |  99.9   n/a   1   27  2.29M    9   10  52%  81.9M    n/a  n/a
   3   61 |   7 1.0   19    15M  115  316  73%    10M |  99.9   n/a   1   27  3.29M   13    7  35%  81.9M    n/a  n/a
   3   62 |   7 1.0   19    13M   91  382  80%    10M |  99.9   ovl   1   27  2.78M   11    8  42%  81.9M  -387n  n/a
   3   63 |   7 1.0    0      0    0    0   0%    10M |   n/a   n/a   1    0      0    0    0   0%  81.9M    n/a  n/a
   0   44 |   7 1.0   19   9.6M   71  554  88%    10M |  99.9   n/a   1   27  1.54M    6   11  64%  81.9M    n/a  n/a
   0   45 |   7 1.0   19    10M   73  516  87%    10M |  99.9   n/a   1   27   750k    3   11  78%  81.9M    n/a  n/a
   0   46 |   7 1.0   19    10M   74  508  87%    10M |  99.9   n/a   1   27  1.25M    5   13  72%  81.9M    n/a  n/a
   0   47 |   7 1.0    0      0    0    0   0%    10M |   n/a   n/a   1    0      0    0    0   0%  81.9M    n/a  n/a
   0   48 |   7 1.0   19    10M   75  534  87%    10M |  99.9   n/a   1   27   754k    3   12  80%  81.9M    n/a  n/a
   0   49 |   7 1.0    0      0    0    0   0%    10M |   n/a   n/a   1    0      0    0    0   0%  81.9M    n/a  n/a
   0   4a |   7 1.0   19    11M   83  533  86%    10M |  99.9   n/a   1   27  1.51M    6   12  66%  81.9M    n/a  n/a
   0   4b |   7 1.0   19    11M   77  510  86%    10M |  99.9   n/a   1   27  1.25M    5   11  68%  81.9M    n/a  n/a

          |--------------------DL---------------------|-------------------------------UL-----------------------------
 pci rnti | cqi  ri  mcs  brate   ok  nok  (%)  dl_bs | pusch  rsrp  ri  mcs  brate   ok  nok  (%)    bsr     ta  phr
   1   4c |   7 1.0   19    15M  113  295  72%    10M |  99.9   n/a   1   27   512k    2   12  85%  81.9M    n/a  n/a
   1   4d |   7 1.0   19    15M  113  341  75%    10M |  99.9   n/a   1   27  1.52M    6   14  70%  81.9M    n/a  n/a
   1   4e |   7 1.0    0      0    0    0   0%    10M |   n/a   n/a   1    0      0    0    0   0%  81.9M    n/a  n/a
   1   4f |   7 1.0   19    15M  109  306  73%    10M |  99.9   ovl   1   27  3.53M   14   11  44%  81.9M   380n  n/a
   1   50 |   7 1.0   19    14M   99  311  75%    10M |  99.9   ovl   1   27  2.53M   10   12  54%  81.9M    13n  n/a
   1   51 |   7 1.0   19    15M  107  289  72%    10M |  99.9   ovl   1   27  2.03M    8   12  60%  81.9M   484n  n/a
   1   52 |   7 1.0    0      0    0    0   0%    10M |   n/a   n/a   1    0      0    0    0   0%  81.9M    n/a  n/a
   1   53 |   7 1.0    0      0    0    0   0%    10M |   n/a   n/a   1    0      0    0    0   0%  81.9M    n/a  n/a
   2   54 |   7 1.0   19    16M  112  281  71%    10M |  99.9   ovl   1   27  2.78M   11   12  52%  81.9M    53n  n/a
   2   55 |   7 1.0   19    15M  108  332  75%    10M |  99.9   n/a   1   27  1.01M    4   16  80%  81.9M    n/a  n/a
   2   56 |   7 1.0   19    13M   93  382  80%    10M |  99.9   ovl   1   27  2.28M    9   12  57%  81.9M  -298n  n/a
   2   57 |   7 1.0   19    15M  114  343  75%    10M |  99.9   ovl   1   27  3.04M   12   12  50%  81.9M   -41n  n/a
   2   58 |   7 1.0    0      0    0    0   0%    10M |   n/a   n/a   1    0      0    0    0   0%  81.9M    n/a  n/a
   2   59 |   7 1.0   19    15M  114  345  75%    10M |  99.9   ovl   1   27  1.27M    5   12  70%  81.9M   361n  n/a
   2   5a |   7 1.0    0      0    0    0   0%    10M |   n/a   n/a   1    0      0    0    0   0%  81.9M    n/a  n/a
   2   5b |   7 1.0    0      0    0    0   0%    10M |   n/a   n/a   1    0      0    0    0   0%  81.9M    n/a  n/a
   3   5c |   7 1.0   19    12M   82  471  85%    10M |  99.9   n/a   1   27   750k    3    9  75%  81.9M    n/a  n/a
   3   5d |   7 1.0   19    11M   71  518  87%    10M |  99.9   n/a   1   27  1.00M    4   11  73%  81.9M    n/a  n/a
   3   5e |   7 1.0   19    11M   71  513  87%    10M |  99.9   n/a   1   27  1.03M    4   10  71%  81.9M    n/a  n/a
   3   5f |   7 1.0    0      0    0    0   0%    10M |   n/a   n/a   1    0      0    0    0   0%  81.9M    n/a  n/a
   3   60 |   7 1.0   19    11M   79  511  86%    10M |  99.9   n/a   1   27  1.50M    6   10  62%  81.9M    n/a  n/a
   3   61 |   7 1.0   19    11M   74  546  88%    10M |  99.9   n/a   1   27  1.01M    4   10  71%  81.9M    n/a  n/a
   3   62 |   7 1.0   19    11M   78  511  86%    10M |  99.9   ovl   1   27  1.00M    4   10  71%  81.9M   693n  n/a
   3   63 |   7 1.0    0      0    0    0   0%    10M |   n/a   n/a   1    0      0    0    0   0%  81.9M    n/a  n/a
   0   44 |   7 1.0   19    11M   85  497  85%    10M |  99.9   ovl   1   27  2.04M    8    8  50%  81.9M  -543n  n/a
   0   45 |   7 1.0   19    11M   81  478  85%    10M |  99.9   ovl   1   27  2.28M    9    9  50%  81.9M  -351n  n/a
   0   46 |   7 1.0   19    13M   92  425  82%    10M |  99.9   ovl   1   27  3.05M   12    8  40%  81.9M  -735n  n/a
   0   47 |   7 1.0    0      0    0    0   0%    10M |   n/a   n/a   1    0      0    0    0   0%  81.9M    n/a  n/a
   0   48 |   7 1.0   19    12M   87  458  84%    10M |  99.9   ovl   1   27  1.52M    6    9  60%  81.9M  -895n  n/a
   0   49 |   7 1.0    0      0    0    0   0%    10M |   n/a   n/a   1    0      0    0    0   0%  81.9M    n/a  n/a
   0   4a |   7 1.0   19    12M   96  422  81%    10M |  99.9   n/a   1   27  1.78M    7    7  50%  81.9M    n/a  n/a
   0   4b |   7 1.0   19    10M   76  544  87%    10M |  99.9   ovl   1   27  1.03M    4   11  73%  81.9M    -1u  n/a
   1   4c |   7 1.0   19    14M  102  349  77%    10M |  99.9   ovl   1   27  3.01M   12   12  50%  81.9M   107n  n/a
   1   4d |   7 1.0   19    14M  103  339  76%    10M |  99.9   ovl   1   27  2.07M    8   11  57%  81.9M  -968n  n/a
   1   4e |   7 1.0    0      0    0    0   0%    10M |   n/a   n/a   1    0      0    0    0   0%  81.9M    n/a  n/a
   1   4f |   7 1.0   19    14M  112  311  73%    10M |  99.9   ovl   1   27  1.27M    5   12  70%  81.9M  -968n  n/a
   1   50 |   7 1.0   19    13M  103  356  77%    10M |  99.9   ovl   1   27  2.53M   10   12  54%  81.9M   333n  n/a
   1   51 |   7 1.0   19    14M   98  297  75%    10M |  99.9   n/a   1   27  1.02M    4   12  75%  81.9M    n/a  n/a
   1   52 |   7 1.0    0      0    0    0   0%    10M |   n/a   n/a   1    0      0    0    0   0%  81.9M    n/a  n/a
   1   53 |   7 1.0    0      0    0    0   0%    10M |   n/a   n/a   1    0      0    0    0   0%  81.9M    n/a  n/a
   2   54 |   7 1.0   19    13M   86  351  80%    10M |  99.9   ovl   1   27  3.29M   13   12  48%  81.9M    15n  n/a
   2   55 |   7 1.0   19    13M   97  369  79%    10M |  99.9   n/a   1   27  1.27M    5   11  68%  81.9M    n/a  n/a
   2   56 |   7 1.0   19    13M   95  346  78%    10M |  99.9   ovl   1   27  1.27M    5   12  70%  81.9M   358n  n/a
   2   57 |   7 1.0   19    14M  104  341  76%    10M |  99.9   ovl   1   27  1.51M    6   12  66%  81.9M    64n  n/a
   2   58 |   7 1.0    0      0    0    0   0%    10M |   n/a   n/a   1    0      0    0    0   0%  81.9M    n/a  n/a
   2   59 |   7 1.0   19    13M   89  379  80%    10M |  99.9   n/a   1   27   500k    2   12  85%  81.9M    n/a  n/a
   2   5a |   7 1.0    0      0    0    0   0%    10M |   n/a   n/a   1    0      0    0    0   0%  81.9M    n/a  n/a
   2   5b |   7 1.0    0      0    0    0   0%    10M |   n/a   n/a   1    0      0    0    0   0%  81.9M    n/a  n/a
   3   5c |   7 1.0   19   8.6M   65  567  89%    10M |  99.9   n/a   1   27  1.77M    7   10  58%  81.9M    n/a  n/a
   3   5d |   7 1.0   19   7.7M   59  566  90%    10M |  99.9   n/a   1   27   492k    2    8  80%  81.9M    n/a  n/a
   3   5e |   7 1.0   19   7.8M   67  507  88%    10M |  99.9   n/a   1   27  1.53M    6   11  64%  81.9M    n/a  n/a
   3   5f |   7 1.0    0      0    0    0   0%    10M |   n/a   n/a   1    0      0    0    0   0%  81.9M    n/a  n/a
   3   60 |   7 1.0   19   7.9M   63  581  90%    10M |  99.9   n/a   1   27  1.26M    5    9  64%  81.9M    n/a  n/a
   3   61 |   7 1.0   19   7.8M   62  507  89%    10M |  99.9   n/a   1   27  1.00M    4   11  73%  81.9M    n/a  n/a
   3   62 |   7 1.0   19   8.6M   63  520  89%    10M |  99.9   n/a   1   27   504k    2   11  84%  81.9M    n/a  n/a
   3   63 |   7 1.0    0      0    0    0   0%    10M |   n/a   n/a   1    0      0    0    0   0%  81.9M    n/a  n/a
   0   44 |   7 1.0   19    12M   96  398  80%    10M |  99.9   n/a   1   27  1.78M    7   14  66%  81.9M    n/a  n/a
   0   45 |   7 1.0   19    11M   83  462  84%    10M |  99.9   ovl   1   27  1.01M    4    9  69%  81.9M    32n  n/a
   0   46 |   7 1.0   19    13M   91  343  79%    10M |  99.9   ovl   1   27  2.78M   11    8  42%  81.9M  -543n  n/a
   0   47 |   7 1.0    0      0    0    0   0%    10M |   n/a   n/a   1    0      0    0    0   0%  81.9M    n/a  n/a
   0   48 |   7 1.0   19    12M   93  399  81%    10M |  99.9   n/a   1   27  2.27M    9   10  52%  81.9M    n/a  n/a
   0   49 |   7 1.0    0      0    0    0   0%    10M |   n/a   n/a   1    0      0    0    0   0%  81.9M    n/a  n/a
   0   4a |   7 1.0   19    12M   88  386  81%    10M |  99.9   ovl   1   27  3.55M   14   10  41%  81.9M   438n  n/a
   0   4b |   7 1.0   19    11M   80  432  84%    10M |  99.9   ovl   1   27  1.76M    7   11  61%  81.9M  -895n  n/a
   1   4c |   7 1.0   19    14M  100  331  76%    10M |  99.9   ovl   1   27  1.78M    7   14  66%  81.9M   573n  n/a
   1   4d |   7 1.0   19    14M   97  319  76%    10M |  99.9   n/a   1   27  2.04M    8   13  61%  81.9M    n/a  n/a
   1   4e |   7 1.0    0      0    0    0   0%    10M |   n/a   n/a   1    0      0    0    0   0%  81.9M    n/a  n/a
   1   4f |   7 1.0   19    13M   87  353  80%    10M |  99.9   ovl   1   27  1.77M    7   12  63%  81.9M  -242n  n/a
   1   50 |   7 1.0   19    13M  102  328  76%    10M |  99.9   n/a   1   27   758k    3   12  80%  81.9M    n/a  n/a
   1   51 |   7 1.0   19    13M  103  324  75%    10M |  99.9   ovl   1   27  2.03M    8   12  60%  81.9M   -86n  n/a
   1   52 |   7 1.0    0      0    0    0   0%    10M |   n/a   n/a   1    0      0    0    0   0%  81.9M    n/a  n/a
   1   53 |   7 1.0    0      0    0    0   0%    10M |   n/a   n/a   1    0      0    0    0   0%  81.9M    n/a  n/a
   2   54 |   7 1.0   19    13M  111  356  76%    10M |  99.9   n/a   1   27   762k    3   12  80%  81.9M    n/a  n/a
   2   55 |   7 1.0   19    13M  111  341  75%    10M |  99.9   ovl   1   27  1.77M    7   13  65%  81.9M   846n  n/a
   2   56 |   7 1.0   19    12M   93  366  79%    10M |  99.9   ovl   1   27  1.77M    7   12  63%  81.9M   211n  n/a
   2   57 |   7 1.0   19    14M  110  313  73%    10M |  99.9   n/a   1   27   508k    2   12  85%  81.9M    n/a  n/a
   2   58 |   7 1.0    0      0    0    0   0%    10M |   n/a   n/a   1    0      0    0    0   0%  81.9M    n/a  n/a
   2   59 |   7 1.0   19    13M  113  363  76%    10M |  99.9   ovl   1   27  2.76M   11   12  52%  81.9M  -221n  n/a
   2   5a |   7 1.0    0      0    0    0   0%    10M |   n/a   n/a   1    0      0    0    0   0%  81.9M    n/a  n/a
   2   5b |   7 1.0    0      0    0    0   0%    10M |   n/a   n/a   1    0      0    0    0   0%  81.9M    n/a  n/a
   3   5c |   7 1.0   19    15M  100  399  79%    10M |  99.9   n/a   1   27  1.74M    7   11  61%  81.9M    n/a  n/a
   3   5d |   7 1.0   19    15M  111  466  80%    10M |  99.9   n/a   1   27  2.01M    8    9  52%  81.9M    n/a  n/a
   3   5e |   7 1.0   19    15M  106  420  79%    10M |  99.9   ovl   1   27  1.81M    7    9  56%  81.9M   155n  n/a
   3   5f |   7 1.0    0      0    0    0   0%    10M |   n/a   n/a   1    0      0    0    0   0%  81.9M    n/a  n/a
   3   60 |   7 1.0   19    15M   98  464  82%    10M |  99.9   n/a   1   27  2.52M   10   11  52%  81.9M    n/a  n/a
   3   61 |   7 1.0   19    15M   98  445  81%    10M |  99.9   ovl   1   27  2.29M    9   10  52%  81.9M   766n  n/a
   3   62 |   7 1.0   19    14M   99  396  80%    10M |  99.9   n/a   1   27  1.01M    4   11  73%  81.9M    n/a  n/a
   3   63 |   7 1.0    0      0    0    0   0%    10M |   n/a   n/a   1    0      0    0    0   0%  81.9M    n/a  n/a

          |--------------------DL---------------------|-------------------------------UL-----------------------------
 pci rnti | cqi  ri  mcs  brate   ok  nok  (%)  dl_bs | pusch  rsrp  ri  mcs  brate   ok  nok  (%)    bsr     ta  phr
   0   44 |   7 1.0   19    11M   75  458  85%    10M |  99.9   ovl   1   27  1.26M    5   12  70%  81.9M  -895n  n/a
   0   45 |   7 1.0   19    11M   80  446  84%    10M |  99.9   n/a   1   27  1.77M    7    8  53%  81.9M    n/a  n/a
   0   46 |   7 1.0   19    10M   75  499  86%    10M |  99.9   n/a   1   27   992k    4   13  76%  81.9M    n/a  n/a
   0   47 |   7 1.0    0      0    0    0   0%    10M |   n/a   n/a   1    0      0    0    0   0%  81.9M    n/a  n/a
   0   48 |   7 1.0   19    11M   80  408  83%    10M |  99.9   n/a   1   27  1.01M    4    7  63%  81.9M    n/a  n/a
   0   49 |   7 1.0    0      0    0    0   0%    10M |   n/a   n/a   1    0      0    0    0   0%  81.9M    n/a  n/a
   0   4a |   7 1.0   19    10M   69  488  87%    10M |  99.9   n/a   1   27  1.26M    5    8  61%  81.9M    n/a  n/a
   0   4b |   7 1.0   19    11M   86  432  83%    10M |  99.9   n/a   1   27  1.25M    5   12  70%  81.9M    n/a  n/a
   1   4c |   7 1.0   19    13M  105  350  76%    10M |  99.9   n/a   1   27   246k    1   14  93%  81.9M    n/a  n/a
   1   4d |   7 1.0   19    13M  101  333  76%    10M |  99.9   n/a   1   27  1.01M    4   12  75%  81.9M    n/a  n/a
   1   4e |   7 1.0    0      0    0    0   0%    10M |   n/a   n/a   1    0      0    0    0   0%  81.9M    n/a  n/a
   1   4f |   7 1.0   19    13M  100  309  75%    10M |  99.9   ovl   1   27  4.29M   17   11  39%  81.9M    21n  n/a
   1   50 |   7 1.0   19    13M   93  338  78%    10M |  99.9   ovl   1   27  1.77M    7   12  63%  81.9M  -279n  n/a
   1   51 |   7 1.0   19    13M  104  341  76%    10M |  99.9   ovl   1   27  3.83M   15   11  42%  81.9M  -968n  n/a
   1   52 |   7 1.0    0      0    0    0   0%    10M |   n/a   n/a   1    0      0    0    0   0%  81.9M    n/a  n/a
   1   53 |   7 1.0    0      0    0    0   0%    10M |   n/a   n/a   1    0      0    0    0   0%  81.9M    n/a  n/a
   2   54 |   7 1.0   19    15M  119  316  72%    10M |  99.9   ovl   1   27  1.74M    7   12  63%  81.9M  -292n  n/a
   2   55 |   7 1.0   19    16M  111  308  73%    10M |  99.9   n/a   1   27  1.02M    4   12  75%  81.9M    n/a  n/a
   2   56 |   7 1.0   19    16M  109  333  75%    10M |  99.9   ovl   1   27  3.76M   15   11  42%  81.9M   441n  n/a
   2   57 |   7 1.0   19    16M  111  306  73%    10M |  99.9   ovl   1   27  1.76M    7   12  63%  81.9M   361n  n/a
   2   58 |   7 1.0    0      0    0    0   0%    10M |   n/a   n/a   1    0      0    0    0   0%  81.9M    n/a  n/a
   2   59 |   7 1.0   19    16M  117  302  72%    10M |  99.9   ovl   1   27  2.27M    9   11  55%  81.9M   358n  n/a
   2   5a |   7 1.0    0      0    0    0   0%    10M |   n/a   n/a   1    0      0    0    0   0%  81.9M    n/a  n/a
   2   5b |   7 1.0    0      0    0    0   0%    10M |   n/a   n/a   1    0      0    0    0   0%  81.9M    n/a  n/a
   3   5c |   7 1.0   19    11M   83  500  85%    10M |  99.9   ovl   1   27  2.27M    9   11  55%  81.9M   766n  n/a
   3   5d |   7 1.0   19    11M   78  478  85%    10M |  99.9   n/a   1   27  2.02M    8   11  57%  81.9M    n/a  n/a
   3   5e |   7 1.0   19    12M   91  466  83%    10M |  99.9   n/a   1   27  1.76M    7   10  58%  81.9M    n/a  n/a
   3   5f |   7 1.0    0      0    0    0   0%    10M |   n/a   n/a   1    0      0    0    0   0%  81.9M    n/a  n/a
   3   60 |   7 1.0   19    11M   81  557  87%    10M |  99.9   n/a   1   27  1.53M    6   10  62%  81.9M    n/a  n/a
   3   61 |   7 1.0   19    11M   90  495  84%    10M |  99.9   n/a   1   27   742k    3    8  72%  81.9M    n/a  n/a
   3   62 |   7 1.0   19    11M   77  491  86%    10M |  99.9   ovl   1   27  1.27M    5   11  68%  81.9M   155n  n/a
   3   63 |   7 1.0    0      0    0    0   0%    10M |   n/a   n/a   1    0      0    0    0   0%  81.9M    n/a  n/a
   0   44 |   7 1.0   19    13M  101  379  78%    10M |  99.9   ovl   1   27  1.77M    7   10  58%  81.9M  -895n  n/a
   0   45 |   7 1.0   19    13M  103  410  79%    10M |  99.9   n/a   1   27  1.75M    7   10  58%  81.9M    n/a  n/a
   0   46 |   7 1.0   19    13M   99  432  81%    10M |  99.9   n/a   1   27  2.28M    9   11  55%  81.9M    n/a  n/a
   0   47 |   7 1.0    0      0    0    0   0%    10M |   n/a   n/a   1    0      0    0    0   0%  81.9M    n/a  n/a
   0   48 |   7 1.0   19    14M  107  396  78%    10M |  99.9   ovl   1   27  2.79M   11    9  45%  81.9M  -543n  n/a
   0   49 |   7 1.0    0      0    0    0   0%    10M |   n/a   n/a   1    0      0    0    0   0%  81.9M    n/a  n/a
   0   4a |   7 1.0   19    13M   94  424  81%    10M |  99.9   ovl   1   27  1.78M    7   11  61%  81.9M  -543n  n/a
   0   4b |   7 1.0   19    12M  101  402  79%    10M |  99.9   ovl   1   27  2.03M    8    9  52%  81.9M    -1u  n/a
   1   4c |   7 1.0   19    14M   96  338  77%    10M |  99.9   n/a   1   27  1.01M    4   12  75%  81.9M    n/a  n/a
   1   4d |   7 1.0   19    14M   98  339  77%    10M |  99.9   ovl   1   27  1.01M    4   12  75%  81.9M   409n  n/a
   1   4e |   7 1.0    0      0    0    0   0%    10M |   n/a   n/a   1    0      0    0    0   0%  81.9M    n/a  n/a
   1   4f |   7 1.0   19    14M  101  361  78%    10M |  99.9   n/a   1   27  1.53M    6   12  66%  81.9M    n/a  n/a
   1   50 |   7 1.0   19    14M  106  347  76%    10M |  99.9   n/a   1   27  1.01M    4   12  75%  81.9M    n/a  n/a
   1   51 |   7 1.0   19    14M  101  354  77%    10M |  99.9   n/a   1   27  1.52M    6   13  68%  81.9M    n/a  n/a
   1   52 |   7 1.0    0      0    0    0   0%    10M |   n/a   n/a   1    0      0    0    0   0%  81.9M    n/a  n/a
   1   53 |   7 1.0    0      0    0    0   0%    10M |   n/a   n/a   1    0      0    0    0   0%  81.9M    n/a  n/a
   2   54 |   7 1.0   19    13M   95  315  76%    10M |  99.9   n/a   1   27  1.27M    5   12  70%  81.9M    n/a  n/a
   2   55 |   7 1.0   19    13M  105  375  78%    10M |  99.9   n/a   1   27  1.26M    5   12  70%  81.9M    n/a  n/a
   2   56 |   7 1.0   19    13M  100  333  76%    10M |  99.9   n/a   1   27   758k    3   16  84%  81.9M    n/a  n/a
   2   57 |   7 1.0   19    14M  108  309  74%    10M |  99.9   n/a   1   27  1.01M    4   12  75%  81.9M    n/a  n/a
   2   58 |   7 1.0    0      0    0    0   0%    10M |   n/a   n/a   1    0      0    0    0   0%  81.9M    n/a  n/a
   2   59 |   7 1.0   19    13M  113  367  76%    10M |  99.9   ovl   1   27  1.02M    4   16  80%  81.9M   211n  n/a
   2   5a |   7 1.0    0      0    0    0   0%    10M |   n/a   n/a   1    0      0    0    0   0%  81.9M    n/a  n/a
   2   5b |   7 1.0    0      0    0    0   0%    10M |   n/a   n/a   1    0      0    0    0   0%  81.9M    n/a  n/a
   3   5c |   7 1.0   19    11M   81  419  83%    10M |  99.9   n/a   1   27  2.00M    8   11  57%  81.9M    n/a  n/a
   3   5d |   7 1.0   19    11M   80  433  84%    10M |  99.9   n/a   1   27  1.50M    6   10  62%  81.9M    n/a  n/a
   3   5e |   7 1.0   19    11M   79  473  85%    10M |  99.9   n/a   1   27  1.54M    6   11  64%  81.9M    n/a  n/a
   3   5f |   7 1.0    0      0    0    0   0%    10M |   n/a   n/a   1    0      0    0    0   0%  81.9M    n/a  n/a
   3   60 |   7 1.0   19    11M   81  412  83%    10M |  99.9   n/a   1   27   250k    1   14  93%  81.9M    n/a  n/a
   3   61 |   7 1.0   19    10M   83  475  85%    10M |  99.9   n/a   1   27  1.77M    7   17  70%  81.9M    n/a  n/a
   3   62 |   7 1.0   19    12M   95  445  82%    10M |  99.9   n/a   1   27  1.76M    7   14  66%  81.9M    n/a  n/a
   3   63 |   7 1.0    0      0    0    0   0%    10M |   n/a   n/a   1    0      0    0    0   0%  81.9M    n/a  n/a
   0   44 |   7 1.0   19    12M   86  483  84%    10M |  99.9   ovl   1   27  2.78M   11   11  50%  81.9M  -895n  n/a
   0   45 |   7 1.0   19    11M   86  478  84%    10M |  99.9   ovl   1   27  1.77M    7   10  58%  81.9M   437n  n/a
   0   46 |   7 1.0   19    12M   88  469  84%    10M |  99.9   ovl   1   27  2.53M   10    4  28%  81.9M  -895n  n/a
   0   47 |   7 1.0    0      0    0    0   0%    10M |   n/a   n/a   1    0      0    0    0   0%  81.9M    n/a  n/a
   0   48 |   7 1.0   19    11M   81  461  85%    10M |  99.9   ovl   1   27  1.26M    5   12  70%  81.9M  -543n  n/a
   0   49 |   7 1.0    0      0    0    0   0%    10M |   n/a   n/a   1    0      0    0    0   0%  81.9M    n/a  n/a
   0   4a |   7 1.0   19    10M   72  477  86%    10M |  99.9   n/a   1   27  1.53M    6   12  66%  81.9M    n/a  n/a
   0   4b |   7 1.0   19    11M   82  492  85%    10M |  99.9   ovl   1   27  1.02M    4   11  73%  81.9M    32n  n/a
   1   4c |   7 1.0   19    12M   91  445  83%    10M |  99.9   n/a   1   27   758k    3   12  80%  81.9M    n/a  n/a
   1   4d |   7 1.0   19    12M   92  477  83%    10M |  99.9   ovl   1   27  1.77M    7   12  63%  81.9M  -968n  n/a
   1   4e |   7 1.0    0      0    0    0   0%    10M |   n/a   n/a   1    0      0    0    0   0%  81.9M    n/a  n/a
   1   4f |   7 1.0   19    12M   87  424  82%    10M |  99.9   n/a   1   27  1.52M    6   13  68%  81.9M    n/a  n/a
   1   50 |   7 1.0   19    12M   89  437  83%    10M |  99.9   n/a   1   27  1.27M    5   12  70%  81.9M    n/a  n/a
   1   51 |   7 1.0   19    12M   91  454  83%    10M |  99.9   ovl   1   27  1.27M    5   14  73%  81.9M  -610n  n/a
   1   52 |   7 1.0    0      0    0    0   0%    10M |   n/a   n/a   1    0      0    0    0   0%  81.9M    n/a  n/a
   1   53 |   7 1.0    0      0    0    0   0%    10M |   n/a   n/a   1    0      0    0    0   0%  81.9M    n/a  n/a
   2   54 |   7 1.0   19    11M   94  339  78%    10M |  99.9   n/a   1   27  1.78M    7   12  63%  81.9M    n/a  n/a
   2   55 |   7 1.0   19    12M   96  326  77%    10M |  99.9   ovl   1   27   771k    3   12  80%  81.9M   211n  n/a
   2   56 |   7 1.0   19    13M  102  318  75%    10M |  99.9   n/a   1   27  1.77M    7   12  63%  81.9M    n/a  n/a
   2   57 |   7 1.0   19    12M   99  371  78%    10M |  99.9   n/a   1   27   254k    1   12  92%  81.9M    n/a  n/a
   2   58 |   7 1.0    0      0    0    0   0%    10M |   n/a   n/a   1    0      0    0    0   0%  81.9M    n/a  n/a
   2   59 |   7 1.0   19    12M   97  372  79%    10M |  99.9   ovl   1   27  2.53M   10   12  54%  81.9M   -79n  n/a
   2   5a |   7 1.0    0      0    0    0   0%    10M |   n/a   n/a   1    0      0    0    0   0%  81.9M    n/a  n/a
   2   5b |   7 1.0    0      0    0    0   0%    10M |   n/a   n/a   1    0      0    0    0   0%  81.9M    n/a  n/a

          |--------------------DL---------------------|-------------------------------UL-----------------------------
 pci rnti | cqi  ri  mcs  brate   ok  nok  (%)  dl_bs | pusch  rsrp  ri  mcs  brate   ok  nok  (%)    bsr     ta  phr
   3   5c |   7 1.0   19    14M  113  455  80%    10M |  99.9   ovl   1   27  1.77M    7    7  50%  81.9M  -771n  n/a
   3   5d |   7 1.0   19    13M   85  479  84%    10M |  99.9   n/a   1   27   754k    3   15  83%  81.9M    n/a  n/a
   3   5e |   7 1.0   19    14M   96  465  82%    10M |  99.9   ovl   1   27  2.51M   10   10  50%  81.9M   693n  n/a
   3   5f |   7 1.0    0      0    0    0   0%    10M |   n/a   n/a   1    0      0    0    0   0%  81.9M    n/a  n/a
   3   60 |   7 1.0   19    12M   96  502  83%    10M |  99.9   ovl   1   27  2.05M    8   10  55%  81.9M   693n  n/a
   3   61 |   7 1.0   19    12M   89  492  84%    10M |  99.9   ovl   1   27  2.26M    9    8  47%  81.9M   424n  n/a
   3   62 |   7 1.0   19    13M   92  474  83%    10M |  99.9   n/a   1   27  3.28M   13    8  38%  81.9M    n/a  n/a
   3   63 |   7 1.0    0      0    0    0   0%    10M |   n/a   n/a   1    0      0    0    0   0%  81.9M    n/a  n/a
   0   44 |   7 1.0   19    11M   80  472  85%    10M |  99.9   n/a   1   27  1.52M    6   11  64%  81.9M    n/a  n/a
   0   45 |   7 1.0   19    10M   68  511  88%    10M |  99.9   n/a   1   27  1.01M    4   11  73%  81.9M    n/a  n/a
   0   46 |   7 1.0   19    10M   72  521  87%    10M |  99.9   n/a   1   27   754k    3    9  75%  81.9M    n/a  n/a
   0   47 |   7 1.0    0      0    0    0   0%    10M |   n/a   n/a   1    0      0    0    0   0%  81.9M    n/a  n/a
   0   48 |   7 1.0   19    11M   74  492  86%    10M |  99.9   n/a   1   27  1.78M    7   10  58%  81.9M    n/a  n/a
   0   49 |   7 1.0    0      0    0    0   0%    10M |   n/a   n/a   1    0      0    0    0   0%  81.9M    n/a  n/a
   0   4a |   7 1.0   19    11M   84  519  86%    10M |  99.9   n/a   1   27  1.50M    6    9  60%  81.9M    n/a  n/a
   0   4b |   7 1.0   19    11M   74  509  87%    10M |  99.9   n/a   1   27  1.26M    5   10  66%  81.9M    n/a  n/a
   1   4c |   7 1.0   19    13M   91  372  80%    10M |  99.9   ovl   1   27  1.52M    6   12  66%  81.9M    13n  n/a
   1   4d |   7 1.0   19    13M   87  398  82%    10M |  99.9   ovl   1   27   766k    3   12  80%  81.9M  -968n  n/a
   1   4e |   7 1.0    0      0    0    0   0%    10M |   n/a   n/a   1    0      0    0    0   0%  81.9M    n/a  n/a
   1   4f |   7 1.0   19    14M  103  409  79%    10M |  99.9   ovl   1   27  2.02M    8   11  57%  81.9M   472n  n/a
   1   50 |   7 1.0   19    14M   98  391  79%    10M |  99.9   ovl   1   27  2.03M    8   12  60%  81.9M   106n  n/a
   1   51 |   7 1.0   19    13M   89  362  80%    10M |  99.9   n/a   1   27  2.26M    9   10  52%  81.9M    n/a  n/a
   1   52 |   7 1.0    0      0    0    0   0%    10M |   n/a   n/a   1    0      0    0    0   0%  81.9M    n/a  n/a
   1   53 |   7 1.0    0      0    0    0   0%    10M |   n/a   n/a   1    0      0    0    0   0%  81.9M    n/a  n/a
   2   54 |   7 1.0   19    13M   98  376  79%    10M |  99.9   ovl   1   27  2.02M    8   12  60%  81.9M    93n  n/a
   2   55 |   7 1.0   19    13M  100  361  78%    10M |  99.9   ovl   1   27  1.26M    5   12  70%  81.9M  -100n  n/a
   2   56 |   7 1.0   19    12M  101  362  78%    10M |  99.9   n/a   1   27  1.01M    4   12  75%  81.9M    n/a  n/a
   2   57 |   7 1.0   19    13M  114  400  77%    10M |  99.9   n/a   1   27  1.25M    5   12  70%  81.9M    n/a  n/a
   2   58 |   7 1.0    0      0    0    0   0%    10M |   n/a   n/a   1    0      0    0    0   0%  81.9M    n/a  n/a
   2   59 |   7 1.0   19    13M  106  376  78%    10M |  99.9   n/a   1   27  1.27M    5   12  70%  81.9M    n/a  n/a
   2   5a |   7 1.0    0      0    0    0   0%    10M |   n/a   n/a   1    0      0    0    0   0%  81.9M    n/a  n/a
   2   5b |   7 1.0    0      0    0    0   0%    10M |   n/a   n/a   1    0      0    0    0   0%  81.9M    n/a  n/a
   3   5c |   7 1.0   19    12M   82  467  85%    10M |  99.9   ovl   1   27   996k    4   11  73%  81.9M   693n  n/a
   3   5d |   7 1.0   19    11M   83  481  85%    10M |  99.9   n/a   1   27  1.76M    7    9  56%  81.9M    n/a  n/a
   3   5e |   7 1.0   19    11M   82  535  86%    10M |  99.9   n/a   1   27  2.28M    9   12  57%  81.9M    n/a  n/a
   3   5f |   7 1.0    0      0    0    0   0%    10M |   n/a   n/a   1    0      0    0    0   0%  81.9M    n/a  n/a
   3   60 |   7 1.0   19    12M   90  539  85%    10M |  99.9   n/a   1   27  1.52M    6    8  57%  81.9M    n/a  n/a
   3   61 |   7 1.0   19    11M   84  576  87%    10M |  99.9   ovl   1   27  1.27M    5   11  68%  81.9M   766n  n/a
   3   62 |   7 1.0   19    12M   87  465  84%    10M |  99.9   n/a   1   27  1.53M    6    9  60%  81.9M    n/a  n/a
   3   63 |   7 1.0    0      0    0    0   0%    10M |   n/a   n/a   1    0      0    0    0   0%  81.9M    n/a  n/a
   0   44 |   7 1.0   19    10M   77  595  88%    10M |  99.9   n/a   1   27  1.26M    5    9  64%  81.9M    n/a  n/a
   0   45 |   7 1.0   19    10M   76  519  87%    10M |  99.9   n/a   1   27   771k    3   11  78%  81.9M    n/a  n/a
   0   46 |   7 1.0   19    10M   76  547  87%    10M |  99.9   n/a   1   27  1.25M    5   10  66%  81.9M    n/a  n/a
   0   47 |   7 1.0    0      0    0    0   0%    10M |   n/a   n/a   1    0      0    0    0   0%  81.9M    n/a  n/a
   0   48 |   7 1.0   19   9.9M   74  567  88%    10M |  99.9   n/a   1   27   762k    3    9  75%  81.9M    n/a  n/a
   0   49 |   7 1.0    0      0    0    0   0%    10M |   n/a   n/a   1    0      0    0    0   0%  81.9M    n/a  n/a
   0   4a |   7 1.0   19   9.7M   75  581  88%    10M |  99.9   n/a   1   27  1.00M    4   10  71%  81.9M    n/a  n/a
   0   4b |   7 1.0   19   9.8M   70  522  88%    10M |  99.9   n/a   1   27  1.52M    6   11  64%  81.9M    n/a  n/a
   1   4c |   7 1.0   19    14M   99  375  79%    10M |  99.9   ovl   1   27  2.29M    9   12  57%  81.9M   -87n  n/a
   1   4d |   7 1.0   19    14M  101  319  75%    10M |  99.9   ovl   1   27  2.03M    8   12  60%  81.9M   900n  n/a
   1   4e |   7 1.0    0      0    0    0   0%    10M |   n/a   n/a   1    0      0    0    0   0%  81.9M    n/a  n/a
   1   4f |   7 1.0   19    13M  101  375  78%    10M |  99.9   n/a   1   27  1.76M    7   16  69%  81.9M    n/a  n/a
   1   50 |   7 1.0   19    14M   99  327  76%    10M |  99.9   ovl   1   27  2.29M    9   13  59%  81.9M   -75n  n/a
   1   51 |   7 1.0   19    14M  101  361  78%    10M |  99.9   ovl   1   27  2.28M    9   15  62%  81.9M   -25n  n/a
   1   52 |   7 1.0    0      0    0    0   0%    10M |   n/a   n/a   1    0      0    0    0   0%  81.9M    n/a  n/a
   1   53 |   7 1.0    0      0    0    0   0%    10M |   n/a   n/a   1    0      0    0    0   0%  81.9M    n/a  n/a
   2   54 |   7 1.0   19    13M  100  372  78%    10M |  99.9   ovl   1   27  1.01M    4   16  80%  81.9M   358n  n/a
   2   55 |   7 1.0   19    13M  106  354  76%    10M |  99.9   ovl   1   27  1.78M    7   12  63%  81.9M  -660n  n/a
   2   56 |   7 1.0   19    13M   93  348  78%    10M |  99.9   n/a   1   27  1.27M    5   12  70%  81.9M    n/a  n/a
   2   57 |   7 1.0   19    13M   97  357  78%    10M |  99.9   ovl   1   27  2.53M   10   13  56%  81.9M    55n  n/a
   2   58 |   7 1.0    0      0    0    0   0%    10M |   n/a   n/a   1    0      0    0    0   0%  81.9M    n/a  n/a
   2   59 |   7 1.0   19    14M   98  356  78%    10M |  99.9   ovl   1   27  1.79M    7   12  63%  81.9M  -149n  n/a
   2   5a |   7 1.0    0      0    0    0   0%    10M |   n/a   n/a   1    0      0    0    0   0%  81.9M    n/a  n/a
   2   5b |   7 1.0    0      0    0    0   0%    10M |   n/a   n/a   1    0      0    0    0   0%  81.9M    n/a  n/a
   3   5c |   7 1.0   19    14M   91  444  82%    10M |  99.9   n/a   1   27  2.51M   10    9  47%  81.9M    n/a  n/a
   3   5d |   7 1.0   19    13M   85  444  83%    10M |  99.9   ovl   1   27  3.05M   12    8  40%  81.9M   693n  n/a
   3   5e |   7 1.0   19    13M   90  454  83%    10M |  99.9   ovl   1   27  2.28M    9   13  59%  81.9M   766n  n/a
   3   5f |   7 1.0    0      0    0    0   0%    10M |   n/a   n/a   1    0      0    0    0   0%  81.9M    n/a  n/a
   3   60 |   7 1.0   19    14M   95  405  81%    10M |  99.9   ovl   1   27  1.77M    7    9  56%  81.9M    -3n  n/a
   3   61 |   7 1.0   19    12M   86  511  85%    10M |  99.9   n/a   1   27  2.04M    8   11  57%  81.9M    n/a  n/a
   3   62 |   7 1.0   19    13M   98  465  82%    10M |  99.9   ovl   1   27  1.51M    6   12  66%  81.9M   693n  n/a
   3   63 |   7 1.0    0      0    0    0   0%    10M |   n/a   n/a   1    0      0    0    0   0%  81.9M    n/a  n/a
   0   44 |   7 1.0   19    10M   72  502  87%    10M |  99.9   n/a   1   27  1.29M    5   11  68%  81.9M    n/a  n/a
   0   45 |   7 1.0   19    10M   71  530  88%    10M |  99.9   n/a   1   27  1.00M    4   11  73%  81.9M    n/a  n/a
   0   46 |   7 1.0   19    11M   72  462  86%    10M |  99.9   n/a   1   27  1.27M    5   11  68%  81.9M    n/a  n/a
   0   47 |   7 1.0    0      0    0    0   0%    10M |   n/a   n/a   1    0      0    0    0   0%  81.9M    n/a  n/a
   0   48 |   7 1.0   19    11M   82  466  85%    10M |  99.9   n/a   1   27  1.02M    4    9  69%  81.9M    n/a  n/a
   0   49 |   7 1.0    0      0    0    0   0%    10M |   n/a   n/a   1    0      0    0    0   0%  81.9M    n/a  n/a
   0   4a |   7 1.0   19    11M   79  474  85%    10M |  99.9   n/a   1   27  1.26M    5   10  66%  81.9M    n/a  n/a
   0   4b |   7 1.0   19    10M   69  450  86%    10M |  99.9   n/a   1   27  1.77M    7    8  53%  81.9M    n/a  n/a
   1   4c |   7 1.0   19    13M  101  386  79%    10M |  99.9   ovl   1   27  2.04M    8   12  60%  81.9M  -151n  n/a
   1   4d |   7 1.0   19    13M   98  405  80%    10M |  99.9   ovl   1   27  1.51M    6   12  66%  81.9M   409n  n/a
   1   4e |   7 1.0    0      0    0    0   0%    10M |   n/a   n/a   1    0      0    0    0   0%  81.9M    n/a  n/a
   1   4f |   7 1.0   19    13M   92  373  80%    10M |  99.9   ovl   1   27  2.27M    9    8  47%  81.9M   107n  n/a
   1   50 |   7 1.0   19    13M   95  363  79%    10M |  99.9   n/a   1   27  1.77M    7   11  61%  81.9M    n/a  n/a
   1   51 |   7 1.0   19    13M   97  390  80%    10M |  99.9   ovl   1   27  2.27M    9    8  47%  81.9M   409n  n/a
   1   52 |   7 1.0    0      0    0    0   0%    10M |   n/a   n/a   1    0      0    0    0   0%  81.9M    n/a  n/a
   1   53 |   7 1.0    0      0    0    0   0%    10M |   n/a   n/a   1    0      0    0    0   0%  81.9M    n/a  n/a

          |--------------------DL---------------------|-------------------------------UL-----------------------------
 pci rnti | cqi  ri  mcs  brate   ok  nok  (%)  dl_bs | pusch  rsrp  ri  mcs  brate   ok  nok  (%)    bsr     ta  phr
   2   54 |   7 1.0   19    13M   93  303  76%    10M |  99.9   ovl   1   27  2.79M   11    8  42%  81.9M   304n  n/a
   2   55 |   7 1.0   19    13M  102  336  76%    10M |  99.9   n/a   1   27  1.52M    6   12  66%  81.9M    n/a  n/a
   2   56 |   7 1.0   19    13M  107  393  78%    10M |  99.9   n/a   1   27  1.52M    6   12  66%  81.9M    n/a  n/a
   2   57 |   7 1.0   19    13M  101  322  76%    10M |  99.9   n/a   1   27  1.75M    7   11  61%  81.9M    n/a  n/a
   2   58 |   7 1.0    0      0    0    0   0%    10M |   n/a   n/a   1    0      0    0    0   0%  81.9M    n/a  n/a
   2   59 |   7 1.0   19    14M  103  359  77%    10M |  99.9   n/a   1   27  1.03M    4   12  75%  81.9M    n/a  n/a
   2   5a |   7 1.0    0      0    0    0   0%    10M |   n/a   n/a   1    0      0    0    0   0%  81.9M    n/a  n/a
   2   5b |   7 1.0    0      0    0    0   0%    10M |   n/a   n/a   1    0      0    0    0   0%  81.9M    n/a  n/a
   3   5c |   7 1.0   19    13M   93  448  82%    10M |  99.9   n/a   1   27  2.53M   10    5  33%  81.9M    n/a  n/a
   3   5d |   7 1.0   19    14M  111  379  77%    10M |  99.9   ovl   1   27  2.77M   11    9  45%  81.9M   -39n  n/a
   3   5e |   7 1.0   19    13M  103  429  80%    10M |  99.9   n/a   1   27  2.30M    9    6  40%  81.9M    n/a  n/a
   3   5f |   7 1.0    0      0    0    0   0%    10M |   n/a   n/a   1    0      0    0    0   0%  81.9M    n/a  n/a
   3   60 |   7 1.0   19    14M  104  433  80%    10M |  99.9   ovl   1   27  2.25M    9    7  43%  81.9M  -771n  n/a
   3   61 |   7 1.0   19    14M  112  431  79%    10M |  99.9   ovl   1   27  2.78M   11    6  35%  81.9M   424n  n/a
   3   62 |   7 1.0   19    14M  109  410  78%    10M |  99.9   ovl   1   27  3.31M   13    6  31%  81.9M  -154n  n/a
   3   63 |   7 1.0    0      0    0    0   0%    10M |   n/a   n/a   1    0      0    0    0   0%  81.9M    n/a  n/a
   0   44 |   7 1.0   19    12M   80  427  84%    10M |  99.9   n/a   1   27  1.52M    6    9  60%  81.9M    n/a  n/a
   0   45 |   7 1.0   19    11M   85  435  83%    10M |  99.9   ovl   1   27  2.51M   10   11  52%  81.9M  -895n  n/a
   0   46 |   7 1.0   19    12M   93  466  83%    10M |  99.9   ovl   1   27  1.25M    5   12  70%  81.9M    -1u  n/a
   0   47 |   7 1.0    0      0    0    0   0%    10M |   n/a   n/a   1    0      0    0    0   0%  81.9M    n/a  n/a
   0   48 |   7 1.0   19    13M  100  451  81%    10M |  99.9   n/a   1   27  1.52M    6   10  62%  81.9M    n/a  n/a
   0   49 |   7 1.0    0      0    0    0   0%    10M |   n/a   n/a   1    0      0    0    0   0%  81.9M    n/a  n/a
   0   4a |   7 1.0   19    12M   87  419  82%    10M |  99.9   ovl   1   27  1.52M    6    9  60%  81.9M    32n  n/a
   0   4b |   7 1.0   19    12M   93  402  81%    10M |  99.9   ovl   1   27  1.27M    5    9  64%  81.9M   438n  n/a
   1   4c |   7 1.0   19    14M  104  394  79%    10M |  99.9   ovl   1   27   996k    4   12  75%  81.9M   447n  n/a
   1   4d |   7 1.0   19    14M   99  387  79%    10M |  99.9   ovl   1   27  1.01M    4   12  75%  81.9M  -968n  n/a
   1   4e |   7 1.0    0      0    0    0   0%    10M |   n/a   n/a   1    0      0    0    0   0%  81.9M    n/a  n/a
   1   4f |   7 1.0   19    13M   99  397  80%    10M |  99.9   n/a   1   27  1.77M    7   15  68%  81.9M    n/a  n/a
   1   50 |   7 1.0   19    14M   99  393  79%    10M |  99.9   n/a   1   27  2.29M    9   12  57%  81.9M    n/a  n/a
   1   51 |   7 1.0   19    13M   95  406  81%    10M |  99.9   n/a   1   27  2.03M    8   16  66%  81.9M    n/a  n/a
   1   52 |   7 1.0    0      0    0    0   0%    10M |   n/a   n/a   1    0      0    0    0   0%  81.9M    n/a  n/a
   1   53 |   7 1.0    0      0    0    0   0%    10M |   n/a   n/a   1    0      0    0    0   0%  81.9M    n/a  n/a
   2   54 |   7 1.0   19    13M   92  329  78%    10M |  99.9   n/a   1   27  1.25M    5   15  75%  81.9M    n/a  n/a
   2   55 |   7 1.0   19    14M  103  350  77%    10M |  99.9   ovl   1   27   508k    2   12  85%  81.9M   460n  n/a
   2   56 |   7 1.0   19    12M   93  329  77%    10M |  99.9   n/a   1   27  1.75M    7   12  63%  81.9M    n/a  n/a
   2   57 |   7 1.0   19    14M  104  324  75%    10M |  99.9   n/a   1   27  1.78M    7   12  63%  81.9M    n/a  n/a
   2   58 |   7 1.0    0      0    0    0   0%    10M |   n/a   n/a   1    0      0    0    0   0%  81.9M    n/a  n/a
   2   59 |   7 1.0   19    14M  106  326  75%    10M |  99.9   ovl   1   27  3.04M   12   11  47%  81.9M   -28n  n/a
   2   5a |   7 1.0    0      0    0    0   0%    10M |   n/a   n/a   1    0      0    0    0   0%  81.9M    n/a  n/a
   2   5b |   7 1.0    0      0    0    0   0%    10M |   n/a   n/a   1    0      0    0    0   0%  81.9M    n/a  n/a
   3   5c |   7 1.0   19    12M   83  477  85%    10M |  99.9   n/a   1   27  2.53M   10   11  52%  81.9M    n/a  n/a
   3   5d |   7 1.0   19    13M   94  384  80%    10M |  99.9   n/a   1   27  2.26M    9   10  52%  81.9M    n/a  n/a
   3   5e |   7 1.0   19    13M   93  401  81%    10M |  99.9   n/a   1   27  1.51M    6   12  66%  81.9M    n/a  n/a
   3   5f |   7 1.0    0      0    0    0   0%    10M |   n/a   n/a   1    0      0    0    0   0%  81.9M    n/a  n/a
   3   60 |   7 1.0   19    13M   97  436  81%    10M |  99.9   n/a   1   27  2.27M    9   15  62%  81.9M    n/a  n/a
   3   61 |   7 1.0   19    13M   94  430  82%    10M |  99.9   n/a   1   27  1.77M    7   13  65%  81.9M    n/a  n/a
   3   62 |   7 1.0   19    13M   97  375  79%    10M |  99.9   ovl   1   27  2.02M    8   12  60%  81.9M   765n  n/a
   3   63 |   7 1.0    0      0    0    0   0%    10M |   n/a   n/a   1    0      0    0    0   0%  81.9M    n/a  n/a
   0   44 |   7 1.0   19    11M   84  520  86%    10M |  99.9   n/a   1   27  1.02M    4    7  63%  81.9M    n/a  n/a
   0   45 |   7 1.0   19    10M   78  568  87%    10M |  99.9   n/a   1   27   754k    3   11  78%  81.9M    n/a  n/a
   0   46 |   7 1.0   19    11M   74  512  87%    10M |   n/a   n/a   1   27      0    0   11 100%  81.9M    n/a  n/a
   0   47 |   7 1.0    0      0    0    0   0%    10M |   n/a   n/a   1    0      0    0    0   0%  81.9M    n/a  n/a
   0   48 |   7 1.0   19    10M   76  466  85%    10M |  99.9   n/a   1   27  1.01M    4   12  75%  81.9M    n/a  n/a
   0   49 |   7 1.0    0      0    0    0   0%    10M |   n/a   n/a   1    0      0    0    0   0%  81.9M    n/a  n/a
   0   4a |   7 1.0   19    10M   77  515  86%    10M |  99.9   n/a   1   27   754k    3    9  75%  81.9M    n/a  n/a
   0   4b |   7 1.0   19    10M   74  495  86%    10M |  99.9   n/a   1   27  1.27M    5   10  66%  81.9M    n/a  n/a
   1   4c |   7 1.0   19    12M   86  395  82%    10M |  99.9   n/a   1   27   512k    2   12  85%  81.9M    n/a  n/a
   1   4d |   7 1.0   19    12M   88  416  82%    10M |  99.9   n/a   1   27   988k    4   12  75%  81.9M    n/a  n/a
   1   4e |   7 1.0    0      0    0    0   0%    10M |   n/a   n/a   1    0      0    0    0   0%  81.9M    n/a  n/a
   1   4f |   7 1.0   19    12M   90  417  82%    10M |  99.9   n/a   1   27  1.26M    5   13  72%  81.9M    n/a  n/a
   1   50 |   7 1.0   19    12M   87  402  82%    10M |  99.9   n/a   1   27  1.79M    7   15  68%  81.9M    n/a  n/a
   1   51 |   7 1.0   19    12M   92  383  80%    10M |  99.9   n/a   1   27  1.52M    6   12  66%  81.9M    n/a  n/a
   1   52 |   7 1.0    0      0    0    0   0%    10M |   n/a   n/a   1    0      0    0    0   0%  81.9M    n/a  n/a
   1   53 |   7 1.0    0      0    0    0   0%    10M |   n/a   n/a   1    0      0    0    0   0%  81.9M    n/a  n/a
   2   54 |   7 1.0   19    13M   97  366  79%    10M |  99.9   ovl   1   27  1.76M    7   13  65%  81.9M   461n  n/a
   2   55 |   7 1.0   19    13M  106  338  76%    10M |  99.9   n/a   1   27   746k    3   13  81%  81.9M    n/a  n/a
   2   56 |   7 1.0   19    12M   98  391  79%    10M |  99.9   n/a   1   27  1.27M    5   12  70%  81.9M    n/a  n/a
   2   57 |   7 1.0   19    13M  100  355  78%    10M |  99.9   n/a   1   27  1.77M    7   15  68%  81.9M    n/a  n/a
   2   58 |   7 1.0    0      0    0    0   0%    10M |   n/a   n/a   1    0      0    0    0   0%  81.9M    n/a  n/a
   2   59 |   7 1.0   19    13M   96  353  78%    10M |  99.9   ovl   1   27  1.52M    6   12  66%  81.9M    64n  n/a
   2   5a |   7 1.0    0      0    0    0   0%    10M |   n/a   n/a   1    0      0    0    0   0%  81.9M    n/a  n/a
   2   5b |   7 1.0    0      0    0    0   0%    10M |   n/a   n/a   1    0      0    0    0   0%  81.9M    n/a  n/a
   3   5c |   7 1.0   19    16M  120  281  70%    10M |  99.9   ovl   1   27  2.01M    8   10  55%  81.9M    -3n  n/a
   3   5d |   7 1.0   19    13M   96  317  76%    10M |  99.9   n/a   1   27  3.55M   14    5  26%  81.9M    n/a  n/a
   3   5e |   7 1.0   19    15M  105  317  75%    10M |  99.9   n/a   1   27  2.77M   11   10  47%  81.9M    n/a  n/a
   3   5f |   7 1.0    0      0    0    0   0%    10M |   n/a   n/a   1    0      0    0    0   0%  81.9M    n/a  n/a
   3   60 |   7 1.0   19    14M  105  278  72%    10M |  99.9   ovl   1   27  3.04M   12   11  47%  81.9M   766n  n/a
   3   61 |   7 1.0   19    14M   98  318  76%    10M |  99.9   ovl   1   27  2.78M   11   14  56%  81.9M   155n  n/a
   3   62 |   7 1.0   19    15M  118  310  72%    10M |  99.9   n/a   1   27  3.02M   12   10  45%  81.9M    n/a  n/a
   3   63 |   7 1.0    0      0    0    0   0%    10M |   n/a   n/a   1    0      0    0    0   0%  81.9M    n/a  n/a
   0   44 |   7 1.0   19    12M   81  466  85%    10M |  99.9   n/a   1   27  1.53M    6   16  72%  81.9M    n/a  n/a
   0   45 |   7 1.0   19    11M   76  504  86%    10M |  99.9   n/a   1   27  1.02M    4   11  73%  81.9M    n/a  n/a
   0   46 |   7 1.0   19    11M   80  487  85%    10M |  99.9   n/a   1   27  1.75M    7   10  58%  81.9M    n/a  n/a
   0   47 |   7 1.0    0      0    0    0   0%    10M |   n/a   n/a   1    0      0    0    0   0%  81.9M    n/a  n/a
   0   48 |   7 1.0   19    12M   81  476  85%    10M |  99.9   n/a   1   27   758k    3   11  78%  81.9M    n/a  n/a
   0   49 |   7 1.0    0      0    0    0   0%    10M |   n/a   n/a   1    0      0    0    0   0%  81.9M    n/a  n/a
   0   4a |   7 1.0   19    11M   84  450  84%    10M |  99.9   n/a   1   27  1.26M    5   12  70%  81.9M    n/a  n/a
   0   4b |   7 1.0   19    11M   72  467  86%    10M |  99.9   n/a   1   27  1.51M    6   12  66%  81.9M    n/a  n/a

          |--------------------DL---------------------|-------------------------------UL-----------------------------
 pci rnti | cqi  ri  mcs  brate   ok  nok  (%)  dl_bs | pusch  rsrp  ri  mcs  brate   ok  nok  (%)    bsr     ta  phr
   1   4c |   7 1.0   19    15M  109  295  73%    10M |  99.9   n/a   1   27  1.76M    7   16  69%  81.9M    n/a  n/a
   1   4d |   7 1.0   19    15M  108  283  72%    10M |  99.9   n/a   1   27  1.78M    7   16  69%  81.9M    n/a  n/a
   1   4e |   7 1.0    0      0    0    0   0%    10M |   n/a   n/a   1    0      0    0    0   0%  81.9M    n/a  n/a
   1   4f |   7 1.0   19    15M  109  332  75%    10M |  99.9   n/a   1   27  1.78M    7   12  63%  81.9M    n/a  n/a
   1   50 |   7 1.0   19    13M  107  345  76%    10M |  99.9   ovl   1   27  1.76M    7   13  65%  81.9M   484n  n/a
   1   51 |   7 1.0   19    14M  105  320  75%    10M |  99.9   n/a   1   27  1.78M    7   12  63%  81.9M    n/a  n/a
   1   52 |   7 1.0    0      0    0    0   0%    10M |   n/a   n/a   1    0      0    0    0   0%  81.9M    n/a  n/a
   1   53 |   7 1.0    0      0    0    0   0%    10M |   n/a   n/a   1    0      0    0    0   0%  81.9M    n/a  n/a
   2   54 |   7 1.0   19    14M  115  338  74%    10M |  99.9   n/a   1   27  1.77M    7   12  63%  81.9M    n/a  n/a
   2   55 |   7 1.0   19    13M  104  372  78%    10M |  99.9   ovl   1   27  1.78M    7   15  68%  81.9M  -660n  n/a
   2   56 |   7 1.0   19    13M   91  355  79%    10M |  99.9   n/a   1   27   775k    3   16  84%  81.9M    n/a  n/a
   2   57 |   7 1.0   19    14M  103  351  77%    10M |  99.9   n/a   1   27  1.52M    6   13  68%  81.9M    n/a  n/a
   2   58 |   7 1.0    0      0    0    0   0%    10M |   n/a   n/a   1    0      0    0    0   0%  81.9M    n/a  n/a
   2   59 |   7 1.0   19    14M   95  375  79%    10M |  99.9   n/a   1   27  1.77M    7   16  69%  81.9M    n/a  n/a
   2   5a |   7 1.0    0      0    0    0   0%    10M |   n/a   n/a   1    0      0    0    0   0%  81.9M    n/a  n/a
   2   5b |   7 1.0    0      0    0    0   0%    10M |   n/a   n/a   1    0      0    0    0   0%  81.9M    n/a  n/a
   3   5c |   7 1.0   19    17M  122  306  71%    10M |  99.9   ovl   1   27  2.02M    8   12  60%  81.9M   424n  n/a
   3   5d |   7 1.0   19    16M  112  342  75%    10M |  99.9   ovl   1   27  3.57M   14   14  50%  81.9M   729n  n/a
   3   5e |   7 1.0   19    17M  130  308  70%    10M |  99.9   ovl   1   27  2.49M   10    7  41%  81.9M  -771n  n/a
   3   5f |   7 1.0    0      0    0    0   0%    10M |   n/a   n/a   1    0      0    0    0   0%  81.9M    n/a  n/a
   3   60 |   7 1.0   19    16M  113  367  76%    10M |  99.9   n/a   1   27  3.79M   15    5  25%  81.9M    n/a  n/a
   3   61 |   7 1.0   19    16M  106  332  75%    10M |  99.9   ovl   1   27  3.31M   13   12  48%  81.9M   693n  n/a
   3   62 |   7 1.0   19    16M  101  354  77%    10M |  99.9   n/a   1   27  2.28M    9    9  50%  81.9M    n/a  n/a
   3   63 |   7 1.0    0      0    0    0   0%    10M |   n/a   n/a   1    0      0    0    0   0%  81.9M    n/a  n/a
   0   44 |   7 1.0   19    12M   80  497  86%    10M |  99.9   n/a   1   27  1.79M    7   10  58%  81.9M    n/a  n/a
   0   45 |   7 1.0   19    12M   83  501  85%    10M |  99.9   n/a   1   27  1.79M    7    9  56%  81.9M    n/a  n/a
   0   46 |   7 1.0   19    12M   87  476  84%    10M |  99.9   ovl   1   27  1.78M    7   11  61%  81.9M    32n  n/a
   0   47 |   7 1.0    0      0    0    0   0%    10M |   n/a   n/a   1    0      0    0    0   0%  81.9M    n/a  n/a
   0   48 |   7 1.0   19    12M   85  555  86%    10M |  99.9   n/a   1   27  1.76M    7   13  65%  81.9M    n/a  n/a
   0   49 |   7 1.0    0      0    0    0   0%    10M |   n/a   n/a   1    0      0    0    0   0%  81.9M    n/a  n/a
   0   4a |   7 1.0   19    12M   89  488  84%    10M |  99.9   n/a   1   27  1.76M    7   14  66%  81.9M    n/a  n/a
   0   4b |   7 1.0   19    12M   85  519  85%    10M |  99.9   ovl   1   27  2.01M    8   11  57%  81.9M  -895n  n/a
   1   4c |   7 1.0   19    15M  107  325  75%    10M |  99.9   ovl   1   27  1.27M    5   12  70%  81.9M   106n  n/a
   1   4d |   7 1.0   19    15M  110  343  75%    10M |  99.9   ovl   1   27  3.01M   12   12  50%  81.9M   277n  n/a
   1   4e |   7 1.0    0      0    0    0   0%    10M |   n/a   n/a   1    0      0    0    0   0%  81.9M    n/a  n/a
   1   4f |   7 1.0   19    16M  108  284  72%    10M |  99.9   ovl   1   27  2.02M    8   16  66%  81.9M   333n  n/a
   1   50 |   7 1.0   19    15M  108  318  74%    10M |  99.9   ovl   1   27  1.78M    7   13  65%  81.9M  -279n  n/a
   1   51 |   7 1.0   19    15M  113  322  74%    10M |  99.9   ovl   1   27  1.50M    6   16  72%  81.9M   484n  n/a
   1   52 |   7 1.0    0      0    0    0   0%    10M |   n/a   n/a   1    0      0    0    0   0%  81.9M    n/a  n/a
   1   53 |   7 1.0    0      0    0    0   0%    10M |   n/a   n/a   1    0      0    0    0   0%  81.9M    n/a  n/a
   2   54 |   7 1.0   19    14M  101  323  76%    10M |  99.9   ovl   1   27  2.28M    9   16  64%  81.9M  -309n  n/a
   2   55 |   7 1.0   19    14M   98  314  76%    10M |  99.9   n/a   1   27   750k    3   16  84%  81.9M    n/a  n/a
   2   56 |   7 1.0   19    13M   98  317  76%    10M |  99.9   n/a   1   27  1.28M    5   12  70%  81.9M    n/a  n/a
   2   57 |   7 1.0   19    14M  115  299  72%    10M |  99.9   n/a   1   27  1.78M    7   16  69%  81.9M    n/a  n/a
   2   58 |   7 1.0    0      0    0    0   0%    10M |   n/a   n/a   1    0      0    0    0   0%  81.9M    n/a  n/a
   2   59 |   7 1.0   19    15M  112  298  72%    10M |  99.9   ovl   1   27  2.02M    8   12  60%  81.9M   846n  n/a
   2   5a |   7 1.0    0      0    0    0   0%    10M |   n/a   n/a   1    0      0    0    0   0%  81.9M    n/a  n/a
   2   5b |   7 1.0    0      0    0    0   0%    10M |   n/a   n/a   1    0      0    0    0   0%  81.9M    n/a  n/a
   3   5c |   7 1.0   19    14M  102  323  76%    10M |  99.9   n/a   1   27  2.78M   11   12  52%  81.9M    n/a  n/a
   3   5d |   7 1.0   19    14M  117  322  73%    10M |  99.9   ovl   1   27  2.27M    9    9  50%  81.9M   729n  n/a
   3   5e |   7 1.0   19    13M   81  352  81%    10M |  99.9   ovl   1   27  2.02M    8   13  61%  81.9M   693n  n/a
   3   5f |   7 1.0    0      0    0    0   0%    10M |   n/a   n/a   1    0      0    0    0   0%  81.9M    n/a  n/a
   3   60 |   7 1.0   19    14M   97  379  79%    10M |  99.9   n/a   1   27  1.51M    6   11  64%  81.9M    n/a  n/a
   3   61 |   7 1.0   19    15M  118  355  75%    10M |  99.9   ovl   1   27  1.52M    6   11  64%  81.9M    -2n  n/a
   3   62 |   7 1.0   19    14M  101  351  77%    10M |  99.9   ovl   1   27  1.27M    5   12  70%  81.9M    -2n  n/a
   3   63 |   7 1.0    0      0    0    0   0%    10M |   n/a   n/a   1    0      0    0    0   0%  81.9M    n/a  n/a
   0   44 |   7 1.0   19    12M   84  443  84%    10M |  99.9   n/a   1   27  2.51M   10   11  52%  81.9M    n/a  n/a
   0   45 |   7 1.0   19    12M   88  509  85%    10M |  99.9   n/a   1   27  1.52M    6   12  66%  81.9M    n/a  n/a
   0   46 |   7 1.0   19    13M   93  436  82%    10M |  99.9   n/a   1   27  2.25M    9    6  40%  81.9M    n/a  n/a
   0   47 |   7 1.0    0      0    0    0   0%    10M |   n/a   n/a   1    0      0    0    0   0%  81.9M    n/a  n/a
   0   48 |   7 1.0   19    11M   76  525  87%    10M |  99.9   n/a   1   27  1.27M    5   11  68%  81.9M    n/a  n/a
   0   49 |   7 1.0    0      0    0    0   0%    10M |   n/a   n/a   1    0      0    0    0   0%  81.9M    n/a  n/a
   0   4a |   7 1.0   19    12M   83  496  85%    10M |  99.9   n/a   1   27  1.53M    6   11  64%  81.9M    n/a  n/a
   0   4b |   7 1.0   19    12M   92  489  84%    10M |  99.9   n/a   1   27  2.30M    9    8  47%  81.9M    n/a  n/a
   1   4c |   7 1.0   19    15M  111  294  72%    10M |  99.9   ovl   1   27  4.81M   19   12  38%  81.9M    26n  n/a
   1   4d |   7 1.0   19    16M  122  320  72%    10M |  99.9   ovl   1   27  5.57M   22   10  31%  81.9M  -190n  n/a
   1   4e |   7 1.0    0      0    0    0   0%    10M |   n/a   n/a   1    0      0    0    0   0%  81.9M    n/a  n/a
   1   4f |   7 1.0   19    16M  119  293  71%    10M |  99.9   n/a   1   27  1.27M    5    9  64%  81.9M    n/a  n/a
   1   50 |   7 1.0   19    16M  117  301  72%    10M |  99.9   ovl   1   27  2.02M    8   11  57%  81.9M  -431n  n/a
   1   51 |   7 1.0   19    16M  113  323  74%    10M |  99.9   n/a   1   27  2.03M    8   12  60%  81.9M    n/a  n/a
   1   52 |   7 1.0    0      0    0    0   0%    10M |   n/a   n/a   1    0      0    0    0   0%  81.9M    n/a  n/a
   1   53 |   7 1.0    0      0    0    0   0%    10M |   n/a   n/a   1    0      0    0    0   0%  81.9M    n/a  n/a
   2   54 |   7 1.0   19    13M   94  376  80%    10M |  99.9   n/a   1   27  1.54M    6    9  60%  81.9M    n/a  n/a
   2   55 |   7 1.0   19    14M  103  311  75%    10M |  99.9   n/a   1   27   500k    2    8  80%  81.9M    n/a  n/a
   2   56 |   7 1.0   19    14M  110  363  76%    10M |  99.9   n/a   1   27  2.52M   10   12  54%  81.9M    n/a  n/a
   2   57 |   7 1.0   19    14M  106  334  75%    10M |  99.9   n/a   1   27   767k    3    9  75%  81.9M    n/a  n/a
   2   58 |   7 1.0    0      0    0    0   0%    10M |   n/a   n/a   1    0      0    0    0   0%  81.9M    n/a  n/a
   2   59 |   7 1.0   19    14M  104  327  75%    10M |  99.9   ovl   1   27  5.24M   21   10  32%  81.9M  -240n  n/a
   2   5a |   7 1.0    0      0    0    0   0%    10M |   n/a   n/a   1    0      0    0    0   0%  81.9M    n/a  n/a
   2   5b |   7 1.0    0      0    0    0   0%    10M |   n/a   n/a   1    0      0    0    0   0%  81.9M    n/a  n/a
   3   5c |   7 1.0   19    12M   92  418  81%    10M |  99.9   ovl   1   27  1.75M    7    9  56%  81.9M   155n  n/a
   3   5d |   7 1.0   19    13M  107  389  78%    10M |  99.9   ovl   1   27  2.78M   11    9  45%  81.9M    -3n  n/a
   3   5e |   7 1.0   19    13M   97  413  80%    10M |  99.9   n/a   1   27  1.24M    5    7  58%  81.9M    n/a  n/a
   3   5f |   7 1.0    0      0    0    0   0%    10M |   n/a   n/a   1    0      0    0    0   0%  81.9M    n/a  n/a
   3   60 |   7 1.0   19    12M   90  406  81%    10M |  99.9   n/a   1   27  1.76M    7    8  53%  81.9M    n/a  n/a
   3   61 |   7 1.0   19    13M   95  360  79%    10M |  99.9   ovl   1   27  2.52M   10    8  44%  81.9M  -771n  n/a
   3   62 |   7 1.0   19    12M   90  353  79%    10M |  99.9   ovl   1   27  3.04M   12    8  40%  81.9M   766n  n/a
   3   63 |   7 1.0    0      0    0    0   0%    10M |   n/a   n/a   1    0      0    0    0   0%  81.9M    n/a  n/a

          |--------------------DL---------------------|-------------------------------UL-----------------------------
 pci rnti | cqi  ri  mcs  brate   ok  nok  (%)  dl_bs | pusch  rsrp  ri  mcs  brate   ok  nok  (%)    bsr     ta  phr
   0   44 |   7 1.0   19    13M   98  393  80%    10M |  99.9   n/a   1   27  3.28M   13   10  43%  81.9M    n/a  n/a
   0   45 |   7 1.0   19    13M   89  452  83%    10M |  99.9   ovl   1   27  1.75M    7   12  63%  81.9M  -895n  n/a
   0   46 |   7 1.0   19    12M   89  453  83%    10M |  99.9   ovl   1   27  1.54M    6   11  64%  81.9M   438n  n/a
   0   47 |   7 1.0    0      0    0    0   0%    10M |   n/a   n/a   1    0      0    0    0   0%  81.9M    n/a  n/a
   0   48 |   7 1.0   19    14M  106  386  78%    10M |  99.9   n/a   1   27  1.28M    5   11  68%  81.9M    n/a  n/a
   0   49 |   7 1.0    0      0    0    0   0%    10M |   n/a   n/a   1    0      0    0    0   0%  81.9M    n/a  n/a
   0   4a |   7 1.0   19    13M  105  457  81%    10M |  99.9   n/a   1   27  2.79M   11    8  42%  81.9M    n/a  n/a
   0   4b |   7 1.0   19    12M   94  414  81%    10M |  99.9   ovl   1   27  1.50M    6    9  60%  81.9M    -1u  n/a
   1   4c |   7 1.0   19    14M  110  304  73%    10M |  99.9   n/a   1   27  1.01M    4   12  75%  81.9M    n/a  n/a
   1   4d |   7 1.0   19    13M  106  357  77%    10M |  99.9   n/a   1   27  1.27M    5   12  70%  81.9M    n/a  n/a
   1   4e |   7 1.0    0      0    0    0   0%    10M |   n/a   n/a   1    0      0    0    0   0%  81.9M    n/a  n/a
   1   4f |   7 1.0   19    14M  105  316  75%    10M |  99.9   n/a   1   27  1.52M    6   15  71%  81.9M    n/a  n/a
   1   50 |   7 1.0   19    13M   94  351  78%    10M |  99.9   n/a   1   27  1.26M    5   12  70%  81.9M    n/a  n/a
   1   51 |   7 1.0   19    14M  105  325  75%    10M |  99.9   n/a   1   27  1.76M    7   12  63%  81.9M    n/a  n/a
   1   52 |   7 1.0    0      0    0    0   0%    10M |   n/a   n/a   1    0      0    0    0   0%  81.9M    n/a  n/a
   1   53 |   7 1.0    0      0    0    0   0%    10M |   n/a   n/a   1    0      0    0    0   0%  81.9M    n/a  n/a
   2   54 |   7 1.0   19    14M  103  341  76%    10M |  99.9   n/a   1   27  1.52M    6   15  71%  81.9M    n/a  n/a
   2   55 |   7 1.0   19    14M  102  359  77%    10M |  99.9   n/a   1   27  1.02M    4   16  80%  81.9M    n/a  n/a
   2   56 |   7 1.0   19    14M  109  343  75%    10M |  99.9   ovl   1   27  2.54M   10   12  54%  81.9M    82n  n/a
   2   57 |   7 1.0   19    14M  100  348  77%    10M |  99.9   n/a   1   27  1.52M    6   15  71%  81.9M    n/a  n/a
   2   58 |   7 1.0    0      0    0    0   0%    10M |   n/a   n/a   1    0      0    0    0   0%  81.9M    n/a  n/a
   2   59 |   7 1.0   19    13M  104  344  76%    10M |  99.9   ovl   1   27  1.52M    6   12  66%  81.9M    64n  n/a
   2   5a |   7 1.0    0      0    0    0   0%    10M |   n/a   n/a   1    0      0    0    0   0%  81.9M    n/a  n/a
   2   5b |   7 1.0    0      0    0    0   0%    10M |   n/a   n/a   1    0      0    0    0   0%  81.9M    n/a  n/a
   3   5c |   7 1.0   19    11M   75  495  86%    10M |  99.9   n/a   1   27  1.00M    4   12  75%  81.9M    n/a  n/a
   3   5d |   7 1.0   19    11M   79  497  86%    10M |  99.9   n/a   1   27  1.52M    6   11  64%  81.9M    n/a  n/a
   3   5e |   7 1.0   19    11M   77  418  84%    10M |  99.9   n/a   1   27   758k    3   13  81%  81.9M    n/a  n/a
   3   5f |   7 1.0    0      0    0    0   0%    10M |   n/a   n/a   1    0      0    0    0   0%  81.9M    n/a  n/a
   3   60 |   7 1.0   19    12M   93  481  83%    10M |  99.9   n/a   1   27  1.50M    6   13  68%  81.9M    n/a  n/a
   3   61 |   7 1.0   19    12M   80  466  85%    10M |  99.9   n/a   1   27  2.54M   10   11  52%  81.9M    n/a  n/a
   3   62 |   7 1.0   19    12M   85  515  85%    10M |  99.9   n/a   1   27  1.50M    6   12  66%  81.9M    n/a  n/a
   3   63 |   7 1.0    0      0    0    0   0%    10M |   n/a   n/a   1    0      0    0    0   0%  81.9M    n/a  n/a
   0   44 |   7 1.0   19    14M   94  483  83%    10M |  99.9   n/a   1   27  1.28M    5    7  58%  81.9M    n/a  n/a
   0   45 |   7 1.0   19    13M  108  446  80%    10M |  99.9   n/a   1   27  1.51M    6    9  60%  81.9M    n/a  n/a
   0   46 |   7 1.0   19    14M   94  544  85%    10M |  99.9   n/a   1   27  2.52M   10   11  52%  81.9M    n/a  n/a
   0   47 |   7 1.0    0      0    0    0   0%    10M |   n/a   n/a   1    0      0    0    0   0%  81.9M    n/a  n/a
   0   48 |   7 1.0   19    13M   94  426  81%    10M |  99.9   n/a   1   27  2.00M    8   11  57%  81.9M    n/a  n/a
   0   49 |   7 1.0    0      0    0    0   0%    10M |   n/a   n/a   1    0      0    0    0   0%  81.9M    n/a  n/a
   0   4a |   7 1.0   19    12M   78  497  86%    10M |  99.9   n/a   1   27   758k    3    9  75%  81.9M    n/a  n/a
   0   4b |   7 1.0   19    14M   98  444  81%    10M |  99.9   n/a   1   27  1.53M    6   13  68%  81.9M    n/a  n/a
   1   4c |   7 1.0   19    16M  112  325  74%    10M |  99.9   ovl   1   27  4.27M   17   13  43%  81.9M   196n  n/a
   1   4d |   7 1.0   19    16M  113  301  72%    10M |  99.9   ovl   1   27  3.10M   12   14  53%  81.9M  -968n  n/a
   1   4e |   7 1.0    0      0    0    0   0%    10M |   n/a   n/a   1    0      0    0    0   0%  81.9M    n/a  n/a
   1   4f |   7 1.0   19    16M  113  275  70%    10M |  99.9   n/a   1   27  2.29M    9   12  57%  81.9M    n/a  n/a
   1   50 |   7 1.0   19    15M  105  344  76%    10M |  99.9   n/a   1   27  1.26M    5   16  76%  81.9M    n/a  n/a
   1   51 |   7 1.0   19    16M  124  315  71%    10M |  99.9   ovl   1   27  3.05M   12   13  52%  81.9M    11n  n/a
   1   52 |   7 1.0    0      0    0    0   0%    10M |   n/a   n/a   1    0      0    0    0   0%  81.9M    n/a  n/a
   1   53 |   7 1.0    0      0    0    0   0%    10M |   n/a   n/a   1    0      0    0    0   0%  81.9M    n/a  n/a
   2   54 |   7 1.0   19    15M  105  335  76%    10M |  99.9   n/a   1   27  2.28M    9   12  57%  81.9M    n/a  n/a
   2   55 |   7 1.0   19    16M  124  310  71%    10M |  99.9   n/a   1   27  2.28M    9   12  57%  81.9M    n/a  n/a
   2   56 |   7 1.0   19    17M  116  250  68%    10M |  99.9   ovl   1   27  2.80M   11   12  52%  81.9M   460n  n/a
   2   57 |   7 1.0   19    15M  103  305  74%    10M |  99.9   n/a   1   27  2.50M   10   12  54%  81.9M    n/a  n/a
   2   58 |   7 1.0    0      0    0    0   0%    10M |   n/a   n/a   1    0      0    0    0   0%  81.9M    n/a  n/a
   2   59 |   7 1.0   19    17M  115  296  72%    10M |  99.9   ovl   1   27  3.75M   15   13  46%  81.9M  -293n  n/a
   2   5a |   7 1.0    0      0    0    0   0%    10M |   n/a   n/a   1    0      0    0    0   0%  81.9M    n/a  n/a
   2   5b |   7 1.0    0      0    0    0   0%    10M |   n/a   n/a   1    0      0    0    0   0%  81.9M    n/a  n/a
   3   5c |   7 1.0   19    11M   71  498  87%    10M |  99.9   n/a   1   27  1.52M    6   11  64%  81.9M    n/a  n/a
   3   5d |   7 1.0   19    10M   76  539  87%    10M |  99.9   n/a   1   27  1.25M    5   11  68%  81.9M    n/a  n/a
   3   5e |   7 1.0   19    11M   71  550  88%    10M |  99.9   n/a   1   27  1.75M    7   10  58%  81.9M    n/a  n/a
   3   5f |   7 1.0    0      0    0    0   0%    10M |   n/a   n/a   1    0      0    0    0   0%  81.9M    n/a  n/a
   3   60 |   7 1.0   19    11M   75  552  88%    10M |  99.9   n/a   1   27  1.01M    4   13  76%  81.9M    n/a  n/a
   3   61 |   7 1.0   19    10M   70  544  88%    10M |  99.9   n/a   1   27  1.26M    5   11  68%  81.9M    n/a  n/a
   3   62 |   7 1.0   19    11M   77  514  86%    10M |  99.9   n/a   1   27   775k    3   12  80%  81.9M    n/a  n/a
   3   63 |   7 1.0    0      0    0    0   0%    10M |   n/a   n/a   1    0      0    0    0   0%  81.9M    n/a  n/a
   0   44 |   7 1.0   19    11M   94  411  81%    10M |  99.9   n/a   1   27  1.27M    5   12  70%  81.9M    n/a  n/a
   0   45 |   7 1.0   19    12M   82  415  83%    10M |  99.9   n/a   1   27  2.28M    9   10  52%  81.9M    n/a  n/a
   0   46 |   7 1.0   19    11M   78  477  85%    10M |  99.9   n/a   1   27   504k    2    9  81%  81.9M    n/a  n/a
   0   47 |   7 1.0    0      0    0    0   0%    10M |   n/a   n/a   1    0      0    0    0   0%  81.9M    n/a  n/a
   0   48 |   7 1.0   19    11M   80  466  85%    10M |  99.9   n/a   1   27  1.26M    5   13  72%  81.9M    n/a  n/a
   0   49 |   7 1.0    0      0    0    0   0%    10M |   n/a   n/a   1    0      0    0    0   0%  81.9M    n/a  n/a
   0   4a |   7 1.0   19    11M   78  470  85%    10M |  99.9   ovl   1   27  1.52M    6   15  71%  81.9M    32n  n/a
   0   4b |   7 1.0   19    12M   85  504  85%    10M |  99.9   n/a   1   27  1.26M    5   13  72%  81.9M    n/a  n/a
   1   4c |   7 1.0   19    13M   97  386  79%    10M |  99.9   ovl   1   27  1.28M    5   14  73%  81.9M  -151n  n/a
   1   4d |   7 1.0   19    13M   94  373  79%    10M |  99.9   n/a   1   27  1.24M    5   13  72%  81.9M    n/a  n/a
   1   4e |   7 1.0    0      0    0    0   0%    10M |   n/a   n/a   1    0      0    0    0   0%  81.9M    n/a  n/a
   1   4f |   7 1.0   19    14M  113  391  77%    10M |  99.9   n/a   1   27   750k    3   14  82%  81.9M    n/a  n/a
   1   50 |   7 1.0   19    11M   86  431  83%    10M |  99.9   n/a   1   27  1.02M    4   12  75%  81.9M    n/a  n/a
   1   51 |   7 1.0   19    13M  100  365  78%    10M |  99.9   ovl   1   27  1.77M    7   15  68%  81.9M   186n  n/a
   1   52 |   7 1.0    0      0    0    0   0%    10M |   n/a   n/a   1    0      0    0    0   0%  81.9M    n/a  n/a
   1   53 |   7 1.0    0      0    0    0   0%    10M |   n/a   n/a   1    0      0    0    0   0%  81.9M    n/a  n/a
   2   54 |   7 1.0   19    12M   86  353  80%    10M |  99.9   n/a   1   27  1.27M    5   12  70%  81.9M    n/a  n/a
   2   55 |   7 1.0   19    14M   99  316  76%    10M |  99.9   n/a   1   27   763k    3   12  80%  81.9M    n/a  n/a
   2   56 |   7 1.0   19    12M   90  373  80%    10M |  99.9   ovl   1   27  1.77M    7   16  69%  81.9M    68n  n/a
   2   57 |   7 1.0   19    14M  100  374  78%    10M |  99.9   n/a   1   27   517k    2   13  86%  81.9M    n/a  n/a
   2   58 |   7 1.0    0      0    0    0   0%    10M |   n/a   n/a   1    0      0    0    0   0%  81.9M    n/a  n/a
   2   59 |   7 1.0   19    14M   95  345  78%    10M |  99.9   ovl   1   27  1.25M    5   14  73%  81.9M  -293n  n/a
   2   5a |   7 1.0    0      0    0    0   0%    10M |   n/a   n/a   1    0      0    0    0   0%  81.9M    n/a  n/a
   2   5b |   7 1.0    0      0    0    0   0%    10M |   n/a   n/a   1    0      0    0    0   0%  81.9M    n/a  n/a

          |--------------------DL---------------------|-------------------------------UL-----------------------------
 pci rnti | cqi  ri  mcs  brate   ok  nok  (%)  dl_bs | pusch  rsrp  ri  mcs  brate   ok  nok  (%)    bsr     ta  phr
   3   5c |   7 1.0   19    15M  104  468  81%    10M |  99.9   n/a   1   27  2.03M    8   10  55%  81.9M    n/a  n/a
   3   5d |   7 1.0   19    15M  104  446  81%    10M |  99.9   n/a   1   27  2.29M    9   10  52%  81.9M    n/a  n/a
   3   5e |   7 1.0   19    16M  107  443  80%    10M |  99.9   n/a   1   27  1.24M    5   12  70%  81.9M    n/a  n/a
   3   5f |   7 1.0    0      0    0    0   0%    10M |   n/a   n/a   1    0      0    0    0   0%  81.9M    n/a  n/a
   3   60 |   7 1.0   19    15M  105  462  81%    10M |  99.9   n/a   1   27  2.51M   10    8  44%  81.9M    n/a  n/a
   3   61 |   7 1.0   19    15M  108  459  80%    10M |  99.9   n/a   1   27  1.49M    6   12  66%  81.9M    n/a  n/a
   3   62 |   7 1.0   19    15M  100  446  81%    10M |  99.9   n/a   1   27  2.29M    9    8  47%  81.9M    n/a  n/a
   3   63 |   7 1.0    0      0    0    0   0%    10M |   n/a   n/a   1    0      0    0    0   0%  81.9M    n/a  n/a
   0   44 |   7 1.0   19    13M   94  458  82%    10M |  99.9   n/a   1   27  1.27M    5    9  64%  81.9M    n/a  n/a
   0   45 |   7 1.0   19    12M   91  473  83%    10M |  99.9   n/a   1   27  2.04M    8    8  50%  81.9M    n/a  n/a
   0   46 |   7 1.0   19    13M   88  425  82%    10M |  99.9   n/a   1   27  2.53M   10    9  47%  81.9M    n/a  n/a
   0   47 |   7 1.0    0      0    0    0   0%    10M |   n/a   n/a   1    0      0    0    0   0%  81.9M    n/a  n/a
   0   48 |   7 1.0   19    13M   97  406  80%    10M |  99.9   n/a   1   27  1.77M    7    7  50%  81.9M    n/a  n/a
   0   49 |   7 1.0    0      0    0    0   0%    10M |   n/a   n/a   1    0      0    0    0   0%  81.9M    n/a  n/a
   0   4a |   7 1.0   19    14M   99  454  82%    10M |  99.9   n/a   1   27  4.05M   16    5  23%  81.9M    n/a  n/a
   0   4b |   7 1.0   19    13M   81  450  84%    10M |  99.9   n/a   1   27  2.55M   10   11  52%  81.9M    n/a  n/a
   1   4c |   7 1.0   19    13M   97  332  77%    10M |  99.9   ovl   1   27  1.77M    7   12  63%  81.9M  -242n  n/a
   1   4d |   7 1.0   19    14M   97  332  77%    10M |  99.9   ovl   1   27  3.80M   15   12  44%  81.9M  -131n  n/a
   1   4e |   7 1.0    0      0    0    0   0%    10M |   n/a   n/a   1    0      0    0    0   0%  81.9M    n/a  n/a
   1   4f |   7 1.0   19    14M  110  331  75%    10M |  99.9   n/a   1   27  1.26M    5   14  73%  81.9M    n/a  n/a
   1   50 |   7 1.0   19    14M  111  337  75%    10M |  99.9   ovl   1   27  5.35M   21   10  32%  81.9M   -37n  n/a
   1   51 |   7 1.0   19    15M  108  366  77%    10M |  99.9   ovl   1   27  1.27M    5   12  70%  81.9M   409n  n/a
   1   52 |   7 1.0    0      0    0    0   0%    10M |   n/a   n/a   1    0      0    0    0   0%  81.9M    n/a  n/a
   1   53 |   7 1.0    0      0    0    0   0%    10M |   n/a   n/a   1    0      0    0    0   0%  81.9M    n/a  n/a
   2   54 |   7 1.0   19    15M  105  301  74%    10M |  99.9   n/a   1   27  1.51M    6   14  70%  81.9M    n/a  n/a
   2   55 |   7 1.0   19    14M  108  363  77%    10M |  99.9   n/a   1   27  1.78M    7   12  63%  81.9M    n/a  n/a
   2   56 |   7 1.0   19    14M  103  354  77%    10M |  99.9   ovl   1   27  2.02M    8   12  60%  81.9M   358n  n/a
   2   57 |   7 1.0   19    15M  109  351  76%    10M |  99.9   n/a   1   27  1.76M    7   12  63%  81.9M    n/a  n/a
   2   58 |   7 1.0    0      0    0    0   0%    10M |   n/a   n/a   1    0      0    0    0   0%  81.9M    n/a  n/a
   2   59 |   7 1.0   19    14M   93  313  77%    10M |  99.9   ovl   1   27  2.77M   11   12  52%  81.9M    87n  n/a
   2   5a |   7 1.0    0      0    0    0   0%    10M |   n/a   n/a   1    0      0    0    0   0%  81.9M    n/a  n/a
   2   5b |   7 1.0    0      0    0    0   0%    10M |   n/a   n/a   1    0      0    0    0   0%  81.9M    n/a  n/a
   3   5c |   7 1.0   19    11M   87  424  82%    10M |  99.9   ovl   1   27  3.53M   14    9  39%  81.9M   424n  n/a
   3   5d |   7 1.0   19    13M   97  421  81%    10M |  99.9   ovl   1   27  2.30M    9    8  47%  81.9M   424n  n/a
   3   5e |   7 1.0   19    12M   90  390  81%    10M |  99.9   ovl   1   27  3.03M   12   11  47%  81.9M  -259n  n/a
   3   5f |   7 1.0    0      0    0    0   0%    10M |   n/a   n/a   1    0      0    0    0   0%  81.9M    n/a  n/a
   3   60 |   7 1.0   19    13M   92  433  82%    10M |  99.9   ovl   1   27  3.07M   12   10  45%  81.9M   -93n  n/a
   3   61 |   7 1.0   19    14M   94  364  79%    10M |  99.9   ovl   1   27  2.78M   11    8  42%  81.9M  -308n  n/a
   3   62 |   7 1.0   19    12M   89  413  82%    10M |  99.9   ovl   1   27  2.27M    9    9  50%  81.9M  -771n  n/a
   3   63 |   7 1.0    0      0    0    0   0%    10M |   n/a   n/a   1    0      0    0    0   0%  81.9M    n/a  n/a
   0   44 |   7 1.0   19    14M  100  319  76%    10M |  99.9   n/a   1   27  2.54M   10   15  60%  81.9M    n/a  n/a
   0   45 |   7 1.0   19    13M  107  331  75%    10M |  99.9   n/a   1   27  1.54M    6   10  62%  81.9M    n/a  n/a
   0   46 |   7 1.0   19    13M   90  293  76%    10M |  99.9   ovl   1   27  1.02M    4    9  69%  81.9M    32n  n/a
   0   47 |   7 1.0    0      0    0    0   0%    10M |   n/a   n/a   1    0      0    0    0   0%  81.9M    n/a  n/a
   0   48 |   7 1.0   19    13M   98  354  78%    10M |  99.9   ovl   1   27  3.29M   13    6  31%  81.9M  -660n  n/a
   0   49 |   7 1.0    0      0    0    0   0%    10M |   n/a   n/a   1    0      0    0    0   0%  81.9M    n/a  n/a
   0   4a |   7 1.0   19    12M   90  312  77%    10M |  99.9   n/a   1   27  1.27M    5   13  72%  81.9M    n/a  n/a
   0   4b |   7 1.0   19    13M  106  317  74%    10M |  99.9   ovl   1   27  4.03M   16   12  42%  81.9M    -1u  n/a
   1   4c |   7 1.0   19    16M  105  365  77%    10M |  99.9   ovl   1   27  3.35M   13   11  45%  81.9M  -968n  n/a
   1   4d |   7 1.0   19    16M  116  368  76%    10M |  99.9   n/a   1   27  1.77M    7   12  63%  81.9M    n/a  n/a
   1   4e |   7 1.0    0      0    0    0   0%    10M |   n/a   n/a   1    0      0    0    0   0%  81.9M    n/a  n/a
   1   4f |   7 1.0   19    17M  109  329  75%    10M |  99.9   ovl   1   27  3.79M   15   12  44%  81.9M   124n  n/a
   1   50 |   7 1.0   19    16M  113  361  76%    10M |  99.9   n/a   1   27  1.78M    7   12  63%  81.9M    n/a  n/a
   1   51 |   7 1.0   19    17M  115  356  75%    10M |  99.9   ovl   1   27  2.73M   11   11  50%  81.9M   484n  n/a
   1   52 |   7 1.0    0      0    0    0   0%    10M |   n/a   n/a   1    0      0    0    0   0%  81.9M    n/a  n/a
   1   53 |   7 1.0    0      0    0    0   0%    10M |   n/a   n/a   1    0      0    0    0   0%  81.9M    n/a  n/a
   2   54 |   7 1.0   19    15M  109  336  75%    10M |  99.9   ovl   1   27  2.03M    8   14  63%  81.9M  -292n  n/a
   2   55 |   7 1.0   19    15M  105  307  74%    10M |  99.9   n/a   1   27  2.02M    8   15  65%  81.9M    n/a  n/a
   2   56 |   7 1.0   19    14M   92  324  77%    10M |  99.9   ovl   1   27  3.75M   15   11  42%  81.9M  -292n  n/a
   2   57 |   7 1.0   19    14M  103  342  76%    10M |  99.9   ovl   1   27  1.77M    7   15  68%  81.9M    64n  n/a
   2   58 |   7 1.0    0      0    0    0   0%    10M |   n/a   n/a   1    0      0    0    0   0%  81.9M    n/a  n/a
   2   59 |   7 1.0   19    14M   94  348  78%    10M |  99.9   ovl   1   27  3.34M   13   11  45%  81.9M   455n  n/a
   2   5a |   7 1.0    0      0    0    0   0%    10M |   n/a   n/a   1    0      0    0    0   0%  81.9M    n/a  n/a
   2   5b |   7 1.0    0      0    0    0   0%    10M |   n/a   n/a   1    0      0    0    0   0%  81.9M    n/a  n/a
   3   5c |   7 1.0   19    14M   97  508  83%    10M |  99.9   n/a   1   27  1.52M    6   10  62%  81.9M    n/a  n/a
   3   5d |   7 1.0   19    13M   90  509  84%    10M |  99.9   n/a   1   27  2.01M    8   10  55%  81.9M    n/a  n/a
   3   5e |   7 1.0   19    14M  102  492  82%    10M |  99.9   n/a   1   27  2.27M    9   11  55%  81.9M    n/a  n/a
   3   5f |   7 1.0    0      0    0    0   0%    10M |   n/a   n/a   1    0      0    0    0   0%  81.9M    n/a  n/a
   3   60 |   7 1.0   19    14M   93  461  83%    10M |  99.9   n/a   1   27  2.03M    8   10  55%  81.9M    n/a  n/a
   3   61 |   7 1.0   19    13M   87  465  84%    10M |  99.9   n/a   1   27  1.51M    6   11  64%  81.9M    n/a  n/a
   3   62 |   7 1.0   19    14M   91  449  83%    10M |  99.9   n/a   1   27  1.51M    6    8  57%  81.9M    n/a  n/a
   3   63 |   7 1.0    0      0    0    0   0%    10M |   n/a   n/a   1    0      0    0    0   0%  81.9M    n/a  n/a
   0   44 |   7 1.0   19    11M   81  425  83%    10M |  99.9   n/a   1   27  1.00M    4   15  78%  81.9M    n/a  n/a
   0   45 |   7 1.0   19    14M  118  339  74%    10M |  99.9   n/a   1   27  2.01M    8   13  61%  81.9M    n/a  n/a
   0   46 |   7 1.0   19    12M   89  437  83%    10M |  99.9   ovl   1   27  3.53M   14    7  33%  81.9M  -895n  n/a
   0   47 |   7 1.0    0      0    0    0   0%    10M |   n/a   n/a   1    0      0    0    0   0%  81.9M    n/a  n/a
   0   48 |   7 1.0   19    12M  103  407  79%    10M |  99.9   n/a   1   27  1.02M    4    8  66%  81.9M    n/a  n/a
   0   49 |   7 1.0    0      0    0    0   0%    10M |   n/a   n/a   1    0      0    0    0   0%  81.9M    n/a  n/a
   0   4a |   7 1.0   19    12M   97  355  78%    10M |  99.9   n/a   1   27  2.54M   10   11  52%  81.9M    n/a  n/a
   0   4b |   7 1.0   19    14M  129  378  74%    10M |  99.9   ovl   1   27  2.02M    8   10  55%  81.9M    -1u  n/a
   1   4c |   7 1.0   19    12M  100  425  80%    10M |  99.9   ovl   1   27  1.53M    6   12  66%  81.9M  -968n  n/a
   1   4d |   7 1.0   19    13M   97  426  81%    10M |  99.9   ovl   1   27  1.52M    6   12  66%  81.9M   107n  n/a
   1   4e |   7 1.0    0      0    0    0   0%    10M |   n/a   n/a   1    0      0    0    0   0%  81.9M    n/a  n/a
   1   4f |   7 1.0   19    14M   99  456  82%    10M |  99.9   n/a   1   27   758k    3   12  80%  81.9M    n/a  n/a
   1   50 |   7 1.0   19    12M   87  473  84%    10M |  99.9   ovl   1   27  1.99M    8   12  60%  81.9M   434n  n/a
   1   51 |   7 1.0   19    13M   96  397  80%    10M |  99.9   n/a   1   27  1.01M    4   12  75%  81.9M    n/a  n/a
   1   52 |   7 1.0    0      0    0    0   0%    10M |   n/a   n/a   1    0      0    0    0   0%  81.9M    n/a  n/a
   1   53 |   7 1.0    0      0    0    0   0%    10M |   n/a   n/a   1    0      0    0    0   0%  81.9M    n/a  n/a

          |--------------------DL---------------------|-------------------------------UL-----------------------------
 pci rnti | cqi  ri  mcs  brate   ok  nok  (%)  dl_bs | pusch  rsrp  ri  mcs  brate   ok  nok  (%)    bsr     ta  phr
   2   54 |   7 1.0   19    13M   88  539  85%    10M |  99.9   ovl   1   27  1.54M    6   12  66%  81.9M    87n  n/a
   2   55 |   7 1.0   19    13M   84  484  85%    10M |  99.9   n/a   1   27  2.04M    8   13  61%  81.9M    n/a  n/a
   2   56 |   7 1.0   19    13M   90  472  83%    10M |  99.9   n/a   1   27  1.25M    5   12  70%  81.9M    n/a  n/a
   2   57 |   7 1.0   19    13M   91  469  83%    10M |  99.9   ovl   1   27  2.02M    8   12  60%  81.9M  -174n  n/a
   2   58 |   7 1.0    0      0    0    0   0%    10M |   n/a   n/a   1    0      0    0    0   0%  81.9M    n/a  n/a
   2   59 |   7 1.0   19    13M   92  505  84%    10M |  99.9   n/a   1   27  1.52M    6   12  66%  81.9M    n/a  n/a
   2   5a |   7 1.0    0      0    0    0   0%    10M |   n/a   n/a   1    0      0    0    0   0%  81.9M    n/a  n/a
   2   5b |   7 1.0    0      0    0    0   0%    10M |   n/a   n/a   1    0      0    0    0   0%  81.9M    n/a  n/a
   3   5c |   7 1.0   19    13M   93  460  83%    10M |  99.9   ovl   1   27  1.79M    7   10  58%  81.9M   155n  n/a
   3   5d |   7 1.0   19    13M   94  519  84%    10M |  99.9   ovl   1   27  2.75M   11   11  50%  81.9M   424n  n/a
   3   5e |   7 1.0   19    13M   84  423  83%    10M |  99.9   n/a   1   27  1.77M    7    9  56%  81.9M    n/a  n/a
   3   5f |   7 1.0    0      0    0    0   0%    10M |   n/a   n/a   1    0      0    0    0   0%  81.9M    n/a  n/a
   3   60 |   7 1.0   19    13M   92  474  83%    10M |  99.9   n/a   1   27  1.77M    7    9  56%  81.9M    n/a  n/a
   3   61 |   7 1.0   19    12M   84  474  84%    10M |  99.9   ovl   1   27  2.53M   10   10  50%  81.9M   155n  n/a
   3   62 |   7 1.0   19    13M   92  464  83%    10M |  99.9   ovl   1   27  2.79M   11   11  50%  81.9M   155n  n/a
   3   63 |   7 1.0    0      0    0    0   0%    10M |   n/a   n/a   1    0      0    0    0   0%  81.9M    n/a  n/a
   0   44 |   7 1.0   19    10M   73  521  87%    10M |  99.9   ovl   1   27  1.02M    4    8  66%  81.9M   438n  n/a
   0   45 |   7 1.0   19    10M   69  516  88%    10M |  99.9   n/a   1   27  1.27M    5    8  61%  81.9M    n/a  n/a
   0   46 |   7 1.0   19    10M   69  532  88%    10M |  99.9   ovl   1   27  2.03M    8    7  46%  81.9M  -895n  n/a
   0   47 |   7 1.0    0      0    0    0   0%    10M |   n/a   n/a   1    0      0    0    0   0%  81.9M    n/a  n/a
   0   48 |   7 1.0   19    11M   74  536  87%    10M |  99.9   n/a   1   27  1.52M    6    9  60%  81.9M    n/a  n/a
   0   49 |   7 1.0    0      0    0    0   0%    10M |   n/a   n/a   1    0      0    0    0   0%  81.9M    n/a  n/a
   0   4a |   7 1.0   19   9.7M   79  557  87%    10M |  99.9   ovl   1   27   496k    2    9  81%  81.9M    -1u  n/a
   0   4b |   7 1.0   19   9.4M   66  536  89%    10M |  99.9   ovl   1   27  1.02M    4    5  55%  81.9M    32n  n/a
   1   4c |   7 1.0   19    14M  107  376  77%    10M |  99.9   n/a   1   27  1.01M    4   12  75%  81.9M    n/a  n/a
   1   4d |   7 1.0   19    14M  100  397  79%    10M |  99.9   n/a   1   27  1.25M    5   12  70%  81.9M    n/a  n/a
   1   4e |   7 1.0    0      0    0    0   0%    10M |   n/a   n/a   1    0      0    0    0   0%  81.9M    n/a  n/a
   1   4f |   7 1.0   19    13M   89  365  80%    10M |  99.9   ovl   1   27  3.54M   14   12  46%  81.9M   -65n  n/a
   1   50 |   7 1.0   19    13M   93  468  83%    10M |  99.9   n/a   1   27  1.52M    6   12  66%  81.9M    n/a  n/a
   1   51 |   7 1.0   19    14M  106  434  80%    10M |  99.9   ovl   1   27  2.80M   11   12  52%  81.9M  -317n  n/a
   1   52 |   7 1.0    0      0    0    0   0%    10M |   n/a   n/a   1    0      0    0    0   0%  81.9M    n/a  n/a
   1   53 |   7 1.0    0      0    0    0   0%    10M |   n/a   n/a   1    0      0    0    0   0%  81.9M    n/a  n/a
   2   54 |   7 1.0   19    15M  109  384  77%    10M |  99.9   ovl   1   27  3.30M   13   12  48%  81.9M    87n  n/a
   2   55 |   7 1.0   19    15M  102  306  75%    10M |  99.9   n/a   1   27  1.76M    7   11  61%  81.9M    n/a  n/a
   2   56 |   7 1.0   19    16M  105  343  76%    10M |  99.9   ovl   1   27  3.28M   13   12  48%  81.9M    78n  n/a
   2   57 |   7 1.0   19    16M  119  400  77%    10M |  99.9   n/a   1   27  2.28M    9   12  57%  81.9M    n/a  n/a
   2   58 |   7 1.0    0      0    0    0   0%    10M |   n/a   n/a   1    0      0    0    0   0%  81.9M    n/a  n/a
   2   59 |   7 1.0   19    15M  109  374  77%    10M |  99.9   ovl   1   27  2.01M    8   12  60%  81.9M   211n  n/a
   2   5a |   7 1.0    0      0    0    0   0%    10M |   n/a   n/a   1    0      0    0    0   0%  81.9M    n/a  n/a
   2   5b |   7 1.0    0      0    0    0   0%    10M |   n/a   n/a   1    0      0    0    0   0%  81.9M    n/a  n/a
   3   5c |   7 1.0   19    11M   81  576  87%    10M |  99.9   n/a   1   27  1.27M    5    8  61%  81.9M    n/a  n/a
   3   5d |   7 1.0   19    10M   73  537  88%    10M |  99.9   n/a   1   27   508k    2    6  75%  81.9M    n/a  n/a
   3   5e |   7 1.0   19    11M   81  483  85%    10M |  99.9   n/a   1   27  2.03M    8   14  63%  81.9M    n/a  n/a
   3   5f |   7 1.0    0      0    0    0   0%    10M |   n/a   n/a   1    0      0    0    0   0%  81.9M    n/a  n/a
   3   60 |   7 1.0   19    10M   76  555  87%    10M |  99.9   n/a   1   27  1.27M    5   10  66%  81.9M    n/a  n/a
   3   61 |   7 1.0   19    11M   78  549  87%    10M |  99.9   n/a   1   27  1.00M    4   12  75%  81.9M    n/a  n/a
   3   62 |   7 1.0   19    10M   70  573  89%    10M |  99.9   n/a   1   27  2.26M    9   10  52%  81.9M    n/a  n/a
   3   63 |   7 1.0    0      0    0    0   0%    10M |   n/a   n/a   1    0      0    0    0   0%  81.9M    n/a  n/a
   0   44 |   7 1.0   19    11M   80  458  85%    10M |  99.9   n/a   1   27  1.26M    5   12  70%  81.9M    n/a  n/a
   0   45 |   7 1.0   19    11M   75  466  86%    10M |  99.9   n/a   1   27  2.28M    9   13  59%  81.9M    n/a  n/a
   0   46 |   7 1.0   19    11M   80  437  84%    10M |  99.9   n/a   1   27   504k    2   11  84%  81.9M    n/a  n/a
   0   47 |   7 1.0    0      0    0    0   0%    10M |   n/a   n/a   1    0      0    0    0   0%  81.9M    n/a  n/a
   0   48 |   7 1.0   19    12M   81  447  84%    10M |  99.9   ovl   1   27  1.27M    5   11  68%  81.9M    32n  n/a
   0   49 |   7 1.0    0      0    0    0   0%    10M |   n/a   n/a   1    0      0    0    0   0%  81.9M    n/a  n/a
   0   4a |   7 1.0   19    11M   84  462  84%    10M |  99.9   n/a   1   27  2.03M    8   12  60%  81.9M    n/a  n/a
   0   4b |   7 1.0   19    10M   76  477  86%    10M |  99.9   n/a   1   27  2.02M    8   14  63%  81.9M    n/a  n/a
   1   4c |   7 1.0   19    13M   88  411  82%    10M |  99.9   ovl   1   27  2.05M    8   12  60%  81.9M  -431n  n/a
   1   4d |   7 1.0   19    13M   84  396  82%    10M |  99.9   ovl   1   27  1.77M    7   12  63%  81.9M   107n  n/a
   1   4e |   7 1.0    0      0    0    0   0%    10M |   n/a   n/a   1    0      0    0    0   0%  81.9M    n/a  n/a
   1   4f |   7 1.0   19    13M   86  427  83%    10M |  99.9   n/a   1   27   762k    3   12  80%  81.9M    n/a  n/a
   1   50 |   7 1.0   19    13M   88  442  83%    10M |  99.9   ovl   1   27  2.02M    8   12  60%  81.9M   409n  n/a
   1   51 |   7 1.0   19    13M   88  415  82%    10M |  99.9   ovl   1   27  1.28M    5   12  70%  81.9M  -968n  n/a
   1   52 |   7 1.0    0      0    0    0   0%    10M |   n/a   n/a   1    0      0    0    0   0%  81.9M    n/a  n/a
   1   53 |   7 1.0    0      0    0    0   0%    10M |   n/a   n/a   1    0      0    0    0   0%  81.9M    n/a  n/a
   2   54 |   7 1.0   19    12M   94  421  81%    10M |  99.9   ovl   1   27  1.02M    4   12  75%  81.9M   423n  n/a
   2   55 |   7 1.0   19    13M  101  452  81%    10M |  99.9   ovl   1   27  1.50M    6   13  68%  81.9M  -245n  n/a
   2   56 |   7 1.0   19    13M   95  419  81%    10M |  99.9   n/a   1   27  1.77M    7   12  63%  81.9M    n/a  n/a
   2   57 |   7 1.0   19    13M   96  393  80%    10M |  99.9   ovl   1   27  1.02M    4   12  75%  81.9M   265n  n/a
   2   58 |   7 1.0    0      0    0    0   0%    10M |   n/a   n/a   1    0      0    0    0   0%  81.9M    n/a  n/a
   2   59 |   7 1.0   19    13M  100  454  81%    10M |  99.9   ovl   1   27  1.75M    7   12  63%  81.9M   358n  n/a
   2   5a |   7 1.0    0      0    0    0   0%    10M |   n/a   n/a   1    0      0    0    0   0%  81.9M    n/a  n/a
   2   5b |   7 1.0    0      0    0    0   0%    10M |   n/a   n/a   1    0      0    0    0   0%  81.9M    n/a  n/a
   3   5c |   7 1.0   19    13M   97  504  83%    10M |  99.9   n/a   1   27  1.78M    7   11  61%  81.9M    n/a  n/a
   3   5d |   7 1.0   19    12M   92  455  83%    10M |  99.9   n/a   1   27  1.25M    5    7  58%  81.9M    n/a  n/a
   3   5e |   7 1.0   19    12M   87  532  85%    10M |  99.9   n/a   1   27  1.52M    6    9  60%  81.9M    n/a  n/a
   3   5f |   7 1.0    0      0    0    0   0%    10M |   n/a   n/a   1    0      0    0    0   0%  81.9M    n/a  n/a
   3   60 |   7 1.0   19    13M   93  475  83%    10M |  99.9   ovl   1   27  1.02M    4   12  75%  81.9M   155n  n/a
   3   61 |   7 1.0   19    12M   89  510  85%    10M |  99.9   n/a   1   27  2.28M    9   11  55%  81.9M    n/a  n/a
   3   62 |   7 1.0   19    12M   78  495  86%    10M |  99.9   n/a   1   27  2.01M    8   10  55%  81.9M    n/a  n/a
   3   63 |   7 1.0    0      0    0    0   0%    10M |   n/a   n/a   1    0      0    0    0   0%  81.9M    n/a  n/a
   0   44 |   7 1.0   19    12M   81  481  85%    10M |  99.9   n/a   1   27  2.03M    8   11  57%  81.9M    n/a  n/a
   0   45 |   7 1.0   19    12M   81  444  84%    10M |  99.9   ovl   1   27  2.03M    8   10  55%  81.9M   437n  n/a
   0   46 |   7 1.0   19    12M   87  455  83%    10M |  99.9   n/a   1   27  2.04M    8   11  57%  81.9M    n/a  n/a
   0   47 |   7 1.0    0      0    0    0   0%    10M |   n/a   n/a   1    0      0    0    0   0%  81.9M    n/a  n/a
   0   48 |   7 1.0   19    12M   94  468  83%    10M |  99.9   n/a   1   27  1.03M    4   11  73%  81.9M    n/a  n/a
   0   49 |   7 1.0    0      0    0    0   0%    10M |   n/a   n/a   1    0      0    0    0   0%  81.9M    n/a  n/a
   0   4a |   7 1.0   19    12M   84  487  85%    10M |  99.9   ovl   1   27  1.25M    5    5  50%  81.9M  -895n  n/a
   0   4b |   7 1.0   19    11M   76  486  86%    10M |  99.9   n/a   1   27  1.53M    6    8  57%  81.9M    n/a  n/a

          |--------------------DL---------------------|-------------------------------UL-----------------------------
 pci rnti | cqi  ri  mcs  brate   ok  nok  (%)  dl_bs | pusch  rsrp  ri  mcs  brate   ok  nok  (%)    bsr     ta  phr
   1   4c |   7 1.0   19    14M  101  433  81%    10M |  99.9   ovl   1   27  2.76M   11   11  50%  81.9M   278n  n/a
   1   4d |   7 1.0   19    14M   98  455  82%    10M |  99.9   ovl   1   27  2.83M   11   11  50%  81.9M  -610n  n/a
   1   4e |   7 1.0    0      0    0    0   0%    10M |   n/a   n/a   1    0      0    0    0   0%  81.9M    n/a  n/a
   1   4f |   7 1.0   19    14M  103  394  79%    10M |  99.9   ovl   1   27  2.53M   10   12  54%  81.9M   258n  n/a
   1   50 |   7 1.0   19    14M  100  437  81%    10M |  99.9   ovl   1   27  1.52M    6   12  66%  81.9M   257n  n/a
   1   51 |   7 1.0   19    14M   98  424  81%    10M |  99.9   ovl   1   27  2.02M    8   12  60%  81.9M   386n  n/a
   1   52 |   7 1.0    0      0    0    0   0%    10M |   n/a   n/a   1    0      0    0    0   0%  81.9M    n/a  n/a
   1   53 |   7 1.0    0      0    0    0   0%    10M |   n/a   n/a   1    0      0    0    0   0%  81.9M    n/a  n/a
   2   54 |   7 1.0   19    14M  105  428  80%    10M |  99.9   n/a   1   27  1.53M    6   12  66%  81.9M    n/a  n/a
   2   55 |   7 1.0   19    14M   99  410  80%    10M |  99.9   ovl   1   27  2.54M   10   12  54%  81.9M   137n  n/a
   2   56 |   7 1.0   19    14M   95  421  81%    10M |  99.9   n/a   1   27  1.77M    7   12  63%  81.9M    n/a  n/a
   2   57 |   7 1.0   19    14M  104  440  80%    10M |  99.9   ovl   1   27  2.28M    9   12  57%  81.9M   -78n  n/a
   2   58 |   7 1.0    0      0    0    0   0%    10M |   n/a   n/a   1    0      0    0    0   0%  81.9M    n/a  n/a
   2   59 |   7 1.0   19    14M   92  376  80%    10M |  99.9   ovl   1   27  2.29M    9   12  57%  81.9M  -223n  n/a
   2   5a |   7 1.0    0      0    0    0   0%    10M |   n/a   n/a   1    0      0    0    0   0%  81.9M    n/a  n/a
   2   5b |   7 1.0    0      0    0    0   0%    10M |   n/a   n/a   1    0      0    0    0   0%  81.9M    n/a  n/a
   3   5c |   7 1.0   19    11M   81  511  86%    10M |  99.9   n/a   1   27  1.77M    7    9  56%  81.9M    n/a  n/a
   3   5d |   7 1.0   19    11M   83  484  85%    10M |  99.9   n/a   1   27  1.76M    7   11  61%  81.9M    n/a  n/a
   3   5e |   7 1.0   19    12M   92  431  82%    10M |  99.9   ovl   1   27  1.03M    4    9  69%  81.9M   155n  n/a
   3   5f |   7 1.0    0      0    0    0   0%    10M |   n/a   n/a   1    0      0    0    0   0%  81.9M    n/a  n/a
   3   60 |   7 1.0   19    11M   81  549  87%    10M |  99.9   n/a   1   27  1.25M    5   12  70%  81.9M    n/a  n/a
   3   61 |   7 1.0   19    11M   85  500  85%    10M |  99.9   n/a   1   27  3.05M   12   10  45%  81.9M    n/a  n/a
   3   62 |   7 1.0   19    11M   77  510  86%    10M |  99.9   n/a   1   27   512k    2    8  80%  81.9M    n/a  n/a
   3   63 |   7 1.0    0      0    0    0   0%    10M |   n/a   n/a   1    0      0    0    0   0%  81.9M    n/a  n/a
   0   44 |   7 1.0   19    13M   86  512  85%    10M |  99.9   n/a   1   27  2.03M    8   11  57%  81.9M    n/a  n/a
   0   45 |   7 1.0   19    12M   93  482  83%    10M |  99.9   n/a   1   27   758k    3   11  78%  81.9M    n/a  n/a
   0   46 |   7 1.0   19    12M   89  515  85%    10M |  99.9   n/a   1   27   746k    3   12  80%  81.9M    n/a  n/a
   0   47 |   7 1.0    0      0    0    0   0%    10M |   n/a   n/a   1    0      0    0    0   0%  81.9M    n/a  n/a
   0   48 |   7 1.0   19    13M   91  518  85%    10M |  99.9   n/a   1   27  1.27M    5   14  73%  81.9M    n/a  n/a
   0   49 |   7 1.0    0      0    0    0   0%    10M |   n/a   n/a   1    0      0    0    0   0%  81.9M    n/a  n/a
   0   4a |   7 1.0   19    13M   89  487  84%    10M |  99.9   n/a   1   27   750k    3   11  78%  81.9M    n/a  n/a
   0   4b |   7 1.0   19    12M   94  508  84%    10M |  99.9   n/a   1   27  1.51M    6   12  66%  81.9M    n/a  n/a
   1   4c |   7 1.0   19    19M  132  301  69%    10M |  99.9   n/a   1   27  6.11M   24   11  31%  81.9M    n/a  n/a
   1   4d |   7 1.0   19    18M  127  343  72%    10M |  99.9   n/a   1   27  4.35M   17   13  43%  81.9M    n/a  n/a
   1   4e |   7 1.0    0      0    0    0   0%    10M |   n/a   n/a   1    0      0    0    0   0%  81.9M    n/a  n/a
   1   4f |   7 1.0   19    17M  116  348  75%    10M |  99.9   n/a   1   27  5.07M   20   11  35%  81.9M    n/a  n/a
   1   50 |   7 1.0   19    18M  123  335  73%    10M |  99.9   n/a   1   27  4.86M   19   13  40%  81.9M    n/a  n/a
   1   51 |   7 1.0   19    18M  114  343  75%    10M |  99.9   n/a   1   27  4.81M   19   12  38%  81.9M    n/a  n/a
   1   52 |   7 1.0    0      0    0    0   0%    10M |   n/a   n/a   1    0      0    0    0   0%  81.9M    n/a  n/a
   1   53 |   7 1.0    0      0    0    0   0%    10M |   n/a   n/a   1    0      0    0    0   0%  81.9M    n/a  n/a
   2   54 |   7 1.0   19    14M  101  427  80%    10M |  99.9   n/a   1   27   504k    2   15  88%  81.9M    n/a  n/a
   2   55 |   7 1.0   19    15M  102  373  78%    10M |  99.9   n/a   1   27  1.26M    5   12  70%  81.9M    n/a  n/a
   2   56 |   7 1.0   19    14M   96  388  80%    10M |  99.9   n/a   1   27  1.00M    4   16  80%  81.9M    n/a  n/a
   2   57 |   7 1.0   19    14M   88  365  80%    10M |  99.9   n/a   1   27  1.28M    5   13  72%  81.9M    n/a  n/a
   2   58 |   7 1.0    0      0    0    0   0%    10M |   n/a   n/a   1    0      0    0    0   0%  81.9M    n/a  n/a
   2   59 |   7 1.0   19    14M   95  405  81%    10M |  99.9   n/a   1   27  1.26M    5   16  76%  81.9M    n/a  n/a
   2   5a |   7 1.0    0      0    0    0   0%    10M |   n/a   n/a   1    0      0    0    0   0%  81.9M    n/a  n/a
   2   5b |   7 1.0    0      0    0    0   0%    10M |   n/a   n/a   1    0      0    0    0   0%  81.9M    n/a  n/a
   3   5c |   7 1.0   19    10M   73  557  88%    10M |  99.9   ovl   1   27  1.01M    4   13  76%  81.9M   766n  n/a
   3   5d |   7 1.0   19    11M   81  512  86%    10M |  99.9   ovl   1   27   754k    3   11  78%  81.9M   155n  n/a
   3   5e |   7 1.0   19    11M   74  489  86%    10M |  99.9   ovl   1   27   771k    3   15  83%  81.9M  -771n  n/a
   3   5f |   7 1.0    0      0    0    0   0%    10M |   n/a   n/a   1    0      0    0    0   0%  81.9M    n/a  n/a
   3   60 |   7 1.0   19    10M   75  487  86%    10M |  99.9   n/a   1   27  1.25M    5   13  72%  81.9M    n/a  n/a
   3   61 |   7 1.0   19    11M   75  540  87%    10M |  99.9   ovl   1   27  1.27M    5   11  68%  81.9M   693n  n/a
   3   62 |   7 1.0   19    10M   73  473  86%    10M |  99.9   n/a   1   27  1.51M    6   17  73%  81.9M    n/a  n/a
   3   63 |   7 1.0    0      0    0    0   0%    10M |   n/a   n/a   1    0      0    0    0   0%  81.9M    n/a  n/a
   0   44 |   7 1.0   19    13M   85  468  84%    10M |  99.9   n/a   1   27  1.26M    5   11  68%  81.9M    n/a  n/a
   0   45 |   7 1.0   19    12M   84  465  84%    10M |  99.9   n/a   1   27   766k    3   15  83%  81.9M    n/a  n/a
   0   46 |   7 1.0   19    12M   85  582  87%    10M |  99.9   n/a   1   27  1.25M    5   14  73%  81.9M    n/a  n/a
   0   47 |   7 1.0    0      0    0    0   0%    10M |   n/a   n/a   1    0      0    0    0   0%  81.9M    n/a  n/a
   0   48 |   7 1.0   19    12M   83  454  84%    10M |  99.9   n/a   1   27  1.27M    5   14  73%  81.9M    n/a  n/a
   0   49 |   7 1.0    0      0    0    0   0%    10M |   n/a   n/a   1    0      0    0    0   0%  81.9M    n/a  n/a
   0   4a |   7 1.0   19    12M   84  431  83%    10M |  99.9   n/a   1   27  1.52M    6   14  70%  81.9M    n/a  n/a
   0   4b |   7 1.0   19    11M   81  488  85%    10M |  99.9   n/a   1   27  1.27M    5   12  70%  81.9M    n/a  n/a
   1   4c |   7 1.0   19    23M  150  205  57%    10M |  99.9   n/a   1   27  11.0M   43    7  14%  81.9M    n/a  n/a
   1   4d |   7 1.0   19    22M  153  276  64%    10M |  99.9   n/a   1   27  10.5M   41    8  16%  81.9M    n/a  n/a
   1   4e |   7 1.0    0      0    0    0   0%    10M |   n/a   n/a   1    0      0    0    0   0%  81.9M    n/a  n/a
   1   4f |   7 1.0   19    21M  139  273  66%    10M |  99.9   n/a   1   27  10.7M   42    7  14%  81.9M    n/a  n/a
   1   50 |   7 1.0   19    24M  161  156  49%    10M |  99.9   n/a   1   27  10.7M   42    8  16%  81.9M    n/a  n/a
   1   51 |   7 1.0   19    22M  144  274  65%    10M |  99.9   n/a   1   27  10.5M   41    7  14%  81.9M    n/a  n/a
   1   52 |   7 1.0    0      0    0    0   0%    10M |   n/a   n/a   1    0      0    0    0   0%  81.9M    n/a  n/a
   1   53 |   7 1.0    0      0    0    0   0%    10M |   n/a   n/a   1    0      0    0    0   0%  81.9M    n/a  n/a
   2   54 |   7 1.0   19    14M   98  422  81%    10M |  99.9   n/a   1   27  1.27M    5   13  72%  81.9M    n/a  n/a
   2   55 |   7 1.0   19    14M  100  367  78%    10M |   n/a   n/a   1   27      0    0   16 100%  81.9M    n/a  n/a
   2   56 |   7 1.0   19    14M   92  420  82%    10M |  99.9   n/a   1   27  1.51M    6   15  71%  81.9M    n/a  n/a
   2   57 |   7 1.0   19    15M  100  406  80%    10M |  99.9   n/a   1   27   250k    1   15  93%  81.9M    n/a  n/a
   2   58 |   7 1.0    0      0    0    0   0%    10M |   n/a   n/a   1    0      0    0    0   0%  81.9M    n/a  n/a
   2   59 |   7 1.0   19    14M   98  374  79%    10M |  99.9   n/a   1   27  2.03M    8   13  61%  81.9M    n/a  n/a
   2   5a |   7 1.0    0      0    0    0   0%    10M |   n/a   n/a   1    0      0    0    0   0%  81.9M    n/a  n/a
   2   5b |   7 1.0    0      0    0    0   0%    10M |   n/a   n/a   1    0      0    0    0   0%  81.9M    n/a  n/a
   3   5c |   7 1.0   19    13M   88  455  83%    10M |  99.9   n/a   1   27  1.28M    5   12  70%  81.9M    n/a  n/a
   3   5d |   7 1.0   19    11M   80  513  86%    10M |  99.9   n/a   1   27   750k    3   15  83%  81.9M    n/a  n/a
   3   5e |   7 1.0   19    11M   76  509  87%    10M |  99.9   n/a   1   27   758k    3   14  82%  81.9M    n/a  n/a
   3   5f |   7 1.0    0      0    0    0   0%    10M |   n/a   n/a   1    0      0    0    0   0%  81.9M    n/a  n/a
   3   60 |   7 1.0   19    11M   79  517  86%    10M |  99.9   n/a   1   27  1.27M    5   13  72%  81.9M    n/a  n/a
   3   61 |   7 1.0   19    12M   84  458  84%    10M |  99.9   n/a   1   27  1.51M    6   11  64%  81.9M    n/a  n/a
   3   62 |   7 1.0   19    11M   76  476  86%    10M |  99.9   n/a   1   27  1.00M    4   15  78%  81.9M    n/a  n/a
   3   63 |   7 1.0    0      0    0    0   0%    10M |   n/a   n/a   1    0      0    0    0   0%  81.9M    n/a  n/a

          |--------------------DL---------------------|-------------------------------UL-----------------------------
 pci rnti | cqi  ri  mcs  brate   ok  nok  (%)  dl_bs | pusch  rsrp  ri  mcs  brate   ok  nok  (%)    bsr     ta  phr
   0   44 |   7 1.0   19    14M   99  438  81%    10M |  99.9   n/a   1   27  1.27M    5   14  73%  81.9M    n/a  n/a
   0   45 |   7 1.0   19    13M   91  454  83%    10M |  99.9   n/a   1   27  2.02M    8   13  61%  81.9M    n/a  n/a
   0   46 |   7 1.0   19    13M   91  433  82%    10M |  99.9   n/a   1   27  2.00M    8   14  63%  81.9M    n/a  n/a
   0   47 |   7 1.0    0      0    0    0   0%    10M |   n/a   n/a   1    0      0    0    0   0%  81.9M    n/a  n/a
   0   48 |   7 1.0   19    13M   84  467  84%    10M |  99.9   n/a   1   27  1.76M    7   11  61%  81.9M    n/a  n/a
   0   49 |   7 1.0    0      0    0    0   0%    10M |   n/a   n/a   1    0      0    0    0   0%  81.9M    n/a  n/a
   0   4a |   7 1.0   19    14M   90  353  79%    10M |  99.9   n/a   1   27  1.78M    7   16  69%  81.9M    n/a  n/a
   0   4b |   7 1.0   19    13M   91  540  85%    10M |  99.9   n/a   1   27  2.05M    8   12  60%  81.9M    n/a  n/a
   1   4c |   7 1.0   19    23M  149  183  55%    10M |  99.9   n/a   1   27  9.44M   37    8  17%  81.9M    n/a  n/a
   1   4d |   7 1.0   19    22M  142  275  65%    10M |  99.9   n/a   1   27  10.4M   41    8  16%  81.9M    n/a  n/a
   1   4e |   7 1.0    0      0    0    0   0%    10M |   n/a   n/a   1    0      0    0    0   0%  81.9M    n/a  n/a
   1   4f |   7 1.0   19    23M  153  273  64%    10M |  99.9   n/a   1   27  9.19M   36    9  20%  81.9M    n/a  n/a
   1   50 |   7 1.0   19    23M  151  181  54%    10M |  99.9   n/a   1   27  9.97M   39    8  17%  81.9M    n/a  n/a
   1   51 |   7 1.0   19    22M  139  248  64%    10M |  99.9   n/a   1   27  9.45M   37    8  17%  81.9M    n/a  n/a
   1   52 |   7 1.0    0      0    0    0   0%    10M |   n/a   n/a   1    0      0    0    0   0%  81.9M    n/a  n/a
   1   53 |   7 1.0    0      0    0    0   0%    10M |   n/a   n/a   1    0      0    0    0   0%  81.9M    n/a  n/a
   2   54 |   7 1.0   19    14M  101  460  81%    10M |  99.9   n/a   1   27  1.51M    6   16  72%  81.9M    n/a  n/a
   2   55 |   7 1.0   19    15M  105  403  79%    10M |  99.9   n/a   1   27  1.01M    4   16  80%  81.9M    n/a  n/a
   2   56 |   7 1.0   19    15M  111  384  77%    10M |  99.9   n/a   1   27  1.75M    7   14  66%  81.9M    n/a  n/a
   2   57 |   7 1.0   19    15M  109  456  80%    10M |  99.9   n/a   1   27   500k    2   16  88%  81.9M    n/a  n/a
   2   58 |   7 1.0    0      0    0    0   0%    10M |   n/a   n/a   1    0      0    0    0   0%  81.9M    n/a  n/a
   2   59 |   7 1.0   19    15M  109  389  78%    10M |  99.9   n/a   1   27  1.27M    5   15  75%  81.9M    n/a  n/a
   2   5a |   7 1.0    0      0    0    0   0%    10M |   n/a   n/a   1    0      0    0    0   0%  81.9M    n/a  n/a
   2   5b |   7 1.0    0      0    0    0   0%    10M |   n/a   n/a   1    0      0    0    0   0%  81.9M    n/a  n/a
   3   5c |   7 1.0   19    15M   96  419  81%    10M |  99.9   n/a   1   27  1.00M    4   16  80%  81.9M    n/a  n/a
   3   5d |   7 1.0   19    14M  102  490  82%    10M |  99.9   n/a   1   27  1.28M    5   13  72%  81.9M    n/a  n/a
   3   5e |   7 1.0   19    15M   96  430  81%    10M |  99.9   n/a   1   27  1.75M    7   12  63%  81.9M    n/a  n/a
   3   5f |   7 1.0    0      0    0    0   0%    10M |   n/a   n/a   1    0      0    0    0   0%  81.9M    n/a  n/a
   3   60 |   7 1.0   19    14M   96  474  83%    10M |  99.9   n/a   1   27  2.27M    9   14  60%  81.9M    n/a  n/a
   3   61 |   7 1.0   19    13M   93  474  83%    10M |  99.9   n/a   1   27  2.53M   10   11  52%  81.9M    n/a  n/a
   3   62 |   7 1.0   19    14M   88  513  85%    10M |  99.9   n/a   1   27  1.27M    5   14  73%  81.9M    n/a  n/a
   3   63 |   7 1.0    0      0    0    0   0%    10M |   n/a   n/a   1    0      0    0    0   0%  81.9M    n/a  n/a
   0   44 |   7 1.0   19    13M   97  441  81%    10M |  99.9   n/a   1   27  1.28M    5    8  61%  81.9M    n/a  n/a
   0   45 |   7 1.0   19    12M   82  511  86%    10M |  99.9   ovl   1   27  1.77M    7   11  61%  81.9M  -895n  n/a
   0   46 |   7 1.0   19    12M   89  484  84%    10M |  99.9   ovl   1   27  1.51M    6   12  66%  81.9M   438n  n/a
   0   47 |   7 1.0    0      0    0    0   0%    10M |   n/a   n/a   1    0      0    0    0   0%  81.9M    n/a  n/a
   0   48 |   7 1.0   19    13M  100  492  83%    10M |  99.9   ovl   1   27  2.53M   10   11  52%  81.9M  -543n  n/a
   0   49 |   7 1.0    0      0    0    0   0%    10M |   n/a   n/a   1    0      0    0    0   0%  81.9M    n/a  n/a
   0   4a |   7 1.0   19    11M   83  506  85%    10M |  99.9   n/a   1   27  2.02M    8    8  50%  81.9M    n/a  n/a
   0   4b |   7 1.0   19    11M   86  516  85%    10M |  99.9   ovl   1   27  2.02M    8   10  55%  81.9M    -1u  n/a
   1   4c |   7 1.0   19    14M  112  397  77%    10M |  99.9   n/a   1   27  1.27M    5   12  70%  81.9M    n/a  n/a
   1   4d |   7 1.0   19    14M  105  403  79%    10M |  99.9   ovl   1   27  1.52M    6   12  66%  81.9M  -151n  n/a
   1   4e |   7 1.0    0      0    0    0   0%    10M |   n/a   n/a   1    0      0    0    0   0%  81.9M    n/a  n/a
   1   4f |   7 1.0   19    13M  100  393  79%    10M |  99.9   n/a   1   27  1.52M    6   11  64%  81.9M    n/a  n/a
   1   50 |   7 1.0   19    12M   95  395  80%    10M |  99.9   ovl   1   27  3.04M   12   13  52%  81.9M  -242n  n/a
   1   51 |   7 1.0   19    13M  105  381  78%    10M |  99.9   ovl   1   27  1.27M    5   12  70%  81.9M  -968n  n/a
   1   52 |   7 1.0    0      0    0    0   0%    10M |   n/a   n/a   1    0      0    0    0   0%  81.9M    n/a  n/a
   1   53 |   7 1.0    0      0    0    0   0%    10M |   n/a   n/a   1    0      0    0    0   0%  81.9M    n/a  n/a
   2   54 |   7 1.0   19    13M   85  488  85%    10M |  99.9   n/a   1   27  1.28M    5   12  70%  81.9M    n/a  n/a
   2   55 |   7 1.0   19    13M   95  516  84%    10M |  99.9   ovl   1   27  1.53M    6   12  66%  81.9M   183n  n/a
   2   56 |   7 1.0   19    13M   91  497  84%    10M |  99.9   ovl   1   27  1.77M    7   11  61%  81.9M   846n  n/a
   2   57 |   7 1.0   19    13M   87  509  85%    10M |  99.9   ovl   1   27  1.50M    6   12  66%  81.9M  -660n  n/a
   2   58 |   7 1.0    0      0    0    0   0%    10M |   n/a   n/a   1    0      0    0    0   0%  81.9M    n/a  n/a
   2   59 |   7 1.0   19    12M   91  498  84%    10M |  99.9   n/a   1   27  1.26M    5   12  70%  81.9M    n/a  n/a
   2   5a |   7 1.0    0      0    0    0   0%    10M |   n/a   n/a   1    0      0    0    0   0%  81.9M    n/a  n/a
   2   5b |   7 1.0    0      0    0    0   0%    10M |   n/a   n/a   1    0      0    0    0   0%  81.9M    n/a  n/a
   3   5c |   7 1.0   19    11M   84  488  85%    10M |  99.9   n/a   1   27  1.79M    7    9  56%  81.9M    n/a  n/a
   3   5d |   7 1.0   19    11M   77  507  86%    10M |  99.9   n/a   1   27  1.27M    5    9  64%  81.9M    n/a  n/a
   3   5e |   7 1.0   19    12M   80  503  86%    10M |  99.9   n/a   1   27   754k    3   10  76%  81.9M    n/a  n/a
   3   5f |   7 1.0    0      0    0    0   0%    10M |   n/a   n/a   1    0      0    0    0   0%  81.9M    n/a  n/a
   3   60 |   7 1.0   19    11M   84  541  86%    10M |  99.9   n/a   1   27  1.75M    7   10  58%  81.9M    n/a  n/a
   3   61 |   7 1.0   19    10M   71  499  87%    10M |  99.9   ovl   1   27  1.49M    6   11  64%  81.9M   693n  n/a
   3   62 |   7 1.0   19    11M   83  514  86%    10M |  99.9   n/a   1   27  1.01M    4   10  71%  81.9M    n/a  n/a
   3   63 |   7 1.0    0      0    0    0   0%    10M |   n/a   n/a   1    0      0    0    0   0%  81.9M    n/a  n/a
   0   44 |   7 1.0   19    13M   83  455  84%    10M |  99.9   n/a   1   27  1.04M    4    9  69%  81.9M    n/a  n/a
   0   45 |   7 1.0   19    13M   81  434  84%    10M |  99.9   ovl   1   27  1.02M    4   10  71%  81.9M    32n  n/a
   0   46 |   7 1.0   19    13M   84  493  85%    10M |  99.9   n/a   1   27  1.27M    5   11  68%  81.9M    n/a  n/a
   0   47 |   7 1.0    0      0    0    0   0%    10M |   n/a   n/a   1    0      0    0    0   0%  81.9M    n/a  n/a
   0   48 |   7 1.0   19    13M   90  411  82%    10M |  99.9   ovl   1   27  1.25M    5   10  66%  81.9M  -895n  n/a
   0   49 |   7 1.0    0      0    0    0   0%    10M |   n/a   n/a   1    0      0    0    0   0%  81.9M    n/a  n/a
   0   4a |   7 1.0   19    13M   94  444  82%    10M |  99.9   n/a   1   27  1.76M    7   11  61%  81.9M    n/a  n/a
   0   4b |   7 1.0   19    13M   89  494  84%    10M |  99.9   n/a   1   27  2.29M    9    9  50%  81.9M    n/a  n/a
   1   4c |   7 1.0   19    12M   88  406  82%    10M |  99.9   ovl   1   27  1.52M    6   16  72%  81.9M   409n  n/a
   1   4d |   7 1.0   19    13M  104  380  78%    10M |  99.9   n/a   1   27   750k    3   15  83%  81.9M    n/a  n/a
   1   4e |   7 1.0    0      0    0    0   0%    10M |   n/a   n/a   1    0      0    0    0   0%  81.9M    n/a  n/a
   1   4f |   7 1.0   19    13M  103  370  78%    10M |  99.9   ovl   1   27  2.28M    9   15  62%  81.9M  -968n  n/a
   1   50 |   7 1.0   19    13M  111  420  79%    10M |  99.9   ovl   1   27  2.78M   11   12  52%  81.9M  -151n  n/a
   1   51 |   7 1.0   19    13M  103  368  78%    10M |  99.9   ovl   1   27  1.76M    7   16  69%  81.9M   107n  n/a
   1   52 |   7 1.0    0      0    0    0   0%    10M |   n/a   n/a   1    0      0    0    0   0%  81.9M    n/a  n/a
   1   53 |   7 1.0    0      0    0    0   0%    10M |   n/a   n/a   1    0      0    0    0   0%  81.9M    n/a  n/a
   2   54 |   7 1.0   19    12M   86  513  85%    10M |  99.9   n/a   1   27  1.51M    6   16  72%  81.9M    n/a  n/a
   2   55 |   7 1.0   19    12M   85  499  85%    10M |  99.9   n/a   1   27  1.02M    4   14  77%  81.9M    n/a  n/a
   2   56 |   7 1.0   19    11M   81  484  85%    10M |  99.9   ovl   1   27  2.27M    9   16  64%  81.9M   846n  n/a
   2   57 |   7 1.0   19    12M   89  420  82%    10M |  99.9   n/a   1   27  1.27M    5   16  76%  81.9M    n/a  n/a
   2   58 |   7 1.0    0      0    0    0   0%    10M |   n/a   n/a   1    0      0    0    0   0%  81.9M    n/a  n/a
   2   59 |   7 1.0   19    12M   85  473  84%    10M |  99.9   ovl   1   27  1.53M    6   16  72%  81.9M  -659n  n/a
   2   5a |   7 1.0    0      0    0    0   0%    10M |   n/a   n/a   1    0      0    0    0   0%  81.9M    n/a  n/a
   2   5b |   7 1.0    0      0    0    0   0%    10M |   n/a   n/a   1    0      0    0    0   0%  81.9M    n/a  n/a

          |--------------------DL---------------------|-------------------------------UL-----------------------------
 pci rnti | cqi  ri  mcs  brate   ok  nok  (%)  dl_bs | pusch  rsrp  ri  mcs  brate   ok  nok  (%)    bsr     ta  phr
   3   5c |   7 1.0   19    13M   86  464  84%    10M |  99.9   n/a   1   27  2.27M    9   12  57%  81.9M    n/a  n/a
   3   5d |   7 1.0   19    14M   99  428  81%    10M |  99.9   ovl   1   27  3.05M   12   10  45%  81.9M   424n  n/a
   3   5e |   7 1.0   19    14M  102  450  81%    10M |  99.9   ovl   1   27  3.03M   12    9  42%  81.9M    -3n  n/a
   3   5f |   7 1.0    0      0    0    0   0%    10M |   n/a   n/a   1    0      0    0    0   0%  81.9M    n/a  n/a
   3   60 |   7 1.0   19    14M  101  444  81%    10M |  99.9   ovl   1   27  1.25M    5    9  64%  81.9M   424n  n/a
   3   61 |   7 1.0   19    14M  106  416  79%    10M |  99.9   n/a   1   27  2.28M    9   11  55%  81.9M    n/a  n/a
   3   62 |   7 1.0   19    13M   96  463  82%    10M |  99.9   ovl   1   27  2.03M    8   10  55%  81.9M    -2n  n/a
   3   63 |   7 1.0    0      0    0    0   0%    10M |   n/a   n/a   1    0      0    0    0   0%  81.9M    n/a  n/a
   0   44 |   7 1.0   19   9.9M   72  548  88%    10M |  99.9   ovl   1   27  1.77M    7   12  63%  81.9M    -1u  n/a
   0   45 |   7 1.0   19   9.5M   68  558  89%    10M |  99.9   ovl   1   27   754k    3   12  80%  81.9M  -895n  n/a
   0   46 |   7 1.0   19    10M   80  609  88%    10M |  99.9   n/a   1   27  1.54M    6   10  62%  81.9M    n/a  n/a
   0   47 |   7 1.0    0      0    0    0   0%    10M |   n/a   n/a   1    0      0    0    0   0%  81.9M    n/a  n/a
   0   48 |   7 1.0   19    10M   71  452  86%    10M |  99.9   ovl   1   27  1.51M    6   10  62%  81.9M    32n  n/a
   0   49 |   7 1.0    0      0    0    0   0%    10M |   n/a   n/a   1    0      0    0    0   0%  81.9M    n/a  n/a
   0   4a |   7 1.0   19   9.7M   72  539  88%    10M |  99.9   ovl   1   27  1.52M    6    8  57%  81.9M   438n  n/a
   0   4b |   7 1.0   19   9.7M   69  515  88%    10M |  99.9   ovl   1   27  1.01M    4    8  66%  81.9M   438n  n/a
   1   4c |   7 1.0   19    12M   94  377  80%    10M |  99.9   ovl   1   27  1.50M    6   12  66%  81.9M  -968n  n/a
   1   4d |   7 1.0   19    14M  101  382  79%    10M |  99.9   ovl   1   27  2.78M   11    9  45%  81.9M   409n  n/a
   1   4e |   7 1.0    0      0    0    0   0%    10M |   n/a   n/a   1    0      0    0    0   0%  81.9M    n/a  n/a
   1   4f |   7 1.0   19    15M  109  367  77%    10M |  99.9   ovl   1   27  2.02M    8   12  60%  81.9M   409n  n/a
   1   50 |   7 1.0   19    14M  103  365  77%    10M |  99.9   n/a   1   27   746k    3   12  80%  81.9M    n/a  n/a
   1   51 |   7 1.0   19    14M  109  371  77%    10M |  99.9   ovl   1   27  3.02M   12   11  47%  81.9M   900n  n/a
   1   52 |   7 1.0    0      0    0    0   0%    10M |   n/a   n/a   1    0      0    0    0   0%  81.9M    n/a  n/a
   1   53 |   7 1.0    0      0    0    0   0%    10M |   n/a   n/a   1    0      0    0    0   0%  81.9M    n/a  n/a
   2   54 |   7 1.0   19    13M   97  411  80%    10M |  99.9   ovl   1   27  2.01M    8   11  57%  81.9M  -660n  n/a
   2   55 |   7 1.0   19    14M  102  378  78%    10M |  99.9   ovl   1   27  3.04M   12   10  45%  81.9M    20n  n/a
   2   56 |   7 1.0   19    15M  109  388  78%    10M |  99.9   ovl   1   27  2.25M    9   11  55%  81.9M    74n  n/a
   2   57 |   7 1.0   19    14M  103  392  79%    10M |  99.9   ovl   1   27  3.57M   14    9  39%  81.9M   -36n  n/a
   2   58 |   7 1.0    0      0    0    0   0%    10M |   n/a   n/a   1    0      0    0    0   0%  81.9M    n/a  n/a
   2   59 |   7 1.0   19    14M  104  367  77%    10M |  99.9   n/a   1   27  1.27M    5   12  70%  81.9M    n/a  n/a
   2   5a |   7 1.0    0      0    0    0   0%    10M |   n/a   n/a   1    0      0    0    0   0%  81.9M    n/a  n/a
   2   5b |   7 1.0    0      0    0    0   0%    10M |   n/a   n/a   1    0      0    0    0   0%  81.9M    n/a  n/a
   3   5c |   7 1.0   19    10M   71  537  88%    10M |  99.9   n/a   1   27  1.76M    7   10  58%  81.9M    n/a  n/a
   3   5d |   7 1.0   19   9.6M   71  542  88%    10M |  99.9   n/a   1   27  1.01M    4   12  75%  81.9M    n/a  n/a
   3   5e |   7 1.0   19    10M   63  545  89%    10M |  99.9   n/a   1   27  1.26M    5    5  50%  81.9M    n/a  n/a
   3   5f |   7 1.0    0      0    0    0   0%    10M |   n/a   n/a   1    0      0    0    0   0%  81.9M    n/a  n/a
   3   60 |   7 1.0   19    11M   78  504  86%    10M |  99.9   n/a   1   27   996k    4   14  77%  81.9M    n/a  n/a
   3   61 |   7 1.0   19    10M   72  511  87%    10M |  99.9   n/a   1   27   246k    1   12  92%  81.9M    n/a  n/a
   3   62 |   7 1.0   19    10M   75  531  87%    10M |  99.9   n/a   1   27  1.78M    7    7  50%  81.9M    n/a  n/a
   3   63 |   7 1.0    0      0    0    0   0%    10M |   n/a   n/a   1    0      0    0    0   0%  81.9M    n/a  n/a
   0   44 |   7 1.0   19    11M   79  504  86%    10M |  99.9   ovl   1   27  2.00M    8    8  50%  81.9M  -216n  n/a
   0   45 |   7 1.0   19    12M   93  428  82%    10M |  99.9   ovl   1   27  2.04M    8    7  46%  81.9M  -386n  n/a
   0   46 |   7 1.0   19    12M   80  507  86%    10M |  99.9   ovl   1   27  2.02M    8   10  55%  81.9M  -216n  n/a
   0   47 |   7 1.0    0      0    0    0   0%    10M |   n/a   n/a   1    0      0    0    0   0%  81.9M    n/a  n/a
   0   48 |   7 1.0   19    11M   84  438  83%    10M |  99.9   ovl   1   27  3.02M   12    8  40%  81.9M  -386n  n/a
   0   49 |   7 1.0    0      0    0    0   0%    10M |   n/a   n/a   1    0      0    0    0   0%  81.9M    n/a  n/a
   0   4a |   7 1.0   19    12M   94  423  81%    10M |  99.9   ovl   1   27  2.78M   11   10  47%  81.9M  -618n  n/a
   0   4b |   7 1.0   19    11M   90  448  83%    10M |  99.9   ovl   1   27  2.51M   10   10  50%  81.9M  -618n  n/a
   1   4c |   7 1.0   19    11M   88  439  83%    10M |  99.9   n/a   1   27  1.25M    5    8  61%  81.9M    n/a  n/a
   1   4d |   7 1.0   19    11M   88  414  82%    10M |  99.9   ovl   1   27  2.53M   10   12  54%  81.9M  -242n  n/a
   1   4e |   7 1.0    0      0    0    0   0%    10M |   n/a   n/a   1    0      0    0    0   0%  81.9M    n/a  n/a
   1   4f |   7 1.0   19    12M   91  420  82%    10M |  99.9   ovl   1   27  2.52M   10    7  41%  81.9M   409n  n/a
   1   50 |   7 1.0   19    13M  101  404  80%    10M |  99.9   n/a   1   27  1.76M    7    8  53%  81.9M    n/a  n/a
   1   51 |   7 1.0   19    12M   98  388  79%    10M |  99.9   ovl   1   27  2.51M   10    8  44%  81.9M   472n  n/a
   1   52 |   7 1.0    0      0    0    0   0%    10M |   n/a   n/a   1    0      0    0    0   0%  81.9M    n/a  n/a
   1   53 |   7 1.0    0      0    0    0   0%    10M |   n/a   n/a   1    0      0    0    0   0%  81.9M    n/a  n/a
   2   54 |   7 1.0   19    12M   83  381  82%    10M |  99.9   ovl   1   27  3.26M   13    7  35%  81.9M  -660n  n/a
   2   55 |   7 1.0   19    12M   82  406  83%    10M |  99.9   ovl   1   27  2.02M    8   12  60%  81.9M   461n  n/a
   2   56 |   7 1.0   19    13M   87  336  79%    10M |  99.9   n/a   1   27  1.25M    5    8  61%  81.9M    n/a  n/a
   2   57 |   7 1.0   19    13M   88  384  81%    10M |  99.9   ovl   1   27  4.84M   19    8  29%  81.9M   253n  n/a
   2   58 |   7 1.0    0      0    0    0   0%    10M |   n/a   n/a   1    0      0    0    0   0%  81.9M    n/a  n/a
   2   59 |   7 1.0   19    12M   91  458  83%    10M |  99.9   n/a   1   27  1.01M    4    8  66%  81.9M    n/a  n/a
   2   5a |   7 1.0    0      0    0    0   0%    10M |   n/a   n/a   1    0      0    0    0   0%  81.9M    n/a  n/a
   2   5b |   7 1.0    0      0    0    0   0%    10M |   n/a   n/a   1    0      0    0    0   0%  81.9M    n/a  n/a
   3   5c |   7 1.0   19    12M   96  488  83%    10M |  99.9   n/a   1   27  1.77M    7    7  50%  81.9M    n/a  n/a
   3   5d |   7 1.0   19    13M   93  446  82%    10M |  99.9   n/a   1   27  2.51M   10    4  28%  81.9M    n/a  n/a
   3   5e |   7 1.0   19    11M   82  444  84%    10M |  99.9   n/a   1   27  2.02M    8   10  55%  81.9M    n/a  n/a
   3   5f |   7 1.0    0      0    0    0   0%    10M |   n/a   n/a   1    0      0    0    0   0%  81.9M    n/a  n/a
   3   60 |   7 1.0   19    12M   90  475  84%    10M |  99.9   ovl   1   27  1.00M    4    3  42%  81.9M    -3n  n/a
   3   61 |   7 1.0   19    12M  102  471  82%    10M |  99.9   n/a   1   27  2.78M   11    8  42%  81.9M    n/a  n/a
   3   62 |   7 1.0   19    12M   92  434  82%    10M |  99.9   n/a   1   27  1.01M    4    8  66%  81.9M    n/a  n/a
   3   63 |   7 1.0    0      0    0    0   0%    10M |   n/a   n/a   1    0      0    0    0   0%  81.9M    n/a  n/a
   0   44 |   7 1.0   19    11M   80  512  86%    10M |  99.9   n/a   1   27  1.80M    7   12  63%  81.9M    n/a  n/a
   0   45 |   7 1.0   19    12M   82  455  84%    10M |  99.9   n/a   1   27  1.26M    5    8  61%  81.9M    n/a  n/a
   0   46 |   7 1.0   19    11M   83  452  84%    10M |  99.9   n/a   1   27   746k    3    8  72%  81.9M    n/a  n/a
   0   47 |   7 1.0    0      0    0    0   0%    10M |   n/a   n/a   1    0      0    0    0   0%  81.9M    n/a  n/a
   0   48 |   7 1.0   19    12M   80  456  85%    10M |  99.9   n/a   1   27  1.77M    7   11  61%  81.9M    n/a  n/a
   0   49 |   7 1.0    0      0    0    0   0%    10M |   n/a   n/a   1    0      0    0    0   0%  81.9M    n/a  n/a
   0   4a |   7 1.0   19    12M   83  427  83%    10M |  99.9   n/a   1   27  2.00M    8   12  60%  81.9M    n/a  n/a
   0   4b |   7 1.0   19    12M   84  500  85%    10M |  99.9   n/a   1   27  2.55M   10    6  37%  81.9M    n/a  n/a
   1   4c |   7 1.0   19    12M   97  417  81%    10M |  99.9   n/a   1   27   750k    3   12  80%  81.9M    n/a  n/a
   1   4d |   7 1.0   19    13M   96  370  79%    10M |  99.9   n/a   1   27  1.01M    4   12  75%  81.9M    n/a  n/a
   1   4e |   7 1.0    0      0    0    0   0%    10M |   n/a   n/a   1    0      0    0    0   0%  81.9M    n/a  n/a
   1   4f |   7 1.0   19    12M   97  400  80%    10M |  99.9   ovl   1   27   775k    3   12  80%  81.9M  -968n  n/a
   1   50 |   7 1.0   19    11M   94  414  81%    10M |  99.9   n/a   1   27  1.52M    6   13  68%  81.9M    n/a  n/a
   1   51 |   7 1.0   19    12M   99  398  80%    10M |  99.9   n/a   1   27  1.26M    5   12  70%  81.9M    n/a  n/a
   1   52 |   7 1.0    0      0    0    0   0%    10M |   n/a   n/a   1    0      0    0    0   0%  81.9M    n/a  n/a
   1   53 |   7 1.0    0      0    0    0   0%    10M |   n/a   n/a   1    0      0    0    0   0%  81.9M    n/a  n/a

          |--------------------DL---------------------|-------------------------------UL-----------------------------
 pci rnti | cqi  ri  mcs  brate   ok  nok  (%)  dl_bs | pusch  rsrp  ri  mcs  brate   ok  nok  (%)    bsr     ta  phr
   2   54 |   7 1.0   19    12M   94  420  81%    10M |  99.9   ovl   1   27  1.02M    4   12  75%  81.9M   211n  n/a
   2   55 |   7 1.0   19    12M   97  423  81%    10M |  99.9   n/a   1   27  1.02M    4   12  75%  81.9M    n/a  n/a
   2   56 |   7 1.0   19    13M  110  418  79%    10M |  99.9   ovl   1   27   758k    3   12  80%  81.9M   365n  n/a
   2   57 |   7 1.0   19    14M  108  419  79%    10M |  99.9   n/a   1   27  1.50M    6   12  66%  81.9M    n/a  n/a
   2   58 |   7 1.0    0      0    0    0   0%    10M |   n/a   n/a   1    0      0    0    0   0%  81.9M    n/a  n/a
   2   59 |   7 1.0   19    15M  110  404  78%    10M |  99.9   ovl   1   27  2.75M   11   12  52%  81.9M  -660n  n/a
   2   5a |   7 1.0    0      0    0    0   0%    10M |   n/a   n/a   1    0      0    0    0   0%  81.9M    n/a  n/a
   2   5b |   7 1.0    0      0    0    0   0%    10M |   n/a   n/a   1    0      0    0    0   0%  81.9M    n/a  n/a
   3   5c |   7 1.0   19    16M  116  314  73%    10M |  99.9   ovl   1   27  2.54M   10   10  50%  81.9M   766n  n/a
   3   5d |   7 1.0   19    14M   97  353  78%    10M |  99.9   ovl   1   27  3.80M   15    9  37%  81.9M   514n  n/a
   3   5e |   7 1.0   19    16M  110  294  72%    10M |  99.9   ovl   1   27  3.03M   12    6  33%  81.9M   253n  n/a
   3   5f |   7 1.0    0      0    0    0   0%    10M |   n/a   n/a   1    0      0    0    0   0%  81.9M    n/a  n/a
   3   60 |   7 1.0   19    16M  107  295  73%    10M |  99.9   ovl   1   27  3.54M   14   10  41%  81.9M    26n  n/a
   3   61 |   7 1.0   19    14M  107  355  76%    10M |  99.9   ovl   1   27  4.03M   16    8  33%  81.9M   370n  n/a
   3   62 |   7 1.0   19    15M  107  298  73%    10M |  99.9   ovl   1   27  3.79M   15   12  44%  81.9M   562n  n/a
   3   63 |   7 1.0    0      0    0    0   0%    10M |   n/a   n/a   1    0      0    0    0   0%  81.9M    n/a  n/a
   0   44 |   7 1.0   19    13M   93  425  82%    10M |  99.9   n/a   1   27  2.77M   11   10  47%  81.9M    n/a  n/a
   0   45 |   7 1.0   19    14M   93  400  81%    10M |  99.9   ovl   1   27  2.26M    9   13  59%  81.9M  -895n  n/a
   0   46 |   7 1.0   19    14M  104  364  77%    10M |  99.9   ovl   1   27  2.29M    9    8  47%  81.9M    32n  n/a
   0   47 |   7 1.0    0      0    0    0   0%    10M |   n/a   n/a   1    0      0    0    0   0%  81.9M    n/a  n/a
   0   48 |   7 1.0   19    14M  102  374  78%    10M |  99.9   ovl   1   27  2.78M   11   12  52%  81.9M  -658n  n/a
   0   49 |   7 1.0    0      0    0    0   0%    10M |   n/a   n/a   1    0      0    0    0   0%  81.9M    n/a  n/a
   0   4a |   7 1.0   19    13M   94  409  81%    10M |  99.9   ovl   1   27  2.77M   11   10  47%  81.9M  -543n  n/a
   0   4b |   7 1.0   19    13M   91  417  82%    10M |  99.9   ovl   1   27  3.54M   14    7  33%  81.9M  -969n  n/a
   1   4c |   7 1.0   19    11M   96  380  79%    10M |  99.9   n/a   1   27  1.53M    6   12  66%  81.9M    n/a  n/a
   1   4d |   7 1.0   19    11M   89  390  81%    10M |  99.9   ovl   1   27   766k    3   12  80%  81.9M   409n  n/a
   1   4e |   7 1.0    0      0    0    0   0%    10M |   n/a   n/a   1    0      0    0    0   0%  81.9M    n/a  n/a
   1   4f |   7 1.0   19    11M   84  422  83%    10M |  99.9   ovl   1   27  1.75M    7   12  63%  81.9M  -968n  n/a
   1   50 |   7 1.0   19    11M   82  432  84%    10M |  99.9   ovl   1   27  1.27M    5   15  75%  81.9M  -968n  n/a
   1   51 |   7 1.0   19    12M   91  398  81%    10M |  99.9   n/a   1   27   766k    3   12  80%  81.9M    n/a  n/a
   1   52 |   7 1.0    0      0    0    0   0%    10M |   n/a   n/a   1    0      0    0    0   0%  81.9M    n/a  n/a
   1   53 |   7 1.0    0      0    0    0   0%    10M |   n/a   n/a   1    0      0    0    0   0%  81.9M    n/a  n/a
   2   54 |   7 1.0   19    11M   94  447  82%    10M |  99.9   n/a   1   27  1.00M    4   12  75%  81.9M    n/a  n/a
   2   55 |   7 1.0   19    12M   90  394  81%    10M |  99.9   ovl   1   27  1.02M    4   12  75%  81.9M  -660n  n/a
   2   56 |   7 1.0   19    11M   87  390  81%    10M |  99.9   n/a   1   27  1.26M    5   12  70%  81.9M    n/a  n/a
   2   57 |   7 1.0   19    13M   99  354  78%    10M |  99.9   ovl   1   27  1.02M    4   12  75%  81.9M    74n  n/a
   2   58 |   7 1.0    0      0    0    0   0%    10M |   n/a   n/a   1    0      0    0    0   0%  81.9M    n/a  n/a
   2   59 |   7 1.0   19    12M   96  404  80%    10M |  99.9   n/a   1   27  1.77M    7   12  63%  81.9M    n/a  n/a
   2   5a |   7 1.0    0      0    0    0   0%    10M |   n/a   n/a   1    0      0    0    0   0%  81.9M    n/a  n/a
   2   5b |   7 1.0    0      0    0    0   0%    10M |   n/a   n/a   1    0      0    0    0   0%  81.9M    n/a  n/a
   3   5c |   7 1.0   19    14M  104  302  74%    10M |  99.9   n/a   1   27  1.76M    7   11  61%  81.9M    n/a  n/a
   3   5d |   7 1.0   19    13M   98  345  77%    10M |  99.9   n/a   1   27   746k    3    9  75%  81.9M    n/a  n/a
   3   5e |   7 1.0   19    13M   99  373  79%    10M |  99.9   n/a   1   27  3.29M   13    6  31%  81.9M    n/a  n/a
   3   5f |   7 1.0    0      0    0    0   0%    10M |   n/a   n/a   1    0      0    0    0   0%  81.9M    n/a  n/a
   3   60 |   7 1.0   19    13M  107  361  77%    10M |  99.9   ovl   1   27  1.25M    5   11  68%  81.9M   -39n  n/a
   3   61 |   7 1.0   19    13M   92  364  79%    10M |  99.9   ovl   1   27  3.54M   14    9  39%  81.9M  -308n  n/a
   3   62 |   7 1.0   19    14M   99  325  76%    10M |  99.9   n/a   1   27  1.77M    7   14  66%  81.9M    n/a  n/a
   3   63 |   7 1.0    0      0    0    0   0%    10M |   n/a   n/a   1    0      0    0    0   0%  81.9M    n/a  n/a
   0   44 |   7 1.0   19    11M   87  508  85%    10M |  99.9   ovl   1   27  1.77M    7   10  58%  81.9M   437n  n/a
   0   45 |   7 1.0   19    10M   74  524  87%    10M |  99.9   ovl   1   27  1.25M    5   12  70%  81.9M    32n  n/a
   0   46 |   7 1.0   19    11M   77  494  86%    10M |  99.9   ovl   1   27  1.26M    5   11  68%  81.9M    -1u  n/a
   0   47 |   7 1.0    0      0    0    0   0%    10M |   n/a   n/a   1    0      0    0    0   0%  81.9M    n/a  n/a
   0   48 |   7 1.0   19    12M   84  464  84%    10M |  99.9   n/a   1   27   992k    4   11  73%  81.9M    n/a  n/a
   0   49 |   7 1.0    0      0    0    0   0%    10M |   n/a   n/a   1    0      0    0    0   0%  81.9M    n/a  n/a
   0   4a |   7 1.0   19    11M   78  446  85%    10M |  99.9   ovl   1   27  2.02M    8    8  50%  81.9M    -1u  n/a
   0   4b |   7 1.0   19    11M   84  522  86%    10M |  99.9   n/a   1   27  1.77M    7    8  53%  81.9M    n/a  n/a
   1   4c |   7 1.0   19    15M  113  336  74%    10M |  99.9   n/a   1   27  1.25M    5   15  75%  81.9M    n/a  n/a
   1   4d |   7 1.0   19    15M  115  345  75%    10M |  99.9   n/a   1   27  1.76M    7   12  63%  81.9M    n/a  n/a
   1   4e |   7 1.0    0      0    0    0   0%    10M |   n/a   n/a   1    0      0    0    0   0%  81.9M    n/a  n/a
   1   4f |   7 1.0   19    14M  103  343  76%    10M |  99.9   n/a   1   27  1.79M    7   12  63%  81.9M    n/a  n/a
   1   50 |   7 1.0   19    14M  106  357  77%    10M |  99.9   n/a   1   27  1.25M    5   12  70%  81.9M    n/a  n/a
   1   51 |   7 1.0   19    15M  113  373  76%    10M |  99.9   n/a   1   27  1.76M    7   12  63%  81.9M    n/a  n/a
   1   52 |   7 1.0    0      0    0    0   0%    10M |   n/a   n/a   1    0      0    0    0   0%  81.9M    n/a  n/a
   1   53 |   7 1.0    0      0    0    0   0%    10M |   n/a   n/a   1    0      0    0    0   0%  81.9M    n/a  n/a
   2   54 |   7 1.0   19    14M   96  359  78%    10M |  99.9   ovl   1   27  2.27M    9   12  57%  81.9M    84n  n/a
   2   55 |   7 1.0   19    15M  112  342  75%    10M |  99.9   ovl   1   27  1.76M    7   12  63%  81.9M    75n  n/a
   2   56 |   7 1.0   19    16M  114  280  71%    10M |  99.9   ovl   1   27  2.28M    9   12  57%  81.9M    64n  n/a
   2   57 |   7 1.0   19    16M  116  312  72%    10M |  99.9   n/a   1   27  1.77M    7   12  63%  81.9M    n/a  n/a
   2   58 |   7 1.0    0      0    0    0   0%    10M |   n/a   n/a   1    0      0    0    0   0%  81.9M    n/a  n/a
   2   59 |   7 1.0   19    17M  118  299  71%    10M |  99.9   n/a   1   27  1.50M    6   16  72%  81.9M    n/a  n/a
   2   5a |   7 1.0    0      0    0    0   0%    10M |   n/a   n/a   1    0      0    0    0   0%  81.9M    n/a  n/a
   2   5b |   7 1.0    0      0    0    0   0%    10M |   n/a   n/a   1    0      0    0    0   0%  81.9M    n/a  n/a
   3   5c |   7 1.0   19    12M   82  467  85%    10M |  99.9   n/a   1   27  1.79M    7   12  63%  81.9M    n/a  n/a
   3   5d |   7 1.0   19    12M   79  505  86%    10M |  99.9   n/a   1   27  1.01M    4   15  78%  81.9M    n/a  n/a
   3   5e |   7 1.0   19    12M   87  544  86%    10M |  99.9   n/a   1   27  1.76M    7    8  53%  81.9M    n/a  n/a
   3   5f |   7 1.0    0      0    0    0   0%    10M |   n/a   n/a   1    0      0    0    0   0%  81.9M    n/a  n/a
   3   60 |   7 1.0   19    12M   94  545  85%    10M |  99.9   n/a   1   27  2.31M    9   16  64%  81.9M    n/a  n/a
   3   61 |   7 1.0   19    12M   81  428  84%    10M |  99.9   ovl   1   27  1.52M    6   13  68%  81.9M   155n  n/a
   3   62 |   7 1.0   19    12M   89  428  82%    10M |  99.9   n/a   1   27  1.51M    6    9  60%  81.9M    n/a  n/a
   3   63 |   7 1.0    0      0    0    0   0%    10M |   n/a   n/a   1    0      0    0    0   0%  81.9M    n/a  n/a
   0   44 |   7 1.0   19    10M   74  538  87%    10M |  99.9   n/a   1   27   500k    2    8  80%  81.9M    n/a  n/a
   0   45 |   7 1.0   19   9.2M   68  530  88%    10M |  99.9   n/a   1   27  1.53M    6    8  57%  81.9M    n/a  n/a
   0   46 |   7 1.0   19   9.6M   64  577  90%    10M |  99.9   n/a   1   27  1.26M    5    8  61%  81.9M    n/a  n/a
   0   47 |   7 1.0    0      0    0    0   0%    10M |   n/a   n/a   1    0      0    0    0   0%  81.9M    n/a  n/a
   0   48 |   7 1.0   19   9.9M   67  521  88%    10M |  99.9   n/a   1   27   758k    3   11  78%  81.9M    n/a  n/a
   0   49 |   7 1.0    0      0    0    0   0%    10M |   n/a   n/a   1    0      0    0    0   0%  81.9M    n/a  n/a
   0   4a |   7 1.0   19   9.8M   68  497  87%    10M |  99.9   n/a   1   27   496k    2   12  85%  81.9M    n/a  n/a
   0   4b |   7 1.0   19  10.0M   60  561  90%    10M |  99.9   n/a   1   27  1.52M    6   13  68%  81.9M    n/a  n/a

          |--------------------DL---------------------|-------------------------------UL-----------------------------
 pci rnti | cqi  ri  mcs  brate   ok  nok  (%)  dl_bs | pusch  rsrp  ri  mcs  brate   ok  nok  (%)    bsr     ta  phr
   1   4c |   7 1.0   19    14M  107  360  77%    10M |  99.9   ovl   1   27  2.03M    8   12  60%  81.9M  -968n  n/a
   1   4d |   7 1.0   19    13M   98  371  79%    10M |  99.9   n/a   1   27  1.78M    7   12  63%  81.9M    n/a  n/a
   1   4e |   7 1.0    0      0    0    0   0%    10M |   n/a   n/a   1    0      0    0    0   0%  81.9M    n/a  n/a
   1   4f |   7 1.0   19    13M  105  367  77%    10M |  99.9   n/a   1   27  3.30M   13   12  48%  81.9M    n/a  n/a
   1   50 |   7 1.0   19    14M  105  351  76%    10M |  99.9   n/a   1   27  1.01M    4   12  75%  81.9M    n/a  n/a
   1   51 |   7 1.0   19    14M  108  348  76%    10M |  99.9   n/a   1   27  3.03M   12   12  50%  81.9M    n/a  n/a
   1   52 |   7 1.0    0      0    0    0   0%    10M |   n/a   n/a   1    0      0    0    0   0%  81.9M    n/a  n/a
   1   53 |   7 1.0    0      0    0    0   0%    10M |   n/a   n/a   1    0      0    0    0   0%  81.9M    n/a  n/a
   2   54 |   7 1.0   19    13M   92  329  78%    10M |  99.9   ovl   1   27  3.03M   12   12  50%  81.9M   211n  n/a
   2   55 |   7 1.0   19    15M  109  354  76%    10M |  99.9   n/a   1   27  1.27M    5   12  70%  81.9M    n/a  n/a
   2   56 |   7 1.0   19    13M   97  346  78%    10M |  99.9   ovl   1   27  3.25M   13   13  50%  81.9M  -345n  n/a
   2   57 |   7 1.0   19    14M  113  362  76%    10M |  99.9   n/a   1   27  2.53M   10   12  54%  81.9M    n/a  n/a
   2   58 |   7 1.0    0      0    0    0   0%    10M |   n/a   n/a   1    0      0    0    0   0%  81.9M    n/a  n/a
   2   59 |   7 1.0   19    13M   98  312  76%    10M |  99.9   n/a   1   27   996k    4   12  75%  81.9M    n/a  n/a
   2   5a |   7 1.0    0      0    0    0   0%    10M |   n/a   n/a   1    0      0    0    0   0%  81.9M    n/a  n/a
   2   5b |   7 1.0    0      0    0    0   0%    10M |   n/a   n/a   1    0      0    0    0   0%  81.9M    n/a  n/a
   3   5c |   7 1.0   19    14M   95  362  79%    10M |  99.9   ovl   1   27  2.79M   11   10  47%  81.9M   424n  n/a
   3   5d |   7 1.0   19    13M   91  407  81%    10M |  99.9   ovl   1   27  3.56M   14   10  41%  81.9M   155n  n/a
   3   5e |   7 1.0   19    15M  102  350  77%    10M |  99.9   ovl   1   27  2.78M   11   10  47%  81.9M  -154n  n/a
   3   5f |   7 1.0    0      0    0    0   0%    10M |   n/a   n/a   1    0      0    0    0   0%  81.9M    n/a  n/a
   3   60 |   7 1.0   19    13M   84  337  80%    10M |  99.9   ovl   1   27  2.53M   10    7  41%  81.9M   741n  n/a
   3   61 |   7 1.0   19    13M   95  413  81%    10M |  99.9   ovl   1   27  2.54M   10   10  50%  81.9M    -2n  n/a
   3   62 |   7 1.0   19    14M  103  344  76%    10M |  99.9   ovl   1   27  2.80M   11    8  42%  81.9M   577n  n/a
   3   63 |   7 1.0    0      0    0    0   0%    10M |   n/a   n/a   1    0      0    0    0   0%  81.9M    n/a  n/a
   0   44 |   7 1.0   19    15M  102  412  80%    10M |  99.9   n/a   1   27  1.27M    5    7  58%  81.9M    n/a  n/a
   0   45 |   7 1.0   19    15M  110  421  79%    10M |  99.9   n/a   1   27  2.28M    9   12  57%  81.9M    n/a  n/a
   0   46 |   7 1.0   19    15M  105  420  80%    10M |  99.9   n/a   1   27  1.04M    4   10  71%  81.9M    n/a  n/a
   0   47 |   7 1.0    0      0    0    0   0%    10M |   n/a   n/a   1    0      0    0    0   0%  81.9M    n/a  n/a
   0   48 |   7 1.0   19    15M  113  414  78%    10M |  99.9   n/a   1   27  2.28M    9   10  52%  81.9M    n/a  n/a
   0   49 |   7 1.0    0      0    0    0   0%    10M |   n/a   n/a   1    0      0    0    0   0%  81.9M    n/a  n/a
   0   4a |   7 1.0   19    15M  104  369  78%    10M |  99.9   n/a   1   27  2.55M   10   10  50%  81.9M    n/a  n/a
   0   4b |   7 1.0   19    15M  111  383  77%    10M |  99.9   n/a   1   27  2.27M    9   11  55%  81.9M    n/a  n/a
   1   4c |   7 1.0   19    13M  104  373  78%    10M |  99.9   n/a   1   27  1.50M    6   13  68%  81.9M    n/a  n/a
   1   4d |   7 1.0   19    14M  100  358  78%    10M |  99.9   ovl   1   27   775k    3   14  82%  81.9M  -968n  n/a
   1   4e |   7 1.0    0      0    0    0   0%    10M |   n/a   n/a   1    0      0    0    0   0%  81.9M    n/a  n/a
   1   4f |   7 1.0   19    13M  103  377  78%    10M |  99.9   n/a   1   27  2.01M    8   16  66%  81.9M    n/a  n/a
   1   50 |   7 1.0   19    14M  104  406  79%    10M |  99.9   n/a   1   27   516k    2   15  88%  81.9M    n/a  n/a
   1   51 |   7 1.0   19    14M  105  374  78%    10M |  99.9   n/a   1   27  2.29M    9   16  64%  81.9M    n/a  n/a
   1   52 |   7 1.0    0      0    0    0   0%    10M |   n/a   n/a   1    0      0    0    0   0%  81.9M    n/a  n/a
   1   53 |   7 1.0    0      0    0    0   0%    10M |   n/a   n/a   1    0      0    0    0   0%  81.9M    n/a  n/a
   2   54 |   7 1.0   19    12M   84  383  82%    10M |  99.9   ovl   1   27  2.78M   11   16  59%  81.9M  -174n  n/a
   2   55 |   7 1.0   19    15M  110  319  74%    10M |  99.9   ovl   1   27  1.02M    4   13  76%  81.9M   211n  n/a
   2   56 |   7 1.0   19    15M  113  305  72%    10M |  99.9   ovl   1   27  3.28M   13   13  50%  81.9M   846n  n/a
   2   57 |   7 1.0   19    15M  115  308  72%    10M |  99.9   n/a   1   27   762k    3   15  83%  81.9M    n/a  n/a
   2   58 |   7 1.0    0      0    0    0   0%    10M |   n/a   n/a   1    0      0    0    0   0%  81.9M    n/a  n/a
   2   59 |   7 1.0   19    15M  105  294  73%    10M |  99.9   n/a   1   27  2.03M    8   12  60%  81.9M    n/a  n/a
   2   5a |   7 1.0    0      0    0    0   0%    10M |   n/a   n/a   1    0      0    0    0   0%  81.9M    n/a  n/a
   2   5b |   7 1.0    0      0    0    0   0%    10M |   n/a   n/a   1    0      0    0    0   0%  81.9M    n/a  n/a
   3   5c |   7 1.0   19    13M   98  430  81%    10M |  99.9   n/a   1   27  1.79M    7    9  56%  81.9M    n/a  n/a
   3   5d |   7 1.0   19    13M   92  447  82%    10M |  99.9   n/a   1   27  1.54M    6   10  62%  81.9M    n/a  n/a
   3   5e |   7 1.0   19    13M  103  398  79%    10M |  99.9   n/a   1   27  2.75M   11   10  47%  81.9M    n/a  n/a
   3   5f |   7 1.0    0      0    0    0   0%    10M |   n/a   n/a   1    0      0    0    0   0%  81.9M    n/a  n/a
   3   60 |   7 1.0   19    12M   91  440  82%    10M |  99.9   ovl   1   27  1.53M    6   12  66%  81.9M   155n  n/a
   3   61 |   7 1.0   19    13M   95  434  82%    10M |  99.9   ovl   1   27  2.77M   11   12  52%  81.9M  -771n  n/a
   3   62 |   7 1.0   19    12M   93  416  81%    10M |  99.9   n/a   1   27  1.79M    7    9  56%  81.9M    n/a  n/a
   3   63 |   7 1.0    0      0    0    0   0%    10M |   n/a   n/a   1    0      0    0    0   0%  81.9M    n/a  n/a
   0   44 |   7 1.0   19    10M   75  524  87%    10M |  99.9   n/a   1   27  1.27M    5   11  68%  81.9M    n/a  n/a
   0   45 |   7 1.0   19    10M   69  606  89%    10M |  99.9   n/a   1   27  1.25M    5    8  61%  81.9M    n/a  n/a
   0   46 |   7 1.0   19    10M   71  603  89%    10M |  99.9   n/a   1   27  2.28M    9   10  52%  81.9M    n/a  n/a
   0   47 |   7 1.0    0      0    0    0   0%    10M |   n/a   n/a   1    0      0    0    0   0%  81.9M    n/a  n/a
   0   48 |   7 1.0   19    11M   78  585  88%    10M |  99.9   n/a   1   27   754k    3   10  76%  81.9M    n/a  n/a
   0   49 |   7 1.0    0      0    0    0   0%    10M |   n/a   n/a   1    0      0    0    0   0%  81.9M    n/a  n/a
   0   4a |   7 1.0   19    10M   74  590  88%    10M |  99.9   n/a   1   27  1.78M    7   12  63%  81.9M    n/a  n/a
   0   4b |   7 1.0   19    10M   68  626  90%    10M |  99.9   n/a   1   27  1.52M    6    9  60%  81.9M    n/a  n/a
   1   4c |   7 1.0   19    11M   80  463  85%    10M |  99.9   n/a   1   27   512k    2   12  85%  81.9M    n/a  n/a
   1   4d |   7 1.0   19    11M   88  405  82%    10M |  99.9   ovl   1   27  2.02M    8   12  60%  81.9M     8n  n/a
   1   4e |   7 1.0    0      0    0    0   0%    10M |   n/a   n/a   1    0      0    0    0   0%  81.9M    n/a  n/a
   1   4f |   7 1.0   19    11M   96  439  82%    10M |  99.9   n/a   1   27   500k    2   12  85%  81.9M    n/a  n/a
   1   50 |   7 1.0   19    11M   94  465  83%    10M |  99.9   ovl   1   27  1.02M    4   13  76%  81.9M  -968n  n/a
   1   51 |   7 1.0   19    11M   86  392  82%    10M |  99.9   n/a   1   27  1.54M    6   12  66%  81.9M    n/a  n/a
   1   52 |   7 1.0    0      0    0    0   0%    10M |   n/a   n/a   1    0      0    0    0   0%  81.9M    n/a  n/a
   1   53 |   7 1.0    0      0    0    0   0%    10M |   n/a   n/a   1    0      0    0    0   0%  81.9M    n/a  n/a
   2   54 |   7 1.0   19    15M  107  277  72%    10M |  99.9   ovl   1   27  4.86M   19   11  36%  81.9M   170n  n/a
   2   55 |   7 1.0   19    15M  116  288  71%    10M |  99.9   ovl   1   27  2.54M   10   12  54%  81.9M    55n  n/a
   2   56 |   7 1.0   19    15M  111  265  70%    10M |  99.9   ovl   1   27  3.75M   15   11  42%  81.9M  -219n  n/a
   2   57 |   7 1.0   19    15M  115  295  71%    10M |  99.9   ovl   1   27  2.02M    8   11  57%  81.9M  -174n  n/a
   2   58 |   7 1.0    0      0    0    0   0%    10M |   n/a   n/a   1    0      0    0    0   0%  81.9M    n/a  n/a
   2   59 |   7 1.0   19    15M  118  301  71%    10M |  99.9   n/a   1   27  1.26M    5   12  70%  81.9M    n/a  n/a
   2   5a |   7 1.0    0      0    0    0   0%    10M |   n/a   n/a   1    0      0    0    0   0%  81.9M    n/a  n/a
   2   5b |   7 1.0    0      0    0    0   0%    10M |   n/a   n/a   1    0      0    0    0   0%  81.9M    n/a  n/a
   3   5c |   7 1.0   19    14M   95  389  80%    10M |  99.9   ovl   1   27  1.80M    7   10  58%  81.9M    50n  n/a
   3   5d |   7 1.0   19    13M   86  406  82%    10M |  99.9   ovl   1   27  3.07M   12    7  36%  81.9M   359n  n/a
   3   5e |   7 1.0   19    12M   84  456  84%    10M |  99.9   ovl   1   27  2.03M    8    9  52%  81.9M   765n  n/a
   3   5f |   7 1.0    0      0    0    0   0%    10M |   n/a   n/a   1    0      0    0    0   0%  81.9M    n/a  n/a
   3   60 |   7 1.0   19    13M   85  402  82%    10M |  99.9   ovl   1   27  1.77M    7   14  66%  81.9M   155n  n/a
   3   61 |   7 1.0   19    13M   89  450  83%    10M |  99.9   ovl   1   27  4.32M   17    7  29%  81.9M   562n  n/a
   3   62 |   7 1.0   19    13M   85  398  82%    10M |  99.9   ovl   1   27  2.80M   11    9  45%  81.9M   229n  n/a
   3   63 |   7 1.0    0      0    0    0   0%    10M |   n/a   n/a   1    0      0    0    0   0%  81.9M    n/a  n/a

          |--------------------DL---------------------|-------------------------------UL-----------------------------
 pci rnti | cqi  ri  mcs  brate   ok  nok  (%)  dl_bs | pusch  rsrp  ri  mcs  brate   ok  nok  (%)    bsr     ta  phr
   0   44 |   7 1.0   19    13M   90  404  81%    10M |  99.9   n/a   1   27  3.03M   12   10  45%  81.9M    n/a  n/a
   0   45 |   7 1.0   19    12M   90  401  81%    10M |  99.9   n/a   1   27  2.53M   10   12  54%  81.9M    n/a  n/a
   0   46 |   7 1.0   19    13M   92  456  83%    10M |  99.9   n/a   1   27  1.51M    6    8  57%  81.9M    n/a  n/a
   0   47 |   7 1.0    0      0    0    0   0%    10M |   n/a   n/a   1    0      0    0    0   0%  81.9M    n/a  n/a
   0   48 |   7 1.0   19    13M   98  426  81%    10M |  99.9   n/a   1   27  1.27M    5    9  64%  81.9M    n/a  n/a
   0   49 |   7 1.0    0      0    0    0   0%    10M |   n/a   n/a   1    0      0    0    0   0%  81.9M    n/a  n/a
   0   4a |   7 1.0   19    13M   90  439  82%    10M |  99.9   n/a   1   27   525k    2    9  81%  81.9M    n/a  n/a
   0   4b |   7 1.0   19    13M   95  386  80%    10M |  99.9   n/a   1   27  2.26M    9   12  57%  81.9M    n/a  n/a
   1   4c |   7 1.0   19    15M  108  331  75%    10M |  99.9   ovl   1   27  2.51M   10   12  54%  81.9M  -968n  n/a
   1   4d |   7 1.0   19    15M  117  330  73%    10M |  99.9   ovl   1   27  2.02M    8   14  63%  81.9M  -126n  n/a
   1   4e |   7 1.0    0      0    0    0   0%    10M |   n/a   n/a   1    0      0    0    0   0%  81.9M    n/a  n/a
   1   4f |   7 1.0   19    15M  106  336  76%    10M |  99.9   ovl   1   27  2.28M    9   12  57%  81.9M  -242n  n/a
   1   50 |   7 1.0   19    15M  117  376  76%    10M |  99.9   ovl   1   27  1.75M    7   12  63%  81.9M   447n  n/a
   1   51 |   7 1.0   19    14M  113  338  74%    10M |  99.9   ovl   1   27  2.04M    8   12  60%  81.9M  -968n  n/a
   1   52 |   7 1.0    0      0    0    0   0%    10M |   n/a   n/a   1    0      0    0    0   0%  81.9M    n/a  n/a
   1   53 |   7 1.0    0      0    0    0   0%    10M |   n/a   n/a   1    0      0    0    0   0%  81.9M    n/a  n/a
   2   54 |   7 1.0   19    12M  105  378  78%    10M |  99.9   ovl   1   27  2.03M    8   12  60%  81.9M    64n  n/a
   2   55 |   7 1.0   19    13M   95  362  79%    10M |  99.9   ovl   1   27  1.77M    7   15  68%  81.9M    69n  n/a
   2   56 |   7 1.0   19    13M  108  405  78%    10M |  99.9   ovl   1   27  1.51M    6   12  66%  81.9M    75n  n/a
   2   57 |   7 1.0   19    14M  111  374  77%    10M |  99.9   ovl   1   27  1.77M    7   14  66%  81.9M    93n  n/a
   2   58 |   7 1.0    0      0    0    0   0%    10M |   n/a   n/a   1    0      0    0    0   0%  81.9M    n/a  n/a
   2   59 |   7 1.0   19    14M  112  371  76%    10M |  99.9   n/a   1   27  2.28M    9   12  57%  81.9M    n/a  n/a
   2   5a |   7 1.0    0      0    0    0   0%    10M |   n/a   n/a   1    0      0    0    0   0%  81.9M    n/a  n/a
   2   5b |   7 1.0    0      0    0    0   0%    10M |   n/a   n/a   1    0      0    0    0   0%  81.9M    n/a  n/a
   3   5c |   7 1.0   19    13M  100  370  78%    10M |  99.9   ovl   1   27  1.28M    5    7  58%  81.9M   766n  n/a
   3   5d |   7 1.0   19    13M  100  392  79%    10M |  99.9   n/a   1   27  1.78M    7    9  56%  81.9M    n/a  n/a
   3   5e |   7 1.0   19    14M  111  310  73%    10M |  99.9   ovl   1   27  2.53M   10   12  54%  81.9M   693n  n/a
   3   5f |   7 1.0    0      0    0    0   0%    10M |   n/a   n/a   1    0      0    0    0   0%  81.9M    n/a  n/a
   3   60 |   7 1.0   19    13M  101  407  80%    10M |  99.9   n/a   1   27  2.54M   10    6  37%  81.9M    n/a  n/a
   3   61 |   7 1.0   19    13M   98  405  80%    10M |  99.9   ovl   1   27  3.02M   12   10  45%  81.9M   155n  n/a
   3   62 |   7 1.0   19    13M  102  369  78%    10M |  99.9   n/a   1   27  1.76M    7   14  66%  81.9M    n/a  n/a
   3   63 |   7 1.0    0      0    0    0   0%    10M |   n/a   n/a   1    0      0    0    0   0%  81.9M    n/a  n/a
   0   44 |   7 1.0   19    10M   70  512  87%    10M |  99.9   ovl   1   27  2.28M    9   14  60%  81.9M    32n  n/a
   0   45 |   7 1.0   19    11M   81  490  85%    10M |  99.9   n/a   1   27  1.02M    4   14  77%  81.9M    n/a  n/a
   0   46 |   7 1.0   19    12M   91  446  83%    10M |  99.9   ovl   1   27  2.55M   10    9  47%  81.9M    -1u  n/a
   0   47 |   7 1.0    0      0    0    0   0%    10M |   n/a   n/a   1    0      0    0    0   0%  81.9M    n/a  n/a
   0   48 |   7 1.0   19    12M   84  475  84%    10M |  99.9   n/a   1   27  1.02M    4   15  78%  81.9M    n/a  n/a
   0   49 |   7 1.0    0      0    0    0   0%    10M |   n/a   n/a   1    0      0    0    0   0%  81.9M    n/a  n/a
   0   4a |   7 1.0   19    11M   85  495  85%    10M |  99.9   n/a   1   27  1.27M    5   14  73%  81.9M    n/a  n/a
   0   4b |   7 1.0   19    11M   79  486  86%    10M |  99.9   n/a   1   27  1.25M    5    9  64%  81.9M    n/a  n/a
   1   4c |   7 1.0   19    12M   93  415  81%    10M |  99.9   n/a   1   27   746k    3   14  82%  81.9M    n/a  n/a
   1   4d |   7 1.0   19    13M   99  411  80%    10M |  99.9   ovl   1   27  1.27M    5   12  70%  81.9M   484n  n/a
   1   4e |   7 1.0    0      0    0    0   0%    10M |   n/a   n/a   1    0      0    0    0   0%  81.9M    n/a  n/a
   1   4f |   7 1.0   19    14M   99  390  79%    10M |  99.9   n/a   1   27  2.02M    8   12  60%  81.9M    n/a  n/a
   1   50 |   7 1.0   19    14M  105  411  79%    10M |  99.9   n/a   1   27  1.77M    7   12  63%  81.9M    n/a  n/a
   1   51 |   7 1.0   19    12M   92  383  80%    10M |  99.9   n/a   1   27  2.03M    8   12  60%  81.9M    n/a  n/a
   1   52 |   7 1.0    0      0    0    0   0%    10M |   n/a   n/a   1    0      0    0    0   0%  81.9M    n/a  n/a
   1   53 |   7 1.0    0      0    0    0   0%    10M |   n/a   n/a   1    0      0    0    0   0%  81.9M    n/a  n/a
   2   54 |   7 1.0   19    13M  110  405  78%    10M |  99.9   n/a   1   27  1.77M    7   12  63%  81.9M    n/a  n/a
   2   55 |   7 1.0   19    13M  101  335  76%    10M |  99.9   ovl   1   27  1.28M    5   12  70%  81.9M    64n  n/a
   2   56 |   7 1.0   19    14M  108  343  76%    10M |  99.9   ovl   1   27  1.02M    4   13  76%  81.9M  -659n  n/a
   2   57 |   7 1.0   19    13M  103  341  76%    10M |  99.9   ovl   1   27  2.02M    8   12  60%  81.9M   846n  n/a
   2   58 |   7 1.0    0      0    0    0   0%    10M |   n/a   n/a   1    0      0    0    0   0%  81.9M    n/a  n/a
   2   59 |   7 1.0   19    13M  100  359  78%    10M |  99.9   ovl   1   27  1.26M    5   16  76%  81.9M   846n  n/a
   2   5a |   7 1.0    0      0    0    0   0%    10M |   n/a   n/a   1    0      0    0    0   0%  81.9M    n/a  n/a
   2   5b |   7 1.0    0      0    0    0   0%    10M |   n/a   n/a   1    0      0    0    0   0%  81.9M    n/a  n/a
   3   5c |   7 1.0   19    16M   99  428  81%    10M |  99.9   ovl   1   27  3.29M   13   12  48%  81.9M   693n  n/a
   3   5d |   7 1.0   19    16M  109  420  79%    10M |  99.9   n/a   1   27  1.53M    6   12  66%  81.9M    n/a  n/a
   3   5e |   7 1.0   19    16M  105  398  79%    10M |  99.9   ovl   1   27  2.01M    8    9  52%  81.9M  -771n  n/a
   3   5f |   7 1.0    0      0    0    0   0%    10M |   n/a   n/a   1    0      0    0    0   0%  81.9M    n/a  n/a
   3   60 |   7 1.0   19    16M  107  375  77%    10M |  99.9   n/a   1   27  2.77M   11   11  50%  81.9M    n/a  n/a
   3   61 |   7 1.0   19    15M   99  388  79%    10M |  99.9   ovl   1   27  1.27M    5    9  64%  81.9M    -3n  n/a
   3   62 |   7 1.0   19    16M  106  397  78%    10M |  99.9   n/a   1   27  2.78M   11    7  38%  81.9M    n/a  n/a
   3   63 |   7 1.0    0      0    0    0   0%    10M |   n/a   n/a   1    0      0    0    0   0%  81.9M    n/a  n/a
   0   44 |   7 1.0   19    13M   91  364  80%    10M |  99.9   ovl   1   27  2.79M   11   11  50%  81.9M  -895n  n/a
   0   45 |   7 1.0   19    12M  100  364  78%    10M |  99.9   n/a   1   27  1.27M    5   11  68%  81.9M    n/a  n/a
   0   46 |   7 1.0   19    13M   99  408  80%    10M |  99.9   n/a   1   27  2.28M    9    9  50%  81.9M    n/a  n/a
   0   47 |   7 1.0    0      0    0    0   0%    10M |   n/a   n/a   1    0      0    0    0   0%  81.9M    n/a  n/a
   0   48 |   7 1.0   19    13M   91  383  80%    10M |  99.9   n/a   1   27  2.03M    8    7  46%  81.9M    n/a  n/a
   0   49 |   7 1.0    0      0    0    0   0%    10M |   n/a   n/a   1    0      0    0    0   0%  81.9M    n/a  n/a
   0   4a |   7 1.0   19    13M   97  377  79%    10M |  99.9   n/a   1   27  1.77M    7   14  66%  81.9M    n/a  n/a
   0   4b |   7 1.0   19    12M   96  408  80%    10M |  99.9   n/a   1   27  2.26M    9    9  50%  81.9M    n/a  n/a
   1   4c |   7 1.0   19    14M  117  373  76%    10M |  99.9   n/a   1   27  1.75M    7   14  66%  81.9M    n/a  n/a
   1   4d |   7 1.0   19    15M  112  365  76%    10M |  99.9   n/a   1   27  1.27M    5   12  70%  81.9M    n/a  n/a
   1   4e |   7 1.0    0      0    0    0   0%    10M |   n/a   n/a   1    0      0    0    0   0%  81.9M    n/a  n/a
   1   4f |   7 1.0   19    13M  103  372  78%    10M |  99.9   n/a   1   27  1.26M    5   12  70%  81.9M    n/a  n/a
   1   50 |   7 1.0   19    15M  117  324  73%    10M |  99.9   n/a   1   27  1.27M    5   12  70%  81.9M    n/a  n/a
   1   51 |   7 1.0   19    15M  115  325  73%    10M |  99.9   ovl   1   27  1.51M    6   12  66%  81.9M  -968n  n/a
   1   52 |   7 1.0    0      0    0    0   0%    10M |   n/a   n/a   1    0      0    0    0   0%  81.9M    n/a  n/a
   1   53 |   7 1.0    0      0    0    0   0%    10M |   n/a   n/a   1    0      0    0    0   0%  81.9M    n/a  n/a
   2   54 |   7 1.0   19    15M  114  336  74%    10M |  99.9   ovl   1   27  2.01M    8   12  60%  81.9M   846n  n/a
   2   55 |   7 1.0   19    15M  117  344  74%    10M |  99.9   ovl   1   27  1.75M    7   12  63%  81.9M  -660n  n/a
   2   56 |   7 1.0   19    14M  109  301  73%    10M |  99.9   n/a   1   27  1.52M    6   15  71%  81.9M    n/a  n/a
   2   57 |   7 1.0   19    14M   99  330  76%    10M |  99.9   ovl   1   27  1.52M    6   12  66%  81.9M  -659n  n/a
   2   58 |   7 1.0    0      0    0    0   0%    10M |   n/a   n/a   1    0      0    0    0   0%  81.9M    n/a  n/a
   2   59 |   7 1.0   19    15M  113  343  75%    10M |  99.9   ovl   1   27  2.29M    9   12  57%  81.9M   424n  n/a
   2   5a |   7 1.0    0      0    0    0   0%    10M |   n/a   n/a   1    0      0    0    0   0%  81.9M    n/a  n/a
   2   5b |   7 1.0    0      0    0    0   0%    10M |   n/a   n/a   1    0      0    0    0   0%  81.9M    n/a  n/a

          |--------------------DL---------------------|-------------------------------UL-----------------------------
 pci rnti | cqi  ri  mcs  brate   ok  nok  (%)  dl_bs | pusch  rsrp  ri  mcs  brate   ok  nok  (%)    bsr     ta  phr
   3   5c |   7 1.0   19    10M   79  495  86%    10M |  99.9   n/a   1   27  1.03M    4   10  71%  81.9M    n/a  n/a
   3   5d |   7 1.0   19    11M   79  500  86%    10M |  99.9   ovl   1   27   512k    2   11  84%  81.9M  -771n  n/a
   3   5e |   7 1.0   19    11M   83  473  85%    10M |  99.9   ovl   1   27  1.03M    4   10  71%  81.9M   155n  n/a
   3   5f |   7 1.0    0      0    0    0   0%    10M |   n/a   n/a   1    0      0    0    0   0%  81.9M    n/a  n/a
   3   60 |   7 1.0   19    11M   91  458  83%    10M |  99.9   ovl   1   27  2.28M    9   11  55%  81.9M   155n  n/a
   3   61 |   7 1.0   19    12M   88  473  84%    10M |  99.9   n/a   1   27  2.28M    9    9  50%  81.9M    n/a  n/a
   3   62 |   7 1.0   19    12M   84  472  84%    10M |  99.9   n/a   1   27  1.54M    6   13  68%  81.9M    n/a  n/a
   3   63 |   7 1.0    0      0    0    0   0%    10M |   n/a   n/a   1    0      0    0    0   0%  81.9M    n/a  n/a
   0   44 |   7 1.0   19    14M   94  348  78%    10M |  99.9   n/a   1   27  1.00M    4    9  69%  81.9M    n/a  n/a
   0   45 |   7 1.0   19    15M  112  315  73%    10M |  99.9   ovl   1   27  2.31M    9    9  50%  81.9M  -895n  n/a
   0   46 |   7 1.0   19    15M  106  311  74%    10M |  99.9   n/a   1   27  1.51M    6   16  72%  81.9M    n/a  n/a
   0   47 |   7 1.0    0      0    0    0   0%    10M |   n/a   n/a   1    0      0    0    0   0%  81.9M    n/a  n/a
   0   48 |   7 1.0   19    16M  121  281  69%    10M |  99.9   ovl   1   27  3.03M   12    8  40%  81.9M    32n  n/a
   0   49 |   7 1.0    0      0    0    0   0%    10M |   n/a   n/a   1    0      0    0    0   0%  81.9M    n/a  n/a
   0   4a |   7 1.0   19    15M  105  283  72%    10M |  99.9   n/a   1   27  3.05M   12   10  45%  81.9M    n/a  n/a
   0   4b |   7 1.0   19    15M  119  323  73%    10M |  99.9   n/a   1   27  2.03M    8   14  63%  81.9M    n/a  n/a
   1   4c |   7 1.0   19    14M   95  377  79%    10M |  99.9   n/a   1   27  1.53M    6   16  72%  81.9M    n/a  n/a
   1   4d |   7 1.0   19    14M  103  389  79%    10M |  99.9   n/a   1   27   766k    3   16  84%  81.9M    n/a  n/a
   1   4e |   7 1.0    0      0    0    0   0%    10M |   n/a   n/a   1    0      0    0    0   0%  81.9M    n/a  n/a
   1   4f |   7 1.0   19    14M  105  374  78%    10M |  99.9   n/a   1   27  1.51M    6   16  72%  81.9M    n/a  n/a
   1   50 |   7 1.0   19    14M  117  381  76%    10M |  99.9   ovl   1   27  1.26M    5   16  76%  81.9M   409n  n/a
   1   51 |   7 1.0   19    13M  100  364  78%    10M |  99.9   n/a   1   27  1.53M    6   16  72%  81.9M    n/a  n/a
   1   52 |   7 1.0    0      0    0    0   0%    10M |   n/a   n/a   1    0      0    0    0   0%  81.9M    n/a  n/a
   1   53 |   7 1.0    0      0    0    0   0%    10M |   n/a   n/a   1    0      0    0    0   0%  81.9M    n/a  n/a
   2   54 |   7 1.0   19    13M   96  406  80%    10M |  99.9   ovl   1   27  1.76M    7   16  69%  81.9M  -660n  n/a
   2   55 |   7 1.0   19    13M   94  390  80%    10M |  99.9   n/a   1   27   754k    3   16  84%  81.9M    n/a  n/a
   2   56 |   7 1.0   19    14M  103  420  80%    10M |  99.9   n/a   1   27  1.52M    6   16  72%  81.9M    n/a  n/a
   2   57 |   7 1.0   19    13M   95  407  81%    10M |  99.9   n/a   1   27   754k    3   16  84%  81.9M    n/a  n/a
   2   58 |   7 1.0    0      0    0    0   0%    10M |   n/a   n/a   1    0      0    0    0   0%  81.9M    n/a  n/a
   2   59 |   7 1.0   19    14M   99  346  77%    10M |  99.9   n/a   1   27   500k    2   16  88%  81.9M    n/a  n/a
   2   5a |   7 1.0    0      0    0    0   0%    10M |   n/a   n/a   1    0      0    0    0   0%  81.9M    n/a  n/a
   2   5b |   7 1.0    0      0    0    0   0%    10M |   n/a   n/a   1    0      0    0    0   0%  81.9M    n/a  n/a
   3   5c |   7 1.0   19    15M  104  360  77%    10M |  99.9   ovl   1   27  2.25M    9   14  60%  81.9M  -771n  n/a
   3   5d |   7 1.0   19    15M  101  378  78%    10M |  99.9   n/a   1   27  2.53M   10   13  56%  81.9M    n/a  n/a
   3   5e |   7 1.0   19    14M   98  395  80%    10M |  99.9   ovl   1   27  2.28M    9   13  59%  81.9M   693n  n/a
   3   5f |   7 1.0    0      0    0    0   0%    10M |   n/a   n/a   1    0      0    0    0   0%  81.9M    n/a  n/a
   3   60 |   7 1.0   19    14M  102  428  80%    10M |  99.9   ovl   1   27  2.04M    8   12  60%  81.9M  -771n  n/a
   3   61 |   7 1.0   19    15M  109  419  79%    10M |  99.9   n/a   1   27   742k    3   13  81%  81.9M    n/a  n/a
   3   62 |   7 1.0   19    15M  110  367  76%    10M |  99.9   ovl   1   27  1.27M    5   10  66%  81.9M   155n  n/a
   3   63 |   7 1.0    0      0    0    0   0%    10M |   n/a   n/a   1    0      0    0    0   0%  81.9M    n/a  n/a
   0   44 |   7 1.0   19    11M   81  478  85%    10M |  99.9   n/a   1   27  1.52M    6   10  62%  81.9M    n/a  n/a
   0   45 |   7 1.0   19   9.7M   80  544  87%    10M |  99.9   n/a   1   27  1.77M    7   15  68%  81.9M    n/a  n/a
   0   46 |   7 1.0   19    10M   70  573  89%    10M |  99.9   n/a   1   27  1.28M    5   15  75%  81.9M    n/a  n/a
   0   47 |   7 1.0    0      0    0    0   0%    10M |   n/a   n/a   1    0      0    0    0   0%  81.9M    n/a  n/a
   0   48 |   7 1.0   19    11M   77  470  85%    10M |  99.9   n/a   1   27   262k    1   12  92%  81.9M    n/a  n/a
   0   49 |   7 1.0    0      0    0    0   0%    10M |   n/a   n/a   1    0      0    0    0   0%  81.9M    n/a  n/a
   0   4a |   7 1.0   19   9.5M   68  563  89%    10M |  99.9   n/a   1   27  1.50M    6   11  64%  81.9M    n/a  n/a
   0   4b |   7 1.0   19    10M   80  546  87%    10M |  99.9   n/a   1   27   762k    3   11  78%  81.9M    n/a  n/a
   1   4c |   7 1.0   19    13M   99  363  78%    10M |  99.9   ovl   1   27  1.51M    6   12  66%  81.9M  -242n  n/a
   1   4d |   7 1.0   19    14M  105  355  77%    10M |  99.9   n/a   1   27  1.01M    4   12  75%  81.9M    n/a  n/a
   1   4e |   7 1.0    0      0    0    0   0%    10M |   n/a   n/a   1    0      0    0    0   0%  81.9M    n/a  n/a
   1   4f |   7 1.0   19    14M  107  352  76%    10M |  99.9   ovl   1   27  3.80M   15   12  44%  81.9M   386n  n/a
   1   50 |   7 1.0   19    14M   89  374  80%    10M |  99.9   ovl   1   27  2.03M    8   12  60%  81.9M   106n  n/a
   1   51 |   7 1.0   19    14M  105  395  79%    10M |  99.9   ovl   1   27  2.27M    9   12  57%  81.9M  -336n  n/a
   1   52 |   7 1.0    0      0    0    0   0%    10M |   n/a   n/a   1    0      0    0    0   0%  81.9M    n/a  n/a
   1   53 |   7 1.0    0      0    0    0   0%    10M |   n/a   n/a   1    0      0    0    0   0%  81.9M    n/a  n/a
   2   54 |   7 1.0   19    13M  100  411  80%    10M |  99.9   ovl   1   27  3.54M   14   12  46%  81.9M  -111n  n/a
   2   55 |   7 1.0   19    12M  103  445  81%    10M |  99.9   n/a   1   27   762k    3   12  80%  81.9M    n/a  n/a
   2   56 |   7 1.0   19    12M   89  453  83%    10M |  99.9   ovl   1   27  1.52M    6   12  66%  81.9M  -660n  n/a
   2   57 |   7 1.0   19    12M   90  431  82%    10M |  99.9   n/a   1   27  1.27M    5   12  70%  81.9M    n/a  n/a
   2   58 |   7 1.0    0      0    0    0   0%    10M |   n/a   n/a   1    0      0    0    0   0%  81.9M    n/a  n/a
   2   59 |   7 1.0   19    13M  100  393  79%    10M |  99.9   n/a   1   27   754k    3   12  80%  81.9M    n/a  n/a
   2   5a |   7 1.0    0      0    0    0   0%    10M |   n/a   n/a   1    0      0    0    0   0%  81.9M    n/a  n/a
   2   5b |   7 1.0    0      0    0    0   0%    10M |   n/a   n/a   1    0      0    0    0   0%  81.9M    n/a  n/a
   3   5c |   7 1.0   19    10M   68  552  89%    10M |  99.9   n/a   1   27  1.25M    5   10  66%  81.9M    n/a  n/a
   3   5d |   7 1.0   19    10M   72  533  88%    10M |  99.9   n/a   1   27   250k    1   14  93%  81.9M    n/a  n/a
   3   5e |   7 1.0   19    10M   78  444  85%    10M |  99.9   ovl   1   27  1.78M    7   10  58%  81.9M   155n  n/a
   3   5f |   7 1.0    0      0    0    0   0%    10M |   n/a   n/a   1    0      0    0    0   0%  81.9M    n/a  n/a
   3   60 |   7 1.0   19   9.9M   70  507  87%    10M |  99.9   n/a   1   27  1.02M    4    8  66%  81.9M    n/a  n/a
   3   61 |   7 1.0   19    10M   80  489  85%    10M |  99.9   n/a   1   27  1.26M    5    9  64%  81.9M    n/a  n/a
   3   62 |   7 1.0   19    10M   73  537  88%    10M |  99.9   ovl   1   27   766k    3   12  80%  81.9M   155n  n/a
   3   63 |   7 1.0    0      0    0    0   0%    10M |   n/a   n/a   1    0      0    0    0   0%  81.9M    n/a  n/a
   0   44 |   7 1.0   19    11M   79  586  88%    10M |  99.9   n/a   1   27  1.26M    5    7  58%  81.9M    n/a  n/a
   0   45 |   7 1.0   19    11M   72  545  88%    10M |  99.9   n/a   1   27  1.77M    7   11  61%  81.9M    n/a  n/a
   0   46 |   7 1.0   19    11M   82  535  86%    10M |  99.9   n/a   1   27  1.26M    5   12  70%  81.9M    n/a  n/a
   0   47 |   7 1.0    0      0    0    0   0%    10M |   n/a   n/a   1    0      0    0    0   0%  81.9M    n/a  n/a
   0   48 |   7 1.0   19    11M   76  525  87%    10M |  99.9   n/a   1   27  1.78M    7    8  53%  81.9M    n/a  n/a
   0   49 |   7 1.0    0      0    0    0   0%    10M |   n/a   n/a   1    0      0    0    0   0%  81.9M    n/a  n/a
   0   4a |   7 1.0   19    12M   80  507  86%    10M |  99.9   n/a   1   27  1.26M    5   11  68%  81.9M    n/a  n/a
   0   4b |   7 1.0   19    11M   79  595  88%    10M |  99.9   n/a   1   27  1.26M    5   11  68%  81.9M    n/a  n/a
   1   4c |   7 1.0   19    13M  109  392  78%    10M |  99.9   ovl   1   27  1.52M    6   12  66%  81.9M  -968n  n/a
   1   4d |   7 1.0   19    15M  108  359  76%    10M |  99.9   ovl   1   27  2.03M    8   12  60%  81.9M  -431n  n/a
   1   4e |   7 1.0    0      0    0    0   0%    10M |   n/a   n/a   1    0      0    0    0   0%  81.9M    n/a  n/a
   1   4f |   7 1.0   19    14M  101  354  77%    10M |  99.9   n/a   1   27  1.27M    5   15  75%  81.9M    n/a  n/a
   1   50 |   7 1.0   19    14M  101  391  79%    10M |  99.9   ovl   1   27  2.03M    8   12  60%  81.9M   409n  n/a
   1   51 |   7 1.0   19    15M   97  308  76%    10M |  99.9   n/a   1   27  1.01M    4   16  80%  81.9M    n/a  n/a
   1   52 |   7 1.0    0      0    0    0   0%    10M |   n/a   n/a   1    0      0    0    0   0%  81.9M    n/a  n/a
   1   53 |   7 1.0    0      0    0    0   0%    10M |   n/a   n/a   1    0      0    0    0   0%  81.9M    n/a  n/a

          |--------------------DL---------------------|-------------------------------UL-----------------------------
 pci rnti | cqi  ri  mcs  brate   ok  nok  (%)  dl_bs | pusch  rsrp  ri  mcs  brate   ok  nok  (%)    bsr     ta  phr
   2   54 |   7 1.0   19    15M  108  394  78%    10M |  99.9   ovl   1   27  2.03M    8   14  63%  81.9M   606n  n/a
   2   55 |   7 1.0   19    15M  107  352  76%    10M |  99.9   n/a   1   27  2.29M    9   12  57%  81.9M    n/a  n/a
   2   56 |   7 1.0   19    14M   99  393  79%    10M |  99.9   ovl   1   27  2.03M    8   12  60%  81.9M    68n  n/a
   2   57 |   7 1.0   19    15M  106  364  77%    10M |  99.9   n/a   1   27  1.77M    7   12  63%  81.9M    n/a  n/a
   2   58 |   7 1.0    0      0    0    0   0%    10M |   n/a   n/a   1    0      0    0    0   0%  81.9M    n/a  n/a
   2   59 |   7 1.0   19    15M  114  362  76%    10M |  99.9   n/a   1   27  1.78M    7   12  63%  81.9M    n/a  n/a
   2   5a |   7 1.0    0      0    0    0   0%    10M |   n/a   n/a   1    0      0    0    0   0%  81.9M    n/a  n/a
   2   5b |   7 1.0    0      0    0    0   0%    10M |   n/a   n/a   1    0      0    0    0   0%  81.9M    n/a  n/a
   3   5c |   7 1.0   19    12M   82  458  84%    10M |  99.9   n/a   1   27  2.02M    8   14  63%  81.9M    n/a  n/a
   3   5d |   7 1.0   19    11M   76  557  87%    10M |  99.9   ovl   1   27  1.75M    7   11  61%  81.9M   693n  n/a
   3   5e |   7 1.0   19    12M   86  518  85%    10M |  99.9   n/a   1   27  1.53M    6   12  66%  81.9M    n/a  n/a
   3   5f |   7 1.0    0      0    0    0   0%    10M |   n/a   n/a   1    0      0    0    0   0%  81.9M    n/a  n/a
   3   60 |   7 1.0   19    11M   75  510  87%    10M |  99.9   n/a   1   27   508k    2   14  87%  81.9M    n/a  n/a
   3   61 |   7 1.0   19    11M   76  554  87%    10M |  99.9   n/a   1   27  1.52M    6   12  66%  81.9M    n/a  n/a
   3   62 |   7 1.0   19    12M   87  487  84%    10M |  99.9   ovl   1   27  1.75M    7   14  66%  81.9M   693n  n/a
   3   63 |   7 1.0    0      0    0    0   0%    10M |   n/a   n/a   1    0      0    0    0   0%  81.9M    n/a  n/a
   0   44 |   7 1.0   19    15M  120  376  75%    10M |  99.9   ovl   1   27  2.53M   10   11  52%  81.9M  -543n  n/a
   0   45 |   7 1.0   19    16M  111  359  76%    10M |  99.9   ovl   1   27  3.03M   12    9  42%  81.9M  -340n  n/a
   0   46 |   7 1.0   19    15M  103  356  77%    10M |  99.9   ovl   1   27  4.05M   16    8  33%  81.9M  -617n  n/a
   0   47 |   7 1.0    0      0    0    0   0%    10M |   n/a   n/a   1    0      0    0    0   0%  81.9M    n/a  n/a
   0   48 |   7 1.0   19    16M  108  364  77%    10M |  99.9   ovl   1   27  3.53M   14    8  36%  81.9M  -432n  n/a
   0   49 |   7 1.0    0      0    0    0   0%    10M |   n/a   n/a   1    0      0    0    0   0%  81.9M    n/a  n/a
   0   4a |   7 1.0   19    16M  109  345  75%    10M |  99.9   ovl   1   27  3.04M   12    9  42%  81.9M  -229n  n/a
   0   4b |   7 1.0   19    15M  101  349  77%    10M |  99.9   ovl   1   27  3.05M   12   10  45%  81.9M    -1u  n/a
   1   4c |   7 1.0   19    15M  109  324  74%    10M |  99.9   ovl   1   27  2.27M    9   12  57%  81.9M    84n  n/a
   1   4d |   7 1.0   19    16M  121  314  72%    10M |  99.9   ovl   1   27  1.77M    7   12  63%  81.9M  -968n  n/a
   1   4e |   7 1.0    0      0    0    0   0%    10M |   n/a   n/a   1    0      0    0    0   0%  81.9M    n/a  n/a
   1   4f |   7 1.0   19    16M  120  324  72%    10M |  99.9   n/a   1   27  1.77M    7    9  56%  81.9M    n/a  n/a
   1   50 |   7 1.0   19    16M  114  289  71%    10M |  99.9   ovl   1   27  1.78M    7   12  63%  81.9M   900n  n/a
   1   51 |   7 1.0   19    16M  121  312  72%    10M |  99.9   ovl   1   27  5.49M   22    9  29%  81.9M   362n  n/a
   1   52 |   7 1.0    0      0    0    0   0%    10M |   n/a   n/a   1    0      0    0    0   0%  81.9M    n/a  n/a
   1   53 |   7 1.0    0      0    0    0   0%    10M |   n/a   n/a   1    0      0    0    0   0%  81.9M    n/a  n/a
   2   54 |   7 1.0   19    15M  112  424  79%    10M |  99.9   n/a   1   27  2.01M    8   10  55%  81.9M    n/a  n/a
   2   55 |   7 1.0   19    14M  103  406  79%    10M |  99.9   ovl   1   27  1.79M    7   12  63%  81.9M    74n  n/a
   2   56 |   7 1.0   19    14M   99  435  81%    10M |  99.9   ovl   1   27  2.29M    9   12  57%  81.9M   361n  n/a
   2   57 |   7 1.0   19    14M  101  418  80%    10M |  99.9   ovl   1   27  2.29M    9   12  57%  81.9M  -298n  n/a
   2   58 |   7 1.0    0      0    0    0   0%    10M |   n/a   n/a   1    0      0    0    0   0%  81.9M    n/a  n/a
   2   59 |   7 1.0   19    15M  105  405  79%    10M |  99.9   ovl   1   27  1.78M    7   12  63%  81.9M  -174n  n/a
   2   5a |   7 1.0    0      0    0    0   0%    10M |   n/a   n/a   1    0      0    0    0   0%  81.9M    n/a  n/a
   2   5b |   7 1.0    0      0    0    0   0%    10M |   n/a   n/a   1    0      0    0    0   0%  81.9M    n/a  n/a
   3   5c |   7 1.0   19    12M   87  460  84%    10M |  99.9   n/a   1   27  2.01M    8    8  50%  81.9M    n/a  n/a
   3   5d |   7 1.0   19    13M  101  439  81%    10M |  99.9   n/a   1   27  1.49M    6    9  60%  81.9M    n/a  n/a
   3   5e |   7 1.0   19    12M   84  471  84%    10M |  99.9   n/a   1   27  2.27M    9    9  50%  81.9M    n/a  n/a
   3   5f |   7 1.0    0      0    0    0   0%    10M |   n/a   n/a   1    0      0    0    0   0%  81.9M    n/a  n/a
   3   60 |   7 1.0   19    13M   97  469  82%    10M |  99.9   n/a   1   27  2.03M    8    7  46%  81.9M    n/a  n/a
   3   61 |   7 1.0   19    12M   92  478  83%    10M |  99.9   n/a   1   27  1.26M    5    7  58%  81.9M    n/a  n/a
   3   62 |   7 1.0   19    12M   74  488  86%    10M |  99.9   n/a   1   27  2.01M    8    6  42%  81.9M    n/a  n/a
   3   63 |   7 1.0    0      0    0    0   0%    10M |   n/a   n/a   1    0      0    0    0   0%  81.9M    n/a  n/a
   0   44 |   7 1.0   19    13M   89  387  81%    10M |  99.9   ovl   1   27  3.54M   14    7  33%  81.9M  -895n  n/a
   0   45 |   7 1.0   19    14M  100  407  80%    10M |  99.9   ovl   1   27  2.26M    9   11  55%  81.9M  -895n  n/a
   0   46 |   7 1.0   19    14M   95  366  79%    10M |  99.9   ovl   1   27  1.79M    7   10  58%  81.9M   438n  n/a
   0   47 |   7 1.0    0      0    0    0   0%    10M |   n/a   n/a   1    0      0    0    0   0%  81.9M    n/a  n/a
   0   48 |   7 1.0   19    14M   99  414  80%    10M |  99.9   ovl   1   27  3.07M   12   11  47%  81.9M  -351n  n/a
   0   49 |   7 1.0    0      0    0    0   0%    10M |   n/a   n/a   1    0      0    0    0   0%  81.9M    n/a  n/a
   0   4a |   7 1.0   19    14M  100  383  79%    10M |  99.9   ovl   1   27  2.77M   11    8  42%  81.9M    32n  n/a
   0   4b |   7 1.0   19    13M   99  409  80%    10M |  99.9   ovl   1   27  2.26M    9   10  52%  81.9M    -1u  n/a
   1   4c |   7 1.0   19    14M  102  344  77%    10M |  99.9   n/a   1   27  1.27M    5   12  70%  81.9M    n/a  n/a
   1   4d |   7 1.0   19    13M   92  371  80%    10M |  99.9   ovl   1   27  2.80M   11   12  52%  81.9M   655n  n/a
   1   4e |   7 1.0    0      0    0    0   0%    10M |   n/a   n/a   1    0      0    0    0   0%  81.9M    n/a  n/a
   1   4f |   7 1.0   19    13M  107  348  76%    10M |  99.9   n/a   1   27  1.53M    6   12  66%  81.9M    n/a  n/a
   1   50 |   7 1.0   19    13M  103  386  78%    10M |  99.9   ovl   1   27  1.51M    6   12  66%  81.9M   112n  n/a
   1   51 |   7 1.0   19    14M  105  369  77%    10M |  99.9   n/a   1   27  1.77M    7   12  63%  81.9M    n/a  n/a
   1   52 |   7 1.0    0      0    0    0   0%    10M |   n/a   n/a   1    0      0    0    0   0%  81.9M    n/a  n/a
   1   53 |   7 1.0    0      0    0    0   0%    10M |   n/a   n/a   1    0      0    0    0   0%  81.9M    n/a  n/a
   2   54 |   7 1.0   19    14M   95  444  82%    10M |  99.9   ovl   1   27  2.52M   10   12  54%  81.9M   -79n  n/a
   2   55 |   7 1.0   19    13M   96  420  81%    10M |  99.9   n/a   1   27  2.02M    8   12  60%  81.9M    n/a  n/a
   2   56 |   7 1.0   19    12M   88  485  84%    10M |  99.9   n/a   1   27   500k    2   12  85%  81.9M    n/a  n/a
   2   57 |   7 1.0   19    13M   98  426  81%    10M |  99.9   n/a   1   27  2.02M    8   12  60%  81.9M    n/a  n/a
   2   58 |   7 1.0    0      0    0    0   0%    10M |   n/a   n/a   1    0      0    0    0   0%  81.9M    n/a  n/a
   2   59 |   7 1.0   19    13M   95  407  81%    10M |  99.9   n/a   1   27  1.28M    5   12  70%  81.9M    n/a  n/a
   2   5a |   7 1.0    0      0    0    0   0%    10M |   n/a   n/a   1    0      0    0    0   0%  81.9M    n/a  n/a
   2   5b |   7 1.0    0      0    0    0   0%    10M |   n/a   n/a   1    0      0    0    0   0%  81.9M    n/a  n/a
   3   5c |   7 1.0   19    13M  103  310  75%    10M |  99.9   ovl   1   27  2.53M   10   10  50%  81.9M   155n  n/a
   3   5d |   7 1.0   19    12M   92  403  81%    10M |  99.9   n/a   1   27  2.26M    9   12  57%  81.9M    n/a  n/a
   3   5e |   7 1.0   19    13M  102  351  77%    10M |  99.9   ovl   1   27  2.54M   10   12  54%  81.9M   765n  n/a
   3   5f |   7 1.0    0      0    0    0   0%    10M |   n/a   n/a   1    0      0    0    0   0%  81.9M    n/a  n/a
   3   60 |   7 1.0   19    13M   94  369  79%    10M |  99.9   ovl   1   27  2.02M    8    7  46%  81.9M   765n  n/a
   3   61 |   7 1.0   19    12M   95  358  79%    10M |  99.9   n/a   1   27  1.79M    7   10  58%  81.9M    n/a  n/a
   3   62 |   7 1.0   19    13M   91  358  79%    10M |  99.9   n/a   1   27  2.29M    9    9  50%  81.9M    n/a  n/a
   3   63 |   7 1.0    0      0    0    0   0%    10M |   n/a   n/a   1    0      0    0    0   0%  81.9M    n/a  n/a
   0   44 |   7 1.0   19    10M   73  525  87%    10M |  99.9   n/a   1   27   504k    2   14  87%  81.9M    n/a  n/a
   0   45 |   7 1.0   19    10M   81  499  86%    10M |  99.9   n/a   1   27  1.28M    5    6  54%  81.9M    n/a  n/a
   0   46 |   7 1.0   19   9.9M   73  587  88%    10M |  99.9   n/a   1   27  2.01M    8   10  55%  81.9M    n/a  n/a
   0   47 |   7 1.0    0      0    0    0   0%    10M |   n/a   n/a   1    0      0    0    0   0%  81.9M    n/a  n/a
   0   48 |   7 1.0   19    10M   81  541  86%    10M |  99.9   n/a   1   27   250k    1    8  88%  81.9M    n/a  n/a
   0   49 |   7 1.0    0      0    0    0   0%    10M |   n/a   n/a   1    0      0    0    0   0%  81.9M    n/a  n/a
   0   4a |   7 1.0   19    10M   69  552  88%    10M |  99.9   n/a   1   27  1.25M    5   12  70%  81.9M    n/a  n/a
   0   4b |   7 1.0   19    11M   80  562  87%    10M |  99.9   n/a   1   27  1.51M    6   10  62%  81.9M    n/a  n/a

          |--------------------DL---------------------|-------------------------------UL-----------------------------
 pci rnti | cqi  ri  mcs  brate   ok  nok  (%)  dl_bs | pusch  rsrp  ri  mcs  brate   ok  nok  (%)    bsr     ta  phr
   1   4c |   7 1.0   19    15M  115  297  72%    10M |  99.9   ovl   1   27  1.78M    7   12  63%  81.9M   409n  n/a
   1   4d |   7 1.0   19    14M  122  376  75%    10M |  99.9   ovl   1   27  2.78M   11   13  54%  81.9M   -86n  n/a
   1   4e |   7 1.0    0      0    0    0   0%    10M |   n/a   n/a   1    0      0    0    0   0%  81.9M    n/a  n/a
   1   4f |   7 1.0   19    15M  115  294  71%    10M |  99.9   n/a   1   27  1.25M    5   16  76%  81.9M    n/a  n/a
   1   50 |   7 1.0   19    13M  105  332  75%    10M |  99.9   ovl   1   27  3.02M   12   15  55%  81.9M   456n  n/a
   1   51 |   7 1.0   19    15M  117  359  75%    10M |  99.9   n/a   1   27  1.25M    5   12  70%  81.9M    n/a  n/a
   1   52 |   7 1.0    0      0    0    0   0%    10M |   n/a   n/a   1    0      0    0    0   0%  81.9M    n/a  n/a
   1   53 |   7 1.0    0      0    0    0   0%    10M |   n/a   n/a   1    0      0    0    0   0%  81.9M    n/a  n/a
   2   54 |   7 1.0   19    15M  109  359  76%    10M |  99.9   ovl   1   27  2.53M   10   15  60%  81.9M  -174n  n/a
   2   55 |   7 1.0   19    14M  118  386  76%    10M |  99.9   ovl   1   27  2.03M    8   12  60%  81.9M  -660n  n/a
   2   56 |   7 1.0   19    14M   93  403  81%    10M |  99.9   ovl   1   27  1.77M    7   12  63%  81.9M   846n  n/a
   2   57 |   7 1.0   19    15M  108  373  77%    10M |  99.9   ovl   1   27  2.28M    9   12  57%  81.9M  -100n  n/a
   2   58 |   7 1.0    0      0    0    0   0%    10M |   n/a   n/a   1    0      0    0    0   0%  81.9M    n/a  n/a
   2   59 |   7 1.0   19    15M  111  385  77%    10M |  99.9   ovl   1   27  1.76M    7   12  63%  81.9M   211n  n/a
   2   5a |   7 1.0    0      0    0    0   0%    10M |   n/a   n/a   1    0      0    0    0   0%  81.9M    n/a  n/a
   2   5b |   7 1.0    0      0    0    0   0%    10M |   n/a   n/a   1    0      0    0    0   0%  81.9M    n/a  n/a
   3   5c |   7 1.0   19    12M   81  449  84%    10M |  99.9   n/a   1   27   996k    4   13  76%  81.9M    n/a  n/a
   3   5d |   7 1.0   19    12M   90  424  82%    10M |  99.9   ovl   1   27  2.53M   10   14  58%  81.9M   693n  n/a
   3   5e |   7 1.0   19    12M   91  420  82%    10M |  99.9   n/a   1   27  1.79M    7   10  58%  81.9M    n/a  n/a
   3   5f |   7 1.0    0      0    0    0   0%    10M |   n/a   n/a   1    0      0    0    0   0%  81.9M    n/a  n/a
   3   60 |   7 1.0   19    12M   85  465  84%    10M |  99.9   ovl   1   27  1.54M    6   13  68%  81.9M   155n  n/a
   3   61 |   7 1.0   19    12M   98  414  80%    10M |  99.9   n/a   1   27  2.03M    8   10  55%  81.9M    n/a  n/a
   3   62 |   7 1.0   19    12M   77  437  85%    10M |  99.9   ovl   1   27  2.76M   11   11  50%  81.9M  -771n  n/a
   3   63 |   7 1.0    0      0    0    0   0%    10M |   n/a   n/a   1    0      0    0    0   0%  81.9M    n/a  n/a
   0   44 |   7 1.0   19    11M   78  494  86%    10M |  99.9   n/a   1   27  1.25M    5    9  64%  81.9M    n/a  n/a
   0   45 |   7 1.0   19    11M   80  500  86%    10M |  99.9   ovl   1   27  1.50M    6   10  62%  81.9M  -895n  n/a
   0   46 |   7 1.0   19    10M   75  461  86%    10M |  99.9   n/a   1   27   754k    3   12  80%  81.9M    n/a  n/a
   0   47 |   7 1.0    0      0    0    0   0%    10M |   n/a   n/a   1    0      0    0    0   0%  81.9M    n/a  n/a
   0   48 |   7 1.0   19    11M   76  468  86%    10M |  99.9   ovl   1   27  1.80M    7    9  56%  81.9M   235n  n/a
   0   49 |   7 1.0    0      0    0    0   0%    10M |   n/a   n/a   1    0      0    0    0   0%  81.9M    n/a  n/a
   0   4a |   7 1.0   19    11M   79  463  85%    10M |  99.9   n/a   1   27  1.00M    4   11  73%  81.9M    n/a  n/a
   0   4b |   7 1.0   19    11M   80  508  86%    10M |  99.9   ovl   1   27  2.03M    8    8  50%  81.9M  -543n  n/a
   1   4c |   7 1.0   19    10M   84  383  82%    10M |  99.9   n/a   1   27   512k    2   12  85%  81.9M    n/a  n/a
   1   4d |   7 1.0   19    12M   94  357  79%    10M |  99.9   n/a   1   27  1.51M    6   11  64%  81.9M    n/a  n/a
   1   4e |   7 1.0    0      0    0    0   0%    10M |   n/a   n/a   1    0      0    0    0   0%  81.9M    n/a  n/a
   1   4f |   7 1.0   19    11M   85  370  81%    10M |  99.9   n/a   1   27  1.26M    5   10  66%  81.9M    n/a  n/a
   1   50 |   7 1.0   19    11M   89  394  81%    10M |  99.9   n/a   1   27  2.27M    9    9  50%  81.9M    n/a  n/a
   1   51 |   7 1.0   19    11M   90  422  82%    10M |  99.9   n/a   1   27   766k    3   12  80%  81.9M    n/a  n/a
   1   52 |   7 1.0    0      0    0    0   0%    10M |   n/a   n/a   1    0      0    0    0   0%  81.9M    n/a  n/a
   1   53 |   7 1.0    0      0    0    0   0%    10M |   n/a   n/a   1    0      0    0    0   0%  81.9M    n/a  n/a
   2   54 |   7 1.0   19    12M   86  492  85%    10M |  99.9   n/a   1   27  2.27M    9    9  50%  81.9M    n/a  n/a
   2   55 |   7 1.0   19    10M   75  540  87%    10M |  99.9   n/a   1   27   517k    2   12  85%  81.9M    n/a  n/a
   2   56 |   7 1.0   19    10M   77  576  88%    10M |  99.9   n/a   1   27  1.01M    4   12  75%  81.9M    n/a  n/a
   2   57 |   7 1.0   19    11M   82  486  85%    10M |  99.9   n/a   1   27  1.27M    5   12  70%  81.9M    n/a  n/a
   2   58 |   7 1.0    0      0    0    0   0%    10M |   n/a   n/a   1    0      0    0    0   0%  81.9M    n/a  n/a
   2   59 |   7 1.0   19    11M   82  510  86%    10M |  99.9   n/a   1   27   758k    3   12  80%  81.9M    n/a  n/a
   2   5a |   7 1.0    0      0    0    0   0%    10M |   n/a   n/a   1    0      0    0    0   0%  81.9M    n/a  n/a
   2   5b |   7 1.0    0      0    0    0   0%    10M |   n/a   n/a   1    0      0    0    0   0%  81.9M    n/a  n/a
   3   5c |   7 1.0   19    11M   85  480  84%    10M |  99.9   ovl   1   27  2.00M    8    8  50%  81.9M   -39n  n/a
   3   5d |   7 1.0   19    12M   96  489  83%    10M |  99.9   ovl   1   27  2.02M    8    3  27%  81.9M   424n  n/a
   3   5e |   7 1.0   19    12M   85  472  84%    10M |  99.9   n/a   1   27  2.30M    9   10  52%  81.9M    n/a  n/a
   3   5f |   7 1.0    0      0    0    0   0%    10M |   n/a   n/a   1    0      0    0    0   0%  81.9M    n/a  n/a
   3   60 |   7 1.0   19    12M   91  497  84%    10M |  99.9   n/a   1   27  1.50M    6    5  45%  81.9M    n/a  n/a
   3   61 |   7 1.0   19    12M   98  461  82%    10M |  99.9   ovl   1   27   496k    2   10  83%  81.9M  -771n  n/a
   3   62 |   7 1.0   19    13M   92  431  82%    10M |  99.9   ovl   1   27  1.76M    7    8  53%  81.9M    50n  n/a
   3   63 |   7 1.0    0      0    0    0   0%    10M |   n/a   n/a   1    0      0    0    0   0%  81.9M    n/a  n/a
   0   44 |   7 1.0   19    13M  101  494  83%    10M |  99.9   n/a   1   27  1.02M    4   11  73%  81.9M    n/a  n/a
   0   45 |   7 1.0   19    12M   88  466  84%    10M |  99.9   n/a   1   27  3.04M   12   12  50%  81.9M    n/a  n/a
   0   46 |   7 1.0   19    13M   85  466  84%    10M |  99.9   n/a   1   27  1.52M    6   12  66%  81.9M    n/a  n/a
   0   47 |   7 1.0    0      0    0    0   0%    10M |   n/a   n/a   1    0      0    0    0   0%  81.9M    n/a  n/a
   0   48 |   7 1.0   19    13M   94  442  82%    10M |  99.9   n/a   1   27  1.02M    4   10  71%  81.9M    n/a  n/a
   0   49 |   7 1.0    0      0    0    0   0%    10M |   n/a   n/a   1    0      0    0    0   0%  81.9M    n/a  n/a
   0   4a |   7 1.0   19    12M   80  504  86%    10M |  99.9   n/a   1  