
--== OCUDU gNB (commit 6744de3b5b) ==--

Initializing the Open Fronthaul Interface for sector#0: ul_compr=[BFP,9], dl_compr=[BFP,9], prach_compr=[BFP,9], prach_cp_enabled=false
Initializing the Open Fronthaul Interface for sector#1: ul_compr=[BFP,9], dl_compr=[BFP,9], prach_compr=[BFP,9], prach_cp_enabled=false
Initializing the Open Fronthaul Interface for sector#2: ul_compr=[BFP,9], dl_compr=[BFP,9], prach_compr=[BFP,9], prach_cp_enabled=false
Initializing the Open Fronthaul Interface for sector#3: ul_compr=[BFP,9], dl_compr=[BFP,9], prach_compr=[BFP,9], prach_cp_enabled=false
Initializing the Open Fronthaul Interface for sector#4: ul_compr=[BFP,9], dl_compr=[BFP,9], prach_compr=[BFP,9], prach_cp_enabled=false
Cell pci=0, bw=100 MHz, 1T1R, dl_arfcn=625000 (n78), dl_freq=3375 MHz, dl_ssb_arfcn=622272, ul_freq=3375 MHz
Cell pci=1, bw=100 MHz, 1T1R, dl_arfcn=632628 (n78), dl_freq=3489.42 MHz, dl_ssb_arfcn=629952, ul_freq=3489.42 MHz
Cell pci=2, bw=70 MHz, 1T1R, dl_arfcn=637212 (n78), dl_freq=3558.18 MHz, dl_ssb_arfcn=635520, ul_freq=3558.18 MHz
Cell pci=3, bw=100 MHz, 1T1R, dl_arfcn=640000 (n78), dl_freq=3600 MHz, dl_ssb_arfcn=637344, ul_freq=3600 MHz
Cell pci=4, bw=70 MHz, 1T1R, dl_arfcn=650000 (n78), dl_freq=3750 MHz, dl_ssb_arfcn=648288, ul_freq=3750 MHz

Remote control server listening on 0.0.0.0:8001
==== gNB started ===
Type <h> to view help

          |--------------------DL---------------------|-------------------------------UL-----------------------------
 pci rnti | cqi  ri  mcs  brate   ok  nok  (%)  dl_bs | pusch  rsrp  ri  mcs  brate   ok  nok  (%)    bsr     ta  phr
   0   44 | n/a n/a    3   3.1M   12    0   0%    10M |  99.9   n/a   1   19  3.64M    2    0   0%  81.9M    n/a  n/a
   0   45 | n/a n/a    3   3.0M   13    1   7%    10M |  99.9   n/a   1   19  3.82M    2    0   0%  81.9M    n/a  n/a
   0   46 |   7 1.0    6   5.2M   12    0   0%    10M |  99.9   n/a   1   22  3.62M    4    0   0%  81.9M    n/a  n/a
   0   47 | n/a n/a    3   3.0M   15    0   0%    10M |  99.9   n/a   1   21  3.68M    4    0   0%  81.9M    n/a  n/a
   0   48 | n/a n/a    3   1.9M   10    9  47%    10M |  99.9   n/a   1   19  3.70M    2    0   0%  81.9M    n/a  n/a
   0   49 | n/a n/a    3   2.6M   12    2  14%    10M |  99.9   n/a   1   21  4.89M    4    0   0%  81.9M    n/a  n/a
   0   4a | n/a n/a    3   2.5M   12    2  14%    10M |  99.9   n/a   1   21  3.19M    3    0   0%  81.9M    n/a  n/a
   0   4b |   7 1.0    5   4.1M   19    0   0%    10M |  99.9   n/a   1   17  4.34M    5    0   0%  81.9M    n/a  n/a
   1   4c | n/a n/a    3   3.3M   15    1   6%    10M |  99.9   n/a   1   17  3.50M    4    0   0%  81.9M    n/a  n/a
   1   4d |   7 1.0    7   5.1M   16    2  11%    10M |  99.9   n/a   1   19  3.82M    2    0   0%  81.9M    n/a  n/a
   1   4e |   7 1.0    6   4.3M   17    0   0%    10M |  99.9   n/a   1   22  2.42M    3    0   0%  81.9M    n/a  n/a
   1   4f | n/a n/a    3   2.7M   11    0   0%    10M |  99.9   n/a   1   19  3.70M    2    0   0%  81.9M    n/a  n/a
   1   50 |   7 1.0    5   3.0M   12    7  36%    10M |  99.9   n/a   1   21  3.14M    3    0   0%  81.9M    n/a  n/a
   1   51 | n/a n/a    3   2.6M   12    2  14%    10M |  99.9   n/a   1   19  3.63M    3    0   0%  81.9M    n/a  n/a
   1   52 | n/a n/a    3   2.6M   13    2  13%    10M |  99.9   n/a   1   19  3.84M    3    0   0%  81.9M    n/a  n/a
   1   53 |   7 1.0    6   3.9M   20    0   0%    10M |  99.9   n/a   1   15  3.73M    4    0   0%  81.9M    n/a  n/a
   2   54 | n/a n/a    3   1.8M   14    2  12%    10M |  99.9   n/a   1   21  1.72M    3    0   0%  81.9M    n/a  n/a
   2   55 | n/a n/a    3   1.7M   13    4  23%    10M |  99.9   n/a   1   19  2.55M    3    0   0%  81.9M    n/a  n/a
   2   56 | n/a n/a    3   1.7M   13    2  13%    10M |  99.9   n/a   1   15  2.48M    2    0   0%  81.9M    n/a  n/a
   2   57 |   7 1.0    5   2.9M   16    0   0%    10M |  99.9   n/a   1   21  1.69M    3    0   0%  81.9M    n/a  n/a
   2   58 | n/a n/a    3   1.3M    8    4  33%    10M |  99.9   n/a   1   21  1.70M    3    0   0%  81.9M    n/a  n/a
   2   59 | n/a n/a    3   1.7M   12    2  14%    10M |  99.9   n/a   1   21  1.78M    3    0   0%  81.9M    n/a  n/a
   2   5a | n/a n/a    3   1.6M   12    2  14%    10M |  99.9   n/a   1   19  2.62M    3    0   0%  81.9M    n/a  n/a
   2   5b |   7 1.0    5   2.6M   21    0   0%    10M |  99.9   n/a   1   17  1.72M    4    0   0%  81.9M    n/a  n/a
   3   5c | n/a n/a    3   5.3M   15    0   0%    10M |  99.9   n/a   1    8  4.28M    4    0   0%  81.9M    n/a  n/a
   3   5d |   7 1.0    6   5.4M   13    0   0%    10M |  99.9   n/a   1   19  3.71M    2    0   0%  81.9M    n/a  n/a
   3   5e |   7 1.0    6   4.9M   19    0   0%    10M |  99.9   n/a   1   21  3.10M    3    0   0%  81.9M    n/a  n/a
   3   5f | n/a n/a    3   2.9M   14    2  12%    10M |  99.9   n/a   1   19  3.87M    2    0   0%  81.9M    n/a  n/a
   3   60 |   7 1.0    6   3.1M   15    4  21%    10M |  99.9   n/a   1   21  4.19M    4    0   0%  81.9M    n/a  n/a
   3   61 | n/a n/a    3   2.7M   15    2  11%    10M |  99.9   n/a   1   19  3.76M    3    0   0%  81.9M    n/a  n/a
   3   62 | n/a n/a    3   2.6M   12    2  14%    10M |  99.9   n/a   1   21  3.23M    3    0   0%  81.9M    n/a  n/a
   3   63 |   7 1.0    5   4.4M   21    0   0%    10M |  99.9   n/a   1   12  3.86M    5    0   0%  81.9M    n/a  n/a
   4   64 |   7 1.0    5   3.2M   16    0   0%    10M |  99.9   n/a   1   10  2.73M    3    0   0%  81.9M    n/a  n/a
   4   65 |   7 1.0    4   3.2M   16    4  20%    10M |  99.9   n/a   1   21  1.79M    3    0   0%  81.9M    n/a  n/a
   4   66 | n/a n/a    3   1.5M   14    1   6%    10M |  99.9   n/a   1   19  2.48M    2    0   0%  81.9M    n/a  n/a
   4   67 |   7 1.0    6   2.3M   13    0   0%    10M |  99.9   n/a   1   21  2.77M    4    0   0%  81.9M    n/a  n/a
   4   68 | n/a n/a    3   1.2M   11    5  31%    10M |  99.9   n/a   1   19  2.63M    3    0   0%  81.9M    n/a  n/a
   4   69 | n/a n/a    3   1.5M   12    2  14%    10M |  99.9   n/a   1   21  2.45M    3    0   0%  81.9M    n/a  n/a
   4   6a | n/a n/a    3   1.4M   12    2  14%    10M |  99.9   n/a   1   21  1.65M    3    0   0%  81.9M    n/a  n/a
   4   6b |   7 1.0    6   2.5M   20    0   0%    10M |  99.9   n/a   1   17  2.15M    4    0   0%  81.9M    n/a  n/a
   0   44 |   7 1.0   11    16M  502   45   8%    10M |  99.9   n/a   1   27  12.7M  124    0   0%  81.9M    n/a  n/a
   0   45 |   7 1.0   10    16M  494   58  10%    10M |  99.9   n/a   1   27  12.6M  125    0   0%  81.9M    n/a  n/a
   0   46 |   7 1.0   11    16M  487   80  14%    10M |  99.9   n/a   1   27  12.6M  125    0   0%  81.9M    n/a  n/a
   0   47 |   7 1.0   11    16M  489   57  10%    10M |  99.9   n/a   1   27  12.5M  127    0   0%  81.9M    n/a  n/a
   0   48 |   7 1.0   11    16M  520  115  18%    10M |  99.9   n/a   1   27  12.6M  128    0   0%  81.9M    n/a  n/a
   0   49 |   7 1.0   10    16M  509   51   9%    10M |  99.9   n/a   1   27  12.4M  123    0   0%  81.9M    n/a  n/a
   0   4a |   7 1.0   11    16M  508   90  15%    10M |  99.9   n/a   1   27  12.7M  122    0   0%  81.9M    n/a  n/a
   0   4b |   7 1.0   11    16M  478   68  12%    10M |  99.9   n/a   1   27  12.5M  125    0   0%  81.9M    n/a  n/a
   1   4c |   7 1.0    9    15M  587   35   5%    10M |  99.9   n/a   1   27  12.6M  124    0   0%  81.9M    n/a  n/a
   1   4d |   7 1.0   11    16M  475   76  13%    10M |  99.9   n/a   1   27  12.6M  124    0   0%  81.9M    n/a  n/a
   1   4e |   7 1.0   11    16M  488   80  14%    10M |  99.9   n/a   1   27  12.6M  124    0   0%  81.9M    n/a  n/a
   1   4f |   7 1.0   10    15M  532   58   9%    10M |  99.9   n/a   1   27  12.5M  125    0   0%  81.9M    n/a  n/a
   1   50 |   7 1.0   11    15M  502  122  19%    10M |  99.9   n/a   1   27  12.5M  125    0   0%  81.9M    n/a  n/a
   1   51 |   7 1.0   11    16M  487   57  10%    10M |  99.9   n/a   1   27  12.5M  123    0   0%  81.9M    n/a  n/a
   1   52 |   7 1.0   11    16M  508   66  11%    10M |  99.9   n/a   1   27  12.5M  123    0   0%  81.9M    n/a  n/a
   1   53 |   7 1.0   11    16M  481   60  11%    10M |  99.9   n/a   1   27  12.6M  124    0   0%  81.9M    n/a  n/a
   2   54 |   7 1.0   10    11M  509   66  11%    10M |  99.9   n/a   1   27  8.47M  127    0   0%  81.9M    n/a  n/a
   2   55 |   7 1.0   11    11M  499   62  11%    10M |  99.9   n/a   1   27  8.44M  128    0   0%  81.9M    n/a  n/a
   2   56 |   7 1.0   11    11M  507   74  12%    10M |  99.9   n/a   1   27  8.39M  124    0   0%  81.9M    n/a  n/a
   2   57 |   7 1.0   11    11M  475   66  12%    10M |  99.9   n/a   1   27  8.47M  128    0   0%  81.9M    n/a  n/a
   2   58 |   7 1.0   10    11M  521  132  20%    10M |  99.9   n/a   1   27  8.46M  127    0   0%  81.9M    n/a  n/a
   2   59 |   7 1.0   11    11M  474   58  10%    10M |  99.9   n/a   1   27  8.50M  128    0   0%  81.9M    n/a  n/a
   2   5a |   7 1.0   10    11M  509   95  15%    10M |  99.9   n/a   1   27  8.38M  123    0   0%  81.9M    n/a  n/a
   2   5b |   7 1.0   11    11M  477   51   9%    10M |  99.9   n/a   1   27  8.45M  125    0   0%  81.9M    n/a  n/a
   3   5c |   7 1.0    8    14M  600   87  12%    10M |  99.9   n/a   1   27  12.6M  124    0   0%  81.9M    n/a  n/a
   3   5d |   7 1.0   11    16M  469   56  10%    10M |  99.9   n/a   1   27  12.7M  125    0   0%  81.9M    n/a  n/a
   3   5e |   7 1.0   11    15M  489   78  13%    10M |  99.9   n/a   1   27  12.7M  127    0   0%  81.9M    n/a  n/a
   3   5f |   7 1.0   10    15M  489   59  10%    10M |  99.9   n/a   1   27  12.5M  127    0   0%  81.9M    n/a  n/a
   3   60 |   7 1.0   11    15M  497  114  18%    10M |  99.9   n/a   1   27  12.5M  126    0   0%  81.9M    n/a  n/a
   3   61 |   7 1.0   11    16M  480   52   9%    10M |  99.9   n/a   1   27  12.5M  124    0   0%  81.9M    n/a  n/a
   3   62 |   7 1.0   11    15M  503   61  10%    10M |  99.9   n/a   1   27  12.7M  128    0   0%  81.9M    n/a  n/a
   3   63 |   7 1.0   11    15M  462   66  12%    10M |  99.9   n/a   1   27  12.5M  119    0   0%  81.9M    n/a  n/a
   4   64 |   7 1.0   11    11M  483   63  11%    10M |  99.9   n/a   1   27  8.43M  122    0   0%  81.9M    n/a  n/a
   4   65 |   7 1.0   11    11M  475   63  11%    10M |  99.9   n/a   1   27  8.46M  126    0   0%  81.9M    n/a  n/a
   4   66 |   7 1.0   11    11M  502  105  17%    10M |  99.9   n/a   1   27  8.43M  123    0   0%  81.9M    n/a  n/a
   4   67 |   7 1.0   11    11M  473   54  10%    10M |  99.9   n/a   1   27  8.39M  122    0   0%  81.9M    n/a  n/a
   4   68 |   7 1.0   11    11M  510  142  21%    10M |  99.9   n/a   1   27  8.40M  121    0   0%  81.9M    n/a  n/a
   4   69 |   7 1.0   11    11M  489   47   8%    10M |  99.9   n/a   1   27  8.47M  127    0   0%  81.9M    n/a  n/a
   4   6a |   7 1.0   10    11M  512   78  13%    10M |  99.9   n/a   1   27  8.48M  122    0   0%  81.9M    n/a  n/a
   4   6b |   7 1.0   11    11M  476   62  11%    10M |  99.9   n/a   1   27  8.50M  126    0   0%  81.9M    n/a  n/a
   0   44 |   7 1.0   12    18M  503   53   9%    10M |  99.9   n/a   1   27  12.5M  126    0   0%  81.9M    n/a  n/a
   0   45 |   7 1.0   12    18M  491   70  12%    10M |  99.9   n/a   1   27  12.5M  124    0   0%  81.9M    n/a  n/a
   0   46 |   7 1.0   12    18M  511   70  12%    10M |  99.9   n/a   1   27  12.5M  125    0   0%  81.9M    n/a  n/a
   0   47 |   7 1.0   12    18M  495   67  11%    10M |  99.9   n/a   1   27  12.6M  121    0   0%  81.9M    n/a  n/a
   0   48 |   7 1.0   12    18M  516  107  17%    10M |  99.9   n/a   1   27  12.6M  124    0   0%  81.9M    n/a  n/a
   0   49 |   7 1.0   12    18M  498   56  10%    10M |  99.9   n/a   1   27  12.7M  127    0   0%  81.9M    n/a  n/a
   0   4a |   7 1.0   12    18M  521   73  12%    10M |  99.9   n/a   1   27  12.5M  125    0   0%  81.9M    n/a  n/a
   0   4b |   7 1.0   12    18M  493   60  10%    10M |  99.9   n/a   1   27  12.6M  122    0   0%  81.9M    n/a  n/a

          |--------------------DL---------------------|-------------------------------UL-----------------------------
 pci rnti | cqi  ri  mcs  brate   ok  nok  (%)  dl_bs | pusch  rsrp  ri  mcs  brate   ok  nok  (%)    bsr     ta  phr
   1   4c |   7 1.0   12    18M  514   47   8%    10M |  99.9   n/a   1   27  12.5M  125    0   0%  81.9M    n/a  n/a
   1   4d |   7 1.0   12    18M  503   63  11%    10M |  99.9   n/a   1   27  12.5M  124    0   0%  81.9M    n/a  n/a
   1   4e |   7 1.0   12    18M  513   66  11%    10M |  99.9   n/a   1   27  12.7M  120    0   0%  81.9M    n/a  n/a
   1   4f |   7 1.0   12    18M  492   62  11%    10M |  99.9   n/a   1   27  12.5M  122    0   0%  81.9M    n/a  n/a
   1   50 |   7 1.0   12    18M  529  131  19%    10M |  99.9   n/a   1   27  12.6M  127    0   0%  81.9M    n/a  n/a
   1   51 |   7 1.0   12    18M  506   58  10%    10M |  99.9   n/a   1   27  12.7M  125    0   0%  81.9M    n/a  n/a
   1   52 |   7 1.0   12    18M  509   90  15%    10M |  99.9   n/a   1   27  12.6M  120    0   0%  81.9M    n/a  n/a
   1   53 |   7 1.0   12    18M  506   53   9%    10M |  99.9   n/a   1   27  12.5M  123    0   0%  81.9M    n/a  n/a
   2   54 |   7 1.0   12    12M  519   31   5%    10M |  99.9   n/a   1   27  8.48M  125    0   0%  81.9M    n/a  n/a
   2   55 |   7 1.0   12    12M  495   56  10%    10M |  99.9   n/a   1   27  8.38M  123    0   0%  81.9M    n/a  n/a
   2   56 |   7 1.0   12    12M  510   82  13%    10M |  99.9   n/a   1   27  8.43M  121    0   0%  81.9M    n/a  n/a
   2   57 |   7 1.0   12    12M  487   55  10%    10M |  99.9   n/a   1   27  8.46M  121    0   0%  81.9M    n/a  n/a
   2   58 |   7 1.0   12    12M  504  164  24%    10M |  99.9   n/a   1   27  8.43M  122    0   0%  81.9M    n/a  n/a
   2   59 |   7 1.0   12    12M  499   48   8%    10M |  99.9   n/a   1   27  8.39M  119    0   0%  81.9M    n/a  n/a
   2   5a |   7 1.0   12    12M  502   79  13%    10M |  99.9   n/a   1   27  8.51M  123    0   0%  81.9M    n/a  n/a
   2   5b |   7 1.0   12    12M  501   54   9%    10M |  99.9   n/a   1   27  8.51M  124    0   0%  81.9M    n/a  n/a
   3   5c |   7 1.0   12    18M  488   54   9%    10M |  99.9   n/a   1   27  12.6M  125    0   0%  81.9M    n/a  n/a
   3   5d |   7 1.0   12    18M  496   72  12%    10M |  99.9   n/a   1   27  12.5M  120    0   0%  81.9M    n/a  n/a
   3   5e |   7 1.0   12    18M  501   86  14%    10M |  99.9   n/a   1   27  12.5M  122    0   0%  81.9M    n/a  n/a
   3   5f |   7 1.0   12    18M  484   53   9%    10M |  99.9   n/a   1   27  12.6M  125    0   0%  81.9M    n/a  n/a
   3   60 |   7 1.0   12    17M  513  136  20%    10M |  99.9   n/a   1   27  12.6M  120    0   0%  81.9M    n/a  n/a
   3   61 |   7 1.0   12    18M  492   63  11%    10M |  99.9   n/a   1   27  12.7M  124    0   0%  81.9M    n/a  n/a
   3   62 |   7 1.0   12    18M  505   68  11%    10M |  99.9   n/a   1   27  12.6M  122    0   0%  81.9M    n/a  n/a
   3   63 |   7 1.0   12    18M  489   52   9%    10M |  99.9   n/a   1   27  12.6M  122    0   0%  81.9M    n/a  n/a
   4   64 |   7 1.0   12    12M  508   38   6%    10M |  99.9   n/a   1   27  8.41M  126    0   0%  81.9M    n/a  n/a
   4   65 |   7 1.0   12    12M  493   77  13%    10M |  99.9   n/a   1   27  8.48M  124    0   0%  81.9M    n/a  n/a
   4   66 |   7 1.0   12    12M  505   86  14%    10M |  99.9   n/a   1   27  8.45M  129    0   0%  81.9M    n/a  n/a
   4   67 |   7 1.0   12    12M  492   48   8%    10M |  99.9   n/a   1   27  8.49M  129    0   0%  81.9M    n/a  n/a
   4   68 |   7 1.0   12    12M  512  129  20%    10M |  99.9   n/a   1   27  8.47M  126    0   0%  81.9M    n/a  n/a
   4   69 |   7 1.0   12    12M  479   56  10%    10M |  99.9   n/a   1   27  8.38M  123    0   0%  81.9M    n/a  n/a
   4   6a |   7 1.0   12    12M  502   74  12%    10M |  99.9   n/a   1   27  8.47M  126    0   0%  81.9M    n/a  n/a
   4   6b |   7 1.0   12    12M  481   54  10%    10M |  99.9   n/a   1   27  8.41M  129    0   0%  81.9M    n/a  n/a
   0   44 |   7 1.0   13   8.6M  230  358  60%    10M |  71.6   ovl   1   26  2.62M   29   19  39%  81.9M  -271n  n/a
   0   45 |   7 1.0   12   8.2M  210  383  64%    10M |  64.0   ovl   1   27  1.77M   18   25  58%  81.9M  -364n  n/a
   0   46 |   7 1.0   13   8.5M  238  334  58%    10M |  75.7   ovl   1   26  2.71M   29   20  40%  81.9M    41n  n/a
   0   47 |   7 1.0   13   8.0M  216  400  64%    10M |  64.9   ovl   1   22  2.03M   26   19  42%  81.9M  -193n  n/a
   0   48 |   7 1.0   13   8.2M  235  428  64%    10M |  51.0   ovl   1   24  1.66M   19   25  56%  81.9M    19n  n/a
   0   49 |   7 1.0   13   8.3M  221  401  64%    10M |  56.4   ovl   1   22  2.06M   28   26  48%  81.9M  -392n  n/a
   0   4a |   7 1.0   13   8.1M  224  434  65%    10M |  65.2   ovl   1   26  2.53M   30   27  47%  81.9M  -187n  n/a
   0   4b |   7 1.0   12   8.2M  217  340  61%    10M |  76.4   ovl   1   26  2.23M   24   17  41%  81.9M  -317n  n/a
   1   4c |   7 1.0   13    14M  358  255  41%    10M |  99.9   n/a   1   27  7.33M   71   11  13%  81.9M    n/a  n/a
   1   4d |   7 1.0   13    14M  362  296  44%    10M |  99.9   n/a   1   27  7.30M   73   13  15%  81.9M    n/a  n/a
   1   4e |   7 1.0   13    13M  362  274  43%    10M |  99.9   n/a   1   27  7.34M   73   11  13%  81.9M    n/a  n/a
   1   4f |   7 1.0   13    14M  359  233  39%    10M |  99.9   n/a   1   27  7.51M   73   13  15%  81.9M    n/a  n/a
   1   50 |   7 1.0   13    14M  373  275  42%    10M |  99.9   n/a   1   27  7.34M   71   12  14%  81.9M    n/a  n/a
   1   51 |   7 1.0   13    14M  365  239  39%    10M |  99.9   n/a   1   27  7.16M   71   14  16%  81.9M    n/a  n/a
   1   52 |   7 1.0   13    14M  364  296  44%    10M |  99.9   n/a   1   27  7.50M   74   11  12%  81.9M    n/a  n/a
   1   53 |   7 1.0   13    14M  360  214  37%    10M |  99.9   n/a   1   27  7.68M   74   12  13%  81.9M    n/a  n/a
   2   54 |   7 1.0   13   8.0M  317  306  49%    10M |  88.0   ovl   1   26  3.18M   51   21  29%  81.9M   159n  n/a
   2   55 |   7 1.0   13   8.0M  310  322  50%    10M |  90.3   ovl   1   27  3.25M   48   17  26%  81.9M   709n  n/a
   2   56 |   7 1.0   13   8.1M  310  325  51%    10M |  90.5   ovl   1   27  3.24M   49   15  23%  81.9M   -48n  n/a
   2   57 |   7 1.0   13   7.9M  303  319  51%    10M |  86.1   ovl   1   27  3.65M   54   17  23%  81.9M   628n  n/a
   2   58 |   7 1.0   13   8.1M  332  340  50%    10M |  90.8   ovl   1   27  3.34M   51   18  26%  81.9M    33n  n/a
   2   59 |   7 1.0   13   7.6M  292  330  53%    10M |  85.6   ovl   1   27  3.46M   52   16  23%  81.9M   311n  n/a
   2   5a |   7 1.0   13   8.0M  310  365  54%    10M |  86.8   ovl   1   27  3.18M   46   19  29%  81.9M   735n  n/a
   2   5b |   7 1.0   13   7.9M  295  322  52%    10M |  90.1   ovl   1   27  3.13M   47   16  25%  81.9M   298n  n/a
   3   5c |   7 1.0   13   8.1M  217  418  65%    10M |  56.8   ovl   1   26  1.52M   17   21  55%  81.9M    42n  n/a
   3   5d |   7 1.0   12   8.0M  212  369  63%    10M |  55.6   ovl   1   24  2.48M   30   23  43%  81.9M   358n  n/a
   3   5e |   7 1.0   13   7.8M  224  417  65%    10M |  68.0   ovl   1   20  2.08M   25   24  48%  81.9M   -25n  n/a
   3   5f |   7 1.0   13   8.0M  212  411  65%    10M |  54.3   ovl   1   24  1.76M   21   24  53%  81.9M   -27n  n/a
   3   60 |   7 1.0   13   7.9M  221  437  66%    10M |  71.7   ovl   1   26  2.22M   24   26  52%  81.9M   155n  n/a
   3   61 |   7 1.0   12   8.2M  210  372  63%    10M |  43.1   ovl   1   22  1.59M   21   18  46%  81.9M   -56n  n/a
   3   62 |   7 1.0   13   7.9M  217  424  66%    10M |  71.6   ovl   1   21  2.69M   29   24  45%  81.9M   342n  n/a
   3   63 |   7 1.0   12   8.1M  217  423  66%    10M |  65.9   ovl   1   25  2.06M   27   19  41%  81.9M   175n  n/a
   4   64 |   7 1.0   13    13M  482   90  15%    10M |  99.9   n/a   1   27  7.57M  110    0   0%  81.9M    n/a  n/a
   4   65 |   7 1.0   13    13M  474  107  18%    10M |  99.9   n/a   1   27  7.53M  106    0   0%  81.9M    n/a  n/a
   4   66 |   7 1.0   13    13M  483  124  20%    10M |  99.9   n/a   1   27  7.52M  108    0   0%  81.9M    n/a  n/a
   4   67 |   7 1.0   13    13M  470   95  16%    10M |  99.9   n/a   1   27  7.55M  107    0   0%  81.9M    n/a  n/a
   4   68 |   7 1.0   13    13M  489  143  22%    10M |  99.9   n/a   1   27  7.52M  111    0   0%  81.9M    n/a  n/a
   4   69 |   7 1.0   13    13M  463   75  13%    10M |  99.9   n/a   1   27  7.52M  114    0   0%  81.9M    n/a  n/a
   4   6a |   7 1.0   13    13M  492  104  17%    10M |  99.9   n/a   1   27  7.50M  111    0   0%  81.9M    n/a  n/a
   4   6b |   7 1.0   13    13M  470   81  14%    10M |  99.9   n/a   1   27  7.50M  111    0   0%  81.9M    n/a  n/a
   0   44 |   7 1.0   13   6.8M  189  436  69%    10M |  99.9   n/a   1   27  1.75M   16   19  54%  81.9M    n/a  n/a
   0   45 |   7 1.0   13   6.0M  167  495  74%    10M |  99.9   ovl   1   26  1.40M   17   17  50%  81.9M    93n  n/a
   0   46 |   7 1.0   13   6.4M  176  519  74%    10M |  99.9   ovl   1   27  2.15M   23   18  43%  81.9M   314n  n/a
   0   47 |   7 1.0   13   6.3M  159  466  74%    10M |  99.9   ovl   1   26  1.96M   19   19  50%  81.9M  -606n  n/a
   0   48 |   7 1.0   13   6.8M  191  480  71%    10M |  99.9   n/a   1   27  1.18M   13   17  56%  81.9M    n/a  n/a
   0   49 |   7 1.0   13   6.4M  151  430  74%    10M |  99.9   n/a   1   27  1.99M   18   22  55%  81.9M    n/a  n/a
   0   4a |   7 1.0   13   6.8M  199  500  71%    10M |  99.9   n/a   1   27  1.75M   18   16  47%  81.9M    n/a  n/a
   0   4b |   7 1.0   13   6.6M  171  428  71%    10M |  99.9   ovl   1   27  2.37M   26   16  38%  81.9M  -606n  n/a
   1   4c |   7 1.0   13   6.9M  189  524  73%    10M |  99.9   n/a   1   27  1.52M   15   24  61%  81.9M    n/a  n/a
   1   4d |   7 1.0   13   6.9M  183  514  73%    10M |  99.9   n/a   1   27  1.09M   11   25  69%  81.9M    n/a  n/a
   1   4e |   7 1.0   13   7.2M  199  486  70%    10M |  99.9   n/a   1   27  1.50M   16   25  60%  81.9M    n/a  n/a
   1   4f |   7 1.0   13   6.5M  168  561  76%    10M |  99.9   n/a   1   27  1.36M   14   26  65%  81.9M    n/a  n/a
   1   50 |   7 1.0   13   6.8M  183  556  75%    10M |  99.9   n/a   1   27  1.46M   15   23  60%  81.9M    n/a  n/a
   1   51 |   7 1.0   13   7.0M  181  518  74%    10M |  99.9   n/a   1   27  1.85M   18   20  52%  81.9M    n/a  n/a
   1   52 |   7 1.0   13   6.6M  182  613  77%    10M |  99.9   n/a   1   27  1.84M   18   20  52%  81.9M    n/a  n/a
   1   53 |   7 1.0   13   6.9M  188  523  73%    10M |  99.9   n/a   1   27  1.59M   16   22  57%  81.9M    n/a  n/a

          |--------------------DL---------------------|-------------------------------UL-----------------------------
 pci rnti | cqi  ri  mcs  brate   ok  nok  (%)  dl_bs | pusch  rsrp  ri  mcs  brate   ok  nok  (%)    bsr     ta  phr
   2   54 |   7 1.0   13   4.8M  197  558  73%    10M |  99.9   ovl   1   27  1.03M   16   23  58%  81.9M   507n  n/a
   2   55 |   7 1.0   13   4.7M  168  405  70%    10M |  99.9   n/a   1   27   930k   15   25  62%  81.9M    n/a  n/a
   2   56 |   7 1.0   13   4.9M  187  560  74%    10M |  99.9   n/a   1   27   998k   16   22  57%  81.9M    n/a  n/a
   2   57 |   7 1.0   13   4.8M  177  427  70%    10M |  99.9   ovl   1   27  1.35M   22   20  47%  81.9M  -655n  n/a
   2   58 |   7 1.0   13   4.8M  190  510  72%    10M |  99.9   ovl   1   27  1.04M   17   17  50%  81.9M   816n  n/a
   2   59 |   7 1.0   13   4.8M  181  458  71%    10M |  99.9   n/a   1   27  1.49M   24   18  42%  81.9M    n/a  n/a
   2   5a |   7 1.0   13   4.9M  194  550  73%    10M |  99.9   n/a   1   27  1.31M   20   19  48%  81.9M    n/a  n/a
   2   5b |   7 1.0   13   4.9M  183  476  72%    10M |  99.9   n/a   1   27  1.32M   19   22  53%  81.9M    n/a  n/a
   3   5c |   7 1.0   13   6.2M  157  502  76%    10M |  99.9   ovl   1   26  1.38M   15   18  54%  81.9M    -1u  n/a
   3   5d |   7 1.0   13   6.3M  153  474  75%    10M |  99.9   ovl   1   27  1.60M   16   15  48%  81.9M   393n  n/a
   3   5e |   7 1.0   13   6.5M  179  450  71%    10M |  99.9   ovl   1   27  1.95M   19   13  40%  81.9M    66n  n/a
   3   5f |   7 1.0   13   6.2M  150  448  74%    10M |  99.9   ovl   1   25  1.25M   16   22  57%  81.9M  -317n  n/a
   3   60 |   7 1.0   13   6.3M  182  482  72%    10M |  99.9   ovl   1   27  2.00M   19   15  44%  81.9M  -892n  n/a
   3   61 |   7 1.0   13   6.0M  160  474  74%    10M |  99.9   n/a   1   27  1.78M   19   21  52%  81.9M    n/a  n/a
   3   62 |   7 1.0   13   6.4M  185  469  71%    10M |  99.9   ovl   1   27  1.53M   16   13  44%  81.9M   478n  n/a
   3   63 |   7 1.0   13   6.3M  171  478  73%    10M |  99.9   ovl   1   27  2.07M   21   20  48%  81.9M   831n  n/a
   4   64 |   7 1.0   13   5.4M  208  475  69%    10M |  99.9   ovl   1   27  1.51M   23   22  48%  81.9M   981n  n/a
   4   65 |   7 1.0   13   5.1M  190  464  70%    10M |  99.9   n/a   1   27  1.37M   21   23  52%  81.9M    n/a  n/a
   4   66 |   7 1.0   13   5.4M  209  437  67%    10M |  99.9   ovl   1   27  1.51M   23   20  46%  81.9M    -1u  n/a
   4   67 |   7 1.0   13   5.1M  190  431  69%    10M |  99.9   n/a   1   27  1.17M   17   22  56%  81.9M    n/a  n/a
   4   68 |   7 1.0   13   5.2M  198  557  73%    10M |  99.9   ovl   1   27  1.16M   18   24  57%  81.9M  -839n  n/a
   4   69 |   7 1.0   13   5.1M  184  441  70%    10M |  99.9   n/a   1   27  1.27M   19   29  60%  81.9M    n/a  n/a
   4   6a |   7 1.0   13   5.2M  203  482  70%    10M |  99.9   n/a   1   27  1.33M   21   24  53%  81.9M    n/a  n/a
   4   6b |   7 1.0   13   5.1M  187  497  72%    10M |  99.9   n/a   1   27  1.69M   24   21  46%  81.9M    n/a  n/a
   0   44 |   7 1.0   13   6.5M  179  508  73%    10M |  99.9   n/a   1   27  2.70M   28   16  36%  81.9M    n/a  n/a
   0   45 |   7 1.0   13   6.7M  173  444  71%    10M |  99.9   n/a   1   27  1.87M   19   20  51%  81.9M    n/a  n/a
   0   46 |   7 1.0   13   6.4M  186  549  74%    10M |  99.9   n/a   1   27  2.15M   22   15  40%  81.9M    n/a  n/a
   0   47 |   7 1.0   13   6.8M  174  444  71%    10M |  99.9   n/a   1   27  1.02M   11   17  60%  81.9M    n/a  n/a
   0   48 |   7 1.0   13   6.1M  172  509  74%    10M |  99.9   n/a   1   27  1.54M   15   13  46%  81.9M    n/a  n/a
   0   49 |   7 1.0   13   6.9M  172  426  71%    10M |  99.9   n/a   1   27  1.61M   15   19  55%  81.9M    n/a  n/a
   0   4a |   7 1.0   13   6.8M  192  434  69%    10M |  99.9   n/a   1   27  2.03M   21   17  44%  81.9M    n/a  n/a
   0   4b |   7 1.0   13   6.6M  174  454  72%    10M |  99.9   n/a   1   27  2.01M   20   16  44%  81.9M    n/a  n/a
   1   4c |   7 1.0   14   8.6M  210  513  70%    10M |  99.9   n/a   1   27  2.36M   24   20  45%  81.9M    n/a  n/a
   1   4d |   7 1.0   13   7.9M  198  484  70%    10M |  99.9   n/a   1   27  2.42M   25   21  45%  81.9M    n/a  n/a
   1   4e |   7 1.0   13   8.0M  211  519  71%    10M |  99.9   n/a   1   27  1.72M   17   24  58%  81.9M    n/a  n/a
   1   4f |   7 1.0   13   8.3M  203  460  69%    10M |  99.9   n/a   1   27  1.84M   18   21  53%  81.9M    n/a  n/a
   1   50 |   7 1.0   13   8.4M  222  552  71%    10M |  99.9   n/a   1   27  1.40M   16   21  56%  81.9M    n/a  n/a
   1   51 |   7 1.0   13   8.2M  201  417  67%    10M |  99.9   n/a   1   27  2.37M   25   20  44%  81.9M    n/a  n/a
   1   52 |   7 1.0   14   7.8M  205  463  69%    10M |  99.9   n/a   1   27  2.48M   26   19  42%  81.9M    n/a  n/a
   1   53 |   7 1.0   13   8.2M  203  456  69%    10M |  99.9   n/a   1   27  2.01M   21   21  50%  81.9M    n/a  n/a
   2   54 |   7 1.0   13   4.1M  147  555  79%    10M |  99.9   n/a   1   27  1.36M   19   16  45%  81.9M    n/a  n/a
   2   55 |   7 1.0   13   4.4M  169  498  74%    10M |  99.9   n/a   1   27  1.29M   21   21  50%  81.9M    n/a  n/a
   2   56 |   7 1.0   13   4.4M  168  528  75%    10M |  99.9   n/a   1   27  1.08M   17   19  52%  81.9M    n/a  n/a
   2   57 |   7 1.0   13   4.4M  168  445  72%    10M |  99.9   n/a   1   27  1000k   16   16  50%  81.9M    n/a  n/a
   2   58 |   7 1.0   13   4.2M  173  573  76%    10M |  99.9   n/a   1   27  1.06M   16   18  52%  81.9M    n/a  n/a
   2   59 |   7 1.0   13   4.3M  171  478  73%    10M |  99.9   n/a   1   27   989k   16   25  60%  81.9M    n/a  n/a
   2   5a |   7 1.0   13   4.4M  167  532  76%    10M |  99.9   n/a   1   27  1.08M   15   22  59%  81.9M    n/a  n/a
   2   5b |   7 1.0   13   4.3M  167  504  75%    10M |  99.9   n/a   1   27  1.42M   21   23  52%  81.9M    n/a  n/a
   3   5c |   7 1.0   13   5.9M  168  559  76%    10M |  99.9   n/a   1   27  1.70M   17   19  52%  81.9M    n/a  n/a
   3   5d |   7 1.0   13   6.7M  176  471  72%    10M |  99.9   n/a   1   27  2.49M   24   14  36%  81.9M    n/a  n/a
   3   5e |   7 1.0   13   6.8M  184  496  72%    10M |  99.9   n/a   1   27  1.53M   15   18  54%  81.9M    n/a  n/a
   3   5f |   7 1.0   13   6.7M  169  431  71%    10M |  99.9   n/a   1   27  1.85M   18   13  41%  81.9M    n/a  n/a
   3   60 |   7 1.0   13   6.7M  183  478  72%    10M |  99.9   n/a   1   27  1.68M   19   13  40%  81.9M    n/a  n/a
   3   61 |   7 1.0   13   6.5M  168  442  72%    10M |  99.9   n/a   1   27  1.66M   17   19  52%  81.9M    n/a  n/a
   3   62 |   7 1.0   13   6.5M  174  461  72%    10M |  99.9   n/a   1   27  1.31M   14   22  61%  81.9M    n/a  n/a
   3   63 |   7 1.0   13   6.6M  168  487  74%    10M |  99.9   n/a   1   27  2.17M   21   15  41%  81.9M    n/a  n/a
   4   64 |   7 1.0   14   6.1M  225  435  65%    10M |  99.9   n/a   1   27  1.50M   24   22  47%  81.9M    n/a  n/a
   4   65 |   7 1.0   14   5.8M  198  457  69%    10M |  99.9   n/a   1   27   971k   16   22  57%  81.9M    n/a  n/a
   4   66 |   7 1.0   14   5.9M  202  451  69%    10M |  99.9   n/a   1   27  1.15M   16   22  57%  81.9M    n/a  n/a
   4   67 |   7 1.0   14   6.0M  201  426  67%    10M |  99.9   n/a   1   27  1.10M   18   17  48%  81.9M    n/a  n/a
   4   68 |   7 1.0   14   5.7M  200  500  71%    10M |  99.9   n/a   1   27  1.21M   20   23  53%  81.9M    n/a  n/a
   4   69 |   7 1.0   14   5.8M  194  447  69%    10M |  99.9   n/a   1   27  1.40M   22   24  52%  81.9M    n/a  n/a
   4   6a |   7 1.0   14   5.9M  219  478  68%    10M |  99.9   n/a   1   27  1.64M   25   26  50%  81.9M    n/a  n/a
   4   6b |   7 1.0   14   5.7M  194  456  70%    10M |  99.9   n/a   1   27  1.53M   25   21  45%  81.9M    n/a  n/a
   0   44 |   7 1.0   14   7.0M  175  526  75%    10M |  99.9   n/a   1   27  1.65M   16   14  46%  81.9M    n/a  n/a
   0   45 |   7 1.0   13   7.1M  180  438  70%    10M |  99.9   n/a   1   27  2.20M   22   17  43%  81.9M    n/a  n/a
   0   46 |   7 1.0   14   7.1M  186  502  72%    10M |  99.9   n/a   1   27  1.51M   16   19  54%  81.9M    n/a  n/a
   0   47 |   7 1.0   13   7.3M  180  469  72%    10M |  99.9   n/a   1   27  1.98M   21   15  41%  81.9M    n/a  n/a
   0   48 |   7 1.0   14   7.0M  174  513  74%    10M |  99.9   n/a   1   27  2.04M   20   15  42%  81.9M    n/a  n/a
   0   49 |   7 1.0   13   7.1M  175  439  71%    10M |  99.9   n/a   1   27  2.70M   26   12  31%  81.9M    n/a  n/a
   0   4a |   7 1.0   14   7.4M  205  439  68%    10M |  99.9   n/a   1   27  2.44M   25   16  39%  81.9M    n/a  n/a
   0   4b |   7 1.0   13   7.1M  176  425  70%    10M |  99.9   n/a   1   27  2.04M   19   16  45%  81.9M    n/a  n/a
   1   4c |   7 1.0   14   6.8M  172  525  75%    10M |  99.9   ovl   1   27  1.18M   12   25  67%  81.9M  -196n  n/a
   1   4d |   7 1.0   14   6.9M  166  475  74%    10M |  99.9   ovl   1   27  1.05M   10   22  68%  81.9M   879n  n/a
   1   4e |   7 1.0   14   6.7M  163  513  75%    10M |  99.9   ovl   1   27  1.24M   12   21  63%  81.9M   998n  n/a
   1   4f |   7 1.0   14   6.9M  166  505  75%    10M |  99.9   n/a   1   27  1.18M   12   26  68%  81.9M    n/a  n/a
   1   50 |   7 1.0   14   7.0M  165  514  75%    10M |  99.9   ovl   1   27  1.70M   16   23  58%  81.9M  -294n  n/a
   1   51 |   7 1.0   14   6.5M  162  564  77%    10M |  99.9   n/a   1   27  1.90M   18   17  48%  81.9M    n/a  n/a
   1   52 |   7 1.0   14   6.5M  160  605  79%    10M |  99.9   ovl   1   27  1.53M   15   22  59%  81.9M  -542n  n/a
   1   53 |   7 1.0   14   6.7M  163  508  75%    10M |  99.9   n/a   1   27  1.18M   11   21  65%  81.9M    n/a  n/a
   2   54 |   7 1.0   14   5.4M  198  460  69%    10M |  99.9   n/a   1   27  1.23M   18   14  43%  81.9M    n/a  n/a
   2   55 |   7 1.0   14   5.1M  187  491  72%    10M |  99.9   n/a   1   27  1.61M   23   16  41%  81.9M    n/a  n/a
   2   56 |   7 1.0   14   5.4M  192  470  70%    10M |  99.9   n/a   1   27  1.23M   17   16  48%  81.9M    n/a  n/a
   2   57 |   7 1.0   14   5.1M  172  476  73%    10M |  99.9   n/a   1   27  1.14M   17   16  48%  81.9M    n/a  n/a
   2   58 |   7 1.0   14   5.4M  185  442  70%    10M |  99.9   n/a   1   27  1.55M   23   15  39%  81.9M    n/a  n/a
   2   59 |   7 1.0   14   5.1M  181  447  71%    10M |  99.9   n/a   1   27  1.14M   18   19  51%  81.9M    n/a  n/a
   2   5a |   7 1.0   14   5.2M  194  537  73%    10M |  99.9   n/a   1   27  1.13M   17   18  51%  81.9M    n/a  n/a
   2   5b |   7 1.0   14   5.1M  171  485  73%    10M |  99.9   n/a   1   27  1.82M   26   21  44%  81.9M    n/a  n/a

          |--------------------DL---------------------|-------------------------------UL-----------------------------
 pci rnti | cqi  ri  mcs  brate   ok  nok  (%)  dl_bs | pusch  rsrp  ri  mcs  brate   ok  nok  (%)    bsr     ta  phr
   3   5c |   7 1.0   14   7.3M  193  527  73%    10M |  99.9   n/a   1   27  1.71M   18   19  51%  81.9M    n/a  n/a
   3   5d |   7 1.0   13   6.7M  169  488  74%    10M |  99.9   n/a   1   27  1.80M   18   22  55%  81.9M    n/a  n/a
   3   5e |   7 1.0   14   7.0M  181  547  75%    10M |  99.9   n/a   1   27  1.41M   15   25  62%  81.9M    n/a  n/a
   3   5f |   7 1.0   13   6.6M  166  503  75%    10M |  99.9   n/a   1   27  1.25M   11   24  68%  81.9M    n/a  n/a
   3   60 |   7 1.0   14   6.7M  167  575  77%    10M |  99.9   n/a   1   27  2.02M   20   18  47%  81.9M    n/a  n/a
   3   61 |   7 1.0   13   6.8M  170  488  74%    10M |  99.9   n/a   1   27  1.80M   18   23  56%  81.9M    n/a  n/a
   3   62 |   7 1.0   14   6.7M  180  574  76%    10M |  99.9   n/a   1   27  1.63M   16   19  54%  81.9M    n/a  n/a
   3   63 |   7 1.0   13   6.7M  170  460  73%    10M |  99.9   n/a   1   27  1.65M   18   22  55%  81.9M    n/a  n/a
   4   64 |   7 1.0   14   4.3M  171  627  78%    10M |  99.9   n/a   1   27   850k   12   22  64%  81.9M    n/a  n/a
   4   65 |   7 1.0   14   4.3M  142  536  79%    10M |  99.9   n/a   1   27   744k   13   23  63%  81.9M    n/a  n/a
   4   66 |   7 1.0   14   4.5M  163  628  79%    10M |  99.9   n/a   1   27   770k   12   24  66%  81.9M    n/a  n/a
   4   67 |   7 1.0   14   4.3M  148  543  78%    10M |  99.9   n/a   1   27   574k    8   23  74%  81.9M    n/a  n/a
   4   68 |   7 1.0   14   4.6M  161  571  78%    10M |  99.9   n/a   1   27   797k   13   25  65%  81.9M    n/a  n/a
   4   69 |   7 1.0   14   4.1M  135  545  80%    10M |  99.9   n/a   1   27  1.07M   15   22  59%  81.9M    n/a  n/a
   4   6a |   7 1.0   14   4.3M  157  594  79%    10M |  99.9   n/a   1   27   738k   11   24  68%  81.9M    n/a  n/a
   4   6b |   7 1.0   14   4.3M  145  473  76%    10M |  99.9   n/a   1   27   671k   10   27  72%  81.9M    n/a  n/a
   0   44 |   7 1.0   14   7.9M  196  428  68%    10M |  99.9   n/a   1   27  1.59M   17   17  50%  81.9M    n/a  n/a
   0   45 |   7 1.0   14   8.0M  194  424  68%    10M |  99.9   n/a   1   27  1.66M   18   22  55%  81.9M    n/a  n/a
   0   46 |   7 1.0   14   8.4M  203  432  68%    10M |  99.9   n/a   1   27  2.84M   29   18  38%  81.9M    n/a  n/a
   0   47 |   7 1.0   14   7.6M  182  432  70%    10M |  99.9   n/a   1   27  1.68M   17   20  54%  81.9M    n/a  n/a
   0   48 |   7 1.0   14   7.2M  180  512  73%    10M |  99.9   n/a   1   27  2.37M   25   22  46%  81.9M    n/a  n/a
   0   49 |   7 1.0   14   7.6M  176  474  72%    10M |  99.9   n/a   1   27  1.56M   17   23  57%  81.9M    n/a  n/a
   0   4a |   7 1.0   14   7.6M  187  510  73%    10M |  99.9   n/a   1   27  2.03M   21   19  47%  81.9M    n/a  n/a
   0   4b |   7 1.0   14   7.7M  179  417  69%    10M |  99.9   n/a   1   27  1.86M   18   17  48%  81.9M    n/a  n/a
   1   4c |   7 1.0   14   8.4M  201  443  68%    10M |  99.9   n/a   1   27  1.95M   18   18  50%  81.9M    n/a  n/a
   1   4d |   7 1.0   14   8.5M  197  470  70%    10M |  99.9   n/a   1   27  1.82M   18   22  55%  81.9M    n/a  n/a
   1   4e |   7 1.0   14   8.4M  202  479  70%    10M |  99.9   n/a   1   27  2.22M   22   20  47%  81.9M    n/a  n/a
   1   4f |   7 1.0   14   8.3M  191  438  69%    10M |  99.9   n/a   1   27  2.27M   23   23  50%  81.9M    n/a  n/a
   1   50 |   7 1.0   14   8.2M  205  496  70%    10M |  99.9   n/a   1   27  1.76M   19   24  55%  81.9M    n/a  n/a
   1   51 |   7 1.0   14   8.6M  194  464  70%    10M |  99.9   n/a   1   27  2.08M   21   16  43%  81.9M    n/a  n/a
   1   52 |   7 1.0   14   8.4M  222  506  69%    10M |  99.9   n/a   1   27  2.67M   27   18  40%  81.9M    n/a  n/a
   1   53 |   7 1.0   14   8.7M  212  458  68%    10M |  99.9   n/a   1   27  2.50M   25   19  43%  81.9M    n/a  n/a
   2   54 |   7 1.0   14   5.0M  184  498  73%    10M |  99.9   n/a   1   27  1.15M   16   23  58%  81.9M    n/a  n/a
   2   55 |   7 1.0   14   5.2M  175  493  73%    10M |  99.9   n/a   1   27  1.03M   15   19  55%  81.9M    n/a  n/a
   2   56 |   7 1.0   14   4.8M  174  526  75%    10M |  99.9   n/a   1   27  1.01M   14   23  62%  81.9M    n/a  n/a
   2   57 |   7 1.0   14   5.2M  177  472  72%    10M |  99.9   n/a   1   27  1.11M   17   24  58%  81.9M    n/a  n/a
   2   58 |   7 1.0   14   5.3M  186  483  72%    10M |  99.9   n/a   1   27   975k   13   25  65%  81.9M    n/a  n/a
   2   59 |   7 1.0   14   5.1M  173  460  72%    10M |  99.9   n/a   1   27   763k   12   24  66%  81.9M    n/a  n/a
   2   5a |   7 1.0   14   5.1M  193  520  72%    10M |  99.9   n/a   1   27   698k   10   24  70%  81.9M    n/a  n/a
   2   5b |   7 1.0   14   5.1M  182  493  73%    10M |  99.9   n/a   1   27   927k   14   20  58%  81.9M    n/a  n/a
   3   5c |   7 1.0   14   7.4M  186  513  73%    10M |  99.9   n/a   1   27  1.85M   18   21  53%  81.9M    n/a  n/a
   3   5d |   7 1.0   14   7.1M  171  490  74%    10M |  99.9   n/a   1   27  1.39M   15   19  55%  81.9M    n/a  n/a
   3   5e |   7 1.0   14   7.2M  194  515  72%    10M |  99.9   n/a   1   27  1.62M   16   21  56%  81.9M    n/a  n/a
   3   5f |   7 1.0   14   7.3M  171  499  74%    10M |  99.9   n/a   1   27  1.13M   12   21  63%  81.9M    n/a  n/a
   3   60 |   7 1.0   14   7.3M  186  513  73%    10M |  99.9   n/a   1   27  1.33M   13   22  62%  81.9M    n/a  n/a
   3   61 |   7 1.0   14   7.2M  171  480  73%    10M |  99.9   n/a   1   27  1.55M   16   21  56%  81.9M    n/a  n/a
   3   62 |   7 1.0   14   6.9M  169  557  76%    10M |  99.9   n/a   1   27  1.33M   14   25  64%  81.9M    n/a  n/a
   3   63 |   7 1.0   14   7.3M  170  503  74%    10M |  99.9   n/a   1   27  1.44M   15   22  59%  81.9M    n/a  n/a
   4   64 |   7 1.0   14   5.8M  206  469  69%    10M |  99.9   n/a   1   27  1.35M   21   18  46%  81.9M    n/a  n/a
   4   65 |   7 1.0   14   5.5M  190  452  70%    10M |  99.9   n/a   1   27  1.43M   22   24  52%  81.9M    n/a  n/a
   4   66 |   7 1.0   14   5.7M  190  475  71%    10M |  99.9   n/a   1   27  1.49M   24   21  46%  81.9M    n/a  n/a
   4   67 |   7 1.0   14   5.6M  188  440  70%    10M |  99.9   n/a   1   27  1.33M   19   22  53%  81.9M    n/a  n/a
   4   68 |   7 1.0   14   5.7M  193  416  68%    10M |  99.9   n/a   1   27  1.47M   22   19  46%  81.9M    n/a  n/a
   4   69 |   7 1.0   14   5.9M  191  464  70%    10M |  99.9   n/a   1   27  1.36M   20   21  51%  81.9M    n/a  n/a
   4   6a |   7 1.0   14   5.9M  198  444  69%    10M |  99.9   n/a   1   27  1.81M   27   19  41%  81.9M    n/a  n/a
   4   6b |   7 1.0   14   5.6M  192  414  68%    10M |  99.9   n/a   1   27  1.54M   25   21  45%  81.9M    n/a  n/a
   0   44 |   7 1.0   14   9.4M  222  433  66%    10M |  99.9   n/a   1   27  2.76M   27   22  44%  81.9M    n/a  n/a
   0   45 |   7 1.0   14   8.9M  213  420  66%    10M |  99.9   n/a   1   27  2.42M   23   19  45%  81.9M    n/a  n/a
   0   46 |   7 1.0   14   8.8M  206  472  69%    10M |  99.9   n/a   1   27  3.39M   32   21  39%  81.9M    n/a  n/a
   0   47 |   7 1.0   14   8.8M  213  435  67%    10M |  99.9   n/a   1   27  1.79M   18   27  60%  81.9M    n/a  n/a
   0   48 |   7 1.0   14   9.3M  230  434  65%    10M |  99.9   ovl   1   27  2.37M   24   18  42%  81.9M  -386n  n/a
   0   49 |   7 1.0   14   9.0M  212  454  68%    10M |  99.9   n/a   1   27  1.92M   19   20  51%  81.9M    n/a  n/a
   0   4a |   7 1.0   14   9.0M  218  474  68%    10M |  99.9   n/a   1   27  1.82M   19   19  50%  81.9M    n/a  n/a
   0   4b |   7 1.0   14   9.0M  213  433  67%    10M |  99.9   n/a   1   27  2.33M   22   25  53%  81.9M    n/a  n/a
   1   4c |   7 1.0   15   7.4M  180  493  73%    10M |  99.9   n/a   1   27  1.13M   11   18  62%  81.9M    n/a  n/a
   1   4d |   7 1.0   14   6.8M  160  483  75%    10M |  99.9   n/a   1   27  1.50M   16   16  50%  81.9M    n/a  n/a
   1   4e |   7 1.0   14   6.6M  167  505  75%    10M |  99.9   n/a   1   27  2.37M   25   12  32%  81.9M    n/a  n/a
   1   4f |   7 1.0   14   6.6M  152  462  75%    10M |  99.9   n/a   1   27  1.66M   18   19  51%  81.9M    n/a  n/a
   1   50 |   7 1.0   15   7.1M  161  468  74%    10M |  99.9   n/a   1   27  1.38M   15   21  58%  81.9M    n/a  n/a
   1   51 |   7 1.0   14   6.1M  145  496  77%    10M |  99.9   n/a   1   27  1.30M   13   20  60%  81.9M    n/a  n/a
   1   52 |   7 1.0   15   7.1M  163  499  75%    10M |  99.9   n/a   1   27  1.86M   18   16  47%  81.9M    n/a  n/a
   1   53 |   7 1.0   15   6.5M  148  497  77%    10M |  99.9   n/a   1   27  1.00M   10   17  62%  81.9M    n/a  n/a
   2   54 |   7 1.0   14   5.2M  188  572  75%    10M |  99.9   ovl   1   27   952k   13   24  64%  81.9M   378n  n/a
   2   55 |   7 1.0   14   5.3M  190  512  72%    10M |  99.9   ovl   1   27  1.08M   16   25  60%  81.9M   141n  n/a
   2   56 |   7 1.0   14   5.2M  186  523  73%    10M |  99.9   ovl   1   27  1.09M   18   26  59%  81.9M   816n  n/a
   2   57 |   7 1.0   14   5.2M  186  507  73%    10M |  99.9   ovl   1   27  1.11M   15   27  64%  81.9M   861n  n/a
   2   58 |   7 1.0   14   5.4M  198  494  71%    10M |  99.9   n/a   1   27  1.02M   15   24  61%  81.9M    n/a  n/a
   2   59 |   7 1.0   14   5.2M  177  516  74%    10M |  99.9   ovl   1   27  1.25M   19   26  57%  81.9M   139n  n/a
   2   5a |   7 1.0   14   5.2M  184  553  75%    10M |  99.9   ovl   1   27  1.12M   16   29  64%  81.9M  -390n  n/a
   2   5b |   7 1.0   14   5.3M  188  491  72%    10M |  99.9   ovl   1   27  1.28M   19   23  54%  81.9M   511n  n/a
   3   5c |   7 1.0   14   6.1M  152  529  77%    10M |  99.9   n/a   1   27   934k    9   25  73%  81.9M    n/a  n/a
   3   5d |   7 1.0   14   6.7M  153  503  76%    10M |  99.9   n/a   1   27   996k   10   21  67%  81.9M    n/a  n/a
   3   5e |   7 1.0   14   6.4M  157  559  78%    10M |  99.9   n/a   1   27   766k    8   24  75%  81.9M    n/a  n/a
   3   5f |   7 1.0   14   6.6M  162  542  76%    10M |  99.9   n/a   1   27  1.00M   10   22  68%  81.9M    n/a  n/a
   3   60 |   7 1.0   14   6.3M  149  602  80%    10M |  99.9   n/a   1   27  1.06M    9   22  70%  81.9M    n/a  n/a
   3   61 |   7 1.0   14   6.6M  162  517  76%    10M |  99.9   n/a   1   27   953k   10   21  67%  81.9M    n/a  n/a
   3   62 |   7 1.0   14   6.5M  164  532  76%    10M |  99.9   n/a   1   27  1.05M   11   23  67%  81.9M    n/a  n/a
   3   63 |   7 1.0   14   6.6M  158  534  77%    10M |  99.9   n/a   1   27  1.52M   15   21  58%  81.9M    n/a  n/a

          |--------------------DL---------------------|-------------------------------UL-----------------------------
 pci rnti | cqi  ri  mcs  brate   ok  nok  (%)  dl_bs | pusch  rsrp  ri  mcs  brate   ok  nok  (%)    bsr     ta  phr
   4   64 |   7 1.0   15   5.5M  183  521  74%    10M |  99.9   n/a   1   27   937k   15   22  59%  81.9M    n/a  n/a
   4   65 |   7 1.0   15   5.6M  186  445  70%    10M |  99.9   n/a   1   27  1.11M   16   22  57%  81.9M    n/a  n/a
   4   66 |   7 1.0   15   5.5M  192  475  71%    10M |  99.9   ovl   1   27   809k   13   23  63%  81.9M   839n  n/a
   4   67 |   7 1.0   15   5.7M  174  406  70%    10M |  99.9   n/a   1   27   747k   11   23  67%  81.9M    n/a  n/a
   4   68 |   7 1.0   15   5.6M  178  499  73%    10M |  99.9   ovl   1   27  1.19M   20   23  53%  81.9M    -1u  n/a
   4   69 |   7 1.0   14   5.5M  178  478  72%    10M |  99.9   n/a   1   27   990k   16   23  58%  81.9M    n/a  n/a
   4   6a |   7 1.0   15   5.4M  182  517  73%    10M |  99.9   n/a   1   27   783k   11   20  64%  81.9M    n/a  n/a
   4   6b |   7 1.0   15   5.6M  178  439  71%    10M |  99.9   n/a   1   27  1.14M   17   16  48%  81.9M    n/a  n/a
   0   44 |   7 1.0   15   7.6M  183  558  75%    10M |  99.9   ovl   1   27  1.95M   21   16  43%  81.9M    36n  n/a
   0   45 |   7 1.0   14   7.4M  162  480  74%    10M |  99.9   n/a   1   27  1.48M   13   22  62%  81.9M    n/a  n/a
   0   46 |   7 1.0   15   7.6M  166  527  76%    10M |  99.9   n/a   1   27  1.60M   15   16  51%  81.9M    n/a  n/a
   0   47 |   7 1.0   14   7.4M  169  501  74%    10M |  99.9   n/a   1   27  2.32M   23   17  42%  81.9M    n/a  n/a
   0   48 |   7 1.0   15   7.4M  171  522  75%    10M |  99.9   ovl   1   27  1.62M   15   21  58%  81.9M   449n  n/a
   0   49 |   7 1.0   14   7.1M  166  526  76%    10M |  99.9   n/a   1   27  2.19M   22   19  46%  81.9M    n/a  n/a
   0   4a |   7 1.0   15   7.1M  162  578  78%    10M |  99.9   ovl   1   27   799k    9   23  71%  81.9M  -606n  n/a
   0   4b |   7 1.0   14   7.6M  180  501  73%    10M |  99.9   ovl   1   27  1.69M   18   20  52%  81.9M    36n  n/a
   1   4c |   7 1.0   15   6.8M  167  555  76%    10M |  99.9   n/a   1   27   879k    9   19  67%  81.9M    n/a  n/a
   1   4d |   7 1.0   15   6.5M  149  525  77%    10M |  99.9   n/a   1   27  1.89M   19   17  47%  81.9M    n/a  n/a
   1   4e |   7 1.0   15   6.9M  152  540  78%    10M |  99.9   n/a   1   27   955k    9   24  72%  81.9M    n/a  n/a
   1   4f |   7 1.0   15   6.7M  134  455  77%    10M |  99.9   n/a   1   27  1.63M   17   16  48%  81.9M    n/a  n/a
   1   50 |   7 1.0   15   7.2M  172  537  75%    10M |  99.9   n/a   1   27  1.33M   14   17  54%  81.9M    n/a  n/a
   1   51 |   7 1.0   15   6.9M  152  433  74%    10M |  99.9   n/a   1   27  1.52M   15   18  54%  81.9M    n/a  n/a
   1   52 |   7 1.0   15   6.8M  179  577  76%    10M |  99.9   n/a   1   27  1.81M   18   20  52%  81.9M    n/a  n/a
   1   53 |   7 1.0   15   7.2M  159  481  75%    10M |  99.9   n/a   1   27  1.44M   15   19  55%  81.9M    n/a  n/a
   2   54 |   7 1.0   15   4.5M  162  551  77%    10M |  99.9   n/a   1   27   214k    3   18  85%  81.9M    n/a  n/a
   2   55 |   7 1.0   15   4.4M  140  558  79%    10M |  99.9   n/a   1   27   294k    4   22  84%  81.9M    n/a  n/a
   2   56 |   7 1.0   15   4.1M  138  610  81%    10M |  99.9   n/a   1   27   345k    5   17  77%  81.9M    n/a  n/a
   2   57 |   7 1.0   15   4.3M  134  556  80%    10M |  99.9   n/a   1   27   592k    9   23  71%  81.9M    n/a  n/a
   2   58 |   7 1.0   15   4.1M  139  607  81%    10M |  99.9   n/a   1   27   352k    5   25  83%  81.9M    n/a  n/a
   2   59 |   7 1.0   15   4.4M  150  542  78%    10M |  99.9   n/a   1   27   389k    6   23  79%  81.9M    n/a  n/a
   2   5a |   7 1.0   15   4.3M  142  599  80%    10M |  99.9   n/a   1   27   533k    8   22  73%  81.9M    n/a  n/a
   2   5b |   7 1.0   15   4.3M  144  521  78%    10M |  99.9   n/a   1   27   571k    8   22  73%  81.9M    n/a  n/a
   3   5c |   7 1.0   15   8.2M  186  511  73%    10M |  99.9   n/a   1   27  2.17M   22   22  50%  81.9M    n/a  n/a
   3   5d |   7 1.0   14   7.9M  178  448  71%    10M |  99.9   n/a   1   27  1.40M   14   21  60%  81.9M    n/a  n/a
   3   5e |   7 1.0   14   7.9M  196  510  72%    10M |  99.9   n/a   1   27  1.99M   20   20  50%  81.9M    n/a  n/a
   3   5f |   7 1.0   14   7.7M  182  491  72%    10M |  99.9   n/a   1   27  1.64M   17   20  54%  81.9M    n/a  n/a
   3   60 |   7 1.0   14   8.4M  207  497  70%    10M |  99.9   n/a   1   27  2.54M   26   18  40%  81.9M    n/a  n/a
   3   61 |   7 1.0   14   8.0M  176  463  72%    10M |  99.9   n/a   1   27  1.91M   21   20  48%  81.9M    n/a  n/a
   3   62 |   7 1.0   14   8.3M  190  453  70%    10M |  99.9   n/a   1   27  1.90M   20   23  53%  81.9M    n/a  n/a
   3   63 |   7 1.0   14   7.9M  189  461  70%    10M |  99.9   n/a   1   27  2.35M   23   18  43%  81.9M    n/a  n/a
   4   64 |   7 1.0   15   5.4M  186  607  76%    10M |  99.9   n/a   1   27  1.39M   22   24  52%  81.9M    n/a  n/a
   4   65 |   7 1.0   15   5.1M  165  521  75%    10M |  99.9   n/a   1   27  1.61M   24   16  40%  81.9M    n/a  n/a
   4   66 |   7 1.0   15   5.3M  175  473  72%    10M |  99.9   n/a   1   27  1.17M   18   22  55%  81.9M    n/a  n/a
   4   67 |   7 1.0   15   5.0M  158  494  75%    10M |  99.9   n/a   1   27  1.11M   16   21  56%  81.9M    n/a  n/a
   4   68 |   7 1.0   15   5.0M  164  581  77%    10M |  99.9   n/a   1   27   991k   15   19  55%  81.9M    n/a  n/a
   4   69 |   7 1.0   15   5.2M  166  519  75%    10M |  99.9   n/a   1   27  1.08M   16   18  52%  81.9M    n/a  n/a
   4   6a |   7 1.0   15   5.1M  162  543  77%    10M |  99.9   n/a   1   27  1.61M   24   17  41%  81.9M    n/a  n/a
   4   6b |   7 1.0   15   5.0M  160  486  75%    10M |  99.9   n/a   1   27   618k    9   22  70%  81.9M    n/a  n/a
   0   44 |   7 1.0   15   5.0M  118  699  85%    10M |  99.9   n/a   1   27   934k    9   17  65%  81.9M    n/a  n/a
   0   45 |   7 1.0   15   5.2M  115  606  84%    10M |  99.9   n/a   1   27  1.05M   10   21  67%  81.9M    n/a  n/a
   0   46 |   7 1.0   15   5.1M  115  614  84%    10M |  99.9   n/a   1   27   752k    8   24  75%  81.9M    n/a  n/a
   0   47 |   7 1.0   15   5.5M  120  610  83%    10M |  99.9   n/a   1   27   967k    9   20  68%  81.9M    n/a  n/a
   0   48 |   7 1.0   15   5.2M  130  628  82%    10M |  99.9   n/a   1   27   842k    8   21  72%  81.9M    n/a  n/a
   0   49 |   7 1.0   15   5.5M  114  586  83%    10M |  99.9   ovl   1   27   928k    9   20  68%  81.9M  -422n  n/a
   0   4a |   7 1.0   15   5.4M  119  650  84%    10M |  99.9   n/a   1   27   824k    8   22  73%  81.9M    n/a  n/a
   0   4b |   7 1.0   15   5.1M  117  658  84%    10M |  99.9   ovl   1   27  1.02M   10   20  66%  81.9M  -701n  n/a
   1   4c |   7 1.0   15   8.6M  189  519  73%    10M |  99.9   ovl   1   27  2.18M   22   19  46%  81.9M  -183n  n/a
   1   4d |   7 1.0   15   8.2M  179  462  72%    10M |  99.9   ovl   1   27  1.75M   17   20  54%  81.9M  -242n  n/a
   1   4e |   7 1.0   15   8.4M  198  488  71%    10M |  99.9   ovl   1   27  2.00M   21   16  43%  81.9M    95n  n/a
   1   4f |   7 1.0   15   8.4M  180  473  72%    10M |  99.9   ovl   1   27  1.64M   16   14  46%  81.9M  -267n  n/a
   1   50 |   7 1.0   15   8.3M  195  524  72%    10M |  99.9   ovl   1   27  1.01M   10   19  65%  81.9M   141n  n/a
   1   51 |   7 1.0   15   8.1M  183  479  72%    10M |  99.9   ovl   1   27  2.40M   21   18  46%  81.9M  -295n  n/a
   1   52 |   7 1.0   15   7.7M  173  553  76%    10M |  99.9   ovl   1   27  1.81M   19   18  48%  81.9M  -126n  n/a
   1   53 |   7 1.0   15   8.1M  176  425  70%    10M |  99.9   ovl   1   27  1.63M   15   16  51%  81.9M    79n  n/a
   2   54 |   7 1.0   15   5.5M  187  523  73%    10M |  99.9   n/a   1   27  1.26M   18   17  48%  81.9M    n/a  n/a
   2   55 |   7 1.0   15   5.4M  173  507  74%    10M |  99.9   ovl   1   27   995k   17   18  51%  81.9M   858n  n/a
   2   56 |   7 1.0   15   5.3M  182  519  74%    10M |  99.9   n/a   1   27  1.32M   20   17  45%  81.9M    n/a  n/a
   2   57 |   7 1.0   15   5.4M  171  477  73%    10M |  99.9   ovl   1   27  1.05M   16   24  60%  81.9M   380n  n/a
   2   58 |   7 1.0   15   5.2M  175  527  75%    10M |  99.9   n/a   1   27  1.14M   18   18  50%  81.9M    n/a  n/a
   2   59 |   7 1.0   15   5.4M  174  512  74%    10M |  99.9   ovl   1   27  1.05M   17   20  54%  81.9M   151n  n/a
   2   5a |   7 1.0   15   5.2M  175  531  75%    10M |  99.9   ovl   1   27  1.38M   21   18  46%  81.9M   902n  n/a
   2   5b |   7 1.0   15   5.3M  172  487  73%    10M |  99.9   ovl   1   27  1.25M   18   18  50%  81.9M   922n  n/a
   3   5c |   7 1.0   15   7.2M  163  569  77%    10M |  99.9   n/a   1   27  1.14M   13   20  60%  81.9M    n/a  n/a
   3   5d |   7 1.0   15   6.6M  148  518  77%    10M |  99.9   n/a   1   27  1.29M   12   22  64%  81.9M    n/a  n/a
   3   5e |   7 1.0   15   7.1M  159  614  79%    10M |  99.9   n/a   1   27  1.96M   20   18  47%  81.9M    n/a  n/a
   3   5f |   7 1.0   15   7.0M  153  560  78%    10M |  99.9   n/a   1   27  1.13M   12   19  61%  81.9M    n/a  n/a
   3   60 |   7 1.0   15   7.0M  164  561  77%    10M |  99.9   n/a   1   27  1.08M   12   21  63%  81.9M    n/a  n/a
   3   61 |   7 1.0   15   7.1M  160  511  76%    10M |  99.9   n/a   1   27  1.38M   14   21  60%  81.9M    n/a  n/a
   3   62 |   7 1.0   15   6.9M  165  589  78%    10M |  99.9   n/a   1   27  1.31M   14   24  63%  81.9M    n/a  n/a
   3   63 |   7 1.0   15   7.0M  153  511  76%    10M |  99.9   n/a   1   27  1.53M   16   18  52%  81.9M    n/a  n/a
   4   64 |   7 1.0   15   3.6M  111  685  86%    10M |  99.9   ovl   1   27   354k    5   20  80%  81.9M  -934n  n/a
   4   65 |   7 1.0   15   3.9M  130  554  80%    10M |  99.9   ovl   1   27   693k   11   24  68%  81.9M   136n  n/a
   4   66 |   7 1.0   15   3.8M  124  640  83%    10M |  99.9   ovl   1   27   448k    7   21  75%  81.9M  -400n  n/a
   4   67 |   7 1.0   15   4.1M  140  534  79%    10M |  99.9   ovl   1   27   937k   14   21  60%  81.9M  -784n  n/a
   4   68 |   7 1.0   15   4.0M  138  564  80%    10M |  99.9   ovl   1   27   518k    8   20  71%  81.9M   423n  n/a
   4   69 |   7 1.0   15   4.0M  130  543  80%    10M |  99.9   ovl   1   27   667k   11   23  67%  81.9M   972n  n/a
   4   6a |   7 1.0   15   4.0M  134  623  82%    10M |  99.9   ovl   1   27   613k   10   21  67%  81.9M  -198n  n/a
   4   6b |   7 1.0   15   4.1M  132  540  80%    10M |  99.9   n/a   1   27   632k   11   24  68%  81.9M    n/a  n/a

          |--------------------DL---------------------|-------------------------------UL-----------------------------
 pci rnti | cqi  ri  mcs  brate   ok  nok  (%)  dl_bs | pusch  rsrp  ri  mcs  brate   ok  nok  (%)    bsr     ta  phr
   0   44 |   7 1.0   15   5.5M  124  651  84%    10M |  99.9   n/a   1   27  1.24M   11   11  50%  81.9M    n/a  n/a
   0   45 |   7 1.0   15   5.6M  125  588  82%    10M |  99.9   n/a   1   27  1.42M   15   11  42%  81.9M    n/a  n/a
   0   46 |   7 1.0   15   6.0M  140  581  80%    10M |  99.9   n/a   1   27   867k    9   13  59%  81.9M    n/a  n/a
   0   47 |   7 1.0   15   5.4M  118  611  83%    10M |  99.9   n/a   1   27  1.18M   12   14  53%  81.9M    n/a  n/a
   0   48 |   7 1.0   15   5.9M  138  645  82%    10M |  99.9   n/a   1   27   848k    8    9  52%  81.9M    n/a  n/a
   0   49 |   7 1.0   15   5.6M  119  688  85%    10M |  99.9   n/a   1   27  1.16M   12   12  50%  81.9M    n/a  n/a
   0   4a |   7 1.0   15   5.8M  134  610  81%    10M |  99.9   n/a   1   27  1.18M   12   11  47%  81.9M    n/a  n/a
   0   4b |   7 1.0   15   5.5M  126  559  81%    10M |  99.9   n/a   1   27   674k    7   10  58%  81.9M    n/a  n/a
   1   4c |   7 1.0   16   6.4M  143  563  79%    10M |  99.9   ovl   1   27  1.69M   16   14  46%  81.9M  -263n  n/a
   1   4d |   7 1.0   15   5.6M  129  556  81%    10M |  99.9   ovl   1   27  2.00M   20   13  39%  81.9M     1n  n/a
   1   4e |   7 1.0   15   5.9M  139  605  81%    10M |  99.9   ovl   1   27  1.34M   14   12  46%  81.9M  -618n  n/a
   1   4f |   7 1.0   15   6.2M  133  421  75%    10M |  99.9   ovl   1   27  1.92M   18   11  37%  81.9M   106n  n/a
   1   50 |   7 1.0   15   6.3M  148  566  79%    10M |  99.9   ovl   1   27  1.61M   17   14  45%  81.9M   257n  n/a
   1   51 |   7 1.0   15   5.9M  132  469  78%    10M |  99.9   ovl   1   27  1.73M   18   13  41%  81.9M  -362n  n/a
   1   52 |   7 1.0   15   6.1M  135  584  81%    10M |  99.9   ovl   1   27  2.07M   21   13  38%  81.9M  -209n  n/a
   1   53 |   7 1.0   15   5.9M  132  485  78%    10M |  99.9   ovl   1   27  1.62M   15   13  46%  81.9M  -192n  n/a
   2   54 |   7 1.0   15   7.2M  222  452  67%    10M |  99.9   ovl   1   27  2.56M   40   11  21%  81.9M   588n  n/a
   2   55 |   7 1.0   15   7.1M  223  447  66%    10M |  99.9   ovl   1   27  2.54M   39    8  17%  81.9M   455n  n/a
   2   56 |   7 1.0   15   7.4M  235  414  63%    10M |  99.9   ovl   1   27  2.58M   40   10  20%  81.9M   180n  n/a
   2   57 |   7 1.0   15   7.1M  223  405  64%    10M |  99.9   ovl   1   27  3.06M   45   10  18%  81.9M   355n  n/a
   2   58 |   7 1.0   15   7.3M  237  449  65%    10M |  99.9   ovl   1   27  2.37M   36   12  25%  81.9M   395n  n/a
   2   59 |   7 1.0   15   7.0M  216  394  64%    10M |  99.9   ovl   1   27  2.96M   43   13  23%  81.9M   440n  n/a
   2   5a |   7 1.0   15   7.4M  234  348  59%    10M |  99.9   ovl   1   27  2.97M   45   10  18%  81.9M   117n  n/a
   2   5b |   7 1.0   15   7.0M  221  408  64%    10M |  99.9   ovl   1   27  3.05M   45    6  11%  81.9M   195n  n/a
   3   5c |   7 1.0   15   7.2M  164  607  78%    10M |  99.9   n/a   1   27  1.58M   17   11  39%  81.9M    n/a  n/a
   3   5d |   7 1.0   15   6.9M  155  574  78%    10M |  99.9   n/a   1   27  1.65M   16   11  40%  81.9M    n/a  n/a
   3   5e |   7 1.0   15   6.9M  157  603  79%    10M |  99.9   n/a   1   27  1.66M   17   12  41%  81.9M    n/a  n/a
   3   5f |   7 1.0   15   7.0M  156  530  77%    10M |  99.9   n/a   1   27  1.61M   18   12  40%  81.9M    n/a  n/a
   3   60 |   7 1.0   15   7.1M  157  579  78%    10M |  99.9   n/a   1   27  1.70M   16   10  38%  81.9M    n/a  n/a
   3   61 |   7 1.0   15   6.7M  149  533  78%    10M |  99.9   n/a   1   27  1.35M   14   12  46%  81.9M    n/a  n/a
   3   62 |   7 1.0   15   6.7M  168  635  79%    10M |  99.9   n/a   1   27  1.42M   14   12  46%  81.9M    n/a  n/a
   3   63 |   7 1.0   15   7.0M  156  548  77%    10M |  99.9   n/a   1   27  1.51M   16   12  42%  81.9M    n/a  n/a
   4   64 |   7 1.0   16   3.5M  107  628  85%    10M |  99.9   n/a   1   27   398k    5   11  68%  81.9M    n/a  n/a
   4   65 |   7 1.0   15   3.2M  107  643  85%    10M |  99.9   n/a   1   27   228k    4   10  71%  81.9M    n/a  n/a
   4   66 |   7 1.0   15   3.1M  104  700  87%    10M |  99.9   n/a   1   27   530k    8   14  63%  81.9M    n/a  n/a
   4   67 |   7 1.0   15   3.1M   96  629  86%    10M |  99.9   n/a   1   27   663k    9   10  52%  81.9M    n/a  n/a
   4   68 |   7 1.0   15   3.4M  111  697  86%    10M |  99.9   n/a   1   27   493k    7   14  66%  81.9M    n/a  n/a
   4   69 |   7 1.0   15   3.2M  104  588  84%    10M |  99.9   n/a   1   27   434k    6   15  71%  81.9M    n/a  n/a
   4   6a |   7 1.0   16   3.4M  114  733  86%    10M |  99.9   n/a   1   27   564k    8   13  61%  81.9M    n/a  n/a
   4   6b |   7 1.0   15   3.2M   98  571  85%    10M |  99.9   n/a   1   27   396k    6   13  68%  81.9M    n/a  n/a
   0   44 |   7 1.0   15   7.2M  153  540  77%    10M |  99.9   n/a   1   27  1.47M   14   20  58%  81.9M    n/a  n/a
   0   45 |   7 1.0   15   7.3M  153  477  75%    10M |  99.9   n/a   1   27  1.29M   13   22  62%  81.9M    n/a  n/a
   0   46 |   7 1.0   15   6.7M  150  597  79%    10M |  99.9   n/a   1   27  1.91M   19   16  45%  81.9M    n/a  n/a
   0   47 |   7 1.0   15   7.2M  165  539  76%    10M |  99.9   n/a   1   27  1.37M   15   20  57%  81.9M    n/a  n/a
   0   48 |   7 1.0   15   7.2M  161  547  77%    10M |  99.9   n/a   1   27  2.57M   25   23  47%  81.9M    n/a  n/a
   0   49 |   7 1.0   15   7.2M  153  497  76%    10M |  99.9   n/a   1   27  1.56M   16   22  57%  81.9M    n/a  n/a
   0   4a |   7 1.0   15   7.1M  151  566  78%    10M |  99.9   n/a   1   27  2.08M   19   16  45%  81.9M    n/a  n/a
   0   4b |   7 1.0   15   7.4M  147  467  76%    10M |  99.9   n/a   1   27   953k   10   28  73%  81.9M    n/a  n/a
   1   4c |   7 1.0   16   9.2M  194  514  72%    10M |  99.9   ovl   1   27  2.31M   23   17  42%  81.9M  -478n  n/a
   1   4d |   7 1.0   16   9.4M  188  489  72%    10M |  99.9   ovl   1   27  1.93M   19   17  47%  81.9M   879n  n/a
   1   4e |   7 1.0   16   9.4M  202  505  71%    10M |  99.9   ovl   1   27  1.59M   16   18  52%  81.9M  -513n  n/a
   1   4f |   7 1.0   16   9.3M  192  464  70%    10M |  99.9   ovl   1   27  2.24M   22   19  46%  81.9M   398n  n/a
   1   50 |   7 1.0   16   9.8M  202  496  71%    10M |  99.9   ovl   1   27  1.99M   19   21  52%  81.9M  -377n  n/a
   1   51 |   7 1.0   16   9.3M  189  473  71%    10M |  99.9   ovl   1   27  1.59M   18   16  47%  81.9M   160n  n/a
   1   52 |   7 1.0   16   9.4M  214  487  69%    10M |  99.9   n/a   1   27  1.60M   16   21  56%  81.9M    n/a  n/a
   1   53 |   7 1.0   16   9.5M  198  448  69%    10M |  99.9   n/a   1   27  1.80M   18   18  50%  81.9M    n/a  n/a
   2   54 |   7 1.0   16   4.4M  140  508  78%    10M |  99.9   ovl   1   27  1.12M   18   14  43%  81.9M   565n  n/a
   2   55 |   7 1.0   16   4.9M  144  491  77%    10M |  99.9   n/a   1   27  1.30M   20   14  41%  81.9M    n/a  n/a
   2   56 |   7 1.0   16   4.7M  149  545  78%    10M |  99.9   ovl   1   27   738k   11   15  57%  81.9M   -31n  n/a
   2   57 |   7 1.0   16   4.7M  140  478  77%    10M |  99.9   ovl   1   27   473k    7   15  68%  81.9M   139n  n/a
   2   58 |   7 1.0   16   4.3M  138  516  78%    10M |  99.9   ovl   1   27  1.16M   18   11  37%  81.9M  -124n  n/a
   2   59 |   7 1.0   16   4.8M  142  485  77%    10M |  99.9   ovl   1   27  1.06M   17   15  46%  81.9M   461n  n/a
   2   5a |   7 1.0   16   4.5M  137  551  80%    10M |  99.9   ovl   1   27   818k   12   10  45%  81.9M   104n  n/a
   2   5b |   7 1.0   16   4.6M  148  492  76%    10M |  99.9   n/a   1   27  1.33M   20   14  41%  81.9M    n/a  n/a
   3   5c |   7 1.0   16   7.9M  176  613  77%    10M |  99.9   n/a   1   27  1.80M   18   25  58%  81.9M    n/a  n/a
   3   5d |   7 1.0   15   7.8M  172  571  76%    10M |  99.9   n/a   1   27  1.49M   15   25  62%  81.9M    n/a  n/a
   3   5e |   7 1.0   15   7.8M  180  574  76%    10M |  99.9   n/a   1   27  2.05M   20   23  53%  81.9M    n/a  n/a
   3   5f |   7 1.0   15   7.8M  165  548  76%    10M |  99.9   n/a   1   27  1.49M   15   23  60%  81.9M    n/a  n/a
   3   60 |   7 1.0   15   8.3M  182  541  74%    10M |  99.9   n/a   1   27  1.69M   18   21  53%  81.9M    n/a  n/a
   3   61 |   7 1.0   15   7.5M  169  532  75%    10M |  99.9   n/a   1   27  1.46M   14   25  64%  81.9M    n/a  n/a
   3   62 |   7 1.0   15   7.7M  177  551  75%    10M |  99.9   n/a   1   27  1.53M   15   21  58%  81.9M    n/a  n/a
   3   63 |   7 1.0   15   7.6M  170  493  74%    10M |  99.9   n/a   1   27  1.67M   16   23  58%  81.9M    n/a  n/a
   4   64 |   7 1.0   16   4.4M  141  594  80%    10M |  99.9   n/a   1   27   609k   10   23  69%  81.9M    n/a  n/a
   4   65 |   7 1.0   16   4.5M  136  506  78%    10M |  99.9   n/a   1   27   828k   12   19  61%  81.9M    n/a  n/a
   4   66 |   7 1.0   16   4.3M  144  622  81%    10M |  99.9   n/a   1   27   367k    6   23  79%  81.9M    n/a  n/a
   4   67 |   7 1.0   16   4.5M  125  545  81%    10M |  99.9   n/a   1   27   733k   11   20  64%  81.9M    n/a  n/a
   4   68 |   7 1.0   16   4.4M  141  593  80%    10M |  99.9   n/a   1   27   805k   13   21  61%  81.9M    n/a  n/a
   4   69 |   7 1.0   16   4.4M  130  537  80%    10M |  99.9   n/a   1   27   563k    8   21  72%  81.9M    n/a  n/a
   4   6a |   7 1.0   16   4.4M  133  603  81%    10M |  99.9   n/a   1   27   549k    8   19  70%  81.9M    n/a  n/a
   4   6b |   7 1.0   16   4.4M  131  547  80%    10M |  99.9   n/a   1   27   720k   10   21  67%  81.9M    n/a  n/a
   0   44 |   7 1.0   16   7.6M  157  574  78%    10M |  99.9   n/a   1   27  1.62M   17   15  46%  81.9M    n/a  n/a
   0   45 |   7 1.0   16   7.5M  151  532  77%    10M |  99.9   n/a   1   27  1.56M   17   13  43%  81.9M    n/a  n/a
   0   46 |   7 1.0   16   8.0M  161  541  77%    10M |  99.9   n/a   1   27  2.20M   22   10  31%  81.9M    n/a  n/a
   0   47 |   7 1.0   16   7.2M  145  552  79%    10M |  99.9   n/a   1   27  1.78M   18   17  48%  81.9M    n/a  n/a
   0   48 |   7 1.0   16   7.1M  154  630  80%    10M |  99.9   n/a   1   27  1.84M   18   15  45%  81.9M    n/a  n/a
   0   49 |   7 1.0   16   7.4M  152  548  78%    10M |  99.9   n/a   1   27  1.34M   13   15  53%  81.9M    n/a  n/a
   0   4a |   7 1.0   16   7.2M  154  591  79%    10M |  99.9   n/a   1   27  1.26M   13   19  59%  81.9M    n/a  n/a
   0   4b |   7 1.0   15   7.3M  146  498  77%    10M |  99.9   n/a   1   27  1.92M   20   15  42%  81.9M    n/a  n/a

          |--------------------DL---------------------|-------------------------------UL-----------------------------
 pci rnti | cqi  ri  mcs  brate   ok  nok  (%)  dl_bs | pusch  rsrp  ri  mcs  brate   ok  nok  (%)    bsr     ta  phr
   1   4c |   7 1.0   16    11M  231  395  63%    10M |  99.9   ovl   1   27  3.84M   38   18  32%  81.9M  -116n  n/a
   1   4d |   7 1.0   16    10M  202  459  69%    10M |  99.9   ovl   1   27  3.38M   34   14  29%  81.9M  -151n  n/a
   1   4e |   7 1.0   16    11M  230  433  65%    10M |  99.9   ovl   1   27  3.19M   34   15  30%  81.9M  -157n  n/a
   1   4f |   7 1.0   16    11M  218  422  65%    10M |  99.9   ovl   1   27  3.24M   31   15  32%  81.9M  -463n  n/a
   1   50 |   7 1.0   16    11M  241  439  64%    10M |  99.9   ovl   1   27  3.27M   33   13  28%  81.9M   -32n  n/a
   1   51 |   7 1.0   16    11M  217  399  64%    10M |  99.9   ovl   1   27  2.98M   29   16  35%  81.9M  -196n  n/a
   1   52 |   7 1.0   16    11M  230  467  67%    10M |  99.9   ovl   1   27  3.18M   30   13  30%  81.9M  -147n  n/a
   1   53 |   7 1.0   16    11M  218  351  61%    10M |  99.9   ovl   1   27  3.19M   31   14  31%  81.9M  -193n  n/a
   2   54 |   7 1.0   16   5.2M  164  527  76%    10M |  99.9   n/a   1   27  1.39M   21   19  47%  81.9M    n/a  n/a
   2   55 |   7 1.0   16   6.0M  170  398  70%    10M |  99.9   ovl   1   27  1.45M   24    9  27%  81.9M   151n  n/a
   2   56 |   7 1.0   16   5.5M  168  505  75%    10M |  99.9   ovl   1   27  1.25M   19   13  40%  81.9M   314n  n/a
   2   57 |   7 1.0   16   6.2M  169  393  69%    10M |  99.9   ovl   1   27  1.26M   21    9  30%  81.9M   878n  n/a
   2   58 |   7 1.0   16   6.0M  193  440  69%    10M |  99.9   ovl   1   27  2.05M   31    9  22%  81.9M    50n  n/a
   2   59 |   7 1.0   16   5.8M  176  430  70%    10M |  99.9   n/a   1   27  1.49M   20   16  44%  81.9M    n/a  n/a
   2   5a |   7 1.0   16   6.1M  182  426  70%    10M |  99.9   ovl   1   27  1.51M   22   10  31%  81.9M   192n  n/a
   2   5b |   7 1.0   16   5.9M  162  393  70%    10M |  99.9   ovl   1   27  2.09M   29   13  30%  81.9M   293n  n/a
   3   5c |   7 1.0   16   7.5M  158  535  77%    10M |  99.9   n/a   1   27   799k    8   18  69%  81.9M    n/a  n/a
   3   5d |   7 1.0   15   7.0M  150  591  79%    10M |  99.9   n/a   1   27   715k    7   21  75%  81.9M    n/a  n/a
   3   5e |   7 1.0   16   7.0M  142  572  80%    10M |  99.9   n/a   1   27   744k    8   17  68%  81.9M    n/a  n/a
   3   5f |   7 1.0   15   6.8M  147  554  79%    10M |  99.9   n/a   1   27   943k    9   18  66%  81.9M    n/a  n/a
   3   60 |   7 1.0   16   7.3M  156  659  80%    10M |  99.9   n/a   1   27   758k    8   20  71%  81.9M    n/a  n/a
   3   61 |   7 1.0   15   7.2M  157  591  79%    10M |  99.9   n/a   1   27   943k    8   18  69%  81.9M    n/a  n/a
   3   62 |   7 1.0   16   7.2M  156  612  79%    10M |  99.9   n/a   1   27  1.04M   10   18  64%  81.9M    n/a  n/a
   3   63 |   7 1.0   15   7.0M  147  571  79%    10M |  99.9   n/a   1   27   848k    8   20  71%  81.9M    n/a  n/a
   4   64 |   7 1.0   16   4.4M  135  687  83%    10M |  99.9   n/a   1   27   634k   10   18  64%  81.9M    n/a  n/a
   4   65 |   7 1.0   16   4.4M  126  576  82%    10M |  99.9   n/a   1   27   717k   11   18  62%  81.9M    n/a  n/a
   4   66 |   7 1.0   16   4.6M  147  620  80%    10M |  99.9   n/a   1   27   594k    9   17  65%  81.9M    n/a  n/a
   4   67 |   7 1.0   16   4.4M  135  501  78%    10M |  99.9   n/a   1   27   549k    8   16  66%  81.9M    n/a  n/a
   4   68 |   7 1.0   16   4.5M  147  592  80%    10M |  99.9   n/a   1   27   562k    9   19  67%  81.9M    n/a  n/a
   4   69 |   7 1.0   16   4.2M  119  615  83%    10M |  99.9   n/a   1   27   670k   10   16  61%  81.9M    n/a  n/a
   4   6a |   7 1.0   16   4.6M  143  661  82%    10M |  99.9   n/a   1   27   582k    9   19  67%  81.9M    n/a  n/a
   4   6b |   7 1.0   16   4.4M  133  497  78%    10M |  99.9   n/a   1   27   724k   11   15  57%  81.9M    n/a  n/a
   0   44 |   7 1.0   16   9.5M  207  506  70%    10M |  99.9   ovl   1   27  1.48M   15   17  53%  81.9M  -176n  n/a
   0   45 |   7 1.0   16   9.4M  185  443  70%    10M |  99.9   ovl   1   27  1.89M   18   15  45%  81.9M    -4n  n/a
   0   46 |   7 1.0   16   9.3M  198  522  72%    10M |  99.9   ovl   1   27  1.81M   19   13  40%  81.9M   124n  n/a
   0   47 |   7 1.0   16   9.2M  190  477  71%    10M |  99.9   ovl   1   27  2.53M   25   12  32%  81.9M  -496n  n/a
   0   48 |   7 1.0   16   9.5M  199  534  72%    10M |  99.9   ovl   1   27  1.81M   18   15  45%  81.9M  -606n  n/a
   0   49 |   7 1.0   16   9.4M  193  444  69%    10M |  99.9   ovl   1   27  2.05M   21   17  44%  81.9M  -440n  n/a
   0   4a |   7 1.0   16   9.4M  194  519  72%    10M |  99.9   ovl   1   27  2.20M   23   19  45%  81.9M  -141n  n/a
   0   4b |   7 1.0   16   9.2M  178  479  72%    10M |  99.9   ovl   1   27  2.19M   22   17  43%  81.9M   137n  n/a
   1   4c |   7 1.0   17   8.9M  186  571  75%    10M |  99.9   ovl   1   27  1.80M   17   20  54%  81.9M   408n  n/a
   1   4d |   7 1.0   16   8.3M  173  587  77%    10M |  99.9   n/a   1   27  1.67M   15   17  53%  81.9M    n/a  n/a
   1   4e |   7 1.0   16   8.5M  165  552  76%    10M |  99.9   n/a   1   27  1.86M   17   21  55%  81.9M    n/a  n/a
   1   4f |   7 1.0   16   8.5M  170  490  74%    10M |  99.9   n/a   1   27  1.55M   14   20  58%  81.9M    n/a  n/a
   1   50 |   7 1.0   17   9.1M  185  566  75%    10M |  99.9   n/a   1   27  1.74M   17   18  51%  81.9M    n/a  n/a
   1   51 |   7 1.0   16   8.4M  181  490  73%    10M |  99.9   n/a   1   27  1.78M   17   18  51%  81.9M    n/a  n/a
   1   52 |   7 1.0   16   8.5M  181  532  74%    10M |  99.9   n/a   1   27  1.76M   18   19  51%  81.9M    n/a  n/a
   1   53 |   7 1.0   16   8.7M  176  547  75%    10M |  99.9   n/a   1   27  1.56M   16   21  56%  81.9M    n/a  n/a
   2   54 |   7 1.0   16   5.5M  173  498  74%    10M |  99.9   n/a   1   27  1.62M   23   12  34%  81.9M    n/a  n/a
   2   55 |   7 1.0   16   5.5M  157  501  76%    10M |  99.9   n/a   1   27  1.24M   18   23  56%  81.9M    n/a  n/a
   2   56 |   7 1.0   16   5.6M  185  562  75%    10M |  99.9   n/a   1   27  1.58M   25   22  46%  81.9M    n/a  n/a
   2   57 |   7 1.0   16   5.3M  154  459  74%    10M |  99.9   n/a   1   27  1.60M   24   22  47%  81.9M    n/a  n/a
   2   58 |   7 1.0   16   5.6M  180  575  76%    10M |  99.9   n/a   1   27  1.29M   20   20  50%  81.9M    n/a  n/a
   2   59 |   7 1.0   16   5.4M  166  476  74%    10M |  99.9   n/a   1   27  1.71M   25   15  37%  81.9M    n/a  n/a
   2   5a |   7 1.0   16   5.9M  179  484  73%    10M |  99.9   n/a   1   27  1.50M   21   18  46%  81.9M    n/a  n/a
   2   5b |   7 1.0   16   5.5M  164  452  73%    10M |  99.9   n/a   1   27  1.18M   16   17  51%  81.9M    n/a  n/a
   3   5c |   7 1.0   16   7.0M  146  588  80%    10M |  99.9   n/a   1   27  1.95M   21   19  47%  81.9M    n/a  n/a
   3   5d |   7 1.0   16   6.8M  140  548  79%    10M |  99.9   n/a   1   27  1.02M   10   23  69%  81.9M    n/a  n/a
   3   5e |   7 1.0   16   7.1M  153  624  80%    10M |  99.9   n/a   1   27  1.34M   12   20  62%  81.9M    n/a  n/a
   3   5f |   7 1.0   16   7.0M  138  514  78%    10M |  99.9   n/a   1   27   969k   10   22  68%  81.9M    n/a  n/a
   3   60 |   7 1.0   16   6.8M  143  636  81%    10M |  99.9   n/a   1   27  1.75M   17   21  55%  81.9M    n/a  n/a
   3   61 |   7 1.0   16   7.0M  142  530  78%    10M |  99.9   n/a   1   27  1.73M   17   20  54%  81.9M    n/a  n/a
   3   62 |   7 1.0   16   6.8M  158  598  79%    10M |  99.9   n/a   1   27  1.17M   11   20  64%  81.9M    n/a  n/a
   3   63 |   7 1.0   16   6.7M  132  519  79%    10M |  99.9   n/a   1   27  1.65M   18   21  53%  81.9M    n/a  n/a
   4   64 |   7 1.0   16   6.7M  197  525  72%    10M |  99.9   ovl   1   27  1.54M   21   15  41%  81.9M  -276n  n/a
   4   65 |   7 1.0   16   6.4M  193  453  70%    10M |  99.9   ovl   1   27  1.41M   21   14  40%  81.9M   223n  n/a
   4   66 |   7 1.0   16   6.7M  196  481  71%    10M |  99.9   ovl   1   27  1.61M   25   11  30%  81.9M     1u  n/a
   4   67 |   7 1.0   16   6.5M  180  445  71%    10M |  99.9   ovl   1   27  1.29M   20   18  47%  81.9M  -246n  n/a
   4   68 |   7 1.0   16   6.7M  216  457  67%    10M |  99.9   ovl   1   27  1.47M   23   12  34%  81.9M   -33n  n/a
   4   69 |   7 1.0   16   6.6M  188  460  70%    10M |  99.9   ovl   1   27  1.07M   16   15  48%  81.9M     1u  n/a
   4   6a |   7 1.0   16   6.7M  209  470  69%    10M |  99.9   ovl   1   27  1.34M   19   15  44%  81.9M    -1u  n/a
   4   6b |   7 1.0   16   6.5M  184  408  68%    10M |  99.9   ovl   1   27  1.16M   18   18  50%  81.9M    85n  n/a
   0   44 |   7 1.0   16   6.1M  131  665  83%    10M |  99.9   n/a   1   27  1.46M   15   18  54%  81.9M    n/a  n/a
   0   45 |   7 1.0   16   6.9M  134  523  79%    10M |  99.9   n/a   1   27  1.97M   20   14  41%  81.9M    n/a  n/a
   0   46 |   7 1.0   16   6.9M  143  570  79%    10M |  99.9   n/a   1   27   844k    8   25  75%  81.9M    n/a  n/a
   0   47 |   7 1.0   16   6.8M  138  534  79%    10M |  99.9   n/a   1   27  1.31M   13   19  59%  81.9M    n/a  n/a
   0   48 |   7 1.0   16   6.6M  133  712  84%    10M |  99.9   n/a   1   27  1.00M   10   23  69%  81.9M    n/a  n/a
   0   49 |   7 1.0   16   6.8M  137  520  79%    10M |  99.9   n/a   1   27  1.34M   14   23  62%  81.9M    n/a  n/a
   0   4a |   7 1.0   16   7.0M  147  545  78%    10M |  99.9   n/a   1   27  1.88M   18   14  43%  81.9M    n/a  n/a
   0   4b |   7 1.0   16   6.7M  141  546  79%    10M |  99.9   n/a   1   27  2.00M   19   11  36%  81.9M    n/a  n/a
   1   4c |   7 1.0   17   6.7M  136  645  82%    10M |  99.9   n/a   1   27  1.09M   10   16  61%  81.9M    n/a  n/a
   1   4d |   7 1.0   17   7.1M  137  543  79%    10M |  99.9   n/a   1   27   727k    8   20  71%  81.9M    n/a  n/a
   1   4e |   7 1.0   17   7.1M  136  643  82%    10M |  99.9   n/a   1   27   943k    9   16  64%  81.9M    n/a  n/a
   1   4f |   7 1.0   17   7.1M  135  556  80%    10M |  99.9   n/a   1   27   871k    8   15  65%  81.9M    n/a  n/a
   1   50 |   7 1.0   17   7.0M  140  600  81%    10M |  99.9   n/a   1   27   842k    9   17  65%  81.9M    n/a  n/a
   1   51 |   7 1.0   17   7.0M  137  549  80%    10M |  99.9   n/a   1   27   455k    5   16  76%  81.9M    n/a  n/a
   1   52 |   7 1.0   17   6.8M  148  608  80%    10M |  99.9   n/a   1   27   674k    6   18  75%  81.9M    n/a  n/a
   1   53 |   7 1.0   17   7.0M  133  489  78%    10M |  99.9   n/a   1   27   674k    7   19  73%  81.9M    n/a  n/a

          |--------------------DL---------------------|-------------------------------UL-----------------------------
 pci rnti | cqi  ri  mcs  brate   ok  nok  (%)  dl_bs | pusch  rsrp  ri  mcs  brate   ok  nok  (%)    bsr     ta  phr
   2   54 |   7 1.0   17   6.5M  198  499  71%    10M |  99.9   ovl   1   27  1.32M   19   18  48%  81.9M   321n  n/a
   2   55 |   7 1.0   16   6.4M  183  444  70%    10M |  99.9   ovl   1   27  1.43M   23   17  42%  81.9M   559n  n/a
   2   56 |   7 1.0   17   6.6M  205  493  70%    10M |  99.9   ovl   1   27  1.68M   25   16  39%  81.9M   569n  n/a
   2   57 |   7 1.0   16   6.4M  182  455  71%    10M |  99.9   ovl   1   27  1.60M   24   12  33%  81.9M    -4n  n/a
   2   58 |   7 1.0   17   6.8M  214  497  69%    10M |  99.9   ovl   1   27  1.60M   25   18  41%  81.9M   446n  n/a
   2   59 |   7 1.0   16   5.9M  181  494  73%    10M |  99.9   ovl   1   27  2.01M   31   13  29%  81.9M    45n  n/a
   2   5a |   7 1.0   17   6.5M  195  504  72%    10M |  99.9   ovl   1   27  1.40M   21   12  36%  81.9M   474n  n/a
   2   5b |   7 1.0   16   6.2M  180  503  73%    10M |  99.9   ovl   1   27  1.32M   19   18  48%  81.9M   504n  n/a
   3   5c |   7 1.0   16   8.7M  178  474  72%    10M |  99.9   ovl   1   27  1.37M   13   17  56%  81.9M   739n  n/a
   3   5d |   7 1.0   16   8.7M  170  446  72%    10M |  99.9   ovl   1   27  1.61M   15   18  54%  81.9M   -54n  n/a
   3   5e |   7 1.0   16   8.4M  178  527  74%    10M |  99.9   ovl   1   27  1.18M   12   19  61%  81.9M   -69n  n/a
   3   5f |   7 1.0   16   8.7M  183  505  73%    10M |  99.9   ovl   1   27  1.75M   19   15  44%  81.9M   864n  n/a
   3   60 |   7 1.0   16   8.4M  183  551  75%    10M |  99.9   ovl   1   27   893k    9   18  66%  81.9M  -156n  n/a
   3   61 |   7 1.0   16   8.6M  169  467  73%    10M |  99.9   ovl   1   27  1.33M   13   18  58%  81.9M  -892n  n/a
   3   62 |   7 1.0   16   8.6M  183  539  74%    10M |  99.9   n/a   1   27  1.41M   14   13  48%  81.9M    n/a  n/a
   3   63 |   7 1.0   16   8.3M  166  457  73%    10M |  99.9   ovl   1   27  1.68M   18   15  45%  81.9M     8n  n/a
   4   64 |   7 1.0   17   4.6M  137  644  82%    10M |  99.9   n/a   1   27   720k   11   21  65%  81.9M    n/a  n/a
   4   65 |   7 1.0   16   4.4M  125  602  82%    10M |  99.9   n/a   1   27   793k   11   21  65%  81.9M    n/a  n/a
   4   66 |   7 1.0   17   4.3M  135  624  82%    10M |  99.9   n/a   1   27   497k    7   23  76%  81.9M    n/a  n/a
   4   67 |   7 1.0   16   4.3M  123  573  82%    10M |  99.9   n/a   1   27   863k   13   21  61%  81.9M    n/a  n/a
   4   68 |   7 1.0   17   4.3M  127  658  83%    10M |  99.9   n/a   1   27   972k   15   23  60%  81.9M    n/a  n/a
   4   69 |   7 1.0   16   4.3M  122  534  81%    10M |  99.9   n/a   1   27   531k    8   23  74%  81.9M    n/a  n/a
   4   6a |   7 1.0   17   4.4M  125  617  83%    10M |  99.9   n/a   1   27   645k    9   19  67%  81.9M    n/a  n/a
   4   6b |   7 1.0   16   4.2M  124  530  81%    10M |  99.9   n/a   1   27   602k    9   22  70%  81.9M    n/a  n/a
   0   44 |   7 1.0   17   8.1M  175  606  77%    10M |  99.9   n/a   1   27  1.90M   19   17  47%  81.9M    n/a  n/a
   0   45 |   7 1.0   16   8.1M  164  512  75%    10M |  99.9   n/a   1   27  1.44M   13   16  55%  81.9M    n/a  n/a
   0   46 |   7 1.0   17   8.0M  170  661  79%    10M |  99.9   n/a   1   27  1.61M   15   15  50%  81.9M    n/a  n/a
   0   47 |   7 1.0   16   8.5M  161  545  77%    10M |  99.9   n/a   1   27  1.41M   14   15  51%  81.9M    n/a  n/a
   0   48 |   7 1.0   17   8.1M  161  536  76%    10M |  99.9   n/a   1   27  1.87M   21   13  38%  81.9M    n/a  n/a
   0   49 |   7 1.0   16   8.0M  163  510  75%    10M |  99.9   n/a   1   27   942k   10   21  67%  81.9M    n/a  n/a
   0   4a |   7 1.0   17   8.2M  169  577  77%    10M |  99.9   n/a   1   27   853k    8   16  66%  81.9M    n/a  n/a
   0   4b |   7 1.0   16   8.0M  160  514  76%    10M |  99.9   n/a   1   27   961k   10   16  61%  81.9M    n/a  n/a
   1   4c |   7 1.0   17   6.6M  142  669  82%    10M |  99.9   n/a   1   27  1.01M   10   23  69%  81.9M    n/a  n/a
   1   4d |   7 1.0   17   6.4M  129  606  82%    10M |  99.9   n/a   1   27   764k    7   23  76%  81.9M    n/a  n/a
   1   4e |   7 1.0   17   6.7M  135  572  80%    10M |  99.9   n/a   1   27   855k    8   24  75%  81.9M    n/a  n/a
   1   4f |   7 1.0   17   6.6M  124  543  81%    10M |  99.9   n/a   1   27   855k    9   25  73%  81.9M    n/a  n/a
   1   50 |   7 1.0   17   6.5M  136  638  82%    10M |  99.9   n/a   1   27  1.08M   11   21  65%  81.9M    n/a  n/a
   1   51 |   7 1.0   17   6.6M  130  619  82%    10M |  99.9   n/a   1   27   842k    8   23  74%  81.9M    n/a  n/a
   1   52 |   7 1.0   17   6.4M  132  597  81%    10M |  99.9   n/a   1   27   832k    8   23  74%  81.9M    n/a  n/a
   1   53 |   7 1.0   17   6.8M  127  597  82%    10M |  99.9   n/a   1   27   781k    9   22  70%  81.9M    n/a  n/a
   2   54 |   7 1.0   17   5.6M  172  443  72%    10M |  99.9   n/a   1   27  1.33M   20   15  42%  81.9M    n/a  n/a
   2   55 |   7 1.0   17   5.5M  145  502  77%    10M |  99.9   ovl   1   27  1.88M   28    9  24%  81.9M   153n  n/a
   2   56 |   7 1.0   17   5.7M  155  580  78%    10M |  99.9   n/a   1   27  1.29M   21   17  44%  81.9M    n/a  n/a
   2   57 |   7 1.0   17   5.8M  159  461  74%    10M |  99.9   n/a   1   27   984k   17   14  45%  81.9M    n/a  n/a
   2   58 |   7 1.0   17   5.5M  158  549  77%    10M |  99.9   n/a   1   27  1.53M   22   14  38%  81.9M    n/a  n/a
   2   59 |   7 1.0   17   5.7M  157  485  75%    10M |  99.9   n/a   1   27  1.18M   18   18  50%  81.9M    n/a  n/a
   2   5a |   7 1.0   17   5.7M  162  558  77%    10M |  99.9   ovl   1   27  1.28M   19   15  44%  81.9M  -445n  n/a
   2   5b |   7 1.0   17   5.5M  151  521  77%    10M |  99.9   ovl   1   27  1.39M   21   12  36%  81.9M   112n  n/a
   3   5c |   7 1.0   17   8.1M  164  555  77%    10M |  99.9   ovl   1   27  2.37M   23   19  45%  81.9M   589n  n/a
   3   5d |   7 1.0   16   8.4M  169  462  73%    10M |  99.9   ovl   1   27  1.75M   18   20  52%  81.9M   -46n  n/a
   3   5e |   7 1.0   17   7.9M  165  629  79%    10M |  99.9   ovl   1   27  1.54M   16   24  60%  81.9M  -180n  n/a
   3   5f |   7 1.0   16   8.5M  173  466  72%    10M |  99.9   ovl   1   27  1.82M   18   22  55%  81.9M  -350n  n/a
   3   60 |   7 1.0   17   7.9M  157  629  80%    10M |  99.9   ovl   1   27  1.84M   18   22  55%  81.9M  -113n  n/a
   3   61 |   7 1.0   16   8.6M  170  489  74%    10M |  99.9   ovl   1   27  2.00M   19   19  50%  81.9M   790n  n/a
   3   62 |   7 1.0   17   8.5M  177  505  74%    10M |  99.9   ovl   1   27  2.07M   21   22  51%  81.9M   237n  n/a
   3   63 |   7 1.0   16   8.2M  168  520  75%    10M |  99.9   ovl   1   27  2.18M   23   21  47%  81.9M  -543n  n/a
   4   64 |   7 1.0   17   5.9M  165  629  79%    10M |  99.9   n/a   1   27  1.05M   15   15  50%  81.9M    n/a  n/a
   4   65 |   7 1.0   17   6.1M  171  511  74%    10M |  99.9   n/a   1   27  1.31M   19   15  44%  81.9M    n/a  n/a
   4   66 |   7 1.0   17   5.8M  171  519  75%    10M |  99.9   n/a   1   27   882k   13   14  51%  81.9M    n/a  n/a
   4   67 |   7 1.0   17   6.0M  166  468  73%    10M |  99.9   n/a   1   27   876k   13   17  56%  81.9M    n/a  n/a
   4   68 |   7 1.0   17   6.1M  172  536  75%    10M |  99.9   n/a   1   27   877k   14   20  58%  81.9M    n/a  n/a
   4   69 |   7 1.0   17   6.0M  165  486  74%    10M |  99.9   n/a   1   27  1.06M   15   13  46%  81.9M    n/a  n/a
   4   6a |   7 1.0   17   5.9M  179  546  75%    10M |  99.9   n/a   1   27   764k   12   16  57%  81.9M    n/a  n/a
   4   6b |   7 1.0   17   6.1M  172  494  74%    10M |  99.9   n/a   1   27  1.33M   20   15  42%  81.9M    n/a  n/a
   0   44 |   7 1.0   17   6.2M  124  649  83%    10M |  99.9   n/a   1   27  1.31M   12   18  60%  81.9M    n/a  n/a
   0   45 |   7 1.0   17   6.4M  130  588  81%    10M |  99.9   n/a   1   27  1.10M   11   17  60%  81.9M    n/a  n/a
   0   46 |   7 1.0   17   5.9M  121  637  84%    10M |  99.9   n/a   1   27   746k    7   16  69%  81.9M    n/a  n/a
   0   47 |   7 1.0   17   6.3M  126  571  81%    10M |  99.9   n/a   1   27   826k    8   18  69%  81.9M    n/a  n/a
   0   48 |   7 1.0   17   5.8M  113  634  84%    10M |  99.9   n/a   1   27  1.29M   13   18  58%  81.9M    n/a  n/a
   0   49 |   7 1.0   17   6.3M  133  497  78%    10M |  99.9   n/a   1   27   980k    9   16  64%  81.9M    n/a  n/a
   0   4a |   7 1.0   17   6.0M  114  694  85%    10M |  99.9   n/a   1   27   959k   10   20  66%  81.9M    n/a  n/a
   0   4b |   7 1.0   17   6.5M  130  559  81%    10M |  99.9   n/a   1   27  1.06M    9   18  66%  81.9M    n/a  n/a
   1   4c |   7 1.0   18   8.4M  165  622  79%    10M |  99.9   ovl   1   27  1.77M   18   13  41%  81.9M   -97n  n/a
   1   4d |   7 1.0   17   8.0M  158  529  77%    10M |  99.9   ovl   1   27  1.43M   15   15  50%  81.9M  -225n  n/a
   1   4e |   7 1.0   17   8.3M  161  566  77%    10M |  99.9   ovl   1   27  1.99M   22   17  43%  81.9M  -209n  n/a
   1   4f |   7 1.0   17   7.9M  146  535  78%    10M |  99.9   ovl   1   27  1.86M   18   14  43%  81.9M  -542n  n/a
   1   50 |   7 1.0   17   8.1M  168  573  77%    10M |  99.9   ovl   1   27  2.23M   22   15  40%  81.9M    97n  n/a
   1   51 |   7 1.0   17   8.0M  145  484  76%    10M |  99.9   ovl   1   27  1.96M   20   15  42%  81.9M   181n  n/a
   1   52 |   7 1.0   17   7.2M  150  604  80%    10M |  99.9   ovl   1   27  2.06M   22   13  37%  81.9M  -478n  n/a
   1   53 |   7 1.0   17   7.5M  145  549  79%    10M |  99.9   ovl   1   27  1.82M   18   14  43%  81.9M   317n  n/a
   2   54 |   7 1.0   17   4.9M  143  645  81%    10M |  99.9   ovl   1   27   981k   15   12  44%  81.9M   441n  n/a
   2   55 |   7 1.0   17   4.9M  145  576  79%    10M |  99.9   ovl   1   27   865k   14   15  51%  81.9M    92n  n/a
   2   56 |   7 1.0   17   4.9M  150  604  80%    10M |  99.9   ovl   1   27  1.43M   21   18  46%  81.9M   862n  n/a
   2   57 |   7 1.0   17   5.3M  146  557  79%    10M |  99.9   ovl   1   27   961k   15   17  53%  81.9M   610n  n/a
   2   58 |   7 1.0   17   5.1M  148  649  81%    10M |  99.9   ovl   1   27  1.24M   19   18  48%  81.9M   146n  n/a
   2   59 |   7 1.0   17   4.8M  138  578  80%    10M |  99.9   ovl   1   27   892k   15   15  50%  81.9M  -118n  n/a
   2   5a |   7 1.0   17   5.3M  159  534  77%    10M |  99.9   ovl   1   27  1.24M   17   15  46%  81.9M   854n  n/a
   2   5b |   7 1.0   17   5.2M  138  532  79%    10M |  99.9   ovl   1   27  1.01M   14   15  51%  81.9M   897n  n/a

          |--------------------DL---------------------|-------------------------------UL-----------------------------
 pci rnti | cqi  ri  mcs  brate   ok  nok  (%)  dl_bs | pusch  rsrp  ri  mcs  brate   ok  nok  (%)    bsr     ta  phr
   3   5c |   7 1.0   17   7.7M  150  572  79%    10M |  99.9   n/a   1   27  1.57M   16   17  51%  81.9M    n/a  n/a
   3   5d |   7 1.0   17   8.3M  161  476  74%    10M |  99.9   n/a   1   27  1.80M   18   16  47%  81.9M    n/a  n/a
   3   5e |   7 1.0   17   8.0M  159  568  78%    10M |  99.9   n/a   1   27  1.76M   18   17  48%  81.9M    n/a  n/a
   3   5f |   7 1.0   17   8.0M  157  552  77%    10M |  99.9   n/a   1   27  1.50M   15   14  48%  81.9M    n/a  n/a
   3   60 |   7 1.0   17   7.4M  153  608  79%    10M |  99.9   n/a   1   27  1.45M   14   18  56%  81.9M    n/a  n/a
   3   61 |   7 1.0   17   8.1M  160  510  76%    10M |  99.9   n/a   1   27  1.44M   15   17  53%  81.9M    n/a  n/a
   3   62 |   7 1.0   17   7.8M  155  627  80%    10M |  99.9   n/a   1   27  1.52M   14   16  53%  81.9M    n/a  n/a
   3   63 |   7 1.0   17   8.1M  151  471  75%    10M |  99.9   n/a   1   27  1.45M   14   17  54%  81.9M    n/a  n/a
   4   64 |   7 1.0   17   6.3M  176  569  76%    10M |  99.9   ovl   1   27  1.41M   21   20  48%  81.9M    73n  n/a
   4   65 |   7 1.0   17   6.3M  170  484  74%    10M |  99.9   ovl   1   27  1.16M   17   14  45%  81.9M  -365n  n/a
   4   66 |   7 1.0   17   6.1M  184  562  75%    10M |  99.9   ovl   1   27  1.46M   24   20  45%  81.9M  -449n  n/a
   4   67 |   7 1.0   17   6.3M  178  441  71%    10M |  99.9   ovl   1   27  1.22M   19   20  51%  81.9M  -275n  n/a
   4   68 |   7 1.0   17   6.2M  178  571  76%    10M |  99.9   ovl   1   27  1.32M   20   14  41%  81.9M   -16n  n/a
   4   69 |   7 1.0   17   6.1M  172  523  75%    10M |  99.9   ovl   1   27  1.71M   25   20  44%  81.9M   -62n  n/a
   4   6a |   7 1.0   17   6.2M  169  496  74%    10M |  99.9   ovl   1   27  1.52M   23   19  45%  81.9M   148n  n/a
   4   6b |   7 1.0   17   6.2M  169  544  76%    10M |  99.9   ovl   1   27  1.49M   23   16  41%  81.9M  -223n  n/a
   0   44 |   7 1.0   17    10M  214  443  67%    10M |  99.9   ovl   1   27  2.55M   25   18  41%  81.9M  -606n  n/a
   0   45 |   7 1.0   17    10M  194  488  71%    10M |  99.9   n/a   1   27  2.07M   21   19  47%  81.9M    n/a  n/a
   0   46 |   7 1.0   17  10.0M  199  460  69%    10M |  99.9   n/a   1   27  1.74M   17   23  57%  81.9M    n/a  n/a
   0   47 |   7 1.0   17    10M  191  432  69%    10M |  99.9   n/a   1   27  2.22M   21   12  36%  81.9M    n/a  n/a
   0   48 |   7 1.0   17  10.0M  196  522  72%    10M |  99.9   n/a   1   27  1.95M   19   17  47%  81.9M    n/a  n/a
   0   49 |   7 1.0   17    10M  187  429  69%    10M |  99.9   n/a   1   27  1.97M   20   22  52%  81.9M    n/a  n/a
   0   4a |   7 1.0   17    11M  210  460  68%    10M |  99.9   n/a   1   27  2.09M   21   24  53%  81.9M    n/a  n/a
   0   4b |   7 1.0   17    10M  199  451  69%    10M |  99.9   n/a   1   27  2.34M   24   18  42%  81.9M    n/a  n/a
   1   4c |   7 1.0   18    11M  222  437  66%    10M |  99.9   n/a   1   27  2.15M   20   25  55%  81.9M    n/a  n/a
   1   4d |   7 1.0   17    11M  202  478  70%    10M |  99.9   n/a   1   27  2.06M   21   22  51%  81.9M    n/a  n/a
   1   4e |   7 1.0   18    11M  209  521  71%    10M |  99.9   n/a   1   27  2.48M   23   21  47%  81.9M    n/a  n/a
   1   4f |   7 1.0   17    11M  205  464  69%    10M |  99.9   n/a   1   27  2.07M   20   22  52%  81.9M    n/a  n/a
   1   50 |   7 1.0   18    11M  212  485  69%    10M |  99.9   n/a   1   27  1.76M   18   25  58%  81.9M    n/a  n/a
   1   51 |   7 1.0   17    11M  200  434  68%    10M |  99.9   n/a   1   27  1.90M   19   18  48%  81.9M    n/a  n/a
   1   52 |   7 1.0   18    11M  194  497  71%    10M |  99.9   n/a   1   27  1.86M   18   20  52%  81.9M    n/a  n/a
   1   53 |   7 1.0   18    11M  209  465  68%    10M |  99.9   n/a   1   27  1.87M   19   25  56%  81.9M    n/a  n/a
   2   54 |   7 1.0   18   6.8M  189  488  72%    10M |  99.9   n/a   1   27  1.23M   18   16  47%  81.9M    n/a  n/a
   2   55 |   7 1.0   17   6.6M  180  506  73%    10M |  99.9   n/a   1   27  1.01M   15   17  53%  81.9M    n/a  n/a
   2   56 |   7 1.0   18   7.0M  199  480  70%    10M |  99.9   n/a   1   27  1.13M   18   18  50%  81.9M    n/a  n/a
   2   57 |   7 1.0   17   6.5M  179  472  72%    10M |  99.9   n/a   1   27  1.18M   18   16  47%  81.9M    n/a  n/a
   2   58 |   7 1.0   18   6.6M  192  513  72%    10M |  99.9   n/a   1   27  1.16M   17   19  52%  81.9M    n/a  n/a
   2   59 |   7 1.0   17   6.5M  186  493  72%    10M |  99.9   n/a   1   27  1.05M   15   17  53%  81.9M    n/a  n/a
   2   5a |   7 1.0   17   7.2M  195  451  69%    10M |  99.9   n/a   1   27  1.36M   21   14  40%  81.9M    n/a  n/a
   2   5b |   7 1.0   17   6.4M  187  462  71%    10M |  99.9   n/a   1   27  1.09M   17   17  50%  81.9M    n/a  n/a
   3   5c |   7 1.0   17   8.9M  177  557  75%    10M |  99.9   n/a   1   27  1.91M   20   14  41%  81.9M    n/a  n/a
   3   5d |   7 1.0   17   9.2M  173  436  71%    10M |  99.9   n/a   1   27  1.87M   18   16  47%  81.9M    n/a  n/a
   3   5e |   7 1.0   17   9.3M  185  449  70%    10M |  99.9   n/a   1   27  1.80M   18   15  45%  81.9M    n/a  n/a
   3   5f |   7 1.0   17   9.5M  173  437  71%    10M |  99.9   n/a   1   27  1.39M   14   19  57%  81.9M    n/a  n/a
   3   60 |   7 1.0   17   9.2M  171  521  75%    10M |  99.9   n/a   1   27  1.41M   14   17  54%  81.9M    n/a  n/a
   3   61 |   7 1.0   17   9.2M  168  428  71%    10M |  99.9   n/a   1   27  1.42M   14   17  54%  81.9M    n/a  n/a
   3   62 |   7 1.0   17   9.2M  184  555  75%    10M |  99.9   n/a   1   27  1.81M   18   17  48%  81.9M    n/a  n/a
   3   63 |   7 1.0   17   9.1M  174  503  74%    10M |  99.9   n/a   1   27  1.05M   11   21  65%  81.9M    n/a  n/a
   4   64 |   7 1.0   18   5.6M  158  547  77%    10M |  99.9   n/a   1   27   762k   11   16  59%  81.9M    n/a  n/a
   4   65 |   7 1.0   17   6.0M  156  478  75%    10M |  99.9   ovl   1   27  1.12M   15   18  54%  81.9M    -1u  n/a
   4   66 |   7 1.0   17   6.3M  173  463  72%    10M |  99.9   n/a   1   27  1.13M   15   18  54%  81.9M    n/a  n/a
   4   67 |   7 1.0   17   5.8M  158  454  74%    10M |  99.9   ovl   1   27   944k   13   22  62%  81.9M  -839n  n/a
   4   68 |   7 1.0   17   6.1M  177  509  74%    10M |  99.9   n/a   1   27   927k   13   18  58%  81.9M    n/a  n/a
   4   69 |   7 1.0   17   5.7M  154  488  76%    10M |  99.9   n/a   1   27   602k    9   14  60%  81.9M    n/a  n/a
   4   6a |   7 1.0   17   6.0M  172  502  74%    10M |  99.9   ovl   1   27   775k   11   18  62%  81.9M   981n  n/a
   4   6b |   7 1.0   17   6.0M  165  500  75%    10M |  99.9   n/a   1   27  1.06M   15   14  48%  81.9M    n/a  n/a
   0   44 |   7 1.0   17   7.5M  144  598  80%    10M |  99.9   n/a   1   27   785k    9   18  66%  81.9M    n/a  n/a
   0   45 |   7 1.0   17   7.7M  152  529  77%    10M |  99.9   n/a   1   27  1.03M   11   14  56%  81.9M    n/a  n/a
   0   46 |   7 1.0   17   7.9M  150  573  79%    10M |  99.9   ovl   1   27  2.04M   21   13  38%  81.9M  -698n  n/a
   0   47 |   7 1.0   17   7.0M  133  559  80%    10M |  99.9   n/a   1   27  1.59M   16   15  48%  81.9M    n/a  n/a
   0   48 |   7 1.0   17   7.7M  145  614  80%    10M |  99.9   n/a   1   27  1.18M   12   18  60%  81.9M    n/a  n/a
   0   49 |   7 1.0   17   7.3M  140  569  80%    10M |  99.9   ovl   1   27  1.56M   16   14  46%  81.9M  -960n  n/a
   0   4a |   7 1.0   17   7.3M  140  608  81%    10M |  99.9   ovl   1   27  1.56M   16   15  48%  81.9M  -632n  n/a
   0   4b |   7 1.0   17   7.6M  148  544  78%    10M |  99.9   n/a   1   27  2.06M   20    8  28%  81.9M    n/a  n/a
   1   4c |   7 1.0   18    10M  181  569  75%    10M |  99.9   ovl   1   27  1.85M   19   17  47%  81.9M  -149n  n/a
   1   4d |   7 1.0   18   9.7M  175  520  74%    10M |  99.9   n/a   1   27  1.49M   14   20  58%  81.9M    n/a  n/a
   1   4e |   7 1.0   18   9.9M  188  527  73%    10M |  99.9   ovl   1   27  1.79M   19   15  44%  81.9M  -395n  n/a
   1   4f |   7 1.0   18    10M  172  460  72%    10M |  99.9   ovl   1   27  2.20M   22   16  42%  81.9M  -294n  n/a
   1   50 |   7 1.0   18   9.4M  171  579  77%    10M |  99.9   ovl   1   27  1.99M   20   18  47%  81.9M  -131n  n/a
   1   51 |   7 1.0   18   9.1M  166  514  75%    10M |  99.9   ovl   1   27  1.09M   10   18  64%  81.9M  -209n  n/a
   1   52 |   7 1.0   18   9.5M  175  593  77%    10M |  99.9   ovl   1   27  1.63M   17   13  43%  81.9M  -131n  n/a
   1   53 |   7 1.0   18   9.5M  172  497  74%    10M |  99.9   ovl   1   27  2.83M   28   13  31%  81.9M  -230n  n/a
   2   54 |   7 1.0   18   5.5M  149  572  79%    10M |  99.9   n/a   1   27   855k   12   22  64%  81.9M    n/a  n/a
   2   55 |   7 1.0   18   5.2M  136  536  79%    10M |  99.9   n/a   1   27   760k   11   25  69%  81.9M    n/a  n/a
   2   56 |   7 1.0   18   5.6M  152  546  78%    10M |  99.9   n/a   1   27   854k   12   20  62%  81.9M    n/a  n/a
   2   57 |   7 1.0   18   5.4M  137  580  80%    10M |  99.9   n/a   1   27   822k   12   20  62%  81.9M    n/a  n/a
   2   58 |   7 1.0   18   5.2M  141  613  81%    10M |  99.9   ovl   1   27   758k   10   23  69%  81.9M    67n  n/a
   2   59 |   7 1.0   18   5.2M  142  567  79%    10M |  99.9   n/a   1   27   736k   11   24  68%  81.9M    n/a  n/a
   2   5a |   7 1.0   18   5.5M  143  610  81%    10M |  99.9   n/a   1   27   856k   12   22  64%  81.9M    n/a  n/a
   2   5b |   7 1.0   18   5.3M  136  495  78%    10M |  99.9   n/a   1   27   717k   10   20  66%  81.9M    n/a  n/a
   3   5c |   7 1.0   18   9.2M  184  510  73%    10M |  99.9   ovl   1   27  2.08M   19   23  54%  81.9M  -892n  n/a
   3   5d |   7 1.0   17   8.6M  165  564  77%    10M |  99.9   ovl   1   27  1.29M   14   21  60%  81.9M    -1u  n/a
   3   5e |   7 1.0   17   8.8M  168  534  76%    10M |  99.9   ovl   1   27  2.01M   20   17  45%  81.9M   179n  n/a
   3   5f |   7 1.0   17   8.5M  159  534  77%    10M |  99.9   ovl   1   27  1.87M   19   23  54%  81.9M  -114n  n/a
   3   60 |   7 1.0   17   9.2M  179  538  75%    10M |  99.9   ovl   1   27  1.90M   19   17  47%  81.9M   896n  n/a
   3   61 |   7 1.0   17   8.5M  165  522  75%    10M |  99.9   ovl   1   27  2.07M   19   20  51%  81.9M  -983n  n/a
   3   62 |   7 1.0   18   9.0M  162  500  75%    10M |  99.9   ovl   1   27  1.74M   17   19  52%  81.9M  -173n  n/a
   3   63 |   7 1.0   17   8.5M  157  494  75%    10M |  99.9   ovl   1   27  1.46M   15   18  54%  81.9M   896n  n/a

          |--------------------DL---------------------|-------------------------------UL-----------------------------
 pci rnti | cqi  ri  mcs  brate   ok  nok  (%)  dl_bs | pusch  rsrp  ri  mcs  brate   ok  nok  (%)    bsr     ta  phr
   4   64 |   7 1.0   18   4.7M  123  682  84%    10M |  99.9   n/a   1   27   772k   12   21  63%  81.9M    n/a  n/a
   4   65 |   7 1.0   18   4.9M  129  542  80%    10M |  99.9   n/a   1   27   677k    9   19  67%  81.9M    n/a  n/a
   4   66 |   7 1.0   18   4.8M  121  624  83%    10M |  99.9   n/a   1   27   925k   13   23  63%  81.9M    n/a  n/a
   4   67 |   7 1.0   17   4.8M  131  574  81%    10M |  99.9   n/a   1   27   835k   12   24  66%  81.9M    n/a  n/a
   4   68 |   7 1.0   18   5.0M  138  597  81%    10M |  99.9   n/a   1   27  1.04M   16   21  56%  81.9M    n/a  n/a
   4   69 |   7 1.0   17   4.9M  134  505  79%    10M |  99.9   n/a   1   27   962k   13   18  58%  81.9M    n/a  n/a
   4   6a |   7 1.0   18   4.9M  124  571  82%    10M |  99.9   n/a   1   27   800k   12   21  63%  81.9M    n/a  n/a
   4   6b |   7 1.0   17   5.1M  132  563  81%    10M |  99.9   n/a   1   27   459k    7   22  75%  81.9M    n/a  n/a
   0   44 |   7 1.0   18   6.6M  128  655  83%    10M |  99.9   n/a   1   27   865k    9   23  71%  81.9M    n/a  n/a
   0   45 |   7 1.0   18   6.6M  114  573  83%    10M |  99.9   n/a   1   27   766k    7   19  73%  81.9M    n/a  n/a
   0   46 |   7 1.0   18   6.5M  124  685  84%    10M |  99.9   n/a   1   27   928k    9   23  71%  81.9M    n/a  n/a
   0   47 |   7 1.0   17   6.3M  115  612  84%    10M |  99.9   n/a   1   27  1.01M   10   17  62%  81.9M    n/a  n/a
   0   48 |   7 1.0   18   6.8M  129  613  82%    10M |  99.9   n/a   1   27  1.06M   11   23  67%  81.9M    n/a  n/a
   0   49 |   7 1.0   17   6.2M  118  585  83%    10M |  99.9   n/a   1   27  1.05M   11   19  63%  81.9M    n/a  n/a
   0   4a |   7 1.0   18   6.5M  123  611  83%    10M |  99.9   n/a   1   27   668k    7   19  73%  81.9M    n/a  n/a
   0   4b |   7 1.0   17   6.3M  118  631  84%    10M |  99.9   n/a   1   27  1.40M   14   20  58%  81.9M    n/a  n/a
   1   4c |   7 1.0   19   7.9M  147  561  79%    10M |  99.9   ovl   1   27   918k    9   20  68%  81.9M  -149n  n/a
   1   4d |   7 1.0   18   7.3M  130  599  82%    10M |  99.9   ovl   1   27   973k    9   20  68%  81.9M  -225n  n/a
   1   4e |   7 1.0   18   7.2M  131  558  80%    10M |  99.9   n/a   1   27   893k    8   20  71%  81.9M    n/a  n/a
   1   4f |   7 1.0   18   7.6M  136  601  81%    10M |  99.9   n/a   1   27  1.68M   16   14  46%  81.9M    n/a  n/a
   1   50 |   7 1.0   18   7.8M  152  682  81%    10M |  99.9   ovl   1   27  1.57M   15   17  53%  81.9M  -148n  n/a
   1   51 |   7 1.0   18   7.4M  138  558  80%    10M |  99.9   ovl   1   27  1.16M   12   19  61%  81.9M  -195n  n/a
   1   52 |   7 1.0   18   7.0M  123  603  83%    10M |  99.9   ovl   1   27  2.23M   21   19  47%  81.9M   327n  n/a
   1   53 |   7 1.0   18   7.5M  134  552  80%    10M |  99.9   ovl   1   27  1.41M   15   14  48%  81.9M  -468n  n/a
   2   54 |   7 1.0   18   5.4M  149  604  80%    10M |  99.9   n/a   1   27   572k    9   16  64%  81.9M    n/a  n/a
   2   55 |   7 1.0   18   5.3M  139  526  79%    10M |  99.9   n/a   1   27   752k   11   16  59%  81.9M    n/a  n/a
   2   56 |   7 1.0   18   5.5M  163  569  77%    10M |  99.9   n/a   1   27   713k   10   18  64%  81.9M    n/a  n/a
   2   57 |   7 1.0   18   5.2M  130  552  80%    10M |  99.9   n/a   1   27   814k   12   19  61%  81.9M    n/a  n/a
   2   58 |   7 1.0   18   5.4M  139  581  80%    10M |  99.9   n/a   1   27   773k   12   18  60%  81.9M    n/a  n/a
   2   59 |   7 1.0   18   5.4M  150  520  77%    10M |  99.9   n/a   1   27   517k    8   15  65%  81.9M    n/a  n/a
   2   5a |   7 1.0   18   5.3M  141  615  81%    10M |  99.9   n/a   1   27   545k    8   18  69%  81.9M    n/a  n/a
   2   5b |   7 1.0   18   5.4M  137  537  79%    10M |  99.9   n/a   1   27   634k   10   17  62%  81.9M    n/a  n/a
   3   5c |   7 1.0   18   9.2M  172  607  77%    10M |  99.9   n/a   1   27  1.69M   18   15  45%  81.9M    n/a  n/a
   3   5d |   7 1.0   18   9.3M  164  537  76%    10M |  99.9   n/a   1   27  1.43M   15   18  54%  81.9M    n/a  n/a
   3   5e |   7 1.0   18   9.5M  165  593  78%    10M |  99.9   n/a   1   27  1.06M   11   19  63%  81.9M    n/a  n/a
   3   5f |   7 1.0   18   9.3M  173  579  76%    10M |  99.9   n/a   1   27  1.65M   17   17  50%  81.9M    n/a  n/a
   3   60 |   7 1.0   18   9.2M  177  530  74%    10M |  99.9   n/a   1   27  1.49M   13   16  55%  81.9M    n/a  n/a
   3   61 |   7 1.0   18   9.2M  165  548  76%    10M |  99.9   n/a   1   27  1.33M   14   16  53%  81.9M    n/a  n/a
   3   62 |   7 1.0   18   9.6M  170  531  75%    10M |  99.9   n/a   1   27  1.78M   17   14  45%  81.9M    n/a  n/a
   3   63 |   7 1.0   17   8.7M  156  569  78%    10M |  99.9   n/a   1   27  1.32M   12   16  57%  81.9M    n/a  n/a
   4   64 |   7 1.0   18   6.5M  168  508  75%    10M |  99.9   n/a   1   27  1.32M   21   11  34%  81.9M    n/a  n/a
   4   65 |   7 1.0   18   6.8M  166  476  74%    10M |  99.9   n/a   1   27  1.02M   15   17  53%  81.9M    n/a  n/a
   4   66 |   7 1.0   18   6.3M  167  596  78%    10M |  99.9   n/a   1   27  1.13M   17   12  41%  81.9M    n/a  n/a
   4   67 |   7 1.0   18   6.8M  184  506  73%    10M |  99.9   n/a   1   27  1.56M   24   15  38%  81.9M    n/a  n/a
   4   68 |   7 1.0   18   6.4M  171  540  75%    10M |  99.9   n/a   1   27  1.15M   16   17  51%  81.9M    n/a  n/a
   4   69 |   7 1.0   18   6.9M  173  460  72%    10M |  99.9   n/a   1   27   913k   13   13  50%  81.9M    n/a  n/a
   4   6a |   7 1.0   18   6.5M  173  510  74%    10M |  99.9   n/a   1   27   676k   11   12  52%  81.9M    n/a  n/a
   4   6b |   7 1.0   18   7.0M  168  441  72%    10M |  99.9   n/a   1   27  1.12M   17   15  46%  81.9M    n/a  n/a
   0   44 |   7 1.0   18   8.6M  151  546  78%    10M |  99.9   ovl   1   27  1.16M   12   15  55%  81.9M   264n  n/a
   0   45 |   7 1.0   18   9.2M  165  517  75%    10M |  99.9   n/a   1   27  1.42M   15   17  53%  81.9M    n/a  n/a
   0   46 |   7 1.0   18   8.7M  158  559  77%    10M |  99.9   n/a   1   27  1000k   10   14  58%  81.9M    n/a  n/a
   0   47 |   7 1.0   18   9.1M  162  557  77%    10M |  99.9   n/a   1   27  1.12M   12   14  53%  81.9M    n/a  n/a
   0   48 |   7 1.0   18   8.8M  172  581  77%    10M |  99.9   ovl   1   27  1.27M   13   17  56%  81.9M  -178n  n/a
   0   49 |   7 1.0   18   8.6M  151  536  78%    10M |  99.9   ovl   1   27  1.33M   14   17  54%  81.9M   213n  n/a
   0   4a |   7 1.0   18   9.0M  174  566  76%    10M |  99.9   n/a   1   27  1.03M   10   15  60%  81.9M    n/a  n/a
   0   4b |   7 1.0   18   8.7M  157  567  78%    10M |  99.9   n/a   1   27  1.07M   12   16  57%  81.9M    n/a  n/a
   1   4c |   7 1.0   19   9.5M  176  557  75%    10M |  99.9   ovl   1   27  1.69M   18   14  43%  81.9M   179n  n/a
   1   4d |   7 1.0   18   9.2M  170  548  76%    10M |  99.9   ovl   1   27  1.84M   18   11  37%  81.9M  -389n  n/a
   1   4e |   7 1.0   19   9.5M  165  562  77%    10M |  99.9   ovl   1   27  2.02M   21   17  44%  81.9M    18n  n/a
   1   4f |   7 1.0   18   9.2M  168  561  76%    10M |  99.9   ovl   1   27  1.81M   19   17  47%  81.9M  -240n  n/a
   1   50 |   7 1.0   19   9.5M  185  512  73%    10M |  99.9   ovl   1   27  2.31M   23   15  39%  81.9M   -61n  n/a
   1   51 |   7 1.0   18   9.3M  171  473  73%    10M |  99.9   ovl   1   27  1.92M   20   15  42%  81.9M   327n  n/a
   1   52 |   7 1.0   18   9.3M  165  552  76%    10M |  99.9   ovl   1   27  2.31M   25   14  35%  81.9M  -321n  n/a
   1   53 |   7 1.0   18   9.1M  163  501  75%    10M |  99.9   ovl   1   27  1.82M   18   13  41%  81.9M  -312n  n/a
   2   54 |   7 1.0   18   5.2M  145  633  81%    10M |  99.9   n/a   1   27   531k    8   16  66%  81.9M    n/a  n/a
   2   55 |   7 1.0   18   5.4M  130  566  81%    10M |  99.9   n/a   1   27   604k    9   17  65%  81.9M    n/a  n/a
   2   56 |   7 1.0   18   5.3M  147  661  81%    10M |  99.9   n/a   1   27   402k    7   15  68%  81.9M    n/a  n/a
   2   57 |   7 1.0   18   5.3M  135  604  81%    10M |  99.9   n/a   1   27   591k   10   19  65%  81.9M    n/a  n/a
   2   58 |   7 1.0   18   5.0M  135  585  81%    10M |  99.9   n/a   1   27   645k   10   17  62%  81.9M    n/a  n/a
   2   59 |   7 1.0   18   5.4M  148  605  80%    10M |  99.9   n/a   1   27   567k    9   18  66%  81.9M    n/a  n/a
   2   5a |   7 1.0   18   5.5M  149  644  81%    10M |  99.9   n/a   1   27   432k    6   17  73%  81.9M    n/a  n/a
   2   5b |   7 1.0   18   5.3M  141  534  79%    10M |  99.9   n/a   1   27   547k    9   18  66%  81.9M    n/a  n/a
   3   5c |   7 1.0   18   8.1M  146  582  79%    10M |  99.9   ovl   1   27  1.40M   14   20  58%  81.9M  -413n  n/a
   3   5d |   7 1.0   18   7.6M  137  506  78%    10M |  99.9   ovl   1   27  1.46M   14   20  58%  81.9M   812n  n/a
   3   5e |   7 1.0   18   8.1M  153  596  79%    10M |  99.9   ovl   1   27  1.94M   19   16  45%  81.9M   864n  n/a
   3   5f |   7 1.0   18   7.9M  138  554  80%    10M |  99.9   ovl   1   27  1.55M   14   19  57%  81.9M    13n  n/a
   3   60 |   7 1.0   18   8.2M  152  643  80%    10M |  99.9   ovl   1   27  1.48M   14   18  56%  81.9M    66n  n/a
   3   61 |   7 1.0   18   7.9M  137  513  78%    10M |  99.9   n/a   1   27   889k    8   23  74%  81.9M    n/a  n/a
   3   62 |   7 1.0   18   7.6M  143  614  81%    10M |  99.9   ovl   1   27  1.05M   11   24  68%  81.9M   765n  n/a
   3   63 |   7 1.0   18   7.7M  142  508  78%    10M |  99.9   ovl   1   27  1.62M   16   15  48%  81.9M   395n  n/a
   4   64 |   7 1.0   18   4.9M  126  731  85%    10M |  99.9   n/a   1   27   667k   10   19  65%  81.9M    n/a  n/a
   4   65 |   7 1.0   18   4.8M  122  519  80%    10M |  99.9   n/a   1   27   601k    9   14  60%  81.9M    n/a  n/a
   4   66 |   7 1.0   18   4.5M  118  679  85%    10M |  99.9   n/a   1   27   741k   12   20  62%  81.9M    n/a  n/a
   4   67 |   7 1.0   18   4.9M  126  538  81%    10M |  99.9   n/a   1   27   561k    9   17  65%  81.9M    n/a  n/a
   4   68 |   7 1.0   18   4.6M  118  618  83%    10M |  99.9   n/a   1   27   843k   12   18  60%  81.9M    n/a  n/a
   4   69 |   7 1.0   18   4.8M  128  541  80%    10M |  99.9   n/a   1   27   393k    5   18  78%  81.9M    n/a  n/a
   4   6a |   7 1.0   18   4.6M  128  618  82%    10M |  99.9   n/a   1   27   338k    5   19  79%  81.9M    n/a  n/a
   4   6b |   7 1.0   18   4.8M  128  522  80%    10M |  99.9   n/a   1   27   462k    6   20  76%  81.9M    n/a  n/a

          |--------------------DL---------------------|-------------------------------UL-----------------------------
 pci rnti | cqi  ri  mcs  brate   ok  nok  (%)  dl_bs | pusch  rsrp  ri  mcs  brate   ok  nok  (%)    bsr     ta  phr
   0   44 |   7 1.0   18   7.1M  129  578  81%    10M |  99.9   n/a   1   27   922k   10   18  64%  81.9M    n/a  n/a
   0   45 |   7 1.0   18   7.0M  126  578  82%    10M |  99.9   ovl   1   27  1.12M   13   20  60%  81.9M   -70n  n/a
   0   46 |   7 1.0   18   7.2M  137  630  82%    10M |  99.9   ovl   1   27   715k    7   22  75%  81.9M   213n  n/a
   0   47 |   7 1.0   18   6.3M  118  585  83%    10M |  99.9   ovl   1   27   539k    6   22  78%  81.9M  -606n  n/a
   0   48 |   7 1.0   18   6.5M  126  736  85%    10M |  99.9   ovl   1   27   965k    9   18  66%  81.9M  -488n  n/a
   0   49 |   7 1.0   18   6.9M  117  554  82%    10M |  99.9   ovl   1   27   947k    9   16  64%  81.9M   449n  n/a
   0   4a |   7 1.0   18   6.9M  126  689  84%    10M |  99.9   ovl   1   27   908k   10   20  66%  81.9M  -276n  n/a
   0   4b |   7 1.0   18   6.7M  119  552  82%    10M |  99.9   ovl   1   27   897k    9   20  68%  81.9M  -785n  n/a
   1   4c |   7 1.0   19   9.4M  168  603  78%    10M |  99.9   ovl   1   27  1.16M   12   19  61%  81.9M   448n  n/a
   1   4d |   7 1.0   19   9.6M  158  568  78%    10M |  99.9   ovl   1   27  1.36M   14   16  53%  81.9M  -294n  n/a
   1   4e |   7 1.0   19   9.4M  173  554  76%    10M |  99.9   ovl   1   27  1.48M   16   18  52%  81.9M  -172n  n/a
   1   4f |   7 1.0   19   9.7M  164  569  77%    10M |  99.9   ovl   1   27  1.08M   11   19  63%  81.9M  -442n  n/a
   1   50 |   7 1.0   19   9.8M  171  565  76%    10M |  99.9   ovl   1   27   828k    8   17  68%  81.9M  -513n  n/a
   1   51 |   7 1.0   19   9.8M  162  522  76%    10M |  99.9   ovl   1   27  1.53M   16   17  51%  81.9M    89n  n/a
   1   52 |   7 1.0   19    10M  177  531  75%    10M |  99.9   ovl   1   27  1.06M   10   20  66%  81.9M  -244n  n/a
   1   53 |   7 1.0   19   9.8M  159  533  77%    10M |  99.9   ovl   1   27   717k    7   17  70%  81.9M   196n  n/a
   2   54 |   7 1.0   19   5.5M  141  655  82%    10M |  99.9   n/a   1   27   638k    9   22  70%  81.9M    n/a  n/a
   2   55 |   7 1.0   18   5.3M  144  542  79%    10M |  99.9   n/a   1   27   726k   11   24  68%  81.9M    n/a  n/a
   2   56 |   7 1.0   19   5.3M  129  599  82%    10M |  99.9   n/a   1   27   746k   11   25  69%  81.9M    n/a  n/a
   2   57 |   7 1.0   18   5.3M  138  644  82%    10M |  99.9   n/a   1   27   695k   10   23  69%  81.9M    n/a  n/a
   2   58 |   7 1.0   19   5.4M  143  604  80%    10M |  99.9   n/a   1   27   711k   11   26  70%  81.9M    n/a  n/a
   2   59 |   7 1.0   18   5.4M  139  564  80%    10M |  99.9   n/a   1   27   770k   12   22  64%  81.9M    n/a  n/a
   2   5a |   7 1.0   19   5.3M  140  555  79%    10M |  99.9   n/a   1   27   533k    8   27  77%  81.9M    n/a  n/a
   2   5b |   7 1.0   18   5.2M  139  562  80%    10M |  99.9   n/a   1   27   815k   13   26  66%  81.9M    n/a  n/a
   3   5c |   7 1.0   19   9.4M  168  608  78%    10M |  99.9   ovl   1   27  2.10M   20   14  41%  81.9M  -255n  n/a
   3   5d |   7 1.0   18   8.6M  154  592  79%    10M |  99.9   ovl   1   27  2.35M   24   15  38%  81.9M   812n  n/a
   3   5e |   7 1.0   18   9.4M  169  550  76%    10M |  99.9   ovl   1   27  1.57M   16   19  54%  81.9M   393n  n/a
   3   5f |   7 1.0   18   8.9M  160  511  76%    10M |  99.9   ovl   1   27  2.43M   24   11  31%  81.9M    -4n  n/a
   3   60 |   7 1.0   18   9.0M  166  570  77%    10M |  99.9   ovl   1   27  1.44M   12   16  57%  81.9M    -3n  n/a
   3   61 |   7 1.0   18   9.0M  164  515  75%    10M |  99.9   ovl   1   27  2.21M   23   13  36%  81.9M   -77n  n/a
   3   62 |   7 1.0   18   9.4M  173  572  76%    10M |  99.9   ovl   1   27  2.14M   21   15  41%  81.9M  -892n  n/a
   3   63 |   7 1.0   18   8.7M  157  555  77%    10M |  99.9   ovl   1   27  1.46M   15   16  51%  81.9M   617n  n/a
   4   64 |   7 1.0   19   5.7M  144  578  80%    10M |  99.9   ovl   1   27   823k   12   21  63%  81.9M   839n  n/a
   4   65 |   7 1.0   18   5.4M  141  594  80%    10M |  99.9   n/a   1   27   832k   12   20  62%  81.9M    n/a  n/a
   4   66 |   7 1.0   18   5.5M  140  578  80%    10M |  99.9   n/a   1   27   922k   16   20  55%  81.9M    n/a  n/a
   4   67 |   7 1.0   18   5.4M  138  547  79%    10M |  99.9   n/a   1   27   956k   15   19  55%  81.9M    n/a  n/a
   4   68 |   7 1.0   19   5.7M  149  645  81%    10M |  99.9   n/a   1   27   773k   13   23  63%  81.9M    n/a  n/a
   4   69 |   7 1.0   18   5.4M  133  512  79%    10M |  99.9   ovl   1   27  1.04M   16   18  52%  81.9M   423n  n/a
   4   6a |   7 1.0   19   5.6M  151  653  81%    10M |  99.9   ovl   1   27   696k   12   24  66%  81.9M   956n  n/a
   4   6b |   7 1.0   18   5.3M  136  533  79%    10M |  99.9   ovl   1   27  1.02M   16   18  52%  81.9M  -849n  n/a
   0   44 |   7 1.0   19   7.1M  124  660  84%    10M |  99.9   ovl   1   27  1.09M   11   20  64%  81.9M  -191n  n/a
   0   45 |   7 1.0   18   7.5M  127  511  80%    10M |  99.9   ovl   1   27   963k    9   21  70%  81.9M   330n  n/a
   0   46 |   7 1.0   18   7.8M  144  575  79%    10M |  99.9   ovl   1   27   774k    9   21  70%  81.9M  -123n  n/a
   0   47 |   7 1.0   18   7.4M  127  514  80%    10M |  99.9   ovl   1   27  1.10M   11   18  62%  81.9M  -288n  n/a
   0   48 |   7 1.0   18   6.9M  125  658  84%    10M |  99.9   ovl   1   27  1.06M   10   20  66%  81.9M  -263n  n/a
   0   49 |   7 1.0   18   7.2M  120  469  79%    10M |  99.9   ovl   1   27   553k    5   21  80%  81.9M  -969n  n/a
   0   4a |   7 1.0   18   6.7M  118  637  84%    10M |  99.9   ovl   1   27   750k    8   20  71%  81.9M  -245n  n/a
   0   4b |   7 1.0   18   7.6M  131  545  80%    10M |  99.9   ovl   1   27  1.00M   10   18  64%  81.9M  -528n  n/a
   1   4c |   7 1.0   19   7.0M  124  712  85%    10M |  99.9   n/a   1   27   258k    3   24  88%  81.9M    n/a  n/a
   1   4d |   7 1.0   19   6.9M  121  556  82%    10M |  99.9   n/a   1   27   912k   10   21  67%  81.9M    n/a  n/a
   1   4e |   7 1.0   19   7.5M  131  608  82%    10M |  99.9   n/a   1   27   803k    8   25  75%  81.9M    n/a  n/a
   1   4f |   7 1.0   19   7.0M  113  642  85%    10M |  99.9   n/a   1   27   834k    8   25  75%  81.9M    n/a  n/a
   1   50 |   7 1.0   19   7.0M  130  668  83%    10M |  99.9   n/a   1   27   623k    6   21  77%  81.9M    n/a  n/a
   1   51 |   7 1.0   19   7.0M  118  562  82%    10M |  99.9   n/a   1   27   723k    7   27  79%  81.9M    n/a  n/a
   1   52 |   7 1.0   19   7.4M  126  630  83%    10M |  99.9   n/a   1   27  1000k   10   21  67%  81.9M    n/a  n/a
   1   53 |   7 1.0   19   7.0M  117  581  83%    10M |  99.9   n/a   1   27   498k    5   24  82%  81.9M    n/a  n/a
   2   54 |   7 1.0   19   6.0M  153  573  78%    10M |  99.9   ovl   1   27   711k   10   17  62%  81.9M   221n  n/a
   2   55 |   7 1.0   19   5.5M  138  537  79%    10M |  99.9   ovl   1   27  1.14M   18   15  45%  81.9M   -57n  n/a
   2   56 |   7 1.0   19   5.7M  153  561  78%    10M |  99.9   ovl   1   27   999k   15   14  48%  81.9M   856n  n/a
   2   57 |   7 1.0   19   5.6M  141  554  79%    10M |  99.9   ovl   1   27  1.07M   17   14  45%  81.9M  -350n  n/a
   2   58 |   7 1.0   19   5.7M  145  536  78%    10M |  99.9   ovl   1   27   648k    9   15  62%  81.9M   488n  n/a
   2   59 |   7 1.0   19   5.7M  141  556  79%    10M |  99.9   ovl   1   27   899k   13   18  58%  81.9M   143n  n/a
   2   5a |   7 1.0   19   5.8M  147  617  80%    10M |  99.9   ovl   1   27   629k   10   17  62%  81.9M    81n  n/a
   2   5b |   7 1.0   19   5.6M  139  519  78%    10M |  99.9   ovl   1   27   907k   15   15  50%  81.9M   511n  n/a
   3   5c |   7 1.0   19   7.9M  138  643  82%    10M |  99.9   ovl   1   27   789k    9   15  62%  81.9M   -94n  n/a
   3   5d |   7 1.0   18   7.2M  135  555  80%    10M |  99.9   ovl   1   27   750k    8   12  60%  81.9M   260n  n/a
   3   5e |   7 1.0   19   7.5M  132  627  82%    10M |  99.9   ovl   1   27  1.12M   12   11  47%  81.9M  -114n  n/a
   3   5f |   7 1.0   18   7.4M  132  565  81%    10M |  99.9   ovl   1   27   807k    8   18  69%  81.9M  -329n  n/a
   3   60 |   7 1.0   19   7.6M  141  588  80%    10M |  99.9   ovl   1   27   805k    8   17  68%  81.9M   644n  n/a
   3   61 |   7 1.0   18   7.0M  124  604  82%    10M |  99.9   ovl   1   27   908k   10   16  61%  81.9M   305n  n/a
   3   62 |   7 1.0   19   7.1M  126  589  82%    10M |  99.9   ovl   1   27  1.22M   12   13  52%  81.9M  -801n  n/a
   3   63 |   7 1.0   18   7.1M  129  590  82%    10M |  99.9   ovl   1   27   535k    6   17  73%  81.9M    72n  n/a
   4   64 |   7 1.0   19   7.1M  182  541  74%    10M |  99.9   ovl   1   27  1.22M   18   18  50%  81.9M  -140n  n/a
   4   65 |   7 1.0   19   6.9M  169  521  75%    10M |  99.9   ovl   1   27  1.28M   19   16  45%  81.9M   389n  n/a
   4   66 |   7 1.0   19   7.2M  189  527  73%    10M |  99.9   ovl   1   27  1.09M   15   15  50%  81.9M  -276n  n/a
   4   67 |   7 1.0   19   7.0M  171  507  74%    10M |  99.9   ovl   1   27   900k   14   13  48%  81.9M  -526n  n/a
   4   68 |   7 1.0   19   7.0M  180  609  77%    10M |  99.9   ovl   1   27  1.09M   16   17  51%  81.9M   981n  n/a
   4   69 |   7 1.0   19   7.0M  165  542  76%    10M |  99.9   ovl   1   27   872k   14   19  57%  81.9M   145n  n/a
   4   6a |   7 1.0   19   7.1M  181  522  74%    10M |  99.9   ovl   1   27  1.16M   18   16  47%  81.9M  -608n  n/a
   4   6b |   7 1.0   19   7.1M  179  464  72%    10M |  99.9   ovl   1   27  1.04M   15   16  51%  81.9M  -742n  n/a
   0   44 |   7 1.0   19    11M  193  548  73%    10M |  99.9   n/a   1   27  2.02M   20   17  45%  81.9M    n/a  n/a
   0   45 |   7 1.0   19    11M  192  488  71%    10M |  99.9   n/a   1   27  1.22M   11   17  60%  81.9M    n/a  n/a
   0   46 |   7 1.0   19    11M  192  521  73%    10M |  99.9   n/a   1   27  1.54M   15   17  53%  81.9M    n/a  n/a
   0   47 |   7 1.0   18    11M  189  513  73%    10M |  99.9   n/a   1   27  1.51M   15   13  46%  81.9M    n/a  n/a
   0   48 |   7 1.0   19    11M  197  523  72%    10M |  99.9   n/a   1   27  1.68M   16   13  44%  81.9M    n/a  n/a
   0   49 |   7 1.0   18    11M  187  474  71%    10M |  99.9   n/a   1   27  1.38M   14   16  53%  81.9M    n/a  n/a
   0   4a |   7 1.0   19    11M  184  574  75%    10M |  99.9   n/a   1   27  2.00M   19   18  48%  81.9M    n/a  n/a
   0   4b |   7 1.0   19    11M  188  489  72%    10M |  99.9   n/a   1   27  2.31M   24   15  38%  81.9M    n/a  n/a

          |--------------------DL---------------------|-------------------------------UL-----------------------------
 pci rnti | cqi  ri  mcs  brate   ok  nok  (%)  dl_bs | pusch  rsrp  ri  mcs  brate   ok  nok  (%)    bsr     ta  phr
   1   4c |   7 1.0   19   8.5M  153  610  79%    10M |  99.9   n/a   1   27  1.40M   15   19  55%  81.9M    n/a  n/a
   1   4d |   7 1.0   19   8.8M  147  543  78%    10M |  99.9   n/a   1   27  1.26M   13   19  59%  81.9M    n/a  n/a
   1   4e |   7 1.0   19   8.9M  156  665  80%    10M |  99.9   n/a   1   27  1.27M   14   18  56%  81.9M    n/a  n/a
   1   4f |   7 1.0   19   8.9M  147  585  79%    10M |  99.9   n/a   1   27  1.51M   15   18  54%  81.9M    n/a  n/a
   1   50 |   7 1.0   19   8.7M  156  609  79%    10M |  99.9   n/a   1   27  1.52M   15   17  53%  81.9M    n/a  n/a
   1   51 |   7 1.0   19   8.7M  149  563  79%    10M |  99.9   n/a   1   27   996k   10   18  64%  81.9M    n/a  n/a
   1   52 |   7 1.0   19   8.5M  149  654  81%    10M |  99.9   n/a   1   27  1.02M   10   18  64%  81.9M    n/a  n/a
   1   53 |   7 1.0   19   8.6M  144  549  79%    10M |  99.9   n/a   1   27  1.12M   12   20  62%  81.9M    n/a  n/a
   2   54 |   7 1.0   19   9.2M  229  441  65%    10M |  99.9   ovl   1   27  1.59M   23   13  36%  81.9M   297n  n/a
   2   55 |   7 1.0   19   8.9M  214  423  66%    10M |  99.9   ovl   1   27  2.10M   29   15  34%  81.9M   289n  n/a
   2   56 |   7 1.0   19   8.9M  223  451  66%    10M |  99.9   ovl   1   27  1.70M   22   10  31%  81.9M   746n  n/a
   2   57 |   7 1.0   19   8.6M  203  479  70%    10M |  99.9   ovl   1   27  1.83M   27   10  27%  81.9M   459n  n/a
   2   58 |   7 1.0   19   9.2M  236  443  65%    10M |  99.9   ovl   1   27  1.91M   27   18  40%  81.9M    89n  n/a
   2   59 |   7 1.0   19   9.0M  214  418  66%    10M |  99.9   ovl   1   27  1.93M   27   10  27%  81.9M   389n  n/a
   2   5a |   7 1.0   19   8.9M  219  400  64%    10M |  99.9   ovl   1   27  1.83M   27   15  35%  81.9M  -350n  n/a
   2   5b |   7 1.0   19   8.6M  209  436  67%    10M |  99.9   ovl   1   27  1.85M   27   18  40%  81.9M   273n  n/a
   3   5c |   7 1.0   19   7.5M  122  603  83%    10M |  99.9   n/a   1   27  1.27M   14   20  58%  81.9M    n/a  n/a
   3   5d |   7 1.0   19   7.5M  133  571  81%    10M |  99.9   n/a   1   27   834k    9   25  73%  81.9M    n/a  n/a
   3   5e |   7 1.0   19   7.3M  122  654  84%    10M |  99.9   n/a   1   27   756k    7   19  73%  81.9M    n/a  n/a
   3   5f |   7 1.0   19   7.6M  133  591  81%    10M |  99.9   n/a   1   27  1.45M   15   19  55%  81.9M    n/a  n/a
   3   60 |   7 1.0   19   7.3M  130  651  83%    10M |  99.9   ovl   1   27  1.41M   15   19  55%  81.9M  -892n  n/a
   3   61 |   7 1.0   19   7.2M  121  565  82%    10M |  99.9   n/a   1   27   775k    8   22  73%  81.9M    n/a  n/a
   3   62 |   7 1.0   19   7.4M  130  612  82%    10M |  99.9   ovl   1   27  1.31M   12   18  60%  81.9M   393n  n/a
   3   63 |   7 1.0   18   7.5M  128  623  82%    10M |  99.9   n/a   1   27  1.67M   19   22  53%  81.9M    n/a  n/a
   4   64 |   7 1.0   19   6.1M  150  559  78%    10M |  99.9   ovl   1   27  1.18M   18   18  50%  81.9M   377n  n/a
   4   65 |   7 1.0   19   6.3M  155  538  77%    10M |  99.9   ovl   1   27  1.36M   21   11  34%  81.9M  -622n  n/a
   4   66 |   7 1.0   19   6.3M  163  550  77%    10M |  99.9   ovl   1   27  1.21M   20   17  45%  81.9M  -187n  n/a
   4   67 |   7 1.0   19   6.1M  152  529  77%    10M |  99.9   ovl   1   27  1.49M   21   19  47%  81.9M  -297n  n/a
   4   68 |   7 1.0   19   6.7M  178  517  74%    10M |  99.9   ovl   1   27  1.35M   19   13  40%  81.9M  -121n  n/a
   4   69 |   7 1.0   19   6.3M  148  454  75%    10M |  99.9   ovl   1   27  1.23M   19   13  40%  81.9M   -19n  n/a
   4   6a |   7 1.0   19   6.2M  172  590  77%    10M |  99.9   ovl   1   27   957k   15   16  51%  81.9M  -287n  n/a
   4   6b |   7 1.0   19   6.1M  149  472  76%    10M |  99.9   ovl   1   27   957k   15   20  57%  81.9M  -171n  n/a
   0   44 |   7 1.0   19    10M  184  528  74%    10M |  99.9   ovl   1   27  2.78M   30   16  34%  81.9M    80n  n/a
   0   45 |   7 1.0   19    11M  179  441  71%    10M |  99.9   ovl   1   27  3.28M   33   15  31%  81.9M  -245n  n/a
   0   46 |   7 1.0   19    11M  185  558  75%    10M |  99.9   ovl   1   27  2.82M   29   12  29%  81.9M  -238n  n/a
   0   47 |   7 1.0   19    11M  191  463  70%    10M |  99.9   ovl   1   27  3.30M   32   15  31%  81.9M  -232n  n/a
   0   48 |   7 1.0   19    11M  192  543  73%    10M |  99.9   ovl   1   27  2.88M   28   14  33%  81.9M  -221n  n/a
   0   49 |   7 1.0   19    11M  187  479  71%    10M |  99.9   ovl   1   27  3.06M   29   15  34%  81.9M  -294n  n/a
   0   4a |   7 1.0   19    11M  196  426  68%    10M |  99.9   ovl   1   27  2.85M   29   13  30%  81.9M  -241n  n/a
   0   4b |   7 1.0   19    11M  196  438  69%    10M |  99.9   ovl   1   27  2.91M   30   10  25%  81.9M  -272n  n/a
   1   4c |   7 1.0   19   8.5M  157  649  80%    10M |  99.9   ovl   1   27   996k   11   18  62%  81.9M  -131n  n/a
   1   4d |   7 1.0   19   8.2M  143  532  78%    10M |  99.9   ovl   1   27   611k    7   17  70%  81.9M  -488n  n/a
   1   4e |   7 1.0   19   7.9M  138  609  81%    10M |  99.9   ovl   1   27   998k   11   20  64%  81.9M   333n  n/a
   1   4f |   7 1.0   19   8.4M  144  563  79%    10M |  99.9   ovl   1   27  1.37M   13   15  53%  81.9M  -367n  n/a
   1   50 |   7 1.0   19   8.1M  152  637  80%    10M |  99.9   ovl   1   27   881k    8   18  69%  81.9M     1u  n/a
   1   51 |   7 1.0   19   8.2M  138  571  80%    10M |  99.9   ovl   1   27   971k    9   19  67%  81.9M  -367n  n/a
   1   52 |   7 1.0   19   7.6M  143  589  80%    10M |  99.9   ovl   1   27  1.30M   14   18  56%  81.9M   242n  n/a
   1   53 |   7 1.0   19   7.8M  136  539  79%    10M |  99.9   ovl   1   27  1.31M   12   18  60%  81.9M  -676n  n/a
   2   54 |   7 1.0   19   5.5M  144  565  79%    10M |  99.9   n/a   1   27   566k    9   16  64%  81.9M    n/a  n/a
   2   55 |   7 1.0   19   5.3M  125  560  81%    10M |  99.9   n/a   1   27   809k   12   13  52%  81.9M    n/a  n/a
   2   56 |   7 1.0   19   5.2M  135  597  81%    10M |  99.9   n/a   1   27   721k   11   17  60%  81.9M    n/a  n/a
   2   57 |   7 1.0   19   5.3M  131  530  80%    10M |  99.9   n/a   1   27   651k   11   15  57%  81.9M    n/a  n/a
   2   58 |   7 1.0   19   5.6M  142  593  80%    10M |  99.9   n/a   1   27   797k   12   17  58%  81.9M    n/a  n/a
   2   59 |   7 1.0   19   5.3M  126  545  81%    10M |  99.9   n/a   1   27   804k   13   18  58%  81.9M    n/a  n/a
   2   5a |   7 1.0   19   5.1M  123  630  83%    10M |  99.9   n/a   1   27   579k    9   20  68%  81.9M    n/a  n/a
   2   5b |   7 1.0   19   5.4M  128  475  78%    10M |  99.9   n/a   1   27   773k   11   17  60%  81.9M    n/a  n/a
   3   5c |   7 1.0   19   8.4M  142  576  80%    10M |  99.9   ovl   1   27  1.29M   13   13  50%  81.9M   765n  n/a
   3   5d |   7 1.0   19   8.6M  144  516  78%    10M |  99.9   ovl   1   27  1.05M    9   14  60%  81.9M    66n  n/a
   3   5e |   7 1.0   19   8.4M  148  598  80%    10M |  99.9   ovl   1   27  1.21M   12   15  55%  81.9M    -1u  n/a
   3   5f |   7 1.0   19   8.4M  134  531  79%    10M |  99.9   ovl   1   27  1.27M   13   15  53%  81.9M   312n  n/a
   3   60 |   7 1.0   19   8.8M  159  516  76%    10M |  99.9   ovl   1   27  1.77M   17   13  43%  81.9M   763n  n/a
   3   61 |   7 1.0   19   8.7M  142  502  77%    10M |  99.9   ovl   1   27  1.30M   12   16  57%  81.9M  -275n  n/a
   3   62 |   7 1.0   19   8.2M  151  598  79%    10M |  99.9   ovl   1   27  1.30M   14   18  56%  81.9M  -243n  n/a
   3   63 |   7 1.0   19   8.4M  130  552  80%    10M |  99.9   ovl   1   27  1.50M   13   16  55%  81.9M  -277n  n/a
   4   64 |   7 1.0   19   6.5M  161  538  76%    10M |  99.9   n/a   1   27  1.23M   19   11  36%  81.9M    n/a  n/a
   4   65 |   7 1.0   19   6.8M  169  493  74%    10M |  99.9   n/a   1   27  1.27M   19   11  36%  81.9M    n/a  n/a
   4   66 |   7 1.0   19   6.6M  173  622  78%    10M |  99.9   n/a   1   27  1.09M   17   13  43%  81.9M    n/a  n/a
   4   67 |   7 1.0   19   6.7M  172  476  73%    10M |  99.9   ovl   1   27   947k   13   20  60%  81.9M   956n  n/a
   4   68 |   7 1.0   19   6.9M  166  519  75%    10M |  99.9   n/a   1   27  1.06M   16   14  46%  81.9M    n/a  n/a
   4   69 |   7 1.0   19   6.9M  159  499  75%    10M |  99.9   n/a   1   27  1.28M   18   13  41%  81.9M    n/a  n/a
   4   6a |   7 1.0   19   6.8M  171  486  73%    10M |  99.9   n/a   1   27  1.23M   19   14  42%  81.9M    n/a  n/a
   4   6b |   7 1.0   19   6.9M  157  509  76%    10M |  99.9   n/a   1   27  1.10M   16   15  48%  81.9M    n/a  n/a
   0   44 |   7 1.0   19   9.3M  158  571  78%    10M |  99.9   ovl   1   27  2.03M   21   15  41%  81.9M  -324n  n/a
   0   45 |   7 1.0   19   9.4M  155  509  76%    10M |  99.9   ovl   1   27  1.65M   17   15  46%  81.9M   -26n  n/a
   0   46 |   7 1.0   19   9.5M  173  512  74%    10M |  99.9   ovl   1   27  1.43M   13   19  59%  81.9M    44n  n/a
   0   47 |   7 1.0   19   9.9M  163  482  74%    10M |  99.9   ovl   1   27  1.84M   18   16  47%  81.9M  -212n  n/a
   0   48 |   7 1.0   19   9.0M  155  550  78%    10M |  99.9   ovl   1   27  1.30M   14   20  58%  81.9M  -102n  n/a
   0   49 |   7 1.0   19   9.6M  162  458  73%    10M |  99.9   ovl   1   27  1.47M   15   15  50%  81.9M  -496n  n/a
   0   4a |   7 1.0   19   9.3M  167  504  75%    10M |  99.9   ovl   1   27  2.09M   21   16  43%  81.9M  -124n  n/a
   0   4b |   7 1.0   19   9.4M  152  451  74%    10M |  99.9   ovl   1   27  1.33M   14   23  62%  81.9M  -293n  n/a
   1   4c |   7 1.0   19   9.3M  169  575  77%    10M |  99.9   ovl   1   27   969k    9   16  64%  81.9M  -149n  n/a
   1   4d |   7 1.0   19   9.1M  153  532  77%    10M |  99.9   ovl   1   27  1.06M   10   16  61%  81.9M  -477n  n/a
   1   4e |   7 1.0   19   9.0M  158  595  79%    10M |  99.9   ovl   1   27  1.35M   14   17  54%  81.9M  -406n  n/a
   1   4f |   7 1.0   19   9.0M  153  541  77%    10M |  99.9   ovl   1   27   330k    4   18  81%  81.9M   130n  n/a
   1   50 |   7 1.0   19   9.4M  168  567  77%    10M |  99.9   ovl   1   27  1.22M   12   17  58%  81.9M  -225n  n/a
   1   51 |   7 1.0   19   9.2M  151  493  76%    10M |  99.9   ovl   1   27   949k   10   17  62%  81.9M   137n  n/a
   1   52 |   7 1.0   19   9.0M  160  568  78%    10M |  99.9   ovl   1   27  1.03M   10   20  66%  81.9M   242n  n/a
   1   53 |   7 1.0   19   9.2M  148  545  78%    10M |  99.9   ovl   1   27   842k    8   20  71%  81.9M  -625n  n/a

          |--------------------DL---------------------|-------------------------------UL-----------------------------
 pci rnti | cqi  ri  mcs  brate   ok  nok  (%)  dl_bs | pusch  rsrp  ri  mcs  brate   ok  nok  (%)    bsr     ta  phr
   2   54 |   7 1.0   19   5.8M  150  594  79%    10M |  99.9   ovl   1   27  1.07M   17   18  51%  81.9M   957n  n/a
   2   55 |   7 1.0   19   5.8M  148  580  79%    10M |  99.9   n/a   1   27  1.38M   19   22  53%  81.9M    n/a  n/a
   2   56 |   7 1.0   19   5.7M  142  545  79%    10M |  99.9   n/a   1   27   897k   13   22  62%  81.9M    n/a  n/a
   2   57 |   7 1.0   19   5.8M  135  577  81%    10M |  99.9   n/a   1   27   507k    8   19  70%  81.9M    n/a  n/a
   2   58 |   7 1.0   19   5.9M  153  614  80%    10M |  99.9   n/a   1   27  1.23M   20   21  51%  81.9M    n/a  n/a
   2   59 |   7 1.0   19   5.8M  147  539  78%    10M |  99.9   ovl   1   27   954k   14   19  57%  81.9M   811n  n/a
   2   5a |   7 1.0   19   5.9M  147  585  79%    10M |  99.9   ovl   1   27  1.04M   15   22  59%  81.9M  -655n  n/a
   2   5b |   7 1.0   19   5.6M  139  556  80%    10M |  99.9   ovl   1   27   709k   11   20  64%  81.9M   947n  n/a
   3   5c |   7 1.0   19   6.5M  122  634  83%    10M |  99.9   n/a   1   27   871k    8   20  71%  81.9M    n/a  n/a
   3   5d |   7 1.0   19   6.5M  111  582  83%    10M |  99.9   ovl   1   27   590k    6   19  76%  81.9M    -1u  n/a
   3   5e |   7 1.0   19   6.6M  116  663  85%    10M |  99.9   ovl   1   27   807k    8   18  69%  81.9M    50n  n/a
   3   5f |   7 1.0   19   6.8M  122  569  82%    10M |  99.9   ovl   1   27  1.02M   10   15  60%  81.9M   393n  n/a
   3   60 |   7 1.0   19   6.4M  119  648  84%    10M |  99.9   ovl   1   27   689k    6   17  73%  81.9M  -893n  n/a
   3   61 |   7 1.0   19   6.9M  118  578  83%    10M |  99.9   ovl   1   27   627k    7   17  70%  81.9M  -620n  n/a
   3   62 |   7 1.0   19   6.8M  131  720  84%    10M |  99.9   n/a   1   27   639k    6   15  71%  81.9M    n/a  n/a
   3   63 |   7 1.0   19   6.7M  112  617  84%    10M |  99.9   n/a   1   27   768k    8   18  69%  81.9M    n/a  n/a
   4   64 |   7 1.0   19   5.5M  142  598  80%    10M |  99.9   n/a   1   27  1.02M   14   24  63%  81.9M    n/a  n/a
   4   65 |   7 1.0   19   5.6M  132  543  80%    10M |  99.9   ovl   1   27  1.01M   15   20  57%  81.9M  -831n  n/a
   4   66 |   7 1.0   19   5.8M  139  625  81%    10M |  99.9   n/a   1   27   954k   15   20  57%  81.9M    n/a  n/a
   4   67 |   7 1.0   19   5.7M  136  494  78%    10M |  99.9   n/a   1   27  1.16M   16   20  55%  81.9M    n/a  n/a
   4   68 |   7 1.0   19   6.2M  151  544  78%    10M |  99.9   ovl   1   27   564k    9   26  74%  81.9M  -852n  n/a
   4   69 |   7 1.0   19   5.7M  132  550  80%    10M |  99.9   n/a   1   27  1.25M   18   21  53%  81.9M    n/a  n/a
   4   6a |   7 1.0   19   6.0M  146  518  78%    10M |  99.9   ovl   1   27   942k   13   27  67%  81.9M   423n  n/a
   4   6b |   7 1.0   19   5.9M  135  526  79%    10M |  99.9   n/a   1   27  1.10M   17   21  55%  81.9M    n/a  n/a
   0   44 |   7 1.0   19   8.8M  155  583  78%    10M |  99.9   ovl   1   27  1.75M   19   16  45%  81.9M  -606n  n/a
   0   45 |   7 1.0   19   8.5M  147  525  78%    10M |  99.9   n/a   1   27  1.11M   11   20  64%  81.9M    n/a  n/a
   0   46 |   7 1.0   19   8.8M  151  605  80%    10M |  99.9   ovl   1   27  1.23M   14   19  57%  81.9M  -119n  n/a
   0   47 |   7 1.0   19   8.2M  141  478  77%    10M |  99.9   ovl   1   27  1.92M   18   18  50%  81.9M  -197n  n/a
   0   48 |   7 1.0   19   9.2M  160  544  77%    10M |  99.9   ovl   1   27  1.56M   17   18  51%  81.9M   914n  n/a
   0   49 |   7 1.0   19   8.6M  147  564  79%    10M |  99.9   ovl   1   27  1.59M   17   18  51%  81.9M   417n  n/a
   0   4a |   7 1.0   19   8.9M  151  577  79%    10M |  99.9   ovl   1   27  1.73M   18   13  41%  81.9M    36n  n/a
   0   4b |   7 1.0   19   8.4M  137  506  78%    10M |  99.9   ovl   1   27  1.15M   12   14  53%  81.9M  -519n  n/a
   1   4c |   7 1.0   19   8.8M  153  547  78%    10M |  99.9   n/a   1   27  1.46M   14   21  60%  81.9M    n/a  n/a
   1   4d |   7 1.0   19   8.5M  133  532  80%    10M |  99.9   ovl   1   27  1.23M   12   23  65%  81.9M   106n  n/a
   1   4e |   7 1.0   19   8.6M  144  601  80%    10M |  99.9   ovl   1   27  1.85M   18   20  52%  81.9M  -225n  n/a
   1   4f |   7 1.0   19   8.3M  137  521  79%    10M |  99.9   ovl   1   27  1.43M   14   23  62%  81.9M   169n  n/a
   1   50 |   7 1.0   19   8.9M  159  545  77%    10M |  99.9   ovl   1   27  1.80M   18   23  56%  81.9M  -442n  n/a
   1   51 |   7 1.0   19   8.4M  146  578  79%    10M |  99.9   n/a   1   27  1.11M   12   22  64%  81.9M    n/a  n/a
   1   52 |   7 1.0   19   8.7M  154  558  78%    10M |  99.9   ovl   1   27  1.04M   12   22  64%  81.9M   169n  n/a
   1   53 |   7 1.0   19   8.2M  135  561  80%    10M |  99.9   ovl   1   27  1.33M   14   22  61%  81.9M   837n  n/a
   2   54 |   7 1.0   19   6.9M  181  552  75%    10M |  99.9   ovl   1   27  1.50M   21   16  43%  81.9M   956n  n/a
   2   55 |   7 1.0   19   7.2M  175  432  71%    10M |  99.9   ovl   1   27   868k   13   17  56%  81.9M  -390n  n/a
   2   56 |   7 1.0   19   7.1M  171  597  77%    10M |  99.9   n/a   1   27  1.20M   17   17  50%  81.9M    n/a  n/a
   2   57 |   7 1.0   19   7.3M  177  468  72%    10M |  99.9   ovl   1   27  1.14M   18   16  47%  81.9M   378n  n/a
   2   58 |   7 1.0   19   7.1M  189  543  74%    10M |  99.9   ovl   1   27  1.13M   17   12  41%  81.9M   861n  n/a
   2   59 |   7 1.0   19   7.2M  188  472  71%    10M |  99.9   ovl   1   27  1.10M   17   21  55%  81.9M    67n  n/a
   2   5a |   7 1.0   19   7.0M  174  511  74%    10M |  99.9   ovl   1   27  1.30M   19   10  34%  81.9M   141n  n/a
   2   5b |   7 1.0   19   7.1M  173  448  72%    10M |  99.9   n/a   1   27  1.03M   14   15  51%  81.9M    n/a  n/a
   3   5c |   7 1.0   19   9.4M  166  612  78%    10M |  99.9   n/a   1   27   959k    9   22  70%  81.9M    n/a  n/a
   3   5d |   7 1.0   19   9.3M  156  513  76%    10M |  99.9   n/a   1   27  1.20M   13   21  61%  81.9M    n/a  n/a
   3   5e |   7 1.0   19   9.2M  153  550  78%    10M |  99.9   n/a   1   27   834k    8   21  72%  81.9M    n/a  n/a
   3   5f |   7 1.0   19   9.2M  151  551  78%    10M |  99.9   n/a   1   27  1.11M   11   18  62%  81.9M    n/a  n/a
   3   60 |   7 1.0   19   9.4M  164  519  75%    10M |  99.9   n/a   1   27  1.19M   11   18  62%  81.9M    n/a  n/a
   3   61 |   7 1.0   19   9.3M  153  577  79%    10M |  99.9   n/a   1   27  1.04M   11   18  62%  81.9M    n/a  n/a
   3   62 |   7 1.0   19   8.5M  143  611  81%    10M |  99.9   n/a   1   27  1.09M   10   17  62%  81.9M    n/a  n/a
   3   63 |   7 1.0   19   9.3M  154  551  78%    10M |  99.9   n/a   1   27  1.28M   12   16  57%  81.9M    n/a  n/a
   4   64 |   7 1.0   19   7.4M  195  514  72%    10M |  99.9   ovl   1   27   959k   13   18  58%  81.9M  -643n  n/a
   4   65 |   7 1.0   19   7.0M  169  489  74%    10M |  99.9   ovl   1   27  1.20M   18   15  45%  81.9M    52n  n/a
   4   66 |   7 1.0   19   6.8M  174  524  75%    10M |  99.9   ovl   1   27   973k   14   15  51%  81.9M  -852n  n/a
   4   67 |   7 1.0   19   7.2M  171  483  73%    10M |  99.9   ovl   1   27  1.31M   20   13  39%  81.9M   358n  n/a
   4   68 |   7 1.0   19   6.8M  174  544  75%    10M |  99.9   ovl   1   27   979k   14   19  57%  81.9M     4n  n/a
   4   69 |   7 1.0   19   6.8M  167  475  73%    10M |  99.9   ovl   1   27   981k   14   18  56%  81.9M  -920n  n/a
   4   6a |   7 1.0   19   7.0M  182  556  75%    10M |  99.9   ovl   1   27   947k   15   14  48%  81.9M   972n  n/a
   4   6b |   7 1.0   19   7.1M  168  469  73%    10M |  99.9   ovl   1   27  1.35M   21   14  40%  81.9M    98n  n/a
   0   44 |   7 1.0   19   9.8M  184  507  73%    10M |  99.9   n/a   1   27  1.26M   13   22  62%  81.9M    n/a  n/a
   0   45 |   7 1.0   19   9.2M  143  504  77%    10M |  99.9   n/a   1   27  1.64M   16   21  56%  81.9M    n/a  n/a
   0   46 |   7 1.0   19   9.4M  163  533  76%    10M |  99.9   n/a   1   27  1.33M   12   21  63%  81.9M    n/a  n/a
   0   47 |   7 1.0   19   9.7M  154  487  75%    10M |  99.9   n/a   1   27  1.91M   19   10  34%  81.9M    n/a  n/a
   0   48 |   7 1.0   19   9.1M  152  512  77%    10M |  99.9   n/a   1   27  1.58M   15   18  54%  81.9M    n/a  n/a
   0   49 |   7 1.0   19   9.5M  150  472  75%    10M |  99.9   n/a   1   27  1.79M   18   22  55%  81.9M    n/a  n/a
   0   4a |   7 1.0   19   9.1M  159  568  78%    10M |  99.9   n/a   1   27  2.31M   23   12  34%  81.9M    n/a  n/a
   0   4b |   7 1.0   19   9.5M  157  495  75%    10M |  99.9   n/a   1   27  1.56M   16   21  56%  81.9M    n/a  n/a
   1   4c |   7 1.0   19    10M  183  598  76%    10M |  99.9   n/a   1   27  1.30M   13   22  62%  81.9M    n/a  n/a
   1   4d |   7 1.0   19    10M  162  561  77%    10M |  99.9   n/a   1   27  1.43M   13   22  62%  81.9M    n/a  n/a
   1   4e |   7 1.0   19   9.9M  170  528  75%    10M |  99.9   n/a   1   27  1.35M   13   26  66%  81.9M    n/a  n/a
   1   4f |   7 1.0   19   9.7M  166  477  74%    10M |  99.9   n/a   1   27  1.49M   14   20  58%  81.9M    n/a  n/a
   1   50 |   7 1.0   19    10M  184  536  74%    10M |  99.9   n/a   1   27  1.61M   18   20  52%  81.9M    n/a  n/a
   1   51 |   7 1.0   19   9.9M  157  496  75%    10M |  99.9   n/a   1   27  1.43M   14   16  53%  81.9M    n/a  n/a
   1   52 |   7 1.0   19    10M  182  531  74%    10M |  99.9   n/a   1   27  1.34M   12   20  62%  81.9M    n/a  n/a
   1   53 |   7 1.0   19   9.9M  166  522  75%    10M |  99.9   n/a   1   27  1.08M   10   25  71%  81.9M    n/a  n/a
   2   54 |   7 1.0   19   7.2M  189  551  74%    10M |  99.9   n/a   1   27  1.71M   26   10  27%  81.9M    n/a  n/a
   2   55 |   7 1.0   19   7.3M  176  473  72%    10M |  99.9   ovl   1   27  1.66M   27   16  37%  81.9M   459n  n/a
   2   56 |   7 1.0   19   6.7M  188  533  73%    10M |  99.9   n/a   1   27   743k   11   20  64%  81.9M    n/a  n/a
   2   57 |   7 1.0   19   7.4M  174  464  72%    10M |  99.9   ovl   1   27   962k   13   23  63%  81.9M   249n  n/a
   2   58 |   7 1.0   19   7.6M  183  467  71%    10M |  99.9   n/a   1   27  1.79M   29   15  34%  81.9M    n/a  n/a
   2   59 |   7 1.0   19   7.0M  172  485  73%    10M |  99.9   ovl   1   27  1.28M   19   15  44%  81.9M  -257n  n/a
   2   5a |   7 1.0   19   7.3M  185  491  72%    10M |  99.9   ovl   1   27  1.03M   15   23  60%  81.9M   273n  n/a
   2   5b |   7 1.0   19   7.4M  176  427  70%    10M |  99.9   n/a   1   27  1.30M   21   19  47%  81.9M    n/a  n/a

          |--------------------DL---------------------|-------------------------------UL-----------------------------
 pci rnti | cqi  ri  mcs  brate   ok  nok  (%)  dl_bs | pusch  rsrp  ri  mcs  brate   ok  nok  (%)    bsr     ta  phr
   3   5c |   7 1.0   19    11M  188  602  76%    10M |  99.9   n/a   1   27  1.72M   18   19  51%  81.9M    n/a  n/a
   3   5d |   7 1.0   19    11M  180  493  73%    10M |  99.9   n/a   1   27  1.71M   16   19  54%  81.9M    n/a  n/a
   3   5e |   7 1.0   19    11M  187  565  75%    10M |  99.9   ovl   1   27  1.29M   14   21  60%  81.9M    -1u  n/a
   3   5f |   7 1.0   19    11M  181  542  74%    10M |  99.9   n/a   1   27  1.57M   15   24  61%  81.9M    n/a  n/a
   3   60 |   7 1.0   19    11M  198  555  73%    10M |  99.9   n/a   1   27  1.59M   17   19  52%  81.9M    n/a  n/a
   3   61 |   7 1.0   19    11M  184  488  72%    10M |  99.9   ovl   1   27  1.52M   16   21  56%  81.9M  -620n  n/a
   3   62 |   7 1.0   19    11M  186  516  73%    10M |  99.9   n/a   1   27  1.64M   17   21  55%  81.9M    n/a  n/a
   3   63 |   7 1.0   19    11M  188  485  72%    10M |  99.9   n/a   1   27  1.48M   16   23  58%  81.9M    n/a  n/a
   4   64 |   7 1.0   19   6.8M  172  512  74%    10M |  99.9   n/a   1   27   889k   13   23  63%  81.9M    n/a  n/a
   4   65 |   7 1.0   19   6.6M  163  514  75%    10M |  99.9   n/a   1   27  1.12M   17   25  59%  81.9M    n/a  n/a
   4   66 |   7 1.0   19   6.7M  165  503  75%    10M |  99.9   n/a   1   27   983k   14   21  60%  81.9M    n/a  n/a
   4   67 |   7 1.0   19   6.7M  162  469  74%    10M |  99.9   n/a   1   27   885k   13   22  62%  81.9M    n/a  n/a
   4   68 |   7 1.0   19   6.6M  174  591  77%    10M |  99.9   n/a   1   27  1.11M   15   20  57%  81.9M    n/a  n/a
   4   69 |   7 1.0   19   6.5M  156  496  76%    10M |  99.9   n/a   1   27  1.16M   16   19  54%  81.9M    n/a  n/a
   4   6a |   7 1.0   19   7.2M  175  589  77%    10M |  99.9   n/a   1   27   862k   13   25  65%  81.9M    n/a  n/a
   4   6b |   7 1.0   19   6.8M  171  492  74%    10M |  99.9   n/a   1   27  1.00M   14   23  62%  81.9M    n/a  n/a
   0   44 |   7 1.0   19   9.8M  184  466  71%    10M |  99.9   n/a   1   27  1.63M   17   12  41%  81.9M    n/a  n/a
   0   45 |   7 1.0   19   9.5M  162  495  75%    10M |  99.9   n/a   1   27  2.19M   21   10  32%  81.9M    n/a  n/a
   0   46 |   7 1.0   19   9.5M  176  569  76%    10M |  99.9   n/a   1   27  2.02M   20   12  37%  81.9M    n/a  n/a
   0   47 |   7 1.0   19    10M  179  498  73%    10M |  99.9   n/a   1   27  1.72M   17   21  55%  81.9M    n/a  n/a
   0   48 |   7 1.0   19   8.9M  159  519  76%    10M |  99.9   ovl   1   27  1.60M   18   18  50%  81.9M    36n  n/a
   0   49 |   7 1.0   19    10M  174  489  73%    10M |  99.9   n/a   1   27  1.38M   13   13  50%  81.9M    n/a  n/a
   0   4a |   7 1.0   19   9.4M  168  522  75%    10M |  99.9   ovl   1   27  1.46M   15   20  57%  81.9M  -606n  n/a
   0   4b |   7 1.0   19    10M  174  463  72%    10M |  99.9   n/a   1   27  1.81M   17   19  52%  81.9M    n/a  n/a
   1   4c |   7 1.0   19    11M  194  512  72%    10M |  99.9   n/a   1   27  1.57M   16   16  50%  81.9M    n/a  n/a
   1   4d |   7 1.0   19    10M  172  526  75%    10M |  99.9   ovl   1   27  1.39M   14   19  57%  81.9M  -542n  n/a
   1   4e |   7 1.0   19    11M  188  532  73%    10M |  99.9   n/a   1   27  1.58M   13   18  58%  81.9M    n/a  n/a
   1   4f |   7 1.0   19    11M  179  481  72%    10M |  99.9   ovl   1   27  1.16M   13   15  53%  81.9M    -1u  n/a
   1   50 |   7 1.0   19   9.9M  184  620  77%    10M |  99.9   ovl   1   27  1.95M   20   18  47%  81.9M   342n  n/a
   1   51 |   7 1.0   19    11M  184  506  73%    10M |  99.9   ovl   1   27  1.57M   16   20  55%  81.9M   879n  n/a
   1   52 |   7 1.0   19    11M  191  539  73%    10M |  99.9   n/a   1   27  1.41M   14   20  58%  81.9M    n/a  n/a
   1   53 |   7 1.0   19    11M  184  523  73%    10M |  99.9   n/a   1   27  1.31M   12   18  60%  81.9M    n/a  n/a
   2   54 |   7 1.0   19   5.6M  139  585  80%    10M |  99.9   n/a   1   27   806k   12   17  58%  81.9M    n/a  n/a
   2   55 |   7 1.0   19   5.6M  137  523  79%    10M |  99.9   n/a   1   27   665k    9   24  72%  81.9M    n/a  n/a
   2   56 |   7 1.0   19   5.8M  144  555  79%    10M |  99.9   n/a   1   27   956k   15   18  54%  81.9M    n/a  n/a
   2   57 |   7 1.0   19   5.6M  139  501  78%    10M |  99.9   n/a   1   27  1.23M   17   18  51%  81.9M    n/a  n/a
   2   58 |   7 1.0   19   5.9M  153  514  77%    10M |  99.9   n/a   1   27  1.65M   23   20  46%  81.9M    n/a  n/a
   2   59 |   7 1.0   19   5.7M  151  529  77%    10M |  99.9   n/a   1   27  1.18M   19   15  44%  81.9M    n/a  n/a
   2   5a |   7 1.0   19   5.5M  155  555  78%    10M |  99.9   n/a   1   27   787k   11   20  64%  81.9M    n/a  n/a
   2   5b |   7 1.0   19   5.6M  142  539  79%    10M |  99.9   n/a   1   27   937k   14   21  60%  81.9M    n/a  n/a
   3   5c |   7 1.0   19  10.0M  175  587  77%    10M |  99.9   n/a   1   27  1.44M   14   23  62%  81.9M    n/a  n/a
   3   5d |   7 1.0   19   9.7M  155  502  76%    10M |  99.9   n/a   1   27  1.84M   18   22  55%  81.9M    n/a  n/a
   3   5e |   7 1.0   19   9.5M  163  592  78%    10M |  99.9   n/a   1   27  2.29M   24   24  50%  81.9M    n/a  n/a
   3   5f |   7 1.0   19   9.9M  158  450  74%    10M |  99.9   n/a   1   27  2.28M   23   18  43%  81.9M    n/a  n/a
   3   60 |   7 1.0   19   9.9M  167  553  76%    10M |  99.9   n/a   1   27  1.91M   19   21  52%  81.9M    n/a  n/a
   3   61 |   7 1.0   19   9.8M  159  501  75%    10M |  99.9   n/a   1   27  1.90M   19   22  53%  81.9M    n/a  n/a
   3   62 |   7 1.0   19   9.9M  175  575  76%    10M |  99.9   n/a   1   27  1.44M   15   23  60%  81.9M    n/a  n/a
   3   63 |   7 1.0   19   9.6M  159  504  76%    10M |  99.9   n/a   1   27  1.41M   14   22  61%  81.9M    n/a  n/a
   4   64 |   7 1.0   19   5.8M  142  572  80%    10M |  99.9   n/a   1   27   330k    4   21  84%  81.9M    n/a  n/a
   4   65 |   7 1.0   19   5.4M  134  588  81%    10M |  99.9   n/a   1   27   592k    9   24  72%  81.9M    n/a  n/a
   4   66 |   7 1.0   19   5.6M  137  581  80%    10M |  99.9   n/a   1   27   512k    8   23  74%  81.9M    n/a  n/a
   4   67 |   7 1.0   19   5.6M  137  618  81%    10M |  99.9   n/a   1   27   593k    9   22  70%  81.9M    n/a  n/a
   4   68 |   7 1.0   19   5.6M  143  626  81%    10M |  99.9   n/a   1   27   667k   10   23  69%  81.9M    n/a  n/a
   4   69 |   7 1.0   19   5.4M  139  548  79%    10M |  99.9   n/a   1   27   575k    9   27  75%  81.9M    n/a  n/a
   4   6a |   7 1.0   19   5.7M  134  610  81%    10M |  99.9   n/a   1   27   721k   11   22  66%  81.9M    n/a  n/a
   4   6b |   7 1.0   19   5.7M  132  498  79%    10M |  99.9   n/a   1   27   609k    9   21  70%  81.9M    n/a  n/a
   0   44 |   7 1.0   19   9.7M  174  469  72%    10M |  99.9   n/a   1   27  1.62M   17   18  51%  81.9M    n/a  n/a
   0   45 |   7 1.0   19   9.8M  161  480  74%    10M |  99.9   n/a   1   27  1.13M   10   18  64%  81.9M    n/a  n/a
   0   46 |   7 1.0   19   9.9M  164  493  75%    10M |  99.9   n/a   1   27  1.67M   18   14  43%  81.9M    n/a  n/a
   0   47 |   7 1.0   19   9.3M  160  440  73%    10M |  99.9   n/a   1   27  1.64M   15   21  58%  81.9M    n/a  n/a
   0   48 |   7 1.0   19   8.4M  156  587  79%    10M |  99.9   n/a   1   27  1.92M   19   12  38%  81.9M    n/a  n/a
   0   49 |   7 1.0   19   9.6M  156  443  73%    10M |  99.9   n/a   1   27  1.92M   19   18  48%  81.9M    n/a  n/a
   0   4a |   7 1.0   19   9.5M  174  513  74%    10M |  99.9   n/a   1   27  2.40M   23   15  39%  81.9M    n/a  n/a
   0   4b |   7 1.0   19   9.5M  160  451  73%    10M |  99.9   n/a   1   27  1.85M   19   12  38%  81.9M    n/a  n/a
   1   4c |   7 1.0   19    11M  198  498  71%    10M |  99.9   n/a   1   27  1.43M   14   25  64%  81.9M    n/a  n/a
   1   4d |   7 1.0   19    10M  179  551  75%    10M |  99.9   n/a   1   27  1.05M   11   22  66%  81.9M    n/a  n/a
   1   4e |   7 1.0   19  10.0M  176  587  76%    10M |  99.9   n/a   1   27  1.27M   12   23  65%  81.9M    n/a  n/a
   1   4f |   7 1.0   19    10M  171  527  75%    10M |  99.9   n/a   1   27  1.18M   11   23  67%  81.9M    n/a  n/a
   1   50 |   7 1.0   19    11M  182  534  74%    10M |  99.9   n/a   1   27  1.25M   12   24  66%  81.9M    n/a  n/a
   1   51 |   7 1.0   19    10M  178  514  74%    10M |  99.9   n/a   1   27  1.49M   13   21  61%  81.9M    n/a  n/a
   1   52 |   7 1.0   19    10M  187  503  72%    10M |  99.9   n/a   1   27  1.22M   12   26  68%  81.9M    n/a  n/a
   1   53 |   7 1.0   19    10M  177  465  72%    10M |  99.9   n/a   1   27  1.08M   10   22  68%  81.9M    n/a  n/a
   2   54 |   7 1.0   19   7.9M  208  572  73%    10M |  99.9   n/a   1   27  1.43M   22   22  50%  81.9M    n/a  n/a
   2   55 |   7 1.0   19   7.9M  193  468  70%    10M |  99.9   n/a   1   27  1.35M   20   21  51%  81.9M    n/a  n/a
   2   56 |   7 1.0   19   7.7M  186  526  73%    10M |  99.9   n/a   1   27  1.18M   18   19  51%  81.9M    n/a  n/a
   2   57 |   7 1.0   19   7.6M  189  471  71%    10M |  99.9   n/a   1   27   704k   10   25  71%  81.9M    n/a  n/a
   2   58 |   7 1.0   19   7.8M  211  575  73%    10M |  99.9   n/a   1   27  1.52M   22   16  42%  81.9M    n/a  n/a
   2   59 |   7 1.0   19   7.8M  185  476  72%    10M |  99.9   n/a   1   27  1.40M   21   18  46%  81.9M    n/a  n/a
   2   5a |   7 1.0   19   7.9M  206  484  70%    10M |  99.9   n/a   1   27  1.33M   21   22  51%  81.9M    n/a  n/a
   2   5b |   7 1.0   19   7.8M  187  446  70%    10M |  99.9   n/a   1   27  1.86M   29   17  36%  81.9M    n/a  n/a
   3   5c |   7 1.0   19    11M  192  565  74%    10M |  99.9   n/a   1   27  1.21M   13   24  64%  81.9M    n/a  n/a
   3   5d |   7 1.0   19    11M  190  528  73%    10M |  99.9   n/a   1   27  1.38M   15   21  58%  81.9M    n/a  n/a
   3   5e |   7 1.0   19    11M  194  511  72%    10M |  99.9   n/a   1   27  1.12M   12   20  62%  81.9M    n/a  n/a
   3   5f |   7 1.0   19    11M  179  467  72%    10M |  99.9   n/a   1   27  1.28M   15   20  57%  81.9M    n/a  n/a
   3   60 |   7 1.0   19    11M  197  482  70%    10M |  99.9   n/a   1   27  1.47M   15   22  59%  81.9M    n/a  n/a
   3   61 |   7 1.0   19    11M  178  511  74%    10M |  99.9   n/a   1   27  1.20M   14   21  60%  81.9M    n/a  n/a
   3   62 |   7 1.0   19    11M  196  540  73%    10M |  99.9   n/a   1   27  1.57M   16   23  58%  81.9M    n/a  n/a
   3   63 |   7 1.0   19    11M  186  509  73%    10M |  99.9   n/a   1   27  1.18M   12   22  64%  81.9M    n/a  n/a

          |--------------------DL---------------------|-------------------------------UL-----------------------------
 pci rnti | cqi  ri  mcs  brate   ok  nok  (%)  dl_bs | pusch  rsrp  ri  mcs  brate   ok  nok  (%)    bsr     ta  phr
   4   64 |   7 1.0   19   6.8M  180  552  75%    10M |  99.9   n/a   1   27  1.18M   17   18  51%  81.9M    n/a  n/a
   4   65 |   7 1.0   19   7.1M  168  489  74%    10M |  99.9   n/a   1   27  1.03M   16   21  56%  81.9M    n/a  n/a
   4   66 |   7 1.0   19   7.0M  171  493  74%    10M |  99.9   n/a   1   27   972k   14   21  60%  81.9M    n/a  n/a
   4   67 |   7 1.0   19   6.9M  173  489  73%    10M |  99.9   n/a   1   27  1.62M   26   19  42%  81.9M    n/a  n/a
   4   68 |   7 1.0   19   6.9M  181  532  74%    10M |  99.9   n/a   1   27  1.21M   19   20  51%  81.9M    n/a  n/a
   4   69 |   7 1.0   19   7.2M  167  497  74%    10M |  99.9   n/a   1   27  1.05M   15   21  58%  81.9M    n/a  n/a
   4   6a |   7 1.0   19   6.9M  175  531  75%    10M |  99.9   n/a   1   27  1.25M   19   20  51%  81.9M    n/a  n/a
   4   6b |   7 1.0   19   7.4M  171  441  72%    10M |  99.9   n/a   1   27   905k   14   18  56%  81.9M    n/a  n/a
   0   44 |   7 1.0   19   8.8M  166  530  76%    10M |  99.9   n/a   1   27  1.65M   17   17  50%  81.9M    n/a  n/a
   0   45 |   7 1.0   19   9.4M  157  507  76%    10M |  99.9   n/a   1   27  2.12M   22   12  35%  81.9M    n/a  n/a
   0   46 |   7 1.0   19   8.6M  161  525  76%    10M |  99.9   ovl   1   27  2.75M   25   15  37%  81.9M  -348n  n/a
   0   47 |   7 1.0   19   9.0M  148  528  78%    10M |  99.9   n/a   1   27  1.59M   17   14  45%  81.9M    n/a  n/a
   0   48 |   7 1.0   19   8.9M  155  566  78%    10M |  99.9   n/a   1   27  1.74M   17   12  41%  81.9M    n/a  n/a
   0   49 |   7 1.0   19   9.4M  156  460  74%    10M |  99.9   n/a   1   27  1.63M   18   16  47%  81.9M    n/a  n/a
   0   4a |   7 1.0   19   8.8M  155  535  77%    10M |  99.9   n/a   1   27  2.08M   19   15  44%  81.9M    n/a  n/a
   0   4b |   7 1.0   19   9.3M  153  468  75%    10M |  99.9   n/a   1   27  2.12M   20   10  33%  81.9M    n/a  n/a
   1   4c |   7 1.0   19    11M  192  559  74%    10M |  99.9   n/a   1   27  1.89M   18   26  59%  81.9M    n/a  n/a
   1   4d |   7 1.0   19    11M  184  522  73%    10M |  99.9   n/a   1   27  1.80M   16   25  60%  81.9M    n/a  n/a
   1   4e |   7 1.0   19    11M  192  549  74%    10M |  99.9   n/a   1   27  2.16M   21   23  52%  81.9M    n/a  n/a
   1   4f |   7 1.0   19    11M  180  479  72%    10M |  99.9   n/a   1   27  1.89M   17   24  58%  81.9M    n/a  n/a
   1   50 |   7 1.0   19    10M  184  555  75%    10M |  99.9   n/a   1   27  1.49M   15   24  61%  81.9M    n/a  n/a
   1   51 |   7 1.0   19    11M  182  507  73%    10M |  99.9   n/a   1   27  1.56M   16   21  56%  81.9M    n/a  n/a
   1   52 |   7 1.0   19    11M  193  537  73%    10M |  99.9   n/a   1   27  1.74M   17   26  60%  81.9M    n/a  n/a
   1   53 |   7 1.0   19    11M  171  507  74%    10M |  99.9   n/a   1   27  2.13M   19   26  57%  81.9M    n/a  n/a
   2   54 |   7 1.0   19   7.4M  195  508  72%    10M |  99.9   n/a   1   27   672k   11   23  67%  81.9M    n/a  n/a
   2   55 |   7 1.0   19   7.3M  180  489  73%    10M |  99.9   ovl   1   27  1.41M   21   19  47%  81.9M   872n  n/a
   2   56 |   7 1.0   19   6.9M  175  502  74%    10M |  99.9   ovl   1   27  1.82M   28   15  34%  81.9M   120n  n/a
   2   57 |   7 1.0   19   7.2M  164  458  73%    10M |  99.9   ovl   1   27  1.18M   17   21  55%  81.9M  -563n  n/a
   2   58 |   7 1.0   19   7.4M  190  547  74%    10M |  99.9   ovl   1   27  1.09M   16   18  52%  81.9M   242n  n/a
   2   59 |   7 1.0   19   7.4M  179  465  72%    10M |  99.9   ovl   1   27  1.25M   19   21  52%  81.9M   909n  n/a
   2   5a |   7 1.0   19   7.2M  189  564  74%    10M |  99.9   ovl   1   27  1.01M   14   20  58%  81.9M   379n  n/a
   2   5b |   7 1.0   19   7.0M  170  538  75%    10M |  99.9   ovl   1   27  1.03M   16   23  58%  81.9M    78n  n/a
   3   5c |   7 1.0   19   8.3M  141  575  80%    10M |  99.9   ovl   1   27   887k    8   21  72%  81.9M  -927n  n/a
   3   5d |   7 1.0   19   7.9M  128  591  82%    10M |  99.9   n/a   1   27   937k    9   23  71%  81.9M    n/a  n/a
   3   5e |   7 1.0   19   7.9M  150  651  81%    10M |  99.9   n/a   1   27   852k    9   23  71%  81.9M    n/a  n/a
   3   5f |   7 1.0   19   8.3M  136  578  80%    10M |  99.9   n/a   1   27   920k    9   26  74%  81.9M    n/a  n/a
   3   60 |   7 1.0   19   8.3M  142  599  80%    10M |  99.9   ovl   1   27   959k   10   20  66%  81.9M  -763n  n/a
   3   61 |   7 1.0   19   8.0M  139  551  79%    10M |  99.9   n/a   1   27  1.13M   11   24  68%  81.9M    n/a  n/a
   3   62 |   7 1.0   19   8.4M  143  621  81%    10M |  99.9   n/a   1   27  1.20M   12   24  66%  81.9M    n/a  n/a
   3   63 |   7 1.0   19   8.4M  138  560  80%    10M |  99.9   ovl   1   27  1.00M   10   25  71%  81.9M  -796n  n/a
   4   64 |   7 1.0   19   7.8M  198  508  71%    10M |  99.9   n/a   1   27  1.26M   19   16  45%  81.9M    n/a  n/a
   4   65 |   7 1.0   19   7.6M  189  428  69%    10M |  99.9   n/a   1   27  1.34M   21   18  46%  81.9M    n/a  n/a
   4   66 |   7 1.0   19   7.7M  204  448  68%    10M |  99.9   n/a   1   27  1.20M   18   21  53%  81.9M    n/a  n/a
   4   67 |   7 1.0   19   7.7M  181  488  72%    10M |  99.9   n/a   1   27  1.34M   20   17  45%  81.9M    n/a  n/a
   4   68 |   7 1.0   19   8.0M  204  465  69%    10M |  99.9   n/a   1   27  1.09M   16   16  50%  81.9M    n/a  n/a
   4   69 |   7 1.0   19   7.7M  185  442  70%    10M |  99.9   n/a   1   27  1.14M   16   12  42%  81.9M    n/a  n/a
   4   6a |   7 1.0   19   7.7M  194  543  73%    10M |  99.9   n/a   1   27  1.33M   20   20  50%  81.9M    n/a  n/a
   4   6b |   7 1.0   19   7.9M  183  465  71%    10M |  99.9   n/a   1   27  1.39M   21   14  40%  81.9M    n/a  n/a
   0   44 |   7 1.0   19   9.4M  174  490  73%    10M |  99.9   n/a   1   27  1.97M   21   13  38%  81.9M    n/a  n/a
   0   45 |   7 1.0   19   9.4M  170  491  74%    10M |  99.9   n/a   1   27  1.89M   20   22  52%  81.9M    n/a  n/a
   0   46 |   7 1.0   19   9.6M  163  499  75%    10M |  99.9   n/a   1   27  1.76M   19   19  50%  81.9M    n/a  n/a
   0   47 |   7 1.0   19    10M  162  414  71%    10M |  99.9   n/a   1   27  1.96M   20   16  44%  81.9M    n/a  n/a
   0   48 |   7 1.0   19   9.8M  174  499  74%    10M |  99.9   n/a   1   27  2.41M   23   19  45%  81.9M    n/a  n/a
   0   49 |   7 1.0   19   9.6M  156  459  74%    10M |  99.9   n/a   1   27  1.59M   16   14  46%  81.9M    n/a  n/a
   0   4a |   7 1.0   19   9.8M  184  495  72%    10M |  99.9   n/a   1   27  1.24M   13   12  48%  81.9M    n/a  n/a
   0   4b |   7 1.0   19  10.0M  173  467  72%    10M |  99.9   n/a   1   27  1.98M   19   17  47%  81.9M    n/a  n/a
   1   4c |   7 1.0   19    11M  189  473  71%    10M |  99.9   n/a   1   27  2.30M   22   16  42%  81.9M    n/a  n/a
   1   4d |   7 1.0   19    10M  169  530  75%    10M |  99.9   n/a   1   27  3.00M   31   15  32%  81.9M    n/a  n/a
   1   4e |   7 1.0   19    11M  201  456  69%    10M |  99.9   n/a   1   27  1.64M   15   13  46%  81.9M    n/a  n/a
   1   4f |   7 1.0   19   9.8M  155  511  76%    10M |  99.9   n/a   1   27  1.93M   20   18  47%  81.9M    n/a  n/a
   1   50 |   7 1.0   19    11M  196  485  71%    10M |  99.9   n/a   1   27  2.10M   21   18  46%  81.9M    n/a  n/a
   1   51 |   7 1.0   19    10M  161  485  75%    10M |  99.9   n/a   1   27  2.63M   25   15  37%  81.9M    n/a  n/a
   1   52 |   7 1.0   19    11M  184  473  71%    10M |  99.9   n/a   1   27  2.19M   22   18  45%  81.9M    n/a  n/a
   1   53 |   7 1.0   19   9.8M  166  529  76%    10M |  99.9   n/a   1   27  2.31M   24   16  40%  81.9M    n/a  n/a
   2   54 |   7 1.0   19   7.2M  177  502  73%    10M |  99.9   n/a   1   27   743k   11   25  69%  81.9M    n/a  n/a
   2   55 |   7 1.0   19   7.1M  177  437  71%    10M |  99.9   n/a   1   27  1.17M   17   23  57%  81.9M    n/a  n/a
   2   56 |   7 1.0   19   7.1M  177  540  75%    10M |  99.9   n/a   1   27   830k   12   24  66%  81.9M    n/a  n/a
   2   57 |   7 1.0   19   7.0M  172  459  72%    10M |  99.9   n/a   1   27  1.08M   16   21  56%  81.9M    n/a  n/a
   2   58 |   7 1.0   19   7.1M  182  493  73%    10M |  99.9   n/a   1   27  1.24M   18   22  55%  81.9M    n/a  n/a
   2   59 |   7 1.0   19   7.0M  171  495  74%    10M |  99.9   n/a   1   27  1.09M   17   20  54%  81.9M    n/a  n/a
   2   5a |   7 1.0   19   6.7M  173  580  77%    10M |  99.9   n/a   1   27   917k   13   23  63%  81.9M    n/a  n/a
   2   5b |   7 1.0   19   7.1M  179  481  72%    10M |  99.9   n/a   1   27   724k   12   18  60%  81.9M    n/a  n/a
   3   5c |   7 1.0   19    11M  195  497  71%    10M |  99.9   n/a   1   27  1.66M   17   20  54%  81.9M    n/a  n/a
   3   5d |   7 1.0   19    11M  182  496  73%    10M |  99.9   n/a   1   27  1.51M   16   24  60%  81.9M    n/a  n/a
   3   5e |   7 1.0   19    11M  193  470  70%    10M |  99.9   n/a   1   27  1.15M   12   22  64%  81.9M    n/a  n/a
   3   5f |   7 1.0   19    11M  181  493  73%    10M |  99.9   n/a   1   27  2.01M   20   19  48%  81.9M    n/a  n/a
   3   60 |   7 1.0   19    10M  176  545  75%    10M |  99.9   n/a   1   27  1.67M   16   22  57%  81.9M    n/a  n/a
   3   61 |   7 1.0   19    11M  180  458  71%    10M |  99.9   n/a   1   27  1.43M   14   21  60%  81.9M    n/a  n/a
   3   62 |   7 1.0   19    10M  178  560  75%    10M |  99.9   n/a   1   27  2.18M   23   18  43%  81.9M    n/a  n/a
   3   63 |   7 1.0   19    11M  189  464  71%    10M |  99.9   n/a   1   27  2.52M   25   14  35%  81.9M    n/a  n/a
   4   64 |   7 1.0   19   6.4M  163  578  78%    10M |  99.9   n/a   1   27   562k    9   28  75%  81.9M    n/a  n/a
   4   65 |   7 1.0   19   6.4M  147  597  80%    10M |  99.9   n/a   1   27   683k   10   25  71%  81.9M    n/a  n/a
   4   66 |   7 1.0   19   6.2M  161  555  77%    10M |  99.9   n/a   1   27   223k    3   24  88%  81.9M    n/a  n/a
   4   67 |   7 1.0   19   6.2M  145  549  79%    10M |  99.9   n/a   1   27   484k    7   23  76%  81.9M    n/a  n/a
   4   68 |   7 1.0   19   6.3M  157  612  79%    10M |  99.9   n/a   1   27   628k    9   24  72%  81.9M    n/a  n/a
   4   69 |   7 1.0   19   6.1M  148  522  77%    10M |  99.9   n/a   1   27  1.02M   15   21  58%  81.9M    n/a  n/a
   4   6a |   7 1.0   19   6.1M  148  534  78%    10M |  99.9   n/a   1   27   488k    7   22  75%  81.9M    n/a  n/a
   4   6b |   7 1.0   19   6.1M  147  507  77%    10M |  99.9   n/a   1   27   347k    6   26  81%  81.9M    n/a  n/a

          |--------------------DL---------------------|-------------------------------UL-----------------------------
 pci rnti | cqi  ri  mcs  brate   ok  nok  (%)  dl_bs | pusch  rsrp  ri  mcs  brate   ok  nok  (%)    bsr     ta  phr
   0   44 |   7 1.0   19   9.5M  172  441  71%    10M |  99.9   n/a   1   27  2.60M   25   13  34%  81.9M    n/a  n/a
   0   45 |   7 1.0   19   9.5M  162  442  73%    10M |  99.9   n/a   1   27  1.67M   16   15  48%  81.9M    n/a  n/a
   0   46 |   7 1.0   19   8.5M  154  492  76%    10M |  99.9   n/a   1   27  1.13M   12   10  45%  81.9M    n/a  n/a
   0   47 |   7 1.0   19   9.8M  170  441  72%    10M |  99.9   n/a   1   27  2.16M   22   18  45%  81.9M    n/a  n/a
   0   48 |   7 1.0   19   8.9M  158  491  75%    10M |  99.9   n/a   1   27  1.02M   11   14  56%  81.9M    n/a  n/a
   0   49 |   7 1.0   19   9.3M  150  412  73%    10M |  99.9   n/a   1   27  1.14M   13   15  53%  81.9M    n/a  n/a
   0   4a |   7 1.0   19    10M  184  419  69%    10M |  99.9   n/a   1   27  2.34M   24   17  41%  81.9M    n/a  n/a
   0   4b |   7 1.0   19    10M  158  392  71%    10M |  99.9   n/a   1   27  2.39M   24   16  40%  81.9M    n/a  n/a
   1   4c |   7 1.0   19    10M  187  496  72%    10M |  99.9   n/a   1   27  1.68M   17   17  50%  81.9M    n/a  n/a
   1   4d |   7 1.0   19    10M  174  548  75%    10M |  99.9   n/a   1   27  1.17M   12   21  63%  81.9M    n/a  n/a
   1   4e |   7 1.0   19    10M  178  568  76%    10M |  99.9   n/a   1   27  1.14M   11   22  66%  81.9M    n/a  n/a
   1   4f |   7 1.0   19    11M  170  457  72%    10M |  99.9   n/a   1   27  1.34M   14   20  58%  81.9M    n/a  n/a
   1   50 |   7 1.0   19   9.7M  164  563  77%    10M |  99.9   n/a   1   27  1.71M   17   19  52%  81.9M    n/a  n/a
   1   51 |   7 1.0   19    10M  168  505  75%    10M |  99.9   n/a   1   27  1.14M   12   20  62%  81.9M    n/a  n/a
   1   52 |   7 1.0   19    10M  180  571  76%    10M |  99.9   n/a   1   27  1.70M   15   24  61%  81.9M    n/a  n/a
   1   53 |   7 1.0   19    10M  173  508  74%    10M |  99.9   n/a   1   27  1.53M   14   18  56%  81.9M    n/a  n/a
   2   54 |   7 1.0   19   6.8M  178  516  74%    10M |  99.9   n/a   1   27   677k    9   23  71%  81.9M    n/a  n/a
   2   55 |   7 1.0   19   6.3M  160  605  79%    10M |  99.9   n/a   1   27   728k   12   23  65%  81.9M    n/a  n/a
   2   56 |   7 1.0   19   6.3M  164  592  78%    10M |  99.9   n/a   1   27   664k   10   25  71%  81.9M    n/a  n/a
   2   57 |   7 1.0   19   6.2M  157  518  76%    10M |  99.9   n/a   1   27   830k   13   23  63%  81.9M    n/a  n/a
   2   58 |   7 1.0   19   6.4M  176  606  77%    10M |  99.9   n/a   1   27   723k   11   25  69%  81.9M    n/a  n/a
   2   59 |   7 1.0   19   6.4M  157  535  77%    10M |  99.9   n/a   1   27   611k   10   24  70%  81.9M    n/a  n/a
   2   5a |   7 1.0   19   6.3M  157  568  78%    10M |  99.9   n/a   1   27   804k   12   24  66%  81.9M    n/a  n/a
   2   5b |   7 1.0   19   6.5M  159  525  76%    10M |  99.9   n/a   1   27   725k   12   27  69%  81.9M    n/a  n/a
   3   5c |   7 1.0   19   8.9M  167  622  78%    10M |  99.9   n/a   1   27  1.09M   10   26  72%  81.9M    n/a  n/a
   3   5d |   7 1.0   19   9.3M  142  520  78%    10M |  99.9   n/a   1   27  1.20M   11   22  66%  81.9M    n/a  n/a
   3   5e |   7 1.0   19   9.3M  169  553  76%    10M |  99.9   n/a   1   27   924k   10   22  68%  81.9M    n/a  n/a
   3   5f |   7 1.0   19   8.7M  149  536  78%    10M |  99.9   n/a   1   27   637k    7   23  76%  81.9M    n/a  n/a
   3   60 |   7 1.0   19   9.3M  160  562  77%    10M |  99.9   n/a   1   27   744k    8   25  75%  81.9M    n/a  n/a
   3   61 |   7 1.0   19   8.7M  142  546  79%    10M |  99.9   n/a   1   27   834k    9   21  70%  81.9M    n/a  n/a
   3   62 |   7 1.0   19   9.1M  159  592  78%    10M |  99.9   n/a   1   27  1.04M   12   21  63%  81.9M    n/a  n/a
   3   63 |   7 1.0   19   8.9M  142  509  78%    10M |  99.9   n/a   1   27  1.15M   12   20  62%  81.9M    n/a  n/a
   4   64 |   7 1.0   19   6.7M  168  565  77%    10M |  99.9   n/a   1   27   893k   12   22  64%  81.9M    n/a  n/a
   4   65 |   7 1.0   19   6.7M  163  501  75%    10M |  99.9   n/a   1   27   784k   12   23  65%  81.9M    n/a  n/a
   4   66 |   7 1.0   19   6.6M  176  617  77%    10M |  99.9   n/a   1   27   746k   12   22  64%  81.9M    n/a  n/a
   4   67 |   7 1.0   19   6.8M  159  462  74%    10M |  99.9   n/a   1   27   877k   13   24  64%  81.9M    n/a  n/a
   4   68 |   7 1.0   19   6.4M  162  587  78%    10M |  99.9   n/a   1   27   629k    9   27  75%  81.9M    n/a  n/a
   4   69 |   7 1.0   19   6.4M  159  475  74%    10M |  99.9   n/a   1   27   701k   11   22  66%  81.9M    n/a  n/a
   4   6a |   7 1.0   19   6.7M  172  572  76%    10M |  99.9   n/a   1   27   905k   12   26  68%  81.9M    n/a  n/a
   4   6b |   7 1.0   19   6.7M  165  489  74%    10M |  99.9   n/a   1   27   700k   10   24  70%  81.9M    n/a  n/a
   0   44 |   7 1.0   19   8.9M  153  576  79%    10M |  99.9   n/a   1   27  2.65M   26   14  35%  81.9M    n/a  n/a
   0   45 |   7 1.0   19   9.5M  164  464  73%    10M |  99.9   n/a   1   27  2.25M   22   12  35%  81.9M    n/a  n/a
   0   46 |   7 1.0   19    10M  175  477  73%    10M |  99.9   n/a   1   27  2.24M   22   13  37%  81.9M    n/a  n/a
   0   47 |   7 1.0   19   9.5M  153  441  74%    10M |  99.9   n/a   1   27  1.59M   15   18  54%  81.9M    n/a  n/a
   0   48 |   7 1.0   19   9.3M  152  552  78%    10M |  99.9   n/a   1   27  1.62M   15   18  54%  81.9M    n/a  n/a
   0   49 |   7 1.0   19   9.8M  171  464  73%    10M |  99.9   n/a   1   27  1.68M   17   22  56%  81.9M    n/a  n/a
   0   4a |   7 1.0   19   9.2M  162  525  76%    10M |  99.9   n/a   1   27  1.58M   15   22  59%  81.9M    n/a  n/a
   0   4b |   7 1.0   19   9.9M  164  467  74%    10M |  99.9   n/a   1   27  2.08M   19   13  40%  81.9M    n/a  n/a
   1   4c |   7 1.0   19   8.9M  153  562  78%    10M |  99.9   n/a   1   27  1.30M   14   25  64%  81.9M    n/a  n/a
   1   4d |   7 1.0   19   9.0M  146  589  80%    10M |  99.9   n/a   1   27  1.54M   15   22  59%  81.9M    n/a  n/a
   1   4e |   7 1.0   19   9.1M  166  588  77%    10M |  99.9   n/a   1   27  1.76M   18   26  59%  81.9M    n/a  n/a
   1   4f |   7 1.0   19   8.7M  149  548  78%    10M |  99.9   n/a   1   27  1.39M   15   20  57%  81.9M    n/a  n/a
   1   50 |   7 1.0   19   9.0M  161  631  79%    10M |  99.9   n/a   1   27  1.31M   14   23  62%  81.9M    n/a  n/a
   1   51 |   7 1.0   19   8.8M  149  587  79%    10M |  99.9   n/a   1   27  1.43M   15   25  62%  81.9M    n/a  n/a
   1   52 |   7 1.0   19   9.1M  163  574  77%    10M |  99.9   n/a   1   27  1.34M   14   20  58%  81.9M    n/a  n/a
   1   53 |   7 1.0   19   8.8M  146  617  80%    10M |  99.9   n/a   1   27  1.72M   18   21  53%  81.9M    n/a  n/a
   2   54 |   7 1.0   19   5.6M  155  648  80%    10M |  99.9   ovl   1   27   379k    6   18  75%  81.9M  -808n  n/a
   2   55 |   7 1.0   19   5.8M  144  534  78%    10M |  99.9   n/a   1   27   771k   11   17  60%  81.9M    n/a  n/a
   2   56 |   7 1.0   19   5.7M  149  610  80%    10M |  99.9   n/a   1   27   366k    6   16  72%  81.9M    n/a  n/a
   2   57 |   7 1.0   19   5.7M  138  571  80%    10M |  99.9   ovl   1   27   712k   11   14  56%  81.9M   814n  n/a
   2   58 |   7 1.0   19   5.9M  151  555  78%    10M |  99.9   ovl   1   27   767k   13   16  55%  81.9M   314n  n/a
   2   59 |   7 1.0   19   5.6M  137  578  80%    10M |  99.9   n/a   1   27   670k   10   18  64%  81.9M    n/a  n/a
   2   5a |   7 1.0   19   6.0M  164  570  77%    10M |  99.9   n/a   1   27   649k    9   16  64%  81.9M    n/a  n/a
   2   5b |   7 1.0   19   5.6M  141  546  79%    10M |  99.9   n/a   1   27   425k    7   17  70%  81.9M    n/a  n/a
   3   5c |   7 1.0   19   9.5M  163  544  76%    10M |  99.9   ovl   1   27   990k   10   16  61%  81.9M   220n  n/a
   3   5d |   7 1.0   19   9.5M  157  546  77%    10M |  99.9   ovl   1   27   750k    8   16  66%  81.9M     1u  n/a
   3   5e |   7 1.0   19   9.6M  168  498  74%    10M |  99.9   ovl   1   27  1.09M   11   16  59%  81.9M  -222n  n/a
   3   5f |   7 1.0   19   9.7M  158  507  76%    10M |  99.9   ovl   1   27  1.43M   13   16  55%  81.9M   794n  n/a
   3   60 |   7 1.0   19   9.5M  163  523  76%    10M |  99.9   ovl   1   27  1.21M   12   15  55%  81.9M    16n  n/a
   3   61 |   7 1.0   19   9.4M  160  536  77%    10M |  99.9   ovl   1   27  1.05M   11   16  59%  81.9M   437n  n/a
   3   62 |   7 1.0   19   9.5M  168  573  77%    10M |  99.9   ovl   1   27  1.58M   15   15  50%  81.9M   -19n  n/a
   3   63 |   7 1.0   19   9.3M  158  566  78%    10M |  99.9   ovl   1   27   994k   10   18  64%  81.9M  -537n  n/a
   4   64 |   7 1.0   19   5.4M  140  561  80%    10M |  99.9   ovl   1   27   742k   10   18  64%  81.9M  -204n  n/a
   4   65 |   7 1.0   19   5.3M  126  566  81%    10M |  99.9   ovl   1   27   553k    9   20  68%  81.9M   -37n  n/a
   4   66 |   7 1.0   19   5.4M  145  681  82%    10M |  99.9   ovl   1   27   510k    8   20  71%  81.9M  -163n  n/a
   4   67 |   7 1.0   19   5.3M  130  516  79%    10M |  99.9   ovl   1   27   683k   10   19  65%  81.9M  -376n  n/a
   4   68 |   7 1.0   19   5.4M  130  656  83%    10M |  99.9   ovl   1   27   738k   11   20  64%  81.9M   -72n  n/a
   4   69 |   7 1.0   19   4.8M  118  592  83%    10M |  99.9   ovl   1   27   449k    7   20  74%  81.9M   308n  n/a
   4   6a |   7 1.0   19   5.3M  136  652  82%    10M |  99.9   ovl   1   27   678k   11   21  65%  81.9M   -90n  n/a
   4   6b |   7 1.0   19   5.0M  133  575  81%    10M |  99.9   ovl   1   27   845k   13   19  59%  81.9M  -492n  n/a
   0   44 |   7 1.0   19    10M  182  578  76%    10M |  99.9   ovl   1   27  2.12M   22   10  31%  81.9M   143n  n/a
   0   45 |   7 1.0   19   9.6M  162  464  74%    10M |  99.9   n/a   1   27  1.39M   14   17  54%  81.9M    n/a  n/a
   0   46 |   7 1.0   19  10.0M  169  521  75%    10M |  99.9   ovl   1   27  1.80M   19   13  40%  81.9M   -56n  n/a
   0   47 |   7 1.0   19   9.9M  171  431  71%    10M |  99.9   ovl   1   27  2.30M   23   11  32%  81.9M  -703n  n/a
   0   48 |   7 1.0   19   9.8M  172  555  76%    10M |  99.9   n/a   1   27  1.49M   15   17  53%  81.9M    n/a  n/a
   0   49 |   7 1.0   19    10M  166  465  73%    10M |  99.9   ovl   1   27  1.81M   20   14  41%  81.9M  -282n  n/a
   0   4a |   7 1.0   19   9.2M  169  592  77%    10M |  99.9   n/a   1   27  1.73M   18   14  43%  81.9M    n/a  n/a
   0   4b |   7 1.0   19    10M  170  465  73%    10M |  99.9   ovl   1   27  1.90M   20   15  42%  81.9M  -229n  n/a

          |--------------------DL---------------------|-------------------------------UL-----------------------------
 pci rnti | cqi  ri  mcs  brate   ok  nok  (%)  dl_bs | pusch  rsrp  ri  mcs  brate   ok  nok  (%)    bsr     ta  phr
   1   4c |   7 1.0   19   9.9M  173  556  76%    10M |  99.9   ovl   1   27  1.61M   16   16  50%  81.9M  -149n  n/a
   1   4d |   7 1.0   19   9.6M  164  477  74%    10M |  99.9   n/a   1   27  1.43M   14   18  56%  81.9M    n/a  n/a
   1   4e |   7 1.0   19    11M  180  514  74%    10M |  99.9   ovl   1   27  1.98M   20   17  45%  81.9M   879n  n/a
   1   4f |   7 1.0   19   9.9M  172  540  75%    10M |  99.9   n/a   1   27  1.26M   14   17  54%  81.9M    n/a  n/a
   1   50 |   7 1.0   19    10M  177  559  75%    10M |  99.9   ovl   1   27  1.99M   21   17  44%  81.9M  -210n  n/a
   1   51 |   7 1.0   19   9.5M  158  491  75%    10M |  99.9   n/a   1   27  1.51M   15   18  54%  81.9M    n/a  n/a
   1   52 |   7 1.0   19    10M  176  589  76%    10M |  99.9   ovl   1   27  1.24M   13   23  63%  81.9M  -542n  n/a
   1   53 |   7 1.0   19   9.7M  164  501  75%    10M |  99.9   ovl   1   27  1.72M   17   18  51%  81.9M  -225n  n/a
   2   54 |   7 1.0   19   5.2M  130  555  81%    10M |  99.9   n/a   1   27   585k    9   26  74%  81.9M    n/a  n/a
   2   55 |   7 1.0   19   5.0M  123  654  84%    10M |  99.9   n/a   1   27   991k   15   14  48%  81.9M    n/a  n/a
   2   56 |   7 1.0   19   5.1M  131  606  82%    10M |  99.9   n/a   1   27   802k   11   26  70%  81.9M    n/a  n/a
   2   57 |   7 1.0   19   5.1M  127  578  81%    10M |  99.9   n/a   1   27   996k   15   21  58%  81.9M    n/a  n/a
   2   58 |   7 1.0   19   5.0M  131  640  83%    10M |  99.9   n/a   1   27   699k   10   17  62%  81.9M    n/a  n/a
   2   59 |   7 1.0   19   5.0M  118  597  83%    10M |  99.9   n/a   1   27   686k   10   18  64%  81.9M    n/a  n/a
   2   5a |   7 1.0   19   5.2M  129  604  82%    10M |  99.9   n/a   1   27   442k    6   22  78%  81.9M    n/a  n/a
   2   5b |   7 1.0   19   5.1M  118  593  83%    10M |  99.9   n/a   1   27   434k    6   20  76%  81.9M    n/a  n/a
   3   5c |   7 1.0   19   8.2M  152  644  80%    10M |  99.9   n/a   1   27   910k   11   20  64%  81.9M    n/a  n/a
   3   5d |   7 1.0   19   8.2M  143  543  79%    10M |  99.9   n/a   1   27  1.12M   11   22  66%  81.9M    n/a  n/a
   3   5e |   7 1.0   19   8.4M  144  673  82%    10M |  99.9   n/a   1   27  1.41M   14   23  62%  81.9M    n/a  n/a
   3   5f |   7 1.0   19   8.4M  144  564  79%    10M |  99.9   n/a   1   27   746k    8   20  71%  81.9M    n/a  n/a
   3   60 |   7 1.0   19   8.3M  147  578  79%    10M |  99.9   n/a   1   27   859k    8   24  75%  81.9M    n/a  n/a
   3   61 |   7 1.0   19   8.5M  141  513  78%    10M |  99.9   n/a   1   27   861k    9   23  71%  81.9M    n/a  n/a
   3   62 |   7 1.0   19   8.7M  147  569  79%    10M |  99.9   n/a   1   27  1.06M   10   23  69%  81.9M    n/a  n/a
   3   63 |   7 1.0   19   8.4M  141  531  79%    10M |  99.9   n/a   1   27   996k   10   21  67%  81.9M    n/a  n/a
   4   64 |   7 1.0   19   5.6M  136  607  81%    10M |  99.9   n/a   1   27   427k    6   26  81%  81.9M    n/a  n/a
   4   65 |   7 1.0   19   5.7M  143  545  79%    10M |  99.9   n/a   1   27   548k    8   26  76%  81.9M    n/a  n/a
   4   66 |   7 1.0   19   5.8M  141  603  81%    10M |  99.9   n/a   1   27   589k    8   24  75%  81.9M    n/a  n/a
   4   67 |   7 1.0   19   5.5M  136  550  80%    10M |  99.9   n/a   1   27   406k    6   25  80%  81.9M    n/a  n/a
   4   68 |   7 1.0   19   5.6M  150  658  81%    10M |  99.9   n/a   1   27   606k   10   19  65%  81.9M    n/a  n/a
   4   69 |   7 1.0   19   5.7M  140  489  77%    10M |  99.9   n/a   1   27   496k    6   25  80%  81.9M    n/a  n/a
   4   6a |   7 1.0   19   6.1M  151  561  78%    10M |  99.9   n/a   1   27   348k    5   22  81%  81.9M    n/a  n/a
   4   6b |   7 1.0   19   5.7M  143  608  80%    10M |  99.9   n/a   1   27   548k    8   25  75%  81.9M    n/a  n/a
   0   44 |   7 1.0   19  10.0M  176  508  74%    10M |  99.9   n/a   1   27  1.80M   19   16  45%  81.9M    n/a  n/a
   0   45 |   7 1.0   19   9.3M  152  517  77%    10M |  99.9   n/a   1   27  1.38M   14   21  60%  81.9M    n/a  n/a
   0   46 |   7 1.0   19   9.9M  169  557  76%    10M |  99.9   n/a   1   27  2.06M   21   18  46%  81.9M    n/a  n/a
   0   47 |   7 1.0   19   9.3M  159  507  76%    10M |  99.9   n/a   1   27  1.21M   13   21  61%  81.9M    n/a  n/a
   0   48 |   7 1.0   19    10M  181  579  76%    10M |  99.9   n/a   1   27  1.61M   17   18  51%  81.9M    n/a  n/a
   0   49 |   7 1.0   19   9.6M  166  511  75%    10M |  99.9   n/a   1   27  2.02M   20   20  50%  81.9M    n/a  n/a
   0   4a |   7 1.0   19   9.9M  167  549  76%    10M |  99.9   n/a   1   27  1.36M   12   26  68%  81.9M    n/a  n/a
   0   4b |   7 1.0   19   9.3M  155  497  76%    10M |  99.9   n/a   1   27  1.77M   18   23  56%  81.9M    n/a  n/a
   1   4c |   7 1.0   19   9.5M  165  546  76%    10M |  99.9   n/a   1   27  2.37M   23   15  39%  81.9M    n/a  n/a
   1   4d |   7 1.0   19    10M  169  472  73%    10M |  99.9   n/a   1   27  1.03M   10   20  66%  81.9M    n/a  n/a
   1   4e |   7 1.0   19    10M  182  508  73%    10M |  99.9   n/a   1   27  2.07M   21   10  32%  81.9M    n/a  n/a
   1   4f |   7 1.0   19    10M  166  486  74%    10M |  99.9   n/a   1   27  2.26M   24   16  40%  81.9M    n/a  n/a
   1   50 |   7 1.0   19   9.5M  172  517  75%    10M |  99.9   n/a   1   27  2.12M   21   12  36%  81.9M    n/a  n/a
   1   51 |   7 1.0   19    10M  168  410  70%    10M |  99.9   n/a   1   27  1.49M   15   18  54%  81.9M    n/a  n/a
   1   52 |   7 1.0   19    11M  196  504  72%    10M |  99.9   n/a   1   27  1.65M   17   16  48%  81.9M    n/a  n/a
   1   53 |   7 1.0   19   9.9M  163  495  75%    10M |  99.9   ovl   1   27  1.35M   14   20  58%  81.9M  -606n  n/a
   2   54 |   7 1.0   19   6.0M  157  634  80%    10M |  99.9   n/a   1   27   396k    7   23  76%  81.9M    n/a  n/a
   2   55 |   7 1.0   19   5.8M  146  552  79%    10M |  99.9   n/a   1   27   257k    4   24  85%  81.9M    n/a  n/a
   2   56 |   7 1.0   19   6.1M  153  515  77%    10M |  99.9   ovl   1   27   536k    8   22  73%  81.9M   861n  n/a
   2   57 |   7 1.0   19   6.0M  147  559  79%    10M |  99.9   n/a   1   27   542k    8   23  74%  81.9M    n/a  n/a
   2   58 |   7 1.0   19   5.8M  154  586  79%    10M |  99.9   ovl   1   27   391k    6   23  79%  81.9M  -552n  n/a
   2   59 |   7 1.0   19   5.8M  142  535  79%    10M |  99.9   ovl   1   27   389k    5   21  80%  81.9M    67n  n/a
   2   5a |   7 1.0   19   5.9M  142  574  80%    10M |  99.9   ovl   1   27   640k    9   24  72%  81.9M    67n  n/a
   2   5b |   7 1.0   19   5.9M  138  527  79%    10M |  99.9   n/a   1   27   609k    9   24  72%  81.9M    n/a  n/a
   3   5c |   7 1.0   19   8.3M  153  588  79%    10M |  99.9   ovl   1   27   811k    9   22  70%  81.9M   896n  n/a
   3   5d |   7 1.0   19   7.4M  124  573  82%    10M |  99.9   ovl   1   27   629k    6   23  79%  81.9M  -756n  n/a
   3   5e |   7 1.0   19   8.1M  138  615  81%    10M |  99.9   n/a   1   27  1000k   11   22  66%  81.9M    n/a  n/a
   3   5f |   7 1.0   19   7.6M  133  597  81%    10M |  99.9   n/a   1   27   668k    7   25  78%  81.9M    n/a  n/a
   3   60 |   7 1.0   19   7.6M  126  583  82%    10M |  99.9   ovl   1   27  1.38M   14   21  60%  81.9M   -81n  n/a
   3   61 |   7 1.0   19   7.3M  129  596  82%    10M |  99.9   ovl   1   27  1.18M   12   21  63%  81.9M  -795n  n/a
   3   62 |   7 1.0   19   7.4M  130  602  82%    10M |  99.9   ovl   1   27  1.22M   13   22  62%  81.9M  -797n  n/a
   3   63 |   7 1.0   19   7.4M  116  574  83%    10M |  99.9   ovl   1   27   752k    8   23  74%  81.9M    -1u  n/a
   4   64 |   7 1.0   19   6.4M  158  562  78%    10M |  99.9   ovl   1   27   935k   15   21  58%  81.9M  -563n  n/a
   4   65 |   7 1.0   19   5.9M  143  519  78%    10M |  99.9   ovl   1   27   791k   11   16  59%  81.9M   -40n  n/a
   4   66 |   7 1.0   19   6.3M  161  598  78%    10M |  99.9   ovl   1   27   530k    8   19  70%  81.9M   828n  n/a
   4   67 |   7 1.0   19   6.0M  144  507  77%    10M |  99.9   ovl   1   27   363k    5   18  78%  81.9M   423n  n/a
   4   68 |   7 1.0   19   6.5M  166  515  75%    10M |  99.9   ovl   1   27   677k   10   18  64%  81.9M  -686n  n/a
   4   69 |   7 1.0   19   6.1M  148  561  79%    10M |  99.9   ovl   1   27   640k   10   19  65%  81.9M   181n  n/a
   4   6a |   7 1.0   19   6.0M  159  522  76%    10M |  99.9   ovl   1   27   613k    8   17  68%  81.9M  -804n  n/a
   4   6b |   7 1.0   19   6.1M  156  519  76%    10M |  99.9   ovl   1   27   469k    6   17  73%  81.9M     8n  n/a
   0   44 |   7 1.0   19   8.5M  151  561  78%    10M |  99.9   ovl   1   27  1.31M   14   19  57%  81.9M  -474n  n/a
   0   45 |   7 1.0   19   8.6M  139  570  80%    10M |  99.9   n/a   1   27  1.79M   19   13  40%  81.9M    n/a  n/a
   0   46 |   7 1.0   19   9.1M  156  552  77%    10M |  99.9   ovl   1   27   893k    9   23  71%  81.9M   263n  n/a
   0   47 |   7 1.0   19   8.7M  145  599  80%    10M |  99.9   n/a   1   27  1.95M   21   15  41%  81.9M    n/a  n/a
   0   48 |   7 1.0   19   8.8M  147  605  80%    10M |  99.9   ovl   1   27  1.51M   16   20  55%  81.9M   -16n  n/a
   0   49 |   7 1.0   19   8.5M  141  533  79%    10M |  99.9   ovl   1   27  1.41M   16   16  50%  81.9M  -149n  n/a
   0   4a |   7 1.0   19   9.2M  165  544  76%    10M |  99.9   n/a   1   27  1.46M   14   19  57%  81.9M    n/a  n/a
   0   4b |   7 1.0   19   8.9M  152  582  79%    10M |  99.9   n/a   1   27  1.30M   12   19  61%  81.9M    n/a  n/a
   1   4c |   7 1.0   19   9.2M  166  511  75%    10M |  99.9   n/a   1   27  1.20M   13   19  59%  81.9M    n/a  n/a
   1   4d |   7 1.0   19   8.7M  144  566  79%    10M |  99.9   n/a   1   27  1.85M   18   24  57%  81.9M    n/a  n/a
   1   4e |   7 1.0   19   8.7M  153  620  80%    10M |  99.9   n/a   1   27  1.23M   11   20  64%  81.9M    n/a  n/a
   1   4f |   7 1.0   19   8.9M  143  547  79%    10M |  99.9   n/a   1   27  1.31M   13   22  62%  81.9M    n/a  n/a
   1   50 |   7 1.0   19   8.2M  147  622  80%    10M |  99.9   n/a   1   27  1.99M   18   18  50%  81.9M    n/a  n/a
   1   51 |   7 1.0   19   8.9M  153  526  77%    10M |  99.9   n/a   1   27  2.06M   20   19  48%  81.9M    n/a  n/a
   1   52 |   7 1.0   19   8.9M  166  570  77%    10M |  99.9   ovl   1   27  1.24M   12   24  66%  81.9M    -1u  n/a
   1   53 |   7 1.0   19   8.6M  136  560  80%    10M |  99.9   n/a   1   27  1.35M   14   21  60%  81.9M    n/a  n/a

          |--------------------DL---------------------|-------------------------------UL-----------------------------
 pci rnti | cqi  ri  mcs  brate   ok  nok  (%)  dl_bs | pusch  rsrp  ri  mcs  brate   ok  nok  (%)    bsr     ta  phr
   2   54 |   7 1.0   19   7.4M  192  539  73%    10M |  99.9   n/a   1   27  1.53M   23   14  37%  81.9M    n/a  n/a
   2   55 |   7 1.0   19   7.7M  196  489  71%    10M |  99.9   ovl   1   27  1.22M   19   13  40%  81.9M   634n  n/a
   2   56 |   7 1.0   19   7.8M  188  506  72%    10M |  99.9   n/a   1   27  1.06M   15   13  46%  81.9M    n/a  n/a
   2   57 |   7 1.0   19   7.8M  186  500  72%    10M |  99.9   n/a   1   27  1.38M   19   11  36%  81.9M    n/a  n/a
   2   58 |   7 1.0   19   8.1M  202  439  68%    10M |  99.9   n/a   1   27  1.46M   22   16  42%  81.9M    n/a  n/a
   2   59 |   7 1.0   19   8.0M  193  478  71%    10M |  99.9   ovl   1   27  1.36M   21   16  43%  81.9M   815n  n/a
   2   5a |   7 1.0   19   7.8M  200  558  73%    10M |  99.9   n/a   1   27  1.16M   18   19  51%  81.9M    n/a  n/a
   2   5b |   7 1.0   19   7.8M  183  443  70%    10M |  99.9   ovl   1   27  1.54M   21   15  41%  81.9M  -808n  n/a
   3   5c |   7 1.0   19    10M  171  561  76%    10M |  99.9   ovl   1   27  1.36M   13   18  58%  81.9M  -927n  n/a
   3   5d |   7 1.0   19   9.9M  168  497  74%    10M |  99.9   ovl   1   27  1.61M   16   14  46%  81.9M  -692n  n/a
   3   5e |   7 1.0   19    10M  173  536  75%    10M |  99.9   ovl   1   27  1.19M   12   17  58%  81.9M  -325n  n/a
   3   5f |   7 1.0   19    10M  170  481  73%    10M |  99.9   ovl   1   27  1.57M   15   18  54%  81.9M  -553n  n/a
   3   60 |   7 1.0   19    10M  179  584  76%    10M |  99.9   ovl   1   27  1.17M   11   18  62%  81.9M   765n  n/a
   3   61 |   7 1.0   19    10M  169  516  75%    10M |  99.9   ovl   1   27   934k    9   17  65%  81.9M    45n  n/a
   3   62 |   7 1.0   19    10M  185  526  73%    10M |  99.9   ovl   1   27  1.11M   10   16  61%  81.9M  -246n  n/a
   3   63 |   7 1.0   19    10M  179  508  73%    10M |  99.9   ovl   1   27  1.55M   14   17  54%  81.9M   687n  n/a
   4   64 |   7 1.0   19   6.6M  167  582  77%    10M |  99.9   ovl   1   27   721k   11   21  65%  81.9M  -970n  n/a
   4   65 |   7 1.0   19   6.7M  164  439  72%    10M |  99.9   ovl   1   27   745k   12   23  65%  81.9M   423n  n/a
   4   66 |   7 1.0   19   6.7M  172  614  78%    10M |  99.9   ovl   1   27   915k   14   23  62%  81.9M   839n  n/a
   4   67 |   7 1.0   19   6.7M  168  487  74%    10M |  99.9   ovl   1   27   722k   11   23  67%  81.9M    -1u  n/a
   4   68 |   7 1.0   19   7.0M  166  582  77%    10M |  99.9   n/a   1   27   797k   12   26  68%  81.9M    n/a  n/a
   4   69 |   7 1.0   19   6.6M  155  483  75%    10M |  99.9   n/a   1   27   545k    7   22  75%  81.9M    n/a  n/a
   4   6a |   7 1.0   19   6.8M  163  527  76%    10M |  99.9   ovl   1   27   967k   14   24  63%  81.9M  -852n  n/a
   4   6b |   7 1.0   19   6.5M  156  526  77%    10M |  99.9   ovl   1   27   529k    8   22  73%  81.9M  -198n  n/a
   0   44 |   7 1.0   19    10M  168  584  77%    10M |  99.9   n/a   1   27  2.33M   26   14  35%  81.9M    n/a  n/a
   0   45 |   7 1.0   19    10M  160  502  75%    10M |  99.9   n/a   1   27  1.75M   18   12  40%  81.9M    n/a  n/a
   0   46 |   7 1.0   19   9.9M  168  528  75%    10M |  99.9   n/a   1   27  1.85M   19   13  40%  81.9M    n/a  n/a
   0   47 |   7 1.0   19   9.5M  154  517  77%    10M |  99.9   n/a   1   27  1.85M   20   11  35%  81.9M    n/a  n/a
   0   48 |   7 1.0   19    10M  185  507  73%    10M |  99.9   n/a   1   27  1.87M   20   17  45%  81.9M    n/a  n/a
   0   49 |   7 1.0   19    10M  162  470  74%    10M |  99.9   n/a   1   27  1.56M   17   10  37%  81.9M    n/a  n/a
   0   4a |   7 1.0   19    10M  176  545  75%    10M |  99.9   n/a   1   27  1.01M   11   14  56%  81.9M    n/a  n/a
   0   4b |   7 1.0   19   9.9M  163  496  75%    10M |  99.9   n/a   1   27  1.99M   22   18  45%  81.9M    n/a  n/a
   1   4c |   7 1.0   19   8.4M  143  628  81%    10M |  99.9   ovl   1   27  1.21M   14   13  48%  81.9M    47n  n/a
   1   4d |   7 1.0   19   9.1M  145  515  78%    10M |  99.9   n/a   1   27   936k   10   14  58%  81.9M    n/a  n/a
   1   4e |   7 1.0   19   8.9M  164  625  79%    10M |  99.9   n/a   1   27  1.13M   11   15  57%  81.9M    n/a  n/a
   1   4f |   7 1.0   19   8.7M  152  563  78%    10M |  99.9   ovl   1   27   791k    7   15  68%  81.9M  -225n  n/a
   1   50 |   7 1.0   19   9.2M  166  594  78%    10M |  99.9   n/a   1   27  1.01M   10   18  64%  81.9M    n/a  n/a
   1   51 |   7 1.0   19   8.7M  149  542  78%    10M |  99.9   ovl   1   27  1.40M   15   14  48%  81.9M   408n  n/a
   1   52 |   7 1.0   19   9.2M  163  543  76%    10M |  99.9   ovl   1   27  1.02M   10   15  60%  81.9M  -542n  n/a
   1   53 |   7 1.0   19   8.6M  148  490  76%    10M |  99.9   ovl   1   27  1.08M   11   16  59%  81.9M  -395n  n/a
   2   54 |   7 1.0   19   5.2M  139  572  80%    10M |  99.9   n/a   1   27  1.16M   17   12  41%  81.9M    n/a  n/a
   2   55 |   7 1.0   19   5.5M  140  560  80%    10M |  99.9   n/a   1   27   886k   13   19  59%  81.9M    n/a  n/a
   2   56 |   7 1.0   19   5.2M  136  589  81%    10M |  99.9   n/a   1   27   928k   15   19  55%  81.9M    n/a  n/a
   2   57 |   7 1.0   19   5.4M  123  532  81%    10M |  99.9   n/a   1   27  1.44M   21   18  46%  81.9M    n/a  n/a
   2   58 |   7 1.0   19   5.2M  142  593  80%    10M |  99.9   n/a   1   27  1.35M   21   13  38%  81.9M    n/a  n/a
   2   59 |   7 1.0   19   5.3M  126  570  81%    10M |  99.9   n/a   1   27   611k   10   15  60%  81.9M    n/a  n/a
   2   5a |   7 1.0   19   5.0M  126  577  82%    10M |  99.9   n/a   1   27   679k   11   20  64%  81.9M    n/a  n/a
   2   5b |   7 1.0   19   5.4M  130  525  80%    10M |  99.9   n/a   1   27   929k   13   14  51%  81.9M    n/a  n/a
   3   5c |   7 1.0   19   8.5M  151  599  79%    10M |  99.9   n/a   1   27  1.41M   14   20  58%  81.9M    n/a  n/a
   3   5d |   7 1.0   19   8.6M  141  564  80%    10M |  99.9   n/a   1   27  1.08M   12   24  66%  81.9M    n/a  n/a
   3   5e |   7 1.0   19   8.6M  159  616  79%    10M |  99.9   n/a   1   27  1.47M   14   20  58%  81.9M    n/a  n/a
   3   5f |   7 1.0   19   8.5M  140  566  80%    10M |  99.9   n/a   1   27  1.23M   13   23  63%  81.9M    n/a  n/a
   3   60 |   7 1.0   19   8.9M  149  626  80%    10M |  99.9   n/a   1   27  1.28M   13   24  64%  81.9M    n/a  n/a
   3   61 |   7 1.0   19   8.7M  146  591  80%    10M |  99.9   n/a   1   27  1.55M   16   23  58%  81.9M    n/a  n/a
   3   62 |   7 1.0   19   8.9M  157  640  80%    10M |  99.9   n/a   1   27  1.14M   11   23  67%  81.9M    n/a  n/a
   3   63 |   7 1.0   19   8.4M  148  573  79%    10M |  99.9   n/a   1   27  1.28M   13   21  61%  81.9M    n/a  n/a
   4   64 |   7 1.0   19   5.0M  129  589  82%    10M |  99.9   n/a   1   27   484k    8   21  72%  81.9M    n/a  n/a
   4   65 |   7 1.0   19   5.0M  120  580  82%    10M |  99.9   n/a   1   27   901k   14   15  51%  81.9M    n/a  n/a
   4   66 |   7 1.0   19   4.8M  118  667  84%    10M |  99.9   n/a   1   27   631k    9   22  70%  81.9M    n/a  n/a
   4   67 |   7 1.0   19   4.9M  121  570  82%    10M |  99.9   n/a   1   27   436k    7   24  77%  81.9M    n/a  n/a
   4   68 |   7 1.0   19   5.0M  124  614  83%    10M |  99.9   n/a   1   27   658k   10   22  68%  81.9M    n/a  n/a
   4   69 |   7 1.0   19   4.8M  123  536  81%    10M |  99.9   n/a   1   27   569k    8   18  69%  81.9M    n/a  n/a
   4   6a |   7 1.0   19   4.8M  121  620  83%    10M |  99.9   n/a   1   27   977k   15   14  48%  81.9M    n/a  n/a
   4   6b |   7 1.0   19   4.9M  114  592  83%    10M |  99.9   n/a   1   27   908k   12   17  58%  81.9M    n/a  n/a
   0   44 |   7 1.0   19   7.3M  128  613  82%    10M |  99.9   n/a   1   27  1.23M   12   14  53%  81.9M    n/a  n/a
   0   45 |   7 1.0   19   7.5M  124  548  81%    10M |  99.9   ovl   1   27  2.12M   19   14  42%  81.9M  -969n  n/a
   0   46 |   7 1.0   19   7.8M  134  581  81%    10M |  99.9   n/a   1   27  1.03M   11   18  62%  81.9M    n/a  n/a
   0   47 |   7 1.0   19   7.4M  134  517  79%    10M |  99.9   n/a   1   27  1.47M   15   17  53%  81.9M    n/a  n/a
   0   48 |   7 1.0   19   7.5M  134  598  81%    10M |  99.9   ovl   1   27  1.24M   13   18  58%  81.9M   447n  n/a
   0   49 |   7 1.0   19   7.5M  125  468  78%    10M |  99.9   n/a   1   27  1.10M   10   28  73%  81.9M    n/a  n/a
   0   4a |   7 1.0   19   7.7M  142  534  78%    10M |  99.9   n/a   1   27  1.65M   16   18  52%  81.9M    n/a  n/a
   0   4b |   7 1.0   19   7.8M  128  528  80%    10M |  99.9   n/a   1   27  1.17M   11   16  59%  81.9M    n/a  n/a
   1   4c |   7 1.0   19   9.6M  163  528  76%    10M |  99.9   n/a   1   27  1.39M   13   25  65%  81.9M    n/a  n/a
   1   4d |   7 1.0   19   9.8M  173  504  74%    10M |  99.9   n/a   1   27  1.00M   10   25  71%  81.9M    n/a  n/a
   1   4e |   7 1.0   19   9.5M  168  559  76%    10M |  99.9   n/a   1   27  1.54M   16   22  57%  81.9M    n/a  n/a
   1   4f |   7 1.0   19   9.7M  158  493  75%    10M |  99.9   n/a   1   27  1.55M   15   22  59%  81.9M    n/a  n/a
   1   50 |   7 1.0   19   9.3M  155  612  79%    10M |  99.9   n/a   1   27  1.67M   17   23  57%  81.9M    n/a  n/a
   1   51 |   7 1.0   19   9.3M  159  539  77%    10M |  99.9   n/a   1   27  1.42M   14   22  61%  81.9M    n/a  n/a
   1   52 |   7 1.0   19   9.5M  169  587  77%    10M |  99.9   n/a   1   27  1.68M   17   20  54%  81.9M    n/a  n/a
   1   53 |   7 1.0   19   9.8M  159  526  76%    10M |  99.9   n/a   1   27  2.21M   22   22  50%  81.9M    n/a  n/a
   2   54 |   7 1.0   19   7.2M  186  488  72%    10M |  99.9   ovl   1   27  1.22M   16   17  51%  81.9M  -449n  n/a
   2   55 |   7 1.0   19   7.2M  170  476  73%    10M |  99.9   ovl   1   27  1.03M   14   20  58%  81.9M   947n  n/a
   2   56 |   7 1.0   19   6.7M  167  533  76%    10M |  99.9   ovl   1   27  1.43M   18   16  47%  81.9M  -294n  n/a
   2   57 |   7 1.0   19   7.1M  177  480  73%    10M |  99.9   ovl   1   27  1000k   15   19  55%  81.9M   896n  n/a
   2   58 |   7 1.0   19   7.1M  179  580  76%    10M |  99.9   n/a   1   27  1.04M   16   20  55%  81.9M    n/a  n/a
   2   59 |   7 1.0   19   7.0M  177  467  72%    10M |  99.9   ovl   1   27   756k   12   14  53%  81.9M   862n  n/a
   2   5a |   7 1.0   19   6.9M  177  552  75%    10M |  99.9   ovl   1   27   862k   12   17  58%  81.9M   887n  n/a
   2   5b |   7 1.0   19   7.1M  175  465  72%    10M |  99.9   n/a   1   27   973k   14   14  50%  81.9M    n/a  n/a

          |--------------------DL---------------------|-------------------------------UL-----------------------------
 pci rnti | cqi  ri  mcs  brate   ok  nok  (%)  dl_bs | pusch  rsrp  ri  mcs  brate   ok  nok  (%)    bsr     ta  phr
   3   5c |   7 1.0   19   8.7M  155  569  78%    10M |  99.9   ovl   1   27   961k   10   22  68%  81.9M   -57n  n/a
   3   5d |   7 1.0   19   9.0M  154  497  76%    10M |  99.9   ovl   1   27   674k    6   19  76%  81.9M    -1u  n/a
   3   5e |   7 1.0   19   9.0M  155  540  77%    10M |  99.9   ovl   1   27  1.21M   13   16  55%  81.9M   864n  n/a
   3   5f |   7 1.0   19   9.2M  142  594  80%    10M |  99.9   ovl   1   27   938k   10   20  66%  81.9M   896n  n/a
   3   60 |   7 1.0   19   9.0M  159  553  77%    10M |  99.9   ovl   1   27  1.07M   11   22  66%  81.9M  -178n  n/a
   3   61 |   7 1.0   19   9.0M  151  498  76%    10M |  99.9   ovl   1   27   820k    8   26  76%  81.9M    66n  n/a
   3   62 |   7 1.0   19   8.8M  147  569  79%    10M |  99.9   ovl   1   27   951k   10   24  70%  81.9M   312n  n/a
   3   63 |   7 1.0   19   9.0M  137  568  80%    10M |  99.9   ovl   1   27   748k    8   20  71%  81.9M  -620n  n/a
   4   64 |   7 1.0   19   7.3M  185  542  74%    10M |  99.9   n/a   1   27   863k   13   16  55%  81.9M    n/a  n/a
   4   65 |   7 1.0   19   7.0M  162  468  74%    10M |  99.9   n/a   1   27  1.33M   21   18  46%  81.9M    n/a  n/a
   4   66 |   7 1.0   19   7.3M  180  554  75%    10M |  99.9   n/a   1   27   949k   14   19  57%  81.9M    n/a  n/a
   4   67 |   7 1.0   19   7.2M  181  546  75%    10M |  99.9   n/a   1   27  1.09M   17   18  51%  81.9M    n/a  n/a
   4   68 |   7 1.0   19   7.1M  172  562  76%    10M |  99.9   ovl   1   27  1.10M   16   13  44%  81.9M   423n  n/a
   4   69 |   7 1.0   19   7.1M  170  478  73%    10M |  99.9   n/a   1   27  1.00M   15   19  55%  81.9M    n/a  n/a
   4   6a |   7 1.0   19   7.3M  185  509  73%    10M |  99.9   n/a   1   27   872k   14   15  51%  81.9M    n/a  n/a
   4   6b |   7 1.0   19   7.1M  172  472  73%    10M |  99.9   n/a   1   27  1.03M   17   18  51%  81.9M    n/a  n/a
   0   44 |   7 1.0   19   9.9M  173  558  76%    10M |  99.9   n/a   1   27  1.61M   16   13  44%  81.9M    n/a  n/a
   0   45 |   7 1.0   19    10M  166  464  73%    10M |  99.9   n/a   1   27  1.15M   12   24  66%  81.9M    n/a  n/a
   0   46 |   7 1.0   19    11M  182  557  75%    10M |  99.9   n/a   1   27  2.57M   27   13  32%  81.9M    n/a  n/a
   0   47 |   7 1.0   19   9.9M  149  469  75%    10M |  99.9   n/a   1   27  2.52M   24   12  33%  81.9M    n/a  n/a
   0   48 |   7 1.0   19    10M  181  520  74%    10M |  99.9   n/a   1   27  2.30M   24   15  38%  81.9M    n/a  n/a
   0   49 |   7 1.0   19    10M  166  449  73%    10M |  99.9   n/a   1   27  2.30M   23   13  36%  81.9M    n/a  n/a
   0   4a |   7 1.0   19    10M  177  496  73%    10M |  99.9   n/a   1   27  1.87M   18   15  45%  81.9M    n/a  n/a
   0   4b |   7 1.0   19   9.7M  158  504  76%    10M |  99.9   n/a   1   27  2.16M   21   13  38%  81.9M    n/a  n/a
   1   4c |   7 1.0   19   9.2M  156  606  79%    10M |  99.9   n/a   1   27  1.68M   17   21  55%  81.9M    n/a  n/a
   1   4d |   7 1.0   19   9.5M  160  503  75%    10M |  99.9   n/a   1   27   973k   11   26  70%  81.9M    n/a  n/a
   1   4e |   7 1.0   19   9.8M  172  554  76%    10M |  99.9   n/a   1   27  1.46M   14   20  58%  81.9M    n/a  n/a
   1   4f |   7 1.0   19   9.5M  162  552  77%    10M |  99.9   n/a   1   27   922k    9   23  71%  81.9M    n/a  n/a
   1   50 |   7 1.0   19   8.9M  166  536  76%    10M |  99.9   n/a   1   27  1.01M   10   23  69%  81.9M    n/a  n/a
   1   51 |   7 1.0   19   9.5M  160  527  76%    10M |  99.9   n/a   1   27   715k    7   21  75%  81.9M    n/a  n/a
   1   52 |   7 1.0   19   9.9M  170  585  77%    10M |  99.9   n/a   1   27  1.23M   12   21  63%  81.9M    n/a  n/a
   1   53 |   7 1.0   19   9.5M  160  506  75%    10M |  99.9   n/a   1   27  1.13M   11   22  66%  81.9M    n/a  n/a
   2   54 |   7 1.0   19   6.8M  180  559  75%    10M |  99.9   n/a   1   27   872k   14   18  56%  81.9M    n/a  n/a
   2   55 |   7 1.0   19   6.8M  158  539  77%    10M |  99.9   n/a   1   27  1.03M   17   20  54%  81.9M    n/a  n/a
   2   56 |   7 1.0   19   7.2M  189  586  75%    10M |  99.9   n/a   1   27   960k   15   24  61%  81.9M    n/a  n/a
   2   57 |   7 1.0   19   6.9M  163  476  74%    10M |  99.9   n/a   1   27  1.05M   16   21  56%  81.9M    n/a  n/a
   2   58 |   7 1.0   19   7.0M  185  540  74%    10M |  99.9   n/a   1   27   959k   16   26  61%  81.9M    n/a  n/a
   2   59 |   7 1.0   19   6.7M  171  487  74%    10M |  99.9   n/a   1   27  1.19M   18   26  59%  81.9M    n/a  n/a
   2   5a |   7 1.0   19   6.9M  184  585  76%    10M |  99.9   n/a   1   27   912k   13   23  63%  81.9M    n/a  n/a
   2   5b |   7 1.0   19   6.9M  167  507  75%    10M |  99.9   n/a   1   27  1.10M   17   21  55%  81.9M    n/a  n/a
   3   5c |   7 1.0   19    10M  175  574  76%    10M |  99.9   n/a   1   27  1.39M   15   21  58%  81.9M    n/a  n/a
   3   5d |   7 1.0   19    10M  174  535  75%    10M |  99.9   ovl   1   27  1.68M   16   18  52%  81.9M    -1u  n/a
   3   5e |   7 1.0   19    10M  178  560  75%    10M |  99.9   n/a   1   27  1.56M   16   19  54%  81.9M    n/a  n/a
   3   5f |   7 1.0   19    10M  165  513  75%    10M |  99.9   n/a   1   27  1.55M   15   19  55%  81.9M    n/a  n/a
   3   60 |   7 1.0   19    10M  175  564  76%    10M |  99.9   n/a   1   27  1.33M   14   18  56%  81.9M    n/a  n/a
   3   61 |   7 1.0   19    10M  172  543  75%    10M |  99.9   n/a   1   27  1.12M   12   18  60%  81.9M    n/a  n/a
   3   62 |   7 1.0   19   9.9M  176  560  76%    10M |  99.9   ovl   1   27  1.25M   12   22  64%  81.9M  -620n  n/a
   3   63 |   7 1.0   19    10M  172  541  75%    10M |  99.9   n/a   1   27  1.28M   13   20  60%  81.9M    n/a  n/a
   4   64 |   7 1.0   19   7.6M  184  529  74%    10M |  99.9   n/a   1   27   656k   11   21  65%  81.9M    n/a  n/a
   4   65 |   7 1.0   19   7.5M  178  433  70%    10M |  99.9   n/a   1   27  1.26M   20   18  47%  81.9M    n/a  n/a
   4   66 |   7 1.0   19   7.7M  202  494  70%    10M |  99.9   n/a   1   27   846k   11   23  67%  81.9M    n/a  n/a
   4   67 |   7 1.0   19   7.4M  174  512  74%    10M |  99.9   n/a   1   27  1.08M   16   19  54%  81.9M    n/a  n/a
   4   68 |   7 1.0   19   7.4M  182  519  74%    10M |  99.9   n/a   1   27  1.28M   19   23  54%  81.9M    n/a  n/a
   4   69 |   7 1.0   19   7.7M  187  473  71%    10M |  99.9   n/a   1   27  1.38M   19   22  53%  81.9M    n/a  n/a
   4   6a |   7 1.0   19   7.3M  186  579  75%    10M |  99.9   n/a   1   27  1.30M   19   19  50%  81.9M    n/a  n/a
   4   6b |   7 1.0   19   7.4M  181  447  71%    10M |  99.9   n/a   1   27  1.39M   22   18  45%  81.9M    n/a  n/a
   0   44 |   7 1.0   19   9.8M  170  544  76%    10M |  99.9   n/a   1   27  1.95M   18   13  41%  81.9M    n/a  n/a
   0   45 |   7 1.0   19    11M  176  430  70%    10M |  99.9   n/a   1   27  2.25M   22   21  48%  81.9M    n/a  n/a
   0   46 |   7 1.0   19  10.0M  176  499  73%    10M |  99.9   n/a   1   27  2.11M   22   17  43%  81.9M    n/a  n/a
   0   47 |   7 1.0   19    10M  171  492  74%    10M |  99.9   n/a   1   27  2.03M   20   15  42%  81.9M    n/a  n/a
   0   48 |   7 1.0   19    11M  190  484  71%    10M |  99.9   n/a   1   27  2.35M   23   15  39%  81.9M    n/a  n/a
   0   49 |   7 1.0   19    10M  164  425  72%    10M |  99.9   n/a   1   27  3.00M   26   18  40%  81.9M    n/a  n/a
   0   4a |   7 1.0   19    11M  175  506  74%    10M |  99.9   n/a   1   27  1.89M   19   16  45%  81.9M    n/a  n/a
   0   4b |   7 1.0   19  10.0M  165  462  73%    10M |  99.9   n/a   1   27  1.99M   19   20  51%  81.9M    n/a  n/a
   1   4c |   7 1.0   19    11M  193  535  73%    10M |  99.9   n/a   1   27  1.56M   17   20  54%  81.9M    n/a  n/a
   1   4d |   7 1.0   19    10M  178  508  74%    10M |  99.9   n/a   1   27  1.47M   15   25  62%  81.9M    n/a  n/a
   1   4e |   7 1.0   19    11M  191  504  72%    10M |  99.9   n/a   1   27  1.51M   16   22  57%  81.9M    n/a  n/a
   1   4f |   7 1.0   19    10M  175  529  75%    10M |  99.9   n/a   1   27  1.72M   19   22  53%  81.9M    n/a  n/a
   1   50 |   7 1.0   19    11M  200  591  74%    10M |  99.9   n/a   1   27  1.43M   16   22  57%  81.9M    n/a  n/a
   1   51 |   7 1.0   19    11M  177  521  74%    10M |  99.9   n/a   1   27  1.61M   16   22  57%  81.9M    n/a  n/a
   1   52 |   7 1.0   19    11M  197  522  72%    10M |  99.9   n/a   1   27  1.26M   13   24  64%  81.9M    n/a  n/a
   1   53 |   7 1.0   19    11M  183  484  72%    10M |  99.9   n/a   1   27  1.72M   16   21  56%  81.9M    n/a  n/a
   2   54 |   7 1.0   19   6.5M  172  518  75%    10M |  99.9   ovl   1   27   663k   10   29  74%  81.9M   862n  n/a
   2   55 |   7 1.0   19   6.2M  158  541  77%    10M |  99.9   ovl   1   27   684k   11   25  69%  81.9M    81n  n/a
   2   56 |   7 1.0   19   6.3M  159  656  80%    10M |  99.9   ovl   1   27   742k   12   22  64%  81.9M   447n  n/a
   2   57 |   7 1.0   19   6.4M  162  563  77%    10M |  99.9   ovl   1   27   755k   12   24  66%  81.9M   886n  n/a
   2   58 |   7 1.0   19   6.3M  170  572  77%    10M |  99.9   ovl   1   27   814k   13   24  64%  81.9M   878n  n/a
   2   59 |   7 1.0   19   6.4M  159  491  75%    10M |  99.9   ovl   1   27   736k   12   21  63%  81.9M  -479n  n/a
   2   5a |   7 1.0   19   6.4M  163  556  77%    10M |  99.9   ovl   1   27   636k   11   25  69%  81.9M   666n  n/a
   2   5b |   7 1.0   19   6.2M  151  534  77%    10M |  99.9   ovl   1   27   873k   12   22  64%  81.9M    67n  n/a
   3   5c |   7 1.0   19    10M  183  520  73%    10M |  99.9   n/a   1   27  1.72M   18   17  48%  81.9M    n/a  n/a
   3   5d |   7 1.0   19    10M  167  468  73%    10M |  99.9   n/a   1   27  1.74M   17   19  52%  81.9M    n/a  n/a
   3   5e |   7 1.0   19    10M  164  523  76%    10M |  99.9   n/a   1   27  1.92M   20   19  48%  81.9M    n/a  n/a
   3   5f |   7 1.0   19    10M  164  487  74%    10M |  99.9   n/a   1   27  1.55M   16   18  52%  81.9M    n/a  n/a
   3   60 |   7 1.0   19    11M  189  520  73%    10M |  99.9   n/a   1   27  1.66M   17   21  55%  81.9M    n/a  n/a
   3   61 |   7 1.0   19    10M  157  505  76%    10M |  99.9   n/a   1   27  1.56M   15   25  62%  81.9M    n/a  n/a
   3   62 |   7 1.0   19   9.6M  168  620  78%    10M |  99.9   n/a   1   27  1.69M   16   15  48%  81.9M    n/a  n/a
   3   63 |   7 1.0   19    10M  173  517  74%    10M |  99.9   n/a   1   27  1.01M   10   16  61%  81.9M    n/a  n/a

          |--------------------DL---------------------|-------------------------------UL-----------------------------
 pci rnti | cqi  ri  mcs  brate   ok  nok  (%)  dl_bs | pusch  rsrp  ri  mcs  brate   ok  nok  (%)    bsr     ta  phr
   4   64 |   7 1.0   19   7.2M  184  497  72%    10M |  99.9   n/a   1   27  1.98M   31   19  38%  81.9M    n/a  n/a
   4   65 |   7 1.0   19   6.5M  157  517  76%    10M |  99.9   n/a   1   27  1.68M   25   17  40%  81.9M    n/a  n/a
   4   66 |   7 1.0   19   7.2M  170  558  76%    10M |  99.9   n/a   1   27  1.59M   23   18  43%  81.9M    n/a  n/a
   4   67 |   7 1.0   19   6.7M  158  523  76%    10M |  99.9   n/a   1   27  1.80M   28   21  42%  81.9M    n/a  n/a
   4   68 |   7 1.0   19   7.6M  188  537  74%    10M |  99.9   n/a   1   27  1.29M   18   20  52%  81.9M    n/a  n/a
   4   69 |   7 1.0   19   7.0M  167  506  75%    10M |  99.9   n/a   1   27  1.26M   19   17  47%  81.9M    n/a  n/a
   4   6a |   7 1.0   19   7.3M  191  501  72%    10M |  99.9   n/a   1   27  1.12M   17   16  48%  81.9M    n/a  n/a
   4   6b |   7 1.0   19   6.7M  170  535  75%    10M |  99.9   n/a   1   27  1.76M   27   21  43%  81.9M    n/a  n/a
   0   44 |   7 1.0   19   9.6M  171  532  75%    10M |  99.9   n/a   1   27  2.22M   22   13  37%  81.9M    n/a  n/a
   0   45 |   7 1.0   19    10M  174  481  73%    10M |  99.9   n/a   1   27  1.61M   17   17  50%  81.9M    n/a  n/a
   0   46 |   7 1.0   19   9.8M  169  470  73%    10M |  99.9   n/a   1   27  1.98M   19   15  44%  81.9M    n/a  n/a
   0   47 |   7 1.0   19   9.8M  162  483  74%    10M |  99.9   n/a   1   27  2.12M   22   17  43%  81.9M    n/a  n/a
   0   48 |   7 1.0   19    10M  185  444  70%    10M |  99.9   n/a   1   27  1.67M   17   16  48%  81.9M    n/a  n/a
   0   49 |   7 1.0   19   9.7M  153  476  75%    10M |  99.9   n/a   1   27  2.28M   23   12  34%  81.9M    n/a  n/a
   0   4a |   7 1.0   19   9.9M  181  487  72%    10M |  99.9   n/a   1   27  2.04M   20   16  44%  81.9M    n/a  n/a
   0   4b |   7 1.0   19   9.6M  155  465  75%    10M |  99.9   n/a   1   27  1.91M   18   14  43%  81.9M    n/a  n/a
   1   4c |   7 1.0   19   9.8M  172  586  77%    10M |  99.9   n/a   1   27   680k    7   20  74%  81.9M    n/a  n/a
   1   4d |   7 1.0   19   9.7M  158  534  77%    10M |  99.9   n/a   1   27  1.00M   10   22  68%  81.9M    n/a  n/a
   1   4e |   7 1.0   19   9.7M  168  477  73%    10M |  99.9   n/a   1   27   748k    7   17  70%  81.9M    n/a  n/a
   1   4f |   7 1.0   19   9.8M  175  519  74%    10M |  99.9   n/a   1   27   779k    9   22  70%  81.9M    n/a  n/a
   1   50 |   7 1.0   19   9.9M  176  623  77%    10M |  99.9   n/a   1   27  1.45M   13   19  59%  81.9M    n/a  n/a
   1   51 |   7 1.0   19   9.9M  164  537  76%    10M |  99.9   n/a   1   27  1.25M   12   20  62%  81.9M    n/a  n/a
   1   52 |   7 1.0   19   9.6M  170  589  77%    10M |  99.9   n/a   1   27  1.17M   11   19  63%  81.9M    n/a  n/a
   1   53 |   7 1.0   19   9.6M  159  485  75%    10M |  99.9   n/a   1   27  1.33M   13   17  56%  81.9M    n/a  n/a
   2   54 |   7 1.0   19   5.8M  152  603  79%    10M |  99.9   n/a   1   27   602k   10   23  69%  81.9M    n/a  n/a
   2   55 |   7 1.0   19   5.9M  149  560  78%    10M |  99.9   n/a   1   27   515k    8   24  75%  81.9M    n/a  n/a
   2   56 |   7 1.0   19   5.9M  151  534  77%    10M |  99.9   n/a   1   27   694k    9   21  70%  81.9M    n/a  n/a
   2   57 |   7 1.0   19   6.0M  149  540  78%    10M |  99.9   n/a   1   27   337k    5   25  83%  81.9M    n/a  n/a
   2   58 |   7 1.0   19   5.7M  153  662  81%    10M |  99.9   n/a   1   27   672k   10   23  69%  81.9M    n/a  n/a
   2   59 |   7 1.0   19   6.0M  151  587  79%    10M |  99.9   n/a   1   27   781k   12   23  65%  81.9M    n/a  n/a
   2   5a |   7 1.0   19   5.9M  156  585  78%    10M |  99.9   n/a   1   27   638k   10   22  68%  81.9M    n/a  n/a
   2   5b |   7 1.0   19   5.8M  145  585  80%    10M |  99.9   n/a   1   27   434k    7   24  77%  81.9M    n/a  n/a
   3   5c |   7 1.0   19    12M  217  488  69%    10M |  99.9   n/a   1   27  2.11M   22   20  47%  81.9M    n/a  n/a
   3   5d |   7 1.0   19    12M  198  501  71%    10M |  99.9   n/a   1   27  2.02M   22   22  50%  81.9M    n/a  n/a
   3   5e |   7 1.0   19    13M  222  490  68%    10M |  99.9   n/a   1   27  2.01M   20   25  55%  81.9M    n/a  n/a
   3   5f |   7 1.0   19    12M  199  452  69%    10M |  99.9   n/a   1   27  1.96M   19   19  50%  81.9M    n/a  n/a
   3   60 |   7 1.0   19    12M  192  558  74%    10M |  99.9   n/a   1   27  1.72M   18   22  55%  81.9M    n/a  n/a
   3   61 |   7 1.0   19    12M  196  449  69%    10M |  99.9   n/a   1   27  2.44M   25   20  44%  81.9M    n/a  n/a
   3   62 |   7 1.0   19    12M  211  495  70%    10M |  99.9   n/a   1   27  2.29M   24   25  51%  81.9M    n/a  n/a
   3   63 |   7 1.0   19    12M  197  437  68%    10M |  99.9   n/a   1   27  1.76M   18   22  55%  81.9M    n/a  n/a
   4   64 |   7 1.0   19   5.8M  147  587  79%    10M |  99.9   n/a   1   27  1.34M   21   14  40%  81.9M    n/a  n/a
   4   65 |   7 1.0   19   5.6M  144  537  78%    10M |  99.9   n/a   1   27  1.13M   18   17  48%  81.9M    n/a  n/a
   4   66 |   7 1.0   19   5.9M  159  610  79%    10M |  99.9   n/a   1   27   875k   12   20  62%  81.9M    n/a  n/a
   4   67 |   7 1.0   19   5.7M  134  512  79%    10M |  99.9   n/a   1   27  1.25M   18   15  45%  81.9M    n/a  n/a
   4   68 |   7 1.0   19   5.7M  157  603  79%    10M |  99.9   n/a   1   27  1.30M   19   17  47%  81.9M    n/a  n/a
   4   69 |   7 1.0   19   5.7M  138  512  78%    10M |  99.9   n/a   1   27   859k   13   25  65%  81.9M    n/a  n/a
   4   6a |   7 1.0   19   6.5M  166  525  75%    10M |  99.9   n/a   1   27   994k   14   20  58%  81.9M    n/a  n/a
   4   6b |   7 1.0   19   6.0M  143  515  78%    10M |  99.9   n/a   1   27  1.05M   16   16  50%  81.9M    n/a  n/a
   0   44 |   7 1.0   19    11M  191  481  71%    10M |  99.9   n/a   1   27  2.17M   21   13  38%  81.9M    n/a  n/a
   0   45 |   7 1.0   19    10M  163  438  72%    10M |  99.9   n/a   1   27  2.04M   20   16  44%  81.9M    n/a  n/a
   0   46 |   7 1.0   19    11M  199  448  69%    10M |  99.9   n/a   1   27  1.22M   13   13  50%  81.9M    n/a  n/a
   0   47 |   7 1.0   19   9.9M  162  467  74%    10M |  99.9   n/a   1   27  2.24M   21   16  43%  81.9M    n/a  n/a
   0   48 |   7 1.0   19    10M  185  456  71%    10M |  99.9   n/a   1   27  2.27M   23   15  39%  81.9M    n/a  n/a
   0   49 |   7 1.0   19   9.8M  170  513  75%    10M |  99.9   n/a   1   27  1.42M   15   21  58%  81.9M    n/a  n/a
   0   4a |   7 1.0   19   9.2M  167  547  76%    10M |  99.9   n/a   1   27  2.51M   25   16  39%  81.9M    n/a  n/a
   0   4b |   7 1.0   19    11M  181  461  71%    10M |  99.9   n/a   1   27  1.95M   19   16  45%  81.9M    n/a  n/a
   1   4c |   7 1.0   19   9.1M  160  599  78%    10M |  99.9   n/a   1   27  1.06M   10   23  69%  81.9M    n/a  n/a
   1   4d |   7 1.0   19   9.1M  161  577  78%    10M |  99.9   n/a   1   27  1.06M   11   26  70%  81.9M    n/a  n/a
   1   4e |   7 1.0   19   9.1M  163  600  78%    10M |  99.9   n/a   1   27   858k   10   25  71%  81.9M    n/a  n/a
   1   4f |   7 1.0   19   8.9M  149  566  79%    10M |  99.9   n/a   1   27   760k    9   29  76%  81.9M    n/a  n/a
   1   50 |   7 1.0   19   9.2M  170  559  76%    10M |  99.9   n/a   1   27   770k    9   30  76%  81.9M    n/a  n/a
   1   51 |   7 1.0   19   9.2M  150  591  79%    10M |  99.9   n/a   1   27  1.22M   12   25  67%  81.9M    n/a  n/a
   1   52 |   7 1.0   19   9.0M  162  572  77%    10M |  99.9   n/a   1   27  1.09M   10   25  71%  81.9M    n/a  n/a
   1   53 |   7 1.0   19   9.1M  153  589  79%    10M |  99.9   n/a   1   27   973k   11   28  71%  81.9M    n/a  n/a
   2   54 |   7 1.0   19   7.0M  184  593  76%    10M |  99.9   n/a   1   27   792k   13   24  64%  81.9M    n/a  n/a
   2   55 |   7 1.0   19   6.7M  166  487  74%    10M |  99.9   n/a   1   27   744k   11   24  68%  81.9M    n/a  n/a
   2   56 |   7 1.0   19   6.8M  169  496  74%    10M |  99.9   n/a   1   27   749k   10   23  69%  81.9M    n/a  n/a
   2   57 |   7 1.0   19   6.8M  171  493  74%    10M |  99.9   n/a   1   27   684k   11   23  67%  81.9M    n/a  n/a
   2   58 |   7 1.0   19   6.6M  177  585  76%    10M |  99.9   n/a   1   27  1.12M   18   22  55%  81.9M    n/a  n/a
   2   59 |   7 1.0   19   6.7M  166  537  76%    10M |  99.9   n/a   1   27   801k   12   21  63%  81.9M    n/a  n/a
   2   5a |   7 1.0   19   7.0M  183  550  75%    10M |  99.9   n/a   1   27   722k   11   26  70%  81.9M    n/a  n/a
   2   5b |   7 1.0   19   6.7M  166  570  77%    10M |  99.9   n/a   1   27   820k   12   24  66%  81.9M    n/a  n/a
   3   5c |   7 1.0   19    11M  178  526  74%    10M |  99.9   n/a   1   27  1.48M   15   21  58%  81.9M    n/a  n/a
   3   5d |   7 1.0   19    11M  176  492  73%    10M |  99.9   n/a   1   27  1.14M   11   30  73%  81.9M    n/a  n/a
   3   5e |   7 1.0   19    11M  185  536  74%    10M |  99.9   n/a   1   27  2.36M   23   23  50%  81.9M    n/a  n/a
   3   5f |   7 1.0   19    11M  176  460  72%    10M |  99.9   n/a   1   27  1.23M   12   22  64%  81.9M    n/a  n/a
   3   60 |   7 1.0   19    10M  189  555  74%    10M |  99.9   n/a   1   27  1.27M   13   21  61%  81.9M    n/a  n/a
   3   61 |   7 1.0   19    10M  177  465  72%    10M |  99.9   n/a   1   27  1.72M   16   20  55%  81.9M    n/a  n/a
   3   62 |   7 1.0   19    11M  192  623  76%    10M |  99.9   n/a   1   27  1.50M   15   20  57%  81.9M    n/a  n/a
   3   63 |   7 1.0   19    10M  166  483  74%    10M |  99.9   n/a   1   27  1.97M   20   21  51%  81.9M    n/a  n/a
   4   64 |   7 1.0   19   7.2M  176  482  73%    10M |  99.9   n/a   1   27  1.09M   16   15  48%  81.9M    n/a  n/a
   4   65 |   7 1.0   19   7.0M  162  456  73%    10M |  99.9   n/a   1   27  1.32M   20   13  39%  81.9M    n/a  n/a
   4   66 |   7 1.0   19   7.5M  206  430  67%    10M |  99.9   n/a   1   27  1.07M   16   15  48%  81.9M    n/a  n/a
   4   67 |   7 1.0   19   6.8M  153  543  78%    10M |  99.9   n/a   1   27   592k    9   19  67%  81.9M    n/a  n/a
   4   68 |   7 1.0   19   7.3M  180  539  74%    10M |  99.9   n/a   1   27   699k   11   19  63%  81.9M    n/a  n/a
   4   69 |   7 1.0   19   6.8M  159  539  77%    10M |  99.9   n/a   1   27  1.06M   15   15  50%  81.9M    n/a  n/a
   4   6a |   7 1.0   19   7.2M  180  551  75%    10M |  99.9   n/a   1   27   795k   12   20  62%  81.9M    n/a  n/a
   4   6b |   7 1.0   19   6.8M  159  494  75%    10M |  99.9   n/a   1   27  1.11M   17   13  43%  81.9M    n/a  n/a

          |--------------------DL---------------------|-------------------------------UL-----------------------------
 pci rnti | cqi  ri  mcs  brate   ok  nok  (%)  dl_bs | pusch  rsrp  ri  mcs  brate   ok  nok  (%)    bsr     ta  phr
   0   44 |   7 1.0   19   9.0M  152  429  73%    10M |  99.9   n/a   1   27  1.65M   16   17  51%  81.9M    n/a  n/a
   0   45 |   7 1.0   19   9.1M  144  452  75%    10M |  99.9   n/a   1   27  1.61M   16   13  44%  81.9M    n/a  n/a
   0   46 |   7 1.0   19   9.4M  169  431  71%    10M |  99.9   n/a   1   27  1.52M   15   16  51%  81.9M    n/a  n/a
   0   47 |   7 1.0   19   9.2M  150  428  74%    10M |  99.9   n/a   1   27  1.45M   16   13  44%  81.9M    n/a  n/a
   0   48 |   7 1.0   19   8.4M  158  499  75%    10M |  99.9   ovl   1   27  1.41M   14   16  53%  81.9M   264n  n/a
   0   49 |   7 1.0   19   8.6M  145  490  77%    10M |  99.9   n/a   1   27  2.57M   26   13  33%  81.9M    n/a  n/a
   0   4a |   7 1.0   19   8.8M  159  478  75%    10M |  99.9   n/a   1   27  2.00M   20   15  42%  81.9M    n/a  n/a
   0   4b |   7 1.0   19   8.8M  148  485  76%    10M |  99.9   n/a   1   27  2.59M   26   13  33%  81.9M    n/a  n/a
   1   4c |   7 1.0   19   8.6M  149  668  81%    10M |  99.9   ovl   1   27  1.41M   14   20  58%  81.9M  -131n  n/a
   1   4d |   7 1.0   19   8.6M  146  531  78%    10M |  99.9   n/a   1   27   756k    7   25  78%  81.9M    n/a  n/a
   1   4e |   7 1.0   19   8.8M  164  571  77%    10M |  99.9   ovl   1   27   969k   11   23  67%  81.9M   992n  n/a
   1   4f |   7 1.0   19   8.6M  146  486  76%    10M |  99.9   n/a   1   27   703k    8   25  75%  81.9M    n/a  n/a
   1   50 |   7 1.0   19   8.8M  152  652  81%    10M |  99.9   ovl   1   27   754k    7   25  78%  81.9M  -488n  n/a
   1   51 |   7 1.0   19   8.8M  145  545  78%    10M |  99.9   n/a   1   27   869k    8   22  73%  81.9M    n/a  n/a
   1   52 |   7 1.0   19   8.6M  152  558  78%    10M |  99.9   ovl   1   27   928k   10   22  68%  81.9M  -294n  n/a
   1   53 |   7 1.0   19   8.9M  147  531  78%    10M |  99.9   ovl   1   27  1.17M   12   22  64%  81.9M   861n  n/a
   2   54 |   7 1.0   19   6.0M  149  557  78%    10M |  99.9   n/a   1   27   540k    8   23  74%  81.9M    n/a  n/a
   2   55 |   7 1.0   19   6.1M  146  545  78%    10M |  99.9   n/a   1   27   823k   10   25  71%  81.9M    n/a  n/a
   2   56 |   7 1.0   19   6.1M  158  579  78%    10M |  99.9   n/a   1   27   710k   11   25  69%  81.9M    n/a  n/a
   2   57 |   7 1.0   19   5.9M  150  538  78%    10M |  99.9   n/a   1   27   650k    9   23  71%  81.9M    n/a  n/a
   2   58 |   7 1.0   19   6.2M  162  577  78%    10M |  99.9   n/a   1   27   739k    9   22  70%  81.9M    n/a  n/a
   2   59 |   7 1.0   19   6.0M  143  515  78%    10M |  99.9   n/a   1   27   618k    9   24  72%  81.9M    n/a  n/a
   2   5a |   7 1.0   19   6.1M  164  586  78%    10M |  99.9   n/a   1   27   516k    7   22  75%  81.9M    n/a  n/a
   2   5b |   7 1.0   19   6.0M  150  556  78%    10M |  99.9   n/a   1   27   674k   10   23  69%  81.9M    n/a  n/a
   3   5c |   7 1.0   19    10M  181  541  74%    10M |  99.9   n/a   1   27  1.49M   16   20  55%  81.9M    n/a  n/a
   3   5d |   7 1.0   19    10M  170  550  76%    10M |  99.9   n/a   1   27  1.78M   18   21  53%  81.9M    n/a  n/a
   3   5e |   7 1.0   19    11M  173  548  76%    10M |  99.9   n/a   1   27  1.01M   10   20  66%  81.9M    n/a  n/a
   3   5f |   7 1.0   19    10M  167  555  76%    10M |  99.9   n/a   1   27  1.49M   15   21  58%  81.9M    n/a  n/a
   3   60 |   7 1.0   19   9.9M  167  555  76%    10M |  99.9   n/a   1   27  1.28M   13   23  63%  81.9M    n/a  n/a
   3   61 |   7 1.0   19    10M  169  509  75%    10M |  99.9   n/a   1   27  1.70M   18   21  53%  81.9M    n/a  n/a
   3   62 |   7 1.0   19    11M  175  542  75%    10M |  99.9   n/a   1   27  1.65M   17   20  54%  81.9M    n/a  n/a
   3   63 |   7 1.0   19    10M  171  481  73%    10M |  99.9   n/a   1   27  1.37M   15   21  58%  81.9M    n/a  n/a
   4   64 |   7 1.0   19   5.5M  142  567  79%    10M |  99.9   n/a   1   27   981k   14   16  53%  81.9M    n/a  n/a
   4   65 |   7 1.0   19   5.5M  138  610  81%    10M |  99.9   n/a   1   27   655k   11   18  62%  81.9M    n/a  n/a
   4   66 |   7 1.0   19   5.7M  146  607  80%    10M |  99.9   n/a   1   27   876k   13   20  60%  81.9M    n/a  n/a
   4   67 |   7 1.0   19   5.3M  132  535  80%    10M |  99.9   n/a   1   27  1.08M   18   15  45%  81.9M    n/a  n/a
   4   68 |   7 1.0   19   5.3M  140  607  81%    10M |  99.9   n/a   1   27  1.29M   20   18  47%  81.9M    n/a  n/a
   4   69 |   7 1.0   19   5.4M  135  577  81%    10M |  99.9   n/a   1   27   953k   14   17  54%  81.9M    n/a  n/a
   4   6a |   7 1.0   19   4.8M  120  606  83%    10M |  99.9   n/a   1   27   702k   10   17  62%  81.9M    n/a  n/a
   4   6b |   7 1.0   19   5.6M  132  518  79%    10M |  99.9   n/a   1   27   320k    4   22  84%  81.9M    n/a  n/a
   0   44 |   7 1.0   19   8.7M  150  490  76%    10M |  99.9   n/a   1   27  1.72M   19   19  50%  81.9M    n/a  n/a
   0   45 |   7 1.0   19    10M  157  384  70%    10M |  99.9   n/a   1   27  2.03M   21   22  51%  81.9M    n/a  n/a
   0   46 |   7 1.0   19   8.6M  169  525  75%    10M |  99.9   n/a   1   27  1.56M   16   17  51%  81.9M    n/a  n/a
   0   47 |   7 1.0   19   9.6M  163  417  71%    10M |  99.9   n/a   1   27  1.60M   18   18  50%  81.9M    n/a  n/a
   0   48 |   7 1.0   19   9.7M  168  454  72%    10M |  99.9   n/a   1   27  2.51M   27   21  43%  81.9M    n/a  n/a
   0   49 |   7 1.0   19   9.9M  166  376  69%    10M |  99.9   n/a   1   27  1.92M   19   13  40%  81.9M    n/a  n/a
   0   4a |   7 1.0   19   9.7M  172  454  72%    10M |  99.9   n/a   1   27  1.47M   16   17  51%  81.9M    n/a  n/a
   0   4b |   7 1.0   19   9.7M  156  417  72%    10M |  99.9   n/a   1   27  2.38M   22   17  43%  81.9M    n/a  n/a
   1   4c |   7 1.0   19    11M  181  496  73%    10M |  99.9   ovl   1   27  1.63M   17   24  58%  81.9M  -149n  n/a
   1   4d |   7 1.0   19    10M  181  494  73%    10M |  99.9   ovl   1   27  1.60M   17   23  57%  81.9M   243n  n/a
   1   4e |   7 1.0   19    10M  186  534  74%    10M |  99.9   ovl   1   27  1.43M   13   21  61%  81.9M   223n  n/a
   1   4f |   7 1.0   19    10M  181  501  73%    10M |  99.9   ovl   1   27  1.32M   13   25  65%  81.9M  -194n  n/a
   1   50 |   7 1.0   19    11M  186  528  73%    10M |  99.9   ovl   1   27  1.50M   14   23  62%  81.9M  -767n  n/a
   1   51 |   7 1.0   19    11M  179  441  71%    10M |  99.9   n/a   1   27   961k    9   23  71%  81.9M    n/a  n/a
   1   52 |   7 1.0   19    10M  182  576  75%    10M |  99.9   ovl   1   27  1.29M   13   24  64%  81.9M  -225n  n/a
   1   53 |   7 1.0   19    10M  175  480  73%    10M |  99.9   n/a   1   27  1.26M   12   22  64%  81.9M    n/a  n/a
   2   54 |   7 1.0   19   6.5M  173  584  77%    10M |  99.9   n/a   1   27   599k    9   28  75%  81.9M    n/a  n/a
   2   55 |   7 1.0   19   6.8M  164  493  75%    10M |  99.9   n/a   1   27   797k   12   20  62%  81.9M    n/a  n/a
   2   56 |   7 1.0   19   6.9M  177  595  77%    10M |  99.9   n/a   1   27   682k   10   24  70%  81.9M    n/a  n/a
   2   57 |   7 1.0   19   6.8M  172  535  75%    10M |  99.9   n/a   1   27   690k   10   25  71%  81.9M    n/a  n/a
   2   58 |   7 1.0   19   6.7M  194  574  74%    10M |  99.9   n/a   1   27   857k   12   22  64%  81.9M    n/a  n/a
   2   59 |   7 1.0   19   6.9M  172  544  75%    10M |  99.9   n/a   1   27   754k   10   21  67%  81.9M    n/a  n/a
   2   5a |   7 1.0   19   6.7M  177  599  77%    10M |  99.9   n/a   1   27   739k   11   23  67%  81.9M    n/a  n/a
   2   5b |   7 1.0   19   6.7M  163  532  76%    10M |  99.9   n/a   1   27   718k   11   23  67%  81.9M    n/a  n/a
   3   5c |   7 1.0   19    10M  179  509  73%    10M |  99.9   n/a   1   27  1.64M   16   22  57%  81.9M    n/a  n/a
   3   5d |   7 1.0   19   9.7M  162  459  73%    10M |  99.9   n/a   1   27  1.42M   14   21  60%  81.9M    n/a  n/a
   3   5e |   7 1.0   19   9.5M  168  579  77%    10M |  99.9   n/a   1   27  1.22M   12   24  66%  81.9M    n/a  n/a
   3   5f |   7 1.0   19   9.7M  161  464  74%    10M |  99.9   n/a   1   27  1.59M   16   21  56%  81.9M    n/a  n/a
   3   60 |   7 1.0   19   9.8M  170  579  77%    10M |  99.9   n/a   1   27  1.13M   10   25  71%  81.9M    n/a  n/a
   3   61 |   7 1.0   19   9.6M  163  488  74%    10M |  99.9   n/a   1   27   699k    7   22  75%  81.9M    n/a  n/a
   3   62 |   7 1.0   19    10M  176  535  75%    10M |  99.9   n/a   1   27  1.26M   12   24  66%  81.9M    n/a  n/a
   3   63 |   7 1.0   19   9.8M  164  514  75%    10M |  99.9   n/a   1   27  1.20M   11   25  69%  81.9M    n/a  n/a
   4   64 |   7 1.0   19   6.8M  167  502  75%    10M |  99.9   n/a   1   27  1.11M   14   21  60%  81.9M    n/a  n/a
   4   65 |   7 1.0   19   6.7M  162  499  75%    10M |  99.9   n/a   1   27   970k   16   18  52%  81.9M    n/a  n/a
   4   66 |   7 1.0   19   6.8M  174  516  74%    10M |  99.9   n/a   1   27   545k    9   18  66%  81.9M    n/a  n/a
   4   67 |   7 1.0   19   6.6M  165  500  75%    10M |  99.9   n/a   1   27  1.10M   16   17  51%  81.9M    n/a  n/a
   4   68 |   7 1.0   19   7.0M  169  480  73%    10M |  99.9   n/a   1   27   923k   14   17  54%  81.9M    n/a  n/a
   4   69 |   7 1.0   19   6.7M  166  466  73%    10M |  99.9   n/a   1   27   712k   12   19  61%  81.9M    n/a  n/a
   4   6a |   7 1.0   19   6.9M  173  501  74%    10M |  99.9   n/a   1   27  1.37M   21   15  41%  81.9M    n/a  n/a
   4   6b |   7 1.0   19   6.7M  170  466  73%    10M |  99.9   n/a   1   27  1.04M   17   21  55%  81.9M    n/a  n/a
   0   44 |   7 1.0   19    10M  180  444  71%    10M |  99.9   ovl   1   27  3.14M   32   12  27%  81.9M  -596n  n/a
   0   45 |   7 1.0   19    11M  188  419  69%    10M |  99.9   n/a   1   27  1.90M   19   12  38%  81.9M    n/a  n/a
   0   46 |   7 1.0   19    11M  184  433  70%    10M |  99.9   n/a   1   27  1.92M   20   14  41%  81.9M    n/a  n/a
   0   47 |   7 1.0   19    11M  173  377  68%    10M |  99.9   ovl   1   27  2.26M   25   11  30%  81.9M  -178n  n/a
   0   48 |   7 1.0   19    10M  175  462  72%    10M |  99.9   n/a   1   27  2.22M   21    9  30%  81.9M    n/a  n/a
   0   49 |   7 1.0   19    11M  185  377  67%    10M |  99.9   ovl   1   27  2.07M   21   14  40%  81.9M   440n  n/a
   0   4a |   7 1.0   19    10M  179  480  72%    10M |  99.9   ovl   1   27  1.46M   16   11  40%  81.9M  -160n  n/a
   0   4b |   7 1.0   19    11M  177  359  66%    10M |  99.9   ovl   1   27  2.85M   29   16  35%  81.9M  -262n  n/a

          |--------------------DL---------------------|-------------------------------UL-----------------------------
 pci rnti | cqi  ri  mcs  brate   ok  nok  (%)  dl_bs | pusch  rsrp  ri  mcs  brate   ok  nok  (%)    bsr     ta  phr
   1   4c |   7 1.0   19    10M  190  577  75%    10M |  99.9   ovl   1   27  1.44M   14   17  54%  81.9M  -365n  n/a
   1   4d |   7 1.0   19    10M  171  507  74%    10M |  99.9   ovl   1   27  1.80M   18   15  45%  81.9M   321n  n/a
   1   4e |   7 1.0   19    10M  175  561  76%    10M |  99.9   ovl   1   27  1.41M   13   18  58%  81.9M  -509n  n/a
   1   4f |   7 1.0   19    10M  173  494  74%    10M |  99.9   ovl   1   27  1.50M   15   17  53%  81.9M   612n  n/a
   1   50 |   7 1.0   19    10M  185  539  74%    10M |  99.9   ovl   1   27  1.88M   18   13  41%  81.9M  -171n  n/a
   1   51 |   7 1.0   19    10M  176  506  74%    10M |  99.9   ovl   1   27  1.72M   17   17  50%  81.9M   385n  n/a
   1   52 |   7 1.0   19    11M  199  481  70%    10M |  99.9   ovl   1   27  1.54M   15   16  51%  81.9M  -134n  n/a
   1   53 |   7 1.0   19    10M  175  509  74%    10M |  99.9   ovl   1   27  1.71M   18   13  41%  81.9M   -39n  n/a
   2   54 |   7 1.0   19   6.0M  156  539  77%    10M |  99.9   ovl   1   27   734k   11   18  62%  81.9M   379n  n/a
   2   55 |   7 1.0   19   6.2M  152  514  77%    10M |  99.9   ovl   1   27   635k   10   17  62%  81.9M   816n  n/a
   2   56 |   7 1.0   19   6.3M  160  542  77%    10M |  99.9   ovl   1   27   689k   10   15  60%  81.9M   956n  n/a
   2   57 |   7 1.0   19   6.1M  156  524  77%    10M |  99.9   ovl   1   27   791k   11   21  65%  81.9M   862n  n/a
   2   58 |   7 1.0   19   6.6M  167  561  77%    10M |  99.9   ovl   1   27   868k   13   18  58%  81.9M  -563n  n/a
   2   59 |   7 1.0   19   6.0M  151  489  76%    10M |  99.9   ovl   1   27   763k   11   19  63%  81.9M  -449n  n/a
   2   5a |   7 1.0   19   5.9M  163  603  78%    10M |  99.9   ovl   1   27   774k   12   20  62%  81.9M   816n  n/a
   2   5b |   7 1.0   19   6.3M  157  501  76%    10M |  99.9   ovl   1   27   879k   14   14  50%  81.9M   139n  n/a
   3   5c |   7 1.0   19   8.3M  149  571  79%    10M |  99.9   n/a   1   27   639k    6   20  76%  81.9M    n/a  n/a
   3   5d |   7 1.0   19   7.4M  121  551  81%    10M |  99.9   n/a   1   27  1.85M   17   17  50%  81.9M    n/a  n/a
   3   5e |   7 1.0   19   7.7M  149  667  81%    10M |  99.9   n/a   1   27  1.61M   17   18  51%  81.9M    n/a  n/a
   3   5f |   7 1.0   19   7.5M  118  562  82%    10M |  99.9   n/a   1   27  1.07M   11   20  64%  81.9M    n/a  n/a
   3   60 |   7 1.0   19   7.9M  139  678  82%    10M |  99.9   n/a   1   27  1.31M   13   20  60%  81.9M    n/a  n/a
   3   61 |   7 1.0   19   7.4M  129  556  81%    10M |  99.9   n/a   1   27  1.85M   17   16  48%  81.9M    n/a  n/a
   3   62 |   7 1.0   19   7.8M  137  566  80%    10M |  99.9   n/a   1   27   830k    9   21  70%  81.9M    n/a  n/a
   3   63 |   7 1.0   19   7.2M  122  526  81%    10M |  99.9   n/a   1   27  1.03M   10   19  65%  81.9M    n/a  n/a
   4   64 |   7 1.0   19   4.7M  122  614  83%    10M |  99.9   n/a   1   27   336k    6   19  76%  81.9M    n/a  n/a
   4   65 |   7 1.0   19   4.6M  107  641  85%    10M |  99.9   n/a   1   27   481k    8   23  74%  81.9M    n/a  n/a
   4   66 |   7 1.0   19   4.8M  121  568  82%    10M |  99.9   n/a   1   27   571k    9   25  73%  81.9M    n/a  n/a
   4   67 |   7 1.0   19   4.7M  114  621  84%    10M |  99.9   n/a   1   27   384k    6   24  80%  81.9M    n/a  n/a
   4   68 |   7 1.0   19   5.1M  133  625  82%    10M |  99.9   n/a   1   27   369k    6   25  80%  81.9M    n/a  n/a
   4   69 |   7 1.0   19   4.7M  117  561  82%    10M |  99.9   n/a   1   27   655k    9   23  71%  81.9M    n/a  n/a
   4   6a |   7 1.0   19   4.7M  127  669  84%    10M |  99.9   n/a   1   27   525k    8   20  71%  81.9M    n/a  n/a
   4   6b |   7 1.0   19   4.5M  112  567  83%    10M |  99.9   n/a   1   27   610k    9   22  70%  81.9M    n/a  n/a
   0   44 |   7 1.0   19   8.8M  152  569  78%    10M |  99.9   n/a   1   27  1.36M   14   14  50%  81.9M    n/a  n/a
   0   45 |   7 1.0   19   8.6M  136  565  80%    10M |  99.9   n/a   1   27  1.49M   16   20  55%  81.9M    n/a  n/a
   0   46 |   7 1.0   19   9.0M  167  546  76%    10M |  99.9   ovl   1   27  1.99M   21   18  46%  81.9M   232n  n/a
   0   47 |   7 1.0   19   8.7M  143  487  77%    10M |  99.9   ovl   1   27  1.90M   21   10  32%  81.9M  -113n  n/a
   0   48 |   7 1.0   19   7.8M  150  528  77%    10M |  99.9   ovl   1   27  2.10M   22   19  46%  81.9M    77n  n/a
   0   49 |   7 1.0   19   8.4M  135  512  79%    10M |  99.9   ovl   1   27  1.35M   15   21  58%  81.9M   230n  n/a
   0   4a |   7 1.0   19   8.2M  141  551  79%    10M |  99.9   ovl   1   27  2.09M   19   13  40%  81.9M  -550n  n/a
   0   4b |   7 1.0   19   8.4M  141  493  77%    10M |  99.9   ovl   1   27  1.22M   14   14  50%  81.9M  -386n  n/a
   1   4c |   7 1.0   19   8.2M  137  587  81%    10M |  99.9   n/a   1   27   953k   10   25  71%  81.9M    n/a  n/a
   1   4d |   7 1.0   19   7.5M  128  590  82%    10M |  99.9   n/a   1   27  1.05M   11   23  67%  81.9M    n/a  n/a
   1   4e |   7 1.0   19   7.9M  140  631  81%    10M |  99.9   n/a   1   27   920k   10   23  69%  81.9M    n/a  n/a
   1   4f |   7 1.0   19   7.4M  129  557  81%    10M |  99.9   ovl   1   27   947k   10   21  67%  81.9M   879n  n/a
   1   50 |   7 1.0   19   7.7M  140  629  81%    10M |  99.9   n/a   1   27  1.18M   11   22  66%  81.9M    n/a  n/a
   1   51 |   7 1.0   19   7.7M  127  598  82%    10M |  99.9   n/a   1   27   926k    9   22  70%  81.9M    n/a  n/a
   1   52 |   7 1.0   19   7.3M  139  605  81%    10M |  99.9   n/a   1   27   793k    9   21  70%  81.9M    n/a  n/a
   1   53 |   7 1.0   19   7.5M  125  544  81%    10M |  99.9   ovl   1   27  1.18M   12   22  64%  81.9M  -225n  n/a
   2   54 |   7 1.0   19   6.2M  163  593  78%    10M |  99.9   n/a   1   27   936k   13   24  64%  81.9M    n/a  n/a
   2   55 |   7 1.0   19   6.1M  144  551  79%    10M |  99.9   n/a   1   27   971k   15   21  58%  81.9M    n/a  n/a
   2   56 |   7 1.0   19   6.3M  158  588  78%    10M |  99.9   n/a   1   27   539k    8   23  74%  81.9M    n/a  n/a
   2   57 |   7 1.0   19   6.0M  150  523  77%    10M |  99.9   n/a   1   27   923k   16   21  56%  81.9M    n/a  n/a
   2   58 |   7 1.0   19   6.7M  176  558  76%    10M |  99.9   ovl   1   27   875k   13   21  61%  81.9M  -655n  n/a
   2   59 |   7 1.0   19   6.1M  160  557  77%    10M |  99.9   ovl   1   27   908k   15   21  58%  81.9M   947n  n/a
   2   5a |   7 1.0   19   6.4M  168  593  77%    10M |  99.9   ovl   1   27   961k   14   23  62%  81.9M   816n  n/a
   2   5b |   7 1.0   19   6.0M  150  493  76%    10M |  99.9   n/a   1   27   847k   13   22  62%  81.9M    n/a  n/a
   3   5c |   7 1.0   19    11M  187  503  72%    10M |  99.9   ovl   1   27  1.43M   14   21  60%  81.9M   393n  n/a
   3   5d |   7 1.0   19    11M  193  473  71%    10M |  99.9   ovl   1   27  1.64M   18   17  48%  81.9M   -89n  n/a
   3   5e |   7 1.0   19    12M  202  478  70%    10M |  99.9   ovl   1   27  1.59M   17   17  50%  81.9M   134n  n/a
   3   5f |   7 1.0   19    11M  183  502  73%    10M |  99.9   ovl   1   27  1.65M   17   15  46%  81.9M   244n  n/a
   3   60 |   7 1.0   19    11M  185  545  74%    10M |  99.9   ovl   1   27  1.75M   18   18  50%  81.9M   -14n  n/a
   3   61 |   7 1.0   19    11M  182  479  72%    10M |  99.9   ovl   1   27  1.52M   17   20  54%  81.9M   -56n  n/a
   3   62 |   7 1.0   19    11M  190  519  73%    10M |  99.9   ovl   1   27  1.52M   16   20  55%  81.9M  -277n  n/a
   3   63 |   7 1.0   19    11M  184  453  71%    10M |  99.9   ovl   1   27  1.93M   20   17  45%  81.9M  -382n  n/a
   4   64 |   7 1.0   19   7.6M  185  536  74%    10M |  99.9   ovl   1   27  1.09M   17   16  48%  81.9M  -905n  n/a
   4   65 |   7 1.0   19   7.9M  189  444  70%    10M |  99.9   n/a   1   27  1.05M   15   17  53%  81.9M    n/a  n/a
   4   66 |   7 1.0   19   7.6M  185  484  72%    10M |  99.9   ovl   1   27   952k   13   16  55%  81.9M    -1u  n/a
   4   67 |   7 1.0   19   7.7M  187  516  73%    10M |  99.9   ovl   1   27  1.05M   16   16  50%  81.9M   838n  n/a
   4   68 |   7 1.0   19   7.7M  199  548  73%    10M |  99.9   ovl   1   27  1.10M   15   17  53%  81.9M   972n  n/a
   4   69 |   7 1.0   19   7.7M  180  501  73%    10M |  99.9   ovl   1   27  1.35M   19   16  45%  81.9M  -630n  n/a
   4   6a |   7 1.0   19   7.5M  193  542  73%    10M |  99.9   n/a   1   27  1.19M   16   19  54%  81.9M    n/a  n/a
   4   6b |   7 1.0   19   7.8M  188  444  70%    10M |  99.9   ovl   1   27  1.37M   21   19  47%  81.9M  -389n  n/a
   0   44 |   7 1.0   19   9.5M  175  548  75%    10M |  99.9   n/a   1   27  2.62M   28   11  28%  81.9M    n/a  n/a
   0   45 |   7 1.0   19    10M  170  441  72%    10M |  99.9   ovl   1   27  1.71M   18   12  40%  81.9M  -587n  n/a
   0   46 |   7 1.0   19    10M  183  458  71%    10M |  99.9   ovl   1   27  1.86M   18   11  37%  81.9M   440n  n/a
   0   47 |   7 1.0   19    11M  180  420  70%    10M |  99.9   n/a   1   27  1.84M   19   17  47%  81.9M    n/a  n/a
   0   48 |   7 1.0   19    11M  188  416  68%    10M |  99.9   ovl   1   27  2.50M   27   12  30%  81.9M  -308n  n/a
   0   49 |   7 1.0   19    11M  183  466  71%    10M |  99.9   n/a   1   27  1.82M   19   13  40%  81.9M    n/a  n/a
   0   4a |   7 1.0   19    11M  185  467  71%    10M |  99.9   ovl   1   27  1.82M   19   19  50%  81.9M  -494n  n/a
   0   4b |   7 1.0   19    11M  179  468  72%    10M |  99.9   n/a   1   27  2.91M   29   13  30%  81.9M    n/a  n/a
   1   4c |   7 1.0   19   9.0M  162  596  78%    10M |  99.9   n/a   1   27   818k    8   16  66%  81.9M    n/a  n/a
   1   4d |   7 1.0   19   9.2M  157  533  77%    10M |  99.9   ovl   1   27   967k   10   18  64%  81.9M   879n  n/a
   1   4e |   7 1.0   19   9.5M  169  542  76%    10M |  99.9   ovl   1   27  1.10M   11   18  62%  81.9M  -225n  n/a
   1   4f |   7 1.0   19   9.2M  155  503  76%    10M |  99.9   n/a   1   27   973k    9   19  67%  81.9M    n/a  n/a
   1   50 |   7 1.0   19   9.9M  166  612  78%    10M |  99.9   ovl   1   27   998k   11   18  62%  81.9M  -542n  n/a
   1   51 |   7 1.0   19   9.0M  153  494  76%    10M |  99.9   ovl   1   27  1.17M   11   20  64%  81.9M  -149n  n/a
   1   52 |   7 1.0   19   8.8M  167  549  76%    10M |  99.9   ovl   1   27  1.06M   10   14  58%  81.9M   858n  n/a
   1   53 |   7 1.0   19   8.9M  155  527  77%    10M |  99.9   ovl   1   27   877k   10   16  61%  81.9M  -196n  n/a

          |--------------------DL---------------------|-------------------------------UL-----------------------------
 pci rnti | cqi  ri  mcs  brate   ok  nok  (%)  dl_bs | pusch  rsrp  ri  mcs  brate   ok  nok  (%)    bsr     ta  phr
   2   54 |   7 1.0   19   5.5M  139  570  80%    10M |  99.9   n/a   1   27   390k    6   25  80%  81.9M    n/a  n/a
   2   55 |   7 1.0   19   5.2M  131  559  81%    10M |  99.9   n/a   1   27   598k    9   20  68%  81.9M    n/a  n/a
   2   56 |   7 1.0   19   5.3M  133  622  82%    10M |  99.9   n/a   1   27   567k    9   19  67%  81.9M    n/a  n/a
   2   57 |   7 1.0   19   5.1M  130  605  82%    10M |  99.9   n/a   1   27   576k   10   25  71%  81.9M    n/a  n/a
   2   58 |   7 1.0   19   5.5M  135  593  81%    10M |  99.9   n/a   1   27   579k   10   24  70%  81.9M    n/a  n/a
   2   59 |   7 1.0   19   5.3M  130  607  82%    10M |  99.9   n/a   1   27   540k    8   25  75%  81.9M    n/a  n/a
   2   5a |   7 1.0   19   5.5M  145  572  79%    10M |  99.9   n/a   1   27   425k    7   21  75%  81.9M    n/a  n/a
   2   5b |   7 1.0   19   5.3M  132  566  81%    10M |  99.9   n/a   1   27   564k   10   23  69%  81.9M    n/a  n/a
   3   5c |   7 1.0   19    10M  176  544  75%    10M |  99.9   n/a   1   27  1.95M   19   19  50%  81.9M    n/a  n/a
   3   5d |   7 1.0   19    10M  168  523  75%    10M |  99.9   n/a   1   27  1.43M   15   22  59%  81.9M    n/a  n/a
   3   5e |   7 1.0   19    11M  186  550  74%    10M |  99.9   n/a   1   27  1.85M   18   20  52%  81.9M    n/a  n/a
   3   5f |   7 1.0   19    10M  172  578  77%    10M |  99.9   n/a   1   27  1.67M   17   22  56%  81.9M    n/a  n/a
   3   60 |   7 1.0   19    10M  185  537  74%    10M |  99.9   n/a   1   27  1.83M   19   20  51%  81.9M    n/a  n/a
   3   61 |   7 1.0   19    10M  169  494  74%    10M |  99.9   n/a   1   27  1.43M   14   23  62%  81.9M    n/a  n/a
   3   62 |   7 1.0   19    10M  175  580  76%    10M |  99.9   n/a   1   27  1.25M   12   22  64%  81.9M    n/a  n/a
   3   63 |   7 1.0   19    10M  170  535  75%    10M |  99.9   ovl   1   27  1.46M   14   17  54%  81.9M  -620n  n/a
   4   64 |   7 1.0   19   5.8M  151  651  81%    10M |  99.9   ovl   1   27   314k    5   25  83%  81.9M     1u  n/a
   4   65 |   7 1.0   19   5.5M  138  611  81%    10M |  99.9   n/a   1   27   780k   11   21  65%  81.9M    n/a  n/a
   4   66 |   7 1.0   19   5.6M  147  591  80%    10M |  99.9   n/a   1   27   878k   14   20  58%  81.9M    n/a  n/a
   4   67 |   7 1.0   19   5.6M  131  512  79%    10M |  99.9   n/a   1   27   582k   10   28  73%  81.9M    n/a  n/a
   4   68 |   7 1.0   19   5.6M  146  602  80%    10M |  99.9   ovl   1   27   888k   13   21  61%  81.9M  -570n  n/a
   4   69 |   7 1.0   19   5.5M  140  521  78%    10M |  99.9   ovl   1   27   921k   13   21  61%  81.9M  -849n  n/a
   4   6a |   7 1.0   19   5.5M  135  631  82%    10M |  99.9   n/a   1   27   683k   11   20  64%  81.9M    n/a  n/a
   4   6b |   7 1.0   19   5.5M  129  577  81%    10M |  99.9   n/a   1   27  1.03M   17   18  51%  81.9M    n/a  n/a
   0   44 |   7 1.0   19   9.5M  166  523  75%    10M |  99.9   ovl   1   27  1.93M   19   17  47%  81.9M  -312n  n/a
   0   45 |   7 1.0   19   9.2M  150  519  77%    10M |  99.9   n/a   1   27  1.37M   14   17  54%  81.9M    n/a  n/a
   0   46 |   7 1.0   19    10M  186  509  73%    10M |  99.9   ovl   1   27  1.74M   17   19  52%  81.9M   440n  n/a
   0   47 |   7 1.0   19  10.0M  162  482  74%    10M |  99.9   ovl   1   27  2.41M   25   15  37%  81.9M  -348n  n/a
   0   48 |   7 1.0   19    10M  198  477  70%    10M |  99.9   ovl   1   27  2.84M   29   21  42%  81.9M  -191n  n/a
   0   49 |   7 1.0   19   9.4M  148  555  78%    10M |  99.9   n/a   1   27  2.81M   29   14  32%  81.9M    n/a  n/a
   0   4a |   7 1.0   19   9.6M  159  557  77%    10M |  99.9   ovl   1   27  2.48M   27   12  30%  81.9M   -27n  n/a
   0   4b |   7 1.0   19   9.8M  155  487  75%    10M |  99.9   ovl   1   27  1.41M   14   19  57%  81.9M   -71n  n/a
   1   4c |   7 1.0   19    11M  185  545  74%    10M |  99.9   n/a   1   27  1.68M   18   20  52%  81.9M    n/a  n/a
   1   4d |   7 1.0   19    11M  190  518  73%    10M |  99.9   n/a   1   27  1.75M   20   22  52%  81.9M    n/a  n/a
   1   4e |   7 1.0   19    11M  198  548  73%    10M |  99.9   n/a   1   27  1.70M   16   25  60%  81.9M    n/a  n/a
   1   4f |   7 1.0   19    11M  181  500  73%    10M |  99.9   n/a   1   27  1.32M   15   17  53%  81.9M    n/a  n/a
   1   50 |   7 1.0   19    11M  198  556  73%    10M |  99.9   n/a   1   27  1.75M   17   24  58%  81.9M    n/a  n/a
   1   51 |   7 1.0   19    11M  186  500  72%    10M |  99.9   n/a   1   27  2.02M   20   21  51%  81.9M    n/a  n/a
   1   52 |   7 1.0   19    11M  188  525  73%    10M |  99.9   n/a   1   27  1.73M   18   24  57%  81.9M    n/a  n/a
   1   53 |   7 1.0   19    11M  181  481  72%    10M |  99.9   n/a   1   27  2.45M   24   22  47%  81.9M    n/a  n/a
   2   54 |   7 1.0   19   6.7M  175  609  77%    10M |  99.9   n/a   1   27   634k    9   20  68%  81.9M    n/a  n/a
   2   55 |   7 1.0   19   6.4M  153  542  77%    10M |  99.9   n/a   1   27   825k   12   17  58%  81.9M    n/a  n/a
   2   56 |   7 1.0   19   6.1M  159  644  80%    10M |  99.9   n/a   1   27   762k   12   17  58%  81.9M    n/a  n/a
   2   57 |   7 1.0   19   6.5M  158  508  76%    10M |  99.9   n/a   1   27   530k    9   17  65%  81.9M    n/a  n/a
   2   58 |   7 1.0   19   6.6M  167  500  74%    10M |  99.9   n/a   1   27   741k   11   16  59%  81.9M    n/a  n/a
   2   59 |   7 1.0   19   6.2M  155  548  77%    10M |  99.9   n/a   1   27   723k    9   16  64%  81.9M    n/a  n/a
   2   5a |   7 1.0   19   6.0M  151  561  78%    10M |  99.9   n/a   1   27   351k    6   19  76%  81.9M    n/a  n/a
   2   5b |   7 1.0   19   6.4M  160  543  77%    10M |  99.9   n/a   1   27   480k    8   15  65%  81.9M    n/a  n/a
   3   5c |   7 1.0   19   7.5M  129  642  83%    10M |  99.9   n/a   1   27  1.21M   13   17  56%  81.9M    n/a  n/a
   3   5d |   7 1.0   19   7.6M  130  547  80%    10M |  99.9   n/a   1   27  1.45M   15   21  58%  81.9M    n/a  n/a
   3   5e |   7 1.0   19   7.6M  135  597  81%    10M |  99.9   n/a   1   27  1.18M   12   22  64%  81.9M    n/a  n/a
   3   5f |   7 1.0   19   7.4M  118  583  83%    10M |  99.9   ovl   1   27  1000k   11   21  65%  81.9M  -892n  n/a
   3   60 |   7 1.0   19   7.3M  126  689  84%    10M |  99.9   ovl   1   27  1.53M   15   19  55%  81.9M   393n  n/a
   3   61 |   7 1.0   19   7.5M  118  552  82%    10M |  99.9   ovl   1   27  1.14M   12   23  65%  81.9M  -892n  n/a
   3   62 |   7 1.0   19   7.9M  140  563  80%    10M |  99.9   n/a   1   27   672k    7   23  76%  81.9M    n/a  n/a
   3   63 |   7 1.0   19   7.6M  122  562  82%    10M |  99.9   n/a   1   27   651k    8   19  70%  81.9M    n/a  n/a
   4   64 |   7 1.0   19   5.8M  144  568  79%    10M |  99.9   ovl   1   27   314k    5   20  80%  81.9M   -92n  n/a
   4   65 |   7 1.0   19   5.9M  146  520  78%    10M |  99.9   n/a   1   27   508k    9   20  68%  81.9M    n/a  n/a
   4   66 |   7 1.0   19   5.6M  149  619  80%    10M |  99.9   ovl   1   27   905k   13   19  59%  81.9M  -970n  n/a
   4   67 |   7 1.0   19   5.8M  134  518  79%    10M |  99.9   ovl   1   27   665k   11   18  62%  81.9M   956n  n/a
   4   68 |   7 1.0   19   6.2M  162  552  77%    10M |  99.9   ovl   1   27   628k   10   18  64%  81.9M  -852n  n/a
   4   69 |   7 1.0   19   6.0M  140  531  79%    10M |  99.9   ovl   1   27   575k    9   21  70%  81.9M  -508n  n/a
   4   6a |   7 1.0   19   6.0M  151  564  78%    10M |  99.9   ovl   1   27   396k    6   19  76%  81.9M  -163n  n/a
   4   6b |   7 1.0   19   5.8M  146  547  78%    10M |  99.9   ovl   1   27   484k    8   20  71%  81.9M     1u  n/a
   0   44 |   7 1.0   19   9.6M  174  557  76%    10M |  99.9   ovl   1   27   404k    4   20  83%  81.9M    36n  n/a
   0   45 |   7 1.0   19   9.3M  154  509  76%    10M |  99.9   n/a   1   27  1.46M   14   18  56%  81.9M    n/a  n/a
   0   46 |   7 1.0   19   9.6M  176  491  73%    10M |  99.9   n/a   1   27  1.47M   14   19  57%  81.9M    n/a  n/a
   0   47 |   7 1.0   19   9.4M  152  518  77%    10M |  99.9   ovl   1   27  2.08M   20   15  42%  81.9M  -606n  n/a
   0   48 |   7 1.0   19   9.8M  174  509  74%    10M |  99.9   n/a   1   27  2.46M   23   11  32%  81.9M    n/a  n/a
   0   49 |   7 1.0   19   9.2M  167  556  76%    10M |  99.9   ovl   1   27  1.85M   17   17  50%  81.9M   213n  n/a
   0   4a |   7 1.0   19   9.3M  165  543  76%    10M |  99.9   n/a   1   27  1.70M   17   17  50%  81.9M    n/a  n/a
   0   4b |   7 1.0   19   9.4M  155  496  76%    10M |  99.9   n/a   1   27  2.00M   19   24  55%  81.9M    n/a  n/a
   1   4c |   7 1.0   19    12M  208  496  70%    10M |  99.9   n/a   1   27  3.16M   34   20  37%  81.9M    n/a  n/a
   1   4d |   7 1.0   19    11M  178  513  74%    10M |  99.9   n/a   1   27  2.92M   31   20  39%  81.9M    n/a  n/a
   1   4e |   7 1.0   19    12M  216  429  66%    10M |  99.9   ovl   1   27  2.81M   30   22  42%  81.9M   879n  n/a
   1   4f |   7 1.0   19    11M  183  519  73%    10M |  99.9   n/a   1   27  3.27M   31   16  34%  81.9M    n/a  n/a
   1   50 |   7 1.0   19    12M  208  503  70%    10M |  99.9   n/a   1   27  2.89M   31   16  34%  81.9M    n/a  n/a
   1   51 |   7 1.0   19    11M  183  510  73%    10M |  99.9   n/a   1   27  2.77M   25   17  40%  81.9M    n/a  n/a
   1   52 |   7 1.0   19    13M  211  451  68%    10M |  99.9   n/a   1   27  3.23M   33   21  38%  81.9M    n/a  n/a
   1   53 |   7 1.0   19    11M  182  461  71%    10M |  99.9   n/a   1   27  2.76M   27   11  28%  81.9M    n/a  n/a
   2   54 |   7 1.0   19   6.4M  163  593  78%    10M |  99.9   n/a   1   27   863k   12   25  67%  81.9M    n/a  n/a
   2   55 |   7 1.0   19   6.3M  161  531  76%    10M |  99.9   n/a   1   27   501k    8   24  75%  81.9M    n/a  n/a
   2   56 |   7 1.0   19   6.4M  164  567  77%    10M |  99.9   n/a   1   27   603k    9   23  71%  81.9M    n/a  n/a
   2   57 |   7 1.0   19   6.5M  154  474  75%    10M |  99.9   n/a   1   27   753k   11   23  67%  81.9M    n/a  n/a
   2   58 |   7 1.0   19   6.5M  173  573  76%    10M |  99.9   n/a   1   27   756k   11   22  66%  81.9M    n/a  n/a
   2   59 |   7 1.0   19   6.5M  165  518  75%    10M |  99.9   n/a   1   27   648k   10   21  67%  81.9M    n/a  n/a
   2   5a |   7 1.0   19   6.4M  167  587  77%    10M |  99.9   n/a   1   27   698k   11   23  67%  81.9M    n/a  n/a
   2   5b |   7 1.0   19   6.6M  167  599  78%    10M |  99.9   n/a   1   27   562k   10   22  68%  81.9M    n/a  n/a

          |--------------------DL---------------------|-------------------------------UL-----------------------------
 pci rnti | cqi  ri  mcs  brate   ok  nok  (%)  dl_bs | pusch  rsrp  ri  mcs  brate   ok  nok  (%)    bsr     ta  phr
   3   5c |   7 1.0   19    12M  199  607  75%    10M |  99.9   n/a   1   27  2.18M   22   17  43%  81.9M    n/a  n/a
   3   5d |   7 1.0   19    11M  188  504  72%    10M |  99.9   n/a   1   27  1.79M   19   21  52%  81.9M    n/a  n/a
   3   5e |   7 1.0   19    11M  199  541  73%    10M |  99.9   n/a   1   27  1.67M   17   19  52%  81.9M    n/a  n/a
   3   5f |   7 1.0   19    11M  176  500  73%    10M |  99.9   n/a   1   27  2.18M   21   18  46%  81.9M    n/a  n/a
   3   60 |   7 1.0   19    11M  205  529  72%    10M |  99.9   n/a   1   27  2.27M   24   17  41%  81.9M    n/a  n/a
   3   61 |   7 1.0   19    11M  175  484  73%    10M |  99.9   n/a   1   27  1.99M   20   18  47%  81.9M    n/a  n/a
   3   62 |   7 1.0   19    11M  192  502  72%    10M |  99.9   n/a   1   27  1.51M   15   23  60%  81.9M    n/a  n/a
   3   63 |   7 1.0   19    11M  182  506  73%    10M |  99.9   n/a   1   27  1.60M   15   20  57%  81.9M    n/a  n/a
   4   64 |   7 1.0   19   6.8M  179  552  75%    10M |  99.9   n/a   1   27   882k   13   20  60%  81.9M    n/a  n/a
   4   65 |   7 1.0   19   6.7M  164  511  75%    10M |  99.9   n/a   1   27   796k   12   22  64%  81.9M    n/a  n/a
   4   66 |   7 1.0   19   7.0M  176  542  75%    10M |  99.9   n/a   1   27   690k   10   19  65%  81.9M    n/a  n/a
   4   67 |   7 1.0   19   6.8M  154  536  77%    10M |  99.9   n/a   1   27   602k    9   20  68%  81.9M    n/a  n/a
   4   68 |   7 1.0   19   6.6M  171  583  77%    10M |  99.9   n/a   1   27   862k   13   22  62%  81.9M    n/a  n/a
   4   69 |   7 1.0   19   6.6M  155  497  76%    10M |  99.9   n/a   1   27   883k   13   22  62%  81.9M    n/a  n/a
   4   6a |   7 1.0   19   6.7M  178  559  75%    10M |  99.9   n/a   1   27   741k   10   17  62%  81.9M    n/a  n/a
   4   6b |   7 1.0   19   6.6M  166  449  73%    10M |  99.9   n/a   1   27   625k   10   21  67%  81.9M    n/a  n/a
   0   44 |   7 1.0   19    11M  190  534  73%    10M |  99.9   n/a   1   27  1.77M   16   19  54%  81.9M    n/a  n/a
   0   45 |   7 1.0   19    10M  165  494  74%    10M |  99.9   n/a   1   27  1.35M   14   21  60%  81.9M    n/a  n/a
   0   46 |   7 1.0   19    11M  190  478  71%    10M |  99.9   n/a   1   27  1.97M   20   16  44%  81.9M    n/a  n/a
   0   47 |   7 1.0   19    10M  174  467  72%    10M |  99.9   n/a   1   27  1.96M   19   17  47%  81.9M    n/a  n/a
   0   48 |   7 1.0   19    10M  188  519  73%    10M |  99.9   n/a   1   27  1.46M   16   23  58%  81.9M    n/a  n/a
   0   49 |   7 1.0   19    10M  170  465  73%    10M |  99.9   n/a   1   27  2.05M   20   18  47%  81.9M    n/a  n/a
   0   4a |   7 1.0   19    10M  173  521  75%    10M |  99.9   n/a   1   27  1.66M   16   23  58%  81.9M    n/a  n/a
   0   4b |   7 1.0   19    10M  167  469  73%    10M |  99.9   n/a   1   27  1.42M   14   20  58%  81.9M    n/a  n/a
   1   4c |   7 1.0   19   8.8M  159  570  78%    10M |  99.9   n/a   1   27   928k    9   19  67%  81.9M    n/a  n/a
   1   4d |   7 1.0   19   8.9M  155  539  77%    10M |  99.9   n/a   1   27   943k   10   18  64%  81.9M    n/a  n/a
   1   4e |   7 1.0   19   9.2M  166  537  76%    10M |  99.9   n/a   1   27  1.37M   15   23  60%  81.9M    n/a  n/a
   1   4f |   7 1.0   19   9.3M  153  508  76%    10M |  99.9   n/a   1   27  1.72M   16   16  50%  81.9M    n/a  n/a
   1   50 |   7 1.0   19   8.8M  166  575  77%    10M |  99.9   n/a   1   27  1.37M   12   22  64%  81.9M    n/a  n/a
   1   51 |   7 1.0   19   8.9M  149  573  79%    10M |  99.9   n/a   1   27  1.77M   17   18  51%  81.9M    n/a  n/a
   1   52 |   7 1.0   19   8.4M  152  553  78%    10M |  99.9   n/a   1   27  1.05M   10   21  67%  81.9M    n/a  n/a
   1   53 |   7 1.0   19   9.0M  144  523  78%    10M |  99.9   n/a   1   27  1.64M   18   22  55%  81.9M    n/a  n/a
   2   54 |   7 1.0   19   5.9M  153  643  80%    10M |  99.9   n/a   1   27   572k    9   21  70%  81.9M    n/a  n/a
   2   55 |   7 1.0   19   5.9M  146  553  79%    10M |  99.9   n/a   1   27   434k    8   23  74%  81.9M    n/a  n/a
   2   56 |   7 1.0   19   5.5M  151  589  79%    10M |  99.9   n/a   1   27   497k    8   21  72%  81.9M    n/a  n/a
   2   57 |   7 1.0   19   5.9M  140  556  79%    10M |  99.9   n/a   1   27   373k    5   21  80%  81.9M    n/a  n/a
   2   58 |   7 1.0   19   6.0M  150  608  80%    10M |  99.9   n/a   1   27   440k    6   26  81%  81.9M    n/a  n/a
   2   59 |   7 1.0   19   5.8M  138  527  79%    10M |  99.9   n/a   1   27   484k    8   25  75%  81.9M    n/a  n/a
   2   5a |   7 1.0   19   5.8M  145  574  79%    10M |  99.9   n/a   1   27   370k    7   22  75%  81.9M    n/a  n/a
   2   5b |   7 1.0   19   5.9M  147  556  79%    10M |  99.9   n/a   1   27   562k    8   21  72%  81.9M    n/a  n/a
   3   5c |   7 1.0   19   9.9M  167  504  75%    10M |  99.9   n/a   1   27  2.13M   19   12  38%  81.9M    n/a  n/a
   3   5d |   7 1.0   19    10M  160  465  74%    10M |  99.9   n/a   1   27  1.75M   18   15  45%  81.9M    n/a  n/a
   3   5e |   7 1.0   19   9.5M  155  518  76%    10M |  99.9   n/a   1   27  1.93M   20   16  44%  81.9M    n/a  n/a
   3   5f |   7 1.0   19    10M  163  459  73%    10M |  99.9   n/a   1   27  1.49M   15   16  51%  81.9M    n/a  n/a
   3   60 |   7 1.0   19   9.9M  181  528  74%    10M |  99.9   n/a   1   27  2.05M   20   15  42%  81.9M    n/a  n/a
   3   61 |   7 1.0   19   9.8M  169  480  73%    10M |  99.9   n/a   1   27  2.17M   19   19  50%  81.9M    n/a  n/a
   3   62 |   7 1.0   19   9.3M  174  592  77%    10M |  99.9   n/a   1   27  1.50M   15   16  51%  81.9M    n/a  n/a
   3   63 |   7 1.0   19   9.9M  164  448  73%    10M |  99.9   n/a   1   27  2.26M   22   14  38%  81.9M    n/a  n/a
   4   64 |   7 1.0   19   5.7M  156  635  80%    10M |  99.9   n/a   1   27   343k    6   25  80%  81.9M    n/a  n/a
   4   65 |   7 1.0   19   5.9M  141  502  78%    10M |  99.9   n/a   1   27   374k    6   23  79%  81.9M    n/a  n/a
   4   66 |   7 1.0   19   5.6M  143  602  80%    10M |  99.9   n/a   1   27   518k    7   25  78%  81.9M    n/a  n/a
   4   67 |   7 1.0   19   5.6M  131  500  79%    10M |  99.9   n/a   1   27   489k    8   28  77%  81.9M    n/a  n/a
   4   68 |   7 1.0   19   5.4M  139  606  81%    10M |  99.9   n/a   1   27   388k    6   24  80%  81.9M    n/a  n/a
   4   69 |   7 1.0   19   5.8M  138  518  78%    10M |  99.9   n/a   1   27   550k    8   23  74%  81.9M    n/a  n/a
   4   6a |   7 1.0   19   5.7M  152  623  80%    10M |  99.9   n/a   1   27   177k    3   23  88%  81.9M    n/a  n/a
   4   6b |   7 1.0   19   5.6M  141  503  78%    10M |  99.9   n/a   1   27   172k    2   23  92%  81.9M    n/a  n/a
   0   44 |   7 1.0   19    12M  199  474  70%    10M |  99.9   n/a   1   27  1.87M   18   18  50%  81.9M    n/a  n/a
   0   45 |   7 1.0   19    10M  176  486  73%    10M |  99.9   n/a   1   27  2.26M   22   14  38%  81.9M    n/a  n/a
   0   46 |   7 1.0   19    11M  198  468  70%    10M |  99.9   n/a   1   27  1.51M   16   11  40%  81.9M    n/a  n/a
   0   47 |   7 1.0   19    11M  182  492  72%    10M |  99.9   n/a   1   27  1.60M   16   14  46%  81.9M    n/a  n/a
   0   48 |   7 1.0   19    11M  195  500  71%    10M |  99.9   n/a   1   27  2.16M   21   11  34%  81.9M    n/a  n/a
   0   49 |   7 1.0   19    11M  177  486  73%    10M |  99.9   n/a   1   27  2.45M   23   17  42%  81.9M    n/a  n/a
   0   4a |   7 1.0   19    10M  181  554  75%    10M |  99.9   n/a   1   27  2.12M   21   14  40%  81.9M    n/a  n/a
   0   4b |   7 1.0   19    11M  177  456  72%    10M |  99.9   n/a   1   27  1.67M   17   15  46%  81.9M    n/a  n/a
   1   4c |   7 1.0   19  10.0M  179  579  76%    10M |  99.9   ovl   1   27  1.13M   12   21  63%  81.9M  -193n  n/a
   1   4d |   7 1.0   19    11M  172  482  73%    10M |  99.9   ovl   1   27  1.40M   13   18  58%  81.9M  -477n  n/a
   1   4e |   7 1.0   19    11M  178  517  74%    10M |  99.9   ovl   1   27  1.87M   18   19  51%  81.9M   365n  n/a
   1   4f |   7 1.0   19    11M  179  449  71%    10M |  99.9   ovl   1   27  1.48M   15   22  59%  81.9M  -338n  n/a
   1   50 |   7 1.0   19    10M  180  561  75%    10M |  99.9   ovl   1   27  1.51M   15   20  57%  81.9M  -318n  n/a
   1   51 |   7 1.0   19    10M  174  467  72%    10M |  99.9   ovl   1   27  1.30M   13   19  59%  81.9M   837n  n/a
   1   52 |   7 1.0   19    11M  186  511  73%    10M |  99.9   ovl   1   27  1.62M   16   18  52%  81.9M  -367n  n/a
   1   53 |   7 1.0   19    11M  176  513  74%    10M |  99.9   ovl   1   27  1.59M   16   18  52%  81.9M  -210n  n/a
   2   54 |   7 1.0   19   5.4M  131  631  82%    10M |  99.9   ovl   1   27   725k   12   22  64%  81.9M    67n  n/a
   2   55 |   7 1.0   19   5.3M  129  569  81%    10M |  99.9   ovl   1   27   654k    9   26  74%  81.9M   896n  n/a
   2   56 |   7 1.0   19   5.3M  130  580  81%    10M |  99.9   ovl   1   27   834k   13   24  64%  81.9M   385n  n/a
   2   57 |   7 1.0   19   5.2M  128  574  81%    10M |  99.9   n/a   1   27   579k    9   24  72%  81.9M    n/a  n/a
   2   58 |   7 1.0   19   5.1M  141  602  81%    10M |  99.9   ovl   1   27   682k   10   22  68%  81.9M   816n  n/a
   2   59 |   7 1.0   19   5.3M  126  587  82%    10M |  99.9   n/a   1   27   657k   11   21  65%  81.9M    n/a  n/a
   2   5a |   7 1.0   19   5.0M  146  587  80%    10M |  99.9   ovl   1   27   677k   11   24  68%  81.9M  -655n  n/a
   2   5b |   7 1.0   19   5.3M  126  570  81%    10M |  99.9   n/a   1   27   632k   11   23  67%  81.9M    n/a  n/a
   3   5c |   7 1.0   19    11M  204  397  66%    10M |  99.9   n/a   1   27  3.03M   29   11  27%  81.9M    n/a  n/a
   3   5d |   7 1.0   19    11M  190  441  69%    10M |  99.9   n/a   1   27  3.79M   39   12  23%  81.9M    n/a  n/a
   3   5e |   7 1.0   19    11M  193  486  71%    10M |  99.9   n/a   1   27  1.79M   18   17  48%  81.9M    n/a  n/a
   3   5f |   7 1.0   19    11M  183  455  71%    10M |  99.9   ovl   1   27  2.52M   26   15  36%  81.9M  -926n  n/a
   3   60 |   7 1.0   19    10M  178  515  74%    10M |  99.9   n/a   1   27  2.63M   27   17  38%  81.9M    n/a  n/a
   3   61 |   7 1.0   19    11M  189  447  70%    10M |  99.9   n/a   1   27  2.93M   29    9  23%  81.9M    n/a  n/a
   3   62 |   7 1.0   19    11M  187  460  71%    10M |  99.9   n/a   1   27  2.50M   25   13  34%  81.9M    n/a  n/a
   3   63 |   7 1.0   19    11M  188  444  70%    10M |  99.9   ovl   1   27  2.42M   24   19  44%  81.9M   456n  n/a

          |--------------------DL---------------------|-------------------------------UL-----------------------------
 pci rnti | cqi  ri  mcs  brate   ok  nok  (%)  dl_bs | pusch  rsrp  ri  mcs  brate   ok  nok  (%)    bsr     ta  phr
   4   64 |   7 1.0   19   5.0M  124  639  83%    10M |  99.9   n/a   1   27   378k    6   25  80%  81.9M    n/a  n/a
   4   65 |   7 1.0   19   5.0M  122  511  80%    10M |  99.9   n/a   1   27   545k    9   23  71%  81.9M    n/a  n/a
   4   66 |   7 1.0   19   5.1M  127  643  83%    10M |  99.9   n/a   1   27   607k   11   20  64%  81.9M    n/a  n/a
   4   67 |   7 1.0   19   5.0M  123  565  82%    10M |  99.9   n/a   1   27   366k    5   20  80%  81.9M    n/a  n/a
   4   68 |   7 1.0   19   5.2M  135  585  81%    10M |  99.9   n/a   1   27   624k   10   21  67%  81.9M    n/a  n/a
   4   69 |   7 1.0   19   4.9M  114  614  84%    10M |  99.9   n/a   1   27   394k    6   21  77%  81.9M    n/a  n/a
   4   6a |   7 1.0   19   5.0M  134  659  83%    10M |  99.9   n/a   1   27   504k    8   28  77%  81.9M    n/a  n/a
   4   6b |   7 1.0   19   4.9M  125  620  83%    10M |  99.9   n/a   1   27   422k    6   26  81%  81.9M    n/a  n/a
   0   44 |   7 1.0   19   8.9M  147  629  81%    10M |  99.9   n/a   1   27   603k    5   23  82%  81.9M    n/a  n/a
   0   45 |   7 1.0   19   8.4M  144  518  78%    10M |  99.9   n/a   1   27   822k    8   19  70%  81.9M    n/a  n/a
   0   46 |   7 1.0   19   8.7M  148  595  80%    10M |  99.9   n/a   1   27  1.23M   13   20  60%  81.9M    n/a  n/a
   0   47 |   7 1.0   19   8.8M  135  525  79%    10M |  99.9   n/a   1   27  1.63M   18   20  52%  81.9M    n/a  n/a
   0   48 |   7 1.0   19   8.7M  158  504  76%    10M |  99.9   n/a   1   27  1.75M   18   18  50%  81.9M    n/a  n/a
   0   49 |   7 1.0   19   8.6M  147  552  78%    10M |  99.9   n/a   1   27   836k    9   15  62%  81.9M    n/a  n/a
   0   4a |   7 1.0   19   9.0M  150  582  79%    10M |  99.9   n/a   1   27  1.65M   17   13  43%  81.9M    n/a  n/a
   0   4b |   7 1.0   19   8.4M  136  532  79%    10M |  99.9   n/a   1   27  1.46M   14   22  61%  81.9M    n/a  n/a
   1   4c |   7 1.0   19   9.6M  175  554  75%    10M |  99.9   ovl   1   27  1.44M   14   21  60%  81.9M   408n  n/a
   1   4d |   7 1.0   19   9.5M  160  586  78%    10M |  99.9   ovl   1   27   816k    8   19  70%  81.9M  -272n  n/a
   1   4e |   7 1.0   19   9.5M  167  603  78%    10M |  99.9   ovl   1   27  1.21M   12   19  61%  81.9M  -225n  n/a
   1   4f |   7 1.0   19   9.6M  167  514  75%    10M |  99.9   n/a   1   27  1.56M   16   19  54%  81.9M    n/a  n/a
   1   50 |   7 1.0   19   9.8M  174  528  75%    10M |  99.9   n/a   1   27   848k    9   21  70%  81.9M    n/a  n/a
   1   51 |   7 1.0   19   9.6M  160  530  76%    10M |  99.9   ovl   1   27  1.36M   13   22  62%  81.9M  -342n  n/a
   1   52 |   7 1.0   19   9.8M  177  582  76%    10M |  99.9   ovl   1   27  1.61M   16   17  51%  81.9M  -149n  n/a
   1   53 |   7 1.0   19   9.6M  162  546  77%    10M |  99.9   ovl   1   27  1.73M   17   15  46%  81.9M  -193n  n/a
   2   54 |   7 1.0   19   6.5M  171  564  76%    10M |  99.9   ovl   1   27   541k    8   19  70%  81.9M    67n  n/a
   2   55 |   7 1.0   19   6.3M  163  541  76%    10M |  99.9   ovl   1   27  1.07M   16   22  57%  81.9M  -537n  n/a
   2   56 |   7 1.0   19   6.3M  165  595  78%    10M |  99.9   ovl   1   27   825k   12   18  60%  81.9M   861n  n/a
   2   57 |   7 1.0   19   6.5M  154  501  76%    10M |  99.9   ovl   1   27   720k   11   23  67%  81.9M   146n  n/a
   2   58 |   7 1.0   19   6.3M  165  539  76%    10M |  99.9   ovl   1   27   680k   11   21  65%  81.9M   816n  n/a
   2   59 |   7 1.0   19   6.4M  167  487  74%    10M |  99.9   ovl   1   27   458k    7   21  75%  81.9M   947n  n/a
   2   5a |   7 1.0   19   6.5M  161  552  77%    10M |  99.9   ovl   1   27   504k    7   23  76%  81.9M   141n  n/a
   2   5b |   7 1.0   19   6.5M  153  525  77%    10M |  99.9   ovl   1   27   880k   13   19  59%  81.9M  -257n  n/a
   3   5c |   7 1.0   19    10M  173  536  75%    10M |  99.9   n/a   1   27  2.15M   24   15  38%  81.9M    n/a  n/a
   3   5d |   7 1.0   19    10M  173  550  76%    10M |  99.9   n/a   1   27  2.42M   24   17  41%  81.9M    n/a  n/a
   3   5e |   7 1.0   19    10M  177  528  74%    10M |  99.9   n/a   1   27  2.10M   22   20  47%  81.9M    n/a  n/a
   3   5f |   7 1.0   19    11M  175  495  73%    10M |  99.9   n/a   1   27  1.59M   16   20  55%  81.9M    n/a  n/a
   3   60 |   7 1.0   19    11M  177  495  73%    10M |  99.9   ovl   1   27  1.91M   19   17  47%  81.9M  -620n  n/a
   3   61 |   7 1.0   19    10M  167  534  76%    10M |  99.9   n/a   1   27  1.25M   13   23  63%  81.9M    n/a  n/a
   3   62 |   7 1.0   19    10M  173  511  74%    10M |  99.9   ovl   1   27   947k   11   21  65%  81.9M    -1u  n/a
   3   63 |   7 1.0   19    11M  173  519  75%    10M |  99.9   n/a   1   27  1.51M   15   21  58%  81.9M    n/a  n/a
   4   64 |   7 1.0   19   5.4M  152  624  80%    10M |  99.9   n/a   1   27   735k   11   20  64%  81.9M    n/a  n/a
   4   65 |   7 1.0   19   5.5M  136  557  80%    10M |  99.9   n/a   1   27   597k    9   21  70%  81.9M    n/a  n/a
   4   66 |   7 1.0   19   5.5M  135  569  80%    10M |  99.9   n/a   1   27   552k    9   20  68%  81.9M    n/a  n/a
   4   67 |   7 1.0   19   5.5M  131  508  79%    10M |  99.9   n/a   1   27   488k    6   22  78%  81.9M    n/a  n/a
   4   68 |   7 1.0   19   5.4M  134  690  83%    10M |  99.9   n/a   1   27   684k   10   22  68%  81.9M    n/a  n/a
   4   69 |   7 1.0   19   5.5M  133  497  78%    10M |  99.9   n/a   1   27   504k    8   22  73%  81.9M    n/a  n/a
   4   6a |   7 1.0   19   5.3M  140  556  79%    10M |  99.9   n/a   1   27   464k    7   21  75%  81.9M    n/a  n/a
   4   6b |   7 1.0   19   5.5M  130  527  80%    10M |  99.9   n/a   1   27   561k    9   20  68%  81.9M    n/a  n/a
   0   44 |   7 1.0   19   7.6M  135  617  82%    10M |  99.9   n/a   1   27  1.36M   14   15  51%  81.9M    n/a  n/a
   0   45 |   7 1.0   19   7.8M  125  593  82%    10M |  99.9   n/a   1   27  1.45M   14   16  53%  81.9M    n/a  n/a
   0   46 |   7 1.0   19   7.0M  121  638  84%    10M |  99.9   n/a   1   27  1.42M   14   17  54%  81.9M    n/a  n/a
   0   47 |   7 1.0   19   7.3M  121  577  82%    10M |  99.9   n/a   1   27  1.50M   15   15  50%  81.9M    n/a  n/a
   0   48 |   7 1.0   19   7.4M  136  625  82%    10M |  99.9   n/a   1   27  1.41M   14   11  44%  81.9M    n/a  n/a
   0   49 |   7 1.0   19   7.3M  119  549  82%    10M |  99.9   n/a   1   27  1.70M   16   15  48%  81.9M    n/a  n/a
   0   4a |   7 1.0   19   7.5M  130  624  82%    10M |  99.9   n/a   1   27  1.36M   13   13  50%  81.9M    n/a  n/a
   0   4b |   7 1.0   19   7.7M  130  540  80%    10M |  99.9   n/a   1   27  1.29M   12   11  47%  81.9M    n/a  n/a
   1   4c |   7 1.0   19   6.9M  116  698  85%    10M |  99.9   n/a   1   27   887k    8   18  69%  81.9M    n/a  n/a
   1   4d |   7 1.0   19   7.6M  128  585  82%    10M |  99.9   n/a   1   27   852k    8   20  71%  81.9M    n/a  n/a
   1   4e |   7 1.0   19   7.3M  125  612  83%    10M |  99.9   n/a   1   27  1.51M   15   16  51%  81.9M    n/a  n/a
   1   4f |   7 1.0   19   7.2M  124  617  83%    10M |  99.9   n/a   1   27   771k    8   15  65%  81.9M    n/a  n/a
   1   50 |   7 1.0   19   7.4M  135  656  82%    10M |  99.9   n/a   1   27   596k    6   15  71%  81.9M    n/a  n/a
   1   51 |   7 1.0   19   7.4M  125  501  80%    10M |  99.9   n/a   1   27   824k    8   15  65%  81.9M    n/a  n/a
   1   52 |   7 1.0   19   7.4M  129  588  82%    10M |  99.9   ovl   1   27   508k    5   20  80%  81.9M  -225n  n/a
   1   53 |   7 1.0   19   7.3M  120  554  82%    10M |  99.9   n/a   1   27  1.33M   13   18  58%  81.9M    n/a  n/a
   2   54 |   7 1.0   19   9.4M  239  500  67%    10M |  99.9   ovl   1   27  2.37M   35   14  28%  81.9M   355n  n/a
   2   55 |   7 1.0   19   9.5M  231  418  64%    10M |  99.9   ovl   1   27  2.32M   35   14  28%  81.9M   269n  n/a
   2   56 |   7 1.0   19   9.4M  237  431  64%    10M |  99.9   ovl   1   27  2.59M   39   14  26%  81.9M   266n  n/a
   2   57 |   7 1.0   19   9.7M  239  408  63%    10M |  99.9   ovl   1   27  2.74M   42   10  19%  81.9M   207n  n/a
   2   58 |   7 1.0   19   9.4M  232  438  65%    10M |  99.9   ovl   1   27  2.24M   34   17  33%  81.9M   438n  n/a
   2   59 |   7 1.0   19   9.4M  229  434  65%    10M |  99.9   ovl   1   27  2.30M   35   17  32%  81.9M   364n  n/a
   2   5a |   7 1.0   19   9.6M  239  458  65%    10M |  99.9   ovl   1   27  2.35M   37   18  32%  81.9M   202n  n/a
   2   5b |   7 1.0   19   9.5M  231  445  65%    10M |  99.9   ovl   1   27  2.23M   33   13  28%  81.9M   295n  n/a
   3   5c |   7 1.0   19   8.0M  143  653  82%    10M |  99.9   n/a   1   27   879k    8   18  69%  81.9M    n/a  n/a
   3   5d |   7 1.0   19   8.0M  137  552  80%    10M |  99.9   n/a   1   27  1.53M   16   17  51%  81.9M    n/a  n/a
   3   5e |   7 1.0   19   8.6M  142  602  80%    10M |  99.9   n/a   1   27  1.38M   14   14  50%  81.9M    n/a  n/a
   3   5f |   7 1.0   19   8.1M  137  541  79%    10M |  99.9   n/a   1   27   877k    9   20  68%  81.9M    n/a  n/a
   3   60 |   7 1.0   19   8.2M  141  649  82%    10M |  99.9   n/a   1   27  1.30M   13   18  58%  81.9M    n/a  n/a
   3   61 |   7 1.0   19   8.3M  138  576  80%    10M |  99.9   n/a   1   27  1.21M   13   19  59%  81.9M    n/a  n/a
   3   62 |   7 1.0   19   8.3M  142  672  82%    10M |  99.9   n/a   1   27  1.07M   11   17  60%  81.9M    n/a  n/a
   3   63 |   7 1.0   19   8.2M  136  586  81%    10M |  99.9   n/a   1   27  1.43M   16   16  50%  81.9M    n/a  n/a
   4   64 |   7 1.0   19   4.7M  121  661  84%    10M |  99.9   n/a   1   27   439k    6   20  76%  81.9M    n/a  n/a
   4   65 |   7 1.0   19   4.7M  116  616  84%    10M |  99.9   ovl   1   27   680k   11   16  59%  81.9M  -852n  n/a
   4   66 |   7 1.0   19   5.0M  130  556  81%    10M |  99.9   n/a   1   27   357k    5   19  79%  81.9M    n/a  n/a
   4   67 |   7 1.0   19   4.6M  112  609  84%    10M |  99.9   ovl   1   27   623k   10   15  60%  81.9M   423n  n/a
   4   68 |   7 1.0   19   5.0M  127  641  83%    10M |  99.9   n/a   1   27   239k    4   18  81%  81.9M    n/a  n/a
   4   69 |   7 1.0   19   4.6M  115  589  83%    10M |  99.9   n/a   1   27   475k    7   18  72%  81.9M    n/a  n/a
   4   6a |   7 1.0   19   4.7M  114  609  84%    10M |  99.9   n/a   1   27   355k    6   17  73%  81.9M    n/a  n/a
   4   6b |   7 1.0   19   4.7M  121  689  85%    10M |  99.9   n/a   1   27   405k    6   19  76%  81.9M    n/a  n/a

          |--------------------DL---------------------|-------------------------------UL-----------------------------
 pci rnti | cqi  ri  mcs  brate   ok  nok  (%)  dl_bs | pusch  rsrp  ri  mcs  brate   ok  nok  (%)    bsr     ta  phr
   0   44 |   7 1.0   19    11M  195  528  73%    10M |  99.9   ovl   1   27  2.43M   23   17  42%  81.9M  -606n  n/a
   0   45 |   7 1.0   19    11M  182  514  73%    10M |  99.9   ovl   1   27  1.57M   16   20  55%  81.9M   238n  n/a
   0   46 |   7 1.0   19    11M  191  453  70%    10M |  99.9   ovl   1   27  2.63M   26   16  38%  81.9M  -220n  n/a
   0   47 |   7 1.0   19    11M  179  466  72%    10M |  99.9   ovl   1   27  2.25M   23   22  48%  81.9M   314n  n/a
   0   48 |   7 1.0   19    11M  197  466  70%    10M |  99.9   ovl   1   27  2.81M   28   16  36%  81.9M  -254n  n/a
   0   49 |   7 1.0   19    11M  183  506  73%    10M |  99.9   ovl   1   27  2.21M   22   22  50%  81.9M   263n  n/a
   0   4a |   7 1.0   19    12M  193  487  71%    10M |  99.9   ovl   1   27  2.21M   23   10  30%  81.9M  -448n  n/a
   0   4b |   7 1.0   19    11M  181  470  72%    10M |  99.9   n/a   1   27  1.96M   19   22  53%  81.9M    n/a  n/a
   1   4c |   7 1.0   19    11M  201  454  69%    10M |  99.9   n/a   1   27  2.34M   23   15  39%  81.9M    n/a  n/a
   1   4d |   7 1.0   19    10M  169  523  75%    10M |  99.9   n/a   1   27  2.37M   24   20  45%  81.9M    n/a  n/a
   1   4e |   7 1.0   19    11M  185  477  72%    10M |  99.9   n/a   1   27  2.50M   24   22  47%  81.9M    n/a  n/a
   1   4f |   7 1.0   19    10M  165  500  75%    10M |  99.9   n/a   1   27  2.17M   23   21  47%  81.9M    n/a  n/a
   1   50 |   7 1.0   19    11M  184  525  74%    10M |  99.9   n/a   1   27  1.23M   13   24  64%  81.9M    n/a  n/a
   1   51 |   7 1.0   19    10M  165  545  76%    10M |  99.9   n/a   1   27  1.68M   17   20  54%  81.9M    n/a  n/a
   1   52 |   7 1.0   19    11M  199  464  69%    10M |  99.9   n/a   1   27  3.63M   35   18  33%  81.9M    n/a  n/a
   1   53 |   7 1.0   19    10M  174  576  76%    10M |  99.9   n/a   1   27  2.21M   24   18  42%  81.9M    n/a  n/a
   2   54 |   7 1.0   19   5.6M  141  556  79%    10M |  99.9   n/a   1   27   286k    4   21  84%  81.9M    n/a  n/a
   2   55 |   7 1.0   19   5.3M  129  584  81%    10M |  99.9   n/a   1   27  1.03M   17   18  51%  81.9M    n/a  n/a
   2   56 |   7 1.0   19   5.2M  140  570  80%    10M |  99.9   n/a   1   27   498k    8   19  70%  81.9M    n/a  n/a
   2   57 |   7 1.0   19   5.4M  133  602  81%    10M |  99.9   n/a   1   27   777k   11   15  57%  81.9M    n/a  n/a
   2   58 |   7 1.0   19   5.3M  136  647  82%    10M |  99.9   n/a   1   27   738k   11   17  60%  81.9M    n/a  n/a
   2   59 |   7 1.0   19   5.4M  142  584  80%    10M |  99.9   n/a   1   27   656k   10   15  60%  81.9M    n/a  n/a
   2   5a |   7 1.0   19   5.3M  136  638  82%    10M |  99.9   n/a   1   27  1.05M   17   15  46%  81.9M    n/a  n/a
   2   5b |   7 1.0   19   5.3M  129  563  81%    10M |  99.9   n/a   1   27   730k   11   19  63%  81.9M    n/a  n/a
   3   5c |   7 1.0   19   9.8M  176  525  74%    10M |  99.9   n/a   1   27  1.38M   13   19  59%  81.9M    n/a  n/a
   3   5d |   7 1.0   19   9.8M  159  504  76%    10M |  99.9   n/a   1   27  1.42M   14   25  64%  81.9M    n/a  n/a
   3   5e |   7 1.0   19   9.6M  169  571  77%    10M |  99.9   n/a   1   27  1.42M   14   20  58%  81.9M    n/a  n/a
   3   5f |   7 1.0   19   9.8M  159  432  73%    10M |  99.9   n/a   1   27  1.09M   11   19  63%  81.9M    n/a  n/a
   3   60 |   7 1.0   19   9.5M  164  626  79%    10M |  99.9   n/a   1   27   885k    9   23  71%  81.9M    n/a  n/a
   3   61 |   7 1.0   19    10M  167  444  72%    10M |  99.9   n/a   1   27  1.18M   12   19  61%  81.9M    n/a  n/a
   3   62 |   7 1.0   19   9.9M  173  572  76%    10M |  99.9   n/a   1   27  1.32M   12   17  58%  81.9M    n/a  n/a
   3   63 |   7 1.0   19   9.8M  158  501  76%    10M |  99.9   n/a   1   27  1.46M   14   18  56%  81.9M    n/a  n/a
   4   64 |   7 1.0   19   8.4M  216  519  70%    10M |  99.9   n/a   1   27   848k   13   22  62%  81.9M    n/a  n/a
   4   65 |   7 1.0   19   8.5M  203  487  70%    10M |  99.9   n/a   1   27  1.34M   21   22  51%  81.9M    n/a  n/a
   4   66 |   7 1.0   19   8.1M  209  550  72%    10M |  99.9   n/a   1   27  1.21M   17   22  56%  81.9M    n/a  n/a
   4   67 |   7 1.0   19   8.6M  213  440  67%    10M |  99.9   ovl   1   27  1.43M   21   21  50%  81.9M  -392n  n/a
   4   68 |   7 1.0   19   8.7M  220  466  67%    10M |  99.9   ovl   1   27  1.45M   24   21  46%  81.9M  -672n  n/a
   4   69 |   7 1.0   19   8.5M  210  412  66%    10M |  99.9   n/a   1   27  1.46M   24   21  46%  81.9M    n/a  n/a
   4   6a |   7 1.0   19   8.4M  208  470  69%    10M |  99.9   ovl   1   27  1.23M   18   24  57%  81.9M   956n  n/a
   4   6b |   7 1.0   19   8.3M  204  447  68%    10M |  99.9   n/a   1   27  1.41M   22   20  47%  81.9M    n/a  n/a
   0   44 |   7 1.0   19   7.8M  142  543  79%    10M |  99.9   ovl   1   27  1.23M   12   16  57%  81.9M  -732n  n/a
   0   45 |   7 1.0   19   7.4M  127  566  81%    10M |  99.9   ovl   1   27  1.12M   11   19  63%  81.9M     8n  n/a
   0   46 |   7 1.0   19   7.4M  122  642  84%    10M |  99.9   ovl   1   27  1.20M   12   12  50%  81.9M   213n  n/a
   0   47 |   7 1.0   19   7.5M  113  614  84%    10M |  99.9   ovl   1   27  1.58M   15   11  42%  81.9M  -210n  n/a
   0   48 |   7 1.0   19   7.6M  135  712  84%    10M |  99.9   n/a   1   27   711k    7   15  68%  81.9M    n/a  n/a
   0   49 |   7 1.0   19   7.4M  121  593  83%    10M |  99.9   ovl   1   27   910k    9   19  67%  81.9M  -216n  n/a
   0   4a |   7 1.0   19   7.8M  136  652  82%    10M |  99.9   ovl   1   27  1.05M    9   20  68%  81.9M    68n  n/a
   0   4b |   7 1.0   19   7.3M  117  557  82%    10M |  99.9   ovl   1   27   914k    9   16  64%  81.9M  -123n  n/a
   1   4c |   7 1.0   19   8.8M  156  589  79%    10M |  99.9   n/a   1   27  1.62M   17   18  51%  81.9M    n/a  n/a
   1   4d |   7 1.0   19   8.7M  154  476  75%    10M |  99.9   n/a   1   27  1.46M   16   18  52%  81.9M    n/a  n/a
   1   4e |   7 1.0   19   8.4M  158  591  78%    10M |  99.9   n/a   1   27  1.61M   16   18  52%  81.9M    n/a  n/a
   1   4f |   7 1.0   19   8.6M  149  544  78%    10M |  99.9   n/a   1   27  1.36M   14   18  56%  81.9M    n/a  n/a
   1   50 |   7 1.0   19   8.6M  153  635  80%    10M |  99.9   n/a   1   27  1.46M   15   18  54%  81.9M    n/a  n/a
   1   51 |   7 1.0   19   8.2M  135  547  80%    10M |  99.9   n/a   1   27  1.43M   13   18  58%  81.9M    n/a  n/a
   1   52 |   7 1.0   19   8.5M  160  601  78%    10M |  99.9   n/a   1   27  1.11M   11   19  63%  81.9M    n/a  n/a
   1   53 |   7 1.0   19   8.4M  139  574  80%    10M |  99.9   n/a   1   27  1.65M   17   19  52%  81.9M    n/a  n/a
   2   54 |   7 1.0   19   7.8M  200  452  69%    10M |  99.9   ovl   1   27  1.83M   27   14  34%  81.9M   269n  n/a
   2   55 |   7 1.0   19   7.7M  205  467  69%    10M |  99.9   ovl   1   27  2.09M   31   13  29%  81.9M   135n  n/a
   2   56 |   7 1.0   19   7.2M  192  597  75%    10M |  99.9   ovl   1   27  1.59M   23   15  39%  81.9M   107n  n/a
   2   57 |   7 1.0   19   7.3M  194  510  72%    10M |  99.9   ovl   1   27  1.82M   28   15  34%  81.9M    95n  n/a
   2   58 |   7 1.0   19   7.7M  205  477  69%    10M |  99.9   ovl   1   27  1.68M   25   18  41%  81.9M   118n  n/a
   2   59 |   7 1.0   19   7.7M  186  476  71%    10M |  99.9   ovl   1   27  2.07M   30   13  30%  81.9M   753n  n/a
   2   5a |   7 1.0   19   8.3M  208  476  69%    10M |  99.9   ovl   1   27  1.92M   27   14  34%  81.9M   188n  n/a
   2   5b |   7 1.0   19   7.6M  187  503  72%    10M |  99.9   ovl   1   27  1.70M   26   11  29%  81.9M   461n  n/a
   3   5c |   7 1.0   19    11M  184  498  73%    10M |  99.9   ovl   1   27  2.51M   25   17  40%  81.9M   165n  n/a
   3   5d |   7 1.0   19    11M  187  439  70%    10M |  99.9   ovl   1   27  2.60M   26   16  38%  81.9M    67n  n/a
   3   5e |   7 1.0   19    11M  188  555  74%    10M |  99.9   ovl   1   27  2.23M   22   19  46%  81.9M    41n  n/a
   3   5f |   7 1.0   19    11M  194  476  71%    10M |  99.9   ovl   1   27  2.02M   20   15  42%  81.9M  -432n  n/a
   3   60 |   7 1.0   19    11M  188  501  72%    10M |  99.9   ovl   1   27  2.67M   25   14  35%  81.9M   773n  n/a
   3   61 |   7 1.0   19    11M  180  413  69%    10M |  99.9   ovl   1   27  3.00M   30   12  28%  81.9M   153n  n/a
   3   62 |   7 1.0   19    11M  190  530  73%    10M |  99.9   ovl   1   27  2.29M   24   15  38%  81.9M  -279n  n/a
   3   63 |   7 1.0   19    11M  183  403  68%    10M |  99.9   ovl   1   27  2.15M   23   16  41%  81.9M  -492n  n/a
   4   64 |   7 1.0   19   3.2M   85  725  89%    10M |  99.9   n/a   1   27   465k    7   20  74%  81.9M    n/a  n/a
   4   65 |   7 1.0   19   3.3M   82  617  88%    10M |  99.9   n/a   1   27   266k    3   16  84%  81.9M    n/a  n/a
   4   66 |   7 1.0   19   3.2M   88  734  89%    10M |  99.9   n/a   1   27   257k    4   19  82%  81.9M    n/a  n/a
   4   67 |   7 1.0   19   3.3M   82  631  88%    10M |  99.9   n/a   1   27   352k    4   13  76%  81.9M    n/a  n/a
   4   68 |   7 1.0   19   3.5M   87  653  88%    10M |  99.9   n/a   1   27   328k    4   12  75%  81.9M    n/a  n/a
   4   69 |   7 1.0   19   3.2M   77  577  88%    10M |  99.9   n/a   1   27   620k    9   14  60%  81.9M    n/a  n/a
   4   6a |   7 1.0   19   3.3M   81  690  89%    10M |  99.9   n/a   1   27   166k    3   15  83%  81.9M    n/a  n/a
   4   6b |   7 1.0   19   3.2M   83  627  88%    10M |  99.9   n/a   1   27  86.0k    1   16  94%  81.9M    n/a  n/a
   0   44 |   7 1.0   19   8.0M  137  654  82%    10M |  99.9   n/a   1   27   881k    9   16  64%  81.9M    n/a  n/a
   0   45 |   7 1.0   19   7.6M  118  565  82%    10M |  99.9   n/a   1   27   944k   10   13  56%  81.9M    n/a  n/a
   0   46 |   7 1.0   19   7.2M  128  687  84%    10M |  99.9   n/a   1   27  1.14M   11   15  57%  81.9M    n/a  n/a
   0   47 |   7 1.0   19   7.3M  124  558  81%    10M |  99.9   n/a   1   27   926k   10   16  61%  81.9M    n/a  n/a
   0   48 |   7 1.0   19   7.9M  141  656  82%    10M |  99.9   n/a   1   27   883k    8   15  65%  81.9M    n/a  n/a
   0   49 |   7 1.0   19   7.3M  118  538  82%    10M |  99.9   n/a   1   27   881k    9   13  59%  81.9M    n/a  n/a
   0   4a |   7 1.0   19   7.1M  128  616  82%    10M |  99.9   n/a   1   27   609k    6   17  73%  81.9M    n/a  n/a
   0   4b |   7 1.0   19   7.6M  122  560  82%    10M |  99.9   n/a   1   27   969k    8   17  68%  81.9M    n/a  n/a

          |--------------------DL---------------------|-------------------------------UL-----------------------------
 pci rnti | cqi  ri  mcs  brate   ok  nok  (%)  dl_bs | pusch  rsrp  ri  mcs  brate   ok  nok  (%)    bsr     ta  phr
   1   4c |   7 1.0   19   8.2M  152  550  78%    10M |  99.9   ovl   1   27  2.01M   20   14  41%  81.9M  -124n  n/a
   1   4d |   7 1.0   19   9.5M  160  498  75%    10M |  99.9   ovl   1   27  1.48M   16   14  46%  81.9M  -266n  n/a
   1   4e |   7 1.0   19   8.6M  162  566  77%    10M |  99.9   ovl   1   27  1.35M   13   17  56%  81.9M  -349n  n/a
   1   4f |   7 1.0   19   9.3M  160  524  76%    10M |  99.9   ovl   1   27  1.59M   17   17  50%  81.9M   -19n  n/a
   1   50 |   7 1.0   19   8.6M  159  560  77%    10M |  99.9   ovl   1   27  1.31M   14   16  53%  81.9M  -345n  n/a
   1   51 |   7 1.0   19   8.7M  158  534  77%    10M |  99.9   ovl   1   27  2.38M   22   14  38%  81.9M   112n  n/a
   1   52 |   7 1.0   19   8.3M  152  569  78%    10M |  99.9   ovl   1   27  1.77M   17   14  45%  81.9M  -225n  n/a
   1   53 |   7 1.0   19   9.4M  167  498  74%    10M |  99.9   ovl   1   27  1.24M   13   18  58%  81.9M  -196n  n/a
   2   54 |   7 1.0   19   6.8M  178  556  75%    10M |  99.9   ovl   1   27  1.49M   21    9  30%  81.9M   159n  n/a
   2   55 |   7 1.0   19   6.6M  160  419  72%    10M |  99.9   ovl   1   27  1.42M   21   10  32%  81.9M   460n  n/a
   2   56 |   7 1.0   19   7.0M  180  490  73%    10M |  99.9   ovl   1   27  1.41M   20   10  33%  81.9M   213n  n/a
   2   57 |   7 1.0   19   7.0M  172  486  73%    10M |  99.9   ovl   1   27  1.20M   19   10  34%  81.9M  -244n  n/a
   2   58 |   7 1.0   19   7.5M  196  455  69%    10M |  99.9   ovl   1   27  1.41M   22   10  31%  81.9M   735n  n/a
   2   59 |   7 1.0   19   6.9M  170  489  74%    10M |  99.9   ovl   1   27  1.77M   27    9  25%  81.9M   289n  n/a
   2   5a |   7 1.0   19   7.1M  180  534  74%    10M |  99.9   ovl   1   27  1.75M   26   11  29%  81.9M  -128n  n/a
   2   5b |   7 1.0   19   6.9M  164  454  73%    10M |  99.9   ovl   1   27  1.38M   22   12  35%  81.9M   416n  n/a
   3   5c |   7 1.0   19    11M  183  517  73%    10M |  99.9   ovl   1   27  2.71M   28   10  26%  81.9M   351n  n/a
   3   5d |   7 1.0   19  10.0M  165  497  75%    10M |  99.9   ovl   1   27  2.40M   25   11  30%  81.9M   133n  n/a
   3   5e |   7 1.0   19    11M  193  456  70%    10M |  99.9   ovl   1   27  2.29M   22    8  26%  81.9M   843n  n/a
   3   5f |   7 1.0   19    10M  170  464  73%    10M |  99.9   ovl   1   27  2.95M   30    8  21%  81.9M    22n  n/a
   3   60 |   7 1.0   19    11M  197  500  71%    10M |  99.9   ovl   1   27  2.46M   24   10  29%  81.9M  -229n  n/a
   3   61 |   7 1.0   19    10M  166  441  72%    10M |  99.9   ovl   1   27  2.94M   33    9  21%  81.9M   334n  n/a
   3   62 |   7 1.0   19    11M  197  399  66%    10M |  99.9   ovl   1   27  2.36M   25    8  24%  81.9M    52n  n/a
   3   63 |   7 1.0   19  10.0M  167  450  72%    10M |  99.9   ovl   1   27  2.20M   23    8  25%  81.9M  -175n  n/a
   4   64 |   7 1.0   19   5.7M  143  603  80%    10M |  99.9   ovl   1   27   676k   10   16  61%  81.9M  -294n  n/a
   4   65 |   7 1.0   19   5.7M  128  620  82%    10M |  99.9   ovl   1   27   856k   13   15  53%  81.9M    69n  n/a
   4   66 |   7 1.0   19   5.8M  149  595  79%    10M |  99.9   ovl   1   27  1.04M   16   13  44%  81.9M  -352n  n/a
   4   67 |   7 1.0   19   5.5M  126  545  81%    10M |  99.9   ovl   1   27   931k   14   21  60%  81.9M  -542n  n/a
   4   68 |   7 1.0   19   5.5M  147  612  80%    10M |  99.9   ovl   1   27   832k   12   19  61%  81.9M  -452n  n/a
   4   69 |   7 1.0   19   5.6M  133  572  81%    10M |  99.9   ovl   1   27  1.02M   15   14  48%  81.9M  -244n  n/a
   4   6a |   7 1.0   19   5.9M  153  672  81%    10M |  99.9   ovl   1   27  1.10M   17   15  46%  81.9M  -169n  n/a
   4   6b |   7 1.0   19   5.4M  135  606  81%    10M |  99.9   ovl   1   27   779k   12   14  53%  81.9M  -235n  n/a
   0   44 |   7 1.0   19   9.6M  167  573  77%    10M |  99.9   ovl   1   27  1.09M   11   16  59%  81.9M  -606n  n/a
   0   45 |   7 1.0   19   9.2M  151  500  76%    10M |  99.9   n/a   1   27  1.04M   11   19  63%  81.9M    n/a  n/a
   0   46 |   7 1.0   19   9.5M  167  562  77%    10M |  99.9   ovl   1   27   914k   10   16  61%  81.9M    36n  n/a
   0   47 |   7 1.0   19   9.3M  151  508  77%    10M |  99.9   n/a   1   27   947k   10   18  64%  81.9M    n/a  n/a
   0   48 |   7 1.0   19   8.9M  154  617  80%    10M |  99.9   ovl   1   27  1.22M   12   19  61%  81.9M  -422n  n/a
   0   49 |   7 1.0   19   9.4M  155  484  75%    10M |  99.9   ovl   1   27  1.16M   11   23  67%  81.9M  -701n  n/a
   0   4a |   7 1.0   19   8.9M  154  622  80%    10M |  99.9   n/a   1   27  1.39M   13   17  56%  81.9M    n/a  n/a
   0   4b |   7 1.0   19   9.4M  151  526  77%    10M |  99.9   n/a   1   27   922k   10   18  64%  81.9M    n/a  n/a
   1   4c |   7 1.0   19    12M  204  520  71%    10M |  99.9   n/a   1   27  2.32M   23   19  45%  81.9M    n/a  n/a
   1   4d |   7 1.0   19    12M  197  483  71%    10M |  99.9   n/a   1   27  2.61M   26   17  39%  81.9M    n/a  n/a
   1   4e |   7 1.0   19    12M  213  499  70%    10M |  99.9   n/a   1   27  1.69M   17   19  52%  81.9M    n/a  n/a
   1   4f |   7 1.0   19    12M  197  481  70%    10M |  99.9   n/a   1   27  1.84M   19   20  51%  81.9M    n/a  n/a
   1   50 |   7 1.0   19    12M  214  490  69%    10M |  99.9   n/a   1   27  3.08M   31   17  35%  81.9M    n/a  n/a
   1   51 |   7 1.0   19    12M  195  489  71%    10M |  99.9   n/a   1   27  2.14M   22   18  45%  81.9M    n/a  n/a
   1   52 |   7 1.0   19    12M  214  499  69%    10M |  99.9   ovl   1   27  3.50M   33   13  28%  81.9M  -149n  n/a
   1   53 |   7 1.0   19    12M  193  505  72%    10M |  99.9   n/a   1   27  2.98M   29   13  30%  81.9M    n/a  n/a
   2   54 |   7 1.0   19   6.1M  157  582  78%    10M |  99.9   ovl   1   27  1.04M   15   23  60%  81.9M   141n  n/a
   2   55 |   7 1.0   19   6.2M  155  519  77%    10M |  99.9   n/a   1   27   939k   14   22  61%  81.9M    n/a  n/a
   2   56 |   7 1.0   19   6.2M  165  569  77%    10M |  99.9   n/a   1   27   849k   12   21  63%  81.9M    n/a  n/a
   2   57 |   7 1.0   19   6.2M  154  489  76%    10M |  99.9   n/a   1   27   948k   14   30  68%  81.9M    n/a  n/a
   2   58 |   7 1.0   19   6.2M  156  540  77%    10M |  99.9   n/a   1   27  1.33M   18   15  45%  81.9M    n/a  n/a
   2   59 |   7 1.0   19   6.3M  164  535  76%    10M |  99.9   n/a   1   27   938k   14   22  61%  81.9M    n/a  n/a
   2   5a |   7 1.0   19   6.5M  167  551  76%    10M |  99.9   ovl   1   27  1.22M   17   19  52%  81.9M  -537n  n/a
   2   5b |   7 1.0   19   6.2M  151  525  77%    10M |  99.9   n/a   1   27  1.12M   16   24  60%  81.9M    n/a  n/a
   3   5c |   7 1.0   19   8.8M  157  547  77%    10M |  99.9   ovl   1   27  1.26M   14   22  61%  81.9M     1u  n/a
   3   5d |   7 1.0   19   8.8M  142  462  76%    10M |  99.9   ovl   1   27  1.43M   15   26  63%  81.9M   136n  n/a
   3   5e |   7 1.0   19   9.1M  171  566  76%    10M |  99.9   ovl   1   27  1.16M   13   21  61%  81.9M   357n  n/a
   3   5f |   7 1.0   19   8.9M  148  470  76%    10M |  99.9   ovl   1   27  2.51M   25   13  34%  81.9M  -132n  n/a
   3   60 |   7 1.0   19   8.7M  142  562  79%    10M |  99.9   ovl   1   27  1.18M   12   20  62%  81.9M    94n  n/a
   3   61 |   7 1.0   19   8.7M  150  505  77%    10M |  99.9   ovl   1   27  1.69M   18   21  53%  81.9M   -38n  n/a
   3   62 |   7 1.0   19   8.9M  154  586  79%    10M |  99.9   ovl   1   27  2.05M   20   20  50%  81.9M  -477n  n/a
   3   63 |   7 1.0   19   8.7M  140  520  78%    10M |  99.9   ovl   1   27  1.16M   11   23  67%  81.9M   417n  n/a
   4   64 |   7 1.0   19   7.1M  172  544  75%    10M |  99.9   n/a   1   27  1.09M   16   18  52%  81.9M    n/a  n/a
   4   65 |   7 1.0   19   6.4M  153  484  75%    10M |  99.9   n/a   1   27   893k   13   19  59%  81.9M    n/a  n/a
   4   66 |   7 1.0   19   7.0M  179  562  75%    10M |  99.9   n/a   1   27   533k    8   21  72%  81.9M    n/a  n/a
   4   67 |   7 1.0   19   6.9M  165  483  74%    10M |  99.9   n/a   1   27   896k   14   21  60%  81.9M    n/a  n/a
   4   68 |   7 1.0   19   6.8M  184  604  76%    10M |  99.9   n/a   1   27   595k    9   19  67%  81.9M    n/a  n/a
   4   69 |   7 1.0   19   6.7M  154  512  76%    10M |  99.9   n/a   1   27   776k   12   17  58%  81.9M    n/a  n/a
   4   6a |   7 1.0   19   6.9M  180  542  75%    10M |  99.9   n/a   1   27   861k   13   16  55%  81.9M    n/a  n/a
   4   6b |   7 1.0   19   6.7M  158  512  76%    10M |  99.9   n/a   1   27   848k   14   23  62%  81.9M    n/a  n/a
   0   44 |   7 1.0   19    10M  190  540  73%    10M |  99.9   n/a   1   27  2.10M   22   22  50%  81.9M    n/a  n/a
   0   45 |   7 1.0   19    11M  171  485  73%    10M |  99.9   n/a   1   27  1.49M   15   22  59%  81.9M    n/a  n/a
   0   46 |   7 1.0   19    10M  190  522  73%    10M |  99.9   n/a   1   27  1.35M   14   17  54%  81.9M    n/a  n/a
   0   47 |   7 1.0   19    11M  178  456  71%    10M |  99.9   n/a   1   27  1.72M   17   22  56%  81.9M    n/a  n/a
   0   48 |   7 1.0   19    10M  184  534  74%    10M |  99.9   n/a   1   27  2.31M   23   20  46%  81.9M    n/a  n/a
   0   49 |   7 1.0   19    10M  172  435  71%    10M |  99.9   n/a   1   27  1.65M   15   19  55%  81.9M    n/a  n/a
   0   4a |   7 1.0   19    10M  184  512  73%    10M |  99.9   n/a   1   27  2.41M   23   18  43%  81.9M    n/a  n/a
   0   4b |   7 1.0   19    11M  177  523  74%    10M |  99.9   n/a   1   27  1.94M   19   22  53%  81.9M    n/a  n/a
   1   4c |   7 1.0   19    12M  215  482  69%    10M |  99.9   n/a   1   27  2.14M   21   14  40%  81.9M    n/a  n/a
   1   4d |   7 1.0   19    12M  197  379  65%    10M |  99.9   n/a   1   27  3.24M   32   16  33%  81.9M    n/a  n/a
   1   4e |   7 1.0   19    11M  208  453  68%    10M |  99.9   n/a   1   27  3.00M   30   13  30%  81.9M    n/a  n/a
   1   4f |   7 1.0   19    12M  191  394  67%    10M |  99.9   n/a   1   27  2.82M   28   13  31%  81.9M    n/a  n/a
   1   50 |   7 1.0   19    12M  192  497  72%    10M |  99.9   n/a   1   27  2.76M   28   12  30%  81.9M    n/a  n/a
   1   51 |   7 1.0   19    11M  193  430  69%    10M |  99.9   n/a   1   27  2.54M   28   19  40%  81.9M    n/a  n/a
   1   52 |   7 1.0   19    12M  206  444  68%    10M |  99.9   n/a   1   27  1.41M   14   21  60%  81.9M    n/a  n/a
   1   53 |   7 1.0   19    11M  190  425  69%    10M |  99.9   n/a   1   27  1.63M   16   18  52%  81.9M    n/a  n/a

          |--------------------DL---------------------|-------------------------------UL-----------------------------
 pci rnti | cqi  ri  mcs  brate   ok  nok  (%)  dl_bs | pusch  rsrp  ri  mcs  brate   ok  nok  (%)    bsr     ta  phr
   2   54 |   7 1.0   19   6.1M  159  563  77%    10M |  99.9   n/a   1   27   888k   14   17  54%  81.9M    n/a  n/a
   2   55 |   7 1.0   19   6.3M  157  502  76%    10M |  99.9   n/a   1   27   942k   16   21  56%  81.9M    n/a  n/a
   2   56 |   7 1.0   19   6.4M  159  541  77%    10M |  99.9   n/a   1   27   929k   15   21  58%  81.9M    n/a  n/a
   2   57 |   7 1.0   19   6.3M  153  496  76%    10M |  99.9   n/a   1   27   546k    9   22  70%  81.9M    n/a  n/a
   2   58 |   7 1.0   19   6.4M  167  582  77%    10M |  99.9   n/a   1   27   805k   12   24  66%  81.9M    n/a  n/a
   2   59 |   7 1.0   19   6.5M  152  484  76%    10M |  99.9   n/a   1   27   503k    9   27  75%  81.9M    n/a  n/a
   2   5a |   7 1.0   19   6.4M  171  581  77%    10M |  99.9   n/a   1   27   945k   13   20  60%  81.9M    n/a  n/a
   2   5b |   7 1.0   19   6.2M  152  474  75%    10M |  99.9   n/a   1   27   732k   13   19  59%  81.9M    n/a  n/a
   3   5c |   7 1.0   19    10M  162  567  77%    10M |  99.9   n/a   1   27  1.27M   12   22  64%  81.9M    n/a  n/a
   3   5d |   7 1.0   19   9.8M  160  462  74%    10M |  99.9   n/a   1   27  1.53M   16   18  52%  81.9M    n/a  n/a
   3   5e |   7 1.0   19   9.1M  160  583  78%    10M |  99.9   n/a   1   27   881k    8   23  74%  81.9M    n/a  n/a
   3   5f |   7 1.0   19   9.4M  163  517  76%    10M |  99.9   n/a   1   27  1.37M   13   20  60%  81.9M    n/a  n/a
   3   60 |   7 1.0   19    10M  180  526  74%    10M |  99.9   n/a   1   27  1.28M   13   17  56%  81.9M    n/a  n/a
   3   61 |   7 1.0   19   9.4M  161  579  78%    10M |  99.9   n/a   1   27  1.10M   11   23  67%  81.9M    n/a  n/a
   3   62 |   7 1.0   19   9.7M  172  524  75%    10M |  99.9   n/a   1   27  1.34M   15   20  57%  81.9M    n/a  n/a
   3   63 |   7 1.0   19   9.8M  168  491  74%    10M |  99.9   ovl   1   27  1.49M   15   22  59%  81.9M  -633n  n/a
   4   64 |   7 1.0   19   6.9M  170  489  74%    10M |  99.9   n/a   1   27   801k   11   20  64%  81.9M    n/a  n/a
   4   65 |   7 1.0   19   6.3M  165  576  77%    10M |  99.9   n/a   1   27   545k    9   21  70%  81.9M    n/a  n/a
   4   66 |   7 1.0   19   6.6M  171  520  75%    10M |  99.9   n/a   1   27  1.04M   16   19  54%  81.9M    n/a  n/a
   4   67 |   7 1.0   19   6.5M  154  512  76%    10M |  99.9   n/a   1   27   619k   10   19  65%  81.9M    n/a  n/a
   4   68 |   7 1.0   19   6.4M  155  608  79%    10M |  99.9   n/a   1   27   697k   11   21  65%  81.9M    n/a  n/a
   4   69 |   7 1.0   19   6.4M  163  548  77%    10M |  99.9   n/a   1   27   621k   10   23  69%  81.9M    n/a  n/a
   4   6a |   7 1.0   19   6.3M  156  547  77%    10M |  99.9   n/a   1   27   866k   13   20  60%  81.9M    n/a  n/a
   4   6b |   7 1.0   19   6.5M  156  519  76%    10M |  99.9   n/a   1   27   726k   11   24  68%  81.9M    n/a  n/a
   0   44 |   7 1.0   19   8.9M  149  541  78%    10M |  99.9   n/a   1   27  1.61M   15   14  48%  81.9M    n/a  n/a
   0   45 |   7 1.0   19   9.5M  146  455  75%    10M |  99.9   n/a   1   27  1.06M   10   18  64%  81.9M    n/a  n/a
   0   46 |   7 1.0   19   8.9M  164  519  75%    10M |  99.9   n/a   1   27  2.01M   18   21  53%  81.9M    n/a  n/a
   0   47 |   7 1.0   19   8.8M  141  500  78%    10M |  99.9   n/a   1   27  1.86M   17   15  46%  81.9M    n/a  n/a
   0   48 |   7 1.0   19   9.2M  157  579  78%    10M |  99.9   n/a   1   27  1.26M   11   20  64%  81.9M    n/a  n/a
   0   49 |   7 1.0   19   9.0M  147  502  77%    10M |  99.9   n/a   1   27   971k   10   21  67%  81.9M    n/a  n/a
   0   4a |   7 1.0   19   9.0M  158  508  76%    10M |  99.9   n/a   1   27  1.98M   19   16  45%  81.9M    n/a  n/a
   0   4b |   7 1.0   19   8.8M  152  504  76%    10M |  99.9   n/a   1   27  1.86M   17   20  54%  81.9M    n/a  n/a
   1   4c |   7 1.0   19   8.3M  157  597  79%    10M |  99.9   n/a   1   27  1.17M   12   16  57%  81.9M    n/a  n/a
   1   4d |   7 1.0   19   8.2M  140  511  78%    10M |  99.9   n/a   1   27   969k   10   19  65%  81.9M    n/a  n/a
   1   4e |   7 1.0   19   8.4M  141  629  81%    10M |  99.9   n/a   1   27  1.62M   16   18  52%  81.9M    n/a  n/a
   1   4f |   7 1.0   19   8.1M  134  533  79%    10M |  99.9   n/a   1   27  1.57M   15   18  54%  81.9M    n/a  n/a
   1   50 |   7 1.0   19   8.1M  147  595  80%    10M |  99.9   n/a   1   27  1.27M   12   26  68%  81.9M    n/a  n/a
   1   51 |   7 1.0   19   8.1M  135  542  80%    10M |  99.9   n/a   1   27   920k   10   19  65%  81.9M    n/a  n/a
   1   52 |   7 1.0   19   8.7M  162  587  78%    10M |  99.9   n/a   1   27   879k   10   19  65%  81.9M    n/a  n/a
   1   53 |   7 1.0   19   8.1M  136  604  81%    10M |  99.9   n/a   1   27  1.40M   14   16  53%  81.9M    n/a  n/a
   2   54 |   7 1.0   19   5.6M  157  579  78%    10M |  99.9   ovl   1   27   470k    6   20  76%  81.9M  -808n  n/a
   2   55 |   7 1.0   19   5.4M  131  529  80%    10M |  99.9   ovl   1   27   351k    6   21  77%  81.9M   814n  n/a
   2   56 |   7 1.0   19   5.6M  132  568  81%    10M |  99.9   n/a   1   27  59.4k    1   26  96%  81.9M    n/a  n/a
   2   57 |   7 1.0   19   5.5M  136  526  79%    10M |  99.9   ovl   1   27   582k    8   24  75%  81.9M  -655n  n/a
   2   58 |   7 1.0   19   5.2M  137  653  82%    10M |  99.9   n/a   1   27   557k    7   19  73%  81.9M    n/a  n/a
   2   59 |   7 1.0   19   5.4M  130  528  80%    10M |  99.9   n/a   1   27   203k    3   22  88%  81.9M    n/a  n/a
   2   5a |   7 1.0   19   5.7M  145  522  78%    10M |  99.9   n/a   1   27   461k    7   24  77%  81.9M    n/a  n/a
   2   5b |   7 1.0   19   5.4M  132  574  81%    10M |  99.9   n/a   1   27   150k    2   23  92%  81.9M    n/a  n/a
   3   5c |   7 1.0   19   9.4M  169  599  77%    10M |  99.9   n/a   1   27  1.46M   14   18  56%  81.9M    n/a  n/a
   3   5d |   7 1.0   19   9.4M  158  504  76%    10M |  99.9   ovl   1   27   850k    9   19  67%  81.9M  -620n  n/a
   3   5e |   7 1.0   19   9.4M  161  557  77%    10M |  99.9   n/a   1   27  1.43M   14   21  60%  81.9M    n/a  n/a
   3   5f |   7 1.0   19   9.6M  164  551  77%    10M |  99.9   ovl   1   27  1.58M   16   18  52%  81.9M  -847n  n/a
   3   60 |   7 1.0   19   9.7M  178  594  76%    10M |  99.9   ovl   1   27  1.35M   14   18  56%  81.9M   896n  n/a
   3   61 |   7 1.0   19   9.6M  164  504  75%    10M |  99.9   n/a   1   27  1.69M   17   18  51%  81.9M    n/a  n/a
   3   62 |   7 1.0   19    11M  175  497  73%    10M |  99.9   n/a   1   27   889k    9   19  67%  81.9M    n/a  n/a
   3   63 |   7 1.0   19   9.5M  167  522  75%    10M |  99.9   ovl   1   27  1.17M   13   22  62%  81.9M    -1u  n/a
   4   64 |   7 1.0   19   6.5M  166  624  78%    10M |  99.9   ovl   1   27   905k   14   22  61%  81.9M  -296n  n/a
   4   65 |   7 1.0   19   6.3M  157  563  78%    10M |  99.9   ovl   1   27   819k   13   24  64%  81.9M    83n  n/a
   4   66 |   7 1.0   19   6.5M  171  568  76%    10M |  99.9   ovl   1   27   373k    6   19  76%  81.9M  -762n  n/a
   4   67 |   7 1.0   19   6.4M  156  518  76%    10M |  99.9   ovl   1   27   927k   13   21  61%  81.9M   146n  n/a
   4   68 |   7 1.0   19   6.4M  168  557  76%    10M |  99.9   ovl   1   27   600k   10   26  72%  81.9M  -839n  n/a
   4   69 |   7 1.0   19   6.5M  158  479  75%    10M |  99.9   ovl   1   27   546k    8   20  71%  81.9M  -910n  n/a
   4   6a |   7 1.0   19   6.3M  158  610  79%    10M |  99.9   ovl   1   27   892k   13   21  61%  81.9M   -91n  n/a
   4   6b |   7 1.0   19   6.4M  157  533  77%    10M |  99.9   ovl   1   27   679k   11   21  65%  81.9M   362n  n/a
   0   44 |   7 1.0   19    12M  219  467  68%    10M |  99.9   ovl   1   27  1.93M   20   15  42%  81.9M  -488n  n/a
   0   45 |   7 1.0   19    12M  207  515  71%    10M |  99.9   ovl   1   27  2.36M   23   18  43%  81.9M   -83n  n/a
   0   46 |   7 1.0   19    13M  229  434  65%    10M |  99.9   ovl   1   27  2.39M   26   20  43%  81.9M  -176n  n/a
   0   47 |   7 1.0   19    12M  213  489  69%    10M |  99.9   ovl   1   27  2.75M   30   15  33%  81.9M    26n  n/a
   0   48 |   7 1.0   19    12M  199  584  74%    10M |  99.9   ovl   1   27  2.49M   25   14  35%  81.9M   417n  n/a
   0   49 |   7 1.0   19    12M  204  429  67%    10M |  99.9   ovl   1   27  3.27M   31   11  26%  81.9M   914n  n/a
   0   4a |   7 1.0   19    12M  206  498  70%    10M |  99.9   ovl   1   27  3.28M   31   17  35%  81.9M   213n  n/a
   0   4b |   7 1.0   19    12M  207  425  67%    10M |  99.9   ovl   1   27  2.77M   27   14  34%  81.9M  -587n  n/a
   1   4c |   7 1.0   19  10.0M  179  523  74%    10M |  99.9   ovl   1   27  1.22M   13   18  58%  81.9M    -1n  n/a
   1   4d |   7 1.0   19   9.8M  166  542  76%    10M |  99.9   ovl   1   27  1.52M   17   16  48%  81.9M  -229n  n/a
   1   4e |   7 1.0   19   9.9M  177  536  75%    10M |  99.9   ovl   1   27  1.19M   12   17  58%  81.9M  -441n  n/a
   1   4f |   7 1.0   19   9.8M  169  502  74%    10M |  99.9   ovl   1   27  1.32M   14   17  54%  81.9M  -312n  n/a
   1   50 |   7 1.0   19   9.4M  167  606  78%    10M |  99.9   ovl   1   27  1.22M   14   18  56%  81.9M   954n  n/a
   1   51 |   7 1.0   19   9.4M  156  577  78%    10M |  99.9   ovl   1   27  1.15M   13   16  55%  81.9M   505n  n/a
   1   52 |   7 1.0   19   9.9M  171  586  77%    10M |  99.9   ovl   1   27  1.14M   11   16  59%  81.9M  -308n  n/a
   1   53 |   7 1.0   19   9.6M  154  534  77%    10M |  99.9   ovl   1   27  1.50M   16   16  50%  81.9M  -208n  n/a
   2   54 |   7 1.0   19   7.7M  203  475  70%    10M |  99.9   ovl   1   27  1.27M   20   18  47%  81.9M   379n  n/a
   2   55 |   7 1.0   19   7.1M  171  486  73%    10M |  99.9   ovl   1   27  1.15M   17   17  50%  81.9M   141n  n/a
   2   56 |   7 1.0   19   7.5M  195  504  72%    10M |  99.9   ovl   1   27  1.34M   19   14  42%  81.9M   464n  n/a
   2   57 |   7 1.0   19   7.1M  176  516  74%    10M |  99.9   ovl   1   27  1.26M   19   16  45%  81.9M  -537n  n/a
   2   58 |   7 1.0   19   7.5M  200  519  72%    10M |  99.9   ovl   1   27  1.47M   20   17  45%  81.9M   896n  n/a
   2   59 |   7 1.0   19   7.0M  180  501  73%    10M |  99.9   ovl   1   27  1.30M   19   18  48%  81.9M  -449n  n/a
   2   5a |   7 1.0   19   7.3M  184  477  72%    10M |  99.9   ovl   1   27  1.29M   21   18  46%  81.9M  -257n  n/a
   2   5b |   7 1.0   19   7.1M  173  471  73%    10M |  99.9   ovl   1   27  1.38M   20   14  41%  81.9M   -70n  n/a

          |--------------------DL---------------------|-------------------------------UL-----------------------------
 pci rnti | cqi  ri  mcs  brate   ok  nok  (%)  dl_bs | pusch  rsrp  ri  mcs  brate   ok  nok  (%)    bsr     ta  phr
   3   5c |   7 1.0   19   9.5M  160  584  78%    10M |  99.9   ovl   1   27  1.49M   16   15  48%  81.9M  -763n  n/a
   3   5d |   7 1.0   19   9.3M  156  601  79%    10M |  99.9   ovl   1   27  1.73M   19   19  50%  81.9M  -294n  n/a
   3   5e |   7 1.0   19   9.8M  181  530  74%    10M |  99.9   ovl   1   27  2.16M   21   17  44%  81.9M  -849n  n/a
   3   5f |   7 1.0   19   9.3M  153  543  78%    10M |  99.9   ovl   1   27  1.80M   17   20  54%  81.9M  -796n  n/a
   3   60 |   7 1.0   19   9.7M  175  535  75%    10M |  99.9   ovl   1   27  2.08M   22   17  43%  81.9M  -418n  n/a
   3   61 |   7 1.0   19   9.2M  150  558  78%    10M |  99.9   ovl   1   27  1.42M   14   18  56%  81.9M  -927n  n/a
   3   62 |   7 1.0   19  10.0M  175  509  74%    10M |  99.9   n/a   1   27  1.46M   16   17  51%  81.9M    n/a  n/a
   3   63 |   7 1.0   19   9.0M  154  597  79%    10M |  99.9   ovl   1   27  1.60M   17   16  48%  81.9M   702n  n/a
   4   64 |   7 1.0   19   6.0M  152  526  77%    10M |  99.9   ovl   1   27   849k   12   15  55%  81.9M  -154n  n/a
   4   65 |   7 1.0   19   5.6M  144  501  77%    10M |  99.9   ovl   1   27  1.17M   18   18  50%  81.9M   -77n  n/a
   4   66 |   7 1.0   19   5.8M  155  603  79%    10M |  99.9   ovl   1   27   858k   13   20  60%  81.9M  -252n  n/a
   4   67 |   7 1.0   19   5.9M  149  519  77%    10M |  99.9   ovl   1   27   716k   10   15  60%  81.9M    21n  n/a
   4   68 |   7 1.0   19   5.7M  150  582  79%    10M |  99.9   ovl   1   27   662k    9   22  70%  81.9M  -793n  n/a
   4   69 |   7 1.0   19   5.8M  141  498  77%    10M |  99.9   ovl   1   27   824k   12   16  57%  81.9M   114n  n/a
   4   6a |   7 1.0   19   6.0M  151  549  78%    10M |  99.9   ovl   1   27   970k   14   14  50%  81.9M  -126n  n/a
   4   6b |   7 1.0   19   5.8M  146  572  79%    10M |  99.9   ovl   1   27  1.16M   17   16  48%  81.9M   -86n  n/a
   0   44 |   7 1.0   19   9.1M  152  603  79%    10M |  99.9   n/a   1   27  2.04M   19   17  47%  81.9M    n/a  n/a
   0   45 |   7 1.0   19   8.9M  146  537  78%    10M |  99.9   n/a   1   27  1.75M   16   17  51%  81.9M    n/a  n/a
   0   46 |   7 1.0   19   9.7M  178  511  74%    10M |  99.9   n/a   1   27  1.38M   14   21  60%  81.9M    n/a  n/a
   0   47 |   7 1.0   19   9.2M  155  523  77%    10M |  99.9   n/a   1   27  1.96M   19   14  42%  81.9M    n/a  n/a
   0   48 |   7 1.0   19   8.8M  154  623  80%    10M |  99.9   n/a   1   27  1.71M   17   17  50%  81.9M    n/a  n/a
   0   49 |   7 1.0   19   9.2M  157  516  76%    10M |  99.9   n/a   1   27  1.72M   18   17  48%  81.9M    n/a  n/a
   0   4a |   7 1.0   19   9.8M  162  526  76%    10M |  99.9   n/a   1   27  1.40M   14   18  56%  81.9M    n/a  n/a
   0   4b |   7 1.0   19   9.4M  150  495  76%    10M |  99.9   n/a   1   27  1.59M   17   17  50%  81.9M    n/a  n/a
   1   4c |   7 1.0   19   8.3M  149  616  80%    10M |  99.9   n/a   1   27  1.60M   15   25  62%  81.9M    n/a  n/a
   1   4d |   7 1.0   19   8.6M  150  541  78%    10M |  99.9   n/a   1   27  1.06M   10   27  72%  81.9M    n/a  n/a
   1   4e |   7 1.0   19   8.6M  153  591  79%    10M |  99.9   n/a   1   27  1.39M   14   24  63%  81.9M    n/a  n/a
   1   4f |   7 1.0   19   8.5M  152  584  79%    10M |  99.9   n/a   1   27   969k   10   22  68%  81.9M    n/a  n/a
   1   50 |   7 1.0   19   8.3M  150  741  83%    10M |  99.9   n/a   1   27  1.07M   10   24  70%  81.9M    n/a  n/a
   1   51 |   7 1.0   19   8.7M  146  549  78%    10M |  99.9   ovl   1   27  1.30M   13   24  64%  81.9M   879n  n/a
   1   52 |   7 1.0   19   8.7M  160  625  79%    10M |  99.9   n/a   1   27  1.32M   13   22  62%  81.9M    n/a  n/a
   1   53 |   7 1.0   19   8.5M  140  585  80%    10M |  99.9   n/a   1   27  1.06M   11   24  68%  81.9M    n/a  n/a
   2   54 |   7 1.0   19   6.6M  176  551  75%    10M |  99.9   n/a   1   27   920k   14   23  62%  81.9M    n/a  n/a
   2   55 |   7 1.0   19   6.6M  158  467  74%    10M |  99.9   n/a   1   27   880k   13   20  60%  81.9M    n/a  n/a
   2   56 |   7 1.0   19   6.4M  161  570  77%    10M |  99.9   n/a   1   27   885k   12   22  64%  81.9M    n/a  n/a
   2   57 |   7 1.0   19   6.3M  159  532  76%    10M |  99.9   n/a   1   27   736k   12   20  62%  81.9M    n/a  n/a
   2   58 |   7 1.0   19   6.5M  173  543  75%    10M |  99.9   n/a   1   27   845k   12   21  63%  81.9M    n/a  n/a
   2   59 |   7 1.0   19   6.5M  158  508  76%    10M |  99.9   n/a   1   27   965k   15   24  61%  81.9M    n/a  n/a
   2   5a |   7 1.0   19   6.9M  173  540  75%    10M |  99.9   n/a   1   27  1.04M   16   18  52%  81.9M    n/a  n/a
   2   5b |   7 1.0   19   6.7M  154  513  76%    10M |  99.9   n/a   1   27  1.19M   18   18  50%  81.9M    n/a  n/a
   3   5c |   7 1.0   19   9.5M  167  573  77%    10M |  99.9   n/a   1   27  1.26M   12   16  57%  81.9M    n/a  n/a
   3   5d |   7 1.0   19   9.6M  160  516  76%    10M |  99.9   ovl   1   27  1.60M   15   17  53%  81.9M  -927n  n/a
   3   5e |   7 1.0   19   9.7M  163  537  76%    10M |  99.9   ovl   1   27  1.45M   14   22  61%  81.9M     1u  n/a
   3   5f |   7 1.0   19   9.9M  165  462  73%    10M |  99.9   n/a   1   27  1.06M   12   21  63%  81.9M    n/a  n/a
   3   60 |   7 1.0   19   9.7M  171  531  75%    10M |  99.9   n/a   1   27  1.45M   14   18  56%  81.9M    n/a  n/a
   3   61 |   7 1.0   19   9.7M  156  503  76%    10M |  99.9   ovl   1   27  2.19M   21   17  44%  81.9M  -797n  n/a
   3   62 |   7 1.0   19    10M  173  531  75%    10M |  99.9   n/a   1   27  1.80M   19   16  45%  81.9M    n/a  n/a
   3   63 |   7 1.0   19   9.5M  166  477  74%    10M |  99.9   n/a   1   27   861k    9   21  70%  81.9M    n/a  n/a
   4   64 |   7 1.0   19   6.5M  156  550  77%    10M |  99.9   ovl   1   27  1.03M   17   19  52%  81.9M  -635n  n/a
   4   65 |   7 1.0   19   6.6M  156  499  76%    10M |  99.9   ovl   1   27   865k   14   20  58%  81.9M  -566n  n/a
   4   66 |   7 1.0   19   6.9M  193  520  72%    10M |  99.9   ovl   1   27   777k   12   23  65%  81.9M    60n  n/a
   4   67 |   7 1.0   19   6.6M  158  476  75%    10M |  99.9   ovl   1   27   878k   14   18  56%  81.9M   176n  n/a
   4   68 |   7 1.0   19   6.6M  166  625  79%    10M |  99.9   ovl   1   27   730k   13   18  58%  81.9M  -134n  n/a
   4   69 |   7 1.0   19   6.7M  158  523  76%    10M |  99.9   ovl   1   27  1.10M   16   20  55%  81.9M   423n  n/a
   4   6a |   7 1.0   19   6.9M  178  476  72%    10M |  99.9   n/a   1   27   844k   12   24  66%  81.9M    n/a  n/a
   4   6b |   7 1.0   19   6.9M  158  444  73%    10M |  99.9   ovl   1   27   943k   14   18  56%  81.9M  -497n  n/a
   0   44 |   7 1.0   19   8.8M  147  572  79%    10M |  99.9   ovl   1   27  1.41M   14   14  50%  81.9M  -254n  n/a
   0   45 |   7 1.0   19   8.4M  146  605  80%    10M |  99.9   n/a   1   27  2.30M   22   13  37%  81.9M    n/a  n/a
   0   46 |   7 1.0   19   9.4M  163  528  76%    10M |  99.9   ovl   1   27  1.84M   18   15  45%  81.9M  -262n  n/a
   0   47 |   7 1.0   19   8.9M  142  548  79%    10M |  99.9   n/a   1   27  1.88M   19   17  47%  81.9M    n/a  n/a
   0   48 |   7 1.0   19   8.8M  149  609  80%    10M |  99.9   ovl   1   27  1.33M   13   16  55%  81.9M  -178n  n/a
   0   49 |   7 1.0   19   8.9M  146  535  78%    10M |  99.9   ovl   1   27  1.36M   13   16  55%  81.9M   440n  n/a
   0   4a |   7 1.0   19   9.5M  173  555  76%    10M |  99.9   ovl   1   27  1.43M   14   14  50%  81.9M  -171n  n/a
   0   4b |   7 1.0   19   8.6M  149  495  76%    10M |  99.9   ovl   1   27  1.51M   15   18  54%  81.9M  -704n  n/a
   1   4c |   7 1.0   19    10M  182  559  75%    10M |  99.9   n/a   1   27  1.32M   13   17  56%  81.9M    n/a  n/a
   1   4d |   7 1.0   19   9.7M  153  479  75%    10M |  99.9   ovl   1   27  1.26M   12   16  57%  81.9M   861n  n/a
   1   4e |   7 1.0   19   9.6M  156  569  78%    10M |  99.9   ovl   1   27  1.35M   13   17  56%  81.9M  -477n  n/a
   1   4f |   7 1.0   19   9.5M  163  524  76%    10M |  99.9   ovl   1   27  1.14M   12   17  58%  81.9M     1u  n/a
   1   50 |   7 1.0   19   9.4M  165  525  76%    10M |  99.9   ovl   1   27  1.70M   16   17  51%  81.9M  -342n  n/a
   1   51 |   7 1.0   19   9.8M  162  511  75%    10M |  99.9   n/a   1   27  1.17M   11   16  59%  81.9M    n/a  n/a
   1   52 |   7 1.0   19   9.6M  173  585  77%    10M |  99.9   ovl   1   27   996k   10   17  62%  81.9M    18n  n/a
   1   53 |   7 1.0   19   9.4M  157  543  77%    10M |  99.9   ovl   1   27  1.05M   10   17  62%  81.9M   408n  n/a
   2   54 |   7 1.0   19   6.5M  174  534  75%    10M |  99.9   n/a   1   27  1.05M   18   15  45%  81.9M    n/a  n/a
   2   55 |   7 1.0   19   6.6M  161  529  76%    10M |  99.9   n/a   1   27  1.30M   18   16  47%  81.9M    n/a  n/a
   2   56 |   7 1.0   19   6.7M  171  507  74%    10M |  99.9   n/a   1   27  1.12M   18   17  48%  81.9M    n/a  n/a
   2   57 |   7 1.0   19   6.3M  159  497  75%    10M |  99.9   n/a   1   27  1.26M   20   15  42%  81.9M    n/a  n/a
   2   58 |   7 1.0   19   6.8M  185  578  75%    10M |  99.9   n/a   1   27  1.13M   18   19  51%  81.9M    n/a  n/a
   2   59 |   7 1.0   19   6.5M  147  487  76%    10M |  99.9   n/a   1   27  1.21M   19   16  45%  81.9M    n/a  n/a
   2   5a |   7 1.0   19   6.3M  151  625  80%    10M |  99.9   n/a   1   27   948k   15   19  55%  81.9M    n/a  n/a
   2   5b |   7 1.0   19   6.4M  153  502  76%    10M |  99.9   n/a   1   27  1.09M   17   19  52%  81.9M    n/a  n/a
   3   5c |   7 1.0   19   7.5M  137  661  82%    10M |  99.9   ovl   1   27  1.22M   12   21  63%  81.9M  -892n  n/a
   3   5d |   7 1.0   19   7.8M  124  537  81%    10M |  99.9   n/a   1   27   877k    9   17  65%  81.9M    n/a  n/a
   3   5e |   7 1.0   19   7.2M  129  686  84%    10M |  99.9   n/a   1   27  1.05M   11   16  59%  81.9M    n/a  n/a
   3   5f |   7 1.0   19   7.6M  124  581  82%    10M |  99.9   n/a   1   27  1.13M   11   19  63%  81.9M    n/a  n/a
   3   60 |   7 1.0   19   7.8M  141  609  81%    10M |  99.9   ovl   1   27  1.47M   14   17  54%  81.9M  -620n  n/a
   3   61 |   7 1.0   19   7.9M  131  541  80%    10M |  99.9   n/a   1   27  1.22M   12   19  61%  81.9M    n/a  n/a
   3   62 |   7 1.0   19   7.5M  127  654  83%    10M |  99.9   ovl   1   27   611k    7   16  69%  81.9M  -620n  n/a
   3   63 |   7 1.0   19   7.6M  137  606  81%    10M |  99.9   n/a   1   27   807k    8   23  74%  81.9M    n/a  n/a

          |--------------------DL---------------------|-------------------------------UL-----------------------------
 pci rnti | cqi  ri  mcs  brate   ok  nok  (%)  dl_bs | pusch  rsrp  ri  mcs  brate   ok  nok  (%)    bsr     ta  phr
   4   64 |   7 1.0   19   5.3M  141  628  81%    10M |  99.9   ovl   1   27   640k   10   15  60%  81.9M  -680n  n/a
   4   65 |   7 1.0   19   5.4M  129  531  80%    10M |  99.9   ovl   1   27   676k   10   21  67%  81.9M  -970n  n/a
   4   66 |   7 1.0   19   5.2M  132  674  83%    10M |  99.9   ovl   1   27   836k   12   17  58%  81.9M    71n  n/a
   4   67 |   7 1.0   19   5.3M  130  552  80%    10M |  99.9   ovl   1   27   943k   13   14  51%  81.9M   423n  n/a
   4   68 |   7 1.0   19   5.3M  134  596  81%    10M |  99.9   ovl   1   27   551k    8   18  69%  81.9M     8n  n/a
   4   69 |   7 1.0   19   5.3M  129  552  81%    10M |  99.9   ovl   1   27   864k   13   18  58%  81.9M  -508n  n/a
   4   6a |   7 1.0   19   5.3M  139  596  81%    10M |  99.9   ovl   1   27   656k   10   19  65%  81.9M  -508n  n/a
   4   6b |   7 1.0   19   5.2M  134  576  81%    10M |  99.9   ovl   1   27   721k   10   18  64%  81.9M  -307n  n/a
   0   44 |   7 1.0   19   9.6M  166  539  76%    10M |  99.9   n/a   1   27  1.61M   16   16  50%  81.9M    n/a  n/a
   0   45 |   7 1.0   19   8.9M  151  548  78%    10M |  99.9   n/a   1   27  1.32M   14   21  60%  81.9M    n/a  n/a
   0   46 |   7 1.0   19   8.8M  153  568  78%    10M |  99.9   n/a   1   27  1.26M   14   18  56%  81.9M    n/a  n/a
   0   47 |   7 1.0   19   8.6M  134  541  80%    10M |  99.9   n/a   1   27  1.52M   14   16  53%  81.9M    n/a  n/a
   0   48 |   7 1.0   19   9.6M  164  541  76%    10M |  99.9   n/a   1   27  1.64M   16   14  46%  81.9M    n/a  n/a
   0   49 |   7 1.0   19   9.0M  144  521  78%    10M |  99.9   n/a   1   27  1.04M   11   19  63%  81.9M    n/a  n/a
   0   4a |   7 1.0   19   8.6M  148  640  81%    10M |  99.9   ovl   1   27  1.34M   13   17  56%  81.9M    17n  n/a
   0   4b |   7 1.0   19   8.9M  137  509  78%    10M |  99.9   n/a   1   27   932k   10   16  61%  81.9M    n/a  n/a
   1   4c |   7 1.0   19   7.7M  132  608  82%    10M |  99.9   n/a   1   27  1.35M   14   23  62%  81.9M    n/a  n/a
   1   4d |   7 1.0   19   7.7M  138  568  80%    10M |  99.9   n/a   1   27  1.16M   11   25  69%  81.9M    n/a  n/a
   1   4e |   7 1.0   19   8.3M  160  552  77%    10M |  99.9   n/a   1   27   816k    8   22  73%  81.9M    n/a  n/a
   1   4f |   7 1.0   19   7.9M  132  526  79%    10M |  99.9   n/a   1   27   889k    9   21  70%  81.9M    n/a  n/a
   1   50 |   7 1.0   19   7.8M  133  589  81%    10M |  99.9   n/a   1   27  1.09M   11   27  71%  81.9M    n/a  n/a
   1   51 |   7 1.0   19   7.6M  129  553  81%    10M |  99.9   n/a   1   27  1.12M   11   23  67%  81.9M    n/a  n/a
   1   52 |   7 1.0   19   7.9M  135  559  80%    10M |  99.9   n/a   1   27   707k    8   25  75%  81.9M    n/a  n/a
   1   53 |   7 1.0   19   7.8M  128  572  81%    10M |  99.9   n/a   1   27   887k    9   22  70%  81.9M    n/a  n/a
   2   54 |   7 1.0   19   4.4M  128  728  85%    10M |  99.9   n/a   1   27   187k    3   22  88%  81.9M    n/a  n/a
   2   55 |   7 1.0   19   4.4M  110  559  83%    10M |  99.9   n/a   1   27   289k    5   26  83%  81.9M    n/a  n/a
   2   56 |   7 1.0   19   4.8M  126  638  83%    10M |  99.9   n/a   1   27   314k    4   23  85%  81.9M    n/a  n/a
   2   57 |   7 1.0   19   4.6M  106  529  83%    10M |  99.9   n/a   1   27   364k    6   22  78%  81.9M    n/a  n/a
   2   58 |   7 1.0   19   4.6M  121  676  84%    10M |  99.9   n/a   1   27   306k    5   18  78%  81.9M    n/a  n/a
   2   59 |   7 1.0   19   4.6M  110  553  83%    10M |  99.9   n/a   1   27  52.2k    1   22  95%  81.9M    n/a  n/a
   2   5a |   7 1.0   19   4.8M  123  595  82%    10M |  99.9   n/a   1   27   180k    2   23  92%  81.9M    n/a  n/a
   2   5b |   7 1.0   19   4.5M  111  592  84%    10M |  99.9   n/a   1   27   252k    4   23  85%  81.9M    n/a  n/a
   3   5c |   7 1.0   19   9.0M  162  585  78%    10M |  99.9   n/a   1   27  1.25M   14   17  54%  81.9M    n/a  n/a
   3   5d |   7 1.0   19   8.6M  143  543  79%    10M |  99.9   n/a   1   27  1.53M   15   18  54%  81.9M    n/a  n/a
   3   5e |   7 1.0   19   9.2M  180  579  76%    10M |  99.9   ovl   1   27  1.63M   16   17  51%  81.9M  -202n  n/a
   3   5f |   7 1.0   19   8.8M  143  526  78%    10M |  99.9   ovl   1   27  1.77M   18   12  40%  81.9M  -892n  n/a
   3   60 |   7 1.0   19   9.2M  167  555  76%    10M |  99.9   n/a   1   27  1.25M   13   16  55%  81.9M    n/a  n/a
   3   61 |   7 1.0   19   8.5M  137  580  80%    10M |  99.9   n/a   1   27  1.02M   12   18  60%  81.9M    n/a  n/a
   3   62 |   7 1.0   19   8.8M  160  572  78%    10M |  99.9   ovl   1   27  1.19M   11   19  63%  81.9M    66n  n/a
   3   63 |   7 1.0   19   8.6M  142  555  79%    10M |  99.9   n/a   1   27  1.52M   15   14  48%  81.9M    n/a  n/a
   4   64 |   7 1.0   19   7.8M  204  525  72%    10M |  99.9   ovl   1   27  1.20M   16   22  57%  81.9M     8n  n/a
   4   65 |   7 1.0   19   7.4M  178  486  73%    10M |  99.9   ovl   1   27  1.22M   18   22  55%  81.9M   -66n  n/a
   4   66 |   7 1.0   19   7.3M  188  549  74%    10M |  99.9   ovl   1   27   959k   15   25  62%  81.9M  -452n  n/a
   4   67 |   7 1.0   19   7.4M  178  473  72%    10M |  99.9   ovl   1   27  1.22M   18   23  56%  81.9M  -525n  n/a
   4   68 |   7 1.0   19   7.2M  187  529  73%    10M |  99.9   ovl   1   27  1.21M   18   22  55%  81.9M   611n  n/a
   4   69 |   7 1.0   19   7.3M  173  503  74%    10M |  99.9   ovl   1   27  1.16M   16   20  55%  81.9M  -478n  n/a
   4   6a |   7 1.0   19   7.6M  190  522  73%    10M |  99.9   ovl   1   27   908k   14   20  58%  81.9M   187n  n/a
   4   6b |   7 1.0   19   7.0M  175  532  75%    10M |  99.9   ovl   1   27  1.00M   15   20  57%  81.9M  -776n  n/a
   0   44 |   7 1.0   19    11M  187  541  74%    10M |  99.9   n/a   1   27  1.84M   19   18  48%  81.9M    n/a  n/a
   0   45 |   7 1.0   19    11M  184  514  73%    10M |  99.9   n/a   1   27  1.80M   18   19  51%  81.9M    n/a  n/a
   0   46 |   7 1.0   19    11M  187  569  75%    10M |  99.9   n/a   1   27  1.43M   14   18  56%  81.9M    n/a  n/a
   0   47 |   7 1.0   19    11M  174  493  73%    10M |  99.9   n/a   1   27  1.78M   17   18  51%  81.9M    n/a  n/a
   0   48 |   7 1.0   19    11M  185  516  73%    10M |  99.9   n/a   1   27  1.58M   15   18  54%  81.9M    n/a  n/a
   0   49 |   7 1.0   19    11M  178  465  72%    10M |  99.9   n/a   1   27  2.49M   26   15  36%  81.9M    n/a  n/a
   0   4a |   7 1.0   19    11M  194  501  72%    10M |  99.9   n/a   1   27  1.36M   13   20  60%  81.9M    n/a  n/a
   0   4b |   7 1.0   19    11M  180  502  73%    10M |  99.9   n/a   1   27  2.59M   25   18  41%  81.9M    n/a  n/a
   1   4c |   7 1.0   19   8.5M  159  561  77%    10M |  99.9   n/a   1   27   836k    9   24  72%  81.9M    n/a  n/a
   1   4d |   7 1.0   19   8.8M  152  580  79%    10M |  99.9   n/a   1   27   670k    7   23  76%  81.9M    n/a  n/a
   1   4e |   7 1.0   19   8.5M  153  616  80%    10M |  99.9   n/a   1   27   861k    9   25  73%  81.9M    n/a  n/a
   1   4f |   7 1.0   19   9.0M  144  503  77%    10M |  99.9   n/a   1   27   875k    9   21  70%  81.9M    n/a  n/a
   1   50 |   7 1.0   19   8.9M  151  603  79%    10M |  99.9   n/a   1   27   660k    7   27  79%  81.9M    n/a  n/a
   1   51 |   7 1.0   19   8.9M  144  555  79%    10M |  99.9   n/a   1   27   803k    9   21  70%  81.9M    n/a  n/a
   1   52 |   7 1.0   19   8.9M  161  618  79%    10M |  99.9   n/a   1   27   676k    7   22  75%  81.9M    n/a  n/a
   1   53 |   7 1.0   19   8.8M  153  519  77%    10M |  99.9   n/a   1   27   969k    9   23  71%  81.9M    n/a  n/a
   2   54 |   7 1.0   19   5.7M  152  631  80%    10M |  99.9   n/a   1   27   522k    8   15  65%  81.9M    n/a  n/a
   2   55 |   7 1.0   19   5.6M  143  515  78%    10M |  99.9   n/a   1   27   396k    6   18  75%  81.9M    n/a  n/a
   2   56 |   7 1.0   19   5.7M  147  604  80%    10M |  99.9   n/a   1   27   413k    6   19  76%  81.9M    n/a  n/a
   2   57 |   7 1.0   19   5.8M  145  568  79%    10M |  99.9   n/a   1   27   291k    4   21  84%  81.9M    n/a  n/a
   2   58 |   7 1.0   19   5.6M  143  601  80%    10M |  99.9   n/a   1   27   273k    4   19  82%  81.9M    n/a  n/a
   2   59 |   7 1.0   19   5.6M  143  581  80%    10M |  99.9   n/a   1   27   405k    6   16  72%  81.9M    n/a  n/a
   2   5a |   7 1.0   19   5.6M  150  627  80%    10M |  99.9   n/a   1   27   402k    7   18  72%  81.9M    n/a  n/a
   2   5b |   7 1.0   19   5.7M  138  597  81%    10M |  99.9   n/a   1   27   307k    5   17  77%  81.9M    n/a  n/a
   3   5c |   7 1.0   19   9.8M  169  481  74%    10M |  99.9   n/a   1   27  2.17M   22   13  37%  81.9M    n/a  n/a
   3   5d |   7 1.0   19   9.9M  154  455  74%    10M |  99.9   n/a   1   27  1.38M   15   23  60%  81.9M    n/a  n/a
   3   5e |   7 1.0   19   9.5M  175  508  74%    10M |  99.9   n/a   1   27  1.87M   19   16  45%  81.9M    n/a  n/a
   3   5f |   7 1.0   19   9.7M  158  438  73%    10M |  99.9   n/a   1   27  1.84M   19   15  44%  81.9M    n/a  n/a
   3   60 |   7 1.0   19    10M  181  475  72%    10M |  99.9   n/a   1   27  1.82M   18   11  37%  81.9M    n/a  n/a
   3   61 |   7 1.0   19  10.0M  160  443  73%    10M |  99.9   n/a   1   27  2.16M   22   18  45%  81.9M    n/a  n/a
   3   62 |   7 1.0   19    10M  171  548  76%    10M |  99.9   n/a   1   27  1.87M   21   16  43%  81.9M    n/a  n/a
   3   63 |   7 1.0   19  10.0M  156  489  75%    10M |  99.9   n/a   1   27  1.18M   12   16  57%  81.9M    n/a  n/a
   4   64 |   7 1.0   19   5.5M  139  593  81%    10M |  99.9   n/a   1   27   608k    9   17  65%  81.9M    n/a  n/a
   4   65 |   7 1.0   19   5.3M  129  547  80%    10M |  99.9   n/a   1   27   647k   11   24  68%  81.9M    n/a  n/a
   4   66 |   7 1.0   19   5.7M  146  599  80%    10M |  99.9   n/a   1   27   683k   11   19  63%  81.9M    n/a  n/a
   4   67 |   7 1.0   19   5.4M  131  542  80%    10M |  99.9   n/a   1   27   617k    9   23  71%  81.9M    n/a  n/a
   4   68 |   7 1.0   19   5.4M  135  617  82%    10M |  99.9   n/a   1   27   673k   11   26  70%  81.9M    n/a  n/a
   4   69 |   7 1.0   19   5.4M  129  524  80%    10M |  99.9   n/a   1   27   637k   10   22  68%  81.9M    n/a  n/a
   4   6a |   7 1.0   19   5.3M  130  553  80%    10M |  99.9   n/a   1   27   852k   14   17  54%  81.9M    n/a  n/a
   4   6b |   7 1.0   19   5.5M  128  527  80%    10M |  99.9   n/a   1   27   751k   12   22  64%  81.9M    n/a  n/a

          |--------------------DL---------------------|-------------------------------UL-----------------------------
 pci rnti | cqi  ri  mcs  brate   ok  nok  (%)  dl_bs | pusch  rsrp  ri  mcs  brate   ok  nok  (%)    bsr     ta  phr
   0   44 |   7 1.0   19    11M  190  464  70%    10M |  99.9   n/a   1   27  1.78M   18   21  53%  81.9M    n/a  n/a
   0   45 |   7 1.0   19    11M  176  489  73%    10M |  99.9   n/a   1   27  1.27M   12   18  60%  81.9M    n/a  n/a
   0   46 |   7 1.0   19    11M  200  516  72%    10M |  99.9   n/a   1   27  1.95M   21   19  47%  81.9M    n/a  n/a
   0   47 |   7 1.0   19    11M  173  474  73%    10M |  99.9   n/a   1   27  3.62M   37   18  32%  81.9M    n/a  n/a
   0   48 |   7 1.0   19    11M  182  466  71%    10M |  99.9   n/a   1   27  2.59M   26   14  35%  81.9M    n/a  n/a
   0   49 |   7 1.0   19    11M  175  470  72%    10M |  99.9   n/a   1   27  2.10M   21   18  46%  81.9M    n/a  n/a
   0   4a |   7 1.0   19    11M  169  467  73%    10M |  99.9   n/a   1   27  1.67M   16   21  56%  81.9M    n/a  n/a
   0   4b |   7 1.0   19    11M  179  415  69%    10M |  99.9   n/a   1   27  2.52M   25   17  40%  81.9M    n/a  n/a
   1   4c |   7 1.0   19   9.7M  169  536  76%    10M |  99.9   n/a   1   27   914k    9   25  73%  81.9M    n/a  n/a
   1   4d |   7 1.0   19   9.6M  161  524  76%    10M |  99.9   n/a   1   27   816k    8   25  75%  81.9M    n/a  n/a
   1   4e |   7 1.0   19   9.5M  168  579  77%    10M |  99.9   n/a   1   27  1.47M   13   22  62%  81.9M    n/a  n/a
   1   4f |   7 1.0   19   9.3M  152  503  76%    10M |  99.9   n/a   1   27   844k    9   22  70%  81.9M    n/a  n/a
   1   50 |   7 1.0   19   9.9M  164  610  78%    10M |  99.9   n/a   1   27   990k    9   27  75%  81.9M    n/a  n/a
   1   51 |   7 1.0   19   9.6M  164  520  76%    10M |  99.9   n/a   1   27  1.31M   13   25  65%  81.9M    n/a  n/a
   1   52 |   7 1.0   19   9.7M  174  501  74%    10M |  99.9   n/a   1   27  1.27M   12   21  63%  81.9M    n/a  n/a
   1   53 |   7 1.0   19   9.5M  160  557  77%    10M |  99.9   n/a   1   27   707k    7   25  78%  81.9M    n/a  n/a
   2   54 |   7 1.0   19   6.9M  178  520  74%    10M |  99.9   n/a   1   27   972k   15   25  62%  81.9M    n/a  n/a
   2   55 |   7 1.0   19   6.6M  155  500  76%    10M |  99.9   n/a   1   27   549k    9   26  74%  81.9M    n/a  n/a
   2   56 |   7 1.0   19   6.8M  185  569  75%    10M |  99.9   n/a   1   27   758k   12   26  68%  81.9M    n/a  n/a
   2   57 |   7 1.0   19   6.6M  155  511  76%    10M |  99.9   n/a   1   27   553k    8   26  76%  81.9M    n/a  n/a
   2   58 |   7 1.0   19   7.0M  178  598  77%    10M |  99.9   n/a   1   27   902k   13   24  64%  81.9M    n/a  n/a
   2   59 |   7 1.0   19   6.7M  170  565  76%    10M |  99.9   n/a   1   27   673k   10   27  72%  81.9M    n/a  n/a
   2   5a |   7 1.0   19   6.4M  163  505  75%    10M |  99.9   n/a   1   27   950k   16   25  60%  81.9M    n/a  n/a
   2   5b |   7 1.0   19   6.7M  166  461  73%    10M |  99.9   n/a   1   27   974k   15   27  64%  81.9M    n/a  n/a
   3   5c |   7 1.0   19   9.8M  164  479  74%    10M |  99.9   n/a   1   27  1.80M   18   17  48%  81.9M    n/a  n/a
   3   5d |   7 1.0   19    10M  169  477  73%    10M |  99.9   n/a   1   27  1.52M   15   16  51%  81.9M    n/a  n/a
   3   5e |   7 1.0   19    10M  179  479  72%    10M |  99.9   n/a   1   27  1.66M   16   18  52%  81.9M    n/a  n/a
   3   5f |   7 1.0   19    10M  172  442  71%    10M |  99.9   n/a   1   27  1.99M   18   17  48%  81.9M    n/a  n/a
   3   60 |   7 1.0   19    10M  175  480  73%    10M |  99.9   n/a   1   27  1.67M   18   17  48%  81.9M    n/a  n/a
   3   61 |   7 1.0   19    10M  167  431  72%    10M |  99.9   n/a   1   27  2.11M   22   16  42%  81.9M    n/a  n/a
   3   62 |   7 1.0   19    10M  199  514  72%    10M |  99.9   n/a   1   27  1.73M   18   15  45%  81.9M    n/a  n/a
   3   63 |   7 1.0   19  10.0M  165  440  72%    10M |  99.9   n/a   1   27  2.43M   23   22  48%  81.9M    n/a  n/a
   4   64 |   7 1.0   19   7.1M  180  518  74%    10M |  99.9   n/a   1   27   654k    9   24  72%  81.9M    n/a  n/a
   4   65 |   7 1.0   19   7.4M  174  503  74%    10M |  99.9   n/a   1   27   804k   13   23  63%  81.9M    n/a  n/a
   4   66 |   7 1.0   19   7.1M  176  483  73%    10M |  99.9   n/a   1   27   845k   13   25  65%  81.9M    n/a  n/a
   4   67 |   7 1.0   19   7.1M  182  490  72%    10M |  99.9   n/a   1   27   822k   12   23  65%  81.9M    n/a  n/a
   4   68 |   7 1.0   19   7.2M  180  500  73%    10M |  99.9   n/a   1   27   629k    9   26  74%  81.9M    n/a  n/a
   4   69 |   7 1.0   19   7.2M  174  471  73%    10M |  99.9   n/a   1   27   723k   11   21  65%  81.9M    n/a  n/a
   4   6a |   7 1.0   19   7.3M  188  501  72%    10M |  99.9   n/a   1   27   743k   11   23  67%  81.9M    n/a  n/a
   4   6b |   7 1.0   19   7.3M  182  456  71%    10M |  99.9   n/a   1   27   686k   11   25  69%  81.9M    n/a  n/a
   0   44 |   7 1.0   19    10M  173  494  74%    10M |  99.9   n/a   1   27  1.20M   12   16  57%  81.9M    n/a  n/a
   0   45 |   7 1.0   19    10M  164  509  75%    10M |  99.9   n/a   1   27  2.52M   25   18  41%  81.9M    n/a  n/a
   0   46 |   7 1.0   19   9.7M  166  569  77%    10M |  99.9   n/a   1   27  2.04M   20   13  39%  81.9M    n/a  n/a
   0   47 |   7 1.0   19   9.7M  160  510  76%    10M |  99.9   n/a   1   27  2.31M   24   16  40%  81.9M    n/a  n/a
   0   48 |   7 1.0   19    10M  173  490  73%    10M |  99.9   n/a   1   27  1.70M   18   19  51%  81.9M    n/a  n/a
   0   49 |   7 1.0   19    10M  167  468  73%    10M |  99.9   n/a   1   27  1.31M   14   20  58%  81.9M    n/a  n/a
   0   4a |   7 1.0   19   9.8M  172  522  75%    10M |  99.9   n/a   1   27  1.18M   12   17  58%  81.9M    n/a  n/a
   0   4b |   7 1.0   19   9.9M  168  496  74%    10M |  99.9   n/a   1   27  1.46M   14   21  60%  81.9M    n/a  n/a
   1   4c |   7 1.0   19   9.8M  176  588  76%    10M |  99.9   n/a   1   27  1.36M   15   23  60%  81.9M    n/a  n/a
   1   4d |   7 1.0   19   9.7M  161  473  74%    10M |  99.9   n/a   1   27  1.10M   10   22  68%  81.9M    n/a  n/a
   1   4e |   7 1.0   19    10M  173  539  75%    10M |  99.9   n/a   1   27  1.14M   12   20  62%  81.9M    n/a  n/a
   1   4f |   7 1.0   19   9.5M  159  506  76%    10M |  99.9   n/a   1   27  1.07M   11   24  68%  81.9M    n/a  n/a
   1   50 |   7 1.0   19   9.9M  175  679  79%    10M |  99.9   n/a   1   27  1.05M   11   23  67%  81.9M    n/a  n/a
   1   51 |   7 1.0   19   9.6M  157  538  77%    10M |  99.9   n/a   1   27   940k   10   22  68%  81.9M    n/a  n/a
   1   52 |   7 1.0   19   9.8M  179  549  75%    10M |  99.9   n/a   1   27  1.33M   12   23  65%  81.9M    n/a  n/a
   1   53 |   7 1.0   19   9.4M  157  572  78%    10M |  99.9   n/a   1   27  1.25M   13   21  61%  81.9M    n/a  n/a
   2   54 |   7 1.0   19   7.0M  183  599  76%    10M |  99.9   n/a   1   27   930k   15   22  59%  81.9M    n/a  n/a
   2   55 |   7 1.0   19   6.9M  166  475  74%    10M |  99.9   n/a   1   27   777k   13   19  59%  81.9M    n/a  n/a
   2   56 |   7 1.0   19   7.2M  192  596  75%    10M |  99.9   n/a   1   27   875k   13   22  62%  81.9M    n/a  n/a
   2   57 |   7 1.0   19   7.1M  177  461  72%    10M |  99.9   n/a   1   27  1.07M   16   24  60%  81.9M    n/a  n/a
   2   58 |   7 1.0   19   6.9M  176  529  75%    10M |  99.9   n/a   1   27   918k   15   21  58%  81.9M    n/a  n/a
   2   59 |   7 1.0   19   7.0M  172  437  71%    10M |  99.9   n/a   1   27   851k   13   22  62%  81.9M    n/a  n/a
   2   5a |   7 1.0   19   7.3M  183  505  73%    10M |  99.9   n/a   1   27   806k   14   21  60%  81.9M    n/a  n/a
   2   5b |   7 1.0   19   7.2M  170  464  73%    10M |  99.9   n/a   1   27   817k   13   19  59%  81.9M    n/a  n/a
   3   5c |   7 1.0   19   9.7M  173  528  75%    10M |  99.9   n/a   1   27  1.24M   13   15  53%  81.9M    n/a  n/a
   3   5d |   7 1.0   19   9.6M  161  485  75%    10M |  99.9   n/a   1   27  1.28M   14   15  51%  81.9M    n/a  n/a
   3   5e |   7 1.0   19   9.1M  158  541  77%    10M |  99.9   n/a   1   27  2.49M   25   18  41%  81.9M    n/a  n/a
   3   5f |   7 1.0   19   9.9M  155  463  74%    10M |  99.9   n/a   1   27  1.08M   11   16  59%  81.9M    n/a  n/a
   3   60 |   7 1.0   19   9.5M  177  469  72%    10M |  99.9   n/a   1   27  1.91M   20   16  44%  81.9M    n/a  n/a
   3   61 |   7 1.0   19   9.0M  155  512  76%    10M |  99.9   n/a   1   27  1.78M   18   18  50%  81.9M    n/a  n/a
   3   62 |   7 1.0   19   9.5M  167  585  77%    10M |  99.9   n/a   1   27  1.94M   20   17  45%  81.9M    n/a  n/a
   3   63 |   7 1.0   19   9.8M  168  527  75%    10M |  99.9   n/a   1   27  2.14M   23   12  34%  81.9M    n/a  n/a
   4   64 |   7 1.0   19   7.6M  194  543  73%    10M |  99.9   n/a   1   27  1.95M   28   21  42%  81.9M    n/a  n/a
   4   65 |   7 1.0   19   7.3M  175  546  75%    10M |  99.9   n/a   1   27  1.72M   26   18  40%  81.9M    n/a  n/a
   4   66 |   7 1.0   19   7.9M  198  474  70%    10M |  99.9   n/a   1   27  1.50M   23   19  45%  81.9M    n/a  n/a
   4   67 |   7 1.0   19   7.5M  179  540  75%    10M |  99.9   n/a   1   27  1.65M   25   22  46%  81.9M    n/a  n/a
   4   68 |   7 1.0   19   8.0M  192  432  69%    10M |  99.9   n/a   1   27  1.97M   30   19  38%  81.9M    n/a  n/a
   4   69 |   7 1.0   19   7.4M  182  514  73%    10M |  99.9   n/a   1   27  1.82M   27   20  42%  81.9M    n/a  n/a
   4   6a |   7 1.0   19   7.8M  201  460  69%    10M |  99.9   n/a   1   27  1.81M   27   24  47%  81.9M    n/a  n/a
   4   6b |   7 1.0   19   7.7M  184  477  72%    10M |  99.9   n/a   1   27  1.28M   21   23  52%  81.9M    n/a  n/a
   0   44 |   7 1.0   19    11M  204  432  67%    10M |  99.9   ovl   1   27  1.97M   20   15  42%  81.9M   213n  n/a
   0   45 |   7 1.0   19    11M  191  468  71%    10M |  99.9   n/a   1   27  1.19M   11   24  68%  81.9M    n/a  n/a
   0   46 |   7 1.0   19    11M  190  475  71%    10M |  99.9   ovl   1   27  2.76M   28   18  39%  81.9M  -606n  n/a
   0   47 |   7 1.0   19    11M  191  457  70%    10M |  99.9   n/a   1   27  2.20M   22   12  35%  81.9M    n/a  n/a
   0   48 |   7 1.0   19    11M  190  489  72%    10M |  99.9   n/a   1   27  2.26M   22   18  45%  81.9M    n/a  n/a
   0   49 |   7 1.0   19    11M  191  439  69%    10M |  99.9   ovl   1   27  2.03M   21   21  50%  81.9M    36n  n/a
   0   4a |   7 1.0   19    11M  188  440  70%    10M |  99.9   n/a   1   27  1.80M   18   20  52%  81.9M    n/a  n/a
   0   4b |   7 1.0   19    11M  188  408  68%    10M |  99.9   n/a   1   27  2.53M   26   14  35%  81.9M    n/a  n/a

          |--------------------DL---------------------|-------------------------------UL-----------------------------
 pci rnti | cqi  ri  mcs  brate   ok  nok  (%)  dl_bs | pusch  rsrp  ri  mcs  brate   ok  nok  (%)    bsr     ta  phr
   1   4c |   7 1.0   19    10M  188  563  74%    10M |  99.9   n/a   1   27  1.42M   15   21  58%  81.9M    n/a  n/a
   1   4d |   7 1.0   19   9.6M  166  535  76%    10M |  99.9   n/a   1   27  1.17M   12   21  63%  81.9M    n/a  n/a
   1   4e |   7 1.0   19   9.8M  172  546  76%    10M |  99.9   n/a   1   27  1.51M   16   26  61%  81.9M    n/a  n/a
   1   4f |   7 1.0   19   9.7M  159  507  76%    10M |  99.9   n/a   1   27  1.13M   12   20  62%  81.9M    n/a  n/a
   1   50 |   7 1.0   19    10M  170  587  77%    10M |  99.9   n/a   1   27  1.32M   14   19  57%  81.9M    n/a  n/a
   1   51 |   7 1.0   19    10M  173  545  75%    10M |  99.9   n/a   1   27  1.51M   16   23  58%  81.9M    n/a  n/a
   1   52 |   7 1.0   19    10M  191  525  73%    10M |  99.9   n/a   1   27  1.80M   18   21  53%  81.9M    n/a  n/a
   1   53 |   7 1.0   19   9.7M  167  530  76%    10M |  99.9   ovl   1   27  1.21M   12   20  62%  81.9M  -225n  n/a
   2   54 |   7 1.0   19   6.9M  176  543  75%    10M |  99.9   n/a   1   27  1.23M   19   22  53%  81.9M    n/a  n/a
   2   55 |   7 1.0   19   6.9M  173  499  74%    10M |  99.9   n/a   1   27   560k    9   30  76%  81.9M    n/a  n/a
   2   56 |   7 1.0   19   7.3M  187  464  71%    10M |  99.9   n/a   1   27  1.18M   18   28  60%  81.9M    n/a  n/a
   2   57 |   7 1.0   19   7.0M  175  552  75%    10M |  99.9   ovl   1   27   941k   13   27  67%  81.9M  -957n  n/a
   2   58 |   7 1.0   19   7.1M  184  584  76%    10M |  99.9   n/a   1   27   950k   14   28  66%  81.9M    n/a  n/a
   2   59 |   7 1.0   19   6.9M  167  487  74%    10M |  99.9   n/a   1   27  1.41M   22   24  52%  81.9M    n/a  n/a
   2   5a |   7 1.0   19   6.9M  180  508  73%    10M |  99.9   n/a   1   27   806k   12   27  69%  81.9M    n/a  n/a
   2   5b |   7 1.0   19   7.0M  172  496  74%    10M |  99.9   n/a   1   27   718k   12   29  70%  81.9M    n/a  n/a
   3   5c |   7 1.0   19    10M  179  530  74%    10M |  99.9   n/a   1   27  2.01M   21   25  54%  81.9M    n/a  n/a
   3   5d |   7 1.0   19    11M  178  444  71%    10M |  99.9   n/a   1   27  1.49M   14   20  58%  81.9M    n/a  n/a
   3   5e |   7 1.0   19    10M  175  526  75%    10M |  99.9   n/a   1   27  2.03M   21   18  46%  81.9M    n/a  n/a
   3   5f |   7 1.0   19    10M  171  479  73%    10M |  99.9   n/a   1   27  1.77M   17   21  55%  81.9M    n/a  n/a
   3   60 |   7 1.0   19    11M  189  512  73%    10M |  99.9   n/a   1   27  1.76M   17   17  50%  81.9M    n/a  n/a
   3   61 |   7 1.0   19   9.8M  164  503  75%    10M |  99.9   n/a   1   27  1.63M   16   18  52%  81.9M    n/a  n/a
   3   62 |   7 1.0   19    11M  199  548  73%    10M |  99.9   n/a   1   27  1.78M   18   17  48%  81.9M    n/a  n/a
   3   63 |   7 1.0   19    11M  174  501  74%    10M |  99.9   n/a   1   27  1.14M   12   22  64%  81.9M    n/a  n/a
   4   64 |   7 1.0   19   6.9M  171  497  74%    10M |  99.9   ovl   1   27   805k   11   19  63%  81.9M   981n  n/a
   4   65 |   7 1.0   19   6.9M  174  499  74%    10M |  99.9   ovl   1   27   797k   13   24  64%  81.9M    -1u  n/a
   4   66 |   7 1.0   19   6.6M  179  577  76%    10M |  99.9   n/a   1   27   761k   11   23  67%  81.9M    n/a  n/a
   4   67 |   7 1.0   19   6.8M  169  504  74%    10M |  99.9   ovl   1   27   741k   11   23  67%  81.9M  -839n  n/a
   4   68 |   7 1.0   19   7.1M  180  558  75%    10M |  99.9   ovl   1   27   792k   11   21  65%  81.9M  -332n  n/a
   4   69 |   7 1.0   19   6.7M  165  514  75%    10M |  99.9   ovl   1   27   755k   11   22  66%  81.9M   972n  n/a
   4   6a |   7 1.0   19   7.0M  179  525  74%    10M |  99.9   ovl   1   27   507k    8   24  75%  81.9M  -389n  n/a
   4   6b |   7 1.0   19   6.9M  166  507  75%    10M |  99.9   ovl   1   27   760k   11   23  67%  81.9M     1u  n/a
   0   44 |   7 1.0   19   9.7M  162  567  77%    10M |  99.9   ovl   1   27  2.12M   21   24  53%  81.9M  -701n  n/a
   0   45 |   7 1.0   19   9.3M  158  535  77%    10M |  99.9   ovl   1   27  1.82M   20   19  48%  81.9M    36n  n/a
   0   46 |   7 1.0   19   9.5M  168  560  76%    10M |  99.9   n/a   1   27  1.05M   10   19  65%  81.9M    n/a  n/a
   0   47 |   7 1.0   19   9.7M  159  484  75%    10M |  99.9   ovl   1   27  1.72M   17   20  54%  81.9M  -422n  n/a
   0   48 |   7 1.0   19   9.5M  170  517  75%    10M |  99.9   ovl   1   27  2.40M   27   15  35%  81.9M  -606n  n/a
   0   49 |   7 1.0   19    10M  176  551  75%    10M |  99.9   n/a   1   27  2.01M   20   18  47%  81.9M    n/a  n/a
   0   4a |   7 1.0   19  10.0M  183  496  73%    10M |  99.9   n/a   1   27  1.55M   14   19  57%  81.9M    n/a  n/a
   0   4b |   7 1.0   19   9.5M  159  521  76%    10M |  99.9   ovl   1   27  2.01M   21   21  50%  81.9M   213n  n/a
   1   4c |   7 1.0   19    11M  187  499  72%    10M |  99.9   n/a   1   27  1.43M   14   14  50%  81.9M    n/a  n/a
   1   4d |   7 1.0   19    11M  186  461  71%    10M |  99.9   ovl   1   27  2.00M   20   19  48%  81.9M  -477n  n/a
   1   4e |   7 1.0   19    11M  190  525  73%    10M |  99.9   ovl   1   27  1.62M   17   15  46%  81.9M  -225n  n/a
   1   4f |   7 1.0   19    11M  181  462  71%    10M |  99.9   n/a   1   27  1.43M   14   21  60%  81.9M    n/a  n/a
   1   50 |   7 1.0   19    11M  200  516  72%    10M |  99.9   ovl   1   27  1.70M   17   15  46%  81.9M   835n  n/a
   1   51 |   7 1.0   19    11M  192  470  70%    10M |  99.9   ovl   1   27  1.47M   14   14  50%  81.9M  -149n  n/a
   1   52 |   7 1.0   19    11M  181  500  73%    10M |  99.9   n/a   1   27  1.85M   18   17  48%  81.9M    n/a  n/a
   1   53 |   7 1.0   19    11M  184  483  72%    10M |  99.9   n/a   1   27  1.51M   15   17  53%  81.9M    n/a  n/a
   2   54 |   7 1.0   19   6.4M  171  566  76%    10M |  99.9   ovl   1   27  1.15M   17   18  51%  81.9M   644n  n/a
   2   55 |   7 1.0   19   7.1M  166  449  73%    10M |  99.9   ovl   1   27   950k   16   15  48%  81.9M   882n  n/a
   2   56 |   7 1.0   19   7.2M  188  521  73%    10M |  99.9   ovl   1   27  1.12M   15   16  51%  81.9M   242n  n/a
   2   57 |   7 1.0   19   6.8M  167  485  74%    10M |  99.9   ovl   1   27  1.59M   24   15  38%  81.9M   149n  n/a
   2   58 |   7 1.0   19   7.1M  182  581  76%    10M |  99.9   ovl   1   27  1.08M   16   13  44%  81.9M   171n  n/a
   2   59 |   7 1.0   19   6.2M  152  561  78%    10M |  99.9   ovl   1   27  1.08M   16   14  46%  81.9M   494n  n/a
   2   5a |   7 1.0   19   6.7M  186  586  75%    10M |  99.9   ovl   1   27   980k   13   15  53%  81.9M   426n  n/a
   2   5b |   7 1.0   19   7.1M  172  503  74%    10M |  99.9   ovl   1   27  1.23M   18   16  47%  81.9M  -127n  n/a
   3   5c |   7 1.0   19   9.8M  165  499  75%    10M |  99.9   n/a   1   27  1.36M   13   19  59%  81.9M    n/a  n/a
   3   5d |   7 1.0   19   9.5M  158  500  75%    10M |  99.9   n/a   1   27  1.13M   11   24  68%  81.9M    n/a  n/a
   3   5e |   7 1.0   19   9.0M  158  580  78%    10M |  99.9   n/a   1   27  1.02M   11   17  60%  81.9M    n/a  n/a
   3   5f |   7 1.0   19   9.5M  162  499  75%    10M |  99.9   n/a   1   27  1.36M   13   19  59%  81.9M    n/a  n/a
   3   60 |   7 1.0   19    10M  181  499  73%    10M |  99.9   n/a   1   27  1.92M   18   20  52%  81.9M    n/a  n/a
   3   61 |   7 1.0   19   9.4M  165  544  76%    10M |  99.9   n/a   1   27  1.11M   10   25  71%  81.9M    n/a  n/a
   3   62 |   7 1.0   19   9.5M  164  662  80%    10M |  99.9   n/a   1   27  1.63M   16   21  56%  81.9M    n/a  n/a
   3   63 |   7 1.0   19   9.5M  159  497  75%    10M |  99.9   n/a   1   27  1.21M   12   24  66%  81.9M    n/a  n/a
   4   64 |   7 1.0   19   6.1M  156  621  79%    10M |  99.9   n/a   1   27  1.11M   17   25  59%  81.9M    n/a  n/a
   4   65 |   7 1.0   19   6.5M  160  470  74%    10M |  99.9   n/a   1   27   745k   11   23  67%  81.9M    n/a  n/a
   4   66 |   7 1.0   19   6.1M  153  561  78%    10M |  99.9   n/a   1   27  1.02M   16   22  57%  81.9M    n/a  n/a
   4   67 |   7 1.0   19   6.5M  157  552  77%    10M |  99.9   n/a   1   27   870k   13   27  67%  81.9M    n/a  n/a
   4   68 |   7 1.0   19   6.3M  165  604  78%    10M |  99.9   n/a   1   27   897k   14   20  58%  81.9M    n/a  n/a
   4   69 |   7 1.0   19   6.4M  154  492  76%    10M |  99.9   n/a   1   27   856k   12   22  64%  81.9M    n/a  n/a
   4   6a |   7 1.0   19   6.5M  161  532  76%    10M |  99.9   n/a   1   27   901k   14   24  63%  81.9M    n/a  n/a
   4   6b |   7 1.0   19   6.4M  157  503  76%    10M |  99.9   n/a   1   27   998k   14   26  65%  81.9M    n/a  n/a
   0   44 |   7 1.0   19   9.8M  167  525  75%    10M |  99.9   n/a   1   27  1.24M   12   16  57%  81.9M    n/a  n/a
   0   45 |   7 1.0   19    11M  172  439  71%    10M |  99.9   n/a   1   27  1.35M   13   17  56%  81.9M    n/a  n/a
   0   46 |   7 1.0   19    10M  182  555  75%    10M |  99.9   ovl   1   27  1.44M   15   17  53%  81.9M  -178n  n/a
   0   47 |   7 1.0   19    11M  176  489  73%    10M |  99.9   n/a   1   27  2.10M   21   16  43%  81.9M    n/a  n/a
   0   48 |   7 1.0   19    11M  187  500  72%    10M |  99.9   n/a   1   27  1.43M   14   16  53%  81.9M    n/a  n/a
   0   49 |   7 1.0   19    11M  175  473  72%    10M |  99.9   n/a   1   27  1.96M   18   13  41%  81.9M    n/a  n/a
   0   4a |   7 1.0   19    10M  180  540  75%    10M |  99.9   n/a   1   27  1.11M   12   19  61%  81.9M    n/a  n/a
   0   4b |   7 1.0   19    11M  179  451  71%    10M |  99.9   n/a   1   27  2.08M   19   12  38%  81.9M    n/a  n/a
   1   4c |   7 1.0   19   9.7M  167  584  77%    10M |  99.9   ovl   1   27  1.90M   18   23  56%  81.9M  -225n  n/a
   1   4d |   7 1.0   19    10M  164  511  75%    10M |  99.9   n/a   1   27  1.18M   12   20  62%  81.9M    n/a  n/a
   1   4e |   7 1.0   19    10M  182  481  72%    10M |  99.9   n/a   1   27  1.76M   18   20  52%  81.9M    n/a  n/a
   1   4f |   7 1.0   19    10M  173  481  73%    10M |  99.9   n/a   1   27  2.00M   20   20  50%  81.9M    n/a  n/a
   1   50 |   7 1.0   19   9.6M  176  632  78%    10M |  99.9   n/a   1   27  1.27M   13   23  63%  81.9M    n/a  n/a
   1   51 |   7 1.0   19    10M  168  539  76%    10M |  99.9   n/a   1   27  1.42M   15   19  55%  81.9M    n/a  n/a
   1   52 |   7 1.0   19    10M  171  576  77%    10M |  99.9   ovl   1   27  1.34M   13   21  61%  81.9M  -148n  n/a
   1   53 |   7 1.0   19  10.0M  170  555  76%    10M |  99.9   n/a   1   27  1.17M   11   23  67%  81.9M    n/a  n/a

          |--------------------DL---------------------|-------------------------------UL-----------------------------
 pci rnti | cqi  ri  mcs  brate   ok  nok  (%)  dl_bs | pusch  rsrp  ri  mcs  brate   ok  nok  (%)    bsr     ta  phr
   2   54 |   7 1.0   19   6.4M  172  647  78%    10M |  99.9   n/a   1   27  1.98M   30   16  34%  81.9M    n/a  n/a
   2   55 |   7 1.0   19   7.0M  167  474  73%    10M |  99.9   ovl   1   27  1.53M   23   22  48%  81.9M   858n  n/a
   2   56 |   7 1.0   19   7.2M  189  533  73%    10M |  99.9   ovl   1   27  1.34M   20   19  48%  81.9M  -264n  n/a
   2   57 |   7 1.0   19   7.1M  174  487  73%    10M |  99.9   ovl   1   27  1.47M   21   16  43%  81.9M  -327n  n/a
   2   58 |   7 1.0   19   7.4M  200  451  69%    10M |  99.9   n/a   1   27  1.28M   19   18  48%  81.9M    n/a  n/a
   2   59 |   7 1.0   19   7.1M  169  456  72%    10M |  99.9   ovl   1   27  1.26M   18   19  51%  81.9M   385n  n/a
   2   5a |   7 1.0   19   7.2M  181  553  75%    10M |  99.9   n/a   1   27  1.41M   20   22  52%  81.9M    n/a  n/a
   2   5b |   7 1.0   19   7.2M  173  462  72%    10M |  99.9   n/a   1   27  1.61M   23   19  45%  81.9M    n/a  n/a
   3   5c |   7 1.0   19   9.0M  160  531  76%    10M |  99.9   ovl   1   27  1.20M   12   20  62%  81.9M    -1u  n/a
   3   5d |   7 1.0   19   8.4M  143  582  80%    10M |  99.9   ovl   1   27  1.57M   15   19  55%  81.9M    -1u  n/a
   3   5e |   7 1.0   19   8.6M  143  610  81%    10M |  99.9   ovl   1   27   928k    9   25  73%  81.9M   393n  n/a
   3   5f |   7 1.0   19   8.4M  145  571  79%    10M |  99.9   n/a   1   27   885k    9   24  72%  81.9M    n/a  n/a
   3   60 |   7 1.0   19   8.4M  152  572  79%    10M |  99.9   ovl   1   27  1.26M   12   24  66%  81.9M  -892n  n/a
   3   61 |   7 1.0   19   8.3M  147  545  78%    10M |  99.9   n/a   1   27   988k   10   22  68%  81.9M    n/a  n/a
   3   62 |   7 1.0   19   8.4M  151  588  79%    10M |  99.9   ovl   1   27  1.28M   12   25  67%  81.9M  -620n  n/a
   3   63 |   7 1.0   19   8.2M  134  540  80%    10M |  99.9   ovl   1   27  1.35M   13   21  61%  81.9M  -620n  n/a
   4   64 |   7 1.0   19   6.3M  149  641  81%    10M |  99.9   n/a   1   27   711k   10   21  67%  81.9M    n/a  n/a
   4   65 |   7 1.0   19   6.4M  160  517  76%    10M |  99.9   n/a   1   27  1.03M   17   19  52%  81.9M    n/a  n/a
   4   66 |   7 1.0   19   6.5M  166  502  75%    10M |  99.9   n/a   1   27   456k    6   23  79%  81.9M    n/a  n/a
   4   67 |   7 1.0   19   6.7M  160  519  76%    10M |  99.9   n/a   1   27   783k   12   23  65%  81.9M    n/a  n/a
   4   68 |   7 1.0   19   6.4M  167  577  77%    10M |  99.9   n/a   1   27   872k   14   21  60%  81.9M    n/a  n/a
   4   69 |   7 1.0   19   6.6M  155  468  75%    10M |  99.9   n/a   1   27   678k   10   20  66%  81.9M    n/a  n/a
   4   6a |   7 1.0   19   6.6M  176  552  75%    10M |  99.9   n/a   1   27   838k   12   22  64%  81.9M    n/a  n/a
   4   6b |   7 1.0   19   6.6M  156  445  74%    10M |  99.9   n/a   1   27   752k   11   21  65%  81.9M    n/a  n/a
   0   44 |   7 1.0   19   6.9M  117  670  85%    10M |  99.9   ovl   1   27   830k    8   23  74%  81.9M  -178n  n/a
   0   45 |   7 1.0   19   6.6M  115  573  83%    10M |  99.9   ovl   1   27   631k    7   23  76%  81.9M    17n  n/a
   0   46 |   7 1.0   19   6.7M  115  630  84%    10M |  99.9   ovl   1   27   785k    8   20  71%  81.9M   124n  n/a
   0   47 |   7 1.0   19   6.8M  112  571  83%    10M |  99.9   ovl   1   27   758k    7   22  75%  81.9M  -348n  n/a
   0   48 |   7 1.0   19   6.7M  123  676  84%    10M |  99.9   ovl   1   27   426k    4   21  84%  81.9M   447n  n/a
   0   49 |   7 1.0   19   6.6M  119  599  83%    10M |  99.9   ovl   1   27   539k    6   27  81%  81.9M   475n  n/a
   0   4a |   7 1.0   19   6.6M  131  626  82%    10M |  99.9   n/a   1   27   641k    6   22  78%  81.9M    n/a  n/a
   0   4b |   7 1.0   19   7.0M  115  616  84%    10M |  99.9   ovl   1   27   809k    8   23  74%  81.9M   -95n  n/a
   1   4c |   7 1.0   19   6.1M  111  674  85%    10M |  99.9   n/a   1   27   576k    7   22  75%  81.9M    n/a  n/a
   1   4d |   7 1.0   19   6.7M  115  585  83%    10M |  99.9   n/a   1   27   834k    8   23  74%  81.9M    n/a  n/a
   1   4e |   7 1.0   19   7.0M  118  596  83%    10M |  99.9   n/a   1   27   916k    9   21  70%  81.9M    n/a  n/a
   1   4f |   7 1.0   19   6.5M  107  595  84%    10M |  99.9   n/a   1   27  1.06M   10   24  70%  81.9M    n/a  n/a
   1   50 |   7 1.0   19   6.7M  123  667  84%    10M |  99.9   n/a   1   27   721k    7   22  75%  81.9M    n/a  n/a
   1   51 |   7 1.0   19   6.8M  110  563  83%    10M |  99.9   n/a   1   27   725k    7   21  75%  81.9M    n/a  n/a
   1   52 |   7 1.0   19   6.7M  123  612  83%    10M |  99.9   n/a   1   27   598k    5   20  80%  81.9M    n/a  n/a
   1   53 |   7 1.0   19   6.7M  118  588  83%    10M |  99.9   n/a   1   27   830k    8   22  73%  81.9M    n/a  n/a
   2   54 |   7 1.0   19   7.9M  206  499  70%    10M |  99.9   ovl   1   27  1.60M   24   16  40%  81.9M  -655n  n/a
   2   55 |   7 1.0   19   7.7M  184  455  71%    10M |  99.9   ovl   1   27  2.07M   30   12  28%  81.9M   816n  n/a
   2   56 |   7 1.0   19   8.5M  205  454  68%    10M |  99.9   n/a   1   27   839k   13   21  61%  81.9M    n/a  n/a
   2   57 |   7 1.0   19   7.7M  187  477  71%    10M |  99.9   n/a   1   27  1.58M   24   14  36%  81.9M    n/a  n/a
   2   58 |   7 1.0   19   7.7M  191  427  69%    10M |  99.9   n/a   1   27  1.43M   21   17  44%  81.9M    n/a  n/a
   2   59 |   7 1.0   19   7.5M  177  492  73%    10M |  99.9   ovl   1   27  1.83M   27   12  30%  81.9M   314n  n/a
   2   5a |   7 1.0   19   7.9M  203  520  71%    10M |  99.9   ovl   1   27  1.91M   25   14  35%  81.9M   947n  n/a
   2   5b |   7 1.0   19   7.6M  183  432  70%    10M |  99.9   n/a   1   27  1.71M   26   13  33%  81.9M    n/a  n/a
   3   5c |   7 1.0   19   9.7M  173  529  75%    10M |  99.9   ovl   1   27  1.74M   18   15  45%  81.9M    -1u  n/a
   3   5d |   7 1.0   19   9.9M  172  515  74%    10M |  99.9   n/a   1   27  1.87M   18   14  43%  81.9M    n/a  n/a
   3   5e |   7 1.0   19   9.3M  158  527  76%    10M |  99.9   n/a   1   27  1.31M   13   19  59%  81.9M    n/a  n/a
   3   5f |   7 1.0   19   9.9M  160  517  76%    10M |  99.9   n/a   1   27  1.42M   15   17  53%  81.9M    n/a  n/a
   3   60 |   7 1.0   19   9.8M  171  537  75%    10M |  99.9   ovl   1   27  1.57M   17   15  46%  81.9M  -620n  n/a
   3   61 |   7 1.0   19   9.8M  163  502  75%    10M |  99.9   n/a   1   27  1.27M   13   17  56%  81.9M    n/a  n/a
   3   62 |   7 1.0   19    10M  178  567  76%    10M |  99.9   ovl   1   27  1.78M   18   15  45%  81.9M   896n  n/a
   3   63 |   7 1.0   19   9.7M  168  484  74%    10M |  99.9   n/a   1   27  1.97M   19   15  44%  81.9M    n/a  n/a
   4   64 |   7 1.0   19   6.4M  178  572  76%    10M |  99.9   ovl   1   27   707k   11   17  60%  81.9M    -1u  n/a
   4   65 |   7 1.0   19   6.2M  145  520  78%    10M |  99.9   ovl   1   27   730k   12   18  60%  81.9M  -281n  n/a
   4   66 |   7 1.0   19   6.4M  159  577  78%    10M |  99.9   ovl   1   27   856k   12   14  53%  81.9M   430n  n/a
   4   67 |   7 1.0   19   6.3M  152  532  77%    10M |  99.9   n/a   1   27   797k   12   14  53%  81.9M    n/a  n/a
   4   68 |   7 1.0   19   6.2M  160  609  79%    10M |  99.9   ovl   1   27   985k   15   14  48%  81.9M  -842n  n/a
   4   69 |   7 1.0   19   6.5M  156  500  76%    10M |  99.9   ovl   1   27   713k   11   19  63%  81.9M  -273n  n/a
   4   6a |   7 1.0   19   6.6M  171  522  75%    10M |  99.9   n/a   1   27   454k    7   19  73%  81.9M    n/a  n/a
   4   6b |   7 1.0   19   6.3M  152  515  77%    10M |  99.9   ovl   1   27   777k   12   18  60%  81.9M   142n  n/a
   0   44 |   7 1.0   19   9.9M  177  545  75%    10M |  99.9   n/a   1   27  1.64M   15   23  60%  81.9M    n/a  n/a
   0   45 |   7 1.0   19   9.9M  165  470  74%    10M |  99.9   n/a   1   27  1.43M   13   23  63%  81.9M    n/a  n/a
   0   46 |   7 1.0   19    10M  183  607  76%    10M |  99.9   n/a   1   27  1.17M   11   24  68%  81.9M    n/a  n/a
   0   47 |   7 1.0   19    10M  170  502  74%    10M |  99.9   n/a   1   27  1.28M   13   26  66%  81.9M    n/a  n/a
   0   48 |   7 1.0   19    10M  183  598  76%    10M |  99.9   n/a   1   27  1.05M   10   25  71%  81.9M    n/a  n/a
   0   49 |   7 1.0   19    10M  164  540  76%    10M |  99.9   n/a   1   27  1.66M   16   20  55%  81.9M    n/a  n/a
   0   4a |   7 1.0   19   9.9M  178  533  74%    10M |  99.9   n/a   1   27  1.52M   15   18  54%  81.9M    n/a  n/a
   0   4b |   7 1.0   19  10.0M  171  516  75%    10M |  99.9   n/a   1   27  1.04M   11   25  69%  81.9M    n/a  n/a
   1   4c |   7 1.0   19    12M  200  544  73%    10M |  99.9   n/a   1   27  2.44M   24   15  38%  81.9M    n/a  n/a
   1   4d |   7 1.0   19    11M  187  508  73%    10M |  99.9   n/a   1   27  2.46M   24   16  40%  81.9M    n/a  n/a
   1   4e |   7 1.0   19    12M  209  467  69%    10M |  99.9   n/a   1   27  2.03M   21   21  50%  81.9M    n/a  n/a
   1   4f |   7 1.0   19    11M  190  490  72%    10M |  99.9   n/a   1   27  3.05M   29   14  32%  81.9M    n/a  n/a
   1   50 |   7 1.0   19    12M  223  440  66%    10M |  99.9   n/a   1   27  2.75M   29   15  34%  81.9M    n/a  n/a
   1   51 |   7 1.0   19    11M  179  477  72%    10M |  99.9   n/a   1   27  3.03M   31   17  35%  81.9M    n/a  n/a
   1   52 |   7 1.0   19    12M  210  446  67%    10M |  99.9   n/a   1   27  2.51M   24   17  41%  81.9M    n/a  n/a
   1   53 |   7 1.0   19    12M  201  464  69%    10M |  99.9   n/a   1   27  2.53M   26   14  35%  81.9M    n/a  n/a
   2   54 |   7 1.0   19   6.8M  190  589  75%    10M |  99.9   n/a   1   27  1.56M   23   16  41%  81.9M    n/a  n/a
   2   55 |   7 1.0   19   6.4M  152  486  76%    10M |  99.9   n/a   1   27  1.25M   19   21  52%  81.9M    n/a  n/a
   2   56 |   7 1.0   19   6.3M  164  528  76%    10M |  99.9   n/a   1   27  1.57M   22   17  43%  81.9M    n/a  n/a
   2   57 |   7 1.0   19   6.9M  165  442  72%    10M |  99.9   n/a   1   27  1.11M   18   17  48%  81.9M    n/a  n/a
   2   58 |   7 1.0   19   6.9M  178  539  75%    10M |  99.9   n/a   1   27  1.47M   20   17  45%  81.9M    n/a  n/a
   2   59 |   7 1.0   19   6.7M  157  485  75%    10M |  99.9   n/a   1   27  1.03M   16   20  55%  81.9M    n/a  n/a
   2   5a |   7 1.0   19   6.9M  173  575  76%    10M |  99.9   n/a   1   27  1.32M   18   19  51%  81.9M    n/a  n/a
   2   5b |   7 1.0   19   7.0M  166  501  75%    10M |  99.9   n/a   1   27   649k    9   23  71%  81.9M    n/a  n/a

          |--------------------DL---------------------|-------------------------------UL-----------------------------
 pci rnti | cqi  ri  mcs  brate   ok  nok  (%)  dl_bs | pusch  rsrp  ri  mcs  brate   ok  nok  (%)    bsr     ta  phr
   3   5c |   7 1.0   19   8.7M  146  631  81%    10M |  99.9   n/a   1   27   795k    7   18  72%  81.9M    n/a  n/a
   3   5d |   7 1.0   19   8.8M  149  552  78%    10M |  99.9   n/a   1   27  1.05M   11   21  65%  81.9M    n/a  n/a
   3   5e |   7 1.0   19   8.9M  163  576  77%    10M |  99.9   n/a   1   27  1.57M   16   16  50%  81.9M    n/a  n/a
   3   5f |   7 1.0   19   9.0M  151  509  77%    10M |  99.9   n/a   1   27   885k    9   18  66%  81.9M    n/a  n/a
   3   60 |   7 1.0   19   9.1M  156  611  79%    10M |  99.9   n/a   1   27  1.57M   16   15  48%  81.9M    n/a  n/a
   3   61 |   7 1.0   19   9.1M  151  535  77%    10M |  99.9   n/a   1   27   826k    9   23  71%  81.9M    n/a  n/a
   3   62 |   7 1.0   19   9.1M  150  556  78%    10M |  99.9   n/a   1   27  1.45M   15   18  54%  81.9M    n/a  n/a
   3   63 |   7 1.0   19   9.2M  155  514  76%    10M |  99.9   n/a   1   27   662k    7   21  75%  81.9M    n/a  n/a
   4   64 |   7 1.0   19   6.4M  160  579  78%    10M |  99.9   n/a   1   27   822k   11   23  67%  81.9M    n/a  n/a
   4   65 |   7 1.0   19   6.2M  151  540  78%    10M |  99.9   n/a   1   27   980k   15   19  55%  81.9M    n/a  n/a
   4   66 |   7 1.0   19   6.2M  172  611  78%    10M |  99.9   n/a   1   27  1.43M   20   22  52%  81.9M    n/a  n/a
   4   67 |   7 1.0   19   6.3M  151  508  77%    10M |  99.9   n/a   1   27   890k   13   24  64%  81.9M    n/a  n/a
   4   68 |   7 1.0   19   6.2M  158  586  78%    10M |  99.9   n/a   1   27  1.04M   14   21  60%  81.9M    n/a  n/a
   4   69 |   7 1.0   19   6.0M  151  517  77%    10M |  99.9   n/a   1   27  1.07M   16   23  58%  81.9M    n/a  n/a
   4   6a |   7 1.0   19   6.5M  172  499  74%    10M |  99.9   n/a   1   27   798k   11   26  70%  81.9M    n/a  n/a
   4   6b |   7 1.0   19   6.2M  146  541  78%    10M |  99.9   n/a   1   27  1.16M   18   18  50%  81.9M    n/a  n/a
   0   44 |   7 1.0   19   7.6M  136  575  80%    10M |  99.9   ovl   1   27  1.16M   12   18  60%  81.9M  -432n  n/a
   0   45 |   7 1.0   19   8.3M  138  578  80%    10M |  99.9   ovl   1   27  1.55M   16   11  40%  81.9M   315n  n/a
   0   46 |   7 1.0   19   7.9M  143  640  81%    10M |  99.9   ovl   1   27  2.09M   22    9  29%  81.9M  -587n  n/a
   0   47 |   7 1.0   19   8.2M  138  515  78%    10M |  99.9   ovl   1   27  1.63M   18   10  35%  81.9M  -488n  n/a
   0   48 |   7 1.0   19   8.0M  131  620  82%    10M |  99.9   ovl   1   27  1.15M   11   12  52%  81.9M  -701n  n/a
   0   49 |   7 1.0   19   8.2M  132  495  78%    10M |  99.9   ovl   1   27  1.82M   18   16  47%  81.9M   154n  n/a
   0   4a |   7 1.0   19   8.3M  150  614  80%    10M |  99.9   ovl   1   27  1.51M   15   12  44%  81.9M  -207n  n/a
   0   4b |   7 1.0   19   8.2M  141  584  80%    10M |  99.9   ovl   1   27  1.48M   16   14  46%  81.9M   -27n  n/a
   1   4c |   7 1.0   19   9.0M  150  561  78%    10M |  99.9   n/a   1   27   715k    7   13  65%  81.9M    n/a  n/a
   1   4d |   7 1.0   19   9.0M  152  549  78%    10M |  99.9   n/a   1   27  1.30M   12   13  52%  81.9M    n/a  n/a
   1   4e |   7 1.0   19   8.8M  140  563  80%    10M |  99.9   n/a   1   27  1.47M   15   11  42%  81.9M    n/a  n/a
   1   4f |   7 1.0   19   8.6M  148  513  77%    10M |  99.9   n/a   1   27  1.58M   16   13  44%  81.9M    n/a  n/a
   1   50 |   7 1.0   19   8.8M  158  562  78%    10M |  99.9   n/a   1   27  1.77M   18   14  43%  81.9M    n/a  n/a
   1   51 |   7 1.0   19   8.7M  141  516  78%    10M |  99.9   n/a   1   27   887k    9   14  60%  81.9M    n/a  n/a
   1   52 |   7 1.0   19   8.3M  148  580  79%    10M |  99.9   n/a   1   27  1.49M   15   17  53%  81.9M    n/a  n/a
   1   53 |   7 1.0   19   9.1M  155  532  77%    10M |  99.9   n/a   1   27  1.66M   17   14  45%  81.9M    n/a  n/a
   2   54 |   7 1.0   19   5.8M  145  554  79%    10M |  99.9   ovl   1   27  1.07M   16   15  48%  81.9M   867n  n/a
   2   55 |   7 1.0   19   6.0M  143  522  78%    10M |  99.9   ovl   1   27  1.69M   23   13  36%  81.9M   645n  n/a
   2   56 |   7 1.0   19   6.3M  153  514  77%    10M |  99.9   ovl   1   27  1.22M   20   15  42%  81.9M   380n  n/a
   2   57 |   7 1.0   19   5.8M  144  520  78%    10M |  99.9   ovl   1   27  1.33M   20   13  39%  81.9M   157n  n/a
   2   58 |   7 1.0   19   6.4M  167  559  76%    10M |  99.9   ovl   1   27  1.11M   16   15  48%  81.9M   873n  n/a
   2   59 |   7 1.0   19   5.6M  141  543  79%    10M |  99.9   ovl   1   27  1.16M   18   15  45%  81.9M    35n  n/a
   2   5a |   7 1.0   19   5.9M  152  557  78%    10M |  99.9   ovl   1   27  1.69M   25   14  35%  81.9M   216n  n/a
   2   5b |   7 1.0   19   5.7M  137  521  79%    10M |  99.9   ovl   1   27  1.15M   18   17  48%  81.9M   228n  n/a
   3   5c |   7 1.0   19   6.0M  110  671  85%    10M |  99.9   ovl   1   27   688k    7   20  74%  81.9M  -446n  n/a
   3   5d |   7 1.0   19   5.6M  102  632  86%    10M |  99.9   ovl   1   27   537k    5   15  75%  81.9M   864n  n/a
   3   5e |   7 1.0   19   5.4M   96  661  87%    10M |  99.9   ovl   1   27   930k   11   17  60%  81.9M  -763n  n/a
   3   5f |   7 1.0   19   5.5M   88  615  87%    10M |  99.9   ovl   1   27   586k    6   18  75%  81.9M   -90n  n/a
   3   60 |   7 1.0   19   5.9M  105  710  87%    10M |  99.9   ovl   1   27   775k    8   15  65%  81.9M  -277n  n/a
   3   61 |   7 1.0   19   5.5M   96  670  87%    10M |  99.9   ovl   1   27   969k   10   16  61%  81.9M   702n  n/a
   3   62 |   7 1.0   19   6.1M  115  632  84%    10M |  99.9   ovl   1   27  1.10M   11   13  54%  81.9M  -430n  n/a
   3   63 |   7 1.0   19   5.9M   93  547  85%    10M |  99.9   ovl   1   27  1.03M   10   19  65%  81.9M  -796n  n/a
   4   64 |   7 1.0   19   7.3M  187  471  71%    10M |  99.9   ovl   1   27  1.51M   21   14  40%  81.9M    28n  n/a
   4   65 |   7 1.0   19   7.2M  171  448  72%    10M |  99.9   ovl   1   27  1.68M   25   14  35%  81.9M  -627n  n/a
   4   66 |   7 1.0   19   7.0M  173  481  73%    10M |  99.9   ovl   1   27  1.82M   27   13  32%  81.9M    -1n  n/a
   4   67 |   7 1.0   19   7.1M  172  485  73%    10M |  99.9   ovl   1   27  1.41M   22   15  40%  81.9M   -19n  n/a
   4   68 |   7 1.0   19   7.3M  194  475  71%    10M |  99.9   ovl   1   27  1.49M   20   15  42%  81.9M   -91n  n/a
   4   69 |   7 1.0   19   6.9M  168  503  74%    10M |  99.9   ovl   1   27  1.22M   17   16  48%  81.9M  -115n  n/a
   4   6a |   7 1.0   19   7.0M  180  502  73%    10M |  99.9   ovl   1   27  1.44M   21   15  41%  81.9M   117n  n/a
   4   6b |   7 1.0   19   7.2M  184  484  72%    10M |  99.9   ovl   1   27  1.48M   21   19  47%  81.9M   -63n  n/a
   0   44 |   7 1.0   19   9.2M  162  599  78%    10M |  99.9   ovl   1   27  2.34M   23    7  23%  81.9M   -66n  n/a
   0   45 |   7 1.0   19   9.3M  156  532  77%    10M |  99.9   n/a   1   27  1.21M   13   13  50%  81.9M    n/a  n/a
   0   46 |   7 1.0   19   9.7M  166  523  75%    10M |  99.9   n/a   1   27  1.20M   13   23  63%  81.9M    n/a  n/a
   0   47 |   7 1.0   19   9.5M  155  510  76%    10M |  99.9   n/a   1   27  1.59M   17   13  43%  81.9M    n/a  n/a
   0   48 |   7 1.0   19   9.3M  163  560  77%    10M |  99.9   n/a   1   27  2.13M   23   16  41%  81.9M    n/a  n/a
   0   49 |   7 1.0   19   9.1M  150  518  77%    10M |  99.9   n/a   1   27  2.23M   22   12  35%  81.9M    n/a  n/a
   0   4a |   7 1.0   19   9.0M  153  535  77%    10M |  99.9   n/a   1   27  1.21M   12   15  55%  81.9M    n/a  n/a
   0   4b |   7 1.0   19   9.1M  152  501  76%    10M |  99.9   ovl   1   27  1.19M   12   16  57%  81.9M  -239n  n/a
   1   4c |   7 1.0   19   9.6M  166  661  79%    10M |  99.9   n/a   1   27  1.51M   16   25  60%  81.9M    n/a  n/a
   1   4d |   7 1.0   19   9.7M  167  523  75%    10M |  99.9   n/a   1   27  1.68M   18   24  57%  81.9M    n/a  n/a
   1   4e |   7 1.0   19   9.7M  174  617  78%    10M |  99.9   n/a   1   27  1.43M   15   25  62%  81.9M    n/a  n/a
   1   4f |   7 1.0   19   9.5M  163  553  77%    10M |  99.9   n/a   1   27  1.55M   16   22  57%  81.9M    n/a  n/a
   1   50 |   7 1.0   19  10.0M  178  521  74%    10M |  99.9   n/a   1   27  1.44M   14   21  60%  81.9M    n/a  n/a
   1   51 |   7 1.0   19   9.6M  157  523  76%    10M |  99.9   n/a   1   27  1.76M   18   22  55%  81.9M    n/a  n/a
   1   52 |   7 1.0   19   9.8M  177  588  76%    10M |  99.9   n/a   1   27  1.41M   14   23  62%  81.9M    n/a  n/a
   1   53 |   7 1.0   19   9.6M  164  540  76%    10M |  99.9   n/a   1   27  1.91M   19   17  47%  81.9M    n/a  n/a
   2   54 |   7 1.0   19   5.4M  145  620  81%    10M |  99.9   n/a   1   27   604k   10   16  61%  81.9M    n/a  n/a
   2   55 |   7 1.0   19   5.6M  141  558  79%    10M |  99.9   n/a   1   27   714k   11   20  64%  81.9M    n/a  n/a
   2   56 |   7 1.0   19   5.5M  137  583  80%    10M |  99.9   n/a   1   27   607k    9   18  66%  81.9M    n/a  n/a
   2   57 |   7 1.0   19   5.7M  134  511  79%    10M |  99.9   n/a   1   27   475k    7   20  74%  81.9M    n/a  n/a
   2   58 |   7 1.0   19   5.5M  134  603  81%    10M |  99.9   n/a   1   27   640k   11   20  64%  81.9M    n/a  n/a
   2   59 |   7 1.0   19   5.5M  147  554  79%    10M |  99.9   n/a   1   27   595k    9   19  67%  81.9M    n/a  n/a
   2   5a |   7 1.0   19   5.6M  139  600  81%    10M |  99.9   n/a   1   27   285k    4   21  84%  81.9M    n/a  n/a
   2   5b |   7 1.0   19   5.5M  143  542  79%    10M |  99.9   n/a   1   27   511k    8   19  70%  81.9M    n/a  n/a
   3   5c |   7 1.0   19   7.3M  123  683  84%    10M |   n/a   n/a   1   27      0    0   24 100%  81.9M    n/a  n/a
   3   5d |   7 1.0   19   7.1M  120  533  81%    10M |  99.9   n/a   1   27   602k    7   22  75%  81.9M    n/a  n/a
   3   5e |   7 1.0   19   7.4M  138  615  81%    10M |  99.9   n/a   1   27   844k    9   21  70%  81.9M    n/a  n/a
   3   5f |   7 1.0   19   7.1M  117  556  82%    10M |  99.9   n/a   1   27   465k    5   21  80%  81.9M    n/a  n/a
   3   60 |   7 1.0   19   7.6M  131  607  82%    10M |  99.9   n/a   1   27   598k    7   23  76%  81.9M    n/a  n/a
   3   61 |   7 1.0   19   7.2M  114  593  83%    10M |  99.9   n/a   1   27   535k    6   22  78%  81.9M    n/a  n/a
   3   62 |   7 1.0   19   7.4M  125  579  82%    10M |  99.9   n/a   1   27   565k    7   20  74%  81.9M    n/a  n/a
   3   63 |   7 1.0   19   7.3M  115  551  82%    10M |  99.9   n/a   1   27   549k    6   22  78%  81.9M    n/a  n/a

          |--------------------DL---------------------|-------------------------------UL-----------------------------
 pci rnti | cqi  ri  mcs  brate   ok  nok  (%)  dl_bs | pusch  rsrp  ri  mcs  brate   ok  nok  (%)    bsr     ta  phr
   4   64 |   7 1.0   19   6.5M  169  622  78%    10M |  99.9   ovl   1   27  1.06M   16   16  50%  81.9M  -852n  n/a
   4   65 |   7 1.0   19   6.3M  153  504  76%    10M |  99.9   n/a   1   27   676k   10   17  62%  81.9M    n/a  n/a
   4   66 |   7 1.0   19   6.4M  169  517  75%    10M |  99.9   ovl   1   27   721k   11   19  63%  81.9M  -849n  n/a
   4   67 |   7 1.0   19   6.0M  146  542  78%    10M |  99.9   ovl   1   27   482k    8   22  73%  81.9M  -970n  n/a
   4   68 |   7 1.0   19   6.8M  169  517  75%    10M |  99.9   ovl   1   27   870k   13   18  58%  81.9M  -407n  n/a
   4   69 |   7 1.0   19   6.6M  152  456  75%    10M |  99.9   ovl   1   27  1.14M   17   13  43%  81.9M    71n  n/a
   4   6a |   7 1.0   19   6.5M  174  569  76%    10M |  99.9   ovl   1   27  1.10M   16   17  51%  81.9M  -375n  n/a
   4   6b |   7 1.0   19   6.3M  157  510  76%    10M |  99.9   ovl   1   27   878k   13   16  55%  81.9M   423n  n/a
   0   44 |   7 1.0   19   8.9M  151  614  80%    10M |  99.9   n/a   1   27  1.20M   13   27  67%  81.9M    n/a  n/a
   0   45 |   7 1.0   19   8.5M  146  533  78%    10M |  99.9   n/a   1   27  1.49M   16   23  58%  81.9M    n/a  n/a
   0   46 |   7 1.0   19   8.8M  152  595  79%    10M |  99.9   n/a   1   27  1.99M   20   15  42%  81.9M    n/a  n/a
   0   47 |   7 1.0   19   8.4M  140  527  79%    10M |  99.9   n/a   1   27  1.83M   20   18  47%  81.9M    n/a  n/a
   0   48 |   7 1.0   19   9.0M  158  575  78%    10M |  99.9   n/a   1   27   774k    8   20  71%  81.9M    n/a  n/a
   0   49 |   7 1.0   19   8.3M  146  581  79%    10M |  99.9   n/a   1   27  1.37M   13   16  55%  81.9M    n/a  n/a
   0   4a |   7 1.0   19   8.4M  139  587  80%    10M |  99.9   n/a   1   27  1.53M   15   21  58%  81.9M    n/a  n/a
   0   4b |   7 1.0   19   8.3M  140  518  78%    10M |  99.9   n/a   1   27  1.81M   17   18  51%  81.9M    n/a  n/a
   1   4c |   7 1.0   19   8.1M  142  641  81%    10M |  99.9   n/a   1   27  1.18M   13   22  62%  81.9M    n/a  n/a
   1   4d |   7 1.0   19   8.3M  140  541  79%    10M |  99.9   n/a   1   27  1.37M   14   23  62%  81.9M    n/a  n/a
   1   4e |   7 1.0   19   8.3M  150  585  79%    10M |  99.9   n/a   1   27   803k    8   21  72%  81.9M    n/a  n/a
   1   4f |   7 1.0   19   8.1M  135  547  80%    10M |  99.9   n/a   1   27  1.07M   12   24  66%  81.9M    n/a  n/a
   1   50 |   7 1.0   19   8.5M  157  608  79%    10M |  99.9   n/a   1   27   846k    9   21  70%  81.9M    n/a  n/a
   1   51 |   7 1.0   19   8.5M  138  529  79%    10M |  99.9   n/a   1   27   901k   10   22  68%  81.9M    n/a  n/a
   1   52 |   7 1.0   19   8.2M  139  560  80%    10M |  99.9   n/a   1   27   920k   10   22  68%  81.9M    n/a  n/a
   1   53 |   7 1.0   19   8.0M  134  571  80%    10M |  99.9   n/a   1   27   877k    9   22  70%  81.9M    n/a  n/a
   2   54 |   7 1.0   19   6.6M  169  531  75%    10M |  99.9   n/a   1   27   368k    5   18  78%  81.9M    n/a  n/a
   2   55 |   7 1.0   19   6.6M  165  518  75%    10M |  99.9   n/a   1   27  1.07M   16   18  52%  81.9M    n/a  n/a
   2   56 |   7 1.0   19   7.0M  171  543  76%    10M |  99.9   ovl   1   27  1.00M   14   16  53%  81.9M   439n  n/a
   2   57 |   7 1.0   19   6.6M  162  509  75%    10M |  99.9   ovl   1   27  1.04M   15   15  50%  81.9M   146n  n/a
   2   58 |   7 1.0   19   6.7M  174  515  74%    10M |  99.9   ovl   1   27   968k   13   14  51%  81.9M   893n  n/a
   2   59 |   7 1.0   19   6.4M  169  461  73%    10M |  99.9   ovl   1   27   900k   14   15  51%  81.9M  -655n  n/a
   2   5a |   7 1.0   19   6.5M  172  533  75%    10M |  99.9   ovl   1   27  1.12M   17   17  50%  81.9M    67n  n/a
   2   5b |   7 1.0   19   6.3M  153  438  74%    10M |  99.9   ovl   1   27   888k   15   17  53%  81.9M   816n  n/a
   3   5c |   7 1.0   19   9.4M  157  630  80%    10M |  99.9   n/a   1   27   862k   10   19  65%  81.9M    n/a  n/a
   3   5d |   7 1.0   19   9.7M  166  554  76%    10M |  99.9   n/a   1   27  1.15M   12   16  57%  81.9M    n/a  n/a
   3   5e |   7 1.0   19   9.8M  168  616  78%    10M |  99.9   ovl   1   27  1.39M   14   16  53%  81.9M  -620n  n/a
   3   5f |   7 1.0   19   9.7M  157  499  76%    10M |  99.9   n/a   1   27  1.61M   16   15  48%  81.9M    n/a  n/a
   3   60 |   7 1.0   19   9.8M  175  555  76%    10M |  99.9   n/a   1   27  1.12M   11   17  60%  81.9M    n/a  n/a
   3   61 |   7 1.0   19   9.6M  155  562  78%    10M |  99.9   n/a   1   27  1.31M   13   17  56%  81.9M    n/a  n/a
   3   62 |   7 1.0   19    10M  181  545  75%    10M |  99.9   ovl   1   27  1.31M   13   17  56%  81.9M    -1u  n/a
   3   63 |   7 1.0   19   9.3M  157  538  77%    10M |  99.9   n/a   1   27  1.16M   12   12  50%  81.9M    n/a  n/a
   4   64 |   7 1.0   19   6.7M  162  560  77%    10M |  99.9   n/a   1   27  1.13M   15   16  51%  81.9M    n/a  n/a
   4   65 |   7 1.0   19   6.5M  162  490  75%    10M |  99.9   n/a   1   27  1.07M   15   18  54%  81.9M    n/a  n/a
   4   66 |   7 1.0   19   6.3M  156  539  77%    10M |  99.9   n/a   1   27  1.33M   19   15  44%  81.9M    n/a  n/a
   4   67 |   7 1.0   19   6.5M  165  512  75%    10M |  99.9   n/a   1   27  1.57M   22   13  37%  81.9M    n/a  n/a
   4   68 |   7 1.0   19   6.6M  174  590  77%    10M |  99.9   ovl   1   27  1.19M   17   20  54%  81.9M   423n  n/a
   4   69 |   7 1.0   19   6.4M  156  500  76%    10M |  99.9   ovl   1   27   610k    8   20  71%  81.9M  -711n  n/a
   4   6a |   7 1.0   19   6.6M  166  526  76%    10M |  99.9   ovl   1   27   546k    8   21  72%  81.9M  -391n  n/a
   4   6b |   7 1.0   19   6.5M  151  499  76%    10M |  99.9   n/a   1   27   946k   13   17  56%  81.9M    n/a  n/a
   0   44 |   7 1.0   19   7.1M  122  552  81%    10M |  99.9   n/a   1   27   662k    7   18  72%  81.9M    n/a  n/a
   0   45 |   7 1.0   19   6.9M  111  599  84%    10M |  99.9   n/a   1   27   869k   10   17  62%  81.9M    n/a  n/a
   0   46 |   7 1.0   19   6.7M  107  625  85%    10M |  99.9   n/a   1   27   539k    5   14  73%  81.9M    n/a  n/a
   0   47 |   7 1.0   19   6.9M  113  553  83%    10M |  99.9   n/a   1   27  1.05M   10   18  64%  81.9M    n/a  n/a
   0   48 |   7 1.0   19   6.8M  124  640  83%    10M |  99.9   n/a   1   27   799k    8   17  68%  81.9M    n/a  n/a
   0   49 |   7 1.0   19   6.9M  113  541  82%    10M |  99.9   n/a   1   27   686k    7   19  73%  81.9M    n/a  n/a
   0   4a |   7 1.0   19   6.9M  122  653  84%    10M |  99.9   n/a   1   27  1.44M   13   13  50%  81.9M    n/a  n/a
   0   4b |   7 1.0   19   7.0M  118  600  83%    10M |  99.9   n/a   1   27   922k    9   16  64%  81.9M    n/a  n/a
   1   4c |   7 1.0   19   9.4M  172  550  76%    10M |  99.9   ovl   1   27  1.67M   17   19  52%  81.9M   191n  n/a
   1   4d |   7 1.0   19   9.1M  158  583  78%    10M |  99.9   ovl   1   27  2.20M   23   12  34%  81.9M  -312n  n/a
   1   4e |   7 1.0   19   8.8M  162  556  77%    10M |  99.9   ovl   1   27  1.83M   18   14  43%  81.9M   -77n  n/a
   1   4f |   7 1.0   19   8.5M  139  546  79%    10M |  99.9   ovl   1   27  1.91M   19   14  42%  81.9M  -362n  n/a
   1   50 |   7 1.0   19   9.6M  175  522  74%    10M |  99.9   ovl   1   27  1.36M   14   15  51%  81.9M  -126n  n/a
   1   51 |   7 1.0   19   9.1M  146  574  79%    10M |  99.9   ovl   1   27  2.04M   21   13  38%  81.9M  -126n  n/a
   1   52 |   7 1.0   19   9.4M  160  525  76%    10M |  99.9   ovl   1   27  1.96M   21   16  43%  81.9M  -236n  n/a
   1   53 |   7 1.0   19   8.6M  142  579  80%    10M |  99.9   ovl   1   27  1.70M   16   16  50%  81.9M   123n  n/a
   2   54 |   7 1.0   19   6.1M  153  653  81%    10M |  99.9   n/a   1   27   942k   14   16  53%  81.9M    n/a  n/a
   2   55 |   7 1.0   19   6.1M  154  602  79%    10M |  99.9   n/a   1   27   934k   14   16  53%  81.9M    n/a  n/a
   2   56 |   7 1.0   19   6.2M  152  541  78%    10M |  99.9   n/a   1   27   959k   14   13  48%  81.9M    n/a  n/a
   2   57 |   7 1.0   19   6.0M  152  526  77%    10M |  99.9   n/a   1   27   981k   16   16  50%  81.9M    n/a  n/a
   2   58 |   7 1.0   19   6.0M  151  527  77%    10M |  99.9   n/a   1   27   815k   12   19  61%  81.9M    n/a  n/a
   2   59 |   7 1.0   19   6.2M  156  576  78%    10M |  99.9   n/a   1   27  1.08M   16   14  46%  81.9M    n/a  n/a
   2   5a |   7 1.0   19   6.3M  167  570  77%    10M |  99.9   n/a   1   27   798k   12   17  58%  81.9M    n/a  n/a
   2   5b |   7 1.0   19   6.2M  152  536  77%    10M |  99.9   n/a   1   27  1.04M   15   17  53%  81.9M    n/a  n/a
   3   5c |   7 1.0   19   9.6M  160  561  77%    10M |  99.9   ovl   1   27  1.52M   14   19  57%  81.9M   393n  n/a
   3   5d |   7 1.0   19   9.7M  164  478  74%    10M |  99.9   ovl   1   27  1.94M   19   17  47%  81.9M  -892n  n/a
   3   5e |   7 1.0   19  10.0M  170  513  75%    10M |  99.9   ovl   1   27  2.09M   21   17  44%  81.9M   604n  n/a
   3   5f |   7 1.0   19   9.5M  156  505  76%    10M |  99.9   ovl   1   27  1.60M   16   18  52%  81.9M     1u  n/a
   3   60 |   7 1.0   19   9.6M  183  636  77%    10M |  99.9   ovl   1   27  2.06M   20   19  48%  81.9M   -36n  n/a
   3   61 |   7 1.0   19   9.4M  154  480  75%    10M |  99.9   ovl   1   27  1.87M   18   18  50%  81.9M  -260n  n/a
   3   62 |   7 1.0   19   9.8M  171  522  75%    10M |  99.9   ovl   1   27  1.57M   16   18  52%  81.9M   127n  n/a
   3   63 |   7 1.0   19   9.6M  164  488  74%    10M |  99.9   ovl   1   27  1.94M   19   19  50%  81.9M    43n  n/a
   4   64 |   7 1.0   19   5.5M  140  551  79%    10M |  99.9   n/a   1   27   683k   11   14  56%  81.9M    n/a  n/a
   4   65 |   7 1.0   19   5.6M  138  578  80%    10M |  99.9   n/a   1   27   756k   12   15  55%  81.9M    n/a  n/a
   4   66 |   7 1.0   19   5.6M  140  656  82%    10M |  99.9   n/a   1   27   711k   11   18  62%  81.9M    n/a  n/a
   4   67 |   7 1.0   19   5.3M  136  570  80%    10M |  99.9   n/a   1   27   770k   11   16  59%  81.9M    n/a  n/a
   4   68 |   7 1.0   19   5.6M  145  637  81%    10M |  99.9   n/a   1   27   722k   11   16  59%  81.9M    n/a  n/a
   4   69 |   7 1.0   19   5.5M  137  581  80%    10M |  99.9   n/a   1   27   595k    9   16  64%  81.9M    n/a  n/a
   4   6a |   7 1.0   19   5.7M  143  721  83%    10M |  99.9   n/a   1   27   720k   11   16  59%  81.9M    n/a  n/a
   4   6b |   7 1.0   19   5.6M  134  518  79%    10M |  99.9   n/a   1   27   797k   12   16  57%  81.9M    n/a  n/a

          |--------------------DL---------------------|-------------------------------UL-----------------------------
 pci rnti | cqi  ri  mcs  brate   ok  nok  (%)  dl_bs | pusch  rsrp  ri  mcs  brate   ok  nok  (%)    bsr     ta  phr
   0   44 |   7 1.0   19   9.9M  176  527  74%    10M |  99.9   ovl   1   27  1.72M   17   10  37%  81.9M   440n  n/a
   0   45 |   7 1.0   19   9.1M  150  550  78%    10M |  99.9   n/a   1   27  2.11M   22   10  31%  81.9M    n/a  n/a
   0   46 |   7 1.0   19    10M  184  439  70%    10M |  99.9   ovl   1   27  1.57M   16   15  48%  81.9M   196n  n/a
   0   47 |   7 1.0   19   9.1M  156  561  78%    10M |  99.9   ovl   1   27  2.30M   24   10  29%  81.9M  -129n  n/a
   0   48 |   7 1.0   19   9.9M  167  512  75%    10M |  99.9   ovl   1   27  2.45M   24   12  33%  81.9M  -606n  n/a
   0   49 |   7 1.0   19   8.7M  146  560  79%    10M |  99.9   n/a   1   27  1.81M   19   18  48%  81.9M    n/a  n/a
   0   4a |   7 1.0   19   9.0M  165  560  77%    10M |  99.9   ovl   1   27  1.80M   18   15  45%  81.9M   213n  n/a
   0   4b |   7 1.0   19   9.1M  147  560  79%    10M |  99.9   ovl   1   27   459k    5   14  73%  81.9M    -1u  n/a
   1   4c |   7 1.0   19   9.8M  180  468  72%    10M |  99.9   ovl   1   27  1.41M   14   16  53%  81.9M   -13n  n/a
   1   4d |   7 1.0   19   9.8M  173  471  73%    10M |  99.9   ovl   1   27  1.48M   16   12  42%  81.9M  -384n  n/a
   1   4e |   7 1.0   19    10M  182  561  75%    10M |  99.9   ovl   1   27   881k    9   20  68%  81.9M  -230n  n/a
   1   4f |   7 1.0   19    10M  170  485  74%    10M |  99.9   ovl   1   27  1.67M   18   15  45%  81.9M  -126n  n/a
   1   50 |   7 1.0   19   9.8M  175  587  77%    10M |  99.9   ovl   1   27  1.91M   17   15  46%  81.9M     6n  n/a
   1   51 |   7 1.0   19   9.9M  173  493  74%    10M |  99.9   ovl   1   27  2.13M   23   15  39%  81.9M   -53n  n/a
   1   52 |   7 1.0   19   9.9M  170  530  75%    10M |  99.9   ovl   1   27  1.92M   20   14  41%  81.9M   -36n  n/a
   1   53 |   7 1.0   19    10M  171  503  74%    10M |  99.9   ovl   1   27  1.82M   17   16  48%  81.9M  -212n  n/a
   2   54 |   7 1.0   19   4.6M  115  664  85%    10M |  99.9   n/a   1   27   638k   10   19  65%  81.9M    n/a  n/a
   2   55 |   7 1.0   19   4.3M  110  559  83%    10M |  99.9   n/a   1   27   369k    5   23  82%  81.9M    n/a  n/a
   2   56 |   7 1.0   19   4.6M  128  601  82%    10M |  99.9   n/a   1   27   413k    6   22  78%  81.9M    n/a  n/a
   2   57 |   7 1.0   19   4.6M  113  634  84%    10M |  99.9   n/a   1   27   833k   14   19  57%  81.9M    n/a  n/a
   2   58 |   7 1.0   19   4.8M  122  637  83%    10M |  99.9   n/a   1   27   640k   10   24  70%  81.9M    n/a  n/a
   2   59 |   7 1.0   19   4.5M  106  567  84%    10M |  99.9   ovl   1   27   476k    7   21  75%  81.9M  -665n  n/a
   2   5a |   7 1.0   19   4.6M  117  693  85%    10M |  99.9   n/a   1   27   862k   12   22  64%  81.9M    n/a  n/a
   2   5b |   7 1.0   19   4.5M  110  563  83%    10M |  99.9   n/a   1   27   344k    5   21  80%  81.9M    n/a  n/a
   3   5c |   7 1.0   19   8.2M  143  593  80%    10M |  99.9   n/a   1   27  1.03M   11   20  64%  81.9M    n/a  n/a
   3   5d |   7 1.0   19   8.0M  133  571  81%    10M |  99.9   n/a   1   27  1.05M   10   20  66%  81.9M    n/a  n/a
   3   5e |   7 1.0   19   8.1M  144  563  79%    10M |  99.9   n/a   1   27  1.47M   15   18  54%  81.9M    n/a  n/a
   3   5f |   7 1.0   19   8.2M  135  589  81%    10M |  99.9   n/a   1   27  1.39M   15   16  51%  81.9M    n/a  n/a
   3   60 |   7 1.0   19   8.0M  137  662  82%    10M |  99.9   n/a   1   27   949k   10   19  65%  81.9M    n/a  n/a
   3   61 |   7 1.0   19   8.0M  134  643  82%    10M |  99.9   n/a   1   27  1.30M   13   18  58%  81.9M    n/a  n/a
   3   62 |   7 1.0   19   7.9M  137  585  81%    10M |  99.9   n/a   1   27  1.14M   12   20  62%  81.9M    n/a  n/a
   3   63 |   7 1.0   19   7.8M  132  618  82%    10M |  99.9   n/a   1   27  1.13M   11   18  62%  81.9M    n/a  n/a
   4   64 |   7 1.0   19   5.0M  123  687  84%    10M |  99.9   n/a   1   27   584k    8   18  69%  81.9M    n/a  n/a
   4   65 |   7 1.0   19   5.1M  127  570  81%    10M |  99.9   n/a   1   27   621k    9   20  68%  81.9M    n/a  n/a
   4   66 |   7 1.0   19   5.0M  126  602  82%    10M |  99.9   n/a   1   27   697k   11   16  59%  81.9M    n/a  n/a
   4   67 |   7 1.0   19   5.0M  124  605  82%    10M |  99.9   n/a   1   27   652k    9   19  67%  81.9M    n/a  n/a
   4   68 |   7 1.0   19   5.1M  133  620  82%    10M |  99.9   n/a   1   27   623k   10   19  65%  81.9M    n/a  n/a
   4   69 |   7 1.0   19   5.1M  125  607  82%    10M |  99.9   n/a   1   27   662k   11   17  60%  81.9M    n/a  n/a
   4   6a |   7 1.0   19   5.0M  118  607  83%    10M |  99.9   n/a   1   27   575k    9   16  64%  81.9M    n/a  n/a
   4   6b |   7 1.0   19   5.1M  129  538  80%    10M |  99.9   n/a   1   27   606k    9   19  67%  81.9M    n/a  n/a
   0   44 |   7 1.0   19   8.7M  153  574  78%    10M |  99.9   ovl   1   27  1.43M   14   21  60%  81.9M  -322n  n/a
   0   45 |   7 1.0   19   8.3M  137  582  80%    10M |  99.9   ovl   1   27  1.32M   14   21  60%  81.9M  -240n  n/a
   0   46 |   7 1.0   19   8.3M  132  544  80%    10M |  99.9   n/a   1   27  1.94M   19   12  38%  81.9M    n/a  n/a
   0   47 |   7 1.0   19   8.1M  133  597  81%    10M |  99.9   ovl   1   27  2.34M   23   12  34%  81.9M  -165n  n/a
   0   48 |   7 1.0   19   8.9M  167  561  77%    10M |  99.9   n/a   1   27  1.35M   12   16  57%  81.9M    n/a  n/a
   0   49 |   7 1.0   19   8.0M  135  585  81%    10M |  99.9   ovl   1   27  2.04M   20   13  39%  81.9M   -21n  n/a
   0   4a |   7 1.0   19   9.4M  159  542  77%    10M |  99.9   ovl   1   27  2.14M   23   10  30%  81.9M  -344n  n/a
   0   4b |   7 1.0   19   8.0M  132  583  81%    10M |  99.9   n/a   1   27  2.18M   22   13  37%  81.9M    n/a  n/a
   1   4c |   7 1.0   19   8.8M  149  608  80%    10M |  99.9   n/a   1   27  1.39M   15   20  57%  81.9M    n/a  n/a
   1   4d |   7 1.0   19   8.4M  145  536  78%    10M |  99.9   n/a   1   27  1.13M   12   22  64%  81.9M    n/a  n/a
   1   4e |   7 1.0   19   8.5M  144  597  80%    10M |  99.9   n/a   1   27  1.09M   11   21  65%  81.9M    n/a  n/a
   1   4f |   7 1.0   19   8.3M  139  599  81%    10M |  99.9   n/a   1   27  1.13M   12   25  67%  81.9M    n/a  n/a
   1   50 |   7 1.0   19   8.6M  159  636  80%    10M |  99.9   n/a   1   27  1.09M   12   23  65%  81.9M    n/a  n/a
   1   51 |   7 1.0   19   8.2M  137  560  80%    10M |  99.9   n/a   1   27   897k   10   24  70%  81.9M    n/a  n/a
   1   52 |   7 1.0   19   8.7M  154  597  79%    10M |  99.9   n/a   1   27   408k    5   22  81%  81.9M    n/a  n/a
   1   53 |   7 1.0   19   8.2M  136  525  79%    10M |  99.9   n/a   1   27  1.22M   12   21  63%  81.9M    n/a  n/a
   2   54 |   7 1.0   19   5.5M  152  659  81%    10M |  99.9   n/a   1   27   651k   11   16  59%  81.9M    n/a  n/a
   2   55 |   7 1.0   19   5.3M  137  535  79%    10M |  99.9   n/a   1   27   368k    6   18  75%  81.9M    n/a  n/a
   2   56 |   7 1.0   19   5.7M  140  558  79%    10M |  99.9   n/a   1   27   660k   11   16  59%  81.9M    n/a  n/a
   2   57 |   7 1.0   19   5.1M  123  574  82%    10M |  99.9   n/a   1   27   441k    8   19  70%  81.9M    n/a  n/a
   2   58 |   7 1.0   19   5.8M  151  635  80%    10M |  99.9   n/a   1   27   564k    8   16  66%  81.9M    n/a  n/a
   2   59 |   7 1.0   19   5.3M  125  542  81%    10M |  99.9   n/a   1   27   714k   10   15  60%  81.9M    n/a  n/a
   2   5a |   7 1.0   19   5.3M  137  661  82%    10M |  99.9   n/a   1   27   500k    7   17  70%  81.9M    n/a  n/a
   2   5b |   7 1.0   19   5.4M  139  569  80%    10M |  99.9   n/a   1   27   786k   12   18  60%  81.9M    n/a  n/a
   3   5c |   7 1.0   19   9.7M  170  599  77%    10M |  99.9   n/a   1   27  1.15M   12   17  58%  81.9M    n/a  n/a
   3   5d |   7 1.0   19   9.5M  154  508  76%    10M |  99.9   n/a   1   27  1.42M   14   16  53%  81.9M    n/a  n/a
   3   5e |   7 1.0   19   9.9M  168  598  78%    10M |  99.9   n/a   1   27   842k    9   19  67%  81.9M    n/a  n/a
   3   5f |   7 1.0   19   9.5M  164  540  76%    10M |  99.9   n/a   1   27  1.06M   11   17  60%  81.9M    n/a  n/a
   3   60 |   7 1.0   19   9.8M  160  560  77%    10M |  99.9   n/a   1   27  1.24M   12   15  55%  81.9M    n/a  n/a
   3   61 |   7 1.0   19   9.7M  159  465  74%    10M |  99.9   n/a   1   27  1.59M   17   17  50%  81.9M    n/a  n/a
   3   62 |   7 1.0   19   9.2M  166  578  77%    10M |  99.9   n/a   1   27   922k   10   19  65%  81.9M    n/a  n/a
   3   63 |   7 1.0   19   9.8M  168  511  75%    10M |  99.9   n/a   1   27  1.26M   12   16  57%  81.9M    n/a  n/a
   4   64 |   7 1.0   19   5.5M  148  587  79%    10M |  99.9   ovl   1   27   897k   13   21  61%  81.9M   284n  n/a
   4   65 |   7 1.0   19   4.9M  115  558  82%    10M |  99.9   ovl   1   27   705k   11   21  65%  81.9M   690n  n/a
   4   66 |   7 1.0   19   5.2M  131  624  82%    10M |  99.9   ovl   1   27   943k   15   17  53%  81.9M  -342n  n/a
   4   67 |   7 1.0   19   4.9M  116  546  82%    10M |  99.9   ovl   1   27   492k    7   20  74%  81.9M  -751n  n/a
   4   68 |   7 1.0   19   5.2M  130  580  81%    10M |  99.9   ovl   1   27   887k   13   18  58%  81.9M  -543n  n/a
   4   69 |   7 1.0   19   4.8M  127  596  82%    10M |  99.9   ovl   1   27   846k   13   19  59%  81.9M  -738n  n/a
   4   6a |   7 1.0   19   4.9M  129  640  83%    10M |  99.9   ovl   1   27   697k   11   23  67%  81.9M  -754n  n/a
   4   6b |   7 1.0   19   4.9M  123  600  82%    10M |  99.9   ovl   1   27  1.16M   18   18  50%  81.9M   143n  n/a
   0   44 |   7 1.0   19   9.3M  164  476  74%    10M |  99.9   ovl   1   27  2.35M   24   12  33%  81.9M  -149n  n/a
   0   45 |   7 1.0   19   9.7M  167  508  75%    10M |  99.9   ovl   1   27  1.78M   17    9  34%  81.9M  -141n  n/a
   0   46 |   7 1.0   19    11M  186  407  68%    10M |  99.9   ovl   1   27  1.66M   16   14  46%  81.9M   124n  n/a
   0   47 |   7 1.0   19   9.5M  163  509  75%    10M |  99.9   ovl   1   27  1.44M   14    9  39%  81.9M  -285n  n/a
   0   48 |   7 1.0   19    11M  192  470  70%    10M |  99.9   ovl   1   27  1.99M   21   15  41%  81.9M   124n  n/a
   0   49 |   7 1.0   19   9.7M  164  502  75%    10M |  99.9   ovl   1   27  2.34M   25   14  35%  81.9M  -391n  n/a
   0   4a |   7 1.0   19    10M  184  464  71%    10M |  99.9   ovl   1   27  2.10M   22   12  35%  81.9M  -536n  n/a
   0   4b |   7 1.0   19  10.0M  164  501  75%    10M |  99.9   n/a   1   27  1.82M   17   19  52%  81.9M    n/a  n/a

          |--------------------DL---------------------|-------------------------------UL-----------------------------
 pci rnti | cqi  ri  mcs  brate   ok  nok  (%)  dl_bs | pusch  rsrp  ri  mcs  brate   ok  nok  (%)    bsr     ta  phr
   1   4c |   7 1.0   19    11M  199  590  74%    10M |  99.9   n/a   1   27  1.87M   19   18  48%  81.9M    n/a  n/a
   1   4d |   7 1.0   19    11M  175  515  74%    10M |  99.9   n/a   1   27  2.06M   21   22  51%  81.9M    n/a  n/a
   1   4e |   7 1.0   19    11M  193  512  72%    10M |  99.9   n/a   1   27  1.48M   14   21  60%  81.9M    n/a  n/a
   1   4f |   7 1.0   19    11M  180  473  72%    10M |  99.9   n/a   1   27  1.73M   17   20  54%  81.9M    n/a  n/a
   1   50 |   7 1.0   19    11M  192  565  74%    10M |  99.9   n/a   1   27  1.76M   17   23  57%  81.9M    n/a  n/a
   1   51 |   7 1.0   19    11M  180  513  74%    10M |  99.9   n/a   1   27  1.66M   16   16  50%  81.9M    n/a  n/a
   1   52 |   7 1.0   19    11M  182  650  78%    10M |  99.9   n/a   1   27  2.14M   22   17  43%  81.9M    n/a  n/a
   1   53 |   7 1.0   19    11M  179  504  73%    10M |  99.9   n/a   1   27  1.72M   17   16  48%  81.9M    n/a  n/a
   2   54 |   7 1.0   19   4.9M  136  645  82%    10M |  99.9   n/a   1   27   309k    5   24  82%  81.9M    n/a  n/a
   2   55 |   7 1.0   19   4.8M  119  578  82%    10M |  99.9   n/a   1   27   415k    6   25  80%  81.9M    n/a  n/a
   2   56 |   7 1.0   19   5.3M  136  580  81%    10M |  99.9   n/a   1   27   332k    5   22  81%  81.9M    n/a  n/a
   2   57 |   7 1.0   19   4.8M  128  659  83%    10M |  99.9   n/a   1   27   229k    3   20  86%  81.9M    n/a  n/a
   2   58 |   7 1.0   19   5.1M  129  642  83%    10M |  99.9   n/a   1   27   287k    4   24  85%  81.9M    n/a  n/a
   2   59 |   7 1.0   19   4.7M  117  595  83%    10M |  99.9   n/a   1   27   234k    3   22  88%  81.9M    n/a  n/a
   2   5a |   7 1.0   19   5.2M  128  562  81%    10M |  99.9   n/a   1   27   451k    7   24  77%  81.9M    n/a  n/a
   2   5b |   7 1.0   19   4.7M  114  552  82%    10M |  99.9   n/a   1   27   251k    4   21  84%  81.9M    n/a  n/a
   3   5c |   7 1.0   19   6.7M  118  612  83%    10M |  99.9   ovl   1   27   543k    6   22  78%  81.9M  -553n  n/a
   3   5d |   7 1.0   19   6.8M  109  616  84%    10M |  99.9   ovl   1   27   781k    7   21  75%  81.9M    -1u  n/a
   3   5e |   7 1.0   19   7.1M  129  594  82%    10M |  99.9   ovl   1   27   608k    7   23  76%  81.9M    72n  n/a
   3   5f |   7 1.0   19   6.8M  114  589  83%    10M |  99.9   ovl   1   27   850k    8   22  73%  81.9M  -114n  n/a
   3   60 |   7 1.0   19   7.0M  127  681  84%    10M |  99.9   ovl   1   27   531k    6   24  80%  81.9M  -116n  n/a
   3   61 |   7 1.0   19   6.6M  108  589  84%    10M |  99.9   ovl   1   27   854k    9   20  68%  81.9M   896n  n/a
   3   62 |   7 1.0   19   6.5M  127  710  84%    10M |  99.9   ovl   1   27  1.19M   12   20  62%  81.9M    64n  n/a
   3   63 |   7 1.0   19   6.2M  115  659  85%    10M |  99.9   ovl   1   27  1.03M   10   18  64%  81.9M     1u  n/a
   4   64 |   7 1.0   19   7.6M  190  571  75%    10M |  99.9   ovl   1   27  1.08M   15   15  50%  81.9M  -617n  n/a
   4   65 |   7 1.0   19   7.7M  182  457  71%    10M |  99.9   ovl   1   27  1.08M   16   18  52%  81.9M   246n  n/a
   4   66 |   7 1.0   19   7.7M  199  488  71%    10M |  99.9   ovl   1   27  1.18M   18   17  48%  81.9M  -831n  n/a
   4   67 |   7 1.0   19   7.7M  186  441  70%    10M |  99.9   ovl   1   27  1.20M   19   15  44%  81.9M  -697n  n/a
   4   68 |   7 1.0   19   7.3M  192  533  73%    10M |  99.9   ovl   1   27  1.14M   16   18  52%  81.9M  -458n  n/a
   4   69 |   7 1.0   19   7.5M  179  504  73%    10M |  99.9   ovl   1   27  1.22M   18   17  48%  81.9M   320n  n/a
   4   6a |   7 1.0   19   7.3M  192  562  74%    10M |  99.9   ovl   1   27  1.13M   15   19  55%  81.9M  -407n  n/a
   4   6b |   7 1.0   19   7.6M  189  455  70%    10M |  99.9   ovl   1   27  1.24M   18   17  48%  81.9M    16n  n/a
   0   44 |   7 1.0   19   9.1M  165  550  76%    10M |  99.9   n/a   1   27  1.57M   15   20  57%  81.9M    n/a  n/a
   0   45 |   7 1.0   19   9.4M  151  547  78%    10M |  99.9   ovl   1   27  2.16M   21   20  48%  81.9M  -254n  n/a
   0   46 |   7 1.0   19   9.3M  155  536  77%    10M |  99.9   n/a   1   27  1.55M   15   20  57%  81.9M    n/a  n/a
   0   47 |   7 1.0   19   9.5M  144  475  76%    10M |  99.9   n/a   1   27  1.08M   11   30  73%  81.9M    n/a  n/a
   0   48 |   7 1.0   19   9.6M  163  569  77%    10M |  99.9   n/a   1   27  2.01M   19   21  52%  81.9M    n/a  n/a
   0   49 |   7 1.0   19   9.3M  157  543  77%    10M |  99.9   n/a   1   27  1.93M   20   20  50%  81.9M    n/a  n/a
   0   4a |   7 1.0   19   9.5M  161  554  77%    10M |  99.9   n/a   1   27  1.30M   12   21  63%  81.9M    n/a  n/a
   0   4b |   7 1.0   19   9.3M  154  527  77%    10M |  99.9   n/a   1   27  1.52M   16   16  50%  81.9M    n/a  n/a
   1   4c |   7 1.0   19   7.8M  136  645  82%    10M |  99.9   ovl   1   27   930k   10   20  66%  81.9M  -542n  n/a
   1   4d |   7 1.0   19   7.0M  121  609  83%    10M |  99.9   ovl   1   27   607k    5   20  80%  81.9M  -148n  n/a
   1   4e |   7 1.0   19   7.5M  130  639  83%    10M |  99.9   ovl   1   27   699k    6   21  77%  81.9M   879n  n/a
   1   4f |   7 1.0   19   7.1M  115  555  82%    10M |  99.9   n/a   1   27   971k   10   22  68%  81.9M    n/a  n/a
   1   50 |   7 1.0   19   7.4M  127  623  83%    10M |  99.9   n/a   1   27   672k    7   20  74%  81.9M    n/a  n/a
   1   51 |   7 1.0   19   7.2M  122  578  82%    10M |  99.9   ovl   1   27  1.05M   11   22  66%  81.9M   879n  n/a
   1   52 |   7 1.0   19   7.7M  131  655  83%    10M |  99.9   ovl   1   27  1.01M   11   19  63%  81.9M  -196n  n/a
   1   53 |   7 1.0   19   7.5M  121  576  82%    10M |  99.9   ovl   1   27   840k    8   24  75%  81.9M  -225n  n/a
   2   54 |   7 1.0   19   6.0M  152  541  78%    10M |  99.9   n/a   1   27   224k    3   18  85%  81.9M    n/a  n/a
   2   55 |   7 1.0   19   5.8M  141  545  79%    10M |  99.9   n/a   1   27   370k    5   19  79%  81.9M    n/a  n/a
   2   56 |   7 1.0   19   5.9M  147  558  79%    10M |  99.9   n/a   1   27   414k    7   18  72%  81.9M    n/a  n/a
   2   57 |   7 1.0   19   5.9M  143  511  78%    10M |  99.9   n/a   1   27   417k    6   19  76%  81.9M    n/a  n/a
   2   58 |   7 1.0   19   5.8M  158  576  78%    10M |  99.9   n/a   1   27   297k    4   20  83%  81.9M    n/a  n/a
   2   59 |   7 1.0   19   5.8M  145  593  80%    10M |  99.9   n/a   1   27   443k    6   19  76%  81.9M    n/a  n/a
   2   5a |   7 1.0   19   5.8M  145  637  81%    10M |  99.9   n/a   1   27   429k    6   20  76%  81.9M    n/a  n/a
   2   5b |   7 1.0   19   5.8M  142  544  79%    10M |  99.9   n/a   1   27   321k    4   20  83%  81.9M    n/a  n/a
   3   5c |   7 1.0   19   9.8M  174  585  77%    10M |  99.9   n/a   1   27  1.47M   14   21  60%  81.9M    n/a  n/a
   3   5d |   7 1.0   19    10M  165  463  73%    10M |  99.9   n/a   1   27  1.96M   20   15  42%  81.9M    n/a  n/a
   3   5e |   7 1.0   19  10.0M  181  565  75%    10M |  99.9   ovl   1   27  2.28M   23   11  32%  81.9M   -57n  n/a
   3   5f |   7 1.0   19    10M  168  482  74%    10M |  99.9   n/a   1   27  1.59M   17   11  39%  81.9M    n/a  n/a
   3   60 |   7 1.0   19    10M  174  538  75%    10M |  99.9   n/a   1   27  1.60M   16   12  42%  81.9M    n/a  n/a
   3   61 |   7 1.0   19  10.0M  159  522  76%    10M |  99.9   n/a   1   27  1.57M   15   17  53%  81.9M    n/a  n/a
   3   62 |   7 1.0   19  10.0M  171  549  76%    10M |  99.9   n/a   1   27  1.60M   16   10  38%  81.9M    n/a  n/a
   3   63 |   7 1.0   19    10M  157  491  75%    10M |  99.9   ovl   1   27  1.20M   12   18  60%  81.9M  -184n  n/a
   4   64 |   7 1.0   19   6.8M  166  641  79%    10M |  99.9   ovl   1   27  1.05M   15   22  59%  81.9M   423n  n/a
   4   65 |   7 1.0   19   6.6M  164  526  76%    10M |  99.9   n/a   1   27   975k   15   23  60%  81.9M    n/a  n/a
   4   66 |   7 1.0   19   6.9M  172  556  76%    10M |  99.9   n/a   1   27  1.01M   15   21  58%  81.9M    n/a  n/a
   4   67 |   7 1.0   19   6.8M  164  444  73%    10M |  99.9   n/a   1   27  1.18M   19   23  54%  81.9M    n/a  n/a
   4   68 |   7 1.0   19   6.8M  175  539  75%    10M |  99.9   n/a   1   27  1.15M   18   25  58%  81.9M    n/a  n/a
   4   69 |   7 1.0   19   6.9M  166  508  75%    10M |  99.9   n/a   1   27   956k   15   23  60%  81.9M    n/a  n/a
   4   6a |   7 1.0   19   6.8M  177  557  75%    10M |  99.9   n/a   1   27   973k   14   25  64%  81.9M    n/a  n/a
   4   6b |   7 1.0   19   6.7M  161  568  77%    10M |  99.9   n/a   1   27   962k   15   22  59%  81.9M    n/a  n/a
   0   44 |   7 1.0   19    11M  186  532  74%    10M |  99.9   ovl   1   27  1.77M   18   18  50%  81.9M  -488n  n/a
   0   45 |   7 1.0   19    11M  186  508  73%    10M |  99.9   ovl   1   27  2.15M   22   18  45%  81.9M  -176n  n/a
   0   46 |   7 1.0   19    11M  184  555  75%    10M |  99.9   n/a   1   27  2.19M   22   14  38%  81.9M    n/a  n/a
   0   47 |   7 1.0   19    11M  169  444  72%    10M |  99.9   n/a   1   27  1.59M   17   22  56%  81.9M    n/a  n/a
   0   48 |   7 1.0   19    10M  180  553  75%    10M |  99.9   n/a   1   27   873k    9   22  70%  81.9M    n/a  n/a
   0   49 |   7 1.0   19    11M  185  433  70%    10M |  99.9   ovl   1   27  2.00M   21   22  51%  81.9M  -587n  n/a
   0   4a |   7 1.0   19    11M  182  484  72%    10M |  99.9   n/a   1   27  1.95M   20   18  47%  81.9M    n/a  n/a
   0   4b |   7 1.0   19    11M  176  455  72%    10M |  99.9   n/a   1   27  2.52M   26   20  43%  81.9M    n/a  n/a
   1   4c |   7 1.0   19    10M  180  601  76%    10M |  99.9   ovl   1   27  1.30M   13   19  59%  81.9M  -222n  n/a
   1   4d |   7 1.0   19  10.0M  172  506  74%    10M |  99.9   ovl   1   27  1.36M   14   19  57%  81.9M   221n  n/a
   1   4e |   7 1.0   19    10M  181  562  75%    10M |  99.9   ovl   1   27  1.31M   13   16  55%  81.9M  -501n  n/a
   1   4f |   7 1.0   19   9.8M  160  533  76%    10M |  99.9   ovl   1   27  1.20M   12   18  60%  81.9M    96n  n/a
   1   50 |   7 1.0   19    10M  182  572  75%    10M |  99.9   ovl   1   27  1.68M   18   19  51%  81.9M   507n  n/a
   1   51 |   7 1.0   19    10M  166  478  74%    10M |  99.9   ovl   1   27  1.63M   17   20  54%  81.9M  -520n  n/a
   1   52 |   7 1.0   19  10.0M  181  507  73%    10M |  99.9   ovl   1   27  1.16M   12   20  62%  81.9M    82n  n/a
   1   53 |   7 1.0   19    10M  172  572  76%    10M |  99.9   ovl   1   27  1.18M   12   18  60%  81.9M  -416n  n/a

          |--------------------DL---------------------|-------------------------------UL-----------------------------
 pci rnti | cqi  ri  mcs  brate   ok  nok  (%)  dl_bs | pusch  rsrp  ri  mcs  brate   ok  nok  (%)    bsr     ta  phr
   2   54 |   7 1.0   19   5.6M  143  590  80%    10M |  99.9   ovl   1   27   596k    8   24  75%  81.9M  -563n  n/a
   2   55 |   7 1.0   19   5.8M  146  549  78%    10M |  99.9   n/a   1   27  1.19M   18   21  53%  81.9M    n/a  n/a
   2   56 |   7 1.0   19   5.7M  142  635  81%    10M |  99.9   n/a   1   27   805k   11   22  66%  81.9M    n/a  n/a
   2   57 |   7 1.0   19   5.8M  144  521  78%    10M |  99.9   n/a   1   27   739k   11   26  70%  81.9M    n/a  n/a
   2   58 |   7 1.0   19   5.9M  158  573  78%    10M |  99.9   n/a   1   27   844k   13   24  64%  81.9M    n/a  n/a
   2   59 |   7 1.0   19   5.9M  142  463  76%    10M |  99.9   n/a   1   27   892k   14   26  65%  81.9M    n/a  n/a
   2   5a |   7 1.0   19   5.7M  147  555  79%    10M |  99.9   n/a   1   27   925k   14   22  61%  81.9M    n/a  n/a
   2   5b |   7 1.0   19   5.7M  144  577  80%    10M |  99.9   n/a   1   27   928k   14   21  60%  81.9M    n/a  n/a
   3   5c |   7 1.0   19    10M  181  523  74%    10M |  99.9   n/a   1   27  3.36M   35   14  28%  81.9M    n/a  n/a
   3   5d |   7 1.0   19  10.0M  167  505  75%    10M |  99.9   n/a   1   27  2.30M   24   19  44%  81.9M    n/a  n/a
   3   5e |   7 1.0   19    10M  178  522  74%    10M |  99.9   ovl   1   27  2.09M   21   22  51%  81.9M  -620n  n/a
   3   5f |   7 1.0   19    10M  175  547  75%    10M |  99.9   ovl   1   27  2.00M   21   24  53%  81.9M   896n  n/a
   3   60 |   7 1.0   19    10M  178  587  76%    10M |  99.9   n/a   1   27  1.62M   17   22  56%  81.9M    n/a  n/a
   3   61 |   7 1.0   19    10M  163  518  76%    10M |  99.9   n/a   1   27  1.40M   14   22  61%  81.9M    n/a  n/a
   3   62 |   7 1.0   19    10M  182  478  72%    10M |  99.9   ovl   1   27  1.60M   17   22  56%  81.9M  -553n  n/a
   3   63 |   7 1.0   19   9.5M  149  475  76%    10M |  99.9   ovl   1   27  2.06M   22   17  43%  81.9M    -1u  n/a
   4   64 |   7 1.0   19   5.6M  149  620  80%    10M |  99.9   n/a   1   27   619k   10   25  71%  81.9M    n/a  n/a
   4   65 |   7 1.0   19   6.0M  144  551  79%    10M |  99.9   n/a   1   27   750k   12   21  63%  81.9M    n/a  n/a
   4   66 |   7 1.0   19   5.4M  137  605  81%    10M |  99.9   n/a   1   27   662k    9   22  70%  81.9M    n/a  n/a
   4   67 |   7 1.0   19   5.7M  135  509  79%    10M |  99.9   n/a   1   27   705k   11   25  69%  81.9M    n/a  n/a
   4   68 |   7 1.0   19   5.6M  142  660  82%    10M |  99.9   n/a   1   27   539k    7   20  74%  81.9M    n/a  n/a
   4   69 |   7 1.0   19   5.8M  141  532  79%    10M |  99.9   n/a   1   27   519k    8   19  70%  81.9M    n/a  n/a
   4   6a |   7 1.0   19   5.6M  145  591  80%    10M |  99.9   n/a   1   27   931k   14   23  62%  81.9M    n/a  n/a
   4   6b |   7 1.0   19   5.7M  137  541  79%    10M |  99.9   n/a   1   27   891k   13   23  63%  81.9M    n/a  n/a
   0   44 |   7 1.0   19   8.9M  154  576  78%    10M |  99.9   n/a   1   27  1.16M   12   14  53%  81.9M    n/a  n/a
   0   45 |   7 1.0   19   9.5M  159  476  74%    10M |  99.9   n/a   1   27  1.39M   16   18  52%  81.9M    n/a  n/a
   0   46 |   7 1.0   19   9.3M  163  583  78%    10M |  99.9   n/a   1   27  1.94M   22   14  38%  81.9M    n/a  n/a
   0   47 |   7 1.0   19   9.1M  167  500  74%    10M |  99.9   n/a   1   27  1.49M   15   13  46%  81.9M    n/a  n/a
   0   48 |   7 1.0   19   9.7M  166  542  76%    10M |  99.9   n/a   1   27   750k    7   16  69%  81.9M    n/a  n/a
   0   49 |   7 1.0   19   9.3M  164  478  74%    10M |  99.9   n/a   1   27  2.10M   21   14  40%  81.9M    n/a  n/a
   0   4a |   7 1.0   19   8.7M  161  574  78%    10M |  99.9   n/a   1   27  1.66M   17   11  39%  81.9M    n/a  n/a
   0   4b |   7 1.0   19   9.4M  149  468  75%    10M |  99.9   n/a   1   27  1.48M   15   12  44%  81.9M    n/a  n/a
   1   4c |   7 1.0   19   8.9M  166  546  76%    10M |  99.9   n/a   1   27   904k   10   21  67%  81.9M    n/a  n/a
   1   4d |   7 1.0   19   8.3M  147  546  78%    10M |  99.9   n/a   1   27  1.44M   15   23  60%  81.9M    n/a  n/a
   1   4e |   7 1.0   19   8.8M  154  556  78%    10M |  99.9   n/a   1   27   939k    9   22  70%  81.9M    n/a  n/a
   1   4f |   7 1.0   19   8.0M  140  526  78%    10M |  99.9   n/a   1   27  1.57M   15   21  58%  81.9M    n/a  n/a
   1   50 |   7 1.0   19   8.3M  147  539  78%    10M |  99.9   n/a   1   27  1.01M   10   23  69%  81.9M    n/a  n/a
   1   51 |   7 1.0   19   8.2M  147  592  80%    10M |  99.9   n/a   1   27  1.34M   14   21  60%  81.9M    n/a  n/a
   1   52 |   7 1.0   19   7.8M  149  589  79%    10M |  99.9   n/a   1   27  1.23M   12   18  60%  81.9M    n/a  n/a
   1   53 |   7 1.0   19   8.2M  143  539  79%    10M |  99.9   n/a   1   27  1.60M   15   19  55%  81.9M    n/a  n/a
   2   54 |   7 1.0   19   5.9M  156  587  79%    10M |  99.9   n/a   1   27  1.07M   16   20  55%  81.9M    n/a  n/a
   2   55 |   7 1.0   19   6.2M  153  555  78%    10M |  99.9   n/a   1   27   741k   12   20  62%  81.9M    n/a  n/a
   2   56 |   7 1.0   19   6.0M  155  564  78%    10M |  99.9   n/a   1   27   403k    6   27  81%  81.9M    n/a  n/a
   2   57 |   7 1.0   19   6.3M  150  484  76%    10M |  99.9   n/a   1   27  1.05M   16   20  55%  81.9M    n/a  n/a
   2   58 |   7 1.0   19   6.0M  148  557  79%    10M |  99.9   n/a   1   27   868k   13   19  59%  81.9M    n/a  n/a
   2   59 |   7 1.0   19   6.1M  155  516  76%    10M |  99.9   n/a   1   27   626k   10   19  65%  81.9M    n/a  n/a
   2   5a |   7 1.0   19   5.9M  150  665  81%    10M |  99.9   n/a   1   27   653k    9   22  70%  81.9M    n/a  n/a
   2   5b |   7 1.0   19   6.2M  153  519  77%    10M |  99.9   n/a   1   27   387k    6   22  78%  81.9M    n/a  n/a
   3   5c |   7 1.0   19    11M  190  476  71%    10M |  99.9   n/a   1   27  2.26M   23   15  39%  81.9M    n/a  n/a
   3   5d |   7 1.0   19    11M  185  406  68%    10M |  99.9   n/a   1   27  1.71M   17   18  51%  81.9M    n/a  n/a
   3   5e |   7 1.0   19    11M  195  430  68%    10M |  99.9   n/a   1   27  2.49M   25   14  35%  81.9M    n/a  n/a
   3   5f |   7 1.0   19    11M  191  389  67%    10M |  99.9   n/a   1   27  2.23M   22   17  43%  81.9M    n/a  n/a
   3   60 |   7 1.0   19    12M  210  439  67%    10M |  99.9   n/a   1   27  1.97M   19   14  42%  81.9M    n/a  n/a
   3   61 |   7 1.0   19    12M  189  427  69%    10M |  99.9   n/a   1   27  2.82M   27   10  27%  81.9M    n/a  n/a
   3   62 |   7 1.0   19    11M  180  495  73%    10M |  99.9   n/a   1   27  2.64M   26   14  35%  81.9M    n/a  n/a
   3   63 |   7 1.0   19    12M  195  389  66%    10M |  99.9   n/a   1   27  2.43M   25   19  43%  81.9M    n/a  n/a
   4   64 |   7 1.0   19   7.0M  181  584  76%    10M |  99.9   n/a   1   27   953k   14   21  60%  81.9M    n/a  n/a
   4   65 |   7 1.0   19   7.3M  177  513  74%    10M |  99.9   n/a   1   27  1.24M   19   25  56%  81.9M    n/a  n/a
   4   66 |   7 1.0   19   7.2M  184  547  74%    10M |  99.9   n/a   1   27   892k   14   21  60%  81.9M    n/a  n/a
   4   67 |   7 1.0   19   7.4M  175  498  73%    10M |  99.9   n/a   1   27   972k   16   24  60%  81.9M    n/a  n/a
   4   68 |   7 1.0   19   7.1M  187  537  74%    10M |  99.9   n/a   1   27   934k   14   23  62%  81.9M    n/a  n/a
   4   69 |   7 1.0   19   7.3M  181  452  71%    10M |  99.9   n/a   1   27   695k   10   26  72%  81.9M    n/a  n/a
   4   6a |   7 1.0   19   7.4M  192  525  73%    10M |  99.9   n/a   1   27  1.03M   16   20  55%  81.9M    n/a  n/a
   4   6b |   7 1.0   19   7.5M  179  456  71%    10M |  99.9   n/a   1   27  1.08M   15   19  55%  81.9M    n/a  n/a
   0   44 |   7 1.0   19   8.7M  155  649  80%    10M |  99.9   ovl   1   27  1.02M   11   18  62%  81.9M  -570n  n/a
   0   45 |   7 1.0   19   8.9M  145  549  79%    10M |  99.9   ovl   1   27  1.82M   17   17  50%  81.9M   314n  n/a
   0   46 |   7 1.0   19   9.3M  163  531  76%    10M |  99.9   ovl   1   27  1.02M   11   19  63%  81.9M  -422n  n/a
   0   47 |   7 1.0   19   9.0M  153  511  76%    10M |  99.9   ovl   1   27  1.54M   16   22  57%  81.9M   -20n  n/a
   0   48 |   7 1.0   19   9.3M  164  602  78%    10M |  99.9   ovl   1   27  1.72M   17   22  56%  81.9M  -171n  n/a
   0   49 |   7 1.0   19   8.5M  144  544  79%    10M |  99.9   ovl   1   27  1.59M   16   19  54%  81.9M  -644n  n/a
   0   4a |   7 1.0   19   8.9M  158  604  79%    10M |  99.9   ovl   1   27  1.91M   19   20  51%  81.9M   -21n  n/a
   0   4b |   7 1.0   19   9.0M  143  547  79%    10M |  99.9   ovl   1   27  1.16M   12   23  65%  81.9M  -334n  n/a
   1   4c |   7 1.0   19    10M  177  550  75%    10M |  99.9   n/a   1   27  1.21M   12   23  65%  81.9M    n/a  n/a
   1   4d |   7 1.0   19    10M  171  555  76%    10M |  99.9   n/a   1   27  1.64M   17   18  51%  81.9M    n/a  n/a
   1   4e |   7 1.0   19    10M  179  531  74%    10M |  99.9   n/a   1   27  1.33M   14   23  62%  81.9M    n/a  n/a
   1   4f |   7 1.0   19  10.0M  172  495  74%    10M |  99.9   n/a   1   27  1.47M   15   25  62%  81.9M    n/a  n/a
   1   50 |   7 1.0   19    10M  182  552  75%    10M |  99.9   ovl   1   27  2.00M   20   22  52%  81.9M  -225n  n/a
   1   51 |   7 1.0   19    10M  172  485  73%    10M |  99.9   n/a   1   27  1.57M   15   21  58%  81.9M    n/a  n/a
   1   52 |   7 1.0   19    10M  188  519  73%    10M |  99.9   n/a   1   27  1.24M   14   25  64%  81.9M    n/a  n/a
   1   53 |   7 1.0   19    10M  171  539  75%    10M |  99.9   n/a   1   27  1.23M   12   24  66%  81.9M    n/a  n/a
   2   54 |   7 1.0   19   6.7M  179  598  76%    10M |  99.9   n/a   1   27   853k   13   20  60%  81.9M    n/a  n/a
   2   55 |   7 1.0   19   6.8M  170  540  76%    10M |  99.9   ovl   1   27   568k    9   20  68%  81.9M   956n  n/a
   2   56 |   7 1.0   19   7.0M  188  521  73%    10M |  99.9   n/a   1   27   924k   13   23  63%  81.9M    n/a  n/a
   2   57 |   7 1.0   19   7.0M  172  468  73%    10M |  99.9   n/a   1   27   626k   10   18  64%  81.9M    n/a  n/a
   2   58 |   7 1.0   19   6.8M  176  614  77%    10M |  99.9   n/a   1   27   711k   11   21  65%  81.9M    n/a  n/a
   2   59 |   7 1.0   19   7.1M  176  476  73%    10M |  99.9   n/a   1   27   975k   16   20  55%  81.9M    n/a  n/a
   2   5a |   7 1.0   19   6.8M  173  580  77%    10M |  99.9   n/a   1   27   982k   15   22  59%  81.9M    n/a  n/a
   2   5b |   7 1.0   19   6.9M  169  497  74%    10M |  99.9   n/a   1   27   845k   13   20  60%  81.9M    n/a  n/a

          |--------------------DL---------------------|-------------------------------UL-----------------------------
 pci rnti | cqi  ri  mcs  brate   ok  nok  (%)  dl_bs | pusch  rsrp  ri  mcs  brate   ok  nok  (%)    bsr     ta  phr
   3   5c |   7 1.0   19    10M  188  555  74%    10M |  99.9   n/a   1   27  1.52M   14   18  56%  81.9M    n/a  n/a
   3   5d |   7 1.0   19   8.9M  146  500  77%    10M |  99.9   n/a   1   27  2.41M   24   14  36%  81.9M    n/a  n/a
   3   5e |   7 1.0   19   9.6M  167  548  76%    10M |  99.9   n/a   1   27  1.38M   13   15  53%  81.9M    n/a  n/a
   3   5f |   7 1.0   19   9.2M  153  504  76%    10M |  99.9   ovl   1   27  1.82M   17   15  46%  81.9M  -892n  n/a
   3   60 |   7 1.0   19   9.8M  177  540  75%    10M |  99.9   n/a   1   27  1.57M   15   20  57%  81.9M    n/a  n/a
   3   61 |   7 1.0   19   8.9M  152  499  76%    10M |  99.9   n/a   1   27   734k    7   15  68%  81.9M    n/a  n/a
   3   62 |   7 1.0   19   9.0M  168  528  75%    10M |  99.9   n/a   1   27   713k    8   18  69%  81.9M    n/a  n/a
   3   63 |   7 1.0   19   9.4M  155  509  76%    10M |  99.9   n/a   1   27  1.45M   14   11  44%  81.9M    n/a  n/a
   4   64 |   7 1.0   19   6.1M  167  600  78%    10M |  99.9   ovl   1   27   674k   11   18  62%  81.9M  -528n  n/a
   4   65 |   7 1.0   19   6.1M  143  597  80%    10M |  99.9   ovl   1   27   950k   14   16  53%  81.9M  -849n  n/a
   4   66 |   7 1.0   19   6.2M  167  573  77%    10M |  99.9   ovl   1   27   871k   12   16  57%  81.9M  -389n  n/a
   4   67 |   7 1.0   19   5.9M  143  565  79%    10M |  99.9   ovl   1   27   828k   12   16  57%  81.9M   972n  n/a
   4   68 |   7 1.0   19   6.0M  152  646  80%    10M |  99.9   ovl   1   27   537k    9   17  65%  81.9M  -970n  n/a
   4   69 |   7 1.0   19   6.1M  145  544  78%    10M |  99.9   ovl   1   27   834k   11   18  62%  81.9M    -1u  n/a
   4   6a |   7 1.0   19   6.6M  159  556  77%    10M |  99.9   ovl   1   27   751k   11   17  60%  81.9M   423n  n/a
   4   6b |   7 1.0   19   6.1M  147  515  77%    10M |  99.9   ovl   1   27   614k   10   18  64%  81.9M  -852n  n/a
   0   44 |   7 1.0   19   8.7M  155  559  78%    10M |  99.9   n/a   1   27  1.30M   12   16  57%  81.9M    n/a  n/a
   0   45 |   7 1.0   19   8.6M  149  543  78%    10M |  99.9   n/a   1   27  2.08M   19   13  40%  81.9M    n/a  n/a
   0   46 |   7 1.0   19   8.1M  142  574  80%    10M |  99.9   ovl   1   27  1.28M   13   17  56%  81.9M  -606n  n/a
   0   47 |   7 1.0   19   8.9M  151  516  77%    10M |  99.9   n/a   1   27  1.91M   19   10  34%  81.9M    n/a  n/a
   0   48 |   7 1.0   19   8.8M  146  573  79%    10M |  99.9   n/a   1   27  1.74M   17   10  37%  81.9M    n/a  n/a
   0   49 |   7 1.0   19   8.5M  141  546  79%    10M |  99.9   n/a   1   27  1.71M   17   15  46%  81.9M    n/a  n/a
   0   4a |   7 1.0   19   8.4M  142  556  79%    10M |  99.9   n/a   1   27  1.66M   15   14  48%  81.9M    n/a  n/a
   0   4b |   7 1.0   19   8.8M  144  525  78%    10M |  99.9   ovl   1   27  1.20M   12   15  55%  81.9M    36n  n/a
   1   4c |   7 1.0   19   9.0M  162  575  78%    10M |  99.9   ovl   1   27  1.30M   14   16  53%  81.9M   879n  n/a
   1   4d |   7 1.0   19   8.9M  148  513  77%    10M |  99.9   ovl   1   27   813k    9   16  64%  81.9M  -131n  n/a
   1   4e |   7 1.0   19   9.2M  157  553  77%    10M |  99.9   ovl   1   27   713k    8   18  69%  81.9M  -488n  n/a
   1   4f |   7 1.0   19   9.0M  149  562  79%    10M |  99.9   ovl   1   27   908k   10   18  64%  81.9M  -542n  n/a
   1   50 |   7 1.0   19   9.0M  160  580  78%    10M |  99.9   ovl   1   27  1.12M   12   18  60%  81.9M  -230n  n/a
   1   51 |   7 1.0   19   9.0M  147  509  77%    10M |  99.9   ovl   1   27   965k   10   14  58%  81.9M     1u  n/a
   1   52 |   7 1.0   19   9.2M  158  543  77%    10M |  99.9   ovl   1   27  1.09M   11   18  62%  81.9M  -294n  n/a
   1   53 |   7 1.0   19   9.0M  152  544  78%    10M |  99.9   ovl   1   27  1.13M   13   17  56%  81.9M   861n  n/a
   2   54 |   7 1.0   19   5.9M  159  588  78%    10M |  99.9   n/a   1   27   744k   13   21  61%  81.9M    n/a  n/a
   2   55 |   7 1.0   19   6.1M  150  551  78%    10M |  99.9   n/a   1   27   826k   12   19  61%  81.9M    n/a  n/a
   2   56 |   7 1.0   19   6.1M  159  607  79%    10M |  99.9   n/a   1   27   717k   10   18  64%  81.9M    n/a  n/a
   2   57 |   7 1.0   19   6.1M  154  579  78%    10M |  99.9   n/a   1   27   845k   12   20  62%  81.9M    n/a  n/a
   2   58 |   7 1.0   19   6.2M  159  616  79%    10M |  99.9   n/a   1   27   695k   11   22  66%  81.9M    n/a  n/a
   2   59 |   7 1.0   19   6.2M  160  500  75%    10M |  99.9   n/a   1   27   766k   11   22  66%  81.9M    n/a  n/a
   2   5a |   7 1.0   19   6.2M  170  593  77%    10M |  99.9   n/a   1   27   927k   15   21  58%  81.9M    n/a  n/a
   2   5b |   7 1.0   19   6.1M  145  542  78%    10M |  99.9   n/a   1   27  1.24M   18   21  53%  81.9M    n/a  n/a
   3   5c |   7 1.0   19   6.2M  112  666  85%    10M |  99.9   n/a   1   27   871k    9   22  70%  81.9M    n/a  n/a
   3   5d |   7 1.0   19   6.5M  111  571  83%    10M |  99.9   ovl   1   27   742k    8   17  68%  81.9M  -795n  n/a
   3   5e |   7 1.0   19   6.8M  114  674  85%    10M |  99.9   ovl   1   27  1.18M   12   13  52%  81.9M   693n  n/a
   3   5f |   7 1.0   19   6.2M  103  604  85%    10M |  99.9   ovl   1   27   869k   10   15  60%  81.9M  -849n  n/a
   3   60 |   7 1.0   19   6.6M  108  664  86%    10M |  99.9   ovl   1   27   506k    6   21  77%  81.9M  -763n  n/a
   3   61 |   7 1.0   19   6.3M  108  589  84%    10M |  99.9   ovl   1   27   771k    7   21  75%  81.9M  -892n  n/a
   3   62 |   7 1.0   19   6.7M  114  683  85%    10M |  99.9   n/a   1   27   887k   10   18  64%  81.9M    n/a  n/a
   3   63 |   7 1.0   19   6.6M  106  624  85%    10M |  99.9   ovl   1   27  1.30M   13   21  61%  81.9M  -910n  n/a
   4   64 |   7 1.0   19   5.5M  141  616  81%    10M |  99.9   n/a   1   27   870k   13   20  60%  81.9M    n/a  n/a
   4   65 |   7 1.0   19   5.2M  126  590  82%    10M |  99.9   n/a   1   27   530k    9   21  70%  81.9M    n/a  n/a
   4   66 |   7 1.0   19   5.5M  139  600  81%    10M |  99.9   n/a   1   27   517k    8   21  72%  81.9M    n/a  n/a
   4   67 |   7 1.0   19   5.3M  128  530  80%    10M |  99.9   n/a   1   27   611k   10   21  67%  81.9M    n/a  n/a
   4   68 |   7 1.0   19   5.4M  142  596  80%    10M |  99.9   n/a   1   27   513k    7   21  75%  81.9M    n/a  n/a
   4   69 |   7 1.0   19   5.4M  129  468  78%    10M |  99.9   n/a   1   27   662k   11   23  67%  81.9M    n/a  n/a
   4   6a |   7 1.0   19   5.1M  131  605  82%    10M |  99.9   n/a   1   27   712k   11   21  65%  81.9M    n/a  n/a
   4   6b |   7 1.0   19   5.0M  126  521  80%    10M |  99.9   n/a   1   27   577k    9   20  68%  81.9M    n/a  n/a
   0   44 |   7 1.0   19   9.7M  176  700  79%    10M |  99.9   n/a   1   27  2.15M   23   14  37%  81.9M    n/a  n/a
   0   45 |   7 1.0   19    10M  167  516  75%    10M |  99.9   n/a   1   27  1.88M   21   11  34%  81.9M    n/a  n/a
   0   46 |   7 1.0   19    11M  180  543  75%    10M |  99.9   n/a   1   27  1.37M   14   18  56%  81.9M    n/a  n/a
   0   47 |   7 1.0   19   9.8M  164  535  76%    10M |  99.9   n/a   1   27  2.02M   20   12  37%  81.9M    n/a  n/a
   0   48 |   7 1.0   19    11M  178  517  74%    10M |  99.9   n/a   1   27  1.51M   15   19  55%  81.9M    n/a  n/a
   0   49 |   7 1.0   19   9.5M  152  477  75%    10M |  99.9   n/a   1   27  2.03M   20   18  47%  81.9M    n/a  n/a
   0   4a |   7 1.0   19    10M  180  573  76%    10M |  99.9   n/a   1   27  1.98M   22   16  42%  81.9M    n/a  n/a
   0   4b |   7 1.0   19    10M  163  538  76%    10M |  99.9   n/a   1   27  1.65M   17   17  50%  81.9M    n/a  n/a
   1   4c |   7 1.0   19    11M  203  538  72%    10M |  99.9   ovl   1   27  1.97M   19   21  52%  81.9M   242n  n/a
   1   4d |   7 1.0   19    11M  179  525  74%    10M |  99.9   ovl   1   27  1.44M   14   25  64%  81.9M  -230n  n/a
   1   4e |   7 1.0   19    11M  186  515  73%    10M |  99.9   ovl   1   27  2.06M   22   21  48%  81.9M  -549n  n/a
   1   4f |   7 1.0   19    11M  181  496  73%    10M |  99.9   ovl   1   27  1.52M   15   18  54%  81.9M  -442n  n/a
   1   50 |   7 1.0   19    11M  189  563  74%    10M |  99.9   ovl   1   27  1.80M   19   22  53%  81.9M   -76n  n/a
   1   51 |   7 1.0   19    11M  174  508  74%    10M |  99.9   ovl   1   27  2.36M   24   24  50%  81.9M  -195n  n/a
   1   52 |   7 1.0   19    11M  194  540  73%    10M |  99.9   ovl   1   27  2.12M   20   21  51%  81.9M  -224n  n/a
   1   53 |   7 1.0   19    11M  189  508  72%    10M |  99.9   ovl   1   27  1.95M   18   22  55%  81.9M  -148n  n/a
   2   54 |   7 1.0   19   6.1M  158  610  79%    10M |  99.9   n/a   1   27   670k   10   22  68%  81.9M    n/a  n/a
   2   55 |   7 1.0   19   6.2M  154  465  75%    10M |  99.9   n/a   1   27  1.29M   19   21  52%  81.9M    n/a  n/a
   2   56 |   7 1.0   19   6.2M  160  575  78%    10M |  99.9   n/a   1   27  1.25M   18   19  51%  81.9M    n/a  n/a
   2   57 |   7 1.0   19   6.4M  161  571  78%    10M |  99.9   n/a   1   27  1.06M   15   21  58%  81.9M    n/a  n/a
   2   58 |   7 1.0   19   6.4M  161  569  77%    10M |  99.9   n/a   1   27   816k   13   22  62%  81.9M    n/a  n/a
   2   59 |   7 1.0   19   6.5M  163  516  75%    10M |  99.9   n/a   1   27   578k    9   21  70%  81.9M    n/a  n/a
   2   5a |   7 1.0   19   6.3M  158  587  78%    10M |  99.9   n/a   1   27   744k   10   25  71%  81.9M    n/a  n/a
   2   5b |   7 1.0   19   6.4M  161  526  76%    10M |  99.9   n/a   1   27  1.16M   17   19  52%  81.9M    n/a  n/a
   3   5c |   7 1.0   19   8.8M  151  631  80%    10M |  99.9   ovl   1   27  1.52M   16   15  48%  81.9M    66n  n/a
   3   5d |   7 1.0   19   9.1M  149  511  77%    10M |  99.9   n/a   1   27  1.80M   20   16  44%  81.9M    n/a  n/a
   3   5e |   7 1.0   19   8.8M  161  621  79%    10M |  99.9   ovl   1   27  1.43M   14   16  53%  81.9M  -106n  n/a
   3   5f |   7 1.0   19   8.8M  152  573  79%    10M |  99.9   ovl   1   27   846k    8   20  71%  81.9M     1u  n/a
   3   60 |   7 1.0   19   9.4M  161  602  78%    10M |  99.9   ovl   1   27   701k    8   21  72%  81.9M  -797n  n/a
   3   61 |   7 1.0   19   9.1M  148  537  78%    10M |  99.9   ovl   1   27  1.34M   14   20  58%  81.9M   -15n  n/a
   3   62 |   7 1.0   19   8.9M  160  548  77%    10M |  99.9   ovl   1   27   744k    8   19  70%  81.9M  -620n  n/a
   3   63 |   7 1.0   19   9.3M  155  487  75%    10M |  99.9   n/a   1   27   832k    9   19  67%  81.9M    n/a  n/a

          |--------------------DL---------------------|-------------------------------UL-----------------------------
 pci rnti | cqi  ri  mcs  brate   ok  nok  (%)  dl_bs | pusch  rsrp  ri  mcs  brate   ok  nok  (%)    bsr     ta  phr
   4   64 |   7 1.0   19   6.3M  153  552  78%    10M |  99.9   n/a   1   27   415k    7   24  77%  81.9M    n/a  n/a
   4   65 |   7 1.0   19   6.3M  159  483  75%    10M |  99.9   n/a   1   27   489k    7   25  78%  81.9M    n/a  n/a
   4   66 |   7 1.0   19   5.9M  160  590  78%    10M |  99.9   n/a   1   27   547k    8   25  75%  81.9M    n/a  n/a
   4   67 |   7 1.0   19   6.2M  158  541  77%    10M |  99.9   n/a   1   27   478k    7   22  75%  81.9M    n/a  n/a
   4   68 |   7 1.0   19   6.4M  157  631  80%    10M |  99.9   n/a   1   27   678k   11   24  68%  81.9M    n/a  n/a
   4   69 |   7 1.0   19   6.2M  156  543  77%    10M |  99.9   n/a   1   27   780k   12   23  65%  81.9M    n/a  n/a
   4   6a |   7 1.0   19   6.4M  160  572  78%    10M |  99.9   n/a   1   27   566k    7   25  78%  81.9M    n/a  n/a
   4   6b |   7 1.0   19   5.9M  145  601  80%    10M |  99.9   n/a   1   27   576k    8   23  74%  81.9M    n/a  n/a
   0   44 |   7 1.0   19   9.2M  160  555  77%    10M |  99.9   n/a   1   27  1.42M   13   16  55%  81.9M    n/a  n/a
   0   45 |   7 1.0   19   9.0M  148  639  81%    10M |  99.9   n/a   1   27  1.64M   15   18  54%  81.9M    n/a  n/a
   0   46 |   7 1.0   19   8.6M  149  592  79%    10M |  99.9   ovl   1   27  1.39M   13   14  51%  81.9M  -653n  n/a
   0   47 |   7 1.0   19   8.7M  135  570  80%    10M |  99.9   n/a   1   27  1.97M   19   15  44%  81.9M    n/a  n/a
   0   48 |   7 1.0   19   9.2M  160  536  77%    10M |  99.9   n/a   1   27  1.00M   10   16  61%  81.9M    n/a  n/a
   0   49 |   7 1.0   19   9.0M  155  575  78%    10M |  99.9   ovl   1   27  1.80M   17   12  41%  81.9M  -178n  n/a
   0   4a |   7 1.0   19   9.0M  156  590  79%    10M |  99.9   n/a   1   27  2.02M   20   12  37%  81.9M    n/a  n/a
   0   4b |   7 1.0   19   9.0M  141  540  79%    10M |  99.9   n/a   1   27  1.80M   17   18  51%  81.9M    n/a  n/a
   1   4c |   7 1.0   19    10M  192  487  71%    10M |  99.9   ovl   1   27  2.85M   29   14  32%  81.9M  -166n  n/a
   1   4d |   7 1.0   19    10M  169  488  74%    10M |  99.9   ovl   1   27  2.89M   29   14  32%  81.9M  -241n  n/a
   1   4e |   7 1.0   19    11M  183  470  71%    10M |  99.9   ovl   1   27  2.49M   25    9  26%  81.9M     2n  n/a
   1   4f |   7 1.0   19    10M  169  467  73%    10M |  99.9   ovl   1   27  2.81M   29   16  35%  81.9M   360n  n/a
   1   50 |   7 1.0   19    11M  181  493  73%    10M |  99.9   ovl   1   27  2.61M   27   17  38%  81.9M   932p  n/a
   1   51 |   7 1.0   19    10M  170  448  72%    10M |  99.9   ovl   1   27  3.25M   31   13  29%  81.9M  -173n  n/a
   1   52 |   7 1.0   19    11M  189  414  68%    10M |  99.9   ovl   1   27  2.12M   24   19  44%  81.9M  -108n  n/a
   1   53 |   7 1.0   19    10M  175  478  73%    10M |  99.9   ovl   1   27  3.26M   32    8  20%  81.9M  -204n  n/a
   2   54 |   7 1.0   19   5.8M  151  552  78%    10M |  99.9   n/a   1   27  1.01M   15   17  53%  81.9M    n/a  n/a
   2   55 |   7 1.0   19   6.5M  160  481  75%    10M |  99.9   n/a   1   27  1.27M   19   12  38%  81.9M    n/a  n/a
   2   56 |   7 1.0   19   6.2M  157  557  78%    10M |  99.9   n/a   1   27  1.24M   19   15  44%  81.9M    n/a  n/a
   2   57 |   7 1.0   19   6.4M  156  444  74%    10M |  99.9   n/a   1   27   912k   13   17  56%  81.9M    n/a  n/a
   2   58 |   7 1.0   19   5.7M  144  616  81%    10M |  99.9   n/a   1   27   954k   14   16  53%  81.9M    n/a  n/a
   2   59 |   7 1.0   19   6.3M  161  495  75%    10M |  99.9   n/a   1   27  1.21M   18   18  50%  81.9M    n/a  n/a
   2   5a |   7 1.0   19   6.2M  164  601  78%    10M |  99.9   n/a   1   27  1.05M   16   19  54%  81.9M    n/a  n/a
   2   5b |   7 1.0   19   6.2M  159  493  75%    10M |  99.9   n/a   1   27  1.22M   18   15  45%  81.9M    n/a  n/a
   3   5c |   7 1.0   19   7.4M  129  625  82%    10M |  99.9   ovl   1   27   674k    6   13  68%  81.9M  -892n  n/a
   3   5d |   7 1.0   19   7.2M  118  593  83%    10M |  99.9   ovl   1   27   967k    9   13  59%  81.9M  -620n  n/a
   3   5e |   7 1.0   19   7.5M  129  646  83%    10M |  99.9   ovl   1   27  1.32M   12   12  50%  81.9M   765n  n/a
   3   5f |   7 1.0   19   7.6M  130  564  81%    10M |  99.9   ovl   1   27  1.10M   10   14  58%  81.9M   478n  n/a
   3   60 |   7 1.0   19   7.9M  139  670  82%    10M |  99.9   n/a   1   27  1.12M   12   12  50%  81.9M    n/a  n/a
   3   61 |   7 1.0   19   7.2M  121  561  82%    10M |  99.9   ovl   1   27  1.36M   12   12  50%  81.9M    -1u  n/a
   3   62 |   7 1.0   19   7.5M  130  638  83%    10M |  99.9   ovl   1   27  1.25M   12   14  53%  81.9M   393n  n/a
   3   63 |   7 1.0   19   7.4M  123  572  82%    10M |  99.9   n/a   1   27   721k    7   14  66%  81.9M    n/a  n/a
   4   64 |   7 1.0   19   6.1M  156  623  79%    10M |  99.9   ovl   1   27   713k   10   16  61%  81.9M   -20n  n/a
   4   65 |   7 1.0   19   5.6M  136  507  78%    10M |  99.9   ovl   1   27   746k   12   19  61%  81.9M   521n  n/a
   4   66 |   7 1.0   19   5.8M  141  633  81%    10M |  99.9   ovl   1   27   820k   12   17  58%  81.9M  -613n  n/a
   4   67 |   7 1.0   19   5.8M  143  490  77%    10M |  99.9   ovl   1   27   671k   11   20  64%  81.9M    64n  n/a
   4   68 |   7 1.0   19   5.8M  142  620  81%    10M |  99.9   ovl   1   27   737k   12   17  58%  81.9M  -677n  n/a
   4   69 |   7 1.0   19   5.8M  141  508  78%    10M |  99.9   ovl   1   27   873k   12   14  53%  81.9M   -75n  n/a
   4   6a |   7 1.0   19   5.6M  144  640  81%    10M |  99.9   ovl   1   27   752k   11   17  60%  81.9M  -341n  n/a
   4   6b |   7 1.0   19   6.0M  151  521  77%    10M |  99.9   ovl   1   27   910k   12   17  58%  81.9M  -482n  n/a
   0   44 |   7 1.0   19   7.8M  145  651  81%    10M |  99.9   n/a   1   27  1.07M   12   21  63%  81.9M    n/a  n/a
   0   45 |   7 1.0   19   8.0M  137  561  80%    10M |  99.9   n/a   1   27  1.74M   18   16  47%  81.9M    n/a  n/a
   0   46 |   7 1.0   19   7.7M  135  600  81%    10M |  99.9   n/a   1   27  1.10M   10   18  64%  81.9M    n/a  n/a
   0   47 |   7 1.0   19   7.5M  128  563  81%    10M |  99.9   n/a   1   27  1.63M   17   22  56%  81.9M    n/a  n/a
   0   48 |   7 1.0   19   7.8M  140  593  80%    10M |  99.9   n/a   1   27   748k    8   20  71%  81.9M    n/a  n/a
   0   49 |   7 1.0   19   7.7M  137  564  80%    10M |  99.9   n/a   1   27   918k   10   26  72%  81.9M    n/a  n/a
   0   4a |   7 1.0   19   8.4M  148  588  79%    10M |  99.9   n/a   1   27  1.06M   12   20  62%  81.9M    n/a  n/a
   0   4b |   7 1.0   19   7.5M  131  545  80%    10M |  99.9   n/a   1   27  1.35M   13   15  53%  81.9M    n/a  n/a
   1   4c |   7 1.0   19   8.3M  155  632  80%    10M |  99.9   n/a   1   27   699k    7   21  75%  81.9M    n/a  n/a
   1   4d |   7 1.0   19   8.1M  143  541  79%    10M |  99.9   ovl   1   27   725k    7   20  74%  81.9M  -542n  n/a
   1   4e |   7 1.0   19   8.3M  156  569  78%    10M |  99.9   n/a   1   27   955k    8   20  71%  81.9M    n/a  n/a
   1   4f |   7 1.0   19   8.3M  137  525  79%    10M |  99.9   ovl   1   27  1.00M   10   20  66%  81.9M   879n  n/a
   1   50 |   7 1.0   19   8.0M  138  555  80%    10M |  99.9   n/a   1   27  1.02M   10   16  61%  81.9M    n/a  n/a
   1   51 |   7 1.0   19   8.4M  146  541  78%    10M |  99.9   ovl   1   27  1.12M   11   23  67%  81.9M  -225n  n/a
   1   52 |   7 1.0   19   8.2M  138  572  80%    10M |  99.9   n/a   1   27  1.09M   10   16  61%  81.9M    n/a  n/a
   1   53 |   7 1.0   19   8.2M  135  525  79%    10M |  99.9   ovl   1   27   961k    9   23  71%  81.9M  -172n  n/a
   2   54 |   7 1.0   19   5.8M  145  596  80%    10M |  99.9   ovl   1   27   696k   10   16  61%  81.9M   -27n  n/a
   2   55 |   7 1.0   19   6.6M  160  493  75%    10M |  99.9   ovl   1   27   768k   12   13  52%  81.9M   232n  n/a
   2   56 |   7 1.0   19   6.4M  161  559  77%    10M |  99.9   ovl   1   27  1.22M   19   18  48%  81.9M  -138n  n/a
   2   57 |   7 1.0   19   6.5M  158  545  77%    10M |  99.9   ovl   1   27   476k    7   19  73%  81.9M   875n  n/a
   2   58 |   7 1.0   19   6.6M  176  519  74%    10M |  99.9   ovl   1   27  1.35M   22   15  40%  81.9M   211n  n/a
   2   59 |   7 1.0   19   6.6M  160  467  74%    10M |  99.9   ovl   1   27   752k   13   20  60%  81.9M   886n  n/a
   2   5a |   7 1.0   19   5.9M  149  591  79%    10M |  99.9   n/a   1   27  1.22M   18   14  43%  81.9M    n/a  n/a
   2   5b |   7 1.0   19   6.3M  153  514  77%    10M |  99.9   n/a   1   27   840k   14   21  60%  81.9M    n/a  n/a
   3   5c |   7 1.0   19   9.9M  167  615  78%    10M |  99.9   n/a   1   27   881k    9   21  70%  81.9M    n/a  n/a
   3   5d |   7 1.0   19   9.3M  151  440  74%    10M |  99.9   n/a   1   27  1.03M    9   19  67%  81.9M    n/a  n/a
   3   5e |   7 1.0   19   9.6M  175  608  77%    10M |  99.9   n/a   1   27  1.16M   12   17  58%  81.9M    n/a  n/a
   3   5f |   7 1.0   19   9.6M  150  478  76%    10M |  99.9   n/a   1   27  1.66M   17   18  51%  81.9M    n/a  n/a
   3   60 |   7 1.0   19   9.5M  162  596  78%    10M |  99.9   n/a   1   27  2.26M   22   22  50%  81.9M    n/a  n/a
   3   61 |   7 1.0   19   9.5M  153  503  76%    10M |  99.9   n/a   1   27  1.75M   17   18  51%  81.9M    n/a  n/a
   3   62 |   7 1.0   19   9.4M  164  578  77%    10M |  99.9   n/a   1   27   863k   10   23  69%  81.9M    n/a  n/a
   3   63 |   7 1.0   19   9.7M  156  488  75%    10M |  99.9   n/a   1   27  2.09M   21   20  48%  81.9M    n/a  n/a
   4   64 |   7 1.0   19   6.0M  162  532  76%    10M |  99.9   n/a   1   27   363k    6   20  76%  81.9M    n/a  n/a
   4   65 |   7 1.0   19   5.7M  142  565  79%    10M |  99.9   n/a   1   27   572k    9   15  62%  81.9M    n/a  n/a
   4   66 |   7 1.0   19   6.1M  154  535  77%    10M |  99.9   n/a   1   27   600k   10   17  62%  81.9M    n/a  n/a
   4   67 |   7 1.0   19   5.8M  145  585  80%    10M |  99.9   n/a   1   27   428k    7   20  74%  81.9M    n/a  n/a
   4   68 |   7 1.0   19   6.0M  158  538  77%    10M |  99.9   n/a   1   27   581k    9   16  64%  81.9M    n/a  n/a
   4   69 |   7 1.0   19   5.8M  147  541  78%    10M |  99.9   n/a   1   27   544k    8   16  66%  81.9M    n/a  n/a
   4   6a |   7 1.0   19   5.7M  147  609  80%    10M |  99.9   n/a   1   27   510k    7   17  70%  81.9M    n/a  n/a
   4   6b |   7 1.0   19   6.0M  142  598  80%    10M |  99.9   n/a   1   27   338k    5   18  78%  81.9M    n/a  n/a

          |--------------------DL---------------------|-------------------------------UL-----------------------------
 pci rnti | cqi  ri  mcs  brate   ok  nok  (%)  dl_bs | pusch  rsrp  ri  mcs  brate   ok  nok  (%)    bsr     ta  phr
   0   44 |   7 1.0   19   9.0M  155  578  78%    10M |  99.9   n/a   1   27   904k    9   15  62%  81.9M    n/a  n/a
   0   45 |   7 1.0   19   8.2M  138  580  80%    10M |  99.9   n/a   1   27   744k    8   19  70%  81.9M    n/a  n/a
   0   46 |   7 1.0   19   8.6M  145  546  79%    10M |  99.9   ovl   1   27  1.44M   14   17  54%  81.9M   213n  n/a
   0   47 |   7 1.0   19   8.4M  142  591  80%    10M |  99.9   ovl   1   27   969k   10   19  65%  81.9M    36n  n/a
   0   48 |   7 1.0   19   8.9M  150  555  78%    10M |  99.9   n/a   1   27   771k    7   17  70%  81.9M    n/a  n/a
   0   49 |   7 1.0   19   8.3M  137  605  81%    10M |  99.9   ovl   1   27   992k   10   16  61%  81.9M  -606n  n/a
   0   4a |   7 1.0   19   8.6M  149  569  79%    10M |  99.9   n/a   1   27  1.05M   11   12  52%  81.9M    n/a  n/a
   0   4b |   7 1.0   19   8.6M  145  599  80%    10M |  99.9   ovl   1   27   961k   10   14  58%  81.9M   263n  n/a
   1   4c |   7 1.0   19   8.4M  156  564  78%    10M |  99.9   n/a   1   27  2.57M   28   12  30%  81.9M    n/a  n/a
   1   4d |   7 1.0   19   8.0M  133  531  79%    10M |  99.9   n/a   1   27  1.10M   11   19  63%  81.9M    n/a  n/a
   1   4e |   7 1.0   19   8.0M  140  658  82%    10M |  99.9   n/a   1   27  1.50M   16   13  44%  81.9M    n/a  n/a
   1   4f |   7 1.0   19   8.3M  132  552  80%    10M |  99.9   n/a   1   27  1.45M   15   11  42%  81.9M    n/a  n/a
   1   50 |   7 1.0   19   8.5M  150  625  80%    10M |  99.9   n/a   1   27  1.13M   12   16  57%  81.9M    n/a  n/a
   1   51 |   7 1.0   19   8.4M  134  530  79%    10M |  99.9   n/a   1   27  1.14M   12   12  50%  81.9M    n/a  n/a
   1   52 |   7 1.0   19   8.3M  141  632  81%    10M |  99.9   n/a   1   27   934k   10    9  47%  81.9M    n/a  n/a
   1   53 |   7 1.0   19   8.2M  135  543  80%    10M |  99.9   n/a   1   27  1.03M   11   10  47%  81.9M    n/a  n/a
   2   54 |   7 1.0   19   5.1M  132  602  82%    10M |  99.9   n/a   1   27   628k    9   20  68%  81.9M    n/a  n/a
   2   55 |   7 1.0   19   5.0M  128  627  83%    10M |  99.9   n/a   1   27   905k   14   17  54%  81.9M    n/a  n/a
   2   56 |   7 1.0   19   5.2M  144  638  81%    10M |  99.9   n/a   1   27   589k    9   20  68%  81.9M    n/a  n/a
   2   57 |   7 1.0   19   5.2M  128  558  81%    10M |  99.9   n/a   1   27   619k   10   17  62%  81.9M    n/a  n/a
   2   58 |   7 1.0   19   5.2M  145  574  79%    10M |  99.9   n/a   1   27   654k   12   20  62%  81.9M    n/a  n/a
   2   59 |   7 1.0   19   5.1M  137  570  80%    10M |  99.9   n/a   1   27   751k   11   18  62%  81.9M    n/a  n/a
   2   5a |   7 1.0   19   4.9M  129  722  84%    10M |  99.9   n/a   1   27   755k   13   18  58%  81.9M    n/a  n/a
   2   5b |   7 1.0   19   5.4M  132  603  82%    10M |  99.9   n/a   1   27   593k    8   19  70%  81.9M    n/a  n/a
   3   5c |   7 1.0   19   6.7M  119  572  82%    10M |  99.9   n/a   1   27  1000k   10   19  65%  81.9M    n/a  n/a
   3   5d |   7 1.0   19   6.6M  106  553  83%    10M |  99.9   n/a   1   27   711k    7   21  75%  81.9M    n/a  n/a
   3   5e |   7 1.0   19   6.7M  112  700  86%    10M |  99.9   n/a   1   27   830k    8   23  74%  81.9M    n/a  n/a
   3   5f |   7 1.0   19   6.7M  110  546  83%    10M |  99.9   n/a   1   27  86.0k    1   17  94%  81.9M    n/a  n/a
   3   60 |   7 1.0   19   6.9M  114  641  84%    10M |  99.9   n/a   1   27   330k    4   17  80%  81.9M    n/a  n/a
   3   61 |   7 1.0   19   7.0M  110  569  83%    10M |  99.9   n/a   1   27   498k    6   24  80%  81.9M    n/a  n/a
   3   62 |   7 1.0   19   6.3M  113  600  84%    10M |  99.9   n/a   1   27   734k    7   19  73%  81.9M    n/a  n/a
   3   63 |   7 1.0   19   6.6M  112  570  83%    10M |  99.9   n/a   1   27  1.04M   11   20  64%  81.9M    n/a  n/a
   4   64 |   7 1.0   19   4.8M  124  684  84%    10M |  99.9   n/a   1   27   593k    8   24  75%  81.9M    n/a  n/a
   4   65 |   7 1.0   19   4.9M  116  583  83%    10M |  99.9   n/a   1   27   795k   11   23  67%  81.9M    n/a  n/a
   4   66 |   7 1.0   19   4.7M  111  619  84%    10M |  99.9   n/a   1   27   922k   12   22  64%  81.9M    n/a  n/a
   4   67 |   7 1.0   19   4.9M  112  613  84%    10M |  99.9   n/a   1   27   550k    8   22  73%  81.9M    n/a  n/a
   4   68 |   7 1.0   19   4.8M  134  663  83%    10M |  99.9   n/a   1   27   439k    6   23  79%  81.9M    n/a  n/a
   4   69 |   7 1.0   19   4.7M  116  621  84%    10M |  99.9   n/a   1   27   439k    7   25  78%  81.9M    n/a  n/a
   4   6a |   7 1.0   19   4.6M  114  567  83%    10M |  99.9   n/a   1   27   404k    5   24  82%  81.9M    n/a  n/a
   4   6b |   7 1.0   19   4.8M  118  563  82%    10M |  99.9   n/a   1   27   498k    7   23  76%  81.9M    n/a  n/a
   0   44 |   7 1.0   19   7.5M  129  621  82%    10M |  99.9   n/a   1   27  1.50M   16   20  55%  81.9M    n/a  n/a
   0   45 |   7 1.0   19   7.7M  134  591  81%    10M |  99.9   n/a   1   27  1.61M   16   17  51%  81.9M    n/a  n/a
   0   46 |   7 1.0   19   7.5M  127  715  84%    10M |  99.9   n/a   1   27  1.13M   12   14  53%  81.9M    n/a  n/a
   0   47 |   7 1.0   19   7.2M  119  543  82%    10M |  99.9   n/a   1   27  1.17M   11   14  56%  81.9M    n/a  n/a
   0   48 |   7 1.0   19   8.0M  143  554  79%    10M |  99.9   n/a   1   27  1.60M   16   20  55%  81.9M    n/a  n/a
   0   49 |   7 1.0   19   7.6M  119  556  82%    10M |  99.9   n/a   1   27  1.42M   15   18  54%  81.9M    n/a  n/a
   0   4a |   7 1.0   19   8.2M  149  551  78%    10M |  99.9   n/a   1   27   805k    8   20  71%  81.9M    n/a  n/a
   0   4b |   7 1.0   19   7.3M  120  546  81%    10M |  99.9   n/a   1   27  1.70M   18   18  50%  81.9M    n/a  n/a
   1   4c |   7 1.0   19   8.3M  145  561  79%    10M |  99.9   n/a   1   27  1.45M   14   17  54%  81.9M    n/a  n/a
   1   4d |   7 1.0   19   8.7M  142  516  78%    10M |  99.9   n/a   1   27  1.71M   18   15  45%  81.9M    n/a  n/a
   1   4e |   7 1.0   19   8.7M  157  569  78%    10M |  99.9   n/a   1   27   744k    8   20  71%  81.9M    n/a  n/a
   1   4f |   7 1.0   19   8.4M  137  588  81%    10M |  99.9   n/a   1   27  1.20M   13   22  62%  81.9M    n/a  n/a
   1   50 |   7 1.0   19   8.8M  153  582  79%    10M |  99.9   n/a   1   27   820k    9   21  70%  81.9M    n/a  n/a
   1   51 |   7 1.0   19   8.6M  142  516  78%    10M |  99.9   n/a   1   27  1.50M   16   19  54%  81.9M    n/a  n/a
   1   52 |   7 1.0   19   8.7M  156  590  79%    10M |  99.9   n/a   1   27  1.39M   15   22  59%  81.9M    n/a  n/a
   1   53 |   7 1.0   19   8.1M  138  545  79%    10M |  99.9   n/a   1   27  1.11M   12   23  65%  81.9M    n/a  n/a
   2   54 |   7 1.0   19   6.4M  167  639  79%    10M |  99.9   n/a   1   27   877k   14   18  56%  81.9M    n/a  n/a
   2   55 |   7 1.0   19   6.4M  158  493  75%    10M |  99.9   n/a   1   27   721k   11   18  62%  81.9M    n/a  n/a
   2   56 |   7 1.0   19   6.4M  164  554  77%    10M |  99.9   n/a   1   27   839k   11   16  59%  81.9M    n/a  n/a
   2   57 |   7 1.0   19   6.4M  153  498  76%    10M |  99.9   n/a   1   27   494k    8   18  69%  81.9M    n/a  n/a
   2   58 |   7 1.0   19   6.4M  173  583  77%    10M |  99.9   n/a   1   27   635k   10   18  64%  81.9M    n/a  n/a
   2   59 |   7 1.0   19   6.6M  167  538  76%    10M |  99.9   n/a   1   27   728k   10   19  65%  81.9M    n/a  n/a
   2   5a |   7 1.0   19   6.8M  173  535  75%    10M |  99.9   n/a   1   27   669k   10   17  62%  81.9M    n/a  n/a
   2   5b |   7 1.0   19   6.5M  162  514  76%    10M |  99.9   n/a   1   27   692k   10   17  62%  81.9M    n/a  n/a
   3   5c |   7 1.0   19  10.0M  172  567  76%    10M |  99.9   ovl   1   27  1.86M   21   15  41%  81.9M  -708n  n/a
   3   5d |   7 1.0   19   9.5M  154  508  76%    10M |  99.9   ovl   1   27  1.41M   15   13  46%  81.9M    -1u  n/a
   3   5e |   7 1.0   19   9.7M  172  532  75%    10M |  99.9   n/a   1   27  1.57M   16   14  46%  81.9M    n/a  n/a
   3   5f |   7 1.0   19   9.3M  149  487  76%    10M |  99.9   ovl   1   27  1.66M   16   15  48%  81.9M   -15n  n/a
   3   60 |   7 1.0   19   8.9M  152  595  79%    10M |  99.9   n/a   1   27  1.99M   18   17  48%  81.9M    n/a  n/a
   3   61 |   7 1.0   19   9.2M  153  553  78%    10M |  99.9   n/a   1   27  1.52M   15   17  53%  81.9M    n/a  n/a
   3   62 |   7 1.0   19   9.8M  173  548  76%    10M |  99.9   ovl   1   27  1.81M   17   17  50%  81.9M     1u  n/a
   3   63 |   7 1.0   19   9.4M  159  537  77%    10M |  99.9   n/a   1   27  1.12M   11   20  64%  81.9M    n/a  n/a
   4   64 |   7 1.0   19   6.6M  168  544  76%    10M |  99.9   n/a   1   27   728k   11   16  59%  81.9M    n/a  n/a
   4   65 |   7 1.0   19   6.7M  157  544  77%    10M |  99.9   n/a   1   27   853k   13   16  55%  81.9M    n/a  n/a
   4   66 |   7 1.0   19   6.4M  159  615  79%    10M |  99.9   ovl   1   27  1.07M   16   14  46%  81.9M    -1u  n/a
   4   67 |   7 1.0   19   6.8M  156  498  76%    10M |  99.9   n/a   1   27   795k   11   17  60%  81.9M    n/a  n/a
   4   68 |   7 1.0   19   6.5M  159  540  77%    10M |  99.9   ovl   1   27   581k   10   17  62%  81.9M   839n  n/a
   4   69 |   7 1.0   19   6.5M  162  529  76%    10M |  99.9   ovl   1   27   872k   14   17  54%  81.9M  -852n  n/a
   4   6a |   7 1.0   19   6.6M  176  563  76%    10M |  99.9   n/a   1   27   664k    9   18  66%  81.9M    n/a  n/a
   4   6b |   7 1.0   19   6.6M  164  521  76%    10M |  99.9   ovl   1   27   860k   13   19  59%  81.9M  -970n  n/a
   0   44 |   7 1.0   19    11M  188  495  72%    10M |  99.9   ovl   1   27  2.66M   26   11  29%  81.9M    93n  n/a
   0   45 |   7 1.0   19    10M  175  505  74%    10M |  99.9   ovl   1   27  2.13M   22   15  40%  81.9M    93n  n/a
   0   46 |   7 1.0   19    12M  200  479  70%    10M |  99.9   ovl   1   27  1.97M   19   17  47%  81.9M  -494n  n/a
   0   47 |   7 1.0   19    11M  189  527  73%    10M |  99.9   n/a   1   27  1.87M   18   19  51%  81.9M    n/a  n/a
   0   48 |   7 1.0   19    11M  188  582  75%    10M |  99.9   n/a   1   27  2.16M   21   10  32%  81.9M    n/a  n/a
   0   49 |   7 1.0   19    11M  178  463  72%    10M |  99.9   n/a   1   27  1.77M   17   21  55%  81.9M    n/a  n/a
   0   4a |   7 1.0   19    11M  187  495  72%    10M |  99.9   n/a   1   27  2.89M   28    8  22%  81.9M    n/a  n/a
   0   4b |   7 1.0   19    11M  173  463  72%    10M |  99.9   n/a   1   27  2.03M   19   17  47%  81.9M    n/a  n/a

          |--------------------DL---------------------|-------------------------------UL-----------------------------
 pci rnti | cqi  ri  mcs  brate   ok  nok  (%)  dl_bs | pusch  rsrp  ri  mcs  brate   ok  nok  (%)    bsr     ta  phr
   1   4c |   7 1.0   19    10M  181  470  72%    10M |  99.9   ovl   1   27  1.38M   15   15  50%  81.9M    90n  n/a
   1   4d |   7 1.0   19   9.4M  159  528  76%    10M |  99.9   n/a   1   27   961k   10   16  61%  81.9M    n/a  n/a
   1   4e |   7 1.0   19   9.6M  177  532  75%    10M |  99.9   ovl   1   27  1.20M   13   16  55%  81.9M   374n  n/a
   1   4f |   7 1.0   19   9.7M  166  572  77%    10M |  99.9   ovl   1   27  1.76M   18   17  48%  81.9M    53n  n/a
   1   50 |   7 1.0   19   9.9M  181  535  74%    10M |  99.9   ovl   1   27  1.32M   13   12  48%  81.9M  -193n  n/a
   1   51 |   7 1.0   19   9.8M  163  552  77%    10M |  99.9   ovl   1   27   775k    8   20  71%  81.9M    86n  n/a
   1   52 |   7 1.0   19   9.3M  151  595  79%    10M |  99.9   ovl   1   27  1.32M   14   17  54%  81.9M   463n  n/a
   1   53 |   7 1.0   19   9.6M  169  474  73%    10M |  99.9   ovl   1   27  1.14M   12   18  60%  81.9M  -149n  n/a
   2   54 |   7 1.0   19   6.7M  193  529  73%    10M |  99.9   ovl   1   27   869k   13   27  67%  81.9M    67n  n/a
   2   55 |   7 1.0   19   6.9M  173  456  72%    10M |  99.9   n/a   1   27   758k   12   24  66%  81.9M    n/a  n/a
   2   56 |   7 1.0   19   7.1M  173  597  77%    10M |  99.9   n/a   1   27   830k   12   21  63%  81.9M    n/a  n/a
   2   57 |   7 1.0   19   6.8M  176  488  73%    10M |  99.9   n/a   1   27  1.04M   16   23  58%  81.9M    n/a  n/a
   2   58 |   7 1.0   19   6.9M  183  597  76%    10M |  99.9   n/a   1   27   917k   14   22  61%  81.9M    n/a  n/a
   2   59 |   7 1.0   19   6.7M  167  485  74%    10M |  99.9   n/a   1   27   755k   11   22  66%  81.9M    n/a  n/a
   2   5a |   7 1.0   19   6.8M  162  559  77%    10M |  99.9   n/a   1   27   845k   14   26  65%  81.9M    n/a  n/a
   2   5b |   7 1.0   19   6.8M  165  506  75%    10M |  99.9   n/a   1   27   839k   12   26  68%  81.9M    n/a  n/a
   3   5c |   7 1.0   19   8.1M  139  596  81%    10M |  99.9   ovl   1   27   594k    5   28  84%  81.9M   585n  n/a
   3   5d |   7 1.0   19   8.2M  130  536  80%    10M |  99.9   ovl   1   27   990k   10   25  71%  81.9M   -64n  n/a
   3   5e |   7 1.0   19   8.5M  145  610  80%    10M |  99.9   ovl   1   27   934k   10   25  71%  81.9M  -806n  n/a
   3   5f |   7 1.0   19   8.1M  137  541  79%    10M |  99.9   ovl   1   27   947k   10   24  70%  81.9M  -261n  n/a
   3   60 |   7 1.0   19   8.1M  145  652  81%    10M |  99.9   ovl   1   27  1.53M   15   18  54%  81.9M  -185n  n/a
   3   61 |   7 1.0   19   8.0M  127  534  80%    10M |  99.9   ovl   1   27  1.04M   11   20  64%  81.9M  -553n  n/a
   3   62 |   7 1.0   19   7.8M  141  680  82%    10M |  99.9   ovl   1   27   752k    7   23  76%  81.9M   193n  n/a
   3   63 |   7 1.0   19   8.1M  141  559  79%    10M |  99.9   ovl   1   27   457k    5   25  83%  81.9M     1u  n/a
   4   64 |   7 1.0   19   4.8M  116  638  84%    10M |  99.9   n/a   1   27   368k    6   25  80%  81.9M    n/a  n/a
   4   65 |   7 1.0   19   4.9M  119  595  83%    10M |  99.9   n/a   1   27   401k    7   26  78%  81.9M    n/a  n/a
   4   66 |   7 1.0   19   4.9M  131  713  84%    10M |  99.9   n/a   1   27   499k    6   22  78%  81.9M    n/a  n/a
   4   67 |   7 1.0   19   4.7M  118  620  84%    10M |  99.9   n/a   1   27   521k    7   23  76%  81.9M    n/a  n/a
   4   68 |   7 1.0   19   4.8M  125  660  84%    10M |  99.9   n/a   1   27   350k    5   27  84%  81.9M    n/a  n/a
   4   69 |   7 1.0   19   4.8M  115  551  82%    10M |  99.9   n/a   1   27   378k    6   26  81%  81.9M    n/a  n/a
   4   6a |   7 1.0   19   5.1M  135  626  82%    10M |  99.9   n/a   1   27   504k    8   26  76%  81.9M    n/a  n/a
   4   6b |   7 1.0   19   4.7M  110  607  84%    10M |  99.9   n/a   1   27   392k    6   25  80%  81.9M    n/a  n/a
   0   44 |   7 1.0   19    10M  183  511  73%    10M |  99.9   ovl   1   27  2.33M   22   23  51%  81.9M  -422n  n/a
   0   45 |   7 1.0   19   9.9M  162  464  74%    10M |  99.9   n/a   1   27  2.27M   22   13  37%  81.9M    n/a  n/a
   0   46 |   7 1.0   19   9.7M  163  507  75%    10M |  99.9   ovl   1   27  2.26M   23   13  36%  81.9M  -701n  n/a
   0   47 |   7 1.0   19   9.7M  159  520  76%    10M |  99.9   n/a   1   27  1.88M   18   13  41%  81.9M    n/a  n/a
   0   48 |   7 1.0   19    10M  177  486  73%    10M |  99.9   n/a   1   27  1.47M   15   16  51%  81.9M    n/a  n/a
   0   49 |   7 1.0   19   9.9M  168  456  73%    10M |  99.9   n/a   1   27  1.58M   16   14  46%  81.9M    n/a  n/a
   0   4a |   7 1.0   19    11M  186  500  72%    10M |  99.9   ovl   1   27  2.69M   26   13  33%  81.9M   314n  n/a
   0   4b |   7 1.0   19   9.4M  143  483  77%    10M |  99.9   n/a   1   27  2.35M   24   13  35%  81.9M    n/a  n/a
   1   4c |   7 1.0   19   9.4M  164  584  78%    10M |  99.9   n/a   1   27  1.28M   13   23  63%  81.9M    n/a  n/a
   1   4d |   7 1.0   19   9.8M  163  484  74%    10M |  99.9   ovl   1   27  1.46M   14   17  54%  81.9M   408n  n/a
   1   4e |   7 1.0   19   9.9M  168  490  74%    10M |  99.9   ovl   1   27  1.19M   12   25  67%  81.9M  -478n  n/a
   1   4f |   7 1.0   19   9.9M  165  552  76%    10M |  99.9   ovl   1   27  1.62M   16   23  58%  81.9M  -225n  n/a
   1   50 |   7 1.0   19    10M  187  540  74%    10M |  99.9   n/a   1   27  2.12M   20   19  48%  81.9M    n/a  n/a
   1   51 |   7 1.0   19   9.6M  162  487  75%    10M |  99.9   ovl   1   27  1.57M   14   17  54%  81.9M  -148n  n/a
   1   52 |   7 1.0   19    10M  191  524  73%    10M |  99.9   n/a   1   27  1.66M   15   23  60%  81.9M    n/a  n/a
   1   53 |   7 1.0   19   9.4M  157  527  77%    10M |  99.9   ovl   1   27  1.54M   15   20  57%  81.9M   991n  n/a
   2   54 |   7 1.0   19   5.5M  145  627  81%    10M |  99.9   n/a   1   27   791k   12   18  60%  81.9M    n/a  n/a
   2   55 |   7 1.0   19   5.7M  132  542  80%    10M |  99.9   n/a   1   27  1.08M   15   24  61%  81.9M    n/a  n/a
   2   56 |   7 1.0   19   5.6M  143  603  80%    10M |  99.9   n/a   1   27   766k   12   23  65%  81.9M    n/a  n/a
   2   57 |   7 1.0   19   5.6M  138  511  78%    10M |  99.9   n/a   1   27   818k   11   21  65%  81.9M    n/a  n/a
   2   58 |   7 1.0   19   5.7M  149  587  79%    10M |  99.9   ovl   1   27   601k    9   24  72%  81.9M   881n  n/a
   2   59 |   7 1.0   19   5.3M  133  563  80%    10M |  99.9   ovl   1   27   623k    9   22  70%  81.9M  -171n  n/a
   2   5a |   7 1.0   19   5.4M  144  613  80%    10M |  99.9   n/a   1   27   759k   12   23  65%  81.9M    n/a  n/a
   2   5b |   7 1.0   19   5.4M  129  589  82%    10M |  99.9   ovl   1   27   619k    9   23  71%  81.9M   -84n  n/a
   3   5c |   7 1.0   19   9.3M  159  566  78%    10M |  99.9   n/a   1   27  1.14M   11   18  62%  81.9M    n/a  n/a
   3   5d |   7 1.0   19   9.5M  153  498  76%    10M |  99.9   n/a   1   27  1.58M   16   16  50%  81.9M    n/a  n/a
   3   5e |   7 1.0   19   9.2M  163  566  77%    10M |  99.9   n/a   1   27   858k   10   20  66%  81.9M    n/a  n/a
   3   5f |   7 1.0   19   9.5M  165  495  75%    10M |  99.9   n/a   1   27  1.45M   14   20  58%  81.9M    n/a  n/a
   3   60 |   7 1.0   19   9.4M  181  629  77%    10M |  99.9   n/a   1   27  1.09M   11   19  63%  81.9M    n/a  n/a
   3   61 |   7 1.0   19   9.7M  160  499  75%    10M |  99.9   n/a   1   27   992k   10   16  61%  81.9M    n/a  n/a
   3   62 |   7 1.0   19   9.6M  161  538  76%    10M |  99.9   n/a   1   27   971k   10   18  64%  81.9M    n/a  n/a
   3   63 |   7 1.0   19   9.4M  150  501  76%    10M |  99.9   n/a   1   27   943k    9   18  66%  81.9M    n/a  n/a
   4   64 |   7 1.0   19   6.4M  161  622  79%    10M |  99.9   ovl   1   27   527k    8   20  71%  81.9M  -751n  n/a
   4   65 |   7 1.0   19   6.5M  147  530  78%    10M |  99.9   ovl   1   27  1.11M   17   19  52%  81.9M  -113n  n/a
   4   66 |   7 1.0   19   6.7M  161  539  77%    10M |  99.9   ovl   1   27   983k   15   20  57%  81.9M   -18n  n/a
   4   67 |   7 1.0   19   6.1M  149  510  77%    10M |  99.9   ovl   1   27   659k   11   21  65%  81.9M   283n  n/a
   4   68 |   7 1.0   19   6.7M  178  527  74%    10M |  99.9   ovl   1   27  1.06M   15   16  51%  81.9M   284n  n/a
   4   69 |   7 1.0   19   6.1M  150  505  77%    10M |  99.9   ovl   1   27  1.09M   17   18  51%  81.9M  -406n  n/a
   4   6a |   7 1.0   19   6.8M  161  516  76%    10M |  99.9   ovl   1   27   721k   11   19  63%  81.9M  -465n  n/a
   4   6b |   7 1.0   19   6.6M  160  538  77%    10M |  99.9   ovl   1   27   813k   12   21  63%  81.9M  -219n  n/a
   0   44 |   7 1.0   19    10M  173  481  73%    10M |  99.9   n/a   1   27  3.05M   28   12  30%  81.9M    n/a  n/a
   0   45 |   7 1.0   19    11M  191  452  70%    10M |  99.9   n/a   1   27  2.08M   21   13  38%  81.9M    n/a  n/a
   0   46 |   7 1.0   19    12M  197  458  69%    10M |  99.9   n/a   1   27  2.91M   30   13  30%  81.9M    n/a  n/a
   0   47 |   7 1.0   19    11M  178  485  73%    10M |  99.9   n/a   1   27  2.82M   31   21  40%  81.9M    n/a  n/a
   0   48 |   7 1.0   19    11M  196  521  72%    10M |  99.9   n/a   1   27  1.47M   16   22  57%  81.9M    n/a  n/a
   0   49 |   7 1.0   19    11M  187  404  68%    10M |  99.9   n/a   1   27  1.99M   19   19  50%  81.9M    n/a  n/a
   0   4a |   7 1.0   19    10M  189  474  71%    10M |  99.9   n/a   1   27  2.72M   27   16  37%  81.9M    n/a  n/a
   0   4b |   7 1.0   19    11M  172  408  70%    10M |  99.9   n/a   1   27  2.34M   23   19  45%  81.9M    n/a  n/a
   1   4c |   7 1.0   19    11M  191  553  74%    10M |  99.9   n/a   1   27  1.77M   18   17  48%  81.9M    n/a  n/a
   1   4d |   7 1.0   19    11M  178  463  72%    10M |  99.9   n/a   1   27  1.58M   16   22  57%  81.9M    n/a  n/a
   1   4e |   7 1.0   19    11M  186  509  73%    10M |  99.9   n/a   1   27  1.52M   15   18  54%  81.9M    n/a  n/a
   1   4f |   7 1.0   19    11M  175  482  73%    10M |  99.9   n/a   1   27  1.77M   18   18  50%  81.9M    n/a  n/a
   1   50 |   7 1.0   19    11M  198  502  71%    10M |  99.9   n/a   1   27  1.65M   17   17  50%  81.9M    n/a  n/a
   1   51 |   7 1.0   19    11M  175  415  70%    10M |  99.9   n/a   1   27  1.99M   22   20  47%  81.9M    n/a  n/a
   1   52 |   7 1.0   19    11M  203  494  70%    10M |  99.9   n/a   1   27  1.26M   13   22  62%  81.9M    n/a  n/a
   1   53 |   7 1.0   19    11M  177  461  72%    10M |  99.9   n/a   1   27  2.23M   24   20  45%  81.9M    n/a  n/a

          |--------------------DL---------------------|-------------------------------UL-----------------------------
 pci rnti | cqi  ri  mcs  brate   ok  nok  (%)  dl_bs | pusch  rsrp  ri  mcs  brate   ok  nok  (%)    bsr     ta  phr
   2   54 |   7 1.0   19   6.8M  177  597  77%    10M |  99.9   n/a   1   27   630k    9   23  71%  81.9M    n/a  n/a
   2   55 |   7 1.0   19   6.5M  163  499  75%    10M |  99.9   n/a   1   27   559k   10   21  67%  81.9M    n/a  n/a
   2   56 |   7 1.0   19   6.4M  168  570  77%    10M |  99.9   n/a   1   27   705k   10   25  71%  81.9M    n/a  n/a
   2   57 |   7 1.0   19   6.7M  168  517  75%    10M |  99.9   n/a   1   27   711k   12   23  65%  81.9M    n/a  n/a
   2   58 |   7 1.0   19   7.0M  178  489  73%    10M |  99.9   n/a   1   27   628k    9   21  70%  81.9M    n/a  n/a
   2   59 |   7 1.0   19   6.4M  159  488  75%    10M |  99.9   n/a   1   27   681k   11   25  69%  81.9M    n/a  n/a
   2   5a |   7 1.0   19   6.6M  164  558  77%    10M |  99.9   n/a   1   27   683k   10   24  70%  81.9M    n/a  n/a
   2   5b |   7 1.0   19   6.3M  154  534  77%    10M |  99.9   n/a   1   27   751k   12   26  68%  81.9M    n/a  n/a
   3   5c |   7 1.0   19    11M  196  547  73%    10M |  99.9   n/a   1   27  1.94M   18   25  58%  81.9M    n/a  n/a
   3   5d |   7 1.0   19    11M  188  467  71%    10M |  99.9   n/a   1   27  1.66M   17   23  57%  81.9M    n/a  n/a
   3   5e |   7 1.0   19    11M  181  574  76%    10M |  99.9   n/a   1   27  1.58M   17   25  59%  81.9M    n/a  n/a
   3   5f |   7 1.0   19    11M  184  464  71%    10M |  99.9   n/a   1   27  1.58M   16   23  58%  81.9M    n/a  n/a
   3   60 |   7 1.0   19    11M  207  555  72%    10M |  99.9   n/a   1   27  2.12M   21   24  53%  81.9M    n/a  n/a
   3   61 |   7 1.0   19    11M  195  474  70%    10M |  99.9   n/a   1   27  1.79M   18   23  56%  81.9M    n/a  n/a
   3   62 |   7 1.0   19    12M  194  510  72%    10M |  99.9   n/a   1   27  1.56M   17   27  61%  81.9M    n/a  n/a
   3   63 |   7 1.0   19    11M  189  523  73%    10M |  99.9   n/a   1   27  1.94M   20   23  53%  81.9M    n/a  n/a
   4   64 |   7 1.0   19   7.0M  188  539  74%    10M |  99.9   n/a   1   27  1.05M   15   22  59%  81.9M    n/a  n/a
   4   65 |   7 1.0   19   6.8M  163  502  75%    10M |  99.9   ovl   1   27   840k   13   23  63%  81.9M  -852n  n/a
   4   66 |   7 1.0   19   6.5M  166  555  76%    10M |  99.9   n/a   1   27   822k   13   23  63%  81.9M    n/a  n/a
   4   67 |   7 1.0   19   6.8M  162  495  75%    10M |  99.9   n/a   1   27   892k   14   24  63%  81.9M    n/a  n/a
   4   68 |   7 1.0   19   7.1M  179  525  74%    10M |  99.9   n/a   1   27  1.04M   15   23  60%  81.9M    n/a  n/a
   4   69 |   7 1.0   19   6.8M  166  475  74%    10M |  99.9   ovl   1   27  1.29M   18   15  45%  81.9M   631n  n/a
   4   6a |   7 1.0   19   6.6M  169  531  75%    10M |  99.9   ovl   1   27  1.41M   21   19  47%  81.9M  -989n  n/a
   4   6b |   7 1.0   19   6.6M  162  488  75%    10M |  99.9   n/a   1   27   772k   12   32  72%  81.9M    n/a  n/a
   0   44 |   7 1.0   19   9.9M  172  483  73%    10M |  99.9   n/a   1   27  1.26M   13   16  55%  81.9M    n/a  n/a
   0   45 |   7 1.0   19   9.8M  163  507  75%    10M |  99.9   n/a   1   27  1.59M   16   13  44%  81.9M    n/a  n/a
   0   46 |   7 1.0   19   9.5M  167  505  75%    10M |  99.9   n/a   1   27  1.21M   12   16  57%  81.9M    n/a  n/a
   0   47 |   7 1.0   19   9.6M  156  473  75%    10M |  99.9   n/a   1   27   832k    8   12  60%  81.9M    n/a  n/a
   0   48 |   7 1.0   19   9.1M  157  575  78%    10M |  99.9   ovl   1   27  1.78M   17   17  50%  81.9M  -178n  n/a
   0   49 |   7 1.0   19   9.6M  162  503  75%    10M |  99.9   n/a   1   27  1.32M   13   17  56%  81.9M    n/a  n/a
   0   4a |   7 1.0   19   8.4M  151  630  80%    10M |  99.9   n/a   1   27  1.89M   18   18  50%  81.9M    n/a  n/a
   0   4b |   7 1.0   19    10M  161  468  74%    10M |  99.9   n/a   1   27  1.21M   12   19  61%  81.9M    n/a  n/a
   1   4c |   7 1.0   19   9.8M  173  541  75%    10M |  99.9   ovl   1   27  1.61M   17   20  54%  81.9M   437n  n/a
   1   4d |   7 1.0   19   9.6M  150  510  77%    10M |  99.9   ovl   1   27  1.68M   17   21  55%  81.9M  -131n  n/a
   1   4e |   7 1.0   19   9.9M  169  567  77%    10M |  99.9   ovl   1   27  1.64M   17   27  61%  81.9M  -245n  n/a
   1   4f |   7 1.0   19   9.9M  161  487  75%    10M |  99.9   ovl   1   27  1.78M   19   28  59%  81.9M  -505n  n/a
   1   50 |   7 1.0   19   9.7M  170  579  77%    10M |  99.9   ovl   1   27  2.22M   24   15  38%  81.9M  -212n  n/a
   1   51 |   7 1.0   19   9.8M  163  477  74%    10M |  99.9   ovl   1   27  2.41M   24   19  44%  81.9M   870n  n/a
   1   52 |   7 1.0   19    10M  179  486  73%    10M |  99.9   ovl   1   27  1.86M   20   25  55%  81.9M   -30n  n/a
   1   53 |   7 1.0   19   9.9M  174  497  74%    10M |  99.9   ovl   1   27  2.02M   20   23  53%  81.9M  -441n  n/a
   2   54 |   7 1.0   19   6.8M  177  493  73%    10M |  99.9   n/a   1   27   991k   15   19  55%  81.9M    n/a  n/a
   2   55 |   7 1.0   19   6.8M  164  497  75%    10M |  99.9   n/a   1   27   550k    9   24  72%  81.9M    n/a  n/a
   2   56 |   7 1.0   19   7.1M  190  500  72%    10M |  99.9   n/a   1   27  1.02M   17   16  48%  81.9M    n/a  n/a
   2   57 |   7 1.0   19   6.4M  161  537  76%    10M |  99.9   n/a   1   27  1.27M   19   18  48%  81.9M    n/a  n/a
   2   58 |   7 1.0   19   6.5M  166  633  79%    10M |  99.9   n/a   1   27  1.16M   18   17  48%  81.9M    n/a  n/a
   2   59 |   7 1.0   19   6.8M  169  471  73%    10M |  99.9   n/a   1   27  1.02M   15   22  59%  81.9M    n/a  n/a
   2   5a |   7 1.0   19   6.5M  164  578  77%    10M |  99.9   n/a   1   27  1.03M   16   21  56%  81.9M    n/a  n/a
   2   5b |   7 1.0   19   6.8M  162  498  75%    10M |  99.9   n/a   1   27   767k   11   23  67%  81.9M    n/a  n/a
   3   5c |   7 1.0   19    11M  180  514  74%    10M |  99.9   n/a   1   27  1.41M   14   16  53%  81.9M    n/a  n/a
   3   5d |   7 1.0   19    10M  171  490  74%    10M |  99.9   n/a   1   27  1.30M   14   20  58%  81.9M    n/a  n/a
   3   5e |   7 1.0   19    10M  172  559  76%    10M |  99.9   n/a   1   27  1.66M   16   22  57%  81.9M    n/a  n/a
   3   5f |   7 1.0   19  10.0M  170  522  75%    10M |  99.9   n/a   1   27  1.34M   12   21  63%  81.9M    n/a  n/a
   3   60 |   7 1.0   19    10M  179  610  77%    10M |  99.9   n/a   1   27  1.44M   14   19  57%  81.9M    n/a  n/a
   3   61 |   7 1.0   19    10M  158  491  75%    10M |  99.9   n/a   1   27  1.08M   11   20  64%  81.9M    n/a  n/a
   3   62 |   7 1.0   19   9.9M  173  529  75%    10M |  99.9   n/a   1   27  1.37M   13   22  62%  81.9M    n/a  n/a
   3   63 |   7 1.0   19  10.0M  167  477  74%    10M |  99.9   n/a   1   27  1.13M   10   18  64%  81.9M    n/a  n/a
   4   64 |   7 1.0   19   6.1M  156  577  78%    10M |  99.9   n/a   1   27   404k    6   23  79%  81.9M    n/a  n/a
   4   65 |   7 1.0   19   6.3M  151  516  77%    10M |  99.9   n/a   1   27   520k    8   22  73%  81.9M    n/a  n/a
   4   66 |   7 1.0   19   6.3M  162  608  78%    10M |  99.9   n/a   1   27   539k    9   22  70%  81.9M    n/a  n/a
   4   67 |   7 1.0   19   6.1M  147  506  77%    10M |  99.9   n/a   1   27   694k   11   23  67%  81.9M    n/a  n/a
   4   68 |   7 1.0   19   6.6M  170  524  75%    10M |  99.9   n/a   1   27   497k    8   23  74%  81.9M    n/a  n/a
   4   69 |   7 1.0   19   6.2M  154  510  76%    10M |  99.9   n/a   1   27   565k    8   23  74%  81.9M    n/a  n/a
   4   6a |   7 1.0   19   6.2M  154  546  78%    10M |  99.9   n/a   1   27   586k    8   22  73%  81.9M    n/a  n/a
   4   6b |   7 1.0   19   6.4M  155  539  77%    10M |  99.9   n/a   1   27   505k    8   26  76%  81.9M    n/a  n/a
   0   44 |   7 1.0   19   8.8M  152  638  80%    10M |  99.9   ovl   1   27  1.69M   16   15  48%  81.9M  -153n  n/a
   0   45 |   7 1.0   19   9.0M  148  516  77%    10M |  99.9   ovl   1   27  1.48M   14   16  53%  81.9M  -348n  n/a
   0   46 |   7 1.0   19   8.7M  156  620  79%    10M |  99.9   ovl   1   27  1.53M   14   18  56%  81.9M  -563n  n/a
   0   47 |   7 1.0   19   9.0M  150  504  77%    10M |  99.9   ovl   1   27  1.41M   13   16  55%  81.9M    18n  n/a
   0   48 |   7 1.0   19   8.8M  165  520  75%    10M |  99.9   ovl   1   27  1.64M   17   15  46%  81.9M  -178n  n/a
   0   49 |   7 1.0   19   8.7M  141  556  79%    10M |  99.9   ovl   1   27  1.34M   14   15  51%  81.9M    42n  n/a
   0   4a |   7 1.0   19   9.1M  162  597  78%    10M |  99.9   ovl   1   27  1.49M   14   17  54%  81.9M  -348n  n/a
   0   4b |   7 1.0   19   8.9M  156  513  76%    10M |  99.9   ovl   1   27  1.64M   18   15  45%  81.9M    79n  n/a
   1   4c |   7 1.0   19    10M  179  573  76%    10M |  99.9   n/a   1   27  1.45M   15   17  53%  81.9M    n/a  n/a
   1   4d |   7 1.0   19   9.6M  163  575  77%    10M |  99.9   n/a   1   27  1.00M   11   17  60%  81.9M    n/a  n/a
   1   4e |   7 1.0   19    10M  181  560  75%    10M |  99.9   n/a   1   27  1.47M   15   12  44%  81.9M    n/a  n/a
   1   4f |   7 1.0   19   9.8M  165  548  76%    10M |  99.9   n/a   1   27  1.60M   17   15  46%  81.9M    n/a  n/a
   1   50 |   7 1.0   19    10M  186  557  74%    10M |  99.9   n/a   1   27  1.02M   11   20  64%  81.9M    n/a  n/a
   1   51 |   7 1.0   19   9.8M  167  544  76%    10M |  99.9   n/a   1   27  1.38M   14   18  56%  81.9M    n/a  n/a
   1   52 |   7 1.0   19    10M  167  613  78%    10M |  99.9   n/a   1   27  1.39M   15   16  51%  81.9M    n/a  n/a
   1   53 |   7 1.0   19   9.5M  165  525  76%    10M |  99.9   n/a   1   27  1.33M   14   17  54%  81.9M    n/a  n/a
   2   54 |   7 1.0   19   5.6M  150  682  81%    10M |  99.9   n/a   1   27   775k   12   18  60%  81.9M    n/a  n/a
   2   55 |   7 1.0   19   5.3M  136  537  79%    10M |  99.9   n/a   1   27   717k   11   16  59%  81.9M    n/a  n/a
   2   56 |   7 1.0   19   5.9M  150  583  79%    10M |  99.9   n/a   1   27   699k   12   17  58%  81.9M    n/a  n/a
   2   57 |   7 1.0   19   5.4M  136  526  79%    10M |  99.9   n/a   1   27  1.36M   20   14  41%  81.9M    n/a  n/a
   2   58 |   7 1.0   19   6.0M  152  612  80%    10M |  99.9   ovl   1   27  1.16M   17   16  48%  81.9M   816n  n/a
   2   59 |   7 1.0   19   5.5M  132  519  79%    10M |  99.9   ovl   1   27  1.32M   20   12  37%  81.9M  -655n  n/a
   2   5a |   7 1.0   19   6.1M  162  605  78%    10M |  99.9   ovl   1   27  1.09M   16   15  48%  81.9M   947n  n/a
   2   5b |   7 1.0   19   5.9M  145  515  78%    10M |  99.9   n/a   1   27  1.26M   18   14  43%  81.9M    n/a  n/a

          |--------------------DL---------------------|-------------------------------UL-----------------------------
 pci rnti | cqi  ri  mcs  brate   ok  nok  (%)  dl_bs | pusch  rsrp  ri  mcs  brate   ok  nok  (%)    bsr     ta  phr
   3   5c |   7 1.0   19   8.9M  169  538  76%    10M |  99.9   n/a   1   27  1.33M   13   24  64%  81.9M    n/a  n/a
   3   5d |   7 1.0   19   8.3M  141  580  80%    10M |  99.9   n/a   1   27  1.27M   13   23  63%  81.9M    n/a  n/a
   3   5e |   7 1.0   19   7.7M  137  723  84%    10M |  99.9   n/a   1   27  1.10M   12   22  64%  81.9M    n/a  n/a
   3   5f |   7 1.0   19   8.4M  137  531  79%    10M |  99.9   n/a   1   27  1.83M   18   18  50%  81.9M    n/a  n/a
   3   60 |   7 1.0   19   8.5M  149  571  79%    10M |  99.9   n/a   1   27  1.62M   17   20  54%  81.9M    n/a  n/a
   3   61 |   7 1.0   19   8.4M  131  543  80%    10M |  99.9   n/a   1   27  1.10M   11   27  71%  81.9M    n/a  n/a
   3   62 |   7 1.0   19   8.2M  147  618  80%    10M |  99.9   n/a   1   27  1.21M   12   19  61%  81.9M    n/a  n/a
   3   63 |   7 1.0   19   8.4M  141  579  80%    10M |  99.9   n/a   1   27  1.32M   13   20  60%  81.9M    n/a  n/a
   4   64 |   7 1.0   19   5.4M  135  672  83%    10M |  99.9   ovl   1   27   719k   12   18  60%  81.9M   -89n  n/a
   4   65 |   7 1.0   19   5.2M  123  551  81%    10M |  99.9   ovl   1   27   715k   11   18  62%  81.9M    35n  n/a
   4   66 |   7 1.0   19   5.2M  134  630  82%    10M |  99.9   ovl   1   27   640k   10   21  67%  81.9M  -272n  n/a
   4   67 |   7 1.0   19   5.2M  127  590  82%    10M |  99.9   ovl   1   27   823k   13   16  55%  81.9M  -222n  n/a
   4   68 |   7 1.0   19   5.1M  138  585  80%    10M |  99.9   ovl   1   27   736k   12   18  60%  81.9M   212n  n/a
   4   69 |   7 1.0   19   5.1M  121  576  82%    10M |  99.9   ovl   1   27   765k   12   19  61%  81.9M  -705n  n/a
   4   6a |   7 1.0   19   5.1M  128  538  80%    10M |  99.9   ovl   1   27   735k   11   16  59%  81.9M  -174n  n/a
   4   6b |   7 1.0   19   5.4M  130  548  80%    10M |  99.9   ovl   1   27   696k   10   16  61%  81.9M   151n  n/a
   0   44 |   7 1.0   19   7.8M  142  698  83%    10M |  99.9   n/a   1   27  1.52M   14   20  58%  81.9M    n/a  n/a
   0   45 |   7 1.0   19   7.7M  129  602  82%    10M |  99.9   n/a   1   27  1.31M   13   23  63%  81.9M    n/a  n/a
   0   46 |   7 1.0   19   7.9M  131  578  81%    10M |  99.9   n/a   1   27   881k    9   25  73%  81.9M    n/a  n/a
   0   47 |   7 1.0   19   7.6M  128  603  82%    10M |  99.9   n/a   1   27   922k    9   22  70%  81.9M    n/a  n/a
   0   48 |   7 1.0   19   8.8M  147  550  78%    10M |  99.9   n/a   1   27  1.09M   11   22  66%  81.9M    n/a  n/a
   0   49 |   7 1.0   19   7.7M  128  582  81%    10M |  99.9   n/a   1   27   727k    7   22  75%  81.9M    n/a  n/a
   0   4a |   7 1.0   19   8.1M  142  639  81%    10M |  99.9   n/a   1   27  1.08M   11   21  65%  81.9M    n/a  n/a
   0   4b |   7 1.0   19   7.5M  125  606  82%    10M |  99.9   n/a   1   27   875k    9   19  67%  81.9M    n/a  n/a
   1   4c |   7 1.0   19   9.7M  173  597  77%    10M |  99.9   ovl   1   27  1.94M   19   19  50%  81.9M  -800n  n/a
   1   4d |   7 1.0   19   9.5M  153  522  77%    10M |  99.9   ovl   1   27  2.05M   19   12  38%  81.9M  -196n  n/a
   1   4e |   7 1.0   19  10.0M  178  512  74%    10M |  99.9   ovl   1   27  2.65M   28   15  34%  81.9M     1u  n/a
   1   4f |   7 1.0   19   8.8M  154  586  79%    10M |  99.9   ovl   1   27  1.72M   18   15  45%  81.9M  -542n  n/a
   1   50 |   7 1.0   19   9.7M  164  516  75%    10M |  99.9   ovl   1   27  1.84M   19   14  42%  81.9M   644n  n/a
   1   51 |   7 1.0   19   9.0M  141  547  79%    10M |  99.9   n/a   1   27  2.82M   28   11  28%  81.9M    n/a  n/a
   1   52 |   7 1.0   19   9.3M  170  543  76%    10M |  99.9   ovl   1   27  2.18M   21   14  40%  81.9M   861n  n/a
   1   53 |   7 1.0   19   9.5M  145  539  78%    10M |  99.9   ovl   1   27  2.00M   20   18  47%  81.9M  -342n  n/a
   2   54 |   7 1.0   19   7.1M  187  525  73%    10M |  99.9   ovl   1   27  1.60M   23   10  30%  81.9M   180n  n/a
   2   55 |   7 1.0   19   6.8M  168  509  75%    10M |  99.9   ovl   1   27  1.53M   21   14  40%  81.9M  -105n  n/a
   2   56 |   7 1.0   19   6.8M  177  515  74%    10M |  99.9   ovl   1   27  1.10M   18   17  48%  81.9M   717n  n/a
   2   57 |   7 1.0   19   7.0M  178  501  73%    10M |  99.9   ovl   1   27  1.35M   19   16  45%  81.9M  -568n  n/a
   2   58 |   7 1.0   19   6.9M  179  517  74%    10M |  99.9   ovl   1   27  1.34M   19   16  45%  81.9M  -390n  n/a
   2   59 |   7 1.0   19   7.1M  175  471  72%    10M |  99.9   ovl   1   27  1.13M   16   13  44%  81.9M  -449n  n/a
   2   5a |   7 1.0   19   7.4M  194  474  70%    10M |  99.9   ovl   1   27  1.38M   20    9  31%  81.9M   947n  n/a
   2   5b |   7 1.0   19   7.0M  182  479  72%    10M |  99.9   ovl   1   27  1.29M   20   18  47%  81.9M   811n  n/a
   3   5c |   7 1.0   19   9.2M  155  635  80%    10M |  99.9   n/a   1   27  1.37M   12   15  55%  81.9M    n/a  n/a
   3   5d |   7 1.0   19   9.9M  159  520  76%    10M |  99.9   n/a   1   27  1.48M   14   18  56%  81.9M    n/a  n/a
   3   5e |   7 1.0   19   9.5M  168  586  77%    10M |  99.9   n/a   1   27  1.75M   18   17  48%  81.9M    n/a  n/a
   3   5f |   7 1.0   19   9.7M  163  508  75%    10M |  99.9   n/a   1   27  1.63M   17   20  54%  81.9M    n/a  n/a
   3   60 |   7 1.0   19   9.6M  172  602  77%    10M |  99.9   n/a   1   27  1.47M   14   19  57%  81.9M    n/a  n/a
   3   61 |   7 1.0   19   9.9M  167  551  76%    10M |  99.9   n/a   1   27  2.17M   22   16  42%  81.9M    n/a  n/a
   3   62 |   7 1.0   19   9.6M  168  586  77%    10M |  99.9   n/a   1   27  1.64M   16   17  51%  81.9M    n/a  n/a
   3   63 |   7 1.0   19  10.0M  162  511  75%    10M |  99.9   n/a   1   27  1.85M   17   16  48%  81.9M    n/a  n/a
   4   64 |   7 1.0   19   7.9M  195  514  72%    10M |  99.9   ovl   1   27  2.25M   33   10  23%  81.9M  -192n  n/a
   4   65 |   7 1.0   19   8.9M  207  350  62%    10M |  99.9   ovl   1   27  1.93M   28   16  36%  81.9M  -274n  n/a
   4   66 |   7 1.0   19   8.4M  213  475  69%    10M |  99.9   ovl   1   27  2.00M   31   13  29%  81.9M   263n  n/a
   4   67 |   7 1.0   19   9.1M  211  324  60%    10M |  99.9   ovl   1   27  2.24M   31   14  31%  81.9M  -473n  n/a
   4   68 |   7 1.0   19   8.7M  224  425  65%    10M |  99.9   ovl   1   27  2.01M   32   14  30%  81.9M   107n  n/a
   4   69 |   7 1.0   19   8.6M  214  392  64%    10M |  99.9   ovl   1   27  1.65M   25   13  34%  81.9M   311n  n/a
   4   6a |   7 1.0   19   8.2M  205  504  71%    10M |  99.9   ovl   1   27  1.70M   26   11  29%  81.9M  -241n  n/a
   4   6b |   7 1.0   19   8.8M  222  400  64%    10M |  99.9   ovl   1   27  1.72M   26   17  39%  81.9M  -291n  n/a
   0   44 |   7 1.0   19   9.7M  168  573  77%    10M |  99.9   n/a   1   27  1.25M   13   17  56%  81.9M    n/a  n/a
   0   45 |   7 1.0   19   9.9M  160  432  72%    10M |  99.9   n/a   1   27  1.30M   13   19  59%  81.9M    n/a  n/a
   0   46 |   7 1.0   19   9.6M  165  632  79%    10M |  99.9   n/a   1   27  1.16M   12   22  64%  81.9M    n/a  n/a
   0   47 |   7 1.0   19   9.7M  161  534  76%    10M |  99.9   ovl   1   27  1.09M   12   21  63%  81.9M    17n  n/a
   0   48 |   7 1.0   19   9.6M  164  561  77%    10M |  99.9   n/a   1   27  1.09M   11   18  62%  81.9M    n/a  n/a
   0   49 |   7 1.0   19   9.4M  157  474  75%    10M |  99.9   n/a   1   27  1.13M   11   20  64%  81.9M    n/a  n/a
   0   4a |   7 1.0   19   9.5M  170  550  76%    10M |  99.9   n/a   1   27  1.02M   10   20  66%  81.9M    n/a  n/a
   0   4b |   7 1.0   19   9.6M  158  501  76%    10M |  99.9   n/a   1   27  1.33M   13   16  55%  81.9M    n/a  n/a
   1   4c |   7 1.0   19    10M  176  555  75%    10M |  99.9   n/a   1   27  1.67M   16   21  56%  81.9M    n/a  n/a
   1   4d |   7 1.0   19    10M  170  493  74%    10M |  99.9   n/a   1   27  2.00M   20   18  47%  81.9M    n/a  n/a
   1   4e |   7 1.0   19    10M  181  519  74%    10M |  99.9   n/a   1   27  1.32M   13   20  60%  81.9M    n/a  n/a
   1   4f |   7 1.0   19    10M  175  553  75%    10M |  99.9   n/a   1   27  1.41M   15   21  58%  81.9M    n/a  n/a
   1   50 |   7 1.0   19   9.9M  175  540  75%    10M |  99.9   n/a   1   27  1.64M   15   24  61%  81.9M    n/a  n/a
   1   51 |   7 1.0   19    10M  176  485  73%    10M |  99.9   n/a   1   27  2.14M   22   12  35%  81.9M    n/a  n/a
   1   52 |   7 1.0   19   9.9M  181  504  73%    10M |  99.9   n/a   1   27  1.20M   12   18  60%  81.9M    n/a  n/a
   1   53 |   7 1.0   19    10M  171  451  72%    10M |  99.9   n/a   1   27  1.84M   18   14  43%  81.9M    n/a  n/a
   2   54 |   7 1.0   19   6.2M  163  587  78%    10M |  99.9   n/a   1   27   486k    7   23  76%  81.9M    n/a  n/a
   2   55 |   7 1.0   19   5.7M  137  556  80%    10M |  99.9   n/a   1   27  1.18M   16   19  54%  81.9M    n/a  n/a
   2   56 |   7 1.0   19   5.7M  149  569  79%    10M |  99.9   n/a   1   27   727k   10   23  69%  81.9M    n/a  n/a
   2   57 |   7 1.0   19   5.6M  135  504  78%    10M |  99.9   n/a   1   27   799k   11   22  66%  81.9M    n/a  n/a
   2   58 |   7 1.0   19   5.7M  145  609  80%    10M |  99.9   n/a   1   27   621k   10   20  66%  81.9M    n/a  n/a
   2   59 |   7 1.0   19   5.7M  138  534  79%    10M |  99.9   n/a   1   27   547k    8   21  72%  81.9M    n/a  n/a
   2   5a |   7 1.0   19   5.7M  137  589  81%    10M |  99.9   n/a   1   27   924k   14   22  61%  81.9M    n/a  n/a
   2   5b |   7 1.0   19   5.9M  148  528  78%    10M |  99.9   n/a   1   27   696k   11   22  66%  81.9M    n/a  n/a
   3   5c |   7 1.0   19    11M  193  487  71%    10M |  99.9   n/a   1   27  1.78M   17   19  52%  81.9M    n/a  n/a
   3   5d |   7 1.0   19    12M  190  515  73%    10M |  99.9   n/a   1   27  1.84M   20   16  44%  81.9M    n/a  n/a
   3   5e |   7 1.0   19    12M  207  506  70%    10M |  99.9   n/a   1   27  1.83M   18   20  52%  81.9M    n/a  n/a
   3   5f |   7 1.0   19    12M  194  467  70%    10M |  99.9   n/a   1   27  2.61M   27   16  37%  81.9M    n/a  n/a
   3   60 |   7 1.0   19    12M  207  507  71%    10M |  99.9   n/a   1   27  2.40M   25   19  43%  81.9M    n/a  n/a
   3   61 |   7 1.0   19    12M  195  491  71%    10M |  99.9   n/a   1   27  2.09M   21   18  46%  81.9M    n/a  n/a
   3   62 |   7 1.0   19    12M  212  453  68%    10M |  99.9   n/a   1   27  2.31M   24   16  40%  81.9M    n/a  n/a
   3   63 |   7 1.0   19    12M  189  473  71%    10M |  99.9   n/a   1   27  1.60M   16   20  55%  81.9M    n/a  n/a

          |--------------------DL---------------------|-------------------------------UL-----------------------------
 pci rnti | cqi  ri  mcs  brate   ok  nok  (%)  dl_bs | pusch  rsrp  ri  mcs  brate   ok  nok  (%)    bsr     ta  phr
   4   64 |   7 1.0   19   6.1M  154  492  76%    10M |  99.9   n/a   1   27   704k   10   22  68%  81.9M    n/a  n/a
   4   65 |   7 1.0   19   6.2M  150  494  76%    10M |  99.9   n/a   1   27   857k   13   12  48%  81.9M    n/a  n/a
   4   66 |   7 1.0   19   5.8M  150  555  78%    10M |  99.9   n/a   1   27  1.51M   22    9  29%  81.9M    n/a  n/a
   4   67 |   7 1.0   19   5.7M  147  486  76%    10M |  99.9   n/a   1   27  1.22M   18   15  45%  81.9M    n/a  n/a
   4   68 |   7 1.0   19   6.2M  172  523  75%    10M |  99.9   n/a   1   27   680k   11   22  66%  81.9M    n/a  n/a
   4   69 |   7 1.0   19   5.9M  149  505  77%    10M |  99.9   n/a   1   27   600k    9   22  70%  81.9M    n/a  n/a
   4   6a |   7 1.0   19   5.7M  138  543  79%    10M |  99.9   n/a   1   27  1.10M   17   18  51%  81.9M    n/a  n/a
   4   6b |   7 1.0   19   6.0M  143  482  77%    10M |  99.9   n/a   1   27  1.63M   24    7  22%  81.9M    n/a  n/a
   0   44 |   7 1.0   19   9.6M  158  561  78%    10M |  99.9   n/a   1   27  1.74M   18   19  51%  81.9M    n/a  n/a
   0   45 |   7 1.0   19    10M  166  429  72%    10M |  99.9   ovl   1   27  2.64M   28   19  40%  81.9M   352n  n/a
   0   46 |   7 1.0   19    11M  182  514  73%    10M |  99.9   n/a   1   27  2.22M   23   21  47%  81.9M    n/a  n/a
   0   47 |   7 1.0   19    11M  177  452  71%    10M |  99.9   n/a   1   27  1.95M   21   21  50%  81.9M    n/a  n/a
   0   48 |   7 1.0   19    10M  179  527  74%    10M |  99.9   ovl   1   27  2.48M   25   17  40%  81.9M  -704n  n/a
   0   49 |   7 1.0   19    10M  173  488  73%    10M |  99.9   ovl   1   27  2.00M   20   16  44%  81.9M  -969n  n/a
   0   4a |   7 1.0   19    10M  182  493  73%    10M |  99.9   ovl   1   27  2.47M   24   19  44%  81.9M   447n  n/a
   0   4b |   7 1.0   19    10M  161  475  74%    10M |  99.9   ovl   1   27  2.22M   23   20  46%  81.9M   263n  n/a
   1   4c |   7 1.0   19   7.8M  138  594  81%    10M |  99.9   n/a   1   27   846k    9   25  73%  81.9M    n/a  n/a
   1   4d |   7 1.0   19   7.2M  124  572  82%    10M |  99.9   n/a   1   27   838k    9   20  68%  81.9M    n/a  n/a
   1   4e |   7 1.0   19   7.6M  135  622  82%    10M |  99.9   n/a   1   27   670k    7   21  75%  81.9M    n/a  n/a
   1   4f |   7 1.0   19   7.7M  132  564  81%    10M |  99.9   n/a   1   27   902k    9   25  73%  81.9M    n/a  n/a
   1   50 |   7 1.0   19   7.8M  144  609  80%    10M |  99.9   n/a   1   27  1.17M   12   22  64%  81.9M    n/a  n/a
   1   51 |   7 1.0   19   7.5M  128  598  82%    10M |  99.9   n/a   1   27   805k    8   25  75%  81.9M    n/a  n/a
   1   52 |   7 1.0   19   8.0M  143  580  80%    10M |  99.9   n/a   1   27   807k    8   22  73%  81.9M    n/a  n/a
   1   53 |   7 1.0   19   7.7M  123  613  83%    10M |  99.9   n/a   1   27   797k    8   24  75%  81.9M    n/a  n/a
   2   54 |   7 1.0   19   6.5M  159  512  76%    10M |  99.9   ovl   1   27   844k   12   19  61%  81.9M   887n  n/a
   2   55 |   7 1.0   19   6.4M  157  506  76%    10M |  99.9   ovl   1   27   568k    8   15  65%  81.9M  -655n  n/a
   2   56 |   7 1.0   19   6.2M  158  583  78%    10M |  99.9   ovl   1   27   522k    7   18  72%  81.9M   811n  n/a
   2   57 |   7 1.0   19   6.2M  160  517  76%    10M |  99.9   n/a   1   27   654k   10   18  64%  81.9M    n/a  n/a
   2   58 |   7 1.0   19   6.3M  170  573  77%    10M |  99.9   n/a   1   27   686k   10   19  65%  81.9M    n/a  n/a
   2   59 |   7 1.0   19   6.4M  156  531  77%    10M |  99.9   n/a   1   27   453k    6   18  75%  81.9M    n/a  n/a
   2   5a |   7 1.0   19   6.2M  159  576  78%    10M |  99.9   n/a   1   27   628k    9   16  64%  81.9M    n/a  n/a
   2   5b |   7 1.0   19   6.3M  155  504  76%    10M |  99.9   n/a   1   27   807k   11   14  56%  81.9M    n/a  n/a
   3   5c |   7 1.0   19    11M  174  495  73%    10M |  99.9   ovl   1   27  2.16M   23   23  50%  81.9M  -892n  n/a
   3   5d |   7 1.0   19    10M  182  465  71%    10M |  99.9   n/a   1   27  2.49M   27   17  38%  81.9M    n/a  n/a
   3   5e |   7 1.0   19    11M  171  503  74%    10M |  99.9   ovl   1   27  2.15M   22   17  43%  81.9M  -620n  n/a
   3   5f |   7 1.0   19    11M  185  423  69%    10M |  99.9   ovl   1   27  2.21M   21   15  41%  81.9M   393n  n/a
   3   60 |   7 1.0   19    11M  197  486  71%    10M |  99.9   ovl   1   27  2.03M   20   22  52%  81.9M    -1u  n/a
   3   61 |   7 1.0   19    10M  179  445  71%    10M |  99.9   ovl   1   27  3.08M   31   13  29%  81.9M   644n  n/a
   3   62 |   7 1.0   19    11M  194  470  70%    10M |  99.9   ovl   1   27  2.06M   21   14  40%  81.9M  -892n  n/a
   3   63 |   7 1.0   19    11M  173  435  71%    10M |  99.9   n/a   1   27  2.14M   21   13  38%  81.9M    n/a  n/a
   4   64 |   7 1.0   19   5.9M  155  552  78%    10M |  99.9   n/a   1   27   739k   11   14  56%  81.9M    n/a  n/a
   4   65 |   7 1.0   19   5.8M  151  509  77%    10M |  99.9   ovl   1   27   351k    5   18  78%  81.9M   423n  n/a
   4   66 |   7 1.0   19   5.9M  158  609  79%    10M |  99.9   ovl   1   27   450k    7   18  72%  81.9M    -1u  n/a
   4   67 |   7 1.0   19   5.9M  138  490  78%    10M |  99.9   ovl   1   27   651k    9   17  65%  81.9M   972n  n/a
   4   68 |   7 1.0   19   6.1M  146  598  80%    10M |  99.9   n/a   1   27   555k    7   19  73%  81.9M    n/a  n/a
   4   69 |   7 1.0   19   5.7M  137  527  79%    10M |  99.9   n/a   1   27   347k    5   19  79%  81.9M    n/a  n/a
   4   6a |   7 1.0   19   6.4M  160  606  79%    10M |  99.9   n/a   1   27   673k   10   15  60%  81.9M    n/a  n/a
   4   6b |   7 1.0   19   5.8M  134  563  80%    10M |  99.9   n/a   1   27   316k    4   20  83%  81.9M    n/a  n/a
   0   44 |   7 1.0   19    11M  192  488  71%    10M |  99.9   ovl   1   27  1.47M   14   15  51%  81.9M    17n  n/a
   0   45 |   7 1.0   19    10M  175  493  73%    10M |  99.9   ovl   1   27  2.00M   20   13  39%  81.9M    36n  n/a
   0   46 |   7 1.0   19    11M  184  531  74%    10M |  99.9   ovl   1   27  1.51M   15   18  54%  81.9M   914n  n/a
   0   47 |   7 1.0   19    11M  177  463  72%    10M |  99.9   n/a   1   27  1.58M   16   16  50%  81.9M    n/a  n/a
   0   48 |   7 1.0   19    11M  183  525  74%    10M |  99.9   ovl   1   27  1.87M   19   15  44%  81.9M  -606n  n/a
   0   49 |   7 1.0   19    11M  176  464  72%    10M |  99.9   ovl   1   27  2.01M   21   16  43%  81.9M    -1u  n/a
   0   4a |   7 1.0   19    11M  188  489  72%    10M |  99.9   ovl   1   27  2.49M   25   15  37%  81.9M  -606n  n/a
   0   4b |   7 1.0   19    10M  172  546  76%    10M |  99.9   n/a   1   27  1.36M   12   15  55%  81.9M    n/a  n/a
   1   4c |   7 1.0   19    10M  188  598  76%    10M |  99.9   n/a   1   27  1.58M   17   16  48%  81.9M    n/a  n/a
   1   4d |   7 1.0   19    10M  177  510  74%    10M |  99.9   n/a   1   27  1.19M   13   19  59%  81.9M    n/a  n/a
   1   4e |   7 1.0   19  10.0M  183  527  74%    10M |  99.9   n/a   1   27  1.18M   12   17  58%  81.9M    n/a  n/a
   1   4f |   7 1.0   19    10M  185  584  75%    10M |  99.9   n/a   1   27  1.70M   17   16  48%  81.9M    n/a  n/a
   1   50 |   7 1.0   19    11M  183  550  75%    10M |  99.9   n/a   1   27  1.43M   13   17  56%  81.9M    n/a  n/a
   1   51 |   7 1.0   19    10M  168  537  76%    10M |  99.9   n/a   1   27  1.90M   17   16  48%  81.9M    n/a  n/a
   1   52 |   7 1.0   19    11M  190  552  74%    10M |  99.9   n/a   1   27  1.54M   16   19  54%  81.9M    n/a  n/a
   1   53 |   7 1.0   19    10M  170  500  74%    10M |  99.9   n/a   1   27  1.18M   12   18  60%  81.9M    n/a  n/a
   2   54 |   7 1.0   19   5.0M  129  602  82%    10M |  99.9   n/a   1   27   525k    8   22  73%  81.9M    n/a  n/a
   2   55 |   7 1.0   19   5.1M  129  563  81%    10M |  99.9   ovl   1   27   383k    6   20  76%  81.9M  -655n  n/a
   2   56 |   7 1.0   19   5.3M  141  583  80%    10M |  99.9   n/a   1   27   762k   11   24  68%  81.9M    n/a  n/a
   2   57 |   7 1.0   19   5.1M  124  518  80%    10M |  99.9   n/a   1   27   646k    8   19  70%  81.9M    n/a  n/a
   2   58 |   7 1.0   19   5.2M  136  598  81%    10M |  99.9   n/a   1   27   885k   13   22  62%  81.9M    n/a  n/a
   2   59 |   7 1.0   19   5.0M  122  524  81%    10M |  99.9   ovl   1   27   611k    9   24  72%  81.9M   816n  n/a
   2   5a |   7 1.0   19   5.1M  125  688  84%    10M |  99.9   n/a   1   27   593k    9   24  72%  81.9M    n/a  n/a
   2   5b |   7 1.0   19   5.1M  125  558  81%    10M |  99.9   n/a   1   27   915k   14   22  61%  81.9M    n/a  n/a
   3   5c |   7 1.0   19   9.7M  161  522  76%    10M |  99.9   n/a   1   27  2.75M   25   14  35%  81.9M    n/a  n/a
   3   5d |   7 1.0   19    10M  173  459  72%    10M |  99.9   n/a   1   27  1.52M   16   20  55%  81.9M    n/a  n/a
   3   5e |   7 1.0   19    10M  190  555  74%    10M |  99.9   ovl   1   27  1.89M   18   14  43%  81.9M   693n  n/a
   3   5f |   7 1.0   19    10M  163  433  72%    10M |  99.9   n/a   1   27  2.06M   19   10  34%  81.9M    n/a  n/a
   3   60 |   7 1.0   19   9.8M  163  555  77%    10M |  99.9   n/a   1   27  1.39M   13   15  53%  81.9M    n/a  n/a
   3   61 |   7 1.0   19    10M  170  443  72%    10M |  99.9   ovl   1   27  1.39M   15   21  58%  81.9M  -849n  n/a
   3   62 |   7 1.0   19   8.9M  152  554  78%    10M |  99.9   n/a   1   27  2.01M   19   13  40%  81.9M    n/a  n/a
   3   63 |   7 1.0   19    11M  182  426  70%    10M |  99.9   n/a   1   27  1.80M   17   16  48%  81.9M    n/a  n/a
   4   64 |   7 1.0   19   5.3M  140  638  82%    10M |  99.9   ovl   1   27   698k   10   25  71%  81.9M  -163n  n/a
   4   65 |   7 1.0   19   5.5M  130  567  81%    10M |  99.9   ovl   1   27   782k   13   22  62%  81.9M     1u  n/a
   4   66 |   7 1.0   19   5.3M  127  635  83%    10M |  99.9   ovl   1   27   623k   10   22  68%  81.9M    48n  n/a
   4   67 |   7 1.0   19   5.3M  132  598  81%    10M |  99.9   ovl   1   27   785k   12   25  67%  81.9M  -621n  n/a
   4   68 |   7 1.0   19   5.4M  137  633  82%    10M |  99.9   ovl   1   27   798k   12   24  66%  81.9M  -670n  n/a
   4   69 |   7 1.0   19   5.4M  138  580  80%    10M |  99.9   ovl   1   27   873k   13   21  61%  81.9M    -1u  n/a
   4   6a |   7 1.0   19   5.3M  134  627  82%    10M |  99.9   ovl   1   27   737k   11   21  65%  81.9M    26n  n/a
   4   6b |   7 1.0   19   5.4M  132  550  80%    10M |  99.9   ovl   1   27   914k   12   25  67%  81.9M   423n  n/a

          |--------------------DL---------------------|-------------------------------UL-----------------------------
 pci rnti | cqi  ri  mcs  brate   ok  nok  (%)  dl_bs | pusch  rsrp  ri  mcs  brate   ok  nok  (%)    bsr     ta  phr
   0   44 |   7 1.0   19   7.2M  125  615  83%    10M |  99.9   ovl   1   27  1.30M   13   24  64%  81.9M  -169n  n/a
   0   45 |   7 1.0   19   7.3M  125  588  82%    10M |  99.9   n/a   1   27  1.20M   13   21  61%  81.9M    n/a  n/a
   0   46 |   7 1.0   19   8.5M  151  474  75%    10M |  99.9   ovl   1   27  1.49M   15   22  59%  81.9M     9n  n/a
   0   47 |   7 1.0   19   7.7M  129  502  79%    10M |  99.9   ovl   1   27  1.71M   18   21  53%  81.9M  -490n  n/a
   0   48 |   7 1.0   19   7.5M  145  647  81%    10M |  99.9   ovl   1   27  1.12M   11   18  62%  81.9M   -41n  n/a
   0   49 |   7 1.0   19   7.6M  126  528  80%    10M |  99.9   ovl   1   27  1.32M   13   19  59%  81.9M  -299n  n/a
   0   4a |   7 1.0   19   7.8M  147  584  79%    10M |  99.9   ovl   1   27  1.58M   16   21  56%  81.9M  -545n  n/a
   0   4b |   7 1.0   19   7.6M  133  484  78%    10M |  99.9   ovl   1   27  1.14M   12   23  65%  81.9M   -15n  n/a
   1   4c |   7 1.0   19   7.3M  131  596  81%    10M |  99.9   ovl   1   27  1.14M   12   22  64%  81.9M  -196n  n/a
   1   4d |   7 1.0   19   7.4M  128  588  82%    10M |  99.9   ovl   1   27  1.03M   10   21  67%  81.9M   848n  n/a
   1   4e |   7 1.0   19   7.7M  134  570  80%    10M |  99.9   ovl   1   27  1.07M    9   20  68%  81.9M  -477n  n/a
   1   4f |   7 1.0   19   7.0M  126  595  82%    10M |  99.9   ovl   1   27   760k    8   21  72%  81.9M  -542n  n/a
   1   50 |   7 1.0   19   7.5M  133  586  81%    10M |  99.9   ovl   1   27  1.41M   14   18  56%  81.9M   580n  n/a
   1   51 |   7 1.0   19   7.5M  127  546  81%    10M |  99.9   ovl   1   27   801k    8   23  74%  81.9M  -479n  n/a
   1   52 |   7 1.0   19   7.4M  134  594  81%    10M |  99.9   ovl   1   27  1.21M   12   19  61%  81.9M   421n  n/a
   1   53 |   7 1.0   19   7.3M  129  547  80%    10M |  99.9   ovl   1   27   783k    8   21  72%  81.9M   196n  n/a
   2   54 |   7 1.0   19   6.7M  180  574  76%    10M |  99.9   n/a   1   27   903k   14   16  53%  81.9M    n/a  n/a
   2   55 |   7 1.0   19   6.2M  160  523  76%    10M |  99.9   n/a   1   27   764k   11   18  62%  81.9M    n/a  n/a
   2   56 |   7 1.0   19   6.5M  158  542  77%    10M |  99.9   n/a   1   27   662k   11   17  60%  81.9M    n/a  n/a
   2   57 |   7 1.0   19   6.3M  158  537  77%    10M |  99.9   n/a   1   27   651k   10   20  66%  81.9M    n/a  n/a
   2   58 |   7 1.0   19   6.5M  175  554  75%    10M |  99.9   n/a   1   27   723k   12   20  62%  81.9M    n/a  n/a
   2   59 |   7 1.0   19   6.3M  158  468  74%    10M |  99.9   n/a   1   27   656k   10   17  62%  81.9M    n/a  n/a
   2   5a |   7 1.0   19   6.3M  160  575  78%    10M |  99.9   ovl   1   27   584k    9   18  66%  81.9M   947n  n/a
   2   5b |   7 1.0   19   6.4M  154  505  76%    10M |  99.9   n/a   1   27   785k   11   17  60%  81.9M    n/a  n/a
   3   5c |   7 1.0   19   8.3M  150  593  79%    10M |  99.9   n/a   1   27  1.30M   13   14  51%  81.9M    n/a  n/a
   3   5d |   7 1.0   19   7.8M  136  615  81%    10M |  99.9   n/a   1   27  1.35M   14   18  56%  81.9M    n/a  n/a
   3   5e |   7 1.0   19   7.7M  138  657  82%    10M |  99.9   n/a   1   27   176k    2   17  89%  81.9M    n/a  n/a
   3   5f |   7 1.0   19   7.7M  129  590  82%    10M |  99.9   n/a   1   27  1.29M   14   17  54%  81.9M    n/a  n/a
   3   60 |   7 1.0   19   8.0M  143  566  79%    10M |  99.9   n/a   1   27  1.20M   12   13  52%  81.9M    n/a  n/a
   3   61 |   7 1.0   19   7.6M  132  566  81%    10M |  99.9   n/a   1   27   787k    9   18  66%  81.9M    n/a  n/a
   3   62 |   7 1.0   19   7.9M  134  651  82%    10M |  99.9   n/a   1   27   912k   10   18  64%  81.9M    n/a  n/a
   3   63 |   7 1.0   19   7.6M  129  569  81%    10M |  99.9   n/a   1   27   707k    7   18  72%  81.9M    n/a  n/a
   4   64 |   7 1.0   19   6.3M  154  577  78%    10M |  99.9   n/a   1   27   543k    8   17  68%  81.9M    n/a  n/a
   4   65 |   7 1.0   19   6.4M  154  518  77%    10M |  99.9   n/a   1   27   469k    7   17  70%  81.9M    n/a  n/a
   4   66 |   7 1.0   19   6.2M  163  607  78%    10M |  99.9   n/a   1   27   590k    9   18  66%  81.9M    n/a  n/a
   4   67 |   7 1.0   19   6.1M  153  530  77%    10M |  99.9   n/a   1   27   641k    9   17  65%  81.9M    n/a  n/a
   4   68 |   7 1.0   19   6.3M  173  587  77%    10M |  99.9   n/a   1   27   688k   10   17  62%  81.9M    n/a  n/a
   4   69 |   7 1.0   19   6.2M  149  552  78%    10M |  99.9   n/a   1   27   519k    7   17  70%  81.9M    n/a  n/a
   4   6a |   7 1.0   19   6.3M  160  562  77%    10M |  99.9   n/a   1   27   647k   10   18  64%  81.9M    n/a  n/a
   4   6b |   7 1.0   19   6.3M  153  532  77%    10M |  99.9   n/a   1   27   691k   10   17  62%  81.9M    n/a  n/a
   0   44 |   7 1.0   19    10M  178  612  77%    10M |  99.9   ovl   1   27  1.73M   18   17  48%  81.9M    38n  n/a
   0   45 |   7 1.0   19    11M  181  456  71%    10M |  99.9   ovl   1   27  2.64M   25   15  37%  81.9M  -219n  n/a
   0   46 |   7 1.0   19    11M  180  506  73%    10M |  99.9   ovl   1   27  1.81M   18   15  45%  81.9M    50n  n/a
   0   47 |   7 1.0   19    11M  171  444  72%    10M |  99.9   ovl   1   27  1.87M   18   15  45%  81.9M  -526n  n/a
   0   48 |   7 1.0   19    11M  178  544  75%    10M |  99.9   ovl   1   27  1.27M   12   24  66%  81.9M  -552n  n/a
   0   49 |   7 1.0   19    11M  178  460  72%    10M |  99.9   ovl   1   27  2.76M   27    9  25%  81.9M  -494n  n/a
   0   4a |   7 1.0   19    11M  187  515  73%    10M |  99.9   ovl   1   27  1.85M   19   15  44%  81.9M   440n  n/a
   0   4b |   7 1.0   19    11M  178  419  70%    10M |  99.9   ovl   1   27  1.44M   16   19  54%  81.9M  -282n  n/a
   1   4c |   7 1.0   19    11M  193  558  74%    10M |  99.9   n/a   1   27  1.43M   15   16  51%  81.9M    n/a  n/a
   1   4d |   7 1.0   19    11M  184  444  70%    10M |  99.9   n/a   1   27  1.20M   12   19  61%  81.9M    n/a  n/a
   1   4e |   7 1.0   19    11M  200  488  70%    10M |  99.9   n/a   1   27  2.24M   23   17  42%  81.9M    n/a  n/a
   1   4f |   7 1.0   19    11M  176  455  72%    10M |  99.9   n/a   1   27  2.07M   22   15  40%  81.9M    n/a  n/a
   1   50 |   7 1.0   19    11M  207  528  71%    10M |  99.9   n/a   1   27  1.99M   19   16  45%  81.9M    n/a  n/a
   1   51 |   7 1.0   19    11M  186  467  71%    10M |  99.9   n/a   1   27  2.20M   23   13  36%  81.9M    n/a  n/a
   1   52 |   7 1.0   19    11M  193  518  72%    10M |  99.9   n/a   1   27  1.65M   18   18  50%  81.9M    n/a  n/a
   1   53 |   7 1.0   19    11M  182  509  73%    10M |  99.9   n/a   1   27  1.51M   16   17  51%  81.9M    n/a  n/a
   2   54 |   7 1.0   19   6.3M  156  647  80%    10M |  99.9   n/a   1   27   965k   16   22  57%  81.9M    n/a  n/a
   2   55 |   7 1.0   19   6.2M  155  536  77%    10M |  99.9   n/a   1   27   984k   15   23  60%  81.9M    n/a  n/a
   2   56 |   7 1.0   19   6.4M  167  483  74%    10M |  99.9   n/a   1   27  1.18M   16   18  52%  81.9M    n/a  n/a
   2   57 |   7 1.0   19   6.3M  154  501  76%    10M |  99.9   n/a   1   27   801k   13   23  63%  81.9M    n/a  n/a
   2   58 |   7 1.0   19   6.5M  169  605  78%    10M |  99.9   n/a   1   27   778k   12   21  63%  81.9M    n/a  n/a
   2   59 |   7 1.0   19   6.3M  154  509  76%    10M |  99.9   ovl   1   27  1.10M   17   22  56%  81.9M   932n  n/a
   2   5a |   7 1.0   19   6.1M  157  562  78%    10M |  99.9   n/a   1   27  1.11M   17   22  56%  81.9M    n/a  n/a
   2   5b |   7 1.0   19   6.3M  151  491  76%    10M |  99.9   n/a   1   27  1.08M   14   22  61%  81.9M    n/a  n/a
   3   5c |   7 1.0   19   8.9M  154  546  78%    10M |  99.9   n/a   1   27   965k    9   21  70%  81.9M    n/a  n/a
   3   5d |   7 1.0   19   8.6M  147  504  77%    10M |  99.9   ovl   1   27  1.50M   13   20  60%  81.9M   729n  n/a
   3   5e |   7 1.0   19   9.0M  164  543  76%    10M |  99.9   ovl   1   27  1.40M   13   23  63%  81.9M   645n  n/a
   3   5f |   7 1.0   19   8.5M  142  506  78%    10M |  99.9   ovl   1   27   969k    9   25  73%  81.9M    -1u  n/a
   3   60 |   7 1.0   19   8.5M  154  589  79%    10M |  99.9   ovl   1   27   922k    9   22  70%  81.9M   312n  n/a
   3   61 |   7 1.0   19   8.6M  137  498  78%    10M |  99.9   n/a   1   27  1.11M   12   25  67%  81.9M    n/a  n/a
   3   62 |   7 1.0   19   8.2M  147  608  80%    10M |  99.9   ovl   1   27  1.01M    9   19  67%  81.9M  -849n  n/a
   3   63 |   7 1.0   19   8.3M  145  523  78%    10M |  99.9   ovl   1   27  1.40M   15   24  61%  81.9M   -96n  n/a
   4   64 |   7 1.0   19   5.0M  135  578  81%    10M |  99.9   ovl   1   27   544k    8   25  75%  81.9M   142n  n/a
   4   65 |   7 1.0   19   4.7M  115  535  82%    10M |  99.9   ovl   1   27   356k    5   22  81%  81.9M   130n  n/a
   4   66 |   7 1.0   19   4.7M  113  649  85%    10M |  99.9   ovl   1   27   438k    6   26  81%  81.9M   972n  n/a
   4   67 |   7 1.0   19   4.5M  109  574  84%    10M |  99.9   ovl   1   27   402k    6   19  76%  81.9M  -508n  n/a
   4   68 |   7 1.0   19   4.9M  125  668  84%    10M |  99.9   ovl   1   27   500k    7   23  76%  81.9M   488n  n/a
   4   69 |   7 1.0   19   4.9M  123  582  82%    10M |  99.9   ovl   1   27   515k    7   21  75%  81.9M   283n  n/a
   4   6a |   7 1.0   19   4.7M  127  685  84%    10M |  99.9   ovl   1   27   431k    6   24  80%  81.9M  -831n  n/a
   4   6b |   7 1.0   19   4.5M  113  559  83%    10M |  99.9   ovl   1   27   397k    6   23  79%  81.9M  -970n  n/a
   0   44 |   7 1.0   19   6.5M  110  626  85%    10M |  99.9   n/a   1   27   682k    6   19  76%  81.9M    n/a  n/a
   0   45 |   7 1.0   19   6.6M  109  621  85%    10M |  99.9   n/a   1   27   818k    9   19  67%  81.9M    n/a  n/a
   0   46 |   7 1.0   19   6.5M  116  631  84%    10M |  99.9   n/a   1   27   646k    6   19  76%  81.9M    n/a  n/a
   0   47 |   7 1.0   19   6.6M  114  606  84%    10M |  99.9   n/a   1   27   703k    8   18  69%  81.9M    n/a  n/a
   0   48 |   7 1.0   19   6.7M  122  676  84%    10M |  99.9   n/a   1   27   506k    6   19  76%  81.9M    n/a  n/a
   0   49 |   7 1.0   19   6.3M  105  587  84%    10M |  99.9   n/a   1   27   562k    5   19  79%  81.9M    n/a  n/a
   0   4a |   7 1.0   19   7.1M  124  645  83%    10M |  99.9   n/a   1   27   781k    9   17  65%  81.9M    n/a  n/a
   0   4b |   7 1.0   19   6.5M  120  673  84%    10M |  99.9   n/a   1   27   547k    5   17  77%  81.9M    n/a  n/a

          |--------------------DL---------------------|-------------------------------UL-----------------------------
 pci rnti | cqi  ri  mcs  brate   ok  nok  (%)  dl_bs | pusch  rsrp  ri  mcs  brate   ok  nok  (%)    bsr     ta  phr
   1   4c |   7 1.0   19   8.6M  149  635  80%    10M |  99.9   ovl   1   27   932k   10   21  67%  81.9M  -191n  n/a
   1   4d |   7 1.0   19   7.9M  128  546  81%    10M |  99.9   ovl   1   27  1.60M   14   22  61%  81.9M  -196n  n/a
   1   4e |   7 1.0   19   8.4M  150  610  80%    10M |  99.9   ovl   1   27  1.09M   11   18  62%  81.9M   879n  n/a
   1   4f |   7 1.0   19   7.9M  125  595  82%    10M |  99.9   ovl   1   27  1.23M   12   20  62%  81.9M    21n  n/a
   1   50 |   7 1.0   19   8.1M  140  598  81%    10M |  99.9   ovl   1   27  1.07M   11   20  64%  81.9M  -383n  n/a
   1   51 |   7 1.0   19   7.9M  127  556  81%    10M |  99.9   ovl   1   27  1.73M   18   20  52%  81.9M   100n  n/a
   1   52 |   7 1.0   19   9.0M  148  597  80%    10M |  99.9   ovl   1   27  1.60M   16   21  56%  81.9M  -508n  n/a
   1   53 |   7 1.0   19   8.0M  126  540  81%    10M |  99.9   ovl   1   27  1.84M   18   15  45%  81.9M  -210n  n/a
   2   54 |   7 1.0   19   6.1M  151  598  79%    10M |  99.9   ovl   1   27   838k   10   15  60%  81.9M   947n  n/a
   2   55 |   7 1.0   19   6.0M  143  465  76%    10M |  99.9   ovl   1   27   593k    9   18  66%  81.9M  -655n  n/a
   2   56 |   7 1.0   19   5.9M  159  513  76%    10M |  99.9   n/a   1   27   640k   10   20  66%  81.9M    n/a  n/a
   2   57 |   7 1.0   19   5.8M  143  514  78%    10M |  99.9   ovl   1   27   851k   12   18  60%  81.9M   141n  n/a
   2   58 |   7 1.0   19   5.6M  150  600  80%    10M |  99.9   n/a   1   27   547k    8   18  69%  81.9M    n/a  n/a
   2   59 |   7 1.0   19   5.8M  139  501  78%    10M |  99.9   ovl   1   27   916k   13   14  51%  81.9M   816n  n/a
   2   5a |   7 1.0   19   5.3M  136  636  82%    10M |  99.9   n/a   1   27   742k    9   18  66%  81.9M    n/a  n/a
   2   5b |   7 1.0   19   5.7M  145  518  78%    10M |  99.9   ovl   1   27   362k    5   20  80%  81.9M   938n  n/a
   3   5c |   7 1.0   19   8.3M  151  601  79%    10M |  99.9   n/a   1   27  1.06M   10   13  56%  81.9M    n/a  n/a
   3   5d |   7 1.0   19   8.3M  148  567  79%    10M |  99.9   n/a   1   27  1.10M   11   12  52%  81.9M    n/a  n/a
   3   5e |   7 1.0   19   8.8M  153  552  78%    10M |  99.9   n/a   1   27  1.37M   14   12  46%  81.9M    n/a  n/a
   3   5f |   7 1.0   19   8.5M  144  572  79%    10M |  99.9   n/a   1   27  1.51M   14   15  51%  81.9M    n/a  n/a
   3   60 |   7 1.0   19   8.9M  149  621  80%    10M |  99.9   n/a   1   27  1.37M   14   14  50%  81.9M    n/a  n/a
   3   61 |   7 1.0   19   8.5M  145  575  79%    10M |  99.9   n/a   1   27  2.02M   21    9  30%  81.9M    n/a  n/a
   3   62 |   7 1.0   19   9.4M  153  540  77%    10M |  99.9   n/a   1   27  1.35M   14   17  54%  81.9M    n/a  n/a
   3   63 |   7 1.0   19   8.5M  146  495  77%    10M |  99.9   n/a   1   27  1.02M    9   15  62%  81.9M    n/a  n/a
   4   64 |   7 1.0   19   6.9M  171  544  76%    10M |  99.9   n/a   1   27   994k   15   15  50%  81.9M    n/a  n/a
   4   65 |   7 1.0   19   6.8M  164  503  75%    10M |  99.9   n/a   1   27   906k   14   17  54%  81.9M    n/a  n/a
   4   66 |   7 1.0   19   7.0M  174  566  76%    10M |  99.9   n/a   1   27   859k   13   17  56%  81.9M    n/a  n/a
   4   67 |   7 1.0   19   6.7M  164  554  77%    10M |  99.9   n/a   1   27   786k   12   16  57%  81.9M    n/a  n/a
   4   68 |   7 1.0   19   6.9M  175  590  77%    10M |  99.9   n/a   1   27   913k   14   16  53%  81.9M    n/a  n/a
   4   69 |   7 1.0   19   6.9M  168  490  74%    10M |  99.9   n/a   1   27   843k   13   18  58%  81.9M    n/a  n/a
   4   6a |   7 1.0   19   6.9M  176  571  76%    10M |  99.9   n/a   1   27   930k   14   15  51%  81.9M    n/a  n/a
   4   6b |   7 1.0   19   7.0M  165  502  75%    10M |  99.9   n/a   1   27   675k   10   17  62%  81.9M    n/a  n/a
   0   44 |   7 1.0   19   9.8M  178  496  73%    10M |  99.9   ovl   1   27   877k    9   19  67%  81.9M  -606n  n/a
   0   45 |   7 1.0   19   9.1M  147  548  78%    10M |  99.9   n/a   1   27  1.23M   12   14  53%  81.9M    n/a  n/a
   0   46 |   7 1.0   19   9.4M  158  531  77%    10M |  99.9   ovl   1   27  1.88M   20   15  42%  81.9M   330n  n/a
   0   47 |   7 1.0   19   9.2M  142  565  79%    10M |  99.9   ovl   1   27   914k    9   18  66%  81.9M    36n  n/a
   0   48 |   7 1.0   19   9.2M  164  531  76%    10M |  99.9   ovl   1   27  1.57M   15   14  48%  81.9M  -178n  n/a
   0   49 |   7 1.0   19   8.9M  144  502  77%    10M |  99.9   n/a   1   27  1.37M   13   15  53%  81.9M    n/a  n/a
   0   4a |   7 1.0   19   8.9M  155  623  80%    10M |  99.9   ovl   1   27  1.55M   16   21  56%  81.9M  -970n  n/a
   0   4b |   7 1.0   19   9.2M  144  465  76%    10M |  99.9   ovl   1   27  1.72M   17   16  48%  81.9M  -422n  n/a
   1   4c |   7 1.0   19   9.4M  165  559  77%    10M |  99.9   ovl   1   27   920k    8   18  69%  81.9M   408n  n/a
   1   4d |   7 1.0   19   8.3M  139  581  80%    10M |  99.9   n/a   1   27   812k    8   15  65%  81.9M    n/a  n/a
   1   4e |   7 1.0   19   8.2M  145  600  80%    10M |  99.9   n/a   1   27  2.03M   20   16  44%  81.9M    n/a  n/a
   1   4f |   7 1.0   19   8.2M  143  588  80%    10M |  99.9   n/a   1   27  1.92M   19   14  42%  81.9M    n/a  n/a
   1   50 |   7 1.0   19   9.3M  163  592  78%    10M |  99.9   n/a   1   27  1.05M   10   12  54%  81.9M    n/a  n/a
   1   51 |   7 1.0   19   8.4M  142  549  79%    10M |  99.9   ovl   1   27  1.33M   12   17  58%  81.9M  -342n  n/a
   1   52 |   7 1.0   19   8.6M  172  633  78%    10M |  99.9   n/a   1   27   840k    8   14  63%  81.9M    n/a  n/a
   1   53 |   7 1.0   19   8.5M  145  531  78%    10M |  99.9   n/a   1   27  1.02M   10   15  60%  81.9M    n/a  n/a
   2   54 |   7 1.0   19   5.8M  160  597  78%    10M |  99.9   n/a   1   27   594k    9   21  70%  81.9M    n/a  n/a
   2   55 |   7 1.0   19   5.7M  142  541  79%    10M |  99.9   n/a   1   27   609k    9   20  68%  81.9M    n/a  n/a
   2   56 |   7 1.0   19   5.7M  156  526  77%    10M |  99.9   n/a   1   27   506k    9   20  68%  81.9M    n/a  n/a
   2   57 |   7 1.0   19   5.8M  147  555  79%    10M |  99.9   n/a   1   27   502k    9   20  68%  81.9M    n/a  n/a
   2   58 |   7 1.0   19   5.9M  150  681  81%    10M |  99.9   n/a   1   27   660k   11   21  65%  81.9M    n/a  n/a
   2   59 |   7 1.0   19   5.7M  143  598  80%    10M |  99.9   ovl   1   27   386k    5   23  82%  81.9M   811n  n/a
   2   5a |   7 1.0   19   5.7M  144  570  79%    10M |  99.9   n/a   1   27   613k    9   18  66%  81.9M    n/a  n/a
   2   5b |   7 1.0   19   5.7M  141  601  80%    10M |  99.9   n/a   1   27   448k    7   23  76%  81.9M    n/a  n/a
   3   5c |   7 1.0   19   9.0M  156  524  77%    10M |  99.9   n/a   1   27  1.56M   16   21  56%  81.9M    n/a  n/a
   3   5d |   7 1.0   19   8.1M  137  558  80%    10M |  99.9   n/a   1   27  1.92M   19   19  50%  81.9M    n/a  n/a
   3   5e |   7 1.0   19   9.2M  162  515  76%    10M |  99.9   n/a   1   27  1.50M   16   21  56%  81.9M    n/a  n/a
   3   5f |   7 1.0   19   7.7M  129  508  79%    10M |  99.9   n/a   1   27  2.04M   21   14  40%  81.9M    n/a  n/a
   3   60 |   7 1.0   19   8.9M  158  588  78%    10M |  99.9   n/a   1   27  2.43M   25   11  30%  81.9M    n/a  n/a
   3   61 |   7 1.0   19   8.0M  131  536  80%    10M |  99.9   n/a   1   27  2.08M   22   19  46%  81.9M    n/a  n/a
   3   62 |   7 1.0   19   8.8M  164  505  75%    10M |  99.9   n/a   1   27  2.12M   22   18  45%  81.9M    n/a  n/a
   3   63 |   7 1.0   19   8.1M  136  525  79%    10M |  99.9   n/a   1   27  2.29M   23   16  41%  81.9M    n/a  n/a
   4   64 |   7 1.0   19   4.4M  104  698  87%    10M |  99.9   n/a   1   27   320k    5   23  82%  81.9M    n/a  n/a
   4   65 |   7 1.0   19   4.3M   98  594  85%    10M |  99.9   n/a   1   27   252k    4   21  84%  81.9M    n/a  n/a
   4   66 |   7 1.0   19   4.4M  108  596  84%    10M |  99.9   n/a   1   27   400k    6   24  80%  81.9M    n/a  n/a
   4   67 |   7 1.0   19   4.2M  105  617  85%    10M |  99.9   n/a   1   27   335k    5   25  83%  81.9M    n/a  n/a
   4   68 |   7 1.0   19   4.1M  103  676  86%    10M |  99.9   n/a   1   27   444k    6   22  78%  81.9M    n/a  n/a
   4   69 |   7 1.0   19   4.3M  105  502  82%    10M |  99.9   n/a   1   27   196k    3   24  88%  81.9M    n/a  n/a
   4   6a |   7 1.0   19   4.5M  118  629  84%    10M |  99.9   n/a   1   27   205k    3   27  90%  81.9M    n/a  n/a
   4   6b |   7 1.0   19   4.2M  106  667  86%    10M |  99.9   n/a   1   27   357k    6   22  78%  81.9M    n/a  n/a
   0   44 |   7 1.0   19   9.5M  171  565  76%    10M |  99.9   n/a   1   27  2.51M   24   16  40%  81.9M    n/a  n/a
   0   45 |   7 1.0   19    10M  167  469  73%    10M |  99.9   n/a   1   27  2.24M   23   15  39%  81.9M    n/a  n/a
   0   46 |   7 1.0   19    11M  187  551  74%    10M |  99.9   n/a   1   27  2.45M   24   15  38%  81.9M    n/a  n/a
   0   47 |   7 1.0   19   9.8M  162  468  74%    10M |  99.9   n/a   1   27  1.52M   16   21  56%  81.9M    n/a  n/a
   0   48 |   7 1.0   19   9.6M  164  497  75%    10M |  99.9   n/a   1   27  2.07M   19   17  47%  81.9M    n/a  n/a
   0   49 |   7 1.0   19   9.9M  167  494  74%    10M |  99.9   n/a   1   27  1.30M   13   21  61%  81.9M    n/a  n/a
   0   4a |   7 1.0   19    10M  183  497  73%    10M |  99.9   n/a   1   27  1.55M   15   19  55%  81.9M    n/a  n/a
   0   4b |   7 1.0   19    10M  168  523  75%    10M |  99.9   n/a   1   27  1.63M   18   27  60%  81.9M    n/a  n/a
   1   4c |   7 1.0   19    11M  196  439  69%    10M |  99.9   n/a   1   27  2.77M   27   18  40%  81.9M    n/a  n/a
   1   4d |   7 1.0   19    11M  184  462  71%    10M |  99.9   n/a   1   27  2.71M   27   19  41%  81.9M    n/a  n/a
   1   4e |   7 1.0   19    10M  187  586  75%    10M |  99.9   n/a   1   27  2.01M   21   20  48%  81.9M    n/a  n/a
   1   4f |   7 1.0   19    11M  179  450  71%    10M |  99.9   n/a   1   27  1.79M   18   19  51%  81.9M    n/a  n/a
   1   50 |   7 1.0   19    11M  198  543  73%    10M |  99.9   n/a   1   27  2.42M   24   18  42%  81.9M    n/a  n/a
   1   51 |   7 1.0   19    11M  179  480  72%    10M |  99.9   n/a   1   27  1.61M   17   15  46%  81.9M    n/a  n/a
   1   52 |   7 1.0   19    11M  188  557  74%    10M |  99.9   n/a   1   27  2.13M   22   21  48%  81.9M    n/a  n/a
   1   53 |   7 1.0   19    11M  181  509  73%    10M |  99.9   n/a   1   27  2.49M   24   23  48%  81.9M    n/a  n/a

          |--------------------DL---------------------|-------------------------------UL-----------------------------
 pci rnti | cqi  ri  mcs  brate   ok  nok  (%)  dl_bs | pusch  rsrp  ri  mcs  brate   ok  nok  (%)    bsr     ta  phr
   2   54 |   7 1.0   19   7.0M  180  594  76%    10M |  99.9   n/a   1   27   930k   13   24  64%  81.9M    n/a  n/a
   2   55 |   7 1.0   19   7.5M  182  469  72%    10M |  99.9   n/a   1   27  1.12M   17   23  57%  81.9M    n/a  n/a
   2   56 |   7 1.0   19   7.4M  185  524  73%    10M |  99.9   n/a   1   27   848k   12   21  63%  81.9M    n/a  n/a
   2   57 |   7 1.0   19   7.5M  185  527  74%    10M |  99.9   n/a   1   27   958k   14   26  65%  81.9M    n/a  n/a
   2   58 |   7 1.0   19   7.2M  195  565  74%    10M |  99.9   n/a   1   27   726k   12   24  66%  81.9M    n/a  n/a
   2   59 |   7 1.0   19   7.6M  181  520  74%    10M |  99.9   n/a   1   27  1.04M   14   24  63%  81.9M    n/a  n/a
   2   5a |   7 1.0   19   7.5M  193  487  71%    10M |  99.9   n/a   1   27   763k   11   25  69%  81.9M    n/a  n/a
   2   5b |   7 1.0   19   7.3M  181  479  72%    10M |  99.9   n/a   1   27   712k   10   24  70%  81.9M    n/a  n/a
   3   5c |   7 1.0   19    12M  211  493  70%    10M |  99.9   n/a   1   27  2.05M   20   20  50%  81.9M    n/a  n/a
   3   5d |   7 1.0   19    11M  177  480  73%    10M |  99.9   n/a   1   27  1.99M   19   20  51%  81.9M    n/a  n/a
   3   5e |   7 1.0   19    11M  199  531  72%    10M |  99.9   n/a   1   27  1.65M   15   21  58%  81.9M    n/a  n/a
   3   5f |   7 1.0   19    10M  176  489  73%    10M |  99.9   n/a   1   27  2.09M   21   22  51%  81.9M    n/a  n/a
   3   60 |   7 1.0   19    10M  182  585  76%    10M |  99.9   n/a   1   27  1.63M   16   25  60%  81.9M    n/a  n/a
   3   61 |   7 1.0   19    10M  171  445  72%    10M |  99.9   n/a   1   27  1.96M   19   10  34%  81.9M    n/a  n/a
   3   62 |   7 1.0   19    11M  195  448  69%    10M |  99.9   n/a   1   27  1.29M   15   19  55%  81.9M    n/a  n/a
   3   63 |   7 1.0   19    11M  175  449  71%    10M |  99.9   n/a   1   27  1.52M   16   23  58%  81.9M    n/a  n/a
   4   64 |   7 1.0   19   8.2M  213  538  71%    10M |  99.9   n/a   1   27  1.03M   16   18  52%  81.9M    n/a  n/a
   4   65 |   7 1.0   19   8.0M  192  419  68%    10M |  99.9   n/a   1   27  1.15M   17   23  57%  81.9M    n/a  n/a
   4   66 |   7 1.0   19   8.0M  200  541  73%    10M |  99.9   n/a   1   27  1.03M   17   23  57%  81.9M    n/a  n/a
   4   67 |   7 1.0   19   8.0M  199  519  72%    10M |  99.9   n/a   1   27  1.24M   20   21  51%  81.9M    n/a  n/a
   4   68 |   7 1.0   19   8.6M  216  383  63%    10M |  99.9   n/a   1   27   969k   14   20  58%  81.9M    n/a  n/a
   4   69 |   7 1.0   19   8.0M  190  443  69%    10M |  99.9   n/a   1   27   918k   14   24  63%  81.9M    n/a  n/a
   4   6a |   7 1.0   19   8.0M  202  521  72%    10M |  99.9   n/a   1   27  1.02M   15   18  54%  81.9M    n/a  n/a
   4   6b |   7 1.0   19   8.2M  201  446  68%    10M |  99.9   n/a   1   27  1.12M   16   19  54%  81.9M    n/a  n/a
   0   44 |   7 1.0   19    10M  185  558  75%    10M |  99.9   n/a   1   27  1.75M   16   17  51%  81.9M    n/a  n/a
   0   45 |   7 1.0   19    11M  168  468  73%    10M |  99.9   ovl   1   27  2.19M   21   15  41%  81.9M  -562n  n/a
   0   46 |   7 1.0   19    11M  192  496  72%    10M |  99.9   ovl   1   27  2.24M   22   12  35%  81.9M  -344n  n/a
   0   47 |   7 1.0   19    11M  169  494  74%    10M |  99.9   ovl   1   27  1.55M   15   16  51%  81.9M  -701n  n/a
   0   48 |   7 1.0   19    11M  192  514  72%    10M |  99.9   ovl   1   27  2.26M   22   12  35%  81.9M   -66n  n/a
   0   49 |   7 1.0   19    11M  184  462  71%    10M |  99.9   n/a   1   27   947k    8   15  65%  81.9M    n/a  n/a
   0   4a |   7 1.0   19    10M  191  536  73%    10M |  99.9   n/a   1   27  1.86M   18   18  50%  81.9M    n/a  n/a
   0   4b |   7 1.0   19    10M  172  440  71%    10M |  99.9   ovl   1   27  2.82M   28   13  31%  81.9M  -286n  n/a
   1   4c |   7 1.0   19   9.3M  163  582  78%    10M |  99.9   n/a   1   27  2.27M   22   13  37%  81.9M    n/a  n/a
   1   4d |   7 1.0   19   9.6M  164  477  74%    10M |  99.9   ovl   1   27  1.23M   14   20  58%  81.9M     1u  n/a
   1   4e |   7 1.0   19   9.0M  162  617  79%    10M |  99.9   n/a   1   27  1.53M   16   14  46%  81.9M    n/a  n/a
   1   4f |   7 1.0   19   9.6M  168  455  73%    10M |  99.9   ovl   1   27  1.05M   10   15  60%  81.9M   837n  n/a
   1   50 |   7 1.0   19   8.7M  154  525  77%    10M |  99.9   ovl   1   27  1.12M   11   18  62%  81.9M  -341n  n/a
   1   51 |   7 1.0   19   9.7M  164  493  75%    10M |  99.9   n/a   1   27  1.02M   10   13  56%  81.9M    n/a  n/a
   1   52 |   7 1.0   19   9.5M  176  512  74%    10M |  99.9   ovl   1   27  1.18M   12   17  58%  81.9M  -542n  n/a
   1   53 |   7 1.0   19   9.7M  165  492  74%    10M |  99.9   ovl   1   27  1.58M   16   19  54%  81.9M   861n  n/a
   2   54 |   7 1.0   19   6.2M  159  551  77%    10M |  99.9   n/a   1   27  1.08M   16   21  56%  81.9M    n/a  n/a
   2   55 |   7 1.0   19   5.8M  147  528  78%    10M |  99.9   n/a   1   27  1.02M   16   26  61%  81.9M    n/a  n/a
   2   56 |   7 1.0   19   6.2M  158  609  79%    10M |  99.9   n/a   1   27  1.05M   15   24  61%  81.9M    n/a  n/a
   2   57 |   7 1.0   19   6.0M  138  606  81%    10M |  99.9   n/a   1   27  1.02M   15   20  57%  81.9M    n/a  n/a
   2   58 |   7 1.0   19   6.2M  164  607  78%    10M |  99.9   n/a   1   27   729k   11   27  71%  81.9M    n/a  n/a
   2   59 |   7 1.0   19   6.1M  145  522  78%    10M |  99.9   n/a   1   27  1.07M   15   25  62%  81.9M    n/a  n/a
   2   5a |   7 1.0   19   6.4M  160  603  79%    10M |  99.9   n/a   1   27   947k   13   24  64%  81.9M    n/a  n/a
   2   5b |   7 1.0   19   6.0M  151  560  78%    10M |  99.9   n/a   1   27  1.11M   16   27  62%  81.9M    n/a  n/a
   3   5c |   7 1.0   19   9.8M  170  572  77%    10M |  99.9   n/a   1   27  1.17M   12   22  64%  81.9M    n/a  n/a
   3   5d |   7 1.0   19   9.8M  159  493  75%    10M |  99.9   n/a   1   27  1.09M   12   24  66%  81.9M    n/a  n/a
   3   5e |   7 1.0   19  10.0M  169  510  75%    10M |  99.9   n/a   1   27  1.17M   12   22  64%  81.9M    n/a  n/a
   3   5f |   7 1.0   19   9.8M  163  537  76%    10M |  99.9   n/a   1   27  1.11M   12   18  60%  81.9M    n/a  n/a
   3   60 |   7 1.0   19    10M  165  499  75%    10M |  99.9   n/a   1   27  1.35M   13   24  64%  81.9M    n/a  n/a
   3   61 |   7 1.0   19   9.6M  164  515  75%    10M |  99.9   n/a   1   27  1.19M   12   23  65%  81.9M    n/a  n/a
   3   62 |   7 1.0   19   9.6M  166  530  76%    10M |  99.9   n/a   1   27  1.39M   14   24  63%  81.9M    n/a  n/a
   3   63 |   7 1.0   19   9.7M  157  475  75%    10M |  99.9   n/a   1   27  1.28M   14   20  58%  81.9M    n/a  n/a
   4   64 |   7 1.0   19   4.9M  132  635  82%    10M |  99.9   n/a   1   27   732k   11   22  66%  81.9M    n/a  n/a
   4   65 |   7 1.0   19   5.1M  125  543  81%    10M |  99.9   n/a   1   27   460k    7   21  75%  81.9M    n/a  n/a
   4   66 |   7 1.0   19   5.0M  131  550  80%    10M |  99.9   n/a   1   27   644k    9   19  67%  81.9M    n/a  n/a
   4   67 |   7 1.0   19   4.9M  118  551  82%    10M |  99.9   n/a   1   27   342k    5   22  81%  81.9M    n/a  n/a
   4   68 |   7 1.0   19   5.2M  132  604  82%    10M |  99.9   n/a   1   27   516k    7   20  74%  81.9M    n/a  n/a
   4   69 |   7 1.0   19   4.9M  124  545  81%    10M |  99.9   n/a   1   27   814k   12   19  61%  81.9M    n/a  n/a
   4   6a |   7 1.0   19   5.0M  133  617  82%    10M |  99.9   n/a   1   27   328k    5   21  80%  81.9M    n/a  n/a
   4   6b |   7 1.0   19   5.0M  126  575  82%    10M |  99.9   n/a   1   27   637k   11   21  65%  81.9M    n/a  n/a
   0   44 |   7 1.0   19    10M  171  524  75%    10M |  99.9   n/a   1   27  2.59M   24   17  41%  81.9M    n/a  n/a
   0   45 |   7 1.0   19    11M  166  488  74%    10M |  99.9   n/a   1   27  1.48M   17   15  46%  81.9M    n/a  n/a
   0   46 |   7 1.0   19    11M  179  525  74%    10M |  99.9   n/a   1   27  1.92M   21   17  44%  81.9M    n/a  n/a
   0   47 |   7 1.0   19    10M  172  441  71%    10M |  99.9   n/a   1   27  2.25M   24   18  42%  81.9M    n/a  n/a
   0   48 |   7 1.0   19    10M  182  529  74%    10M |  99.9   n/a   1   27  1.96M   21   23  52%  81.9M    n/a  n/a
   0   49 |   7 1.0   19    10M  170  463  73%    10M |  99.9   n/a   1   27  2.62M   26   18  40%  81.9M    n/a  n/a
   0   4a |   7 1.0   19    10M  178  522  74%    10M |  99.9   n/a   1   27  2.74M   27   17  38%  81.9M    n/a  n/a
   0   4b |   7 1.0   19    11M  171  442  72%    10M |  99.9   n/a   1   27  2.01M   21   21  50%  81.9M    n/a  n/a
   1   4c |   7 1.0   19   9.3M  165  510  75%    10M |  99.9   n/a   1   27  1.59M   16   25  60%  81.9M    n/a  n/a
   1   4d |   7 1.0   19   9.5M  167  516  75%    10M |  99.9   n/a   1   27  1.95M   19   21  52%  81.9M    n/a  n/a
   1   4e |   7 1.0   19   8.9M  153  602  79%    10M |  99.9   n/a   1   27  1.43M   14   18  56%  81.9M    n/a  n/a
   1   4f |   7 1.0   19   9.6M  161  515  76%    10M |  99.9   n/a   1   27  1.47M   14   21  60%  81.9M    n/a  n/a
   1   50 |   7 1.0   19   9.0M  162  558  77%    10M |  99.9   n/a   1   27  1.77M   16   22  57%  81.9M    n/a  n/a
   1   51 |   7 1.0   19   9.5M  157  486  75%    10M |  99.9   n/a   1   27  1.56M   16   23  58%  81.9M    n/a  n/a
   1   52 |   7 1.0   19   9.3M  151  507  77%    10M |  99.9   n/a   1   27  1.70M   16   18  52%  81.9M    n/a  n/a
   1   53 |   7 1.0   19   9.3M  167  554  76%    10M |  99.9   n/a   1   27  1.18M   12   23  65%  81.9M    n/a  n/a
   2   54 |   7 1.0   19   5.8M  156  620  79%    10M |  99.9   n/a   1   27   751k   11   14  56%  81.9M    n/a  n/a
   2   55 |   7 1.0   19   5.6M  141  552  79%    10M |  99.9   n/a   1   27   863k   13   20  60%  81.9M    n/a  n/a
   2   56 |   7 1.0   19   6.0M  156  601  79%    10M |  99.9   ovl   1   27   663k   10   15  60%  81.9M  -655n  n/a
   2   57 |   7 1.0   19   5.7M  143  567  79%    10M |  99.9   ovl   1   27   346k    5   19  79%  81.9M   938n  n/a
   2   58 |   7 1.0   19   5.5M  154  597  79%    10M |  99.9   n/a   1   27   603k    9   17  65%  81.9M    n/a  n/a
   2   59 |   7 1.0   19   5.5M  138  514  78%    10M |  99.9   ovl   1   27   321k    5   20  80%  81.9M   816n  n/a
   2   5a |   7 1.0   19   6.2M  154  545  77%    10M |  99.9   n/a   1   27  1.05M   17   17  50%  81.9M    n/a  n/a
   2   5b |   7 1.0   19   5.6M  135  524  79%    10M |  99.9   ovl   1   27   834k   13   17  56%  81.9M   947n  n/a

          |--------------------DL---------------------|-------------------------------UL-----------------------------
 pci rnti | cqi  ri  mcs  brate   ok  nok  (%)  dl_bs | pusch  rsrp  ri  mcs  brate   ok  nok  (%)    bsr     ta  phr
   3   5c |   7 1.0   19   9.7M  154  609  79%    10M |  99.9   ovl   1   27  1.23M   12   19  61%  81.9M  -298n  n/a
   3   5d |   7 1.0   19   9.6M  161  581  78%    10M |  99.9   ovl   1   27  1.36M   14   17  54%  81.9M  -212n  n/a
   3   5e |   7 1.0   19   9.7M  173  529  75%    10M |  99.9   ovl   1   27  1.06M   12   18  60%  81.9M  -587n  n/a
   3   5f |   7 1.0   19   9.2M  151  519  77%    10M |  99.9   ovl   1   27  1.28M   13   20  60%  81.9M   363n  n/a
   3   60 |   7 1.0   19   9.5M  170  545  76%    10M |  99.9   ovl   1   27   840k    8   18  69%  81.9M   765n  n/a
   3   61 |   7 1.0   19   9.8M  169  497  74%    10M |  99.9   ovl   1   27  1.22M   13   18  58%  81.9M   803n  n/a
   3   62 |   7 1.0   19   9.8M  171  608  78%    10M |  99.9   ovl   1   27   969k    9   20  68%  81.9M  -413n  n/a
   3   63 |   7 1.0   19   9.7M  173  542  75%    10M |  99.9   ovl   1   27   887k    8   18  69%  81.9M   644n  n/a
   4   64 |   7 1.0   19   6.6M  160  548  77%    10M |  99.9   n/a   1   27   826k   12   16  57%  81.9M    n/a  n/a
   4   65 |   7 1.0   19   6.6M  150  516  77%    10M |  99.9   n/a   1   27   783k   13   20  60%  81.9M    n/a  n/a
   4   66 |   7 1.0   19   6.4M  169  598  77%    10M |  99.9   n/a   1   27   487k    8   20  71%  81.9M    n/a  n/a
   4   67 |   7 1.0   19   6.5M  160  533  76%    10M |  99.9   n/a   1   27   573k    9   22  70%  81.9M    n/a  n/a
   4   68 |   7 1.0   19   6.3M  154  594  79%    10M |  99.9   n/a   1   27  1.17M   17   16  48%  81.9M    n/a  n/a
   4   69 |   7 1.0   19   6.7M  165  494  74%    10M |  99.9   n/a   1   27  1.23M   18   16  47%  81.9M    n/a  n/a
   4   6a |   7 1.0   19   6.7M  175  551  75%    10M |  99.9   n/a   1   27   951k   13   19  59%  81.9M    n/a  n/a
   4   6b |   7 1.0   19   6.6M  157  474  75%    10M |  99.9   n/a   1   27   952k   15   23  60%  81.9M    n/a  n/a
   0   44 |   7 1.0   19   9.6M  163  500  75%    10M |  99.9   ovl   1   27  2.02M   20   11  35%  81.9M   440n  n/a
   0   45 |   7 1.0   19    10M  168  406  70%    10M |  99.9   n/a   1   27  2.00M   21   15  41%  81.9M    n/a  n/a
   0   46 |   7 1.0   19    11M  190  446  70%    10M |  99.9   n/a   1   27  2.05M   20   15  42%  81.9M    n/a  n/a
   0   47 |   7 1.0   19    10M  174  452  72%    10M |  99.9   ovl   1   27  2.72M   29   12  29%  81.9M  -129n  n/a
   0   48 |   7 1.0   19   9.9M  184  486  72%    10M |  99.9   ovl   1   27  1.98M   21   15  41%  81.9M  -193n  n/a
   0   49 |   7 1.0   19    11M  170  417  71%    10M |  99.9   ovl   1   27  1.81M   20   11  35%  81.9M  -494n  n/a
   0   4a |   7 1.0   19   9.4M  157  464  74%    10M |  99.9   n/a   1   27  1.77M   18   11  37%  81.9M    n/a  n/a
   0   4b |   7 1.0   19    11M  172  413  70%    10M |  99.9   n/a   1   27  2.21M   22   17  43%  81.9M    n/a  n/a
   1   4c |   7 1.0   19    11M  200  513  71%    10M |  99.9   n/a   1   27  1.57M   16   18  52%  81.9M    n/a  n/a
   1   4d |   7 1.0   19    11M  189  505  72%    10M |  99.9   n/a   1   27  1.43M   15   20  57%  81.9M    n/a  n/a
   1   4e |   7 1.0   19    11M  204  552  73%    10M |  99.9   n/a   1   27  1.53M   16   16  50%  81.9M    n/a  n/a
   1   4f |   7 1.0   19    11M  193  481  71%    10M |  99.9   ovl   1   27  1.83M   17   17  50%  81.9M  -342n  n/a
   1   50 |   7 1.0   19    11M  200  523  72%    10M |  99.9   n/a   1   27  1.61M   17   17  50%  81.9M    n/a  n/a
   1   51 |   7 1.0   19    11M  184  485  72%    10M |  99.9   n/a   1   27  1.59M   15   18  54%  81.9M    n/a  n/a
   1   52 |   7 1.0   19    12M  206  526  71%    10M |  99.9   ovl   1   27  1.97M   19   17  47%  81.9M   408n  n/a
   1   53 |   7 1.0   19    11M  199  485  70%    10M |  99.9   n/a   1   27  2.01M   19   18  48%  81.9M    n/a  n/a
   2   54 |   7 1.0   19   6.4M  162  573  77%    10M |  99.9   n/a   1   27   949k   15   18  54%  81.9M    n/a  n/a
   2   55 |   7 1.0   19   6.2M  148  527  78%    10M |  99.9   n/a   1   27   905k   14   17  54%  81.9M    n/a  n/a
   2   56 |   7 1.0   19   6.2M  161  548  77%    10M |  99.9   n/a   1   27   885k   14   20  58%  81.9M    n/a  n/a
   2   57 |   7 1.0   19   6.0M  149  518  77%    10M |  99.9   n/a   1   27  1.18M   16   20  55%  81.9M    n/a  n/a
   2   58 |   7 1.0   19   6.3M  156  552  77%    10M |  99.9   n/a   1   27   977k   14   17  54%  81.9M    n/a  n/a
   2   59 |   7 1.0   19   6.2M  150  539  78%    10M |  99.9   n/a   1   27   766k   11   21  65%  81.9M    n/a  n/a
   2   5a |   7 1.0   19   6.2M  165  607  78%    10M |  99.9   n/a   1   27   668k   11   19  63%  81.9M    n/a  n/a
   2   5b |   7 1.0   19   6.2M  151  528  77%    10M |  99.9   n/a   1   27   853k   13   22  62%  81.9M    n/a  n/a
   3   5c |   7 1.0   19   8.5M  150  572  79%    10M |  99.9   n/a   1   27  1.12M   12   27  69%  81.9M    n/a  n/a
   3   5d |   7 1.0   19   8.5M  139  570  80%    10M |  99.9   n/a   1   27  1.05M   10   23  69%  81.9M    n/a  n/a
   3   5e |   7 1.0   19   8.2M  141  568  80%    10M |  99.9   n/a   1   27  1.12M   10   24  70%  81.9M    n/a  n/a
   3   5f |   7 1.0   19   8.5M  139  588  80%    10M |  99.9   n/a   1   27  1.07M   10   24  70%  81.9M    n/a  n/a
   3   60 |   7 1.0   19   8.4M  140  543  79%    10M |  99.9   n/a   1   27   897k    9   24  72%  81.9M    n/a  n/a
   3   61 |   7 1.0   19   8.5M  140  547  79%    10M |  99.9   n/a   1   27  1.21M   11   23  67%  81.9M    n/a  n/a
   3   62 |   7 1.0   19   8.3M  143  599  80%    10M |  99.9   n/a   1   27   994k    9   23  71%  81.9M    n/a  n/a
   3   63 |   7 1.0   19   8.2M  135  508  79%    10M |  99.9   n/a   1   27   984k    9   20  68%  81.9M    n/a  n/a
   4   64 |   7 1.0   19   6.9M  175  566  76%    10M |  99.9   n/a   1   27  1.14M   19   18  48%  81.9M    n/a  n/a
   4   65 |   7 1.0   19   6.7M  162  470  74%    10M |  99.9   n/a   1   27  1.38M   20   19  48%  81.9M    n/a  n/a
   4   66 |   7 1.0   19   6.7M  163  621  79%    10M |  99.9   n/a   1   27  1.04M   16   19  54%  81.9M    n/a  n/a
   4   67 |   7 1.0   19   7.0M  171  515  75%    10M |  99.9   n/a   1   27  1.08M   17   18  51%  81.9M    n/a  n/a
   4   68 |   7 1.0   19   6.9M  170  522  75%    10M |  99.9   n/a   1   27  1.11M   16   19  54%  81.9M    n/a  n/a
   4   69 |   7 1.0   19   6.9M  171  509  74%    10M |  99.9   n/a   1   27  1.08M   16   19  54%  81.9M    n/a  n/a
   4   6a |   7 1.0   19   7.0M  180  518  74%    10M |  99.9   n/a   1   27   870k   13   18  58%  81.9M    n/a  n/a
   4   6b |   7 1.0   19   6.8M  168  478  73%    10M |  99.9   n/a   1   27  1.30M   20   19  48%  81.9M    n/a  n/a
   0   44 |   7 1.0   19   9.5M  173  517  74%    10M |  99.9   n/a   1   27  2.25M   24   18  42%  81.9M    n/a  n/a
   0   45 |   7 1.0   19   8.0M  141  496  77%    10M |  99.9   n/a   1   27  2.00M   20   13  39%  81.9M    n/a  n/a
   0   46 |   7 1.0   19   8.7M  170  533  75%    10M |  99.9   n/a   1   27  1.43M   15   17  53%  81.9M    n/a  n/a
   0   47 |   7 1.0   19   8.2M  138  539  79%    10M |  99.9   n/a   1   27  1.03M   11   21  65%  81.9M    n/a  n/a
   0   48 |   7 1.0   19   8.9M  160  496  75%    10M |  99.9   n/a   1   27  1.44M   15   17  53%  81.9M    n/a  n/a
   0   49 |   7 1.0   19   8.5M  147  507  77%    10M |  99.9   n/a   1   27  1.86M   20   18  47%  81.9M    n/a  n/a
   0   4a |   7 1.0   19   8.4M  143  499  77%    10M |  99.9   n/a   1   27  1.81M   18   14  43%  81.9M    n/a  n/a
   0   4b |   7 1.0   19   8.6M  153  506  76%    10M |  99.9   n/a   1   27  1.47M   14   14  50%  81.9M    n/a  n/a
   1   4c |   7 1.0   19   8.4M  144  596  80%    10M |  99.9   ovl   1   27  1.27M   13   21  61%  81.9M  -131n  n/a
   1   4d |   7 1.0   19   7.6M  135  550  80%    10M |  99.9   n/a   1   27  1.18M   11   22  66%  81.9M    n/a  n/a
   1   4e |   7 1.0   19   8.3M  153  610  79%    10M |  99.9   n/a   1   27  1.31M   13   22  62%  81.9M    n/a  n/a
   1   4f |   7 1.0   19   8.0M  138  543  79%    10M |  99.9   n/a   1   27  1.37M   14   22  61%  81.9M    n/a  n/a
   1   50 |   7 1.0   19   8.0M  137  703  83%    10M |  99.9   n/a   1   27  1.34M   13   20  60%  81.9M    n/a  n/a
   1   51 |   7 1.0   19   7.6M  126  561  81%    10M |  99.9   ovl   1   27  1.01M   10   21  67%  81.9M   879n  n/a
   1   52 |   7 1.0   19   7.7M  133  669  83%    10M |  99.9   n/a   1   27  1.15M   12   20  62%  81.9M    n/a  n/a
   1   53 |   7 1.0   19   8.0M  133  565  80%    10M |  99.9   n/a   1   27  1.44M   13   22  62%  81.9M    n/a  n/a
   2   54 |   7 1.0   19   5.8M  151  552  78%    10M |  99.9   ovl   1   27  1.17M   16   19  54%  81.9M   141n  n/a
   2   55 |   7 1.0   19   5.9M  145  529  78%    10M |  99.9   ovl   1   27   508k    7   23  76%  81.9M   814n  n/a
   2   56 |   7 1.0   19   5.5M  150  529  77%    10M |  99.9   ovl   1   27   672k   10   21  67%  81.9M  -537n  n/a
   2   57 |   7 1.0   19   5.4M  136  575  80%    10M |  99.9   ovl   1   27  1.01M   16   19  54%  81.9M   679n  n/a
   2   58 |   7 1.0   19   5.6M  144  608  80%    10M |  99.9   ovl   1   27   978k   14   19  57%  81.9M   499n  n/a
   2   59 |   7 1.0   19   5.7M  139  512  78%    10M |  99.9   ovl   1   27   681k   11   21  65%  81.9M  -628n  n/a
   2   5a |   7 1.0   19   5.7M  136  572  80%    10M |  99.9   n/a   1   27   345k    6   17  73%  81.9M    n/a  n/a
   2   5b |   7 1.0   19   5.9M  140  534  79%    10M |  99.9   ovl   1   27   816k   13   17  56%  81.9M   957n  n/a
   3   5c |   7 1.0   19    10M  182  548  75%    10M |  99.9   n/a   1   27  1.17M   12   18  60%  81.9M    n/a  n/a
   3   5d |   7 1.0   19    11M  170  488  74%    10M |  99.9   ovl   1   27  1.61M   16   17  51%  81.9M   896n  n/a
   3   5e |   7 1.0   19    11M  196  526  72%    10M |  99.9   ovl   1   27  1.61M   16   13  44%  81.9M  -620n  n/a
   3   5f |   7 1.0   19    11M  188  516  73%    10M |  99.9   n/a   1   27  1.97M   19   16  45%  81.9M    n/a  n/a
   3   60 |   7 1.0   19    11M  196  567  74%    10M |  99.9   n/a   1   27  1.28M   13   18  58%  81.9M    n/a  n/a
   3   61 |   7 1.0   19    10M  168  496  74%    10M |  99.9   ovl   1   27  2.03M   21   13  38%  81.9M    66n  n/a
   3   62 |   7 1.0   19    10M  179  587  76%    10M |  99.9   ovl   1   27  2.19M   20   15  42%  81.9M    -1u  n/a
   3   63 |   7 1.0   19    11M  176  508  74%    10M |  99.9   n/a   1   27  1.48M   14   16  53%  81.9M    n/a  n/a

          |--------------------DL---------------------|-------------------------------UL-----------------------------
 pci rnti | cqi  ri  mcs  brate   ok  nok  (%)  dl_bs | pusch  rsrp  ri  mcs  brate   ok  nok  (%)    bsr     ta  phr
   4   64 |   7 1.0   19   6.7M  180  573  76%    10M |  99.9   ovl   1   27   988k   14   21  60%  81.9M   -41n  n/a
   4   65 |   7 1.0   19   7.0M  165  498  75%    10M |  99.9   ovl   1   27   911k   14   17  54%  81.9M  -723n  n/a
   4   66 |   7 1.0   19   6.8M  167  560  77%    10M |  99.9   ovl   1   27   878k   13   17  56%  81.9M  -482n  n/a
   4   67 |   7 1.0   19   6.9M  171  441  72%    10M |  99.9   ovl   1   27   901k   14   20  58%  81.9M  -228n  n/a
   4   68 |   7 1.0   19   6.6M  166  613  78%    10M |  99.9   ovl   1   27  1.15M   17   18  51%  81.9M   -90n  n/a
   4   69 |   7 1.0   19   6.9M  173  504  74%    10M |  99.9   ovl   1   27  1.38M   21   20  48%  81.9M  -309n  n/a
   4   6a |   7 1.0   19   7.0M  174  517  74%    10M |  99.9   ovl   1   27  1.06M   16   18  52%  81.9M  -433n  n/a
   4   6b |   7 1.0   19   6.7M  171  469  73%    10M |  99.9   ovl   1   27  1.41M   21   14  40%  81.9M   319n  n/a
   0   44 |   7 1.0   19   7.2M  126  628  83%    10M |  99.9   n/a   1   27   758k    7   16  69%  81.9M    n/a  n/a
   0   45 |   7 1.0   19   7.6M  135  561  80%    10M |  99.9   n/a   1   27   814k    8    8  50%  81.9M    n/a  n/a
   0   46 |   7 1.0   19   8.3M  139  556  80%    10M |  99.9   n/a   1   27  1.13M   13   12  48%  81.9M    n/a  n/a
   0   47 |   7 1.0   19   8.0M  126  527  80%    10M |  99.9   n/a   1   27  1.33M   14   15  51%  81.9M    n/a  n/a
   0   48 |   7 1.0   19   7.9M  135  648  82%    10M |  99.9   n/a   1   27  2.02M   21   13  38%  81.9M    n/a  n/a
   0   49 |   7 1.0   19   7.8M  128  605  82%    10M |  99.9   n/a   1   27   463k    5   18  78%  81.9M    n/a  n/a
   0   4a |   7 1.0   19   8.0M  139  603  81%    10M |  99.9   n/a   1   27   867k    9   12  57%  81.9M    n/a  n/a
   0   4b |   7 1.0   19   8.0M  130  575  81%    10M |  99.9   n/a   1   27   967k   10   15  60%  81.9M    n/a  n/a
   1   4c |   7 1.0   19   7.8M  144  657  82%    10M |  99.9   n/a   1   27  1.32M   14   13  48%  81.9M    n/a  n/a
   1   4d |   7 1.0   19   7.7M  128  617  82%    10M |  99.9   n/a   1   27  1.21M   11   17  60%  81.9M    n/a  n/a
   1   4e |   7 1.0   19   7.5M  131  666  83%    10M |  99.9   n/a   1   27  1.08M   11   17  60%  81.9M    n/a  n/a
   1   4f |   7 1.0   19   7.8M  128  534  80%    10M |  99.9   n/a   1   27   816k    8   19  70%  81.9M    n/a  n/a
   1   50 |   7 1.0   19   7.5M  133  623  82%    10M |  99.9   n/a   1   27  1.01M   10   18  64%  81.9M    n/a  n/a
   1   51 |   7 1.0   19   7.5M  129  587  81%    10M |  99.9   n/a   1   27   727k    9   20  68%  81.9M    n/a  n/a
   1   52 |   7 1.0   19   6.9M  127  627  83%    10M |  99.9   n/a   1   27  1.32M   12   18  60%  81.9M    n/a  n/a
   1   53 |   7 1.0   19   7.4M  126  524  80%    10M |  99.9   n/a   1   27  1.08M   12   18  60%  81.9M    n/a  n/a
   2   54 |   7 1.0   19   5.6M  148  645  81%    10M |  99.9   ovl   1   27  1.45M   21   14  40%  81.9M   439n  n/a
   2   55 |   7 1.0   19   5.6M  137  553  80%    10M |  99.9   ovl   1   27   962k   15   14  48%  81.9M     4n  n/a
   2   56 |   7 1.0   19   5.9M  155  554  78%    10M |  99.9   ovl   1   27   660k   10   20  66%  81.9M   188n  n/a
   2   57 |   7 1.0   19   5.2M  130  547  80%    10M |  99.9   ovl   1   27  1.42M   20   18  47%  81.9M   397n  n/a
   2   58 |   7 1.0   19   5.8M  157  615  79%    10M |  99.9   ovl   1   27   427k    6   18  75%  81.9M   838n  n/a
   2   59 |   7 1.0   19   5.5M  135  545  80%    10M |  99.9   ovl   1   27   657k   10   20  66%  81.9M   957n  n/a
   2   5a |   7 1.0   19   5.3M  148  574  79%    10M |  99.9   ovl   1   27  1.28M   19   15  44%  81.9M  -126n  n/a
   2   5b |   7 1.0   19   5.5M  138  518  78%    10M |  99.9   ovl   1   27  1.22M   17   15  46%  81.9M    67n  n/a
   3   5c |   7 1.0   19   8.1M  142  562  79%    10M |  99.9   n/a   1   27  1.63M   16   14  46%  81.9M    n/a  n/a
   3   5d |   7 1.0   19   8.7M  141  524  78%    10M |  99.9   n/a   1   27  1.97M   20   17  45%  81.9M    n/a  n/a
   3   5e |   7 1.0   19   8.4M  150  629  80%    10M |  99.9   n/a   1   27  1.42M   13   14  51%  81.9M    n/a  n/a
   3   5f |   7 1.0   19   8.7M  136  516  79%    10M |  99.9   n/a   1   27  1.91M   19   14  42%  81.9M    n/a  n/a
   3   60 |   7 1.0   19   9.2M  172  496  74%    10M |  99.9   n/a   1   27  1.49M   16   16  50%  81.9M    n/a  n/a
   3   61 |   7 1.0   19   8.8M  141  537  79%    10M |  99.9   n/a   1   27  1.10M   11   16  59%  81.9M    n/a  n/a
   3   62 |   7 1.0   19   8.6M  149  581  79%    10M |  99.9   n/a   1   27  1.65M   15   14  48%  81.9M    n/a  n/a
   3   63 |   7 1.0   19   8.2M  136  531  79%    10M |  99.9   n/a   1   27   879k    9   18  66%  81.9M    n/a  n/a
   4   64 |   7 1.0   19   7.3M  182  540  74%    10M |  99.9   n/a   1   27  1.29M   18   21  53%  81.9M    n/a  n/a
   4   65 |   7 1.0   19   7.0M  173  489  73%    10M |  99.9   ovl   1   27  1.41M   21   22  51%  81.9M  -506n  n/a
   4   66 |   7 1.0   19   6.8M  168  546  76%    10M |  99.9   ovl   1   27  1.31M   19   19  50%  81.9M    84n  n/a
   4   67 |   7 1.0   19   7.2M  173  492  73%    10M |  99.9   ovl   1   27  1.69M   24   20  45%  81.9M  -328n  n/a
   4   68 |   7 1.0   19   6.8M  167  558  76%    10M |  99.9   ovl   1   27  1.30M   19   19  50%  81.9M    76n  n/a
   4   69 |   7 1.0   19   7.1M  175  497  73%    10M |  99.9   ovl   1   27  1.38M   19   21  52%  81.9M  -412n  n/a
   4   6a |   7 1.0   19   7.1M  182  549  75%    10M |  99.9   ovl   1   27  1.08M   15   21  58%  81.9M  -454n  n/a
   4   6b |   7 1.0   19   7.2M  168  422  71%    10M |  99.9   ovl   1   27  1.39M   21   20  48%  81.9M   163n  n/a
   0   44 |   7 1.0   19   8.5M  148  567  79%    10M |  99.9   ovl   1   27  1.54M   16   21  56%  81.9M  -129n  n/a
   0   45 |   7 1.0   19   8.8M  153  536  77%    10M |  99.9   ovl   1   27  1.28M   13   18  58%  81.9M  -494n  n/a
   0   46 |   7 1.0   19   8.4M  143  578  80%    10M |  99.9   ovl   1   27  1.52M   14   20  58%  81.9M   289n  n/a
   0   47 |   7 1.0   19   8.9M  152  512  77%    10M |  99.9   ovl   1   27  1.91M   18   14  43%  81.9M  -254n  n/a
   0   48 |   7 1.0   19   7.8M  142  573  80%    10M |  99.9   ovl   1   27  1.04M   10   17  62%  81.9M  -698n  n/a
   0   49 |   7 1.0   19   8.9M  155  478  75%    10M |  99.9   ovl   1   27  1.02M   10   15  60%  81.9M   140n  n/a
   0   4a |   7 1.0   19   8.6M  154  566  78%    10M |  99.9   ovl   1   27  1.52M   16   17  51%  81.9M   440n  n/a
   0   4b |   7 1.0   19   8.5M  144  521  78%    10M |  99.9   ovl   1   27  1.22M   13   16  55%  81.9M  -385n  n/a
   1   4c |   7 1.0   19    10M  176  547  75%    10M |  99.9   n/a   1   27  1.22M   13   19  59%  81.9M    n/a  n/a
   1   4d |   7 1.0   19    10M  171  534  75%    10M |  99.9   n/a   1   27  1.47M   13   19  59%  81.9M    n/a  n/a
   1   4e |   7 1.0   19    10M  183  534  74%    10M |  99.9   n/a   1   27  1.41M   14   17  54%  81.9M    n/a  n/a
   1   4f |   7 1.0   19    10M  169  583  77%    10M |  99.9   n/a   1   27  1.36M   14   15  51%  81.9M    n/a  n/a
   1   50 |   7 1.0   19    10M  179  557  75%    10M |  99.9   n/a   1   27  1.29M   12   17  58%  81.9M    n/a  n/a
   1   51 |   7 1.0   19    10M  172  533  75%    10M |  99.9   n/a   1   27  1.10M   10   19  65%  81.9M    n/a  n/a
   1   52 |   7 1.0   19  10.0M  179  560  75%    10M |  99.9   n/a   1   27  1.27M   14   14  50%  81.9M    n/a  n/a
   1   53 |   7 1.0   19    10M  173  592  77%    10M |  99.9   n/a   1   27  1.48M   15   18  54%  81.9M    n/a  n/a
   2   54 |   7 1.0   19   6.2M  159  532  76%    10M |  99.9   n/a   1   27  1.07M   17   18  51%  81.9M    n/a  n/a
   2   55 |   7 1.0   19   6.3M  153  552  78%    10M |  99.9   n/a   1   27   857k   13   16  55%  81.9M    n/a  n/a
   2   56 |   7 1.0   19   6.1M  165  577  77%    10M |  99.9   n/a   1   27   561k    9   20  68%  81.9M    n/a  n/a
   2   57 |   7 1.0   19   6.2M  145  546  79%    10M |  99.9   n/a   1   27   676k   11   16  59%  81.9M    n/a  n/a
   2   58 |   7 1.0   19   5.9M  165  641  79%    10M |  99.9   n/a   1   27   901k   12   15  55%  81.9M    n/a  n/a
   2   59 |   7 1.0   19   6.0M  145  544  78%    10M |  99.9   n/a   1   27   801k   14   16  53%  81.9M    n/a  n/a
   2   5a |   7 1.0   19   6.2M  150  616  80%    10M |  99.9   n/a   1   27  1.23M   19   16  45%  81.9M    n/a  n/a
   2   5b |   7 1.0   19   6.3M  150  546  78%    10M |  99.9   n/a   1   27  1.22M   19   18  48%  81.9M    n/a  n/a
   3   5c |   7 1.0   19   8.0M  151  644  81%    10M |  99.9   ovl   1   27  1.23M   12   15  55%  81.9M   172n  n/a
   3   5d |   7 1.0   19   7.7M  139  582  80%    10M |  99.9   ovl   1   27  1.29M   13   14  51%  81.9M  -243n  n/a
   3   5e |   7 1.0   19   8.2M  147  570  79%    10M |  99.9   ovl   1   27  1.56M   16   22  57%  81.9M  -186n  n/a
   3   5f |   7 1.0   19   8.0M  133  571  81%    10M |  99.9   ovl   1   27  1.68M   18   13  41%  81.9M  -163n  n/a
   3   60 |   7 1.0   19   7.8M  140  642  82%    10M |  99.9   ovl   1   27  1.61M   16   19  54%  81.9M    92n  n/a
   3   61 |   7 1.0   19   7.6M  129  588  82%    10M |  99.9   ovl   1   27  1.55M   15   21  58%  81.9M    56n  n/a
   3   62 |   7 1.0   19   8.0M  140  652  82%    10M |  99.9   ovl   1   27  1.34M   14   17  54%  81.9M   105n  n/a
   3   63 |   7 1.0   19   8.2M  132  558  80%    10M |  99.9   ovl   1   27  1.25M   13   20  60%  81.9M  -182n  n/a
   4   64 |   7 1.0   19   4.8M  121  643  84%    10M |  99.9   n/a   1   27   341k    5   13  72%  81.9M    n/a  n/a
   4   65 |   7 1.0   19   4.6M  116  583  83%    10M |  99.9   n/a   1   27   684k   10   16  61%  81.9M    n/a  n/a
   4   66 |   7 1.0   19   4.9M  128  620  82%    10M |  99.9   n/a   1   27   583k    9   19  67%  81.9M    n/a  n/a
   4   67 |   7 1.0   19   4.6M  114  579  83%    10M |  99.9   n/a   1   27   624k   10   16  61%  81.9M    n/a  n/a
   4   68 |   7 1.0   19   4.7M  126  674  84%    10M |  99.9   n/a   1   27   519k    7   16  69%  81.9M    n/a  n/a
   4   69 |   7 1.0   19   4.8M  118  531  81%    10M |  99.9   n/a   1   27   510k    7   15  68%  81.9M    n/a  n/a
   4   6a |   7 1.0   19   4.8M  120  577  82%    10M |  99.9   n/a   1   27   499k    8   20  71%  81.9M    n/a  n/a
   4   6b |   7 1.0   19   4.8M  121  527  81%    10M |  99.9   n/a   1   27   578k   10   18  64%  81.9M    n/a  n/a

          |--------------------DL---------------------|-------------------------------UL-----------------------------
 pci rnti | cqi  ri  mcs  brate   ok  nok  (%)  dl_bs | pusch  rsrp  ri  mcs  brate   ok  nok  (%)    bsr     ta  phr
   0   44 |   7 1.0   19   9.8M  186  523  73%    10M |  99.9   n/a   1   27  1.92M   19   14  42%  81.9M    n/a  n/a
   0   45 |   7 1.0   19   9.5M  150  467  75%    10M |  99.9   n/a   1   27  1.68M   18   18  50%  81.9M    n/a  n/a
   0   46 |   7 1.0   19   9.7M  181  549  75%    10M |  99.9   ovl   1   27  1.59M   16   17  51%  81.9M    36n  n/a
   0   47 |   7 1.0   19   9.7M  155  440  73%    10M |  99.9   n/a   1   27  1.84M   20   21  51%  81.9M    n/a  n/a
   0   48 |   7 1.0   19   9.6M  174  533  75%    10M |  99.9   ovl   1   27  1.67M   17   18  51%  81.9M  -422n  n/a
   0   49 |   7 1.0   19   9.2M  158  513  76%    10M |  99.9   n/a   1   27  1.63M   17   18  51%  81.9M    n/a  n/a
   0   4a |   7 1.0   19   9.4M  162  534  76%    10M |  99.9   n/a   1   27  1.37M   15   15  50%  81.9M    n/a  n/a
   0   4b |   7 1.0   19   9.4M  159  519  76%    10M |  99.9   n/a   1   27  1.64M   17   17  50%  81.9M    n/a  n/a
   1   4c |   7 1.0   19   9.1M  160  580  78%    10M |  99.9   n/a   1   27  1.04M   10   23  69%  81.9M    n/a  n/a
   1   4d |   7 1.0   19   9.2M  159  522  76%    10M |  99.9   n/a   1   27  1.01M   11