
--== OCUDU gNB (commit 6744de3b5b) ==--

Initializing the Open Fronthaul Interface for sector#0: ul_compr=[BFP,9], dl_compr=[BFP,9], prach_compr=[BFP,9], prach_cp_enabled=false
Initializing the Open Fronthaul Interface for sector#1: ul_compr=[BFP,9], dl_compr=[BFP,9], prach_compr=[BFP,9], prach_cp_enabled=false
Initializing the Open Fronthaul Interface for sector#2: ul_compr=[BFP,9], dl_compr=[BFP,9], prach_compr=[BFP,9], prach_cp_enabled=false
Initializing the Open Fronthaul Interface for sector#3: ul_compr=[BFP,9], dl_compr=[BFP,9], prach_compr=[BFP,9], prach_cp_enabled=false
Cell pci=0, bw=100 MHz, 1T1R, dl_arfcn=625000 (n78), dl_freq=3375 MHz, dl_ssb_arfcn=622272, ul_freq=3375 MHz
Cell pci=1, bw=90 MHz, 1T1R, dl_arfcn=632628 (n78), dl_freq=3489.42 MHz, dl_ssb_arfcn=630240, ul_freq=3489.42 MHz
Cell pci=2, bw=80 MHz, 1T1R, dl_arfcn=637212 (n78), dl_freq=3558.18 MHz, dl_ssb_arfcn=635136, ul_freq=3558.18 MHz
Cell pci=3, bw=100 MHz, 1T1R, dl_arfcn=640000 (n78), dl_freq=3600 MHz, dl_ssb_arfcn=637344, ul_freq=3600 MHz

Remote control server listening on 0.0.0.0:8001
==== gNB started ===
Type <h> to view help

          |--------------------DL---------------------|-------------------------------UL-----------------------------
 pci rnti | cqi  ri  mcs  brate   ok  nok  (%)  dl_bs | pusch  rsrp  ri  mcs  brate   ok  nok  (%)    bsr     ta  phr
   0   44 |   7 1.0    9    10M   78   90  53%    10M |  69.9   ovl   1   24  2.49M    9    5  35%  81.9M   -93n  n/a
   0   45 |   7 1.0    9    10M   73   86  54%    10M |  74.5   ovl   1   25  5.44M   11    6  35%  81.9M  -432n  n/a
   0   46 |   7 1.0   11    11M   56   95  62%    10M |  63.2   ovl   1   18  2.49M    7    6  46%  81.9M    -1u  n/a
   0   47 |   7 1.0    9    10M   76   96  55%    10M |  83.4   ovl   1   25  3.61M    9    4  30%  81.9M   438n  n/a
   0   48 |   7 1.0    3   6.0k    1    0   0%    10M |  99.9   n/a   1    9   209k    2    0   0%  81.9M    n/a  n/a
   0   49 |   7 1.0   10    10M   61   92  60%    10M |  81.6   ovl   1   22  6.56M   16    5  23%  81.9M   199n  n/a
   0   4a |   7 1.0    3   6.0k    1    0   0%    10M |  99.9   n/a   1    9   209k    2    0   0%  81.9M    n/a  n/a
   0   4b |   7 1.0    3   6.0k    1    0   0%    10M |  99.9   n/a   1    9   103k    1    0   0%  81.9M    n/a  n/a
   1   4c |   7 1.0   10   8.7M   52   72  58%    10M |  99.9   n/a   1   25  6.52M   14    2  12%  81.9M    n/a  n/a
   1   4d |   7 1.0   10   8.6M   62  101  61%    10M |  99.9   n/a   1   26  6.41M   13    2  13%  81.9M    n/a  n/a
   1   4e |   7 1.0    9   8.1M   67   83  55%    10M |  99.9   n/a   1   26  6.45M   13    2  13%  81.9M    n/a  n/a
   1   4f |   7 1.0    8   7.6M   71   61  46%    10M |  99.9   n/a   1   26  6.38M   13    3  18%  81.9M    n/a  n/a
   1   50 |   7 1.0   10   8.7M   54   79  59%    10M |  99.9   n/a   1   26  6.39M   13    3  18%  81.9M    n/a  n/a
   1   51 |   7 1.0    9   7.8M   65   94  59%    10M |  99.9   n/a   1   26  6.48M   13    2  13%  81.9M    n/a  n/a
   1   52 |   7 1.0    3   6.0k    1    0   0%    10M |  99.9   n/a   1    9   185k    2    0   0%  81.9M    n/a  n/a
   1   53 |   7 1.0   10   8.7M   51   69  57%    10M |  99.9   n/a   1   26  6.40M   13    2  13%  81.9M    n/a  n/a
   2   54 |   7 1.0   11   6.4M  109  111  50%    10M |  99.9   n/a   1   26  3.93M   23    6  20%  81.9M    n/a  n/a
   2   55 |   7 1.0    9   6.0M  128  121  48%    10M |  83.4   ovl   1   26  1.76M    9    7  43%  81.9M  -911n  n/a
   2   56 |   7 1.0   10   6.1M  123  161  56%    10M |  99.9   n/a   1   27  3.89M   21    6  22%  81.9M    n/a  n/a
   2   57 |   7 1.0    9   5.6M  137  112  44%    10M |  92.5   ovl   1   27  4.00M   21    7  25%  81.9M  -616n  n/a
   2   58 |   7 1.0    9   5.4M  134  137  50%    10M |  82.0   ovl   1   26  1.74M    8    8  50%  81.9M  -656n  n/a
   2   59 |   7 1.0   10   6.0M  118  126  51%    10M |  82.6   ovl   1   27  3.18M   17    7  29%  81.9M   776n  n/a
   2   5a |   7 1.0   11   6.0M  114  125  52%    10M |  85.0   ovl   1   26  1.61M   10    7  41%  81.9M   441n  n/a
   2   5b |   7 1.0   10   5.7M  119  127  51%    10M |  86.2   ovl   1   25  1.60M   11    7  38%  81.9M   304n  n/a
   3   5c |   7 1.0   10   8.6M   54   91  62%    10M |  81.6   ovl   1   25  3.01M    8    3  27%  81.9M    23n  n/a
   3   5d |   7 1.0   10   8.1M   52  101  66%    10M |  76.4   ovl   1   25  2.46M    6    4  40%  81.9M   279n  n/a
   3   5e |   7 1.0   10   8.2M   47   98  67%    10M |  69.9   ovl   1   25  3.60M    9    6  40%  81.9M   -74n  n/a
   3   5f |   7 1.0   10   8.5M   47   84  64%    10M |  72.4   ovl   1   15  2.42M    5    5  50%  81.9M   137n  n/a
   3   60 |   7 1.0   10   8.4M   48  103  68%    10M |  66.9   ovl   1   19  2.99M    8    7  46%  81.9M   414n  n/a
   3   61 |   7 1.0   10   8.4M   49   82  62%    10M |  79.3   ovl   1   25  2.98M    7    4  36%  81.9M   140n  n/a
   3   62 |   7 1.0    3   6.0k    1    0   0%    10M |  99.9   n/a   1    9   209k    2    0   0%  81.9M    n/a  n/a
   3   63 |   7 1.0    3   6.0k    1    0   0%    10M |  99.9   n/a   1    9   103k    1    0   0%  81.9M    n/a  n/a
   0   44 |   7 1.0   11   9.0M  115  302  72%    10M |  99.9   n/a   1   24  2.27M   10   15  60%  81.9M    n/a  n/a
   0   45 |   7 1.0   11   9.1M  118  311  72%    10M |  99.9   n/a   1   27  1.27M    5   17  77%  81.9M    n/a  n/a
   0   46 |   7 1.0   11    10M  132  290  68%    10M |  99.9   n/a   1   25  3.02M   13   16  55%  81.9M    n/a  n/a
   0   47 |   7 1.0   11   9.8M  134  314  70%    10M |  99.9   n/a   1   17  3.30M   14   20  58%  81.9M    n/a  n/a
   0   48 |   7 1.0    0      0    0    0   0%    10M |   n/a   n/a   1    0      0    0    0   0%  81.9M    n/a  n/a
   0   49 |   7 1.0   11   9.4M  126  289  69%    10M |  99.9   n/a   1   27  1.77M    7   17  70%  81.9M    n/a  n/a
   0   4a |   7 1.0    0      0    0    0   0%    10M |   n/a   n/a   1    0      0    0    0   0%  81.9M    n/a  n/a
   0   4b |   7 1.0    0      0    0    0   0%    10M |   n/a   n/a   1    0      0    0    0   0%  81.9M    n/a  n/a
   1   4c |   7 1.0   11   6.7M   89  319  78%    10M |  99.9   n/a   1   27  2.95M   13   13  50%  81.9M    n/a  n/a
   1   4d |   7 1.0   11   6.4M   95  327  77%    10M |  99.9   n/a   1   27  2.05M    9   10  52%  81.9M    n/a  n/a
   1   4e |   7 1.0   11   6.7M   94  258  73%    10M |  99.9   n/a   1   27  3.18M   14   11  44%  81.9M    n/a  n/a
   1   4f |   7 1.0   11   6.2M   90  310  77%    10M |  99.9   n/a   1   27  2.52M   11    8  42%  81.9M    n/a  n/a
   1   50 |   7 1.0   11   6.6M   91  282  75%    10M |  99.9   n/a   1   27  1.60M    7   11  61%  81.9M    n/a  n/a
   1   51 |   7 1.0   11   6.2M   89  300  77%    10M |  99.9   n/a   1   27  3.19M   14    9  39%  81.9M    n/a  n/a
   1   52 |   7 1.0    0      0    0    0   0%    10M |   n/a   n/a   1    0      0    0    0   0%  81.9M    n/a  n/a
   1   53 |   7 1.0   11   6.4M   91  348  79%    10M |  99.9   n/a   1   27  2.28M   10   12  54%  81.9M    n/a  n/a
   2   54 |   7 1.0   11   4.3M  181  520  74%    10M |  99.9   n/a   1   27  1.04M   14   27  65%  81.9M    n/a  n/a
   2   55 |   7 1.0   11   4.1M  162  551  77%    10M |  99.9   ovl   1   24   824k   12   26  68%  81.9M   566n  n/a
   2   56 |   7 1.0   11   4.3M  182  598  76%    10M |  99.9   n/a   1   27  1.01M   14   26  65%  81.9M    n/a  n/a
   2   57 |   7 1.0   11   4.2M  173  500  74%    10M |  99.9   n/a   1   27   665k    9   28  75%  81.9M    n/a  n/a
   2   58 |   7 1.0   11   4.2M  181  642  78%    10M |  99.9   ovl   1   26  1.09M   17   24  58%  81.9M   344n  n/a
   2   59 |   7 1.0   11   4.2M  165  535  76%    10M |  99.9   n/a   1   27   899k   12   28  70%  81.9M    n/a  n/a
   2   5a |   7 1.0   11   4.2M  180  541  75%    10M |  99.9   ovl   1   24  1.06M   15   23  60%  81.9M   639n  n/a
   2   5b |   7 1.0   11   4.2M  164  501  75%    10M |  99.9   ovl   1   22   960k   14   22  61%  81.9M  -553n  n/a
   3   5c |   7 1.0   11   8.6M  114  244  68%    10M |  99.9   n/a   1   19   524k    3   17  85%  81.9M    n/a  n/a
   3   5d |   7 1.0   11   7.6M  100  329  76%    10M |  99.9   n/a   1   27  1.78M    8   14  63%  81.9M    n/a  n/a
   3   5e |   7 1.0   11   8.4M  114  285  71%    10M |  99.9   n/a   1   27  1.26M    5    8  61%  81.9M    n/a  n/a
   3   5f |   7 1.0   11   7.9M  102  329  76%    10M |  99.9   n/a   1   17  2.54M   11   16  59%  81.9M    n/a  n/a
   3   60 |   7 1.0   11   8.9M  117  269  69%    10M |  99.9   n/a   1   27  1.02M    4    8  66%  81.9M    n/a  n/a
   3   61 |   7 1.0   11   7.9M   97  298  75%    10M |  99.9   n/a   1   15  1.52M    7   15  68%  81.9M    n/a  n/a
   3   62 |   7 1.0    0      0    0    0   0%    10M |   n/a   n/a   1    0      0    0    0   0%  81.9M    n/a  n/a
   3   63 |   7 1.0    0      0    0    0   0%    10M |   n/a   n/a   1    0      0    0    0   0%  81.9M    n/a  n/a
   0   44 |   7 1.0   11   9.2M  133  276  67%    10M |  99.9   n/a   1   27  2.29M    9   15  62%  81.9M    n/a  n/a
   0   45 |   7 1.0   11   8.8M  114  312  73%    10M |  99.9   n/a   1   27  1.77M    7   16  69%  81.9M    n/a  n/a
   0   46 |   7 1.0   11   8.8M  118  351  74%    10M |  99.9   n/a   1   27  2.03M    8   16  66%  81.9M    n/a  n/a
   0   47 |   7 1.0   11   8.6M  117  346  74%    10M |  99.9   n/a   1   27  2.53M   10   16  61%  81.9M    n/a  n/a
   0   48 |   7 1.0    0      0    0    0   0%    10M |   n/a   n/a   1    0      0    0    0   0%  81.9M    n/a  n/a
   0   49 |   7 1.0   11   9.2M  122  301  71%    10M |  99.9   n/a   1   27  1.52M    6   16  72%  81.9M    n/a  n/a
   0   4a |   7 1.0    0      0    0    0   0%    10M |   n/a   n/a   1    0      0    0    0   0%  81.9M    n/a  n/a
   0   4b |   7 1.0    0      0    0    0   0%    10M |   n/a   n/a   1    0      0    0    0   0%  81.9M    n/a  n/a
   1   4c |   7 1.0   11   7.8M  104  243  70%    10M |  99.9   n/a   1   27  2.50M   11    7  38%  81.9M    n/a  n/a
   1   4d |   7 1.0   11   7.4M  100  286  74%    10M |  99.9   n/a   1   27  3.43M   15   10  40%  81.9M    n/a  n/a
   1   4e |   7 1.0   11   7.6M  100  226  69%    10M |  99.9   n/a   1   27  2.50M   11   11  50%  81.9M    n/a  n/a
   1   4f |   7 1.0   11   7.4M   97  249  71%    10M |  99.9   n/a   1   27  2.51M   11   11  50%  81.9M    n/a  n/a
   1   50 |   7 1.0   11   7.4M  101  231  69%    10M |  99.9   n/a   1   27  2.73M   12    9  42%  81.9M    n/a  n/a
   1   51 |   7 1.0   11   7.4M   96  267  73%    10M |  99.9   n/a   1   27  2.52M   11   11  50%  81.9M    n/a  n/a
   1   52 |   7 1.0    0      0    0    0   0%    10M |   n/a   n/a   1    0      0    0    0   0%  81.9M    n/a  n/a
   1   53 |   7 1.0   11   7.4M  101  277  73%    10M |  99.9   n/a   1   27  3.17M   14   11  44%  81.9M    n/a  n/a
   2   54 |   7 1.0   11   5.2M  215  507  70%    10M |  99.9   n/a   1   27  1.42M   17   22  56%  81.9M    n/a  n/a
   2   55 |   7 1.0   11   5.0M  191  470  71%    10M |  99.9   n/a   1   27  1.38M   17   26  60%  81.9M    n/a  n/a
   2   56 |   7 1.0   11   5.0M  206  554  72%    10M |  99.9   n/a   1   27  1.74M   22   25  53%  81.9M    n/a  n/a
   2   57 |   7 1.0   11   5.0M  195  520  72%    10M |  99.9   n/a   1   27  1.49M   18   24  57%  81.9M    n/a  n/a
   2   58 |   7 1.0   11   5.2M  210  519  71%    10M |  99.9   n/a   1   27  1.41M   19   25  56%  81.9M    n/a  n/a
   2   59 |   7 1.0   11   5.0M  204  457  69%    10M |  99.9   n/a   1   27  1.14M   14   24  63%  81.9M    n/a  n/a
   2   5a |   7 1.0   11   4.9M  208  540  72%    10M |  99.9   n/a   1   27  1.65M   20   24  54%  81.9M    n/a  n/a
   2   5b |   7 1.0   11   4.9M  197  459  69%    10M |  99.9   n/a   1   27  1.67M   21   22  51%  81.9M    n/a  n/a

          |--------------------DL---------------------|-------------------------------UL-----------------------------
 pci rnti | cqi  ri  mcs  brate   ok  nok  (%)  dl_bs | pusch  rsrp  ri  mcs  brate   ok  nok  (%)    bsr     ta  phr
   3   5c |   7 1.0   11   9.1M  104  365  77%    10M |  99.9   n/a   1   27  1.77M    7   14  66%  81.9M    n/a  n/a
   3   5d |   7 1.0   11   8.6M  102  353  77%    10M |  99.9   n/a   1   27  3.07M   12   12  50%  81.9M    n/a  n/a
   3   5e |   7 1.0   11   8.7M  112  384  77%    10M |  99.9   n/a   1   27  2.29M    9   10  52%  81.9M    n/a  n/a
   3   5f |   7 1.0   11   8.4M  103  359  77%    10M |  99.9   n/a   1   27  2.27M    9   15  62%  81.9M    n/a  n/a
   3   60 |   7 1.0   11   9.0M  111  412  78%    10M |  99.9   n/a   1   27  2.53M   10   15  60%  81.9M    n/a  n/a
   3   61 |   7 1.0   11   8.5M  102  354  77%    10M |  99.9   n/a   1   27  2.50M   10   14  58%  81.9M    n/a  n/a
   3   62 |   7 1.0    0      0    0    0   0%    10M |   n/a   n/a   1    0      0    0    0   0%  81.9M    n/a  n/a
   3   63 |   7 1.0    0      0    0    0   0%    10M |   n/a   n/a   1    0      0    0    0   0%  81.9M    n/a  n/a
   0   44 |   7 1.0   11   8.3M  102  262  71%    10M |  99.9   n/a   1   27  2.54M   10   14  58%  81.9M    n/a  n/a
   0   45 |   7 1.0   11   8.2M  114  304  72%    10M |  99.9   n/a   1   27  1.27M    5   14  73%  81.9M    n/a  n/a
   0   46 |   7 1.0   11   7.4M  106  338  76%    10M |  99.9   n/a   1   27  1.27M    5   14  73%  81.9M    n/a  n/a
   0   47 |   7 1.0   11   7.9M  109  361  76%    10M |  99.9   n/a   1   27  2.02M    8   16  66%  81.9M    n/a  n/a
   0   48 |   7 1.0    0      0    0    0   0%    10M |   n/a   n/a   1    0      0    0    0   0%  81.9M    n/a  n/a
   0   49 |   7 1.0   11   8.1M  102  303  74%    10M |  99.9   n/a   1   27  1.02M    4   16  80%  81.9M    n/a  n/a
   0   4a |   7 1.0    0      0    0    0   0%    10M |   n/a   n/a   1    0      0    0    0   0%  81.9M    n/a  n/a
   0   4b |   7 1.0    0      0    0    0   0%    10M |   n/a   n/a   1    0      0    0    0   0%  81.9M    n/a  n/a
   1   4c |   7 1.0   11   4.7M   61  247  80%    10M |  99.9   n/a   1   27   451k    2    8  80%  81.9M    n/a  n/a
   1   4d |   7 1.0   11   4.8M   74  297  80%    10M |  99.9   n/a   1   27  1.15M    5   12  70%  81.9M    n/a  n/a
   1   4e |   7 1.0   11   4.6M   64  260  80%    10M |  99.9   n/a   1   27   225k    1   11  91%  81.9M    n/a  n/a
   1   4f |   7 1.0   11   5.0M   73  238  76%    10M |  99.9   n/a   1   27  1.57M    7   12  63%  81.9M    n/a  n/a
   1   50 |   7 1.0   11   4.5M   63  274  81%    10M |  99.9   n/a   1   27  1.37M    6   13  68%  81.9M    n/a  n/a
   1   51 |   7 1.0   11   4.8M   72  268  78%    10M |  99.9   n/a   1   27  1.35M    6   12  66%  81.9M    n/a  n/a
   1   52 |   7 1.0    0      0    0    0   0%    10M |   n/a   n/a   1    0      0    0    0   0%  81.9M    n/a  n/a
   1   53 |   7 1.0   11   5.2M   74  263  78%    10M |  99.9   n/a   1   27  1.82M    8    6  42%  81.9M    n/a  n/a
   2   54 |   7 1.0   12   5.1M  204  575  73%    10M |  99.9   n/a   1   27  1.42M   18   20  52%  81.9M    n/a  n/a
   2   55 |   7 1.0   12   5.0M  185  514  73%    10M |  99.9   n/a   1   27  1.55M   21   17  44%  81.9M    n/a  n/a
   2   56 |   7 1.0   12   5.3M  201  502  71%    10M |  99.9   n/a   1   27  1.86M   24   16  40%  81.9M    n/a  n/a
   2   57 |   7 1.0   12   4.9M  178  543  75%    10M |  99.9   n/a   1   27  1.31M   15   14  48%  81.9M    n/a  n/a
   2   58 |   7 1.0   12   5.4M  207  469  69%    10M |  99.9   n/a   1   27  1.30M   18   18  50%  81.9M    n/a  n/a
   2   59 |   7 1.0   12   5.0M  186  494  72%    10M |  99.9   n/a   1   27  1.80M   23   15  39%  81.9M    n/a  n/a
   2   5a |   7 1.0   12   5.1M  199  511  71%    10M |  99.9   n/a   1   27  1.17M   15   15  50%  81.9M    n/a  n/a
   2   5b |   7 1.0   12   4.9M  174  535  75%    10M |  99.9   n/a   1   27  1.08M   15   16  51%  81.9M    n/a  n/a
   3   5c |   7 1.0   11   7.2M   89  395  81%    10M |  99.9   n/a   1   27  2.26M    9   15  62%  81.9M    n/a  n/a
   3   5d |   7 1.0   11   6.8M   86  426  83%    10M |  99.9   n/a   1   27  1.28M    5   12  70%  81.9M    n/a  n/a
   3   5e |   7 1.0   11   7.0M   83  409  83%    10M |  99.9   n/a   1   27  2.27M    9   13  59%  81.9M    n/a  n/a
   3   5f |   7 1.0   11   6.7M   85  416  83%    10M |  99.9   n/a   1   27  2.28M    9   13  59%  81.9M    n/a  n/a
   3   60 |   7 1.0   11   7.2M   88  397  81%    10M |  99.9   n/a   1   27  2.55M   10   15  60%  81.9M    n/a  n/a
   3   61 |   7 1.0   11   6.9M   87  399  82%    10M |  99.9   n/a   1   27  1.76M    7   12  63%  81.9M    n/a  n/a
   3   62 |   7 1.0    0      0    0    0   0%    10M |   n/a   n/a   1    0      0    0    0   0%  81.9M    n/a  n/a
   3   63 |   7 1.0    0      0    0    0   0%    10M |   n/a   n/a   1    0      0    0    0   0%  81.9M    n/a  n/a
   0   44 |   7 1.0   11   8.5M  113  296  72%    10M |  99.9   n/a   1   27  1.52M    6   16  72%  81.9M    n/a  n/a
   0   45 |   7 1.0   11   8.5M  109  292  72%    10M |  99.9   n/a   1   27  2.53M   10   15  60%  81.9M    n/a  n/a
   0   46 |   7 1.0   11   7.9M  108  345  76%    10M |  99.9   n/a   1   27  1.53M    6   16  72%  81.9M    n/a  n/a
   0   47 |   7 1.0   11   7.9M  117  348  74%    10M |  99.9   n/a   1   27  1.26M    5   16  76%  81.9M    n/a  n/a
   0   48 |   7 1.0    0      0    0    0   0%    10M |   n/a   n/a   1    0      0    0    0   0%  81.9M    n/a  n/a
   0   49 |   7 1.0   11   8.5M  109  305  73%    10M |  99.9   n/a   1   27  1.52M    6   16  72%  81.9M    n/a  n/a
   0   4a |   7 1.0    0      0    0    0   0%    10M |   n/a   n/a   1    0      0    0    0   0%  81.9M    n/a  n/a
   0   4b |   7 1.0    0      0    0    0   0%    10M |   n/a   n/a   1    0      0    0    0   0%  81.9M    n/a  n/a
   1   4c |   7 1.0   11   6.0M   95  236  71%    10M |  99.9   n/a   1   27  1.34M    6   17  73%  81.9M    n/a  n/a
   1   4d |   7 1.0   11   6.4M   86  217  71%    10M |  99.9   n/a   1   27  1.36M    6   11  64%  81.9M    n/a  n/a
   1   4e |   7 1.0   11   5.5M   75  247  76%    10M |  99.9   n/a   1   27  2.03M    9   12  57%  81.9M    n/a  n/a
   1   4f |   7 1.0   11   6.0M   93  246  72%    10M |  99.9   n/a   1   27   697k    3   10  76%  81.9M    n/a  n/a
   1   50 |   7 1.0   11   6.2M   92  231  71%    10M |  99.9   n/a   1   27  2.27M   10   13  56%  81.9M    n/a  n/a
   1   51 |   7 1.0   11   6.3M   91  226  71%    10M |  99.9   n/a   1   27  1.37M    6   11  64%  81.9M    n/a  n/a
   1   52 |   7 1.0    0      0    0    0   0%    10M |   n/a   n/a   1    0      0    0    0   0%  81.9M    n/a  n/a
   1   53 |   7 1.0   11   5.9M   87  270  75%    10M |  99.9   n/a   1   27   668k    3   10  76%  81.9M    n/a  n/a
   2   54 |   7 1.0   12   5.0M  196  564  74%    10M |  99.9   n/a   1   27  1.81M   23   19  45%  81.9M    n/a  n/a
   2   55 |   7 1.0   12   4.8M  169  504  74%    10M |  99.9   n/a   1   27  1.44M   19   22  53%  81.9M    n/a  n/a
   2   56 |   7 1.0   12   4.7M  172  569  76%    10M |  99.9   n/a   1   27   868k   11   21  65%  81.9M    n/a  n/a
   2   57 |   7 1.0   12   4.8M  170  501  74%    10M |  99.9   n/a   1   27  1.61M   20   22  52%  81.9M    n/a  n/a
   2   58 |   7 1.0   12   4.7M  173  560  76%    10M |  99.9   n/a   1   27   695k    9   24  72%  81.9M    n/a  n/a
   2   59 |   7 1.0   12   4.8M  168  521  75%    10M |  99.9   n/a   1   27  1.06M   13   23  63%  81.9M    n/a  n/a
   2   5a |   7 1.0   12   4.8M  191  604  75%    10M |  99.9   n/a   1   27   884k   12   25  67%  81.9M    n/a  n/a
   2   5b |   7 1.0   12   4.8M  173  532  75%    10M |  99.9   n/a   1   27  1.72M   22   25  53%  81.9M    n/a  n/a
   3   5c |   7 1.0   11   8.0M  100  424  80%    10M |  99.9   n/a   1   27  1.01M    4   16  80%  81.9M    n/a  n/a
   3   5d |   7 1.0   11   8.0M  104  388  78%    10M |  99.9   n/a   1   27  2.53M   10   15  60%  81.9M    n/a  n/a
   3   5e |   7 1.0   11   8.1M   96  351  78%    10M |  99.9   n/a   1   27  2.02M    8   13  61%  81.9M    n/a  n/a
   3   5f |   7 1.0   11   7.9M  105  339  76%    10M |  99.9   n/a   1   27  3.03M   12   11  47%  81.9M    n/a  n/a
   3   60 |   7 1.0   11   7.9M   94  427  81%    10M |  99.9   n/a   1   27  1.02M    4   10  71%  81.9M    n/a  n/a
   3   61 |   7 1.0   11   8.1M  100  383  79%    10M |  99.9   n/a   1   27   762k    3   15  83%  81.9M    n/a  n/a
   3   62 |   7 1.0    0      0    0    0   0%    10M |   n/a   n/a   1    0      0    0    0   0%  81.9M    n/a  n/a
   3   63 |   7 1.0    0      0    0    0   0%    10M |   n/a   n/a   1    0      0    0    0   0%  81.9M    n/a  n/a
   0   44 |   7 1.0   12   6.8M   97  332  77%    10M |  99.9   n/a   1   27   746k    3   16  84%  81.9M    n/a  n/a
   0   45 |   7 1.0   12   6.6M   85  401  82%    10M |  99.9   n/a   1   27   762k    3   15  83%  81.9M    n/a  n/a
   0   46 |   7 1.0   12   5.9M   82  462  84%    10M |  99.9   n/a   1   27  1.02M    4   16  80%  81.9M    n/a  n/a
   0   47 |   7 1.0   12   6.7M   95  381  80%    10M |  99.9   n/a   1   27   766k    3   16  84%  81.9M    n/a  n/a
   0   48 |   7 1.0    0      0    0    0   0%    10M |   n/a   n/a   1    0      0    0    0   0%  81.9M    n/a  n/a
   0   49 |   7 1.0   12   7.0M   92  386  80%    10M |  99.9   n/a   1   27  1.76M    7   12  63%  81.9M    n/a  n/a
   0   4a |   7 1.0    0      0    0    0   0%    10M |   n/a   n/a   1    0      0    0    0   0%  81.9M    n/a  n/a
   0   4b |   7 1.0    0      0    0    0   0%    10M |   n/a   n/a   1    0      0    0    0   0%  81.9M    n/a  n/a
   1   4c |   7 1.0   11   4.7M   74  319  81%    10M |  99.9   n/a   1   27  1.60M    7    9  56%  81.9M    n/a  n/a
   1   4d |   7 1.0   11   4.5M   68  342  83%    10M |  99.9   n/a   1   27   447k    2   12  85%  81.9M    n/a  n/a
   1   4e |   7 1.0   11   4.7M   68  329  82%    10M |  99.9   n/a   1   27   459k    2   12  85%  81.9M    n/a  n/a
   1   4f |   7 1.0   11   4.8M   79  283  78%    10M |  99.9   n/a   1   27   693k    3    8  72%  81.9M    n/a  n/a
   1   50 |   7 1.0   11   4.5M   81  334  80%    10M |  99.9   n/a   1   27   684k    3   10  76%  81.9M    n/a  n/a
   1   51 |   7 1.0   11   4.6M   73  318  81%    10M |  99.9   n/a   1   27  1.37M    6    7  53%  81.9M    n/a  n/a
   1   52 |   7 1.0    0      0    0    0   0%    10M |   n/a   n/a   1    0      0    0    0   0%  81.9M    n/a  n/a
   1   53 |   7 1.0   11   4.8M   72  303  80%    10M |  99.9   n/a   1   27   902k    4    7  63%  81.9M    n/a  n/a

          |--------------------DL---------------------|-------------------------------UL-----------------------------
 pci rnti | cqi  ri  mcs  brate   ok  nok  (%)  dl_bs | pusch  rsrp  ri  mcs  brate   ok  nok  (%)    bsr     ta  phr
   2   54 |   7 1.0   12   3.6M  139  600  81%    10M |  99.9   n/a   1   27   784k   10   19  65%  81.9M    n/a  n/a
   2   55 |   7 1.0   12   3.9M  147  548  78%    10M |  99.9   n/a   1   27   654k    9   16  64%  81.9M    n/a  n/a
   2   56 |   7 1.0   12   3.8M  153  621  80%    10M |  99.9   n/a   1   27   658k    9   14  60%  81.9M    n/a  n/a
   2   57 |   7 1.0   12   4.0M  136  506  78%    10M |  99.9   n/a   1   27   723k    9   18  66%  81.9M    n/a  n/a
   2   58 |   7 1.0   12   3.8M  140  679  82%    10M |  99.9   n/a   1   27   228k    3   20  86%  81.9M    n/a  n/a
   2   59 |   7 1.0   12   3.9M  134  584  81%    10M |  99.9   n/a   1   27   623k    7   16  69%  81.9M    n/a  n/a
   2   5a |   7 1.0   12   3.9M  159  726  82%    10M |  99.9   n/a   1   27   456k    6   18  75%  81.9M    n/a  n/a
   2   5b |   7 1.0   12   3.8M  136  561  80%    10M |  99.9   n/a   1   27   832k   11   18  62%  81.9M    n/a  n/a
   3   5c |   7 1.0   11   7.5M   85  339  79%    10M |  99.9   n/a   1   27  2.54M   10   12  54%  81.9M    n/a  n/a
   3   5d |   7 1.0   11   7.7M   89  355  79%    10M |  99.9   n/a   1   27  2.27M    9   10  52%  81.9M    n/a  n/a
   3   5e |   7 1.0   11   7.9M   95  329  77%    10M |  99.9   n/a   1   27  2.03M    8   11  57%  81.9M    n/a  n/a
   3   5f |   7 1.0   11   7.4M   86  373  81%    10M |  99.9   n/a   1   27  2.55M   10   11  52%  81.9M    n/a  n/a
   3   60 |   7 1.0   11   7.5M   89  387  81%    10M |  99.9   n/a   1   27  1.26M    5   12  70%  81.9M    n/a  n/a
   3   61 |   7 1.0   11   7.6M   91  383  80%    10M |  99.9   n/a   1   27  1.28M    5   16  76%  81.9M    n/a  n/a
   3   62 |   7 1.0    0      0    0    0   0%    10M |   n/a   n/a   1    0      0    0    0   0%  81.9M    n/a  n/a
   3   63 |   7 1.0    0      0    0    0   0%    10M |   n/a   n/a   1    0      0    0    0   0%  81.9M    n/a  n/a
   0   44 |   7 1.0   12   8.7M  114  335  74%    10M |  99.9   n/a   1   27  1.77M    7   12  63%  81.9M    n/a  n/a
   0   45 |   7 1.0   12   9.1M  117  331  73%    10M |  99.9   n/a   1   27  2.02M    8   12  60%  81.9M    n/a  n/a
   0   46 |   7 1.0   12   8.8M  109  317  74%    10M |  99.9   n/a   1   27  1.53M    6   12  66%  81.9M    n/a  n/a
   0   47 |   7 1.0   12   9.4M  107  290  73%    10M |  99.9   n/a   1   27  1.51M    6   12  66%  81.9M    n/a  n/a
   0   48 |   7 1.0    0      0    0    0   0%    10M |   n/a   n/a   1    0      0    0    0   0%  81.9M    n/a  n/a
   0   49 |   7 1.0   12   9.3M  114  305  72%    10M |  99.9   n/a   1   27  2.30M    9   16  64%  81.9M    n/a  n/a
   0   4a |   7 1.0    0      0    0    0   0%    10M |   n/a   n/a   1    0      0    0    0   0%  81.9M    n/a  n/a
   0   4b |   7 1.0    0      0    0    0   0%    10M |   n/a   n/a   1    0      0    0    0   0%  81.9M    n/a  n/a
   1   4c |   7 1.0   11   4.6M   71  233  76%    10M |  99.9   n/a   1   27   914k    4   13  76%  81.9M    n/a  n/a
   1   4d |   7 1.0   11   5.3M   87  226  72%    10M |  99.9   n/a   1   27   217k    1   10  90%  81.9M    n/a  n/a
   1   4e |   7 1.0   11   4.3M   70  243  77%    10M |  99.9   n/a   1   27  1.82M    8   12  60%  81.9M    n/a  n/a
   1   4f |   7 1.0   11   4.7M   76  243  76%    10M |  99.9   n/a   1   27  1.14M    5   13  72%  81.9M    n/a  n/a
   1   50 |   7 1.0   11   4.4M   69  228  76%    10M |  99.9   n/a   1   27  1.15M    5    7  58%  81.9M    n/a  n/a
   1   51 |   7 1.0   11   5.3M   83  235  73%    10M |  99.9   n/a   1   27   459k    2   10  83%  81.9M    n/a  n/a
   1   52 |   7 1.0    0      0    0    0   0%    10M |   n/a   n/a   1    0      0    0    0   0%  81.9M    n/a  n/a
   1   53 |   7 1.0   11   4.7M   68  228  77%    10M |   n/a   n/a   1   27      0    0   11 100%  81.9M    n/a  n/a
   2   54 |   7 1.0   12   3.6M  129  632  83%    10M |  99.9   n/a   1   27   878k   12   21  63%  81.9M    n/a  n/a
   2   55 |   7 1.0   12   3.6M  135  633  82%    10M |  99.9   n/a   1   27   700k   10   21  67%  81.9M    n/a  n/a
   2   56 |   7 1.0   12   3.5M  131  672  83%    10M |  99.9   n/a   1   27   801k   10   23  69%  81.9M    n/a  n/a
   2   57 |   7 1.0   12   3.8M  144  609  80%    10M |  99.9   n/a   1   27   716k    9   22  70%  81.9M    n/a  n/a
   2   58 |   7 1.0   12   3.5M  126  656  83%    10M |  99.9   n/a   1   27   765k   10   25  71%  81.9M    n/a  n/a
   2   59 |   7 1.0   12   3.7M  138  653  82%    10M |  99.9   n/a   1   27   875k   13   23  63%  81.9M    n/a  n/a
   2   5a |   7 1.0   12   3.8M  149  590  79%    10M |  99.9   n/a   1   27   530k    7   24  77%  81.9M    n/a  n/a
   2   5b |   7 1.0   12   3.9M  141  626  81%    10M |  99.9   n/a   1   27   750k    9   20  68%  81.9M    n/a  n/a
   3   5c |   7 1.0   12   8.5M  100  377  79%    10M |  99.9   n/a   1   27  2.03M    8   12  60%  81.9M    n/a  n/a
   3   5d |   7 1.0   12   8.5M   92  408  81%    10M |  99.9   n/a   1   27  2.02M    8   12  60%  81.9M    n/a  n/a
   3   5e |   7 1.0   12   8.4M   97  387  79%    10M |  99.9   n/a   1   27  2.77M   11   12  52%  81.9M    n/a  n/a
   3   5f |   7 1.0   12   8.2M   93  368  79%    10M |  99.9   n/a   1   27  1.27M    5   10  66%  81.9M    n/a  n/a
   3   60 |   7 1.0   12   8.2M   87  411  82%    10M |  99.9   n/a   1   27  2.53M   10   11  52%  81.9M    n/a  n/a
   3   61 |   7 1.0   12   8.4M   92  391  80%    10M |  99.9   n/a   1   27  1.03M    4   11  73%  81.9M    n/a  n/a
   3   62 |   7 1.0    0      0    0    0   0%    10M |   n/a   n/a   1    0      0    0    0   0%  81.9M    n/a  n/a
   3   63 |   7 1.0    0      0    0    0   0%    10M |   n/a   n/a   1    0      0    0    0   0%  81.9M    n/a  n/a
   0   44 |   7 1.0   12   8.2M  107  422  79%    10M |  99.9   n/a   1   27  1.26M    5   16  76%  81.9M    n/a  n/a
   0   45 |   7 1.0   12   8.5M  113  369  76%    10M |  99.9   n/a   1   27  1.53M    6   16  72%  81.9M    n/a  n/a
   0   46 |   7 1.0   12   8.8M  109  405  78%    10M |  99.9   n/a   1   27  1.76M    7   16  69%  81.9M    n/a  n/a
   0   47 |   7 1.0   12   8.9M  115  382  76%    10M |  99.9   n/a   1   27  1.77M    7   16  69%  81.9M    n/a  n/a
   0   48 |   7 1.0    0      0    0    0   0%    10M |   n/a   n/a   1    0      0    0    0   0%  81.9M    n/a  n/a
   0   49 |   7 1.0   12   8.1M  103  375  78%    10M |  99.9   n/a   1   27  1.26M    5   16  76%  81.9M    n/a  n/a
   0   4a |   7 1.0    0      0    0    0   0%    10M |   n/a   n/a   1    0      0    0    0   0%  81.9M    n/a  n/a
   0   4b |   7 1.0    0      0    0    0   0%    10M |   n/a   n/a   1    0      0    0    0   0%  81.9M    n/a  n/a
   1   4c |   7 1.0   12   4.1M   62  279  81%    10M |   n/a   n/a   1   27      0    0    8 100%  81.9M    n/a  n/a
   1   4d |   7 1.0   12   5.1M   82  288  77%    10M |  99.9   n/a   1   27  1.13M    5    9  64%  81.9M    n/a  n/a
   1   4e |   7 1.0   12   5.2M   72  221  75%    10M |  99.9   n/a   1   27   459k    2   14  87%  81.9M    n/a  n/a
   1   4f |   7 1.0   12   5.0M   78  255  76%    10M |  99.9   n/a   1   27   217k    1   10  90%  81.9M    n/a  n/a
   1   50 |   7 1.0   12   4.7M   73  260  78%    10M |  99.9   n/a   1   27   447k    2   13  86%  81.9M    n/a  n/a
   1   51 |   7 1.0   12   5.3M   83  241  74%    10M |  99.9   n/a   1   27  1.14M    5    9  64%  81.9M    n/a  n/a
   1   52 |   7 1.0    0      0    0    0   0%    10M |   n/a   n/a   1    0      0    0    0   0%  81.9M    n/a  n/a
   1   53 |   7 1.0   12   5.6M   90  223  71%    10M |   n/a   n/a   1   27      0    0    9 100%  81.9M    n/a  n/a
   2   54 |   7 1.0   13   5.8M  197  569  74%    10M |  99.9   n/a   1   27  1.47M   19   17  47%  81.9M    n/a  n/a
   2   55 |   7 1.0   13   5.7M  183  544  74%    10M |  99.9   n/a   1   27  1.45M   20   19  48%  81.9M    n/a  n/a
   2   56 |   7 1.0   13   6.0M  212  547  72%    10M |  99.9   n/a   1   27  1.59M   20   16  44%  81.9M    n/a  n/a
   2   57 |   7 1.0   13   5.7M  188  496  72%    10M |  99.9   n/a   1   27  1.50M   19   20  51%  81.9M    n/a  n/a
   2   58 |   7 1.0   13   6.0M  220  506  69%    10M |  99.9   n/a   1   27  1.42M   19   15  44%  81.9M    n/a  n/a
   2   59 |   7 1.0   13   5.7M  190  501  72%    10M |  99.9   n/a   1   27  1.27M   17   16  48%  81.9M    n/a  n/a
   2   5a |   7 1.0   13   5.8M  192  593  75%    10M |  99.9   n/a   1   27   909k   12   19  61%  81.9M    n/a  n/a
   2   5b |   7 1.0   13   5.7M  184  491  72%    10M |  99.9   n/a   1   27  1.24M   17   19  52%  81.9M    n/a  n/a
   3   5c |   7 1.0   12   7.0M   85  483  85%    10M |  99.9   n/a   1   27   758k    3   13  81%  81.9M    n/a  n/a
   3   5d |   7 1.0   12   6.4M   74  465  86%    10M |  99.9   n/a   1   27  2.02M    8   13  61%  81.9M    n/a  n/a
   3   5e |   7 1.0   12   6.0M   67  524  88%    10M |  99.9   n/a   1   27  1.77M    7   12  63%  81.9M    n/a  n/a
   3   5f |   7 1.0   12   6.7M   82  464  84%    10M |  99.9   n/a   1   27  1.76M    7   14  66%  81.9M    n/a  n/a
   3   60 |   7 1.0   12   6.9M   82  441  84%    10M |  99.9   n/a   1   27  1.01M    4   14  77%  81.9M    n/a  n/a
   3   61 |   7 1.0   12   6.8M   72  430  85%    10M |  99.9   n/a   1   27   775k    3   14  82%  81.9M    n/a  n/a
   3   62 |   7 1.0    0      0    0    0   0%    10M |   n/a   n/a   1    0      0    0    0   0%  81.9M    n/a  n/a
   3   63 |   7 1.0    0      0    0    0   0%    10M |   n/a   n/a   1    0      0    0    0   0%  81.9M    n/a  n/a
   0   44 |   7 1.0   12   7.8M  104  386  78%    10M |  99.9   n/a   1   27   750k    3   12  80%  81.9M    n/a  n/a
   0   45 |   7 1.0   12   7.9M   92  436  82%    10M |  99.9   n/a   1   27  1.26M    5   16  76%  81.9M    n/a  n/a
   0   46 |   7 1.0   12   7.7M   99  431  81%    10M |  99.9   n/a   1   27  1.52M    6   12  66%  81.9M    n/a  n/a
   0   47 |   7 1.0   12   7.4M   95  435  82%    10M |  99.9   n/a   1   27  1.77M    7   13  65%  81.9M    n/a  n/a
   0   48 |   7 1.0    0      0    0    0   0%    10M |   n/a   n/a   1    0      0    0    0   0%  81.9M    n/a  n/a
   0   49 |   7 1.0   12   7.8M   97  454  82%    10M |  99.9   n/a   1   27  1.52M    6   12  66%  81.9M    n/a  n/a
   0   4a |   7 1.0    0      0    0    0   0%    10M |   n/a   n/a   1    0      0    0    0   0%  81.9M    n/a  n/a
   0   4b |   7 1.0    0      0    0    0   0%    10M |   n/a   n/a   1    0      0    0    0   0%  81.9M    n/a  n/a

          |--------------------DL---------------------|-------------------------------UL-----------------------------
 pci rnti | cqi  ri  mcs  brate   ok  nok  (%)  dl_bs | pusch  rsrp  ri  mcs  brate   ok  nok  (%)    bsr     ta  phr
   1   4c |   7 1.0   12   3.7M   70  341  82%    10M |  99.9   n/a   1   27   447k    2   15  88%  81.9M    n/a  n/a
   1   4d |   7 1.0   12   4.2M   70  278  79%    10M |   n/a   n/a   1   27      0    0    5 100%  81.9M    n/a  n/a
   1   4e |   7 1.0   12   4.1M   68  329  82%    10M |  99.9   n/a   1   27   225k    1    2  66%  81.9M    n/a  n/a
   1   4f |   7 1.0   12   3.7M   67  346  83%    10M |   n/a   n/a   1   27      0    0   12 100%  81.9M    n/a  n/a
   1   50 |   7 1.0   12   4.5M   73  303  80%    10M |  99.9   n/a   1   27   225k    1   10  90%  81.9M    n/a  n/a
   1   51 |   7 1.0   12   4.2M   78  302  79%    10M |   n/a   n/a   1   27      0    0   11 100%  81.9M    n/a  n/a
   1   52 |   7 1.0    0      0    0    0   0%    10M |   n/a   n/a   1    0      0    0    0   0%  81.9M    n/a  n/a
   1   53 |   7 1.0   12   4.0M   63  279  81%    10M |   n/a   n/a   1   27      0    0   17 100%  81.9M    n/a  n/a
   2   54 |   7 1.0   13   4.1M  137  662  82%    10M |  99.9   n/a   1   27   611k    8   21  72%  81.9M    n/a  n/a
   2   55 |   7 1.0   13   3.9M  128  604  82%    10M |  99.9   n/a   1   27   579k    8   24  75%  81.9M    n/a  n/a
   2   56 |   7 1.0   13   3.8M  139  639  82%    10M |  99.9   n/a   1   27  1.12M   14   22  61%  81.9M    n/a  n/a
   2   57 |   7 1.0   13   3.9M  129  621  82%    10M |  99.9   n/a   1   27   881k   12   20  62%  81.9M    n/a  n/a
   2   58 |   7 1.0   13   4.1M  146  662  81%    10M |  99.9   n/a   1   27   787k   11   24  68%  81.9M    n/a  n/a
   2   59 |   7 1.0   13   3.9M  125  505  80%    10M |  99.9   n/a   1   27  1.18M   15   18  54%  81.9M    n/a  n/a
   2   5a |   7 1.0   13   4.1M  148  695  82%    10M |  99.9   n/a   1   27   756k   10   25  71%  81.9M    n/a  n/a
   2   5b |   7 1.0   13   3.7M  126  536  80%    10M |  99.9   n/a   1   27   883k   11   21  65%  81.9M    n/a  n/a
   3   5c |   7 1.0   12   7.8M   87  417  82%    10M |  99.9   n/a   1   27  1.29M    5   10  66%  81.9M    n/a  n/a
   3   5d |   7 1.0   12   8.0M   91  388  81%    10M |  99.9   n/a   1   27  2.27M    9    9  50%  81.9M    n/a  n/a
   3   5e |   7 1.0   12   7.6M   88  397  81%    10M |  99.9   n/a   1   27  1.75M    7   12  63%  81.9M    n/a  n/a
   3   5f |   7 1.0   12   7.9M   94  388  80%    10M |  99.9   n/a   1   27  2.06M    8    8  50%  81.9M    n/a  n/a
   3   60 |   7 1.0   12   7.6M   85  393  82%    10M |  99.9   n/a   1   27  2.01M    8   10  55%  81.9M    n/a  n/a
   3   61 |   7 1.0   12   8.2M   97  405  80%    10M |  99.9   n/a   1   27  1.78M    7   11  61%  81.9M    n/a  n/a
   3   62 |   7 1.0    0      0    0    0   0%    10M |   n/a   n/a   1    0      0    0    0   0%  81.9M    n/a  n/a
   3   63 |   7 1.0    0      0    0    0   0%    10M |   n/a   n/a   1    0      0    0    0   0%  81.9M    n/a  n/a
   0   44 |   7 1.0   12   7.3M   94  393  80%    10M |  99.9   n/a   1   27  1.52M    6   16  72%  81.9M    n/a  n/a
   0   45 |   7 1.0   12   7.8M  103  388  79%    10M |  99.9   n/a   1   27  1.52M    6   12  66%  81.9M    n/a  n/a
   0   46 |   7 1.0   12   8.5M  114  363  76%    10M |  99.9   n/a   1   27  1.51M    6   16  72%  81.9M    n/a  n/a
   0   47 |   7 1.0   12   7.4M   99  376  79%    10M |  99.9   n/a   1   27  1.26M    5   15  75%  81.9M    n/a  n/a
   0   48 |   7 1.0    0      0    0    0   0%    10M |   n/a   n/a   1    0      0    0    0   0%  81.9M    n/a  n/a
   0   49 |   7 1.0   12   7.3M  100  448  81%    10M |  99.9   n/a   1   27  1.01M    4   13  76%  81.9M    n/a  n/a
   0   4a |   7 1.0    0      0    0    0   0%    10M |   n/a   n/a   1    0      0    0    0   0%  81.9M    n/a  n/a
   0   4b |   7 1.0    0      0    0    0   0%    10M |   n/a   n/a   1    0      0    0    0   0%  81.9M    n/a  n/a
   1   4c |   7 1.0   12   3.9M   68  327  82%    10M |  99.9   n/a   1   27   451k    2   10  83%  81.9M    n/a  n/a
   1   4d |   7 1.0   12   4.3M   63  226  78%    10M |   n/a   n/a   1   27      0    0   11 100%  81.9M    n/a  n/a
   1   4e |   7 1.0   12   4.6M   76  265  77%    10M |   n/a   n/a   1   27      0    0   13 100%  81.9M    n/a  n/a
   1   4f |   7 1.0   12   4.2M   80  268  77%    10M |   n/a   n/a   1   27      0    0    9 100%  81.9M    n/a  n/a
   1   50 |   7 1.0   12   4.7M   64  235  78%    10M |  99.9   n/a   1   27   443k    2   11  84%  81.9M    n/a  n/a
   1   51 |   7 1.0   12   4.6M   73  240  76%    10M |  99.9   n/a   1   27   225k    1   10  90%  81.9M    n/a  n/a
   1   52 |   7 1.0    0      0    0    0   0%    10M |   n/a   n/a   1    0      0    0    0   0%  81.9M    n/a  n/a
   1   53 |   7 1.0   12   5.0M   80  262  76%    10M |  99.9   n/a   1   27   234k    1   10  90%  81.9M    n/a  n/a
   2   54 |   7 1.0   13   4.7M  158  664  80%    10M |  99.9   n/a   1   27   866k   10   18  64%  81.9M    n/a  n/a
   2   55 |   7 1.0   13   4.6M  148  542  78%    10M |  99.9   n/a   1   27  1.02M   14   17  54%  81.9M    n/a  n/a
   2   56 |   7 1.0   13   4.8M  165  577  77%    10M |  99.9   n/a   1   27   881k   12   17  58%  81.9M    n/a  n/a
   2   57 |   7 1.0   13   4.8M  152  531  77%    10M |  99.9   n/a   1   27   715k    9   17  65%  81.9M    n/a  n/a
   2   58 |   7 1.0   13   4.8M  153  609  79%    10M |  99.9   n/a   1   27   591k    8   20  71%  81.9M    n/a  n/a
   2   59 |   7 1.0   13   4.9M  151  566  78%    10M |  99.9   n/a   1   27   606k    8   18  69%  81.9M    n/a  n/a
   2   5a |   7 1.0   13   4.8M  172  609  77%    10M |  99.9   n/a   1   27   873k   11   19  63%  81.9M    n/a  n/a
   2   5b |   7 1.0   13   4.9M  169  596  77%    10M |  99.9   n/a   1   27   456k    6   20  76%  81.9M    n/a  n/a
   3   5c |   7 1.0   12   7.0M   81  437  84%    10M |  99.9   n/a   1   27  1.80M    7   16  69%  81.9M    n/a  n/a
   3   5d |   7 1.0   12   7.2M   79  441  84%    10M |  99.9   n/a   1   27  1.02M    4   13  76%  81.9M    n/a  n/a
   3   5e |   7 1.0   12   7.0M   84  460  84%    10M |  99.9   n/a   1   27   754k    3   12  80%  81.9M    n/a  n/a
   3   5f |   7 1.0   12   7.0M   83  408  83%    10M |  99.9   n/a   1   27  1.75M    7   14  66%  81.9M    n/a  n/a
   3   60 |   7 1.0   12   7.5M   84  456  84%    10M |  99.9   n/a   1   27  1.00M    4   11  73%  81.9M    n/a  n/a
   3   61 |   7 1.0   12   6.8M   81  410  83%    10M |  99.9   n/a   1   27  1.27M    5   14  73%  81.9M    n/a  n/a
   3   62 |   7 1.0    0      0    0    0   0%    10M |   n/a   n/a   1    0      0    0    0   0%  81.9M    n/a  n/a
   3   63 |   7 1.0    0      0    0    0   0%    10M |   n/a   n/a   1    0      0    0    0   0%  81.9M    n/a  n/a
   0   44 |   7 1.0   12   8.4M  105  422  80%    10M |  99.9   n/a   1   27  1.27M    5   12  70%  81.9M    n/a  n/a
   0   45 |   7 1.0   12   9.0M  116  397  77%    10M |  99.9   n/a   1   27   746k    3   15  83%  81.9M    n/a  n/a
   0   46 |   7 1.0   12   8.9M  112  398  78%    10M |  99.9   n/a   1   27  1.79M    7   12  63%  81.9M    n/a  n/a
   0   47 |   7 1.0   13   9.3M  119  353  74%    10M |  99.9   n/a   1   27  1.52M    6   12  66%  81.9M    n/a  n/a
   0   48 |   7 1.0    0      0    0    0   0%    10M |   n/a   n/a   1    0      0    0    0   0%  81.9M    n/a  n/a
   0   49 |   7 1.0   12   9.0M  111  404  78%    10M |  99.9   n/a   1   27  1.26M    5   15  75%  81.9M    n/a  n/a
   0   4a |   7 1.0    0      0    0    0   0%    10M |   n/a   n/a   1    0      0    0    0   0%  81.9M    n/a  n/a
   0   4b |   7 1.0    0      0    0    0   0%    10M |   n/a   n/a   1    0      0    0    0   0%  81.9M    n/a  n/a
   1   4c |   7 1.0   12   5.1M   76  233  75%    10M |  99.9   n/a   1   27   693k    3    9  75%  81.9M    n/a  n/a
   1   4d |   7 1.0   12   5.4M   82  233  73%    10M |  99.9   n/a   1   27  1.35M    6   12  66%  81.9M    n/a  n/a
   1   4e |   7 1.0   12   5.2M   70  253  78%    10M |  99.9   n/a   1   27  1.60M    7    7  50%  81.9M    n/a  n/a
   1   4f |   7 1.0   12   5.5M   81  218  72%    10M |  99.9   n/a   1   27   676k    3    9  75%  81.9M    n/a  n/a
   1   50 |   7 1.0   12   5.2M   80  255  76%    10M |  99.9   n/a   1   27  1.12M    5    7  58%  81.9M    n/a  n/a
   1   51 |   7 1.0   12   5.2M   82  278  77%    10M |  99.9   n/a   1   27  1.14M    5   15  75%  81.9M    n/a  n/a
   1   52 |   7 1.0    0      0    0    0   0%    10M |   n/a   n/a   1    0      0    0    0   0%  81.9M    n/a  n/a
   1   53 |   7 1.0   12   5.8M   85  218  71%    10M |  99.9   n/a   1   27   685k    3   10  76%  81.9M    n/a  n/a
   2   54 |   7 1.0   14   3.8M  119  642  84%    10M |  99.9   n/a   1   27   824k   11   21  65%  81.9M    n/a  n/a
   2   55 |   7 1.0   13   4.1M  124  613  83%    10M |  99.9   n/a   1   27   925k   11   19  63%  81.9M    n/a  n/a
   2   56 |   7 1.0   14   4.1M  141  695  83%    10M |  99.9   n/a   1   27   819k   11   25  69%  81.9M    n/a  n/a
   2   57 |   7 1.0   14   4.0M  134  574  81%    10M |  99.9   n/a   1   27   477k    7   22  75%  81.9M    n/a  n/a
   2   58 |   7 1.0   14   4.1M  129  578  81%    10M |  99.9   n/a   1   27   852k   11   22  66%  81.9M    n/a  n/a
   2   59 |   7 1.0   13   4.2M  125  594  82%    10M |  99.9   n/a   1   27  1.27M   15   20  57%  81.9M    n/a  n/a
   2   5a |   7 1.0   14   3.8M  124  681  84%    10M |  99.9   n/a   1   27   748k    9   18  66%  81.9M    n/a  n/a
   2   5b |   7 1.0   13   3.9M  127  627  83%    10M |  99.9   n/a   1   27   682k    9   23  71%  81.9M    n/a  n/a
   3   5c |   7 1.0   12   8.1M   94  412  81%    10M |  99.9   n/a   1   27   996k    4    9  69%  81.9M    n/a  n/a
   3   5d |   7 1.0   12   7.7M   87  402  82%    10M |  99.9   n/a   1   27  1.77M    7   13  65%  81.9M    n/a  n/a
   3   5e |   7 1.0   12   7.8M   90  465  83%    10M |  99.9   n/a   1   27   766k    3   10  76%  81.9M    n/a  n/a
   3   5f |   7 1.0   12   8.0M   94  437  82%    10M |  99.9   n/a   1   27  2.52M   10    7  41%  81.9M    n/a  n/a
   3   60 |   7 1.0   12   7.9M   95  498  83%    10M |  99.9   n/a   1   27  1.03M    4   13  76%  81.9M    n/a  n/a
   3   61 |   7 1.0   12   7.9M   91  430  82%    10M |  99.9   n/a   1   27  2.30M    9    8  47%  81.9M    n/a  n/a
   3   62 |   7 1.0    0      0    0    0   0%    10M |   n/a   n/a   1    0      0    0    0   0%  81.9M    n/a  n/a
   3   63 |   7 1.0    0      0    0    0   0%    10M |   n/a   n/a   1    0      0    0    0   0%  81.9M    n/a  n/a

          |--------------------DL---------------------|-------------------------------UL-----------------------------
 pci rnti | cqi  ri  mcs  brate   ok  nok  (%)  dl_bs | pusch  rsrp  ri  mcs  brate   ok  nok  (%)    bsr     ta  phr
   0   44 |   7 1.0   13   8.7M   95  371  79%    10M |  99.9   n/a   1   27   750k    3   16  84%  81.9M    n/a  n/a
   0   45 |   7 1.0   13   8.3M   97  394  80%    10M |  99.9   n/a   1   27   258k    1   15  93%  81.9M    n/a  n/a
   0   46 |   7 1.0   13   8.3M   95  394  80%    10M |  99.9   n/a   1   27  1.00M    4   16  80%  81.9M    n/a  n/a
   0   47 |   7 1.0   13   8.9M  103  383  78%    10M |  99.9   n/a   1   27   258k    1   16  94%  81.9M    n/a  n/a
   0   48 |   7 1.0    0      0    0    0   0%    10M |   n/a   n/a   1    0      0    0    0   0%  81.9M    n/a  n/a
   0   49 |   7 1.0   13   8.6M  101  399  79%    10M |  99.9   n/a   1   27  1.28M    5   16  76%  81.9M    n/a  n/a
   0   4a |   7 1.0    0      0    0    0   0%    10M |   n/a   n/a   1    0      0    0    0   0%  81.9M    n/a  n/a
   0   4b |   7 1.0    0      0    0    0   0%    10M |   n/a   n/a   1    0      0    0    0   0%  81.9M    n/a  n/a
   1   4c |   7 1.0   12   4.6M   72  259  78%    10M |  99.9   n/a   1   27   910k    4   13  76%  81.9M    n/a  n/a
   1   4d |   7 1.0   12   5.6M   87  234  72%    10M |  99.9   n/a   1   27   459k    2    5  71%  81.9M    n/a  n/a
   1   4e |   7 1.0   12   5.3M   82  229  73%    10M |  99.9   n/a   1   27   914k    4    9  69%  81.9M    n/a  n/a
   1   4f |   7 1.0   12   5.4M  104  278  72%    10M |   n/a   n/a   1   27      0    0   11 100%  81.9M    n/a  n/a
   1   50 |   7 1.0   12   5.2M   78  243  75%    10M |  99.9   n/a   1   27   451k    2   15  88%  81.9M    n/a  n/a
   1   51 |   7 1.0   12   5.7M   84  208  71%    10M |  99.9   n/a   1   27  1.36M    6   10  62%  81.9M    n/a  n/a
   1   52 |   7 1.0    0      0    0    0   0%    10M |   n/a   n/a   1    0      0    0    0   0%  81.9M    n/a  n/a
   1   53 |   7 1.0   12   5.9M   92  226  71%    10M |  99.9   n/a   1   27   902k    4   15  78%  81.9M    n/a  n/a
   2   54 |   7 1.0   14   4.9M  159  606  79%    10M |  99.9   n/a   1   27   404k    5   24  82%  81.9M    n/a  n/a
   2   55 |   7 1.0   14   4.7M  144  580  80%    10M |  99.9   n/a   1   27   380k    5   23  82%  81.9M    n/a  n/a
   2   56 |   7 1.0   14   4.7M  152  659  81%    10M |  99.9   n/a   1   27   734k   10   21  67%  81.9M    n/a  n/a
   2   57 |   7 1.0   14   4.6M  137  592  81%    10M |  99.9   n/a   1   27   525k    7   23  76%  81.9M    n/a  n/a
   2   58 |   7 1.0   14   4.7M  150  630  80%    10M |  99.9   n/a   1   27   974k   13   22  62%  81.9M    n/a  n/a
   2   59 |   7 1.0   14   4.6M  141  572  80%    10M |  99.9   n/a   1   27   736k   10   22  68%  81.9M    n/a  n/a
   2   5a |   7 1.0   14   4.6M  152  582  79%    10M |  99.9   n/a   1   27   371k    4   21  84%  81.9M    n/a  n/a
   2   5b |   7 1.0   14   4.7M  148  628  80%    10M |  99.9   n/a   1   27   760k   10   23  69%  81.9M    n/a  n/a
   3   5c |   7 1.0   12   8.2M   99  363  78%    10M |  99.9   n/a   1   27  1.75M    7   13  65%  81.9M    n/a  n/a
   3   5d |   7 1.0   12   8.3M   95  404  80%    10M |  99.9   n/a   1   27  2.02M    8   12  60%  81.9M    n/a  n/a
   3   5e |   7 1.0   12   8.1M   93  326  77%    10M |  99.9   n/a   1   27  3.06M   12   13  52%  81.9M    n/a  n/a
   3   5f |   7 1.0   12   8.4M   94  349  78%    10M |  99.9   n/a   1   27   992k    4   16  80%  81.9M    n/a  n/a
   3   60 |   7 1.0   12   8.4M   97  300  75%    10M |  99.9   n/a   1   27  3.56M   14   13  48%  81.9M    n/a  n/a
   3   61 |   7 1.0   12   8.1M   95  348  78%    10M |  99.9   n/a   1   27  1.51M    6   13  68%  81.9M    n/a  n/a
   3   62 |   7 1.0    0      0    0    0   0%    10M |   n/a   n/a   1    0      0    0    0   0%  81.9M    n/a  n/a
   3   63 |   7 1.0    0      0    0    0   0%    10M |   n/a   n/a   1    0      0    0    0   0%  81.9M    n/a  n/a
   0   44 |   7 1.0   13   9.7M  114  329  74%    10M |  99.9   n/a   1   27  1.78M    7   16  69%  81.9M    n/a  n/a
   0   45 |   7 1.0   13    10M  109  348  76%    10M |  99.9   n/a   1   27  2.53M   10   14  58%  81.9M    n/a  n/a
   0   46 |   7 1.0   13   9.4M  117  391  76%    10M |  99.9   n/a   1   27  1.52M    6   16  72%  81.9M    n/a  n/a
   0   47 |   7 1.0   13   9.7M  112  334  74%    10M |  99.9   n/a   1   27  2.01M    8   16  66%  81.9M    n/a  n/a
   0   48 |   7 1.0    0      0    0    0   0%    10M |   n/a   n/a   1    0      0    0    0   0%  81.9M    n/a  n/a
   0   49 |   7 1.0   13   9.6M  122  370  75%    10M |  99.9   n/a   1   27  1.76M    7   16  69%  81.9M    n/a  n/a
   0   4a |   7 1.0    0      0    0    0   0%    10M |   n/a   n/a   1    0      0    0    0   0%  81.9M    n/a  n/a
   0   4b |   7 1.0    0      0    0    0   0%    10M |   n/a   n/a   1    0      0    0    0   0%  81.9M    n/a  n/a
   1   4c |   7 1.0   12   5.4M   72  237  76%    10M |  99.9   n/a   1   27   906k    4    9  69%  81.9M    n/a  n/a
   1   4d |   7 1.0   12   4.8M   73  247  77%    10M |  99.9   n/a   1   27  1.58M    7   12  63%  81.9M    n/a  n/a
   1   4e |   7 1.0   12   4.2M   58  262  81%    10M |   n/a   n/a   1   27      0    0   12 100%  81.9M    n/a  n/a
   1   4f |   7 1.0   12   4.9M   75  226  75%    10M |   n/a   n/a   1   27      0    0   14 100%  81.9M    n/a  n/a
   1   50 |   7 1.0   12   5.4M   80  229  74%    10M |  99.9   n/a   1   27   894k    4   14  77%  81.9M    n/a  n/a
   1   51 |   7 1.0   12   5.1M   76  187  71%    10M |  99.9   n/a   1   27   225k    1    7  87%  81.9M    n/a  n/a
   1   52 |   7 1.0    0      0    0    0   0%    10M |   n/a   n/a   1    0      0    0    0   0%  81.9M    n/a  n/a
   1   53 |   7 1.0   12   4.6M   82  253  75%    10M |  99.9   n/a   1   27   910k    4    9  69%  81.9M    n/a  n/a
   2   54 |   7 1.0   14   5.9M  189  630  76%    10M |  99.9   n/a   1   27  1.06M   13   17  56%  81.9M    n/a  n/a
   2   55 |   7 1.0   14   5.7M  167  516  75%    10M |  99.9   n/a   1   27  1.20M   15   17  53%  81.9M    n/a  n/a
   2   56 |   7 1.0   14   5.6M  179  545  75%    10M |  99.9   n/a   1   27  1.37M   17   18  51%  81.9M    n/a  n/a
   2   57 |   7 1.0   14   5.7M  171  486  73%    10M |  99.9   n/a   1   27  1.19M   15   14  48%  81.9M    n/a  n/a
   2   58 |   7 1.0   14   5.6M  169  610  78%    10M |  99.9   n/a   1   27  1.36M   17   16  48%  81.9M    n/a  n/a
   2   59 |   7 1.0   14   5.6M  170  538  75%    10M |  99.9   n/a   1   27  1.47M   20   12  37%  81.9M    n/a  n/a
   2   5a |   7 1.0   14   6.0M  189  468  71%    10M |  99.9   n/a   1   27  1.55M   18   13  41%  81.9M    n/a  n/a
   2   5b |   7 1.0   14   5.7M  170  461  73%    10M |  99.9   n/a   1   27  1.45M   19   12  38%  81.9M    n/a  n/a
   3   5c |   7 1.0   13   9.3M   96  388  80%    10M |  99.9   n/a   1   27  3.03M   12   11  47%  81.9M    n/a  n/a
   3   5d |   7 1.0   12   9.1M   98  371  79%    10M |  99.9   n/a   1   27  2.55M   10   15  60%  81.9M    n/a  n/a
   3   5e |   7 1.0   13    10M  114  370  76%    10M |  99.9   n/a   1   27  1.79M    7   12  63%  81.9M    n/a  n/a
   3   5f |   7 1.0   13   9.1M   97  336  77%    10M |  99.9   n/a   1   27  2.01M    8   10  55%  81.9M    n/a  n/a
   3   60 |   7 1.0   13  10.0M  110  352  76%    10M |  99.9   n/a   1   27  2.28M    9   10  52%  81.9M    n/a  n/a
   3   61 |   7 1.0   13   9.5M   98  319  76%    10M |  99.9   n/a   1   27  2.54M   10   14  58%  81.9M    n/a  n/a
   3   62 |   7 1.0    0      0    0    0   0%    10M |   n/a   n/a   1    0      0    0    0   0%  81.9M    n/a  n/a
   3   63 |   7 1.0    0      0    0    0   0%    10M |   n/a   n/a   1    0      0    0    0   0%  81.9M    n/a  n/a
   0   44 |   7 1.0   13    10M  113  278  71%    10M |  99.9   n/a   1   27   508k    2   16  88%  81.9M    n/a  n/a
   0   45 |   7 1.0   13   9.6M  114  399  77%    10M |  99.9   n/a   1   27  1.25M    5   16  76%  81.9M    n/a  n/a
   0   46 |   7 1.0   13   9.6M  110  371  77%    10M |  99.9   n/a   1   27  1.02M    4   16  80%  81.9M    n/a  n/a
   0   47 |   7 1.0   13   9.3M  109  359  76%    10M |  99.9   n/a   1   27   758k    3   16  84%  81.9M    n/a  n/a
   0   48 |   7 1.0    0      0    0    0   0%    10M |   n/a   n/a   1    0      0    0    0   0%  81.9M    n/a  n/a
   0   49 |   7 1.0   13   9.2M   95  382  80%    10M |  99.9   n/a   1   27  3.03M   12   16  57%  81.9M    n/a  n/a
   0   4a |   7 1.0    0      0    0    0   0%    10M |   n/a   n/a   1    0      0    0    0   0%  81.9M    n/a  n/a
   0   4b |   7 1.0    0      0    0    0   0%    10M |   n/a   n/a   1    0      0    0    0   0%  81.9M    n/a  n/a
   1   4c |   7 1.0   12   6.1M   86  234  73%    10M |  99.9   n/a   1   27  1.36M    6   11  64%  81.9M    n/a  n/a
   1   4d |   7 1.0   12   6.3M   91  215  70%    10M |  99.9   n/a   1   27   668k    3   16  84%  81.9M    n/a  n/a
   1   4e |   7 1.0   12   5.3M   69  218  75%    10M |  99.9   n/a   1   27  1.13M    5   13  72%  81.9M    n/a  n/a
   1   4f |   7 1.0   13   6.4M   84  202  70%    10M |  99.9   n/a   1   27   221k    1    8  88%  81.9M    n/a  n/a
   1   50 |   7 1.0   12   5.3M   72  223  75%    10M |  99.9   n/a   1   27   914k    4   12  75%  81.9M    n/a  n/a
   1   51 |   7 1.0   12   6.3M   85  195  69%    10M |  99.9   n/a   1   27   443k    2   12  85%  81.9M    n/a  n/a
   1   52 |   7 1.0    0      0    0    0   0%    10M |   n/a   n/a   1    0      0    0    0   0%  81.9M    n/a  n/a
   1   53 |   7 1.0   13   5.9M   87  228  72%    10M |  99.9   n/a   1   27  1.13M    5    8  61%  81.9M    n/a  n/a
   2   54 |   7 1.0   14   6.1M  187  564  75%    10M |  99.9   n/a   1   27   852k   11   25  69%  81.9M    n/a  n/a
   2   55 |   7 1.0   14   5.8M  177  522  74%    10M |  99.9   n/a   1   27  1.03M   13   25  65%  81.9M    n/a  n/a
   2   56 |   7 1.0   14   5.6M  175  601  77%    10M |  99.9   n/a   1   27  1.16M   15   23  60%  81.9M    n/a  n/a
   2   57 |   7 1.0   14   5.8M  172  540  75%    10M |  99.9   n/a   1   27   874k   11   20  64%  81.9M    n/a  n/a
   2   58 |   7 1.0   14   5.5M  176  565  76%    10M |  99.9   n/a   1   27  1.05M   14   22  61%  81.9M    n/a  n/a
   2   59 |   7 1.0   14   5.7M  177  510  74%    10M |  99.9   n/a   1   27   981k   13   25  65%  81.9M    n/a  n/a
   2   5a |   7 1.0   14   6.0M  176  589  76%    10M |  99.9   n/a   1   27   980k   13   23  63%  81.9M    n/a  n/a
   2   5b |   7 1.0   14   5.7M  169  491  74%    10M |  99.9   n/a   1   27  1.10M   15   23  60%  81.9M    n/a  n/a

          |--------------------DL---------------------|-------------------------------UL-----------------------------
 pci rnti | cqi  ri  mcs  brate   ok  nok  (%)  dl_bs | pusch  rsrp  ri  mcs  brate   ok  nok  (%)    bsr     ta  phr
   3   5c |   7 1.0   13    11M  104  392  79%    10M |  99.9   n/a   1   27  2.53M   10   13  56%  81.9M    n/a  n/a
   3   5d |   7 1.0   13    11M  111  391  77%    10M |  99.9   n/a   1   27  1.78M    7   10  58%  81.9M    n/a  n/a
   3   5e |   7 1.0   13    11M  113  390  77%    10M |  99.9   n/a   1   27  2.31M    9   11  55%  81.9M    n/a  n/a
   3   5f |   7 1.0   13    11M  110  316  74%    10M |  99.9   n/a   1   27  2.53M   10   11  52%  81.9M    n/a  n/a
   3   60 |   7 1.0   13    11M  106  352  76%    10M |  99.9   n/a   1   27  3.07M   12   13  52%  81.9M    n/a  n/a
   3   61 |   7 1.0   13    10M  105  392  78%    10M |  99.9   n/a   1   27  3.03M   12   10  45%  81.9M    n/a  n/a
   3   62 |   7 1.0    0      0    0    0   0%    10M |   n/a   n/a   1    0      0    0    0   0%  81.9M    n/a  n/a
   3   63 |   7 1.0    0      0    0    0   0%    10M |   n/a   n/a   1    0      0    0    0   0%  81.9M    n/a  n/a
   0   44 |   7 1.0   13    12M  121  321  72%    10M |  99.9   n/a   1   27  2.02M    8   16  66%  81.9M    n/a  n/a
   0   45 |   7 1.0   13    11M  119  287  70%    10M |  99.9   n/a   1   27  1.52M    6   16  72%  81.9M    n/a  n/a
   0   46 |   7 1.0   13  10.0M  108  380  77%    10M |  99.9   n/a   1   27  1.77M    7   16  69%  81.9M    n/a  n/a
   0   47 |   7 1.0   13    11M  116  289  71%    10M |  99.9   n/a   1   27  3.29M   13   13  50%  81.9M    n/a  n/a
   0   48 |   7 1.0    0      0    0    0   0%    10M |   n/a   n/a   1    0      0    0    0   0%  81.9M    n/a  n/a
   0   49 |   7 1.0   13    11M  118  301  71%    10M |  99.9   n/a   1   27  2.02M    8   16  66%  81.9M    n/a  n/a
   0   4a |   7 1.0    0      0    0    0   0%    10M |   n/a   n/a   1    0      0    0    0   0%  81.9M    n/a  n/a
   0   4b |   7 1.0    0      0    0    0   0%    10M |   n/a   n/a   1    0      0    0    0   0%  81.9M    n/a  n/a
   1   4c |   7 1.0   13   6.7M   87  210  70%    10M |  99.9   n/a   1   27   221k    1    4  80%  81.9M    n/a  n/a
   1   4d |   7 1.0   13   6.8M   83  187  69%    10M |  99.9   n/a   1   27   234k    1   16  94%  81.9M    n/a  n/a
   1   4e |   7 1.0   12   5.8M   79  261  76%    10M |  99.9   n/a   1   27   902k    4   14  77%  81.9M    n/a  n/a
   1   4f |   7 1.0   13   6.5M   84  198  70%    10M |  99.9   n/a   1   27  1.13M    5   10  66%  81.9M    n/a  n/a
   1   50 |   7 1.0   13   6.4M   85  256  75%    10M |   n/a   n/a   1   27      0    0    5 100%  81.9M    n/a  n/a
   1   51 |   7 1.0   13   6.6M  102  223  68%    10M |  99.9   n/a   1   27  2.72M   12   12  50%  81.9M    n/a  n/a
   1   52 |   7 1.0    0      0    0    0   0%    10M |   n/a   n/a   1    0      0    0    0   0%  81.9M    n/a  n/a
   1   53 |   7 1.0   13   6.5M   86  250  74%    10M |  99.9   n/a   1   27  2.27M   10   17  62%  81.9M    n/a  n/a
   2   54 |   7 1.0   15   6.0M  187  535  74%    10M |  99.9   n/a   1   27  1.62M   21   19  47%  81.9M    n/a  n/a
   2   55 |   7 1.0   15   5.9M  174  514  74%    10M |  99.9   n/a   1   27  1.86M   25   23  47%  81.9M    n/a  n/a
   2   56 |   7 1.0   15   6.2M  181  532  74%    10M |  99.9   n/a   1   27  1.46M   19   20  51%  81.9M    n/a  n/a
   2   57 |   7 1.0   15   6.1M  164  530  76%    10M |  99.9   n/a   1   27  1.76M   24   19  44%  81.9M    n/a  n/a
   2   58 |   7 1.0   15   6.0M  184  514  73%    10M |  99.9   n/a   1   27  1.64M   22   19  46%  81.9M    n/a  n/a
   2   59 |   7 1.0   15   5.8M  158  510  76%    10M |  99.9   n/a   1   27  2.01M   24   21  46%  81.9M    n/a  n/a
   2   5a |   7 1.0   15   5.8M  179  579  76%    10M |  99.9   n/a   1   27  1.59M   20   21  51%  81.9M    n/a  n/a
   2   5b |   7 1.0   15   6.1M  163  521  76%    10M |  99.9   n/a   1   27  1.39M   19   23  54%  81.9M    n/a  n/a
   3   5c |   7 1.0   13  10.0M  106  358  77%    10M |  99.9   n/a   1   27  2.27M    9   16  64%  81.9M    n/a  n/a
   3   5d |   7 1.0   13   9.5M   92  383  80%    10M |  99.9   n/a   1   27  1.78M    7   12  63%  81.9M    n/a  n/a
   3   5e |   7 1.0   13   9.7M  102  391  79%    10M |  99.9   n/a   1   27  2.29M    9   10  52%  81.9M    n/a  n/a
   3   5f |   7 1.0   13   9.7M  105  414  79%    10M |  99.9   n/a   1   27  2.57M   10   11  52%  81.9M    n/a  n/a
   3   60 |   7 1.0   13   9.6M   98  412  80%    10M |  99.9   n/a   1   27  1.76M    7   13  65%  81.9M    n/a  n/a
   3   61 |   7 1.0   13   9.5M  101  416  80%    10M |  99.9   n/a   1   27  1.26M    5   16  76%  81.9M    n/a  n/a
   3   62 |   7 1.0    0      0    0    0   0%    10M |   n/a   n/a   1    0      0    0    0   0%  81.9M    n/a  n/a
   3   63 |   7 1.0    0      0    0    0   0%    10M |   n/a   n/a   1    0      0    0    0   0%  81.9M    n/a  n/a
   0   44 |   7 1.0   13    10M  107  363  77%    10M |  99.9   n/a   1   27  1.76M    7   12  63%  81.9M    n/a  n/a
   0   45 |   7 1.0   14    10M  112  337  75%    10M |  99.9   n/a   1   27  1.01M    4   14  77%  81.9M    n/a  n/a
   0   46 |   7 1.0   14    11M  122  388  76%    10M |  99.9   n/a   1   27  1.77M    7   12  63%  81.9M    n/a  n/a
   0   47 |   7 1.0   14    10M  110  346  75%    10M |  99.9   n/a   1   27  1.51M    6   15  71%  81.9M    n/a  n/a
   0   48 |   7 1.0    0      0    0    0   0%    10M |   n/a   n/a   1    0      0    0    0   0%  81.9M    n/a  n/a
   0   49 |   7 1.0   13    10M  109  374  77%    10M |  99.9   n/a   1   27  1.53M    6   12  66%  81.9M    n/a  n/a
   0   4a |   7 1.0    0      0    0    0   0%    10M |   n/a   n/a   1    0      0    0    0   0%  81.9M    n/a  n/a
   0   4b |   7 1.0    0      0    0    0   0%    10M |   n/a   n/a   1    0      0    0    0   0%  81.9M    n/a  n/a
   1   4c |   7 1.0   13   6.8M  101  180  64%    10M |  99.9   n/a   1   27  1.82M    8   10  55%  81.9M    n/a  n/a
   1   4d |   7 1.0   13   6.2M   83  240  74%    10M |  99.9   n/a   1   27   225k    1   16  94%  81.9M    n/a  n/a
   1   4e |   7 1.0   13   6.1M   81  302  78%    10M |  99.9   n/a   1   27  1.80M    8    7  46%  81.9M    n/a  n/a
   1   4f |   7 1.0   13   5.7M   83  279  77%    10M |  99.9   n/a   1   27  1.12M    5   14  73%  81.9M    n/a  n/a
   1   50 |   7 1.0   13   5.0M   58  280  82%    10M |  99.9   n/a   1   27  1.37M    6    2  25%  81.9M    n/a  n/a
   1   51 |   7 1.0   13   5.8M   83  268  76%    10M |  99.9   n/a   1   27   455k    2   12  85%  81.9M    n/a  n/a
   1   52 |   7 1.0    0      0    0    0   0%    10M |   n/a   n/a   1    0      0    0    0   0%  81.9M    n/a  n/a
   1   53 |   7 1.0   13   5.9M   79  235  74%    10M |  99.9   n/a   1   27  1.14M    5   11  68%  81.9M    n/a  n/a
   2   54 |   7 1.0   15   5.0M  150  521  77%    10M |  99.9   n/a   1   27  1.60M   21   12  36%  81.9M    n/a  n/a
   2   55 |   7 1.0   15   5.8M  155  421  73%    10M |  99.9   n/a   1   27  1.73M   22   11  33%  81.9M    n/a  n/a
   2   56 |   7 1.0   15   5.4M  181  476  72%    10M |  99.9   n/a   1   27  1.26M   16   11  40%  81.9M    n/a  n/a
   2   57 |   7 1.0   15   5.4M  155  462  74%    10M |  99.9   n/a   1   27  1.18M   15   15  50%  81.9M    n/a  n/a
   2   58 |   7 1.0   15   4.9M  145  542  78%    10M |  99.9   n/a   1   27  1.09M   14   10  41%  81.9M    n/a  n/a
   2   59 |   7 1.0   15   6.0M  169  427  71%    10M |  99.9   n/a   1   27  1.44M   19   10  34%  81.9M    n/a  n/a
   2   5a |   7 1.0   15   5.1M  163  537  76%    10M |  99.9   n/a   1   27  1.42M   17   17  50%  81.9M    n/a  n/a
   2   5b |   7 1.0   15   5.7M  168  475  73%    10M |  99.9   n/a   1   27  1.04M   15   14  48%  81.9M    n/a  n/a
   3   5c |   7 1.0   13   7.4M   73  408  84%    10M |  99.9   n/a   1   27   758k    3   13  81%  81.9M    n/a  n/a
   3   5d |   7 1.0   13   7.5M   74  387  83%    10M |  99.9   n/a   1   27  1.77M    7   16  69%  81.9M    n/a  n/a
   3   5e |   7 1.0   13   7.7M   77  404  83%    10M |  99.9   n/a   1   27  1.54M    6   12  66%  81.9M    n/a  n/a
   3   5f |   7 1.0   13   7.3M   76  422  84%    10M |  99.9   n/a   1   27  2.03M    8   11  57%  81.9M    n/a  n/a
   3   60 |   7 1.0   13   7.5M   76  384  83%    10M |  99.9   n/a   1   27  1.26M    5   13  72%  81.9M    n/a  n/a
   3   61 |   7 1.0   13   7.5M   80  394  83%    10M |  99.9   n/a   1   27  1.50M    6   15  71%  81.9M    n/a  n/a
   3   62 |   7 1.0    0      0    0    0   0%    10M |   n/a   n/a   1    0      0    0    0   0%  81.9M    n/a  n/a
   3   63 |   7 1.0    0      0    0    0   0%    10M |   n/a   n/a   1    0      0    0    0   0%  81.9M    n/a  n/a
   0   44 |   7 1.0   14    10M  105  339  76%    10M |  99.9   n/a   1   27  3.04M   12   16  57%  81.9M    n/a  n/a
   0   45 |   7 1.0   14  10.0M  111  387  77%    10M |  99.9   n/a   1   27  1.27M    5   14  73%  81.9M    n/a  n/a
   0   46 |   7 1.0   14    10M   99  351  78%    10M |  99.9   n/a   1   27  3.05M   12   16  57%  81.9M    n/a  n/a
   0   47 |   7 1.0   14    10M  111  370  76%    10M |  99.9   n/a   1   27  1.01M    4   16  80%  81.9M    n/a  n/a
   0   48 |   7 1.0    0      0    0    0   0%    10M |   n/a   n/a   1    0      0    0    0   0%  81.9M    n/a  n/a
   0   49 |   7 1.0   14    10M  103  331  76%    10M |  99.9   n/a   1   27  1.26M    5   16  76%  81.9M    n/a  n/a
   0   4a |   7 1.0    0      0    0    0   0%    10M |   n/a   n/a   1    0      0    0    0   0%  81.9M    n/a  n/a
   0   4b |   7 1.0    0      0    0    0   0%    10M |   n/a   n/a   1    0      0    0    0   0%  81.9M    n/a  n/a
   1   4c |   7 1.0   13   7.3M   88  192  68%    10M |  99.9   n/a   1   27  3.63M   16   11  40%  81.9M    n/a  n/a
   1   4d |   7 1.0   13   7.8M  107  202  65%    10M |  99.9   n/a   1   27  2.49M   11   13  54%  81.9M    n/a  n/a
   1   4e |   7 1.0   13   7.1M   79  193  70%    10M |  99.9   n/a   1   27  2.29M   10    6  37%  81.9M    n/a  n/a
   1   4f |   7 1.0   13   7.4M   90  191  67%    10M |  99.9   n/a   1   27  2.73M   12    7  36%  81.9M    n/a  n/a
   1   50 |   7 1.0   13   7.1M   76  179  70%    10M |  99.9   n/a   1   27  1.60M    7   12  63%  81.9M    n/a  n/a
   1   51 |   7 1.0   13   7.6M   93  196  67%    10M |  99.9   n/a   1   27  1.83M    8    9  52%  81.9M    n/a  n/a
   1   52 |   7 1.0    0      0    0    0   0%    10M |   n/a   n/a   1    0      0    0    0   0%  81.9M    n/a  n/a
   1   53 |   7 1.0   13   7.4M   93  199  68%    10M |  99.9   n/a   1   27  3.87M   17    7  29%  81.9M    n/a  n/a

          |--------------------DL---------------------|-------------------------------UL-----------------------------
 pci rnti | cqi  ri  mcs  brate   ok  nok  (%)  dl_bs | pusch  rsrp  ri  mcs  brate   ok  nok  (%)    bsr     ta  phr
   2   54 |   7 1.0   15   6.8M  198  562  73%    10M |  99.9   n/a   1   27  1.61M   22   16  42%  81.9M    n/a  n/a
   2   55 |   7 1.0   15   7.0M  193  515  72%    10M |  99.9   n/a   1   27  2.48M   33   16  32%  81.9M    n/a  n/a
   2   56 |   7 1.0   15   7.1M  207  524  71%    10M |  99.9   n/a   1   27  1.79M   21   22  51%  81.9M    n/a  n/a
   2   57 |   7 1.0   15   7.0M  194  444  69%    10M |  99.9   n/a   1   27  2.02M   28   22  44%  81.9M    n/a  n/a
   2   58 |   7 1.0   15   7.0M  191  517  73%    10M |  99.9   n/a   1   27  2.35M   31   13  29%  81.9M    n/a  n/a
   2   59 |   7 1.0   15   6.9M  195  464  70%    10M |  99.9   n/a   1   27  1.25M   16   22  57%  81.9M    n/a  n/a
   2   5a |   7 1.0   15   7.1M  211  528  71%    10M |  99.9   n/a   1   27  2.16M   29   15  34%  81.9M    n/a  n/a
   2   5b |   7 1.0   15   6.9M  193  526  73%    10M |  99.9   n/a   1   27  2.24M   29   14  32%  81.9M    n/a  n/a
   3   5c |   7 1.0   13   9.1M   86  445  83%    10M |  99.9   n/a   1   27  2.02M    8    9  52%  81.9M    n/a  n/a
   3   5d |   7 1.0   13   9.1M   87  371  81%    10M |  99.9   n/a   1   27  2.05M    8    8  50%  81.9M    n/a  n/a
   3   5e |   7 1.0   13   9.2M   94  347  78%    10M |  99.9   n/a   1   27  1.78M    7   10  58%  81.9M    n/a  n/a
   3   5f |   7 1.0   13   9.0M   96  384  80%    10M |  99.9   n/a   1   27   758k    3   12  80%  81.9M    n/a  n/a
   3   60 |   7 1.0   13   9.1M   90  424  82%    10M |  99.9   n/a   1   27  1.76M    7   13  65%  81.9M    n/a  n/a
   3   61 |   7 1.0   13   8.9M   82  369  81%    10M |  99.9   n/a   1   27  1.52M    6   10  62%  81.9M    n/a  n/a
   3   62 |   7 1.0    0      0    0    0   0%    10M |   n/a   n/a   1    0      0    0    0   0%  81.9M    n/a  n/a
   3   63 |   7 1.0    0      0    0    0   0%    10M |   n/a   n/a   1    0      0    0    0   0%  81.9M    n/a  n/a
   0   44 |   7 1.0   14   9.5M   99  325  76%    10M |  99.9   n/a   1   27  1.77M    7   14  66%  81.9M    n/a  n/a
   0   45 |   7 1.0   14   9.4M   93  326  77%    10M |  99.9   n/a   1   27   496k    2   16  88%  81.9M    n/a  n/a
   0   46 |   7 1.0   14   9.8M   96  305  76%    10M |  99.9   n/a   1   27   500k    2   16  88%  81.9M    n/a  n/a
   0   47 |   7 1.0   14    10M  107  321  75%    10M |  99.9   n/a   1   27  1.26M    5   13  72%  81.9M    n/a  n/a
   0   48 |   7 1.0    0      0    0    0   0%    10M |   n/a   n/a   1    0      0    0    0   0%  81.9M    n/a  n/a
   0   49 |   7 1.0   14  10.0M  111  344  75%    10M |  99.9   n/a   1   27  2.04M    8   13  61%  81.9M    n/a  n/a
   0   4a |   7 1.0    0      0    0    0   0%    10M |   n/a   n/a   1    0      0    0    0   0%  81.9M    n/a  n/a
   0   4b |   7 1.0    0      0    0    0   0%    10M |   n/a   n/a   1    0      0    0    0   0%  81.9M    n/a  n/a
   1   4c |   7 1.0   13   5.4M   73  221  75%    10M |   n/a   n/a   1   27      0    0    9 100%  81.9M    n/a  n/a
   1   4d |   7 1.0   13   5.4M   80  248  75%    10M |   n/a   n/a   1   27      0    0    9 100%  81.9M    n/a  n/a
   1   4e |   7 1.0   13   5.7M   75  219  74%    10M |  99.9   n/a   1   27   914k    4   13  76%  81.9M    n/a  n/a
   1   4f |   7 1.0   13   5.8M   81  228  73%    10M |   n/a   n/a   1   27      0    0    7 100%  81.9M    n/a  n/a
   1   50 |   7 1.0   13   4.4M   62  275  81%    10M |  99.9   n/a   1   27   668k    3   12  80%  81.9M    n/a  n/a
   1   51 |   7 1.0   13   5.3M   78  226  74%    10M |  99.9   n/a   1   27   910k    4   13  76%  81.9M    n/a  n/a
   1   52 |   7 1.0    0      0    0    0   0%    10M |   n/a   n/a   1    0      0    0    0   0%  81.9M    n/a  n/a
   1   53 |   7 1.0   13   5.5M   83  256  75%    10M |  99.9   n/a   1   27   451k    2   13  86%  81.9M    n/a  n/a
   2   54 |   7 1.0   16   5.8M  154  637  80%    10M |  99.9   n/a   1   27   847k   12   22  64%  81.9M    n/a  n/a
   2   55 |   7 1.0   16   5.9M  151  529  77%    10M |  99.9   n/a   1   27   803k   10   21  67%  81.9M    n/a  n/a
   2   56 |   7 1.0   16   5.5M  147  625  80%    10M |  99.9   n/a   1   27   939k   13   25  65%  81.9M    n/a  n/a
   2   57 |   7 1.0   16   6.0M  154  550  78%    10M |  99.9   n/a   1   27   988k   13   22  62%  81.9M    n/a  n/a
   2   58 |   7 1.0   16   6.4M  175  521  74%    10M |  99.9   n/a   1   27   806k   11   15  57%  81.9M    n/a  n/a
   2   59 |   7 1.0   16   5.9M  169  584  77%    10M |  99.9   n/a   1   27  1.29M   18   23  56%  81.9M    n/a  n/a
   2   5a |   7 1.0   16   5.7M  161  627  79%    10M |  99.9   n/a   1   27   806k   11   22  66%  81.9M    n/a  n/a
   2   5b |   7 1.0   16   5.8M  154  528  77%    10M |  99.9   n/a   1   27  1.26M   16   19  54%  81.9M    n/a  n/a
   3   5c |   7 1.0   13   8.7M   96  403  80%    10M |  99.9   n/a   1   27  1.50M    6   11  64%  81.9M    n/a  n/a
   3   5d |   7 1.0   13   8.7M   90  421  82%    10M |  99.9   n/a   1   27  1.78M    7   12  63%  81.9M    n/a  n/a
   3   5e |   7 1.0   13   8.2M   88  377  81%    10M |  99.9   n/a   1   27  2.27M    9   16  64%  81.9M    n/a  n/a
   3   5f |   7 1.0   13   8.4M   82  397  82%    10M |  99.9   n/a   1   27  1.00M    4   12  75%  81.9M    n/a  n/a
   3   60 |   7 1.0   13   8.7M   92  403  81%    10M |  99.9   n/a   1   27  1.26M    5   14  73%  81.9M    n/a  n/a
   3   61 |   7 1.0   13   8.5M   90  423  82%    10M |  99.9   n/a   1   27   500k    2   13  86%  81.9M    n/a  n/a
   3   62 |   7 1.0    0      0    0    0   0%    10M |   n/a   n/a   1    0      0    0    0   0%  81.9M    n/a  n/a
   3   63 |   7 1.0    0      0    0    0   0%    10M |   n/a   n/a   1    0      0    0    0   0%  81.9M    n/a  n/a
   0   44 |   7 1.0   14    11M  112  291  72%    10M |  99.9   n/a   1   27  1.27M    5   14  73%  81.9M    n/a  n/a
   0   45 |   7 1.0   14    11M  115  344  74%    10M |  99.9   n/a   1   27  1.50M    6   16  72%  81.9M    n/a  n/a
   0   46 |   7 1.0   14    11M  116  319  73%    10M |  99.9   n/a   1   27  1.77M    7   16  69%  81.9M    n/a  n/a
   0   47 |   7 1.0   14    11M  112  318  73%    10M |  99.9   n/a   1   27  1.51M    6   15  71%  81.9M    n/a  n/a
   0   48 |   7 1.0    0      0    0    0   0%    10M |   n/a   n/a   1    0      0    0    0   0%  81.9M    n/a  n/a
   0   49 |   7 1.0   14    11M  116  332  74%    10M |  99.9   n/a   1   27  1.25M    5   15  75%  81.9M    n/a  n/a
   0   4a |   7 1.0    0      0    0    0   0%    10M |   n/a   n/a   1    0      0    0    0   0%  81.9M    n/a  n/a
   0   4b |   7 1.0    0      0    0    0   0%    10M |   n/a   n/a   1    0      0    0    0   0%  81.9M    n/a  n/a
   1   4c |   7 1.0   13   6.9M   90  216  70%    10M |  99.9   n/a   1   27   922k    4   11  73%  81.9M    n/a  n/a
   1   4d |   7 1.0   13   6.9M   84  233  73%    10M |  99.9   n/a   1   27   681k    3   13  81%  81.9M    n/a  n/a
   1   4e |   7 1.0   13   6.7M   87  254  74%    10M |  99.9   n/a   1   27  2.50M   11   10  47%  81.9M    n/a  n/a
   1   4f |   7 1.0   13   6.8M   95  234  71%    10M |  99.9   n/a   1   27   225k    1   15  93%  81.9M    n/a  n/a
   1   50 |   7 1.0   13   6.1M   79  239  75%    10M |  99.9   n/a   1   27   685k    3    4  57%  81.9M    n/a  n/a
   1   51 |   7 1.0   13   6.8M   92  237  72%    10M |  99.9   n/a   1   27  1.36M    6   10  62%  81.9M    n/a  n/a
   1   52 |   7 1.0    0      0    0    0   0%    10M |   n/a   n/a   1    0      0    0    0   0%  81.9M    n/a  n/a
   1   53 |   7 1.0   13   7.0M   97  212  68%    10M |  99.9   n/a   1   27  1.37M    6   13  68%  81.9M    n/a  n/a
   2   54 |   7 1.0   16   6.4M  175  644  78%    10M |  99.9   n/a   1   27   635k    8   18  69%  81.9M    n/a  n/a
   2   55 |   7 1.0   16   6.1M  158  535  77%    10M |  99.9   n/a   1   27   648k    8   23  74%  81.9M    n/a  n/a
   2   56 |   7 1.0   16   6.5M  179  592  76%    10M |  99.9   n/a   1   27   662k    8   18  69%  81.9M    n/a  n/a
   2   57 |   7 1.0   16   6.0M  156  543  77%    10M |  99.9   n/a   1   27  1.20M   16   20  55%  81.9M    n/a  n/a
   2   58 |   7 1.0   16   6.2M  174  541  75%    10M |  99.9   n/a   1   27  1.28M   15   19  55%  81.9M    n/a  n/a
   2   59 |   7 1.0   16   6.1M  159  504  76%    10M |  99.9   n/a   1   27   884k   12   19  61%  81.9M    n/a  n/a
   2   5a |   7 1.0   16   6.3M  165  582  77%    10M |  99.9   n/a   1   27   904k   12   17  58%  81.9M    n/a  n/a
   2   5b |   7 1.0   16   6.3M  166  499  75%    10M |  99.9   n/a   1   27   878k   11   16  59%  81.9M    n/a  n/a
   3   5c |   7 1.0   14   9.7M   94  328  77%    10M |  99.9   n/a   1   27  1.76M    7   14  66%  81.9M    n/a  n/a
   3   5d |   7 1.0   13   9.5M   94  339  78%    10M |  99.9   n/a   1   27  2.27M    9   12  57%  81.9M    n/a  n/a
   3   5e |   7 1.0   14    10M  105  322  75%    10M |  99.9   n/a   1   27  1.29M    5   13  72%  81.9M    n/a  n/a
   3   5f |   7 1.0   14    10M   96  300  75%    10M |  99.9   n/a   1   27  2.53M   10   11  52%  81.9M    n/a  n/a
   3   60 |   7 1.0   14  10.0M   95  345  78%    10M |  99.9   n/a   1   27  2.29M    9   16  64%  81.9M    n/a  n/a
   3   61 |   7 1.0   14   9.5M   94  329  77%    10M |  99.9   n/a   1   27  3.55M   14   13  48%  81.9M    n/a  n/a
   3   62 |   7 1.0    0      0    0    0   0%    10M |   n/a   n/a   1    0      0    0    0   0%  81.9M    n/a  n/a
   3   63 |   7 1.0    0      0    0    0   0%    10M |   n/a   n/a   1    0      0    0    0   0%  81.9M    n/a  n/a
   0   44 |   7 1.0   14    11M  119  348  74%    10M |  99.9   n/a   1   27  2.77M   11   16  59%  81.9M    n/a  n/a
   0   45 |   7 1.0   14    12M  118  296  71%    10M |  99.9   n/a   1   27  2.02M    8   16  66%  81.9M    n/a  n/a
   0   46 |   7 1.0   14    12M  114  291  71%    10M |  99.9   n/a   1   27  1.26M    5   16  76%  81.9M    n/a  n/a
   0   47 |   7 1.0   14    12M  125  289  69%    10M |  99.9   n/a   1   27  2.27M    9   16  64%  81.9M    n/a  n/a
   0   48 |   7 1.0    0      0    0    0   0%    10M |   n/a   n/a   1    0      0    0    0   0%  81.9M    n/a  n/a
   0   49 |   7 1.0   14    12M  123  326  72%    10M |  99.9   n/a   1   27  1.78M    7   16  69%  81.9M    n/a  n/a
   0   4a |   7 1.0    0      0    0    0   0%    10M |   n/a   n/a   1    0      0    0    0   0%  81.9M    n/a  n/a
   0   4b |   7 1.0    0      0    0    0   0%    10M |   n/a   n/a   1    0      0    0    0   0%  81.9M    n/a  n/a

          |--------------------DL---------------------|-------------------------------UL-----------------------------
 pci rnti | cqi  ri  mcs  brate   ok  nok  (%)  dl_bs | pusch  rsrp  ri  mcs  brate   ok  nok  (%)    bsr     ta  phr
   1   4c |   7 1.0   13   5.8M   74  215  74%    10M |  99.9   n/a   1   27  1.14M    5   15  75%  81.9M    n/a  n/a
   1   4d |   7 1.0   13   6.8M   88  199  69%    10M |  99.9   n/a   1   27   910k    4    7  63%  81.9M    n/a  n/a
   1   4e |   7 1.0   13   5.3M   74  250  77%    10M |  99.9   n/a   1   27  1.14M    5    8  61%  81.9M    n/a  n/a
   1   4f |   7 1.0   13   6.7M   89  230  72%    10M |   n/a   n/a   1   27      0    0   13 100%  81.9M    n/a  n/a
   1   50 |   7 1.0   13   6.2M   81  212  72%    10M |  99.9   n/a   1   27  1.59M    7   13  65%  81.9M    n/a  n/a
   1   51 |   7 1.0   13   6.5M   77  236  75%    10M |  99.9   n/a   1   27   234k    1   11  91%  81.9M    n/a  n/a
   1   52 |   7 1.0    0      0    0    0   0%    10M |   n/a   n/a   1    0      0    0    0   0%  81.9M    n/a  n/a
   1   53 |   7 1.0   13   6.7M   77  179  69%    10M |   n/a   n/a   1   27      0    0   14 100%  81.9M    n/a  n/a
   2   54 |   7 1.0   16   6.5M  176  585  76%    10M |  99.9   n/a   1   27   777k   11   23  67%  81.9M    n/a  n/a
   2   55 |   7 1.0   16   6.4M  163  569  77%    10M |  99.9   n/a   1   27   973k   14   21  60%  81.9M    n/a  n/a
   2   56 |   7 1.0   16   6.5M  176  577  76%    10M |  99.9   n/a   1   27  1.00M   13   24  64%  81.9M    n/a  n/a
   2   57 |   7 1.0   16   6.3M  162  572  77%    10M |  99.9   n/a   1   27  1.08M   16   20  55%  81.9M    n/a  n/a
   2   58 |   7 1.0   16   6.7M  179  492  73%    10M |  99.9   n/a   1   27   990k   14   21  60%  81.9M    n/a  n/a
   2   59 |   7 1.0   16   6.6M  172  551  76%    10M |  99.9   n/a   1   27  1.41M   19   19  50%  81.9M    n/a  n/a
   2   5a |   7 1.0   16   6.8M  196  581  74%    10M |  99.9   n/a   1   27  1.04M   15   22  59%  81.9M    n/a  n/a
   2   5b |   7 1.0   16   6.3M  168  532  76%    10M |  99.9   n/a   1   27  1.14M   16   22  57%  81.9M    n/a  n/a
   3   5c |   7 1.0   14    10M  100  248  71%    10M |  99.9   n/a   1   27  1.53M    6    9  60%  81.9M    n/a  n/a
   3   5d |   7 1.0   14   9.8M   99  252  71%    10M |  99.9   n/a   1   27  2.04M    8   15  65%  81.9M    n/a  n/a
   3   5e |   7 1.0   14    10M   96  253  72%    10M |  99.9   n/a   1   27  1.78M    7    8  53%  81.9M    n/a  n/a
   3   5f |   7 1.0   14   9.9M  100  265  72%    10M |  99.9   n/a   1   27   262k    1   13  92%  81.9M    n/a  n/a
   3   60 |   7 1.0   14   9.7M  110  270  71%    10M |  99.9   n/a   1   27  3.80M   15   14  48%  81.9M    n/a  n/a
   3   61 |   7 1.0   14    10M  104  240  69%    10M |  99.9   n/a   1   27  3.28M   13   16  55%  81.9M    n/a  n/a
   3   62 |   7 1.0    0      0    0    0   0%    10M |   n/a   n/a   1    0      0    0    0   0%  81.9M    n/a  n/a
   3   63 |   7 1.0    0      0    0    0   0%    10M |   n/a   n/a   1    0      0    0    0   0%  81.9M    n/a  n/a
   0   44 |   7 1.0   14    11M  108  375  77%    10M |  99.9   n/a   1   27  1.52M    6   16  72%  81.9M    n/a  n/a
   0   45 |   7 1.0   14    10M  104  368  77%    10M |  99.9   n/a   1   27  2.77M   11   13  54%  81.9M    n/a  n/a
   0   46 |   7 1.0   14    11M  107  403  79%    10M |  99.9   n/a   1   27  1.26M    5   16  76%  81.9M    n/a  n/a
   0   47 |   7 1.0   15    11M  105  333  76%    10M |  99.9   n/a   1   27  1.27M    5   16  76%  81.9M    n/a  n/a
   0   48 |   7 1.0    0      0    0    0   0%    10M |   n/a   n/a   1    0      0    0    0   0%  81.9M    n/a  n/a
   0   49 |   7 1.0   15    10M  103  405  79%    10M |  99.9   n/a   1   27  1.49M    6   16  72%  81.9M    n/a  n/a
   0   4a |   7 1.0    0      0    0    0   0%    10M |   n/a   n/a   1    0      0    0    0   0%  81.9M    n/a  n/a
   0   4b |   7 1.0    0      0    0    0   0%    10M |   n/a   n/a   1    0      0    0    0   0%  81.9M    n/a  n/a
   1   4c |   7 1.0   13   6.1M   80  261  76%    10M |  99.9   n/a   1   27   914k    4    8  66%  81.9M    n/a  n/a
   1   4d |   7 1.0   14   7.4M   87  226  72%    10M |  99.9   n/a   1   27   225k    1   15  93%  81.9M    n/a  n/a
   1   4e |   7 1.0   13   5.9M   75  233  75%    10M |   n/a   n/a   1   27      0    0   13 100%  81.9M    n/a  n/a
   1   4f |   7 1.0   14   7.4M   82  186  69%    10M |  99.9   n/a   1   27  1.37M    6   12  66%  81.9M    n/a  n/a
   1   50 |   7 1.0   13   6.8M   82  226  73%    10M |   n/a   n/a   1   27      0    0    9 100%  81.9M    n/a  n/a
   1   51 |   7 1.0   14   6.7M   82  207  71%    10M |  99.9   n/a   1   27  1.38M    6    8  57%  81.9M    n/a  n/a
   1   52 |   7 1.0    0      0    0    0   0%    10M |   n/a   n/a   1    0      0    0    0   0%  81.9M    n/a  n/a
   1   53 |   7 1.0   14   6.7M   85  231  73%    10M |  99.9   n/a   1   27  2.27M   10   12  54%  81.9M    n/a  n/a
   2   54 |   7 1.0   17   6.6M  176  537  75%    10M |  99.9   n/a   1   27  1.97M   26   15  36%  81.9M    n/a  n/a
   2   55 |   7 1.0   16   7.1M  179  531  74%    10M |  99.9   n/a   1   27  1.28M   17   18  51%  81.9M    n/a  n/a
   2   56 |   7 1.0   17   6.8M  177  561  76%    10M |  99.9   n/a   1   27  1.06M   14   20  58%  81.9M    n/a  n/a
   2   57 |   7 1.0   17   7.1M  180  499  73%    10M |  99.9   n/a   1   27  1.45M   20   19  48%  81.9M    n/a  n/a
   2   58 |   7 1.0   17   7.1M  183  609  76%    10M |  99.9   n/a   1   27  1.33M   17   23  57%  81.9M    n/a  n/a
   2   59 |   7 1.0   17   7.0M  183  531  74%    10M |  99.9   n/a   1   27   266k    3   21  87%  81.9M    n/a  n/a
   2   5a |   7 1.0   17   7.1M  175  552  75%    10M |  99.9   n/a   1   27  1.37M   17   19  52%  81.9M    n/a  n/a
   2   5b |   7 1.0   17   7.2M  182  519  74%    10M |  99.9   n/a   1   27  1.03M   12   19  61%  81.9M    n/a  n/a
   3   5c |   7 1.0   14    12M  118  195  62%    10M |  99.9   n/a   1   27  3.58M   14   13  48%  81.9M    n/a  n/a
   3   5d |   7 1.0   14    12M  112  198  63%    10M |  99.9   n/a   1   27  3.57M   14   11  44%  81.9M    n/a  n/a
   3   5e |   7 1.0   14   9.9M  100  237  70%    10M |  99.9   n/a   1   27  2.54M   10    8  44%  81.9M    n/a  n/a
   3   5f |   7 1.0   14    11M  112  224  66%    10M |  99.9   n/a   1   27  3.03M   12   14  53%  81.9M    n/a  n/a
   3   60 |   7 1.0   14    11M  112  240  68%    10M |  99.9   n/a   1   27  1.80M    7   12  63%  81.9M    n/a  n/a
   3   61 |   7 1.0   14    11M  109  231  67%    10M |  99.9   n/a   1   27  2.27M    9   13  59%  81.9M    n/a  n/a
   3   62 |   7 1.0    0      0    0    0   0%    10M |   n/a   n/a   1    0      0    0    0   0%  81.9M    n/a  n/a
   3   63 |   7 1.0    0      0    0    0   0%    10M |   n/a   n/a   1    0      0    0    0   0%  81.9M    n/a  n/a
   0   44 |   7 1.0   15    12M  114  340  74%    10M |  99.9   n/a   1   27  1.53M    6   16  72%  81.9M    n/a  n/a
   0   45 |   7 1.0   15    12M  114  349  75%    10M |  99.9   n/a   1   27  3.29M   13   15  53%  81.9M    n/a  n/a
   0   46 |   7 1.0   15    11M  116  372  76%    10M |  99.9   n/a   1   27  1.01M    4   16  80%  81.9M    n/a  n/a
   0   47 |   7 1.0   15    12M  111  344  75%    10M |  99.9   n/a   1   27  1.25M    5   16  76%  81.9M    n/a  n/a
   0   48 |   7 1.0    0      0    0    0   0%    10M |   n/a   n/a   1    0      0    0    0   0%  81.9M    n/a  n/a
   0   49 |   7 1.0   15    12M  117  364  75%    10M |  99.9   n/a   1   27  1.53M    6   16  72%  81.9M    n/a  n/a
   0   4a |   7 1.0    0      0    0    0   0%    10M |   n/a   n/a   1    0      0    0    0   0%  81.9M    n/a  n/a
   0   4b |   7 1.0    0      0    0    0   0%    10M |   n/a   n/a   1    0      0    0    0   0%  81.9M    n/a  n/a
   1   4c |   7 1.0   14   7.3M   86  183  68%    10M |  99.9   n/a   1   27  2.29M   10    4  28%  81.9M    n/a  n/a
   1   4d |   7 1.0   14   6.7M   88  246  73%    10M |  99.9   n/a   1   27  2.50M   11   14  56%  81.9M    n/a  n/a
   1   4e |   7 1.0   13   6.8M   86  214  71%    10M |  99.9   n/a   1   27  1.82M    8   12  60%  81.9M    n/a  n/a
   1   4f |   7 1.0   14   6.9M   86  223  72%    10M |  99.9   n/a   1   27   918k    4   10  71%  81.9M    n/a  n/a
   1   50 |   7 1.0   14   7.6M   83  197  70%    10M |  99.9   n/a   1   27  1.35M    6   10  62%  81.9M    n/a  n/a
   1   51 |   7 1.0   14   7.7M   92  241  72%    10M |  99.9   n/a   1   27  1.81M    8   12  60%  81.9M    n/a  n/a
   1   52 |   7 1.0    0      0    0    0   0%    10M |   n/a   n/a   1    0      0    0    0   0%  81.9M    n/a  n/a
   1   53 |   7 1.0   14   7.6M   89  230  72%    10M |  99.9   n/a   1   27  1.82M    8   12  60%  81.9M    n/a  n/a
   2   54 |   7 1.0   17   7.1M  185  645  77%    10M |  99.9   n/a   1   27  1.05M   13   24  64%  81.9M    n/a  n/a
   2   55 |   7 1.0   17   7.5M  183  553  75%    10M |  99.9   n/a   1   27  1.31M   18   21  53%  81.9M    n/a  n/a
   2   56 |   7 1.0   17   7.7M  200  494  71%    10M |  99.9   n/a   1   27  1.59M   21   20  48%  81.9M    n/a  n/a
   2   57 |   7 1.0   17   7.6M  187  473  71%    10M |  99.9   n/a   1   27  1.17M   16   21  56%  81.9M    n/a  n/a
   2   58 |   7 1.0   17   7.6M  191  555  74%    10M |  99.9   n/a   1   27  1.09M   15   24  61%  81.9M    n/a  n/a
   2   59 |   7 1.0   17   7.4M  182  525  74%    10M |  99.9   n/a   1   27  2.00M   26   23  46%  81.9M    n/a  n/a
   2   5a |   7 1.0   17   7.6M  204  560  73%    10M |  99.9   n/a   1   27  1.33M   19   17  47%  81.9M    n/a  n/a
   2   5b |   7 1.0   17   7.6M  181  525  74%    10M |  99.9   n/a   1   27  1.22M   15   20  57%  81.9M    n/a  n/a
   3   5c |   7 1.0   14   7.9M   78  276  77%    10M |  99.9   n/a   1   27  1.02M    4    9  69%  81.9M    n/a  n/a
   3   5d |   7 1.0   14   9.4M  103  286  73%    10M |  99.9   n/a   1   27   254k    1   10  90%  81.9M    n/a  n/a
   3   5e |   7 1.0   14   9.3M   97  271  73%    10M |  99.9   n/a   1   27  1.28M    5   12  70%  81.9M    n/a  n/a
   3   5f |   7 1.0   14   8.5M   93  285  75%    10M |  99.9   n/a   1   27  2.29M    9   16  64%  81.9M    n/a  n/a
   3   60 |   7 1.0   14   8.6M  100  286  74%    10M |  99.9   n/a   1   27  1.27M    5   17  77%  81.9M    n/a  n/a
   3   61 |   7 1.0   14   9.1M  103  256  71%    10M |  99.9   n/a   1   27  1.01M    4   14  77%  81.9M    n/a  n/a
   3   62 |   7 1.0    0      0    0    0   0%    10M |   n/a   n/a   1    0      0    0    0   0%  81.9M    n/a  n/a
   3   63 |   7 1.0    0      0    0    0   0%    10M |   n/a   n/a   1    0      0    0    0   0%  81.9M    n/a  n/a

          |--------------------DL---------------------|-------------------------------UL-----------------------------
 pci rnti | cqi  ri  mcs  brate   ok  nok  (%)  dl_bs | pusch  rsrp  ri  mcs  brate   ok  nok  (%)    bsr     ta  phr
   0   44 |   7 1.0   15    11M  109  338  75%    10M |  99.9   n/a   1   27   762k    3   16  84%  81.9M    n/a  n/a
   0   45 |   7 1.0   15    12M  102  330  76%    10M |  99.9   n/a   1   27  1.27M    5   16  76%  81.9M    n/a  n/a
   0   46 |   7 1.0   15    11M  108  345  76%    10M |  99.9   n/a   1   27  1.77M    7   16  69%  81.9M    n/a  n/a
   0   47 |   7 1.0   15    11M  100  339  77%    10M |  99.9   n/a   1   27  1.26M    5   16  76%  81.9M    n/a  n/a
   0   48 |   7 1.0    0      0    0    0   0%    10M |   n/a   n/a   1    0      0    0    0   0%  81.9M    n/a  n/a
   0   49 |   7 1.0   15    11M  113  389  77%    10M |  99.9   n/a   1   27  1.26M    5   16  76%  81.9M    n/a  n/a
   0   4a |   7 1.0    0      0    0    0   0%    10M |   n/a   n/a   1    0      0    0    0   0%  81.9M    n/a  n/a
   0   4b |   7 1.0    0      0    0    0   0%    10M |   n/a   n/a   1    0      0    0    0   0%  81.9M    n/a  n/a
   1   4c |   7 1.0   14   8.0M   93  203  68%    10M |  99.9   n/a   1   27  2.95M   13   10  43%  81.9M    n/a  n/a
   1   4d |   7 1.0   14   8.2M   91  193  67%    10M |  99.9   n/a   1   27  2.06M    9   13  59%  81.9M    n/a  n/a
   1   4e |   7 1.0   14   7.9M   92  190  67%    10M |  99.9   n/a   1   27  1.59M    7   10  58%  81.9M    n/a  n/a
   1   4f |   7 1.0   14   7.5M   82  221  72%    10M |  99.9   n/a   1   27  1.84M    8   11  57%  81.9M    n/a  n/a
   1   50 |   7 1.0   14   7.5M   93  231  71%    10M |  99.9   n/a   1   27  2.04M    9   10  52%  81.9M    n/a  n/a
   1   51 |   7 1.0   14   7.4M   83  225  73%    10M |  99.9   n/a   1   27  2.28M   10    9  47%  81.9M    n/a  n/a
   1   52 |   7 1.0    0      0    0    0   0%    10M |   n/a   n/a   1    0      0    0    0   0%  81.9M    n/a  n/a
   1   53 |   7 1.0   14   7.2M   77  228  74%    10M |  99.9   n/a   1   27  2.96M   13    9  40%  81.9M    n/a  n/a
   2   54 |   7 1.0   17   6.1M  151  681  81%    10M |  99.9   n/a   1   27   588k    8   21  72%  81.9M    n/a  n/a
   2   55 |   7 1.0   17   5.9M  141  642  81%    10M |  99.9   n/a   1   27   793k   10   21  67%  81.9M    n/a  n/a
   2   56 |   7 1.0   17   6.5M  165  621  79%    10M |  99.9   n/a   1   27   612k    9   20  68%  81.9M    n/a  n/a
   2   57 |   7 1.0   17   6.0M  145  561  79%    10M |  99.9   n/a   1   27   614k    9   21  70%  81.9M    n/a  n/a
   2   58 |   7 1.0   17   6.2M  158  596  79%    10M |  99.9   n/a   1   27   644k    8   24  75%  81.9M    n/a  n/a
   2   59 |   7 1.0   17   5.8M  141  591  80%    10M |  99.9   n/a   1   27   880k   10   19  65%  81.9M    n/a  n/a
   2   5a |   7 1.0   17   6.3M  161  568  77%    10M |  99.9   n/a   1   27   477k    6   24  80%  81.9M    n/a  n/a
   2   5b |   7 1.0   17   5.9M  144  561  79%    10M |  99.9   n/a   1   27   680k   10   19  65%  81.9M    n/a  n/a
   3   5c |   7 1.0   14   8.1M   83  254  75%    10M |  99.9   n/a   1   27  1.75M    7   19  73%  81.9M    n/a  n/a
   3   5d |   7 1.0   14   8.5M   90  274  75%    10M |  99.9   n/a   1   27   742k    3   22  88%  81.9M    n/a  n/a
   3   5e |   7 1.0   14   8.7M   87  276  76%    10M |  99.9   n/a   1   27   500k    2   10  83%  81.9M    n/a  n/a
   3   5f |   7 1.0   14   8.6M   99  280  73%    10M |  99.9   n/a   1   27   508k    2   10  83%  81.9M    n/a  n/a
   3   60 |   7 1.0   14   9.1M  100  248  71%    10M |  99.9   n/a   1   27  1.01M    4   11  73%  81.9M    n/a  n/a
   3   61 |   7 1.0   14   8.7M   96  266  73%    10M |  99.9   n/a   1   27   508k    2   10  83%  81.9M    n/a  n/a
   3   62 |   7 1.0    0      0    0    0   0%    10M |   n/a   n/a   1    0      0    0    0   0%  81.9M    n/a  n/a
   3   63 |   7 1.0    0      0    0    0   0%    10M |   n/a   n/a   1    0      0    0    0   0%  81.9M    n/a  n/a
   0   44 |   7 1.0   15    11M  113  350  75%    10M |  99.9   n/a   1   27  1.52M    6   13  68%  81.9M    n/a  n/a
   0   45 |   7 1.0   15    11M  115  350  75%    10M |  99.9   n/a   1   27   996k    4   16  80%  81.9M    n/a  n/a
   0   46 |   7 1.0   15    11M  103  389  79%    10M |  99.9   n/a   1   27  2.53M   10   12  54%  81.9M    n/a  n/a
   0   47 |   7 1.0   15    11M  110  342  75%    10M |  99.9   n/a   1   27  1.51M    6   13  68%  81.9M    n/a  n/a
   0   48 |   7 1.0    0      0    0    0   0%    10M |   n/a   n/a   1    0      0    0    0   0%  81.9M    n/a  n/a
   0   49 |   7 1.0   15    11M  100  306  75%    10M |  99.9   ovl   1   27  1.26M    5   12  70%  81.9M    -1u  n/a
   0   4a |   7 1.0    0      0    0    0   0%    10M |   n/a   n/a   1    0      0    0    0   0%  81.9M    n/a  n/a
   0   4b |   7 1.0    0      0    0    0   0%    10M |   n/a   n/a   1    0      0    0    0   0%  81.9M    n/a  n/a
   1   4c |   7 1.0   14   6.6M   74  239  76%    10M |  99.9   n/a   1   27   451k    2   10  83%  81.9M    n/a  n/a
   1   4d |   7 1.0   14   6.2M   80  256  76%    10M |  99.9   n/a   1   27   447k    2   14  87%  81.9M    n/a  n/a
   1   4e |   7 1.0   14   5.4M   67  281  80%    10M |  99.9   n/a   1   27   885k    4   10  71%  81.9M    n/a  n/a
   1   4f |   7 1.0   14   5.7M   75  249  76%    10M |  99.9   n/a   1   27   922k    4    7  63%  81.9M    n/a  n/a
   1   50 |   7 1.0   14   5.3M   72  284  79%    10M |  99.9   n/a   1   27   217k    1   11  91%  81.9M    n/a  n/a
   1   51 |   7 1.0   14   6.0M   77  241  75%    10M |  99.9   n/a   1   27   234k    1   12  92%  81.9M    n/a  n/a
   1   52 |   7 1.0    0      0    0    0   0%    10M |   n/a   n/a   1    0      0    0    0   0%  81.9M    n/a  n/a
   1   53 |   7 1.0   14   5.6M   76  255  77%    10M |  99.9   n/a   1   27   676k    3    8  72%  81.9M    n/a  n/a
   2   54 |   7 1.0   18   6.4M  159  609  79%    10M |  99.9   n/a   1   27   765k   10   24  70%  81.9M    n/a  n/a
   2   55 |   7 1.0   17   6.2M  147  525  78%    10M |  99.9   n/a   1   27   923k   12   23  65%  81.9M    n/a  n/a
   2   56 |   7 1.0   18   5.7M  134  686  83%    10M |  99.9   n/a   1   27  1.13M   15   18  54%  81.9M    n/a  n/a
   2   57 |   7 1.0   17   6.0M  148  553  78%    10M |  99.9   n/a   1   27  1.40M   18   19  51%  81.9M    n/a  n/a
   2   58 |   7 1.0   18   6.5M  154  592  79%    10M |  99.9   n/a   1   27  1.35M   20   23  53%  81.9M    n/a  n/a
   2   59 |   7 1.0   17   6.2M  151  589  79%    10M |  99.9   n/a   1   27   889k   12   22  64%  81.9M    n/a  n/a
   2   5a |   7 1.0   18   6.4M  147  594  80%    10M |  99.9   n/a   1   27  1.45M   18   20  52%  81.9M    n/a  n/a
   2   5b |   7 1.0   17   6.2M  150  582  79%    10M |  99.9   n/a   1   27  1.21M   18   25  58%  81.9M    n/a  n/a
   3   5c |   7 1.0   14    11M  101  235  69%    10M |  99.9   n/a   1   27  2.29M    9    6  40%  81.9M    n/a  n/a
   3   5d |   7 1.0   14    11M  113  245  68%    10M |  99.9   n/a   1   27  2.78M   11    7  38%  81.9M    n/a  n/a
   3   5e |   7 1.0   14    11M  115  231  66%    10M |  99.9   n/a   1   27  3.56M   14    9  39%  81.9M    n/a  n/a
   3   5f |   7 1.0   15    12M  115  244  67%    10M |  99.9   n/a   1   27  3.04M   12   13  52%  81.9M    n/a  n/a
   3   60 |   7 1.0   15    11M  104  237  69%    10M |  99.9   n/a   1   27  2.29M    9   12  57%  81.9M    n/a  n/a
   3   61 |   7 1.0   14    11M  111  221  66%    10M |  99.9   n/a   1   27  2.02M    8   13  61%  81.9M    n/a  n/a
   3   62 |   7 1.0    0      0    0    0   0%    10M |   n/a   n/a   1    0      0    0    0   0%  81.9M    n/a  n/a
   3   63 |   7 1.0    0      0    0    0   0%    10M |   n/a   n/a   1    0      0    0    0   0%  81.9M    n/a  n/a
   0   44 |   7 1.0   15    12M  117  336  74%    10M |  99.9   n/a   1   27  2.28M    9   15  62%  81.9M    n/a  n/a
   0   45 |   7 1.0   15    12M  110  387  77%    10M |  99.9   n/a   1   27  1.26M    5   12  70%  81.9M    n/a  n/a
   0   46 |   7 1.0   15    12M  105  335  76%    10M |  99.9   n/a   1   27  2.28M    9   12  57%  81.9M    n/a  n/a
   0   47 |   7 1.0   15    12M  115  360  75%    10M |  99.9   n/a   1   27  2.79M   11   15  57%  81.9M    n/a  n/a
   0   48 |   7 1.0    0      0    0    0   0%    10M |   n/a   n/a   1    0      0    0    0   0%  81.9M    n/a  n/a
   0   49 |   7 1.0   15    12M  115  396  77%    10M |  99.9   n/a   1   27  1.76M    7   16  69%  81.9M    n/a  n/a
   0   4a |   7 1.0    0      0    0    0   0%    10M |   n/a   n/a   1    0      0    0    0   0%  81.9M    n/a  n/a
   0   4b |   7 1.0    0      0    0    0   0%    10M |   n/a   n/a   1    0      0    0    0   0%  81.9M    n/a  n/a
   1   4c |   7 1.0   14   5.7M   75  302  80%    10M |  99.9   n/a   1   27   443k    2   14  87%  81.9M    n/a  n/a
   1   4d |   7 1.0   14   5.4M   65  341  83%    10M |   n/a   n/a   1   27      0    0    8 100%  81.9M    n/a  n/a
   1   4e |   7 1.0   14   4.8M   63  297  82%    10M |  99.9   n/a   1   27   221k    1    6  85%  81.9M    n/a  n/a
   1   4f |   7 1.0   14   5.6M   65  292  81%    10M |   n/a   n/a   1   27      0    0    8 100%  81.9M    n/a  n/a
   1   50 |   7 1.0   14   5.8M   70  315  81%    10M |   n/a   n/a   1   27      0    0   14 100%  81.9M    n/a  n/a
   1   51 |   7 1.0   14   5.7M   64  253  79%    10M |   n/a   n/a   1   27      0    0   14 100%  81.9M    n/a  n/a
   1   52 |   7 1.0    0      0    0    0   0%    10M |   n/a   n/a   1    0      0    0    0   0%  81.9M    n/a  n/a
   1   53 |   7 1.0   14   5.2M   60  287  82%    10M |  99.9   n/a   1   27   894k    4   14  77%  81.9M    n/a  n/a
   2   54 |   7 1.0   18   6.8M  161  693  81%    10M |  99.9   n/a   1   27   984k   11   20  64%  81.9M    n/a  n/a
   2   55 |   7 1.0   18   7.1M  165  561  77%    10M |  99.9   n/a   1   27  1.06M   15   16  51%  81.9M    n/a  n/a
   2   56 |   7 1.0   18   7.1M  182  619  77%    10M |  99.9   n/a   1   27  1.06M   15   17  53%  81.9M    n/a  n/a
   2   57 |   7 1.0   18   7.0M  154  526  77%    10M |  99.9   n/a   1   27   902k   12   23  65%  81.9M    n/a  n/a
   2   58 |   7 1.0   18   7.2M  168  565  77%    10M |  99.9   n/a   1   27   675k    9   23  71%  81.9M    n/a  n/a
   2   59 |   7 1.0   18   7.0M  157  566  78%    10M |  99.9   n/a   1   27  1.21M   16   19  54%  81.9M    n/a  n/a
   2   5a |   7 1.0   18   7.0M  165  565  77%    10M |  99.9   n/a   1   27  1.17M   14   17  54%  81.9M    n/a  n/a
   2   5b |   7 1.0   18   6.9M  162  578  78%    10M |  99.9   n/a   1   27   829k   10   18  64%  81.9M    n/a  n/a

          |--------------------DL---------------------|-------------------------------UL-----------------------------
 pci rnti | cqi  ri  mcs  brate   ok  nok  (%)  dl_bs | pusch  rsrp  ri  mcs  brate   ok  nok  (%)    bsr     ta  phr
   3   5c |   7 1.0   15   7.9M   85  287  77%    10M |  99.9   n/a   1   27   750k    3   16  84%  81.9M    n/a  n/a
   3   5d |   7 1.0   15   7.4M   80  282  77%    10M |  99.9   n/a   1   27   504k    2   16  88%  81.9M    n/a  n/a
   3   5e |   7 1.0   15   8.2M   82  266  76%    10M |  99.9   n/a   1   27   508k    2   13  86%  81.9M    n/a  n/a
   3   5f |   7 1.0   15   7.8M   82  280  77%    10M |  99.9   n/a   1   27   500k    2   13  86%  81.9M    n/a  n/a
   3   60 |   7 1.0   15   9.3M   96  255  72%    10M |  99.9   n/a   1   27   496k    2    7  77%  81.9M    n/a  n/a
   3   61 |   7 1.0   15   8.1M   89  302  77%    10M |  99.9   n/a   1   27   250k    1   14  93%  81.9M    n/a  n/a
   3   62 |   7 1.0    0      0    0    0   0%    10M |   n/a   n/a   1    0      0    0    0   0%  81.9M    n/a  n/a
   3   63 |   7 1.0    0      0    0    0   0%    10M |   n/a   n/a   1    0      0    0    0   0%  81.9M    n/a  n/a
   0   44 |   7 1.0   15    11M  104  396  79%    10M |  99.9   n/a   1   27   771k    3   16  84%  81.9M    n/a  n/a
   0   45 |   7 1.0   16    11M  111  405  78%    10M |  99.9   n/a   1   27  1.02M    4   16  80%  81.9M    n/a  n/a
   0   46 |   7 1.0   15    11M  102  327  76%    10M |  99.9   n/a   1   27  1.25M    5   16  76%  81.9M    n/a  n/a
   0   47 |   7 1.0   16    10M   90  360  80%    10M |  99.9   n/a   1   27  1.26M    5   16  76%  81.9M    n/a  n/a
   0   48 |   7 1.0    0      0    0    0   0%    10M |   n/a   n/a   1    0      0    0    0   0%  81.9M    n/a  n/a
   0   49 |   7 1.0   16   9.7M   82  368  81%    10M |  99.9   n/a   1   27  1.02M    4   16  80%  81.9M    n/a  n/a
   0   4a |   7 1.0    0      0    0    0   0%    10M |   n/a   n/a   1    0      0    0    0   0%  81.9M    n/a  n/a
   0   4b |   7 1.0    0      0    0    0   0%    10M |   n/a   n/a   1    0      0    0    0   0%  81.9M    n/a  n/a
   1   4c |   7 1.0   14   4.9M   70  377  84%    10M |   n/a   n/a   1   27      0    0   14 100%  81.9M    n/a  n/a
   1   4d |   7 1.0   14   5.1M   67  349  83%    10M |   n/a   n/a   1   27      0    0   12 100%  81.9M    n/a  n/a
   1   4e |   7 1.0   14   5.4M   66  280  80%    10M |   n/a   n/a   1   27      0    0   14 100%  81.9M    n/a  n/a
   1   4f |   7 1.0   14   4.8M   64  313  83%    10M |   n/a   n/a   1   27      0    0   14 100%  81.9M    n/a  n/a
   1   50 |   7 1.0   14   4.6M   65  320  83%    10M |   n/a   n/a   1   27      0    0   12 100%  81.9M    n/a  n/a
   1   51 |   7 1.0   14   5.0M   59  321  84%    10M |   n/a   n/a   1   27      0    0    6 100%  81.9M    n/a  n/a
   1   52 |   7 1.0    0      0    0    0   0%    10M |   n/a   n/a   1    0      0    0    0   0%  81.9M    n/a  n/a
   1   53 |   7 1.0   14   5.0M   64  329  83%    10M |   n/a   n/a   1   27      0    0    8 100%  81.9M    n/a  n/a
   2   54 |   7 1.0   18   6.5M  160  609  79%    10M |  99.9   n/a   1   27   643k    7   18  72%  81.9M    n/a  n/a
   2   55 |   7 1.0   18   6.3M  143  588  80%    10M |  99.9   n/a   1   27   640k    8   17  68%  81.9M    n/a  n/a
   2   56 |   7 1.0   18   6.7M  148  586  79%    10M |  99.9   n/a   1   27   665k    8   19  70%  81.9M    n/a  n/a
   2   57 |   7 1.0   18   6.4M  145  601  80%    10M |  99.9   n/a   1   27   521k    7   17  70%  81.9M    n/a  n/a
   2   58 |   7 1.0   18   6.4M  153  660  81%    10M |  99.9   n/a   1   27   578k    7   18  72%  81.9M    n/a  n/a
   2   59 |   7 1.0   18   6.3M  145  517  78%    10M |  99.9   n/a   1   27   531k    6   19  76%  81.9M    n/a  n/a
   2   5a |   7 1.0   18   5.9M  146  682  82%    10M |  99.9   n/a   1   27   535k    7   18  72%  81.9M    n/a  n/a
   2   5b |   7 1.0   18   6.3M  140  567  80%    10M |  99.9   n/a   1   27   604k    8   18  69%  81.9M    n/a  n/a
   3   5c |   7 1.0   15   7.5M   84  291  77%    10M |   n/a   n/a   1   27      0    0   14 100%  81.9M    n/a  n/a
   3   5d |   7 1.0   15   7.4M   78  293  78%    10M |   n/a   n/a   1   27      0    0   13 100%  81.9M    n/a  n/a
   3   5e |   7 1.0   15   7.3M   75  285  79%    10M |   n/a   n/a   1   27      0    0   11 100%  81.9M    n/a  n/a
   3   5f |   7 1.0   15   7.5M   78  308  79%    10M |   n/a   n/a   1   27      0    0   19 100%  81.9M    n/a  n/a
   3   60 |   7 1.0   15   6.9M   68  295  81%    10M |   n/a   n/a   1   27      0    0   13 100%  81.9M    n/a  n/a
   3   61 |   7 1.0   15   7.2M   80  265  76%    10M |   n/a   n/a   1   27      0    0   10 100%  81.9M    n/a  n/a
   3   62 |   7 1.0    0      0    0    0   0%    10M |   n/a   n/a   1    0      0    0    0   0%  81.9M    n/a  n/a
   3   63 |   7 1.0    0      0    0    0   0%    10M |   n/a   n/a   1    0      0    0    0   0%  81.9M    n/a  n/a
   0   44 |   7 1.0   16    12M  104  396  79%    10M |  99.9   n/a   1   27  1.50M    6   12  66%  81.9M    n/a  n/a
   0   45 |   7 1.0   16    11M  107  388  78%    10M |  99.9   n/a   1   27  1.76M    7   13  65%  81.9M    n/a  n/a
   0   46 |   7 1.0   16    12M   97  413  80%    10M |  99.9   n/a   1   27   775k    3   16  84%  81.9M    n/a  n/a
   0   47 |   7 1.0   16    11M  107  390  78%    10M |  99.9   n/a   1   27  1.03M    4   12  75%  81.9M    n/a  n/a
   0   48 |   7 1.0    0      0    0    0   0%    10M |   n/a   n/a   1    0      0    0    0   0%  81.9M    n/a  n/a
   0   49 |   7 1.0   16    12M  104  364  77%    10M |  99.9   n/a   1   27  1.75M    7   12  63%  81.9M    n/a  n/a
   0   4a |   7 1.0    0      0    0    0   0%    10M |   n/a   n/a   1    0      0    0    0   0%  81.9M    n/a  n/a
   0   4b |   7 1.0    0      0    0    0   0%    10M |   n/a   n/a   1    0      0    0    0   0%  81.9M    n/a  n/a
   1   4c |   7 1.0   14   6.2M   90  313  77%    10M |  99.9   n/a   1   27   234k    1    7  87%  81.9M    n/a  n/a
   1   4d |   7 1.0   15   6.4M   72  298  80%    10M |  99.9   n/a   1   27  1.55M    7    9  56%  81.9M    n/a  n/a
   1   4e |   7 1.0   14   5.0M   61  289  82%    10M |  99.9   n/a   1   27   922k    4   10  71%  81.9M    n/a  n/a
   1   4f |   7 1.0   14   4.6M   54  304  84%    10M |  99.9   n/a   1   27   451k    2    7  77%  81.9M    n/a  n/a
   1   50 |   7 1.0   14   5.9M   82  311  79%    10M |  99.9   n/a   1   27   451k    2   12  85%  81.9M    n/a  n/a
   1   51 |   7 1.0   14   5.3M   67  309  82%    10M |  99.9   ovl   1   27   459k    2   14  87%  81.9M  -967n  n/a
   1   52 |   7 1.0    0      0    0    0   0%    10M |   n/a   n/a   1    0      0    0    0   0%  81.9M    n/a  n/a
   1   53 |   7 1.0   14   5.4M   69  333  82%    10M |  99.9   ovl   1   27   451k    2   12  85%  81.9M  -967n  n/a
   2   54 |   7 1.0   19   6.3M  149  630  80%    10M |  99.9   n/a   1   27  1.26M   17   23  57%  81.9M    n/a  n/a
   2   55 |   7 1.0   18   6.1M  133  633  82%    10M |  99.9   n/a   1   27  1.07M   14   21  60%  81.9M    n/a  n/a
   2   56 |   7 1.0   18   5.7M  130  660  83%    10M |  99.9   n/a   1   27   925k   13   17  56%  81.9M    n/a  n/a
   2   57 |   7 1.0   18   5.9M  140  615  81%    10M |  99.9   n/a   1   27   881k   11   20  64%  81.9M    n/a  n/a
   2   58 |   7 1.0   18   6.0M  140  612  81%    10M |  99.9   n/a   1   27   766k    9   27  75%  81.9M    n/a  n/a
   2   59 |   7 1.0   18   5.8M  131  603  82%    10M |  99.9   n/a   1   27   773k   10   21  67%  81.9M    n/a  n/a
   2   5a |   7 1.0   19   6.1M  148  679  82%    10M |  99.9   n/a   1   27   987k   12   20  62%  81.9M    n/a  n/a
   2   5b |   7 1.0   18   6.0M  135  597  81%    10M |  99.9   n/a   1   27   808k   11   23  67%  81.9M    n/a  n/a
   3   5c |   7 1.0   15    11M  101  255  71%    10M |  99.9   n/a   1   27  1.01M    4    8  66%  81.9M    n/a  n/a
   3   5d |   7 1.0   15    11M  105  252  70%    10M |  99.9   n/a   1   27  3.58M   14    6  30%  81.9M    n/a  n/a
   3   5e |   7 1.0   15    12M  109  232  68%    10M |  99.9   n/a   1   27  4.33M   17   14  45%  81.9M    n/a  n/a
   3   5f |   7 1.0   15    11M   97  290  74%    10M |  99.9   n/a   1   27  1.79M    7   13  65%  81.9M    n/a  n/a
   3   60 |   7 1.0   15    11M  100  244  70%    10M |  99.9   n/a   1   27  3.33M   13    9  40%  81.9M    n/a  n/a
   3   61 |   7 1.0   15    11M  106  258  70%    10M |  99.9   n/a   1   27  4.30M   17   11  39%  81.9M    n/a  n/a
   3   62 |   7 1.0    0      0    0    0   0%    10M |   n/a   n/a   1    0      0    0    0   0%  81.9M    n/a  n/a
   3   63 |   7 1.0    0      0    0    0   0%    10M |   n/a   n/a   1    0      0    0    0   0%  81.9M    n/a  n/a
   0   44 |   7 1.0   16    12M  105  312  74%    10M |  99.9   n/a   1   27   767k    3   16  84%  81.9M    n/a  n/a
   0   45 |   7 1.0   16    13M  107  312  74%    10M |  99.9   n/a   1   27  1.51M    6   15  71%  81.9M    n/a  n/a
   0   46 |   7 1.0   16    14M  120  280  70%    10M |  99.9   n/a   1   27   754k    3   12  80%  81.9M    n/a  n/a
   0   47 |   7 1.0   16    14M  118  319  72%    10M |  99.9   n/a   1   27  4.30M   17   14  45%  81.9M    n/a  n/a
   0   48 |   7 1.0    0      0    0    0   0%    10M |   n/a   n/a   1    0      0    0    0   0%  81.9M    n/a  n/a
   0   49 |   7 1.0   16    14M  123  285  69%    10M |  99.9   n/a   1   27  2.50M   10   15  60%  81.9M    n/a  n/a
   0   4a |   7 1.0    0      0    0    0   0%    10M |   n/a   n/a   1    0      0    0    0   0%  81.9M    n/a  n/a
   0   4b |   7 1.0    0      0    0    0   0%    10M |   n/a   n/a   1    0      0    0    0   0%  81.9M    n/a  n/a
   1   4c |   7 1.0   15   8.8M   90  236  72%    10M |  99.9   n/a   1   27  1.82M    8   11  57%  81.9M    n/a  n/a
   1   4d |   7 1.0   15   8.5M   93  256  73%    10M |  99.9   n/a   1   27  1.13M    5   10  66%  81.9M    n/a  n/a
   1   4e |   7 1.0   14   8.8M  100  241  70%    10M |  99.9   n/a   1   27  1.83M    8    8  50%  81.9M    n/a  n/a
   1   4f |   7 1.0   15   8.7M   88  256  74%    10M |  99.9   n/a   1   27  2.25M   10   10  50%  81.9M    n/a  n/a
   1   50 |   7 1.0   14   8.5M   96  268  73%    10M |  99.9   n/a   1   27  2.47M   11    9  45%  81.9M    n/a  n/a
   1   51 |   7 1.0   15   8.5M   86  281  76%    10M |  99.9   n/a   1   27  2.03M    9    9  50%  81.9M    n/a  n/a
   1   52 |   7 1.0    0      0    0    0   0%    10M |   n/a   n/a   1    0      0    0    0   0%  81.9M    n/a  n/a
   1   53 |   7 1.0   15   8.8M   97  304  75%    10M |  99.9   n/a   1   27  2.51M   11    9  45%  81.9M    n/a  n/a

          |--------------------DL---------------------|-------------------------------UL-----------------------------
 pci rnti | cqi  ri  mcs  brate   ok  nok  (%)  dl_bs | pusch  rsrp  ri  mcs  brate   ok  nok  (%)    bsr     ta  phr
   2   54 |   7 1.0   19   8.7M  194  550  73%    10M |  99.9   n/a   1   27  1.63M   21   17  44%  81.9M    n/a  n/a
   2   55 |   7 1.0   18   8.8M  192  498  72%    10M |  99.9   n/a   1   27  1.37M   18   22  55%  81.9M    n/a  n/a
   2   56 |   7 1.0   19   8.6M  185  551  74%    10M |  99.9   n/a   1   27  1.59M   19   18  48%  81.9M    n/a  n/a
   2   57 |   7 1.0   19   8.9M  194  526  73%    10M |  99.9   n/a   1   27  1.51M   19   20  51%  81.9M    n/a  n/a
   2   58 |   7 1.0   19   8.4M  185  539  74%    10M |  99.9   n/a   1   27  1.65M   20   19  48%  81.9M    n/a  n/a
   2   59 |   7 1.0   19   8.7M  195  492  71%    10M |  99.9   n/a   1   27  1.54M   19   22  53%  81.9M    n/a  n/a
   2   5a |   7 1.0   19   8.7M  200  552  73%    10M |  99.9   n/a   1   27  1.00M   13   23  63%  81.9M    n/a  n/a
   2   5b |   7 1.0   19   8.8M  180  546  75%    10M |  99.9   n/a   1   27  1.37M   17   22  56%  81.9M    n/a  n/a
   3   5c |   7 1.0   15    11M  105  291  73%    10M |  99.9   n/a   1   27  1.26M    5   17  77%  81.9M    n/a  n/a
   3   5d |   7 1.0   15    10M  104  317  75%    10M |  99.9   n/a   1   27  2.78M   11   11  50%  81.9M    n/a  n/a
   3   5e |   7 1.0   15    12M  105  265  71%    10M |  99.9   n/a   1   27  2.52M   10   13  56%  81.9M    n/a  n/a
   3   5f |   7 1.0   15    11M  100  278  73%    10M |  99.9   n/a   1   27  2.53M   10   14  58%  81.9M    n/a  n/a
   3   60 |   7 1.0   15    10M   96  303  75%    10M |  99.9   n/a   1   27  1.77M    7   10  58%  81.9M    n/a  n/a
   3   61 |   7 1.0   15    11M   98  288  74%    10M |  99.9   n/a   1   27  1.78M    7    7  50%  81.9M    n/a  n/a
   3   62 |   7 1.0    0      0    0    0   0%    10M |   n/a   n/a   1    0      0    0    0   0%  81.9M    n/a  n/a
   3   63 |   7 1.0    0      0    0    0   0%    10M |   n/a   n/a   1    0      0    0    0   0%  81.9M    n/a  n/a
   0   44 |   7 1.0   16    11M   90  418  82%    10M |  99.9   n/a   1   27  1.51M    6   16  72%  81.9M    n/a  n/a
   0   45 |   7 1.0   16    12M   98  396  80%    10M |  99.9   n/a   1   27  1.77M    7   16  69%  81.9M    n/a  n/a
   0   46 |   7 1.0   16    12M  110  374  77%    10M |  99.9   n/a   1   27  1.52M    6   16  72%  81.9M    n/a  n/a
   0   47 |   7 1.0   16    12M   98  361  78%    10M |  99.9   n/a   1   27  1.78M    7   14  66%  81.9M    n/a  n/a
   0   48 |   7 1.0    0      0    0    0   0%    10M |   n/a   n/a   1    0      0    0    0   0%  81.9M    n/a  n/a
   0   49 |   7 1.0   16    12M  100  358  78%    10M |  99.9   n/a   1   27  1.27M    5   16  76%  81.9M    n/a  n/a
   0   4a |   7 1.0    0      0    0    0   0%    10M |   n/a   n/a   1    0      0    0    0   0%  81.9M    n/a  n/a
   0   4b |   7 1.0    0      0    0    0   0%    10M |   n/a   n/a   1    0      0    0    0   0%  81.9M    n/a  n/a
   1   4c |   7 1.0   15   7.9M   85  258  75%    10M |  99.9   n/a   1   27   459k    2   14  87%  81.9M    n/a  n/a
   1   4d |   7 1.0   15   7.7M   83  299  78%    10M |  99.9   n/a   1   27  1.57M    7   12  63%  81.9M    n/a  n/a
   1   4e |   7 1.0   14   7.1M   74  257  77%    10M |  99.9   n/a   1   27  1.84M    8   14  63%  81.9M    n/a  n/a
   1   4f |   7 1.0   15   7.7M   91  291  76%    10M |  99.9   n/a   1   27  1.37M    6   13  68%  81.9M    n/a  n/a
   1   50 |   7 1.0   15   7.4M   73  276  79%    10M |  99.9   n/a   1   27  1.14M    5    9  64%  81.9M    n/a  n/a
   1   51 |   7 1.0   15   7.7M   70  232  76%    10M |  99.9   n/a   1   27  1.82M    8    8  50%  81.9M    n/a  n/a
   1   52 |   7 1.0    0      0    0    0   0%    10M |   n/a   n/a   1    0      0    0    0   0%  81.9M    n/a  n/a
   1   53 |   7 1.0   15   7.6M   83  267  76%    10M |  99.9   n/a   1   27   217k    1    7  87%  81.9M    n/a  n/a
   2   54 |   7 1.0   19   7.3M  170  617  78%    10M |  99.9   n/a   1   27   826k   11   16  59%  81.9M    n/a  n/a
   2   55 |   7 1.0   19   7.1M  147  580  79%    10M |  99.9   n/a   1   27  1.29M   16   14  46%  81.9M    n/a  n/a
   2   56 |   7 1.0   19   7.3M  162  611  79%    10M |  99.9   n/a   1   27   725k   10   17  62%  81.9M    n/a  n/a
   2   57 |   7 1.0   19   7.3M  148  555  78%    10M |  99.9   n/a   1   27   816k   11   15  57%  81.9M    n/a  n/a
   2   58 |   7 1.0   19   6.9M  157  607  79%    10M |  99.9   n/a   1   27  1.32M   18   17  48%  81.9M    n/a  n/a
   2   59 |   7 1.0   19   7.2M  154  564  78%    10M |  99.9   n/a   1   27  1.02M   14   16  53%  81.9M    n/a  n/a
   2   5a |   7 1.0   19   7.3M  170  608  78%    10M |  99.9   n/a   1   27   870k   11   13  54%  81.9M    n/a  n/a
   2   5b |   7 1.0   19   7.2M  157  541  77%    10M |  99.9   n/a   1   27   463k    5   19  79%  81.9M    n/a  n/a
   3   5c |   7 1.0   15   8.2M   94  335  78%    10M |  99.9   n/a   1   27   500k    2   11  84%  81.9M    n/a  n/a
   3   5d |   7 1.0   15   7.9M   86  341  79%    10M |  99.9   n/a   1   27   250k    1   13  92%  81.9M    n/a  n/a
   3   5e |   7 1.0   15   7.8M   90  277  75%    10M |  99.9   n/a   1   27   508k    2   12  85%  81.9M    n/a  n/a
   3   5f |   7 1.0   15   8.0M   86  314  78%    10M |  99.9   n/a   1   27   250k    1   15  93%  81.9M    n/a  n/a
   3   60 |   7 1.0   15   7.6M   75  336  81%    10M |  99.9   n/a   1   27   767k    3   13  81%  81.9M    n/a  n/a
   3   61 |   7 1.0   15   8.0M   97  320  76%    10M |   n/a   n/a   1   27      0    0   15 100%  81.9M    n/a  n/a
   3   62 |   7 1.0    0      0    0    0   0%    10M |   n/a   n/a   1    0      0    0    0   0%  81.9M    n/a  n/a
   3   63 |   7 1.0    0      0    0    0   0%    10M |   n/a   n/a   1    0      0    0    0   0%  81.9M    n/a  n/a
   0   44 |   7 1.0   16    10M   84  437  83%    10M |  99.9   n/a   1   27  1.02M    4   16  80%  81.9M    n/a  n/a
   0   45 |   7 1.0   16    10M   89  446  83%    10M |  99.9   n/a   1   27   512k    2   16  88%  81.9M    n/a  n/a
   0   46 |   7 1.0   16    10M   83  452  84%    10M |  99.9   n/a   1   27  1.26M    5   16  76%  81.9M    n/a  n/a
   0   47 |   7 1.0   16    10M   96  457  82%    10M |  99.9   n/a   1   27  1.26M    5   16  76%  81.9M    n/a  n/a
   0   48 |   7 1.0    0      0    0    0   0%    10M |   n/a   n/a   1    0      0    0    0   0%  81.9M    n/a  n/a
   0   49 |   7 1.0   16   9.9M   81  425  83%    10M |  99.9   n/a   1   27   754k    3   15  83%  81.9M    n/a  n/a
   0   4a |   7 1.0    0      0    0    0   0%    10M |   n/a   n/a   1    0      0    0    0   0%  81.9M    n/a  n/a
   0   4b |   7 1.0    0      0    0    0   0%    10M |   n/a   n/a   1    0      0    0    0   0%  81.9M    n/a  n/a
   1   4c |   7 1.0   15   9.1M  102  265  72%    10M |  99.9   n/a   1   27  1.14M    5    8  61%  81.9M    n/a  n/a
   1   4d |   7 1.0   15   8.4M   80  272  77%    10M |  99.9   n/a   1   27  2.02M    9   10  52%  81.9M    n/a  n/a
   1   4e |   7 1.0   15   8.9M   92  267  74%    10M |  99.9   n/a   1   27  1.82M    8   10  55%  81.9M    n/a  n/a
   1   4f |   7 1.0   15   8.4M   96  298  75%    10M |  99.9   n/a   1   27  1.57M    7    7  50%  81.9M    n/a  n/a
   1   50 |   7 1.0   15   8.4M   81  285  77%    10M |  99.9   n/a   1   27  1.81M    8   10  55%  81.9M    n/a  n/a
   1   51 |   7 1.0   15   8.5M   82  285  77%    10M |  99.9   n/a   1   27  1.36M    6   11  64%  81.9M    n/a  n/a
   1   52 |   7 1.0    0      0    0    0   0%    10M |   n/a   n/a   1    0      0    0    0   0%  81.9M    n/a  n/a
   1   53 |   7 1.0   15   8.6M   85  276  76%    10M |  99.9   n/a   1   27  1.14M    5    7  58%  81.9M    n/a  n/a
   2   54 |   7 1.0   19   8.3M  192  586  75%    10M |  99.9   n/a   1   27  1.19M   14   20  58%  81.9M    n/a  n/a
   2   55 |   7 1.0   19   8.1M  180  505  73%    10M |  99.9   n/a   1   27  1.51M   19   22  53%  81.9M    n/a  n/a
   2   56 |   7 1.0   19   8.5M  184  496  72%    10M |  99.9   n/a   1   27   820k   11   23  67%  81.9M    n/a  n/a
   2   57 |   7 1.0   19   7.8M  164  536  76%    10M |  99.9   n/a   1   27   987k   13   23  63%  81.9M    n/a  n/a
   2   58 |   7 1.0   19   8.4M  184  530  74%    10M |  99.9   n/a   1   27   708k   10   20  66%  81.9M    n/a  n/a
   2   59 |   7 1.0   19   8.1M  164  563  77%    10M |  99.9   n/a   1   27  1.30M   18   23  56%  81.9M    n/a  n/a
   2   5a |   7 1.0   19   8.5M  191  554  74%    10M |  99.9   n/a   1   27  1.53M   20   22  52%  81.9M    n/a  n/a
   2   5b |   7 1.0   19   8.1M  178  512  74%    10M |  99.9   n/a   1   27  1.14M   15   21  58%  81.9M    n/a  n/a
   3   5c |   7 1.0   16   8.8M   81  309  79%    10M |   n/a   n/a   1   27      0    0   11 100%  81.9M    n/a  n/a
   3   5d |   7 1.0   15   8.6M   86  323  78%    10M |  99.9   n/a   1   27  1.52M    6   14  70%  81.9M    n/a  n/a
   3   5e |   7 1.0   16   8.4M   78  282  78%    10M |  99.9   n/a   1   27   754k    3    8  72%  81.9M    n/a  n/a
   3   5f |   7 1.0   16   8.4M   82  314  79%    10M |  99.9   n/a   1   27  1.25M    5   13  72%  81.9M    n/a  n/a
   3   60 |   7 1.0   16   9.0M   84  285  77%    10M |  99.9   n/a   1   27  1.28M    5   11  68%  81.9M    n/a  n/a
   3   61 |   7 1.0   16   9.4M   90  289  76%    10M |  99.9   n/a   1   27  1.02M    4   15  78%  81.9M    n/a  n/a
   3   62 |   7 1.0    0      0    0    0   0%    10M |   n/a   n/a   1    0      0    0    0   0%  81.9M    n/a  n/a
   3   63 |   7 1.0    0      0    0    0   0%    10M |   n/a   n/a   1    0      0    0    0   0%  81.9M    n/a  n/a
   0   44 |   7 1.0   16    15M  118  369  75%    10M |  99.9   n/a   1   27  1.77M    7   16  69%  81.9M    n/a  n/a
   0   45 |   7 1.0   16    14M  115  373  76%    10M |  99.9   n/a   1   27  2.53M   10   16  61%  81.9M    n/a  n/a
   0   46 |   7 1.0   16    14M  109  332  75%    10M |  99.9   n/a   1   27  1.28M    5   16  76%  81.9M    n/a  n/a
   0   47 |   7 1.0   17    14M  107  363  77%    10M |  99.9   n/a   1   27  3.04M   12   16  57%  81.9M    n/a  n/a
   0   48 |   7 1.0    0      0    0    0   0%    10M |   n/a   n/a   1    0      0    0    0   0%  81.9M    n/a  n/a
   0   49 |   7 1.0   16    15M  117  358  75%    10M |  99.9   n/a   1   27  1.77M    7   17  70%  81.9M    n/a  n/a
   0   4a |   7 1.0    0      0    0    0   0%    10M |   n/a   n/a   1    0      0    0    0   0%  81.9M    n/a  n/a
   0   4b |   7 1.0    0      0    0    0   0%    10M |   n/a   n/a   1    0      0    0    0   0%  81.9M    n/a  n/a

          |--------------------DL---------------------|-------------------------------UL-----------------------------
 pci rnti | cqi  ri  mcs  brate   ok  nok  (%)  dl_bs | pusch  rsrp  ri  mcs  brate   ok  nok  (%)    bsr     ta  phr
   1   4c |   7 1.0   15   7.3M   77  288  78%    10M |  99.9   n/a   1   27   906k    4   12  75%  81.9M    n/a  n/a
   1   4d |   7 1.0   15   6.8M   78  327  80%    10M |  99.9   n/a   1   27   684k    3   12  80%  81.9M    n/a  n/a
   1   4e |   7 1.0   15   7.7M   78  278  78%    10M |  99.9   n/a   1   27   225k    1   10  90%  81.9M    n/a  n/a
   1   4f |   7 1.0   15   7.1M   83  313  79%    10M |  99.9   n/a   1   27   451k    2   17  89%  81.9M    n/a  n/a
   1   50 |   7 1.0   15   7.1M   72  303  80%    10M |  99.9   n/a   1   27   455k    2   11  84%  81.9M    n/a  n/a
   1   51 |   7 1.0   15   7.2M   74  319  81%    10M |  99.9   n/a   1   27  1.12M    5   13  72%  81.9M    n/a  n/a
   1   52 |   7 1.0    0      0    0    0   0%    10M |   n/a   n/a   1    0      0    0    0   0%  81.9M    n/a  n/a
   1   53 |   7 1.0   15   7.0M   79  316  80%    10M |  99.9   n/a   1   27  2.04M    9   14  60%  81.9M    n/a  n/a
   2   54 |   7 1.0   19   7.9M  173  562  76%    10M |  99.9   n/a   1   27  1.06M   15   20  57%  81.9M    n/a  n/a
   2   55 |   7 1.0   19   7.4M  164  548  76%    10M |  99.9   n/a   1   27   857k   12   22  64%  81.9M    n/a  n/a
   2   56 |   7 1.0   19   7.4M  170  553  76%    10M |  99.9   n/a   1   27  1.16M   15   22  59%  81.9M    n/a  n/a
   2   57 |   7 1.0   19   7.4M  158  543  77%    10M |  99.9   n/a   1   27  1.25M   14   23  62%  81.9M    n/a  n/a
   2   58 |   7 1.0   19   7.5M  160  623  79%    10M |  99.9   n/a   1   27   790k   10   22  68%  81.9M    n/a  n/a
   2   59 |   7 1.0   19   7.5M  161  555  77%    10M |  99.9   n/a   1   27   684k    8   20  71%  81.9M    n/a  n/a
   2   5a |   7 1.0   19   7.6M  174  632  78%    10M |  99.9   n/a   1   27   670k    8   24  75%  81.9M    n/a  n/a
   2   5b |   7 1.0   19   7.5M  158  556  77%    10M |  99.9   n/a   1   27  1.15M   14   21  60%  81.9M    n/a  n/a
   3   5c |   7 1.0   16    13M  106  278  72%    10M |  99.9   n/a   1   27  2.55M   10   16  61%  81.9M    n/a  n/a
   3   5d |   7 1.0   16    13M  101  275  73%    10M |  99.9   n/a   1   27  2.29M    9   14  60%  81.9M    n/a  n/a
   3   5e |   7 1.0   16    14M  115  276  70%    10M |  99.9   n/a   1   27  1.76M    7    9  56%  81.9M    n/a  n/a
   3   5f |   7 1.0   16    14M  115  260  69%    10M |  99.9   n/a   1   27  3.03M   12    9  42%  81.9M    n/a  n/a
   3   60 |   7 1.0   16    13M  110  261  70%    10M |  99.9   n/a   1   27  3.54M   14   13  48%  81.9M    n/a  n/a
   3   61 |   7 1.0   16    14M  114  280  71%    10M |  99.9   n/a   1   27  2.28M    9   14  60%  81.9M    n/a  n/a
   3   62 |   7 1.0    0      0    0    0   0%    10M |   n/a   n/a   1    0      0    0    0   0%  81.9M    n/a  n/a
   3   63 |   7 1.0    0      0    0    0   0%    10M |   n/a   n/a   1    0      0    0    0   0%  81.9M    n/a  n/a
   0   44 |   7 1.0   17    13M  100  362  78%    10M |  99.9   n/a   1   27  1.77M    7   16  69%  81.9M    n/a  n/a
   0   45 |   7 1.0   17    13M  104  384  78%    10M |  99.9   n/a   1   27   758k    3   16  84%  81.9M    n/a  n/a
   0   46 |   7 1.0   17    13M  107  444  80%    10M |  99.9   n/a   1   27  1.00M    4   16  80%  81.9M    n/a  n/a
   0   47 |   7 1.0   17    12M  101  424  80%    10M |  99.9   n/a   1   27  2.27M    9   15  62%  81.9M    n/a  n/a
   0   48 |   7 1.0    0      0    0    0   0%    10M |   n/a   n/a   1    0      0    0    0   0%  81.9M    n/a  n/a
   0   49 |   7 1.0   17    13M  102  397  79%    10M |  99.9   n/a   1   27  1.26M    5   16  76%  81.9M    n/a  n/a
   0   4a |   7 1.0    0      0    0    0   0%    10M |   n/a   n/a   1    0      0    0    0   0%  81.9M    n/a  n/a
   0   4b |   7 1.0    0      0    0    0   0%    10M |   n/a   n/a   1    0      0    0    0   0%  81.9M    n/a  n/a
   1   4c |   7 1.0   15   7.4M   81  287  77%    10M |  99.9   n/a   1   27  1.35M    6   13  68%  81.9M    n/a  n/a
   1   4d |   7 1.0   15   8.1M   85  217  71%    10M |  99.9   n/a   1   27  1.14M    5   12  70%  81.9M    n/a  n/a
   1   4e |   7 1.0   15   7.4M   80  262  76%    10M |  99.9   n/a   1   27   447k    2   10  83%  81.9M    n/a  n/a
   1   4f |   7 1.0   15   7.9M   83  254  75%    10M |  99.9   n/a   1   27  1.61M    7   11  61%  81.9M    n/a  n/a
   1   50 |   7 1.0   15   7.0M   76  259  77%    10M |  99.9   n/a   1   27  1.36M    6   13  68%  81.9M    n/a  n/a
   1   51 |   7 1.0   15   8.0M   84  232  73%    10M |  99.9   n/a   1   27   234k    1   12  92%  81.9M    n/a  n/a
   1   52 |   7 1.0    0      0    0    0   0%    10M |   n/a   n/a   1    0      0    0    0   0%  81.9M    n/a  n/a
   1   53 |   7 1.0   15   8.1M   87  241  73%    10M |  99.9   n/a   1   27  1.81M    8   10  55%  81.9M    n/a  n/a
   2   54 |   7 1.0   19   7.5M  165  601  78%    10M |  99.9   n/a   1   27   909k   12   22  64%  81.9M    n/a  n/a
   2   55 |   7 1.0   19   7.4M  161  505  75%    10M |  99.9   n/a   1   27   937k   12   25  67%  81.9M    n/a  n/a
   2   56 |   7 1.0   19   7.6M  173  638  78%    10M |  99.9   n/a   1   27   987k   12   23  65%  81.9M    n/a  n/a
   2   57 |   7 1.0   19   7.4M  158  556  77%    10M |  99.9   n/a   1   27  1.08M   14   20  58%  81.9M    n/a  n/a
   2   58 |   7 1.0   19   7.5M  176  565  76%    10M |  99.9   n/a   1   27  1.21M   16   24  60%  81.9M    n/a  n/a
   2   59 |   7 1.0   19   7.2M  155  555  78%    10M |  99.9   n/a   1   27  1.33M   18   21  53%  81.9M    n/a  n/a
   2   5a |   7 1.0   19   7.6M  163  583  78%    10M |  99.9   n/a   1   27   787k   10   25  71%  81.9M    n/a  n/a
   2   5b |   7 1.0   19   7.4M  163  595  78%    10M |  99.9   n/a   1   27   832k   10   26  72%  81.9M    n/a  n/a
   3   5c |   7 1.0   16    13M  109  383  77%    10M |  99.9   n/a   1   27  2.28M    9    7  43%  81.9M    n/a  n/a
   3   5d |   7 1.0   16    13M  106  330  75%    10M |  99.9   n/a   1   27  1.26M    5   15  75%  81.9M    n/a  n/a
   3   5e |   7 1.0   16    13M  110  367  76%    10M |  99.9   n/a   1   27  1.52M    6   12  66%  81.9M    n/a  n/a
   3   5f |   7 1.0   16    13M  103  375  78%    10M |  99.9   n/a   1   27  1.53M    6   14  70%  81.9M    n/a  n/a
   3   60 |   7 1.0   16    14M  106  380  78%    10M |  99.9   n/a   1   27  2.53M   10   13  56%  81.9M    n/a  n/a
   3   61 |   7 1.0   16    12M   99  333  77%    10M |  99.9   n/a   1   27  3.79M   15   14  48%  81.9M    n/a  n/a
   3   62 |   7 1.0    0      0    0    0   0%    10M |   n/a   n/a   1    0      0    0    0   0%  81.9M    n/a  n/a
   3   63 |   7 1.0    0      0    0    0   0%    10M |   n/a   n/a   1    0      0    0    0   0%  81.9M    n/a  n/a
   0   44 |   7 1.0   17    15M  116  294  71%    10M |  99.9   n/a   1   27  2.54M   10   12  54%  81.9M    n/a  n/a
   0   45 |   7 1.0   17    14M  106  374  77%    10M |  99.9   n/a   1   27  1.77M    7   12  63%  81.9M    n/a  n/a
   0   46 |   7 1.0   17    14M  113  346  75%    10M |  99.9   n/a   1   27  1.52M    6   16  72%  81.9M    n/a  n/a
   0   47 |   7 1.0   17    15M  119  369  75%    10M |  99.9   n/a   1   27  1.77M    7   13  65%  81.9M    n/a  n/a
   0   48 |   7 1.0    0      0    0    0   0%    10M |   n/a   n/a   1    0      0    0    0   0%  81.9M    n/a  n/a
   0   49 |   7 1.0   17    14M  114  330  74%    10M |  99.9   n/a   1   27  1.51M    6   12  66%  81.9M    n/a  n/a
   0   4a |   7 1.0    0      0    0    0   0%    10M |   n/a   n/a   1    0      0    0    0   0%  81.9M    n/a  n/a
   0   4b |   7 1.0    0      0    0    0   0%    10M |   n/a   n/a   1    0      0    0    0   0%  81.9M    n/a  n/a
   1   4c |   7 1.0   15   7.9M   81  239  74%    10M |  99.9   n/a   1   27   668k    3    7  70%  81.9M    n/a  n/a
   1   4d |   7 1.0   15   8.0M   76  311  80%    10M |  99.9   n/a   1   27  2.26M   10   13  56%  81.9M    n/a  n/a
   1   4e |   7 1.0   15   7.5M   71  301  80%    10M |  99.9   n/a   1   27   689k    3    6  66%  81.9M    n/a  n/a
   1   4f |   7 1.0   15   8.0M   82  289  77%    10M |   n/a   n/a   1   27      0    0   13 100%  81.9M    n/a  n/a
   1   50 |   7 1.0   15   7.7M   83  310  78%    10M |  99.9   n/a   1   27  1.14M    5   11  68%  81.9M    n/a  n/a
   1   51 |   7 1.0   15   7.6M   80  265  76%    10M |  99.9   n/a   1   27   467k    2   10  83%  81.9M    n/a  n/a
   1   52 |   7 1.0    0      0    0    0   0%    10M |   n/a   n/a   1    0      0    0    0   0%  81.9M    n/a  n/a
   1   53 |   7 1.0   15   7.8M   78  285  78%    10M |  99.9   n/a   1   27  2.04M    9    8  47%  81.9M    n/a  n/a
   2   54 |   7 1.0   19   7.0M  162  719  81%    10M |  99.9   n/a   1   27  1.01M   14   20  58%  81.9M    n/a  n/a
   2   55 |   7 1.0   19   7.0M  156  558  78%    10M |  99.9   n/a   1   27   592k    8   25  75%  81.9M    n/a  n/a
   2   56 |   7 1.0   19   7.1M  157  672  81%    10M |  99.9   n/a   1   27   926k   12   22  64%  81.9M    n/a  n/a
   2   57 |   7 1.0   19   7.1M  152  561  78%    10M |  99.9   n/a   1   27  1.06M   13   20  60%  81.9M    n/a  n/a
   2   58 |   7 1.0   19   7.1M  158  601  79%    10M |  99.9   n/a   1   27   607k    8   24  75%  81.9M    n/a  n/a
   2   59 |   7 1.0   19   7.0M  153  538  77%    10M |  99.9   n/a   1   27   858k   10   23  69%  81.9M    n/a  n/a
   2   5a |   7 1.0   19   7.1M  155  582  78%    10M |  99.9   n/a   1   27   627k    8   24  75%  81.9M    n/a  n/a
   2   5b |   7 1.0   19   7.1M  147  590  80%    10M |  99.9   n/a   1   27   962k   12   21  63%  81.9M    n/a  n/a
   3   5c |   7 1.0   16    11M   88  441  83%    10M |  99.9   n/a   1   27   766k    3   15  83%  81.9M    n/a  n/a
   3   5d |   7 1.0   16    11M   88  398  81%    10M |  99.9   n/a   1   27  2.29M    9   12  57%  81.9M    n/a  n/a
   3   5e |   7 1.0   16    11M   92  409  81%    10M |  99.9   n/a   1   27  1.27M    5   12  70%  81.9M    n/a  n/a
   3   5f |   7 1.0   16    11M   92  394  81%    10M |  99.9   n/a   1   27  1.75M    7   14  66%  81.9M    n/a  n/a
   3   60 |   7 1.0   16    11M   90  455  83%    10M |  99.9   n/a   1   27  1.50M    6   14  70%  81.9M    n/a  n/a
   3   61 |   7 1.0   16    11M   87  474  84%    10M |  99.9   n/a   1   27  2.29M    9   13  59%  81.9M    n/a  n/a
   3   62 |   7 1.0    0      0    0    0   0%    10M |   n/a   n/a   1    0      0    0    0   0%  81.9M    n/a  n/a
   3   63 |   7 1.0    0      0    0    0   0%    10M |   n/a   n/a   1    0      0    0    0   0%  81.9M    n/a  n/a

          |--------------------DL---------------------|-------------------------------UL-----------------------------
 pci rnti | cqi  ri  mcs  brate   ok  nok  (%)  dl_bs | pusch  rsrp  ri  mcs  brate   ok  nok  (%)    bsr     ta  phr
   0   44 |   7 1.0   17    14M  107  325  75%    10M |  99.9   n/a   1   27  3.04M   12   16  57%  81.9M    n/a  n/a
   0   45 |   7 1.0   17    14M  114  309  73%    10M |  99.9   n/a   1   27  1.52M    6   18  75%  81.9M    n/a  n/a
   0   46 |   7 1.0   17    14M  114  350  75%    10M |  99.9   n/a   1   27   742k    3   16  84%  81.9M    n/a  n/a
   0   47 |   7 1.0   17    14M  107  282  72%    10M |  99.9   n/a   1   27  2.02M    8   16  66%  81.9M    n/a  n/a
   0   48 |   7 1.0    0      0    0    0   0%    10M |   n/a   n/a   1    0      0    0    0   0%  81.9M    n/a  n/a
   0   49 |   7 1.0   17    14M  117  340  74%    10M |  99.9   n/a   1   27  2.02M    8   16  66%  81.9M    n/a  n/a
   0   4a |   7 1.0    0      0    0    0   0%    10M |   n/a   n/a   1    0      0    0    0   0%  81.9M    n/a  n/a
   0   4b |   7 1.0    0      0    0    0   0%    10M |   n/a   n/a   1    0      0    0    0   0%  81.9M    n/a  n/a
   1   4c |   7 1.0   15   9.3M   83  273  76%    10M |  99.9   n/a   1   27  2.73M   12   11  47%  81.9M    n/a  n/a
   1   4d |   7 1.0   16   9.5M   89  287  76%    10M |  99.9   n/a   1   27  1.39M    6   11  64%  81.9M    n/a  n/a
   1   4e |   7 1.0   15   8.8M   87  277  76%    10M |  99.9   n/a   1   27  2.04M    9   12  57%  81.9M    n/a  n/a
   1   4f |   7 1.0   16   9.0M   80  311  79%    10M |  99.9   n/a   1   27  1.37M    6    8  57%  81.9M    n/a  n/a
   1   50 |   7 1.0   15   8.9M   91  318  77%    10M |  99.9   n/a   1   27  2.27M   10   12  54%  81.9M    n/a  n/a
   1   51 |   7 1.0   15   9.4M   90  291  76%    10M |  99.9   n/a   1   27  1.59M    7   11  61%  81.9M    n/a  n/a
   1   52 |   7 1.0    0      0    0    0   0%    10M |   n/a   n/a   1    0      0    0    0   0%  81.9M    n/a  n/a
   1   53 |   7 1.0   16   9.2M   85  310  78%    10M |  99.9   n/a   1   27  1.14M    5   13  72%  81.9M    n/a  n/a
   2   54 |   7 1.0   19   8.7M  204  517  71%    10M |  99.9   n/a   1   27  1.17M   15   22  59%  81.9M    n/a  n/a
   2   55 |   7 1.0   19   8.6M  176  509  74%    10M |  99.9   n/a   1   27  1.19M   16   24  60%  81.9M    n/a  n/a
   2   56 |   7 1.0   19   8.4M  193  570  74%    10M |  99.9   n/a   1   27  1.48M   19   20  51%  81.9M    n/a  n/a
   2   57 |   7 1.0   19   8.1M  177  529  74%    10M |  99.9   n/a   1   27  1.09M   15   22  59%  81.9M    n/a  n/a
   2   58 |   7 1.0   19   8.5M  197  559  73%    10M |  99.9   n/a   1   27   932k   12   24  66%  81.9M    n/a  n/a
   2   59 |   7 1.0   19   8.3M  183  534  74%    10M |  99.9   n/a   1   27  1.06M   15   27  64%  81.9M    n/a  n/a
   2   5a |   7 1.0   19   8.4M  189  556  74%    10M |  99.9   n/a   1   27  1.07M   15   24  61%  81.9M    n/a  n/a
   2   5b |   7 1.0   19   8.4M  179  539  75%    10M |  99.9   n/a   1   27  1.21M   16   24  60%  81.9M    n/a  n/a
   3   5c |   7 1.0   16   9.7M   85  422  83%    10M |  99.9   n/a   1   27  2.05M    8   15  65%  81.9M    n/a  n/a
   3   5d |   7 1.0   16   9.4M   76  474  86%    10M |  99.9   n/a   1   27  1.00M    4   13  76%  81.9M    n/a  n/a
   3   5e |   7 1.0   16   9.0M   75  475  86%    10M |  99.9   n/a   1   27   762k    3   13  81%  81.9M    n/a  n/a
   3   5f |   7 1.0   16   9.6M   82  479  85%    10M |  99.9   n/a   1   27  1.77M    7   12  63%  81.9M    n/a  n/a
   3   60 |   7 1.0   16   9.6M   78  492  86%    10M |  99.9   n/a   1   27   508k    2   13  86%  81.9M    n/a  n/a
   3   61 |   7 1.0   16   9.6M   73  476  86%    10M |  99.9   n/a   1   27  1.25M    5   14  73%  81.9M    n/a  n/a
   3   62 |   7 1.0    0      0    0    0   0%    10M |   n/a   n/a   1    0      0    0    0   0%  81.9M    n/a  n/a
   3   63 |   7 1.0    0      0    0    0   0%    10M |   n/a   n/a   1    0      0    0    0   0%  81.9M    n/a  n/a
   0   44 |   7 1.0   17    13M  110  359  76%    10M |  99.9   n/a   1   27  1.50M    6   15  71%  81.9M    n/a  n/a
   0   45 |   7 1.0   17    12M  109  382  77%    10M |  99.9   n/a   1   27  1.76M    7   14  66%  81.9M    n/a  n/a
   0   46 |   7 1.0   17    12M  108  357  76%    10M |  99.9   n/a   1   27  2.28M    9   12  57%  81.9M    n/a  n/a
   0   47 |   7 1.0   17    13M  115  364  75%    10M |  99.9   n/a   1   27   758k    3   16  84%  81.9M    n/a  n/a
   0   48 |   7 1.0    0      0    0    0   0%    10M |   n/a   n/a   1    0      0    0    0   0%  81.9M    n/a  n/a
   0   49 |   7 1.0   17    13M  109  376  77%    10M |  99.9   n/a   1   27  1.01M    4   16  80%  81.9M    n/a  n/a
   0   4a |   7 1.0    0      0    0    0   0%    10M |   n/a   n/a   1    0      0    0    0   0%  81.9M    n/a  n/a
   0   4b |   7 1.0    0      0    0    0   0%    10M |   n/a   n/a   1    0      0    0    0   0%  81.9M    n/a  n/a
   1   4c |   7 1.0   16   6.9M   60  297  83%    10M |  99.9   n/a   1   27  1.13M    5   11  68%  81.9M    n/a  n/a
   1   4d |   7 1.0   16   8.5M   76  281  78%    10M |  99.9   n/a   1   27  1.15M    5   11  68%  81.9M    n/a  n/a
   1   4e |   7 1.0   15   7.2M   74  342  82%    10M |  99.9   n/a   1   27  1.59M    7   10  58%  81.9M    n/a  n/a
   1   4f |   7 1.0   16   8.0M   82  294  78%    10M |  99.9   n/a   1   27  1.14M    5   11  68%  81.9M    n/a  n/a
   1   50 |   7 1.0   15   8.1M   84  282  77%    10M |  99.9   n/a   1   27   676k    3   14  82%  81.9M    n/a  n/a
   1   51 |   7 1.0   16   8.2M   86  271  75%    10M |  99.9   n/a   1   27   451k    2    9  81%  81.9M    n/a  n/a
   1   52 |   7 1.0    0      0    0    0   0%    10M |   n/a   n/a   1    0      0    0    0   0%  81.9M    n/a  n/a
   1   53 |   7 1.0   16   7.6M   86  296  77%    10M |  99.9   n/a   1   27  1.82M    8   12  60%  81.9M    n/a  n/a
   2   54 |   7 1.0   19   8.8M  193  536  73%    10M |  99.9   n/a   1   27  1.12M   15   19  55%  81.9M    n/a  n/a
   2   55 |   7 1.0   19   8.5M  183  495  73%    10M |  99.9   n/a   1   27  1.33M   17   17  50%  81.9M    n/a  n/a
   2   56 |   7 1.0   19   8.9M  201  554  73%    10M |  99.9   n/a   1   27  1.11M   16   20  55%  81.9M    n/a  n/a
   2   57 |   7 1.0   19   8.6M  176  490  73%    10M |  99.9   n/a   1   27  1.22M   16   19  54%  81.9M    n/a  n/a
   2   58 |   7 1.0   19   8.5M  195  549  73%    10M |  99.9   n/a   1   27  1.04M   14   16  53%  81.9M    n/a  n/a
   2   59 |   7 1.0   19   8.7M  180  502  73%    10M |  99.9   n/a   1   27  1.21M   15   20  57%  81.9M    n/a  n/a
   2   5a |   7 1.0   19   8.7M  200  601  75%    10M |  99.9   n/a   1   27   931k   12   20  62%  81.9M    n/a  n/a
   2   5b |   7 1.0   19   8.7M  173  519  75%    10M |  99.9   n/a   1   27   995k   14   19  57%  81.9M    n/a  n/a
   3   5c |   7 1.0   16    11M   96  419  81%    10M |  99.9   n/a   1   27  1.26M    5   13  72%  81.9M    n/a  n/a
   3   5d |   7 1.0   16    10M   78  444  85%    10M |  99.9   n/a   1   27  1.02M    4   15  78%  81.9M    n/a  n/a
   3   5e |   7 1.0   16    10M   81  427  84%    10M |  99.9   n/a   1   27  1.01M    4   13  76%  81.9M    n/a  n/a
   3   5f |   7 1.0   16    11M   89  379  80%    10M |  99.9   n/a   1   27  1.78M    7   13  65%  81.9M    n/a  n/a
   3   60 |   7 1.0   16    11M   86  432  83%    10M |  99.9   n/a   1   27  1.00M    4   13  76%  81.9M    n/a  n/a
   3   61 |   7 1.0   16    10M   79  392  83%    10M |  99.9   n/a   1   27  1.52M    6   13  68%  81.9M    n/a  n/a
   3   62 |   7 1.0    0      0    0    0   0%    10M |   n/a   n/a   1    0      0    0    0   0%  81.9M    n/a  n/a
   3   63 |   7 1.0    0      0    0    0   0%    10M |   n/a   n/a   1    0      0    0    0   0%  81.9M    n/a  n/a
   0   44 |   7 1.0   17    11M   98  300  75%    10M |  99.9   n/a   1   27  2.00M    8   13  61%  81.9M    n/a  n/a
   0   45 |   7 1.0   17    12M  104  420  80%    10M |  99.9   n/a   1   27  1.50M    6   16  72%  81.9M    n/a  n/a
   0   46 |   7 1.0   17    10M   85  379  81%    10M |  99.9   n/a   1   27  1.52M    6   12  66%  81.9M    n/a  n/a
   0   47 |   7 1.0   18    12M  115  379  76%    10M |  99.9   n/a   1   27  1.02M    4   16  80%  81.9M    n/a  n/a
   0   48 |   7 1.0    0      0    0    0   0%    10M |   n/a   n/a   1    0      0    0    0   0%  81.9M    n/a  n/a
   0   49 |   7 1.0   17    12M   96  343  78%    10M |  99.9   n/a   1   27  1.00M    4   16  80%  81.9M    n/a  n/a
   0   4a |   7 1.0    0      0    0    0   0%    10M |   n/a   n/a   1    0      0    0    0   0%  81.9M    n/a  n/a
   0   4b |   7 1.0    0      0    0    0   0%    10M |   n/a   n/a   1    0      0    0    0   0%  81.9M    n/a  n/a
   1   4c |   7 1.0   16   7.0M   67  301  81%    10M |   n/a   n/a   1   27      0    0    4 100%  81.9M    n/a  n/a
   1   4d |   7 1.0   16   7.5M   70  324  82%    10M |  99.9   n/a   1   27  1.12M    5    8  61%  81.9M    n/a  n/a
   1   4e |   7 1.0   16   7.4M   77  283  78%    10M |  99.9   n/a   1   27   230k    1    9  90%  81.9M    n/a  n/a
   1   4f |   7 1.0   16   7.3M   72  261  78%    10M |  99.9   n/a   1   27  1.55M    7   11  61%  81.9M    n/a  n/a
   1   50 |   7 1.0   16   6.9M   65  305  82%    10M |  99.9   n/a   1   27  2.05M    9   10  52%  81.9M    n/a  n/a
   1   51 |   7 1.0   16   7.1M   71  310  81%    10M |  99.9   n/a   1   27   217k    1   14  93%  81.9M    n/a  n/a
   1   52 |   7 1.0    0      0    0    0   0%    10M |   n/a   n/a   1    0      0    0    0   0%  81.9M    n/a  n/a
   1   53 |   7 1.0   16   7.0M   72  327  81%    10M |  99.9   n/a   1   27   459k    2    6  75%  81.9M    n/a  n/a
   2   54 |   7 1.0   19   6.4M  144  676  82%    10M |  99.9   n/a   1   27  1.24M   16   24  60%  81.9M    n/a  n/a
   2   55 |   7 1.0   19   6.1M  131  597  82%    10M |  99.9   n/a   1   27   881k   10   22  68%  81.9M    n/a  n/a
   2   56 |   7 1.0   19   6.0M  136  650  82%    10M |  99.9   n/a   1   27   687k   10   24  70%  81.9M    n/a  n/a
   2   57 |   7 1.0   19   6.1M  134  587  81%    10M |  99.9   n/a   1   27   597k    7   23  76%  81.9M    n/a  n/a
   2   58 |   7 1.0   19   6.6M  135  664  83%    10M |  99.9   n/a   1   27   682k    9   26  74%  81.9M    n/a  n/a
   2   59 |   7 1.0   19   6.0M  131  578  81%    10M |  99.9   n/a   1   27   461k    6   25  80%  81.9M    n/a  n/a
   2   5a |   7 1.0   19   6.4M  148  678  82%    10M |  99.9   n/a   1   27  1.10M   14   19  57%  81.9M    n/a  n/a
   2   5b |   7 1.0   19   5.9M  119  539  81%    10M |  99.9   n/a   1   27   892k   11   24  68%  81.9M    n/a  n/a

          |--------------------DL---------------------|-------------------------------UL-----------------------------
 pci rnti | cqi  ri  mcs  brate   ok  nok  (%)  dl_bs | pusch  rsrp  ri  mcs  brate   ok  nok  (%)    bsr     ta  phr
   3   5c |   7 1.0   17    13M   98  388  79%    10M |  99.9   n/a   1   27  2.28M    9   11  55%  81.9M    n/a  n/a
   3   5d |   7 1.0   16    13M   94  412  81%    10M |  99.9   n/a   1   27  2.77M   11    9  45%  81.9M    n/a  n/a
   3   5e |   7 1.0   17    13M   96  384  80%    10M |  99.9   n/a   1   27  2.55M   10    9  47%  81.9M    n/a  n/a
   3   5f |   7 1.0   17    13M   97  415  81%    10M |  99.9   n/a   1   27  2.04M    8    9  52%  81.9M    n/a  n/a
   3   60 |   7 1.0   17    13M   99  407  80%    10M |  99.9   n/a   1   27  2.54M   10   11  52%  81.9M    n/a  n/a
   3   61 |   7 1.0   17    13M   97  366  79%    10M |  99.9   n/a   1   27  1.28M    5   11  68%  81.9M    n/a  n/a
   3   62 |   7 1.0    0      0    0    0   0%    10M |   n/a   n/a   1    0      0    0    0   0%  81.9M    n/a  n/a
   3   63 |   7 1.0    0      0    0    0   0%    10M |   n/a   n/a   1    0      0    0    0   0%  81.9M    n/a  n/a
   0   44 |   7 1.0   18    12M  102  290  73%    10M |  99.9   n/a   1   27  1.50M    6   16  72%  81.9M    n/a  n/a
   0   45 |   7 1.0   18    13M  100  323  76%    10M |  99.9   n/a   1   27   504k    2   12  85%  81.9M    n/a  n/a
   0   46 |   7 1.0   18    11M   96  354  78%    10M |  99.9   n/a   1   27  1.27M    5   16  76%  81.9M    n/a  n/a
   0   47 |   7 1.0   18    12M  110  346  75%    10M |  99.9   n/a   1   27   262k    1   12  92%  81.9M    n/a  n/a
   0   48 |   7 1.0    0      0    0    0   0%    10M |   n/a   n/a   1    0      0    0    0   0%  81.9M    n/a  n/a
   0   49 |   7 1.0   18    12M  100  349  77%    10M |  99.9   n/a   1   27  1.52M    6   12  66%  81.9M    n/a  n/a
   0   4a |   7 1.0    0      0    0    0   0%    10M |   n/a   n/a   1    0      0    0    0   0%  81.9M    n/a  n/a
   0   4b |   7 1.0    0      0    0    0   0%    10M |   n/a   n/a   1    0      0    0    0   0%  81.9M    n/a  n/a
   1   4c |   7 1.0   16   7.5M   76  373  83%    10M |  99.9   n/a   1   27   668k    3   10  76%  81.9M    n/a  n/a
   1   4d |   7 1.0   16   7.6M   68  419  86%    10M |  99.9   n/a   1   27  1.37M    6   12  66%  81.9M    n/a  n/a
   1   4e |   7 1.0   16   7.6M   75  405  84%    10M |  99.9   n/a   1   27   459k    2    9  81%  81.9M    n/a  n/a
   1   4f |   7 1.0   16   7.4M   69  369  84%    10M |  99.9   n/a   1   27  1.13M    5   11  68%  81.9M    n/a  n/a
   1   50 |   7 1.0   16   7.2M   70  376  84%    10M |  99.9   n/a   1   27  1.57M    7   13  65%  81.9M    n/a  n/a
   1   51 |   7 1.0   16   7.7M   73  396  84%    10M |  99.9   n/a   1   27   680k    3   12  80%  81.9M    n/a  n/a
   1   52 |   7 1.0    0      0    0    0   0%    10M |   n/a   n/a   1    0      0    0    0   0%  81.9M    n/a  n/a
   1   53 |   7 1.0   16   7.6M   71  363  83%    10M |  99.9   n/a   1   27  1.35M    6   11  64%  81.9M    n/a  n/a
   2   54 |   7 1.0   19   8.0M  177  594  77%    10M |  99.9   n/a   1   27  1.14M   15   17  53%  81.9M    n/a  n/a
   2   55 |   7 1.0   19   8.1M  174  534  75%    10M |  99.9   n/a   1   27   836k   11   20  64%  81.9M    n/a  n/a
   2   56 |   7 1.0   19   8.0M  181  589  76%    10M |  99.9   n/a   1   27  1.28M   16   16  50%  81.9M    n/a  n/a
   2   57 |   7 1.0   19   8.1M  176  593  77%    10M |  99.9   n/a   1   27   905k   12   18  60%  81.9M    n/a  n/a
   2   58 |   7 1.0   19   8.0M  176  550  75%    10M |  99.9   n/a   1   27  1.11M   13   15  53%  81.9M    n/a  n/a
   2   59 |   7 1.0   19   8.1M  182  552  75%    10M |  99.9   n/a   1   27  1.13M   14   16  53%  81.9M    n/a  n/a
   2   5a |   7 1.0   19   8.3M  180  567  75%    10M |  99.9   n/a   1   27   974k   13   17  56%  81.9M    n/a  n/a
   2   5b |   7 1.0   19   8.3M  177  541  75%    10M |  99.9   n/a   1   27  1.03M   14   17  54%  81.9M    n/a  n/a
   3   5c |   7 1.0   17    11M   82  444  84%    10M |  99.9   n/a   1   27  1.26M    5   12  70%  81.9M    n/a  n/a
   3   5d |   7 1.0   17    11M   79  477  85%    10M |  99.9   n/a   1   27  1.79M    7   13  65%  81.9M    n/a  n/a
   3   5e |   7 1.0   17    11M   77  455  85%    10M |  99.9   n/a   1   27  2.02M    8   17  68%  81.9M    n/a  n/a
   3   5f |   7 1.0   17    10M   78  452  85%    10M |  99.9   n/a   1   27  2.03M    8   13  61%  81.9M    n/a  n/a
   3   60 |   7 1.0   17    11M   78  463  85%    10M |  99.9   n/a   1   27   500k    2   13  86%  81.9M    n/a  n/a
   3   61 |   7 1.0   17    10M   75  437  85%    10M |  99.9   n/a   1   27  1.01M    4   12  75%  81.9M    n/a  n/a
   3   62 |   7 1.0    0      0    0    0   0%    10M |   n/a   n/a   1    0      0    0    0   0%  81.9M    n/a  n/a
   3   63 |   7 1.0    0      0    0    0   0%    10M |   n/a   n/a   1    0      0    0    0   0%  81.9M    n/a  n/a
   0   44 |   7 1.0   18    12M   96  317  76%    10M |  99.9   n/a   1   27  1.75M    7   16  69%  81.9M    n/a  n/a
   0   45 |   7 1.0   18    14M  111  324  74%    10M |  99.9   n/a   1   27  1.02M    4   16  80%  81.9M    n/a  n/a
   0   46 |   7 1.0   18    14M  102  282  73%    10M |  99.9   n/a   1   27  1.01M    4   16  80%  81.9M    n/a  n/a
   0   47 |   7 1.0   18    14M  110  311  73%    10M |  99.9   n/a   1   27   758k    3   16  84%  81.9M    n/a  n/a
   0   48 |   7 1.0    0      0    0    0   0%    10M |   n/a   n/a   1    0      0    0    0   0%  81.9M    n/a  n/a
   0   49 |   7 1.0   18    13M  113  348  75%    10M |  99.9   n/a   1   27  1.01M    4   16  80%  81.9M    n/a  n/a
   0   4a |   7 1.0    0      0    0    0   0%    10M |   n/a   n/a   1    0      0    0    0   0%  81.9M    n/a  n/a
   0   4b |   7 1.0    0      0    0    0   0%    10M |   n/a   n/a   1    0      0    0    0   0%  81.9M    n/a  n/a
   1   4c |   7 1.0   16   9.0M   80  378  82%    10M |  99.9   n/a   1   27  2.07M    9   10  52%  81.9M    n/a  n/a
   1   4d |   7 1.0   16   7.9M   67  365  84%    10M |  99.9   n/a   1   27  2.27M   10    9  47%  81.9M    n/a  n/a
   1   4e |   7 1.0   16   8.9M   83  359  81%    10M |  99.9   n/a   1   27  2.50M   11    9  45%  81.9M    n/a  n/a
   1   4f |   7 1.0   16   8.3M   74  381  83%    10M |  99.9   n/a   1   27  1.82M    8   11  57%  81.9M    n/a  n/a
   1   50 |   7 1.0   16   8.4M   74  405  84%    10M |  99.9   n/a   1   27  2.06M    9   11  55%  81.9M    n/a  n/a
   1   51 |   7 1.0   16   8.2M   68  385  84%    10M |  99.9   n/a   1   27  1.83M    8    9  52%  81.9M    n/a  n/a
   1   52 |   7 1.0    0      0    0    0   0%    10M |   n/a   n/a   1    0      0    0    0   0%  81.9M    n/a  n/a
   1   53 |   7 1.0   16   7.7M   67  389  85%    10M |  99.9   n/a   1   27  2.52M   11   11  50%  81.9M    n/a  n/a
   2   54 |   7 1.0   19   7.6M  172  586  77%    10M |  99.9   n/a   1   27   710k    9   19  67%  81.9M    n/a  n/a
   2   55 |   7 1.0   19   7.3M  154  561  78%    10M |  99.9   n/a   1   27   740k   10   22  68%  81.9M    n/a  n/a
   2   56 |   7 1.0   19   7.0M  155  584  79%    10M |  99.9   n/a   1   27   507k    8   21  72%  81.9M    n/a  n/a
   2   57 |   7 1.0   19   7.4M  151  574  79%    10M |  99.9   n/a   1   27   875k   11   20  64%  81.9M    n/a  n/a
   2   58 |   7 1.0   19   6.7M  152  568  78%    10M |  99.9   n/a   1   27   875k   12   24  66%  81.9M    n/a  n/a
   2   59 |   7 1.0   19   7.3M  155  498  76%    10M |  99.9   n/a   1   27   990k   13   25  65%  81.9M    n/a  n/a
   2   5a |   7 1.0   19   7.3M  161  591  78%    10M |  99.9   n/a   1   27   754k    9   23  71%  81.9M    n/a  n/a
   2   5b |   7 1.0   19   7.5M  163  560  77%    10M |  99.9   n/a   1   27   670k    8   21  72%  81.9M    n/a  n/a
   3   5c |   7 1.0   17    13M   94  408  81%    10M |  99.9   n/a   1   27  1.77M    7   15  68%  81.9M    n/a  n/a
   3   5d |   7 1.0   17    12M   97  411  80%    10M |  99.9   n/a   1   27  1.76M    7   12  63%  81.9M    n/a  n/a
   3   5e |   7 1.0   17    13M   99  402  80%    10M |  99.9   n/a   1   27  2.28M    9   12  57%  81.9M    n/a  n/a
   3   5f |   7 1.0   17    13M   95  427  81%    10M |  99.9   n/a   1   27  1.54M    6   14  70%  81.9M    n/a  n/a
   3   60 |   7 1.0   17    13M   99  405  80%    10M |  99.9   n/a   1   27  1.76M    7   14  66%  81.9M    n/a  n/a
   3   61 |   7 1.0   17    13M   92  397  81%    10M |  99.9   n/a   1   27  1.50M    6   13  68%  81.9M    n/a  n/a
   3   62 |   7 1.0    0      0    0    0   0%    10M |   n/a   n/a   1    0      0    0    0   0%  81.9M    n/a  n/a
   3   63 |   7 1.0    0      0    0    0   0%    10M |   n/a   n/a   1    0      0    0    0   0%  81.9M    n/a  n/a
   0   44 |   7 1.0   18    12M   98  389  79%    10M |  99.9   n/a   1   27  1.52M    6   12  66%  81.9M    n/a  n/a
   0   45 |   7 1.0   18    12M  102  365  78%    10M |  99.9   n/a   1   27  1.01M    4   16  80%  81.9M    n/a  n/a
   0   46 |   7 1.0   18    12M  104  341  76%    10M |  99.9   n/a   1   27   508k    2   16  88%  81.9M    n/a  n/a
   0   47 |   7 1.0   18    13M  116  354  75%    10M |  99.9   n/a   1   27  1.53M    6   16  72%  81.9M    n/a  n/a
   0   48 |   7 1.0    0      0    0    0   0%    10M |   n/a   n/a   1    0      0    0    0   0%  81.9M    n/a  n/a
   0   49 |   7 1.0   18    12M  104  333  76%    10M |  99.9   n/a   1   27  1.01M    4   16  80%  81.9M    n/a  n/a
   0   4a |   7 1.0    0      0    0    0   0%    10M |   n/a   n/a   1    0      0    0    0   0%  81.9M    n/a  n/a
   0   4b |   7 1.0    0      0    0    0   0%    10M |   n/a   n/a   1    0      0    0    0   0%  81.9M    n/a  n/a
   1   4c |   7 1.0   16   7.2M   64  413  86%    10M |  99.9   n/a   1   27   451k    2   13  86%  81.9M    n/a  n/a
   1   4d |   7 1.0   16   7.0M   61  410  87%    10M |  99.9   n/a   1   27  1.37M    6   13  68%  81.9M    n/a  n/a
   1   4e |   7 1.0   16   7.5M   67  406  85%    10M |  99.9   n/a   1   27   225k    1   11  91%  81.9M    n/a  n/a
   1   4f |   7 1.0   16   7.6M   73  401  84%    10M |  99.9   n/a   1   27  1.12M    5   13  72%  81.9M    n/a  n/a
   1   50 |   7 1.0   16   7.6M   65  401  86%    10M |  99.9   n/a   1   27   685k    3   11  78%  81.9M    n/a  n/a
   1   51 |   7 1.0   16   7.0M   63  379  85%    10M |  99.9   n/a   1   27   668k    3   11  78%  81.9M    n/a  n/a
   1   52 |   7 1.0    0      0    0    0   0%    10M |   n/a   n/a   1    0      0    0    0   0%  81.9M    n/a  n/a
   1   53 |   7 1.0   16   7.2M   66  440  86%    10M |  99.9   n/a   1   27   680k    3    8  72%  81.9M    n/a  n/a

          |--------------------DL---------------------|-------------------------------UL-----------------------------
 pci rnti | cqi  ri  mcs  brate   ok  nok  (%)  dl_bs | pusch  rsrp  ri  mcs  brate   ok  nok  (%)    bsr     ta  phr
   2   54 |   7 1.0   19   7.4M  175  613  77%    10M |  99.9   n/a   1   27   815k   11   21  65%  81.9M    n/a  n/a
   2   55 |   7 1.0   19   7.3M  155  514  76%    10M |  99.9   n/a   1   27   891k   11   22  66%  81.9M    n/a  n/a
   2   56 |   7 1.0   19   7.7M  174  580  76%    10M |  99.9   n/a   1   27   839k   11   25  69%  81.9M    n/a  n/a
   2   57 |   7 1.0   19   7.4M  154  548  78%    10M |  99.9   n/a   1   27   844k   11   21  65%  81.9M    n/a  n/a
   2   58 |   7 1.0   19   7.3M  166  666  80%    10M |  99.9   n/a   1   27   790k   10   25  71%  81.9M    n/a  n/a
   2   59 |   7 1.0   19   7.6M  155  532  77%    10M |  99.9   n/a   1   27   521k    7   22  75%  81.9M    n/a  n/a
   2   5a |   7 1.0   19   7.2M  160  655  80%    10M |  99.9   n/a   1   27  1.00M   14   22  61%  81.9M    n/a  n/a
   2   5b |   7 1.0   19   7.5M  163  599  78%    10M |  99.9   n/a   1   27   764k   10   24  70%  81.9M    n/a  n/a
   3   5c |   7 1.0   17    13M   99  329  76%    10M |  99.9   n/a   1   27  2.02M    8   10  55%  81.9M    n/a  n/a
   3   5d |   7 1.0   17    13M  100  407  80%    10M |  99.9   n/a   1   27  1.27M    5   10  66%  81.9M    n/a  n/a
   3   5e |   7 1.0   17    13M   95  370  79%    10M |  99.9   n/a   1   27  2.28M    9   10  52%  81.9M    n/a  n/a
   3   5f |   7 1.0   17    13M   98  409  80%    10M |  99.9   n/a   1   27  2.01M    8   10  55%  81.9M    n/a  n/a
   3   60 |   7 1.0   17    13M   93  428  82%    10M |  99.9   n/a   1   27  1.00M    4   11  73%  81.9M    n/a  n/a
   3   61 |   7 1.0   17    13M   92  351  79%    10M |  99.9   n/a   1   27  1.76M    7   10  58%  81.9M    n/a  n/a
   3   62 |   7 1.0    0      0    0    0   0%    10M |   n/a   n/a   1    0      0    0    0   0%  81.9M    n/a  n/a
   3   63 |   7 1.0    0      0    0    0   0%    10M |   n/a   n/a   1    0      0    0    0   0%  81.9M    n/a  n/a
   0   44 |   7 1.0   18    11M   88  423  82%    10M |  99.9   n/a   1   27  1.77M    7   16  69%  81.9M    n/a  n/a
   0   45 |   7 1.0   18    11M   96  406  80%    10M |  99.9   n/a   1   27   254k    1   16  94%  81.9M    n/a  n/a
   0   46 |   7 1.0   18    11M   90  377  80%    10M |  99.9   n/a   1   27   500k    2   16  88%  81.9M    n/a  n/a
   0   47 |   7 1.0   18    12M   98  411  80%    10M |  99.9   n/a   1   27   250k    1   16  94%  81.9M    n/a  n/a
   0   48 |   7 1.0    0      0    0    0   0%    10M |   n/a   n/a   1    0      0    0    0   0%  81.9M    n/a  n/a
   0   49 |   7 1.0   18    11M   95  438  82%    10M |  99.9   n/a   1   27  1.01M    4   16  80%  81.9M    n/a  n/a
   0   4a |   7 1.0    0      0    0    0   0%    10M |   n/a   n/a   1    0      0    0    0   0%  81.9M    n/a  n/a
   0   4b |   7 1.0    0      0    0    0   0%    10M |   n/a   n/a   1    0      0    0    0   0%  81.9M    n/a  n/a
   1   4c |   7 1.0   16   7.6M   76  398  83%    10M |   n/a   n/a   1   27      0    0    9 100%  81.9M    n/a  n/a
   1   4d |   7 1.0   16   8.0M   75  371  83%    10M |  99.9   n/a   1   27   672k    3    9  75%  81.9M    n/a  n/a
   1   4e |   7 1.0   16   7.8M   69  382  84%    10M |  99.9   n/a   1   27   221k    1   11  91%  81.9M    n/a  n/a
   1   4f |   7 1.0   16   7.5M   70  416  85%    10M |  99.9   n/a   1   27   676k    3   10  76%  81.9M    n/a  n/a
   1   50 |   7 1.0   16   7.4M   65  426  86%    10M |  99.9   n/a   1   27  1.11M    5    9  64%  81.9M    n/a  n/a
   1   51 |   7 1.0   16   7.2M   70  462  86%    10M |  99.9   n/a   1   27   902k    4    9  69%  81.9M    n/a  n/a
   1   52 |   7 1.0    0      0    0    0   0%    10M |   n/a   n/a   1    0      0    0    0   0%  81.9M    n/a  n/a
   1   53 |   7 1.0   16   7.4M   67  414  86%    10M |  99.9   n/a   1   27   701k    3    8  72%  81.9M    n/a  n/a
   2   54 |   7 1.0   19   5.6M  118  706  85%    10M |  99.9   n/a   1   27   611k    7   22  75%  81.9M    n/a  n/a
   2   55 |   7 1.0   19   5.5M  118  654  84%    10M |  99.9   n/a   1   27   846k   10   19  65%  81.9M    n/a  n/a
   2   56 |   7 1.0   19   5.5M  129  610  82%    10M |  99.9   n/a   1   27   738k    9   19  67%  81.9M    n/a  n/a
   2   57 |   7 1.0   19   5.4M  113  627  84%    10M |  99.9   n/a   1   27   557k    8   23  74%  81.9M    n/a  n/a
   2   58 |   7 1.0   19   5.4M  121  664  84%    10M |  99.9   n/a   1   27   656k    9   21  70%  81.9M    n/a  n/a
   2   59 |   7 1.0   19   5.5M  132  643  82%    10M |  99.9   n/a   1   27   586k    8   25  75%  81.9M    n/a  n/a
   2   5a |   7 1.0   19   5.5M  129  710  84%    10M |  99.9   n/a   1   27   704k    9   21  70%  81.9M    n/a  n/a
   2   5b |   7 1.0   19   5.4M  112  656  85%    10M |  99.9   n/a   1   27   713k    9   21  70%  81.9M    n/a  n/a
   3   5c |   7 1.0   17    12M  100  436  81%    10M |  99.9   n/a   1   27  1.53M    6   12  66%  81.9M    n/a  n/a
   3   5d |   7 1.0   17    12M   96  408  80%    10M |  99.9   n/a   1   27  2.27M    9   14  60%  81.9M    n/a  n/a
   3   5e |   7 1.0   17    12M  101  464  82%    10M |  99.9   n/a   1   27  1.77M    7   14  66%  81.9M    n/a  n/a
   3   5f |   7 1.0   17    12M   95  418  81%    10M |  99.9   n/a   1   27  1.52M    6   12  66%  81.9M    n/a  n/a
   3   60 |   7 1.0   17    13M   93  427  82%    10M |  99.9   n/a   1   27  2.03M    8   14  63%  81.9M    n/a  n/a
   3   61 |   7 1.0   17    12M   97  477  83%    10M |  99.9   n/a   1   27  2.55M   10   13  56%  81.9M    n/a  n/a
   3   62 |   7 1.0    0      0    0    0   0%    10M |   n/a   n/a   1    0      0    0    0   0%  81.9M    n/a  n/a
   3   63 |   7 1.0    0      0    0    0   0%    10M |   n/a   n/a   1    0      0    0    0   0%  81.9M    n/a  n/a
   0   44 |   7 1.0   18    14M  102  345  77%    10M |  99.9   n/a   1   27  1.25M    5   16  76%  81.9M    n/a  n/a
   0   45 |   7 1.0   18    14M  103  365  77%    10M |  99.9   n/a   1   27   750k    3   13  81%  81.9M    n/a  n/a
   0   46 |   7 1.0   18    13M   91  341  78%    10M |  99.9   n/a   1   27   758k    3   12  80%  81.9M    n/a  n/a
   0   47 |   7 1.0   19    15M  105  410  79%    10M |  99.9   n/a   1   27  1.52M    6   12  66%  81.9M    n/a  n/a
   0   48 |   7 1.0    0      0    0    0   0%    10M |   n/a   n/a   1    0      0    0    0   0%  81.9M    n/a  n/a
   0   49 |   7 1.0   18    15M  110  357  76%    10M |  99.9   n/a   1   27  1.51M    6   12  66%  81.9M    n/a  n/a
   0   4a |   7 1.0    0      0    0    0   0%    10M |   n/a   n/a   1    0      0    0    0   0%  81.9M    n/a  n/a
   0   4b |   7 1.0    0      0    0    0   0%    10M |   n/a   n/a   1    0      0    0    0   0%  81.9M    n/a  n/a
   1   4c |   7 1.0   16   8.5M   74  395  84%    10M |  99.9   n/a   1   27   459k    2   10  83%  81.9M    n/a  n/a
   1   4d |   7 1.0   17   8.8M   75  342  82%    10M |  99.9   n/a   1   27  1.59M    7   11  61%  81.9M    n/a  n/a
   1   4e |   7 1.0   16   8.9M   79  393  83%    10M |  99.9   n/a   1   27   922k    4   11  73%  81.9M    n/a  n/a
   1   4f |   7 1.0   16   8.8M   78  373  82%    10M |  99.9   n/a   1   27  1.56M    7   11  61%  81.9M    n/a  n/a
   1   50 |   7 1.0   16   8.6M   83  389  82%    10M |  99.9   n/a   1   27  1.59M    7   12  63%  81.9M    n/a  n/a
   1   51 |   7 1.0   16   8.9M   82  351  81%    10M |  99.9   n/a   1   27  1.34M    6   12  66%  81.9M    n/a  n/a
   1   52 |   7 1.0    0      0    0    0   0%    10M |   n/a   n/a   1    0      0    0    0   0%  81.9M    n/a  n/a
   1   53 |   7 1.0   16   8.8M   76  381  83%    10M |  99.9   n/a   1   27   898k    4    8  66%  81.9M    n/a  n/a
   2   54 |   7 1.0   19   7.9M  176  614  77%    10M |  99.9   n/a   1   27  1.18M   14   22  61%  81.9M    n/a  n/a
   2   55 |   7 1.0   19   7.9M  168  566  77%    10M |  99.9   n/a   1   27   798k   12   21  63%  81.9M    n/a  n/a
   2   56 |   7 1.0   19   7.9M  185  577  75%    10M |  99.9   n/a   1   27  1.21M   16   21  56%  81.9M    n/a  n/a
   2   57 |   7 1.0   19   8.0M  170  489  74%    10M |  99.9   n/a   1   27   916k   11   25  69%  81.9M    n/a  n/a
   2   58 |   7 1.0   19   8.5M  194  609  75%    10M |  99.9   n/a   1   27   815k   10   25  71%  81.9M    n/a  n/a
   2   59 |   7 1.0   19   8.0M  173  506  74%    10M |  99.9   n/a   1   27  1.13M   16   20  55%  81.9M    n/a  n/a
   2   5a |   7 1.0   19   8.1M  175  630  78%    10M |  99.9   n/a   1   27  1.03M   13   21  61%  81.9M    n/a  n/a
   2   5b |   7 1.0   19   8.2M  169  538  76%    10M |  99.9   n/a   1   27  1.03M   14   24  63%  81.9M    n/a  n/a
   3   5c |   7 1.0   17   9.5M   72  431  85%    10M |  99.9   n/a   1   27   500k    2   14  87%  81.9M    n/a  n/a
   3   5d |   7 1.0   17    10M   74  377  83%    10M |  99.9   n/a   1   27  1.27M    5   16  76%  81.9M    n/a  n/a
   3   5e |   7 1.0   17   9.1M   71  424  85%    10M |  99.9   n/a   1   27  1.52M    6   12  66%  81.9M    n/a  n/a
   3   5f |   7 1.0   17   9.7M   79  468  85%    10M |  99.9   n/a   1   27  1.26M    5   14  73%  81.9M    n/a  n/a
   3   60 |   7 1.0   17   9.5M   76  430  84%    10M |  99.9   n/a   1   27  1.01M    4   12  75%  81.9M    n/a  n/a
   3   61 |   7 1.0   17    10M   78  443  85%    10M |  99.9   n/a   1   27   508k    2   12  85%  81.9M    n/a  n/a
   3   62 |   7 1.0    0      0    0    0   0%    10M |   n/a   n/a   1    0      0    0    0   0%  81.9M    n/a  n/a
   3   63 |   7 1.0    0      0    0    0   0%    10M |   n/a   n/a   1    0      0    0    0   0%  81.9M    n/a  n/a
   0   44 |   7 1.0   18    15M  110  357  76%    10M |  99.9   n/a   1   27  1.01M    4   14  77%  81.9M    n/a  n/a
   0   45 |   7 1.0   19    14M  102  434  80%    10M |  99.9   n/a   1   27  1.77M    7   15  68%  81.9M    n/a  n/a
   0   46 |   7 1.0   19    14M  103  350  77%    10M |  99.9   n/a   1   27  1.02M    4   16  80%  81.9M    n/a  n/a
   0   47 |   7 1.0   19    14M   99  361  78%    10M |  99.9   n/a   1   27  1.52M    6   16  72%  81.9M    n/a  n/a
   0   48 |   7 1.0    0      0    0    0   0%    10M |   n/a   n/a   1    0      0    0    0   0%  81.9M    n/a  n/a
   0   49 |   7 1.0   19    14M  104  383  78%    10M |  99.9   n/a   1   27  1.53M    6   16  72%  81.9M    n/a  n/a
   0   4a |   7 1.0    0      0    0    0   0%    10M |   n/a   n/a   1    0      0    0    0   0%  81.9M    n/a  n/a
   0   4b |   7 1.0    0      0    0    0   0%    10M |   n/a   n/a   1    0      0    0    0   0%  81.9M    n/a  n/a

          |--------------------DL---------------------|-------------------------------UL-----------------------------
 pci rnti | cqi  ri  mcs  brate   ok  nok  (%)  dl_bs | pusch  rsrp  ri  mcs  brate   ok  nok  (%)    bsr     ta  phr
   1   4c |   7 1.0   17   6.7M   57  418  88%    10M |  99.9   n/a   1   27   451k    2   11  84%  81.9M    n/a  n/a
   1   4d |   7 1.0   17   6.5M   61  465  88%    10M |  99.9   n/a   1   27  1.13M    5   11  68%  81.9M    n/a  n/a
   1   4e |   7 1.0   16   5.8M   52  403  88%    10M |  99.9   n/a   1   27   902k    4   11  73%  81.9M    n/a  n/a
   1   4f |   7 1.0   17   6.9M   60  438  87%    10M |  99.9   n/a   1   27   676k    3   13  81%  81.9M    n/a  n/a
   1   50 |   7 1.0   16   6.4M   64  442  87%    10M |  99.9   n/a   1   27   467k    2   12  85%  81.9M    n/a  n/a
   1   51 |   7 1.0   17   6.8M   64  422  86%    10M |  99.9   n/a   1   27   680k    3   10  76%  81.9M    n/a  n/a
   1   52 |   7 1.0    0      0    0    0   0%    10M |   n/a   n/a   1    0      0    0    0   0%  81.9M    n/a  n/a
   1   53 |   7 1.0   17   6.7M   61  347  85%    10M |  99.9   n/a   1   27   680k    3   12  80%  81.9M    n/a  n/a
   2   54 |   7 1.0   19   9.1M  205  505  71%    10M |  99.9   n/a   1   27  1.31M   17   17  50%  81.9M    n/a  n/a
   2   55 |   7 1.0   19   8.4M  192  585  75%    10M |  99.9   n/a   1   27  1.03M   14   17  54%  81.9M    n/a  n/a
   2   56 |   7 1.0   19   9.1M  203  526  72%    10M |  99.9   n/a   1   27  1.22M   17   17  50%  81.9M    n/a  n/a
   2   57 |   7 1.0   19   8.4M  178  559  75%    10M |  99.9   n/a   1   27  1.28M   17   19  52%  81.9M    n/a  n/a
   2   58 |   7 1.0   19   8.6M  184  532  74%    10M |  99.9   n/a   1   27  1.37M   20   17  45%  81.9M    n/a  n/a
   2   59 |   7 1.0   19   8.6M  176  519  74%    10M |  99.9   n/a   1   27  1.01M   13   15  53%  81.9M    n/a  n/a
   2   5a |   7 1.0   19   9.1M  201  574  74%    10M |  99.9   n/a   1   27  1.29M   18   20  52%  81.9M    n/a  n/a
   2   5b |   7 1.0   19   8.7M  187  562  75%    10M |  99.9   n/a   1   27  1.17M   15   14  48%  81.9M    n/a  n/a
   3   5c |   7 1.0   18    14M   92  345  78%    10M |  99.9   n/a   1   27  1.77M    7   15  68%  81.9M    n/a  n/a
   3   5d |   7 1.0   17    13M   99  392  79%    10M |  99.9   n/a   1   27  1.51M    6   13  68%  81.9M    n/a  n/a
   3   5e |   7 1.0   18    14M  104  361  77%    10M |  99.9   n/a   1   27  1.28M    5   15  75%  81.9M    n/a  n/a
   3   5f |   7 1.0   18    14M   94  353  78%    10M |  99.9   n/a   1   27  2.02M    8   12  60%  81.9M    n/a  n/a
   3   60 |   7 1.0   18    14M   96  314  76%    10M |  99.9   n/a   1   27  2.77M   11    9  45%  81.9M    n/a  n/a
   3   61 |   7 1.0   18    14M  103  379  78%    10M |  99.9   n/a   1   27  1.77M    7   12  63%  81.9M    n/a  n/a
   3   62 |   7 1.0    0      0    0    0   0%    10M |   n/a   n/a   1    0      0    0    0   0%  81.9M    n/a  n/a
   3   63 |   7 1.0    0      0    0    0   0%    10M |   n/a   n/a   1    0      0    0    0   0%  81.9M    n/a  n/a
   0   44 |   7 1.0   19    11M   79  415  84%    10M |  99.9   n/a   1   27  1.51M    6   14  70%  81.9M    n/a  n/a
   0   45 |   7 1.0   19    12M   89  411  82%    10M |  99.9   n/a   1   27  1.27M    5   16  76%  81.9M    n/a  n/a
   0   46 |   7 1.0   19    12M   97  376  79%    10M |  99.9   n/a   1   27   771k    3   16  84%  81.9M    n/a  n/a
   0   47 |   7 1.0   19    12M   90  385  81%    10M |  99.9   n/a   1   27   750k    3   16  84%  81.9M    n/a  n/a
   0   48 |   7 1.0    0      0    0    0   0%    10M |   n/a   n/a   1    0      0    0    0   0%  81.9M    n/a  n/a
   0   49 |   7 1.0   19    11M   94  384  80%    10M |  99.9   n/a   1   27   250k    1   16  94%  81.9M    n/a  n/a
   0   4a |   7 1.0    0      0    0    0   0%    10M |   n/a   n/a   1    0      0    0    0   0%  81.9M    n/a  n/a
   0   4b |   7 1.0    0      0    0    0   0%    10M |   n/a   n/a   1    0      0    0    0   0%  81.9M    n/a  n/a
   1   4c |   7 1.0   17   7.7M   60  402  87%    10M |  99.9   n/a   1   27   668k    3    8  72%  81.9M    n/a  n/a
   1   4d |   7 1.0   17   7.7M   60  400  86%    10M |  99.9   n/a   1   27  1.14M    5    9  64%  81.9M    n/a  n/a
   1   4e |   7 1.0   16   7.6M   66  456  87%    10M |  99.9   n/a   1   27   234k    1   10  90%  81.9M    n/a  n/a
   1   4f |   7 1.0   17   7.5M   58  403  87%    10M |  99.9   n/a   1   27   893k    4   12  75%  81.9M    n/a  n/a
   1   50 |   7 1.0   16   7.9M   69  427  86%    10M |  99.9   n/a   1   27   680k    3   11  78%  81.9M    n/a  n/a
   1   51 |   7 1.0   17   7.9M   69  397  85%    10M |  99.9   n/a   1   27   225k    1   11  91%  81.9M    n/a  n/a
   1   52 |   7 1.0    0      0    0    0   0%    10M |   n/a   n/a   1    0      0    0    0   0%  81.9M    n/a  n/a
   1   53 |   7 1.0   17   7.8M   61  366  85%    10M |  99.9   n/a   1   27   685k    3    8  72%  81.9M    n/a  n/a
   2   54 |   7 1.0   19   6.1M  139  673  82%    10M |  99.9   n/a   1   27   485k    6   20  76%  81.9M    n/a  n/a
   2   55 |   7 1.0   19   5.9M  123  604  83%    10M |  99.9   n/a   1   27   747k    9   20  68%  81.9M    n/a  n/a
   2   56 |   7 1.0   19   5.8M  132  678  83%    10M |  99.9   n/a   1   27   713k    8   21  72%  81.9M    n/a  n/a
   2   57 |   7 1.0   19   5.7M  121  614  83%    10M |  99.9   n/a   1   27   574k    8   26  76%  81.9M    n/a  n/a
   2   58 |   7 1.0   19   6.1M  136  607  81%    10M |  99.9   n/a   1   27   788k   10   22  68%  81.9M    n/a  n/a
   2   59 |   7 1.0   19   5.6M  127  571  81%    10M |  99.9   n/a   1   27   348k    5   21  80%  81.9M    n/a  n/a
   2   5a |   7 1.0   19   5.8M  124  626  83%    10M |  99.9   n/a   1   27  1.02M   12   23  65%  81.9M    n/a  n/a
   2   5b |   7 1.0   19   6.2M  136  623  82%    10M |  99.9   n/a   1   27   703k    9   23  71%  81.9M    n/a  n/a
   3   5c |   7 1.0   18    14M   97  416  81%    10M |  99.9   n/a   1   27  2.03M    8   12  60%  81.9M    n/a  n/a
   3   5d |   7 1.0   18    14M  104  451  81%    10M |  99.9   n/a   1   27  2.27M    9   11  55%  81.9M    n/a  n/a
   3   5e |   7 1.0   18    14M   99  449  81%    10M |  99.9   n/a   1   27  1.01M    4    9  69%  81.9M    n/a  n/a
   3   5f |   7 1.0   18    14M   98  430  81%    10M |  99.9   n/a   1   27  1.53M    6   11  64%  81.9M    n/a  n/a
   3   60 |   7 1.0   18    14M  100  381  79%    10M |  99.9   n/a   1   27  2.02M    8   10  55%  81.9M    n/a  n/a
   3   61 |   7 1.0   18    14M  105  448  81%    10M |  99.9   n/a   1   27  2.77M   11   11  50%  81.9M    n/a  n/a
   3   62 |   7 1.0    0      0    0    0   0%    10M |   n/a   n/a   1    0      0    0    0   0%  81.9M    n/a  n/a
   3   63 |   7 1.0    0      0    0    0   0%    10M |   n/a   n/a   1    0      0    0    0   0%  81.9M    n/a  n/a
   0   44 |   7 1.0   19    13M  106  397  78%    10M |  99.9   n/a   1   27  1.27M    5   16  76%  81.9M    n/a  n/a
   0   45 |   7 1.0   19    13M   97  404  80%    10M |  99.9   n/a   1   27   246k    1   16  94%  81.9M    n/a  n/a
   0   46 |   7 1.0   19    13M   93  364  79%    10M |  99.9   n/a   1   27   500k    2   16  88%  81.9M    n/a  n/a
   0   47 |   7 1.0   19    13M   93  350  79%    10M |  99.9   n/a   1   27   250k    1   16  94%  81.9M    n/a  n/a
   0   48 |   7 1.0    0      0    0    0   0%    10M |   n/a   n/a   1    0      0    0    0   0%  81.9M    n/a  n/a
   0   49 |   7 1.0   19    13M  101  401  79%    10M |  99.9   n/a   1   27   500k    2   16  88%  81.9M    n/a  n/a
   0   4a |   7 1.0    0      0    0    0   0%    10M |   n/a   n/a   1    0      0    0    0   0%  81.9M    n/a  n/a
   0   4b |   7 1.0    0      0    0    0   0%    10M |   n/a   n/a   1    0      0    0    0   0%  81.9M    n/a  n/a
   1   4c |   7 1.0   17   8.1M   76  394  83%    10M |  99.9   n/a   1   27   680k    3   10  76%  81.9M    n/a  n/a
   1   4d |   7 1.0   17   8.6M   70  348  83%    10M |  99.9   n/a   1   27   685k    3   12  80%  81.9M    n/a  n/a
   1   4e |   7 1.0   17   8.0M   69  389  84%    10M |  99.9   n/a   1   27   672k    3   11  78%  81.9M    n/a  n/a
   1   4f |   7 1.0   17   7.8M   64  399  86%    10M |  99.9   n/a   1   27   906k    4   11  73%  81.9M    n/a  n/a
   1   50 |   7 1.0   17   8.1M   73  366  83%    10M |  99.9   n/a   1   27   881k    4   10  71%  81.9M    n/a  n/a
   1   51 |   7 1.0   17   8.0M   66  350  84%    10M |  99.9   n/a   1   27   225k    1   10  90%  81.9M    n/a  n/a
   1   52 |   7 1.0    0      0    0    0   0%    10M |   n/a   n/a   1    0      0    0    0   0%  81.9M    n/a  n/a
   1   53 |   7 1.0   17   7.9M   67  377  84%    10M |  99.9   n/a   1   27   451k    2   11  84%  81.9M    n/a  n/a
   2   54 |   7 1.0   19   5.9M  133  663  83%    10M |  99.9   n/a   1   27   225k    3   24  88%  81.9M    n/a  n/a
   2   55 |   7 1.0   19   5.6M  124  628  83%    10M |  99.9   n/a   1   27   299k    4   25  86%  81.9M    n/a  n/a
   2   56 |   7 1.0   19   5.5M  128  683  84%    10M |  99.9   n/a   1   27   248k    3   23  88%  81.9M    n/a  n/a
   2   57 |   7 1.0   19   5.3M  114  580  83%    10M |  99.9   n/a   1   27   371k    4   22  84%  81.9M    n/a  n/a
   2   58 |   7 1.0   19   5.9M  128  703  84%    10M |  99.9   n/a   1   27   228k    3   23  88%  81.9M    n/a  n/a
   2   59 |   7 1.0   19   5.3M  115  589  83%    10M |  99.9   n/a   1   27   166k    2   27  93%  81.9M    n/a  n/a
   2   5a |   7 1.0   19   5.6M  125  651  83%    10M |  99.9   n/a   1   27   238k    3   24  88%  81.9M    n/a  n/a
   2   5b |   7 1.0   19   5.5M  120  619  83%    10M |  99.9   n/a   1   27   227k    3   22  88%  81.9M    n/a  n/a
   3   5c |   7 1.0   18    14M  107  354  76%    10M |  99.9   n/a   1   27  2.02M    8   16  66%  81.9M    n/a  n/a
   3   5d |   7 1.0   18    14M  101  327  76%    10M |  99.9   n/a   1   27  1.79M    7   13  65%  81.9M    n/a  n/a
   3   5e |   7 1.0   18    14M  102  359  77%    10M |  99.9   n/a   1   27  2.04M    8   13  61%  81.9M    n/a  n/a
   3   5f |   7 1.0   18    14M  108  392  78%    10M |  99.9   n/a   1   27  2.55M   10   11  52%  81.9M    n/a  n/a
   3   60 |   7 1.0   18    14M   98  360  78%    10M |  99.9   n/a   1   27  2.00M    8   14  63%  81.9M    n/a  n/a
   3   61 |   7 1.0   18    14M  105  363  77%    10M |  99.9   n/a   1   27  1.50M    6   13  68%  81.9M    n/a  n/a
   3   62 |   7 1.0    0      0    0    0   0%    10M |   n/a   n/a   1    0      0    0    0   0%  81.9M    n/a  n/a
   3   63 |   7 1.0    0      0    0    0   0%    10M |   n/a   n/a   1    0      0    0    0   0%  81.9M    n/a  n/a

          |--------------------DL---------------------|-------------------------------UL-----------------------------
 pci rnti | cqi  ri  mcs  brate   ok  nok  (%)  dl_bs | pusch  rsrp  ri  mcs  brate   ok  nok  (%)    bsr     ta  phr
   0   44 |   7 1.0   19    16M  124  347  73%    10M |  99.9   n/a   1   27  1.77M    7   16  69%  81.9M    n/a  n/a
   0   45 |   7 1.0   19    14M  106  373  77%    10M |  99.9   n/a   1   27  1.77M    7   12  63%  81.9M    n/a  n/a
   0   46 |   7 1.0   19    15M  111  360  76%    10M |  99.9   n/a   1   27  1.78M    7   12  63%  81.9M    n/a  n/a
   0   47 |   7 1.0   19    16M  118  385  76%    10M |  99.9   n/a   1   27  1.52M    6   12  66%  81.9M    n/a  n/a
   0   48 |   7 1.0    0      0    0    0   0%    10M |   n/a   n/a   1    0      0    0    0   0%  81.9M    n/a  n/a
   0   49 |   7 1.0   19    16M  115  339  74%    10M |  99.9   n/a   1   27  1.52M    6   12  66%  81.9M    n/a  n/a
   0   4a |   7 1.0    0      0    0    0   0%    10M |   n/a   n/a   1    0      0    0    0   0%  81.9M    n/a  n/a
   0   4b |   7 1.0    0      0    0    0   0%    10M |   n/a   n/a   1    0      0    0    0   0%  81.9M    n/a  n/a
   1   4c |   7 1.0   17   8.3M   81  360  81%    10M |  99.9   n/a   1   27   668k    3   12  80%  81.9M    n/a  n/a
   1   4d |   7 1.0   17   8.0M   66  387  85%    10M |  99.9   n/a   1   27  1.16M    5   10  66%  81.9M    n/a  n/a
   1   4e |   7 1.0   17   7.9M   71  426  85%    10M |  99.9   n/a   1   27  1.35M    6   10  62%  81.9M    n/a  n/a
   1   4f |   7 1.0   17   8.0M   70  345  83%    10M |  99.9   n/a   1   27  1.35M    6   12  66%  81.9M    n/a  n/a
   1   50 |   7 1.0   17   8.1M   68  404  85%    10M |  99.9   n/a   1   27  1.59M    7   11  61%  81.9M    n/a  n/a
   1   51 |   7 1.0   17   8.2M   70  388  84%    10M |  99.9   n/a   1   27  1.12M    5   11  68%  81.9M    n/a  n/a
   1   52 |   7 1.0    0      0    0    0   0%    10M |   n/a   n/a   1    0      0    0    0   0%  81.9M    n/a  n/a
   1   53 |   7 1.0   17   8.0M   67  402  85%    10M |  99.9   n/a   1   27  1.13M    5   10  66%  81.9M    n/a  n/a
   2   54 |   7 1.0   19   7.5M  164  696  80%    10M |  99.9   n/a   1   27  1.09M   14   15  51%  81.9M    n/a  n/a
   2   55 |   7 1.0   19   7.7M  171  528  75%    10M |  99.9   n/a   1   27   950k   12   16  57%  81.9M    n/a  n/a
   2   56 |   7 1.0   19   8.0M  174  526  75%    10M |  99.9   n/a   1   27   898k   12   16  57%  81.9M    n/a  n/a
   2   57 |   7 1.0   19   7.9M  167  544  76%    10M |  99.9   n/a   1   27   873k   10   20  66%  81.9M    n/a  n/a
   2   58 |   7 1.0   19   7.9M  174  557  76%    10M |  99.9   n/a   1   27   769k    9   18  66%  81.9M    n/a  n/a
   2   59 |   7 1.0   19   7.9M  168  617  78%    10M |  99.9   n/a   1   27  1.13M   15   19  55%  81.9M    n/a  n/a
   2   5a |   7 1.0   19   8.1M  178  557  75%    10M |  99.9   n/a   1   27   879k   12   23  65%  81.9M    n/a  n/a
   2   5b |   7 1.0   19   7.9M  167  555  76%    10M |  99.9   n/a   1   27   907k   12   16  57%  81.9M    n/a  n/a
   3   5c |   7 1.0   18    11M   71  464  86%    10M |  99.9   n/a   1   27  2.29M    9   11  55%  81.9M    n/a  n/a
   3   5d |   7 1.0   18    11M   78  456  85%    10M |  99.9   n/a   1   27   762k    3   14  82%  81.9M    n/a  n/a
   3   5e |   7 1.0   18    11M   82  495  85%    10M |  99.9   n/a   1   27  2.02M    8   12  60%  81.9M    n/a  n/a
   3   5f |   7 1.0   18    11M   70  406  85%    10M |  99.9   n/a   1   27  1.27M    5   15  75%  81.9M    n/a  n/a
   3   60 |   7 1.0   18    10M   77  413  84%    10M |  99.9   n/a   1   27  2.03M    8   14  63%  81.9M    n/a  n/a
   3   61 |   7 1.0   18    11M   71  403  85%    10M |  99.9   n/a   1   27  1.27M    5   14  73%  81.9M    n/a  n/a
   3   62 |   7 1.0    0      0    0    0   0%    10M |   n/a   n/a   1    0      0    0    0   0%  81.9M    n/a  n/a
   3   63 |   7 1.0    0      0    0    0   0%    10M |   n/a   n/a   1    0      0    0    0   0%  81.9M    n/a  n/a
   0   44 |   7 1.0   19    12M   94  387  80%    10M |  99.9   n/a   1   27  1.76M    7   12  63%  81.9M    n/a  n/a
   0   45 |   7 1.0   19    13M  100  312  75%    10M |  99.9   n/a   1   27  1.27M    5   16  76%  81.9M    n/a  n/a
   0   46 |   7 1.0   19    13M  103  305  74%    10M |  99.9   n/a   1   27  2.52M   10   16  61%  81.9M    n/a  n/a
   0   47 |   7 1.0   19    13M   96  311  76%    10M |  99.9   n/a   1   27  1.02M    4   16  80%  81.9M    n/a  n/a
   0   48 |   7 1.0    0      0    0    0   0%    10M |   n/a   n/a   1    0      0    0    0   0%  81.9M    n/a  n/a
   0   49 |   7 1.0   19    15M  107  346  76%    10M |  99.9   n/a   1   27  1.02M    4   16  80%  81.9M    n/a  n/a
   0   4a |   7 1.0    0      0    0    0   0%    10M |   n/a   n/a   1    0      0    0    0   0%  81.9M    n/a  n/a
   0   4b |   7 1.0    0      0    0    0   0%    10M |   n/a   n/a   1    0      0    0    0   0%  81.9M    n/a  n/a
   1   4c |   7 1.0   17   8.6M   71  416  85%    10M |  99.9   n/a   1   27  1.12M    5   12  70%  81.9M    n/a  n/a
   1   4d |   7 1.0   17   8.5M   66  382  85%    10M |  99.9   n/a   1   27   901k    4   12  75%  81.9M    n/a  n/a
   1   4e |   7 1.0   17   8.5M   65  411  86%    10M |  99.9   n/a   1   27   918k    4    9  69%  81.9M    n/a  n/a
   1   4f |   7 1.0   17   8.4M   70  406  85%    10M |  99.9   n/a   1   27   225k    1   11  91%  81.9M    n/a  n/a
   1   50 |   7 1.0   17   8.1M   66  407  86%    10M |  99.9   n/a   1   27   926k    4   13  76%  81.9M    n/a  n/a
   1   51 |   7 1.0   17   8.5M   70  419  85%    10M |  99.9   n/a   1   27  1.12M    5   11  68%  81.9M    n/a  n/a
   1   52 |   7 1.0    0      0    0    0   0%    10M |   n/a   n/a   1    0      0    0    0   0%  81.9M    n/a  n/a
   1   53 |   7 1.0   17   8.4M   72  384  84%    10M |  99.9   n/a   1   27  1.13M    5   11  68%  81.9M    n/a  n/a
   2   54 |   7 1.0   19   6.3M  154  624  80%    10M |  99.9   n/a   1   27   795k   10   20  66%  81.9M    n/a  n/a
   2   55 |   7 1.0   19   6.3M  133  581  81%    10M |  99.9   n/a   1   27   298k    4   22  84%  81.9M    n/a  n/a
   2   56 |   7 1.0   19   6.5M  152  648  81%    10M |  99.9   n/a   1   27   646k   10   22  68%  81.9M    n/a  n/a
   2   57 |   7 1.0   19   6.5M  138  594  81%    10M |  99.9   n/a   1   27   495k    7   23  76%  81.9M    n/a  n/a
   2   58 |   7 1.0   19   6.4M  141  683  82%    10M |  99.9   n/a   1   27   728k   10   23  69%  81.9M    n/a  n/a
   2   59 |   7 1.0   19   6.4M  136  590  81%    10M |  99.9   n/a   1   27  1.02M   13   22  62%  81.9M    n/a  n/a
   2   5a |   7 1.0   19   6.2M  148  700  82%    10M |  99.9   n/a   1   27   700k   10   24  70%  81.9M    n/a  n/a
   2   5b |   7 1.0   19   6.3M  138  590  81%    10M |  99.9   n/a   1   27   221k    3   23  88%  81.9M    n/a  n/a
   3   5c |   7 1.0   18    11M   84  437  83%    10M |  99.9   n/a   1   27   508k    2   10  83%  81.9M    n/a  n/a
   3   5d |   7 1.0   18    12M   82  429  83%    10M |  99.9   n/a   1   27  1.51M    6   10  62%  81.9M    n/a  n/a
   3   5e |   7 1.0   18    12M   82  368  81%    10M |  99.9   n/a   1   27  1.00M    4   10  71%  81.9M    n/a  n/a
   3   5f |   7 1.0   18    12M   84  409  82%    10M |  99.9   n/a   1   27  1.50M    6   11  64%  81.9M    n/a  n/a
   3   60 |   7 1.0   18    11M   82  435  84%    10M |  99.9   n/a   1   27   516k    2    9  81%  81.9M    n/a  n/a
   3   61 |   7 1.0   18    11M   77  407  84%    10M |  99.9   n/a   1   27  1.01M    4   10  71%  81.9M    n/a  n/a
   3   62 |   7 1.0    0      0    0    0   0%    10M |   n/a   n/a   1    0      0    0    0   0%  81.9M    n/a  n/a
   3   63 |   7 1.0    0      0    0    0   0%    10M |   n/a   n/a   1    0      0    0    0   0%  81.9M    n/a  n/a
   0   44 |   7 1.0   19    13M  110  318  74%    10M |  99.9   n/a   1   27  1.01M    4   16  80%  81.9M    n/a  n/a
   0   45 |   7 1.0   19    13M  107  369  77%    10M |  99.9   n/a   1   27   512k    2   15  88%  81.9M    n/a  n/a
   0   46 |   7 1.0   19    10M   77  399  83%    10M |  99.9   n/a   1   27  2.00M    8   12  60%  81.9M    n/a  n/a
   0   47 |   7 1.0   19    13M  102  327  76%    10M |  99.9   n/a   1   27   504k    2   15  88%  81.9M    n/a  n/a
   0   48 |   7 1.0    0      0    0    0   0%    10M |   n/a   n/a   1    0      0    0    0   0%  81.9M    n/a  n/a
   0   49 |   7 1.0   19    13M  102  340  76%    10M |  99.9   n/a   1   27  1.03M    4   16  80%  81.9M    n/a  n/a
   0   4a |   7 1.0    0      0    0    0   0%    10M |   n/a   n/a   1    0      0    0    0   0%  81.9M    n/a  n/a
   0   4b |   7 1.0    0      0    0    0   0%    10M |   n/a   n/a   1    0      0    0    0   0%  81.9M    n/a  n/a
   1   4c |   7 1.0   17   8.9M   77  367  82%    10M |  99.9   n/a   1   27  1.35M    6    9  60%  81.9M    n/a  n/a
   1   4d |   7 1.0   17   8.9M   73  408  84%    10M |  99.9   n/a   1   27   672k    3    9  75%  81.9M    n/a  n/a
   1   4e |   7 1.0   17   8.7M   75  374  83%    10M |  99.9   n/a   1   27  1.11M    5   11  68%  81.9M    n/a  n/a
   1   4f |   7 1.0   17   8.6M   73  391  84%    10M |  99.9   n/a   1   27  1.16M    5    9  64%  81.9M    n/a  n/a
   1   50 |   7 1.0   17   8.9M   74  400  84%    10M |  99.9   n/a   1   27   455k    2    7  77%  81.9M    n/a  n/a
   1   51 |   7 1.0   17   8.7M   76  398  83%    10M |  99.9   n/a   1   27  1.36M    6    7  53%  81.9M    n/a  n/a
   1   52 |   7 1.0    0      0    0    0   0%    10M |   n/a   n/a   1    0      0    0    0   0%  81.9M    n/a  n/a
   1   53 |   7 1.0   17   9.0M   69  389  84%    10M |  99.9   n/a   1   27  1.14M    5    9  64%  81.9M    n/a  n/a
   2   54 |   7 1.0   19   8.4M  182  447  71%    10M |  99.9   n/a   1   27  1.74M   23   20  46%  81.9M    n/a  n/a
   2   55 |   7 1.0   19   7.2M  151  576  79%    10M |  99.9   n/a   1   27  2.14M   26   18  40%  81.9M    n/a  n/a
   2   56 |   7 1.0   19   8.1M  184  514  73%    10M |  99.9   n/a   1   27  1.83M   22   20  47%  81.9M    n/a  n/a
   2   57 |   7 1.0   19   7.2M  150  504  77%    10M |  99.9   n/a   1   27  2.11M   27   16  37%  81.9M    n/a  n/a
   2   58 |   7 1.0   19   8.1M  183  544  74%    10M |  99.9   n/a   1   27  1.87M   23   18  43%  81.9M    n/a  n/a
   2   59 |   7 1.0   19   7.4M  155  604  79%    10M |  99.9   n/a   1   27  1.88M   26   16  38%  81.9M    n/a  n/a
   2   5a |   7 1.0   19   8.2M  183  551  75%    10M |  99.9   n/a   1   27  2.25M   28   17  37%  81.9M    n/a  n/a
   2   5b |   7 1.0   19   7.2M  152  543  78%    10M |  99.9   n/a   1   27  1.86M   24   17  41%  81.9M    n/a  n/a

          |--------------------DL---------------------|-------------------------------UL-----------------------------
 pci rnti | cqi  ri  mcs  brate   ok  nok  (%)  dl_bs | pusch  rsrp  ri  mcs  brate   ok  nok  (%)    bsr     ta  phr
   3   5c |   7 1.0   18   9.9M   70  480  87%    10M |  99.9   n/a   1   27   496k    2   14  87%  81.9M    n/a  n/a
   3   5d |   7 1.0   18   9.8M   74  501  87%    10M |  99.9   n/a   1   27  1.53M    6   13  68%  81.9M    n/a  n/a
   3   5e |   7 1.0   18   9.9M   70  473  87%    10M |  99.9   n/a   1   27  1.76M    7   12  63%  81.9M    n/a  n/a
   3   5f |   7 1.0   18   9.7M   77  479  86%    10M |  99.9   n/a   1   27  1.02M    4   14  77%  81.9M    n/a  n/a
   3   60 |   7 1.0   18   9.6M   77  478  86%    10M |  99.9   n/a   1   27  1.26M    5   14  73%  81.9M    n/a  n/a
   3   61 |   7 1.0   18    10M   75  414  84%    10M |  99.9   n/a   1   27   775k    3   13  81%  81.9M    n/a  n/a
   3   62 |   7 1.0    0      0    0    0   0%    10M |   n/a   n/a   1    0      0    0    0   0%  81.9M    n/a  n/a
   3   63 |   7 1.0    0      0    0    0   0%    10M |   n/a   n/a   1    0      0    0    0   0%  81.9M    n/a  n/a
   0   44 |   7 1.0   19    16M  124  308  71%    10M |  99.9   n/a   1   27  1.75M    7   16  69%  81.9M    n/a  n/a
   0   45 |   7 1.0   19    14M  113  326  74%    10M |  99.9   n/a   1   27  1.76M    7   14  66%  81.9M    n/a  n/a
   0   46 |   7 1.0   19    15M  101  337  76%    10M |  99.9   n/a   1   27  1.27M    5   16  76%  81.9M    n/a  n/a
   0   47 |   7 1.0   19    16M  128  340  72%    10M |  99.9   n/a   1   27  1.27M    5   14  73%  81.9M    n/a  n/a
   0   48 |   7 1.0    0      0    0    0   0%    10M |   n/a   n/a   1    0      0    0    0   0%  81.9M    n/a  n/a
   0   49 |   7 1.0   19    15M  107  312  74%    10M |  99.9   n/a   1   27  1.52M    6   14  70%  81.9M    n/a  n/a
   0   4a |   7 1.0    0      0    0    0   0%    10M |   n/a   n/a   1    0      0    0    0   0%  81.9M    n/a  n/a
   0   4b |   7 1.0    0      0    0    0   0%    10M |   n/a   n/a   1    0      0    0    0   0%  81.9M    n/a  n/a
   1   4c |   7 1.0   17   9.6M   75  319  80%    10M |  99.9   n/a   1   27  2.26M   10   12  54%  81.9M    n/a  n/a
   1   4d |   7 1.0   17   9.4M   92  356  79%    10M |  99.9   n/a   1   27   914k    4   14  77%  81.9M    n/a  n/a
   1   4e |   7 1.0   17   9.8M   76  321  80%    10M |  99.9   n/a   1   27  1.80M    8   11  57%  81.9M    n/a  n/a
   1   4f |   7 1.0   17   9.7M   84  324  79%    10M |  99.9   n/a   1   27  1.14M    5    9  64%  81.9M    n/a  n/a
   1   50 |   7 1.0   17   9.6M   82  367  81%    10M |  99.9   n/a   1   27   451k    2   11  84%  81.9M    n/a  n/a
   1   51 |   7 1.0   17   9.7M   82  306  78%    10M |  99.9   n/a   1   27   914k    4   11  73%  81.9M    n/a  n/a
   1   52 |   7 1.0    0      0    0    0   0%    10M |   n/a   n/a   1    0      0    0    0   0%  81.9M    n/a  n/a
   1   53 |   7 1.0   17   9.3M   84  351  80%    10M |  99.9   n/a   1   27  1.36M    6   12  66%  81.9M    n/a  n/a
   2   54 |   7 1.0   19   7.8M  176  613  77%    10M |  99.9   n/a   1   27  1.51M   19   19  50%  81.9M    n/a  n/a
   2   55 |   7 1.0   19   7.6M  167  531  76%    10M |  99.9   n/a   1   27   941k   12   21  63%  81.9M    n/a  n/a
   2   56 |   7 1.0   19   7.6M  167  598  78%    10M |  99.9   n/a   1   27   690k    9   24  72%  81.9M    n/a  n/a
   2   57 |   7 1.0   19   7.6M  156  511  76%    10M |  99.9   n/a   1   27   700k    9   26  74%  81.9M    n/a  n/a
   2   58 |   7 1.0   19   7.2M  176  639  78%    10M |  99.9   n/a   1   27   535k    7   21  75%  81.9M    n/a  n/a
   2   59 |   7 1.0   19   7.6M  157  498  76%    10M |  99.9   n/a   1   27   701k    9   24  72%  81.9M    n/a  n/a
   2   5a |   7 1.0   19   7.2M  155  588  79%    10M |  99.9   n/a   1   27   809k   10   25  71%  81.9M    n/a  n/a
   2   5b |   7 1.0   19   7.4M  160  492  75%    10M |  99.9   n/a   1   27  1.15M   16   24  60%  81.9M    n/a  n/a
   3   5c |   7 1.0   18    15M  111  329  74%    10M |  99.9   n/a   1   27  1.77M    7   14  66%  81.9M    n/a  n/a
   3   5d |   7 1.0   18    15M   98  366  78%    10M |  99.9   n/a   1   27  2.28M    9   13  59%  81.9M    n/a  n/a
   3   5e |   7 1.0   18    15M   99  377  79%    10M |  99.9   n/a   1   27  2.03M    8   15  65%  81.9M    n/a  n/a
   3   5f |   7 1.0   19    15M  100  368  78%    10M |  99.9   n/a   1   27  2.81M   11   13  54%  81.9M    n/a  n/a
   3   60 |   7 1.0   19    16M  103  335  76%    10M |  99.9   n/a   1   27  2.26M    9   13  59%  81.9M    n/a  n/a
   3   61 |   7 1.0   18    15M   96  341  78%    10M |  99.9   n/a   1   27  1.77M    7   12  63%  81.9M    n/a  n/a
   3   62 |   7 1.0    0      0    0    0   0%    10M |   n/a   n/a   1    0      0    0    0   0%  81.9M    n/a  n/a
   3   63 |   7 1.0    0      0    0    0   0%    10M |   n/a   n/a   1    0      0    0    0   0%  81.9M    n/a  n/a
   0   44 |   7 1.0   19    13M  108  352  76%    10M |  99.9   n/a   1   27  1.25M    5   12  70%  81.9M    n/a  n/a
   0   45 |   7 1.0   19    14M  108  333  75%    10M |  99.9   n/a   1   27  1.26M    5   15  75%  81.9M    n/a  n/a
   0   46 |   7 1.0   19    14M  100  361  78%    10M |  99.9   n/a   1   27  1.25M    5   16  76%  81.9M    n/a  n/a
   0   47 |   7 1.0   19    13M  101  328  76%    10M |  99.9   n/a   1   27  1.52M    6   15  71%  81.9M    n/a  n/a
   0   48 |   7 1.0    0      0    0    0   0%    10M |   n/a   n/a   1    0      0    0    0   0%  81.9M    n/a  n/a
   0   49 |   7 1.0   19    14M  108  361  76%    10M |  99.9   n/a   1   27  1.00M    4   14  77%  81.9M    n/a  n/a
   0   4a |   7 1.0    0      0    0    0   0%    10M |   n/a   n/a   1    0      0    0    0   0%  81.9M    n/a  n/a
   0   4b |   7 1.0    0      0    0    0   0%    10M |   n/a   n/a   1    0      0    0    0   0%  81.9M    n/a  n/a
   1   4c |   7 1.0   17   7.7M   67  467  87%    10M |  99.9   n/a   1   27   914k    4   12  75%  81.9M    n/a  n/a
   1   4d |   7 1.0   18   8.0M   69  420  85%    10M |  99.9   n/a   1   27   672k    3   11  78%  81.9M    n/a  n/a
   1   4e |   7 1.0   17   7.9M   64  452  87%    10M |  99.9   n/a   1   27  1.11M    5   11  68%  81.9M    n/a  n/a
   1   4f |   7 1.0   17   7.3M   61  437  87%    10M |  99.9   n/a   1   27  1.60M    7   11  61%  81.9M    n/a  n/a
   1   50 |   7 1.0   17   8.0M   69  409  85%    10M |  99.9   n/a   1   27  1.13M    5   11  68%  81.9M    n/a  n/a
   1   51 |   7 1.0   17   7.5M   62  438  87%    10M |  99.9   n/a   1   27  1.38M    6   13  68%  81.9M    n/a  n/a
   1   52 |   7 1.0    0      0    0    0   0%    10M |   n/a   n/a   1    0      0    0    0   0%  81.9M    n/a  n/a
   1   53 |   7 1.0   17   7.5M   61  436  87%    10M |  99.9   n/a   1   27   918k    4   11  73%  81.9M    n/a  n/a
   2   54 |   7 1.0   19   7.8M  179  607  77%    10M |  99.9   n/a   1   27  1.07M   14   17  54%  81.9M    n/a  n/a
   2   55 |   7 1.0   19   7.6M  161  513  76%    10M |  99.9   n/a   1   27  1.19M   15   14  48%  81.9M    n/a  n/a
   2   56 |   7 1.0   19   7.7M  175  584  76%    10M |  99.9   n/a   1   27   860k   11   18  62%  81.9M    n/a  n/a
   2   57 |   7 1.0   19   7.9M  166  528  76%    10M |  99.9   n/a   1   27   909k   12   19  61%  81.9M    n/a  n/a
   2   58 |   7 1.0   19   7.5M  168  602  78%    10M |  99.9   n/a   1   27   953k   11   17  60%  81.9M    n/a  n/a
   2   59 |   7 1.0   19   7.9M  172  530  75%    10M |  99.9   n/a   1   27  1.32M   16   16  50%  81.9M    n/a  n/a
   2   5a |   7 1.0   19   7.9M  184  541  74%    10M |  99.9   n/a   1   27   915k   10   16  61%  81.9M    n/a  n/a
   2   5b |   7 1.0   19   7.9M  157  506  76%    10M |  99.9   n/a   1   27   747k    9   17  65%  81.9M    n/a  n/a
   3   5c |   7 1.0   19    13M   79  358  81%    10M |  99.9   n/a   1   27  2.01M    8   10  55%  81.9M    n/a  n/a
   3   5d |   7 1.0   19    13M   81  379  82%    10M |  99.9   n/a   1   27  1.78M    7   10  58%  81.9M    n/a  n/a
   3   5e |   7 1.0   19    13M   89  382  81%    10M |  99.9   n/a   1   27  2.06M    8    9  52%  81.9M    n/a  n/a
   3   5f |   7 1.0   19    13M   84  366  81%    10M |  99.9   n/a   1   27  1.78M    7   11  61%  81.9M    n/a  n/a
   3   60 |   7 1.0   19    13M   89  351  79%    10M |  99.9   n/a   1   27  1.79M    7   11  61%  81.9M    n/a  n/a
   3   61 |   7 1.0   19    13M   85  360  80%    10M |  99.9   n/a   1   27  2.52M   10   10  50%  81.9M    n/a  n/a
   3   62 |   7 1.0    0      0    0    0   0%    10M |   n/a   n/a   1    0      0    0    0   0%  81.9M    n/a  n/a
   3   63 |   7 1.0    0      0    0    0   0%    10M |   n/a   n/a   1    0      0    0    0   0%  81.9M    n/a  n/a
   0   44 |   7 1.0   19    15M  116  325  73%    10M |  99.9   n/a   1   27  1.77M    7   16  69%  81.9M    n/a  n/a
   0   45 |   7 1.0   19    16M  116  334  74%    10M |  99.9   n/a   1   27  2.02M    8   16  66%  81.9M    n/a  n/a
   0   46 |   7 1.0   19    13M  113  351  75%    10M |  99.9   n/a   1   27  1.26M    5   12  70%  81.9M    n/a  n/a
   0   47 |   7 1.0   19    15M  114  327  74%    10M |  99.9   n/a   1   27  1.25M    5   16  76%  81.9M    n/a  n/a
   0   48 |   7 1.0    0      0    0    0   0%    10M |   n/a   n/a   1    0      0    0    0   0%  81.9M    n/a  n/a
   0   49 |   7 1.0   19    15M  118  331  73%    10M |  99.9   n/a   1   27  2.02M    8   16  66%  81.9M    n/a  n/a
   0   4a |   7 1.0    0      0    0    0   0%    10M |   n/a   n/a   1    0      0    0    0   0%  81.9M    n/a  n/a
   0   4b |   7 1.0    0      0    0    0   0%    10M |   n/a   n/a   1    0      0    0    0   0%  81.9M    n/a  n/a
   1   4c |   7 1.0   18   9.0M   77  374  82%    10M |  99.9   n/a   1   27   877k    4   10  71%  81.9M    n/a  n/a
   1   4d |   7 1.0   18   8.5M   68  375  84%    10M |  99.9   n/a   1   27   685k    3   10  76%  81.9M    n/a  n/a
   1   4e |   7 1.0   17   9.2M   78  358  82%    10M |  99.9   n/a   1   27   685k    3    9  75%  81.9M    n/a  n/a
   1   4f |   7 1.0   18   8.7M   73  316  81%    10M |  99.9   n/a   1   27   685k    3   10  76%  81.9M    n/a  n/a
   1   50 |   7 1.0   17   8.9M   75  351  82%    10M |  99.9   n/a   1   27   664k    3   10  76%  81.9M    n/a  n/a
   1   51 |   7 1.0   18   8.8M   71  372  83%    10M |  99.9   n/a   1   27   689k    3   10  76%  81.9M    n/a  n/a
   1   52 |   7 1.0    0      0    0    0   0%    10M |   n/a   n/a   1    0      0    0    0   0%  81.9M    n/a  n/a
   1   53 |   7 1.0   18   8.4M   64  316  83%    10M |  99.9   n/a   1   27  1.12M    5    9  64%  81.9M    n/a  n/a

          |--------------------DL---------------------|-------------------------------UL-----------------------------
 pci rnti | cqi  ri  mcs  brate   ok  nok  (%)  dl_bs | pusch  rsrp  ri  mcs  brate   ok  nok  (%)    bsr     ta  phr
   2   54 |   7 1.0   19   8.6M  199  569  74%    10M |  99.9   n/a   1   27  1.73M   21   20  48%  81.9M    n/a  n/a
   2   55 |   7 1.0   19   8.3M  176  565  76%    10M |  99.9   n/a   1   27  1.51M   19   22  53%  81.9M    n/a  n/a
   2   56 |   7 1.0   19   8.5M  192  539  73%    10M |  99.9   n/a   1   27  1.94M   24   19  44%  81.9M    n/a  n/a
   2   57 |   7 1.0   19   8.4M  168  439  72%    10M |  99.9   n/a   1   27  1.71M   20   23  53%  81.9M    n/a  n/a
   2   58 |   7 1.0   19   8.7M  184  543  74%    10M |  99.9   n/a   1   27  1.38M   18   19  51%  81.9M    n/a  n/a
   2   59 |   7 1.0   19   8.4M  167  501  75%    10M |  99.9   n/a   1   27  2.13M   26   18  40%  81.9M    n/a  n/a
   2   5a |   7 1.0   19   8.6M  181  504  73%    10M |  99.9   n/a   1   27  1.72M   22   26  54%  81.9M    n/a  n/a
   2   5b |   7 1.0   19   8.4M  172  457  72%    10M |  99.9   n/a   1   27  1.69M   21   23  52%  81.9M    n/a  n/a
   3   5c |   7 1.0   19    15M   97  389  80%    10M |  99.9   n/a   1   27  1.76M    7   14  66%  81.9M    n/a  n/a
   3   5d |   7 1.0   19    16M  101  345  77%    10M |  99.9   n/a   1   27  2.53M   10   13  56%  81.9M    n/a  n/a
   3   5e |   7 1.0   19    14M   95  398  80%    10M |  99.9   n/a   1   27  2.29M    9   13  59%  81.9M    n/a  n/a
   3   5f |   7 1.0   19    15M  105  370  77%    10M |  99.9   n/a   1   27  2.03M    8   11  57%  81.9M    n/a  n/a
   3   60 |   7 1.0   19    15M   98  391  79%    10M |  99.9   n/a   1   27  2.30M    9   12  57%  81.9M    n/a  n/a
   3   61 |   7 1.0   19    15M  103  382  78%    10M |  99.9   n/a   1   27  1.26M    5   12  70%  81.9M    n/a  n/a
   3   62 |   7 1.0    0      0    0    0   0%    10M |   n/a   n/a   1    0      0    0    0   0%  81.9M    n/a  n/a
   3   63 |   7 1.0    0      0    0    0   0%    10M |   n/a   n/a   1    0      0    0    0   0%  81.9M    n/a  n/a
   0   44 |   7 1.0   19    14M  107  332  75%    10M |  99.9   n/a   1   27  1.52M    6   16  72%  81.9M    n/a  n/a
   0   45 |   7 1.0   19    15M  118  313  72%    10M |  99.9   n/a   1   27  1.26M    5   14  73%  81.9M    n/a  n/a
   0   46 |   7 1.0   19    14M  105  294  73%    10M |  99.9   n/a   1   27  2.54M   10   16  61%  81.9M    n/a  n/a
   0   47 |   7 1.0   19    15M  114  285  71%    10M |  99.9   n/a   1   27  1.00M    4   14  77%  81.9M    n/a  n/a
   0   48 |   7 1.0    0      0    0    0   0%    10M |   n/a   n/a   1    0      0    0    0   0%  81.9M    n/a  n/a
   0   49 |   7 1.0   19    14M  100  291  74%    10M |  99.9   n/a   1   27   758k    3   16  84%  81.9M    n/a  n/a
   0   4a |   7 1.0    0      0    0    0   0%    10M |   n/a   n/a   1    0      0    0    0   0%  81.9M    n/a  n/a
   0   4b |   7 1.0    0      0    0    0   0%    10M |   n/a   n/a   1    0      0    0    0   0%  81.9M    n/a  n/a
   1   4c |   7 1.0   18   9.6M   74  363  83%    10M |  99.9   n/a   1   27  1.37M    6   10  62%  81.9M    n/a  n/a
   1   4d |   7 1.0   18   9.7M   73  363  83%    10M |  99.9   n/a   1   27  1.34M    6   12  66%  81.9M    n/a  n/a
   1   4e |   7 1.0   17   9.5M   78  348  81%    10M |  99.9   n/a   1   27  1.35M    6   11  64%  81.9M    n/a  n/a
   1   4f |   7 1.0   18   9.1M   67  372  84%    10M |  99.9   n/a   1   27  1.14M    5   10  66%  81.9M    n/a  n/a
   1   50 |   7 1.0   17   9.5M   78  347  81%    10M |  99.9   n/a   1   27   221k    1   10  90%  81.9M    n/a  n/a
   1   51 |   7 1.0   18   9.2M   72  345  82%    10M |  99.9   n/a   1   27   693k    3    8  72%  81.9M    n/a  n/a
   1   52 |   7 1.0    0      0    0    0   0%    10M |   n/a   n/a   1    0      0    0    0   0%  81.9M    n/a  n/a
   1   53 |   7 1.0   18   9.4M   76  360  82%    10M |  99.9   n/a   1   27  1.35M    6   11  64%  81.9M    n/a  n/a
   2   54 |   7 1.0   19   6.8M  150  620  80%    10M |  99.9   n/a   1   27  1.06M   13   22  62%  81.9M    n/a  n/a
   2   55 |   7 1.0   19   6.8M  149  573  79%    10M |  99.9   n/a   1   27   597k    7   24  77%  81.9M    n/a  n/a
   2   56 |   7 1.0   19   7.0M  156  621  79%    10M |  99.9   n/a   1   27   781k   10   21  67%  81.9M    n/a  n/a
   2   57 |   7 1.0   19   7.0M  149  561  79%    10M |  99.9   n/a   1   27   328k    4   24  85%  81.9M    n/a  n/a
   2   58 |   7 1.0   19   6.9M  154  684  81%    10M |  99.9   n/a   1   27   386k    5   23  82%  81.9M    n/a  n/a
   2   59 |   7 1.0   19   6.9M  148  598  80%    10M |  99.9   n/a   1   27   881k   12   23  65%  81.9M    n/a  n/a
   2   5a |   7 1.0   19   7.2M  160  542  77%    10M |  99.9   n/a   1   27   605k    9   21  70%  81.9M    n/a  n/a
   2   5b |   7 1.0   19   6.9M  149  572  79%    10M |  99.9   n/a   1   27   594k    7   24  77%  81.9M    n/a  n/a
   3   5c |   7 1.0   19    13M   93  463  83%    10M |  99.9   n/a   1   27  1.52M    6   12  66%  81.9M    n/a  n/a
   3   5d |   7 1.0   19    13M   85  435  83%    10M |  99.9   n/a   1   27  1.52M    6   14  70%  81.9M    n/a  n/a
   3   5e |   7 1.0   19    13M   96  415  81%    10M |  99.9   n/a   1   27  2.05M    8   14  63%  81.9M    n/a  n/a
   3   5f |   7 1.0   19    13M   85  425  83%    10M |  99.9   n/a   1   27  3.02M   12   14  53%  81.9M    n/a  n/a
   3   60 |   7 1.0   19    13M   81  375  82%    10M |  99.9   n/a   1   27  1.76M    7   13  65%  81.9M    n/a  n/a
   3   61 |   7 1.0   19    13M   88  381  81%    10M |  99.9   n/a   1   27  1.76M    7   13  65%  81.9M    n/a  n/a
   3   62 |   7 1.0    0      0    0    0   0%    10M |   n/a   n/a   1    0      0    0    0   0%  81.9M    n/a  n/a
   3   63 |   7 1.0    0      0    0    0   0%    10M |   n/a   n/a   1    0      0    0    0   0%  81.9M    n/a  n/a
   0   44 |   7 1.0   19    14M  107  339  76%    10M |  99.9   n/a   1   27  1.01M    4   16  80%  81.9M    n/a  n/a
   0   45 |   7 1.0   19    13M  111  364  76%    10M |  99.9   n/a   1   27   246k    1   16  94%  81.9M    n/a  n/a
   0   46 |   7 1.0   19    12M   96  382  79%    10M |  99.9   n/a   1   27   246k    1   16  94%  81.9M    n/a  n/a
   0   47 |   7 1.0   19    14M  112  362  76%    10M |   n/a   n/a   1   27      0    0   16 100%  81.9M    n/a  n/a
   0   48 |   7 1.0    0      0    0    0   0%    10M |   n/a   n/a   1    0      0    0    0   0%  81.9M    n/a  n/a
   0   49 |   7 1.0   19    15M  115  331  74%    10M |  99.9   n/a   1   27  2.28M    9   16  64%  81.9M    n/a  n/a
   0   4a |   7 1.0    0      0    0    0   0%    10M |   n/a   n/a   1    0      0    0    0   0%  81.9M    n/a  n/a
   0   4b |   7 1.0    0      0    0    0   0%    10M |   n/a   n/a   1    0      0    0    0   0%  81.9M    n/a  n/a
   1   4c |   7 1.0   18    11M   86  356  80%    10M |  99.9   n/a   1   27  1.15M    5   11  68%  81.9M    n/a  n/a
   1   4d |   7 1.0   18   9.9M   80  369  82%    10M |  99.9   n/a   1   27  1.12M    5   11  68%  81.9M    n/a  n/a
   1   4e |   7 1.0   18    10M   83  372  81%    10M |  99.9   n/a   1   27  1.13M    5   11  68%  81.9M    n/a  n/a
   1   4f |   7 1.0   18   9.9M   74  334  81%    10M |  99.9   n/a   1   27  1.14M    5   10  66%  81.9M    n/a  n/a
   1   50 |   7 1.0   18    10M   85  334  79%    10M |  99.9   n/a   1   27  1.58M    7   11  61%  81.9M    n/a  n/a
   1   51 |   7 1.0   18    10M   85  374  81%    10M |  99.9   n/a   1   27   914k    4   14  77%  81.9M    n/a  n/a
   1   52 |   7 1.0    0      0    0    0   0%    10M |   n/a   n/a   1    0      0    0    0   0%  81.9M    n/a  n/a
   1   53 |   7 1.0   18    10M   81  333  80%    10M |  99.9   n/a   1   27  1.13M    5   12  70%  81.9M    n/a  n/a
   2   54 |   7 1.0   19   7.8M  172  584  77%    10M |  99.9   n/a   1   27   968k   13   25  65%  81.9M    n/a  n/a
   2   55 |   7 1.0   19   7.7M  164  547  76%    10M |  99.9   n/a   1   27  1.13M   15   22  59%  81.9M    n/a  n/a
   2   56 |   7 1.0   19   8.1M  180  545  75%    10M |  99.9   n/a   1   27   579k    9   29  76%  81.9M    n/a  n/a
   2   57 |   7 1.0   19   7.8M  165  602  78%    10M |  99.9   n/a   1   27   866k   12   26  68%  81.9M    n/a  n/a
   2   58 |   7 1.0   19   7.9M  173  553  76%    10M |  99.9   n/a   1   27   831k   11   21  65%  81.9M    n/a  n/a
   2   59 |   7 1.0   19   7.8M  164  600  78%    10M |  99.9   n/a   1   27  1.01M   11   18  62%  81.9M    n/a  n/a
   2   5a |   7 1.0   19   7.7M  178  566  76%    10M |  99.9   n/a   1   27   816k   11   24  68%  81.9M    n/a  n/a
   2   5b |   7 1.0   19   7.7M  166  588  77%    10M |  99.9   n/a   1   27   931k   12   25  67%  81.9M    n/a  n/a
   3   5c |   7 1.0   19    15M  101  347  77%    10M |  99.9   n/a   1   27  2.51M   10   14  58%  81.9M    n/a  n/a
   3   5d |   7 1.0   19    15M   97  350  78%    10M |  99.9   n/a   1   27  1.52M    6   14  70%  81.9M    n/a  n/a
   3   5e |   7 1.0   19    14M   95  394  80%    10M |  99.9   n/a   1   27  2.53M   10   12  54%  81.9M    n/a  n/a
   3   5f |   7 1.0   19    14M   89  411  82%    10M |  99.9   n/a   1   27  1.78M    7   12  63%  81.9M    n/a  n/a
   3   60 |   7 1.0   19    15M   97  338  77%    10M |  99.9   n/a   1   27  2.04M    8   12  60%  81.9M    n/a  n/a
   3   61 |   7 1.0   19    14M   95  371  79%    10M |  99.9   n/a   1   27  1.27M    5   16  76%  81.9M    n/a  n/a
   3   62 |   7 1.0    0      0    0    0   0%    10M |   n/a   n/a   1    0      0    0    0   0%  81.9M    n/a  n/a
   3   63 |   7 1.0    0      0    0    0   0%    10M |   n/a   n/a   1    0      0    0    0   0%  81.9M    n/a  n/a
   0   44 |   7 1.0   19    16M  116  317  73%    10M |  99.9   n/a   1   27  2.01M    8   16  66%  81.9M    n/a  n/a
   0   45 |   7 1.0   19    16M  120  304  71%    10M |  99.9   n/a   1   27  1.77M    7   14  66%  81.9M    n/a  n/a
   0   46 |   7 1.0   19    16M  123  331  72%    10M |  99.9   n/a   1   27  1.25M    5   16  76%  81.9M    n/a  n/a
   0   47 |   7 1.0   19    17M  120  315  72%    10M |  99.9   n/a   1   27  2.02M    8   14  63%  81.9M    n/a  n/a
   0   48 |   7 1.0    0      0    0    0   0%    10M |   n/a   n/a   1    0      0    0    0   0%  81.9M    n/a  n/a
   0   49 |   7 1.0   19    16M  123  284  69%    10M |  99.9   n/a   1   27  2.03M    8   12  60%  81.9M    n/a  n/a
   0   4a |   7 1.0    0      0    0    0   0%    10M |   n/a   n/a   1    0      0    0    0   0%  81.9M    n/a  n/a
   0   4b |   7 1.0    0      0    0    0   0%    10M |   n/a   n/a   1    0      0    0    0   0%  81.9M    n/a  n/a

          |--------------------DL---------------------|-------------------------------UL-----------------------------
 pci rnti | cqi  ri  mcs  brate   ok  nok  (%)  dl_bs | pusch  rsrp  ri  mcs  brate   ok  nok  (%)    bsr     ta  phr
   1   4c |   7 1.0   18    10M   83  389  82%    10M |  99.9   n/a   1   27   910k    4   11  73%  81.9M    n/a  n/a
   1   4d |   7 1.0   18   9.9M   78  377  82%    10M |  99.9   n/a   1   27  1.15M    5   12  70%  81.9M    n/a  n/a
   1   4e |   7 1.0   18   9.8M   78  361  82%    10M |  99.9   n/a   1   27   676k    3   12  80%  81.9M    n/a  n/a
   1   4f |   7 1.0   18    10M   80  346  81%    10M |  99.9   n/a   1   27  1.58M    7   13  65%  81.9M    n/a  n/a
   1   50 |   7 1.0   18   9.7M   79  339  81%    10M |  99.9   n/a   1   27  1.15M    5   11  68%  81.9M    n/a  n/a
   1   51 |   7 1.0   18   9.9M   77  377  83%    10M |  99.9   n/a   1   27  1.57M    7   10  58%  81.9M    n/a  n/a
   1   52 |   7 1.0    0      0    0    0   0%    10M |   n/a   n/a   1    0      0    0    0   0%  81.9M    n/a  n/a
   1   53 |   7 1.0   18   9.8M   77  400  83%    10M |  99.9   n/a   1   27  1.13M    5   11  68%  81.9M    n/a  n/a
   2   54 |   7 1.0   19   8.5M  191  561  74%    10M |  99.9   n/a   1   27  1.16M   15   19  55%  81.9M    n/a  n/a
   2   55 |   7 1.0   19   8.7M  192  518  72%    10M |  99.9   n/a   1   27  1.36M   16   19  54%  81.9M    n/a  n/a
   2   56 |   7 1.0   19   8.7M  198  521  72%    10M |  99.9   n/a   1   27  1.16M   15   21  58%  81.9M    n/a  n/a
   2   57 |   7 1.0   19   8.9M  186  500  72%    10M |  99.9   n/a   1   27  1.20M   15   19  55%  81.9M    n/a  n/a
   2   58 |   7 1.0   19   8.6M  183  526  74%    10M |  99.9   n/a   1   27   930k   12   22  64%  81.9M    n/a  n/a
   2   59 |   7 1.0   19   8.7M  195  472  70%    10M |  99.9   n/a   1   27  1.21M   15   22  59%  81.9M    n/a  n/a
   2   5a |   7 1.0   19   8.8M  209  538  72%    10M |  99.9   n/a   1   27  1.20M   16   21  56%  81.9M    n/a  n/a
   2   5b |   7 1.0   19   8.3M  177  526  74%    10M |  99.9   n/a   1   27  1.64M   20   18  47%  81.9M    n/a  n/a
   3   5c |   7 1.0   19    15M   97  441  81%    10M |  99.9   n/a   1   27  2.28M    9   11  55%  81.9M    n/a  n/a
   3   5d |   7 1.0   19    14M   96  441  82%    10M |  99.9   n/a   1   27  1.27M    5   16  76%  81.9M    n/a  n/a
   3   5e |   7 1.0   19    14M   89  446  83%    10M |  99.9   n/a   1   27  2.05M    8   14  63%  81.9M    n/a  n/a
   3   5f |   7 1.0   19    14M   92  413  81%    10M |  99.9   n/a   1   27  2.02M    8   11  57%  81.9M    n/a  n/a
   3   60 |   7 1.0   19    14M   91  447  83%    10M |  99.9   n/a   1   27  2.01M    8   14  63%  81.9M    n/a  n/a
   3   61 |   7 1.0   19    14M   90  460  83%    10M |  99.9   n/a   1   27   762k    3   14  82%  81.9M    n/a  n/a
   3   62 |   7 1.0    0      0    0    0   0%    10M |   n/a   n/a   1    0      0    0    0   0%  81.9M    n/a  n/a
   3   63 |   7 1.0    0      0    0    0   0%    10M |   n/a   n/a   1    0      0    0    0   0%  81.9M    n/a  n/a
   0   44 |   7 1.0   19    15M  108  332  75%    10M |  99.9   n/a   1   27  2.53M   10   15  60%  81.9M    n/a  n/a
   0   45 |   7 1.0   19    16M  134  313  70%    10M |  99.9   n/a   1   27  1.27M    5   16  76%  81.9M    n/a  n/a
   0   46 |   7 1.0   19    15M  109  319  74%    10M |  99.9   n/a   1   27  1.77M    7   16  69%  81.9M    n/a  n/a
   0   47 |   7 1.0   19    16M  121  309  71%    10M |  99.9   n/a   1   27  1.26M    5   16  76%  81.9M    n/a  n/a
   0   48 |   7 1.0    0      0    0    0   0%    10M |   n/a   n/a   1    0      0    0    0   0%  81.9M    n/a  n/a
   0   49 |   7 1.0   19    15M  112  317  73%    10M |  99.9   n/a   1   27  1.52M    6   16  72%  81.9M    n/a  n/a
   0   4a |   7 1.0    0      0    0    0   0%    10M |   n/a   n/a   1    0      0    0    0   0%  81.9M    n/a  n/a
   0   4b |   7 1.0    0      0    0    0   0%    10M |   n/a   n/a   1    0      0    0    0   0%  81.9M    n/a  n/a
   1   4c |   7 1.0   18   9.3M   76  374  83%    10M |  99.9   n/a   1   27  1.14M    5   13  72%  81.9M    n/a  n/a
   1   4d |   7 1.0   18   9.3M   70  387  84%    10M |  99.9   n/a   1   27  1.13M    5    9  64%  81.9M    n/a  n/a
   1   4e |   7 1.0   18   8.7M   68  416  85%    10M |  99.9   n/a   1   27   922k    4   12  75%  81.9M    n/a  n/a
   1   4f |   7 1.0   18   9.3M   75  397  84%    10M |  99.9   n/a   1   27  2.26M   10   12  54%  81.9M    n/a  n/a
   1   50 |   7 1.0   18   9.4M   80  360  81%    10M |  99.9   n/a   1   27  1.58M    7   13  65%  81.9M    n/a  n/a
   1   51 |   7 1.0   18   9.0M   72  347  82%    10M |  99.9   n/a   1   27  1.11M    5   10  66%  81.9M    n/a  n/a
   1   52 |   7 1.0    0      0    0    0   0%    10M |   n/a   n/a   1    0      0    0    0   0%  81.9M    n/a  n/a
   1   53 |   7 1.0   18   9.2M   77  405  84%    10M |  99.9   n/a   1   27  1.13M    5   11  68%  81.9M    n/a  n/a
   2   54 |   7 1.0   19   8.1M  186  600  76%    10M |  99.9   n/a   1   27   930k   13   26  66%  81.9M    n/a  n/a
   2   55 |   7 1.0   19   8.6M  176  478  73%    10M |  99.9   n/a   1   27  1.10M   14   20  58%  81.9M    n/a  n/a
   2   56 |   7 1.0   19   8.8M  209  536  71%    10M |  99.9   n/a   1   27  1.36M   17   21  55%  81.9M    n/a  n/a
   2   57 |   7 1.0   19   8.4M  172  516  75%    10M |  99.9   n/a   1   27  1.22M   16   20  55%  81.9M    n/a  n/a
   2   58 |   7 1.0   19   8.3M  182  587  76%    10M |  99.9   n/a   1   27  1.13M   16   21  56%  81.9M    n/a  n/a
   2   59 |   7 1.0   19   8.3M  171  549  76%    10M |  99.9   n/a   1   27  1.64M   21   16  43%  81.9M    n/a  n/a
   2   5a |   7 1.0   19   8.7M  191  530  73%    10M |  99.9   n/a   1   27  1.40M   18   20  52%  81.9M    n/a  n/a
   2   5b |   7 1.0   19   8.2M  176  536  75%    10M |  99.9   n/a   1   27  1.32M   17   17  50%  81.9M    n/a  n/a
   3   5c |   7 1.0   19    14M   85  388  82%    10M |  99.9   n/a   1   27  2.02M    8   11  57%  81.9M    n/a  n/a
   3   5d |   7 1.0   19    13M   91  448  83%    10M |  99.9   n/a   1   27  1.52M    6   13  68%  81.9M    n/a  n/a
   3   5e |   7 1.0   19    14M   91  449  83%    10M |  99.9   n/a   1   27  1.53M    6   13  68%  81.9M    n/a  n/a
   3   5f |   7 1.0   19    14M   88  430  83%    10M |  99.9   n/a   1   27  1.27M    5   14  73%  81.9M    n/a  n/a
   3   60 |   7 1.0   19    14M   93  370  79%    10M |  99.9   n/a   1   27  1.27M    5   16  76%  81.9M    n/a  n/a
   3   61 |   7 1.0   19    14M   83  403  82%    10M |  99.9   n/a   1   27  2.01M    8   13  61%  81.9M    n/a  n/a
   3   62 |   7 1.0    0      0    0    0   0%    10M |   n/a   n/a   1    0      0    0    0   0%  81.9M    n/a  n/a
   3   63 |   7 1.0    0      0    0    0   0%    10M |   n/a   n/a   1    0      0    0    0   0%  81.9M    n/a  n/a
   0   44 |   7 1.0   19    13M   92  374  80%    10M |  99.9   n/a   1   27  3.28M   13   13  50%  81.9M    n/a  n/a
   0   45 |   7 1.0   19    14M  104  341  76%    10M |  99.9   n/a   1   27  1.27M    5   16  76%  81.9M    n/a  n/a
   0   46 |   7 1.0   19    14M  112  363  76%    10M |  99.9   n/a   1   27   746k    3   16  84%  81.9M    n/a  n/a
   0   47 |   7 1.0   19    15M  120  338  73%    10M |  99.9   n/a   1   27  1.53M    6   16  72%  81.9M    n/a  n/a
   0   48 |   7 1.0    0      0    0    0   0%    10M |   n/a   n/a   1    0      0    0    0   0%  81.9M    n/a  n/a
   0   49 |   7 1.0   19    14M  113  372  76%    10M |  99.9   n/a   1   27  1.77M    7   16  69%  81.9M    n/a  n/a
   0   4a |   7 1.0    0      0    0    0   0%    10M |   n/a   n/a   1    0      0    0    0   0%  81.9M    n/a  n/a
   0   4b |   7 1.0    0      0    0    0   0%    10M |   n/a   n/a   1    0      0    0    0   0%  81.9M    n/a  n/a
   1   4c |   7 1.0   18   8.0M   63  351  84%    10M |  99.9   n/a   1   27   234k    1   12  92%  81.9M    n/a  n/a
   1   4d |   7 1.0   18   8.2M   59  346  85%    10M |  99.9   n/a   1   27   898k    4   13  76%  81.9M    n/a  n/a
   1   4e |   7 1.0   18   8.3M   65  411  86%    10M |  99.9   n/a   1   27   443k    2   12  85%  81.9M    n/a  n/a
   1   4f |   7 1.0   18   8.0M   60  392  86%    10M |  99.9   n/a   1   27   451k    2   12  85%  81.9M    n/a  n/a
   1   50 |   7 1.0   18   8.1M   60  405  87%    10M |  99.9   n/a   1   27  1.11M    5    8  61%  81.9M    n/a  n/a
   1   51 |   7 1.0   18   8.2M   60  396  86%    10M |  99.9   n/a   1   27   902k    4   14  77%  81.9M    n/a  n/a
   1   52 |   7 1.0    0      0    0    0   0%    10M |   n/a   n/a   1    0      0    0    0   0%  81.9M    n/a  n/a
   1   53 |   7 1.0   18   8.1M   61  394  86%    10M |  99.9   n/a   1   27   234k    1    9  90%  81.9M    n/a  n/a
   2   54 |   7 1.0   19   8.3M  187  542  74%    10M |  99.9   n/a   1   27   978k   12   25  67%  81.9M    n/a  n/a
   2   55 |   7 1.0   19   7.9M  172  545  76%    10M |  99.9   n/a   1   27  1.20M   15   24  61%  81.9M    n/a  n/a
   2   56 |   7 1.0   19   7.9M  185  641  77%    10M |  99.9   n/a   1   27   992k   13   19  59%  81.9M    n/a  n/a
   2   57 |   7 1.0   19   8.1M  170  579  77%    10M |  99.9   n/a   1   27  1.03M   12   21  63%  81.9M    n/a  n/a
   2   58 |   7 1.0   19   8.2M  179  566  75%    10M |  99.9   n/a   1   27   770k   10   19  65%  81.9M    n/a  n/a
   2   59 |   7 1.0   19   8.0M  170  542  76%    10M |  99.9   n/a   1   27   945k   13   22  62%  81.9M    n/a  n/a
   2   5a |   7 1.0   19   8.3M  182  529  74%    10M |  99.9   n/a   1   27  1.29M   14   22  61%  81.9M    n/a  n/a
   2   5b |   7 1.0   19   8.1M  167  513  75%    10M |  99.9   n/a   1   27  1.39M   17   21  55%  81.9M    n/a  n/a
   3   5c |   7 1.0   19    15M   97  345  78%    10M |  99.9   n/a   1   27  2.03M    8    9  52%  81.9M    n/a  n/a
   3   5d |   7 1.0   19    15M   96  378  79%    10M |  99.9   n/a   1   27  1.27M    5    9  64%  81.9M    n/a  n/a
   3   5e |   7 1.0   19    15M   91  368  80%    10M |  99.9   n/a   1   27  2.05M    8   11  57%  81.9M    n/a  n/a
   3   5f |   7 1.0   19    15M  100  365  78%    10M |  99.9   n/a   1   27  1.77M    7   11  61%  81.9M    n/a  n/a
   3   60 |   7 1.0   19    15M  100  354  77%    10M |  99.9   n/a   1   27  2.02M    8   10  55%  81.9M    n/a  n/a
   3   61 |   7 1.0   19    15M  100  398  79%    10M |  99.9   n/a   1   27  2.53M   10   10  50%  81.9M    n/a  n/a
   3   62 |   7 1.0    0      0    0    0   0%    10M |   n/a   n/a   1    0      0    0    0   0%  81.9M    n/a  n/a
   3   63 |   7 1.0    0      0    0    0   0%    10M |   n/a   n/a   1    0      0    0    0   0%  81.9M    n/a  n/a

          |--------------------DL---------------------|-------------------------------UL-----------------------------
 pci rnti | cqi  ri  mcs  brate   ok  nok  (%)  dl_bs | pusch  rsrp  ri  mcs  brate   ok  nok  (%)    bsr     ta  phr
   0   44 |   7 1.0   19    17M  121  364  75%    10M |  99.9   n/a   1   27  2.03M    8   16  66%  81.9M    n/a  n/a
   0   45 |   7 1.0   19    17M  123  387  75%    10M |  99.9   n/a   1   27  1.78M    7   16  69%  81.9M    n/a  n/a
   0   46 |   7 1.0   19    16M  116  387  76%    10M |  99.9   n/a   1   27  2.76M   11   14  56%  81.9M    n/a  n/a
   0   47 |   7 1.0   19    16M  116  337  74%    10M |  99.9   n/a   1   27  2.03M    8   16  66%  81.9M    n/a  n/a
   0   48 |   7 1.0    0      0    0    0   0%    10M |   n/a   n/a   1    0      0    0    0   0%  81.9M    n/a  n/a
   0   49 |   7 1.0   19    17M  124  339  73%    10M |  99.9   n/a   1   27  1.50M    6   16  72%  81.9M    n/a  n/a
   0   4a |   7 1.0    0      0    0    0   0%    10M |   n/a   n/a   1    0      0    0    0   0%  81.9M    n/a  n/a
   0   4b |   7 1.0    0      0    0    0   0%    10M |   n/a   n/a   1    0      0    0    0   0%  81.9M    n/a  n/a
   1   4c |   7 1.0   18    10M   84  375  81%    10M |  99.9   n/a   1   27  1.56M    7   13  65%  81.9M    n/a  n/a
   1   4d |   7 1.0   18  10.0M   75  318  80%    10M |  99.9   n/a   1   27   685k    3   11  78%  81.9M    n/a  n/a
   1   4e |   7 1.0   18    10M   78  341  81%    10M |  99.9   n/a   1   27  2.26M   10   11  52%  81.9M    n/a  n/a
   1   4f |   7 1.0   18   9.8M   78  375  82%    10M |  99.9   n/a   1   27  2.05M    9    9  50%  81.9M    n/a  n/a
   1   50 |   7 1.0   18  10.0M   80  382  82%    10M |  99.9   n/a   1   27   221k    1   10  90%  81.9M    n/a  n/a
   1   51 |   7 1.0   18   9.8M   74  364  83%    10M |  99.9   n/a   1   27   898k    4   10  71%  81.9M    n/a  n/a
   1   52 |   7 1.0    0      0    0    0   0%    10M |   n/a   n/a   1    0      0    0    0   0%  81.9M    n/a  n/a
   1   53 |   7 1.0   18    10M   82  410  83%    10M |  99.9   n/a   1   27   672k    3   12  80%  81.9M    n/a  n/a
   2   54 |   7 1.0   19   7.6M  166  653  79%    10M |  99.9   n/a   1   27  1.10M   13   21  61%  81.9M    n/a  n/a
   2   55 |   7 1.0   19   7.7M  156  526  77%    10M |  99.9   n/a   1   27  1.24M   16   19  54%  81.9M    n/a  n/a
   2   56 |   7 1.0   19   7.3M  165  587  78%    10M |  99.9   n/a   1   27   814k   10   25  71%  81.9M    n/a  n/a
   2   57 |   7 1.0   19   7.3M  156  557  78%    10M |  99.9   n/a   1   27   915k   12   23  65%  81.9M    n/a  n/a
   2   58 |   7 1.0   19   7.2M  152  600  79%    10M |  99.9   n/a   1   27   872k   11   22  66%  81.9M    n/a  n/a
   2   59 |   7 1.0   19   7.4M  161  579  78%    10M |  99.9   n/a   1   27   788k   10   25  71%  81.9M    n/a  n/a
   2   5a |   7 1.0   19   7.4M  173  557  76%    10M |  99.9   n/a   1   27  1.13M   14   22  61%  81.9M    n/a  n/a
   2   5b |   7 1.0   19   7.5M  153  591  79%    10M |  99.9   n/a   1   27   821k   11   21  65%  81.9M    n/a  n/a
   3   5c |   7 1.0   19    12M   83  464  84%    10M |  99.9   n/a   1   27  1.02M    4   13  76%  81.9M    n/a  n/a
   3   5d |   7 1.0   19    13M   91  425  82%    10M |  99.9   n/a   1   27  1.50M    6   13  68%  81.9M    n/a  n/a
   3   5e |   7 1.0   19    13M   90  416  82%    10M |  99.9   n/a   1   27  1.02M    4   14  77%  81.9M    n/a  n/a
   3   5f |   7 1.0   19    13M   85  471  84%    10M |  99.9   n/a   1   27   767k    3   12  80%  81.9M    n/a  n/a
   3   60 |   7 1.0   19    12M   80  420  84%    10M |  99.9   n/a   1   27  1.25M    5   15  75%  81.9M    n/a  n/a
   3   61 |   7 1.0   19    13M   89  446  83%    10M |  99.9   n/a   1   27  1.28M    5   13  72%  81.9M    n/a  n/a
   3   62 |   7 1.0    0      0    0    0   0%    10M |   n/a   n/a   1    0      0    0    0   0%  81.9M    n/a  n/a
   3   63 |   7 1.0    0      0    0    0   0%    10M |   n/a   n/a   1    0      0    0    0   0%  81.9M    n/a  n/a
   0   44 |   7 1.0   19    16M  106  296  73%    10M |  99.9   n/a   1   27  1.78M    7   16  69%  81.9M    n/a  n/a
   0   45 |   7 1.0   19    16M  113  348  75%    10M |  99.9   n/a   1   27  1.79M    7   14  66%  81.9M    n/a  n/a
   0   46 |   7 1.0   19    17M  125  334  72%    10M |  99.9   n/a   1   27  3.03M   12   13  52%  81.9M    n/a  n/a
   0   47 |   7 1.0   19    17M  117  339  74%    10M |  99.9   n/a   1   27  1.51M    6   12  66%  81.9M    n/a  n/a
   0   48 |   7 1.0    0      0    0    0   0%    10M |   n/a   n/a   1    0      0    0    0   0%  81.9M    n/a  n/a
   0   49 |   7 1.0   19    16M  117  346  74%    10M |  99.9   n/a   1   27  1.50M    6   16  72%  81.9M    n/a  n/a
   0   4a |   7 1.0    0      0    0    0   0%    10M |   n/a   n/a   1    0      0    0    0   0%  81.9M    n/a  n/a
   0   4b |   7 1.0    0      0    0    0   0%    10M |   n/a   n/a   1    0      0    0    0   0%  81.9M    n/a  n/a
   1   4c |   7 1.0   19    11M   87  379  81%    10M |  99.9   n/a   1   27   922k    4    9  69%  81.9M    n/a  n/a
   1   4d |   7 1.0   19   9.6M   74  446  85%    10M |  99.9   n/a   1   27  1.80M    8   11  57%  81.9M    n/a  n/a
   1   4e |   7 1.0   18   9.4M   72  422  85%    10M |  99.9   n/a   1   27  1.39M    6    9  60%  81.9M    n/a  n/a
   1   4f |   7 1.0   18  10.0M   77  393  83%    10M |  99.9   n/a   1   27   217k    1    5  83%  81.9M    n/a  n/a
   1   50 |   7 1.0   18   9.7M   82  419  83%    10M |  99.9   n/a   1   27   894k    4    9  69%  81.9M    n/a  n/a
   1   51 |   7 1.0   19   9.9M   75  387  83%    10M |  99.9   n/a   1   27   447k    2   12  85%  81.9M    n/a  n/a
   1   52 |   7 1.0    0      0    0    0   0%    10M |   n/a   n/a   1    0      0    0    0   0%  81.9M    n/a  n/a
   1   53 |   7 1.0   19   9.3M   73  458  86%    10M |  99.9   n/a   1   27  1.77M    8    9  52%  81.9M    n/a  n/a
   2   54 |   7 1.0   19   6.3M  139  632  81%    10M |  99.9   n/a   1   27  1.10M   15   23  60%  81.9M    n/a  n/a
   2   55 |   7 1.0   19   6.6M  139  578  80%    10M |  99.9   n/a   1   27   489k    6   23  79%  81.9M    n/a  n/a
   2   56 |   7 1.0   19   5.9M  137  676  83%    10M |  99.9   n/a   1   27   895k   12   24  66%  81.9M    n/a  n/a
   2   57 |   7 1.0   19   6.3M  140  557  79%    10M |  99.9   n/a   1   27   877k   11   18  62%  81.9M    n/a  n/a
   2   58 |   7 1.0   19   6.2M  136  617  81%    10M |  99.9   n/a   1   27   496k    7   22  75%  81.9M    n/a  n/a
   2   59 |   7 1.0   19   6.2M  141  616  81%    10M |  99.9   n/a   1   27   684k   10   21  67%  81.9M    n/a  n/a
   2   5a |   7 1.0   19   6.3M  140  624  81%    10M |  99.9   n/a   1   27   674k    9   23  71%  81.9M    n/a  n/a
   2   5b |   7 1.0   19   6.4M  142  605  80%    10M |  99.9   n/a   1   27  1.20M   16   19  54%  81.9M    n/a  n/a
   3   5c |   7 1.0   19    13M   82  438  84%    10M |  99.9   n/a   1   27  1.52M    6   14  70%  81.9M    n/a  n/a
   3   5d |   7 1.0   19    12M   78  469  85%    10M |  99.9   n/a   1   27  2.05M    8   14  63%  81.9M    n/a  n/a
   3   5e |   7 1.0   19    13M   91  423  82%    10M |  99.9   n/a   1   27  2.54M   10   12  54%  81.9M    n/a  n/a
   3   5f |   7 1.0   19    13M   80  417  83%    10M |  99.9   n/a   1   27  2.29M    9   14  60%  81.9M    n/a  n/a
   3   60 |   7 1.0   19    13M   87  423  82%    10M |  99.9   n/a   1   27  1.76M    7   14  66%  81.9M    n/a  n/a
   3   61 |   7 1.0   19    12M   83  438  84%    10M |  99.9   n/a   1   27  2.00M    8   12  60%  81.9M    n/a  n/a
   3   62 |   7 1.0    0      0    0    0   0%    10M |   n/a   n/a   1    0      0    0    0   0%  81.9M    n/a  n/a
   3   63 |   7 1.0    0      0    0    0   0%    10M |   n/a   n/a   1    0      0    0    0   0%  81.9M    n/a  n/a
   0   44 |   7 1.0   19    12M   87  450  83%    10M |  99.9   n/a   1   27  1.51M    6   12  66%  81.9M    n/a  n/a
   0   45 |   7 1.0   19    13M   94  363  79%    10M |  99.9   n/a   1   27  1.02M    4   14  77%  81.9M    n/a  n/a
   0   46 |   7 1.0   19    13M   98  387  79%    10M |  99.9   n/a   1   27  1.27M    5   13  72%  81.9M    n/a  n/a
   0   47 |   7 1.0   19    12M   94  459  83%    10M |  99.9   n/a   1   27   750k    3   16  84%  81.9M    n/a  n/a
   0   48 |   7 1.0    0      0    0    0   0%    10M |   n/a   n/a   1    0      0    0    0   0%  81.9M    n/a  n/a
   0   49 |   7 1.0   19    11M   92  426  82%    10M |  99.9   n/a   1   27  1.53M    6   12  66%  81.9M    n/a  n/a
   0   4a |   7 1.0    0      0    0    0   0%    10M |   n/a   n/a   1    0      0    0    0   0%  81.9M    n/a  n/a
   0   4b |   7 1.0    0      0    0    0   0%    10M |   n/a   n/a   1    0      0    0    0   0%  81.9M    n/a  n/a
   1   4c |   7 1.0   19   9.2M   69  376  84%    10M |  99.9   n/a   1   27  1.37M    6    9  60%  81.9M    n/a  n/a
   1   4d |   7 1.0   19   9.1M   67  396  85%    10M |  99.9   n/a   1   27  2.02M    9   11  55%  81.9M    n/a  n/a
   1   4e |   7 1.0   18   9.0M   67  402  85%    10M |  99.9   n/a   1   27   898k    4    8  66%  81.9M    n/a  n/a
   1   4f |   7 1.0   19   9.2M   68  377  84%    10M |  99.9   n/a   1   27  1.14M    5    8  61%  81.9M    n/a  n/a
   1   50 |   7 1.0   18   8.7M   68  427  86%    10M |  99.9   n/a   1   27   922k    4   11  73%  81.9M    n/a  n/a
   1   51 |   7 1.0   19   8.7M   64  431  87%    10M |  99.9   n/a   1   27  1.13M    5   10  66%  81.9M    n/a  n/a
   1   52 |   7 1.0    0      0    0    0   0%    10M |   n/a   n/a   1    0      0    0    0   0%  81.9M    n/a  n/a
   1   53 |   7 1.0   19   8.7M   66  405  85%    10M |  99.9   n/a   1   27  1.57M    7    9  56%  81.9M    n/a  n/a
   2   54 |   7 1.0   19   7.0M  152  678  81%    10M |  99.9   n/a   1   27   851k   12   16  57%  81.9M    n/a  n/a
   2   55 |   7 1.0   19   6.8M  150  531  77%    10M |  99.9   n/a   1   27  1.33M   17   16  48%  81.9M    n/a  n/a
   2   56 |   7 1.0   19   7.5M  167  558  76%    10M |  99.9   n/a   1   27  1.44M   18   12  40%  81.9M    n/a  n/a
   2   57 |   7 1.0   19   6.9M  153  574  78%    10M |  99.9   n/a   1   27  1.15M   15   19  55%  81.9M    n/a  n/a
   2   58 |   7 1.0   19   7.1M  157  613  79%    10M |  99.9   n/a   1   27  1.16M   16   15  48%  81.9M    n/a  n/a
   2   59 |   7 1.0   19   6.7M  143  555  79%    10M |  99.9   n/a   1   27  1.16M   15   16  51%  81.9M    n/a  n/a
   2   5a |   7 1.0   19   6.9M  166  609  78%    10M |  99.9   n/a   1   27   988k   13   20  60%  81.9M    n/a  n/a
   2   5b |   7 1.0   19   6.9M  151  578  79%    10M |  99.9   n/a   1   27  1.20M   17   20  54%  81.9M    n/a  n/a

          |--------------------DL---------------------|-------------------------------UL-----------------------------
 pci rnti | cqi  ri  mcs  brate   ok  nok  (%)  dl_bs | pusch  rsrp  ri  mcs  brate   ok  nok  (%)    bsr     ta  phr
   3   5c |   7 1.0   19    15M   95  401  80%    10M |  99.9   n/a   1   27  2.55M   10   11  52%  81.9M    n/a  n/a
   3   5d |   7 1.0   19    14M   96  399  80%    10M |  99.9   n/a   1   27  1.77M    7    9  56%  81.9M    n/a  n/a
   3   5e |   7 1.0   19    14M   86  455  84%    10M |  99.9   n/a   1   27  1.50M    6   11  64%  81.9M    n/a  n/a
   3   5f |   7 1.0   19    15M  101  366  78%    10M |  99.9   n/a   1   27  2.26M    9    9  50%  81.9M    n/a  n/a
   3   60 |   7 1.0   19    15M   96  414  81%    10M |  99.9   n/a   1   27  2.55M   10    8  44%  81.9M    n/a  n/a
   3   61 |   7 1.0   19    15M   94  409  81%    10M |  99.9   n/a   1   27  1.27M    5   12  70%  81.9M    n/a  n/a
   3   62 |   7 1.0    0      0    0    0   0%    10M |   n/a   n/a   1    0      0    0    0   0%  81.9M    n/a  n/a
   3   63 |   7 1.0    0      0    0    0   0%    10M |   n/a   n/a   1    0      0    0    0   0%  81.9M    n/a  n/a
   0   44 |   7 1.0   19    13M   99  478  82%    10M |  99.9   n/a   1   27  1.51M    6   12  66%  81.9M    n/a  n/a
   0   45 |   7 1.0   19    13M   97  462  82%    10M |  99.9   n/a   1   27   770k    3   12  80%  81.9M    n/a  n/a
   0   46 |   7 1.0   19    14M  112  459  80%    10M |  99.9   n/a   1   27  1.52M    6   15  71%  81.9M    n/a  n/a
   0   47 |   7 1.0   19    14M  102  448  81%    10M |  99.9   n/a   1   27   762k    3   12  80%  81.9M    n/a  n/a
   0   48 |   7 1.0    0      0    0    0   0%    10M |   n/a   n/a   1    0      0    0    0   0%  81.9M    n/a  n/a
   0   49 |   7 1.0   19    14M  100  435  81%    10M |  99.9   n/a   1   27  1.00M    4   12  75%  81.9M    n/a  n/a
   0   4a |   7 1.0    0      0    0    0   0%    10M |   n/a   n/a   1    0      0    0    0   0%  81.9M    n/a  n/a
   0   4b |   7 1.0    0      0    0    0   0%    10M |   n/a   n/a   1    0      0    0    0   0%  81.9M    n/a  n/a
   1   4c |   7 1.0   19   7.8M   62  575  90%    10M |  99.9   n/a   1   27  1.13M    5   11  68%  81.9M    n/a  n/a
   1   4d |   7 1.0   19   8.4M   72  441  85%    10M |  99.9   n/a   1   27   439k    2   10  83%  81.9M    n/a  n/a
   1   4e |   7 1.0   19   8.7M   65  475  87%    10M |  99.9   n/a   1   27   676k    3   12  80%  81.9M    n/a  n/a
   1   4f |   7 1.0   19   8.3M   64  469  87%    10M |  99.9   n/a   1   27  1.36M    6   10  62%  81.9M    n/a  n/a
   1   50 |   7 1.0   19   8.8M   71  521  88%    10M |  99.9   n/a   1   27   234k    1   11  91%  81.9M    n/a  n/a
   1   51 |   7 1.0   19   8.5M   66  488  88%    10M |  99.9   n/a   1   27   234k    1    8  88%  81.9M    n/a  n/a
   1   52 |   7 1.0    0      0    0    0   0%    10M |   n/a   n/a   1    0      0    0    0   0%  81.9M    n/a  n/a
   1   53 |   7 1.0   19   8.3M   67  478  87%    10M |  99.9   n/a   1   27   672k    3   12  80%  81.9M    n/a  n/a
   2   54 |   7 1.0   19   7.6M  174  705  80%    10M |  99.9   n/a   1   27  1.02M   14   19  57%  81.9M    n/a  n/a
   2   55 |   7 1.0   19   8.1M  176  595  77%    10M |  99.9   n/a   1   27  1.03M   13   24  64%  81.9M    n/a  n/a
   2   56 |   7 1.0   19   7.7M  172  587  77%    10M |  99.9   n/a   1   27   863k   11   21  65%  81.9M    n/a  n/a
   2   57 |   7 1.0   19   8.0M  164  495  75%    10M |  99.9   n/a   1   27   914k   11   22  66%  81.9M    n/a  n/a
   2   58 |   7 1.0   19   7.9M  173  572  76%    10M |  99.9   n/a   1   27   970k   13   24  64%  81.9M    n/a  n/a
   2   59 |   7 1.0   19   7.8M  170  522  75%    10M |  99.9   n/a   1   27   824k   11   22  66%  81.9M    n/a  n/a
   2   5a |   7 1.0   19   7.8M  169  561  76%    10M |  99.9   n/a   1   27   868k   10   22  68%  81.9M    n/a  n/a
   2   5b |   7 1.0   19   7.8M  168  508  75%    10M |  99.9   n/a   1   27  1.05M   12   19  61%  81.9M    n/a  n/a
   3   5c |   7 1.0   19    10M   68  539  88%    10M |  99.9   n/a   1   27  1.52M    6   12  66%  81.9M    n/a  n/a
   3   5d |   7 1.0   19    12M   77  498  86%    10M |  99.9   n/a   1   27  1.51M    6   13  68%  81.9M    n/a  n/a
   3   5e |   7 1.0   19    11M   74  451  85%    10M |  99.9   n/a   1   27  1.77M    7   12  63%  81.9M    n/a  n/a
   3   5f |   7 1.0   19    11M   83  496  85%    10M |  99.9   n/a   1   27   996k    4   15  78%  81.9M    n/a  n/a
   3   60 |   7 1.0   19    11M   76  440  85%    10M |  99.9   n/a   1   27  1.27M    5   15  75%  81.9M    n/a  n/a
   3   61 |   7 1.0   19    11M   73  426  85%    10M |  99.9   n/a   1   27  1.79M    7   13  65%  81.9M    n/a  n/a
   3   62 |   7 1.0    0      0    0    0   0%    10M |   n/a   n/a   1    0      0    0    0   0%  81.9M    n/a  n/a
   3   63 |   7 1.0    0      0    0    0   0%    10M |   n/a   n/a   1    0      0    0    0   0%  81.9M    n/a  n/a
   0   44 |   7 1.0   19    13M  100  444  81%    10M |  99.9   n/a   1   27  1.78M    7   16  69%  81.9M    n/a  n/a
   0   45 |   7 1.0   19    16M  107  363  77%    10M |  99.9   n/a   1   27  1.27M    5   16  76%  81.9M    n/a  n/a
   0   46 |   7 1.0   19    15M  103  418  80%    10M |  99.9   n/a   1   27  2.02M    8   16  66%  81.9M    n/a  n/a
   0   47 |   7 1.0   19    15M  106  414  79%    10M |  99.9   n/a   1   27  1.53M    6   16  72%  81.9M    n/a  n/a
   0   48 |   7 1.0    0      0    0    0   0%    10M |   n/a   n/a   1    0      0    0    0   0%  81.9M    n/a  n/a
   0   49 |   7 1.0   19    14M  110  420  79%    10M |  99.9   n/a   1   27  1.51M    6   16  72%  81.9M    n/a  n/a
   0   4a |   7 1.0    0      0    0    0   0%    10M |   n/a   n/a   1    0      0    0    0   0%  81.9M    n/a  n/a
   0   4b |   7 1.0    0      0    0    0   0%    10M |   n/a   n/a   1    0      0    0    0   0%  81.9M    n/a  n/a
   1   4c |   7 1.0   19   9.3M   75  382  83%    10M |  99.9   n/a   1   27  1.35M    6   14  70%  81.9M    n/a  n/a
   1   4d |   7 1.0   19   9.2M   69  341  83%    10M |  99.9   n/a   1   27   685k    3   13  81%  81.9M    n/a  n/a
   1   4e |   7 1.0   19   9.4M   67  357  84%    10M |  99.9   n/a   1   27  1.80M    8    9  52%  81.9M    n/a  n/a
   1   4f |   7 1.0   19   9.1M   61  345  84%    10M |  99.9   n/a   1   27   910k    4   11  73%  81.9M    n/a  n/a
   1   50 |   7 1.0   19   9.8M   74  394  84%    10M |  99.9   n/a   1   27   225k    1   11  91%  81.9M    n/a  n/a
   1   51 |   7 1.0   19   8.8M   63  393  86%    10M |  99.9   n/a   1   27   910k    4   10  71%  81.9M    n/a  n/a
   1   52 |   7 1.0    0      0    0    0   0%    10M |   n/a   n/a   1    0      0    0    0   0%  81.9M    n/a  n/a
   1   53 |   7 1.0   19   9.1M   71  385  84%    10M |  99.9   n/a   1   27  1.57M    7   12  63%  81.9M    n/a  n/a
   2   54 |   7 1.0   19   6.6M  153  679  81%    10M |  99.9   n/a   1   27   469k    6   17  73%  81.9M    n/a  n/a
   2   55 |   7 1.0   19   6.9M  150  492  76%    10M |  99.9   n/a   1   27   465k    7   21  75%  81.9M    n/a  n/a
   2   56 |   7 1.0   19   6.6M  148  638  81%    10M |  99.9   n/a   1   27   455k    6   19  76%  81.9M    n/a  n/a
   2   57 |   7 1.0   19   7.3M  148  485  76%    10M |  99.9   n/a   1   27   554k    8   20  71%  81.9M    n/a  n/a
   2   58 |   7 1.0   19   7.0M  159  652  80%    10M |  99.9   n/a   1   27   268k    3   21  87%  81.9M    n/a  n/a
   2   59 |   7 1.0   19   6.9M  149  552  78%    10M |  99.9   n/a   1   27   429k    6   21  77%  81.9M    n/a  n/a
   2   5a |   7 1.0   19   6.9M  151  575  79%    10M |  99.9   n/a   1   27   424k    5   19  79%  81.9M    n/a  n/a
   2   5b |   7 1.0   19   7.0M  158  528  76%    10M |  99.9   n/a   1   27   634k    9   17  65%  81.9M    n/a  n/a
   3   5c |   7 1.0   19    14M   94  378  80%    10M |  99.9   n/a   1   27  1.04M    4   11  73%  81.9M    n/a  n/a
   3   5d |   7 1.0   19    14M   95  403  80%    10M |  99.9   n/a   1   27  2.52M   10   11  52%  81.9M    n/a  n/a
   3   5e |   7 1.0   19    14M   96  355  78%    10M |  99.9   n/a   1   27  1.77M    7   12  63%  81.9M    n/a  n/a
   3   5f |   7 1.0   19    14M   98  358  78%    10M |  99.9   n/a   1   27  1.27M    5   12  70%  81.9M    n/a  n/a
   3   60 |   7 1.0   19    14M   96  373  79%    10M |  99.9   n/a   1   27  2.02M    8   10  55%  81.9M    n/a  n/a
   3   61 |   7 1.0   19    14M   95  374  79%    10M |  99.9   n/a   1   27  1.27M    5   11  68%  81.9M    n/a  n/a
   3   62 |   7 1.0    0      0    0    0   0%    10M |   n/a   n/a   1    0      0    0    0   0%  81.9M    n/a  n/a
   3   63 |   7 1.0    0      0    0    0   0%    10M |   n/a   n/a   1    0      0    0    0   0%  81.9M    n/a  n/a
   0   44 |   7 1.0   19    12M   85  455  84%    10M |  99.9   n/a   1   27  1.51M    6   16  72%  81.9M    n/a  n/a
   0   45 |   7 1.0   19    12M  101  466  82%    10M |  99.9   n/a   1   27   512k    2   16  88%  81.9M    n/a  n/a
   0   46 |   7 1.0   19    12M   93  486  83%    10M |  99.9   n/a   1   27   763k    3   15  83%  81.9M    n/a  n/a
   0   47 |   7 1.0   19    12M   87  470  84%    10M |  99.9   n/a   1   27   246k    1   16  94%  81.9M    n/a  n/a
   0   48 |   7 1.0    0      0    0    0   0%    10M |   n/a   n/a   1    0      0    0    0   0%  81.9M    n/a  n/a
   0   49 |   7 1.0   19    11M   89  463  83%    10M |  99.9   n/a   1   27  1.25M    5   16  76%  81.9M    n/a  n/a
   0   4a |   7 1.0    0      0    0    0   0%    10M |   n/a   n/a   1    0      0    0    0   0%  81.9M    n/a  n/a
   0   4b |   7 1.0    0      0    0    0   0%    10M |   n/a   n/a   1    0      0    0    0   0%  81.9M    n/a  n/a
   1   4c |   7 1.0   19   8.9M   70  392  84%    10M |  99.9   n/a   1   27   455k    2   10  83%  81.9M    n/a  n/a
   1   4d |   7 1.0   19   8.8M   69  414  85%    10M |  99.9   n/a   1   27   451k    2   12  85%  81.9M    n/a  n/a
   1   4e |   7 1.0   19   9.6M   72  371  83%    10M |  99.9   n/a   1   27   451k    2   13  86%  81.9M    n/a  n/a
   1   4f |   7 1.0   19   8.9M   69  452  86%    10M |  99.9   n/a   1   27   676k    3   11  78%  81.9M    n/a  n/a
   1   50 |   7 1.0   19   9.5M   81  430  84%    10M |  99.9   n/a   1   27  1.13M    5   10  66%  81.9M    n/a  n/a
   1   51 |   7 1.0   19   9.1M   66  397  85%    10M |  99.9   n/a   1   27   681k    3   12  80%  81.9M    n/a  n/a
   1   52 |   7 1.0    0      0    0    0   0%    10M |   n/a   n/a   1    0      0    0    0   0%  81.9M    n/a  n/a
   1   53 |   7 1.0   19   9.3M   68  399  85%    10M |  99.9   n/a   1   27  1.13M    5   10  66%  81.9M    n/a  n/a

          |--------------------DL---------------------|-------------------------------UL-----------------------------
 pci rnti | cqi  ri  mcs  brate   ok  nok  (%)  dl_bs | pusch  rsrp  ri  mcs  brate   ok  nok  (%)    bsr     ta  phr
   2   54 |   7 1.0   19   6.8M  148  600  80%    10M |  99.9   n/a   1   27   488k    6   24  80%  81.9M    n/a  n/a
   2   55 |   7 1.0   19   6.5M  143  569  79%    10M |  99.9   n/a   1   27   636k    9   21  70%  81.9M    n/a  n/a
   2   56 |   7 1.0   19   6.5M  145  691  82%    10M |  99.9   n/a   1   27   425k    5   25  83%  81.9M    n/a  n/a
   2   57 |   7 1.0   19   6.5M  139  575  80%    10M |  99.9   n/a   1   27   596k    9   28  75%  81.9M    n/a  n/a
   2   58 |   7 1.0   19   6.5M  150  645  81%    10M |  99.9   n/a   1   27   517k    7   24  77%  81.9M    n/a  n/a
   2   59 |   7 1.0   19   6.6M  137  591  81%    10M |  99.9   n/a   1   27   668k    8   19  70%  81.9M    n/a  n/a
   2   5a |   7 1.0   19   6.6M  141  683  82%    10M |  99.9   n/a   1   27   572k    8   25  75%  81.9M    n/a  n/a
   2   5b |   7 1.0   19   6.6M  140  619  81%    10M |  99.9   n/a   1   27   709k    8   25  75%  81.9M    n/a  n/a
   3   5c |   7 1.0   19    11M   86  426  83%    10M |  99.9   n/a   1   27   750k    3   13  81%  81.9M    n/a  n/a
   3   5d |   7 1.0   19    12M   81  473  85%    10M |  99.9   n/a   1   27   517k    2   12  85%  81.9M    n/a  n/a
   3   5e |   7 1.0   19    11M   75  407  84%    10M |  99.9   n/a   1   27  1.02M    4   13  76%  81.9M    n/a  n/a
   3   5f |   7 1.0   19    11M   81  474  85%    10M |  99.9   n/a   1   27   758k    3   11  78%  81.9M    n/a  n/a
   3   60 |   7 1.0   19    12M   81  476  85%    10M |  99.9   n/a   1   27   750k    3   13  81%  81.9M    n/a  n/a
   3   61 |   7 1.0   19    11M   86  452  84%    10M |  99.9   n/a   1   27   754k    3   11  78%  81.9M    n/a  n/a
   3   62 |   7 1.0    0      0    0    0   0%    10M |   n/a   n/a   1    0      0    0    0   0%  81.9M    n/a  n/a
   3   63 |   7 1.0    0      0    0    0   0%    10M |   n/a   n/a   1    0      0    0    0   0%  81.9M    n/a  n/a
   0   44 |   7 1.0   19    16M  113  356  75%    10M |  99.9   n/a   1   27  1.77M    7   15  68%  81.9M    n/a  n/a
   0   45 |   7 1.0   19    16M  118  336  74%    10M |  99.9   n/a   1   27  1.51M    6   16  72%  81.9M    n/a  n/a
   0   46 |   7 1.0   19    17M  125  316  71%    10M |  99.9   n/a   1   27  3.03M   12   13  52%  81.9M    n/a  n/a
   0   47 |   7 1.0   19    17M  124  316  71%    10M |  99.9   n/a   1   27  2.80M   11   12  52%  81.9M    n/a  n/a
   0   48 |   7 1.0    0      0    0    0   0%    10M |   n/a   n/a   1    0      0    0    0   0%  81.9M    n/a  n/a
   0   49 |   7 1.0   19    16M  123  353  74%    10M |  99.9   n/a   1   27  1.50M    6   16  72%  81.9M    n/a  n/a
   0   4a |   7 1.0    0      0    0    0   0%    10M |   n/a   n/a   1    0      0    0    0   0%  81.9M    n/a  n/a
   0   4b |   7 1.0    0      0    0    0   0%    10M |   n/a   n/a   1    0      0    0    0   0%  81.9M    n/a  n/a
   1   4c |   7 1.0   19    10M   78  368  82%    10M |  99.9   n/a   1   27  1.56M    7   10  58%  81.9M    n/a  n/a
   1   4d |   7 1.0   19    11M   85  364  81%    10M |  99.9   n/a   1   27  1.61M    7    9  56%  81.9M    n/a  n/a
   1   4e |   7 1.0   19    11M   82  359  81%    10M |  99.9   n/a   1   27  1.13M    5    8  61%  81.9M    n/a  n/a
   1   4f |   7 1.0   19    11M   84  356  80%    10M |  99.9   n/a   1   27  1.58M    7    8  53%  81.9M    n/a  n/a
   1   50 |   7 1.0   19    10M   80  417  83%    10M |  99.9   n/a   1   27   685k    3    8  72%  81.9M    n/a  n/a
   1   51 |   7 1.0   19    11M   88  359  80%    10M |  99.9   n/a   1   27  1.12M    5   10  66%  81.9M    n/a  n/a
   1   52 |   7 1.0    0      0    0    0   0%    10M |   n/a   n/a   1    0      0    0    0   0%  81.9M    n/a  n/a
   1   53 |   7 1.0   19    11M   86  328  79%    10M |  99.9   n/a   1   27   906k    4    9  69%  81.9M    n/a  n/a
   2   54 |   7 1.0   19   5.7M  129  646  83%    10M |  99.9   n/a   1   27   485k    6   22  78%  81.9M    n/a  n/a
   2   55 |   7 1.0   19   5.9M  120  605  83%    10M |  99.9   n/a   1   27   776k   10   24  70%  81.9M    n/a  n/a
   2   56 |   7 1.0   19   5.9M  127  706  84%    10M |  99.9   n/a   1   27   367k    5   25  83%  81.9M    n/a  n/a
   2   57 |   7 1.0   19   5.9M  120  581  82%    10M |  99.9   n/a   1   27   550k    7   20  74%  81.9M    n/a  n/a
   2   58 |   7 1.0   19   6.1M  142  601  80%    10M |  99.9   n/a   1   27   701k    8   24  75%  81.9M    n/a  n/a
   2   59 |   7 1.0   19   5.9M  122  581  82%    10M |  99.9   n/a   1   27   579k    7   24  77%  81.9M    n/a  n/a
   2   5a |   7 1.0   19   5.9M  133  729  84%    10M |  99.9   n/a   1   27   340k    4   23  85%  81.9M    n/a  n/a
   2   5b |   7 1.0   19   5.9M  123  617  83%    10M |  99.9   n/a   1   27   556k    7   26  78%  81.9M    n/a  n/a
   3   5c |   7 1.0   19    12M   85  435  83%    10M |  99.9   n/a   1   27  2.53M   10   13  56%  81.9M    n/a  n/a
   3   5d |   7 1.0   19    12M   77  398  83%    10M |  99.9   n/a   1   27   500k    2   14  87%  81.9M    n/a  n/a
   3   5e |   7 1.0   19    13M   90  441  83%    10M |  99.9   n/a   1   27  2.54M   10   14  58%  81.9M    n/a  n/a
   3   5f |   7 1.0   19    12M   82  458  84%    10M |  99.9   n/a   1   27  1.78M    7   15  68%  81.9M    n/a  n/a
   3   60 |   7 1.0   19    12M   88  400  81%    10M |  99.9   n/a   1   27  2.03M    8   13  61%  81.9M    n/a  n/a
   3   61 |   7 1.0   19    13M   89  457  83%    10M |  99.9   n/a   1   27   762k    3   11  78%  81.9M    n/a  n/a
   3   62 |   7 1.0    0      0    0    0   0%    10M |   n/a   n/a   1    0      0    0    0   0%  81.9M    n/a  n/a
   3   63 |   7 1.0    0      0    0    0   0%    10M |   n/a   n/a   1    0      0    0    0   0%  81.9M    n/a  n/a
   0   44 |   7 1.0   19    15M  107  333  75%    10M |  99.9   n/a   1   27  1.26M    5   13  72%  81.9M    n/a  n/a
   0   45 |   7 1.0   19    14M  105  347  76%    10M |  99.9   n/a   1   27  1.77M    7   12  63%  81.9M    n/a  n/a
   0   46 |   7 1.0   19    15M  109  341  75%    10M |  99.9   n/a   1   27  1.51M    6   14  70%  81.9M    n/a  n/a
   0   47 |   7 1.0   19    15M  104  338  76%    10M |  99.9   n/a   1   27   500k    2   16  88%  81.9M    n/a  n/a
   0   48 |   7 1.0    0      0    0    0   0%    10M |   n/a   n/a   1    0      0    0    0   0%  81.9M    n/a  n/a
   0   49 |   7 1.0   19    14M  104  365  77%    10M |  99.9   n/a   1   27  1.52M    6   12  66%  81.9M    n/a  n/a
   0   4a |   7 1.0    0      0    0    0   0%    10M |   n/a   n/a   1    0      0    0    0   0%  81.9M    n/a  n/a
   0   4b |   7 1.0    0      0    0    0   0%    10M |   n/a   n/a   1    0      0    0    0   0%  81.9M    n/a  n/a
   1   4c |   7 1.0   19   6.2M   51  483  90%    10M |   n/a   n/a   1   27      0    0   11 100%  81.9M    n/a  n/a
   1   4d |   7 1.0   19   6.6M   53  454  89%    10M |  99.9   n/a   1   27   685k    3   10  76%  81.9M    n/a  n/a
   1   4e |   7 1.0   19   6.6M   47  432  90%    10M |  99.9   n/a   1   27   225k    1   13  92%  81.9M    n/a  n/a
   1   4f |   7 1.0   19   6.3M   53  423  88%    10M |  99.9   n/a   1   27   676k    3   11  78%  81.9M    n/a  n/a
   1   50 |   7 1.0   19   6.6M   46  459  90%    10M |  99.9   n/a   1   27   680k    3   13  81%  81.9M    n/a  n/a
   1   51 |   7 1.0   19   6.3M   46  446  90%    10M |  99.9   n/a   1   27   447k    2   11  84%  81.9M    n/a  n/a
   1   52 |   7 1.0    0      0    0    0   0%    10M |   n/a   n/a   1    0      0    0    0   0%  81.9M    n/a  n/a
   1   53 |   7 1.0   19   6.6M   49  434  89%    10M |   n/a   n/a   1   27      0    0   11 100%  81.9M    n/a  n/a
   2   54 |   7 1.0   19   7.7M  172  583  77%    10M |  99.9   n/a   1   27   974k   12   17  58%  81.9M    n/a  n/a
   2   55 |   7 1.0   19   8.0M  168  568  77%    10M |  99.9   n/a   1   27   805k   11   20  64%  81.9M    n/a  n/a
   2   56 |   7 1.0   19   8.1M  184  604  76%    10M |  99.9   n/a   1   27  1.09M   13   15  53%  81.9M    n/a  n/a
   2   57 |   7 1.0   19   7.8M  171  567  76%    10M |  99.9   n/a   1   27  1.15M   15   16  51%  81.9M    n/a  n/a
   2   58 |   7 1.0   19   8.0M  188  591  75%    10M |  99.9   n/a   1   27   881k   11   18  62%  81.9M    n/a  n/a
   2   59 |   7 1.0   19   8.2M  168  509  75%    10M |  99.9   n/a   1   27   702k   10   17  62%  81.9M    n/a  n/a
   2   5a |   7 1.0   19   7.9M  175  587  77%    10M |  99.9   n/a   1   27  1.33M   18   15  45%  81.9M    n/a  n/a
   2   5b |   7 1.0   19   8.0M  165  519  75%    10M |  99.9   n/a   1   27  1.45M   19   18  48%  81.9M    n/a  n/a
   3   5c |   7 1.0   19    11M   68  488  87%    10M |  99.9   n/a   1   27  1.01M    4   14  77%  81.9M    n/a  n/a
   3   5d |   7 1.0   19    11M   72  453  86%    10M |  99.9   n/a   1   27   258k    1   11  91%  81.9M    n/a  n/a
   3   5e |   7 1.0   19    11M   67  459  87%    10M |  99.9   n/a   1   27   504k    2   12  85%  81.9M    n/a  n/a
   3   5f |   7 1.0   19    11M   71  472  86%    10M |  99.9   n/a   1   27   508k    2   14  87%  81.9M    n/a  n/a
   3   60 |   7 1.0   19    11M   76  421  84%    10M |  99.9   n/a   1   27   500k    2   12  85%  81.9M    n/a  n/a
   3   61 |   7 1.0   19    11M   75  465  86%    10M |  99.9   n/a   1   27  1.26M    5   16  76%  81.9M    n/a  n/a
   3   62 |   7 1.0    0      0    0    0   0%    10M |   n/a   n/a   1    0      0    0    0   0%  81.9M    n/a  n/a
   3   63 |   7 1.0    0      0    0    0   0%    10M |   n/a   n/a   1    0      0    0    0   0%  81.9M    n/a  n/a
   0   44 |   7 1.0   19    11M   86  423  83%    10M |  99.9   n/a   1   27  1.01M    4   16  80%  81.9M    n/a  n/a
   0   45 |   7 1.0   19    13M   96  408  80%    10M |  99.9   n/a   1   27  1.01M    4   16  80%  81.9M    n/a  n/a
   0   46 |   7 1.0   19    12M   99  404  80%    10M |  99.9   n/a   1   27  1.01M    4   14  77%  81.9M    n/a  n/a
   0   47 |   7 1.0   19    11M   86  464  84%    10M |  99.9   n/a   1   27   771k    3   16  84%  81.9M    n/a  n/a
   0   48 |   7 1.0    0      0    0    0   0%    10M |   n/a   n/a   1    0      0    0    0   0%  81.9M    n/a  n/a
   0   49 |   7 1.0   19    11M   78  451  85%    10M |  99.9   n/a   1   27  1.01M    4   16  80%  81.9M    n/a  n/a
   0   4a |   7 1.0    0      0    0    0   0%    10M |   n/a   n/a   1    0      0    0    0   0%  81.9M    n/a  n/a
   0   4b |   7 1.0    0      0    0    0   0%    10M |   n/a   n/a   1    0      0    0    0   0%  81.9M    n/a  n/a

          |--------------------DL---------------------|-------------------------------UL-----------------------------
 pci rnti | cqi  ri  mcs  brate   ok  nok  (%)  dl_bs | pusch  rsrp  ri  mcs  brate   ok  nok  (%)    bsr     ta  phr
   1   4c |   7 1.0   19   9.4M   76  414  84%    10M |  99.9   n/a   1   27  1.12M    5   11  68%  81.9M    n/a  n/a
   1   4d |   7 1.0   19   9.3M   69  395  85%    10M |  99.9   n/a   1   27   221k    1   12  92%  81.9M    n/a  n/a
   1   4e |   7 1.0   19   9.2M   73  467  86%    10M |  99.9   n/a   1   27   910k    4   13  76%  81.9M    n/a  n/a
   1   4f |   7 1.0   19   9.2M   71  405  85%    10M |  99.9   n/a   1   27  1.12M    5   11  68%  81.9M    n/a  n/a
   1   50 |   7 1.0   19   9.6M   74  416  84%    10M |  99.9   n/a   1   27   459k    2   11  84%  81.9M    n/a  n/a
   1   51 |   7 1.0   19   9.2M   73  423  85%    10M |  99.9   n/a   1   27   680k    3   10  76%  81.9M    n/a  n/a
   1   52 |   7 1.0    0      0    0    0   0%    10M |   n/a   n/a   1    0      0    0    0   0%  81.9M    n/a  n/a
   1   53 |   7 1.0   19   9.3M   68  416  85%    10M |  99.9   n/a   1   27   668k    3   12  80%  81.9M    n/a  n/a
   2   54 |   7 1.0   19   6.7M  163  663  80%    10M |  99.9   n/a   1   27   649k    9   24  72%  81.9M    n/a  n/a
   2   55 |   7 1.0   19   6.9M  142  585  80%    10M |  99.9   n/a   1   27   711k    9   23  71%  81.9M    n/a  n/a
   2   56 |   7 1.0   19   7.0M  156  651  80%    10M |  99.9   n/a   1   27   429k    5   24  82%  81.9M    n/a  n/a
   2   57 |   7 1.0   19   6.7M  146  598  80%    10M |  99.9   n/a   1   27   570k    7   21  75%  81.9M    n/a  n/a
   2   58 |   7 1.0   19   6.9M  157  718  82%    10M |  99.9   n/a   1   27   688k    9   23  71%  81.9M    n/a  n/a
   2   59 |   7 1.0   19   6.9M  143  564  79%    10M |  99.9   n/a   1   27   647k    7   22  75%  81.9M    n/a  n/a
   2   5a |   7 1.0   19   7.1M  158  565  78%    10M |  99.9   n/a   1   27   525k    6   22  78%  81.9M    n/a  n/a
   2   5b |   7 1.0   19   6.8M  146  530  78%    10M |  99.9   n/a   1   27   563k    7   21  75%  81.9M    n/a  n/a
   3   5c |   7 1.0   19    13M   99  416  80%    10M |  99.9   n/a   1   27  1.29M    5   11  68%  81.9M    n/a  n/a
   3   5d |   7 1.0   19    14M   94  403  81%    10M |  99.9   n/a   1   27  1.51M    6   11  64%  81.9M    n/a  n/a
   3   5e |   7 1.0   19    14M   98  314  76%    10M |  99.9   n/a   1   27  1.50M    6   10  62%  81.9M    n/a  n/a
   3   5f |   7 1.0   19    14M   91  349  79%    10M |  99.9   n/a   1   27  2.02M    8   10  55%  81.9M    n/a  n/a
   3   60 |   7 1.0   19    14M   88  369  80%    10M |  99.9   n/a   1   27  1.26M    5   10  66%  81.9M    n/a  n/a
   3   61 |   7 1.0   19    14M   98  375  79%    10M |  99.9   n/a   1   27  1.51M    6   10  62%  81.9M    n/a  n/a
   3   62 |   7 1.0    0      0    0    0   0%    10M |   n/a   n/a   1    0      0    0    0   0%  81.9M    n/a  n/a
   3   63 |   7 1.0    0      0    0    0   0%    10M |   n/a   n/a   1    0      0    0    0   0%  81.9M    n/a  n/a
   0   44 |   7 1.0   19    14M   95  452  82%    10M |  99.9   n/a   1   27  1.77M    7   12  63%  81.9M    n/a  n/a
   0   45 |   7 1.0   19    16M  111  402  78%    10M |  99.9   n/a   1   27  1.52M    6   12  66%  81.9M    n/a  n/a
   0   46 |   7 1.0   19    16M  113  368  76%    10M |  99.9   n/a   1   27  2.27M    9   16  64%  81.9M    n/a  n/a
   0   47 |   7 1.0   19    15M  102  364  78%    10M |  99.9   n/a   1   27  1.77M    7   12  63%  81.9M    n/a  n/a
   0   48 |   7 1.0    0      0    0    0   0%    10M |   n/a   n/a   1    0      0    0    0   0%  81.9M    n/a  n/a
   0   49 |   7 1.0   19    15M  104  406  79%    10M |  99.9   n/a   1   27  1.26M    5   14  73%  81.9M    n/a  n/a
   0   4a |   7 1.0    0      0    0    0   0%    10M |   n/a   n/a   1    0      0    0    0   0%  81.9M    n/a  n/a
   0   4b |   7 1.0    0      0    0    0   0%    10M |   n/a   n/a   1    0      0    0    0   0%  81.9M    n/a  n/a
   1   4c |   7 1.0   19    11M   83  308  78%    10M |  99.9   n/a   1   27  1.37M    6   11  64%  81.9M    n/a  n/a
   1   4d |   7 1.0   19    11M   76  393  83%    10M |  99.9   n/a   1   27  1.11M    5    8  61%  81.9M    n/a  n/a
   1   4e |   7 1.0   19    11M   79  401  83%    10M |  99.9   n/a   1   27  1.81M    8    7  46%  81.9M    n/a  n/a
   1   4f |   7 1.0   19    10M   79  395  83%    10M |  99.9   n/a   1   27  1.59M    7    8  53%  81.9M    n/a  n/a
   1   50 |   7 1.0   19    11M   87  418  82%    10M |  99.9   n/a   1   27  1.12M    5   10  66%  81.9M    n/a  n/a
   1   51 |   7 1.0   19    11M   78  323  80%    10M |  99.9   n/a   1   27   910k    4    8  66%  81.9M    n/a  n/a
   1   52 |   7 1.0    0      0    0    0   0%    10M |   n/a   n/a   1    0      0    0    0   0%  81.9M    n/a  n/a
   1   53 |   7 1.0   19    11M   76  340  81%    10M |  99.9   n/a   1   27  1.59M    7    8  53%  81.9M    n/a  n/a
   2   54 |   7 1.0   19   7.7M  180  607  77%    10M |  99.9   n/a   1   27  1.82M   25   24  48%  81.9M    n/a  n/a
   2   55 |   7 1.0   19   6.9M  147  586  79%    10M |  99.9   n/a   1   27  1.80M   24   23  48%  81.9M    n/a  n/a
   2   56 |   7 1.0   19   7.7M  171  493  74%    10M |  99.9   n/a   1   27  1.81M   22   20  47%  81.9M    n/a  n/a
   2   57 |   7 1.0   19   7.2M  147  541  78%    10M |  99.9   n/a   1   27  1.59M   21   21  50%  81.9M    n/a  n/a
   2   58 |   7 1.0   19   7.7M  171  600  77%    10M |  99.9   n/a   1   27  1.63M   20   21  51%  81.9M    n/a  n/a
   2   59 |   7 1.0   19   7.1M  145  600  80%    10M |  99.9   n/a   1   27  1.90M   27   20  42%  81.9M    n/a  n/a
   2   5a |   7 1.0   19   7.8M  179  497  73%    10M |  99.9   n/a   1   27  1.81M   23   18  43%  81.9M    n/a  n/a
   2   5b |   7 1.0   19   7.1M  145  544  78%    10M |  99.9   n/a   1   27  1.79M   23   23  50%  81.9M    n/a  n/a
   3   5c |   7 1.0   19    12M   88  508  85%    10M |  99.9   n/a   1   27  1.27M    5   12  70%  81.9M    n/a  n/a
   3   5d |   7 1.0   19    12M   84  452  84%    10M |  99.9   n/a   1   27  1.77M    7   12  63%  81.9M    n/a  n/a
   3   5e |   7 1.0   19    12M   76  441  85%    10M |  99.9   n/a   1   27  2.51M   10   13  56%  81.9M    n/a  n/a
   3   5f |   7 1.0   19    12M   83  469  84%    10M |  99.9   n/a   1   27  1.77M    7   13  65%  81.9M    n/a  n/a
   3   60 |   7 1.0   19    11M   85  511  85%    10M |  99.9   n/a   1   27  1.28M    5   15  75%  81.9M    n/a  n/a
   3   61 |   7 1.0   19    12M   81  453  84%    10M |  99.9   n/a   1   27  1.55M    6   14  70%  81.9M    n/a  n/a
   3   62 |   7 1.0    0      0    0    0   0%    10M |   n/a   n/a   1    0      0    0    0   0%  81.9M    n/a  n/a
   3   63 |   7 1.0    0      0    0    0   0%    10M |   n/a   n/a   1    0      0    0    0   0%  81.9M    n/a  n/a
   0   44 |   7 1.0   19    16M  115  469  80%    10M |  99.9   n/a   1   27  1.27M    5   16  76%  81.9M    n/a  n/a
   0   45 |   7 1.0   19    16M  111  448  80%    10M |  99.9   n/a   1   27  1.52M    6   16  72%  81.9M    n/a  n/a
   0   46 |   7 1.0   19    15M  107  484  81%    10M |  99.9   n/a   1   27  1.77M    7   12  63%  81.9M    n/a  n/a
   0   47 |   7 1.0   19    16M  108  433  80%    10M |  99.9   n/a   1   27  1.26M    5   16  76%  81.9M    n/a  n/a
   0   48 |   7 1.0    0      0    0    0   0%    10M |   n/a   n/a   1    0      0    0    0   0%  81.9M    n/a  n/a
   0   49 |   7 1.0   19    15M  102  421  80%    10M |  99.9   n/a   1   27  1.50M    6   14  70%  81.9M    n/a  n/a
   0   4a |   7 1.0    0      0    0    0   0%    10M |   n/a   n/a   1    0      0    0    0   0%  81.9M    n/a  n/a
   0   4b |   7 1.0    0      0    0    0   0%    10M |   n/a   n/a   1    0      0    0    0   0%  81.9M    n/a  n/a
   1   4c |   7 1.0   19   7.9M   64  431  87%    10M |  99.9   n/a   1   27  1.35M    6   11  64%  81.9M    n/a  n/a
   1   4d |   7 1.0   19   7.8M   59  467  88%    10M |  99.9   n/a   1   27   898k    4   14  77%  81.9M    n/a  n/a
   1   4e |   7 1.0   19   7.4M   61  495  89%    10M |  99.9   n/a   1   27   451k    2   11  84%  81.9M    n/a  n/a
   1   4f |   7 1.0   19   7.5M   58  472  89%    10M |  99.9   n/a   1   27   234k    1   10  90%  81.9M    n/a  n/a
   1   50 |   7 1.0   19   7.8M   59  475  88%    10M |  99.9   n/a   1   27   225k    1   11  91%  81.9M    n/a  n/a
   1   51 |   7 1.0   19   7.3M   59  460  88%    10M |  99.9   n/a   1   27   689k    3   12  80%  81.9M    n/a  n/a
   1   52 |   7 1.0    0      0    0    0   0%    10M |   n/a   n/a   1    0      0    0    0   0%  81.9M    n/a  n/a
   1   53 |   7 1.0   19   7.7M   66  425  86%    10M |  99.9   n/a   1   27  1.13M    5   11  68%  81.9M    n/a  n/a
   2   54 |   7 1.0   19   8.0M  181  584  76%    10M |  99.9   n/a   1   27   780k   10   16  61%  81.9M    n/a  n/a
   2   55 |   7 1.0   19   7.9M  166  572  77%    10M |  99.9   n/a   1   27  1.04M   12   17  58%  81.9M    n/a  n/a
   2   56 |   7 1.0   19   7.7M  177  566  76%    10M |  99.9   n/a   1   27   793k    9   17  65%  81.9M    n/a  n/a
   2   57 |   7 1.0   19   7.8M  161  509  75%    10M |  99.9   n/a   1   27  1.05M   13   15  53%  81.9M    n/a  n/a
   2   58 |   7 1.0   19   7.9M  179  593  76%    10M |  99.9   n/a   1   27   644k    8   19  70%  81.9M    n/a  n/a
   2   59 |   7 1.0   19   7.7M  166  513  75%    10M |  99.9   n/a   1   27   991k   12   18  60%  81.9M    n/a  n/a
   2   5a |   7 1.0   19   7.4M  165  623  79%    10M |  99.9   n/a   1   27  1.20M   14   15  51%  81.9M    n/a  n/a
   2   5b |   7 1.0   19   7.6M  164  527  76%    10M |  99.9   n/a   1   27   832k   10   16  61%  81.9M    n/a  n/a
   3   5c |   7 1.0   19    14M   87  426  83%    10M |  99.9   n/a   1   27  1.52M    6   16  72%  81.9M    n/a  n/a
   3   5d |   7 1.0   19    14M   86  393  82%    10M |  99.9   n/a   1   27  1.02M    4   14  77%  81.9M    n/a  n/a
   3   5e |   7 1.0   19    14M   92  377  80%    10M |  99.9   n/a   1   27  2.01M    8   10  55%  81.9M    n/a  n/a
   3   5f |   7 1.0   19    14M   93  415  81%    10M |  99.9   n/a   1   27  1.52M    6   13  68%  81.9M    n/a  n/a
   3   60 |   7 1.0   19    13M   86  408  82%    10M |  99.9   n/a   1   27  2.28M    9   14  60%  81.9M    n/a  n/a
   3   61 |   7 1.0   19    13M   87  420  82%    10M |  99.9   n/a   1   27   754k    3   13  81%  81.9M    n/a  n/a
   3   62 |   7 1.0    0      0    0    0   0%    10M |   n/a   n/a   1    0      0    0    0   0%  81.9M    n/a  n/a
   3   63 |   7 1.0    0      0    0    0   0%    10M |   n/a   n/a   1    0      0    0    0   0%  81.9M    n/a  n/a

          |--------------------DL---------------------|-------------------------------UL-----------------------------
 pci rnti | cqi  ri  mcs  brate   ok  nok  (%)  dl_bs | pusch  rsrp  ri  mcs  brate   ok  nok  (%)    bsr     ta  phr
   0   44 |   7 1.0   19    12M   89  508  85%    10M |  99.9   n/a   1   27   508k    2   16  88%  81.9M    n/a  n/a
   0   45 |   7 1.0   19    11M   70  553  88%    10M |  99.9   n/a   1   27   496k    2   16  88%  81.9M    n/a  n/a
   0   46 |   7 1.0   19    13M   97  500  83%    10M |  99.9   n/a   1   27  2.03M    8   16  66%  81.9M    n/a  n/a
   0   47 |   7 1.0   19    11M   81  482  85%    10M |  99.9   n/a   1   27   758k    3   16  84%  81.9M    n/a  n/a
   0   48 |   7 1.0    0      0    0    0   0%    10M |   n/a   n/a   1    0      0    0    0   0%  81.9M    n/a  n/a
   0   49 |   7 1.0   19    11M   74  487  86%    10M |  99.9   n/a   1   27  1.02M    4   16  80%  81.9M    n/a  n/a
   0   4a |   7 1.0    0      0    0    0   0%    10M |   n/a   n/a   1    0      0    0    0   0%  81.9M    n/a  n/a
   0   4b |   7 1.0    0      0    0    0   0%    10M |   n/a   n/a   1    0      0    0    0   0%  81.9M    n/a  n/a
   1   4c |   7 1.0   19   9.5M   69  410  85%    10M |  99.9   n/a   1   27   672k    3    9  75%  81.9M    n/a  n/a
   1   4d |   7 1.0   19   9.2M   66  392  85%    10M |  99.9   n/a   1   27  1.16M    5    9  64%  81.9M    n/a  n/a
   1   4e |   7 1.0   19   9.4M   72  401  84%    10M |  99.9   n/a   1   27   459k    2   12  85%  81.9M    n/a  n/a
   1   4f |   7 1.0   19   9.6M   66  410  86%    10M |  99.9   n/a   1   27   447k    2   13  86%  81.9M    n/a  n/a
   1   50 |   7 1.0   19   9.4M   66  467  87%    10M |  99.9   n/a   1   27  1.37M    6   13  68%  81.9M    n/a  n/a
   1   51 |   7 1.0   19   9.6M   69  412  85%    10M |  99.9   n/a   1   27  1.34M    6   11  64%  81.9M    n/a  n/a
   1   52 |   7 1.0    0      0    0    0   0%    10M |   n/a   n/a   1    0      0    0    0   0%  81.9M    n/a  n/a
   1   53 |   7 1.0   19   9.3M   67  387  85%    10M |  99.9   n/a   1   27   893k    4   13  76%  81.9M    n/a  n/a
   2   54 |   7 1.0   19   7.7M  176  566  76%    10M |  99.9   n/a   1   27  1.18M   15   22  59%  81.9M    n/a  n/a
   2   55 |   7 1.0   19   7.4M  155  584  79%    10M |  99.9   n/a   1   27  1.06M   14   21  60%  81.9M    n/a  n/a
   2   56 |   7 1.0   19   7.5M  170  592  77%    10M |  99.9   n/a   1   27   940k   13   25  65%  81.9M    n/a  n/a
   2   57 |   7 1.0   19   7.5M  153  595  79%    10M |  99.9   n/a   1   27  1.08M   13   21  61%  81.9M    n/a  n/a
   2   58 |   7 1.0   19   7.5M  171  605  77%    10M |  99.9   n/a   1   27   586k    8   23  74%  81.9M    n/a  n/a
   2   59 |   7 1.0   19   7.3M  167  543  76%    10M |  99.9   n/a   1   27   806k   10   22  68%  81.9M    n/a  n/a
   2   5a |   7 1.0   19   7.8M  169  604  78%    10M |  99.9   n/a   1   27   546k    8   23  74%  81.9M    n/a  n/a
   2   5b |   7 1.0   19   7.4M  157  532  77%    10M |  99.9   n/a   1   27   625k    8   21  72%  81.9M    n/a  n/a
   3   5c |   7 1.0   19    12M   88  441  83%    10M |  99.9   n/a   1   27  1.52M    6   10  62%  81.9M    n/a  n/a
   3   5d |   7 1.0   19    13M   83  415  83%    10M |  99.9   n/a   1   27   754k    3   10  76%  81.9M    n/a  n/a
   3   5e |   7 1.0   19    13M   85  408  82%    10M |  99.9   n/a   1   27   766k    3   10  76%  81.9M    n/a  n/a
   3   5f |   7 1.0   19    12M   84  420  83%    10M |  99.9   n/a   1   27  1.53M    6   11  64%  81.9M    n/a  n/a
   3   60 |   7 1.0   19    12M   80  476  85%    10M |  99.9   n/a   1   27  1.01M    4    9  69%  81.9M    n/a  n/a
   3   61 |   7 1.0   19    13M   81  405  83%    10M |  99.9   n/a   1   27  1.53M    6   11  64%  81.9M    n/a  n/a
   3   62 |   7 1.0    0      0    0    0   0%    10M |   n/a   n/a   1    0      0    0    0   0%  81.9M    n/a  n/a
   3   63 |   7 1.0    0      0    0    0   0%    10M |   n/a   n/a   1    0      0    0    0   0%  81.9M    n/a  n/a
   0   44 |   7 1.0   19    16M  109  378  77%    10M |  99.9   n/a   1   27  1.27M    5   16  76%  81.9M    n/a  n/a
   0   45 |   7 1.0   19    16M  112  390  77%    10M |  99.9   n/a   1   27  1.75M    7   15  68%  81.9M    n/a  n/a
   0   46 |   7 1.0   19    15M  113  357  75%    10M |  99.9   n/a   1   27  1.26M    5   16  76%  81.9M    n/a  n/a
   0   47 |   7 1.0   19    16M  106  384  78%    10M |  99.9   n/a   1   27  2.53M   10   12  54%  81.9M    n/a  n/a
   0   48 |   7 1.0    0      0    0    0   0%    10M |   n/a   n/a   1    0      0    0    0   0%  81.9M    n/a  n/a
   0   49 |   7 1.0   19    16M  113  365  76%    10M |  99.9   n/a   1   27  1.26M    5   16  76%  81.9M    n/a  n/a
   0   4a |   7 1.0    0      0    0    0   0%    10M |   n/a   n/a   1    0      0    0    0   0%  81.9M    n/a  n/a
   0   4b |   7 1.0    0      0    0    0   0%    10M |   n/a   n/a   1    0      0    0    0   0%  81.9M    n/a  n/a
   1   4c |   7 1.0   19    11M   80  345  81%    10M |  99.9   n/a   1   27  1.13M    5   10  66%  81.9M    n/a  n/a
   1   4d |   7 1.0   19    11M   78  310  79%    10M |  99.9   n/a   1   27   893k    4    9  69%  81.9M    n/a  n/a
   1   4e |   7 1.0   19    11M   80  318  79%    10M |  99.9   n/a   1   27  2.05M    9    8  47%  81.9M    n/a  n/a
   1   4f |   7 1.0   19    10M   78  331  80%    10M |  99.9   n/a   1   27  1.14M    5    9  64%  81.9M    n/a  n/a
   1   50 |   7 1.0   19    10M   79  317  80%    10M |  99.9   n/a   1   27   898k    4    9  69%  81.9M    n/a  n/a
   1   51 |   7 1.0   19    10M   83  366  81%    10M |  99.9   n/a   1   27   885k    4    9  69%  81.9M    n/a  n/a
   1   52 |   7 1.0    0      0    0    0   0%    10M |   n/a   n/a   1    0      0    0    0   0%  81.9M    n/a  n/a
   1   53 |   7 1.0   19    11M   80  303  79%    10M |  99.9   n/a   1   27   906k    4    8  66%  81.9M    n/a  n/a
   2   54 |   7 1.0   19   6.0M  137  701  83%    10M |  99.9   n/a   1   27   762k    9   23  71%  81.9M    n/a  n/a
   2   55 |   7 1.0   19   6.0M  132  562  80%    10M |  99.9   n/a   1   27   656k    8   25  75%  81.9M    n/a  n/a
   2   56 |   7 1.0   19   5.8M  132  618  82%    10M |  99.9   n/a   1   27   677k    9   25  73%  81.9M    n/a  n/a
   2   57 |   7 1.0   19   6.1M  137  598  81%    10M |  99.9   n/a   1   27   731k    9   24  72%  81.9M    n/a  n/a
   2   58 |   7 1.0   19   6.1M  131  665  83%    10M |  99.9   n/a   1   27   830k   10   25  71%  81.9M    n/a  n/a
   2   59 |   7 1.0   19   5.9M  126  586  82%    10M |  99.9   n/a   1   27   766k    9   25  73%  81.9M    n/a  n/a
   2   5a |   7 1.0   19   6.1M  138  682  83%    10M |  99.9   n/a   1   27   702k   10   23  69%  81.9M    n/a  n/a
   2   5b |   7 1.0   19   6.1M  132  555  80%    10M |  99.9   n/a   1   27   669k    9   21  70%  81.9M    n/a  n/a
   3   5c |   7 1.0   19    11M   76  485  86%    10M |  99.9   n/a   1   27  2.03M    8   13  61%  81.9M    n/a  n/a
   3   5d |   7 1.0   19    12M   81  482  85%    10M |  99.9   n/a   1   27  1.50M    6   12  66%  81.9M    n/a  n/a
   3   5e |   7 1.0   19    12M   88  488  84%    10M |  99.9   n/a   1   27  1.00M    4   14  77%  81.9M    n/a  n/a
   3   5f |   7 1.0   19    12M   77  482  86%    10M |  99.9   n/a   1   27  1.26M    5   12  70%  81.9M    n/a  n/a
   3   60 |   7 1.0   19    12M   92  440  82%    10M |  99.9   n/a   1   27   758k    3   13  81%  81.9M    n/a  n/a
   3   61 |   7 1.0   19    12M   86  488  85%    10M |  99.9   n/a   1   27  1.02M    4   15  78%  81.9M    n/a  n/a
   3   62 |   7 1.0    0      0    0    0   0%    10M |   n/a   n/a   1    0      0    0    0   0%  81.9M    n/a  n/a
   3   63 |   7 1.0    0      0    0    0   0%    10M |   n/a   n/a   1    0      0    0    0   0%  81.9M    n/a  n/a
   0   44 |   7 1.0   19    11M   85  484  85%    10M |  99.9   n/a   1   27  1.02M    4   12  75%  81.9M    n/a  n/a
   0   45 |   7 1.0   19    13M  100  434  81%    10M |  99.9   n/a   1   27   762k    3   13  81%  81.9M    n/a  n/a
   0   46 |   7 1.0   19    13M   97  408  80%    10M |  99.9   n/a   1   27  1.51M    6   12  66%  81.9M    n/a  n/a
   0   47 |   7 1.0   19    12M   92  443  82%    10M |  99.9   n/a   1   27  1.52M    6   16  72%  81.9M    n/a  n/a
   0   48 |   7 1.0    0      0    0    0   0%    10M |   n/a   n/a   1    0      0    0    0   0%  81.9M    n/a  n/a
   0   49 |   7 1.0   19    12M   97  414  81%    10M |  99.9   n/a   1   27  1.50M    6   12  66%  81.9M    n/a  n/a
   0   4a |   7 1.0    0      0    0    0   0%    10M |   n/a   n/a   1    0      0    0    0   0%  81.9M    n/a  n/a
   0   4b |   7 1.0    0      0    0    0   0%    10M |   n/a   n/a   1    0      0    0    0   0%  81.9M    n/a  n/a
   1   4c |   7 1.0   19   8.3M   58  412  87%    10M |  99.9   n/a   1   27  1.57M    7   12  63%  81.9M    n/a  n/a
   1   4d |   7 1.0   19   8.3M   66  411  86%    10M |  99.9   n/a   1   27   439k    2   12  85%  81.9M    n/a  n/a
   1   4e |   7 1.0   19   8.0M   59  394  86%    10M |  99.9   n/a   1   27  1.82M    8    8  50%  81.9M    n/a  n/a
   1   4f |   7 1.0   19   8.5M   67  428  86%    10M |  99.9   n/a   1   27   676k    3   11  78%  81.9M    n/a  n/a
   1   50 |   7 1.0   19   8.4M   70  382  84%    10M |  99.9   n/a   1   27   918k    4   13  76%  81.9M    n/a  n/a
   1   51 |   7 1.0   19   8.3M   60  428  87%    10M |   n/a   n/a   1   27      0    0    7 100%  81.9M    n/a  n/a
   1   52 |   7 1.0    0      0    0    0   0%    10M |   n/a   n/a   1    0      0    0    0   0%  81.9M    n/a  n/a
   1   53 |   7 1.0   19   8.6M   62  434  87%    10M |  99.9   n/a   1   27  1.56M    7   15  68%  81.9M    n/a  n/a
   2   54 |   7 1.0   19   7.2M  165  603  78%    10M |  99.9   n/a   1   27   764k    9   16  64%  81.9M    n/a  n/a
   2   55 |   7 1.0   19   7.6M  162  549  77%    10M |  99.9   n/a   1   27   835k   11   17  60%  81.9M    n/a  n/a
   2   56 |   7 1.0   19   7.3M  161  639  79%    10M |  99.9   n/a   1   27   956k   11   15  57%  81.9M    n/a  n/a
   2   57 |   7 1.0   19   7.6M  162  536  76%    10M |  99.9   n/a   1   27   942k   12   14  53%  81.9M    n/a  n/a
   2   58 |   7 1.0   19   7.3M  164  613  78%    10M |  99.9   n/a   1   27   584k    7   15  68%  81.9M    n/a  n/a
   2   59 |   7 1.0   19   7.6M  164  544  76%    10M |  99.9   n/a   1   27  1.05M   14   19  57%  81.9M    n/a  n/a
   2   5a |   7 1.0   19   7.5M  162  603  78%    10M |  99.9   n/a   1   27  1.15M   14   18  56%  81.9M    n/a  n/a
   2   5b |   7 1.0   19   7.4M  159  579  78%    10M |  99.9   n/a   1   27   968k   13   19  59%  81.9M    n/a  n/a

          |--------------------DL---------------------|-------------------------------UL-----------------------------
 pci rnti | cqi  ri  mcs  brate   ok  nok  (%)  dl_bs | pusch  rsrp  ri  mcs  brate   ok  nok  (%)    bsr     ta  phr
   3   5c |   7 1.0   19    11M   69  452  86%    10M |  99.9   n/a   1   27  1.00M    4   14  77%  81.9M    n/a  n/a
   3   5d |   7 1.0   19    11M   74  425  85%    10M |  99.9   n/a   1   27  1.00M    4   12  75%  81.9M    n/a  n/a
   3   5e |   7 1.0   19    12M   77  435  84%    10M |  99.9   n/a   1   27   762k    3   11  78%  81.9M    n/a  n/a
   3   5f |   7 1.0   19    11M   69  480  87%    10M |  99.9   n/a   1   27  1.53M    6   11  64%  81.9M    n/a  n/a
   3   60 |   7 1.0   19    11M   74  443  85%    10M |  99.9   n/a   1   27  1.01M    4   13  76%  81.9M    n/a  n/a
   3   61 |   7 1.0   19    10M   71  434  85%    10M |  99.9   n/a   1   27  1.25M    5   10  66%  81.9M    n/a  n/a
   3   62 |   7 1.0    0      0    0    0   0%    10M |   n/a   n/a   1    0      0    0    0   0%  81.9M    n/a  n/a
   3   63 |   7 1.0    0      0    0    0   0%    10M |   n/a   n/a   1    0      0    0    0   0%  81.9M    n/a  n/a
   0   44 |   7 1.0   19    13M   96  410  81%    10M |  99.9   n/a   1   27   250k    1   16  94%  81.9M    n/a  n/a
   0   45 |   7 1.0   19    12M   88  355  80%    10M |  99.9   n/a   1   27   500k    2   16  88%  81.9M    n/a  n/a
   0   46 |   7 1.0   19    13M   94  404  81%    10M |  99.9   n/a   1   27   508k    2   16  88%  81.9M    n/a  n/a
   0   47 |   7 1.0   19    13M  103  408  79%    10M |  99.9   n/a   1   27  2.03M    8   12  60%  81.9M    n/a  n/a
   0   48 |   7 1.0    0      0    0    0   0%    10M |   n/a   n/a   1    0      0    0    0   0%  81.9M    n/a  n/a
   0   49 |   7 1.0   19    14M   99  357  78%    10M |  99.9   n/a   1   27   775k    3   16  84%  81.9M    n/a  n/a
   0   4a |   7 1.0    0      0    0    0   0%    10M |   n/a   n/a   1    0      0    0    0   0%  81.9M    n/a  n/a
   0   4b |   7 1.0    0      0    0    0   0%    10M |   n/a   n/a   1    0      0    0    0   0%  81.9M    n/a  n/a
   1   4c |   7 1.0   19    11M   88  384  81%    10M |  99.9   n/a   1   27  1.58M    7   10  58%  81.9M    n/a  n/a
   1   4d |   7 1.0   19    11M   79  320  80%    10M |  99.9   n/a   1   27  1.59M    7    9  56%  81.9M    n/a  n/a
   1   4e |   7 1.0   19    11M   81  360  81%    10M |  99.9   n/a   1   27  1.58M    7    8  53%  81.9M    n/a  n/a
   1   4f |   7 1.0   19    11M   85  324  79%    10M |  99.9   n/a   1   27  1.13M    5    6  54%  81.9M    n/a  n/a
   1   50 |   7 1.0   19    10M   78  332  80%    10M |  99.9   n/a   1   27   234k    1   10  90%  81.9M    n/a  n/a
   1   51 |   7 1.0   19    11M   88  298  77%    10M |  99.9   n/a   1   27   467k    2    8  80%  81.9M    n/a  n/a
   1   52 |   7 1.0    0      0    0    0   0%    10M |   n/a   n/a   1    0      0    0    0   0%  81.9M    n/a  n/a
   1   53 |   7 1.0   19    11M   81  336  80%    10M |  99.9   n/a   1   27  2.04M    9    9  50%  81.9M    n/a  n/a
   2   54 |   7 1.0   19   5.9M  133  715  84%    10M |  99.9   n/a   1   27   541k    7   22  75%  81.9M    n/a  n/a
   2   55 |   7 1.0   19   5.7M  122  609  83%    10M |  99.9   n/a   1   27   261k    4   20  83%  81.9M    n/a  n/a
   2   56 |   7 1.0   19   5.9M  137  716  83%    10M |  99.9   n/a   1   27   604k    8   22  73%  81.9M    n/a  n/a
   2   57 |   7 1.0   19   5.6M  117  561  82%    10M |  99.9   n/a   1   27   761k   10   24  70%  81.9M    n/a  n/a
   2   58 |   7 1.0   19   5.3M  127  716  84%    10M |  99.9   n/a   1   27   901k   12   27  69%  81.9M    n/a  n/a
   2   59 |   7 1.0   19   6.0M  126  555  81%    10M |  99.9   n/a   1   27   885k   11   21  65%  81.9M    n/a  n/a
   2   5a |   7 1.0   19   5.9M  135  671  83%    10M |  99.9   n/a   1   27   488k    6   21  77%  81.9M    n/a  n/a
   2   5b |   7 1.0   19   6.0M  122  544  81%    10M |  99.9   n/a   1   27   398k    6   24  80%  81.9M    n/a  n/a
   3   5c |   7 1.0   19    15M   92  424  82%    10M |  99.9   n/a   1   27  2.03M    8   13  61%  81.9M    n/a  n/a
   3   5d |   7 1.0   19    15M   91  350  79%    10M |  99.9   n/a   1   27  1.77M    7   11  61%  81.9M    n/a  n/a
   3   5e |   7 1.0   19    15M   99  409  80%    10M |  99.9   n/a   1   27  1.53M    6   10  62%  81.9M    n/a  n/a
   3   5f |   7 1.0   19    15M   96  409  80%    10M |  99.9   n/a   1   27  2.52M   10   11  52%  81.9M    n/a  n/a
   3   60 |   7 1.0   19    14M   93  377  80%    10M |  99.9   n/a   1   27  2.56M   10   12  54%  81.9M    n/a  n/a
   3   61 |   7 1.0   19    15M   99  429  81%    10M |  99.9   n/a   1   27  2.77M   11   12  52%  81.9M    n/a  n/a
   3   62 |   7 1.0    0      0    0    0   0%    10M |   n/a   n/a   1    0      0    0    0   0%  81.9M    n/a  n/a
   3   63 |   7 1.0    0      0    0    0   0%    10M |   n/a   n/a   1    0      0    0    0   0%  81.9M    n/a  n/a
   0   44 |   7 1.0   19    15M  109  426  79%    10M |  99.9   n/a   1   27   762k    3   12  80%  81.9M    n/a  n/a
   0   45 |   7 1.0   19    15M  100  362  78%    10M |  99.9   n/a   1   27  2.52M   10   12  54%  81.9M    n/a  n/a
   0   46 |   7 1.0   19    15M  111  420  79%    10M |  99.9   n/a   1   27  1.25M    5   12  70%  81.9M    n/a  n/a
   0   47 |   7 1.0   19    15M  108  396  78%    10M |  99.9   n/a   1   27  1.77M    7   16  69%  81.9M    n/a  n/a
   0   48 |   7 1.0    0      0    0    0   0%    10M |   n/a   n/a   1    0      0    0    0   0%  81.9M    n/a  n/a
   0   49 |   7 1.0   19    16M  115  376  76%    10M |  99.9   n/a   1   27  1.25M    5   12  70%  81.9M    n/a  n/a
   0   4a |   7 1.0    0      0    0    0   0%    10M |   n/a   n/a   1    0      0    0    0   0%  81.9M    n/a  n/a
   0   4b |   7 1.0    0      0    0    0   0%    10M |   n/a   n/a   1    0      0    0    0   0%  81.9M    n/a  n/a
   1   4c |   7 1.0   19    11M   90  364  80%    10M |  99.9   n/a   1   27  2.49M   11   12  52%  81.9M    n/a  n/a
   1   4d |   7 1.0   19    11M   75  354  82%    10M |  99.9   n/a   1   27   898k    4   13  76%  81.9M    n/a  n/a
   1   4e |   7 1.0   19    11M   81  400  83%    10M |  99.9   n/a   1   27  2.06M    9   12  57%  81.9M    n/a  n/a
   1   4f |   7 1.0   19    11M   80  377  82%    10M |  99.9   n/a   1   27  1.57M    7   10  58%  81.9M    n/a  n/a
   1   50 |   7 1.0   19    11M   80  392  83%    10M |  99.9   n/a   1   27   459k    2   11  84%  81.9M    n/a  n/a
   1   51 |   7 1.0   19    11M   85  314  78%    10M |  99.9   n/a   1   27  1.13M    5    9  64%  81.9M    n/a  n/a
   1   52 |   7 1.0    0      0    0    0   0%    10M |   n/a   n/a   1    0      0    0    0   0%  81.9M    n/a  n/a
   1   53 |   7 1.0   19    11M   87  363  80%    10M |  99.9   n/a   1   27  1.80M    8   13  61%  81.9M    n/a  n/a
   2   54 |   7 1.0   19   7.3M  167  564  77%    10M |  99.9   n/a   1   27   861k   10   21  67%  81.9M    n/a  n/a
   2   55 |   7 1.0   19   7.2M  150  537  78%    10M |  99.9   n/a   1   27   463k    6   25  80%  81.9M    n/a  n/a
   2   56 |   7 1.0   19   7.3M  163  583  78%    10M |  99.9   n/a   1   27   496k    7   24  77%  81.9M    n/a  n/a
   2   57 |   7 1.0   19   7.3M  153  555  78%    10M |  99.9   n/a   1   27   791k   11   21  65%  81.9M    n/a  n/a
   2   58 |   7 1.0   19   7.0M  165  682  80%    10M |  99.9   n/a   1   27   552k    7   22  75%  81.9M    n/a  n/a
   2   59 |   7 1.0   19   7.1M  157  547  77%    10M |  99.9   n/a   1   27   540k    7   22  75%  81.9M    n/a  n/a
   2   5a |   7 1.0   19   7.3M  169  579  77%    10M |  99.9   n/a   1   27   668k    8   20  71%  81.9M    n/a  n/a
   2   5b |   7 1.0   19   7.3M  151  555  78%    10M |  99.9   n/a   1   27   651k    8   20  71%  81.9M    n/a  n/a
   3   5c |   7 1.0   19    10M   72  486  87%    10M |  99.9   n/a   1   27   508k    2   11  84%  81.9M    n/a  n/a
   3   5d |   7 1.0   19    11M   78  414  84%    10M |  99.9   n/a   1   27  1.50M    6   13  68%  81.9M    n/a  n/a
   3   5e |   7 1.0   19    11M   75  431  85%    10M |  99.9   n/a   1   27  1.27M    5   15  75%  81.9M    n/a  n/a
   3   5f |   7 1.0   19    11M   77  430  84%    10M |  99.9   n/a   1   27   516k    2   15  88%  81.9M    n/a  n/a
   3   60 |   7 1.0   19  10.0M   66  439  86%    10M |  99.9   n/a   1   27   508k    2   13  86%  81.9M    n/a  n/a
   3   61 |   7 1.0   19    11M   76  408  84%    10M |  99.9   n/a   1   27  1.02M    4   13  76%  81.9M    n/a  n/a
   3   62 |   7 1.0    0      0    0    0   0%    10M |   n/a   n/a   1    0      0    0    0   0%  81.9M    n/a  n/a
   3   63 |   7 1.0    0      0    0    0   0%    10M |   n/a   n/a   1    0      0    0    0   0%  81.9M    n/a  n/a
   0   44 |   7 1.0   19    14M  106  413  79%    10M |  99.9   n/a   1   27  1.01M    4   16  80%  81.9M    n/a  n/a
   0   45 |   7 1.0   19    14M   95  403  80%    10M |  99.9   n/a   1   27  1.77M    7   16  69%  81.9M    n/a  n/a
   0   46 |   7 1.0   19    14M  102  375  78%    10M |  99.9   n/a   1   27  1.52M    6   16  72%  81.9M    n/a  n/a
   0   47 |   7 1.0   19    15M  107  383  78%    10M |  99.9   n/a   1   27   500k    2   16  88%  81.9M    n/a  n/a
   0   48 |   7 1.0    0      0    0    0   0%    10M |   n/a   n/a   1    0      0    0    0   0%  81.9M    n/a  n/a
   0   49 |   7 1.0   19    15M   99  379  79%    10M |  99.9   n/a   1   27   754k    3   16  84%  81.9M    n/a  n/a
   0   4a |   7 1.0    0      0    0    0   0%    10M |   n/a   n/a   1    0      0    0    0   0%  81.9M    n/a  n/a
   0   4b |   7 1.0    0      0    0    0   0%    10M |   n/a   n/a   1    0      0    0    0   0%  81.9M    n/a  n/a
   1   4c |   7 1.0   19   9.7M   73  355  82%    10M |  99.9   n/a   1   27  1.36M    6   12  66%  81.9M    n/a  n/a
   1   4d |   7 1.0   19    10M   75  350  82%    10M |  99.9   n/a   1   27   906k    4   11  73%  81.9M    n/a  n/a
   1   4e |   7 1.0   19   9.3M   76  382  83%    10M |  99.9   n/a   1   27  1.56M    7   12  63%  81.9M    n/a  n/a
   1   4f |   7 1.0   19   9.5M   74  367  83%    10M |  99.9   n/a   1   27  2.03M    9   12  57%  81.9M    n/a  n/a
   1   50 |   7 1.0   19   9.7M   73  388  84%    10M |  99.9   n/a   1   27  1.59M    7   10  58%  81.9M    n/a  n/a
   1   51 |   7 1.0   19   9.6M   70  369  84%    10M |  99.9   n/a   1   27  1.58M    7   11  61%  81.9M    n/a  n/a
   1   52 |   7 1.0    0      0    0    0   0%    10M |   n/a   n/a   1    0      0    0    0   0%  81.9M    n/a  n/a
   1   53 |   7 1.0   19  10.0M   76  303  79%    10M |  99.9   n/a   1   27   926k    4   12  75%  81.9M    n/a  n/a

          |--------------------DL---------------------|-------------------------------UL-----------------------------
 pci rnti | cqi  ri  mcs  brate   ok  nok  (%)  dl_bs | pusch  rsrp  ri  mcs  brate   ok  nok  (%)    bsr     ta  phr
   2   54 |   7 1.0   19   6.4M  144  678  82%    10M |  99.9   n/a   1   27   411k    5   21  80%  81.9M    n/a  n/a
   2   55 |   7 1.0   19   6.5M  138  577  80%    10M |  99.9   n/a   1   27   475k    6   18  75%  81.9M    n/a  n/a
   2   56 |   7 1.0   19   6.8M  154  582  79%    10M |  99.9   n/a   1   27   429k    5   20  80%  81.9M    n/a  n/a
   2   57 |   7 1.0   19   6.7M  143  590  80%    10M |  99.9   n/a   1   27   485k    6   20  76%  81.9M    n/a  n/a
   2   58 |   7 1.0   19   6.6M  159  648  80%    10M |  99.9   n/a   1   27   789k   10   22  68%  81.9M    n/a  n/a
   2   59 |   7 1.0   19   6.7M  142  583  80%    10M |  99.9   n/a   1   27   646k    8   18  69%  81.9M    n/a  n/a
   2   5a |   7 1.0   19   6.6M  156  602  79%    10M |  99.9   n/a   1   27   469k    6   18  75%  81.9M    n/a  n/a
   2   5b |   7 1.0   19   6.5M  142  588  80%    10M |  99.9   n/a   1   27   602k    7   19  73%  81.9M    n/a  n/a
   3   5c |   7 1.0   19    11M   76  482  86%    10M |  99.9   n/a   1   27   246k    1   14  93%  81.9M    n/a  n/a
   3   5d |   7 1.0   19    12M   78  476  85%    10M |  99.9   n/a   1   27   762k    3   12  80%  81.9M    n/a  n/a
   3   5e |   7 1.0   19    12M   73  429  85%    10M |  99.9   n/a   1   27   758k    3   14  82%  81.9M    n/a  n/a
   3   5f |   7 1.0   19    11M   74  483  86%    10M |  99.9   n/a   1   27  1.00M    4   13  76%  81.9M    n/a  n/a
   3   60 |   7 1.0   19    12M   77  490  86%    10M |  99.9   n/a   1   27  1.02M    4   12  75%  81.9M    n/a  n/a
   3   61 |   7 1.0   19    12M   81  489  85%    10M |  99.9   n/a   1   27  1.00M    4   13  76%  81.9M    n/a  n/a
   3   62 |   7 1.0    0      0    0    0   0%    10M |   n/a   n/a   1    0      0    0    0   0%  81.9M    n/a  n/a
   3   63 |   7 1.0    0      0    0    0   0%    10M |   n/a   n/a   1    0      0    0    0   0%  81.9M    n/a  n/a
   0   44 |   7 1.0   19    14M   96  422  81%    10M |  99.9   n/a   1   27  1.51M    6   16  72%  81.9M    n/a  n/a
   0   45 |   7 1.0   19    13M   99  465  82%    10M |  99.9   n/a   1   27  1.02M    4   16  80%  81.9M    n/a  n/a
   0   46 |   7 1.0   19    14M  106  453  81%    10M |  99.9   n/a   1   27  1.26M    5   16  76%  81.9M    n/a  n/a
   0   47 |   7 1.0   19    14M  107  418  79%    10M |  99.9   n/a   1   27   521k    2   16  88%  81.9M    n/a  n/a
   0   48 |   7 1.0    0      0    0    0   0%    10M |   n/a   n/a   1    0      0    0    0   0%  81.9M    n/a  n/a
   0   49 |   7 1.0   19    14M   95  429  81%    10M |  99.9   n/a   1   27  2.02M    8   16  66%  81.9M    n/a  n/a
   0   4a |   7 1.0    0      0    0    0   0%    10M |   n/a   n/a   1    0      0    0    0   0%  81.9M    n/a  n/a
   0   4b |   7 1.0    0      0    0    0   0%    10M |   n/a   n/a   1    0      0    0    0   0%  81.9M    n/a  n/a
   1   4c |   7 1.0   19    12M   94  242  72%    10M |  99.9   n/a   1   27  3.43M   15    9  37%  81.9M    n/a  n/a
   1   4d |   7 1.0   19    12M   96  293  75%    10M |  99.9   n/a   1   27  3.21M   14   10  41%  81.9M    n/a  n/a
   1   4e |   7 1.0   19    12M   93  230  71%    10M |  99.9   n/a   1   27  3.20M   14    8  36%  81.9M    n/a  n/a
   1   4f |   7 1.0   19    12M   94  311  76%    10M |  99.9   n/a   1   27  3.19M   14   11  44%  81.9M    n/a  n/a
   1   50 |   7 1.0   19    13M  107  221  67%    10M |  99.9   n/a   1   27  3.65M   16    6  27%  81.9M    n/a  n/a
   1   51 |   7 1.0   19    12M   99  288  74%    10M |  99.9   n/a   1   27  4.12M   18    9  33%  81.9M    n/a  n/a
   1   52 |   7 1.0    0      0    0    0   0%    10M |   n/a   n/a   1    0      0    0    0   0%  81.9M    n/a  n/a
   1   53 |   7 1.0   19    11M   82  311  79%    10M |  99.9   n/a   1   27  2.75M   12    8  40%  81.9M    n/a  n/a
   2   54 |   7 1.0   19   7.8M  173  593  77%    10M |  99.9   n/a   1   27   661k    9   22  70%  81.9M    n/a  n/a
   2   55 |   7 1.0   19   7.7M  159  618  79%    10M |  99.9   n/a   1   27   953k   12   23  65%  81.9M    n/a  n/a
   2   56 |   7 1.0   19   7.5M  171  585  77%    10M |  99.9   n/a   1   27   910k   11   23  67%  81.9M    n/a  n/a
   2   57 |   7 1.0   19   7.7M  166  619  78%    10M |  99.9   n/a   1   27  1.08M   15   24  61%  81.9M    n/a  n/a
   2   58 |   7 1.0   19   7.9M  171  609  78%    10M |  99.9   n/a   1   27   937k   12   20  62%  81.9M    n/a  n/a
   2   59 |   7 1.0   19   7.7M  166  595  78%    10M |  99.9   n/a   1   27   731k    8   23  74%  81.9M    n/a  n/a
   2   5a |   7 1.0   19   7.9M  181  598  76%    10M |  99.9   n/a   1   27   737k   10   22  68%  81.9M    n/a  n/a
   2   5b |   7 1.0   19   7.5M  163  583  78%    10M |  99.9   n/a   1   27   924k   12   23  65%  81.9M    n/a  n/a
   3   5c |   7 1.0   19    13M   95  433  82%    10M |  99.9   n/a   1   27  2.04M    8   12  60%  81.9M    n/a  n/a
   3   5d |   7 1.0   19    13M   85  427  83%    10M |  99.9   n/a   1   27  1.51M    6   14  70%  81.9M    n/a  n/a
   3   5e |   7 1.0   19    13M   91  390  81%    10M |  99.9   n/a   1   27  1.52M    6   12  66%  81.9M    n/a  n/a
   3   5f |   7 1.0   19    12M   87  409  82%    10M |  99.9   n/a   1   27  1.02M    4   13  76%  81.9M    n/a  n/a
   3   60 |   7 1.0   19    13M   97  422  81%    10M |  99.9   n/a   1   27   750k    3   12  80%  81.9M    n/a  n/a
   3   61 |   7 1.0   19    13M   89  379  80%    10M |  99.9   n/a   1   27  1.01M    4   12  75%  81.9M    n/a  n/a
   3   62 |   7 1.0    0      0    0    0   0%    10M |   n/a   n/a   1    0      0    0    0   0%  81.9M    n/a  n/a
   3   63 |   7 1.0    0      0    0    0   0%    10M |   n/a   n/a   1    0      0    0    0   0%  81.9M    n/a  n/a
   0   44 |   7 1.0   19    13M   92  366  79%    10M |  99.9   n/a   1   27  1.01M    4   16  80%  81.9M    n/a  n/a
   0   45 |   7 1.0   19    13M   92  425  82%    10M |  99.9   n/a   1   27  1.01M    4   16  80%  81.9M    n/a  n/a
   0   46 |   7 1.0   19    12M   85  402  82%    10M |  99.9   n/a   1   27  1.01M    4   16  80%  81.9M    n/a  n/a
   0   47 |   7 1.0   19    13M   93  396  80%    10M |  99.9   n/a   1   27  2.04M    8   12  60%  81.9M    n/a  n/a
   0   48 |   7 1.0    0      0    0    0   0%    10M |   n/a   n/a   1    0      0    0    0   0%  81.9M    n/a  n/a
   0   49 |   7 1.0   19    13M   87  420  82%    10M |  99.9   n/a   1   27  1.76M    7   12  63%  81.9M    n/a  n/a
   0   4a |   7 1.0    0      0    0    0   0%    10M |   n/a   n/a   1    0      0    0    0   0%  81.9M    n/a  n/a
   0   4b |   7 1.0    0      0    0    0   0%    10M |   n/a   n/a   1    0      0    0    0   0%  81.9M    n/a  n/a
   1   4c |   7 1.0   19    11M   79  293  78%    10M |  99.9   n/a   1   27  1.60M    7    9  56%  81.9M    n/a  n/a
   1   4d |   7 1.0   19    10M   82  349  80%    10M |  99.9   n/a   1   27  1.12M    5    9  64%  81.9M    n/a  n/a
   1   4e |   7 1.0   19    10M   79  335  80%    10M |  99.9   n/a   1   27   914k    4    9  69%  81.9M    n/a  n/a
   1   4f |   7 1.0   19    10M   76  305  80%    10M |  99.9   n/a   1   27  1.13M    5    7  58%  81.9M    n/a  n/a
   1   50 |   7 1.0   19    10M   79  292  78%    10M |  99.9   n/a   1   27  1.59M    7   10  58%  81.9M    n/a  n/a
   1   51 |   7 1.0   19    10M   82  329  80%    10M |  99.9   n/a   1   27   225k    1   10  90%  81.9M    n/a  n/a
   1   52 |   7 1.0    0      0    0    0   0%    10M |   n/a   n/a   1    0      0    0    0   0%  81.9M    n/a  n/a
   1   53 |   7 1.0   19    10M   74  309  80%    10M |  99.9   n/a   1   27  1.58M    7    9  56%  81.9M    n/a  n/a
   2   54 |   7 1.0   19   5.7M  131  658  83%    10M |  99.9   n/a   1   27   488k    7   26  78%  81.9M    n/a  n/a
   2   55 |   7 1.0   19   5.2M  116  596  83%    10M |  99.9   n/a   1   27   467k    6   21  77%  81.9M    n/a  n/a
   2   56 |   7 1.0   19   5.4M  125  719  85%    10M |  99.9   n/a   1   27   510k    7   20  74%  81.9M    n/a  n/a
   2   57 |   7 1.0   19   5.5M  115  565  83%    10M |  99.9   n/a   1   27   564k    8   22  73%  81.9M    n/a  n/a
   2   58 |   7 1.0   19   5.9M  135  687  83%    10M |  99.9   n/a   1   27   529k    7   23  76%  81.9M    n/a  n/a
   2   59 |   7 1.0   19   5.5M  115  568  83%    10M |  99.9   n/a   1   27   609k    9   29  76%  81.9M    n/a  n/a
   2   5a |   7 1.0   19   5.8M  129  679  84%    10M |  99.9   n/a   1   27   477k    7   25  78%  81.9M    n/a  n/a
   2   5b |   7 1.0   19   5.4M  111  623  84%    10M |  99.9   n/a   1   27   594k    8   22  73%  81.9M    n/a  n/a
   3   5c |   7 1.0   19    14M   95  422  81%    10M |  99.9   n/a   1   27  2.02M    8    9  52%  81.9M    n/a  n/a
   3   5d |   7 1.0   19    14M   92  406  81%    10M |  99.9   n/a   1   27  2.53M   10   10  50%  81.9M    n/a  n/a
   3   5e |   7 1.0   19    14M   95  392  80%    10M |  99.9   n/a   1   27  2.04M    8   13  61%  81.9M    n/a  n/a
   3   5f |   7 1.0   19    14M   90  420  82%    10M |  99.9   n/a   1   27  2.03M    8   12  60%  81.9M    n/a  n/a
   3   60 |   7 1.0   19    14M   97  414  81%    10M |  99.9   n/a   1   27  1.79M    7   11  61%  81.9M    n/a  n/a
   3   61 |   7 1.0   19    14M   92  413  81%    10M |  99.9   n/a   1   27  2.80M   11   12  52%  81.9M    n/a  n/a
   3   62 |   7 1.0    0      0    0    0   0%    10M |   n/a   n/a   1    0      0    0    0   0%  81.9M    n/a  n/a
   3   63 |   7 1.0    0      0    0    0   0%    10M |   n/a   n/a   1    0      0    0    0   0%  81.9M    n/a  n/a
   0   44 |   7 1.0   19    15M  115  332  74%    10M |  99.9   n/a   1   27  2.01M    8   12  60%  81.9M    n/a  n/a
   0   45 |   7 1.0   19    17M  120  349  74%    10M |  99.9   n/a   1   27  2.02M    8   12  60%  81.9M    n/a  n/a
   0   46 |   7 1.0   19    16M  116  338  74%    10M |  99.9   n/a   1   27  2.02M    8   12  60%  81.9M    n/a  n/a
   0   47 |   7 1.0   19    15M  117  337  74%    10M |  99.9   n/a   1   27  2.28M    9   14  60%  81.9M    n/a  n/a
   0   48 |   7 1.0    0      0    0    0   0%    10M |   n/a   n/a   1    0      0    0    0   0%  81.9M    n/a  n/a
   0   49 |   7 1.0   19    16M  111  320  74%    10M |  99.9   n/a   1   27  1.02M    4   16  80%  81.9M    n/a  n/a
   0   4a |   7 1.0    0      0    0    0   0%    10M |   n/a   n/a   1    0      0    0    0   0%  81.9M    n/a  n/a
   0   4b |   7 1.0    0      0    0    0   0%    10M |   n/a   n/a   1    0      0    0    0   0%  81.9M    n/a  n/a

          |--------------------DL---------------------|-------------------------------UL-----------------------------
 pci rnti | cqi  ri  mcs  brate   ok  nok  (%)  dl_bs | pusch  rsrp  ri  mcs  brate   ok  nok  (%)    bsr     ta  phr
   1   4c |   7 1.0   19   8.9M   72  411  85%    10M |  99.9   n/a   1   27  1.80M    8   12  60%  81.9M    n/a  n/a
   1   4d |   7 1.0   19   9.0M   68  438  86%    10M |  99.9   n/a   1   27  1.14M    5   10  66%  81.9M    n/a  n/a
   1   4e |   7 1.0   19   9.1M   69  408  85%    10M |  99.9   n/a   1   27  1.58M    7   10  58%  81.9M    n/a  n/a
   1   4f |   7 1.0   19   8.8M   63  443  87%    10M |  99.9   n/a   1   27   902k    4    9  69%  81.9M    n/a  n/a
   1   50 |   7 1.0   19   9.0M   71  419  85%    10M |  99.9   n/a   1   27  1.57M    7   12  63%  81.9M    n/a  n/a
   1   51 |   7 1.0   19   9.1M   69  412  85%    10M |  99.9   n/a   1   27   689k    3   11  78%  81.9M    n/a  n/a
   1   52 |   7 1.0    0      0    0    0   0%    10M |   n/a   n/a   1    0      0    0    0   0%  81.9M    n/a  n/a
   1   53 |   7 1.0   19   8.9M   66  414  86%    10M |  99.9   n/a   1   27   672k    3   13  81%  81.9M    n/a  n/a
   2   54 |   7 1.0   19   6.4M  146  662  81%    10M |  99.9   n/a   1   27   556k    7   15  68%  81.9M    n/a  n/a
   2   55 |   7 1.0   19   6.6M  141  613  81%    10M |  99.9   n/a   1   27   742k    9   14  60%  81.9M    n/a  n/a
   2   56 |   7 1.0   19   6.7M  150  699  82%    10M |  99.9   n/a   1   27   227k    3   18  85%  81.9M    n/a  n/a
   2   57 |   7 1.0   19   6.7M  137  569  80%    10M |  99.9   n/a   1   27   579k    8   21  72%  81.9M    n/a  n/a
   2   58 |   7 1.0   19   6.6M  154  624  80%    10M |  99.9   n/a   1   27   450k    6   18  75%  81.9M    n/a  n/a
   2   59 |   7 1.0   19   6.7M  147  563  79%    10M |  99.9   n/a   1   27   432k    6   20  76%  81.9M    n/a  n/a
   2   5a |   7 1.0   19   6.5M  156  596  79%    10M |  99.9   n/a   1   27   761k    9   17  65%  81.9M    n/a  n/a
   2   5b |   7 1.0   19   6.8M  147  584  79%    10M |  99.9   n/a   1   27   642k    8   17  68%  81.9M    n/a  n/a
   3   5c |   7 1.0   19    13M   81  427  84%    10M |  99.9   n/a   1   27  1.26M    5   13  72%  81.9M    n/a  n/a
   3   5d |   7 1.0   19    12M   74  489  86%    10M |  99.9   n/a   1   27  1.03M    4   12  75%  81.9M    n/a  n/a
   3   5e |   7 1.0   19    12M   79  493  86%    10M |  99.9   n/a   1   27  1.52M    6   11  64%  81.9M    n/a  n/a
   3   5f |   7 1.0   19    12M   77  474  86%    10M |  99.9   n/a   1   27  1.28M    5   14  73%  81.9M    n/a  n/a
   3   60 |   7 1.0   19    12M   84  474  84%    10M |  99.9   n/a   1   27   754k    3   13  81%  81.9M    n/a  n/a
   3   61 |   7 1.0   19    12M   76  480  86%    10M |  99.9   n/a   1   27  1.52M    6   12  66%  81.9M    n/a  n/a
   3   62 |   7 1.0    0      0    0    0   0%    10M |   n/a   n/a   1    0      0    0    0   0%  81.9M    n/a  n/a
   3   63 |   7 1.0    0      0    0    0   0%    10M |   n/a   n/a   1    0      0    0    0   0%  81.9M    n/a  n/a
   0   44 |   7 1.0   19    15M  110  354  76%    10M |  99.9   n/a   1   27  1.52M    6   16  72%  81.9M    n/a  n/a
   0   45 |   7 1.0   19    16M  109  315  74%    10M |  99.9   n/a   1   27  1.52M    6   16  72%  81.9M    n/a  n/a
   0   46 |   7 1.0   19    16M  116  315  73%    10M |  99.9   n/a   1   27  1.27M    5   16  76%  81.9M    n/a  n/a
   0   47 |   7 1.0   19    16M  108  356  76%    10M |  99.9   n/a   1   27  2.03M    8   17  68%  81.9M    n/a  n/a
   0   48 |   7 1.0    0      0    0    0   0%    10M |   n/a   n/a   1    0      0    0    0   0%  81.9M    n/a  n/a
   0   49 |   7 1.0   19    16M  113  295  72%    10M |  99.9   n/a   1   27  1.27M    5   16  76%  81.9M    n/a  n/a
   0   4a |   7 1.0    0      0    0    0   0%    10M |   n/a   n/a   1    0      0    0    0   0%  81.9M    n/a  n/a
   0   4b |   7 1.0    0      0    0    0   0%    10M |   n/a   n/a   1    0      0    0    0   0%  81.9M    n/a  n/a
   1   4c |   7 1.0   19    11M   88  350  79%    10M |  99.9   n/a   1   27   889k    4   11  73%  81.9M    n/a  n/a
   1   4d |   7 1.0   19    11M   88  290  76%    10M |  99.9   n/a   1   27  1.59M    7   12  63%  81.9M    n/a  n/a
   1   4e |   7 1.0   19    11M   77  402  83%    10M |  99.9   n/a   1   27  1.14M    5   12  70%  81.9M    n/a  n/a
   1   4f |   7 1.0   19    11M   84  387  82%    10M |  99.9   n/a   1   27   922k    4   11  73%  81.9M    n/a  n/a
   1   50 |   7 1.0   19    11M   82  313  79%    10M |  99.9   n/a   1   27  1.13M    5   13  72%  81.9M    n/a  n/a
   1   51 |   7 1.0   19    10M   74  360  82%    10M |  99.9   n/a   1   27   893k    4   11  73%  81.9M    n/a  n/a
   1   52 |   7 1.0    0      0    0    0   0%    10M |   n/a   n/a   1    0      0    0    0   0%  81.9M    n/a  n/a
   1   53 |   7 1.0   19    11M   84  348  80%    10M |  99.9   n/a   1   27  1.35M    6   10  62%  81.9M    n/a  n/a
   2   54 |   7 1.0   19    11M  234  473  66%    10M |  99.9   n/a   1   27  2.01M   25   22  46%  81.9M    n/a  n/a
   2   55 |   7 1.0   19   9.6M  197  500  71%    10M |  99.9   n/a   1   27  2.15M   27   19  41%  81.9M    n/a  n/a
   2   56 |   7 1.0   19    10M  225  498  68%    10M |  99.9   n/a   1   27  1.96M   24   22  47%  81.9M    n/a  n/a
   2   57 |   7 1.0   19   9.6M  209  426  67%    10M |  99.9   n/a   1   27  2.21M   29   24  45%  81.9M    n/a  n/a
   2   58 |   7 1.0   19    10M  229  466  67%    10M |  99.9   n/a   1   27  1.81M   23   23  50%  81.9M    n/a  n/a
   2   59 |   7 1.0   19   9.9M  206  473  69%    10M |  99.9   n/a   1   27  1.83M   25   25  50%  81.9M    n/a  n/a
   2   5a |   7 1.0   19    10M  223  521  70%    10M |  99.9   n/a   1   27  1.89M   23   20  46%  81.9M    n/a  n/a
   2   5b |   7 1.0   19   9.7M  199  426  68%    10M |  99.9   n/a   1   27  1.73M   23   22  48%  81.9M    n/a  n/a
   3   5c |   7 1.0   19    14M   94  412  81%    10M |  99.9   n/a   1   27  2.00M    8   15  65%  81.9M    n/a  n/a
   3   5d |   7 1.0   19    15M  103  424  80%    10M |  99.9   n/a   1   27  1.29M    5   17  77%  81.9M    n/a  n/a
   3   5e |   7 1.0   19    14M   88  408  82%    10M |  99.9   n/a   1   27  2.01M    8   13  61%  81.9M    n/a  n/a
   3   5f |   7 1.0   19    15M   97  388  80%    10M |  99.9   n/a   1   27  2.27M    9   11  55%  81.9M    n/a  n/a
   3   60 |   7 1.0   19    15M   94  394  80%    10M |  99.9   n/a   1   27  1.78M    7   13  65%  81.9M    n/a  n/a
   3   61 |   7 1.0   19    14M   96  391  80%    10M |  99.9   n/a   1   27  1.52M    6   16  72%  81.9M    n/a  n/a
   3   62 |   7 1.0    0      0    0    0   0%    10M |   n/a   n/a   1    0      0    0    0   0%  81.9M    n/a  n/a
   3   63 |   7 1.0    0      0    0    0   0%    10M |   n/a   n/a   1    0      0    0    0   0%  81.9M    n/a  n/a
   0   44 |   7 1.0   19    16M  107  441  80%    10M |  99.9   n/a   1   27  2.03M    8   17  68%  81.9M    n/a  n/a
   0   45 |   7 1.0   19    17M  121  369  75%    10M |  99.9   n/a   1   27  2.28M    9   16  64%  81.9M    n/a  n/a
   0   46 |   7 1.0   19    17M  122  370  75%    10M |  99.9   n/a   1   27  2.04M    8   17  68%  81.9M    n/a  n/a
   0   47 |   7 1.0   19    17M  120  418  77%    10M |  99.9   n/a   1   27  1.75M    7   17  70%  81.9M    n/a  n/a
   0   48 |   7 1.0    0      0    0    0   0%    10M |   n/a   n/a   1    0      0    0    0   0%  81.9M    n/a  n/a
   0   49 |   7 1.0   19    18M  120  363  75%    10M |  99.9   n/a   1   27  2.02M    8   17  68%  81.9M    n/a  n/a
   0   4a |   7 1.0    0      0    0    0   0%    10M |   n/a   n/a   1    0      0    0    0   0%  81.9M    n/a  n/a
   0   4b |   7 1.0    0      0    0    0   0%    10M |   n/a   n/a   1    0      0    0    0   0%  81.9M    n/a  n/a
   1   4c |   7 1.0   19    12M   85  357  80%    10M |  99.9   n/a   1   27  1.37M    6   13  68%  81.9M    n/a  n/a
   1   4d |   7 1.0   19    12M   87  348  80%    10M |  99.9   n/a   1   27   898k    4   11  73%  81.9M    n/a  n/a
   1   4e |   7 1.0   19    12M   87  299  77%    10M |  99.9   n/a   1   27  1.58M    7   11  61%  81.9M    n/a  n/a
   1   4f |   7 1.0   19    12M   81  339  80%    10M |  99.9   n/a   1   27  1.80M    8   11  57%  81.9M    n/a  n/a
   1   50 |   7 1.0   19    12M   85  344  80%    10M |  99.9   n/a   1   27   685k    3   11  78%  81.9M    n/a  n/a
   1   51 |   7 1.0   19    12M   86  363  80%    10M |  99.9   n/a   1   27  1.82M    8   11  57%  81.9M    n/a  n/a
   1   52 |   7 1.0    0      0    0    0   0%    10M |   n/a   n/a   1    0      0    0    0   0%  81.9M    n/a  n/a
   1   53 |   7 1.0   19    11M   81  310  79%    10M |  99.9   n/a   1   27  1.36M    6   12  66%  81.9M    n/a  n/a
   2   54 |   7 1.0   19   8.3M  195  530  73%    10M |  99.9   n/a   1   27  1.57M   19   16  45%  81.9M    n/a  n/a
   2   55 |   7 1.0   19   8.2M  177  492  73%    10M |  99.9   n/a   1   27  1.47M   19   15  44%  81.9M    n/a  n/a
   2   56 |   7 1.0   19   8.2M  187  494  72%    10M |  99.9   n/a   1   27  1.67M   21   15  41%  81.9M    n/a  n/a
   2   57 |   7 1.0   19   8.3M  175  458  72%    10M |  99.9   n/a   1   27  1.54M   20   24  54%  81.9M    n/a  n/a
   2   58 |   7 1.0   19   8.2M  185  541  74%    10M |  99.9   n/a   1   27  1.73M   24   19  44%  81.9M    n/a  n/a
   2   59 |   7 1.0   19   8.2M  186  480  72%    10M |  99.9   n/a   1   27  1.33M   17   18  51%  81.9M    n/a  n/a
   2   5a |   7 1.0   19   8.6M  198  515  72%    10M |  99.9   n/a   1   27  1.68M   22   17  43%  81.9M    n/a  n/a
   2   5b |   7 1.0   19   8.3M  170  464  73%    10M |  99.9   n/a   1   27  1.36M   17   15  46%  81.9M    n/a  n/a
   3   5c |   7 1.0   19    15M  107  353  76%    10M |  99.9   n/a   1   27  2.52M   10   13  56%  81.9M    n/a  n/a
   3   5d |   7 1.0   19    15M  111  401  78%    10M |  99.9   n/a   1   27  1.77M    7   14  66%  81.9M    n/a  n/a
   3   5e |   7 1.0   19    15M  100  371  78%    10M |  99.9   n/a   1   27  1.55M    6   12  66%  81.9M    n/a  n/a
   3   5f |   7 1.0   19    15M  100  357  78%    10M |  99.9   n/a   1   27  2.29M    9   16  64%  81.9M    n/a  n/a
   3   60 |   7 1.0   19    15M   98  402  80%    10M |  99.9   n/a   1   27  1.75M    7   14  66%  81.9M    n/a  n/a
   3   61 |   7 1.0   19    15M  102  356  77%    10M |  99.9   n/a   1   27  2.51M   10   11  52%  81.9M    n/a  n/a
   3   62 |   7 1.0    0      0    0    0   0%    10M |   n/a   n/a   1    0      0    0    0   0%  81.9M    n/a  n/a
   3   63 |   7 1.0    0      0    0    0   0%    10M |   n/a   n/a   1    0      0    0    0   0%  81.9M    n/a  n/a

          |--------------------DL---------------------|-------------------------------UL-----------------------------
 pci rnti | cqi  ri  mcs  brate   ok  nok  (%)  dl_bs | pusch  rsrp  ri  mcs  brate   ok  nok  (%)    bsr     ta  phr
   0   44 |   7 1.0   19    14M  103  379  78%    10M |  99.9   n/a   1   27  1.00M    4   19  82%  81.9M    n/a  n/a
   0   45 |   7 1.0   19    16M  112  371  76%    10M |  99.9   n/a   1   27  2.02M    8   16  66%  81.9M    n/a  n/a
   0   46 |   7 1.0   19    16M  108  329  75%    10M |  99.9   n/a   1   27  1.26M    5   19  79%  81.9M    n/a  n/a
   0   47 |   7 1.0   19    16M  113  340  75%    10M |  99.9   n/a   1   27  1.51M    6   16  72%  81.9M    n/a  n/a
   0   48 |   7 1.0    0      0    0    0   0%    10M |   n/a   n/a   1    0      0    0    0   0%  81.9M    n/a  n/a
   0   49 |   7 1.0   19    15M  121  356  74%    10M |  99.9   n/a   1   27  2.03M    8   16  66%  81.9M    n/a  n/a
   0   4a |   7 1.0    0      0    0    0   0%    10M |   n/a   n/a   1    0      0    0    0   0%  81.9M    n/a  n/a
   0   4b |   7 1.0    0      0    0    0   0%    10M |   n/a   n/a   1    0      0    0    0   0%  81.9M    n/a  n/a
   1   4c |   7 1.0   19    12M   84  336  80%    10M |  99.9   n/a   1   27  1.11M    5   11  68%  81.9M    n/a  n/a
   1   4d |   7 1.0   19    12M   87  335  79%    10M |  99.9   n/a   1   27   906k    4   11  73%  81.9M    n/a  n/a
   1   4e |   7 1.0   19    12M   83  341  80%    10M |  99.9   n/a   1   27  1.12M    5   13  72%  81.9M    n/a  n/a
   1   4f |   7 1.0   19    12M   86  389  81%    10M |  99.9   n/a   1   27  2.25M   10   13  56%  81.9M    n/a  n/a
   1   50 |   7 1.0   19    12M   86  341  79%    10M |  99.9   n/a   1   27  1.34M    6   10  62%  81.9M    n/a  n/a
   1   51 |   7 1.0   19    12M   87  298  77%    10M |  99.9   n/a   1   27  2.05M    9   10  52%  81.9M    n/a  n/a
   1   52 |   7 1.0    0      0    0    0   0%    10M |   n/a   n/a   1    0      0    0    0   0%  81.9M    n/a  n/a
   1   53 |   7 1.0   19    11M   84  309  78%    10M |  99.9   n/a   1   27   701k    3   12  80%  81.9M    n/a  n/a
   2   54 |   7 1.0   19   7.5M  176  630  78%    10M |  99.9   n/a   1   27   969k   12   20  62%  81.9M    n/a  n/a
   2   55 |   7 1.0   19   7.3M  152  475  75%    10M |  99.9   n/a   1   27  1.14M   14   25  64%  81.9M    n/a  n/a
   2   56 |   7 1.0   19   7.2M  164  685  80%    10M |  99.9   n/a   1   27  1.02M   12   22  64%  81.9M    n/a  n/a
   2   57 |   7 1.0   19   7.3M  155  579  78%    10M |  99.9   n/a   1   27   502k    6   25  80%  81.9M    n/a  n/a
   2   58 |   7 1.0   19   7.7M  177  559  75%    10M |  99.9   n/a   1   27   623k    7   20  74%  81.9M    n/a  n/a
   2   59 |   7 1.0   19   7.6M  157  583  78%    10M |  99.9   n/a   1   27  1.34M   16   24  60%  81.9M    n/a  n/a
   2   5a |   7 1.0   19   7.5M  168  522  75%    10M |  99.9   n/a   1   27  1.23M   15   23  60%  81.9M    n/a  n/a
   2   5b |   7 1.0   19   7.4M  152  503  76%    10M |  99.9   n/a   1   27  1.11M   15   24  61%  81.9M    n/a  n/a
   3   5c |   7 1.0   19    19M  125  263  67%    10M |  99.9   n/a   1   27  5.60M   22   13  37%  81.9M    n/a  n/a
   3   5d |   7 1.0   19    18M  113  302  72%    10M |  99.9   n/a   1   27  4.57M   18    9  33%  81.9M    n/a  n/a
   3   5e |   7 1.0   19    19M  127  216  62%    10M |  99.9   n/a   1   27  4.85M   19    7  26%  81.9M    n/a  n/a
   3   5f |   7 1.0   19    18M  124  297  70%    10M |  99.9   n/a   1   27  5.85M   23    4  14%  81.9M    n/a  n/a
   3   60 |   7 1.0   19    19M  130  254  66%    10M |  99.9   n/a   1   27  5.84M   23   15  39%  81.9M    n/a  n/a
   3   61 |   7 1.0   19    18M  119  290  70%    10M |  99.9   n/a   1   27  5.84M   23   13  36%  81.9M    n/a  n/a
   3   62 |   7 1.0    0      0    0    0   0%    10M |   n/a   n/a   1    0      0    0    0   0%  81.9M    n/a  n/a
   3   63 |   7 1.0    0      0    0    0   0%    10M |   n/a   n/a   1    0      0    0    0   0%  81.9M    n/a  n/a
   0   44 |   7 1.0   19    14M  115  317  73%    10M |  99.9   n/a   1   27  1.27M    5   14  73%  81.9M    n/a  n/a
   0   45 |   7 1.0   19    14M  104  348  76%    10M |  99.9   n/a   1   27  1.27M    5   16  76%  81.9M    n/a  n/a
   0   46 |   7 1.0   19    15M  111  321  74%    10M |  99.9   n/a   1   27  1.52M    6   15  71%  81.9M    n/a  n/a
   0   47 |   7 1.0   19    14M  103  346  77%    10M |  99.9   n/a   1   27  2.02M    8   16  66%  81.9M    n/a  n/a
   0   48 |   7 1.0    0      0    0    0   0%    10M |   n/a   n/a   1    0      0    0    0   0%  81.9M    n/a  n/a
   0   49 |   7 1.0   19    14M  107  363  77%    10M |  99.9   n/a   1   27   250k    1   16  94%  81.9M    n/a  n/a
   0   4a |   7 1.0    0      0    0    0   0%    10M |   n/a   n/a   1    0      0    0    0   0%  81.9M    n/a  n/a
   0   4b |   7 1.0    0      0    0    0   0%    10M |   n/a   n/a   1    0      0    0    0   0%  81.9M    n/a  n/a
   1   4c |   7 1.0   19    11M   81  368  81%    10M |  99.9   n/a   1   27  1.81M    8   12  60%  81.9M    n/a  n/a
   1   4d |   7 1.0   19    10M   74  355  82%    10M |  99.9   n/a   1   27   894k    4   11  73%  81.9M    n/a  n/a
   1   4e |   7 1.0   19    10M   79  397  83%    10M |  99.9   n/a   1   27  1.79M    8   11  57%  81.9M    n/a  n/a
   1   4f |   7 1.0   19    11M   81  393  82%    10M |  99.9   n/a   1   27  1.37M    6   12  66%  81.9M    n/a  n/a
   1   50 |   7 1.0   19    10M   79  382  82%    10M |  99.9   n/a   1   27   668k    3   11  78%  81.9M    n/a  n/a
   1   51 |   7 1.0   19    10M   76  386  83%    10M |  99.9   n/a   1   27   693k    3    9  75%  81.9M    n/a  n/a
   1   52 |   7 1.0    0      0    0    0   0%    10M |   n/a   n/a   1    0      0    0    0   0%  81.9M    n/a  n/a
   1   53 |   7 1.0   19    10M   74  373  83%    10M |  99.9   n/a   1   27   459k    2   14  87%  81.9M    n/a  n/a
   2   54 |   7 1.0   19    11M  227  459  66%    10M |  99.9   n/a   1   27  3.43M   43   14  24%  81.9M    n/a  n/a
   2   55 |   7 1.0   19    10M  200  487  70%    10M |  99.9   n/a   1   27  3.07M   38   10  20%  81.9M    n/a  n/a
   2   56 |   7 1.0   19    11M  236  410  63%    10M |  99.9   n/a   1   27  2.98M   39   13  25%  81.9M    n/a  n/a
   2   57 |   7 1.0   19   9.9M  204  478  70%    10M |  99.9   n/a   1   27  2.98M   39   14  26%  81.9M    n/a  n/a
   2   58 |   7 1.0   19    11M  237  370  60%    10M |  99.9   n/a   1   27  2.29M   30   14  31%  81.9M    n/a  n/a
   2   59 |   7 1.0   19    10M  208  505  70%    10M |  99.9   n/a   1   27  3.87M   48   14  22%  81.9M    n/a  n/a
   2   5a |   7 1.0   19    11M  238  390  62%    10M |  99.9   n/a   1   27  2.93M   38   12  24%  81.9M    n/a  n/a
   2   5b |   7 1.0   19    10M  203  528  72%    10M |  99.9   n/a   1   27  3.14M   39   17  30%  81.9M    n/a  n/a
   3   5c |   7 1.0   19    14M   99  355  78%    10M |  99.9   n/a   1   27  2.29M    9   10  52%  81.9M    n/a  n/a
   3   5d |   7 1.0   19    13M   97  344  78%    10M |  99.9   n/a   1   27  1.25M    5   13  72%  81.9M    n/a  n/a
   3   5e |   7 1.0   19    13M   86  394  82%    10M |  99.9   n/a   1   27  2.04M    8   16  66%  81.9M    n/a  n/a
   3   5f |   7 1.0   19    13M   93  395  80%    10M |  99.9   n/a   1   27  1.52M    6   11  64%  81.9M    n/a  n/a
   3   60 |   7 1.0   19    13M   96  400  80%    10M |  99.9   n/a   1   27  1.52M    6   14  70%  81.9M    n/a  n/a
   3   61 |   7 1.0   19    14M   91  341  78%    10M |  99.9   n/a   1   27   762k    3   15  83%  81.9M    n/a  n/a
   3   62 |   7 1.0    0      0    0    0   0%    10M |   n/a   n/a   1    0      0    0    0   0%  81.9M    n/a  n/a
   3   63 |   7 1.0    0      0    0    0   0%    10M |   n/a   n/a   1    0      0    0    0   0%  81.9M    n/a  n/a
   0   44 |   7 1.0   19    15M  115  291  71%    10M |  99.9   n/a   1   27  1.27M    5   18  78%  81.9M    n/a  n/a
   0   45 |   7 1.0   19    16M  104  299  74%    10M |  99.9   n/a   1   27  1.25M    5   17  77%  81.9M    n/a  n/a
   0   46 |   7 1.0   19    15M  105  321  75%    10M |  99.9   n/a   1   27  1.76M    7   17  70%  81.9M    n/a  n/a
   0   47 |   7 1.0   19    15M  121  336  73%    10M |  99.9   n/a   1   27  1.26M    5   16  76%  81.9M    n/a  n/a
   0   48 |   7 1.0    0      0    0    0   0%    10M |   n/a   n/a   1    0      0    0    0   0%  81.9M    n/a  n/a
   0   49 |   7 1.0   19    16M  113  302  72%    10M |  99.9   n/a   1   27  1.77M    7   17  70%  81.9M    n/a  n/a
   0   4a |   7 1.0    0      0    0    0   0%    10M |   n/a   n/a   1    0      0    0    0   0%  81.9M    n/a  n/a
   0   4b |   7 1.0    0      0    0    0   0%    10M |   n/a   n/a   1    0      0    0    0   0%  81.9M    n/a  n/a
   1   4c |   7 1.0   19    11M   82  386  82%    10M |  99.9   n/a   1   27  1.14M    5   12  70%  81.9M    n/a  n/a
   1   4d |   7 1.0   19    10M   75  352  82%    10M |  99.9   n/a   1   27  1.11M    5   13  72%  81.9M    n/a  n/a
   1   4e |   7 1.0   19    11M   88  389  81%    10M |  99.9   n/a   1   27  1.12M    5   13  72%  81.9M    n/a  n/a
   1   4f |   7 1.0   19  10.0M   73  428  85%    10M |  99.9   n/a   1   27  1.36M    6    9  60%  81.9M    n/a  n/a
   1   50 |   7 1.0   19    11M   86  405  82%    10M |  99.9   n/a   1   27   676k    3    9  75%  81.9M    n/a  n/a
   1   51 |   7 1.0   19   9.9M   72  383  84%    10M |  99.9   n/a   1   27  1.61M    7   14  66%  81.9M    n/a  n/a
   1   52 |   7 1.0    0      0    0    0   0%    10M |   n/a   n/a   1    0      0    0    0   0%  81.9M    n/a  n/a
   1   53 |   7 1.0   19    10M   74  408  84%    10M |  99.9   n/a   1   27   906k    4   10  71%  81.9M    n/a  n/a
   2   54 |   7 1.0   19   9.8M  236  426  64%    10M |  99.9   n/a   1   27  2.25M   28   16  36%  81.9M    n/a  n/a
   2   55 |   7 1.0   19   9.4M  189  489  72%    10M |  99.9   n/a   1   27  2.38M   28   17  37%  81.9M    n/a  n/a
   2   56 |   7 1.0   19    10M  246  432  63%    10M |  99.9   n/a   1   27  2.97M   39   15  27%  81.9M    n/a  n/a
   2   57 |   7 1.0   19   9.5M  193  491  71%    10M |  99.9   n/a   1   27  2.79M   36   12  25%  81.9M    n/a  n/a
   2   58 |   7 1.0   19    10M  230  393  63%    10M |  99.9   n/a   1   27  3.12M   38   13  25%  81.9M    n/a  n/a
   2   59 |   7 1.0   19   9.0M  191  500  72%    10M |  99.9   n/a   1   27  2.03M   25   16  39%  81.9M    n/a  n/a
   2   5a |   7 1.0   19    10M  224  406  64%    10M |  99.9   n/a   1   27  2.22M   29   16  35%  81.9M    n/a  n/a
   2   5b |   7 1.0   19   9.4M  194  471  70%    10M |  99.9   n/a   1   27  2.60M   36   17  32%  81.9M    n/a  n/a

          |--------------------DL---------------------|-------------------------------UL-----------------------------
 pci rnti | cqi  ri  mcs  brate   ok  nok  (%)  dl_bs | pusch  rsrp  ri  mcs  brate   ok  nok  (%)    bsr     ta  phr
   3   5c |   7 1.0   19    16M  103  316  75%    10M |  99.9   n/a   1   27  3.04M   12   19  61%  81.9M    n/a  n/a
   3   5d |   7 1.0   19    16M  110  299  73%    10M |  99.9   n/a   1   27  1.25M    5   11  68%  81.9M    n/a  n/a
   3   5e |   7 1.0   19    16M  109  314  74%    10M |  99.9   n/a   1   27  2.80M   11   11  50%  81.9M    n/a  n/a
   3   5f |   7 1.0   19    16M  108  299  73%    10M |  99.9   n/a   1   27  2.53M   10   13  56%  81.9M    n/a  n/a
   3   60 |   7 1.0   19    16M  105  326  75%    10M |  99.9   n/a   1   27  2.53M   10   11  52%  81.9M    n/a  n/a
   3   61 |   7 1.0   19    16M  107  292  73%    10M |  99.9   n/a   1   27  1.52M    6   16  72%  81.9M    n/a  n/a
   3   62 |   7 1.0    0      0    0    0   0%    10M |   n/a   n/a   1    0      0    0    0   0%  81.9M    n/a  n/a
   3   63 |   7 1.0    0      0    0    0   0%    10M |   n/a   n/a   1    0      0    0    0   0%  81.9M    n/a  n/a
   0   44 |   7 1.0   19    14M  114  306  72%    10M |  99.9   n/a   1   27  1.52M    6   12  66%  81.9M    n/a  n/a
   0   45 |   7 1.0   19    15M  105  314  74%    10M |  99.9   n/a   1   27  1.28M    5   15  75%  81.9M    n/a  n/a
   0   46 |   7 1.0   19    15M  113  311  73%    10M |  99.9   n/a   1   27  3.05M   12   16  57%  81.9M    n/a  n/a
   0   47 |   7 1.0   19    15M  115  319  73%    10M |  99.9   n/a   1   27   254k    1   16  94%  81.9M    n/a  n/a
   0   48 |   7 1.0    0      0    0    0   0%    10M |   n/a   n/a   1    0      0    0    0   0%  81.9M    n/a  n/a
   0   49 |   7 1.0   19    14M  104  334  76%    10M |  99.9   n/a   1   27   754k    3   14  82%  81.9M    n/a  n/a
   0   4a |   7 1.0    0      0    0    0   0%    10M |   n/a   n/a   1    0      0    0    0   0%  81.9M    n/a  n/a
   0   4b |   7 1.0    0      0    0    0   0%    10M |   n/a   n/a   1    0      0    0    0   0%  81.9M    n/a  n/a
   1   4c |   7 1.0   19   9.1M   69  305  81%    10M |  99.9   n/a   1   27   443k    2   12  85%  81.9M    n/a  n/a
   1   4d |   7 1.0   19   9.7M   78  307  79%    10M |  99.9   n/a   1   27   897k    4   10  71%  81.9M    n/a  n/a
   1   4e |   7 1.0   19   8.9M   65  401  86%    10M |  99.9   n/a   1   27   897k    4   13  76%  81.9M    n/a  n/a
   1   4f |   7 1.0   19   9.1M   75  332  81%    10M |  99.9   n/a   1   27  1.58M    7   11  61%  81.9M    n/a  n/a
   1   50 |   7 1.0   19   9.9M   74  343  82%    10M |  99.9   n/a   1   27   459k    2   13  86%  81.9M    n/a  n/a
   1   51 |   7 1.0   19   9.3M   73  324  81%    10M |  99.9   n/a   1   27   914k    4   10  71%  81.9M    n/a  n/a
   1   52 |   7 1.0    0      0    0    0   0%    10M |   n/a   n/a   1    0      0    0    0   0%  81.9M    n/a  n/a
   1   53 |   7 1.0   19   9.7M   81  320  79%    10M |  99.9   n/a   1   27   676k    3   11  78%  81.9M    n/a  n/a
   2   54 |   7 1.0   19   6.7M  159  489  75%    10M |  99.9   n/a   1   27  1.57M   21   16  43%  81.9M    n/a  n/a
   2   55 |   7 1.0   19   6.8M  150  473  75%    10M |  99.9   n/a   1   27   770k   11   21  65%  81.9M    n/a  n/a
   2   56 |   7 1.0   19   6.4M  160  565  77%    10M |  99.9   n/a   1   27  1.07M   14   16  53%  81.9M    n/a  n/a
   2   57 |   7 1.0   19   7.2M  156  464  74%    10M |  99.9   n/a   1   27  1.81M   24   14  36%  81.9M    n/a  n/a
   2   58 |   7 1.0   19   7.1M  169  464  73%    10M |  99.9   n/a   1   27   605k    8   19  70%  81.9M    n/a  n/a
   2   59 |   7 1.0   19   6.7M  147  494  77%    10M |  99.9   n/a   1   27  1.15M   14   12  46%  81.9M    n/a  n/a
   2   5a |   7 1.0   19   6.1M  163  619  79%    10M |  99.9   n/a   1   27  1.30M   17   20  54%  81.9M    n/a  n/a
   2   5b |   7 1.0   19   6.6M  150  508  77%    10M |  99.9   n/a   1   27  1.48M   20   13  39%  81.9M    n/a  n/a
   3   5c |   7 1.0   19    16M  102  299  74%    10M |  99.9   n/a   1   27  1.79M    7   11  61%  81.9M    n/a  n/a
   3   5d |   7 1.0   19    16M  104  300  74%    10M |  99.9   n/a   1   27  1.52M    6   15  71%  81.9M    n/a  n/a
   3   5e |   7 1.0   19    15M   93  354  79%    10M |  99.9   n/a   1   27  1.77M    7    9  56%  81.9M    n/a  n/a
   3   5f |   7 1.0   19    15M  107  328  75%    10M |  99.9   n/a   1   27  1.27M    5   15  75%  81.9M    n/a  n/a
   3   60 |   7 1.0   19    15M   95  331  77%    10M |  99.9   n/a   1   27  2.77M   11   13  54%  81.9M    n/a  n/a
   3   61 |   7 1.0   19    15M  101  332  76%    10M |  99.9   n/a   1   27  3.30M   13   10  43%  81.9M    n/a  n/a
   3   62 |   7 1.0    0      0    0    0   0%    10M |   n/a   n/a   1    0      0    0    0   0%  81.9M    n/a  n/a
   3   63 |   7 1.0    0      0    0    0   0%    10M |   n/a   n/a   1    0      0    0    0   0%  81.9M    n/a  n/a
   0   44 |   7 1.0   19    16M  106  284  72%    10M |  99.9   n/a   1   27  2.29M    9   16  64%  81.9M    n/a  n/a
   0   45 |   7 1.0   19    18M  124  239  65%    10M |  99.9   n/a   1   27  1.25M    5   16  76%  81.9M    n/a  n/a
   0   46 |   7 1.0   19    18M  123  267  68%    10M |  99.9   n/a   1   27  3.29M   13   15  53%  81.9M    n/a  n/a
   0   47 |   7 1.0   19    18M  132  305  69%    10M |  99.9   n/a   1   27  2.02M    8   16  66%  81.9M    n/a  n/a
   0   48 |   7 1.0    0      0    0    0   0%    10M |   n/a   n/a   1    0      0    0    0   0%  81.9M    n/a  n/a
   0   49 |   7 1.0   19    17M  127  310  70%    10M |  99.9   n/a   1   27  3.04M   12   16  57%  81.9M    n/a  n/a
   0   4a |   7 1.0    0      0    0    0   0%    10M |   n/a   n/a   1    0      0    0    0   0%  81.9M    n/a  n/a
   0   4b |   7 1.0    0      0    0    0   0%    10M |   n/a   n/a   1    0      0    0    0   0%  81.9M    n/a  n/a
   1   4c |   7 1.0   19    13M   91  307  77%    10M |  99.9   n/a   1   27  2.50M   11   11  50%  81.9M    n/a  n/a
   1   4d |   7 1.0   19    12M   87  310  78%    10M |  99.9   n/a   1   27  2.74M   12    9  42%  81.9M    n/a  n/a
   1   4e |   7 1.0   19    12M   89  285  76%    10M |  99.9   n/a   1   27  2.96M   13    9  40%  81.9M    n/a  n/a
   1   4f |   7 1.0   19    12M   87  286  76%    10M |  99.9   n/a   1   27  2.51M   11   11  50%  81.9M    n/a  n/a
   1   50 |   7 1.0   19    12M   89  243  73%    10M |  99.9   n/a   1   27  3.19M   14    8  36%  81.9M    n/a  n/a
   1   51 |   7 1.0   19    12M   91  280  75%    10M |  99.9   n/a   1   27  2.72M   12   12  50%  81.9M    n/a  n/a
   1   52 |   7 1.0    0      0    0    0   0%    10M |   n/a   n/a   1    0      0    0    0   0%  81.9M    n/a  n/a
   1   53 |   7 1.0   19    12M   93  296  76%    10M |  99.9   n/a   1   27  1.82M    8   11  57%  81.9M    n/a  n/a
   2   54 |   7 1.0   19   7.5M  169  622  78%    10M |  99.9   n/a   1   27  1.29M   17   15  46%  81.9M    n/a  n/a
   2   55 |   7 1.0   19   7.9M  177  522  74%    10M |  99.9   n/a   1   27   906k   11   17  60%  81.9M    n/a  n/a
   2   56 |   7 1.0   19   8.0M  175  517  74%    10M |  99.9   n/a   1   27  1.26M   17   20  54%  81.9M    n/a  n/a
   2   57 |   7 1.0   19   7.5M  174  561  76%    10M |  99.9   n/a   1   27  1.59M   21   14  40%  81.9M    n/a  n/a
   2   58 |   7 1.0   19   7.5M  175  622  78%    10M |  99.9   n/a   1   27  1.56M   20   14  41%  81.9M    n/a  n/a
   2   59 |   7 1.0   19   7.8M  167  509  75%    10M |  99.9   n/a   1   27  1.81M   24   24  50%  81.9M    n/a  n/a
   2   5a |   7 1.0   19   7.9M  186  479  72%    10M |  99.9   n/a   1   27  1.28M   17   19  52%  81.9M    n/a  n/a
   2   5b |   7 1.0   19   7.8M  175  482  73%    10M |  99.9   n/a   1   27   820k   10   19  65%  81.9M    n/a  n/a
   3   5c |   7 1.0   19    15M   98  353  78%    10M |  99.9   n/a   1   27  1.53M    6   14  70%  81.9M    n/a  n/a
   3   5d |   7 1.0   19    15M  104  400  79%    10M |  99.9   n/a   1   27  2.27M    9   14  60%  81.9M    n/a  n/a
   3   5e |   7 1.0   19    14M   92  363  79%    10M |  99.9   n/a   1   27  1.52M    6   14  70%  81.9M    n/a  n/a
   3   5f |   7 1.0   19    15M  108  331  75%    10M |  99.9   n/a   1   27   758k    3   14  82%  81.9M    n/a  n/a
   3   60 |   7 1.0   19    15M  106  339  76%    10M |  99.9   n/a   1   27  2.52M   10   15  60%  81.9M    n/a  n/a
   3   61 |   7 1.0   19    15M   99  354  78%    10M |  99.9   n/a   1   27  2.53M   10   14  58%  81.9M    n/a  n/a
   3   62 |   7 1.0    0      0    0    0   0%    10M |   n/a   n/a   1    0      0    0    0   0%  81.9M    n/a  n/a
   3   63 |   7 1.0    0      0    0    0   0%    10M |   n/a   n/a   1    0      0    0    0   0%  81.9M    n/a  n/a
   0   44 |   7 1.0   19    15M  109  377  77%    10M |  99.9   n/a   1   27  1.02M    4   16  80%  81.9M    n/a  n/a
   0   45 |   7 1.0   19    16M  118  355  75%    10M |  99.9   n/a   1   27   763k    3   16  84%  81.9M    n/a  n/a
   0   46 |   7 1.0   19    17M  122  278  69%    10M |  99.9   n/a   1   27   758k    3   13  81%  81.9M    n/a  n/a
   0   47 |   7 1.0   19    15M  115  326  73%    10M |  99.9   n/a   1   27  1.53M    6   16  72%  81.9M    n/a  n/a
   0   48 |   7 1.0    0      0    0    0   0%    10M |   n/a   n/a   1    0      0    0    0   0%  81.9M    n/a  n/a
   0   49 |   7 1.0   19    14M  116  340  74%    10M |  99.9   n/a   1   27  4.29M   17   13  43%  81.9M    n/a  n/a
   0   4a |   7 1.0    0      0    0    0   0%    10M |   n/a   n/a   1    0      0    0    0   0%  81.9M    n/a  n/a
   0   4b |   7 1.0    0      0    0    0   0%    10M |   n/a   n/a   1    0      0    0    0   0%  81.9M    n/a  n/a
   1   4c |   7 1.0   19    11M   88  249  73%    10M |  99.9   n/a   1   27  1.35M    6    8  57%  81.9M    n/a  n/a
   1   4d |   7 1.0   19    11M   81  280  77%    10M |  99.9   n/a   1   27  1.12M    5    8  61%  81.9M    n/a  n/a
   1   4e |   7 1.0   19    12M   98  269  73%    10M |  99.9   n/a   1   27  1.13M    5   12  70%  81.9M    n/a  n/a
   1   4f |   7 1.0   19    11M   81  335  80%    10M |  99.9   n/a   1   27  2.03M    9   15  62%  81.9M    n/a  n/a
   1   50 |   7 1.0   19    11M   82  279  77%    10M |  99.9   n/a   1   27  1.36M    6    9  60%  81.9M    n/a  n/a
   1   51 |   7 1.0   19    11M   74  258  77%    10M |  99.9   n/a   1   27  2.04M    9   12  57%  81.9M    n/a  n/a
   1   52 |   7 1.0    0      0    0    0   0%    10M |   n/a   n/a   1    0      0    0    0   0%  81.9M    n/a  n/a
   1   53 |   7 1.0   19    11M   83  276  76%    10M |  99.9   n/a   1   27  1.34M    6   16  72%  81.9M    n/a  n/a

          |--------------------DL---------------------|-------------------------------UL-----------------------------
 pci rnti | cqi  ri  mcs  brate   ok  nok  (%)  dl_bs | pusch  rsrp  ri  mcs  brate   ok  nok  (%)    bsr     ta  phr
   2   54 |   7 1.0   19   7.5M  170  646  79%    10M |  99.9   n/a   1   27   884k   12   19  61%  81.9M    n/a  n/a
   2   55 |   7 1.0   19   7.6M  165  532  76%    10M |  99.9   n/a   1   27  1.16M   16   21  56%  81.9M    n/a  n/a
   2   56 |   7 1.0   19   8.1M  178  533  74%    10M |  99.9   n/a   1   27  1.05M   14   25  64%  81.9M    n/a  n/a
   2   57 |   7 1.0   19   7.8M  174  502  74%    10M |  99.9   n/a   1   27  1.16M   15   21  58%  81.9M    n/a  n/a
   2   58 |   7 1.0   19   6.7M  158  575  78%    10M |  99.9   n/a   1   27  1.08M   14   21  60%  81.9M    n/a  n/a
   2   59 |   7 1.0   19   7.8M  164  558  77%    10M |  99.9   n/a   1   27  1.67M   20   13  39%  81.9M    n/a  n/a
   2   5a |   7 1.0   19   7.6M  170  524  75%    10M |  99.9   n/a   1   27  1.03M   13   18  58%  81.9M    n/a  n/a
   2   5b |   7 1.0   19   7.8M  168  520  75%    10M |  99.9   n/a   1   27  1.11M   14   21  60%  81.9M    n/a  n/a
   3   5c |   7 1.0   19    14M   97  393  80%    10M |  99.9   n/a   1   27  1.51M    6   12  66%  81.9M    n/a  n/a
   3   5d |   7 1.0   19    13M   85  430  83%    10M |  99.9   n/a   1   27  1.26M    5   13  72%  81.9M    n/a  n/a
   3   5e |   7 1.0   19    13M   85  441  83%    10M |  99.9   n/a   1   27  1.02M    4   11  73%  81.9M    n/a  n/a
   3   5f |   7 1.0   19    13M   89  452  83%    10M |  99.9   n/a   1   27  1.02M    4   11  73%  81.9M    n/a  n/a
   3   60 |   7 1.0   19    13M   93  445  82%    10M |  99.9   n/a   1   27  1.78M    7   12  63%  81.9M    n/a  n/a
   3   61 |   7 1.0   19    12M   82  428  83%    10M |  99.9   n/a   1   27  1.27M    5   12  70%  81.9M    n/a  n/a
   3   62 |   7 1.0    0      0    0    0   0%    10M |   n/a   n/a   1    0      0    0    0   0%  81.9M    n/a  n/a
   3   63 |   7 1.0    0      0    0    0   0%    10M |   n/a   n/a   1    0      0    0    0   0%  81.9M    n/a  n/a
   0   44 |   7 1.0   19    16M  111  334  75%    10M |  99.9   n/a   1   27   758k    3   16  84%  81.9M    n/a  n/a
   0   45 |   7 1.0   19    17M  119  303  71%    10M |  99.9   n/a   1   27  1.00M    4   16  80%  81.9M    n/a  n/a
   0   46 |   7 1.0   19    15M  100  328  76%    10M |  99.9   n/a   1   27  1.77M    7   16  69%  81.9M    n/a  n/a
   0   47 |   7 1.0   19    15M  122  349  74%    10M |  99.9   n/a   1   27  2.53M   10   15  60%  81.9M    n/a  n/a
   0   48 |   7 1.0    0      0    0    0   0%    10M |   n/a   n/a   1    0      0    0    0   0%  81.9M    n/a  n/a
   0   49 |   7 1.0   19    16M  117  345  74%    10M |  99.9   n/a   1   27  2.53M   10   15  60%  81.9M    n/a  n/a
   0   4a |   7 1.0    0      0    0    0   0%    10M |   n/a   n/a   1    0      0    0    0   0%  81.9M    n/a  n/a
   0   4b |   7 1.0    0      0    0    0   0%    10M |   n/a   n/a   1    0      0    0    0   0%  81.9M    n/a  n/a
   1   4c |   7 1.0   19   8.1M   70  289  80%    10M |  99.9   n/a   1   27   901k    4   11  73%  81.9M    n/a  n/a
   1   4d |   7 1.0   19   8.4M   79  241  75%    10M |  99.9   n/a   1   27   225k    1    9  90%  81.9M    n/a  n/a
   1   4e |   7 1.0   19   7.9M   66  271  80%    10M |  99.9   n/a   1   27   893k    4   12  75%  81.9M    n/a  n/a
   1   4f |   7 1.0   19   9.5M   87  216  71%    10M |  99.9   n/a   1   27   225k    1    8  88%  81.9M    n/a  n/a
   1   50 |   7 1.0   19   8.7M   71  266  78%    10M |  99.9   n/a   1   27   225k    1   14  93%  81.9M    n/a  n/a
   1   51 |   7 1.0   19   9.0M   78  233  74%    10M |  99.9   n/a   1   27   664k    3   13  81%  81.9M    n/a  n/a
   1   52 |   7 1.0    0      0    0    0   0%    10M |   n/a   n/a   1    0      0    0    0   0%  81.9M    n/a  n/a
   1   53 |   7 1.0   19   9.8M   88  231  72%    10M |  99.9   n/a   1   27   914k    4   13  76%  81.9M    n/a  n/a
   2   54 |   7 1.0   19   7.7M  185  532  74%    10M |  99.9   n/a   1   27   685k   10   22  68%  81.9M    n/a  n/a
   2   55 |   7 1.0   19   7.4M  159  554  77%    10M |  99.9   n/a   1   27  1.03M   13   19  59%  81.9M    n/a  n/a
   2   56 |   7 1.0   19   7.3M  166  644  79%    10M |  99.9   n/a   1   27   560k    8   23  74%  81.9M    n/a  n/a
   2   57 |   7 1.0   19   7.2M  164  580  77%    10M |  99.9   n/a   1   27  1.02M   14   23  62%  81.9M    n/a  n/a
   2   58 |   7 1.0   19   7.4M  162  606  78%    10M |  99.9   n/a   1   27   690k    9   23  71%  81.9M    n/a  n/a
   2   59 |   7 1.0   19   7.1M  154  512  76%    10M |  99.9   n/a   1   27   699k   10   26  72%  81.9M    n/a  n/a
   2   5a |   7 1.0   19   7.4M  170  587  77%    10M |  99.9   n/a   1   27   701k   10   24  70%  81.9M    n/a  n/a
   2   5b |   7 1.0   19   7.5M  160  464  74%    10M |  99.9   n/a   1   27  1.07M   14   22  61%  81.9M    n/a  n/a
   3   5c |   7 1.0   19    15M  108  303  73%    10M |  99.9   n/a   1   27  2.02M    8   11  57%  81.9M    n/a  n/a
   3   5d |   7 1.0   19    16M  103  376  78%    10M |  99.9   n/a   1   27  2.27M    9   13  59%  81.9M    n/a  n/a
   3   5e |   7 1.0   19    15M  101  336  76%    10M |  99.9   n/a   1   27  1.53M    6   12  66%  81.9M    n/a  n/a
   3   5f |   7 1.0   19    15M  110  342  75%    10M |  99.9   n/a   1   27  2.03M    8   12  60%  81.9M    n/a  n/a
   3   60 |   7 1.0   19    15M  103  354  77%    10M |  99.9   n/a   1   27  2.02M    8   13  61%  81.9M    n/a  n/a
   3   61 |   7 1.0   19    15M   99  368  78%    10M |  99.9   n/a   1   27  3.00M   12   12  50%  81.9M    n/a  n/a
   3   62 |   7 1.0    0      0    0    0   0%    10M |   n/a   n/a   1    0      0    0    0   0%  81.9M    n/a  n/a
   3   63 |   7 1.0    0      0    0    0   0%    10M |   n/a   n/a   1    0      0    0    0   0%  81.9M    n/a  n/a
   0   44 |   7 1.0   19    12M   95  412  81%    10M |  99.9   n/a   1   27  1.27M    5   16  76%  81.9M    n/a  n/a
   0   45 |   7 1.0   19    13M   99  438  81%    10M |  99.9   n/a   1   27   763k    3   16  84%  81.9M    n/a  n/a
   0   46 |   7 1.0   19    13M   91  445  83%    10M |  99.9   n/a   1   27  1.50M    6   16  72%  81.9M    n/a  n/a
   0   47 |   7 1.0   19    12M   94  439  82%    10M |  99.9   n/a   1   27  2.03M    8   13  61%  81.9M    n/a  n/a
   0   48 |   7 1.0    0      0    0    0   0%    10M |   n/a   n/a   1    0      0    0    0   0%  81.9M    n/a  n/a
   0   49 |   7 1.0   19    13M   97  389  80%    10M |  99.9   n/a   1   27  1.01M    4   16  80%  81.9M    n/a  n/a
   0   4a |   7 1.0    0      0    0    0   0%    10M |   n/a   n/a   1    0      0    0    0   0%  81.9M    n/a  n/a
   0   4b |   7 1.0    0      0    0    0   0%    10M |   n/a   n/a   1    0      0    0    0   0%  81.9M    n/a  n/a
   1   4c |   7 1.0   19   9.1M   83  247  74%    10M |  99.9   n/a   1   27   455k    2   15  88%  81.9M    n/a  n/a
   1   4d |   7 1.0   19   8.4M   79  236  74%    10M |  99.9   n/a   1   27   680k    3   13  81%  81.9M    n/a  n/a
   1   4e |   7 1.0   19   8.0M   74  244  76%    10M |  99.9   n/a   1   27   234k    1   10  90%  81.9M    n/a  n/a
   1   4f |   7 1.0   19   9.4M   87  230  72%    10M |  99.9   n/a   1   27   451k    2   11  84%  81.9M    n/a  n/a
   1   50 |   7 1.0   19   7.6M   70  275  79%    10M |   n/a   n/a   1   27      0    0    9 100%  81.9M    n/a  n/a
   1   51 |   7 1.0   19   9.4M   84  260  75%    10M |  99.9   n/a   1   27   910k    4   11  73%  81.9M    n/a  n/a
   1   52 |   7 1.0    0      0    0    0   0%    10M |   n/a   n/a   1    0      0    0    0   0%  81.9M    n/a  n/a
   1   53 |   7 1.0   19   9.0M   82  273  76%    10M |  99.9   n/a   1   27   459k    2    8  80%  81.9M    n/a  n/a
   2   54 |   7 1.0   19   8.5M  195  616  75%    10M |  99.9   n/a   1   27   888k   11   19  63%  81.9M    n/a  n/a
   2   55 |   7 1.0   19   8.4M  172  516  75%    10M |  99.9   n/a   1   27  1.69M   23   20  46%  81.9M    n/a  n/a
   2   56 |   7 1.0   19   9.0M  210  531  71%    10M |  99.9   n/a   1   27  1.13M   15   17  53%  81.9M    n/a  n/a
   2   57 |   7 1.0   19   8.3M  173  555  76%    10M |  99.9   n/a   1   27  1.53M   20   16  44%  81.9M    n/a  n/a
   2   58 |   7 1.0   19   8.5M  188  513  73%    10M |  99.9   n/a   1   27  1.96M   25   14  35%  81.9M    n/a  n/a
   2   59 |   7 1.0   19   8.4M  176  545  75%    10M |  99.9   n/a   1   27   857k   11   20  64%  81.9M    n/a  n/a
   2   5a |   7 1.0   19   8.5M  185  550  74%    10M |  99.9   n/a   1   27  1.48M   18   15  45%  81.9M    n/a  n/a
   2   5b |   7 1.0   19   8.4M  184  517  73%    10M |  99.9   n/a   1   27  1.09M   13   21  61%  81.9M    n/a  n/a
   3   5c |   7 1.0   19    13M   95  433  82%    10M |  99.9   n/a   1   27  2.01M    8   15  65%  81.9M    n/a  n/a
   3   5d |   7 1.0   19    14M   94  406  81%    10M |  99.9   n/a   1   27  1.53M    6   15  71%  81.9M    n/a  n/a
   3   5e |   7 1.0   19    14M   95  391  80%    10M |  99.9   n/a   1   27  1.50M    6   11  64%  81.9M    n/a  n/a
   3   5f |   7 1.0   19    14M  102  408  80%    10M |  99.9   n/a   1   27  2.28M    9   11  55%  81.9M    n/a  n/a
   3   60 |   7 1.0   19    13M   91  397  81%    10M |  99.9   n/a   1   27  1.27M    5   12  70%  81.9M    n/a  n/a
   3   61 |   7 1.0   19    14M   94  386  80%    10M |  99.9   n/a   1   27  1.76M    7   14  66%  81.9M    n/a  n/a
   3   62 |   7 1.0    0      0    0    0   0%    10M |   n/a   n/a   1    0      0    0    0   0%  81.9M    n/a  n/a
   3   63 |   7 1.0    0      0    0    0   0%    10M |   n/a   n/a   1    0      0    0    0   0%  81.9M    n/a  n/a
   0   44 |   7 1.0   19    13M   97  328  77%    10M |  99.9   n/a   1   27   504k    2   16  88%  81.9M    n/a  n/a
   0   45 |   7 1.0   19    14M   99  367  78%    10M |  99.9   n/a   1   27   742k    3   16  84%  81.9M    n/a  n/a
   0   46 |   7 1.0   19    13M   99  366  78%    10M |  99.9   n/a   1   27   754k    3   16  84%  81.9M    n/a  n/a
   0   47 |   7 1.0   19    13M   95  341  78%    10M |  99.9   n/a   1   27  1.00M    4   16  80%  81.9M    n/a  n/a
   0   48 |   7 1.0    0      0    0    0   0%    10M |   n/a   n/a   1    0      0    0    0   0%  81.9M    n/a  n/a
   0   49 |   7 1.0   19    14M   99  378  79%    10M |  99.9   n/a   1   27   779k    3   16  84%  81.9M    n/a  n/a
   0   4a |   7 1.0    0      0    0    0   0%    10M |   n/a   n/a   1    0      0    0    0   0%  81.9M    n/a  n/a
   0   4b |   7 1.0    0      0    0    0   0%    10M |   n/a   n/a   1    0      0    0    0   0%  81.9M    n/a  n/a

          |--------------------DL---------------------|-------------------------------UL-----------------------------
 pci rnti | cqi  ri  mcs  brate   ok  nok  (%)  dl_bs | pusch  rsrp  ri  mcs  brate   ok  nok  (%)    bsr     ta  phr
   1   4c |   7 1.0   19   8.8M   70  217  75%    10M |  99.9   n/a   1   27   676k    3    7  70%  81.9M    n/a  n/a
   1   4d |   7 1.0   19    10M   90  210  70%    10M |  99.9   n/a   1   27   693k    3   15  83%  81.9M    n/a  n/a
   1   4e |   7 1.0   19   8.3M   74  256  77%    10M |  99.9   n/a   1   27   676k    3   14  82%  81.9M    n/a  n/a
   1   4f |   7 1.0   19    10M   85  236  73%    10M |  99.9   n/a   1   27  1.59M    7   13  65%  81.9M    n/a  n/a
   1   50 |   7 1.0   19    11M   89  173  66%    10M |  99.9   n/a   1   27   914k    4   11  73%  81.9M    n/a  n/a
   1   51 |   7 1.0   19   9.7M   82  206  71%    10M |  99.9   n/a   1   27   221k    1    7  87%  81.9M    n/a  n/a
   1   52 |   7 1.0    0      0    0    0   0%    10M |   n/a   n/a   1    0      0    0    0   0%  81.9M    n/a  n/a
   1   53 |   7 1.0   19    11M   91  213  70%    10M |  99.9   n/a   1   27   443k    2    9  81%  81.9M    n/a  n/a
   2   54 |   7 1.0   19   7.2M  156  661  80%    10M |  99.9   n/a   1   27   564k    8   25  75%  81.9M    n/a  n/a
   2   55 |   7 1.0   19   6.9M  144  575  79%    10M |  99.9   n/a   1   27   675k    8   24  75%  81.9M    n/a  n/a
   2   56 |   7 1.0   19   7.0M  153  546  78%    10M |  99.9   n/a   1   27   500k    5   21  80%  81.9M    n/a  n/a
   2   57 |   7 1.0   19   6.7M  144  576  80%    10M |  99.9   n/a   1   27   519k    7   22  75%  81.9M    n/a  n/a
   2   58 |   7 1.0   19   6.7M  158  630  79%    10M |  99.9   n/a   1   27   687k    8   22  73%  81.9M    n/a  n/a
   2   59 |   7 1.0   19   7.0M  148  600  80%    10M |  99.9   n/a   1   27   270k    3   20  86%  81.9M    n/a  n/a
   2   5a |   7 1.0   19   6.5M  150  605  80%    10M |  99.9   n/a   1   27   613k    8   22  73%  81.9M    n/a  n/a
   2   5b |   7 1.0   19   7.0M  146  531  78%    10M |  99.9   n/a   1   27   492k    7   27  79%  81.9M    n/a  n/a
   3   5c |   7 1.0   19    13M   90  398  81%    10M |  99.9   n/a   1   27  2.28M    9   11  55%  81.9M    n/a  n/a
   3   5d |   7 1.0   19    12M   87  427  83%    10M |  99.9   n/a   1   27  2.30M    9   14  60%  81.9M    n/a  n/a
   3   5e |   7 1.0   19    13M   89  391  81%    10M |  99.9   n/a   1   27   771k    3   16  84%  81.9M    n/a  n/a
   3   5f |   7 1.0   19    13M   85  388  82%    10M |  99.9   n/a   1   27  1.25M    5   13  72%  81.9M    n/a  n/a
   3   60 |   7 1.0   19    13M   94  444  82%    10M |  99.9   n/a   1   27  1.52M    6   14  70%  81.9M    n/a  n/a
   3   61 |   7 1.0   19    12M   85  440  83%    10M |  99.9   n/a   1   27  1.53M    6   12  66%  81.9M    n/a  n/a
   3   62 |   7 1.0    0      0    0    0   0%    10M |   n/a   n/a   1    0      0    0    0   0%  81.9M    n/a  n/a
   3   63 |   7 1.0    0      0    0    0   0%    10M |   n/a   n/a   1    0      0    0    0   0%  81.9M    n/a  n/a
   0   44 |   7 1.0   19    15M  113  394  77%    10M |  99.9   n/a   1   27  2.29M    9   12  57%  81.9M    n/a  n/a
   0   45 |   7 1.0   19    16M  113  413  78%    10M |  99.9   n/a   1   27  2.01M    8   12  60%  81.9M    n/a  n/a
   0   46 |   7 1.0   19    15M  109  412  79%    10M |  99.9   n/a   1   27  2.03M    8   12  60%  81.9M    n/a  n/a
   0   47 |   7 1.0   19    16M  116  398  77%    10M |  99.9   n/a   1   27  1.01M    4   16  80%  81.9M    n/a  n/a
   0   48 |   7 1.0    0      0    0    0   0%    10M |   n/a   n/a   1    0      0    0    0   0%  81.9M    n/a  n/a
   0   49 |   7 1.0   19    15M  115  420  78%    10M |  99.9   n/a   1   27  2.02M    8   12  60%  81.9M    n/a  n/a
   0   4a |   7 1.0    0      0    0    0   0%    10M |   n/a   n/a   1    0      0    0    0   0%  81.9M    n/a  n/a
   0   4b |   7 1.0    0      0    0    0   0%    10M |   n/a   n/a   1    0      0    0    0   0%  81.9M    n/a  n/a
   1   4c |   7 1.0   19   7.4M   70  241  77%    10M |   n/a   n/a   1   27      0    0   17 100%  81.9M    n/a  n/a
   1   4d |   7 1.0   19   8.7M   77  242  75%    10M |  99.9   n/a   1   27   902k    4   11  73%  81.9M    n/a  n/a
   1   4e |   7 1.0   19   7.1M   66  252  79%    10M |   n/a   n/a   1   27      0    0    4 100%  81.9M    n/a  n/a
   1   4f |   7 1.0   19   8.8M   81  234  74%    10M |  99.9   n/a   1   27   234k    1   13  92%  81.9M    n/a  n/a
   1   50 |   7 1.0   19   6.9M   66  252  79%    10M |  99.9   n/a   1   27  1.59M    7   11  61%  81.9M    n/a  n/a
   1   51 |   7 1.0   19   7.9M   81  276  77%    10M |  99.9   n/a   1   27   225k    1   12  92%  81.9M    n/a  n/a
   1   52 |   7 1.0    0      0    0    0   0%    10M |   n/a   n/a   1    0      0    0    0   0%  81.9M    n/a  n/a
   1   53 |   7 1.0   19   7.7M   71  232  76%    10M |  99.9   n/a   1   27   902k    4    6  60%  81.9M    n/a  n/a
   2   54 |   7 1.0   19   7.2M  165  640  79%    10M |  99.9   n/a   1   27  1.08M   14   23  62%  81.9M    n/a  n/a
   2   55 |   7 1.0   19   7.2M  151  544  78%    10M |  99.9   n/a   1   27   959k   12   22  64%  81.9M    n/a  n/a
   2   56 |   7 1.0   19   7.8M  179  634  77%    10M |  99.9   n/a   1   27  1.50M   19   21  52%  81.9M    n/a  n/a
   2   57 |   7 1.0   19   7.2M  152  566  78%    10M |  99.9   n/a   1   27  1.06M   15   23  60%  81.9M    n/a  n/a
   2   58 |   7 1.0   19   7.2M  163  611  78%    10M |  99.9   n/a   1   27  1.44M   18   22  55%  81.9M    n/a  n/a
   2   59 |   7 1.0   19   7.3M  148  539  78%    10M |  99.9   n/a   1   27   959k   12   20  62%  81.9M    n/a  n/a
   2   5a |   7 1.0   19   7.3M  159  585  78%    10M |  99.9   n/a   1   27  1.37M   18   21  53%  81.9M    n/a  n/a
   2   5b |   7 1.0   19   7.3M  153  523  77%    10M |  99.9   n/a   1   27  1.40M   19   23  54%  81.9M    n/a  n/a
   3   5c |   7 1.0   19    11M   75  502  87%    10M |  99.9   n/a   1   27   254k    1   13  92%  81.9M    n/a  n/a
   3   5d |   7 1.0   19    12M   77  479  86%    10M |  99.9   n/a   1   27  1.27M    5   11  68%  81.9M    n/a  n/a
   3   5e |   7 1.0   19    12M   77  502  86%    10M |  99.9   n/a   1   27  1.27M    5   13  72%  81.9M    n/a  n/a
   3   5f |   7 1.0   19    11M   73  466  86%    10M |  99.9   n/a   1   27   767k    3   12  80%  81.9M    n/a  n/a
   3   60 |   7 1.0   19    12M   81  464  85%    10M |  99.9   n/a   1   27  1.26M    5   10  66%  81.9M    n/a  n/a
   3   61 |   7 1.0   19    11M   75  490  86%    10M |  99.9   n/a   1   27  1.02M    4   13  76%  81.9M    n/a  n/a
   3   62 |   7 1.0    0      0    0    0   0%    10M |   n/a   n/a   1    0      0    0    0   0%  81.9M    n/a  n/a
   3   63 |   7 1.0    0      0    0    0   0%    10M |   n/a   n/a   1    0      0    0    0   0%  81.9M    n/a  n/a
   0   44 |   7 1.0   19    17M  113  344  75%    10M |  99.9   n/a   1   27  2.02M    8   16  66%  81.9M    n/a  n/a
   0   45 |   7 1.0   19    17M  116  317  73%    10M |  99.9   n/a   1   27  2.77M   11   16  59%  81.9M    n/a  n/a
   0   46 |   7 1.0   19    17M  118  336  74%    10M |  99.9   n/a   1   27  2.53M   10   16  61%  81.9M    n/a  n/a
   0   47 |   7 1.0   19    16M  114  346  75%    10M |  99.9   n/a   1   27  1.01M    4   16  80%  81.9M    n/a  n/a
   0   48 |   7 1.0    0      0    0    0   0%    10M |   n/a   n/a   1    0      0    0    0   0%  81.9M    n/a  n/a
   0   49 |   7 1.0   19    17M  123  357  74%    10M |  99.9   n/a   1   27  2.02M    8   16  66%  81.9M    n/a  n/a
   0   4a |   7 1.0    0      0    0    0   0%    10M |   n/a   n/a   1    0      0    0    0   0%  81.9M    n/a  n/a
   0   4b |   7 1.0    0      0    0    0   0%    10M |   n/a   n/a   1    0      0    0    0   0%  81.9M    n/a  n/a
   1   4c |   7 1.0   19   9.1M   73  216  74%    10M |  99.9   n/a   1   27  2.05M    9   11  55%  81.9M    n/a  n/a
   1   4d |   7 1.0   19   9.7M   77  207  72%    10M |  99.9   n/a   1   27   225k    1   15  93%  81.9M    n/a  n/a
   1   4e |   7 1.0   19   9.7M   81  213  72%    10M |  99.9   n/a   1   27   914k    4    8  66%  81.9M    n/a  n/a
   1   4f |   7 1.0   19   9.2M   80  221  73%    10M |   n/a   n/a   1   27      0    0   10 100%  81.9M    n/a  n/a
   1   50 |   7 1.0   19   8.8M   75  228  75%    10M |  99.9   n/a   1   27   910k    4    9  69%  81.9M    n/a  n/a
   1   51 |   7 1.0   19   9.7M   87  242  73%    10M |  99.9   n/a   1   27   906k    4   16  80%  81.9M    n/a  n/a
   1   52 |   7 1.0    0      0    0    0   0%    10M |   n/a   n/a   1    0      0    0    0   0%  81.9M    n/a  n/a
   1   53 |   7 1.0   19   9.8M   85  231  73%    10M |  99.9   n/a   1   27   451k    2   13  86%  81.9M    n/a  n/a
   2   54 |   7 1.0   19   8.2M  188  571  75%    10M |  99.9   n/a   1   27  1.23M   16   21  56%  81.9M    n/a  n/a
   2   55 |   7 1.0   19   8.1M  172  558  76%    10M |  99.9   n/a   1   27  1.28M   15   24  61%  81.9M    n/a  n/a
   2   56 |   7 1.0   19   8.2M  181  594  76%    10M |  99.9   n/a   1   27  1.06M   14   23  62%  81.9M    n/a  n/a
   2   57 |   7 1.0   19   8.3M  180  508  73%    10M |  99.9   n/a   1   27  1.29M   17   18  51%  81.9M    n/a  n/a
   2   58 |   7 1.0   19   8.1M  200  589  74%    10M |  99.9   n/a   1   27  1.14M   16   23  58%  81.9M    n/a  n/a
   2   59 |   7 1.0   19   8.2M  173  509  74%    10M |  99.9   n/a   1   27  1.34M   18   20  52%  81.9M    n/a  n/a
   2   5a |   7 1.0   19   8.1M  178  590  76%    10M |  99.9   n/a   1   27  1.48M   19   21  52%  81.9M    n/a  n/a
   2   5b |   7 1.0   19   8.2M  170  560  76%    10M |  99.9   n/a   1   27   930k   13   21  61%  81.9M    n/a  n/a
   3   5c |   7 1.0   19    13M   86  457  84%    10M |  99.9   n/a   1   27  1.01M    4   12  75%  81.9M    n/a  n/a
   3   5d |   7 1.0   19    14M   95  361  79%    10M |  99.9   n/a   1   27  1.52M    6   14  70%  81.9M    n/a  n/a
   3   5e |   7 1.0   19    14M   98  405  80%    10M |  99.9   n/a   1   27  1.52M    6   12  66%  81.9M    n/a  n/a
   3   5f |   7 1.0   19    13M   88  427  82%    10M |  99.9   n/a   1   27  2.77M   11   13  54%  81.9M    n/a  n/a
   3   60 |   7 1.0   19    14M   96  407  80%    10M |  99.9   n/a   1   27  1.02M    4   10  71%  81.9M    n/a  n/a
   3   61 |   7 1.0   19    13M   92  404  81%    10M |  99.9   n/a   1   27   766k    3   10  76%  81.9M    n/a  n/a
   3   62 |   7 1.0    0      0    0    0   0%    10M |   n/a   n/a   1    0      0    0    0   0%  81.9M    n/a  n/a
   3   63 |   7 1.0    0      0    0    0   0%    10M |   n/a   n/a   1    0      0    0    0   0%  81.9M    n/a  n/a

          |--------------------DL---------------------|-------------------------------UL-----------------------------
 pci rnti | cqi  ri  mcs  brate   ok  nok  (%)  dl_bs | pusch  rsrp  ri  mcs  brate   ok  nok  (%)    bsr     ta  phr
   0   44 |   7 1.0   19    15M  113  363  76%    10M |  99.9   n/a   1   27  1.02M    4   16  80%  81.9M    n/a  n/a
   0   45 |   7 1.0   19    16M  114  327  74%    10M |  99.9   n/a   1   27  2.02M    8   16  66%  81.9M    n/a  n/a
   0   46 |   7 1.0   19    15M  109  373  77%    10M |  99.9   n/a   1   27  1.26M    5   16  76%  81.9M    n/a  n/a
   0   47 |   7 1.0   19    15M  113  335  74%    10M |  99.9   n/a   1   27  3.03M   12   12  50%  81.9M    n/a  n/a
   0   48 |   7 1.0    0      0    0    0   0%    10M |   n/a   n/a   1    0      0    0    0   0%  81.9M    n/a  n/a
   0   49 |   7 1.0   19    16M  119  323  73%    10M |  99.9   n/a   1   27  1.77M    7   16  69%  81.9M    n/a  n/a
   0   4a |   7 1.0    0      0    0    0   0%    10M |   n/a   n/a   1    0      0    0    0   0%  81.9M    n/a  n/a
   0   4b |   7 1.0    0      0    0    0   0%    10M |   n/a   n/a   1    0      0    0    0   0%  81.9M    n/a  n/a
   1   4c |   7 1.0   19   9.5M   82  227  73%    10M |  99.9   n/a   1   27  2.05M    9   13  59%  81.9M    n/a  n/a
   1   4d |   7 1.0   19   9.6M   79  195  71%    10M |   n/a   n/a   1   27      0    0    8 100%  81.9M    n/a  n/a
   1   4e |   7 1.0   19   7.9M   66  262  79%    10M |  99.9   n/a   1   27   680k    3   12  80%  81.9M    n/a  n/a
   1   4f |   7 1.0   19    10M   88  226  71%    10M |  99.9   n/a   1   27   221k    1    8  88%  81.9M    n/a  n/a
   1   50 |   7 1.0   19   9.1M   80  233  74%    10M |  99.9   n/a   1   27  1.36M    6   10  62%  81.9M    n/a  n/a
   1   51 |   7 1.0   19    11M   96  215  69%    10M |  99.9   n/a   1   27  1.13M    5   14  73%  81.9M    n/a  n/a
   1   52 |   7 1.0    0      0    0    0   0%    10M |   n/a   n/a   1    0      0    0    0   0%  81.9M    n/a  n/a
   1   53 |   7 1.0   19   9.9M   85  233  73%    10M |   n/a   n/a   1   27      0    0   13 100%  81.9M    n/a  n/a
   2   54 |   7 1.0   19   7.0M  166  606  78%    10M |  99.9   n/a   1   27   919k   11   24  68%  81.9M    n/a  n/a
   2   55 |   7 1.0   19   7.2M  155  512  76%    10M |  99.9   n/a   1   27   830k   11   24  68%  81.9M    n/a  n/a
   2   56 |   7 1.0   19   7.0M  156  646  80%    10M |  99.9   n/a   1   27   838k   11   24  68%  81.9M    n/a  n/a
   2   57 |   7 1.0   19   7.4M  154  550  78%    10M |  99.9   n/a   1   27   933k   12   20  62%  81.9M    n/a  n/a
   2   58 |   7 1.0   19   7.1M  159  517  76%    10M |  99.9   n/a   1   27   970k   14   21  60%  81.9M    n/a  n/a
   2   59 |   7 1.0   19   7.3M  154  554  78%    10M |  99.9   n/a   1   27   633k    7   26  78%  81.9M    n/a  n/a
   2   5a |   7 1.0   19   7.3M  167  637  79%    10M |  99.9   n/a   1   27   979k   13   17  56%  81.9M    n/a  n/a
   2   5b |   7 1.0   19   7.4M  154  546  78%    10M |  99.9   n/a   1   27  1.19M   15   17  53%  81.9M    n/a  n/a
   3   5c |   7 1.0   19    16M  102  313  75%    10M |  99.9   n/a   1   27  3.80M   15   15  50%  81.9M    n/a  n/a
   3   5d |   7 1.0   19    14M   92  355  79%    10M |  99.9   n/a   1   27  3.06M   12    7  36%  81.9M    n/a  n/a
   3   5e |   7 1.0   19    16M  112  332  74%    10M |  99.9   n/a   1   27  2.54M   10   13  56%  81.9M    n/a  n/a
   3   5f |   7 1.0   19    14M   93  340  78%    10M |  99.9   n/a   1   27  3.05M   12   10  45%  81.9M    n/a  n/a
   3   60 |   7 1.0   19    15M  102  350  77%    10M |  99.9   n/a   1   27  3.55M   14    9  39%  81.9M    n/a  n/a
   3   61 |   7 1.0   19    13M   87  371  81%    10M |  99.9   n/a   1   27  2.54M   10   13  56%  81.9M    n/a  n/a
   3   62 |   7 1.0    0      0    0    0   0%    10M |   n/a   n/a   1    0      0    0    0   0%  81.9M    n/a  n/a
   3   63 |   7 1.0    0      0    0    0   0%    10M |   n/a   n/a   1    0      0    0    0   0%  81.9M    n/a  n/a
   0   44 |   7 1.0   19    12M  113  429  79%    10M |  99.9   n/a   1   27  1.25M    5   16  76%  81.9M    n/a  n/a
   0   45 |   7 1.0   19    13M  110  362  76%    10M |  99.9   n/a   1   27  1.01M    4   12  75%  81.9M    n/a  n/a
   0   46 |   7 1.0   19    14M  120  382  76%    10M |  99.9   n/a   1   27   512k    2   16  88%  81.9M    n/a  n/a
   0   47 |   7 1.0   19    14M  106  337  76%    10M |  99.9   n/a   1   27  2.55M   10   16  61%  81.9M    n/a  n/a
   0   48 |   7 1.0    0      0    0    0   0%    10M |   n/a   n/a   1    0      0    0    0   0%  81.9M    n/a  n/a
   0   49 |   7 1.0   19    13M  106  352  76%    10M |  99.9   n/a   1   27  1.76M    7   14  66%  81.9M    n/a  n/a
   0   4a |   7 1.0    0      0    0    0   0%    10M |   n/a   n/a   1    0      0    0    0   0%  81.9M    n/a  n/a
   0   4b |   7 1.0    0      0    0    0   0%    10M |   n/a   n/a   1    0      0    0    0   0%  81.9M    n/a  n/a
   1   4c |   7 1.0   19   9.2M   80  256  76%    10M |  99.9   n/a   1   27   217k    1   13  92%  81.9M    n/a  n/a
   1   4d |   7 1.0   19   8.7M   81  257  76%    10M |  99.9   n/a   1   27  1.14M    5   12  70%  81.9M    n/a  n/a
   1   4e |   7 1.0   19   7.6M   64  263  80%    10M |  99.9   n/a   1   27   914k    4   12  75%  81.9M    n/a  n/a
   1   4f |   7 1.0   19   9.1M   80  255  76%    10M |  99.9   n/a   1   27   225k    1    9  90%  81.9M    n/a  n/a
   1   50 |   7 1.0   19   7.6M   64  276  81%    10M |  99.9   n/a   1   27   676k    3   16  84%  81.9M    n/a  n/a
   1   51 |   7 1.0   19   9.2M   87  235  72%    10M |   n/a   n/a   1   27      0    0    8 100%  81.9M    n/a  n/a
   1   52 |   7 1.0    0      0    0    0   0%    10M |   n/a   n/a   1    0      0    0    0   0%  81.9M    n/a  n/a
   1   53 |   7 1.0   19   8.9M   75  265  77%    10M |   n/a   n/a   1   27      0    0    7 100%  81.9M    n/a  n/a
   2   54 |   7 1.0   19   7.7M  167  542  76%    10M |  99.9   n/a   1   27  1.02M   14   19  57%  81.9M    n/a  n/a
   2   55 |   7 1.0   19   8.1M  169  516  75%    10M |  99.9   n/a   1   27  1.09M   14   22  61%  81.9M    n/a  n/a
   2   56 |   7 1.0   19   7.4M  167  632  79%    10M |  99.9   n/a   1   27  1.10M   14   22  61%  81.9M    n/a  n/a
   2   57 |   7 1.0   19   8.1M  171  538  75%    10M |  99.9   n/a   1   27  1.30M   15   17  53%  81.9M    n/a  n/a
   2   58 |   7 1.0   19   7.9M  173  602  77%    10M |  99.9   n/a   1   27   697k   10   22  68%  81.9M    n/a  n/a
   2   59 |   7 1.0   19   7.9M  172  542  75%    10M |  99.9   n/a   1   27  1.10M   14   17  54%  81.9M    n/a  n/a
   2   5a |   7 1.0   19   7.9M  198  505  71%    10M |  99.9   n/a   1   27   796k    9   22  70%  81.9M    n/a  n/a
   2   5b |   7 1.0   19   8.2M  180  569  75%    10M |  99.9   n/a   1   27   611k    8   21  72%  81.9M    n/a  n/a
   3   5c |   7 1.0   19    13M   93  462  83%    10M |  99.9   n/a   1   27  1.01M    4   14  77%  81.9M    n/a  n/a
   3   5d |   7 1.0   19    13M   91  394  81%    10M |  99.9   n/a   1   27  2.27M    9   14  60%  81.9M    n/a  n/a
   3   5e |   7 1.0   19    13M   91  466  83%    10M |  99.9   n/a   1   27  1.76M    7   12  63%  81.9M    n/a  n/a
   3   5f |   7 1.0   19    13M   81  406  83%    10M |  99.9   n/a   1   27   762k    3   12  80%  81.9M    n/a  n/a
   3   60 |   7 1.0   19    14M   98  415  80%    10M |  99.9   n/a   1   27  2.78M   11   15  57%  81.9M    n/a  n/a
   3   61 |   7 1.0   19    13M   79  424  84%    10M |  99.9   n/a   1   27  1.54M    6   13  68%  81.9M    n/a  n/a
   3   62 |   7 1.0    0      0    0    0   0%    10M |   n/a   n/a   1    0      0    0    0   0%  81.9M    n/a  n/a
   3   63 |   7 1.0    0      0    0    0   0%    10M |   n/a   n/a   1    0      0    0    0   0%  81.9M    n/a  n/a
   0   44 |   7 1.0   19    14M  109  302  73%    10M |  99.9   n/a   1   27   762k    3   16  84%  81.9M    n/a  n/a
   0   45 |   7 1.0   19    14M  109  311  74%    10M |  99.9   n/a   1   27  2.27M    9   16  64%  81.9M    n/a  n/a
   0   46 |   7 1.0   19    15M  103  316  75%    10M |  99.9   n/a   1   27  1.01M    4   16  80%  81.9M    n/a  n/a
   0   47 |   7 1.0   19    15M  117  326  73%    10M |  99.9   n/a   1   27  1.27M    5   16  76%  81.9M    n/a  n/a
   0   48 |   7 1.0    0      0    0    0   0%    10M |   n/a   n/a   1    0      0    0    0   0%  81.9M    n/a  n/a
   0   49 |   7 1.0   19    15M  116  298  71%    10M |  99.9   n/a   1   27  2.01M    8   14  63%  81.9M    n/a  n/a
   0   4a |   7 1.0    0      0    0    0   0%    10M |   n/a   n/a   1    0      0    0    0   0%  81.9M    n/a  n/a
   0   4b |   7 1.0    0      0    0    0   0%    10M |   n/a   n/a   1    0      0    0    0   0%  81.9M    n/a  n/a
   1   4c |   7 1.0   19   8.9M   74  220  74%    10M |  99.9   n/a   1   27   225k    1    8  88%  81.9M    n/a  n/a
   1   4d |   7 1.0   19   9.2M   77  200  72%    10M |  99.9   n/a   1   27   447k    2   12  85%  81.9M    n/a  n/a
   1   4e |   7 1.0   19   7.6M   60  248  80%    10M |   n/a   n/a   1   27      0    0   14 100%  81.9M    n/a  n/a
   1   4f |   7 1.0   19   8.7M   81  241  74%    10M |  99.9   n/a   1   27   684k    3   13  81%  81.9M    n/a  n/a
   1   50 |   7 1.0   19   9.2M   77  208  72%    10M |   n/a   n/a   1   27      0    0   14 100%  81.9M    n/a  n/a
   1   51 |   7 1.0   19   8.7M   89  286  76%    10M |  99.9   n/a   1   27   902k    4    8  66%  81.9M    n/a  n/a
   1   52 |   7 1.0    0      0    0    0   0%    10M |   n/a   n/a   1    0      0    0    0   0%  81.9M    n/a  n/a
   1   53 |   7 1.0   19   9.1M   76  212  73%    10M |  99.9   n/a   1   27   672k    3   12  80%  81.9M    n/a  n/a
   2   54 |   7 1.0   19   7.7M  188  580  75%    10M |  99.9   n/a   1   27   702k    9   18  66%  81.9M    n/a  n/a
   2   55 |   7 1.0   19   7.9M  168  529  75%    10M |  99.9   n/a   1   27  1.07M   14   20  58%  81.9M    n/a  n/a
   2   56 |   7 1.0   19   7.6M  162  586  78%    10M |  99.9   n/a   1   27   932k   12   24  66%  81.9M    n/a  n/a
   2   57 |   7 1.0   19   7.8M  173  594  77%    10M |  99.9   n/a   1   27  1.38M   18   20  52%  81.9M    n/a  n/a
   2   58 |   7 1.0   19   8.0M  179  566  75%    10M |  99.9   n/a   1   27  1.14M   14   17  54%  81.9M    n/a  n/a
   2   59 |   7 1.0   19   8.0M  163  595  78%    10M |  99.9   n/a   1   27  1.23M   16   21  56%  81.9M    n/a  n/a
   2   5a |   7 1.0   19   7.9M  185  589  76%    10M |  99.9   n/a   1   27   778k    9   19  67%  81.9M    n/a  n/a
   2   5b |   7 1.0   19   7.9M  166  515  75%    10M |  99.9   n/a   1   27   960k   13   19  59%  81.9M    n/a  n/a

          |--------------------DL---------------------|-------------------------------UL-----------------------------
 pci rnti | cqi  ri  mcs  brate   ok  nok  (%)  dl_bs | pusch  rsrp  ri  mcs  brate   ok  nok  (%)    bsr     ta  phr
   3   5c |   7 1.0   19    12M   80  379  82%    10M |  99.9   n/a   1   27  1.28M    5   14  73%  81.9M    n/a  n/a
   3   5d |   7 1.0   19    13M   83  390  82%    10M |  99.9   n/a   1   27  1.53M    6   14  70%  81.9M    n/a  n/a
   3   5e |   7 1.0   19    12M   72  403  84%    10M |  99.9   n/a   1   27  2.01M    8   12  60%  81.9M    n/a  n/a
   3   5f |   7 1.0   19    12M   82  418  83%    10M |  99.9   n/a   1   27  1.53M    6   15  71%  81.9M    n/a  n/a
   3   60 |   7 1.0   19    13M   86  421  83%    10M |  99.9   n/a   1   27  1.76M    7   11  61%  81.9M    n/a  n/a
   3   61 |   7 1.0   19    12M   83  397  82%    10M |  99.9   n/a   1   27  1.52M    6   14  70%  81.9M    n/a  n/a
   3   62 |   7 1.0    0      0    0    0   0%    10M |   n/a   n/a   1    0      0    0    0   0%  81.9M    n/a  n/a
   3   63 |   7 1.0    0      0    0    0   0%    10M |   n/a   n/a   1    0      0    0    0   0%  81.9M    n/a  n/a
   0   44 |   7 1.0   19    14M  106  343  76%    10M |  99.9   n/a   1   27  2.28M    9   12  57%  81.9M    n/a  n/a
   0   45 |   7 1.0   19    14M  102  344  77%    10M |  99.9   n/a   1   27  1.02M    4   16  80%  81.9M    n/a  n/a
   0   46 |   7 1.0   19    13M  104  358  77%    10M |  99.9   n/a   1   27  2.27M    9   12  57%  81.9M    n/a  n/a
   0   47 |   7 1.0   19    15M  110  352  76%    10M |  99.9   n/a   1   27  2.01M    8   12  60%  81.9M    n/a  n/a
   0   48 |   7 1.0    0      0    0    0   0%    10M |   n/a   n/a   1    0      0    0    0   0%  81.9M    n/a  n/a
   0   49 |   7 1.0   19    14M  104  324  75%    10M |  99.9   n/a   1   27  1.01M    4   16  80%  81.9M    n/a  n/a
   0   4a |   7 1.0    0      0    0    0   0%    10M |   n/a   n/a   1    0      0    0    0   0%  81.9M    n/a  n/a
   0   4b |   7 1.0    0      0    0    0   0%    10M |   n/a   n/a   1    0      0    0    0   0%  81.9M    n/a  n/a
   1   4c |   7 1.0   19   7.9M   68  221  76%    10M |   n/a   n/a   1   27      0    0   10 100%  81.9M    n/a  n/a
   1   4d |   7 1.0   19   7.5M   69  237  77%    10M |   n/a   n/a   1   27      0    0   10 100%  81.9M    n/a  n/a
   1   4e |   7 1.0   19   7.6M   71  233  76%    10M |   n/a   n/a   1   27      0    0    9 100%  81.9M    n/a  n/a
   1   4f |   7 1.0   19   8.4M   77  225  74%    10M |  99.9   n/a   1   27   217k    1   15  93%  81.9M    n/a  n/a
   1   50 |   7 1.0   19   6.7M   55  262  82%    10M |  99.9   n/a   1   27  1.14M    5    5  50%  81.9M    n/a  n/a
   1   51 |   7 1.0   19   8.9M   70  197  73%    10M |  99.9   n/a   1   27  1.35M    6   14  70%  81.9M    n/a  n/a
   1   52 |   7 1.0    0      0    0    0   0%    10M |   n/a   n/a   1    0      0    0    0   0%  81.9M    n/a  n/a
   1   53 |   7 1.0   19   7.8M   65  217  76%    10M |   n/a   n/a   1   27      0    0   10 100%  81.9M    n/a  n/a
   2   54 |   7 1.0   19   7.3M  165  603  78%    10M |  99.9   n/a   1   27  1.08M   15   23  60%  81.9M    n/a  n/a
   2   55 |   7 1.0   19   7.4M  152  567  78%    10M |  99.9   n/a   1   27   917k   11   23  67%  81.9M    n/a  n/a
   2   56 |   7 1.0   19   7.6M  163  590  78%    10M |  99.9   n/a   1   27  1.27M   16   19  54%  81.9M    n/a  n/a
   2   57 |   7 1.0   19   7.2M  148  552  78%    10M |  99.9   n/a   1   27  1.29M   17   21  55%  81.9M    n/a  n/a
   2   58 |   7 1.0   19   7.7M  171  578  77%    10M |  99.9   n/a   1   27   961k   13   26  66%  81.9M    n/a  n/a
   2   59 |   7 1.0   19   7.2M  150  480  76%    10M |  99.9   n/a   1   27  1.76M   24   20  45%  81.9M    n/a  n/a
   2   5a |   7 1.0   19   7.7M  167  649  79%    10M |  99.9   n/a   1   27  1.20M   16   26  61%  81.9M    n/a  n/a
   2   5b |   7 1.0   19   7.7M  151  566  78%    10M |  99.9   n/a   1   27  1.46M   20   26  56%  81.9M    n/a  n/a
   3   5c |   7 1.0   19    15M   89  391  81%    10M |  99.9   n/a   1   27  1.03M    4    9  69%  81.9M    n/a  n/a
   3   5d |   7 1.0   19    14M   97  421  81%    10M |  99.9   n/a   1   27  1.79M    7   12  63%  81.9M    n/a  n/a
   3   5e |   7 1.0   19    15M  101  342  77%    10M |  99.9   n/a   1   27  2.26M    9   11  55%  81.9M    n/a  n/a
   3   5f |   7 1.0   19    14M   96  378  79%    10M |  99.9   n/a   1   27  1.77M    7   10  58%  81.9M    n/a  n/a
   3   60 |   7 1.0   19    14M  102  355  77%    10M |  99.9   n/a   1   27  2.76M   11   11  50%  81.9M    n/a  n/a
   3   61 |   7 1.0   19    15M   97  398  80%    10M |  99.9   n/a   1   27  2.03M    8    7  46%  81.9M    n/a  n/a
   3   62 |   7 1.0    0      0    0    0   0%    10M |   n/a   n/a   1    0      0    0    0   0%  81.9M    n/a  n/a
   3   63 |   7 1.0    0      0    0    0   0%    10M |   n/a   n/a   1    0      0    0    0   0%  81.9M    n/a  n/a
   0   44 |   7 1.0   19    14M  109  405  78%    10M |  99.9   n/a   1   27  1.02M    4   16  80%  81.9M    n/a  n/a
   0   45 |   7 1.0   19    15M  103  335  76%    10M |  99.9   n/a   1   27  2.29M    9   12  57%  81.9M    n/a  n/a
   0   46 |   7 1.0   19    15M  101  355  77%    10M |  99.9   n/a   1   27   508k    2   16  88%  81.9M    n/a  n/a
   0   47 |   7 1.0   19    15M  123  361  74%    10M |  99.9   n/a   1   27  1.26M    5   16  76%  81.9M    n/a  n/a
   0   48 |   7 1.0    0      0    0    0   0%    10M |   n/a   n/a   1    0      0    0    0   0%  81.9M    n/a  n/a
   0   49 |   7 1.0   19    16M  112  358  76%    10M |  99.9   n/a   1   27  2.53M   10   12  54%  81.9M    n/a  n/a
   0   4a |   7 1.0    0      0    0    0   0%    10M |   n/a   n/a   1    0      0    0    0   0%  81.9M    n/a  n/a
   0   4b |   7 1.0    0      0    0    0   0%    10M |   n/a   n/a   1    0      0    0    0   0%  81.9M    n/a  n/a
   1   4c |   7 1.0   19   7.6M   70  255  78%    10M |  99.9   n/a   1   27   459k    2   12  85%  81.9M    n/a  n/a
   1   4d |   7 1.0   19   8.9M   70  231  76%    10M |  99.9   n/a   1   27  1.15M    5   12  70%  81.9M    n/a  n/a
   1   4e |   7 1.0   19   6.5M   62  279  81%    10M |  99.9   n/a   1   27   451k    2   12  85%  81.9M    n/a  n/a
   1   4f |   7 1.0   19   9.1M   84  236  73%    10M |  99.9   n/a   1   27   676k    3   11  78%  81.9M    n/a  n/a
   1   50 |   7 1.0   19   9.2M   76  218  74%    10M |  99.9   n/a   1   27   451k    2   13  86%  81.9M    n/a  n/a
   1   51 |   7 1.0   19  10.0M   85  217  71%    10M |  99.9   n/a   1   27   447k    2   10  83%  81.9M    n/a  n/a
   1   52 |   7 1.0    0      0    0    0   0%    10M |   n/a   n/a   1    0      0    0    0   0%  81.9M    n/a  n/a
   1   53 |   7 1.0   19   8.8M   75  205  73%    10M |  99.9   n/a   1   27   234k    1    8  88%  81.9M    n/a  n/a
   2   54 |   7 1.0   19   9.7M  228  532  70%    10M |  99.9   n/a   1   27  1.48M   19   16  45%  81.9M    n/a  n/a
   2   55 |   7 1.0   19   9.6M  202  478  70%    10M |  99.9   n/a   1   27  1.38M   18   20  52%  81.9M    n/a  n/a
   2   56 |   7 1.0   19   9.1M  199  512  72%    10M |  99.9   n/a   1   27  1.15M   15   18  54%  81.9M    n/a  n/a
   2   57 |   7 1.0   19   9.1M  196  482  71%    10M |  99.9   n/a   1   27  1.85M   25   17  40%  81.9M    n/a  n/a
   2   58 |   7 1.0   19   9.2M  204  594  74%    10M |  99.9   n/a   1   27  1.32M   18   16  47%  81.9M    n/a  n/a
   2   59 |   7 1.0   19   9.5M  204  477  70%    10M |  99.9   n/a   1   27  1.41M   18   16  47%  81.9M    n/a  n/a
   2   5a |   7 1.0   19   9.5M  209  511  70%    10M |  99.9   n/a   1   27  2.04M   28   16  36%  81.9M    n/a  n/a
   2   5b |   7 1.0   19   9.3M  205  507  71%    10M |  99.9   n/a   1   27  1.54M   21   17  44%  81.9M    n/a  n/a
   3   5c |   7 1.0   19    13M   84  419  83%    10M |  99.9   n/a   1   27  1.54M    6   16  72%  81.9M    n/a  n/a
   3   5d |   7 1.0   19    12M   83  417  83%    10M |  99.9   n/a   1   27  2.77M   11   13  54%  81.9M    n/a  n/a
   3   5e |   7 1.0   19    13M   85  411  82%    10M |  99.9   n/a   1   27  1.30M    5   13  72%  81.9M    n/a  n/a
   3   5f |   7 1.0   19    13M   91  395  81%    10M |  99.9   n/a   1   27  2.25M    9   13  59%  81.9M    n/a  n/a
   3   60 |   7 1.0   19    12M   82  439  84%    10M |  99.9   n/a   1   27  2.01M    8   11  57%  81.9M    n/a  n/a
   3   61 |   7 1.0   19    13M   91  397  81%    10M |  99.9   n/a   1   27  1.78M    7   14  66%  81.9M    n/a  n/a
   3   62 |   7 1.0    0      0    0    0   0%    10M |   n/a   n/a   1    0      0    0    0   0%  81.9M    n/a  n/a
   3   63 |   7 1.0    0      0    0    0   0%    10M |   n/a   n/a   1    0      0    0    0   0%  81.9M    n/a  n/a
   0   44 |   7 1.0   19    16M  115  298  72%    10M |  99.9   n/a   1   27  1.02M    4   12  75%  81.9M    n/a  n/a
   0   45 |   7 1.0   19    16M  112  307  73%    10M |  99.9   n/a   1   27  1.27M    5   16  76%  81.9M    n/a  n/a
   0   46 |   7 1.0   19    15M  101  343  77%    10M |  99.9   n/a   1   27  1.78M    7   12  63%  81.9M    n/a  n/a
   0   47 |   7 1.0   19    16M  119  312  72%    10M |  99.9   n/a   1   27  2.53M   10   12  54%  81.9M    n/a  n/a
   0   48 |   7 1.0    0      0    0    0   0%    10M |   n/a   n/a   1    0      0    0    0   0%  81.9M    n/a  n/a
   0   49 |   7 1.0   19    15M  111  321  74%    10M |  99.9   n/a   1   27  3.00M   12   16  57%  81.9M    n/a  n/a
   0   4a |   7 1.0    0      0    0    0   0%    10M |   n/a   n/a   1    0      0    0    0   0%  81.9M    n/a  n/a
   0   4b |   7 1.0    0      0    0    0   0%    10M |   n/a   n/a   1    0      0    0    0   0%  81.9M    n/a  n/a
   1   4c |   7 1.0   19   9.4M   81  236  74%    10M |  99.9   n/a   1   27   668k    3   12  80%  81.9M    n/a  n/a
   1   4d |   7 1.0   19   8.2M   80  277  77%    10M |  99.9   n/a   1   27   668k    3    7  70%  81.9M    n/a  n/a
   1   4e |   7 1.0   19   7.8M   70  258  78%    10M |  99.9   n/a   1   27  1.57M    7    8  53%  81.9M    n/a  n/a
   1   4f |   7 1.0   19   9.0M   83  230  73%    10M |  99.9   n/a   1   27   225k    1   10  90%  81.9M    n/a  n/a
   1   50 |   7 1.0   19   9.3M   81  213  72%    10M |  99.9   n/a   1   27  2.05M    9    6  40%  81.9M    n/a  n/a
   1   51 |   7 1.0   19   9.5M   84  247  74%    10M |  99.9   n/a   1   27   467k    2   14  87%  81.9M    n/a  n/a
   1   52 |   7 1.0    0      0    0    0   0%    10M |   n/a   n/a   1    0      0    0    0   0%  81.9M    n/a  n/a
   1   53 |   7 1.0   19   8.6M   79  259  76%    10M |   n/a   n/a   1   27      0    0   12 100%  81.9M    n/a  n/a

          |--------------------DL---------------------|-------------------------------UL-----------------------------
 pci rnti | cqi  ri  mcs  brate   ok  nok  (%)  dl_bs | pusch  rsrp  ri  mcs  brate   ok  nok  (%)    bsr     ta  phr
   2   54 |   7 1.0   19   8.3M  182  583  76%    10M |  99.9   n/a   1   27  1.54M   20   22  52%  81.9M    n/a  n/a
   2   55 |   7 1.0   19   8.0M  170  536  75%    10M |  99.9   n/a   1   27  1.63M   21   22  51%  81.9M    n/a  n/a
   2   56 |   7 1.0   19   8.0M  182  503  73%    10M |  99.9   n/a   1   27  1.60M   20   18  47%  81.9M    n/a  n/a
   2   57 |   7 1.0   19   7.9M  173  505  74%    10M |  99.9   n/a   1   27  1.57M   19   21  52%  81.9M    n/a  n/a
   2   58 |   7 1.0   19   8.2M  180  588  76%    10M |  99.9   n/a   1   27  1.56M   20   24  54%  81.9M    n/a  n/a
   2   59 |   7 1.0   19   8.1M  170  543  76%    10M |  99.9   n/a   1   27  1.22M   14   24  63%  81.9M    n/a  n/a
   2   5a |   7 1.0   19   8.3M  188  520  73%    10M |  99.9   n/a   1   27  1.99M   24   23  48%  81.9M    n/a  n/a
   2   5b |   7 1.0   19   8.2M  175  528  75%    10M |  99.9   n/a   1   27  1.55M   19   24  55%  81.9M    n/a  n/a
   3   5c |   7 1.0   19    13M   86  438  83%    10M |  99.9   n/a   1   27  1.28M    5   11  68%  81.9M    n/a  n/a
   3   5d |   7 1.0   19    13M   86  454  84%    10M |  99.9   n/a   1   27  1.25M    5   10  66%  81.9M    n/a  n/a
   3   5e |   7 1.0   19    13M   85  456  84%    10M |  99.9   n/a   1   27  1.78M    7   12  63%  81.9M    n/a  n/a
   3   5f |   7 1.0   19    13M   86  376  81%    10M |  99.9   n/a   1   27  1.78M    7   10  58%  81.9M    n/a  n/a
   3   60 |   7 1.0   19    13M   91  395  81%    10M |  99.9   n/a   1   27   758k    3   12  80%  81.9M    n/a  n/a
   3   61 |   7 1.0   19    13M   87  392  81%    10M |  99.9   n/a   1   27  1.02M    4    8  66%  81.9M    n/a  n/a
   3   62 |   7 1.0    0      0    0    0   0%    10M |   n/a   n/a   1    0      0    0    0   0%  81.9M    n/a  n/a
   3   63 |   7 1.0    0      0    0    0   0%    10M |   n/a   n/a   1    0      0    0    0   0%  81.9M    n/a  n/a
   0   44 |   7 1.0   19    13M   97  401  80%    10M |  99.9   n/a   1   27   766k    3   16  84%  81.9M    n/a  n/a
   0   45 |   7 1.0   19    14M  106  355  77%    10M |  99.9   n/a   1   27  2.28M    9   12  57%  81.9M    n/a  n/a
   0   46 |   7 1.0   19    14M   94  326  77%    10M |  99.9   n/a   1   27  1.26M    5   16  76%  81.9M    n/a  n/a
   0   47 |   7 1.0   19    13M   97  377  79%    10M |  99.9   n/a   1   27  1.27M    5   16  76%  81.9M    n/a  n/a
   0   48 |   7 1.0    0      0    0    0   0%    10M |   n/a   n/a   1    0      0    0    0   0%  81.9M    n/a  n/a
   0   49 |   7 1.0   19    13M  103  369  78%    10M |  99.9   n/a   1   27  2.53M   10   12  54%  81.9M    n/a  n/a
   0   4a |   7 1.0    0      0    0    0   0%    10M |   n/a   n/a   1    0      0    0    0   0%  81.9M    n/a  n/a
   0   4b |   7 1.0    0      0    0    0   0%    10M |   n/a   n/a   1    0      0    0    0   0%  81.9M    n/a  n/a
   1   4c |   7 1.0   19   9.7M   77  234  75%    10M |  99.9   n/a   1   27   894k    4   13  76%  81.9M    n/a  n/a
   1   4d |   7 1.0   19    10M   85  222  72%    10M |  99.9   n/a   1   27  2.05M    9   13  59%  81.9M    n/a  n/a
   1   4e |   7 1.0   19   9.2M   76  220  74%    10M |  99.9   n/a   1   27   902k    4    8  66%  81.9M    n/a  n/a
   1   4f |   7 1.0   19   9.8M   82  196  70%    10M |  99.9   n/a   1   27   910k    4    9  69%  81.9M    n/a  n/a
   1   50 |   7 1.0   19   9.6M   75  211  73%    10M |  99.9   n/a   1   27   693k    3   13  81%  81.9M    n/a  n/a
   1   51 |   7 1.0   19    10M   92  236  71%    10M |  99.9   n/a   1   27  1.13M    5   13  72%  81.9M    n/a  n/a
   1   52 |   7 1.0    0      0    0    0   0%    10M |   n/a   n/a   1    0      0    0    0   0%  81.9M    n/a  n/a
   1   53 |   7 1.0   19  10.0M   83  247  74%    10M |  99.9   n/a   1   27  1.14M    5    7  58%  81.9M    n/a  n/a
   2   54 |   7 1.0   19   7.9M  184  614  76%    10M |  99.9   n/a   1   27  1.06M   13   22  62%  81.9M    n/a  n/a
   2   55 |   7 1.0   19   7.8M  165  530  76%    10M |  99.9   n/a   1   27  1.01M   13   23  63%  81.9M    n/a  n/a
   2   56 |   7 1.0   19   8.1M  177  580  76%    10M |  99.9   n/a   1   27  1.36M   17   20  54%  81.9M    n/a  n/a
   2   57 |   7 1.0   19   8.0M  175  562  76%    10M |  99.9   n/a   1   27  1.22M   15   18  54%  81.9M    n/a  n/a
   2   58 |   7 1.0   19   7.9M  177  568  76%    10M |  99.9   n/a   1   27  1.15M   15   20  57%  81.9M    n/a  n/a
   2   59 |   7 1.0   19   7.8M  169  544  76%    10M |  99.9   n/a   1   27  1.04M   14   24  63%  81.9M    n/a  n/a
   2   5a |   7 1.0   19   8.2M  175  625  78%    10M |  99.9   n/a   1   27  1.04M   13   19  59%  81.9M    n/a  n/a
   2   5b |   7 1.0   19   7.8M  171  517  75%    10M |  99.9   n/a   1   27  1.12M   13   24  64%  81.9M    n/a  n/a
   3   5c |   7 1.0   19    15M  103  445  81%    10M |  99.9   n/a   1   27  2.02M    8   13  61%  81.9M    n/a  n/a
   3   5d |   7 1.0   19    15M  101  344  77%    10M |  99.9   n/a   1   27  2.03M    8   13  61%  81.9M    n/a  n/a
   3   5e |   7 1.0   19    15M   96  404  80%    10M |  99.9   n/a   1   27  2.55M   10   12  54%  81.9M    n/a  n/a
   3   5f |   7 1.0   19    15M   95  404  80%    10M |  99.9   n/a   1   27  2.54M   10   13  56%  81.9M    n/a  n/a
   3   60 |   7 1.0   19    15M  105  421  80%    10M |  99.9   n/a   1   27  2.52M   10   13  56%  81.9M    n/a  n/a
   3   61 |   7 1.0   19    15M  100  354  77%    10M |  99.9   n/a   1   27  1.52M    6   13  68%  81.9M    n/a  n/a
   3   62 |   7 1.0    0      0    0    0   0%    10M |   n/a   n/a   1    0      0    0    0   0%  81.9M    n/a  n/a
   3   63 |   7 1.0    0      0    0    0   0%    10M |   n/a   n/a   1    0      0    0    0   0%  81.9M    n/a  n/a
   0   44 |   7 1.0   19    14M  118  373  75%    10M |   n/a   n/a   1   27      0    0   16 100%  81.9M    n/a  n/a
   0   45 |   7 1.0   19    12M   95  356  78%    10M |  99.9   n/a   1   27  2.79M   11   16  59%  81.9M    n/a  n/a
   0   46 |   7 1.0   19    13M   92  402  81%    10M |   n/a   n/a   1   27      0    0   16 100%  81.9M    n/a  n/a
   0   47 |   7 1.0   19    13M   98  335  77%    10M |  99.9   n/a   1   27   758k    3   16  84%  81.9M    n/a  n/a
   0   48 |   7 1.0    0      0    0    0   0%    10M |   n/a   n/a   1    0      0    0    0   0%  81.9M    n/a  n/a
   0   49 |   7 1.0   19    13M  101  373  78%    10M |  99.9   n/a   1   27   762k    3   16  84%  81.9M    n/a  n/a
   0   4a |   7 1.0    0      0    0    0   0%    10M |   n/a   n/a   1    0      0    0    0   0%  81.9M    n/a  n/a
   0   4b |   7 1.0    0      0    0    0   0%    10M |   n/a   n/a   1    0      0    0    0   0%  81.9M    n/a  n/a
   1   4c |   7 1.0   19   7.5M   72  272  79%    10M |  99.9   n/a   1   27  1.14M    5   12  70%  81.9M    n/a  n/a
   1   4d |   7 1.0   19   9.0M   85  245  74%    10M |  99.9   n/a   1   27   221k    1   12  92%  81.9M    n/a  n/a
   1   4e |   7 1.0   19   8.9M   78  245  75%    10M |  99.9   n/a   1   27   225k    1    7  87%  81.9M    n/a  n/a
   1   4f |   7 1.0   19   8.9M   84  223  72%    10M |  99.9   n/a   1   27   689k    3   15  83%  81.9M    n/a  n/a
   1   50 |   7 1.0   19   8.6M   73  220  75%    10M |  99.9   n/a   1   27   672k    3   11  78%  81.9M    n/a  n/a
   1   51 |   7 1.0   19   8.2M   75  272  78%    10M |  99.9   n/a   1   27   234k    1    7  87%  81.9M    n/a  n/a
   1   52 |   7 1.0    0      0    0    0   0%    10M |   n/a   n/a   1    0      0    0    0   0%  81.9M    n/a  n/a
   1   53 |   7 1.0   19   8.4M   84  237  73%    10M |  99.9   n/a   1   27  1.80M    8   12  60%  81.9M    n/a  n/a
   2   54 |   7 1.0   19   7.0M  155  556  78%    10M |  99.9   n/a   1   27   294k    4   15  78%  81.9M    n/a  n/a
   2   55 |   7 1.0   19   6.7M  142  530  78%    10M |  99.9   n/a   1   27   736k    9   18  66%  81.9M    n/a  n/a
   2   56 |   7 1.0   19   6.6M  153  726  82%    10M |  99.9   n/a   1   27   561k    8   18  69%  81.9M    n/a  n/a
   2   57 |   7 1.0   19   6.6M  142  520  78%    10M |  99.9   n/a   1   27   555k    7   17  70%  81.9M    n/a  n/a
   2   58 |   7 1.0   19   6.6M  154  578  78%    10M |  99.9   n/a   1   27   496k    7   17  70%  81.9M    n/a  n/a
   2   59 |   7 1.0   19   6.5M  150  578  79%    10M |  99.9   n/a   1   27   619k    9   17  65%  81.9M    n/a  n/a
   2   5a |   7 1.0   19   6.9M  156  581  78%    10M |  99.9   n/a   1   27   695k    8   18  69%  81.9M    n/a  n/a
   2   5b |   7 1.0   19   6.6M  136  504  78%    10M |  99.9   n/a   1   27   723k    9   18  66%  81.9M    n/a  n/a
   3   5c |   7 1.0   19    12M   86  462  84%    10M |  99.9   n/a   1   27  1.80M    7   15  68%  81.9M    n/a  n/a
   3   5d |   7 1.0   19    13M   90  436  82%    10M |  99.9   n/a   1   27  2.76M   11   12  52%  81.9M    n/a  n/a
   3   5e |   7 1.0   19    13M   80  419  83%    10M |  99.9   n/a   1   27  1.30M    5   14  73%  81.9M    n/a  n/a
   3   5f |   7 1.0   19    13M   85  404  82%    10M |  99.9   n/a   1   27  2.01M    8   10  55%  81.9M    n/a  n/a
   3   60 |   7 1.0   19    13M   93  436  82%    10M |  99.9   n/a   1   27  2.28M    9   12  57%  81.9M    n/a  n/a
   3   61 |   7 1.0   19    13M   96  410  81%    10M |  99.9   n/a   1   27  1.52M    6   17  73%  81.9M    n/a  n/a
   3   62 |   7 1.0    0      0    0    0   0%    10M |   n/a   n/a   1    0      0    0    0   0%  81.9M    n/a  n/a
   3   63 |   7 1.0    0      0    0    0   0%    10M |   n/a   n/a   1    0      0    0    0   0%  81.9M    n/a  n/a
   0   44 |   7 1.0   19    17M  135  357  72%    10M |  99.9   n/a   1   27  1.50M    6   15  71%  81.9M    n/a  n/a
   0   45 |   7 1.0   19    17M  117  331  73%    10M |  99.9   n/a   1   27  1.77M    7   15  68%  81.9M    n/a  n/a
   0   46 |   7 1.0   19    17M  121  325  72%    10M |  99.9   n/a   1   27  2.53M   10   13  56%  81.9M    n/a  n/a
   0   47 |   7 1.0   19    17M  131  396  75%    10M |  99.9   n/a   1   27  3.03M   12   12  50%  81.9M    n/a  n/a
   0   48 |   7 1.0    0      0    0    0   0%    10M |   n/a   n/a   1    0      0    0    0   0%  81.9M    n/a  n/a
   0   49 |   7 1.0   19    16M  124  375  75%    10M |  99.9   n/a   1   27  2.02M    8   16  66%  81.9M    n/a  n/a
   0   4a |   7 1.0    0      0    0    0   0%    10M |   n/a   n/a   1    0      0    0    0   0%  81.9M    n/a  n/a
   0   4b |   7 1.0    0      0    0    0   0%    10M |   n/a   n/a   1    0      0    0    0   0%  81.9M    n/a  n/a

          |--------------------DL---------------------|-------------------------------UL-----------------------------
 pci rnti | cqi  ri  mcs  brate   ok  nok  (%)  dl_bs | pusch  rsrp  ri  mcs  brate   ok  nok  (%)    bsr     ta  phr
   1   4c |   7 1.0   19    13M   99  170  63%    10M |  99.9   n/a   1   27  2.05M    9   11  55%  81.9M    n/a  n/a
   1   4d |   7 1.0   19    13M   94  159  62%    10M |  99.9   n/a   1   27  2.94M   13   11  45%  81.9M    n/a  n/a
   1   4e |   7 1.0   19    12M   92  188  67%    10M |  99.9   n/a   1   27  2.28M   10    7  41%  81.9M    n/a  n/a
   1   4f |   7 1.0   19    12M   89  184  67%    10M |  99.9   n/a   1   27  2.04M    9   12  57%  81.9M    n/a  n/a
   1   50 |   7 1.0   19    13M  100  184  64%    10M |  99.9   n/a   1   27  2.28M   10   10  50%  81.9M    n/a  n/a
   1   51 |   7 1.0   19    12M   97  221  69%    10M |  99.9   n/a   1   27  2.25M   10    9  47%  81.9M    n/a  n/a
   1   52 |   7 1.0    0      0    0    0   0%    10M |   n/a   n/a   1    0      0    0    0   0%  81.9M    n/a  n/a
   1   53 |   7 1.0   19    13M  101  179  63%    10M |  99.9   n/a   1   27  2.96M   13    7  35%  81.9M    n/a  n/a
   2   54 |   7 1.0   19    12M  264  389  59%    10M |  99.9   n/a   1   27  3.65M   47   15  24%  81.9M    n/a  n/a
   2   55 |   7 1.0   19    11M  222  519  70%    10M |  99.9   n/a   1   27  3.30M   41   16  28%  81.9M    n/a  n/a
   2   56 |   7 1.0   19    12M  282  375  57%    10M |  99.9   n/a   1   27  3.70M   48   17  26%  81.9M    n/a  n/a
   2   57 |   7 1.0   19    11M  233  484  67%    10M |  99.9   n/a   1   27  3.04M   40   15  27%  81.9M    n/a  n/a
   2   58 |   7 1.0   19    12M  258  360  58%    10M |  99.9   n/a   1   27  3.10M   42   15  26%  81.9M    n/a  n/a
   2   59 |   7 1.0   19    11M  231  437  65%    10M |  99.9   n/a   1   27  3.75M   47   15  24%  81.9M    n/a  n/a
   2   5a |   7 1.0   19    12M  259  341  56%    10M |  99.9   n/a   1   27  3.07M   39   17  30%  81.9M    n/a  n/a
   2   5b |   7 1.0   19    11M  226  458  66%    10M |  99.9   n/a   1   27  3.59M   43   19  30%  81.9M    n/a  n/a
   3   5c |   7 1.0   19    15M   98  376  79%    10M |  99.9   n/a   1   27  2.02M    8   14  63%  81.9M    n/a  n/a
   3   5d |   7 1.0   19    15M  105  372  77%    10M |  99.9   n/a   1   27  2.53M   10   11  52%  81.9M    n/a  n/a
   3   5e |   7 1.0   19    16M  101  349  77%    10M |  99.9   n/a   1   27  1.53M    6   14  70%  81.9M    n/a  n/a
   3   5f |   7 1.0   19    15M   93  391  80%    10M |  99.9   n/a   1   27  1.01M    4   14  77%  81.9M    n/a  n/a
   3   60 |   7 1.0   19    15M   97  412  80%    10M |  99.9   n/a   1   27  2.53M   10   15  60%  81.9M    n/a  n/a
   3   61 |   7 1.0   19    15M   95  384  80%    10M |  99.9   n/a   1   27  2.02M    8   12  60%  81.9M    n/a  n/a
   3   62 |   7 1.0    0      0    0    0   0%    10M |   n/a   n/a   1    0      0    0    0   0%  81.9M    n/a  n/a
   3   63 |   7 1.0    0      0    0    0   0%    10M |   n/a   n/a   1    0      0    0    0   0%  81.9M    n/a  n/a
   0   44 |   7 1.0   19    16M  108  314  74%    10M |  99.9   n/a   1   27   750k    3   17  85%  81.9M    n/a  n/a
   0   45 |   7 1.0   19    16M  109  278  71%    10M |  99.9   n/a   1   27  1.01M    4   17  80%  81.9M    n/a  n/a
   0   46 |   7 1.0   19    17M  119  306  72%    10M |  99.9   n/a   1   27  1.53M    6   19  76%  81.9M    n/a  n/a
   0   47 |   7 1.0   19    17M  120  331  73%    10M |  99.9   n/a   1   27  2.79M   11   16  59%  81.9M    n/a  n/a
   0   48 |   7 1.0    0      0    0    0   0%    10M |   n/a   n/a   1    0      0    0    0   0%  81.9M    n/a  n/a
   0   49 |   7 1.0   19    16M  123  361  74%    10M |  99.9   n/a   1   27  2.27M    9   16  64%  81.9M    n/a  n/a
   0   4a |   7 1.0    0      0    0    0   0%    10M |   n/a   n/a   1    0      0    0    0   0%  81.9M    n/a  n/a
   0   4b |   7 1.0    0      0    0    0   0%    10M |   n/a   n/a   1    0      0    0    0   0%  81.9M    n/a  n/a
   1   4c |   7 1.0   19    12M   90  233  72%    10M |  99.9   n/a   1   27   910k    4    9  69%  81.9M    n/a  n/a
   1   4d |   7 1.0   19    13M   96  189  66%    10M |  99.9   n/a   1   27   668k    3   11  78%  81.9M    n/a  n/a
   1   4e |   7 1.0   19    12M   89  206  69%    10M |  99.9   n/a   1   27  2.28M   10   15  60%  81.9M    n/a  n/a
   1   4f |   7 1.0   19    13M   99  178  64%    10M |  99.9   n/a   1   27  2.93M   13    8  38%  81.9M    n/a  n/a
   1   50 |   7 1.0   19    14M  103  174  62%    10M |  99.9   n/a   1   27  1.81M    8   10  55%  81.9M    n/a  n/a
   1   51 |   7 1.0   19    13M  102  198  66%    10M |  99.9   n/a   1   27  1.11M    5   13  72%  81.9M    n/a  n/a
   1   52 |   7 1.0    0      0    0    0   0%    10M |   n/a   n/a   1    0      0    0    0   0%  81.9M    n/a  n/a
   1   53 |   7 1.0   19    13M  102  182  64%    10M |  99.9   n/a   1   27  1.58M    7   15  68%  81.9M    n/a  n/a
   2   54 |   7 1.0   19   8.2M  174  551  76%    10M |  99.9   n/a   1   27   785k   11   25  69%  81.9M    n/a  n/a
   2   55 |   7 1.0   19   8.1M  171  506  74%    10M |  99.9   n/a   1   27  1.53M   21   21  50%  81.9M    n/a  n/a
   2   56 |   7 1.0   19   8.0M  174  495  73%    10M |  99.9   n/a   1   27  1.65M   20   18  47%  81.9M    n/a  n/a
   2   57 |   7 1.0   19   8.2M  174  495  73%    10M |  99.9   n/a   1   27  1.37M   18   20  52%  81.9M    n/a  n/a
   2   58 |   7 1.0   19   8.5M  202  579  74%    10M |  99.9   n/a   1   27  1.47M   18   19  51%  81.9M    n/a  n/a
   2   59 |   7 1.0   19   8.1M  169  461  73%    10M |  99.9   n/a   1   27   866k   12   24  66%  81.9M    n/a  n/a
   2   5a |   7 1.0   19   8.1M  178  601  77%    10M |  99.9   n/a   1   27  1.64M   22   20  47%  81.9M    n/a  n/a
   2   5b |   7 1.0   19   8.5M  185  502  73%    10M |  99.9   n/a   1   27  1.58M   20   19  48%  81.9M    n/a  n/a
   3   5c |   7 1.0   19    16M  105  381  78%    10M |  99.9   n/a   1   27  3.01M   12   12  50%  81.9M    n/a  n/a
   3   5d |   7 1.0   19    15M  103  413  80%    10M |  99.9   n/a   1   27  1.54M    6   15  71%  81.9M    n/a  n/a
   3   5e |   7 1.0   19    16M   99  389  79%    10M |  99.9   n/a   1   27  2.02M    8   15  65%  81.9M    n/a  n/a
   3   5f |   7 1.0   19    15M  103  400  79%    10M |  99.9   n/a   1   27  1.78M    7   11  61%  81.9M    n/a  n/a
   3   60 |   7 1.0   19    15M   99  371  78%    10M |  99.9   n/a   1   27  2.27M    9   14  60%  81.9M    n/a  n/a
   3   61 |   7 1.0   19    16M  104  346  76%    10M |  99.9   n/a   1   27  1.52M    6   13  68%  81.9M    n/a  n/a
   3   62 |   7 1.0    0      0    0    0   0%    10M |   n/a   n/a   1    0      0    0    0   0%  81.9M    n/a  n/a
   3   63 |   7 1.0    0      0    0    0   0%    10M |   n/a   n/a   1    0      0    0    0   0%  81.9M    n/a  n/a
   0   44 |   7 1.0   19    18M  130  281  68%    10M |  99.9   n/a   1   27  3.53M   14   12  46%  81.9M    n/a  n/a
   0   45 |   7 1.0   19    19M  123  279  69%    10M |  99.9   n/a   1   27  2.04M    8   14  63%  81.9M    n/a  n/a
   0   46 |   7 1.0   19    19M  127  290  69%    10M |  99.9   n/a   1   27  2.79M   11   12  52%  81.9M    n/a  n/a
   0   47 |   7 1.0   19    18M  115  309  72%    10M |  99.9   n/a   1   27  1.77M    7   16  69%  81.9M    n/a  n/a
   0   48 |   7 1.0    0      0    0    0   0%    10M |   n/a   n/a   1    0      0    0    0   0%  81.9M    n/a  n/a
   0   49 |   7 1.0   19    18M  118  293  71%    10M |  99.9   n/a   1   27  2.27M    9   16  64%  81.9M    n/a  n/a
   0   4a |   7 1.0    0      0    0    0   0%    10M |   n/a   n/a   1    0      0    0    0   0%  81.9M    n/a  n/a
   0   4b |   7 1.0    0      0    0    0   0%    10M |   n/a   n/a   1    0      0    0    0   0%  81.9M    n/a  n/a
   1   4c |   7 1.0   19    12M   89  238  72%    10M |  99.9   n/a   1   27  1.83M    8   10  55%  81.9M    n/a  n/a
   1   4d |   7 1.0   19    11M   91  244  72%    10M |  99.9   n/a   1   27   668k    3   14  82%  81.9M    n/a  n/a
   1   4e |   7 1.0   19    12M   89  242  73%    10M |  99.9   n/a   1   27  1.37M    6   12  66%  81.9M    n/a  n/a
   1   4f |   7 1.0   19    12M   86  216  71%    10M |  99.9   n/a   1   27  3.14M   14   11  44%  81.9M    n/a  n/a
   1   50 |   7 1.0   19    11M   78  271  77%    10M |  99.9   n/a   1   27   680k    3    5  62%  81.9M    n/a  n/a
   1   51 |   7 1.0   19    11M   83  222  72%    10M |  99.9   n/a   1   27  1.60M    7   13  65%  81.9M    n/a  n/a
   1   52 |   7 1.0    0      0    0    0   0%    10M |   n/a   n/a   1    0      0    0    0   0%  81.9M    n/a  n/a
   1   53 |   7 1.0   19    11M   92  215  70%    10M |  99.9   n/a   1   27  1.81M    8   15  65%  81.9M    n/a  n/a
   2   54 |   7 1.0   19   7.9M  180  596  76%    10M |  99.9   n/a   1   27   662k    8   24  75%  81.9M    n/a  n/a
   2   55 |   7 1.0   19   7.2M  154  525  77%    10M |  99.9   n/a   1   27  1.22M   16   15  48%  81.9M    n/a  n/a
   2   56 |   7 1.0   19   7.3M  166  612  78%    10M |  99.9   n/a   1   27   912k   12   22  64%  81.9M    n/a  n/a
   2   57 |   7 1.0   19   7.0M  155  574  78%    10M |  99.9   n/a   1   27  1.03M   13   20  60%  81.9M    n/a  n/a
   2   58 |   7 1.0   19   7.3M  164  611  78%    10M |  99.9   n/a   1   27   489k    7   22  75%  81.9M    n/a  n/a
   2   59 |   7 1.0   19   7.2M  156  559  78%    10M |  99.9   n/a   1   27  1.04M   13   16  55%  81.9M    n/a  n/a
   2   5a |   7 1.0   19   7.3M  174  574  76%    10M |  99.9   n/a   1   27  1.25M   16   15  48%  81.9M    n/a  n/a
   2   5b |   7 1.0   19   7.5M  154  520  77%    10M |  99.9   n/a   1   27  1.06M   13   21  61%  81.9M    n/a  n/a
   3   5c |   7 1.0   19    14M   95  358  79%    10M |  99.9   n/a   1   27  2.28M    9   13  59%  81.9M    n/a  n/a
   3   5d |   7 1.0   19    14M   88  380  81%    10M |  99.9   n/a   1   27  1.27M    5   12  70%  81.9M    n/a  n/a
   3   5e |   7 1.0   19    14M   91  341  78%    10M |  99.9   n/a   1   27  1.79M    7   13  65%  81.9M    n/a  n/a
   3   5f |   7 1.0   19    14M   98  344  77%    10M |  99.9   n/a   1   27  1.53M    6   15  71%  81.9M    n/a  n/a
   3   60 |   7 1.0   19    15M   97  360  78%    10M |  99.9   n/a   1   27  1.52M    6   14  70%  81.9M    n/a  n/a
   3   61 |   7 1.0   19    14M   91  389  81%    10M |  99.9   n/a   1   27  2.50M   10   13  56%  81.9M    n/a  n/a
   3   62 |   7 1.0    0      0    0    0   0%    10M |   n/a   n/a   1    0      0    0    0   0%  81.9M    n/a  n/a
   3   63 |   7 1.0    0      0    0    0   0%    10M |   n/a   n/a   1    0      0    0    0   0%  81.9M    n/a  n/a

          |--------------------DL---------------------|-------------------------------UL-----------------------------
 pci rnti | cqi  ri  mcs  brate   ok  nok  (%)  dl_bs | pusch  rsrp  ri  mcs  brate   ok  nok  (%)    bsr     ta  phr
   0   44 |   7 1.0   19    14M   90  407  81%    10M |  99.9   n/a   1   27  1.28M    5   16  76%  81.9M    n/a  n/a
   0   45 |   7 1.0   19    13M   92  417  81%    10M |  99.9   n/a   1   27  2.01M    8   14  63%  81.9M    n/a  n/a
   0   46 |   7 1.0   19    13M   98  408  80%    10M |  99.9   n/a   1   27  2.28M    9   16  64%  81.9M    n/a  n/a
   0   47 |   7 1.0   19    13M  105  417  79%    10M |  99.9   n/a   1   27  1.26M    5   16  76%  81.9M    n/a  n/a
   0   48 |   7 1.0    0      0    0    0   0%    10M |   n/a   n/a   1    0      0    0    0   0%  81.9M    n/a  n/a
   0   49 |   7 1.0   19    14M   95  385  80%    10M |  99.9   n/a   1   27  2.56M   10   14  58%  81.9M    n/a  n/a
   0   4a |   7 1.0    0      0    0    0   0%    10M |   n/a   n/a   1    0      0    0    0   0%  81.9M    n/a  n/a
   0   4b |   7 1.0    0      0    0    0   0%    10M |   n/a   n/a   1    0      0    0    0   0%  81.9M    n/a  n/a
   1   4c |   7 1.0   19   9.4M   78  246  75%    10M |  99.9   n/a   1   27  1.35M    6    9  60%  81.9M    n/a  n/a
   1   4d |   7 1.0   19   9.8M   86  249  74%    10M |  99.9   n/a   1   27  1.59M    7   12  63%  81.9M    n/a  n/a
   1   4e |   7 1.0   19   9.4M   78  244  75%    10M |  99.9   n/a   1   27   918k    4   13  76%  81.9M    n/a  n/a
   1   4f |   7 1.0   19    10M   84  256  75%    10M |  99.9   n/a   1   27  1.14M    5    9  64%  81.9M    n/a  n/a
   1   50 |   7 1.0   19   9.6M   77  239  75%    10M |  99.9   n/a   1   27  1.37M    6   10  62%  81.9M    n/a  n/a
   1   51 |   7 1.0   19   9.7M   75  242  76%    10M |  99.9   n/a   1   27  1.36M    6    9  60%  81.9M    n/a  n/a
   1   52 |   7 1.0    0      0    0    0   0%    10M |   n/a   n/a   1    0      0    0    0   0%  81.9M    n/a  n/a
   1   53 |   7 1.0   19  10.0M   88  279  76%    10M |  99.9   n/a   1   27  1.80M    8    7  46%  81.9M    n/a  n/a
   2   54 |   7 1.0   19   7.0M  156  629  80%    10M |  99.9   n/a   1   27  1.16M   15   19  55%  81.9M    n/a  n/a
   2   55 |   7 1.0   19   6.9M  139  546  79%    10M |  99.9   n/a   1   27   579k    8   25  75%  81.9M    n/a  n/a
   2   56 |   7 1.0   19   6.9M  159  639  80%    10M |  99.9   n/a   1   27   924k   13   22  62%  81.9M    n/a  n/a
   2   57 |   7 1.0   19   6.8M  142  540  79%    10M |  99.9   n/a   1   27   717k   10   22  68%  81.9M    n/a  n/a
   2   58 |   7 1.0   19   6.5M  147  686  82%    10M |  99.9   n/a   1   27  1.33M   19   20  51%  81.9M    n/a  n/a
   2   59 |   7 1.0   19   6.7M  148  595  80%    10M |  99.9   n/a   1   27  1.01M   13   21  61%  81.9M    n/a  n/a
   2   5a |   7 1.0   19   6.7M  152  687  81%    10M |  99.9   n/a   1   27  1.17M   15   20  57%  81.9M    n/a  n/a
   2   5b |   7 1.0   19   6.8M  142  550  79%    10M |  99.9   n/a   1   27  1.11M   16   23  58%  81.9M    n/a  n/a
   3   5c |   7 1.0   19    13M   91  391  81%    10M |  99.9   n/a   1   27  1.02M    4    9  69%  81.9M    n/a  n/a
   3   5d |   7 1.0   19    13M   85  391  82%    10M |  99.9   n/a   1   27  1.25M    5   10  66%  81.9M    n/a  n/a
   3   5e |   7 1.0   19    13M   82  417  83%    10M |  99.9   n/a   1   27  1.25M    5    9  64%  81.9M    n/a  n/a
   3   5f |   7 1.0   19    13M   90  388  81%    10M |  99.9   n/a   1   27  1.02M    4   11  73%  81.9M    n/a  n/a
   3   60 |   7 1.0   19    14M   97  404  80%    10M |  99.9   n/a   1   27  1.77M    7   10  58%  81.9M    n/a  n/a
   3   61 |   7 1.0   19    13M   92  418  81%    10M |  99.9   n/a   1   27  1.51M    6   11  64%  81.9M    n/a  n/a
   3   62 |   7 1.0    0      0    0    0   0%    10M |   n/a   n/a   1    0      0    0    0   0%  81.9M    n/a  n/a
   3   63 |   7 1.0    0      0    0    0   0%    10M |   n/a   n/a   1    0      0    0    0   0%  81.9M    n/a  n/a
   0   44 |   7 1.0   19    13M   99  348  77%    10M |  99.9   n/a   1   27  1.51M    6   12  66%  81.9M    n/a  n/a
   0   45 |   7 1.0   19    13M   94  359  79%    10M |  99.9   n/a   1   27   250k    1   13  92%  81.9M    n/a  n/a
   0   46 |   7 1.0   19    14M  100  361  78%    10M |  99.9   n/a   1   27  1.01M    4   12  75%  81.9M    n/a  n/a
   0   47 |   7 1.0   19    14M  105  378  78%    10M |  99.9   n/a   1   27  1.02M    4   12  75%  81.9M    n/a  n/a
   0   48 |   7 1.0    0      0    0    0   0%    10M |   n/a   n/a   1    0      0    0    0   0%  81.9M    n/a  n/a
   0   49 |   7 1.0   19    14M   99  362  78%    10M |  99.9   n/a   1   27  1.51M    6   14  70%  81.9M    n/a  n/a
   0   4a |   7 1.0    0      0    0    0   0%    10M |   n/a   n/a   1    0      0    0    0   0%  81.9M    n/a  n/a
   0   4b |   7 1.0    0      0    0    0   0%    10M |   n/a   n/a   1    0      0    0    0   0%  81.9M    n/a  n/a
   1   4c |   7 1.0   19   9.8M   81  275  77%    10M |  99.9   n/a   1   27  1.14M    5   10  66%  81.9M    n/a  n/a
   1   4d |   7 1.0   19   9.6M   81  314  79%    10M |  99.9   n/a   1   27  1.82M    8    8  50%  81.9M    n/a  n/a
   1   4e |   7 1.0   19    10M   81  333  80%    10M |  99.9   n/a   1   27  2.26M   10   11  52%  81.9M    n/a  n/a
   1   4f |   7 1.0   19   9.9M   83  264  76%    10M |  99.9   n/a   1   27  1.81M    8    8  50%  81.9M    n/a  n/a
   1   50 |   7 1.0   19   9.5M   76  319  80%    10M |  99.9   n/a   1   27  1.85M    8   10  55%  81.9M    n/a  n/a
   1   51 |   7 1.0   19   9.4M   82  292  78%    10M |  99.9   n/a   1   27  1.82M    8   10  55%  81.9M    n/a  n/a
   1   52 |   7 1.0    0      0    0    0   0%    10M |   n/a   n/a   1    0      0    0    0   0%  81.9M    n/a  n/a
   1   53 |   7 1.0   19    10M   82  293  78%    10M |  99.9   n/a   1   27  1.13M    5    9  64%  81.9M    n/a  n/a
   2   54 |   7 1.0   19   6.4M  151  672  81%    10M |  99.9   n/a   1   27   350k    5   23  82%  81.9M    n/a  n/a
   2   55 |   7 1.0   19   6.7M  142  570  80%    10M |  99.9   n/a   1   27   234k    3   21  87%  81.9M    n/a  n/a
   2   56 |   7 1.0   19   6.6M  144  634  81%    10M |  99.9   n/a   1   27   484k    7   18  72%  81.9M    n/a  n/a
   2   57 |   7 1.0   19   6.6M  147  625  80%    10M |  99.9   n/a   1   27   686k    8   19  70%  81.9M    n/a  n/a
   2   58 |   7 1.0   19   6.9M  158  602  79%    10M |  99.9   n/a   1   27   743k   10   22  68%  81.9M    n/a  n/a
   2   59 |   7 1.0   19   7.0M  154  605  79%    10M |  99.9   n/a   1   27   604k    8   22  73%  81.9M    n/a  n/a
   2   5a |   7 1.0   19   6.8M  154  623  80%    10M |  99.9   n/a   1   27   859k   11   21  65%  81.9M    n/a  n/a
   2   5b |   7 1.0   19   6.9M  149  568  79%    10M |  99.9   n/a   1   27   535k    8   20  71%  81.9M    n/a  n/a
   3   5c |   7 1.0   19    11M   77  496  86%    10M |  99.9   n/a   1   27  1.27M    5   13  72%  81.9M    n/a  n/a
   3   5d |   7 1.0   19    10M   67  480  87%    10M |  99.9   n/a   1   27  1.54M    6   16  72%  81.9M    n/a  n/a
   3   5e |   7 1.0   19    11M   74  524  87%    10M |  99.9   n/a   1   27  1.27M    5   13  72%  81.9M    n/a  n/a
   3   5f |   7 1.0   19    10M   71  471  86%    10M |  99.9   n/a   1   27  1.04M    4   12  75%  81.9M    n/a  n/a
   3   60 |   7 1.0   19    11M   69  541  88%    10M |  99.9   n/a   1   27  1.76M    7   14  66%  81.9M    n/a  n/a
   3   61 |   7 1.0   19    10M   66  474  87%    10M |  99.9   n/a   1   27  1.52M    6   12  66%  81.9M    n/a  n/a
   3   62 |   7 1.0    0      0    0    0   0%    10M |   n/a   n/a   1    0      0    0    0   0%  81.9M    n/a  n/a
   3   63 |   7 1.0    0      0    0    0   0%    10M |   n/a   n/a   1    0      0    0    0   0%  81.9M    n/a  n/a
   0   44 |   7 1.0   19    15M  106  352  76%    10M |  99.9   n/a   1   27   758k    3   16  84%  81.9M    n/a  n/a
   0   45 |   7 1.0   19    14M  101  403  79%    10M |  99.9   n/a   1   27  1.50M    6   15  71%  81.9M    n/a  n/a
   0   46 |   7 1.0   19    13M   91  351  79%    10M |  99.9   n/a   1   27  1.52M    6   16  72%  81.9M    n/a  n/a
   0   47 |   7 1.0   19    14M  102  358  77%    10M |  99.9   n/a   1   27  1.27M    5   16  76%  81.9M    n/a  n/a
   0   48 |   7 1.0    0      0    0    0   0%    10M |   n/a   n/a   1    0      0    0    0   0%  81.9M    n/a  n/a
   0   49 |   7 1.0   19    15M   99  388  79%    10M |  99.9   n/a   1   27  2.03M    8   16  66%  81.9M    n/a  n/a
   0   4a |   7 1.0    0      0    0    0   0%    10M |   n/a   n/a   1    0      0    0    0   0%  81.9M    n/a  n/a
   0   4b |   7 1.0    0      0    0    0   0%    10M |   n/a   n/a   1    0      0    0    0   0%  81.9M    n/a  n/a
   1   4c |   7 1.0   19   9.7M   71  372  83%    10M |  99.9   n/a   1   27  1.13M    5   13  72%  81.9M    n/a  n/a
   1   4d |   7 1.0   19   9.5M   67  376  84%    10M |  99.9   n/a   1   27   685k    3   12  80%  81.9M    n/a  n/a
   1   4e |   7 1.0   19    10M   70  342  83%    10M |  99.9   n/a   1   27  1.58M    7    8  53%  81.9M    n/a  n/a
   1   4f |   7 1.0   19   9.2M   70  409  85%    10M |  99.9   n/a   1   27   906k    4   14  77%  81.9M    n/a  n/a
   1   50 |   7 1.0   19   9.7M   77  374  82%    10M |  99.9   n/a   1   27   910k    4   10  71%  81.9M    n/a  n/a
   1   51 |   7 1.0   19   9.6M   71  362  83%    10M |  99.9   n/a   1   27   910k    4   11  73%  81.9M    n/a  n/a
   1   52 |   7 1.0    0      0    0    0   0%    10M |   n/a   n/a   1    0      0    0    0   0%  81.9M    n/a  n/a
   1   53 |   7 1.0   19   9.4M   68  373  84%    10M |  99.9   n/a   1   27  1.35M    6   12  66%  81.9M    n/a  n/a
   2   54 |   7 1.0   19   7.0M  153  661  81%    10M |  99.9   n/a   1   27   821k   11   19  63%  81.9M    n/a  n/a
   2   55 |   7 1.0   19   6.9M  148  586  79%    10M |  99.9   n/a   1   27   811k   10   15  60%  81.9M    n/a  n/a
   2   56 |   7 1.0   19   7.0M  164  596  78%    10M |  99.9   n/a   1   27   896k   12   15  55%  81.9M    n/a  n/a
   2   57 |   7 1.0   19   6.8M  141  627  81%    10M |  99.9   n/a   1   27   721k   10   19  65%  81.9M    n/a  n/a
   2   58 |   7 1.0   19   7.1M  157  594  79%    10M |  99.9   n/a   1   27   786k   10   19  65%  81.9M    n/a  n/a
   2   59 |   7 1.0   19   6.9M  155  618  79%    10M |  99.9   n/a   1   27   799k   10   17  62%  81.9M    n/a  n/a
   2   5a |   7 1.0   19   7.2M  163  594  78%    10M |  99.9   n/a   1   27   837k   11   19  63%  81.9M    n/a  n/a
   2   5b |   7 1.0   19   6.8M  145  534  78%    10M |  99.9   n/a   1   27   718k   10   17  62%  81.9M    n/a  n/a

          |--------------------DL---------------------|-------------------------------UL-----------------------------
 pci rnti | cqi  ri  mcs  brate   ok  nok  (%)  dl_bs | pusch  rsrp  ri  mcs  brate   ok  nok  (%)    bsr     ta  phr
   3   5c |   7 1.0   19    14M   89  415  82%    10M |  99.9   n/a   1   27  1.26M    5   13  72%  81.9M    n/a  n/a
   3   5d |   7 1.0   19    14M   88  370  80%    10M |  99.9   n/a   1   27  1.79M    7   11  61%  81.9M    n/a  n/a
   3   5e |   7 1.0   19    14M   88  327  78%    10M |  99.9   n/a   1   27  2.01M    8   11  57%  81.9M    n/a  n/a
   3   5f |   7 1.0   19    14M   89  428  82%    10M |  99.9   n/a   1   27  1.55M    6   11  64%  81.9M    n/a  n/a
   3   60 |   7 1.0   19    14M   91  394  81%    10M |  99.9   n/a   1   27  2.02M    8   12  60%  81.9M    n/a  n/a
   3   61 |   7 1.0   19    14M   92  383  80%    10M |  99.9   n/a   1   27  1.00M    4   12  75%  81.9M    n/a  n/a
   3   62 |   7 1.0    0      0    0    0   0%    10M |   n/a   n/a   1    0      0    0    0   0%  81.9M    n/a  n/a
   3   63 |   7 1.0    0      0    0    0   0%    10M |   n/a   n/a   1    0      0    0    0   0%  81.9M    n/a  n/a
   0   44 |   7 1.0   19    10M   75  406  84%    10M |  99.9   n/a   1   27   250k    1   16  94%  81.9M    n/a  n/a
   0   45 |   7 1.0   19    11M   75  446  85%    10M |  99.9   n/a   1   27   763k    3   16  84%  81.9M    n/a  n/a
   0   46 |   7 1.0   19    12M   98  436  81%    10M |  99.9   n/a   1   27  1.01M    4   16  80%  81.9M    n/a  n/a
   0   47 |   7 1.0   19    11M   86  463  84%    10M |  99.9   n/a   1   27   767k    3   16  84%  81.9M    n/a  n/a
   0   48 |   7 1.0    0      0    0    0   0%    10M |   n/a   n/a   1    0      0    0    0   0%  81.9M    n/a  n/a
   0   49 |   7 1.0   19    11M   88  447  83%    10M |  99.9   n/a   1   27  1.02M    4   12  75%  81.9M    n/a  n/a
   0   4a |   7 1.0    0      0    0    0   0%    10M |   n/a   n/a   1    0      0    0    0   0%  81.9M    n/a  n/a
   0   4b |   7 1.0    0      0    0    0   0%    10M |   n/a   n/a   1    0      0    0    0   0%  81.9M    n/a  n/a
   1   4c |   7 1.0   19   7.9M   59  414  87%    10M |  99.9   n/a   1   27   434k    2   10  83%  81.9M    n/a  n/a
   1   4d |   7 1.0   19   8.4M   62  394  86%    10M |   n/a   n/a   1   27      0    0   10 100%  81.9M    n/a  n/a
   1   4e |   7 1.0   19   8.5M   66  394  85%    10M |  99.9   n/a   1   27   217k    1   12  92%  81.9M    n/a  n/a
   1   4f |   7 1.0   19   8.4M   66  457  87%    10M |  99.9   n/a   1   27  1.12M    5    9  64%  81.9M    n/a  n/a
   1   50 |   7 1.0   19   8.3M   68  436  86%    10M |  99.9   n/a   1   27   676k    3    8  72%  81.9M    n/a  n/a
   1   51 |   7 1.0   19   8.7M   65  447  87%    10M |  99.9   n/a   1   27   922k    4    8  66%  81.9M    n/a  n/a
   1   52 |   7 1.0    0      0    0    0   0%    10M |   n/a   n/a   1    0      0    0    0   0%  81.9M    n/a  n/a
   1   53 |   7 1.0   19   8.2M   62  413  86%    10M |   n/a   n/a   1   27      0    0    9 100%  81.9M    n/a  n/a
   2   54 |   7 1.0   19   6.5M  149  637  81%    10M |  99.9   n/a   1   27  1.02M   14   19  57%  81.9M    n/a  n/a
   2   55 |   7 1.0   19   6.3M  126  569  81%    10M |  99.9   n/a   1   27   582k    8   26  76%  81.9M    n/a  n/a
   2   56 |   7 1.0   19   6.6M  152  673  81%    10M |  99.9   n/a   1   27   988k   14   24  63%  81.9M    n/a  n/a
   2   57 |   7 1.0   19   6.2M  136  580  81%    10M |  99.9   n/a   1   27  1.03M   14   21  60%  81.9M    n/a  n/a
   2   58 |   7 1.0   19   6.2M  141  644  82%    10M |  99.9   n/a   1   27   852k   12   22  64%  81.9M    n/a  n/a
   2   59 |   7 1.0   19   6.2M  134  621  82%    10M |  99.9   n/a   1   27   886k   11   22  66%  81.9M    n/a  n/a
   2   5a |   7 1.0   19   6.2M  144  646  81%    10M |  99.9   n/a   1   27   800k   11   25  69%  81.9M    n/a  n/a
   2   5b |   7 1.0   19   6.1M  133  605  81%    10M |  99.9   n/a   1   27  1.04M   13   21  61%  81.9M    n/a  n/a
   3   5c |   7 1.0   19    14M   89  420  82%    10M |  99.9   n/a   1   27  1.76M    7   10  58%  81.9M    n/a  n/a
   3   5d |   7 1.0   19    14M   96  426  81%    10M |  99.9   n/a   1   27  1.53M    6   13  68%  81.9M    n/a  n/a
   3   5e |   7 1.0   19    14M  100  433  81%    10M |  99.9   n/a   1   27  1.52M    6   11  64%  81.9M    n/a  n/a
   3   5f |   7 1.0   19    13M   97  390  80%    10M |  99.9   n/a   1   27  1.27M    5   13  72%  81.9M    n/a  n/a
   3   60 |   7 1.0   19    13M   88  472  84%    10M |  99.9   n/a   1   27  2.02M    8    9  52%  81.9M    n/a  n/a
   3   61 |   7 1.0   19    14M   93  406  81%    10M |  99.9   n/a   1   27  1.76M    7   12  63%  81.9M    n/a  n/a
   3   62 |   7 1.0    0      0    0    0   0%    10M |   n/a   n/a   1    0      0    0    0   0%  81.9M    n/a  n/a
   3   63 |   7 1.0    0      0    0    0   0%    10M |   n/a   n/a   1    0      0    0    0   0%  81.9M    n/a  n/a
   0   44 |   7 1.0   19    16M  111  353  76%    10M |  99.9   n/a   1   27  1.77M    7   15  68%  81.9M    n/a  n/a
   0   45 |   7 1.0   19    15M  110  426  79%    10M |  99.9   n/a   1   27  1.52M    6   16  72%  81.9M    n/a  n/a
   0   46 |   7 1.0   19    15M  112  413  78%    10M |  99.9   n/a   1   27  1.52M    6   14  70%  81.9M    n/a  n/a
   0   47 |   7 1.0   19    15M  102  396  79%    10M |  99.9   n/a   1   27  1.75M    7   15  68%  81.9M    n/a  n/a
   0   48 |   7 1.0    0      0    0    0   0%    10M |   n/a   n/a   1    0      0    0    0   0%  81.9M    n/a  n/a
   0   49 |   7 1.0   19    15M  113  401  78%    10M |  99.9   n/a   1   27  1.27M    5   16  76%  81.9M    n/a  n/a
   0   4a |   7 1.0    0      0    0    0   0%    10M |   n/a   n/a   1    0      0    0    0   0%  81.9M    n/a  n/a
   0   4b |   7 1.0    0      0    0    0   0%    10M |   n/a   n/a   1    0      0    0    0   0%  81.9M    n/a  n/a
   1   4c |   7 1.0   19   9.8M   74  336  81%    10M |  99.9   n/a   1   27  1.14M    5   10  66%  81.9M    n/a  n/a
   1   4d |   7 1.0   19    10M   77  346  81%    10M |  99.9   n/a   1   27   898k    4   11  73%  81.9M    n/a  n/a
   1   4e |   7 1.0   19  10.0M   73  383  83%    10M |  99.9   n/a   1   27   701k    3    8  72%  81.9M    n/a  n/a
   1   4f |   7 1.0   19    11M   78  369  82%    10M |  99.9   n/a   1   27   914k    4   14  77%  81.9M    n/a  n/a
   1   50 |   7 1.0   19  10.0M   75  378  83%    10M |  99.9   n/a   1   27   668k    3    9  75%  81.9M    n/a  n/a
   1   51 |   7 1.0   19    10M   82  365  81%    10M |  99.9   n/a   1   27  1.35M    6   11  64%  81.9M    n/a  n/a
   1   52 |   7 1.0    0      0    0    0   0%    10M |   n/a   n/a   1    0      0    0    0   0%  81.9M    n/a  n/a
   1   53 |   7 1.0   19    10M   75  403  84%    10M |  99.9   n/a   1   27  1.34M    6   11  64%  81.9M    n/a  n/a
   2   54 |   7 1.0   19   6.8M  158  663  80%    10M |  99.9   n/a   1   27   526k    7   25  78%  81.9M    n/a  n/a
   2   55 |   7 1.0   19   6.8M  144  586  80%    10M |  99.9   n/a   1   27   744k   10   24  70%  81.9M    n/a  n/a
   2   56 |   7 1.0   19   6.9M  147  656  81%    10M |  99.9   n/a   1   27   745k   10   21  67%  81.9M    n/a  n/a
   2   57 |   7 1.0   19   6.8M  151  609  80%    10M |  99.9   n/a   1   27   580k    8   27  77%  81.9M    n/a  n/a
   2   58 |   7 1.0   19   6.9M  163  628  79%    10M |  99.9   n/a   1   27   576k    8   22  73%  81.9M    n/a  n/a
   2   59 |   7 1.0   19   6.9M  147  593  80%    10M |  99.9   n/a   1   27   577k    7   25  78%  81.9M    n/a  n/a
   2   5a |   7 1.0   19   7.1M  158  620  79%    10M |  99.9   n/a   1   27   700k   10   24  70%  81.9M    n/a  n/a
   2   5b |   7 1.0   19   7.0M  146  520  78%    10M |  99.9   n/a   1   27   727k    9   22  70%  81.9M    n/a  n/a
   3   5c |   7 1.0   19    12M   79  498  86%    10M |  99.9   n/a   1   27  1.27M    5   14  73%  81.9M    n/a  n/a
   3   5d |   7 1.0   19    11M   77  432  84%    10M |  99.9   n/a   1   27  1.00M    4   14  77%  81.9M    n/a  n/a
   3   5e |   7 1.0   19    12M   82  436  84%    10M |  99.9   n/a   1   27   750k    3   13  81%  81.9M    n/a  n/a
   3   5f |   7 1.0   19    12M   75  461  86%    10M |  99.9   n/a   1   27  1.00M    4   13  76%  81.9M    n/a  n/a
   3   60 |   7 1.0   19    12M   82  478  85%    10M |  99.9   n/a   1   27  1.01M    4   12  75%  81.9M    n/a  n/a
   3   61 |   7 1.0   19    12M   90  376  80%    10M |  99.9   n/a   1   27   758k    3   14  82%  81.9M    n/a  n/a
   3   62 |   7 1.0    0      0    0    0   0%    10M |   n/a   n/a   1    0      0    0    0   0%  81.9M    n/a  n/a
   3   63 |   7 1.0    0      0    0    0   0%    10M |   n/a   n/a   1    0      0    0    0   0%  81.9M    n/a  n/a
   0   44 |   7 1.0   19    14M  107  409  79%    10M |  99.9   n/a   1   27  1.53M    6   16  72%  81.9M    n/a  n/a
   0   45 |   7 1.0   19    15M  109  423  79%    10M |  99.9   n/a   1   27  1.02M    4   16  80%  81.9M    n/a  n/a
   0   46 |   7 1.0   19    15M  111  394  78%    10M |  99.9   n/a   1   27  1.53M    6   14  70%  81.9M    n/a  n/a
   0   47 |   7 1.0   19    14M  108  410  79%    10M |  99.9   n/a   1   27   746k    3   17  85%  81.9M    n/a  n/a
   0   48 |   7 1.0    0      0    0    0   0%    10M |   n/a   n/a   1    0      0    0    0   0%  81.9M    n/a  n/a
   0   49 |   7 1.0   19    14M  108  413  79%    10M |  99.9   n/a   1   27  1.27M    5   16  76%  81.9M    n/a  n/a
   0   4a |   7 1.0    0      0    0    0   0%    10M |   n/a   n/a   1    0      0    0    0   0%  81.9M    n/a  n/a
   0   4b |   7 1.0    0      0    0    0   0%    10M |   n/a   n/a   1    0      0    0    0   0%  81.9M    n/a  n/a
   1   4c |   7 1.0   19   9.6M   76  382  83%    10M |  99.9   n/a   1   27  1.36M    6   12  66%  81.9M    n/a  n/a
   1   4d |   7 1.0   19    10M   79  363  82%    10M |  99.9   n/a   1   27   914k    4   13  76%  81.9M    n/a  n/a
   1   4e |   7 1.0   19    10M   75  353  82%    10M |  99.9   n/a   1   27  1.13M    5   12  70%  81.9M    n/a  n/a
   1   4f |   7 1.0   19    11M   78  313  80%    10M |  99.9   n/a   1   27  1.37M    6   11  64%  81.9M    n/a  n/a
   1   50 |   7 1.0   19  10.0M   78  343  81%    10M |  99.9   n/a   1   27   672k    3   12  80%  81.9M    n/a  n/a
   1   51 |   7 1.0   19    10M   80  378  82%    10M |  99.9   n/a   1   27   914k    4   10  71%  81.9M    n/a  n/a
   1   52 |   7 1.0    0      0    0    0   0%    10M |   n/a   n/a   1    0      0    0    0   0%  81.9M    n/a  n/a
   1   53 |   7 1.0   19    10M   78  336  81%    10M |  99.9   n/a   1   27  1.36M    6   10  62%  81.9M    n/a  n/a

          |--------------------DL---------------------|-------------------------------UL-----------------------------
 pci rnti | cqi  ri  mcs  brate   ok  nok  (%)  dl_bs | pusch  rsrp  ri  mcs  brate   ok  nok  (%)    bsr     ta  phr
   2   54 |   7 1.0   19   7.4M  171  611  78%    10M |  99.9   n/a   1   27   898k   14   21  60%  81.9M    n/a  n/a
   2   55 |   7 1.0   19   7.6M  159  595  78%    10M |  99.9   n/a   1   27  1.15M   15   20  57%  81.9M    n/a  n/a
   2   56 |   7 1.0   19   7.4M  170  590  77%    10M |  99.9   n/a   1   27  1.04M   15   20  57%  81.9M    n/a  n/a
   2   57 |   7 1.0   19   7.6M  165  544  76%    10M |  99.9   n/a   1   27  1.11M   14   19  57%  81.9M    n/a  n/a
   2   58 |   7 1.0   19   7.1M  160  609  79%    10M |  99.9   n/a   1   27   668k    9   23  71%  81.9M    n/a  n/a
   2   59 |   7 1.0   19   7.3M  149  496  76%    10M |  99.9   n/a   1   27   669k    8   21  72%  81.9M    n/a  n/a
   2   5a |   7 1.0   19   7.4M  166  563  77%    10M |  99.9   n/a   1   27  1.15M   17   21  55%  81.9M    n/a  n/a
   2   5b |   7 1.0   19   7.5M  166  568  77%    10M |  99.9   n/a   1   27   908k   13   23  63%  81.9M    n/a  n/a
   3   5c |   7 1.0   19    13M   84  433  83%    10M |  99.9   n/a   1   27  2.02M    8   15  65%  81.9M    n/a  n/a
   3   5d |   7 1.0   19    13M   92  416  81%    10M |  99.9   n/a   1   27  1.28M    5   12  70%  81.9M    n/a  n/a
   3   5e |   7 1.0   19    13M   93  441  82%    10M |  99.9   n/a   1   27  1.03M    4   16  80%  81.9M    n/a  n/a
   3   5f |   7 1.0   19    12M   86  407  82%    10M |  99.9   n/a   1   27   996k    4   13  76%  81.9M    n/a  n/a
   3   60 |   7 1.0   19    13M   89  444  83%    10M |  99.9   n/a   1   27  2.52M   10   12  54%  81.9M    n/a  n/a
   3   61 |   7 1.0   19    13M   80  396  83%    10M |  99.9   n/a   1   27  1.77M    7   1