
--== OCUDU gNB (commit 6744de3b5b) ==--

Initializing the Open Fronthaul Interface for sector#0: ul_compr=[BFP,9], dl_compr=[BFP,9], prach_compr=[BFP,9], prach_cp_enabled=false
Initializing the Open Fronthaul Interface for sector#1: ul_compr=[BFP,9], dl_compr=[BFP,9], prach_compr=[BFP,9], prach_cp_enabled=false
Initializing the Open Fronthaul Interface for sector#2: ul_compr=[BFP,9], dl_compr=[BFP,9], prach_compr=[BFP,9], prach_cp_enabled=false
Initializing the Open Fronthaul Interface for sector#3: ul_compr=[BFP,9], dl_compr=[BFP,9], prach_compr=[BFP,9], prach_cp_enabled=false
Cell pci=0, bw=100 MHz, 1T1R, dl_arfcn=625000 (n78), dl_freq=3375 MHz, dl_ssb_arfcn=622272, ul_freq=3375 MHz
Cell pci=1, bw=90 MHz, 1T1R, dl_arfcn=632628 (n78), dl_freq=3489.42 MHz, dl_ssb_arfcn=630240, ul_freq=3489.42 MHz
Cell pci=2, bw=80 MHz, 1T1R, dl_arfcn=637212 (n78), dl_freq=3558.18 MHz, dl_ssb_arfcn=635136, ul_freq=3558.18 MHz
Cell pci=3, bw=100 MHz, 1T1R, dl_arfcn=640000 (n78), dl_freq=3600 MHz, dl_ssb_arfcn=637344, ul_freq=3600 MHz

Remote control server listening on 0.0.0.0:8001
==== gNB started ===
Type <h> to view help

          |--------------------DL---------------------|-------------------------------UL-----------------------------
 pci rnti | cqi  ri  mcs  brate   ok  nok  (%)  dl_bs | pusch  rsrp  ri  mcs  brate   ok  nok  (%)    bsr     ta  phr
   0   44 |   7 1.0    7    14M  149   12   7%    10M |  99.9   n/a   1   26  13.5M   39    0   0%  81.9M    n/a  n/a
   0   45 |   7 1.0   10    15M  122   27  18%    10M |  99.9   n/a   1   26  13.8M   40    0   0%  81.9M    n/a  n/a
   0   46 |   7 1.0    9    15M  134   31  18%    10M |  99.9   n/a   1   26  13.4M   39    0   0%  81.9M    n/a  n/a
   0   47 |   7 1.0    9    15M  137   34  19%    10M |  99.9   n/a   1   26  13.5M   39    0   0%  81.9M    n/a  n/a
   0   48 | n/a n/a    3   3.5k    1    0   0%    10M |  99.9   n/a   1    9   124k    2    0   0%  81.9M    n/a  n/a
   0   49 |   7 1.0    9    14M  146   31  17%    10M |  99.9   n/a   1   26  13.5M   39    0   0%  81.9M    n/a  n/a
   0   4a |   7 1.0   10    15M  126   26  17%    10M |  99.9   n/a   1   26  13.5M   39    0   0%  81.9M    n/a  n/a
   0   4b |   7 1.0   10    15M  130   32  19%    10M |  99.9   n/a   1   26  13.5M   39    0   0%  81.9M    n/a  n/a
   1   4c |   7 1.0    8    17M  222   12   5%    10M |  99.9   n/a   1   26  20.9M   69    0   0%  81.9M    n/a  n/a
   1   4d | n/a n/a    3    11M  297   56  15%    10M |  99.9   n/a   1   26  21.3M   70    0   0%  81.9M    n/a  n/a
   1   4e | n/a n/a    3    11M  302   67  18%    10M |  99.9   n/a   1   27  20.9M   68    0   0%  81.9M    n/a  n/a
   1   4f | n/a n/a    3   3.5k    1    0   0%    10M |  99.9   n/a   1    9   110k    2    0   0%  81.9M    n/a  n/a
   1   50 |   7 1.0   10    19M  177    0   0%    10M |  99.9   n/a   1   27  21.0M   69    0   0%  81.9M    n/a  n/a
   1   51 | n/a n/a    3   3.5k    1    0   0%    10M |  99.9   n/a   1    9  54.2k    1    0   0%  81.9M    n/a  n/a
   1   52 | n/a n/a    3   3.5k    1    0   0%    10M |  99.9   n/a   1    9   110k    2    0   0%  81.9M    n/a  n/a
   1   53 | n/a n/a    3   3.5k    1    0   0%    10M |  99.9   n/a   1    9   110k    2    0   0%  81.9M    n/a  n/a
   2   54 |   7 1.0    6   9.7M  160   10   5%    10M |  99.9   n/a   1   26  10.6M   39    0   0%  81.9M    n/a  n/a
   2   55 |   7 1.0    9    11M  133   26  16%    10M |  99.9   n/a   1   26  10.6M   40    0   0%  81.9M    n/a  n/a
   2   56 |   7 1.0    8    10M  142   24  14%    10M |  99.9   n/a   1   27  10.9M   40    0   0%  81.9M    n/a  n/a
   2   57 |   7 1.0   10    11M  121   30  19%    10M |  99.9   n/a   1   26  10.6M   40    0   0%  81.9M    n/a  n/a
   2   58 |   7 1.0    8    11M  133   56  29%    10M |  99.9   n/a   1   26  10.6M   39    0   0%  81.9M    n/a  n/a
   2   59 | n/a n/a    3   3.5k    1    0   0%    10M |  99.9   n/a   1    9  47.1k    1    0   0%  81.9M    n/a  n/a
   2   5a |   7 1.0    7    10M  152   33  17%    10M |  99.9   n/a   1   26  10.6M   39    0   0%  81.9M    n/a  n/a
   2   5b |   7 1.0   10    11M  119   21  15%    10M |  99.9   n/a   1   26  10.6M   40    0   0%  81.9M    n/a  n/a
   3   5c |   7 1.0    8    21M  216   13   5%    10M |  99.9   n/a   1   26  18.7M   56    0   0%  81.9M    n/a  n/a
   3   5d |   7 1.0   10    22M  203   34  14%    10M |  99.9   n/a   1   26  18.8M   55    0   0%  81.9M    n/a  n/a
   3   5e |   7 1.0   10    22M  188   34  15%    10M |  99.9   n/a   1   27  18.8M   55    0   0%  81.9M    n/a  n/a
   3   5f | n/a n/a    3   3.5k    1    0   0%    10M |  99.9   n/a   1    9   124k    2    0   0%  81.9M    n/a  n/a
   3   60 |   7 1.0   10    22M  188   50  21%    10M |  99.9   n/a   1   27  18.8M   55    0   0%  81.9M    n/a  n/a
   3   61 |   7 1.0   10    22M  181   31  14%    10M |  99.9   n/a   1   27  18.7M   55    0   0%  81.9M    n/a  n/a
   3   62 | n/a n/a    3   3.5k    1    0   0%    10M |  99.9   n/a   1    9   124k    2    0   0%  81.9M    n/a  n/a
   3   63 | n/a n/a    3   3.5k    1    0   0%    10M |  99.9   n/a   1    9   124k    2    0   0%  81.9M    n/a  n/a
   0   44 |   7 1.0   11    12M  140  107  43%    10M |  90.0   ovl   1   23  7.64M   31   17  35%  81.9M  -525n  n/a
   0   45 |   7 1.0   11    12M  141  114  44%    10M |  94.5   ovl   1   25  7.11M   29    6  17%  81.9M   -19n  n/a
   0   46 |   7 1.0   11    13M  148  141  48%    10M |  99.9   ovl   1   27  8.65M   36    9  20%  81.9M    -1u  n/a
   0   47 |   7 1.0   11    12M  140  122  46%    10M |  89.3   ovl   1   18  7.12M   29    8  21%  81.9M  -216n  n/a
   0   48 |   7 1.0    0      0    0    0   0%    10M |   n/a   n/a   1    0      0    0    0   0%  81.9M    n/a  n/a
   0   49 |   7 1.0   11    12M  148  139  48%    10M |  94.3   ovl   1   18  7.11M   28    5  15%  81.9M  -432n  n/a
   0   4a |   7 1.0   11    12M  153  134  46%    10M |  94.3   ovl   1   27  7.10M   28    3   9%  81.9M  -340n  n/a
   0   4b |   7 1.0   11    12M  140  118  45%    10M |  94.5   ovl   1   22  7.11M   29    3   9%  81.9M  -434n  n/a
   1   4c |   7 1.0   11    17M  215  206  48%    10M |  97.0   ovl   1   27  12.4M   55   10  15%  81.9M   408n  n/a
   1   4d |   7 1.0    7    13M  321  269  45%    10M |  97.1   ovl   1   26  12.5M   56    9  13%  81.9M   742n  n/a
   1   4e |   7 1.0    7    13M  326  265  44%    10M |  97.1   ovl   1   27  12.5M   56   10  15%  81.9M  -209n  n/a
   1   4f |   7 1.0    0      0    0    0   0%    10M |   n/a   n/a   1    0      0    0    0   0%  81.9M    n/a  n/a
   1   50 |   7 1.0   11    17M  215  193  47%    10M |  94.5   ovl   1   25  12.6M   58   11  15%  81.9M  -240n  n/a
   1   51 |   7 1.0    0      0    0    0   0%    10M |   n/a   n/a   1    0      0    0    0   0%  81.9M    n/a  n/a
   1   52 |   7 1.0    0      0    0    0   0%    10M |   n/a   n/a   1    0      0    0    0   0%  81.9M    n/a  n/a
   1   53 |   7 1.0    0      0    0    0   0%    10M |   n/a   n/a   1    0      0    0    0   0%  81.9M    n/a  n/a
   2   54 |   7 1.0   11    12M  175   68  27%    10M |  99.9   n/a   1   27  8.42M   42    3   6%  81.9M    n/a  n/a
   2   55 |   7 1.0   11    12M  174   87  33%    10M |  99.9   n/a   1   27  8.63M   43    3   6%  81.9M    n/a  n/a
   2   56 |   7 1.0   11    12M  178   85  32%    10M |  99.9   n/a   1   27  8.40M   42    2   4%  81.9M    n/a  n/a
   2   57 |   7 1.0   11    12M  172   94  35%    10M |  99.9   n/a   1   27  8.20M   41    3   6%  81.9M    n/a  n/a
   2   58 |   7 1.0   11    12M  168  119  41%    10M |  99.9   n/a   1   27  8.81M   44    3   6%  81.9M    n/a  n/a
   2   59 |   7 1.0    0      0    0    0   0%    10M |   n/a   n/a   1    0      0    0    0   0%  81.9M    n/a  n/a
   2   5a |   7 1.0   11    12M  180   99  35%    10M |  99.9   n/a   1   27  8.40M   42    3   6%  81.9M    n/a  n/a
   2   5b |   7 1.0   11    12M  167   99  37%    10M |  99.9   n/a   1   27  8.79M   44    3   6%  81.9M    n/a  n/a
   3   5c |   7 1.0   11    19M  222  127  36%    10M |  92.6  -0.5   1   27  10.2M   43    6  12%  81.9M   238n  n/a
   3   5d |   7 1.0   11    18M  213  165  43%    10M |  92.6   ovl   1   23  10.7M   43   13  23%  81.9M   273n  n/a
   3   5e |   7 1.0   11    19M  220  153  41%    10M |  93.4   ovl   1   27  12.2M   48   11  18%  81.9M   315n  n/a
   3   5f |   7 1.0    0      0    0    0   0%    10M |   n/a   n/a   1    0      0    0    0   0%  81.9M    n/a  n/a
   3   60 |   7 1.0   11    18M  209  178  45%    10M |  93.6   ovl   1   26  11.4M   50   11  18%  81.9M   235n  n/a
   3   61 |   7 1.0   11    18M  211  156  42%    10M |  91.9   ovl   1   21  9.89M   39    6  13%  81.9M   107n  n/a
   3   62 |   7 1.0    0      0    0    0   0%    10M |   n/a   n/a   1    0      0    0    0   0%  81.9M    n/a  n/a
   3   63 |   7 1.0    0      0    0    0   0%    10M |   n/a   n/a   1    0      0    0    0   0%  81.9M    n/a  n/a
   0   44 |   7 1.0   11   6.8M   88  228  72%    10M |  99.9   n/a   1   27   774k    3    9  75%  81.9M    n/a  n/a
   0   45 |   7 1.0   11   7.3M   99  209  67%    10M |  99.9   n/a   1   16   771k    4   15  78%  81.9M    n/a  n/a
   0   46 |   7 1.0   11   7.2M  101  189  65%    10M |  99.9   n/a   1   27   762k    3    7  70%  81.9M    n/a  n/a
   0   47 |   7 1.0   11   7.0M   93  231  71%    10M |  52.7   ovl   1   10  1.03M    5   22  81%  81.9M  -621n  n/a
   0   48 |   7 1.0    0      0    0    0   0%    10M |   n/a   n/a   1    0      0    0    0   0%  81.9M    n/a  n/a
   0   49 |   7 1.0   11   6.4M   92  243  72%    10M |  99.9   n/a   1   18   258k    2   14  87%  81.9M    n/a  n/a
   0   4a |   7 1.0   11   6.8M   87  223  71%    10M |  58.6   ovl   1   20   512k    3   16  84%  81.9M  -895n  n/a
   0   4b |   7 1.0   11   6.7M   90  212  70%    10M |  99.9   ovl   1   26   768k    5   15  75%  81.9M  -935n  n/a
   1   4c |   7 1.0   11    11M  162  426  72%    10M |  72.4   ovl   1   27   913k    5   28  84%  81.9M   186n  n/a
   1   4d |   7 1.0   12    12M  163  396  70%    10M |  66.9   ovl   1   21  1.38M    8   29  78%  81.9M   435n  n/a
   1   4e |   7 1.0   12    11M  143  422  74%    10M |  88.2   ovl   1   26  2.27M   13   24  64%  81.9M   279n  n/a
   1   4f |   7 1.0    0      0    0    0   0%    10M |   n/a   n/a   1    0      0    0    0   0%  81.9M    n/a  n/a
   1   50 |   7 1.0   11    11M  149  449  75%    10M |  61.8   ovl   1   27  2.26M   10   23  69%  81.9M    50n  n/a
   1   51 |   7 1.0    0      0    0    0   0%    10M |   n/a   n/a   1    0      0    0    0   0%  81.9M    n/a  n/a
   1   52 |   7 1.0    0      0    0    0   0%    10M |   n/a   n/a   1    0      0    0    0   0%  81.9M    n/a  n/a
   1   53 |   7 1.0    0      0    0    0   0%    10M |   n/a   n/a   1    0      0    0    0   0%  81.9M    n/a  n/a
   2   54 |   7 1.0   11   5.5M   83  216  72%    10M |  99.9   n/a   1   27  1.00M    5   11  68%  81.9M    n/a  n/a
   2   55 |   7 1.0   11   5.5M   99  216  68%    10M |  99.9   n/a   1   27   603k    3   15  83%  81.9M    n/a  n/a
   2   56 |   7 1.0   11   5.6M   97  210  68%    10M |  17.2   ovl   1   10   199k    2   15  88%  81.9M  -562n  n/a
   2   57 |   7 1.0   11   5.8M   96  187  66%    10M |  58.6   ovl   1   27   590k    3   12  80%  81.9M  -106n  n/a
   2   58 |   7 1.0   11   5.5M   97  205  67%    10M |  99.9   n/a   1   27  1.41M    7   18  72%  81.9M    n/a  n/a
   2   59 |   7 1.0    0      0    0    0   0%    10M |   n/a   n/a   1    0      0    0    0   0%  81.9M    n/a  n/a
   2   5a |   7 1.0   11   5.6M   88  198  69%    10M |  99.9   ovl   1   27  1.20M    7   14  66%  81.9M    73n  n/a
   2   5b |   7 1.0   11   5.7M  102  193  65%    10M |  99.9   n/a   1   27  1.18M    6   16  72%  81.9M    n/a  n/a

          |--------------------DL---------------------|-------------------------------UL-----------------------------
 pci rnti | cqi  ri  mcs  brate   ok  nok  (%)  dl_bs | pusch  rsrp  ri  mcs  brate   ok  nok  (%)    bsr     ta  phr
   3   5c |   7 1.0   11    10M  123  354  74%    10M |  99.9   ovl   1   26  2.03M   10   17  62%  81.9M   379n  n/a
   3   5d |   7 1.0   11    10M  134  363  73%    10M |  85.0   ovl   1   17  2.30M   10   13  56%  81.9M   693n  n/a
   3   5e |   7 1.0   11    10M  131  338  72%    10M |  99.9   ovl   1   27  1.01M    7   20  74%  81.9M  -191n  n/a
   3   5f |   7 1.0    0      0    0    0   0%    10M |   n/a   n/a   1    0      0    0    0   0%  81.9M    n/a  n/a
   3   60 |   7 1.0   11    11M  141  357  71%    10M |   9.0   ovl   1   19  1.80M    9   32  78%  81.9M    87n  n/a
   3   61 |   7 1.0   11    10M  138  326  70%    10M |  99.9   ovl   1   25  1.79M   12   22  64%  81.9M  -706n  n/a
   3   62 |   7 1.0    0      0    0    0   0%    10M |   n/a   n/a   1    0      0    0    0   0%  81.9M    n/a  n/a
   3   63 |   7 1.0    0      0    0    0   0%    10M |   n/a   n/a   1    0      0    0    0   0%  81.9M    n/a  n/a
   0   44 |   7 1.0   11   5.7M   75  204  73%    10M |  76.4   ovl   1   15  1.30M    6   16  72%  81.9M    32n  n/a
   0   45 |   7 1.0   11   6.7M   85  189  68%    10M |  99.9   n/a   1   27   758k    3   12  80%  81.9M    n/a  n/a
   0   46 |   7 1.0   11   6.7M   86  207  70%    10M |  17.2   ovl   1   18  7.82k    1   21  95%  81.9M   438n  n/a
   0   47 |   7 1.0   11   6.4M   86  213  71%    10M |  99.9   n/a   1   27   754k    3   10  76%  81.9M    n/a  n/a
   0   48 |   7 1.0    0      0    0    0   0%    10M |   n/a   n/a   1    0      0    0    0   0%  81.9M    n/a  n/a
   0   49 |   7 1.0   11   6.1M   85  239  73%    10M |  99.9   n/a   1   27  1.02M    4   12  75%  81.9M    n/a  n/a
   0   4a |   7 1.0   11   6.6M   86  244  73%    10M |  99.9   n/a   1   23  1.55M    7   18  72%  81.9M    n/a  n/a
   0   4b |   7 1.0   11   6.5M   89  201  69%    10M |  99.9   ovl   1   27  1.02M    6   11  64%  81.9M   361n  n/a
   1   4c |   7 1.0   12    14M  173  407  70%    10M |  99.9   n/a   1   27  2.49M   11   23  67%  81.9M    n/a  n/a
   1   4d |   7 1.0   12    14M  178  423  70%    10M |  99.9   n/a   1   27  2.46M   11   21  65%  81.9M    n/a  n/a
   1   4e |   7 1.0   12    14M  166  352  67%    10M |  99.9   n/a   1   27  3.61M   16   26  61%  81.9M    n/a  n/a
   1   4f |   7 1.0    0      0    0    0   0%    10M |   n/a   n/a   1    0      0    0    0   0%  81.9M    n/a  n/a
   1   50 |   7 1.0   12    14M  174  348  66%    10M |  99.9   n/a   1   18  2.26M   11   27  71%  81.9M    n/a  n/a
   1   51 |   7 1.0    0      0    0    0   0%    10M |   n/a   n/a   1    0      0    0    0   0%  81.9M    n/a  n/a
   1   52 |   7 1.0    0      0    0    0   0%    10M |   n/a   n/a   1    0      0    0    0   0%  81.9M    n/a  n/a
   1   53 |   7 1.0    0      0    0    0   0%    10M |   n/a   n/a   1    0      0    0    0   0%  81.9M    n/a  n/a
   2   54 |   7 1.0   11   5.1M   98  289  74%    10M |  99.9   n/a   1   27   389k    2   11  84%  81.9M    n/a  n/a
   2   55 |   7 1.0   11   5.2M   94  259  73%    10M |  99.9   n/a   1   27   385k    2   14  87%  81.9M    n/a  n/a
   2   56 |   7 1.0   11   5.4M  101  275  73%    10M |  99.9   n/a   1   13  1.02M    6   19  76%  81.9M    n/a  n/a
   2   57 |   7 1.0   11   5.3M   92  277  75%    10M |  83.4   ovl   1   12  1.60M    9   19  67%  81.9M   375n  n/a
   2   58 |   7 1.0   11   5.1M   91  287  75%    10M |  99.9   ovl   1   27   404k    3   12  80%  81.9M   628n  n/a
   2   59 |   7 1.0    0      0    0    0   0%    10M |   n/a   n/a   1    0      0    0    0   0%  81.9M    n/a  n/a
   2   5a |   7 1.0   11   4.9M   84  266  76%    10M |  99.9   n/a   1   27   992k    5   12  70%  81.9M    n/a  n/a
   2   5b |   7 1.0   11   5.0M   93  266  74%    10M |  99.9   n/a   1   27  1.00M    5   15  75%  81.9M    n/a  n/a
   3   5c |   7 1.0   12    11M  119  388  76%    10M |  63.2   ovl   1   27  1.77M    7   17  70%  81.9M   729n  n/a
   3   5d |   7 1.0   12    11M  114  414  78%    10M |  33.8   ovl   1   27  1.52M    6   18  75%  81.9M   211n  n/a
   3   5e |   7 1.0   12    11M  129  373  74%    10M |  66.9   ovl   1   11  1.03M    4   23  85%  81.9M  -771n  n/a
   3   5f |   7 1.0    0      0    0    0   0%    10M |   n/a   n/a   1    0      0    0    0   0%  81.9M    n/a  n/a
   3   60 |   7 1.0   12    10M  118  371  75%    10M |  75.2  -0.6   1   26  2.05M   17   22  56%  81.9M   -22n  n/a
   3   61 |   7 1.0   12    11M  120  417  77%    10M |  72.4   ovl   1   27  1.79M   10   18  64%  81.9M   122n  n/a
   3   62 |   7 1.0    0      0    0    0   0%    10M |   n/a   n/a   1    0      0    0    0   0%  81.9M    n/a  n/a
   3   63 |   7 1.0    0      0    0    0   0%    10M |   n/a   n/a   1    0      0    0    0   0%  81.9M    n/a  n/a
   0   44 |   7 1.0   11   6.8M   87  204  70%    10M |  99.9   n/a   1   27  1.52M    6   12  66%  81.9M    n/a  n/a
   0   45 |   7 1.0   11   7.1M   94  165  63%    10M |  99.9   n/a   1   27   771k    3   11  78%  81.9M    n/a  n/a
   0   46 |   7 1.0   11   7.1M   97  243  71%    10M |  99.9   n/a   1   27  2.25M    9   14  60%  81.9M    n/a  n/a
   0   47 |   7 1.0   11   7.2M   97  192  66%    10M |  99.9   n/a   1   27  1.78M    7   13  65%  81.9M    n/a  n/a
   0   48 |   7 1.0    0      0    0    0   0%    10M |   n/a   n/a   1    0      0    0    0   0%  81.9M    n/a  n/a
   0   49 |   7 1.0   11   7.4M   90  207  69%    10M |  99.9   n/a   1   27  1.00M    4   13  76%  81.9M    n/a  n/a
   0   4a |   7 1.0   11   7.1M   90  193  68%    10M |  99.9   n/a   1   27   996k    4   12  75%  81.9M    n/a  n/a
   0   4b |   7 1.0   11   6.8M   88  220  71%    10M |  99.9   n/a   1   27  2.03M    8   12  60%  81.9M    n/a  n/a
   1   4c |   7 1.0   12    11M  144  437  75%    10M |  99.9   n/a   1   27   906k    4   25  86%  81.9M    n/a  n/a
   1   4d |   7 1.0   12    11M  138  488  77%    10M |  99.9   n/a   1   27  2.95M   13   22  62%  81.9M    n/a  n/a
   1   4e |   7 1.0   12    11M  135  447  76%    10M |  99.9   n/a   1   27  2.48M   11   26  70%  81.9M    n/a  n/a
   1   4f |   7 1.0    0      0    0    0   0%    10M |   n/a   n/a   1    0      0    0    0   0%  81.9M    n/a  n/a
   1   50 |   7 1.0   12    10M  133  488  78%    10M |  99.9   n/a   1   27  1.81M    8   27  77%  81.9M    n/a  n/a
   1   51 |   7 1.0    0      0    0    0   0%    10M |   n/a   n/a   1    0      0    0    0   0%  81.9M    n/a  n/a
   1   52 |   7 1.0    0      0    0    0   0%    10M |   n/a   n/a   1    0      0    0    0   0%  81.9M    n/a  n/a
   1   53 |   7 1.0    0      0    0    0   0%    10M |   n/a   n/a   1    0      0    0    0   0%  81.9M    n/a  n/a
   2   54 |   7 1.0   12   5.3M   90  228  71%    10M |  99.9   n/a   1   27   590k    3   15  83%  81.9M    n/a  n/a
   2   55 |   7 1.0   11   5.4M   87  187  68%    10M |  99.9   n/a   1   27   394k    2   14  87%  81.9M    n/a  n/a
   2   56 |   7 1.0   11   5.3M   83  274  76%    10M |  99.9   n/a   1   27   389k    2   13  86%  81.9M    n/a  n/a
   2   57 |   7 1.0   11   5.7M  102  193  65%    10M |  99.9   n/a   1   27   976k    5   14  73%  81.9M    n/a  n/a
   2   58 |   7 1.0   11   5.6M   97  280  74%    10M |  99.9   n/a   1   27   980k    5   11  68%  81.9M    n/a  n/a
   2   59 |   7 1.0    0      0    0    0   0%    10M |   n/a   n/a   1    0      0    0    0   0%  81.9M    n/a  n/a
   2   5a |   7 1.0   11   5.0M   90  273  75%    10M |  99.9   n/a   1   27  1.39M    7   12  63%  81.9M    n/a  n/a
   2   5b |   7 1.0   11   5.6M   97  239  71%    10M |  99.9   n/a   1   27  1.58M    8   13  61%  81.9M    n/a  n/a
   3   5c |   7 1.0   12    12M  131  412  75%    10M |  99.9   n/a   1   27  1.77M    7   16  69%  81.9M    n/a  n/a
   3   5d |   7 1.0   12    11M  131  371  73%    10M |  99.9   n/a   1   27  1.77M    7   15  68%  81.9M    n/a  n/a
   3   5e |   7 1.0   12    11M  120  382  76%    10M |  99.9   n/a   1   27  2.80M   12   21  63%  81.9M    n/a  n/a
   3   5f |   7 1.0    0      0    0    0   0%    10M |   n/a   n/a   1    0      0    0    0   0%  81.9M    n/a  n/a
   3   60 |   7 1.0   12    12M  130  357  73%    10M |  99.9   n/a   1   27  1.27M    5   14  73%  81.9M    n/a  n/a
   3   61 |   7 1.0   12    11M  130  402  75%    10M |  99.9   n/a   1   27  2.03M    8   15  65%  81.9M    n/a  n/a
   3   62 |   7 1.0    0      0    0    0   0%    10M |   n/a   n/a   1    0      0    0    0   0%  81.9M    n/a  n/a
   3   63 |   7 1.0    0      0    0    0   0%    10M |   n/a   n/a   1    0      0    0    0   0%  81.9M    n/a  n/a
   0   44 |   7 1.0   12   7.2M   87  255  74%    10M |  99.9   n/a   1   27  2.05M    8   13  61%  81.9M    n/a  n/a
   0   45 |   7 1.0   12   7.1M   85  253  74%    10M |  99.9   n/a   1   27  2.30M    9   13  59%  81.9M    n/a  n/a
   0   46 |   7 1.0   12   7.0M   94  295  75%    10M |  99.9   n/a   1   27  1.79M    7   11  61%  81.9M    n/a  n/a
   0   47 |   7 1.0   12   7.6M   91  230  71%    10M |  99.9   n/a   1   27   512k    2   12  85%  81.9M    n/a  n/a
   0   48 |   7 1.0    0      0    0    0   0%    10M |   n/a   n/a   1    0      0    0    0   0%  81.9M    n/a  n/a
   0   49 |   7 1.0   12   7.3M   89  240  72%    10M |  99.9   n/a   1   27  1.54M    6   12  66%  81.9M    n/a  n/a
   0   4a |   7 1.0   12   7.5M   82  269  76%    10M |  99.9   n/a   1   27  2.03M    8   13  61%  81.9M    n/a  n/a
   0   4b |   7 1.0   12   7.2M   91  299  76%    10M |  99.9   n/a   1   27   771k    3   15  83%  81.9M    n/a  n/a
   1   4c |   7 1.0   12    12M  151  382  71%    10M |  99.9   n/a   1   27  1.58M    7   20  74%  81.9M    n/a  n/a
   1   4d |   7 1.0   13    13M  145  377  72%    10M |  99.9   n/a   1   27  1.81M    8   20  71%  81.9M    n/a  n/a
   1   4e |   7 1.0   12    12M  134  424  75%    10M |  99.9   n/a   1   27  3.17M   14   19  57%  81.9M    n/a  n/a
   1   4f |   7 1.0    0      0    0    0   0%    10M |   n/a   n/a   1    0      0    0    0   0%  81.9M    n/a  n/a
   1   50 |   7 1.0   12    11M  147  398  73%    10M |  99.9   n/a   1   27  3.19M   14   21  60%  81.9M    n/a  n/a
   1   51 |   7 1.0    0      0    0    0   0%    10M |   n/a   n/a   1    0      0    0    0   0%  81.9M    n/a  n/a
   1   52 |   7 1.0    0      0    0    0   0%    10M |   n/a   n/a   1    0      0    0    0   0%  81.9M    n/a  n/a
   1   53 |   7 1.0    0      0    0    0   0%    10M |   n/a   n/a   1    0      0    0    0   0%  81.9M    n/a  n/a

          |--------------------DL---------------------|-------------------------------UL-----------------------------
 pci rnti | cqi  ri  mcs  brate   ok  nok  (%)  dl_bs | pusch  rsrp  ri  mcs  brate   ok  nok  (%)    bsr     ta  phr
   2   54 |   7 1.0   12   6.4M  104  216  67%    10M |  99.9   n/a   1   27  2.00M   10   13  56%  81.9M    n/a  n/a
   2   55 |   7 1.0   12   6.6M  107  207  65%    10M |  99.9   n/a   1   27  1.41M    7   11  61%  81.9M    n/a  n/a
   2   56 |   7 1.0   12   5.5M   89  218  71%    10M |  99.9   n/a   1   27  1.21M    6   12  66%  81.9M    n/a  n/a
   2   57 |   7 1.0   12   6.2M   95  216  69%    10M |  99.9   n/a   1   27   791k    4   14  77%  81.9M    n/a  n/a
   2   58 |   7 1.0   12   6.0M   93  174  65%    10M |  99.9   n/a   1   27  2.62M   13   11  45%  81.9M    n/a  n/a
   2   59 |   7 1.0    0      0    0    0   0%    10M |   n/a   n/a   1    0      0    0    0   0%  81.9M    n/a  n/a
   2   5a |   7 1.0   12   6.2M  100  220  68%    10M |  99.9   n/a   1   27   795k    4   11  73%  81.9M    n/a  n/a
   2   5b |   7 1.0   12   6.0M   93  210  69%    10M |  99.9   n/a   1   27   808k    4    8  66%  81.9M    n/a  n/a
   3   5c |   7 1.0   12    10M  122  368  75%    10M |  99.9   n/a   1   27  2.03M    8   16  66%  81.9M    n/a  n/a
   3   5d |   7 1.0   12   9.9M  122  390  76%    10M |  99.9   n/a   1   27  1.78M    7   17  70%  81.9M    n/a  n/a
   3   5e |   7 1.0   12   9.5M  109  349  76%    10M |  99.9   n/a   1   27  2.02M    8   16  66%  81.9M    n/a  n/a
   3   5f |   7 1.0    0      0    0    0   0%    10M |   n/a   n/a   1    0      0    0    0   0%  81.9M    n/a  n/a
   3   60 |   7 1.0   12    10M  128  423  76%    10M |  99.9   n/a   1   27  1.24M    5   20  80%  81.9M    n/a  n/a
   3   61 |   7 1.0   12   9.5M  125  451  78%    10M |  99.9   n/a   1   27  1.77M    7   16  69%  81.9M    n/a  n/a
   3   62 |   7 1.0    0      0    0    0   0%    10M |   n/a   n/a   1    0      0    0    0   0%  81.9M    n/a  n/a
   3   63 |   7 1.0    0      0    0    0   0%    10M |   n/a   n/a   1    0      0    0    0   0%  81.9M    n/a  n/a
   0   44 |   7 1.0   12   8.5M   98  254  72%    10M |  99.9   n/a   1   27  2.53M   10   13  56%  81.9M    n/a  n/a
   0   45 |   7 1.0   12   8.6M   99  247  71%    10M |  99.9   n/a   1   27   516k    2   11  84%  81.9M    n/a  n/a
   0   46 |   7 1.0   12   8.8M   95  230  70%    10M |  99.9   n/a   1   27  2.54M   10   11  52%  81.9M    n/a  n/a
   0   47 |   7 1.0   12   8.5M  105  249  70%    10M |  99.9   n/a   1   27  1.01M    4   14  77%  81.9M    n/a  n/a
   0   48 |   7 1.0    0      0    0    0   0%    10M |   n/a   n/a   1    0      0    0    0   0%  81.9M    n/a  n/a
   0   49 |   7 1.0   12   8.3M   94  260  73%    10M |  99.9   n/a   1   27   496k    2   12  85%  81.9M    n/a  n/a
   0   4a |   7 1.0   12   8.4M  104  248  70%    10M |  99.9   n/a   1   27  2.26M    9    9  50%  81.9M    n/a  n/a
   0   4b |   7 1.0   12   8.4M  101  248  71%    10M |  99.9   n/a   1   27  2.78M   11   14  56%  81.9M    n/a  n/a
   1   4c |   7 1.0   13    12M  142  408  74%    10M |  99.9   n/a   1   27  2.27M   10   25  71%  81.9M    n/a  n/a
   1   4d |   7 1.0   13    12M  141  464  76%    10M |  99.9   n/a   1   27  2.49M   11   19  63%  81.9M    n/a  n/a
   1   4e |   7 1.0   13    12M  136  420  75%    10M |  99.9   n/a   1   27  2.05M    9   22  70%  81.9M    n/a  n/a
   1   4f |   7 1.0    0      0    0    0   0%    10M |   n/a   n/a   1    0      0    0    0   0%  81.9M    n/a  n/a
   1   50 |   7 1.0   12    12M  141  354  71%    10M |  99.9   n/a   1   27  2.01M    9   19  67%  81.9M    n/a  n/a
   1   51 |   7 1.0    0      0    0    0   0%    10M |   n/a   n/a   1    0      0    0    0   0%  81.9M    n/a  n/a
   1   52 |   7 1.0    0      0    0    0   0%    10M |   n/a   n/a   1    0      0    0    0   0%  81.9M    n/a  n/a
   1   53 |   7 1.0    0      0    0    0   0%    10M |   n/a   n/a   1    0      0    0    0   0%  81.9M    n/a  n/a
   2   54 |   7 1.0   12   6.2M   90  234  72%    10M |  99.9   n/a   1   27  1.00M    5   15  75%  81.9M    n/a  n/a
   2   55 |   7 1.0   12   6.4M   94  230  70%    10M |  99.9   n/a   1   27  1.41M    7   12  63%  81.9M    n/a  n/a
   2   56 |   7 1.0   12   5.7M   87  250  74%    10M |  99.9   n/a   1   27  1.40M    7   13  65%  81.9M    n/a  n/a
   2   57 |   7 1.0   12   6.0M   96  226  70%    10M |  99.9   n/a   1   27  1.00M    5   14  73%  81.9M    n/a  n/a
   2   58 |   7 1.0   12   6.1M   98  257  72%    10M |  99.9   n/a   1   27   394k    2   10  83%  81.9M    n/a  n/a
   2   59 |   7 1.0    0      0    0    0   0%    10M |   n/a   n/a   1    0      0    0    0   0%  81.9M    n/a  n/a
   2   5a |   7 1.0   12   6.2M   96  193  66%    10M |  99.9   n/a   1   27  1.40M    7   10  58%  81.9M    n/a  n/a
   2   5b |   7 1.0   12   6.2M  100  223  69%    10M |  99.9   n/a   1   27  1.39M    7   15  68%  81.9M    n/a  n/a
   3   5c |   7 1.0   12    11M  143  288  66%    10M |  99.9   n/a   1   27  1.78M    7   20  74%  81.9M    n/a  n/a
   3   5d |   7 1.0   12    11M  131  306  70%    10M |  99.9   n/a   1   27  2.52M   10   19  65%  81.9M    n/a  n/a
   3   5e |   7 1.0   12    10M  128  295  69%    10M |  99.9   n/a   1   27  2.03M    8   20  71%  81.9M    n/a  n/a
   3   5f |   7 1.0    0      0    0    0   0%    10M |   n/a   n/a   1    0      0    0    0   0%  81.9M    n/a  n/a
   3   60 |   7 1.0   12    10M  126  316  71%    10M |  99.9   n/a   1   27  2.52M   10   16  61%  81.9M    n/a  n/a
   3   61 |   7 1.0   12    11M  136  313  69%    10M |  99.9   n/a   1   27  2.02M    8   20  71%  81.9M    n/a  n/a
   3   62 |   7 1.0    0      0    0    0   0%    10M |   n/a   n/a   1    0      0    0    0   0%  81.9M    n/a  n/a
   3   63 |   7 1.0    0      0    0    0   0%    10M |   n/a   n/a   1    0      0    0    0   0%  81.9M    n/a  n/a
   0   44 |   7 1.0   12   7.6M   90  277  75%    10M |  99.9   n/a   1   27  1.27M    5   11  68%  81.9M    n/a  n/a
   0   45 |   7 1.0   12   7.5M   92  272  74%    10M |  99.9   n/a   1   27  3.04M   12   12  50%  81.9M    n/a  n/a
   0   46 |   7 1.0   12   7.5M   82  255  75%    10M |  99.9   n/a   1   27  2.28M    9   14  60%  81.9M    n/a  n/a
   0   47 |   7 1.0   12   7.8M   87  240  73%    10M |  99.9   n/a   1   27  1.52M    6   10  62%  81.9M    n/a  n/a
   0   48 |   7 1.0    0      0    0    0   0%    10M |   n/a   n/a   1    0      0    0    0   0%  81.9M    n/a  n/a
   0   49 |   7 1.0   12   7.9M   86  245  74%    10M |  99.9   n/a   1   27  1.52M    6   11  64%  81.9M    n/a  n/a
   0   4a |   7 1.0   12   7.4M   86  234  73%    10M |  99.9   n/a   1   27  2.02M    8   12  60%  81.9M    n/a  n/a
   0   4b |   7 1.0   12   7.7M   84  231  73%    10M |  99.9   n/a   1   27   500k    2    9  81%  81.9M    n/a  n/a
   1   4c |   7 1.0   13    13M  156  350  69%    10M |  99.9   n/a   1   27  2.49M   11   20  64%  81.9M    n/a  n/a
   1   4d |   7 1.0   13    12M  155  422  73%    10M |  99.9   n/a   1   27  2.25M   10   25  71%  81.9M    n/a  n/a
   1   4e |   7 1.0   13    13M  144  405  73%    10M |  99.9   n/a   1   27  2.72M   12   25  67%  81.9M    n/a  n/a
   1   4f |   7 1.0    0      0    0    0   0%    10M |   n/a   n/a   1    0      0    0    0   0%  81.9M    n/a  n/a
   1   50 |   7 1.0   13    12M  139  405  74%    10M |  99.9   n/a   1   27  2.24M   10   24  70%  81.9M    n/a  n/a
   1   51 |   7 1.0    0      0    0    0   0%    10M |   n/a   n/a   1    0      0    0    0   0%  81.9M    n/a  n/a
   1   52 |   7 1.0    0      0    0    0   0%    10M |   n/a   n/a   1    0      0    0    0   0%  81.9M    n/a  n/a
   1   53 |   7 1.0    0      0    0    0   0%    10M |   n/a   n/a   1    0      0    0    0   0%  81.9M    n/a  n/a
   2   54 |   7 1.0   12   5.9M  102  238  70%    10M |  99.9   n/a   1   27  1.39M    7   13  65%  81.9M    n/a  n/a
   2   55 |   7 1.0   12   5.7M   87  232  72%    10M |  99.9   n/a   1   27   791k    4   10  71%  81.9M    n/a  n/a
   2   56 |   7 1.0   12   5.9M   92  205  69%    10M |  99.9   n/a   1   27  2.02M   10    9  47%  81.9M    n/a  n/a
   2   57 |   7 1.0   12   5.9M   88  215  70%    10M |  99.9   n/a   1   27  1.20M    6   14  70%  81.9M    n/a  n/a
   2   58 |   7 1.0   12   5.5M   91  229  71%    10M |  99.9   n/a   1   27  1.64M    8   14  63%  81.9M    n/a  n/a
   2   59 |   7 1.0    0      0    0    0   0%    10M |   n/a   n/a   1    0      0    0    0   0%  81.9M    n/a  n/a
   2   5a |   7 1.0   12   6.0M   83  207  71%    10M |  99.9   n/a   1   27  1.17M    6   14  70%  81.9M    n/a  n/a
   2   5b |   7 1.0   12   6.0M   96  180  65%    10M |  99.9   n/a   1   27  1.20M    6   10  62%  81.9M    n/a  n/a
   3   5c |   7 1.0   13    12M  126  318  71%    10M |  99.9   n/a   1   27  2.05M    8   16  66%  81.9M    n/a  n/a
   3   5d |   7 1.0   13    11M  136  384  73%    10M |  99.9   n/a   1   27  2.29M    9   16  64%  81.9M    n/a  n/a
   3   5e |   7 1.0   12    11M  127  364  74%    10M |  99.9   n/a   1   27  2.53M   10   16  61%  81.9M    n/a  n/a
   3   5f |   7 1.0    0      0    0    0   0%    10M |   n/a   n/a   1    0      0    0    0   0%  81.9M    n/a  n/a
   3   60 |   7 1.0   12    12M  132  292  68%    10M |  99.9   n/a   1   27  2.25M    9   16  64%  81.9M    n/a  n/a
   3   61 |   7 1.0   13    12M  135  351  72%    10M |  99.9   n/a   1   27  2.26M    9   16  64%  81.9M    n/a  n/a
   3   62 |   7 1.0    0      0    0    0   0%    10M |   n/a   n/a   1    0      0    0    0   0%  81.9M    n/a  n/a
   3   63 |   7 1.0    0      0    0    0   0%    10M |   n/a   n/a   1    0      0    0    0   0%  81.9M    n/a  n/a
   0   44 |   7 1.0   12   6.7M   81  338  80%    10M |  99.9   n/a   1   27  1.75M    7   15  68%  81.9M    n/a  n/a
   0   45 |   7 1.0   12   7.0M   89  348  79%    10M |  99.9   n/a   1   27   504k    2   17  89%  81.9M    n/a  n/a
   0   46 |   7 1.0   12   6.7M   71  398  84%    10M |  99.9   n/a   1   27  1.27M    5   13  72%  81.9M    n/a  n/a
   0   47 |   7 1.0   12   6.9M   83  382  82%    10M |  99.9   n/a   1   27  1.52M    6   13  68%  81.9M    n/a  n/a
   0   48 |   7 1.0    0      0    0    0   0%    10M |   n/a   n/a   1    0      0    0    0   0%  81.9M    n/a  n/a
   0   49 |   7 1.0   12   6.8M   82  350  81%    10M |  99.9   n/a   1   27   754k    3   14  82%  81.9M    n/a  n/a
   0   4a |   7 1.0   12   7.0M   82  332  80%    10M |  99.9   n/a   1   27  1.02M    4   13  76%  81.9M    n/a  n/a
   0   4b |   7 1.0   12   6.6M   78  351  81%    10M |  99.9   n/a   1   27  1.77M    7   14  66%  81.9M    n/a  n/a

          |--------------------DL---------------------|-------------------------------UL-----------------------------
 pci rnti | cqi  ri  mcs  brate   ok  nok  (%)  dl_bs | pusch  rsrp  ri  mcs  brate   ok  nok  (%)    bsr     ta  phr
   1   4c |   7 1.0   13    13M  147  386  72%    10M |  99.9   n/a   1   27  1.58M    7   21  75%  81.9M    n/a  n/a
   1   4d |   7 1.0   13    13M  140  410  74%    10M |  99.9   n/a   1   27  1.80M    8   20  71%  81.9M    n/a  n/a
   1   4e |   7 1.0   13    13M  150  405  72%    10M |  99.9   n/a   1   27  1.81M    8   20  71%  81.9M    n/a  n/a
   1   4f |   7 1.0    0      0    0    0   0%    10M |   n/a   n/a   1    0      0    0    0   0%  81.9M    n/a  n/a
   1   50 |   7 1.0   13    13M  149  379  71%    10M |  99.9   n/a   1   27  2.50M   11   21  65%  81.9M    n/a  n/a
   1   51 |   7 1.0    0      0    0    0   0%    10M |   n/a   n/a   1    0      0    0    0   0%  81.9M    n/a  n/a
   1   52 |   7 1.0    0      0    0    0   0%    10M |   n/a   n/a   1    0      0    0    0   0%  81.9M    n/a  n/a
   1   53 |   7 1.0    0      0    0    0   0%    10M |   n/a   n/a   1    0      0    0    0   0%  81.9M    n/a  n/a
   2   54 |   7 1.0   12   5.7M   88  212  70%    10M |  99.9   n/a   1   27   804k    4   13  76%  81.9M    n/a  n/a
   2   55 |   7 1.0   12   5.3M   85  236  73%    10M |  99.9   n/a   1   27   996k    5   12  70%  81.9M    n/a  n/a
   2   56 |   7 1.0   12   5.5M   88  207  70%    10M |  99.9   n/a   1   27   812k    4   13  76%  81.9M    n/a  n/a
   2   57 |   7 1.0   12   5.6M   92  234  71%    10M |  99.9   n/a   1   27   394k    2   11  84%  81.9M    n/a  n/a
   2   58 |   7 1.0   12   6.1M   88  204  69%    10M |  99.9   n/a   1   27   824k    4   15  78%  81.9M    n/a  n/a
   2   59 |   7 1.0    0      0    0    0   0%    10M |   n/a   n/a   1    0      0    0    0   0%  81.9M    n/a  n/a
   2   5a |   7 1.0   12   5.5M   85  228  72%    10M |  99.9   n/a   1   27   603k    3   15  83%  81.9M    n/a  n/a
   2   5b |   7 1.0   12   5.7M   94  222  70%    10M |  99.9   n/a   1   27   779k    4   16  80%  81.9M    n/a  n/a
   3   5c |   7 1.0   13    11M  138  272  66%    10M |  99.9   n/a   1   27  1.51M    6   17  73%  81.9M    n/a  n/a
   3   5d |   7 1.0   13    10M  112  324  74%    10M |  99.9   n/a   1   27  1.01M    4   20  83%  81.9M    n/a  n/a
   3   5e |   7 1.0   13    10M  122  307  71%    10M |  99.9   n/a   1   27  1.27M    5   17  77%  81.9M    n/a  n/a
   3   5f |   7 1.0    0      0    0    0   0%    10M |   n/a   n/a   1    0      0    0    0   0%  81.9M    n/a  n/a
   3   60 |   7 1.0   13    10M  113  324  74%    10M |  99.9   n/a   1   27  1.25M    5   20  80%  81.9M    n/a  n/a
   3   61 |   7 1.0   13   9.8M  118  363  75%    10M |  99.9   n/a   1   27  1.27M    5   18  78%  81.9M    n/a  n/a
   3   62 |   7 1.0    0      0    0    0   0%    10M |   n/a   n/a   1    0      0    0    0   0%  81.9M    n/a  n/a
   3   63 |   7 1.0    0      0    0    0   0%    10M |   n/a   n/a   1    0      0    0    0   0%  81.9M    n/a  n/a
   0   44 |   7 1.0   12   8.9M  102  181  63%    10M |  99.9   n/a   1   27  2.25M    9   12  57%  81.9M    n/a  n/a
   0   45 |   7 1.0   12   8.8M  102  202  66%    10M |  99.9   n/a   1   27  1.53M    6   12  66%  81.9M    n/a  n/a
   0   46 |   7 1.0   12   8.4M   99  195  66%    10M |  99.9   n/a   1   27  2.79M   11   11  50%  81.9M    n/a  n/a
   0   47 |   7 1.0   12   8.5M   98  232  70%    10M |  99.9   n/a   1   27  1.79M    7   15  68%  81.9M    n/a  n/a
   0   48 |   7 1.0    0      0    0    0   0%    10M |   n/a   n/a   1    0      0    0    0   0%  81.9M    n/a  n/a
   0   49 |   7 1.0   12   8.7M   95  209  68%    10M |  99.9   n/a   1   27  2.04M    8    9  52%  81.9M    n/a  n/a
   0   4a |   7 1.0   12   9.0M   95  245  72%    10M |  99.9   n/a   1   27  2.04M    8   10  55%  81.9M    n/a  n/a
   0   4b |   7 1.0   12   9.3M  107  227  67%    10M |  99.9   n/a   1   27  1.77M    7   10  58%  81.9M    n/a  n/a
   1   4c |   7 1.0   13    12M  140  438  75%    10M |  99.9   n/a   1   27  1.59M    7   24  77%  81.9M    n/a  n/a
   1   4d |   7 1.0   14    12M  140  487  77%    10M |  99.9   n/a   1   27  3.16M   14   21  60%  81.9M    n/a  n/a
   1   4e |   7 1.0   13    12M  136  396  74%    10M |  99.9   n/a   1   27  2.73M   12   20  62%  81.9M    n/a  n/a
   1   4f |   7 1.0    0      0    0    0   0%    10M |   n/a   n/a   1    0      0    0    0   0%  81.9M    n/a  n/a
   1   50 |   7 1.0   13    12M  136  474  77%    10M |  99.9   n/a   1   27  1.83M    8   20  71%  81.9M    n/a  n/a
   1   51 |   7 1.0    0      0    0    0   0%    10M |   n/a   n/a   1    0      0    0    0   0%  81.9M    n/a  n/a
   1   52 |   7 1.0    0      0    0    0   0%    10M |   n/a   n/a   1    0      0    0    0   0%  81.9M    n/a  n/a
   1   53 |   7 1.0    0      0    0    0   0%    10M |   n/a   n/a   1    0      0    0    0   0%  81.9M    n/a  n/a
   2   54 |   7 1.0   12   5.8M   85  230  73%    10M |  99.9   n/a   1   27  2.39M   12   15  55%  81.9M    n/a  n/a
   2   55 |   7 1.0   12   5.9M   92  248  72%    10M |  99.9   n/a   1   27  1.79M    9    9  50%  81.9M    n/a  n/a
   2   56 |   7 1.0   12   6.2M   89  170  65%    10M |  99.9   n/a   1   27  1.20M    6   11  64%  81.9M    n/a  n/a
   2   57 |   7 1.0   12   6.4M   97  195  66%    10M |  99.9   n/a   1   27  1.00M    5   17  77%  81.9M    n/a  n/a
   2   58 |   7 1.0   12   6.0M   92  180  66%    10M |  99.9   n/a   1   27  1.40M    7   11  61%  81.9M    n/a  n/a
   2   59 |   7 1.0    0      0    0    0   0%    10M |   n/a   n/a   1    0      0    0    0   0%  81.9M    n/a  n/a
   2   5a |   7 1.0   12   6.5M   97  174  64%    10M |  99.9   n/a   1   27   820k    4    8  66%  81.9M    n/a  n/a
   2   5b |   7 1.0   12   6.4M  103  185  64%    10M |  99.9   n/a   1   27  1.01M    5   11  68%  81.9M    n/a  n/a
   3   5c |   7 1.0   13    11M  130  303  69%    10M |  99.9   n/a   1   27  1.51M    6   19  76%  81.9M    n/a  n/a
   3   5d |   7 1.0   13    10M  125  325  72%    10M |  99.9   n/a   1   27  1.77M    7   16  69%  81.9M    n/a  n/a
   3   5e |   7 1.0   13    10M  112  292  72%    10M |  99.9   n/a   1   27  1.52M    6   19  76%  81.9M    n/a  n/a
   3   5f |   7 1.0    0      0    0    0   0%    10M |   n/a   n/a   1    0      0    0    0   0%  81.9M    n/a  n/a
   3   60 |   7 1.0   13    11M  115  276  70%    10M |  99.9   n/a   1   27  1.26M    5   16  76%  81.9M    n/a  n/a
   3   61 |   7 1.0   13    11M  120  295  71%    10M |  99.9   n/a   1   27  1.51M    6   18  75%  81.9M    n/a  n/a
   3   62 |   7 1.0    0      0    0    0   0%    10M |   n/a   n/a   1    0      0    0    0   0%  81.9M    n/a  n/a
   3   63 |   7 1.0    0      0    0    0   0%    10M |   n/a   n/a   1    0      0    0    0   0%  81.9M    n/a  n/a
   0   44 |   7 1.0   12   7.1M   85  308  78%    10M |  99.9   n/a   1   27  1.01M    4   14  77%  81.9M    n/a  n/a
   0   45 |   7 1.0   12   7.5M   94  264  73%    10M |  99.9   n/a   1   27  1.27M    5   12  70%  81.9M    n/a  n/a
   0   46 |   7 1.0   12   7.3M   77  236  75%    10M |  99.9   n/a   1   27  1.52M    6   10  62%  81.9M    n/a  n/a
   0   47 |   7 1.0   12   7.4M   86  256  74%    10M |  99.9   n/a   1   27  1.52M    6   11  64%  81.9M    n/a  n/a
   0   48 |   7 1.0    0      0    0    0   0%    10M |   n/a   n/a   1    0      0    0    0   0%  81.9M    n/a  n/a
   0   49 |   7 1.0   12   7.4M   86  299  77%    10M |  99.9   n/a   1   27  1.52M    6   15  71%  81.9M    n/a  n/a
   0   4a |   7 1.0   12   7.9M   98  236  70%    10M |  99.9   n/a   1   27  1.27M    5   13  72%  81.9M    n/a  n/a
   0   4b |   7 1.0   12   6.9M   82  279  77%    10M |  99.9   n/a   1   27  1.27M    5   13  72%  81.9M    n/a  n/a
   1   4c |   7 1.0   14    15M  158  335  67%    10M |  99.9   n/a   1   27  2.26M   10   20  66%  81.9M    n/a  n/a
   1   4d |   7 1.0   14    14M  158  376  70%    10M |  99.9   n/a   1   27  2.73M   12   24  66%  81.9M    n/a  n/a
   1   4e |   7 1.0   14    14M  151  372  71%    10M |  99.9   n/a   1   27  2.25M   10   26  72%  81.9M    n/a  n/a
   1   4f |   7 1.0    0      0    0    0   0%    10M |   n/a   n/a   1    0      0    0    0   0%  81.9M    n/a  n/a
   1   50 |   7 1.0   13    14M  158  397  71%    10M |  99.9   n/a   1   27  2.25M   10   24  70%  81.9M    n/a  n/a
   1   51 |   7 1.0    0      0    0    0   0%    10M |   n/a   n/a   1    0      0    0    0   0%  81.9M    n/a  n/a
   1   52 |   7 1.0    0      0    0    0   0%    10M |   n/a   n/a   1    0      0    0    0   0%  81.9M    n/a  n/a
   1   53 |   7 1.0    0      0    0    0   0%    10M |   n/a   n/a   1    0      0    0    0   0%  81.9M    n/a  n/a
   2   54 |   7 1.0   13   6.3M   83  254  75%    10M |  99.9   n/a   1   27  1.19M    6    8  57%  81.9M    n/a  n/a
   2   55 |   7 1.0   13   7.4M   97  175  64%    10M |  99.9   n/a   1   27  1.40M    7   11  61%  81.9M    n/a  n/a
   2   56 |   7 1.0   13   7.1M  103  188  64%    10M |  99.9   n/a   1   27  2.38M   12   18  60%  81.9M    n/a  n/a
   2   57 |   7 1.0   13   7.1M  105  195  65%    10M |  99.9   n/a   1   27  1.02M    5   10  66%  81.9M    n/a  n/a
   2   58 |   7 1.0   12   6.5M   88  181  67%    10M |  99.9   n/a   1   27  2.38M   12   13  52%  81.9M    n/a  n/a
   2   59 |   7 1.0    0      0    0    0   0%    10M |   n/a   n/a   1    0      0    0    0   0%  81.9M    n/a  n/a
   2   5a |   7 1.0   12   6.7M  100  189  65%    10M |  99.9   n/a   1   27   804k    4   13  76%  81.9M    n/a  n/a
   2   5b |   7 1.0   13   7.2M  102  220  68%    10M |  99.9   n/a   1   27   808k    4   15  78%  81.9M    n/a  n/a
   3   5c |   7 1.0   13    11M  128  273  68%    10M |  99.9   n/a   1   27  2.27M    9   16  64%  81.9M    n/a  n/a
   3   5d |   7 1.0   13    11M  132  286  68%    10M |  99.9   n/a   1   27  1.53M    6   20  76%  81.9M    n/a  n/a
   3   5e |   7 1.0   13    12M  128  289  69%    10M |  99.9   n/a   1   27  2.02M    8   16  66%  81.9M    n/a  n/a
   3   5f |   7 1.0    0      0    0    0   0%    10M |   n/a   n/a   1    0      0    0    0   0%  81.9M    n/a  n/a
   3   60 |   7 1.0   13    12M  132  242  64%    10M |  99.9   n/a   1   27  2.02M    8   20  71%  81.9M    n/a  n/a
   3   61 |   7 1.0   13    12M  135  269  66%    10M |  99.9   n/a   1   27  1.01M    4   20  83%  81.9M    n/a  n/a
   3   62 |   7 1.0    0      0    0    0   0%    10M |   n/a   n/a   1    0      0    0    0   0%  81.9M    n/a  n/a
   3   63 |   7 1.0    0      0    0    0   0%    10M |   n/a   n/a   1    0      0    0    0   0%  81.9M    n/a  n/a

          |--------------------DL---------------------|-------------------------------UL-----------------------------
 pci rnti | cqi  ri  mcs  brate   ok  nok  (%)  dl_bs | pusch  rsrp  ri  mcs  brate   ok  nok  (%)    bsr     ta  phr
   0   44 |   7 1.0   13   7.9M   84  232  73%    10M |  99.9   n/a   1   27  1.51M    6   15  71%  81.9M    n/a  n/a
   0   45 |   7 1.0   13   8.7M   89  215  70%    10M |  99.9   n/a   1   27  1.27M    5   11  68%  81.9M    n/a  n/a
   0   46 |   7 1.0   13   8.6M   91  210  69%    10M |  99.9   n/a   1   27  1.52M    6    9  60%  81.9M    n/a  n/a
   0   47 |   7 1.0   13   8.6M   91  225  71%    10M |  99.9   n/a   1   27  1.78M    7   12  63%  81.9M    n/a  n/a
   0   48 |   7 1.0    0      0    0    0   0%    10M |   n/a   n/a   1    0      0    0    0   0%  81.9M    n/a  n/a
   0   49 |   7 1.0   13   8.8M   96  209  68%    10M |  99.9   n/a   1   27  1.55M    6   16  72%  81.9M    n/a  n/a
   0   4a |   7 1.0   13   8.5M   89  236  72%    10M |  99.9   n/a   1   27  1.26M    5   15  75%  81.9M    n/a  n/a
   0   4b |   7 1.0   13   8.9M   97  234  70%    10M |  99.9   n/a   1   27  2.01M    8   15  65%  81.9M    n/a  n/a
   1   4c |   7 1.0   14    14M  144  315  68%    10M |  99.9   n/a   1   27  2.27M   10   24  70%  81.9M    n/a  n/a
   1   4d |   7 1.0   14    15M  172  376  68%    10M |  99.9   n/a   1   27  2.48M   11   22  66%  81.9M    n/a  n/a
   1   4e |   7 1.0   14    14M  155  395  71%    10M |  99.9   n/a   1   27  3.19M   14   16  53%  81.9M    n/a  n/a
   1   4f |   7 1.0    0      0    0    0   0%    10M |   n/a   n/a   1    0      0    0    0   0%  81.9M    n/a  n/a
   1   50 |   7 1.0   14    15M  157  349  68%    10M |  99.9   n/a   1   27  3.17M   14   22  61%  81.9M    n/a  n/a
   1   51 |   7 1.0    0      0    0    0   0%    10M |   n/a   n/a   1    0      0    0    0   0%  81.9M    n/a  n/a
   1   52 |   7 1.0    0      0    0    0   0%    10M |   n/a   n/a   1    0      0    0    0   0%  81.9M    n/a  n/a
   1   53 |   7 1.0    0      0    0    0   0%    10M |   n/a   n/a   1    0      0    0    0   0%  81.9M    n/a  n/a
   2   54 |   7 1.0   13   6.8M   87  193  68%    10M |  99.9   n/a   1   27  1.80M    9   12  57%  81.9M    n/a  n/a
   2   55 |   7 1.0   13   7.7M  107  165  60%    10M |  99.9   n/a   1   27   795k    4   11  73%  81.9M    n/a  n/a
   2   56 |   7 1.0   13   8.0M  104  161  60%    10M |  99.9   n/a   1   27  1.59M    8    8  50%  81.9M    n/a  n/a
   2   57 |   7 1.0   13   8.1M  114  160  58%    10M |  99.9   n/a   1   27  2.39M   12   13  52%  81.9M    n/a  n/a
   2   58 |   7 1.0   13   7.4M   97  200  67%    10M |  99.9   n/a   1   27  2.41M   12   13  52%  81.9M    n/a  n/a
   2   59 |   7 1.0    0      0    0    0   0%    10M |   n/a   n/a   1    0      0    0    0   0%  81.9M    n/a  n/a
   2   5a |   7 1.0   13   7.9M  102  162  61%    10M |  99.9   n/a   1   27  2.61M   13   15  53%  81.9M    n/a  n/a
   2   5b |   7 1.0   13   8.2M  110  154  58%    10M |  99.9   n/a   1   27  1.40M    7   11  61%  81.9M    n/a  n/a
   3   5c |   7 1.0   14    12M  124  290  70%    10M |  99.9   n/a   1   27  1.01M    4   19  82%  81.9M    n/a  n/a
   3   5d |   7 1.0   13    12M  136  323  70%    10M |  99.9   n/a   1   27  2.53M   10   16  61%  81.9M    n/a  n/a
   3   5e |   7 1.0   13    12M  132  310  70%    10M |  99.9   n/a   1   27  1.50M    6   19  76%  81.9M    n/a  n/a
   3   5f |   7 1.0    0      0    0    0   0%    10M |   n/a   n/a   1    0      0    0    0   0%  81.9M    n/a  n/a
   3   60 |   7 1.0   13    11M  117  335  74%    10M |  99.9   n/a   1   27  1.50M    6   18  75%  81.9M    n/a  n/a
   3   61 |   7 1.0   13    12M  126  285  69%    10M |  99.9   n/a   1   27  2.28M    9   16  64%  81.9M    n/a  n/a
   3   62 |   7 1.0    0      0    0    0   0%    10M |   n/a   n/a   1    0      0    0    0   0%  81.9M    n/a  n/a
   3   63 |   7 1.0    0      0    0    0   0%    10M |   n/a   n/a   1    0      0    0    0   0%  81.9M    n/a  n/a
   0   44 |   7 1.0   13   9.0M   92  197  68%    10M |  99.9   n/a   1   27  1.02M    4   12  75%  81.9M    n/a  n/a
   0   45 |   7 1.0   13   8.4M   95  234  71%    10M |  99.9   n/a   1   27  1.02M    4   12  75%  81.9M    n/a  n/a
   0   46 |   7 1.0   13   8.1M   86  250  74%    10M |  99.9   n/a   1   27  1.76M    7   14  66%  81.9M    n/a  n/a
   0   47 |   7 1.0   13   8.7M   88  222  71%    10M |  99.9   n/a   1   27  1.02M    4   15  78%  81.9M    n/a  n/a
   0   48 |   7 1.0    0      0    0    0   0%    10M |   n/a   n/a   1    0      0    0    0   0%  81.9M    n/a  n/a
   0   49 |   7 1.0   13   8.5M   87  221  71%    10M |  99.9   n/a   1   27  1.27M    5   10  66%  81.9M    n/a  n/a
   0   4a |   7 1.0   13   8.3M   89  204  69%    10M |  99.9   n/a   1   27  1.26M    5   11  68%  81.9M    n/a  n/a
   0   4b |   7 1.0   13   8.6M   97  223  69%    10M |  99.9   n/a   1   27  1.27M    5    9  64%  81.9M    n/a  n/a
   1   4c |   7 1.0   14    14M  144  359  71%    10M |  99.9   n/a   1   27  2.27M   10   21  67%  81.9M    n/a  n/a
   1   4d |   7 1.0   15    14M  146  425  74%    10M |  99.9   n/a   1   27  1.57M    7   25  78%  81.9M    n/a  n/a
   1   4e |   7 1.0   14    14M  145  388  72%    10M |  99.9   n/a   1   27  1.83M    8   24  75%  81.9M    n/a  n/a
   1   4f |   7 1.0    0      0    0    0   0%    10M |   n/a   n/a   1    0      0    0    0   0%  81.9M    n/a  n/a
   1   50 |   7 1.0   14    13M  142  394  73%    10M |  99.9   n/a   1   27  2.50M   11   26  70%  81.9M    n/a  n/a
   1   51 |   7 1.0    0      0    0    0   0%    10M |   n/a   n/a   1    0      0    0    0   0%  81.9M    n/a  n/a
   1   52 |   7 1.0    0      0    0    0   0%    10M |   n/a   n/a   1    0      0    0    0   0%  81.9M    n/a  n/a
   1   53 |   7 1.0    0      0    0    0   0%    10M |   n/a   n/a   1    0      0    0    0   0%  81.9M    n/a  n/a
   2   54 |   7 1.0   13   5.7M   71  258  78%    10M |  99.9   n/a   1   27  1.59M    8   14  63%  81.9M    n/a  n/a
   2   55 |   7 1.0   13   7.2M  102  204  66%    10M |  99.9   n/a   1   27  2.20M   11   12  52%  81.9M    n/a  n/a
   2   56 |   7 1.0   13   6.4M   86  235  73%    10M |  99.9   n/a   1   27  1.20M    6   14  70%  81.9M    n/a  n/a
   2   57 |   7 1.0   13   7.1M  108  202  65%    10M |  99.9   n/a   1   27  1.00M    5   13  72%  81.9M    n/a  n/a
   2   58 |   7 1.0   13   6.6M   95  242  71%    10M |  99.9   n/a   1   27   791k    4   11  73%  81.9M    n/a  n/a
   2   59 |   7 1.0    0      0    0    0   0%    10M |   n/a   n/a   1    0      0    0    0   0%  81.9M    n/a  n/a
   2   5a |   7 1.0   13   6.6M   83  248  74%    10M |  99.9   n/a   1   27  1.02M    5   11  68%  81.9M    n/a  n/a
   2   5b |   7 1.0   13   7.4M  104  193  64%    10M |  99.9   n/a   1   27  1.78M    9   11  55%  81.9M    n/a  n/a
   3   5c |   7 1.0   14    13M  132  293  68%    10M |  99.9   n/a   1   27  2.02M    8   17  68%  81.9M    n/a  n/a
   3   5d |   7 1.0   14    13M  125  279  69%    10M |  99.9   n/a   1   27  1.78M    7   20  74%  81.9M    n/a  n/a
   3   5e |   7 1.0   14    13M  124  299  70%    10M |  99.9   n/a   1   27  1.77M    7   17  70%  81.9M    n/a  n/a
   3   5f |   7 1.0    0      0    0    0   0%    10M |   n/a   n/a   1    0      0    0    0   0%  81.9M    n/a  n/a
   3   60 |   7 1.0   14    12M  119  318  72%    10M |  99.9   n/a   1   27  2.01M    8   18  69%  81.9M    n/a  n/a
   3   61 |   7 1.0   14    13M  123  272  68%    10M |  99.9   n/a   1   27  1.76M    7   20  74%  81.9M    n/a  n/a
   3   62 |   7 1.0    0      0    0    0   0%    10M |   n/a   n/a   1    0      0    0    0   0%  81.9M    n/a  n/a
   3   63 |   7 1.0    0      0    0    0   0%    10M |   n/a   n/a   1    0      0    0    0   0%  81.9M    n/a  n/a
   0   44 |   7 1.0   13   7.7M   88  277  75%    10M |  99.9   n/a   1   27  2.03M    8   12  60%  81.9M    n/a  n/a
   0   45 |   7 1.0   13   7.7M   81  280  77%    10M |  99.9   n/a   1   27  1.02M    4   17  80%  81.9M    n/a  n/a
   0   46 |   7 1.0   13   8.1M   92  301  76%    10M |  99.9   n/a   1   27   508k    2   16  88%  81.9M    n/a  n/a
   0   47 |   7 1.0   13   7.7M   88  253  74%    10M |  99.9   n/a   1   27  1.01M    4   15  78%  81.9M    n/a  n/a
   0   48 |   7 1.0    0      0    0    0   0%    10M |   n/a   n/a   1    0      0    0    0   0%  81.9M    n/a  n/a
   0   49 |   7 1.0   13   7.9M   88  254  74%    10M |  99.9   n/a   1   27   996k    4   12  75%  81.9M    n/a  n/a
   0   4a |   7 1.0   13   7.8M   83  292  77%    10M |  99.9   n/a   1   27   750k    3   12  80%  81.9M    n/a  n/a
   0   4b |   7 1.0   13   7.7M   86  281  76%    10M |  99.9   n/a   1   27  2.02M    8   11  57%  81.9M    n/a  n/a
   1   4c |   7 1.0   14    16M  170  352  67%    10M |  99.9   n/a   1   27  2.26M   10   24  70%  81.9M    n/a  n/a
   1   4d |   7 1.0   15    17M  168  344  67%    10M |  99.9   n/a   1   27  2.95M   13   25  65%  81.9M    n/a  n/a
   1   4e |   7 1.0   15    15M  151  383  71%    10M |  99.9   n/a   1   27  2.25M   10   17  62%  81.9M    n/a  n/a
   1   4f |   7 1.0    0      0    0    0   0%    10M |   n/a   n/a   1    0      0    0    0   0%  81.9M    n/a  n/a
   1   50 |   7 1.0   14    15M  156  376  70%    10M |  99.9   n/a   1   27  3.36M   15   18  54%  81.9M    n/a  n/a
   1   51 |   7 1.0    0      0    0    0   0%    10M |   n/a   n/a   1    0      0    0    0   0%  81.9M    n/a  n/a
   1   52 |   7 1.0    0      0    0    0   0%    10M |   n/a   n/a   1    0      0    0    0   0%  81.9M    n/a  n/a
   1   53 |   7 1.0    0      0    0    0   0%    10M |   n/a   n/a   1    0      0    0    0   0%  81.9M    n/a  n/a
   2   54 |   7 1.0   13   5.3M   74  258  77%    10M |  99.9   n/a   1   27  1.40M    7   13  65%  81.9M    n/a  n/a
   2   55 |   7 1.0   13   6.6M  100  222  68%    10M |  99.9   n/a   1   27  1.81M    9   10  52%  81.9M    n/a  n/a
   2   56 |   7 1.0   13   7.0M   98  212  68%    10M |  99.9   n/a   1   27   988k    5   13  72%  81.9M    n/a  n/a
   2   57 |   7 1.0   13   6.6M   91  254  73%    10M |  99.9   n/a   1   27   389k    2   11  84%  81.9M    n/a  n/a
   2   58 |   7 1.0   13   6.9M   97  222  69%    10M |  99.9   n/a   1   27  1.38M    7   15  68%  81.9M    n/a  n/a
   2   59 |   7 1.0    0      0    0    0   0%    10M |   n/a   n/a   1    0      0    0    0   0%  81.9M    n/a  n/a
   2   5a |   7 1.0   13   6.7M   94  225  70%    10M |  99.9   n/a   1   27   389k    2   14  87%  81.9M    n/a  n/a
   2   5b |   7 1.0   13   6.8M   98  205  67%    10M |  99.9   n/a   1   27   799k    4   13  76%  81.9M    n/a  n/a

          |--------------------DL---------------------|-------------------------------UL-----------------------------
 pci rnti | cqi  ri  mcs  brate   ok  nok  (%)  dl_bs | pusch  rsrp  ri  mcs  brate   ok  nok  (%)    bsr     ta  phr
   3   5c |   7 1.0   14    12M  125  291  69%    10M |  99.9   n/a   1   27  1.74M    7   17  70%  81.9M    n/a  n/a
   3   5d |   7 1.0   14    12M  127  299  70%    10M |  99.9   n/a   1   27  2.78M   11   16  59%  81.9M    n/a  n/a
   3   5e |   7 1.0   14    12M  126  321  71%    10M |  99.9   n/a   1   27  1.27M    5   16  76%  81.9M    n/a  n/a
   3   5f |   7 1.0    0      0    0    0   0%    10M |   n/a   n/a   1    0      0    0    0   0%  81.9M    n/a  n/a
   3   60 |   7 1.0   14    12M  112  301  72%    10M |  99.9   n/a   1   27  1.02M    4   16  80%  81.9M    n/a  n/a
   3   61 |   7 1.0   14    13M  125  280  69%    10M |  99.9   n/a   1   27  3.03M   12   16  57%  81.9M    n/a  n/a
   3   62 |   7 1.0    0      0    0    0   0%    10M |   n/a   n/a   1    0      0    0    0   0%  81.9M    n/a  n/a
   3   63 |   7 1.0    0      0    0    0   0%    10M |   n/a   n/a   1    0      0    0    0   0%  81.9M    n/a  n/a
   0   44 |   7 1.0   13   8.2M   87  180  67%    10M |  99.9   n/a   1   27  1.02M    4   15  78%  81.9M    n/a  n/a
   0   45 |   7 1.0   13   8.7M   91  170  65%    10M |  99.9   n/a   1   27  2.03M    8   10  55%  81.9M    n/a  n/a
   0   46 |   7 1.0   13   7.8M   80  218  73%    10M |  99.9   n/a   1   27  1.79M    7   11  61%  81.9M    n/a  n/a
   0   47 |   7 1.0   13   8.5M   94  209  68%    10M |  99.9   n/a   1   27  1.80M    7   14  66%  81.9M    n/a  n/a
   0   48 |   7 1.0    0      0    0    0   0%    10M |   n/a   n/a   1    0      0    0    0   0%  81.9M    n/a  n/a
   0   49 |   7 1.0   13   8.7M  104  182  63%    10M |  99.9   n/a   1   27  2.28M    9   12  57%  81.9M    n/a  n/a
   0   4a |   7 1.0   13   8.6M  100  222  68%    10M |  99.9   n/a   1   27  1.02M    4   14  77%  81.9M    n/a  n/a
   0   4b |   7 1.0   13   8.7M   98  169  63%    10M |  99.9   n/a   1   27  1.28M    5   11  68%  81.9M    n/a  n/a
   1   4c |   7 1.0   15    15M  150  369  71%    10M |  99.9   n/a   1   27  1.59M    7   21  75%  81.9M    n/a  n/a
   1   4d |   7 1.0   15    15M  155  368  70%    10M |  99.9   n/a   1   27  3.12M   14   20  58%  81.9M    n/a  n/a
   1   4e |   7 1.0   15    15M  148  330  69%    10M |  99.9   n/a   1   27  2.25M   10   24  70%  81.9M    n/a  n/a
   1   4f |   7 1.0    0      0    0    0   0%    10M |   n/a   n/a   1    0      0    0    0   0%  81.9M    n/a  n/a
   1   50 |   7 1.0   15    15M  155  376  70%    10M |  99.9   n/a   1   27  2.28M   10   24  70%  81.9M    n/a  n/a
   1   51 |   7 1.0    0      0    0    0   0%    10M |   n/a   n/a   1    0      0    0    0   0%  81.9M    n/a  n/a
   1   52 |   7 1.0    0      0    0    0   0%    10M |   n/a   n/a   1    0      0    0    0   0%  81.9M    n/a  n/a
   1   53 |   7 1.0    0      0    0    0   0%    10M |   n/a   n/a   1    0      0    0    0   0%  81.9M    n/a  n/a
   2   54 |   7 1.0   13   6.8M   98  258  72%    10M |  99.9   n/a   1   27  1.01M    5    9  64%  81.9M    n/a  n/a
   2   55 |   7 1.0   13   7.4M  108  180  62%    10M |  99.9   n/a   1   27   799k    4   14  77%  81.9M    n/a  n/a
   2   56 |   7 1.0   13   6.7M   97  237  70%    10M |  99.9   n/a   1   27  1.98M   10   14  58%  81.9M    n/a  n/a
   2   57 |   7 1.0   13   7.6M  102  182  64%    10M |  99.9   n/a   1   27  2.17M   11   15  57%  81.9M    n/a  n/a
   2   58 |   7 1.0   13   7.2M  108  204  65%    10M |  99.9   n/a   1   27  1.41M    7   12  63%  81.9M    n/a  n/a
   2   59 |   7 1.0    0      0    0    0   0%    10M |   n/a   n/a   1    0      0    0    0   0%  81.9M    n/a  n/a
   2   5a |   7 1.0   13   6.7M   87  223  71%    10M |  99.9   n/a   1   27   389k    2   13  86%  81.9M    n/a  n/a
   2   5b |   7 1.0   13   7.7M  115  206  64%    10M |  99.9   n/a   1   27   394k    2   13  86%  81.9M    n/a  n/a
   3   5c |   7 1.0   14    13M  125  251  66%    10M |  99.9   n/a   1   27  2.02M    8   19  70%  81.9M    n/a  n/a
   3   5d |   7 1.0   14    13M  133  281  67%    10M |  99.9   n/a   1   27  2.02M    8   18  69%  81.9M    n/a  n/a
   3   5e |   7 1.0   14    13M  126  265  67%    10M |  99.9   n/a   1   27  2.29M    9   20  68%  81.9M    n/a  n/a
   3   5f |   7 1.0    0      0    0    0   0%    10M |   n/a   n/a   1    0      0    0    0   0%  81.9M    n/a  n/a
   3   60 |   7 1.0   14    12M  126  294  70%    10M |  99.9   n/a   1   27  2.52M   10   20  66%  81.9M    n/a  n/a
   3   61 |   7 1.0   14    13M  126  265  67%    10M |  99.9   n/a   1   27  2.02M    8   16  66%  81.9M    n/a  n/a
   3   62 |   7 1.0    0      0    0    0   0%    10M |   n/a   n/a   1    0      0    0    0   0%  81.9M    n/a  n/a
   3   63 |   7 1.0    0      0    0    0   0%    10M |   n/a   n/a   1    0      0    0    0   0%  81.9M    n/a  n/a
   0   44 |   7 1.0   13   7.2M   71  202  73%    10M |  99.9   n/a   1   27  1.02M    4   12  75%  81.9M    n/a  n/a
   0   45 |   7 1.0   13   7.6M   86  220  71%    10M |  99.9   n/a   1   27  1.02M    4   12  75%  81.9M    n/a  n/a
   0   46 |   7 1.0   13   7.6M   85  182  68%    10M |  99.9   n/a   1   27  1.50M    6   17  73%  81.9M    n/a  n/a
   0   47 |   7 1.0   13   7.5M   83  227  73%    10M |  99.9   n/a   1   27   258k    1   15  93%  81.9M    n/a  n/a
   0   48 |   7 1.0    0      0    0    0   0%    10M |   n/a   n/a   1    0      0    0    0   0%  81.9M    n/a  n/a
   0   49 |   7 1.0   13   7.5M   79  218  73%    10M |  99.9   n/a   1   27  1.77M    7   12  63%  81.9M    n/a  n/a
   0   4a |   7 1.0   13   7.9M   87  182  67%    10M |  99.9   n/a   1   27  1.52M    6   14  70%  81.9M    n/a  n/a
   0   4b |   7 1.0   13   8.1M   89  171  65%    10M |  99.9   n/a   1   27   508k    2   13  86%  81.9M    n/a  n/a
   1   4c |   7 1.0   15    15M  146  433  74%    10M |  99.9   n/a   1   27  2.51M   11   25  69%  81.9M    n/a  n/a
   1   4d |   7 1.0   15    16M  155  391  71%    10M |  99.9   n/a   1   27  2.92M   13   23  63%  81.9M    n/a  n/a
   1   4e |   7 1.0   15    15M  145  381  72%    10M |  99.9   n/a   1   27  1.57M    7   23  76%  81.9M    n/a  n/a
   1   4f |   7 1.0    0      0    0    0   0%    10M |   n/a   n/a   1    0      0    0    0   0%  81.9M    n/a  n/a
   1   50 |   7 1.0   15    15M  157  384  70%    10M |  99.9   n/a   1   27  3.83M   17   21  55%  81.9M    n/a  n/a
   1   51 |   7 1.0    0      0    0    0   0%    10M |   n/a   n/a   1    0      0    0    0   0%  81.9M    n/a  n/a
   1   52 |   7 1.0    0      0    0    0   0%    10M |   n/a   n/a   1    0      0    0    0   0%  81.9M    n/a  n/a
   1   53 |   7 1.0    0      0    0    0   0%    10M |   n/a   n/a   1    0      0    0    0   0%  81.9M    n/a  n/a
   2   54 |   7 1.0   13   6.7M   95  282  74%    10M |  99.9   n/a   1   27   795k    4   17  80%  81.9M    n/a  n/a
   2   55 |   7 1.0   13   7.2M  101  270  72%    10M |  99.9   n/a   1   27   787k    4   11  73%  81.9M    n/a  n/a
   2   56 |   7 1.0   13   7.2M   99  215  68%    10M |  99.9   n/a   1   27   984k    5    8  61%  81.9M    n/a  n/a
   2   57 |   7 1.0   14   7.4M  101  220  68%    10M |  99.9   n/a   1   27  1.61M    8    9  52%  81.9M    n/a  n/a
   2   58 |   7 1.0   13   6.7M   95  283  74%    10M |  99.9   n/a   1   27   607k    3   12  80%  81.9M    n/a  n/a
   2   59 |   7 1.0    0      0    0    0   0%    10M |   n/a   n/a   1    0      0    0    0   0%  81.9M    n/a  n/a
   2   5a |   7 1.0   13   7.1M  101  266  72%    10M |  99.9   n/a   1   27  2.59M   13   15  53%  81.9M    n/a  n/a
   2   5b |   7 1.0   14   7.4M  105  245  70%    10M |  99.9   n/a   1   27  1.59M    8   14  63%  81.9M    n/a  n/a
   3   5c |   7 1.0   14    13M  119  258  68%    10M |  99.9   n/a   1   27  2.02M    8   16  66%  81.9M    n/a  n/a
   3   5d |   7 1.0   14    13M  124  241  66%    10M |  99.9   n/a   1   27  2.28M    9   18  66%  81.9M    n/a  n/a
   3   5e |   7 1.0   14    12M  122  252  67%    10M |  99.9   n/a   1   27  1.27M    5   16  76%  81.9M    n/a  n/a
   3   5f |   7 1.0    0      0    0    0   0%    10M |   n/a   n/a   1    0      0    0    0   0%  81.9M    n/a  n/a
   3   60 |   7 1.0   14    13M  128  251  66%    10M |  99.9   n/a   1   27  1.77M    7   16  69%  81.9M    n/a  n/a
   3   61 |   7 1.0   14    13M  131  269  67%    10M |  99.9   n/a   1   27  2.29M    9   20  68%  81.9M    n/a  n/a
   3   62 |   7 1.0    0      0    0    0   0%    10M |   n/a   n/a   1    0      0    0    0   0%  81.9M    n/a  n/a
   3   63 |   7 1.0    0      0    0    0   0%    10M |   n/a   n/a   1    0      0    0    0   0%  81.9M    n/a  n/a
   0   44 |   7 1.0   13   7.8M   84  188  69%    10M |  99.9   n/a   1   27  1.78M    7   13  65%  81.9M    n/a  n/a
   0   45 |   7 1.0   13   7.9M   83  210  71%    10M |  99.9   n/a   1   27  1.03M    4   12  75%  81.9M    n/a  n/a
   0   46 |   7 1.0   13   7.7M   94  208  68%    10M |  99.9   n/a   1   27   758k    3   12  80%  81.9M    n/a  n/a
   0   47 |   7 1.0   13   8.1M   85  216  71%    10M |  99.9   n/a   1   27  1.27M    5   10  66%  81.9M    n/a  n/a
   0   48 |   7 1.0    0      0    0    0   0%    10M |   n/a   n/a   1    0      0    0    0   0%  81.9M    n/a  n/a
   0   49 |   7 1.0   13   8.1M   92  195  67%    10M |  99.9   n/a   1   27  1.51M    6   14  70%  81.9M    n/a  n/a
   0   4a |   7 1.0   13   7.3M   81  214  72%    10M |  99.9   n/a   1   27  1.50M    6   11  64%  81.9M    n/a  n/a
   0   4b |   7 1.0   13   8.3M   94  223  70%    10M |  99.9   n/a   1   27  1.27M    5   13  72%  81.9M    n/a  n/a
   1   4c |   7 1.0   15    16M  153  428  73%    10M |  99.9   n/a   1   27  2.75M   12   20  62%  81.9M    n/a  n/a
   1   4d |   7 1.0   16    17M  148  358  70%    10M |  99.9   n/a   1   27  2.70M   12   20  62%  81.9M    n/a  n/a
   1   4e |   7 1.0   15    16M  151  386  71%    10M |  99.9   n/a   1   27  2.45M   11   21  65%  81.9M    n/a  n/a
   1   4f |   7 1.0    0      0    0    0   0%    10M |   n/a   n/a   1    0      0    0    0   0%  81.9M    n/a  n/a
   1   50 |   7 1.0   15    15M  157  440  73%    10M |  99.9   n/a   1   27  2.25M   10   19  65%  81.9M    n/a  n/a
   1   51 |   7 1.0    0      0    0    0   0%    10M |   n/a   n/a   1    0      0    0    0   0%  81.9M    n/a  n/a
   1   52 |   7 1.0    0      0    0    0   0%    10M |   n/a   n/a   1    0      0    0    0   0%  81.9M    n/a  n/a
   1   53 |   7 1.0    0      0    0    0   0%    10M |   n/a   n/a   1    0      0    0    0   0%  81.9M    n/a  n/a

          |--------------------DL---------------------|-------------------------------UL-----------------------------
 pci rnti | cqi  ri  mcs  brate   ok  nok  (%)  dl_bs | pusch  rsrp  ri  mcs  brate   ok  nok  (%)    bsr     ta  phr
   2   54 |   7 1.0   13   6.7M   94  283  75%    10M |  99.9   n/a   1   27  1.79M    9   10  52%  81.9M    n/a  n/a
   2   55 |   7 1.0   14   7.1M  100  252  71%    10M |  99.9   n/a   1   27  1.78M    9   15  62%  81.9M    n/a  n/a
   2   56 |   7 1.0   14   6.2M   85  264  75%    10M |  99.9   n/a   1   27   816k    4   17  80%  81.9M    n/a  n/a
   2   57 |   7 1.0   14   6.8M   95  281  74%    10M |  99.9   n/a   1   27   795k    4   11  73%  81.9M    n/a  n/a
   2   58 |   7 1.0   14   6.6M   96  253  72%    10M |  99.9   n/a   1   27   787k    4   15  78%  81.9M    n/a  n/a
   2   59 |   7 1.0    0      0    0    0   0%    10M |   n/a   n/a   1    0      0    0    0   0%  81.9M    n/a  n/a
   2   5a |   7 1.0   14   6.2M   75  287  79%    10M |  99.9   n/a   1   27   402k    2   11  84%  81.9M    n/a  n/a
   2   5b |   7 1.0   14   6.5M   98  270  73%    10M |  99.9   n/a   1   27  1.60M    8   12  60%  81.9M    n/a  n/a
   3   5c |   7 1.0   15    13M  118  254  68%    10M |  99.9   n/a   1   27  1.26M    5   20  80%  81.9M    n/a  n/a
   3   5d |   7 1.0   15    13M  124  275  68%    10M |  99.9   n/a   1   27  1.77M    7   16  69%  81.9M    n/a  n/a
   3   5e |   7 1.0   15    13M  114  309  73%    10M |  99.9   n/a   1   27  2.02M    8   17  68%  81.9M    n/a  n/a
   3   5f |   7 1.0    0      0    0    0   0%    10M |   n/a   n/a   1    0      0    0    0   0%  81.9M    n/a  n/a
   3   60 |   7 1.0   14    13M  115  271  70%    10M |  99.9   n/a   1   27  2.01M    8   18  69%  81.9M    n/a  n/a
   3   61 |   7 1.0   15    13M  127  286  69%    10M |  99.9   n/a   1   27  2.78M   11   16  59%  81.9M    n/a  n/a
   3   62 |   7 1.0    0      0    0    0   0%    10M |   n/a   n/a   1    0      0    0    0   0%  81.9M    n/a  n/a
   3   63 |   7 1.0    0      0    0    0   0%    10M |   n/a   n/a   1    0      0    0    0   0%  81.9M    n/a  n/a
   0   44 |   7 1.0   13   8.7M   81  226  73%    10M |  99.9   n/a   1   27  1.77M    7   10  58%  81.9M    n/a  n/a
   0   45 |   7 1.0   14   9.3M   88  199  69%    10M |  99.9   n/a   1   27  1.52M    6   17  73%  81.9M    n/a  n/a
   0   46 |   7 1.0   14   8.4M   95  256  72%    10M |  99.9   n/a   1   27   754k    3   12  80%  81.9M    n/a  n/a
   0   47 |   7 1.0   14   8.8M   85  202  70%    10M |  99.9   n/a   1   27  2.51M   10   13  56%  81.9M    n/a  n/a
   0   48 |   7 1.0    0      0    0    0   0%    10M |   n/a   n/a   1    0      0    0    0   0%  81.9M    n/a  n/a
   0   49 |   7 1.0   14   8.6M   90  212  70%    10M |  99.9   n/a   1   27  2.02M    8   10  55%  81.9M    n/a  n/a
   0   4a |   7 1.0   14   9.2M  102  197  65%    10M |  99.9   n/a   1   27  1.27M    5   14  73%  81.9M    n/a  n/a
   0   4b |   7 1.0   14   8.6M   84  220  72%    10M |  99.9   n/a   1   27  2.29M    9   12  57%  81.9M    n/a  n/a
   1   4c |   7 1.0   16    16M  142  421  74%    10M |  99.9   n/a   1   27  2.06M    9   20  68%  81.9M    n/a  n/a
   1   4d |   7 1.0   16    15M  132  440  76%    10M |  99.9   n/a   1   27  2.92M   13   20  60%  81.9M    n/a  n/a
   1   4e |   7 1.0   16    16M  141  385  73%    10M |  99.9   n/a   1   27  3.60M   16   21  56%  81.9M    n/a  n/a
   1   4f |   7 1.0    0      0    0    0   0%    10M |   n/a   n/a   1    0      0    0    0   0%  81.9M    n/a  n/a
   1   50 |   7 1.0   15    16M  145  372  71%    10M |  99.9   n/a   1   27  1.56M    7   25  78%  81.9M    n/a  n/a
   1   51 |   7 1.0    0      0    0    0   0%    10M |   n/a   n/a   1    0      0    0    0   0%  81.9M    n/a  n/a
   1   52 |   7 1.0    0      0    0    0   0%    10M |   n/a   n/a   1    0      0    0    0   0%  81.9M    n/a  n/a
   1   53 |   7 1.0    0      0    0    0   0%    10M |   n/a   n/a   1    0      0    0    0   0%  81.9M    n/a  n/a
   2   54 |   7 1.0   14   7.9M   97  205  67%    10M |  99.9   n/a   1   27  1.21M    6   16  72%  81.9M    n/a  n/a
   2   55 |   7 1.0   14   7.9M   98  200  67%    10M |  99.9   n/a   1   27  1.79M    9   10  52%  81.9M    n/a  n/a
   2   56 |   7 1.0   14   7.0M   84  209  71%    10M |  99.9   n/a   1   27  1.01M    5   13  72%  81.9M    n/a  n/a
   2   57 |   7 1.0   14   7.7M  101  246  70%    10M |  99.9   n/a   1   27   988k    5   10  66%  81.9M    n/a  n/a
   2   58 |   7 1.0   14   7.7M   97  207  68%    10M |  99.9   n/a   1   27   590k    3    8  72%  81.9M    n/a  n/a
   2   59 |   7 1.0    0      0    0    0   0%    10M |   n/a   n/a   1    0      0    0    0   0%  81.9M    n/a  n/a
   2   5a |   7 1.0   14   7.8M   97  192  66%    10M |  99.9   n/a   1   27  2.19M   11   13  54%  81.9M    n/a  n/a
   2   5b |   7 1.0   14   7.8M  107  215  66%    10M |  99.9   n/a   1   27  1.59M    8   11  57%  81.9M    n/a  n/a
   3   5c |   7 1.0   15    15M  123  230  65%    10M |  99.9   n/a   1   27  1.26M    5   16  76%  81.9M    n/a  n/a
   3   5d |   7 1.0   15    15M  137  278  66%    10M |  99.9   n/a   1   27  2.03M    8   20  71%  81.9M    n/a  n/a
   3   5e |   7 1.0   15    14M  127  289  69%    10M |  99.9   n/a   1   27  2.78M   11   19  63%  81.9M    n/a  n/a
   3   5f |   7 1.0    0      0    0    0   0%    10M |   n/a   n/a   1    0      0    0    0   0%  81.9M    n/a  n/a
   3   60 |   7 1.0   15    14M  125  235  65%    10M |  99.9   n/a   1   27  2.54M   10   18  64%  81.9M    n/a  n/a
   3   61 |   7 1.0   15    14M  130  285  68%    10M |  99.9   n/a   1   27  1.77M    7   16  69%  81.9M    n/a  n/a
   3   62 |   7 1.0    0      0    0    0   0%    10M |   n/a   n/a   1    0      0    0    0   0%  81.9M    n/a  n/a
   3   63 |   7 1.0    0      0    0    0   0%    10M |   n/a   n/a   1    0      0    0    0   0%  81.9M    n/a  n/a
   0   44 |   7 1.0   14    10M  101  226  69%    10M |  99.9   n/a   1   27   262k    1   13  92%  81.9M    n/a  n/a
   0   45 |   7 1.0   14   9.5M   89  240  72%    10M |  99.9   n/a   1   27  2.04M    8   11  57%  81.9M    n/a  n/a
   0   46 |   7 1.0   14   9.5M   90  197  68%    10M |  99.9   n/a   1   27  1.02M    4   13  76%  81.9M    n/a  n/a
   0   47 |   7 1.0   14   9.1M   93  264  73%    10M |  99.9   n/a   1   27  1.77M    7   13  65%  81.9M    n/a  n/a
   0   48 |   7 1.0    0      0    0    0   0%    10M |   n/a   n/a   1    0      0    0    0   0%  81.9M    n/a  n/a
   0   49 |   7 1.0   14   9.6M   92  231  71%    10M |  99.9   n/a   1   27  2.27M    9   10  52%  81.9M    n/a  n/a
   0   4a |   7 1.0   14   8.5M   85  272  76%    10M |  99.9   n/a   1   27  1.02M    4   15  78%  81.9M    n/a  n/a
   0   4b |   7 1.0   14   9.8M  104  287  73%    10M |  99.9   n/a   1   27  1.02M    4    9  69%  81.9M    n/a  n/a
   1   4c |   7 1.0   16    16M  134  453  77%    10M |  99.9   n/a   1   27  2.52M   11   25  69%  81.9M    n/a  n/a
   1   4d |   7 1.0   16    16M  152  505  76%    10M |  99.9   n/a   1   27  2.21M   10   26  72%  81.9M    n/a  n/a
   1   4e |   7 1.0   16    17M  165  475  74%    10M |  99.9   n/a   1   27  4.48M   20   25  55%  81.9M    n/a  n/a
   1   4f |   7 1.0    0      0    0    0   0%    10M |   n/a   n/a   1    0      0    0    0   0%  81.9M    n/a  n/a
   1   50 |   7 1.0   16    17M  161  497  75%    10M |  99.9   n/a   1   27  2.29M   10   18  64%  81.9M    n/a  n/a
   1   51 |   7 1.0    0      0    0    0   0%    10M |   n/a   n/a   1    0      0    0    0   0%  81.9M    n/a  n/a
   1   52 |   7 1.0    0      0    0    0   0%    10M |   n/a   n/a   1    0      0    0    0   0%  81.9M    n/a  n/a
   1   53 |   7 1.0    0      0    0    0   0%    10M |   n/a   n/a   1    0      0    0    0   0%  81.9M    n/a  n/a
   2   54 |   7 1.0   14   6.3M   90  262  74%    10M |  99.9   n/a   1   27   414k    2   15  88%  81.9M    n/a  n/a
   2   55 |   7 1.0   14   6.1M   80  245  75%    10M |  99.9   n/a   1   27   799k    4    9  69%  81.9M    n/a  n/a
   2   56 |   7 1.0   14   6.2M   77  237  75%    10M |  99.9   n/a   1   27   205k    1   18  94%  81.9M    n/a  n/a
   2   57 |   7 1.0   14   6.0M   89  287  76%    10M |  99.9   n/a   1   27   586k    3   11  78%  81.9M    n/a  n/a
   2   58 |   7 1.0   14   6.4M   82  254  75%    10M |  99.9   n/a   1   27   582k    3   11  78%  81.9M    n/a  n/a
   2   59 |   7 1.0    0      0    0    0   0%    10M |   n/a   n/a   1    0      0    0    0   0%  81.9M    n/a  n/a
   2   5a |   7 1.0   14   6.2M   86  220  71%    10M |  99.9   n/a   1   27   394k    2   15  88%  81.9M    n/a  n/a
   2   5b |   7 1.0   14   6.7M   86  253  74%    10M |  99.9   n/a   1   27  1.20M    6   14  70%  81.9M    n/a  n/a
   3   5c |   7 1.0   15    11M   97  293  75%    10M |  99.9   n/a   1   27   738k    3   20  86%  81.9M    n/a  n/a
   3   5d |   7 1.0   15    13M  118  237  66%    10M |  99.9   n/a   1   27  2.03M    8   16  66%  81.9M    n/a  n/a
   3   5e |   7 1.0   15    13M  116  248  68%    10M |  99.9   n/a   1   27  1.77M    7   16  69%  81.9M    n/a  n/a
   3   5f |   7 1.0    0      0    0    0   0%    10M |   n/a   n/a   1    0      0    0    0   0%  81.9M    n/a  n/a
   3   60 |   7 1.0   15    13M  122  252  67%    10M |  99.9   n/a   1   27  1.26M    5   19  79%  81.9M    n/a  n/a
   3   61 |   7 1.0   15    13M  126  282  69%    10M |  99.9   n/a   1   27  1.77M    7   20  74%  81.9M    n/a  n/a
   3   62 |   7 1.0    0      0    0    0   0%    10M |   n/a   n/a   1    0      0    0    0   0%  81.9M    n/a  n/a
   3   63 |   7 1.0    0      0    0    0   0%    10M |   n/a   n/a   1    0      0    0    0   0%  81.9M    n/a  n/a
   0   44 |   7 1.0   14   9.1M   81  236  74%    10M |  99.9   n/a   1   27  2.80M   11   14  56%  81.9M    n/a  n/a
   0   45 |   7 1.0   14   9.8M   96  208  68%    10M |  99.9   n/a   1   27  1.51M    6   10  62%  81.9M    n/a  n/a
   0   46 |   7 1.0   14    10M  102  165  61%    10M |  99.9   n/a   1   27  3.05M   12    9  42%  81.9M    n/a  n/a
   0   47 |   7 1.0   14   9.8M  100  240  70%    10M |  99.9   n/a   1   27  1.25M    5    9  64%  81.9M    n/a  n/a
   0   48 |   7 1.0    0      0    0    0   0%    10M |   n/a   n/a   1    0      0    0    0   0%  81.9M    n/a  n/a
   0   49 |   7 1.0   14    10M   94  210  69%    10M |  99.9   n/a   1   27  2.78M   11   11  50%  81.9M    n/a  n/a
   0   4a |   7 1.0   14   8.9M   81  267  76%    10M |  99.9   n/a   1   27  1.77M    7   12  63%  81.9M    n/a  n/a
   0   4b |   7 1.0   14   9.9M   90  199  68%    10M |  99.9   n/a   1   27  1.01M    4   13  76%  81.9M    n/a  n/a

          |--------------------DL---------------------|-------------------------------UL-----------------------------
 pci rnti | cqi  ri  mcs  brate   ok  nok  (%)  dl_bs | pusch  rsrp  ri  mcs  brate   ok  nok  (%)    bsr     ta  phr
   1   4c |   7 1.0   16    17M  157  459  74%    10M |  99.9   n/a   1   27  2.30M   10   20  66%  81.9M    n/a  n/a
   1   4d |   7 1.0   16    17M  150  495  76%    10M |  99.9   n/a   1   27  1.56M    7   23  76%  81.9M    n/a  n/a
   1   4e |   7 1.0   16    16M  148  493  76%    10M |  99.9   n/a   1   27  3.37M   15   23  60%  81.9M    n/a  n/a
   1   4f |   7 1.0    0      0    0    0   0%    10M |   n/a   n/a   1    0      0    0    0   0%  81.9M    n/a  n/a
   1   50 |   7 1.0   16    16M  132  499  79%    10M |  99.9   n/a   1   27  3.38M   15   14  48%  81.9M    n/a  n/a
   1   51 |   7 1.0    0      0    0    0   0%    10M |   n/a   n/a   1    0      0    0    0   0%  81.9M    n/a  n/a
   1   52 |   7 1.0    0      0    0    0   0%    10M |   n/a   n/a   1    0      0    0    0   0%  81.9M    n/a  n/a
   1   53 |   7 1.0    0      0    0    0   0%    10M |   n/a   n/a   1    0      0    0    0   0%  81.9M    n/a  n/a
   2   54 |   7 1.0   14   7.0M   98  287  74%    10M |  99.9   n/a   1   27  1.59M    8   13  61%  81.9M    n/a  n/a
   2   55 |   7 1.0   14   7.2M   93  307  76%    10M |  99.9   n/a   1   27   586k    3   10  76%  81.9M    n/a  n/a
   2   56 |   7 1.0   14   6.9M   84  270  76%    10M |  99.9   n/a   1   27  1.59M    8   10  55%  81.9M    n/a  n/a
   2   57 |   7 1.0   14   7.2M   96  287  74%    10M |  99.9   n/a   1   27   586k    3   16  84%  81.9M    n/a  n/a
   2   58 |   7 1.0   14   7.3M   80  263  76%    10M |  99.9   n/a   1   27  1.99M   10   10  50%  81.9M    n/a  n/a
   2   59 |   7 1.0    0      0    0    0   0%    10M |   n/a   n/a   1    0      0    0    0   0%  81.9M    n/a  n/a
   2   5a |   7 1.0   14   6.9M   88  288  76%    10M |  99.9   n/a   1   27   398k    2   13  86%  81.9M    n/a  n/a
   2   5b |   7 1.0   14   7.0M   88  262  74%    10M |  99.9   n/a   1   27   984k    5    8  61%  81.9M    n/a  n/a
   3   5c |   7 1.0   15    13M  109  256  70%    10M |  99.9   n/a   1   27  1.75M    7   16  69%  81.9M    n/a  n/a
   3   5d |   7 1.0   15    13M  129  252  66%    10M |  99.9   n/a   1   27  2.53M   10   16  61%  81.9M    n/a  n/a
   3   5e |   7 1.0   15    13M  121  261  68%    10M |  99.9   n/a   1   27  2.28M    9   17  65%  81.9M    n/a  n/a
   3   5f |   7 1.0    0      0    0    0   0%    10M |   n/a   n/a   1    0      0    0    0   0%  81.9M    n/a  n/a
   3   60 |   7 1.0   15    14M  132  257  66%    10M |  99.9   n/a   1   27  1.53M    6   17  73%  81.9M    n/a  n/a
   3   61 |   7 1.0   15    13M  114  269  70%    10M |  99.9   n/a   1   27  1.51M    6   16  72%  81.9M    n/a  n/a
   3   62 |   7 1.0    0      0    0    0   0%    10M |   n/a   n/a   1    0      0    0    0   0%  81.9M    n/a  n/a
   3   63 |   7 1.0    0      0    0    0   0%    10M |   n/a   n/a   1    0      0    0    0   0%  81.9M    n/a  n/a
   0   44 |   7 1.0   14   7.6M   71  356  83%    10M |  99.9   n/a   1   27  1.77M    7   16  69%  81.9M    n/a  n/a
   0   45 |   7 1.0   14   7.8M   75  295  79%    10M |  99.9   n/a   1   27   512k    2   13  86%  81.9M    n/a  n/a
   0   46 |   7 1.0   14   8.2M   79  325  80%    10M |  99.9   n/a   1   27  1.78M    7   12  63%  81.9M    n/a  n/a
   0   47 |   7 1.0   14   8.0M   78  327  80%    10M |  99.9   n/a   1   27   742k    3   16  84%  81.9M    n/a  n/a
   0   48 |   7 1.0    0      0    0    0   0%    10M |   n/a   n/a   1    0      0    0    0   0%  81.9M    n/a  n/a
   0   49 |   7 1.0   14   8.0M   81  332  80%    10M |  99.9   n/a   1   27  1.30M    5   12  70%  81.9M    n/a  n/a
   0   4a |   7 1.0   14   7.8M   76  297  79%    10M |  99.9   n/a   1   27  1.27M    5   15  75%  81.9M    n/a  n/a
   0   4b |   7 1.0   14   8.2M   80  320  80%    10M |  99.9   n/a   1   27  1.02M    4   15  78%  81.9M    n/a  n/a
   1   4c |   7 1.0   16    16M  145  495  77%    10M |  99.9   n/a   1   27  1.13M    5   24  82%  81.9M    n/a  n/a
   1   4d |   7 1.0   17    16M  124  513  80%    10M |  99.9   n/a   1   27  1.34M    6   22  78%  81.9M    n/a  n/a
   1   4e |   7 1.0   16    16M  141  486  77%    10M |  99.9   n/a   1   27  1.59M    7   19  73%  81.9M    n/a  n/a
   1   4f |   7 1.0    0      0    0    0   0%    10M |   n/a   n/a   1    0      0    0    0   0%  81.9M    n/a  n/a
   1   50 |   7 1.0   16    16M  142  516  78%    10M |  99.9   n/a   1   27  1.82M    8   21  72%  81.9M    n/a  n/a
   1   51 |   7 1.0    0      0    0    0   0%    10M |   n/a   n/a   1    0      0    0    0   0%  81.9M    n/a  n/a
   1   52 |   7 1.0    0      0    0    0   0%    10M |   n/a   n/a   1    0      0    0    0   0%  81.9M    n/a  n/a
   1   53 |   7 1.0    0      0    0    0   0%    10M |   n/a   n/a   1    0      0    0    0   0%  81.9M    n/a  n/a
   2   54 |   7 1.0   14   7.8M   94  344  78%    10M |  99.9   n/a   1   27   603k    3   13  81%  81.9M    n/a  n/a
   2   55 |   7 1.0   14   7.5M   93  379  80%    10M |  99.9   n/a   1   27   984k    5   13  72%  81.9M    n/a  n/a
   2   56 |   7 1.0   14   7.6M   91  330  78%    10M |  99.9   n/a   1   27   787k    4   13  76%  81.9M    n/a  n/a
   2   57 |   7 1.0   14   7.6M   99  345  77%    10M |  99.9   n/a   1   27  1.41M    7   12  63%  81.9M    n/a  n/a
   2   58 |   7 1.0   14   7.6M  100  307  75%    10M |  99.9   n/a   1   27   787k    4   13  76%  81.9M    n/a  n/a
   2   59 |   7 1.0    0      0    0    0   0%    10M |   n/a   n/a   1    0      0    0    0   0%  81.9M    n/a  n/a
   2   5a |   7 1.0   14   7.9M  101  365  78%    10M |  99.9   n/a   1   27  1.00M    5   13  72%  81.9M    n/a  n/a
   2   5b |   7 1.0   14   7.5M   87  311  78%    10M |  99.9   n/a   1   27   988k    5   15  75%  81.9M    n/a  n/a
   3   5c |   7 1.0   16    15M  134  258  65%    10M |  99.9   n/a   1   27  1.51M    6   16  72%  81.9M    n/a  n/a
   3   5d |   7 1.0   16    15M  132  281  68%    10M |  99.9   n/a   1   27  1.26M    5   20  80%  81.9M    n/a  n/a
   3   5e |   7 1.0   15    12M  111  290  72%    10M |  99.9   n/a   1   27  1.51M    6   19  76%  81.9M    n/a  n/a
   3   5f |   7 1.0    0      0    0    0   0%    10M |   n/a   n/a   1    0      0    0    0   0%  81.9M    n/a  n/a
   3   60 |   7 1.0   15    13M  133  270  66%    10M |  99.9   n/a   1   27  1.27M    5   16  76%  81.9M    n/a  n/a
   3   61 |   7 1.0   16    15M  132  288  68%    10M |  99.9   n/a   1   27  1.27M    5   20  80%  81.9M    n/a  n/a
   3   62 |   7 1.0    0      0    0    0   0%    10M |   n/a   n/a   1    0      0    0    0   0%  81.9M    n/a  n/a
   3   63 |   7 1.0    0      0    0    0   0%    10M |   n/a   n/a   1    0      0    0    0   0%  81.9M    n/a  n/a
   0   44 |   7 1.0   14   9.9M   93  255  73%    10M |  99.9   n/a   1   27  1.02M    4   10  71%  81.9M    n/a  n/a
   0   45 |   7 1.0   14    10M   97  326  77%    10M |  99.9   n/a   1   27  1.25M    5   11  68%  81.9M    n/a  n/a
   0   46 |   7 1.0   14   9.6M   95  297  75%    10M |  99.9   n/a   1   27  1.52M    6   13  68%  81.9M    n/a  n/a
   0   47 |   7 1.0   14    10M  102  299  74%    10M |  99.9   n/a   1   27  1.51M    6   12  66%  81.9M    n/a  n/a
   0   48 |   7 1.0    0      0    0    0   0%    10M |   n/a   n/a   1    0      0    0    0   0%  81.9M    n/a  n/a
   0   49 |   7 1.0   14   9.8M   98  246  71%    10M |  99.9   n/a   1   27  2.01M    8   10  55%  81.9M    n/a  n/a
   0   4a |   7 1.0   14    10M   97  258  72%    10M |  99.9   n/a   1   27  2.02M    8   14  63%  81.9M    n/a  n/a
   0   4b |   7 1.0   14  10.0M   92  261  73%    10M |  99.9   n/a   1   27  1.01M    4   12  75%  81.9M    n/a  n/a
   1   4c |   7 1.0   17    18M  144  393  73%    10M |  99.9   n/a   1   27  1.80M    8   21  72%  81.9M    n/a  n/a
   1   4d |   7 1.0   17    17M  148  399  72%    10M |  99.9   n/a   1   27  2.48M   11   25  69%  81.9M    n/a  n/a
   1   4e |   7 1.0   17    18M  156  438  73%    10M |  99.9   n/a   1   27  2.48M   11   24  68%  81.9M    n/a  n/a
   1   4f |   7 1.0    0      0    0    0   0%    10M |   n/a   n/a   1    0      0    0    0   0%  81.9M    n/a  n/a
   1   50 |   7 1.0   16    17M  162  400  71%    10M |  99.9   n/a   1   27  2.29M   10   24  70%  81.9M    n/a  n/a
   1   51 |   7 1.0    0      0    0    0   0%    10M |   n/a   n/a   1    0      0    0    0   0%  81.9M    n/a  n/a
   1   52 |   7 1.0    0      0    0    0   0%    10M |   n/a   n/a   1    0      0    0    0   0%  81.9M    n/a  n/a
   1   53 |   7 1.0    0      0    0    0   0%    10M |   n/a   n/a   1    0      0    0    0   0%  81.9M    n/a  n/a
   2   54 |   7 1.0   14   6.8M   92  415  81%    10M |  99.9   n/a   1   27  1.20M    6   14  70%  81.9M    n/a  n/a
   2   55 |   7 1.0   15   6.5M   70  411  85%    10M |  99.9   n/a   1   27  1.20M    6   15  71%  81.9M    n/a  n/a
   2   56 |   7 1.0   14   6.5M   85  423  83%    10M |  99.9   n/a   1   27  1.00M    5   15  75%  81.9M    n/a  n/a
   2   57 |   7 1.0   15   6.5M   76  394  83%    10M |  99.9   n/a   1   27   590k    3   14  82%  81.9M    n/a  n/a
   2   58 |   7 1.0   14   6.6M   81  382  82%    10M |  99.9   n/a   1   27  1.00M    5   14  73%  81.9M    n/a  n/a
   2   59 |   7 1.0    0      0    0    0   0%    10M |   n/a   n/a   1    0      0    0    0   0%  81.9M    n/a  n/a
   2   5a |   7 1.0   14   6.1M   75  434  85%    10M |  99.9   n/a   1   27   984k    5   14  73%  81.9M    n/a  n/a
   2   5b |   7 1.0   15   6.8M   78  440  84%    10M |  99.9   n/a   1   27   783k    4   13  76%  81.9M    n/a  n/a
   3   5c |   7 1.0   16    15M  126  259  67%    10M |  99.9   n/a   1   27  2.29M    9   20  68%  81.9M    n/a  n/a
   3   5d |   7 1.0   16    15M  137  281  67%    10M |  99.9   n/a   1   27  2.02M    8   19  70%  81.9M    n/a  n/a
   3   5e |   7 1.0   16    15M  128  230  64%    10M |  99.9   n/a   1   27  2.03M    8   19  70%  81.9M    n/a  n/a
   3   5f |   7 1.0    0      0    0    0   0%    10M |   n/a   n/a   1    0      0    0    0   0%  81.9M    n/a  n/a
   3   60 |   7 1.0   16    14M  117  276  70%    10M |  99.9   n/a   1   27  2.51M   10   20  66%  81.9M    n/a  n/a
   3   61 |   7 1.0   16    16M  140  284  66%    10M |  99.9   n/a   1   27  2.52M   10   16  61%  81.9M    n/a  n/a
   3   62 |   7 1.0    0      0    0    0   0%    10M |   n/a   n/a   1    0      0    0    0   0%  81.9M    n/a  n/a
   3   63 |   7 1.0    0      0    0    0   0%    10M |   n/a   n/a   1    0      0    0    0   0%  81.9M    n/a  n/a

          |--------------------DL---------------------|-------------------------------UL-----------------------------
 pci rnti | cqi  ri  mcs  brate   ok  nok  (%)  dl_bs | pusch  rsrp  ri  mcs  brate   ok  nok  (%)    bsr     ta  phr
   0   44 |   7 1.0   14   8.3M   79  359  81%    10M |  99.9   n/a   1   27  1.75M    7   13  65%  81.9M    n/a  n/a
   0   45 |   7 1.0   14   8.6M   87  357  80%    10M |  99.9   n/a   1   27  2.03M    8   18  69%  81.9M    n/a  n/a
   0   46 |   7 1.0   14   8.7M   87  334  79%    10M |  99.9   n/a   1   27   521k    2   17  89%  81.9M    n/a  n/a
   0   47 |   7 1.0   14   8.7M   90  297  76%    10M |  99.9   n/a   1   27  2.02M    8   12  60%  81.9M    n/a  n/a
   0   48 |   7 1.0    0      0    0    0   0%    10M |   n/a   n/a   1    0      0    0    0   0%  81.9M    n/a  n/a
   0   49 |   7 1.0   14   8.4M   80  349  81%    10M |  99.9   n/a   1   27  1.53M    6   11  64%  81.9M    n/a  n/a
   0   4a |   7 1.0   14   8.4M   88  352  80%    10M |  99.9   n/a   1   27  1.00M    4   15  78%  81.9M    n/a  n/a
   0   4b |   7 1.0   14   8.3M   88  330  78%    10M |  99.9   n/a   1   27  1.03M    4   13  76%  81.9M    n/a  n/a
   1   4c |   7 1.0   17    16M  128  454  78%    10M |  99.9   n/a   1   27  2.05M    9   25  73%  81.9M    n/a  n/a
   1   4d |   7 1.0   17    16M  139  391  73%    10M |  99.9   n/a   1   27  1.37M    6   21  77%  81.9M    n/a  n/a
   1   4e |   7 1.0   17    16M  139  456  76%    10M |  99.9   n/a   1   27  2.26M   10   22  68%  81.9M    n/a  n/a
   1   4f |   7 1.0    0      0    0    0   0%    10M |   n/a   n/a   1    0      0    0    0   0%  81.9M    n/a  n/a
   1   50 |   7 1.0   17    16M  130  444  77%    10M |  99.9   n/a   1   27  1.81M    8   23  74%  81.9M    n/a  n/a
   1   51 |   7 1.0    0      0    0    0   0%    10M |   n/a   n/a   1    0      0    0    0   0%  81.9M    n/a  n/a
   1   52 |   7 1.0    0      0    0    0   0%    10M |   n/a   n/a   1    0      0    0    0   0%  81.9M    n/a  n/a
   1   53 |   7 1.0    0      0    0    0   0%    10M |   n/a   n/a   1    0      0    0    0   0%  81.9M    n/a  n/a
   2   54 |   7 1.0   14   8.5M  109  410  78%    10M |  99.9   n/a   1   27  1.59M    8   12  60%  81.9M    n/a  n/a
   2   55 |   7 1.0   15   8.4M  100  373  78%    10M |  99.9   n/a   1   27  1.00M    5   11  68%  81.9M    n/a  n/a
   2   56 |   7 1.0   15   8.5M  103  359  77%    10M |  99.9   n/a   1   27   603k    3   12  80%  81.9M    n/a  n/a
   2   57 |   7 1.0   15   8.5M   97  364  78%    10M |  99.9   n/a   1   27  1.42M    7   14  66%  81.9M    n/a  n/a
   2   58 |   7 1.0   14   8.0M  102  431  80%    10M |  99.9   n/a   1   27   988k    5   10  66%  81.9M    n/a  n/a
   2   59 |   7 1.0    0      0    0    0   0%    10M |   n/a   n/a   1    0      0    0    0   0%  81.9M    n/a  n/a
   2   5a |   7 1.0   15   8.6M   96  360  78%    10M |  99.9   n/a   1   27  1.18M    6    9  60%  81.9M    n/a  n/a
   2   5b |   7 1.0   15   8.8M   94  330  77%    10M |  99.9   n/a   1   27  1.58M    8   13  61%  81.9M    n/a  n/a
   3   5c |   7 1.0   16    16M  137  257  65%    10M |  99.9   n/a   1   27  1.75M    7   16  69%  81.9M    n/a  n/a
   3   5d |   7 1.0   16    16M  134  239  64%    10M |  99.9   n/a   1   27  2.02M    8   17  68%  81.9M    n/a  n/a
   3   5e |   7 1.0   16    14M  113  268  70%    10M |  99.9   n/a   1   27  2.02M    8   17  68%  81.9M    n/a  n/a
   3   5f |   7 1.0    0      0    0    0   0%    10M |   n/a   n/a   1    0      0    0    0   0%  81.9M    n/a  n/a
   3   60 |   7 1.0   16    15M  127  261  67%    10M |  99.9   n/a   1   27  1.77M    7   16  69%  81.9M    n/a  n/a
   3   61 |   7 1.0   16    16M  135  232  63%    10M |  99.9   n/a   1   27  1.77M    7   20  74%  81.9M    n/a  n/a
   3   62 |   7 1.0    0      0    0    0   0%    10M |   n/a   n/a   1    0      0    0    0   0%  81.9M    n/a  n/a
   3   63 |   7 1.0    0      0    0    0   0%    10M |   n/a   n/a   1    0      0    0    0   0%  81.9M    n/a  n/a
   0   44 |   7 1.0   14   9.0M   85  306  78%    10M |  99.9   n/a   1   27  1.26M    5   13  72%  81.9M    n/a  n/a
   0   45 |   7 1.0   15   9.6M   84  262  75%    10M |  99.9   n/a   1   27  1.26M    5   10  66%  81.9M    n/a  n/a
   0   46 |   7 1.0   15   9.3M   84  312  78%    10M |  99.9   n/a   1   27  1.27M    5    9  64%  81.9M    n/a  n/a
   0   47 |   7 1.0   15   9.6M   83  271  76%    10M |  99.9   n/a   1   27  1.52M    6   12  66%  81.9M    n/a  n/a
   0   48 |   7 1.0    0      0    0    0   0%    10M |   n/a   n/a   1    0      0    0    0   0%  81.9M    n/a  n/a
   0   49 |   7 1.0   15   9.4M   89  315  77%    10M |  99.9   n/a   1   27   758k    3   14  82%  81.9M    n/a  n/a
   0   4a |   7 1.0   15   9.3M   88  308  77%    10M |  99.9   n/a   1   27   762k    3   11  78%  81.9M    n/a  n/a
   0   4b |   7 1.0   15   9.5M   86  306  78%    10M |  99.9   n/a   1   27   496k    2   11  84%  81.9M    n/a  n/a
   1   4c |   7 1.0   17    16M  159  447  73%    10M |  99.9   n/a   1   27  1.58M    7   20  74%  81.9M    n/a  n/a
   1   4d |   7 1.0   17    17M  140  446  76%    10M |  99.9   n/a   1   27  2.26M   10   24  70%  81.9M    n/a  n/a
   1   4e |   7 1.0   17    17M  158  445  73%    10M |  99.9   n/a   1   27  2.47M   11   22  66%  81.9M    n/a  n/a
   1   4f |   7 1.0    0      0    0    0   0%    10M |   n/a   n/a   1    0      0    0    0   0%  81.9M    n/a  n/a
   1   50 |   7 1.0   17    16M  153  424  73%    10M |  99.9   n/a   1   27  2.06M    9   23  71%  81.9M    n/a  n/a
   1   51 |   7 1.0    0      0    0    0   0%    10M |   n/a   n/a   1    0      0    0    0   0%  81.9M    n/a  n/a
   1   52 |   7 1.0    0      0    0    0   0%    10M |   n/a   n/a   1    0      0    0    0   0%  81.9M    n/a  n/a
   1   53 |   7 1.0    0      0    0    0   0%    10M |   n/a   n/a   1    0      0    0    0   0%  81.9M    n/a  n/a
   2   54 |   7 1.0   15   7.3M   79  379  82%    10M |  99.9   n/a   1   27  1.58M    8   13  61%  81.9M    n/a  n/a
   2   55 |   7 1.0   15   7.3M   88  381  81%    10M |  99.9   n/a   1   27  1.80M    9   12  57%  81.9M    n/a  n/a
   2   56 |   7 1.0   15   7.5M   96  347  78%    10M |  99.9   n/a   1   27  1.59M    8   12  60%  81.9M    n/a  n/a
   2   57 |   7 1.0   15   7.1M   78  340  81%    10M |  99.9   n/a   1   27   402k    2    9  81%  81.9M    n/a  n/a
   2   58 |   7 1.0   15   7.6M   85  372  81%    10M |  99.9   n/a   1   27   980k    5   14  73%  81.9M    n/a  n/a
   2   59 |   7 1.0    0      0    0    0   0%    10M |   n/a   n/a   1    0      0    0    0   0%  81.9M    n/a  n/a
   2   5a |   7 1.0   15   7.5M   81  346  81%    10M |  99.9   n/a   1   27   996k    5   14  73%  81.9M    n/a  n/a
   2   5b |   7 1.0   15   7.3M   81  353  81%    10M |  99.9   n/a   1   27   599k    3    9  75%  81.9M    n/a  n/a
   3   5c |   7 1.0   16    13M  110  299  73%    10M |  99.9   n/a   1   27  1.78M    7   20  74%  81.9M    n/a  n/a
   3   5d |   7 1.0   16    14M  119  270  69%    10M |  99.9   n/a   1   27  2.03M    8   16  66%  81.9M    n/a  n/a
   3   5e |   7 1.0   16    13M  112  322  74%    10M |  99.9   n/a   1   27  1.78M    7   16  69%  81.9M    n/a  n/a
   3   5f |   7 1.0    0      0    0    0   0%    10M |   n/a   n/a   1    0      0    0    0   0%  81.9M    n/a  n/a
   3   60 |   7 1.0   16    13M  104  259  71%    10M |  99.9   n/a   1   27  1.01M    4   20  83%  81.9M    n/a  n/a
   3   61 |   7 1.0   16    14M  121  266  68%    10M |  99.9   n/a   1   27  1.26M    5   16  76%  81.9M    n/a  n/a
   3   62 |   7 1.0    0      0    0    0   0%    10M |   n/a   n/a   1    0      0    0    0   0%  81.9M    n/a  n/a
   3   63 |   7 1.0    0      0    0    0   0%    10M |   n/a   n/a   1    0      0    0    0   0%  81.9M    n/a  n/a
   0   44 |   7 1.0   15   9.2M   78  296  79%    10M |  99.9   n/a   1   27   750k    3   13  81%  81.9M    n/a  n/a
   0   45 |   7 1.0   15   8.5M   81  313  79%    10M |  99.9   n/a   1   27  1.02M    4   13  76%  81.9M    n/a  n/a
   0   46 |   7 1.0   15   8.7M   76  308  80%    10M |  99.9   n/a   1   27   762k    3   14  82%  81.9M    n/a  n/a
   0   47 |   7 1.0   15   8.7M   73  301  80%    10M |  99.9   n/a   1   27  1.26M    5   12  70%  81.9M    n/a  n/a
   0   48 |   7 1.0    0      0    0    0   0%    10M |   n/a   n/a   1    0      0    0    0   0%  81.9M    n/a  n/a
   0   49 |   7 1.0   15   8.8M   82  348  80%    10M |  99.9   n/a   1   27  1.53M    6   12  66%  81.9M    n/a  n/a
   0   4a |   7 1.0   15   8.4M   70  323  82%    10M |  99.9   n/a   1   27  1.79M    7   14  66%  81.9M    n/a  n/a
   0   4b |   7 1.0   15   8.9M   77  330  81%    10M |  99.9   n/a   1   27   504k    2   15  88%  81.9M    n/a  n/a
   1   4c |   7 1.0   17    17M  139  393  73%    10M |  99.9   n/a   1   27  1.59M    7   25  78%  81.9M    n/a  n/a
   1   4d |   7 1.0   18    18M  143  372  72%    10M |  99.9   n/a   1   27  2.24M   10   19  65%  81.9M    n/a  n/a
   1   4e |   7 1.0   18    18M  150  337  69%    10M |  99.9   n/a   1   27  2.48M   11   19  63%  81.9M    n/a  n/a
   1   4f |   7 1.0    0      0    0    0   0%    10M |   n/a   n/a   1    0      0    0    0   0%  81.9M    n/a  n/a
   1   50 |   7 1.0   17    18M  157  360  69%    10M |  99.9   n/a   1   27  2.03M    9   22  70%  81.9M    n/a  n/a
   1   51 |   7 1.0    0      0    0    0   0%    10M |   n/a   n/a   1    0      0    0    0   0%  81.9M    n/a  n/a
   1   52 |   7 1.0    0      0    0    0   0%    10M |   n/a   n/a   1    0      0    0    0   0%  81.9M    n/a  n/a
   1   53 |   7 1.0    0      0    0    0   0%    10M |   n/a   n/a   1    0      0    0    0   0%  81.9M    n/a  n/a
   2   54 |   7 1.0   15   7.7M   91  302  76%    10M |  99.9   n/a   1   27   197k    1   12  92%  81.9M    n/a  n/a
   2   55 |   7 1.0   15   7.5M   86  335  79%    10M |  99.9   n/a   1   27  1.40M    7   15  68%  81.9M    n/a  n/a
   2   56 |   7 1.0   15   7.8M   87  372  81%    10M |  99.9   n/a   1   27   599k    3   15  83%  81.9M    n/a  n/a
   2   57 |   7 1.0   15   7.7M   85  342  80%    10M |  99.9   n/a   1   27  1.40M    7   11  61%  81.9M    n/a  n/a
   2   58 |   7 1.0   15   7.5M   92  347  79%    10M |  99.9   n/a   1   27  1.18M    6   15  71%  81.9M    n/a  n/a
   2   59 |   7 1.0    0      0    0    0   0%    10M |   n/a   n/a   1    0      0    0    0   0%  81.9M    n/a  n/a
   2   5a |   7 1.0   15   7.8M   95  321  77%    10M |  99.9   n/a   1   27  1.59M    8   13  61%  81.9M    n/a  n/a
   2   5b |   7 1.0   15   7.8M   93  377  80%    10M |  99.9   n/a   1   27  1.59M    8   16  66%  81.9M    n/a  n/a

          |--------------------DL---------------------|-------------------------------UL-----------------------------
 pci rnti | cqi  ri  mcs  brate   ok  nok  (%)  dl_bs | pusch  rsrp  ri  mcs  brate   ok  nok  (%)    bsr     ta  phr
   3   5c |   7 1.0   16    15M  124  278  69%    10M |  99.9   n/a   1   27  1.76M    7   16  69%  81.9M    n/a  n/a
   3   5d |   7 1.0   17    16M  140  272  66%    10M |  99.9   n/a   1   27  1.78M    7   20  74%  81.9M    n/a  n/a
   3   5e |   7 1.0   16    15M  129  264  67%    10M |  99.9   n/a   1   27  2.28M    9   20  68%  81.9M    n/a  n/a
   3   5f |   7 1.0    0      0    0    0   0%    10M |   n/a   n/a   1    0      0    0    0   0%  81.9M    n/a  n/a
   3   60 |   7 1.0   16    16M  130  244  65%    10M |  99.9   n/a   1   27  2.02M    8   16  66%  81.9M    n/a  n/a
   3   61 |   7 1.0   17    16M  128  282  68%    10M |  99.9   n/a   1   27  1.50M    6   18  75%  81.9M    n/a  n/a
   3   62 |   7 1.0    0      0    0    0   0%    10M |   n/a   n/a   1    0      0    0    0   0%  81.9M    n/a  n/a
   3   63 |   7 1.0    0      0    0    0   0%    10M |   n/a   n/a   1    0      0    0    0   0%  81.9M    n/a  n/a
   0   44 |   7 1.0   15    11M   92  346  78%    10M |  99.9   n/a   1   27  1.03M    4   12  75%  81.9M    n/a  n/a
   0   45 |   7 1.0   15    11M   91  325  78%    10M |  99.9   n/a   1   27  2.03M    8   11  57%  81.9M    n/a  n/a
   0   46 |   7 1.0   15    11M  102  330  76%    10M |  99.9   n/a   1   27  1.78M    7   13  65%  81.9M    n/a  n/a
   0   47 |   7 1.0   15    11M  102  308  75%    10M |  99.9   n/a   1   27  2.27M    9   13  59%  81.9M    n/a  n/a
   0   48 |   7 1.0    0      0    0    0   0%    10M |   n/a   n/a   1    0      0    0    0   0%  81.9M    n/a  n/a
   0   49 |   7 1.0   15    10M   91  317  77%    10M |  99.9   n/a   1   27  2.54M   10   13  56%  81.9M    n/a  n/a
   0   4a |   7 1.0   15    10M   82  341  80%    10M |  99.9   n/a   1   27  2.01M    8   14  63%  81.9M    n/a  n/a
   0   4b |   7 1.0   15    11M  100  328  76%    10M |  99.9   n/a   1   27  1.27M    5   11  68%  81.9M    n/a  n/a
   1   4c |   7 1.0   18    17M  145  413  74%    10M |  99.9   n/a   1   27  1.35M    6   20  76%  81.9M    n/a  n/a
   1   4d |   7 1.0   18    17M  150  368  71%    10M |  99.9   n/a   1   27  1.10M    5   25  83%  81.9M    n/a  n/a
   1   4e |   7 1.0   18    16M  128  367  74%    10M |  99.9   n/a   1   27  2.04M    9   24  72%  81.9M    n/a  n/a
   1   4f |   7 1.0    0      0    0    0   0%    10M |   n/a   n/a   1    0      0    0    0   0%  81.9M    n/a  n/a
   1   50 |   7 1.0   18    16M  138  412  74%    10M |  99.9   n/a   1   27  1.57M    7   24  77%  81.9M    n/a  n/a
   1   51 |   7 1.0    0      0    0    0   0%    10M |   n/a   n/a   1    0      0    0    0   0%  81.9M    n/a  n/a
   1   52 |   7 1.0    0      0    0    0   0%    10M |   n/a   n/a   1    0      0    0    0   0%  81.9M    n/a  n/a
   1   53 |   7 1.0    0      0    0    0   0%    10M |   n/a   n/a   1    0      0    0    0   0%  81.9M    n/a  n/a
   2   54 |   7 1.0   15   7.4M   96  293  75%    10M |  99.9   n/a   1   27  2.20M   11   14  56%  81.9M    n/a  n/a
   2   55 |   7 1.0   15   7.1M   82  355  81%    10M |  99.9   n/a   1   27  2.02M   10   12  54%  81.9M    n/a  n/a
   2   56 |   7 1.0   15   7.4M   88  327  78%    10M |  99.9   n/a   1   27   402k    2   11  84%  81.9M    n/a  n/a
   2   57 |   7 1.0   15   7.0M   83  305  78%    10M |  99.9   n/a   1   27   197k    1   16  94%  81.9M    n/a  n/a
   2   58 |   7 1.0   15   7.1M   91  318  77%    10M |  99.9   n/a   1   27   205k    1   13  92%  81.9M    n/a  n/a
   2   59 |   7 1.0    0      0    0    0   0%    10M |   n/a   n/a   1    0      0    0    0   0%  81.9M    n/a  n/a
   2   5a |   7 1.0   15   6.7M   77  340  81%    10M |   n/a   n/a   1   27      0    0    9 100%  81.9M    n/a  n/a
   2   5b |   7 1.0   15   7.4M   87  353  80%    10M |  99.9   n/a   1   27   394k    2    6  75%  81.9M    n/a  n/a
   3   5c |   7 1.0   17    14M  109  269  71%    10M |  99.9   n/a   1   27  1.75M    7   20  74%  81.9M    n/a  n/a
   3   5d |   7 1.0   17    15M  123  261  67%    10M |  99.9   n/a   1   27  1.25M    5   16  76%  81.9M    n/a  n/a
   3   5e |   7 1.0   16    16M  130  249  65%    10M |  99.9   n/a   1   27  1.27M    5   16  76%  81.9M    n/a  n/a
   3   5f |   7 1.0    0      0    0    0   0%    10M |   n/a   n/a   1    0      0    0    0   0%  81.9M    n/a  n/a
   3   60 |   7 1.0   17    15M  124  252  67%    10M |  99.9   n/a   1   27  1.26M    5   19  79%  81.9M    n/a  n/a
   3   61 |   7 1.0   17    16M  131  258  66%    10M |  99.9   n/a   1   27  2.53M   10   18  64%  81.9M    n/a  n/a
   3   62 |   7 1.0    0      0    0    0   0%    10M |   n/a   n/a   1    0      0    0    0   0%  81.9M    n/a  n/a
   3   63 |   7 1.0    0      0    0    0   0%    10M |   n/a   n/a   1    0      0    0    0   0%  81.9M    n/a  n/a
   0   44 |   7 1.0   15    11M  104  324  75%    10M |  99.9   n/a   1   27  2.27M    9   11  55%  81.9M    n/a  n/a
   0   45 |   7 1.0   15  10.0M   91  286  75%    10M |  99.9   n/a   1   27  1.27M    5   12  70%  81.9M    n/a  n/a
   0   46 |   7 1.0   15    11M  101  272  72%    10M |  99.9   n/a   1   27  1.79M    7   10  58%  81.9M    n/a  n/a
   0   47 |   7 1.0   15    10M   90  291  76%    10M |  99.9   n/a   1   27  1.26M    5    9  64%  81.9M    n/a  n/a
   0   48 |   7 1.0    0      0    0    0   0%    10M |   n/a   n/a   1    0      0    0    0   0%  81.9M    n/a  n/a
   0   49 |   7 1.0   15   9.8M   87  308  77%    10M |  99.9   n/a   1   27  1.27M    5   11  68%  81.9M    n/a  n/a
   0   4a |   7 1.0   15    11M   92  347  79%    10M |  99.9   n/a   1   27  2.54M   10   12  54%  81.9M    n/a  n/a
   0   4b |   7 1.0   15    10M   86  334  79%    10M |  99.9   n/a   1   27  1.51M    6   15  71%  81.9M    n/a  n/a
   1   4c |   7 1.0   18    19M  147  313  68%    10M |  99.9   n/a   1   27  2.74M   12   20  62%  81.9M    n/a  n/a
   1   4d |   7 1.0   18    19M  157  350  69%    10M |  99.9   n/a   1   27  2.72M   12   22  64%  81.9M    n/a  n/a
   1   4e |   7 1.0   18    17M  136  411  75%    10M |  99.9   n/a   1   27  2.45M   11   21  65%  81.9M    n/a  n/a
   1   4f |   7 1.0    0      0    0    0   0%    10M |   n/a   n/a   1    0      0    0    0   0%  81.9M    n/a  n/a
   1   50 |   7 1.0   18    18M  148  393  72%    10M |  99.9   n/a   1   27  2.69M   12   19  61%  81.9M    n/a  n/a
   1   51 |   7 1.0    0      0    0    0   0%    10M |   n/a   n/a   1    0      0    0    0   0%  81.9M    n/a  n/a
   1   52 |   7 1.0    0      0    0    0   0%    10M |   n/a   n/a   1    0      0    0    0   0%  81.9M    n/a  n/a
   1   53 |   7 1.0    0      0    0    0   0%    10M |   n/a   n/a   1    0      0    0    0   0%  81.9M    n/a  n/a
   2   54 |   7 1.0   15   7.3M   81  320  79%    10M |  99.9   n/a   1   27   599k    3    8  72%  81.9M    n/a  n/a
   2   55 |   7 1.0   15   7.8M   94  314  76%    10M |  99.9   n/a   1   27   205k    1   12  92%  81.9M    n/a  n/a
   2   56 |   7 1.0   15   7.4M   89  330  78%    10M |  99.9   n/a   1   27  2.39M   12   15  55%  81.9M    n/a  n/a
   2   57 |   7 1.0   15   7.4M   92  361  79%    10M |  99.9   n/a   1   27  1.18M    6   13  68%  81.9M    n/a  n/a
   2   58 |   7 1.0   15   7.4M   81  365  81%    10M |  99.9   n/a   1   27  1.79M    9   14  60%  81.9M    n/a  n/a
   2   59 |   7 1.0    0      0    0    0   0%    10M |   n/a   n/a   1    0      0    0    0   0%  81.9M    n/a  n/a
   2   5a |   7 1.0   15   7.4M   84  337  80%    10M |  99.9   n/a   1   27  1.19M    6   14  70%  81.9M    n/a  n/a
   2   5b |   7 1.0   15   7.6M   94  319  77%    10M |  99.9   n/a   1   27   389k    2   15  88%  81.9M    n/a  n/a
   3   5c |   7 1.0   17    16M  125  249  66%    10M |  99.9   n/a   1   27  2.02M    8   16  66%  81.9M    n/a  n/a
   3   5d |   7 1.0   17    16M  127  255  66%    10M |  99.9   n/a   1   27  2.28M    9   16  64%  81.9M    n/a  n/a
   3   5e |   7 1.0   17    16M  125  265  67%    10M |  99.9   n/a   1   27  2.27M    9   17  65%  81.9M    n/a  n/a
   3   5f |   7 1.0    0      0    0    0   0%    10M |   n/a   n/a   1    0      0    0    0   0%  81.9M    n/a  n/a
   3   60 |   7 1.0   17    16M  122  239  66%    10M |  99.9   n/a   1   27  2.27M    9   17  65%  81.9M    n/a  n/a
   3   61 |   7 1.0   17    16M  134  266  66%    10M |  99.9   n/a   1   27  1.76M    7   16  69%  81.9M    n/a  n/a
   3   62 |   7 1.0    0      0    0    0   0%    10M |   n/a   n/a   1    0      0    0    0   0%  81.9M    n/a  n/a
   3   63 |   7 1.0    0      0    0    0   0%    10M |   n/a   n/a   1    0      0    0    0   0%  81.9M    n/a  n/a
   0   44 |   7 1.0   15    10M   88  201  69%    10M |  99.9   n/a   1   27  2.82M   11   16  59%  81.9M    n/a  n/a
   0   45 |   7 1.0   15   9.8M   88  233  72%    10M |  99.9   n/a   1   27  1.27M    5   15  75%  81.9M    n/a  n/a
   0   46 |   7 1.0   15   9.8M   84  241  74%    10M |  99.9   n/a   1   27  2.53M   10   12  54%  81.9M    n/a  n/a
   0   47 |   7 1.0   15    10M  103  224  68%    10M |  99.9   n/a   1   27  1.26M    5   13  72%  81.9M    n/a  n/a
   0   48 |   7 1.0    0      0    0    0   0%    10M |   n/a   n/a   1    0      0    0    0   0%  81.9M    n/a  n/a
   0   49 |   7 1.0   15    10M   96  228  70%    10M |  99.9   n/a   1   27  2.03M    8   10  55%  81.9M    n/a  n/a
   0   4a |   7 1.0   15   9.4M   88  214  70%    10M |  99.9   n/a   1   27   758k    3    8  72%  81.9M    n/a  n/a
   0   4b |   7 1.0   15    10M   98  228  69%    10M |  99.9   n/a   1   27  2.27M    9    6  40%  81.9M    n/a  n/a
   1   4c |   7 1.0   18    20M  155  282  64%    10M |  99.9   n/a   1   27  2.05M    9   25  73%  81.9M    n/a  n/a
   1   4d |   7 1.0   19    21M  160  318  66%    10M |  99.9   n/a   1   27  2.25M   10   18  64%  81.9M    n/a  n/a
   1   4e |   7 1.0   18    18M  159  388  70%    10M |  99.9   n/a   1   27  2.70M   12   21  63%  81.9M    n/a  n/a
   1   4f |   7 1.0    0      0    0    0   0%    10M |   n/a   n/a   1    0      0    0    0   0%  81.9M    n/a  n/a
   1   50 |   7 1.0   18    19M  160  354  68%    10M |  99.9   n/a   1   27  3.12M   14   21  60%  81.9M    n/a  n/a
   1   51 |   7 1.0    0      0    0    0   0%    10M |   n/a   n/a   1    0      0    0    0   0%  81.9M    n/a  n/a
   1   52 |   7 1.0    0      0    0    0   0%    10M |   n/a   n/a   1    0      0    0    0   0%  81.9M    n/a  n/a
   1   53 |   7 1.0    0      0    0    0   0%    10M |   n/a   n/a   1    0      0    0    0   0%  81.9M    n/a  n/a

          |--------------------DL---------------------|-------------------------------UL-----------------------------
 pci rnti | cqi  ri  mcs  brate   ok  nok  (%)  dl_bs | pusch  rsrp  ri  mcs  brate   ok  nok  (%)    bsr     ta  phr
   2   54 |   7 1.0   15   7.3M   95  325  77%    10M |  99.9   n/a   1   27   803k    4   12  75%  81.9M    n/a  n/a
   2   55 |   7 1.0   16   8.1M  100  305  75%    10M |  99.9   n/a   1   27  1.81M    9   15  62%  81.9M    n/a  n/a
   2   56 |   7 1.0   15   7.6M   88  309  77%    10M |  99.9   n/a   1   27   197k    1   10  90%  81.9M    n/a  n/a
   2   57 |   7 1.0   16   8.5M  102  322  75%    10M |  99.9   n/a   1   27   980k    5   13  72%  81.9M    n/a  n/a
   2   58 |   7 1.0   15   7.8M   97  276  73%    10M |  99.9   n/a   1   27  1.79M    9   15  62%  81.9M    n/a  n/a
   2   59 |   7 1.0    0      0    0    0   0%    10M |   n/a   n/a   1    0      0    0    0   0%  81.9M    n/a  n/a
   2   5a |   7 1.0   15   8.0M   96  278  74%    10M |  99.9   n/a   1   27   414k    2    8  80%  81.9M    n/a  n/a
   2   5b |   7 1.0   16   8.2M   92  261  73%    10M |  99.9   n/a   1   27  1.79M    9   15  62%  81.9M    n/a  n/a
   3   5c |   7 1.0   17    14M  108  307  73%    10M |  99.9   n/a   1   27   762k    3   17  85%  81.9M    n/a  n/a
   3   5d |   7 1.0   17    15M  115  286  71%    10M |  99.9   n/a   1   27  1.78M    7   20  74%  81.9M    n/a  n/a
   3   5e |   7 1.0   17    14M  114  304  72%    10M |  99.9   n/a   1   27  2.02M    8   19  70%  81.9M    n/a  n/a
   3   5f |   7 1.0    0      0    0    0   0%    10M |   n/a   n/a   1    0      0    0    0   0%  81.9M    n/a  n/a
   3   60 |   7 1.0   17    15M  129  298  69%    10M |  99.9   n/a   1   27  2.27M    9   16  64%  81.9M    n/a  n/a
   3   61 |   7 1.0   17    15M  123  261  67%    10M |  99.9   n/a   1   27  1.27M    5   17  77%  81.9M    n/a  n/a
   3   62 |   7 1.0    0      0    0    0   0%    10M |   n/a   n/a   1    0      0    0    0   0%  81.9M    n/a  n/a
   3   63 |   7 1.0    0      0    0    0   0%    10M |   n/a   n/a   1    0      0    0    0   0%  81.9M    n/a  n/a
   0   44 |   7 1.0   15   9.4M   82  221  72%    10M |  99.9   n/a   1   27  2.28M    9   10  52%  81.9M    n/a  n/a
   0   45 |   7 1.0   15    11M   97  169  63%    10M |  99.9   n/a   1   27   750k    3   14  82%  81.9M    n/a  n/a
   0   46 |   7 1.0   15   9.9M   88  217  71%    10M |  99.9   n/a   1   27  2.03M    8   12  60%  81.9M    n/a  n/a
   0   47 |   7 1.0   15    10M  101  217  68%    10M |  99.9   n/a   1   27  2.04M    8   16  66%  81.9M    n/a  n/a
   0   48 |   7 1.0    0      0    0    0   0%    10M |   n/a   n/a   1    0      0    0    0   0%  81.9M    n/a  n/a
   0   49 |   7 1.0   15    11M   97  186  65%    10M |  99.9   n/a   1   27   504k    2   11  84%  81.9M    n/a  n/a
   0   4a |   7 1.0   15    10M   95  198  67%    10M |  99.9   n/a   1   27  1.77M    7   13  65%  81.9M    n/a  n/a
   0   4b |   7 1.0   15    10M   98  232  70%    10M |  99.9   n/a   1   27  3.03M   12   15  55%  81.9M    n/a  n/a
   1   4c |   7 1.0   19    19M  151  308  67%    10M |  99.9   n/a   1   27  2.72M   12   20  62%  81.9M    n/a  n/a
   1   4d |   7 1.0   19    20M  170  338  66%    10M |  99.9   n/a   1   27  2.68M   12   27  69%  81.9M    n/a  n/a
   1   4e |   7 1.0   19    19M  145  350  70%    10M |  99.9   n/a   1   27  2.49M   11   24  68%  81.9M    n/a  n/a
   1   4f |   7 1.0    0      0    0    0   0%    10M |   n/a   n/a   1    0      0    0    0   0%  81.9M    n/a  n/a
   1   50 |   7 1.0   18    18M  151  393  72%    10M |  99.9   n/a   1   27   893k    4   24  85%  81.9M    n/a  n/a
   1   51 |   7 1.0    0      0    0    0   0%    10M |   n/a   n/a   1    0      0    0    0   0%  81.9M    n/a  n/a
   1   52 |   7 1.0    0      0    0    0   0%    10M |   n/a   n/a   1    0      0    0    0   0%  81.9M    n/a  n/a
   1   53 |   7 1.0    0      0    0    0   0%    10M |   n/a   n/a   1    0      0    0    0   0%  81.9M    n/a  n/a
   2   54 |   7 1.0   15   9.1M  100  262  72%    10M |  99.9   n/a   1   27  1.98M   10   15  60%  81.9M    n/a  n/a
   2   55 |   7 1.0   16   8.8M   99  252  71%    10M |  99.9   n/a   1   27  1.41M    7    8  53%  81.9M    n/a  n/a
   2   56 |   7 1.0   16   8.9M   98  265  73%    10M |  99.9   n/a   1   27  1.41M    7   11  61%  81.9M    n/a  n/a
   2   57 |   7 1.0   16   9.2M  105  267  71%    10M |  99.9   n/a   1   27  1.20M    6   11  64%  81.9M    n/a  n/a
   2   58 |   7 1.0   15   8.9M  100  249  71%    10M |  99.9   n/a   1   27   799k    4   10  71%  81.9M    n/a  n/a
   2   59 |   7 1.0    0      0    0    0   0%    10M |   n/a   n/a   1    0      0    0    0   0%  81.9M    n/a  n/a
   2   5a |   7 1.0   15   8.8M   98  265  73%    10M |  99.9   n/a   1   27  1.81M    9   15  62%  81.9M    n/a  n/a
   2   5b |   7 1.0   16   8.9M   99  250  71%    10M |  99.9   n/a   1   27   996k    5    9  64%  81.9M    n/a  n/a
   3   5c |   7 1.0   17    17M  128  284  68%    10M |  99.9   n/a   1   27  2.29M    9   19  67%  81.9M    n/a  n/a
   3   5d |   7 1.0   17    17M  133  320  70%    10M |  99.9   n/a   1   27  2.27M    9   16  64%  81.9M    n/a  n/a
   3   5e |   7 1.0   17    17M  129  316  71%    10M |  99.9   n/a   1   27  2.27M    9   16  64%  81.9M    n/a  n/a
   3   5f |   7 1.0    0      0    0    0   0%    10M |   n/a   n/a   1    0      0    0    0   0%  81.9M    n/a  n/a
   3   60 |   7 1.0   17    17M  129  266  67%    10M |  99.9   n/a   1   27  1.51M    6   16  72%  81.9M    n/a  n/a
   3   61 |   7 1.0   17    17M  130  266  67%    10M |  99.9   n/a   1   27  2.54M   10   19  65%  81.9M    n/a  n/a
   3   62 |   7 1.0    0      0    0    0   0%    10M |   n/a   n/a   1    0      0    0    0   0%  81.9M    n/a  n/a
   3   63 |   7 1.0    0      0    0    0   0%    10M |   n/a   n/a   1    0      0    0    0   0%  81.9M    n/a  n/a
   0   44 |   7 1.0   15    11M   95  216  69%    10M |  99.9   n/a   1   27   754k    3   14  82%  81.9M    n/a  n/a
   0   45 |   7 1.0   16    11M   91  207  69%    10M |  99.9   n/a   1   27  2.05M    8   12  60%  81.9M    n/a  n/a
   0   46 |   7 1.0   16    11M  102  189  64%    10M |  99.9   n/a   1   27   750k    3   13  81%  81.9M    n/a  n/a
   0   47 |   7 1.0   16    12M   93  178  65%    10M |  99.9   n/a   1   27  1.78M    7    9  56%  81.9M    n/a  n/a
   0   48 |   7 1.0    0      0    0    0   0%    10M |   n/a   n/a   1    0      0    0    0   0%  81.9M    n/a  n/a
   0   49 |   7 1.0   16    11M   97  203  67%    10M |  99.9   n/a   1   27  2.53M   10   14  58%  81.9M    n/a  n/a
   0   4a |   7 1.0   15    11M   97  175  64%    10M |  99.9   n/a   1   27  1.51M    6   11  64%  81.9M    n/a  n/a
   0   4b |   7 1.0   16    11M   92  186  66%    10M |  99.9   n/a   1   27  1.28M    5   10  66%  81.9M    n/a  n/a
   1   4c |   7 1.0   19    20M  147  311  67%    10M |  99.9   n/a   1   27  1.82M    8   23  74%  81.9M    n/a  n/a
   1   4d |   7 1.0   19    21M  167  324  65%    10M |  99.9   n/a   1   27  2.93M   13   21  61%  81.9M    n/a  n/a
   1   4e |   7 1.0   19    19M  147  348  70%    10M |  99.9   n/a   1   27  2.93M   13   19  59%  81.9M    n/a  n/a
   1   4f |   7 1.0    0      0    0    0   0%    10M |   n/a   n/a   1    0      0    0    0   0%  81.9M    n/a  n/a
   1   50 |   7 1.0   19    19M  142  355  71%    10M |  99.9   n/a   1   27  2.03M    9   20  68%  81.9M    n/a  n/a
   1   51 |   7 1.0    0      0    0    0   0%    10M |   n/a   n/a   1    0      0    0    0   0%  81.9M    n/a  n/a
   1   52 |   7 1.0    0      0    0    0   0%    10M |   n/a   n/a   1    0      0    0    0   0%  81.9M    n/a  n/a
   1   53 |   7 1.0    0      0    0    0   0%    10M |   n/a   n/a   1    0      0    0    0   0%  81.9M    n/a  n/a
   2   54 |   7 1.0   16   7.8M   87  251  74%    10M |  99.9   n/a   1   27  1.20M    6   12  66%  81.9M    n/a  n/a
   2   55 |   7 1.0   16   8.3M   96  266  73%    10M |  99.9   n/a   1   27  1.58M    8   13  61%  81.9M    n/a  n/a
   2   56 |   7 1.0   16   8.3M   93  221  70%    10M |  99.9   n/a   1   27   996k    5   19  79%  81.9M    n/a  n/a
   2   57 |   7 1.0   16   8.2M   92  224  70%    10M |  99.9   n/a   1   27   414k    2   12  85%  81.9M    n/a  n/a
   2   58 |   7 1.0   16   7.6M   83  255  75%    10M |  99.9   n/a   1   27   590k    3   15  83%  81.9M    n/a  n/a
   2   59 |   7 1.0    0      0    0    0   0%    10M |   n/a   n/a   1    0      0    0    0   0%  81.9M    n/a  n/a
   2   5a |   7 1.0   16   7.7M   82  276  77%    10M |  99.9   n/a   1   27   394k    2   12  85%  81.9M    n/a  n/a
   2   5b |   7 1.0   16   8.5M   91  236  72%    10M |  99.9   n/a   1   27  2.01M   10   16  61%  81.9M    n/a  n/a
   3   5c |   7 1.0   18    15M  110  326  74%    10M |  99.9   n/a   1   27  1.78M    7   16  69%  81.9M    n/a  n/a
   3   5d |   7 1.0   18    16M  122  278  69%    10M |  99.9   n/a   1   27  1.77M    7   20  74%  81.9M    n/a  n/a
   3   5e |   7 1.0   17    16M  135  269  66%    10M |  99.9   n/a   1   27  2.02M    8   20  71%  81.9M    n/a  n/a
   3   5f |   7 1.0    0      0    0    0   0%    10M |   n/a   n/a   1    0      0    0    0   0%  81.9M    n/a  n/a
   3   60 |   7 1.0   17    16M  130  279  68%    10M |  99.9   n/a   1   27  2.52M   10   20  66%  81.9M    n/a  n/a
   3   61 |   7 1.0   18    17M  123  284  69%    10M |  99.9   n/a   1   27  1.52M    6   16  72%  81.9M    n/a  n/a
   3   62 |   7 1.0    0      0    0    0   0%    10M |   n/a   n/a   1    0      0    0    0   0%  81.9M    n/a  n/a
   3   63 |   7 1.0    0      0    0    0   0%    10M |   n/a   n/a   1    0      0    0    0   0%  81.9M    n/a  n/a
   0   44 |   7 1.0   16   9.7M   79  295  78%    10M |  99.9   n/a   1   27  1.01M    4   16  80%  81.9M    n/a  n/a
   0   45 |   7 1.0   16    11M  101  244  70%    10M |  99.9   n/a   1   27   754k    3   15  83%  81.9M    n/a  n/a
   0   46 |   7 1.0   16    10M   93  249  72%    10M |  99.9   n/a   1   27  1.02M    4   14  77%  81.9M    n/a  n/a
   0   47 |   7 1.0   16    10M   89  246  73%    10M |  99.9   n/a   1   27  1.51M    6   12  66%  81.9M    n/a  n/a
   0   48 |   7 1.0    0      0    0    0   0%    10M |   n/a   n/a   1    0      0    0    0   0%  81.9M    n/a  n/a
   0   49 |   7 1.0   16    10M   97  244  71%    10M |  99.9   n/a   1   27  2.25M    9   12  57%  81.9M    n/a  n/a
   0   4a |   7 1.0   16    10M   90  258  74%    10M |  99.9   n/a   1   27  1.25M    5   14  73%  81.9M    n/a  n/a
   0   4b |   7 1.0   16   9.9M   84  268  76%    10M |  99.9   n/a   1   27  2.03M    8   12  60%  81.9M    n/a  n/a

          |--------------------DL---------------------|-------------------------------UL-----------------------------
 pci rnti | cqi  ri  mcs  brate   ok  nok  (%)  dl_bs | pusch  rsrp  ri  mcs  brate   ok  nok  (%)    bsr     ta  phr
   1   4c |   7 1.0   19    23M  171  295  63%    10M |  99.9   n/a   1   27  3.64M   16   22  57%  81.9M    n/a  n/a
   1   4d |   7 1.0   19    23M  174  287  62%    10M |  99.9   n/a   1   27  3.36M   15   20  57%  81.9M    n/a  n/a
   1   4e |   7 1.0   19    21M  152  330  68%    10M |  99.9   n/a   1   27  1.80M    8   19  70%  81.9M    n/a  n/a
   1   4f |   7 1.0    0      0    0    0   0%    10M |   n/a   n/a   1    0      0    0    0   0%  81.9M    n/a  n/a
   1   50 |   7 1.0   19    22M  151  322  68%    10M |  99.9   n/a   1   27  2.70M   12   21  63%  81.9M    n/a  n/a
   1   51 |   7 1.0    0      0    0    0   0%    10M |   n/a   n/a   1    0      0    0    0   0%  81.9M    n/a  n/a
   1   52 |   7 1.0    0      0    0    0   0%    10M |   n/a   n/a   1    0      0    0    0   0%  81.9M    n/a  n/a
   1   53 |   7 1.0    0      0    0    0   0%    10M |   n/a   n/a   1    0      0    0    0   0%  81.9M    n/a  n/a
   2   54 |   7 1.0   16   9.4M  105  244  69%    10M |  99.9   n/a   1   27  1.19M    6   10  62%  81.9M    n/a  n/a
   2   55 |   7 1.0   16   9.5M  100  216  68%    10M |  99.9   n/a   1   27  1.41M    7   15  68%  81.9M    n/a  n/a
   2   56 |   7 1.0   16   9.3M  108  277  71%    10M |  99.9   n/a   1   27  1.39M    7   10  58%  81.9M    n/a  n/a
   2   57 |   7 1.0   16   9.3M  102  229  69%    10M |  99.9   n/a   1   27  2.18M   11   14  56%  81.9M    n/a  n/a
   2   58 |   7 1.0   16   9.9M  114  240  67%    10M |  99.9   n/a   1   27  1.80M    9   13  59%  81.9M    n/a  n/a
   2   59 |   7 1.0    0      0    0    0   0%    10M |   n/a   n/a   1    0      0    0    0   0%  81.9M    n/a  n/a
   2   5a |   7 1.0   16   9.4M  102  205  66%    10M |  99.9   n/a   1   27  1.40M    7   11  61%  81.9M    n/a  n/a
   2   5b |   7 1.0   16   8.9M   89  260  74%    10M |  99.9   n/a   1   27   980k    5   10  66%  81.9M    n/a  n/a
   3   5c |   7 1.0   18    18M  129  263  67%    10M |  99.9   n/a   1   27  2.03M    8   20  71%  81.9M    n/a  n/a
   3   5d |   7 1.0   18    18M  137  261  65%    10M |  99.9   n/a   1   27  3.30M   13   16  55%  81.9M    n/a  n/a
   3   5e |   7 1.0   18    19M  131  222  62%    10M |  99.9   n/a   1   27  3.28M   13   16  55%  81.9M    n/a  n/a
   3   5f |   7 1.0    0      0    0    0   0%    10M |   n/a   n/a   1    0      0    0    0   0%  81.9M    n/a  n/a
   3   60 |   7 1.0   18    18M  134  270  66%    10M |  99.9   n/a   1   27  2.26M    9   16  64%  81.9M    n/a  n/a
   3   61 |   7 1.0   18    18M  133  292  68%    10M |  99.9   n/a   1   27  2.29M    9   20  68%  81.9M    n/a  n/a
   3   62 |   7 1.0    0      0    0    0   0%    10M |   n/a   n/a   1    0      0    0    0   0%  81.9M    n/a  n/a
   3   63 |   7 1.0    0      0    0    0   0%    10M |   n/a   n/a   1    0      0    0    0   0%  81.9M    n/a  n/a
   0   44 |   7 1.0   16    10M   90  269  74%    10M |  99.9   n/a   1   27  1.00M    4   12  75%  81.9M    n/a  n/a
   0   45 |   7 1.0   16    10M   83  271  76%    10M |  99.9   n/a   1   27  1.77M    7   13  65%  81.9M    n/a  n/a
   0   46 |   7 1.0   16    11M   80  262  76%    10M |  99.9   n/a   1   27  1.52M    6   13  68%  81.9M    n/a  n/a
   0   47 |   7 1.0   16    10M   81  230  73%    10M |  99.9   n/a   1   27  1.78M    7   10  58%  81.9M    n/a  n/a
   0   48 |   7 1.0    0      0    0    0   0%    10M |   n/a   n/a   1    0      0    0    0   0%  81.9M    n/a  n/a
   0   49 |   7 1.0   16    10M   88  250  73%    10M |  99.9   n/a   1   27  2.03M    8   11  57%  81.9M    n/a  n/a
   0   4a |   7 1.0   16    11M   93  234  71%    10M |  99.9   n/a   1   27  2.00M    8   15  65%  81.9M    n/a  n/a
   0   4b |   7 1.0   16    10M   91  286  75%    10M |  99.9   n/a   1   27   508k    2   13  86%  81.9M    n/a  n/a
   1   4c |   7 1.0   19    21M  155  321  67%    10M |  99.9   n/a   1   27  1.59M    7   20  74%  81.9M    n/a  n/a
   1   4d |   7 1.0   19    21M  158  302  65%    10M |  99.9   n/a   1   27  4.51M   20   23  53%  81.9M    n/a  n/a
   1   4e |   7 1.0   19    20M  152  344  69%    10M |  99.9   n/a   1   27  2.01M    9   22  70%  81.9M    n/a  n/a
   1   4f |   7 1.0    0      0    0    0   0%    10M |   n/a   n/a   1    0      0    0    0   0%  81.9M    n/a  n/a
   1   50 |   7 1.0   19    18M  146  366  71%    10M |  99.9   n/a   1   27  2.03M    9   23  71%  81.9M    n/a  n/a
   1   51 |   7 1.0    0      0    0    0   0%    10M |   n/a   n/a   1    0      0    0    0   0%  81.9M    n/a  n/a
   1   52 |   7 1.0    0      0    0    0   0%    10M |   n/a   n/a   1    0      0    0    0   0%  81.9M    n/a  n/a
   1   53 |   7 1.0    0      0    0    0   0%    10M |   n/a   n/a   1    0      0    0    0   0%  81.9M    n/a  n/a
   2   54 |   7 1.0   16   8.2M   93  387  80%    10M |  99.9   n/a   1   27  1.79M    9   15  62%  81.9M    n/a  n/a
   2   55 |   7 1.0   16   8.3M   87  352  80%    10M |  99.9   n/a   1   27  1.39M    7   10  58%  81.9M    n/a  n/a
   2   56 |   7 1.0   16   8.0M   87  378  81%    10M |  99.9   n/a   1   27  1.40M    7   13  65%  81.9M    n/a  n/a
   2   57 |   7 1.0   16   8.3M   89  377  80%    10M |  99.9   n/a   1   27   205k    1   10  90%  81.9M    n/a  n/a
   2   58 |   7 1.0   16   8.4M   98  389  79%    10M |  99.9   n/a   1   27   197k    1   10  90%  81.9M    n/a  n/a
   2   59 |   7 1.0    0      0    0    0   0%    10M |   n/a   n/a   1    0      0    0    0   0%  81.9M    n/a  n/a
   2   5a |   7 1.0   16   8.3M   91  332  78%    10M |  99.9   n/a   1   27  1.18M    6   11  64%  81.9M    n/a  n/a
   2   5b |   7 1.0   16   8.7M   91  344  79%    10M |  99.9   n/a   1   27  1.60M    8   11  57%  81.9M    n/a  n/a
   3   5c |   7 1.0   18    16M  122  302  71%    10M |  99.9   n/a   1   27  2.03M    8   16  66%  81.9M    n/a  n/a
   3   5d |   7 1.0   18    17M  136  287  67%    10M |  99.9   n/a   1   27  2.02M    8   16  66%  81.9M    n/a  n/a
   3   5e |   7 1.0   18    17M  129  301  70%    10M |  99.9   n/a   1   27  2.02M    8   16  66%  81.9M    n/a  n/a
   3   5f |   7 1.0    0      0    0    0   0%    10M |   n/a   n/a   1    0      0    0    0   0%  81.9M    n/a  n/a
   3   60 |   7 1.0   18    17M  138  299  68%    10M |  99.9   n/a   1   27  1.75M    7   18  72%  81.9M    n/a  n/a
   3   61 |   7 1.0   18    17M  129  285  68%    10M |  99.9   n/a   1   27  2.02M    8   16  66%  81.9M    n/a  n/a
   3   62 |   7 1.0    0      0    0    0   0%    10M |   n/a   n/a   1    0      0    0    0   0%  81.9M    n/a  n/a
   3   63 |   7 1.0    0      0    0    0   0%    10M |   n/a   n/a   1    0      0    0    0   0%  81.9M    n/a  n/a
   0   44 |   7 1.0   16    12M  102  331  76%    10M |  99.9   n/a   1   27  1.51M    6   10  62%  81.9M    n/a  n/a
   0   45 |   7 1.0   16    12M   94  334  78%    10M |  99.9   n/a   1   27  1.26M    5   12  70%  81.9M    n/a  n/a
   0   46 |   7 1.0   16    12M   94  356  79%    10M |  99.9   n/a   1   27  1.77M    7   12  63%  81.9M    n/a  n/a
   0   47 |   7 1.0   16    12M   87  303  77%    10M |  99.9   n/a   1   27  1.53M    6   13  68%  81.9M    n/a  n/a
   0   48 |   7 1.0    0      0    0    0   0%    10M |   n/a   n/a   1    0      0    0    0   0%  81.9M    n/a  n/a
   0   49 |   7 1.0   16    12M   93  283  75%    10M |  99.9   n/a   1   27  1.52M    6   11  64%  81.9M    n/a  n/a
   0   4a |   7 1.0   16    13M   99  323  76%    10M |  99.9   n/a   1   27  1.55M    6   11  64%  81.9M    n/a  n/a
   0   4b |   7 1.0   16    12M   92  318  77%    10M |  99.9   n/a   1   27  2.00M    8   11  57%  81.9M    n/a  n/a
   1   4c |   7 1.0   19    17M  144  362  71%    10M |  99.9   n/a   1   27  1.35M    6   20  76%  81.9M    n/a  n/a
   1   4d |   7 1.0   19    18M  148  379  71%    10M |  99.9   n/a   1   27  2.49M   11   23  67%  81.9M    n/a  n/a
   1   4e |   7 1.0   19    17M  132  395  74%    10M |  99.9   n/a   1   27  2.71M   12   22  64%  81.9M    n/a  n/a
   1   4f |   7 1.0    0      0    0    0   0%    10M |   n/a   n/a   1    0      0    0    0   0%  81.9M    n/a  n/a
   1   50 |   7 1.0   19    17M  133  368  73%    10M |  99.9   n/a   1   27  1.34M    6   22  78%  81.9M    n/a  n/a
   1   51 |   7 1.0    0      0    0    0   0%    10M |   n/a   n/a   1    0      0    0    0   0%  81.9M    n/a  n/a
   1   52 |   7 1.0    0      0    0    0   0%    10M |   n/a   n/a   1    0      0    0    0   0%  81.9M    n/a  n/a
   1   53 |   7 1.0    0      0    0    0   0%    10M |   n/a   n/a   1    0      0    0    0   0%  81.9M    n/a  n/a
   2   54 |   7 1.0   16   6.7M   74  429  85%    10M |  99.9   n/a   1   27   988k    5   11  68%  81.9M    n/a  n/a
   2   55 |   7 1.0   16   7.3M   78  433  84%    10M |  99.9   n/a   1   27  1.39M    7   13  65%  81.9M    n/a  n/a
   2   56 |   7 1.0   16   7.2M   82  387  82%    10M |  99.9   n/a   1   27   980k    5   13  72%  81.9M    n/a  n/a
   2   57 |   7 1.0   16   7.3M   79  362  82%    10M |  99.9   n/a   1   27   590k    3   13  81%  81.9M    n/a  n/a
   2   58 |   7 1.0   16   7.6M   96  377  79%    10M |  99.9   n/a   1   27   992k    5   18  78%  81.9M    n/a  n/a
   2   59 |   7 1.0    0      0    0    0   0%    10M |   n/a   n/a   1    0      0    0    0   0%  81.9M    n/a  n/a
   2   5a |   7 1.0   16   7.4M   86  396  82%    10M |  99.9   n/a   1   27   197k    1   13  92%  81.9M    n/a  n/a
   2   5b |   7 1.0   16   7.0M   80  385  82%    10M |  99.9   n/a   1   27   402k    2   13  86%  81.9M    n/a  n/a
   3   5c |   7 1.0   18    13M  104  345  76%    10M |  99.9   n/a   1   27  1.27M    5   16  76%  81.9M    n/a  n/a
   3   5d |   7 1.0   18    15M  122  297  70%    10M |  99.9   n/a   1   27  1.26M    5   17  77%  81.9M    n/a  n/a
   3   5e |   7 1.0   18    14M  111  316  74%    10M |  99.9   n/a   1   27  1.26M    5   18  78%  81.9M    n/a  n/a
   3   5f |   7 1.0    0      0    0    0   0%    10M |   n/a   n/a   1    0      0    0    0   0%  81.9M    n/a  n/a
   3   60 |   7 1.0   18    16M  115  266  69%    10M |  99.9   n/a   1   27  2.02M    8   18  69%  81.9M    n/a  n/a
   3   61 |   7 1.0   18    16M  111  311  73%    10M |  99.9   n/a   1   27  1.02M    4   16  80%  81.9M    n/a  n/a
   3   62 |   7 1.0    0      0    0    0   0%    10M |   n/a   n/a   1    0      0    0    0   0%  81.9M    n/a  n/a
   3   63 |   7 1.0    0      0    0    0   0%    10M |   n/a   n/a   1    0      0    0    0   0%  81.9M    n/a  n/a

          |--------------------DL---------------------|-------------------------------UL-----------------------------
 pci rnti | cqi  ri  mcs  brate   ok  nok  (%)  dl_bs | pusch  rsrp  ri  mcs  brate   ok  nok  (%)    bsr     ta  phr
   0   44 |   7 1.0   16   9.6M   81  342  80%    10M |  99.9   n/a   1   27  1.53M    6   14  70%  81.9M    n/a  n/a
   0   45 |   7 1.0   16   9.9M   77  355  82%    10M |  99.9   n/a   1   27  1.26M    5   13  72%  81.9M    n/a  n/a
   0   46 |   7 1.0   16   9.7M   75  335  81%    10M |  99.9   n/a   1   27  1.26M    5   13  72%  81.9M    n/a  n/a
   0   47 |   7 1.0   16   9.5M   76  295  79%    10M |  99.9   n/a   1   27  1.02M    4   11  73%  81.9M    n/a  n/a
   0   48 |   7 1.0    0      0    0    0   0%    10M |   n/a   n/a   1    0      0    0    0   0%  81.9M    n/a  n/a
   0   49 |   7 1.0   16   9.5M   81  312  79%    10M |  99.9   n/a   1   27  1.26M    5   13  72%  81.9M    n/a  n/a
   0   4a |   7 1.0   16   9.3M   73  353  82%    10M |  99.9   n/a   1   27  1.77M    7   14  66%  81.9M    n/a  n/a
   0   4b |   7 1.0   16   9.8M   79  378  82%    10M |  99.9   n/a   1   27   762k    3   16  84%  81.9M    n/a  n/a
   1   4c |   7 1.0   19    20M  155  353  69%    10M |  99.9   n/a   1   27  1.81M    8   25  75%  81.9M    n/a  n/a
   1   4d |   7 1.0   19    21M  166  334  66%    10M |  99.9   n/a   1   27  2.29M   10   19  65%  81.9M    n/a  n/a
   1   4e |   7 1.0   19    19M  156  371  70%    10M |  99.9   n/a   1   27  2.22M   10   22  68%  81.9M    n/a  n/a
   1   4f |   7 1.0    0      0    0    0   0%    10M |   n/a   n/a   1    0      0    0    0   0%  81.9M    n/a  n/a
   1   50 |   7 1.0   19    18M  145  395  73%    10M |  99.9   n/a   1   27  2.49M   11   19  63%  81.9M    n/a  n/a
   1   51 |   7 1.0    0      0    0    0   0%    10M |   n/a   n/a   1    0      0    0    0   0%  81.9M    n/a  n/a
   1   52 |   7 1.0    0      0    0    0   0%    10M |   n/a   n/a   1    0      0    0    0   0%  81.9M    n/a  n/a
   1   53 |   7 1.0    0      0    0    0   0%    10M |   n/a   n/a   1    0      0    0    0   0%  81.9M    n/a  n/a
   2   54 |   7 1.0   16   9.6M  102  273  72%    10M |  99.9   n/a   1   27   603k    3   13  81%  81.9M    n/a  n/a
   2   55 |   7 1.0   17   9.8M  104  312  75%    10M |  99.9   n/a   1   27   394k    2   13  86%  81.9M    n/a  n/a
   2   56 |   7 1.0   16   9.5M  106  274  72%    10M |  99.9   n/a   1   27   795k    4   10  71%  81.9M    n/a  n/a
   2   57 |   7 1.0   17   9.5M   94  298  76%    10M |  99.9   n/a   1   27  2.18M   11   11  50%  81.9M    n/a  n/a
   2   58 |   7 1.0   16   9.2M   94  296  75%    10M |  99.9   n/a   1   27  1.61M    8   11  57%  81.9M    n/a  n/a
   2   59 |   7 1.0    0      0    0    0   0%    10M |   n/a   n/a   1    0      0    0    0   0%  81.9M    n/a  n/a
   2   5a |   7 1.0   16   8.9M   95  334  77%    10M |  99.9   n/a   1   27  1.79M    9   15  62%  81.9M    n/a  n/a
   2   5b |   7 1.0   17   9.7M   98  286  74%    10M |  99.9   n/a   1   27   590k    3   13  81%  81.9M    n/a  n/a
   3   5c |   7 1.0   18    17M  136  275  66%    10M |  99.9   n/a   1   27  1.02M    4   20  83%  81.9M    n/a  n/a
   3   5d |   7 1.0   19    16M  110  304  73%    10M |  99.9   n/a   1   27  1.75M    7   19  73%  81.9M    n/a  n/a
   3   5e |   7 1.0   18    16M  121  344  73%    10M |  99.9   n/a   1   27  2.03M    8   18  69%  81.9M    n/a  n/a
   3   5f |   7 1.0    0      0    0    0   0%    10M |   n/a   n/a   1    0      0    0    0   0%  81.9M    n/a  n/a
   3   60 |   7 1.0   18    17M  118  288  70%    10M |  99.9   n/a   1   27  2.01M    8   16  66%  81.9M    n/a  n/a
   3   61 |   7 1.0   19    17M  130  273  67%    10M |  99.9   n/a   1   27  1.28M    5   20  80%  81.9M    n/a  n/a
   3   62 |   7 1.0    0      0    0    0   0%    10M |   n/a   n/a   1    0      0    0    0   0%  81.9M    n/a  n/a
   3   63 |   7 1.0    0      0    0    0   0%    10M |   n/a   n/a   1    0      0    0    0   0%  81.9M    n/a  n/a
   0   44 |   7 1.0   16    12M  103  390  79%    10M |  99.9   n/a   1   27  1.53M    6   12  66%  81.9M    n/a  n/a
   0   45 |   7 1.0   16    11M   85  418  83%    10M |  99.9   n/a   1   27  1.51M    6   12  66%  81.9M    n/a  n/a
   0   46 |   7 1.0   16    11M   95  363  79%    10M |  99.9   n/a   1   27  1.25M    5   12  70%  81.9M    n/a  n/a
   0   47 |   7 1.0   16    11M   88  364  80%    10M |  99.9   n/a   1   27  1.27M    5   13  72%  81.9M    n/a  n/a
   0   48 |   7 1.0    0      0    0    0   0%    10M |   n/a   n/a   1    0      0    0    0   0%  81.9M    n/a  n/a
   0   49 |   7 1.0   16    11M   88  392  81%    10M |  99.9   n/a   1   27  1.26M    5   13  72%  81.9M    n/a  n/a
   0   4a |   7 1.0   16    12M   92  316  77%    10M |  99.9   n/a   1   27  1.28M    5   12  70%  81.9M    n/a  n/a
   0   4b |   7 1.0   16    11M   88  316  78%    10M |  99.9   n/a   1   27  1.28M    5   12  70%  81.9M    n/a  n/a
   1   4c |   7 1.0   19    20M  144  350  70%    10M |  99.9   n/a   1   27  1.81M    8   20  71%  81.9M    n/a  n/a
   1   4d |   7 1.0   19    20M  153  341  69%    10M |  99.9   n/a   1   27  1.79M    8   26  76%  81.9M    n/a  n/a
   1   4e |   7 1.0   19    19M  152  332  68%    10M |  99.9   n/a   1   27  2.45M   11   24  68%  81.9M    n/a  n/a
   1   4f |   7 1.0    0      0    0    0   0%    10M |   n/a   n/a   1    0      0    0    0   0%  81.9M    n/a  n/a
   1   50 |   7 1.0   19    18M  132  383  74%    10M |  99.9   n/a   1   27  2.49M   11   25  69%  81.9M    n/a  n/a
   1   51 |   7 1.0    0      0    0    0   0%    10M |   n/a   n/a   1    0      0    0    0   0%  81.9M    n/a  n/a
   1   52 |   7 1.0    0      0    0    0   0%    10M |   n/a   n/a   1    0      0    0    0   0%  81.9M    n/a  n/a
   1   53 |   7 1.0    0      0    0    0   0%    10M |   n/a   n/a   1    0      0    0    0   0%  81.9M    n/a  n/a
   2   54 |   7 1.0   17   8.0M   85  293  77%    10M |  99.9   n/a   1   27  1.60M    8   11  57%  81.9M    n/a  n/a
   2   55 |   7 1.0   17   7.8M   87  262  75%    10M |  99.9   n/a   1   27  1.19M    6   12  66%  81.9M    n/a  n/a
   2   56 |   7 1.0   17   8.1M   81  291  78%    10M |  99.9   n/a   1   27  1.59M    8   16  66%  81.9M    n/a  n/a
   2   57 |   7 1.0   17   8.2M   92  309  77%    10M |  99.9   n/a   1   27   197k    1   14  93%  81.9M    n/a  n/a
   2   58 |   7 1.0   16   7.4M   79  347  81%    10M |  99.9   n/a   1   27   799k    4   16  80%  81.9M    n/a  n/a
   2   59 |   7 1.0    0      0    0    0   0%    10M |   n/a   n/a   1    0      0    0    0   0%  81.9M    n/a  n/a
   2   5a |   7 1.0   17   7.6M   72  319  81%    10M |   n/a   n/a   1   27      0    0   12 100%  81.9M    n/a  n/a
   2   5b |   7 1.0   17   8.0M   79  297  78%    10M |  99.9   n/a   1   27   799k    4   16  80%  81.9M    n/a  n/a
   3   5c |   7 1.0   19    17M  138  353  71%    10M |  99.9   n/a   1   27  1.78M    7   16  69%  81.9M    n/a  n/a
   3   5d |   7 1.0   19    17M  125  322  72%    10M |  99.9   n/a   1   27  1.77M    7   16  69%  81.9M    n/a  n/a
   3   5e |   7 1.0   19    18M  128  302  70%    10M |  99.9   n/a   1   27  1.01M    4   20  83%  81.9M    n/a  n/a
   3   5f |   7 1.0    0      0    0    0   0%    10M |   n/a   n/a   1    0      0    0    0   0%  81.9M    n/a  n/a
   3   60 |   7 1.0   19    17M  122  324  72%    10M |  99.9   n/a   1   27  1.52M    6   20  76%  81.9M    n/a  n/a
   3   61 |   7 1.0   19    18M  120  293  70%    10M |  99.9   n/a   1   27  1.50M    6   16  72%  81.9M    n/a  n/a
   3   62 |   7 1.0    0      0    0    0   0%    10M |   n/a   n/a   1    0      0    0    0   0%  81.9M    n/a  n/a
   3   63 |   7 1.0    0      0    0    0   0%    10M |   n/a   n/a   1    0      0    0    0   0%  81.9M    n/a  n/a
   0   44 |   7 1.0   16   9.3M   74  356  82%    10M |  99.9   n/a   1   27   758k    3   16  84%  81.9M    n/a  n/a
   0   45 |   7 1.0   16   9.5M   74  405  84%    10M |  99.9   n/a   1   27   754k    3   15  83%  81.9M    n/a  n/a
   0   46 |   7 1.0   17   9.4M   72  356  83%    10M |  99.9   n/a   1   27  1.27M    5   14  73%  81.9M    n/a  n/a
   0   47 |   7 1.0   17   9.3M   75  361  82%    10M |  99.9   n/a   1   27   758k    3   13  81%  81.9M    n/a  n/a
   0   48 |   7 1.0    0      0    0    0   0%    10M |   n/a   n/a   1    0      0    0    0   0%  81.9M    n/a  n/a
   0   49 |   7 1.0   17   9.2M   70  316  81%    10M |  99.9   n/a   1   27   758k    3   15  83%  81.9M    n/a  n/a
   0   4a |   7 1.0   16   9.3M   72  347  82%    10M |  99.9   n/a   1   27  1.26M    5   13  72%  81.9M    n/a  n/a
   0   4b |   7 1.0   16   9.3M   72  345  82%    10M |  99.9   n/a   1   27   996k    4   14  77%  81.9M    n/a  n/a
   1   4c |   7 1.0   19    20M  151  358  70%    10M |  99.9   n/a   1   27  2.28M   10   25  71%  81.9M    n/a  n/a
   1   4d |   7 1.0   19    21M  158  298  65%    10M |  99.9   n/a   1   27  2.25M   10   21  67%  81.9M    n/a  n/a
   1   4e |   7 1.0   19    20M  156  319  67%    10M |  99.9   n/a   1   27  1.14M    5   20  80%  81.9M    n/a  n/a
   1   4f |   7 1.0    0      0    0    0   0%    10M |   n/a   n/a   1    0      0    0    0   0%  81.9M    n/a  n/a
   1   50 |   7 1.0   19    20M  151  368  70%    10M |  99.9   n/a   1   27  2.48M   11   20  64%  81.9M    n/a  n/a
   1   51 |   7 1.0    0      0    0    0   0%    10M |   n/a   n/a   1    0      0    0    0   0%  81.9M    n/a  n/a
   1   52 |   7 1.0    0      0    0    0   0%    10M |   n/a   n/a   1    0      0    0    0   0%  81.9M    n/a  n/a
   1   53 |   7 1.0    0      0    0    0   0%    10M |   n/a   n/a   1    0      0    0    0   0%  81.9M    n/a  n/a
   2   54 |   7 1.0   17   9.8M  100  275  73%    10M |  99.9   n/a   1   27   205k    1   12  92%  81.9M    n/a  n/a
   2   55 |   7 1.0   17   9.7M   98  279  74%    10M |  99.9   n/a   1   27  1.18M    6   17  73%  81.9M    n/a  n/a
   2   56 |   7 1.0   17   9.5M   91  263  74%    10M |  99.9   n/a   1   27   402k    2    9  81%  81.9M    n/a  n/a
   2   57 |   7 1.0   17   9.8M  105  288  73%    10M |  99.9   n/a   1   27  1.79M    9   11  55%  81.9M    n/a  n/a
   2   58 |   7 1.0   17   9.9M   94  246  72%    10M |  99.9   n/a   1   27  1.20M    6   13  68%  81.9M    n/a  n/a
   2   59 |   7 1.0    0      0    0    0   0%    10M |   n/a   n/a   1    0      0    0    0   0%  81.9M    n/a  n/a
   2   5a |   7 1.0   17   9.6M   95  262  73%    10M |  99.9   n/a   1   27  1.61M    8   10  55%  81.9M    n/a  n/a
   2   5b |   7 1.0   17   9.6M  107  289  72%    10M |  99.9   n/a   1   27  1.59M    8   11  57%  81.9M    n/a  n/a

          |--------------------DL---------------------|-------------------------------UL-----------------------------
 pci rnti | cqi  ri  mcs  brate   ok  nok  (%)  dl_bs | pusch  rsrp  ri  mcs  brate   ok  nok  (%)    bsr     ta  phr
   3   5c |   7 1.0   19    17M  121  332  73%    10M |  99.9   n/a   1   27  1.76M    7   20  74%  81.9M    n/a  n/a
   3   5d |   7 1.0   19    19M  136  276  66%    10M |  99.9   n/a   1   27  1.77M    7   20  74%  81.9M    n/a  n/a
   3   5e |   7 1.0   19    18M  124  266  68%    10M |  99.9   n/a   1   27  2.02M    8   16  66%  81.9M    n/a  n/a
   3   5f |   7 1.0    0      0    0    0   0%    10M |   n/a   n/a   1    0      0    0    0   0%  81.9M    n/a  n/a
   3   60 |   7 1.0   19    18M  131  291  68%    10M |  99.9   n/a   1   27   750k    3   20  86%  81.9M    n/a  n/a
   3   61 |   7 1.0   19    17M  130  310  70%    10M |  99.9   n/a   1   27  2.02M    8   20  71%  81.9M    n/a  n/a
   3   62 |   7 1.0    0      0    0    0   0%    10M |   n/a   n/a   1    0      0    0    0   0%  81.9M    n/a  n/a
   3   63 |   7 1.0    0      0    0    0   0%    10M |   n/a   n/a   1    0      0    0    0   0%  81.9M    n/a  n/a
   0   44 |   7 1.0   17    13M  104  384  78%    10M |  99.9   n/a   1   27  1.28M    5   11  68%  81.9M    n/a  n/a
   0   45 |   7 1.0   17    12M   90  281  75%    10M |  99.9   n/a   1   27  2.03M    8    9  52%  81.9M    n/a  n/a
   0   46 |   7 1.0   17    13M   85  344  80%    10M |  99.9   n/a   1   27   992k    4   12  75%  81.9M    n/a  n/a
   0   47 |   7 1.0   17    12M   91  300  76%    10M |  99.9   n/a   1   27  1.01M    4   11  73%  81.9M    n/a  n/a
   0   48 |   7 1.0    0      0    0    0   0%    10M |   n/a   n/a   1    0      0    0    0   0%  81.9M    n/a  n/a
   0   49 |   7 1.0   17    12M   95  308  76%    10M |  99.9   n/a   1   27  2.27M    9   13  59%  81.9M    n/a  n/a
   0   4a |   7 1.0   17    12M   94  310  76%    10M |  99.9   n/a   1   27  2.03M    8   12  60%  81.9M    n/a  n/a
   0   4b |   7 1.0   17    12M   88  311  77%    10M |  99.9   n/a   1   27  1.27M    5   12  70%  81.9M    n/a  n/a
   1   4c |   7 1.0   19    18M  131  408  75%    10M |  99.9   n/a   1   27  2.74M   12   20  62%  81.9M    n/a  n/a
   1   4d |   7 1.0   19    20M  159  332  67%    10M |  99.9   n/a   1   27  1.79M    8   24  75%  81.9M    n/a  n/a
   1   4e |   7 1.0   19    19M  150  325  68%    10M |  99.9   n/a   1   27  1.81M    8   25  75%  81.9M    n/a  n/a
   1   4f |   7 1.0    0      0    0    0   0%    10M |   n/a   n/a   1    0      0    0    0   0%  81.9M    n/a  n/a
   1   50 |   7 1.0   19    19M  143  371  72%    10M |  99.9   n/a   1   27  1.54M    7   25  78%  81.9M    n/a  n/a
   1   51 |   7 1.0    0      0    0    0   0%    10M |   n/a   n/a   1    0      0    0    0   0%  81.9M    n/a  n/a
   1   52 |   7 1.0    0      0    0    0   0%    10M |   n/a   n/a   1    0      0    0    0   0%  81.9M    n/a  n/a
   1   53 |   7 1.0    0      0    0    0   0%    10M |   n/a   n/a   1    0      0    0    0   0%  81.9M    n/a  n/a
   2   54 |   7 1.0   17   8.0M   87  286  76%    10M |  99.9   n/a   1   27  1.00M    5   14  73%  81.9M    n/a  n/a
   2   55 |   7 1.0   17   8.1M   82  263  76%    10M |   n/a   n/a   1   27      0    0   11 100%  81.9M    n/a  n/a
   2   56 |   7 1.0   17   8.3M   90  312  77%    10M |  99.9   n/a   1   27  1.59M    8   14  63%  81.9M    n/a  n/a
   2   57 |   7 1.0   17   8.3M   85  282  76%    10M |  99.9   n/a   1   27  1.61M    8   14  63%  81.9M    n/a  n/a
   2   58 |   7 1.0   17   8.3M   86  317  78%    10M |  99.9   n/a   1   27  1.01M    5   11  68%  81.9M    n/a  n/a
   2   59 |   7 1.0    0      0    0    0   0%    10M |   n/a   n/a   1    0      0    0    0   0%  81.9M    n/a  n/a
   2   5a |   7 1.0   17   8.5M   81  279  77%    10M |  99.9   n/a   1   27  1.18M    6   16  72%  81.9M    n/a  n/a
   2   5b |   7 1.0   17   8.0M   82  348  80%    10M |  99.9   n/a   1   27   594k    3   14  82%  81.9M    n/a  n/a
   3   5c |   7 1.0   19    19M  137  279  67%    10M |  99.9   n/a   1   27  2.54M   10   16  61%  81.9M    n/a  n/a
   3   5d |   7 1.0   19    19M  131  282  68%    10M |  99.9   n/a   1   27  2.27M    9   16  64%  81.9M    n/a  n/a
   3   5e |   7 1.0   19    18M  120  276  69%    10M |  99.9   n/a   1   27  1.25M    5   20  80%  81.9M    n/a  n/a
   3   5f |   7 1.0    0      0    0    0   0%    10M |   n/a   n/a   1    0      0    0    0   0%  81.9M    n/a  n/a
   3   60 |   7 1.0   19    19M  130  293  69%    10M |  99.9   n/a   1   27  2.29M    9   16  64%  81.9M    n/a  n/a
   3   61 |   7 1.0   19    19M  131  293  69%    10M |  99.9   n/a   1   27  2.55M   10   16  61%  81.9M    n/a  n/a
   3   62 |   7 1.0    0      0    0    0   0%    10M |   n/a   n/a   1    0      0    0    0   0%  81.9M    n/a  n/a
   3   63 |   7 1.0    0      0    0    0   0%    10M |   n/a   n/a   1    0      0    0    0   0%  81.9M    n/a  n/a
   0   44 |   7 1.0   17    11M   78  333  81%    10M |  99.9   n/a   1   27  1.27M    5   11  68%  81.9M    n/a  n/a
   0   45 |   7 1.0   17    11M   86  384  81%    10M |  99.9   n/a   1   27   758k    3   12  80%  81.9M    n/a  n/a
   0   46 |   7 1.0   17    11M   93  351  79%    10M |  99.9   n/a   1   27  1.51M    6   13  68%  81.9M    n/a  n/a
   0   47 |   7 1.0   17    10M   85  333  79%    10M |  99.9   n/a   1   27  1.01M    4   13  76%  81.9M    n/a  n/a
   0   48 |   7 1.0    0      0    0    0   0%    10M |   n/a   n/a   1    0      0    0    0   0%  81.9M    n/a  n/a
   0   49 |   7 1.0   17    11M   82  333  80%    10M |  99.9   n/a   1   27  1.26M    5   11  68%  81.9M    n/a  n/a
   0   4a |   7 1.0   17    11M   80  364  81%    10M |  99.9   n/a   1   27  1.00M    4   10  71%  81.9M    n/a  n/a
   0   4b |   7 1.0   17    11M   85  376  81%    10M |  99.9   n/a   1   27  1.51M    6   12  66%  81.9M    n/a  n/a
   1   4c |   7 1.0   19    22M  163  307  65%    10M |  99.9   n/a   1   27  2.50M   11   25  69%  81.9M    n/a  n/a
   1   4d |   7 1.0   19    21M  160  322  66%    10M |  99.9   n/a   1   27  3.86M   17   20  54%  81.9M    n/a  n/a
   1   4e |   7 1.0   19    21M  163  323  66%    10M |  99.9   n/a   1   27  2.48M   11   19  63%  81.9M    n/a  n/a
   1   4f |   7 1.0    0      0    0    0   0%    10M |   n/a   n/a   1    0      0    0    0   0%  81.9M    n/a  n/a
   1   50 |   7 1.0   19    21M  156  337  68%    10M |  99.9   n/a   1   27  3.34M   15   21  58%  81.9M    n/a  n/a
   1   51 |   7 1.0    0      0    0    0   0%    10M |   n/a   n/a   1    0      0    0    0   0%  81.9M    n/a  n/a
   1   52 |   7 1.0    0      0    0    0   0%    10M |   n/a   n/a   1    0      0    0    0   0%  81.9M    n/a  n/a
   1   53 |   7 1.0    0      0    0    0   0%    10M |   n/a   n/a   1    0      0    0    0   0%  81.9M    n/a  n/a
   2   54 |   7 1.0   17   9.8M  107  313  74%    10M |  99.9   n/a   1   27  1.41M    7   11  61%  81.9M    n/a  n/a
   2   55 |   7 1.0   17   9.6M   92  288  75%    10M |  99.9   n/a   1   27  1.98M   10   14  58%  81.9M    n/a  n/a
   2   56 |   7 1.0   17   9.7M   99  303  75%    10M |  99.9   n/a   1   27   984k    5   15  75%  81.9M    n/a  n/a
   2   57 |   7 1.0   17   9.8M   99  281  73%    10M |  99.9   n/a   1   27   586k    3    9  75%  81.9M    n/a  n/a
   2   58 |   7 1.0   17   9.5M   99  306  75%    10M |  99.9   n/a   1   27   795k    4   13  76%  81.9M    n/a  n/a
   2   59 |   7 1.0    0      0    0    0   0%    10M |   n/a   n/a   1    0      0    0    0   0%  81.9M    n/a  n/a
   2   5a |   7 1.0   17   9.9M  100  286  74%    10M |  99.9   n/a   1   27  1.78M    9   12  57%  81.9M    n/a  n/a
   2   5b |   7 1.0   17   9.9M  111  292  72%    10M |  99.9   n/a   1   27  2.41M   12   12  50%  81.9M    n/a  n/a
   3   5c |   7 1.0   19    16M  122  319  72%    10M |  99.9   n/a   1   27  2.28M    9   20  68%  81.9M    n/a  n/a
   3   5d |   7 1.0   19    18M  131  327  71%    10M |  99.9   n/a   1   27  2.27M    9   20  68%  81.9M    n/a  n/a
   3   5e |   7 1.0   19    18M  123  312  71%    10M |  99.9   n/a   1   27  3.27M   13   16  55%  81.9M    n/a  n/a
   3   5f |   7 1.0    0      0    0    0   0%    10M |   n/a   n/a   1    0      0    0    0   0%  81.9M    n/a  n/a
   3   60 |   7 1.0   19    19M  136  307  69%    10M |  99.9   n/a   1   27  1.77M    7   18  72%  81.9M    n/a  n/a
   3   61 |   7 1.0   19    18M  129  328  71%    10M |  99.9   n/a   1   27  2.28M    9   20  68%  81.9M    n/a  n/a
   3   62 |   7 1.0    0      0    0    0   0%    10M |   n/a   n/a   1    0      0    0    0   0%  81.9M    n/a  n/a
   3   63 |   7 1.0    0      0    0    0   0%    10M |   n/a   n/a   1    0      0    0    0   0%  81.9M    n/a  n/a
   0   44 |   7 1.0   17   9.6M   74  404  84%    10M |  99.9   n/a   1   27  1.04M    4   15  78%  81.9M    n/a  n/a
   0   45 |   7 1.0   17    10M   76  363  82%    10M |  99.9   n/a   1   27  1.01M    4   14  77%  81.9M    n/a  n/a
   0   46 |   7 1.0   17   9.9M   75  434  85%    10M |  99.9   n/a   1   27  1.52M    6   14  70%  81.9M    n/a  n/a
   0   47 |   7 1.0   17   9.8M   75  370  83%    10M |  99.9   n/a   1   27  1.00M    4   14  77%  81.9M    n/a  n/a
   0   48 |   7 1.0    0      0    0    0   0%    10M |   n/a   n/a   1    0      0    0    0   0%  81.9M    n/a  n/a
   0   49 |   7 1.0   17   9.8M   69  359  83%    10M |  99.9   n/a   1   27  1.03M    4   14  77%  81.9M    n/a  n/a
   0   4a |   7 1.0   17   9.9M   79  404  83%    10M |  99.9   n/a   1   27  1.00M    4   14  77%  81.9M    n/a  n/a
   0   4b |   7 1.0   17   9.8M   75  389  83%    10M |  99.9   n/a   1   27  1.53M    6   13  68%  81.9M    n/a  n/a
   1   4c |   7 1.0   19    18M  142  382  72%    10M |  99.9   n/a   1   27  1.59M    7   20  74%  81.9M    n/a  n/a
   1   4d |   7 1.0   19    20M  162  351  68%    10M |  99.9   n/a   1   27  2.48M   11   23  67%  81.9M    n/a  n/a
   1   4e |   7 1.0   19    18M  140  397  73%    10M |   n/a   n/a   1   27      0    0   24 100%  81.9M    n/a  n/a
   1   4f |   7 1.0    0      0    0    0   0%    10M |   n/a   n/a   1    0      0    0    0   0%  81.9M    n/a  n/a
   1   50 |   7 1.0   19    17M  126  398  75%    10M |  99.9   n/a   1   27  1.78M    8   17  68%  81.9M    n/a  n/a
   1   51 |   7 1.0    0      0    0    0   0%    10M |   n/a   n/a   1    0      0    0    0   0%  81.9M    n/a  n/a
   1   52 |   7 1.0    0      0    0    0   0%    10M |   n/a   n/a   1    0      0    0    0   0%  81.9M    n/a  n/a
   1   53 |   7 1.0    0      0    0    0   0%    10M |   n/a   n/a   1    0      0    0    0   0%  81.9M    n/a  n/a

          |--------------------DL---------------------|-------------------------------UL-----------------------------
 pci rnti | cqi  ri  mcs  brate   ok  nok  (%)  dl_bs | pusch  rsrp  ri  mcs  brate   ok  nok  (%)    bsr     ta  phr
   2   54 |   7 1.0   17   7.5M   83  342  80%    10M |  99.9   n/a   1   27  1.19M    6   12  66%  81.9M    n/a  n/a
   2   55 |   7 1.0   17   8.0M   82  322  79%    10M |  99.9   n/a   1   27   803k    4   10  71%  81.9M    n/a  n/a
   2   56 |   7 1.0   17   8.0M   77  326  80%    10M |  99.9   n/a   1   27   984k    5   11  68%  81.9M    n/a  n/a
   2   57 |   7 1.0   17   8.2M   92  332  78%    10M |   n/a   n/a   1   27      0    0   14 100%  81.9M    n/a  n/a
   2   58 |   7 1.0   17   8.0M   82  292  78%    10M |  99.9   n/a   1   27  1.20M    6   15  71%  81.9M    n/a  n/a
   2   59 |   7 1.0    0      0    0    0   0%    10M |   n/a   n/a   1    0      0    0    0   0%  81.9M    n/a  n/a
   2   5a |   7 1.0   17   8.4M   84  305  78%    10M |   n/a   n/a   1   27      0    0    8 100%  81.9M    n/a  n/a
   2   5b |   7 1.0   17   8.1M   79  295  78%    10M |  99.9   n/a   1   27   795k    4   13  76%  81.9M    n/a  n/a
   3   5c |   7 1.0   19    17M  117  292  71%    10M |  99.9   n/a   1   27  1.53M    6   16  72%  81.9M    n/a  n/a
   3   5d |   7 1.0   19    17M  126  340  72%    10M |  99.9   n/a   1   27  1.52M    6   16  72%  81.9M    n/a  n/a
   3   5e |   7 1.0   19    16M  104  341  76%    10M |  99.9   n/a   1   27   758k    3   16  84%  81.9M    n/a  n/a
   3   5f |   7 1.0    0      0    0    0   0%    10M |   n/a   n/a   1    0      0    0    0   0%  81.9M    n/a  n/a
   3   60 |   7 1.0   19    18M  129  300  69%    10M |  99.9   n/a   1   27  1.78M    7   18  72%  81.9M    n/a  n/a
   3   61 |   7 1.0   19    17M  121  317  72%    10M |  99.9   n/a   1   27  1.27M    5   16  76%  81.9M    n/a  n/a
   3   62 |   7 1.0    0      0    0    0   0%    10M |   n/a   n/a   1    0      0    0    0   0%  81.9M    n/a  n/a
   3   63 |   7 1.0    0      0    0    0   0%    10M |   n/a   n/a   1    0      0    0    0   0%  81.9M    n/a  n/a
   0   44 |   7 1.0   17    12M   91  324  78%    10M |  99.9   n/a   1   27   767k    3   11  78%  81.9M    n/a  n/a
   0   45 |   7 1.0   17    12M   84  337  80%    10M |  99.9   n/a   1   27  1.26M    5   12  70%  81.9M    n/a  n/a
   0   46 |   7 1.0   17    12M   88  342  79%    10M |  99.9   n/a   1   27  1.26M    5   13  72%  81.9M    n/a  n/a
   0   47 |   7 1.0   17    12M   83  295  78%    10M |  99.9   n/a   1   27  1.27M    5   11  68%  81.9M    n/a  n/a
   0   48 |   7 1.0    0      0    0    0   0%    10M |   n/a   n/a   1    0      0    0    0   0%  81.9M    n/a  n/a
   0   49 |   7 1.0   17    12M   83  321  79%    10M |  99.9   n/a   1   27  1.25M    5   12  70%  81.9M    n/a  n/a
   0   4a |   7 1.0   17    12M   88  301  77%    10M |  99.9   n/a   1   27  1.02M    4   10  71%  81.9M    n/a  n/a
   0   4b |   7 1.0   17    11M   80  298  78%    10M |  99.9   n/a   1   27   754k    3   11  78%  81.9M    n/a  n/a
   1   4c |   7 1.0   19    18M  135  406  75%    10M |  99.9   n/a   1   27  1.82M    8   21  72%  81.9M    n/a  n/a
   1   4d |   7 1.0   19    18M  135  385  74%    10M |  99.9   n/a   1   27  2.02M    9   23  71%  81.9M    n/a  n/a
   1   4e |   7 1.0   19    18M  136  376  73%    10M |  99.9   n/a   1   27  1.54M    7   24  77%  81.9M    n/a  n/a
   1   4f |   7 1.0    0      0    0    0   0%    10M |   n/a   n/a   1    0      0    0    0   0%  81.9M    n/a  n/a
   1   50 |   7 1.0   19    17M  133  433  76%    10M |  99.9   n/a   1   27  1.79M    8   24  75%  81.9M    n/a  n/a
   1   51 |   7 1.0    0      0    0    0   0%    10M |   n/a   n/a   1    0      0    0    0   0%  81.9M    n/a  n/a
   1   52 |   7 1.0    0      0    0    0   0%    10M |   n/a   n/a   1    0      0    0    0   0%  81.9M    n/a  n/a
   1   53 |   7 1.0    0      0    0    0   0%    10M |   n/a   n/a   1    0      0    0    0   0%  81.9M    n/a  n/a
   2   54 |   7 1.0   17   8.0M   80  298  78%    10M |  99.9   n/a   1   27   406k    2   15  88%  81.9M    n/a  n/a
   2   55 |   7 1.0   18   8.8M   91  265  74%    10M |  99.9   n/a   1   27   799k    4   16  80%  81.9M    n/a  n/a
   2   56 |   7 1.0   17   8.2M   84  289  77%    10M |  99.9   n/a   1   27   799k    4   13  76%  81.9M    n/a  n/a
   2   57 |   7 1.0   18   9.0M   97  231  70%    10M |  99.9   n/a   1   27  2.39M   12   15  55%  81.9M    n/a  n/a
   2   58 |   7 1.0   17   8.3M   84  283  77%    10M |  99.9   n/a   1   27   394k    2    7  77%  81.9M    n/a  n/a
   2   59 |   7 1.0    0      0    0    0   0%    10M |   n/a   n/a   1    0      0    0    0   0%  81.9M    n/a  n/a
   2   5a |   7 1.0   17   9.0M  100  246  71%    10M |  99.9   n/a   1   27  1.78M    9   16  64%  81.9M    n/a  n/a
   2   5b |   7 1.0   18   8.8M   87  268  75%    10M |  99.9   n/a   1   27  1.20M    6   10  62%  81.9M    n/a  n/a
   3   5c |   7 1.0   19    16M  120  343  74%    10M |  99.9   n/a   1   27  1.51M    6   17  73%  81.9M    n/a  n/a
   3   5d |   7 1.0   19    17M  129  327  71%    10M |  99.9   n/a   1   27  1.51M    6   20  76%  81.9M    n/a  n/a
   3   5e |   7 1.0   19    17M  123  308  71%    10M |  99.9   n/a   1   27  1.26M    5   20  80%  81.9M    n/a  n/a
   3   5f |   7 1.0    0      0    0    0   0%    10M |   n/a   n/a   1    0      0    0    0   0%  81.9M    n/a  n/a
   3   60 |   7 1.0   19    16M  116  305  72%    10M |  99.9   n/a   1   27  1.78M    7   16  69%  81.9M    n/a  n/a
   3   61 |   7 1.0   19    17M  121  324  72%    10M |  99.9   n/a   1   27  1.52M    6   18  75%  81.9M    n/a  n/a
   3   62 |   7 1.0    0      0    0    0   0%    10M |   n/a   n/a   1    0      0    0    0   0%  81.9M    n/a  n/a
   3   63 |   7 1.0    0      0    0    0   0%    10M |   n/a   n/a   1    0      0    0    0   0%  81.9M    n/a  n/a
   0   44 |   7 1.0   17    10M   78  300  79%    10M |  99.9   n/a   1   27  1.28M    5   14  73%  81.9M    n/a  n/a
   0   45 |   7 1.0   17    10M   74  314  80%    10M |  99.9   n/a   1   27  1.00M    4   12  75%  81.9M    n/a  n/a
   0   46 |   7 1.0   17   9.5M   77  292  79%    10M |  99.9   n/a   1   27  1.01M    4   11  73%  81.9M    n/a  n/a
   0   47 |   7 1.0   17   9.2M   73  321  81%    10M |  99.9   n/a   1   27  1.01M    4   13  76%  81.9M    n/a  n/a
   0   48 |   7 1.0    0      0    0    0   0%    10M |   n/a   n/a   1    0      0    0    0   0%  81.9M    n/a  n/a
   0   49 |   7 1.0   17   9.9M   75  320  81%    10M |  99.9   n/a   1   27  1.52M    6   11  64%  81.9M    n/a  n/a
   0   4a |   7 1.0   17    10M   82  301  78%    10M |  99.9   n/a   1   27   996k    4   16  80%  81.9M    n/a  n/a
   0   4b |   7 1.0   17    10M   78  311  79%    10M |  99.9   n/a   1   27  1.01M    4   13  76%  81.9M    n/a  n/a
   1   4c |   7 1.0   19    21M  171  345  66%    10M |  99.9   n/a   1   27  2.71M   12   24  66%  81.9M    n/a  n/a
   1   4d |   7 1.0   19    20M  156  333  68%    10M |  99.9   n/a   1   27  2.91M   13   20  60%  81.9M    n/a  n/a
   1   4e |   7 1.0   19    19M  141  324  69%    10M |  99.9   n/a   1   27   901k    4   21  84%  81.9M    n/a  n/a
   1   4f |   7 1.0    0      0    0    0   0%    10M |   n/a   n/a   1    0      0    0    0   0%  81.9M    n/a  n/a
   1   50 |   7 1.0   19    20M  149  311  67%    10M |  99.9   n/a   1   27  2.00M    9   19  67%  81.9M    n/a  n/a
   1   51 |   7 1.0    0      0    0    0   0%    10M |   n/a   n/a   1    0      0    0    0   0%  81.9M    n/a  n/a
   1   52 |   7 1.0    0      0    0    0   0%    10M |   n/a   n/a   1    0      0    0    0   0%  81.9M    n/a  n/a
   1   53 |   7 1.0    0      0    0    0   0%    10M |   n/a   n/a   1    0      0    0    0   0%  81.9M    n/a  n/a
   2   54 |   7 1.0   18    11M   98  253  72%    10M |  99.9   n/a   1   27  1.98M   10   12  54%  81.9M    n/a  n/a
   2   55 |   7 1.0   18    11M  108  304  73%    10M |  99.9   n/a   1   27  1.22M    6   13  68%  81.9M    n/a  n/a
   2   56 |   7 1.0   18    11M  112  235  67%    10M |  99.9   n/a   1   27  1.40M    7   13  65%  81.9M    n/a  n/a
   2   57 |   7 1.0   18    10M  108  274  71%    10M |  99.9   n/a   1   27  1.39M    7   12  63%  81.9M    n/a  n/a
   2   58 |   7 1.0   18    10M  118  281  70%    10M |  99.9   n/a   1   27  1.19M    6   12  66%  81.9M    n/a  n/a
   2   59 |   7 1.0    0      0    0    0   0%    10M |   n/a   n/a   1    0      0    0    0   0%  81.9M    n/a  n/a
   2   5a |   7 1.0   18    10M  103  289  73%    10M |  99.9   n/a   1   27  1.58M    8   13  61%  81.9M    n/a  n/a
   2   5b |   7 1.0   18    10M   95  246  72%    10M |  99.9   n/a   1   27   783k    4   11  73%  81.9M    n/a  n/a
   3   5c |   7 1.0   19    17M  123  279  69%    10M |  99.9   n/a   1   27  2.53M   10   19  65%  81.9M    n/a  n/a
   3   5d |   7 1.0   19    18M  133  311  70%    10M |  99.9   n/a   1   27  2.28M    9   16  64%  81.9M    n/a  n/a
   3   5e |   7 1.0   19    17M  121  279  69%    10M |  99.9   n/a   1   27  1.52M    6   16  72%  81.9M    n/a  n/a
   3   5f |   7 1.0    0      0    0    0   0%    10M |   n/a   n/a   1    0      0    0    0   0%  81.9M    n/a  n/a
   3   60 |   7 1.0   19    17M  117  292  71%    10M |  99.9   n/a   1   27  1.78M    7   20  74%  81.9M    n/a  n/a
   3   61 |   7 1.0   19    18M  135  265  66%    10M |  99.9   n/a   1   27  2.52M   10   18  64%  81.9M    n/a  n/a
   3   62 |   7 1.0    0      0    0    0   0%    10M |   n/a   n/a   1    0      0    0    0   0%  81.9M    n/a  n/a
   3   63 |   7 1.0    0      0    0    0   0%    10M |   n/a   n/a   1    0      0    0    0   0%  81.9M    n/a  n/a
   0   44 |   7 1.0   17    12M   90  343  79%    10M |  99.9   n/a   1   27  1.29M    5   13  72%  81.9M    n/a  n/a
   0   45 |   7 1.0   17    12M  100  274  73%    10M |  99.9   n/a   1   27  1.76M    7   12  63%  81.9M    n/a  n/a
   0   46 |   7 1.0   17    12M   92  288  75%    10M |  99.9   n/a   1   27  2.02M    8   13  61%  81.9M    n/a  n/a
   0   47 |   7 1.0   17    12M   97  301  75%    10M |  99.9   n/a   1   27  1.27M    5   14  73%  81.9M    n/a  n/a
   0   48 |   7 1.0    0      0    0    0   0%    10M |   n/a   n/a   1    0      0    0    0   0%  81.9M    n/a  n/a
   0   49 |   7 1.0   18    13M   95  285  75%    10M |  99.9   n/a   1   27  1.27M    5   12  70%  81.9M    n/a  n/a
   0   4a |   7 1.0   17    12M   90  343  79%    10M |  99.9   n/a   1   27  1.51M    6   13  68%  81.9M    n/a  n/a
   0   4b |   7 1.0   17    13M   97  281  74%    10M |  99.9   n/a   1   27   516k    2   13  86%  81.9M    n/a  n/a

          |--------------------DL---------------------|-------------------------------UL-----------------------------
 pci rnti | cqi  ri  mcs  brate   ok  nok  (%)  dl_bs | pusch  rsrp  ri  mcs  brate   ok  nok  (%)    bsr     ta  phr
   1   4c |   7 1.0   19    19M  136  320  70%    10M |  99.9   n/a   1   27  1.80M    8   20  71%  81.9M    n/a  n/a
   1   4d |   7 1.0   19    20M  158  310  66%    10M |  99.9   n/a   1   27  2.25M   10   23  69%  81.9M    n/a  n/a
   1   4e |   7 1.0   19    19M  148  361  70%    10M |  99.9   n/a   1   27  2.25M   10   27  72%  81.9M    n/a  n/a
   1   4f |   7 1.0    0      0    0    0   0%    10M |   n/a   n/a   1    0      0    0    0   0%  81.9M    n/a  n/a
   1   50 |   7 1.0   19    19M  141  354  71%    10M |  99.9   n/a   1   27  2.02M    9   25  73%  81.9M    n/a  n/a
   1   51 |   7 1.0    0      0    0    0   0%    10M |   n/a   n/a   1    0      0    0    0   0%  81.9M    n/a  n/a
   1   52 |   7 1.0    0      0    0    0   0%    10M |   n/a   n/a   1    0      0    0    0   0%  81.9M    n/a  n/a
   1   53 |   7 1.0    0      0    0    0   0%    10M |   n/a   n/a   1    0      0    0    0   0%  81.9M    n/a  n/a
   2   54 |   7 1.0   18   9.4M   89  311  77%    10M |   n/a   n/a   1   27      0    0   11 100%  81.9M    n/a  n/a
   2   55 |   7 1.0   18   9.1M   91  302  76%    10M |  99.9   n/a   1   27   594k    3   11  78%  81.9M    n/a  n/a
   2   56 |   7 1.0   18   9.3M   91  245  72%    10M |  99.9   n/a   1   27   402k    2   17  89%  81.9M    n/a  n/a
   2   57 |   7 1.0   18   9.4M   95  255  72%    10M |  99.9   n/a   1   27  1.60M    8    8  50%  81.9M    n/a  n/a
   2   58 |   7 1.0   18   8.6M   72  314  81%    10M |  99.9   n/a   1   27  1.20M    6   12  66%  81.9M    n/a  n/a
   2   59 |   7 1.0    0      0    0    0   0%    10M |   n/a   n/a   1    0      0    0    0   0%  81.9M    n/a  n/a
   2   5a |   7 1.0   18   9.2M   86  293  77%    10M |  99.9   n/a   1   27  1.19M    6   15  71%  81.9M    n/a  n/a
   2   5b |   7 1.0   18   9.2M   92  292  76%    10M |  99.9   n/a   1   27  1.37M    7   17  70%  81.9M    n/a  n/a
   3   5c |   7 1.0   19    17M  119  247  67%    10M |  99.9   n/a   1   27  1.27M    5   17  77%  81.9M    n/a  n/a
   3   5d |   7 1.0   19    17M  131  296  69%    10M |  99.9   n/a   1   27  1.27M    5   20  80%  81.9M    n/a  n/a
   3   5e |   7 1.0   19    17M  135  277  67%    10M |  99.9   n/a   1   27  1.51M    6   20  76%  81.9M    n/a  n/a
   3   5f |   7 1.0    0      0    0    0   0%    10M |   n/a   n/a   1    0      0    0    0   0%  81.9M    n/a  n/a
   3   60 |   7 1.0   19    16M  115  294  71%    10M |  99.9   n/a   1   27  1.53M    6   16  72%  81.9M    n/a  n/a
   3   61 |   7 1.0   19    18M  131  272  67%    10M |  99.9   n/a   1   27  1.00M    4   20  83%  81.9M    n/a  n/a
   3   62 |   7 1.0    0      0    0    0   0%    10M |   n/a   n/a   1    0      0    0    0   0%  81.9M    n/a  n/a
   3   63 |   7 1.0    0      0    0    0   0%    10M |   n/a   n/a   1    0      0    0    0   0%  81.9M    n/a  n/a
   0   44 |   7 1.0   17    10M   79  313  79%    10M |  99.9   n/a   1   27  1.50M    6   14  70%  81.9M    n/a  n/a
   0   45 |   7 1.0   18    11M   77  335  81%    10M |  99.9   n/a   1   27   766k    3   13  81%  81.9M    n/a  n/a
   0   46 |   7 1.0   18    10M   75  283  79%    10M |  99.9   n/a   1   27  1.54M    6   12  66%  81.9M    n/a  n/a
   0   47 |   7 1.0   18    10M   80  292  78%    10M |  99.9   n/a   1   27   508k    2   13  86%  81.9M    n/a  n/a
   0   48 |   7 1.0    0      0    0    0   0%    10M |   n/a   n/a   1    0      0    0    0   0%  81.9M    n/a  n/a
   0   49 |   7 1.0   18    10M   76  265  77%    10M |  99.9   n/a   1   27  1.52M    6   14  70%  81.9M    n/a  n/a
   0   4a |   7 1.0   18    11M   80  288  78%    10M |  99.9   n/a   1   27  1.26M    5   14  73%  81.9M    n/a  n/a
   0   4b |   7 1.0   18    11M   80  252  75%    10M |  99.9   n/a   1   27  1.01M    4   15  78%  81.9M    n/a  n/a
   1   4c |   7 1.0   19    20M  155  358  69%    10M |  99.9   n/a   1   27  2.49M   11   25  69%  81.9M    n/a  n/a
   1   4d |   7 1.0   19    22M  174  304  63%    10M |  99.9   n/a   1   27  1.57M    7   24  77%  81.9M    n/a  n/a
   1   4e |   7 1.0   19    21M  159  317  66%    10M |  99.9   n/a   1   27  2.71M   12   18  60%  81.9M    n/a  n/a
   1   4f |   7 1.0    0      0    0    0   0%    10M |   n/a   n/a   1    0      0    0    0   0%  81.9M    n/a  n/a
   1   50 |   7 1.0   19    20M  159  370  69%    10M |  99.9   n/a   1   27  2.22M   10   18  64%  81.9M    n/a  n/a
   1   51 |   7 1.0    0      0    0    0   0%    10M |   n/a   n/a   1    0      0    0    0   0%  81.9M    n/a  n/a
   1   52 |   7 1.0    0      0    0    0   0%    10M |   n/a   n/a   1    0      0    0    0   0%  81.9M    n/a  n/a
   1   53 |   7 1.0    0      0    0    0   0%    10M |   n/a   n/a   1    0      0    0    0   0%  81.9M    n/a  n/a
   2   54 |   7 1.0   18    11M  110  247  69%    10M |  99.9   n/a   1   27  2.79M   14   15  51%  81.9M    n/a  n/a
   2   55 |   7 1.0   18    11M  110  259  70%    10M |  99.9   n/a   1   27  2.60M   13   12  48%  81.9M    n/a  n/a
   2   56 |   7 1.0   18    10M  101  231  69%    10M |  99.9   n/a   1   27  1.59M    8   12  60%  81.9M    n/a  n/a
   2   57 |   7 1.0   18    10M   94  278  74%    10M |  99.9   n/a   1   27   599k    3   14  82%  81.9M    n/a  n/a
   2   58 |   7 1.0   18    11M  108  233  68%    10M |  99.9   n/a   1   27   996k    5   14  73%  81.9M    n/a  n/a
   2   59 |   7 1.0    0      0    0    0   0%    10M |   n/a   n/a   1    0      0    0    0   0%  81.9M    n/a  n/a
   2   5a |   7 1.0   18    10M  100  258  72%    10M |  99.9   n/a   1   27   410k    2   10  83%  81.9M    n/a  n/a
   2   5b |   7 1.0   18    11M  106  302  74%    10M |  99.9   n/a   1   27  1.41M    7   10  58%  81.9M    n/a  n/a
   3   5c |   7 1.0   19    17M  121  285  70%    10M |  99.9   n/a   1   27  2.28M    9   19  67%  81.9M    n/a  n/a
   3   5d |   7 1.0   19    18M  120  282  70%    10M |  99.9   n/a   1   27  1.77M    7   16  69%  81.9M    n/a  n/a
   3   5e |   7 1.0   19    18M  136  220  61%    10M |  99.9   n/a   1   27  1.77M    7   18  72%  81.9M    n/a  n/a
   3   5f |   7 1.0    0      0    0    0   0%    10M |   n/a   n/a   1    0      0    0    0   0%  81.9M    n/a  n/a
   3   60 |   7 1.0   19    17M  116  277  70%    10M |  99.9   n/a   1   27  2.02M    8   20  71%  81.9M    n/a  n/a
   3   61 |   7 1.0   19    19M  136  240  63%    10M |  99.9   n/a   1   27  1.76M    7   16  69%  81.9M    n/a  n/a
   3   62 |   7 1.0    0      0    0    0   0%    10M |   n/a   n/a   1    0      0    0    0   0%  81.9M    n/a  n/a
   3   63 |   7 1.0    0      0    0    0   0%    10M |   n/a   n/a   1    0      0    0    0   0%  81.9M    n/a  n/a
   0   44 |   7 1.0   18    13M   94  269  74%    10M |  99.9   n/a   1   27   779k    3   12  80%  81.9M    n/a  n/a
   0   45 |   7 1.0   18    13M   90  283  75%    10M |  99.9   n/a   1   27  1.00M    4   11  73%  81.9M    n/a  n/a
   0   46 |   7 1.0   18    13M   91  265  74%    10M |  99.9   n/a   1   27  1.51M    6   16  72%  81.9M    n/a  n/a
   0   47 |   7 1.0   18    13M   95  299  75%    10M |  99.9   n/a   1   27  1.27M    5   14  73%  81.9M    n/a  n/a
   0   48 |   7 1.0    0      0    0    0   0%    10M |   n/a   n/a   1    0      0    0    0   0%  81.9M    n/a  n/a
   0   49 |   7 1.0   18    12M   89  304  77%    10M |  99.9   n/a   1   27  1.77M    7    9  56%  81.9M    n/a  n/a
   0   4a |   7 1.0   18    12M   87  276  76%    10M |  99.9   n/a   1   27  2.28M    9   12  57%  81.9M    n/a  n/a
   0   4b |   7 1.0   18    13M   97  292  75%    10M |  99.9   n/a   1   27  1.00M    4   11  73%  81.9M    n/a  n/a
   1   4c |   7 1.0   19    19M  142  383  72%    10M |  99.9   n/a   1   27  2.04M    9   20  68%  81.9M    n/a  n/a
   1   4d |   7 1.0   19    20M  142  330  69%    10M |  99.9   n/a   1   27  2.47M   11   24  68%  81.9M    n/a  n/a
   1   4e |   7 1.0   19    19M  145  386  72%    10M |  99.9   n/a   1   27  1.35M    6   24  80%  81.9M    n/a  n/a
   1   4f |   7 1.0    0      0    0    0   0%    10M |   n/a   n/a   1    0      0    0    0   0%  81.9M    n/a  n/a
   1   50 |   7 1.0   19    19M  143  328  69%    10M |  99.9   n/a   1   27  2.47M   11   27  71%  81.9M    n/a  n/a
   1   51 |   7 1.0    0      0    0    0   0%    10M |   n/a   n/a   1    0      0    0    0   0%  81.9M    n/a  n/a
   1   52 |   7 1.0    0      0    0    0   0%    10M |   n/a   n/a   1    0      0    0    0   0%  81.9M    n/a  n/a
   1   53 |   7 1.0    0      0    0    0   0%    10M |   n/a   n/a   1    0      0    0    0   0%  81.9M    n/a  n/a
   2   54 |   7 1.0   18   9.2M   82  284  77%    10M |  99.9   n/a   1   27  1.60M    8    9  52%  81.9M    n/a  n/a
   2   55 |   7 1.0   18   9.5M   97  251  72%    10M |  99.9   n/a   1   27  1.19M    6   12  66%  81.9M    n/a  n/a
   2   56 |   7 1.0   18   8.9M   88  243  73%    10M |  99.9   n/a   1   27  1.98M   10   16  61%  81.9M    n/a  n/a
   2   57 |   7 1.0   18   9.6M   96  242  71%    10M |  99.9   n/a   1   27   398k    2   10  83%  81.9M    n/a  n/a
   2   58 |   7 1.0   18    10M   87  219  71%    10M |  99.9   n/a   1   27   586k    3   12  80%  81.9M    n/a  n/a
   2   59 |   7 1.0    0      0    0    0   0%    10M |   n/a   n/a   1    0      0    0    0   0%  81.9M    n/a  n/a
   2   5a |   7 1.0   18    10M   89  199  69%    10M |  99.9   n/a   1   27   607k    3   15  83%  81.9M    n/a  n/a
   2   5b |   7 1.0   18   9.5M   96  269  73%    10M |  99.9   n/a   1   27  1.21M    6   11  64%  81.9M    n/a  n/a
   3   5c |   7 1.0   19    17M  122  243  66%    10M |  99.9   n/a   1   27  1.77M    7   17  70%  81.9M    n/a  n/a
   3   5d |   7 1.0   19    16M  132  318  70%    10M |  99.9   n/a   1   27  2.01M    8   20  71%  81.9M    n/a  n/a
   3   5e |   7 1.0   19    17M  128  277  68%    10M |  99.9   n/a   1   27  1.26M    5   18  78%  81.9M    n/a  n/a
   3   5f |   7 1.0    0      0    0    0   0%    10M |   n/a   n/a   1    0      0    0    0   0%  81.9M    n/a  n/a
   3   60 |   7 1.0   19    18M  128  251  66%    10M |  99.9   n/a   1   27  1.78M    7   16  69%  81.9M    n/a  n/a
   3   61 |   7 1.0   19    18M  129  261  66%    10M |  99.9   n/a   1   27  1.77M    7   20  74%  81.9M    n/a  n/a
   3   62 |   7 1.0    0      0    0    0   0%    10M |   n/a   n/a   1    0      0    0    0   0%  81.9M    n/a  n/a
   3   63 |   7 1.0    0      0    0    0   0%    10M |   n/a   n/a   1    0      0    0    0   0%  81.9M    n/a  n/a

          |--------------------DL---------------------|-------------------------------UL-----------------------------
 pci rnti | cqi  ri  mcs  brate   ok  nok  (%)  dl_bs | pusch  rsrp  ri  mcs  brate   ok  nok  (%)    bsr     ta  phr
   0   44 |   7 1.0   18    11M   67  415  86%    10M |  99.9   n/a   1   27  2.03M    8   14  63%  81.9M    n/a  n/a
   0   45 |   7 1.0   18    11M   84  319  79%    10M |  99.9   n/a   1   27   508k    2   15  88%  81.9M    n/a  n/a
   0   46 |   7 1.0   18    12M   87  322  78%    10M |  99.9   n/a   1   27  1.78M    7   11  61%  81.9M    n/a  n/a
   0   47 |   7 1.0   18    11M   75  331  81%    10M |  99.9   n/a   1   27   762k    3   15  83%  81.9M    n/a  n/a
   0   48 |   7 1.0    0      0    0    0   0%    10M |   n/a   n/a   1    0      0    0    0   0%  81.9M    n/a  n/a
   0   49 |   7 1.0   18    11M   81  334  80%    10M |  99.9   n/a   1   27   258k    1   14  93%  81.9M    n/a  n/a
   0   4a |   7 1.0   18    11M   73  371  83%    10M |  99.9   n/a   1   27  1.02M    4   12  75%  81.9M    n/a  n/a
   0   4b |   7 1.0   18    11M   82  331  80%    10M |  99.9   n/a   1   27  2.03M    8   14  63%  81.9M    n/a  n/a
   1   4c |   7 1.0   19    20M  147  381  72%    10M |  99.9   n/a   1   27  2.52M   11   25  69%  81.9M    n/a  n/a
   1   4d |   7 1.0   19    21M  168  389  69%    10M |  99.9   n/a   1   27  2.25M   10   18  64%  81.9M    n/a  n/a
   1   4e |   7 1.0   19    21M  156  346  68%    10M |  99.9   n/a   1   27  2.69M   12   21  63%  81.9M    n/a  n/a
   1   4f |   7 1.0    0      0    0    0   0%    10M |   n/a   n/a   1    0      0    0    0   0%  81.9M    n/a  n/a
   1   50 |   7 1.0   19    21M  166  360  68%    10M |  99.9   n/a   1   27  2.45M   11   21  65%  81.9M    n/a  n/a
   1   51 |   7 1.0    0      0    0    0   0%    10M |   n/a   n/a   1    0      0    0    0   0%  81.9M    n/a  n/a
   1   52 |   7 1.0    0      0    0    0   0%    10M |   n/a   n/a   1    0      0    0    0   0%  81.9M    n/a  n/a
   1   53 |   7 1.0    0      0    0    0   0%    10M |   n/a   n/a   1    0      0    0    0   0%  81.9M    n/a  n/a
   2   54 |   7 1.0   18    10M   98  351  78%    10M |  99.9   n/a   1   27   594k    3   13  81%  81.9M    n/a  n/a
   2   55 |   7 1.0   19    10M   97  325  77%    10M |  99.9   n/a   1   27  1.20M    6   16  72%  81.9M    n/a  n/a
   2   56 |   7 1.0   18    10M  102  303  74%    10M |   n/a   n/a   1   27      0    0   13 100%  81.9M    n/a  n/a
   2   57 |   7 1.0   19    10M   91  311  77%    10M |  99.9   n/a   1   27  1.58M    8   14  63%  81.9M    n/a  n/a
   2   58 |   7 1.0   18   9.5M  103  306  74%    10M |  99.9   n/a   1   27  1.19M    6   14  70%  81.9M    n/a  n/a
   2   59 |   7 1.0    0      0    0    0   0%    10M |   n/a   n/a   1    0      0    0    0   0%  81.9M    n/a  n/a
   2   5a |   7 1.0   18   9.5M   95  324  77%    10M |  99.9   n/a   1   27  1.80M    9   10  52%  81.9M    n/a  n/a
   2   5b |   7 1.0   19    10M   93  313  77%    10M |  99.9   n/a   1   27  1.98M   10   15  60%  81.9M    n/a  n/a
   3   5c |   7 1.0   19    18M  123  229  65%    10M |  99.9   n/a   1   27  1.52M    6   19  76%  81.9M    n/a  n/a
   3   5d |   7 1.0   19    19M  132  251  65%    10M |  99.9   n/a   1   27  1.25M    5   17  77%  81.9M    n/a  n/a
   3   5e |   7 1.0   19    16M  113  267  70%    10M |  99.9   n/a   1   27  1.77M    7   19  73%  81.9M    n/a  n/a
   3   5f |   7 1.0    0      0    0    0   0%    10M |   n/a   n/a   1    0      0    0    0   0%  81.9M    n/a  n/a
   3   60 |   7 1.0   19    17M  119  261  68%    10M |  99.9   n/a   1   27  2.01M    8   20  71%  81.9M    n/a  n/a
   3   61 |   7 1.0   19    19M  140  279  66%    10M |  99.9   n/a   1   27  1.52M    6   16  72%  81.9M    n/a  n/a
   3   62 |   7 1.0    0      0    0    0   0%    10M |   n/a   n/a   1    0      0    0    0   0%  81.9M    n/a  n/a
   3   63 |   7 1.0    0      0    0    0   0%    10M |   n/a   n/a   1    0      0    0    0   0%  81.9M    n/a  n/a
   0   44 |   7 1.0   18    13M   98  291  74%    10M |  99.9   n/a   1   27  1.02M    4   13  76%  81.9M    n/a  n/a
   0   45 |   7 1.0   18    13M   95  280  74%    10M |  99.9   n/a   1   27  2.27M    9   12  57%  81.9M    n/a  n/a
   0   46 |   7 1.0   18    14M  103  275  72%    10M |  99.9   n/a   1   27  1.02M    4   14  77%  81.9M    n/a  n/a
   0   47 |   7 1.0   18    13M   96  284  74%    10M |  99.9   n/a   1   27  1.76M    7   12  63%  81.9M    n/a  n/a
   0   48 |   7 1.0    0      0    0    0   0%    10M |   n/a   n/a   1    0      0    0    0   0%  81.9M    n/a  n/a
   0   49 |   7 1.0   18    13M   87  304  77%    10M |  99.9   n/a   1   27  2.02M    8   13  61%  81.9M    n/a  n/a
   0   4a |   7 1.0   18    13M   95  300  75%    10M |  99.9   n/a   1   27  1.02M    4   11  73%  81.9M    n/a  n/a
   0   4b |   7 1.0   18    14M   98  286  74%    10M |  99.9   n/a   1   27  1.27M    5   10  66%  81.9M    n/a  n/a
   1   4c |   7 1.0   19    18M  135  384  73%    10M |  99.9   n/a   1   27  2.05M    9   20  68%  81.9M    n/a  n/a
   1   4d |   7 1.0   19    20M  152  325  68%    10M |  99.9   n/a   1   27  3.16M   14   24  63%  81.9M    n/a  n/a
   1   4e |   7 1.0   19    19M  136  359  72%    10M |  99.9   n/a   1   27  1.56M    7   26  78%  81.9M    n/a  n/a
   1   4f |   7 1.0    0      0    0    0   0%    10M |   n/a   n/a   1    0      0    0    0   0%  81.9M    n/a  n/a
   1   50 |   7 1.0   19    17M  127  395  75%    10M |  99.9   n/a   1   27  1.58M    7   25  78%  81.9M    n/a  n/a
   1   51 |   7 1.0    0      0    0    0   0%    10M |   n/a   n/a   1    0      0    0    0   0%  81.9M    n/a  n/a
   1   52 |   7 1.0    0      0    0    0   0%    10M |   n/a   n/a   1    0      0    0    0   0%  81.9M    n/a  n/a
   1   53 |   7 1.0    0      0    0    0   0%    10M |   n/a   n/a   1    0      0    0    0   0%  81.9M    n/a  n/a
   2   54 |   7 1.0   18   9.2M   84  327  79%    10M |  99.9   n/a   1   27  1.19M    6   13  68%  81.9M    n/a  n/a
   2   55 |   7 1.0   19   9.4M   85  294  77%    10M |  99.9   n/a   1   27   611k    3   13  81%  81.9M    n/a  n/a
   2   56 |   7 1.0   18   9.4M   88  324  78%    10M |  99.9   n/a   1   27  1.20M    6   12  66%  81.9M    n/a  n/a
   2   57 |   7 1.0   19   9.7M   90  295  76%    10M |  99.9   n/a   1   27  1.00M    5   14  73%  81.9M    n/a  n/a
   2   58 |   7 1.0   18   8.9M   88  371  80%    10M |  99.9   n/a   1   27  1.00M    5   13  72%  81.9M    n/a  n/a
   2   59 |   7 1.0    0      0    0    0   0%    10M |   n/a   n/a   1    0      0    0    0   0%  81.9M    n/a  n/a
   2   5a |   7 1.0   18   9.3M   93  318  77%    10M |  99.9   n/a   1   27   197k    1   13  92%  81.9M    n/a  n/a
   2   5b |   7 1.0   19   9.6M   84  323  79%    10M |  99.9   n/a   1   27   599k    3   11  78%  81.9M    n/a  n/a
   3   5c |   7 1.0   19    17M  125  248  66%    10M |  99.9   n/a   1   27  1.50M    6   20  76%  81.9M    n/a  n/a
   3   5d |   7 1.0   19    18M  127  268  67%    10M |  99.9   n/a   1   27  1.51M    6   19  76%  81.9M    n/a  n/a
   3   5e |   7 1.0   19    17M  115  277  70%    10M |  99.9   n/a   1   27  1.76M    7   17  70%  81.9M    n/a  n/a
   3   5f |   7 1.0    0      0    0    0   0%    10M |   n/a   n/a   1    0      0    0    0   0%  81.9M    n/a  n/a
   3   60 |   7 1.0   19    19M  130  211  61%    10M |  99.9   n/a   1   27  1.26M    5   18  78%  81.9M    n/a  n/a
   3   61 |   7 1.0   19    18M  124  265  68%    10M |  99.9   n/a   1   27  1.77M    7   20  74%  81.9M    n/a  n/a
   3   62 |   7 1.0    0      0    0    0   0%    10M |   n/a   n/a   1    0      0    0    0   0%  81.9M    n/a  n/a
   3   63 |   7 1.0    0      0    0    0   0%    10M |   n/a   n/a   1    0      0    0    0   0%  81.9M    n/a  n/a
   0   44 |   7 1.0   18    11M   83  324  79%    10M |  99.9   n/a   1   27  1.26M    5   12  70%  81.9M    n/a  n/a
   0   45 |   7 1.0   18    11M   85  284  76%    10M |  99.9   n/a   1   27  1.27M    5   10  66%  81.9M    n/a  n/a
   0   46 |   7 1.0   18    12M   86  353  80%    10M |  99.9   n/a   1   27  1.02M    4   11  73%  81.9M    n/a  n/a
   0   47 |   7 1.0   18    11M   83  360  81%    10M |  99.9   n/a   1   27  1.27M    5   12  70%  81.9M    n/a  n/a
   0   48 |   7 1.0    0      0    0    0   0%    10M |   n/a   n/a   1    0      0    0    0   0%  81.9M    n/a  n/a
   0   49 |   7 1.0   18    11M   86  269  75%    10M |  99.9   n/a   1   27  1.27M    5   14  73%  81.9M    n/a  n/a
   0   4a |   7 1.0   18    11M   82  313  79%    10M |  99.9   n/a   1   27  1.00M    4   12  75%  81.9M    n/a  n/a
   0   4b |   7 1.0   18    11M   81  283  77%    10M |  99.9   n/a   1   27  2.02M    8   11  57%  81.9M    n/a  n/a
   1   4c |   7 1.0   19    19M  157  382  70%    10M |  99.9   n/a   1   27  1.59M    7   25  78%  81.9M    n/a  n/a
   1   4d |   7 1.0   19    20M  159  338  68%    10M |  99.9   n/a   1   27  2.70M   12   21  63%  81.9M    n/a  n/a
   1   4e |   7 1.0   19    19M  152  379  71%    10M |  99.9   n/a   1   27  2.69M   12   18  60%  81.9M    n/a  n/a
   1   4f |   7 1.0    0      0    0    0   0%    10M |   n/a   n/a   1    0      0    0    0   0%  81.9M    n/a  n/a
   1   50 |   7 1.0   19    20M  159  369  69%    10M |  99.9   n/a   1   27  2.20M   10   21  67%  81.9M    n/a  n/a
   1   51 |   7 1.0    0      0    0    0   0%    10M |   n/a   n/a   1    0      0    0    0   0%  81.9M    n/a  n/a
   1   52 |   7 1.0    0      0    0    0   0%    10M |   n/a   n/a   1    0      0    0    0   0%  81.9M    n/a  n/a
   1   53 |   7 1.0    0      0    0    0   0%    10M |   n/a   n/a   1    0      0    0    0   0%  81.9M    n/a  n/a
   2   54 |   7 1.0   19   9.4M  101  260  72%    10M |  99.9   n/a   1   27   594k    3   13  81%  81.9M    n/a  n/a
   2   55 |   7 1.0   19   9.8M   96  282  74%    10M |  99.9   n/a   1   27   791k    4   16  80%  81.9M    n/a  n/a
   2   56 |   7 1.0   19   9.8M   89  273  75%    10M |  99.9   n/a   1   27   385k    2   11  84%  81.9M    n/a  n/a
   2   57 |   7 1.0   19   9.7M  105  321  75%    10M |  99.9   n/a   1   27  2.37M   12   12  50%  81.9M    n/a  n/a
   2   58 |   7 1.0   19   9.4M   99  262  72%    10M |  99.9   n/a   1   27   607k    3   10  76%  81.9M    n/a  n/a
   2   59 |   7 1.0    0      0    0    0   0%    10M |   n/a   n/a   1    0      0    0    0   0%  81.9M    n/a  n/a
   2   5a |   7 1.0   19   9.5M   95  294  75%    10M |  99.9   n/a   1   27  1.78M    9   14  60%  81.9M    n/a  n/a
   2   5b |   7 1.0   19   9.5M   93  265  74%    10M |  99.9   n/a   1   27  1.01M    5   12  70%  81.9M    n/a  n/a

          |--------------------DL---------------------|-------------------------------UL-----------------------------
 pci rnti | cqi  ri  mcs  brate   ok  nok  (%)  dl_bs | pusch  rsrp  ri  mcs  brate   ok  nok  (%)    bsr     ta  phr
   3   5c |   7 1.0   19    15M  113  288  71%    10M |  99.9   n/a   1   27  2.03M    8   16  66%  81.9M    n/a  n/a
   3   5d |   7 1.0   19    17M  121  276  69%    10M |  99.9   n/a   1   27  1.52M    6   16  72%  81.9M    n/a  n/a
   3   5e |   7 1.0   19    16M  116  273  70%    10M |  99.9   n/a   1   27  1.52M    6   20  76%  81.9M    n/a  n/a
   3   5f |   7 1.0    0      0    0    0   0%    10M |   n/a   n/a   1    0      0    0    0   0%  81.9M    n/a  n/a
   3   60 |   7 1.0   19    18M  129  239  64%    10M |  99.9   n/a   1   27  2.03M    8   18  69%  81.9M    n/a  n/a
   3   61 |   7 1.0   19    18M  119  255  68%    10M |  99.9   n/a   1   27   996k    4   16  80%  81.9M    n/a  n/a
   3   62 |   7 1.0    0      0    0    0   0%    10M |   n/a   n/a   1    0      0    0    0   0%  81.9M    n/a  n/a
   3   63 |   7 1.0    0      0    0    0   0%    10M |   n/a   n/a   1    0      0    0    0   0%  81.9M    n/a  n/a
   0   44 |   7 1.0   18    11M   81  284  77%    10M |  99.9   n/a   1   27   754k    3   13  81%  81.9M    n/a  n/a
   0   45 |   7 1.0   18    11M   86  305  78%    10M |  99.9   n/a   1   27  2.27M    9   13  59%  81.9M    n/a  n/a
   0   46 |   7 1.0   18    11M   79  289  78%    10M |  99.9   n/a   1   27  2.04M    8   16  66%  81.9M    n/a  n/a
   0   47 |   7 1.0   18    11M   92  330  78%    10M |  99.9   n/a   1   27   250k    1   13  92%  81.9M    n/a  n/a
   0   48 |   7 1.0    0      0    0    0   0%    10M |   n/a   n/a   1    0      0    0    0   0%  81.9M    n/a  n/a
   0   49 |   7 1.0   18    12M   84  250  74%    10M |  99.9   n/a   1   27  2.04M    8   13  61%  81.9M    n/a  n/a
   0   4a |   7 1.0   18    11M   92  273  74%    10M |  99.9   n/a   1   27  1.51M    6   14  70%  81.9M    n/a  n/a
   0   4b |   7 1.0   18    11M   80  311  79%    10M |  99.9   n/a   1   27   754k    3   13  81%  81.9M    n/a  n/a
   1   4c |   7 1.0   19    21M  149  335  69%    10M |  99.9   n/a   1   27  2.75M   12   20  62%  81.9M    n/a  n/a
   1   4d |   7 1.0   19    21M  155  310  66%    10M |  99.9   n/a   1   27  2.68M   12   18  60%  81.9M    n/a  n/a
   1   4e |   7 1.0   19    19M  142  389  73%    10M |  99.9   n/a   1   27  2.71M   12   21  63%  81.9M    n/a  n/a
   1   4f |   7 1.0    0      0    0    0   0%    10M |   n/a   n/a   1    0      0    0    0   0%  81.9M    n/a  n/a
   1   50 |   7 1.0   19    19M  147  334  69%    10M |  99.9   n/a   1   27  2.00M    9   21  70%  81.9M    n/a  n/a
   1   51 |   7 1.0    0      0    0    0   0%    10M |   n/a   n/a   1    0      0    0    0   0%  81.9M    n/a  n/a
   1   52 |   7 1.0    0      0    0    0   0%    10M |   n/a   n/a   1    0      0    0    0   0%  81.9M    n/a  n/a
   1   53 |   7 1.0    0      0    0    0   0%    10M |   n/a   n/a   1    0      0    0    0   0%  81.9M    n/a  n/a
   2   54 |   7 1.0   19    10M   94  322  77%    10M |  99.9   n/a   1   27  1.59M    8   12  60%  81.9M    n/a  n/a
   2   55 |   7 1.0   19    11M   98  303  75%    10M |  99.9   n/a   1   27  1.59M    8    9  52%  81.9M    n/a  n/a
   2   56 |   7 1.0   19    11M   96  355  78%    10M |  99.9   n/a   1   27  1.20M    6   15  71%  81.9M    n/a  n/a
   2   57 |   7 1.0   19    10M   90  284  75%    10M |  99.9   n/a   1   27  1.01M    5   11  68%  81.9M    n/a  n/a
   2   58 |   7 1.0   19    10M  102  344  77%    10M |  99.9   n/a   1   27  1.19M    6   11  64%  81.9M    n/a  n/a
   2   59 |   7 1.0    0      0    0    0   0%    10M |   n/a   n/a   1    0      0    0    0   0%  81.9M    n/a  n/a
   2   5a |   7 1.0   19    11M   98  302  75%    10M |  99.9   n/a   1   27   414k    2   15  88%  81.9M    n/a  n/a
   2   5b |   7 1.0   19    10M   91  306  77%    10M |  99.9   n/a   1   27   992k    5   11  68%  81.9M    n/a  n/a
   3   5c |   7 1.0   19    17M  117  231  66%    10M |  99.9   n/a   1   27  2.03M    8   16  66%  81.9M    n/a  n/a
   3   5d |   7 1.0   19    18M  131  263  66%    10M |  99.9   n/a   1   27  1.76M    7   20  74%  81.9M    n/a  n/a
   3   5e |   7 1.0   19    16M  119  268  69%    10M |  99.9   n/a   1   27  2.01M    8   16  66%  81.9M    n/a  n/a
   3   5f |   7 1.0    0      0    0    0   0%    10M |   n/a   n/a   1    0      0    0    0   0%  81.9M    n/a  n/a
   3   60 |   7 1.0   19    16M  117  279  70%    10M |  99.9   n/a   1   27  1.52M    6   16  72%  81.9M    n/a  n/a
   3   61 |   7 1.0   19    18M  129  282  68%    10M |  99.9   n/a   1   27  1.76M    7   20  74%  81.9M    n/a  n/a
   3   62 |   7 1.0    0      0    0    0   0%    10M |   n/a   n/a   1    0      0    0    0   0%  81.9M    n/a  n/a
   3   63 |   7 1.0    0      0    0    0   0%    10M |   n/a   n/a   1    0      0    0    0   0%  81.9M    n/a  n/a
   0   44 |   7 1.0   18    13M   93  235  71%    10M |  99.9   n/a   1   27  1.52M    6    9  60%  81.9M    n/a  n/a
   0   45 |   7 1.0   19    14M  102  212  67%    10M |  99.9   n/a   1   27  3.03M   12   10  45%  81.9M    n/a  n/a
   0   46 |   7 1.0   19    13M  111  230  67%    10M |  99.9   n/a   1   27  1.02M    4   13  76%  81.9M    n/a  n/a
   0   47 |   7 1.0   19    14M   94  184  66%    10M |  99.9   n/a   1   27  2.80M   11   11  50%  81.9M    n/a  n/a
   0   48 |   7 1.0    0      0    0    0   0%    10M |   n/a   n/a   1    0      0    0    0   0%  81.9M    n/a  n/a
   0   49 |   7 1.0   19    14M  100  171  63%    10M |  99.9   n/a   1   27  1.52M    6   13  68%  81.9M    n/a  n/a
   0   4a |   7 1.0   18    13M   94  196  67%    10M |  99.9   n/a   1   27  2.04M    8   13  61%  81.9M    n/a  n/a
   0   4b |   7 1.0   19    14M  101  195  65%    10M |  99.9   n/a   1   27  1.52M    6   13  68%  81.9M    n/a  n/a
   1   4c |   7 1.0   19    21M  153  339  68%    10M |  99.9   n/a   1   27  2.96M   13   20  60%  81.9M    n/a  n/a
   1   4d |   7 1.0   19    21M  166  279  62%    10M |  99.9   n/a   1   27  2.46M   11   24  68%  81.9M    n/a  n/a
   1   4e |   7 1.0   19    20M  145  347  70%    10M |  99.9   n/a   1   27  3.16M   14   24  63%  81.9M    n/a  n/a
   1   4f |   7 1.0    0      0    0    0   0%    10M |   n/a   n/a   1    0      0    0    0   0%  81.9M    n/a  n/a
   1   50 |   7 1.0   19    20M  157  373  70%    10M |  99.9   n/a   1   27  2.91M   13   24  64%  81.9M    n/a  n/a
   1   51 |   7 1.0    0      0    0    0   0%    10M |   n/a   n/a   1    0      0    0    0   0%  81.9M    n/a  n/a
   1   52 |   7 1.0    0      0    0    0   0%    10M |   n/a   n/a   1    0      0    0    0   0%  81.9M    n/a  n/a
   1   53 |   7 1.0    0      0    0    0   0%    10M |   n/a   n/a   1    0      0    0    0   0%  81.9M    n/a  n/a
   2   54 |   7 1.0   19    11M   92  305  76%    10M |  99.9   n/a   1   27  1.38M    7   10  58%  81.9M    n/a  n/a
   2   55 |   7 1.0   19    10M  100  300  75%    10M |  99.9   n/a   1   27  1.18M    6   10  62%  81.9M    n/a  n/a
   2   56 |   7 1.0   19    10M   96  307  76%    10M |  99.9   n/a   1   27  1.80M    9    9  50%  81.9M    n/a  n/a
   2   57 |   7 1.0   19    10M   94  280  74%    10M |  99.9   n/a   1   27  1.20M    6   13  68%  81.9M    n/a  n/a
   2   58 |   7 1.0   19    11M   90  308  77%    10M |  99.9   n/a   1   27  2.37M   12   14  53%  81.9M    n/a  n/a
   2   59 |   7 1.0    0      0    0    0   0%    10M |   n/a   n/a   1    0      0    0    0   0%  81.9M    n/a  n/a
   2   5a |   7 1.0   19    11M  101  287  73%    10M |  99.9   n/a   1   27   406k    2   12  85%  81.9M    n/a  n/a
   2   5b |   7 1.0   19    10M   90  261  74%    10M |  99.9   n/a   1   27   599k    3   12  80%  81.9M    n/a  n/a
   3   5c |   7 1.0   19    18M  113  247  68%    10M |  99.9   n/a   1   27  2.28M    9   20  68%  81.9M    n/a  n/a
   3   5d |   7 1.0   19    19M  138  254  64%    10M |  99.9   n/a   1   27  2.25M    9   16  64%  81.9M    n/a  n/a
   3   5e |   7 1.0   19    17M  123  269  68%    10M |  99.9   n/a   1   27  2.53M   10   16  61%  81.9M    n/a  n/a
   3   5f |   7 1.0    0      0    0    0   0%    10M |   n/a   n/a   1    0      0    0    0   0%  81.9M    n/a  n/a
   3   60 |   7 1.0   19    18M  124  232  65%    10M |  99.9   n/a   1   27  1.77M    7   19  73%  81.9M    n/a  n/a
   3   61 |   7 1.0   19    19M  144  275  65%    10M |  99.9   n/a   1   27  2.28M    9   16  64%  81.9M    n/a  n/a
   3   62 |   7 1.0    0      0    0    0   0%    10M |   n/a   n/a   1    0      0    0    0   0%  81.9M    n/a  n/a
   3   63 |   7 1.0    0      0    0    0   0%    10M |   n/a   n/a   1    0      0    0    0   0%  81.9M    n/a  n/a
   0   44 |   7 1.0   19    14M   93  174  65%    10M |  99.9   n/a   1   27  2.57M   10   12  54%  81.9M    n/a  n/a
   0   45 |   7 1.0   19    14M  100  181  64%    10M |  99.9   n/a   1   27  1.75M    7   13  65%  81.9M    n/a  n/a
   0   46 |   7 1.0   19    14M   90  176  66%    10M |  99.9   n/a   1   27  2.28M    9   11  55%  81.9M    n/a  n/a
   0   47 |   7 1.0   19    14M  100  179  64%    10M |  99.9   n/a   1   27  1.78M    7   10  58%  81.9M    n/a  n/a
   0   48 |   7 1.0    0      0    0    0   0%    10M |   n/a   n/a   1    0      0    0    0   0%  81.9M    n/a  n/a
   0   49 |   7 1.0   19    14M  102  178  63%    10M |  99.9   n/a   1   27  1.51M    6   13  68%  81.9M    n/a  n/a
   0   4a |   7 1.0   19    14M  104  212  67%    10M |  99.9   n/a   1   27  1.77M    7   12  63%  81.9M    n/a  n/a
   0   4b |   7 1.0   19    14M   90  193  68%    10M |  99.9   n/a   1   27  2.29M    9   14  60%  81.9M    n/a  n/a
   1   4c |   7 1.0   19    20M  150  325  68%    10M |  99.9   n/a   1   27  2.51M   11   24  68%  81.9M    n/a  n/a
   1   4d |   7 1.0   19    22M  161  324  66%    10M |  99.9   n/a   1   27  2.48M   11   20  64%  81.9M    n/a  n/a
   1   4e |   7 1.0   19    21M  159  338  68%    10M |  99.9   n/a   1   27  3.35M   15   22  59%  81.9M    n/a  n/a
   1   4f |   7 1.0    0      0    0    0   0%    10M |   n/a   n/a   1    0      0    0    0   0%  81.9M    n/a  n/a
   1   50 |   7 1.0   19    21M  169  318  65%    10M |  99.9   n/a   1   27  2.25M   10   21  67%  81.9M    n/a  n/a
   1   51 |   7 1.0    0      0    0    0   0%    10M |   n/a   n/a   1    0      0    0    0   0%  81.9M    n/a  n/a
   1   52 |   7 1.0    0      0    0    0   0%    10M |   n/a   n/a   1    0      0    0    0   0%  81.9M    n/a  n/a
   1   53 |   7 1.0    0      0    0    0   0%    10M |   n/a   n/a   1    0      0    0    0   0%  81.9M    n/a  n/a

          |--------------------DL---------------------|-------------------------------UL-----------------------------
 pci rnti | cqi  ri  mcs  brate   ok  nok  (%)  dl_bs | pusch  rsrp  ri  mcs  brate   ok  nok  (%)    bsr     ta  phr
   2   54 |   7 1.0   19   9.6M   95  397  80%    10M |  99.9   n/a   1   27  1.20M    6   15  71%  81.9M    n/a  n/a
   2   55 |   7 1.0   19   9.2M   86  385  81%    10M |  99.9   n/a   1   27   402k    2   16  88%  81.9M    n/a  n/a
   2   56 |   7 1.0   19   9.8M   93  351  79%    10M |  99.9   n/a   1   27  1.40M    7   11  61%  81.9M    n/a  n/a
   2   57 |   7 1.0   19   9.0M   87  380  81%    10M |  99.9   n/a   1   27  1.61M    8   17  68%  81.9M    n/a  n/a
   2   58 |   7 1.0   19   9.7M   91  361  79%    10M |  99.9   n/a   1   27  1.78M    9   13  59%  81.9M    n/a  n/a
   2   59 |   7 1.0    0      0    0    0   0%    10M |   n/a   n/a   1    0      0    0    0   0%  81.9M    n/a  n/a
   2   5a |   7 1.0   19   9.2M   73  360  83%    10M |  99.9   n/a   1   27  1.00M    5   15  75%  81.9M    n/a  n/a
   2   5b |   7 1.0   19   9.3M   93  375  80%    10M |  99.9   n/a   1   27   787k    4   12  75%  81.9M    n/a  n/a
   3   5c |   7 1.0   19    19M  139  250  64%    10M |  99.9   n/a   1   27  2.03M    8   16  66%  81.9M    n/a  n/a
   3   5d |   7 1.0   19    19M  127  289  69%    10M |  99.9   n/a   1   27  2.02M    8   16  66%  81.9M    n/a  n/a
   3   5e |   7 1.0   19    19M  135  297  68%    10M |  99.9   n/a   1   27  2.50M   10   19  65%  81.9M    n/a  n/a
   3   5f |   7 1.0    0      0    0    0   0%    10M |   n/a   n/a   1    0      0    0    0   0%  81.9M    n/a  n/a
   3   60 |   7 1.0   19    19M  135  278  67%    10M |  99.9   n/a   1   27  2.53M   10   17  62%  81.9M    n/a  n/a
   3   61 |   7 1.0   19    20M  145  274  65%    10M |  99.9   n/a   1   27  2.03M    8   16  66%  81.9M    n/a  n/a
   3   62 |   7 1.0    0      0    0    0   0%    10M |   n/a   n/a   1    0      0    0    0   0%  81.9M    n/a  n/a
   3   63 |   7 1.0    0      0    0    0   0%    10M |   n/a   n/a   1    0      0    0    0   0%  81.9M    n/a  n/a
   0   44 |   7 1.0   19    13M   87  231  72%    10M |  99.9   n/a   1   27   500k    2   11  84%  81.9M    n/a  n/a
   0   45 |   7 1.0   19    13M   86  205  70%    10M |  99.9   n/a   1   27  2.27M    9   11  55%  81.9M    n/a  n/a
   0   46 |   7 1.0   19    12M   78  249  76%    10M |  99.9   n/a   1   27  1.02M    4   13  76%  81.9M    n/a  n/a
   0   47 |   7 1.0   19    13M   91  219  70%    10M |  99.9   n/a   1   27  1.78M    7   10  58%  81.9M    n/a  n/a
   0   48 |   7 1.0    0      0    0    0   0%    10M |   n/a   n/a   1    0      0    0    0   0%  81.9M    n/a  n/a
   0   49 |   7 1.0   19    13M   93  202  68%    10M |  99.9   n/a   1   27  2.51M   10   14  58%  81.9M    n/a  n/a
   0   4a |   7 1.0   19    12M   82  219  72%    10M |  99.9   n/a   1   27  2.00M    8   12  60%  81.9M    n/a  n/a
   0   4b |   7 1.0   19    13M   91  233  71%    10M |  99.9   n/a   1   27   771k    3   13  81%  81.9M    n/a  n/a
   1   4c |   7 1.0   19    21M  146  364  71%    10M |  99.9   n/a   1   27  2.28M   10   21  67%  81.9M    n/a  n/a
   1   4d |   7 1.0   19    21M  160  334  67%    10M |  99.9   n/a   1   27  2.70M   12   21  63%  81.9M    n/a  n/a
   1   4e |   7 1.0   19    20M  162  372  69%    10M |  99.9   n/a   1   27  2.50M   11   20  64%  81.9M    n/a  n/a
   1   4f |   7 1.0    0      0    0    0   0%    10M |   n/a   n/a   1    0      0    0    0   0%  81.9M    n/a  n/a
   1   50 |   7 1.0   19    20M  149  351  70%    10M |  99.9   n/a   1   27  2.21M   10   22  68%  81.9M    n/a  n/a
   1   51 |   7 1.0    0      0    0    0   0%    10M |   n/a   n/a   1    0      0    0    0   0%  81.9M    n/a  n/a
   1   52 |   7 1.0    0      0    0    0   0%    10M |   n/a   n/a   1    0      0    0    0   0%  81.9M    n/a  n/a
   1   53 |   7 1.0    0      0    0    0   0%    10M |   n/a   n/a   1    0      0    0    0   0%  81.9M    n/a  n/a
   2   54 |   7 1.0   19    11M  118  314  72%    10M |  99.9   n/a   1   27   803k    4   13  76%  81.9M    n/a  n/a
   2   55 |   7 1.0   19    11M  105  313  74%    10M |  99.9   n/a   1   27  1.79M    9   12  57%  81.9M    n/a  n/a
   2   56 |   7 1.0   19    10M   99  294  74%    10M |  99.9   n/a   1   27   394k    2   12  85%  81.9M    n/a  n/a
   2   57 |   7 1.0   19    11M   98  271  73%    10M |  99.9   n/a   1   27  1.19M    6   11  64%  81.9M    n/a  n/a
   2   58 |   7 1.0   19    11M   99  302  75%    10M |  99.9   n/a   1   27   410k    2   11  84%  81.9M    n/a  n/a
   2   59 |   7 1.0    0      0    0    0   0%    10M |   n/a   n/a   1    0      0    0    0   0%  81.9M    n/a  n/a
   2   5a |   7 1.0   19    11M   98  260  72%    10M |  99.9   n/a   1   27  1.98M   10    9  47%  81.9M    n/a  n/a
   2   5b |   7 1.0   19    11M  107  275  71%    10M |  99.9   n/a   1   27  1.98M   10   13  56%  81.9M    n/a  n/a
   3   5c |   7 1.0   19    14M  114  335  74%    10M |  99.9   n/a   1   27   762k    3   20  86%  81.9M    n/a  n/a
   3   5d |   7 1.0   19    15M  121  337  73%    10M |  99.9   n/a   1   27   771k    3   20  86%  81.9M    n/a  n/a
   3   5e |   7 1.0   19    16M  122  307  71%    10M |  99.9   n/a   1   27  1.54M    6   17  73%  81.9M    n/a  n/a
   3   5f |   7 1.0    0      0    0    0   0%    10M |   n/a   n/a   1    0      0    0    0   0%  81.9M    n/a  n/a
   3   60 |   7 1.0   19    14M  112  372  76%    10M |  99.9   n/a   1   27  2.02M    8   17  68%  81.9M    n/a  n/a
   3   61 |   7 1.0   19    16M  129  328  71%    10M |  99.9   n/a   1   27   750k    3   20  86%  81.9M    n/a  n/a
   3   62 |   7 1.0    0      0    0    0   0%    10M |   n/a   n/a   1    0      0    0    0   0%  81.9M    n/a  n/a
   3   63 |   7 1.0    0      0    0    0   0%    10M |   n/a   n/a   1    0      0    0    0   0%  81.9M    n/a  n/a
   0   44 |   7 1.0   19    14M   99  264  72%    10M |  99.9   n/a   1   27  1.77M    7   12  63%  81.9M    n/a  n/a
   0   45 |   7 1.0   19    14M  100  249  71%    10M |  99.9   n/a   1   27  1.77M    7   14  66%  81.9M    n/a  n/a
   0   46 |   7 1.0   19    13M   88  260  74%    10M |  99.9   n/a   1   27  1.52M    6   14  70%  81.9M    n/a  n/a
   0   47 |   7 1.0   19    14M   99  269  73%    10M |  99.9   n/a   1   27  2.03M    8   11  57%  81.9M    n/a  n/a
   0   48 |   7 1.0    0      0    0    0   0%    10M |   n/a   n/a   1    0      0    0    0   0%  81.9M    n/a  n/a
   0   49 |   7 1.0   19    14M   95  237  71%    10M |  99.9   n/a   1   27   758k    3   11  78%  81.9M    n/a  n/a
   0   4a |   7 1.0   19    13M   84  259  75%    10M |  99.9   n/a   1   27  1.54M    6   12  66%  81.9M    n/a  n/a
   0   4b |   7 1.0   19    14M   94  234  71%    10M |  99.9   n/a   1   27  1.51M    6   13  68%  81.9M    n/a  n/a
   1   4c |   7 1.0   19    19M  139  393  73%    10M |  99.9   n/a   1   27  1.60M    7   23  76%  81.9M    n/a  n/a
   1   4d |   7 1.0   19    19M  149  353  70%    10M |  99.9   n/a   1   27  2.48M   11   25  69%  81.9M    n/a  n/a
   1   4e |   7 1.0   19    18M  136  385  73%    10M |  99.9   n/a   1   27  2.25M   10   24  70%  81.9M    n/a  n/a
   1   4f |   7 1.0    0      0    0    0   0%    10M |   n/a   n/a   1    0      0    0    0   0%  81.9M    n/a  n/a
   1   50 |   7 1.0   19    18M  130  384  74%    10M |  99.9   n/a   1   27  3.38M   15   23  60%  81.9M    n/a  n/a
   1   51 |   7 1.0    0      0    0    0   0%    10M |   n/a   n/a   1    0      0    0    0   0%  81.9M    n/a  n/a
   1   52 |   7 1.0    0      0    0    0   0%    10M |   n/a   n/a   1    0      0    0    0   0%  81.9M    n/a  n/a
   1   53 |   7 1.0    0      0    0    0   0%    10M |   n/a   n/a   1    0      0    0    0   0%  81.9M    n/a  n/a
   2   54 |   7 1.0   19    10M   95  352  78%    10M |  99.9   n/a   1   27  1.38M    7   12  63%  81.9M    n/a  n/a
   2   55 |   7 1.0   19   9.7M   84  410  82%    10M |  99.9   n/a   1   27   988k    5   12  70%  81.9M    n/a  n/a
   2   56 |   7 1.0   19   9.6M   84  351  80%    10M |  99.9   n/a   1   27  1.41M    7   13  65%  81.9M    n/a  n/a
   2   57 |   7 1.0   19  10.0M   87  330  79%    10M |  99.9   n/a   1   27   402k    2   13  86%  81.9M    n/a  n/a
   2   58 |   7 1.0   19   9.8M   84  341  80%    10M |  99.9   n/a   1   27  1.20M    6   12  66%  81.9M    n/a  n/a
   2   59 |   7 1.0    0      0    0    0   0%    10M |   n/a   n/a   1    0      0    0    0   0%  81.9M    n/a  n/a
   2   5a |   7 1.0   19   9.7M   83  350  80%    10M |  99.9   n/a   1   27   791k    4   12  75%  81.9M    n/a  n/a
   2   5b |   7 1.0   19    10M   91  349  79%    10M |  99.9   n/a   1   27   799k    4   13  76%  81.9M    n/a  n/a
   3   5c |   7 1.0   19    18M  128  330  72%    10M |  99.9   n/a   1   27  1.51M    6   16  72%  81.9M    n/a  n/a
   3   5d |   7 1.0   19    18M  136  294  68%    10M |  99.9   n/a   1   27  1.50M    6   16  72%  81.9M    n/a  n/a
   3   5e |   7 1.0   19    19M  117  282  70%    10M |  99.9   n/a   1   27  1.75M    7   18  72%  81.9M    n/a  n/a
   3   5f |   7 1.0    0      0    0    0   0%    10M |   n/a   n/a   1    0      0    0    0   0%  81.9M    n/a  n/a
   3   60 |   7 1.0   19    18M  127  287  69%    10M |  99.9   n/a   1   27  1.27M    5   19  79%  81.9M    n/a  n/a
   3   61 |   7 1.0   19    19M  126  282  69%    10M |  99.9   n/a   1   27  1.78M    7   16  69%  81.9M    n/a  n/a
   3   62 |   7 1.0    0      0    0    0   0%    10M |   n/a   n/a   1    0      0    0    0   0%  81.9M    n/a  n/a
   3   63 |   7 1.0    0      0    0    0   0%    10M |   n/a   n/a   1    0      0    0    0   0%  81.9M    n/a  n/a
   0   44 |   7 1.0   19    12M   80  222  73%    10M |  99.9   n/a   1   27   762k    3   14  82%  81.9M    n/a  n/a
   0   45 |   7 1.0   19    14M  105  226  68%    10M |  99.9   n/a   1   27  1.53M    6   10  62%  81.9M    n/a  n/a
   0   46 |   7 1.0   19    14M   92  185  66%    10M |  99.9   n/a   1   27  1.79M    7   11  61%  81.9M    n/a  n/a
   0   47 |   7 1.0   19    13M   91  203  69%    10M |  99.9   n/a   1   27  1.01M    4   10  71%  81.9M    n/a  n/a
   0   48 |   7 1.0    0      0    0    0   0%    10M |   n/a   n/a   1    0      0    0    0   0%  81.9M    n/a  n/a
   0   49 |   7 1.0   19    14M   93  197  67%    10M |  99.9   n/a   1   27  2.80M   11   14  56%  81.9M    n/a  n/a
   0   4a |   7 1.0   19    14M   89  234  72%    10M |  99.9   n/a   1   27  2.81M   11   13  54%  81.9M    n/a  n/a
   0   4b |   7 1.0   19    14M  100  193  65%    10M |  99.9   n/a   1   27  1.50M    6   13  68%  81.9M    n/a  n/a

          |--------------------DL---------------------|-------------------------------UL-----------------------------
 pci rnti | cqi  ri  mcs  brate   ok  nok  (%)  dl_bs | pusch  rsrp  ri  mcs  brate   ok  nok  (%)    bsr     ta  phr
   1   4c |   7 1.0   19    21M  145  387  72%    10M |  99.9   n/a   1   27  2.06M    9   22  70%  81.9M    n/a  n/a
   1   4d |   7 1.0   19    22M  152  357  70%    10M |  99.9   n/a   1   27  1.55M    7   19  73%  81.9M    n/a  n/a
   1   4e |   7 1.0   19    20M  148  328  68%    10M |  99.9   n/a   1   27  1.79M    8   21  72%  81.9M    n/a  n/a
   1   4f |   7 1.0    0      0    0    0   0%    10M |   n/a   n/a   1    0      0    0    0   0%  81.9M    n/a  n/a
   1   50 |   7 1.0   19    20M  149  396  72%    10M |  99.9   n/a   1   27  2.05M    9   20  68%  81.9M    n/a  n/a
   1   51 |   7 1.0    0      0    0    0   0%    10M |   n/a   n/a   1    0      0    0    0   0%  81.9M    n/a  n/a
   1   52 |   7 1.0    0      0    0    0   0%    10M |   n/a   n/a   1    0      0    0    0   0%  81.9M    n/a  n/a
   1   53 |   7 1.0    0      0    0    0   0%    10M |   n/a   n/a   1    0      0    0    0   0%  81.9M    n/a  n/a
   2   54 |   7 1.0   19    10M  100  311  75%    10M |  99.9   n/a   1   27   607k    3   11  78%  81.9M    n/a  n/a
   2   55 |   7 1.0   19    11M  101  285  73%    10M |  99.9   n/a   1   27  1.59M    8   15  65%  81.9M    n/a  n/a
   2   56 |   7 1.0   19    11M   97  318  76%    10M |  99.9   n/a   1   27   402k    2   15  88%  81.9M    n/a  n/a
   2   57 |   7 1.0   19    11M  101  277  73%    10M |  99.9   n/a   1   27  1.39M    7   11  61%  81.9M    n/a  n/a
   2   58 |   7 1.0   19    11M  100  302  75%    10M |  99.9   n/a   1   27   795k    4   15  78%  81.9M    n/a  n/a
   2   59 |   7 1.0    0      0    0    0   0%    10M |   n/a   n/a   1    0      0    0    0   0%  81.9M    n/a  n/a
   2   5a |   7 1.0   19    10M   92  310  77%    10M |  99.9   n/a   1   27  1.20M    6   12  66%  81.9M    n/a  n/a
   2   5b |   7 1.0   19    10M  102  288  73%    10M |  99.9   n/a   1   27  1.58M    8   14  63%  81.9M    n/a  n/a
   3   5c |   7 1.0   19    17M  119  316  72%    10M |  99.9   n/a   1   27  2.03M    8   20  71%  81.9M    n/a  n/a
   3   5d |   7 1.0   19    17M  126  339  72%    10M |  99.9   n/a   1   27  2.53M   10   20  66%  81.9M    n/a  n/a
   3   5e |   7 1.0   19    16M  113  338  74%    10M |  99.9   n/a   1   27  1.76M    7   18  72%  81.9M    n/a  n/a
   3   5f |   7 1.0    0      0    0    0   0%    10M |   n/a   n/a   1    0      0    0    0   0%  81.9M    n/a  n/a
   3   60 |   7 1.0   19    17M  117  306  72%    10M |  99.9   n/a   1   27  1.78M    7   20  74%  81.9M    n/a  n/a
   3   61 |   7 1.0   19    16M  129  380  74%    10M |  99.9   n/a   1   27  1.77M    7   20  74%  81.9M    n/a  n/a
   3   62 |   7 1.0    0      0    0    0   0%    10M |   n/a   n/a   1    0      0    0    0   0%  81.9M    n/a  n/a
   3   63 |   7 1.0    0      0    0    0   0%    10M |   n/a   n/a   1    0      0    0    0   0%  81.9M    n/a  n/a
   0   44 |   7 1.0   19    12M   87  224  72%    10M |  99.9   n/a   1   27  2.79M   11   14  56%  81.9M    n/a  n/a
   0   45 |   7 1.0   19    13M   97  209  68%    10M |  99.9   n/a   1   27  1.01M    4   17  80%  81.9M    n/a  n/a
   0   46 |   7 1.0   19    12M   87  225  72%    10M |  99.9   n/a   1   27  1.27M    5   15  75%  81.9M    n/a  n/a
   0   47 |   7 1.0   19    13M   95  214  69%    10M |  99.9   n/a   1   27  1.01M    4   14  77%  81.9M    n/a  n/a
   0   48 |   7 1.0    0      0    0    0   0%    10M |   n/a   n/a   1    0      0    0    0   0%  81.9M    n/a  n/a
   0   49 |   7 1.0   19    14M   91  199  68%    10M |  99.9   n/a   1   27  1.01M    4   14  77%  81.9M    n/a  n/a
   0   4a |   7 1.0   19    12M   91  237  72%    10M |  99.9   n/a   1   27   250k    1    9  90%  81.9M    n/a  n/a
   0   4b |   7 1.0   19    13M   91  235  72%    10M |  99.9   n/a   1   27  1.51M    6   12  66%  81.9M    n/a  n/a
   1   4c |   7 1.0   19    19M  135  401  74%    10M |  99.9   n/a   1   27  2.98M   13   20  60%  81.9M    n/a  n/a
   1   4d |   7 1.0   19    21M  158  350  68%    10M |  99.9   n/a   1   27  1.80M    8   26  76%  81.9M    n/a  n/a
   1   4e |   7 1.0   19    20M  146  371  71%    10M |  99.9   n/a   1   27  2.70M   12   26  68%  81.9M    n/a  n/a
   1   4f |   7 1.0    0      0    0    0   0%    10M |   n/a   n/a   1    0      0    0    0   0%  81.9M    n/a  n/a
   1   50 |   7 1.0   19    18M  139  405  74%    10M |  99.9   n/a   1   27  2.02M    9   23  71%  81.9M    n/a  n/a
   1   51 |   7 1.0    0      0    0    0   0%    10M |   n/a   n/a   1    0      0    0    0   0%  81.9M    n/a  n/a
   1   52 |   7 1.0    0      0    0    0   0%    10M |   n/a   n/a   1    0      0    0    0   0%  81.9M    n/a  n/a
   1   53 |   7 1.0    0      0    0    0   0%    10M |   n/a   n/a   1    0      0    0    0   0%  81.9M    n/a  n/a
   2   54 |   7 1.0   19    10M   95  347  78%    10M |  99.9   n/a   1   27  1.58M    8   15  65%  81.9M    n/a  n/a
   2   55 |   7 1.0   19   9.8M   85  331  79%    10M |  99.9   n/a   1   27  1.59M    8   11  57%  81.9M    n/a  n/a
   2   56 |   7 1.0   19    10M   89  307  77%    10M |  99.9   n/a   1   27   808k    4   11  73%  81.9M    n/a  n/a
   2   57 |   7 1.0   19    10M   88  337  79%    10M |  99.9   n/a   1   27   599k    3   13  81%  81.9M    n/a  n/a
   2   58 |   7 1.0   19   9.8M   90  370  80%    10M |  99.9   n/a   1   27   787k    4   11  73%  81.9M    n/a  n/a
   2   59 |   7 1.0    0      0    0    0   0%    10M |   n/a   n/a   1    0      0    0    0   0%  81.9M    n/a  n/a
   2   5a |   7 1.0   19  10.0M   92  303  76%    10M |  99.9   n/a   1   27  1.19M    6   11  64%  81.9M    n/a  n/a
   2   5b |   7 1.0   19   9.4M   82  355  81%    10M |  99.9   n/a   1   27  1.39M    7    9  56%  81.9M    n/a  n/a
   3   5c |   7 1.0   19    19M  135  314  69%    10M |  99.9   n/a   1   27  2.04M    8   16  66%  81.9M    n/a  n/a
   3   5d |   7 1.0   19    18M  131  336  71%    10M |  99.9   n/a   1   27  2.02M    8   16  66%  81.9M    n/a  n/a
   3   5e |   7 1.0   19    19M  131  349  72%    10M |  99.9   n/a   1   27  1.76M    7   17  70%  81.9M    n/a  n/a
   3   5f |   7 1.0    0      0    0    0   0%    10M |   n/a   n/a   1    0      0    0    0   0%  81.9M    n/a  n/a
   3   60 |   7 1.0   19    18M  135  349  72%    10M |  99.9   n/a   1   27  1.52M    6   16  72%  81.9M    n/a  n/a
   3   61 |   7 1.0   19    19M  143  310  68%    10M |  99.9   n/a   1   27  2.26M    9   16  64%  81.9M    n/a  n/a
   3   62 |   7 1.0    0      0    0    0   0%    10M |   n/a   n/a   1    0      0    0    0   0%  81.9M    n/a  n/a
   3   63 |   7 1.0    0      0    0    0   0%    10M |   n/a   n/a   1    0      0    0    0   0%  81.9M    n/a  n/a
   0   44 |   7 1.0   19    13M   86  189  68%    10M |  99.9   n/a   1   27   746k    3   13  81%  81.9M    n/a  n/a
   0   45 |   7 1.0   19    13M   96  198  67%    10M |  99.9   n/a   1   27  1.02M    4   11  73%  81.9M    n/a  n/a
   0   46 |   7 1.0   19    12M   91  219  70%    10M |  99.9   n/a   1   27  1.01M    4   12  75%  81.9M    n/a  n/a
   0   47 |   7 1.0   19    13M   89  152  63%    10M |  99.9   n/a   1   27   500k    2   11  84%  81.9M    n/a  n/a
   0   48 |   7 1.0    0      0    0    0   0%    10M |   n/a   n/a   1    0      0    0    0   0%  81.9M    n/a  n/a
   0   49 |   7 1.0   19    13M   97  197  67%    10M |  99.9   n/a   1   27  2.01M    8   11  57%  81.9M    n/a  n/a
   0   4a |   7 1.0   19    13M   86  228  72%    10M |  99.9   n/a   1   27  2.80M   11   13  54%  81.9M    n/a  n/a
   0   4b |   7 1.0   19    13M   95  220  69%    10M |  99.9   n/a   1   27  1.00M    4   14  77%  81.9M    n/a  n/a
   1   4c |   7 1.0   19    23M  168  334  66%    10M |  99.9   n/a   1   27  2.98M   13   25  65%  81.9M    n/a  n/a
   1   4d |   7 1.0   19    23M  163  289  63%    10M |  99.9   n/a   1   27  3.61M   16   20  55%  81.9M    n/a  n/a
   1   4e |   7 1.0   19    23M  166  308  64%    10M |  99.9   n/a   1   27  2.66M   12   18  60%  81.9M    n/a  n/a
   1   4f |   7 1.0    0      0    0    0   0%    10M |   n/a   n/a   1    0      0    0    0   0%  81.9M    n/a  n/a
   1   50 |   7 1.0   19    22M  163  333  67%    10M |  99.9   n/a   1   27  2.69M   12   22  64%  81.9M    n/a  n/a
   1   51 |   7 1.0    0      0    0    0   0%    10M |   n/a   n/a   1    0      0    0    0   0%  81.9M    n/a  n/a
   1   52 |   7 1.0    0      0    0    0   0%    10M |   n/a   n/a   1    0      0    0    0   0%  81.9M    n/a  n/a
   1   53 |   7 1.0    0      0    0    0   0%    10M |   n/a   n/a   1    0      0    0    0   0%  81.9M    n/a  n/a
   2   54 |   7 1.0   19    10M   96  396  80%    10M |  99.9   n/a   1   27  1.40M    7   15  68%  81.9M    n/a  n/a
   2   55 |   7 1.0   19    11M   93  345  78%    10M |  99.9   n/a   1   27  1.18M    6   13  68%  81.9M    n/a  n/a
   2   56 |   7 1.0   19    10M   92  370  80%    10M |  99.9   n/a   1   27  1.59M    8   15  65%  81.9M    n/a  n/a
   2   57 |   7 1.0   19    10M   86  350  80%    10M |  99.9   n/a   1   27  1.41M    7   14  66%  81.9M    n/a  n/a
   2   58 |   7 1.0   19    10M   92  350  79%    10M |  99.9   n/a   1   27  1.39M    7   13  65%  81.9M    n/a  n/a
   2   59 |   7 1.0    0      0    0    0   0%    10M |   n/a   n/a   1    0      0    0    0   0%  81.9M    n/a  n/a
   2   5a |   7 1.0   19    10M   89  324  78%    10M |  99.9   n/a   1   27  1.40M    7   15  68%  81.9M    n/a  n/a
   2   5b |   7 1.0   19    10M   95  329  77%    10M |  99.9   n/a   1   27  1.40M    7   14  66%  81.9M    n/a  n/a
   3   5c |   7 1.0   19    17M  123  311  71%    10M |  99.9   n/a   1   27  2.28M    9   17  65%  81.9M    n/a  n/a
   3   5d |   7 1.0   19    17M  118  280  70%    10M |  99.9   n/a   1   27  2.28M    9   20  68%  81.9M    n/a  n/a
   3   5e |   7 1.0   19    17M  115  329  74%    10M |  99.9   n/a   1   27  2.76M   11   19  63%  81.9M    n/a  n/a
   3   5f |   7 1.0    0      0    0    0   0%    10M |   n/a   n/a   1    0      0    0    0   0%  81.9M    n/a  n/a
   3   60 |   7 1.0   19    17M  116  299  72%    10M |  99.9   n/a   1   27  2.29M    9   17  65%  81.9M    n/a  n/a
   3   61 |   7 1.0   19    18M  120  305  71%    10M |  99.9   n/a   1   27  2.28M    9   18  66%  81.9M    n/a  n/a
   3   62 |   7 1.0    0      0    0    0   0%    10M |   n/a   n/a   1    0      0    0    0   0%  81.9M    n/a  n/a
   3   63 |   7 1.0    0      0    0    0   0%    10M |   n/a   n/a   1    0      0    0    0   0%  81.9M    n/a  n/a

          |--------------------DL---------------------|-------------------------------UL-----------------------------
 pci rnti | cqi  ri  mcs  brate   ok  nok  (%)  dl_bs | pusch  rsrp  ri  mcs  brate   ok  nok  (%)    bsr     ta  phr
   0   44 |   7 1.0   19    11M   83  253  75%    10M |  99.9   n/a   1   27  1.80M    7   13  65%  81.9M    n/a  n/a
   0   45 |   7 1.0   19    11M   85  272  76%    10M |  99.9   n/a   1   27   746k    3   14  82%  81.9M    n/a  n/a
   0   46 |   7 1.0   19    12M   88  256  74%    10M |  99.9   n/a   1   27  1.78M    7   14  66%  81.9M    n/a  n/a
   0   47 |   7 1.0   19    12M   83  241  74%    10M |  99.9   n/a   1   27  1.76M    7   14  66%  81.9M    n/a  n/a
   0   48 |   7 1.0    0      0    0    0   0%    10M |   n/a   n/a   1    0      0    0    0   0%  81.9M    n/a  n/a
   0   49 |   7 1.0   19    11M   77  277  78%    10M |  99.9   n/a   1   27  1.02M    4   13  76%  81.9M    n/a  n/a
   0   4a |   7 1.0   19    12M   87  247  73%    10M |  99.9   n/a   1   27   508k    2   15  88%  81.9M    n/a  n/a
   0   4b |   7 1.0   19    12M   89  258  74%    10M |  99.9   n/a   1   27  1.26M    5   13  72%  81.9M    n/a  n/a
   1   4c |   7 1.0   19    20M  150  334  69%    10M |  99.9   n/a   1   27  2.95M   13   20  60%  81.9M    n/a  n/a
   1   4d |   7 1.0   19    21M  164  278  62%    10M |  99.9   n/a   1   27  2.69M   12   23  65%  81.9M    n/a  n/a
   1   4e |   7 1.0   19    19M  152  381  71%    10M |  99.9   n/a   1   27  1.37M    6   25  80%  81.9M    n/a  n/a
   1   4f |   7 1.0    0      0    0    0   0%    10M |   n/a   n/a   1    0      0    0    0   0%  81.9M    n/a  n/a
   1   50 |   7 1.0   19    20M  153  340  68%    10M |  99.9   n/a   1   27  2.47M   11   25  69%  81.9M    n/a  n/a
   1   51 |   7 1.0    0      0    0    0   0%    10M |   n/a   n/a   1    0      0    0    0   0%  81.9M    n/a  n/a
   1   52 |   7 1.0    0      0    0    0   0%    10M |   n/a   n/a   1    0      0    0    0   0%  81.9M    n/a  n/a
   1   53 |   7 1.0    0      0    0    0   0%    10M |   n/a   n/a   1    0      0    0    0   0%  81.9M    n/a  n/a
   2   54 |   7 1.0   19    11M  104  352  77%    10M |  99.9   n/a   1   27   603k    3   10  76%  81.9M    n/a  n/a
   2   55 |   7 1.0   19    10M   91  343  79%    10M |  99.9   n/a   1   27   590k    3   13  81%  81.9M    n/a  n/a
   2   56 |   7 1.0   19    10M   86  315  78%    10M |  99.9   n/a   1   27  1.19M    6   10  62%  81.9M    n/a  n/a
   2   57 |   7 1.0   19    10M   90  364  80%    10M |  99.9   n/a   1   27  1.19M    6   10  62%  81.9M    n/a  n/a
   2   58 |   7 1.0   19    11M   98  332  77%    10M |  99.9   n/a   1   27  1.39M    7   14  66%  81.9M    n/a  n/a
   2   59 |   7 1.0    0      0    0    0   0%    10M |   n/a   n/a   1    0      0    0    0   0%  81.9M    n/a  n/a
   2   5a |   7 1.0   19    11M   95  288  75%    10M |  99.9   n/a   1   27  1.41M    7   12  63%  81.9M    n/a  n/a
   2   5b |   7 1.0   19    11M   97  330  77%    10M |  99.9   n/a   1   27   992k    5   13  72%  81.9M    n/a  n/a
   3   5c |   7 1.0   19    19M  124  335  72%    10M |  99.9   n/a   1   27  1.53M    6   19  76%  81.9M    n/a  n/a
   3   5d |   7 1.0   19    19M  132  358  73%    10M |  99.9   n/a   1   27  2.54M   10   16  61%  81.9M    n/a  n/a
   3   5e |   7 1.0   19    18M  121  356  74%    10M |  99.9   n/a   1   27  2.27M    9   16  64%  81.9M    n/a  n/a
   3   5f |   7 1.0    0      0    0    0   0%    10M |   n/a   n/a   1    0      0    0    0   0%  81.9M    n/a  n/a
   3   60 |   7 1.0   19    19M  127  341  72%    10M |  99.9   n/a   1   27  1.54M    6   19  76%  81.9M    n/a  n/a
   3   61 |   7 1.0   19    19M  136  321  70%    10M |  99.9   n/a   1   27  2.28M    9   18  66%  81.9M    n/a  n/a
   3   62 |   7 1.0    0      0    0    0   0%    10M |   n/a   n/a   1    0      0    0    0   0%  81.9M    n/a  n/a
   3   63 |   7 1.0    0      0    0    0   0%    10M |   n/a   n/a   1    0      0    0    0   0%  81.9M    n/a  n/a
   0   44 |   7 1.0   19    14M   92  244  72%    10M |  99.9   n/a   1   27  1.78M    7   10  58%  81.9M    n/a  n/a
   0   45 |   7 1.0   19    14M  102  185  64%    10M |  99.9   n/a   1   27  2.52M   10   10  50%  81.9M    n/a  n/a
   0   46 |   7 1.0   19    14M  101  219  68%    10M |  99.9   n/a   1   27  1.51M    6   10  62%  81.9M    n/a  n/a
   0   47 |   7 1.0   19    14M  106  213  66%    10M |  99.9   n/a   1   27  1.79M    7   12  63%  81.9M    n/a  n/a
   0   48 |   7 1.0    0      0    0    0   0%    10M |   n/a   n/a   1    0      0    0    0   0%  81.9M    n/a  n/a
   0   49 |   7 1.0   19    14M   94  207  68%    10M |  99.9   n/a   1   27  2.02M    8   11  57%  81.9M    n/a  n/a
   0   4a |   7 1.0   19    13M   95  239  71%    10M |  99.9   n/a   1   27  1.79M    7   15  68%  81.9M    n/a  n/a
   0   4b |   7 1.0   19    14M  101  252  71%    10M |  99.9   n/a   1   27  1.26M    5   16  76%  81.9M    n/a  n/a
   1   4c |   7 1.0   19    22M  163  318  66%    10M |  99.9   n/a   1   27  2.28M   10   23  69%  81.9M    n/a  n/a
   1   4d |   7 1.0   19    21M  163  344  67%    10M |  99.9   n/a   1   27  2.94M   13   22  62%  81.9M    n/a  n/a
   1   4e |   7 1.0   19    21M  154  309  66%    10M |  99.9   n/a   1   27  3.38M   15   21  58%  81.9M    n/a  n/a
   1   4f |   7 1.0    0      0    0    0   0%    10M |   n/a   n/a   1    0      0    0    0   0%  81.9M    n/a  n/a
   1   50 |   7 1.0   19    21M  156  311  66%    10M |  99.9   n/a   1   27  2.66M   12   19  61%  81.9M    n/a  n/a
   1   51 |   7 1.0    0      0    0    0   0%    10M |   n/a   n/a   1    0      0    0    0   0%  81.9M    n/a  n/a
   1   52 |   7 1.0    0      0    0    0   0%    10M |   n/a   n/a   1    0      0    0    0   0%  81.9M    n/a  n/a
   1   53 |   7 1.0    0      0    0    0   0%    10M |   n/a   n/a   1    0      0    0    0   0%  81.9M    n/a  n/a
   2   54 |   7 1.0   19   9.3M   90  325  78%    10M |  99.9   n/a   1   27  1.41M    7   16  69%  81.9M    n/a  n/a
   2   55 |   7 1.0   19    10M   95  280  74%    10M |  99.9   n/a   1   27  1.39M    7   18  72%  81.9M    n/a  n/a
   2   56 |   7 1.0   19   9.5M   98  333  77%    10M |  99.9   n/a   1   27   795k    4   11  73%  81.9M    n/a  n/a
   2   57 |   7 1.0   19    10M   95  307  76%    10M |  99.9   n/a   1   27  1.20M    6   17  73%  81.9M    n/a  n/a
   2   58 |   7 1.0   19   9.7M   88  317  78%    10M |  99.9   n/a   1   27   414k    2   14  87%  81.9M    n/a  n/a
   2   59 |   7 1.0    0      0    0    0   0%    10M |   n/a   n/a   1    0      0    0    0   0%  81.9M    n/a  n/a
   2   5a |   7 1.0   19   9.3M   81  320  79%    10M |  99.9   n/a   1   27  1.38M    7   10  58%  81.9M    n/a  n/a
   2   5b |   7 1.0   19   9.8M  102  311  75%    10M |  99.9   n/a   1   27  1.60M    8   12  60%  81.9M    n/a  n/a
   3   5c |   7 1.0   19    16M  114  424  78%    10M |  99.9   n/a   1   27  1.51M    6   16  72%  81.9M    n/a  n/a
   3   5d |   7 1.0   19    17M  114  462  80%    10M |  99.9   n/a   1   27  1.77M    7   16  69%  81.9M    n/a  n/a
   3   5e |   7 1.0   19    16M  118  392  76%    10M |  99.9   n/a   1   27  1.75M    7   20  74%  81.9M    n/a  n/a
   3   5f |   7 1.0    0      0    0    0   0%    10M |   n/a   n/a   1    0      0    0    0   0%  81.9M    n/a  n/a
   3   60 |   7 1.0   19    16M  112  407  78%    10M |  99.9   n/a   1   27  1.01M    4   16  80%  81.9M    n/a  n/a
   3   61 |   7 1.0   19    16M  108  377  77%    10M |  99.9   n/a   1   27  2.03M    8   16  66%  81.9M    n/a  n/a
   3   62 |   7 1.0    0      0    0    0   0%    10M |   n/a   n/a   1    0      0    0    0   0%  81.9M    n/a  n/a
   3   63 |   7 1.0    0      0    0    0   0%    10M |   n/a   n/a   1    0      0    0    0   0%  81.9M    n/a  n/a
   0   44 |   7 1.0   19    12M   86  189  68%    10M |  99.9   n/a   1   27   508k    2   11  84%  81.9M    n/a  n/a
   0   45 |   7 1.0   19    11M   86  240  73%    10M |  99.9   n/a   1   27  1.26M    5   14  73%  81.9M    n/a  n/a
   0   46 |   7 1.0   19    11M   79  210  72%    10M |  99.9   n/a   1   27   771k    3   13  81%  81.9M    n/a  n/a
   0   47 |   7 1.0   19    11M   81  202  71%    10M |  99.9   n/a   1   27  1.53M    6   13  68%  81.9M    n/a  n/a
   0   48 |   7 1.0    0      0    0    0   0%    10M |   n/a   n/a   1    0      0    0    0   0%  81.9M    n/a  n/a
   0   49 |   7 1.0   19    11M   84  244  74%    10M |  99.9   n/a   1   27   762k    3   14  82%  81.9M    n/a  n/a
   0   4a |   7 1.0   19    11M   79  230  74%    10M |  99.9   n/a   1   27   771k    3   15  83%  81.9M    n/a  n/a
   0   4b |   7 1.0   19    11M   80  192  70%    10M |  99.9   n/a   1   27   771k    3   12  80%  81.9M    n/a  n/a
   1   4c |   7 1.0   19    19M  148  323  68%    10M |  99.9   n/a   1   27  2.27M   10   22  68%  81.9M    n/a  n/a
   1   4d |   7 1.0   19    19M  146  362  71%    10M |  99.9   n/a   1   27   901k    4   23  85%  81.9M    n/a  n/a
   1   4e |   7 1.0   19    17M  135  413  75%    10M |  99.9   n/a   1   27   885k    4   26  86%  81.9M    n/a  n/a
   1   4f |   7 1.0    0      0    0    0   0%    10M |   n/a   n/a   1    0      0    0    0   0%  81.9M    n/a  n/a
   1   50 |   7 1.0   19    18M  140  344  71%    10M |  99.9   n/a   1   27  1.56M    7   26  78%  81.9M    n/a  n/a
   1   51 |   7 1.0    0      0    0    0   0%    10M |   n/a   n/a   1    0      0    0    0   0%  81.9M    n/a  n/a
   1   52 |   7 1.0    0      0    0    0   0%    10M |   n/a   n/a   1    0      0    0    0   0%  81.9M    n/a  n/a
   1   53 |   7 1.0    0      0    0    0   0%    10M |   n/a   n/a   1    0      0    0    0   0%  81.9M    n/a  n/a
   2   54 |   7 1.0   19    11M   94  230  70%    10M |  99.9   n/a   1   27  1.00M    5   11  68%  81.9M    n/a  n/a
   2   55 |   7 1.0   19    12M  112  249  68%    10M |  99.9   n/a   1   27   603k    3   11  78%  81.9M    n/a  n/a
   2   56 |   7 1.0   19   9.9M   84  300  78%    10M |  99.9   n/a   1   27  1.20M    6   12  66%  81.9M    n/a  n/a
   2   57 |   7 1.0   19    11M  100  223  69%    10M |  99.9   n/a   1   27  2.16M   11   11  50%  81.9M    n/a  n/a
   2   58 |   7 1.0   19    11M  108  274  71%    10M |  99.9   n/a   1   27  1.59M    8   10  55%  81.9M    n/a  n/a
   2   59 |   7 1.0    0      0    0    0   0%    10M |   n/a   n/a   1    0      0    0    0   0%  81.9M    n/a  n/a
   2   5a |   7 1.0   19    11M   93  273  74%    10M |  99.9   n/a   1   27  1.81M    9   15  62%  81.9M    n/a  n/a
   2   5b |   7 1.0   19    12M  102  245  70%    10M |  99.9   n/a   1   27   394k    2   12  85%  81.9M    n/a  n/a

          |--------------------DL---------------------|-------------------------------UL-----------------------------
 pci rnti | cqi  ri  mcs  brate   ok  nok  (%)  dl_bs | pusch  rsrp  ri  mcs  brate   ok  nok  (%)    bsr     ta  phr
   3   5c |   7 1.0   19    17M  117  346  74%    10M |  99.9   n/a   1   27  1.52M    6   20  76%  81.9M    n/a  n/a
   3   5d |   7 1.0   19    17M  122  383  75%    10M |  99.9   n/a   1   27  1.26M    5   20  80%  81.9M    n/a  n/a
   3   5e |   7 1.0   19    16M  114  391  77%    10M |  99.9   n/a   1   27  2.76M   11   16  59%  81.9M    n/a  n/a
   3   5f |   7 1.0    0      0    0    0   0%    10M |   n/a   n/a   1    0      0    0    0   0%  81.9M    n/a  n/a
   3   60 |   7 1.0   19    17M  126  338  72%    10M |  99.9   n/a   1   27  1.52M    6   20  76%  81.9M    n/a  n/a
   3   61 |   7 1.0   19    16M  124  385  75%    10M |  99.9   n/a   1   27  1.77M    7   20  74%  81.9M    n/a  n/a
   3   62 |   7 1.0    0      0    0    0   0%    10M |   n/a   n/a   1    0      0    0    0   0%  81.9M    n/a  n/a
   3   63 |   7 1.0    0      0    0    0   0%    10M |   n/a   n/a   1    0      0    0    0   0%  81.9M    n/a  n/a
   0   44 |   7 1.0   19    14M   93  239  71%    10M |  99.9   n/a   1   27  2.52M   10   13  56%  81.9M    n/a  n/a
   0   45 |   7 1.0   19    14M  100  206  67%    10M |  99.9   n/a   1   27  1.26M    5   11  68%  81.9M    n/a  n/a
   0   46 |   7 1.0   19    14M   93  215  69%    10M |  99.9   n/a   1   27  2.03M    8   11  57%  81.9M    n/a  n/a
   0   47 |   7 1.0   19    13M   95  209  68%    10M |  99.9   n/a   1   27   750k    3   15  83%  81.9M    n/a  n/a
   0   48 |   7 1.0    0      0    0    0   0%    10M |   n/a   n/a   1    0      0    0    0   0%  81.9M    n/a  n/a
   0   49 |   7 1.0   19    14M   99  198  66%    10M |  99.9   n/a   1   27  1.53M    6   12  66%  81.9M    n/a  n/a
   0   4a |   7 1.0   19    13M   82  193  70%    10M |  99.9   n/a   1   27  2.27M    9   12  57%  81.9M    n/a  n/a
   0   4b |   7 1.0   19    13M   96  214  69%    10M |  99.9   n/a   1   27  2.28M    9   13  59%  81.9M    n/a  n/a
   1   4c |   7 1.0   19    21M  154  307  66%    10M |  99.9   n/a   1   27  2.50M   11   22  66%  81.9M    n/a  n/a
   1   4d |   7 1.0   19    21M  168  305  64%    10M |  99.9   n/a   1   27  2.66M   12   21  63%  81.9M    n/a  n/a
   1   4e |   7 1.0   19    19M  149  386  72%    10M |  99.9   n/a   1   27  3.15M   14   22  61%  81.9M    n/a  n/a
   1   4f |   7 1.0    0      0    0    0   0%    10M |   n/a   n/a   1    0      0    0    0   0%  81.9M    n/a  n/a
   1   50 |   7 1.0   19    21M  167  306  64%    10M |  99.9   n/a   1   27  3.60M   16   17  51%  81.9M    n/a  n/a
   1   51 |   7 1.0    0      0    0    0   0%    10M |   n/a   n/a   1    0      0    0    0   0%  81.9M    n/a  n/a
   1   52 |   7 1.0    0      0    0    0   0%    10M |   n/a   n/a   1    0      0    0    0   0%  81.9M    n/a  n/a
   1   53 |   7 1.0    0      0    0    0   0%    10M |   n/a   n/a   1    0      0    0    0   0%  81.9M    n/a  n/a
   2   54 |   7 1.0   19   9.1M   82  375  82%    10M |  99.9   n/a   1   27  1.18M    6   10  62%  81.9M    n/a  n/a
   2   55 |   7 1.0   19   9.5M   88  298  77%    10M |  99.9   n/a   1   27  1.38M    7   12  63%  81.9M    n/a  n/a
   2   56 |   7 1.0   19  10.0M   94  307  76%    10M |  99.9   n/a   1   27  1.40M    7   18  72%  81.9M    n/a  n/a
   2   57 |   7 1.0   19   9.7M   94  328  77%    10M |  99.9   n/a   1   27   795k    4   10  71%  81.9M    n/a  n/a
   2   58 |   7 1.0   19   9.3M   97  309  76%    10M |  99.9   n/a   1   27   787k    4   14  77%  81.9M    n/a  n/a
   2   59 |   7 1.0    0      0    0    0   0%    10M |   n/a   n/a   1    0      0    0    0   0%  81.9M    n/a  n/a
   2   5a |   7 1.0   19   9.6M   81  305  79%    10M |  99.9   n/a   1   27   803k    4   14  77%  81.9M    n/a  n/a
   2   5b |   7 1.0   19   9.7M   96  299  75%    10M |  99.9   n/a   1   27  1.40M    7   17  70%  81.9M    n/a  n/a
   3   5c |   7 1.0   19    20M  138  426  75%    10M |  99.9   n/a   1   27  2.29M    9   16  64%  81.9M    n/a  n/a
   3   5d |   7 1.0   19    20M  130  380  74%    10M |  99.9   n/a   1   27  2.53M   10   16  61%  81.9M    n/a  n/a
   3   5e |   7 1.0   19    20M  127  387  75%    10M |  99.9   n/a   1   27  2.27M    9   17  65%  81.9M    n/a  n/a
   3   5f |   7 1.0    0      0    0    0   0%    10M |   n/a   n/a   1    0      0    0    0   0%  81.9M    n/a  n/a
   3   60 |   7 1.0   19    20M  134  360  72%    10M |  99.9   n/a   1   27  2.29M    9   16  64%  81.9M    n/a  n/a
   3   61 |   7 1.0   19    20M  135  368  73%    10M |  99.9   n/a   1   27  2.28M    9   16  64%  81.9M    n/a  n/a
   3   62 |   7 1.0    0      0    0    0   0%    10M |   n/a   n/a   1    0      0    0    0   0%  81.9M    n/a  n/a
   3   63 |   7 1.0    0      0    0    0   0%    10M |   n/a   n/a   1    0      0    0    0   0%  81.9M    n/a  n/a
   0   44 |   7 1.0   19    14M   96  165  63%    10M |  99.9   n/a   1   27  3.53M   14   12  46%  81.9M    n/a  n/a
   0   45 |   7 1.0   19    15M  108  187  63%    10M |  99.9   n/a   1   27  1.53M    6   12  66%  81.9M    n/a  n/a
   0   46 |   7 1.0   19    14M   95  182  65%    10M |  99.9   n/a   1   27  2.81M   11    9  45%  81.9M    n/a  n/a
   0   47 |   7 1.0   19    14M   93  173  65%    10M |  99.9   n/a   1   27  3.05M   12   12  50%  81.9M    n/a  n/a
   0   48 |   7 1.0    0      0    0    0   0%    10M |   n/a   n/a   1    0      0    0    0   0%  81.9M    n/a  n/a
   0   49 |   7 1.0   19    15M  106  172  61%    10M |  99.9   n/a   1   27  1.77M    7   10  58%  81.9M    n/a  n/a
   0   4a |   7 1.0   19    14M  103  218  67%    10M |  99.9   n/a   1   27  2.28M    9    9  50%  81.9M    n/a  n/a
   0   4b |   7 1.0   19    15M  109  186  63%    10M |  99.9   n/a   1   27  3.55M   14   13  48%  81.9M    n/a  n/a
   1   4c |   7 1.0   19    21M  156  344  68%    10M |  99.9   n/a   1   27  2.53M   11   23  67%  81.9M    n/a  n/a
   1   4d |   7 1.0   19    23M  173  323  65%    10M |  99.9   n/a   1   27  2.04M    9   20  68%  81.9M    n/a  n/a
   1   4e |   7 1.0   19    22M  165  294  64%    10M |  99.9   n/a   1   27  3.80M   17   18  51%  81.9M    n/a  n/a
   1   4f |   7 1.0    0      0    0    0   0%    10M |   n/a   n/a   1    0      0    0    0   0%  81.9M    n/a  n/a
   1   50 |   7 1.0   19    20M  152  335  68%    10M |  99.9   n/a   1   27  4.05M   18   22  55%  81.9M    n/a  n/a
   1   51 |   7 1.0    0      0    0    0   0%    10M |   n/a   n/a   1    0      0    0    0   0%  81.9M    n/a  n/a
   1   52 |   7 1.0    0      0    0    0   0%    10M |   n/a   n/a   1    0      0    0    0   0%  81.9M    n/a  n/a
   1   53 |   7 1.0    0      0    0    0   0%    10M |   n/a   n/a   1    0      0    0    0   0%  81.9M    n/a  n/a
   2   54 |   7 1.0   19    12M  115  219  65%    10M |  99.9   n/a   1   27   812k    4   11  73%  81.9M    n/a  n/a
   2   55 |   7 1.0   19    11M  113  245  68%    10M |  99.9   n/a   1   27  1.21M    6   16  72%  81.9M    n/a  n/a
   2   56 |   7 1.0   19    11M  107  308  74%    10M |  99.9   n/a   1   27   787k    4   10  71%  81.9M    n/a  n/a
   2   57 |   7 1.0   19    11M  106  284  72%    10M |  99.9   n/a   1   27  2.38M   12   15  55%  81.9M    n/a  n/a
   2   58 |   7 1.0   19    11M  103  270  72%    10M |  99.9   n/a   1   27  1.79M    9   11  55%  81.9M    n/a  n/a
   2   59 |   7 1.0    0      0    0    0   0%    10M |   n/a   n/a   1    0      0    0    0   0%  81.9M    n/a  n/a
   2   5a |   7 1.0   19    11M  102  262  71%    10M |  99.9   n/a   1   27  1.18M    6   10  62%  81.9M    n/a  n/a
   2   5b |   7 1.0   19    11M  103  279  73%    10M |  99.9   n/a   1   27  1.20M    6   10  62%  81.9M    n/a  n/a
   3   5c |   7 1.0   19    18M  115  430  78%    10M |  99.9   n/a   1   27  2.29M    9   16  64%  81.9M    n/a  n/a
   3   5d |   7 1.0   19    18M  128  430  77%    10M |  99.9   n/a   1   27  2.54M   10   17  62%  81.9M    n/a  n/a
   3   5e |   7 1.0   19    18M  119  368  75%    10M |  99.9   n/a   1   27  2.26M    9   19  67%  81.9M    n/a  n/a
   3   5f |   7 1.0    0      0    0    0   0%    10M |   n/a   n/a   1    0      0    0    0   0%  81.9M    n/a  n/a
   3   60 |   7 1.0   19    17M  121  408  77%    10M |  99.9   n/a   1   27  2.27M    9   17  65%  81.9M    n/a  n/a
   3   61 |   7 1.0   19    18M  119  430  78%    10M |  99.9   n/a   1   27  2.03M    8   16  66%  81.9M    n/a  n/a
   3   62 |   7 1.0    0      0    0    0   0%    10M |   n/a   n/a   1    0      0    0    0   0%  81.9M    n/a  n/a
   3   63 |   7 1.0    0      0    0    0   0%    10M |   n/a   n/a   1    0      0    0    0   0%  81.9M    n/a  n/a
   0   44 |   7 1.0   19    13M   90  274  75%    10M |  99.9   n/a   1   27  1.29M    5   15  75%  81.9M    n/a  n/a
   0   45 |   7 1.0   19    13M   91  224  71%    10M |  99.9   n/a   1   27  3.05M   12   12  50%  81.9M    n/a  n/a
   0   46 |   7 1.0   19    13M   91  243  72%    10M |  99.9   n/a   1   27  2.04M    8   11  57%  81.9M    n/a  n/a
   0   47 |   7 1.0   19    14M   92  245  72%    10M |  99.9   n/a   1   27  2.02M    8   13  61%  81.9M    n/a  n/a
   0   48 |   7 1.0    0      0    0    0   0%    10M |   n/a   n/a   1    0      0    0    0   0%  81.9M    n/a  n/a
   0   49 |   7 1.0   19    14M   93  219  70%    10M |  99.9   n/a   1   27  2.02M    8   12  60%  81.9M    n/a  n/a
   0   4a |   7 1.0   19    13M   92  248  72%    10M |  99.9   n/a   1   27  1.51M    6   12  66%  81.9M    n/a  n/a
   0   4b |   7 1.0   19    13M   92  257  73%    10M |  99.9   n/a   1   27  1.01M    4    6  60%  81.9M    n/a  n/a
   1   4c |   7 1.0   19    21M  153  351  69%    10M |  99.9   n/a   1   27  2.75M   12   20  62%  81.9M    n/a  n/a
   1   4d |   7 1.0   19    21M  153  333  68%    10M |  99.9   n/a   1   27  1.81M    8   21  72%  81.9M    n/a  n/a
   1   4e |   7 1.0   19    20M  145  335  69%    10M |  99.9   n/a   1   27  2.02M    9   18  66%  81.9M    n/a  n/a
   1   4f |   7 1.0    0      0    0    0   0%    10M |   n/a   n/a   1    0      0    0    0   0%  81.9M    n/a  n/a
   1   50 |   7 1.0   19    20M  143  419  74%    10M |  99.9   n/a   1   27  1.80M    8   21  72%  81.9M    n/a  n/a
   1   51 |   7 1.0    0      0    0    0   0%    10M |   n/a   n/a   1    0      0    0    0   0%  81.9M    n/a  n/a
   1   52 |   7 1.0    0      0    0    0   0%    10M |   n/a   n/a   1    0      0    0    0   0%  81.9M    n/a  n/a
   1   53 |   7 1.0    0      0    0    0   0%    10M |   n/a   n/a   1    0      0    0    0   0%  81.9M    n/a  n/a

          |--------------------DL---------------------|-------------------------------UL-----------------------------
 pci rnti | cqi  ri  mcs  brate   ok  nok  (%)  dl_bs | pusch  rsrp  ri  mcs  brate   ok  nok  (%)    bsr     ta  phr
   2   54 |   7 1.0   19    10M   98  216  68%    10M |  99.9   n/a   1   27  1.38M    7   14  66%  81.9M    n/a  n/a
   2   55 |   7 1.0   19    11M   99  209  67%    10M |  99.9   n/a   1   27  1.00M    5   10  66%  81.9M    n/a  n/a
   2   56 |   7 1.0   19   9.7M   82  243  74%    10M |  99.9   n/a   1   27  1.21M    6   14  70%  81.9M    n/a  n/a
   2   57 |   7 1.0   19   9.6M   88  213  70%    10M |  99.9   n/a   1   27   996k    5    9  64%  81.9M    n/a  n/a
   2   58 |   7 1.0   19   9.8M   94  189  66%    10M |  99.9   n/a   1   27   808k    4    8  66%  81.9M    n/a  n/a
   2   59 |   7 1.0    0      0    0    0   0%    10M |   n/a   n/a   1    0      0    0    0   0%  81.9M    n/a  n/a
   2   5a |   7 1.0   19    10M   90  202  69%    10M |  99.9   n/a   1   27  1.40M    7   14  66%  81.9M    n/a  n/a
   2   5b |   7 1.0   19    10M   88  226  71%    10M |  99.9   n/a   1   27  2.02M   10   12  54%  81.9M    n/a  n/a
   3   5c |   7 1.0   19    17M  125  382  75%    10M |  99.9   n/a   1   27  2.29M    9   19  67%  81.9M    n/a  n/a
   3   5d |   7 1.0   19    17M  128  404  75%    10M |  99.9   n/a   1   27  2.28M    9   19  67%  81.9M    n/a  n/a
   3   5e |   7 1.0   19    17M  118  358  75%    10M |  99.9   n/a   1   27  1.76M    7   16  69%  81.9M    n/a  n/a
   3   5f |   7 1.0    0      0    0    0   0%    10M |   n/a   n/a   1    0      0    0    0   0%  81.9M    n/a  n/a
   3   60 |   7 1.0   19    17M  124  338  73%    10M |  99.9   n/a   1   27  2.28M    9   19  67%  81.9M    n/a  n/a
   3   61 |   7 1.0   19    17M  133  376  73%    10M |  99.9   n/a   1   27  2.03M    8   20  71%  81.9M    n/a  n/a
   3   62 |   7 1.0    0      0    0    0   0%    10M |   n/a   n/a   1    0      0    0    0   0%  81.9M    n/a  n/a
   3   63 |   7 1.0    0      0    0    0   0%    10M |   n/a   n/a   1    0      0    0    0   0%  81.9M    n/a  n/a
   0   44 |   7 1.0   19    13M   96  292  75%    10M |  99.9   n/a   1   27   750k    3   13  81%  81.9M    n/a  n/a
   0   45 |   7 1.0   19    12M   80  291  78%    10M |  99.9   n/a   1   27  1.01M    4   11  73%  81.9M    n/a  n/a
   0   46 |   7 1.0   19    14M   96  252  72%    10M |  99.9   n/a   1   27  1.79M    7   13  65%  81.9M    n/a  n/a
   0   47 |   7 1.0   19    12M   80  269  77%    10M |  99.9   n/a   1   27   762k    3   12  80%  81.9M    n/a  n/a
   0   48 |   7 1.0    0      0    0    0   0%    10M |   n/a   n/a   1    0      0    0    0   0%  81.9M    n/a  n/a
   0   49 |   7 1.0   19    13M   87  243  73%    10M |  99.9   n/a   1   27  1.79M    7   12  63%  81.9M    n/a  n/a
   0   4a |   7 1.0   19    14M  106  239  69%    10M |  99.9   n/a   1   27  2.28M    9   13  59%  81.9M    n/a  n/a
   0   4b |   7 1.0   19    12M   80  296  78%    10M |  99.9   n/a   1   27  1.26M    5   15  75%  81.9M    n/a  n/a
   1   4c |   7 1.0   19    18M  134  489  78%    10M |  99.9   n/a   1   27  1.38M    6   25  80%  81.9M    n/a  n/a
   1   4d |   7 1.0   19    18M  132  466  77%    10M |  99.9   n/a   1   27  2.00M    9   27  75%  81.9M    n/a  n/a
   1   4e |   7 1.0   19    18M  137  486  78%    10M |  99.9   n/a   1   27  2.23M   10   25  71%  81.9M    n/a  n/a
   1   4f |   7 1.0    0      0    0    0   0%    10M |   n/a   n/a   1    0      0    0    0   0%  81.9M    n/a  n/a
   1   50 |   7 1.0   19    18M  125  502  80%    10M |  99.9   n/a   1   27  2.01M    9   23  71%  81.9M    n/a  n/a
   1   51 |   7 1.0    0      0    0    0   0%    10M |   n/a   n/a   1    0      0    0    0   0%  81.9M    n/a  n/a
   1   52 |   7 1.0    0      0    0    0   0%    10M |   n/a   n/a   1    0      0    0    0   0%  81.9M    n/a  n/a
   1   53 |   7 1.0    0      0    0    0   0%    10M |   n/a   n/a   1    0      0    0    0   0%  81.9M    n/a  n/a
   2   54 |   7 1.0   19   8.8M   82  271  76%    10M |  99.9   n/a   1   27  1.02M    5   16  76%  81.9M    n/a  n/a
   2   55 |   7 1.0   19   9.8M   87  285  76%    10M |  99.9   n/a   1   27   816k    4   12  75%  81.9M    n/a  n/a
   2   56 |   7 1.0   19   9.7M   90  271  75%    10M |  99.9   n/a   1   27  1.00M    5   14  73%  81.9M    n/a  n/a
   2   57 |   7 1.0   19   9.4M   82  276  77%    10M |  99.9   n/a   1   27   586k    3   16  84%  81.9M    n/a  n/a
   2   58 |   7 1.0   19   9.8M   95  308  76%    10M |  99.9   n/a   1   27   603k    3   13  81%  81.9M    n/a  n/a
   2   59 |   7 1.0    0      0    0    0   0%    10M |   n/a   n/a   1    0      0    0    0   0%  81.9M    n/a  n/a
   2   5a |   7 1.0   19   8.8M   84  291  77%    10M |  99.9   n/a   1   27   414k    2   15  88%  81.9M    n/a  n/a
   2   5b |   7 1.0   19   9.2M   90  255  73%    10M |  99.9   n/a   1   27   619k    3   11  78%  81.9M    n/a  n/a
   3   5c |   7 1.0   19    19M  140  307  68%    10M |  99.9   n/a   1   27  1.51M    6   17  73%  81.9M    n/a  n/a
   3   5d |   7 1.0   19    19M  131  337  72%    10M |  99.9   n/a   1   27  2.03M    8   16  66%  81.9M    n/a  n/a
   3   5e |   7 1.0   19    18M  119  346  74%    10M |  99.9   n/a   1   27   746k    3   20  86%  81.9M    n/a  n/a
   3   5f |   7 1.0    0      0    0    0   0%    10M |   n/a   n/a   1    0      0    0    0   0%  81.9M    n/a  n/a
   3   60 |   7 1.0   19    18M  127  345  73%    10M |  99.9   n/a   1   27  1.77M    7   16  69%  81.9M    n/a  n/a
   3   61 |   7 1.0   19    19M  134  355  72%    10M |  99.9   n/a   1   27  1.52M    6   16  72%  81.9M    n/a  n/a
   3   62 |   7 1.0    0      0    0    0   0%    10M |   n/a   n/a   1    0      0    0    0   0%  81.9M    n/a  n/a
   3   63 |   7 1.0    0      0    0    0   0%    10M |   n/a   n/a   1    0      0    0    0   0%  81.9M    n/a  n/a
   0   44 |   7 1.0   19    15M  102  206  66%    10M |  99.9   n/a   1   27  2.03M    8   13  61%  81.9M    n/a  n/a
   0   45 |   7 1.0   19    13M   93  225  70%    10M |  99.9   n/a   1   27  2.53M   10   12  54%  81.9M    n/a  n/a
   0   46 |   7 1.0   19    13M   85  243  74%    10M |  99.9   n/a   1   27  1.77M    7   12  63%  81.9M    n/a  n/a
   0   47 |   7 1.0   19    13M   95  241  71%    10M |  99.9   n/a   1   27  1.53M    6   11  64%  81.9M    n/a  n/a
   0   48 |   7 1.0    0      0    0    0   0%    10M |   n/a   n/a   1    0      0    0    0   0%  81.9M    n/a  n/a
   0   49 |   7 1.0   19    14M   92  221  70%    10M |  99.9   n/a   1   27  2.03M    8   14  63%  81.9M    n/a  n/a
   0   4a |   7 1.0   19    14M   89  226  71%    10M |  99.9   n/a   1   27  2.01M    8   13  61%  81.9M    n/a  n/a
   0   4b |   7 1.0   19    14M   98  232  70%    10M |  99.9   n/a   1   27  1.77M    7   12  63%  81.9M    n/a  n/a
   1   4c |   7 1.0   19    23M  163  388  70%    10M |  99.9   n/a   1   27  3.21M   14   20  58%  81.9M    n/a  n/a
   1   4d |   7 1.0   19    24M  166  403  70%    10M |  99.9   n/a   1   27  1.79M    8   19  70%  81.9M    n/a  n/a
   1   4e |   7 1.0   19    24M  162  419  72%    10M |  99.9   n/a   1   27  2.49M   11   20  64%  81.9M    n/a  n/a
   1   4f |   7 1.0    0      0    0    0   0%    10M |   n/a   n/a   1    0      0    0    0   0%  81.9M    n/a  n/a
   1   50 |   7 1.0   19    24M  171  363  67%    10M |  99.9   n/a   1   27  4.94M   22   21  48%  81.9M    n/a  n/a
   1   51 |   7 1.0    0      0    0    0   0%    10M |   n/a   n/a   1    0      0    0    0   0%  81.9M    n/a  n/a
   1   52 |   7 1.0    0      0    0    0   0%    10M |   n/a   n/a   1    0      0    0    0   0%  81.9M    n/a  n/a
   1   53 |   7 1.0    0      0    0    0   0%    10M |   n/a   n/a   1    0      0    0    0   0%  81.9M    n/a  n/a
   2   54 |   7 1.0   19    10M   91  219  70%    10M |  99.9   n/a   1   27   586k    3   10  76%  81.9M    n/a  n/a
   2   55 |   7 1.0   19    11M   93  209  69%    10M |  99.9   n/a   1   27  1.59M    8   17  68%  81.9M    n/a  n/a
   2   56 |   7 1.0   19   9.4M   79  278  77%    10M |  99.9   n/a   1   27   193k    1   11  91%  81.9M    n/a  n/a
   2   57 |   7 1.0   19    10M  104  238  69%    10M |  99.9   n/a   1   27  1.39M    7   11  61%  81.9M    n/a  n/a
   2   58 |   7 1.0   19    10M   85  227  72%    10M |  99.9   n/a   1   27   980k    5   15  75%  81.9M    n/a  n/a
   2   59 |   7 1.0    0      0    0    0   0%    10M |   n/a   n/a   1    0      0    0    0   0%  81.9M    n/a  n/a
   2   5a |   7 1.0   19    11M   99  282  74%    10M |  99.9   n/a   1   27   992k    5   10  66%  81.9M    n/a  n/a
   2   5b |   7 1.0   19    10M   98  247  71%    10M |  99.9   n/a   1   27  1.59M    8   14  63%  81.9M    n/a  n/a
   3   5c |   7 1.0   19    18M  134  340  71%    10M |  99.9   n/a   1   27  2.27M    9   20  68%  81.9M    n/a  n/a
   3   5d |   7 1.0   19    20M  138  297  68%    10M |  99.9   n/a   1   27  2.54M   10   16  61%  81.9M    n/a  n/a
   3   5e |   7 1.0   19    19M  128  271  67%    10M |  99.9   n/a   1   27  3.02M   12   16  57%  81.9M    n/a  n/a
   3   5f |   7 1.0    0      0    0    0   0%    10M |   n/a   n/a   1    0      0    0    0   0%  81.9M    n/a  n/a
   3   60 |   7 1.0   19    20M  148  254  63%    10M |  99.9   n/a   1   27  3.04M   12   16  57%  81.9M    n/a  n/a
   3   61 |   7 1.0   19    19M  134  273  67%    10M |  99.9   n/a   1   27  2.02M    8   20  71%  81.9M    n/a  n/a
   3   62 |   7 1.0    0      0    0    0   0%    10M |   n/a   n/a   1    0      0    0    0   0%  81.9M    n/a  n/a
   3   63 |   7 1.0    0      0    0    0   0%    10M |   n/a   n/a   1    0      0    0    0   0%  81.9M    n/a  n/a
   0   44 |   7 1.0   19    12M   86  266  75%    10M |  99.9   n/a   1   27  2.55M   10   13  56%  81.9M    n/a  n/a
   0   45 |   7 1.0   19    12M   83  260  75%    10M |  99.9   n/a   1   27   758k    3   12  80%  81.9M    n/a  n/a
   0   46 |   7 1.0   19    13M   99  242  70%    10M |  99.9   n/a   1   27  2.28M    9   15  62%  81.9M    n/a  n/a
   0   47 |   7 1.0   19    12M   86  245  74%    10M |  99.9   n/a   1   27   762k    3   15  83%  81.9M    n/a  n/a
   0   48 |   7 1.0    0      0    0    0   0%    10M |   n/a   n/a   1    0      0    0    0   0%  81.9M    n/a  n/a
   0   49 |   7 1.0   19    13M   94  223  70%    10M |  99.9   n/a   1   27  2.28M    9   10  52%  81.9M    n/a  n/a
   0   4a |   7 1.0   19    13M   82  231  73%    10M |  99.9   n/a   1   27  2.03M    8    8  50%  81.9M    n/a  n/a
   0   4b |   7 1.0   19    12M   81  230  73%    10M |  99.9   n/a   1   27  1.78M    7   10  58%  81.9M    n/a  n/a

          |--------------------DL---------------------|-------------------------------UL-----------------------------
 pci rnti | cqi  ri  mcs  brate   ok  nok  (%)  dl_bs | pusch  rsrp  ri  mcs  brate   ok  nok  (%)    bsr     ta  phr
   1   4c |   7 1.0   19    18M  131  561  81%    10M |  99.9   n/a   1   27  1.61M    7   20  74%  81.9M    n/a  n/a
   1   4d |   7 1.0   19    18M  127  474  78%    10M |  99.9   n/a   1   27  2.90M   13   23  63%  81.9M    n/a  n/a
   1   4e |   7 1.0   19    18M  126  463  78%    10M |  99.9   n/a   1   27  1.58M    7   22  75%  81.9M    n/a  n/a
   1   4f |   7 1.0    0      0    0    0   0%    10M |   n/a   n/a   1    0      0    0    0   0%  81.9M    n/a  n/a
   1   50 |   7 1.0   19    19M  139  486  77%    10M |  99.9   n/a   1   27  1.34M    6   18  75%  81.9M    n/a  n/a
   1   51 |   7 1.0    0      0    0    0   0%    10M |   n/a   n/a   1    0      0    0    0   0%  81.9M    n/a  n/a
   1   52 |   7 1.0    0      0    0    0   0%    10M |   n/a   n/a   1    0      0    0    0   0%  81.9M    n/a  n/a
   1   53 |   7 1.0    0      0    0    0   0%    10M |   n/a   n/a   1    0      0    0    0   0%  81.9M    n/a  n/a
   2   54 |   7 1.0   19   9.9M   84  202  70%    10M |  99.9   n/a   1   27   996k    5   12  70%  81.9M    n/a  n/a
   2   55 |   7 1.0   19    11M   96  183  65%    10M |  99.9   n/a   1   27   197k    1   13  92%  81.9M    n/a  n/a
   2   56 |   7 1.0   19   9.8M   94  238  71%    10M |  99.9   n/a   1   27  1.20M    6    8  57%  81.9M    n/a  n/a
   2   57 |   7 1.0   19    11M   99  192  65%    10M |  99.9   n/a   1   27  1.82M    9   13  59%  81.9M    n/a  n/a
   2   58 |   7 1.0   19    11M   94  180  65%    10M |  99.9   n/a   1   27  2.00M   10   13  56%  81.9M    n/a  n/a
   2   59 |   7 1.0    0      0    0    0   0%    10M |   n/a   n/a   1    0      0    0    0   0%  81.9M    n/a  n/a
   2   5a |   7 1.0   19    11M   92  174  65%    10M |  99.9   n/a   1   27  1.61M    8    9  52%  81.9M    n/a  n/a
   2   5b |   7 1.0   19    10M   91  213  70%    10M |  99.9   n/a   1   27  1.02M    5   15  75%  81.9M    n/a  n/a
   3   5c |   7 1.0   19    18M  128  264  67%    10M |  99.9   n/a   1   27  1.75M    7   16  69%  81.9M    n/a  n/a
   3   5d |   7 1.0   19    17M  129  273  67%    10M |  99.9   n/a   1   27  1.27M    5   20  80%  81.9M    n/a  n/a
   3   5e |   7 1.0   19    17M  114  266  70%    10M |  99.9   n/a   1   27  1.77M    7   16  69%  81.9M    n/a  n/a
   3   5f |   7 1.0    0      0    0    0   0%    10M |   n/a   n/a   1    0      0    0    0   0%  81.9M    n/a  n/a
   3   60 |   7 1.0   19    16M  108  299  73%    10M |  99.9   n/a   1   27  1.25M    5   20  80%  81.9M    n/a  n/a
   3   61 |   7 1.0   19    17M  130  292  69%    10M |  99.9   n/a   1   27  1.51M    6   16  72%  81.9M    n/a  n/a
   3   62 |   7 1.0    0      0    0    0   0%    10M |   n/a   n/a   1    0      0    0    0   0%  81.9M    n/a  n/a
   3   63 |   7 1.0    0      0    0    0   0%    10M |   n/a   n/a   1    0      0    0    0   0%  81.9M    n/a  n/a
   0   44 |   7 1.0   19    13M   90  298  76%    10M |  99.9   n/a   1   27  1.52M    6   10  62%  81.9M    n/a  n/a
   0   45 |   7 1.0   19    14M   90  286  76%    10M |  99.9   n/a   1   27  2.02M    8    9  52%  81.9M    n/a  n/a
   0   46 |   7 1.0   19    14M   90  314  77%    10M |  99.9   n/a   1   27  1.53M    6   12  66%  81.9M    n/a  n/a
   0   47 |   7 1.0   19    14M   95  298  75%    10M |  99.9   n/a   1   27  1.02M    4   10  71%  81.9M    n/a  n/a
   0   48 |   7 1.0    0      0    0    0   0%    10M |   n/a   n/a   1    0      0    0    0   0%  81.9M    n/a  n/a
   0   49 |   7 1.0   19    14M   95  266  73%    10M |  99.9   n/a   1   27  1.52M    6   14  70%  81.9M    n/a  n/a
   0   4a |   7 1.0   19    14M   91  280  75%    10M |  99.9   n/a   1   27  1.52M    6   11  64%  81.9M    n/a  n/a
   0   4b |   7 1.0   19    14M   94  320  77%    10M |  99.9   n/a   1   27  1.01M    4   14  77%  81.9M    n/a  n/a
   1   4c |   7 1.0   19    19M  142  505  78%    10M |  99.9   n/a   1   27  1.82M    8   25  75%  81.9M    n/a  n/a
   1   4d |   7 1.0   19    19M  138  518  78%    10M |  99.9   n/a   1   27  3.16M   14   22  61%  81.9M    n/a  n/a
   1   4e |   7 1.0   19    18M  132  461  77%    10M |  99.9   n/a   1   27  1.14M    5   25  83%  81.9M    n/a  n/a
   1   4f |   7 1.0    0      0    0    0   0%    10M |   n/a   n/a   1    0      0    0    0   0%  81.9M    n/a  n/a
   1   50 |   7 1.0   19    19M  141  459  76%    10M |  99.9   n/a   1   27  2.48M   11   25  69%  81.9M    n/a  n/a
   1   51 |   7 1.0    0      0    0    0   0%    10M |   n/a   n/a   1    0      0    0    0   0%  81.9M    n/a  n/a
   1   52 |   7 1.0    0      0    0    0   0%    10M |   n/a   n/a   1    0      0    0    0   0%  81.9M    n/a  n/a
   1   53 |   7 1.0    0      0    0    0   0%    10M |   n/a   n/a   1    0      0    0    0   0%  81.9M    n/a  n/a
   2   54 |   7 1.0   19    10M   91  269  74%    10M |  99.9   n/a   1   27   603k    3   13  81%  81.9M    n/a  n/a
   2   55 |   7 1.0   19   9.7M   98  258  72%    10M |  99.9   n/a   1   27   795k    4   14  77%  81.9M    n/a  n/a
   2   56 |   7 1.0   19   9.8M   95  260  73%    10M |  99.9   n/a   1   27  1.18M    6   12  66%  81.9M    n/a  n/a
   2   57 |   7 1.0   19    10M   91  251  73%    10M |  99.9   n/a   1   27  1.80M    9   12  57%  81.9M    n/a  n/a
   2   58 |   7 1.0   19   9.8M   88  261  74%    10M |  99.9   n/a   1   27  1.21M    6   11  64%  81.9M    n/a  n/a
   2   59 |   7 1.0    0      0    0    0   0%    10M |   n/a   n/a   1    0      0    0    0   0%  81.9M    n/a  n/a
   2   5a |   7 1.0   19   9.3M   80  287  78%    10M |  99.9   n/a   1   27   996k    5   16  76%  81.9M    n/a  n/a
   2   5b |   7 1.0   19   9.7M   92  255  73%    10M |  99.9   n/a   1   27  1.01M    5   13  72%  81.9M    n/a  n/a
   3   5c |   7 1.0   19    18M  128  310  70%    10M |  99.9   n/a   1   27  2.02M    8   17  68%  81.9M    n/a  n/a
   3   5d |   7 1.0   19    18M  119  309  72%    10M |  99.9   n/a   1   27  1.51M    6   16  72%  81.9M    n/a  n/a
   3   5e |   7 1.0   19    19M  134  318  70%    10M |  99.9   n/a   1   27  2.25M    9   19  67%  81.9M    n/a  n/a
   3   5f |   7 1.0    0      0    0    0   0%    10M |   n/a   n/a   1    0      0    0    0   0%  81.9M    n/a  n/a
   3   60 |   7 1.0   19    18M  125  312  71%    10M |  99.9   n/a   1   27  1.77M    7   16  69%  81.9M    n/a  n/a
   3   61 |   7 1.0   19    18M  135  308  69%    10M |  99.9   n/a   1   27  2.02M    8   19  70%  81.9M    n/a  n/a
   3   62 |   7 1.0    0      0    0    0   0%    10M |   n/a   n/a   1    0      0    0    0   0%  81.9M    n/a  n/a
   3   63 |   7 1.0    0      0    0    0   0%    10M |   n/a   n/a   1    0      0    0    0   0%  81.9M    n/a  n/a
   0   44 |   7 1.0   19    13M   87  311  78%    10M |  99.9   n/a   1   27  1.02M    4   10  71%  81.9M    n/a  n/a
   0   45 |   7 1.0   19    12M   87  329  79%    10M |  99.9   n/a   1   27  1.01M    4   13  76%  81.9M    n/a  n/a
   0   46 |   7 1.0   19    12M   78  299  79%    10M |  99.9   n/a   1   27  1.77M    7   12  63%  81.9M    n/a  n/a
   0   47 |   7 1.0   19    12M   76  305  80%    10M |  99.9   n/a   1   27  1.77M    7   14  66%  81.9M    n/a  n/a
   0   48 |   7 1.0    0      0    0    0   0%    10M |   n/a   n/a   1    0      0    0    0   0%  81.9M    n/a  n/a
   0   49 |   7 1.0   19    12M   80  324  80%    10M |  99.9   n/a   1   27  1.02M    4   11  73%  81.9M    n/a  n/a
   0   4a |   7 1.0   19    13M   80  310  79%    10M |  99.9   n/a   1   27  1.50M    6   12  66%  81.9M    n/a  n/a
   0   4b |   7 1.0   19    12M   80  280  77%    10M |  99.9   n/a   1   27  2.02M    8   12  60%  81.9M    n/a  n/a
   1   4c |   7 1.0   19    22M  157  391  71%    10M |  99.9   n/a   1   27  2.05M    9   20  68%  81.9M    n/a  n/a
   1   4d |   7 1.0   19    21M  144  402  73%    10M |  99.9   n/a   1   27  2.71M   12   19  61%  81.9M    n/a  n/a
   1   4e |   7 1.0   19    22M  167  411  71%    10M |  99.9   n/a   1   27  4.11M   18   21  53%  81.9M    n/a  n/a
   1   4f |   7 1.0    0      0    0    0   0%    10M |   n/a   n/a   1    0      0    0    0   0%  81.9M    n/a  n/a
   1   50 |   7 1.0   19    22M  154  383  71%    10M |  99.9   n/a   1   27  2.96M   13   20  60%  81.9M    n/a  n/a
   1   51 |   7 1.0    0      0    0    0   0%    10M |   n/a   n/a   1    0      0    0    0   0%  81.9M    n/a  n/a
   1   52 |   7 1.0    0      0    0    0   0%    10M |   n/a   n/a   1    0      0    0    0   0%  81.9M    n/a  n/a
   1   53 |   7 1.0    0      0    0    0   0%    10M |   n/a   n/a   1    0      0    0    0   0%  81.9M    n/a  n/a
   2   54 |   7 1.0   19    11M   97  239  71%    10M |  99.9   n/a   1   27  1.62M    8   14  63%  81.9M    n/a  n/a
   2   55 |   7 1.0   19    11M  103  205  66%    10M |  99.9   n/a   1   27  1.19M    6   10  62%  81.9M    n/a  n/a
   2   56 |   7 1.0   19    12M  105  178  62%    10M |  99.9   n/a   1   27   992k    5   15  75%  81.9M    n/a  n/a
   2   57 |   7 1.0   19    12M  107  198  64%    10M |  99.9   n/a   1   27  1.59M    8   12  60%  81.9M    n/a  n/a
   2   58 |   7 1.0   19    11M  100  189  65%    10M |  99.9   n/a   1   27  1.19M    6   10  62%  81.9M    n/a  n/a
   2   59 |   7 1.0    0      0    0    0   0%    10M |   n/a   n/a   1    0      0    0    0   0%  81.9M    n/a  n/a
   2   5a |   7 1.0   19    12M  105  179  63%    10M |  99.9   n/a   1   27  2.78M   14   10  41%  81.9M    n/a  n/a
   2   5b |   7 1.0   19    12M  103  192  65%    10M |  99.9   n/a   1   27  2.16M   11   15  57%  81.9M    n/a  n/a
   3   5c |   7 1.0   19    18M  127  301  70%    10M |  99.9   n/a   1   27  2.53M   10   19  65%  81.9M    n/a  n/a
   3   5d |   7 1.0   19    18M  132  327  71%    10M |  99.9   n/a   1   27  2.01M    8   20  71%  81.9M    n/a  n/a
   3   5e |   7 1.0   19    19M  131  324  71%    10M |  99.9   n/a   1   27  3.04M   12   17  58%  81.9M    n/a  n/a
   3   5f |   7 1.0    0      0    0    0   0%    10M |   n/a   n/a   1    0      0    0    0   0%  81.9M    n/a  n/a
   3   60 |   7 1.0   19    17M  118  319  72%    10M |  99.9   n/a   1   27  2.02M    8   20  71%  81.9M    n/a  n/a
   3   61 |   7 1.0   19    18M  131  343  72%    10M |  99.9   n/a   1   27  2.27M    9   17  65%  81.9M    n/a  n/a
   3   62 |   7 1.0    0      0    0    0   0%    10M |   n/a   n/a   1    0      0    0    0   0%  81.9M    n/a  n/a
   3   63 |   7 1.0    0      0    0    0   0%    10M |   n/a   n/a   1    0      0    0    0   0%  81.9M    n/a  n/a

          |--------------------DL---------------------|-------------------------------UL-----------------------------
 pci rnti | cqi  ri  mcs  brate   ok  nok  (%)  dl_bs | pusch  rsrp  ri  mcs  brate   ok  nok  (%)    bsr     ta  phr
   0   44 |   7 1.0   19    12M   76  235  75%    10M |  99.9   n/a   1   27  2.03M    8   17  68%  81.9M    n/a  n/a
   0   45 |   7 1.0   19    12M   92  276  75%    10M |  99.9   n/a   1   27  1.50M    6   13  68%  81.9M    n/a  n/a
   0   46 |   7 1.0   19    11M   79  313  79%    10M |  99.9   n/a   1   27  2.00M    8   13  61%  81.9M    n/a  n/a
   0   47 |   7 1.0   19    12M   81  268  76%    10M |  99.9   n/a   1   27  1.27M    5   12  70%  81.9M    n/a  n/a
   0   48 |   7 1.0    0      0    0    0   0%    10M |   n/a   n/a   1    0      0    0    0   0%  81.9M    n/a  n/a
   0   49 |   7 1.0   19    12M   83  276  76%    10M |  99.9   n/a   1   27   750k    3   15  83%  81.9M    n/a  n/a
   0   4a |   7 1.0   19    12M   89  269  75%    10M |  99.9   n/a   1   27   762k    3   10  76%  81.9M    n/a  n/a
   0   4b |   7 1.0   19    12M   81  262  76%    10M |  99.9   n/a   1   27  1.01M    4   12  75%  81.9M    n/a  n/a
   1   4c |   7 1.0   19    19M  147  408  73%    10M |  99.9   n/a   1   27  1.81M    8   24  75%  81.9M    n/a  n/a
   1   4d |   7 1.0   19    18M  142  456  76%    10M |  99.9   n/a   1   27  3.40M   15   19  55%  81.9M    n/a  n/a
   1   4e |   7 1.0   19    19M  139  466  77%    10M |  99.9   n/a   1   27  2.50M   11   21  65%  81.9M    n/a  n/a
   1   4f |   7 1.0    0      0    0    0   0%    10M |   n/a   n/a   1    0      0    0    0   0%  81.9M    n/a  n/a
   1   50 |   7 1.0   19    18M  137  473  77%    10M |  99.9   n/a   1   27  2.27M   10   20  66%  81.9M    n/a  n/a
   1   51 |   7 1.0    0      0    0    0   0%    10M |   n/a   n/a   1    0      0    0    0   0%  81.9M    n/a  n/a
   1   52 |   7 1.0    0      0    0    0   0%    10M |   n/a   n/a   1    0      0    0    0   0%  81.9M    n/a  n/a
   1   53 |   7 1.0    0      0    0    0   0%    10M |   n/a   n/a   1    0      0    0    0   0%  81.9M    n/a  n/a
   2   54 |   7 1.0   19    10M  104  255  71%    10M |  99.9   n/a   1   27  1.41M    7   13  65%  81.9M    n/a  n/a
   2   55 |   7 1.0   19    10M   94  230  70%    10M |  99.9   n/a   1   27  1.79M    9   17  65%  81.9M    n/a  n/a
   2   56 |   7 1.0   19    11M   99  191  65%    10M |  99.9   n/a   1   27  1.39M    7    8  53%  81.9M    n/a  n/a
   2   57 |   7 1.0   19    10M  104  245  70%    10M |  99.9   n/a   1   27  1.20M    6   14  70%  81.9M    n/a  n/a
   2   58 |   7 1.0   19    11M   97  248  71%    10M |  99.9   n/a   1   27   996k    5   12  70%  81.9M    n/a  n/a
   2   59 |   7 1.0    0      0    0    0   0%    10M |   n/a   n/a   1    0      0    0    0   0%  81.9M    n/a  n/a
   2   5a |   7 1.0   19    11M   99  252  71%    10M |  99.9   n/a   1   27   984k    5   11  68%  81.9M    n/a  n/a
   2   5b |   7 1.0   19    11M  103  240  69%    10M |  99.9   n/a   1   27  1.99M   10    7  41%  81.9M    n/a  n/a
   3   5c |   7 1.0   19    20M  144  310  68%    10M |  99.9   n/a   1   27  2.75M   11   16  59%  81.9M    n/a  n/a
   3   5d |   7 1.0   19    20M  132  281  68%    10M |  99.9   n/a   1   27  2.05M    8   16  66%  81.9M    n/a  n/a
   3   5e |   7 1.0   19    19M  130  357  73%    10M |  99.9   n/a   1   27  2.50M   10   16  61%  81.9M    n/a  n/a
   3   5f |   7 1.0    0      0    0    0   0%    10M |   n/a   n/a   1    0      0    0    0   0%  81.9M    n/a  n/a
   3   60 |   7 1.0   19    19M  131  318  70%    10M |  99.9   n/a   1   27  2.54M   10   16  61%  81.9M    n/a  n/a
   3   61 |   7 1.0   19    20M  133  342  72%    10M |  99.9   n/a   1   27  2.27M    9   16  64%  81.9M    n/a  n/a
   3   62 |   7 1.0    0      0    0    0   0%    10M |   n/a   n/a   1    0      0    0    0   0%  81.9M    n/a  n/a
   3   63 |   7 1.0    0      0    0    0   0%    10M |   n/a   n/a   1    0      0    0    0   0%  81.9M    n/a  n/a
   0   44 |   7 1.0   19    15M  104  199  65%    10M |  99.9   n/a   1   27  2.27M    9    9  50%  81.9M    n/a  n/a
   0   45 |   7 1.0   19    14M  107  234  68%    10M |  99.9   n/a   1   27  1.82M    7   11  61%  81.9M    n/a  n/a
   0   46 |   7 1.0   19    14M   96  263  73%    10M |  99.9   n/a   1   27  2.28M    9   14  60%  81.9M    n/a  n/a
   0   47 |   7 1.0   19    15M  110  182  62%    10M |  99.9   n/a   1   27  1.27M    5   12  70%  81.9M    n/a  n/a
   0   48 |   7 1.0    0      0    0    0   0%    10M |   n/a   n/a   1    0      0    0    0   0%  81.9M    n/a  n/a
   0   49 |   7 1.0   19    14M  112  224  66%    10M |  99.9   n/a   1   27  1.77M    7   10  58%  81.9M    n/a  n/a
   0   4a |   7 1.0   19    15M   94  229  70%    10M |  99.9   n/a   1   27  2.54M   10   13  56%  81.9M    n/a  n/a
   0   4b |   7 1.0   19    15M  110  171  60%    10M |  99.9   n/a   1   27  1.02M    4   16  80%  81.9M    n/a  n/a
   1   4c |   7 1.0   19    20M  145  366  71%    10M |  99.9   n/a   1   27  2.26M   10   21  67%  81.9M    n/a  n/a
   1   4d |   7 1.0   19    20M  154  396  72%    10M |  99.9   n/a   1   27  2.48M   11   26  70%  81.9M    n/a  n/a
   1   4e |   7 1.0   19    20M  149  382  71%    10M |  99.9   n/a   1   27  2.50M   11   24  68%  81.9M    n/a  n/a
   1   4f |   7 1.0    0      0    0    0   0%    10M |   n/a   n/a   1    0      0    0    0   0%  81.9M    n/a  n/a
   1   50 |   7 1.0   19    19M  156  439  73%    10M |  99.9   n/a   1   27  2.49M   11   25  69%  81.9M    n/a  n/a
   1   51 |   7 1.0    0      0    0    0   0%    10M |   n/a   n/a   1    0      0    0    0   0%  81.9M    n/a  n/a
   1   52 |   7 1.0    0      0    0    0   0%    10M |   n/a   n/a   1    0      0    0    0   0%  81.9M    n/a  n/a
   1   53 |   7 1.0    0      0    0    0   0%    10M |   n/a   n/a   1    0      0    0    0   0%  81.9M    n/a  n/a
   2   54 |   7 1.0   19    10M   93  304  76%    10M |  99.9   n/a   1   27   799k    4   15  78%  81.9M    n/a  n/a
   2   55 |   7 1.0   19    11M  105  237  69%    10M |  99.9   n/a   1   27  1.20M    6   12  66%  81.9M    n/a  n/a
   2   56 |   7 1.0   19    11M   96  238  71%    10M |  99.9   n/a   1   27  1.39M    7   13  65%  81.9M    n/a  n/a
   2   57 |   7 1.0   19    11M  106  245  69%    10M |  99.9   n/a   1   27   394k    2   12  85%  81.9M    n/a  n/a
   2   58 |   7 1.0   19    10M   98  233  70%    10M |  99.9   n/a   1   27   795k    4   12  75%  81.9M    n/a  n/a
   2   59 |   7 1.0    0      0    0    0   0%    10M |   n/a   n/a   1    0      0    0    0   0%  81.9M    n/a  n/a
   2   5a |   7 1.0   19   9.6M   83  261  75%    10M |  99.9   n/a   1   27   598k    3   15  83%  81.9M    n/a  n/a
   2   5b |   7 1.0   19    10M  104  263  71%    10M |  99.9   n/a   1   27  1.21M    6    9  60%  81.9M    n/a  n/a
   3   5c |   7 1.0   19    16M  112  357  76%    10M |  99.9   n/a   1   27  1.50M    6   17  73%  81.9M    n/a  n/a
   3   5d |   7 1.0   19    18M  123  337  73%    10M |  99.9   n/a   1   27  1.78M    7   16  69%  81.9M    n/a  n/a
   3   5e |   7 1.0   19    18M  124  345  73%    10M |  99.9   n/a   1   27  1.01M    4   20  83%  81.9M    n/a  n/a
   3   5f |   7 1.0    0      0    0    0   0%    10M |   n/a   n/a   1    0      0    0    0   0%  81.9M    n/a  n/a
   3   60 |   7 1.0   19    17M  125  327  72%    10M |  99.9   n/a   1   27  1.78M    7   16  69%  81.9M    n/a  n/a
   3   61 |   7 1.0   19    17M  123  362  74%    10M |  99.9   n/a   1   27  2.00M    8   20  71%  81.9M    n/a  n/a
   3   62 |   7 1.0    0      0    0    0   0%    10M |   n/a   n/a   1    0      0    0    0   0%  81.9M    n/a  n/a
   3   63 |   7 1.0    0      0    0    0   0%    10M |   n/a   n/a   1    0      0    0    0   0%  81.9M    n/a  n/a
   0   44 |   7 1.0   19    15M   97  180  64%    10M |  99.9   n/a   1   27  1.76M    7   13  65%  81.9M    n/a  n/a
   0   45 |   7 1.0   19    14M  100  207  67%    10M |  99.9   n/a   1   27  1.02M    4   10  71%  81.9M    n/a  n/a
   0   46 |   7 1.0   19    13M   87  188  68%    10M |  99.9   n/a   1   27  2.55M   10   11  52%  81.9M    n/a  n/a
   0   47 |   7 1.0   19    14M   99  164  62%    10M |  99.9   n/a   1   27  1.77M    7   13  65%  81.9M    n/a  n/a
   0   48 |   7 1.0    0      0    0    0   0%    10M |   n/a   n/a   1    0      0    0    0   0%  81.9M    n/a  n/a
   0   49 |   7 1.0   19    13M   98  202  67%    10M |  99.9   n/a   1   27  2.03M    8   11  57%  81.9M    n/a  n/a
   0   4a |   7 1.0   19    15M  102  184  64%    10M |  99.9   n/a   1   27  2.28M    9   10  52%  81.9M    n/a  n/a
   0   4b |   7 1.0   19    14M   96  197  67%    10M |  99.9   n/a   1   27  2.00M    8   12  60%  81.9M    n/a  n/a
   1   4c |   7 1.0   19    23M  175  314  64%    10M |  99.9   n/a   1   27  2.72M   12   21  63%  81.9M    n/a  n/a
   1   4d |   7 1.0   19    23M  168  299  64%    10M |  99.9   n/a   1   27  2.72M   12   21  63%  81.9M    n/a  n/a
   1   4e |   7 1.0   19    22M  163  315  65%    10M |  99.9   n/a   1   27  4.03M   18   20  52%  81.9M    n/a  n/a
   1   4f |   7 1.0    0      0    0    0   0%    10M |   n/a   n/a   1    0      0    0    0   0%  81.9M    n/a  n/a
   1   50 |   7 1.0   19    22M  169  346  67%    10M |  99.9   n/a   1   27  2.48M   11   19  63%  81.9M    n/a  n/a
   1   51 |   7 1.0    0      0    0    0   0%    10M |   n/a   n/a   1    0      0    0    0   0%  81.9M    n/a  n/a
   1   52 |   7 1.0    0      0    0    0   0%    10M |   n/a   n/a   1    0      0    0    0   0%  81.9M    n/a  n/a
   1   53 |   7 1.0    0      0    0    0   0%    10M |   n/a   n/a   1    0      0    0    0   0%  81.9M    n/a  n/a
   2   54 |   7 1.0   19   9.7M   88  251  74%    10M |  99.9   n/a   1   27   791k    4    9  69%  81.9M    n/a  n/a
   2   55 |   7 1.0   19   9.4M   85  262  75%    10M |  99.9   n/a   1   27   992k    5   12  70%  81.9M    n/a  n/a
   2   56 |   7 1.0   19   9.8M   91  284  75%    10M |  99.9   n/a   1   27   984k    5   15  75%  81.9M    n/a  n/a
   2   57 |   7 1.0   19   9.9M   99  266  72%    10M |  99.9   n/a   1   27  1.18M    6   11  64%  81.9M    n/a  n/a
   2   58 |   7 1.0   19    10M   94  241  71%    10M |  99.9   n/a   1   27  1.01M    5   15  75%  81.9M    n/a  n/a
   2   59 |   7 1.0    0      0    0    0   0%    10M |   n/a   n/a   1    0      0    0    0   0%  81.9M    n/a  n/a
   2   5a |   7 1.0   19   9.4M  100  298  74%    10M |  99.9   n/a   1   27   607k    3   15  83%  81.9M    n/a  n/a
   2   5b |   7 1.0   19   9.4M   86  262  75%    10M |  99.9   n/a   1   27   594k    3   15  83%  81.9M    n/a  n/a

          |--------------------DL---------------------|-------------------------------UL-----------------------------
 pci rnti | cqi  ri  mcs  brate   ok  nok  (%)  dl_bs | pusch  rsrp  ri  mcs  brate   ok  nok  (%)    bsr     ta  phr
   3   5c |   7 1.0   19    19M  139  281  66%    10M |  99.9   n/a   1   27  2.53M   10   19  65%  81.9M    n/a  n/a
   3   5d |   7 1.0   19    19M  133  329  71%    10M |  99.9   n/a   1   27  2.30M    9   20  68%  81.9M    n/a  n/a
   3   5e |   7 1.0   19    19M  130  308  70%    10M |  99.9   n/a   1   27  2.77M   11   16  59%  81.9M    n/a  n/a
   3   5f |   7 1.0    0      0    0    0   0%    10M |   n/a   n/a   1    0      0    0    0   0%  81.9M    n/a  n/a
   3   60 |   7 1.0   19    18M  124  390  75%    10M |  99.9   n/a   1   27  2.53M   10   20  66%  81.9M    n/a  n/a
   3   61 |   7 1.0   19    19M  137  322  70%    10M |  99.9   n/a   1   27  2.50M   10   16  61%  81.9M    n/a  n/a
   3   62 |   7 1.0    0      0    0    0   0%    10M |   n/a   n/a   1    0      0    0    0   0%  81.9M    n/a  n/a
   3   63 |   7 1.0    0      0    0    0   0%    10M |   n/a   n/a   1    0      0    0    0   0%  81.9M    n/a  n/a
   0   44 |   7 1.0   19    13M   97  235  70%    10M |  99.9   n/a   1   27  3.56M   14   12  46%  81.9M    n/a  n/a
   0   45 |   7 1.0   19    14M   96  242  71%    10M |  99.9   n/a   1   27  2.27M    9   15  62%  81.9M    n/a  n/a
   0   46 |   7 1.0   19    13M   90  214  70%    10M |  99.9   n/a   1   27  1.78M    7    9  56%  81.9M    n/a  n/a
   0   47 |   7 1.0   19    14M   97  207  68%    10M |  99.9   n/a   1   27  2.02M    8   10  55%  81.9M    n/a  n/a
   0   48 |   7 1.0    0      0    0    0   0%    10M |   n/a   n/a   1    0      0    0    0   0%  81.9M    n/a  n/a
   0   49 |   7 1.0   19    14M  102  278  73%    10M |  99.9   n/a   1   27  1.28M    5   15  75%  81.9M    n/a  n/a
   0   4a |   7 1.0   19    13M   85  252  74%    10M |  99.9   n/a   1   27  2.54M   10   11  52%  81.9M    n/a  n/a
   0   4b |   7 1.0   19    14M  100  200  66%    10M |  99.9   n/a   1   27  2.54M   10   18  64%  81.9M    n/a  n/a
   1   4c |   7 1.0   19    20M  153  339  68%    10M |  99.9   n/a   1   27  2.94M   13   24  64%  81.9M    n/a  n/a
   1   4d |   7 1.0   19    19M  149  382  71%    10M |  99.9   n/a   1   27  3.86M   17   21  55%  81.9M    n/a  n/a
   1   4e |   7 1.0   19    19M  143  372  72%    10M |  99.9   n/a   1   27  1.79M    8   20  71%  81.9M    n/a  n/a
   1   4f |   7 1.0    0      0    0    0   0%    10M |   n/a   n/a   1    0      0    0    0   0%  81.9M    n/a  n/a
   1   50 |   7 1.0   19    19M  139  393  73%    10M |  99.9   n/a   1   27  1.59M    7   20  74%  81.9M    n/a  n/a
   1   51 |   7 1.0    0      0    0    0   0%    10M |   n/a   n/a   1    0      0    0    0   0%  81.9M    n/a  n/a
   1   52 |   7 1.0    0      0    0    0   0%    10M |   n/a   n/a   1    0      0    0    0   0%  81.9M    n/a  n/a
   1   53 |   7 1.0    0      0    0    0   0%    10M |   n/a   n/a   1    0      0    0    0   0%  81.9M    n/a  n/a
   2   54 |   7 1.0   19    11M   92  275  74%    10M |  99.9   n/a   1   27  1.20M    6   14  70%  81.9M    n/a  n/a
   2   55 |   7 1.0   19    10M  100  250  71%    10M |  99.9   n/a   1   27  1.42M    7   16  69%  81.9M    n/a  n/a
   2   56 |   7 1.0   19    10M   96  302  75%    10M |  99.9   n/a   1   27  1.42M    7   12  63%  81.9M    n/a  n/a
   2   57 |   7 1.0   19    11M  102  286  73%    10M |  99.9   n/a   1   27  1.19M    6   14  70%  81.9M    n/a  n/a
   2   58 |   7 1.0   19   9.9M   88  312  78%    10M |  99.9   n/a   1   27   783k    4   13  76%  81.9M    n/a  n/a
   2   59 |   7 1.0    0      0    0    0   0%    10M |   n/a   n/a   1    0      0    0    0   0%  81.9M    n/a  n/a
   2   5a |   7 1.0   19    11M  103  264  71%    10M |  99.9   n/a   1   27  1.40M    7   11  61%  81.9M    n/a  n/a
   2   5b |   7 1.0   19    10M   99  258  72%    10M |  99.9   n/a   1   27  1.59M    8   12  60%  81.9M    n/a  n/a
   3   5c |   7 1.0   19    17M  126  340  72%    10M |  99.9   n/a   1   27  1.27M    5   16  76%  81.9M    n/a  n/a
   3   5d |   7 1.0   19    17M  118  335  73%    10M |  99.9   n/a   1   27   500k    2   16  88%  81.9M    n/a  n/a
   3   5e |   7 1.0   19    17M  123  333  73%    10M |  99.9   n/a   1   27  2.27M    9   16  64%  81.9M    n/a  n/a
   3   5f |   7 1.0    0      0    0    0   0%    10M |   n/a   n/a   1    0      0    0    0   0%  81.9M    n/a  n/a
   3   60 |   7 1.0   19    16M  112  330  74%    10M |  99.9   n/a   1   27   762k    3   16  84%  81.9M    n/a  n/a
   3   61 |   7 1.0   19    17M  120  328  73%    10M |  99.9   n/a   1   27  2.53M   10   18  64%  81.9M    n/a  n/a
   3   62 |   7 1.0    0      0    0    0   0%    10M |   n/a   n/a   1    0      0    0    0   0%  81.9M    n/a  n/a
   3   63 |   7 1.0    0      0    0    0   0%    10M |   n/a   n/a   1    0      0    0    0   0%  81.9M    n/a  n/a
   0   44 |   7 1.0   19    14M   97  240  71%    10M |  99.9   n/a   1   27  1.27M    5   12  70%  81.9M    n/a  n/a
   0   45 |   7 1.0   19    15M  100  218  68%    10M |  99.9   n/a   1   27  3.55M   14   11  44%  81.9M    n/a  n/a
   0   46 |   7 1.0   19    14M   92  270  74%    10M |  99.9   n/a   1   27  2.29M    9   18  66%  81.9M    n/a  n/a
   0   47 |   7 1.0   19    15M  105  227  68%    10M |  99.9   n/a   1   27  1.51M    6   11  64%  81.9M    n/a  n/a
   0   48 |   7 1.0    0      0    0    0   0%    10M |   n/a   n/a   1    0      0    0    0   0%  81.9M    n/a  n/a
   0   49 |   7 1.0   19    15M  113  227  66%    10M |  99.9   n/a   1   27  2.78M   11   12  52%  81.9M    n/a  n/a
   0   4a |   7 1.0   19    16M  105  195  65%    10M |  99.9   n/a   1   27  2.29M    9    9  50%  81.9M    n/a  n/a
   0   4b |   7 1.0   19    15M  105  255  70%    10M |  99.9   n/a   1   27  1.27M    5    7  58%  81.9M    n/a  n/a
   1   4c |   7 1.0   19    21M  157  324  67%    10M |  99.9   n/a   1   27  3.18M   14   20  58%  81.9M    n/a  n/a
   1   4d |   7 1.0   19    21M  154  305  66%    10M |  99.9   n/a   1   27  3.63M   16   23  58%  81.9M    n/a  n/a
   1   4e |   7 1.0   19    22M  165  330  66%    10M |  99.9   n/a   1   27  2.45M   11   20  64%  81.9M    n/a  n/a
   1   4f |   7 1.0    0      0    0    0   0%    10M |   n/a   n/a   1    0      0    0    0   0%  81.9M    n/a  n/a
   1   50 |   7 1.0   19    21M  160  321  66%    10M |  99.9   n/a   1   27  2.95M   13   29  69%  81.9M    n/a  n/a
   1   51 |   7 1.0    0      0    0    0   0%    10M |   n/a   n/a   1    0      0    0    0   0%  81.9M    n/a  n/a
   1   52 |   7 1.0    0      0    0    0   0%    10M |   n/a   n/a   1    0      0    0    0   0%  81.9M    n/a  n/a
   1   53 |   7 1.0    0      0    0    0   0%    10M |   n/a   n/a   1    0      0    0    0   0%  81.9M    n/a  n/a
   2   54 |   7 1.0   19    11M   97  278  74%    10M |  99.9   n/a   1   27   795k    4   13  76%  81.9M    n/a  n/a
   2   55 |   7 1.0   19    11M  104  207  66%    10M |  99.9   n/a   1   27   996k    5    9  64%  81.9M    n/a  n/a
   2   56 |   7 1.0   19    11M  106  245  69%    10M |  99.9   n/a   1   27  1.58M    8   12  60%  81.9M    n/a  n/a
   2   57 |   7 1.0   19    11M   99  270  73%    10M |  99.9   n/a   1   27  1.40M    7    8  53%  81.9M    n/a  n/a
   2   58 |   7 1.0   19    12M  101  193  65%    10M |  99.9   n/a   1   27  1.41M    7   11  61%  81.9M    n/a  n/a
   2   59 |   7 1.0    0      0    0    0   0%    10M |   n/a   n/a   1    0      0    0    0   0%  81.9M    n/a  n/a
   2   5a |   7 1.0   19    10M   95  275  74%    10M |  99.9   n/a   1   27  2.01M   10   16  61%  81.9M    n/a  n/a
   2   5b |   7 1.0   19    11M  107  242  69%    10M |  99.9   n/a   1   27  1.58M    8   11  57%  81.9M    n/a  n/a
   3   5c |   7 1.0   19    18M  125  316  71%    10M |  99.9   n/a   1   27  2.28M    9   18  66%  81.9M    n/a  n/a
   3   5d |   7 1.0   19    17M  121  353  74%    10M |  99.9   n/a   1   27  1.78M    7   18  72%  81.9M    n/a  n/a
   3   5e |   7 1.0   19    18M  130  319  71%    10M |  99.9   n/a   1   27  2.00M    8   20  71%  81.9M    n/a  n/a
   3   5f |   7 1.0    0      0    0    0   0%    10M |   n/a   n/a   1    0      0    0    0   0%  81.9M    n/a  n/a
   3   60 |   7 1.0   19    17M  127  394  75%    10M |  99.9   n/a   1   27  1.78M    7   17  70%  81.9M    n/a  n/a
   3   61 |   7 1.0   19    18M  136  333  71%    10M |  99.9   n/a   1   27  2.51M   10   18  64%  81.9M    n/a  n/a
   3   62 |   7 1.0    0      0    0    0   0%    10M |   n/a   n/a   1    0      0    0    0   0%  81.9M    n/a  n/a
   3   63 |   7 1.0    0      0    0    0   0%    10M |   n/a   n/a   1    0      0    0    0   0%  81.9M    n/a  n/a
   0   44 |   7 1.0   19    13M   83  245  74%    10M |  99.9   n/a   1   27  1.26M    5   11  68%  81.9M    n/a  n/a
   0   45 |   7 1.0   19    14M   93  203  68%    10M |  99.9   n/a   1   27  1.26M    5    8  61%  81.9M    n/a  n/a
   0   46 |   7 1.0   19    13M   94  245  72%    10M |  99.9   n/a   1   27  2.01M    8   10  55%  81.9M    n/a  n/a
   0   47 |   7 1.0   19    13M   96  202  67%    10M |  99.9   n/a   1   27   766k    3   12  80%  81.9M    n/a  n/a
   0   48 |   7 1.0    0      0    0    0   0%    10M |   n/a   n/a   1    0      0    0    0   0%  81.9M    n/a  n/a
   0   49 |   7 1.0   19    13M   99  217  68%    10M |  99.9   n/a   1   27  1.78M    7   12  63%  81.9M    n/a  n/a
   0   4a |   7 1.0   19    13M   91  226  71%    10M |  99.9   n/a   1   27  2.27M    9   13  59%  81.9M    n/a  n/a
   0   4b |   7 1.0   19    13M   90  252  73%    10M |  99.9   n/a   1   27  1.01M    4   16  80%  81.9M    n/a  n/a
   1   4c |   7 1.0   19    21M  165  312  65%    10M |  99.9   n/a   1   27  2.51M   11   21  65%  81.9M    n/a  n/a
   1   4d |   7 1.0   19    22M  166  273  62%    10M |  99.9   n/a   1   27  2.25M   10   16  61%  81.9M    n/a  n/a
   1   4e |   7 1.0   19    21M  157  326  67%    10M |  99.9   n/a   1   27  3.61M   16   20  55%  81.9M    n/a  n/a
   1   4f |   7 1.0    0      0    0    0   0%    10M |   n/a   n/a   1    0      0    0    0   0%  81.9M    n/a  n/a
   1   50 |   7 1.0   19    22M  165  312  65%    10M |  99.9   n/a   1   27  3.84M   17   26  60%  81.9M    n/a  n/a
   1   51 |   7 1.0    0      0    0    0   0%    10M |   n/a   n/a   1    0      0    0    0   0%  81.9M    n/a  n/a
   1   52 |   7 1.0    0      0    0    0   0%    10M |   n/a   n/a   1    0      0    0    0   0%  81.9M    n/a  n/a
   1   53 |   7 1.0    0      0    0    0   0%    10M |   n/a   n/a   1    0      0    0    0   0%  81.9M    n/a  n/a

          |--------------------DL---------------------|-------------------------------UL-----------------------------
 pci rnti | cqi  ri  mcs  brate   ok  nok  (%)  dl_bs | pusch  rsrp  ri  mcs  brate   ok  nok  (%)    bsr     ta  phr
   2   54 |   7 1.0   19   9.5M   86  277  76%    10M |  99.9   n/a   1   27  1.01M    5   12  70%  81.9M    n/a  n/a
   2   55 |   7 1.0   19    10M   91  223  71%    10M |  99.9   n/a   1   27  1.41M    7   16  69%  81.9M    n/a  n/a
   2   56 |   7 1.0   19    10M   92  205  69%    10M |  99.9   n/a   1   27  1.21M    6   13  68%  81.9M    n/a  n/a
   2   57 |   7 1.0   19    10M   93  221  70%    10M |  99.9   n/a   1   27  1.98M   10   14  58%  81.9M    n/a  n/a
   2   58 |   7 1.0   19   9.9M   83  215  72%    10M |  99.9   n/a   1   27  1.41M    7   11  61%  81.9M    n/a  n/a
   2   59 |   7 1.0    0      0    0    0   0%    10M |   n/a   n/a   1    0      0    0    0   0%  81.9M    n/a  n/a
   2   5a |   7 1.0   19    10M   87  235  72%    10M |  99.9   n/a   1   27  1.79M    9   12  57%  81.9M    n/a  n/a
   2   5b |   7 1.0   19    10M   97  252  72%    10M |  99.9   n/a   1   27   996k    5   12  70%  81.9M    n/a  n/a
   3   5c |   7 1.0   19    20M  154  278  64%    10M |  99.9   n/a   1   27  2.28M    9   18  66%  81.9M    n/a  n/a
   3   5d |   7 1.0   19    18M  126  286  69%    10M |  99.9   n/a   1   27  2.26M    9   18  66%  81.9M    n/a  n/a
   3   5e |   7 1.0   19    18M  130  305  70%    10M |  99.9   n/a   1   27  2.52M   10   16  61%  81.9M    n/a  n/a
   3   5f |   7 1.0    0      0    0    0   0%    10M |   n/a   n/a   1    0      0    0    0   0%  81.9M    n/a  n/a
   3   60 |   7 1.0   19    17M  119  301  71%    10M |  99.9   n/a   1   27  1.77M    7   19  73%  81.9M    n/a  n/a
   3   61 |   7 1.0   19    19M  141  300  68%    10M |  99.9   n/a   1   27  1.52M    6   16  72%  81.9M    n/a  n/a
   3   62 |   7 1.0    0      0    0    0   0%    10M |   n/a   n/a   1    0      0    0    0   0%  81.9M    n/a  n/a
   3   63 |   7 1.0    0      0    0    0   0%    10M |   n/a   n/a   1    0      0    0    0   0%  81.9M    n/a  n/a
   0   44 |   7 1.0   19    13M   86  249  74%    10M |  99.9   n/a   1   27  2.30M    9   13  59%  81.9M    n/a  n/a
   0   45 |   7 1.0   19    13M   90  226  71%    10M |  99.9   n/a   1   27  2.02M    8   14  63%  81.9M    n/a  n/a
   0   46 |   7 1.0   19    12M   86  251  74%    10M |  99.9   n/a   1   27  2.02M    8   13  61%  81.9M    n/a  n/a
   0   47 |   7 1.0   19    13M   91  230  71%    10M |  99.9   n/a   1   27  2.29M    9   16  64%  81.9M    n/a  n/a
   0   48 |   7 1.0    0      0    0    0   0%    10M |   n/a   n/a   1    0      0    0    0   0%  81.9M    n/a  n/a
   0   49 |   7 1.0   19    13M   95  271  74%    10M |  99.9   n/a   1   27   750k    3   11  78%  81.9M    n/a  n/a
   0   4a |   7 1.0   19    13M   99  246  71%    10M |  99.9   n/a   1   27   754k    3   13  81%  81.9M    n/a  n/a
   0   4b |   7 1.0   19    13M   95  236  71%    10M |  99.9   n/a   1   27  2.29M    9   11  55%  81.9M    n/a  n/a
   1   4c |   7 1.0   19    21M  156  334  68%    10M |  99.9   n/a   1   27  2.72M   12   24  66%  81.9M    n/a  n/a
   1   4d |   7 1.0   19    22M  165  287  63%    10M |  99.9   n/a   1   27  3.14M   14   23  62%  81.9M    n/a  n/a
   1   4e |   7 1.0   19    21M  164  362  68%    10M |  99.9   n/a   1   27  2.47M   11   21  65%  81.9M    n/a  n/a
   1   4f |   7 1.0    0      0    0    0   0%    10M |   n/a   n/a   1    0      0    0    0   0%  81.9M    n/a  n/a
   1   50 |   7 1.0   19    21M  146  304  67%    10M |  99.9   n/a   1   27  2.04M    9   17  65%  81.9M    n/a  n/a
   1   51 |   7 1.0    0      0    0    0   0%    10M |   n/a   n/a   1    0      0    0    0   0%  81.9M    n/a  n/a
   1   52 |   7 1.0    0      0    0    0   0%    10M |   n/a   n/a   1    0      0    0    0   0%  81.9M    n/a  n/a
   1   53 |   7 1.0    0      0    0    0   0%    10M |   n/a   n/a   1    0      0    0    0   0%  81.9M    n/a  n/a
   2   54 |   7 1.0   19  10.0M   93  207  69%    10M |  99.9   n/a   1   27   988k    5   11  68%  81.9M    n/a  n/a
   2   55 |   7 1.0   19    11M  100  192  65%    10M |  99.9   n/a   1   27  1.39M    7   14  66%  81.9M    n/a  n/a
   2   56 |   7 1.0   19    11M  100  198  66%    10M |  99.9   n/a   1   27  1.18M    6   10  62%  81.9M    n/a  n/a
   2   57 |   7 1.0   19    11M   96  230  70%    10M |  99.9   n/a   1   27  1.19M    6   12  66%  81.9M    n/a  n/a
   2   58 |   7 1.0   19    10M  107  246  69%    10M |  99.9   n/a   1   27  1.39M    7   14  66%  81.9M    n/a  n/a
   2   59 |   7 1.0    0      0    0    0   0%    10M |   n/a   n/a   1    0      0    0    0   0%  81.9M    n/a  n/a
   2   5a |   7 1.0   19  10.0M   86  198  69%    10M |  99.9   n/a   1   27   992k    5   11  68%  81.9M    n/a  n/a
   2   5b |   7 1.0   19    11M  112  240  68%    10M |  99.9   n/a   1   27  1.21M    6   14  70%  81.9M    n/a  n/a
   3   5c |   7 1.0   19    19M  140  253  64%    10M |  99.9   n/a   1   27  2.53M   10   16  61%  81.9M    n/a  n/a
   3   5d |   7 1.0   19    19M  146  279  65%    10M |  99.9   n/a   1   27  2.28M    9   16  64%  81.9M    n/a  n/a
   3   5e |   7 1.0   19    19M  124  254  67%    10M |  99.9   n/a   1   27  2.02M    8   19  70%  81.9M    n/a  n/a
   3   5f |   7 1.0    0      0    0    0   0%    10M |   n/a   n/a   1    0      0    0    0   0%  81.9M    n/a  n/a
   3   60 |   7 1.0   19    18M  125  234  65%    10M |  99.9   n/a   1   27  2.27M    9   16  64%  81.9M    n/a  n/a
   3   61 |   7 1.0   19    19M  141  275  66%    10M |  99.9   n/a   1   27  2.02M    8   20  71%  81.9M    n/a  n/a
   3   62 |   7 1.0    0      0    0    0   0%    10M |   n/a   n/a   1    0      0    0    0   0%  81.9M    n/a  n/a
   3   63 |   7 1.0    0      0    0    0   0%    10M |   n/a   n/a   1    0      0    0    0   0%  81.9M    n/a  n/a
   0   44 |   7 1.0   19    14M   94  195  67%    10M |  99.9   n/a   1   27  2.26M    9   10  52%  81.9M    n/a  n/a
   0   45 |   7 1.0   19    14M  102  207  66%    10M |  99.9   n/a   1   27  1.27M    5   11  68%  81.9M    n/a  n/a
   0   46 |   7 1.0   19    13M  100  214  68%    10M |  99.9   n/a   1   27  2.02M    8   14  63%  81.9M    n/a  n/a
   0   47 |   7 1.0   19    13M  100  215  68%    10M |  99.9   n/a   1   27  1.01M    4   11  73%  81.9M    n/a  n/a
   0   48 |   7 1.0    0      0    0    0   0%    10M |   n/a   n/a   1    0      0    0    0   0%  81.9M    n/a  n/a
   0   49 |   7 1.0   19    13M  101  215  68%    10M |  99.9   n/a   1   27  3.05M   12   10  45%  81.9M    n/a  n/a
   0   4a |   7 1.0   19    13M   88  208  70%    10M |  99.9   n/a   1   27  1.50M    6   14  70%  81.9M    n/a  n/a
   0   4b |   7 1.0   19    13M   95  217  69%    10M |  99.9   n/a   1   27  1.26M    5   15  75%  81.9M    n/a  n/a
   1   4c |   7 1.0   19    19M  143  339  70%    10M |  99.9   n/a   1   27  1.61M    7   20  74%  81.9M    n/a  n/a
   1   4d |   7 1.0   19    19M  142  376  72%    10M |  99.9   n/a   1   27  2.47M   11   22  66%  81.9M    n/a  n/a
   1   4e |   7 1.0   19    19M  139  420  75%    10M |  99.9   n/a   1   27  1.56M    7   20  74%  81.9M    n/a  n/a
   1   4f |   7 1.0    0      0    0    0   0%    10M |   n/a   n/a   1    0      0    0    0   0%  81.9M    n/a  n/a
   1   50 |   7 1.0   19    17M  125  403  76%    10M |  99.9   n/a   1   27  2.69M   12   26  68%  81.9M    n/a  n/a
   1   51 |   7 1.0    0      0    0    0   0%    10M |   n/a   n/a   1    0      0    0    0   0%  81.9M    n/a  n/a
   1   52 |   7 1.0    0      0    0    0   0%    10M |   n/a   n/a   1    0      0    0    0   0%  81.9M    n/a  n/a
   1   53 |   7 1.0    0      0    0    0   0%    10M |   n/a   n/a   1    0      0    0    0   0%  81.9M    n/a  n/a
   2   54 |   7 1.0   19   9.8M   83  300  78%    10M |  99.9   n/a   1   27  1.59M    8   14  63%  81.9M    n/a  n/a
   2   55 |   7 1.0   19    10M   95  304  76%    10M |  99.9   n/a   1   27   820k    4   10  71%  81.9M    n/a  n/a
   2   56 |   7 1.0   19    11M   98  250  71%    10M |  99.9   n/a   1   27  1.99M   10   11  52%  81.9M    n/a  n/a
   2   57 |   7 1.0   19    11M   94  300  76%    10M |  99.9   n/a   1   27   791k    4   15  78%  81.9M    n/a  n/a
   2   58 |   7 1.0   19    11M   99  280  73%    10M |  99.9   n/a   1   27  1.22M    6   12  66%  81.9M    n/a  n/a
   2   59 |   7 1.0    0      0    0    0   0%    10M |   n/a   n/a   1    0      0    0    0   0%  81.9M    n/a  n/a
   2   5a |   7 1.0   19    11M   96  261  73%    10M |  99.9   n/a   1   27   808k    4   13  76%  81.9M    n/a  n/a
   2   5b |   7 1.0   19    11M   98  298  75%    10M |  99.9   n/a   1   27   590k    3    9  75%  81.9M    n/a  n/a
   3   5c |   7 1.0   19    17M  126  267  67%    10M |  99.9   n/a   1   27  1.52M    6   20  76%  81.9M    n/a  n/a
   3   5d |   7 1.0   19    18M  141  275  66%    10M |  99.9   n/a   1   27  2.03M    8   16  66%  81.9M    n/a  n/a
   3   5e |   7 1.0   19    17M  125  299  70%    10M |  99.9   n/a   1   27  2.27M    9   17  65%  81.9M    n/a  n/a
   3   5f |   7 1.0    0      0    0    0   0%    10M |   n/a   n/a   1    0      0    0    0   0%  81.9M    n/a  n/a
   3   60 |   7 1.0   19    17M  125  274  68%    10M |  99.9   n/a   1   27  1.77M    7   17  70%  81.9M    n/a  n/a
   3   61 |   7 1.0   19    19M  138  286  67%    10M |  99.9   n/a   1   27  2.52M   10   16  61%  81.9M    n/a  n/a
   3   62 |   7 1.0    0      0    0    0   0%    10M |   n/a   n/a   1    0      0    0    0   0%  81.9M    n/a  n/a
   3   63 |   7 1.0    0      0    0    0   0%    10M |   n/a   n/a   1    0      0    0    0   0%  81.9M    n/a  n/a
   0   44 |   7 1.0   19    15M  102  210  67%    10M |  99.9   n/a   1   27  3.30M   13   11  45%  81.9M    n/a  n/a
   0   45 |   7 1.0   19    15M  105  224  68%    10M |  99.9   n/a   1   27  2.03M    8   13  61%  81.9M    n/a  n/a
   0   46 |   7 1.0   19    15M   98  205  67%    10M |  99.9   n/a   1   27  2.80M   11   13  54%  81.9M    n/a  n/a
   0   47 |   7 1.0   19    16M  109  179  62%    10M |  99.9   n/a   1   27  1.77M    7   11  61%  81.9M    n/a  n/a
   0   48 |   7 1.0    0      0    0    0   0%    10M |   n/a   n/a   1    0      0    0    0   0%  81.9M    n/a  n/a
   0   49 |   7 1.0   19    16M  109  194  64%    10M |  99.9   n/a   1   27  2.03M    8   10  55%  81.9M    n/a  n/a
   0   4a |   7 1.0   19    15M   96  186  65%    10M |  99.9   n/a   1   27  3.04M   12    8  40%  81.9M    n/a  n/a
   0   4b |   7 1.0   19    15M   95  163  63%    10M |  99.9   n/a   1   27  2.31M    9   14  60%  81.9M    n/a  n/a

          |--------------------DL---------------------|-------------------------------UL-----------------------------
 pci rnti | cqi  ri  mcs  brate   ok  nok  (%)  dl_bs | pusch  rsrp  ri  mcs  brate   ok  nok  (%)    bsr     ta  phr
   1   4c |   7 1.0   19    20M  153  406  72%    10M |  99.9   n/a   1   27  1.83M    8   25  75%  81.9M    n/a  n/a
   1   4d |   7 1.0   19    21M  151  398  72%    10M |  99.9   n/a   1   27  2.02M    9   24  72%  81.9M    n/a  n/a
   1   4e |   7 1.0   19    20M  144  407  73%    10M |  99.9   n/a   1   27  4.04M   18   21  53%  81.9M    n/a  n/a
   1   4f |   7 1.0    0      0    0    0   0%    10M |   n/a   n/a   1    0      0    0    0   0%  81.9M    n/a  n/a
   1   50 |   7 1.0   19    20M  147  427  74%    10M |  99.9   n/a   1   27  3.15M   14   21  60%  81.9M    n/a  n/a
   1   51 |   7 1.0    0      0    0    0   0%    10M |   n/a   n/a   1    0      0    0    0   0%  81.9M    n/a  n/a
   1   52 |   7 1.0    0      0    0    0   0%    10M |   n/a   n/a   1    0      0    0    0   0%  81.9M    n/a  n/a
   1   53 |   7 1.0    0      0    0    0   0%    10M |   n/a   n/a   1    0      0    0    0   0%  81.9M    n/a  n/a
   2   54 |   7 1.0   19    10M   96  341  78%    10M |  99.9   n/a   1   27   394k    2   11  84%  81.9M    n/a  n/a
   2   55 |   7 1.0   19   9.8M   92  327  78%    10M |  99.9   n/a   1   27   804k    4   14  77%  81.9M    n/a  n/a
   2   56 |   7 1.0   19   9.5M   83  316  79%    10M |  99.9   n/a   1   27   808k    4   10  71%  81.9M    n/a  n/a
   2   57 |   7 1.0   19   9.8M   94  356  79%    10M |  99.9   n/a   1   27  1.79M    9   12  57%  81.9M    n/a  n/a
   2   58 |   7 1.0   19   9.8M   85  348  80%    10M |  99.9   n/a   1   27  1.20M    6   13  68%  81.9M    n/a  n/a
   2   59 |   7 1.0    0      0    0    0   0%    10M |   n/a   n/a   1    0      0    0    0   0%  81.9M    n/a  n/a
   2   5a |   7 1.0   19   9.1M   81  364  81%    10M |  99.9   n/a   1   27  1.79M    9   12  57%  81.9M    n/a  n/a
   2   5b |   7 1.0   19  10.0M   93  300  76%    10M |  99.9   n/a   1   27  1.57M    8   15  65%  81.9M    n/a  n/a
   3   5c |   7 1.0   19    18M  134  235  63%    10M |  99.9   n/a   1   27  1.76M    7   16  69%  81.9M    n/a  n/a
   3   5d |   7 1.0   19    19M  139  264  65%    10M |  99.9   n/a   1   27  2.29M    9   20  68%  81.9M    n/a  n/a
   3   5e |   7 1.0   19    18M  127  294  69%    10M |  99.9   n/a   1   27  1.77M    7   16  69%  81.9M    n/a  n/a
   3   5f |   7 1.0    0      0    0    0   0%    10M |   n/a   n/a   1    0      0    0    0   0%  81.9M    n/a  n/a
   3   60 |   7 1.0   19    18M  128  250  66%    10M |  99.9   n/a   1   27  2.78M   11   19  63%  81.9M    n/a  n/a
   3   61 |   7 1.0   19    19M  127  246  65%    10M |  99.9   n/a   1   27  2.28M    9   17  65%  81.9M    n/a  n/a
   3   62 |   7 1.0    0      0    0    0   0%    10M |   n/a   n/a   1    0      0    0    0   0%  81.9M    n/a  n/a
   3   63 |   7 1.0    0      0    0    0   0%    10M |   n/a   n/a   1    0      0    0    0   0%  81.9M    n/a  n/a
   0   44 |   7 1.0   19    13M   89  212  70%    10M |  99.9   n/a   1   27  1.52M    6   15  71%  81.9M    n/a  n/a
   0   45 |   7 1.0   19    13M   90  261  74%    10M |  99.9   n/a   1   27  1.77M    7   13  65%  81.9M    n/a  n/a
   0   46 |   7 1.0   19    13M   97  254  72%    10M |  99.9   n/a   1   27  1.51M    6   14  70%  81.9M    n/a  n/a
   0   47 |   7 1.0   19    13M   97  206  67%    10M |  99.9   n/a   1   27  1.26M    5   13  72%  81.9M    n/a  n/a
   0   48 |   7 1.0    0      0    0    0   0%    10M |   n/a   n/a   1    0      0    0    0   0%  81.9M    n/a  n/a
   0   49 |   7 1.0   19    13M   93  227  70%    10M |  99.9   n/a   1   27  1.75M    7   10  58%  81.9M    n/a  n/a
   0   4a |   7 1.0   19    13M   96  214  69%    10M |  99.9   n/a   1   27  2.02M    8   13  61%  81.9M    n/a  n/a
   0   4b |   7 1.0   19    12M   84  207  71%    10M |  99.9   n/a   1   27  1.52M    6   10  62%  81.9M    n/a  n/a
   1   4c |   7 1.0   19    24M  167  371  68%    10M |  99.9   n/a   1   27  3.43M   15   20  57%  81.9M    n/a  n/a
   1   4d |   7 1.0   19    23M  165  446  72%    10M |  99.9   n/a   1   27  3.60M   16   21  56%  81.9M    n/a  n/a
   1   4e |   7 1.0   19    23M  161  320  66%    10M |  99.9   n/a   1   27  2.23M   10   17  62%  81.9M    n/a  n/a
   1   4f |   7 1.0    0      0    0    0   0%    10M |   n/a   n/a   1    0      0    0    0   0%  81.9M    n/a  n/a
   1   50 |   7 1.0   19    23M  169  393  69%    10M |  99.9   n/a   1   27  2.02M    9   22  70%  81.9M    n/a  n/a
   1   51 |   7 1.0    0      0    0    0   0%    10M |   n/a   n/a   1    0      0    0    0   0%  81.9M    n/a  n/a
   1   52 |   7 1.0    0      0    0    0   0%    10M |   n/a   n/a   1    0      0    0    0   0%  81.9M    n/a  n/a
   1   53 |   7 1.0    0      0    0    0   0%    10M |   n/a   n/a   1    0      0    0    0   0%  81.9M    n/a  n/a
   2   54 |   7 1.0   19    11M   97  372  79%    10M |  99.9   n/a   1   27  1.58M    8   13  61%  81.9M    n/a  n/a
   2   55 |   7 1.0   19    10M   90  324  78%    10M |  99.9   n/a   1   27  1.21M    6   14  70%  81.9M    n/a  n/a
   2   56 |   7 1.0   19    11M   96  345  78%    10M |  99.9   n/a   1   27  1.40M    7   15  68%  81.9M    n/a  n/a
   2   57 |   7 1.0   19    10M   91  321  77%    10M |  99.9   n/a   1   27  1.79M    9   14  60%  81.9M    n/a  n/a
   2   58 |   7 1.0   19    10M   98  335  77%    10M |  99.9   n/a   1   27  1.78M    9   11  55%  81.9M    n/a  n/a
   2   59 |   7 1.0    0      0    0    0   0%    10M |   n/a   n/a   1    0      0    0    0   0%  81.9M    n/a  n/a
   2   5a |   7 1.0   19    11M  102  384  79%    10M |  99.9   n/a   1   27  1.20M    6   13  68%  81.9M    n/a  n/a
   2   5b |   7 1.0   19    11M   95  335  77%    10M |  99.9   n/a   1   27  1.59M    8   13  61%  81.9M    n/a  n/a
   3   5c |   7 1.0   19    20M  151  247  62%    10M |  99.9   n/a   1   27  1.77M    7   20  74%  81.9M    n/a  n/a
   3   5d |   7 1.0   19    19M  130  274  67%    10M |  99.9   n/a   1   27  2.77M   11   16  59%  81.9M    n/a  n/a
   3   5e |   7 1.0   19    19M  133  241  64%    10M |  99.9   n/a   1   27  2.52M   10   20  66%  81.9M    n/a  n/a
   3   5f |   7 1.0    0      0    0    0   0%    10M |   n/a   n/a   1    0      0    0    0   0%  81.9M    n/a  n/a
   3   60 |   7 1.0   19    20M  142  258  64%    10M |  99.9   n/a   1   27  2.78M   11   16  59%  81.9M    n/a  n/a
   3   61 |   7 1.0   19    20M  138  270  66%    10M |  99.9   n/a   1   27  2.28M    9   19  67%  81.9M    n/a  n/a
   3   62 |   7 1.0    0      0    0    0   0%    10M |   n/a   n/a   1    0      0    0    0   0%  81.9M    n/a  n/a
   3   63 |   7 1.0    0      0    0    0   0%    10M |   n/a   n/a   1    0      0    0    0   0%  81.9M    n/a  n/a
   0   44 |   7 1.0   19    14M   97  193  66%    10M |  99.9   n/a   1   27  1.28M    5   10  66%  81.9M    n/a  n/a
   0   45 |   7 1.0   19    13M   97  209  68%    10M |  99.9   n/a   1   27  2.28M    9   12  57%  81.9M    n/a  n/a
   0   46 |   7 1.0   19    14M   97  190  66%    10M |  99.9   n/a   1   27  1.29M    5   11  68%  81.9M    n/a  n/a
   0   47 |   7 1.0   19    13M   95  226  70%    10M |  99.9   n/a   1   27  2.02M    8   12  60%  81.9M    n/a  n/a
   0   48 |   7 1.0    0      0    0    0   0%    10M |   n/a   n/a   1    0      0    0    0   0%  81.9M    n/a  n/a
   0   49 |   7 1.0   19    12M   90  244  73%    10M |  99.9   n/a   1   27  2.02M    8   13  61%  81.9M    n/a  n/a
   0   4a |   7 1.0   19    14M   97  178  64%    10M |  99.9   n/a   1   27  1.26M    5   12  70%  81.9M    n/a  n/a
   0   4b |   7 1.0   19    14M  103  240  69%    10M |  99.9   n/a   1   27  2.78M   11    8  42%  81.9M    n/a  n/a
   1   4c |   7 1.0   19    17M  127  487  79%    10M |  99.9   n/a   1   27  1.37M    6   21  77%  81.9M    n/a  n/a
   1   4d |   7 1.0   19    17M  137  390  74%    10M |  99.9   n/a   1   27  1.58M    7   21  75%  81.9M    n/a  n/a
   1   4e |   7 1.0   19    17M  134  498  78%    10M |  99.9   n/a   1   27  1.56M    7   26  78%  81.9M    n/a  n/a
   1   4f |   7 1.0    0      0    0    0   0%    10M |   n/a   n/a   1    0      0    0    0   0%  81.9M    n/a  n/a
   1   50 |   7 1.0   19    16M  117  511  81%    10M |  99.9   n/a   1   27  2.01M    9   26  74%  81.9M    n/a  n/a
   1   51 |   7 1.0    0      0    0    0   0%    10M |   n/a   n/a   1    0      0    0    0   0%  81.9M    n/a  n/a
   1   52 |   7 1.0    0      0    0    0   0%    10M |   n/a   n/a   1    0      0    0    0   0%  81.9M    n/a  n/a
   1   53 |   7 1.0    0      0    0    0   0%    10M |   n/a   n/a   1    0      0    0    0   0%  81.9M    n/a  n/a
   2   54 |   7 1.0   19    12M   94  287  75%    10M |  99.9   n/a   1   27  1.62M    8   13  61%  81.9M    n/a  n/a
   2   55 |   7 1.0   19    11M  106  307  74%    10M |  99.9   n/a   1   27  2.38M   12   10  45%  81.9M    n/a  n/a
   2   56 |   7 1.0   19    11M  110  326  74%    10M |  99.9   n/a   1   27  1.39M    7   11  61%  81.9M    n/a  n/a
   2   57 |   7 1.0   19    12M   97  295  75%    10M |  99.9   n/a   1   27  1.20M    6   11  64%  81.9M    n/a  n/a
   2   58 |   7 1.0   19    11M  101  317  75%    10M |  99.9   n/a   1   27  1.39M    7   13  65%  81.9M    n/a  n/a
   2   59 |   7 1.0    0      0    0    0   0%    10M |   n/a   n/a   1    0      0    0    0   0%  81.9M    n/a  n/a
   2   5a |   7 1.0   19    11M   90  319  77%    10M |  99.9   n/a   1   27   787k    4   13  76%  81.9M    n/a  n/a
   2   5b |   7 1.0   19    12M  107  326  75%    10M |  99.9   n/a   1   27  1.21M    6    9  60%  81.9M    n/a  n/a
   3   5c |   7 1.0   19    18M  121  260  68%    10M |  99.9   n/a   1   27  2.28M    9   16  64%  81.9M    n/a  n/a
   3   5d |   7 1.0   19    18M  128  290  69%    10M |  99.9   n/a   1   27  1.50M    6   16  72%  81.9M    n/a  n/a
   3   5e |   7 1.0   19    18M  138  277  66%    10M |  99.9   n/a   1   27  2.52M   10   16  61%  81.9M    n/a  n/a
   3   5f |   7 1.0    0      0    0    0   0%    10M |   n/a   n/a   1    0      0    0    0   0%  81.9M    n/a  n/a
   3   60 |   7 1.0   19    18M  130  310  70%    10M |  99.9   n/a   1   27  1.51M    6   17  73%  81.9M    n/a  n/a
   3   61 |   7 1.0   19    19M  133  317  70%    10M |  99.9   n/a   1   27  1.76M    7   16  69%  81.9M    n/a  n/a
   3   62 |   7 1.0    0      0    0    0   0%    10M |   n/a   n/a   1    0      0    0    0   0%  81.9M    n/a  n/a
   3   63 |   7 1.0    0      0    0    0   0%    10M |   n/a   n/a   1    0      0    0    0   0%  81.9M    n/a  n/a

          |--------------------DL---------------------|-------------------------------UL-----------------------------
 pci rnti | cqi  ri  mcs  brate   ok  nok  (%)  dl_bs | pusch  rsrp  ri  mcs  brate   ok  nok  (%)    bsr     ta  phr
   0   44 |   7 1.0   19    12M   85  262  75%    10M |  99.9   n/a   1   27  1.79M    7   13  65%  81.9M    n/a  n/a
   0   45 |   7 1.0   19    13M   91  194  68%    10M |  99.9   n/a   1   27  1.50M    6   14  70%  81.9M    n/a  n/a
   0   46 |   7 1.0   19    12M   88  230  72%    10M |  99.9   n/a   1   27  2.03M    8   16  66%  81.9M    n/a  n/a
   0   47 |   7 1.0   19    12M   96  249  72%    10M |  99.9   n/a   1   27  1.02M    4   13  76%  81.9M    n/a  n/a
   0   48 |   7 1.0    0      0    0    0   0%    10M |   n/a   n/a   1    0      0    0    0   0%  81.9M    n/a  n/a
   0   49 |   7 1.0   19    13M  103  201  66%    10M |  99.9   n/a   1   27  1.76M    7   12  63%  81.9M    n/a  n/a
   0   4a |   7 1.0   19    13M   83  191  69%    10M |  99.9   n/a   1   27  2.04M    8   12  60%  81.9M    n/a  n/a
   0   4b |   7 1.0   19    13M  100  265  72%    10M |  99.9   n/a   1   27   512k    2   16  88%  81.9M    n/a  n/a
   1   4c |   7 1.0   19    21M  140  430  75%    10M |  99.9   n/a   1   27  2.06M    9   24  72%  81.9M    n/a  n/a
   1   4d |   7 1.0   19    22M  163  416  71%    10M |  99.9   n/a   1   27  2.00M    9   20  68%  81.9M    n/a  n/a
   1   4e |   7 1.0   19    22M  169  394  69%    10M |  99.9   n/a   1   27  3.80M   17   20  54%  81.9M    n/a  n/a
   1   4f |   7 1.0    0      0    0    0   0%    10M |   n/a   n/a   1    0      0    0    0   0%  81.9M    n/a  n/a
   1   50 |   7 1.0   19    21M  165  447  73%    10M |  99.9   n/a   1   27   676k    3   22  88%  81.9M    n/a  n/a
   1   51 |   7 1.0    0      0    0    0   0%    10M |   n/a   n/a   1    0      0    0    0   0%  81.9M    n/a  n/a
   1   52 |   7 1.0    0      0    0    0   0%    10M |   n/a   n/a   1    0      0    0    0   0%  81.9M    n/a  n/a
   1   53 |   7 1.0    0      0    0    0   0%    10M |   n/a   n/a   1    0      0    0    0   0%  81.9M    n/a  n/a
   2   54 |   7 1.0   19   9.3M   84  296  77%    10M |  99.9   n/a   1   27  1.20M    6   14  70%  81.9M    n/a  n/a
   2   55 |   7 1.0   19   9.4M   86  355  80%    10M |  99.9   n/a   1   27  1.41M    7   13  65%  81.9M    n/a  n/a
   2   56 |   7 1.0   19   9.5M   92  305  76%    10M |  99.9   n/a   1   27   803k    4   15  78%  81.9M    n/a  n/a
   2   57 |   7 1.0   19   9.4M   89  346  79%    10M |  99.9   n/a   1   27   586k    3   11  78%  81.9M    n/a  n/a
   2   58 |   7 1.0   19   9.6M   84  324  79%    10M |  99.9   n/a   1   27   394k    2   12  85%  81.9M    n/a  n/a
   2   59 |   7 1.0    0      0    0    0   0%    10M |   n/a   n/a   1    0      0    0    0   0%  81.9M    n/a  n/a
   2   5a |   7 1.0   19   9.0M   76  352  82%    10M |  99.9   n/a   1   27  1.21M    6   12  66%  81.9M    n/a  n/a
   2   5b |   7 1.0   19   9.8M   88  303  77%    10M |  99.9   n/a   1   27  1.58M    8   12  60%  81.9M    n/a  n/a
   3   5c |   7 1.0   19    16M  118  284  70%    10M |  99.9   n/a   1   27  1.25M    5   17  77%  81.9M    n/a  n/a
   3   5d |   7 1.0   19    17M  124  312  71%    10M |  99.9   n/a   1   27  2.02M    8   20  71%  81.9M    n/a  n/a
   3   5e |   7 1.0   19    17M  119  248  67%    10M |  99.9   n/a   1   27  1.02M    4   17  80%  81.9M    n/a  n/a
   3   5f |   7 1.0    0      0    0    0   0%    10M |   n/a   n/a   1    0      0    0    0   0%  81.9M    n/a  n/a
   3   60 |   7 1.0   19    17M  121  275  69%    10M |  99.9   n/a   1   27  2.01M    8   19  70%  81.9M    n/a  n/a
   3   61 |   7 1.0   19    16M  121  307  71%    10M |  99.9   n/a   1   27  1.52M    6   20  76%  81.9M    n/a  n/a
   3   62 |   7 1.0    0      0    0    0   0%    10M |   n/a   n/a   1    0      0    0    0   0%  81.9M    n/a  n/a
   3   63 |   7 1.0    0      0    0    0   0%    10M |   n/a   n/a   1    0      0    0    0   0%  81.9M    n/a  n/a
   0   44 |   7 1.0   19    13M   92  221  70%    10M |  99.9   n/a   1   27  1.53M    6   14  70%  81.9M    n/a  n/a
   0   45 |   7 1.0   19    13M   91  238  72%    10M |  99.9   n/a   1   27   992k    4   12  75%  81.9M    n/a  n/a
   0   46 |   7 1.0   19    13M   91  222  70%    10M |  99.9   n/a   1   27  1.28M    5   10  66%  81.9M    n/a  n/a
   0   47 |   7 1.0   19    14M  101  212  67%    10M |  99.9   n/a   1   27  1.01M    4   14  77%  81.9M    n/a  n/a
   0   48 |   7 1.0    0      0    0    0   0%    10M |   n/a   n/a   1    0      0    0    0   0%  81.9M    n/a  n/a
   0   49 |   7 1.0   19    13M   85  198  69%    10M |  99.9   n/a   1   27  1.77M    7   12  63%  81.9M    n/a  n/a
   0   4a |   7 1.0   19    13M   99  212  68%    10M |  99.9   n/a   1   27  1.53M    6   13  68%  81.9M    n/a  n/a
   0   4b |   7 1.0   19    13M  102  240  70%    10M |  99.9   n/a   1   27  2.03M    8   10  55%  81.9M    n/a  n/a
   1   4c |   7 1.0   19    18M  127  488  79%    10M |  99.9   n/a   1   27  1.84M    8   24  75%  81.9M    n/a  n/a
   1   4d |   7 1.0   19    18M  136  520  79%    10M |  99.9   n/a   1   27  1.10M    5   24  82%  81.9M    n/a  n/a
   1   4e |   7 1.0   19    18M  137  453  76%    10M |  99.9   n/a   1   27  1.81M    8   24  75%  81.9M    n/a  n/a
   1   4f |   7 1.0    0      0    0    0   0%    10M |   n/a   n/a   1    0      0    0    0   0%  81.9M    n/a  n/a
   1   50 |   7 1.0   19    18M  125  482  79%    10M |  99.9   n/a   1   27  3.38M   15   27  64%  81.9M    n/a  n/a
   1   51 |   7 1.0    0      0    0    0   0%    10M |   n/a   n/a   1    0      0    0    0   0%  81.9M    n/a  n/a
   1   52 |   7 1.0    0      0    0    0   0%    10M |   n/a   n/a   1    0      0    0    0   0%  81.9M    n/a  n/a
   1   53 |   7 1.0    0      0    0    0   0%    10M |   n/a   n/a   1    0      0    0    0   0%  81.9M    n/a  n/a
   2   54 |   7 1.0   19    11M   98  286  74%    10M |  99.9   n/a   1   27   988k    5   14  73%  81.9M    n/a  n/a
   2   55 |   7 1.0   19    11M   95  278  74%    10M |  99.9   n/a   1   27  1.20M    6   10  62%  81.9M    n/a  n/a
   2   56 |   7 1.0   19    11M  102  325  76%    10M |  99.9   n/a   1   27  1.00M    5   15  75%  81.9M    n/a  n/a
   2   57 |   7 1.0   19    11M   99  335  77%    10M |  99.9   n/a   1   27   586k    3   12  80%  81.9M    n/a  n/a
   2   58 |   7 1.0   19    11M   99  366  78%    10M |  99.9   n/a   1   27   992k    5   12  70%  81.9M    n/a  n/a
   2   59 |   7 1.0    0      0    0    0   0%    10M |   n/a   n/a   1    0      0    0    0   0%  81.9M    n/a  n/a
   2   5a |   7 1.0   19    11M   98  395  80%    10M |  99.9   n/a   1   27  1.20M    6   14  70%  81.9M    n/a  n/a
   2   5b |   7 1.0   19    11M  101  341  77%    10M |  99.9   n/a   1   27  1.60M    8   14  63%  81.9M    n/a  n/a
   3   5c |   7 1.0   19    16M  123  298  70%    10M |  99.9   n/a   1   27  2.01M    8   19  70%  81.9M    n/a  n/a
   3   5d |   7 1.0   19    19M  135  276  67%    10M |  99.9   n/a   1   27  1.52M    6   18  75%  81.9M    n/a  n/a
   3   5e |   7 1.0   19    17M  125  240  65%    10M |  99.9   n/a   1   27  2.03M    8   19  70%  81.9M    n/a  n/a
   3   5f |   7 1.0    0      0    0    0   0%    10M |   n/a   n/a   1    0      0    0    0   0%  81.9M    n/a  n/a
   3   60 |   7 1.0   19    19M  128  256  66%    10M |  99.9   n/a   1   27  1.51M    6   19  76%  81.9M    n/a  n/a
   3   61 |   7 1.0   19    18M  127  311  71%    10M |  99.9   n/a   1   27  1.51M    6   16  72%  81.9M    n/a  n/a
   3   62 |   7 1.0    0      0    0    0   0%    10M |   n/a   n/a   1    0      0    0    0   0%  81.9M    n/a  n/a
   3   63 |   7 1.0    0      0    0    0   0%    10M |   n/a   n/a   1    0      0    0    0   0%  81.9M    n/a  n/a
   0   44 |   7 1.0   19    11M   75  230  75%    10M |  99.9   n/a   1   27  1.52M    6   14  70%  81.9M    n/a  n/a
   0   45 |   7 1.0   19    12M  101  214  67%    10M |  99.9   n/a   1   27  1.02M    4   15  78%  81.9M    n/a  n/a
   0   46 |   7 1.0   19    12M   81  228  73%    10M |  99.9   n/a   1   27  1.52M    6   13  68%  81.9M    n/a  n/a
   0   47 |   7 1.0   19    12M   92  180  66%    10M |  99.9   n/a   1   27  1.26M    5   14  73%  81.9M    n/a  n/a
   0   48 |   7 1.0    0      0    0    0   0%    10M |   n/a   n/a   1    0      0    0    0   0%  81.9M    n/a  n/a
   0   49 |   7 1.0   19    11M   81  210  72%    10M |  99.9   n/a   1   27   762k    3   12  80%  81.9M    n/a  n/a
   0   4a |   7 1.0   19    12M   86  217  71%    10M |  99.9   n/a   1   27  1.03M    4   12  75%  81.9M    n/a  n/a
   0   4b |   7 1.0   19    12M   88  216  71%    10M |  99.9   n/a   1   27  1.77M    7   12  63%  81.9M    n/a  n/a
   1   4c |   7 1.0   19    20M  138  475  77%    10M |  99.9   n/a   1   27  2.30M   10   21  67%  81.9M    n/a  n/a
   1   4d |   7 1.0   19    20M  147  488  76%    10M |  99.9   n/a   1   27  1.13M    5   20  80%  81.9M    n/a  n/a
   1   4e |   7 1.0   19    20M  151  459  75%    10M |  99.9   n/a   1   27  2.22M   10   20  66%  81.9M    n/a  n/a
   1   4f |   7 1.0    0      0    0    0   0%    10M |   n/a   n/a   1    0      0    0    0   0%  81.9M    n/a  n/a
   1   50 |   7 1.0   19    20M  148  472  76%    10M |  99.9   n/a   1   27  2.48M   11   20  64%  81.9M    n/a  n/a
   1   51 |   7 1.0    0      0    0    0   0%    10M |   n/a   n/a   1    0      0    0    0   0%  81.9M    n/a  n/a
   1   52 |   7 1.0    0      0    0    0   0%    10M |   n/a   n/a   1    0      0    0    0   0%  81.9M    n/a  n/a
   1   53 |   7 1.0    0      0    0    0   0%    10M |   n/a   n/a   1    0      0    0    0   0%  81.9M    n/a  n/a
   2   54 |   7 1.0   19   8.5M   74  296  80%    10M |  99.9   n/a   1   27   791k    4   12  75%  81.9M    n/a  n/a
   2   55 |   7 1.0   19   9.2M   86  270  75%    10M |  99.9   n/a   1   27   803k    4   16  80%  81.9M    n/a  n/a
   2   56 |   7 1.0   19   8.9M   86  298  77%    10M |  99.9   n/a   1   27   791k    4   12  75%  81.9M    n/a  n/a
   2   57 |   7 1.0   19   8.1M   73  295  80%    10M |  99.9   n/a   1   27   594k    3   14  82%  81.9M    n/a  n/a
   2   58 |   7 1.0   19   9.4M   93  283  75%    10M |  99.9   n/a   1   27   988k    5   14  73%  81.9M    n/a  n/a
   2   59 |   7 1.0    0      0    0    0   0%    10M |   n/a   n/a   1    0      0    0    0   0%  81.9M    n/a  n/a
   2   5a |   7 1.0   19   8.4M   83  346  80%    10M |  99.9   n/a   1   27   599k    3   12  80%  81.9M    n/a  n/a
   2   5b |   7 1.0   19   8.6M   77  299  79%    10M |  99.9   n/a   1   27  1.00M    5   13  72%  81.9M    n/a  n/a

          |--------------------DL---------------------|-------------------------------UL-----------------------------
 pci rnti | cqi  ri  mcs  brate   ok  nok  (%)  dl_bs | pusch  rsrp  ri  mcs  brate   ok  nok  (%)    bsr     ta  phr
   3   5c |   7 1.0   19    15M  108  330  75%    10M |  99.9   n/a   1   27  1.52M    6   17  73%  81.9M    n/a  n/a
   3   5d |   7 1.0   19    17M  114  298  72%    10M |  99.9   n/a   1   27  2.02M    8   18  69%  81.9M    n/a  n/a
   3   5e |   7 1.0   19    17M  130  257  66%    10M |  99.9   n/a   1   27  1.25M    5   18  78%  81.9M    n/a  n/a
   3   5f |   7 1.0    0      0    0    0   0%    10M |   n/a   n/a   1    0      0    0    0   0%  81.9M    n/a  n/a
   3   60 |   7 1.0   19    17M  121  264  68%    10M |  99.9   n/a   1   27  1.25M    5   17  77%  81.9M    n/a  n/a
   3   61 |   7 1.0   19    16M  126  313  71%    10M |  99.9   n/a   1   27  1.51M    6   20  76%  81.9M    n/a  n/a
   3   62 |   7 1.0    0      0    0    0   0%    10M |   n/a   n/a   1    0      0    0    0   0%  81.9M    n/a  n/a
   3   63 |   7 1.0    0      0    0    0   0%    10M |   n/a   n/a   1    0      0    0    0   0%  81.9M    n/a  n/a
   0   44 |   7 1.0   19    13M   89  213  70%    10M |  99.9   n/a   1   27  1.78M    7    9  56%  81.9M    n/a  n/a
   0   45 |   7 1.0   19    14M   92  165  64%    10M |  99.9   n/a   1   27  2.80M   11   14  56%  81.9M    n/a  n/a
   0   46 |   7 1.0   19    14M   89  179  66%    10M |  99.9   n/a   1   27  1.27M    5   15  75%  81.9M    n/a  n/a
   0   47 |   7 1.0   19    15M  108  174  61%    10M |  99.9   n/a   1   27  3.06M   12   12  50%  81.9M    n/a  n/a
   0   48 |   7 1.0    0      0    0    0   0%    10M |   n/a   n/a   1    0      0    0    0   0%  81.9M    n/a  n/a
   0   49 |   7 1.0   19    15M  108  190  63%    10M |  99.9   n/a   1   27  1.26M    5   12  70%  81.9M    n/a  n/a
   0   4a |   7 1.0   19    14M   98  220  69%    10M |  99.9   n/a   1   27  1.02M    4   10  71%  81.9M    n/a  n/a
   0   4b |   7 1.0   19    15M  106  158  59%    10M |  99.9   n/a   1   27  2.28M    9   11  55%  81.9M    n/a  n/a
   1   4c |   7 1.0   19    18M  128  530  80%    10M |  99.9   n/a   1   27  1.14M    5   24  82%  81.9M    n/a  n/a
   1   4d |   7 1.0   19    17M  129  527  80%    10M |  99.9   n/a   1   27  1.81M    8   25  75%  81.9M    n/a  n/a
   1   4e |   7 1.0   19    17M  123  527  81%    10M |  99.9   n/a   1   27  1.34M    6   25  80%  81.9M    n/a  n/a
   1   4f |   7 1.0    0      0    0    0   0%    10M |   n/a   n/a   1    0      0    0    0   0%  81.9M    n/a  n/a
   1   50 |   7 1.0   19    18M  134  512  79%    10M |  99.9   n/a   1   27  1.81M    8   24  75%  81.9M    n/a  n/a
   1   51 |   7 1.0    0      0    0    0   0%    10M |   n/a   n/a   1    0      0    0    0   0%  81.9M    n/a  n/a
   1   52 |   7 1.0    0      0    0    0   0%    10M |   n/a   n/a   1    0      0    0    0   0%  81.9M    n/a  n/a
   1   53 |   7 1.0    0      0    0    0   0%    10M |   n/a   n/a   1    0      0    0    0   0%  81.9M    n/a  n/a
   2   54 |   7 1.0   19    11M  108  283  72%    10M |  99.9   n/a   1   27   389k    2   12  85%  81.9M    n/a  n/a
   2   55 |   7 1.0   19    11M   97  266  73%    10M |  99.9   n/a   1   27   590k    3   11  78%  81.9M    n/a  n/a
   2   56 |   7 1.0   19    10M   93  292  75%    10M |  99.9   n/a   1   27   787k    4   13  76%  81.9M    n/a  n/a
   2   57 |   7 1.0   19    11M  104  281  72%    10M |  99.9   n/a   1   27   803k    4   10  71%  81.9M    n/a  n/a
   2   58 |   7 1.0   19   9.7M   95  301  76%    10M |  99.9   n/a   1   27  1.19M    6   13  68%  81.9M    n/a  n/a
   2   59 |   7 1.0    0      0    0    0   0%    10M |   n/a   n/a   1    0      0    0    0   0%  81.9M    n/a  n/a
   2   5a |   7 1.0   19    10M   99  304  75%    10M |  99.9   n/a   1   27   988k    5   15  75%  81.9M    n/a  n/a
   2   5b |   7 1.0   19    10M  106  296  73%    10M |  99.9   n/a   1   27   816k    4   13  76%  81.9M    n/a  n/a
   3   5c |   7 1.0   19    15M  112  297  72%    10M |  99.9   n/a   1   27  1.01M    4   19  82%  81.9M    n/a  n/a
   3   5d |   7 1.0   19    16M  125  316  71%    10M |  99.9   n/a   1   27  1.01M    4   18  81%  81.9M    n/a  n/a
   3   5e |   7 1.0   19    17M  123  284  69%    10M |  99.9   n/a   1   27  1.00M    4   18  81%  81.9M    n/a  n/a
   3   5f |   7 1.0    0      0    0    0   0%    10M |   n/a   n/a   1    0      0    0    0   0%  81.9M    n/a  n/a
   3   60 |   7 1.0   19    16M  128  311  70%    10M |  99.9   n/a   1   27  1.01M    4   20  83%  81.9M    n/a  n/a
   3   61 |   7 1.0   19    16M  132  343  72%    10M |  99.9   n/a   1   27  1.01M    4   17  80%  81.9M    n/a  n/a
   3   62 |   7 1.0    0      0    0    0   0%    10M |   n/a   n/a   1    0      0    0    0   0%  81.9M    n/a  n/a
   3   63 |   7 1.0    0      0    0    0   0%    10M |   n/a   n/a   1    0      0    0    0   0%  81.9M    n/a  n/a
   0   44 |   7 1.0   19    14M  104  242  69%    10M |  99.9   n/a   1   27  2.02M    8   13  61%  81.9M    n/a  n/a
   0   45 |   7 1.0   19    14M   85  212  71%    10M |  99.9   n/a   1   27  2.02M    8   10  55%  81.9M    n/a  n/a
   0   46 |   7 1.0   19    14M   96  215  69%    10M |  99.9   n/a   1   27  1.77M    7    9  56%  81.9M    n/a  n/a
   0   47 |   7 1.0   19    13M   89  233  72%    10M |  99.9   n/a   1   27  3.05M   12   14  53%  81.9M    n/a  n/a
   0   48 |   7 1.0    0      0    0    0   0%    10M |   n/a   n/a   1    0      0    0    0   0%  81.9M    n/a  n/a
   0   49 |   7 1.0   19    13M   87  200  69%    10M |  99.9   n/a   1   27  2.30M    9   14  60%  81.9M    n/a  n/a
   0   4a |   7 1.0   19    14M   98  205  67%    10M |  99.9   n/a   1   27  1.52M    6   16  72%  81.9M    n/a  n/a
   0   4b |   7 1.0   19    14M   90  213  70%    10M |  99.9   n/a   1   27  2.53M   10   12  54%  81.9M    n/a  n/a
   1   4c |   7 1.0   19    23M  174  421  70%    10M |  99.9   n/a   1   27  1.83M    8   21  72%  81.9M    n/a  n/a
   1   4d |   7 1.0   19    22M  160  485  75%    10M |  99.9   n/a   1   27  2.96M   13   23  63%  81.9M    n/a  n/a
   1   4e |   7 1.0   19    22M  159  498  75%    10M |  99.9   n/a   1   27  2.71M   12   20  62%  81.9M    n/a  n/a
   1   4f |   7 1.0    0      0    0    0   0%    10M |   n/a   n/a   1    0      0    0    0   0%  81.9M    n/a  n/a
   1   50 |   7 1.0   19    22M  154  470  75%    10M |  99.9   n/a   1   27  2.94M   13   18  58%  81.9M    n/a  n/a
   1   51 |   7 1.0    0      0    0    0   0%    10M |   n/a   n/a   1    0      0    0    0   0%  81.9M    n/a  n/a
   1   52 |   7 1.0    0      0    0    0   0%    10M |   n/a   n/a   1    0      0    0    0   0%  81.9M    n/a  n/a
   1   53 |   7 1.0    0      0    0    0   0%    10M |   n/a   n/a   1    0      0    0    0   0%  81.9M    n/a  n/a
   2   54 |   7 1.0   19   8.4M   73  335  82%    10M |  99.9   n/a   1   27  1.40M    7   14  66%  81.9M    n/a  n/a
   2   55 |   7 1.0   19   9.2M   81  304  78%    10M |  99.9   n/a   1   27  1.00M    5   10  66%  81.9M    n/a  n/a
   2   56 |   7 1.0   19   9.5M   91  281  75%    10M |  99.9   n/a   1   27  1.41M    7   13  65%  81.9M    n/a  n/a
   2   57 |   7 1.0   19   9.2M   86  299  77%    10M |  99.9   n/a   1   27   394k    2   13  86%  81.9M    n/a  n/a
   2   58 |   7 1.0   19   9.2M   84  280  76%    10M |  99.9   n/a   1   27  1.00M    5   14  73%  81.9M    n/a  n/a
   2   59 |   7 1.0    0      0    0    0   0%    10M |   n/a   n/a   1    0      0    0    0   0%  81.9M    n/a  n/a
   2   5a |   7 1.0   19   8.8M   87  292  77%    10M |  99.9   n/a   1   27  1.18M    6   13  68%  81.9M    n/a  n/a
   2   5b |   7 1.0   19   9.2M   86  292  77%    10M |  99.9   n/a   1   27   988k    5   13  72%  81.9M    n/a  n/a
   3   5c |   7 1.0   19    18M  129  267  67%    10M |  99.9   n/a   1   27  2.03M    8   16  66%  81.9M    n/a  n/a
   3   5d |   7 1.0   19    17M  126  308  70%    10M |  99.9   n/a   1   27  2.28M    9   18  66%  81.9M    n/a  n/a
   3   5e |   7 1.0   19    17M  114  273  70%    10M |  99.9   n/a   1   27  2.03M    8   16  66%  81.9M    n/a  n/a
   3   5f |   7 1.0    0      0    0    0   0%    10M |   n/a   n/a   1    0      0    0    0   0%  81.9M    n/a  n/a
   3   60 |   7 1.0   19    17M  116  289  71%    10M |  99.9   n/a   1   27  1.02M    4   16  80%  81.9M    n/a  n/a
   3   61 |   7 1.0   19    18M  124  275  68%    10M |  99.9   n/a   1   27  2.04M    8   19  70%  81.9M    n/a  n/a
   3   62 |   7 1.0    0      0    0    0   0%    10M |   n/a   n/a   1    0      0    0    0   0%  81.9M    n/a  n/a
   3   63 |   7 1.0    0      0    0    0   0%    10M |   n/a   n/a   1    0      0    0    0   0%  81.9M    n/a  n/a
   0   44 |   7 1.0   19    13M   88  243  73%    10M |  99.9   n/a   1   27  1.02M    4   15  78%  81.9M    n/a  n/a
   0   45 |   7 1.0   19    12M   84  232  73%    10M |  99.9   n/a   1   27  1.01M    4   13  76%  81.9M    n/a  n/a
   0   46 |   7 1.0   19    12M   77  248  76%    10M |  99.9   n/a   1   27   754k    3   11  78%  81.9M    n/a  n/a
   0   47 |   7 1.0   19    12M   96  254  72%    10M |  99.9   n/a   1   27   775k    3    9  75%  81.9M    n/a  n/a
   0   48 |   7 1.0    0      0    0    0   0%    10M |   n/a   n/a   1    0      0    0    0   0%  81.9M    n/a  n/a
   0   49 |   7 1.0   19    12M   84  269  76%    10M |  99.9   n/a   1   27  1.00M    4   15  78%  81.9M    n/a  n/a
   0   4a |   7 1.0   19    12M   80  251  75%    10M |  99.9   n/a   1   27  1.02M    4   12  75%  81.9M    n/a  n/a
   0   4b |   7 1.0   19    13M   91  227  71%    10M |  99.9   n/a   1   27  1.01M    4   13  76%  81.9M    n/a  n/a
   1   4c |   7 1.0   19    19M  146  401  73%    10M |  99.9   n/a   1   27  1.59M    7   25  78%  81.9M    n/a  n/a
   1   4d |   7 1.0   19    17M  133  449  77%    10M |  99.9   n/a   1   27   918k    4   25  86%  81.9M    n/a  n/a
   1   4e |   7 1.0   19    17M  137  435  76%    10M |  99.9   n/a   1   27  1.37M    6   23  79%  81.9M    n/a  n/a
   1   4f |   7 1.0    0      0    0    0   0%    10M |   n/a   n/a   1    0      0    0    0   0%  81.9M    n/a  n/a
   1   50 |   7 1.0   19    17M  129  497  79%    10M |  99.9   n/a   1   27  2.03M    9   26  74%  81.9M    n/a  n/a
   1   51 |   7 1.0    0      0    0    0   0%    10M |   n/a   n/a   1    0      0    0    0   0%  81.9M    n/a  n/a
   1   52 |   7 1.0    0      0    0    0   0%    10M |   n/a   n/a   1    0      0    0    0   0%  81.9M    n/a  n/a
   1   53 |   7 1.0    0      0    0    0   0%    10M |   n/a   n/a   1    0      0    0    0   0%  81.9M    n/a  n/a

          |--------------------DL---------------------|-------------------------------UL-----------------------------
 pci rnti | cqi  ri  mcs  brate   ok  nok  (%)  dl_bs | pusch  rsrp  ri  mcs  brate   ok  nok  (%)    bsr     ta  phr
   2   54 |   7 1.0   19    11M   96  287  74%    10M |  99.9   n/a   1   27   586k    3   11  78%  81.9M    n/a  n/a
   2   55 |   7 1.0   19    11M   99  305  75%    10M |  99.9   n/a   1   27  1.61M    8   16  66%  81.9M    n/a  n/a
   2   56 |   7 1.0   19   9.7M   82  298  78%    10M |  99.9   n/a   1   27   193k    1   13  92%  81.9M    n/a  n/a
   2   57 |   7 1.0   19    11M   90  295  76%    10M |  99.9   n/a   1   27   795k    4   11  73%  81.9M    n/a  n/a
   2   58 |   7 1.0   19    11M   95  276  74%    10M |  99.9   n/a   1   27   812k    4   15  78%  81.9M    n/a  n/a
   2   59 |   7 1.0    0      0    0    0   0%    10M |   n/a   n/a   1    0      0    0    0   0%  81.9M    n/a  n/a
   2   5a |   7 1.0   19    10M   90  314  77%    10M |  99.9   n/a   1   27  1.00M    5    9  64%  81.9M    n/a  n/a
   2   5b |   7 1.0   19    11M   96  270  73%    10M |  99.9   n/a   1   27   984k    5   15  75%  81.9M    n/a  n/a
   3   5c |   7 1.0   19    16M  117  332  73%    10M |  99.9   n/a   1   27  1.75M    7   20  74%  81.9M    n/a  n/a
   3   5d |   7 1.0   19    18M  120  271  69%    10M |  99.9   n/a   1   27  1.52M    6   19  76%  81.9M    n/a  n/a
   3   5e |   7 1.0   19    18M  122  262  68%    10M |  99.9   n/a   1   27  2.02M    8   20  71%  81.9M    n/a  n/a
   3   5f |   7 1.0    0      0    0    0   0%    10M |   n/a   n/a   1    0      0    0    0   0%  81.9M    n/a  n/a
   3   60 |   7 1.0   19    18M  125  330  72%    10M |  99.9   n/a   1   27  1.77M    7   20  74%  81.9M    n/a  n/a
   3   61 |   7 1.0   19    17M  117  310  72%    10M |  99.9   n/a   1   27  1.27M    5   18  78%  81.9M    n/a  n/a
   3   62 |   7 1.0    0      0    0    0   0%    10M |   n/a   n/a   1    0      0    0    0   0%  81.9M    n/a  n/a
   3   63 |   7 1.0    0      0    0    0   0%    10M |   n/a   n/a   1    0      0    0    0   0%  81.9M    n/a  n/a
   0   44 |   7 1.0   19    10M   76  282  78%    10M |  99.9   n/a   1   27   512k    2   10  83%  81.9M    n/a  n/a
   0   45 |   7 1.0   19    12M   96  212  68%    10M |  99.9   n/a   1   27  1.77M    7   12  63%  81.9M    n/a  n/a
   0   46 |   7 1.0   19    11M   89  243  73%    10M |  99.9   n/a   1   27  1.01M    4   18  81%  81.9M    n/a  n/a
   0   47 |   7 1.0   19    12M   90  240  72%    10M |  99.9   n/a   1   27   770k    3   16  84%  81.9M    n/a  n/a
   0   48 |   7 1.0    0      0    0    0   0%    10M |   n/a   n/a   1    0      0    0    0   0%  81.9M    n/a  n/a
   0   49 |   7 1.0   19    12M  100  267  72%    10M |  99.9   n/a   1   27  1.77M    7   12  63%  81.9M    n/a  n/a
   0   4a |   7 1.0   19    11M   77  240  75%    10M |  99.9   n/a   1   27  1.25M    5   16  76%  81.9M    n/a  n/a
   0   4b |   7 1.0   19    12M   92  235  71%    10M |  99.9   n/a   1   27   258k    1   14  93%  81.9M    n/a  n/a
   1   4c |   7 1.0   19    20M  150  405  72%    10M |  99.9   n/a   1   27  1.81M    8   21  72%  81.9M    n/a  n/a
   1   4d |   7 1.0   19    20M  145  423  74%    10M |  99.9   n/a   1   27  2.51M   11   21  65%  81.9M    n/a  n/a
   1   4e |   7 1.0   19    20M  142  397  73%    10M |  99.9   n/a   1   27  2.04M    9   21  70%  81.9M    n/a  n/a
   1   4f |   7 1.0    0      0    0    0   0%    10M |   n/a   n/a   1    0      0    0    0   0%  81.9M    n/a  n/a
   1   50 |   7 1.0   19    21M  152  412  73%    10M |  99.9   n/a   1   27  2.48M   11   19  63%  81.9M    n/a  n/a
   1   51 |   7 1.0    0      0    0    0   0%    10M |   n/a   n/a   1    0      0    0    0   0%  81.9M    n/a  n/a
   1   52 |   7 1.0    0      0    0    0   0%    10M |   n/a   n/a   1    0      0    0    0   0%  81.9M    n/a  n/a
   1   53 |   7 1.0    0      0    0    0   0%    10M |   n/a   n/a   1    0      0    0    0   0%  81.9M    n/a  n/a
   2   54 |   7 1.0   19   9.2M   78  291  78%    10M |  99.9   n/a   1   27  1.20M    6   18  75%  81.9M    n/a  n/a
   2   55 |   7 1.0   19   9.3M   95  236  71%    10M |  99.9   n/a   1   27   590k    3   13  81%  81.9M    n/a  n/a
   2   56 |   7 1.0   19   9.2M   86  277  76%    10M |  99.9   n/a   1   27   988k    5   13  72%  81.9M    n/a  n/a
   2   57 |   7 1.0   19   9.4M   94  257  73%    10M |  99.9   n/a   1   27   988k    5   18  78%  81.9M    n/a  n/a
   2   58 |   7 1.0   19   8.9M   85  266  75%    10M |  99.9   n/a   1   27   795k    4   11  73%  81.9M    n/a  n/a
   2   59 |   7 1.0    0      0    0    0   0%    10M |   n/a   n/a   1    0      0    0    0   0%  81.9M    n/a  n/a
   2   5a |   7 1.0   19   9.7M   87  252  74%    10M |  99.9   n/a   1   27   984k    5   16  76%  81.9M    n/a  n/a
   2   5b |   7 1.0   19   9.5M   95  268  73%    10M |  99.9   n/a   1   27   816k    4   11  73%  81.9M    n/a  n/a
   3   5c |   7 1.0   19    18M  115  285  71%    10M |  99.9   n/a   1   27  1.01M    4   20  83%  81.9M    n/a  n/a
   3   5d |   7 1.0   19    17M  119  302  71%    10M |  99.9   n/a   1   27  1.52M    6   17  73%  81.9M    n/a  n/a
   3   5e |   7 1.0   19    17M  115  273  70%    10M |  99.9   n/a   1   27  1.52M    6   18  75%  81.9M    n/a  n/a
   3   5f |   7 1.0    0      0    0    0   0%    10M |   n/a   n/a   1    0      0    0    0   0%  81.9M    n/a  n/a
   3   60 |   7 1.0   19    16M  110  355  76%    10M |  99.9   n/a   1   27  1.51M    6   18  75%  81.9M    n/a  n/a
   3   61 |   7 1.0   19    17M  124  317  71%    10M |  99.9   n/a   1   27  1.50M    6   18  75%  81.9M    n/a  n/a
   3   62 |   7 1.0    0      0    0    0   0%    10M |   n/a   n/a   1    0      0    0    0   0%  81.9M    n/a  n/a
   3   63 |   7 1.0    0      0    0    0   0%    10M |   n/a   n/a   1    0      0    0    0   0%  81.9M    n/a  n/a
   0   44 |   7 1.0   19    13M   85  191  69%    10M |  99.9   n/a   1   27  2.28M    9   17  65%  81.9M    n/a  n/a
   0   45 |   7 1.0   19    14M   96  155  61%    10M |  99.9   n/a   1   27   750k    3   14  82%  81.9M    n/a  n/a
   0   46 |   7 1.0   19    13M   88  236  72%    10M |  99.9   n/a   1   27  2.03M    8    8  50%  81.9M    n/a  n/a
   0   47 |   7 1.0   19    14M   96  213  68%    10M |  99.9   n/a   1   27  1.51M    6   11  64%  81.9M    n/a  n/a
   0   48 |   7 1.0    0      0    0    0   0%    10M |   n/a   n/a   1    0      0    0    0   0%  81.9M    n/a  n/a
   0   49 |   7 1.0   19    14M  109  190  63%    10M |  99.9   n/a   1   27  1.01M    4   13  76%  81.9M    n/a  n/a
   0   4a |   7 1.0   19    13M   93  215  69%    10M |  99.9   n/a   1   27  1.01M    4   10  71%  81.9M    n/a  n/a
   0   4b |   7 1.0   19    14M   99  218  68%    10M |  99.9   n/a   1   27  1.76M    7   11  61%  81.9M    n/a  n/a
   1   4c |   7 1.0   19    18M  135  455  77%    10M |  99.9   n/a   1   27  1.58M    7   24  77%  81.9M    n/a  n/a
   1   4d |   7 1.0   19    18M  146  426  74%    10M |  99.9   n/a   1   27  1.14M    5   26  83%  81.9M    n/a  n/a
   1   4e |   7 1.0   19    18M  131  431  76%    10M |  99.9   n/a   1   27  1.58M    7   25  78%  81.9M    n/a  n/a
   1   4f |   7 1.0    0      0    0    0   0%    10M |   n/a   n/a   1    0      0    0    0   0%  81.9M    n/a  n/a
   1   50 |   7 1.0   19    18M  135  429  76%    10M |  99.9   n/a   1   27  2.71M   12   24  66%  81.9M    n/a  n/a
   1   51 |   7 1.0    0      0    0    0   0%    10M |   n/a   n/a   1    0      0    0    0   0%  81.9M    n/a  n/a
   1   52 |   7 1.0    0      0    0    0   0%    10M |   n/a   n/a   1    0      0    0    0   0%  81.9M    n/a  n/a
   1   53 |   7 1.0    0      0    0    0   0%    10M |   n/a   n/a   1    0      0    0    0   0%  81.9M    n/a  n/a
   2   54 |   7 1.0   19    11M   94  276  74%    10M |  99.9   n/a   1   27   992k    5   12  70%  81.9M    n/a  n/a
   2   55 |   7 1.0   19    11M  102  256  71%    10M |  99.9   n/a   1   27   812k    4   10  71%  81.9M    n/a  n/a
   2   56 |   7 1.0   19    10M   96  208  68%    10M |  99.9   n/a   1   27  1.20M    6   14  70%  81.9M    n/a  n/a
   2   57 |   7 1.0   19    10M   94  256  73%    10M |  99.9   n/a   1   27  1.18M    6    9  60%  81.9M    n/a  n/a
   2   58 |   7 1.0   19    10M   95  229  70%    10M |  99.9   n/a   1   27   996k    5   11  68%  81.9M    n/a  n/a
   2   59 |   7 1.0    0      0    0    0   0%    10M |   n/a   n/a   1    0      0    0    0   0%  81.9M    n/a  n/a
   2   5a |   7 1.0   19   9.9M   85  231  73%    10M |  99.9   n/a   1   27  1.20M    6   15  71%  81.9M    n/a  n/a
   2   5b |   7 1.0   19    10M   99  238  70%    10M |  99.9   n/a   1   27   787k    4   12  75%  81.9M    n/a  n/a
   3   5c |   7 1.0   19    16M  120  334  73%    10M |  99.9   n/a   1   27  1.76M    7   16  69%  81.9M    n/a  n/a
   3   5d |   7 1.0   19    17M  130  356  73%    10M |  99.9   n/a   1   27  1.78M    7   20  74%  81.9M    n/a  n/a
   3   5e |   7 1.0   19    17M  119  325  73%    10M |  99.9   n/a   1   27  1.26M    5   18  78%  81.9M    n/a  n/a
   3   5f |   7 1.0    0      0    0    0   0%    10M |   n/a   n/a   1    0      0    0    0   0%  81.9M    n/a  n/a
   3   60 |   7 1.0   19    16M  120  296  71%    10M |  99.9   n/a   1   27  1.52M    6   18  75%  81.9M    n/a  n/a
   3   61 |   7 1.0   19    17M  117  325  73%    10M |  99.9   n/a   1   27  1.52M    6   20  76%  81.9M    n/a  n/a
   3   62 |   7 1.0    0      0    0    0   0%    10M |   n/a   n/a   1    0      0    0    0   0%  81.9M    n/a  n/a
   3   63 |   7 1.0    0      0    0    0   0%    10M |   n/a   n/a   1    0      0    0    0   0%  81.9M    n/a  n/a
   0   44 |   7 1.0   19    12M   83  203  70%    10M |  99.9   n/a   1   27   250k    1   14  93%  81.9M    n/a  n/a
   0   45 |   7 1.0   19    13M   93  187  66%    10M |  99.9   n/a   1   27  1.24M    5    9  64%  81.9M    n/a  n/a
   0   46 |   7 1.0   19    12M   84  202  70%    10M |  99.9   n/a   1   27  2.03M    8   12  60%  81.9M    n/a  n/a
   0   47 |   7 1.0   19    13M   92  211  69%    10M |  99.9   n/a   1   27  1.27M    5   12  70%  81.9M    n/a  n/a
   0   48 |   7 1.0    0      0    0    0   0%    10M |   n/a   n/a   1    0      0    0    0   0%  81.9M    n/a  n/a
   0   49 |   7 1.0   19    13M   97  209  68%    10M |  99.9   n/a   1   27  1.27M    5   15  75%  81.9M    n/a  n/a
   0   4a |   7 1.0   19    11M   82  199  70%    10M |  99.9   n/a   1   27  2.02M    8   13  61%  81.9M    n/a  n/a
   0   4b |   7 1.0   19    13M   93  210  69%    10M |  99.9   n/a   1   27  1.27M    5   16  76%  81.9M    n/a  n/a

          |--------------------DL---------------------|-------------------------------UL-----------------------------
 pci rnti | cqi  ri  mcs  brate   ok  nok  (%)  dl_bs | pusch  rsrp  ri  mcs  brate   ok  nok  (%)    bsr     ta  phr
   1   4c |   7 1.0   19    20M  151  397  72%    10M |  99.9   n/a   1   27  1.81M    8   21  72%  81.9M    n/a  n/a
   1   4d |   7 1.0   19    20M  149  408  73%    10M |  99.9   n/a   1   27  2.02M    9   20  68%  81.9M    n/a  n/a
   1   4e |   7 1.0   19    20M  153  407  72%    10M |  99.9   n/a   1   27  2.24M   10   20  66%  81.9M    n/a  n/a
   1   4f |   7 1.0    0      0    0    0   0%    10M |   n/a   n/a   1    0      0    0    0   0%  81.9M    n/a  n/a
   1   50 |   7 1.0   19    20M  151  400  72%    10M |  99.9   n/a   1   27  2.93M   13   20  60%  81.9M    n/a  n/a
   1   51 |   7 1.0    0      0    0    0   0%    10M |   n/a   n/a   1    0      0    0    0   0%  81.9M    n/a  n/a
   1   52 |   7 1.0    0      0    0    0   0%    10M |   n/a   n/a   1    0      0    0    0   0%  81.9M    n/a  n/a
   1   53 |   7 1.0    0      0    0    0   0%    10M |   n/a   n/a   1    0      0    0    0   0%  81.9M    n/a  n/a
   2   54 |   7 1.0   19   9.6M   93  284  75%    10M |  99.9   n/a   1   27  1.18M    6   11  64%  81.9M    n/a  n/a
   2   55 |   7 1.0   19   9.2M   82  285  77%    10M |  99.9   n/a   1   27  1.18M    6   16  72%  81.9M    n/a  n/a
   2   56 |   7 1.0   19   9.3M   96  284  74%    10M |  99.9   n/a   1   27   795k    4   13  76%  81.9M    n/a  n/a
   2   57 |   7 1.0   19   9.3M   84  277  76%    10M |  99.9   n/a   1   27   594k    3   14  82%  81.9M    n/a  n/a
   2   58 |   7 1.0   19    10M   86  295  77%    10M |  99.9   n/a   1   27  1.59M    8   14  63%  81.9M    n/a  n/a
   2   59 |   7 1.0    0      0    0    0   0%    10M |   n/a   n/a   1    0      0    0    0   0%  81.9M    n/a  n/a
   2   5a |   7 1.0   19   9.6M   95  274  74%    10M |  99.9   n/a   1   27   807k    4    9  69%  81.9M    n/a  n/a
   2   5b |   7 1.0   19   9.5M   91  272  74%    10M |  99.9   n/a   1   27  1.98M   10   14  58%  81.9M    n/a  n/a
   3   5c |   7 1.0   19    17M  122  317  72%    10M |  99.9   n/a   1   27   762k    3   20  86%  81.9M    n/a  n/a
   3   5d |   7 1.0   19    17M  126  304  70%    10M |  99.9   n/a   1   27  1.27M    5   16  76%  81.9M    n/a  n/a
   3   5e |   7 1.0   19    17M  123  291  70%    10M |  99.9   n/a   1   27  1.76M    7   18  72%  81.9M    n/a  n/a
   3   5f |   7 1.0    0      0    0    0   0%    10M |   n/a   n/a   1    0      0    0    0   0%  81.9M    n/a  n/a
   3   60 |   7 1.0   19    17M  119  275  69%    10M |  99.9   n/a   1   27  2.02M    8   18  69%  81.9M    n/a  n/a
   3   61 |   7 1.0   19    17M  127  298  70%    10M |  99.9   n/a   1   27  2.01M    8   16  66%  81.9M    n/a  n/a
   3   62 |   7 1.0    0      0    0    0   0%    10M |   n/a   n/a   1    0      0    0    0   0%  81.9M    n/a  n/a
   3   63 |   7 1.0    0      0    0    0   0%    10M |   n/a   n/a   1    0      0    0    0   0%  81.9M    n/a  n/a
   0   44 |   7 1.0   19    13M   91  246  72%    10M |  99.9   n/a   1   27  1.02M    4   14  77%  81.9M    n/a  n/a
   0   45 |   7 1.0   19    13M   89  241  73%    10M |  99.9   n/a   1   27  1.77M    7   14  66%  81.9M    n/a  n/a
   0   46 |   7 1.0   19    12M   85  249  74%    10M |  99.9   n/a   1   27  1.78M    7   12  63%  81.9M    n/a  n/a
   0   47 |   7 1.0   19    14M   93  207  69%    10M |  99.9   n/a   1   27  1.27M    5   10  66%  81.9M    n/a  n/a
   0   48 |   7 1.0    0      0    0    0   0%    10M |   n/a   n/a   1    0      0    0    0   0%  81.9M    n/a  n/a
   0   49 |   7 1.0   19    13M   91  214  70%    10M |  99.9   n/a   1   27  1.80M    7   10  58%  81.9M    n/a  n/a
   0   4a |   7 1.0   19    13M   93  254  73%    10M |  99.9   n/a   1   27  2.30M    9   12  57%  81.9M    n/a  n/a
   0   4b |   7 1.0   19    13M   98  281  74%    10M |  99.9   n/a   1   27  1.01M    4   11  73%  81.9M    n/a  n/a
   1   4c |   7 1.0   19    18M  135  404  74%    10M |  99.9   n/a   1   27  2.26M   10   24  70%  81.9M    n/a  n/a
   1   4d |   7 1.0   19    19M  140  380  73%    10M |  99.9   n/a   1   27  1.60M    7   26  78%  81.9M    n/a  n/a
   1   4e |   7 1.0   19    18M  132  444  77%    10M |  99.9   n/a   1   27  1.80M    8   26  76%  81.9M    n/a  n/a
   1   4f |   7 1.0    0      0    0    0   0%    10M |   n/a   n/a   1    0      0    0    0   0%  81.9M    n/a  n/a
   1   50 |   7 1.0   19    18M  133  405  75%    10M |  99.9   n/a   1   27   918k    4   23  85%  81.9M    n/a  n/a
   1   51 |   7 1.0    0      0    0    0   0%    10M |   n/a   n/a   1    0      0    0    0   0%  81.9M    n/a  n/a
   1   52 |   7 1.0    0      0    0    0   0%    10M |   n/a   n/a   1    0      0    0    0   0%  81.9M    n/a  n/a
   1   53 |   7 1.0    0      0    0    0   0%    10M |   n/a   n/a   1    0      0    0    0   0%  81.9M    n/a  n/a
   2   54 |   7 1.0   19    11M  101  252  71%    10M |  99.9   n/a   1   27  1.41M    7   15  68%  81.9M    n/a  n/a
   2   55 |   7 1.0   19    11M  105  243  69%    10M |  99.9   n/a   1   27  1.20M    6   13  68%  81.9M    n/a  n/a
   2   56 |   7 1.0   19    11M  101  285  73%    10M |  99.9   n/a   1   27   590k    3   10  76%  81.9M    n/a  n/a
   2   57 |   7 1.0   19    11M  107  216  66%    10M |  99.9   n/a   1   27  1.60M    8   15  65%  81.9M    n/a  n/a
   2   58 |   7 1.0   19    10M   89  261  74%    10M |  99.9   n/a   1   27   402k    2   11  84%  81.9M    n/a  n/a
   2   59 |   7 1.0    0      0    0    0   0%    10M |   n/a   n/a   1    0      0    0    0   0%  81.9M    n/a  n/a
   2   5a |   7 1.0   19    10M  100  291  74%    10M |  99.9   n/a   1   27  1.00M    5   12  70%  81.9M    n/a  n/a
   2   5b |   7 1.0   19    11M  102  240  70%    10M |  99.9   n/a   1   27  1.18M    6   10  62%  81.9M    n/a  n/a
   3   5c |   7 1.0   19    19M  127  262  67%    10M |  99.9   n/a   1   27  1.51M    6   16  72%  81.9M    n/a  n/a
   3   5d |   7 1.0   19    18M  132  301  69%    10M |  99.9   n/a   1   27  1.54M    6   20  76%  81.9M    n/a  n/a
   3   5e |   7 1.0   19    16M  111  299  72%    10M |  99.9   n/a   1   27  2.02M    8   18  69%  81.9M    n/a  n/a
   3   5f |   7 1.0    0      0    0    0   0%    10M |   n/a   n/a   1    0      0    0    0   0%  81.9M    n/a  n/a
   3   60 |   7 1.0   19    18M  123  307  71%    10M |  99.9   n/a   1   27  2.02M    8   18  69%  81.9M    n/a  n/a
   3   61 |   7 1.0   19    18M  140  303  68%    10M |  99.9   n/a   1   27  1.28M    5   20  80%  81.9M    n/a  n/a
   3   62 |   7 1.0    0      0    0    0   0%    10M |   n/a   n/a   1    0      0    0    0   0%  81.9M    n/a  n/a
   3   63 |   7 1.0    0      0    0    0   0%    10M |   n/a   n/a   1    0      0    0    0   0%  81.9M    n/a  n/a
   0   44 |   7 1.0   19    13M   90  231  71%    10M |  99.9   n/a   1   27  1.25M    5   17  77%  81.9M    n/a  n/a
   0   45 |   7 1.0   19    14M   90  236  72%    10M |  99.9   n/a   1   27   762k    3   10  76%  81.9M    n/a  n/a
   0   46 |   7 1.0   19    14M   99  228  69%    10M |  99.9   n/a   1   27  2.53M   10   16  61%  81.9M    n/a  n/a
   0   47 |   7 1.0   19    14M   92  203  68%    10M |   n/a   n/a   1   27      0    0   15 100%  81.9M    n/a  n/a
   0   48 |   7 1.0    0      0    0    0   0%    10M |   n/a   n/a   1    0      0    0    0   0%  81.9M    n/a  n/a
   0   49 |   7 1.0   19    13M   93  248  72%    10M |  99.9   n/a   1   27  2.26M    9   12  57%  81.9M    n/a  n/a
   0   4a |   7 1.0   19    13M   90  223  71%    10M |  99.9   n/a   1   27  2.27M    9   11  55%  81.9M    n/a  n/a
   0   4b |   7 1.0   19    14M  101  266  72%    10M |  99.9   n/a   1   27   500k    2   14  87%  81.9M    n/a  n/a
   1   4c |   7 1.0   19    18M  133  422  76%    10M |  99.9   n/a   1   27  1.81M    8   23  74%  81.9M    n/a  n/a
   1   4d |   7 1.0   19    18M  136  445  76%    10M |  99.9   n/a   1   27   894k    4   19  82%  81.9M    n/a  n/a
   1   4e |   7 1.0   19    18M  137  447  76%    10M |  99.9   n/a   1   27   902k    4   21  84%  81.9M    n/a  n/a
   1   4f |   7 1.0    0      0    0    0   0%    10M |   n/a   n/a   1    0      0    0    0   0%  81.9M    n/a  n/a
   1   50 |   7 1.0   19    17M  119  443  78%    10M |  99.9   n/a   1   27  1.14M    5   20  80%  81.9M    n/a  n/a
   1   51 |   7 1.0    0      0    0    0   0%    10M |   n/a   n/a   1    0      0    0    0   0%  81.9M    n/a  n/a
   1   52 |   7 1.0    0      0    0    0   0%    10M |   n/a   n/a   1    0      0    0    0   0%  81.9M    n/a  n/a
   1   53 |   7 1.0    0      0    0    0   0%    10M |   n/a   n/a   1    0      0    0    0   0%  81.9M    n/a  n/a
   2   54 |   7 1.0   19   9.4M   81  218  72%    10M |  99.9   n/a   1   27   590k    3   12  80%  81.9M    n/a  n/a
   2   55 |   7 1.0   19    10M   97  221  69%    10M |  99.9   n/a   1   27   988k    5   11  68%  81.9M    n/a  n/a
   2   56 |   7 1.0   19    11M   98  206  67%    10M |  99.9   n/a   1   27  1.38M    7   19  73%  81.9M    n/a  n/a
   2   57 |   7 1.0   19    10M   94  193  67%    10M |  99.9   n/a   1   27  1.00M    5    8  61%  81.9M    n/a  n/a
   2   58 |   7 1.0   19   9.5M   85  248  74%    10M |  99.9   n/a   1   27   988k    5   11  68%  81.9M    n/a  n/a
   2   59 |   7 1.0    0      0    0    0   0%    10M |   n/a   n/a   1    0      0    0    0   0%  81.9M    n/a  n/a
   2   5a |   7 1.0   19   9.9M   93  244  72%    10M |  99.9   n/a   1   27  1.79M    9   16  64%  81.9M    n/a  n/a
   2   5b |   7 1.0   19    10M   96  224  70%    10M |  99.9   n/a   1   27  1.78M    9   17  65%  81.9M    n/a  n/a
   3   5c |   7 1.0   19    16M  119  303  71%    10M |  99.9   n/a   1   27  1.52M    6   20  76%  81.9M    n/a  n/a
   3   5d |   7 1.0   19    17M  120  302  71%    10M |  99.9   n/a   1   27  1.52M    6   19  76%  81.9M    n/a  n/a
   3   5e |   7 1.0   19    15M  107  304  73%    10M |  99.9   n/a   1   27  1.52M    6   20  76%  81.9M    n/a  n/a
   3   5f |   7 1.0    0      0    0    0   0%    10M |   n/a   n/a   1    0      0    0    0   0%  81.9M    n/a  n/a
   3   60 |   7 1.0   19    16M  119  283  70%    10M |  99.9   n/a   1   27  1.26M    5   20  80%  81.9M    n/a  n/a
   3   61 |   7 1.0   19    17M  116  304  72%    10M |  99.9   n/a   1   27  1.01M    4   16  80%  81.9M    n/a  n/a
   3   62 |   7 1.0    0      0    0    0   0%    10M |   n/a   n/a   1    0      0    0    0   0%  81.9M    n/a  n/a
   3   63 |   7 1.0    0      0    0    0   0%    10M |   n/a   n/a   1    0      0    0    0   0%  81.9M    n/a  n/a

          |--------------------DL---------------------|-------------------------------UL-----------------------------
 pci rnti | cqi  ri  mcs  brate   ok  nok  (%)  dl_bs | pusch  rsrp  ri  mcs  brate   ok  nok  (%)    bsr     ta  phr
   0   44 |   7 1.0   19    12M   86  277  76%    10M |  99.9   n/a   1   27  1.53M    6   10  62%  81.9M    n/a  n/a
   0   45 |   7 1.0   19    12M   82  249  75%    10M |  99.9   n/a   1   27  1.01M    4   12  75%  81.9M    n/a  n/a
   0   46 |   7 1.0   19    12M   80  248  75%    10M |  99.9   n/a   1   27  1.01M    4   12  75%  81.9M    n/a  n/a
   0   47 |   7 1.0   19    12M   85  207  70%    10M |  99.9   n/a   1   27   766k    3   13  81%  81.9M    n/a  n/a
   0   48 |   7 1.0    0      0    0    0   0%    10M |   n/a   n/a   1    0      0    0    0   0%  81.9M    n/a  n/a
   0   49 |   7 1.0   19    13M   87  254  74%    10M |  99.9   n/a   1   27   500k    2   12  85%  81.9M    n/a  n/a
   0   4a |   7 1.0   19    12M   81  256  75%    10M |  99.9   n/a   1   27  1.01M    4   13  76%  81.9M    n/a  n/a
   0   4b |   7 1.0   19    12M   77  236  75%    10M |  99.9   n/a   1   27  2.04M    8   13  61%  81.9M    n/a  n/a
   1   4c |   7 1.0   19    18M  144  396  73%    10M |  99.9   n/a   1   27  2.04M    9   22  70%  81.9M    n/a  n/a
   1   4d |   7 1.0   19    17M  130  425  76%    10M |  99.9   n/a   1   27  1.80M    8   26  76%  81.9M    n/a  n/a
   1   4e |   7 1.0   19    17M  132  457  77%    10M |  99.9   n/a   1   27  1.36M    6   26  81%  81.9M    n/a  n/a
   1   4f |   7 1.0    0      0    0    0   0%    10M |   n/a   n/a   1    0      0    0    0   0%  81.9M    n/a  n/a
   1   50 |   7 1.0   19    17M  130  479  78%    10M |  99.9   n/a   1   27   685k    3   23  88%  81.9M    n/a  n/a
   1   51 |   7 1.0    0      0    0    0   0%    10M |   n/a   n/a   1    0      0    0    0   0%  81.9M    n/a  n/a
   1   52 |   7 1.0    0      0    0    0   0%    10M |   n/a   n/a   1    0      0    0    0   0%  81.9M    n/a  n/a
   1   53 |   7 1.0    0      0    0    0   0%    10M |   n/a   n/a   1    0      0    0    0   0%  81.9M    n/a  n/a
   2   54 |   7 1.0   19    11M  102  171  62%    10M |  99.9   n/a   1   27  1.19M    6   12  66%  81.9M    n/a  n/a
   2   55 |   7 1.0   19    11M   93  189  67%    10M |  99.9   n/a   1   27  1.80M    9   16  64%  81.9M    n/a  n/a
   2   56 |   7 1.0   19   9.7M   86  250  74%    10M |  99.9   n/a   1   27   406k    2   10  83%  81.9M    n/a  n/a
   2   57 |   7 1.0   19    11M   99  200  66%    10M |  99.9   n/a   1   27  1.60M    8   13  61%  81.9M    n/a  n/a
   2   58 |   7 1.0   19    11M   92  221  70%    10M |  99.9   n/a   1   27   804k    4   13  76%  81.9M    n/a  n/a
   2   59 |   7 1.0    0      0    0    0   0%    10M |   n/a   n/a   1    0      0    0    0   0%  81.9M    n/a  n/a
   2   5a |   7 1.0   19    12M   99  162  62%    10M |  99.9   n/a   1   27  1.38M    7    9  56%  81.9M    n/a  n/a
   2   5b |   7 1.0   19    11M  110  205  65%    10M |  99.9   n/a   1   27  1.80M    9   10  52%  81.9M    n/a  n/a
   3   5c |   7 1.0   19    16M  121  262  68%    10M |  99.9   n/a   1   27   762k    3   19  86%  81.9M    n/a  n/a
   3   5d |   7 1.0   19    17M  121  268  68%    10M |  99.9   n/a   1   27  2.02M    8   17  68%  81.9M    n/a  n/a
   3   5e |   7 1.0   19    16M  113  293  72%    10M |  99.9   n/a   1   27  1.77M    7   16  69%  81.9M    n/a  n/a
   3   5f |   7 1.0    0      0    0    0   0%    10M |   n/a   n/a   1    0      0    0    0   0%  81.9M    n/a  n/a
   3   60 |   7 1.0   19    17M  121  263  68%    10M |  99.9   n/a   1   27  1.76M    7   16  69%  81.9M    n/a  n/a
   3   61 |   7 1.0   19    16M  129  320  71%    10M |  99.9   n/a   1   27  1.27M    5   20  80%  81.9M    n/a  n/a
   3   62 |   7 1.0    0      0    0    0   0%    10M |   n/a   n/a   1    0      0    0    0   0%  81.9M    n/a  n/a
   3   63 |   7 1.0    0      0    0    0   0%    10M |   n/a   n/a   1    0      0    0    0   0%  81.9M    n/a  n/a
   0   44 |   7 1.0   19    13M   84  281  76%    10M |  99.9   n/a   1   27  1.77M    7   14  66%  81.9M    n/a  n/a
   0   45 |   7 1.0   19    13M   92  266  74%    10M |  99.9   n/a   1   27  2.77M   11   15  57%  81.9M    n/a  n/a
   0   46 |   7 1.0   19    14M   91  270  74%    10M |  99.9   n/a   1   27  1.78M    7   14  66%  81.9M    n/a  n/a
   0   47 |   7 1.0   19    13M   90  217  70%    10M |  99.9   n/a   1   27  1.79M    7   13  65%  81.9M    n/a  n/a
   0   48 |   7 1.0    0      0    0    0   0%    10M |   n/a   n/a   1    0      0    0    0   0%  81.9M    n/a  n/a
   0   49 |   7 1.0   19    13M   95  259  73%    10M |  99.9   n/a   1   27  1.52M    6   14  70%  81.9M    n/a  n/a
   0   4a |   7 1.0   19    13M   83  265  76%    10M |  99.9   n/a   1   27  1.00M    4   11  73%  81.9M    n/a  n/a
   0   4b |   7 1.0   19    13M   99  277  73%    10M |  99.9   n/a   1   27  1.54M    6   11  64%  81.9M    n/a  n/a
   1   4c |   7 1.0   19    19M  147  370  71%    10M |  99.9   n/a   1   27  1.58M    7   21  75%  81.9M    n/a  n/a
   1   4d |   7 1.0   19    20M  146  371  71%    10M |  99.9   n/a   1   27  2.50M   11   19  63%  81.9M    n/a  n/a
   1   4e |   7 1.0   19    19M  144  408  73%    10M |  99.9   n/a   1   27  1.55M    7   20  74%  81.9M    n/a  n/a
   1   4f |   7 1.0    0      0    0    0   0%    10M |   n/a   n/a   1    0      0    0    0   0%  81.9M    n/a  n/a
   1   50 |   7 1.0   19    18M  142  477  77%    10M |  99.9   n/a   1   27  2.25M   10   21  67%  81.9M    n/a  n/a
   1   51 |   7 1.0    0      0    0    0   0%    10M |   n/a   n/a   1    0      0    0    0   0%  81.9M    n/a  n/a
   1   52 |   7 1.0    0      0    0    0   0%    10M |   n/a   n/a   1    0      0    0    0   0%  81.9M    n/a  n/a
   1   53 |   7 1.0    0      0    0    0   0%    10M |   n/a   n/a   1    0      0    0    0   0%  81.9M    n/a  n/a
   2   54 |   7 1.0   19    11M   99  186  65%    10M |  99.9   n/a   1   27   795k    4   14  77%  81.9M    n/a  n/a
   2   55 |   7 1.0   19    11M  100  219  68%    10M |  99.9   n/a   1   27   795k    4    7  63%  81.9M    n/a  n/a
   2   56 |   7 1.0   19    10M   95  243  71%    10M |  99.9   n/a   1   27  1.59M    8   13  61%  81.9M    n/a  n/a
   2   57 |   7 1.0   19    11M  101  219  68%    10M |  99.9   n/a   1   27  1.20M    6    8  57%  81.9M    n/a  n/a
   2   58 |   7 1.0   19    11M  104  195  65%    10M |  99.9   n/a   1   27  1.79M    9   10  52%  81.9M    n/a  n/a
   2   59 |   7 1.0    0      0    0    0   0%    10M |   n/a   n/a   1    0      0    0    0   0%  81.9M    n/a  n/a
   2   5a |   7 1.0   19   9.9M   88  203  69%    10M |  99.9   n/a   1   27  2.38M   12   14  53%  81.9M    n/a  n/a
   2   5b |   7 1.0   19    12M  102  208  67%    10M |  99.9   n/a   1   27  1.62M    8   15  65%  81.9M    n/a  n/a
   3   5c |   7 1.0   19    16M  123  285  69%    10M |  99.9   n/a   1   27  2.02M    8   17  68%  81.9M    n/a  n/a
   3   5d |   7 1.0   19    17M  123  238  65%    10M |  99.9   n/a   1   27  1.52M    6   17  73%  81.9M    n/a  n/a
   3   5e |   7 1.0   19    15M  104  301  74%    10M |  99.9   n/a   1   27  2.01M    8   19  70%  81.9M    n/a  n/a
   3   5f |   7 1.0    0      0    0    0   0%    10M |   n/a   n/a   1    0      0    0    0   0%  81.9M    n/a  n/a
   3   60 |   7 1.0   19    17M  117  231  66%    10M |  99.9   n/a   1   27  2.01M    8   20  71%  81.9M    n/a  n/a
   3   61 |   7 1.0   19    17M  133  292  68%    10M |  99.9   n/a   1   27  1.51M    6   16  72%  81.9M    n/a  n/a
   3   62 |   7 1.0    0      0    0    0   0%    10M |   n/a   n/a   1    0      0    0    0   0%  81.9M    n/a  n/a
   3   63 |   7 1.0    0      0    0    0   0%    10M |   n/a   n/a   1    0      0    0    0   0%  81.9M    n/a  n/a
   0   44 |   7 1.0   19    14M   93  268  74%    10M |  99.9   n/a   1   27  2.55M   10   11  52%  81.9M    n/a  n/a
   0   45 |   7 1.0   19    14M  103  272  72%    10M |  99.9   n/a   1   27  1.27M    5   11  68%  81.9M    n/a  n/a
   0   46 |   7 1.0   19    14M   98  267  73%    10M |  99.9   n/a   1   27  2.51M   10   10  50%  81.9M    n/a  n/a
   0   47 |   7 1.0   19    13M   85  249  74%    10M |  99.9   n/a   1   27  1.52M    6   11  64%  81.9M    n/a  n/a
   0   48 |   7 1.0    0      0    0    0   0%    10M |   n/a   n/a   1    0      0    0    0   0%  81.9M    n/a  n/a
   0   49 |   7 1.0   19    14M   94  232  71%    10M |  99.9   n/a   1   27  1.79M    7    9  56%  81.9M    n/a  n/a
   0   4a |   7 1.0   19    14M   99  277  73%    10M |  99.9   n/a   1   27  2.27M    9   14  60%  81.9M    n/a  n/a
   0   4b |   7 1.0   19    14M   97  239  71%    10M |  99.9   n/a   1   27  1.27M    5   14  73%  81.9M    n/a  n/a
   1   4c |   7 1.0   19    19M  138  375  73%    10M |  99.9   n/a   1   27  2.04M    9   24  72%  81.9M    n/a  n/a
   1   4d |   7 1.0   19    19M  148  372  71%    10M |  99.9   n/a   1   27  1.81M    8   18  69%  81.9M    n/a  n/a
   1   4e |   7 1.0   19    18M  138  387  73%    10M |  99.9   n/a   1   27  2.25M   10   21  67%  81.9M    n/a  n/a
   1   4f |   7 1.0    0      0    0    0   0%    10M |   n/a   n/a   1    0      0    0    0   0%  81.9M    n/a  n/a
   1   50 |   7 1.0   19    17M  120  416  77%    10M |  99.9   n/a   1   27  2.03M    9   22  70%  81.9M    n/a  n/a
   1   51 |   7 1.0    0      0    0    0   0%    10M |   n/a   n/a   1    0      0    0    0   0%  81.9M    n/a  n/a
   1   52 |   7 1.0    0      0    0    0   0%    10M |   n/a   n/a   1    0      0    0    0   0%  81.9M    n/a  n/a
   1   53 |   7 1.0    0      0    0    0   0%    10M |   n/a   n/a   1    0      0    0    0   0%  81.9M    n/a  n/a
   2   54 |   7 1.0   19   9.4M   95  257  73%    10M |  99.9   n/a   1   27  1.59M    8   13  61%  81.9M    n/a  n/a
   2   55 |   7 1.0   19   9.6M   87  271  75%    10M |  99.9   n/a   1   27   980k    5   16  76%  81.9M    n/a  n/a
   2   56 |   7 1.0   19   9.0M   82  297  78%    10M |  99.9   n/a   1   27  1.37M    7   12  63%  81.9M    n/a  n/a
   2   57 |   7 1.0   19    10M   99  278  73%    10M |  99.9   n/a   1   27  1.42M    7   16  69%  81.9M    n/a  n/a
   2   58 |   7 1.0   19   9.9M   93  247  72%    10M |  99.9   n/a   1   27  1.01M    5   13  72%  81.9M    n/a  n/a
   2   59 |   7 1.0    0      0    0    0   0%    10M |   n/a   n/a   1    0      0    0    0   0%  81.9M    n/a  n/a
   2   5a |   7 1.0   19   9.4M   87  270  75%    10M |  99.9   n/a   1   27   599k    3   16  84%  81.9M    n/a  n/a
   2   5b |   7 1.0   19   9.8M   96  271  73%    10M |  99.9   n/a   1   27   816k    4    9  69%  81.9M    n/a  n/a

          |--------------------DL---------------------|-------------------------------UL-----------------------------
 pci rnti | cqi  ri  mcs  brate   ok  nok  (%)  dl_bs | pusch  rsrp  ri  mcs  brate   ok  nok  (%)    bsr     ta  phr
   3   5c |   7 1.0   19    19M  135  258  65%    10M |  99.9   n/a   1   27  1.25M    5   16  76%  81.9M    n/a  n/a
   3   5d |   7 1.0   19    18M  127  301  70%    10M |  99.9   n/a   1   27  1.78M    7   19  73%  81.9M    n/a  n/a
   3   5e |   7 1.0   19    16M  110  300  73%    10M |  99.9   n/a   1   27  2.02M    8   17  68%  81.9M    n/a  n/a
   3   5f |   7 1.0    0      0    0    0   0%    10M |   n/a   n/a   1    0      0    0    0   0%  81.9M    n/a  n/a
   3   60 |   7 1.0   19    16M  113  217  65%    10M |  99.9   n/a   1   27  2.28M    9   16  64%  81.9M    n/a  n/a
   3   61 |   7 1.0   19    18M  139  299  68%    10M |  99.9   n/a   1   27  1.52M    6   20  76%  81.9M    n/a  n/a
   3   62 |   7 1.0    0      0    0    0   0%    10M |   n/a   n/a   1    0      0    0    0   0%  81.9M    n/a  n/a
   3   63 |   7 1.0    0      0    0    0   0%    10M |   n/a   n/a   1    0      0    0    0   0%  81.9M    n/a  n/a
   0   44 |   7 1.0   19    14M   98  167  63%    10M |  99.9   n/a   1   27   496k    2   11  84%  81.9M    n/a  n/a
   0   45 |   7 1.0   19    13M   95  243  71%    10M |  99.9   n/a   1   27  3.55M   14   14  50%  81.9M    n/a  n/a
   0   46 |   7 1.0   19    12M   74  250  77%    10M |  99.9   n/a   1   27   758k    3   17  85%  81.9M    n/a  n/a
   0   47 |   7 1.0   19    14M  102  211  67%    10M |  99.9   n/a   1   27  1.27M    5    8  61%  81.9M    n/a  n/a
   0   48 |   7 1.0    0      0    0    0   0%    10M |   n/a   n/a   1    0      0    0    0   0%  81.9M    n/a  n/a
   0   49 |   7 1.0   19    14M   89  196  68%    10M |  99.9   n/a   1   27  2.04M    8   13  61%  81.9M    n/a  n/a
   0   4a |   7 1.0   19    12M   84  227  72%    10M |  99.9   n/a   1   27  1.78M    7   10  58%  81.9M    n/a  n/a
   0   4b |   7 1.0   19    14M   94  229  70%    10M |  99.9   n/a   1   27   771k    3   11  78%  81.9M    n/a  n/a
   1   4c |   7 1.0   19    19M  149  362  70%    10M |  99.9   n/a   1   27  2.05M    9   20  68%  81.9M    n/a  n/a
   1   4d |   7 1.0   19    20M  161  325  66%    10M |  99.9   n/a   1   27  1.80M    8   25  75%  81.9M    n/a  n/a
   1   4e |   7 1.0   19    19M  149  385  72%    10M |  99.9   n/a   1   27  2.04M    9   24  72%  81.9M    n/a  n/a
   1   4f |   7 1.0    0      0    0    0   0%    10M |   n/a   n/a   1    0      0    0    0   0%  81.9M    n/a  n/a
   1   50 |   7 1.0   19    18M  141  378  72%    10M |  99.9   n/a   1   27  2.91M   13   25  65%  81.9M    n/a  n/a
   1   51 |   7 1.0    0      0    0    0   0%    10M |   n/a   n/a   1    0      0    0    0   0%  81.9M    n/a  n/a
   1   52 |   7 1.0    0      0    0    0   0%    10M |   n/a   n/a   1    0      0    0    0   0%  81.9M    n/a  n/a
   1   53 |   7 1.0    0      0    0    0   0%    10M |   n/a   n/a   1    0      0    0    0   0%  81.9M    n/a  n/a
   2   54 |   7 1.0   19    10M   91  293  76%    10M |  99.9   n/a   1   27   992k    5   11  68%  81.9M    n/a  n/a
   2   55 |   7 1.0   19    11M   97  248  71%    10M |  99.9   n/a   1   27  1.40M    7   13  65%  81.9M    n/a  n/a
   2   56 |   7 1.0   19    11M   94  249  72%    10M |  99.9   n/a   1   27  1.19M    6   10  62%  81.9M    n/a  n/a
   2   57 |   7 1.0   19    11M   97  259  72%    10M |  99.9   n/a   1   27  1.18M    6   15  71%  81.9M    n/a  n/a
   2   58 |   7 1.0   19    11M   97  263  73%    10M |  99.9   n/a   1   27  1.39M    7   15  68%  81.9M    n/a  n/a
   2   59 |   7 1.0    0      0    0    0   0%    10M |   n/a   n/a   1    0      0    0    0   0%  81.9M    n/a  n/a
   2   5a |   7 1.0   19    11M   96  237  71%    10M |  99.9   n/a   1   27  1.00M    5    9  64%  81.9M    n/a  n/a
   2   5b |   7 1.0   19    11M   98  254  72%    10M |  99.9   n/a   1   27   418k    2   12  85%  81.9M    n/a  n/a
   3   5c |   7 1.0   19    16M  122  265  68%    10M |  99.9   n/a   1   27  1.77M    7   20  74%  81.9M    n/a  n/a
   3   5d |   7 1.0   19    17M  119  271  69%    10M |  99.9   n/a   1   27  1.52M    6   16  72%  81.9M    n/a  n/a
   3   5e |   7 1.0   19    17M  133  277  67%    10M |  99.9   n/a   1   27  1.52M    6   17  73%  81.9M    n/a  n/a
   3   5f |   7 1.0    0      0    0    0   0%    10M |   n/a   n/a   1    0      0    0    0   0%  81.9M    n/a  n/a
   3   60 |   7 1.0   19    17M  115  274  70%    10M |  99.9   n/a   1   27  1.50M    6   18  75%  81.9M    n/a  n/a
   3   61 |   7 1.0   19    18M  134  294  68%    10M |  99.9   n/a   1   27  1.00M    4   16  80%  81.9M    n/a  n/a
   3   62 |   7 1.0    0      0    0    0   0%    10M |   n/a   n/a   1    0      0    0    0   0%  81.9M    n/a  n/a
   3   63 |   7 1.0    0      0    0    0   0%    10M |   n/a   n/a   1    0      0    0    0   0%  81.9M    n/a  n/a
   0   44 |   7 1.0   19    12M   86  208  70%    10M |  99.9   n/a   1   27  1.02M    4   15  78%  81.9M    n/a  n/a
   0   45 |   7 1.0   19    11M   92  264  74%    10M |  99.9   n/a   1   27  2.04M    8    9  52%  81.9M    n/a  n/a
   0   46 |   7 1.0   19    12M   85  219  72%    10M |  99.9   n/a   1   27   758k    3   13  81%  81.9M    n/a  n/a
   0   47 |   7 1.0   19    12M   89  246  73%    10M |  99.9   n/a   1   27   754k    3    7  70%  81.9M    n/a  n/a
   0   48 |   7 1.0    0      0    0    0   0%    10M |   n/a   n/a   1    0      0    0    0   0%  81.9M    n/a  n/a
   0   49 |   7 1.0   19    12M   86  225  72%    10M |  99.9   n/a   1   27  4.82M   19   12  38%  81.9M    n/a  n/a
   0   4a |   7 1.0   19    12M   84  223  72%    10M |  99.9   n/a   1   27  2.04M    8   15  65%  81.9M    n/a  n/a
   0   4b |   7 1.0   19    12M   93  259  73%    10M |  99.9   n/a   1   27   500k    2   16  88%  81.9M    n/a  n/a
   1   4c |   7 1.0   19    19M  135  367  73%    10M |  99.9   n/a   1   27  1.80M    8   24  75%  81.9M    n/a  n/a
   1   4d |   7 1.0   19    19M  154  366  70%    10M |  99.9   n/a   1   27  2.70M   12   20  62%  81.9M    n/a  n/a
   1   4e |   7 1.0   19    18M  143  375  72%    10M |  99.9   n/a   1   27  2.24M   10   21  67%  81.9M    n/a  n/a
   1   4f |   7 1.0    0      0    0    0   0%    10M |   n/a   n/a   1    0      0    0    0   0%  81.9M    n/a  n/a
   1   50 |   7 1.0   19    19M  143  363  71%    10M |  99.9   n/a   1   27  2.68M   12   19  61%  81.9M    n/a  n/a
   1   51 |   7 1.0    0      0    0    0   0%    10M |   n/a   n/a   1    0      0    0    0   0%  81.9M    n/a  n/a
   1   52 |   7 1.0    0      0    0    0   0%    10M |   n/a   n/a   1    0      0    0    0   0%  81.9M    n/a  n/a
   1   53 |   7 1.0    0      0    0    0   0%    10M |   n/a   n/a   1    0      0    0    0   0%  81.9M    n/a  n/a
   2   54 |   7 1.0   19    10M   90  322  78%    10M |  99.9   n/a   1   27   603k    3   14  82%  81.9M    n/a  n/a
   2   55 |   7 1.0   19   9.4M   88  350  79%    10M |  99.9   n/a   1   27   594k    3    8  72%  81.9M    n/a  n/a
   2   56 |   7 1.0   19   9.2M   85  332  79%    10M |  99.9   n/a   1   27   787k    4    8  66%  81.9M    n/a  n/a
   2   57 |   7 1.0   19   9.1M   88  316  78%    10M |  99.9   n/a   1   27   795k    4    9  69%  81.9M    n/a  n/a
   2   58 |   7 1.0   19   9.6M   84  387  82%    10M |  99.9   n/a   1   27  1.41M    7   13  65%  81.9M    n/a  n/a
   2   59 |   7 1.0    0      0    0    0   0%    10M |   n/a   n/a   1    0      0    0    0   0%  81.9M    n/a  n/a
   2   5a |   7 1.0   19   8.8M   77  426  84%    10M |  99.9   n/a   1   27  1.40M    7   14  66%  81.9M    n/a  n/a
   2   5b |   7 1.0   19  10.0M   89  334  78%    10M |  99.9   n/a   1   27   783k    4   14  77%  81.9M    n/a  n/a
   3   5c |   7 1.0   19    17M  131  266  67%    10M |  99.9   n/a   1   27  2.01M    8   16  66%  81.9M    n/a  n/a
   3   5d |   7 1.0   19    17M  125  305  70%    10M |  99.9   n/a   1   27  1.53M    6   19  76%  81.9M    n/a  n/a
   3   5e |   7 1.0   19    16M  122  288  70%    10M |  99.9   n/a   1   27  1.77M    7   19  73%  81.9M    n/a  n/a
   3   5f |   7 1.0    0      0    0    0   0%    10M |   n/a   n/a   1    0      0    0    0   0%  81.9M    n/a  n/a
   3   60 |   7 1.0   19    16M  129  332  72%    10M |  99.9   n/a   1   27  1.52M    6   18  75%  81.9M    n/a  n/a
   3   61 |   7 1.0   19    17M  137  303  68%    10M |  99.9   n/a   1   27  1.79M    7   16  69%  81.9M    n/a  n/a
   3   62 |   7 1.0    0      0    0    0   0%    10M |   n/a   n/a   1    0      0    0    0   0%  81.9M    n/a  n/a
   3   63 |   7 1.0    0      0    0    0   0%    10M |   n/a   n/a   1    0      0    0    0   0%  81.9M    n/a  n/a
   0   44 |   7 1.0   19    14M  100  146  59%    10M |  99.9   n/a   1   27  2.25M    9   11  55%  81.9M    n/a  n/a
   0   45 |   7 1.0   19    14M   97  180  64%    10M |  99.9   n/a   1   27  2.53M   10   11  52%  81.9M    n/a  n/a
   0   46 |   7 1.0   19    13M   89  190  68%    10M |  99.9   n/a   1   27  3.55M   14   11  44%  81.9M    n/a  n/a
   0   47 |   7 1.0   19    14M  100  180  64%    10M |  99.9   n/a   1   27  1.27M    5    9  64%  81.9M    n/a  n/a
   0   48 |   7 1.0    0      0    0    0   0%    10M |   n/a   n/a   1    0      0    0    0   0%  81.9M    n/a  n/a
   0   49 |   7 1.0   19    14M   96  201  67%    10M |  99.9   n/a   1   27  2.02M    8   10  55%  81.9M    n/a  n/a
   0   4a |   7 1.0   19    13M   91  187  67%    10M |  99.9   n/a   1   27  3.28M   13   13  50%  81.9M    n/a  n/a
   0   4b |   7 1.0   19    14M  102  193  65%    10M |  99.9   n/a   1   27  1.52M    6   13  68%  81.9M    n/a  n/a
   1   4c |   7 1.0   19    21M  159  333  67%    10M |  99.9   n/a   1   27  2.50M   11   21  65%  81.9M    n/a  n/a
   1   4d |   7 1.0   19    20M  161  382  70%    10M |  99.9   n/a   1   27  2.02M    9   20  68%  81.9M    n/a  n/a
   1   4e |   7 1.0   19    20M  147  367  71%    10M |  99.9   n/a   1   27  2.48M   11   20  64%  81.9M    n/a  n/a
   1   4f |   7 1.0    0      0    0    0   0%    10M |   n/a   n/a   1    0      0    0    0   0%  81.9M    n/a  n/a
   1   50 |   7 1.0   19    20M  146  379  72%    10M |  99.9   n/a   1   27  1.79M    8   20  71%  81.9M    n/a  n/a
   1   51 |   7 1.0    0      0    0    0   0%    10M |   n/a   n/a   1    0      0    0    0   0%  81.9M    n/a  n/a
   1   52 |   7 1.0    0      0    0    0   0%    10M |   n/a   n/a   1    0      0    0    0   0%  81.9M    n/a  n/a
   1   53 |   7 1.0    0      0    0    0   0%    10M |   n/a   n/a   1    0      0    0    0   0%  81.9M    n/a  n/a

          |--------------------DL---------------------|-------------------------------UL-----------------------------
 pci rnti | cqi  ri  mcs  brate   ok  nok  (%)  dl_bs | pusch  rsrp  ri  mcs  brate   ok  nok  (%)    bsr     ta  phr
   2   54 |   7 1.0   19   9.6M   91  386  80%    10M |  99.9   n/a   1   27  1.00M    5   15  75%  81.9M    n/a  n/a
   2   55 |   7 1.0   19   9.8M   87  431  83%    10M |  99.9   n/a   1   27  1.00M    5   15  75%  81.9M    n/a  n/a
   2   56 |   7 1.0   19   9.2M   83  370  81%    10M |  99.9   n/a   1   27   394k    2   14  87%  81.9M    n/a  n/a
   2   57 |   7 1.0   19   9.3M   86  444  83%    10M |  99.9   n/a   1   27  1.19M    6   14  70%  81.9M    n/a  n/a
   2   58 |   7 1.0   19   9.4M   80  369  82%    10M |  99.9   n/a   1   27   988k    5   11  68%  81.9M    n/a  n/a
   2   59 |   7 1.0    0      0    0    0   0%    10M |   n/a   n/a   1    0      0    0    0   0%  81.9M    n/a  n/a
   2   5a |   7 1.0   19   9.4M   90  413  82%    10M |  99.9   n/a   1   27  1.39M    7   12  63%  81.9M    n/a  n/a
   2   5b |   7 1.0   19   9.4M   82  366  81%    10M |  99.9   n/a   1   27  1.38M    7   15  68%  81.9M    n/a  n/a
   3   5c |   7 1.0   19    17M  123  289  70%    10M |  99.9   n/a   1   27  1.01M    4   17  80%  81.9M    n/a  n/a
   3   5d |   7 1.0   19    16M  138  329  70%    10M |  99.9   n/a   1   27  2.02M    8   17  68%  81.9M    n/a  n/a
   3   5e |   7 1.0   19    17M  116  280  70%    10M |  99.9   n/a   1   27  1.25M    5   16  76%  81.9M    n/a  n/a
   3   5f |   7 1.0    0      0    0    0   0%    10M |   n/a   n/a   1    0      0    0    0   0%  81.9M    n/a  n/a
   3   60 |   7 1.0   19    16M  113  328  74%    10M |  99.9   n/a   1   27  1.51M    6   16  72%  81.9M    n/a  n/a
   3   61 |   7 1.0   19    17M  126  293  69%    10M |  99.9   n/a   1   27  1.01M    4   20  83%  81.9M    n/a  n/a
   3   62 |   7 1.0    0      0    0    0   0%    10M |   n/a   n/a   1    0      0    0    0   0%  81.9M    n/a  n/a
   3   63 |   7 1.0    0      0    0    0   0%    10M |   n/a   n/a   1    0      0    0    0   0%  81.9M    n/a  n/a
   0   44 |   7 1.0   19    13M   92  240  72%    10M |  99.9   n/a   1   27  1.26M    5   14  73%  81.9M    n/a  n/a
   0   45 |   7 1.0   19    15M   98  205  67%    10M |  99.9   n/a   1   27  1.80M    7    7  50%  81.9M    n/a  n/a
   0   46 |   7 1.0   19    15M   97  188  65%    10M |  99.9   n/a   1   27  2.27M    9   13  59%  81.9M    n/a  n/a
   0   47 |   7 1.0   19    15M  100  230  69%    10M |  99.9   n/a   1   27   762k    3   11  78%  81.9M    n/a  n/a
   0   48 |   7 1.0    0      0    0    0   0%    10M |   n/a   n/a   1    0      0    0    0   0%  81.9M    n/a  n/a
   0   49 |   7 1.0   19    15M  107  229  68%    10M |  99.9   n/a   1   27  2.77M   11   12  52%  81.9M    n/a  n/a
   0   4a |   7 1.0   19    14M  100  215  68%    10M |  99.9   n/a   1   27  3.55M   14   12  46%  81.9M    n/a  n/a
   0   4b |   7 1.0   19    14M   93  208  69%    10M |  99.9   n/a   1   27  1.27M    5   12  70%  81.9M    n/a  n/a
   1   4c |   7 1.0   19    17M  123  416  77%    10M |  99.9   n/a   1   27  1.13M    5   22  81%  81.9M    n/a  n/a
   1   4d |   7 1.0   19    18M  141  372  72%    10M |  99.9   n/a   1   27  1.12M    5   28  84%  81.9M    n/a  n/a
   1   4e |   7 1.0   19    16M  122  437  78%    10M |  99.9   n/a   1   27  1.35M    6   24  80%  81.9M    n/a  n/a
   1   4f |   7 1.0    0      0    0    0   0%    10M |   n/a   n/a   1    0      0    0    0   0%  81.9M    n/a  n/a
   1   50 |   7 1.0   19    17M  130  428  76%    10M |  99.9   n/a   1   27  2.22M   10   23  69%  81.9M    n/a  n/a
   1   51 |   7 1.0    0      0    0    0   0%    10M |   n/a   n/a   1    0      0    0    0   0%  81.9M    n/a  n/a
   1   52 |   7 1.0    0      0    0    0   0%    10M |   n/a   n/a   1    0      0    0    0   0%  81.9M    n/a  n/a
   1   53 |   7 1.0    0      0    0    0   0%    10M |   n/a   n/a   1    0      0    0    0   0%  81.9M    n/a  n/a
   2   54 |   7 1.0   19  10.0M   93  371  79%    10M |  99.9   n/a   1   27   594k    3   13  81%  81.9M    n/a  n/a
   2   55 |   7 1.0   19   9.0M   76  385  83%    10M |  99.9   n/a   1   27  1.00M    5   12  70%  81.9M    n/a  n/a
   2   56 |   7 1.0   19   9.5M   89  434  82%    10M |  99.9   n/a   1   27   389k    2   12  85%  81.9M    n/a  n/a
   2   57 |   7 1.0   19   9.1M   84  373  81%    10M |  99.9   n/a   1   27   594k    3   13  81%  81.9M    n/a  n/a
   2   58 |   7 1.0   19   9.3M   92  456  83%    10M |  99.9   n/a   1   27   594k    3   11  78%  81.9M    n/a  n/a
   2   59 |   7 1.0    0      0    0    0   0%    10M |   n/a   n/a   1    0      0    0    0   0%  81.9M    n/a  n/a
   2   5a |   7 1.0   19   9.8M   97  348  78%    10M |  99.9   n/a   1   27   984k    5   13  72%  81.9M    n/a  n/a
   2   5b |   7 1.0   19   9.3M   86  403  82%    10M |  99.9   n/a   1   27   799k    4   10  71%  81.9M    n/a  n/a
   3   5c |   7 1.0   19    15M  113  301  72%    10M |  99.9   n/a   1   27  1.00M    4   19  82%  81.9M    n/a  n/a
   3   5d |   7 1.0   19    16M  125  304  70%    10M |  99.9   n/a   1   27  1.01M    4   18  81%  81.9M    n/a  n/a
   3   5e |   7 1.0   19    15M  105  268  71%    10M |  99.9   n/a   1   27   512k    2   20  90%  81.9M    n/a  n/a
   3   5f |   7 1.0    0      0    0    0   0%    10M |   n/a   n/a   1    0      0    0    0   0%  81.9M    n/a  n/a
   3   60 |   7 1.0   19    15M  102  303  74%    10M |  99.9   n/a   1   27   496k    2   20  90%  81.9M    n/a  n/a
   3   61 |   7 1.0   19    16M  119  322  73%    10M |  99.9   n/a   1   27  1.25M    5   17  77%  81.9M    n/a  n/a
   3   62 |   7 1.0    0      0    0    0   0%    10M |   n/a   n/a   1    0      0    0    0   0%  81.9M    n/a  n/a
   3   63 |   7 1.0    0      0    0    0   0%    10M |   n/a   n/a   1    0      0    0    0   0%  81.9M    n/a  n/a
   0   44 |   7 1.0   19    13M   86  227  72%    10M |  99.9   n/a   1   27  1.80M    7   16  69%  81.9M    n/a  n/a
   0   45 |   7 1.0   19    13M   87  232  72%    10M |  99.9   n/a   1   27  1.26M    5    8  61%  81.9M    n/a  n/a
   0   46 |   7 1.0   19    13M   94  215  69%    10M |  99.9   n/a   1   27  3.28M   13   12  48%  81.9M    n/a  n/a
   0   47 |   7 1.0   19    14M   93  242  72%    10M |  99.9   n/a   1   27  1.01M    4   13  76%  81.9M    n/a  n/a
   0   48 |   7 1.0    0      0    0    0   0%    10M |   n/a   n/a   1    0      0    0    0   0%  81.9M    n/a  n/a
   0   49 |   7 1.0   19    13M   98  247  71%    10M |  99.9   n/a   1   27  2.78M   11   12  52%  81.9M    n/a  n/a
   0   4a |   7 1.0   19    13M   85  265  75%    10M |  99.9   n/a   1   27  1.77M    7    9  56%  81.9M    n/a  n/a
   0   4b |   7 1.0   19    14M  102  196  65%    10M |  99.9   n/a   1   27   504k    2   10  83%  81.9M    n/a  n/a
   1   4c |   7 1.0   19    20M  142  415  74%    10M |  99.9   n/a   1   27  2.29M   10   23  69%  81.9M    n/a  n/a
   1   4d |   7 1.0   19    20M  150  455  75%    10M |  99.9   n/a   1   27  2.27M   10   20  66%  81.9M    n/a  n/a
   1   4e |   7 1.0   19    20M  147  422  74%    10M |  99.9   n/a   1   27  4.70M   21   18  46%  81.9M    n/a  n/a
   1   4f |   7 1.0    0      0    0    0   0%    10M |   n/a   n/a   1    0      0    0    0   0%  81.9M    n/a  n/a
   1   50 |   7 1.0   19    20M  139  418  75%    10M |  99.9   n/a   1   27  1.57M    7   22  75%  81.9M    n/a  n/a
   1   51 |   7 1.0    0      0    0    0   0%    10M |   n/a   n/a   1    0      0    0    0   0%  81.9M    n/a  n/a
   1   52 |   7 1.0    0      0    0    0   0%    10M |   n/a   n/a   1    0      0    0    0   0%  81.9M    n/a  n/a
   1   53 |   7 1.0    0      0    0    0   0%    10M |   n/a   n/a   1    0      0    0    0   0%  81.9M    n/a  n/a
   2   54 |   7 1.0   19   9.2M   91  319  77%    10M |  99.9   n/a   1   27   394k    2    9  81%  81.9M    n/a  n/a
   2   55 |   7 1.0   19   9.6M   98  276  73%    10M |  99.9   n/a   1   27   389k    2   11  84%  81.9M    n/a  n/a
   2   56 |   7 1.0   19    10M   83  255  75%    10M |  99.9   n/a   1   27   804k    4   13  76%  81.9M    n/a  n/a
   2   57 |   7 1.0   19   9.9M   98  264  72%    10M |  99.9   n/a   1   27  1.60M    8    9  52%  81.9M    n/a  n/a
   2   58 |   7 1.0   19   9.4M   87  290  76%    10M |  99.9   n/a   1   27  2.62M   13   12  48%  81.9M    n/a  n/a
   2   59 |   7 1.0    0      0    0    0   0%    10M |   n/a   n/a   1    0      0    0    0   0%  81.9M    n/a  n/a
   2   5a |   7 1.0   19   9.9M   95  253  72%    10M |  99.9   n/a   1   27   980k    5   11  68%  81.9M    n/a  n/a
   2   5b |   7 1.0   19   9.4M   89  258  74%    10M |  99.9   n/a   1   27  1.19M    6   17  73%  81.9M    n/a  n/a
   3   5c |   7 1.0   19    18M  118  285  70%    10M |  99.9   n/a   1   27  1.52M    6   16  72%  81.9M    n/a  n/a
   3   5d |   7 1.0   19    17M  133  315  70%    10M |  99.9   n/a   1   27  2.03M    8   18  69%  81.9M    n/a  n/a
   3   5e |   7 1.0   19    18M  125  266  68%    10M |  99.9   n/a   1   27  2.02M    8   16  66%  81.9M    n/a  n/a
   3   5f |   7 1.0    0      0    0    0   0%    10M |   n/a   n/a   1    0      0    0    0   0%  81.9M    n/a  n/a
   3   60 |   7 1.0   19    17M  112  294  72%    10M |  99.9   n/a   1   27  2.03M    8   16  66%  81.9M    n/a  n/a
   3   61 |   7 1.0   19    19M  129  260  66%    10M |  99.9   n/a   1   27  1.51M    6   19  76%  81.9M    n/a  n/a
   3   62 |   7 1.0    0      0    0    0   0%    10M |   n/a   n/a   1    0      0    0    0   0%  81.9M    n/a  n/a
   3   63 |   7 1.0    0      0    0    0   0%    10M |   n/a   n/a   1    0      0    0    0   0%  81.9M    n/a  n/a
   0   44 |   7 1.0   19    13M   87  263  75%    10M |  99.9   n/a   1   27  2.29M    9   14  60%  81.9M    n/a  n/a
   0   45 |   7 1.0   19    14M   92  220  70%    10M |  99.9   n/a   1   27   746k    3   14  82%  81.9M    n/a  n/a
   0   46 |   7 1.0   19    13M   92  261  73%    10M |  99.9   n/a   1   27  2.03M    8   11  57%  81.9M    n/a  n/a
   0   47 |   7 1.0   19    12M   89  255  74%    10M |  99.9   n/a   1   27  1.50M    6   15  71%  81.9M    n/a  n/a
   0   48 |   7 1.0    0      0    0    0   0%    10M |   n/a   n/a   1    0      0    0    0   0%  81.9M    n/a  n/a
   0   49 |   7 1.0   19    13M   83  275  76%    10M |  99.9   n/a   1   27   762k    3   15  83%  81.9M    n/a  n/a
   0   4a |   7 1.0   19    13M   92  251  73%    10M |  99.9   n/a   1   27  1.54M    6   13  68%  81.9M    n/a  n/a
   0   4b |   7 1.0   19    12M   90  260  74%    10M |  99.9   n/a   1   27  2.54M   10   16  61%  81.9M    n/a  n/a

          |--------------------DL---------------------|-------------------------------UL-----------------------------
 pci rnti | cqi  ri  mcs  brate   ok  nok  (%)  dl_bs | pusch  rsrp  ri  mcs  brate   ok  nok  (%)    bsr     ta  phr
   1   4c |   7 1.0   19    22M  154  397  72%    10M |  99.9   n/a   1   27  2.51M   11   20  64%  81.9M    n/a  n/a
   1   4d |   7 1.0   19    22M  151  475  75%    10M |  99.9   n/a   1   27  2.03M    9   19  67%  81.9M    n/a  n/a
   1   4e |   7 1.0   19    21M  149  431  74%    10M |  99.9   n/a   1   27  1.79M    8   19  70%  81.9M    n/a  n/a
   1   4f |   7 1.0    0      0    0    0   0%    10M |   n/a   n/a   1    0      0    0    0   0%  81.9M    n/a  n/a
   1   50 |   7 1.0   19    22M  168  391  69%    10M |  99.9   n/a   1   27  2.44M   11   22  66%  81.9M    n/a  n/a
   1   51 |   7 1.0    0      0    0    0   0%    10M |   n/a   n/a   1    0      0    0    0   0%  81.9M    n/a  n/a
   1   52 |   7 1.0    0      0    0    0   0%    10M |   n/a   n/a   1    0      0    0    0   0%  81.9M    n/a  n/a
   1   53 |   7 1.0    0      0    0    0   0%    10M |   n/a   n/a   1    0      0    0    0   0%  81.9M    n/a  n/a
   2   54 |   7 1.0   19   9.6M   89  258  74%    10M |  99.9   n/a   1   27   402k    2   18  90%  81.9M    n/a  n/a
   2   55 |   7 1.0   19    10M   96  213  68%    10M |  99.9   n/a   1   27  1.41M    7   17  70%  81.9M    n/a  n/a
   2   56 |   7 1.0   19   9.6M   88  223  71%    10M |  99.9   n/a   1   27   406k    2   10  83%  81.9M    n/a  n/a
   2   57 |   7 1.0   19    11M  107  218  67%    10M |  99.9   n/a   1   27  1.80M    9   16  64%  81.9M    n/a  n/a
   2   58 |   7 1.0   19   9.7M   96  242  71%    10M |  99.9   n/a   1   27   197k    1   10  90%  81.9M    n/a  n/a
   2   59 |   7 1.0    0      0    0    0   0%    10M |   n/a   n/a   1    0      0    0    0   0%  81.9M    n/a  n/a
   2   5a |   7 1.0   19    10M   92  238  72%    10M |  99.9   n/a   1   27  1.79M    9   15  62%  81.9M    n/a  n/a
   2   5b |   7 1.0   19    11M  107  233  68%    10M |  99.9   n/a   1   27  1.60M    8   10  55%  81.9M    n/a  n/a
   3   5c |   7 1.0   19    16M  117  303  72%    10M |  99.9   n/a   1   27  1.51M    6   20  76%  81.9M    n/a  n/a
   3   5d |   7 1.0   19    17M  119  274  69%    10M |  99.9   n/a   1   27  2.02M    8   16  66%  81.9M    n/a  n/a
   3   5e |   7 1.0   19    17M  117  284  70%    10M |  99.9   n/a   1   27  1.02M    4   20  83%  81.9M    n/a  n/a
   3   5f |   7 1.0    0      0    0    0   0%    10M |   n/a   n/a   1    0      0    0    0   0%  81.9M    n/a  n/a
   3   60 |   7 1.0   19    17M  116  269  69%    10M |  99.9   n/a   1   27  1.26M    5   20  80%  81.9M    n/a  n/a
   3   61 |   7 1.0   19    18M  132  288  68%    10M |  99.9   n/a   1   27  2.27M    9   16  64%  81.9M    n/a  n/a
   3   62 |   7 1.0    0      0    0    0   0%    10M |   n/a   n/a   1    0      0    0    0   0%  81.9M    n/a  n/a
   3   63 |   7 1.0    0      0    0    0   0%    10M |   n/a   n/a   1    0      0    0    0   0%  81.9M    n/a  n/a
   0   44 |   7 1.0   19    15M  106  206  66%    10M |  99.9   n/a   1   27  2.05M    8   10  55%  81.9M    n/a  n/a
   0   45 |   7 1.0   19    15M  100  195  66%    10M |  99.9   n/a   1   27  1.25M    5   12  70%  81.9M    n/a  n/a
   0   46 |   7 1.0   19    14M   89  226  71%    10M |  99.9   n/a   1   27  1.78M    7   12  63%  81.9M    n/a  n/a
   0   47 |   7 1.0   19    15M   96  217  69%    10M |  99.9   n/a   1   27  1.51M    6   13  68%  81.9M    n/a  n/a
   0   48 |   7 1.0    0      0    0    0   0%    10M |   n/a   n/a   1    0      0    0    0   0%  81.9M    n/a  n/a
   0   49 |   7 1.0   19    16M   98  192  66%    10M |  99.9   n/a   1   27  2.27M    9    7  43%  81.9M    n/a  n/a
   0   4a |   7 1.0   19    15M  100  224  69%    10M |  99.9   n/a   1   27  2.53M   10   14  58%  81.9M    n/a  n/a
   0   4b |   7 1.0   19    15M  106  195  64%    10M |  99.9   n/a   1   27  1.27M    5   12  70%  81.9M    n/a  n/a
   1   4c |   7 1.0   19    19M  140  503  78%    10M |  99.9   n/a   1   27  2.07M    9   25  73%  81.9M    n/a  n/a
   1   4d |   7 1.0   19    19M  143  508  78%    10M |  99.9   n/a   1   27  4.02M   18   25  58%  81.9M    n/a  n/a
   1   4e |   7 1.0   19    19M  145  434  74%    10M |  99.9   n/a   1   27  2.03M    9   27  75%  81.9M    n/a  n/a
   1   4f |   7 1.0    0      0    0    0   0%    10M |   n/a   n/a   1    0      0    0    0   0%  81.9M    n/a  n/a
   1   50 |   7 1.0   19    19M  148  512  77%    10M |  99.9   n/a   1   27  1.13M    5   23  82%  81.9M    n/a  n/a
   1   51 |   7 1.0    0      0    0    0   0%    10M |   n/a   n/a   1    0      0    0    0   0%  81.9M    n/a  n/a
   1   52 |   7 1.0    0      0    0    0   0%    10M |   n/a   n/a   1    0      0    0    0   0%  81.9M    n/a  n/a
   1   53 |   7 1.0    0      0    0    0   0%    10M |   n/a   n/a   1    0      0    0    0   0%  81.9M    n/a  n/a
   2   54 |   7 1.0   19   9.1M   77  217  73%    10M |  99.9   n/a   1   27   398k    2   13  86%  81.9M    n/a  n/a
   2   55 |   7 1.0   19   9.5M   94  182  65%    10M |  99.9   n/a   1   27  1.02M    5   11  68%  81.9M    n/a  n/a
   2   56 |   7 1.0   19   8.2M   70  215  75%    10M |  99.9   n/a   1   27   197k    1   18  94%  81.9M    n/a  n/a
   2   57 |   7 1.0   19   9.6M   95  215  69%    10M |  99.9   n/a   1   27   406k    2    9  81%  81.9M    n/a  n/a
   2   58 |   7 1.0   19   9.4M   92  212  69%    10M |  99.9   n/a   1   27   394k    2   11  84%  81.9M    n/a  n/a
   2   59 |   7 1.0    0      0    0    0   0%    10M |   n/a   n/a   1    0      0    0    0   0%  81.9M    n/a  n/a
   2   5a |   7 1.0   19   9.1M   80  222  73%    10M |  99.9   n/a   1   27   586k    3   13  81%  81.9M    n/a  n/a
   2   5b |   7 1.0   19   9.3M   84  221  72%    10M |  99.9   n/a   1   27  1.58M    8   14  63%  81.9M    n/a  n/a
   3   5c |   7 1.0   19    17M  129  253  66%    10M |  99.9   n/a   1   27  1.26M    5   17  77%  81.9M    n/a  n/a
   3   5d |   7 1.0   19    18M  130  276  67%    10M |  99.9   n/a   1   27  2.02M    8   20  71%  81.9M    n/a  n/a
   3   5e |   7 1.0   19    19M  137  246  64%    10M |  99.9   n/a   1   27  2.52M   10   16  61%  81.9M    n/a  n/a
   3   5f |   7 1.0    0      0    0    0   0%    10M |   n/a   n/a   1    0      0    0    0   0%  81.9M    n/a  n/a
   3   60 |   7 1.0   19    18M  122  233  65%    10M |  99.9   n/a   1   27  2.78M   11   16  59%  81.9M    n/a  n/a
   3   61 |   7 1.0   19    19M  134  242  64%    10M |  99.9   n/a   1   27  2.02M    8   20  71%  81.9M    n/a  n/a
   3   62 |   7 1.0    0      0    0    0   0%    10M |   n/a   n/a   1    0      0    0    0   0%  81.9M    n/a  n/a
   3   63 |   7 1.0    0      0    0    0   0%    10M |   n/a   n/a   1    0      0    0    0   0%  81.9M    n/a  n/a
   0   44 |   7 1.0   19    12M   83  265  76%    10M |  99.9   n/a   1   27  1.27M    5   16  76%  81.9M    n/a  n/a
   0   45 |   7 1.0   19    12M   84  267  76%    10M |  99.9   n/a   1   27  1.27M    5   14  73%  81.9M    n/a  n/a
   0   46 |   7 1.0   19    12M   82  281  77%    10M |  99.9   n/a   1   27  1.51M    6   12  66%  81.9M    n/a  n/a
   0   47 |   7 1.0   19    12M   82  240  74%    10M |  99.9   n/a   1   27  1.52M    6   13  68%  81.9M    n/a  n/a
   0   48 |   7 1.0    0      0    0    0   0%    10M |   n/a   n/a   1    0      0    0    0   0%  81.9M    n/a  n/a
   0   49 |   7 1.0   19    12M   81  260  76%    10M |  99.9   n/a   1   27  1.26M    5   15  75%  81.9M    n/a  n/a
   0   4a |   7 1.0   19    12M   81  271  76%    10M |  99.9   n/a   1   27   758k    3   12  80%  81.9M    n/a  n/a
   0   4b |   7 1.0   19    12M   77  237  75%    10M |  99.9   n/a   1   27  2.04M    8   11  57%  81.9M    n/a  n/a
   1   4c |   7 1.0   19    24M  166  369  68%    10M |  99.9   n/a   1   27  3.44M   15   20  57%  81.9M    n/a  n/a
   1   4d |   7 1.0   19    25M  178  395  68%    10M |  99.9   n/a   1   27  3.85M   17   18  51%  81.9M    n/a  n/a
   1   4e |   7 1.0   19    24M  169  368  68%    10M |  99.9   n/a   1   27  3.37M   15   21  58%  81.9M    n/a  n/a
   1   4f |   7 1.0    0      0    0    0   0%    10M |   n/a   n/a   1    0      0    0    0   0%  81.9M    n/a  n/a
   1   50 |   7 1.0   19    24M  162  423  72%    10M |  99.9   n/a   1   27  2.01M    9   21  70%  81.9M    n/a  n/a
   1   51 |   7 1.0    0      0    0    0   0%    10M |   n/a   n/a   1    0      0    0    0   0%  81.9M    n/a  n/a
   1   52 |   7 1.0    0      0    0    0   0%    10M |   n/a   n/a   1    0      0    0    0   0%  81.9M    n/a  n/a
   1   53 |   7 1.0    0      0    0    0   0%    10M |   n/a   n/a   1    0      0    0    0   0%  81.9M    n/a  n/a
   2   54 |   7 1.0   19   8.0M   74  285  79%    10M |  99.9   n/a   1   27   992k    5   12  70%  81.9M    n/a  n/a
   2   55 |   7 1.0   19   9.3M   91  274  75%    10M |  99.9   n/a   1   27   603k    3   13  81%  81.9M    n/a  n/a
   2   56 |   7 1.0   19   8.4M   82  309  79%    10M |  99.9   n/a   1   27   799k    4   14  77%  81.9M    n/a  n/a
   2   57 |   7 1.0   19   9.7M   97  217  69%    10M |  99.9   n/a   1   27   980k    5   13  72%  81.9M    n/a  n/a
   2   58 |   7 1.0   19   9.2M   88  279  76%    10M |  99.9   n/a   1   27   402k    2   14  87%  81.9M    n/a  n/a
   2   59 |   7 1.0    0      0    0    0   0%    10M |   n/a   n/a   1    0      0    0    0   0%  81.9M    n/a  n/a
   2   5a |   7 1.0   19   8.8M   93  265  74%    10M |  99.9   n/a   1   27   988k    5   13  72%  81.9M    n/a  n/a
   2   5b |   7 1.0   19   9.2M   91  245  72%    10M |  99.9   n/a   1   27   599k    3   16  84%  81.9M    n/a  n/a
   3   5c |   7 1.0   19    17M  123  275  69%    10M |  99.9   n/a   1   27  1.27M    5   19  79%  81.9M    n/a  n/a
   3   5d |   7 1.0   19    18M  123  239  66%    10M |  99.9   n/a   1   27  3.00M   12   16  57%  81.9M    n/a  n/a
   3   5e |   7 1.0   19    16M  111  306  73%    10M |  99.9   n/a   1   27  1.76M    7   17  70%  81.9M    n/a  n/a
   3   5f |   7 1.0    0      0    0    0   0%    10M |   n/a   n/a   1    0      0    0    0   0%  81.9M    n/a  n/a
   3   60 |   7 1.0   19    16M  116  270  69%    10M |  99.9   n/a   1   27  1.51M    6   16  72%  81.9M    n/a  n/a
   3   61 |   7 1.0   19    18M  131  263  66%    10M |  99.9   n/a   1   27  2.27M    9   16  64%  81.9M    n/a  n/a
   3   62 |   7 1.0    0      0    0    0   0%    10M |   n/a   n/a   1    0      0    0    0   0%  81.9M    n/a  n/a
   3   63 |   7 1.0    0      0    0    0   0%    10M |   n/a   n/a   1    0      0    0    0   0%  81.9M    n/a  n/a

          |--------------------DL---------------------|-------------------------------UL-----------------------------
 pci rnti | cqi  ri  mcs  brate   ok  nok  (%)  dl_bs | pusch  rsrp  ri  mcs  brate   ok  nok  (%)    bsr     ta  phr
   0   44 |   7 1.0   19    13M   95  197  67%    10M |  99.9   n/a   1   27   770k    3   10  76%  81.9M    n/a  n/a
   0   45 |   7 1.0   19    13M   94  216  69%    10M |  99.9   n/a   1   27  2.04M    8   10  55%  81.9M    n/a  n/a
   0   46 |   7 1.0   19    13M   83  220  72%    10M |  99.9   n/a   1   27  1.53M    6   14  70%  81.9M    n/a  n/a
   0   47 |   7 1.0   19    13M   96  233  70%    10M |  99.9   n/a   1   27  2.27M    9   11  55%  81.9M    n/a  n/a
   0   48 |   7 1.0    0      0    0    0   0%    10M |   n/a   n/a   1    0      0    0    0   0%  81.9M    n/a  n/a
   0   49 |   7 1.0   19    13M   98  203  67%    10M |  99.9   n/a   1   27  1.26M    5   12  70%  81.9M    n/a  n/a
   0   4a |   7 1.0   19    13M   90  237  72%    10M |  99.9   n/a   1   27  2.28M    9   13  59%  81.9M    n/a  n/a
   0   4b |   7 1.0   19    13M   91  226  71%    10M |  99.9   n/a   1   27  1.76M    7   14  66%  81.9M    n/a  n/a
   1   4c |   7 1.0   19    17M  124  506  80%    10M |  99.9   n/a   1   27  1.38M    6   20  76%  81.9M    n/a  n/a
   1   4d |   7 1.0   19    18M  127  520  80%    10M |  99.9   n/a   1   27  1.55M    7   24  77%  81.9M    n/a  n/a
   1   4e |   7 1.0   19    16M  122  513  80%    10M |  99.9   n/a   1   27  1.59M    7   21  75%  81.9M    n/a  n/a
   1   4f |   7 1.0    0      0    0    0   0%    10M |   n/a   n/a   1    0      0    0    0   0%  81.9M    n/a  n/a
   1   50 |   7 1.0   19    17M  122  529  81%    10M |  99.9   n/a   1   27   885k    4   24  85%  81.9M    n/a  n/a
   1   51 |   7 1.0    0      0    0    0   0%    10M |   n/a   n/a   1    0      0    0    0   0%  81.9M    n/a  n/a
   1   52 |   7 1.0    0      0    0    0   0%    10M |   n/a   n/a   1    0      0    0    0   0%  81.9M    n/a  n/a
   1   53 |   7 1.0    0      0    0    0   0%    10M |   n/a   n/a   1    0      0    0    0   0%  81.9M    n/a  n/a
   2   54 |   7 1.0   19   9.4M   86  301  77%    10M |  99.9   n/a   1   27   607k    3   12  80%  81.9M    n/a  n/a
   2   55 |   7 1.0   19   9.3M   88  366  80%    10M |  99.9   n/a   1   27  1.00M    5   11  68%  81.9M    n/a  n/a
   2   56 |   7 1.0   19    10M   89  315  77%    10M |  99.9   n/a   1   27  1.01M    5   11  68%  81.9M    n/a  n/a
   2   57 |   7 1.0   19    10M   99  273  73%    10M |  99.9   n/a   1   27   590k    3   12  80%  81.9M    n/a  n/a
   2   58 |   7 1.0   19   9.7M   89  318  78%    10M |  99.9   n/a   1   27   980k    5   13  72%  81.9M    n/a  n/a
   2   59 |   7 1.0    0      0    0    0   0%    10M |   n/a   n/a   1    0      0    0    0   0%  81.9M    n/a  n/a
   2   5a |   7 1.0   19   9.5M   95  298  75%    10M |  99.9   n/a   1   27   590k    3   12  80%  81.9M    n/a  n/a
   2   5b |   7 1.0   19    10M   91  284  75%    10M |  99.9   n/a   1   27   402k    2   11  84%  81.9M    n/a  n/a
   3   5c |   7 1.0   19    17M  123  311  71%    10M |  99.9   n/a   1   27  1.28M    5   16  76%  81.9M    n/a  n/a
   3   5d |   7 1.0   19    17M  124  316  71%    10M |  99.9   n/a   1   27  1.26M    5   16  76%  81.9M    n/a  n/a
   3   5e |   7 1.0   19    16M  115  332  74%    10M |  99.9   n/a   1   27  1.77M    7   19  73%  81.9M    n/a  n/a
   3   5f |   7 1.0    0      0    0    0   0%    10M |   n/a   n/a   1    0      0    0    0   0%  81.9M    n/a  n/a
   3   60 |   7 1.0   19    17M  120  319  72%    10M |  99.9   n/a   1   27  1.26M    5   20  80%  81.9M    n/a  n/a
   3   61 |   7 1.0   19    16M  125  302  70%    10M |  99.9   n/a   1   27  1.00M    4   16  80%  81.9M    n/a  n/a
   3   62 |   7 1.0    0      0    0    0   0%    10M |   n/a   n/a   1    0      0    0    0   0%  81.9M    n/a  n/a
   3   63 |   7 1.0    0      0    0    0   0%    10M |   n/a   n/a   1    0      0    0    0   0%  81.9M    n/a  n/a
   0   44 |   7 1.0   19    14M   93  175  65%    10M |  99.9   n/a   1   27  1.01M    4   14  77%  81.9M    n/a  n/a
   0   45 |   7 1.0   19    13M   92  200  68%    10M |  99.9   n/a   1   27  1.28M    5   15  75%  81.9M    n/a  n/a
   0   46 |   7 1.0   19    13M   88  230  72%    10M |  99.9   n/a   1   27  1.01M    4   14  77%  81.9M    n/a  n/a
   0   47 |   7 1.0   19    13M  102  191  65%    10M |  99.9   n/a   1   27  1.00M    4   15  78%  81.9M    n/a  n/a
   0   48 |   7 1.0    0      0    0    0   0%    10M |   n/a   n/a   1    0      0    0    0   0%  81.9M    n/a  n/a
   0   49 |   7 1.0   19    13M   95  195  67%    10M |  99.9   n/a   1   27  1.78M    7   12  63%  81.9M    n/a  n/a
   0   4a |   7 1.0   19    13M   90  216  70%    10M |  99.9   n/a   1   27   512k    2   11  84%  81.9M    n/a  n/a
   0   4b |   7 1.0   19    13M   92  187  67%    10M |  99.9   n/a   1   27  1.51M    6    8  57%  81.9M    n/a  n/a
   1   4c |   7 1.0   19    20M  144  443  75%    10M |  99.9   n/a   1   27  1.84M    8   25  75%  81.9M    n/a  n/a
   1   4d |   7 1.0   19    21M  150  448  74%    10M |  99.9   n/a   1   27  2.01M    9   21  70%  81.9M    n/a  n/a
   1   4e |   7 1.0   19    20M  154  419  73%    10M |  99.9   n/a   1   27  1.78M    8   22  73%  81.9M    n/a  n/a
   1   4f |   7 1.0    0      0    0    0   0%    10M |   n/a   n/a   1    0      0    0    0   0%  81.9M    n/a  n/a
   1   50 |   7 1.0   19    21M  153  431  73%    10M |  99.9   n/a   1   27  1.79M    8   23  74%  81.9M    n/a  n/a
   1   51 |   7 1.0    0      0    0    0   0%    10M |   n/a   n/a   1    0      0    0    0   0%  81.9M    n/a  n/a
   1   52 |   7 1.0    0      0    0    0   0%    10M |   n/a   n/a   1    0      0    0    0   0%  81.9M    n/a  n/a
   1   53 |   7 1.0    0      0    0    0   0%    10M |   n/a   n/a   1    0      0    0    0   0%  81.9M    n/a  n/a
   2   54 |   7 1.0   19   8.8M   88  291  76%    10M |  99.9   n/a   1   27  1.19M    6   15  71%  81.9M    n/a  n/a
   2   55 |   7 1.0   19   9.0M   77  272  77%    10M |  99.9   n/a   1   27   988k    5   13  72%  81.9M    n/a  n/a
   2   56 |   7 1.0   19   8.8M   81  266  76%    10M |  99.9   n/a   1   27   402k    2   15  88%  81.9M    n/a  n/a
   2   57 |   7 1.0   19   9.0M   85  315  78%    10M |  99.9   n/a   1   27   812k    4   13  76%  81.9M    n/a  n/a
   2   58 |   7 1.0   19   9.4M   88  292  76%    10M |  99.9   n/a   1   27   389k    2   12  85%  81.9M    n/a  n/a
   2   59 |   7 1.0    0      0    0    0   0%    10M |   n/a   n/a   1    0      0    0    0   0%  81.9M    n/a  n/a
   2   5a |   7 1.0   19   8.9M   85  347  80%    10M |  99.9   n/a   1   27   992k    5   14  73%  81.9M    n/a  n/a
   2   5b |   7 1.0   19   8.8M   82  320  79%    10M |  99.9   n/a   1   27   980k    5   14  73%  81.9M    n/a  n/a
   3   5c |   7 1.0   19    17M  111  263  70%    10M |  99.9   n/a   1   27  1.76M    7   20  74%  81.9M    n/a  n/a
   3   5d |   7 1.0   19    16M  119  322  73%    10M |  99.9   n/a   1   27  1.75M    7   20  74%  81.9M    n/a  n/a
   3   5e |   7 1.0   19    16M  114  283  71%    10M |  99.9   n/a   1   27  1.27M    5   17  77%  81.9M    n/a  n/a
   3   5f |   7 1.0    0      0    0    0   0%    10M |   n/a   n/a   1    0      0    0    0   0%  81.9M    n/a  n/a
   3   60 |   7 1.0   19    16M  111  307  73%    10M |  99.9   n/a   1   27  1.27M    5   18  78%  81.9M    n/a  n/a
   3   61 |   7 1.0   19    17M  118  311  72%    10M |  99.9   n/a   1   27  1.76M    7   20  74%  81.9M    n/a  n/a
   3   62 |   7 1.0    0      0    0    0   0%    10M |   n/a   n/a   1    0      0    0    0   0%  81.9M    n/a  n/a
   3   63 |   7 1.0    0      0    0    0   0%    10M |   n/a   n/a   1    0      0    0    0   0%  81.9M    n/a  n/a
   0   44 |   7 1.0   19    12M   88  196  69%    10M |  99.9   n/a   1   27   750k    3   17  85%  81.9M    n/a  n/a
   0   45 |   7 1.0   19    14M   89  203  69%    10M |  99.9   n/a   1   27   504k    2   11  84%  81.9M    n/a  n/a
   0   46 |   7 1.0   19    13M   94  177  65%    10M |  99.9   n/a   1   27  1.77M    7   10  58%  81.9M    n/a  n/a
   0   47 |   7 1.0   19    13M   93  200  68%    10M |  99.9   n/a   1   27  1.53M    6   13  68%  81.9M    n/a  n/a
   0   48 |   7 1.0    0      0    0    0   0%    10M |   n/a   n/a   1    0      0    0    0   0%  81.9M    n/a  n/a
   0   49 |   7 1.0   19    13M   97  210  68%    10M |  99.9   n/a   1   27  2.29M    9   14  60%  81.9M    n/a  n/a
   0   4a |   7 1.0   19    13M   90  222  71%    10M |  99.9   n/a   1   27  1.53M    6   13  68%  81.9M    n/a  n/a
   0   4b |   7 1.0   19    13M   91  222  70%    10M |  99.9   n/a   1   27  1.28M    5   11  68%  81.9M    n/a  n/a
   1   4c |   7 1.0   19    18M  129  465  78%    10M |  99.9   n/a   1   27  1.59M    7   24  77%  81.9M    n/a  n/a
   1   4d |   7 1.0   19    18M  123  549  81%    10M |  99.9   n/a   1   27  1.57M    7   27  79%  81.9M    n/a  n/a
   1   4e |   7 1.0   19    18M  124  491  79%    10M |  99.9   n/a   1   27  2.48M   11   23  67%  81.9M    n/a  n/a
   1   4f |   7 1.0    0      0    0    0   0%    10M |   n/a   n/a   1    0      0    0    0   0%  81.9M    n/a  n/a
   1   50 |   7 1.0   19    18M  132  513  79%    10M |  99.9   n/a   1   27  2.02M    9   24  72%  81.9M    n/a  n/a
   1   51 |   7 1.0    0      0    0    0   0%    10M |   n/a   n/a   1    0      0    0    0   0%  81.9M    n/a  n/a
   1   52 |   7 1.0    0      0    0    0   0%    10M |   n/a   n/a   1    0      0    0    0   0%  81.9M    n/a  n/a
   1   53 |   7 1.0    0      0    0    0   0%    10M |   n/a   n/a   1    0      0    0    0   0%  81.9M    n/a  n/a
   2   54 |   7 1.0   19    11M  100  318  76%    10M |  99.9   n/a   1   27   594k    3   12  80%  81.9M    n/a  n/a
   2   55 |   7 1.0   19    11M  105  258  71%    10M |  99.9   n/a   1   27   812k    4   14  77%  81.9M    n/a  n/a
   2   56 |   7 1.0   19    11M  100  272  73%    10M |  99.9   n/a   1   27  1.20M    6   12  66%  81.9M    n/a  n/a
   2   57 |   7 1.0   19    11M  105  290  73%    10M |  99.9   n/a   1   27  1.58M    8   13  61%  81.9M    n/a  n/a
   2   58 |   7 1.0   19    12M  110  273  71%    10M |  99.9   n/a   1   27  1.78M    9   11  55%  81.9M    n/a  n/a
   2   59 |   7 1.0    0      0    0    0   0%    10M |   n/a   n/a   1    0      0    0    0   0%  81.9M    n/a  n/a
   2   5a |   7 1.0   19    11M   94  277  74%    10M |  99.9   n/a   1   27  1.80M    9   12  57%  81.9M    n/a  n/a
   2   5b |   7 1.0   19    11M   98  276  73%    10M |  99.9   n/a   1   27  1.39M    7   14  66%  81.9M    n/a  n/a

          |--------------------DL---------------------|-------------------------------UL-----------------------------
 pci rnti | cqi  ri  mcs  brate   ok  nok  (%)  dl_bs | pusch  rsrp  ri  mcs  brate   ok  nok  (%)    bsr     ta  phr
   3   5c |   7 1.0   19    19M  119  307  72%    10M |  99.9   n/a   1   27  1.77M    7   16  69%  81.9M    n/a  n/a
   3   5d |   7 1.0   19    18M  122  308  71%    10M |  99.9   n/a   1   27   754k    3   17  85%  81.9M    n/a  n/a
   3   5e |   7 1.0   19    17M  124  303  70%    10M |  99.9   n/a   1   27  2.27M    9   19  67%  81.9M    n/a  n/a
   3   5f |   7 1.0    0      0    0    0   0%    10M |   n/a   n/a   1    0      0    0    0   0%  81.9M    n/a  n/a
   3   60 |   7 1.0   19    17M  118  338  74%    10M |  99.9   n/a   1   27  2.03M    8   18  69%  81.9M    n/a  n/a
   3   61 |   7 1.0   19    18M  127  307  70%    10M |  99.9   n/a   1   27   754k    3   16  84%  81.9M    n/a  n/a
   3   62 |   7 1.0    0      0    0    0   0%    10M |   n/a   n/a   1    0      0    0    0   0%  81.9M    n/a  n/a
   3   63 |   7 1.0    0      0    0    0   0%    10M |   n/a   n/a   1    0      0    0    0   0%  81.9M    n/a  n/a
   0   44 |   7 1.0   19    12M   84  211  71%    10M |  99.9   n/a   1   27  1.50M    6   13  68%  81.9M    n/a  n/a
   0   45 |   7 1.0   19    13M   95  165  63%    10M |  99.9   n/a   1   27  1.02M    4   16  80%  81.9M    n/a  n/a
   0   46 |   7 1.0   19    11M   80  214  72%    10M |  99.9   n/a   1   27  1.50M    6   14  70%  81.9M    n/a  n/a
   0   47 |   7 1.0   19    12M  101  235  69%    10M |  99.9   n/a   1   27  1.00M    4   14  77%  81.9M    n/a  n/a
   0   48 |   7 1.0    0      0    0    0   0%    10M |   n/a   n/a   1    0      0    0    0   0%  81.9M    n/a  n/a
   0   49 |   7 1.0   19    13M  107  204  65%    10M |  99.9   n/a   1   27  1.26M    5   10  66%  81.9M    n/a  n/a
   0   4a |   7 1.0   19    12M   90  178  66%    10M |  99.9   n/a   1   27  1.25M    5   12  70%  81.9M    n/a  n/a
   0   4b |   7 1.0   19    13M   89  194  68%    10M |  99.9   n/a   1   27  1.25M    5   11  68%  81.9M    n/a  n/a
   1   4c |   7 1.0   19    20M  149  533  78%    10M |  99.9   n/a   1   27  1.59M    7   21  75%  81.9M    n/a  n/a
   1   4d |   7 1.0   19    21M  144  528  78%    10M |  99.9   n/a   1   27  1.84M    8   20  71%  81.9M    n/a  n/a
   1   4e |   7 1.0   19    21M  147  552  78%    10M |  99.9   n/a   1   27  2.25M   10   21  67%  81.9M    n/a  n/a
   1   4f |   7 1.0    0      0    0    0   0%    10M |   n/a   n/a   1    0      0    0    0   0%  81.9M    n/a  n/a
   1   50 |   7 1.0   19    21M  152  499  76%    10M |  99.9   n/a   1   27  2.24M   10   20  66%  81.9M    n/a  n/a
   1   51 |   7 1.0    0      0    0    0   0%    10M |   n/a   n/a   1    0      0    0    0   0%  81.9M    n/a  n/a
   1   52 |   7 1.0    0      0    0    0   0%    10M |   n/a   n/a   1    0      0    0    0   0%  81.9M    n/a  n/a
   1   53 |   7 1.0    0      0    0    0   0%    10M |   n/a   n/a   1    0      0    0    0   0%  81.9M    n/a  n/a
   2   54 |   7 1.0   19   8.5M   80  277  77%    10M |  99.9   n/a   1   27   803k    4   16  80%  81.9M    n/a  n/a
   2   55 |   7 1.0   19   9.1M   95  287  75%    10M |  99.9   n/a   1   27   406k    2   13  86%  81.9M    n/a  n/a
   2   56 |   7 1.0   19   8.6M   85  281  76%    10M |  99.9   n/a   1   27   787k    4   11  73%  81.9M    n/a  n/a
   2   57 |   7 1.0   19   8.6M   90  296  76%    10M |  99.9   n/a   1   27   197k    1   17  94%  81.9M    n/a  n/a
   2   58 |   7 1.0   19   8.1M   75  274  78%    10M |  99.9   n/a   1   27   590k    3   15  83%  81.9M    n/a  n/a
   2   59 |   7 1.0    0      0    0    0   0%    10M |   n/a   n/a   1    0      0    0    0   0%  81.9M    n/a  n/a
   2   5a |   7 1.0   19   8.0M   74  307  80%    10M |  99.9   n/a   1   27   394k    2   12  85%  81.9M    n/a  n/a
   2   5b |   7 1.0   19   8.5M   91  275  75%    10M |  99.9   n/a   1   27   389k    2   13  86%  81.9M    n/a  n/a
   3   5c |   7 1.0   19    16M  121  339  73%    10M |  99.9   n/a   1   27  1.26M    5   20  80%  81.9M    n/a  n/a
   3   5d |   7 1.0   19    16M  123  340  73%    10M |  99.9   n/a   1   27  1.77M    7   19  73%  81.9M    n/a  n/a
   3   5e |   7 1.0   19    16M  113  304  72%    10M |  99.9   n/a   1   27  1.25M    5   19  79%  81.9M    n/a  n/a
   3   5f |   7 1.0    0      0    0    0   0%    10M |   n/a   n/a   1    0      0    0    0   0%  81.9M    n/a  n/a
   3   60 |   7 1.0   19    16M  114  330  74%    10M |  99.9   n/a   1   27  1.02M    4   20  83%  81.9M    n/a  n/a
   3   61 |   7 1.0   19    16M  123  332  72%    10M |  99.9   n/a   1   27  2.01M    8   20  71%  81.9M    n/a  n/a
   3   62 |   7 1.0    0      0    0    0   0%    10M |   n/a   n/a   1    0      0    0    0   0%  81.9M    n/a  n/a
   3   63 |   7 1.0    0      0    0    0   0%    10M |   n/a   n/a   1    0      0    0    0   0%  81.9M    n/a  n/a
   0   44 |   7 1.0   19    13M   87  235  72%    10M |  99.9   n/a   1   27  1.51M    6   15  71%  81.9M    n/a  n/a
   0   45 |   7 1.0   19    14M   99  209  67%    10M |  99.9   n/a   1   27  1.77M    7   13  65%  81.9M    n/a  n/a
   0   46 |   7 1.0   19    13M   93  213  69%    10M |  99.9   n/a   1   27  1.02M    4   11  73%  81.9M    n/a  n/a
   0   47 |   7 1.0   19    14M   92  228  71%    10M |  99.9   n/a   1   27  2.00M    8   12  60%  81.9M    n/a  n/a
   0   48 |   7 1.0    0      0    0    0   0%    10M |   n/a   n/a   1    0      0    0    0   0%  81.9M    n/a  n/a
   0   49 |   7 1.0   19    13M   88  230  72%    10M |  99.9   n/a   1   27  1.78M    7   17  70%  81.9M    n/a  n/a
   0   4a |   7 1.0   19    13M   89  225  71%    10M |  99.9   n/a   1   27   754k    3   12  80%  81.9M    n/a  n/a
   0   4b |   7 1.0   19    13M   97  233  70%    10M |  99.9   n/a   1   27  2.28M    9   12  57%  81.9M    n/a  n/a
   1   4c |   7 1.0   19    19M  143  449  75%    10M |  99.9   n/a   1   27  1.35M    6   25  80%  81.9M    n/a  n/a
   1   4d |   7 1.0   19    18M  140  473  77%    10M |  99.9   n/a   1   27  2.05M    9   27  75%  81.9M    n/a  n/a
   1   4e |   7 1.0   19    18M  132  469  78%    10M |  99.9   n/a   1   27  2.48M   11   23  67%  81.9M    n/a  n/a
   1   4f |   7 1.0    0      0    0    0   0%    10M |   n/a   n/a   1    0      0    0    0   0%  81.9M    n/a  n/a
   1   50 |   7 1.0   19    18M  132  459  77%    10M |  99.9   n/a   1   27  2.30M   10   25  71%  81.9M    n/a  n/a
   1   51 |   7 1.0    0      0    0    0   0%    10M |   n/a   n/a   1    0      0    0    0   0%  81.9M    n/a  n/a
   1   52 |   7 1.0    0      0    0    0   0%    10M |   n/a   n/a   1    0      0    0    0   0%  81.9M    n/a  n/a
   1   53 |   7 1.0    0      0    0    0   0%    10M |   n/a   n/a   1    0      0    0    0   0%  81.9M    n/a  n/a
   2   54 |   7 1.0   19   9.5M   84  220  72%    10M |  99.9   n/a   1   27  1.20M    6   12  66%  81.9M    n/a  n/a
   2   55 |   7 1.0   19    11M   98  206  67%    10M |  99.9   n/a   1   27   816k    4   14  77%  81.9M    n/a  n/a
   2   56 |   7 1.0   19   9.2M   87  219  71%    10M |  99.9   n/a   1   27  1.01M    5   14  73%  81.9M    n/a  n/a
   2   57 |   7 1.0   19    10M  100  226  69%    10M |  99.9   n/a   1   27   611k    3   15  83%  81.9M    n/a  n/a
   2   58 |   7 1.0   19    10M  107  222  67%    10M |  99.9   n/a   1   27   599k    3   10  76%  81.9M    n/a  n/a
   2   59 |   7 1.0    0      0    0    0   0%    10M |   n/a   n/a   1    0      0    0    0   0%  81.9M    n/a  n/a
   2   5a |   7 1.0   19   9.9M   86  216  71%    10M |  99.9   n/a   1   27   582k    3   14  82%  81.9M    n/a  n/a
   2   5b |   7 1.0   19   9.9M   98  226  69%    10M |  99.9   n/a   1   27  1.00M    5   10  66%  81.9M    n/a  n/a
   3   5c |   7 1.0   19    17M  112  336  75%    10M |  99.9   n/a   1   27  1.52M    6   16  72%  81.9M    n/a  n/a
   3   5d |   7 1.0   19    16M  117  348  74%    10M |  99.9   n/a   1   27  1.50M    6   20  76%  81.9M    n/a  n/a
   3   5e |   7 1.0   19    17M  122  304  71%    10M |  99.9   n/a   1   27  1.27M    5   17  77%  81.9M    n/a  n/a
   3   5f |   7 1.0    0      0    0    0   0%    10M |   n/a   n/a   1    0      0    0    0   0%  81.9M    n/a  n/a
   3   60 |   7 1.0   19    17M  129  351  73%    10M |  99.9   n/a   1   27  1.03M    4   16  80%  81.9M    n/a  n/a
   3   61 |   7 1.0   19    18M  127  321  71%    10M |  99.9   n/a   1   27  1.50M    6   16  72%  81.9M    n/a  n/a
   3   62 |   7 1.0    0      0    0    0   0%    10M |   n/a   n/a   1    0      0    0    0   0%  81.9M    n/a  n/a
   3   63 |   7 1.0    0      0    0    0   0%    10M |   n/a   n/a   1    0      0    0    0   0%  81.9M    n/a  n/a
   0   44 |   7 1.0   19    14M   93  267  74%    10M |  99.9   n/a   1   27  1.01M    4    9  69%  81.9M    n/a  n/a
   0   45 |   7 1.0   19    14M  100  223  69%    10M |  99.9   n/a   1   27  2.78M   11   12  52%  81.9M    n/a  n/a
   0   46 |   7 1.0   19    13M   87  298  77%    10M |  99.9   n/a   1   27   500k    2   13  86%  81.9M    n/a  n/a
   0   47 |   7 1.0   19    14M  107  214  66%    10M |  99.9   n/a   1   27  2.30M    9   10  52%  81.9M    n/a  n/a
   0   48 |   7 1.0    0      0    0    0   0%    10M |   n/a   n/a   1    0      0    0    0   0%  81.9M    n/a  n/a
   0   49 |   7 1.0   19    14M   92  199  68%    10M |  99.9   n/a   1   27  1.80M    7   10  58%  81.9M    n/a  n/a
   0   4a |   7 1.0   19    14M   97  213  68%    10M |  99.9   n/a   1   27  1.51M    6   15  71%  81.9M    n/a  n/a
   0   4b |   7 1.0   19    14M   95  222  70%    10M |  99.9   n/a   1   27  1.27M    5   10  66%  81.9M    n/a  n/a
   1   4c |   7 1.0   19    20M  152  364  70%    10M |  99.9   n/a   1   27  2.28M   10   20  66%  81.9M    n/a  n/a
   1   4d |   7 1.0   19    22M  169  280  62%    10M |  99.9   n/a   1   27  2.25M   10   20  66%  81.9M    n/a  n/a
   1   4e |   7 1.0   19    20M  148  339  69%    10M |  99.9   n/a   1   27  2.25M   10   21  67%  81.9M    n/a  n/a
   1   4f |   7 1.0    0      0    0    0   0%    10M |   n/a   n/a   1    0      0    0    0   0%  81.9M    n/a  n/a
   1   50 |   7 1.0   19    20M  155  367  70%    10M |  99.9   n/a   1   27  2.45M   11   19  63%  81.9M    n/a  n/a
   1   51 |   7 1.0    0      0    0    0   0%    10M |   n/a   n/a   1    0      0    0    0   0%  81.9M    n/a  n/a
   1   52 |   7 1.0    0      0    0    0   0%    10M |   n/a   n/a   1    0      0    0    0   0%  81.9M    n/a  n/a
   1   53 |   7 1.0    0      0    0    0   0%    10M |   n/a   n/a   1    0      0    0    0   0%  81.9M    n/a  n/a

          |--------------------DL---------------------|-------------------------------UL-----------------------------
 pci rnti | cqi  ri  mcs  brate   ok  nok  (%)  dl_bs | pusch  rsrp  ri  mcs  brate   ok  nok  (%)    bsr     ta  phr
   2   54 |   7 1.0   19   8.8M   92  329  78%    10M |  99.9   n/a   1   27   808k    4   14  77%  81.9M    n/a  n/a
   2   55 |   7 1.0   19   9.5M   99  291  74%    10M |  99.9   n/a   1   27   787k    4   12  75%  81.9M    n/a  n/a
   2   56 |   7 1.0   19   9.5M   90  291  76%    10M |  99.9   n/a   1   27   787k    4   12  75%  81.9M    n/a  n/a
   2   57 |   7 1.0   19   9.3M   92  308  77%    10M |  99.9   n/a   1   27  1.38M    7   13  65%  81.9M    n/a  n/a
   2   58 |   7 1.0   19    10M  100  244  70%    10M |  99.9   n/a   1   27  1.19M    6   14  70%  81.9M    n/a  n/a
   2   59 |   7 1.0    0      0    0    0   0%    10M |   n/a   n/a   1    0      0    0    0   0%  81.9M    n/a  n/a
   2   5a |   7 1.0   19   8.9M   79  281  78%    10M |  99.9   n/a   1   27   808k    4   13  76%  81.9M    n/a  n/a
   2   5b |   7 1.0   19    10M   99  276  73%    10M |  99.9   n/a   1   27  1.00M    5   14  73%  81.9M    n/a  n/a
   3   5c |   7 1.0   19    16M  119  463  79%    10M |  99.9   n/a   1   27  1.25M    5   20  80%  81.9M    n/a  n/a
   3   5d |   7 1.0   19    15M  115  449  79%    10M |  99.9   n/a   1   27  1.50M    6   16  72%  81.9M    n/a  n/a
   3   5e |   7 1.0   19    15M  100  531  84%    10M |  99.9   n/a   1   27  1.01M    4   20  83%  81.9M    n/a  n/a
   3   5f |   7 1.0    0      0    0    0   0%    10M |   n/a   n/a   1    0      0    0    0   0%  81.9M    n/a  n/a
   3   60 |   7 1.0   19    15M  119  487  80%    10M |  99.9   n/a   1   27  1.51M    6   20  76%  81.9M    n/a  n/a
   3   61 |   7 1.0   19    15M  110  461  80%    10M |  99.9   n/a   1   27  1.52M    6   20  76%  81.9M    n/a  n/a
   3   62 |   7 1.0    0      0    0    0   0%    10M |   n/a   n/a   1    0      0    0    0   0%  81.9M    n/a  n/a
   3   63 |   7 1.0    0      0    0    0   0%    10M |   n/a   n/a   1    0      0    0    0   0%  81.9M    n/a  n/a
   0   44 |   7 1.0   19    12M   82  292  78%    10M |  99.9   n/a   1   27  1.28M    5   15  75%  81.9M    n/a  n/a
   0   45 |   7 1.0   19    14M   90  272  75%    10M |  99.9   n/a   1   27  1.78M    7   15  68%  81.9M    n/a  n/a
   0   46 |   7 1.0   19    12M   76  298  79%    10M |  99.9   n/a   1   27  1.26M    5   17  77%  81.9M    n/a  n/a
   0   47 |   7 1.0   19    12M   77  290  79%    10M |  99.9   n/a   1   27  1.53M    6   14  70%  81.9M    n/a  n/a
   0   48 |   7 1.0    0      0    0    0   0%    10M |   n/a   n/a   1    0      0    0    0   0%  81.9M    n/a  n/a
   0   49 |   7 1.0   19    12M   84  296  77%    10M |  99.9   n/a   1   27  2.30M    9   14  60%  81.9M    n/a  n/a
   0   4a |   7 1.0   19    12M   86  274  76%    10M |  99.9   n/a   1   27  1.50M    6   11  64%  81.9M    n/a  n/a
   0   4b |   7 1.0   19    12M   90  294  76%    10M |  99.9   n/a   1   27  1.77M    7   11  61%  81.9M    n/a  n/a
   1   4c |   7 1.0   19    19M  148  370  71%    10M |  99.9   n/a   1   27  2.25M   10   25  71%  81.9M    n/a  n/a
   1   4d |   7 1.0   19    19M  152  374  71%    10M |  99.9   n/a   1   27  1.80M    8   24  75%  81.9M    n/a  n/a
   1   4e |   7 1.0   19    18M  147  368  71%    10M |  99.9   n/a   1   27  1.37M    6   24  80%  81.9M    n/a  n/a
   1   4f |   7 1.0    0      0    0    0   0%    10M |   n/a   n/a   1    0      0    0    0   0%  81.9M    n/a  n/a
   1   50 |   7 1.0   19    18M  143  405  73%    10M |  99.9   n/a   1   27  2.02M    9   23  71%  81.9M    n/a  n/a
   1   51 |   7 1.0    0      0    0    0   0%    10M |   n/a   n/a   1    0      0    0    0   0%  81.9M    n/a  n/a
   1   52 |   7 1.0    0      0    0    0   0%    10M |   n/a   n/a   1    0      0    0    0   0%  81.9M    n/a  n/a
   1   53 |   7 1.0    0      0    0    0   0%    10M |   n/a   n/a   1    0      0    0    0   0%  81.9M    n/a  n/a
   2   54 |   7 1.0   19   9.9M   95  277  74%    10M |  99.9   n/a   1   27  1.20M    6   16  72%  81.9M    n/a  n/a
   2   55 |   7 1.0   19    11M  102  221  68%    10M |  99.9   n/a   1   27  1.19M    6   13  68%  81.9M    n/a  n/a
   2   56 |   7 1.0   19    11M   96  223  69%    10M |  99.9   n/a   1   27   988k    5   12  70%  81.9M    n/a  n/a
   2   57 |   7 1.0   19    11M  105  206  66%    10M |  99.9   n/a   1   27   603k    3   13  81%  81.9M    n/a  n/a
   2   58 |   7 1.0   19    10M   92  252  73%    10M |  99.9   n/a   1   27  1.20M    6   12  66%  81.9M    n/a  n/a
   2   59 |   7 1.0    0      0    0    0   0%    10M |   n/a   n/a   1    0      0    0    0   0%  81.9M    n/a  n/a
   2   5a |   7 1.0   19    11M   94  216  69%    10M |  99.9   n/a   1   27  1.80M    9   13  59%  81.9M    n/a  n/a
   2   5b |   7 1.0   19    11M  102  224  68%    10M |  99.9   n/a   1   27  1.80M    9   11  55%  81.9M    n/a  n/a
   3   5c |   7 1.0   19    19M  130  366  73%    10M |  99.9   n/a   1   27  2.29M    9   16  64%  81.9M    n/a  n/a
   3   5d |   7 1.0   19    20M  147  383  72%    10M |  99.9   n/a   1   27  1.52M    6   18  75%  81.9M    n/a  n/a
   3   5e |   7 1.0   19    20M  149  335  69%    10M |  99.9   n/a   1   27  1.77M    7   16  69%  81.9M    n/a  n/a
   3   5f |   7 1.0    0      0    0    0   0%    10M |   n/a   n/a   1    0      0    0    0   0%  81.9M    n/a  n/a
   3   60 |   7 1.0   19    19M  136  337  71%    10M |  99.9   n/a   1   27  2.30M    9   16  64%  81.9M    n/a  n/a
   3   61 |   7 1.0   19    20M  137  335  70%    10M |  99.9   n/a   1   27  2.25M    9   16  64%  81.9M    n/a  n/a
   3   62 |   7 1.0    0      0    0    0   0%    10M |   n/a   n/a   1    0      0    0    0   0%  81.9M    n/a  n/a
   3   63 |   7 1.0    0      0    0    0   0%    10M |   n/a   n/a   1    0      0    0    0   0%  81.9M    n/a  n/a
   0   44 |   7 1.0   19    13M   89  245  73%    10M |  99.9   n/a   1   27   758k    3   13  81%  81.9M    n/a  n/a
   0   45 |   7 1.0   19    14M   93  182  66%    10M |  99.9   n/a   1   27  1.00M    4   11  73%  81.9M    n/a  n/a
   0   46 |   7 1.0   19    13M   92  226  71%    10M |  99.9   n/a   1   27  2.05M    8   16  66%  81.9M    n/a  n/a
   0   47 |   7 1.0   19    14M   92  191  67%    10M |  99.9   n/a   1   27   754k    3   13  81%  81.9M    n/a  n/a
   0   48 |   7 1.0    0      0    0    0   0%    10M |   n/a   n/a   1    0      0    0    0   0%  81.9M    n/a  n/a
   0   49 |   7 1.0   19    14M   97  202  67%    10M |  99.9   n/a   1   27  1.02M    4   14  77%  81.9M    n/a  n/a
   0   4a |   7 1.0   19    13M   98  209  68%    10M |  99.9   n/a   1   27  2.29M    9    8  47%  81.9M    n/a  n/a
   0   4b |   7 1.0   19    13M   84  192  69%    10M |  99.9   n/a   1   27  1.27M    5   10  66%  81.9M    n/a  n/a
   1   4c |   7 1.0   19    20M  166  366  68%    10M |  99.9   n/a   1   27  1.14M    5   25  83%  81.9M    n/a  n/a
   1   4d |   7 1.0   19    19M  148  349  70%    10M |  99.9   n/a   1   27   685k    3   21  87%  81.9M    n/a  n/a
   1   4e |   7 1.0   19    19M  149  360  70%    10M |  99.9   n/a   1   27  2.69M   12   21  63%  81.9M    n/a  n/a
   1   4f |   7 1.0    0      0    0    0   0%    10M |   n/a   n/a   1    0      0    0    0   0%  81.9M    n/a  n/a
   1   50 |   7 1.0   19    19M  150  337  69%    10M |  99.9   n/a   1   27  3.36M   15   22  59%  81.9M    n/a  n/a
   1   51 |   7 1.0    0      0    0    0   0%    10M |   n/a   n/a   1    0      0    0    0   0%  81.9M    n/a  n/a
   1   52 |   7 1.0    0      0    0    0   0%    10M |   n/a   n/a   1    0      0    0    0   0%  81.9M    n/a  n/a
   1   53 |   7 1.0    0      0    0    0   0%    10M |   n/a   n/a   1    0      0    0    0   0%  81.9M    n/a  n/a
   2   54 |   7 1.0   19   8.7M   73  293  80%    10M |  99.9   n/a   1   27   783k    4   12  75%  81.9M    n/a  n/a
   2   55 |   7 1.0   19   9.3M   89  289  76%    10M |  99.9   n/a   1   27   599k    3   16  84%  81.9M    n/a  n/a
   2   56 |   7 1.0   19   9.7M   99  287  74%    10M |  99.9   n/a   1   27   197k    1   14  93%  81.9M    n/a  n/a
   2   57 |   7 1.0   19   9.4M   85  278  76%    10M |  99.9   n/a   1   27   590k    3   14  82%  81.9M    n/a  n/a
   2   58 |   7 1.0   19    10M   97  240  71%    10M |   n/a   n/a   1   27      0    0   12 100%  81.9M    n/a  n/a
   2   59 |   7 1.0    0      0    0    0   0%    10M |   n/a   n/a   1    0      0    0    0   0%  81.9M    n/a  n/a
   2   5a |   7 1.0   19   9.3M   98  305  75%    10M |  99.9   n/a   1   27   787k    4   13  76%  81.9M    n/a  n/a
   2   5b |   7 1.0   19   9.9M   87  282  76%    10M |  99.9   n/a   1   27  1.00M    5   13  72%  81.9M    n/a  n/a
   3   5c |   7 1.0   19    16M  119  354  74%    10M |  99.9   n/a   1   27  1.27M    5   20  80%  81.9M    n/a  n/a
   3   5d |   7 1.0   19    16M  115  421  78%    10M |  99.9   n/a   1   27  1.50M    6   18  75%  81.9M    n/a  n/a
   3   5e |   7 1.0   19    16M  117  351  75%    10M |  99.9   n/a   1   27  1.52M    6   20  76%  81.9M    n/a  n/a
   3   5f |   7 1.0    0      0    0    0   0%    10M |   n/a   n/a   1    0      0    0    0   0%  81.9M    n/a  n/a
   3   60 |   7 1.0   19    15M  103  379  78%    10M |  99.9   n/a   1   27  1.51M    6   20  76%  81.9M    n/a  n/a
   3   61 |   7 1.0   19    16M  112  419  78%    10M |  99.9   n/a   1   27  1.27M    5   20  80%  81.9M    n/a  n/a
   3   62 |   7 1.0    0      0    0    0   0%    10M |   n/a   n/a   1    0      0    0    0   0%  81.9M    n/a  n/a
   3   63 |   7 1.0    0      0    0    0   0%    10M |   n/a   n/a   1    0      0    0    0   0%  81.9M    n/a  n/a
   0   44 |   7 1.0   19    12M   90  234  72%    10M |  99.9   n/a   1   27  1.27M    5   16  76%  81.9M    n/a  n/a
   0   45 |   7 1.0   19    12M   90  227  71%    10M |  99.9   n/a   1   27  1.26M    5   18  78%  81.9M    n/a  n/a
   0   46 |   7 1.0   19    12M   97  245  71%    10M |  99.9   n/a   1   27   754k    3   12  80%  81.9M    n/a  n/a
   0   47 |   7 1.0   19    13M   85  174  67%    10M |  99.9   n/a   1   27  1.26M    5   10  66%  81.9M    n/a  n/a
   0   48 |   7 1.0    0      0    0    0   0%    10M |   n/a   n/a   1    0      0    0    0   0%  81.9M    n/a  n/a
   0   49 |   7 1.0   19    11M   82  197  70%    10M |  99.9   n/a   1   27  1.53M    6   14  70%  81.9M    n/a  n/a
   0   4a |   7 1.0   19    13M   85  241  73%    10M |  99.9   n/a   1   27   783k    3   12  80%  81.9M    n/a  n/a
   0   4b |   7 1.0   19    13M   95  176  64%    10M |  99.9   n/a   1   27  2.03M    8   13  61%  81.9M    n/a  n/a

          |--------------------DL---------------------|-------------------------------UL-----------------------------
 pci rnti | cqi  ri  mcs  brate   ok  nok  (%)  dl_bs | pusch  rsrp  ri  mcs  brate   ok  nok  (%)    bsr     ta  phr
   1   4c |   7 1.0   19    21M  164  291  63%    10M |  99.9   n/a   1   27  2.73M   12   20  62%  81.9M    n/a  n/a
   1   4d |   7 1.0   19    21M  158  310  66%    10M |  99.9   n/a   1   27  2.69M   12   24  66%  81.9M    n/a  n/a
   1   4e |   7 1.0   19    20M  150  342  69%    10M |  99.9   n/a   1   27  2.23M   10   24  70%  81.9M    n/a  n/a
   1   4f |   7 1.0    0      0    0    0   0%    10M |   n/a   n/a   1    0      0    0    0   0%  81.9M    n/a  n/a
   1   50 |   7 1.0   19    17M  135  397  74%    10M |  99.9   n/a   1   27  1.59M    7   24  77%  81.9M    n/a  n/a
   1   51 |   7 1.0    0      0    0    0   0%    10M |   n/a   n/a   1    0      0    0    0   0%  81.9M    n/a  n/a
   1   52 |   7 1.0    0      0    0    0   0%    10M |   n/a   n/a   1    0      0    0    0   0%  81.9M    n/a  n/a
   1   53 |   7 1.0    0      0    0    0   0%    10M |   n/a   n/a   1    0      0    0    0   0%  81.9M    n/a  n/a
   2   54 |   7 1.0   19    10M   96  295  75%    10M |  99.9   n/a   1   27  1.18M    6   11  64%  81.9M    n/a  n/a
   2   55 |   7 1.0   19    11M  100  253  71%    10M |  99.9   n/a   1   27  1.59M    8   14  63%  81.9M    n/a  n/a
   2   56 |   7 1.0   19    11M  100  285  74%    10M |  99.9   n/a   1   27   996k    5   13  72%  81.9M    n/a  n/a
   2   57 |   7 1.0   19    10M  101  224  68%    10M |  99.9   n/a   1   27  1.21M    6   13  68%  81.9M    n/a  n/a
   2   58 |   7 1.0   19    11M   97  296  75%    10M |  99.9   n/a   1   27   996k    5   15  75%  81.9M    n/a  n/a
   2   59 |   7 1.0    0      0    0    0   0%    10M |   n/a   n/a   1    0      0    0    0   0%  81.9M    n/a  n/a
   2   5a |   7 1.0   19    10M   99  266  72%    10M |  99.9   n/a   1   27   808k    4   10  71%  81.9M    n/a  n/a
   2   5b |   7 1.0   19    11M   97  261  72%    10M |  99.9   n/a   1   27  1.21M    6   13  68%  81.9M    n/a  n/a
   3   5c |   7 1.0   19    19M  129  318  71%    10M |  99.9   n/a   1   27  2.26M    9   16  64%  81.9M    n/a  n/a
   3   5d |   7 1.0   19    19M  125  310  71%    10M |  99.9   n/a   1   27  1.77M    7   20  74%  81.9M    n/a  n/a
   3   5e |   7 1.0   19    19M  129  335  72%    10M |  99.9   n/a   1   27  2.04M    8   16  66%  81.9M    n/a  n/a
   3   5f |   7 1.0    0      0    0    0   0%    10M |   n/a   n/a   1    0      0    0    0   0%  81.9M    n/a  n/a
   3   60 |   7 1.0   19    18M  131  358  73%    10M |  99.9   n/a   1   27  2.03M    8   16  66%  81.9M    n/a  n/a
   3   61 |   7 1.0   19    19M  134  347  72%    10M |  99.9   n/a   1   27  2.28M    9   16  64%  81.9M    n/a  n/a
   3   62 |   7 1.0    0      0    0    0   0%    10M |   n/a   n/a   1    0      0    0    0   0%  81.9M    n/a  n/a
   3   63 |   7 1.0    0      0    0    0   0%    10M |   n/a   n/a   1    0      0    0    0   0%  81.9M    n/a  n/a
   0   44 |   7 1.0   19    11M   77  228  74%    10M |  99.9   n/a   1   27   771k    3   15  83%  81.9M    n/a  n/a
   0   45 |   7 1.0   19    13M   85  203  70%    10M |  99.9   n/a   1   27  1.01M    4   13  76%  81.9M    n/a  n/a
   0   46 |   7 1.0   19    12M   84  220  72%    10M |  99.9   n/a   1   27  1.03M    4   13  76%  81.9M    n/a  n/a
   0   47 |   7 1.0   19    13M   88  204  69%    10M |  99.9   n/a   1   27  1.51M    6   12  66%  81.9M    n/a  n/a
   0   48 |   7 1.0    0      0    0    0   0%    10M |   n/a   n/a   1    0      0    0    0   0%  81.9M    n/a  n/a
   0   49 |   7 1.0   19    13M   95  212  69%    10M |  99.9   n/a   1   27  1.53M    6   13  68%  81.9M    n/a  n/a
   0   4a |   7 1.0   19    14M   95  157  62%    10M |  99.9   n/a   1   27  1.75M    7   13  65%  81.9M    n/a  n/a
   0   4b |   7 1.0   19    12M   99  211  68%    10M |  99.9   n/a   1   27  1.02M    4   13  76%  81.9M    n/a  n/a
   1   4c |   7 1.0   19    20M  156  337  68%    10M |  99.9   n/a   1   27  2.03M    9   24  72%  81.9M    n/a  n/a
   1   4d |   7 1.0   19    20M  161  328  67%    10M |  99.9   n/a   1   27  1.57M    7   23  76%  81.9M    n/a  n/a
   1   4e |   7 1.0   19    21M  161  354  68%    10M |  99.9   n/a   1   27  2.50M   11   21  65%  81.9M    n/a  n/a
   1   4f |   7 1.0    0      0    0    0   0%    10M |   n/a   n/a   1    0      0    0    0   0%  81.9M    n/a  n/a
   1   50 |   7 1.0   19    19M  142  379  72%    10M |  99.9   n/a   1   27  2.23M   10   19  65%  81.9M    n/a  n/a
   1   51 |   7 1.0    0      0    0    0   0%    10M |   n/a   n/a   1    0      0    0    0   0%  81.9M    n/a  n/a
   1   52 |   7 1.0    0      0    0    0   0%    10M |   n/a   n/a   1    0      0    0    0   0%  81.9M    n/a  n/a
   1   53 |   7 1.0    0      0    0    0   0%    10M |   n/a   n/a   1    0      0    0    0   0%  81.9M    n/a  n/a
   2   54 |   7 1.0   19   8.6M   81  302  78%    10M |  99.9   n/a   1   27   791k    4   16  80%  81.9M    n/a  n/a
   2   55 |   7 1.0   19   9.4M   82  295  78%    10M |  99.9   n/a   1   27  1.19M    6   11  64%  81.9M    n/a  n/a
   2   56 |   7 1.0   19   8.7M   90  276  75%    10M |  99.9   n/a   1   27   590k    3   15  83%  81.9M    n/a  n/a
   2   57 |   7 1.0   19   8.9M   89  245  73%    10M |  99.9   n/a   1   27   197k    1   12  92%  81.9M    n/a  n/a
   2   58 |   7 1.0   19   9.4M   84  252  75%    10M |  99.9   n/a   1   27   406k    2   12  85%  81.9M    n/a  n/a
   2   59 |   7 1.0    0      0    0    0   0%    10M |   n/a   n/a   1    0      0    0    0   0%  81.9M    n/a  n/a
   2   5a |   7 1.0   19   9.5M   94  298  76%    10M |  99.9   n/a   1   27   812k    4   16  80%  81.9M    n/a  n/a
   2   5b |   7 1.0   19   9.3M   87  237  73%    10M |  99.9   n/a   1   27  1.00M    5   11  68%  81.9M    n/a  n/a
   3   5c |   7 1.0   19    16M  120  345  74%    10M |  99.9   n/a   1   27  1.77M    7   20  74%  81.9M    n/a  n/a
   3   5d |   7 1.0   19    16M  116  342  74%    10M |  99.9   n/a   1   27  1.26M    5   16  76%  81.9M    n/a  n/a
   3   5e |   7 1.0   19    15M  114  323  73%    10M |  99.9   n/a   1   27  1.78M    7   20  74%  81.9M    n/a  n/a
   3   5f |   7 1.0    0      0    0    0   0%    10M |   n/a   n/a   1    0      0    0    0   0%  81.9M    n/a  n/a
   3   60 |   7 1.0   19    17M  127  311  71%    10M |  99.9   n/a   1   27  1.77M    7   20  74%  81.9M    n/a  n/a
   3   61 |   7 1.0   19    17M  127  294  69%    10M |  99.9   n/a   1   27  1.25M    5   20  80%  81.9M    n/a  n/a
   3   62 |   7 1.0    0      0    0    0   0%    10M |   n/a   n/a   1    0      0    0    0   0%  81.9M    n/a  n/a
   3   63 |   7 1.0    0      0    0    0   0%    10M |   n/a   n/a   1    0      0    0    0   0%  81.9M    n/a  n/a
   0   44 |   7 1.0   19    13M   87  202  69%    10M |  99.9   n/a   1   27  1.52M    6   12  66%  81.9M    n/a  n/a
   0   45 |   7 1.0   19    12M   86  204  70%    10M |  99.9   n/a   1   27   254k    1   13  92%  81.9M    n/a  n/a
   0   46 |   7 1.0   19    11M   77  237  75%    10M |  99.9   n/a   1   27  1.01M    4   13  76%  81.9M    n/a  n/a
   0   47 |   7 1.0   19    11M   85  213  71%    10M |  99.9   n/a   1   27   766k    3   14  82%  81.9M    n/a  n/a
   0   48 |   7 1.0    0      0    0    0   0%    10M |   n/a   n/a   1    0      0    0    0   0%  81.9M    n/a  n/a
   0   49 |   7 1.0   19    12M   88  230  72%    10M |  99.9   n/a   1   27   258k    1   14  93%  81.9M    n/a  n/a
   0   4a |   7 1.0   19    11M   73  233  76%    10M |  99.9   n/a   1   27   766k    3   12  80%  81.9M    n/a  n/a
   0   4b |   7 1.0   19    12M   94  214  69%    10M |  99.9   n/a   1   27   775k    3   14  82%  81.9M    n/a  n/a
   1   4c |   7 1.0   19    20M  161  347  68%    10M |  99.9   n/a   1   27  2.95M   13   21  61%  81.9M    n/a  n/a
   1   4d |   7 1.0   19    20M  149  348  70%    10M |  99.9   n/a   1   27  2.23M   10   24  70%  81.9M    n/a  n/a
   1   4e |   7 1.0   19    20M  154  369  70%    10M |  99.9   n/a   1   27  2.03M    9   26  74%  81.9M    n/a  n/a
   1   4f |   7 1.0    0      0    0    0   0%    10M |   n/a   n/a   1    0      0    0    0   0%  81.9M    n/a  n/a
   1   50 |   7 1.0   19    19M  142  358  71%    10M |  99.9   n/a   1   27  2.26M   10   24  70%  81.9M    n/a  n/a
   1   51 |   7 1.0    0      0    0    0   0%    10M |   n/a   n/a   1    0      0    0    0   0%  81.9M    n/a  n/a
   1   52 |   7 1.0    0      0    0    0   0%    10M |   n/a   n/a   1    0      0    0    0   0%  81.9M    n/a  n/a
   1   53 |   7 1.0    0      0    0    0   0%    10M |   n/a   n/a   1    0      0    0    0   0%  81.9M    n/a  n/a
   2   54 |   7 1.0   19  10.0M   97  267  73%    10M |  99.9   n/a   1   27  1.00M    5   14  73%  81.9M    n/a  n/a
   2   55 |   7 1.0   19    11M  100  251  71%    10M |  99.9   n/a   1   27   599k    3   15  83%  81.9M    n/a  n/a
   2   56 |   7 1.0   19    10M   88  206  70%    10M |  99.9   n/a   1   27  1.79M    9   10  52%  81.9M    n/a  n/a
   2   57 |   7 1.0   19    10M   99  278  73%    10M |  99.9   n/a   1   27  1.79M    9   15  62%  81.9M    n/a  n/a
   2   58 |   7 1.0   19    10M   97  276  73%    10M |  99.9   n/a   1   27  1.19M    6   13  68%  81.9M    n/a  n/a
   2   59 |   7 1.0    0      0    0    0   0%    10M |   n/a   n/a   1    0      0    0    0   0%  81.9M    n/a  n/a
   2   5a |   7 1.0   19   9.8M   87  253  74%    10M |  99.9   n/a   1   27   988k    5   14  73%  81.9M    n/a  n/a
   2   5b |   7 1.0   19    10M   98  228  69%    10M |  99.9   n/a   1   27   996k    5   11  68%  81.9M    n/a  n/a
   3   5c |   7 1.0   19    20M  145  267  64%    10M |  99.9   n/a   1   27  1.50M    6   17  73%  81.9M    n/a  n/a
   3   5d |   7 1.0   19    18M  127  293  69%    10M |  99.9   n/a   1   27  1.75M    7   20  74%  81.9M    n/a  n/a
   3   5e |   7 1.0   19    18M  128  282  68%    10M |  99.9   n/a   1   27  2.29M    9   16  64%  81.9M    n/a  n/a
   3   5f |   7 1.0    0      0    0    0   0%    10M |   n/a   n/a   1    0      0    0    0   0%  81.9M    n/a  n/a
   3   60 |   7 1.0   19    18M  129  252  66%    10M |  99.9   n/a   1   27  2.03M    8   16  66%  81.9M    n/a  n/a
   3   61 |   7 1.0   19    19M  137  292  68%    10M |  99.9   n/a   1   27  1.77M    7   18  72%  81.9M    n/a  n/a
   3   62 |   7 1.0    0      0    0    0   0%    10M |   n/a   n/a   1    0      0    0    0   0%  81.9M    n/a  n/a
   3   63 |   7 1.0    0      0    0    0   0%    10M |   n/a   n/a   1    0      0    0    0   0%  81.9M    n/a  n/a

          |--------------------DL---------------------|-------------------------------UL-----------------------------
 pci rnti | cqi  ri  mcs  brate   ok  nok  (%)  dl_bs | pusch  rsrp  ri  mcs  brate   ok  nok  (%)    bsr     ta  phr
   0   44 |   7 1.0   19    11M   75  291  79%    10M |  99.9   n/a   1   27  1.54M    6   12  66%  81.9M    n/a  n/a
   0   45 |   7 1.0   19    12M   86  257  74%    10M |  99.9   n/a   1   27  1.50M    6   14  70%  81.9M    n/a  n/a
   0   46 |   7 1.0   19    12M   79  239  75%    10M |  99.9   n/a   1   27  1.79M    7   14  66%  81.9M    n/a  n/a
   0   47 |   7 1.0   19    12M   81  269  76%    10M |  99.9   n/a   1   27   762k    3   14  82%  81.9M    n/a  n/a
   0   48 |   7 1.0    0      0    0    0   0%    10M |   n/a   n/a   1    0      0    0    0   0%  81.9M    n/a  n/a
   0   49 |   7 1.0   19    12M   78  231  74%    10M |  99.9   n/a   1   27  1.77M    7    7  50%  81.9M    n/a  n/a
   0   4a |   7 1.0   19    11M   82  304  78%    10M |  99.9   n/a   1   27  1.54M    6   16  72%  81.9M    n/a  n/a
   0   4b |   7 1.0   19    13M   86  238  73%    10M |  99.9   n/a   1   27   504k    2   14  87%  81.9M    n/a  n/a
   1   4c |   7 1.0   19    21M  163  330  66%    10M |  99.9   n/a   1   27  1.59M    7   24  77%  81.9M    n/a  n/a
   1   4d |   7 1.0   19    20M  161  371  69%    10M |  99.9   n/a   1   27  2.46M   11   20  64%  81.9M    n/a  n/a
   1   4e |   7 1.0   19    19M  148  342  69%    10M |  99.9   n/a   1   27  2.24M   10   21  67%  81.9M    n/a  n/a
   1   4f |   7 1.0    0      0    0    0   0%    10M |   n/a   n/a   1    0      0    0    0   0%  81.9M    n/a  n/a
   1   50 |   7 1.0   19    19M  147  333  69%    10M |  99.9   n/a   1   27  2.71M   12   20  62%  81.9M    n/a  n/a
   1   51 |   7 1.0    0      0    0    0   0%    10M |   n/a   n/a   1    0      0    0    0   0%  81.9M    n/a  n/a
   1   52 |   7 1.0    0      0    0    0   0%    10M |   n/a   n/a   1    0      0    0    0   0%  81.9M    n/a  n/a
   1   53 |   7 1.0    0      0    0    0   0%    10M |   n/a   n/a   1    0      0    0    0   0%  81.9M    n/a  n/a
   2   54 |   7 1.0   19    11M  106  289  73%    10M |  99.9   n/a   1   27  1.40M    7   14  66%  81.9M    n/a  n/a
   2   55 |   7 1.0   19    10M   96  329  77%    10M |  99.9   n/a   1   27  1.20M    6   11  64%  81.9M    n/a  n/a
   2   56 |   7 1.0   19    10M   92  319  77%    10M |  99.9   n/a   1   27  1.57M    8   11  57%  81.9M    n/a  n/a
   2   57 |   7 1.0   19    10M   92  301  76%    10M |  99.9   n/a   1   27   590k    3   10  76%  81.9M    n/a  n/a
   2   58 |   7 1.0   19    10M  101  293  74%    10M |  99.9   n/a   1   27   599k    3   12  80%  81.9M    n/a  n/a
   2   59 |   7 1.0    0      0    0    0   0%    10M |   n/a   n/a   1    0      0    0    0   0%  81.9M    n/a  n/a
   2   5a |   7 1.0   19    10M   92  256  73%    10M |  99.9   n/a   1   27  1.18M    6   14  70%  81.9M    n/a  n/a
   2   5b |   7 1.0   19    11M   91  320  77%    10M |  99.9   n/a   1   27  1.00M    5    8  61%  81.9M    n/a  n/a
   3   5c |   7 1.0   19    15M  111  328  74%    10M |  99.9   n/a   1   27  1.26M    5   19  79%  81.9M    n/a  n/a
   3   5d |   7 1.0   19    15M  127  350  73%    10M |  99.9   n/a   1   27  2.04M    8   16  66%  81.9M    n/a  n/a
   3   5e |   7 1.0   19    17M  122  283  69%    10M |  99.9   n/a   1   27  1.02M    4   20  83%  81.9M    n/a  n/a
   3   5f |   7 1.0    0      0    0    0   0%    10M |   n/a   n/a   1    0      0    0    0   0%  81.9M    n/a  n/a
   3   60 |   7 1.0   19    16M  111  308  73%    10M |  99.9   n/a   1   27  1.27M    5   20  80%  81.9M    n/a  n/a
   3   61 |   7 1.0   19    16M  123  317  72%    10M |  99.9   n/a   1   27  1.50M    6   18  75%  81.9M    n/a  n/a
   3   62 |   7 1.0    0      0    0    0   0%    10M |   n/a   n/a   1    0      0    0    0   0%  81.9M    n/a  n/a
   3   63 |   7 1.0    0      0    0    0   0%    10M |   n/a   n/a   1    0      0    0    0   0%  81.9M    n/a  n/a
   0   44 |   7 1.0   19    14M   90  225  71%    10M |  99.9   n/a   1   27  2.28M    9   13  59%  81.9M    n/a  n/a
   0   45 |   7 1.0   19    14M   97  180  64%    10M |  99.9   n/a   1   27  1.01M    4   12  75%  81.9M    n/a  n/a
   0   46 |   7 1.0   19    14M   89  221  71%    10M |  99.9   n/a   1   27  1.02M    4    7  63%  81.9M    n/a  n/a
   0   47 |   7 1.0   19    15M  104  193  64%    10M |  99.9   n/a   1   27  1.77M    7   11  61%  81.9M    n/a  n/a
   0   48 |   7 1.0    0      0    0    0   0%    10M |   n/a   n/a   1    0      0    0    0   0%  81.9M    n/a  n/a
   0   49 |   7 1.0   19    14M  106  228  68%    10M |  99.9   n/a   1   27   754k    3   14  82%  81.9M    n/a  n/a
   0   4a |   7 1.0   19    15M   97  238  71%    10M |  99.9   n/a   1   27  1.01M    4   14  77%  81.9M    n/a  n/a
   0   4b |   7 1.0   19    14M   97  226  69%    10M |  99.9   n/a   1   27  1.77M    7   15  68%  81.9M    n/a  n/a
   1   4c |   7 1.0   19    18M  139  411  74%    10M |  99.9   n/a   1   27  1.59M    7   21  75%  81.9M    n/a  n/a
   1   4d |   7 1.0   19    20M  147  348  70%    10M |  99.9   n/a   1   27  1.59M    7   20  74%  81.9M    n/a  n/a
   1   4e |   7 1.0   19    18M  142  335  70%    10M |  99.9   n/a   1   27  1.78M    8   26  76%  81.9M    n/a  n/a
   1   4f |   7 1.0    0      0    0    0   0%    10M |   n/a   n/a   1    0      0    0    0   0%  81.9M    n/a  n/a
   1   50 |   7 1.0   19    19M  146  351  70%    10M |  99.9   n/a   1   27  2.49M   11   23  67%  81.9M    n/a  n/a
   1   51 |   7 1.0    0      0    0    0   0%    10M |   n/a   n/a   1    0      0    0    0   0%  81.9M    n/a  n/a
   1   52 |   7 1.0    0      0    0    0   0%    10M |   n/a   n/a   1    0      0    0    0   0%  81.9M    n/a  n/a
   1   53 |   7 1.0    0      0    0    0   0%    10M |   n/a   n/a   1    0      0    0    0   0%  81.9M    n/a  n/a
   2   54 |   7 1.0   19   9.4M   88  357  80%    10M |  99.9   n/a   1   27   803k    4   12  75%  81.9M    n/a  n/a
   2   55 |   7 1.0   19   9.4M   84  379  81%    10M |  99.9   n/a   1   27   980k    5   16  76%  81.9M    n/a  n/a
   2   56 |   7 1.0   19   9.3M   84  375  81%    10M |  99.9   n/a   1   27   607k    3   14  82%  81.9M    n/a  n/a
   2   57 |   7 1.0   19   9.4M   85  375  81%    10M |  99.9   n/a   1   27  1.19M    6   14  70%  81.9M    n/a  n/a
   2   58 |   7 1.0   19   9.6M   94  354  79%    10M |  99.9   n/a   1   27  1.01M    5   15  75%  81.9M    n/a  n/a
   2   59 |   7 1.0    0      0    0    0   0%    10M |   n/a   n/a   1    0      0    0    0   0%  81.9M    n/a  n/a
   2   5a |   7 1.0   19   9.4M   93  347  78%    10M |  99.9   n/a   1   27   996k    5   13  72%  81.9M    n/a  n/a
   2   5b |   7 1.0   19   9.2M   85  341  80%    10M |  99.9   n/a   1   27  1.21M    6   16  72%  81.9M    n/a  n/a
   3   5c |   7 1.0   19    17M  123  286  69%    10M |  99.9   n/a   1   27  1.27M    5   19  79%  81.9M    n/a  n/a
   3   5d |   7 1.0   19    16M  119  279  70%    10M |  99.9   n/a   1   27  2.02M    8   20  71%  81.9M    n/a  n/a
   3   5e |   7 1.0   19    15M  107  359  77%    10M |  99.9   n/a   1   27  1.51M    6   16  72%  81.9M    n/a  n/a
   3   5f |   7 1.0    0      0    0    0   0%    10M |   n/a   n/a   1    0      0    0    0   0%  81.9M    n/a  n/a
   3   60 |   7 1.0   19    17M  120  281  70%    10M |  99.9   n/a   1   27  1.27M    5   17  77%  81.9M    n/a  n/a
   3   61 |   7 1.0   19    18M  125  276  68%    10M |  99.9   n/a   1   27  1.25M    5   20  80%  81.9M    n/a  n/a
   3   62 |   7 1.0    0      0    0    0   0%    10M |   n/a   n/a   1    0      0    0    0   0%  81.9M    n/a  n/a
   3   63 |   7 1.0    0      0    0    0   0%    10M |   n/a   n/a   1    0      0    0    0   0%  81.9M    n/a  n/a
   0   44 |   7 1.0   19    12M   92  256  73%    10M |  99.9   n/a   1   27  1.01M    4   13  76%  81.9M    n/a  n/a
   0   45 |   7 1.0   19    11M   81  296  78%    10M |  99.9   n/a   1   27  1.02M    4   14  77%  81.9M    n/a  n/a
   0   46 |   7 1.0   19    11M   84  314  78%    10M |  99.9   n/a   1   27  1.28M    5   16  76%  81.9M    n/a  n/a
   0   47 |   7 1.0   19    10M   70  281  80%    10M |  99.9   n/a   1   27  1.00M    4   14  77%  81.9M    n/a  n/a
   0   48 |   7 1.0    0      0    0    0   0%    10M |   n/a   n/a   1    0      0    0    0   0%  81.9M    n/a  n/a
   0   49 |   7 1.0   19    11M   77  275  78%    10M |  99.9   n/a   1   27   508k    2   15  88%  81.9M    n/a  n/a
   0   4a |   7 1.0   19    11M   70  322  82%    10M |  99.9   n/a   1   27  1.01M    4   12  75%  81.9M    n/a  n/a
   0   4b |   7 1.0   19    12M   78  285  78%    10M |  99.9   n/a   1   27  1.00M    4   15  78%  81.9M    n/a  n/a
   1   4c |   7 1.0   19    21M  147  414  73%    10M |  99.9   n/a   1   27  2.29M   10   25  71%  81.9M    n/a  n/a
   1   4d |   7 1.0   19    21M  152  399  72%    10M |  99.9   n/a   1   27  1.55M    7   22  75%  81.9M    n/a  n/a
   1   4e |   7 1.0   19    20M  150  410  73%    10M |  99.9   n/a   1   27  2.92M   13   21  61%  81.9M    n/a  n/a
   1   4f |   7 1.0    0      0    0    0   0%    10M |   n/a   n/a   1    0      0    0    0   0%  81.9M    n/a  n/a
   1   50 |   7 1.0   19    20M  158  398  71%    10M |  99.9   n/a   1   27  2.01M    9   23  71%  81.9M    n/a  n/a
   1   51 |   7 1.0    0      0    0    0   0%    10M |   n/a   n/a   1    0      0    0    0   0%  81.9M    n/a  n/a
   1   52 |   7 1.0    0      0    0    0   0%    10M |   n/a   n/a   1    0      0    0    0   0%  81.9M    n/a  n/a
   1   53 |   7 1.0    0      0    0    0   0%    10M |   n/a   n/a   1    0      0    0    0   0%  81.9M    n/a  n/a
   2   54 |   7 1.0   19    11M   88  312  78%    10M |  99.9   n/a   1   27  1.19M    6   12  66%  81.9M    n/a  n/a
   2   55 |   7 1.0   19    10M   84  371  81%    10M |  99.9   n/a   1   27   803k    4   12  75%  81.9M    n/a  n/a
   2   56 |   7 1.0   19   9.8M   84  375  81%    10M |  99.9   n/a   1   27  1.58M    8   11  57%  81.9M    n/a  n/a
   2   57 |   7 1.0   19   9.9M   89  316  78%    10M |  99.9   n/a   1   27  1.00M    5   13  72%  81.9M    n/a  n/a
   2   58 |   7 1.0   19    10M   93  352  79%    10M |  99.9   n/a   1   27  1.21M    6   12  66%  81.9M    n/a  n/a
   2   59 |   7 1.0    0      0    0    0   0%    10M |   n/a   n/a   1    0      0    0    0   0%  81.9M    n/a  n/a
   2   5a |   7 1.0   19    10M   89  376  80%    10M |  99.9   n/a   1   27   799k    4   12  75%  81.9M    n/a  n/a
   2   5b |   7 1.0   19   9.9M   87  380  81%    10M |  99.9   n/a   1   27   394k    2   11  84%  81.9M    n/a  n/a

          |--------------------DL---------------------|-------------------------------UL-----------------------------
 pci rnti | cqi  ri  mcs  brate   ok  nok  (%)  dl_bs | pusch  rsrp  ri  mcs  brate   ok  nok  (%)    bsr     ta  phr
   3   5c |   7 1.0   19    19M  124  314  71%    10M |  99.9   n/a   1   27  1.77M    7   17  70%  81.9M    n/a  n/a
   3   5d |   7 1.0   19    18M  130  291  69%    10M |  99.9   n/a   1   27  1.50M    6   16  72%  81.9M    n/a  n/a
   3   5e |   7 1.0   19    18M  128  325  71%    10M |  99.9   n/a   1   27  1.77M    7   20  74%  81.9M    n/a  n/a
   3   5f |   7 1.0    0      0    0    0   0%    10M |   n/a   n/a   1    0      0    0    0   0%  81.9M    n/a  n/a
   3   60 |   7 1.0   19    19M  131  288  68%    10M |  99.9   n/a   1   27  2.02M    8   19  70%  81.9M    n/a  n/a
   3   61 |   7 1.0   19    19M  131  292  69%    10M |  99.9   n/a   1   27  1.26M    5   16  76%  81.9M    n/a  n/a
   3   62 |   7 1.0    0      0    0    0   0%    10M |   n/a   n/a   1    0      0    0    0   0%  81.9M    n/a  n/a
   3   63 |   7 1.0    0      0    0    0   0%    10M |   n/a   n/a   1    0      0    0    0   0%  81.9M    n/a  n/a
   0   44 |   7 1.0   19    14M   86  340  79%    10M |  99.9   n/a   1   27  1.50M    6   12  66%  81.9M    n/a  n/a
   0   45 |   7 1.0   19    14M   89  283  76%    10M |  99.9   n/a   1   27  1.02M    4   12  75%  81.9M    n/a  n/a
   0   46 |   7 1.0   19    13M   92  284  75%    10M |  99.9   n/a   1   27  1.50M    6   12  66%  81.9M    n/a  n/a
   0   47 |   7 1.0   19    14M   94  310  76%    10M |  99.9   n/a   1   27   754k    3   13  81%  81.9M    n/a  n/a
   0   48 |   7 1.0    0      0    0    0   0%    10M |   n/a   n/a   1    0      0    0    0   0%  81.9M    n/a  n/a
   0   49 |   7 1.0   19    13M   87  298  77%    10M |  99.9   n/a   1   27  1.25M    5   13  72%  81.9M    n/a  n/a
   0   4a |   7 1.0   19    14M   93  240  72%    10M |  99.9   n/a   1   27  1.02M    4    9  69%  81.9M    n/a  n/a
   0   4b |   7 1.0   19    13M   87  282  76%    10M |  99.9   n/a   1   27  2.30M    9   10  52%  81.9M    n/a  n/a
   1   4c |   7 1.0   19    18M  133  410  75%    10M |  99.9   n/a   1   27  1.38M    6   21  77%  81.9M    n/a  n/a
   1   4d |   7 1.0   19    19M  134  413  75%    10M |  99.9   n/a   1   27  1.34M    6   26  81%  81.9M    n/a  n/a
   1   4e |   7 1.0   19    17M  121  454  78%    10M |  99.9   n/a   1   27  2.25M   10   25  71%  81.9M    n/a  n/a
   1   4f |   7 1.0    0      0    0    0   0%    10M |   n/a   n/a   1    0      0    0    0   0%  81.9M    n/a  n/a
   1   50 |   7 1.0   19    18M  125  417  76%    10M |  99.9   n/a   1   27  1.81M    8   24  75%  81.9M    n/a  n/a
   1   51 |   7 1.0    0      0    0    0   0%    10M